0 10 60
0.983066233257 -0.155169843455 -0.097483848467 0.837408749500
0.137869863875 0.976718499711 -0.164355933746 0.151331073151
0.120717362732 0.148132683783 0.981572221658 0.330575767352
0.000000000000 0.000000000000 0.000000000000 1.000000000000
0 11 60
0.857747148368 -0.511546130350 0.050895834708 0.218061863881
0.512095406176 0.858924703568 0.002578482766 -0.319507386989
-0.045034702620 0.023851836908 0.998700638548 0.379151145836
0.000000000000 0.000000000000 0.000000000000 1.000000000000
0 12 60
0.992542674239 -0.110226655412 -0.052049248334 0.191310868479
0.108877939175 0.993658393382 -0.028081873543 -0.334974899956
0.054814543475 0.022205442970 0.998249610131 0.702932595110
0.000000000000 0.000000000000 0.000000000000 1.000000000000
0 13 60
0.987830378800 -0.040213923268 -0.150246407931 -0.209665030116
0.040700637090 0.999171372218 0.000164562074 -0.369667858244
0.150115291897 -0.006277683940 0.988648567401 0.680908995142
0.000000000000 0.000000000000 0.000000000000 1.000000000000
0 14 60
0.979043763411 -0.050416062281 -0.197310744740 0.028039309585
0.005151614597 0.974693125656 -0.223487743882 0.064843061670
0.203584798531 0.217787812933 0.954526950036 1.147880743037
0.000000000000 0.000000000000 0.000000000000 1.000000000000
0 15 60
0.896306858078 -0.441493733370 0.041440313188 -0.201188130334
0.429416187985 0.887485672675 0.167245084512 -0.798772791611
-0.110615340974 -0.132107774910 0.985044050868 1.010934922291
0.000000000000 0.000000000000 0.000000000000 1.000000000000
0 27 60
0.591428560750 -0.065200559524 -0.803717079927 1.858576245922
0.039909566938 0.997870947179 -0.051582935575 0.078189256929
0.805369160073 -0.001568379254 0.592771504199 0.768215937168
0.000000000000 0.000000000000 0.000000000000 1.000000000000
0 49 60
0.657634306517 0.409221776869 -0.632498740100 -0.240767955716
-0.713364946502 0.608135481684 -0.348255206737 0.443996438083
0.242131311470 0.680227001267 0.691855226729 1.276105986069
0.000000000000 0.000000000000 0.000000000000 1.000000000000
0 50 60
0.985066203337 0.038586988178 0.167796362851 -0.359028543304
0.129376730779 0.477149851849 -0.869246616567 1.278531458719
-0.113605618592 0.877974409208 0.465031934603 1.317372491789
0.000000000000 0.000000000000 0.000000000000 1.000000000000
0 51 60
0.282378714365 0.899235805718 -0.334121575761 -0.352614248153
-0.436213257577 0.430567707578 0.790145203811 -0.614921027058
0.854388819910 -0.077371925824 0.513841735855 1.903132524093
0.000000000000 0.000000000000 0.000000000000 1.000000000000
0 52 60
0.718846343961 0.363787578772 0.592383770292 -1.348581625472
0.243922962051 0.665969176193 -0.704972797308 1.074243040517
-0.650969678525 0.651263121858 0.389993363725 1.685450136348
0.000000000000 0.000000000000 0.000000000000 1.000000000000
0 55 60
0.980394150988 0.125742544362 -0.151710649744 0.301672563976
-0.155808094344 0.966025404474 -0.206200765389 0.508025965194
0.120628132892 0.225795771545 0.966677362468 -0.044539129539
0.000000000000 0.000000000000 0.000000000000 1.000000000000
1 4 60
0.993237676528 -0.009710636439 0.115691924809 0.226664712377
0.002629385829 0.998121822780 0.061203866066 -0.865760388884
-0.116068963363 -0.060485787018 0.991397733159 0.412753488380
0.000000000000 0.000000000000 0.000000000000 1.000000000000
1 11 60
0.946234117973 -0.321430771358 0.036376547500 0.629607484213
0.319139889537 0.945974172242 0.057293946947 -0.309496690229
-0.052827311972 -0.042604280003 0.997694417362 0.181948972412
0.000000000000 0.000000000000 0.000000000000 1.000000000000
1 12 60
0.991743766587 -0.127473707703 -0.013955474932 0.321958952619
0.127375911817 0.991824708930 -0.007689203093 -0.339895755389
0.014821556090 0.005848127893 0.999873052380 0.512021944318
0.000000000000 0.000000000000 0.000000000000 1.000000000000
1 13 60
0.995202227337 -0.097795037828 -0.002942325705 -0.138084691756
0.097823676301 0.995130598351 0.012067335291 -0.473731329458
0.001747872828 -0.012297268077 0.999922858094 0.580175939068
0.000000000000 0.000000000000 0.000000000000 1.000000000000
1 14 60
0.992716372767 -0.107874190027 0.053641051130 -0.145057986577
0.106797263740 0.994024807549 0.022561614176 -0.458987719261
-0.055754351381 -0.016668566304 0.998305369714 0.840620918319
0.000000000000 0.000000000000 0.000000000000 1.000000000000
1 31 60
0.957741208666 -0.222875321699 -0.181819603456 0.722065186719
0.230607294732 0.972791810434 0.022279343978 -0.863218685141
0.171907105262 -0.063266772712 0.983079479305 1.420630586102
0.000000000000 0.000000000000 0.000000000000 1.000000000000
1 42 60
0.885805136707 0.461354262613 -0.050015039253 -0.291010003797
-0.463649564409 0.884388916282 -0.053715232288 0.083273013171
0.019450994980 0.070770679843 0.997302947789 0.000207145938
0.000000000000 0.000000000000 0.000000000000 1.000000000000
1 43 60
0.304449746557 0.951038288895 -0.053259035641 0.073260077596
-0.916669877259 0.307727324114 0.254990647121 -0.367911554530
0.258895129245 -0.028810884227 0.965475657385 0.431145483087
0.000000000000 0.000000000000 0.000000000000 1.000000000000
1 44 60
0.984443938503 0.166227743664 -0.056907549413 -0.196687625570
-0.167796948166 0.985530046636 -0.023973138367 -0.164950452466
0.052099099127 0.033149123872 0.998091588712 0.822168687157
0.000000000000 0.000000000000 0.000000000000 1.000000000000
1 45 60
0.417914485837 0.227426248760 -0.879559426021 0.995417687242
-0.567192789774 0.821606396939 -0.057054953663 0.064607086700
0.709675856822 0.522723856241 0.472355743440 1.488041927911
0.000000000000 0.000000000000 0.000000000000 1.000000000000
1 46 60
0.713042082894 -0.694151425907 0.098614329251 -0.716125585855
0.701022804733 0.708211428698 -0.083687511052 -0.529520109543
-0.011747989882 0.128803610871 0.991600531747 1.290604145738
0.000000000000 0.000000000000 0.000000000000 1.000000000000
1 47 60
0.948835452056 -0.226037959265 0.220495183377 -0.986434093483
0.237434635146 0.971048209445 -0.026271067118 0.208478392125
-0.208173194611 0.077280113262 0.975034207164 0.383454666719
0.000000000000 0.000000000000 0.000000000000 1.000000000000
1 48 60
0.870033219575 0.377066673308 -0.317589232683 -0.475685119586
-0.415921434188 0.907268618496 -0.062233547835 0.037783317518
0.264672547535 0.186237423128 0.946183948716 0.609290032266
0.000000000000 0.000000000000 0.000000000000 1.000000000000
1 49 60
0.800760454716 -0.246312376246 0.545997168006 -1.595951618222
-0.022530320400 0.898506842879 0.438380927919 -0.278489364371
-0.598560839703 -0.363339602311 0.713939251314 0.798949461398
0.000000000000 0.000000000000 0.000000000000 1.000000000000
1 50 60
0.986581374734 0.154247289505 -0.053525365088 -0.648629923188
-0.119455735355 0.905414503141 0.407375631074 -0.144987309732
0.111299228741 -0.395515298291 0.911690808608 0.901976150078
0.000000000000 0.000000000000 0.000000000000 1.000000000000
1 51 60
0.813216739073 0.409938959194 -0.413072130537 -0.423548293189
-0.113839204704 0.808135762696 0.577890322228 -0.206318135836
0.570718118482 -0.422926280559 0.703856654759 1.191090031514
0.000000000000 0.000000000000 0.000000000000 1.000000000000
1 52 60
0.990033661490 0.140312817383 0.012069067718 -0.941204316174
-0.040774000620 0.367613014776 -0.929084577550 1.189442578866
-0.134799221032 0.919332901970 0.369670373933 1.427499336699
0.000000000000 0.000000000000 0.000000000000 1.000000000000
1 53 60
0.775251960538 0.574040929384 -0.263555324504 -0.490515264482
-0.631108974584 0.686638118364 -0.360873324878 0.688797565842
-0.026188926701 0.446099883212 0.894599929755 0.733127973349
0.000000000000 0.000000000000 0.000000000000 1.000000000000
2 12 60
0.956199384224 -0.234094631250 0.175734007038 0.631828714798
0.239641616162 0.970802125062 -0.010729854495 -0.220261673508
-0.168091146147 0.052373061722 0.984379209956 0.089772104291
0.000000000000 0.000000000000 0.000000000000 1.000000000000
2 13 60
0.963783356689 -0.266443661635 0.011376139268 0.405139942838
0.266344312951 0.959510944624 -0.091648535750 -0.181071357119
0.013503641313 0.091359303418 0.995726432988 0.239091844625
0.000000000000 0.000000000000 0.000000000000 1.000000000000
2 14 60
0.874367648681 -0.210105917151 0.437420528231 -0.078757305283
0.208619059169 0.976609226259 0.052081737082 -0.564706680772
-0.438131604762 0.045715673069 0.897747611606 0.634483188716
0.000000000000 0.000000000000 0.000000000000 1.000000000000
2 15 60
-0.279618998356 0.770181197296 -0.573266202641 1.108391639561
-0.573087168303 -0.612937326025 -0.543947545166 0.521924047297
-0.770314424949 0.176433437018 0.612769882597 0.864866796698
0.000000000000 0.000000000000 0.000000000000 1.000000000000
2 17 60
0.964724278206 0.089348153158 -0.247636779514 1.024199953991
-0.045306798379 0.982959353844 0.178152189744 -0.353156970954
0.259334457913 -0.160648113021 0.952332831904 -0.796802259579
0.000000000000 0.000000000000 0.000000000000 1.000000000000
2 22 60
0.831837600236 0.132365762837 0.539004185199 -0.954602564316
-0.029177520839 -0.959373309648 0.280627021173 -1.351644585101
0.554251638799 -0.249162913700 -0.794180686825 4.358613767262
0.000000000000 0.000000000000 0.000000000000 1.000000000000
2 26 60
0.074699686079 -0.570015225967 -0.818231384796 2.092207168609
0.100388699426 0.820654035720 -0.562538054433 1.244413667724
0.992140144298 -0.040119768476 0.118525686036 1.961790640798
0.000000000000 0.000000000000 0.000000000000 1.000000000000
2 27 60
0.755768532891 0.191412019868 -0.626239062452 2.185549377175
-0.431429148893 0.864979157803 -0.256280990423 0.960033125174
0.492628474792 0.463866893857 0.736304753894 -0.004758782145
0.000000000000 0.000000000000 0.000000000000 1.000000000000
2 29 60
0.394068191829 0.291328365965 -0.871686895262 1.989324559007
-0.215734893066 0.951254756468 0.220392477663 -0.974496126514
0.893402885658 0.101203613971 0.437708935729 1.235934471729
0.000000000000 0.000000000000 0.000000000000 1.000000000000
2 31 60
0.952705798435 0.173008523364 -0.249839373344 1.040732445944
-0.165258144494 0.984887023821 0.051839135682 -0.901318684100
0.255032169163 -0.008099453889 0.966898645949 1.160754700049
0.000000000000 0.000000000000 0.000000000000 1.000000000000
2 36 60
0.959198829893 -0.278051365456 0.051235172486 0.155288884937
0.276140200796 0.960227031133 0.041359862002 -0.739898036382
-0.060697563670 -0.025524240418 0.997829804584 0.415693083691
0.000000000000 0.000000000000 0.000000000000 1.000000000000
2 40 60
0.995787160548 -0.029515549251 0.086814533581 -0.307471701648
0.061652530131 0.916337501281 -0.395631835518 0.195821631109
-0.067874121850 0.399317437760 0.914296826793 -0.579113144413
0.000000000000 0.000000000000 0.000000000000 1.000000000000
2 41 60
0.991035760361 -0.132605463401 -0.016245392041 -0.090509174977
0.111303089531 0.886785992672 -0.448578003764 0.100075596191
0.073890080168 0.442748680717 0.893596028290 -0.340674622775
0.000000000000 0.000000000000 0.000000000000 1.000000000000
2 42 60
0.969614397960 0.220736569956 0.105466989869 -0.103017768404
-0.181316439486 0.937846029906 -0.295920889701 0.841652259027
-0.164232359906 0.267806256225 0.949372182596 -0.072965112666
0.000000000000 0.000000000000 0.000000000000 1.000000000000
2 43 60
0.929324683759 0.285986811928 0.233596180534 -0.379698037059
-0.282144871047 0.958044622246 -0.050445748360 0.184361931924
-0.238222383287 -0.019027485092 0.971024227768 0.248054544515
0.000000000000 0.000000000000 0.000000000000 1.000000000000
2 46 60
0.600242081800 0.494090403645 -0.628954780777 0.459782557226
-0.627383877684 0.778603153255 0.012907353103 -0.526415418009
0.496083574873 0.386848552755 0.777334730971 0.419328310352
0.000000000000 0.000000000000 0.000000000000 1.000000000000
2 47 60
0.732294180744 0.143870294976 -0.665617435974 0.512902513609
-0.522653062637 0.745327277444 -0.413909441321 -0.095473854446
0.436553557957 0.650990466690 0.620993078314 0.775294046693
0.000000000000 0.000000000000 0.000000000000 1.000000000000
2 48 60
0.912242877954 0.015832659370 -0.409343692414 0.439284493132
-0.121359654561 0.964841236599 -0.233137775583 0.458861825344
0.391260483395 0.262356084466 0.882090992516 0.718241632856
0.000000000000 0.000000000000 0.000000000000 1.000000000000
2 49 60
0.660676130201 0.705535285066 -0.256372799863 -0.034610120111
-0.640916346522 0.707966065175 0.296665278252 -1.033490593482
0.390811063998 -0.031686149765 0.919925377501 0.411279788114
0.000000000000 0.000000000000 0.000000000000 1.000000000000
2 50 60
0.861006302970 0.316172836591 -0.398375305017 0.575597187006
-0.342393611428 0.939539571715 0.005657564397 0.123430318569
0.376078131641 0.131529960783 0.917205052492 1.130173581244
0.000000000000 0.000000000000 0.000000000000 1.000000000000
2 51 60
0.899871941624 -0.156263937507 -0.407200283047 0.316718380666
0.341933793466 0.832337821846 0.436228187089 -0.122915594468
0.270761462480 -0.531785043190 0.802429372765 1.020150924247
0.000000000000 0.000000000000 0.000000000000 1.000000000000
2 52 60
-0.196057868561 0.868960252575 -0.454389031140 1.018162996598
0.947236686688 0.047997343659 -0.316920990774 -0.146234010114
-0.253582277707 -0.492548814278 -0.832521287407 3.429462563764
0.000000000000 0.000000000000 0.000000000000 1.000000000000
2 53 60
-0.536809672418 0.827112974484 0.166491750665 0.035740368539
0.833946154812 0.550092459686 -0.043955621606 -0.871373695012
-0.127942121573 0.115249352439 -0.985062637749 3.525130071209
0.000000000000 0.000000000000 0.000000000000 1.000000000000
3 10 60
0.981867294398 -0.134968031542 0.133117416793 0.712080507486
0.133600022928 0.990849381496 0.019197319126 0.147905085466
-0.134490334469 -0.001064729854 0.990914333474 -0.347435225363
0.000000000000 0.000000000000 0.000000000000 1.000000000000
3 12 60
0.939820494314 -0.324055166854 0.108285212757 0.647322806906
0.321166660809 0.946017781477 0.043615743874 0.278663747793
-0.116573643897 -0.006213369771 0.993162614875 -0.105096285815
0.000000000000 0.000000000000 0.000000000000 1.000000000000
3 13 60
0.966908312071 -0.233659302023 0.102428739258 0.249732574342
0.227227527219 0.971273864457 0.070673411527 0.080667377232
-0.115999857419 -0.045060079910 0.992226598251 -0.009888186133
0.000000000000 0.000000000000 0.000000000000 1.000000000000
3 14 60
0.927044559677 -0.263051727829 0.267193137747 0.098200018373
0.229392802147 0.961583430956 0.150785435752 0.007207625543
-0.296592863529 -0.078492635310 0.951772861299 0.278593071756
0.000000000000 0.000000000000 0.000000000000 1.000000000000
3 18 60
0.967870429033 0.224770763290 -0.112716177068 0.978546342866
-0.247896366360 0.928045530664 -0.277990799415 0.514782879129
0.042121540189 0.297001005023 0.953947681410 -0.044806319765
0.000000000000 0.000000000000 0.000000000000 1.000000000000
3 28 60
0.807475148820 -0.554156171590 0.202224680806 -0.303085636312
0.586765009258 0.789816943425 -0.178594568199 0.358408593823
-0.060751197099 0.262869042241 0.962917005085 0.000646350286
0.000000000000 0.000000000000 0.000000000000 1.000000000000
3 29 60
0.748910949608 -0.014986800080 -0.662501158777 1.771314768458
-0.075575310186 0.991289677010 -0.107857075542 0.298131623272
0.658346992131 0.130844075439 0.741255061281 0.423094302001
0.000000000000 0.000000000000 0.000000000000 1.000000000000
3 40 60
0.975696005028 -0.055588276180 0.211960490007 -0.592024639052
0.111032680782 0.959335809828 -0.259512134168 0.297474323639
-0.188915456146 0.276739493989 0.942192232454 -0.730689306091
0.000000000000 0.000000000000 0.000000000000 1.000000000000
3 41 60
0.978282363644 -0.161947610635 0.129369967118 -0.456772817051
0.193564083248 0.937020451791 -0.290732899070 0.141789313795
-0.074138806700 0.309460246776 0.948017823148 -0.554828847589
0.000000000000 0.000000000000 0.000000000000 1.000000000000
3 42 60
0.970123893328 -0.127517263723 0.206395201124 -0.262191693733
0.185149044035 0.938888659288 -0.290186004063 0.069673435759
-0.156778388458 0.319730250232 0.934448021026 -0.058059381207
0.000000000000 0.000000000000 0.000000000000 1.000000000000
3 43 60
0.959769294421 -0.265137312115 0.092439749082 -0.060087346677
0.280760204597 0.901393789866 -0.329640627207 -0.020006447405
0.004075414103 0.342332355052 0.939570087691 0.396698009025
0.000000000000 0.000000000000 0.000000000000 1.000000000000
3 44 60
0.865851489401 -0.287495650286 0.409447737041 -0.266192588035
0.377240956376 0.912733755467 -0.156864121020 -0.272683381746
-0.328619018218 0.290281488726 0.898747015666 0.727173956365
0.000000000000 0.000000000000 0.000000000000 1.000000000000
3 45 60
0.689796716436 -0.559205534879 -0.459858303997 0.615039866932
0.573843511304 0.809570209991 -0.123691954587 0.242190664118
0.441456809358 -0.178564399745 0.879335340252 0.464383713299
0.000000000000 0.000000000000 0.000000000000 1.000000000000
3 46 60
0.617397924571 -0.553364661743 -0.559113006350 0.704802013020
0.545565355533 0.813248293853 -0.202449142717 0.354203056795
0.566725899865 -0.180041005548 0.803994397209 0.598925745770
0.000000000000 0.000000000000 0.000000000000 1.000000000000
3 47 60
0.671129639126 -0.389629365066 0.630693241889 -0.616048444778
0.444096532828 0.892506784361 0.078802978363 0.063635573009
-0.593601951662 0.227201667571 0.772020806220 1.372700023311
0.000000000000 0.000000000000 0.000000000000 1.000000000000
3 48 60
0.556268735928 0.113007466847 0.823282701061 -1.264011247498
-0.410682793389 -0.823886642539 0.390577064687 -0.486966504775
0.722429745127 -0.555373849476 -0.411892159035 2.042920867889
0.000000000000 0.000000000000 0.000000000000 1.000000000000
3 49 60
0.689468113957 0.549576956518 -0.471803866772 0.409883793692
-0.615679199757 0.787792786995 0.017934540558 -0.163271409464
0.381540093336 0.278114533283 0.881521107832 0.532054871153
0.000000000000 0.000000000000 0.000000000000 1.000000000000
3 50 60
-0.821087845684 0.284279976166 0.494974388046 -0.759937266294
0.452375936548 0.852912960457 0.260567637890 -0.626545248028
-0.348095908770 0.437863422810 -0.828917885718 2.773296677939
0.000000000000 0.000000000000 0.000000000000 1.000000000000
3 51 60
0.799035805620 0.567389404595 -0.199025236817 -0.042027153811
-0.574830900300 0.817921253561 0.023963702410 -0.460425097734
0.176383722030 0.095257999801 0.979701330037 0.787473100078
0.000000000000 0.000000000000 0.000000000000 1.000000000000
3 52 60
0.816468565328 0.412476408484 -0.404032541109 -0.004059854127
-0.380334173960 0.910700412946 0.161154193175 -0.385332986000
0.434424904844 0.022090049877 0.900437133701 0.783929496556
0.000000000000 0.000000000000 0.000000000000 1.000000000000
3 53 60
0.889188628958 0.454045749249 -0.056445015025 -0.149356032146
-0.456522154128 0.888659251609 -0.043269588862 -0.217161804584
0.030514011915 0.064243226245 0.997467645069 0.589066195312
0.000000000000 0.000000000000 0.000000000000 1.000000000000
4 6 60
0.995167636473 -0.048302815916 0.085488088595 0.563155505784
0.048431097695 0.998826360972 0.000573937518 0.403717795724
-0.085415479236 0.003569117928 0.996339027291 -0.131087423862
0.000000000000 0.000000000000 0.000000000000 1.000000000000
4 9 60
0.998789978253 0.031718300695 0.037583623320 1.591694442747
-0.030544806865 0.999040164012 -0.031396902159 0.425101910209
-0.038543405589 0.030210926709 0.998800133056 -0.273425979014
0.000000000000 0.000000000000 0.000000000000 1.000000000000
4 10 60
0.981510609472 0.056113753727 -0.182997732602 0.793016056082
-0.054772903725 0.998422120269 0.012377349282 0.184953236959
0.183403523718 -0.002125182448 0.983035417006 -0.200137513516
0.000000000000 0.000000000000 0.000000000000 1.000000000000
4 11 60
0.984484241781 -0.121563990932 -0.126542379439 0.600125841153
0.127367321960 0.991096541507 0.038797045104 0.209330532458
0.120699390977 -0.054312443516 0.991202207169 -0.038614037091
0.000000000000 0.000000000000 0.000000000000 1.000000000000
4 12 60
0.982020137207 -0.064785816647 -0.177311161751 0.232602132557
0.077658325599 0.994750248522 0.066641785173 0.097208100107
0.172062879742 -0.079213262951 0.981895933583 0.176053040912
0.000000000000 0.000000000000 0.000000000000 1.000000000000
4 13 60
0.971737269737 -0.006431541606 -0.235977358820 -0.228523169211
0.025610680985 0.996600775479 0.078300621538 0.020864780498
0.234671625091 -0.082131173048 0.968598832743 0.194308254499
0.000000000000 0.000000000000 0.000000000000 1.000000000000
4 14 60
0.987478871272 -0.157720790992 0.003103365933 -0.639590504470
0.156943595911 0.984220842431 0.081719281860 0.012443698262
-0.015943227207 -0.080209010804 0.996650554654 0.463735953925
0.000000000000 0.000000000000 0.000000000000 1.000000000000
4 15 60
0.957157565313 -0.281881041635 0.066275738623 -0.231176837391
0.252799060419 0.925057998609 0.283478983809 -0.145276466193
-0.141216253364 -0.254579609507 0.956685524197 0.469840044778
0.000000000000 0.000000000000 0.000000000000 1.000000000000
4 17 60
0.415969574900 -0.421752768245 0.805663648947 -0.430312120150
0.400826966653 0.880279071407 0.253863150626 -0.084716491342
-0.816276335294 0.217332369702 0.535219193900 0.538404826697
0.000000000000 0.000000000000 0.000000000000 1.000000000000
4 19 60
0.867279508495 -0.305674705151 0.392923947825 0.003781790468
0.329845570290 0.944013586476 0.006344155500 0.359415000752
-0.372864793061 0.124102067587 0.919549086736 -0.102196370699
0.000000000000 0.000000000000 0.000000000000 1.000000000000
4 23 60
0.834199194661 0.185718879094 -0.519249652455 1.611408596733
-0.199787487340 0.979400124975 0.029331810393 0.109217212647
0.514000645456 0.079271010758 0.854119103711 0.229833299112
0.000000000000 0.000000000000 0.000000000000 1.000000000000
4 29 60
0.932989004751 -0.354839474078 0.060170297070 -0.143505259525
0.349329893542 0.933059160064 0.085844215288 -0.160467413130
-0.086603363050 -0.059072425515 0.994489972826 0.193666615045
0.000000000000 0.000000000000 0.000000000000 1.000000000000
4 30 60
0.432111697099 -0.806556301175 -0.403418410914 1.174240861421
0.709936530740 0.580093195267 -0.399351984000 0.799535830295
0.556120134099 -0.113836803535 0.823268837386 1.016252127592
0.000000000000 0.000000000000 0.000000000000 1.000000000000
4 45 60
0.958559320289 -0.284675037304 0.011142379587 0.236562532434
0.281131007134 0.938842909340 -0.198845036171 -0.004527731190
0.046145274021 0.193737231111 0.979967600978 0.830891340487
0.000000000000 0.000000000000 0.000000000000 1.000000000000
4 46 60
0.949365757282 0.150723400368 -0.275657605523 -0.502521950174
-0.266291869267 0.851630594130 -0.451457607649 1.042322042752
0.166713224621 0.502003772618 0.848645339947 1.019383283046
0.000000000000 0.000000000000 0.000000000000 1.000000000000
4 47 60
0.532982389665 0.681671488035 -0.501252186735 -0.065937313672
-0.832198687991 0.529366964844 -0.164972604506 0.331280225354
0.152889227914 0.505068905133 0.849429387916 1.200546722796
0.000000000000 0.000000000000 0.000000000000 1.000000000000
4 48 60
0.679358048114 0.731166989761 -0.062189030765 -0.648478312009
-0.721768465930 0.650520748828 -0.236374780661 0.422687042702
-0.132374181969 0.205469190946 0.969669782720 1.090281170707
0.000000000000 0.000000000000 0.000000000000 1.000000000000
4 51 60
0.548711507550 0.812381988821 -0.197360547529 -0.543350326250
-0.717195154965 0.578729683319 0.388204924416 -0.002845860062
0.429589095738 -0.071466480846 0.900192063361 1.438073588151
0.000000000000 0.000000000000 0.000000000000 1.000000000000
4 52 60
0.068193778034 0.752598383425 -0.654939143665 0.123317086187
0.984350215243 -0.157676201995 -0.078694784300 -0.572694779504
-0.162493884159 -0.639322992384 -0.751572916636 3.300569274819
0.000000000000 0.000000000000 0.000000000000 1.000000000000
5 7 60
0.995031011341 0.095884945102 -0.026820957728 0.146855551163
-0.094616681680 0.994490762010 0.045119927126 0.203063868473
0.030999516424 -0.042358016700 0.998621464021 -0.075997726048
0.000000000000 0.000000000000 0.000000000000 1.000000000000
5 8 60
0.999798380606 -0.000585042530 -0.020071269566 0.167118928000
0.000528305436 0.999995850418 -0.002831967490 0.394909107913
0.020072843100 0.002820792749 0.999794540942 0.105762629269
0.000000000000 0.000000000000 0.000000000000 1.000000000000
5 9 60
0.967956312607 0.251118347210 -0.000390612405 0.660000717447
-0.250738755884 0.966576336514 0.053481417223 -0.267050783175
0.013807721807 -0.051669733740 0.998568768505 0.053749080259
0.000000000000 0.000000000000 0.000000000000 1.000000000000
5 10 60
0.948540796024 0.213099260885 -0.234220117174 0.633295800323
-0.201371367032 0.976777075554 0.073185498648 -0.074800403934
0.244376616759 -0.022254205964 0.969424994261 0.014326198227
0.000000000000 0.000000000000 0.000000000000 1.000000000000
5 11 60
0.992128155410 -0.014446620678 -0.124390588039 0.335506080139
0.028114453297 0.993662148938 0.108835248356 -0.049707451358
0.122029917469 -0.111475687573 0.986246353769 0.124351047360
0.000000000000 0.000000000000 0.000000000000 1.000000000000
5 15 60
0.952433350093 -0.190607936096 0.237779999849 -0.748209000257
0.173154515530 0.980546411161 0.092445926411 0.150717663281
-0.250775252731 -0.046875902718 0.966909728135 0.800542463907
0.000000000000 0.000000000000 0.000000000000 1.000000000000
5 16 60
0.820167097516 -0.330532953496 0.466983831419 -0.507356279832
0.207162706191 0.932413044642 0.296124175548 -0.282979636397
-0.533300614397 -0.146129671299 0.833208601642 0.625263230601
0.000000000000 0.000000000000 0.000000000000 1.000000000000
5 18 60
0.805366921568 -0.176400594335 0.565921330189 -0.919966642169
0.176665769263 0.982738054771 0.054910123619 -0.117991325294
-0.565838605625 0.055756129918 0.822628668575 0.327870720932
0.000000000000 0.000000000000 0.000000000000 1.000000000000
5 19 60
0.959072112537 -0.113998683421 0.259200661904 -0.025513971240
0.120796756176 0.992622803584 -0.010397764308 0.158551325600
-0.256103156268 0.041282804937 0.965767520352 -0.071415107317
0.000000000000 0.000000000000 0.000000000000 1.000000000000
5 26 60
0.537410116984 0.539496284773 -0.648177541172 1.804876514675
-0.284912764351 0.839558767176 0.462564366513 -0.912576651249
0.793734894580 -0.063912715275 0.604896753135 0.881035579852
0.000000000000 0.000000000000 0.000000000000 1.000000000000
5 28 60
0.942835855975 0.040037024759 -0.330843747617 0.724826454535
0.006252297686 0.990457328256 0.137677847450 -0.116928282160
0.333198825721 -0.131876144747 0.933588359495 0.101296362973
0.000000000000 0.000000000000 0.000000000000 1.000000000000
5 30 60
0.910786519060 -0.219180116296 -0.349897118192 0.090527748927
0.239410053278 0.970801672429 0.015064501292 -0.329111244903
0.336378868374 -0.097489432401 0.936666999249 0.973164616766
0.000000000000 0.000000000000 0.000000000000 1.000000000000
5 33 60
0.823626979996 -0.179470700982 0.537985934121 -1.011075025712
-0.498677349735 -0.680976767157 0.536275622655 -1.493779544324
0.270110160276 -0.709972471355 -0.650368811702 3.563376804534
0.000000000000 0.000000000000 0.000000000000 1.000000000000
5 44 60
0.981304042140 -0.190900797296 -0.024479838070 -0.623268610893
0.188795550725 0.930067123018 0.315168822550 -1.235097121819
-0.037398086942 -0.313898124034 0.948719848438 0.709674971679
0.000000000000 0.000000000000 0.000000000000 1.000000000000
5 45 60
0.982979314247 0.067548550309 -0.170847479095 -0.091736344882
-0.061485515671 0.997284340870 0.040539793025 -0.513073004757
0.173121919828 -0.029345132594 0.984463134946 0.990900091314
0.000000000000 0.000000000000 0.000000000000 1.000000000000
5 46 60
0.999807370087 0.016016918436 -0.011343766769 -0.772840478251
-0.016911826471 0.996341770606 -0.083767931041 -0.409239405622
0.009960564549 0.083943638647 0.996420720722 1.185334159435
0.000000000000 0.000000000000 0.000000000000 1.000000000000
5 47 60
0.976857710965 0.005133688028 0.213828571000 -0.942030493273
0.091196321010 -0.914285048356 -0.394672118836 0.243380559229
0.193474141845 0.405038881590 -0.893594572968 3.851491199412
0.000000000000 0.000000000000 0.000000000000 1.000000000000
5 48 60
0.735067663142 -0.209242108874 0.644897876006 -1.551911666079
0.172666499350 0.977596511666 0.120379983307 -0.677563207346
-0.655638475537 0.022864825670 0.754728685782 1.721494127580
0.000000000000 0.000000000000 0.000000000000 1.000000000000
5 50 60
0.988836116499 -0.128917425645 -0.074722366618 -0.507276526735
-0.040258189194 -0.713959542953 0.699028646930 -1.188489485865
-0.143465720333 -0.688216585379 -0.711178963903 3.282957585687
0.000000000000 0.000000000000 0.000000000000 1.000000000000
5 51 60
-0.968974311278 -0.126578298815 -0.212289232776 1.239017439108
0.230661570938 -0.771671783208 -0.592720759459 0.378699521770
-0.088792025408 -0.623298157602 0.776926883917 1.906482576062
0.000000000000 0.000000000000 0.000000000000 1.000000000000
5 52 60
0.076806719592 0.996953148218 0.013606913104 1.277680680936
0.685447528640 -0.062708721493 0.725416640097 -1.293936231530
0.724059675238 -0.046390047504 -0.688175522804 3.218117980161
0.000000000000 0.000000000000 0.000000000000 1.000000000000
5 53 60
-0.632567586486 0.043224794207 -0.773298044542 1.502162396944
0.102708646360 0.994304871897 -0.028438630135 -0.334998739110
0.767664759182 -0.097413751015 -0.633404593150 3.344772880601
0.000000000000 0.000000000000 0.000000000000 1.000000000000
6 8 60
0.996574237711 -0.082144297956 0.009597033055 0.626629838472
0.079695724688 0.984856500361 0.153968390143 0.071085209052
-0.022099325705 -0.152676088534 0.988029165457 -0.048781401916
0.000000000000 0.000000000000 0.000000000000 1.000000000000
6 9 60
0.932701957657 0.357222771162 0.049587800386 0.769402108270
-0.359036785280 0.932698661517 0.034143720066 -0.536217007914
-0.034053560748 -0.049649758987 0.998185982887 -0.092129657587
0.000000000000 0.000000000000 0.000000000000 1.000000000000
6 10 60
0.909665466725 0.255734111560 -0.327274812401 0.590433317815
-0.241114443790 0.966746182797 0.085238741449 -0.284936852809
0.338190129429 0.001371944836 0.941076805646 -0.015912235724
0.000000000000 0.000000000000 0.000000000000 1.000000000000
6 11 60
0.988970613376 0.017468823207 -0.147078095221 0.000169980913
-0.002245519299 0.994674597386 0.103040782986 -0.272331731939
0.148094846370 -0.101574039651 0.983743173266 0.096145370551
0.000000000000 0.000000000000 0.000000000000 1.000000000000
6 14 60
0.978972558666 0.143635631535 -0.144850042222 0.629267822219
-0.162046700757 0.978896789479 -0.124506796290 -0.027597205401
0.123909628972 0.145361208382 0.981588774868 0.700413210495
0.000000000000 0.000000000000 0.000000000000 1.000000000000
6 15 60
0.961695220414 -0.268925185572 0.053118241665 -0.839656470841
0.247650629425 0.935438264572 0.252238813270 -0.581549077237
-0.117522205467 -0.229422095143 0.966205999507 0.618035165205
0.000000000000 0.000000000000 0.000000000000 1.000000000000
6 16 60
0.822169416504 -0.254464516622 0.509200609138 -0.808954728755
0.170940456982 0.963604031265 0.205539852819 -0.355592643508
-0.542970358982 -0.081945596039 0.835744044883 0.654997297663
0.000000000000 0.000000000000 0.000000000000 1.000000000000
6 17 60
0.585217877721 -0.573670948000 0.573080866035 -0.442520885763
0.524089415564 0.806883118112 0.272525078111 -0.512028402031
-0.618748996031 0.140859068314 0.772857297814 0.229121861820
0.000000000000 0.000000000000 0.000000000000 1.000000000000
6 18 60
0.763155603283 -0.413242416366 0.496814080411 -0.374005397713
0.350652130953 0.910592230008 0.218780423499 -0.543803126422
-0.542804392241 0.007245409901 0.839827896535 0.318610257793
0.000000000000 0.000000000000 0.000000000000 1.000000000000
6 19 60
0.949198481863 -0.245391750333 0.196990179695 -0.264986725204
0.247852058126 0.968717760302 0.012460263164 -0.069931629747
-0.193885531463 0.036997158589 0.980326277800 -0.122134105954
0.000000000000 0.000000000000 0.000000000000 1.000000000000
6 20 60
0.978106341361 -0.110310950883 0.176463818116 0.175743706760
0.078264116113 0.980686870742 0.179242823241 -0.258755448623
-0.192828195858 -0.161507757305 0.967849436231 -0.751829154471
0.000000000000 0.000000000000 0.000000000000 1.000000000000
6 24 60
0.974020581496 -0.226054187650 0.013542934233 1.597416471465
0.221314625632 0.962863376250 0.154641375959 -0.222764608309
-0.047997325999 -0.147626633515 0.987877843548 -0.116743820269
0.000000000000 0.000000000000 0.000000000000 1.000000000000
6 25 60
0.852411319113 0.147013626814 -0.501778772547 1.761424657052
-0.058514475716 0.980452297795 0.187854592386 -0.441592231324
0.519587335469 -0.130768059096 0.844351061787 0.439809047275
0.000000000000 0.000000000000 0.000000000000 1.000000000000
6 27 60
-0.921660709179 -0.330348362160 0.203498149311 -0.989477550172
-0.355618074529 0.509481817636 -0.783558589109 2.489427222190
0.155168689572 -0.794542784950 -0.587047221832 3.511378025441
0.000000000000 0.000000000000 0.000000000000 1.000000000000
6 30 60
-0.952439251120 -0.227100022740 0.203187235322 -0.769358546069
-0.304382916598 0.740751244659 -0.598864453461 0.429416767330
-0.014509066464 -0.632228734879 -0.774645928010 3.675884398373
0.000000000000 0.000000000000 0.000000000000 1.000000000000
6 38 60
0.631927853888 -0.655508456500 0.413492262246 -1.319814935805
0.670475522413 0.729989284889 0.132582871412 -0.740407013573
-0.388754114222 0.193453631150 0.900802936979 0.151103906112
0.000000000000 0.000000000000 0.000000000000 1.000000000000
6 39 60
0.869005630715 -0.389207658728 0.305526778159 -0.668790318877
0.266619658754 0.888489990743 0.373496310443 -0.614506312888
-0.416825108830 -0.243110951494 0.875873217945 -0.178539180138
0.000000000000 0.000000000000 0.000000000000 1.000000000000
6 46 60
0.850508387640 -0.520380100073 -0.076420115161 0.466919430364
0.511660310786 0.784951056620 0.349364516054 -0.960551693325
-0.121816291684 -0.336238591121 0.933865301273 1.237968021518
0.000000000000 0.000000000000 0.000000000000 1.000000000000
6 47 60
-0.854207413006 0.334197165109 -0.398298820483 1.342373862144
-0.358240161016 -0.933509355759 -0.014975638425 -0.331355568287
-0.376820491216 0.129894332226 0.917133458039 1.348144388102
0.000000000000 0.000000000000 0.000000000000 1.000000000000
6 48 60
-0.860683511584 0.448664644132 -0.240673908001 0.871227239632
0.448737241594 0.891796418761 0.057741107471 -0.729943246489
0.240538522680 -0.058302526459 -0.968887008126 3.880892408088
0.000000000000 0.000000000000 0.000000000000 1.000000000000
6 49 60
-0.720432737190 -0.286072340884 -0.631774712193 1.621934703292
-0.238577771800 0.957592366467 -0.161547226802 -0.069871794651
0.651196835057 0.034343492324 -0.758131391347 3.385580550127
0.000000000000 0.000000000000 0.000000000000 1.000000000000
6 50 60
-0.548257473944 -0.410012830480 -0.728905495319 1.578746000117
0.736909958141 0.175276483759 -0.652872014895 0.185791727346
0.395445894980 -0.895079679740 0.206045895519 2.353887353214
0.000000000000 0.000000000000 0.000000000000 1.000000000000
6 51 60
0.651225862387 -0.660291767564 0.374058361550 0.440188355243
0.746228339386 0.467528303162 -0.473878202959 -0.106440370848
0.138015005182 0.587734691362 0.797194951636 1.902565328270
0.000000000000 0.000000000000 0.000000000000 1.000000000000
6 52 60
0.949558132258 -0.280125184996 0.140958271107 0.549674202462
0.313544739737 0.840372072676 -0.442113645627 -0.107112875841
0.005389772319 0.464009332016 0.885813913955 1.719352275483
0.000000000000 0.000000000000 0.000000000000 1.000000000000
6 53 60
0.814408868082 -0.084145709262 0.574158249268 -0.744966644507
-0.095819074202 0.956348988161 0.276071218823 -0.772709410877
-0.572325869246 -0.279850160722 0.770796332980 1.554765160776
0.000000000000 0.000000000000 0.000000000000 1.000000000000
7 9 60
0.999271498384 0.005398063203 0.037780066575 0.371239382773
-0.005177691255 0.999969022104 -0.005928435388 -0.312473440541
-0.037810898296 0.005728502993 0.999268492560 0.081035731168
0.000000000000 0.000000000000 0.000000000000 1.000000000000
7 19 60
0.935676099400 -0.193861149379 0.294835703015 -0.863872012616
0.222849832650 0.972492974623 -0.067789131841 -0.063574771967
-0.273583970836 0.129132757539 0.953140357886 0.094804639801
0.000000000000 0.000000000000 0.000000000000 1.000000000000
7 22 60
0.147935144271 -0.955184859045 -0.256392429961 0.859313947197
0.833316014007 -0.019232313098 0.552462251138 -1.607320117532
-0.532634596970 -0.295384500583 0.793125704366 -0.410265027278
0.000000000000 0.000000000000 0.000000000000 1.000000000000
7 25 60
0.903397598848 0.239388705985 -0.355760911067 1.391937045074
-0.145888217944 0.951753198529 0.269967547966 -0.796083405923
0.403223766985 -0.191986709270 0.894735545959 0.275058704112
0.000000000000 0.000000000000 0.000000000000 1.000000000000
7 36 60
-0.432920278770 0.448251043706 -0.782081219597 1.691235293854
0.260176916125 0.892809480702 0.367694443097 -1.214915093947
0.863068945418 -0.044297099066 -0.503139903475 3.759505509573
0.000000000000 0.000000000000 0.000000000000 1.000000000000
7 39 60
0.787263704251 -0.379007669188 0.486383641445 -1.221674095440
0.216951692321 0.908613858921 0.356865266698 -0.692295907038
-0.577189590315 -0.175425317651 0.797545067541 0.178848367792
0.000000000000 0.000000000000 0.000000000000 1.000000000000
7 44 60
0.925985273645 -0.376643291230 -0.026288860092 0.419757270601
0.377367352861 0.925489338007 0.032609296686 -0.449568417833
0.012047986895 -0.040116286058 0.999122379694 0.829069308265
0.000000000000 0.000000000000 0.000000000000 1.000000000000
7 46 60
0.943019299105 -0.315568689752 0.105503571330 -0.070909017925
0.323093149584 0.944224158685 -0.063651825176 -0.365576395719
-0.079532497806 0.094112380718 0.992379686203 1.233276989101
0.000000000000 0.000000000000 0.000000000000 1.000000000000
7 48 60
-0.792748927677 -0.286267066331 -0.538145244707 1.147036741992
-0.302733672791 0.951183294593 -0.060022191271 -0.184979447460
0.529057143440 0.115332158658 -0.840712217203 3.693505576367
0.000000000000 0.000000000000 0.000000000000 1.000000000000
7 49 60
-0.727117016021 0.232933378634 -0.645788576959 0.872790149966
-0.681476704979 -0.131160177943 0.719990630698 -0.925662883188
0.083008105526 0.963607310495 0.254107468558 1.103650187525
0.000000000000 0.000000000000 0.000000000000 1.000000000000
7 50 60
-0.269102590705 0.687941390479 -0.674032965768 1.656298647898
0.925624420261 0.378090361640 0.016343532379 -0.304493899396
0.266088760174 -0.619503286272 -0.738520446574 3.465670568122
0.000000000000 0.000000000000 0.000000000000 1.000000000000
7 51 60
-0.888504923626 -0.134800539991 -0.438620354191 1.342968841076
-0.258629649837 0.936697268578 0.236027395157 -0.899948238562
0.379037867394 0.323151731323 -0.867123551534 3.478346699270
0.000000000000 0.000000000000 0.000000000000 1.000000000000
7 52 60
-0.953035991659 0.027062150656 -0.301645551275 1.198249082232
0.201809383622 0.799400944380 -0.565889656034 0.157709314777
0.225821547431 -0.600188112283 -0.767319267704 3.405518857997
0.000000000000 0.000000000000 0.000000000000 1.000000000000
7 53 60
0.659440461680 -0.064062507260 0.749022211061 -0.823127690499
0.132207799606 0.990716219102 -0.031661821347 -0.496946418709
-0.740040117306 0.119905664467 0.661787924041 1.794112200519
0.000000000000 0.000000000000 0.000000000000 1.000000000000
8 17 60
0.541757996916 -0.584283139109 0.604244558213 -0.972151537259
0.650362610983 0.746794903908 0.139017429598 -0.554859777110
-0.532472296944 0.317664264356 0.784578019153 0.266354022523
0.000000000000 0.000000000000 0.000000000000 1.000000000000
8 18 60
0.822543412002 -0.196122534659 0.533814843153 -1.274917413541
0.253606617812 0.966650975107 -0.035631106173 -0.414241359723
-0.509024575805 0.164687108555 0.844850363971 0.242473798221
0.000000000000 0.000000000000 0.000000000000 1.000000000000
8 19 60
0.999147426073 0.007993631010 -0.040503368183 -0.124759187633
-0.013023020624 0.992011350737 -0.125474622705 -0.016695940455
0.039176803146 0.125895122513 0.991269688946 -0.190393716183
0.000000000000 0.000000000000 0.000000000000 1.000000000000
8 21 60
0.826252221276 -0.540967794611 0.157038568605 -0.191067114254
0.450975679093 0.802316507199 0.391036007476 -0.756898857179
-0.337532522437 -0.252273794655 0.906879114782 -0.652497989848
0.000000000000 0.000000000000 0.000000000000 1.000000000000
8 22 60
0.722664582124 -0.382277223604 0.575864590036 -0.596307598651
0.364930304190 0.918573211895 0.151819390966 -0.269447553462
-0.587010881354 0.100435943284 0.803324869819 -0.201347485182
0.000000000000 0.000000000000 0.000000000000 1.000000000000
8 23 60
0.892469714372 -0.072403878352 0.445258899212 0.161429355036
0.032314444289 0.994760804319 0.096988240947 -0.427313288664
-0.449948425509 -0.072170773802 0.890133581992 -0.327364902856
0.000000000000 0.000000000000 0.000000000000 1.000000000000
8 24 60
0.991166036734 -0.124856877950 -0.044728599958 0.837613986969
0.115853864238 0.979254012771 -0.166251197331 -0.057010481168
0.064558266449 0.159600559214 0.985068470580 0.076197050213
0.000000000000 0.000000000000 0.000000000000 1.000000000000
8 47 60
0.287032370033 -0.940884168238 -0.179859390951 1.367941228766
-0.952848906529 -0.299730700166 0.047333589601 -0.065154931888
-0.098444806263 0.157792551592 -0.982552864116 4.140183882901
0.000000000000 0.000000000000 0.000000000000 1.000000000000
8 48 60
0.532561857079 -0.766017888068 0.359992310396 0.070988818394
0.394050981679 0.600817398898 0.695515835204 -2.059564645310
-0.749067214756 -0.228549881516 0.621822530499 1.556330290427
0.000000000000 0.000000000000 0.000000000000 1.000000000000
8 50 60
-0.344464927471 0.535372598402 -0.771180973976 1.733983574714
0.631848507244 0.739764922667 0.231333791490 -0.689758584935
0.694342406624 -0.407583169515 -0.593097447552 3.372189596108
0.000000000000 0.000000000000 0.000000000000 1.000000000000
8 51 60
-0.935557846599 -0.353047164106 -0.009445400132 1.020180124295
-0.265447587476 0.720560977931 -0.640569633518 0.570093281117
0.232957279282 -0.596782688253 -0.767841994834 3.187291796237
0.000000000000 0.000000000000 0.000000000000 1.000000000000
8 52 60
0.808941805468 0.246859511484 -0.533548064336 0.841303292608
0.586049571912 -0.266886573473 0.765060426477 -1.812288381687
0.046465628462 -0.931574977385 -0.360567617628 2.863763436855
0.000000000000 0.000000000000 0.000000000000 1.000000000000
9 11 60
1.000000000000 0.000000000000 0.000000000000 0.000000000000
0.000000000000 1.000000000000 0.000000000000 0.000000000000
0.000000000000 0.000000000000 1.000000000000 0.000000000000
0.000000000000 0.000000000000 0.000000000000 1.000000000000
9 15 60
0.859703365722 -0.510366651361 0.020880712295 -0.541100520376
0.487156954119 0.831527162648 0.266909497457 -0.341929074442
-0.153584585882 -0.219290809105 0.963495363778 0.663499000438
0.000000000000 0.000000000000 0.000000000000 1.000000000000
9 16 60
0.691478982057 -0.574468466832 0.437998627838 -1.616045733250
0.505862779256 0.817900231279 0.274120521373 -0.352011818322
-0.515712774649 0.032018624109 0.856163034576 0.782425579827
0.000000000000 0.000000000000 0.000000000000 1.000000000000
9 17 60
0.453378327322 -0.616223240672 0.643985256020 -1.317988015407
0.576439390942 0.753788663265 0.315468349767 -0.417824916523
-0.679827714120 0.228191956015 0.696966792842 0.521987067115
0.000000000000 0.000000000000 0.000000000000 1.000000000000
9 18 60
0.780545358015 -0.437238193400 0.446734491968 -1.287887337420
0.400590867398 0.898505690269 0.179483931067 -0.333383962354
-0.479870712836 0.038862408401 0.876478072843 0.239484703485
0.000000000000 0.000000000000 0.000000000000 1.000000000000
9 19 60
0.837775761575 -0.507666660681 0.201013270584 -1.101368636932
0.501425657019 0.861038696508 0.084762453947 -0.107895454795
-0.216111276430 0.029781281864 0.975914438591 -0.007161544649
0.000000000000 0.000000000000 0.000000000000 1.000000000000
9 20 60
0.954737024625 -0.107317078399 0.277417120045 -0.933134552616
0.070266771056 0.987622332955 0.140230910767 -0.004397987460
-0.289032514945 -0.114390437245 0.950460432197 -0.648359905135
0.000000000000 0.000000000000 0.000000000000 1.000000000000
9 24 60
0.946020848651 -0.313929769130 0.080577006468 0.536449741306
0.308809946707 0.948547726895 0.069954461019 0.264737902422
-0.098391924122 -0.041295397507 0.994290560858 -0.070320146942
0.000000000000 0.000000000000 0.000000000000 1.000000000000
9 25 60
0.818597489517 0.074311944077 -0.569540064547 1.425822268920
-0.034480230353 0.996164642279 0.080418400803 0.105234476423
0.573331722366 -0.046192428387 0.818020168265 0.582315241560
0.000000000000 0.000000000000 0.000000000000 1.000000000000
9 39 60
0.830936726457 -0.457757808514 0.316230841901 -1.585834803898
0.237377267496 0.805744842386 0.542611538621 -0.843993514196
-0.503186038658 -0.375809842491 0.778184279452 0.057887519393
0.000000000000 0.000000000000 0.000000000000 1.000000000000
9 42 60
0.874829054911 0.472385509659 -0.107359466035 -0.306902056832
-0.473175459369 0.785755737108 -0.398362782214 1.186248665607
-0.103822489535 0.399299200935 0.910923179417 0.396268341016
0.000000000000 0.000000000000 0.000000000000 1.000000000000
9 44 60
0.980030728600 -0.123250475195 -0.156041953858 0.554412267400
0.036270644847 0.882374532142 -0.469147764942 1.423105578428
0.195510130995 0.454119483607 0.869224529846 1.007627833080
0.000000000000 0.000000000000 0.000000000000 1.000000000000
9 45 60
0.979762973292 -0.200151748141 -0.001947789185 0.083400803640
0.192738017226 0.946008210990 -0.260615658499 0.795802364817
0.054005304204 0.254966159432 0.965440668639 1.133074253700
0.000000000000 0.000000000000 0.000000000000 1.000000000000
9 46 60
0.892062925336 -0.396498526965 0.216824019324 -1.236557907948
0.446245633138 0.848602551789 -0.284145286786 -0.347523221679
-0.071334228433 0.350232247533 0.933942611000 1.184107050688
0.000000000000 0.000000000000 0.000000000000 1.000000000000
9 47 60
0.586295360396 -0.722121598822 0.367148671375 -1.829586987746
0.613284014157 0.691764183898 0.381241435124 -1.664041984440
-0.529282975692 0.001646326369 0.848443764343 1.546474162526
0.000000000000 0.000000000000 0.000000000000 1.000000000000
9 48 60
0.689921038974 -0.637343693456 -0.343222925216 -0.792176348358
0.693818891485 0.446983232570 0.564642661885 -1.708154594000
-0.206456547003 -0.627693401442 0.750584231106 1.371441029497
0.000000000000 0.000000000000 0.000000000000 1.000000000000
9 50 60
0.453869663553 0.880449576505 0.137152731428 -1.115109089414
0.738984993855 -0.457925024803 0.494171883575 -1.146801155298
0.497899093556 -0.122935816145 -0.858477301823 3.380626321342
0.000000000000 0.000000000000 0.000000000000 1.000000000000
9 51 60
0.805546469820 -0.258468443962 0.533187535898 0.325174328624
0.579246097051 0.154019054801 -0.800469918117 0.637435647895
0.124775173863 0.953662515901 0.273786343256 2.386513907649
0.000000000000 0.000000000000 0.000000000000 1.000000000000
9 53 60
0.773392629170 -0.632147861128 -0.047464964090 0.004537473854
0.596984591662 0.701091253824 0.389974936541 -1.235015663118
-0.213244550842 -0.329939593687 0.919601340829 0.908914322037
0.000000000000 0.000000000000 0.000000000000 1.000000000000
9 59 60
0.079698454620 -0.918707464024 0.386813588021 -1.214223143181
0.608326504774 0.352235870913 0.711244511284 -1.481435622203
-0.789675262320 0.178623869593 0.586946755073 0.833068940812
0.000000000000 0.000000000000 0.000000000000 1.000000000000
10 12 60
0.991264674943 -0.131794981079 0.004942385248 -0.723857101666
0.131533320576 0.990652348298 0.036151215617 -0.116399154249
-0.009660734331 -0.035185334654 0.999334109514 0.496538359073
0.000000000000 0.000000000000 0.000000000000 1.000000000000
10 15 60
0.895992243892 -0.401800648695 0.189087645268 -0.862578559739
0.327680985376 0.885602873497 0.329139366040 -0.472866196809
-0.299704972778 -0.232945893207 0.925155738311 0.946846943121
0.000000000000 0.000000000000 0.000000000000 1.000000000000
10 16 60
0.691940275162 -0.541074410236 0.477971901052 -0.681609876769
0.544078693303 0.825986339665 0.147393833589 -0.124646269121
-0.474549292595 0.158066597589 0.865920273249 0.588138792348
0.000000000000 0.000000000000 0.000000000000 1.000000000000
10 17 60
0.416396935940 -0.541776306394 0.730131512517 -0.594822639076
0.433322498499 0.824246009768 0.364486114516 -0.413113562070
-0.799277926652 0.164611509959 0.577977375643 0.610951179716
0.000000000000 0.000000000000 0.000000000000 1.000000000000
10 19 60
0.835986594567 -0.318133358432 0.447121437594 -0.496439530971
0.329005477365 0.942690174125 0.055593448108 0.054468428375
-0.439183116214 0.100630024652 0.892743965855 0.092412887225
0.000000000000 0.000000000000 0.000000000000 1.000000000000
10 25 60
0.951721677952 -0.098435610437 -0.290751230975 1.060396615558
0.134228370119 0.985286570210 0.105797538815 -0.035601963146
0.276059037836 -0.139716875009 0.950931439415 0.188613588700
0.000000000000 0.000000000000 0.000000000000 1.000000000000
10 28 60
1.000000000000 0.000000000000 0.000000000000 0.000000000000
0.000000000000 1.000000000000 0.000000000000 0.000000000000
0.000000000000 0.000000000000 1.000000000000 0.000000000000
0.000000000000 0.000000000000 0.000000000000 1.000000000000
10 29 60
0.999763022180 0.010394744061 -0.019127173781 0.599968229390
-0.011862436518 0.996859818554 -0.078292941908 -0.029129015244
0.018253275892 0.078501283102 0.996746891879 0.493758284416
0.000000000000 0.000000000000 0.000000000000 1.000000000000
10 30 60
0.960644048811 -0.270824327439 -0.061783453703 -0.015146190845
0.277167904323 0.919725101980 0.277999441727 -0.917361549860
-0.018465218576 -0.284182899653 0.958592257035 0.971052528943
0.000000000000 0.000000000000 0.000000000000 1.000000000000
10 44 60
-0.944134006609 -0.092471824803 0.316322523988 -0.178291576086
0.265559455220 -0.781871087505 0.564052992428 -1.495267213648
0.195164426337 0.616544048825 0.762747849916 1.292226459922
0.000000000000 0.000000000000 0.000000000000 1.000000000000
10 45 60
-0.987991605615 0.072449693601 0.136468418070 0.661087611852
0.027589924788 -0.786325976487 0.617195475317 -1.201876635848
0.152024285177 0.613549102027 0.774884582449 1.068371547000
0.000000000000 0.000000000000 0.000000000000 1.000000000000
10 47 60
-0.874344054158 0.235355559290 -0.424417525169 1.334945044650
-0.157718551185 0.689261105901 0.707137883658 -0.898090169281
0.458963324865 0.685220321213 -0.565531411882 3.298815631828
0.000000000000 0.000000000000 0.000000000000 1.000000000000
10 48 60
-0.919570491215 0.179115275420 -0.349725363390 1.509655807134
-0.182253514877 -0.982953461775 -0.024210499770 -0.261362934783
-0.348100226949 0.041475415554 0.936539386199 1.263715849138
0.000000000000 0.000000000000 0.000000000000 1.000000000000
10 49 60
0.230142366972 0.756834395227 -0.611748468839 1.763223026145
0.627004080817 0.365434716633 0.687984992945 -1.187888212244
0.744244834421 -0.541903281113 -0.390436243650 2.991798601005
0.000000000000 0.000000000000 0.000000000000 1.000000000000
10 51 60
-0.112200176319 0.487083745603 -0.866118089641 1.804123872662
0.837821665139 0.515029715082 0.181105632180 -0.301976507096
0.534290162607 -0.705332416207 -0.465875739644 2.876917230557
0.000000000000 0.000000000000 0.000000000000 1.000000000000
10 52 60
0.851286380220 0.006160972652 0.524665170626 -0.759520700012
0.137294458548 0.962477512656 -0.234066805174 -0.070408393401
-0.506420507586 0.271291503826 0.818498130387 1.721298811724
0.000000000000 0.000000000000 0.000000000000 1.000000000000
10 53 60
0.859946578069 -0.421619215227 0.287626702896 -1.448538837432
-0.124271432985 0.373619894694 0.919219661035 -1.987651453314
-0.495023730554 -0.826223584534 0.268897925890 2.341257926151
0.000000000000 0.000000000000 0.000000000000 1.000000000000
11 13 60
0.988254747413 0.001670182553 -0.152806297993 -0.712782612036
-0.011570580416 0.997887675659 -0.063924239827 0.104663803114
0.152376756380 0.064941491043 0.986186557836 0.236124602316
0.000000000000 0.000000000000 0.000000000000 1.000000000000
11 14 60
0.996083283449 0.080049974259 0.037551219096 -1.102138127761
-0.079454767479 0.996692030398 -0.017086148357 -0.032115084909
-0.038794746541 0.014035603375 0.999148622317 0.504665153640
0.000000000000 0.000000000000 0.000000000000 1.000000000000
11 15 60
0.935846997611 -0.226062342659 0.270344621353 -0.787898424561
0.196149137934 0.971466556369 0.133335087444 -0.222549079865
-0.292772800565 -0.071753376837 0.953485993690 0.661029631624
0.000000000000 0.000000000000 0.000000000000 1.000000000000
11 16 60
-0.707189481530 0.234863261515 -0.666875014979 0.922578406084
0.208390694251 -0.832072488117 -0.514031801611 0.747626024014
-0.675615538426 -0.502488430622 0.539489593346 0.950918511606
0.000000000000 0.000000000000 0.000000000000 1.000000000000
11 18 60
0.667938198448 -0.091847062052 0.738527372713 -0.776301773714
0.140400915605 0.990087253099 -0.003848915236 -0.147394366119
-0.730853026231 0.106260756837 0.674212507749 0.320073174581
0.000000000000 0.000000000000 0.000000000000 1.000000000000
11 19 60
0.893635208905 -0.159411881848 0.419528265235 -0.382522316330
0.207728388050 0.975548364105 -0.071793496151 0.120862893599
-0.397825376520 0.151305126210 0.904898739406 -0.134195662128
0.000000000000 0.000000000000 0.000000000000 1.000000000000
11 25 60
0.883823922721 -0.075429953601 -0.461698598359 0.909641531297
0.203118143398 0.950912265823 0.233471374113 -0.256602238158
0.421424125376 -0.300126947820 0.855760201075 0.326346544415
0.000000000000 0.000000000000 0.000000000000 1.000000000000
11 30 60
0.768809113416 -0.617272060996 -0.167056127821 0.662798131522
0.581188377041 0.783436308604 -0.220108202375 0.054826297659
0.266744479831 0.072130112121 0.961064321159 0.743800087237
0.000000000000 0.000000000000 0.000000000000 1.000000000000
11 44 60
0.343484473312 0.825398407834 -0.448035584455 -0.107539086906
-0.910073298650 0.410334831166 0.058240170126 -0.103796366648
0.231915949598 0.387740628096 0.892116695083 0.773810604145
0.000000000000 0.000000000000 0.000000000000 1.000000000000
11 45 60
-0.908788035939 -0.415259129955 0.040794126080 -0.148742592088
-0.139075909472 0.209279602619 -0.967915254210 1.022323063916
0.393398267838 -0.885303283015 -0.247943340191 3.010707705003
0.000000000000 0.000000000000 0.000000000000 1.000000000000
11 47 60
0.623632465148 0.523102827757 -0.580901007062 -0.304607581747
-0.777867034261 0.341593922409 -0.527481250077 0.690700834911
-0.077494679970 0.780818175868 0.619933505153 1.596183924862
0.000000000000 0.000000000000 0.000000000000 1.000000000000
11 48 60
0.175769861297 0.976842427292 0.121999295499 -1.169274889881
-0.978518567650 0.186929639878 -0.086940913840 0.310187789782
-0.107732857680 -0.104096983520 0.988715049647 1.170184044263
0.000000000000 0.000000000000 0.000000000000 1.000000000000
11 50 60
0.633719553552 0.401514600306 -0.661200085592 -0.266512945714
-0.737565594527 0.055915368355 -0.672956510743 0.667140911765
-0.233230618092 0.914144133779 0.331578017157 2.263059323679
0.000000000000 0.000000000000 0.000000000000 1.000000000000
11 51 60
0.167338242701 -0.954435511303 -0.247084534713 -0.975331836868
0.814464379026 -0.007396111618 0.580166418221 -0.202077525517
-0.555558896813 -0.298325581031 0.776116073712 1.604528904295
0.000000000000 0.000000000000 0.000000000000 1.000000000000
11 52 60
0.871064164879 -0.052346590650 0.488371841030 -0.966029426442
-0.002735866760 0.993772095460 0.111398102848 -0.685382792618
-0.491161618713 -0.098371015712 0.865496047115 1.615935504727
0.000000000000 0.000000000000 0.000000000000 1.000000000000
12 14 60
0.995231075482 -0.096744917221 -0.012471062010 -0.429820855892
0.097529483085 0.989212756516 0.109298317808 -0.236851480519
0.001762476919 -0.109993378612 0.993930757315 0.270962271254
0.000000000000 0.000000000000 0.000000000000 1.000000000000
12 15 60
0.822810474364 -0.428135733915 0.373741510434 -0.477774359070
0.367302953710 0.902440103912 0.225145284309 -0.353202785821
-0.433672069048 -0.047975537477 0.899792689641 0.457363752963
0.000000000000 0.000000000000 0.000000000000 1.000000000000
12 28 60
0.183492841685 0.343420965508 -0.921082199101 1.609770206556
-0.340271971607 0.901255476531 0.268241591407 -0.528894957050
0.922250162585 0.264198044035 0.282230457498 1.247381516645
0.000000000000 0.000000000000 0.000000000000 1.000000000000
12 30 60
0.982582913017 0.018672857759 0.184884135151 0.092951188338
-0.079425008284 0.941679458030 0.327003771207 -0.954963754155
-0.167995497281 -0.335992742046 0.926761236881 0.581422289704
0.000000000000 0.000000000000 0.000000000000 1.000000000000
12 31 60
0.747463128154 -0.188982366288 -0.636855193338 1.050957804989
0.095565815395 0.979299483831 -0.178436812053 -0.363862498279
0.657393373086 0.072513351875 0.750050509514 0.926323363674
0.000000000000 0.000000000000 0.000000000000 1.000000000000
12 40 60
0.912795579923 0.385328842163 -0.135373234691 -0.958135589433
-0.388113181385 0.921590459635 0.006259644187 -0.385409594997
0.127170703028 0.046826361244 0.990774900865 -0.843681091575
0.000000000000 0.000000000000 0.000000000000 1.000000000000
12 42 60
0.117898705042 0.983728651761 -0.135564873969 0.134907275361
-0.968797407038 0.143917381677 0.201790414462 -0.144213632470
0.218017154066 0.107544069831 0.970001439987 -0.476595618186
0.000000000000 0.000000000000 0.000000000000 1.000000000000
12 44 60
0.342635743003 -0.920514237478 0.187761247909 -1.133553279786
0.935490271498 0.315928662570 -0.158262541683 -0.491379504895
0.086363762945 0.229875224343 0.969380565972 0.421128842350
0.000000000000 0.000000000000 0.000000000000 1.000000000000
12 45 60
0.434923325414 -0.829313751565 -0.350828166593 -0.296673507529
0.894913276149 0.441291964763 0.066269374585 -0.618993061566
0.099859547279 -0.342782880699 0.934092055162 0.655275195632
0.000000000000 0.000000000000 0.000000000000 1.000000000000
12 46 60
0.682948458105 -0.723513280500 0.100548180057 -0.870030548680
0.730041703852 0.680748121619 -0.060175622549 -0.341264805020
-0.024910122629 0.114501213324 0.993110748073 0.712289333425
0.000000000000 0.000000000000 0.000000000000 1.000000000000
12 47 60
0.560547916709 -0.821099625616 0.107617089195 -0.899806883512
0.764323519029 0.562994590514 0.314398869768 -0.885187100781
-0.318740633324 -0.093981359143 0.943171200155 1.021094718350
0.000000000000 0.000000000000 0.000000000000 1.000000000000
12 49 60
0.341555775377 0.835402240038 0.430630641787 -1.596341587048
0.937807856019 -0.272658159370 -0.214881253993 -0.457171291881
-0.062097322770 0.477242732231 -0.876574752681 3.055513056882
0.000000000000 0.000000000000 0.000000000000 1.000000000000
12 50 60
0.291250958249 -0.873093506319 -0.390999499414 -0.422974373445
0.519906910890 -0.198629789887 0.830808648594 -1.073344479906
-0.803037784496 -0.445257156924 0.396076231147 1.802978154522
0.000000000000 0.000000000000 0.000000000000 1.000000000000
12 51 60
0.446969374426 0.608673480117 -0.655541740035 -0.396997291071
-0.363098703345 0.793181079351 0.488899894651 -1.079073501862
0.817543705226 0.019503075726 0.575536202235 1.776682161613
0.000000000000 0.000000000000 0.000000000000 1.000000000000
12 52 60
0.954765841997 -0.228355785125 -0.190462128404 -0.852767512687
0.287985680826 0.869646810874 0.400972158604 -0.933222666288
0.074070470468 -0.437684886347 0.896072265874 1.323073735267
0.000000000000 0.000000000000 0.000000000000 1.000000000000
12 53 60
0.805323520598 -0.514358978060 0.294769178953 -1.249536317987
-0.239345223045 0.172801604075 0.955433655381 -2.022864485058
-0.542372465540 -0.839984789933 0.016051831830 2.176052264630
0.000000000000 0.000000000000 0.000000000000 1.000000000000
13 17 60
0.987752974548 -0.075763303330 0.136396419088 -0.190393095394
0.098804621975 0.980304824983 -0.170997359019 0.698560491068
-0.120754742962 0.182379746637 0.975784771386 -0.777276009438
0.000000000000 0.000000000000 0.000000000000 1.000000000000
13 24 60
0.536898134738 -0.830492028011 -0.148402777351 0.594186896061
0.615311061546 0.505824050868 -0.604594349215 1.519755917833
0.577176481203 0.233291707898 0.782586920778 0.048661868445
0.000000000000 0.000000000000 0.000000000000 1.000000000000
13 25 60
0.881795828559 0.072595808030 -0.466010692359 1.501509111215
0.016739249108 0.982642637202 0.184751847331 -0.294347294670
0.471334185346 -0.170714077362 0.865274979134 0.089220504591
0.000000000000 0.000000000000 0.000000000000 1.000000000000
13 28 60
0.956297308091 -0.292356663023 -0.004800012829 0.167751818985
0.292067790566 0.954317278363 0.063047108823 -0.154006871261
-0.013851507169 -0.061693709592 0.997999008990 -0.428129039969
0.000000000000 0.000000000000 0.000000000000 1.000000000000
13 29 60
0.658537670177 0.274390564572 -0.700741004246 1.165991403980
-0.174189814366 0.961448726161 0.212777478917 -0.608198061831
0.732110678469 -0.018060039784 0.680946245628 0.668568682770
0.000000000000 0.000000000000 0.000000000000 1.000000000000
13 31 60
0.932283820408 0.309206880420 -0.187717828952 0.711012967292
-0.171810878462 0.835190715176 0.522434198083 -1.054795418918
0.318320436428 -0.454804985005 0.831759896465 1.042048003834
0.000000000000 0.000000000000 0.000000000000 1.000000000000
13 35 60
0.823016378036 -0.545374095448 -0.158780154612 0.785584262357
0.285485289124 0.638820223989 -0.714427652822 2.248964455259
0.491062308855 0.542656260847 0.681455788283 0.467956049203
0.000000000000 0.000000000000 0.000000000000 1.000000000000
13 36 60
0.999426768555 0.013029686455 0.031246784895 -0.045757752694
-0.018107398473 0.985589945022 0.168180208085 -0.780190137002
-0.028605181627 -0.168649599886 0.985260907599 0.724721250472
0.000000000000 0.000000000000 0.000000000000 1.000000000000
13 40 60
0.996328924925 0.025787917168 -0.081631223719 -0.428045884768
-0.052597592327 0.936743490401 -0.346042087720 0.431288997458
0.067543812737 0.349065347063 0.934661017076 -0.894331509730
0.000000000000 0.000000000000 0.000000000000 1.000000000000
13 43 60
0.941824165714 0.257897923372 0.215536312478 -0.916360537664
-0.333625077680 0.795110213349 0.506452422415 -0.937730635794
-0.040762095371 -0.548897449209 0.834895228057 0.332282226316
0.000000000000 0.000000000000 0.000000000000 1.000000000000
13 44 60
0.955856249892 0.087670635502 0.280450867735 -0.479722250524
-0.031374263328 0.979446619605 -0.199248525580 0.453159764100
-0.292154899228 0.181654009082 0.938960774389 0.478478089204
0.000000000000 0.000000000000 0.000000000000 1.000000000000
13 45 60
0.991993140852 0.058571333303 -0.111888370345 -0.008638591608
-0.081770776946 0.973052071689 -0.215599642440 0.482666705503
0.096245252045 0.223022565445 0.970050404237 0.480420839901
0.000000000000 0.000000000000 0.000000000000 1.000000000000
13 46 60
0.468325975615 -0.883475063015 0.011941255971 -0.229081923285
0.883467235947 0.468427593119 0.007825152612 -0.147140866411
-0.012506940991 0.006884986175 0.999898081503 0.624255515446
0.000000000000 0.000000000000 0.000000000000 1.000000000000
13 47 60
-0.614807113865 -0.757506811565 -0.219535061376 0.437751311516
-0.742699968897 0.649735799305 -0.161988108518 0.439183084235
0.265346884174 0.063457241778 -0.962062476934 3.595143417761
0.000000000000 0.000000000000 0.000000000000 1.000000000000
13 50 60
0.127508461154 -0.942914620526 -0.307658269404 0.122533646607
0.717145471981 -0.126631805030 0.685322375216 -0.916264294427
-0.685159809352 -0.308020136279 0.660060323982 1.448658804849
0.000000000000 0.000000000000 0.000000000000 1.000000000000
13 51 60
0.760329288750 -0.205191006051 -0.616275931467 0.434816666497
-0.492489443015 0.436500195276 -0.752942048263 1.278299851791
0.423501500810 0.875993282257 0.230829478732 2.001243241454
0.000000000000 0.000000000000 0.000000000000 1.000000000000
13 52 60
0.200251924384 -0.873967825190 -0.442808544761 0.053675108694
0.665466180028 -0.210378591233 0.716167306982 -1.424712623311
-0.719064621588 -0.438087992170 0.539467312353 2.022512525885
0.000000000000 0.000000000000 0.000000000000 1.000000000000
13 54 60
0.668149517308 0.585254016961 0.459406092855 -1.373224508369
-0.742869935248 0.559173826665 0.368060987986 -0.488829791843
-0.041478691229 -0.587198745914 0.808379336061 -0.138070190385
0.000000000000 0.000000000000 0.000000000000 1.000000000000
14 24 60
0.804617716110 0.326632969660 -0.495884295026 1.422528333906
-0.280108014065 0.945144087733 0.168054020721 -0.518167884089
0.523574093495 0.003681922751 0.851972189726 -0.294273545679
0.000000000000 0.000000000000 0.000000000000 1.000000000000
14 28 60
0.773705686194 0.345980354253 -0.530732612170 1.171179459552
-0.369208918988 0.926995215425 0.066065457832 -0.147093788134
0.514843942657 0.144835993625 0.844960501834 -0.278924667093
0.000000000000 0.000000000000 0.000000000000 1.000000000000
14 33 60
0.896480112546 -0.040142220132 0.441261838337 -0.685622974830
0.423535177033 0.370184220218 -0.826789935181 1.252220078081
-0.130158985956 0.928090644961 0.348864433714 1.266637974672
0.000000000000 0.000000000000 0.000000000000 1.000000000000
14 40 60
0.974023385390 0.052947939623 -0.220170298638 -0.020241754377
-0.128488322933 0.929835580867 -0.344813780792 0.522763722613
0.186464998277 0.364145998528 0.912484792297 -1.113469083694
0.000000000000 0.000000000000 0.000000000000 1.000000000000
14 43 60
0.405344330573 -0.877015625112 0.257952644842 -0.756224284038
0.530499809364 -0.004133235927 -0.847674978176 1.283387995910
0.744490380016 0.480444075486 0.463581238182 0.330765056554
0.000000000000 0.000000000000 0.000000000000 1.000000000000
14 44 60
0.929746092587 0.338782395211 0.144217516320 -0.229478193759
-0.304754553536 0.927860274754 -0.214941788938 0.616276710315
-0.206632198405 0.155890343600 0.965919942518 -0.003701333221
0.000000000000 0.000000000000 0.000000000000 1.000000000000
14 45 60
0.935537571452 0.086664637828 0.342430566615 -0.358017994297
-0.131745669807 0.985091783077 0.110622137934 -0.021305042378
-0.327738509927 -0.148604910632 0.933008065156 0.295000172650
0.000000000000 0.000000000000 0.000000000000 1.000000000000
14 46 60
0.898322242729 0.429488422416 -0.092503206583 0.099383137830
-0.400241851766 0.713210417460 -0.575445358416 0.945285499609
-0.181172868590 0.553959019637 0.812592023250 0.898373437599
0.000000000000 0.000000000000 0.000000000000 1.000000000000
14 47 60
0.991045713449 -0.024081565828 0.131333438398 -0.354709736914
-0.075722695976 -0.911499252317 0.404271179209 -0.789677584021
0.109974847890 -0.410596141253 -0.905160947909 3.231583238348
0.000000000000 0.000000000000 0.000000000000 1.000000000000
14 48 60
0.880984452082 -0.334425577799 0.334702745887 -0.671378969373
-0.384199053071 -0.918501014859 0.093525254996 -0.386909448634
0.276147574333 -0.210986773558 -0.937671103625 3.138816768469
0.000000000000 0.000000000000 0.000000000000 1.000000000000
14 49 60
0.103214055029 -0.974910200187 -0.197223123433 0.123441374824
0.990300279671 0.119264102569 -0.071284149164 -0.090828734141
0.093017282954 -0.187952588199 0.977763575544 0.664530350917
0.000000000000 0.000000000000 0.000000000000 1.000000000000
14 50 60
-0.590332104751 0.799051578982 0.114125283031 0.051606156289
0.627346489927 0.365246120601 0.687772966147 -0.896273631146
0.507882257691 0.477610558418 -0.716898714471 2.644226314041
0.000000000000 0.000000000000 0.000000000000 1.000000000000
14 51 60
0.624244772456 0.774809422761 0.099944096684 -0.063291251738
-0.760775625101 0.631988373833 -0.147685962750 0.048260917448
-0.177591982686 0.016157157582 0.983971561553 1.117033124183
0.000000000000 0.000000000000 0.000000000000 1.000000000000
14 52 60
-0.037098070832 0.365483837229 -0.930078113851 1.008981293648
0.942125107395 -0.297539965108 -0.154500003821 -0.761619577882
-0.333202663791 -0.881981594983 -0.333293340699 2.388222885788
0.000000000000 0.000000000000 0.000000000000 1.000000000000
15 19 60
0.967669684240 0.252195385062 0.003587472033 1.077038819557
-0.225297070646 0.870680641781 -0.437214421063 0.533570430514
-0.113387001727 0.422270893835 0.899350143192 -0.400666682984
0.000000000000 0.000000000000 0.000000000000 1.000000000000
15 24 60
0.328993636837 0.708317676085 -0.624539235490 1.259151419657
-0.940548176520 0.304926314876 -0.149629776919 -0.037801172440
0.084453031713 0.636636483593 0.766525715937 -0.421027129159
0.000000000000 0.000000000000 0.000000000000 1.000000000000
15 25 60
0.692003044698 0.271983800114 -0.668697688499 2.246344316279
-0.253942554413 0.958819512628 0.127194029977 -0.432428800440
0.675755107407 0.081792143136 0.732574283015 0.363106314634
0.000000000000 0.000000000000 0.000000000000 1.000000000000
15 28 60
0.853651432438 -0.297222383263 -0.427712621726 1.089050831839
0.186704577575 0.941239200257 -0.281443011304 0.762957630437
0.486231048585 0.160398325386 0.858982971080 -0.319006835229
0.000000000000 0.000000000000 0.000000000000 1.000000000000
15 29 60
0.954840356408 -0.041010371670 -0.294275454616 0.775343254917
0.020014772143 0.997056776364 -0.074008064438 -0.178253240685
0.296444434372 0.064776030454 0.952850860948 -0.199696042989
0.000000000000 0.000000000000 0.000000000000 1.000000000000
15 30 60
0.940606756546 0.127576006955 -0.314616102560 0.859815964947
-0.159919825888 0.983954020825 -0.079121009791 -0.436040937516
0.299473836635 0.124735108737 0.945915732938 0.196172659683
0.000000000000 0.000000000000 0.000000000000 1.000000000000
15 31 60
0.870414195577 0.218743285994 -0.441056122246 0.641777805136
-0.236961460428 0.971416157825 0.014139115533 -0.432116847000
0.431541880250 0.092206415985 0.897368142092 0.547923940782
0.000000000000 0.000000000000 0.000000000000 1.000000000000
15 37 60
0.910139288893 0.134964522026 0.391702760532 -0.107617914365
-0.002166790023 0.946989057717 -0.321258508970 -0.138992944300
-0.414296729211 0.291541253271 0.862184387359 -0.131012698185
0.000000000000 0.000000000000 0.000000000000 1.000000000000
15 38 60
0.905481453446 -0.146603162799 0.398259777184 -0.711018652759
0.123600312084 0.988855712581 0.082990014754 0.139160406520
-0.405988054403 -0.025920886431 0.913510704551 -0.452272680707
0.000000000000 0.000000000000 0.000000000000 1.000000000000
15 39 60
0.925937583524 -0.134771661258 0.352811834750 -0.105463352196
0.105446214385 0.989266826421 0.101154545201 0.041096236040
-0.362657810188 -0.056460122781 0.930210496203 -0.737127146869
0.000000000000 0.000000000000 0.000000000000 1.000000000000
15 45 60
0.163134962090 0.966807100175 -0.196649472909 0.262944388825
-0.983138884087 0.175990148336 0.049652817486 0.103288454212
0.082613066397 0.185233632854 0.979215799771 0.245577536819
0.000000000000 0.000000000000 0.000000000000 1.000000000000
15 46 60
0.899207770456 0.255681169042 0.355038765980 -0.621813112991
0.200314914949 -0.962018107905 0.185459146205 -0.659933315240
0.388972133192 -0.095646745159 -0.916270909579 3.065010780165
0.000000000000 0.000000000000 0.000000000000 1.000000000000
15 47 60
-0.801550803748 -0.569350754642 -0.182636324972 0.411287063448
0.575960320271 -0.817235688767 0.019888149193 -0.452673281053
-0.160580255584 -0.089249914253 0.982979366173 0.433848967672
0.000000000000 0.000000000000 0.000000000000 1.000000000000
15 50 60
-0.632491226614 -0.757063528610 -0.163736562517 0.644031302125
0.609770237584 -0.617023539139 0.497455736227 -1.037133577954
-0.477634908286 0.214794706165 0.851896782826 0.890490818646
0.000000000000 0.000000000000 0.000000000000 1.000000000000
15 52 60
0.933405971803 0.092359912010 0.346731796142 -0.435453573812
-0.025479317570 0.980926566331 -0.192701520083 -0.367209143538
-0.357916325667 0.171034260075 0.917955982442 0.980361795985
0.000000000000 0.000000000000 0.000000000000 1.000000000000
15 54 60
0.129421974608 0.235694313882 0.963170879383 -1.886622183366
-0.038731527114 -0.969397373249 0.242422361892 -0.800829210410
0.990832892720 -0.068679859796 -0.116332521517 2.203172937200
0.000000000000 0.000000000000 0.000000000000 1.000000000000
16 18 60
0.992671829947 0.059448238639 0.105207152568 0.287553927547
-0.036893029136 0.978147941522 -0.204610627527 0.129545857104
-0.115071901131 0.199229795509 0.973173132670 -0.178635617967
0.000000000000 0.000000000000 0.000000000000 1.000000000000
16 19 60
0.949761181571 0.265049705815 -0.166440233803 0.781804177436
-0.279479298777 0.957608023570 -0.069844074549 0.013547639444
0.140872351922 0.112851790601 0.983574833870 -0.274727269539
0.000000000000 0.000000000000 0.000000000000 1.000000000000
16 24 60
0.544885281459 0.245303130488 -0.801826916624 2.460269602783
-0.421349506154 0.906854706902 -0.008895742466 -0.737603588395
0.724958359985 0.342696534478 0.597490135102 1.130978631595
0.000000000000 0.000000000000 0.000000000000 1.000000000000
16 27 60
0.306219325337 0.534204021782 -0.787944025869 3.189865027516
-0.699506827026 0.687682223765 0.194379417795 -1.041847211778
0.645693366649 0.491649491233 0.584260946868 0.994317377133
0.000000000000 0.000000000000 0.000000000000 1.000000000000
16 30 60
0.620971840383 0.152051513329 -0.768943633009 1.064975463567
-0.125876261042 0.987616792367 0.093638871951 -0.709800613766
0.773659576530 0.038644646828 0.632421893133 0.955304130755
0.000000000000 0.000000000000 0.000000000000 1.000000000000
16 35 60
0.409926576668 -0.907547243079 0.091204184780 -0.212871398135
0.879848779409 0.419803872473 0.222779788199 -0.423602497076
-0.240471052550 -0.011077465271 0.970593098393 -0.565722830673
0.000000000000 0.000000000000 0.000000000000 1.000000000000
16 36 60
0.886045390221 -0.296694852302 0.356224270769 -0.343180750352
0.313967279135 0.949383315100 0.009791253378 -0.627483923489
-0.341098393577 0.103167270135 0.934349185408 0.415723353660
0.000000000000 0.000000000000 0.000000000000 1.000000000000
16 37 60
0.952916713913 -0.217832751675 0.210946980642 -0.416353053152
0.220925716631 0.975248289041 0.009088589236 -0.175804787958
-0.207705474352 0.037942944281 0.977455251612 -0.123533963047
0.000000000000 0.000000000000 0.000000000000 1.000000000000
16 38 60
0.988386973531 -0.146953030165 -0.038678126618 -0.123663973313
0.149241513170 0.986659049060 0.065045304625 0.170679293807
0.028603519015 -0.070062313924 0.997132443995 -0.619294342238
0.000000000000 0.000000000000 0.000000000000 1.000000000000
16 39 60
0.982360932519 0.175481394048 0.064600917984 0.145285785234
-0.177456257634 0.983780543938 0.026174758743 0.154759441020
-0.058959943080 -0.037176897552 0.997567844009 -0.624995281422
0.000000000000 0.000000000000 0.000000000000 1.000000000000
16 44 60
0.493580530712 -0.826047891687 -0.272071939643 0.730288119091
0.826832167275 0.542703446639 -0.147721143261 -0.331470617006
0.269679118326 -0.152045551221 0.950870823768 0.656736295576
0.000000000000 0.000000000000 0.000000000000 1.000000000000
16 45 60
0.165077414526 0.935073022027 0.313668440698 0.307518218668
0.776321163426 -0.319351373246 0.543452069296 -1.806974093616
0.608337816045 0.153795786295 -0.778634675370 4.022537301453
0.000000000000 0.000000000000 0.000000000000 1.000000000000
16 46 60
0.827669070603 0.256130897567 -0.499360463872 1.470036131712
-0.449949429748 0.834645192973 -0.317667928056 -0.064193978816
0.335424239190 0.487610874733 0.806055962453 1.574690674152
0.000000000000 0.000000000000 0.000000000000 1.000000000000
16 47 60
-0.196216680699 -0.899543884393 0.390281711418 -0.148914875508
-0.963084732815 0.251606110124 0.095719187039 -0.844114907380
-0.184300872582 -0.357092656603 -0.915706297328 3.811633422603
0.000000000000 0.000000000000 0.000000000000 1.000000000000
16 48 60
0.790188314061 -0.581779712693 -0.192703902970 0.820759610512
0.582826121100 0.810576772474 -0.057262627339 -1.106435301593
0.189515542594 -0.067064609333 0.979584706542 1.189726952908
0.000000000000 0.000000000000 0.000000000000 1.000000000000
16 49 60
0.993064828668 -0.039801988550 0.110625710261 0.469545435040
0.034593698342 0.998218678774 0.048608079385 -0.544882465285
-0.112363348555 -0.044444021577 0.992672759195 1.550869633108
0.000000000000 0.000000000000 0.000000000000 1.000000000000
16 50 60
0.966260726464 0.245713006274 0.077235529654 0.590277751020
-0.210695334986 0.926529098381 -0.311691042009 -0.174046869466
-0.148147508614 0.284901646891 0.947039263859 1.751092555117
0.000000000000 0.000000000000 0.000000000000 1.000000000000
16 51 60
0.737089243971 0.444053274319 0.509427262707 -0.161493892701
0.628597993599 -0.173735433410 -0.758076883714 -0.499785411589
-0.248120956121 0.878995272311 -0.407189516551 2.927966154458
0.000000000000 0.000000000000 0.000000000000 1.000000000000
16 52 60
0.658799851036 0.642009550128 0.392181710205 0.060777723013
0.046162839050 -0.554812541805 0.830693707540 -2.026057280525
0.750900624960 -0.529156669617 -0.395147403425 2.701432622674
0.000000000000 0.000000000000 0.000000000000 1.000000000000
16 53 60
0.916430537215 0.351600451744 0.191133965566 -0.567206584969
-0.344301936895 0.936150029524 -0.071269197222 -0.392244292493
-0.203988349447 -0.000494525854 0.978973191019 0.684381002124
0.000000000000 0.000000000000 0.000000000000 1.000000000000
16 54 60
0.842324360843 -0.176152124417 0.509372260920 -0.625397604436
0.277685949832 0.951830996683 -0.130031792340 -0.490494061654
-0.461930930332 0.250974466463 0.850665405895 0.603288666995
0.000000000000 0.000000000000 0.000000000000 1.000000000000
16 58 60
0.680351038376 -0.480696734437 0.553220673947 -0.404683188046
0.464166011955 0.866781086566 0.182319667940 -0.080850961021
-0.567161685877 0.132744858558 0.812838498473 0.031935111560
0.000000000000 0.000000000000 0.000000000000 1.000000000000
16 59 60
0.877578911051 -0.209261831733 0.431352223431 -0.398137850238
0.224927157988 0.974259625041 0.015031853307 0.200462760459
-0.423394648618 0.083831192252 0.902058369912 0.066066956812
0.000000000000 0.000000000000 0.000000000000 1.000000000000
17 19 60
0.771514713857 0.317709905229 -0.551203648774 0.574045996960
-0.359269015535 0.932589719954 0.034672593094 0.265096266248
0.525062682714 0.171279976515 0.833650015814 -0.189557565292
0.000000000000 0.000000000000 0.000000000000 1.000000000000
17 23 60
0.944898487727 0.132372949063 -0.299406496669 1.753377562425
-0.137069614279 0.990546916544 0.005359754380 -0.350782149774
0.297285668563 0.035975109203 0.954110592534 0.578039997416
0.000000000000 0.000000000000 0.000000000000 1.000000000000
17 24 60
0.596604638855 0.456391542093 -0.660128521731 1.771297729213
-0.474329403921 0.864035945008 0.168681659670 -0.693048693218
0.647359653880 0.212482107575 0.731967781045 1.167449526195
0.000000000000 0.000000000000 0.000000000000 1.000000000000
17 27 60
-0.018404508442 0.492107854180 -0.870339665834 2.431817209397
-0.398554653840 0.794726058301 0.457782350206 -1.282417519472
0.916959902052 0.355303183368 0.181505333026 2.382231788045
0.000000000000 0.000000000000 0.000000000000 1.000000000000
17 35 60
0.549544106510 -0.690745602352 0.469969986097 -0.994817070846
0.551824234556 0.722458199471 0.416586322595 -0.635839462170
-0.627288840293 0.030408269408 0.778192809010 0.567333430534
0.000000000000 0.000000000000 0.000000000000 1.000000000000
17 36 60
0.991901481187 -0.099346129563 0.079131524443 -0.771319473621
0.095258738045 0.993994281532 0.053862241949 -0.143263551624
-0.084007288053 -0.045888068412 0.995407987074 0.194348725797
0.000000000000 0.000000000000 0.000000000000 1.000000000000
17 41 60
0.474140218362 -0.809517244231 0.346226637659 -1.255132018603
0.756819816944 0.173785431864 -0.630097126126 1.001059328402
0.449905343391 0.560785569505 0.695057355204 0.581800287811
0.000000000000 0.000000000000 0.000000000000 1.000000000000
17 42 60
0.985121697445 0.012603806625 0.171395406247 -0.516815943852
0.039261550078 0.954428116563 -0.295847090571 0.451907336339
-0.167313394292 0.298174637373 0.939733001293 0.901917258215
0.000000000000 0.000000000000 0.000000000000 1.000000000000
17 43 60
0.970967205449 0.094639402117 0.219695401659 -0.566941639407
-0.056781949914 0.983345663536 -0.172647375213 0.194191462421
-0.232375764888 0.155160206145 0.960170200705 1.308733532645
0.000000000000 0.000000000000 0.000000000000 1.000000000000
17 44 60
0.950986007302 -0.084157336407 -0.297562021509 0.157053069623
0.011432658185 0.971165997722 -0.238130004821 0.377021776574
0.309022504428 0.223056377623 0.924527416662 1.485999404552
0.000000000000 0.000000000000 0.000000000000 1.000000000000
17 45 60
0.829958832561 0.261156335520 -0.492915514740 0.368260558673
-0.301026383887 0.953614440671 -0.001617018114 -0.169928598221
0.469629058362 0.149722633430 0.870075675204 1.594710224568
0.000000000000 0.000000000000 0.000000000000 1.000000000000
17 46 60
0.612714599678 0.186777669370 -0.767915959963 0.646494175231
-0.400300233224 0.911152448114 -0.097780057149 0.015108819965
0.681425375681 0.367308206442 0.633043552102 1.594277436147
0.000000000000 0.000000000000 0.000000000000 1.000000000000
17 47 60
0.960860859495 0.111572242212 -0.253570588709 -0.066559291714
-0.130037546112 0.989857040816 -0.057212545368 0.092733402558
0.244615300608 0.087946992639 0.965623467607 1.662680143839
0.000000000000 0.000000000000 0.000000000000 1.000000000000
17 48 60
0.833994679775 0.550518120434 -0.037184313634 -0.414561268263
-0.551561772910 0.829918722926 -0.083752755191 0.140605418925
-0.015247451285 0.090358798198 0.995792550091 1.668939312050
0.000000000000 0.000000000000 0.000000000000 1.000000000000
17 50 60
0.990356013865 0.032068420380 -0.134783464175 -0.402071329655
-0.017970951059 0.994358608767 0.104537084759 -0.048790371617
0.137375437101 -0.101106743525 0.985345328144 1.797013427141
0.000000000000 0.000000000000 0.000000000000 1.000000000000
17 51 60
0.215191897454 -0.613398730740 0.759891074034 -1.243961822350
-0.255022147052 -0.786417995159 -0.562592606957 0.720179142151
0.942685606012 -0.072723682642 -0.325661041883 3.164306403965
0.000000000000 0.000000000000 0.000000000000 1.000000000000
17 53 60
0.979295328336 0.157002458996 -0.127792361938 -1.129356988868
-0.154169432805 0.987531623937 0.031828881743 -0.256837966735
0.131196211412 -0.011468199241 0.991290085957 0.488546167444
0.000000000000 0.000000000000 0.000000000000 1.000000000000
17 54 60
0.981456178144 -0.059123550508 0.182340824169 -0.884592072201
0.071569711905 0.995478975326 -0.062445064026 -0.142063941866
-0.177824482907 0.074337174137 0.981250446023 0.388412716926
0.000000000000 0.000000000000 0.000000000000 1.000000000000
17 55 60
0.855435637741 -0.332879923564 0.396762934472 -0.609638625482
0.370183409321 0.928766322120 -0.018904030255 0.089752771854
-0.362207279256 0.163046236952 0.917726436074 0.213010286255
0.000000000000 0.000000000000 0.000000000000 1.000000000000
17 57 60
0.673854344308 -0.640266447705 0.368753574357 -0.817169643453
0.613784110478 0.762918973092 0.203036218987 -0.181514116814
-0.411326376959 0.089518246406 0.907081636446 0.012972466143
0.000000000000 0.000000000000 0.000000000000 1.000000000000
17 58 60
0.914510538347 -0.181279289698 0.361674293223 -0.588232614608
0.115726933548 0.973852497531 0.195495754185 0.198714296973
-0.387656745206 -0.136927470507 0.911577268100 0.045994090110
0.000000000000 0.000000000000 0.000000000000 1.000000000000
17 59 60
0.969767423411 -0.089854147513 0.226886263722 -0.467608102336
0.040537620097 0.976142008932 0.213315446594 0.092815716964
-0.240640490874 -0.197668941853 0.950273194181 0.079421350853
0.000000000000 0.000000000000 0.000000000000 1.000000000000
18 20 60
0.962988066516 0.065915432111 -0.261360172095 0.827721724150
-0.020158602303 0.984534656958 0.174026262388 -0.199967173399
0.268789163661 -0.162316558173 0.949423888704 -0.656496129145
0.000000000000 0.000000000000 0.000000000000 1.000000000000
18 22 60
0.965708129050 0.014349759591 0.259233280825 0.653786994966
-0.045342731531 0.992448204575 0.113976304265 -0.251717553709
-0.255640071555 -0.121822188604 0.959065956115 -0.107171470522
0.000000000000 0.000000000000 0.000000000000 1.000000000000
18 29 60
0.635153229662 0.104148722874 -0.765332227450 1.236799292999
0.062843380485 0.980613957999 0.185598962570 -0.384514473827
0.769825359662 -0.165979844866 0.616295064656 1.161617667582
0.000000000000 0.000000000000 0.000000000000 1.000000000000
18 36 60
0.884609642611 -0.378691731808 0.272136642994 -0.746170252864
0.333017441070 0.921506457981 0.199812992174 -0.541277262210
-0.326443202017 -0.086130251125 0.941284449940 0.560170763268
0.000000000000 0.000000000000 0.000000000000 1.000000000000
18 37 60
0.982703588030 -0.146077422154 0.113820230235 -0.690037016809
0.111603598507 0.957637595765 0.265471037926 -0.288761556499
-0.147777856509 -0.248176594210 0.957376667363 0.041994320854
0.000000000000 0.000000000000 0.000000000000 1.000000000000
18 39 60
0.997225474187 0.074061288507 -0.007501944916 -0.254818663936
-0.070302420785 0.970130503927 0.232173157326 0.036157063328
0.024472908790 -0.231001582020 0.972645539670 -0.509266228906
0.000000000000 0.000000000000 0.000000000000 1.000000000000
18 41 60
0.981673453073 -0.023812956987 0.189077165757 -0.552334225302
0.117942440129 0.855237789441 -0.504636408049 1.216561042404
-0.149689052197 0.517688387538 0.842372792213 0.887063269328
0.000000000000 0.000000000000 0.000000000000 1.000000000000
18 43 60
0.989472347293 0.072727328841 0.125120779974 -0.156265397125
-0.118472145632 0.903599269503 0.411670633959 -0.935197350284
-0.083119339814 -0.422160035762 0.902702652901 1.149853706218
0.000000000000 0.000000000000 0.000000000000 1.000000000000
18 45 60
-0.526788548705 0.576352241497 0.624749484734 -0.107789388757
0.837937016101 0.228758281439 0.495511055094 -1.329567026551
0.142672288832 0.784530268629 -0.603454120547 4.342863859017
0.000000000000 0.000000000000 0.000000000000 1.000000000000
18 46 60
0.109175515489 0.531568372187 0.839949863092 -2.047296613958
0.953855065833 0.181757846181 -0.239007528618 -0.376843126493
-0.279716320943 0.827284202099 -0.487195678096 3.214126109413
0.000000000000 0.000000000000 0.000000000000 1.000000000000
18 47 60
0.898408175638 -0.374254660808 -0.229774234434 -0.675371009310
0.337926320696 0.923293963755 -0.182576171159 -0.215230634688
0.280479146688 0.086381163212 0.955965346085 0.777500828466
0.000000000000 0.000000000000 0.000000000000 1.000000000000
18 48 60
0.987193973504 0.047430175542 -0.152310331642 -0.820293393275
-0.019382707966 0.983366233388 0.180596682318 -0.613584193960
0.158342569478 -0.175331769741 0.971692544589 0.773091129270
0.000000000000 0.000000000000 0.000000000000 1.000000000000
18 49 60
0.941899414701 0.162868589965 0.293767450525 -0.352028640534
-0.178166314368 0.983659567241 0.025896335644 0.172612230996
-0.284749463582 -0.076731207327 0.955526067050 1.888047769488
0.000000000000 0.000000000000 0.000000000000 1.000000000000
18 50 60
0.946715535868 -0.318622545013 -0.047003914262 -0.845563028908
0.318654998496 0.947844905470 -0.007001936016 -0.192194698170
0.046783395344 -0.008349190622 0.998870164204 1.029704902553
0.000000000000 0.000000000000 0.000000000000 1.000000000000
18 51 60
0.645352953661 -0.748086596751 -0.154550991466 -1.088090203200
0.758886990666 0.604766333803 0.241553755710 -0.309348667448
-0.087235890547 -0.273174166533 0.958000925959 1.052055216389
0.000000000000 0.000000000000 0.000000000000 1.000000000000
18 52 60
0.893511664701 -0.265893056048 -0.361853268314 -0.770312586967
0.329491650389 0.935708493907 0.126035180620 -0.271282737077
0.305077297365 -0.231841534622 0.923675995930 1.104105729680
0.000000000000 0.000000000000 0.000000000000 1.000000000000
18 53 60
0.978941643927 0.039950443673 0.200192956508 -1.267356455569
-0.006592688273 0.986339144457 -0.164595347969 -0.162093093328
-0.204033806627 0.159809430767 0.965831844366 0.867637841279
0.000000000000 0.000000000000 0.000000000000 1.000000000000
18 54 60
0.859321099822 0.271555035168 0.433387944313 -1.077524949961
-0.230306232418 0.962077086610 -0.146173591082 0.248455510073
-0.456646785504 0.025798106423 0.889273957222 0.633769946267
0.000000000000 0.000000000000 0.000000000000 1.000000000000
19 21 60
0.841335826243 -0.099125642816 0.531345588499 -0.244115470724
0.062543040747 0.994290246969 0.086459660169 -0.079280382543
-0.536882105806 -0.039509640833 0.842731625576 -0.316650547448
0.000000000000 0.000000000000 0.000000000000 1.000000000000
19 30 60
0.945238375974 0.117661462889 -0.304434217421 -0.033433104759
-0.028375543309 0.958851797581 0.282485501960 -0.817781384617
0.325144954025 -0.258377650787 0.909682223881 1.045307886164
0.000000000000 0.000000000000 0.000000000000 1.000000000000
19 36 60
0.861763353952 -0.130367369705 0.490273669191 -1.297214195024
0.094042525221 0.990719284671 0.098139199255 -0.511825497196
-0.498517728106 -0.038466191604 0.866025650237 0.999020261085
0.000000000000 0.000000000000 0.000000000000 1.000000000000
19 39 60
0.962004829985 -0.115478670766 0.247409344374 -0.646803220002
0.044746018228 0.960583384499 0.274367190599 -0.333223788045
-0.269340863848 -0.252871979513 0.929253066198 -0.173488499838
0.000000000000 0.000000000000 0.000000000000 1.000000000000
19 48 60
0.797995903737 -0.383763884239 0.464680340421 -1.519217253709
0.512250468482 0.838115031666 -0.187517069186 -0.297446036930
-0.317493299394 0.387670575166 0.865395591617 1.385613593906
0.000000000000 0.000000000000 0.000000000000 1.000000000000
19 51 60
0.318093867839 -0.946997086534 -0.044864343753 1.080223843080
0.865205300709 0.309316576438 -0.394642931224 -0.328775216935
0.387602991304 0.086716628380 0.917738605211 2.055044237929
0.000000000000 0.000000000000 0.000000000000 1.000000000000
19 52 60
0.792752764815 0.565070456889 -0.228557285224 0.580537533587
0.211309000090 0.096941933234 0.972600004145 -1.815339357475
0.571744313797 -0.819327553749 -0.042553487628 2.550679194546
0.000000000000 0.000000000000 0.000000000000 1.000000000000
19 53 60
0.948989541063 0.292171312787 0.118552836059 -0.515986699703
-0.297537556035 0.954237993932 0.030020887477 -0.437238915784
-0.104356378350 -0.063763429331 0.992493814277 1.127297015288
0.000000000000 0.000000000000 0.000000000000 1.000000000000
20 30 60
0.709551028197 0.091187213276 -0.698729010790 0.666340369477
-0.072957495918 0.995769214418 0.055864795770 -0.801007582474
0.700866993212 0.011338595674 0.713201860678 2.109583768837
0.000000000000 0.000000000000 0.000000000000 1.000000000000
20 39 60
0.966640849133 -0.002777681662 0.256120583461 -0.807803198913
-0.039438714520 0.986402402355 0.159545881883 -0.103810140975
-0.253081126489 -0.164324633313 0.953387307605 0.417383484195
0.000000000000 0.000000000000 0.000000000000 1.000000000000
20 45 60
0.987970269476 -0.127710345904 0.087205585721 -0.434607251549
0.056330610662 0.822369677215 0.566158084196 -0.722492106325
-0.144019474150 -0.554435011112 0.819670793379 0.699854297416
0.000000000000 0.000000000000 0.000000000000 1.000000000000
20 46 60
0.990770686425 0.125523655696 0.051159151494 -0.682353104837
-0.079916021732 0.236081437676 0.968441523405 -1.245267115696
0.109484594311 -0.963591908769 0.243933919255 1.107981132055
0.000000000000 0.000000000000 0.000000000000 1.000000000000
20 47 60
0.977063803715 0.186326279887 0.103096270023 -0.267648846147
-0.212231701775 0.812408051443 0.543093788136 -0.322887137811
0.017436405332 -0.552517579244 0.833318844378 0.455346414330
0.000000000000 0.000000000000 0.000000000000 1.000000000000
20 50 60
0.750067244166 0.644159097638 0.149860555715 0.296312362319
-0.623267129202 0.612684353091 0.485958814237 -0.100271692241
0.221217573636 -0.457904946914 0.861037655801 0.742436682758
0.000000000000 0.000000000000 0.000000000000 1.000000000000
20 51 60
0.942865045794 -0.326031031536 0.068624134929 -1.035754423392
0.331665482636 0.938052085848 -0.100281064333 -0.568737931076
-0.031678274062 0.117311767147 0.992589762309 2.081403809557
0.000000000000 0.000000000000 0.000000000000 1.000000000000
20 53 60
0.854339784076 0.214576423156 0.473350284642 -1.559429982152
-0.070287967984 0.950125434131 -0.303844139278 -0.147083743752
-0.514939933295 0.226315306691 0.826812099002 2.037562584964
0.000000000000 0.000000000000 0.000000000000 1.000000000000
21 44 60
-0.508841686411 -0.677807713939 -0.530713520739 1.672819501284
0.573174381816 -0.726728601658 0.378598293131 -0.708341788452
-0.642301538376 -0.111544800222 0.758291824658 1.113490032055
0.000000000000 0.000000000000 0.000000000000 1.000000000000
21 46 60
-0.609249031617 0.584428801407 0.535965104797 -0.779288587810
0.239120095814 0.779826738243 -0.578525572554 1.146378528196
-0.756066926437 -0.224306117632 -0.614857356092 2.886076420340
0.000000000000 0.000000000000 0.000000000000 1.000000000000
21 47 60
0.904962476761 0.103816498505 0.412631858069 -0.652408856990
-0.394452901984 0.568296350338 0.722112294805 -0.713840684053
-0.159530009000 -0.816248364672 0.555237591845 0.985223527532
0.000000000000 0.000000000000 0.000000000000 1.000000000000
21 48 60
0.988902488174 -0.125942339467 -0.078806065835 0.179175062036
0.144480149610 0.938803514680 0.312687459285 -0.088313538956
0.034602821440 -0.320603318690 0.946581299622 0.508350010171
0.000000000000 0.000000000000 0.000000000000 1.000000000000
21 49 60
0.335946744851 -0.802819027729 0.492566130931 -0.543175610699
0.108986491918 -0.486313653493 -0.866960769012 1.101322483735
0.935554236377 0.344935702911 -0.075879059391 1.991504071529
0.000000000000 0.000000000000 0.000000000000 1.000000000000
21 50 60
0.896228098874 0.441538808516 -0.042645930205 -0.068214254650
-0.411286503064 0.863123759083 0.293020116892 -0.012953665054
0.166188468872 -0.245073166789 0.955154718218 0.614903591799
0.000000000000 0.000000000000 0.000000000000 1.000000000000
21 52 60
0.958573446033 0.279419208902 -0.055334024411 -0.457928633757
-0.230438592601 0.874897274542 0.425972785562 0.020866355312
0.167436565902 -0.395575106264 0.903042264627 0.641737996639
0.000000000000 0.000000000000 0.000000000000 1.000000000000
22 27 60
0.968598847542 -0.026819871076 -0.247178006819 1.114798377763
0.022376021281 0.999533843903 -0.020770377068 0.059725814959
0.247619842119 0.014587302951 0.968747451290 0.092597918159
0.000000000000 0.000000000000 0.000000000000 1.000000000000
22 32 60
0.150657357895 -0.831823619341 0.534202046812 -1.166341676282
-0.715411834639 -0.464671027088 -0.521791858353 0.798651059291
0.682267005922 -0.303562683628 -0.665102570840 4.736159039719
0.000000000000 0.000000000000 0.000000000000 1.000000000000
22 42 60
-0.660416941012 0.697578293520 -0.277910036584 0.661277229734
-0.636052149206 -0.716397886542 -0.286725882419 0.498065209490
-0.399107914623 -0.012593354121 0.916817473610 0.873969163966
0.000000000000 0.000000000000 0.000000000000 1.000000000000
22 44 60
0.860644588966 0.403278362264 0.310897819249 -1.408227315678
-0.508571855863 0.711224481319 0.485298263541 -1.260107763851
-0.025407851309 -0.575783205470 0.817207526514 1.626351133024
0.000000000000 0.000000000000 0.000000000000 1.000000000000
22 47 60
0.819654755687 0.139244317221 0.555677155911 -1.613935957884
-0.026810522616 0.978270313366 -0.205592776782 -0.144164955816
-0.572230091272 0.153617102269 0.805577127613 2.005660479427
0.000000000000 0.000000000000 0.000000000000 1.000000000000
22 49 60
-0.006231596532 -0.938211279555 -0.346006881608 -0.098069141321
0.930976221874 -0.131749845490 0.340477976553 -1.293882022111
-0.365026631233 -0.320002458005 0.874273404240 2.008940994527
0.000000000000 0.000000000000 0.000000000000 1.000000000000
22 52 60
-0.553037413959 0.131860712714 -0.822655682047 0.526902018549
0.768373524727 -0.301014145662 -0.564794308230 -0.220520916458
-0.322105177325 -0.944459229694 0.065153804080 3.203733704319
0.000000000000 0.000000000000 0.000000000000 1.000000000000
22 53 60
0.366679787347 -0.596682661780 0.713803708790 -1.216400651446
0.273696101846 0.802476729694 0.530208960821 -1.311997168756
-0.889177359915 0.000948383576 0.457561715163 2.388409172045
0.000000000000 0.000000000000 0.000000000000 1.000000000000
23 27 60
0.880898156642 0.046611634923 -0.471005088205 0.431260598614
-0.037150908924 0.998877992691 0.029369468580 -0.040007457789
0.471845576001 -0.008373243599 0.881641447075 0.282313210389
0.000000000000 0.000000000000 0.000000000000 1.000000000000
23 28 60
1.000000000000 0.000000000000 0.000000000000 0.000000000000
0.000000000000 1.000000000000 0.000000000000 0.000000000000
0.000000000000 0.000000000000 1.000000000000 0.000000000000
0.000000000000 0.000000000000 0.000000000000 1.000000000000
23 30 60
0.648647321289 0.432799293560 0.626052253472 -0.870313757033
-0.749600664599 0.505673530650 0.427075080089 -0.933937470355
-0.131740260425 -0.746310291966 0.652430419194 1.067805324459
0.000000000000 0.000000000000 0.000000000000 1.000000000000
23 43 60
0.820347881095 -0.126030645932 0.557804293878 -2.182198339020
0.074617929304 0.990663937814 0.114092624398 -0.299389843697
-0.566975765452 -0.051973441307 0.822093208091 1.696477529512
0.000000000000 0.000000000000 0.000000000000 1.000000000000
23 46 60
0.766527332357 -0.573018562301 0.289975129982 -1.525873041936
0.581594656176 0.810879760436 0.064974379744 -0.394762620271
-0.272366489599 0.118843348045 0.954826033353 1.752091301140
0.000000000000 0.000000000000 0.000000000000 1.000000000000
23 47 60
0.952731976674 -0.215588356972 0.214064104793 -1.305178440137
0.252482992457 0.953740620068 -0.163190588428 0.134845969791
-0.168979641207 0.209524437644 0.963091579699 1.671829331156
0.000000000000 0.000000000000 0.000000000000 1.000000000000
23 48 60
0.814542131061 0.531347141913 0.232790316610 -1.445453366467
-0.296239798996 0.726019283615 -0.620594860847 0.641531326101
-0.498761564495 0.436538903879 0.748779464985 1.902765650390
0.000000000000 0.000000000000 0.000000000000 1.000000000000
23 49 60
0.917005494008 0.385411513509 -0.102756455823 -0.905158414349
-0.331349502395 0.592639156320 -0.734156888995 0.594768774220
-0.222055018455 0.707274201177 0.671159275529 2.204747584180
0.000000000000 0.000000000000 0.000000000000 1.000000000000
23 50 60
-0.657647957310 0.691848401962 0.298068705080 -1.324711039012
-0.054908719129 0.350595054887 -0.934916113912 1.098867341716
-0.751321633396 -0.631212243379 -0.192579612106 3.192136887696
0.000000000000 0.000000000000 0.000000000000 1.000000000000
23 51 60
-0.606260608884 -0.219566757131 -0.764354965496 -0.170146657373
0.551012646442 -0.809014059646 -0.204649248119 0.164911669173
-0.573439741888 -0.545240030131 0.611457416314 2.510956390393
0.000000000000 0.000000000000 0.000000000000 1.000000000000
23 52 60
-0.654869021862 0.585573123429 -0.477755880469 0.047849645666
-0.696918802183 -0.712439613740 0.082060830715 -0.080542295872
-0.292319597991 0.386696151896 0.874651552757 2.233046502500
0.000000000000 0.000000000000 0.000000000000 1.000000000000
23 53 60
0.755220293833 0.612050088546 0.234599652373 -1.314907190215
-0.409149529771 0.719805853982 -0.560781771156 0.770146214851
-0.512092735811 0.327527436536 0.794031994473 2.109941936457
0.000000000000 0.000000000000 0.000000000000 1.000000000000
23 54 60
0.756860378710 -0.048785068404 0.651753315480 -2.865912898686
0.277546621335 0.926818966645 -0.252931761654 0.309385103802
-0.591718041067 0.372325959569 0.715012684997 1.193693938209
0.000000000000 0.000000000000 0.000000000000 1.000000000000
23 56 60
-0.889208973737 -0.446458098847 -0.099912796975 -1.554681147631
0.418294764945 -0.881835985353 0.217703432576 -1.078212913402
-0.185302160391 0.151790845935 0.970887557055 -0.051963387551
0.000000000000 0.000000000000 0.000000000000 1.000000000000
24 26 60
1.000000000000 0.000000000000 0.000000000000 0.000000000000
0.000000000000 1.000000000000 0.000000000000 0.000000000000
0.000000000000 0.000000000000 1.000000000000 0.000000000000
0.000000000000 0.000000000000 0.000000000000 1.000000000000
24 27 60
0.904727992056 0.424985096799 0.029239149944 -0.057479568687
-0.376133081711 0.829178864518 -0.413504915907 1.485515432798
-0.199977911864 0.363111660699 0.910032283291 0.015332678326
0.000000000000 0.000000000000 0.000000000000 1.000000000000
24 28 60
0.995167540949 0.081616182515 -0.054592711899 0.073429275974
-0.082339458974 0.996542196157 -0.011129455276 0.144085509745
0.053495597357 0.015570807001 0.998446679113 -0.050173179067
0.000000000000 0.000000000000 0.000000000000 1.000000000000
24 31 60
0.718389220203 -0.653948456038 0.237209496315 -0.111861508336
-0.481208079765 -0.713404984555 -0.509403682732 0.938041522125
0.502350188877 0.251802988183 -0.827187731339 3.637765705817
0.000000000000 0.000000000000 0.000000000000 1.000000000000
24 43 60
0.117082953969 -0.641661202696 0.757998999237 -1.323163402884
0.384914515085 0.732909563447 0.560967367932 -1.189083680460
-0.915495711605 0.226085100708 0.332795927365 2.276967222805
0.000000000000 0.000000000000 0.000000000000 1.000000000000
24 44 60
0.641194898924 0.167786761708 0.748810192365 -1.123143481638
-0.354739907036 0.930090091300 0.095352086614 0.037826931618
-0.680462122348 -0.326772129566 0.655889682331 1.577985906364
0.000000000000 0.000000000000 0.000000000000 1.000000000000
24 45 60
0.989864232632 0.140640149982 0.019726864162 -0.441492097971
-0.135086493790 0.975293796911 -0.174796020843 0.501488552640
-0.043822826837 0.170359496126 0.984407030617 1.230390908283
0.000000000000 0.000000000000 0.000000000000 1.000000000000
24 46 60
0.557180280706 -0.453279742050 0.695764047820 -0.747146825838
0.497586674225 0.853038721588 0.157265511494 -0.124174258553
-0.664798944363 0.258577676761 0.700842313688 1.578375500080
0.000000000000 0.000000000000 0.000000000000 1.000000000000
24 47 60
-0.163643549525 -0.272144675464 0.948239455157 -0.910938609748
0.465450575439 0.826187989828 0.317441596656 -0.286669631734
-0.869814089632 0.493305869700 -0.008530439433 2.565757357651
0.000000000000 0.000000000000 0.000000000000 1.000000000000
24 48 60
0.894774325733 -0.011175721432 -0.446378773308 0.393509121995
0.358129070011 -0.579111662910 0.732375075419 -1.275388930403
-0.266687973525 -0.815171629249 -0.514171896981 3.433779846929
0.000000000000 0.000000000000 0.000000000000 1.000000000000
24 49 60
0.850939799027 -0.055977467432 0.522271942164 -0.839644626182
0.219635700195 0.941127012146 -0.256982696322 -0.321059336411
-0.477138991942 0.333386367671 0.813137080829 1.398028170467
0.000000000000 0.000000000000 0.000000000000 1.000000000000
24 50 60
0.781620495277 0.176949397533 -0.598129009559 1.239800514778
0.397854903225 -0.879959614479 0.259581495614 -0.598221156706
-0.480396583401 -0.440862776381 -0.758194655124 3.237778767407
0.000000000000 0.000000000000 0.000000000000 1.000000000000
24 51 60
0.984228181923 0.176341671639 -0.014089029508 0.085573007806
-0.115518897846 0.700981618544 0.703761433089 -0.294889704949
0.133978618254 -0.691034286636 0.710296659533 1.975412544890
0.000000000000 0.000000000000 0.000000000000 1.000000000000
24 52 60
0.895041286751 -0.089646624230 0.436880507434 -0.882523121773
0.150586933761 0.982806609400 -0.106839804850 -0.390730892980
-0.419791222386 0.161414532444 0.893152102569 1.637326360074
0.000000000000 0.000000000000 0.000000000000 1.000000000000
24 54 60
0.344743886267 -0.376811101535 0.859747082950 -2.365058752613
0.326131526958 0.906919290452 0.266712631364 -0.947460389976
-0.880221494855 0.188443079907 0.435544860640 1.667793240672
0.000000000000 0.000000000000 0.000000000000 1.000000000000
24 55 60
0.957880523188 0.287148221528 0.003286665530 -0.280404680079
-0.286191003280 0.955505163824 -0.071446424309 0.537112169236
-0.023656139560 0.067496524192 0.997439023842 -0.403059738684
0.000000000000 0.000000000000 0.000000000000 1.000000000000
24 56 60
0.859188509415 -0.282835835831 0.426378933883 -1.248177834342
0.275895224203 0.957897348166 0.079463800809 0.692274206884
-0.430902460600 0.049361526989 0.901047451082 -0.442377660836
0.000000000000 0.000000000000 0.000000000000 1.000000000000
25 27 60
0.879769138046 0.420044859192 -0.222640023374 0.372535772342
-0.450491371935 0.886203446612 -0.108171045226 0.568456779323
0.151867664607 0.195462956797 0.968881027251 -0.284014959382
0.000000000000 0.000000000000 0.000000000000 1.000000000000
25 29 60
0.958301856179 -0.192427532231 0.211256236083 -1.025009742961
0.240770528063 0.941892086094 -0.234241010435 0.154675191094
-0.153906157320 0.275337870612 0.948947812973 0.704592456619
0.000000000000 0.000000000000 0.000000000000 1.000000000000
25 30 60
-0.115241504785 0.851919741811 0.510834757126 -1.499941683942
-0.870151376306 -0.334623582028 0.361750799120 -1.095061643322
0.479120003639 -0.402814860530 0.779861660968 1.475521272705
0.000000000000 0.000000000000 0.000000000000 1.000000000000
25 31 60
0.971863316575 -0.020745686449 0.234630156606 -0.694307905389
0.000003232808 0.996115015383 0.088061774446 -0.671854046963
-0.235545524018 -0.085583249663 0.968087709607 1.094266551457
0.000000000000 0.000000000000 0.000000000000 1.000000000000
25 33 60
-0.740684988713 -0.273182804587 0.613805264537 -1.920547224912
0.666597288913 -0.184769727656 0.722155247960 -1.866425171486
-0.083867764422 0.944050476945 0.318959080559 2.634458598797
0.000000000000 0.000000000000 0.000000000000 1.000000000000
25 42 60
0.969876076225 0.148071803187 0.193429930123 -0.773476362490
-0.068923513425 0.928408265050 -0.365113191605 1.074548767783
-0.233644914483 0.340782679266 0.910646594156 0.142669108683
0.000000000000 0.000000000000 0.000000000000 1.000000000000
25 43 60
0.975718832333 0.218495423181 0.015248287782 -0.403696399175
-0.216659404477 0.973038860011 -0.079082737436 0.450761268846
-0.032116392743 0.073858831278 0.996751428572 0.197857048983
0.000000000000 0.000000000000 0.000000000000 1.000000000000
25 44 60
0.938884990927 0.134373136423 0.316920863971 -0.554881910934
0.025582359384 0.890880014179 -0.453517743009 0.972253700127
-0.343279065340 0.433908585469 0.832996292162 1.003505695591
0.000000000000 0.000000000000 0.000000000000 1.000000000000
25 45 60
0.875011865977 0.468595291010 -0.121542945671 -0.258080015394
-0.484026117850 0.851282358145 -0.202576069540 0.252818716873
0.008541173149 0.236086424756 0.971694524224 0.969086200008
0.000000000000 0.000000000000 0.000000000000 1.000000000000
25 46 60
-0.747682368543 0.470291476674 -0.468825130233 0.423056399532
0.429093306745 0.880973467760 0.199410840249 -0.414581788132
0.506803719280 -0.052073756066 -0.860487253859 3.966792452908
0.000000000000 0.000000000000 0.000000000000 1.000000000000
25 47 60
-0.667814696953 0.293409345703 -0.684057370685 0.278093489095
0.024191685072 0.927097729805 0.374038182226 -0.442070773320
0.743934333733 0.233239694829 -0.626227555964 3.640205536969
0.000000000000 0.000000000000 0.000000000000 1.000000000000
25 49 60
0.222916982982 0.096099882900 0.970089084159 -2.002392095082
-0.180846729011 0.981931850882 -0.055716252821 0.092398749340
-0.957915695301 -0.163017338738 0.236268635173 2.598034999226
0.000000000000 0.000000000000 0.000000000000 1.000000000000
25 50 60
0.401207223643 -0.681396671928 0.612153035754 -1.260577131067
0.320247442968 0.730469272753 0.603204954253 -0.435164985170
-0.858180831159 -0.045969740578 0.511285090710 2.218548770264
0.000000000000 0.000000000000 0.000000000000 1.000000000000
25 51 60
0.599008398392 -0.742261314516 0.300394872841 -1.156527463538
0.643833158771 0.669503928056 0.370463701304 -0.136289785542
-0.476096421245 -0.028506688520 0.878930922421 2.012289685897
0.000000000000 0.000000000000 0.000000000000 1.000000000000
25 52 60
-0.684822865064 -0.719638289575 0.114622753690 -0.474285536050
0.685340475230 -0.582593553616 0.436913245733 -1.502690665116
-0.247641023454 0.377763793213 0.892170633926 1.844116464510
0.000000000000 0.000000000000 0.000000000000 1.000000000000
25 53 60
0.529592425578 0.397741238640 0.749222109829 -1.987956536718
-0.385912420080 0.899527253955 -0.204749416167 0.422283061324
-0.755382993453 -0.180700377638 0.629876104264 1.790464890343
0.000000000000 0.000000000000 0.000000000000 1.000000000000
26 30 60
0.893723217040 -0.423840541800 0.147030630995 -0.126385741001
0.382453323747 0.891140615712 0.244126725663 0.207582219930
-0.234495770706 -0.161949369108 0.958532281859 0.774272654239
0.000000000000 0.000000000000 0.000000000000 1.000000000000
26 31 60
0.984208733449 0.130334111636 -0.119775574917 0.262251913519
-0.175094076969 0.617491466628 -0.766841804319 0.673412672746
-0.025985249909 0.775704394718 0.630561225260 1.792143075378
0.000000000000 0.000000000000 0.000000000000 1.000000000000
26 32 60
0.936644493741 0.057268989070 -0.345568162937 0.128891132482
-0.101539275815 0.988576219901 -0.111385963715 0.303621695917
0.335241506696 0.139417790603 0.931759524691 1.086409100575
0.000000000000 0.000000000000 0.000000000000 1.000000000000
26 42 60
0.376971302664 0.406230511507 0.832387775312 -2.064012364398
-0.918842562473 0.277256294827 0.280815406215 -0.328388794947
-0.116708964336 -0.870692665927 0.477779550781 0.870219680656
0.000000000000 0.000000000000 0.000000000000 1.000000000000
26 43 60
0.695661852500 -0.040679483625 0.717216680361 -1.643467735758
-0.280453581660 0.903787383602 0.323286488699 -0.570559961721
-0.661362514442 -0.426044064450 0.617321698660 0.920731758675
0.000000000000 0.000000000000 0.000000000000 1.000000000000
26 44 60
0.881733230676 0.252294369869 0.398615178906 -0.879011480220
-0.108861840204 0.930986140113 -0.348444983698 0.690798983992
-0.459015914396 0.263841539280 0.848346646414 0.764993172096
0.000000000000 0.000000000000 0.000000000000 1.000000000000
26 45 60
0.564072580925 0.106149588337 0.818873853743 -1.242700453067
0.458704548820 0.784323344595 -0.417644619282 0.570132853304
-0.686594684178 0.611203039929 0.393723994240 1.955408051551
0.000000000000 0.000000000000 0.000000000000 1.000000000000
26 46 60
0.585054805917 -0.356103208600 -0.728629795505 1.025629263590
-0.734111353387 -0.614365934853 -0.289197197290 0.480494817127
-0.344661275604 0.704091615429 -0.620857151188 3.290292494548
0.000000000000 0.000000000000 0.000000000000 1.000000000000
26 47 60
0.282147653921 0.857069253332 0.431074235346 -0.312412988280
-0.869656189750 0.418213241861 -0.262289526974 0.590813082401
-0.405081242488 -0.300882002326 0.863353466235 0.963322815746
0.000000000000 0.000000000000 0.000000000000 1.000000000000
26 48 60
-0.642393645588 -0.765352528636 -0.039571593586 0.413621461916
0.706817176430 -0.611637852275 0.355399235745 -0.830376001824
-0.296209188265 0.200336328644 0.933876582966 0.909837795617
0.000000000000 0.000000000000 0.000000000000 1.000000000000
26 50 60
-0.892736671713 -0.155819201233 -0.422778442574 0.333936569760
0.241999939236 0.625669202988 -0.741602371788 1.317755275504
0.380075340410 -0.764367990538 -0.520849604639 2.776421085684
0.000000000000 0.000000000000 0.000000000000 1.000000000000
26 51 60
0.620609201563 0.777346697678 0.102841288127 0.322477366438
-0.770637042135 0.628886427098 -0.103055378808 0.572541422917
-0.144785248642 -0.015296189733 0.989344863208 1.127600658534
0.000000000000 0.000000000000 0.000000000000 1.000000000000
27 29 60
0.991147182904 -0.058601902179 -0.119134708973 0.341872404937
0.076179011078 0.985928558218 0.148800659818 -0.901864134811
0.108738310141 -0.156558919107 0.981664547977 1.085108566691
0.000000000000 0.000000000000 0.000000000000 1.000000000000
27 30 60
0.998234121830 -0.018478714622 -0.056455071694 -0.048192281017
0.016236721163 0.999071081423 -0.039916702635 -0.740785751691
0.057140238886 0.038929569344 0.997606877347 1.551364049779
0.000000000000 0.000000000000 0.000000000000 1.000000000000
27 44 60
-0.867715503454 -0.494563043775 -0.049771485780 0.132123685754
0.118934974278 -0.303803153271 0.945282029849 -2.089571862516
-0.482622292231 0.814316302056 0.322435548982 2.490759245944
0.000000000000 0.000000000000 0.000000000000 1.000000000000
27 46 60
-0.368769408007 0.429537109049 0.824322143138 -0.234307096118
0.704457437823 -0.449418561653 0.549329295358 -1.248783850312
0.606422989351 0.783275703946 -0.136858794363 2.507484711973
0.000000000000 0.000000000000 0.000000000000 1.000000000000
27 49 60
-0.382867319705 -0.621445468291 -0.683533573018 1.114000082903
-0.790642082663 0.603124685137 -0.105478487384 -0.023199201275
0.477805098994 0.500046141989 -0.722257670957 4.062231938851
0.000000000000 0.000000000000 0.000000000000 1.000000000000
27 50 60
0.609183395148 -0.440816036907 0.659224402371 -1.360202695840
0.451714245199 0.876120234971 0.168426763190 -1.217435288256
-0.651805056562 0.195178265900 0.732840782681 2.360776622277
0.000000000000 0.000000000000 0.000000000000 1.000000000000
27 51 60
0.169828583121 0.267638371404 0.948434475600 -1.826792055502
0.863100598511 0.424097123229 -0.274224336847 -0.734319414683
-0.475621287587 0.865165494123 -0.158975024999 3.410370145903
0.000000000000 0.000000000000 0.000000000000 1.000000000000
27 52 60
0.569613127461 0.407421568990 -0.713826694756 0.953010103288
0.599103311033 -0.800389984607 0.021239003035 -0.225836882266
-0.562686509287 -0.439753951275 -0.700000253289 4.105901192240
0.000000000000 0.000000000000 0.000000000000 1.000000000000
27 53 60
0.781478810409 0.489022348934 -0.387489369048 -0.230127365725
0.604571886664 -0.439992542879 0.664002557274 -1.884009911033
0.154219657430 -0.753169107474 -0.639494013114 3.958542193097
0.000000000000 0.000000000000 0.000000000000 1.000000000000
27 57 60
0.964230906675 -0.145630872062 -0.221473266368 0.749470053451
-0.026422602863 0.778576424469 -0.626993299262 1.605060863314
0.263743444792 0.610418217588 0.746879504984 1.666865429582
0.000000000000 0.000000000000 0.000000000000 1.000000000000
28 30 60
0.987077780138 0.133405501286 -0.088771775837 0.150145904825
-0.131613447608 0.990966106321 0.025769682405 -0.616501152022
0.091407638452 -0.013753121435 0.995718582373 0.971018373432
0.000000000000 0.000000000000 0.000000000000 1.000000000000
28 31 60
0.834801280852 0.434016293792 -0.338728029856 0.570199643204
-0.323300184967 0.884453114726 0.336481319320 -0.936811200685
0.445627436193 -0.171384201646 0.878660141089 1.436196944584
0.000000000000 0.000000000000 0.000000000000 1.000000000000
28 42 60
0.693280266373 -0.707253363510 0.138402138931 -0.817059308351
0.261496506184 0.425834485814 0.866189683583 -2.081181842329
-0.671551970819 -0.564320538786 0.480166929301 1.382574581696
0.000000000000 0.000000000000 0.000000000000 1.000000000000
28 45 60
0.927877599411 0.266023120811 0.261294584147 -0.653713513353
-0.241034956437 0.962556896720 -0.124041808891 0.507543310734
-0.284508893158 0.052114487153 0.957255853961 1.122923416237
0.000000000000 0.000000000000 0.000000000000 1.000000000000
28 46 60
0.761634283616 -0.221091077792 0.609123922811 -0.927630653552
0.307961917620 0.950555365724 -0.040049394361 0.161967806530
-0.570151449455 0.218089963121 0.792063187297 1.484525798465
0.000000000000 0.000000000000 0.000000000000 1.000000000000
28 47 60
0.629390735787 0.776310630286 0.034772216060 -0.524394482953
0.748252637465 -0.617504763675 0.242499190443 -0.982211669119
0.209726708438 -0.126608341523 -0.969528254165 3.977010867527
0.000000000000 0.000000000000 0.000000000000 1.000000000000
28 51 60
0.952127811205 -0.142783021805 0.270306566355 -0.913281674043
0.167953626551 0.983141585312 -0.072278645251 -0.715292870213
-0.255429462786 0.114217476400 0.960057372049 1.862016549578
0.000000000000 0.000000000000 0.000000000000 1.000000000000
28 52 60
0.750624190104 -0.478507607281 -0.455624620719 -0.420214920209
0.611444286993 0.241730436428 0.753460204661 -1.550751861420
-0.250398101300 -0.844154527251 0.474029455822 2.142778741990
0.000000000000 0.000000000000 0.000000000000 1.000000000000
28 53 60
0.571529630625 0.371448241309 0.731696716780 -1.547991668718
0.125214866144 0.841760968465 -0.525128278867 -0.029522744498
-0.810971712586 0.391745677701 0.434580493566 2.260921596776
0.000000000000 0.000000000000 0.000000000000 1.000000000000
29 31 60
0.990708842280 0.135415996579 -0.012589586918 -0.081823437373
-0.133187726241 0.984784571065 0.111626064030 -0.339031046238
0.027513985657 -0.108912150208 0.993670530976 0.839447203033
0.000000000000 0.000000000000 0.000000000000 1.000000000000
29 41 60
0.414729125631 -0.023648885802 0.909637555597 -2.360286024681
0.464928260914 0.864832561053 -0.189489718839 -0.127396012326
-0.782202956116 0.501503112196 0.369666287212 1.183847059545
0.000000000000 0.000000000000 0.000000000000 1.000000000000
29 44 60
0.318123298341 0.109104191230 0.941750414127 -1.412686247116
0.939689605236 0.095338204257 -0.328472331589 0.192128252057
-0.125622501420 0.989447776421 -0.072194770390 2.313453582062
0.000000000000 0.000000000000 0.000000000000 1.000000000000
29 45 60
0.976759909758 0.212158749595 0.030475295882 -0.512742971089
-0.167565451605 0.844518695193 -0.508635422379 0.474205583469
-0.133648412325 0.491708082545 0.860442481194 0.819725304228
0.000000000000 0.000000000000 0.000000000000 1.000000000000
29 46 60
0.647535565913 0.748888166599 0.140940429992 -0.074319627601
0.743496733472 -0.580334862144 -0.332301151211 0.155046271903
-0.167063754880 0.319965563316 -0.932583368980 3.585365745779
0.000000000000 0.000000000000 0.000000000000 1.000000000000
29 47 60
-0.831103008908 -0.498451427688 -0.246604871849 0.360621438956
0.463300316874 -0.375312498666 -0.802803428449 1.312190171653
0.307604624427 -0.781464460216 0.542856051317 0.986393581969
0.000000000000 0.000000000000 0.000000000000 1.000000000000
29 48 60
0.821044964056 0.470933751171 -0.322655495856 0.302766572863
0.521716547832 -0.389579091740 0.758972973826 -1.388373800042
0.231726154581 -0.791485649451 -0.565555882293 2.846251046217
0.000000000000 0.000000000000 0.000000000000 1.000000000000
29 49 60
-0.519778366974 -0.655087206391 -0.548353172006 0.727337972578
-0.589614374573 0.739571735011 -0.324636008583 0.696685389533
0.618211402776 0.154578138155 -0.770662222171 3.169020159303
0.000000000000 0.000000000000 0.000000000000 1.000000000000
29 50 60
0.174979034861 0.769404129345 0.614328595384 -0.214088403530
-0.822325019392 0.457337727889 -0.338561316649 0.310586220239
-0.541446119056 -0.445936641684 0.712724779816 1.257477555031
0.000000000000 0.000000000000 0.000000000000 1.000000000000
29 51 60
0.239540095069 -0.693825180511 0.679137071395 -0.288032798743
-0.738838122271 0.323539866588 0.591134657931 -0.258179022863
-0.629872028219 -0.643372810754 -0.435123723152 2.322909863863
0.000000000000 0.000000000000 0.000000000000 1.000000000000
29 52 60
-0.974654108968 -0.197427432341 -0.105222511050 0.907579005296
-0.114092377264 0.843224150538 -0.525315106769 0.989188095637
0.192437775197 -0.499995440888 -0.844376848195 2.911900922351
0.000000000000 0.000000000000 0.000000000000 1.000000000000
30 44 60
0.929273466441 0.368300387164 0.028383963477 -0.280427330345
-0.330323882864 0.862925600949 -0.382420631814 0.629378136699
-0.165338915498 0.345997445138 0.923552278423 -0.010198150412
0.000000000000 0.000000000000 0.000000000000 1.000000000000
30 45 60
0.982953975562 0.164572657333 0.081959272721 -0.390780990076
-0.147875298386 0.972590525587 -0.179445160607 0.115926518164
-0.109244579059 0.164266582105 0.980347954529 0.150296936036
0.000000000000 0.000000000000 0.000000000000 1.000000000000
30 46 60
0.842201178703 0.422958052255 0.334370543895 -0.549003651611
-0.130089050306 0.761252223965 -0.635273083404 0.763175752092
-0.523234186175 0.491529793136 0.696149731651 0.679067358862
0.000000000000 0.000000000000 0.000000000000 1.000000000000
30 47 60
0.842149833742 0.492824055974 0.218879207286 -0.598155135489
-0.334320731439 0.795647927384 -0.505147527144 0.750300590702
-0.423099640817 0.352234049322 0.834816068628 0.513672282775
0.000000000000 0.000000000000 0.000000000000 1.000000000000
30 48 60
0.759919020621 -0.191806652914 0.621074303121 -1.301335334333
0.081608019136 0.976065037692 0.201586639956 -0.468171060487
-0.644874571767 -0.102504878391 0.757383348506 0.810999415994
0.000000000000 0.000000000000 0.000000000000 1.000000000000
30 49 60
0.974917800338 -0.078615170885 0.208218484989 -0.801116640207
-0.010400283106 -0.950608959227 -0.310216764132 0.369107988547
0.222322101231 0.300270314124 -0.927583215545 2.953545919987
0.000000000000 0.000000000000 0.000000000000 1.000000000000
30 50 60
0.416640356020 -0.159394972016 0.894988299718 -1.206071582565
0.417275882795 0.908198355783 -0.032505140984 -0.262896767469
-0.807645746211 0.386999986368 0.444903763951 1.232957515391
0.000000000000 0.000000000000 0.000000000000 1.000000000000
30 51 60
0.985639632160 0.033419034117 0.165522456704 -0.015228930607
-0.046986062659 0.995787366363 0.078739004999 -0.014600439829
-0.162193789741 -0.085385532447 0.983057722323 0.608568232564
0.000000000000 0.000000000000 0.000000000000 1.000000000000
30 52 60
0.723215540684 -0.230467659736 0.651032978834 -1.355695928401
0.236885665342 0.968269485992 0.079620249012 -0.295445957018
-0.648725260237 0.096637778912 0.754862024755 1.136847934904
0.000000000000 0.000000000000 0.000000000000 1.000000000000
31 40 60
0.051895821168 -0.662355839012 -0.747389835542 1.904502979144
0.014945967920 0.748829612069 -0.662594016069 1.838908552954
0.998540656052 0.023215396059 0.048760676755 1.226277300501
0.000000000000 0.000000000000 0.000000000000 1.000000000000
31 44 60
-0.044892854737 0.027408806426 -0.998615736369 1.673996866055
0.982075493302 0.184390416188 -0.039088359832 -0.104312926057
0.183063805953 -0.982470829973 -0.035195329260 1.612981296137
0.000000000000 0.000000000000 0.000000000000 1.000000000000
31 45 60
0.752778481418 -0.230413791862 0.616631204557 -1.681042674350
0.406338822514 0.899623070917 -0.159897128151 0.487044729142
-0.517893154262 0.370928314898 0.770842958050 0.551119449887
0.000000000000 0.000000000000 0.000000000000 1.000000000000
31 46 60
0.586708949647 0.554095493216 0.590551261790 -1.154365315580
-0.514632066660 0.818180098822 -0.256388692919 0.968137593843
-0.625241108989 -0.153491075599 0.765188895203 0.451440730488
0.000000000000 0.000000000000 0.000000000000 1.000000000000
31 47 60
0.625135104942 -0.252248142418 0.738631826566 -1.475391520702
0.619443475253 0.736087900536 -0.272881629375 0.505054293574
-0.474864066376 0.628128551597 0.616407852914 0.725230419306
0.000000000000 0.000000000000 0.000000000000 1.000000000000
31 48 60
0.564016250002 -0.122095900914 0.816687370243 -1.732022098305
-0.292086066884 0.895573942842 0.335608465975 0.159405398244
-0.772380346246 -0.427831630296 0.469455745360 0.970475798925
0.000000000000 0.000000000000 0.000000000000 1.000000000000
31 49 60
0.112348021197 0.227869448198 0.967188418412 -1.676842086003
-0.546584527327 0.827037001860 -0.131358867385 0.639797775035
-0.829833282425 -0.513892315697 0.217465885251 1.180081603414
0.000000000000 0.000000000000 0.000000000000 1.000000000000
31 50 60
0.150429246308 0.165635728047 0.974646524361 -1.555200047738
-0.156593413833 0.977411129315 -0.141936559899 0.785663224288
-0.976140125494 -0.131271816801 0.172968683623 1.471664381404
0.000000000000 0.000000000000 0.000000000000 1.000000000000
31 51 60
0.758010058393 -0.305787650906 0.576120355420 -0.594372040754
0.350488057050 0.935890334732 0.035600607025 -0.384483491515
-0.550071698273 0.174937685788 0.816589206915 0.665166745873
0.000000000000 0.000000000000 0.000000000000 1.000000000000
31 52 60
0.720903219585 -0.449095462697 -0.527836919300 -0.001401218490
-0.687045958587 -0.363197711657 -0.629329224681 1.362645502072
0.090919738129 0.816333686449 -0.570379622345 2.281786670594
0.000000000000 0.000000000000 0.000000000000 1.000000000000
32 36 60
0.687486686742 0.674905475381 -0.268075837875 -0.011471931781
-0.647400217003 0.736838728655 0.194786157052 -0.328741730524
0.328990903486 0.039639465879 0.943500767445 -0.480754441809
0.000000000000 0.000000000000 0.000000000000 1.000000000000
32 44 60
0.861365935302 -0.489768093562 -0.134818173962 -0.243969665351
0.462818356129 0.647235115688 0.605711048480 -1.101286641845
-0.209398889042 -0.584135189446 0.784179944731 0.269495487777
0.000000000000 0.000000000000 0.000000000000 1.000000000000
32 45 60
0.942705403384 0.328545282049 0.058004483224 -0.416656280268
-0.216156234722 0.733910287237 -0.643934913232 1.164439408541
-0.254131864633 0.594502891441 0.762878304480 0.529741802685
0.000000000000 0.000000000000 0.000000000000 1.000000000000
32 47 60
0.979039470181 0.132410081497 -0.154755569032 -0.242880819924
-0.085293826940 0.956545669235 0.278828523924 -0.147073223362
0.184950476924 -0.259784435610 0.947789727788 0.091989741417
0.000000000000 0.000000000000 0.000000000000 1.000000000000
32 48 60
-0.382977264536 -0.670393627745 0.635531902211 -1.140035202254
0.665746188146 0.276641931543 0.693001626752 -1.353061030586
-0.640398647576 0.688506808674 0.340364432030 1.870742991487
0.000000000000 0.000000000000 0.000000000000 1.000000000000
32 49 60
-0.572430484437 -0.730364166265 0.372681533114 -1.019934924524
0.199515318166 -0.564923146893 -0.800659400695 1.217983571209
0.795309360126 -0.383966173955 0.469098069655 0.640935859126
0.000000000000 0.000000000000 0.000000000000 1.000000000000
32 50 60
-0.784783946018 -0.322857417992 -0.529034257605 0.894440062411
0.225748418971 0.646048217595 -0.729149745850 1.118201690748
0.577193043447 -0.691653662023 -0.434123717858 2.171055210358
0.000000000000 0.000000000000 0.000000000000 1.000000000000
32 51 60
0.019966863410 0.693018399804 -0.720643338899 0.267455072422
-0.089302481881 0.719142222354 0.689100522970 -0.296726406717
0.995804393993 0.050596062697 0.076247277618 1.332260892555
0.000000000000 0.000000000000 0.000000000000 1.000000000000
32 52 60
0.124511682871 0.992193832430 0.006945481747 -0.355724096597
0.706733726990 -0.083771320151 -0.702502530284 0.528513819504
-0.696436845639 0.092378378468 -0.711647353138 2.866236846759
0.000000000000 0.000000000000 0.000000000000 1.000000000000
33 37 60
0.541058839610 0.757540524430 -0.365222789439 0.713310943093
-0.817165320039 0.576196281317 -0.015449437631 -0.114100874708
0.198736438042 0.306806452415 0.930791936445 -0.302285540572
0.000000000000 0.000000000000 0.000000000000 1.000000000000
33 41 60
0.920978564298 0.375962738665 0.102227702890 -0.553526539315
-0.386996194853 0.913102084167 0.128368723053 -0.523199153540
-0.045082471890 -0.157786574285 0.986443595804 -0.730890783042
0.000000000000 0.000000000000 0.000000000000 1.000000000000
33 46 60
0.032114933152 -0.869235526314 0.493354062375 -0.629638682321
0.900615685154 0.239221380642 0.362856057821 -1.600528149612
-0.433428216344 0.432669308869 0.790529727740 1.402058243487
0.000000000000 0.000000000000 0.000000000000 1.000000000000
33 47 60
0.894954423267 -0.297200230999 0.332759076463 -1.230955254010
0.014622192115 0.764970683417 0.643899095363 -1.998242709936
-0.445917898017 -0.571394676389 0.688959615668 1.825616941171
0.000000000000 0.000000000000 0.000000000000 1.000000000000
33 48 60
0.863361328378 0.503374331012 0.034949957640 -0.632584773165
-0.493726706860 0.828458883400 0.264366823653 -0.174624489847
0.104120870117 -0.245499819539 0.963788712848 0.001508897119
0.000000000000 0.000000000000 0.000000000000 1.000000000000
33 49 60
-0.115252263978 -0.972585180689 0.201977676866 -0.379596747700
-0.032763223371 -0.199500047524 -0.979349938598 1.386216826886
0.992795793123 -0.119489737394 -0.008872193381 1.317973816207
0.000000000000 0.000000000000 0.000000000000 1.000000000000
33 50 60
0.961874834110 -0.272739363286 0.020249523924 -0.369945470564
0.258759062908 0.931539503259 0.255495403541 -0.203882645678
-0.088546885141 -0.240514851062 0.966598187227 0.315229585919
0.000000000000 0.000000000000 0.000000000000 1.000000000000
33 51 60
0.971507190200 -0.046707328866 -0.232362227610 -0.447776265403
0.164757462770 0.837857001167 0.520433111991 -0.229247356882
0.170378278696 -0.543887921382 0.821679481990 0.336219082686
0.000000000000 0.000000000000 0.000000000000 1.000000000000
33 52 60
0.991572638101 -0.011391701767 -0.129050116235 -0.513878648155
0.087979568238 0.790408057801 0.606229905016 -0.451047529387
0.095096261452 -0.612474759720 0.784749240053 0.298663707648
0.000000000000 0.000000000000 0.000000000000 1.000000000000
34 48 60
0.883017291611 0.306860573414 0.355129625912 -1.371853984038
-0.422621297123 0.848961931844 0.317261528551 -0.792720350337
-0.204136478696 -0.430232758823 0.879333879309 0.585182031100
0.000000000000 0.000000000000 0.000000000000 1.000000000000
34 49 60
-0.928486280372 -0.050394483016 -0.367931546952 0.202782936237
-0.133944613882 -0.878618007563 0.458354924919 -0.646749575808
-0.346369842182 0.474858708320 0.809034696141 0.222945569493
0.000000000000 0.000000000000 0.000000000000 1.000000000000
34 50 60
0.796553762761 0.093445207230 0.597302349131 -1.306623145419
0.604546552915 -0.131378638286 -0.785660943894 0.750765129422
0.005056519560 0.986918257328 -0.161142126591 1.872195713642
0.000000000000 0.000000000000 0.000000000000 1.000000000000
34 51 60
0.971025710880 0.127064310678 0.202394984528 -1.145845025616
-0.232981852795 0.691835541223 0.683434737315 -0.692616493195
-0.053183879871 -0.710787060133 0.701393776754 0.875946740344
0.000000000000 0.000000000000 0.000000000000 1.000000000000
34 52 60
0.885210862085 0.225083325042 0.407110828197 -1.278618077225
0.438764967089 -0.113222398991 -0.891440402956 0.959774941349
-0.154554305350 0.967738696733 -0.198984375123 1.838967187430
0.000000000000 0.000000000000 0.000000000000 1.000000000000
35 44 60
0.771453514294 -0.610128677370 -0.180561547216 -0.414005184780
0.585489312140 0.791789332903 -0.173988268776 -0.478560397614
0.249121939324 0.028507005314 0.968052483079 0.981668782179
0.000000000000 0.000000000000 0.000000000000 1.000000000000
35 47 60
0.666701809347 -0.745317876706 -0.003155958851 -0.307599700118
-0.616591596713 -0.549164863178 -0.564121224484 0.848669769760
0.418716491526 0.378046578762 -0.825685947567 3.793391678471
0.000000000000 0.000000000000 0.000000000000 1.000000000000
35 48 60
0.864897021522 0.038115425977 -0.500500106358 0.092305647800
0.266683410888 -0.879633832299 0.393858197112 -0.799822990251
-0.425244753664 -0.474121857098 -0.770957433392 3.992963760460
0.000000000000 0.000000000000 0.000000000000 1.000000000000
35 50 60
0.414306253859 0.692328568364 -0.590788863674 -0.071343948033
-0.804913567472 -0.024259589097 -0.592895961562 0.780081632939
-0.424811107333 0.721174476645 0.547213758345 2.118810331809
0.000000000000 0.000000000000 0.000000000000 1.000000000000
35 51 60
-0.027521264661 0.306320182610 0.951530622585 -1.878301297401
0.426093293397 -0.857488951125 0.288369908314 -0.619687215892
0.904260518498 0.413377121312 -0.106921795075 1.740150361552
0.000000000000 0.000000000000 0.000000000000 1.000000000000
35 54 60
0.723615501688 0.515286345201 -0.459195588139 0.206427893222
-0.624700387816 0.771853152147 -0.118288363685 0.167455772878
0.293479183554 0.372454955626 0.880424485604 0.132460368044
0.000000000000 0.000000000000 0.000000000000 1.000000000000
35 55 60
0.895928966766 0.440992242793 -0.053264700372 0.211288990102
-0.440253844046 0.865625033091 -0.238474013026 0.325052959894
-0.059057931830 0.237105765182 0.969687071588 0.125672952952
0.000000000000 0.000000000000 0.000000000000 1.000000000000
35 56 60
0.956570639680 0.265283895471 0.120818318586 0.208441979173
-0.247142520393 0.957849466147 -0.146441028455 0.212847459251
-0.154574208444 0.110221844499 0.981813607096 -0.006415987806
0.000000000000 0.000000000000 0.000000000000 1.000000000000
35 57 60
0.913417130533 0.243171493888 0.326399709266 -0.055473038373
-0.198067451075 0.966118051617 -0.165484727889 0.380603913004
-0.355581819661 0.086507426850 0.930633136433 -0.072328540363
0.000000000000 0.000000000000 0.000000000000 1.000000000000
35 58 60
1.000000000000 0.000000000000 0.000000000000 0.000000000000
0.000000000000 1.000000000000 0.000000000000 0.000000000000
0.000000000000 0.000000000000 1.000000000000 0.000000000000
0.000000000000 0.000000000000 0.000000000000 1.000000000000
36 42 60
1.000000000000 0.000000000000 0.000000000000 0.000000000000
0.000000000000 1.000000000000 0.000000000000 0.000000000000
0.000000000000 0.000000000000 1.000000000000 0.000000000000
0.000000000000 0.000000000000 0.000000000000 1.000000000000
36 44 60
0.856547175703 -0.149338315837 -0.493988869528 0.934940438742
0.427726786874 0.741014932625 0.517635649291 -1.043266821325
0.288750292789 -0.654671625358 0.698590245684 0.899366941840
0.000000000000 0.000000000000 0.000000000000 1.000000000000
36 47 60
0.926658165605 -0.372445221081 -0.050884196085 -0.265744384666
0.372077284578 0.889511351946 0.265194360915 -0.239160925027
-0.053508302328 -0.264677373521 0.962851364193 0.052398213512
0.000000000000 0.000000000000 0.000000000000 1.000000000000
36 50 60
0.796841540900 -0.054015356104 -0.601768975605 0.565787238068
-0.237927194425 0.887463318174 -0.394714465214 1.164239991333
0.555368534262 0.457702086734 0.694315915812 1.021915723375
0.000000000000 0.000000000000 0.000000000000 1.000000000000
36 51 60
0.949389236486 -0.012332143211 -0.313859834780 -0.261374002098
0.031521878838 0.997925203989 0.056139633048 0.194573141068
0.312516317652 -0.063191815040 0.947808179809 0.406054647033
0.000000000000 0.000000000000 0.000000000000 1.000000000000
36 52 60
0.697433210951 0.619340922183 -0.360560311698 -0.171375846533
-0.619201818027 0.774072317685 0.131913439595 0.202622483625
0.360799147468 0.131258786767 0.923360767026 0.260435563150
0.000000000000 0.000000000000 0.000000000000 1.000000000000
36 53 60
0.890013470317 0.371638900499 -0.264122226044 -0.203817766523
-0.414291045596 0.901076116418 -0.128159127492 0.286092660897
0.190365312474 0.223486823005 0.955936550065 0.213418790929
0.000000000000 0.000000000000 0.000000000000 1.000000000000
36 54 60
0.980873112456 0.176827869693 0.081362409993 -0.099087430813
-0.152490830016 0.957865285466 -0.243394004981 0.317064091325
-0.120973071471 0.226331613787 0.966508932488 0.215004156082
0.000000000000 0.000000000000 0.000000000000 1.000000000000
36 55 60
0.901354742809 0.022581218404 0.432492446397 -0.063345782130
0.030421087498 0.992871739720 -0.115240036015 0.346611545797
-0.432011788092 0.117029043578 0.894242706377 0.043406752894
0.000000000000 0.000000000000 0.000000000000 1.000000000000
36 56 60
0.787135017547 0.013712673935 0.616628272726 -0.148615630903
0.056634647173 0.993922302441 -0.094397952577 0.568627561431
-0.614175040921 0.109226458721 0.781574436522 0.071900057178
0.000000000000 0.000000000000 0.000000000000 1.000000000000
37 39 60
0.922793757867 0.335478593794 -0.189488241188 0.850307087823
-0.308303480533 0.937893577000 0.159074203167 -0.063748494980
0.231085794314 -0.088372797442 0.968911556510 -0.427148088040
0.000000000000 0.000000000000 0.000000000000 1.000000000000
37 43 60
0.986710511959 -0.126442528366 0.102052205321 0.146085045708
0.155188560003 0.919461418264 -0.361257818141 0.165283445518
-0.048154713524 0.372294221476 0.926864680642 1.256507600875
0.000000000000 0.000000000000 0.000000000000 1.000000000000
37 45 60
0.547352499266 0.202432572166 -0.812050672848 1.925209973426
-0.373885728458 0.927240044593 -0.020865324340 -0.515403437671
0.748742080828 0.315034844788 0.583213805535 2.180740604493
0.000000000000 0.000000000000 0.000000000000 1.000000000000
37 46 60
0.942176967251 0.106262893007 -0.317821899735 0.927432664172
-0.145367227193 0.984116042343 -0.101901837375 -0.461036612229
0.301945246095 0.142210452401 0.942658610309 1.840061055966
0.000000000000 0.000000000000 0.000000000000 1.000000000000
37 47 60
0.747144422571 0.415933660488 -0.518434568576 0.961847101539
-0.180097614044 0.877506030216 0.444463740198 -1.038408968992
0.639796890612 -0.238709775686 0.730532396102 1.778578128672
0.000000000000 0.000000000000 0.000000000000 1.000000000000
37 49 60
0.916535879009 0.348606193095 -0.196050260457 -0.604228039560
-0.391993744592 0.880274947740 -0.267314273062 1.184944021692
0.079390721686 0.321853597957 0.943455020015 0.369250184277
0.000000000000 0.000000000000 0.000000000000 1.000000000000
37 50 60
0.869605081364 0.479001557735 -0.119768569133 -0.250006098203
-0.470122684008 0.877402592027 0.095652252898 -0.573398281958
0.150902831140 -0.026873763983 0.988183250396 0.901663215892
0.000000000000 0.000000000000 0.000000000000 1.000000000000
37 52 60
0.892275230797 0.387284598569 -0.232067990504 -0.603855646587
-0.383382014045 0.921397123735 0.063604808619 -0.270307531394
0.238459941735 0.032217698305 0.970617780645 0.749793520415
0.000000000000 0.000000000000 0.000000000000 1.000000000000
37 53 60
0.955050302375 0.193638188542 -0.224461960855 -0.302121680870
-0.267202819284 0.890219169694 -0.368934253324 0.258805490678
0.128380579916 0.412327638956 0.901944757096 0.702445685138
0.000000000000 0.000000000000 0.000000000000 1.000000000000
37 55 60
0.856190307297 -0.236066166014 0.459576895584 -0.147407489693
0.297535145116 0.952492161996 -0.065050124962 -0.010463940614
-0.422387257279 0.192435564800 0.885752537839 0.421796625437
0.000000000000 0.000000000000 0.000000000000 1.000000000000
38 46 60
0.936604958489 -0.016836413222 -0.349982409448 0.830937517941
-0.002307449433 0.998526854635 -0.054210665469 -0.782374530127
0.350379547648 0.051581544793 0.935186354064 1.611150384967
0.000000000000 0.000000000000 0.000000000000 1.000000000000
38 47 60
0.972974337884 0.091095452426 -0.212185193562 0.924768328448
-0.139621022682 0.963981599190 -0.226374571118 -0.697075616765
0.183920928240 0.249882162171 0.950648198433 1.880993225199
0.000000000000 0.000000000000 0.000000000000 1.000000000000
38 51 60
0.934050733557 0.348330216206 -0.078837095456 0.700555070522
-0.290843125350 0.870005060426 0.398122432513 -1.046901289430
0.207266744990 -0.348937322898 0.913938313624 2.307777500503
0.000000000000 0.000000000000 0.000000000000 1.000000000000
39 46 60
0.974708027705 0.029339888026 -0.221547809058 0.253406313679
-0.015788817360 0.997908096037 0.062690869426 -0.032454817135
0.222923695408 -0.057607315800 0.973132274253 0.095957249003
0.000000000000 0.000000000000 0.000000000000 1.000000000000
39 47 60
-0.959758161810 -0.254653183470 -0.118389302672 0.518743535540
-0.159458255555 0.841191487678 -0.516691344802 1.038726120507
0.231165169465 -0.477020583630 -0.847946948352 2.683145683803
0.000000000000 0.000000000000 0.000000000000 1.000000000000
39 52 60
0.968490697515 -0.142171426635 -0.204482405783 -0.746499270951
0.064892745862 0.936745317458 -0.343943515355 -0.379914617339
0.240446876380 0.319836670300 0.916455020157 1.453111265604
0.000000000000 0.000000000000 0.000000000000 1.000000000000
40 42 60
0.999398217623 -0.028492981771 0.019782633844 0.123527868688
0.029394650950 0.998467368246 -0.046892100013 -0.014830699467
-0.018416218600 0.047445384791 0.998704049433 0.754506476398
0.000000000000 0.000000000000 0.000000000000 1.000000000000
40 43 60
0.995786243290 -0.063562773004 -0.066102432344 0.208435668372
0.054467688329 0.989845437939 -0.131298438372 0.063071810815
0.073776883926 0.127144732014 0.989136587393 1.234928087516
0.000000000000 0.000000000000 0.000000000000 1.000000000000
40 44 60
0.994788252144 0.101779886364 -0.006098206996 0.392228763127
-0.100073634717 0.963154269394 -0.249637979850 0.385568585293
-0.019534611117 0.248947199383 0.968320035364 1.509647686606
0.000000000000 0.000000000000 0.000000000000 1.000000000000
40 47 60
0.493570012895 -0.279946446034 -0.823418866510 0.833061763157
0.576719688563 0.814027973541 0.068940982852 -0.054890774688
0.650986208145 -0.508909074046 0.563230424568 1.407041641498
0.000000000000 0.000000000000 0.000000000000 1.000000000000
40 48 60
-0.982148376545 -0.171587001891 -0.077087399955 0.939672108910
-0.172643735076 0.984957948283 0.007209774764 0.646919679118
0.074690743662 0.020389725236 -0.996998270769 4.100394206734
0.000000000000 0.000000000000 0.000000000000 1.000000000000
40 49 60
0.804636402709 -0.075370779515 -0.588964774015 0.390596026923
-0.090858371291 0.964600094781 -0.247571027212 0.577355048285
0.586775098144 0.252717040866 0.769304284048 1.226638867127
0.000000000000 0.000000000000 0.000000000000 1.000000000000
40 50 60
0.880287681048 0.250786478843 -0.402740289298 -0.038576294905
-0.273779233945 0.961792433078 0.000496723836 0.315379619973
0.387477134364 0.109824668009 0.915314160626 1.101878192738
0.000000000000 0.000000000000 0.000000000000 1.000000000000
40 51 60
0.995521343883 0.017823988217 0.092841581829 -0.481737573945
0.076780120659 0.420517615375 -0.904029727515 1.481538175400
-0.055154935809 0.907109277102 0.417265733618 1.638593763247
0.000000000000 0.000000000000 0.000000000000 1.000000000000
40 53 60
0.775381187119 0.629421557585 -0.051112792042 -0.297082079744
-0.627857242099 0.759713616211 -0.169205510807 0.662943397083
-0.067670512088 0.163290306484 0.984254528871 0.919887976849
0.000000000000 0.000000000000 0.000000000000 1.000000000000
41 43 60
0.994165483290 -0.007242385025 -0.107622208179 0.394195485259
0.012546480518 0.998735167568 0.048689330344 -0.086687837257
0.107133457243 -0.049755531571 0.992998896987 0.838260125079
0.000000000000 0.000000000000 0.000000000000 1.000000000000
41 44 60
0.480696748992 0.153082693036 -0.863421290333 1.482137094093
-0.594077427765 0.781094851938 -0.192257228984 0.687445876935
0.644982670564 0.605356524182 0.466412728495 1.198683065647
0.000000000000 0.000000000000 0.000000000000 1.000000000000
41 45 60
0.158227553396 -0.338739585816 -0.927480206984 1.096991142973
0.407069449832 0.878153528444 -0.251278418282 0.190863187803
0.899587963659 -0.337789688242 0.276838621146 0.959203410013
0.000000000000 0.000000000000 0.000000000000 1.000000000000
41 46 60
0.622599529907 -0.370957393556 -0.689028618800 0.606108513846
0.334265295352 0.922200978698 -0.194453251994 0.327928310338
0.707556738137 -0.109251851489 0.698160078538 0.788984192449
0.000000000000 0.000000000000 0.000000000000 1.000000000000
41 47 60
0.684699233671 0.197012560253 -0.701692960285 0.647829720231
-0.367042958541 0.924979527923 -0.098449680088 0.223387622646
0.629655799621 0.324959880642 0.705644846915 0.901217487652
0.000000000000 0.000000000000 0.000000000000 1.000000000000
41 48 60
0.920629771062 0.230681897128 -0.315002677721 -0.009644659469
-0.320952892164 0.906553437667 -0.274135195963 0.620695100807
0.222328733288 0.353478043154 0.908638105828 0.664963793092
0.000000000000 0.000000000000 0.000000000000 1.000000000000
41 49 60
0.897870668276 0.382232586081 -0.218463986020 -0.209480089555
-0.311089765774 0.901947095824 0.299523945561 -0.089382157872
0.311530770037 -0.200971854924 0.928740487353 0.684289224423
0.000000000000 0.000000000000 0.000000000000 1.000000000000
41 50 60
0.893452674517 0.228947666847 -0.386426298591 0.151377700941
-0.145138666627 0.961342850741 0.233997202501 0.000051054363
0.425061273051 -0.152980028677 0.892143500217 1.170989546565
0.000000000000 0.000000000000 0.000000000000 1.000000000000
41 51 60
0.892514450747 -0.091083159511 -0.441725948140 0.170304213496
0.281038534001 0.878324709357 0.386733819752 -0.061941466167
0.352753876823 -0.469307535617 0.809515373170 1.257038571217
0.000000000000 0.000000000000 0.000000000000 1.000000000000
41 52 60
-0.211865775150 0.872577164642 0.440138597565 -0.118623493101
0.547543017279 0.479023266672 -0.686100105098 0.762502958277
-0.809511913161 0.095633685135 -0.579262169245 3.790678099954
0.000000000000 0.000000000000 0.000000000000 1.000000000000
42 44 60
0.992615654799 0.052486931454 0.109358510758 0.103015205505
-0.055983661775 0.998006016221 0.029151692948 -0.047994485703
-0.107610368752 -0.035058716662 0.993574805902 0.789177797723
0.000000000000 0.000000000000 0.000000000000 1.000000000000
42 45 60
0.973243819499 -0.043907273207 0.225540726180 0.269716962461
0.076250902189 0.987665123726 -0.136760386406 0.333173841947
-0.216753933578 0.150298884674 0.964586946596 1.090321239058
0.000000000000 0.000000000000 0.000000000000 1.000000000000
42 46 60
-0.593966151529 -0.757380208928 0.271255285593 0.089759481929
0.440876337599 -0.024407331226 0.897235942842 -1.305991668098
-0.672928128245 0.652517816850 0.348408141279 2.223332360451
0.000000000000 0.000000000000 0.000000000000 1.000000000000
42 47 60
0.200426139586 0.973270240258 -0.112135641076 0.651221548402
0.975359472324 -0.208998167590 -0.070665873594 -0.119621694957
-0.092213135278 -0.095209271464 -0.991177043877 4.036911831944
0.000000000000 0.000000000000 0.000000000000 1.000000000000
42 48 60
-0.935576063636 0.145975319306 0.321541032069 -0.407452517939
0.218361155646 0.954750989137 0.201913234946 -0.275349776998
-0.277517269473 0.259117260897 -0.925117511589 3.677712967536
0.000000000000 0.000000000000 0.000000000000 1.000000000000
42 49 60
-0.724458785556 0.540162470688 -0.428233549937 1.382642582025
0.374108766306 0.829892164968 0.413910165975 -1.071037163845
0.578966405765 0.139654931114 -0.803302185489 3.607164201547
0.000000000000 0.000000000000 0.000000000000 1.000000000000
42 50 60
0.868796455713 0.338580128334 -0.361325636009 0.000350816566
-0.111662398378 0.844866871557 0.523193537933 -0.404871795953
0.482414994925 -0.414202204296 0.771824012731 0.913109157883
0.000000000000 0.000000000000 0.000000000000 1.000000000000
42 51 60
0.875619884762 -0.004518476940 -0.482979710522 0.605493201801
0.173927162633 0.935823748774 0.306566882310 -0.107380358712
0.450598667894 -0.352439348821 0.820211768932 2.024246230147
0.000000000000 0.000000000000 0.000000000000 1.000000000000
42 52 60
0.256834975104 -0.271700387101 -0.927477598227 0.867601905783
0.361641505474 -0.862931622688 0.352936872661 -0.907615170382
-0.896242833769 -0.426060927820 -0.123372884801 2.824443997074
0.000000000000 0.000000000000 0.000000000000 1.000000000000
42 53 60
0.831473368497 0.383198733631 -0.402257091949 -0.002108542743
-0.288418598147 0.916569037277 0.276976374712 0.018730709083
0.474833391541 -0.114280052721 0.872624386450 0.497376262090
0.000000000000 0.000000000000 0.000000000000 1.000000000000
42 54 60
0.940604601300 0.280174078963 -0.191743238451 0.343052231772
-0.125359730971 0.811481268015 0.570774114262 -1.698311043020
0.315512158030 -0.512835877390 0.798405561727 -0.218354858137
0.000000000000 0.000000000000 0.000000000000 1.000000000000
43 45 60
0.843669713090 0.463301152498 -0.271244276084 0.947661750086
-0.468986933222 0.881918939089 0.047647049671 -0.122052097307
0.261290397224 0.087011648469 0.961330484979 0.618181033255
0.000000000000 0.000000000000 0.000000000000 1.000000000000
43 47 60
0.938388135166 -0.004285784127 -0.345556565318 0.482659004901
0.045364310795 0.992798208255 0.110877396216 -0.031594714511
0.342592742314 -0.119721968493 0.931824480884 0.397481384464
0.000000000000 0.000000000000 0.000000000000 1.000000000000
43 48 60
0.874287792696 0.363557298410 -0.321631693580 0.226036650845
-0.218897440908 0.886695697337 0.407252563759 -0.308345818434
0.433249080675 -0.285651590399 0.854808986263 0.539045231597
0.000000000000 0.000000000000 0.000000000000 1.000000000000
43 49 60
0.918331390975 -0.145784221342 -0.367986979603 0.241042159029
0.086039817023 0.980993844781 -0.173920172462 0.178968133193
0.386347778868 0.128054821504 0.913420689745 0.327112503833
0.000000000000 0.000000000000 0.000000000000 1.000000000000
43 50 60
0.930995056249 0.221986044124 -0.289776468081 0.022239656124
-0.122522582511 0.937818569889 0.324783846191 -0.154489547757
0.343855234095 -0.266867993933 0.900302755633 0.528685810539
0.000000000000 0.000000000000 0.000000000000 1.000000000000
43 51 60
0.713583032512 0.638402723190 0.288515543316 -0.324759350843
-0.436626379294 0.083208935366 0.895786625252 -0.638585676037
0.547865549761 -0.765191633579 0.338119953989 1.349842988152
0.000000000000 0.000000000000 0.000000000000 1.000000000000
43 52 60
-0.470786734003 0.804091810573 0.363037479135 -0.000770572491
0.543813501882 0.588507664684 -0.598268839050 0.702887130097
-0.694713413039 -0.084232349950 -0.714337584735 3.199608977620
0.000000000000 0.000000000000 0.000000000000 1.000000000000
43 53 60
0.926143100533 0.369591825618 -0.075238552432 -0.170376838811
-0.338380091690 0.902305578648 0.267102145796 -0.040053997540
0.166606935279 -0.221915581196 0.960726602077 0.397219640950
0.000000000000 0.000000000000 0.000000000000 1.000000000000
43 54 60
0.948902349895 -0.093295517144 0.301463558070 -1.054721383202
0.040895514310 0.983598496619 0.175674569470 -0.686949783266
-0.312908752311 -0.154369504534 0.937154292952 -0.486832382961
0.000000000000 0.000000000000 0.000000000000 1.000000000000
44 46 60
0.930433903136 -0.091331249942 0.354896259037 -0.626049080440
0.062667098352 0.993834495936 0.091464908421 -0.314466158095
-0.361061749122 -0.062861732973 0.930420773547 0.718049831486
0.000000000000 0.000000000000 0.000000000000 1.000000000000
44 47 60
0.913512129967 -0.281212335089 0.293964642428 -0.337120813046
0.203946648422 0.941816541245 0.267184144803 -0.494281490374
-0.351996240039 -0.184122853635 0.917713147867 0.711838093311
0.000000000000 0.000000000000 0.000000000000 1.000000000000
44 48 60
0.040816378292 -0.755768513586 0.653565587478 -0.884357479640
0.369488852589 0.619159369362 0.692906677081 -1.137482990961
-0.928338306371 0.213203257956 0.304519883950 1.754503816780
0.000000000000 0.000000000000 0.000000000000 1.000000000000
44 49 60
0.792602488166 0.170452938741 -0.585428980686 0.412503902524
-0.469157414207 0.783740714959 -0.406991169941 0.559669872073
0.389451686923 0.597240560738 0.701164100738 0.712869991965
0.000000000000 0.000000000000 0.000000000000 1.000000000000
44 50 60
-0.072054789212 0.996587208917 -0.040274587206 0.741093412645
-0.974723518078 -0.078920668487 -0.209010983902 0.112918760664
-0.211476170425 0.024196344942 0.977083602479 0.865313506832
0.000000000000 0.000000000000 0.000000000000 1.000000000000
44 51 60
0.608449002498 0.668006708830 -0.428435349053 0.130488627494
-0.372871771255 0.717206173111 0.588712109144 -0.480708271261
0.700540115597 -0.198449848098 0.685464225346 1.194475764721
0.000000000000 0.000000000000 0.000000000000 1.000000000000
44 52 60
0.490512604604 -0.845234053459 0.212077296283 -0.622886890379
0.263978718544 0.376052099750 0.888200458472 -1.143619666908
-0.830489386374 -0.379689627390 0.407582097217 1.901326731764
0.000000000000 0.000000000000 0.000000000000 1.000000000000
44 55 60
-0.736171814685 0.404885105697 -0.542327493723 1.717974986660
-0.571540298568 -0.801089241863 0.177757457466 -1.095134608182
-0.362481373834 0.440822047721 0.821147475102 -0.586819759980
0.000000000000 0.000000000000 0.000000000000 1.000000000000
44 58 60
0.890931244199 -0.448588196420 0.070782399952 0.071354269409
0.363796617100 0.798270142407 0.480017500855 -0.565817617404
-0.271833661448 -0.401912191621 0.874398679510 -1.567761519572
0.000000000000 0.000000000000 0.000000000000 1.000000000000
44 59 60
0.986631068033 0.108253041760 0.121821240112 -0.361670341046
-0.132700150464 0.967571122855 0.214934390649 0.063673501714
-0.094603412516 -0.228226644296 0.969000925270 -1.543610646744
0.000000000000 0.000000000000 0.000000000000 1.000000000000
45 47 60
0.937108410628 -0.073827902857 0.341141125473 -0.541262904402
0.103990820184 0.992043046466 -0.070968325864 -0.133053490286
-0.333187238722 0.101980560492 0.937329306719 0.345773994312
0.000000000000 0.000000000000 0.000000000000 1.000000000000
45 48 60
0.822736319889 -0.411028364829 0.392632947220 -0.636316204907
0.176829364853 0.841539931233 0.510433070898 -0.750320658887
-0.540218773889 -0.350522791623 0.765047350751 0.672048508534
0.000000000000 0.000000000000 0.000000000000 1.000000000000
45 49 60
0.845900040583 -0.261344940608 0.464921437837 -0.843972891534
0.265310953142 0.962400367537 0.058272040523 -0.176384576083
-0.462669665620 0.074056428365 0.883432185249 0.495658857842
0.000000000000 0.000000000000 0.000000000000 1.000000000000
45 50 60
0.799781065391 0.349902354309 0.487768992344 -0.218883207634
-0.294037813913 0.936748349274 -0.189853348989 0.454835453400
-0.523346932189 0.008418585519 0.852078116129 0.584014397130
0.000000000000 0.000000000000 0.000000000000 1.000000000000
45 51 60
0.845089168699 -0.441966976229 0.300814708534 -0.615281619179
0.279086093225 0.844610965000 0.456884307424 -0.332232916161
-0.455999177100 -0.302154777763 0.837118415016 0.787565099140
0.000000000000 0.000000000000 0.000000000000 1.000000000000
45 52 60
0.840816460558 -0.075856686112 0.535978957448 -0.934487402934
-0.017188968261 0.985892008547 0.166497708253 -0.018851436633
-0.541047335291 -0.149206939033 0.827650330949 0.901253228264
0.000000000000 0.000000000000 0.000000000000 1.000000000000
45 53 60
0.835802589613 -0.257781449816 0.484750198893 -0.981460184483
-0.108555959755 0.787898336783 0.606161541584 -0.600188484285
-0.538191076476 -0.559253909262 0.630543757543 0.828335565228
0.000000000000 0.000000000000 0.000000000000 1.000000000000
45 55 60
0.242058301383 -0.684133591382 0.688018174087 -1.947238832934
0.368342938852 0.720814332944 0.587154304097 -1.165235212991
-0.897625343966 0.111301062727 0.426474870662 -0.078205183473
0.000000000000 0.000000000000 0.000000000000 1.000000000000
46 48 60
0.864271164216 0.100529963929 0.492878363349 -0.864129521911
-0.019365758769 0.985749695658 -0.167100283954 0.260962911715
-0.502653282186 0.134874993467 0.853901876122 0.448796487973
0.000000000000 0.000000000000 0.000000000000 1.000000000000
46 49 60
0.819164231973 0.342977955240 0.459713044491 -0.142734743077
-0.273859357690 0.938131513136 -0.211920542344 0.335778436190
-0.503955368323 0.047701009222 0.862411502972 0.425888002846
0.000000000000 0.000000000000 0.000000000000 1.000000000000
46 50 60
-0.672386953361 0.539052631645 -0.507265261246 0.768895915127
-0.737608317792 -0.430657560665 0.520065414122 -0.570714880139
0.061885010091 0.723848275371 0.687178229987 0.796711388601
0.000000000000 0.000000000000 0.000000000000 1.000000000000
46 51 60
0.975154278646 -0.018346355569 0.220765812743 0.199775829693
-0.053919097797 0.946937804161 0.316861998264 -0.106880803448
-0.214864756839 -0.320892826795 0.922421232399 0.617945377676
0.000000000000 0.000000000000 0.000000000000 1.000000000000
46 52 60
-0.989293382110 0.134084487013 -0.057619045949 0.379573999804
0.091850702415 0.265240913640 -0.959797221395 1.173921579439
-0.113410989676 -0.954813389136 -0.274716834844 1.666006638602
0.000000000000 0.000000000000 0.000000000000 1.000000000000
46 53 60
-0.563342472545 -0.401055130197 -0.722357280831 2.056362336436
0.166131346782 0.801448152495 -0.574526965841 0.793987653611
0.809348895250 -0.443661629403 -0.384861954930 1.631932378223
0.000000000000 0.000000000000 0.000000000000 1.000000000000
46 55 60
-0.621633383582 0.715586888928 -0.318602166991 1.095480255131
-0.769899430829 -0.483231664550 0.416823733472 -1.851962085455
0.144314943182 0.504403174822 0.851322873182 -0.677204144954
0.000000000000 0.000000000000 0.000000000000 1.000000000000
46 59 60
0.591547722651 -0.111687689687 0.798496807632 -1.769350052216
0.228804378082 0.972898493843 -0.033422705581 0.859953004876
-0.773123436714 0.202470690842 0.601070520782 -0.412505762790
0.000000000000 0.000000000000 0.000000000000 1.000000000000
47 49 60
0.955266465052 -0.061869886729 0.289202520501 -0.420374938212
0.050629654118 0.997648584042 0.046194597994 -0.102060330370
-0.291380539624 -0.029485926747 0.956152687206 0.175781475447
0.000000000000 0.000000000000 0.000000000000 1.000000000000
47 50 60
0.971632392196 -0.010597708820 0.236258720480 0.068325804419
-0.047844479555 0.969530317316 0.240253760805 -0.109498120619
-0.231606131636 -0.244742011867 0.941520019658 0.448709502126
0.000000000000 0.000000000000 0.000000000000 1.000000000000
47 51 60
0.987930147154 -0.090248852619 -0.125893482536 0.308771110889
0.121078358171 0.956831147990 0.264223741210 -0.047182192962
0.096612915941 -0.276277575705 0.956209519737 0.463932332840
0.000000000000 0.000000000000 0.000000000000 1.000000000000
47 52 60
0.953387810341 0.290612069230 0.081217660095 -0.247875478825
-0.288852105440 0.956808303330 -0.032898812475 0.197056278601
-0.087270523524 0.007905434671 0.996153281291 0.284126053325
0.000000000000 0.000000000000 0.000000000000 1.000000000000
47 53 60
0.875687897540 0.309607442696 0.370558952839 -0.415658906557
-0.350677096758 0.935304014253 0.047243779823 0.063034871787
-0.331958250253 -0.171317343984 0.927606644941 0.270745083922
0.000000000000 0.000000000000 0.000000000000 1.000000000000
47 54 60
0.143167171332 0.932656910593 0.331140828314 -0.493014092282
0.539314532902 -0.354065265947 0.764053415705 -1.472295215839
0.829845163662 0.069201694874 -0.553685948687 2.631793150338
0.000000000000 0.000000000000 0.000000000000 1.000000000000
47 55 60
0.526230898432 -0.796044755079 0.298987941976 -0.655983386243
0.498457573162 0.573637717980 0.649984473867 -1.229918799339
-0.688927492043 -0.193009109688 0.698660428452 -1.194637129697
0.000000000000 0.000000000000 0.000000000000 1.000000000000
47 59 60
0.817975817372 -0.378815913354 0.432913462467 -1.434958351311
0.299231002156 0.922927513525 0.242209851425 0.029244158997
-0.491300691577 -0.068580671974 0.868285852636 -1.519986793690
0.000000000000 0.000000000000 0.000000000000 1.000000000000
48 50 60
0.997143286024 -0.006427725087 0.075259228585 0.080686785195
0.000033494677 0.996410117338 0.084657409275 -0.008267556777
-0.075533211338 -0.084413046488 0.993563873924 0.262151188246
0.000000000000 0.000000000000 0.000000000000 1.000000000000
48 51 60
0.983596573948 0.102587913215 -0.148369470509 0.176251316193
-0.080358999258 0.985604044802 0.148751800356 0.049521178943
0.161493687044 -0.134388939028 0.977680623778 0.354310753277
0.000000000000 0.000000000000 0.000000000000 1.000000000000
48 52 60
0.983975990413 0.132554434355 -0.119250040767 0.030837130155
-0.107395565283 0.974492691309 0.197053767135 -0.041961199560
0.142328643806 -0.181089250143 0.973113169490 0.227655210472
0.000000000000 0.000000000000 0.000000000000 1.000000000000
48 53 60
0.958987834551 -0.114276234369 0.259390199200 -0.366136553532
0.093530001883 0.991448867735 0.091001546226 0.001883115322
-0.267571433323 -0.063008609937 0.961475659153 0.135335469963
0.000000000000 0.000000000000 0.000000000000 1.000000000000
48 55 60
-0.291859615983 0.922499365482 0.252612124103 -0.121575776463
0.673683876852 0.385752053487 -0.630353382873 2.201204386569
-0.678946241338 -0.013793981154 -0.734058395127 3.463418327966
0.000000000000 0.000000000000 0.000000000000 1.000000000000
48 57 60
0.937746199570 0.309167409150 -0.158264267321 1.810812634210
-0.206522495506 0.862709294975 0.461607117812 -0.930558728976
0.279249931139 -0.400185188986 0.872852387563 -1.584259532353
0.000000000000 0.000000000000 0.000000000000 1.000000000000
48 59 60
0.865898268704 -0.276898447700 0.416590251827 -0.996901703779
0.231623396592 0.960098837742 0.156718932866 0.345805390089
-0.443363045829 -0.039210603526 0.895484080352 -1.436058049603
0.000000000000 0.000000000000 0.000000000000 1.000000000000
49 51 60
0.950004240644 0.073144495588 -0.303548720182 0.242969517599
0.032782448508 0.943435174451 0.329932391071 -0.186163450095
0.310511278102 -0.323388240932 0.893869560841 0.349126344589
0.000000000000 0.000000000000 0.000000000000 1.000000000000
49 52 60
0.978702650528 0.047115691900 -0.199802986528 0.035266244854
-0.018506007917 0.989591854370 0.142707706293 0.020381420233
0.204447180268 -0.135970854749 0.969388094181 0.124561414161
0.000000000000 0.000000000000 0.000000000000 1.000000000000
49 53 60
0.996966441661 -0.034217941195 0.069907415216 -0.197637218672
0.019902860651 0.980394088105 0.196039047507 -0.133021872006
-0.075244869192 -0.194052994076 0.978101040359 -0.070906006914
0.000000000000 0.000000000000 0.000000000000 1.000000000000
49 54 60
0.858665938233 -0.512409618690 -0.011366142323 0.735306245065
0.477718596403 0.792105021595 0.379940228740 -0.485121420119
-0.185681849324 -0.331671550540 0.924941205371 -0.159360055951
0.000000000000 0.000000000000 0.000000000000 1.000000000000
49 56 60
0.892609660724 -0.444733387147 0.073893219847 0.530842424866
0.401078262913 0.858213059561 0.320322605224 -0.172968187071
-0.205874283487 -0.256286087714 0.944422162300 -1.921127750856
0.000000000000 0.000000000000 0.000000000000 1.000000000000
49 59 60
-0.713091991656 0.699181534181 -0.051429502208 1.006186584009
0.636353727216 0.614737065079 -0.465996002854 2.020024808662
-0.294200178952 -0.365025373198 -0.883290853358 3.803042271353
0.000000000000 0.000000000000 0.000000000000 1.000000000000
50 52 60
0.978409181201 0.148827728923 -0.143407744715 -0.064106351935
-0.137795826393 0.986886804133 0.084063940293 0.053629035803
0.154038256187 -0.062487942297 0.986086949867 -0.000844361316
0.000000000000 0.000000000000 0.000000000000 1.000000000000
50 53 60
0.991662246141 0.114643056438 0.058846913172 -0.164013184783
-0.118391556896 0.990854102237 0.064742469331 -0.000744401507
-0.050886430755 -0.071169640226 0.996165374561 -0.236948103431
0.000000000000 0.000000000000 0.000000000000 1.000000000000
50 54 60
0.652295966855 0.127413353014 0.747178565738 -1.571048134523
0.627497388043 0.462158784574 -0.626622921573 1.497095053500
-0.425155265315 0.877596202883 0.221512765006 0.864048573616
0.000000000000 0.000000000000 0.000000000000 1.000000000000
50 56 60
0.173283577298 -0.926000284183 0.335404644469 -1.247010437806
-0.636057221389 -0.365231007522 -0.679733419999 1.440838658127
0.751933516315 -0.095549907576 -0.652277703287 3.856150297441
0.000000000000 0.000000000000 0.000000000000 1.000000000000
50 57 60
0.721843241611 0.468297817858 -0.509548317955 2.948876040666
-0.425490350151 0.880992187662 0.206907532986 -0.407547917357
0.545802433550 0.067453087901 0.835194459071 -1.000626410599
0.000000000000 0.000000000000 0.000000000000 1.000000000000
50 58 60
0.007199616382 0.999859108998 0.015163366275 0.853447909770
0.990722020408 -0.009190157253 0.135592843793 0.328770870838
0.135713093702 0.014046464413 -0.990648602197 4.534099471611
0.000000000000 0.000000000000 0.000000000000 1.000000000000
50 59 60
0.954445117382 -0.293368238976 0.054493983759 0.011901084954
0.285968890557 0.951478332438 0.113625598063 0.313979370512
-0.085183986402 -0.092865813203 0.992028038514 -1.938958523527
0.000000000000 0.000000000000 0.000000000000 1.000000000000
51 53 60
0.915392159518 0.032108341725 0.401280760422 -0.414647243566
-0.001608940349 0.997097963289 -0.076112173245 0.107064579760
-0.402560064591 0.069026849826 0.912787318273 -0.156765303057
0.000000000000 0.000000000000 0.000000000000 1.000000000000
51 54 60
-0.126183258251 0.325889808164 0.936949101217 -1.855490437095
0.963930897557 0.263396669883 0.038202343240 0.118643748788
-0.234339518801 0.907974684245 -0.347371505307 1.941482378567
0.000000000000 0.000000000000 0.000000000000 1.000000000000
51 55 60
-0.205941572890 0.759732572695 -0.616761288135 1.634843118349
-0.401960331642 -0.640320903848 -0.654535737666 1.514927769714
-0.892197265374 0.113117452595 0.437251050973 -0.914914625528
0.000000000000 0.000000000000 0.000000000000 1.000000000000
51 56 60
0.200812893326 -0.051575408877 0.978271004923 -2.611748293809
-0.979205769443 -0.039940097251 0.198899094319 -1.763701327274
0.028813936959 -0.997870114710 -0.058523424423 1.011238401947
0.000000000000 0.000000000000 0.000000000000 1.000000000000
51 57 60
-0.025647343394 0.909183685785 -0.415604667056 1.982837359190
-0.686100074834 0.286357210623 0.668779661202 -2.912773849423
0.727054950530 0.302298814795 0.616446693141 0.136043336654
0.000000000000 0.000000000000 0.000000000000 1.000000000000
51 58 60
0.303267564858 -0.468617196368 0.829714834972 -2.550172740679
-0.217663862885 0.813634507907 0.539093062779 -1.491477177889
-0.927712901117 -0.344088376454 0.144747926722 -0.551491867946
0.000000000000 0.000000000000 0.000000000000 1.000000000000
51 59 60
0.883539844521 -0.080965974716 0.461304513398 -1.216171815223
0.321392013042 0.821261107579 -0.471420584118 1.995181310369
-0.340682428510 0.564778455782 0.751638728904 -1.121650543186
0.000000000000 0.000000000000 0.000000000000 1.000000000000
52 54 60
0.187266038813 0.156939022544 0.969691483880 -1.607679672376
0.980120570426 -0.095712266906 -0.173789612440 0.236731229674
0.065536998218 0.982959462626 -0.171742821387 1.774418867034
0.000000000000 0.000000000000 0.000000000000 1.000000000000
52 56 60
0.308096247915 -0.759455956005 0.572977619902 -1.556360664623
-0.739839519184 0.187367168431 0.646166410492 -2.749262439372
-0.598092123234 -0.622992933413 -0.504148407757 1.633856412086
0.000000000000 0.000000000000 0.000000000000 1.000000000000
52 58 60
-0.730791310767 0.256093522553 -0.632740205625 1.595022392239
0.542834863299 0.780036829055 -0.311244046538 1.945301052781
0.413853079360 -0.570927887762 -0.709060629058 3.286694662113
0.000000000000 0.000000000000 0.000000000000 1.000000000000
52 59 60
-0.641535887913 0.735647648835 -0.217380406852 1.457844205010
0.747829056348 0.662896191022 0.036336516202 0.343112732910
0.170831516416 -0.139252205340 -0.975410383535 4.109073922597
0.000000000000 0.000000000000 0.000000000000 1.000000000000
53 55 60
0.579218772195 -0.692478968637 -0.430091260005 1.741570326649
0.695212743628 0.695132526837 -0.182948110758 1.012205848002
0.425658143390 -0.193037944790 0.884054012398 -1.072688148070
0.000000000000 0.000000000000 0.000000000000 1.000000000000
54 56 60
0.874623197100 -0.227040529513 0.428353663522 0.147425393523
0.142901917027 0.965039985276 0.219719978446 0.150281839779
-0.463263753389 -0.130959630333 0.876490884162 -0.187966849041
0.000000000000 0.000000000000 0.000000000000 1.000000000000
54 59 60
0.973423222988 -0.160781311137 -0.163084637343 0.634530774701
0.198930715057 0.946443420083 0.254305767115 0.116526598407
0.113462767264 -0.279989682971 0.953274345545 -0.458573431516
0.000000000000 0.000000000000 0.000000000000 1.000000000000
55 57 60
0.964360129221 -0.123228431796 0.234145883514 0.029242227309
0.108149834032 0.991207446945 0.076232607984 0.272482781138
-0.241481168145 -0.048192849245 0.969208076067 -0.148387144691
0.000000000000 0.000000000000 0.000000000000 1.000000000000
55 58 60
0.997216135518 0.058395722816 0.046367214919 0.152682217939
-0.062718569077 0.993205997789 0.098021564204 0.202688746271
-0.040328155866 -0.100656770824 0.994103543064 -0.239902090130
0.000000000000 0.000000000000 0.000000000000 1.000000000000
55 59 60
0.949868513950 0.179009217326 -0.256330853233 0.451335545520
-0.151503498946 0.980715218773 0.123468009921 0.176489342462
0.273489480628 -0.078443353951 0.958671030232 -0.180461937396
0.000000000000 0.000000000000 0.000000000000 1.000000000000
56 58 60
0.980918450612 0.180896634769 -0.071241847101 0.098980268284
-0.180162980751 0.983495909151 0.016646232333 0.121136088965
0.073077312595 -0.003493452900 0.997320160315 -0.083109021844
0.000000000000 0.000000000000 0.000000000000 1.000000000000
57 59 60
0.951942721490 0.132140376583 -0.276304136557 0.245486050539
-0.110749950155 0.989607962092 0.091708941245 -0.039315584038
0.285551227528 -0.056700989763 0.956684636762 -0.087311364716
0.000000000000 0.000000000000 0.000000000000 1.000000000000
