0 2 66
0.896334736819 -0.093861716589 0.433328994796 -0.471307320356
0.127075359441 0.990718442870 -0.048257848903 -0.035154070087
-0.424777462438 0.098320624066 0.899942866124 -0.007860826462
0.000000000000 0.000000000000 0.000000000000 1.000000000000
0 3 66
1.000000000000 0.000000000000 0.000000000000 0.000000000000
0.000000000000 1.000000000000 0.000000000000 0.000000000000
0.000000000000 0.000000000000 1.000000000000 0.000000000000
0.000000000000 0.000000000000 0.000000000000 1.000000000000
0 4 66
0.957143728048 0.013871584578 0.289280941300 -0.830965765120
-0.023632210512 0.999262189733 0.030275316624 -0.100367895017
-0.288647540236 -0.035814177523 0.956765353785 -0.432190508654
0.000000000000 0.000000000000 0.000000000000 1.000000000000
0 6 66
0.818750255920 0.065101958959 0.570446976827 -0.505787036350
0.071944967003 0.974086486745 -0.214428165277 0.412775036376
-0.569624385147 0.216603904122 0.792849802021 0.122442725091
0.000000000000 0.000000000000 0.000000000000 1.000000000000
0 7 66
-0.755616277614 0.089773189323 -0.648833426607 1.766562899636
-0.200281145904 0.911456572960 0.359352721157 -0.939289699838
0.623643731308 0.401481867693 -0.670731545638 3.799005829845
0.000000000000 0.000000000000 0.000000000000 1.000000000000
0 10 66
1.000000000000 0.000000000000 0.000000000000 0.000000000000
0.000000000000 1.000000000000 0.000000000000 0.000000000000
0.000000000000 0.000000000000 1.000000000000 0.000000000000
0.000000000000 0.000000000000 0.000000000000 1.000000000000
0 11 66
0.918392854375 0.035505228560 0.394073525852 -0.772092628792
0.086253048130 0.954048090292 -0.286971519666 0.755127135138
-0.386154084170 0.297542635862 0.873128514666 0.045190823944
0.000000000000 0.000000000000 0.000000000000 1.000000000000
0 12 66
0.817322172323 0.286189381361 0.500080098210 -0.920610211941
0.229757006570 0.634051350226 -0.738370234509 1.212136009215
-0.528390182120 0.718383270457 0.452470211357 0.475453497267
0.000000000000 0.000000000000 0.000000000000 1.000000000000
0 13 66
0.978296660200 -0.206005987415 -0.022297483939 0.114632985242
0.203835300154 0.976119000495 -0.075119020790 0.168054509546
0.037239965788 0.068943672825 0.996925250420 -0.083728614527
0.000000000000 0.000000000000 0.000000000000 1.000000000000
0 18 66
0.995705979794 0.020844641182 0.090194804375 -0.271998033532
0.006573578202 0.955938605216 -0.293493051242 0.664688787993
-0.092338452835 0.292825688749 0.951696761651 -0.070770068776
0.000000000000 0.000000000000 0.000000000000 1.000000000000
0 19 66
0.990697303475 -0.068722040091 0.117456945697 -0.306737419080
0.052546177078 0.989361747297 0.135654827631 -0.477143202468
-0.125529885530 -0.128220958470 0.983769095697 -0.024943542250
0.000000000000 0.000000000000 0.000000000000 1.000000000000
0 20 66
0.988477384289 -0.028695176171 0.148623846048 -0.361473295039
0.029089334384 0.999576701230 -0.000478520956 0.011452973512
-0.148547202514 0.004796375898 0.988893686603 0.078620404655
0.000000000000 0.000000000000 0.000000000000 1.000000000000
0 23 66
0.990358240454 -0.137181147695 -0.019284405156 -0.138830635674
0.132209248094 0.977537889132 -0.164135279662 -0.232558158808
0.041367502750 0.160003150057 0.986249320247 -1.111791480011
0.000000000000 0.000000000000 0.000000000000 1.000000000000
0 24 66
-0.668355235465 0.716315545816 -0.200482712592 1.172208811923
-0.316674581077 -0.030129677973 0.948055595524 -1.996507338899
0.673066481803 0.697125699804 0.246976253407 0.742171873023
0.000000000000 0.000000000000 0.000000000000 1.000000000000
0 26 66
0.889453391837 0.268836836692 0.369593586236 -0.619535069109
-0.314025188560 -0.228065046076 0.921615166818 -2.318903252157
0.332055484369 -0.935795431703 -0.118431690458 3.570521026955
0.000000000000 0.000000000000 0.000000000000 1.000000000000
0 29 66
0.999608232757 0.004031436458 0.027697085136 0.113691212015
-0.009983352357 0.975837585604 0.218268960682 -0.006359930962
-0.026147919242 -0.218459959813 0.975495531654 0.256151762350
0.000000000000 0.000000000000 0.000000000000 1.000000000000
0 30 66
0.186468346086 -0.508888680897 0.840393875729 -2.166212940173
0.265694831247 0.849642816083 0.455536323170 -0.378853596377
-0.945851897792 0.138345204229 0.293640582874 1.976057299894
0.000000000000 0.000000000000 0.000000000000 1.000000000000
0 31 66
0.999087444698 0.025561765178 -0.034218036304 0.056133373554
-0.028966215153 0.994258530493 -0.103009382692 0.675236226261
0.031388472840 0.103906547935 0.994091642188 0.290231979919
0.000000000000 0.000000000000 0.000000000000 1.000000000000
0 34 66
0.869688191486 0.280101169298 -0.406430540864 0.255897518157
-0.111291869888 0.913468651526 0.391393845603 -0.600964170575
0.480891431912 -0.295158190869 0.825605882414 0.728788012605
0.000000000000 0.000000000000 0.000000000000 1.000000000000
0 35 66
0.915057636222 0.185446169656 -0.358160914327 0.880704521481
-0.131327668226 0.976628580966 0.170145991430 -0.085181086174
0.381343107910 -0.108656951002 0.918025653807 0.541204641521
0.000000000000 0.000000000000 0.000000000000 1.000000000000
0 36 66
0.998363381616 0.015961154061 -0.054916298214 0.648110813836
-0.012581462916 0.998037196053 0.061347062564 -0.002940145595
0.055787678204 -0.060555733464 0.996604604698 0.323578579281
0.000000000000 0.000000000000 0.000000000000 1.000000000000
0 37 66
0.987138060010 0.137460684246 0.081627267301 0.538746749876
-0.153654372842 0.956756406378 0.246996988973 -0.320366359860
-0.044145035815 -0.256362515087 0.965572098122 0.252046121938
0.000000000000 0.000000000000 0.000000000000 1.000000000000
0 38 66
0.706825127865 -0.293500017904 0.643627204295 -0.780115959889
0.145261549966 0.950695725635 0.274001312700 -0.230226063374
-0.692313022209 -0.100176727588 0.714609895349 0.341668138796
0.000000000000 0.000000000000 0.000000000000 1.000000000000
0 40 66
0.916513676141 0.134327163737 -0.376774328383 1.285914081572
-0.111904740819 0.990420987597 0.080892498474 -0.048598255207
0.384031262306 -0.031976247584 0.922766226713 0.546244793594
0.000000000000 0.000000000000 0.000000000000 1.000000000000
0 41 66
0.970343375703 -0.051624069398 0.236153951244 0.005994956680
0.035865409416 0.996863349602 0.070548810248 0.102455845613
-0.239055235535 -0.059986812541 0.969151266152 0.015323771822
0.000000000000 0.000000000000 0.000000000000 1.000000000000
0 42 66
0.924400332281 -0.369155137035 0.095960984158 0.628762159134
0.378887619279 0.917682055183 -0.119598568356 -0.321644574894
-0.043911247269 0.146915385160 0.988173907754 0.025824390559
0.000000000000 0.000000000000 0.000000000000 1.000000000000
0 44 66
0.946391583011 0.031472399389 -0.321484773640 0.978869347484
-0.003159056883 0.996096431523 0.088215188415 -0.203142536651
0.323006179454 -0.082470523123 0.942796701761 -0.018709782388
0.000000000000 0.000000000000 0.000000000000 1.000000000000
0 46 66
0.993392950129 0.114676730750 -0.004437798738 0.444313053145
-0.114762500412 0.992607931433 -0.039484971255 -0.243792476209
-0.000123013191 0.039733384960 0.999210309688 0.572532591216
0.000000000000 0.000000000000 0.000000000000 1.000000000000
0 48 66
0.762583088071 0.193791977446 -0.617180446276 1.613954455372
-0.512766847478 0.762743099855 -0.394072485403 0.874116568464
0.394382040559 0.616982684604 0.681025089834 1.233931299556
0.000000000000 0.000000000000 0.000000000000 1.000000000000
0 49 66
0.989545596419 -0.046317138515 0.136580508449 0.302145037316
0.029284099317 0.991827408563 0.124180647245 0.153055093909
-0.141215983995 -0.118882775468 0.982814800235 0.366189649416
0.000000000000 0.000000000000 0.000000000000 1.000000000000
0 53 66
0.367740339133 0.067615286783 0.927467096973 -1.938644756978
-0.260763820795 0.964836629586 0.033053108390 -0.250882531508
-0.892619332492 -0.254004825157 0.372440969897 0.926277361793
0.000000000000 0.000000000000 0.000000000000 1.000000000000
0 55 66
0.928714253266 -0.015331145279 0.370479138096 -0.297802164076
0.030009265668 0.998975016291 -0.033887472627 -0.405124450067
-0.369579869249 0.042589585715 0.928222412698 0.369065788747
0.000000000000 0.000000000000 0.000000000000 1.000000000000
0 56 66
0.987707892331 -0.078908684954 0.134931608104 -0.259290098588
0.049858236100 0.977177033065 0.206492620552 -0.259698194336
-0.148146129615 -0.197226939053 0.969099715608 0.405826387345
0.000000000000 0.000000000000 0.000000000000 1.000000000000
0 58 66
-0.143216860514 -0.901686125201 0.407984144894 -1.251445933502
0.031614639110 -0.416191448400 -0.908727237884 2.524933179105
0.989186254180 -0.117246790570 0.088112114051 2.853246378678
0.000000000000 0.000000000000 0.000000000000 1.000000000000
0 64 66
0.990517137323 -0.092107718371 0.101941006886 -0.103412698967
0.094285644067 0.995404330971 -0.016746199803 0.143148177271
-0.099930065503 0.026198971381 0.994649483943 0.375935685872
0.000000000000 0.000000000000 0.000000000000 1.000000000000
0 65 66
0.747056982472 0.586919076492 -0.312140773674 0.825584590133
-0.438937758309 0.788155076363 0.431445500537 -0.411964609185
0.499238930043 -0.185304002258 0.846417696812 0.369049811152
0.000000000000 0.000000000000 0.000000000000 1.000000000000
1 3 66
-0.732796903485 0.465695730731 -0.496121139060 1.578871653514
0.568634353780 0.018669107774 -0.822378523623 2.850265046926
-0.373716028482 -0.884747958909 -0.278491255270 3.442015504673
0.000000000000 0.000000000000 0.000000000000 1.000000000000
1 5 66
0.945321257339 0.005573980096 -0.326093009998 1.140358709054
-0.128449198689 0.925405240012 -0.356547255093 0.815243829542
0.299780792881 0.378938085317 0.875521218313 -1.005027606681
0.000000000000 0.000000000000 0.000000000000 1.000000000000
1 6 66
0.912224676099 -0.134129289207 0.387111707513 -0.033105260479
0.203495269745 0.968430602620 -0.143985565596 0.230697159368
-0.355578142619 0.210122587280 0.910720968687 -0.105051261329
0.000000000000 0.000000000000 0.000000000000 1.000000000000
1 7 66
0.961777133437 0.177527405654 0.208491644530 -0.027123637121
-0.132617298302 0.968106658387 -0.212560932857 0.304752203396
-0.239577540241 0.176786646068 0.954646051678 -0.087901837199
0.000000000000 0.000000000000 0.000000000000 1.000000000000
1 11 66
0.949935796591 0.119270007725 0.288784777321 0.004836753220
-0.044378261297 0.966407651668 -0.253153749177 0.466590223128
-0.309277468108 0.227664042078 0.923318217986 0.109969025110
0.000000000000 0.000000000000 0.000000000000 1.000000000000
1 12 66
0.766876089031 0.304451484705 -0.564987041917 1.235600991234
-0.553068193886 0.760108136594 -0.341102907633 0.418206319519
0.325601960965 0.574060026604 0.751291187803 0.416375988550
0.000000000000 0.000000000000 0.000000000000 1.000000000000
1 20 66
0.876175184489 -0.456213737910 0.155518717292 -0.150406194722
-0.093900868646 -0.478040662859 -0.873303928493 3.231687003026
0.472757520251 0.750563888018 -0.461686232251 3.877634775432
0.000000000000 0.000000000000 0.000000000000 1.000000000000
1 24 66
1.000000000000 0.000000000000 0.000000000000 0.000000000000
0.000000000000 1.000000000000 0.000000000000 0.000000000000
0.000000000000 0.000000000000 1.000000000000 0.000000000000
0.000000000000 0.000000000000 0.000000000000 1.000000000000
1 26 66
0.722415815706 0.086666268608 0.686006083868 -1.008992055370
0.045264084223 0.984058740060 -0.171987089025 0.022533281294
-0.689975761819 0.155297630366 0.706976728121 -0.424208065997
0.000000000000 0.000000000000 0.000000000000 1.000000000000
1 30 66
0.991342307648 -0.039289160385 0.125286834675 -0.026458627585
0.055507747846 0.990127332841 -0.128711905785 0.940066669403
-0.118992936747 0.134551947730 0.983735967812 0.472039531792
0.000000000000 0.000000000000 0.000000000000 1.000000000000
1 31 66
0.984858646730 0.135681089055 -0.107907775592 0.622678482280
-0.130122296181 0.989857059657 0.057019202769 0.254497967573
0.114549700991 -0.042114647341 0.992524419086 0.297876247676
0.000000000000 0.000000000000 0.000000000000 1.000000000000
1 32 66
-0.802643230831 -0.242128945624 0.545103125740 -1.457638841320
0.250190121691 0.692941897749 0.676192597825 -1.315765798497
-0.541450595169 0.679120828745 -0.495606853217 4.098124517315
0.000000000000 0.000000000000 0.000000000000 1.000000000000
1 33 66
0.891650563657 -0.190254593639 0.410807086027 -1.293771614901
0.166031774710 0.981607330796 0.094236393785 0.080719742751
-0.421180153993 -0.015818904079 0.906839037623 0.614552351191
0.000000000000 0.000000000000 0.000000000000 1.000000000000
1 35 66
0.976084852293 0.077030354497 -0.203284740229 0.354987486109
-0.026522129184 0.970327169077 0.240336767090 -0.362084145743
0.215765932871 -0.229197533665 0.949164660517 0.461197646942
0.000000000000 0.000000000000 0.000000000000 1.000000000000
1 36 66
0.943426842185 0.137245572877 -0.301843413330 1.274764328820
-0.071533998140 0.973124307998 0.218888026838 -0.397855700980
0.323772575360 -0.184912773784 0.927889317503 0.555089802423
0.000000000000 0.000000000000 0.000000000000 1.000000000000
1 37 66
0.952661236204 0.144976348068 -0.267242263752 1.432502133925
-0.115328248803 0.985612083932 0.123564618869 -0.110319189110
0.281311151685 -0.086894640278 0.955674294636 0.553162883412
0.000000000000 0.000000000000 0.000000000000 1.000000000000
1 38 66
-0.823968765080 0.561921649691 -0.072935134065 0.376922741755
-0.012855162681 -0.147220821187 -0.989020108290 2.477137893463
-0.566489381158 -0.813984084253 0.128528952448 2.207201040855
0.000000000000 0.000000000000 0.000000000000 1.000000000000
1 40 66
0.626985056281 0.393988857290 -0.672058419731 2.035022601485
-0.255545012132 0.918965995430 0.300330228278 -0.664426934329
0.735925598124 -0.016561388056 0.676859833681 1.349254825918
0.000000000000 0.000000000000 0.000000000000 1.000000000000
1 41 66
0.994058997861 0.075692986868 -0.078213045655 1.071313107898
-0.067802136894 0.992770557631 0.099042870186 -0.129307669861
0.085144459622 -0.093151444654 0.992004651882 0.222184884838
0.000000000000 0.000000000000 0.000000000000 1.000000000000
1 42 66
0.904552427984 0.425414737763 -0.028411369576 0.188086454116
-0.422983292261 0.887015880351 -0.185170090653 0.001608027122
-0.053572749560 0.179513589731 0.982295694588 0.137197390590
0.000000000000 0.000000000000 0.000000000000 1.000000000000
1 43 66
0.976717136662 -0.112858558283 0.182446103746 -0.027885048902
0.153300423160 0.962094963552 -0.225548800410 0.414061047143
-0.150075365097 0.248266443422 0.956995902740 0.172511694764
0.000000000000 0.000000000000 0.000000000000 1.000000000000
1 46 66
0.965294930608 -0.248705199312 0.079695801505 1.139709082330
0.260526155448 0.938297767852 -0.227427837285 0.236085177386
-0.018215907058 0.240297779182 0.970528288125 0.333779602760
0.000000000000 0.000000000000 0.000000000000 1.000000000000
1 47 66
0.618663389565 -0.656906352237 0.430963635127 -0.177164766985
0.444221006100 0.744916696340 0.497761803731 -0.745370031670
-0.648014898093 -0.116503905104 0.752664289006 0.520800628770
0.000000000000 0.000000000000 0.000000000000 1.000000000000
1 48 66
0.836405411601 -0.381755497712 0.393304878449 -0.100210906480
0.109299005415 0.819318905036 0.562823470784 -0.414365723519
-0.537103076569 -0.427760764701 0.727008262211 0.222951541509
0.000000000000 0.000000000000 0.000000000000 1.000000000000
1 49 66
0.943140927732 -0.167953007431 0.286839637658 -0.119754521122
0.114140343460 0.974123208408 0.195079360351 0.025620017858
-0.312181313393 -0.151247354142 0.937905680457 0.279152264188
0.000000000000 0.000000000000 0.000000000000 1.000000000000
1 53 66
0.953718629119 0.247513183257 0.170757139192 -0.646226471127
-0.236392434448 0.968108730087 -0.082970498763 0.426557360006
-0.185847769442 0.038764814505 0.981813574845 -0.092122936095
0.000000000000 0.000000000000 0.000000000000 1.000000000000
1 55 66
0.786968439401 -0.061945245418 0.613875770784 -0.517901883557
0.103362831206 0.994122616370 -0.032192370932 -0.517250970832
-0.608273623060 0.088786317590 0.788745959925 0.751816544804
0.000000000000 0.000000000000 0.000000000000 1.000000000000
1 56 66
-0.491083707272 0.713994852632 -0.499047235106 1.496533365418
-0.015495178365 0.565634611959 0.824510391203 -1.542222391680
0.870974564439 0.412636445516 -0.266710464609 3.080049779802
0.000000000000 0.000000000000 0.000000000000 1.000000000000
1 60 66
0.916300048413 0.215061656579 -0.337850122314 1.049065665809
-0.077055898615 0.922496338817 0.378236557405 -0.515603658000
0.393009681518 -0.320544831090 0.861855209124 0.451596003006
0.000000000000 0.000000000000 0.000000000000 1.000000000000
1 65 66
1.000000000000 0.000000000000 0.000000000000 0.000000000000
0.000000000000 1.000000000000 0.000000000000 0.000000000000
0.000000000000 0.000000000000 1.000000000000 0.000000000000
0.000000000000 0.000000000000 0.000000000000 1.000000000000
2 4 66
0.906881915880 -0.334045681155 -0.256863141676 1.108748013341
0.271345799775 0.929304515186 -0.250528591181 0.803874533135
0.322392071234 0.157501114142 0.933411351682 -0.323070743135
0.000000000000 0.000000000000 0.000000000000 1.000000000000
2 5 66
0.889939553084 0.106307723307 0.443515794332 0.068145979970
-0.046053448888 0.988430858041 -0.144511309997 0.060969676017
-0.453747365505 0.108180898669 0.884539553361 -0.217355722284
0.000000000000 0.000000000000 0.000000000000 1.000000000000
2 6 66
0.975381681553 -0.159449117822 0.152336975543 -0.024942088068
0.156461091191 0.987182220519 0.031483177023 0.023718329203
-0.155404318586 -0.006873304723 0.987827037212 -0.014500943524
0.000000000000 0.000000000000 0.000000000000 1.000000000000
2 7 66
0.972701367962 0.067421699548 0.222050361845 -0.216782257601
-0.065251177256 0.997722253567 -0.017105221551 0.085292600453
-0.222697850533 0.002149224881 0.974885146158 0.160031980242
0.000000000000 0.000000000000 0.000000000000 1.000000000000
2 10 66
0.924540398040 -0.374626046694 0.069859698895 0.398663969435
0.357101437642 0.915680370035 0.184412643730 -0.270961064302
-0.133054934615 -0.145549940129 0.980362993642 0.020827235916
0.000000000000 0.000000000000 0.000000000000 1.000000000000
2 11 66
0.982207047166 -0.081791061487 0.169054839502 -0.318752860307
0.083863838148 0.996463940276 -0.005145131752 0.179930659246
-0.168036225706 0.019231172364 0.985593216728 0.105969060936
0.000000000000 0.000000000000 0.000000000000 1.000000000000
2 13 66
0.945032524289 0.148161590054 -0.291481854099 1.071648282620
0.168671823174 -0.984579742705 0.046395542044 0.895061458100
-0.280113091631 -0.093010071967 -0.955450565131 5.345157879676
0.000000000000 0.000000000000 0.000000000000 1.000000000000
2 14 66
0.989089725061 -0.016907197998 0.146340911693 1.292671421162
0.035640576415 0.991344657300 -0.126354737768 -0.060376896355
-0.142937976382 0.130191847285 0.981131396811 -0.063378719027
0.000000000000 0.000000000000 0.000000000000 1.000000000000
2 15 66
0.572645370070 -0.303453766690 0.761572774999 -0.730214335342
0.199597776689 0.952623717749 0.229496797194 -0.212296437167
-0.795133955808 0.020587954318 0.606084258547 0.557652108785
0.000000000000 0.000000000000 0.000000000000 1.000000000000
2 19 66
0.934681048949 0.324906580039 0.144246493833 -0.380566204689
0.354229143307 -0.817140011743 -0.454756984818 2.352436798767
-0.029883955021 0.476149047522 -0.878856662816 4.802149011626
0.000000000000 0.000000000000 0.000000000000 1.000000000000
2 22 66
0.927850275166 -0.236152725248 0.288662012106 0.534760359980
0.226961681294 0.971704017843 0.065419392631 0.219671791058
-0.295943004816 0.004815814139 0.955193459899 -0.433680492120
0.000000000000 0.000000000000 0.000000000000 1.000000000000
2 25 66
0.826897217906 0.108921545565 -0.551703804528 2.204030418753
-0.010554129025 0.983896072053 0.178429621306 -0.097090047446
0.562254036339 -0.141720204313 0.814730496735 0.280103248733
0.000000000000 0.000000000000 0.000000000000 1.000000000000
2 26 66
0.927526953903 -0.029107950895 -0.372621090355 1.664983886550
-0.058486710213 0.973377118571 -0.221621952366 0.527793260362
0.369151804155 0.227353716127 0.901131085499 -0.286866637423
0.000000000000 0.000000000000 0.000000000000 1.000000000000
2 30 66
-0.940165514504 -0.157087991659 -0.302344452923 1.157177075598
-0.340478343979 0.399876206767 0.850983852105 -0.880169678092
-0.012778991290 0.903007409791 -0.429434878932 3.673939008742
0.000000000000 0.000000000000 0.000000000000 1.000000000000
2 31 66
0.989886455069 0.138083945488 -0.032521224907 0.587324658461
-0.126376663369 0.962497693803 0.240056510804 0.018019695788
0.064449554124 -0.233518764603 0.970214018426 1.035346893661
0.000000000000 0.000000000000 0.000000000000 1.000000000000
2 32 66
0.996332334799 -0.084948135501 -0.010280705633 0.018537081372
0.083985876210 0.947829910531 0.307513956268 -0.119309500529
-0.016378376925 -0.307249532102 0.951488031345 0.538225048291
0.000000000000 0.000000000000 0.000000000000 1.000000000000
2 33 66
0.947942336473 -0.064433434418 0.311855189553 -0.705538486870
-0.050934735903 0.936027504845 0.348221427905 -0.237667115458
-0.314342137488 -0.345978095698 0.884018199980 0.815878794417
0.000000000000 0.000000000000 0.000000000000 1.000000000000
2 34 66
0.695651855186 -0.264093508833 0.668074183732 -0.569856159642
0.137264528524 0.961705323907 0.237236841947 0.048478020037
-0.705143209274 -0.073331361370 0.705262763694 0.322470580683
0.000000000000 0.000000000000 0.000000000000 1.000000000000
2 35 66
0.993991753780 -0.090452831921 -0.061633421256 0.352593126968
0.107165151309 0.918820033636 0.379849149182 -0.304039876557
0.022271590945 -0.384171876881 0.922992928061 0.710710541092
0.000000000000 0.000000000000 0.000000000000 1.000000000000
2 36 66
0.967884465339 -0.192788561250 0.161345072458 -0.543664413646
0.052205998472 0.781945034514 0.621157384824 -1.004415218676
-0.245915016782 -0.592785402696 0.766897170989 0.902591324853
0.000000000000 0.000000000000 0.000000000000 1.000000000000
2 37 66
0.993246037477 -0.063384858988 -0.097183685291 0.366836621950
0.105025093334 0.847159396475 0.520855725450 -0.735582455584
0.049315705468 -0.527544611019 0.848094714392 0.497011772427
0.000000000000 0.000000000000 0.000000000000 1.000000000000
2 38 66
0.981668822393 0.162080012284 -0.100281567396 0.485393110010
-0.173034168810 0.978483486232 -0.112379907438 0.508068818500
0.079909320892 0.127671989057 0.988592111867 0.483546369812
0.000000000000 0.000000000000 0.000000000000 1.000000000000
2 40 66
0.892324562612 0.091375411711 -0.442049102582 1.330238434985
-0.118307479587 0.992405740792 -0.033677676846 0.334167995333
0.435614755527 0.082349133442 0.896358413241 0.921264231639
0.000000000000 0.000000000000 0.000000000000 1.000000000000
2 42 66
0.978287456698 -0.107216192914 -0.177364991033 0.928028028716
0.086111923550 0.988700988519 -0.122699192842 -0.180188416902
0.188516282293 0.104761840756 0.976466368101 0.424401715735
0.000000000000 0.000000000000 0.000000000000 1.000000000000
2 46 66
0.986827147444 -0.114237371166 0.114551316437 0.434964661407
0.122842702534 0.989876600227 -0.071091397205 0.140443400115
-0.105270373337 0.084226714002 0.990870329128 0.438269749667
0.000000000000 0.000000000000 0.000000000000 1.000000000000
2 47 66
0.904996337881 -0.279954686465 0.320323277251 -0.341037909490
0.184880357260 0.936954239071 0.296540060340 0.134220742797
-0.383146032110 -0.209146186705 0.899698277571 0.369876872117
0.000000000000 0.000000000000 0.000000000000 1.000000000000
2 48 66
0.967024126054 -0.141599620892 0.211692907279 -0.079600909079
0.027513731591 0.884413405703 0.465892608213 0.022065357500
-0.253194261789 -0.444704930461 0.859145034683 0.165226659141
0.000000000000 0.000000000000 0.000000000000 1.000000000000
2 49 66
0.975195208589 -0.181719790755 0.126381259656 -0.135511032800
0.124543656330 0.922483246933 0.365395042107 -0.042404939373
-0.182984105354 -0.340591510136 0.922233289581 0.383239759546
0.000000000000 0.000000000000 0.000000000000 1.000000000000
2 52 66
0.794815311649 -0.387167395023 0.467300790283 -0.034242496185
0.214846364712 0.899694149365 0.379988785583 -0.610254828339
-0.567547055263 -0.201623029018 0.798272193072 0.293428851804
0.000000000000 0.000000000000 0.000000000000 1.000000000000
2 53 66
0.972181066399 -0.013468013598 0.233843081456 -0.090448517479
0.032386987597 0.996485266121 -0.077254109519 0.286259390847
-0.231980725858 0.082678455555 0.969200297058 -0.007805704888
0.000000000000 0.000000000000 0.000000000000 1.000000000000
2 55 66
0.913141346703 -0.145313978081 0.380863136463 -0.598537736037
0.093142122914 0.983965425924 0.152107151458 -0.586341124204
-0.396859453562 -0.103420928056 0.912034366545 0.499015887479
0.000000000000 0.000000000000 0.000000000000 1.000000000000
2 56 66
0.998618914580 -0.047621946868 -0.022190394742 1.779052850539
0.049480621669 0.994479968095 0.092527083257 0.336296087436
0.017661583212 -0.093497289979 0.995462869848 -0.012332695059
0.000000000000 0.000000000000 0.000000000000 1.000000000000
2 57 66
0.760640528952 -0.235299302600 -0.605029109970 2.368763208194
-0.258730127927 0.744896930718 -0.614969335422 1.974897762348
0.595386182757 0.624309859607 0.505719776734 1.377283081876
0.000000000000 0.000000000000 0.000000000000 1.000000000000
2 58 66
0.989139661875 0.083596297767 -0.120889984302 0.514069557879
-0.063074746633 0.984342744125 0.164593251458 0.344095502098
0.132756565344 -0.155180607963 0.978925264395 -0.165579474259
0.000000000000 0.000000000000 0.000000000000 1.000000000000
2 59 66
0.862870738383 0.504527891248 -0.030094780193 0.008178687676
-0.476053412611 0.831287854138 0.286938411343 0.188978972450
0.169785856841 -0.233264036053 0.957476188895 0.288484133135
0.000000000000 0.000000000000 0.000000000000 1.000000000000
2 63 66
0.739525580012 0.270342352353 -0.616455131403 2.685283433530
-0.191222895092 0.962449687075 0.192676942684 -0.254001123562
0.645395786243 -0.024609192872 0.763451810349 1.326963305216
0.000000000000 0.000000000000 0.000000000000 1.000000000000
3 5 66
0.991649959391 0.116778828622 -0.054708895297 0.358563894235
-0.123004534844 0.983948775428 -0.129285311389 -0.193321037420
0.038732963310 0.134935216007 0.990097088691 -0.108757868594
0.000000000000 0.000000000000 0.000000000000 1.000000000000
3 6 66
0.993300825759 -0.053235740424 0.102564250536 -0.502735674771
0.056227170396 0.998066324669 -0.026497488004 0.011217683088
-0.100955311181 0.032086874307 0.994373399504 0.077112441489
0.000000000000 0.000000000000 0.000000000000 1.000000000000
3 7 66
0.994870547028 0.055749034762 -0.084407581287 0.451176288676
-0.051196455805 0.997163388103 0.055173366213 -0.401888088964
0.087244011649 -0.050568988020 0.994902638393 -0.106166120449
0.000000000000 0.000000000000 0.000000000000 1.000000000000
3 10 66
0.970528979900 -0.144791365906 0.192636859226 -0.411987428990
0.135164746703 0.988863771125 0.062281083840 -0.279833244358
-0.199509374271 -0.034407884483 0.979291635348 0.270950510273
0.000000000000 0.000000000000 0.000000000000 1.000000000000
3 14 66
0.963613002642 -0.144266234355 -0.225027186723 1.333238464562
0.114440529705 0.983453159562 -0.140439482011 -0.055241546025
0.241564372994 0.109577080504 0.964178156322 0.264785302920
0.000000000000 0.000000000000 0.000000000000 1.000000000000
3 18 66
1.000000000000 0.000000000000 0.000000000000 0.000000000000
0.000000000000 1.000000000000 0.000000000000 0.000000000000
0.000000000000 0.000000000000 1.000000000000 0.000000000000
0.000000000000 0.000000000000 0.000000000000 1.000000000000
3 20 66
0.876850970077 0.467518786641 -0.112064982993 0.836541612967
-0.467879231135 0.883447234438 0.024698361008 0.164678340614
0.110550447073 0.030776096270 0.993393894963 -0.029538712263
0.000000000000 0.000000000000 0.000000000000 1.000000000000
3 21 66
0.945938571867 -0.147785602133 0.288720685191 -0.547730814463
0.136595807379 0.988889381658 0.058646195526 0.044401806458
-0.294179883169 -0.016037663340 0.955615503063 0.136564118509
0.000000000000 0.000000000000 0.000000000000 1.000000000000
3 25 66
0.945932646322 0.096479848982 0.309682203819 -0.024651501715
-0.087786107142 0.995256825664 -0.041921955602 0.162487778973
-0.312257951083 0.012469551277 0.949915513231 0.059198876016
0.000000000000 0.000000000000 0.000000000000 1.000000000000
3 27 66
0.961083651224 0.196092087765 -0.194592159314 0.632343409736
-0.163402112124 0.971465174639 0.171916154615 -0.255962074470
0.222750903711 -0.133429035747 0.965701158390 0.121617235567
0.000000000000 0.000000000000 0.000000000000 1.000000000000
3 33 66
0.947828826621 0.114248840291 -0.297603289496 1.215094691334
-0.009077204645 0.942864559193 0.333052589503 -0.439965275291
0.318650466472 -0.312975439149 0.894711268906 0.395623109918
0.000000000000 0.000000000000 0.000000000000 1.000000000000
3 37 66
0.994402249143 0.085607338657 -0.061931821129 0.215998140028
-0.068724325452 0.969245219795 0.236306307566 -0.225341570287
0.080256675681 -0.230727301099 0.969702933138 0.573539908830
0.000000000000 0.000000000000 0.000000000000 1.000000000000
3 39 66
0.963456597557 -0.115647792933 0.241613270774 0.533595335045
0.077803776721 0.983930856727 0.160706694039 -0.235248522938
-0.256316126984 -0.136035499671 0.956972510513 0.635233628321
0.000000000000 0.000000000000 0.000000000000 1.000000000000
3 45 66
0.825745635508 -0.144314239926 -0.545268324401 1.367516247480
0.063449357185 0.984344885253 -0.164436388760 -0.248259777242
0.560462598674 0.101185705661 0.821975138588 0.749215952839
0.000000000000 0.000000000000 0.000000000000 1.000000000000
3 46 66
0.828638092552 0.140003990726 -0.541994275019 0.897863240867
-0.150996292568 0.988232668405 0.024419515291 -0.330282363576
0.539035278255 0.061604185549 0.840027316889 0.893650745950
0.000000000000 0.000000000000 0.000000000000 1.000000000000
3 48 66
0.975953076037 0.134173792489 -0.171793442202 0.636981858568
-0.044162020876 0.893474732931 0.446936927907 -0.017400889617
0.213460322511 -0.428602724004 0.877914799790 0.056472615068
0.000000000000 0.000000000000 0.000000000000 1.000000000000
3 49 66
0.964156384001 -0.095008053605 0.247741673807 -0.643018962226
0.027330869818 0.964289660542 0.263435901362 0.030076814195
-0.263923266776 -0.247222410638 0.932322684982 0.568871232794
0.000000000000 0.000000000000 0.000000000000 1.000000000000
3 50 66
0.833530481465 -0.101644068954 -0.543042742070 1.807368887610
0.058888587490 0.993676220316 -0.095601796231 0.138770407506
0.549326014979 0.047707991214 0.834245093987 0.253362265215
0.000000000000 0.000000000000 0.000000000000 1.000000000000
3 52 66
0.994680099050 0.102949398164 -0.003594714309 0.126702681643
-0.101869324664 0.988229601320 0.114126665451 -0.375382104050
0.015301674611 -0.113153331776 0.993459703391 0.012600697114
0.000000000000 0.000000000000 0.000000000000 1.000000000000
3 53 66
0.999235486929 0.032104610656 -0.022309989589 0.079196167986
-0.034149642568 0.994569906028 -0.098308208894 0.203089118099
0.019032697478 0.098994929154 0.994905905314 -0.066752051304
0.000000000000 0.000000000000 0.000000000000 1.000000000000
3 56 66
0.678778519778 0.339657762848 -0.651070138483 2.149886311181
-0.205962848180 0.939072164467 0.275177715471 -0.702028490409
0.704868091389 -0.052688462297 0.707378894005 1.803834449447
0.000000000000 0.000000000000 0.000000000000 1.000000000000
3 63 66
0.951099358068 -0.161758347894 0.263143018091 -0.028186247963
0.113640779099 0.975406896152 0.188857513130 -0.176661465875
-0.287220793831 -0.149718481914 0.946091217465 0.424907202180
0.000000000000 0.000000000000 0.000000000000 1.000000000000
3 64 66
0.907955639439 -0.068126731349 0.413491602438 -0.272972246265
0.036349740934 0.995781678334 0.084246931264 -0.185488876671
-0.417486829906 -0.061462163720 0.906601979529 0.928051761106
0.000000000000 0.000000000000 0.000000000000 1.000000000000
4 14 66
0.802645461923 0.036645979666 0.595329601674 -0.677906957460
0.034755285114 0.993541387134 -0.108016583021 -0.279287702593
-0.595442971754 0.107389870217 0.796187844144 0.463160962038
0.000000000000 0.000000000000 0.000000000000 1.000000000000
4 22 66
1.000000000000 0.000000000000 0.000000000000 0.000000000000
0.000000000000 1.000000000000 0.000000000000 0.000000000000
0.000000000000 0.000000000000 1.000000000000 0.000000000000
0.000000000000 0.000000000000 0.000000000000 1.000000000000
4 25 66
0.982482150887 -0.144243571003 -0.117994132959 1.102187546604
0.126273970517 0.980933418456 -0.147731218522 0.584695417349
0.137053666709 0.130243697661 0.981963783274 0.255615037458
0.000000000000 0.000000000000 0.000000000000 1.000000000000
4 31 66
0.775926657632 0.596603106799 0.204945248622 -0.266431877097
-0.515732900080 0.412865796052 0.750707273326 -0.733051829976
0.363259408344 -0.688190792882 0.628041427648 1.742708702102
0.000000000000 0.000000000000 0.000000000000 1.000000000000
4 35 66
-0.693108085777 -0.678002393260 0.244773234164 -0.416367664681
0.540644194261 -0.264366216932 0.798632805836 -0.899716770925
-0.476765179771 0.685874083253 0.549792420173 1.719199409661
0.000000000000 0.000000000000 0.000000000000 1.000000000000
4 36 66
0.907149092122 -0.319576326267 0.273772709289 -0.759206265238
0.061988911105 -0.542004784339 -0.838086027000 2.499867084984
0.416218571861 0.777239850653 -0.471868959559 4.195223308899
0.000000000000 0.000000000000 0.000000000000 1.000000000000
4 40 66
0.977644087361 0.089135620359 -0.190438650570 -0.086279462132
-0.039589054825 0.967533706058 0.249622183269 -0.409433190909
0.206506041524 -0.236502365369 0.949432402011 1.494557610094
0.000000000000 0.000000000000 0.000000000000 1.000000000000
4 42 66
0.958842052698 0.213389443687 0.187314877416 -0.544120955016
-0.134979316807 0.922948295498 -0.360481660938 0.378705156809
-0.249804927920 0.320361341552 0.913764799511 0.803297473734
0.000000000000 0.000000000000 0.000000000000 1.000000000000
4 43 66
0.991952999688 -0.084477096923 0.094301996291 -0.119935476634
0.061032370712 0.971647183124 0.228422418455 -0.561610496082
-0.110924731842 -0.220828828786 0.968984175435 1.173324058097
0.000000000000 0.000000000000 0.000000000000 1.000000000000
4 44 66
0.967285744574 -0.204437390502 -0.150211989230 0.556545244548
0.197260969566 0.978427829211 -0.061376647926 0.364753213210
0.159519272284 0.029737793952 0.986746809157 0.351124011085
0.000000000000 0.000000000000 0.000000000000 1.000000000000
4 47 66
0.366271989071 -0.558040103862 0.744604641742 -1.883218467778
0.156460635000 0.825754577064 0.541894314561 -0.787517450913
-0.917259450601 -0.081979393389 0.389762080431 2.162732792243
0.000000000000 0.000000000000 0.000000000000 1.000000000000
4 50 66
-0.442474328786 -0.531510941831 0.722296744475 -1.579017697936
0.883310766840 -0.119233130228 0.453371315636 -1.779504696887
-0.154850113176 0.838617659825 0.522246936879 1.587549449964
0.000000000000 0.000000000000 0.000000000000 1.000000000000
4 51 66
1.000000000000 0.000000000000 0.000000000000 0.000000000000
0.000000000000 1.000000000000 0.000000000000 0.000000000000
0.000000000000 0.000000000000 1.000000000000 0.000000000000
0.000000000000 0.000000000000 0.000000000000 1.000000000000
4 52 66
1.000000000000 0.000000000000 0.000000000000 0.000000000000
0.000000000000 1.000000000000 0.000000000000 0.000000000000
0.000000000000 0.000000000000 1.000000000000 0.000000000000
0.000000000000 0.000000000000 0.000000000000 1.000000000000
4 58 66
0.898970298831 -0.315440274785 0.303891156277 -1.197716602246
0.303265421538 0.948853128868 0.087794213568 0.191655034843
-0.316041905321 0.013235289204 0.948652908708 0.619440436129
0.000000000000 0.000000000000 0.000000000000 1.000000000000
4 60 66
0.980223609460 -0.073869875265 0.183588989283 -0.496580335324
0.171943478229 -0.141337591292 -0.974914932485 2.620805949033
0.097964869989 0.987201563419 -0.125841000599 3.353186517618
0.000000000000 0.000000000000 0.000000000000 1.000000000000
4 61 66
0.868275346632 0.494316918895 0.041817533703 0.234375311551
-0.380991080915 0.610474361529 0.694382351575 -1.238769317799
0.317716412378 -0.618847184376 0.718390175111 1.627934466179
0.000000000000 0.000000000000 0.000000000000 1.000000000000
5 7 66
0.983766599361 0.169822920547 0.057995289799 -0.625167796134
-0.164673385528 0.982736228823 -0.084333745666 0.745825353838
-0.071315875376 0.073414441469 0.994748393164 0.051370885347
0.000000000000 0.000000000000 0.000000000000 1.000000000000
5 9 66
0.984432989650 0.002830162912 0.175737528910 -0.472822004401
-0.017471556512 0.996493739985 0.081822801739 -0.224133092760
-0.174889775581 -0.083619473505 0.981030758971 0.214408008353
0.000000000000 0.000000000000 0.000000000000 1.000000000000
5 13 66
0.960240194821 -0.147389425973 0.237097290921 -2.007138630390
0.133914241243 0.988369488143 0.072060605749 0.754171031949
-0.244960699385 -0.037444786289 0.968809652995 0.170984785911
0.000000000000 0.000000000000 0.000000000000 1.000000000000
5 14 66
0.995024787131 -0.043304882347 -0.089723799295 0.177328585370
0.037760556380 0.997324378983 -0.062595714448 0.139266405348
0.092194432462 0.058896266862 0.993997694350 0.024398243142
0.000000000000 0.000000000000 0.000000000000 1.000000000000
5 15 66
0.978041163825 0.158575442679 -0.135237978554 -0.067053235870
-0.123826366737 0.964089015062 0.234945529723 -0.072450391706
0.167638040925 -0.213040371796 0.962554563243 0.607854457736
0.000000000000 0.000000000000 0.000000000000 1.000000000000
5 17 66
1.000000000000 0.000000000000 0.000000000000 0.000000000000
0.000000000000 1.000000000000 0.000000000000 0.000000000000
0.000000000000 0.000000000000 1.000000000000 0.000000000000
0.000000000000 0.000000000000 0.000000000000 1.000000000000
5 20 66
0.854837508949 -0.200094952668 0.478763869993 -0.957654004945
0.129610755500 0.975750717466 0.176384776620 0.123822495376
-0.502447893172 -0.088727376167 0.860042770661 0.612359574961
0.000000000000 0.000000000000 0.000000000000 1.000000000000
5 24 66
0.955966261491 0.045940632619 0.289858526123 -0.960472831560
-0.043213257950 0.998940828533 -0.015806183186 0.572846958882
-0.290277662298 0.002584446590 0.956938973711 0.604788887379
0.000000000000 0.000000000000 0.000000000000 1.000000000000
5 33 66
0.988782656567 0.080225019976 -0.125987317784 0.332742607172
-0.073416391052 0.995625419142 0.057793237348 1.070511821723
0.130072639696 -0.047895416566 0.990346978323 -0.044693214920
0.000000000000 0.000000000000 0.000000000000 1.000000000000
5 44 66
0.899974973296 0.058873987534 -0.431947798967 1.509132072825
0.045937891104 0.972514570552 0.228265459990 -0.164867600220
0.433514426059 -0.225275972210 0.872534227835 1.032602506681
0.000000000000 0.000000000000 0.000000000000 1.000000000000
5 46 66
0.926961418533 -0.302513599980 0.221873951557 -0.573279466108
0.336185107315 0.932301115432 -0.133394916635 0.381038459942
-0.166499556071 0.198242659363 0.965907731534 0.796531260807
0.000000000000 0.000000000000 0.000000000000 1.000000000000
5 53 66
0.989061875671 -0.053475247142 0.137466374207 -0.660641684605
0.038850981220 0.993505150894 0.106949129985 0.173294981563
-0.142292682007 -0.100438603582 0.984715633855 0.330273949535
0.000000000000 0.000000000000 0.000000000000 1.000000000000
5 64 66
-0.123465415212 -0.386745298395 0.913884218824 -2.606789498098
0.243551290209 0.880953781598 0.405713203785 -0.208438168891
-0.961997432577 0.272669229758 -0.014575008021 2.525844377834
0.000000000000 0.000000000000 0.000000000000 1.000000000000
6 8 66
0.991050202050 -0.131026246502 -0.025526843609 0.047647178257
0.130372832035 0.991129893308 -0.025777107272 -0.099470374632
0.028677895395 0.022218400476 0.999341743847 0.180752576049
0.000000000000 0.000000000000 0.000000000000 1.000000000000
6 10 66
0.969954697442 -0.086316731722 0.227458362640 -0.346191615507
0.096951108893 0.994638543625 -0.035981245394 0.061673863184
-0.223133071046 0.056952518474 0.973122830502 0.302659366149
0.000000000000 0.000000000000 0.000000000000 1.000000000000
6 11 66
0.993374246423 -0.060073164405 0.097973575324 -0.190213499416
0.062915420549 0.997675402318 -0.026180937072 -0.027706032452
-0.096173054441 0.032171517329 0.994844579355 0.412395698917
0.000000000000 0.000000000000 0.000000000000 1.000000000000
6 14 66
0.875870744266 0.163846907623 0.453877329464 0.074223996327
0.003779064010 0.938231209415 -0.345988318234 0.276149357477
-0.482530991765 0.304756277280 0.821150079732 0.085308319138
0.000000000000 0.000000000000 0.000000000000 1.000000000000
6 15 66
0.914519116908 -0.103786615264 0.391002715211 -0.108575731962
0.114970387877 0.993355141999 -0.005231804203 0.096330602202
-0.387861566440 0.049738318789 0.920374654650 0.284669407340
0.000000000000 0.000000000000 0.000000000000 1.000000000000
6 18 66
1.000000000000 0.000000000000 0.000000000000 0.000000000000
0.000000000000 1.000000000000 0.000000000000 0.000000000000
0.000000000000 0.000000000000 1.000000000000 0.000000000000
0.000000000000 0.000000000000 0.000000000000 1.000000000000
6 19 66
0.574850832627 0.234907272879 -0.783814450860 2.585715159162
-0.251007750357 0.962346980223 0.104323530026 -0.237375442486
0.778807825776 0.136773033909 0.612169508965 1.149830885936
0.000000000000 0.000000000000 0.000000000000 1.000000000000
6 20 66
0.449599669783 0.253979959728 -0.856361090304 2.705723129757
-0.371728430679 0.924960080484 0.079163270116 0.124529792060
0.812205707168 0.282741984090 0.510273318602 0.891036113778
0.000000000000 0.000000000000 0.000000000000 1.000000000000
6 24 66
1.000000000000 0.000000000000 0.000000000000 0.000000000000
0.000000000000 1.000000000000 0.000000000000 0.000000000000
0.000000000000 0.000000000000 1.000000000000 0.000000000000
0.000000000000 0.000000000000 0.000000000000 1.000000000000
6 25 66
1.000000000000 0.000000000000 0.000000000000 0.000000000000
0.000000000000 1.000000000000 0.000000000000 0.000000000000
0.000000000000 0.000000000000 1.000000000000 0.000000000000
0.000000000000 0.000000000000 0.000000000000 1.000000000000
6 26 66
0.828806970530 -0.098561183230 -0.550785528823 2.186657804496
-0.182660749375 0.882774697307 -0.432832397623 1.060652940441
0.528880001738 0.459341405661 0.713646562948 0.462801693470
0.000000000000 0.000000000000 0.000000000000 1.000000000000
6 27 66
0.922703204440 -0.195297567448 0.332381793523 -0.268830154930
0.244109509144 0.963298830271 -0.111650844801 0.158755463825
-0.298377854511 0.184158148742 0.936512910851 0.673332258684
0.000000000000 0.000000000000 0.000000000000 1.000000000000
6 28 66
0.974421361469 0.024987379332 0.223335266332 -0.524240265275
-0.078957580400 0.968506825343 0.236136040792 -0.071379204788
-0.210401308957 -0.247730014608 0.945706682355 0.484533550528
0.000000000000 0.000000000000 0.000000000000 1.000000000000
6 29 66
0.985826767797 0.159923746158 -0.050694963358 0.330178593096
-0.137223207468 0.942495958673 0.304747697640 -0.279792645830
0.096516191530 -0.293471912284 0.951082993998 1.224808871766
0.000000000000 0.000000000000 0.000000000000 1.000000000000
6 32 66
0.993654104338 -0.027320330704 0.109110588220 -0.198224681699
0.008536045823 0.985571882639 0.169042006829 0.156255670386
-0.112154611377 -0.167037910910 0.979550753900 0.182532837743
0.000000000000 0.000000000000 0.000000000000 1.000000000000
6 33 66
0.746079497639 0.202874049914 -0.634198315256 2.399090778387
-0.252437201085 0.967532098983 0.012533832052 0.606645578747
0.616150016401 0.150744012515 0.773068819692 0.615227010096
0.000000000000 0.000000000000 0.000000000000 1.000000000000
6 35 66
0.941037457731 0.229734710525 -0.248335390002 0.067787558597
-0.210808092183 0.972330047178 0.100668900982 0.082632615791
0.264591102302 -0.042382096865 0.963428931706 0.472685891107
0.000000000000 0.000000000000 0.000000000000 1.000000000000
6 37 66
0.886449907722 0.295895760303 -0.355882368394 0.600801389011
-0.194163862585 0.935753109209 0.294391768008 -0.232325425200
0.420127308759 -0.191864060312 0.886950521053 0.642604008589
0.000000000000 0.000000000000 0.000000000000 1.000000000000
6 42 66
0.162429682720 -0.956767906335 0.241271157785 -0.113267623831
0.765393704812 0.276488736258 0.581142370987 -1.230569792257
-0.622727127083 0.090272654386 0.777214110181 0.840430918867
0.000000000000 0.000000000000 0.000000000000 1.000000000000
6 45 66
0.890662665515 -0.452907699306 -0.039932845702 0.666806620520
0.443864040451 0.885174591964 -0.139465606282 0.140402732952
0.098512587274 0.106492054399 0.989421402891 0.170270463282
0.000000000000 0.000000000000 0.000000000000 1.000000000000
6 46 66
0.959354734727 0.041214163295 -0.279177158272 0.662723763891
-0.032654037037 0.998845064830 0.035245571770 -0.220180983196
0.280307343504 -0.024696744890 0.959592551018 0.783407247559
0.000000000000 0.000000000000 0.000000000000 1.000000000000
6 47 66
0.864017602199 -0.352925641732 0.359050239518 -0.770393568239
0.241222139249 0.916170925767 0.320066734159 -0.044537210651
-0.441911147887 -0.189932425317 0.876721284780 0.452382385276
0.000000000000 0.000000000000 0.000000000000 1.000000000000
6 48 66
0.999330841117 -0.002717695144 0.036475801915 0.117925888476
-0.013137389641 0.904022906013 0.427282101658 0.062989930580
-0.034136182939 -0.427475378867 0.903382267635 0.176643975455
0.000000000000 0.000000000000 0.000000000000 1.000000000000
6 49 66
0.980616723633 -0.097467568854 0.169973275406 -0.482219541126
0.020680267991 0.914135083304 0.404881928455 -0.270069447794
-0.194841391512 -0.393518897253 0.898431805792 0.450318037328
0.000000000000 0.000000000000 0.000000000000 1.000000000000
6 50 66
0.943241363999 0.154302042022 0.294086057250 -0.808254395970
-0.148283776557 0.988018409519 -0.042796542628 0.062735092890
-0.297166032465 -0.003240721959 0.954820321773 0.602749134102
0.000000000000 0.000000000000 0.000000000000 1.000000000000
6 51 66
1.000000000000 0.000000000000 0.000000000000 0.000000000000
0.000000000000 1.000000000000 0.000000000000 0.000000000000
0.000000000000 0.000000000000 1.000000000000 0.000000000000
0.000000000000 0.000000000000 0.000000000000 1.000000000000
6 52 66
0.981354057656 -0.025431279716 0.190518932219 -0.226586240268
0.018356102788 0.999078002532 0.038809771294 -0.116001617162
-0.191330256395 -0.034588941433 0.980916070884 0.164256064437
0.000000000000 0.000000000000 0.000000000000 1.000000000000
6 53 66
0.996361815494 0.085124856398 -0.004109920817 0.112272454404
-0.083920810579 0.988385672784 0.126692775593 -0.292785274128
0.014846891181 -0.125886936013 0.991933490292 0.104075557000
0.000000000000 0.000000000000 0.000000000000 1.000000000000
6 55 66
0.965669587992 0.177718130555 0.189469028869 -0.731012287466
-0.129950938191 0.962026176982 -0.240038306244 0.115845486206
-0.224933324546 0.207176014234 0.952094059762 0.621588653711
0.000000000000 0.000000000000 0.000000000000 1.000000000000
6 63 66
0.999188316072 -0.011763141499 0.038527101197 0.724665166644
0.011455184755 0.999900729366 0.008204276692 0.116877367174
-0.038619784655 -0.007756282351 0.999223874974 0.457987107275
0.000000000000 0.000000000000 0.000000000000 1.000000000000
6 65 66
0.621898459561 0.238052281068 -0.746038482569 2.949246153225
-0.125558195118 0.970662075274 0.205061637718 -0.524059239896
0.772966652343 -0.033856271252 0.633542664121 1.818710152426
0.000000000000 0.000000000000 0.000000000000 1.000000000000
7 9 66
0.902964774601 0.110031256819 -0.415388659394 1.547584903932
-0.123171296548 0.992373424562 -0.004880361659 -0.212679454603
0.411683674120 0.055570754414 0.909630938192 -0.296800518612
0.000000000000 0.000000000000 0.000000000000 1.000000000000
7 10 66
0.972153223942 -0.208994889962 -0.106015306204 0.402934105555
0.194976871624 0.972307593701 -0.128848604040 0.589003930572
0.130008187093 0.104590053070 0.985981131710 0.104455197936
0.000000000000 0.000000000000 0.000000000000 1.000000000000
7 11 66
0.999200913713 -0.039581530078 -0.005553063325 -0.033584868429
0.039909907424 0.980480850103 0.192521432235 -0.386089474564
-0.002175620612 -0.192589213242 0.981277056502 0.392488249536
0.000000000000 0.000000000000 0.000000000000 1.000000000000
7 23 66
0.856332282180 -0.473441804207 -0.206271375925 1.299478522534
0.365763834576 0.837997517337 -0.404940709553 0.633960100470
0.364570761050 0.271317192537 0.890772216238 -0.214989220637
0.000000000000 0.000000000000 0.000000000000 1.000000000000
7 24 66
0.920753170359 0.211251784892 -0.328003479637 0.742581785364
-0.024754848468 0.870660346556 0.491261395198 -1.251011329733
0.389359469837 -0.444210810668 0.806892780321 0.530586973828
0.000000000000 0.000000000000 0.000000000000 1.000000000000
7 25 66
0.967371951591 -0.228486300432 -0.109478389603 0.275495546781
0.224133809835 0.973238520495 -0.050703229816 0.264334647746
0.118133579324 0.024511073823 0.992695151945 -0.116660268915
0.000000000000 0.000000000000 0.000000000000 1.000000000000
7 27 66
0.471444787374 -0.728098384942 -0.497606827025 1.583352820646
0.105448678867 0.606738953228 -0.787875890455 3.019328415853
0.875568608724 0.318967999147 0.362820929574 1.333623680510
0.000000000000 0.000000000000 0.000000000000 1.000000000000
7 29 66
0.851496533461 0.347988753502 -0.392246709278 0.669348859243
-0.140402526405 0.872042300552 0.468859634247 -0.489983177719
0.505213602432 -0.344159924285 0.791399496104 1.380729292499
0.000000000000 0.000000000000 0.000000000000 1.000000000000
7 32 66
0.856839630443 -0.095419433436 -0.506676405042 1.623573802002
-0.034372791790 0.969966900179 -0.240796021025 1.573692151746
0.514435961892 0.223739456243 0.827826247973 0.148077416377
0.000000000000 0.000000000000 0.000000000000 1.000000000000
7 33 66
0.982990304784 -0.172240734246 -0.063743157803 -0.155225519348
0.177938602097 0.979115788264 0.098336804175 0.306146652478
0.045474328844 -0.108006493500 0.993109602601 0.058853200272
0.000000000000 0.000000000000 0.000000000000 1.000000000000
7 37 66
0.969410130080 -0.235929894645 0.067683709340 -0.683705501542
0.170235790733 0.844941388054 0.507044205476 -0.854873948069
-0.176815653297 -0.480011599408 0.859258453076 0.409890154259
0.000000000000 0.000000000000 0.000000000000 1.000000000000
7 38 66
0.877511274362 -0.099218059667 -0.469179858907 0.930639343491
0.126317463723 0.991634494476 0.026550475024 0.207563293461
0.462620645591 -0.082563950980 0.882703422601 0.903600314847
0.000000000000 0.000000000000 0.000000000000 1.000000000000
7 39 66
-0.635711256530 -0.759698563651 -0.136854998838 -0.283314344788
0.618399388429 -0.607318702344 0.498744614180 -0.604220099405
-0.462010167325 0.232426517784 0.855876462534 -0.103952321942
0.000000000000 0.000000000000 0.000000000000 1.000000000000
7 41 66
0.824885487275 -0.496170554196 -0.270885056864 1.006799279640
0.466378138123 0.868115126834 -0.169904558041 0.888847934956
0.319461054221 0.013816935684 0.947498668666 0.633135084829
0.000000000000 0.000000000000 0.000000000000 1.000000000000
7 45 66
0.911497197254 -0.132390012200 -0.389417185122 1.167522861765
0.148478462108 0.988850391239 0.011360019209 -0.604106215282
0.383571382781 -0.068174690435 0.920991425528 0.672628318889
0.000000000000 0.000000000000 0.000000000000 1.000000000000
7 46 66
0.946567281502 -0.174054035331 -0.271506122167 0.723756285427
0.182634524607 0.983159674264 0.006456417154 -0.044572249635
0.265810105171 -0.055697824784 0.962415056150 0.428489046658
0.000000000000 0.000000000000 0.000000000000 1.000000000000
7 47 66
0.983408900422 -0.181246401894 -0.007528371122 0.175111528790
0.176058860286 0.943618054447 0.280335950310 0.237488699002
-0.043705975404 -0.277010305083 0.959872428290 0.051124911963
0.000000000000 0.000000000000 0.000000000000 1.000000000000
7 48 66
0.998521145792 -0.042618505024 -0.033751806394 0.113663697121
0.054364576206 0.784139449038 0.618198849332 -0.457432149522
0.000119412103 -0.619119526014 0.785296758079 0.056713972194
0.000000000000 0.000000000000 0.000000000000 1.000000000000
7 49 66
0.953638580841 -0.300785066398 0.010089646360 -0.271913732238
0.283332031845 0.908597737739 0.306876376911 0.098321531326
-0.101471261263 -0.289790432568 0.951695901184 0.000898477343
0.000000000000 0.000000000000 0.000000000000 1.000000000000
7 50 66
0.972093459405 0.013233645684 0.234220359499 -0.581721553221
-0.015789563195 0.999834465560 0.009040529409 0.057909661438
-0.234061948800 -0.012486476676 0.972141497944 0.368781984284
0.000000000000 0.000000000000 0.000000000000 1.000000000000
7 51 66
0.886262067318 0.185966189723 -0.424212357568 1.522147580396
-0.134702865772 0.979757999227 0.148085788999 -0.248176104263
0.443164400631 -0.074100197239 0.893372528558 -0.096067868875
0.000000000000 0.000000000000 0.000000000000 1.000000000000
7 52 66
0.934763712007 -0.310578654395 0.172504209075 -0.750504206519
0.298932339253 0.949973886223 0.090493491714 -0.211236876125
-0.191979840773 -0.033022945477 0.980843119876 0.127153462142
0.000000000000 0.000000000000 0.000000000000 1.000000000000
7 53 66
0.976382619562 -0.184560532739 0.112313801343 -0.173396038271
0.168126643170 0.975555858088 0.141506888903 -0.278194261856
-0.135684973646 -0.119281924471 0.983545327080 0.074248238453
0.000000000000 0.000000000000 0.000000000000 1.000000000000
7 55 66
-0.739304389784 0.501957957818 -0.448851008498 0.733484736247
0.534268375770 0.031537830689 -0.844726386404 2.403928457498
-0.409861344723 -0.864316824908 -0.291496319501 3.972431509155
0.000000000000 0.000000000000 0.000000000000 1.000000000000
7 61 66
0.857650718328 -0.478961929385 0.187164942097 0.833655883738
0.394747983203 0.846473070243 0.357291717103 -0.098845074293
-0.329559213356 -0.232548514407 0.915047492396 0.885004666436
0.000000000000 0.000000000000 0.000000000000 1.000000000000
7 64 66
0.962599109455 -0.270897109811 0.004208369399 1.275904254488
0.270917752000 0.962293726047 -0.024379427037 0.798524880802
0.002554628854 0.024607736732 0.999693919740 0.084108315494
0.000000000000 0.000000000000 0.000000000000 1.000000000000
8 10 66
0.959421295340 0.281642303667 -0.013725554028 0.463817576649
-0.281023691019 0.959044026522 0.035499863084 0.066909789971
0.023161673820 -0.030202118770 0.999275421937 -0.025011998384
0.000000000000 0.000000000000 0.000000000000 1.000000000000
8 11 66
0.976201874295 -0.089229117618 -0.197656432208 0.653335413519
0.119647709471 0.981764992584 0.147722459210 -0.557839631489
0.180871021013 -0.167856080932 0.969076885418 0.090293340036
0.000000000000 0.000000000000 0.000000000000 1.000000000000
8 23 66
0.757524548650 -0.215415615561 -0.616240757143 2.885690929243
0.091099369145 0.969633179884 -0.226963436285 -0.099407982598
0.646418953260 0.115791230415 0.754145163629 0.006465456890
0.000000000000 0.000000000000 0.000000000000 1.000000000000
8 24 66
1.000000000000 0.000000000000 0.000000000000 0.000000000000
0.000000000000 1.000000000000 0.000000000000 0.000000000000
0.000000000000 0.000000000000 1.000000000000 0.000000000000
0.000000000000 0.000000000000 0.000000000000 1.000000000000
8 25 66
0.769999544126 -0.203548656512 0.604705421240 -1.664017594216
0.179208826495 0.978591532779 0.101206761040 -0.357762325096
-0.612360105291 0.030439389053 0.789992749994 1.009611662593
0.000000000000 0.000000000000 0.000000000000 1.000000000000
8 26 66
1.000000000000 0.000000000000 0.000000000000 0.000000000000
0.000000000000 1.000000000000 0.000000000000 0.000000000000
0.000000000000 0.000000000000 1.000000000000 0.000000000000
0.000000000000 0.000000000000 0.000000000000 1.000000000000
8 33 66
0.853652298820 -0.451433477155 -0.259779846067 0.859630633097
0.460001270041 0.887394882617 -0.030482025293 0.080206987353
0.244287912675 -0.093478008158 0.965186654338 -0.178426581603
0.000000000000 0.000000000000 0.000000000000 1.000000000000
8 38 66
0.904932346820 -0.039212660852 -0.423744988063 0.905524693603
-0.019833711734 0.990777294470 -0.134040951360 0.224182763122
0.425093015184 0.129702428627 0.895808689649 0.920592551055
0.000000000000 0.000000000000 0.000000000000 1.000000000000
8 42 66
0.559611338648 0.219913371890 -0.799045216819 2.567921901183
-0.616126821388 0.755227196958 -0.223650667204 -0.000672739979
0.554276906990 0.617470638848 0.558128229476 1.085185549766
0.000000000000 0.000000000000 0.000000000000 1.000000000000
8 44 66
0.966497787075 -0.080997549884 0.243559899189 1.073356096872
0.061369408107 0.994304342426 0.087135930488 -0.321609196608
-0.249230462281 -0.069269557139 0.965963718328 -0.144895394893
0.000000000000 0.000000000000 0.000000000000 1.000000000000
8 45 66
0.855550075642 0.033299298606 -0.516648066658 1.606689235982
-0.078318182097 0.994769308060 -0.065576566663 -0.497943216728
0.511761986105 0.096566973933 0.853682897289 0.536349886263
0.000000000000 0.000000000000 0.000000000000 1.000000000000
8 46 66
0.999162854307 0.024003539157 -0.033127340379 0.255667287781
-0.024366893743 0.999646793850 -0.010608583084 -0.456730922157
0.032860996060 0.011406912538 0.999394835530 0.460247309969
0.000000000000 0.000000000000 0.000000000000 1.000000000000
8 49 66
0.996912582887 -0.077265915717 0.013974274579 0.382319035488
0.073270067090 0.979394153716 0.188198270280 0.382823405711
-0.028227634515 -0.186593327684 0.982031634273 -0.248743644285
0.000000000000 0.000000000000 0.000000000000 1.000000000000
8 50 66
0.998098722598 -0.034815702886 0.050860660451 0.051007154751
0.036221000543 0.998979679909 -0.026974770601 -0.093925950341
-0.049869620699 0.028765708089 0.998341402011 0.028464353906
0.000000000000 0.000000000000 0.000000000000 1.000000000000
8 53 66
0.999732060084 -0.015618830208 -0.017083915899 0.583050235867
0.017916023862 0.989438795795 0.143839790963 -0.427236846919
0.014656879902 -0.144107326386 0.989453512982 -0.250377292935
0.000000000000 0.000000000000 0.000000000000 1.000000000000
8 54 66
0.995556402395 -0.051632126957 0.078750067399 -0.249684900664
0.035725563349 0.980852056065 0.191449544884 -0.906346420826
-0.087127112731 -0.187785429623 0.978338131041 0.378833953288
0.000000000000 0.000000000000 0.000000000000 1.000000000000
8 58 66
-0.372149766042 -0.927985655018 0.018632651858 0.407862958292
0.398935068268 -0.141794588860 0.905949836291 -2.397603945492
-0.838066443035 0.344582237863 0.422974843706 1.539839303574
0.000000000000 0.000000000000 0.000000000000 1.000000000000
9 15 66
0.937883714544 -0.046695979760 0.343792995082 -0.713014462943
-0.009358369196 0.987136004459 0.159608676539 0.095751347416
-0.346823527056 -0.152911720201 0.925381784404 0.230254461900
0.000000000000 0.000000000000 0.000000000000 1.000000000000
9 17 66
1.000000000000 0.000000000000 0.000000000000 0.000000000000
0.000000000000 1.000000000000 0.000000000000 0.000000000000
0.000000000000 0.000000000000 1.000000000000 0.000000000000
0.000000000000 0.000000000000 0.000000000000 1.000000000000
9 19 66
0.791749469254 0.003188144896 -0.610837632819 1.599538502428
-0.052351129046 0.996661338627 -0.062654093038 0.506888902156
0.608598502482 0.081584384651 0.789272988869 0.713858798032
0.000000000000 0.000000000000 0.000000000000 1.000000000000
9 51 66
0.996938136091 -0.043140019298 -0.065217264145 0.265473557891
0.048513468597 0.995352142390 0.083189879215 0.199508025893
0.061325330593 -0.086099078823 0.994397381560 -0.090499930893
0.000000000000 0.000000000000 0.000000000000 1.000000000000
9 52 66
0.989832409608 -0.120716723178 0.075228143907 -0.230243393991
0.109316799519 0.984006099623 0.140647905237 0.044779391461
-0.091003506710 -0.130994155021 0.987197494485 0.199469267073
0.000000000000 0.000000000000 0.000000000000 1.000000000000
9 57 66
0.856696871715 0.082580083841 -0.509166966473 1.655945553884
-0.036714409613 0.994360170515 0.099498258376 0.440533225081
0.514511926121 -0.066546082123 0.854897126462 0.950605748934
0.000000000000 0.000000000000 0.000000000000 1.000000000000
9 58 66
0.969521185956 0.047017876913 -0.240453715366 0.278517408953
0.014419721611 0.968762431022 0.247571048122 0.323455175063
0.244582790914 -0.243492651819 0.938557716339 0.238151072133
0.000000000000 0.000000000000 0.000000000000 1.000000000000
10 14 66
0.982671603017 -0.173361990389 0.065590707511 0.049125640139
0.185226766841 0.931619603673 -0.312691475576 -0.176250064123
-0.006896772353 0.319422188242 0.947587410316 -0.314418769182
0.000000000000 0.000000000000 0.000000000000 1.000000000000
10 18 66
0.748138535695 -0.164953299326 0.642712331023 -1.691572595436
0.221598595768 0.975107688280 -0.007684960022 -0.144505901188
-0.625446075823 0.148173564775 0.766069057553 0.794773193189
0.000000000000 0.000000000000 0.000000000000 1.000000000000
10 19 66
1.000000000000 0.000000000000 0.000000000000 0.000000000000
0.000000000000 1.000000000000 0.000000000000 0.000000000000
0.000000000000 0.000000000000 1.000000000000 0.000000000000
0.000000000000 0.000000000000 0.000000000000 1.000000000000
10 22 66
1.000000000000 0.000000000000 0.000000000000 0.000000000000
0.000000000000 1.000000000000 0.000000000000 0.000000000000
0.000000000000 0.000000000000 1.000000000000 0.000000000000
0.000000000000 0.000000000000 0.000000000000 1.000000000000
10 23 66
0.990000789140 0.027754199076 -0.138304526083 0.799795275585
-0.053420314530 0.981193268228 -0.185488652966 -0.370222296637
0.130555380957 0.191022184097 0.972864747889 -0.176392912311
0.000000000000 0.000000000000 0.000000000000 1.000000000000
10 24 66
0.999095695758 -0.041590753627 -0.008831756989 0.048134263285
0.040751469655 0.995950734500 -0.080133963897 0.088958544446
0.012128826810 0.079701591336 0.996744976360 0.003362846111
0.000000000000 0.000000000000 0.000000000000 1.000000000000
10 25 66
0.990334128043 -0.066278585442 -0.121841962991 0.526583903772
0.071390194341 0.996721581808 0.038072674049 -0.124624977638
0.118919111103 -0.046402989873 0.991819039717 0.068138140763
0.000000000000 0.000000000000 0.000000000000 1.000000000000
10 27 66
1.000000000000 0.000000000000 0.000000000000 0.000000000000
0.000000000000 1.000000000000 0.000000000000 0.000000000000
0.000000000000 0.000000000000 1.000000000000 0.000000000000
0.000000000000 0.000000000000 0.000000000000 1.000000000000
10 28 66
0.892490975813 -0.266280677866 0.364080291541 -0.738458830000
0.208672339357 0.959331157749 0.190104141350 -0.164863930029
-0.399894627221 -0.093692744470 0.911759813083 0.552324252103
0.000000000000 0.000000000000 0.000000000000 1.000000000000
10 29 66
0.836929739833 -0.416307437905 0.355298082922 -0.802214840010
0.061807135969 0.716909441513 0.694421147873 -0.760275261821
-0.543809239096 -0.559221753703 0.625733602789 1.280776660728
0.000000000000 0.000000000000 0.000000000000 1.000000000000
10 32 66
0.992060017746 -0.007408593215 0.125546939172 -0.357342553527
-0.017070865733 0.981092097277 0.192787142217 -0.068084068107
-0.124601391373 -0.193399610671 0.973175772335 0.485447782920
0.000000000000 0.000000000000 0.000000000000 1.000000000000
10 33 66
0.996156677640 -0.087576137684 0.001514497092 0.093451070226
0.082283983265 0.929753632508 -0.358869793848 1.241859013162
0.030020321304 0.357615160399 0.933386403030 0.457974473080
0.000000000000 0.000000000000 0.000000000000 1.000000000000
10 36 66
0.960423627138 0.178350742204 -0.213956699334 0.327194905968
-0.171806827833 0.983913496736 0.048955539535 0.247843830239
0.219246141003 -0.010258835042 0.975615644585 0.322870761572
0.000000000000 0.000000000000 0.000000000000 1.000000000000
10 38 66
0.976356426353 0.038145197292 -0.212774699254 0.314591980980
-0.047654721503 0.998072903719 -0.039743004174 0.172728491797
0.210848657187 0.048943056564 0.976292692268 0.711637896616
0.000000000000 0.000000000000 0.000000000000 1.000000000000
10 43 66
0.993264975520 -0.054151384671 0.102432006442 0.287954769600
-0.036704565611 0.691472750703 0.721469479534 -1.606454048281
-0.109897512569 -0.720370087229 0.684828061748 1.493630818202
0.000000000000 0.000000000000 0.000000000000 1.000000000000
10 44 66
0.661789350424 0.106981371791 -0.742017413377 2.306250328108
-0.133629467145 0.990748861861 0.023661323531 -0.396954310964
0.737684228634 0.083496579632 0.669962909432 1.332442464612
0.000000000000 0.000000000000 0.000000000000 1.000000000000
10 45 66
0.968451222719 -0.232015335472 -0.090945661361 0.322299454614
0.245460339535 0.951126837117 0.187368517715 -1.013407987374
0.043028489745 -0.203780822997 0.978070511389 0.275238350897
0.000000000000 0.000000000000 0.000000000000 1.000000000000
10 46 66
0.984819020613 -0.111372318651 -0.133145421539 0.447508059179
0.081832624974 0.974331130468 -0.209719502409 0.099353198960
0.153084676335 0.195640115618 0.968653718845 0.524701843212
0.000000000000 0.000000000000 0.000000000000 1.000000000000
10 47 66
0.966194167510 -0.257790511404 -0.003589275668 -0.077638100582
0.257403795514 0.965344237085 -0.043055661439 0.543037162483
0.014564227562 0.040676235781 0.999066227594 0.364852830396
0.000000000000 0.000000000000 0.000000000000 1.000000000000
10 48 66
0.907035469414 -0.343298128635 0.243788949915 -0.587566855620
0.276074615445 0.922060820403 0.271268594175 0.273213419824
-0.317914239901 -0.178746296057 0.931117767908 0.309336747305
0.000000000000 0.000000000000 0.000000000000 1.000000000000
10 49 66
0.928268532237 -0.142498515549 0.343528317793 -0.797251485381
0.163514154970 0.985994162840 -0.032842532927 0.846147748257
-0.334036903925 0.086658432427 0.938567878688 0.361170202680
0.000000000000 0.000000000000 0.000000000000 1.000000000000
10 50 66
0.846337833456 0.209523555439 0.489706188829 -1.323736256184
-0.165577595126 0.977323851186 -0.131992991844 0.369997288407
-0.506257179360 0.030626289684 0.861838557229 0.953560195931
0.000000000000 0.000000000000 0.000000000000 1.000000000000
10 51 66
-0.999196423050 -0.034507257026 -0.020390129408 0.005221724097
-0.034573267654 0.484652922042 0.874023017042 -2.782063318032
-0.020278001098 0.874025625693 -0.485456494758 4.169422207822
0.000000000000 0.000000000000 0.000000000000 1.000000000000
10 52 66
0.998848494576 -0.011876141559 -0.046482708030 0.336189524047
0.008321839614 0.997078816130 -0.075924840541 0.124221567865
0.047248617647 0.075450591034 0.996029505809 -0.138002206909
0.000000000000 0.000000000000 0.000000000000 1.000000000000
10 53 66
0.999980379924 -0.003743049725 -0.005022882261 0.154927434533
0.003953034404 0.999089994055 0.042468309349 -0.253250725127
0.004859350414 -0.042487331744 0.999085188237 -0.041897684530
0.000000000000 0.000000000000 0.000000000000 1.000000000000
10 54 66
0.996756737022 0.034941368594 0.072492123450 -0.212861514363
-0.047344898273 0.983043200613 0.177156784618 -1.295961889531
-0.065072788545 -0.180014350787 0.981509228536 0.323227577537
0.000000000000 0.000000000000 0.000000000000 1.000000000000
10 57 66
0.977498468848 0.051717487125 -0.204504388521 1.499822226759
-0.072108091183 0.993000521701 -0.093543503712 0.217513704723
0.198235129543 0.106185052744 0.974385738806 0.332537725878
0.000000000000 0.000000000000 0.000000000000 1.000000000000
10 58 66
0.967971192279 0.193149997322 -0.160389680008 0.540687698367
-0.219779412933 0.960721856440 -0.169441801835 0.641151104515
0.121362187561 0.199265132656 0.972401473846 0.160958632619
0.000000000000 0.000000000000 0.000000000000 1.000000000000
10 62 66
0.900761321231 -0.115999788799 0.418536845656 0.160357128120
0.095155194094 0.992968758681 0.070416853958 -0.150113924827
-0.423762352281 -0.023602823624 0.905465833429 0.692738676249
0.000000000000 0.000000000000 0.000000000000 1.000000000000
11 18 66
0.678090594016 0.222990686099 -0.700334420274 2.881665254408
-0.244270660650 0.967074171535 0.071410020970 -0.386933862013
0.693199098854 0.122648687978 0.710233981646 1.173748749772
0.000000000000 0.000000000000 0.000000000000 1.000000000000
11 19 66
0.737705494393 0.328000032395 -0.590090317062 1.944915326828
-0.160799376703 0.934259465668 0.318281025608 -0.826050166567
0.655693651025 -0.139911506170 0.741950541780 0.749978197376
0.000000000000 0.000000000000 0.000000000000 1.000000000000
11 26 66
0.709109832497 -0.696942939534 0.106928875844 -0.376401971769
0.698443750932 0.673508131336 -0.241998189682 0.151031457083
0.096641462324 0.246287100878 0.964366679070 -0.156179662911
0.000000000000 0.000000000000 0.000000000000 1.000000000000
11 30 66
0.941543073709 0.303834182566 0.145538413672 0.086220669475
-0.335781201600 0.811288400390 0.478604341858 -0.240413344579
0.027342732157 -0.499495666546 0.865884781077 0.808237388860
0.000000000000 0.000000000000 0.000000000000 1.000000000000
11 37 66
0.806536215283 -0.317484711949 0.498701103984 -1.215917392939
0.179992717088 0.935386794228 0.304391469951 -0.416469876320
-0.563118065091 -0.155740177418 0.811568260781 1.027887099237
0.000000000000 0.000000000000 0.000000000000 1.000000000000
11 45 66
0.861353041611 -0.438377710698 -0.256702007143 1.082684626365
0.232720870389 0.789677647966 -0.567670863078 0.874984490395
0.451566090615 0.429225110013 0.782210886360 0.348958828650
0.000000000000 0.000000000000 0.000000000000 1.000000000000
11 49 66
0.828887379690 -0.302716370663 0.470434385140 -1.406333647148
-0.055178383259 0.792596706145 0.607244437956 -0.745180802146
-0.556687576483 -0.529295059811 0.640270006989 1.109224468810
0.000000000000 0.000000000000 0.000000000000 1.000000000000
11 50 66
0.988875471867 0.108198572818 0.102070416776 -0.250395955011
-0.107687358590 0.994129128608 -0.010521808433 0.047858553679
-0.102609619142 -0.000586935294 0.994721529659 -0.053160939943
0.000000000000 0.000000000000 0.000000000000 1.000000000000
11 53 66
0.989638817563 0.034309309631 0.139419805067 -0.316313276336
-0.040129909973 0.998427059761 0.039153501285 -0.050290897814
-0.137857176447 -0.044342728941 0.989459004351 -0.196581226287
0.000000000000 0.000000000000 0.000000000000 1.000000000000
11 54 66
0.996364194209 -0.054415701994 0.065553976808 -0.106733626118
0.062809153561 0.989035310147 -0.133656894740 0.040034617461
-0.057562164030 0.137288334024 0.988857174021 0.015956677547
0.000000000000 0.000000000000 0.000000000000 1.000000000000
12 32 66
0.875260786396 -0.199085589873 0.440776001732 -1.835305703172
0.147199149442 -0.758464343358 -0.634873412782 2.323025010707
0.460707028600 0.620561655083 -0.634548868125 3.818291071643
0.000000000000 0.000000000000 0.000000000000 1.000000000000
12 55 66
0.970039932776 -0.099093701934 0.221817418289 -0.386375974015
0.090669612299 0.994729872172 0.047869643967 0.268103475468
-0.225391992371 -0.026323366899 0.973912485868 -0.141059960121
0.000000000000 0.000000000000 0.000000000000 1.000000000000
13 26 66
1.000000000000 0.000000000000 0.000000000000 0.000000000000
0.000000000000 1.000000000000 0.000000000000 0.000000000000
0.000000000000 0.000000000000 1.000000000000 0.000000000000
0.000000000000 0.000000000000 0.000000000000 1.000000000000
13 27 66
0.977506114498 -0.013914174782 0.210447598843 -0.343585676544
-0.036491165630 0.971614659671 0.233737776030 -0.989827140482
-0.207726240397 -0.236159583445 0.949251526308 0.751195610281
0.000000000000 0.000000000000 0.000000000000 1.000000000000
13 32 66
0.287205689834 -0.566964167535 0.772052151385 -1.588821156706
0.204813693571 0.823718539204 0.528714591341 -1.212104395461
-0.935715898472 0.006277013823 0.352698676557 1.952069325587
0.000000000000 0.000000000000 0.000000000000 1.000000000000
13 33 66
1.000000000000 0.000000000000 0.000000000000 0.000000000000
0.000000000000 1.000000000000 0.000000000000 0.000000000000
0.000000000000 0.000000000000 1.000000000000 0.000000000000
0.000000000000 0.000000000000 0.000000000000 1.000000000000
13 59 66
-0.376579339417 0.401633748221 -0.834792389408 2.636139264195
0.206066487609 -0.842235574026 -0.498172500777 1.561132106322
-0.903174736033 -0.359624206827 0.234405260299 2.962924976525
0.000000000000 0.000000000000 0.000000000000 1.000000000000
13 61 66
0.580841775552 0.585461844510 -0.565559245700 1.510996581951
-0.324899908827 -0.470295835360 -0.820525366145 1.948245098043
-0.746366452232 0.660345557921 -0.082950968142 2.658978264013
0.000000000000 0.000000000000 0.000000000000 1.000000000000
14 18 66
0.239436512282 -0.349065961923 0.905992886734 -3.423840603386
-0.035859017479 -0.935678610432 -0.351026592790 2.755532972705
0.970249600593 0.051560568335 -0.236552785529 2.906575095861
0.000000000000 0.000000000000 0.000000000000 1.000000000000
14 19 66
0.933653099298 0.334137643900 0.129011337103 -1.074799191672
-0.353809883003 0.916447190743 0.186930771327 0.086373856917
-0.055771469959 -0.220173980090 0.973864960675 -0.021476253197
0.000000000000 0.000000000000 0.000000000000 1.000000000000
14 21 66
0.985846125993 0.154171711502 -0.065867285028 0.215687241700
-0.130077767635 0.951251326581 0.279643859302 -0.009266746141
0.105769514661 -0.267117945954 0.957841747220 0.162773880334
0.000000000000 0.000000000000 0.000000000000 1.000000000000
14 22 66
0.745946382693 0.301385138678 -0.593911603129 0.807241559055
-0.145468854841 0.943949544064 0.296307391963 -0.210471919309
0.649925231406 -0.134633786416 0.747977898829 0.328308584314
0.000000000000 0.000000000000 0.000000000000 1.000000000000
14 26 66
0.945862321852 0.179748684772 -0.270249659432 -0.941398081524
-0.169814013718 0.983653592184 0.059906688510 0.255960549336
0.276600196755 -0.010771300114 0.960924716223 -0.076181924587
0.000000000000 0.000000000000 0.000000000000 1.000000000000
14 32 66
-0.965516724975 0.212235029039 -0.150777140981 0.313372986217
-0.053689595983 0.404379319543 0.913014125416 -1.154023624195
0.254744737093 0.889625572010 -0.379040183290 3.891972444400
0.000000000000 0.000000000000 0.000000000000 1.000000000000
14 33 66
0.978982598657 0.068330971693 -0.192156055939 -1.055365510395
-0.002780344674 0.946585154790 0.322441955110 0.230654009061
0.203924842062 -0.315130803063 0.926880378340 0.023431567165
0.000000000000 0.000000000000 0.000000000000 1.000000000000
14 35 66
0.053462043987 -0.969395545572 0.239612366286 -1.140292497660
0.303413528415 0.244380295734 0.920987785930 -0.661192165218
-0.951357998141 0.023463743984 0.307192793032 1.720285075494
0.000000000000 0.000000000000 0.000000000000 1.000000000000
14 38 66
0.841296040024 -0.465249922153 0.275251672068 -1.950342377010
0.451832293433 0.884733330819 0.114431254250 0.745915243992
-0.296763460774 0.028097033207 0.954537587041 -0.051038545479
0.000000000000 0.000000000000 0.000000000000 1.000000000000
14 39 66
0.954929323573 -0.135884712687 0.263904020127 -0.916988439596
0.025148859225 0.922905115021 0.384205262259 -0.046171784755
-0.295765991725 -0.360251986151 0.884726502719 0.063570350566
0.000000000000 0.000000000000 0.000000000000 1.000000000000
14 56 66
0.921396347536 -0.134987261671 0.364427235445 -1.066643332280
0.013427370572 0.948234806294 0.317286082033 0.070365935511
-0.388392168391 -0.287452937572 0.875512611111 0.004397467752
0.000000000000 0.000000000000 0.000000000000 1.000000000000
14 57 66
0.982511584662 -0.184579379035 0.024524250055 -0.029745427195
0.152663671928 0.873935161636 0.461444619136 -0.205430392927
-0.106605765695 -0.449630721916 0.886829986316 0.252828818347
0.000000000000 0.000000000000 0.000000000000 1.000000000000
14 62 66
0.077155003998 -0.720035790722 0.689634370835 -1.874630466760
0.160268978021 0.691658008868 0.704218043970 -0.393019935518
-0.984053331909 0.056193049824 0.168764276757 1.500821429121
0.000000000000 0.000000000000 0.000000000000 1.000000000000
14 63 66
0.811424255105 -0.154736653810 0.563602028203 -1.477319529304
0.015670931068 0.969729777510 0.243677205600 0.151070766965
-0.584247464818 -0.188893426507 0.789287129805 0.445279989249
0.000000000000 0.000000000000 0.000000000000 1.000000000000
14 64 66
0.978141193323 -0.005919522411 -0.207857559833 0.783599687152
0.093725793376 0.904848719776 0.415288177023 -0.190050261702
0.185621339240 -0.425692087750 0.885624618473 0.642106041381
0.000000000000 0.000000000000 0.000000000000 1.000000000000
14 65 66
0.501469052246 -0.475768587125 0.722615417179 -2.126000686110
0.237702144712 0.878846609415 0.413674180386 -0.123505789794
-0.831881289632 -0.035677564712 0.553805589839 0.447378351091
0.000000000000 0.000000000000 0.000000000000 1.000000000000
15 18 66
0.891239698702 0.276479252149 -0.359514982425 0.104645085162
-0.262397415542 0.960895169348 0.088476380129 -0.086662609871
0.369918093331 0.015482139869 0.928935362429 -0.198645806648
0.000000000000 0.000000000000 0.000000000000 1.000000000000
15 22 66
0.991952212907 0.040297089636 -0.120028962653 0.309085420946
-0.017893959593 0.983103328699 0.182174782313 -0.538671916816
0.125341986257 -0.178560885044 0.975912596913 -0.225439358793
0.000000000000 0.000000000000 0.000000000000 1.000000000000
15 27 66
1.000000000000 0.000000000000 0.000000000000 0.000000000000
0.000000000000 1.000000000000 0.000000000000 0.000000000000
0.000000000000 0.000000000000 1.000000000000 0.000000000000
0.000000000000 0.000000000000 0.000000000000 1.000000000000
15 32 66
0.797833698293 0.428251526849 -0.424337153240 0.773985902913
-0.378415125594 0.903659372391 0.200503694258 -0.024584355975
0.469322258784 0.000606993226 0.883026754390 0.432589360929
0.000000000000 0.000000000000 0.000000000000 1.000000000000
15 46 66
0.920466739852 0.041739207656 -0.388585665421 0.220025602260
-0.093375444811 0.988972321651 -0.114955527554 -0.161437238764
0.379502315056 0.142097099032 0.914213545794 0.768958982414
0.000000000000 0.000000000000 0.000000000000 1.000000000000
15 57 66
0.982846170023 -0.138043558068 0.122300376726 -0.286415773673
0.123084730946 0.984814513792 0.122435789021 -0.003920307115
-0.137344657993 -0.105282237349 0.984912227267 -0.104193827821
0.000000000000 0.000000000000 0.000000000000 1.000000000000
18 20 66
0.948723503965 0.067079325637 -0.308907878010 -0.550793196794
-0.051819572367 0.997008317890 0.057351076518 0.064335910218
0.311830795375 -0.038402840131 0.949361246800 -0.196092180548
0.000000000000 0.000000000000 0.000000000000 1.000000000000
18 22 66
1.000000000000 0.000000000000 0.000000000000 0.000000000000
0.000000000000 1.000000000000 0.000000000000 0.000000000000
0.000000000000 0.000000000000 1.000000000000 0.000000000000
0.000000000000 0.000000000000 0.000000000000 1.000000000000
18 24 66
0.994670853129 -0.028567976305 0.099064447034 -0.413229379132
0.037603804946 0.995179080684 -0.090578977815 0.179572706177
-0.095999207236 0.093821469283 0.990949889809 0.003161601872
0.000000000000 0.000000000000 0.000000000000 1.000000000000
18 27 66
0.983102991052 0.070674789198 -0.168859655208 -0.255540074743
-0.037216137574 0.980364446552 0.193650486808 -0.196519997014
0.179230209757 -0.184094068640 0.966429462404 -0.187576557662
0.000000000000 0.000000000000 0.000000000000 1.000000000000
18 33 66
0.609070044224 -0.482881785052 0.629173158116 -2.510210353461
0.258208980871 0.870801447195 0.418369408252 -0.748329908920
-0.749907863291 -0.092358114037 0.655063489553 1.150191832416
0.000000000000 0.000000000000 0.000000000000 1.000000000000
18 35 66
0.983547005967 0.128395540000 -0.127082148081 -0.260862338434
-0.125628355358 0.991636021901 0.029589126368 0.110115766750
0.129818347636 -0.013137175389 0.991450760875 0.408876336884
0.000000000000 0.000000000000 0.000000000000 1.000000000000
18 36 66
0.759918420853 -0.297759043421 0.577809264125 -1.929932434838
0.243097427119 0.954592803349 0.172209815990 -0.123656253254
-0.602849595319 0.009598534051 0.797797113036 0.812311061051
0.000000000000 0.000000000000 0.000000000000 1.000000000000
18 43 66
0.978008833444 0.135691189197 0.158387571737 -0.594193231819
-0.188778564138 0.898776063506 0.395681995283 -0.719402736525
-0.088664397750 -0.416880664991 0.904626517259 0.679700084893
0.000000000000 0.000000000000 0.000000000000 1.000000000000
18 46 66
0.963488878080 0.051393213925 -0.262769707878 0.866437194918
-0.053491534420 0.998567955569 -0.000832980055 -0.214756082739
0.262350600459 0.014858521892 0.964858221070 0.534123042762
0.000000000000 0.000000000000 0.000000000000 1.000000000000
18 47 66
-0.001452522993 0.549782698287 -0.835306455644 1.942136011633
-0.572058357078 0.684672688499 0.451633198205 -0.328545550675
0.820211635052 0.478500046277 0.313513284309 2.059227278156
0.000000000000 0.000000000000 0.000000000000 1.000000000000
18 51 66
0.835178663636 -0.189446535052 0.516320259300 -1.553481230219
0.211778545214 0.977186997102 0.015981879794 0.062572489816
-0.507569155479 0.095997828370 0.856246441951 0.003050647476
0.000000000000 0.000000000000 0.000000000000 1.000000000000
18 52 66
0.753577634949 -0.203297496531 0.625132686723 -2.683998070015
0.188513647750 0.977867500514 0.090762084868 -0.249174539550
-0.629748642489 0.049449765844 0.775223430980 0.598772461726
0.000000000000 0.000000000000 0.000000000000 1.000000000000
18 57 66
0.787845340128 0.232900158020 -0.570137910012 1.656829875908
-0.105963936543 0.963194920235 0.247036818683 -0.300048469828
0.606688852866 -0.134212749122 0.783527647107 0.586050542346
0.000000000000 0.000000000000 0.000000000000 1.000000000000
18 62 66
0.960620731191 -0.062808445687 0.270671221146 -0.664648773487
0.046994462981 0.996809142134 0.064521737478 -0.024837936204
-0.273860057795 -0.049260869952 0.960507176150 0.397416110284
0.000000000000 0.000000000000 0.000000000000 1.000000000000
18 64 66
0.993382058248 -0.025477865187 -0.111995378188 0.367816139681
0.037966817926 0.993113205649 0.110836282428 -0.078625528159
0.108400217189 -0.114354882500 0.987508153770 0.424644564468
0.000000000000 0.000000000000 0.000000000000 1.000000000000
18 65 66
0.968082439906 -0.027597667140 -0.249107925033 0.605392431564
0.055239698498 0.992972218455 0.104664937233 -0.177109327751
0.244468740856 -0.115084934482 0.962803454813 0.545658181155
0.000000000000 0.000000000000 0.000000000000 1.000000000000
19 22 66
1.000000000000 0.000000000000 0.000000000000 0.000000000000
0.000000000000 1.000000000000 0.000000000000 0.000000000000
0.000000000000 0.000000000000 1.000000000000 0.000000000000
0.000000000000 0.000000000000 0.000000000000 1.000000000000
19 24 66
0.993990823493 0.048344287343 -0.098209330992 -0.083744292970
-0.050219511918 0.998598384071 -0.016711312151 0.119807616869
0.097263782752 0.021542915595 0.995025456635 -0.075086606463
0.000000000000 0.000000000000 0.000000000000 1.000000000000
19 25 66
0.958890728231 0.022092156573 0.282914311993 -0.782349317925
-0.011183069018 0.999132409830 -0.040116911587 0.266396243590
-0.283555127409 0.035303884289 0.958305862173 -0.014454657557
0.000000000000 0.000000000000 0.000000000000 1.000000000000
19 26 66
0.994528349000 -0.049040509149 0.092240942637 -0.318944289586
0.075714987749 0.946725282587 -0.313015143309 0.538326303125
-0.071976410485 0.318286455529 0.945258233797 -0.073796249886
0.000000000000 0.000000000000 0.000000000000 1.000000000000
19 30 66
0.961251566352 0.095632834645 -0.258553257810 0.266001082947
0.105227731256 -0.994170539305 0.023496028440 0.094565012779
-0.254799039953 -0.049792566869 -0.965711214351 4.720204034243
0.000000000000 0.000000000000 0.000000000000 1.000000000000
19 32 66
0.990955541841 0.005411651465 0.134081423482 -0.968789222732
-0.048731869824 0.945483958322 0.322002002198 -0.059016506966
-0.125029272405 -0.325623707037 0.937196288116 -0.121525196676
0.000000000000 0.000000000000 0.000000000000 1.000000000000
19 35 66
0.826315760050 -0.503086413240 0.253192269840 -0.692882894551
0.274473922042 0.752266990724 0.598964473726 -0.976202131553
-0.491799075652 -0.425439109016 0.759694171168 1.584490529740
0.000000000000 0.000000000000 0.000000000000 1.000000000000
19 50 66
0.981191074601 0.013625918225 0.192557548479 -1.041497411802
-0.062945937003 0.965568393078 0.252419268882 -0.488279933953
-0.182488038344 -0.259792249001 0.948264785395 0.153242881141
0.000000000000 0.000000000000 0.000000000000 1.000000000000
19 52 66
0.998430078923 0.010887886597 0.054943893447 -0.768010904098
-0.009309884116 0.999539098290 -0.028894931172 0.136845998036
-0.055233174446 0.028338047130 0.998071265755 0.121632751852
0.000000000000 0.000000000000 0.000000000000 1.000000000000
19 58 66
0.972357488033 0.232157267938 -0.024978358822 -0.019226319386
-0.223894853913 0.957382389106 0.182455625895 0.114507077348
0.066272240473 -0.171819568074 0.982896752548 -0.041027805436
0.000000000000 0.000000000000 0.000000000000 1.000000000000
19 62 66
0.892742440203 -0.129674443271 0.431503736046 -0.334153760524
0.097095783172 0.990556764296 0.096797239623 -0.086508176850
-0.439981072718 -0.044517810713 0.896902904544 0.689702111711
0.000000000000 0.000000000000 0.000000000000 1.000000000000
19 64 66
0.958972002828 -0.278226315711 0.054431746596 0.421914004579
0.272381932364 0.957462883208 0.095251825187 0.305629057477
-0.078617941420 -0.076517609253 0.993963920251 -0.040761821418
0.000000000000 0.000000000000 0.000000000000 1.000000000000
19 65 66
0.812423873251 0.128195885393 -0.568799846291 1.103396248837
-0.016984823377 0.980319717044 0.196684437997 -0.347806736898
0.582819840042 -0.150130167999 0.798612526016 1.362249198516
0.000000000000 0.000000000000 0.000000000000 1.000000000000
20 22 66
1.000000000000 0.000000000000 0.000000000000 0.000000000000
0.000000000000 1.000000000000 0.000000000000 0.000000000000
0.000000000000 0.000000000000 1.000000000000 0.000000000000
0.000000000000 0.000000000000 0.000000000000 1.000000000000
20 37 66
0.920599736249 0.094386980029 -0.378929048266 0.878661369387
-0.103144703106 0.994662339510 -0.002828529787 0.351766423157
0.376639477272 0.041688467957 0.925421404442 -0.041687959487
0.000000000000 0.000000000000 0.000000000000 1.000000000000
20 61 66
0.544065753703 -0.184302056724 0.818550674995 -1.008787520308
0.139807304535 0.981851747313 0.128144699061 -0.122922465897
-0.827312742103 0.044720221219 0.559958684697 1.448356145965
0.000000000000 0.000000000000 0.000000000000 1.000000000000
20 64 66
0.762830066835 0.180015406722 -0.621035218385 2.417837622349
-0.057565981819 0.975557722135 0.212069065447 -0.494472658613
0.644031402083 -0.126022157278 0.754547526009 1.206052232236
0.000000000000 0.000000000000 0.000000000000 1.000000000000
20 65 66
0.884855210163 0.038463330576 -0.464275596223 1.512082018958
0.067100222527 0.975671744197 0.208715614444 -0.551647700722
0.461008478429 -0.215836094703 0.860747328221 1.245776530680
0.000000000000 0.000000000000 0.000000000000 1.000000000000
21 25 66
1.000000000000 0.000000000000 0.000000000000 0.000000000000
0.000000000000 1.000000000000 0.000000000000 0.000000000000
0.000000000000 0.000000000000 1.000000000000 0.000000000000
0.000000000000 0.000000000000 0.000000000000 1.000000000000
21 53 66
0.928341157279 0.321228820105 -0.187068813106 0.434761022153
-0.324324206825 0.945832164651 0.014673962619 -0.118283127954
0.181649400137 0.047048500993 0.982237208613 0.188581607836
0.000000000000 0.000000000000 0.000000000000 1.000000000000
21 56 66
1.000000000000 0.000000000000 0.000000000000 0.000000000000
0.000000000000 1.000000000000 0.000000000000 0.000000000000
0.000000000000 0.000000000000 1.000000000000 0.000000000000
0.000000000000 0.000000000000 0.000000000000 1.000000000000
21 63 66
0.992439328665 -0.024713176309 0.120222451465 -0.105184157802
0.026522669477 0.999557398942 -0.013474205853 -0.014044233317
-0.119836250456 0.016560952155 0.992655533375 0.372831043203
0.000000000000 0.000000000000 0.000000000000 1.000000000000
22 24 66
0.977571574540 0.093616569843 0.188652470170 -0.580715120806
-0.140303270628 0.957537816381 0.251865683355 -0.840304967353
-0.157063073005 -0.272685291227 0.949196461775 0.077315145565
0.000000000000 0.000000000000 0.000000000000 1.000000000000
22 25 66
0.919052988622 -0.059972219651 0.389544525023 -1.529095346552
0.058703913092 0.998160149528 0.015171238672 -0.113770920108
-0.389737674203 0.008924615700 0.920882672517 0.803832239832
0.000000000000 0.000000000000 0.000000000000 1.000000000000
22 27 66
0.951244538158 -0.004081527362 -0.308410716025 0.067132022745
0.100102662911 0.949871927028 0.296180315216 -0.765833285424
0.291741813086 -0.312612641104 0.903969054293 0.907704343671
0.000000000000 0.000000000000 0.000000000000 1.000000000000
22 49 66
0.873219366537 0.252994025330 -0.416511657763 0.428187758449
-0.136978830025 0.947650260645 0.288436793119 0.086883233052
0.467680166385 -0.194815314201 0.862161385891 0.365348831075
0.000000000000 0.000000000000 0.000000000000 1.000000000000
22 52 66
1.000000000000 0.000000000000 0.000000000000 0.000000000000
0.000000000000 1.000000000000 0.000000000000 0.000000000000
0.000000000000 0.000000000000 1.000000000000 0.000000000000
0.000000000000 0.000000000000 0.000000000000 1.000000000000
22 53 66
1.000000000000 0.000000000000 0.000000000000 0.000000000000
0.000000000000 1.000000000000 0.000000000000 0.000000000000
0.000000000000 0.000000000000 1.000000000000 0.000000000000
0.000000000000 0.000000000000 0.000000000000 1.000000000000
22 58 66
0.673307623267 -0.388665129828 0.628964435645 -2.533513608702
0.213411978138 0.916639783115 0.337974607920 -0.544703429793
-0.707892768742 -0.093332335594 0.700126347951 1.548698254307
0.000000000000 0.000000000000 0.000000000000 1.000000000000
22 62 66
0.076156355113 -0.482318702061 0.872679138755 -1.755506680560
0.397419682577 0.817378547642 0.417073022090 -0.611844291214
-0.914471325672 0.315057105137 0.253931516409 2.031463581806
0.000000000000 0.000000000000 0.000000000000 1.000000000000
23 25 66
0.990041413445 0.064271269293 -0.125248567284 0.449219361789
-0.044762740848 0.987246973524 0.152773395260 0.537496612163
0.133470209017 -0.145645519021 0.980292347259 0.173389733943
0.000000000000 0.000000000000 0.000000000000 1.000000000000
23 27 66
0.750214061449 0.308090649212 -0.585029070964 1.527464686846
-0.069314390538 0.916576405808 0.393806053254 -0.202110049891
0.657551805768 -0.254887905134 0.708983623610 0.635694618164
0.000000000000 0.000000000000 0.000000000000 1.000000000000
23 32 66
0.914044342078 -0.302846057430 0.269828104938 -0.925775041116
0.289687979787 0.953036003630 0.088336007108 0.932833741149
-0.283908110279 -0.002577068890 0.958848029478 0.440396478265
0.000000000000 0.000000000000 0.000000000000 1.000000000000
23 33 66
0.927333852389 -0.094258470588 0.362170218179 -1.165619121071
0.058806850553 0.992440690065 0.107718294787 0.918748594466
-0.369585822971 -0.078592731382 0.925866892179 0.804867360407
0.000000000000 0.000000000000 0.000000000000 1.000000000000
23 38 66
0.537809646656 0.385660159214 -0.749684617395 1.421112963350
0.008351111511 0.886755040817 0.462164209478 -0.013121097835
0.843024936108 -0.254817070035 0.473684724177 1.350840293614
0.000000000000 0.000000000000 0.000000000000 1.000000000000
23 41 66
0.957754855688 -0.138718700814 0.251918158241 -0.330369195293
-0.014186898898 0.852119039713 0.523155688163 -0.116303938836
-0.287235736472 -0.504628838061 0.814153159726 0.898836256005
0.000000000000 0.000000000000 0.000000000000 1.000000000000
23 42 66
0.933816176174 0.333758110523 -0.128813325303 0.628207882798
-0.246442340535 0.861131164110 0.444656374058 -0.527785852943
0.259332840008 -0.383482257554 0.886390340783 1.222212622190
0.000000000000 0.000000000000 0.000000000000 1.000000000000
23 45 66
0.847333646703 -0.068112703397 -0.526674805550 1.495673838989
0.158448521112 0.978994910338 0.128308346139 -0.316885632108
0.506872525713 -0.192170822883 0.840327684603 0.744695951580
0.000000000000 0.000000000000 0.000000000000 1.000000000000
23 46 66
0.710992672428 -0.079229957004 0.698721714038 -1.782782117995
-0.119842942633 0.965443714438 0.231421916322 0.088695356523
-0.692912035439 -0.248276153035 0.676928255414 1.454627839053
0.000000000000 0.000000000000 0.000000000000 1.000000000000
23 52 66
0.958174021782 0.008397106051 -0.286062987105 0.640367662115
0.060612269315 0.970939348444 0.231523075417 0.008910658693
0.279693934131 -0.239178323124 0.929819892752 -0.076700461673
0.000000000000 0.000000000000 0.000000000000 1.000000000000
23 53 66
0.899986028539 -0.059636623761 -0.431820126373 1.341911461430
0.018959549393 0.995015448966 -0.097901949962 1.026130584234
0.435506238671 0.079923272118 0.896630685764 -0.017444122379
0.000000000000 0.000000000000 0.000000000000 1.000000000000
23 57 66
0.999215097985 0.033113524959 -0.021741260876 0.066023843067
-0.021894720484 0.919055243523 0.393520114566 -0.073190562156
0.033012257945 -0.392735221005 0.919058886583 0.409030930220
0.000000000000 0.000000000000 0.000000000000 1.000000000000
23 64 66
0.954589754408 0.122462237881 -0.271590502545 0.649224354656
-0.006300848622 0.919706374162 0.392556345805 0.009977849558
0.297856844954 -0.373019015089 0.878713897862 0.675473143289
0.000000000000 0.000000000000 0.000000000000 1.000000000000
24 28 66
0.802252055368 -0.218584122528 0.555529136083 -1.532164651688
0.140146262440 0.973509865645 0.180658702022 0.112381147414
-0.580302218489 -0.067078482919 0.811634038435 0.825220194449
0.000000000000 0.000000000000 0.000000000000 1.000000000000
24 33 66
0.943363924193 -0.141465170942 0.300086840667 -0.498061851810
0.114125230832 0.987703736242 0.106849244737 -0.042538752995
-0.311512340396 -0.066550242851 0.947908817850 0.603603421886
0.000000000000 0.000000000000 0.000000000000 1.000000000000
24 38 66
0.944374274743 -0.255832370672 -0.206656786288 0.246089814406
0.295537263249 0.935835986583 0.192012323164 -0.210439163704
0.144273889647 -0.242406279481 0.959387429787 0.753097194747
0.000000000000 0.000000000000 0.000000000000 1.000000000000
24 46 66
0.558774456264 -0.152810928092 0.815119578518 -1.751959539158
0.020402071094 0.985112878144 0.170693798394 -0.516825071232
-0.829068671777 -0.078749206794 0.553573572262 1.900554335501
0.000000000000 0.000000000000 0.000000000000 1.000000000000
24 47 66
-0.770265223029 0.371073141759 -0.518648445150 1.435798659634
-0.546556043331 0.034917780653 0.836694233333 -1.832955036304
0.328584810499 0.927946912306 0.175916316044 2.663943811575
0.000000000000 0.000000000000 0.000000000000 1.000000000000
24 48 66
0.302491378178 -0.653664054894 0.693701859207 -1.913575730863
0.470984824069 0.735243103030 0.487432944048 -0.559973938962
-0.828656902237 0.179278785101 0.530270549426 2.114118025348
0.000000000000 0.000000000000 0.000000000000 1.000000000000
24 51 66
0.972874362837 0.226297310136 -0.048010431771 0.045794205239
-0.228820386985 0.971862559772 -0.055896291592 0.025932615771
0.034010360683 0.065365834644 0.997281606683 -0.024681496982
0.000000000000 0.000000000000 0.000000000000 1.000000000000
24 62 66
0.890698666490 -0.279697874699 0.358364317980 0.058579287830
0.181852806008 0.941719050986 0.283010222353 -0.453231759172
-0.416635863146 -0.186907270855 0.889651746271 0.754951888486
0.000000000000 0.000000000000 0.000000000000 1.000000000000
24 64 66
0.780038268305 0.304264273501 -0.546775595515 1.909754031584
-0.262813282543 0.952314936307 0.155001421301 -0.410049260335
0.567863961260 0.022792848815 0.822806786278 1.229837416452
0.000000000000 0.000000000000 0.000000000000 1.000000000000
25 27 66
0.998857593421 0.046633071350 -0.010433825878 -0.136512777314
-0.047045729756 0.997940606685 -0.043603266413 0.044701591773
0.008378984293 0.044044320707 0.998994439642 0.269557796487
0.000000000000 0.000000000000 0.000000000000 1.000000000000
25 32 66
0.992852295298 0.118232033136 -0.016294356776 -0.309550888031
-0.113330210064 0.976760802976 0.181919205299 0.094805934807
0.037424366518 -0.178772257664 0.983178466343 0.027166911251
0.000000000000 0.000000000000 0.000000000000 1.000000000000
25 33 66
0.999271456746 -0.025401868142 -0.028483342998 -0.126370832204
0.025684474400 0.999624001522 0.009600174779 0.210094466723
0.028228770931 -0.010324760330 0.999548165831 0.128951387462
0.000000000000 0.000000000000 0.000000000000 1.000000000000
25 35 66
0.939634106843 -0.314160589899 0.135612938216 -0.631763424332
0.240192023838 0.887831818382 0.392507903045 -0.884037532907
-0.243711995893 -0.336240666818 0.909695925590 1.482645758152
0.000000000000 0.000000000000 0.000000000000 1.000000000000
25 38 66
0.891613793125 -0.285452077353 0.351485355944 -0.914906868913
0.394815668044 0.870166255451 -0.294841103210 0.550450882621
-0.221687690627 0.401656320017 0.888553188287 1.080255667006
0.000000000000 0.000000000000 0.000000000000 1.000000000000
25 45 66
0.853017586179 -0.437246529983 -0.284914846379 1.422831255860
0.131749217203 0.708675329305 -0.693124391001 1.204665215070
0.504978357393 0.553709986954 0.662119406838 0.637963363432
0.000000000000 0.000000000000 0.000000000000 1.000000000000
25 46 66
0.947701278043 -0.028342887515 -0.317897732492 0.803389876745
0.039088015404 0.998858060095 0.027471855323 -0.302700098856
0.316756080680 -0.038461103864 0.947726927359 0.379840402328
0.000000000000 0.000000000000 0.000000000000 1.000000000000
25 47 66
0.572432277238 -0.393905301625 0.719138304729 -1.935453720825
0.517679568178 0.853767610178 0.055576366396 0.216431114442
-0.635868817184 0.340469501076 0.692640863774 1.326212185491
0.000000000000 0.000000000000 0.000000000000 1.000000000000
25 49 66
0.971266219510 -0.151418567014 0.183614673711 -0.576229648760
0.087259869440 0.944343103481 0.317177896601 -0.073854013941
-0.221421873409 -0.292041984089 0.930421320427 0.270889380127
0.000000000000 0.000000000000 0.000000000000 1.000000000000
25 50 66
0.925277984452 -0.175587475200 -0.336198884653 1.228795459299
0.061507785581 0.944121202109 -0.323808505202 0.509277164234
0.374269213003 0.278934032131 0.884374559741 0.132069315114
0.000000000000 0.000000000000 0.000000000000 1.000000000000
25 52 66
0.932938059146 0.010768390561 0.359875839092 -0.659044850594
-0.018719112355 0.999651475185 0.018615128086 -0.169826513203
-0.359549958462 -0.024103317733 0.932814481794 0.429452156337
0.000000000000 0.000000000000 0.000000000000 1.000000000000
25 53 66
0.955720528731 0.014117395336 0.293937017253 -0.707943795515
-0.003722596413 0.999348686099 -0.035893535175 -0.191144974188
-0.294252295214 0.033209979530 0.955150608030 0.430423933329
0.000000000000 0.000000000000 0.000000000000 1.000000000000
25 57 66
0.973919566937 0.141591195557 -0.177292443377 0.950378798286
-0.144462272465 0.989504723066 -0.003324885586 0.031119772909
0.174960935560 0.028850240391 0.984152597242 0.334993110658
0.000000000000 0.000000000000 0.000000000000 1.000000000000
25 61 66
0.947951538442 0.235861573681 0.213909323842 0.479594953437
-0.258768797963 0.962112128488 0.085900881352 -0.712204223491
-0.185544037809 -0.136782931235 0.973069288261 1.172441572110
0.000000000000 0.000000000000 0.000000000000 1.000000000000
25 64 66
0.942619677304 0.120998114654 -0.311171335777 0.677524186092
-0.033394638520 0.961513492863 0.272720738412 -0.679992920999
0.332194133117 -0.246680480160 0.910382226667 0.681613233679
0.000000000000 0.000000000000 0.000000000000 1.000000000000
25 65 66
0.840342073120 0.159179145050 -0.518157504941 1.941678612743
-0.248332799756 0.962748705685 -0.106984813254 0.030921653548
0.481825716115 0.218579343679 0.848567645982 1.036940461616
0.000000000000 0.000000000000 0.000000000000 1.000000000000
26 30 66
-0.799359719414 -0.445780103778 0.402869877323 -0.955591541561
0.164247224363 0.482843801876 0.860165514467 -0.938543508201
-0.577967895533 0.753751923424 -0.312747741267 3.927696701360
0.000000000000 0.000000000000 0.000000000000 1.000000000000
26 31 66
0.970229858457 0.235478050134 -0.056604855472 -0.244807221111
-0.171711143476 0.833668833601 0.524891949918 -0.149121312586
0.170790236735 -0.499546157815 0.849284599677 1.215637863861
0.000000000000 0.000000000000 0.000000000000 1.000000000000
26 32 66
0.982968676122 -0.001854731114 0.183763820529 -0.777523910920
-0.033469063290 0.981419181321 0.188934412794 0.721231481369
-0.180699760834 -0.191867012558 0.964642237271 -0.092535266419
0.000000000000 0.000000000000 0.000000000000 1.000000000000
26 33 66
0.990436337913 0.128656629506 0.049833043517 0.137211788260
-0.136924673398 0.960962231319 0.240423010117 0.346208501008
-0.016955658554 -0.244947058898 0.969388180235 -0.025313766281
0.000000000000 0.000000000000 0.000000000000 1.000000000000
26 45 66
0.714396289898 0.141817888006 0.685219401083 -1.610075687342
0.044096192807 0.968176125450 -0.246354451731 0.519348500955
-0.698350532870 0.206210273142 0.685407803057 1.225125397158
0.000000000000 0.000000000000 0.000000000000 1.000000000000
26 53 66
0.807324336363 0.030392260948 0.589324805510 -1.773168987668
0.136930572801 0.961766289321 -0.237182678454 1.099237883566
-0.574001249256 0.272179931664 0.772295701562 0.719220053592
0.000000000000 0.000000000000 0.000000000000 1.000000000000
26 55 66
1.000000000000 0.000000000000 0.000000000000 0.000000000000
0.000000000000 1.000000000000 0.000000000000 0.000000000000
0.000000000000 0.000000000000 1.000000000000 0.000000000000
0.000000000000 0.000000000000 0.000000000000 1.000000000000
26 61 66
-0.361126729004 0.845787019808 0.392723570368 -0.270963885339
-0.710150975507 -0.522385016814 0.472016404582 -0.923045124452
0.604378257042 -0.108435286379 0.789283669591 1.466294481249
0.000000000000 0.000000000000 0.000000000000 1.000000000000
26 63 66
0.284814968780 0.629038968589 -0.723319023361 1.722843042189
-0.945918293644 0.306681957740 -0.105758018828 0.269964907804
0.155302979071 0.714322163168 0.682367080022 1.311044053596
0.000000000000 0.000000000000 0.000000000000 1.000000000000
27 31 66
0.565896520930 0.376643802737 -0.733417052882 0.695824176108
-0.328817552065 0.918849902610 0.218160202439 0.369114378302
0.756068875866 0.117704300406 0.643821056360 -0.229202374103
0.000000000000 0.000000000000 0.000000000000 1.000000000000
27 32 66
0.987480109299 0.135176612645 -0.081303856809 0.044617463492
-0.117295319625 0.973858202125 0.194530229394 0.099986681629
0.105474365284 -0.182558170313 0.977521187862 -0.217203658940
0.000000000000 0.000000000000 0.000000000000 1.000000000000
27 33 66
0.947924701100 0.063212737874 0.312158470677 -0.768121599607
-0.053796148103 0.997801904947 -0.038695386449 0.419039122823
-0.313918358008 0.019887389313 0.949241674313 0.316974860142
0.000000000000 0.000000000000 0.000000000000 1.000000000000
27 36 66
0.995664850220 0.019588571574 -0.090927410055 0.030730034845
-0.008446468616 0.992574877489 0.121341541715 0.167744638431
0.092629170371 -0.120047492442 0.988437370983 -0.562743102085
0.000000000000 0.000000000000 0.000000000000 1.000000000000
27 40 66
0.811720967494 0.155641563314 -0.562925194586 0.610893006656
-0.197949958713 0.980105594112 -0.014451236505 0.280509964245
0.549476919239 0.123161390704 0.826381502130 -0.075528767737
0.000000000000 0.000000000000 0.000000000000 1.000000000000
27 48 66
0.988488120230 0.150794281044 -0.012341838157 0.035103364693
-0.128258378932 0.878436156186 0.460325654009 -0.003290125982
0.080255992913 -0.453443496270 0.887664334809 -0.212199113137
0.000000000000 0.000000000000 0.000000000000 1.000000000000
27 49 66
0.999451746002 0.010606056085 0.031364294783 -0.169843686021
-0.017001261141 0.977275999504 0.211287902901 0.259554818301
-0.028410641185 -0.211705296030 0.976920520360 -0.281781822802
0.000000000000 0.000000000000 0.000000000000 1.000000000000
27 55 66
0.987394899229 -0.069601318831 0.142151220163 -0.930133234054
0.092837105741 0.982082271115 -0.163999038289 0.103148036160
-0.128189643787 0.175128721743 0.976164610118 -0.693273733512
0.000000000000 0.000000000000 0.000000000000 1.000000000000
27 61 66
-0.932617528794 0.147625233798 0.329289136371 -0.640522681368
0.153036762248 -0.664582570685 0.731375249883 -1.473017826804
0.326809263006 0.732486721441 0.597209266946 1.763089361882
0.000000000000 0.000000000000 0.000000000000 1.000000000000
27 65 66
0.971052825404 0.034674282418 -0.236334729598 1.152770006342
-0.080981666466 0.978601194039 -0.189160441747 0.245649761562
0.224718445998 0.202823561660 0.953081435589 0.706013918686
0.000000000000 0.000000000000 0.000000000000 1.000000000000
28 30 66
0.705435933485 0.506253319243 -0.496052134865 0.467550477468
-0.369632375222 0.859936781369 0.351966815533 -0.253330241788
0.604757844874 -0.064933110227 0.793757922959 0.303445541068
0.000000000000 0.000000000000 0.000000000000 1.000000000000
28 31 66
0.888022195124 0.244873183631 -0.389170534478 0.143349338675
-0.213703731192 0.969223294332 0.122216696894 0.125405722377
0.407120739145 -0.025363944169 0.913022110408 -0.172989199597
0.000000000000 0.000000000000 0.000000000000 1.000000000000
28 32 66
0.985655926698 -0.072206887381 0.152540353942 0.020789311056
0.055863988082 0.992488780252 0.108835820889 -0.147695064012
-0.159253285685 -0.098753159381 0.982286213133 -0.114695113408
0.000000000000 0.000000000000 0.000000000000 1.000000000000
28 36 66
0.998690511605 0.050886039141 0.005279493472 -0.341439604565
-0.050695958241 0.998219785469 -0.031419416236 0.047791661704
-0.006868904485 0.031110623895 0.999492344759 -0.200100751089
0.000000000000 0.000000000000 0.000000000000 1.000000000000
28 37 66
0.945536213004 0.324129549392 0.030021743942 -0.136887788174
-0.316667894574 0.894553537824 0.315428934173 -0.542733752799
0.075383781043 -0.307756402335 0.948474186458 -0.036191153040
0.000000000000 0.000000000000 0.000000000000 1.000000000000
28 38 66
1.000000000000 0.000000000000 0.000000000000 0.000000000000
0.000000000000 1.000000000000 0.000000000000 0.000000000000
0.000000000000 0.000000000000 1.000000000000 0.000000000000
0.000000000000 0.000000000000 0.000000000000 1.000000000000
28 39 66
0.239659439059 0.387298887276 -0.890260032341 2.141637832785
-0.408772797935 0.871995676509 0.269310860935 -0.877485417992
0.880606695942 0.299371194446 0.367299244483 1.508030001866
0.000000000000 0.000000000000 0.000000000000 1.000000000000
28 48 66
0.994955664395 -0.082139303408 0.057587852225 -0.286116359102
0.054276226129 0.923568198697 0.379573278344 -0.403045320991
-0.084364193621 -0.374532932051 0.923367622155 0.077378577531
0.000000000000 0.000000000000 0.000000000000 1.000000000000
28 49 66
0.999561875866 -0.029472120303 -0.002729549379 0.060088217254
0.029566058915 0.998519744223 0.045652694950 0.080742412358
0.001380027230 -0.045713395421 0.998953643071 -0.016459761665
0.000000000000 0.000000000000 0.000000000000 1.000000000000
28 58 66
0.951118099315 0.199441419619 -0.235791181548 0.398151379200
-0.216975177755 0.974862614972 -0.050642414709 0.337552758652
0.219763812749 0.099327750752 0.970483314919 -0.433228880000
0.000000000000 0.000000000000 0.000000000000 1.000000000000
28 59 66
0.993388759776 -0.095117501749 0.064276222759 -0.234894585127
0.104309630861 0.981692279448 -0.159373050988 0.319102677655
-0.047940305178 0.165024026531 0.985123747459 -0.235127939083
0.000000000000 0.000000000000 0.000000000000 1.000000000000
28 60 66
0.998609477005 0.050734574471 -0.014321850029 -0.169779350733
-0.051294497768 0.997804519479 -0.041892904012 0.168828415955
0.012164988028 0.042569283070 0.999019453867 -0.184646795150
0.000000000000 0.000000000000 0.000000000000 1.000000000000
28 61 66
0.994765195967 0.067808265994 -0.076447655009 -0.143091498577
-0.047113235397 0.968194385209 0.245723371905 -0.491986756158
0.090678266105 -0.240835361841 0.966320744134 -0.051844708130
0.000000000000 0.000000000000 0.000000000000 1.000000000000
29 31 66
0.998230441437 -0.034624552300 -0.048343832768 -0.013881716385
0.033600688478 0.999196824569 -0.021833449216 0.093087492020
0.049060977594 0.020170427584 0.998592096068 -0.010695470577
0.000000000000 0.000000000000 0.000000000000 1.000000000000
29 35 66
0.946192279279 -0.259876867492 0.192832010762 -0.609511541212
0.274208913790 0.960300256699 -0.051311680750 -0.438614665848
-0.171841910575 0.101426972377 0.979889242233 0.320959867959
0.000000000000 0.000000000000 0.000000000000 1.000000000000
29 36 66
0.947578210566 -0.315531211169 0.050354638704 0.044573226376
0.312329890661 0.881416769931 -0.354336728387 0.358336449478
0.067420874072 0.351489021824 0.933761154299 0.198831272478
0.000000000000 0.000000000000 0.000000000000 1.000000000000
29 37 66
0.932744648173 0.083009849366 -0.350851515904 0.506862485640
-0.200581657218 0.928106631483 -0.313663959333 0.598399808440
0.299590420560 0.362942757890 0.882336746602 -0.179891173256
0.000000000000 0.000000000000 0.000000000000 1.000000000000
29 38 66
-0.282411317332 -0.744658991603 0.604753531670 -1.895902689048
0.761168449567 -0.557625810721 -0.331173740808 -0.120480733469
0.583837682259 0.366792095664 0.724290769879 -0.483715537381
0.000000000000 0.000000000000 0.000000000000 1.000000000000
29 40 66
0.904964052135 -0.153489334882 -0.396838869594 0.390371026847
0.226817703167 0.963124270880 0.144725147682 -0.000819142661
0.359991380276 -0.220981137020 0.906406941284 -0.344197800368
0.000000000000 0.000000000000 0.000000000000 1.000000000000
29 41 66
0.981192245229 -0.039914256992 -0.188861404186 0.372315706070
0.019332055048 0.993788542964 -0.109592899043 0.325466139235
0.192062618825 0.103880623611 0.975869236367 -0.416568342314
0.000000000000 0.000000000000 0.000000000000 1.000000000000
29 46 66
0.935578318298 -0.236324922517 0.262380908850 -0.137196288355
0.275501310433 0.953305296197 -0.123725665055 -0.419214086917
-0.220889651821 0.188041333863 0.956999591681 0.191987164459
0.000000000000 0.000000000000 0.000000000000 1.000000000000
29 48 66
0.991575617982 -0.129528982528 -0.000191072313 -0.227238509201
0.129501976041 0.991396919314 -0.019010170335 0.606920472283
0.002651796524 0.018825277156 0.999819272126 -0.536880293710
0.000000000000 0.000000000000 0.000000000000 1.000000000000
29 49 66
0.983174496881 -0.072650502651 -0.167600158555 -0.306737947644
0.079585183992 0.996212426913 0.035028544837 0.586472236839
0.164420519316 -0.047777661402 0.985232555237 -1.007314693653
0.000000000000 0.000000000000 0.000000000000 1.000000000000
29 59 66
0.954016364429 0.206417339284 -0.217358364100 -0.189489314275
-0.238399857409 0.962052194945 -0.132744424320 0.540885666736
0.181709340399 0.178458556096 0.967023401665 -0.439047696508
0.000000000000 0.000000000000 0.000000000000 1.000000000000
29 60 66
0.990265786531 0.079936252987 -0.113946774784 0.224283007381
-0.078583906513 0.996773937338 0.016318317369 0.013070058807
0.114883600494 -0.007205088687 0.993352830083 -0.114874834063
0.000000000000 0.000000000000 0.000000000000 1.000000000000
29 61 66
0.970274417572 0.039770509666 -0.238717115359 0.477094253413
-0.034957763150 0.999091797138 0.024362587855 -0.162938435251
0.239469224327 -0.015293379363 0.970783499627 -0.046938697500
0.000000000000 0.000000000000 0.000000000000 1.000000000000
29 62 66
0.983454180093 -0.129273592593 -0.126910259300 0.095322870542
0.130290683351 0.991475796029 -0.000289345822 -0.169359177061
0.125865855137 -0.016250666050 0.991914160784 -0.337996384603
0.000000000000 0.000000000000 0.000000000000 1.000000000000
30 32 66
0.949896088545 0.006721896150 -0.312493579262 0.801375467495
-0.029434379241 0.997249583280 -0.068021217030 0.156707446541
0.311176860140 0.073811142517 0.947481333301 -0.247256235076
0.000000000000 0.000000000000 0.000000000000 1.000000000000
30 33 66
0.610787269451 0.780087043872 -0.135658082911 1.507923850595
-0.748012180846 0.512298795508 -0.421933313956 0.735320756142
-0.259647239119 0.359185395169 0.896420193389 -0.478410394281
0.000000000000 0.000000000000 0.000000000000 1.000000000000
30 36 66
0.985973236772 0.088846480001 -0.141290761769 0.513328860912
-0.130335574528 0.938655167765 -0.319279053558 0.383951944783
0.104256483645 0.333215814481 0.937068730989 -0.238251510856
0.000000000000 0.000000000000 0.000000000000 1.000000000000
30 37 66
0.947827931292 0.301546855376 -0.103400709261 0.435599297157
-0.300020608938 0.953448762751 0.030382413021 -0.339858977685
0.107748999418 0.002225044076 0.994175639564 -0.144703403243
0.000000000000 0.000000000000 0.000000000000 1.000000000000
30 41 66
0.811800631467 -0.575557840578 0.098554081090 0.010608122085
0.504109008586 0.775951816528 0.379173952018 -0.647684887983
-0.294709759275 -0.258131653574 0.920062067043 -0.177915852746
0.000000000000 0.000000000000 0.000000000000 1.000000000000
30 42 66
0.819191695674 0.243830994284 -0.519106359011 1.661397746345
-0.377943444101 0.910302321072 -0.168844417476 -0.344431444603
0.431374221298 0.334508789837 0.837866427733 0.055137541507
0.000000000000 0.000000000000 0.000000000000 1.000000000000
30 43 66
0.326999857914 -0.941656998756 0.079706898188 -0.295956733879
0.813985277471 0.323503102598 0.482466279308 -1.660458202592
-0.480103177437 -0.092886163145 0.872280401999 -0.058334297015
0.000000000000 0.000000000000 0.000000000000 1.000000000000
30 44 66
0.133651422434 0.971968838883 -0.193426661871 0.859468165021
-0.274354896151 0.223837761605 0.935214439280 -2.555349873194
0.952295483681 -0.071925188360 0.296580645086 1.020960710944
0.000000000000 0.000000000000 0.000000000000 1.000000000000
30 47 66
0.091936643207 0.017568671097 0.995609861056 -1.901108578351
-0.729334154831 -0.679541710197 0.079339490160 -0.433561031198
0.677952317079 -0.733426482954 -0.049661351869 2.101199524304
0.000000000000 0.000000000000 0.000000000000 1.000000000000
30 48 66
0.882910337325 0.326689746491 -0.337258277559 1.123577049523
-0.453161113314 0.780931461396 -0.429873304570 0.888151600956
0.122940398668 0.532371920878 0.837535549237 0.356005294980
0.000000000000 0.000000000000 0.000000000000 1.000000000000
30 50 66
0.739261929228 -0.673417674449 -0.000660101687 0.072769119022
0.668719916356 0.734219721281 -0.117196733533 -0.393106882174
0.079407011425 0.086197660186 0.993108498561 -1.080102640889
0.000000000000 0.000000000000 0.000000000000 1.000000000000
30 53 66
0.959205373329 -0.275045140434 0.065385185636 -0.236350876546
0.279941579530 0.891771313174 -0.355494918460 0.248812776633
0.039468516915 0.359296668123 0.932388406432 -0.948469239421
0.000000000000 0.000000000000 0.000000000000 1.000000000000
30 58 66
0.947834850833 0.258069457328 -0.187107591349 1.089780170260
-0.317470702734 0.817036146634 -0.481315164938 0.847843662885
0.028660922022 0.515608466075 0.856344826142 -0.258523202496
0.000000000000 0.000000000000 0.000000000000 1.000000000000
30 59 66
0.949675907262 -0.309167436462 -0.050310708577 0.657385886784
0.312206340978 0.947271443828 0.072138840858 -0.505255386797
0.025354917056 -0.084215841378 0.996124901929 -0.143595444062
0.000000000000 0.000000000000 0.000000000000 1.000000000000
30 60 66
0.997680971654 -0.034350286333 0.058759991726 0.344532861520
0.025404708872 0.988851126481 0.146724402959 -0.521357572124
-0.063144909264 -0.144891364427 0.987430611713 0.039473997328
0.000000000000 0.000000000000 0.000000000000 1.000000000000
30 61 66
0.962436147586 0.228961135797 -0.145922788191 0.722584621516
-0.242027112391 0.967053587920 -0.078931837427 -0.094920367711
0.123042832732 0.111284124593 0.986142132214 0.070542962202
0.000000000000 0.000000000000 0.000000000000 1.000000000000
30 62 66
0.949561351093 -0.124824012161 0.287666832462 -0.600084715273
0.193428898705 0.955198263516 -0.224012362431 0.177864119583
-0.246816736987 0.268356560129 0.931163924870 -0.190139167659
0.000000000000 0.000000000000 0.000000000000 1.000000000000
31 34 66
0.901117903072 0.330852042246 -0.280220361333 1.996178638972
-0.352059261693 0.935573157028 -0.027516251653 -0.125306928583
0.253062840061 0.123449560512 0.959541247154 -0.308466098409
0.000000000000 0.000000000000 0.000000000000 1.000000000000
31 35 66
0.911447633697 0.227488547680 -0.342800483814 1.075390381983
-0.289130210277 0.946947435943 -0.140336292761 -0.106681491319
0.292689139760 0.227023157927 0.928866811352 0.290235667359
0.000000000000 0.000000000000 0.000000000000 1.000000000000
31 36 66
0.896137036578 -0.283708992231 0.341244222516 -0.401989090031
0.283940496786 0.957515249567 0.050421633569 -0.321190909015
-0.341051617733 0.051708360781 0.938621350422 0.181086966797
0.000000000000 0.000000000000 0.000000000000 1.000000000000
31 37 66
0.966169912997 -0.117262227739 0.229706920150 -0.058093006166
0.123572549163 0.992247348793 -0.013229660144 -0.053331951176
-0.226374743097 0.041167569273 0.973169927057 -0.221575989873
0.000000000000 0.000000000000 0.000000000000 1.000000000000
31 40 66
0.745496103677 0.376702806104 -0.549845937764 1.933441290489
-0.185171175263 0.909544975978 0.372074686755 -1.184170339387
0.640271188837 -0.175564610744 0.747816737042 0.787390790687
0.000000000000 0.000000000000 0.000000000000 1.000000000000
31 41 66
0.732954452103 0.280782994751 0.619627856863 -0.305346782553
0.423332770805 -0.901254474380 -0.092356578388 -0.346290630836
0.532510221784 0.330001942825 -0.779443122638 4.569678637582
0.000000000000 0.000000000000 0.000000000000 1.000000000000
31 47 66
0.937728968237 -0.222954751446 0.266374850423 0.012708500735
0.225396362975 0.974023599679 0.021783177589 -0.014630806360
-0.264312053618 0.039613205828 0.963623335249 0.040271711195
0.000000000000 0.000000000000 0.000000000000 1.000000000000
31 48 66
0.275226541423 -0.655391056596 0.703358311127 -1.381414583989
0.547705877736 0.708167290496 0.445552870224 -0.713354326292
-0.790106715824 0.262605505665 0.553867968025 0.851370890508
0.000000000000 0.000000000000 0.000000000000 1.000000000000
31 49 66
0.143620582255 0.724135562165 -0.674537482992 2.856846552663
-0.505965302261 0.639514821642 0.578809040884 -0.891682014507
0.850512928333 0.258163670002 0.458234959633 0.205286723073
0.000000000000 0.000000000000 0.000000000000 1.000000000000
31 56 66
0.730086487927 -0.590714147250 -0.343555696190 0.956387307771
0.154840698875 0.632675151254 -0.758779619493 1.290792100364
0.665581007931 0.500778343405 0.553374170573 0.983420281620
0.000000000000 0.000000000000 0.000000000000 1.000000000000
31 58 66
0.848469438253 0.188940483704 0.494369402338 -0.205449069554
-0.199828229766 0.979330035602 -0.031326665249 -0.130835569736
-0.490069679677 -0.072209244454 0.868687247562 -0.353910980956
0.000000000000 0.000000000000 0.000000000000 1.000000000000
31 59 66
0.979647375344 -0.132668422951 0.150632365491 -0.117646322580
0.148906574885 0.983559956142 -0.102159897367 0.042147760508
-0.134602570324 0.122510824933 0.983297129985 -0.231374847963
0.000000000000 0.000000000000 0.000000000000 1.000000000000
31 60 66
0.918812987866 -0.290089984637 0.267638738119 0.270317815717
0.212079339325 0.934746026291 0.285082830357 -0.748702270076
-0.332873920817 -0.205177160391 0.920378881599 0.206746087180
0.000000000000 0.000000000000 0.000000000000 1.000000000000
31 61 66
0.953224065640 -0.232200887735 0.193511313414 0.474708823521
0.254183706737 0.962231086931 -0.097478092783 0.011282707003
-0.163568101760 0.142105886853 0.976243511122 -0.108428371405
0.000000000000 0.000000000000 0.000000000000 1.000000000000
31 63 66
0.992292836235 -0.116074518122 0.043377798473 0.461534437831
0.121295461449 0.981455947844 -0.148430567856 0.293540379679
-0.025344391677 0.152548119244 0.987971018363 -0.551907240933
0.000000000000 0.000000000000 0.000000000000 1.000000000000
31 65 66
0.745354175397 0.049045480629 -0.664862161690 2.313157690706
0.082202294030 0.982918716537 0.164662016073 -0.617662287352
0.661581390362 -0.177384716115 0.728590918428 0.602667921091
0.000000000000 0.000000000000 0.000000000000 1.000000000000
32 35 66
0.294078195506 0.730128507110 0.616790384193 -1.879793352856
0.461551677785 0.456610282860 -0.760576819473 1.085205406540
-0.836951649537 0.508349695280 -0.202712909422 2.934798762741
0.000000000000 0.000000000000 0.000000000000 1.000000000000
32 36 66
0.995339232111 -0.006128245880 -0.096240623563 0.349548341537
-0.000914641058 0.997334014815 -0.072965925784 0.019804511224
0.096431200620 0.072713874165 0.992680067318 -0.109125380713
0.000000000000 0.000000000000 0.000000000000 1.000000000000
32 37 66
0.998277948635 0.058155276063 -0.007687726291 0.089009905933
-0.057573450827 0.996437294421 0.061628045938 -0.300744258428
0.011244333211 -0.061079310346 0.998069578145 -0.008962481280
0.000000000000 0.000000000000 0.000000000000 1.000000000000
32 47 66
0.902121851465 0.151236176773 -0.404108628892 1.026248534741
-0.118878911675 0.987430260829 0.104159898028 -0.164492110092
0.414781833581 -0.045924926056 0.908761207192 0.264953693976
0.000000000000 0.000000000000 0.000000000000 1.000000000000
32 48 66
0.867258190887 -0.485206463165 0.111525416127 -0.683445964334
0.475673679183 0.873679896304 0.102068554053 -0.263520898423
-0.146961836110 -0.035470084523 0.988505989780 0.354001351564
0.000000000000 0.000000000000 0.000000000000 1.000000000000
32 49 66
0.976471514985 -0.187836751495 0.105927971805 -0.257874304760
0.185711887906 0.982156252480 0.029668003060 0.028072839875
-0.109610561139 -0.009297876269 0.993931121549 0.060348616938
0.000000000000 0.000000000000 0.000000000000 1.000000000000
32 50 66
0.989889063417 0.130643145542 0.055245005661 -0.047567609928
-0.085920476456 0.862160568289 -0.499296331064 0.804403868403
-0.112859708723 0.489501300316 0.864668238769 0.115680736841
0.000000000000 0.000000000000 0.000000000000 1.000000000000
32 52 66
0.959919757647 0.028011393706 -0.278871692184 0.972106152260
-0.110848197245 0.951811080335 -0.285951647171 0.195564902050
0.257423262443 0.305403060193 0.916767274055 -0.125230105009
0.000000000000 0.000000000000 0.000000000000 1.000000000000
32 53 66
0.981727442403 -0.151615487707 0.114995533478 -0.034370882573
0.184094630216 0.909689423912 -0.372255717414 0.267734848837
-0.048170488455 0.386623713589 0.920978668663 -0.076497746877
0.000000000000 0.000000000000 0.000000000000 1.000000000000
32 57 66
0.949319360676 -0.070028417739 0.306412748029 -0.105601934136
0.104167330989 0.989866988965 -0.096501353938 -0.313462897205
-0.296550027146 0.123528801768 0.946994570488 0.371673069203
0.000000000000 0.000000000000 0.000000000000 1.000000000000
32 58 66
0.930445129382 0.233100820443 -0.282729320583 0.991217929920
-0.237812943994 0.971143300909 0.018046960098 -0.049679107341
0.278777446860 0.050444985958 0.959029946620 -0.117194547874
0.000000000000 0.000000000000 0.000000000000 1.000000000000
32 59 66
1.000000000000 0.000000000000 0.000000000000 0.000000000000
0.000000000000 1.000000000000 0.000000000000 0.000000000000
0.000000000000 0.000000000000 1.000000000000 0.000000000000
0.000000000000 0.000000000000 0.000000000000 1.000000000000
32 60 66
0.946920317495 0.095836426519 -0.306850601544 1.141236743676
-0.152523301144 0.974188131837 -0.166415523304 0.194856434388
0.282981545200 0.204384106869 0.937095823241 0.177114710141
0.000000000000 0.000000000000 0.000000000000 1.000000000000
32 61 66
-0.949112037787 -0.183775196577 0.255759685742 -0.165773268464
0.308363155579 -0.707348681431 0.636058179068 -1.467719413438
0.064019559580 0.682557338251 0.728022647993 1.210183888868
0.000000000000 0.000000000000 0.000000000000 1.000000000000
32 62 66
0.865528042362 -0.451651667870 0.216499373663 0.331661474814
0.473559045891 0.878710447324 -0.060081443213 -0.372550125078
-0.163104377441 0.154527410754 0.974432266186 0.501681078785
0.000000000000 0.000000000000 0.000000000000 1.000000000000
32 63 66
-0.426868694208 -0.398981788156 0.811539679020 -1.910892226038
0.519936544679 0.625966394487 0.581233225547 -1.312059758935
-0.739898038524 0.670059404600 -0.059760245109 1.953371392478
0.000000000000 0.000000000000 0.000000000000 1.000000000000
33 35 66
0.197271414195 0.897033500667 0.395493220957 -0.324211081589
0.798539785116 0.086993043601 -0.595622717794 0.702603231824
-0.568698690634 0.433316407544 -0.699155698128 4.282020365463
0.000000000000 0.000000000000 0.000000000000 1.000000000000
33 36 66
1.000000000000 0.000000000000 0.000000000000 0.000000000000
0.000000000000 1.000000000000 0.000000000000 0.000000000000
0.000000000000 0.000000000000 1.000000000000 0.000000000000
0.000000000000 0.000000000000 0.000000000000 1.000000000000
33 37 66
0.763802493987 -0.363049123181 0.533667578495 -1.562928807284
0.559823227590 0.784147247178 -0.267789186848 0.231208854778
-0.321253333102 0.503297555031 0.802176954961 1.013669170016
0.000000000000 0.000000000000 0.000000000000 1.000000000000
33 38 66
1.000000000000 0.000000000000 0.000000000000 0.000000000000
0.000000000000 1.000000000000 0.000000000000 0.000000000000
0.000000000000 0.000000000000 1.000000000000 0.000000000000
0.000000000000 0.000000000000 0.000000000000 1.000000000000
33 41 66
0.960924021925 0.262050044234 0.089189676559 -0.088337944389
-0.272240056597 0.952972576073 0.133148867203 -0.910656185863
-0.050103649289 -0.152226947582 0.987074759457 0.496859907640
0.000000000000 0.000000000000 0.000000000000 1.000000000000
33 43 66
1.000000000000 0.000000000000 0.000000000000 0.000000000000
0.000000000000 1.000000000000 0.000000000000 0.000000000000
0.000000000000 0.000000000000 1.000000000000 0.000000000000
0.000000000000 0.000000000000 0.000000000000 1.000000000000
33 46 66
0.769882616556 -0.260419131568 0.582634218561 -0.563112217041
0.397640361553 0.909821411422 -0.118773491071 -0.380901462932
-0.499162197676 0.323120527405 0.804008846456 0.661190567708
0.000000000000 0.000000000000 0.000000000000 1.000000000000
33 47 66
0.657812578945 -0.302681477126 0.689685822956 -1.489567448510
0.299754943537 0.945262107779 0.128943869272 -0.267922520343
-0.690962795530 0.121915835734 0.712535573982 1.153908704983
0.000000000000 0.000000000000 0.000000000000 1.000000000000
33 48 66
0.959709067691 0.031602020684 -0.279212853717 0.942770552192
0.053875091955 0.954527326938 0.293215034736 0.003408370756
0.275782486498 -0.296443745789 0.914365969251 -0.246379321416
0.000000000000 0.000000000000 0.000000000000 1.000000000000
33 49 66
0.928773518383 -0.326482030409 0.175468616481 -0.696180843196
0.316695207365 0.944980003985 0.081956925889 0.092100486333
-0.192571797471 -0.020549352531 0.981067697424 0.020331658495
0.000000000000 0.000000000000 0.000000000000 1.000000000000
33 50 66
0.905425675550 0.350826707322 0.239008300033 -0.667574725359
-0.324893302786 0.935067268855 -0.141751700239 0.136346661393
-0.273219120598 0.050693432958 0.960615161235 0.395599814379
0.000000000000 0.000000000000 0.000000000000 1.000000000000
33 53 66
0.997285662016 0.028411134819 0.067927282853 -0.184636956999
-0.011142034137 0.970163580072 -0.242195134093 0.239095427082
-0.072781614524 0.240780886536 0.967846786049 -0.143730316493
0.000000000000 0.000000000000 0.000000000000 1.000000000000
33 57 66
0.997363224139 -0.049364554028 -0.053195299993 0.739245714275
0.048128530641 0.998546198254 -0.024272092835 -0.143477213826
0.054316145611 0.021647881141 0.998289099193 -0.021213373880
0.000000000000 0.000000000000 0.000000000000 1.000000000000
33 58 66
0.445567848623 -0.439754979322 0.779797954880 -1.545529638843
0.485898233476 0.850371883760 0.201917225653 -0.421735540327
-0.751912361235 0.288934624910 0.592574538392 0.902980664050
0.000000000000 0.000000000000 0.000000000000 1.000000000000
33 60 66
0.972045167498 0.228992972795 0.051869169602 -0.327729624528
-0.234180497267 0.929593703731 0.284631411977 -1.157844559169
0.016961339700 -0.288821336460 0.957232755687 0.976915823496
0.000000000000 0.000000000000 0.000000000000 1.000000000000
33 61 66
-0.983532415522 0.122459947755 -0.132919331980 0.061686968983
-0.178394669380 -0.775694583195 0.605370345771 -1.567500327851
-0.028971184903 0.619113458744 0.784766969009 0.940311512167
0.000000000000 0.000000000000 0.000000000000 1.000000000000
33 62 66
-0.096249020712 0.802838700126 -0.588375855718 1.333950654815
-0.680538183620 0.378292342271 0.627505127003 -2.020826683032
0.726363481081 0.460808990102 0.509952123237 1.832750772086
0.000000000000 0.000000000000 0.000000000000 1.000000000000
33 63 66
1.000000000000 0.000000000000 0.000000000000 0.000000000000
0.000000000000 1.000000000000 0.000000000000 0.000000000000
0.000000000000 0.000000000000 1.000000000000 0.000000000000
0.000000000000 0.000000000000 0.000000000000 1.000000000000
33 64 66
-0.526611745203 -0.552211467713 0.646330074142 -2.012360005385
0.848690546790 -0.297652237151 0.437181314226 -1.831717015482
-0.049034942679 0.778759038885 0.625403816547 1.243662257347
0.000000000000 0.000000000000 0.000000000000 1.000000000000
34 39 66
0.961474930325 0.001327356770 -0.274889425917 0.401645618005
0.045057690694 0.985702801487 0.162356988299 -0.333372193463
0.271174782873 -0.168488056741 0.947668724750 0.110031188560
0.000000000000 0.000000000000 0.000000000000 1.000000000000
34 44 66
0.978572334380 -0.183650863004 0.093105031568 0.381689130161
0.188846682287 0.980713011498 -0.050387693619 0.081636936086
-0.082055572477 0.066890579284 0.994380477196 -0.692662443881
0.000000000000 0.000000000000 0.000000000000 1.000000000000
34 49 66
0.270411761820 0.424729953808 -0.863991866517 2.108601569751
-0.089480976093 0.904628889783 0.416701003943 -0.649477435875
0.958577401145 -0.035370017076 0.282627542722 1.553531980739
0.000000000000 0.000000000000 0.000000000000 1.000000000000
34 59 66
-0.467565130510 0.459848805684 -0.754931735088 2.008113822818
-0.330524725315 0.701137380392 0.631790930429 -1.430837472363
0.819839163914 0.544927013212 -0.175835990583 2.625017830200
0.000000000000 0.000000000000 0.000000000000 1.000000000000
34 61 66
0.570659770149 -0.780291543745 0.255915090400 -0.936966068961
0.726373246178 0.625002984554 0.285925124002 -0.556271110509
-0.383052651695 0.022723909417 0.923446961103 0.618449763075
0.000000000000 0.000000000000 0.000000000000 1.000000000000
35 37 66
0.973617975362 -0.092836429403 0.208445281614 -0.111303684657
0.086152942146 0.995440528436 0.040936840465 -0.044963526712
-0.211295311380 -0.021898669443 0.977176923421 -0.065647152881
0.000000000000 0.000000000000 0.000000000000 1.000000000000
35 40 66
0.999328507829 -0.032856370354 -0.016217039389 0.103501376111
0.029688388722 0.985481984320 -0.167164165284 0.325586608193
0.021474007882 0.166570458086 0.985795693579 -0.048560714670
0.000000000000 0.000000000000 0.000000000000 1.000000000000
35 42 66
0.268988878455 -0.547705870958 0.792252019364 -1.640921814418
0.670290140266 0.697140922663 0.254373076032 -1.291394925358
-0.691632930917 0.462615188754 0.554644999981 0.426809724914
0.000000000000 0.000000000000 0.000000000000 1.000000000000
35 43 66
0.910792131226 -0.074721288513 0.406047315888 -0.988655283208
0.132980132807 0.984167710045 -0.117175947976 0.116422817936
-0.390863119232 0.160719157378 0.906308652985 -0.101274955131
0.000000000000 0.000000000000 0.000000000000 1.000000000000
35 44 66
0.837662034796 0.077232186193 -0.540700938485 1.746500375107
0.069652954913 0.966764597337 0.245997315448 -0.804118947007
0.541729435543 -0.243724029902 0.804442549791 0.036541646389
0.000000000000 0.000000000000 0.000000000000 1.000000000000
35 46 66
0.606756282656 -0.162225093176 0.778157974065 -0.723304397841
0.085826083925 0.986600245677 0.138758201733 -0.665406223484
-0.790240910593 -0.017406159083 0.612549041996 0.353639861568
0.000000000000 0.000000000000 0.000000000000 1.000000000000
35 48 66
0.299452725393 0.376964386706 -0.876484977858 2.531080664542
-0.356589130612 0.896287804241 0.263651974955 -0.352912737771
0.884970201297 0.233593713793 0.402817228643 1.688691274726
0.000000000000 0.000000000000 0.000000000000 1.000000000000
35 49 66
0.681940543180 0.411053583524 -0.604972765536 1.530355693581
-0.352993357840 0.909394828006 0.219992581959 0.467923144557
0.640587843225 0.063529507071 0.765252387675 -0.627153500685
0.000000000000 0.000000000000 0.000000000000 1.000000000000
35 52 66
0.966813764040 -0.109366387095 -0.230889885090 1.295786465467
0.125719337792 0.990409778096 0.057298512685 -0.174998702009
0.222409068538 -0.084424314179 0.971291275266 -0.707535977112
0.000000000000 0.000000000000 0.000000000000 1.000000000000
35 53 66
0.988578175928 -0.094225219935 -0.117621418148 0.618239654089
0.105707825523 0.989797761762 0.095531389788 -0.407331097820
0.107419950205 -0.106873751407 0.988452808969 -0.715055553295
0.000000000000 0.000000000000 0.000000000000 1.000000000000
35 55 66
0.947188409925 -0.091551371853 0.307331193365 -0.384104308501
0.113936428774 0.991927483588 -0.055662891601 -0.505060124597
-0.299754243175 0.087739464410 0.949973252299 -0.170477391661
0.000000000000 0.000000000000 0.000000000000 1.000000000000
35 56 66
0.995899893799 -0.064052526738 -0.063880163979 0.563041133110
0.053446282817 0.986345925128 -0.155772946423 0.279697870203
0.072985590253 0.151720103489 0.985725171543 -0.018157487235
0.000000000000 0.000000000000 0.000000000000 1.000000000000
35 61 66
0.933474866757 0.300483427313 -0.195791682774 0.789678364164
-0.221970578906 0.912853404375 0.342677288745 -0.444375390638
0.281697950353 -0.276420643281 0.918824190330 0.168265545016
0.000000000000 0.000000000000 0.000000000000 1.000000000000
35 62 66
0.998243189372 -0.037716658765 0.045694513072 0.327657774723
0.043870502468 0.988868933707 -0.142174579172 0.316979901837
-0.039823534330 0.143929446608 0.988786327025 -0.344715752429
0.000000000000 0.000000000000 0.000000000000 1.000000000000
35 64 66
0.367105160322 0.298450416037 -0.881000085376 2.128020083444
0.146107769771 0.916870864130 0.371483967517 -0.793144805237
0.918632854233 -0.265094639095 0.292982100897 0.948566501055
0.000000000000 0.000000000000 0.000000000000 1.000000000000
36 38 66
0.974543541015 -0.168866758837 0.147475097646 -0.361186001876
0.145867580006 0.977100458219 0.154910760283 -0.085824455445
-0.170257263484 -0.129455445263 0.976859125935 -0.022253805783
0.000000000000 0.000000000000 0.000000000000 1.000000000000
36 40 66
0.948689720469 0.147014938221 -0.279954321662 0.488736554691
-0.162690598641 0.986109284303 -0.033470113913 0.083235949902
0.271144949042 0.077298689196 0.959429689585 0.104978406728
0.000000000000 0.000000000000 0.000000000000 1.000000000000
36 41 66
0.936610226258 -0.099424251734 0.335970388927 -0.649957714690
0.089782704486 0.994982218248 0.044152591608 0.063937167628
-0.338674401223 -0.011189438671 0.940837098768 -0.206421418374
0.000000000000 0.000000000000 0.000000000000 1.000000000000
36 46 66
0.988176382694 -0.030128519203 -0.150331995981 0.842005809399
-0.004464828574 0.974432124435 -0.224637708712 -0.223117185193
0.153256327735 0.222652885004 0.962776293232 0.329259287989
0.000000000000 0.000000000000 0.000000000000 1.000000000000
36 48 66
0.989247486230 0.097039741299 -0.109419831820 0.624000366651
-0.062646073081 0.957209344460 0.282534494188 -0.120444600947
0.132154759711 -0.272641815368 0.952996096528 0.268107328761
0.000000000000 0.000000000000 0.000000000000 1.000000000000
36 49 66
0.921669865698 -0.150296213262 0.357681012836 -0.519747828755
0.104742455976 0.984076444422 0.143605603823 -0.004347834223
-0.373568837806 -0.094892569848 0.922735998868 0.108780358914
0.000000000000 0.000000000000 0.000000000000 1.000000000000
36 53 66
0.980322561940 0.101563557597 0.169270547704 -0.414444283639
-0.066731875631 0.977512572599 -0.200040063949 0.266251159951
-0.185780869108 0.184808046844 0.965055156193 -0.522443088496
0.000000000000 0.000000000000 0.000000000000 1.000000000000
36 54 66
0.992703312111 0.016866350001 -0.119397070156 0.713614916208
-0.085749784586 0.794891997371 -0.600661041652 1.112606986482
0.084776816216 0.606516478550 0.790538204440 -0.045706707500
0.000000000000 0.000000000000 0.000000000000 1.000000000000
36 55 66
0.957783796725 0.191020789071 0.214851709032 -0.438895316021
-0.196520499411 0.980490158504 0.004329247882 -0.644102408173
-0.209833009897 -0.046369248632 0.976637087530 0.264982201334
0.000000000000 0.000000000000 0.000000000000 1.000000000000
36 57 66
0.995446459946 0.063834976909 -0.070791532719 0.475020555861
-0.061619371273 0.997552248994 0.033053949997 -0.137829671382
0.072728250808 -0.028541307774 0.996943326015 -0.010785373076
0.000000000000 0.000000000000 0.000000000000 1.000000000000
36 58 66
0.921698622946 0.373998743445 -0.102939731690 0.572247641481
-0.379234590026 0.924584490490 -0.036395682080 0.189998228348
0.081564540011 0.072584156999 0.994021511822 -0.060784181232
0.000000000000 0.000000000000 0.000000000000 1.000000000000
36 59 66
0.931636816225 0.346115689981 -0.110710305770 0.502406079482
-0.326693246621 0.931154606571 0.161934002834 -0.256510491759
0.159136310335 -0.114695369612 0.980571571545 0.038383025756
0.000000000000 0.000000000000 0.000000000000 1.000000000000
36 60 66
0.944367962761 0.000267129565 0.328890680244 -0.520135113569
-0.055548881474 0.985762819241 0.158700932477 -0.008313142128
-0.324165810469 -0.168141585706 0.930937664121 0.123172479308
0.000000000000 0.000000000000 0.000000000000 1.000000000000
36 61 66
0.995515573056 -0.035906535006 0.087518366910 0.224582885362
0.039953548017 0.998190551728 -0.044937027505 0.026078419126
-0.085746474001 0.048232179963 0.995148832594 0.109435763589
0.000000000000 0.000000000000 0.000000000000 1.000000000000
36 63 66
0.954774224478 0.161416871815 -0.249701369169 1.210014942436
-0.154573211153 0.986866868389 0.046913819611 -0.149110276317
0.253994690231 -0.006194963274 0.967185773140 0.088224489563
0.000000000000 0.000000000000 0.000000000000 1.000000000000
37 40 66
0.992670715015 -0.039621831712 -0.114170758096 0.018913491945
0.010633965785 0.969700163469 -0.244066613324 0.414415341946
0.120381769069 0.241063691624 0.963014291823 0.018693966363
0.000000000000 0.000000000000 0.000000000000 1.000000000000
37 41 66
0.956824599586 -0.287078303338 0.045527281699 -0.087488024570
0.287334566430 0.957829807050 0.000952712779 0.145717215920
-0.043880890614 0.012169982724 0.998962641423 -0.085206404055
0.000000000000 0.000000000000 0.000000000000 1.000000000000
37 46 66
0.893418815833 -0.283408680044 0.348543167471 -0.222750622580
0.364642048167 0.910672376612 -0.194195775403 0.106625811627
-0.262371866296 0.300591654162 0.916954557884 -0.103254567343
0.000000000000 0.000000000000 0.000000000000 1.000000000000
37 47 66
0.755727620580 -0.161338181328 0.634701311436 -1.178443747415
0.113143812799 0.986770472339 0.116114221976 -0.142718108822
-0.645038170280 -0.015938198325 0.763984118105 0.860103109449
0.000000000000 0.000000000000 0.000000000000 1.000000000000
37 48 66
0.678717993459 -0.542362218633 0.495161700007 -1.145458959183
0.287408299984 0.816625649533 0.500518748525 -0.397853907183
-0.675824203809 -0.197397498272 0.710137925491 0.117202605061
0.000000000000 0.000000000000 0.000000000000 1.000000000000
37 49 66
0.791596180063 -0.439690991701 0.424319831644 -1.301347726496
0.422820529981 0.895472303050 0.139112019240 0.050572407911
-0.441132958569 0.069290593066 0.894762832586 0.141296981812
0.000000000000 0.000000000000 0.000000000000 1.000000000000
37 53 66
0.859400013823 0.144581969262 0.490436204216 -1.024189814421
-0.046410752092 0.977286016354 -0.206780280321 0.356610818715
-0.509193144427 0.154945462675 0.846589773896 -0.513684741560
0.000000000000 0.000000000000 0.000000000000 1.000000000000
37 56 66
-0.925405050751 0.272354640941 0.263530722312 -0.993573256150
-0.375525485457 -0.565314588992 -0.734438578266 2.062037217987
-0.051049993306 -0.778615672223 0.625421084672 1.167590451904
0.000000000000 0.000000000000 0.000000000000 1.000000000000
37 57 66
0.893002060860 0.085246853403 -0.441905299001 1.941942273666
-0.115199680219 0.992481829271 -0.041338266099 -0.067433649565
0.435059022407 0.087822505951 0.896108729156 0.157869331286
0.000000000000 0.000000000000 0.000000000000 1.000000000000
37 59 66
0.989723776667 -0.046461484691 0.135233784017 -0.060024877266
0.083468834395 0.955610448955 -0.282562601086 0.633850252160
-0.116102539094 0.290946731015 0.949668468534 -0.012684288823
0.000000000000 0.000000000000 0.000000000000 1.000000000000
37 60 66
-0.831191843422 -0.553268555526 -0.054900135650 0.242435031041
0.262700800115 -0.477841305690 0.838245773145 -1.475549094137
-0.490008580585 0.682320739859 0.542521887955 1.302549713188
0.000000000000 0.000000000000 0.000000000000 1.000000000000
38 40 66
-0.159743328155 -0.136051995366 0.977738167234 -1.152690329625
0.980991245933 -0.132420401395 0.141848555500 -0.940408679715
0.110173701549 0.981811943221 0.154619092080 2.630009130746
0.000000000000 0.000000000000 0.000000000000 1.000000000000
38 42 66
0.918909784318 -0.186643519969 0.347518351657 -0.193975727097
0.131941216038 0.975665107929 0.175125990879 -0.899968890646
-0.371747661453 -0.115072992593 0.921174186883 -0.049432535578
0.000000000000 0.000000000000 0.000000000000 1.000000000000
38 45 66
0.947101600157 -0.221770897370 0.231983249523 -0.051853247782
0.273647578898 0.935693337301 -0.222699306451 -0.384824665388
-0.167676955909 0.274400524071 0.946883726150 -0.364795315393
0.000000000000 0.000000000000 0.000000000000 1.000000000000
38 46 66
0.954897386796 -0.065173357652 0.289695381638 -0.519478693730
0.090466008590 0.993088183571 -0.074778077945 -0.190763584066
-0.282819521922 0.097612976103 0.954193284883 -0.235078631161
0.000000000000 0.000000000000 0.000000000000 1.000000000000
38 47 66
0.902044066068 -0.267042252201 0.339123780367 -0.861324143637
0.216111258453 0.959498787052 0.180715250090 -0.066202417113
-0.373647463314 -0.089724652046 0.923221024443 -0.136341865438
0.000000000000 0.000000000000 0.000000000000 1.000000000000
38 50 66
0.500705120244 0.061090101151 0.863459542829 -1.984733681237
-0.209301306961 0.976452333233 0.052285789922 -0.016268953434
-0.839932941053 -0.206902973552 0.501700920937 0.836597907289
0.000000000000 0.000000000000 0.000000000000 1.000000000000
38 52 66
0.809755196596 0.258669758010 -0.526674926189 1.785200780531
-0.387838320605 0.909505445956 -0.149603746100 0.012418099002
0.440315748816 0.325407129712 0.836798805733 0.055242142124
0.000000000000 0.000000000000 0.000000000000 1.000000000000
38 53 66
0.866297558170 -0.129756942015 0.482381256588 -1.101376576110
0.096621644595 0.990962981807 0.093040993565 -0.373835160001
-0.490094683203 -0.033992715202 0.871006140512 -0.637114936286
0.000000000000 0.000000000000 0.000000000000 1.000000000000
38 58 66
1.000000000000 0.000000000000 0.000000000000 0.000000000000
0.000000000000 1.000000000000 0.000000000000 0.000000000000
0.000000000000 0.000000000000 1.000000000000 0.000000000000
0.000000000000 0.000000000000 0.000000000000 1.000000000000
38 60 66
1.000000000000 0.000000000000 0.000000000000 0.000000000000
0.000000000000 1.000000000000 0.000000000000 0.000000000000
0.000000000000 0.000000000000 1.000000000000 0.000000000000
0.000000000000 0.000000000000 0.000000000000 1.000000000000
39 43 66
0.775179152592 -0.255165454024 0.577916838706 -0.917849831976
0.287994549357 0.956946821720 0.036220435395 -0.228283583227
-0.562277885861 0.138359573113 0.815291486280 0.057081326425
0.000000000000 0.000000000000 0.000000000000 1.000000000000
39 44 66
0.972589638160 -0.194923109861 0.126784766377 0.038115276002
0.207293315258 0.973852864268 -0.092952031749 0.200038065351
-0.105351208785 0.116685817471 0.987565462543 -0.664401418588
0.000000000000 0.000000000000 0.000000000000 1.000000000000
39 50 66
0.980408230846 0.190015307657 -0.051902637165 -0.794253072441
-0.195279370189 0.972126378932 -0.129754656807 0.279157445914
0.025800551691 0.137348047821 0.990186772933 -0.733236844418
0.000000000000 0.000000000000 0.000000000000 1.000000000000
39 56 66
1.000000000000 0.000000000000 0.000000000000 0.000000000000
0.000000000000 1.000000000000 0.000000000000 0.000000000000
0.000000000000 0.000000000000 1.000000000000 0.000000000000
0.000000000000 0.000000000000 0.000000000000 1.000000000000
39 57 66
-0.462336858212 0.355163332619 0.812467621940 -2.811884454095
0.832642763720 -0.141151233656 0.535520641304 -1.423141738927
0.304878102795 0.924086216973 -0.230464760943 3.175432740571
0.000000000000 0.000000000000 0.000000000000 1.000000000000
39 58 66
-0.101984063877 -0.520058738610 0.848020140746 -2.911274132216
0.220058955291 0.819551525089 0.529064602785 -1.161255958050
-0.970140869622 0.240570584484 0.030862387623 2.158679770447
0.000000000000 0.000000000000 0.000000000000 1.000000000000
39 60 66
0.135636340343 -0.825157061951 0.548378159932 -0.282051862558
0.540171977435 0.525582707693 0.657249611767 -1.302248535882
-0.830552236751 0.207071583001 0.517014836868 0.762195265150
0.000000000000 0.000000000000 0.000000000000 1.000000000000
39 62 66
1.000000000000 0.000000000000 0.000000000000 0.000000000000
0.000000000000 1.000000000000 0.000000000000 0.000000000000
0.000000000000 0.000000000000 1.000000000000 0.000000000000
0.000000000000 0.000000000000 0.000000000000 1.000000000000
39 63 66
0.773548206778 0.143384500411 0.617303861021 -1.436363044015
0.121538978079 0.922422808633 -0.366557551991 0.733259087708
-0.621973832727 0.358576417456 0.696111703857 0.310291654175
0.000000000000 0.000000000000 0.000000000000 1.000000000000
39 65 66
0.987725128202 -0.098562968850 -0.121179256850 0.033238916631
0.113681790285 0.985630431805 0.124936393650 -0.446752069157
0.107123861379 -0.137178690299 0.984736759368 -0.073402860110
0.000000000000 0.000000000000 0.000000000000 1.000000000000
40 43 66
0.989609315894 0.028713370831 0.140886281202 -0.053865759001
-0.023743805567 0.999039467266 -0.036828990518 -0.062185244415
-0.141808439779 0.033101135644 0.989340528446 -0.327656149343
0.000000000000 0.000000000000 0.000000000000 1.000000000000
40 46 66
0.511899338167 0.157151851210 -0.844548615087 2.186783668137
0.858701103099 -0.121441410071 0.497879904652 -0.713230587185
-0.024320425994 -0.980079221074 -0.197112245429 3.135408379542
0.000000000000 0.000000000000 0.000000000000 1.000000000000
40 47 66
0.838468223645 -0.055113382579 0.542156391642 -0.790496628646
0.425894442051 0.686942794442 -0.588832337252 1.188635606688
-0.339977884822 0.724618597763 0.599452187925 0.650314519490
0.000000000000 0.000000000000 0.000000000000 1.000000000000
40 53 66
0.681786949099 0.314325560446 0.660580046692 -1.632949103459
0.186536914005 0.798439735736 -0.572449096525 1.280188032923
-0.707368741005 0.513510886398 0.485732471428 0.204009719790
0.000000000000 0.000000000000 0.000000000000 1.000000000000
40 58 66
0.441323643282 -0.291495534103 0.848683566165 -1.525630917287
-0.191284129583 0.893471540842 0.406348357293 -0.880911721483
-0.876723344990 -0.341670834727 0.338551646055 0.437882533581
0.000000000000 0.000000000000 0.000000000000 1.000000000000
40 59 66
0.971649706066 -0.106744671702 0.210955975893 0.040093366238
0.099537105221 0.994037134206 0.044525728555 -0.095216777266
-0.214450957997 -0.022265463893 0.976480944889 -0.151808038367
0.000000000000 0.000000000000 0.000000000000 1.000000000000
40 60 66
0.941233938986 -0.315199639197 0.121358393002 0.130503198284
0.204405947650 0.817623490373 0.538247189083 -1.000687187993
-0.268880792670 -0.481810144601 0.834003659400 0.259346285416
0.000000000000 0.000000000000 0.000000000000 1.000000000000
40 61 66
0.910770222827 0.412862983012 0.006462079325 0.339652754904
-0.355242134436 0.775490110627 0.521936887220 -1.282332568640
0.210477141591 -0.477660177928 0.852959628171 0.306925380413
0.000000000000 0.000000000000 0.000000000000 1.000000000000
40 64 66
0.953091896104 0.097655787474 -0.286494650481 0.862040335344
0.022699800631 0.920796272787 0.389382771927 -0.797501373843
0.301828687558 -0.377620935853 0.875386698649 -0.388440112318
0.000000000000 0.000000000000 0.000000000000 1.000000000000
41 43 66
0.864232935126 -0.298797975099 -0.404748321701 0.215422391432
0.330526966904 0.943753209970 0.009044491150 -0.266500787888
0.379280052194 -0.141596782264 0.914383395114 -0.159441149105
0.000000000000 0.000000000000 0.000000000000 1.000000000000
41 44 66
0.713143572065 -0.684574245703 0.150944850000 -0.490473657024
0.693839145275 0.658547282526 -0.291380708287 0.313752298959
0.100067407810 0.312527724846 0.944623170951 -0.321571532552
0.000000000000 0.000000000000 0.000000000000 1.000000000000
41 49 66
0.859139209097 0.399569257064 0.319725238606 -0.606589766236
-0.076868442313 0.718452778330 -0.691315302800 1.310163278038
-0.505935827915 0.569359301425 0.647965218135 0.955292862717
0.000000000000 0.000000000000 0.000000000000 1.000000000000
41 50 66
0.809977084562 -0.087511052847 0.579895626913 -2.231656780338
0.318731243908 0.895710157710 -0.310022108133 0.264320762026
-0.492288042350 0.435941657798 0.753397208885 0.730011696064
0.000000000000 0.000000000000 0.000000000000 1.000000000000
41 59 66
0.964580033608 0.205830369077 0.164982477644 -1.126986588622
-0.200742359265 0.978509905135 -0.047126115357 -0.240097924657
-0.171136974265 0.012337938135 0.985169991079 -0.270221684676
0.000000000000 0.000000000000 0.000000000000 1.000000000000
41 60 66
-0.353270129704 -0.934001905549 -0.053297803792 -0.349051961755
0.880409333438 -0.351184091857 0.318667756796 -1.153632482608
-0.316353632908 0.065651915866 0.946366844775 0.320056018032
0.000000000000 0.000000000000 0.000000000000 1.000000000000
41 63 66
1.000000000000 0.000000000000 0.000000000000 0.000000000000
0.000000000000 1.000000000000 0.000000000000 0.000000000000
0.000000000000 0.000000000000 1.000000000000 0.000000000000
0.000000000000 0.000000000000 0.000000000000 1.000000000000
41 64 66
0.893656298315 -0.338107448727 0.295062321546 -0.839057922534
0.404867281435 0.891059621436 -0.205171234507 0.155832718606
-0.193548197886 0.302813645929 0.933189686470 0.309064615239
0.000000000000 0.000000000000 0.000000000000 1.000000000000
42 44 66
0.902627960007 -0.173285448048 -0.393998628561 0.903786850509
0.139018080640 0.983688172384 -0.114155826693 0.853070067327
0.407353334427 0.048267307853 0.911994258712 -0.289623708041
0.000000000000 0.000000000000 0.000000000000 1.000000000000
42 45 66
0.971815710444 0.042317424859 -0.231912613905 0.482993012111
-0.076724279418 0.986972867762 -0.141414084338 0.173948695759
0.222907177728 0.155221757028 0.962402512602 -0.451977036920
0.000000000000 0.000000000000 0.000000000000 1.000000000000
42 46 66
0.786703118538 -0.291443568809 -0.544204786346 1.218209595740
0.220725278399 0.956063994087 -0.192930014994 0.770162203151
0.576522813736 0.031658891483 0.816467488533 -0.142368300901
0.000000000000 0.000000000000 0.000000000000 1.000000000000
42 50 66
0.853299429011 -0.519539209913 0.044261651726 -0.712456060744
0.516673918671 0.831050123074 -0.205921719843 0.798721209845
0.070200756517 0.198581727007 0.977566954987 -0.928190929257
0.000000000000 0.000000000000 0.000000000000 1.000000000000
42 51 66
0.926867826470 0.285019633836 -0.244294577474 0.745439742242
-0.351509704816 0.887372772055 -0.298346259965 1.040434912213
0.131745814640 0.362399464325 0.922664439860 -0.676403939875
0.000000000000 0.000000000000 0.000000000000 1.000000000000
42 59 66
0.963541743222 0.265380457860 0.034066430024 -0.612046488004
-0.254668339214 0.948701373060 -0.187375936973 0.932718292206
-0.082044780885 0.171868895792 0.981697375258 0.298476502225
0.000000000000 0.000000000000 0.000000000000 1.000000000000
42 65 66
0.885781316570 -0.293253655774 -0.359713431207 1.053273749164
0.254187423408 0.955031535901 -0.152654902364 0.676740689058
0.388304278880 0.043784230153 0.920490482402 0.060253320054
0.000000000000 0.000000000000 0.000000000000 1.000000000000
43 46 66
-0.594678803784 0.128140229729 -0.793685833221 1.546820433948
-0.801923968277 -0.164815486013 0.574241939145 -1.361437399524
-0.057228222342 0.977965202395 0.200770997587 1.422138532581
0.000000000000 0.000000000000 0.000000000000 1.000000000000
43 47 66
-0.468331630867 0.333951196200 -0.818011052545 1.786343507421
-0.867499674154 -0.349476723611 0.353991998493 -0.823027968269
-0.167659771179 0.875409971506 0.453373557805 1.580870943103
0.000000000000 0.000000000000 0.000000000000 1.000000000000
43 49 66
-0.550544167734 0.284407776142 -0.784865170742 2.359945533573
-0.834706681753 -0.173036178370 0.522803248280 -0.789041251572
0.012879239523 0.942958481506 0.332661129897 1.842182601901
0.000000000000 0.000000000000 0.000000000000 1.000000000000
43 53 66
0.997290223253 0.073397361792 -0.005003787203 -0.588612907375
-0.073536333607 0.992569286532 -0.096946475295 0.355448733856
-0.002149010028 0.097051732155 0.995277018242 -0.635802024423
0.000000000000 0.000000000000 0.000000000000 1.000000000000
43 55 66
0.987528560075 -0.127373484577 -0.092538308080 0.369519869995
0.006454753161 0.620029723347 -0.784551769056 1.385751079440
0.157307594214 0.774169966863 0.613119224303 0.211729048252
0.000000000000 0.000000000000 0.000000000000 1.000000000000
43 58 66
0.975200861205 0.175239044316 -0.135183422257 0.218878304129
-0.213461654751 0.906059911378 -0.365362229772 1.296865690305
0.058458551615 0.385158038135 0.920997222256 -0.034916657842
0.000000000000 0.000000000000 0.000000000000 1.000000000000
43 59 66
0.933717068146 -0.308240178672 0.182100051908 -0.967137364930
0.293049783924 0.950222320291 0.105827057798 -0.553975601354
-0.205655685054 -0.045448149274 0.977568516746 -0.036715833858
0.000000000000 0.000000000000 0.000000000000 1.000000000000
43 60 66
0.996548329918 0.034153339946 0.075663567902 -0.094148742474
-0.053607910931 0.960683711179 0.272420628736 -0.808145554121
-0.063384682872 -0.275536488410 0.959198637161 0.483970751571
0.000000000000 0.000000000000 0.000000000000 1.000000000000
43 61 66
0.657829686055 0.705397545313 -0.263959101399 0.692570105993
-0.676453671133 0.707453068855 0.204745173761 -0.408939389710
0.331165419323 0.043868649793 0.942552389319 0.533942084408
0.000000000000 0.000000000000 0.000000000000 1.000000000000
43 62 66
0.992485569686 -0.069583551453 -0.100650500899 0.271269281181
0.000946427889 0.826905997622 -0.562339377396 0.955205316748
0.122358073859 0.558018458891 0.820758125941 0.304434845067
0.000000000000 0.000000000000 0.000000000000 1.000000000000
43 64 66
0.976738979387 0.045164502905 -0.209621405930 0.642858954561
-0.076465632927 0.986661112211 -0.143711017782 0.395615121431
0.200334652838 0.156396986315 0.967163900042 0.236355805170
0.000000000000 0.000000000000 0.000000000000 1.000000000000
43 65 66
0.735984039201 0.529374847112 -0.422006830853 0.645272127851
-0.244136307551 0.788940508319 0.563888586219 -1.566141200082
0.631446717765 -0.311985809899 0.709887242487 0.813015780744
0.000000000000 0.000000000000 0.000000000000 1.000000000000
44 46 66
0.995416557373 0.087595088239 -0.038379393231 -0.596859712541
-0.090317496427 0.992999282116 -0.076126050440 0.246032174674
0.031442441821 0.079243461766 0.996359295947 -0.030244155383
0.000000000000 0.000000000000 0.000000000000 1.000000000000
44 47 66
-0.769881305579 0.582734418774 0.260198717322 -0.135533222134
-0.190916986737 -0.599345660698 0.777390174351 -1.964353865528
0.608960983557 0.548821807310 0.572678919052 1.243838702278
0.000000000000 0.000000000000 0.000000000000 1.000000000000
44 48 66
0.064199491696 -0.010309085550 -0.997883834933 2.546129586555
0.971496414152 -0.228009289214 0.064857392190 -0.901324210026
-0.228195404326 -0.973604378989 -0.004622840825 2.354172240935
0.000000000000 0.000000000000 0.000000000000 1.000000000000
44 49 66
-0.244505830509 0.964250455527 -0.102166324510 1.042693879547
-0.969459423334 -0.241020672307 0.045359255170 0.012407161566
0.019113486240 0.110136708400 0.993732650217 0.201254361352
0.000000000000 0.000000000000 0.000000000000 1.000000000000
44 50 66
0.977651704963 0.210230435610 -0.000554730381 -1.507870532100
-0.210149046289 0.977192663580 -0.030526653760 0.212955315204
-0.005875553259 0.029961011156 0.999533799171 0.010289632085
0.000000000000 0.000000000000 0.000000000000 1.000000000000
44 53 66
0.890610465319 -0.401978183372 0.212665321944 -1.656239450777
0.452075313371 0.833373704376 -0.317987704000 0.580981993204
-0.049405567552 0.379343919086 0.923935755855 0.153406338175
0.000000000000 0.000000000000 0.000000000000 1.000000000000
44 56 66
0.954220071146 0.175416753300 -0.242266420463 0.927582445264
-0.130086618143 0.972743879040 0.191955248876 -0.222409892371
0.269335344139 -0.151651931912 0.951031105666 0.467753804473
0.000000000000 0.000000000000 0.000000000000 1.000000000000
44 57 66
0.917547813555 0.397546381496 0.007929968530 -0.060600293671
-0.318985903807 0.747841816683 -0.582220413926 1.576441862288
-0.237389980861 0.531685519626 0.812992315589 0.479008069433
0.000000000000 0.000000000000 0.000000000000 1.000000000000
44 64 66
0.575307054259 0.398959590012 -0.714039942060 1.663225444159
-0.447214025618 0.884362385015 0.133801297684 -0.320257900267
0.684851377023 0.242351846514 0.687200242928 1.383025411159
0.000000000000 0.000000000000 0.000000000000 1.000000000000
45 47 66
0.981641039673 -0.103650249544 0.160117128999 -0.718088581852
0.007865458328 0.860745900845 0.508974094373 0.150228172322
-0.190575454334 -0.498370464562 0.845758757719 0.102988951326
0.000000000000 0.000000000000 0.000000000000 1.000000000000
45 49 66
0.786930152504 -0.222242389568 0.575629442749 -1.653867539876
-0.012249283934 0.927074808693 0.374676199043 0.483985250648
-0.616920489305 -0.301895046937 0.726820810455 0.570949841810
0.000000000000 0.000000000000 0.000000000000 1.000000000000
45 50 66
0.969419633309 -0.155686738706 0.189702962409 -1.140604917562
0.175493178846 0.980132738593 -0.092422718615 0.744564697122
-0.171545092422 0.122887973899 0.977481880721 0.228636831358
0.000000000000 0.000000000000 0.000000000000 1.000000000000
45 53 66
0.965718090181 0.136433445213 0.220849463039 -0.930024724697
-0.120897880077 0.989234038404 -0.082460413874 0.940675150505
-0.229722164560 0.052933281505 0.971815720607 0.049791201696
0.000000000000 0.000000000000 0.000000000000 1.000000000000
45 54 66
0.820696546455 0.268266224136 0.504470426907 -1.525490144010
-0.332763867128 0.942146819390 0.040343270154 0.655633590481
-0.464462471434 -0.200979112597 0.862485947091 0.585733043692
0.000000000000 0.000000000000 0.000000000000 1.000000000000
45 57 66
0.742140986533 0.466431937687 -0.481319024778 1.697288258134
-0.581848652694 0.804803000124 -0.117235985726 0.836408846608
0.332684387170 0.367060456187 0.868670086993 0.458599489582
0.000000000000 0.000000000000 0.000000000000 1.000000000000
45 62 66
0.899999671394 0.403994990012 0.163672354221 0.456589241973
-0.424091320240 0.898338508062 0.114605746058 0.038314404535
-0.100733031268 -0.172557158580 0.979835130741 0.414889004967
0.000000000000 0.000000000000 0.000000000000 1.000000000000
45 64 66
0.941505929931 0.196808573422 0.273556153892 -0.128494434505
-0.287580375729 0.892396922118 0.347743096106 -0.123352985285
-0.175681847098 -0.406071568596 0.896795277518 0.259827154754
0.000000000000 0.000000000000 0.000000000000 1.000000000000
45 65 66
0.954195030076 0.286779339435 -0.085261099291 1.093495146993
-0.293239046536 0.952984335072 -0.076365690559 0.748133409840
0.059352389721 0.097869645862 0.993427816327 0.127988037577
0.000000000000 0.000000000000 0.000000000000 1.000000000000
46 49 66
0.908414630382 -0.101041733000 0.405676505975 -1.016588497056
-0.022711065300 0.956994899941 0.289214399710 0.333279274865
-0.417453071400 -0.271939937632 0.867053402911 -0.099444795027
0.000000000000 0.000000000000 0.000000000000 1.000000000000
46 50 66
0.779746353830 -0.371614787926 -0.503882995430 1.309537458639
0.111283152330 0.874248499943 -0.472552240874 1.359695632632
0.616126353677 0.312397198679 0.723046545225 0.230473879877
0.000000000000 0.000000000000 0.000000000000 1.000000000000
46 52 66
0.987833896598 0.129627458212 0.085912250635 -0.121873812910
-0.138818965845 0.984029218000 0.111426176656 -0.057610460042
-0.070096272751 -0.121996804056 0.990052166477 -0.588472340113
0.000000000000 0.000000000000 0.000000000000 1.000000000000
46 53 66
0.992340465793 0.064091175089 0.105606444997 -0.283946469721
-0.083168324236 0.978733934011 0.187517775847 -0.325667205331
-0.091342376765 -0.194864588087 0.976567643595 -0.490232923275
0.000000000000 0.000000000000 0.000000000000 1.000000000000
46 56 66
-0.732999467797 -0.001939101733 0.680226447658 -1.740107263013
0.454625370264 0.742455093664 0.492012404930 -0.448167432938
-0.505991653016 0.669893031593 -0.543337623675 2.849649131462
0.000000000000 0.000000000000 0.000000000000 1.000000000000
46 57 66
0.776914689259 0.316689204397 -0.544161293581 1.742940765014
-0.320573555994 0.942840449535 0.091019129403 0.152106656844
0.541882054335 0.103729622281 0.834028779270 0.228097568876
0.000000000000 0.000000000000 0.000000000000 1.000000000000
47 49 66
0.998287785335 0.048302272244 -0.032990728183 -0.155169334103
-0.049401447378 0.998221814798 -0.033357239975 0.123432362221
0.031320834072 0.034929914942 0.998898846929 0.032795458245
0.000000000000 0.000000000000 0.000000000000 1.000000000000
47 50 66
0.989978870740 0.121044661612 0.072732560684 -0.891194453708
-0.088485485575 0.933111765144 -0.348529414242 -0.058156098222
-0.110055233092 0.338600979982 0.934471627191 0.300089868309
0.000000000000 0.000000000000 0.000000000000 1.000000000000
47 57 66
0.938587824013 -0.099237534823 0.330461508042 -0.232838820007
0.166805587559 0.968894826154 -0.182807854895 -0.080158243903
-0.302041044519 0.226704052752 0.925946261881 0.080611057058
0.000000000000 0.000000000000 0.000000000000 1.000000000000
47 59 66
0.989971735942 0.106325161681 0.093010332922 -0.239431018839
-0.101884117839 0.993474072592 -0.051272737590 0.192538733201
-0.097854936355 0.041282285318 0.994344097559 -0.477083792654
0.000000000000 0.000000000000 0.000000000000 1.000000000000
47 60 66
0.336243742717 -0.841958059341 -0.421955888445 1.057278928666
0.292441341608 -0.332550219945 0.896598244998 -1.999260119825
-0.895219641877 -0.424872895728 0.134405413856 2.026180534205
0.000000000000 0.000000000000 0.000000000000 1.000000000000
48 57 66
0.899180058629 -0.167891270956 0.404088781458 -0.529892625278
0.302326401929 0.905975671827 -0.296322170542 -0.288946943114
-0.316344699435 0.388613694039 0.865393221573 0.438075913722
0.000000000000 0.000000000000 0.000000000000 1.000000000000
48 58 66
0.957333906666 0.286042933114 0.041124585868 0.300092691605
-0.282311132395 0.956114639035 -0.078391463490 -0.520388832953
-0.061743142720 0.063436877586 0.996074066969 -0.230685710051
0.000000000000 0.000000000000 0.000000000000 1.000000000000
48 59 66
0.422205338575 0.651040797900 -0.630784060950 0.943699644281
-0.663397520322 0.696121641841 0.274441960696 -0.981945138477
0.617775349225 0.302589720958 0.725805124438 0.504691334374
0.000000000000 0.000000000000 0.000000000000 1.000000000000
48 60 66
0.953728837124 0.166485236216 -0.250367672356 0.535849198202
0.028137971973 0.779628178351 0.625610228541 -1.630781177330
0.299348558994 -0.603707354307 0.738869319017 0.886357825900
0.000000000000 0.000000000000 0.000000000000 1.000000000000
49 53 66
0.203670513387 0.500522606671 0.841424650333 -2.311472021716
-0.856475714178 -0.325276511454 0.400804867885 -1.472705601552
0.474307572152 -0.802291911531 0.362436222930 1.722788189658
0.000000000000 0.000000000000 0.000000000000 1.000000000000
49 54 66
-0.581435085450 0.349828804230 0.734542748340 -1.167362960000
0.541645628550 -0.507238944444 0.670319823899 -2.898781202038
0.607085870763 0.787609332709 0.105443276454 1.591223719218
0.000000000000 0.000000000000 0.000000000000 1.000000000000
49 58 66
0.850826154697 0.264446551033 0.454051622759 -0.430095423598
-0.399214186186 0.887187588677 0.231357334108 -0.723727641041
-0.341647315269 -0.378108720006 0.860413219229 -0.308159936666
0.000000000000 0.000000000000 0.000000000000 1.000000000000
49 59 66
0.878369214909 0.474320547648 -0.059055400936 0.119463254477
-0.459453269559 0.871916619093 0.169304762016 -0.656047099047
0.131796112962 -0.121578893847 0.983792842614 0.168114695104
0.000000000000 0.000000000000 0.000000000000 1.000000000000
49 60 66
0.602608608254 0.646349255126 -0.468076388698 0.969249979668
-0.301486187567 0.727453065235 0.616374980500 -1.371053793726
0.738897113247 -0.230314303243 0.633234851976 1.037448515757
0.000000000000 0.000000000000 0.000000000000 1.000000000000
50 52 66
0.966917413306 -0.019160326709 0.254369018801 -0.900939353670
-0.025940406241 0.984620175362 0.172772120420 -0.406559197814
-0.253767238172 -0.173654807450 0.951549366391 0.177796406594
0.000000000000 0.000000000000 0.000000000000 1.000000000000
50 53 66
0.980295008519 -0.122755413395 0.154766936895 -0.412478664392
0.103313734689 0.986382027637 0.127971746020 -0.345099937445
-0.168368549611 -0.109460513597 0.979627698396 0.143803212599
0.000000000000 0.000000000000 0.000000000000 1.000000000000
50 54 66
0.920538283690 -0.097645165949 -0.378252151122 0.990808074490
0.152037263833 0.981467797543 0.116643185798 -0.525720719144
0.359852662444 -0.164882940154 0.918324385704 0.020502121107
0.000000000000 0.000000000000 0.000000000000 1.000000000000
51 53 66
0.959209153494 -0.229547383869 0.165002419412 -0.245186284275
0.249521745812 0.961812758861 -0.112494956597 0.423556652157
-0.132878509248 0.149077883844 0.979856666216 0.209822509804
0.000000000000 0.000000000000 0.000000000000 1.000000000000
52 57 66
0.994974047472 -0.045240124681 -0.089330711265 0.583183157105
0.049265354400 0.997843208996 0.043380354029 0.190017064038
0.087175510966 -0.047563235578 0.995056867174 0.074794208322
0.000000000000 0.000000000000 0.000000000000 1.000000000000
53 57 66
0.997846795941 0.061897019227 -0.021691722857 0.416510044352
-0.064899770926 0.979596364536 -0.190207734654 0.606737286000
0.009475841042 0.191205966432 0.981504196037 0.328881223308
0.000000000000 0.000000000000 0.000000000000 1.000000000000
53 60 66
0.987435749811 -0.121823982691 0.100645701526 0.346276673406
0.054599795510 0.860714846484 0.506150980807 -0.608683394360
-0.148288577863 -0.494296338528 0.856552174355 1.304981540187
0.000000000000 0.000000000000 0.000000000000 1.000000000000
53 62 66
0.943492237016 -0.179031126878 -0.278873186771 1.347002548860
0.141494855532 0.978582003335 -0.149520796569 0.311031262561
0.299669158488 0.101612589561 0.948616506863 1.004984770337
0.000000000000 0.000000000000 0.000000000000 1.000000000000
53 64 66
0.886103033062 -0.133333916166 -0.443895800383 1.666682377696
0.074991679932 0.986352915286 -0.146574808365 0.549356214464
0.457381310001 0.096591890477 0.884009244270 0.738756538028
0.000000000000 0.000000000000 0.000000000000 1.000000000000
54 64 66
0.913704954631 -0.163420601813 -0.372071179731 1.276859849609
0.231434249041 0.961851534675 0.145876021379 0.161625237790
0.334038088029 -0.219397657566 0.916669637111 0.615468385922
0.000000000000 0.000000000000 0.000000000000 1.000000000000
55 59 66
0.961266588556 0.176765853681 -0.211471933597 0.536667665883
-0.089778552030 0.926226685970 0.366120113886 -0.065353421292
0.260588482712 -0.332953388883 0.906220549044 -0.050173594585
0.000000000000 0.000000000000 0.000000000000 1.000000000000
56 58 66
0.683701836112 -0.309509378407 0.660874983621 -2.280783537286
0.083494901565 0.932834270882 0.350497966442 -0.536395478242
-0.724969241217 -0.184456411505 0.663622958874 0.516537327639
0.000000000000 0.000000000000 0.000000000000 1.000000000000
57 62 66
1.000000000000 0.000000000000 0.000000000000 0.000000000000
0.000000000000 1.000000000000 0.000000000000 0.000000000000
0.000000000000 0.000000000000 1.000000000000 0.000000000000
0.000000000000 0.000000000000 0.000000000000 1.000000000000
57 64 66
0.979528590399 -0.044429073532 0.196341024792 -0.405886960024
0.058406087736 0.996110254888 -0.065977943446 0.236505298607
-0.192645969350 0.076094793061 0.978313402219 -0.043474198828
0.000000000000 0.000000000000 0.000000000000 1.000000000000
58 60 66
0.989974551377 0.004227938460 -0.141182549074 0.131921368703
0.000797273877 0.999368711587 0.035518201743 -0.230133074093
0.141243590938 -0.035274676994 0.989346221088 0.554590935593
0.000000000000 0.000000000000 0.000000000000 1.000000000000
58 61 66
0.266924641594 0.514576237298 -0.814838960604 0.939883257101
-0.414603617697 0.824586725716 0.384916318133 -0.953101265108
0.869974181170 0.235091530646 0.433447685790 1.513071837554
0.000000000000 0.000000000000 0.000000000000 1.000000000000
58 63 66
0.986444771194 -0.127224290117 0.103637316577 -0.263355455256
0.129012910362 0.991585029673 -0.010714377680 -0.009763296072
-0.101402082539 0.023939693673 0.994557443652 0.062132964021
0.000000000000 0.000000000000 0.000000000000 1.000000000000
59 61 66
-0.959574159195 0.015897156042 0.281006607458 -0.483725452892
0.221638029319 0.658049043702 0.719616592389 -1.623707784631
-0.173476272053 0.752807237287 -0.634970272157 3.535323032855
0.000000000000 0.000000000000 0.000000000000 1.000000000000
59 62 66
0.842670729614 0.034009281385 -0.537354082735 1.311037936781
-0.118464835972 0.985258440111 -0.123417538578 0.088479560743
0.525235303545 0.167657910551 0.834277352527 0.408527487340
0.000000000000 0.000000000000 0.000000000000 1.000000000000
59 63 66
0.091197082245 0.456508242311 -0.885032946783 2.298750825127
-0.381212785691 0.837043371905 0.392473190901 -1.089139740362
0.919978208555 0.301593465202 0.250362691972 1.813633192952
0.000000000000 0.000000000000 0.000000000000 1.000000000000
60 62 66
0.949414853524 -0.297421484349 0.100756620406 -0.354052647221
0.307214691548 0.946174907693 -0.101843887143 0.058257944297
-0.065042825926 0.127646013254 0.989684760970 -0.279257559903
0.000000000000 0.000000000000 0.000000000000 1.000000000000
60 63 66
0.656340268072 0.324136166527 -0.681287896602 1.617175674844
-0.427755678534 0.903717742234 0.017869578974 0.096615855997
0.621484136555 0.279696242234 0.731797431050 0.109604692099
0.000000000000 0.000000000000 0.000000000000 1.000000000000
60 65 66
0.588020453994 0.273046771898 -0.761365487818 1.823971603369
-0.496631361007 0.864852432483 -0.073400008804 -0.340781520988
0.638427158687 0.421278684939 0.644154509933 0.706253005501
0.000000000000 0.000000000000 0.000000000000 1.000000000000
61 63 66
0.973079426092 0.118647054165 -0.197583671021 0.363502939142
-0.154232220025 0.972281044244 -0.175732732607 0.395058701402
0.171256686942 0.201475674813 0.964405879097 -0.302933600898
0.000000000000 0.000000000000 0.000000000000 1.000000000000
61 64 66
0.845582802467 0.062634107389 -0.530157234001 0.928289300036
-0.102401465922 0.993682195507 -0.045930753417 0.248720431715
0.523930972504 0.093127133125 0.846654400052 -0.105045618998
0.000000000000 0.000000000000 0.000000000000 1.000000000000
62 64 66
0.947883552452 0.088513729343 -0.306075302352 0.598280503674
-0.130970011632 0.983968705881 -0.121047271346 0.430156798257
0.290454173743 0.154825403487 0.944280396593 -0.152870884408
0.000000000000 0.000000000000 0.000000000000 1.000000000000
62 65 66
0.997299588679 -0.046578866820 -0.056779746262 -0.073524035727
0.049451071232 0.997510384149 0.050275491741 -0.197498146772
0.054296611072 -0.052947546511 0.997120070676 0.045990233635
0.000000000000 0.000000000000 0.000000000000 1.000000000000
63 65 66
0.950225642780 -0.068182518283 0.304010480090 -1.025169411202
0.051672894144 0.996735510413 0.062034138115 -0.366519950801
-0.307247684800 -0.043237327408 0.950646829114 0.195694772652
0.000000000000 0.000000000000 0.000000000000 1.000000000000
