0 3 60
0.263644615696 0.153475308115 -0.952332319316 2.076065381191
-0.783754712360 0.609615787275 -0.118731389100 0.271697499070
0.562334480063 0.777697834447 0.281008915924 1.728867541355
0.000000000000 0.000000000000 0.000000000000 1.000000000000
0 7 60
0.275113363756 -0.952885754358 0.127755141679 -0.445275523265
0.933359259751 0.296583122490 0.202185419088 -0.498678993685
-0.230549624421 0.063617533719 0.970978722775 -0.246293418512
0.000000000000 0.000000000000 0.000000000000 1.000000000000
0 9 60
0.964643129842 0.222577440873 -0.141148556009 0.824906153866
-0.133504334175 0.874410153020 0.466458440863 -1.124552883258
0.227244856499 -0.431121986345 0.873208799821 0.523374837979
0.000000000000 0.000000000000 0.000000000000 1.000000000000
0 10 60
0.721152333929 0.606637728918 0.334559377573 -0.313556144591
-0.600400995217 0.788214400924 -0.135043337927 -0.132439103253
-0.345626903193 -0.103482964927 0.932648551041 0.104078452697
0.000000000000 0.000000000000 0.000000000000 1.000000000000
0 11 60
0.702594957395 -0.710941117135 -0.030381800644 -0.142168156651
0.546139095605 0.566114216495 -0.617451846004 1.106397961446
0.456171474442 0.417225864310 0.786021732560 0.792514365526
0.000000000000 0.000000000000 0.000000000000 1.000000000000
0 12 60
-0.049551801828 -0.910070435373 0.411480766981 -1.161501604919
-0.955173652020 -0.077214194930 -0.285799339726 0.121858517091
0.291869685685 -0.407197459178 -0.865449198866 4.001997790784
0.000000000000 0.000000000000 0.000000000000 1.000000000000
0 18 60
0.838305375246 0.116659044758 -0.532573718006 0.226341041030
-0.238523969835 0.956869593686 -0.165852031924 0.510227820302
0.490255457541 0.266066247306 0.829974902269 1.256305150556
0.000000000000 0.000000000000 0.000000000000 1.000000000000
0 19 60
0.923524448120 -0.382429782619 0.029155704272 1.123205582002
0.380949475402 0.923453139693 0.045954281420 0.429418239636
-0.044498212504 -0.031333052140 0.998517976267 1.593937139885
0.000000000000 0.000000000000 0.000000000000 1.000000000000
0 20 60
-0.015705374949 0.894530589372 0.446730753224 -1.117459967758
-0.991533049827 0.043664970942 -0.122293014571 -0.386213770476
-0.128901327758 -0.444868963843 0.886270868703 1.431491686167
0.000000000000 0.000000000000 0.000000000000 1.000000000000
0 22 60
0.978898107607 -0.110750254387 0.171734900576 1.029230088314
0.073608012512 0.975086793585 0.209254881593 0.603869876979
-0.190631464918 -0.192198142889 0.962662723104 1.659478087860
0.000000000000 0.000000000000 0.000000000000 1.000000000000
0 23 60
-0.953972976714 0.274722139055 -0.120263485783 -0.641128456030
-0.214179475175 -0.904828675843 -0.367983993927 -0.281409590892
-0.209911200543 -0.325288815801 0.922021948872 1.557954325937
0.000000000000 0.000000000000 0.000000000000 1.000000000000
0 24 60
0.966112477369 0.184638017944 0.180375950178 -0.331247617775
-0.257182389249 0.629006505491 0.733626631680 -1.151441999003
0.021997721088 -0.755155360426 0.655176679902 1.611075231875
0.000000000000 0.000000000000 0.000000000000 1.000000000000
0 30 60
0.852870101885 0.437895374509 0.284359333053 -0.690261620793
0.307945859956 -0.861683278794 0.403325271194 -0.753260257997
0.421641953139 -0.256416785782 -0.869751973451 4.711126996890
0.000000000000 0.000000000000 0.000000000000 1.000000000000
0 34 60
0.561838968418 0.132379664007 0.816585940440 -1.370714097635
0.194555451248 -0.980570251260 0.025102962656 -0.692500251621
0.804043002555 0.144767423482 -0.576677763696 2.747601432292
0.000000000000 0.000000000000 0.000000000000 1.000000000000
0 37 60
0.546765306940 0.560820196749 -0.621714087058 -0.054598562575
-0.786521400541 0.598641888716 -0.151696986015 0.785281371077
0.287109361774 0.571934083609 0.768413702629 0.538175971003
0.000000000000 0.000000000000 0.000000000000 1.000000000000
0 39 60
0.751974588701 0.432556924503 -0.497422079337 1.400331752244
-0.580783502821 0.791682408791 -0.189550749041 0.614754613367
0.311808820913 0.431431884166 0.846546979515 0.013079658427
0.000000000000 0.000000000000 0.000000000000 1.000000000000
0 45 60
0.990305762280 -0.094991080119 0.101346888920 0.335720344656
0.111889671395 0.977869969459 -0.176779592331 0.018195486706
-0.082311594755 0.186405519037 0.979018786256 -0.442383051109
0.000000000000 0.000000000000 0.000000000000 1.000000000000
0 54 60
0.357352328646 -0.734642717735 0.576714305779 -1.392195243695
0.789718989026 0.567346100379 0.233371636571 -0.583895287687
-0.498641385750 0.372046340748 0.782903754464 1.176323428273
0.000000000000 0.000000000000 0.000000000000 1.000000000000
0 57 60
0.718263002550 -0.286334465861 0.634122096151 -1.275590069738
0.299570774757 0.949859029826 0.089583337563 -0.176552860202
-0.627977396153 0.125620050618 0.768026036540 0.399020439169
0.000000000000 0.000000000000 0.000000000000 1.000000000000
0 59 60
-0.338473703692 0.926400097629 0.164980032190 -0.008633516568
-0.940853726272 -0.336012143948 -0.043475336446 -0.332692370261
0.015159738397 -0.169937336193 0.985338258721 0.579067762689
0.000000000000 0.000000000000 0.000000000000 1.000000000000
1 3 60
0.778865360996 0.048133035308 -0.625341474999 1.480251247005
0.010713272541 0.995884373709 0.089997444368 -0.145887464759
0.627099653351 -0.076795345649 0.775144179914 0.803396862882
0.000000000000 0.000000000000 0.000000000000 1.000000000000
1 5 60
0.856049744348 -0.013305384728 -0.516722170939 1.345557836689
0.075427707129 0.992183388052 0.099412199813 0.045300651857
0.511360436678 -0.124076956811 0.850361930350 0.451558654672
0.000000000000 0.000000000000 0.000000000000 1.000000000000
1 7 60
1.000000000000 0.000000000000 0.000000000000 0.000000000000
0.000000000000 1.000000000000 0.000000000000 0.000000000000
0.000000000000 0.000000000000 1.000000000000 0.000000000000
0.000000000000 0.000000000000 0.000000000000 1.000000000000
1 9 60
0.423201900678 0.610870454001 0.669131855236 -0.363337648615
-0.619183092006 -0.344162749770 0.705807551847 -1.735590581187
0.661447238891 -0.713014228539 0.232590326678 2.890497579205
0.000000000000 0.000000000000 0.000000000000 1.000000000000
1 17 60
-0.715476990583 0.688607810442 -0.117948969242 1.130648547211
-0.176364737195 -0.014663919923 0.984215651637 -0.854302275047
0.676008990636 0.724985691480 0.131937832815 2.368689437147
0.000000000000 0.000000000000 0.000000000000 1.000000000000
1 18 60
0.873323722625 0.193275875113 -0.447157815094 1.612955948461
0.023310519307 0.900292084808 0.434661686512 -0.306999734173
0.486582259428 -0.390023843029 0.781741073936 1.568328380912
0.000000000000 0.000000000000 0.000000000000 1.000000000000
1 19 60
-0.297169900137 -0.954502856792 0.024786020834 0.058510143679
0.297478240868 -0.067886181139 0.952312009071 -0.260845724361
-0.907301904915 0.290371766511 0.304117560412 2.512382218299
0.000000000000 0.000000000000 0.000000000000 1.000000000000
1 20 60
0.617828197040 0.251467587252 0.745018369910 0.366202065024
0.509322574390 -0.849837627605 -0.135523141650 0.672615418838
0.599064966559 0.463184692393 -0.653131768155 2.541233981766
0.000000000000 0.000000000000 0.000000000000 1.000000000000
1 21 60
-0.245905930594 0.969276650986 0.005748665265 1.210453700672
0.676039370287 0.175755626212 -0.715598162153 1.015576974268
-0.694622950327 -0.172083507950 -0.698488527587 2.698004659388
0.000000000000 0.000000000000 0.000000000000 1.000000000000
1 22 60
-0.992235445233 0.061837192747 -0.107911921564 -0.174030932268
0.089023548306 -0.252790214439 -0.963416792116 1.233452959686
-0.086854067662 -0.965542991833 0.245322444659 2.619083724152
0.000000000000 0.000000000000 0.000000000000 1.000000000000
1 23 60
0.335507979324 -0.717370963394 -0.610584389490 1.427149537338
0.738687469661 0.602576468878 -0.302063604760 0.898987689261
0.584615444524 -0.349686288026 0.732082155219 1.602835855497
0.000000000000 0.000000000000 0.000000000000 1.000000000000
1 33 60
0.831609674790 0.082392502320 0.549214734287 -1.411851277698
0.036959114916 0.978530601611 -0.202760660718 -0.039164575801
-0.554129382564 0.188916217598 0.810710361416 1.786276656525
0.000000000000 0.000000000000 0.000000000000 1.000000000000
1 37 60
0.789070153318 0.048807367535 0.612361114063 -0.968321783954
0.500015723196 0.528060725683 -0.686393579915 1.231398313645
-0.356864918001 0.847802872645 0.392272506601 1.855177831870
0.000000000000 0.000000000000 0.000000000000 1.000000000000
1 53 60
0.927220613835 -0.347828938184 0.138841503307 0.929206634935
0.309983789927 0.920810521783 0.236681289833 0.193632818924
-0.210171318836 -0.176417155448 0.961615829738 1.343408802493
0.000000000000 0.000000000000 0.000000000000 1.000000000000
1 59 60
0.945649198507 -0.020561401449 -0.324537859321 1.104102427061
0.051724253504 0.994804113230 0.087689097951 -0.231237651022
0.321048586606 -0.099709603702 0.941799235489 1.079491593954
0.000000000000 0.000000000000 0.000000000000 1.000000000000
2 8 60
0.944137588191 -0.328767905841 0.022712962223 0.628219357539
0.327096510153 0.943272784071 0.056959001715 -0.057623413386
-0.040150810823 -0.046347803826 0.998118126011 0.593368344453
0.000000000000 0.000000000000 0.000000000000 1.000000000000
2 9 60
0.815204691707 0.560296727436 0.146659087152 0.919299475420
-0.524695118154 0.607239250962 0.596620084372 -1.393084873477
0.245227126567 -0.563318799008 0.789009243976 1.129865111879
0.000000000000 0.000000000000 0.000000000000 1.000000000000
2 11 60
0.634506471595 0.588377548947 -0.501211928628 1.391752659423
-0.537699638229 0.801851117331 0.260602925317 -0.840496654333
0.555230255437 0.104147230069 0.825150118413 0.872279192485
0.000000000000 0.000000000000 0.000000000000 1.000000000000
2 12 60
0.927635680298 -0.162003644611 0.336521713670 0.076529699263
0.076394964127 0.964281132682 0.253625130081 -0.424387368789
-0.365589734668 -0.209563155840 0.906877847133 0.708022320551
0.000000000000 0.000000000000 0.000000000000 1.000000000000
2 14 60
0.044169466557 0.980066560215 -0.193697175439 0.562212405766
-0.545577036677 0.186084907393 0.817140198675 -2.515304948285
0.836895904683 0.069584084311 0.542921080762 1.645664197754
0.000000000000 0.000000000000 0.000000000000 1.000000000000
2 15 60
0.540974105401 0.830013135328 -0.135739502245 1.327581872402
-0.445513267307 0.419697641906 0.790804538449 -1.886439332781
0.713347703395 -0.367331028586 0.596827420196 1.532436425697
0.000000000000 0.000000000000 0.000000000000 1.000000000000
2 17 60
0.880412749748 -0.200326573916 0.429817000437 0.525559002582
-0.078012561852 0.832853596081 0.547967998781 -0.226810718187
-0.467747186282 -0.515969137912 0.717626935425 1.287387651503
0.000000000000 0.000000000000 0.000000000000 1.000000000000
2 18 60
0.868493791298 -0.483669278511 0.108547517251 0.555612465658
0.369928338446 0.778164715931 0.507555612021 -0.116578572769
-0.329956904597 -0.400654095080 0.854754196950 1.270407758528
0.000000000000 0.000000000000 0.000000000000 1.000000000000
2 19 60
0.916802979537 0.396180584904 -0.050132233726 -0.862927232393
-0.364178262459 0.880972932092 0.302094167559 -0.080542505646
0.163848984938 -0.258703763147 0.951958966063 2.338435857664
0.000000000000 0.000000000000 0.000000000000 1.000000000000
2 21 60
0.941419651840 0.326847538255 0.083064588517 0.290736394431
-0.337174291603 0.917008623269 0.213093129718 0.408863698797
-0.006521979091 -0.228617303779 0.973494526026 1.305273727519
0.000000000000 0.000000000000 0.000000000000 1.000000000000
2 22 60
0.958023743059 0.229365008035 0.171994769756 -0.850928550031
-0.276322753526 0.898619111513 0.340777681646 0.131076271498
-0.076395311494 -0.373999178492 0.924277215379 2.504234066944
0.000000000000 0.000000000000 0.000000000000 1.000000000000
2 23 60
0.729374128305 0.679213827021 -0.081743245246 0.391384026311
0.528457201595 -0.635262893034 -0.563182068976 1.089704325588
-0.434449498840 0.367572624005 -0.822279757163 2.451617909842
0.000000000000 0.000000000000 0.000000000000 1.000000000000
2 24 60
0.366174887431 0.929077634275 0.052256112609 0.710856057723
-0.350136805845 0.189592760438 -0.917310635707 1.127864785061
-0.862160175958 0.317599330415 0.394728382958 1.271287025527
0.000000000000 0.000000000000 0.000000000000 1.000000000000
2 25 60
0.513004606883 0.111768086236 0.851078238598 -0.227722816777
0.793708340698 -0.439334764709 -0.420727981509 0.834655337588
0.326884296384 0.891343289321 -0.314092020529 2.689929836981
0.000000000000 0.000000000000 0.000000000000 1.000000000000
2 30 60
0.088198845597 0.280247223897 -0.955867384700 1.173350655751
-0.818148887383 0.567764876345 0.090969463359 0.198019984146
0.568201867042 0.774018435625 0.279360161087 1.449290759218
0.000000000000 0.000000000000 0.000000000000 1.000000000000
2 34 60
0.873654744450 0.440904288412 -0.205744491930 0.426430869124
-0.465851296645 0.636006397265 -0.615206007815 1.302416055190
-0.140392154033 0.633323985885 0.761045840925 0.707175184068
0.000000000000 0.000000000000 0.000000000000 1.000000000000
2 46 60
0.751317551833 0.631350018282 0.192143411865 -0.638183155030
-0.608070448066 0.775419222599 -0.170221501031 0.646865827823
-0.256461042843 0.011053670879 0.966491360470 -0.362140978449
0.000000000000 0.000000000000 0.000000000000 1.000000000000
2 47 60
0.894532816184 0.240501572578 0.376789111252 -0.187531069537
-0.344323924695 0.908255386351 0.237725026128 -0.384824498039
-0.285047497188 -0.342390342668 0.895274693932 0.280571809626
0.000000000000 0.000000000000 0.000000000000 1.000000000000
2 52 60
0.765202115285 -0.607885231107 -0.211993557839 0.616732408944
0.642501821288 0.700258548832 0.311174186637 0.059798235164
-0.040707891184 -0.374317392850 0.926406690933 0.706982537639
0.000000000000 0.000000000000 0.000000000000 1.000000000000
2 53 60
-0.129309769162 0.991416612069 0.019289502679 0.737886034496
0.560466297905 0.089121088861 -0.823368058910 1.085311369627
-0.818019872932 -0.095658417478 -0.567179825676 2.611572550871
0.000000000000 0.000000000000 0.000000000000 1.000000000000
2 54 60
0.501721093011 0.578880628037 -0.642785472231 1.354369750808
-0.347647645683 0.815364723911 0.462948681230 -0.059964087589
0.792096622439 -0.008808262254 0.610332167952 1.810949472834
0.000000000000 0.000000000000 0.000000000000 1.000000000000
2 57 60
0.823611894525 0.519236330326 -0.228160207895 0.893231634501
-0.445722426488 0.841345481383 0.305727492191 -0.594483862073
0.350706381069 -0.150104677561 0.924377422946 0.923841722161
0.000000000000 0.000000000000 0.000000000000 1.000000000000
2 59 60
0.606424628955 -0.713172737289 0.351616006725 -0.839806189826
-0.187366647996 0.301586773649 0.934847130380 -1.830268657922
-0.772750223951 -0.632795436732 0.049264862080 2.338146420898
0.000000000000 0.000000000000 0.000000000000 1.000000000000
3 5 60
0.974802819420 0.010589340342 0.222816806194 -0.453547208203
-0.032966590206 0.994743062145 0.096950731013 -0.125223533164
-0.220618827804 -0.101853356277 0.970027436021 -0.188453257441
0.000000000000 0.000000000000 0.000000000000 1.000000000000
3 6 60
0.961075464102 0.185216871123 0.205008933835 -0.631391017839
-0.136948611621 0.963805092783 -0.228746193195 0.078199965985
-0.239956308681 0.191766664928 0.951654620199 0.018908460713
0.000000000000 0.000000000000 0.000000000000 1.000000000000
3 7 60
0.999040817335 -0.015910796486 -0.040795733289 -0.266852291613
0.013868091998 0.998659198318 -0.049874659290 -0.091707216349
0.041534579855 0.049261061399 0.997921954116 -0.020015962245
0.000000000000 0.000000000000 0.000000000000 1.000000000000
3 8 60
0.930051673027 -0.367018176231 0.017365017031 -0.192673167800
-0.366883947129 -0.930207626068 -0.010485310894 -0.992099639100
0.020001370951 0.003380934949 -0.999794236050 4.812210133452
0.000000000000 0.000000000000 0.000000000000 1.000000000000
3 9 60
0.805512021434 0.592356420194 0.016255915249 0.705968179232
-0.589347053908 0.803678027488 -0.082290207084 -0.459475575177
-0.061809654388 0.056705375292 0.996475823609 0.358558461993
0.000000000000 0.000000000000 0.000000000000 1.000000000000
3 10 60
0.852658333110 0.507283713985 0.125047992804 0.461932320344
-0.445725675145 0.581403416182 0.680660480833 -1.660794486746
0.272584646477 -0.636107932019 0.721847843612 0.754535874642
0.000000000000 0.000000000000 0.000000000000 1.000000000000
3 11 60
0.852292029093 0.409019071762 -0.326039408782 1.093686131503
-0.432299683377 0.901729246124 0.001162083165 -0.242311516573
0.294474584465 0.139956298966 0.945355464089 0.682923445228
0.000000000000 0.000000000000 0.000000000000 1.000000000000
3 12 60
-0.483210995648 0.018765706936 -0.875302794425 1.836209526346
0.062539598033 0.997956116002 -0.013129707226 -0.210565999262
0.873267388812 -0.061085503821 -0.483396968195 3.560686677881
0.000000000000 0.000000000000 0.000000000000 1.000000000000
3 14 60
0.933958845389 0.350656719282 -0.068998118398 0.674253591572
-0.334736396792 0.925954030369 0.174816127135 -0.589945303120
0.125189535437 -0.140174886716 0.982180523810 0.002967853212
0.000000000000 0.000000000000 0.000000000000 1.000000000000
3 16 60
0.866690703056 -0.443128474816 -0.229094696672 0.108802706640
0.471113629782 0.878078694687 0.083843626890 0.061119236402
0.164009673707 -0.180596126049 0.969786505467 0.458700884224
0.000000000000 0.000000000000 0.000000000000 1.000000000000
3 17 60
0.066097277672 -0.943100698445 -0.325871481535 1.082353951082
-0.990396365956 -0.022263157581 -0.136452886066 -0.014591344249
0.121433884009 0.331761095380 -0.935515038579 2.986420209001
0.000000000000 0.000000000000 0.000000000000 1.000000000000
3 18 60
0.929283692288 -0.366730560251 0.044051281763 -0.457696796605
0.367597005657 0.929891209021 -0.013220469670 0.153219242543
-0.036114549409 0.028478686140 0.998941791976 1.279902185082
0.000000000000 0.000000000000 0.000000000000 1.000000000000
3 19 60
0.922777998318 -0.240848060324 -0.300787263127 0.244109351910
0.305418990288 -0.018789340147 0.952032668068 -0.462465629828
-0.234946815668 -0.970380941968 0.056221181706 1.809231850529
0.000000000000 0.000000000000 0.000000000000 1.000000000000
3 20 60
0.956537319452 0.026161830182 0.290434011674 0.199584593850
-0.239239987086 0.639872917126 0.730292324010 -0.274010682496
-0.166735074519 -0.768035291227 0.618321280852 0.790676391405
0.000000000000 0.000000000000 0.000000000000 1.000000000000
3 21 60
0.447667428639 0.839138696967 0.308933845003 -1.264019450632
-0.862839064337 0.314673363343 0.395587440975 -0.132809863961
0.234739477699 -0.443651802267 0.864910663569 1.869903490515
0.000000000000 0.000000000000 0.000000000000 1.000000000000
3 22 60
0.954010811186 0.238749892833 -0.181278406909 0.341992821361
-0.099615299634 0.822843287776 0.559469137523 0.021641626457
0.282736916971 -0.515681502900 0.808784534563 0.945656622356
0.000000000000 0.000000000000 0.000000000000 1.000000000000
3 23 60
0.925640479843 0.289123973742 0.244125029203 -1.117700061364
0.356111046970 -0.883745316251 -0.303610174779 0.486712709241
0.127963370937 0.367969487609 -0.920990679588 3.191812361178
0.000000000000 0.000000000000 0.000000000000 1.000000000000
3 25 60
0.989779372282 0.128865504908 -0.061077621510 0.385683885010
0.014558281307 -0.517361993049 -0.855642813675 0.974002764467
-0.141862083200 0.846008421821 -0.513950288994 2.201457455181
0.000000000000 0.000000000000 0.000000000000 1.000000000000
3 28 60
0.743071457438 -0.204885368498 -0.637076757476 1.449210483881
0.550838350434 0.727862929741 0.408402579815 -1.393126493712
0.380028842106 -0.654398610393 0.653712886430 0.291564555296
0.000000000000 0.000000000000 0.000000000000 1.000000000000
3 31 60
0.601613695143 0.226767455905 -0.765922634969 1.291692577282
0.079382394376 0.937137230106 0.339812076615 -1.016716775132
0.794832936710 -0.265236371737 0.545793248244 2.347545036219
0.000000000000 0.000000000000 0.000000000000 1.000000000000
3 32 60
-0.131067344704 -0.936228202307 -0.326033900625 0.962278494802
0.990899927276 -0.133881199554 -0.013898148461 -0.035860996062
-0.030637971162 -0.324888561834 0.945255910911 0.191648272837
0.000000000000 0.000000000000 0.000000000000 1.000000000000
3 36 60
0.628150011253 -0.717347138845 0.301397819757 -1.146102112760
0.615879137551 0.695107431441 0.370834931855 -0.729783996618
-0.475521241684 -0.047315337326 0.878430878078 0.677677918658
0.000000000000 0.000000000000 0.000000000000 1.000000000000
3 37 60
-0.922059324691 0.377947856120 0.083438718856 -0.004378970090
0.298682030313 0.557708239068 0.774435642803 -1.903999670136
0.246161829937 0.738997251774 -0.627126315308 3.721641771088
0.000000000000 0.000000000000 0.000000000000 1.000000000000
3 38 60
0.897343213368 0.366556349109 -0.245787713994 0.269654348296
-0.119256037916 0.737596706623 0.664627035110 -1.009258703917
0.424915467880 -0.567086890437 0.705591456758 -0.133683906377
0.000000000000 0.000000000000 0.000000000000 1.000000000000
3 39 60
0.983355016129 -0.127889762959 0.129062468532 -0.283879945150
0.109194759752 0.983710570649 0.142793619034 -0.128892997897
-0.145221956659 -0.126323876304 0.981301616008 -0.433141164634
0.000000000000 0.000000000000 0.000000000000 1.000000000000
3 40 60
1.000000000000 0.000000000000 0.000000000000 0.000000000000
0.000000000000 1.000000000000 0.000000000000 0.000000000000
0.000000000000 0.000000000000 1.000000000000 0.000000000000
0.000000000000 0.000000000000 0.000000000000 1.000000000000
3 46 60
0.993227755739 0.106714546454 -0.045941602121 0.150179611053
-0.091682629174 0.962781021715 0.254257742721 -0.804478928860
0.071364702326 -0.248323800311 0.966044703656 -0.685737627469
0.000000000000 0.000000000000 0.000000000000 1.000000000000
3 49 60
0.980259498819 0.169047573553 -0.102538933347 0.073060229095
0.112569206045 -0.903542163706 -0.413448584780 0.000015700854
-0.162540729746 0.393744176188 -0.904735339694 4.351451380007
0.000000000000 0.000000000000 0.000000000000 1.000000000000
3 51 60
-0.195021829917 0.980789419653 0.004312789372 0.179557435519
-0.108470132658 -0.025938214919 0.993761258718 -2.518514922628
0.974782394269 0.193337330341 0.111444876597 2.074899284220
0.000000000000 0.000000000000 0.000000000000 1.000000000000
3 58 60
0.844581252724 0.517533981669 0.137262833156 -0.523710435895
0.428342670799 -0.806902387532 0.406732213339 -0.814080642603
0.321255449635 -0.284722873710 -0.903176517225 4.513113543414
0.000000000000 0.000000000000 0.000000000000 1.000000000000
4 6 60
0.999192978074 -0.019173268750 -0.035295585178 -0.285521432864
0.001639421753 0.897454345525 -0.441104307385 0.095639302787
0.040133587728 0.440690462188 0.896761513265 0.327930817777
0.000000000000 0.000000000000 0.000000000000 1.000000000000
4 7 60
0.979701679833 0.057008127737 -0.192184005331 -0.233727454991
-0.064265617947 0.997427991459 -0.031738497185 -0.264043948521
0.189880354126 0.043445082870 0.980845541302 0.159654276582
0.000000000000 0.000000000000 0.000000000000 1.000000000000
4 8 60
1.000000000000 0.000000000000 0.000000000000 0.000000000000
0.000000000000 1.000000000000 0.000000000000 0.000000000000
0.000000000000 0.000000000000 1.000000000000 0.000000000000
0.000000000000 0.000000000000 0.000000000000 1.000000000000
4 10 60
0.816287840417 -0.235007919439 -0.527679295964 0.664281803504
0.527154590685 0.676572837536 0.514156817546 -1.120954455050
0.236182554623 -0.697868521506 0.676163684016 1.469318889435
0.000000000000 0.000000000000 0.000000000000 1.000000000000
4 12 60
0.456202741909 -0.741540388341 0.491931815127 -0.538073307369
0.316374127066 0.651848249506 0.689203359930 -2.035335777956
-0.831737019735 -0.158781963946 0.531979151779 1.868553022625
0.000000000000 0.000000000000 0.000000000000 1.000000000000
4 13 60
0.756467308382 0.022635206591 -0.653639701037 1.784739710001
0.312696039469 0.865259290980 0.391851433930 -0.967019567152
0.574437462436 -0.500813345265 0.647462427447 1.362582535652
0.000000000000 0.000000000000 0.000000000000 1.000000000000
4 18 60
-0.255420268009 -0.010757602491 -0.966770272960 1.155455080131
0.794397555114 -0.572289817486 -0.203511398281 0.644901555718
-0.551083488338 -0.819980877088 0.154720231679 1.881838176026
0.000000000000 0.000000000000 0.000000000000 1.000000000000
4 19 60
0.473041326675 -0.723645629117 0.502562341125 -1.483860980798
0.866173028962 0.486326350558 -0.115025930347 0.081065041093
-0.161171297556 0.489717963948 0.856854788532 1.652862889439
0.000000000000 0.000000000000 0.000000000000 1.000000000000
4 20 60
0.903926771485 0.363958379286 0.224612310303 -1.355882863140
-0.413999244340 0.876418513326 0.245957750814 -0.206781168499
-0.107336002711 -0.315317122350 0.942896651216 1.715073649669
0.000000000000 0.000000000000 0.000000000000 1.000000000000
4 21 60
0.052455701525 0.964776073548 0.257789695851 -1.450343119703
-0.546104278824 -0.188412261290 0.816254210675 -0.546649535784
0.836073271925 -0.183597243185 0.516985044530 2.198201235897
0.000000000000 0.000000000000 0.000000000000 1.000000000000
4 22 60
0.681673760225 0.111517779581 0.723107647213 -1.513439018323
-0.450437449789 0.842784450689 0.294653141007 -0.362634102631
-0.576564817213 -0.526572079126 0.624735829801 1.832339480548
0.000000000000 0.000000000000 0.000000000000 1.000000000000
4 24 60
0.639674975202 0.741444015432 -0.202673871234 0.043066359249
-0.397363100373 0.544695936775 0.738518045090 -0.241246288732
0.657965418971 -0.391876394341 0.643050852574 1.381061329647
0.000000000000 0.000000000000 0.000000000000 1.000000000000
4 25 60
0.722334942858 0.379591516499 0.578050612774 -0.160745786172
0.087464217253 0.779025109950 -0.620862213995 0.970670043760
-0.685989971521 0.499029216248 0.529516383414 1.327372719098
0.000000000000 0.000000000000 0.000000000000 1.000000000000
4 28 60
-0.184497524301 0.233323072083 -0.954736093149 3.178787973998
-0.586492804011 -0.805633841936 -0.083548211057 -0.345012509252
-0.788661432029 0.544531410262 0.285479752117 2.995430981446
0.000000000000 0.000000000000 0.000000000000 1.000000000000
4 37 60
0.637815177359 0.510370171360 0.576813737455 -1.240443239593
-0.769160802189 0.383393125193 0.511274262926 -0.026250898158
0.039792711724 -0.769761001702 0.637090684560 0.633120505548
0.000000000000 0.000000000000 0.000000000000 1.000000000000
4 39 60
0.974180118002 -0.225252116590 -0.015316058950 -0.916944272491
0.224609007310 0.960050889827 0.166892428763 -0.570129183235
-0.022888676799 -0.166023410743 0.985856143441 -0.294482383862
0.000000000000 0.000000000000 0.000000000000 1.000000000000
4 40 60
0.794107822959 -0.445545183837 0.413379068985 -1.220406721200
0.453235311409 0.887267827954 0.085636172083 -0.289175474532
-0.404932732694 0.119353636882 0.906523133382 0.334309861205
0.000000000000 0.000000000000 0.000000000000 1.000000000000
4 53 60
0.966108337993 -0.156272487608 0.205459457990 -0.887406923081
0.138720414562 -0.356933098925 -0.923772379688 0.806202967737
0.217695488801 0.920965619613 -0.323157858712 3.098781366294
0.000000000000 0.000000000000 0.000000000000 1.000000000000
4 59 60
0.905415223291 0.359727326335 -0.225431861371 0.223175022086
-0.132612002265 0.744104526184 0.654769051626 -1.930200749683
0.403283188701 -0.562942896571 0.721427726741 1.850093324890
0.000000000000 0.000000000000 0.000000000000 1.000000000000
5 7 60
0.969512003146 0.015484940032 -0.244554068436 0.138204037331
-0.035844123051 0.996228371585 -0.079020443501 -0.076323335333
0.242408074534 0.085377094589 0.966410408222 0.208371434014
0.000000000000 0.000000000000 0.000000000000 1.000000000000
5 8 60
0.861205794018 -0.267063084477 -0.432437150647 0.778110918830
0.396776162061 0.884991564717 0.243636219802 -0.882258218120
0.317636990242 -0.381401677092 0.868124128879 0.815809227544
0.000000000000 0.000000000000 0.000000000000 1.000000000000
5 9 60
0.516704200557 0.291178150745 -0.805128594484 1.450701064051
-0.603104632299 0.791255833607 -0.100891071371 -0.626985261084
0.607685421600 0.537707625306 0.584456104479 2.076315494562
0.000000000000 0.000000000000 0.000000000000 1.000000000000
5 11 60
0.709650883959 -0.627830158914 0.319726311796 -0.898890557284
0.413598377574 0.738604082177 0.532353634213 -1.346407892709
-0.570378825838 -0.245546943271 0.783820574931 0.611077729643
0.000000000000 0.000000000000 0.000000000000 1.000000000000
5 12 60
-0.983575440223 -0.041497676462 0.175662449709 -1.256455713298
-0.044423883296 0.998931318747 -0.012756920446 -0.276295381295
-0.174945339985 -0.020351001809 -0.984367799526 4.482010742929
0.000000000000 0.000000000000 0.000000000000 1.000000000000
5 16 60
0.982542141783 0.163719303391 -0.088356829489 0.480232788347
-0.147747670507 0.975301118798 0.164189992177 0.117589048850
0.113055585797 -0.148269070843 0.982463595840 0.419815646709
0.000000000000 0.000000000000 0.000000000000 1.000000000000
5 17 60
0.782307811102 -0.158881308377 0.602288318446 -0.083176981892
0.113102028307 0.987081567151 0.113480883779 0.196552950569
-0.612537688539 -0.020656951349 0.790171418415 1.052407879917
0.000000000000 0.000000000000 0.000000000000 1.000000000000
5 18 60
0.834287176903 -0.256929707810 -0.487803271513 -0.075246241030
0.498372948009 0.729818048451 0.467963696079 -0.362957497810
0.235773855945 -0.633524065367 0.736924655208 1.716411857403
0.000000000000 0.000000000000 0.000000000000 1.000000000000
5 19 60
0.316489997930 0.946084955067 0.068973465960 -1.053708040617
-0.824434412788 0.238372376654 0.513309369737 -0.536084470018
0.469192902996 -0.219321380272 0.855427467372 1.757417376532
0.000000000000 0.000000000000 0.000000000000 1.000000000000
5 20 60
0.958481452541 0.255818281177 0.125977427151 -1.066858245158
-0.238808061872 0.961546402504 -0.135643744484 0.315712786884
-0.155833291440 0.099927588024 0.982715860476 1.613077336142
0.000000000000 0.000000000000 0.000000000000 1.000000000000
5 21 60
0.700363534223 -0.556273476967 0.447270319555 -1.387330935747
0.248567498691 0.777466922179 0.577719121643 0.007876084863
-0.669107703233 -0.293436541251 0.682780988116 1.832175871837
0.000000000000 0.000000000000 0.000000000000 1.000000000000
5 22 60
0.705581637843 0.150286690565 0.692508817978 -1.401493556830
-0.037572207291 0.983811568783 -0.175223076016 0.342593576643
-0.707631882816 0.097615100103 0.699805980722 1.873192170663
0.000000000000 0.000000000000 0.000000000000 1.000000000000
5 23 60
0.865097282207 0.469942165024 -0.175388294511 -1.061356824268
0.461249766948 -0.882692033219 -0.090019036782 0.228400982183
-0.197117591323 -0.003022585902 -0.980375193059 3.186969264799
0.000000000000 0.000000000000 0.000000000000 1.000000000000
5 24 60
0.131737468403 0.121554433118 -0.983803719859 1.027558449772
0.840417543719 -0.539999195907 0.045817252526 0.512138741888
-0.525683927496 -0.832841754602 -0.173294605118 1.752843917304
0.000000000000 0.000000000000 0.000000000000 1.000000000000
5 25 60
0.128075944174 -0.528820012575 0.839014866867 -1.483699510578
0.466521911909 0.778665577996 0.419567900765 -0.149524983385
-0.875187898815 0.337682264776 0.346434452420 2.105012704308
0.000000000000 0.000000000000 0.000000000000 1.000000000000
5 32 60
-0.509240787349 0.506434666154 -0.695843193124 1.506814223803
-0.154363061002 -0.849169503417 -0.505057620340 0.452182183061
-0.846667506107 -0.149783454971 0.510606551778 1.138569096859
0.000000000000 0.000000000000 0.000000000000 1.000000000000
5 36 60
0.832298510271 -0.054871106056 -0.551605249722 0.511899100151
0.143906649363 0.982359840887 0.119415322646 -0.989996252812
0.535322394515 -0.178768858400 0.825512949139 1.254111730943
0.000000000000 0.000000000000 0.000000000000 1.000000000000
5 37 60
0.947350709766 -0.074393762565 -0.311435708930 -0.466948431539
0.143596861665 0.968051593153 0.205562774632 -1.004100177044
0.286193245946 -0.239461230862 0.927767074695 1.151262180759
0.000000000000 0.000000000000 0.000000000000 1.000000000000
5 38 60
0.713303463798 -0.260504821555 0.650642303021 -2.078545791900
0.209871622632 0.965148009111 0.156343284227 -0.207984647612
-0.668694302763 0.025031149707 0.743115987580 1.098069799389
0.000000000000 0.000000000000 0.000000000000 1.000000000000
5 40 60
-0.293875734299 -0.688879805713 0.662632376262 -1.982620569460
0.739475792472 0.275405261966 0.614269886963 -1.456926868167
-0.605650563558 0.670519615643 0.428475016658 1.660444500888
0.000000000000 0.000000000000 0.000000000000 1.000000000000
5 51 60
0.781151523259 0.409814860509 -0.471013882827 1.266360775037
-0.223898494132 0.888115315493 0.401398369095 -1.228342256883
0.582813659788 -0.208093648372 0.785509561668 0.771840071559
0.000000000000 0.000000000000 0.000000000000 1.000000000000
6 9 60
0.769569340370 0.586660027527 -0.252176609670 1.213111869828
-0.610400570566 0.791822916137 -0.020678803959 0.049259784205
0.187547790750 0.169842519948 0.967460254792 0.906259446269
0.000000000000 0.000000000000 0.000000000000 1.000000000000
6 10 60
0.970000023426 0.048835844825 -0.238149144055 0.451440651843
0.018726100706 0.961694828991 0.273481972064 -0.392383505561
0.242382523517 -0.269737124163 0.931929501702 0.561119917602
0.000000000000 0.000000000000 0.000000000000 1.000000000000
6 11 60
0.967066732907 -0.248436779553 0.055327214554 0.553994660523
0.248572572228 0.968602712260 0.004523509581 -0.001837948382
-0.054713896232 0.009378292404 0.998458029759 0.713717969625
0.000000000000 0.000000000000 0.000000000000 1.000000000000
6 14 60
0.450480213507 0.577908400079 -0.680506765842 1.438303964351
-0.820292503247 0.568790487153 -0.059979920317 -0.203996865973
0.352402875067 0.585234365740 0.730282788241 0.892918913280
0.000000000000 0.000000000000 0.000000000000 1.000000000000
6 17 60
0.988547342677 0.146546017093 0.036033542150 0.806140206077
-0.147345219868 0.885672366627 0.440311077734 0.103685783430
0.032611922170 -0.440577716036 0.897121919621 1.473788574820
0.000000000000 0.000000000000 0.000000000000 1.000000000000
6 18 60
0.919162266967 -0.170402771679 -0.355110718493 -0.077031323654
0.249831311782 0.949231961401 0.191162232434 0.266312730471
0.304507869582 -0.264426887551 0.915070149498 1.433326746613
0.000000000000 0.000000000000 0.000000000000 1.000000000000
6 19 60
0.998596633401 0.035199363313 0.039569793808 -0.625382603440
-0.036801700918 0.998500656588 0.040522507364 0.414418529303
-0.038084098639 -0.041921875148 0.998394790559 1.441890490251
0.000000000000 0.000000000000 0.000000000000 1.000000000000
6 20 60
-0.275743426048 0.034724349430 -0.960603863488 0.321436382591
-0.740082923817 0.630039722362 0.235217376314 0.288851154671
0.613386361819 0.775786161131 -0.148030413537 2.611601265546
0.000000000000 0.000000000000 0.000000000000 1.000000000000
6 21 60
0.956335351287 -0.211692312290 0.201516899529 -0.616000028649
0.137893062566 0.934725467238 0.327526799198 0.347829962902
-0.257697883528 -0.285437674132 0.923101909331 1.610844597236
0.000000000000 0.000000000000 0.000000000000 1.000000000000
6 22 60
0.818112119952 -0.525816407612 0.232829690277 -0.701306228894
0.503252065393 0.850563680912 0.152573862084 0.451124304599
-0.278262318444 -0.007650503242 0.960474649293 1.603778160341
0.000000000000 0.000000000000 0.000000000000 1.000000000000
6 23 60
0.830145981794 0.526719841478 -0.182821928401 -0.929648554774
0.351060494294 -0.748545353839 -0.562526783889 0.962948195041
-0.433144523522 0.402797792745 -0.806312445584 2.590915501754
0.000000000000 0.000000000000 0.000000000000 1.000000000000
6 24 60
-0.590141444838 -0.796292459154 -0.132858551020 -1.079365784573
-0.795725073001 0.545980953737 0.262157216863 0.064007898831
-0.136215576503 0.260428718944 -0.955835864083 3.489470851052
0.000000000000 0.000000000000 0.000000000000 1.000000000000
6 25 60
0.964171124306 -0.154144920996 -0.215901334841 0.002481101334
0.263159645056 0.658483449201 0.705086199229 0.078137493506
0.033481999178 -0.736640272087 0.675455450249 1.794370546423
0.000000000000 0.000000000000 0.000000000000 1.000000000000
6 36 60
0.481528207337 0.794748533427 -0.369466309903 -0.266312087218
-0.862459604812 0.354719594145 -0.361022768806 0.167105333356
-0.155865376544 0.492492414302 0.856245996341 0.774096706582
0.000000000000 0.000000000000 0.000000000000 1.000000000000
6 37 60
-0.727184094654 0.424399227367 -0.539526262839 0.582525287651
-0.344090491775 -0.905461607914 -0.248477383405 0.248226670539
-0.593973926997 0.004957056013 0.804469018448 1.551658204709
0.000000000000 0.000000000000 0.000000000000 1.000000000000
6 40 60
0.626895022338 -0.298170385171 0.719789588959 -1.468975232039
0.398981365020 0.916396146659 0.032124332772 0.228871764275
-0.669190930403 0.267044048419 0.693448610114 1.185743404894
0.000000000000 0.000000000000 0.000000000000 1.000000000000
6 45 60
0.982815174698 -0.165338219802 -0.082082918180 0.222923225201
0.170022047089 0.983973368734 0.053748610451 -0.083286761604
0.071880705949 -0.066780855750 0.995175100883 -0.383691051031
0.000000000000 0.000000000000 0.000000000000 1.000000000000
6 46 60
0.381069972133 -0.675698898314 0.631044115063 -1.765362665149
0.741922579363 0.630757923842 0.227366065503 -0.916450984722
-0.551667075844 0.381543497294 0.741679173971 0.422728058738
0.000000000000 0.000000000000 0.000000000000 1.000000000000
6 53 60
0.801747415807 -0.093918307011 -0.590237607117 0.067219605205
0.201668333155 0.972167984477 0.119244678544 0.429751266306
0.562610846544 -0.214636347264 0.798373517712 1.495742658039
0.000000000000 0.000000000000 0.000000000000 1.000000000000
6 54 60
0.485090765658 -0.534134549551 0.692377954624 -1.574089622388
0.782051602015 0.619247383165 -0.070199503051 0.649941708145
-0.391257256621 0.575528419298 0.718111967399 1.582822523832
0.000000000000 0.000000000000 0.000000000000 1.000000000000
6 56 60
-0.827170702969 -0.555445833125 -0.085255818649 -0.056069594521
-0.286999951380 0.287127543063 0.913886646101 -1.748884863297
-0.483135235785 0.780408675296 -0.396916418739 3.187753145507
0.000000000000 0.000000000000 0.000000000000 1.000000000000
7 9 60
0.919321020828 0.311643774058 -0.240264476682 0.697125813982
-0.208887923443 0.903926653588 0.373205627466 -0.541743869275
0.333488674626 -0.292907430810 0.896097394747 0.802576443629
0.000000000000 0.000000000000 0.000000000000 1.000000000000
7 12 60
0.976736503623 0.214400964733 0.004246034841 0.091623963980
-0.204983104995 0.939281973250 -0.275193207391 0.269465443950
-0.062989913136 0.267920885802 0.961379565933 0.992763722413
0.000000000000 0.000000000000 0.000000000000 1.000000000000
7 15 60
0.987920132669 -0.134204944772 -0.077478024408 0.955745907171
0.154271572239 0.804547538006 0.573501125620 -0.918790173305
-0.014631933103 -0.578525964748 0.815532718317 0.378484258756
0.000000000000 0.000000000000 0.000000000000 1.000000000000
7 16 60
0.936023273732 -0.211260939329 -0.281476902330 0.246568360731
0.206446402251 0.977327901958 -0.047011222611 0.367247691321
0.285026865451 -0.014106295312 0.958415723162 0.575833302236
0.000000000000 0.000000000000 0.000000000000 1.000000000000
7 17 60
-0.700409526778 0.438346790493 0.563274876116 -1.015730013624
0.282130563234 -0.554879173723 0.782631105858 -0.747792949931
0.655613331231 0.707079340550 0.264971632593 2.256138668590
0.000000000000 0.000000000000 0.000000000000 1.000000000000
7 18 60
0.311072863440 0.917724819442 0.247011800145 -0.666938893250
-0.530159158016 -0.048146021706 0.846530110371 -0.769080755073
0.788774328185 -0.394288113406 0.471563296731 1.998655330451
0.000000000000 0.000000000000 0.000000000000 1.000000000000
7 19 60
0.777026372524 0.628168154997 0.040432480138 -0.460791918446
-0.430221303473 0.483087345115 0.762585239188 -0.258773508335
0.459499343242 -0.609943756455 0.645622929830 1.796070155262
0.000000000000 0.000000000000 0.000000000000 1.000000000000
7 20 60
0.671168895213 0.615357732843 -0.413360828732 -0.306010051283
0.114620714938 0.464762031461 0.877985390436 -0.048130117963
0.732389517816 -0.636656198228 0.241401075911 1.914549482254
0.000000000000 0.000000000000 0.000000000000 1.000000000000
7 21 60
0.683419563891 -0.227885826860 0.693545780470 -0.902306901291
0.060783886373 0.964493280223 0.257017570531 0.355896291827
-0.727490906369 -0.133494428051 0.673005363151 1.679720318832
0.000000000000 0.000000000000 0.000000000000 1.000000000000
7 22 60
0.957538600239 0.247984543849 0.147049294674 -0.725451761136
-0.283315209125 0.903852065660 0.320599338242 0.218076810011
-0.053407128093 -0.348647543250 0.935731034675 1.744475367906
0.000000000000 0.000000000000 0.000000000000 1.000000000000
7 23 60
0.392236639318 0.756294480340 0.523611571476 -0.583104251324
-0.000154346915 -0.569172824231 0.822217898330 -0.121013210273
0.919864335081 -0.322584803059 -0.223133704048 2.363272846440
0.000000000000 0.000000000000 0.000000000000 1.000000000000
7 24 60
-0.221770658563 0.606783075907 0.763303395639 -0.761528894585
0.556430141909 0.721582475350 -0.411951730719 0.925545340691
-0.800751691959 0.333366210137 -0.497658213801 2.158845765526
0.000000000000 0.000000000000 0.000000000000 1.000000000000
7 25 60
-0.141457678113 0.891283466390 0.430817255740 -1.116417511740
-0.944660003061 -0.251652832992 0.210447927675 0.211892996648
0.295985141382 -0.377206354914 0.877558067534 1.836671657332
0.000000000000 0.000000000000 0.000000000000 1.000000000000
7 34 60
-0.666911658599 -0.348472282493 -0.658631845540 0.957441756441
-0.590654349082 0.786092637435 0.182169715600 -0.247575426532
0.454264547963 0.510514871189 -0.730081013833 3.474753373251
0.000000000000 0.000000000000 0.000000000000 1.000000000000
7 35 60
0.697871364228 0.386324547133 -0.603099414087 0.242821520424
-0.381020207045 0.913266243370 0.144112353890 0.044084125645
0.606464476135 0.129221178613 0.784539818100 0.538822207799
0.000000000000 0.000000000000 0.000000000000 1.000000000000
7 36 60
0.985726011791 0.168076918222 -0.009714897828 -0.505042355709
-0.166029787855 0.980040100325 0.109341260736 -0.455528754982
0.027898731581 -0.106167562444 0.993956794564 0.706030810615
0.000000000000 0.000000000000 0.000000000000 1.000000000000
7 37 60
0.996984986766 -0.039322237678 0.066893181915 -0.832460195478
0.005719875911 0.896982504298 0.442029037511 -0.960811668184
-0.077383584708 -0.440313693413 0.894503008497 1.215854998501
0.000000000000 0.000000000000 0.000000000000 1.000000000000
7 41 60
0.794826311557 0.575495235037 0.192500308846 -0.584238609756
-0.606211834873 0.767394108966 0.208838437038 -0.012556116762
-0.027538077575 -0.282686250062 0.958817051532 0.116855887964
0.000000000000 0.000000000000 0.000000000000 1.000000000000
7 52 60
0.645961767752 -0.763257502974 0.013091170942 0.036083256363
0.632097232086 0.544415723821 0.551420537199 -0.375094553417
-0.428002901615 -0.347921692067 0.834124698350 -0.137924102646
0.000000000000 0.000000000000 0.000000000000 1.000000000000
7 53 60
0.452468638868 0.891549683085 0.020280370616 0.333670020145
0.409900337575 -0.228116897555 0.883144605546 -0.516900929443
0.791993588419 -0.391282306833 -0.468662258201 2.458612798281
0.000000000000 0.000000000000 0.000000000000 1.000000000000
8 10 60
0.378232219080 0.925122067198 0.033008320657 -0.321233570461
-0.421022606287 0.140158488151 0.896155992668 -1.572099494033
0.824427288149 -0.352852318941 0.442509759862 1.090958181694
0.000000000000 0.000000000000 0.000000000000 1.000000000000
8 15 60
0.513340555342 0.182892523472 -0.838469915441 1.491431371637
-0.417989728359 0.906588305507 -0.058156954043 -0.143581766534
0.749510547776 0.380326135278 0.541835740421 1.202761000500
0.000000000000 0.000000000000 0.000000000000 1.000000000000
8 17 60
0.730013771344 0.611742009129 -0.304715618101 1.001445037850
0.080562632936 0.365725257454 0.927229582269 -0.672725413291
0.678667485461 -0.701439056745 0.217700927537 1.640996789210
0.000000000000 0.000000000000 0.000000000000 1.000000000000
8 18 60
0.489513633485 0.290103965262 -0.822323593223 1.135728683722
0.592614652142 -0.802467130627 0.069673368867 0.199945340077
-0.639675133719 -0.521427074097 -0.564738461325 2.345907031922
0.000000000000 0.000000000000 0.000000000000 1.000000000000
8 19 60
0.966239708928 -0.147652900592 0.211138451819 0.127821513880
-0.152893317273 0.330997280880 0.931162946848 -0.525681260751
-0.207375163468 -0.932008273030 0.297247574557 1.577176862485
0.000000000000 0.000000000000 0.000000000000 1.000000000000
8 20 60
0.776245416261 0.079180746031 0.625438616646 -0.153541885311
-0.239558064748 0.954712523101 0.176453766888 0.251046171430
-0.583142338840 -0.286800292351 0.760059606189 1.122936788454
0.000000000000 0.000000000000 0.000000000000 1.000000000000
8 21 60
0.748661932789 -0.157454893823 0.643982349761 -0.146746298165
-0.185582979964 0.882773774707 0.431589411638 0.026136995178
-0.636446594727 -0.442626726601 0.631678171982 1.357052577283
0.000000000000 0.000000000000 0.000000000000 1.000000000000
8 22 60
0.782369446311 0.029915396652 0.622095747070 -0.027609455882
-0.313175331221 0.882278827125 0.351433184433 0.099127903394
-0.538348642976 -0.469775627560 0.699636761725 1.207180046580
0.000000000000 0.000000000000 0.000000000000 1.000000000000
8 23 60
-0.835085793930 -0.253520495911 -0.488220313926 0.900966360473
0.506403920727 -0.700968945634 -0.502192797966 0.608566252965
-0.214911111507 -0.666610752546 0.713752981599 1.253313889160
0.000000000000 0.000000000000 0.000000000000 1.000000000000
8 24 60
0.794315896874 0.490518893057 0.358404061816 -0.011764126119
0.605017765824 -0.692060259669 -0.393708140663 0.469462596768
0.054915926742 0.529569459600 -0.846487110622 2.781226464420
0.000000000000 0.000000000000 0.000000000000 1.000000000000
8 25 60
0.861758429441 -0.506157838473 -0.034302359095 0.018683251567
-0.339920159073 -0.525892081459 -0.779674165350 1.076423135539
0.376598851223 0.683550847568 -0.625245187144 2.544571405441
0.000000000000 0.000000000000 0.000000000000 1.000000000000
8 34 60
-0.226371425267 -0.101391646681 -0.968749560932 1.401042052529
-0.752886364567 0.649232253243 0.107979643445 0.027305602085
0.617995226415 0.753801840892 -0.223304018763 2.103221336736
0.000000000000 0.000000000000 0.000000000000 1.000000000000
8 35 60
0.991576515536 -0.116919486387 0.055730131345 -1.407615986951
0.109786939601 0.987007111046 0.117319182737 -0.261770789419
-0.068722934526 -0.110212505860 0.991529304571 -0.137205015583
0.000000000000 0.000000000000 0.000000000000 1.000000000000
8 36 60
0.962259396986 -0.005980322749 0.272068169127 -0.892940349645
-0.093970655479 0.930959869602 0.352821820611 -0.879896542980
-0.255394535613 -0.365072536532 0.895262907893 0.401364639386
0.000000000000 0.000000000000 0.000000000000 1.000000000000
8 37 60
0.771558689834 -0.445604332285 0.454019787224 -1.479555248303
0.207294685473 0.850843879522 0.482797686463 -0.908945661623
-0.601436697846 -0.278390861431 0.748847398844 1.100831055974
0.000000000000 0.000000000000 0.000000000000 1.000000000000
8 40 60
1.000000000000 0.000000000000 0.000000000000 0.000000000000
0.000000000000 1.000000000000 0.000000000000 0.000000000000
0.000000000000 0.000000000000 1.000000000000 0.000000000000
0.000000000000 0.000000000000 0.000000000000 1.000000000000
8 49 60
-0.526230151830 0.783657768599 -0.330094424400 0.881152979399
-0.826864858722 -0.380985835696 0.413695900886 -0.232309008548
0.198434706428 0.490642736331 0.848465304282 0.497020209808
0.000000000000 0.000000000000 0.000000000000 1.000000000000
8 53 60
-0.629126047005 0.771042635772 0.098456441141 -0.090079989017
0.582460513870 0.551504964760 -0.597144893328 1.007277842772
-0.514723388591 -0.318332416928 -0.796068028230 2.781601162614
0.000000000000 0.000000000000 0.000000000000 1.000000000000
8 56 60
-0.799136392400 -0.535436636743 0.273292214259 -1.162481432128
-0.491556313855 0.843719974659 0.215659441412 -0.340894480509
-0.346054066081 0.038002794550 -0.937444596206 3.314864493279
0.000000000000 0.000000000000 0.000000000000 1.000000000000
8 57 60
-0.946398356316 -0.064239868782 0.316549191156 -1.078424309413
0.114292391242 0.850017931735 0.514204983477 -1.014821853865
-0.302104949424 0.522821915175 -0.797113445217 3.830913917194
0.000000000000 0.000000000000 0.000000000000 1.000000000000
8 58 60
0.725582983997 -0.355112258467 0.589427363821 -0.948658158075
0.524316204961 0.840047775012 -0.139327861225 0.446359451658
-0.445670114042 0.410140243800 0.795715482988 0.503533544750
0.000000000000 0.000000000000 0.000000000000 1.000000000000
9 11 60
0.827530020632 0.230593800733 -0.511879442853 0.583969737660
-0.289256914592 0.956547049886 -0.036717553224 0.139853090359
0.481169930807 0.178449545860 0.858272251252 0.203333808109
0.000000000000 0.000000000000 0.000000000000 1.000000000000
9 12 60
0.893600253752 -0.392248093896 0.218220116694 -1.198730963361
0.426155505770 0.894058394657 -0.138025620249 0.043894106156
-0.140961240762 0.216335433478 0.966089493176 0.341009363775
0.000000000000 0.000000000000 0.000000000000 1.000000000000
9 13 60
0.607206048289 -0.133678836756 -0.783218222161 1.832660083384
0.231389355795 0.972769513698 0.013358115311 0.246504835936
0.760105111775 -0.189339488283 0.621603392229 1.323321442330
0.000000000000 0.000000000000 0.000000000000 1.000000000000
9 14 60
0.985737297919 0.116557629500 -0.121393156716 0.009140115986
-0.122627956298 0.991486977828 -0.043771647579 -0.540793644796
0.115257814600 0.058033540326 0.991638918342 -0.165543701218
0.000000000000 0.000000000000 0.000000000000 1.000000000000
9 15 60
0.748942852010 0.407304989115 -0.522673177297 0.846633977759
-0.394919292290 0.907752932155 0.141503946026 -0.558752750415
0.532093372446 0.100435352370 0.840707667976 0.168957903391
0.000000000000 0.000000000000 0.000000000000 1.000000000000
9 16 60
0.565098601956 -0.423861930053 -0.707816808446 0.374444530546
0.585799362412 0.810266542523 -0.017528179182 0.269074510672
0.580949805978 -0.404733485542 0.706178538768 0.623231813764
0.000000000000 0.000000000000 0.000000000000 1.000000000000
9 17 60
0.937633915292 -0.287918839706 -0.194795745943 -0.061626387850
0.337338806776 0.888917167134 0.309885139072 0.162376831810
0.083935512969 -0.356270980740 0.930605081624 0.965754977737
0.000000000000 0.000000000000 0.000000000000 1.000000000000
9 18 60
0.625737912304 -0.549490120047 -0.553635866862 -0.287254439431
0.766450140696 0.564999570718 0.305499045686 -0.138550601739
0.144935319822 -0.615496623110 0.774698431655 1.364947112820
0.000000000000 0.000000000000 0.000000000000 1.000000000000
9 19 60
0.697974418392 -0.432017791271 -0.571132505900 -0.538285209723
0.678825466313 0.653165875762 0.335515014606 -0.223538203752
0.228095807844 -0.621880186825 0.749157750863 1.486523070638
0.000000000000 0.000000000000 0.000000000000 1.000000000000
9 20 60
0.457214245910 -0.878932338390 0.135768471559 -1.039184806457
0.499539255102 0.380103448025 0.778448393544 -0.385200242605
-0.735809531026 -0.288096014085 0.612849916961 1.642686846577
0.000000000000 0.000000000000 0.000000000000 1.000000000000
9 21 60
0.778119570272 -0.563170995350 -0.278151693066 -0.849738487157
0.465273315945 0.219300020886 0.857571129591 -0.406304903415
-0.421960514537 -0.796709439404 0.432670074463 1.842421988370
0.000000000000 0.000000000000 0.000000000000 1.000000000000
9 22 60
0.759129549412 -0.140417440292 -0.635614088635 -0.511358055603
0.058930383191 0.987271663173 -0.147722283468 0.211426290091
0.648266563341 0.074683368683 0.757741946375 1.853393851455
0.000000000000 0.000000000000 0.000000000000 1.000000000000
9 23 60
0.524686925131 0.005379644186 0.851278268268 -1.881689665334
-0.378974848883 0.896902071938 0.227913881251 -0.485831822372
-0.762287147019 -0.442196486623 0.472631540111 1.548087126954
0.000000000000 0.000000000000 0.000000000000 1.000000000000
9 24 60
0.731675220586 0.202555992568 0.650862843812 -1.246097940265
-0.680595258988 0.270264618927 0.680989815783 -0.661606672583
-0.037966630392 -0.941237539429 0.335604572891 1.719408547229
0.000000000000 0.000000000000 0.000000000000 1.000000000000
9 25 60
-0.049279319066 -0.505603894365 0.861357214352 -1.905109341624
-0.228072426796 -0.833923078254 -0.502548771455 0.687111233535
0.972396275624 -0.221217091470 -0.074219145736 2.168716536807
0.000000000000 0.000000000000 0.000000000000 1.000000000000
9 27 60
0.877397607946 0.158013236387 -0.452995866093 1.084807276901
-0.214987465990 0.973592587146 -0.076797550232 1.011568487291
0.428898387778 0.164770420225 0.888198672359 -0.491903866169
0.000000000000 0.000000000000 0.000000000000 1.000000000000
9 28 60
0.648819765042 -0.384561264765 -0.656616742197 0.724070061371
-0.198414840071 0.747550228689 -0.633877122814 2.244496846916
0.734618583845 0.541554511781 0.408722701889 0.495964442843
0.000000000000 0.000000000000 0.000000000000 1.000000000000
9 34 60
-0.681511103828 -0.281788316055 0.675379863702 -1.848191249479
-0.553964840249 -0.404403636396 -0.727722924359 0.908969599046
0.478189890239 -0.870087951764 0.119504749145 1.884598758167
0.000000000000 0.000000000000 0.000000000000 1.000000000000
9 35 60
0.825086798130 -0.243105466051 0.510030889190 -1.648314918860
0.349394546901 0.928940741481 -0.122444066465 0.083667427363
-0.444021650539 0.279228994183 0.851396466201 0.106244202888
0.000000000000 0.000000000000 0.000000000000 1.000000000000
9 36 60
0.528072904304 -0.539249164401 0.656010172507 -1.664480586004
0.483609990576 0.825965257297 0.289659749972 -0.861397111172
-0.698040389057 0.164291607916 0.696956155589 0.656340447332
0.000000000000 0.000000000000 0.000000000000 1.000000000000
9 37 60
0.187193504965 -0.847109219941 0.497357578801 -1.399119823597
0.844493255784 0.397407165331 0.359024631299 -1.258613114336
-0.501786540906 0.352808041908 0.789770063329 0.968627300434
0.000000000000 0.000000000000 0.000000000000 1.000000000000
9 41 60
0.981697939230 -0.175035451436 0.075044965532 -1.235847199200
-0.161709886989 -0.557991534934 0.813938179097 -1.862922359962
-0.100593581113 -0.811176945975 -0.576084103024 3.417474320141
0.000000000000 0.000000000000 0.000000000000 1.000000000000
9 48 60
0.744703288126 -0.490719962137 0.452339398477 -1.433029783891
-0.659856589176 -0.642963032515 0.388828780494 -0.998468756749
0.100031466929 -0.588041203981 -0.802621484913 3.365536331769
0.000000000000 0.000000000000 0.000000000000 1.000000000000
9 49 60
0.783777178359 0.417878064546 0.459424920804 -1.393043846350
-0.133582996184 0.835885024052 -0.532401924955 0.866488895870
-0.606505496937 0.355913121051 0.710969009486 0.894463910978
0.000000000000 0.000000000000 0.000000000000 1.000000000000
9 51 60
0.472695938972 0.387508407719 -0.791451693552 0.897287338296
-0.354040351531 0.905965438848 0.232125080724 -0.579587503999
0.806978301299 0.170481252813 0.565439796682 0.583907472581
0.000000000000 0.000000000000 0.000000000000 1.000000000000
9 52 60
0.963692100320 -0.134495349275 -0.230669757020 0.503154089104
0.198385925707 0.938859054605 0.281401314970 -0.429886241374
0.178719221859 -0.316945857535 0.931453038607 0.214176547550
0.000000000000 0.000000000000 0.000000000000 1.000000000000
9 53 60
-0.758356761732 -0.432560500429 0.487633505212 -1.345009761278
-0.651012482289 0.540283371381 -0.533175980810 0.810858439731
-0.032829405118 -0.721793108915 -0.691329833062 2.813959838408
0.000000000000 0.000000000000 0.000000000000 1.000000000000
9 54 60
0.370000328049 0.824023797832 -0.429050740414 0.743039620682
-0.775953520374 0.528064279115 0.345027899367 -0.001148488821
0.510877569935 0.205262996491 0.834788123304 0.504786410741
0.000000000000 0.000000000000 0.000000000000 1.000000000000
9 57 60
0.882653535027 -0.435989278170 -0.175602068397 -0.322716497833
0.424439379985 0.899837166815 -0.100718845982 -0.007171348008
0.201925604671 0.014367412416 0.979295475145 0.292583031479
0.000000000000 0.000000000000 0.000000000000 1.000000000000
10 12 60
0.939824075348 0.053129242616 -0.337502579212 0.190955600380
-0.177676304830 0.919753295908 -0.349978578442 0.031151861221
0.291825012803 0.388884505020 0.873846098382 0.446670623303
0.000000000000 0.000000000000 0.000000000000 1.000000000000
10 14 60
0.567818960672 0.795048897084 -0.213257776287 0.577704470197
-0.811537831530 0.584062480923 0.016654319965 -0.612086764610
0.137796864614 0.163610114671 0.976854008785 -0.444276028691
0.000000000000 0.000000000000 0.000000000000 1.000000000000
10 15 60
0.952546858211 0.303212521952 0.026770309015 0.312157217695
-0.280357381150 0.908187160482 -0.310798681417 0.443144417730
-0.118550502941 0.288545053792 0.950098694970 -0.202533183471
0.000000000000 0.000000000000 0.000000000000 1.000000000000
10 16 60
0.318595066161 -0.900346229413 0.296435239132 -0.872839130240
0.815210741875 0.100685304995 -0.570345435407 1.004700900863
0.483661689769 0.423366432939 0.766049759030 0.849413166393
0.000000000000 0.000000000000 0.000000000000 1.000000000000
10 17 60
0.412812596512 -0.906331776853 0.090268878509 -0.210965847238
0.910430863074 0.413488289850 -0.011961509880 0.625689722090
-0.026484027698 0.087121434922 0.995845596392 1.017352577516
0.000000000000 0.000000000000 0.000000000000 1.000000000000
10 18 60
-0.106525688286 -0.581642508712 -0.806439253630 0.562788998951
0.868235914724 0.340857250759 -0.360531178940 0.807432683141
0.484580926284 -0.738585355030 0.468692862349 1.509752023917
0.000000000000 0.000000000000 0.000000000000 1.000000000000
10 19 60
-0.151159236623 0.447917217127 -0.881204318978 -0.035284557466
-0.897229735206 0.311978440695 0.312487207426 -0.494023649092
0.414885149706 0.837878045507 0.354726223178 1.618813776461
0.000000000000 0.000000000000 0.000000000000 1.000000000000
10 20 60
0.436546398157 -0.761314419192 0.479403376486 -0.514501087210
0.477162848601 0.647662293546 0.594011085278 -0.048390361596
-0.762720694731 -0.030559918990 0.646005598412 1.705757129961
0.000000000000 0.000000000000 0.000000000000 1.000000000000
10 21 60
0.851877357883 -0.312294668617 -0.420448578400 0.058395900074
0.499783970847 0.724739518943 0.474308562190 0.126442521451
0.156591665198 -0.614186184830 0.773469056107 1.614891096468
0.000000000000 0.000000000000 0.000000000000 1.000000000000
10 22 60
0.973845051470 -0.138981757162 -0.179749511554 -0.017718079462
0.160788626495 0.980498820235 0.113000358878 0.386111368498
0.160539195580 -0.138946517384 0.977200609900 1.576749881157
0.000000000000 0.000000000000 0.000000000000 1.000000000000
10 23 60
0.150999049047 0.749819519523 0.644181632251 -1.255016474314
0.976619545214 -0.012285602147 -0.214623689014 -0.553603039841
-0.153014872130 0.661528345668 -0.734143512390 2.242480366734
0.000000000000 0.000000000000 0.000000000000 1.000000000000
10 24 60
0.680579722851 -0.392737080074 -0.618521484492 0.315393991673
0.518912995129 -0.337597926097 0.785338744607 -0.730227984362
-0.517243215837 -0.855444461219 -0.025965928458 1.933128043972
0.000000000000 0.000000000000 0.000000000000 1.000000000000
10 25 60
0.953882725376 -0.156407493356 -0.256211713726 -0.251023128408
0.167895897568 0.985525666556 0.023454810555 -0.166114849963
0.248834711824 -0.065390034259 0.966336085227 1.257632218119
0.000000000000 0.000000000000 0.000000000000 1.000000000000
10 30 60
-0.324908658276 -0.843349526317 0.428013948649 -1.058566071723
0.903242919961 -0.410857916234 -0.123887046169 -0.088231147229
0.280333000764 0.346348594813 0.895240783004 -1.030655493786
0.000000000000 0.000000000000 0.000000000000 1.000000000000
10 32 60
0.805870555627 -0.261706048931 0.531114480622 -1.177116214047
0.185462805975 0.963445370914 0.193330196463 -1.068544440649
-0.562295469636 -0.057297130973 0.824948994550 -0.438522128670
0.000000000000 0.000000000000 0.000000000000 1.000000000000
10 34 60
-0.138770248126 -0.984782793688 -0.104621544108 -0.102900718658
-0.968907499420 0.113157492393 0.220030996640 -0.464968000288
-0.204844027987 0.131902354686 -0.969866327401 3.373444988050
0.000000000000 0.000000000000 0.000000000000 1.000000000000
10 35 60
0.868513510799 -0.098767288979 -0.485725544097 0.347800912462
-0.341195383988 0.591696122098 -0.730398116810 1.067681157876
0.359541362719 0.800087946242 0.480197133241 0.769456405964
0.000000000000 0.000000000000 0.000000000000 1.000000000000
10 36 60
0.919184463770 -0.392455061045 -0.032847322923 0.259885814274
0.386990451087 0.915553914362 -0.109541867175 -0.845018038855
0.073063755248 0.087977582124 0.993439294931 0.243183326423
0.000000000000 0.000000000000 0.000000000000 1.000000000000
10 37 60
0.373173460191 -0.917387142854 -0.138356057820 -0.078104887511
0.914988762374 0.339259866161 0.218399422944 -1.296876891601
-0.153418164957 -0.208095106476 0.966001704617 0.639103576631
0.000000000000 0.000000000000 0.000000000000 1.000000000000
10 38 60
0.975105805518 -0.128179034365 -0.180938672469 -0.216762863085
0.142998650159 0.987148868784 0.071333701086 -0.088808710651
0.169469920924 -0.095431891983 0.980904021755 0.380935943232
0.000000000000 0.000000000000 0.000000000000 1.000000000000
10 39 60
0.384397591883 -0.916962776044 -0.106853912913 -0.357611202561
0.907913127895 0.354550082875 0.223579943038 -0.582113669649
-0.167129421557 -0.182957661998 0.968810740220 -0.972806970816
0.000000000000 0.000000000000 0.000000000000 1.000000000000
10 45 60
0.679244645041 -0.722830034314 0.127056891496 0.035627019851
0.727082531228 0.686325703719 0.017550532705 0.065574697131
-0.099888462626 0.080459740921 0.991740150002 -0.610204102705
0.000000000000 0.000000000000 0.000000000000 1.000000000000
10 46 60
-0.815368053045 -0.406315618558 -0.412410664495 0.341367186310
0.091137614799 -0.793552373792 0.601638234504 -1.526037881690
-0.571724473188 0.452970471625 0.684067890339 -0.291906465716
0.000000000000 0.000000000000 0.000000000000 1.000000000000
10 50 60
0.838459799909 -0.303651962782 -0.452526959899 -0.038275769469
0.192883037384 0.941984183351 -0.274703353102 1.220612941083
0.509687451117 0.143042943953 0.848385182779 -0.861940551220
0.000000000000 0.000000000000 0.000000000000 1.000000000000
10 51 60
0.732263279268 -0.653561491921 -0.191436323914 0.400749517369
0.643397150377 0.756053241914 -0.120098302564 0.974294414285
0.223227679116 -0.035226008415 0.974129627723 -0.823760774545
0.000000000000 0.000000000000 0.000000000000 1.000000000000
10 52 60
-0.006866607421 0.837737902978 -0.546029354171 0.809561672772
-0.962555269526 0.142442848498 0.230645589637 -1.106173244212
0.270998529165 0.527167184891 0.805390933873 0.488083127797
0.000000000000 0.000000000000 0.000000000000 1.000000000000
10 53 60
0.398180451337 -0.128349157375 0.908283448035 -1.600117801251
0.916554421609 0.015564037919 -0.399606998128 0.035184610928
0.037152663465 0.991606905243 0.123836283345 1.726048103866
0.000000000000 0.000000000000 0.000000000000 1.000000000000
10 55 60
0.715126711907 0.385179249547 -0.583293006675 1.009034945584
0.474189389874 0.345760307370 0.809687737574 -1.847867471303
0.513554484401 -0.855620684396 0.064614518383 1.703957550875
0.000000000000 0.000000000000 0.000000000000 1.000000000000
10 56 60
0.262016855183 0.580785275605 -0.770737070109 1.206479791863
0.689756217297 0.445870069101 0.570470193945 -1.610102666750
0.674969279523 -0.681093492203 -0.283774781437 2.975461236228
0.000000000000 0.000000000000 0.000000000000 1.000000000000
10 58 60
0.687196495158 -0.032430528203 -0.725747365054 0.870365629986
-0.434705516074 0.782057648332 -0.446561248856 0.377037746768
0.582058494772 0.622361707953 0.523329545447 1.073613395139
0.000000000000 0.000000000000 0.000000000000 1.000000000000
11 14 60
0.862538781813 0.500368686069 0.075219863540 0.108522390038
-0.505990903099 0.852885236014 0.128685586492 -0.427821616632
0.000236326760 -0.149056875693 0.988828595844 -0.444565413773
0.000000000000 0.000000000000 0.000000000000 1.000000000000
11 15 60
0.970274428370 0.227297913610 -0.083085450711 0.315561490453
-0.240818702172 0.940809145118 -0.238504727722 0.261673255504
0.023955924858 0.251423568764 0.967580644047 0.235743286454
0.000000000000 0.000000000000 0.000000000000 1.000000000000
11 16 60
0.883885883537 0.379325455709 -0.273601797391 0.461545263625
-0.373730783777 0.924544947981 0.074444210116 0.048322195081
0.281195743463 0.036453227749 0.958957828085 0.026867688192
0.000000000000 0.000000000000 0.000000000000 1.000000000000
11 17 60
-0.053101706829 -0.951412656415 0.303305400454 -0.946139965990
-0.783614513038 0.227970397329 0.577908118041 -0.511721368736
-0.618973750403 -0.206986606220 -0.757646382660 2.989641528302
0.000000000000 0.000000000000 0.000000000000 1.000000000000
11 18 60
-0.878862484626 -0.041934906506 0.475228573145 -1.008011627067
0.273463509548 -0.860519430449 0.429795321946 -0.232166993007
0.390919994453 0.507688657975 0.767745911419 1.580207646229
0.000000000000 0.000000000000 0.000000000000 1.000000000000
11 19 60
0.879639655575 0.031407727559 -0.474602603227 -0.053506901004
-0.151667467509 0.964251407736 -0.217292894452 0.709679808905
0.450811552248 0.263121221739 0.852957306687 1.438979471883
0.000000000000 0.000000000000 0.000000000000 1.000000000000
11 20 60
0.451598309851 -0.891966882903 -0.021308363247 -0.582813568913
0.848155289858 0.436584535342 -0.300044243049 0.881637310478
0.276932430073 0.117426672036 0.953687268379 1.359182827150
0.000000000000 0.000000000000 0.000000000000 1.000000000000
11 21 60
0.413446801932 -0.874285243711 -0.254336498758 -0.334574202592
0.901727039222 0.431896368074 -0.018811538496 0.637012718662
0.126293660601 -0.221564527561 0.966932816394 1.412442102350
0.000000000000 0.000000000000 0.000000000000 1.000000000000
11 22 60
-0.124870434226 0.743904452234 -0.656516215034 -0.190175285669
-0.991437063800 -0.068072892220 0.111438906443 0.320554854322
0.038208941109 0.664809933207 0.746034737481 1.633466655027
0.000000000000 0.000000000000 0.000000000000 1.000000000000
11 23 60
0.351109130523 -0.229371137411 -0.907805739014 0.378675205919
0.917872657224 0.275893344703 0.285293966759 0.495868932565
0.185019360025 -0.933419382524 0.307402167762 2.082129123908
0.000000000000 0.000000000000 0.000000000000 1.000000000000
11 24 60
0.950134340710 -0.083377886052 0.300487708104 -0.406015582645
0.300038563083 0.507015103425 -0.808030040012 1.314629043631
-0.084979969800 0.857894989504 0.506749042146 1.646653206621
0.000000000000 0.000000000000 0.000000000000 1.000000000000
11 25 60
0.000375953033 0.999630157646 0.027192031622 -0.682213323937
0.998461306450 -0.001883077222 0.055420876407 0.508495073925
0.055451584115 0.027129355772 -0.998092741119 3.005123342491
0.000000000000 0.000000000000 0.000000000000 1.000000000000
11 27 60
-0.693828026347 -0.669935077601 0.264177329941 -1.656698286309
-0.676946609152 0.481605476991 -0.556596310525 1.650801042384
0.245654143488 -0.565016067322 -0.787661656712 4.377250083095
0.000000000000 0.000000000000 0.000000000000 1.000000000000
11 28 60
0.795883477362 -0.564652369325 -0.218488425956 -0.310853811881
0.155677253051 0.539589546142 -0.827410245632 3.011004057280
0.585093226199 0.624508465523 0.517353934117 0.272127798834
0.000000000000 0.000000000000 0.000000000000 1.000000000000
11 30 60
0.763461020791 -0.645850610179 -0.002063750130 -0.985823329309
0.635700953074 0.752019778656 -0.174214094638 -0.164060881780
0.114068260240 0.131693742604 0.984705636302 -0.849668849989
0.000000000000 0.000000000000 0.000000000000 1.000000000000
11 34 60
-0.319542585859 -0.219587362507 0.921777590338 -1.491692007943
0.565362191007 0.736480013120 0.371433416987 -0.926152354237
-0.760432856209 0.639826992633 -0.111190335441 2.705729514463
0.000000000000 0.000000000000 0.000000000000 1.000000000000
11 35 60
0.573261084243 0.797089713209 -0.189788615016 -0.220471167947
-0.385724795854 0.058171365935 -0.920778189386 1.649535472447
-0.722902559932 0.601052477977 0.340804647213 1.732328464267
0.000000000000 0.000000000000 0.000000000000 1.000000000000
11 36 60
0.252255376231 0.630293019198 0.734232888880 -2.030707858061
0.961873814972 -0.080467471249 -0.261388121656 0.719896041227
-0.105669244505 0.772175948875 -0.626560703160 3.048528923427
0.000000000000 0.000000000000 0.000000000000 1.000000000000
11 39 60
0.992810093256 -0.117990992498 0.020155505913 0.054432249585
0.118182610395 0.992954705498 -0.008592056230 0.520933995168
-0.018999719196 0.010912310450 0.999759937261 -0.608181424003
0.000000000000 0.000000000000 0.000000000000 1.000000000000
11 53 60
-0.300786109417 0.864860204348 -0.401926042098 -0.188512560769
0.491900745568 -0.220366383185 -0.842301794888 1.123094254466
-0.817044290655 -0.451060399610 -0.359142232287 2.290268773970
0.000000000000 0.000000000000 0.000000000000 1.000000000000
11 57 60
0.615268567457 -0.689613737464 0.381939109023 -0.990908234495
-0.788289564046 -0.542296645246 0.290712765064 -0.514281097760
0.006644781067 -0.479945040246 -0.877273392523 3.712516151934
0.000000000000 0.000000000000 0.000000000000 1.000000000000
11 58 60
0.295285389559 -0.672081234261 0.679053277193 -1.608859258460
-0.948703165016 -0.122197926627 0.291598990766 -0.769476472141
-0.112999307081 -0.730324914871 -0.673688856459 3.303439845259
0.000000000000 0.000000000000 0.000000000000 1.000000000000
12 14 60
0.981224661051 0.075990363880 0.177267112409 0.252585768247
-0.080312206161 0.996619210619 0.017323353224 0.246774904165
-0.175351401722 -0.031234814273 0.984010300907 -0.767876087555
0.000000000000 0.000000000000 0.000000000000 1.000000000000
12 15 60
0.891044004513 0.362239862743 -0.273537682707 1.063087753825
-0.414832226533 0.894485965239 -0.166760552351 0.338223763479
0.184268298551 0.262063236320 0.947295125248 -0.147905235303
0.000000000000 0.000000000000 0.000000000000 1.000000000000
12 16 60
0.654578947925 0.746292581231 -0.120721928968 0.488514959323
-0.239757802509 0.356374053706 0.903057988161 -1.880922250668
0.716967640183 -0.562178723401 0.412204422447 1.366434716089
0.000000000000 0.000000000000 0.000000000000 1.000000000000
12 17 60
0.725889029094 0.288129977593 -0.624552826791 1.048289849423
-0.492039535209 0.852011905301 -0.178809420940 0.525901942519
0.480606089466 0.437100479567 0.760237434970 1.166756737592
0.000000000000 0.000000000000 0.000000000000 1.000000000000
12 18 60
-0.096451111051 0.404645330973 -0.909373047379 0.538444457052
-0.990001919575 0.055474240665 0.129687346573 0.089247655449
0.102924158561 0.912789551181 0.395249102263 1.340730600221
0.000000000000 0.000000000000 0.000000000000 1.000000000000
12 19 60
0.772130143772 0.237088245776 -0.589579684855 0.381097494228
-0.375082590960 0.918971729907 -0.121671728803 0.338611394701
0.512960126167 0.315087485226 0.798493447448 1.200457230620
0.000000000000 0.000000000000 0.000000000000 1.000000000000
12 20 60
0.864280512565 -0.498841976857 0.064621031613 -0.180852319976
0.502983217274 0.858401876249 -0.100767564191 0.564600025277
-0.005203723858 0.119594736413 0.992809156022 1.118884664381
0.000000000000 0.000000000000 0.000000000000 1.000000000000
12 21 60
0.961103472316 -0.169477493267 -0.218076809355 0.070254601282
0.031098464184 0.850978943499 -0.524278287979 0.950475584146
0.274432142848 0.497103829192 0.823149307219 1.282895519239
0.000000000000 0.000000000000 0.000000000000 1.000000000000
12 22 60
0.803874477172 -0.531113365988 -0.267776805233 0.068217217061
0.388271026562 0.809612145661 -0.440197436988 0.922094755781
0.450590096301 0.249893509453 0.857042472138 1.269871348273
0.000000000000 0.000000000000 0.000000000000 1.000000000000
12 23 60
0.526694161762 -0.548265985773 -0.649613476469 0.208821637061
0.849938213241 0.326999632186 0.413129851528 0.230046996897
-0.014081677432 -0.769724398337 0.638221009499 1.306775862563
0.000000000000 0.000000000000 0.000000000000 1.000000000000
12 24 60
-0.155450480019 -0.266346418939 -0.951259551006 0.260435320618
-0.906428299301 -0.344363269874 0.244543813230 -0.240688421832
-0.392712218411 0.900263030164 -0.187892495941 1.702234528972
0.000000000000 0.000000000000 0.000000000000 1.000000000000
12 25 60
0.991393718422 -0.096647939259 -0.088304421809 -0.039128905957
0.100899547705 0.993877767405 0.045014050375 0.298646219610
0.083413286393 -0.053536523003 0.995075908842 0.892172618966
0.000000000000 0.000000000000 0.000000000000 1.000000000000
12 29 60
0.839997189216 -0.385863929115 0.381462646031 -2.464735989043
-0.493465003368 -0.250963313571 0.832772301228 -2.117931300391
-0.225603662559 -0.887764858197 -0.401218823076 3.779083836728
0.000000000000 0.000000000000 0.000000000000 1.000000000000
12 36 60
0.688877454818 0.687344385318 -0.230229338306 -0.092886250371
-0.700503348011 0.712913852197 0.032386706704 -0.505350310463
0.186394505472 0.138965950209 0.972597323157 -0.184133892208
0.000000000000 0.000000000000 0.000000000000 1.000000000000
12 37 60
0.940572278987 0.255396491894 -0.223822295424 -0.506212779173
-0.231129124229 0.964322432511 0.129079719901 -0.044399451737
0.248803368011 -0.069676955194 0.966044515528 -0.012110912781
0.000000000000 0.000000000000 0.000000000000 1.000000000000
12 41 60
0.309827790530 0.739516327803 -0.597597139492 1.045833716286
-0.946607766472 0.181013963002 -0.266772715345 1.034247240888
-0.089109352311 0.648343694433 0.756115055543 0.036079589573
0.000000000000 0.000000000000 0.000000000000 1.000000000000
12 44 60
0.848325304968 -0.372488575208 0.376293021848 -0.437083525453
0.168916025947 0.863948677873 0.474404951682 -1.167450493491
-0.501808283242 -0.338887803472 0.795828815467 -1.017739657231
0.000000000000 0.000000000000 0.000000000000 1.000000000000
12 46 60
0.618164321089 0.053086375099 0.784254237420 -2.137965529720
-0.436873363517 0.852631695400 0.286637150851 -0.800460557095
-0.653463492769 -0.519808646309 0.550258516373 -0.361647012914
0.000000000000 0.000000000000 0.000000000000 1.000000000000
12 49 60
0.489303274321 0.675567377759 -0.551535151960 0.946077147282
-0.845748984013 0.521895437310 -0.111057681211 0.393610697851
0.212816732849 0.520801181472 0.826725569701 0.321676075575
0.000000000000 0.000000000000 0.000000000000 1.000000000000
12 50 60
0.986141816984 0.020796799609 0.164595898861 -1.444386894018
-0.148641166327 -0.329909866849 0.932236709977 -1.688799142474
0.073689351123 -0.943783329415 -0.322246654986 2.622745272903
0.000000000000 0.000000000000 0.000000000000 1.000000000000
12 53 60
0.624797871486 -0.048326734586 -0.779289513923 0.375239812481
0.002682651758 0.998209648978 -0.059751987967 0.305672455967
0.780781930609 0.035242352515 0.623808907778 1.114132281203
0.000000000000 0.000000000000 0.000000000000 1.000000000000
12 56 60
0.720282254448 0.208377462720 -0.661643640457 0.950312662146
-0.025978969173 0.961249338525 0.274453643345 -0.196989485659
0.693194465563 -0.180495269231 0.697784272320 1.102207057375
0.000000000000 0.000000000000 0.000000000000 1.000000000000
12 57 60
0.693870978075 0.230242806098 -0.682298553439 1.090628675797
-0.310669308865 0.950505882247 0.004811272608 0.008513213799
0.649636549398 0.208630817606 0.731057819622 0.608428509649
0.000000000000 0.000000000000 0.000000000000 1.000000000000
12 58 60
0.994945507867 0.000961311051 -0.100411713745 0.159756471525
-0.009030251268 0.996759172103 -0.079935019803 0.147721176002
0.100009454244 0.080437731880 0.991729741589 0.018857375661
0.000000000000 0.000000000000 0.000000000000 1.000000000000
12 59 60
0.581046100256 0.130955729248 -0.803265850360 1.214162585379
-0.145365436932 0.987798206629 0.055889110980 -0.142023640478
0.800783565718 0.084292941328 0.592992732602 0.759029384438
0.000000000000 0.000000000000 0.000000000000 1.000000000000
13 15 60
0.903918515744 0.271014018407 -0.330881729205 -0.124945136271
-0.192634305353 0.948682442175 0.250786060836 -0.091748778676
0.381868225041 -0.162950991821 0.909738222221 0.487463394291
0.000000000000 0.000000000000 0.000000000000 1.000000000000
13 16 60
0.882558993067 0.041040008712 -0.468407238887 -0.188111067751
-0.011644564602 0.997785821270 0.065481745458 0.116312210347
0.470057472946 -0.052337104983 0.881082742749 0.929508913946
0.000000000000 0.000000000000 0.000000000000 1.000000000000
13 17 60
0.939883978949 -0.336386954324 0.058838109043 -0.664692416322
0.331029325859 0.939783529702 0.085008839085 0.103079521094
-0.083890950268 -0.060421306354 0.994641429964 1.372810052908
0.000000000000 0.000000000000 0.000000000000 1.000000000000
13 18 60
0.994463847086 0.030440577712 -0.100573495846 -0.711088992932
-0.007823752177 0.975913187659 0.218018896096 -0.294693494575
0.104787622074 -0.216025048042 0.970748542558 1.720849906748
0.000000000000 0.000000000000 0.000000000000 1.000000000000
13 19 60
0.995047284704 0.025107786451 0.096179521012 -1.093604064997
-0.047079140197 0.971208513698 0.233532818848 -0.338051583191
-0.087546877505 -0.236904246438 0.967580447435 1.907742421489
0.000000000000 0.000000000000 0.000000000000 1.000000000000
13 20 60
0.734052231657 -0.384110020397 0.560023940050 -1.350841612616
0.255595876481 0.920294559217 0.296190263517 -0.201231799119
-0.629156633220 -0.074279314122 0.773721212304 2.087672682942
0.000000000000 0.000000000000 0.000000000000 1.000000000000
13 21 60
0.940947487531 -0.335383438658 0.046214443447 -1.129350471962
0.064968480307 0.312847168555 0.947578886264 -0.794895198429
-0.332260323054 -0.888619490109 0.316162109562 2.768587085287
0.000000000000 0.000000000000 0.000000000000 1.000000000000
13 22 60
0.076316773721 -0.987044632892 -0.141133421724 -1.136431933198
-0.546564164524 0.076972430399 -0.833872207846 0.486627978248
0.833932469752 0.140776907330 -0.533608937571 3.432770209163
0.000000000000 0.000000000000 0.000000000000 1.000000000000
13 23 60
0.878223755956 -0.455039071725 0.147181784467 0.125622590119
0.423616872815 0.882983534131 0.202209850204 -0.101812911329
-0.221972474739 -0.115236806866 0.968219344365 0.502057801816
0.000000000000 0.000000000000 0.000000000000 1.000000000000
13 24 60
-0.162421556356 -0.910955206820 0.379183134117 -1.599683880937
0.434709362144 0.278920649243 0.856289111159 -0.484360691893
-0.885803030304 0.303914268493 0.350698030948 2.020493361198
0.000000000000 0.000000000000 0.000000000000 1.000000000000
13 25 60
0.165788076965 -0.697465038465 0.697177763311 -1.701025563240
0.046541693252 0.711707129669 0.700932830139 -0.515376396602
-0.985062528130 -0.083758472388 0.150453760265 2.435508683487
0.000000000000 0.000000000000 0.000000000000 1.000000000000
13 31 60
0.521825107519 -0.756909372378 0.393429484367 -1.516073539307
0.647275913130 0.050918599069 -0.760553212176 1.744544186340
0.555636976311 0.651533190464 0.516499808597 2.264280444012
0.000000000000 0.000000000000 0.000000000000 1.000000000000
13 37 60
0.203600494519 -0.462055629967 -0.863163619164 0.194985154546
-0.643690798182 0.601123734733 -0.473616312934 0.929189994549
0.737705222272 0.652038994506 -0.175031867599 2.535588031014
0.000000000000 0.000000000000 0.000000000000 1.000000000000
13 48 60
-0.135264937389 0.977862270753 -0.159652047128 0.149528743165
-0.938865174193 -0.075010744463 0.336014245089 -0.517627483362
0.316600033798 0.195342692860 0.928227154820 -0.189060271999
0.000000000000 0.000000000000 0.000000000000 1.000000000000
13 52 60
0.934127631725 -0.356196296664 -0.023016643762 -0.573788455850
0.349571988551 0.899909787135 0.260694840452 -0.172140937890
-0.072145633740 -0.251568227844 0.965146845963 0.507010661296
0.000000000000 0.000000000000 0.000000000000 1.000000000000
13 53 60
0.930510776232 0.361118858942 -0.061178959064 -0.710248318319
-0.198933206041 0.638547487486 0.743426314950 -0.627253151616
0.307530933159 -0.679595670927 0.666013850613 1.832744105612
0.000000000000 0.000000000000 0.000000000000 1.000000000000
13 54 60
0.272449292753 0.962124299633 -0.009392280575 0.197304359149
-0.873393578896 0.251394873571 0.417114221629 -0.130189906965
0.403676899539 -0.105439317134 0.908805540906 0.097751047826
0.000000000000 0.000000000000 0.000000000000 1.000000000000
13 57 60
0.816834947471 -0.216733250019 0.534609546236 -1.839571629476
0.378895439804 0.900380660273 -0.213899304117 0.264051787605
-0.434993004870 0.377281545987 0.817581629424 1.103514430436
0.000000000000 0.000000000000 0.000000000000 1.000000000000
14 16 60
0.999649910708 0.025965143361 -0.005085995713 -0.151616479308
-0.024996699278 0.989815830362 0.140142024355 -0.052651399376
0.008673006823 -0.139965829028 0.990118349319 0.607499896635
0.000000000000 0.000000000000 0.000000000000 1.000000000000
14 17 60
0.363469485828 -0.209190683916 -0.907815614888 0.422042865047
0.852231249632 -0.318934687603 0.414707803391 0.457202998400
-0.376286898552 -0.924402467979 0.062355811049 2.065893811328
0.000000000000 0.000000000000 0.000000000000 1.000000000000
14 18 60
0.968445809026 0.029694333618 0.247448906909 -0.163805565515
-0.048925668158 0.996208668484 0.071934469013 -0.161221896910
-0.244374699948 -0.081771238145 0.966226925022 1.592773360012
0.000000000000 0.000000000000 0.000000000000 1.000000000000
14 19 60
0.246970963114 -0.900490683543 -0.357941157499 -0.614336796338
0.967102130263 0.252295391942 0.032565393367 -0.220186801494
0.060982071290 -0.354208362490 0.933176094273 1.697571523025
0.000000000000 0.000000000000 0.000000000000 1.000000000000
14 20 60
-0.741189378616 0.575814419498 -0.345073991087 -0.434886132810
-0.323230426438 0.144406138339 0.935237380901 0.109752462499
0.588353972071 0.804726426500 0.079088444420 2.611639617820
0.000000000000 0.000000000000 0.000000000000 1.000000000000
14 21 60
0.570108391997 0.320383615038 0.756525452704 -1.639411112079
0.179383851709 0.850069333557 -0.495180332699 0.242995069850
-0.801746752485 0.418014912846 0.427160013950 1.878492595957
0.000000000000 0.000000000000 0.000000000000 1.000000000000
14 22 60
-0.084007879164 0.659407035478 0.747077665173 -1.617872539531
0.052098638671 0.751609007897 -0.657548196787 0.233537336292
-0.995102209869 -0.016317500124 -0.097495287593 2.303601209646
0.000000000000 0.000000000000 0.000000000000 1.000000000000
14 23 60
-0.229362956135 0.973254232662 -0.012993573712 -0.818945490340
0.660039042172 0.165332294063 0.732812182860 0.184507373782
0.715360816065 0.159503702605 -0.680306895227 2.704526916695
0.000000000000 0.000000000000 0.000000000000 1.000000000000
14 24 60
0.557234759822 -0.778927263079 -0.287683404592 -0.279142360491
-0.306946729603 0.128689859744 -0.942986015371 1.490068444526
0.771539453063 0.613768065991 -0.167378712915 2.716229406208
0.000000000000 0.000000000000 0.000000000000 1.000000000000
14 25 60
0.166318058009 -0.749689845889 -0.640549325619 -0.460728163791
0.682008224709 -0.381708829625 0.623829424455 -0.546392882177
-0.712181918480 -0.540614006809 0.447809569609 2.061286914070
0.000000000000 0.000000000000 0.000000000000 1.000000000000
14 32 60
1.000000000000 0.000000000000 0.000000000000 0.000000000000
0.000000000000 1.000000000000 0.000000000000 0.000000000000
0.000000000000 0.000000000000 1.000000000000 0.000000000000
0.000000000000 0.000000000000 0.000000000000 1.000000000000
14 36 60
0.422362727323 -0.559100173648 -0.713454078686 1.066832069381
-0.741427838417 0.239696404621 -0.626761831984 1.367846903925
0.521435026621 0.793695552109 -0.313293606022 2.722982652281
0.000000000000 0.000000000000 0.000000000000 1.000000000000
14 37 60
-0.095516933025 0.542442274701 -0.834645370276 0.986221157793
-0.900500728409 0.310258921621 0.304693025339 -0.002395244347
0.424234550268 0.780702107191 0.458834682851 1.349867978509
0.000000000000 0.000000000000 0.000000000000 1.000000000000
14 46 60
0.942231674979 0.200512585766 0.268317300254 -0.915816470338
-0.263238127750 0.938609276449 0.222976039661 -0.718344151670
-0.207135604773 -0.280726431092 0.937169948367 -0.683361529039
0.000000000000 0.000000000000 0.000000000000 1.000000000000
14 52 60
0.936979773139 -0.071164745666 -0.342059181580 0.701974027315
0.103623220203 0.991588735540 0.077550034076 0.297976687992
0.333663202891 -0.108108087231 0.936472908584 0.546658424136
0.000000000000 0.000000000000 0.000000000000 1.000000000000
14 53 60
-0.719108646937 -0.645993155711 0.256077325577 -0.936673225091
-0.413438683518 0.101541577695 -0.904852343187 1.692458437924
0.558525924977 -0.756559416552 -0.340097986403 2.382458014509
0.000000000000 0.000000000000 0.000000000000 1.000000000000
14 58 60
0.936074619388 0.351033963186 -0.023226356323 -0.277914856915
-0.339919931141 0.919500023668 0.197418709571 -0.598013432239
0.090657307217 -0.176903541979 0.980044075276 0.757164129523
0.000000000000 0.000000000000 0.000000000000 1.000000000000
14 59 60
0.210429451228 0.480528696580 -0.851358689284 0.826256497475
-0.533470026270 0.786211060089 0.311900464997 -0.755771147713
0.819224741525 0.388541298651 0.421789618312 1.779031768420
0.000000000000 0.000000000000 0.000000000000 1.000000000000
15 17 60
0.862178941640 -0.209610713170 0.461205834218 -0.221893780467
0.188349168104 0.977757592968 0.092275025156 -0.565709950465
-0.470289340159 0.007310151671 0.882482010137 1.181602498947
0.000000000000 0.000000000000 0.000000000000 1.000000000000
15 18 60
0.953667088667 -0.064037376613 0.293969893679 -0.122158174904
0.108451207321 0.984567352790 -0.137351605197 -0.439693365744
-0.280637523549 0.162869095338 0.945894411739 1.327302995394
0.000000000000 0.000000000000 0.000000000000 1.000000000000
15 19 60
-0.441192430357 0.339305574400 -0.830795381894 -0.167437104114
-0.538866300132 0.640124859647 0.547597730678 -0.264180948337
0.717615739778 0.689283607264 -0.099577903068 2.317592970204
0.000000000000 0.000000000000 0.000000000000 1.000000000000
15 20 60
-0.193941673811 0.973391785230 -0.122045317839 -0.543195416159
-0.275606537173 0.065334112301 0.959047699772 -0.489511534621
0.941502875103 0.219635803586 0.255602132144 2.402300918966
0.000000000000 0.000000000000 0.000000000000 1.000000000000
15 21 60
0.871028878607 -0.491136548935 0.009673827213 -0.703148024529
0.354878737404 0.642748750416 0.678922032031 -0.108898276882
-0.339661264161 -0.587927660634 0.734146641679 1.503182038035
0.000000000000 0.000000000000 0.000000000000 1.000000000000
15 22 60
0.708001839177 -0.614869246579 -0.347374733297 -0.494073648379
0.551218150819 0.173653861142 0.816089999153 -0.140117365682
-0.441465679220 -0.769272478464 0.461874342164 1.740953297394
0.000000000000 0.000000000000 0.000000000000 1.000000000000
15 23 60
0.417639684530 -0.591051560312 0.690097925630 -0.125866687188
0.692193753886 0.698970869470 0.179742957339 0.129544940363
-0.588595702487 0.402613681692 0.701040171694 0.371412211608
0.000000000000 0.000000000000 0.000000000000 1.000000000000
15 24 60
0.978631612976 0.077483890449 -0.190463678439 -0.260881197599
0.003464517408 0.919938284826 0.392047891502 -0.658979210338
0.205592225541 -0.384330325154 0.900012243230 1.725058090721
0.000000000000 0.000000000000 0.000000000000 1.000000000000
15 25 60
-0.513839113586 -0.492396628476 0.702506174788 -1.543913727284
-0.629981110119 -0.339264320691 -0.698586803196 0.298956519667
0.582317066762 -0.801526843575 -0.135873296811 2.410470415064
0.000000000000 0.000000000000 0.000000000000 1.000000000000
15 28 60
0.199422648098 0.865821827286 0.458893419893 -1.327073800719
-0.687293930536 -0.210211125021 0.695297300416 -1.868688864722
0.698468081213 -0.454052691120 0.553153227608 0.048459690504
0.000000000000 0.000000000000 0.000000000000 1.000000000000
15 29 60
0.466204511073 -0.864149744767 -0.189469186082 0.218660794472
0.884674153434 0.455926785140 0.097377660879 -1.063991711733
0.002235196099 -0.213016396578 0.977046067843 -1.220757357711
0.000000000000 0.000000000000 0.000000000000 1.000000000000
15 34 60
0.310606707831 -0.586198736936 0.748260993147 -1.373732016706
-0.886032249736 0.106495857391 0.451226644588 -0.367515387640
-0.344195185147 -0.803137393708 -0.486312658018 3.204562772822
0.000000000000 0.000000000000 0.000000000000 1.000000000000
15 36 60
-0.459963544570 -0.638229794212 0.617329950227 -1.346902588452
0.882133252776 -0.249084736536 0.399747067996 -1.003563813869
-0.101363020936 0.728436355356 0.677573622702 0.981359056180
0.000000000000 0.000000000000 0.000000000000 1.000000000000
15 37 60
0.003675109799 -0.064524694826 -0.997909343240 1.154296392191
-0.352768485451 0.933676141567 -0.061670562998 0.372944732266
0.935703419488 0.352257613722 -0.019330916531 1.683178059876
0.000000000000 0.000000000000 0.000000000000 1.000000000000
15 41 60
0.923113999487 0.211531661210 0.321115088801 -1.000952269830
-0.241993683276 0.968564880588 0.057629240369 -0.083758232079
-0.298830388690 -0.130906181659 0.945285126509 -0.042415895251
0.000000000000 0.000000000000 0.000000000000 1.000000000000
15 52 60
-0.093825706278 -0.640980628365 -0.761800873524 0.999891796643
-0.978460152476 -0.081957664362 0.189469446793 -0.920615489505
-0.183881665365 0.763168903529 -0.619484267621 3.552329741300
0.000000000000 0.000000000000 0.000000000000 1.000000000000
15 53 60
0.691580463537 0.710847379791 -0.128111143540 0.392719798704
-0.337536723719 0.474865450151 0.812755660942 -1.354243905306
0.638580787837 -0.518843721074 0.568344763772 1.458537352469
0.000000000000 0.000000000000 0.000000000000 1.000000000000
16 18 60
0.943710819825 -0.039224348869 0.328437724693 -0.077234350229
0.051382804711 0.998274598350 -0.028418896322 -0.313556291793
-0.326756324997 0.043695271414 0.944097996677 0.942225332898
0.000000000000 0.000000000000 0.000000000000 1.000000000000
16 19 60
0.985069652645 0.101121862032 0.139327486364 -0.054983044281
-0.119482844943 0.984232550797 0.130422911009 -0.519757036488
-0.123942039688 -0.145122896094 0.981619944697 1.122346225713
0.000000000000 0.000000000000 0.000000000000 1.000000000000
16 20 60
0.693944381030 0.714053765646 -0.092565737742 -0.451018465590
-0.718032751856 0.695843816921 -0.015177276245 0.440570588951
0.053573905011 0.076997416968 0.995590897147 1.469289522577
0.000000000000 0.000000000000 0.000000000000 1.000000000000
16 21 60
0.540008844733 0.830584248622 -0.136089138257 -0.442771953705
-0.839949773811 0.521520179426 -0.150003599711 0.379735471741
-0.053617395354 0.195311311483 0.979274561358 1.612176209881
0.000000000000 0.000000000000 0.000000000000 1.000000000000
16 22 60
0.710741825159 0.652459850151 0.262949048126 -0.555612532525
-0.610886570516 0.757819921746 -0.229186745186 0.448822301146
-0.348803176495 0.002260563346 0.937193274581 1.540503622501
0.000000000000 0.000000000000 0.000000000000 1.000000000000
16 23 60
-0.387897254892 0.776412732692 -0.496708151897 -0.089243105254
0.898346014692 0.439021737388 -0.015308559317 0.510736248285
0.206179915448 -0.452153936857 -0.867782610940 2.489136384050
0.000000000000 0.000000000000 0.000000000000 1.000000000000
16 24 60
0.994666093319 0.082724036950 -0.061612470430 -0.279195167077
-0.049297283206 0.905944620230 0.420516495448 -0.515316685214
0.090604308233 -0.415236172300 0.905190466445 1.288266287160
0.000000000000 0.000000000000 0.000000000000 1.000000000000
16 25 60
-0.321504975145 -0.390030965652 0.862850158944 -0.703486383718
0.664995340788 0.555702543692 0.498974828688 -0.565368592095
-0.674103662419 0.734214225391 0.080707642424 1.682087353242
0.000000000000 0.000000000000 0.000000000000 1.000000000000
16 30 60
0.383215705541 -0.140473025452 0.912914591923 -2.880868345922
0.832730633561 0.480171934122 -0.275671191116 -0.586204134340
-0.399631599046 0.865853476520 0.300985617999 0.974426218377
0.000000000000 0.000000000000 0.000000000000 1.000000000000
16 36 60
-0.077062847656 -0.787527994079 0.611441719262 -1.218076126300
0.773093046614 0.340061122169 0.535430270405 -1.031675560603
-0.629593884014 0.513963122930 0.582626337785 0.787114853152
0.000000000000 0.000000000000 0.000000000000 1.000000000000
16 37 60
-0.990819842146 0.050285818317 -0.125488552805 0.369495434737
-0.064459941239 -0.991663022170 0.111576728918 -0.264934427157
-0.118831630404 0.118641421673 0.985800819983 0.296139727168
0.000000000000 0.000000000000 0.000000000000 1.000000000000
16 46 60
0.721700689695 0.001539713243 0.692203542158 -2.311914400182
-0.033342274126 0.998914093481 0.032541152425 -0.152761406661
-0.691401769776 -0.046564612402 0.720968327753 -0.603981901137
0.000000000000 0.000000000000 0.000000000000 1.000000000000
16 47 60
0.193593536178 0.030033369392 0.980622016617 -2.492177229166
0.045126792226 0.998200807134 -0.039480644117 0.065309127181
-0.980043425249 0.051895523502 0.191889914448 1.930476078355
0.000000000000 0.000000000000 0.000000000000 1.000000000000
16 52 60
0.060019883032 0.550930229832 -0.832390230299 1.598806267535
-0.276877785023 -0.791983810794 -0.544151022787 0.776290007668
-0.959028834708 0.263130243979 0.105005566051 1.364256636412
0.000000000000 0.000000000000 0.000000000000 1.000000000000
16 53 60
-0.054150180205 -0.115993921148 -0.991772740219 1.230539781659
-0.995049876876 -0.076616770529 0.063289912335 -0.440848650517
-0.083327669555 0.990290503201 -0.111270925026 1.983454765607
0.000000000000 0.000000000000 0.000000000000 1.000000000000
16 55 60
0.832532507881 -0.098780826688 0.545098130249 -1.553949388037
0.012770064749 0.987134497184 0.159381334903 -0.440990828424
-0.553828988739 -0.125729204038 0.823082996109 -0.114181637770
0.000000000000 0.000000000000 0.000000000000 1.000000000000
16 57 60
0.765471064935 0.261583785790 -0.587901328250 1.140561081471
-0.121759854660 -0.838253309703 -0.531512865851 0.741735319807
-0.631845381830 0.478440499732 -0.609808249925 2.756287805546
0.000000000000 0.000000000000 0.000000000000 1.000000000000
16 58 60
1.000000000000 0.000000000000 0.000000000000 0.000000000000
0.000000000000 1.000000000000 0.000000000000 0.000000000000
0.000000000000 0.000000000000 1.000000000000 0.000000000000
0.000000000000 0.000000000000 0.000000000000 1.000000000000
16 59 60
0.910715772716 0.135239154157 0.390265489774 -0.598022027240
-0.274429050473 0.904286691273 0.327038646405 -0.873786448740
-0.308683458549 -0.404939441360 0.860661705462 0.310907557184
0.000000000000 0.000000000000 0.000000000000 1.000000000000
17 19 60
0.901921748301 0.430647196982 0.032865661016 -0.268994234185
-0.430215091745 0.889085408785 0.156339728544 -0.287195573046
0.038106886215 -0.155145504666 0.987156389639 0.287070499378
0.000000000000 0.000000000000 0.000000000000 1.000000000000
17 20 60
-0.513474466089 0.812631483062 -0.275633897429 -0.258590948760
-0.623533753548 -0.132660480189 0.770458860149 -0.829450290020
0.589533400971 0.567477990527 0.574820928121 0.925480930764
0.000000000000 0.000000000000 0.000000000000 1.000000000000
17 21 60
0.839411942167 -0.337139553842 0.426291581645 -0.731739182665
0.218401815891 0.927478045364 0.303455305083 -0.371391299540
-0.497682869066 -0.161621151471 0.852168038145 0.729476234823
0.000000000000 0.000000000000 0.000000000000 1.000000000000
17 22 60
0.924603960367 -0.114858080139 0.363201236095 -0.520583038181
-0.036274654910 0.922578933996 0.384099283984 -0.375867269170
-0.379198715564 -0.368314718648 0.848853698903 0.637236251287
0.000000000000 0.000000000000 0.000000000000 1.000000000000
17 23 60
-0.005568674655 0.722577860765 0.691267115516 -1.093653755159
-0.649641084518 -0.528145946803 0.546834819834 -0.452356257098
0.760220659525 -0.446030373414 0.472357338064 0.993316390344
0.000000000000 0.000000000000 0.000000000000 1.000000000000
17 24 60
0.187499442066 -0.943900489071 -0.271837867039 0.086442845299
0.943735998606 0.249858100114 -0.216640935059 0.194984277635
0.272408377552 -0.215923126457 0.937641125005 0.090984215327
0.000000000000 0.000000000000 0.000000000000 1.000000000000
17 25 60
-0.968506381785 0.189505782513 -0.161502157370 -0.158263173496
-0.225856399369 -0.941675046511 0.249473432740 -0.366558866434
-0.104805893465 0.278092907449 0.954819385812 0.384247083845
0.000000000000 0.000000000000 0.000000000000 1.000000000000
17 26 60
0.241596681680 -0.700936160506 0.671058523749 -2.342499732457
-0.263393268634 -0.712950600516 -0.649865699405 1.188363648117
0.933945945673 -0.019746901501 -0.356868365706 3.073769063013
0.000000000000 0.000000000000 0.000000000000 1.000000000000
17 27 60
0.899454203720 -0.189900410545 0.393598741722 -1.146871320654
0.338223668513 0.872839299448 -0.351790146815 1.437288774447
-0.276743356682 0.449543536728 0.849307790568 -1.097387003068
0.000000000000 0.000000000000 0.000000000000 1.000000000000
17 28 60
0.679871154555 -0.116784236782 0.723972827697 -2.947334298762
0.618186304153 -0.439804216416 -0.651473671440 1.234562158952
0.394488157694 0.890468243826 -0.226815784674 1.944145499393
0.000000000000 0.000000000000 0.000000000000 1.000000000000
17 30 60
-0.269844996825 -0.909392256116 0.316527095529 -0.380670207503
-0.631570291340 -0.080978298525 -0.771078129806 2.870235633198
0.726844305739 -0.407980685429 -0.552493543429 2.368006828980
0.000000000000 0.000000000000 0.000000000000 1.000000000000
17 31 60
-0.499766003217 -0.627607159076 0.596944885148 -1.125524613274
-0.844566678120 0.506025061551 -0.175059313637 -0.188567946110
-0.192200593748 -0.591648452173 -0.782950216044 1.905800524215
0.000000000000 0.000000000000 0.000000000000 1.000000000000
17 32 60
-0.238103521180 -0.653873510696 -0.718161642816 0.743867022679
-0.830729440610 -0.245977643300 0.499383215076 -0.490727875986
-0.503185164433 0.715502921732 -0.484623832769 1.683105010753
0.000000000000 0.000000000000 0.000000000000 1.000000000000
17 33 60
0.046994291029 0.738124025605 -0.673026343790 0.892880211547
-0.612507938365 0.553531272981 0.564302361569 -1.478169191077
0.789066259607 0.385714988892 0.478119634917 -1.155996613729
0.000000000000 0.000000000000 0.000000000000 1.000000000000
17 34 60
0.734760653264 0.270103333570 0.622230641811 -0.804697252938
-0.343544477923 0.939134291862 -0.001993373188 0.071817193451
-0.584896549916 -0.212299248803 0.782831434508 0.357520482490
0.000000000000 0.000000000000 0.000000000000 1.000000000000
17 35 60
0.815863950958 0.051649459876 0.575932588783 -2.008015474169
0.041075228134 0.988310269603 -0.146818379743 -0.043390007708
-0.576783182107 0.143440385844 0.804205207983 -0.589371812440
0.000000000000 0.000000000000 0.000000000000 1.000000000000
17 36 60
0.679909452891 -0.210784540037 0.702348213887 -1.655562839349
0.269224572810 0.962661979749 0.028285016201 -0.602648747161
-0.682085966184 0.169858147958 0.711271357716 -0.278771930942
0.000000000000 0.000000000000 0.000000000000 1.000000000000
17 37 60
-0.466999565419 0.607238428026 -0.642785265409 1.685414644758
-0.386550947548 0.513592704713 0.766029306629 -1.075901118505
0.795292254991 0.606204606708 -0.005118980162 0.310734333836
0.000000000000 0.000000000000 0.000000000000 1.000000000000
17 38 60
-0.576107298272 -0.598181955010 -0.557026686595 1.105655998610
-0.628181701236 0.760043391570 -0.166498628110 0.007573706323
0.522960926944 0.253992896813 -0.813633503033 2.505314969730
0.000000000000 0.000000000000 0.000000000000 1.000000000000
17 41 60
0.630059389279 -0.491171778892 0.601477721617 -1.620979471842
0.238209084262 0.859458875960 0.452312804051 -1.174227260055
-0.739108651118 -0.141706471813 0.658511714163 -0.309782633399
0.000000000000 0.000000000000 0.000000000000 1.000000000000
17 42 60
-0.109853210953 0.867800341474 -0.484618240867 1.284328600491
-0.846676835804 0.173695636146 0.502959403626 -0.857986746338
0.520644415850 0.465566744217 0.715665423870 -1.508851939550
0.000000000000 0.000000000000 0.000000000000 1.000000000000
17 46 60
0.965872884736 -0.211061207955 -0.150142389180 -0.190758902149
0.250452482761 0.908849383134 0.333566114368 -1.618086081886
0.066053950757 -0.359785999273 0.930693779025 -0.992980976825
0.000000000000 0.000000000000 0.000000000000 1.000000000000
17 47 60
0.287439195325 -0.952900886472 -0.096739906715 0.036994822134
-0.608488807664 -0.259676711209 0.749872906967 -1.642831575817
-0.739675658609 -0.156677714484 -0.654470789146 2.646870193953
0.000000000000 0.000000000000 0.000000000000 1.000000000000
17 48 60
0.562564330742 -0.603995629673 0.564544642267 -1.291660980376
0.543805300882 0.784669794460 0.297605625609 -0.200383559285
-0.622733625645 0.139580059454 0.769883262900 -0.272580366094
0.000000000000 0.000000000000 0.000000000000 1.000000000000
17 49 60
0.495868640642 -0.801259255426 0.334810240020 -0.980525666415
0.328967702347 0.530137234945 0.781495209799 -1.465045780927
-0.803675644797 -0.277377211970 0.526466846287 0.103807861213
0.000000000000 0.000000000000 0.000000000000 1.000000000000
17 50 60
0.168852867700 0.486731137236 -0.857077306381 2.640550863772
-0.434693524946 0.817202112564 0.378447151649 -0.266334373172
0.884607397912 0.308664068633 0.349565793943 0.008724215832
0.000000000000 0.000000000000 0.000000000000 1.000000000000
17 52 60
0.962883777218 0.264006900135 0.056171062409 0.298100678081
-0.259956329087 0.963060479249 -0.070265356165 -0.401651028638
-0.072646669152 0.053055348367 0.995945576561 -1.128658715982
0.000000000000 0.000000000000 0.000000000000 1.000000000000
17 53 60
0.939446775558 -0.140593798488 0.312527022384 -0.541148432127
0.227014143574 0.938485878298 -0.260209213621 0.201903828963
-0.256718395349 0.315400761037 0.913574313029 0.241474928917
0.000000000000 0.000000000000 0.000000000000 1.000000000000
17 54 60
0.984288694090 -0.105362155449 0.141684801182 -0.408589653261
0.056736543115 0.948622717901 0.311281068742 -0.399900160228
-0.167202665536 -0.298351730816 0.939696500662 0.068467376886
0.000000000000 0.000000000000 0.000000000000 1.000000000000
17 55 60
0.779830968375 0.623529899587 0.055444793121 -0.626924330757
-0.617644337098 0.751995401957 0.230257222008 -0.077800847037
0.101878033028 -0.213806874907 0.971549014013 -1.356470664124
0.000000000000 0.000000000000 0.000000000000 1.000000000000
17 56 60
0.894067417297 -0.408678164512 0.183372874710 -0.066347620758
0.300432996847 0.850751794416 0.431232418428 -0.442452103082
-0.332240075448 -0.330459592309 0.883409865304 -0.404148313517
0.000000000000 0.000000000000 0.000000000000 1.000000000000
17 57 60
0.522446736263 -0.728602181615 0.442931449227 -0.883974225725
0.811402680834 0.265168828173 -0.520875399784 0.397319596439
0.262059339280 0.631525417945 0.729726352262 -0.193866528681
0.000000000000 0.000000000000 0.000000000000 1.000000000000
17 58 60
0.179019098082 -0.568383629406 0.803051811744 -1.660700547980
0.817910321751 -0.367656413302 -0.442551090081 0.215601814381
0.546785943579 0.736049462728 0.399069317691 0.143916977832
0.000000000000 0.000000000000 0.000000000000 1.000000000000
17 59 60
0.978871148815 -0.199853021702 -0.043244002288 -0.346324000404
0.203953436898 0.939136178448 0.276452950622 -0.671492897839
-0.014637950491 -0.279431580261 0.960054020542 -0.421600801769
0.000000000000 0.000000000000 0.000000000000 1.000000000000
18 20 60
0.915998209427 -0.196028065269 0.350028967305 -0.396399265153
0.250973057146 0.960680960507 -0.118762859117 0.082288863337
-0.312985311017 0.196634406312 0.929179802483 0.194800469839
0.000000000000 0.000000000000 0.000000000000 1.000000000000
18 21 60
0.644401717377 -0.747071523558 0.163188741435 -0.297077601232
0.461666430244 0.550208410135 0.695797968237 -0.429264075493
-0.609598666195 -0.373034641965 0.699453087824 0.534899981691
0.000000000000 0.000000000000 0.000000000000 1.000000000000
18 22 60
0.776615196539 -0.600790550472 0.189524539225 -0.166539337334
0.455431466188 0.743290934884 0.490000781351 -0.197784966350
-0.435259711103 -0.294226614335 0.850869956754 0.369725469434
0.000000000000 0.000000000000 0.000000000000 1.000000000000
18 23 60
0.672412386064 -0.737401224438 0.064039185382 -0.009620449757
0.514085945624 0.527515229765 0.676345564691 -0.390701366270
-0.532519693137 -0.421861489784 0.733795380101 0.476439651658
0.000000000000 0.000000000000 0.000000000000 1.000000000000
18 24 60
0.452054441104 -0.318988179237 0.833002595305 -0.822464014756
-0.428004116900 0.741771068550 0.516321757995 -0.549028808760
-0.782597762708 -0.589934083919 0.198792651864 0.620692524732
0.000000000000 0.000000000000 0.000000000000 1.000000000000
18 25 60
0.373194971502 0.904520235959 0.206321729313 -0.343350779677
0.904305175500 -0.304971454438 -0.298704806695 0.302370179222
-0.207262304363 0.298052939458 -0.931776143969 1.849241701506
0.000000000000 0.000000000000 0.000000000000 1.000000000000
18 26 60
0.603137471667 -0.419455733457 0.678440917060 -0.698910132919
0.352321209012 0.903188654018 0.245193843590 -0.298020979545
-0.715608102212 0.091143529251 0.692530072361 0.377216725497
0.000000000000 0.000000000000 0.000000000000 1.000000000000
18 27 60
0.694777190485 0.709748163755 -0.116370956974 0.596830048485
-0.710763938347 0.702302076949 0.039829846327 0.061763324574
0.109996725073 0.055039410960 0.992406864000 -1.705778161058
0.000000000000 0.000000000000 0.000000000000 1.000000000000
18 28 60
0.364830727886 -0.744416738373 0.559233635989 -2.138461719217
-0.814454054144 -0.546210715915 -0.195750983415 1.029630198244
0.451179713284 -0.384054128281 -0.805567683607 3.143588618492
0.000000000000 0.000000000000 0.000000000000 1.000000000000
18 30 60
0.678977136929 -0.706291733307 0.200354772817 -1.076861753832
-0.711584878034 -0.700273186796 -0.057135148616 1.313175396938
0.180657158399 -0.103775966953 -0.978056000341 3.675118506746
0.000000000000 0.000000000000 0.000000000000 1.000000000000
18 31 60
-0.725503501681 -0.592088709655 0.350821363299 -1.056355269595
0.681030890176 -0.691126652584 0.241952219900 -0.013135900951
0.099204816793 0.414457368117 0.904645507554 0.060345359072
0.000000000000 0.000000000000 0.000000000000 1.000000000000
18 32 60
0.895504672340 0.011348868599 0.444907389239 -0.933088272167
0.271275949052 0.778580389082 -0.565881557574 0.731242350431
-0.352818283659 0.627442253054 0.694143701116 -1.843872888860
0.000000000000 0.000000000000 0.000000000000 1.000000000000
18 34 60
0.847196197916 -0.140113625508 0.512471242299 -0.623348050377
0.081608231644 0.987469520735 0.135070508057 -0.083411672821
-0.524974950607 -0.072609349024 0.848014848732 0.244587118671
0.000000000000 0.000000000000 0.000000000000 1.000000000000
18 35 60
0.971822480661 0.071735884247 0.224532912938 -1.120584037469
-0.170455334664 0.871810032555 0.459230057837 -1.035426057736
-0.162806771866 -0.484562926820 0.859472352660 -1.027414107873
0.000000000000 0.000000000000 0.000000000000 1.000000000000
18 36 60
0.978002443406 -0.078820250012 0.193128425875 0.112490750719
0.081704304540 -0.707130122912 -0.702347062277 1.529679873696
0.191926098571 0.702676566749 -0.685135034303 2.197133214326
0.000000000000 0.000000000000 0.000000000000 1.000000000000
18 37 60
0.659671169447 -0.022728846002 0.751210588157 -2.313943818743
0.080176943950 0.995966751989 -0.040272653136 -0.064995130273
-0.747265418616 0.086796477412 0.658832881427 0.733510831386
0.000000000000 0.000000000000 0.000000000000 1.000000000000
18 38 60
0.238527278501 0.971028194434 -0.014456245217 -0.512333557983
-0.406104167111 0.113256829196 0.906781283494 -1.501541899462
0.882147460953 -0.210421330324 0.421353439382 -0.164121801777
0.000000000000 0.000000000000 0.000000000000 1.000000000000
18 39 60
-0.173287228970 0.391952245288 -0.903518109220 1.937232880012
-0.939543373933 0.209322820142 0.271002224097 -0.786604848404
0.295346888884 0.895855677205 0.331983163497 -0.012075466444
0.000000000000 0.000000000000 0.000000000000 1.000000000000
18 40 60
0.911335889270 -0.375652914590 0.168379882077 -0.027593915695
0.150927569293 0.685435755892 0.712319235577 -1.228788231708
-0.382998388711 -0.623748917679 0.681358585430 0.118730664237
0.000000000000 0.000000000000 0.000000000000 1.000000000000
18 41 60
0.257845415969 0.964143967958 -0.062786547237 0.531596756447
-0.955691149820 0.264057647841 0.130107589217 0.010499389750
0.142021715309 0.026456902060 0.989509911377 -1.478369044190
0.000000000000 0.000000000000 0.000000000000 1.000000000000
18 42 60
-0.534288104427 0.787912811004 -0.306152941721 1.254234326972
-0.771552309327 -0.306608248727 0.557403279309 -1.083104105477
0.345316167359 0.534026950696 0.771733088892 -1.768616788329
0.000000000000 0.000000000000 0.000000000000 1.000000000000
18 43 60
0.772547406724 0.522702750723 0.360489027226 -2.451789416212
-0.634885689276 0.627383067156 0.450899821023 -1.212556311975
0.009521865172 -0.577210811951 0.816539657733 -1.168652826991
0.000000000000 0.000000000000 0.000000000000 1.000000000000
18 44 60
0.490667971802 -0.732018704258 0.472645277205 -0.646034114158
-0.794430854079 -0.598651552268 -0.102449680597 -0.128400771313
0.357944911313 -0.325215214256 -0.875277387393 3.994998731051
0.000000000000 0.000000000000 0.000000000000 1.000000000000
18 45 60
0.892726978023 -0.431483992420 -0.129846474709 1.475118084826
0.341481763266 0.835856815212 -0.429806456234 0.944527155014
0.293987666521 0.339359615671 0.893535843257 -0.806767537199
0.000000000000 0.000000000000 0.000000000000 1.000000000000
18 46 60
0.557010243604 0.808548609564 0.189706970068 -1.163484819415
-0.721558350492 0.584245735257 -0.371497601162 1.516475707430
-0.411209357086 0.070043320923 0.908845860330 -1.608705236793
0.000000000000 0.000000000000 0.000000000000 1.000000000000
18 47 60
0.401436298628 0.891648474638 -0.209312913644 0.874391145198
-0.909887037230 0.414368399400 0.020109924390 -0.532628344521
0.104663640408 0.182378253237 0.977641905363 -1.045425085207
0.000000000000 0.000000000000 0.000000000000 1.000000000000
18 48 60
0.554551862287 -0.383457294009 0.738534180458 -1.290327436336
0.699048316750 0.696141929390 -0.163456003238 0.767432661741
-0.451446212613 0.606915906709 0.654101979282 -0.140666956690
0.000000000000 0.000000000000 0.000000000000 1.000000000000
18 49 60
0.725556792561 0.648634131062 0.229871931277 -0.406650516781
-0.684397797246 0.715031402019 0.142582429674 -0.663433254904
-0.071881818930 -0.260775493764 0.962719661147 -0.476181717317
0.000000000000 0.000000000000 0.000000000000 1.000000000000
18 50 60
0.981944315525 -0.150344709563 0.114812148814 -1.720624580848
0.152901987262 0.988145686264 -0.013750818466 0.802277351168
-0.111383766772 0.031057543742 0.993292044404 -1.858407292529
0.000000000000 0.000000000000 0.000000000000 1.000000000000
18 51 60
0.410368222735 0.044070697183 0.910854376626 -2.647229561899
0.875986995684 0.258571653916 -0.407170091219 2.234764162531
-0.253465392433 0.964986255571 0.067504232445 1.197812429449
0.000000000000 0.000000000000 0.000000000000 1.000000000000
18 52 60
0.455498719636 0.847353663442 0.272970118259 -0.353461824449
-0.661016407439 0.116537488807 0.741266701531 -1.890772671118
0.596303803028 -0.518083760366 0.613197351380 -0.090049409535
0.000000000000 0.000000000000 0.000000000000 1.000000000000
18 53 60
0.848473125048 -0.511194883620 -0.137015134315 -0.058061936722
0.506065614134 0.859430314569 -0.072643847574 0.128352770833
0.154890123191 -0.007702295726 0.987901677485 0.063682125693
0.000000000000 0.000000000000 0.000000000000 1.000000000000
18 54 60
0.918215789011 -0.108850220651 0.380829875764 -1.419110022678
0.075708906022 0.992001941110 0.100996585998 0.794077323822
-0.388777476661 -0.063904446625 0.919112776183 -0.971504049783
0.000000000000 0.000000000000 0.000000000000 1.000000000000
18 55 60
0.965714201640 0.087376127433 0.244461639335 -1.034080909993
-0.083942629414 0.996170598803 -0.024449397682 0.260304892390
-0.245661791329 0.003090377766 0.969350676405 -1.360623289343
0.000000000000 0.000000000000 0.000000000000 1.000000000000
18 56 60
0.925076061228 -0.068131380270 0.373620657842 -1.265018525734
0.272114069061 0.805176082646 -0.526920686018 0.878977389208
-0.264930584046 0.589109150291 0.763388626245 -1.167751178313
0.000000000000 0.000000000000 0.000000000000 1.000000000000
18 57 60
0.968861289198 0.125281803482 0.213570297582 -0.234811921824
-0.161320317720 0.973742960337 0.160625036293 -0.600446534683
-0.187839179576 -0.190076608002 0.963632360243 -0.778775333455
0.000000000000 0.000000000000 0.000000000000 1.000000000000
18 58 60
-0.735461815435 -0.545856428903 -0.401418331747 0.573836722345
-0.662162316440 0.453420150059 0.596616488380 -1.358869528481
-0.143655785555 0.704592738074 -0.694918764123 2.119680245247
0.000000000000 0.000000000000 0.000000000000 1.000000000000
19 21 60
0.981941753369 0.111081212653 0.153138359618 -0.093429509183
-0.114936546291 0.993235312154 0.016528914593 0.027996162677
-0.150266374541 -0.033831625536 0.988066514864 0.120878314036
0.000000000000 0.000000000000 0.000000000000 1.000000000000
19 22 60
0.940136817191 -0.195696573985 0.279008272087 -0.024369988014
0.215821336400 0.975484775680 -0.043018637476 0.190048168237
-0.263749721738 0.100659343065 0.959324648352 0.122639061906
0.000000000000 0.000000000000 0.000000000000 1.000000000000
19 23 60
0.086603641293 -0.928333217661 0.361520741179 -0.066705076251
0.992959531608 0.050996937979 -0.106914362487 0.348699107594
0.080815703326 0.368234638926 0.926213837508 0.044677845393
0.000000000000 0.000000000000 0.000000000000 1.000000000000
19 24 60
0.858294629961 -0.061611604889 0.509445127883 -0.206914872587
-0.160876478022 0.910411417923 0.381142767128 -0.183944337646
-0.487287478805 -0.409090528193 0.771489373059 0.063291665085
0.000000000000 0.000000000000 0.000000000000 1.000000000000
19 25 60
0.631258250410 -0.376338504765 0.678146260862 -0.524568037013
0.242866468686 0.926324454900 0.287991115560 -0.224318213176
-0.736565611251 -0.017097780113 0.676149958395 0.249825862720
0.000000000000 0.000000000000 0.000000000000 1.000000000000
19 26 60
0.252381406211 -0.698065993927 0.670080214543 -0.645321865405
0.661696452077 0.629780363588 0.406859311000 -0.317094619501
-0.706018010470 0.340705975530 0.620852645263 0.309695814951
0.000000000000 0.000000000000 0.000000000000 1.000000000000
19 27 60
0.985124207051 -0.161299225018 0.059269357089 0.029984914710
0.144370600196 0.963916379495 0.223656752948 -0.126837662164
-0.093206365021 -0.211772928744 0.972864224941 -1.925938102761
0.000000000000 0.000000000000 0.000000000000 1.000000000000
19 28 60
0.294235744865 0.531077258910 -0.794595665425 2.232592252233
-0.886432412621 0.462461697263 -0.019150885575 0.475851491550
0.357299460254 0.709990227843 0.606836857870 -0.975953051046
0.000000000000 0.000000000000 0.000000000000 1.000000000000
19 30 60
-0.115575697413 0.791583553739 -0.600031445524 1.312052243882
0.610037791243 -0.420164905472 -0.671800078494 1.717166602585
-0.783898049126 -0.443685620298 -0.434335030729 3.152071759221
0.000000000000 0.000000000000 0.000000000000 1.000000000000
19 31 60
-0.583827985311 -0.207920237413 0.784801923062 -1.188606145315
-0.266404123621 0.962190282626 0.056733613820 0.050372170610
-0.766924850611 -0.175951797074 -0.617144422823 1.159905390159
0.000000000000 0.000000000000 0.000000000000 1.000000000000
19 32 60
0.752605741785 -0.240662962097 0.612915929069 -1.011708465280
0.511194102857 0.800257838330 -0.313477242229 0.243800694916
-0.415048414811 0.549243780908 0.725304131036 -1.989317756536
0.000000000000 0.000000000000 0.000000000000 1.000000000000
19 33 60
0.083314708416 0.994772720581 0.059041457890 -0.037491317996
0.085968156417 0.051851792934 -0.994947670811 1.120850497141
-0.992808206777 0.087969460370 -0.081198759834 0.439589101691
0.000000000000 0.000000000000 0.000000000000 1.000000000000
19 34 60
0.912319291529 -0.340692258429 0.227161386133 -0.164170121720
0.309000513454 0.936812688477 0.164014235341 -0.159882757186
-0.268686049114 -0.079440366035 0.959946371031 -0.063349452136
0.000000000000 0.000000000000 0.000000000000 1.000000000000
19 35 60
0.743347489088 -0.524217233512 0.415488631078 -1.186574977620
0.668702760006 0.597670845170 -0.442296483815 0.874099585550
-0.016466002157 0.606618375029 0.794822632950 -1.115001229075
0.000000000000 0.000000000000 0.000000000000 1.000000000000
19 36 60
0.757806899391 -0.382126575083 0.528874260908 -0.392917236186
0.329292589814 0.923746205006 0.195599946400 -0.701245436101
-0.563289529043 0.025927386158 0.825852696985 -0.961734505441
0.000000000000 0.000000000000 0.000000000000 1.000000000000
19 37 60
0.962354882159 -0.003724606841 0.271770506290 -1.527320072649
0.063209554450 0.975557125266 -0.210458659998 0.417641687621
-0.264343778083 0.219714411557 0.939067593064 -0.554061252554
0.000000000000 0.000000000000 0.000000000000 1.000000000000
19 38 60
0.969846322216 0.243374472517 -0.012921973942 -0.589804819420
-0.239586255868 0.942345699050 -0.233630069727 0.316382069313
-0.044682628417 0.229681191239 0.972239689124 -0.925445671726
0.000000000000 0.000000000000 0.000000000000 1.000000000000
19 39 60
-0.567283444575 -0.555515298384 0.607940989548 -1.072956911987
-0.184610071981 0.805215133210 0.563513718176 -1.564934365856
-0.802563776179 0.207439973271 -0.559338933613 1.982642749903
0.000000000000 0.000000000000 0.000000000000 1.000000000000
19 40 60
0.878475785632 0.305705782998 0.367184242990 -0.505993135093
-0.388452805210 0.904435059499 0.176356574225 -0.627632260012
-0.278181078045 -0.297558729312 0.913276568421 -0.568905985622
0.000000000000 0.000000000000 0.000000000000 1.000000000000
19 41 60
0.821838199524 -0.080668551748 0.563980991312 -1.002020818668
-0.033402655063 0.981399509853 0.189048313126 -0.290813480097
-0.568740922070 -0.174205587797 0.803857062383 -1.145958864548
0.000000000000 0.000000000000 0.000000000000 1.000000000000
19 42 60
0.791190247468 -0.536315232745 0.293911489121 -2.012625282814
0.479232791679 0.842259323764 0.246850486960 -0.753712432496
-0.379939368441 -0.054453674428 0.923407209009 -1.788636474625
0.000000000000 0.000000000000 0.000000000000 1.000000000000
19 43 60
0.918523304138 0.035165052828 0.393799896920 -2.220823452730
-0.082605267553 0.991123135889 0.104169569825 -0.892385949197
-0.386641060322 -0.128212123314 0.913274516182 -1.674235016574
0.000000000000 0.000000000000 0.000000000000 1.000000000000
19 44 60
0.790061105416 0.475347805571 0.387101941932 -0.526893546117
-0.540708831300 0.837889401537 0.074668002153 -1.335677004431
-0.288855343489 -0.268301722937 0.919008583206 -1.574172880470
0.000000000000 0.000000000000 0.000000000000 1.000000000000
19 45 60
0.829583511007 -0.164583869617 0.533576000328 -0.250896962067
-0.028944985199 0.941614099900 0.335447573701 -1.487217792110
-0.557631945011 -0.293726125382 0.776383653339 -1.531647022820
0.000000000000 0.000000000000 0.000000000000 1.000000000000
19 46 60
0.617913051124 -0.099206411018 -0.779962530679 2.247698592796
0.103624955787 0.993629916783 -0.044288339455 -0.293021904920
0.779387791660 -0.053457239796 0.624257153523 -1.044964852948
0.000000000000 0.000000000000 0.000000000000 1.000000000000
19 47 60
-0.945622032796 -0.252025355722 -0.205626338690 0.289152095442
-0.325240145556 0.724425494494 0.607804697782 -1.379256393004
-0.004221233082 0.641631454186 -0.767001472091 1.893426444978
0.000000000000 0.000000000000 0.000000000000 1.000000000000
19 48 60
0.780934867266 0.588731633670 -0.208652334290 0.352593978871
-0.622716783516 0.707834029139 -0.333458835121 2.380662024209
-0.048626542293 0.390340941626 0.919385342865 -1.525286122353
0.000000000000 0.000000000000 0.000000000000 1.000000000000
19 49 60
0.989048679430 0.123036900783 -0.081514604609 0.556544926168
-0.052444570244 0.809242994274 0.585128484413 -0.983701720680
0.137957517992 -0.574445556398 0.806833332210 -0.381374560505
0.000000000000 0.000000000000 0.000000000000 1.000000000000
19 50 60
0.972500172701 0.167602109646 -0.161718727854 -0.440256529620
-0.171485075797 0.045439011973 -0.984138285491 3.348987072765
-0.157595313620 0.984807000906 0.072930707467 1.279011445139
0.000000000000 0.000000000000 0.000000000000 1.000000000000
19 51 60
0.925747207216 0.349736337346 -0.143793611369 0.898908043290
-0.376158183658 0.890619374260 -0.255542855623 0.487049970395
0.038692753819 0.290657228591 0.956044583829 -2.008168289744
0.000000000000 0.000000000000 0.000000000000 1.000000000000
19 52 60
0.871806066726 0.485260037646 -0.066909475287 0.858733309907
-0.474210607124 0.870300168902 0.133048547909 -0.801659073557
0.122794471010 -0.084263348338 0.988848424187 -1.454692587693
0.000000000000 0.000000000000 0.000000000000 1.000000000000
19 53 60
0.944040779137 -0.231644186076 -0.234793480282 0.246189094402
0.258124654261 0.962028971050 0.088723850923 0.124908264489
0.205325766012 -0.144364919273 0.967987654826 -0.146427793847
0.000000000000 0.000000000000 0.000000000000 1.000000000000
19 54 60
0.936429271770 -0.116810373371 0.330840680155 -1.053942618126
0.058610101224 0.981781936891 0.180745911239 0.737879616295
-0.345926401142 -0.149865156284 0.926215612007 -1.383849575479
0.000000000000 0.000000000000 0.000000000000 1.000000000000
19 55 60
0.998227458706 -0.037571396966 0.046155506881 -0.108986144159
0.047257960941 0.971804182016 -0.231005014978 0.927261490986
-0.036174933491 0.232776764191 0.971857166584 -1.593024617588
0.000000000000 0.000000000000 0.000000000000 1.000000000000
19 56 60
0.889683773851 -0.375402935007 0.259875775966 -0.622050386448
0.434394112481 0.871226246350 -0.228618859050 0.191937827487
-0.140586406127 0.316286996349 0.938188679506 -1.761620972029
0.000000000000 0.000000000000 0.000000000000 1.000000000000
19 57 60
0.902804362283 -0.202331116518 0.379481755467 -0.213161527715
0.178073860972 0.979086741562 0.098381159454 -0.003074556458
-0.391451125279 -0.021243158557 0.919953664448 -1.084617596311
0.000000000000 0.000000000000 0.000000000000 1.000000000000
19 58 60
0.763351275688 -0.261573928122 0.590655491832 -1.826991316492
0.262334933012 0.961084643616 0.086583432176 -0.495615534435
-0.590317891332 0.088855995478 0.802265167660 -1.883159624155
0.000000000000 0.000000000000 0.000000000000 1.000000000000
19 59 60
0.995569774528 -0.085974638384 -0.038068170448 -0.908946324830
0.092516072320 0.967966091507 0.233414699740 -0.274733530165
0.016780953756 -0.235902537602 0.971631819335 -1.945511566712
0.000000000000 0.000000000000 0.000000000000 1.000000000000
20 22 60
0.977019270950 -0.014943009996 0.212626552070 -0.046994561133
-0.013539453143 0.991174316755 0.131871744563 -0.037217379146
-0.212720538269 -0.131720082971 0.968194088156 0.080242393995
0.000000000000 0.000000000000 0.000000000000 1.000000000000
20 23 60
0.763711681580 -0.501950226037 0.405943885284 -0.211396187768
0.522125771168 0.850085360005 0.068844460832 -0.100614626660
-0.379643446539 0.159376445205 0.911301268634 0.120082160915
0.000000000000 0.000000000000 0.000000000000 1.000000000000
20 24 60
0.866939120709 -0.036488840836 0.497076579089 -0.165294613978
0.258419861761 0.885699997205 -0.385687295614 0.552952473845
-0.426187442368 0.462821865781 0.777277417994 0.168443795698
0.000000000000 0.000000000000 0.000000000000 1.000000000000
20 25 60
0.879521525985 0.294957263585 0.373419466536 -0.303124542770
-0.332021005890 0.942525030485 0.037531567480 -0.118625068382
-0.340886985638 -0.156992928401 0.926903060441 -0.017977718200
0.000000000000 0.000000000000 0.000000000000 1.000000000000
20 26 60
0.817605062631 0.465195816800 0.339285740331 -0.394919507462
-0.476891165983 0.877320837220 -0.053693243391 0.173818429800
-0.322640321980 -0.117902504682 0.939149733547 -0.105027486407
0.000000000000 0.000000000000 0.000000000000 1.000000000000
20 27 60
-0.388662836800 0.156172144161 -0.908048159889 2.535997901865
-0.741826267675 0.531483300099 0.408924553314 -1.053782814953
0.546475056958 0.832547754248 -0.090715208311 1.468561896187
0.000000000000 0.000000000000 0.000000000000 1.000000000000
20 28 60
0.895512199988 0.403310615771 -0.188144749807 0.353800726991
-0.428900934550 0.669317014544 -0.606678434085 1.903911845349
-0.118751370582 0.623983398216 0.772361852201 -1.409340109788
0.000000000000 0.000000000000 0.000000000000 1.000000000000
20 30 60
0.824479867761 0.139531729652 -0.548419405270 0.731127437224
-0.307124984156 0.924308601192 -0.226556513633 0.538822512250
0.475296951140 0.355224585555 0.804927513540 -2.121482720879
0.000000000000 0.000000000000 0.000000000000 1.000000000000
20 31 60
-0.362181119542 -0.103028283393 0.926396248626 -1.036858985694
-0.133196682012 -0.977952125984 -0.160836199857 0.032927673074
0.922541858426 -0.181644741473 0.340472770346 0.856602796863
0.000000000000 0.000000000000 0.000000000000 1.000000000000
20 32 60
0.910343000897 0.207063899663 0.358329683634 -0.888203576079
-0.132952340863 0.966261660875 -0.220594827189 -0.531870300547
-0.391917460412 0.153176186726 0.907159170181 -1.989736262321
0.000000000000 0.000000000000 0.000000000000 1.000000000000
20 33 60
0.981019249599 0.007811274629 0.193752976506 -1.354555066526
0.066590462728 0.924852903602 -0.374450019326 0.077691232914
-0.182117934838 0.380244777332 0.906778345089 -1.797366905094
0.000000000000 0.000000000000 0.000000000000 1.000000000000
20 34 60
-0.755843829598 0.047556006764 -0.653022611767 0.772616226115
-0.488944985203 -0.704329036137 0.514639106849 -0.599326523396
-0.435468605876 0.708278924630 0.555615026994 0.274913688033
0.000000000000 0.000000000000 0.000000000000 1.000000000000
20 35 60
0.957427861006 0.280128364426 -0.069713631467 -0.287082762075
-0.285181322339 0.955298367636 -0.077952820225 0.148281150205
0.044760522310 0.094515227534 0.994516650140 -1.662679841101
0.000000000000 0.000000000000 0.000000000000 1.000000000000
20 36 60
0.865324810767 -0.252230042470 0.433120049809 -0.208620245834
0.218913828562 0.967561609059 0.126100231320 -0.658500316884
-0.450876599010 -0.014301690474 0.892471710540 -1.165547711212
0.000000000000 0.000000000000 0.000000000000 1.000000000000
20 37 60
0.894799611075 -0.398235810577 0.201846216693 -1.463714649083
0.407142989213 0.913359931719 -0.002867309838 -0.478805403344
-0.183216381239 0.084745939754 0.979413030004 -0.848570449185
0.000000000000 0.000000000000 0.000000000000 1.000000000000
20 38 60
0.740839808699 -0.405687631512 0.535325997393 -1.406870126741
0.671085500111 0.413486746035 -0.615364089295 0.515785057602
0.028295395173 0.815135728877 0.578578528914 -0.546166976320
0.000000000000 0.000000000000 0.000000000000 1.000000000000
20 39 60
-0.321592252043 -0.931857251652 0.167989541252 -0.233952238089
0.693694313831 -0.111108508441 0.711648156261 -1.833222543607
-0.644489427674 0.345393922784 0.682155712224 -1.192975093624
0.000000000000 0.000000000000 0.000000000000 1.000000000000
20 40 60
0.927250787144 -0.298309967030 0.226312044116 -0.621662875265
0.127820830021 0.820268088697 0.557514213342 -1.314620337129
-0.351948594476 -0.488028099843 0.798724458503 -0.257651997687
0.000000000000 0.000000000000 0.000000000000 1.000000000000
20 42 60
0.898944161355 0.422846841073 0.114454985735 -0.976162213375
0.076205139243 0.106343649268 -0.991404965195 3.189373892408
-0.431384018617 0.899939763126 0.063373900205 1.543863704373
0.000000000000 0.000000000000 0.000000000000 1.000000000000
20 43 60
0.781506112005 0.592678287041 -0.194886235966 0.756269256348
-0.609347575785 0.658019278609 -0.442386890474 0.158140455413
-0.133954204055 0.464481514216 0.875393165479 -1.710024373310
0.000000000000 0.000000000000 0.000000000000 1.000000000000
20 44 60
0.324722878420 -0.335403446763 0.884341325581 -1.668205408293
0.191502733457 0.938959501033 0.285800207310 -1.279296160270
-0.926219064428 0.076547915187 0.369132308761 -1.222589697026
0.000000000000 0.000000000000 0.000000000000 1.000000000000
20 47 60
-0.601782862951 -0.406717801619 -0.687341265824 1.102453254455
0.790117757426 -0.177646929841 -0.586647677671 1.243860948456
0.116495988160 -0.896115058552 0.428259835355 0.580002150668
0.000000000000 0.000000000000 0.000000000000 1.000000000000
20 48 60
0.663802859756 0.668753629959 -0.334864667883 0.919152625430
-0.656677985536 0.735445606808 0.167014318967 0.963623996626
0.357966180934 0.109033672982 0.927346683535 -2.430603057518
0.000000000000 0.000000000000 0.000000000000 1.000000000000
20 49 60
0.265316435254 0.788377149649 -0.555039331125 2.117663026669
0.764531452249 -0.522774665276 -0.377091909045 -0.408008619248
-0.587451144952 -0.324296344809 -0.741439837773 3.015766530708
0.000000000000 0.000000000000 0.000000000000 1.000000000000
20 50 60
0.908575843817 0.226621430455 0.350902640758 -0.597500199192
-0.226169710037 0.973144120271 -0.042869376530 0.208922243341
-0.351193961073 -0.040413468557 0.935430143445 -2.534246734593
0.000000000000 0.000000000000 0.000000000000 1.000000000000
20 51 60
-0.285726287082 -0.770026098503 -0.570456217859 1.376349168772
0.300124171855 0.493424010767 -0.816368928284 3.023098286144
0.910102175769 -0.404465762732 0.090119234567 1.661639674226
0.000000000000 0.000000000000 0.000000000000 1.000000000000
20 52 60
0.685344314806 -0.500216895394 0.529231733482 -0.997357495151
0.715488935323 0.597830707205 -0.361488629079 1.803139640444
-0.135568261745 0.626403626335 0.767619530316 -0.634209616347
0.000000000000 0.000000000000 0.000000000000 1.000000000000
20 53 60
0.985170467581 0.095977638490 -0.142223214407 0.129325201763
-0.076060365305 0.987309443690 0.139409050029 -0.146328761284
0.153798474102 -0.126524129360 0.979968200532 -0.154220384360
0.000000000000 0.000000000000 0.000000000000 1.000000000000
20 54 60
0.993770257084 0.074642591902 -0.082759649649 0.050075082765
-0.066843895635 0.993391271164 0.093304212082 -0.136135920725
0.089177181791 -0.087190973443 0.992192100552 -0.190957818869
0.000000000000 0.000000000000 0.000000000000 1.000000000000
20 55 60
0.749326816042 0.411894280370 -0.518509811439 0.843658292624
-0.560523932866 0.811442879746 -0.165449006023 -0.038653686016
0.352593595297 0.414612535638 0.838912511438 -0.245792798954
0.000000000000 0.000000000000 0.000000000000 1.000000000000
20 56 60
0.703893192572 0.483910858122 -0.519966013161 0.699520012011
-0.487860401008 0.861417105655 0.141254377681 -0.560241606105
0.516262145213 0.154242832820 0.842426581931 -1.488307422087
0.000000000000 0.000000000000 0.000000000000 1.000000000000
20 57 60
0.343162072781 -0.831462559459 -0.436932264800 1.323078259141
-0.809424425945 -0.497775551269 0.311531056627 -1.027285059238
-0.476520608672 0.246758004484 -0.843823794837 1.957384058375
0.000000000000 0.000000000000 0.000000000000 1.000000000000
20 58 60
0.825405523665 -0.175867214488 0.536447988506 -0.935692335266
0.426367853107 0.817022651808 -0.388180937541 0.045956961815
-0.370021857924 0.549130867190 0.749359136434 -0.746524340670
0.000000000000 0.000000000000 0.000000000000 1.000000000000
20 59 60
0.948124191305 0.253900768580 0.191297981109 -1.416212963471
-0.298166990730 0.918952648272 0.258113300459 -0.064410511246
-0.110258620982 -0.301762207623 0.946986064602 -1.835894260389
0.000000000000 0.000000000000 0.000000000000 1.000000000000
21 23 60
0.950818593311 0.307421376398 0.037895909366 0.004583550976
-0.304583321686 0.950189214107 -0.066101872476 -0.000656320717
-0.056329412957 0.051308427450 0.997092995918 0.051888358868
0.000000000000 0.000000000000 0.000000000000 1.000000000000
21 24 60
0.672222678515 -0.650912487305 0.352745807007 -0.165213423062
0.243943972259 0.644590424491 0.724565057847 -0.320155576936
-0.699005013493 -0.401018850585 0.592094479443 -0.055848146108
0.000000000000 0.000000000000 0.000000000000 1.000000000000
21 25 60
0.911873266817 -0.329792810068 0.244384630638 -0.211274147290
0.394498230703 0.868606359334 -0.299823512249 0.253416265566
-0.113394405667 0.369810349981 0.922161598534 -0.045218327651
0.000000000000 0.000000000000 0.000000000000 1.000000000000
21 26 60
0.991873486810 -0.009681132808 0.126859220518 -0.297480766129
0.030373987206 0.986287451177 -0.162217399041 0.222499109737
-0.123549209079 0.164752357549 0.978566427800 -0.164186755806
0.000000000000 0.000000000000 0.000000000000 1.000000000000
21 27 60
0.223200775254 -0.973814039197 0.043216096398 0.118045881844
-0.353965877889 -0.122278719132 -0.927230323133 0.874189250641
0.908234315150 0.191661503462 -0.371989646193 0.872279333425
0.000000000000 0.000000000000 0.000000000000 1.000000000000
21 28 60
-0.913661602615 -0.146553678685 -0.379136512579 1.619944608669
0.401232422415 -0.474501336316 -0.783492836621 1.962237088104
-0.065077024434 -0.867969182113 0.492335738895 -0.642001554426
0.000000000000 0.000000000000 0.000000000000 1.000000000000
21 29 60
0.714441736969 0.051965953462 -0.697762527051 1.293957027222
-0.294733988057 0.926799127439 -0.232755781158 0.667470673389
0.634590325139 0.371944776895 0.677460111136 -2.525193728007
0.000000000000 0.000000000000 0.000000000000 1.000000000000
21 30 60
0.371674033447 0.800312045369 0.470488090071 -2.235878686254
-0.633881159923 0.589041313885 -0.501223508659 1.811040409775
-0.678272134144 -0.111941773142 0.726234088617 -0.379382965114
0.000000000000 0.000000000000 0.000000000000 1.000000000000
21 31 60
-0.013413054751 0.946719057058 -0.321781163163 0.391014969976
-0.164978595402 -0.319494937633 -0.933115774106 0.820845520914
-0.986205938444 0.040571071359 0.160473783365 0.283342923554
0.000000000000 0.000000000000 0.000000000000 1.000000000000
21 32 60
0.956009195126 0.276001099925 0.099346925843 -0.204952079780
-0.189864078122 0.840379804146 -0.507654820348 0.269051231882
-0.223602438881 0.466460263713 0.855813514560 -2.214614277100
0.000000000000 0.000000000000 0.000000000000 1.000000000000
21 33 60
-0.807614107374 0.577901958698 0.117425634780 -0.092237704247
-0.436605253335 -0.719810907181 0.539674078183 -0.822810069677
0.396402959538 0.384579749904 0.833644474362 -1.978692373592
0.000000000000 0.000000000000 0.000000000000 1.000000000000
21 34 60
0.776762911718 0.626577470096 -0.063561410840 0.117977418831
-0.528027380262 0.592916557784 -0.607977829530 0.589675145638
-0.343258597378 0.505816794377 0.791405651896 -0.011345069389
0.000000000000 0.000000000000 0.000000000000 1.000000000000
21 35 60
0.972420090574 -0.070191721105 0.222423671711 -0.694663283770
0.216335898448 0.627840762444 -0.747672893756 1.199109751414
-0.087166200396 0.775170367921 0.625709960130 -0.911951754095
0.000000000000 0.000000000000 0.000000000000 1.000000000000
21 36 60
0.967064274671 0.008180181295 0.254400812282 -0.079442600082
0.122616235422 0.860894149729 -0.493787931984 0.451829450322
-0.223051445785 0.508718338175 0.831536953441 -1.273449673910
0.000000000000 0.000000000000 0.000000000000 1.000000000000
21 37 60
0.993835416100 -0.109089386986 0.019765407987 -0.998761427993
0.107486428256 0.904426452374 -0.412867363674 0.377196301608
0.027163089785 0.412446721279 0.910576668194 -0.978235342864
0.000000000000 0.000000000000 0.000000000000 1.000000000000
21 38 60
0.649040764715 0.208943103313 -0.731497686474 0.779464673661
-0.740664211289 -0.045959081068 -0.670301640295 2.016261107609
-0.173673866353 0.976847246219 0.124927361698 0.570478182475
0.000000000000 0.000000000000 0.000000000000 1.000000000000
21 39 60
0.858736149660 0.027350248851 -0.511687589409 1.057704209203
-0.400941743005 0.657688687025 -0.637723537024 1.249041118819
0.319089241410 0.752793168703 0.575746907217 -1.261619318707
0.000000000000 0.000000000000 0.000000000000 1.000000000000
21 40 60
0.970062440660 -0.242544217884 0.012294860424 -0.290960927531
0.235541613349 0.951971868470 0.195626455323 -0.882980294160
-0.059152426854 -0.186873925448 0.980601410556 -0.837423564861
0.000000000000 0.000000000000 0.000000000000 1.000000000000
21 42 60
0.571778874393 0.679777875514 -0.459315750612 1.331404964032
-0.773576033122 0.260272640347 -0.577787394865 0.563416805847
-0.273219764615 0.685682282583 0.674678269677 -1.159877538738
0.000000000000 0.000000000000 0.000000000000 1.000000000000
21 43 60
0.891384562708 0.453158671976 0.008987734914 0.478228376717
-0.370606985362 0.740130504626 -0.561121465035 0.516208275523
-0.260929154690 0.496844094394 0.827684675525 -1.742879559841
0.000000000000 0.000000000000 0.000000000000 1.000000000000
21 44 60
0.797479707535 0.237344932713 0.554701270040 -0.925918295621
-0.129857083662 0.965348762058 -0.226360123290 -0.412484576800
-0.589205612577 0.108485715688 0.800666969220 -2.111100815846
0.000000000000 0.000000000000 0.000000000000 1.000000000000
21 45 60
0.873181755275 -0.156912512108 0.461445647718 -2.163447955884
0.475897032669 0.478911158156 -0.737676159904 1.127379870327
-0.105240850202 0.863725978617 0.492850684600 -1.741051289422
0.000000000000 0.000000000000 0.000000000000 1.000000000000
21 47 60
-0.506884759266 -0.034926674188 -0.861305966689 1.209246223086
0.621674399369 -0.706981655333 -0.337191162683 0.913217655792
-0.597150552200 -0.706368930838 0.380071245367 0.272281002753
0.000000000000 0.000000000000 0.000000000000 1.000000000000
21 48 60
0.923606469544 0.270611882770 0.271514821549 -1.256021573671
-0.372608466775 0.800176562698 0.469979147406 -0.452330446913
-0.090077854686 -0.535244502458 0.839880528815 -2.507425575291
0.000000000000 0.000000000000 0.000000000000 1.000000000000
21 49 60
0.900848196235 0.240719397388 -0.361284789412 0.329646978954
-0.157143346910 0.956569873731 0.245519948666 0.598279985024
0.404695559478 -0.164402701900 0.899551697095 -2.225652859126
0.000000000000 0.000000000000 0.000000000000 1.000000000000
21 51 60
-0.576290704962 0.171012924737 -0.799151802192 2.316528244762
-0.806289953953 -0.278548125749 0.521830865124 -1.538125470749
-0.133362414226 0.945074346925 0.298410698965 -0.352242797075
0.000000000000 0.000000000000 0.000000000000 1.000000000000
21 52 60
0.035930439261 0.987257542621 -0.155021121378 0.804365774672
0.949591026215 -0.082067950674 -0.302558646223 1.466558766222
-0.311425571311 -0.136335600673 -0.940439640552 2.560023034889
0.000000000000 0.000000000000 0.000000000000 1.000000000000
21 53 60
0.962590338795 0.217476612433 -0.161628471205 0.091688636569
-0.191564446009 0.968069282237 0.161693932524 -0.161079568314
0.191632206804 -0.124682748744 0.973514925146 -0.103808704518
0.000000000000 0.000000000000 0.000000000000 1.000000000000
21 54 60
0.996996520059 -0.049815440426 -0.059298911330 -0.011170222379
0.043040328360 0.992943156597 -0.110505284495 0.072870114366
0.064385317615 0.107621139475 0.992104944657 -0.196180621986
0.000000000000 0.000000000000 0.000000000000 1.000000000000
21 55 60
0.802585738074 -0.246764358277 -0.543105408300 1.011138424336
-0.033915441446 -0.927833530961 0.371449433512 -0.225379900404
-0.595571889760 -0.279700358078 -0.753035081400 1.559481767596
0.000000000000 0.000000000000 0.000000000000 1.000000000000
21 56 60
0.670412033356 0.700905612950 0.243472847082 -1.091019731242
-0.696312951035 0.707657912829 -0.119868897682 -0.071660176962
-0.256312270000 -0.089171745217 0.962472036011 -1.983746231413
0.000000000000 0.000000000000 0.000000000000 1.000000000000
21 57 60
-0.631879295413 -0.291808122491 -0.718036611655 0.843816552448
-0.272921580831 0.950854587339 -0.146251032315 0.274107758520
0.725425645221 0.103554687895 -0.680466060778 2.732381969537
0.000000000000 0.000000000000 0.000000000000 1.000000000000
21 58 60
0.803570593923 0.386497186524 -0.452652433320 0.479755862420
-0.540451376550 0.792412047154 -0.282834681588 0.016207448350
0.249372432651 0.471914263753 0.845641955854 -1.055194433058
0.000000000000 0.000000000000 0.000000000000 1.000000000000
21 59 60
0.425762432442 0.764268234769 -0.484376316972 1.174282953707
0.893921725625 -0.438173586711 0.094381440781 -1.352553471000
-0.140108170985 -0.473178584924 -0.869753831376 3.129049647239
0.000000000000 0.000000000000 0.000000000000 1.000000000000
22 24 60
0.969960982593 0.208924119665 -0.124604993761 0.226579361937
-0.147615996607 0.912652039708 0.381150589613 -0.200593641183
0.193352553108 -0.351307510081 0.916077411340 -0.051633227998
0.000000000000 0.000000000000 0.000000000000 1.000000000000
22 25 60
0.450355190223 -0.793711887651 0.408902973872 -0.541213469300
0.865330305517 0.500837516438 0.019111370501 -0.126291740190
-0.219962871854 0.345229230410 0.912377725219 -0.165009865119
0.000000000000 0.000000000000 0.000000000000 1.000000000000
22 26 60
0.814600315715 -0.500264016021 0.293534052387 -0.451946730277
0.470483899720 0.865872827577 0.170026899540 -0.231972514682
-0.339221499526 -0.000400920378 0.940706443861 -0.071241719960
0.000000000000 0.000000000000 0.000000000000 1.000000000000
22 27 60
0.924207098087 -0.303668278822 0.231574645163 -0.795878876485
0.370788343173 0.568375225658 -0.734483224740 2.296769095709
0.091417965479 0.764679788732 0.637893075909 -0.695116987200
0.000000000000 0.000000000000 0.000000000000 1.000000000000
22 28 60
0.939279216932 -0.342546980107 -0.020398996506 -0.651937964746
-0.027339102685 -0.015443466749 -0.999506914833 2.655964706908
0.342063044048 0.939373762543 -0.023870654418 0.718662248190
0.000000000000 0.000000000000 0.000000000000 1.000000000000
22 29 60
0.659000807784 -0.751074038903 -0.040071478968 -0.179206525694
0.526593424058 0.498768036844 -0.688425603215 1.489712016519
0.537044971189 0.432571651301 0.724199189044 -2.435959582761
0.000000000000 0.000000000000 0.000000000000 1.000000000000
22 30 60
0.317249622237 0.369972301425 -0.873197098809 1.844759105374
-0.428190929647 0.877444745487 0.216201864897 -0.947560777007
0.846170907654 0.305305117538 0.436787797730 -1.424799367346
0.000000000000 0.000000000000 0.000000000000 1.000000000000
22 31 60
-0.434366995200 -0.336183032337 0.835647223563 -1.208231406258
0.065070350965 -0.937025958484 -0.343144579663 0.285992212748
0.898382525935 -0.094674821867 0.428888697914 0.613543639068
0.000000000000 0.000000000000 0.000000000000 1.000000000000
22 32 60
0.962040373290 -0.170048933310 0.213451822291 -0.147646111848
0.246797114137 0.875947981633 -0.414495256821 0.163860593627
-0.116488216627 0.451440465348 0.884664909236 -2.312683954803
0.000000000000 0.000000000000 0.000000000000 1.000000000000
22 33 60
0.673534787732 -0.116576572437 -0.729904646151 1.192824105811
0.298833762904 0.946130130460 0.124644126951 -1.393402952449
0.676054192993 -0.302072307558 0.672088572395 -1.246422923328
0.000000000000 0.000000000000 0.000000000000 1.000000000000
22 34 60
0.954396270231 0.264372785483 -0.138689544178 0.010804042367
-0.228274219469 0.945625868560 0.231695052681 -0.120743361807
0.192402287134 -0.189469646664 0.962851293243 -0.286613952562
0.000000000000 0.000000000000 0.000000000000 1.000000000000
22 35 60
0.439040785731 -0.895937393791 -0.067374883096 0.005381167931
0.890992253274 0.424509385420 0.161011137177 -0.621514549336
-0.115654628397 -0.130720955082 0.984650211412 -1.668015468257
0.000000000000 0.000000000000 0.000000000000 1.000000000000
22 36 60
0.830940605086 -0.556360799751 -0.000609360092 0.693242083928
0.549864241744 0.821069934807 0.153275822641 -0.498746019084
-0.084776332016 -0.127698170135 0.988183257738 -1.137378963381
0.000000000000 0.000000000000 0.000000000000 1.000000000000
22 37 60
0.941262280829 -0.324469465704 0.093514087251 -1.324024872969
0.335014649726 0.862616565332 -0.379022223206 0.258845243763
0.042314337499 0.388087911484 0.920650460165 -1.101947612604
0.000000000000 0.000000000000 0.000000000000 1.000000000000
22 38 60
-0.586710730958 0.329280232772 -0.739827714055 1.537982527157
-0.626307947573 0.394617884512 0.672320667561 -1.071658762918
0.513331153336 0.857817727451 -0.025295720708 0.240695102329
0.000000000000 0.000000000000 0.000000000000 1.000000000000
22 39 60
-0.663323656038 -0.720763142175 -0.201251634086 0.372133841266
0.631586222062 -0.683458495983 0.366037331935 -0.749862309496
-0.401373356666 0.115693462009 0.908578258273 -1.898292502000
0.000000000000 0.000000000000 0.000000000000 1.000000000000
22 40 60
0.888933448431 0.212735590827 0.405636404500 -0.605213112857
-0.036185861511 0.915448002942 -0.400806109405 0.321802011887
-0.456604760912 0.341611654228 0.821470370743 -0.822421479019
0.000000000000 0.000000000000 0.000000000000 1.000000000000
22 41 60
0.791774277695 0.552403630427 -0.260660166254 0.895423808033
-0.609365526407 0.684992335577 -0.399323372002 0.660038954638
-0.042037464334 0.475011293856 0.878975040773 -1.316208332963
0.000000000000 0.000000000000 0.000000000000 1.000000000000
22 42 60
0.966802752598 -0.156384471152 0.202080020664 -1.813100442207
-0.246731689741 -0.777008440388 0.579121193571 -1.591529479930
0.066452320100 -0.609755508993 -0.789798903776 3.215884767884
0.000000000000 0.000000000000 0.000000000000 1.000000000000
22 43 60
0.988355673446 0.050573987827 0.143510747065 -1.615937028462
0.070879145639 -0.987595879774 -0.140108975328 1.232873948479
0.134644752892 0.148649419808 -0.979680631895 3.752767431025
0.000000000000 0.000000000000 0.000000000000 1.000000000000
22 44 60
0.746673415845 -0.113668597780 0.655406942250 -0.977802061480
0.146420327398 0.989211055539 0.004751349709 -0.727044803555
-0.648875872410 0.092417192546 0.755260991132 -2.039524125419
0.000000000000 0.000000000000 0.000000000000 1.000000000000
22 45 60
0.315402840480 -0.202028261643 -0.927203122144 2.508724475443
0.493509485371 0.869472792138 -0.021574326891 0.032074649537
0.810536511248 -0.450778931661 0.373937051795 1.337149777473
0.000000000000 0.000000000000 0.000000000000 1.000000000000
22 46 60
0.759755607885 -0.387801104117 -0.521902021391 1.479752755314
0.649538575475 0.489104544712 0.582130898778 -2.033448991905
0.029513645270 -0.781272710382 0.623491697423 -0.659756491989
0.000000000000 0.000000000000 0.000000000000 1.000000000000
22 47 60
-0.669683325998 -0.413432604297 -0.616926028454 0.939042483795
0.641034151817 0.097627288371 -0.761277957627 1.801646497486
0.374965943899 -0.905285808057 0.199645051645 0.707688734627
0.000000000000 0.000000000000 0.000000000000 1.000000000000
22 48 60
0.889918391448 0.054049592976 -0.452906058761 0.468100049233
-0.059969122456 0.998199397910 0.001290877350 1.002656311122
0.452160326560 0.026011603404 0.891557309192 -2.398349337414
0.000000000000 0.000000000000 0.000000000000 1.000000000000
22 49 60
0.753624931289 0.654540508211 -0.060217821707 0.328098528832
-0.649672560962 0.727821649749 -0.219547738975 -0.064718592815
-0.099875054306 0.204578516144 0.973741549006 -0.984875762892
0.000000000000 0.000000000000 0.000000000000 1.000000000000
22 50 60
0.614108190101 0.623454876356 -0.483916467997 0.982759864964
-0.776126930048 0.588304453026 -0.226990878681 1.694606687383
0.143171642813 0.514977560383 0.845162702085 -1.694816498721
0.000000000000 0.000000000000 0.000000000000 1.000000000000
22 51 60
0.875826337555 0.168376257455 -0.452302622556 1.865844969615
-0.429285044042 0.700050782100 -0.570651604259 1.160549930551
0.220550623230 0.693958455822 0.685404321686 -1.251392816891
0.000000000000 0.000000000000 0.000000000000 1.000000000000
22 52 60
0.045669283189 0.915748461432 0.399147932423 -0.541631253237
0.949889588517 -0.163495971950 0.266418536861 0.033161321831
0.309231444391 0.366979321680 -0.877326673058 3.311158114827
0.000000000000 0.000000000000 0.000000000000 1.000000000000
22 53 60
0.867708810410 -0.069752161533 -0.492154504499 0.367550963862
0.115256678252 0.991354676376 0.062704096727 -0.026799591880
0.483525923251 -0.111132990554 0.868246589371 -0.132810813664
0.000000000000 0.000000000000 0.000000000000 1.000000000000
22 54 60
0.963996115203 -0.002017903048 -0.265908664658 0.160357987509
0.071406899441 0.965207558833 0.251546065530 -0.309391036294
0.256149457515 -0.261477143244 0.930600429280 -0.220575646525
0.000000000000 0.000000000000 0.000000000000 1.000000000000
22 55 60
0.341959625009 0.569421492162 -0.747544499764 1.921910716929
-0.843646924251 0.536419072074 0.022681409057 -0.001910066496
0.413912408686 0.622907491831 0.663824355199 -0.916373558485
0.000000000000 0.000000000000 0.000000000000 1.000000000000
22 56 60
0.962399515240 0.160711775506 -0.218995201497 -0.097860624786
-0.205780485680 0.957613225025 -0.201572078846 0.138060563504
0.177317694487 0.239057809893 0.954677850770 -1.785634790066
0.000000000000 0.000000000000 0.000000000000 1.000000000000
22 57 60
0.835923788461 -0.062172156524 -0.545312793577 1.434794258004
0.056801878642 0.998028008744 -0.026714047717 -0.362799395704
0.545898311472 -0.008643883150 0.837806849349 -0.474244892213
0.000000000000 0.000000000000 0.000000000000 1.000000000000
22 58 60
0.989283299638 -0.010233594726 0.145649670772 -0.578989642145
-0.026784287419 0.967893285924 0.249930368326 -1.203807579211
-0.143531024536 -0.251153062102 0.957246564054 -2.398404097703
0.000000000000 0.000000000000 0.000000000000 1.000000000000
22 59 60
0.911054845755 0.411490656470 0.025583347392 -0.969989094425
-0.410795327738 0.911283788337 -0.028443906594 0.846928265457
-0.035018091527 0.015404439358 0.999267950309 -1.995958628263
0.000000000000 0.000000000000 0.000000000000 1.000000000000
23 25 60
0.265958254894 0.864736088944 -0.426025472398 0.287189761905
-0.780540008425 -0.066174546703 -0.621593295183 0.787172499173
-0.565706197510 0.497847793856 0.657361447190 0.221762742325
0.000000000000 0.000000000000 0.000000000000 1.000000000000
23 26 60
0.872325379327 0.436946376400 0.219377065193 0.415766111889
-0.170852811868 -0.147982514831 0.974120368323 -2.418040673447
0.458102334920 -0.887231108255 -0.054435386340 1.154731697290
0.000000000000 0.000000000000 0.000000000000 1.000000000000
23 27 60
0.907045013802 -0.408212788204 -0.103109953371 -0.119672402234
0.396752826548 0.910671754374 -0.115170093392 0.084735843659
0.140913227071 0.063555293505 0.987979851568 -0.261819909147
0.000000000000 0.000000000000 0.000000000000 1.000000000000
23 28 60
0.112892538625 -0.449062818770 -0.886339584765 2.298890159606
0.990088653435 0.125846314716 0.062347120316 -0.311624115803
0.083544796738 -0.884593290654 0.458819111489 -0.521763745685
0.000000000000 0.000000000000 0.000000000000 1.000000000000
23 29 60
0.977944157009 -0.095564437958 -0.185722007229 -0.459171498887
-0.198952803635 -0.155515537732 -0.967591184049 3.646955679919
0.063584649854 0.983200058850 -0.171098324309 0.567088312252
0.000000000000 0.000000000000 0.000000000000 1.000000000000
23 31 60
-0.588479458437 0.476066341022 0.653492743604 -0.867529441093
0.333133010358 -0.593694902742 0.732494887264 -0.655001964456
0.736691471654 0.648758199489 0.190783841528 0.864259964283
0.000000000000 0.000000000000 0.000000000000 1.000000000000
23 32 60
0.341808535939 0.226028906296 0.912183017973 -1.066559495743
-0.450707382608 0.891159826237 -0.051932835122 0.028426453718
-0.824639181716 -0.393376534150 0.406478932244 0.424699300308
0.000000000000 0.000000000000 0.000000000000 1.000000000000
23 33 60
-0.064552108232 0.393501749748 -0.917054741151 2.028731040230
0.308268587975 -0.866161616838 -0.393363103486 1.513967042979
-0.949106686833 -0.308091587781 -0.065391670324 1.751486071317
0.000000000000 0.000000000000 0.000000000000 1.000000000000
23 34 60
0.055765509818 -0.986976185248 -0.150891410189 0.150601065710
0.989540703480 0.034496376568 0.140068540936 -0.047768111958
-0.133039107299 -0.157124185782 0.978576816694 -0.253941926846
0.000000000000 0.000000000000 0.000000000000 1.000000000000
23 35 60
-0.965250269190 -0.117055381474 0.233644934670 -0.437348699216
-0.209165795532 0.882028430777 -0.422226855233 0.943553101797
-0.156657549478 -0.456425114305 -0.875862162228 3.044659556462
0.000000000000 0.000000000000 0.000000000000 1.000000000000
23 36 60
0.886205769603 0.410201935965 0.215345549414 -0.333422910362
0.310415093097 -0.870786477440 0.381278612940 -0.035626002590
0.343921217576 -0.271044797844 -0.899028872541 2.595501590968
0.000000000000 0.000000000000 0.000000000000 1.000000000000
23 37 60
0.222931390359 0.953401954666 -0.203288730703 -0.002912859415
-0.258965724957 -0.143123917104 -0.955223689850 2.129558025607
-0.939807612488 0.265594158804 0.214991614532 1.478649197411
0.000000000000 0.000000000000 0.000000000000 1.000000000000
23 38 60
-0.657136689948 0.565186155136 -0.498734378970 1.243310802529
-0.745112631121 -0.387067583712 0.543126000652 -0.165375686046
0.113923385081 0.728521307638 0.675483653872 -0.812842809093
0.000000000000 0.000000000000 0.000000000000 1.000000000000
23 39 60
-0.222037348362 -0.782780989273 -0.581337542883 1.529539934096
0.923818755387 0.021806751241 -0.382208546209 0.629082201952
0.311862667095 -0.621915097448 0.718305846029 -0.419412515076
0.000000000000 0.000000000000 0.000000000000 1.000000000000
23 40 60
0.991781977001 -0.038504514270 0.122007837766 -0.743698339280
-0.046294724940 0.781009112224 0.622801384927 -1.251463877360
-0.119269897871 -0.623331508111 0.772808205480 -0.384135822874
0.000000000000 0.000000000000 0.000000000000 1.000000000000
23 41 60
-0.833992226556 0.141832917674 0.533235772907 -0.885685436981
0.497066212470 -0.226428046810 0.837648804714 -1.701049907606
0.239545708507 0.963646077708 0.118338879721 -0.050873063768
0.000000000000 0.000000000000 0.000000000000 1.000000000000
23 42 60
0.375399938958 0.703718592985 0.603203968586 -0.929149603033
-0.606126923030 -0.305961726388 0.734164542295 -2.233188996709
0.701202566316 -0.641223489801 0.311684772035 0.578044425613
0.000000000000 0.000000000000 0.000000000000 1.000000000000
23 43 60
0.457151506293 -0.825532725859 -0.330920260529 0.518141280537
0.889255861510 0.430699419067 0.154019554558 1.131702839362
0.015378981258 -0.364683052733 0.931004703525 -2.238197044946
0.000000000000 0.000000000000 0.000000000000 1.000000000000
23 44 60
0.393476655795 0.730466886602 0.558206278110 -1.436834718907
-0.852964473937 0.516588085645 -0.074755307306 -0.307087516739
-0.342968989189 -0.446715656035 0.826327656023 -2.331605705359
0.000000000000 0.000000000000 0.000000000000 1.000000000000
23 45 60
0.619871481566 0.102116720126 0.778030540411 -3.401051654102
0.775385992476 0.072628817376 -0.627297072812 1.164965250880
-0.120564957653 0.992117548659 -0.034159341752 -0.386070613974
0.000000000000 0.000000000000 0.000000000000 1.000000000000
23 46 60
0.098402794449 -0.392643888297 0.914411103950 -2.284636127785
0.274462398089 -0.872523916066 -0.404193527815 1.721409084967
0.956549675699 0.290745237064 0.021907191612 0.146184827126
0.000000000000 0.000000000000 0.000000000000 1.000000000000
23 47 60
0.873870873748 0.485944182263 0.014420393214 -0.528048734713
-0.376118806674 0.694571388004 -0.613274188460 0.856669160747
-0.308033016545 0.530498669829 0.789738451658 -0.771687697904
0.000000000000 0.000000000000 0.000000000000 1.000000000000
23 48 60
0.950571789990 -0.279245279414 0.135776824235 -1.419127030206
0.208594223622 0.250387031408 -0.945407205586 2.305863467430
0.230003743330 0.926999680921 0.296259800895 0.135860804397
0.000000000000 0.000000000000 0.000000000000 1.000000000000
23 49 60
0.887113095758 -0.418194169616 0.195304868948 -1.979877647095
0.435345076634 0.617582665668 -0.655031537650 2.020126731035
0.153313468377 0.666112068323 0.729924443246 -0.638735184182
0.000000000000 0.000000000000 0.000000000000 1.000000000000
23 50 60
-0.676842377011 0.052567014921 -0.734248667431 0.912866895805
0.371583193619 0.885441553849 -0.279140081208 0.586504916543
0.635460720188 -0.461768300839 -0.618837385295 2.253979686549
0.000000000000 0.000000000000 0.000000000000 1.000000000000
23 51 60
-0.964547630721 0.235714606780 0.118686529229 -0.517798359253
-0.234333211026 -0.558093556255 -0.796002216502 1.747435710618
-0.121391162281 -0.795594247476 0.593543578099 0.169026255659
0.000000000000 0.000000000000 0.000000000000 1.000000000000
23 52 60
0.846307764739 0.252178851635 -0.469221689749 0.564508277116
-0.067868683746 0.924712458537 0.374567364828 -0.494676318004
0.528353110248 -0.285153810803 0.799706380539 -0.407369883924
0.000000000000 0.000000000000 0.000000000000 1.000000000000
23 53 60
0.426704174874 0.718394912237 -0.549392662143 0.562730702312
-0.805191969164 0.578381619649 0.130922094571 -0.212528508976
0.411812384392 0.386501555139 0.825243665796 -0.065424408013
0.000000000000 0.000000000000 0.000000000000 1.000000000000
23 54 60
0.900174488671 0.430671816347 -0.064866605820 -0.056794795916
-0.425792938130 0.901551365903 0.076847306246 -0.025290425763
0.091576546041 -0.041556241928 0.994930557864 -0.252409732590
0.000000000000 0.000000000000 0.000000000000 1.000000000000
23 55 60
0.999732314140 0.008759839397 0.021414137330 0.115980254969
-0.008571002823 -0.719480965250 0.694459270623 -0.585400688189
0.021490415875 -0.694456914327 -0.719213289761 1.678663627366
0.000000000000 0.000000000000 0.000000000000 1.000000000000
23 57 60
-0.353955877402 -0.865275653017 0.354983494192 -1.255258191846
0.846243814157 -0.457912963861 -0.272373134740 1.171530355118
0.398229385974 0.203994514200 0.894315153804 -0.638351872971
0.000000000000 0.000000000000 0.000000000000 1.000000000000
23 59 60
-0.587686553914 -0.625598178582 0.513080338060 -0.702027030521
0.099304872161 -0.685123791792 -0.721625894966 1.720692926039
0.802971392214 -0.373138458048 0.464762987351 0.156997810323
0.000000000000 0.000000000000 0.000000000000 1.000000000000
24 26 60
0.336423168515 -0.592597752443 0.731879331233 -2.165827113262
-0.841809197642 0.159116212171 0.515789982250 -2.312304079325
-0.422109851166 -0.789626452713 -0.445323858248 1.545817488685
0.000000000000 0.000000000000 0.000000000000 1.000000000000
24 27 60
0.994383568658 0.004126544906 -0.105755803674 0.320363191250
0.011264711045 0.989436968947 0.144525398341 -0.188671228588
0.105235092382 -0.144904989933 0.983833379808 -2.053287037786
0.000000000000 0.000000000000 0.000000000000 1.000000000000
24 28 60
0.646324098326 -0.013223694925 0.762948421465 -2.794591682703
-0.477184468647 0.773219682799 0.417643753711 -0.921619975960
-0.595449530024 -0.634000359640 0.493440372457 -0.349223248982
0.000000000000 0.000000000000 0.000000000000 1.000000000000
24 32 60
0.704677729753 -0.007574295876 0.709487087432 -1.805749220890
-0.666955481887 -0.348227660991 0.658716844556 -1.918343932538
0.242073712681 -0.937379392862 -0.250439995740 2.568117869950
0.000000000000 0.000000000000 0.000000000000 1.000000000000
24 33 60
-0.074208614824 0.906539304764 -0.415547314278 0.100188140386
-0.692326926532 0.253081168099 0.675746512498 -1.091427548713
0.717757973334 0.337840807587 0.608840767725 0.322098088520
0.000000000000 0.000000000000 0.000000000000 1.000000000000
24 34 60
0.828664203599 -0.098402391252 -0.551028680804 0.077669600056
-0.001572249679 0.984013139117 -0.178088938669 0.069796873406
0.559743839362 0.148442283198 0.815261751130 0.068332145872
0.000000000000 0.000000000000 0.000000000000 1.000000000000
24 35 60
0.416394853273 -0.838578780530 -0.351284720723 0.561443515836
0.599670775549 0.543728676191 -0.587157634405 1.037987354187
0.683381509203 0.033834236111 0.729277010022 -0.968671646629
0.000000000000 0.000000000000 0.000000000000 1.000000000000
24 36 60
0.313328932863 -0.830882870623 -0.459846316868 1.075093012527
0.674645391653 0.535548154416 -0.507978119432 0.706239038020
0.668340164401 -0.151068956464 0.728354031389 -0.243458829899
0.000000000000 0.000000000000 0.000000000000 1.000000000000
24 37 60
0.753080681251 0.510777965956 0.414699116252 -1.733777558145
-0.035352823053 0.660815282596 -0.749715506168 1.397618355596
-0.656977674985 0.549935479653 0.515704666249 0.965962603089
0.000000000000 0.000000000000 0.000000000000 1.000000000000
24 38 60
-0.844513912492 -0.123215610418 -0.521166158683 1.675716638801
-0.403627211691 0.786042554114 0.468211679803 -0.498298975086
0.351967790557 0.605768121042 -0.713557046030 2.125262485561
0.000000000000 0.000000000000 0.000000000000 1.000000000000
24 39 60
0.132873715347 0.144413507806 -0.980555615217 1.735714305485
0.269237405245 0.946867336253 0.175935974587 -0.731649622106
0.953863614668 -0.287379516145 0.086932262784 0.828083269212
0.000000000000 0.000000000000 0.000000000000 1.000000000000
24 40 60
0.458354952219 -0.567474003696 -0.684020462345 1.088104157009
-0.524394216004 0.448711816903 -0.723649370616 1.646295668979
0.717580270073 0.690384646774 -0.091910801874 0.575939887805
0.000000000000 0.000000000000 0.000000000000 1.000000000000
24 41 60
0.119548088496 -0.724396548999 0.678938800140 -1.256213071546
-0.410038484285 0.586772690517 0.698259443952 -1.456149725429
-0.904199477960 -0.361866618330 -0.226882909440 1.720497264314
0.000000000000 0.000000000000 0.000000000000 1.000000000000
24 42 60
0.914714024415 0.375191225391 -0.150099293563 -0.769815512435
0.235719967294 -0.797095629899 -0.555944829831 1.549342427090
-0.328229112904 0.473149132077 -0.817554614846 3.511566835743
0.000000000000 0.000000000000 0.000000000000 1.000000000000
24 43 60
0.988650849490 0.150064769178 -0.007075510871 0.903702741214
-0.138186307287 0.926852164217 0.349069635124 -0.069173225936
0.058941006786 -0.344130252577 0.937070075811 -2.150546807506
0.000000000000 0.000000000000 0.000000000000 1.000000000000
24 44 60
-0.265808856579 0.948804892178 -0.170630971228 0.287056581398
-0.156048533026 -0.217011662876 -0.963615480114 2.585931482444
-0.951311992516 -0.229510816202 0.205743233526 -0.533834278362
0.000000000000 0.000000000000 0.000000000000 1.000000000000
24 45 60
0.958040456164 0.131425126617 0.254727149018 -1.011178528812
0.059573172507 0.777983557705 -0.625453932003 2.677441497425
-0.280373895844 0.614385074716 0.737510310772 -0.898606648422
0.000000000000 0.000000000000 0.000000000000 1.000000000000
24 46 60
0.766440613283 0.276761981404 0.579630565067 -2.080727843244
-0.106362233491 0.944635979912 -0.310402868451 0.011694278190
-0.633447599725 0.176254563360 0.753444402260 -0.662292491959
0.000000000000 0.000000000000 0.000000000000 1.000000000000
24 47 60
0.637088681593 -0.411710247487 -0.651623114922 1.007510086318
0.253570691062 0.910288426191 -0.327226046911 0.285143429415
0.727887296510 0.043239487246 0.684332105284 -0.393961675351
0.000000000000 0.000000000000 0.000000000000 1.000000000000
24 48 60
0.733668427274 -0.279005755544 0.619585689953 -1.028107301495
0.659440434231 0.072390693565 -0.748263256606 1.263952176205
0.163917517436 0.957556983087 0.237098442886 0.537405503761
0.000000000000 0.000000000000 0.000000000000 1.000000000000
24 49 60
0.506641307158 -0.793746803500 -0.336571831581 0.427066275738
-0.303729656732 0.201033745910 -0.931307537083 1.394890121684
0.806884676706 0.574065714826 -0.139232444348 1.147073569310
0.000000000000 0.000000000000 0.000000000000 1.000000000000
24 50 60
0.885048621536 0.416993922346 0.206893707597 -1.637092122848
0.379903473863 -0.390200971515 -0.838699321793 1.548570626397
-0.269002394159 0.820889316873 -0.503764271640 2.369473712495
0.000000000000 0.000000000000 0.000000000000 1.000000000000
24 52 60
0.504891611850 -0.637627638729 -0.581820809711 0.714574128265
-0.457936412672 0.373502694533 -0.806715550319 1.330124773248
0.731695771638 0.673740848921 -0.103414536027 1.324910928056
0.000000000000 0.000000000000 0.000000000000 1.000000000000
24 53 60
-0.203004211902 -0.793185137706 0.574148610791 -0.932713231127
-0.043028333857 0.593017642947 0.804038952812 -0.966367522896
-0.978232003379 0.138518635846 -0.154514514166 0.805675903616
0.000000000000 0.000000000000 0.000000000000 1.000000000000
24 54 60
0.132631960455 -0.385740140048 -0.913024264421 0.852310928674
0.035394464743 0.922418143620 -0.384567289542 0.411830576170
0.990533187193 0.018689908402 0.135995192535 1.029805656398
0.000000000000 0.000000000000 0.000000000000 1.000000000000
24 55 60
0.408996114387 -0.548822665642 -0.729051342564 0.803368473844
0.082743802164 0.817941818052 -0.569319458200 0.695449248224
0.908777003241 0.172524966192 0.379946699447 0.671851450732
0.000000000000 0.000000000000 0.000000000000 1.000000000000
24 56 60
0.563948987531 -0.825272181391 0.029788690556 -0.133545545668
0.212461047663 0.110138304829 -0.970942767127 1.406359757251
0.798011179551 0.553891126876 0.237450577762 1.061300213742
0.000000000000 0.000000000000 0.000000000000 1.000000000000
24 57 60
0.906272091114 -0.011719206533 0.422532314820 -0.538568432578
0.124551488216 0.962638393596 -0.240445939784 0.887042168980
-0.403927993152 0.270536473278 0.873871954565 -1.153650774353
0.000000000000 0.000000000000 0.000000000000 1.000000000000
24 58 60
0.945464134761 -0.287341799836 0.153402281430 -0.736581949634
0.320764052365 0.739449872028 -0.591882006373 0.928231903003
0.056639143630 0.608809146469 0.791292253585 -0.324480591552
0.000000000000 0.000000000000 0.000000000000 1.000000000000
24 59 60
0.935749522607 -0.338247348676 -0.099807625234 -0.321398977495
0.081895064991 0.483686768621 -0.871401347366 1.412088054235
0.343024823112 0.807239642841 0.480310451431 -0.043589402580
0.000000000000 0.000000000000 0.000000000000 1.000000000000
25 27 60
0.932046521273 -0.086491297357 -0.351864373963 1.136047522992
-0.109896662802 0.857871510661 -0.501975292919 1.755031266054
0.345270916365 0.506533045987 0.790071052270 -1.054926823372
0.000000000000 0.000000000000 0.000000000000 1.000000000000
25 28 60
-0.120016894108 0.764887172813 0.632885106473 -1.585952689064
-0.932404470156 0.132063302533 -0.336424119465 1.509270431807
-0.340907390888 -0.630481480292 0.697334391700 -0.914983573908
0.000000000000 0.000000000000 0.000000000000 1.000000000000
25 30 60
0.975437192959 -0.214027905148 -0.052099312947 -0.694840747130
0.219424372492 0.964888692731 0.144370202590 -1.246028974356
0.019370785935 -0.152255924212 0.988151256739 -1.752152288305
0.000000000000 0.000000000000 0.000000000000 1.000000000000
25 31 60
-0.781353792835 -0.582949832585 -0.222835686350 -0.151244347416
0.620938743814 -0.690338478641 -0.371305617165 0.706479731055
0.062620498663 -0.428488363432 0.901374725378 -0.051388554640
0.000000000000 0.000000000000 0.000000000000 1.000000000000
25 32 60
0.844643915064 -0.363331524371 -0.393149920696 1.841729528985
0.339273564888 0.931399922864 -0.131862169923 -0.414181253797
0.414089489015 -0.022008795677 0.909970058848 -1.394980970152
0.000000000000 0.000000000000 0.000000000000 1.000000000000
25 33 60
0.960713137545 -0.098636781662 0.259424464252 -0.132820621743
0.191853850442 0.911450811049 -0.363936147021 0.240391095242
-0.200555148075 0.399409820036 0.894566614758 -0.358974695034
0.000000000000 0.000000000000 0.000000000000 1.000000000000
25 34 60
0.548978226694 0.788628493715 -0.276925992852 0.250346041700
-0.826436619136 0.561695839086 -0.038733692112 0.072902185566
0.125001684653 0.250125734892 0.960110251783 -0.085029765912
0.000000000000 0.000000000000 0.000000000000 1.000000000000
25 35 60
0.664196560013 0.548533025429 0.507892163436 -1.611400110605
0.671392841914 -0.736484381328 -0.082597868534 0.158309419437
0.328746987049 0.395856383140 -0.857451539408 2.821423671006
0.000000000000 0.000000000000 0.000000000000 1.000000000000
25 36 60
0.159477143837 -0.946643633978 -0.280058691780 0.872743059835
0.972539844792 0.199365328301 -0.120082122584 0.627233249760
0.169508969929 -0.253217882701 0.952442866000 -0.734075582882
0.000000000000 0.000000000000 0.000000000000 1.000000000000
25 37 60
0.422122030654 -0.842024728852 -0.335868050338 0.163578082404
0.901510629728 0.350938072779 0.253221352896 -1.362014148567
-0.095349754718 -0.409678929255 0.907232935469 -0.646705395322
0.000000000000 0.000000000000 0.000000000000 1.000000000000
25 38 60
0.451593772691 0.241697343577 -0.858862886947 1.567768687355
-0.862075883336 0.366316746407 -0.350195963243 0.690159329110
0.229974424309 0.898551298151 0.373787812474 -0.024204372908
0.000000000000 0.000000000000 0.000000000000 1.000000000000
25 39 60
0.327841848772 -0.845157770280 0.422170659247 -1.216468344411
0.688950585782 0.519647092052 0.505286047772 -1.291330087904
-0.646426184916 0.125200810928 0.752634004280 -1.312797369709
0.000000000000 0.000000000000 0.000000000000 1.000000000000
25 40 60
0.808831108174 0.554302106399 0.196319671179 -0.399686080966
-0.583054436603 0.799344649843 0.145243432639 -0.581063531789
-0.076418338163 -0.231942461850 0.969723121300 -0.577999714245
0.000000000000 0.000000000000 0.000000000000 1.000000000000
25 41 60
0.756602544457 -0.532471612320 0.379508329018 -0.650768359150
0.413461927411 0.839228772733 0.353191593329 -0.557957682097
-0.506558806362 -0.110313413010 0.855119363953 -1.313552856340
0.000000000000 0.000000000000 0.000000000000 1.000000000000
25 42 60
0.849511834258 -0.328259175842 -0.413007938096 0.324136886029
0.188943865844 0.920225976660 -0.342759926830 1.389143264442
0.492574724296 0.213143297703 0.843765415047 -2.260587461033
0.000000000000 0.000000000000 0.000000000000 1.000000000000
25 43 60
0.875239825863 -0.446436647226 -0.186143942253 0.107826988180
0.332830685514 0.835119797759 -0.437948236863 0.430821756720
0.350968633932 0.321355322665 0.879517921700 -2.551857238155
0.000000000000 0.000000000000 0.000000000000 1.000000000000
25 44 60
0.821715501981 0.142474617166 0.551801247975 -0.800415396893
-0.068693436432 0.985947885106 -0.152275998258 -0.512479316450
-0.565742737995 0.087222424397 0.819955732395 -2.017295804442
0.000000000000 0.000000000000 0.000000000000 1.000000000000
25 45 60
0.530407950432 0.112086205591 -0.840299999188 2.678868166281
-0.735275144501 0.554183772593 -0.390193295781 -0.232110867607
0.421945337689 0.824813329615 0.376357679996 0.017710141657
0.000000000000 0.000000000000 0.000000000000 1.000000000000
25 46 60
0.674590305641 -0.006314837295 0.738165321839 -2.295112142140
-0.699833559700 0.312677905622 0.642234782656 -1.864215958506
-0.234863594993 -0.949838223155 0.206510148857 0.993025726616
0.000000000000 0.000000000000 0.000000000000 1.000000000000
25 47 60
0.667282731847 -0.732683884262 -0.133821080260 -0.077355021119
0.462951959947 0.548764097731 -0.696084368323 2.029636887462
0.583446003123 0.402532347502 0.705378246514 -0.735104692574
0.000000000000 0.000000000000 0.000000000000 1.000000000000
25 48 60
0.668346730965 0.233369204668 -0.706294174916 1.596764442985
-0.743760801343 0.194961972493 -0.639382279757 3.013711028180
-0.011511628603 0.952642978032 0.303873063651 0.914365513069
0.000000000000 0.000000000000 0.000000000000 1.000000000000
25 49 60
-0.321672539911 -0.772691578998 0.547242634316 -1.222441873701
-0.832022472803 -0.045205631026 -0.552896966599 0.575290219706
0.451957278753 -0.633169941382 -0.628355348121 2.208082766956
0.000000000000 0.000000000000 0.000000000000 1.000000000000
25 50 60
0.206608595994 -0.109189880539 -0.972311913971 2.569481679092
0.229797070515 0.971371574293 -0.060254220083 0.312284060421
0.951055305671 -0.210985389643 0.225785231831 -0.767782013440
0.000000000000 0.000000000000 0.000000000000 1.000000000000
25 51 60
0.069434021118 0.589012815056 -0.805135280814 2.361395860214
-0.510254458290 0.714487611174 0.478693890992 -1.935337475532
0.857216019744 0.377586224826 0.350156162755 0.641017861609
0.000000000000 0.000000000000 0.000000000000 1.000000000000
25 52 60
-0.472876775440 -0.365153140389 0.801904445251 -2.437176167558
0.308585649605 0.783819985151 0.538888789766 -0.558041476685
-0.825325664273 0.502284197385 -0.257969248071 1.136123332961
0.000000000000 0.000000000000 0.000000000000 1.000000000000
25 53 60
0.500872945548 0.441845680280 -0.744243701509 0.608136898562
-0.076090733094 0.879029160328 0.470656919241 -0.443821026882
0.862169642678 -0.179109268635 0.473902286484 0.416913874600
0.000000000000 0.000000000000 0.000000000000 1.000000000000
25 54 60
0.829592855684 -0.143884312708 -0.539511814842 0.889036733122
-0.047114541225 0.944744540525 -0.324404027645 1.840284743527
0.556377492178 0.294542115331 0.776974277884 -0.574738976547
0.000000000000 0.000000000000 0.000000000000 1.000000000000
25 55 60
0.912588020292 -0.323571039966 -0.249969772802 0.583690388212
0.344810069442 0.937584404091 0.045182974864 0.277332501192
0.219747858307 -0.127425536300 0.967198847946 -1.683124241902
0.000000000000 0.000000000000 0.000000000000 1.000000000000
25 56 60
0.806404435944 0.030793035811 0.590562168306 -1.608271830130
-0.141574069964 0.979655866443 0.142236303583 -0.721706445944
-0.574167805091 -0.198308275896 0.794358331805 -1.187820977633
0.000000000000 0.000000000000 0.000000000000 1.000000000000
25 57 60
0.645536756305 0.265391710619 -0.716135138220 1.298597223190
-0.297141551699 0.951077302627 0.084610062534 -0.400174866855
0.703554684806 0.158174600878 0.692814261635 -0.153434816926
0.000000000000 0.000000000000 0.000000000000 1.000000000000
25 58 60
-0.803132381161 -0.338074129153 -0.490595822983 0.144866229500
0.277441727810 -0.940909944995 0.194202376605 -0.216464513929
-0.527261288167 0.019858464365 0.849471115102 -1.010797699880
0.000000000000 0.000000000000 0.000000000000 1.000000000000
25 59 60
0.254817160631 0.924948315966 -0.282026288561 0.383348923816
-0.445538151929 0.371154070092 0.814702652156 -1.744186412303
0.858233050997 -0.081946745180 0.506676189623 1.078469587523
0.000000000000 0.000000000000 0.000000000000 1.000000000000
26 28 60
0.559763601139 -0.140036286304 -0.816734075056 1.023808114507
0.241152253340 0.970486648722 -0.001120428877 -0.274229917541
0.792786416097 -0.196330087277 0.577013167338 0.605406440271
0.000000000000 0.000000000000 0.000000000000 1.000000000000
26 46 60
0.157936318440 -0.848590158765 -0.504926590472 0.943896743915
-0.919430003735 0.060121613647 -0.388630749948 0.779039146378
0.360145231191 0.525623566843 -0.770723866524 4.261402132005
0.000000000000 0.000000000000 0.000000000000 1.000000000000
26 53 60
-0.447726557540 -0.421866395480 -0.788396901337 -0.014841490473
0.810706585747 -0.563481908873 -0.158880364426 -0.097172440570
-0.377221104262 -0.710293518721 0.594295680417 2.054167554117
0.000000000000 0.000000000000 0.000000000000 1.000000000000
27 53 60
0.969473831575 -0.134390524566 0.205084560116 -0.755505188401
0.069529961923 0.952760706834 0.295656252950 -0.787762028195
-0.235129909382 -0.272371478720 0.933020741084 1.947821884364
0.000000000000 0.000000000000 0.000000000000 1.000000000000
28 35 60
0.543077675482 -0.265855634799 0.796484412803 -1.405178679334
-0.107490434155 0.918738648478 0.379954079274 -1.066871009600
-0.832773945893 -0.291959033492 0.470369511984 2.316463838222
0.000000000000 0.000000000000 0.000000000000 1.000000000000
28 38 60
-0.964636054530 0.262918820665 -0.018734354589 0.813621044140
-0.082232879100 -0.232656538890 0.969076203663 -3.110015256151
0.250429702504 0.936346425556 0.246049457329 3.170330405500
0.000000000000 0.000000000000 0.000000000000 1.000000000000
28 53 60
0.125430650855 -0.763768601530 0.633186129936 -0.157094122805
0.978298339592 0.201315024866 0.049036919913 -0.175584182080
-0.164922741237 0.613294206789 0.772444629305 1.993532420807
0.000000000000 0.000000000000 0.000000000000 1.000000000000
29 32 60
0.717525326182 -0.650759199132 0.248334192236 0.845136089635
-0.663978640532 -0.531319110152 0.526148617888 0.083075742726
-0.210451351162 -0.542413558028 -0.813325126171 4.172139874752
0.000000000000 0.000000000000 0.000000000000 1.000000000000
29 43 60
1.000000000000 0.000000000000 0.000000000000 0.000000000000
0.000000000000 1.000000000000 0.000000000000 0.000000000000
0.000000000000 0.000000000000 1.000000000000 0.000000000000
0.000000000000 0.000000000000 0.000000000000 1.000000000000
29 48 60
-0.385484558191 -0.780482162007 -0.492188226378 1.857219037258
0.904194371323 -0.425854044358 -0.032876614355 0.512158116762
-0.183940735738 -0.457707251082 0.869867735948 1.724083762350
0.000000000000 0.000000000000 0.000000000000 1.000000000000
29 53 60
-0.283557607755 -0.213403469619 0.934908574267 -0.601015104581
0.925778931201 0.193301861886 0.324911927660 0.587622282816
-0.250056900782 0.957649909594 0.142752222488 2.779728673445
0.000000000000 0.000000000000 0.000000000000 1.000000000000
29 55 60
-0.119969775792 0.203429959101 -0.971711636565 2.263863187931
-0.840211247473 0.500560842914 0.208527940959 0.342119988686
0.528821626369 0.841460096666 0.110871967615 2.819131070927
0.000000000000 0.000000000000 0.000000000000 1.000000000000
29 57 60
0.367881019581 0.872568324110 -0.321384621899 1.584694758954
0.203185453727 -0.412701558328 -0.887915026986 2.453709995657
-0.907402461329 0.261346405207 -0.329118260902 3.325203420658
0.000000000000 0.000000000000 0.000000000000 1.000000000000
30 38 60
0.898799077754 0.436785888773 0.037125532956 0.358666361570
-0.423153433546 0.842387177334 0.333654035104 0.683708917186
0.114461301352 -0.315597735783 0.941964266658 0.090348805517
0.000000000000 0.000000000000 0.000000000000 1.000000000000
30 39 60
0.722030625594 0.011660652813 0.691762824153 -0.877696057009
0.084875301354 0.990812839197 -0.105290554670 0.824264032389
-0.686635244452 0.134736583223 0.714407512711 0.707751317881
0.000000000000 0.000000000000 0.000000000000 1.000000000000
30 42 60
0.981619866705 0.121987830692 -0.146769909906 0.566091004001
-0.017639346178 0.823747150000 0.566682879866 -1.110341849891
0.190029710196 -0.553678247749 0.810758353156 -0.117978481516
0.000000000000 0.000000000000 0.000000000000 1.000000000000
30 43 60
-0.089247458836 0.930970881722 0.354017101954 -0.666129143088
0.485693775140 -0.269632405624 0.831504613714 -2.498253014803
0.869561066217 0.246153576497 -0.428102755068 3.049770455346
0.000000000000 0.000000000000 0.000000000000 1.000000000000
30 44 60
-0.547160912577 0.056991954058 -0.835084937549 2.720457440885
-0.666886444086 -0.632613009033 0.393780714988 -0.826707156768
-0.505843262723 0.772368239880 0.384148272914 0.768230215497
0.000000000000 0.000000000000 0.000000000000 1.000000000000
30 46 60
0.752896571606 0.644064366414 -0.135380369257 0.889316378028
-0.634981552149 0.764956642415 0.107887736354 0.144838979191
0.173046759275 0.004735730182 0.984902224571 -0.030836059655
0.000000000000 0.000000000000 0.000000000000 1.000000000000
30 48 60
0.955740607845 0.292264000131 0.033788233794 0.225955220233
-0.292692198157 0.956169820849 0.008399454490 1.585768063599
-0.029852431285 -0.017917252161 0.999393718422 -0.040213370544
0.000000000000 0.000000000000 0.000000000000 1.000000000000
30 50 60
-0.436119581768 -0.804960068584 -0.402292180367 2.039498182207
-0.254014710659 0.538985706509 -0.803100824895 3.576695711443
0.863293830146 -0.248059864074 -0.439533919815 3.060512799637
0.000000000000 0.000000000000 0.000000000000 1.000000000000
30 56 60
0.320412980711 -0.671307118062 0.668342932208 -0.497263217819
-0.889326547383 -0.456163438335 -0.031830954225 1.092981877522
0.326241956088 -0.584176061446 -0.743171928507 5.108771191729
0.000000000000 0.000000000000 0.000000000000 1.000000000000
31 33 60
-0.149199734855 -0.681945388616 -0.716023690994 0.687886316124
0.932214689146 0.144453698030 -0.331826615064 0.507596568420
0.329719900004 -0.716996245507 0.614167055019 0.626963300346
0.000000000000 0.000000000000 0.000000000000 1.000000000000
31 35 60
0.734065013073 0.420474428343 -0.533244607747 0.112991480327
-0.067734166962 0.826666410837 0.558600687271 -0.616087119583
0.675692710637 -0.373930341511 0.635307374811 0.750023610425
0.000000000000 0.000000000000 0.000000000000 1.000000000000
31 44 60
1.000000000000 0.000000000000 0.000000000000 0.000000000000
0.000000000000 1.000000000000 0.000000000000 0.000000000000
0.000000000000 0.000000000000 1.000000000000 0.000000000000
0.000000000000 0.000000000000 0.000000000000 1.000000000000
31 53 60
-0.090312757649 0.715217973892 -0.693041741620 0.206259522616
0.654033996384 -0.482199032114 -0.582858151699 0.614763033004
-0.751054683348 -0.505912386932 -0.424228145424 1.423610296628
0.000000000000 0.000000000000 0.000000000000 1.000000000000
31 57 60
-0.763702854303 0.151936395074 -0.627433886702 0.096162703744
0.029359322292 0.979078590024 0.201353283439 0.203281258863
0.644899977147 0.135353043589 -0.752185863379 3.051715255974
0.000000000000 0.000000000000 0.000000000000 1.000000000000
31 58 60
-0.268798611427 -0.725711711114 -0.633316523428 0.289997519844
-0.942697871259 0.063285905816 0.327590625092 -0.495683985290
-0.197656343227 0.685082043610 -0.701138048821 2.591432677660
0.000000000000 0.000000000000 0.000000000000 1.000000000000
32 35 60
0.960507055741 0.105610615211 -0.257434639913 -0.249692812132
-0.041295633046 0.969031228159 0.243460776194 -0.555303667562
0.275174247639 -0.223214866907 0.935122589091 0.381904980503
0.000000000000 0.000000000000 0.000000000000 1.000000000000
32 36 60
0.568079083268 0.784888629586 0.247459076013 -0.944310081989
-0.804704398518 0.592767931326 -0.032817839620 -0.107038583049
-0.172444153741 -0.180488278674 0.968342395592 0.925463141280
0.000000000000 0.000000000000 0.000000000000 1.000000000000
32 37 60
-0.426887019372 0.701220196034 0.571014631481 -1.390385961727
0.790752919741 -0.016889243612 0.611902421446 -1.199273252074
0.438722341137 0.712744687897 -0.547282118530 3.557621288003
0.000000000000 0.000000000000 0.000000000000 1.000000000000
32 44 60
0.774453152969 0.145257126042 0.615729389578 -1.448991536330
0.004380554344 0.972028593227 -0.234821687017 0.928835117796
-0.632616095748 0.184555631948 0.752154302066 -0.055083169072
0.000000000000 0.000000000000 0.000000000000 1.000000000000
32 45 60
0.993424096264 -0.047177001963 0.104321116976 -0.773337959082
0.043223259727 0.998270676458 0.039842268290 0.745746258851
-0.106020350782 -0.035071170635 0.993745288397 -0.512493487257
0.000000000000 0.000000000000 0.000000000000 1.000000000000
32 53 60
0.633713245780 -0.653972023895 -0.413192587162 0.677133071509
0.439569724749 -0.135097427839 0.887990507875 -0.624378470373
-0.636542205362 -0.744358298774 0.201853273045 0.675955393761
0.000000000000 0.000000000000 0.000000000000 1.000000000000
33 35 60
0.999504113607 -0.016894778082 0.026572417211 0.285233823420
0.005207538712 0.920944299417 0.389659439655 -0.308049618583
-0.031054925913 -0.389327835950 0.920575595881 0.380836695792
0.000000000000 0.000000000000 0.000000000000 1.000000000000
33 53 60
0.177435532876 0.890574271865 -0.418800785535 1.322798805522
0.744977053849 -0.399616099226 -0.534149943815 1.148658709423
-0.643059733548 -0.217219795442 -0.734363492800 3.292644359932
0.000000000000 0.000000000000 0.000000000000 1.000000000000
34 36 60
-0.847573546510 0.090669919741 -0.522874792767 1.411253652943
0.366837198455 -0.611875373280 -0.700741748009 1.597631366136
-0.383470407054 -0.785740092669 0.485348280811 0.433829197339
0.000000000000 0.000000000000 0.000000000000 1.000000000000
34 37 60
0.509234016887 -0.455926705576 -0.729939418848 1.483152310747
0.707252643519 0.704965465918 0.053079092857 -0.338330844802
0.490381906558 -0.543281263257 0.681447763746 0.052052829671
0.000000000000 0.000000000000 0.000000000000 1.000000000000
34 38 60
-0.407527162282 -0.432026964882 -0.804533600055 1.848326891036
-0.621920375569 0.776421606908 -0.101904537578 0.639785272901
0.668682778644 0.458826971681 -0.585099266452 3.188998331371
0.000000000000 0.000000000000 0.000000000000 1.000000000000
34 40 60
0.750433441001 -0.088668313465 0.654971435113 -1.349464965220
-0.565265815828 0.427452069540 0.705520577803 -0.919108940506
-0.342526215177 -0.899679197511 0.270653160859 0.983227322296
0.000000000000 0.000000000000 0.000000000000 1.000000000000
34 41 60
0.576909187793 -0.789144843403 0.210775248004 -0.192500476335
0.815315643308 0.571945218773 -0.090216786137 -0.345144453249
-0.049357783763 0.223895249735 0.973362587286 -0.712940460929
0.000000000000 0.000000000000 0.000000000000 1.000000000000
34 44 60
-0.772281329442 -0.285839531229 -0.567342322221 0.868072516579
0.269780949414 0.660967544458 -0.700242918212 2.523593581065
0.575151969074 -0.693842682140 -0.433338833837 2.615905451973
0.000000000000 0.000000000000 0.000000000000 1.000000000000
34 47 60
0.755526397848 -0.629559981341 0.181201799241 -0.156859848721
0.616074983766 0.588721015163 -0.523315565107 0.650908255434
0.222781230206 0.507012619369 0.832650423208 -0.535575677216
0.000000000000 0.000000000000 0.000000000000 1.000000000000
34 48 60
0.888193245896 -0.092284539983 -0.450107011304 1.169439634018
0.106451842715 0.994298518637 0.006201694806 0.380839726483
0.446968414015 -0.053423024212 0.892953087993 -0.229023126791
0.000000000000 0.000000000000 0.000000000000 1.000000000000
34 52 60
-0.012598547123 -0.804120374462 -0.594332987462 1.466248016534
0.033754789437 0.593699380331 -0.803978643985 1.321402762059
0.999350734627 -0.030190547679 0.019663164302 1.364206752589
0.000000000000 0.000000000000 0.000000000000 1.000000000000
34 53 60
-0.523203824957 0.846477384260 -0.098659999420 0.273014386439
-0.845275631329 -0.500722615469 0.186509971422 -0.555070069671
0.108475179796 0.180977623737 0.977486693042 -0.074731218618
0.000000000000 0.000000000000 0.000000000000 1.000000000000
34 55 60
-0.171316397929 -0.637599718163 0.751077420243 -0.530569687446
-0.674842101402 0.631368513745 0.382049653876 -0.231601030118
-0.717801386162 -0.441407294060 -0.538442913199 1.813069641241
0.000000000000 0.000000000000 0.000000000000 1.000000000000
34 56 60
-0.017425289179 -0.931667904532 0.362892924926 -0.271604121809
-0.250091142055 0.355472175894 0.900607546510 -1.041794262468
-0.968065483303 -0.075062959104 -0.239196095721 1.478566234562
0.000000000000 0.000000000000 0.000000000000 1.000000000000
34 57 60
0.990357979605 0.138341189052 -0.007265510600 0.591588770329
-0.107789559906 0.736577488249 -0.667708779769 1.353250109429
-0.087020014985 0.662053864286 0.744387128970 -0.213637648433
0.000000000000 0.000000000000 0.000000000000 1.000000000000
34 58 60
0.831956939372 0.151919846208 0.533636591098 -0.296160793386
0.375466671508 -0.862264778444 -0.339888555916 0.410365347674
0.408500219850 0.483135397362 -0.774408004994 3.149444259212
0.000000000000 0.000000000000 0.000000000000 1.000000000000
35 37 60
0.767266457827 -0.592167168134 0.246252365833 -0.157948382508
0.553538138222 0.805383681966 0.212020410235 -0.625682360452
-0.323879163003 -0.026366073032 0.945730996619 0.954686682070
0.000000000000 0.000000000000 0.000000000000 1.000000000000
35 53 60
0.190665016742 0.981598268471 0.010568383308 0.204732109967
-0.006930473939 -0.009419598611 0.999931617508 -0.790141077599
0.981630694264 -0.190725222498 0.005006953291 2.315335085121
0.000000000000 0.000000000000 0.000000000000 1.000000000000
36 39 60
0.954795170064 -0.279584141697 0.100989558536 -0.874478447102
0.295232229747 0.852210271263 -0.431943959413 2.099190322614
0.034700342079 0.442233378733 0.896228500436 -0.408830144982
0.000000000000 0.000000000000 0.000000000000 1.000000000000
36 41 60
0.864854299313 0.461793404872 0.196910873686 -1.042865196729
-0.144001656618 -0.147554612386 0.978514772119 -1.901302027046
0.480926775976 -0.874628199625 -0.061114225589 1.769563245100
0.000000000000 0.000000000000 0.000000000000 1.000000000000
36 42 60
0.688226631386 0.404889497119 -0.602003819734 1.020461216046
0.662892724431 -0.013750732483 0.748588106540 -2.135203130913
0.294817468527 -0.914262223041 -0.277861922134 2.987637059800
0.000000000000 0.000000000000 0.000000000000 1.000000000000
36 44 60
-0.401781093447 -0.470498156958 -0.785622961253 1.885369217875
0.603286034416 -0.781422494182 0.159451705115 0.069445279281
-0.688925187249 -0.409890680407 0.597805751468 -0.483036486579
0.000000000000 0.000000000000 0.000000000000 1.000000000000
36 45 60
-0.017130194358 0.888396156936 0.458757915227 -0.937143798970
0.856595532815 -0.223612912341 0.465017589555 -1.206714135302
0.515704032952 0.400935822516 -0.757165646752 4.631102870283
0.000000000000 0.000000000000 0.000000000000 1.000000000000
36 49 60
0.924414393492 -0.273187999031 0.266132197019 -0.641173799057
0.381322648280 0.675113103521 -0.631518277933 1.302103953029
-0.007146118777 0.685266820034 0.728257041398 0.830357784102
0.000000000000 0.000000000000 0.000000000000 1.000000000000
36 50 60
-0.011315118101 -0.671207947988 0.741182743094 -1.849194041484
0.838014354082 -0.410755192146 -0.359182564272 0.504023856244
0.545530851973 0.617057584576 0.567129638498 0.074101481015
0.000000000000 0.000000000000 0.000000000000 1.000000000000
36 51 60
-0.322164430947 0.141285889955 -0.936081394288 1.884912783151
-0.761389950346 0.548937780086 0.344895139292 -0.648608858682
0.562579259256 0.823835912603 -0.069274570809 1.607600301656
0.000000000000 0.000000000000 0.000000000000 1.000000000000
36 52 60
0.287468094063 0.653809229915 -0.699925414436 1.390752878371
-0.503855663270 0.724712201376 0.470023080036 -0.842571749557
0.814549915896 0.217544744947 0.537757118465 1.149713169443
0.000000000000 0.000000000000 0.000000000000 1.000000000000
36 53 60
0.451739361285 -0.769900001444 -0.450761064471 0.160946602030
0.614808347471 0.634774173515 -0.468051754103 0.891629341312
0.646484528312 -0.065694264705 0.760093427309 1.096827257017
0.000000000000 0.000000000000 0.000000000000 1.000000000000
36 56 60
0.829022263991 -0.214479200989 -0.516450150693 0.839365287632
-0.129719491646 0.824579506049 -0.550673670781 1.279711713494
0.543962259072 0.523514384280 0.655772636024 1.513781366579
0.000000000000 0.000000000000 0.000000000000 1.000000000000
36 58 60
1.000000000000 0.000000000000 0.000000000000 0.000000000000
0.000000000000 1.000000000000 0.000000000000 0.000000000000
0.000000000000 0.000000000000 1.000000000000 0.000000000000
0.000000000000 0.000000000000 0.000000000000 1.000000000000
37 39 60
0.928557283126 0.369757044175 -0.032574533561 1.140777389679
-0.367617290772 0.928219097973 0.057156221744 0.633095638809
0.051370219767 -0.041097864201 0.997833686583 -1.449680015722
0.000000000000 0.000000000000 0.000000000000 1.000000000000
37 40 60
0.027711612498 -0.915392293404 0.401608037406 -0.841214850211
0.895162068089 0.201529141767 0.397581283354 -1.319338971249
-0.444878565889 0.348486662865 0.825009155960 0.118315990535
0.000000000000 0.000000000000 0.000000000000 1.000000000000
37 41 60
0.056561830271 -0.125713993433 0.990452801102 -2.424154484165
-0.863358080927 0.492059726477 0.111758890819 0.477823178040
-0.501411590865 -0.861436717023 -0.080704393383 2.388348100275
0.000000000000 0.000000000000 0.000000000000 1.000000000000
37 42 60
0.183989839053 -0.886434657543 0.424713240941 -0.851573657492
0.930609769193 0.018005175391 -0.365569789700 0.287952670665
0.316406694947 0.462503417895 0.828237521384 -1.041757798289
0.000000000000 0.000000000000 0.000000000000 1.000000000000
37 44 60
0.789290559670 0.096272685615 0.606425578633 -0.597552077840
-0.461713300874 0.744121539155 0.482808412065 -1.323590431206
-0.404773072489 -0.661070877418 0.631778485561 -0.633753037998
0.000000000000 0.000000000000 0.000000000000 1.000000000000
37 52 60
0.370549701887 -0.112834181240 -0.921933493249 2.569417736686
-0.056230381009 0.988047743585 -0.143526306466 0.229223231062
0.927108981017 0.105024301664 0.359776087834 1.333079018144
0.000000000000 0.000000000000 0.000000000000 1.000000000000
37 53 60
0.825833572368 0.040153943418 -0.562482507797 1.721202311359
0.343812244593 0.754776295490 0.558664375305 -0.532649006100
0.446981041229 -0.654752170363 0.609514187027 1.352266750070
0.000000000000 0.000000000000 0.000000000000 1.000000000000
37 57 60
0.613058895984 0.535285465710 -0.581057880296 1.736093413517
-0.693205379989 0.717272715078 -0.070612699708 0.184240982409
0.378979011569 0.446082192432 0.810793183485 0.144785026482
0.000000000000 0.000000000000 0.000000000000 1.000000000000
37 58 60
0.822328440062 0.296428076522 -0.485701896347 1.681514149048
-0.501761962708 0.780315707143 -0.373285855566 0.813427429864
0.268348410550 0.550670312107 0.790412131688 0.493036769286
0.000000000000 0.000000000000 0.000000000000 1.000000000000
38 40 60
0.948849344418 -0.065157971024 0.308932614673 -0.053460096874
0.084397731169 0.995211094492 -0.049314301918 -0.196539829373
-0.304239945718 0.072865054808 0.949804579489 0.293981855223
0.000000000000 0.000000000000 0.000000000000 1.000000000000
38 46 60
0.919188045019 0.073288904259 0.386939367869 -0.333778812834
0.058368133559 0.946327182900 -0.317896247052 0.027536679451
-0.389469509562 0.314791358550 0.865574896646 -0.129836812151
0.000000000000 0.000000000000 0.000000000000 1.000000000000
38 47 60
-0.021057933440 0.365332322236 -0.930638951350 2.550389445273
-0.998420619882 0.040809272048 0.038611774236 -0.404596875439
0.052084827291 0.929982202865 0.363895964695 1.406952148194
0.000000000000 0.000000000000 0.000000000000 1.000000000000
38 52 60
0.772834519422 0.004865599611 -0.634588946902 2.165287556622
0.210905906755 0.941162444900 0.264068079870 -0.310132454667
0.598536134319 -0.337919484864 0.726336642105 0.748156537091
0.000000000000 0.000000000000 0.000000000000 1.000000000000
38 53 60
0.371061187851 0.832618937083 -0.411168214337 1.603845891325
0.145213189791 0.385304109310 0.911292418963 -1.007921273793
0.917184127851 -0.397852295405 0.022064148750 2.233069087667
0.000000000000 0.000000000000 0.000000000000 1.000000000000
38 54 60
0.731560056643 -0.255790739327 0.631973876991 -0.950219820972
0.431180679850 0.891611425416 -0.138247196689 0.950762163925
-0.528112776638 0.373631052969 0.762559329763 1.200617863565
0.000000000000 0.000000000000 0.000000000000 1.000000000000
39 41 60
0.988864640901 -0.033489825149 0.145000529609 -0.080415098939
0.017216703092 0.993552175077 0.112060967936 -0.056016180433
-0.147818493803 -0.108316697751 0.983065199200 0.445774534362
0.000000000000 0.000000000000 0.000000000000 1.000000000000
39 45 60
0.976786425312 0.052215141629 0.207754322001 -0.144119589285
-0.029271314820 0.993274994149 -0.112017749160 -0.526719319566
-0.212206195607 0.103336174609 0.971745936736 0.061481223461
0.000000000000 0.000000000000 0.000000000000 1.000000000000
39 46 60
0.999284030388 0.030119903999 -0.022895807376 0.037099034638
-0.031522855284 0.997476927253 -0.063608876680 -0.062649085522
0.020922146329 0.064285075880 0.997712229459 -0.241669706907
0.000000000000 0.000000000000 0.000000000000 1.000000000000
39 47 60
0.995039300877 -0.031314451367 0.094425604819 -0.003155320568
0.012582863779 0.981159924027 0.192787123593 -0.221743597380
-0.098683642257 -0.190642620156 0.976686710328 0.435691693751
0.000000000000 0.000000000000 0.000000000000 1.000000000000
39 48 60
0.971875434310 0.031128178946 0.233429168400 0.331718844653
-0.118302343403 0.921609091345 0.369650156629 -0.301977653397
-0.203623907559 -0.386869124157 0.899371772430 0.924174062938
0.000000000000 0.000000000000 0.000000000000 1.000000000000
39 53 60
-0.726956859145 0.258403134052 0.636208727741 -0.339907928306
0.414423439341 0.903839261112 0.106432152086 0.425050938698
-0.547528024732 0.341031392081 -0.764140465980 2.888755551510
0.000000000000 0.000000000000 0.000000000000 1.000000000000
39 59 60
-0.910555517878 0.321579447137 0.259760097090 -1.079729310161
-0.311319991599 -0.946855203193 0.080901712081 -0.732405626663
0.271971527354 -0.007203010903 0.962278340680 1.239510149055
0.000000000000 0.000000000000 0.000000000000 1.000000000000
40 46 60
0.996098572150 0.084085281699 -0.026782456239 0.127438748574
-0.087928153140 0.971479910611 -0.220216764040 0.082455631943
0.007501629554 0.221712536138 0.975083215358 -0.502150674830
0.000000000000 0.000000000000 0.000000000000 1.000000000000
40 47 60
0.985550057121 -0.068028599753 0.155123159216 -0.058679817052
0.066417139304 0.997670711522 0.015553616217 -0.096888013987
-0.155819923361 -0.005026030876 0.987772691715 0.144807785366
0.000000000000 0.000000000000 0.000000000000 1.000000000000
40 53 60
-0.880631166386 0.268562554673 0.390336909627 -0.069684656380
0.377071674419 0.896093054271 0.234167013985 0.022890084399
-0.286889702046 0.353399762756 -0.890394803749 2.715753769498
0.000000000000 0.000000000000 0.000000000000 1.000000000000
40 55 60
0.610442053100 0.311081987048 -0.728415058288 1.400213337465
-0.621017417710 0.758796169788 -0.196381617305 0.374882690839
0.491627772514 0.572238036178 0.656388424063 0.906649271719
0.000000000000 0.000000000000 0.000000000000 1.000000000000
40 59 60
0.921782074332 0.246692673307 -0.299099535902 0.783882463765
0.057950843916 0.675121988122 0.735426407497 -1.483859647693
0.383352979811 -0.695235949941 0.608019298032 1.246736148200
0.000000000000 0.000000000000 0.000000000000 1.000000000000
41 46 60
0.977235068050 0.066849637274 -0.201352297654 0.250130539155
-0.115790146254 0.963304520436 -0.242150868135 0.206833971806
0.177775880830 0.259952932094 0.949115487858 -0.622509376831
0.000000000000 0.000000000000 0.000000000000 1.000000000000
41 47 60
0.999851465995 0.004418617949 -0.016658984453 0.052184651665
-0.005093532837 0.999158784165 -0.040691276093 0.085191830853
0.016465171449 0.040770085139 0.999032881484 -0.017596390402
0.000000000000 0.000000000000 0.000000000000 1.000000000000
41 48 60
0.985791540576 -0.038855576437 0.163417510410 0.159777290343
0.000721805067 0.973848647460 0.227196590729 -0.231604213158
-0.167971775981 -0.223850521601 0.960039804619 0.444767251288
0.000000000000 0.000000000000 0.000000000000 1.000000000000
41 49 60
0.985191158342 -0.171127977334 0.010658184570 0.210810780545
0.161344867036 0.946314600342 0.280100894431 -0.294098985996
-0.058019095185 -0.274233281264 0.959911398016 0.594614262377
0.000000000000 0.000000000000 0.000000000000 1.000000000000
41 51 60
0.672468069718 -0.401001307749 -0.622080900200 1.990755992606
0.526399326405 0.849974819493 0.021131857214 0.179420327199
0.520279198479 -0.341673466064 0.782667744460 0.477591823649
0.000000000000 0.000000000000 0.000000000000 1.000000000000
41 52 60
0.493665333667 -0.689780007522 -0.529620694042 1.339918690385
0.703362157940 0.674844474559 -0.223308329300 0.667746839174
0.511445220051 -0.262275573356 0.818312477302 0.798860776406
0.000000000000 0.000000000000 0.000000000000 1.000000000000
41 53 60
-0.813740298556 -0.192420943572 0.548453194887 -0.502542800464
-0.453256507102 0.800779542874 -0.391549055016 0.619979257811
-0.363847860069 -0.567209224351 -0.738842629072 2.874392379068
0.000000000000 0.000000000000 0.000000000000 1.000000000000
41 55 60
0.890040250228 0.270962010209 -0.366616887224 0.682373111899
-0.345828702493 0.925288626493 -0.155703134890 0.518966370149
0.297036801603 0.265368699560 0.917250561072 -0.106703957001
0.000000000000 0.000000000000 0.000000000000 1.000000000000
42 46 60
1.000000000000 0.000000000000 0.000000000000 0.000000000000
0.000000000000 1.000000000000 0.000000000000 0.000000000000
0.000000000000 0.000000000000 1.000000000000 0.000000000000
0.000000000000 0.000000000000 0.000000000000 1.000000000000
42 48 60
0.857764123597 -0.352108523707 0.374513412047 -1.435811461898
0.263919081377 0.926867177282 0.266953093563 -0.202055628106
-0.441120648751 -0.130141550671 0.887961570134 0.893402819053
0.000000000000 0.000000000000 0.000000000000 1.000000000000
42 50 60
0.987090805720 -0.101155855186 0.124174209177 -0.294323272286
0.094472525333 0.993801619418 0.058594224969 0.032586040303
-0.129331679106 -0.046106769613 0.990528890329 0.391281762465
0.000000000000 0.000000000000 0.000000000000 1.000000000000
42 53 60
-0.332089421320 0.764917343826 0.551922162412 -1.590249082977
-0.059847832164 -0.601037526691 0.796976868230 -0.808399296845
0.941347360560 0.231636242033 0.245376849243 2.040233114139
0.000000000000 0.000000000000 0.000000000000 1.000000000000
42 54 60
0.310237053344 -0.888394115459 0.338391587293 -1.124743659346
0.898285225158 0.390462396419 0.201550914775 -0.285877503557
-0.311185836754 0.241443601284 0.919167211340 1.383317542074
0.000000000000 0.000000000000 0.000000000000 1.000000000000
43 53 60
0.087153280142 0.237458124280 -0.967480203918 -0.067952870398
0.019567538297 0.970580189312 0.239981681717 -1.139933382851
0.996002719477 -0.039846396677 0.079942776199 3.097532085611
0.000000000000 0.000000000000 0.000000000000 1.000000000000
43 54 60
0.280934716323 -0.893134535544 0.351263984180 -0.946914295613
0.934595302899 0.337805329599 0.111441370653 0.488455716022
-0.218190982771 0.296981919841 0.929620586220 1.531866570088
0.000000000000 0.000000000000 0.000000000000 1.000000000000
44 53 60
-0.147152428350 -0.232158802952 -0.961482424719 -0.177653185616
0.736348815549 0.623310503212 -0.263200376947 0.506120938129
0.660406378429 -0.746717019223 0.079228205410 2.832438268851
0.000000000000 0.000000000000 0.000000000000 1.000000000000
44 55 60
0.630041418077 0.767165312441 -0.120437514487 -0.562971048263
0.225767118785 -0.032561716493 0.973636966582 -1.840936111023
0.743018855470 -0.640622445757 -0.193715932256 2.810514926179
0.000000000000 0.000000000000 0.000000000000 1.000000000000
45 55 60
0.121544041806 0.695364779651 -0.708304220743 0.917129085614
0.975465961650 0.048283658953 0.214790237071 -0.595006064690
0.183557085302 -0.717033131382 -0.672436082417 4.270221134832
0.000000000000 0.000000000000 0.000000000000 1.000000000000
46 48 60
0.916069982754 -0.104353769109 0.387202889413 0.097499840459
-0.076832215962 0.901989436504 0.424866881536 -0.148199812803
-0.393589376492 -0.418957452862 0.818267716218 1.211550842458
0.000000000000 0.000000000000 0.000000000000 1.000000000000
46 51 60
1.000000000000 0.000000000000 0.000000000000 0.000000000000
0.000000000000 1.000000000000 0.000000000000 0.000000000000
0.000000000000 0.000000000000 1.000000000000 0.000000000000
0.000000000000 0.000000000000 0.000000000000 1.000000000000
46 52 60
0.798399246405 0.285394193224 -0.530196942479 1.296343976151
0.033370846404 0.858211931272 0.512209593461 -1.180102646038
0.601202985646 -0.426640874152 0.675671913397 2.033942383479
0.000000000000 0.000000000000 0.000000000000 1.000000000000
46 53 60
-0.418527859946 -0.636358326829 -0.647983418248 0.861032040618
-0.607655837550 0.726461743670 -0.320948154809 0.983861090065
0.674973194683 0.259425162348 -0.690731330982 3.025007225705
0.000000000000 0.000000000000 0.000000000000 1.000000000000
46 54 60
0.565626764226 0.574248517039 -0.591865697832 1.270476642625
-0.717195779109 0.696809244413 -0.009332273541 0.651064014208
0.407058445458 0.429762163970 0.805982570780 1.810059572237
0.000000000000 0.000000000000 0.000000000000 1.000000000000
46 55 60
0.798784418313 0.130338698061 -0.587328934114 1.002877932993
-0.377711394855 0.868515457278 -0.320959503155 1.091684569455
0.468270814013 0.478218280973 0.742987025787 1.288512204780
0.000000000000 0.000000000000 0.000000000000 1.000000000000
46 58 60
-0.450522878966 0.823692001788 -0.344326330273 0.039421240478
0.864376774418 0.305962014159 -0.399048916472 1.291638607488
-0.223342623282 -0.477408349406 -0.849823123093 4.413094487977
0.000000000000 0.000000000000 0.000000000000 1.000000000000
47 49 60
0.987881759601 -0.135343820306 -0.075971569371 0.226035229058
0.152128402473 0.941380585902 0.301097229558 -0.315241753965
0.030766511154 -0.309005894429 0.950562348823 0.566862010544
0.000000000000 0.000000000000 0.000000000000 1.000000000000
47 51 60
0.973632546840 -0.029167874444 -0.226249638307 1.209882916225
-0.091824789387 -0.958005594936 -0.271649568607 0.456529994173
-0.208824978841 0.285262186717 -0.935423761213 4.798238816587
0.000000000000 0.000000000000 0.000000000000 1.000000000000
47 52 60
0.486683157979 -0.606019488513 -0.629189862666 1.509491000130
0.853402880842 0.483723596772 0.194203514121 -0.072426784555
0.186662869126 -0.631468020939 0.752598905010 0.810719887338
0.000000000000 0.000000000000 0.000000000000 1.000000000000
47 53 60
-0.823848780452 -0.074430704224 0.561901465754 -0.474468697677
-0.368261831376 0.823887707219 -0.430804212427 0.600087158813
-0.430878649389 -0.561844387853 -0.706168870270 3.035208494517
0.000000000000 0.000000000000 0.000000000000 1.000000000000
47 55 60
0.571736420606 0.374038436876 -0.730214155636 1.877692720916
-0.755329664163 0.587443853657 -0.290494091568 0.758286435392
0.320303861650 0.717638465064 0.618385373107 0.981361798877
0.000000000000 0.000000000000 0.000000000000 1.000000000000
48 53 60
0.243706945446 0.969510598259 -0.025614929332 0.846249719596
0.021616039204 0.020974839214 0.999546298562 -1.387916264159
0.969607998931 -0.244150068572 -0.015845265105 2.635474805022
0.000000000000 0.000000000000 0.000000000000 1.000000000000
48 55 60
0.936247377177 0.076712602717 0.342864441600 -0.008214474306
0.073707723164 0.911270240146 -0.405158883614 0.314017383872
-0.343522954510 0.404600699467 0.847520060951 1.074204311046
0.000000000000 0.000000000000 0.000000000000 1.000000000000
49 51 60
0.905744430983 -0.238606478570 -0.350276996286 1.273519371157
-0.244367502716 -0.969267456593 0.028374657822 -0.790092741141
-0.346282470476 0.059896126538 -0.936216270242 4.060138729749
0.000000000000 0.000000000000 0.000000000000 1.000000000000
49 53 60
0.811934303105 -0.477891445160 -0.335234923726 -0.180826356047
0.473914236971 0.874937535487 -0.099446493109 0.254055132869
0.340834246282 -0.078128584005 0.936871357724 0.765667571076
0.000000000000 0.000000000000 0.000000000000 1.000000000000
49 57 60
0.491665201576 -0.870231542143 0.031022453466 -0.141891905451
0.860833949188 0.491108771780 0.133330739914 -0.100152981992
-0.131264014430 -0.038848903985 0.990585948404 -0.238114949433
0.000000000000 0.000000000000 0.000000000000 1.000000000000
49 58 60
0.883698166168 -0.464187105016 -0.060065652813 0.517329762682
0.464964900349 0.885328361281 -0.001155056808 -0.075118339058
0.053713988451 -0.026907698691 0.998193760347 0.102105889307
0.000000000000 0.000000000000 0.000000000000 1.000000000000
50 52 60
0.315881410571 -0.749117255614 -0.582273365180 2.244959300463
0.946412157522 0.292274702396 0.137402789033 0.044167981807
0.067252974287 -0.594473578623 0.801297823389 1.145202318187
0.000000000000 0.000000000000 0.000000000000 1.000000000000
50 53 60
0.818776720185 0.291418309346 -0.494651444414 0.707076253406
-0.275311683806 0.955367128930 0.107131347982 -1.047114920096
0.503793766577 0.048466668329 0.862463229836 2.351963706097
0.000000000000 0.000000000000 0.000000000000 1.000000000000
50 54 60
0.915754831356 -0.398572385293 0.050330334090 0.176365878225
0.386237439596 0.839021557319 -0.383227695514 1.235207746058
0.110515741423 0.370382073049 0.922281622316 1.270711556940
0.000000000000 0.000000000000 0.000000000000 1.000000000000
50 55 60
0.788939145970 0.592856930597 -0.161541585356 1.429641441231
-0.614061700755 0.751082439206 -0.242494117829 0.532775017484
-0.022433270421 0.290509602869 0.956609073247 0.731016467616
0.000000000000 0.000000000000 0.000000000000 1.000000000000
51 53 60
0.487551313688 -0.179689094764 0.854403619927 -0.542501645545
0.671430460983 -0.548370823217 -0.498468229989 0.850690399108
0.558099321434 0.816701456756 -0.146710183517 2.654053869232
0.000000000000 0.000000000000 0.000000000000 1.000000000000
51 55 60
0.225573795246 -0.749502455973 0.622384552660 -1.638821617051
0.148241106623 0.657817583443 0.738444717782 -1.361801243618
-0.962881631981 -0.074310802738 0.259493482367 2.202059292285
0.000000000000 0.000000000000 0.000000000000 1.000000000000
51 58 60
0.999516310308 -0.028038231429 -0.013453735799 -0.137379921961
0.022062895171 0.944197987604 -0.328638690449 0.198067336990
0.021917437927 0.328182902940 0.944359893331 1.376499131320
0.000000000000 0.000000000000 0.000000000000 1.000000000000
51 59 60
0.732168932788 -0.094819998371 0.674490787015 -0.674703522509
0.117649658996 0.992984058183 0.011883515185 -0.576436581742
-0.670885393788 0.070652870457 0.738187618630 1.169643317957
0.000000000000 0.000000000000 0.000000000000 1.000000000000
52 57 60
0.129415479057 0.698710518852 -0.703601623525 0.962038426618
-0.989655794367 0.046709824851 -0.135645128694 1.010949103630
-0.061911569649 0.713878002959 0.697527887927 0.046650738056
0.000000000000 0.000000000000 0.000000000000 1.000000000000
52 58 60
0.235144955678 0.562823649846 -0.792424374305 1.528605393978
-0.857125871006 -0.264351224838 -0.442101426348 1.357931343843
-0.458303492318 0.783165352337 0.420249854049 0.790416576590
0.000000000000 0.000000000000 0.000000000000 1.000000000000
52 59 60
0.932937282383 -0.058230294801 0.355298831842 -0.803971390068
0.092118621971 0.992592823566 -0.079206351339 -0.268290520189
-0.348054861519 0.106624196943 0.931390945844 0.163738958224
0.000000000000 0.000000000000 0.000000000000 1.000000000000
53 55 60
-0.852560608001 0.451177462113 -0.263778898639 0.016448240703
0.394719449973 0.886677137202 0.240832327929 -0.115480677765
0.342544837210 0.101205494140 -0.934034518879 2.499815436915
0.000000000000 0.000000000000 0.000000000000 1.000000000000
53 56 60
0.460073387962 0.782634867712 0.419303161842 -0.577485442597
-0.885088625904 0.441686462212 0.146735113023 -0.721465306242
-0.070360514379 -0.438629379933 0.895909406735 -0.225561315830
0.000000000000 0.000000000000 0.000000000000 1.000000000000
53 57 60
0.160343598054 0.644720470698 0.747412500047 -1.433466651656
-0.822446415104 0.505949953662 -0.259993343513 0.099741712773
-0.545776350573 -0.573018463099 0.611373875875 -0.771481056445
0.000000000000 0.000000000000 0.000000000000 1.000000000000
53 58 60
-0.104101814737 0.660474819757 -0.743596546950 0.985578028549
0.961008949792 -0.125776696452 -0.246256007134 0.138103858576
-0.256173009094 -0.740238633886 -0.621628630546 2.442180570362
0.000000000000 0.000000000000 0.000000000000 1.000000000000
53 59 60
0.633156159446 0.749805731459 0.192105811539 -0.515167579998
-0.760902386089 0.557441458340 0.332094232663 -0.453858498346
0.141918415295 -0.356441279308 0.923476463049 -0.481762388060
0.000000000000 0.000000000000 0.000000000000 1.000000000000
54 56 60
0.536181648927 0.805275342764 -0.253062959935 0.565145170023
-0.843927443444 0.517519652506 -0.141279437539 -0.575960390555
0.017196207598 0.289318218588 0.957078501920 -0.267326836870
0.000000000000 0.000000000000 0.000000000000 1.000000000000
54 57 60
-0.503365370395 0.515366986249 0.693556178958 -1.792816778618
-0.722656268102 -0.691121190332 -0.010927874766 -0.517076770911
0.473699506080 -0.506703433734 0.720319656945 -0.088475652211
0.000000000000 0.000000000000 0.000000000000 1.000000000000
54 58 60
0.957446265784 0.054570797620 0.283405497801 -0.673768978175
0.123712344521 0.809575372623 -0.573831832382 0.378681851842
-0.260752572278 0.584473903685 0.768373836073 -0.448787077431
0.000000000000 0.000000000000 0.000000000000 1.000000000000
54 59 60
0.178944007097 0.889063964177 0.421360071585 -0.844562231012
-0.958380104484 0.060680263559 0.278972186683 -0.991042965786
0.222455877990 -0.453743510385 0.862919584394 -0.629729937162
0.000000000000 0.000000000000 0.000000000000 1.000000000000
55 57 60
0.986149519278 -0.057695407119 -0.155500371787 -0.144870231576
0.020466555612 0.972711971571 -0.231111532522 0.054595010898
0.164591147179 0.224727969689 0.960420269418 -0.483640977031
0.000000000000 0.000000000000 0.000000000000 1.000000000000
55 58 60
0.968835519532 -0.020470563324 0.246857635349 -0.719669709141
0.046041863807 0.994094691988 -0.098264388965 -0.320715869177
-0.243388337580 0.106567815961 0.964056750265 -0.571637246676
0.000000000000 0.000000000000 0.000000000000 1.000000000000
55 59 60
0.866000446165 0.396111894968 -0.305186162705 0.045023006790
-0.341369107881 0.914294228697 0.218021089704 -0.182272447564
0.365390694225 -0.084625232856 0.926999574184 -0.409823160813
0.000000000000 0.000000000000 0.000000000000 1.000000000000
56 58 60
0.936483654966 -0.061680692526 0.345244632328 -0.852041604796
0.022381086565 0.992916962151 0.116683303159 -0.265872066452
-0.349996358476 -0.101545056214 0.931230986712 -0.399661530958
0.000000000000 0.000000000000 0.000000000000 1.000000000000
