0 2 60
0.458955520000 -0.478879860000 0.748354140000 -1.510421120000
0.427847110000 0.857334420000 0.286224640000 -0.703838100000
-0.778656970000 0.188816780000 0.598365730000 0.913959330000
0.000000000000 0.000000000000 0.000000000000 1.000000000000
0 3 60
0.953856190000 -0.019813000000 -0.299609430000 0.155286770000
-0.063510900000 0.961931240000 -0.265809440000 0.306559450000
0.293470150000 0.272572440000 0.916285730000 -0.538480560000
0.000000000000 0.000000000000 0.000000000000 1.000000000000
0 4 60
0.830118000000 0.178935270000 0.528096850000 -1.466690170000
-0.550572120000 0.113272080000 0.827066970000 -2.027317510000
0.088172820000 -0.977318580000 0.192545970000 2.363238300000
0.000000000000 0.000000000000 0.000000000000 1.000000000000
0 6 60
-0.566942660000 0.743105480000 -0.355485970000 1.042590800000
0.774824110000 0.334535780000 -0.536407870000 1.087623390000
-0.279684850000 -0.579551600000 -0.765438650000 5.222474340000
0.000000000000 0.000000000000 0.000000000000 1.000000000000
0 7 60
-0.676855680000 -0.153724000000 -0.719885640000 1.610391190000
0.577102790000 0.496279120000 -0.648582620000 1.648204640000
0.456966920000 -0.854444830000 -0.247194790000 2.779769660000
0.000000000000 0.000000000000 0.000000000000 1.000000000000
0 8 60
0.800041220000 0.298821280000 -0.520230610000 1.531553250000
0.560620560000 -0.063593000000 0.825627350000 -1.468581470000
0.213632000000 -0.952187890000 -0.218402370000 3.452953400000
0.000000000000 0.000000000000 0.000000000000 1.000000000000
0 9 60
-0.156223560000 0.263276100000 -0.951987340000 2.210778070000
-0.247533350000 0.922628240000 0.295777570000 -0.811694500000
0.956201570000 0.281856040000 -0.078966650000 3.102673150000
0.000000000000 0.000000000000 0.000000000000 1.000000000000
0 10 60
0.715298290000 -0.300773550000 -0.630780170000 2.352520020000
0.215213060000 0.953578860000 -0.210643530000 0.730980190000
0.664854640000 0.014920820000 0.746823720000 0.214027520000
0.000000000000 0.000000000000 0.000000000000 1.000000000000
0 11 60
0.770067490000 0.513363340000 -0.378753400000 0.778382510000
-0.373683220000 0.844151880000 0.384406630000 -0.681006290000
0.517065670000 -0.154485260000 0.841889190000 0.240107510000
0.000000000000 0.000000000000 0.000000000000 1.000000000000
0 12 60
0.167171770000 0.683217260000 -0.710821910000 1.591102620000
-0.541422260000 0.666145900000 0.512944030000 -0.579433420000
0.823963310000 0.299105040000 0.481269820000 1.642204290000
0.000000000000 0.000000000000 0.000000000000 1.000000000000
0 13 60
0.729403310000 -0.660461540000 0.178217190000 -0.422982540000
0.319900000000 0.559593540000 0.764538460000 -1.514941430000
-0.604677440000 -0.500645200000 0.619451030000 1.252558780000
0.000000000000 0.000000000000 0.000000000000 1.000000000000
0 14 60
-0.402286580000 0.777487530000 -0.483403200000 1.223283640000
0.153455120000 -0.463278980000 -0.872825360000 2.142109480000
-0.902561370000 -0.425306630000 0.067061480000 1.938489240000
0.000000000000 0.000000000000 0.000000000000 1.000000000000
0 15 60
0.387875330000 0.342905940000 -0.855551430000 2.289145160000
-0.450341490000 0.880388060000 0.148692340000 0.160076240000
0.804204740000 0.327616220000 0.495905580000 1.597612310000
0.000000000000 0.000000000000 0.000000000000 1.000000000000
0 16 60
0.989627910000 -0.061440110000 -0.129852670000 0.404633970000
-0.141986430000 -0.555691990000 -0.819174140000 2.103287800000
-0.021827940000 0.829114910000 -0.558651960000 3.307669970000
0.000000000000 0.000000000000 0.000000000000 1.000000000000
0 17 60
-0.928025160000 0.259364380000 0.267393740000 -1.153580180000
0.239677860000 -0.133775210000 0.961591760000 -1.433703910000
0.285173310000 0.956469710000 0.061982860000 2.253137380000
0.000000000000 0.000000000000 0.000000000000 1.000000000000
0 18 60
-0.025493260000 -0.694701420000 0.718846320000 -1.309556520000
-0.587705280000 -0.571274760000 -0.572929010000 1.207147240000
0.808673350000 -0.437075610000 -0.393716040000 2.929673790000
0.000000000000 0.000000000000 0.000000000000 1.000000000000
0 19 60
-0.304087220000 -0.237409780000 -0.922587430000 1.121377460000
0.025463390000 -0.970128690000 0.241250790000 -0.179428560000
-0.952303830000 0.049869080000 0.301048990000 1.903034080000
0.000000000000 0.000000000000 0.000000000000 1.000000000000
0 20 60
-0.831442460000 -0.537691680000 0.139968210000 -0.572228170000
0.507274460000 -0.631856800000 0.586028670000 -0.419911670000
-0.226662880000 0.558251420000 0.798109830000 1.000821000000
0.000000000000 0.000000000000 0.000000000000 1.000000000000
0 21 60
-0.677847870000 -0.480136530000 0.556768510000 -1.316934390000
0.482836950000 0.280366500000 0.829616240000 -0.408776260000
-0.554428300000 0.831182010000 0.041781820000 1.728786810000
0.000000000000 0.000000000000 0.000000000000 1.000000000000
0 22 60
-0.329658130000 -0.939482020000 -0.093268700000 -0.181882170000
0.340686590000 -0.210512590000 0.916306230000 -1.163444490000
-0.880487460000 0.270292400000 0.389466110000 1.633658310000
0.000000000000 0.000000000000 0.000000000000 1.000000000000
0 23 60
0.507002940000 0.842753690000 -0.180870760000 0.438194970000
0.681588810000 -0.520439720000 -0.514372630000 1.513606430000
-0.527621760000 0.137508950000 -0.838275950000 3.729796410000
0.000000000000 0.000000000000 0.000000000000 1.000000000000
0 24 60
-0.918076340000 0.030596360000 0.395221080000 -0.907460740000
-0.042293680000 0.983765320000 -0.174404830000 0.326323330000
-0.394140940000 -0.176832300000 -0.901877630000 4.116778740000
0.000000000000 0.000000000000 0.000000000000 1.000000000000
0 25 60
-0.806812550000 -0.571087420000 -0.151369310000 0.801293270000
-0.467056160000 0.459622730000 0.755384330000 -1.360314090000
-0.361817710000 0.680151530000 -0.637559280000 3.774518370000
0.000000000000 0.000000000000 0.000000000000 1.000000000000
0 26 60
-0.550469460000 0.749226590000 0.368297280000 -1.690467990000
-0.551101690000 -0.657480180000 0.513815860000 -0.854851740000
0.627112670000 0.079870690000 0.774822800000 1.000188180000
0.000000000000 0.000000000000 0.000000000000 1.000000000000
0 27 60
0.544448270000 0.684405900000 -0.484937770000 1.003923030000
-0.320979730000 0.704127600000 0.633384820000 -0.827309690000
0.774950380000 -0.189190080000 0.603041480000 1.335044180000
0.000000000000 0.000000000000 0.000000000000 1.000000000000
0 28 60
-0.873433640000 -0.146579160000 -0.464357870000 0.839944460000
-0.306728100000 -0.575033700000 0.758455090000 -0.772383580000
-0.378195140000 0.804891790000 0.457293830000 0.921022890000
0.000000000000 0.000000000000 0.000000000000 1.000000000000
0 29 60
0.979931440000 -0.199246150000 -0.005946000000 -0.294289120000
-0.060434170000 -0.268537350000 -0.961371630000 2.415650990000
0.189952870000 0.942437620000 -0.275189460000 2.815373770000
0.000000000000 0.000000000000 0.000000000000 1.000000000000
0 30 60
0.575808950000 0.031539490000 0.816975710000 -2.428485740000
-0.676493090000 0.579531480000 0.454423120000 -0.982833290000
-0.459130870000 -0.814339320000 0.355035660000 1.941135320000
0.000000000000 0.000000000000 0.000000000000 1.000000000000
0 31 60
-0.156952760000 0.602342260000 -0.782655500000 1.806013050000
0.373781600000 -0.697297520000 -0.611607300000 1.578444010000
-0.914140660000 -0.388535680000 -0.115701690000 2.677330390000
0.000000000000 0.000000000000 0.000000000000 1.000000000000
0 32 60
0.382877560000 -0.781259490000 -0.492989240000 1.742398110000
-0.271194280000 0.415084790000 -0.868422870000 1.603459130000
0.883095940000 0.466195490000 -0.052946450000 2.718267540000
0.000000000000 0.000000000000 0.000000000000 1.000000000000
0 33 60
-0.743784480000 -0.376797150000 0.552094700000 -2.036093100000
-0.133084010000 -0.725953330000 -0.674744700000 1.998218820000
0.655036870000 -0.575339610000 0.489807140000 1.563691140000
0.000000000000 0.000000000000 0.000000000000 1.000000000000
0 34 60
-0.431006870000 0.489788490000 -0.757852440000 2.298478050000
0.678732340000 -0.377460960000 -0.629956850000 1.571509350000
-0.594605320000 -0.785894690000 -0.169747030000 2.921487360000
0.000000000000 0.000000000000 0.000000000000 1.000000000000
0 35 60
0.436155900000 0.785985160000 -0.438172750000 1.253839970000
0.219102500000 0.379518260000 0.898865950000 -2.126134600000
0.872789850000 -0.488050430000 -0.006682180000 3.020367930000
0.000000000000 0.000000000000 0.000000000000 1.000000000000
0 36 60
0.781239730000 -0.621431490000 0.059054020000 -0.110018710000
0.555541300000 0.735296970000 0.388216730000 -0.319107020000
-0.284672340000 -0.270483390000 0.919674070000 0.064847670000
0.000000000000 0.000000000000 0.000000000000 1.000000000000
0 37 60
0.708944130000 0.037573300000 -0.704263070000 1.870727220000
-0.105367520000 0.993015210000 -0.053089290000 1.032227630000
0.697349200000 0.111843800000 0.707951310000 0.337918400000
0.000000000000 0.000000000000 0.000000000000 1.000000000000
0 38 60
-0.882589400000 -0.381664570000 0.274532510000 -0.486786980000
-0.071534070000 0.686149380000 0.723935010000 -1.763034280000
-0.464670660000 0.619298940000 -0.632890200000 4.652836330000
0.000000000000 0.000000000000 0.000000000000 1.000000000000
0 40 60
-0.359775480000 0.832654140000 -0.421009120000 1.017292530000
0.925354570000 0.376214850000 -0.046704520000 -0.305707960000
0.119501170000 -0.406385860000 -0.905853190000 4.387167200000
0.000000000000 0.000000000000 0.000000000000 1.000000000000
0 41 60
0.688180490000 0.231567320000 -0.687593040000 0.850217330000
-0.119905890000 0.970966680000 0.206993450000 -0.368465830000
0.715562850000 -0.060002400000 0.695966610000 0.813253830000
0.000000000000 0.000000000000 0.000000000000 1.000000000000
0 42 60
0.533836850000 0.366900710000 -0.761841250000 1.093501740000
-0.303442930000 0.924073210000 0.232402870000 -0.326552130000
0.789265860000 0.107110120000 0.604637760000 0.625133890000
0.000000000000 0.000000000000 0.000000000000 1.000000000000
0 43 60
0.996228710000 0.044594980000 0.074428830000 -0.130057000000
-0.064071830000 0.956539160000 0.284477830000 -1.017012140000
-0.058507800000 -0.288173780000 0.955789050000 -0.025504340000
0.000000000000 0.000000000000 0.000000000000 1.000000000000
0 44 60
0.974586730000 -0.206726750000 0.086282980000 -0.649036400000
0.182088200000 0.955425850000 0.232390460000 -0.937549170000
-0.130478310000 -0.210773550000 0.968787860000 0.177360630000
0.000000000000 0.000000000000 0.000000000000 1.000000000000
0 45 60
0.992626030000 0.048703370000 0.111002420000 -0.383368850000
-0.019355220000 0.967666090000 -0.251490970000 0.254267040000
-0.119661730000 0.247488000000 0.961473220000 -0.151342260000
0.000000000000 0.000000000000 0.000000000000 1.000000000000
0 46 60
-0.981367010000 0.134166050000 -0.137543650000 -0.121722920000
-0.077588250000 0.378175240000 0.922476860000 -2.188367490000
0.175780680000 0.915960130000 -0.360718990000 2.448486370000
0.000000000000 0.000000000000 0.000000000000 1.000000000000
0 47 60
-0.870644580000 0.119024910000 -0.477295600000 0.677171300000
-0.125505730000 0.884424840000 0.449489730000 -1.021631960000
0.475632560000 0.451249130000 -0.755081380000 4.037034870000
0.000000000000 0.000000000000 0.000000000000 1.000000000000
0 48 60
0.665265580000 -0.738877660000 0.107151780000 0.466299760000
-0.032928110000 -0.172415630000 -0.984473760000 2.737105820000
0.745880310000 0.651408210000 -0.139032030000 2.410297490000
0.000000000000 0.000000000000 0.000000000000 1.000000000000
0 49 60
-0.737706790000 0.369858930000 -0.564794710000 1.090785130000
0.187847020000 -0.691096540000 -0.697924830000 1.989908740000
-0.648461400000 -0.620958890000 0.440349720000 1.294490110000
0.000000000000 0.000000000000 0.000000000000 1.000000000000
0 50 60
-0.946151610000 0.317967210000 0.060778210000 -0.657389280000
-0.058077320000 -0.351425800000 0.934412610000 -1.681389550000
0.318471600000 0.880566160000 0.350968770000 1.964792900000
0.000000000000 0.000000000000 0.000000000000 1.000000000000
0 51 60
-0.294334230000 0.785295660000 -0.544681630000 1.627568520000
0.938117670000 0.346229700000 -0.007761340000 -0.559398050000
0.182490010000 -0.513259890000 -0.838606990000 4.821789800000
0.000000000000 0.000000000000 0.000000000000 1.000000000000
0 52 60
0.503665840000 0.333219660000 0.797047910000 -1.776104150000
0.835363980000 0.047310940000 -0.547657470000 0.746981710000
-0.220199320000 0.941661470000 -0.254530800000 3.427594940000
0.000000000000 0.000000000000 0.000000000000 1.000000000000
0 53 60
0.323610560000 -0.702700160000 0.633631350000 -0.598965970000
-0.294675120000 -0.711209850000 -0.638237510000 1.195249800000
0.899134460000 0.019825010000 -0.437223270000 3.093227550000
0.000000000000 0.000000000000 0.000000000000 1.000000000000
0 54 60
0.397090320000 0.018390520000 0.917595260000 -2.049374240000
-0.166662380000 -0.981731400000 0.091799260000 -0.159220710000
0.902520320000 -0.189381200000 -0.386771030000 2.740548880000
0.000000000000 0.000000000000 0.000000000000 1.000000000000
0 55 60
0.895552790000 -0.231100260000 0.380233980000 -0.567229210000
0.186422280000 0.970802050000 0.150963950000 -0.297208850000
-0.404019730000 -0.064312100000 0.912486720000 0.165642790000
0.000000000000 0.000000000000 0.000000000000 1.000000000000
0 56 60
0.058250340000 -0.657137820000 0.751516320000 -0.602153810000
0.295311490000 0.730446280000 0.615824120000 -0.703362330000
-0.953623630000 0.186059440000 0.236609100000 2.000297540000
0.000000000000 0.000000000000 0.000000000000 1.000000000000
0 57 60
0.374783740000 -0.764443700000 -0.524559790000 1.358206020000
0.625351700000 -0.209265230000 0.751760140000 -1.502165690000
-0.684450430000 -0.609781840000 0.399616960000 1.689549990000
0.000000000000 0.000000000000 0.000000000000 1.000000000000
0 58 60
0.503801031000 -0.863785268000 -0.007715696880 0.598875849000
0.012618440400 -0.001572022370 0.999919149000 -1.724096700000
-0.863727559000 -0.503857658000 0.010107636500 2.841720740000
0.000000000000 0.000000000000 0.000000000000 1.000000000000
0 59 60
0.896522530000 -0.386993370000 0.215600300000 -1.043251880000
0.275328070000 0.868027460000 0.413186140000 -0.408082520000
-0.347047280000 -0.311069860000 0.884756310000 0.717470440000
0.000000000000 0.000000000000 0.000000000000 1.000000000000
1 3 60
-0.235621650000 0.767504040000 0.596171100000 -1.843832960000
0.656014440000 0.578205250000 -0.485101780000 1.372054340000
-0.717026840000 0.276796370000 -0.639731410000 3.436408860000
0.000000000000 0.000000000000 0.000000000000 1.000000000000
1 4 60
-0.014244450000 0.271070680000 -0.962454040000 2.787636310000
-0.165960880000 0.948559680000 0.269613640000 -0.562489530000
0.986029450000 0.163570220000 0.031475420000 1.502216020000
0.000000000000 0.000000000000 0.000000000000 1.000000000000
1 5 60
-0.120632840000 0.976489330000 -0.178651370000 0.754584300000
-0.975347290000 -0.083089780000 0.204435180000 -0.916544060000
0.184784670000 0.198908730000 0.962439580000 0.103906720000
0.000000000000 0.000000000000 0.000000000000 1.000000000000
1 6 60
0.931580720000 -0.259466560000 -0.254626130000 0.323294180000
0.207143190000 0.954452380000 -0.214737880000 0.359534150000
0.298745820000 0.147301600000 0.942896160000 -0.372795970000
0.000000000000 0.000000000000 0.000000000000 1.000000000000
1 7 60
-0.825521930000 0.553256960000 0.111446310000 0.595453470000
0.346423160000 0.340854460000 0.873961800000 -2.322846130000
0.445538480000 0.760082220000 -0.473043850000 3.087123320000
0.000000000000 0.000000000000 0.000000000000 1.000000000000
1 8 60
0.523036750000 -0.445575100000 -0.726564100000 2.309284050000
-0.741377320000 0.182696130000 -0.645741280000 1.244596430000
0.420466680000 0.876404560000 -0.234782480000 2.738375380000
0.000000000000 0.000000000000 0.000000000000 1.000000000000
1 9 60
-0.073797080000 0.898121450000 0.433511080000 -0.471419930000
0.847118540000 0.285839950000 -0.447979580000 1.279804280000
-0.526254850000 0.334175680000 -0.781909480000 3.876395060000
0.000000000000 0.000000000000 0.000000000000 1.000000000000
1 10 60
-0.357432800000 0.748783390000 0.558180280000 -1.045428890000
0.925952630000 0.206128030000 0.316422130000 -1.073855310000
0.121875030000 0.629948150000 -0.767014870000 4.728719560000
0.000000000000 0.000000000000 0.000000000000 1.000000000000
1 11 60
0.373827960000 0.750275290000 0.545288580000 -0.343407050000
-0.883726380000 0.109649820000 0.454977590000 -1.382744340000
0.281567650000 -0.651969250000 0.704028240000 0.227557340000
0.000000000000 0.000000000000 0.000000000000 1.000000000000
1 12 60
-0.619597450000 0.020589780000 -0.784649640000 2.285246350000
0.705134700000 -0.424522910000 -0.567948380000 1.203538010000
-0.344795680000 -0.905183050000 0.248514750000 1.583055580000
0.000000000000 0.000000000000 0.000000000000 1.000000000000
1 13 60
0.930852450000 -0.325714450000 -0.165601400000 0.789412030000
-0.364932410000 -0.851518610000 -0.376484240000 1.164636330000
-0.018386320000 0.410884590000 -0.911501940000 3.939616120000
0.000000000000 0.000000000000 0.000000000000 1.000000000000
1 14 60
0.095830610000 -0.543155760000 0.834145260000 -1.361303840000
-0.391377090000 0.749947870000 0.533293700000 -0.481830680000
-0.915227000000 -0.377571200000 -0.140710760000 2.189041910000
0.000000000000 0.000000000000 0.000000000000 1.000000000000
1 15 60
-0.158059530000 0.966823040000 -0.200674830000 1.151600550000
-0.003337540000 0.202705250000 0.979234110000 -1.896927160000
0.987423940000 0.155447040000 -0.028812690000 2.669123110000
0.000000000000 0.000000000000 0.000000000000 1.000000000000
1 16 60
0.441489510000 0.896398690000 0.039451360000 0.406006510000
0.116499430000 -0.013670540000 -0.993096670000 2.308890460000
-0.889671230000 0.443037820000 -0.110465340000 2.217630170000
0.000000000000 0.000000000000 0.000000000000 1.000000000000
1 17 60
-0.433598970000 0.750434000000 0.498839400000 -0.210298580000
-0.014417620000 -0.559292400000 0.828845060000 -1.296440650000
0.900990600000 0.352194290000 0.253328080000 1.761684460000
0.000000000000 0.000000000000 0.000000000000 1.000000000000
1 18 60
0.982376840000 -0.158194900000 -0.099549600000 0.286251020000
-0.044748160000 0.318059160000 -0.947014240000 2.173005730000
0.181475490000 0.934779520000 0.305375020000 1.725888450000
0.000000000000 0.000000000000 0.000000000000 1.000000000000
1 19 60
0.926871620000 0.369398690000 -0.066735400000 0.582304080000
-0.123140040000 0.131265850000 -0.983669560000 1.843889790000
-0.354606170000 0.919953200000 0.167154360000 2.248074440000
0.000000000000 0.000000000000 0.000000000000 1.000000000000
1 20 60
0.363263210000 0.083837010000 -0.927906890000 2.248594080000
-0.915247640000 -0.154152030000 -0.372235020000 0.024637130000
-0.174245800000 0.984483880000 0.020733870000 2.804777620000
0.000000000000 0.000000000000 0.000000000000 1.000000000000
1 21 60
0.671041190000 0.659183330000 0.339383360000 0.473257600000
-0.562670460000 0.154689570000 0.812079480000 -0.952461380000
0.482810190000 -0.735899780000 0.474706060000 1.638418350000
0.000000000000 0.000000000000 0.000000000000 1.000000000000
1 22 60
-0.866980080000 0.491724840000 -0.080945850000 0.664356510000
-0.082395130000 0.018753160000 0.996423280000 -1.548310740000
0.491484070000 0.870548680000 0.024257120000 2.586455570000
0.000000000000 0.000000000000 0.000000000000 1.000000000000
1 23 60
-0.349914200000 -0.765200330000 -0.540396620000 2.010798720000
0.170711630000 0.515119490000 -0.839946100000 2.322780010000
0.921095860000 -0.386161050000 -0.049619030000 2.430891110000
0.000000000000 0.000000000000 0.000000000000 1.000000000000
1 24 60
-0.946797250000 0.295469160000 0.127565430000 -0.598891060000
-0.187804170000 -0.829133830000 0.526561180000 -0.478987540000
0.261351400000 0.474589360000 0.840511980000 0.307936910000
0.000000000000 0.000000000000 0.000000000000 1.000000000000
1 25 60
-0.068430740000 -0.477019080000 -0.876224870000 2.816430940000
0.351673710000 0.810374630000 -0.468634780000 0.948072820000
0.933618140000 -0.340214280000 0.112300540000 1.871354500000
0.000000000000 0.000000000000 0.000000000000 1.000000000000
1 26 60
0.040164370000 -0.424498710000 -0.904537270000 2.398562320000
0.196874180000 0.890883690000 -0.409349250000 1.091920650000
0.979605730000 -0.161638780000 0.119354620000 2.548649610000
0.000000000000 0.000000000000 0.000000000000 1.000000000000
1 27 60
0.188897290000 -0.651531510000 0.734727510000 -0.687858600000
-0.032354440000 0.743661920000 0.667772520000 -0.694400720000
-0.981463710000 -0.149912110000 0.119395780000 2.115151550000
0.000000000000 0.000000000000 0.000000000000 1.000000000000
1 28 60
-0.903183510000 -0.195456430000 0.382173170000 -0.465437260000
-0.410275380000 0.131260330000 -0.902465970000 2.261046040000
0.126228600000 -0.971888630000 -0.198743130000 3.081827680000
0.000000000000 0.000000000000 0.000000000000 1.000000000000
1 29 60
-0.628757130000 0.775444610000 0.057880200000 0.572023220000
-0.357161020000 -0.354112040000 0.864315150000 -1.833390380000
0.690724600000 0.522771760000 0.499609060000 1.208759950000
0.000000000000 0.000000000000 0.000000000000 1.000000000000
1 30 60
0.665588460000 0.669321380000 -0.330152820000 0.957569580000
-0.744203350000 0.628513080000 -0.226125340000 0.690843440000
0.056154840000 0.396207250000 0.916442280000 0.207690250000
0.000000000000 0.000000000000 0.000000000000 1.000000000000
1 31 60
0.070935030000 -0.161018000000 0.984399020000 -2.281504160000
0.428524070000 0.896092560000 0.115694620000 0.183133550000
-0.900741550000 0.413631870000 0.132564440000 1.958947380000
0.000000000000 0.000000000000 0.000000000000 1.000000000000
1 32 60
-0.175847370000 0.611231450000 0.771669500000 -0.624735400000
-0.868489880000 -0.465383500000 0.170714760000 -0.151884830000
0.463468480000 -0.640167400000 0.612684800000 1.171297670000
0.000000000000 0.000000000000 0.000000000000 1.000000000000
1 33 60
0.225351890000 0.887846740000 0.401179130000 -0.641312330000
-0.950406150000 0.290920850000 -0.109969090000 -0.321693870000
-0.214347070000 -0.356501370000 0.909374570000 0.022412270000
0.000000000000 0.000000000000 0.000000000000 1.000000000000
1 34 60
0.360302640000 -0.930397380000 -0.067399700000 0.550519990000
-0.460270080000 -0.114467160000 -0.880368510000 2.831284780000
0.811377510000 0.348221160000 -0.469476900000 3.543182170000
0.000000000000 0.000000000000 0.000000000000 1.000000000000
1 35 60
0.722400080000 0.669956890000 0.171160400000 -0.389258800000
-0.535534120000 0.698660310000 -0.474422790000 1.274126640000
-0.437425790000 0.251060830000 0.863497040000 0.038948350000
0.000000000000 0.000000000000 0.000000000000 1.000000000000
1 36 60
0.148822040000 -0.946689110000 -0.285712660000 1.013421180000
-0.430859930000 0.197984070000 -0.880432860000 2.388460750000
0.890062760000 0.254129950000 -0.378426020000 3.238348840000
0.000000000000 0.000000000000 0.000000000000 1.000000000000
1 37 60
0.405185230000 -0.639377260000 -0.653468930000 1.876291060000
-0.711445200000 -0.669414560000 0.213845450000 -0.694320360000
-0.574169530000 0.378260320000 -0.726118780000 4.082759280000
0.000000000000 0.000000000000 0.000000000000 1.000000000000
1 38 60
-0.479069570000 0.222353810000 0.849147300000 -1.222649840000
0.241593680000 0.963422100000 -0.115975630000 0.624968130000
-0.843874900000 0.149588230000 -0.515265480000 3.487474740000
0.000000000000 0.000000000000 0.000000000000 1.000000000000
1 39 60
0.423945250000 -0.110387670000 0.898935480000 -1.450739700000
0.017345780000 0.993352080000 0.113801450000 -0.320546190000
-0.905521700000 -0.032652850000 0.423041650000 0.975007550000
0.000000000000 0.000000000000 0.000000000000 1.000000000000
1 40 60
-0.422757780000 0.361629240000 -0.830963390000 2.110635040000
-0.064968730000 0.902479160000 0.425805630000 -1.476523760000
0.903910900000 0.233999280000 -0.358035490000 2.818282630000
0.000000000000 0.000000000000 0.000000000000 1.000000000000
1 41 60
0.429259220000 -0.075809720000 0.899994120000 -2.365879470000
-0.011671680000 0.995922300000 0.089457000000 0.490241840000
-0.903105920000 -0.048904680000 0.426624000000 1.323715690000
0.000000000000 0.000000000000 0.000000000000 1.000000000000
1 42 60
-0.975257630000 0.013208450000 0.220676460000 -0.363122920000
-0.185545790000 -0.591598830000 -0.784591350000 2.178081270000
0.120188700000 -0.806124290000 0.579412040000 0.765984630000
0.000000000000 0.000000000000 0.000000000000 1.000000000000
1 43 60
-0.699908320000 -0.056916410000 0.711961280000 -1.946726190000
-0.238923070000 -0.920735000000 -0.308484710000 1.573668850000
0.673085520000 -0.386014990000 0.630831450000 0.977232840000
0.000000000000 0.000000000000 0.000000000000 1.000000000000
1 44 60
-0.830667180000 -0.342992510000 -0.438575160000 1.775246000000
-0.249018220000 0.933408370000 -0.258338430000 0.752404070000
0.497977870000 -0.105380050000 -0.860763090000 4.441603580000
0.000000000000 0.000000000000 0.000000000000 1.000000000000
1 45 60
0.843879890000 0.487374770000 -0.224349190000 0.579969500000
-0.364047270000 0.212964260000 -0.906706020000 2.541888230000
-0.394127280000 0.846824690000 0.357143710000 1.025278400000
0.000000000000 0.000000000000 0.000000000000 1.000000000000
1 46 60
-0.988918310000 0.136658910000 -0.058007870000 -0.201513050000
0.110859800000 0.939635770000 0.323720130000 -0.770118720000
0.098745510000 0.313702030000 -0.944373000000 4.320905560000
0.000000000000 0.000000000000 0.000000000000 1.000000000000
1 47 60
0.845260260000 0.399096080000 0.355327200000 -0.183329010000
-0.298691830000 0.904261700000 -0.305113050000 0.656349420000
-0.443078200000 0.151766600000 0.883543210000 -0.264650320000
0.000000000000 0.000000000000 0.000000000000 1.000000000000
1 48 60
0.993208730000 -0.089988490000 -0.073746140000 0.918403170000
-0.097142600000 -0.990236150000 -0.099978400000 0.895459840000
-0.064029180000 0.106463310000 -0.992252900000 4.478100440000
0.000000000000 0.000000000000 0.000000000000 1.000000000000
1 49 60
0.722028060000 0.551520990000 0.417732070000 -0.360465250000
-0.484104600000 0.834084880000 -0.264471460000 0.238282050000
-0.494285560000 -0.011270200000 0.869226530000 -0.073257750000
0.000000000000 0.000000000000 0.000000000000 1.000000000000
1 50 60
-0.882103140000 -0.236252710000 -0.407527560000 1.044200840000
-0.273543880000 0.961228080000 0.034847140000 0.130320070000
0.383494200000 0.142215440000 -0.912527790000 3.865404970000
0.000000000000 0.000000000000 0.000000000000 1.000000000000
1 51 60
-0.197437930000 -0.043129980000 -0.979366160000 2.622132550000
0.384465160000 0.915588860000 -0.117828590000 0.156623980000
0.901778690000 -0.399796000000 -0.164190000000 2.226173850000
0.000000000000 0.000000000000 0.000000000000 1.000000000000
1 52 60
0.037120040000 -0.559501100000 -0.827997960000 1.955525720000
0.084071560000 -0.823883110000 0.560489600000 -1.324498390000
-0.995768080000 -0.090416480000 0.016455550000 2.781058790000
0.000000000000 0.000000000000 0.000000000000 1.000000000000
1 53 60
0.596900390000 -0.755182530000 -0.270941460000 1.213658500000
0.148294950000 0.435726880000 -0.887778520000 1.682601390000
0.788491300000 0.489736090000 0.372075300000 1.169370410000
0.000000000000 0.000000000000 0.000000000000 1.000000000000
1 54 60
0.502302520000 -0.860568960000 -0.084340020000 -0.077994330000
-0.479974910000 -0.196358230000 -0.855024870000 2.062580020000
0.719247010000 0.469962240000 -0.511682750000 3.524970760000
0.000000000000 0.000000000000 0.000000000000 1.000000000000
1 55 60
0.646596710000 0.761449620000 -0.045903980000 0.847554580000
-0.684008790000 0.605373100000 0.407007840000 -0.990486560000
0.337705000000 -0.231771200000 0.912270490000 0.676465330000
0.000000000000 0.000000000000 0.000000000000 1.000000000000
1 56 60
-0.973930650000 0.207483420000 -0.091704550000 0.237244540000
-0.210303690000 -0.674295500000 0.707882710000 -1.028553120000
0.085037960000 0.708714470000 0.700351580000 1.091789740000
0.000000000000 0.000000000000 0.000000000000 1.000000000000
1 57 60
-0.202668920000 0.975850000000 -0.081499020000 0.649308760000
0.580531970000 0.052708320000 -0.812529670000 1.742663500000
-0.788611400000 -0.211987290000 -0.577194460000 3.549860640000
0.000000000000 0.000000000000 0.000000000000 1.000000000000
1 58 60
0.998290960000 -0.048101150000 -0.033187970000 -0.005515690000
0.034515180000 0.027029150000 0.999038600000 -1.429130150000
-0.047157860000 -0.998476690000 0.028643170000 2.723164110000
0.000000000000 0.000000000000 0.000000000000 1.000000000000
1 59 60
0.467488980000 0.359688440000 -0.807513640000 2.231446910000
0.214322530000 -0.932341390000 -0.291213650000 0.659713570000
-0.857624570000 -0.036929200000 -0.512948660000 3.275838140000
0.000000000000 0.000000000000 0.000000000000 1.000000000000
2 4 60
0.871384520000 0.278483580000 -0.403900870000 0.963524360000
0.027669880000 -0.849865000000 -0.526273550000 1.541652910000
-0.489819750000 0.447410740000 -0.748264820000 3.573889400000
0.000000000000 0.000000000000 0.000000000000 1.000000000000
2 5 60
-0.272574100000 0.795621290000 -0.541008430000 1.187056670000
-0.919673170000 -0.380656140000 -0.096447740000 -0.307472010000
-0.282674060000 0.471261780000 0.835468560000 0.128430680000
0.000000000000 0.000000000000 0.000000000000 1.000000000000
2 6 60
0.172980590000 0.961803020000 0.212161900000 -1.474368890000
-0.982107650000 0.152154550000 0.110966460000 0.661506440000
0.074446480000 -0.227560860000 0.970913890000 0.009267120000
0.000000000000 0.000000000000 0.000000000000 1.000000000000
2 7 60
-0.243959570000 0.416824760000 -0.875637400000 3.119704960000
0.727358290000 0.675848810000 0.119072690000 -1.243671830000
0.641430930000 -0.607853200000 -0.468060730000 3.082458660000
0.000000000000 0.000000000000 0.000000000000 1.000000000000
2 8 60
0.849751040000 0.142197190000 0.507644680000 -1.018006060000
-0.524442420000 0.129930940000 0.841473770000 -2.182127800000
0.053696450000 -0.981273620000 0.184983190000 2.400524920000
0.000000000000 0.000000000000 0.000000000000 1.000000000000
2 9 60
0.011360700000 0.775366040000 0.631409880000 -1.717622460000
0.834171400000 0.340848020000 -0.433567410000 0.851081700000
-0.551388250000 0.531629700000 -0.642915910000 3.750358690000
0.000000000000 0.000000000000 0.000000000000 1.000000000000
2 10 60
0.684329430000 -0.625701730000 -0.374420320000 1.569928030000
0.018935810000 -0.498063620000 0.866933710000 -2.297603120000
-0.728927070000 -0.600358200000 -0.328991430000 3.464525400000
0.000000000000 0.000000000000 0.000000000000 1.000000000000
2 11 60
0.986837720000 -0.049657050000 0.153900920000 -0.884647100000
0.117536770000 0.873890970000 -0.471698720000 1.268241740000
-0.111069460000 0.483579110000 0.868225100000 0.006453540000
0.000000000000 0.000000000000 0.000000000000 1.000000000000
2 12 60
0.297822940000 -0.905518520000 -0.302221280000 0.631460180000
-0.643804530000 0.043232200000 -0.763967740000 1.390326430000
0.704852630000 0.422098550000 -0.570101390000 4.164606340000
0.000000000000 0.000000000000 0.000000000000 1.000000000000
2 13 60
-0.430218550000 -0.419053730000 0.799566110000 -1.739138080000
0.538759190000 0.591496760000 0.599891760000 -0.982123700000
-0.724327650000 0.688858150000 -0.028703830000 2.508253580000
0.000000000000 0.000000000000 0.000000000000 1.000000000000
2 14 60
0.506944700000 -0.443552490000 -0.739099630000 1.801341010000
-0.506090160000 -0.847256510000 0.161335500000 -0.888051610000
-0.697767740000 0.292262870000 -0.653989750000 3.714025490000
0.000000000000 0.000000000000 0.000000000000 1.000000000000
2 15 60
0.809682050000 -0.149999450000 0.567375660000 -1.248458040000
-0.405114470000 0.556636280000 0.725284990000 -1.408487310000
-0.424614230000 -0.817102330000 0.389931460000 0.899352760000
0.000000000000 0.000000000000 0.000000000000 1.000000000000
2 16 60
0.366922270000 -0.481432210000 -0.795984340000 1.849220200000
-0.855044820000 -0.511585490000 -0.084726860000 -0.251286310000
-0.366423800000 0.711690460000 -0.599358230000 3.654781550000
0.000000000000 0.000000000000 0.000000000000 1.000000000000
2 17 60
0.495419760000 -0.384983040000 -0.778683070000 1.610195770000
-0.647284760000 -0.761427270000 -0.035368800000 0.155497170000
-0.579294130000 0.521552090000 -0.626419770000 3.479413990000
0.000000000000 0.000000000000 0.000000000000 1.000000000000
2 18 60
0.754592140000 0.371048380000 0.541215110000 -1.409185090000
-0.260996820000 -0.587019710000 0.766347520000 -1.086044820000
0.602055940000 -0.719535240000 -0.346118010000 2.617566370000
0.000000000000 0.000000000000 0.000000000000 1.000000000000
2 19 60
-0.435337070000 0.410195390000 -0.801387160000 1.287783650000
0.584851850000 0.805599790000 0.094642930000 -0.279292300000
0.684419420000 -0.427491190000 -0.590610990000 3.103309000000
0.000000000000 0.000000000000 0.000000000000 1.000000000000
2 20 60
-0.475294830000 0.054245590000 0.878152750000 -1.227407220000
0.264887320000 -0.942966030000 0.201617910000 -0.194684770000
0.839005090000 0.328439470000 0.433817910000 2.350254690000
0.000000000000 0.000000000000 0.000000000000 1.000000000000
2 21 60
0.889464330000 0.082493260000 0.449497570000 -0.333352120000
-0.224304170000 0.935755660000 0.272119440000 -0.546491390000
-0.398171870000 -0.342864710000 0.850824870000 1.326352750000
0.000000000000 0.000000000000 0.000000000000 1.000000000000
2 22 60
0.294062300000 0.711245920000 -0.638479920000 1.236635620000
-0.529632860000 0.677333320000 0.510596320000 -0.449208770000
0.795623270000 0.188012820000 0.575877410000 1.623659850000
0.000000000000 0.000000000000 0.000000000000 1.000000000000
2 23 60
0.689543050000 0.624525910000 0.366739370000 -0.882521170000
-0.654002800000 0.754478630000 -0.055157350000 0.021021300000
-0.311144210000 -0.201815210000 0.928687190000 0.616067100000
0.000000000000 0.000000000000 0.000000000000 1.000000000000
2 24 60
-0.160984790000 -0.746746910000 -0.645331660000 1.575923440000
-0.413750300000 0.644692320000 -0.642792730000 1.335720530000
0.896043850000 0.163526320000 -0.412752420000 3.594124790000
0.000000000000 0.000000000000 0.000000000000 1.000000000000
2 25 60
-0.556736160000 0.689418870000 0.463407450000 -0.881540040000
-0.691829460000 -0.693601570000 0.200720840000 -0.319131050000
0.459800870000 -0.208850380000 0.863113360000 0.644443030000
0.000000000000 0.000000000000 0.000000000000 1.000000000000
2 26 60
-0.245222090000 0.623026860000 0.742767560000 -1.214931480000
-0.936769650000 -0.349578450000 -0.016047880000 -0.364439260000
0.249657270000 -0.699737400000 0.669357020000 1.178576440000
0.000000000000 0.000000000000 0.000000000000 1.000000000000
2 27 60
0.470584900000 0.713301130000 0.519375920000 -1.309219900000
0.708321090000 0.045606640000 -0.704415550000 1.129572300000
-0.526147400000 0.699372240000 -0.483784440000 3.347430600000
0.000000000000 0.000000000000 0.000000000000 1.000000000000
2 28 60
-0.889383640000 0.044693640000 0.454971660000 -0.851963140000
0.277654460000 0.843441230000 0.459907490000 -1.207019190000
-0.363186920000 0.535359110000 -0.762552220000 3.907392480000
0.000000000000 0.000000000000 0.000000000000 1.000000000000
2 29 60
-0.012743600000 0.883517730000 -0.468224320000 0.874948200000
-0.532820440000 0.390244000000 0.750874160000 -1.530897300000
0.846132360000 0.259048330000 0.465783200000 1.374267990000
0.000000000000 0.000000000000 0.000000000000 1.000000000000
2 30 60
0.987182190000 -0.153817210000 -0.042562770000 -0.222149020000
-0.003534350000 0.245553210000 -0.969376670000 2.106742310000
0.159558240000 0.957101820000 0.241862110000 1.446017040000
0.000000000000 0.000000000000 0.000000000000 1.000000000000
2 31 60
0.573016940000 -0.783594930000 0.240063700000 -0.950237420000
-0.819289590000 -0.555003700000 0.143998140000 -1.092425190000
0.020400030000 -0.279195060000 -0.960017680000 5.052637080000
0.000000000000 0.000000000000 0.000000000000 1.000000000000
2 33 60
0.139117750000 0.989858610000 0.028743270000 -0.428608660000
-0.989693200000 0.137981790000 0.038319590000 -0.875845830000
0.033964930000 -0.033777960000 0.998852060000 0.011426570000
0.000000000000 0.000000000000 0.000000000000 1.000000000000
2 34 60
0.563954020000 -0.354678130000 0.745760880000 -2.745377850000
0.608353800000 0.789128990000 -0.084741340000 -0.143257640000
-0.558445630000 0.501476690000 0.660802250000 1.002564710000
0.000000000000 0.000000000000 0.000000000000 1.000000000000
2 35 60
0.339147610000 0.834605440000 0.434065280000 -1.561796550000
-0.315121330000 -0.333965290000 0.888350010000 -2.693281030000
0.886384480000 -0.438065010000 0.149738450000 2.472576880000
0.000000000000 0.000000000000 0.000000000000 1.000000000000
2 36 60
0.601325540000 -0.409948320000 0.685820650000 -2.367408770000
0.284714200000 0.911939180000 0.295473780000 -0.562051560000
-0.746555700000 0.017586950000 0.665090430000 0.916302580000
0.000000000000 0.000000000000 0.000000000000 1.000000000000
2 37 60
0.783353290000 0.471920300000 -0.404535350000 1.392094310000
0.416279330000 0.085001210000 0.905254830000 -2.138199420000
0.461594130000 -0.877534060000 -0.129864690000 2.332894220000
0.000000000000 0.000000000000 0.000000000000 1.000000000000
2 38 60
-0.499166350000 -0.030370680000 0.865973770000 -2.382159170000
-0.556112730000 -0.755183000000 -0.347040740000 0.731692830000
0.664508530000 -0.654810100000 0.360072420000 1.534276720000
0.000000000000 0.000000000000 0.000000000000 1.000000000000
2 39 60
-0.023286940000 0.810855390000 -0.584783080000 1.522162830000
-0.932736700000 0.192900500000 0.304617220000 -1.321312070000
0.359805460000 0.552542250000 0.751822520000 0.549845120000
0.000000000000 0.000000000000 0.000000000000 1.000000000000
2 40 60
-0.427027480000 0.714808370000 0.553801890000 -1.500463270000
0.824822600000 0.056936480000 0.562517480000 -1.852853480000
0.370560670000 0.696998730000 -0.613903540000 3.578880500000
0.000000000000 0.000000000000 0.000000000000 1.000000000000
2 41 60
0.785959280000 0.609183860000 0.105655260000 -0.386198610000
-0.616727880000 0.784550750000 0.064240530000 -0.053938310000
-0.043757610000 -0.115650980000 0.992325610000 0.108926610000
0.000000000000 0.000000000000 0.000000000000 1.000000000000
2 42 60
0.446566120000 0.250938630000 -0.858841370000 1.359821710000
0.402878000000 -0.913451190000 -0.057412850000 -0.138630900000
-0.798916780000 -0.320369660000 -0.509014010000 4.404629860000
0.000000000000 0.000000000000 0.000000000000 1.000000000000
2 43 60
-0.524243420000 0.058886540000 -0.849529990000 2.229082760000
0.818533620000 -0.240322040000 -0.521773930000 1.541841070000
-0.234886240000 -0.968905410000 0.077786630000 2.116833780000
0.000000000000 0.000000000000 0.000000000000 1.000000000000
2 44 60
0.836862220000 0.541676880000 -0.079042980000 -0.608107070000
-0.547285810000 0.824779340000 -0.142187470000 0.162201380000
-0.011826640000 0.162250430000 0.986678740000 -0.320199930000
0.000000000000 0.000000000000 0.000000000000 1.000000000000
2 45 60
0.041508860000 -0.191299400000 -0.980653640000 2.468890150000
-0.060241080000 -0.980193110000 0.188659690000 -0.227909120000
-0.997320420000 0.051244590000 -0.052210780000 2.483944960000
0.000000000000 0.000000000000 0.000000000000 1.000000000000
2 46 60
0.178934922000 0.148395729000 -0.972605265000 2.208778320000
0.643208093000 -0.765689933000 0.001508602150 0.628413245000
-0.744490190000 -0.625857519000 -0.232458002000 2.988757880000
0.000000000000 0.000000000000 0.000000000000 1.000000000000
2 47 60
0.981650360000 0.144639370000 0.124265930000 -0.290561900000
-0.141287710000 0.989334690000 -0.035420970000 0.027971070000
-0.128063860000 0.017213760000 0.991616530000 -0.190486560000
0.000000000000 0.000000000000 0.000000000000 1.000000000000
2 48 60
0.288873610000 0.237212690000 -0.927513980000 2.021926430000
-0.286464800000 0.945846770000 0.152682050000 -0.533318930000
0.913504220000 0.221594300000 0.341183260000 2.167657250000
0.000000000000 0.000000000000 0.000000000000 1.000000000000
2 49 60
0.666900430000 0.125945630000 0.734425980000 -1.781934920000
0.247540050000 0.892191370000 -0.377780990000 0.398844610000
-0.702828390000 0.433742150000 0.563826220000 0.868111140000
0.000000000000 0.000000000000 0.000000000000 1.000000000000
2 50 60
0.755754220000 0.493332480000 0.430649070000 -1.389544490000
-0.522829080000 0.850541720000 -0.056820190000 -0.060053570000
-0.394316240000 -0.182213760000 0.900729060000 0.233602380000
0.000000000000 0.000000000000 0.000000000000 1.000000000000
2 51 60
0.169811850000 -0.934025140000 -0.314262570000 0.241688270000
0.466380340000 -0.204753810000 0.860561010000 -2.802917050000
-0.868132090000 -0.292699340000 0.400841340000 1.873672510000
0.000000000000 0.000000000000 0.000000000000 1.000000000000
2 52 60
-0.820381210000 -0.558866020000 0.121010110000 0.026349650000
0.424356530000 -0.453187200000 0.783927870000 -1.992040750000
-0.383270410000 0.694471120000 0.608944710000 1.061689460000
0.000000000000 0.000000000000 0.000000000000 1.000000000000
2 53 60
0.667778560000 -0.613076830000 -0.422147590000 0.802151260000
-0.247756640000 0.351725900000 -0.902721180000 1.653209080000
0.701917680000 0.707407730000 0.082981160000 1.973802920000
0.000000000000 0.000000000000 0.000000000000 1.000000000000
2 54 60
0.214518010000 -0.383841000000 -0.898135910000 2.087001860000
-0.123250720000 0.901554170000 -0.414740080000 0.856879350000
0.968912420000 0.199665110000 0.146090930000 1.642917960000
0.000000000000 0.000000000000 0.000000000000 1.000000000000
2 55 60
-0.330979070000 -0.365222740000 0.870094940000 -1.899264720000
0.188126570000 0.878015810000 0.440109790000 -0.826237120000
-0.924695220000 0.309355110000 -0.221896750000 2.278826510000
0.000000000000 0.000000000000 0.000000000000 1.000000000000
2 56 60
0.962662700000 0.090764590000 -0.255033960000 0.433279720000
-0.093947510000 -0.771541400000 -0.629204050000 0.905586820000
-0.253878710000 0.629671070000 -0.734207010000 3.615428390000
0.000000000000 0.000000000000 0.000000000000 1.000000000000
2 57 60
0.834218870000 0.001478331200 0.551431492000 -1.548895810000
0.356108331000 -0.764959504000 -0.536678501000 0.672844648000
0.421029373000 0.644076681000 -0.638670100000 3.916779550000
0.000000000000 0.000000000000 0.000000000000 1.000000000000
2 58 60
-0.498440530000 -0.439217110000 0.747425830000 -1.291415640000
0.866596790000 -0.276115840000 0.415656170000 -0.902752670000
0.023812810000 0.854896700000 0.518251460000 1.193323730000
0.000000000000 0.000000000000 0.000000000000 1.000000000000
2 59 60
0.332027000000 0.537222570000 0.775338630000 -1.399555530000
0.379285200000 0.676556330000 -0.631200660000 1.218083130000
-0.863655490000 0.503650130000 0.020874390000 2.375081690000
0.000000000000 0.000000000000 0.000000000000 1.000000000000
3 7 60
0.866952420000 0.140794090000 0.478090490000 -1.770932460000
0.474269630000 0.061757330000 -0.878210880000 2.413536290000
-0.153172490000 0.988110850000 -0.013233700000 2.619570020000
0.000000000000 0.000000000000 0.000000000000 1.000000000000
3 8 60
-0.195552370000 -0.364640890000 0.910382500000 -2.668573360000
0.344466820000 0.843616300000 0.411890940000 -0.481790120000
-0.918205790000 0.394142810000 -0.039364480000 2.235318700000
0.000000000000 0.000000000000 0.000000000000 1.000000000000
3 9 60
0.752232780000 0.290864840000 -0.591222020000 1.303164990000
-0.298727610000 0.950323180000 0.087450910000 0.123910260000
0.587288390000 0.110830910000 0.801753610000 1.226650490000
0.000000000000 0.000000000000 0.000000000000 1.000000000000
3 10 60
-0.149890800000 0.258016560000 0.954442350000 -2.289897410000
-0.208207200000 0.935463310000 -0.285583900000 0.904531020000
-0.966531170000 -0.241528160000 -0.086496440000 2.316678620000
0.000000000000 0.000000000000 0.000000000000 1.000000000000
3 11 60
0.235262370000 -0.723319940000 -0.649199420000 0.718014630000
0.942113690000 0.005531610000 0.335247960000 -1.027706600000
-0.238900420000 -0.690490890000 0.682751000000 0.962382010000
0.000000000000 0.000000000000 0.000000000000 1.000000000000
3 13 60
-0.865200380000 0.423905530000 -0.267829050000 0.510227130000
0.144566630000 0.722335530000 0.676263160000 -0.518893870000
0.480134130000 0.546384010000 -0.686247570000 3.456712250000
0.000000000000 0.000000000000 0.000000000000 1.000000000000
3 14 60
0.702066390000 0.597908280000 -0.386792550000 1.004860980000
-0.147288840000 -0.409494310000 -0.900344610000 2.524255770000
-0.696712840000 0.689071910000 -0.199426970000 3.083822830000
0.000000000000 0.000000000000 0.000000000000 1.000000000000
3 15 60
0.825962500000 0.537468710000 0.170039240000 -0.087944560000
-0.535730810000 0.654513230000 0.533483780000 -0.498469860000
0.175437900000 -0.531732850000 0.828541920000 0.977749910000
0.000000000000 0.000000000000 0.000000000000 1.000000000000
3 16 60
-0.961182960000 -0.198559300000 -0.191576440000 0.205863710000
0.241070840000 -0.266624890000 -0.933164520000 2.477267190000
0.134209440000 -0.943125320000 0.304142160000 1.806259690000
0.000000000000 0.000000000000 0.000000000000 1.000000000000
3 17 60
0.856147300000 -0.516518190000 -0.014857840000 -0.146031090000
0.188953970000 0.286176870000 0.939361060000 -0.872924270000
-0.480945100000 -0.807038880000 0.342607720000 1.687144260000
0.000000000000 0.000000000000 0.000000000000 1.000000000000
3 18 60
-0.965459910000 -0.097722280000 0.241531610000 -1.397581370000
-0.215764630000 -0.219787700000 -0.951387930000 2.410962330000
0.146057480000 -0.970640880000 0.191111200000 2.545600590000
0.000000000000 0.000000000000 0.000000000000 1.000000000000
3 19 60
0.995321491000 -0.033702968500 0.090549653500 0.458188395000
0.096605585400 0.362455341000 -0.926980845000 1.665171180000
-0.001578199340 0.931391559000 0.364015485000 1.568196400000
0.000000000000 0.000000000000 0.000000000000 1.000000000000
3 20 60
0.520339420000 -0.821728920000 0.232397230000 0.429741700000
-0.093956430000 -0.325577900000 -0.940835390000 1.647178090000
0.848775050000 0.467718520000 -0.246617730000 2.785015710000
0.000000000000 0.000000000000 0.000000000000 1.000000000000
3 21 60
0.971160900000 -0.037907870000 -0.235392220000 0.314340890000
0.219323190000 0.529240590000 0.819635120000 -0.074378940000
0.093508490000 -0.847624560000 0.522291850000 2.273481370000
0.000000000000 0.000000000000 0.000000000000 1.000000000000
3 22 60
0.569071920000 0.806720110000 -0.159247650000 0.460552280000
0.029417710000 0.173566800000 0.984382630000 -0.716036010000
0.821761370000 -0.564869210000 0.075040140000 2.446085210000
0.000000000000 0.000000000000 0.000000000000 1.000000000000
3 23 60
-0.958102800000 0.036774490000 -0.284053970000 0.828535660000
0.241641280000 -0.428675270000 -0.870544080000 2.512855790000
-0.153780730000 -0.902709890000 0.401828750000 1.585517390000
0.000000000000 0.000000000000 0.000000000000 1.000000000000
3 24 60
0.612778760000 -0.049173560000 0.788723110000 -1.388627290000
-0.409207020000 0.834089320000 0.369925140000 -0.429739780000
-0.676056060000 -0.549433310000 0.490990060000 1.552423560000
0.000000000000 0.000000000000 0.000000000000 1.000000000000
3 25 60
-0.290540340000 -0.597235730000 -0.747593330000 1.791811090000
0.613957270000 0.482905120000 -0.624386990000 1.836287880000
0.733922870000 -0.640399970000 0.226373800000 2.018614240000
0.000000000000 0.000000000000 0.000000000000 1.000000000000
3 26 60
-0.638703030000 0.757330200000 -0.136049240000 -0.055297040000
-0.021895230000 0.158852950000 0.987059440000 -1.138523560000
0.769141750000 0.633416690000 -0.084877940000 2.409544700000
0.000000000000 0.000000000000 0.000000000000 1.000000000000
3 27 60
-0.561343390000 0.815514210000 0.140819650000 -1.142744010000
0.282109590000 0.348528530000 -0.893835580000 2.596153030000
-0.778015280000 -0.462022120000 -0.425708560000 3.671527840000
0.000000000000 0.000000000000 0.000000000000 1.000000000000
3 29 60
0.312848831000 0.615789517000 -0.723138217000 1.505093410000
-0.329120964000 -0.643901990000 -0.690702265000 1.998939360000
-0.890957350000 0.454085343000 0.001225254780 2.876880660000
0.000000000000 0.000000000000 0.000000000000 1.000000000000
3 30 60
0.960895220000 0.199002870000 -0.192557090000 -0.047186740000
-0.188230520000 0.979415830000 0.072896570000 -0.002619390000
0.203100090000 -0.033800850000 0.978574400000 0.165084730000
0.000000000000 0.000000000000 0.000000000000 1.000000000000
3 31 60
-0.958649690000 -0.044838540000 0.281034310000 -1.102015380000
-0.069138850000 -0.921230640000 -0.382823630000 1.453882350000
0.276062670000 -0.386424140000 0.880037370000 -0.135351630000
0.000000000000 0.000000000000 0.000000000000 1.000000000000
3 33 60
-0.147374010000 0.319364380000 -0.936102180000 2.578532820000
-0.221827430000 0.911654240000 0.345946730000 -0.526969700000
0.963884590000 0.258636690000 -0.063510360000 3.438206010000
0.000000000000 0.000000000000 0.000000000000 1.000000000000
3 34 60
-0.692660187000 0.002612838570 -0.721259342000 1.514837240000
0.480163839000 0.747862342000 -0.458415319000 1.403604570000
0.538204935000 -0.663848695000 -0.519269061000 4.150027850000
0.000000000000 0.000000000000 0.000000000000 1.000000000000
3 35 60
0.900408530000 0.181201470000 -0.395512970000 0.666213530000
-0.273289350000 0.942949950000 -0.190153430000 0.483841490000
0.338492850000 0.279305250000 0.898560610000 -0.149326210000
0.000000000000 0.000000000000 0.000000000000 1.000000000000
3 36 60
0.196067290000 -0.568164400000 0.799216390000 -1.025069490000
0.153965600000 0.822763820000 0.547132800000 -0.646757160000
-0.968427700000 0.015776980000 0.248794840000 2.135999030000
0.000000000000 0.000000000000 0.000000000000 1.000000000000
3 37 60
0.483497030000 -0.682491090000 0.548120900000 -1.292458440000
0.107269480000 -0.575260420000 -0.810906100000 2.304966300000
0.868748450000 0.450867340000 -0.204926250000 3.094398410000
0.000000000000 0.000000000000 0.000000000000 1.000000000000
3 38 60
0.628361380000 -0.075175950000 0.774280670000 -2.523488910000
-0.735115470000 -0.382996600000 0.559391510000 -1.358442310000
0.254494070000 -0.920685710000 -0.295923270000 2.729048330000
0.000000000000 0.000000000000 0.000000000000 1.000000000000
3 39 60
-0.912127950000 -0.408478980000 0.034169120000 -0.590706470000
-0.409430250000 0.911912670000 -0.027967190000 0.369208780000
-0.019735240000 -0.039499520000 -0.999024680000 4.896296730000
0.000000000000 0.000000000000 0.000000000000 1.000000000000
3 40 60
-0.997859249000 -0.001893678120 -0.065370734800 -0.009428479410
-0.006737102190 0.997239121000 0.073950978800 0.052527999600
0.065050214800 0.074233077500 -0.995117038000 5.078015720000
0.000000000000 0.000000000000 0.000000000000 1.000000000000
3 41 60
0.268740276000 0.447386798000 -0.853008627000 1.750489380000
-0.133302702000 0.894339939000 0.427067283000 -0.407367935000
0.953943947000 -0.001061824630 0.299983031000 2.520463460000
0.000000000000 0.000000000000 0.000000000000 1.000000000000
3 42 60
0.986776430000 0.153931840000 -0.050766700000 -0.112422290000
-0.134648660000 0.952847670000 0.271939430000 0.123499960000
0.090233070000 -0.261507760000 0.960974340000 -0.268110690000
0.000000000000 0.000000000000 0.000000000000 1.000000000000
3 43 60
-0.262103250000 0.598591510000 -0.756961090000 1.946962390000
0.351110580000 0.789776020000 0.502966400000 -1.182505160000
0.898901130000 -0.133947920000 -0.417174670000 3.778093860000
0.000000000000 0.000000000000 0.000000000000 1.000000000000
3 44 60
0.932746540000 -0.277484030000 0.230188000000 -1.032933960000
-0.222116330000 -0.945185490000 -0.239350620000 1.762971370000
0.283986330000 0.172124950000 -0.943252230000 4.924247710000
0.000000000000 0.000000000000 0.000000000000 1.000000000000
3 45 60
-0.946657950000 -0.050308190000 -0.318288890000 0.876738360000
0.109040400000 -0.979480450000 -0.169494050000 1.622968020000
-0.303230810000 -0.195159240000 0.932718580000 -0.232560390000
0.000000000000 0.000000000000 0.000000000000 1.000000000000
3 46 60
-0.668880920000 0.476954460000 -0.570186590000 1.118739520000
0.279354460000 0.872085460000 0.401781080000 -1.030143470000
0.688882720000 0.109459540000 -0.716560680000 4.464488640000
0.000000000000 0.000000000000 0.000000000000 1.000000000000
3 47 60
0.960212110000 -0.200043810000 -0.194872230000 0.930619720000
-0.234402170000 -0.956626500000 -0.172977910000 1.263826000000
-0.151816780000 0.211773960000 -0.965455050000 4.623005530000
0.000000000000 0.000000000000 0.000000000000 1.000000000000
3 48 60
-0.962243650000 0.041762080000 -0.268966720000 0.113079180000
0.094042890000 -0.876296160000 -0.472504990000 2.070622510000
-0.255427290000 -0.479959340000 0.839282990000 0.442527540000
0.000000000000 0.000000000000 0.000000000000 1.000000000000
3 49 60
0.837402976000 0.035656578100 0.545421731000 -1.139553190000
-0.004138790010 -0.997427669000 0.071560574800 0.702753511000
0.546570331000 -0.062182424300 -0.835101323000 4.225586510000
0.000000000000 0.000000000000 0.000000000000 1.000000000000
3 50 60
0.111001700000 -0.931054370000 -0.347586510000 0.097002110000
-0.220730550000 0.317915500000 -0.922067110000 2.432471470000
0.968997750000 0.179073970000 -0.170222980000 3.458854450000
0.000000000000 0.000000000000 0.000000000000 1.000000000000
3 52 60
-0.223245010000 0.170941520000 -0.959656530000 1.831808120000
0.963201520000 0.189862610000 -0.190249870000 1.044300320000
0.149681290000 -0.966814970000 -0.207037020000 3.031886400000
0.000000000000 0.000000000000 0.000000000000 1.000000000000
3 53 60
-0.534326710000 0.609327250000 -0.585845770000 0.766177120000
0.651861420000 -0.144187980000 -0.744504210000 1.884462700000
-0.538118620000 -0.779698740000 -0.320153440000 2.870613540000
0.000000000000 0.000000000000 0.000000000000 1.000000000000
3 54 60
0.945804110000 0.288279830000 0.149496880000 -0.096547140000
0.189938240000 -0.117688620000 -0.974716810000 2.465150130000
-0.263397120000 0.950286340000 -0.166065740000 2.988776730000
0.000000000000 0.000000000000 0.000000000000 1.000000000000
3 55 60
0.240953640000 -0.374099540000 0.895539430000 -2.085211970000
-0.368234670000 0.818492440000 0.440991340000 -0.415131380000
-0.897966910000 -0.436027130000 0.059462310000 2.498063790000
0.000000000000 0.000000000000 0.000000000000 1.000000000000
3 56 60
0.591879350000 -0.335686930000 0.732798140000 -0.821029190000
-0.184930260000 0.828340750000 0.528821710000 -0.276624380000
-0.784525100000 -0.448515200000 0.428199120000 1.720511420000
0.000000000000 0.000000000000 0.000000000000 1.000000000000
3 57 60
0.620782410000 -0.699057060000 -0.354892140000 0.093734050000
-0.106650660000 0.373168930000 -0.921613040000 2.729496860000
0.776694820000 0.609970640000 0.157101810000 2.008314420000
0.000000000000 0.000000000000 0.000000000000 1.000000000000
3 58 60
0.884397530000 -0.033062890000 -0.465561870000 1.302917490000
-0.461709180000 0.084004920000 -0.883044620000 2.495371920000
0.068305500000 0.995916670000 0.059028300000 2.237732090000
0.000000000000 0.000000000000 0.000000000000 1.000000000000
3 59 60
0.629378330000 0.667675930000 -0.397607560000 1.407389160000
0.021494570000 0.496503150000 0.867768750000 -1.341220000000
0.776801710000 -0.554701250000 0.298136910000 2.084584000000
0.000000000000 0.000000000000 0.000000000000 1.000000000000
4 6 60
0.996135380000 -0.016061280000 -0.086350110000 0.186877900000
0.014891560000 0.999788660000 -0.014173370000 -0.104326890000
0.086559510000 0.012832700000 0.996164030000 -0.071729070000
0.000000000000 0.000000000000 0.000000000000 1.000000000000
4 7 60
0.997783270000 0.006305910000 0.066247930000 0.308241920000
-0.002144450000 0.998030070000 -0.062700660000 0.145235570000
-0.066512820000 0.062419600000 0.995831230000 0.442709680000
0.000000000000 0.000000000000 0.000000000000 1.000000000000
4 8 60
0.581893810000 0.240954330000 -0.776750020000 2.484134680000
0.320195040000 0.810081700000 0.491164720000 -0.795457690000
0.747579240000 -0.534517220000 0.394229150000 2.242655270000
0.000000000000 0.000000000000 0.000000000000 1.000000000000
4 9 60
-0.552000560000 -0.169338750000 0.816467860000 -2.360022340000
-0.825495750000 0.249185600000 -0.506422060000 1.418626290000
-0.117695160000 -0.953536010000 -0.277339000000 3.193275400000
0.000000000000 0.000000000000 0.000000000000 1.000000000000
4 10 60
0.879135180000 -0.288681950000 0.379188700000 -1.871029430000
-0.402482050000 -0.875817820000 0.266366950000 -0.279996300000
0.255204890000 -0.386789200000 -0.886151560000 4.828246520000
0.000000000000 0.000000000000 0.000000000000 1.000000000000
4 11 60
0.637416140000 0.066783600000 -0.767620100000 3.037675270000
-0.589533380000 0.683745030000 -0.430050150000 1.233388730000
0.496136130000 0.726658580000 0.475201280000 1.765137930000
0.000000000000 0.000000000000 0.000000000000 1.000000000000
4 13 60
0.483663480000 -0.873751700000 -0.051260110000 0.501063900000
0.846832380000 0.452351030000 0.279738210000 -0.237829460000
-0.221234170000 -0.178707870000 0.958706910000 0.959491240000
0.000000000000 0.000000000000 0.000000000000 1.000000000000
4 14 60
0.593731881000 0.000402244475 0.804662843000 -1.018770290000
0.036946272900 -0.998958843000 -0.026761959600 0.255928220000
0.803814298000 0.045618721600 -0.593128575000 4.069984170000
0.000000000000 0.000000000000 0.000000000000 1.000000000000
4 15 60
-0.890626840000 -0.415553270000 0.184660020000 -0.877051590000
0.046615470000 0.320510850000 0.946097140000 -1.311924630000
-0.452339300000 0.851227510000 -0.266084360000 3.056544830000
0.000000000000 0.000000000000 0.000000000000 1.000000000000
4 16 60
0.807380010000 -0.516820300000 0.284665240000 0.610065240000
-0.586779340000 -0.753888940000 0.295535910000 -0.632158070000
0.061867020000 -0.405645460000 -0.911934330000 5.034849120000
0.000000000000 0.000000000000 0.000000000000 1.000000000000
4 18 60
0.685353850000 -0.053318960000 0.726255600000 -0.431890280000
0.017186640000 -0.995853740000 -0.089330550000 0.244349030000
0.728007370000 0.073704930000 -0.681595820000 4.135059610000
0.000000000000 0.000000000000 0.000000000000 1.000000000000
4 19 60
0.250556550000 -0.929156220000 -0.271827390000 -0.290145200000
-0.943498940000 -0.297264530000 0.146436150000 0.161047060000
-0.216866700000 0.219778320000 -0.951139490000 2.932448690000
0.000000000000 0.000000000000 0.000000000000 1.000000000000
4 20 60
-0.701827480000 0.697145960000 0.146375170000 0.442903730000
0.690830010000 0.716226430000 -0.098861540000 0.532903960000
-0.173758690000 0.031736610000 -0.984276740000 4.453706890000
0.000000000000 0.000000000000 0.000000000000 1.000000000000
4 21 60
-0.835282110000 0.404980520000 -0.371879790000 0.352254920000
-0.471469320000 -0.875550640000 0.105488220000 0.061659090000
-0.282878910000 0.263442330000 0.922267670000 0.594304530000
0.000000000000 0.000000000000 0.000000000000 1.000000000000
4 22 60
-0.469340600000 -0.068951030000 0.880321050000 -0.924549440000
-0.638956560000 0.714625080000 -0.284684920000 1.205363120000
-0.609470190000 -0.696101100000 -0.379459280000 2.620580720000
0.000000000000 0.000000000000 0.000000000000 1.000000000000
4 23 60
0.251759110000 0.478238160000 -0.841371270000 2.679894590000
-0.632580270000 0.739268920000 0.230919180000 -0.241897470000
0.732433990000 0.474098860000 0.488641710000 1.931255530000
0.000000000000 0.000000000000 0.000000000000 1.000000000000
4 24 60
-0.258841530000 0.861458950000 -0.436909080000 1.696466820000
-0.953189860000 -0.154612930000 0.259853670000 -0.771737580000
0.156301480000 0.483718230000 0.861154180000 1.016797540000
0.000000000000 0.000000000000 0.000000000000 1.000000000000
4 25 60
0.218392910000 0.587973200000 0.778840200000 -1.516246510000
-0.137866990000 -0.771510740000 0.621098920000 -0.567641800000
0.966073100000 -0.243019960000 -0.087430380000 2.566285680000
0.000000000000 0.000000000000 0.000000000000 1.000000000000
4 26 60
0.890365760000 -0.376573510000 0.255814780000 -0.502249290000
0.454301220000 0.698789470000 -0.552542920000 1.541509920000
0.029312350000 0.608182260000 0.793256030000 0.234241090000
0.000000000000 0.000000000000 0.000000000000 1.000000000000
4 27 60
-0.761897350000 -0.597634110000 -0.249691610000 1.700732380000
0.647673760000 -0.706301090000 -0.285757700000 0.305000820000
-0.005578910000 -0.379436740000 0.925200860000 1.591818210000
0.000000000000 0.000000000000 0.000000000000 1.000000000000
4 28 60
0.763689110000 0.307895890000 -0.567432000000 1.387353430000
-0.396768890000 0.917199930000 -0.036314460000 0.323681810000
0.509267510000 0.252872320000 0.822619100000 0.939443850000
0.000000000000 0.000000000000 0.000000000000 1.000000000000
4 30 60
0.102909900000 -0.470002730000 0.876645300000 -0.949350060000
0.250368340000 0.865188900000 0.434469630000 -1.164166640000
-0.962665700000 0.174773010000 0.206710310000 2.200291370000
0.000000000000 0.000000000000 0.000000000000 1.000000000000
4 31 60
0.221681790000 0.573972090000 -0.788297680000 1.794408870000
-0.171181680000 0.818764290000 0.548016310000 -0.949039150000
0.959976050000 0.013456880000 0.279758640000 2.006550130000
0.000000000000 0.000000000000 0.000000000000 1.000000000000
4 34 60
0.444171510000 0.755752080000 -0.481196910000 1.589531520000
0.501845470000 0.235057890000 0.832405500000 -1.361297400000
0.742201320000 -0.611217300000 -0.274864730000 3.978736130000
0.000000000000 0.000000000000 0.000000000000 1.000000000000
4 35 60
-0.148307940000 0.726415690000 -0.671062590000 2.084956340000
-0.491389520000 0.534741960000 0.687449910000 -1.612300570000
0.858219720000 0.431707410000 0.277646580000 1.902674240000
0.000000000000 0.000000000000 0.000000000000 1.000000000000
4 36 60
-0.257485270000 -0.728237170000 0.635115710000 -1.872215410000
-0.525333020000 0.657154880000 0.540530000000 -0.437749000000
-0.811003420000 -0.194468740000 -0.551774730000 4.116798220000
0.000000000000 0.000000000000 0.000000000000 1.000000000000
4 37 60
0.588438030000 -0.800125620000 -0.116360160000 0.727005090000
0.801865080000 0.595960770000 -0.042931930000 0.553062270000
0.103697030000 -0.068042370000 0.992278770000 0.664413430000
0.000000000000 0.000000000000 0.000000000000 1.000000000000
4 38 60
-0.037003250000 -0.369806060000 -0.928371820000 2.810310340000
-0.106277500000 -0.922283100000 0.371616720000 -1.336115910000
-0.993647750000 0.112416060000 -0.005174590000 2.504712790000
0.000000000000 0.000000000000 0.000000000000 1.000000000000
4 40 60
-0.777497700000 0.509352870000 -0.368859030000 0.672273360000
0.586275400000 0.374828650000 -0.718181480000 1.982212650000
-0.227548860000 -0.774637420000 -0.590049470000 3.968283300000
0.000000000000 0.000000000000 0.000000000000 1.000000000000
4 41 60
0.425716940000 0.332283610000 0.841636910000 -1.845835480000
-0.904610700000 0.177964110000 0.387308990000 -0.417427380000
-0.021084740000 -0.926237760000 0.376349640000 1.742156940000
0.000000000000 0.000000000000 0.000000000000 1.000000000000
4 42 60
0.984420000000 -0.030762680000 -0.173121100000 0.134147900000
0.006647850000 0.990384240000 -0.138184190000 0.699751350000
0.175707330000 0.134880390000 0.975158560000 0.313159650000
0.000000000000 0.000000000000 0.000000000000 1.000000000000
4 43 60
-0.097194740000 0.949896700000 -0.297068080000 1.247906270000
0.988037540000 0.056183660000 -0.143614850000 0.394110290000
-0.119728900000 -0.307473020000 -0.943994350000 5.475403070000
0.000000000000 0.000000000000 0.000000000000 1.000000000000
4 46 60
0.970408930000 -0.197448940000 -0.138997900000 0.650406090000
0.187186000000 0.978767200000 -0.083523450000 0.227977100000
0.152538200000 0.055033440000 0.986764110000 -0.139719000000
0.000000000000 0.000000000000 0.000000000000 1.000000000000
4 47 60
0.400439260000 -0.225518360000 -0.888138430000 3.077381000000
-0.609898000000 0.657763490000 -0.442008630000 0.893097140000
0.683866090000 0.718671450000 0.125851130000 2.405501370000
0.000000000000 0.000000000000 0.000000000000 1.000000000000
4 49 60
0.511245620000 -0.296914170000 0.806517130000 -1.754067600000
-0.296252930000 0.820028500000 0.489680980000 -0.794902470000
-0.806760260000 -0.489280320000 0.331274290000 1.139002090000
0.000000000000 0.000000000000 0.000000000000 1.000000000000
4 50 60
0.600609410000 0.790398870000 0.120573460000 -0.070528000000
-0.686191390000 0.586968070000 -0.429662500000 1.445377430000
-0.410377530000 0.175322870000 0.894903440000 0.572442020000
0.000000000000 0.000000000000 0.000000000000 1.000000000000
4 51 60
-0.616692120000 -0.277732070000 -0.736583820000 1.804908520000
-0.755685450000 -0.053257870000 0.652765730000 -0.900386840000
-0.220522860000 0.959181160000 -0.177034380000 3.374803440000
0.000000000000 0.000000000000 0.000000000000 1.000000000000
4 52 60
0.868100280000 0.431250980000 0.245813930000 -0.421780450000
-0.467360220000 0.876942780000 0.112007930000 0.310127250000
-0.167261220000 -0.212117760000 0.962823830000 0.729277460000
0.000000000000 0.000000000000 0.000000000000 1.000000000000
4 53 60
-0.993705830000 -0.045561740000 -0.102336940000 1.126687040000
-0.013253170000 0.954951260000 -0.296466600000 0.860141730000
0.111234330000 -0.293244300000 -0.949544470000 4.245467160000
0.000000000000 0.000000000000 0.000000000000 1.000000000000
4 54 60
0.722673230000 -0.229839720000 0.651856660000 -2.127286670000
-0.346097030000 -0.936675990000 0.053431540000 0.467428530000
0.598297790000 -0.264219200000 -0.756457510000 3.506690930000
0.000000000000 0.000000000000 0.000000000000 1.000000000000
4 55 60
-0.880131410000 0.265088560000 0.393823260000 -0.448919480000
0.374250950000 0.897824370000 0.232050920000 -0.073310650000
-0.292070080000 0.351624030000 -0.889413070000 4.257563110000
0.000000000000 0.000000000000 0.000000000000 1.000000000000
4 56 60
0.524584480000 0.056227760000 -0.849499590000 2.578348760000
0.033522380000 0.995678660000 0.086604050000 0.472816410000
0.850698170000 -0.073908390000 0.520432690000 2.186486540000
0.000000000000 0.000000000000 0.000000000000 1.000000000000
4 57 60
0.304107570000 0.748224910000 -0.589642320000 1.911204180000
-0.397345270000 0.662171950000 0.635330660000 -1.029810830000
0.865814830000 0.041082730000 0.498675130000 1.824202600000
0.000000000000 0.000000000000 0.000000000000 1.000000000000
4 58 60
0.521361490000 0.094220460000 -0.848118330000 2.282472400000
-0.200357390000 0.979617990000 -0.014335940000 -0.108628050000
0.829481230000 0.177400980000 0.529612860000 1.431620160000
0.000000000000 0.000000000000 0.000000000000 1.000000000000
4 59 60
-0.976453910000 -0.071441490000 0.203553110000 -1.075471450000
-0.105358030000 -0.665456070000 -0.738964070000 1.684111420000
0.188248350000 -0.743010320000 0.642260250000 0.792384800000
0.000000000000 0.000000000000 0.000000000000 1.000000000000
5 8 60
-0.154731980000 -0.922554600000 0.353484130000 -1.357183780000
0.967946080000 -0.213208960000 -0.132749080000 0.234384120000
0.197834260000 0.321613060000 0.925973350000 0.494026590000
0.000000000000 0.000000000000 0.000000000000 1.000000000000
5 10 60
-0.546983400000 -0.831702080000 -0.095293320000 -0.101709430000
-0.569851670000 0.453304400000 -0.685408050000 1.781194710000
0.613252180000 -0.320603760000 -0.721896800000 4.678946620000
0.000000000000 0.000000000000 0.000000000000 1.000000000000
5 11 60
-0.029711380300 -0.999114889000 -0.029777054400 -0.400467764000
-0.758686915000 0.041936942200 -0.650104190000 1.409853270000
0.650777534000 0.003275968680 -0.759261397000 4.675242680000
0.000000000000 0.000000000000 0.000000000000 1.000000000000
5 12 60
0.389813640000 -0.381877620000 -0.837982580000 0.989578000000
0.606132580000 0.791458950000 -0.078714890000 0.381907860000
0.693288270000 -0.477244400000 0.539989960000 1.544102570000
0.000000000000 0.000000000000 0.000000000000 1.000000000000
5 13 60
0.119400610000 -0.751145470000 -0.649248780000 0.346672160000
-0.393592760000 -0.636158470000 0.663616710000 -1.539342710000
-0.911497790000 0.176303380000 -0.371603130000 3.122159480000
0.000000000000 0.000000000000 0.000000000000 1.000000000000
5 15 60
0.473978600000 0.514734900000 0.714417440000 -1.943758900000
0.859990620000 -0.444852890000 -0.250044070000 0.613575960000
0.189104250000 0.732907830000 -0.653517930000 3.971180110000
0.000000000000 0.000000000000 0.000000000000 1.000000000000
5 16 60
-0.996114270000 -0.058679370000 -0.065674200000 -0.053619890000
0.071036340000 -0.094527920000 -0.992984550000 0.815401150000
0.052059660000 -0.993791330000 0.098328970000 2.618077520000
0.000000000000 0.000000000000 0.000000000000 1.000000000000
5 17 60
0.604331610000 0.301689760000 0.737405310000 -1.990990300000
0.539168620000 0.526555130000 -0.657295140000 1.613877260000
-0.586583760000 0.794810030000 0.155552250000 2.049164500000
0.000000000000 0.000000000000 0.000000000000 1.000000000000
5 18 60
-0.187045170000 -0.233600530000 -0.954172360000 0.664700420000
-0.637185010000 0.768119800000 -0.063144580000 0.143416970000
0.747669290000 0.596173440000 -0.292519850000 2.936916830000
0.000000000000 0.000000000000 0.000000000000 1.000000000000
5 19 60
0.149945280000 -0.795427430000 0.587206620000 -1.285997950000
-0.837459680000 -0.417871980000 -0.352199220000 0.922749430000
0.525526120000 -0.438951260000 -0.728796330000 3.192236090000
0.000000000000 0.000000000000 0.000000000000 1.000000000000
5 20 60
0.219217730000 0.019834300000 0.975474340000 -2.121222430000
0.443717720000 0.888393180000 -0.117780080000 -0.043352900000
-0.868940830000 0.458654730000 0.185950710000 1.641137370000
0.000000000000 0.000000000000 0.000000000000 1.000000000000
5 21 60
-0.912961230000 0.005980600000 0.408002470000 -0.456000860000
-0.402169740000 -0.182273630000 -0.897237890000 -0.254276640000
0.069002070000 -0.983229660000 0.168813970000 2.894146900000
0.000000000000 0.000000000000 0.000000000000 1.000000000000
5 22 60
-0.430612850000 -0.824219440000 0.367742960000 -1.387058920000
-0.344773150000 -0.226331660000 -0.910991470000 -0.054548090000
0.834088750000 -0.519072540000 -0.186707410000 3.352442010000
0.000000000000 0.000000000000 0.000000000000 1.000000000000
5 23 60
-0.167369860000 0.313374860000 0.934763890000 -2.939563970000
-0.950755560000 -0.302179880000 -0.068928900000 -0.131332540000
0.260866250000 -0.900268580000 0.348518690000 1.403175650000
0.000000000000 0.000000000000 0.000000000000 1.000000000000
5 24 60
0.909963980000 -0.402403250000 -0.100185680000 0.284522240000
-0.330302460000 -0.557251450000 -0.761820910000 0.692734900000
0.250730600000 0.726321170000 -0.639993530000 4.144203050000
0.000000000000 0.000000000000 0.000000000000 1.000000000000
5 25 60
-0.854233410000 0.464575550000 0.233355600000 -0.885468630000
-0.141155590000 0.224738210000 -0.964140980000 2.385988190000
-0.500360250000 -0.856540890000 -0.126401450000 3.214200330000
0.000000000000 0.000000000000 0.000000000000 1.000000000000
5 26 60
0.942306830000 0.037952930000 0.332591950000 -0.451652000000
0.125173730000 -0.961425380000 -0.244934230000 -0.314933090000
0.310466370000 0.272434980000 -0.910708410000 4.841179280000
0.000000000000 0.000000000000 0.000000000000 1.000000000000
5 27 60
-0.702611270000 0.709135210000 0.058861360000 -0.141026290000
-0.287425270000 -0.358503780000 0.888178900000 -3.004011840000
0.650940950000 0.607126260000 0.455712170000 2.362414830000
0.000000000000 0.000000000000 0.000000000000 1.000000000000
5 28 60
-0.347767340000 -0.404016230000 0.846066640000 -2.236907340000
-0.686337420000 -0.505075210000 -0.523297220000 1.483203600000
0.638747860000 -0.762672870000 -0.101642800000 2.713716460000
0.000000000000 0.000000000000 0.000000000000 1.000000000000
5 29 60
-0.590422310000 -0.561490580000 -0.579767040000 0.624358440000
-0.437019810000 0.826331940000 -0.355231210000 0.859451010000
0.678539000000 0.043633250000 -0.733267320000 3.824283910000
0.000000000000 0.000000000000 0.000000000000 1.000000000000
5 30 60
0.734450080000 -0.452729650000 0.505587720000 -1.567131290000
-0.277199480000 -0.880118020000 -0.385425380000 0.444192780000
0.619470360000 0.142927050000 -0.771899170000 4.906404020000
0.000000000000 0.000000000000 0.000000000000 1.000000000000
5 33 60
0.757075210000 0.237614930000 -0.608585460000 1.375988470000
0.575015010000 -0.684559490000 0.448035770000 -1.290524530000
-0.310152960000 -0.689142550000 -0.654895170000 4.456327080000
0.000000000000 0.000000000000 0.000000000000 1.000000000000
5 35 60
0.580313540000 -0.484856290000 -0.654332160000 1.645728620000
-0.599292650000 -0.798276960000 0.060018390000 -0.812851770000
-0.551438580000 0.357306970000 -0.753821740000 4.491468110000
0.000000000000 0.000000000000 0.000000000000 1.000000000000
5 38 60
-0.822260780000 -0.356638620000 -0.443504340000 1.527179050000
0.315508880000 0.362908690000 -0.876784710000 1.574030810000
0.473646870000 -0.860875240000 -0.185882930000 2.493653660000
0.000000000000 0.000000000000 0.000000000000 1.000000000000
5 41 60
0.635792590000 -0.759762460000 -0.136120490000 -0.166639550000
0.342665010000 0.435856830000 -0.832231650000 1.386711790000
0.691627410000 0.482482980000 0.537458560000 1.298437140000
0.000000000000 0.000000000000 0.000000000000 1.000000000000
5 43 60
-0.135029986000 -0.988359443000 -0.070089337300 -0.001462328070
-0.547565230000 0.015479791200 0.836619803000 -2.498198690000
-0.825796114000 0.151347244000 -0.543281502000 4.115387310000
0.000000000000 0.000000000000 0.000000000000 1.000000000000
5 44 60
0.482174680000 0.310429390000 0.819232060000 -2.822154900000
0.748260750000 0.340425810000 -0.569399790000 1.242496360000
-0.455646170000 0.887549360000 -0.068137420000 2.245227630000
0.000000000000 0.000000000000 0.000000000000 1.000000000000
5 45 60
0.074924800000 0.995142810000 0.063851920000 -1.419075790000
-0.997028430000 0.073609290000 0.022715140000 -0.351185490000
0.017904710000 -0.065364110000 0.997700830000 -0.032730880000
0.000000000000 0.000000000000 0.000000000000 1.000000000000
5 49 60
-0.371914700000 -0.441921720000 0.816323860000 -2.264931260000
0.616083070000 0.540289450000 0.573174460000 -1.213069130000
-0.694349410000 0.716095320000 0.071318900000 2.208017570000
0.000000000000 0.000000000000 0.000000000000 1.000000000000
5 50 60
-0.759616389000 -0.299647578000 0.577229825000 -1.956767010000
0.536484276000 0.213025867000 0.816581044000 -2.408539110000
-0.367651416000 0.929963069000 -0.001061725680 3.169664350000
0.000000000000 0.000000000000 0.000000000000 1.000000000000
5 51 60
-0.089408990000 -0.933795250000 0.346457030000 -1.063392900000
0.283620600000 0.309578440000 0.907590520000 -2.712671100000
-0.954759340000 0.179409100000 0.237164470000 2.257834160000
0.000000000000 0.000000000000 0.000000000000 1.000000000000
5 52 60
0.743187630000 -0.533563460000 -0.403710520000 -0.138073690000
0.283358830000 -0.295604810000 0.912318790000 -2.262228440000
-0.606118740000 -0.792418980000 -0.068499920000 3.183848180000
0.000000000000 0.000000000000 0.000000000000 1.000000000000
5 53 60
-0.628133040000 -0.729804090000 0.269879370000 -0.568371640000
-0.522024610000 0.138047400000 -0.841684750000 1.460185490000
0.577008830000 -0.669573670000 -0.467687830000 3.513007790000
0.000000000000 0.000000000000 0.000000000000 1.000000000000
5 54 60
-0.340576940000 -0.922950760000 0.179357870000 -0.466661530000
0.525392800000 -0.028619750000 0.850378340000 -2.440969990000
-0.779724150000 0.383852590000 0.494658910000 1.811029150000
0.000000000000 0.000000000000 0.000000000000 1.000000000000
5 57 60
-0.110713220000 0.013422180000 0.993761760000 -2.993054170000
-0.770658380000 0.630222200000 -0.094369720000 0.315189560000
-0.627557370000 -0.776298800000 -0.059430010000 2.455703960000
0.000000000000 0.000000000000 0.000000000000 1.000000000000
5 58 60
-0.953536420000 0.198735790000 -0.226434070000 0.074373450000
-0.076083850000 -0.886062570000 -0.457279320000 0.326750220000
-0.291512520000 -0.418804510000 0.860013510000 1.602672050000
0.000000000000 0.000000000000 0.000000000000 1.000000000000
5 59 60
0.389208230000 0.832219100000 0.394877610000 -1.417573140000
-0.227154900000 0.502152780000 -0.834411910000 1.645418010000
-0.892702420000 0.235061600000 0.384484640000 1.474171010000
0.000000000000 0.000000000000 0.000000000000 1.000000000000
6 8 60
-0.619154550000 0.708735940000 -0.338143490000 0.883098460000
-0.509487150000 -0.690233030000 -0.513810470000 1.897744860000
-0.597553750000 -0.145848330000 0.788452780000 0.895660590000
0.000000000000 0.000000000000 0.000000000000 1.000000000000
6 9 60
-0.192727780000 0.536382090000 -0.821675280000 2.795769020000
-0.510132520000 0.660548700000 0.550854100000 -1.212578250000
0.838224800000 0.525328160000 0.146319860000 2.808275380000
0.000000000000 0.000000000000 0.000000000000 1.000000000000
6 10 60
0.873766820000 -0.249711300000 -0.417343750000 1.966650550000
0.053568760000 0.902316120000 -0.427733560000 1.457006860000
0.483385900000 0.351382810000 0.801790610000 0.371676490000
0.000000000000 0.000000000000 0.000000000000 1.000000000000
6 11 60
-0.966774650000 0.243550610000 -0.077652320000 0.270759260000
0.156748310000 0.324839250000 -0.932689350000 3.167100800000
-0.201932540000 -0.913872290000 -0.352222500000 3.383762830000
0.000000000000 0.000000000000 0.000000000000 1.000000000000
6 12 60
0.540806380000 -0.838498770000 -0.066695370000 0.644454490000
0.596762490000 0.438353690000 -0.672101610000 1.697458080000
0.592792530000 0.323675550000 0.737449080000 0.838063750000
0.000000000000 0.000000000000 0.000000000000 1.000000000000
6 13 60
-0.784102060000 -0.557094640000 0.273549850000 0.397307210000
-0.134350840000 -0.277948060000 -0.951154420000 2.685950910000
0.605915680000 -0.782553790000 0.143093510000 2.110231100000
0.000000000000 0.000000000000 0.000000000000 1.000000000000
6 14 60
-0.083179570000 0.800454440000 -0.593594010000 2.101043470000
-0.513697340000 0.475978150000 0.713834610000 -0.499546870000
0.853929860000 0.364304120000 0.371599650000 2.037219630000
0.000000000000 0.000000000000 0.000000000000 1.000000000000
6 15 60
0.783949200000 0.579583570000 -0.222500650000 0.918070360000
0.140624250000 -0.514857460000 -0.845663420000 2.337090590000
-0.604688740000 0.631668170000 -0.485125600000 4.104754790000
0.000000000000 0.000000000000 0.000000000000 1.000000000000
6 16 60
-0.346507710000 -0.820469970000 -0.454710270000 1.393343450000
0.722618170000 -0.542557630000 0.428315530000 0.025943350000
-0.598126560000 -0.180167270000 0.780886920000 1.018602200000
0.000000000000 0.000000000000 0.000000000000 1.000000000000
6 17 60
0.524579250000 -0.727776220000 -0.441767350000 1.541352750000
0.526157850000 0.685074610000 -0.503816130000 1.347723960000
0.669308990000 0.031852130000 0.742301090000 1.518418290000
0.000000000000 0.000000000000 0.000000000000 1.000000000000
6 18 60
0.640749030000 0.341651870000 0.687542490000 -0.309397020000
0.766342310000 -0.230400120000 -0.599695960000 1.684475140000
-0.046477380000 0.911147510000 -0.409450940000 3.627108100000
0.000000000000 0.000000000000 0.000000000000 1.000000000000
6 19 60
0.033845950000 -0.999317710000 0.014783660000 -0.305766030000
-0.983157600000 -0.030633170000 0.180174170000 0.305348580000
-0.179598370000 -0.020632840000 -0.983523620000 3.134407350000
0.000000000000 0.000000000000 0.000000000000 1.000000000000
6 20 60
-0.622122260000 -0.777181770000 0.094617060000 0.678669830000
0.177091230000 -0.021969140000 0.983949210000 -0.299906970000
-0.762628740000 0.628892560000 0.151299560000 2.204131760000
0.000000000000 0.000000000000 0.000000000000 1.000000000000
6 21 60
-0.892986500000 0.311516420000 -0.324857860000 0.204331560000
-0.398136660000 -0.883349550000 0.247347480000 0.018254510000
-0.209910240000 0.350215780000 0.912845330000 0.726843410000
0.000000000000 0.000000000000 0.000000000000 1.000000000000
6 22 60
0.067805410000 -0.995058660000 -0.072530630000 0.528198940000
0.993481960000 0.074016860000 -0.086689690000 0.797355960000
0.091629820000 -0.066179840000 0.993591570000 1.302375200000
0.000000000000 0.000000000000 0.000000000000 1.000000000000
6 23 60
-0.633191300000 0.765164460000 0.116585240000 0.191304300000
0.194603010000 0.303173850000 -0.932853300000 2.740989890000
-0.749131790000 -0.567986760000 -0.340870350000 3.613992270000
0.000000000000 0.000000000000 0.000000000000 1.000000000000
6 24 60
-0.596226690000 -0.149175810000 0.788834780000 -1.204154250000
-0.102929960000 0.988679540000 0.109170490000 0.090818240000
-0.796190400000 -0.016104370000 -0.604831790000 3.684195190000
0.000000000000 0.000000000000 0.000000000000 1.000000000000
6 25 60
0.252974190000 -0.152202500000 0.955425800000 -1.340984180000
-0.478307730000 -0.878092510000 -0.013238460000 0.501220230000
0.840967170000 -0.453638550000 -0.294934380000 3.220108230000
0.000000000000 0.000000000000 0.000000000000 1.000000000000
6 26 60
0.973133380000 0.010344410000 -0.230009600000 1.403209400000
0.019184030000 0.991873560000 0.125772880000 0.132172570000
0.229441480000 -0.126806300000 0.965026820000 0.755664890000
0.000000000000 0.000000000000 0.000000000000 1.000000000000
6 27 60
-0.558984060000 0.379375340000 0.737299920000 -0.484173790000
0.736804950000 0.635125110000 0.231807180000 0.196939770000
-0.380335760000 0.672822750000 -0.634550440000 3.825695060000
0.000000000000 0.000000000000 0.000000000000 1.000000000000
6 28 60
0.621785160000 0.452820590000 -0.639012300000 1.371082880000
-0.421528590000 0.881144730000 0.214237270000 0.098544790000
0.660073370000 0.136152400000 0.738759550000 1.008880600000
0.000000000000 0.000000000000 0.000000000000 1.000000000000
6 29 60
-0.876054660000 -0.199888580000 -0.438831160000 1.896236440000
-0.062472940000 -0.855321220000 0.514317740000 -0.767685290000
-0.478147850000 0.477985530000 0.736820510000 1.283170020000
0.000000000000 0.000000000000 0.000000000000 1.000000000000
6 30 60
0.761934490000 0.298825710000 0.574594660000 -1.790830900000
-0.562158170000 -0.135415890000 0.815868080000 -1.502897090000
0.321611600000 -0.944651120000 0.064809280000 2.714055850000
0.000000000000 0.000000000000 0.000000000000 1.000000000000
6 31 60
-0.137035420000 0.011833350000 0.990495460000 -2.213627740000
-0.990477490000 0.011741100000 -0.137173210000 0.172888640000
-0.013252730000 -0.999861050000 0.010111720000 2.441762760000
0.000000000000 0.000000000000 0.000000000000 1.000000000000
6 32 60
-0.645905080000 0.367510690000 -0.669135650000 1.633189550000
-0.426442400000 -0.900693730000 -0.083052310000 1.021744490000
-0.633208890000 0.231703900000 0.738484800000 0.950019590000
0.000000000000 0.000000000000 0.000000000000 1.000000000000
6 33 60
-0.894754070000 0.335235380000 0.295012530000 -0.887669630000
-0.012894760000 0.640963380000 -0.767463140000 2.618715650000
-0.446373030000 -0.690494880000 -0.569181810000 4.192325670000
0.000000000000 0.000000000000 0.000000000000 1.000000000000
6 34 60
-0.816669110000 0.576575300000 -0.024748590000 0.155540880000
-0.496290740000 -0.723546200000 -0.479767020000 2.117978400000
-0.294528560000 -0.379528410000 0.877046810000 0.679539720000
0.000000000000 0.000000000000 0.000000000000 1.000000000000
6 35 60
-0.830614690000 0.551980050000 -0.073466010000 0.459725650000
0.361226670000 0.433703120000 -0.825479800000 3.143708640000
-0.423785940000 -0.712193530000 -0.559630100000 4.570248170000
0.000000000000 0.000000000000 0.000000000000 1.000000000000
6 36 60
-0.022862680000 0.988745830000 0.147847830000 0.582285560000
0.985081390000 0.047510440000 -0.165400780000 0.548352850000
-0.170563650000 0.141860640000 -0.975081330000 5.234286920000
0.000000000000 0.000000000000 0.000000000000 1.000000000000
6 37 60
-0.134240960000 0.646855540000 -0.750704520000 2.079119980000
0.013016760000 -0.756345010000 -0.654043410000 1.967801210000
-0.990863220000 -0.097571150000 0.093112520000 2.536156210000
0.000000000000 0.000000000000 0.000000000000 1.000000000000
6 38 60
-0.798026570000 -0.206685170000 -0.566069640000 1.701715990000
-0.579818280000 0.007385460000 0.814712350000 -1.525366790000
-0.164208280000 0.978379630000 -0.125733630000 3.542522280000
0.000000000000 0.000000000000 0.000000000000 1.000000000000
6 39 60
0.961926370000 -0.131347990000 0.239677620000 -0.594465550000
0.104327860000 0.987008440000 0.122188540000 0.012725190000
-0.252613050000 -0.092531320000 0.963132700000 0.245638420000
0.000000000000 0.000000000000 0.000000000000 1.000000000000
6 40 60
0.982268490000 -0.078996980000 0.170023800000 -0.124270860000
0.028124490000 0.958718980000 0.282961000000 -0.323222280000
-0.185358110000 -0.273161840000 0.943941200000 0.401545640000
0.000000000000 0.000000000000 0.000000000000 1.000000000000
6 41 60
-0.639487420000 0.650386180000 -0.409943490000 1.166663350000
0.767390690000 0.572286550000 -0.289136020000 1.127634090000
0.046555070000 -0.499485670000 -0.865070340000 4.484319590000
0.000000000000 0.000000000000 0.000000000000 1.000000000000
6 42 60
0.082721390000 0.632994010000 -0.769724470000 2.488318530000
-0.989671490000 -0.038561210000 -0.138070200000 0.376461190000
-0.117079110000 0.773195720000 0.623266290000 1.591514170000
0.000000000000 0.000000000000 0.000000000000 1.000000000000
6 43 60
0.605083860000 -0.730936200000 0.315603860000 0.537299900000
0.131120450000 -0.299506150000 -0.945041530000 3.199036970000
0.785290360000 0.613211500000 -0.085385650000 2.592471750000
0.000000000000 0.000000000000 0.000000000000 1.000000000000
6 44 60
0.972507330000 -0.230920760000 0.030084870000 0.335339400000
0.232867370000 0.965175640000 -0.119200540000 0.513805680000
-0.001511310000 0.122929180000 0.992414290000 -0.049171390000
0.000000000000 0.000000000000 0.000000000000 1.000000000000
6 45 60
-0.445968230000 0.840512090000 -0.307655260000 1.139167000000
0.819039080000 0.244610890000 -0.518980250000 1.338982750000
-0.360953350000 -0.483430390000 -0.797500930000 5.246885520000
0.000000000000 0.000000000000 0.000000000000 1.000000000000
6 46 60
-0.767952240000 -0.264747900000 0.583230580000 -1.151526290000
0.029775610000 0.894835460000 0.445401970000 -0.843744530000
-0.639814640000 0.359413490000 -0.679307860000 3.756306570000
0.000000000000 0.000000000000 0.000000000000 1.000000000000
6 47 60
-0.691252910000 -0.271677040000 0.669597640000 -1.133037630000
0.184019220000 0.829901610000 0.526688000000 -0.843839880000
-0.698789190000 0.487293450000 -0.523678110000 3.739459880000
0.000000000000 0.000000000000 0.000000000000 1.000000000000
6 48 60
0.982170450000 -0.020235100000 -0.186900350000 0.634329050000
0.031423600000 0.997874040000 0.057095980000 0.212475660000
0.185347660000 -0.061951070000 0.980718260000 0.200472580000
0.000000000000 0.000000000000 0.000000000000 1.000000000000
6 49 60
-0.446550630000 0.664786230000 -0.598875440000 2.274825750000
0.017075810000 0.675525110000 0.737139230000 -1.369076790000
0.894595410000 0.318943700000 -0.313007930000 3.578108800000
0.000000000000 0.000000000000 0.000000000000 1.000000000000
6 50 60
0.989751860000 -0.094118450000 0.107391710000 0.283224100000
0.140017130000 0.491948370000 -0.859291570000 2.327631390000
0.028044010000 0.865522110000 0.500085010000 1.642912130000
0.000000000000 0.000000000000 0.000000000000 1.000000000000
6 51 60
0.062503950000 0.734212880000 0.676036020000 -1.532913610000
0.990869920000 -0.126724780000 0.046017790000 -0.327042510000
0.119457370000 0.666987460000 -0.735430260000 4.970753500000
0.000000000000 0.000000000000 0.000000000000 1.000000000000
6 52 60
0.197988110000 0.614115800000 0.763978070000 -1.114266560000
-0.546064690000 -0.578155190000 0.606258970000 -0.353922120000
0.814011100000 -0.537213510000 0.220879100000 1.813421170000
0.000000000000 0.000000000000 0.000000000000 1.000000000000
6 53 60
0.049910030000 -0.177805080000 -0.982799240000 2.524602070000
0.058606390000 -0.981808620000 0.180602100000 0.168343880000
-0.997032740000 -0.066612170000 -0.038581580000 3.021708850000
0.000000000000 0.000000000000 0.000000000000 1.000000000000
6 54 60
-0.501078810000 0.697076690000 0.512839270000 -0.225623870000
0.861272660000 0.343871360000 0.374114820000 -0.940121070000
0.084435980000 0.629155440000 -0.772679750000 4.393645580000
0.000000000000 0.000000000000 0.000000000000 1.000000000000
6 55 60
0.754469590000 0.635807590000 -0.162862970000 1.424567750000
-0.537983930000 0.741221470000 0.401452380000 -0.297608380000
0.375964000000 -0.215265950000 0.901283330000 0.490175610000
0.000000000000 0.000000000000 0.000000000000 1.000000000000
6 56 60
0.456057081000 0.511877282000 -0.728006585000 2.207249680000
-0.270818020000 0.859058069000 0.434369468000 -0.036892757700
0.847743793000 -0.000939969606 0.530405107000 1.903078300000
0.000000000000 0.000000000000 0.000000000000 1.000000000000
6 57 60
0.709701680000 -0.590426620000 -0.384343520000 1.307421310000
0.373096140000 -0.147777530000 0.915948180000 -1.222877640000
-0.597597520000 -0.793447040000 0.115407930000 2.005634610000
0.000000000000 0.000000000000 0.000000000000 1.000000000000
6 58 60
0.622832820000 0.213378150000 -0.752694520000 2.133528560000
0.282253550000 0.836009810000 0.470553440000 -0.689915450000
0.729665820000 -0.505526820000 0.460467600000 1.790828660000
0.000000000000 0.000000000000 0.000000000000 1.000000000000
6 59 60
0.430885040000 0.435882010000 -0.790155020000 2.181090050000
-0.166866660000 0.898993810000 0.404926720000 0.033169380000
0.886844750000 -0.042626340000 0.460097160000 1.628798230000
0.000000000000 0.000000000000 0.000000000000 1.000000000000
7 9 60
0.510501860000 -0.336773980000 0.791183380000 -1.047829580000
0.311247430000 0.930092240000 0.195072950000 0.136763210000
-0.801569020000 0.146668690000 0.579633860000 0.169586040000
0.000000000000 0.000000000000 0.000000000000 1.000000000000
7 10 60
0.749565810000 -0.339280360000 -0.568366020000 1.903099550000
0.341023950000 0.933863030000 -0.107714900000 0.831510230000
0.567321570000 -0.113087020000 0.815694530000 -0.443861380000
0.000000000000 0.000000000000 0.000000000000 1.000000000000
7 11 60
0.857649690000 0.145614140000 -0.493187120000 2.125841550000
-0.510854210000 0.131477340000 -0.849553820000 2.104291490000
-0.058864120000 0.980566280000 0.187149100000 2.134337910000
0.000000000000 0.000000000000 0.000000000000 1.000000000000
7 12 60
-0.073898990000 -0.993875310000 0.082163320000 -0.031260330000
0.997214770000 -0.072811120000 0.016162810000 -0.227228590000
-0.010081410000 0.083128890000 0.996487810000 0.277039500000
0.000000000000 0.000000000000 0.000000000000 1.000000000000
7 13 60
-0.113717040000 -0.773057180000 0.624060110000 -0.562193450000
0.988683820000 -0.026195460000 0.147709500000 -0.300113350000
-0.097840350000 0.633795230000 0.767288000000 1.412016840000
0.000000000000 0.000000000000 0.000000000000 1.000000000000
7 14 60
0.168148820000 -0.981580480000 0.090695840000 0.480174950000
0.940991540000 0.132418610000 -0.311448600000 1.192212120000
0.293702050000 0.137713730000 0.945924960000 1.130381720000
0.000000000000 0.000000000000 0.000000000000 1.000000000000
7 15 60
0.866203750000 -0.441287520000 0.234427800000 0.201173420000
-0.478630500000 -0.597955530000 0.642932370000 -1.538455060000
-0.143540630000 -0.669114720000 -0.729164990000 4.226105660000
0.000000000000 0.000000000000 0.000000000000 1.000000000000
7 16 60
0.750868630000 -0.571129300000 0.331673990000 -0.020379610000
-0.652705070000 -0.718392430000 0.240600110000 -0.683259370000
0.100858310000 -0.397144360000 -0.912197320000 4.564668440000
0.000000000000 0.000000000000 0.000000000000 1.000000000000
7 17 60
0.887631250000 -0.218525310000 -0.405410230000 1.502754960000
0.049738560000 0.920600990000 -0.387324010000 0.637467050000
0.457861160000 0.323636370000 0.828023340000 1.282156350000
0.000000000000 0.000000000000 0.000000000000 1.000000000000
7 18 60
-0.487861440000 0.789396890000 0.372617450000 0.519426520000
0.862422150000 0.501880130000 0.065911860000 0.040757120000
-0.134978680000 0.353509400000 -0.925641320000 4.524522520000
0.000000000000 0.000000000000 0.000000000000 1.000000000000
7 19 60
0.634811720000 -0.362413650000 -0.682400490000 1.689556340000
0.542967550000 0.837588010000 0.060270820000 0.003048840000
0.549727500000 -0.408781940000 0.728489530000 1.994129630000
0.000000000000 0.000000000000 0.000000000000 1.000000000000
7 20 60
-0.458662250000 -0.817875040000 -0.347432530000 1.249540130000
0.885091640000 -0.385718160000 -0.260450170000 0.320676570000
0.079004660000 -0.426968280000 0.900808720000 1.603720480000
0.000000000000 0.000000000000 0.000000000000 1.000000000000
7 21 60
-0.405082410000 -0.480214390000 0.778011820000 -0.383884020000
-0.752382750000 0.658561090000 0.014747200000 -0.234786240000
-0.519450130000 -0.579388840000 -0.628076530000 3.578285370000
0.000000000000 0.000000000000 0.000000000000 1.000000000000
7 22 60
0.410157160000 0.708836150000 -0.573866200000 2.473070070000
-0.908597760000 0.372006200000 -0.189898680000 0.409126360000
0.078874740000 0.599301850000 0.796627940000 1.887151300000
0.000000000000 0.000000000000 0.000000000000 1.000000000000
7 23 60
-0.559451030000 0.824704180000 -0.082931050000 1.023559240000
0.827284390000 0.549410320000 -0.117255440000 0.024754550000
-0.051137880000 -0.134206240000 -0.989633060000 5.088930940000
0.000000000000 0.000000000000 0.000000000000 1.000000000000
7 24 60
0.270910110000 0.801757970000 -0.532721200000 1.499752210000
-0.961375920000 0.253307540000 -0.107664420000 -0.141213730000
0.048621480000 0.541312710000 0.839414380000 0.732428390000
0.000000000000 0.000000000000 0.000000000000 1.000000000000
7 25 60
-0.995626850000 -0.090059440000 0.024828900000 1.044819700000
-0.088484200000 0.994355090000 0.058553370000 -0.100995740000
-0.029962020000 0.056100340000 -0.997975470000 4.913297420000
0.000000000000 0.000000000000 0.000000000000 1.000000000000
7 26 60
0.248660510000 -0.707709540000 0.661298090000 -0.362572300000
-0.898351430000 -0.423764460000 -0.115708220000 0.439209880000
0.362122440000 -0.565306020000 -0.741145360000 4.500346340000
0.000000000000 0.000000000000 0.000000000000 1.000000000000
7 27 60
0.875056140000 0.480871570000 0.055129660000 0.840368970000
-0.476237030000 0.875725050000 -0.079397340000 0.508274040000
-0.086458350000 0.043222340000 0.995317430000 1.235588850000
0.000000000000 0.000000000000 0.000000000000 1.000000000000
7 28 60
0.976478670000 0.086823510000 -0.197360270000 1.128949070000
-0.166542300000 0.885073780000 -0.434635560000 0.420480130000
0.136941810000 0.457281190000 0.878715450000 1.073532120000
0.000000000000 0.000000000000 0.000000000000 1.000000000000
7 29 60
0.361840940000 0.854953760000 -0.371651990000 1.558610140000
-0.926509840000 0.373936930000 -0.041841290000 0.241385610000
0.103202030000 0.359479110000 0.927428760000 0.893183450000
0.000000000000 0.000000000000 0.000000000000 1.000000000000
7 30 60
0.971448950000 -0.153212950000 -0.181142860000 1.328855430000
-0.233528500000 -0.482834830000 -0.843999390000 2.348521630000
0.041849550000 0.862204340000 -0.504828980000 3.551293650000
0.000000000000 0.000000000000 0.000000000000 1.000000000000
7 31 60
-0.268953230000 -0.840799510000 0.469808840000 -0.731526230000
0.959676890000 -0.275345390000 0.056614380000 0.507304840000
0.081758360000 0.466091310000 0.880950890000 0.344193790000
0.000000000000 0.000000000000 0.000000000000 1.000000000000
7 32 60
-0.649131370000 0.404073680000 0.644478810000 -1.185035450000
0.200862970000 0.908225750000 -0.367124040000 0.856685840000
-0.733677400000 -0.108859800000 -0.670721260000 3.610632430000
0.000000000000 0.000000000000 0.000000000000 1.000000000000
7 33 60
0.263930770000 0.628942520000 -0.731280970000 2.456268440000
-0.909986860000 -0.088999270000 -0.404972880000 0.640525140000
-0.319788140000 0.772340880000 0.548839790000 0.733007340000
0.000000000000 0.000000000000 0.000000000000 1.000000000000
7 34 60
0.735510780000 -0.626021480000 -0.259077220000 0.841718130000
0.481941680000 0.752199760000 -0.449363710000 1.663443740000
0.476189150000 0.205651740000 0.854956870000 -0.080951740000
0.000000000000 0.000000000000 0.000000000000 1.000000000000
7 35 60
-0.781790470000 0.223954830000 0.581934620000 -1.775965020000
0.260058390000 0.965339150000 -0.022135130000 -0.165298600000
-0.566721540000 0.134031950000 -0.812934280000 4.690572490000
0.000000000000 0.000000000000 0.000000000000 1.000000000000
7 36 60
0.946134860000 -0.049160590000 -0.320018860000 0.986262050000
0.273480730000 -0.407739830000 0.871181110000 -2.148312140000
-0.173312210000 -0.911773810000 -0.372332390000 3.463679160000
0.000000000000 0.000000000000 0.000000000000 1.000000000000
7 37 60
0.226301740000 -0.889773370000 0.396346900000 -0.825763680000
-0.973811540000 -0.215807030000 0.071543120000 0.020002070000
0.021877290000 -0.402157520000 -0.915309080000 4.882075450000
0.000000000000 0.000000000000 0.000000000000 1.000000000000
7 38 60
0.976746830000 0.135506620000 -0.166143290000 0.926502030000
-0.091293690000 0.964044870000 0.249565540000 0.023257160000
0.193987370000 -0.228594520000 0.953998660000 -0.664850560000
0.000000000000 0.000000000000 0.000000000000 1.000000000000
7 39 60
0.864069720000 0.484426030000 0.136802520000 -0.285150020000
-0.045648470000 -0.195243160000 0.979691950000 -2.382817790000
0.501298040000 -0.852766980000 -0.146590390000 3.406978450000
0.000000000000 0.000000000000 0.000000000000 1.000000000000
7 40 60
-0.908229010000 -0.242158560000 -0.341290650000 2.083019170000
-0.147963360000 -0.577050600000 0.803193280000 -1.484300880000
-0.391442100000 0.779981950000 0.488263500000 1.328004520000
0.000000000000 0.000000000000 0.000000000000 1.000000000000
7 41 60
0.276866140000 -0.716914640000 0.639826960000 -1.045236350000
0.857530310000 -0.116101800000 -0.501160790000 1.747354100000
0.433574570000 0.687425470000 0.582631380000 1.138127350000
0.000000000000 0.000000000000 0.000000000000 1.000000000000
7 42 60
-0.696868370000 0.411181240000 -0.587626130000 1.373761130000
0.104614820000 -0.752294410000 -0.650468190000 1.795991910000
-0.709528160000 -0.514765110000 0.481234530000 1.434233520000
0.000000000000 0.000000000000 0.000000000000 1.000000000000
7 43 60
0.724667890000 0.370672640000 0.580911570000 -0.827338820000
-0.470597670000 -0.349603620000 0.810132800000 -2.160516540000
0.503382850000 -0.860452850000 -0.078908840000 3.363574940000
0.000000000000 0.000000000000 0.000000000000 1.000000000000
7 44 60
0.536976590000 -0.179992470000 -0.824171610000 2.965059030000
-0.843573740000 -0.107290310000 -0.526186410000 1.773924120000
0.006283970000 0.977799310000 -0.209449310000 2.846625950000
0.000000000000 0.000000000000 0.000000000000 1.000000000000
7 45 60
-0.553986690000 -0.742224620000 0.377095970000 -0.015282040000
0.375439510000 -0.627011040000 -0.682570380000 2.094843900000
0.743063870000 -0.236558170000 0.626016220000 1.783786220000
0.000000000000 0.000000000000 0.000000000000 1.000000000000
7 46 60
-0.221250650000 -0.578446520000 0.785141880000 -1.024253800000
0.852007610000 -0.506362800000 -0.132965220000 1.075559220000
0.474479910000 0.639528210000 0.604873930000 1.180471720000
0.000000000000 0.000000000000 0.000000000000 1.000000000000
7 47 60
-0.611050910000 -0.298201930000 -0.733275110000 2.317119790000
-0.373437630000 -0.708179220000 0.599188230000 -1.660484270000
-0.697969280000 0.639967030000 0.321373730000 1.265828060000
0.000000000000 0.000000000000 0.000000000000 1.000000000000
7 48 60
-0.860539210000 0.315137260000 0.400200920000 -0.876377740000
-0.021222950000 0.762792910000 -0.646294490000 1.966140230000
-0.508941890000 -0.564655200000 -0.649725060000 4.120824800000
0.000000000000 0.000000000000 0.000000000000 1.000000000000
7 49 60
0.501257330000 -0.817468240000 0.283701890000 -0.136179070000
0.788783960000 0.296879060000 -0.538221790000 1.597671250000
0.355754070000 0.493567110000 0.793618640000 0.462186970000
0.000000000000 0.000000000000 0.000000000000 1.000000000000
7 50 60
0.977668800000 0.127401430000 0.167130440000 0.183947940000
-0.162444900000 0.962693120000 0.216410740000 -0.329111270000
-0.133324290000 -0.238727520000 0.961890750000 1.049250870000
0.000000000000 0.000000000000 0.000000000000 1.000000000000
7 51 60
-0.676182280000 0.720760950000 0.152581670000 1.184457900000
0.736300130000 0.668241440000 0.106374280000 -0.613620950000
-0.025290960000 0.184274300000 -0.982549410000 6.157769110000
0.000000000000 0.000000000000 0.000000000000 1.000000000000
7 52 60
0.375219150000 0.144472460000 0.915608160000 -1.993918810000
-0.120405370000 0.987006820000 -0.106395840000 0.515771030000
-0.919082770000 -0.070322380000 0.387739120000 2.421984090000
0.000000000000 0.000000000000 0.000000000000 1.000000000000
7 53 60
-0.860451490000 0.402977350000 0.311821240000 -0.255923400000
0.456976930000 0.881011320000 0.122438320000 -0.082067730000
-0.225378170000 0.247847340000 -0.942218860000 4.084106870000
0.000000000000 0.000000000000 0.000000000000 1.000000000000
7 54 60
0.043231260000 0.966590120000 -0.252655090000 1.266501660000
-0.463365080000 -0.204648010000 -0.862213420000 1.635157770000
-0.885112340000 0.154346120000 0.439036920000 2.089616970000
0.000000000000 0.000000000000 0.000000000000 1.000000000000
7 55 60
0.652795430000 -0.258652890000 0.712009000000 -0.189365370000
0.249762810000 0.960835970000 0.120053220000 -0.101215610000
-0.715175970000 0.099463180000 0.691831200000 1.056271970000
0.000000000000 0.000000000000 0.000000000000 1.000000000000
7 56 60
-0.768311210000 -0.450773200000 0.454424260000 -0.228565100000
0.578210820000 -0.793291960000 0.190683280000 -0.137973120000
0.274536200000 0.409257130000 0.870137050000 1.434269820000
0.000000000000 0.000000000000 0.000000000000 1.000000000000
7 57 60
-0.967653690000 0.046132230000 -0.248028530000 1.484849640000
0.031455560000 -0.953404940000 -0.300049280000 -0.165320810000
-0.250313570000 -0.298145670000 0.921114690000 0.915251800000
0.000000000000 0.000000000000 0.000000000000 1.000000000000
7 58 60
0.402517620000 0.429648910000 -0.808320100000 1.809920660000
-0.296658910000 0.896582400000 0.328836580000 -0.651881750000
0.866009850000 0.107432840000 0.488349390000 1.357251880000
0.000000000000 0.000000000000 0.000000000000 1.000000000000
7 59 60
0.943912760000 0.315047310000 0.098863040000 1.464372640000
0.003691490000 -0.309457970000 0.950905960000 -2.781301950000
0.330174320000 -0.897207310000 -0.293264320000 3.602056170000
0.000000000000 0.000000000000 0.000000000000 1.000000000000
8 10 60
0.849989680000 0.210158060000 -0.483064310000 0.346228290000
-0.159940860000 0.976645920000 0.143463140000 -0.141173510000
0.501932720000 -0.044680470000 0.863751810000 0.471867590000
0.000000000000 0.000000000000 0.000000000000 1.000000000000
8 11 60
-0.903431420000 -0.381567200000 0.195494600000 -1.137881020000
-0.143084010000 0.698178620000 0.701479570000 -1.325337200000
-0.404151750000 0.605766530000 -0.685352670000 4.406079780000
0.000000000000 0.000000000000 0.000000000000 1.000000000000
8 12 60
0.241572670000 0.894505030000 -0.376169360000 0.520097490000
-0.577344720000 0.444063390000 0.685186670000 -0.936794510000
0.779945970000 0.051657030000 0.623711340000 1.628458410000
0.000000000000 0.000000000000 0.000000000000 1.000000000000
8 13 60
0.260083080000 -0.212999100000 -0.941800500000 2.199783320000
0.289738630000 -0.913205140000 0.286544750000 -0.996024000000
-0.921090830000 -0.347401430000 -0.175795140000 2.721295780000
0.000000000000 0.000000000000 0.000000000000 1.000000000000
8 14 60
0.997719460000 -0.058372620000 -0.033889800000 0.337849080000
-0.020934740000 -0.744947350000 0.666794700000 -1.343296040000
-0.064168670000 -0.664564580000 -0.744470490000 3.403469150000
0.000000000000 0.000000000000 0.000000000000 1.000000000000
8 15 60
0.406381260000 0.780240200000 -0.475478170000 1.419111510000
-0.888622240000 0.216404830000 -0.404375400000 1.127170800000
-0.212614170000 0.586851070000 0.781281670000 0.585634450000
0.000000000000 0.000000000000 0.000000000000 1.000000000000
8 16 60
0.830697120000 0.023679140000 0.556220810000 -0.922851660000
-0.052341830000 0.997991450000 0.035684790000 0.380537930000
-0.554258620000 -0.058756870000 0.830268040000 0.580744080000
0.000000000000 0.000000000000 0.000000000000 1.000000000000
8 17 60
0.591950790000 0.722254050000 0.357691700000 -0.413889810000
-0.780944530000 0.623730200000 0.032958740000 0.091831150000
-0.199298530000 -0.298847330000 0.933257930000 0.327724550000
0.000000000000 0.000000000000 0.000000000000 1.000000000000
8 18 60
-0.358614330000 -0.929931610000 -0.081381640000 0.555341870000
-0.926622040000 0.344069470000 0.151617240000 0.409335320000
-0.112992720000 0.129782130000 -0.985083370000 3.716973460000
0.000000000000 0.000000000000 0.000000000000 1.000000000000
8 19 60
0.218781520000 -0.944215070000 -0.246155540000 0.549850170000
0.967401300000 0.242864980000 -0.071772690000 0.599358970000
0.127551420000 -0.222428650000 0.966569260000 0.884786040000
0.000000000000 0.000000000000 0.000000000000 1.000000000000
8 20 60
0.650625870000 -0.313699500000 -0.691576890000 1.220669140000
-0.610946600000 -0.757116390000 -0.231341790000 0.512592960000
-0.451032390000 0.573033510000 -0.684253150000 3.010405080000
0.000000000000 0.000000000000 0.000000000000 1.000000000000
8 21 60
0.722238100000 0.580156990000 -0.376550120000 0.786819990000
-0.688017390000 0.546958890000 -0.476936100000 0.671846160000
-0.070740380000 0.603534450000 0.794192650000 0.887304820000
0.000000000000 0.000000000000 0.000000000000 1.000000000000
8 22 60
0.853247910000 -0.474781830000 -0.215755010000 0.553408910000
-0.156194850000 -0.627381730000 0.762886190000 -1.625079330000
-0.497565250000 -0.617231220000 -0.609470620000 2.590600020000
0.000000000000 0.000000000000 0.000000000000 1.000000000000
8 23 60
0.769702200000 0.159168930000 -0.618242490000 1.428225260000
-0.427662750000 -0.590453640000 -0.684448000000 1.920655010000
-0.473986390000 0.791220420000 -0.386402840000 2.642311110000
0.000000000000 0.000000000000 0.000000000000 1.000000000000
8 24 60
-0.823190730000 0.335494610000 0.458039720000 -1.623563350000
0.498491470000 0.040905880000 0.865928960000 -1.283989300000
0.271777980000 0.941153590000 -0.200914550000 2.496012440000
0.000000000000 0.000000000000 0.000000000000 1.000000000000
8 25 60
0.825736110000 0.171994720000 0.537194280000 -1.919512710000
-0.555021040000 0.077970800000 0.828174020000 -1.048841820000
0.100556090000 -0.982007320000 0.159843990000 2.214125310000
0.000000000000 0.000000000000 0.000000000000 1.000000000000
8 26 60
0.134343970000 -0.954345310000 -0.266789680000 1.082708400000
-0.963192240000 -0.062501310000 -0.261446530000 0.367815970000
0.232835560000 0.292093510000 -0.927614670000 3.814973090000
0.000000000000 0.000000000000 0.000000000000 1.000000000000
8 27 60
-0.931634920000 -0.312025240000 0.186270280000 -0.040552560000
0.161833520000 -0.815189130000 -0.556126410000 1.173140580000
0.325370990000 -0.487962010000 0.809954810000 0.654720420000
0.000000000000 0.000000000000 0.000000000000 1.000000000000
8 28 60
-0.085959900000 -0.648558160000 0.756295710000 -1.003794930000
0.956235350000 0.159393770000 0.245372320000 -0.308427480000
-0.279687050000 0.744288880000 0.606472770000 0.824556540000
0.000000000000 0.000000000000 0.000000000000 1.000000000000
8 29 60
-0.817203590000 0.373859960000 -0.438642260000 1.413399850000
0.251670090000 0.916150830000 0.311977260000 -0.175141370000
0.518498280000 0.144555800000 -0.842771120000 4.065712360000
0.000000000000 0.000000000000 0.000000000000 1.000000000000
8 30 60
-0.476004790000 -0.223004880000 -0.850698690000 1.737076840000
0.193615220000 0.917008530000 -0.348724110000 0.956446590000
0.857865130000 -0.330702560000 -0.393323320000 3.363041060000
0.000000000000 0.000000000000 0.000000000000 1.000000000000
8 31 60
0.103268400000 -0.319252750000 0.942026180000 -2.832580510000
0.991915170000 -0.037174270000 -0.121335780000 1.243971310000
0.073755920000 0.946940210000 0.312832720000 1.795301220000
0.000000000000 0.000000000000 0.000000000000 1.000000000000
8 32 60
-0.269456950000 -0.928900530000 -0.254040870000 -0.218702940000
-0.952274480000 0.296298260000 -0.073352890000 -0.408858960000
0.143409410000 0.222151190000 -0.964407900000 5.124783640000
0.000000000000 0.000000000000 0.000000000000 1.000000000000
8 33 60
-0.607981600000 -0.559902460000 -0.562909950000 1.369079180000
0.791173540000 -0.486508690000 -0.370612640000 2.126788140000
-0.066353650000 -0.670685120000 0.738768350000 0.128899750000
0.000000000000 0.000000000000 0.000000000000 1.000000000000
8 34 60
-0.659115520000 -0.135923740000 -0.739656320000 2.054658270000
0.730111950000 -0.351435960000 -0.586028420000 1.664034750000
-0.180286650000 -0.926292340000 0.330876440000 1.558559130000
0.000000000000 0.000000000000 0.000000000000 1.000000000000
8 35 60
-0.859725890000 0.462867160000 0.215929100000 -1.237385700000
0.508159090000 0.817732180000 0.270348700000 -0.538417660000
-0.051436640000 0.342152110000 -0.938235690000 4.275129960000
0.000000000000 0.000000000000 0.000000000000 1.000000000000
8 36 60
0.455801610000 0.705093940000 -0.543219500000 1.163461750000
-0.829061520000 0.114239000000 -0.547363170000 1.148737550000
-0.323885600000 0.699851400000 0.636636580000 0.753770600000
0.000000000000 0.000000000000 0.000000000000 1.000000000000
8 37 60
0.577166330000 -0.595534830000 -0.558764080000 1.161959390000
0.092114760000 -0.632389780000 0.769154100000 -2.025365650000
-0.811414750000 -0.495400270000 -0.310136540000 2.441187240000
0.000000000000 0.000000000000 0.000000000000 1.000000000000
8 38 60
-0.322053980000 0.530195120000 -0.784330530000 2.079006420000
0.409184480000 0.825045460000 0.389702520000 -0.313484050000
0.853726710000 -0.195430630000 -0.482656780000 3.945546990000
0.000000000000 0.000000000000 0.000000000000 1.000000000000
8 39 60
-0.999839679000 0.006515288560 -0.016678368500 -0.266819412000
-0.004514086620 0.809649850000 0.586895853000 -1.357093240000
0.017327434400 0.586877049000 -0.809490636000 4.533508440000
0.000000000000 0.000000000000 0.000000000000 1.000000000000
8 40 60
0.701437160000 0.230595860000 -0.674397110000 1.688581580000
0.020015950000 0.939468570000 0.342049950000 -0.796992730000
0.712450190000 -0.253425250000 0.654362570000 1.505428250000
0.000000000000 0.000000000000 0.000000000000 1.000000000000
8 41 60
-0.252002360000 0.431675760000 -0.866112490000 0.891919320000
-0.230563830000 0.842441630000 0.486962450000 -0.713401400000
0.939859100000 0.322409900000 -0.112768470000 2.663245450000
0.000000000000 0.000000000000 0.000000000000 1.000000000000
8 42 60
0.990900737000 0.033608164500 -0.130331193000 0.341973114000
0.000731772131 0.966963954000 0.254912094000 -0.173097301000
0.134592693000 -0.252687954000 0.958140702000 0.112060564000
0.000000000000 0.000000000000 0.000000000000 1.000000000000
8 43 60
-0.781646060000 -0.507195650000 -0.363017910000 0.759524670000
0.562089430000 -0.320541010000 -0.762436180000 2.605021790000
0.270342190000 -0.800003770000 0.535638940000 1.385453910000
0.000000000000 0.000000000000 0.000000000000 1.000000000000
8 44 60
0.631801470000 0.618857300000 0.466736040000 -1.835935810000
-0.178625690000 0.702175060000 -0.689233670000 1.744065150000
-0.754267700000 0.352087800000 0.554179050000 0.883865320000
0.000000000000 0.000000000000 0.000000000000 1.000000000000
8 45 60
-0.873950500000 -0.458705930000 0.160621920000 -0.815661250000
-0.248232830000 0.137160390000 -0.958940820000 2.645302790000
0.417840870000 -0.877938440000 -0.233737260000 3.808183380000
0.000000000000 0.000000000000 0.000000000000 1.000000000000
8 46 60
0.516119240000 -0.162320530000 0.840995230000 -2.559427320000
0.194230000000 0.978479720000 0.069657360000 0.028509850000
-0.834203590000 0.127395000000 0.536539730000 0.437421120000
0.000000000000 0.000000000000 0.000000000000 1.000000000000
8 47 60
-0.406830810000 0.695427680000 -0.592341990000 0.775691750000
0.464992460000 0.715786760000 0.520990710000 -1.034458250000
0.786301920000 -0.063479480000 -0.614572740000 4.175501480000
0.000000000000 0.000000000000 0.000000000000 1.000000000000
8 48 60
-0.532586410000 -0.454723850000 -0.713847270000 1.534551430000
0.845377380000 -0.244848530000 -0.474748660000 1.752421900000
0.041095080000 -0.856315020000 0.514816260000 1.435948550000
0.000000000000 0.000000000000 0.000000000000 1.000000000000
8 49 60
-0.955972060000 -0.291781150000 -0.031323850000 -0.449800750000
0.265966660000 -0.906574580000 0.327695380000 0.108369560000
-0.124012740000 0.304936520000 0.944264030000 0.519100450000
0.000000000000 0.000000000000 0.000000000000 1.000000000000
8 50 60
0.250178480000 -0.377732660000 0.891475610000 -1.827223960000
-0.591844000000 0.669033450000 0.449571940000 -0.639489840000
-0.766245000000 -0.640087720000 -0.056181040000 2.761753780000
0.000000000000 0.000000000000 0.000000000000 1.000000000000
8 51 60
0.776306360000 0.630349570000 0.002802320000 -0.836236350000
0.142257430000 -0.179524460000 0.973413470000 -2.739512010000
0.614093850000 -0.755268420000 -0.229037890000 2.559402350000
0.000000000000 0.000000000000 0.000000000000 1.000000000000
8 52 60
-0.169800450000 -0.453114080000 -0.875131670000 1.262984950000
0.909587300000 0.269672590000 -0.316113330000 1.041463140000
0.379234430000 -0.849684840000 0.366356280000 1.696593670000
0.000000000000 0.000000000000 0.000000000000 1.000000000000
8 53 60
-0.763074900000 0.644815540000 -0.043927250000 0.125523480000
-0.531762470000 -0.587750350000 0.609736170000 -0.625021030000
0.367349100000 0.488633230000 0.791386250000 1.085676740000
0.000000000000 0.000000000000 0.000000000000 1.000000000000
8 54 60
0.147680650000 -0.956361850000 0.252115900000 -1.110078320000
-0.563162820000 0.128238820000 0.816334760000 -0.974901840000
-0.813042470000 -0.262539150000 -0.519649050000 4.029837690000
0.000000000000 0.000000000000 0.000000000000 1.000000000000
8 55 60
0.472481530000 -0.880795870000 -0.030981180000 -0.083948520000
-0.871920760000 -0.472268450000 0.129293080000 -0.248477090000
-0.128512250000 -0.034075460000 -0.991122330000 4.715713550000
0.000000000000 0.000000000000 0.000000000000 1.000000000000
8 56 60
-0.675624110000 0.340285210000 -0.654016840000 1.177192550000
0.674684880000 0.643001910000 -0.362420840000 1.097599970000
0.297207630000 -0.686115530000 -0.664012880000 3.377238730000
0.000000000000 0.000000000000 0.000000000000 1.000000000000
8 57 60
-0.235457220000 -0.932195580000 0.274902340000 -0.867283660000
0.903298890000 -0.314277110000 -0.292029120000 0.807089150000
0.358623770000 0.179558620000 0.916050050000 0.344872460000
0.000000000000 0.000000000000 0.000000000000 1.000000000000
8 58 60
0.975021750000 -0.039474540000 0.218573420000 -0.868218570000
0.069789010000 0.988688170000 -0.132759940000 0.147210060000
-0.210860320000 0.144697850000 0.966747360000 0.161136130000
0.000000000000 0.000000000000 0.000000000000 1.000000000000
8 59 60
0.565722410000 0.824436360000 -0.016212250000 0.446368830000
-0.824566000000 0.565759650000 -0.002630240000 0.082842260000
0.007003770000 0.014856050000 0.999865110000 -0.050957360000
0.000000000000 0.000000000000 0.000000000000 1.000000000000
9 11 60
0.498483920000 0.859948790000 -0.109553010000 0.280483800000
-0.778178870000 0.499572510000 0.380611290000 -1.197507940000
0.382035880000 -0.104476770000 0.918222840000 0.301244310000
0.000000000000 0.000000000000 0.000000000000 1.000000000000
9 12 60
-0.181034790000 -0.457729930000 0.870465230000 -2.524245100000
0.105128720000 0.871011880000 0.479881500000 -0.800647820000
-0.977841680000 0.178386140000 -0.109562890000 2.493939800000
0.000000000000 0.000000000000 0.000000000000 1.000000000000
9 13 60
0.401662260000 0.701732860000 -0.588420270000 0.550030500000
-0.164783250000 0.687422250000 0.707316850000 -0.783807530000
0.900840670000 -0.187140680000 0.391745400000 0.912370360000
0.000000000000 0.000000000000 0.000000000000 1.000000000000
9 14 60
0.639776970000 -0.672469190000 0.372116410000 -1.196418890000
0.289547860000 0.659393140000 0.693803090000 -0.741615860000
-0.711932200000 -0.336133730000 0.616576560000 1.242923760000
0.000000000000 0.000000000000 0.000000000000 1.000000000000
9 15 60
0.136746750000 0.983441410000 -0.118925660000 0.342064370000
-0.230889110000 -0.085104690000 -0.969250950000 2.621242020000
-0.963322660000 0.160000560000 0.215428130000 1.883718270000
0.000000000000 0.000000000000 0.000000000000 1.000000000000
9 16 60
0.443603500000 -0.847706590000 0.290877060000 -1.250440280000
0.346079380000 0.461409950000 0.816902640000 -0.946341680000
-0.826707320000 -0.261714320000 0.498056840000 0.988676180000
0.000000000000 0.000000000000 0.000000000000 1.000000000000
9 17 60
-0.812971230000 0.494110600000 -0.308111170000 -0.192728290000
0.040759480000 0.576113380000 0.816352890000 -0.902624610000
0.580875580000 0.651112960000 -0.488503290000 3.181192200000
0.000000000000 0.000000000000 0.000000000000 1.000000000000
9 18 60
-0.789146470000 0.599203400000 0.134918990000 -1.289067200000
-0.045574420000 0.161933870000 -0.985748650000 2.086190460000
-0.612511890000 -0.784048920000 -0.100481200000 2.578980770000
0.000000000000 0.000000000000 0.000000000000 1.000000000000
9 19 60
-0.792051760000 -0.577233240000 -0.198634830000 -0.704767450000
-0.176132610000 0.527642580000 -0.831005780000 1.480093050000
0.584492360000 -0.623213520000 -0.519589830000 3.024110650000
0.000000000000 0.000000000000 0.000000000000 1.000000000000
9 20 60
0.297652520000 -0.954127660000 0.032301580000 -0.841038280000
0.396220280000 0.154248040000 0.905106090000 -0.643171700000
-0.868569210000 -0.256608570000 0.423957040000 1.821323190000
0.000000000000 0.000000000000 0.000000000000 1.000000000000
9 21 60
0.787105830000 -0.459595240000 0.411383800000 -1.008235480000
-0.208542650000 -0.825955140000 -0.523744280000 1.038042310000
0.580494940000 0.326451110000 -0.745959310000 3.969582530000
0.000000000000 0.000000000000 0.000000000000 1.000000000000
9 22 60
0.920860580000 0.102300520000 -0.376231840000 -0.206826070000
-0.229563720000 0.922229670000 -0.311115630000 0.352611160000
0.315144880000 0.372863300000 0.872729430000 2.075173740000
0.000000000000 0.000000000000 0.000000000000 1.000000000000
9 23 60
0.879040250000 -0.402353360000 0.255734280000 -0.962083850000
-0.149280300000 0.277143580000 0.949161120000 -1.741278760000
-0.452773280000 -0.872526910000 0.183556930000 1.384051110000
0.000000000000 0.000000000000 0.000000000000 1.000000000000
9 24 60
0.276860220000 0.753778870000 -0.595957910000 0.513366020000
-0.898367170000 0.423140910000 0.117848160000 -0.887909960000
0.341005630000 0.502761550000 0.794321080000 1.291537580000
0.000000000000 0.000000000000 0.000000000000 1.000000000000
9 25 60
0.773572780000 0.334897200000 0.537986070000 -1.813855740000
-0.385536360000 0.922478460000 -0.019879740000 -0.221419660000
-0.502938240000 -0.192034760000 0.842719280000 1.559540530000
0.000000000000 0.000000000000 0.000000000000 1.000000000000
9 26 60
-0.589948940000 0.632849500000 -0.501459630000 -0.068918510000
-0.542695160000 0.149074090000 0.826594750000 -1.168255930000
0.597864710000 0.759788410000 0.255498260000 1.460659710000
0.000000000000 0.000000000000 0.000000000000 1.000000000000
9 27 60
0.039753010000 -0.943698570000 -0.328409370000 -0.478737810000
0.131538340000 -0.320866400000 0.937945850000 -1.278385600000
-0.990513690000 -0.080484590000 0.111377130000 2.459101490000
0.000000000000 0.000000000000 0.000000000000 1.000000000000
9 28 60
0.302266960000 0.680475040000 -0.667524090000 -0.199360800000
-0.432061440000 0.722018510000 0.540381510000 -0.814738080000
0.849680880000 0.125071940000 0.512249370000 1.185260330000
0.000000000000 0.000000000000 0.000000000000 1.000000000000
9 29 60
0.649406980000 -0.662104130000 -0.374016980000 -0.491071030000
0.694959580000 0.716408560000 -0.061562610000 -0.066003340000
0.308709830000 -0.219947500000 0.925376320000 1.159257340000
0.000000000000 0.000000000000 0.000000000000 1.000000000000
9 30 60
-0.651097830000 -0.087559270000 0.753926380000 -2.580309500000
0.276138310000 0.897922280000 0.342758240000 -1.293403020000
-0.706978960000 0.431357110000 -0.560456780000 4.024093730000
0.000000000000 0.000000000000 0.000000000000 1.000000000000
9 31 60
0.996110710000 0.072570300000 0.049970000000 -0.220776040000
-0.081239130000 0.976011180000 0.201995980000 -0.234617740000
-0.034112370000 -0.205269880000 0.978110740000 -0.098213830000
0.000000000000 0.000000000000 0.000000000000 1.000000000000
9 32 60
0.221321570000 -0.626613220000 0.747243360000 -2.313800510000
0.104345310000 -0.746630410000 -0.657004630000 1.589462420000
0.969602400000 0.223380630000 -0.099861260000 3.143109750000
0.000000000000 0.000000000000 0.000000000000 1.000000000000
9 33 60
-0.929719230000 -0.180013700000 0.321274370000 -1.802486530000
0.305155130000 -0.864945640000 0.398433660000 -0.455310890000
0.206161350000 0.468469960000 0.859088700000 -0.506761680000
0.000000000000 0.000000000000 0.000000000000 1.000000000000
9 34 60
0.139965010000 -0.167068160000 0.975960050000 -3.113162190000
0.902926110000 0.426058400000 -0.056556890000 0.277467410000
-0.406367120000 0.889135800000 0.210483470000 1.869102530000
0.000000000000 0.000000000000 0.000000000000 1.000000000000
9 35 60
0.296923610000 0.792841980000 0.532201050000 -2.028968280000
-0.930163940000 0.114108220000 0.348961820000 -1.404130680000
0.215943070000 -0.598649230000 0.771354450000 -0.193588260000
0.000000000000 0.000000000000 0.000000000000 1.000000000000
9 36 60
0.489499380000 -0.620445910000 0.612729340000 -2.129422930000
-0.405199060000 -0.784040090000 -0.470207250000 1.405889090000
0.772142530000 -0.018111200000 -0.635191230000 3.578535410000
0.000000000000 0.000000000000 0.000000000000 1.000000000000
9 38 60
0.357086710000 -0.888919760000 -0.286898480000 -0.614189540000
-0.147000750000 -0.356801470000 0.922541860000 -2.649839280000
-0.922431490000 -0.287253150000 -0.258080940000 3.364149520000
0.000000000000 0.000000000000 0.000000000000 1.000000000000
9 39 60
0.871270070000 0.047131870000 -0.488535620000 -0.061081900000
-0.056462670000 0.998395120000 -0.004376340000 -0.163074080000
0.487545310000 0.031397000000 0.872532980000 0.102320290000
0.000000000000 0.000000000000 0.000000000000 1.000000000000
9 40 60
0.507094810000 0.211252330000 -0.835599970000 1.331177370000
-0.226544270000 0.968076610000 0.107263060000 -0.369065570000
0.831584360000 0.134907840000 0.538764630000 1.079023350000
0.000000000000 0.000000000000 0.000000000000 1.000000000000
9 41 60
0.145223300000 -0.526086230000 0.837940010000 -3.132569810000
0.360534490000 0.816825400000 0.450345580000 -1.017701020000
-0.921371300000 0.236705610000 0.308294320000 1.913513440000
0.000000000000 0.000000000000 0.000000000000 1.000000000000
9 42 60
0.990703810000 0.021502010000 -0.134326560000 0.047519300000
-0.005349090000 0.992823110000 0.119472440000 0.088621860000
0.135931410000 -0.117643280000 0.983708650000 -0.466644850000
0.000000000000 0.000000000000 0.000000000000 1.000000000000
9 43 60
0.852890340000 0.337890680000 0.398004960000 -1.787078080000
0.455390140000 -0.108629120000 -0.883639940000 2.622431790000
-0.255338770000 0.934895500000 -0.246520810000 2.222668630000
0.000000000000 0.000000000000 0.000000000000 1.000000000000
9 44 60
-0.339025360000 -0.864533950000 -0.371002500000 0.605289010000
-0.309146450000 0.474835010000 -0.823990410000 1.941572470000
0.888532650000 -0.164659540000 -0.428248710000 3.690212000000
0.000000000000 0.000000000000 0.000000000000 1.000000000000
9 45 60
0.941929480000 -0.195310220000 -0.273171670000 0.391301220000
-0.282450270000 -0.900772190000 -0.329895920000 1.683025440000
-0.181633400000 0.387896100000 -0.903629310000 4.278055550000
0.000000000000 0.000000000000 0.000000000000 1.000000000000
9 46 60
0.941368540000 -0.123894790000 0.313807830000 -0.960165120000
0.164443110000 0.980661000000 -0.106124760000 0.113873620000
-0.294590790000 0.151506040000 0.943537060000 0.003148310000
0.000000000000 0.000000000000 0.000000000000 1.000000000000
9 47 60
0.150765590000 0.288315740000 -0.945591760000 1.496731540000
-0.232140730000 0.940104040000 0.249629880000 -0.642812440000
0.960926850000 0.181874770000 0.208665170000 2.095036990000
0.000000000000 0.000000000000 0.000000000000 1.000000000000
9 48 60
-0.749295580000 -0.450445880000 0.485442720000 -1.619368990000
0.210469520000 -0.857009270000 -0.470359110000 1.873813320000
0.627900240000 -0.250267110000 0.736958390000 0.364617690000
0.000000000000 0.000000000000 0.000000000000 1.000000000000
9 49 60
-0.848716140000 0.116239290000 0.515916020000 -2.111049720000
0.525954360000 0.287447820000 0.800465970000 -1.950270890000
-0.055253340000 0.950716670000 -0.305098160000 3.564464500000
0.000000000000 0.000000000000 0.000000000000 1.000000000000
9 50 60
-0.557301710000 -0.220826060000 0.800406560000 -2.427916910000
0.099408520000 0.939306010000 0.328362850000 -0.736855260000
-0.824337770000 0.262564410000 -0.501524850000 3.644752110000
0.000000000000 0.000000000000 0.000000000000 1.000000000000
9 51 60
0.092609690000 -0.649225040000 -0.754937280000 1.407542370000
0.548657470000 0.665978600000 -0.505418130000 0.886081810000
0.830902180000 -0.367395370000 0.417878230000 1.335504660000
0.000000000000 0.000000000000 0.000000000000 1.000000000000
9 52 60
-0.190934540000 0.811115990000 -0.552842520000 0.682554000000
-0.842770190000 0.153298780000 0.515982450000 -0.332293160000
0.503271700000 0.564438070000 0.654314350000 0.868928450000
0.000000000000 0.000000000000 0.000000000000 1.000000000000
9 53 60
0.042593530000 0.984621720000 0.169428040000 -1.276971880000
0.997856220000 -0.033491080000 -0.056225480000 -0.299302690000
-0.049686500000 0.171459670000 -0.983937410000 4.641508290000
0.000000000000 0.000000000000 0.000000000000 1.000000000000
9 54 60
0.772614930000 0.288218770000 0.565681980000 -2.471626310000
-0.621247490000 0.159601290000 0.767189010000 -0.841177320000
0.130834690000 -0.944170200000 0.302365530000 1.347435670000
0.000000000000 0.000000000000 0.000000000000 1.000000000000
9 55 60
-0.771463580000 0.100010380000 0.628364430000 -2.265085470000
-0.633218920000 -0.217330210000 -0.742833350000 1.322802290000
0.062271530000 -0.970961120000 0.230990810000 2.289378420000
0.000000000000 0.000000000000 0.000000000000 1.000000000000
9 56 60
0.036194150000 0.611786360000 -0.790194550000 0.567529190000
-0.392758660000 0.735793530000 0.551677910000 -0.751715990000
0.918929060000 0.290388240000 0.266915820000 2.304490490000
0.000000000000 0.000000000000 0.000000000000 1.000000000000
9 57 60
-0.596657730000 0.800208000000 -0.060553440000 0.087176640000
-0.420166980000 -0.247217340000 0.873122730000 -1.412270640000
0.683709930000 0.546397970000 0.483725110000 1.710383380000
0.000000000000 0.000000000000 0.000000000000 1.000000000000
9 58 60
0.949897880000 0.032271790000 0.310889920000 -0.963982380000
0.043164460000 0.971580660000 -0.232739860000 0.252652000000
-0.309565560000 0.234498500000 0.921509420000 -0.354528600000
0.000000000000 0.000000000000 0.000000000000 1.000000000000
9 59 60
-0.212717110000 -0.974773070000 0.067593650000 -0.990734860000
-0.952460310000 0.191411960000 -0.237024920000 0.080176310000
0.218107280000 -0.114799530000 -0.969149260000 4.849803190000
0.000000000000 0.000000000000 0.000000000000 1.000000000000
10 12 60
-0.615610840000 0.182240590000 -0.766688770000 2.061969080000
-0.523106380000 0.633137850000 0.570522730000 -0.631002000000
0.589392070000 0.752279760000 -0.294435310000 3.381698930000
0.000000000000 0.000000000000 0.000000000000 1.000000000000
10 13 60
0.254380830000 0.881002480000 -0.398904780000 0.673762410000
0.462178160000 -0.473067850000 -0.750065430000 1.798872160000
-0.849518540000 0.006437190000 -0.527519500000 3.551972900000
0.000000000000 0.000000000000 0.000000000000 1.000000000000
10 14 60
-0.627994830000 0.548781270000 -0.551780400000 0.807140530000
0.756187950000 0.262802990000 -0.599261520000 1.263943750000
-0.183853960000 -0.793582820000 -0.580020710000 4.015665120000
0.000000000000 0.000000000000 0.000000000000 1.000000000000
10 15 60
-0.944352010000 0.050875820000 0.324978360000 -1.102329170000
-0.272260760000 0.433523930000 -0.859029150000 2.087656870000
-0.184589710000 -0.899704760000 -0.395547700000 3.284497540000
0.000000000000 0.000000000000 0.000000000000 1.000000000000
10 16 60
0.081895610000 -0.994318650000 0.067996600000 -0.289010240000
0.475906700000 0.098959850000 0.873910610000 -1.093359860000
-0.875674550000 -0.039209410000 0.481307280000 1.209607910000
0.000000000000 0.000000000000 0.000000000000 1.000000000000
10 17 60
0.963589450000 -0.258733930000 -0.067469420000 0.189361360000
-0.236398460000 -0.706442170000 -0.667124600000 1.366325260000
0.124944520000 0.658783900000 -0.741884520000 4.781274760000
0.000000000000 0.000000000000 0.000000000000 1.000000000000
10 18 60
-0.978339910000 0.084481440000 0.188981240000 -0.389903980000
-0.165923670000 0.225837950000 -0.959930500000 2.107370170000
-0.123775450000 -0.970494770000 -0.206928810000 2.775449510000
0.000000000000 0.000000000000 0.000000000000 1.000000000000
10 19 60
0.534000020000 0.651615040000 0.538740960000 -1.384646510000
0.461838530000 0.308927010000 -0.831426050000 1.010215540000
-0.708201350000 0.692792860000 -0.135973910000 3.246720120000
0.000000000000 0.000000000000 0.000000000000 1.000000000000
10 20 60
0.874390700000 0.448056290000 -0.186243030000 0.748072690000
-0.096818810000 0.537219150000 0.837867360000 -0.804433940000
0.475465060000 -0.714591600000 0.513119700000 2.425203740000
0.000000000000 0.000000000000 0.000000000000 1.000000000000
10 21 60
-0.692468580000 0.720732840000 -0.032115990000 -0.701613450000
0.057390120000 0.099405180000 0.993390650000 -0.996204080000
0.719161760000 0.686048680000 -0.110197910000 3.131013030000
0.000000000000 0.000000000000 0.000000000000 1.000000000000
10 22 60
0.794005690000 0.591736260000 -0.139295200000 0.711613690000
0.234451730000 -0.509486530000 -0.827922610000 1.571864360000
-0.560880860000 0.624717270000 -0.543268800000 3.893108690000
0.000000000000 0.000000000000 0.000000000000 1.000000000000
10 23 60
0.823964730000 0.324320700000 -0.464648470000 0.360939640000
-0.112813970000 0.897481310000 0.426380460000 -1.115599990000
0.555297330000 -0.298903630000 0.776080860000 1.501758880000
0.000000000000 0.000000000000 0.000000000000 1.000000000000
10 24 60
-0.007112220000 -0.417455400000 0.908669580000 -2.527167650000
-0.403861780000 0.832485190000 0.379294180000 -1.199985870000
-0.914792370000 -0.364279290000 -0.174515100000 2.462718140000
0.000000000000 0.000000000000 0.000000000000 1.000000000000
10 25 60
-0.552844380000 -0.762962890000 -0.335038400000 0.730106720000
-0.244322090000 -0.235982080000 0.940541960000 -1.602101040000
-0.796661670000 0.601830610000 -0.055947320000 3.122863000000
0.000000000000 0.000000000000 0.000000000000 1.000000000000
10 26 60
-0.346466370000 0.912355860000 -0.218100540000 0.116059460000
0.474888310000 -0.029916790000 -0.879537420000 2.029809550000
-0.808975990000 -0.408303540000 -0.422901970000 4.116682860000
0.000000000000 0.000000000000 0.000000000000 1.000000000000
10 27 60
-0.957329820000 -0.121581590000 -0.262178430000 0.597844200000
-0.147049100000 -0.576051920000 0.804077570000 -1.034091810000
-0.248789420000 0.808320540000 0.533593220000 1.845639160000
0.000000000000 0.000000000000 0.000000000000 1.000000000000
10 28 60
-0.738977980000 0.589250020000 -0.326643460000 0.537247440000
0.194612690000 -0.277467030000 -0.940817700000 2.103084470000
-0.645009640000 -0.758812530000 0.090366500000 3.324544390000
0.000000000000 0.000000000000 0.000000000000 1.000000000000
10 29 60
0.717262190000 -0.024761740000 0.696363280000 -1.939238980000
-0.428564740000 0.772318050000 0.468889210000 -0.777815960000
-0.549424440000 -0.634753250000 0.543342520000 1.362439320000
0.000000000000 0.000000000000 0.000000000000 1.000000000000
10 30 60
0.569776270000 -0.577753530000 -0.584427810000 1.705212040000
-0.165041060000 0.616220610000 -0.770086750000 1.882626550000
0.805056800000 0.535231740000 0.255754820000 1.752795300000
0.000000000000 0.000000000000 0.000000000000 1.000000000000
10 32 60
-0.346144750000 -0.249967140000 0.904267790000 -2.150422700000
0.033050760000 0.960004770000 0.278026040000 -0.558278500000
-0.937598770000 0.126124000000 -0.324039010000 3.256242430000
0.000000000000 0.000000000000 0.000000000000 1.000000000000
10 33 60
0.678912440000 0.721032100000 -0.138530150000 0.811609980000
-0.608889460000 0.658343830000 0.442534760000 -1.397187570000
0.410282240000 -0.216092810000 0.885986670000 0.546540180000
0.000000000000 0.000000000000 0.000000000000 1.000000000000
10 34 60
0.977135160000 -0.211553000000 0.021265010000 -0.296747460000
0.212612370000 0.972999480000 -0.089821950000 0.086987860000
-0.001688740000 0.092289390000 0.995730800000 0.207571470000
0.000000000000 0.000000000000 0.000000000000 1.000000000000
10 35 60
-0.095786000000 -0.776205540000 0.623161300000 -1.668736990000
-0.814655150000 -0.298606700000 -0.497162980000 1.781016050000
0.571980800000 -0.555282810000 -0.603737500000 4.187327800000
0.000000000000 0.000000000000 0.000000000000 1.000000000000
10 36 60
0.929038360000 -0.364657930000 0.062548510000 -0.178718600000
0.350749890000 0.814266880000 -0.462540770000 1.026436790000
0.117737980000 0.451657000000 0.884388900000 1.024475920000
0.000000000000 0.000000000000 0.000000000000 1.000000000000
10 37 60
-0.919194800000 0.311805390000 -0.240537570000 0.233250870000
0.110885870000 -0.381160930000 -0.917834770000 2.119905460000
-0.377869360000 -0.870341160000 0.315786340000 1.537154260000
0.000000000000 0.000000000000 0.000000000000 1.000000000000
10 38 60
0.880033390000 0.334757470000 0.336865940000 -0.681982530000
-0.452986740000 0.804718290000 0.383707540000 -0.424073500000
-0.142633220000 -0.490271260000 0.859819670000 -0.028766080000
0.000000000000 0.000000000000 0.000000000000 1.000000000000
10 39 60
0.756436480000 -0.319925640000 0.570483510000 -2.164252210000
0.320515140000 0.941619320000 0.103068400000 -0.810736050000
-0.570152520000 0.104883910000 0.814816220000 1.371479310000
0.000000000000 0.000000000000 0.000000000000 1.000000000000
10 40 60
0.917657790000 -0.134082570000 -0.374066900000 1.119581770000
0.138157790000 0.990280430000 -0.016033960000 -0.125979100000
0.372581000000 -0.036966570000 0.927263110000 0.211816190000
0.000000000000 0.000000000000 0.000000000000 1.000000000000
10 41 60
0.997515950000 0.025993570000 0.065469500000 -0.194200540000
-0.027062590000 0.999513650000 0.015494800000 0.231701010000
-0.065034890000 -0.017228090000 0.997734260000 0.015796320000
0.000000000000 0.000000000000 0.000000000000 1.000000000000
10 43 60
0.078142480000 -0.420037600000 0.904136140000 -2.316070380000
0.009913800000 -0.906537050000 -0.422009830000 2.076174970000
0.996892910000 0.041940320000 -0.066674880000 2.434084400000
0.000000000000 0.000000000000 0.000000000000 1.000000000000
10 44 60
-0.349880510000 -0.357379750000 0.865946500000 -2.536708720000
-0.095085560000 -0.906050050000 -0.412349410000 1.946724050000
0.931956200000 -0.226612030000 0.283027600000 1.571850450000
0.000000000000 0.000000000000 0.000000000000 1.000000000000
10 45 60
0.594679920000 0.017715730000 -0.803767340000 2.393333150000
-0.171715690000 0.979485770000 -0.105457840000 -0.268239250000
0.785410410000 0.200733130000 0.585522590000 1.891875910000
0.000000000000 0.000000000000 0.000000000000 1.000000000000
10 46 60
0.446824820000 -0.193864730000 0.873363640000 -2.210057590000
0.351504080000 0.935771020000 0.027883280000 -0.007211820000
-0.822673970000 0.294531940000 0.486269960000 0.636200840000
0.000000000000 0.000000000000 0.000000000000 1.000000000000
10 47 60
0.069398670000 0.237428790000 -0.968922800000 2.120264110000
-0.305474810000 0.929665620000 0.205929550000 -0.669860510000
0.949667820000 0.281690270000 0.137046070000 2.624973940000
0.000000000000 0.000000000000 0.000000000000 1.000000000000
10 48 60
0.786906060000 -0.368995140000 0.494592190000 -1.692235830000
-0.023715320000 0.782837150000 0.621774540000 -1.445103670000
-0.616616920000 -0.501007570000 0.607268460000 1.319683760000
0.000000000000 0.000000000000 0.000000000000 1.000000000000
10 49 60
0.635009290000 0.026372630000 0.772054200000 -1.614232780000
0.462944810000 0.787082940000 -0.407654930000 0.869988570000
-0.618421620000 0.616283150000 0.487595910000 1.919394170000
0.000000000000 0.000000000000 0.000000000000 1.000000000000
10 50 60
-0.929787680000 0.302704140000 -0.209439920000 0.630262170000
0.159243200000 0.843762780000 0.512548510000 -1.348132160000
0.331868170000 0.443209410000 -0.832723810000 4.772664070000
0.000000000000 0.000000000000 0.000000000000 1.000000000000
10 51 60
0.811319220000 -0.530021750000 -0.246653720000 0.981796470000
0.523191090000 0.846543420000 -0.098159640000 -0.235623610000
0.260829830000 -0.049408230000 0.964119610000 -0.100675870000
0.000000000000 0.000000000000 0.000000000000 1.000000000000
10 52 60
-0.306939170000 -0.454620220000 -0.836127260000 1.991232850000
-0.310493820000 -0.782634090000 0.539515960000 -0.831155900000
-0.899656560000 0.425210930000 0.099064290000 3.268594810000
0.000000000000 0.000000000000 0.000000000000 1.000000000000
10 53 60
0.502656440000 0.626666730000 0.595504250000 -1.809152000000
0.665097280000 0.159719180000 -0.729476110000 1.501630100000
-0.552251860000 0.762744120000 -0.336510460000 2.732585470000
0.000000000000 0.000000000000 0.000000000000 1.000000000000
10 54 60
0.388500607000 0.794652652000 0.466470193000 -1.466235630000
0.765856116000 0.003029033070 -0.643004848000 1.415969580000
-0.512378461000 0.607056824000 -0.607412812000 4.631590150000
0.000000000000 0.000000000000 0.000000000000 1.000000000000
10 55 60
-0.952752210000 -0.297540030000 -0.061099480000 -0.564458640000
0.196401460000 -0.450004720000 -0.871161420000 2.324324080000
0.231710340000 -0.842001000000 0.487180290000 1.293816690000
0.000000000000 0.000000000000 0.000000000000 1.000000000000
10 56 60
0.419707770000 0.490051350000 -0.763999390000 1.034717060000
-0.284445190000 0.870338030000 0.401998320000 -0.443649920000
0.861937540000 0.048594140000 0.504680380000 1.761809050000
0.000000000000 0.000000000000 0.000000000000 1.000000000000
10 57 60
0.423251810000 0.901005280000 0.095117820000 0.261236420000
0.447142560000 -0.116423660000 -0.886853460000 2.164371140000
-0.787985680000 0.417893560000 -0.452154330000 3.974385750000
0.000000000000 0.000000000000 0.000000000000 1.000000000000
10 58 60
-0.360664170000 0.847285820000 0.389907800000 -1.499167540000
0.225549870000 0.484867330000 -0.845003510000 1.855965140000
-0.905013040000 -0.216818840000 -0.365979480000 3.768055610000
0.000000000000 0.000000000000 0.000000000000 1.000000000000
10 59 60
-0.966529608000 -0.174119939000 -0.188421773000 -0.109442828000
-0.256518481000 0.643467177000 0.721213049000 -1.393476540000
-0.004334345840 0.745407432000 -0.666595060000 4.432790990000
0.000000000000 0.000000000000 0.000000000000 1.000000000000
11 13 60
0.994209110000 0.079620450000 -0.072172230000 -0.462161090000
-0.060934590000 0.970883170000 0.231674020000 -0.053463980000
0.088516790000 -0.225934640000 0.970112530000 0.475243160000
0.000000000000 0.000000000000 0.000000000000 1.000000000000
11 14 60
0.966175980000 -0.045136110000 0.253902930000 -0.092932790000
0.077868190000 -0.887546540000 -0.454089950000 0.828809980000
0.245846520000 0.458501770000 -0.854011480000 4.772786890000
0.000000000000 0.000000000000 0.000000000000 1.000000000000
11 15 60
0.983324640000 -0.160751770000 0.085038330000 -0.145186070000
-0.117881000000 -0.919481800000 -0.375043040000 0.436231540000
0.138480030000 0.358764660000 -0.923098690000 5.092548350000
0.000000000000 0.000000000000 0.000000000000 1.000000000000
11 16 60
0.825745570000 -0.498548670000 -0.263805770000 0.536049630000
0.507663860000 0.453085590000 0.732796600000 -1.293906350000
-0.245808180000 -0.739028200000 0.627228560000 1.414714510000
0.000000000000 0.000000000000 0.000000000000 1.000000000000
11 17 60
-0.075182340000 0.993635970000 0.083875980000 -0.755266480000
0.581999430000 0.112025740000 -0.805435840000 1.158629380000
-0.809706290000 -0.011738780000 -0.586717930000 4.097070640000
0.000000000000 0.000000000000 0.000000000000 1.000000000000
11 18 60
-0.132126950000 -0.923886770000 0.359131870000 -0.415174920000
-0.509855770000 -0.247361050000 -0.823929370000 1.573813880000
0.850052680000 -0.291968730000 -0.438365940000 3.432184820000
0.000000000000 0.000000000000 0.000000000000 1.000000000000
11 19 60
0.913395820000 -0.348911080000 0.209688170000 -0.825784220000
0.121538100000 -0.257872550000 -0.958504170000 0.982657590000
0.388505550000 0.900978800000 -0.193133720000 3.194811140000
0.000000000000 0.000000000000 0.000000000000 1.000000000000
11 20 60
0.794686670000 -0.593932780000 0.125367310000 0.782122550000
-0.181671320000 -0.429772040000 -0.884472450000 1.633232150000
0.579196540000 0.680102820000 -0.449434660000 3.172797060000
0.000000000000 0.000000000000 0.000000000000 1.000000000000
11 21 60
0.957124740000 -0.247239290000 0.150946890000 -0.268517820000
-0.156624180000 -0.880044050000 -0.448320570000 0.498597520000
0.243682370000 0.405456780000 -0.881035590000 4.135259730000
0.000000000000 0.000000000000 0.000000000000 1.000000000000
11 22 60
-0.710806180000 -0.515061830000 0.479025970000 -0.984367220000
-0.636820000000 0.182041850000 -0.749213620000 1.507381380000
0.298688570000 -0.837599000000 -0.457398140000 2.993227790000
0.000000000000 0.000000000000 0.000000000000 1.000000000000
11 23 60
-0.522464150000 0.522195340000 -0.674049880000 0.753514870000
-0.443386100000 0.508851690000 0.737888010000 -1.802823170000
0.728313100000 0.684384380000 -0.034322610000 2.655396240000
0.000000000000 0.000000000000 0.000000000000 1.000000000000
11 24 60
0.796806730000 -0.084679100000 0.598271250000 -0.441241750000
0.472916610000 -0.528894720000 -0.704712890000 1.936774980000
0.376096960000 0.844452380000 -0.381380710000 3.657657650000
0.000000000000 0.000000000000 0.000000000000 1.000000000000
11 25 60
-0.923363400000 -0.326463740000 -0.202043190000 0.794263670000
0.050768180000 0.417807830000 -0.907115880000 2.012780790000
0.380555670000 -0.847854970000 -0.369214490000 3.502070780000
0.000000000000 0.000000000000 0.000000000000 1.000000000000
11 26 60
-0.327333010000 -0.905840080000 -0.268899330000 0.984440210000
-0.431392970000 0.396451400000 -0.810386570000 1.303368330000
0.840686150000 -0.149265000000 -0.520544670000 4.013637080000
0.000000000000 0.000000000000 0.000000000000 1.000000000000
11 27 60
-0.289631170000 0.828334900000 0.479557170000 -0.791762690000
0.650812970000 0.537817570000 -0.535905530000 1.173500350000
-0.701823520000 0.156887080000 -0.694859830000 3.944161750000
0.000000000000 0.000000000000 0.000000000000 1.000000000000
11 28 60
0.902672540000 -0.391164780000 0.179366680000 -0.154161690000
0.242847390000 0.807145910000 0.538089790000 -1.605205430000
-0.355256860000 -0.442160150000 0.823581790000 1.777456810000
0.000000000000 0.000000000000 0.000000000000 1.000000000000
11 29 60
-0.443145860000 -0.841021140000 0.310330790000 -0.869767530000
0.381071540000 0.136613860000 0.914396600000 -1.818168980000
-0.811422350000 0.523469290000 0.259949350000 2.144820320000
0.000000000000 0.000000000000 0.000000000000 1.000000000000
11 30 60
0.576959480000 0.179300120000 0.796849570000 -1.847404210000
-0.067126640000 0.982716220000 -0.172519120000 -0.009750310000
-0.814009690000 0.046046710000 0.579023250000 1.457837080000
0.000000000000 0.000000000000 0.000000000000 1.000000000000
11 31 60
-0.536518760000 -0.671668320000 0.510890690000 -1.666456600000
0.400635170000 0.330095710000 0.854709480000 -2.043348220000
-0.742724100000 0.663248440000 0.091991410000 2.138401360000
0.000000000000 0.000000000000 0.000000000000 1.000000000000
11 32 60
0.995920030000 0.061224840000 0.066293450000 -0.071600630000
-0.036828220000 0.946430050000 -0.320801890000 1.027937460000
-0.082383160000 0.317051550000 0.944823440000 0.516001360000
0.000000000000 0.000000000000 0.000000000000 1.000000000000
11 33 60
-0.932272350000 -0.205037000000 0.298040410000 -0.712777050000
0.069293270000 0.707401610000 0.703406990000 -1.920119340000
-0.355058730000 0.676419090000 -0.645283280000 3.988503480000
0.000000000000 0.000000000000 0.000000000000 1.000000000000
11 34 60
-0.399063330000 0.583705700000 -0.707132310000 2.147962530000
0.798888060000 -0.157170440000 -0.580581890000 1.323257350000
-0.450029250000 -0.796608500000 -0.403594560000 4.100249300000
0.000000000000 0.000000000000 0.000000000000 1.000000000000
11 35 60
-0.042124580000 0.973600510000 -0.224338080000 0.893144420000
-0.488938500000 0.175725120000 0.854435380000 -2.740829600000
0.871300560000 0.145680260000 0.468628430000 1.267592870000
0.000000000000 0.000000000000 0.000000000000 1.000000000000
11 36 60
-0.939719320000 0.199519120000 0.277704370000 -0.714098850000
-0.307776830000 -0.139639490000 -0.941155800000 2.129801620000
-0.149000080000 -0.969893260000 0.192629290000 2.027258570000
0.000000000000 0.000000000000 0.000000000000 1.000000000000
11 37 60
-0.952868340000 0.235674080000 -0.191048820000 0.526460490000
0.155768780000 -0.160335860000 -0.974694050000 2.060393620000
-0.260342100000 -0.958514550000 0.116068300000 2.143578670000
0.000000000000 0.000000000000 0.000000000000 1.000000000000
11 38 60
0.963067610000 -0.212283140000 0.165640100000 -0.590173610000
-0.149896440000 0.088340590000 0.984747170000 -2.630110900000
-0.223677970000 -0.973206970000 0.053257470000 1.696672010000
0.000000000000 0.000000000000 0.000000000000 1.000000000000
11 39 60
-0.883693690000 -0.466219830000 -0.041527430000 0.138192710000
-0.186197610000 0.268749810000 0.945041790000 -2.530673090000
-0.429436730000 0.842859780000 -0.324301530000 3.215252830000
0.000000000000 0.000000000000 0.000000000000 1.000000000000
11 40 60
0.840264010000 -0.155571090000 -0.519378500000 1.003767580000
-0.139507520000 0.863655940000 -0.484392480000 0.709318210000
0.523921800000 0.479474770000 0.703995670000 0.743274830000
0.000000000000 0.000000000000 0.000000000000 1.000000000000
11 41 60
0.682199980000 -0.665358110000 0.303153050000 -1.293620910000
0.726190910000 0.664859130000 -0.174954580000 0.161074530000
-0.085146620000 0.339501000000 0.936743900000 0.326355460000
0.000000000000 0.000000000000 0.000000000000 1.000000000000
11 42 60
0.960737250000 -0.229090890000 -0.156528900000 0.368322270000
0.144968930000 0.895485550000 -0.420820210000 0.886004670000
0.236575440000 0.381605820000 0.893537380000 0.487305240000
0.000000000000 0.000000000000 0.000000000000 1.000000000000
11 43 60
-0.877063210000 -0.405395470000 -0.257710360000 0.755608490000
-0.417071870000 0.376440700000 0.827250540000 -2.178245090000
-0.238350950000 0.833034760000 -0.499241340000 3.669190250000
0.000000000000 0.000000000000 0.000000000000 1.000000000000
11 44 60
0.834688450000 -0.152198570000 0.529273830000 -1.556819570000
0.190403900000 0.981540390000 -0.018022590000 -0.321423850000
-0.516760630000 0.115819050000 0.848259630000 0.816292290000
0.000000000000 0.000000000000 0.000000000000 1.000000000000
11 45 60
-0.445197110000 0.245696630000 0.861064870000 -2.990480980000
-0.781226020000 -0.576511900000 -0.239415800000 0.795413590000
0.437590490000 -0.779273500000 0.448606030000 1.783926160000
0.000000000000 0.000000000000 0.000000000000 1.000000000000
11 46 60
-0.615579750000 -0.133525250000 -0.776680490000 1.848736500000
-0.591268910000 0.729825030000 0.343156680000 -1.413571570000
0.521020780000 0.670467330000 -0.528214830000 3.674680810000
0.000000000000 0.000000000000 0.000000000000 1.000000000000
11 47 60
-0.326893250000 0.287720520000 -0.900198700000 2.078869910000
-0.310282690000 0.867052500000 0.389800730000 -1.028340940000
0.892673210000 0.406739300000 -0.194158910000 3.072528220000
0.000000000000 0.000000000000 0.000000000000 1.000000000000
11 48 60
-0.776582180000 -0.563209040000 0.282339670000 -0.628285540000
-0.024108310000 0.474384280000 0.879987690000 -2.469338380000
-0.629554530000 0.676576030000 -0.381976400000 3.617852680000
0.000000000000 0.000000000000 0.000000000000 1.000000000000
11 49 60
-0.829672670000 -0.434134460000 -0.350956600000 0.351037920000
-0.175529550000 -0.393914490000 0.902230990000 -3.049939480000
-0.529936450000 0.810159640000 0.250616660000 2.093419120000
0.000000000000 0.000000000000 0.000000000000 1.000000000000
11 50 60
0.253378860000 -0.242302970000 0.936529990000 -2.089186380000
0.270794840000 0.947183430000 0.171795530000 -0.569008120000
-0.928692260000 0.210078130000 0.305610650000 2.166246980000
0.000000000000 0.000000000000 0.000000000000 1.000000000000
11 51 60
-0.421731530000 0.020746570000 -0.906483370000 2.259397370000
-0.878403730000 -0.257244920000 0.402780250000 -1.066924600000
-0.224831930000 0.966123510000 0.126712150000 2.604949460000
0.000000000000 0.000000000000 0.000000000000 1.000000000000
11 52 60
0.590894770000 0.156028660000 0.791516540000 -1.619342360000
-0.478103540000 0.857993390000 0.187788020000 -0.282099030000
-0.649815650000 -0.489389820000 0.581581660000 1.923359890000
0.000000000000 0.000000000000 0.000000000000 1.000000000000
11 53 60
-0.739789960000 0.532028720000 -0.411893500000 1.168833520000
0.670958760000 0.629055770000 -0.392559770000 0.525011830000
0.050250910000 -0.566775330000 -0.822338480000 4.249877210000
0.000000000000 0.000000000000 0.000000000000 1.000000000000
11 54 60
-0.801598710000 0.299143390000 -0.517641510000 1.352000070000
-0.590578780000 -0.530935580000 0.607720430000 -1.182220850000
-0.093038750000 0.792856000000 0.602265010000 1.451173370000
0.000000000000 0.000000000000 0.000000000000 1.000000000000
11 55 60
0.885331930000 0.461061520000 -0.060080360000 0.096089830000
-0.462656900000 0.886405950000 -0.015267100000 -0.544536240000
0.046216520000 0.041313040000 0.998076780000 0.841619820000
0.000000000000 0.000000000000 0.000000000000 1.000000000000
11 56 60
0.414449010000 0.861928500000 -0.292080960000 0.614126360000
0.443163470000 -0.471461240000 -0.762450290000 1.604058550000
-0.794882480000 0.186557150000 -0.577371870000 3.354557800000
0.000000000000 0.000000000000 0.000000000000 1.000000000000
11 57 60
-0.016302000000 -0.881700180000 -0.471528400000 0.944953110000
0.928929440000 -0.187819150000 0.319083170000 -0.676752190000
-0.369897750000 -0.432814920000 0.822099080000 0.805377300000
0.000000000000 0.000000000000 0.000000000000 1.000000000000
11 58 60
0.584650740000 0.799702490000 -0.136599580000 -0.574644480000
-0.551180810000 0.515085220000 0.656419780000 -1.331151570000
0.595300960000 -0.308485240000 0.741925620000 0.943963260000
0.000000000000 0.000000000000 0.000000000000 1.000000000000
11 59 60
0.901483520000 0.400712350000 -0.163575920000 0.249068580000
-0.328926790000 0.388649430000 -0.860673450000 1.830116270000
-0.281308800000 0.829687430000 0.482166080000 1.565555070000
0.000000000000 0.000000000000 0.000000000000 1.000000000000
12 14 60
0.210946280000 0.940996140000 -0.264627920000 0.555175360000
0.854171360000 -0.309079090000 -0.418164320000 0.828751960000
-0.475281970000 -0.137827380000 -0.868971040000 3.692711250000
0.000000000000 0.000000000000 0.000000000000 1.000000000000
12 15 60
0.572396740000 0.814833940000 -0.091693020000 0.920451310000
0.456846970000 -0.409768680000 -0.789544470000 1.350334230000
-0.680920560000 0.410043010000 -0.606804680000 3.762814460000
0.000000000000 0.000000000000 0.000000000000 1.000000000000
12 16 60
-0.547615960000 0.831942960000 0.089373750000 -0.236754910000
0.540748110000 0.433390310000 -0.720946820000 1.360346700000
-0.638520350000 -0.346473300000 -0.687203030000 3.471355020000
0.000000000000 0.000000000000 0.000000000000 1.000000000000
12 17 60
0.545037470000 -0.775818920000 0.317866590000 -0.658898940000
-0.697545540000 -0.629949450000 -0.341458500000 0.118514400000
0.465149850000 -0.035618740000 -0.884515080000 4.240593060000
0.000000000000 0.000000000000 0.000000000000 1.000000000000
12 18 60
0.937549270000 0.304347040000 -0.168446570000 0.550474180000
-0.160551240000 0.808187730000 0.566617940000 -0.932606810000
0.308584940000 -0.504187930000 0.806579110000 0.645036300000
0.000000000000 0.000000000000 0.000000000000 1.000000000000
12 19 60
0.966797410000 0.202501480000 0.155871470000 -0.237412640000
-0.204491750000 0.247271310000 0.947121970000 -1.246787220000
0.153251060000 -0.947549500000 0.280471150000 1.589483250000
0.000000000000 0.000000000000 0.000000000000 1.000000000000
12 20 60
0.959691631000 0.175273919000 0.219706682000 0.003533942430
0.254064465000 -0.875281919000 -0.411500680000 0.167806710000
0.120179950000 0.450733420000 -0.884531607000 3.638720890000
0.000000000000 0.000000000000 0.000000000000 1.000000000000
12 21 60
0.248919030000 -0.828094910000 0.502292880000 -0.903042610000
-0.932286800000 -0.345399530000 -0.107426690000 -0.547934560000
0.262451220000 -0.441540470000 -0.857998470000 3.553320870000
0.000000000000 0.000000000000 0.000000000000 1.000000000000
12 22 60
0.913457450000 0.289335940000 -0.286147150000 1.146649960000
-0.155921990000 0.898368810000 0.410635870000 -0.315029020000
0.375877390000 -0.330481760000 0.865735520000 0.553815220000
0.000000000000 0.000000000000 0.000000000000 1.000000000000
12 23 60
0.763052240000 0.196507290000 -0.615740340000 1.397598510000
-0.304250180000 0.949717650000 -0.073947310000 -0.379816430000
0.570248280000 0.243764780000 0.784471560000 0.657012340000
0.000000000000 0.000000000000 0.000000000000 1.000000000000
12 24 60
-0.628192990000 -0.377102480000 0.680563950000 -1.187413890000
0.521969180000 0.444403620000 0.728047800000 -2.135607390000
-0.576993710000 0.812587930000 -0.082335370000 2.362796270000
0.000000000000 0.000000000000 0.000000000000 1.000000000000
12 25 60
-0.705856350000 0.618810260000 -0.344732750000 0.531990640000
0.706411560000 0.578910270000 -0.407241460000 0.914681020000
-0.052435860000 -0.530977170000 -0.845762210000 3.547296290000
0.000000000000 0.000000000000 0.000000000000 1.000000000000
12 26 60
0.366943790000 0.917397910000 0.154056260000 -0.404061180000
-0.910243210000 0.319940670000 0.262859800000 -1.072569920000
0.191858170000 -0.236683430000 0.952455460000 0.378558000000
0.000000000000 0.000000000000 0.000000000000 1.000000000000
12 27 60
-0.532305640000 -0.844893830000 0.052963500000 -0.512425860000
-0.712744980000 0.413532920000 -0.566555480000 0.685647650000
0.456777080000 -0.339330140000 -0.822319740000 3.661797100000
0.000000000000 0.000000000000 0.000000000000 1.000000000000
12 28 60
0.250591130000 0.915080630000 -0.315961270000 0.304085480000
-0.875970760000 0.353282420000 0.328430770000 -0.777612320000
0.412164190000 0.194470990000 0.890113310000 0.522224300000
0.000000000000 0.000000000000 0.000000000000 1.000000000000
12 29 60
0.091189660000 -0.799908190000 0.593153720000 -1.096982560000
-0.806304210000 -0.408871120000 -0.427431770000 1.041896990000
0.584429600000 -0.439284990000 -0.682254160000 3.298853140000
0.000000000000 0.000000000000 0.000000000000 1.000000000000
12 30 60
-0.272762040000 0.940302140000 -0.203550380000 0.622435390000
-0.961150060000 -0.275637030000 0.014655660000 -0.262321570000
-0.042325270000 0.199639970000 0.978954780000 -0.211540910000
0.000000000000 0.000000000000 0.000000000000 1.000000000000
12 31 60
-0.212540600000 0.665562140000 -0.715439390000 2.643861910000
-0.353822500000 0.630064260000 0.691251520000 -1.880739380000
0.910843640000 0.400057560000 0.101576630000 2.310819220000
0.000000000000 0.000000000000 0.000000000000 1.000000000000
12 32 60
-0.461938620000 -0.596049830000 -0.656762750000 1.644379120000
-0.411783040000 -0.511716870000 0.754042820000 -1.866674100000
-0.785523670000 0.618765260000 -0.009061430000 2.941477090000
0.000000000000 0.000000000000 0.000000000000 1.000000000000
12 33 60
-0.355965390000 -0.352835530000 0.865329840000 -2.413551890000
0.207148060000 0.873153950000 0.441239010000 -1.729224560000
-0.911250960000 0.336317210000 -0.237723390000 2.494130620000
0.000000000000 0.000000000000 0.000000000000 1.000000000000
12 34 60
0.858882960000 0.495780420000 0.128537330000 -0.386182020000
0.481630790000 -0.867185810000 0.126572320000 -0.664396990000
0.174217830000 -0.046803270000 -0.983594230000 4.654693310000
0.000000000000 0.000000000000 0.000000000000 1.000000000000
12 35 60
0.051553830000 0.852554520000 0.520089410000 -1.470481990000
0.570527340000 0.402289060000 -0.716004240000 1.854211670000
-0.819658930000 0.333637990000 -0.465666120000 2.960344320000
0.000000000000 0.000000000000 0.000000000000 1.000000000000
12 36 60
0.868696190000 -0.142666260000 0.474355630000 -1.312310680000
0.153753700000 0.987986480000 0.015572880000 -0.072148620000
-0.470878680000 0.059405830000 0.880195560000 0.343646090000
0.000000000000 0.000000000000 0.000000000000 1.000000000000
12 37 60
0.707950220000 -0.489663530000 0.508955900000 -1.017716480000
0.348896670000 0.869035130000 0.350783500000 -0.599135990000
-0.614066440000 -0.070764240000 0.786075590000 0.617181740000
0.000000000000 0.000000000000 0.000000000000 1.000000000000
12 38 60
0.927529140000 0.019500020000 0.373241790000 -0.971775370000
0.015802480000 0.995698920000 -0.091290440000 -0.077249480000
-0.373416610000 0.090572690000 0.923231620000 0.184595980000
0.000000000000 0.000000000000 0.000000000000 1.000000000000
12 39 60
0.294156850000 -0.656805310000 0.694318760000 -1.947665840000
0.892051920000 0.449456750000 0.047244000000 -1.516736750000
-0.343096360000 0.605471240000 0.718115220000 0.366838720000
0.000000000000 0.000000000000 0.000000000000 1.000000000000
12 40 60
0.098473330000 -0.613163520000 0.783794300000 -1.559959270000
0.582547110000 0.674083760000 0.454147500000 -1.703915230000
-0.806809690000 0.411875690000 0.423575910000 1.042403490000
0.000000000000 0.000000000000 0.000000000000 1.000000000000
12 41 60
-0.548119730000 0.084170630000 -0.832153870000 1.927447960000
-0.754985390000 0.378377520000 0.535562800000 -1.939456530000
0.359946980000 0.921816550000 -0.143848590000 2.508197630000
0.000000000000 0.000000000000 0.000000000000 1.000000000000
12 42 60
0.451389810000 -0.701163200000 0.551921550000 -1.201044160000
0.809811070000 0.581663170000 0.076641940000 -0.304842790000
-0.374770950000 0.412356790000 0.830366550000 -0.023032170000
0.000000000000 0.000000000000 0.000000000000 1.000000000000
12 43 60
0.672776330000 0.369023430000 -0.641243880000 1.447244270000
0.536150870000 -0.840430050000 0.078864290000 -0.046071780000
-0.509817860000 -0.396861490000 -0.763273680000 4.301960920000
0.000000000000 0.000000000000 0.000000000000 1.000000000000
12 44 60
-0.484568330000 -0.082790400000 0.870826780000 -2.236377990000
0.537117370000 0.757586310000 0.370901480000 -1.398562580000
-0.690433540000 0.647463300000 -0.322634170000 2.721692490000
0.000000000000 0.000000000000 0.000000000000 1.000000000000
12 45 60
-0.231498020000 0.299212630000 0.925678380000 -2.611056120000
-0.769194120000 -0.638858760000 0.014138490000 0.283847430000
0.595608160000 -0.708753340000 0.378047130000 1.570708130000
0.000000000000 0.000000000000 0.000000000000 1.000000000000
12 46 60
0.140963950000 -0.228627460000 -0.963254200000 2.958049650000
-0.313809450000 0.912478900000 -0.262499310000 0.056448980000
0.938963680000 0.339281210000 0.056881170000 2.110555540000
0.000000000000 0.000000000000 0.000000000000 1.000000000000
12 47 60
-0.655812000000 -0.021146450000 0.754628020000 -1.764043090000
0.616995940000 0.560979270000 0.551922340000 -1.515463340000
-0.435001870000 0.827559720000 -0.354849660000 2.761813700000
0.000000000000 0.000000000000 0.000000000000 1.000000000000
12 48 60
-0.671010860000 -0.237641820000 0.702332400000 -1.228111120000
0.385756840000 0.697052230000 0.604408670000 -1.964648640000
-0.633195140000 0.676494310000 -0.376057650000 3.041203530000
0.000000000000 0.000000000000 0.000000000000 1.000000000000
12 49 60
0.059201780000 -0.824795250000 0.562323710000 -1.515707890000
0.943493360000 0.230228620000 0.238359120000 -1.039790500000
-0.326060480000 0.516437400000 0.791818780000 -0.062457830000
0.000000000000 0.000000000000 0.000000000000 1.000000000000
12 50 60
-0.104682950000 0.834652780000 0.540736740000 -0.962392230000
-0.800104990000 -0.393610620000 0.452661770000 -1.237242470000
0.590655130000 -0.385260190000 0.709014170000 0.929562250000
0.000000000000 0.000000000000 0.000000000000 1.000000000000
12 51 60
-0.531406070000 -0.834995290000 -0.142795180000 0.585410140000
-0.326752950000 0.046521190000 0.943964140000 -2.772986670000
-0.781562600000 0.548287010000 -0.297558810000 3.092850790000
0.000000000000 0.000000000000 0.000000000000 1.000000000000
12 52 60
-0.228779085000 -0.955534693000 -0.186047254000 0.560365295000
-0.637830881000 0.002756644850 0.770171519000 -1.679470460000
-0.735412740000 0.294865819000 -0.610100198000 3.662006110000
0.000000000000 0.000000000000 0.000000000000 1.000000000000
12 53 60
-0.508958210000 0.003546030000 -0.860783930000 1.734286780000
-0.362161020000 -0.908060160000 0.210395210000 -0.741925360000
-0.780897520000 0.418824750000 0.463448910000 1.691921980000
0.000000000000 0.000000000000 0.000000000000 1.000000000000
12 54 60
0.256640360000 0.888107690000 -0.381314130000 0.842838800000
-0.935645000000 0.327195040000 0.132332270000 -0.171415270000
0.242289400000 0.322812860000 0.914924970000 0.263329830000
0.000000000000 0.000000000000 0.000000000000 1.000000000000
12 55 60
-0.061887080000 -0.960707820000 0.270574330000 -0.523472850000
0.294656890000 -0.276597200000 -0.914697380000 2.169316460000
0.953597030000 0.023118640000 0.300196980000 1.954926350000
0.000000000000 0.000000000000 0.000000000000 1.000000000000
12 56 60
-0.398450570000 -0.845941280000 0.354429820000 -0.720586130000
0.567804440000 0.075970410000 0.819650300000 -1.734574490000
-0.720302200000 0.527836950000 0.450058760000 1.330143150000
0.000000000000 0.000000000000 0.000000000000 1.000000000000
12 57 60
-0.813877980000 -0.578563870000 0.053539500000 -0.265571990000
-0.399473670000 0.490264240000 -0.774636540000 1.316343500000
0.421928210000 -0.651847240000 -0.630136300000 3.311795340000
0.000000000000 0.000000000000 0.000000000000 1.000000000000
12 58 60
0.934231940000 -0.085419460000 0.346286300000 -0.740351270000
0.199758650000 -0.679022200000 -0.706417250000 1.374019010000
0.295477870000 0.729131240000 -0.617300960000 3.438940950000
0.000000000000 0.000000000000 0.000000000000 1.000000000000
12 59 60
0.907280110000 -0.232861360000 0.350169090000 -0.260793040000
-0.220223600000 -0.972476440000 -0.076099510000 -0.530041000000
0.358251820000 -0.008071930000 -0.933590100000 4.858378950000
0.000000000000 0.000000000000 0.000000000000 1.000000000000
13 15 60
0.855205600000 -0.496503720000 0.148685720000 -0.492835760000
-0.407213100000 -0.821150950000 -0.399860740000 0.029440710000
0.320625770000 0.281416370000 -0.904435700000 4.291006890000
0.000000000000 0.000000000000 0.000000000000 1.000000000000
13 16 60
0.733221111000 0.679986714000 -0.002207211000 0.458557364000
0.542196256000 -0.586596181000 -0.601604638000 1.230918130000
-0.410377902000 0.439912479000 -0.798790954000 3.443242300000
0.000000000000 0.000000000000 0.000000000000 1.000000000000
13 17 60
-0.513430030000 -0.848242780000 0.129899120000 -0.340844710000
0.543862400000 -0.204558750000 0.813860810000 -1.746478090000
-0.663779550000 0.488507830000 0.566353960000 0.902054950000
0.000000000000 0.000000000000 0.000000000000 1.000000000000
13 18 60
0.972324010000 -0.184176160000 -0.143753840000 0.318073100000
0.231559220000 0.841536450000 0.488054030000 -0.835052700000
0.031086180000 -0.507834180000 0.860893780000 0.320435720000
0.000000000000 0.000000000000 0.000000000000 1.000000000000
13 19 60
0.956465150000 0.209515810000 -0.203168750000 0.632163040000
0.023667910000 0.638171420000 0.769530420000 -1.178782460000
0.290885280000 -0.740837610000 0.605429920000 1.459505790000
0.000000000000 0.000000000000 0.000000000000 1.000000000000
13 20 60
0.581867590000 0.766843340000 0.270890010000 -0.032158310000
0.747023540000 -0.372256640000 -0.550800160000 0.851137390000
-0.321536840000 0.522853980000 -0.789454100000 2.938378140000
0.000000000000 0.000000000000 0.000000000000 1.000000000000
13 21 60
-0.765834110000 0.325864430000 0.554355930000 -1.195771810000
-0.261361010000 0.629929310000 -0.731354550000 0.736312030000
-0.587527480000 -0.704983280000 -0.397253100000 2.350927250000
0.000000000000 0.000000000000 0.000000000000 1.000000000000
13 22 60
0.460371970000 -0.871325060000 -0.169853710000 -0.171230590000
0.887620800000 0.454759890000 0.072957160000 -0.094144120000
0.013673250000 -0.184353120000 0.982764960000 0.236009530000
0.000000000000 0.000000000000 0.000000000000 1.000000000000
13 23 60
0.675001830000 -0.073498810000 -0.734146070000 1.588238580000
0.145011860000 0.988834080000 0.034332600000 -0.175937940000
0.723425240000 -0.129634460000 0.678123020000 0.119511860000
0.000000000000 0.000000000000 0.000000000000 1.000000000000
13 24 60
0.504711360000 0.729356500000 -0.461850130000 0.936841410000
-0.583824110000 0.682469620000 0.439755200000 -1.540140100000
0.635936990000 0.047689800000 0.770266070000 0.436329710000
0.000000000000 0.000000000000 0.000000000000 1.000000000000
13 25 60
-0.163484490000 0.921856690000 -0.351358900000 0.805226990000
-0.983415450000 -0.123930130000 0.132421180000 -0.623603400000
0.078529390000 0.367180580000 0.926828760000 0.250503230000
0.000000000000 0.000000000000 0.000000000000 1.000000000000
13 26 60
0.250676530000 -0.838940350000 0.483053170000 -0.621918750000
-0.162164570000 -0.528324950000 -0.833411910000 1.508414930000
0.954391920000 0.130582690000 -0.268485060000 2.528117940000
0.000000000000 0.000000000000 0.000000000000 1.000000000000
13 27 60
-0.129795910000 0.902550820000 0.410554550000 -0.802602960000
0.859280360000 0.308995240000 -0.407626300000 0.258886670000
-0.494762850000 0.299873240000 -0.815650520000 3.581903840000
0.000000000000 0.000000000000 0.000000000000 1.000000000000
13 28 60
0.094466970000 -0.674497860000 0.732208050000 -1.047565210000
-0.575020360000 -0.637368180000 -0.512945800000 1.241855690000
0.812666950000 -0.372578100000 -0.448060250000 2.743638200000
0.000000000000 0.000000000000 0.000000000000 1.000000000000
13 29 60
-0.945590770000 -0.321021690000 0.052944960000 0.008946610000
0.276113910000 -0.705698020000 0.652496290000 -1.724390330000
-0.172102310000 0.631613310000 0.755940090000 0.527023230000
0.000000000000 0.000000000000 0.000000000000 1.000000000000
13 30 60
-0.149864230000 0.127951440000 -0.980392340000 2.323142830000
0.934419070000 -0.305725640000 -0.182737070000 0.231293820000
-0.323112540000 -0.943483050000 -0.073742930000 2.926300520000
0.000000000000 0.000000000000 0.000000000000 1.000000000000
13 31 60
-0.250086170000 0.491833760000 -0.834000280000 3.361227310000
-0.823745690000 0.344587990000 0.450224560000 -2.079323500000
0.508822120000 0.799599070000 0.318969250000 2.164673170000
0.000000000000 0.000000000000 0.000000000000 1.000000000000
13 32 60
0.609801440000 0.792480570000 -0.010804840000 -0.066700210000
0.792525560000 -0.609606770000 0.016817460000 -0.183373550000
0.006740810000 -0.018818430000 -0.999800190000 3.724871290000
0.000000000000 0.000000000000 0.000000000000 1.000000000000
13 33 60
-0.221067120000 -0.954928300000 0.198094070000 -0.161739650000
0.548153310000 0.046336840000 0.835093320000 -2.335798800000
-0.806633300000 0.293197600000 0.513203560000 0.061551810000
0.000000000000 0.000000000000 0.000000000000 1.000000000000
13 34 60
-0.500668590000 0.469737860000 -0.727101990000 1.936461630000
-0.429763830000 0.594245840000 0.679834490000 -2.135190980000
0.751421330000 0.652853910000 -0.095643880000 2.165729680000
0.000000000000 0.000000000000 0.000000000000 1.000000000000
13 35 60
-0.582503560000 0.420854640000 0.695392670000 -2.416936000000
0.278961850000 -0.700051270000 0.657349610000 -1.852474360000
0.763459160000 0.576896520000 0.290379970000 1.560323730000
0.000000000000 0.000000000000 0.000000000000 1.000000000000
13 36 60
0.249107130000 0.644909110000 -0.722521890000 1.691549990000
0.528767540000 -0.715598920000 -0.456424230000 0.742538890000
-0.811388030000 -0.268347590000 -0.519267800000 3.284751330000
0.000000000000 0.000000000000 0.000000000000 1.000000000000
13 37 60
-0.744033740000 0.455395930000 -0.488905240000 0.885628550000
-0.033489990000 0.705399640000 0.708018200000 -1.726282840000
0.667302190000 0.543162860000 -0.509589930000 3.326354640000
0.000000000000 0.000000000000 0.000000000000 1.000000000000
13 38 60
0.908775260000 0.410420580000 0.075382200000 0.233531860000
-0.411932490000 0.911200530000 0.005022360000 -0.158233460000
-0.066627020000 -0.035616580000 0.997142070000 -0.674080270000
0.000000000000 0.000000000000 0.000000000000 1.000000000000
13 39 60
0.010092410000 0.117393840000 0.993034150000 -2.524464810000
-0.387480680000 -0.915035430000 0.112111090000 -0.327868190000
0.921822580000 -0.385913020000 0.036252940000 2.322352980000
0.000000000000 0.000000000000 0.000000000000 1.000000000000
13 40 60
-0.572974940000 -0.010570030000 -0.819504730000 2.251296190000
-0.573168180000 0.719888040000 0.391458100000 -1.397236780000
0.585813930000 0.694009720000 -0.418536210000 2.639056490000
0.000000000000 0.000000000000 0.000000000000 1.000000000000
13 41 60
-0.992068820000 -0.115427760000 0.049758210000 0.119691980000
-0.055587940000 0.757940970000 0.649950360000 -1.633515240000
-0.112736100000 0.642029530000 -0.758346000000 3.021392540000
0.000000000000 0.000000000000 0.000000000000 1.000000000000
13 42 60
-0.332986750000 0.106875350000 -0.936855100000 2.623578830000
-0.518661820000 0.808988320000 0.276636620000 -0.803488030000
0.787470470000 0.578027300000 -0.213950230000 2.200267790000
0.000000000000 0.000000000000 0.000000000000 1.000000000000
13 43 60
0.719766350000 -0.107794390000 -0.685796450000 2.082837310000
-0.201358530000 0.912987090000 -0.354837030000 0.317638560000
0.664372750000 0.393490720000 0.635432060000 0.131891910000
0.000000000000 0.000000000000 0.000000000000 1.000000000000
13 44 60
0.864057300000 0.152003250000 -0.479895820000 0.901532120000
-0.378997200000 0.823864780000 -0.421435580000 0.945977260000
0.331309680000 0.546023660000 0.769475180000 -0.563992730000
0.000000000000 0.000000000000 0.000000000000 1.000000000000
13 45 60
0.726718910000 0.086566760000 -0.681458600000 1.862934740000
0.495635490000 -0.752953230000 0.432905180000 -1.235087440000
-0.475631260000 -0.652355450000 -0.590090910000 3.974541800000
0.000000000000 0.000000000000 0.000000000000 1.000000000000
13 46 60
0.147254130000 0.507753450000 -0.848824280000 2.135105430000
0.621921710000 -0.714839680000 -0.319714910000 0.819234230000
-0.769109620000 -0.480822910000 -0.421045980000 3.458314070000
0.000000000000 0.000000000000 0.000000000000 1.000000000000
13 47 60
-0.876174380000 -0.400057610000 0.268835190000 -0.735809570000
-0.088481360000 0.681777480000 0.726189040000 -2.199048730000
-0.473803230000 0.612481330000 -0.632753600000 2.971931840000
0.000000000000 0.000000000000 0.000000000000 1.000000000000
13 48 60
0.557401490000 -0.510634910000 0.654641550000 -1.815775190000
0.433556290000 0.851468730000 0.295008380000 -1.343188320000
-0.708048390000 0.119385850000 0.695998920000 0.101227780000
0.000000000000 0.000000000000 0.000000000000 1.000000000000
13 49 60
0.914471010000 -0.243004160000 -0.323561040000 0.763225390000
-0.202134880000 -0.967018620000 0.154972490000 -0.423899190000
-0.350548510000 -0.076314880000 -0.933430120000 4.610060800000
0.000000000000 0.000000000000 0.000000000000 1.000000000000
13 50 60
-0.652494110000 -0.529608020000 -0.542002570000 1.222375500000
-0.530882370000 0.829854680000 -0.171770550000 0.287351520000
0.540754430000 0.175660340000 -0.822634850000 3.353454430000
0.000000000000 0.000000000000 0.000000000000 1.000000000000
13 51 60
0.975890080000 0.198184800000 0.091440350000 -0.764423240000
0.187038490000 -0.543422900000 -0.818356980000 1.978879120000
-0.112495140000 0.815729330000 -0.567389210000 4.426568490000
0.000000000000 0.000000000000 0.000000000000 1.000000000000
13 52 60
-0.104968470000 -0.515057960000 0.850703780000 -1.650541490000
0.020036560000 -0.856351260000 -0.516004900000 0.856087220000
0.994273680000 -0.037119070000 0.100209870000 1.123614010000
0.000000000000 0.000000000000 0.000000000000 1.000000000000
13 53 60
-0.870803740000 0.398317970000 -0.288172950000 0.704067660000
0.362003800000 0.916105040000 0.172350820000 -0.880238240000
0.332647120000 0.045764040000 -0.941940310000 3.827045100000
0.000000000000 0.000000000000 0.000000000000 1.000000000000
13 54 60
0.952100320000 0.216366620000 0.216079780000 -1.126934760000
-0.301065400000 0.539599680000 0.786251750000 -1.797127150000
0.053522050000 -0.813644690000 0.578893530000 0.359628260000
0.000000000000 0.000000000000 0.000000000000 1.000000000000
13 55 60
0.652081190000 0.701876020000 0.286635970000 -0.198825650000
-0.753865970000 0.560139170000 0.343409690000 -1.313555200000
0.080474990000 -0.440016100000 0.894376660000 0.008344480000
0.000000000000 0.000000000000 0.000000000000 1.000000000000
13 56 60
-0.133473810000 -0.989473850000 0.055912780000 0.158040510000
0.465016070000 -0.012706600000 0.885211050000 -1.707160370000
-0.875182720000 0.144152830000 0.461817240000 1.059990580000
0.000000000000 0.000000000000 0.000000000000 1.000000000000
13 57 60
0.461230560000 -0.887251010000 -0.007212290000 0.123535640000
-0.657063360000 -0.336084220000 -0.674770430000 1.303832310000
0.596266810000 0.315963670000 -0.737992450000 3.438380780000
0.000000000000 0.000000000000 0.000000000000 1.000000000000
13 58 60
0.572519550000 0.773509950000 0.271852380000 -0.780606700000
0.787762190000 -0.427055740000 -0.443907800000 0.469661290000
-0.227270980000 0.468300920000 -0.853839650000 3.737458960000
0.000000000000 0.000000000000 0.000000000000 1.000000000000
13 59 60
0.957784390000 -0.207325560000 -0.199161160000 0.450337530000
0.164798370000 0.963589990000 -0.210560750000 0.285765940000
0.235564330000 0.168850370000 0.957078370000 -0.059261900000
0.000000000000 0.000000000000 0.000000000000 1.000000000000
14 16 60
0.953986420000 0.256608240000 -0.155119680000 0.451747310000
0.230561530000 -0.958504560000 -0.167661510000 -0.039181550000
-0.191706250000 0.124182180000 -0.973564330000 3.999944230000
0.000000000000 0.000000000000 0.000000000000 1.000000000000
14 17 60
-0.304780690000 0.878482870000 -0.367935580000 0.657491560000
0.744627360000 -0.021080930000 -0.667147430000 0.943275010000
-0.593834010000 -0.477308550000 -0.647717310000 3.191780600000
0.000000000000 0.000000000000 0.000000000000 1.000000000000
14 18 60
0.978559270000 0.083098630000 -0.188457870000 0.295746190000
-0.032242060000 0.965520850000 0.258321370000 -0.469995790000
0.203426150000 -0.246706500000 0.947498660000 0.414950960000
0.000000000000 0.000000000000 0.000000000000 1.000000000000
14 19 60
-0.734748630000 0.477533980000 0.481773550000 -0.233025160000
0.632358920000 0.739215750000 0.231694340000 -0.507477380000
-0.245492680000 0.474890900000 -0.845110630000 3.288572310000
0.000000000000 0.000000000000 0.000000000000 1.000000000000
14 20 60
0.795289970000 -0.604530500000 0.045351370000 -0.103109130000
0.547349280000 0.748196060000 0.374981900000 -0.426881050000
-0.260619710000 -0.273396300000 0.925922150000 0.604011730000
0.000000000000 0.000000000000 0.000000000000 1.000000000000
14 21 60
0.257813100000 0.938520090000 -0.229591920000 0.474880730000
0.656333370000 -0.344499590000 -0.671227640000 1.152947610000
-0.709054950000 0.022362440000 -0.704798560000 2.667527790000
0.000000000000 0.000000000000 0.000000000000 1.000000000000
14 22 60
0.215068640000 0.819186800000 -0.531675150000 1.209891310000
-0.879706050000 0.398924550000 0.258798140000 -0.785978330000
0.424102290000 0.412058480000 0.806439740000 1.080876010000
0.000000000000 0.000000000000 0.000000000000 1.000000000000
14 23 60
0.839522530000 -0.432460550000 0.328906970000 -0.903515000000
0.438087140000 0.896858660000 0.061026280000 -0.326215600000
-0.321374520000 0.092856980000 0.942388450000 -0.325288920000
0.000000000000 0.000000000000 0.000000000000 1.000000000000
14 24 60
-0.887105400000 0.439511050000 -0.140975350000 -0.270745490000
0.322204050000 0.370970240000 -0.870956730000 1.672105160000
-0.330497450000 -0.818053250000 -0.470701950000 3.299756040000
0.000000000000 0.000000000000 0.000000000000 1.000000000000
14 25 60
-0.605940140000 0.568422520000 -0.556536060000 0.998600140000
-0.741962760000 -0.656157040000 0.137656100000 -0.529821440000
-0.286928220000 0.496340390000 0.819340230000 0.456182520000
0.000000000000 0.000000000000 0.000000000000 1.000000000000
14 26 60
-0.873106150000 0.217073720000 -0.436537110000 0.248643990000
-0.418930570000 -0.792038760000 0.444040290000 -1.179376450000
-0.249364830000 0.570573050000 0.782472730000 0.408583460000
0.000000000000 0.000000000000 0.000000000000 1.000000000000
14 27 60
-0.881027660000 -0.342061630000 -0.326778370000 0.563679020000
0.077794320000 -0.786125790000 0.613151110000 -1.356428880000
-0.466624370000 0.514781580000 0.719209020000 0.862410340000
0.000000000000 0.000000000000 0.000000000000 1.000000000000
14 28 60
0.956932190000 -0.276998980000 0.086904300000 -0.610220620000
0.233908130000 0.912963550000 0.334341970000 -1.249801910000
-0.171952840000 -0.299614970000 0.938436520000 0.365695770000
0.000000000000 0.000000000000 0.000000000000 1.000000000000
14 29 60
0.908128010000 0.359616430000 -0.214428400000 0.704751450000
-0.335849300000 0.931480280000 0.139820360000 -0.293704520000
0.250017520000 -0.054959160000 0.966680260000 0.028290050000
0.000000000000 0.000000000000 0.000000000000 1.000000000000
14 30 60
-0.580745440000 -0.224058540000 -0.782644560000 1.864966800000
0.789446000000 -0.389733920000 -0.474217760000 1.514439950000
-0.198770590000 -0.893255420000 0.403218320000 1.430271910000
0.000000000000 0.000000000000 0.000000000000 1.000000000000
14 31 60
0.351089710000 -0.648762060000 0.675162060000 -1.868016780000
-0.927015700000 -0.342353030000 0.153089180000 -1.197839880000
0.131825330000 -0.679633870000 -0.721609240000 4.010561820000
0.000000000000 0.000000000000 0.000000000000 1.000000000000
14 32 60
0.631294700000 -0.616073430000 0.471084410000 -1.550461740000
0.485939520000 0.787622210000 0.378832470000 -0.983986460000
-0.604425170000 -0.010236400000 0.796596150000 0.568327300000
0.000000000000 0.000000000000 0.000000000000 1.000000000000
14 33 60
-0.962343640000 -0.173535760000 -0.209236850000 0.007162010000
-0.011443730000 0.794898000000 -0.606635160000 1.680355110000
0.271594850000 -0.581397040000 -0.766950930000 4.256715430000
0.000000000000 0.000000000000 0.000000000000 1.000000000000
14 34 60
0.240969470000 0.805485730000 -0.541411530000 1.339504640000
-0.969805740000 0.178253470000 -0.166440760000 0.699985440000
-0.037557180000 0.565171160000 0.824118330000 -0.121254390000
0.000000000000 0.000000000000 0.000000000000 1.000000000000
14 35 60
-0.695275290000 -0.616930820000 0.368766370000 -1.314531840000
0.651892580000 -0.325197430000 0.685042110000 -1.799129800000
-0.302701710000 0.716688910000 0.628274360000 0.085789440000
0.000000000000 0.000000000000 0.000000000000 1.000000000000
14 36 60
-0.913625340000 0.334638600000 0.230880370000 -0.549201610000
0.077413780000 0.700693540000 -0.709250080000 1.151492970000
-0.399118840000 -0.630115520000 -0.666077010000 3.484656500000
0.000000000000 0.000000000000 0.000000000000 1.000000000000
14 37 60
-0.948644400000 0.304419790000 0.086037200000 -0.178963070000
-0.287861420000 -0.943475730000 0.164284350000 -1.252220100000
0.131185420000 0.131080630000 0.982653680000 -0.524373450000
0.000000000000 0.000000000000 0.000000000000 1.000000000000
14 38 60
-0.739583950000 0.650727000000 -0.171959180000 1.234261730000
-0.632061840000 -0.759289370000 -0.154846650000 -0.242454850000
-0.231329680000 -0.005833260000 0.972857930000 -0.870241820000
0.000000000000 0.000000000000 0.000000000000 1.000000000000
14 39 60
0.557309080000 -0.510155250000 0.655094050000 -2.226436730000
0.245200650000 0.854913390000 0.457164890000 -1.672281840000
-0.793273740000 -0.094152650000 0.601541390000 0.896838310000
0.000000000000 0.000000000000 0.000000000000 1.000000000000
14 40 60
0.148031900000 -0.530245790000 0.834820910000 -2.157385760000
0.917883880000 0.387934870000 0.083640380000 -0.753831520000
-0.368206100000 0.753887220000 0.544130800000 0.248754600000
0.000000000000 0.000000000000 0.000000000000 1.000000000000
14 41 60
0.776113480000 -0.223149900000 0.589789780000 -1.674541300000
-0.533240670000 -0.731494830000 0.424934930000 -0.732698150000
0.336603990000 -0.644297630000 -0.686715610000 3.732883900000
0.000000000000 0.000000000000 0.000000000000 1.000000000000
14 42 60
-0.353144790000 -0.493936390000 0.794553710000 -2.063063680000
0.931080710000 -0.102463420000 0.350128490000 -1.361111180000
-0.091528510000 0.863439690000 0.496079060000 0.723679500000
0.000000000000 0.000000000000 0.000000000000 1.000000000000
14 43 60
0.871570910000 -0.391970230000 0.294488530000 -0.687220770000
0.488498840000 0.745307750000 -0.453745780000 0.797801970000
-0.041629740000 0.539328930000 0.841065560000 -0.593074740000
0.000000000000 0.000000000000 0.000000000000 1.000000000000
14 44 60
0.891226810000 -0.089110580000 -0.444717970000 1.376590690000
-0.446048690000 0.005481180000 -0.894991910000 2.190065420000
0.082190830000 0.996006660000 -0.034862680000 1.671402320000
0.000000000000 0.000000000000 0.000000000000 1.000000000000
14 45 60
0.067866600000 -0.413136500000 0.908136750000 -2.313027720000
-0.741573310000 -0.629811130000 -0.231099460000 0.737212740000
0.667430250000 -0.657766040000 -0.349114140000 3.083260620000
0.000000000000 0.000000000000 0.000000000000 1.000000000000
14 46 60
-0.984893440000 -0.161818900000 -0.061640510000 -0.274134770000
-0.154072200000 0.656441950000 0.738475270000 -2.205962730000
-0.079035840000 0.736816540000 -0.671457170000 3.170913060000
0.000000000000 0.000000000000 0.000000000000 1.000000000000
14 47 60
0.766833760000 0.116702100000 -0.631147050000 1.736097160000
0.508885670000 -0.709807060000 0.487041390000 -1.069802410000
-0.391153880000 -0.694661470000 -0.603692040000 3.785586120000
0.000000000000 0.000000000000 0.000000000000 1.000000000000
14 48 60
-0.289842630000 0.117552690000 -0.949827680000 2.074757940000
-0.930107060000 -0.268522950000 0.250591850000 -0.883429550000
-0.225592780000 0.956073630000 0.187165990000 1.387193590000
0.000000000000 0.000000000000 0.000000000000 1.000000000000
14 49 60
0.231969020000 -0.093833290000 0.968186810000 -2.531385590000
-0.264978460000 0.951598730000 0.155712130000 -0.407437860000
-0.935936320000 -0.292669030000 0.195877620000 1.111590110000
0.000000000000 0.000000000000 0.000000000000 1.000000000000
14 50 60
-0.977585550000 0.020143730000 -0.209572700000 0.372783980000
0.159253240000 0.721847180000 -0.673479800000 0.840694630000
0.137713070000 -0.691759260000 -0.708875330000 3.645712950000
0.000000000000 0.000000000000 0.000000000000 1.000000000000
14 51 60
-0.704293630000 0.690447410000 -0.165084370000 1.095170080000
-0.466119910000 -0.274361150000 0.841105340000 -2.463014730000
0.535446260000 0.669334250000 0.515062100000 -0.028121600000
0.000000000000 0.000000000000 0.000000000000 1.000000000000
14 52 60
0.952913470000 0.276710720000 0.124044760000 -0.476427170000
-0.281890120000 0.959094330000 0.026000370000 -0.081716770000
-0.111776050000 -0.059743100000 0.991935920000 -0.274632040000
0.000000000000 0.000000000000 0.000000000000 1.000000000000
14 53 60
-0.715263260000 -0.022377570000 -0.698496750000 1.471422600000
-0.545370920000 -0.607114880000 0.577911830000 -0.982575820000
-0.437000040000 0.794298910000 0.422042890000 1.172916380000
0.000000000000 0.000000000000 0.000000000000 1.000000000000
14 54 60
-0.612323460000 0.763022980000 -0.207016710000 0.767030720000
0.783366460000 0.550189800000 -0.289185350000 0.414997930000
-0.106756590000 -0.339244920000 -0.934620730000 3.925719010000
0.000000000000 0.000000000000 0.000000000000 1.000000000000
14 55 60
0.258004210000 -0.396992030000 0.880812780000 -2.176912660000
0.280026450000 -0.841817970000 -0.461440880000 0.918022380000
0.924672380000 0.365704570000 -0.106024310000 2.745335440000
0.000000000000 0.000000000000 0.000000000000 1.000000000000
14 56 60
0.896522420000 -0.435318200000 0.082131660000 -0.237724810000
0.430067280000 0.899731880000 0.074328160000 -0.221340330000
-0.106252880000 -0.031314720000 0.993845920000 0.276461040000
0.000000000000 0.000000000000 0.000000000000 1.000000000000
14 57 60
-0.794562610000 -0.575785360000 0.192721240000 -0.845103990000
-0.504632040000 0.449705220000 -0.736961140000 1.462925010000
0.337663690000 -0.682815080000 -0.647878690000 2.934168510000
0.000000000000 0.000000000000 0.000000000000 1.000000000000
14 58 60
0.887084270000 0.249814540000 -0.388167750000 0.735138440000
0.030115860000 0.807792020000 0.588697790000 -1.807549720000
0.460624080000 -0.533914550000 0.709056220000 0.940144770000
0.000000000000 0.000000000000 0.000000000000 1.000000000000
14 59 60
-0.878044740000 -0.436315600000 0.196637060000 -0.189899140000
0.439213380000 -0.571472550000 0.693188810000 -1.632407110000
-0.190076410000 0.695016420000 0.693414120000 0.832550410000
0.000000000000 0.000000000000 0.000000000000 1.000000000000
15 17 60
0.979272980000 -0.183322870000 0.086122960000 -0.480767050000
0.170549380000 0.975691490000 0.137619110000 -0.414935240000
-0.109258170000 -0.120078460000 0.986733910000 0.258351480000
0.000000000000 0.000000000000 0.000000000000 1.000000000000
15 18 60
0.032271432700 -0.999479106000 0.000268191628 -0.484249867000
-0.817422784000 -0.026547557300 -0.575426120000 0.483278691000
0.575133504000 0.018350599300 -0.817853721000 3.639675530000
0.000000000000 0.000000000000 0.000000000000 1.000000000000
15 19 60
0.611506430000 -0.789206450000 -0.056683890000 -0.489657730000
0.591978780000 0.408799520000 0.694581940000 -0.855497380000
-0.524996200000 -0.458296980000 0.717177010000 1.290580500000
0.000000000000 0.000000000000 0.000000000000 1.000000000000
15 20 60
-0.889803450000 0.292084750000 -0.350622770000 -0.450580020000
0.436979590000 0.766798100000 -0.470180290000 0.123767810000
0.131524380000 -0.571583040000 -0.809934670000 3.628689560000
0.000000000000 0.000000000000 0.000000000000 1.000000000000
15 21 60
0.756490340000 0.092062560000 -0.647492740000 1.086473280000
-0.085423530000 -0.967651830000 -0.237387340000 -0.030116450000
-0.648402020000 0.234892340000 -0.724154960000 2.879282150000
0.000000000000 0.000000000000 0.000000000000 1.000000000000
15 22 60
-0.996997070000 0.008680700000 0.076951190000 -0.042774480000
-0.062237880000 0.501463740000 -0.862937170000 1.330193270000
-0.046079120000 -0.865135110000 -0.499417610000 2.448255970000
0.000000000000 0.000000000000 0.000000000000 1.000000000000
15 23 60
0.336315500000 -0.766733820000 0.546819100000 -1.678503350000
0.871187330000 0.473819330000 0.128560800000 -0.877547580000
-0.357665370000 0.433144880000 0.827321580000 0.395836590000
0.000000000000 0.000000000000 0.000000000000 1.000000000000
15 24 60
-0.839428450000 0.082692780000 -0.537142230000 0.604751410000
-0.274714170000 0.788228250000 0.550661740000 -2.109371490000
0.468926430000 0.609801720000 -0.638944340000 3.404271090000
0.000000000000 0.000000000000 0.000000000000 1.000000000000
15 25 60
0.169481290000 0.738409790000 0.652707500000 -1.335009270000
-0.910842210000 0.370273820000 -0.182383540000 -0.179564900000
-0.376354290000 -0.563602950000 0.735329290000 0.590751400000
0.000000000000 0.000000000000 0.000000000000 1.000000000000
15 26 60
-0.494485740000 -0.642031690000 -0.585900300000 0.811361210000
-0.314413520000 0.760557290000 -0.568064030000 0.540248370000
0.810325850000 -0.096684590000 -0.577948180000 3.513695710000
0.000000000000 0.000000000000 0.000000000000 1.000000000000
15 27 60
0.333761270000 -0.927066470000 0.170737160000 -0.208099110000
0.683563550000 0.362743070000 0.633370610000 -1.399182150000
-0.649110380000 -0.094684880000 0.754778440000 0.711164570000
0.000000000000 0.000000000000 0.000000000000 1.000000000000
15 28 60
0.606801150000 0.786780650000 -0.112998100000 -0.083162340000
0.756390190000 -0.615260730000 -0.222099320000 0.046939030000
-0.244266740000 0.049299470000 -0.968454090000 3.975870320000
0.000000000000 0.000000000000 0.000000000000 1.000000000000
15 29 60
-0.415783410000 0.819231920000 -0.394947110000 0.217652820000
-0.785702590000 -0.104856080000 0.609652890000 -1.801749320000
0.458034500000 0.563794520000 0.687270060000 0.881420950000
0.000000000000 0.000000000000 0.000000000000 1.000000000000
15 30 60
-0.370538910000 0.514118310000 0.773552370000 -2.395906630000
0.914166070000 0.349205770000 0.205805090000 -1.345548650000
-0.164320780000 0.783414130000 -0.599383840000 3.303744770000
0.000000000000 0.000000000000 0.000000000000 1.000000000000
15 31 60
-0.756616910000 0.629167990000 0.177984500000 -0.570905070000
-0.058328750000 -0.336068030000 0.940029810000 -3.110657020000
0.651251570000 0.700860840000 0.290973340000 1.717486700000
0.000000000000 0.000000000000 0.000000000000 1.000000000000
15 32 60
0.205867460000 -0.965736980000 0.158021150000 -1.013186150000
-0.977819210000 -0.209373480000 -0.005686280000 -1.069068950000
0.038576890000 -0.153345490000 -0.987419360000 4.374443640000
0.000000000000 0.000000000000 0.000000000000 1.000000000000
15 33 60
0.960180641000 -0.279364014000 -0.002980612190 0.055196138500
-0.154475014000 -0.539763296000 0.827522238000 -3.084014120000
-0.232788759000 -0.794110403000 -0.561425028000 4.353712070000
0.000000000000 0.000000000000 0.000000000000 1.000000000000
15 34 60
-0.960829530000 0.208625440000 0.182433660000 -0.885852490000
-0.137743600000 0.211719780000 -0.967575030000 2.085879300000
-0.240485580000 -0.954803730000 -0.174689800000 2.646725700000
0.000000000000 0.000000000000 0.000000000000 1.000000000000
15 35 60
-0.608682140000 -0.788561520000 0.087617310000 -0.239199750000
-0.655187020000 0.437282640000 -0.616046970000 1.119391260000
0.447477400000 -0.432382510000 -0.782821400000 4.607676640000
0.000000000000 0.000000000000 0.000000000000 1.000000000000
15 36 60
0.300423510000 0.634279540000 -0.712344850000 1.858082000000
-0.220385270000 0.772796090000 0.595160940000 -1.863964400000
0.927995710000 -0.021810030000 0.371951980000 1.366509490000
0.000000000000 0.000000000000 0.000000000000 1.000000000000
15 37 60
-0.316485410000 0.794801370000 -0.517810550000 1.374238880000
-0.792495510000 0.078464070000 0.604809270000 -1.432349660000
0.521332760000 0.601775850000 0.605043780000 1.029199990000
0.000000000000 0.000000000000 0.000000000000 1.000000000000
15 38 60
0.685978130000 -0.573596540000 0.447684060000 -2.480940790000
0.049765900000 0.650815150000 0.757603460000 -2.164137200000
-0.725918290000 -0.497420000000 0.474990500000 0.627900870000
0.000000000000 0.000000000000 0.000000000000 1.000000000000
15 39 60
0.946354810000 -0.306165700000 -0.103320540000 -0.669234500000
-0.188958020000 -0.783731740000 0.591658200000 -1.431374430000
-0.262121030000 -0.540395340000 -0.799540770000 4.904713120000
0.000000000000 0.000000000000 0.000000000000 1.000000000000
15 40 60
0.938193590000 -0.316408730000 0.140279410000 -0.529952440000
-0.343456520000 -0.801002720000 0.490338920000 -1.183314540000
-0.042783320000 -0.508212710000 -0.860168260000 4.715430880000
0.000000000000 0.000000000000 0.000000000000 1.000000000000
15 41 60
-0.994661520000 0.103191382000 0.000010063679 0.146200503000
-0.022519323300 -0.216968535000 -0.975918816000 2.190972600000
-0.100704228000 -0.970709119000 0.218134053000 1.650527120000
0.000000000000 0.000000000000 0.000000000000 1.000000000000
15 42 60
0.875389060000 -0.281882110000 -0.392729520000 0.709659010000
-0.140529040000 -0.925700110000 0.351185000000 -1.058764870000
-0.462542520000 -0.252233610000 -0.849960360000 4.228058940000
0.000000000000 0.000000000000 0.000000000000 1.000000000000
15 43 60
-0.872212580000 -0.400366440000 0.280983850000 -0.694916470000
-0.171114720000 -0.288399410000 -0.942096350000 2.586764380000
0.458219340000 -0.869788760000 0.183037000000 1.493058470000
0.000000000000 0.000000000000 0.000000000000 1.000000000000
15 44 60
-0.960389600000 -0.079535880000 0.267069020000 -0.965321750000
-0.243157730000 -0.228935470000 -0.942583080000 2.130264800000
0.136110740000 -0.970186890000 0.200527480000 2.163416710000
0.000000000000 0.000000000000 0.000000000000 1.000000000000
15 45 60
-0.170207290000 -0.470794210000 0.865668690000 -2.208261270000
-0.984558200000 0.044767050000 -0.169236710000 0.005729740000
0.040922230000 -0.881106530000 -0.471143980000 3.732244570000
0.000000000000 0.000000000000 0.000000000000 1.000000000000
15 46 60
-0.347643040000 0.206765020000 0.914544990000 -3.082050490000
0.937597950000 0.084332510000 0.337339760000 -0.934806180000
-0.007375820000 0.974749330000 -0.223180070000 2.290476350000
0.000000000000 0.000000000000 0.000000000000 1.000000000000
15 47 60
0.390036090000 0.632077320000 -0.669589510000 1.209987740000
-0.890157720000 0.444861300000 -0.098578160000 -0.598776330000
0.235565440000 0.634489310000 0.736160470000 0.184772600000
0.000000000000 0.000000000000 0.000000000000 1.000000000000
15 48 60
-0.556112760000 0.650899650000 -0.516786460000 0.921966130000
-0.829867460000 -0.468828040000 0.302523170000 -1.122198760000
-0.045371760000 0.597101260000 0.800881690000 0.143579010000
0.000000000000 0.000000000000 0.000000000000 1.000000000000
15 49 60
0.821698010000 -0.566209680000 0.064953650000 0.181713680000
0.411391940000 0.510394070000 -0.755152010000 1.489306750000
0.394422420000 0.647228320000 0.652323890000 0.235210430000
0.000000000000 0.000000000000 0.000000000000 1.000000000000
15 50 60
0.854625810000 0.377436380000 0.356590100000 -0.668377770000
-0.516206190000 0.691770570000 0.504960050000 -1.184576090000
-0.056088240000 -0.615625910000 0.786039980000 0.298840470000
0.000000000000 0.000000000000 0.000000000000 1.000000000000
15 51 60
-0.121200660000 -0.183914330000 0.975441400000 -2.435764160000
0.501207250000 0.836876810000 0.220064770000 -1.154270970000
-0.856797350000 0.515570290000 -0.009250830000 2.229857220000
0.000000000000 0.000000000000 0.000000000000 1.000000000000
15 52 60
-0.646975680000 0.471790090000 -0.599029690000 1.135316450000
-0.660030310000 -0.739881660000 0.130135000000 -0.655955190000
-0.381814680000 0.479571930000 0.790081200000 0.691864600000
0.000000000000 0.000000000000 0.000000000000 1.000000000000
15 53 60
0.303940570000 -0.228818170000 0.924803960000 -2.060981080000
0.390940290000 0.915188780000 0.097955040000 -1.106476650000
-0.868784100000 0.331770620000 0.367617250000 1.687517080000
0.000000000000 0.000000000000 0.000000000000 1.000000000000
15 54 60
-0.833283010000 0.487632710000 -0.260487570000 0.558404400000
-0.497002280000 -0.867108210000 -0.033348120000 -0.186586790000
-0.242132550000 0.101674490000 0.964901100000 0.293110960000
0.000000000000 0.000000000000 0.000000000000 1.000000000000
15 55 60
0.156487270000 0.987219770000 -0.030147300000 -0.141433250000
-0.939382570000 0.139337580000 -0.313281700000 -0.040286820000
-0.305077240000 0.077344440000 0.949181600000 -0.276418200000
0.000000000000 0.000000000000 0.000000000000 1.000000000000
15 56 60
0.630397710000 -0.590080000000 0.504385090000 -0.795710960000
0.581493920000 0.789401330000 0.196749470000 -0.419763640000
-0.514260190000 0.169266450000 0.840764730000 0.545400110000
0.000000000000 0.000000000000 0.000000000000 1.000000000000
15 57 60
-0.100837060000 0.977887430000 -0.183215890000 0.581231810000
0.805998050000 -0.027667610000 -0.591271220000 1.124941570000
-0.583265830000 -0.207293700000 -0.785385440000 3.488622910000
0.000000000000 0.000000000000 0.000000000000 1.000000000000
15 58 60
0.232797850000 0.967485330000 0.098880260000 -0.414413780000
-0.909971290000 0.180819400000 0.373170990000 -1.048464100000
0.343157990000 -0.176851600000 0.922478240000 0.329038850000
0.000000000000 0.000000000000 0.000000000000 1.000000000000
15 59 60
-0.793718470000 -0.448707710000 0.410697430000 -1.353561220000
-0.598723580000 0.457048650000 -0.657751170000 0.787542210000
0.107429310000 -0.767963490000 -0.631419840000 3.493586700000
0.000000000000 0.000000000000 0.000000000000 1.000000000000
16 18 60
0.998442510000 0.050546680000 0.023613200000 -0.020884270000
-0.054630250000 0.971653200000 0.230012180000 -0.043760130000
-0.011317500000 -0.230943930000 0.972901240000 0.198079160000
0.000000000000 0.000000000000 0.000000000000 1.000000000000
16 19 60
-0.923237680000 -0.339069600000 -0.180731830000 -0.209718650000
0.282185560000 -0.917592520000 0.279991560000 -0.352232800000
-0.260774810000 0.207498850000 0.942836530000 0.760383600000
0.000000000000 0.000000000000 0.000000000000 1.000000000000
16 20 60
0.995091160000 0.005326690000 0.098819040000 0.141043890000
-0.012799210000 0.997090910000 0.075139230000 -0.393817360000
-0.098131320000 -0.076035190000 0.992264530000 0.657000240000
0.000000000000 0.000000000000 0.000000000000 1.000000000000
16 21 60
-0.842069100000 0.386888380000 0.375815130000 -1.419913940000
-0.032605190000 -0.732005990000 0.680517540000 -1.014863490000
0.538383260000 0.560789270000 0.629014200000 1.316437790000
0.000000000000 0.000000000000 0.000000000000 1.000000000000
16 22 60
0.280959330000 0.885535260000 -0.369985330000 1.006913370000
-0.893877050000 0.381788240000 0.234992690000 -0.400119410000
0.349350360000 0.264698010000 0.898826620000 0.646453790000
0.000000000000 0.000000000000 0.000000000000 1.000000000000
16 23 60
-0.851519000000 -0.306483820000 0.425421040000 -1.068335360000
-0.510533070000 0.299784160000 -0.805906590000 1.813588750000
0.119462850000 -0.903436290000 -0.411742030000 2.987160260000
0.000000000000 0.000000000000 0.000000000000 1.000000000000
16 24 60
0.388214940000 0.653146710000 0.650145020000 -1.496796790000
-0.605427360000 0.712635530000 -0.354412630000 0.142711300000
-0.694799880000 -0.256027300000 0.672088640000 -0.101560350000
0.000000000000 0.000000000000 0.000000000000 1.000000000000
16 25 60
0.835703020000 0.321264460000 0.445409490000 -1.242985240000
-0.474365340000 0.830951520000 0.290683860000 -0.813847820000
-0.276727300000 -0.454212200000 0.846825410000 0.370250560000
0.000000000000 0.000000000000 0.000000000000 1.000000000000
16 26 60
0.477504690000 -0.820146710000 0.315196210000 -0.623493340000
0.726178540000 0.570335430000 0.383903930000 -0.839562900000
-0.494625110000 0.045572800000 0.867910780000 0.233040150000
0.000000000000 0.000000000000 0.000000000000 1.000000000000
16 27 60
0.852870800000 0.298286090000 0.428528650000 -0.961997020000
-0.471193960000 0.793271600000 0.385611760000 -0.597806720000
-0.224916990000 -0.530797120000 0.817108780000 0.460328400000
0.000000000000 0.000000000000 0.000000000000 1.000000000000
16 28 60
0.788659120000 -0.501899770000 0.355124500000 -1.089617680000
-0.483154720000 -0.863127500000 -0.146875570000 0.712582100000
0.380234540000 -0.055745320000 -0.923208620000 3.686021710000
0.000000000000 0.000000000000 0.000000000000 1.000000000000
16 29 60
0.483276480000 -0.571946260000 0.662813180000 -1.593814680000
0.539993870000 0.790663630000 0.288544010000 -0.502273040000
-0.689093940000 0.218468520000 0.690956620000 0.280614690000
0.000000000000 0.000000000000 0.000000000000 1.000000000000
16 30 60
0.606373100000 0.422645120000 0.673559770000 -1.703267090000
0.625116870000 -0.776892620000 -0.075277920000 0.651248480000
0.491467770000 0.466700080000 -0.735289380000 3.754531620000
0.000000000000 0.000000000000 0.000000000000 1.000000000000
16 31 60
-0.399420750000 -0.538166680000 0.742185750000 -2.240848500000
-0.915227130000 0.187162660000 -0.356832500000 0.804012560000
0.053125900000 -0.821794840000 -0.567301400000 3.217885860000
0.000000000000 0.000000000000 0.000000000000 1.000000000000
16 32 60
0.920123480000 -0.385667210000 0.068070480000 0.261972450000
0.377541760000 0.919723550000 0.107567690000 -0.170521450000
-0.104091350000 -0.073276110000 0.991864710000 0.112492830000
0.000000000000 0.000000000000 0.000000000000 1.000000000000
16 33 60
-0.863811020000 -0.246791850000 0.439231480000 -1.316941830000
-0.330578430000 -0.380255710000 -0.863784400000 2.407431190000
0.380195230000 -0.891346940000 0.246885020000 1.686476630000
0.000000000000 0.000000000000 0.000000000000 1.000000000000
16 34 60
0.680856230000 -0.390331410000 0.619738800000 -2.308901090000
-0.652872780000 -0.706946190000 0.272000390000 -0.546163810000
0.331951690000 -0.589803750000 -0.736165470000 3.679320260000
0.000000000000 0.000000000000 0.000000000000 1.000000000000
16 35 60
0.250974120000 0.967970400000 0.006730390000 -0.095782190000
-0.964362240000 0.249424800000 0.088276510000 -0.800030270000
0.083770320000 -0.028645660000 0.996073270000 -1.121183710000
0.000000000000 0.000000000000 0.000000000000 1.000000000000
16 36 60
0.850883090000 -0.060243080000 -0.521889580000 1.359036130000
0.169737100000 0.971649930000 0.164577420000 -0.491483580000
0.497179330000 -0.228620170000 0.836985980000 0.444227500000
0.000000000000 0.000000000000 0.000000000000 1.000000000000
16 37 60
0.669413920000 -0.375553950000 0.640971320000 -2.133634570000
0.665299570000 0.686969780000 -0.292316630000 0.965567700000
-0.330547260000 0.622118760000 0.709723010000 0.873982880000
0.000000000000 0.000000000000 0.000000000000 1.000000000000
16 38 60
0.907728190000 -0.099495250000 0.407590760000 -0.796714810000
-0.042218240000 0.944883310000 0.324673910000 -0.194958590000
-0.417429220000 -0.311923420000 0.853496710000 -0.731108730000
0.000000000000 0.000000000000 0.000000000000 1.000000000000
16 39 60
-0.370122230000 0.146996240000 -0.917279480000 1.994257630000
0.917966500000 -0.093741880000 -0.385421800000 0.103395330000
-0.142643050000 -0.984685010000 -0.100241670000 3.025873550000
0.000000000000 0.000000000000 0.000000000000 1.000000000000
16 40 60
-0.972895170000 -0.166942110000 0.160016620000 -0.752360080000
-0.187134890000 0.161860440000 -0.968907490000 2.517403310000
0.135851100000 -0.972590110000 -0.188713940000 2.995061530000
0.000000000000 0.000000000000 0.000000000000 1.000000000000
16 41 60
-0.126708030000 0.482150290000 -0.866877250000 1.907458170000
-0.879765890000 0.349069800000 0.322741780000 -0.961877880000
0.458210710000 0.803543010000 0.379949430000 0.779096180000
0.000000000000 0.000000000000 0.000000000000 1.000000000000
16 42 60
-0.030281030000 0.357720300000 -0.933337690000 2.169649120000
0.859492610000 -0.467354370000 -0.207008100000 1.015022760000
-0.510250450000 -0.808465260000 -0.293305980000 2.652409080000
0.000000000000 0.000000000000 0.000000000000 1.000000000000
16 43 60
-0.700632310000 -0.323759400000 -0.635841350000 1.917813860000
0.555139390000 0.312493190000 -0.770823110000 1.892476760000
0.448257320000 -0.893044150000 -0.039211230000 2.242391290000
0.000000000000 0.000000000000 0.000000000000 1.000000000000
16 44 60
-0.954822180000 -0.119989110000 -0.271877210000 1.158863170000
0.284220310000 -0.101511780000 -0.953369900000 2.295311650000
0.086795270000 -0.987571750000 0.131029050000 2.093287840000
0.000000000000 0.000000000000 0.000000000000 1.000000000000
16 45 60
0.993016600000 -0.044992770000 0.109058140000 -0.586054280000
0.117183840000 0.483033220000 -0.867725100000 2.019885380000
-0.013637350000 0.874445290000 0.484932430000 0.112136420000
0.000000000000 0.000000000000 0.000000000000 1.000000000000
16 46 60
0.918045920000 -0.042556710000 -0.394183480000 1.149460930000
0.291805770000 -0.600541480000 0.744445640000 -1.537321900000
-0.268404690000 -0.798460300000 -0.538906370000 3.817439910000
0.000000000000 0.000000000000 0.000000000000 1.000000000000
16 47 60
-0.166325770000 0.113042040000 -0.979569920000 1.895906740000
0.866002450000 -0.458329860000 -0.199933730000 1.156207860000
-0.471567060000 -0.881564080000 -0.021662620000 2.166208160000
0.000000000000 0.000000000000 0.000000000000 1.000000000000
16 48 60
0.924444890000 0.030644850000 0.380082280000 -0.891622440000
-0.378164000000 -0.054210420000 0.924150000000 -2.292064590000
0.048924860000 -0.998059180000 -0.038525770000 2.560110830000
0.000000000000 0.000000000000 0.000000000000 1.000000000000
16 49 60
0.913550870000 -0.322546370000 -0.247767310000 0.408683990000
-0.052330750000 -0.697327970000 0.714839280000 -1.502233750000
-0.403343890000 -0.640076200000 -0.653923670000 3.933417320000
0.000000000000 0.000000000000 0.000000000000 1.000000000000
16 50 60
-0.882630430000 0.088326480000 -0.461694650000 0.869571920000
0.093016790000 -0.929948500000 -0.355729760000 0.951660890000
-0.460772610000 -0.356923270000 0.812585000000 0.374213330000
0.000000000000 0.000000000000 0.000000000000 1.000000000000
16 51 60
-0.222560680000 0.970973890000 -0.087615340000 0.490958010000
0.846644830000 0.147936460000 -0.511182290000 1.348132070000
-0.483383160000 -0.187948150000 -0.854994860000 4.930419960000
0.000000000000 0.000000000000 0.000000000000 1.000000000000
16 52 60
-0.432926720000 0.485557870000 -0.759478780000 1.274746650000
-0.131112550000 -0.867486210000 -0.479872040000 0.897795280000
-0.891843010000 -0.108172230000 0.439220690000 1.417849680000
0.000000000000 0.000000000000 0.000000000000 1.000000000000
16 53 60
-0.605731620000 0.041363490000 -0.794593140000 1.440952240000
-0.155166710000 0.973333330000 0.168954200000 -0.443913630000
0.780392530000 0.225635300000 -0.583160540000 2.914553950000
0.000000000000 0.000000000000 0.000000000000 1.000000000000
16 54 60
0.766218770000 -0.236929300000 0.597305030000 -1.673617680000
-0.189940930000 -0.971514680000 -0.141709820000 0.013815560000
0.613865810000 -0.004871950000 -0.789395360000 3.480999420000
0.000000000000 0.000000000000 0.000000000000 1.000000000000
16 55 60
0.645899010000 -0.481914630000 0.592091860000 -1.589492070000
0.193909350000 -0.646576990000 -0.737792220000 1.766928770000
0.738385830000 0.591351410000 -0.324175680000 3.083921200000
0.000000000000 0.000000000000 0.000000000000 1.000000000000
16 56 60
0.993064880000 -0.116738760000 -0.013935760000 -0.116239750000
0.107147670000 0.849882550000 0.515964170000 -0.760229670000
-0.048389260000 -0.513879080000 0.856496800000 0.457137050000
0.000000000000 0.000000000000 0.000000000000 1.000000000000
16 57 60
0.571955270000 0.815753970000 -0.086096660000 0.237743200000
0.765201890000 -0.568414360000 -0.302276660000 0.350224570000
-0.295521970000 0.107007400000 -0.949324070000 3.865055780000
0.000000000000 0.000000000000 0.000000000000 1.000000000000
16 58 60
-0.943181960000 0.196865800000 0.267678270000 -0.799871240000
-0.004826120000 0.797387070000 -0.603448900000 0.823828780000
-0.332241640000 -0.570453960000 -0.751131000000 3.814483830000
0.000000000000 0.000000000000 0.000000000000 1.000000000000
16 59 60
-0.642932570000 -0.458800160000 0.613302630000 -1.859054580000
-0.577335950000 -0.235886930000 -0.781690830000 1.587111140000
0.503309960000 -0.856656150000 -0.113222440000 2.364438860000
0.000000000000 0.000000000000 0.000000000000 1.000000000000
17 19 60
0.648967450000 -0.660698460000 -0.377251640000 0.759906430000
-0.697378890000 -0.318355580000 -0.642115570000 0.849383670000
0.304144600000 0.679799430000 -0.667359570000 2.725185430000
0.000000000000 0.000000000000 0.000000000000 1.000000000000
17 20 60
-0.978480030000 0.010035290000 -0.206097350000 -0.162416350000
0.097462530000 0.902852970000 -0.418757160000 0.198618210000
0.181873260000 -0.429832290000 -0.884401670000 3.283130020000
0.000000000000 0.000000000000 0.000000000000 1.000000000000
17 21 60
-0.822736160000 0.342241030000 0.453846100000 -1.197367000000
0.042486170000 -0.759171100000 0.649503020000 -1.242457770000
0.566833420000 0.553651810000 0.610057000000 1.412314630000
0.000000000000 0.000000000000 0.000000000000 1.000000000000
17 22 60
-0.195677730000 -0.844632670000 0.498303000000 -1.165528030000
-0.968165320000 0.085504870000 -0.235254820000 0.073270650000
0.156096580000 -0.528473810000 -0.834475460000 3.102182460000
0.000000000000 0.000000000000 0.000000000000 1.000000000000
17 23 60
0.472087320000 -0.610421590000 0.636018110000 -1.416518260000
0.760246050000 0.647146800000 0.056806350000 -0.339481040000
-0.446272910000 0.456712700000 0.769580400000 0.079421880000
0.000000000000 0.000000000000 0.000000000000 1.000000000000
17 24 60
-0.814524620000 -0.567349260000 -0.121096890000 0.121692470000
-0.412840160000 0.713526340000 -0.566076990000 0.896539220000
0.407569190000 -0.411089990000 -0.815409330000 4.050311470000
0.000000000000 0.000000000000 0.000000000000 1.000000000000
17 25 60
-0.633118810000 -0.756436920000 -0.164206460000 0.291405770000
0.589795600000 -0.608815650000 0.530551270000 -1.433329340000
-0.501300030000 0.239053740000 0.831595810000 0.274321270000
0.000000000000 0.000000000000 0.000000000000 1.000000000000
17 26 60
0.885377300000 -0.451148750000 0.112124220000 0.039831040000
-0.413077010000 -0.874142630000 -0.255425220000 0.505593170000
0.213247330000 0.179831750000 -0.960305220000 3.823104330000
0.000000000000 0.000000000000 0.000000000000 1.000000000000
17 27 60
-0.754977770000 0.589239740000 -0.287758740000 0.469465580000
0.612077770000 0.790687350000 0.013203070000 -0.143109040000
0.235306970000 -0.166162710000 -0.957611920000 3.626170700000
0.000000000000 0.000000000000 0.000000000000 1.000000000000
17 28 60
0.640166210000 -0.683810290000 0.350129570000 -0.408433090000
0.561001340000 0.727471120000 0.395048430000 -0.996154830000
-0.524847340000 -0.056473500000 0.849320920000 0.367164090000
0.000000000000 0.000000000000 0.000000000000 1.000000000000
17 29 60
0.588992910000 0.517677890000 -0.620561800000 1.436166580000
0.803508200000 -0.457216360000 0.381218810000 -0.737069000000
-0.086382460000 -0.723161670000 -0.685255620000 3.443006520000
0.000000000000 0.000000000000 0.000000000000 1.000000000000
17 30 60
0.418720990000 -0.027055460000 -0.907711810000 2.217001100000
-0.857872530000 0.316080460000 -0.405151650000 0.778391910000
0.297871530000 0.948346530000 0.109139390000 1.047612640000
0.000000000000 0.000000000000 0.000000000000 1.000000000000
17 31 60
-0.907295120000 0.286557410000 -0.307734330000 0.210522920000
-0.398139490000 -0.349986280000 0.847935460000 -2.579168110000
0.135279400000 0.891848890000 0.431630670000 0.776809050000
0.000000000000 0.000000000000 0.000000000000 1.000000000000
17 32 60
0.821819730000 -0.150618970000 0.549478160000 -1.023074860000
0.182634110000 0.983174160000 -0.003653720000 -0.289357810000
-0.539682410000 0.103356160000 0.835500090000 0.468779690000
0.000000000000 0.000000000000 0.000000000000 1.000000000000
17 33 60
0.856642090000 -0.008998050000 0.515832690000 -0.682721840000
0.150981750000 -0.951701550000 -0.267336260000 0.961543380000
0.493324280000 0.306892810000 -0.813909060000 4.337610970000
0.000000000000 0.000000000000 0.000000000000 1.000000000000
17 34 60
0.861080030000 0.494715110000 0.117465450000 -0.656769330000
-0.464768070000 0.859481720000 -0.212795230000 0.899020120000
-0.206232420000 0.128639540000 0.970010340000 -0.902552990000
0.000000000000 0.000000000000 0.000000000000 1.000000000000
17 35 60
-0.575996330000 -0.801852620000 0.158935860000 -0.465805320000
-0.783369660000 0.485890770000 -0.387610800000 0.575388280000
0.233581270000 -0.347767930000 -0.908018310000 4.954588740000
0.000000000000 0.000000000000 0.000000000000 1.000000000000
17 36 60
0.920338680000 -0.210496790000 -0.329648020000 1.162698680000
0.251610500000 0.963913990000 0.086959630000 -0.471253850000
0.299447610000 -0.162975220000 0.940090530000 -0.028229890000
0.000000000000 0.000000000000 0.000000000000 1.000000000000
17 37 60
0.355318890000 -0.639327230000 0.681915820000 -1.818261580000
-0.866296350000 -0.499251880000 -0.016679270000 -0.228118180000
0.351111270000 -0.584814720000 -0.731240470000 3.298098950000
0.000000000000 0.000000000000 0.000000000000 1.000000000000
17 38 60
0.461415650000 0.462459120000 0.757117670000 -1.570933620000
-0.768125480000 0.635270530000 0.080091200000 0.088992990000
-0.443935640000 -0.618516710000 0.648350390000 -0.489800270000
0.000000000000 0.000000000000 0.000000000000 1.000000000000
17 39 60
0.147936490000 -0.432578110000 0.889376730000 -2.224061600000
-0.701486590000 -0.679806120000 -0.213963080000 1.541975550000
0.697159490000 -0.592232910000 -0.404015870000 2.566420350000
0.000000000000 0.000000000000 0.000000000000 1.000000000000
17 40 60
0.658609880000 0.378567350000 -0.650322840000 1.067881500000
-0.711460530000 0.594735090000 -0.374318160000 0.797937130000
0.245065180000 0.709208670000 0.661034130000 -0.265272730000
0.000000000000 0.000000000000 0.000000000000 1.000000000000
17 41 60
0.819972820000 -0.036967430000 0.571207480000 -1.011448150000
-0.421099850000 -0.714883450000 0.558226270000 -0.879426380000
0.387710590000 -0.698265750000 -0.601751980000 3.450477060000
0.000000000000 0.000000000000 0.000000000000 1.000000000000
17 42 60
-0.647577900000 0.175872210000 -0.741425540000 1.571711610000
0.716821850000 -0.189445890000 -0.671026590000 1.323836350000
-0.258474950000 -0.966012020000 -0.003388070000 2.307861700000
0.000000000000 0.000000000000 0.000000000000 1.000000000000
17 43 60
0.891633860000 -0.182223910000 -0.414467740000 1.578471480000
0.171030950000 -0.712041160000 0.680988840000 -1.600759790000
-0.419210540000 -0.678079520000 -0.603714080000 3.798105370000
0.000000000000 0.000000000000 0.000000000000 1.000000000000
17 44 60
0.161350010000 0.629905660000 -0.759726940000 1.177450270000
-0.951263790000 0.304258560000 0.050238800000 0.337025180000
0.262799130000 0.714594700000 0.648298570000 -0.313325480000
0.000000000000 0.000000000000 0.000000000000 1.000000000000
17 45 60
-0.606196440000 0.650850060000 -0.457077760000 0.767864650000
-0.736043460000 -0.241405530000 0.632426590000 -1.730980030000
0.301273780000 0.719803850000 0.625393100000 -0.260938850000
0.000000000000 0.000000000000 0.000000000000 1.000000000000
17 46 60
-0.702007420000 0.649540400000 -0.292032300000 0.255202130000
-0.340930170000 0.053508090000 0.938564600000 -2.861632080000
0.625261710000 0.758441930000 0.183884840000 1.275484210000
0.000000000000 0.000000000000 0.000000000000 1.000000000000
17 47 60
0.850028290000 -0.408807250000 -0.332157410000 0.650467970000
-0.217497100000 -0.846733100000 0.485528650000 -1.093027630000
-0.479736300000 -0.340469820000 -0.808661480000 4.119168830000
0.000000000000 0.000000000000 0.000000000000 1.000000000000
17 48 60
0.772070150000 0.290528400000 0.565244130000 -1.450317070000
0.443270310000 -0.883518670000 -0.151347890000 0.857525190000
0.455432890000 0.367407130000 -0.810921010000 3.794788780000
0.000000000000 0.000000000000 0.000000000000 1.000000000000
17 49 60
0.196611590000 0.305009250000 0.931833270000 -2.516350260000
0.865477150000 0.392620780000 -0.311124120000 0.416711950000
-0.460752840000 0.867651010000 -0.186784740000 2.102228370000
0.000000000000 0.000000000000 0.000000000000 1.000000000000
17 50 60
-0.371759240000 -0.662969640000 -0.649820220000 1.279961910000
-0.449505410000 0.741011230000 -0.498845910000 0.789273200000
0.812243780000 0.106647120000 -0.573486210000 2.912647210000
0.000000000000 0.000000000000 0.000000000000 1.000000000000
17 51 60
-0.446535740000 -0.894436780000 -0.024262810000 0.181019150000
-0.893789240000 0.444617810000 0.058786040000 0.481661440000
-0.041792720000 0.047935910000 -0.997975710000 5.282021850000
0.000000000000 0.000000000000 0.000000000000 1.000000000000
17 52 60
-0.117958760000 -0.992964060000 -0.010397280000 0.296412340000
-0.144290710000 0.027498340000 -0.989153190000 2.200153120000
0.982479480000 -0.115179050000 -0.146519160000 1.720458130000
0.000000000000 0.000000000000 0.000000000000 1.000000000000
17 53 60
0.919641420000 0.178889490000 0.349654410000 -1.032049090000
0.332031200000 -0.829642820000 -0.448829670000 0.485988530000
0.209797360000 0.528858530000 -0.822370790000 3.613532150000
0.000000000000 0.000000000000 0.000000000000 1.000000000000
17 54 60
-0.661218220000 0.318915040000 -0.679031410000 1.882089360000
0.501646130000 0.860973260000 -0.084120170000 -0.015187580000
0.557800700000 -0.396255270000 -0.729273710000 3.152903500000
0.000000000000 0.000000000000 0.000000000000 1.000000000000
17 55 60
-0.536170130000 0.152101000000 -0.830293250000 1.387318940000
-0.633527830000 -0.722532970000 0.276746450000 -1.145411790000
-0.557820830000 0.674397060000 0.483760810000 0.579126360000
0.000000000000 0.000000000000 0.000000000000 1.000000000000
17 56 60
-0.955899240000 -0.126760880000 0.264930800000 -1.020488310000
0.109926470000 -0.990914160000 -0.077493920000 -0.483006140000
0.272346880000 -0.044953470000 0.961148460000 0.410691490000
0.000000000000 0.000000000000 0.000000000000 1.000000000000
17 57 60
0.102659940000 0.972402700000 -0.209508780000 0.517226580000
0.855261990000 -0.193835670000 -0.480577430000 0.911149210000
-0.507925060000 -0.129848840000 -0.851558220000 3.541334990000
0.000000000000 0.000000000000 0.000000000000 1.000000000000
17 58 60
0.913743750000 0.392918580000 -0.103379630000 -0.155142320000
0.341002150000 -0.880001270000 -0.330628620000 0.698018840000
-0.220884340000 0.266857160000 -0.938081750000 4.002714140000
0.000000000000 0.000000000000 0.000000000000 1.000000000000
17 59 60
-0.507383930000 0.438256780000 -0.741951840000 0.884818540000
0.586970910000 -0.454603640000 -0.669925880000 1.700705180000
-0.630893570000 -0.775413770000 -0.026585400000 1.558394880000
0.000000000000 0.000000000000 0.000000000000 1.000000000000
18 20 60
0.956461370000 0.259543400000 0.133487380000 -0.055539090000
-0.272503150000 0.957937350000 0.089989220000 -0.389743430000
-0.104516440000 -0.122446950000 0.986956460000 0.335231940000
0.000000000000 0.000000000000 0.000000000000 1.000000000000
18 21 60
-0.937111130000 0.215315040000 0.274703780000 -0.910436920000
0.045841140000 -0.704302580000 0.708418290000 -1.308223530000
0.346007690000 0.676459400000 0.650139490000 0.931894200000
0.000000000000 0.000000000000 0.000000000000 1.000000000000
18 22 60
0.733877900000 0.583825210000 -0.347233860000 1.178259210000
-0.646931980000 0.756581350000 -0.095203320000 0.160934520000
0.207128560000 0.294504300000 0.932933530000 0.402120320000
0.000000000000 0.000000000000 0.000000000000 1.000000000000
18 23 60
0.988708990000 -0.116269240000 -0.094530350000 1.078370100000
0.065787440000 0.903593750000 -0.423308820000 0.671272150000
0.134634830000 0.412310320000 0.901040320000 -0.365608600000
0.000000000000 0.000000000000 0.000000000000 1.000000000000
18 24 60
-0.459249670000 0.660684540000 -0.593789260000 0.749007550000
0.733533770000 0.659071630000 0.165990360000 -0.137509250000
0.501016920000 -0.359333460000 -0.787312840000 3.904700130000
0.000000000000 0.000000000000 0.000000000000 1.000000000000
18 25 60
0.279572430000 0.936274600000 0.212671420000 0.023164180000
-0.875015360000 0.339636140000 -0.344957130000 0.571159090000
-0.395205490000 -0.089650250000 0.914207550000 -0.224787370000
0.000000000000 0.000000000000 0.000000000000 1.000000000000
18 26 60
0.810321300000 0.528504310000 0.253105880000 -0.415188920000
0.484753950000 -0.847255810000 0.217189340000 -0.629576980000
0.329230930000 -0.053299070000 -0.942743970000 3.590313110000
0.000000000000 0.000000000000 0.000000000000 1.000000000000
18 27 60
0.814165000000 0.515175500000 0.267823740000 -0.375292620000
0.565334110000 -0.808533900000 -0.163310360000 0.078732500000
0.132411080000 0.284371480000 -0.949526290000 3.419323800000
0.000000000000 0.000000000000 0.000000000000 1.000000000000
18 28 60
0.676906320000 0.705575910000 -0.209667540000 -0.205927230000
0.733554810000 -0.670171540000 0.112993120000 -0.281955940000
-0.060788000000 -0.230288390000 -0.971221950000 3.577765150000
0.000000000000 0.000000000000 0.000000000000 1.000000000000
18 29 60
-0.221195060000 0.912520350000 -0.344063020000 0.938496080000
0.739444340000 0.386955470000 0.550897030000 -1.075814350000
0.635841820000 -0.132559750000 -0.760350640000 3.616098550000
0.000000000000 0.000000000000 0.000000000000 1.000000000000
18 30 60
-0.321163080000 -0.176379180000 -0.930454010000 2.533887760000
0.945863860000 -0.108357220000 -0.305941600000 1.030186040000
-0.046859680000 -0.978339970000 0.201631030000 1.756150210000
0.000000000000 0.000000000000 0.000000000000 1.000000000000
18 31 60
0.963057140000 0.138248180000 -0.231102560000 1.392746310000
-0.070789210000 0.957951030000 0.278062430000 -0.297999180000
0.259826560000 -0.251430440000 0.932348050000 -1.162111320000
0.000000000000 0.000000000000 0.000000000000 1.000000000000
18 32 60
0.927067620000 -0.177339860000 0.330297140000 -0.436318940000
-0.141268500000 -0.981347230000 -0.130387210000 0.102767880000
0.347259030000 0.074217180000 -0.934827780000 3.334739780000
0.000000000000 0.000000000000 0.000000000000 1.000000000000
18 33 60
-0.957446130000 -0.097861000000 -0.271514520000 0.011074520000
-0.067410790000 -0.838911230000 0.540077530000 -1.461655450000
-0.280629100000 0.535398150000 0.796615420000 -0.789731170000
0.000000000000 0.000000000000 0.000000000000 1.000000000000
18 34 60
0.046303120000 -0.560542810000 0.826829960000 -2.167533040000
0.978225370000 0.193083380000 0.076117960000 -0.599008480000
-0.202314500000 0.805301540000 0.557277560000 0.310944750000
0.000000000000 0.000000000000 0.000000000000 1.000000000000
18 35 60
0.402686160000 -0.915184500000 -0.016768550000 1.208354300000
0.912674040000 0.400050100000 0.083582380000 0.233273950000
-0.069785040000 -0.048961690000 0.996359770000 -1.232229790000
0.000000000000 0.000000000000 0.000000000000 1.000000000000
18 36 60
-0.970664030000 0.207980990000 0.120645110000 -0.043737010000
-0.156698290000 -0.927770310000 0.338656030000 -0.711241820000
0.182364970000 0.309816350000 0.933143530000 -0.136274870000
0.000000000000 0.000000000000 0.000000000000 1.000000000000
18 37 60
-0.953176420000 -0.301238760000 0.026644200000 -0.031230110000
0.296772710000 -0.948695080000 -0.109103680000 -0.522383450000
0.058143480000 -0.096087780000 0.993673220000 -1.095592510000
0.000000000000 0.000000000000 0.000000000000 1.000000000000
18 38 60
0.030193930000 -0.997234430000 0.067910370000 -0.926050980000
-0.804932970000 -0.064539200000 -0.589845400000 1.251558620000
0.592597030000 -0.036853540000 -0.804655570000 4.048724800000
0.000000000000 0.000000000000 0.000000000000 1.000000000000
18 39 60
0.170987420000 0.369953930000 -0.913179820000 2.064032170000
0.958351670000 -0.277627330000 0.066971210000 -0.671854160000
-0.228747420000 -0.886598640000 -0.402016750000 3.423256290000
0.000000000000 0.000000000000 0.000000000000 1.000000000000
18 40 60
0.480742550000 -0.329580750000 0.812565770000 -2.201407480000
0.739321460000 -0.345909580000 -0.577711290000 0.853720750000
0.471476810000 0.878477710000 0.077372670000 0.950210830000
0.000000000000 0.000000000000 0.000000000000 1.000000000000
18 41 60
0.490713240000 0.290645880000 -0.821416760000 1.809396060000
0.846296000000 -0.383300640000 0.369950940000 -1.302807730000
-0.207324850000 -0.876701540000 -0.434063150000 3.071920090000
0.000000000000 0.000000000000 0.000000000000 1.000000000000
18 42 60
0.055445500000 0.440853820000 -0.895864780000 2.150785920000
-0.987899590000 0.154384080000 0.014830610000 -0.376308220000
0.144845390000 0.884202160000 0.444079210000 0.434036590000
0.000000000000 0.000000000000 0.000000000000 1.000000000000
18 43 60
0.895807080000 0.434291700000 -0.094447850000 0.246084080000
0.249875300000 -0.316396530000 0.915125990000 -2.931904470000
0.367548650000 -0.843376520000 -0.391949020000 2.933922080000
0.000000000000 0.000000000000 0.000000000000 1.000000000000
18 44 60
-0.950553780000 -0.163865170000 -0.263810010000 1.161473730000
-0.186305000000 -0.378753570000 0.906551810000 -2.388569590000
-0.248471250000 0.910875370000 0.329496730000 0.657906050000
0.000000000000 0.000000000000 0.000000000000 1.000000000000
18 45 60
-0.995306130000 -0.027417360000 0.092811570000 -0.090261770000
-0.038067060000 -0.770805790000 -0.635931860000 1.899025820000
0.088975270000 -0.636479940000 0.766144040000 0.342644100000
0.000000000000 0.000000000000 0.000000000000 1.000000000000
18 46 60
-0.257376950000 0.165567420000 -0.952021290000 2.589119390000
-0.862946960000 -0.482719900000 0.149345360000 0.083597380000
-0.434832900000 0.859981930000 0.267116880000 0.900183300000
0.000000000000 0.000000000000 0.000000000000 1.000000000000
18 47 60
-0.877489000000 -0.040396210000 -0.477892450000 0.532982120000
0.464668870000 0.175064310000 -0.868006520000 2.238842120000
0.118726080000 -0.983727930000 -0.134846140000 2.583317030000
0.000000000000 0.000000000000 0.000000000000 1.000000000000
18 48 60
-0.277055390000 0.727659750000 -0.627496290000 1.456467090000
-0.881637950000 -0.452177970000 -0.135091090000 -0.063173860000
-0.382040350000 0.515796830000 0.766810800000 -0.302251150000
0.000000000000 0.000000000000 0.000000000000 1.000000000000
18 49 60
0.932647820000 -0.144178320000 0.330727450000 -0.361235340000
-0.228961070000 0.471913980000 0.851395340000 -2.017799910000
-0.278827660000 -0.869775720000 0.407118330000 1.267884910000
0.000000000000 0.000000000000 0.000000000000 1.000000000000
18 50 60
0.786554280000 0.009304120000 0.617451050000 -1.308603050000
0.547616810000 -0.472613240000 -0.690472700000 1.194204700000
0.285391300000 0.881220830000 -0.376831060000 2.361924510000
0.000000000000 0.000000000000 0.000000000000 1.000000000000
18 51 60
0.905651290000 0.389465120000 -0.167668290000 0.163023850000
0.326462100000 -0.892783800000 -0.310418390000 0.317760030000
-0.270588670000 0.226393470000 -0.935696410000 5.102562570000
0.000000000000 0.000000000000 0.000000000000 1.000000000000
18 52 60
0.451389800000 0.379424970000 0.807640970000 -1.857867290000
0.464270820000 -0.872803040000 0.150557190000 -1.165183360000
0.762036650000 0.307004150000 -0.570130330000 2.782793250000
0.000000000000 0.000000000000 0.000000000000 1.000000000000
18 53 60
-0.700919140000 -0.066314410000 -0.710151220000 1.499344300000
0.387218360000 0.800779530000 -0.456961800000 0.549081650000
0.598977710000 -0.595276860000 -0.535603550000 2.639297190000
0.000000000000 0.000000000000 0.000000000000 1.000000000000
18 54 60
-0.697844367000 0.455713936000 -0.552574021000 1.464054200000
0.355906037000 0.890124135000 0.284622411000 -0.949956482000
0.621565872000 0.001957716230 -0.783359454000 3.163880280000
0.000000000000 0.000000000000 0.000000000000 1.000000000000
18 55 60
0.853677990000 0.512933190000 0.090185550000 0.299565410000
-0.455506470000 0.819320190000 -0.348178510000 0.155316100000
-0.252483160000 0.256152230000 0.933080000000 -0.182784770000
0.000000000000 0.000000000000 0.000000000000 1.000000000000
18 56 60
0.967558930000 -0.251890030000 -0.019522440000 0.444685690000
-0.248653700000 -0.963106220000 0.102945350000 -0.606350500000
-0.044733090000 -0.094751370000 -0.994495410000 3.369318100000
0.000000000000 0.000000000000 0.000000000000 1.000000000000
18 57 60
0.449368140000 0.885792120000 -0.115933620000 0.497108760000
-0.826580910000 0.461494560000 0.322159530000 -0.459859330000
0.338869110000 -0.048939710000 0.939559810000 -0.227828630000
0.000000000000 0.000000000000 0.000000000000 1.000000000000
18 58 60
0.964458990000 0.258340580000 -0.055488710000 -0.118931640000
0.238829770000 -0.942142210000 -0.235219890000 0.647444650000
-0.113045100000 0.213607580000 -0.970356950000 3.697863550000
0.000000000000 0.000000000000 0.000000000000 1.000000000000
18 59 60
0.699365640000 0.368220190000 -0.612618640000 1.617988820000
-0.570152290000 0.804290800000 -0.167459490000 0.349754840000
0.431061570000 0.466401330000 0.772434930000 0.366615890000
0.000000000000 0.000000000000 0.000000000000 1.000000000000
19 21 60
0.141196630000 0.923551980000 -0.356532250000 0.550952170000
-0.986607570000 0.101565010000 -0.127632490000 -0.637458150000
-0.081664040000 0.369778690000 0.925524020000 -0.406629170000
0.000000000000 0.000000000000 0.000000000000 1.000000000000
19 22 60
0.966884317000 0.098473644300 0.235452031000 0.159424255000
0.001023031190 0.921060441000 -0.389418306000 1.538165870000
-0.255212991000 0.376763328000 0.890458154000 -0.373226723000
0.000000000000 0.000000000000 0.000000000000 1.000000000000
19 23 60
-0.534038670000 -0.826840240000 0.176459370000 -0.554222930000
-0.805624840000 0.560980100000 0.190446680000 -0.850238230000
-0.256459180000 -0.040454160000 -0.965708110000 3.139722530000
0.000000000000 0.000000000000 0.000000000000 1.000000000000
19 24 60
-0.672631210000 0.729266400000 0.125450300000 -0.839684860000
-0.738191830000 -0.649522790000 -0.182189390000 0.401020950000
-0.051381770000 -0.215152660000 0.975227790000 -0.941133620000
0.000000000000 0.000000000000 0.000000000000 1.000000000000
19 25 60
0.804052620000 -0.463724580000 0.372100650000 -0.929901850000
0.574819510000 0.766221610000 -0.287205450000 0.306112500000
-0.151927330000 0.444819010000 0.882640430000 -0.767774840000
0.000000000000 0.000000000000 0.000000000000 1.000000000000
19 26 60
0.129338360000 -0.963135680000 0.235883990000 -0.437557900000
0.939949880000 0.194855210000 0.280224330000 -0.464588810000
-0.315857280000 0.185475370000 0.930501510000 -0.746024670000
0.000000000000 0.000000000000 0.000000000000 1.000000000000
19 27 60
0.249587760000 0.966934010000 0.052388700000 -0.237996590000
-0.840067220000 0.243115550000 -0.484955570000 0.887027910000
-0.481656540000 0.077028950000 0.872968220000 -0.336117380000
0.000000000000 0.000000000000 0.000000000000 1.000000000000
19 28 60
0.926562840000 0.088341140000 0.365618840000 -1.354641540000
-0.143653150000 -0.815236630000 0.561028530000 -0.902185600000
0.347627770000 -0.572350490000 -0.742677480000 2.623187830000
0.000000000000 0.000000000000 0.000000000000 1.000000000000
19 29 60
0.279372160000 0.959091050000 -0.045777250000 0.095429630000
-0.929860100000 0.282128600000 0.236143260000 -0.397540670000
0.239397960000 -0.023405410000 0.970639380000 -1.114588090000
0.000000000000 0.000000000000 0.000000000000 1.000000000000
19 30 60
0.526453750000 -0.790304660000 -0.313472470000 1.158007120000
-0.849054600000 -0.507865770000 -0.145528860000 -0.054301390000
-0.044189800000 0.342769450000 -0.938379650000 2.944341040000
0.000000000000 0.000000000000 0.000000000000 1.000000000000
19 31 60
-0.098841690000 0.858161440000 0.503775010000 -1.209793340000
-0.689427820000 0.306009240000 -0.656542170000 1.616531560000
-0.717578990000 -0.412210250000 0.561393900000 -1.087013460000
0.000000000000 0.000000000000 0.000000000000 1.000000000000
19 32 60
0.103829530000 -0.809833940000 0.577397970000 -0.992633970000
0.982168510000 -0.007996750000 -0.187832540000 0.218963460000
0.156730470000 0.586604670000 0.794563100000 -0.310304400000
0.000000000000 0.000000000000 0.000000000000 1.000000000000
19 33 60
-0.478808000000 -0.392584520000 0.785251740000 -2.445425150000
0.432489360000 -0.883859460000 -0.178172380000 0.963209140000
0.763999900000 0.254302660000 0.592987610000 0.121799740000
0.000000000000 0.000000000000 0.000000000000 1.000000000000
19 34 60
-0.518831170000 0.689369420000 0.505553180000 -1.619415540000
-0.853634460000 -0.385906060000 -0.349835270000 0.890952450000
-0.046069700000 -0.613063060000 0.788689580000 -0.267857240000
0.000000000000 0.000000000000 0.000000000000 1.000000000000
19 35 60
-0.972837170000 -0.230139750000 -0.024970890000 -0.731949280000
-0.231349890000 0.970332320000 0.070231200000 -0.807763720000
0.008067070000 0.074100540000 -0.997218150000 3.949195030000
0.000000000000 0.000000000000 0.000000000000 1.000000000000
19 36 60
-0.645793900000 -0.687782240000 0.331520480000 -0.385531030000
-0.524005700000 0.715055290000 0.462724500000 -0.957949980000
-0.555309160000 0.125106040000 -0.822180160000 2.848047270000
0.000000000000 0.000000000000 0.000000000000 1.000000000000
19 37 60
-0.791661870000 -0.374924660000 0.482392970000 -0.623370740000
-0.412522760000 0.910432920000 0.030608280000 -0.190561400000
-0.450662240000 -0.174766670000 -0.875419990000 2.677231330000
0.000000000000 0.000000000000 0.000000000000 1.000000000000
19 38 60
-0.809383120000 0.087016600000 -0.580798660000 1.335621390000
-0.299243410000 0.789842500000 0.535352420000 -0.831048240000
0.505324010000 0.607105380000 -0.613246040000 3.472336930000
0.000000000000 0.000000000000 0.000000000000 1.000000000000
19 39 60
0.343716910000 0.747350880000 0.568617050000 -1.103316890000
-0.236380130000 0.654867250000 -0.717825410000 2.047902740000
-0.908836130000 0.112318970000 0.401747840000 -0.946243110000
0.000000000000 0.000000000000 0.000000000000 1.000000000000
19 40 60
0.045685230000 -0.503441210000 0.862820840000 -2.714348730000
0.221715550000 -0.837070190000 -0.500155690000 1.278482080000
0.974040590000 0.214150530000 0.073379000000 0.163271470000
0.000000000000 0.000000000000 0.000000000000 1.000000000000
19 41 60
0.698681350000 0.583295160000 -0.414259740000 0.905610320000
-0.057446070000 0.622903300000 0.780186790000 -1.361165250000
0.713122940000 -0.521304370000 0.468718930000 1.120025690000
0.000000000000 0.000000000000 0.000000000000 1.000000000000
19 42 60
-0.053048190000 0.349165780000 -0.935558200000 2.209676880000
-0.761147660000 -0.620594880000 -0.188457530000 0.112940910000
-0.646405550000 0.702100600000 0.298688150000 0.029071350000
0.000000000000 0.000000000000 0.000000000000 1.000000000000
19 43 60
0.774562270000 -0.610043550000 -0.167033420000 1.062598820000
-0.109441040000 0.130837530000 -0.985344710000 2.179526060000
0.622957420000 0.781491150000 0.034578020000 0.950250680000
0.000000000000 0.000000000000 0.000000000000 1.000000000000
19 44 60
-0.111622620000 -0.955443160000 0.273255860000 -0.351552500000
0.095580460000 0.263377260000 0.959946250000 -2.646729530000
-0.989143450000 0.133269630000 0.061922840000 0.567609790000
0.000000000000 0.000000000000 0.000000000000 1.000000000000
19 45 60
0.867645890000 -0.421740540000 0.263297410000 0.147866230000
0.225780820000 -0.137595020000 -0.964412060000 2.654641400000
0.442960080000 0.896215670000 -0.024162830000 0.874207730000
0.000000000000 0.000000000000 0.000000000000 1.000000000000
19 46 60
0.817935830000 0.342108370000 -0.462539570000 1.676145620000
0.417106620000 0.201096100000 0.886330880000 -2.513556370000
0.396236110000 -0.917890090000 0.021788040000 1.991248140000
0.000000000000 0.000000000000 0.000000000000 1.000000000000
19 47 60
-0.318195080000 0.200068170000 -0.926673950000 1.873055820000
-0.809476050000 -0.566125250000 0.155726460000 -0.609076210000
-0.493457610000 0.799671760000 0.342088660000 -0.246673810000
0.000000000000 0.000000000000 0.000000000000 1.000000000000
19 48 60
-0.334422240000 -0.644394820000 -0.687689680000 1.604923490000
-0.884493670000 0.466499630000 -0.007002560000 -0.291072570000
0.325319390000 0.605915360000 -0.725970990000 2.756634490000
0.000000000000 0.000000000000 0.000000000000 1.000000000000
19 49 60
-0.956655030000 0.272461010000 0.102840380000 -1.084268380000
0.269126410000 0.692179750000 0.669670200000 -1.035563490000
0.111274990000 0.668320430000 -0.735503690000 2.045405860000
0.000000000000 0.000000000000 0.000000000000 1.000000000000
19 50 60
-0.042841290000 0.750931970000 0.658988470000 -1.744916420000
0.684680810000 -0.458283040000 0.566735250000 -1.579289860000
0.727582860000 0.475476430000 -0.494515270000 1.741814640000
0.000000000000 0.000000000000 0.000000000000 1.000000000000
19 51 60
-0.782587040000 0.616756430000 0.084670100000 0.141442090000
0.621253330000 0.764967450000 0.169909080000 -1.131886080000
0.040022650000 0.185570220000 -0.981815600000 4.364422180000
0.000000000000 0.000000000000 0.000000000000 1.000000000000
19 52 60
-0.344074900000 -0.709205010000 -0.615337890000 1.743369250000
0.927009710000 -0.152436820000 -0.342660210000 0.192261860000
0.149216190000 -0.688324970000 0.709889610000 -0.923671140000
0.000000000000 0.000000000000 0.000000000000 1.000000000000
19 53 60
0.970012320000 -0.241856270000 0.024117400000 0.163638440000
-0.240612500000 -0.969556410000 -0.045453090000 0.505312660000
0.034376300000 0.038287100000 -0.998675310000 2.694463530000
0.000000000000 0.000000000000 0.000000000000 1.000000000000
19 54 60
0.982087910000 0.148840670000 0.115541280000 -0.352547170000
-0.022530380000 0.701563470000 -0.712250710000 1.445817190000
-0.187071410000 0.696889630000 0.692350440000 0.041738820000
0.000000000000 0.000000000000 0.000000000000 1.000000000000
19 55 60
0.054197670000 0.109265040000 -0.992534010000 1.624002090000
0.186223070000 -0.977661860000 -0.097459040000 0.550253600000
-0.981011510000 -0.179550670000 -0.073334660000 0.558399880000
0.000000000000 0.000000000000 0.000000000000 1.000000000000
19 56 60
-0.433493360000 0.789009310000 0.435370900000 -0.704215900000
-0.694394250000 -0.600390920000 0.396670350000 -0.801686280000
0.574369340000 -0.130365080000 0.808149000000 -0.319496740000
0.000000000000 0.000000000000 0.000000000000 1.000000000000
19 57 60
0.263949890000 -0.908644610000 -0.323566740000 0.494432250000
-0.631467610000 -0.416368040000 0.654130190000 -1.150466890000
-0.729094720000 0.031664330000 -0.683679940000 2.650353180000
0.000000000000 0.000000000000 0.000000000000 1.000000000000
19 58 60
-0.657532650000 -0.631091200000 0.411551580000 -0.404502800000
0.523100000000 -0.775519460000 -0.353462810000 0.908451920000
0.542233530000 -0.017130700000 0.840053180000 -0.776596530000
0.000000000000 0.000000000000 0.000000000000 1.000000000000
19 59 60
-0.978036840000 0.057244860000 -0.200416960000 0.336698950000
-0.062636510000 -0.997822550000 0.020659900000 -0.065178880000
-0.198797880000 0.032759560000 0.979492830000 -0.535988040000
0.000000000000 0.000000000000 0.000000000000 1.000000000000
20 22 60
0.523627140000 0.732969850000 -0.434246250000 0.890409240000
0.841815190000 -0.523520350000 0.131429220000 -0.248284080000
-0.131003090000 -0.434375000000 -0.891154620000 2.582995140000
0.000000000000 0.000000000000 0.000000000000 1.000000000000
20 23 60
0.994530490000 -0.040087110000 0.096447530000 0.012558420000
-0.046726070000 -0.996618370000 0.067590680000 0.371144940000
0.093411870000 -0.071727600000 -0.993040470000 3.562999870000
0.000000000000 0.000000000000 0.000000000000 1.000000000000
20 24 60
-0.072780530000 0.949292570000 -0.305853920000 0.129804200000
0.746874030000 0.255113340000 0.614081730000 -0.509147010000
0.660970640000 -0.183741150000 -0.727569240000 3.550323620000
0.000000000000 0.000000000000 0.000000000000 1.000000000000
20 25 60
0.896565870000 0.283707610000 0.340117100000 -1.284562610000
0.353515780000 -0.921005600000 -0.163631550000 0.513660990000
0.266826240000 0.266943220000 -0.926037300000 3.231535590000
0.000000000000 0.000000000000 0.000000000000 1.000000000000
20 26 60
0.899398990000 -0.143600890000 0.412868300000 -1.023155000000
0.018223980000 0.955997350000 0.292808730000 -0.386276260000
-0.436748600000 -0.255827770000 0.862440030000 -0.459190490000
0.000000000000 0.000000000000 0.000000000000 1.000000000000
20 27 60
-0.239410920000 -0.927970620000 -0.285574750000 0.113457160000
0.965249430000 -0.259222470000 0.033124720000 -0.120626610000
-0.104766160000 -0.267720450000 0.957783800000 -0.391005490000
0.000000000000 0.000000000000 0.000000000000 1.000000000000
20 28 60
-0.772945520000 0.612138780000 -0.166857200000 0.197880430000
0.634290820000 0.739232960000 -0.226295790000 0.100895670000
-0.015178090000 -0.280750310000 -0.959660820000 3.299619260000
0.000000000000 0.000000000000 0.000000000000 1.000000000000
20 29 60
-0.552646810000 0.524322270000 -0.647817610000 1.122387860000
-0.719440840000 -0.692509150000 0.053253740000 -0.062916240000
-0.420697500000 0.495496960000 0.759931820000 -0.358051260000
0.000000000000 0.000000000000 0.000000000000 1.000000000000
20 30 60
0.618748820000 0.570562700000 0.540007510000 -1.688071410000
-0.761160730000 0.265330680000 0.591805680000 -1.341943340000
0.194381690000 -0.777211580000 0.598462970000 0.497309360000
0.000000000000 0.000000000000 0.000000000000 1.000000000000
20 31 60
-0.735146020000 0.590295270000 0.333334410000 -1.364555080000
0.629119480000 0.777229360000 0.011099550000 1.063555110000
-0.252525270000 0.217866960000 -0.942743320000 4.156679480000
0.000000000000 0.000000000000 0.000000000000 1.000000000000
20 32 60
-0.629449160000 0.545497760000 -0.553376870000 0.427129710000
0.729826810000 0.659495990000 -0.180049610000 0.286379780000
0.266733170000 -0.517201350000 -0.813238090000 2.824079990000
0.000000000000 0.000000000000 0.000000000000 1.000000000000
20 33 60
-0.929724630000 -0.074633900000 -0.360613230000 0.220927840000
0.334868670000 0.236081130000 -0.912210870000 2.815501680000
0.153215830000 -0.968862980000 -0.194497890000 2.383116560000
0.000000000000 0.000000000000 0.000000000000 1.000000000000
20 34 60
0.763908910000 0.511067760000 -0.394021470000 0.901633640000
-0.443540460000 0.859312930000 0.254662820000 -1.159888780000
0.468737700000 -0.019774740000 0.883116040000 -0.470319850000
0.000000000000 0.000000000000 0.000000000000 1.000000000000
20 35 60
-0.662288440000 -0.117045330000 0.740050280000 -2.185862710000
0.704352120000 0.239513710000 0.668222470000 -1.549736120000
-0.255464510000 0.963812000000 -0.076186040000 0.871383990000
0.000000000000 0.000000000000 0.000000000000 1.000000000000
20 36 60
-0.902419350000 -0.231673830000 0.363272010000 -1.526431120000
-0.223474130000 0.972534480000 0.065084580000 -0.410159620000
-0.368372940000 -0.022448320000 -0.929407040000 3.044351290000
0.000000000000 0.000000000000 0.000000000000 1.000000000000
20 37 60
0.964335590000 -0.198155740000 0.175474140000 -1.470682390000
0.171401370000 0.972696200000 0.156472620000 0.133723990000
-0.201688980000 -0.120815610000 0.971969720000 -1.130027100000
0.000000000000 0.000000000000 0.000000000000 1.000000000000
20 38 60
-0.779658280000 0.059681030000 -0.623354750000 1.232619860000
-0.467696780000 -0.717435260000 0.516281290000 -1.532283250000
-0.416404480000 0.694063990000 0.587266960000 -0.134745510000
0.000000000000 0.000000000000 0.000000000000 1.000000000000
20 39 60
0.060226960000 0.991214330000 0.117757680000 -0.351937670000
0.844807180000 -0.113452970000 0.522904630000 -0.778654880000
0.531670520000 0.067989570000 -0.844217910000 4.431946710000
0.000000000000 0.000000000000 0.000000000000 1.000000000000
20 40 60
-0.998881410000 -0.020738020000 0.042495430000 -0.334123710000
-0.047191890000 0.380663320000 -0.923508720000 2.497298320000
0.002975290000 -0.924481140000 -0.381216180000 2.851876230000
0.000000000000 0.000000000000 0.000000000000 1.000000000000
20 41 60
-0.147214610000 0.500863290000 -0.852914890000 1.953911130000
-0.917730190000 0.252457130000 0.306654040000 -0.291515270000
0.368916200000 0.827889700000 0.422491990000 -0.160212650000
0.000000000000 0.000000000000 0.000000000000 1.000000000000
20 42 60
-0.791117970000 -0.287967480000 0.539636060000 -1.344616960000
-0.608638340000 0.458248950000 -0.647740130000 1.345844020000
-0.060759570000 -0.840882050000 -0.537797030000 2.888341280000
0.000000000000 0.000000000000 0.000000000000 1.000000000000
20 43 60
0.481523290000 0.303342230000 -0.822264440000 1.732136130000
-0.699757870000 0.697957020000 -0.152298780000 -0.170605030000
0.527706590000 0.648721420000 0.548348680000 -0.250933080000
0.000000000000 0.000000000000 0.000000000000 1.000000000000
20 44 60
-0.576008780000 0.308302500000 -0.757075600000 1.873089500000
-0.672854590000 -0.704748120000 0.224937300000 0.196829340000
-0.464198870000 0.638967650000 0.613383850000 -0.151360780000
0.000000000000 0.000000000000 0.000000000000 1.000000000000
20 45 60
0.267920540000 0.207269600000 -0.940881450000 2.255056970000
-0.218755070000 0.964164940000 0.150107220000 -0.804042580000
0.938277570000 0.165605780000 0.303660870000 0.844562510000
0.000000000000 0.000000000000 0.000000000000 1.000000000000
20 46 60
-0.998728360000 0.050319300000 -0.003101960000 -0.985223790000
0.015055710000 0.238970740000 -0.970910040000 2.770253290000
-0.048114230000 -0.969722100000 -0.239424450000 2.583766440000
0.000000000000 0.000000000000 0.000000000000 1.000000000000
20 47 60
-0.592353330000 0.198209130000 -0.780916560000 1.354084130000
-0.803884910000 -0.210039410000 0.556464280000 -1.329066760000
-0.053726950000 0.957390510000 0.283754870000 0.177777070000
0.000000000000 0.000000000000 0.000000000000 1.000000000000
20 48 60
-0.807922270000 0.034041880000 -0.588304990000 0.926595360000
0.260448900000 0.916158770000 -0.304662900000 0.684425660000
0.528609470000 -0.399367330000 -0.749051240000 3.334225230000
0.000000000000 0.000000000000 0.000000000000 1.000000000000
20 49 60
-0.778433040000 -0.096961920000 -0.620193830000 0.610788470000
-0.455916630000 0.766461770000 0.452411740000 -1.108054930000
0.431488140000 0.634928930000 -0.640845720000 2.468495890000
0.000000000000 0.000000000000 0.000000000000 1.000000000000
20 50 60
0.666159180000 0.488434710000 0.563616430000 -1.406648110000
-0.339910980000 0.871495330000 -0.353491740000 0.673593750000
-0.663846720000 0.043902350000 0.746578940000 0.053192980000
0.000000000000 0.000000000000 0.000000000000 1.000000000000
20 51 60
-0.031115910000 -0.993288670000 -0.111397560000 -0.052483460000
0.917061820000 -0.072697870000 0.392062040000 -1.999662600000
-0.397529150000 -0.089959080000 0.913169170000 -1.173312060000
0.000000000000 0.000000000000 0.000000000000 1.000000000000
20 52 60
0.102236530000 -0.951057300000 0.291612250000 -1.179559430000
0.674338670000 0.281772100000 0.682548050000 -2.109793270000
-0.731310500000 0.126864070000 0.670142120000 0.104340460000
0.000000000000 0.000000000000 0.000000000000 1.000000000000
20 53 60
0.655113720000 -0.111307930000 0.747286130000 -2.097600430000
0.068896420000 -0.976166200000 -0.205798050000 0.336864160000
0.752382410000 0.186306460000 -0.631831150000 2.265494390000
0.000000000000 0.000000000000 0.000000000000 1.000000000000
20 54 60
-0.376228860000 -0.916033510000 -0.139048410000 -0.228813920000
0.438504650000 -0.308247150000 0.844214050000 -1.488935000000
-0.816189640000 0.256644310000 0.517656420000 0.349767740000
0.000000000000 0.000000000000 0.000000000000 1.000000000000
20 55 60
0.260771460000 0.840568700000 -0.474807860000 0.611032570000
0.559981350000 0.268928930000 0.783644120000 -1.057281730000
0.786396290000 -0.470235570000 -0.400573810000 2.760314040000
0.000000000000 0.000000000000 0.000000000000 1.000000000000
20 56 60
0.779485990000 -0.626152590000 -0.018290260000 -0.294930160000
-0.604936820000 -0.760013850000 0.237550820000 -0.666616670000
-0.162643910000 -0.174103080000 -0.971202900000 2.961522400000
0.000000000000 0.000000000000 0.000000000000 1.000000000000
20 57 60
0.795096190000 -0.606473720000 0.003417990000 -0.519846350000
-0.590364440000 -0.775242790000 -0.224651830000 0.523926730000
0.138895200000 0.176601950000 -0.974433100000 3.395916720000
0.000000000000 0.000000000000 0.000000000000 1.000000000000
20 58 60
0.869595210000 -0.491903250000 -0.042841090000 0.290640820000
0.490611490000 0.870573270000 -0.037450630000 -0.331738610000
0.055718390000 0.011548560000 0.998379730000 -0.803656710000
0.000000000000 0.000000000000 0.000000000000 1.000000000000
20 59 60
-0.448956470000 -0.543633920000 0.709154610000 -2.632719820000
-0.864840440000 0.064794450000 -0.497848060000 0.658693060000
0.224697810000 -0.836817690000 -0.499246480000 2.571314730000
0.000000000000 0.000000000000 0.000000000000 1.000000000000
21 23 60
0.941994360000 0.257197460000 0.215629540000 -0.350333570000
-0.220590220000 0.958652730000 -0.179791270000 -0.038424930000
-0.252955710000 0.121796590000 0.959780700000 -0.876694610000
0.000000000000 0.000000000000 0.000000000000 1.000000000000
21 24 60
0.856851111000 0.037354897400 -0.514208893000 0.684143247000
0.030973132100 -0.999299955000 -0.020982493300 0.389120905000
-0.514632722000 0.002052212710 -0.857408275000 3.394359560000
0.000000000000 0.000000000000 0.000000000000 1.000000000000
21 25 60
-0.634394230000 0.408784420000 -0.656078700000 0.863376760000
0.568906510000 0.821512610000 -0.038241520000 0.095728090000
0.523344390000 -0.397507640000 -0.753722980000 2.977641900000
0.000000000000 0.000000000000 0.000000000000 1.000000000000
21 26 60
0.984519590000 0.174649630000 -0.014788040000 -0.189772690000
0.172349550000 -0.979987320000 -0.099601660000 0.489117820000
-0.031887480000 0.095511070000 -0.994917500000 3.283648530000
0.000000000000 0.000000000000 0.000000000000 1.000000000000
21 27 60
-0.582927540000 0.699231740000 0.413848360000 -1.058045010000
-0.772135770000 -0.635298830000 -0.014203500000 -0.044363450000
0.252985840000 -0.327826730000 0.910235020000 -0.238420600000
0.000000000000 0.000000000000 0.000000000000 1.000000000000
21 28 60
-0.861375450000 0.015823930000 -0.507722300000 0.689068320000
0.422869830000 0.576135950000 -0.699462990000 0.914530460000
0.281448820000 -0.817200690000 -0.502960830000 2.674923560000
0.000000000000 0.000000000000 0.000000000000 1.000000000000
21 29 60
0.986212090000 0.132974640000 0.098506180000 -0.948788830000
-0.103552370000 0.960191370000 -0.259440630000 0.475220220000
-0.129083800000 0.245662930000 0.960722170000 -0.427004150000
0.000000000000 0.000000000000 0.000000000000 1.000000000000
21 30 60
-0.042168600000 0.675747320000 0.735926200000 -2.492507230000
0.802990680000 0.461208190000 -0.377482420000 0.502369630000
-0.594497920000 0.575023980000 -0.562067300000 2.420907660000
0.000000000000 0.000000000000 0.000000000000 1.000000000000
21 31 60
-0.220288610000 0.629448610000 -0.745162650000 2.029179440000
0.910064760000 -0.142326240000 -0.389262600000 1.703679850000
-0.351077000000 -0.763896380000 -0.541486150000 2.486392220000
0.000000000000 0.000000000000 0.000000000000 1.000000000000
21 32 60
0.242604620000 -0.654472550000 0.716106610000 -1.449341780000
0.638323860000 0.663549380000 0.390185680000 -0.716629010000
-0.730537920000 0.362447090000 0.578745590000 0.267914900000
0.000000000000 0.000000000000 0.000000000000 1.000000000000
21 33 60
0.892131230000 0.186892990000 -0.411306310000 1.088312890000
0.358559280000 -0.846769230000 0.392959430000 -0.674844970000
-0.274840160000 -0.498049070000 -0.822441490000 3.925014320000
0.000000000000 0.000000000000 0.000000000000 1.000000000000
21 34 60
0.985393430000 0.141682680000 0.094476490000 -0.777282170000
-0.145332580000 0.988835470000 0.032906800000 -0.492656300000
-0.088759380000 -0.046156660000 0.994983080000 -0.692043160000
0.000000000000 0.000000000000 0.000000000000 1.000000000000
21 35 60
0.979719410000 0.193945280000 -0.050349810000 0.205301830000
-0.182464950000 0.967366950000 0.175805920000 -1.272922180000
0.082803470000 -0.163053400000 0.983136400000 -1.093815490000
0.000000000000 0.000000000000 0.000000000000 1.000000000000
21 36 60
-0.180683110000 0.145627750000 -0.972700450000 1.747167990000
0.944022890000 0.303200490000 -0.129962500000 -0.101686960000
0.275997100000 -0.941733520000 -0.192259140000 1.734300630000
0.000000000000 0.000000000000 0.000000000000 1.000000000000
21 37 60
-0.069953150000 -0.475290380000 0.877043680000 -2.330744780000
0.691835740000 0.610278960000 0.385905310000 -1.163101040000
-0.718658380000 0.633765460000 0.286131930000 1.488923990000
0.000000000000 0.000000000000 0.000000000000 1.000000000000
21 38 60
-0.594642500000 0.062488990000 -0.801558120000 1.726168900000
0.083045730000 0.996416130000 0.016071840000 0.585226810000
0.799689750000 -0.057008980000 -0.597700820000 3.338442930000
0.000000000000 0.000000000000 0.000000000000 1.000000000000
21 39 60
-0.856983220000 -0.389263610000 -0.337718230000 0.697701420000
-0.009093770000 0.666645990000 -0.745319010000 2.132972240000
0.515264070000 -0.635654750000 -0.574844300000 3.285641110000
0.000000000000 0.000000000000 0.000000000000 1.000000000000
21 40 60
0.671961570000 -0.550982730000 0.494859260000 -1.405454810000
-0.739001670000 -0.542542260000 0.399405090000 -0.773205980000
0.048416750000 -0.634086700000 -0.771744700000 3.781045160000
0.000000000000 0.000000000000 0.000000000000 1.000000000000
21 41 60
-0.579674780000 0.013729420000 -0.814732260000 1.510010290000
0.803194170000 -0.158868730000 -0.574142710000 1.498624910000
-0.137318120000 -0.987204250000 0.081064810000 1.530626620000
0.000000000000 0.000000000000 0.000000000000 1.000000000000
21 42 60
-0.371565480000 0.678203600000 -0.634018120000 0.864311240000
-0.808552720000 0.099229810000 0.579996510000 -1.874523720000
0.456269210000 0.728143750000 0.511492990000 0.106229370000
0.000000000000 0.000000000000 0.000000000000 1.000000000000
21 43 60
-0.530881760000 -0.583706680000 -0.614370460000 1.506589570000
0.200149780000 0.618095180000 -0.760196300000 1.694412400000
0.823471080000 -0.526540460000 -0.211306690000 1.916955020000
0.000000000000 0.000000000000 0.000000000000 1.000000000000
21 44 60
0.463836650000 -0.262719610000 -0.846069720000 2.145419560000
0.450405870000 -0.752451840000 0.480573400000 -0.881884310000
-0.762882770000 -0.603982320000 -0.230684280000 2.111247410000
0.000000000000 0.000000000000 0.000000000000 1.000000000000
21 45 60
0.730215620000 -0.433966300000 -0.527691580000 1.840463100000
0.234204790000 -0.566569520000 0.790029810000 -1.443399630000
-0.641820280000 -0.700480000000 -0.312080930000 2.255122310000
0.000000000000 0.000000000000 0.000000000000 1.000000000000
21 46 60
0.518283170000 -0.264753170000 -0.813196360000 2.285688560000
0.683072740000 -0.443990060000 0.579900390000 -0.647457970000
-0.514581560000 -0.856024880000 -0.049266900000 1.698453170000
0.000000000000 0.000000000000 0.000000000000 1.000000000000
21 47 60
0.819393540000 0.391041280000 -0.419143120000 0.982666280000
-0.572393720000 0.597663900000 -0.561394070000 0.831900300000
0.030978450000 0.699917560000 0.713551500000 -0.791698950000
0.000000000000 0.000000000000 0.000000000000 1.000000000000
21 48 60
0.853345570000 0.295217820000 0.429706620000 -1.865957000000
0.223802850000 0.536982870000 -0.813364420000 1.697500330000
-0.470864760000 0.790250490000 0.392161370000 0.144555700000
0.000000000000 0.000000000000 0.000000000000 1.000000000000
21 49 60
0.606469570000 -0.603405170000 0.517780710000 -2.293543330000
0.456583260000 0.797429680000 0.394509360000 -0.745281990000
-0.650942690000 -0.002847920000 0.759121530000 -1.344484230000
0.000000000000 0.000000000000 0.000000000000 1.000000000000
21 50 60
-0.739526750000 0.414137270000 -0.530651030000 0.619029390000
-0.444310280000 0.291878550000 0.846991900000 -1.997014750000
0.505656570000 0.862146870000 -0.031846550000 1.142122450000
0.000000000000 0.000000000000 0.000000000000 1.000000000000
21 51 60
-0.027505570000 0.933077740000 0.358621500000 -1.324400190000
-0.918672760000 -0.165021060000 0.358898890000 -0.500623060000
0.394060670000 -0.319584090000 0.861732090000 -1.813351730000
0.000000000000 0.000000000000 0.000000000000 1.000000000000
21 52 60
0.335084250000 -0.791153830000 -0.511658250000 0.287607550000
-0.917676130000 -0.150984410000 -0.367524470000 1.684166660000
0.213515970000 0.592688220000 -0.776615480000 3.580127970000
0.000000000000 0.000000000000 0.000000000000 1.000000000000
21 53 60
0.363990240000 -0.108712020000 0.925036650000 -2.157807530000
-0.456966820000 0.844572820000 0.279066430000 -0.509934460000
-0.811598690000 -0.524288520000 0.257738480000 1.196378420000
0.000000000000 0.000000000000 0.000000000000 1.000000000000
21 54 60
-0.954752170000 -0.295202770000 0.036105660000 -0.510236670000
0.283150510000 -0.865143310000 0.413947880000 -1.275276540000
-0.090962000000 0.405440980000 0.909584260000 -0.320651970000
0.000000000000 0.000000000000 0.000000000000 1.000000000000
21 55 60
0.279818210000 0.517879960000 0.808394780000 -2.081160550000
-0.160584050000 0.855416150000 -0.492418500000 0.611916440000
-0.946527620000 0.007972360000 0.322524280000 0.369044250000
0.000000000000 0.000000000000 0.000000000000 1.000000000000
21 56 60
-0.851604280000 0.392871810000 0.347018580000 -1.320880620000
-0.124664930000 -0.794817570000 0.593905460000 -1.177604250000
0.509145180000 0.462511380000 0.725847380000 0.419422970000
0.000000000000 0.000000000000 0.000000000000 1.000000000000
21 57 60
-0.541128670000 0.784078600000 -0.303974510000 0.697773040000
0.839954850000 0.521438490000 -0.150258940000 0.433064640000
0.040689190000 -0.336634280000 -0.940755950000 3.164433150000
0.000000000000 0.000000000000 0.000000000000 1.000000000000
21 58 60
-0.929333770000 -0.024635710000 0.368418000000 -1.204923950000
0.194430370000 -0.880888580000 0.431546230000 -0.490131270000
0.313903760000 0.472682130000 0.823429440000 -0.550155050000
0.000000000000 0.000000000000 0.000000000000 1.000000000000
21 59 60
0.989264380000 -0.127592280000 0.071247410000 -0.295630700000
0.129024700000 0.991514550000 -0.015859350000 -0.138545550000
-0.068619310000 0.024881770000 0.997332590000 -0.461307530000
0.000000000000 0.000000000000 0.000000000000 1.000000000000
22 24 60
0.124462890000 0.606325400000 0.785416130000 -2.143604750000
0.644458910000 0.552474680000 -0.528625050000 0.720499290000
-0.754441320000 0.571962630000 -0.321989210000 1.944034220000
0.000000000000 0.000000000000 0.000000000000 1.000000000000
22 25 60
0.753472830000 -0.357103400000 0.552046970000 -1.301941550000
0.290706600000 -0.572160440000 -0.766891200000 1.163390490000
0.589718890000 0.738315380000 -0.327295030000 2.269447850000
0.000000000000 0.000000000000 0.000000000000 1.000000000000
22 26 60
0.068693370000 0.933127690000 -0.352922000000 -0.134244810000
-0.981848340000 0.125923820000 0.141834550000 -1.007942130000
0.176791030000 0.336772790000 0.924840000000 -0.290133920000
0.000000000000 0.000000000000 0.000000000000 1.000000000000
22 27 60
0.286406380000 -0.945230450000 0.156559190000 -0.497641440000
0.696118210000 0.317569650000 0.643870300000 -1.494083240000
-0.658324260000 -0.075424860000 0.748946100000 0.342870430000
0.000000000000 0.000000000000 0.000000000000 1.000000000000
22 28 60
-0.709809580000 -0.678358960000 0.189735320000 -0.239038590000
0.456897300000 -0.238384690000 0.856981680000 -2.391143410000
-0.536111210000 0.694983360000 0.479148110000 0.776055300000
0.000000000000 0.000000000000 0.000000000000 1.000000000000
22 29 60
0.990088860000 0.113300910000 -0.082987630000 -0.394629890000
-0.088688800000 0.962579070000 0.256077800000 -0.985883740000
0.108896010000 -0.246179700000 0.963087330000 -0.547857580000
0.000000000000 0.000000000000 0.000000000000 1.000000000000
22 30 60
-0.044461900000 0.369319730000 0.928238160000 -2.943871800000
0.827350400000 0.534384510000 -0.172987040000 -0.223595490000
-0.559923620000 0.760286880000 -0.329316580000 1.996062970000
0.000000000000 0.000000000000 0.000000000000 1.000000000000
22 31 60
-0.224819790000 -0.720509400000 0.655989540000 -2.570159700000
0.891503390000 0.119631410000 0.436932520000 -1.033537330000
-0.393290940000 0.683047970000 0.615441060000 -0.254674610000
0.000000000000 0.000000000000 0.000000000000 1.000000000000
22 32 60
-0.455663180000 -0.827238550000 0.328705730000 -1.282576840000
-0.870137540000 0.336071150000 -0.360439790000 -0.128057510000
0.187701180000 -0.450258330000 -0.872946560000 3.538066910000
0.000000000000 0.000000000000 0.000000000000 1.000000000000
22 33 60
0.635164780000 -0.647712140000 0.420754900000 -0.545036150000
-0.486167370000 -0.758569720000 -0.433835530000 0.620546520000
0.600172470000 0.070999740000 -0.796713280000 4.045585140000
0.000000000000 0.000000000000 0.000000000000 1.000000000000
22 34 60
-0.660868610000 -0.749945990000 -0.028873820000 0.028433730000
-0.749904730000 0.661388220000 -0.014440330000 -0.830670680000
0.029926270000 0.012109450000 -0.999478750000 4.087151230000
0.000000000000 0.000000000000 0.000000000000 1.000000000000
22 35 60
-0.190996440000 -0.812414600000 -0.550910950000 1.030577560000
-0.512487870000 -0.396142950000 0.761857570000 -3.095940270000
-0.837183700000 0.427847260000 -0.340690730000 1.625082970000
0.000000000000 0.000000000000 0.000000000000 1.000000000000
22 36 60
0.817283330000 0.274825930000 -0.506476730000 0.446745970000
-0.386959810000 0.913029630000 -0.128992280000 0.496032500000
0.426977830000 0.301409370000 0.852550480000 -0.675550000000
0.000000000000 0.000000000000 0.000000000000 1.000000000000
22 37 60
-0.583675350000 -0.316116020000 0.747926300000 -2.168740810000
0.763440470000 0.100071970000 0.638078560000 -1.955264100000
-0.276553310000 0.943427930000 0.182926220000 1.626232680000
0.000000000000 0.000000000000 0.000000000000 1.000000000000
22 38 60
0.573083070000 0.457698940000 0.679770170000 -2.174690110000
0.812597580000 -0.209966310000 -0.543690460000 0.936233920000
-0.106117720000 0.863959390000 -0.492253190000 3.702613690000
0.000000000000 0.000000000000 0.000000000000 1.000000000000
22 39 60
0.917542960000 0.337675190000 0.209977100000 -0.761508090000
-0.135035020000 0.761286750000 -0.634198730000 0.680551640000
-0.374005960000 0.553550310000 0.744111280000 -0.656030280000
0.000000000000 0.000000000000 0.000000000000 1.000000000000
22 40 60
0.362843570000 -0.502470170000 -0.784772750000 1.367557790000
0.076733150000 0.855417170000 -0.512224060000 0.496559820000
0.928685400000 0.125639120000 0.348938740000 0.093834150000
0.000000000000 0.000000000000 0.000000000000 1.000000000000
22 41 60
0.343860910000 -0.189649090000 0.919670000000 -2.597767830000
0.909252650000 0.311892890000 -0.275649140000 -0.216084000000
-0.234561930000 0.930997340000 0.279686710000 0.938472610000
0.000000000000 0.000000000000 0.000000000000 1.000000000000
22 42 60
-0.114025910000 -0.390391430000 0.913560410000 -2.674112580000
0.947123530000 0.234892870000 0.218591760000 -1.149513180000
-0.299925180000 0.890179690000 0.342965030000 0.598834480000
0.000000000000 0.000000000000 0.000000000000 1.000000000000
22 43 60
0.027958550000 -0.281421660000 0.959176820000 -2.914961030000
0.935209130000 0.346209170000 0.074317550000 -0.662208380000
-0.352990380000 0.894953110000 0.272867610000 0.286540780000
0.000000000000 0.000000000000 0.000000000000 1.000000000000
22 44 60
-0.220551390000 0.467452360000 -0.856063880000 1.779451420000
0.772619390000 -0.451969650000 -0.445850560000 0.934181050000
-0.595328790000 -0.759744520000 -0.261480220000 2.530951330000
0.000000000000 0.000000000000 0.000000000000 1.000000000000
22 45 60
0.940491020000 0.080283590000 -0.330198720000 0.071776910000
0.300721480000 -0.649139080000 0.698702400000 -1.912679350000
-0.158250550000 -0.756421180000 -0.634652480000 3.731336180000
0.000000000000 0.000000000000 0.000000000000 1.000000000000
22 46 60
-0.836224280000 0.422206700000 -0.349957800000 0.379520930000
0.212406020000 -0.338977070000 -0.916503260000 2.246270740000
-0.505581480000 -0.840735420000 0.193781620000 1.331553250000
0.000000000000 0.000000000000 0.000000000000 1.000000000000
22 47 60
0.875165120000 0.352260090000 -0.331660740000 0.932860870000
-0.455402950000 0.368267770000 -0.810547350000 1.028698960000
-0.163383520000 0.860402040000 0.482715390000 0.101040470000
0.000000000000 0.000000000000 0.000000000000 1.000000000000
22 48 60
0.324647220000 -0.944740440000 0.045493840000 0.074169080000
0.206672390000 0.117792670000 0.971293680000 -2.344146050000
-0.922979250000 -0.305925470000 0.233492830000 0.822843080000
0.000000000000 0.000000000000 0.000000000000 1.000000000000
22 49 60
-0.910531960000 0.395242030000 -0.121306590000 0.561659800000
0.143730450000 0.027503380000 -0.989234610000 1.951575630000
-0.387650750000 -0.918165180000 -0.081851020000 2.120087610000
0.000000000000 0.000000000000 0.000000000000 1.000000000000
22 50 60
-0.130747720000 0.958193600000 0.254499630000 -0.941843540000
0.890718380000 0.226253740000 -0.394246120000 0.266058700000
-0.435345600000 0.175140720000 -0.883062810000 3.132698950000
0.000000000000 0.000000000000 0.000000000000 1.000000000000
22 51 60
0.663248590000 -0.738412740000 -0.121852110000 -0.918929530000
0.746715310000 0.663841840000 0.041596360000 -1.491977350000
0.050175250000 -0.118577560000 0.991676260000 -1.441255310000
0.000000000000 0.000000000000 0.000000000000 1.000000000000
22 52 60
-0.673427830000 -0.330055680000 -0.661481830000 1.700160490000
-0.238437550000 -0.749999830000 0.616966600000 -1.781979550000
-0.699744590000 0.573204580000 0.426373090000 1.089197040000
0.000000000000 0.000000000000 0.000000000000 1.000000000000
22 53 60
0.530217410000 -0.359558830000 0.767845650000 -2.033747240000
-0.201545420000 0.826217380000 0.526064910000 -1.824942810000
-0.823558700000 -0.433684550000 0.365607410000 1.454154770000
0.000000000000 0.000000000000 0.000000000000 1.000000000000
22 54 60
0.306891060000 -0.835108500000 0.456521260000 -1.305782920000
0.365603260000 0.546307070000 0.753580020000 -2.347174290000
-0.878721870000 -0.064361310000 0.472975150000 1.053431940000
0.000000000000 0.000000000000 0.000000000000 1.000000000000
22 55 60
0.567310680000 0.485395850000 0.665243910000 -1.514512770000
0.731051130000 -0.668735890000 -0.135486380000 0.069317740000
0.379107950000 0.563190180000 -0.734230200000 3.681820510000
0.000000000000 0.000000000000 0.000000000000 1.000000000000
22 56 60
-0.251972710000 0.949760050000 0.185649120000 -0.206542340000
-0.649963830000 -0.308220430000 0.694656160000 -1.901479030000
0.716977530000 0.054369190000 0.694972820000 0.574431550000
0.000000000000 0.000000000000 0.000000000000 1.000000000000
22 57 60
-0.210134110000 -0.976161010000 -0.054344660000 -0.485517700000
0.873141530000 -0.212384510000 0.438767240000 -1.370092930000
-0.439849430000 0.044749380000 0.896955950000 -0.177423380000
0.000000000000 0.000000000000 0.000000000000 1.000000000000
22 58 60
0.587904370000 0.793358260000 0.157959250000 -0.619916280000
-0.662205280000 0.359854160000 0.657258810000 -2.218017880000
0.464599410000 -0.491006780000 0.736925870000 0.382538560000
0.000000000000 0.000000000000 0.000000000000 1.000000000000
22 59 60
-0.887132770000 0.457932710000 -0.057385410000 -0.186373500000
-0.037780910000 0.051864520000 0.997939210000 -2.886721710000
0.459965270000 0.887472650000 -0.028709600000 2.076424840000
0.000000000000 0.000000000000 0.000000000000 1.000000000000
23 25 60
-0.608107470000 -0.754552180000 -0.246690730000 0.242124590000
0.094003710000 -0.377007680000 0.921427430000 -1.620071370000
-0.788269370000 0.537137060000 0.300191890000 1.500062480000
0.000000000000 0.000000000000 0.000000000000 1.000000000000
23 26 60
-0.925210650000 -0.022433600000 -0.378790170000 0.469172450000
0.196520390000 0.825614060000 -0.528905630000 0.993758500000
0.324599740000 -0.563789110000 -0.759458260000 3.865491700000
0.000000000000 0.000000000000 0.000000000000 1.000000000000
23 27 60
-0.804185930000 0.594239520000 0.012820820000 -0.117966230000
-0.480427840000 -0.662562040000 0.574630870000 -0.910903150000
0.349962960000 0.455950580000 0.818312280000 0.796565310000
0.000000000000 0.000000000000 0.000000000000 1.000000000000
23 28 60
0.986264980000 -0.134707520000 0.095578630000 -0.336386560000
-0.030542590000 -0.717425080000 -0.695965810000 1.380483550000
0.162322330000 0.683487480000 -0.711685550000 3.594945930000
0.000000000000 0.000000000000 0.000000000000 1.000000000000
23 29 60
0.919070500000 -0.240064380000 0.312535620000 -0.802867080000
0.190276210000 0.964800060000 0.181537320000 -0.400730610000
-0.345115030000 -0.107377500000 0.932397820000 0.185643740000
0.000000000000 0.000000000000 0.000000000000 1.000000000000
23 30 60
0.094593330000 0.146940060000 -0.984611960000 2.583274970000
-0.883782610000 0.467653530000 -0.015115500000 -0.295864370000
0.458236190000 0.871612760000 0.174099980000 1.198421580000
0.000000000000 0.000000000000 0.000000000000 1.000000000000
23 31 60
-0.726373040000 0.670553020000 0.150800700000 -0.501143940000
0.677207520000 0.660802540000 0.323620120000 0.014165170000
0.117354960000 0.337192300000 -0.934092700000 5.247119090000
0.000000000000 0.000000000000 0.000000000000 1.000000000000
23 32 60
0.687336600000 -0.463024250000 0.559622140000 -1.720196020000
-0.413985680000 -0.882807730000 -0.221960260000 0.550709320000
0.596811740000 -0.079114140000 -0.798471480000 3.678086740000
0.000000000000 0.000000000000 0.000000000000 1.000000000000
23 33 60
0.792485180000 0.036120310000 0.608820630000 -1.598366960000
-0.146185970000 0.980394650000 0.132121110000 -0.369561700000
-0.592112240000 -0.193705060000 0.782228510000 -0.414677310000
0.000000000000 0.000000000000 0.000000000000 1.000000000000
23 34 60
0.968165170000 -0.089821930000 0.233641220000 -0.262047990000
-0.064693760000 0.811895630000 0.580207030000 -1.273392530000
-0.241807600000 -0.576851370000 0.780238160000 0.407282820000
0.000000000000 0.000000000000 0.000000000000 1.000000000000
23 35 60
-0.720261530000 0.638271230000 -0.271722570000 0.908683130000
-0.674488210000 -0.552800410000 0.489364250000 -2.205842320000
0.162138780000 0.535743920000 0.828667290000 0.029023320000
0.000000000000 0.000000000000 0.000000000000 1.000000000000
23 36 60
-0.642944380000 -0.475667530000 0.600302370000 -1.434801790000
-0.699971620000 0.046765030000 -0.712637890000 1.469551820000
0.310905550000 -0.878381140000 -0.363021080000 2.949337710000
0.000000000000 0.000000000000 0.000000000000 1.000000000000
23 37 60
-0.352698180000 -0.603226070000 0.715347680000 -1.752452760000
0.615954030000 0.425826490000 0.662776310000 -1.075540160000
-0.704417940000 0.674381290000 0.221371300000 1.849458560000
0.000000000000 0.000000000000 0.000000000000 1.000000000000
23 38 60
0.743533040000 0.630022200000 0.224121950000 0.106522820000
0.668263690000 -0.687977080000 -0.283039180000 0.498402480000
-0.024130200000 0.360221550000 -0.932554650000 5.097032880000
0.000000000000 0.000000000000 0.000000000000 1.000000000000
23 39 60
0.133352190000 -0.302818570000 0.943672670000 -2.634361780000
-0.895126520000 -0.445507910000 -0.016468620000 0.826445350000
0.425400640000 -0.842510310000 -0.330470390000 3.533374900000
0.000000000000 0.000000000000 0.000000000000 1.000000000000
23 40 60
0.823119380000 -0.403353530000 0.399725420000 -1.283532470000
-0.542567550000 -0.766376840000 0.343928750000 0.058084810000
0.167615430000 -0.499972460000 -0.849666170000 4.390353920000
0.000000000000 0.000000000000 0.000000000000 1.000000000000
23 41 60
0.676918460000 -0.455306520000 0.578340180000 -2.248709120000
0.697744720000 0.647123920000 -0.307218060000 0.558088370000
-0.234379380000 0.611495380000 0.755737850000 0.274732240000
0.000000000000 0.000000000000 0.000000000000 1.000000000000
23 42 60
0.632875370000 0.561099780000 -0.533512700000 0.580663490000
-0.483103480000 0.824650810000 0.294214330000 -0.793410240000
0.605045280000 0.071540840000 0.792970440000 0.583665100000
0.000000000000 0.000000000000 0.000000000000 1.000000000000
23 43 60
0.853887170000 0.432208400000 0.289952760000 -1.321461690000
-0.213381220000 0.798857920000 -0.562400630000 1.288733530000
-0.474705340000 0.418356210000 0.774359690000 0.164581180000
0.000000000000 0.000000000000 0.000000000000 1.000000000000
23 44 60
0.883135460000 -0.126482820000 -0.451745340000 1.632758640000
-0.278139420000 0.634280780000 -0.721336500000 1.717836310000
0.377770060000 0.762686030000 0.524975990000 0.526283550000
0.000000000000 0.000000000000 0.000000000000 1.000000000000
23 45 60
0.625226770000 -0.038274830000 -0.779504020000 1.495321640000
-0.363172910000 -0.898334540000 -0.247185160000 1.182901740000
-0.690794410000 0.437641520000 -0.575563180000 3.138548340000
0.000000000000 0.000000000000 0.000000000000 1.000000000000
23 46 60
0.747861300000 -0.411991880000 0.520544110000 -1.187508700000
-0.519550320000 -0.851348030000 0.072622280000 0.404997850000
0.413244410000 -0.324760250000 -0.850740750000 4.348494410000
0.000000000000 0.000000000000 0.000000000000 1.000000000000
23 47 60
0.958367810000 -0.068884590000 0.277102960000 -0.859905430000
-0.052890920000 0.910843220000 0.409349700000 -0.876239460000
-0.280595230000 -0.406963810000 0.869279460000 0.539233870000
0.000000000000 0.000000000000 0.000000000000 1.000000000000
23 48 60
-0.872684620000 0.126200410000 -0.471693770000 0.688202130000
0.407266540000 0.721032140000 -0.560577040000 1.211042870000
0.269361320000 -0.681312050000 -0.680630860000 3.996220480000
0.000000000000 0.000000000000 0.000000000000 1.000000000000
23 49 60
-0.897379450000 0.002877600000 -0.441250320000 0.874707310000
-0.385734760000 -0.490730440000 0.781276090000 -1.144250470000
-0.214286760000 0.871306700000 0.441481400000 1.158671110000
0.000000000000 0.000000000000 0.000000000000 1.000000000000
23 50 60
-0.312305530000 0.620058470000 -0.719717130000 2.107746380000
0.887087260000 -0.080733790000 -0.454486790000 1.072249790000
-0.339913870000 -0.780390640000 -0.524832360000 3.551693550000
0.000000000000 0.000000000000 0.000000000000 1.000000000000
23 51 60
0.266809620000 -0.950049110000 0.161923760000 -0.860744180000
0.854901100000 0.310876380000 0.415331180000 -1.921048260000
-0.444923290000 0.027614450000 0.895142840000 -0.284593540000
0.000000000000 0.000000000000 0.000000000000 1.000000000000
23 52 60
-0.273842180000 -0.780116950000 -0.562519330000 1.189736340000
-0.693599680000 -0.244994860000 0.677419370000 -1.094237090000
-0.666280680000 0.575669230000 -0.473998940000 3.738701280000
0.000000000000 0.000000000000 0.000000000000 1.000000000000
23 53 60
0.552683800000 -0.141875360000 0.821225910000 -1.868095220000
-0.540095250000 0.689488720000 0.482599670000 -0.554678900000
-0.634695000000 -0.710265230000 0.304443030000 1.841957520000
0.000000000000 0.000000000000 0.000000000000 1.000000000000
23 54 60
-0.489346640000 0.738723170000 -0.463495350000 1.357200350000
-0.648966760000 0.046572280000 0.759389990000 -1.196949520000
0.582565020000 0.672398020000 0.456616800000 1.305265350000
0.000000000000 0.000000000000 0.000000000000 1.000000000000
23 55 60
-0.415312970000 -0.405818670000 -0.814141480000 1.465121620000
-0.059760190000 -0.880872290000 0.469566540000 -0.960413680000
-0.907713530000 0.243670330000 0.341585880000 0.950539640000
0.000000000000 0.000000000000 0.000000000000 1.000000000000
23 56 60
0.975350000000 -0.157730360000 -0.154316300000 0.204576180000
-0.197526150000 -0.935819930000 -0.291932320000 0.535982080000
-0.098365680000 0.315217690000 -0.943907830000 3.760170620000
0.000000000000 0.000000000000 0.000000000000 1.000000000000
23 57 60
0.892434970000 0.400488100000 0.207771760000 -0.561001220000
0.343006730000 -0.303087740000 -0.889091790000 1.946509530000
-0.293097610000 0.864723710000 -0.407856210000 3.192993450000
0.000000000000 0.000000000000 0.000000000000 1.000000000000
23 58 60
-0.965719893000 0.200735985000 -0.164590865000 0.003365372730
0.253722172000 0.863922461000 -0.435043722000 0.793467300000
0.054864815100 -0.461890729000 -0.885238277000 4.290201580000
0.000000000000 0.000000000000 0.000000000000 1.000000000000
23 59 60
-0.842164350000 0.531951990000 0.088239870000 0.118986730000
0.321180110000 0.626309440000 -0.710337820000 1.331609940000
-0.433131080000 -0.569880300000 -0.698307890000 3.630572330000
0.000000000000 0.000000000000 0.000000000000 1.000000000000
24 26 60
-0.949713270000 0.220741310000 -0.222076510000 0.122009730000
0.311326590000 0.741502740000 -0.594347910000 1.253025940000
0.033473200000 -0.633598420000 -0.772937640000 3.944796150000
0.000000000000 0.000000000000 0.000000000000 1.000000000000
24 27 60
0.652927260000 0.052430550000 -0.755603760000 0.265905020000
0.357922180000 0.857829520000 0.368809210000 -0.402006790000
0.667516070000 -0.511252930000 0.541334220000 0.993904470000
0.000000000000 0.000000000000 0.000000000000 1.000000000000
24 28 60
0.697902040000 0.055200480000 -0.714062780000 0.399848290000
0.144486690000 0.965673170000 0.215867820000 -0.588807790000
0.701467280000 -0.253827160000 0.665969540000 1.029188870000
0.000000000000 0.000000000000 0.000000000000 1.000000000000
24 29 60
0.950864420000 0.143672820000 -0.274253500000 0.086097180000
-0.086521630000 0.973827030000 0.210178300000 0.091705400000
0.297272380000 -0.176122210000 0.938408280000 0.044126170000
0.000000000000 0.000000000000 0.000000000000 1.000000000000
24 30 60
0.991286910000 -0.016405410000 -0.130694760000 -0.061912570000
0.012170820000 0.999376820000 -0.033133770000 -0.267786800000
0.131156890000 0.031254410000 0.990868830000 0.402628640000
0.000000000000 0.000000000000 0.000000000000 1.000000000000
24 31 60
0.198085890000 0.695599460000 -0.690581910000 1.904482540000
-0.780687460000 -0.314058780000 -0.540272310000 1.325300510000
-0.592696440000 0.646148960000 0.480835160000 1.155794110000
0.000000000000 0.000000000000 0.000000000000 1.000000000000
24 33 60
0.615029750000 0.395743640000 -0.682001010000 1.480094540000
-0.363031790000 0.909923460000 0.200617120000 -0.504190750000
0.699961660000 0.124202550000 0.703297520000 0.800931770000
0.000000000000 0.000000000000 0.000000000000 1.000000000000
24 34 60
0.850182710000 -0.328792910000 0.411198960000 -1.089387660000
-0.322492260000 -0.942574450000 -0.086903060000 0.752981380000
0.416158740000 -0.058725000000 -0.907393670000 4.659400610000
0.000000000000 0.000000000000 0.000000000000 1.000000000000
24 35 60
0.408738350000 -0.788676090000 -0.459263520000 1.037760040000
0.308199040000 -0.354378000000 0.882853090000 -2.173163330000
-0.859038020000 -0.502400490000 0.098221340000 1.589920710000
0.000000000000 0.000000000000 0.000000000000 1.000000000000
24 36 60
-0.099153630000 -0.883838320000 0.457163410000 -1.363499800000
0.948957330000 0.054251730000 0.310703610000 -1.342230170000
-0.299413660000 0.464635970000 0.833345600000 0.395222760000
0.000000000000 0.000000000000 0.000000000000 1.000000000000
24 37 60
0.982261440000 -0.186095090000 -0.023045340000 -0.479103030000
-0.162390450000 -0.782742680000 -0.600785520000 1.387376060000
0.093764660000 0.593870790000 -0.799078010000 4.483187470000
0.000000000000 0.000000000000 0.000000000000 1.000000000000
24 38 60
0.415606390000 0.790958410000 -0.449061370000 1.026838260000
-0.886594500000 0.462509910000 -0.005897270000 0.810441760000
0.203030840000 0.400586280000 0.893481450000 -0.360477620000
0.000000000000 0.000000000000 0.000000000000 1.000000000000
24 39 60
0.505260220000 0.513864450000 -0.693293180000 0.966393620000
-0.842994650000 0.465741870000 -0.269155210000 1.681857140000
0.184586370000 0.720435860000 0.668505820000 -0.157637950000
0.000000000000 0.000000000000 0.000000000000 1.000000000000
24 40 60
0.446832930000 -0.882858020000 -0.144575390000 -0.212152380000
0.893390980000 0.448814140000 0.020455400000 -0.359750490000
0.046828270000 -0.138302490000 0.989282330000 -0.780866860000
0.000000000000 0.000000000000 0.000000000000 1.000000000000
24 41 60
0.539347780000 -0.663296810000 0.518788310000 -2.263879910000
0.293179330000 0.725443530000 0.622717880000 -1.483490910000
-0.789398410000 -0.183763500000 0.585731280000 1.171144780000
0.000000000000 0.000000000000 0.000000000000 1.000000000000
24 42 60
0.835201750000 -0.427562530000 0.345873280000 -1.060089260000
0.238317240000 0.848194690000 0.473044030000 -0.843341160000
-0.495623780000 -0.312659640000 0.810309210000 0.173291920000
0.000000000000 0.000000000000 0.000000000000 1.000000000000
24 43 60
-0.875163110000 -0.436796230000 0.208083100000 -0.888336570000
-0.477186970000 0.708232870000 -0.520287230000 1.306973400000
0.079888210000 -0.554630730000 -0.828252750000 4.919806470000
0.000000000000 0.000000000000 0.000000000000 1.000000000000
24 44 60
0.984949210000 0.052934060000 0.164538870000 -0.860837210000
-0.020043910000 -0.910547260000 0.412918790000 -0.155839190000
0.171677880000 -0.410002040000 -0.895781800000 4.533986730000
0.000000000000 0.000000000000 0.000000000000 1.000000000000
24 45 60
0.808891530000 -0.416987210000 -0.414507140000 1.266553250000
-0.164326660000 0.516565060000 -0.840331650000 1.933173970000
0.564527460000 0.747851730000 0.349322980000 1.048887360000
0.000000000000 0.000000000000 0.000000000000 1.000000000000
24 46 60
0.977908340000 0.030654130000 0.206774290000 -0.874579070000
-0.098000290000 -0.806509550000 0.583042270000 -1.004425440000
0.184638090000 -0.590425840000 -0.785688300000 4.703416290000
0.000000000000 0.000000000000 0.000000000000 1.000000000000
24 47 60
0.976716718000 -0.214152025000 -0.012781347700 -0.084253150700
0.214126040000 0.976800178000 -0.003384061560 0.192344360000
0.013209526400 0.000568450128 0.999912589000 0.074747393500
0.000000000000 0.000000000000 0.000000000000 1.000000000000
24 48 60
-0.398005920000 -0.637892310000 0.659306220000 -2.405639220000
-0.877893990000 0.473424250000 -0.071913950000 -0.404604920000
-0.266258190000 -0.607423150000 -0.748427480000 3.737624430000
0.000000000000 0.000000000000 0.000000000000 1.000000000000
24 49 60
-0.520268460000 -0.704197900000 0.483141850000 -1.739664880000
0.199615330000 0.449790350000 0.870541420000 -2.328740690000
-0.830345980000 0.549357770000 -0.093443040000 2.430527480000
0.000000000000 0.000000000000 0.000000000000 1.000000000000
24 50 60
0.903050300000 0.211666440000 0.373761250000 -0.970185960000
-0.081181110000 0.938576320000 -0.335386530000 0.913918260000
-0.421793530000 0.272528550000 0.864764940000 0.281863370000
0.000000000000 0.000000000000 0.000000000000 1.000000000000
24 51 60
0.090390980000 0.575638140000 -0.812693180000 1.864754900000
-0.321888370000 0.789121180000 0.523140170000 -0.909322750000
0.942452840000 0.214309330000 0.256620660000 0.566142820000
0.000000000000 0.000000000000 0.000000000000 1.000000000000
24 52 60
-0.496300160000 -0.099034110000 -0.862483850000 1.751380560000
-0.690528730000 -0.557094370000 0.461319780000 -0.170226210000
-0.526171290000 0.824522960000 0.208100130000 1.947500780000
0.000000000000 0.000000000000 0.000000000000 1.000000000000
24 53 60
-0.525704220000 -0.258636190000 -0.810396440000 1.306330330000
-0.634925970000 -0.514709660000 0.576144930000 -0.504416100000
-0.566130810000 0.817423570000 0.106370200000 2.013641890000
0.000000000000 0.000000000000 0.000000000000 1.000000000000
24 54 60
0.865186060000 -0.132960330000 0.483502460000 -1.658642670000
-0.237226760000 0.740957520000 0.628255850000 -0.640177840000
-0.441787890000 -0.658257930000 0.609524370000 0.814614740000
0.000000000000 0.000000000000 0.000000000000 1.000000000000
24 55 60
0.546646580000 -0.498157010000 0.673065450000 -1.341311010000
0.563968230000 -0.375120860000 -0.735679400000 2.289564330000
0.618964740000 0.781744160000 0.075886190000 2.289568940000
0.000000000000 0.000000000000 0.000000000000 1.000000000000
24 56 60
-0.896604440000 -0.394305050000 -0.201553970000 -0.379265440000
0.233014060000 -0.807126790000 0.542448890000 -0.814756030000
-0.376569940000 0.439397170000 0.815552080000 0.737016720000
0.000000000000 0.000000000000 0.000000000000 1.000000000000
24 57 60
0.469013400000 -0.167165290000 0.867226730000 -2.786867090000
0.069014390000 -0.971984930000 -0.224682670000 -0.116196890000
0.880490460000 0.165230310000 -0.444337150000 3.093556660000
0.000000000000 0.000000000000 0.000000000000 1.000000000000
24 58 60
0.805527840000 -0.408258550000 -0.429476260000 0.245652910000
0.507252920000 0.100444820000 0.855923660000 -1.414394720000
-0.306299490000 -0.907323420000 0.288001440000 1.810603400000
0.000000000000 0.000000000000 0.000000000000 1.000000000000
24 59 60
-0.707791950000 -0.071541440000 0.702789000000 -2.122587300000
0.616747920000 -0.547686880000 0.565385780000 -0.516644240000
0.344459800000 0.833619160000 0.431771400000 1.481105600000
0.000000000000 0.000000000000 0.000000000000 1.000000000000
25 27 60
-0.888237510000 0.180310210000 0.422519060000 -0.860336070000
0.380680790000 0.803717690000 0.457296420000 -0.841402350000
-0.257130830000 0.567032730000 -0.782532830000 3.446213000000
0.000000000000 0.000000000000 0.000000000000 1.000000000000
25 28 60
0.884186190000 -0.235004580000 -0.403717270000 1.095033920000
0.267122090000 0.963357400000 0.024255250000 -0.323782270000
0.383223920000 -0.129287950000 0.914562220000 0.637113310000
0.000000000000 0.000000000000 0.000000000000 1.000000000000
25 29 60
0.193317310000 -0.594448060000 0.780551040000 -1.346653480000
-0.979900010000 -0.156903860000 0.123195580000 -0.166704170000
0.049238100000 -0.788677800000 -0.612831890000 3.373861880000
0.000000000000 0.000000000000 0.000000000000 1.000000000000
25 30 60
0.227859770000 -0.722660390000 -0.652565620000 1.928775040000
-0.966578260000 -0.087002100000 -0.241157850000 0.427163820000
0.117500650000 0.685705910000 -0.718332090000 3.252170290000
0.000000000000 0.000000000000 0.000000000000 1.000000000000
25 31 60
0.501024040000 -0.404322930000 -0.765178330000 2.284647890000
-0.195144720000 0.808604820000 -0.555046650000 1.594619770000
0.843144970000 0.427412230000 0.326228970000 1.732946410000
0.000000000000 0.000000000000 0.000000000000 1.000000000000
25 32 60
-0.801465890000 -0.473885160000 0.364808550000 -0.373233810000
-0.578706590000 0.768400130000 -0.273239690000 0.299102320000
-0.150834710000 -0.430109400000 -0.890086960000 3.915199470000
0.000000000000 0.000000000000 0.000000000000 1.000000000000
25 33 60
0.079689650000 -0.029159030000 -0.996393150000 2.698660390000
-0.890177900000 -0.451910170000 -0.057969790000 -0.355992990000
-0.448589860000 0.891586760000 -0.061969290000 1.476012310000
0.000000000000 0.000000000000 0.000000000000 1.000000000000
25 34 60
-0.950549050000 0.303591360000 -0.065488830000 -0.014940880000
-0.294641140000 -0.948179210000 -0.118923450000 0.919422030000
-0.098199280000 -0.093746870000 0.990741350000 -0.142553620000
0.000000000000 0.000000000000 0.000000000000 1.000000000000
25 35 60
-0.374249000000 0.794367840000 0.478453160000 -1.925323770000
0.862250550000 0.108217620000 0.494785750000 -0.543479060000
0.341264830000 0.597719570000 -0.725444440000 4.421611350000
0.000000000000 0.000000000000 0.000000000000 1.000000000000
25 36 60
0.674042610000 -0.732658230000 0.094225690000 0.072959230000
-0.726441520000 -0.680583830000 -0.095332870000 0.479247670000
0.133974890000 -0.004191030000 -0.990975860000 3.902808310000
0.000000000000 0.000000000000 0.000000000000 1.000000000000
25 37 60
-0.727102720000 -0.686451710000 -0.010280480000 -0.112395630000
-0.565629400000 0.590504410000 0.575645660000 -0.991164560000
-0.389082280000 0.424368470000 -0.817634630000 4.736091240000
0.000000000000 0.000000000000 0.000000000000 1.000000000000
25 38 60
0.995215980000 0.039580140000 -0.089322830000 0.504987450000
-0.041591630000 0.998918770000 -0.020770780000 0.684304720000
0.088404140000 0.024386490000 0.995786130000 -0.600201670000
0.000000000000 0.000000000000 0.000000000000 1.000000000000
25 39 60
0.982874310000 -0.170230790000 0.070566060000 0.390162220000
0.178935780000 0.973167150000 -0.144664020000 0.847553250000
-0.044046300000 0.154813340000 0.986961370000 -0.971609260000
0.000000000000 0.000000000000 0.000000000000 1.000000000000
25 40 60
0.293088210000 -0.306988760000 -0.905459660000 2.355839350000
-0.953686610000 -0.160915850000 -0.254141570000 0.324775740000
-0.067684200000 0.938010660000 -0.339933610000 2.292647540000
0.000000000000 0.000000000000 0.000000000000 1.000000000000
25 41 60
-0.142954080000 -0.167079350000 -0.975524790000 2.499596520000
-0.928277940000 -0.319263710000 0.190711180000 -0.583275640000
-0.343313570000 0.932821080000 -0.109456030000 2.142393940000
0.000000000000 0.000000000000 0.000000000000 1.000000000000
25 42 60
0.075572040000 0.109769080000 0.991080020000 -2.550058020000
-0.990105840000 -0.109591880000 0.087635830000 -0.482499170000
0.118234030000 -0.987896940000 0.100400930000 2.049061760000
0.000000000000 0.000000000000 0.000000000000 1.000000000000
25 43 60
0.905545932000 0.001259510700 0.424246366000 -0.738248476000
-0.414389857000 -0.211696744000 0.885135885000 -2.715742510000
0.090926412700 -0.977334591000 -0.191179197000 2.974267520000
0.000000000000 0.000000000000 0.000000000000 1.000000000000
25 44 60
0.661888750000 0.520432650000 -0.539493410000 1.281379670000
0.673095180000 -0.729394040000 0.122176940000 0.160076420000
-0.329918410000 -0.443997960000 -0.833078420000 4.339406940000
0.000000000000 0.000000000000 0.000000000000 1.000000000000
25 45 60
-0.775196270000 0.572754330000 0.266501840000 -0.910357700000
-0.008163320000 0.412749160000 -0.910808150000 2.180802030000
-0.631667720000 -0.708230620000 -0.315286030000 3.221132890000
0.000000000000 0.000000000000 0.000000000000 1.000000000000
25 46 60
0.693689160000 -0.718652540000 0.048310140000 0.753999560000
0.330309570000 0.257798180000 -0.907984410000 2.601882020000
0.640071040000 0.645816250000 0.416209610000 1.066625080000
0.000000000000 0.000000000000 0.000000000000 1.000000000000
25 47 60
-0.489451100000 -0.396634660000 -0.776607090000 1.532984670000
-0.695141730000 -0.360244330000 0.622094850000 -1.400763630000
-0.526512680000 0.844337000000 -0.099395320000 1.602978550000
0.000000000000 0.000000000000 0.000000000000 1.000000000000
25 48 60
0.262614650000 0.326354260000 0.908034380000 -2.102643120000
0.334146170000 -0.913594650000 0.231713510000 0.022259580000
0.905196050000 0.242564850000 -0.348973370000 2.947719930000
0.000000000000 0.000000000000 0.000000000000 1.000000000000
25 49 60
0.756612890000 -0.376141510000 -0.534840620000 1.636495700000
0.281003160000 0.925633450000 -0.253455980000 1.070456250000
0.590401690000 0.041476160000 0.806043160000 -0.550303260000
0.000000000000 0.000000000000 0.000000000000 1.000000000000
25 50 60
-0.047099370000 -0.998141260000 0.038673880000 0.417873320000
-0.948596800000 0.032564020000 -0.314807410000 0.886344940000
0.312962890000 -0.051513150000 -0.948367350000 3.993387280000
0.000000000000 0.000000000000 0.000000000000 1.000000000000
25 51 60
0.901279130000 -0.379045480000 -0.209810510000 0.322530890000
-0.317090810000 -0.907130500000 0.276708660000 -0.750066230000
-0.295210680000 -0.182862750000 -0.937769620000 5.554382520000
0.000000000000 0.000000000000 0.000000000000 1.000000000000
25 52 60
0.809390980000 -0.165025620000 0.563606940000 -1.138968680000
0.140670960000 0.986247660000 0.086759620000 0.004049670000
-0.570173590000 0.009060680000 0.821474280000 0.884924790000
0.000000000000 0.000000000000 0.000000000000 1.000000000000
25 53 60
-0.214778820000 0.454697300000 -0.864361280000 1.787643610000
0.053356980000 -0.878230610000 -0.475251550000 0.872621130000
-0.975204130000 -0.148193670000 0.164364060000 2.204159270000
0.000000000000 0.000000000000 0.000000000000 1.000000000000
25 54 60
0.595353610000 -0.158765950000 0.787621390000 -1.640947300000
-0.137338340000 -0.985964280000 -0.094934790000 -0.028265300000
0.791638970000 -0.051650850000 -0.608802050000 3.409685110000
0.000000000000 0.000000000000 0.000000000000 1.000000000000
25 55 60
0.739007610000 -0.663506180000 0.116736000000 0.936909090000
0.642503460000 0.746244550000 0.174093000000 0.170544850000
-0.202625390000 -0.053652770000 0.977785420000 0.375913640000
0.000000000000 0.000000000000 0.000000000000 1.000000000000
25 56 60
0.171337600000 -0.857358000000 -0.485366540000 0.894185310000
0.942632740000 0.285925850000 -0.172307670000 0.383648840000
0.286508200000 -0.427999610000 0.857163570000 0.566145360000
0.000000000000 0.000000000000 0.000000000000 1.000000000000
25 57 60
-0.531914380000 -0.585691170000 -0.611582330000 1.348370390000
0.725309060000 -0.687857370000 0.027910670000 -0.055114870000
-0.437028450000 -0.428740110000 0.790688340000 0.362918850000
0.000000000000 0.000000000000 0.000000000000 1.000000000000
25 58 60
0.293190420000 -0.813730030000 -0.501879280000 1.157399810000
0.928734210000 0.367009640000 -0.052504260000 -0.237085260000
0.226918820000 -0.450718710000 0.863342630000 0.261297600000
0.000000000000 0.000000000000 0.000000000000 1.000000000000
25 59 60
-0.769166470000 -0.636089010000 -0.061430470000 -0.080194830000
0.371846660000 -0.523665290000 0.766488570000 -1.038462890000
-0.519723960000 0.566714590000 0.639313360000 0.665581040000
0.000000000000 0.000000000000 0.000000000000 1.000000000000
26 28 60
0.978199650000 0.002573080000 -0.207650720000 -0.003596630000
-0.023558660000 0.994843040000 -0.098652490000 0.052234040000
0.206326030000 0.101393800000 0.973215730000 0.013251200000
0.000000000000 0.000000000000 0.000000000000 1.000000000000
26 29 60
-0.312126320000 0.563594940000 -0.764812330000 1.686411270000
-0.949523640000 -0.211616790000 0.231566830000 -0.289585790000
-0.031337240000 0.798485490000 0.601197890000 0.725438970000
0.000000000000 0.000000000000 0.000000000000 1.000000000000
26 30 60
-0.013811130000 -0.682311080000 -0.730931490000 2.096948860000
-0.733295600000 -0.490048340000 0.471306890000 -0.899710660000
-0.679769680000 0.542498130000 -0.493567590000 2.848790090000
0.000000000000 0.000000000000 0.000000000000 1.000000000000
26 31 60
-0.080848697900 -0.956484520000 0.280358435000 -1.209796680000
0.971302507000 -0.012480973200 0.237519822000 0.000400872664
-0.223684886000 0.291516019000 0.930044882000 -0.773707131000
0.000000000000 0.000000000000 0.000000000000 1.000000000000
26 32 60
0.998450302000 -0.055650412000 0.000161883395 0.136920532000
0.055650359400 0.998431549000 -0.006122079910 0.466876006000
0.000179066781 0.006121601400 0.999981247000 0.202562098000
0.000000000000 0.000000000000 0.000000000000 1.000000000000
26 33 60
0.879417446000 -0.454048818000 0.143054632000 0.713644033000
0.476050441000 0.838159986000 -0.266202584000 0.966906686000
0.000966300299 0.302204417000 0.953242654000 -0.582294164000
0.000000000000 0.000000000000 0.000000000000 1.000000000000
26 34 60
-0.535296980000 -0.795341340000 0.284410430000 -0.034964380000
-0.436013840000 0.548569550000 0.713416700000 -1.688869070000
-0.723428690000 0.257882920000 -0.640427460000 3.444887720000
0.000000000000 0.000000000000 0.000000000000 1.000000000000
26 35 60
0.510078250000 0.859972280000 0.016366430000 0.315142500000
0.847935880000 -0.505949390000 0.158176970000 0.223125240000
0.144308390000 -0.066804950000 -0.987275130000 4.919731890000
0.000000000000 0.000000000000 0.000000000000 1.000000000000
26 36 60
-0.064130500000 -0.094570230000 0.993450430000 -2.431093940000
-0.954847820000 0.295196320000 -0.033537740000 0.443648800000
-0.290091240000 -0.950744760000 -0.109231270000 2.076422270000
0.000000000000 0.000000000000 0.000000000000 1.000000000000
26 37 60
0.858749740000 0.008335130000 0.512327450000 -1.490690680000
0.441991750000 -0.517870830000 -0.732429590000 1.667604400000
0.259214540000 0.855418220000 -0.448405490000 3.823816130000
0.000000000000 0.000000000000 0.000000000000 1.000000000000
26 38 60
0.935575460000 0.353108800000 -0.003568540000 0.520679390000
-0.353100320000 0.935581280000 0.002799000000 0.660771910000
0.004327010000 -0.001358630000 0.999989720000 -0.689154780000
0.000000000000 0.000000000000 0.000000000000 1.000000000000
26 39 60
0.820556560000 0.543775070000 0.176055690000 -0.545717680000
0.125282680000 -0.471647720000 0.872841720000 -1.954040880000
0.557665840000 -0.694159270000 -0.455139230000 3.641352350000
0.000000000000 0.000000000000 0.000000000000 1.000000000000
26 40 60
-0.305071230000 0.093934170000 -0.947685560000 2.304069650000
-0.938024540000 0.142193400000 0.316055380000 -0.581693620000
0.164443030000 0.985371710000 0.044733440000 1.260804340000
0.000000000000 0.000000000000 0.000000000000 1.000000000000
26 41 60
0.931995480000 -0.286548780000 -0.221978000000 0.278218220000
-0.061817590000 0.477776890000 -0.876303500000 1.800729930000
0.357159650000 0.830433040000 0.427572150000 0.615847160000
0.000000000000 0.000000000000 0.000000000000 1.000000000000
26 42 60
-0.865307150000 -0.490930390000 0.101147860000 0.088276640000
0.404972040000 -0.565820410000 0.718223440000 -1.645827120000
-0.295366190000 0.662445930000 0.688421530000 0.278632520000
0.000000000000 0.000000000000 0.000000000000 1.000000000000
26 43 60
0.963365030000 0.039955050000 -0.265200710000 0.621989930000
-0.043508200000 0.999024660000 -0.007534650000 -0.064519030000
0.264641000000 0.018797020000 0.964163790000 -0.292080990000
0.000000000000 0.000000000000 0.000000000000 1.000000000000
26 44 60
-0.361095770000 0.428044560000 0.828485190000 -2.752351300000
-0.705335820000 0.455794410000 -0.542911450000 1.114430380000
-0.610009210000 -0.780403300000 0.137329720000 1.598323540000
0.000000000000 0.000000000000 0.000000000000 1.000000000000
26 45 60
-0.939701170000 0.030103760000 0.340669150000 -0.927210150000
0.214272440000 -0.724544720000 0.655074240000 -0.811342370000
0.266550240000 0.688570040000 0.674405120000 0.245628070000
0.000000000000 0.000000000000 0.000000000000 1.000000000000
26 46 60
0.479068150000 -0.571293760000 -0.666421150000 2.778700050000
-0.384884150000 0.545622860000 -0.744419160000 1.725335890000
0.788896640000 0.613122440000 0.041508620000 2.397765090000
0.000000000000 0.000000000000 0.000000000000 1.000000000000
26 47 60
-0.774886600000 0.468896830000 -0.423894460000 0.474561370000
0.492093360000 0.026595810000 -0.870136070000 2.413799040000
-0.396730230000 -0.882852440000 -0.251349760000 2.913894640000
0.000000000000 0.000000000000 0.000000000000 1.000000000000
26 48 60
0.960628650000 0.205719550000 0.186740640000 -0.497409870000
-0.169690570000 0.966624200000 -0.191944690000 0.205470730000
-0.219994800000 0.152699450000 0.963475570000 -0.381119490000
0.000000000000 0.000000000000 0.000000000000 1.000000000000
26 49 60
0.689048080000 0.124865090000 0.713877760000 -1.361533150000
0.422585810000 -0.869473350000 -0.255807200000 0.830168300000
0.588756300000 0.477938080000 -0.651875160000 3.143239750000
0.000000000000 0.000000000000 0.000000000000 1.000000000000
26 50 60
0.029062160000 -0.203094920000 -0.978727670000 1.376478640000
0.381777910000 0.907165340000 -0.176908640000 0.628648970000
0.923797060000 -0.368515260000 0.103901340000 2.181534410000
0.000000000000 0.000000000000 0.000000000000 1.000000000000
26 51 60
0.164240980000 0.947251070000 -0.275209590000 1.501551450000
-0.835987700000 0.281759080000 0.470888930000 -0.569648940000
0.523592840000 0.152732580000 0.838166630000 -0.952650560000
0.000000000000 0.000000000000 0.000000000000 1.000000000000
26 52 60
0.271037720000 -0.066642040000 0.960259020000 -2.187820400000
-0.083657530000 -0.995456540000 -0.045472010000 0.209357980000
0.958926470000 -0.068008270000 -0.275381380000 2.291157760000
0.000000000000 0.000000000000 0.000000000000 1.000000000000
26 53 60
0.886896110000 0.051143240000 0.459129240000 -1.479886350000
-0.125800240000 0.983031300000 0.133505630000 -0.003754600000
-0.444510510000 -0.176164190000 0.878280470000 0.494578560000
0.000000000000 0.000000000000 0.000000000000 1.000000000000
26 54 60
0.448352460000 0.097820210000 0.888488200000 -1.563278720000
0.053765570000 -0.995145370000 0.082431490000 -0.270861560000
0.892238390000 0.010811710000 -0.451435230000 2.960323140000
0.000000000000 0.000000000000 0.000000000000 1.000000000000
26 55 60
0.019212740000 0.997814500000 0.063222520000 -0.197677910000
0.756304880000 -0.055863110000 0.651829920000 -0.251688020000
0.653937160000 0.035292060000 -0.755725260000 3.901004520000
0.000000000000 0.000000000000 0.000000000000 1.000000000000
26 56 60
0.925701790000 -0.184842970000 -0.330014060000 0.925269870000
0.060125980000 0.933280160000 -0.354080500000 0.722361440000
0.373444870000 0.307930530000 0.875052980000 0.619246240000
0.000000000000 0.000000000000 0.000000000000 1.000000000000
26 57 60
-0.602328860000 0.722596260000 -0.339196990000 0.843346910000
-0.747707340000 -0.659520270000 -0.077244720000 0.679329010000
-0.279524040000 0.207093350000 0.937538620000 0.128022700000
0.000000000000 0.000000000000 0.000000000000 1.000000000000
26 58 60
0.655271420000 -0.614151550000 0.439815000000 -0.782932690000
-0.537828710000 -0.788150960000 -0.299263000000 0.869371890000
0.530433450000 -0.040446640000 -0.846761140000 3.816882950000
0.000000000000 0.000000000000 0.000000000000 1.000000000000
26 59 60
0.590859720000 0.174182840000 -0.787746870000 1.790583760000
-0.687739330000 0.619214550000 -0.378930000000 0.987657860000
0.421781220000 0.765658980000 0.485661330000 1.076613500000
0.000000000000 0.000000000000 0.000000000000 1.000000000000
27 29 60
0.533184340000 0.096890130000 -0.840432490000 1.499554650000
-0.845891580000 0.045219740000 -0.531434480000 1.301811170000
-0.013486620000 0.994267310000 0.106069000000 1.290332440000
0.000000000000 0.000000000000 0.000000000000 1.000000000000
27 30 60
0.053476760000 -0.956869540000 -0.285553700000 0.945402780000
-0.888663130000 -0.176026770000 0.423429360000 -0.995869410000
-0.455431750000 0.231117420000 -0.859748020000 3.260481250000
0.000000000000 0.000000000000 0.000000000000 1.000000000000
27 31 60
0.595839480000 0.803028050000 0.011012320000 0.947610000000
-0.787807130000 0.581772280000 0.202239800000 -0.931711110000
0.155997570000 -0.129178040000 0.979274110000 -1.203501320000
0.000000000000 0.000000000000 0.000000000000 1.000000000000
27 32 60
-0.888743600000 -0.063427040000 -0.453995390000 1.031914230000
0.018486630000 -0.994534840000 0.102755490000 -0.406944330000
-0.458031710000 0.082930440000 0.885059030000 0.167390840000
0.000000000000 0.000000000000 0.000000000000 1.000000000000
27 33 60
-0.030050600000 0.949902620000 -0.311098020000 0.722740230000
0.939266660000 0.133286950000 0.316247910000 -0.370559510000
0.341870020000 -0.282700560000 -0.896217210000 4.403426090000
0.000000000000 0.000000000000 0.000000000000 1.000000000000
27 34 60
0.741690590000 0.670715880000 0.005940180000 -0.107092100000
0.670361430000 -0.740942130000 -0.040253080000 0.233123210000
-0.022597050000 0.033837400000 -0.999171860000 4.012889860000
0.000000000000 0.000000000000 0.000000000000 1.000000000000
27 35 60
0.725990810000 0.615430120000 0.306892680000 -0.115539320000
-0.192699700000 0.610428010000 -0.768273690000 1.929542970000
-0.660154660000 0.498621510000 0.561758320000 -0.490875560000
0.000000000000 0.000000000000 0.000000000000 1.000000000000
27 36 60
-0.854101270000 0.441646410000 -0.274698880000 1.215422120000
0.519952530000 0.712180670000 -0.471644000000 1.089738910000
-0.012664650000 -0.545662110000 -0.837909580000 3.523805620000
0.000000000000 0.000000000000 0.000000000000 1.000000000000
27 37 60
-0.108221780000 0.685438450000 -0.720043170000 1.668870150000
0.967372990000 0.239511590000 0.082605640000 -0.233316690000
0.229079770000 -0.687610590000 -0.688995020000 2.948740820000
0.000000000000 0.000000000000 0.000000000000 1.000000000000
27 38 60
-0.876216300000 -0.204100340000 -0.436563900000 0.925730080000
-0.184990140000 -0.694040220000 0.695763480000 -1.954535990000
-0.444998470000 0.690399320000 0.570372810000 0.453461170000
0.000000000000 0.000000000000 0.000000000000 1.000000000000
27 39 60
0.833552301000 -0.079245883100 0.546727218000 -2.104233850000
-0.544281000000 0.051660899100 0.837310781000 -2.417593060000
-0.094597851900 -0.995515566000 -0.000069967153 2.240197060000
0.000000000000 0.000000000000 0.000000000000 1.000000000000
27 40 60
0.988953150000 0.145672220000 0.027409300000 0.019956190000
-0.018574910000 -0.061663710000 0.997924130000 -2.698123820000
0.147059980000 -0.987409330000 -0.058276670000 2.485404970000
0.000000000000 0.000000000000 0.000000000000 1.000000000000
27 41 60
0.933352090000 -0.341325720000 0.111133410000 -0.407135700000
0.165929580000 0.135707860000 -0.976755210000 2.249306470000
0.318310000000 0.930096840000 0.183299250000 0.969288430000
0.000000000000 0.000000000000 0.000000000000 1.000000000000
27 42 60
-0.949343790000 0.299888690000 -0.093878340000 0.087186480000
0.276041250000 0.653103540000 -0.705164520000 1.367226780000
-0.150158590000 -0.695357850000 -0.702801440000 3.638630090000
0.000000000000 0.000000000000 0.000000000000 1.000000000000
27 43 60
-0.212978710000 -0.497878540000 0.840688430000 -2.233420290000
0.946717020000 0.107597120000 0.303561770000 -1.104603030000
-0.241592540000 0.860546240000 0.448434190000 0.286448290000
0.000000000000 0.000000000000 0.000000000000 1.000000000000
27 44 60
-0.845006850000 0.528101120000 0.084098920000 -1.032932110000
0.156499490000 0.394599830000 -0.905427460000 2.275685930000
-0.511342680000 -0.751930970000 -0.416087110000 2.983419120000
0.000000000000 0.000000000000 0.000000000000 1.000000000000
27 45 60
-0.890962530000 0.320586980000 -0.321573890000 0.855582640000
0.366981450000 0.091314860000 -0.925735500000 2.236117080000
-0.267414270000 -0.942807290000 -0.199007600000 2.789525510000
0.000000000000 0.000000000000 0.000000000000 1.000000000000
27 46 60
-0.845820090000 0.532877380000 0.025101370000 -0.324879720000
0.212606610000 0.379871810000 -0.900275420000 2.098363590000
-0.489271710000 -0.756134320000 -0.434596460000 3.159111060000
0.000000000000 0.000000000000 0.000000000000 1.000000000000
27 47 60
0.252661890000 -0.073613010000 0.964750280000 -2.395165150000
-0.940855870000 0.213926650000 0.262727270000 -1.315842380000
-0.225725940000 -0.974072130000 -0.015208120000 2.115266060000
0.000000000000 0.000000000000 0.000000000000 1.000000000000
27 48 60
-0.775788840000 -0.479357780000 0.410326450000 -0.680731600000
0.620781100000 -0.463303200000 0.632440490000 -1.432457690000
-0.113059710000 0.745363180000 0.657001700000 -0.192539330000
0.000000000000 0.000000000000 0.000000000000 1.000000000000
27 49 60
0.227935600000 -0.917222320000 0.326724000000 -0.568881710000
0.724143470000 -0.064624950000 -0.686614770000 1.633352210000
0.650892920000 0.393099000000 0.649470230000 -0.066656760000
0.000000000000 0.000000000000 0.000000000000 1.000000000000
27 50 60
0.502421510000 0.478995210000 -0.719816790000 1.719904100000
-0.342853100000 0.874641560000 0.342715470000 -0.839716760000
0.793740750000 0.074603790000 0.603663730000 1.053740850000
0.000000000000 0.000000000000 0.000000000000 1.000000000000
27 51 60
0.851707420000 0.517935700000 -0.079605770000 -0.449730180000
0.522569010000 -0.850783040000 0.055586370000 -0.870300540000
-0.038937070000 -0.088942830000 -0.995275380000 4.998917020000
0.000000000000 0.000000000000 0.000000000000 1.000000000000
27 52 60
0.020803180000 -0.973220210000 -0.228931540000 0.473248780000
0.773611030000 -0.129380140000 0.620311820000 -1.911950830000
-0.633319190000 -0.190008420000 0.750202370000 0.301909380000
0.000000000000 0.000000000000 0.000000000000 1.000000000000
27 53 60
-0.730218840000 -0.320355930000 -0.603450520000 1.437758230000
-0.258129900000 0.947150210000 -0.190461130000 0.237489110000
0.632573640000 0.016690320000 -0.774320360000 2.936031380000
0.000000000000 0.000000000000 0.000000000000 1.000000000000
27 54 60
0.283045570000 -0.924905480000 -0.253840600000 0.372870510000
0.939748330000 0.214537240000 0.266170720000 -1.448643870000
-0.191724500000 -0.313884720000 0.929902200000 -0.386469870000
0.000000000000 0.000000000000 0.000000000000 1.000000000000
27 55 60
0.672121140000 -0.654256440000 0.346701150000 -0.483250080000
0.707634430000 0.705407590000 -0.040664990000 0.349131280000
-0.217960290000 0.272669470000 0.937093740000 -0.495207880000
0.000000000000 0.000000000000 0.000000000000 1.000000000000
27 56 60
0.222168020000 -0.971688860000 0.080387310000 -0.138771990000
0.867317680000 0.159291030000 -0.471578640000 1.011785570000
0.445422740000 0.174491030000 0.878152300000 0.390244190000
0.000000000000 0.000000000000 0.000000000000 1.000000000000
27 57 60
-0.842777370000 0.452790540000 -0.291044720000 0.637623920000
-0.309013370000 -0.849733670000 -0.427157380000 0.492240970000
-0.440723320000 -0.270061870000 0.856054640000 -0.149909270000
0.000000000000 0.000000000000 0.000000000000 1.000000000000
27 58 60
-0.877371470000 -0.346815120000 -0.331569870000 0.831513150000
0.434755940000 -0.866985150000 -0.243565260000 0.861146150000
-0.202994040000 -0.357849170000 0.911447960000 -0.082179590000
0.000000000000 0.000000000000 0.000000000000 1.000000000000
27 59 60
0.722959350000 0.509174890000 -0.466980420000 1.371571840000
0.589306880000 -0.101666910000 0.801486890000 -1.374269050000
0.360620540000 -0.854637220000 -0.373561310000 2.787132790000
0.000000000000 0.000000000000 0.000000000000 1.000000000000
28 30 60
0.591122780000 -0.278962750000 -0.756804890000 2.196432660000
-0.798533780000 -0.070190140000 -0.597843750000 1.776312790000
0.113655900000 0.957733330000 -0.264252170000 1.823884240000
0.000000000000 0.000000000000 0.000000000000 1.000000000000
28 31 60
-0.263729190000 0.898859710000 -0.349997350000 1.752975850000
-0.804865980000 -0.005079800000 0.593434880000 -2.187092910000
0.531636780000 0.438207060000 0.724801290000 0.345383150000
0.000000000000 0.000000000000 0.000000000000 1.000000000000
28 32 60
0.629212060000 0.733039780000 -0.258350290000 0.611789870000
-0.776807580000 0.604114480000 -0.177808000000 0.740882770000
0.025732810000 0.312567400000 0.949546970000 0.244654680000
0.000000000000 0.000000000000 0.000000000000 1.000000000000
28 33 60
0.988172420000 0.151396790000 0.024377780000 1.177019910000
-0.148439920000 0.984280870000 -0.095690950000 0.348027530000
-0.038481880000 0.090940530000 0.995112540000 -0.863435900000
0.000000000000 0.000000000000 0.000000000000 1.000000000000
28 34 60
-0.270125890000 0.577261220000 -0.770585160000 2.412429030000
0.946958470000 0.014588130000 -0.321024660000 0.835368860000
-0.174073700000 -0.816429220000 -0.550583040000 3.350394890000
0.000000000000 0.000000000000 0.000000000000 1.000000000000
28 35 60
-0.793660490000 -0.136590100000 -0.592828950000 1.677590840000
-0.475497220000 -0.468572690000 0.744541480000 -1.718840050000
-0.379480450000 0.872801680000 0.306939420000 0.020180180000
0.000000000000 0.000000000000 0.000000000000 1.000000000000
28 36 60
0.442305280000 0.656848910000 -0.610668120000 1.697962800000
0.790673960000 -0.606964210000 -0.080181870000 0.176245670000
-0.423321060000 -0.447374520000 -0.787816800000 3.815385270000
0.000000000000 0.000000000000 0.000000000000 1.000000000000
28 37 60
-0.217860840000 -0.175839410000 0.960008940000 -1.767516930000
-0.975927650000 0.029076810000 -0.216147540000 0.553718630000
0.010093260000 -0.983989350000 -0.177941240000 2.027436590000
0.000000000000 0.000000000000 0.000000000000 1.000000000000
28 38 60
0.902704310000 -0.304138900000 0.304342670000 -0.463445830000
0.401392500000 0.850013560000 -0.341117300000 1.361883460000
-0.154948360000 0.430088920000 0.889389980000 -0.328819530000
0.000000000000 0.000000000000 0.000000000000 1.000000000000
28 39 60
0.977235270000 -0.209669220000 -0.032404440000 0.235064600000
0.147897680000 0.782753800000 -0.604502080000 1.552512990000
0.152110170000 0.585948210000 0.795944210000 -0.627094740000
0.000000000000 0.000000000000 0.000000000000 1.000000000000
28 40 60
-0.825995220000 -0.370821320000 0.424527310000 -0.166401180000
0.276246410000 0.390190560000 0.878316140000 -1.527884020000
-0.491344900000 0.842759080000 -0.219857480000 1.674769960000
0.000000000000 0.000000000000 0.000000000000 1.000000000000
28 41 60
0.130079140000 -0.532900810000 0.836119700000 -0.901783050000
0.421138830000 0.793130960000 0.439983360000 -0.486771710000
-0.897619910000 0.294889820000 0.327595010000 0.867355800000
0.000000000000 0.000000000000 0.000000000000 1.000000000000
28 42 60
-0.502319010000 -0.602897700000 0.619830610000 -0.898171970000
0.850761080000 -0.472713310000 0.229668700000 -0.694013750000
0.154535450000 0.642694710000 0.750374780000 -0.024851540000
0.000000000000 0.000000000000 0.000000000000 1.000000000000
28 43 60
-0.493828730000 -0.374066630000 0.784988750000 -2.066405110000
-0.835108380000 -0.047566340000 -0.548025030000 1.915104330000
0.242336920000 -0.926181190000 -0.288896550000 2.920985540000
0.000000000000 0.000000000000 0.000000000000 1.000000000000
28 44 60
0.640183280000 0.150588350000 -0.753318340000 2.244566670000
-0.149918810000 0.986235270000 0.069744790000 -0.102593010000
0.753451870000 0.068287140000 0.653947360000 0.521355440000
0.000000000000 0.000000000000 0.000000000000 1.000000000000
28 45 60
-0.809333280000 -0.055410000000 -0.584730170000 2.219801380000
0.574921970000 0.128973350000 -0.807979330000 2.386120840000
0.120184740000 -0.990098790000 -0.072526000000 2.340993780000
0.000000000000 0.000000000000 0.000000000000 1.000000000000
28 46 60
0.853066480000 -0.457955310000 0.250109010000 -0.234775560000
0.388072930000 0.236389030000 -0.890797180000 2.800152080000
0.348822270000 0.856969750000 0.379375620000 0.446268370000
0.000000000000 0.000000000000 0.000000000000 1.000000000000
28 47 60
0.793916830000 -0.140188310000 0.591644570000 -0.522324800000
-0.393085920000 -0.860702790000 0.323533870000 -0.444453680000
0.463874470000 -0.489426130000 -0.738432480000 3.832429950000
0.000000000000 0.000000000000 0.000000000000 1.000000000000
28 48 60
-0.274815120000 -0.061655310000 -0.959518250000 3.138570190000
-0.878401620000 -0.389729510000 0.276625210000 -0.089089670000
-0.391007990000 0.918863170000 0.052945440000 1.660992430000
0.000000000000 0.000000000000 0.000000000000 1.000000000000
28 49 60
-0.899806510000 -0.013635950000 -0.436076020000 0.811510030000
0.312857010000 0.676477270000 -0.666707580000 1.671558200000
0.304086710000 -0.736337260000 -0.604432550000 3.221280100000
0.000000000000 0.000000000000 0.000000000000 1.000000000000
28 50 60
0.755319680000 -0.038889200000 0.654201660000 -1.236705570000
0.025594360000 -0.995725790000 -0.088741600000 0.196896340000
0.654856560000 0.083772150000 -0.751095940000 3.327681020000
0.000000000000 0.000000000000 0.000000000000 1.000000000000
28 51 60
-0.497056900000 -0.863200810000 -0.088423990000 0.833940520000
0.387027110000 -0.311753560000 0.867767100000 -2.437233570000
-0.776623760000 0.397107140000 0.489041370000 0.835346120000
0.000000000000 0.000000000000 0.000000000000 1.000000000000
28 52 60
-0.446413510000 0.071337460000 -0.891978670000 1.825149760000
-0.007900250000 -0.997092490000 -0.075790230000 0.248260750000
-0.894791910000 -0.026786930000 0.445679140000 1.175866760000
0.000000000000 0.000000000000 0.000000000000 1.000000000000
28 53 60
0.762891310000 0.113633200000 0.636462370000 -1.055664550000
0.169572730000 -0.985137480000 -0.027371990000 0.509205190000
0.623892570000 0.128808520000 -0.770821910000 3.240136290000
0.000000000000 0.000000000000 0.000000000000 1.000000000000
28 54 60
-0.082992580000 0.913407590000 -0.398495690000 1.402573750000
-0.756359590000 -0.318099570000 -0.571605490000 1.459489760000
-0.648870100000 0.253967020000 0.717264490000 0.658341870000
0.000000000000 0.000000000000 0.000000000000 1.000000000000
28 55 60
-0.784544530000 0.239885440000 -0.571790920000 1.311247070000
-0.498602350000 -0.792256780000 0.351745490000 -0.642009640000
-0.368626610000 0.561056300000 0.741168170000 0.149738990000
0.000000000000 0.000000000000 0.000000000000 1.000000000000
28 56 60
0.838074340000 0.435187430000 -0.329003510000 0.844666350000
-0.537739820000 0.760666920000 -0.363623050000 0.552321330000
0.092017900000 0.481661430000 0.871513040000 0.416677870000
0.000000000000 0.000000000000 0.000000000000 1.000000000000
28 57 60
0.282785060000 -0.920355750000 -0.270144240000 -0.119379510000
0.953456000000 0.300449340000 -0.025531420000 0.308343830000
0.104662640000 -0.250350750000 0.962481290000 -0.287192500000
0.000000000000 0.000000000000 0.000000000000 1.000000000000
28 58 60
-0.021245640000 -0.999568500000 -0.020283840000 0.463913750000
-0.881424520000 0.028301990000 -0.471476210000 1.386944600000
0.471846850000 0.007861860000 -0.881645480000 3.695123720000
0.000000000000 0.000000000000 0.000000000000 1.000000000000
28 59 60
-0.947051280000 -0.136959620000 0.290406510000 -0.958672130000
-0.319641230000 0.316559890000 -0.893095360000 2.412977610000
0.030386950000 -0.938632990000 -0.343576390000 2.618292620000
0.000000000000 0.000000000000 0.000000000000 1.000000000000
29 31 60
0.453963370000 0.568099050000 -0.686426060000 2.745561220000
-0.559715580000 0.781231600000 0.276397660000 -1.080471250000
0.693278970000 0.258728940000 0.672624410000 0.988046230000
0.000000000000 0.000000000000 0.000000000000 1.000000000000
29 32 60
-0.855856410000 0.431641070000 0.284948760000 -0.887747660000
0.303367060000 0.865149910000 -0.399354560000 0.639502430000
-0.418901220000 -0.255346090000 -0.871389770000 3.795894360000
0.000000000000 0.000000000000 0.000000000000 1.000000000000
29 33 60
0.575359210000 0.368557000000 0.730155820000 -1.846383680000
0.452071540000 0.600660660000 -0.659422550000 1.822019170000
-0.681610670000 0.709487500000 0.178981510000 1.205095770000
0.000000000000 0.000000000000 0.000000000000 1.000000000000
29 34 60
0.669276870000 -0.610378050000 0.423682790000 -1.293342580000
-0.463885040000 -0.788694790000 -0.403449130000 1.272849240000
0.580412900000 0.073479060000 -0.811000420000 4.052437010000
0.000000000000 0.000000000000 0.000000000000 1.000000000000
29 35 60
0.893942260000 -0.034977630000 -0.446815170000 1.398306970000
-0.184835350000 0.879446830000 -0.438644690000 0.389269300000
0.408292940000 0.474710270000 0.779709590000 -0.244684710000
0.000000000000 0.000000000000 0.000000000000 1.000000000000
29 36 60
0.896611150000 -0.275458520000 0.346714660000 -0.939638460000
-0.349230660000 -0.921266910000 0.171187690000 -0.600426540000
0.272261630000 -0.274572180000 -0.922216740000 4.090020960000
0.000000000000 0.000000000000 0.000000000000 1.000000000000
29 37 60
0.589893520000 -0.613421690000 0.525109000000 -1.109706310000
-0.483843850000 -0.789151030000 -0.378332900000 1.026764860000
0.646467910000 -0.030894640000 -0.762315390000 3.120139750000
0.000000000000 0.000000000000 0.000000000000 1.000000000000
29 38 60
-0.847619450000 -0.327304400000 -0.417627950000 0.810047670000
-0.190752160000 -0.546492980000 0.815450200000 -2.465760380000
-0.495131180000 0.770854880000 0.400784060000 1.623340020000
0.000000000000 0.000000000000 0.000000000000 1.000000000000
29 39 60
0.291024650000 0.237513490000 -0.926764260000 2.356714090000
-0.404116150000 0.908551550000 0.105944410000 -0.275979150000
0.867176330000 0.343687970000 0.360393940000 0.448995000000
0.000000000000 0.000000000000 0.000000000000 1.000000000000
29 40 60
0.624365330000 -0.258231900000 0.737213830000 -1.783386350000
0.372228210000 0.928089050000 0.009842210000 -0.529176440000
-0.686741650000 0.268266650000 0.675587820000 0.764151350000
0.000000000000 0.000000000000 0.000000000000 1.000000000000
29 41 60
0.209248520000 -0.371274300000 0.904638300000 -2.022015180000
0.877601600000 0.479349770000 -0.006263930000 -0.255885150000
-0.431312520000 0.795222730000 0.426134150000 0.847655430000
0.000000000000 0.000000000000 0.000000000000 1.000000000000
29 42 60
0.928980440000 0.226564030000 -0.292684270000 1.417168030000
-0.237954820000 0.971270210000 -0.003418270000 -0.178869660000
0.283501060000 0.072821140000 0.956203030000 0.027629500000
0.000000000000 0.000000000000 0.000000000000 1.000000000000
29 43 60
-0.895015580000 -0.140039760000 -0.423480790000 1.495686370000
-0.429446240000 0.014031340000 0.902983420000 -2.568349220000
-0.120511580000 0.990046460000 -0.072697820000 2.128581560000
0.000000000000 0.000000000000 0.000000000000 1.000000000000
29 44 60
0.998138177000 0.060867050700 -0.003922045410 0.099797895900
0.057238025900 -0.912531532000 0.404981496000 -0.800767683000
0.021071039100 -0.404451982000 -0.914316469000 4.617743320000
0.000000000000 0.000000000000 0.000000000000 1.000000000000
29 45 60
-0.487236380000 0.017034090000 0.873103970000 -2.037082410000
0.634977840000 0.693283560000 0.340824070000 -1.163785150000
-0.599503000000 0.720463560000 -0.348609240000 2.999550820000
0.000000000000 0.000000000000 0.000000000000 1.000000000000
29 46 60
0.614279520000 -0.081418590000 -0.784876860000 2.292555140000
0.432905180000 -0.796841070000 0.421470530000 -0.773618340000
-0.659737660000 -0.598677970000 -0.454236620000 3.381532380000
0.000000000000 0.000000000000 0.000000000000 1.000000000000
29 47 60
0.717638670000 0.212913390000 0.663070600000 -0.891481640000
0.537645600000 0.435784960000 -0.721823170000 1.476667410000
-0.442642010000 0.874505210000 0.198264190000 1.180870920000
0.000000000000 0.000000000000 0.000000000000 1.000000000000
29 48 60
0.989582500000 0.138641690000 -0.038793660000 0.801736100000
0.137904140000 -0.990220900000 -0.021095560000 0.230835530000
-0.041339020000 0.015525990000 -0.999024540000 4.729726240000
0.000000000000 0.000000000000 0.000000000000 1.000000000000
29 49 60
-0.226530290000 -0.548550680000 -0.804845440000 1.793636920000
-0.400438220000 0.805712970000 -0.436435370000 0.443751140000
0.887881330000 0.223425040000 -0.402179050000 2.944738200000
0.000000000000 0.000000000000 0.000000000000 1.000000000000
29 50 60
0.678069100000 0.040470790000 0.733883100000 -1.158480550000
-0.446364800000 0.815941140000 0.367421450000 -0.934600900000
-0.583935580000 -0.576716720000 0.571329210000 1.195238470000
0.000000000000 0.000000000000 0.000000000000 1.000000000000
29 51 60
0.289642100000 0.803411230000 -0.520228650000 1.737731670000
-0.865979900000 0.451465770000 0.215075490000 -0.101018630000
0.407659490000 0.388212640000 0.826501480000 -0.482899580000
0.000000000000 0.000000000000 0.000000000000 1.000000000000
29 52 60
0.677867750000 0.268372130000 0.684449930000 -1.436889520000
-0.532140680000 0.821482690000 0.204920680000 -0.319535540000
-0.507268780000 -0.503132770000 0.699668350000 0.700306190000
0.000000000000 0.000000000000 0.000000000000 1.000000000000
29 53 60
0.890751090000 -0.451975510000 0.047756090000 0.446265470000
-0.117501030000 -0.330517240000 -0.936457080000 1.591563060000
0.439039870000 0.828538770000 -0.347516180000 2.697057000000
0.000000000000 0.000000000000 0.000000000000 1.000000000000
29 54 60
-0.539003910000 0.630277080000 -0.558771500000 2.113482770000
-0.744288390000 -0.045810110000 0.666285390000 -1.358336400000
0.394347030000 0.775017570000 0.493799750000 1.202221790000
0.000000000000 0.000000000000 0.000000000000 1.000000000000
29 55 60
0.066059170000 -0.551562040000 0.831513980000 -1.662045570000
-0.087046350000 0.826971720000 0.555464410000 -1.345536630000
-0.994011630000 -0.109073770000 0.006617600000 1.685848920000
0.000000000000 0.000000000000 0.000000000000 1.000000000000
29 56 60
0.571812090000 0.639804310000 -0.513499150000 1.180236270000
-0.503501220000 0.767868260000 0.396061680000 -0.817721240000
0.647701670000 0.032074590000 0.761218610000 1.194855370000
0.000000000000 0.000000000000 0.000000000000 1.000000000000
29 57 60
-0.404853110000 -0.902768820000 -0.145266690000 0.071550060000
-0.753387090000 0.419363870000 -0.506499590000 1.286327310000
0.518171650000 -0.095615880000 -0.849915140000 3.694847280000
0.000000000000 0.000000000000 0.000000000000 1.000000000000
29 58 60
-0.862740430000 0.501727250000 -0.062838830000 -0.058041850000
-0.364515120000 -0.530989970000 0.764969530000 -1.059769730000
0.350439270000 0.682875840000 0.640993680000 0.333640990000
0.000000000000 0.000000000000 0.000000000000 1.000000000000
29 59 60
-0.214275750000 0.522228600000 -0.825447270000 1.519749970000
-0.501100230000 0.666623220000 0.551826090000 -1.080211150000
0.838441680000 0.531874770000 0.118847680000 2.195600500000
0.000000000000 0.000000000000 0.000000000000 1.000000000000
30 32 60
0.635764890000 -0.756259990000 -0.154511610000 0.463097580000
0.452303360000 0.527209350000 -0.719355250000 1.771301670000
0.625479560000 0.387454690000 0.677240130000 0.884873810000
0.000000000000 0.000000000000 0.000000000000 1.000000000000
30 33 60
0.951000560000 -0.059136950000 -0.303481070000 1.739862620000
0.032999470000 -0.956518850000 0.289797730000 -0.084511340000
-0.307423110000 -0.285612520000 -0.907698470000 4.765262000000
0.000000000000 0.000000000000 0.000000000000 1.000000000000
30 34 60
0.953119030000 -0.280792600000 -0.112781370000 0.050691880000
0.296727750000 0.794248710000 0.530209050000 -1.069503450000
-0.059302320000 -0.538817690000 0.840332510000 0.279602780000
0.000000000000 0.000000000000 0.000000000000 1.000000000000
30 35 60
0.386245420000 0.438770690000 -0.811353660000 2.276246010000
-0.506521290000 0.836016900000 0.210978500000 -1.017066930000
0.770876550000 0.329478420000 0.545154390000 1.459969710000
0.000000000000 0.000000000000 0.000000000000 1.000000000000
30 36 60
0.127305100000 -0.592304620000 0.795593270000 -1.936502620000
0.224089200000 0.798555580000 0.558652860000 -0.759692320000
-0.966218110000 0.107164500000 0.234389270000 1.379729670000
0.000000000000 0.000000000000 0.000000000000 1.000000000000
30 37 60
-0.735996020000 -0.167716870000 0.655881780000 -1.727237020000
-0.010142240000 0.971449340000 0.237030210000 0.510144680000
-0.676909890000 0.167801180000 -0.716683870000 4.819249880000
0.000000000000 0.000000000000 0.000000000000 1.000000000000
30 38 60
0.949171970000 0.084092240000 0.303316780000 -0.481234520000
0.257208090000 -0.762676950000 -0.593437330000 1.817710050000
0.181429250000 0.641289610000 -0.745540790000 4.432924690000
0.000000000000 0.000000000000 0.000000000000 1.000000000000
30 39 60
-0.899148510000 0.308988120000 -0.309932720000 1.364176320000
-0.004367570000 0.701814500000 0.712346350000 -1.561133900000
0.437621840000 0.641858820000 -0.629685940000 4.137850120000
0.000000000000 0.000000000000 0.000000000000 1.000000000000
30 40 60
0.713401800000 -0.680660650000 0.166610180000 -0.864623230000
-0.094599870000 0.142036140000 0.985330710000 -2.442547090000
-0.694340510000 -0.718698000000 0.036938430000 2.559825270000
0.000000000000 0.000000000000 0.000000000000 1.000000000000
30 41 60
0.161040840000 0.674866980000 -0.720153040000 1.544050970000
0.339833240000 -0.722973740000 -0.601516690000 1.928614430000
-0.926595500000 -0.147863190000 -0.345770530000 3.050312030000
0.000000000000 0.000000000000 0.000000000000 1.000000000000
30 42 60
0.938386860000 -0.339764610000 0.063167360000 0.063115020000
0.300962120000 0.893287830000 0.333854250000 -0.208374100000
-0.169858490000 -0.294273450000 0.940505840000 0.001702020000
0.000000000000 0.000000000000 0.000000000000 1.000000000000
30 43 60
-0.404841300000 -0.477419430000 0.779855250000 -2.176967670000
-0.079007040000 0.867946390000 0.490333500000 -1.190350950000
-0.910967290000 0.136893200000 -0.389100040000 2.753400040000
0.000000000000 0.000000000000 0.000000000000 1.000000000000
30 44 60
-0.643246380000 0.749502710000 0.156460130000 -0.682428180000
-0.193499510000 0.038580920000 -0.980341500000 3.122085300000
-0.740804990000 -0.660876080000 0.120211370000 2.717750610000
0.000000000000 0.000000000000 0.000000000000 1.000000000000
30 45 60
-0.474168500000 0.774579540000 0.418557970000 -1.792885420000
-0.879344290000 -0.392996250000 -0.268900640000 0.987975310000
-0.043793220000 -0.495560780000 0.867468540000 0.462316500000
0.000000000000 0.000000000000 0.000000000000 1.000000000000
30 46 60
-0.628312300000 0.032568360000 0.777279200000 -2.214918520000
-0.039706850000 0.996478580000 -0.073849870000 0.202956890000
-0.776947240000 -0.077264090000 -0.624806570000 3.360348340000
0.000000000000 0.000000000000 0.000000000000 1.000000000000
30 47 60
0.939710940000 0.339581480000 -0.040345610000 0.327902730000
-0.181913330000 0.596296940000 0.781880750000 -1.825332310000
0.289570190000 -0.727402490000 0.622121150000 1.150952680000
0.000000000000 0.000000000000 0.000000000000 1.000000000000
30 48 60
-0.691080240000 0.636329330000 0.342772640000 -1.264219660000
0.377903710000 0.722370210000 -0.579111440000 1.745118260000
-0.616114340000 -0.270677420000 -0.739687000000 4.467614510000
0.000000000000 0.000000000000 0.000000000000 1.000000000000
30 49 60
0.828079550000 -0.412568440000 0.379567560000 -0.809024840000
0.282197780000 0.891786680000 0.353667810000 -0.545035750000
-0.484405480000 -0.185751960000 0.854896220000 0.508000950000
0.000000000000 0.000000000000 0.000000000000 1.000000000000
30 50 60
0.669458230000 -0.742468620000 -0.023791240000 -0.056519250000
0.724283570000 0.645275960000 0.242965530000 -0.348564740000
-0.165042370000 -0.179886880000 0.969743120000 -0.047123820000
0.000000000000 0.000000000000 0.000000000000 1.000000000000
30 51 60
0.960210520000 -0.192002380000 0.202807430000 -0.413909400000
0.183240170000 0.981154270000 0.061313420000 -0.167596830000
-0.210757700000 -0.021711320000 0.977297200000 0.376054460000
0.000000000000 0.000000000000 0.000000000000 1.000000000000
30 52 60
0.455449050000 0.691810070000 0.560325780000 -1.263517810000
-0.752626760000 -0.036975090000 0.657408400000 -0.633471400000
0.475519850000 -0.721132210000 0.503834500000 1.273944960000
0.000000000000 0.000000000000 0.000000000000 1.000000000000
30 53 60
0.980514630000 0.050668460000 0.189799270000 -0.675862350000
-0.170031730000 0.702790030000 0.690778830000 -0.893114610000
-0.098388330000 -0.709590640000 0.697711150000 1.351781250000
0.000000000000 0.000000000000 0.000000000000 1.000000000000
30 54 60
-0.894136350000 -0.443678620000 -0.060576180000 0.806924680000
-0.158927660000 0.187952390000 0.969234700000 -1.652916300000
-0.418643270000 0.876255200000 -0.238567870000 3.656175500000
0.000000000000 0.000000000000 0.000000000000 1.000000000000
30 55 60
0.915816640000 -0.346946790000 0.202256760000 0.256526030000
0.269467240000 0.904307040000 0.331083360000 -0.141932810000
-0.297770520000 -0.248710080000 0.921670230000 0.564985740000
0.000000000000 0.000000000000 0.000000000000 1.000000000000
30 56 60
-0.962080750000 -0.227596620000 0.150334340000 -0.389400050000
-0.188847290000 0.953482530000 0.234963330000 -0.004312770000
-0.196818030000 0.197663460000 -0.960308190000 3.903094210000
0.000000000000 0.000000000000 0.000000000000 1.000000000000
30 57 60
0.642898940000 -0.747247490000 0.168232390000 -0.610423470000
-0.130743210000 0.109355900000 0.985366680000 -1.190726690000
-0.754709990000 -0.655486440000 -0.027392750000 2.751804820000
0.000000000000 0.000000000000 0.000000000000 1.000000000000
30 58 60
-0.545240120000 -0.055274570000 0.836455580000 -1.766977080000
0.252580320000 0.940619130000 0.226801330000 -0.480537630000
-0.799322460000 0.334933400000 -0.498902010000 3.343739090000
0.000000000000 0.000000000000 0.000000000000 1.000000000000
30 59 60
0.898201690000 -0.219336580000 0.380953010000 -0.238472650000
0.024361240000 0.890127750000 0.455059460000 -0.136264340000
-0.438908030000 -0.399454690000 0.804857560000 0.535345170000
0.000000000000 0.000000000000 0.000000000000 1.000000000000
31 33 60
0.828093590000 0.400411440000 0.392341290000 -1.123611480000
0.035434640000 0.661085440000 -0.749473430000 1.161621210000
-0.559468850000 0.634536610000 0.533252180000 1.086175170000
0.000000000000 0.000000000000 0.000000000000 1.000000000000
31 34 60
-0.561237090000 0.719102940000 0.409760760000 -0.925983490000
-0.820313990000 -0.549096220000 -0.159932170000 0.376101920000
0.109990390000 -0.425892350000 0.898063370000 -0.052118970000
0.000000000000 0.000000000000 0.000000000000 1.000000000000
31 35 60
0.439412210000 -0.717507040000 0.540463280000 -1.753057420000
0.383553340000 0.693920730000 0.609393840000 -2.462319560000
-0.812283050000 -0.060478600000 0.580119460000 0.815569100000
0.000000000000 0.000000000000 0.000000000000 1.000000000000
31 36 60
0.965968170000 0.131590810000 -0.222686670000 -0.354928030000
0.116931320000 -0.990084780000 -0.077840890000 -0.057972670000
-0.230721830000 0.049152770000 -0.971777470000 4.859536670000
0.000000000000 0.000000000000 0.000000000000 1.000000000000
31 37 60
0.982759200000 -0.152140050000 0.105060730000 -0.836632310000
0.154736610000 0.987809920000 -0.016974730000 0.382099790000
-0.101197490000 0.032938810000 0.994320930000 0.685963810000
0.000000000000 0.000000000000 0.000000000000 1.000000000000
31 38 60
0.989327129000 -0.101314059000 0.104724843000 -0.311455874000
-0.100280210000 -0.994844578000 -0.015104443100 -0.274904181000
0.105715235000 0.004441406030 -0.994386526000 4.637962650000
0.000000000000 0.000000000000 0.000000000000 1.000000000000
31 39 60
0.862053530000 0.070354590000 -0.501910300000 1.299521580000
0.331687450000 -0.827099660000 0.453750570000 -1.147890350000
-0.383206400000 -0.557634630000 -0.736339920000 4.411765870000
0.000000000000 0.000000000000 0.000000000000 1.000000000000
31 41 60
0.967677600000 0.029125390000 -0.250503030000 -0.418762700000
-0.049361450000 0.995970010000 -0.074881160000 0.119593940000
0.247312560000 0.084826010000 0.965215540000 -0.002897100000
0.000000000000 0.000000000000 0.000000000000 1.000000000000
31 42 60
0.453736220000 -0.105672950000 0.884848390000 -2.401471200000
0.593826730000 0.776214010000 -0.211805640000 0.351316780000
-0.664449580000 0.621550520000 0.414947840000 1.539381230000
0.000000000000 0.000000000000 0.000000000000 1.000000000000
31 43 60
0.681974390000 0.403315970000 -0.610120620000 1.372574260000
0.310224400000 -0.914964470000 -0.258071400000 0.741179130000
-0.662323000000 -0.013276220000 -0.749100780000 4.637193050000
0.000000000000 0.000000000000 0.000000000000 1.000000000000
31 44 60
0.012405430000 0.624367350000 0.781032340000 -2.808533270000
0.490747500000 0.676748970000 -0.548796610000 0.857145880000
-0.871213520000 0.390097730000 -0.298011360000 3.303350830000
0.000000000000 0.000000000000 0.000000000000 1.000000000000
31 45 60
-0.475419010000 0.173535330000 0.862474490000 -3.161092820000
0.657067610000 0.721943150000 0.216933710000 -1.242850630000
-0.585011890000 0.669838470000 -0.457249950000 3.711414360000
0.000000000000 0.000000000000 0.000000000000 1.000000000000
31 46 60
0.878640770000 -0.369342500000 0.302616120000 -0.710263620000
0.456352100000 0.836022190000 -0.304646800000 0.510842350000
-0.140474780000 0.405774600000 0.903113400000 0.068127630000
0.000000000000 0.000000000000 0.000000000000 1.000000000000
31 48 60
0.396414520000 0.264726510000 0.879076450000 -2.400423820000
-0.873076000000 0.404794550000 0.271808160000 -1.549721760000
-0.283890540000 -0.875249250000 0.391592800000 2.358534590000
0.000000000000 0.000000000000 0.000000000000 1.000000000000
31 49 60
0.570193820000 -0.808210770000 -0.147222120000 0.747845290000
-0.393747980000 -0.426151590000 0.814467530000 -1.994812630000
-0.721000370000 -0.406435940000 -0.561220360000 3.573384450000
0.000000000000 0.000000000000 0.000000000000 1.000000000000
31 50 60
-0.374313450000 -0.859278850000 0.348610520000 -1.240856320000
-0.354666960000 0.480019080000 0.802367140000 -2.060464230000
-0.856796820000 0.176696180000 -0.484435420000 3.610677110000
0.000000000000 0.000000000000 0.000000000000 1.000000000000
31 51 60
0.202681200000 -0.869613230000 0.450214580000 -1.324069120000
-0.279766840000 0.389171810000 0.877653580000 -2.180539740000
-0.938429990000 -0.303838990000 -0.164411140000 3.215911870000
0.000000000000 0.000000000000 0.000000000000 1.000000000000
31 52 60
0.553831800000 0.650177890000 0.520133690000 -1.088086530000
0.827462890000 -0.499266870000 -0.256978130000 -0.069653440000
0.092604020000 0.572713990000 -0.814507940000 3.982046270000
0.000000000000 0.000000000000 0.000000000000 1.000000000000
31 53 60
0.534246556000 0.838521020000 0.107065943000 -0.927094728000
0.826481837000 -0.491533030000 -0.274450456000 0.004014018410
-0.177506030000 0.235112268000 -0.955622222000 4.442666330000
0.000000000000 0.000000000000 0.000000000000 1.000000000000
31 54 60
0.268912470000 0.930224860000 -0.249735440000 0.075245290000
0.921226710000 -0.324085030000 -0.215198130000 -0.096467190000
-0.281118170000 -0.172193500000 -0.944098500000 4.541926590000
0.000000000000 0.000000000000 0.000000000000 1.000000000000
31 55 60
0.989527129000 -0.087450618000 -0.114840978000 0.367458945000
-0.105132733000 -0.981785670000 -0.158252986000 0.004340890280
-0.098909905300 0.168669169000 -0.980697477000 4.467067880000
0.000000000000 0.000000000000 0.000000000000 1.000000000000
31 56 60
0.783747640000 -0.397940490000 0.476846940000 -1.262719760000
0.308913100000 0.915834120000 0.256555200000 -0.484342850000
-0.538806390000 -0.053770260000 0.840711860000 1.157436330000
0.000000000000 0.000000000000 0.000000000000 1.000000000000
31 57 60
0.417108740000 0.888599920000 0.190815290000 -0.698001010000
-0.253923310000 -0.087652660000 0.963244500000 -2.548817730000
0.872664450000 -0.450230150000 0.189075540000 2.372043610000
0.000000000000 0.000000000000 0.000000000000 1.000000000000
31 58 60
-0.080927690000 0.873209070000 -0.480579470000 0.120394400000
-0.172201160000 0.462661390000 0.869650050000 -2.621879720000
0.981731870000 0.153135110000 0.112925490000 2.345606820000
0.000000000000 0.000000000000 0.000000000000 1.000000000000
31 59 60
0.983370625000 0.179669128000 0.026480530900 0.045520698200
-0.181608157000 0.972183062000 0.147914065000 -0.142069584000
0.000831667611 -0.150263427000 0.988645645000 -0.095950749200
0.000000000000 0.000000000000 0.000000000000 1.000000000000
32 34 60
0.778695030000 -0.554028980000 -0.294424770000 0.910623800000
0.426351030000 0.811551750000 -0.399510390000 0.626784150000
0.460281270000 0.185568450000 0.868162140000 -0.342823570000
0.000000000000 0.000000000000 0.000000000000 1.000000000000
32 35 60
0.931437180000 0.361871900000 -0.038386300000 0.043790640000
-0.302048650000 0.827636310000 0.473058920000 -2.034606600000
0.202956620000 -0.429030140000 0.880194150000 -0.106108550000
0.000000000000 0.000000000000 0.000000000000 1.000000000000
32 36 60
-0.825422900000 -0.125174150000 0.550462060000 -1.810941910000
0.417050120000 0.521957640000 0.744062770000 -2.231469210000
-0.380455300000 0.843736720000 -0.378631900000 3.960893180000
0.000000000000 0.000000000000 0.000000000000 1.000000000000
32 37 60
0.868339620000 -0.478937030000 -0.128862790000 0.019595040000
0.437957950000 0.862375620000 -0.253970730000 0.518415470000
0.232764110000 0.164096360000 0.958589200000 0.276979500000
0.000000000000 0.000000000000 0.000000000000 1.000000000000
32 39 60
-0.349650076000 0.726002614000 -0.592169763000 1.620548470000
0.859632328000 -0.002716987650 -0.510905940000 0.916212941000
-0.372527966000 -0.687686572000 -0.623145322000 4.271482320000
0.000000000000 0.000000000000 0.000000000000 1.000000000000
32 40 60
-0.609340050000 0.577948720000 -0.542844350000 1.207133210000
0.767162710000 0.256679490000 -0.587857980000 1.075799120000
-0.200414750000 -0.774655350000 -0.599785800000 3.874787760000
0.000000000000 0.000000000000 0.000000000000 1.000000000000
32 43 60
0.880970940000 -0.451357010000 -0.142010770000 1.075559400000
0.263493290000 0.717253160000 -0.645073010000 1.461424790000
0.393015890000 0.530871690000 0.750808730000 -0.235875850000
0.000000000000 0.000000000000 0.000000000000 1.000000000000
32 44 60
0.945069760000 -0.317745230000 -0.076688520000 0.397323300000
0.297149450000 0.932909270000 -0.203426900000 -0.372928580000
0.136181350000 0.169464660000 0.976082150000 -0.175200890000
0.000000000000 0.000000000000 0.000000000000 1.000000000000
32 45 60
-0.905163730000 0.406126610000 -0.125458350000 -0.008776950000
-0.299762450000 -0.819160560000 -0.488997400000 1.338906550000
-0.301365380000 -0.405015010000 0.863215930000 0.391576360000
0.000000000000 0.000000000000 0.000000000000 1.000000000000
32 47 60
-0.906215080000 0.346539960000 -0.242248410000 -0.139030190000
0.303440220000 0.134042140000 -0.943375190000 2.322064050000
-0.294445700000 -0.928408730000 -0.226625170000 2.754529810000
0.000000000000 0.000000000000 0.000000000000 1.000000000000
32 48 60
0.093877800000 -0.902996880000 0.419265540000 -0.443019510000
0.693013330000 0.361619930000 0.623669420000 -1.324737030000
-0.714786320000 0.232007900000 0.659736960000 0.119168610000
0.000000000000 0.000000000000 0.000000000000 1.000000000000
32 49 60
0.473658130000 -0.389894130000 0.789702820000 -1.860801660000
0.227860850000 0.920389010000 0.317747540000 -0.906471060000
-0.850721700000 0.029438650000 0.524791350000 1.289907980000
0.000000000000 0.000000000000 0.000000000000 1.000000000000
32 50 60
-0.111550020000 -0.885692170000 0.450672810000 -1.605884360000
0.274623020000 0.408368400000 0.870527110000 -2.468270180000
-0.955059570000 0.220872440000 0.197677960000 2.156470370000
0.000000000000 0.000000000000 0.000000000000 1.000000000000
32 51 60
0.261708870000 -0.088128800000 -0.961114860000 1.812428740000
0.017565320000 0.996092380000 -0.086553050000 0.094120730000
0.964987010000 0.005769410000 0.262234230000 1.805562780000
0.000000000000 0.000000000000 0.000000000000 1.000000000000
32 52 60
0.711807830000 0.648771800000 0.269118490000 -1.561526000000
0.498872580000 -0.736705430000 0.456498910000 -1.455366100000
0.494424670000 -0.190683660000 -0.848047160000 3.831716850000
0.000000000000 0.000000000000 0.000000000000 1.000000000000
32 53 60
0.418499490000 -0.870967470000 0.257437050000 -0.911043170000
0.071268640000 0.314072320000 0.946720320000 -2.353514110000
-0.905416460000 -0.377854780000 0.193511780000 2.181439760000
0.000000000000 0.000000000000 0.000000000000 1.000000000000
32 54 60
-0.492026070000 -0.612668650000 -0.618504220000 1.643223330000
0.347729240000 -0.789622270000 0.505550250000 -1.552547820000
-0.798119490000 0.033671900000 0.601557550000 0.856673100000
0.000000000000 0.000000000000 0.000000000000 1.000000000000
32 55 60
0.579889160000 0.242249080000 0.777845710000 -1.673013990000
0.736733260000 -0.563506940000 -0.373743270000 1.104381210000
0.347782490000 0.789794480000 -0.505244520000 3.543691420000
0.000000000000 0.000000000000 0.000000000000 1.000000000000
32 56 60
-0.490915170000 0.701103590000 -0.517161530000 1.079247210000
0.712246110000 -0.018866720000 -0.701676230000 1.163491770000
-0.501704870000 -0.712809790000 -0.490096350000 2.918069930000
0.000000000000 0.000000000000 0.000000000000 1.000000000000
32 57 60
0.636657800000 0.140131920000 0.758307260000 -0.779227740000
0.435355310000 -0.876967450000 -0.203454760000 -0.045358320000
0.636500280000 0.459664150000 -0.619335340000 3.743084010000
0.000000000000 0.000000000000 0.000000000000 1.000000000000
32 59 60
-0.395160890000 -0.342397750000 0.852415190000 -2.397790580000
-0.800425460000 -0.326976810000 -0.502399500000 0.495915050000
0.450740450000 -0.880823450000 -0.144855430000 2.403531880000
0.000000000000 0.000000000000 0.000000000000 1.000000000000
33 35 60
-0.273706280000 -0.899930400000 0.339426200000 -1.304335760000
-0.941468210000 0.178477530000 -0.285977950000 0.220851540000
0.196780300000 -0.397832930000 -0.896106280000 5.753393240000
0.000000000000 0.000000000000 0.000000000000 1.000000000000
33 36 60
0.972550800000 0.226852090000 -0.051798430000 -0.468135990000
0.132013650000 -0.721231330000 -0.679998350000 1.629228840000
-0.191617700000 0.654494840000 -0.731381680000 4.169621940000
0.000000000000 0.000000000000 0.000000000000 1.000000000000
33 37 60
-0.458505620000 0.168323040000 -0.872605260000 1.226891570000
-0.529267080000 0.737051430000 0.420275570000 -0.359389960000
0.713897020000 0.654539950000 -0.248854380000 3.651565850000
0.000000000000 0.000000000000 0.000000000000 1.000000000000
33 38 60
-0.703652020000 0.136455240000 -0.697319010000 1.277675610000
0.257355740000 -0.865808680000 -0.429119270000 1.112739400000
-0.662300430000 -0.481409690000 0.574110490000 0.952981170000
0.000000000000 0.000000000000 0.000000000000 1.000000000000
33 39 60
0.747375970000 0.445048420000 -0.493316390000 1.229825910000
-0.389673150000 0.895004060000 0.217077310000 -0.419179640000
0.538130090000 0.029993790000 0.842327950000 0.521570670000
0.000000000000 0.000000000000 0.000000000000 1.000000000000
33 40 60
0.355893650000 -0.610573920000 0.707487940000 -2.239219800000
0.909266520000 0.401065330000 -0.111269950000 0.035092670000
-0.215810360000 0.682895370000 0.697911030000 0.596714040000
0.000000000000 0.000000000000 0.000000000000 1.000000000000
33 41 60
0.405968050000 -0.500112220000 0.764903730000 -1.907646750000
0.436553520000 0.841433320000 0.318450930000 -0.390459250000
-0.802876690000 0.204640510000 0.559920790000 1.101878040000
0.000000000000 0.000000000000 0.000000000000 1.000000000000
33 42 60
-0.885843400000 -0.028034480000 -0.463136630000 0.683176950000
-0.379210030000 -0.531428550000 0.757484950000 -1.238360430000
-0.267359730000 0.846639100000 0.460131520000 1.759359710000
0.000000000000 0.000000000000 0.000000000000 1.000000000000
33 43 60
-0.591700290000 -0.300437340000 0.748083000000 -2.204989850000
0.154139690000 0.868677540000 0.470786890000 -1.349822320000
-0.791284860000 0.393874020000 -0.467687430000 3.551811680000
0.000000000000 0.000000000000 0.000000000000 1.000000000000
33 44 60
0.690184070000 0.705035480000 0.163005910000 -1.416830310000
0.570697760000 -0.391829750000 -0.721646390000 2.053426860000
-0.444915740000 0.591095950000 -0.672796820000 4.092556300000
0.000000000000 0.000000000000 0.000000000000 1.000000000000
33 45 60
0.925521640000 0.128112910000 -0.356366070000 0.358664630000
0.168621740000 -0.982018060000 0.084895510000 0.383281650000
-0.339081710000 -0.138663700000 -0.930481580000 4.878296510000
0.000000000000 0.000000000000 0.000000000000 1.000000000000
33 46 60
0.944527590000 -0.257913500000 -0.203342720000 0.631435520000
-0.194600400000 0.059265910000 -0.979090510000 2.547051570000
0.264571950000 0.964348580000 0.005788220000 2.468477760000
0.000000000000 0.000000000000 0.000000000000 1.000000000000
33 47 60
0.348868160000 -0.057336190000 0.935416250000 -2.489389470000
0.595302260000 0.784449300000 -0.173938250000 0.753601910000
-0.723813670000 0.617536930000 0.307801750000 1.067407390000
0.000000000000 0.000000000000 0.000000000000 1.000000000000
33 48 60
0.970944440000 0.190649070000 0.144636880000 -0.642849530000
-0.154255030000 0.036533380000 0.987355410000 -2.059629280000
0.182954320000 -0.980978210000 0.064880460000 3.145677780000
0.000000000000 0.000000000000 0.000000000000 1.000000000000
33 49 60
0.804207128000 0.004151232500 0.594334638000 -1.261978850000
0.082286502000 -0.991123196000 -0.104420986000 0.616571056000
0.588625370000 0.132881819000 -0.797409930000 4.207908940000
0.000000000000 0.000000000000 0.000000000000 1.000000000000
33 50 60
0.686166020000 -0.481263030000 0.545492510000 -1.567243540000
0.641197340000 0.754298030000 -0.141068990000 0.445951880000
-0.343572640000 0.446565090000 0.826158250000 1.155896020000
0.000000000000 0.000000000000 0.000000000000 1.000000000000
33 51 60
-0.375502020000 0.315547390000 -0.871451710000 2.142842570000
-0.813899250000 0.337517760000 0.472916240000 -0.550247680000
0.443357910000 0.886854900000 0.130085180000 1.870728870000
0.000000000000 0.000000000000 0.000000000000 1.000000000000
33 52 60
-0.301263420000 -0.878338690000 -0.371162370000 0.416477960000
0.405419230000 -0.470298710000 0.783871400000 -2.123968760000
-0.863061760000 0.085675420000 0.497779190000 2.065669150000
0.000000000000 0.000000000000 0.000000000000 1.000000000000
33 53 60
0.306508610000 -0.675651350000 0.670483200000 -1.687196920000
0.876675330000 -0.074015640000 -0.475354650000 0.742478160000
0.370800260000 0.733496380000 0.569640440000 1.768393500000
0.000000000000 0.000000000000 0.000000000000 1.000000000000
33 54 60
0.939367690000 -0.212838600000 0.268864400000 -0.959945330000
0.291876160000 0.907819360000 -0.301118450000 0.632743370000
-0.179990680000 0.361336050000 0.914898690000 1.011771580000
0.000000000000 0.000000000000 0.000000000000 1.000000000000
33 55 60
0.579204730000 -0.300265070000 0.757867250000 -1.622195570000
-0.326240620000 -0.937373960000 -0.122053760000 0.320463030000
0.747053500000 -0.176552970000 -0.640890100000 4.682495610000
0.000000000000 0.000000000000 0.000000000000 1.000000000000
33 56 60
-0.899954520000 -0.203060470000 -0.385808630000 0.142679410000
-0.358480410000 -0.159005870000 0.919896150000 -1.583256070000
-0.248140380000 0.966169540000 0.070304850000 2.723456600000
0.000000000000 0.000000000000 0.000000000000 1.000000000000
33 57 60
-0.737624710000 -0.420561640000 0.528240190000 -1.981086420000
-0.673755830000 0.509779760000 -0.534955770000 1.460094890000
-0.044304290000 -0.750501500000 -0.659382010000 3.847015750000
0.000000000000 0.000000000000 0.000000000000 1.000000000000
33 58 60
-0.696305660000 0.674878530000 -0.244330510000 -0.342069480000
-0.344356380000 -0.612794290000 -0.711267770000 2.147281420000
-0.629743690000 -0.411123010000 0.659090860000 2.002190880000
0.000000000000 0.000000000000 0.000000000000 1.000000000000
33 59 60
-0.963364410000 -0.266524940000 0.029891030000 -0.697766360000
-0.266455020000 0.938470290000 -0.219716290000 0.318105540000
0.030508030000 -0.219631470000 -0.975105780000 4.567976680000
0.000000000000 0.000000000000 0.000000000000 1.000000000000
34 36 60
0.919997340000 -0.336431720000 0.201043740000 -0.314413490000
0.339059230000 0.940500990000 0.022287530000 -0.049159930000
-0.196580070000 0.047661270000 0.979328690000 0.456376870000
0.000000000000 0.000000000000 0.000000000000 1.000000000000
34 37 60
0.173693850000 -0.984543370000 -0.022467620000 0.066595500000
0.920870890000 0.170462140000 -0.350627250000 0.986599860000
0.349037620000 0.040212020000 0.936245550000 0.949656360000
0.000000000000 0.000000000000 0.000000000000 1.000000000000
34 38 60
-0.566793900000 -0.106934220000 -0.816890290000 2.178460090000
-0.813984870000 0.225744370000 0.535227150000 -1.368301370000
0.127174280000 0.968299830000 -0.214993370000 3.300033970000
0.000000000000 0.000000000000 0.000000000000 1.000000000000
34 39 60
-0.253080580000 0.604208160000 -0.755567810000 2.950625430000
-0.926181870000 0.074340230000 0.369676440000 -1.421902790000
0.279530610000 0.793351140000 0.540792580000 1.156337190000
0.000000000000 0.000000000000 0.000000000000 1.000000000000
34 40 60
0.744988080000 -0.192798970000 0.638608890000 -1.427653170000
-0.529794250000 0.410716650000 0.742044400000 -1.125942670000
-0.405352700000 -0.891145550000 0.203835220000 2.519043270000
0.000000000000 0.000000000000 0.000000000000 1.000000000000
34 41 60
-0.783379850000 0.027289840000 -0.620943850000 1.147847200000
0.466420090000 0.686132140000 -0.558278600000 1.409838370000
0.410814200000 -0.726964890000 -0.550230620000 3.617892230000
0.000000000000 0.000000000000 0.000000000000 1.000000000000
34 42 60
-0.803680440000 0.552512910000 -0.220968850000 0.595685540000
0.154306990000 -0.165132600000 -0.974125540000 1.971183120000
-0.574706100000 -0.816982680000 0.047457240000 2.893234500000
0.000000000000 0.000000000000 0.000000000000 1.000000000000
34 43 60
0.147413790000 0.698864120000 -0.699898650000 2.099972370000
-0.848235060000 0.453269050000 0.273942430000 -0.808336220000
0.508690920000 0.553295680000 0.659619160000 0.724750450000
0.000000000000 0.000000000000 0.000000000000 1.000000000000
34 44 60
-0.405168690000 -0.166602800000 0.898933720000 -2.471138870000
0.878423510000 0.201584820000 0.433284780000 -0.948040210000
-0.253397850000 0.965197940000 0.064671960000 2.178402130000
0.000000000000 0.000000000000 0.000000000000 1.000000000000
34 45 60
-0.880000910000 -0.216160700000 -0.422933730000 1.321225610000
0.391772410000 -0.833771240000 -0.389024300000 1.764432890000
-0.268538210000 -0.508035500000 0.818405250000 0.683025750000
0.000000000000 0.000000000000 0.000000000000 1.000000000000
34 46 60
0.851948340000 0.193520830000 -0.486552880000 1.528562100000
-0.446533500000 0.753810640000 -0.482055340000 1.075164880000
0.273480990000 0.627948410000 0.728621260000 0.413630650000
0.000000000000 0.000000000000 0.000000000000 1.000000000000
34 47 60
0.648375630000 0.623938240000 -0.436245480000 1.183974410000
-0.590637460000 0.773797390000 0.228877670000 -1.000503690000
0.480371140000 0.109264220000 0.870232670000 1.031763750000
0.000000000000 0.000000000000 0.000000000000 1.000000000000
34 48 60
0.339874340000 -0.555101770000 0.759175510000 -1.730307460000
0.578049390000 0.760050330000 0.296955210000 -0.631904140000
-0.741851960000 0.337913490000 0.579197850000 0.598428250000
0.000000000000 0.000000000000 0.000000000000 1.000000000000
34 49 60
0.337285180000 0.233311110000 0.912033240000 -2.121336290000
-0.208332770000 0.963280460000 -0.169375930000 0.508057050000
-0.918061090000 -0.132878420000 0.373506570000 1.642393020000
0.000000000000 0.000000000000 0.000000000000 1.000000000000
34 50 60
-0.721927820000 -0.450044910000 -0.525623260000 0.602635910000
0.426983170000 0.308022270000 -0.850180950000 1.958454810000
0.544523280000 -0.838201560000 -0.030208240000 2.646769110000
0.000000000000 0.000000000000 0.000000000000 1.000000000000
34 51 60
0.036043190000 0.920486080000 -0.389109570000 1.749422130000
0.991840630000 0.014693910000 0.126634350000 -0.999550420000
0.122282700000 -0.390498990000 -0.912445880000 4.928775350000
0.000000000000 0.000000000000 0.000000000000 1.000000000000
34 52 60
0.666581490000 0.745120220000 0.021563310000 0.358883330000
-0.717509870000 0.649187380000 -0.252458570000 0.531864160000
-0.202110610000 0.152812320000 0.967367400000 0.974744990000
0.000000000000 0.000000000000 0.000000000000 1.000000000000
34 53 60
0.290971170000 0.677064760000 0.675957910000 -1.336775130000
-0.952146750000 0.135841300000 0.273795010000 -0.467520220000
0.093553950000 -0.723277580000 0.684190910000 1.731909260000
0.000000000000 0.000000000000 0.000000000000 1.000000000000
34 54 60
-0.150547700000 -0.984004640000 -0.095237900000 0.491712970000
-0.354647790000 0.143679390000 -0.923894570000 2.098523500000
0.922800270000 -0.105314290000 -0.370605670000 3.070958710000
0.000000000000 0.000000000000 0.000000000000 1.000000000000
34 55 60
-0.293120030000 0.336045630000 0.895072050000 -1.418627830000
-0.936806800000 0.086058620000 -0.339097240000 0.379769810000
-0.190980810000 -0.937905780000 0.289584320000 1.981344880000
0.000000000000 0.000000000000 0.000000000000 1.000000000000
34 56 60
-0.886825580000 -0.221544740000 0.405534610000 -0.880920880000
0.414643790000 0.005892590000 0.909964730000 -1.598205670000
-0.203987550000 0.975132400000 0.086636460000 2.734900250000
0.000000000000 0.000000000000 0.000000000000 1.000000000000
34 57 60
0.423001860000 -0.888407930000 0.178327730000 -0.179223200000
0.501000060000 0.393288890000 0.770923340000 -1.470176320000
-0.755028720000 -0.236759800000 0.611454360000 1.504856710000
0.000000000000 0.000000000000 0.000000000000 1.000000000000
34 58 60
-0.431362560000 0.892010590000 -0.135068290000 0.199906370000
0.592269490000 0.167058380000 -0.788231150000 1.521035280000
-0.680546250000 -0.420010230000 -0.600373390000 4.069795710000
0.000000000000 0.000000000000 0.000000000000 1.000000000000
34 59 60
0.626243110000 -0.258031260000 0.735689770000 -1.077734200000
0.508328260000 0.850616390000 -0.134365680000 0.671344630000
-0.591119230000 0.458117480000 0.663857230000 1.072671630000
0.000000000000 0.000000000000 0.000000000000 1.000000000000
35 37 60
0.592936020000 0.000910347440 -0.805249059000 1.829694400000
0.689813965000 0.515329827000 0.508519286000 -0.016628416700
0.415431787000 -0.856991447000 0.304929646000 1.803902320000
0.000000000000 0.000000000000 0.000000000000 1.000000000000
35 38 60
0.793630080000 0.586174540000 -0.162943860000 0.085849790000
-0.533070670000 0.799047420000 0.278134660000 -0.249546600000
0.293235330000 -0.133875430000 0.946620520000 0.171117270000
0.000000000000 0.000000000000 0.000000000000 1.000000000000
35 39 60
0.934732270000 -0.120328860000 -0.334359890000 1.048287700000
0.305831910000 -0.206718120000 0.929373160000 -2.316117410000
-0.180948660000 -0.970973010000 -0.156425690000 2.710577700000
0.000000000000 0.000000000000 0.000000000000 1.000000000000
35 40 60
-0.196823650000 -0.847613600000 0.492759210000 -1.285513630000
0.707861190000 0.224895230000 0.669592920000 -1.706668460000
-0.678375260000 0.480596840000 0.555728070000 1.536629650000
0.000000000000 0.000000000000 0.000000000000 1.000000000000
35 41 60
-0.313332770000 0.410596000000 -0.856290550000 2.071949490000
-0.146712960000 0.869941170000 0.470826570000 -0.187823260000
0.938241910000 0.273154310000 -0.212341320000 2.711672210000
0.000000000000 0.000000000000 0.000000000000 1.000000000000
35 42 60
0.932617590000 -0.191249930000 0.306019430000 -0.694758370000
0.079368800000 0.935956790000 0.343053180000 0.028598660000
-0.352029860000 -0.295649030000 0.888069050000 0.504924190000
0.000000000000 0.000000000000 0.000000000000 1.000000000000
35 43 60
0.741602040000 0.086036920000 0.665299980000 -2.572346210000
0.669434980000 -0.030758240000 -0.742233610000 2.633301310000
-0.043396040000 0.995817040000 -0.080406500000 2.290826960000
0.000000000000 0.000000000000 0.000000000000 1.000000000000
35 44 60
-0.809912040000 -0.213592450000 -0.546279010000 1.621157840000
0.053450300000 0.900589650000 -0.431371480000 1.286356690000
0.584110910000 -0.378571730000 -0.717981820000 4.460049160000
0.000000000000 0.000000000000 0.000000000000 1.000000000000
35 45 60
-0.339743440000 -0.070578140000 0.937866260000 -3.273445040000
-0.908151050000 -0.234733530000 -0.346643680000 1.285601390000
0.244614120000 -0.969494150000 0.015653560000 3.347377290000
0.000000000000 0.000000000000 0.000000000000 1.000000000000
35 46 60
-0.076906560000 0.647376820000 0.758280050000 -2.845503520000
-0.991667740000 0.029165330000 -0.125477010000 0.117449030000
-0.103346390000 -0.761611870000 0.639739700000 1.710753700000
0.000000000000 0.000000000000 0.000000000000 1.000000000000
35 47 60
-0.220149880000 -0.466828170000 0.856507730000 -2.824004970000
-0.972708980000 0.039089320000 -0.228712210000 0.389488170000
0.073289000000 -0.883483720000 -0.462693460000 4.354970510000
0.000000000000 0.000000000000 0.000000000000 1.000000000000
35 48 60
0.013199660000 -0.672573670000 -0.739912450000 1.316113080000
-0.892851360000 0.325207650000 -0.311538800000 1.056331090000
0.450157980000 0.664744050000 -0.596215680000 3.931947870000
0.000000000000 0.000000000000 0.000000000000 1.000000000000
35 49 60
0.106948830000 -0.328837400000 0.938311200000 -1.940911230000
0.123289590000 0.940826470000 0.315666330000 -0.074259140000
-0.986590910000 0.081923860000 0.141162520000 1.946801130000
0.000000000000 0.000000000000 0.000000000000 1.000000000000
35 50 60
-0.570401130000 -0.605105270000 -0.555418910000 0.927736530000
-0.168520910000 0.748044400000 -0.641895840000 2.026059470000
0.803892570000 -0.272538410000 -0.528658260000 3.861419450000
0.000000000000 0.000000000000 0.000000000000 1.000000000000
35 51 60
0.727142190000 0.041806300000 0.685212710000 -1.780588580000
0.112092900000 0.977517210000 -0.178592500000 0.488326920000
-0.677273510000 0.206669620000 0.706107820000 1.510673580000
0.000000000000 0.000000000000 0.000000000000 1.000000000000
35 52 60
0.656038380000 -0.754286840000 -0.025787900000 -0.859994940000
0.207092640000 0.147050820000 0.967206650000 -1.797550530000
-0.725759110000 -0.639865160000 0.252678230000 3.015535810000
0.000000000000 0.000000000000 0.000000000000 1.000000000000
35 53 60
0.641562960000 0.292545020000 0.709094060000 -1.745799200000
-0.524301480000 0.842010710000 0.126987910000 -0.145236720000
-0.559915110000 -0.453249800000 0.693584670000 1.885502020000
0.000000000000 0.000000000000 0.000000000000 1.000000000000
35 54 60
-0.589593990000 0.783277360000 -0.197118010000 0.243879400000
-0.782229910000 -0.614539960000 -0.102259470000 0.429177580000
-0.201234420000 0.093900040000 0.975032050000 0.553195240000
0.000000000000 0.000000000000 0.000000000000 1.000000000000
35 55 60
0.988991070000 -0.141423330000 -0.043544390000 0.159098540000
0.146068620000 0.885936750000 0.440204540000 -0.591160140000
-0.023677610000 -0.441718830000 0.896841040000 1.218649770000
0.000000000000 0.000000000000 0.000000000000 1.000000000000
35 56 60
0.889882060000 0.145191660000 -0.432468840000 0.101945250000
0.423852070000 -0.613715110000 0.666110490000 -0.527102290000
-0.168698970000 -0.776062590000 -0.607673850000 3.845316600000
0.000000000000 0.000000000000 0.000000000000 1.000000000000
35 57 60
-0.047344330000 0.673747520000 0.737443420000 -2.010735840000
0.888291990000 0.366043380000 -0.277397870000 0.769172540000
-0.456832410000 0.641931870000 -0.615814610000 4.369525950000
0.000000000000 0.000000000000 0.000000000000 1.000000000000
35 58 60
-0.268008990000 -0.956625590000 -0.114187000000 -0.145167430000
0.696107750000 -0.274220780000 0.663503550000 -0.710804190000
-0.666036930000 0.098338460000 0.739408120000 1.351866660000
0.000000000000 0.000000000000 0.000000000000 1.000000000000
35 59 60
-0.025772390000 -0.762127510000 0.646913780000 -1.945331430000
-0.825000820000 -0.349238430000 -0.444304130000 0.970298620000
0.564543550000 -0.545155180000 -0.619755120000 4.268205940000
0.000000000000 0.000000000000 0.000000000000 1.000000000000
36 38 60
0.083363750000 -0.828184970000 0.554220300000 -1.502387420000
-0.373689980000 -0.541551970000 -0.753045320000 1.708030170000
0.923799910000 -0.144329890000 -0.354630230000 3.238134100000
0.000000000000 0.000000000000 0.000000000000 1.000000000000
36 39 60
-0.572218880000 0.089111630000 -0.815245160000 1.706617420000
-0.767704840000 0.291419980000 0.570704540000 -1.946315430000
0.288435140000 0.952435570000 -0.098344590000 2.700136460000
0.000000000000 0.000000000000 0.000000000000 1.000000000000
36 41 60
-0.987995750000 0.129148410000 -0.084764950000 0.174241750000
-0.026464970000 -0.682098400000 -0.730781350000 1.791056620000
-0.152197280000 -0.719765560000 0.677328220000 0.738619840000
0.000000000000 0.000000000000 0.000000000000 1.000000000000
36 42 60
-0.569717930000 -0.155936130000 0.806911020000 -1.705791510000
0.815103100000 0.018248340000 0.579028440000 -1.577593800000
-0.105016240000 0.987598560000 0.116707620000 2.260579770000
0.000000000000 0.000000000000 0.000000000000 1.000000000000
36 43 60
0.216906870000 -0.070668880000 0.973631000000 -2.353249850000
-0.786987390000 -0.602775980000 0.131574970000 -0.496715900000
0.577583120000 -0.794774830000 -0.186361760000 3.423032310000
0.000000000000 0.000000000000 0.000000000000 1.000000000000
36 44 60
0.239257290000 -0.162946170000 -0.957185720000 3.033683250000
0.562236940000 -0.780475470000 0.273400200000 -0.627046450000
-0.791609490000 -0.603578160000 -0.095120090000 3.064571630000
0.000000000000 0.000000000000 0.000000000000 1.000000000000
36 45 60
-0.156359840000 -0.299962480000 -0.941049470000 2.790350290000
0.675121510000 -0.727906220000 0.119847750000 -0.233688480000
-0.720945600000 -0.616583360000 0.316326420000 2.088847550000
0.000000000000 0.000000000000 0.000000000000 1.000000000000
36 46 60
0.186116450000 -0.060772840000 0.980646380000 -1.937439550000
-0.857919760000 -0.496523460000 0.132053550000 -0.810505160000
0.478888670000 -0.865893250000 -0.144549400000 3.193629470000
0.000000000000 0.000000000000 0.000000000000 1.000000000000
36 47 60
0.189972660000 0.398539040000 -0.897260850000 2.682476700000
-0.529099180000 0.811395810000 0.248376520000 -0.820433810000
0.827021430000 0.427555230000 0.365009700000 1.404673780000
0.000000000000 0.000000000000 0.000000000000 1.000000000000
36 48 60
0.669337060000 -0.236954030000 0.704159560000 -1.173151150000
0.284681220000 0.957237170000 0.051513200000 0.076408030000
-0.686253960000 0.165981300000 0.708170680000 -0.082581600000
0.000000000000 0.000000000000 0.000000000000 1.000000000000
36 49 60
-0.709851950000 0.698633910000 -0.089559350000 0.190067500000
-0.108087330000 -0.233692870000 -0.966284000000 2.426820470000
-0.696008150000 -0.676238350000 0.241400810000 1.839386260000
0.000000000000 0.000000000000 0.000000000000 1.000000000000
36 50 60
0.267111180000 0.755520460000 -0.598197670000 1.563716160000
-0.809915670000 0.512381180000 0.285485790000 -0.851240920000
0.522195580000 0.408233220000 0.748770600000 0.779140470000
0.000000000000 0.000000000000 0.000000000000 1.000000000000
36 51 60
0.058669050000 -0.078199670000 0.995209900000 -2.763503080000
-0.069317850000 0.994201730000 0.082206840000 -0.331060510000
-0.995867950000 -0.073808800000 0.052908240000 2.722102570000
0.000000000000 0.000000000000 0.000000000000 1.000000000000
36 52 60
0.193687220000 -0.942400790000 0.272701330000 -0.532035330000
0.339313290000 -0.196461240000 -0.919929060000 1.538116330000
0.920517110000 0.270709690000 0.281717080000 1.539488040000
0.000000000000 0.000000000000 0.000000000000 1.000000000000
36 53 60
-0.573738730000 0.599712720000 0.557824810000 -0.429200310000
0.798534850000 0.561022090000 0.218165780000 -0.873199930000
-0.182115250000 0.570612710000 -0.800771610000 3.853574920000
0.000000000000 0.000000000000 0.000000000000 1.000000000000
36 54 60
0.922125000000 -0.336080990000 0.191663900000 -0.602420050000
0.134832480000 -0.185179540000 -0.973410880000 2.001017710000
0.362637130000 0.923449030000 -0.125444050000 2.400322020000
0.000000000000 0.000000000000 0.000000000000 1.000000000000
36 55 60
0.946056450000 0.321539720000 -0.039867340000 0.298575950000
0.317838530000 -0.944893660000 -0.078451580000 0.189287100000
-0.062895700000 0.061548250000 -0.996120450000 4.572065340000
0.000000000000 0.000000000000 0.000000000000 1.000000000000
36 56 60
0.956063830000 -0.200186220000 0.214166820000 -0.005769920000
-0.033572920000 -0.800509110000 -0.598379500000 0.958447690000
0.291229820000 0.564898790000 -0.772058640000 3.688426560000
0.000000000000 0.000000000000 0.000000000000 1.000000000000
36 57 60
0.919556600000 -0.387168520000 0.067202630000 -0.078571700000
0.392397630000 0.895592270000 -0.209615330000 0.527723730000
0.020970300000 0.219123310000 0.975471790000 -0.025476300000
0.000000000000 0.000000000000 0.000000000000 1.000000000000
36 58 60
-0.757742530000 -0.626683900000 0.181916310000 0.403516860000
-0.546042330000 0.456283580000 -0.702597380000 1.305730940000
0.357301040000 -0.631721920000 -0.687941410000 3.777323630000
0.000000000000 0.000000000000 0.000000000000 1.000000000000
36 59 60
0.912516100000 0.367136710000 0.180346910000 0.472540870000
0.234058000000 -0.830247060000 0.505872180000 -1.289321460000
0.335456750000 -0.419404870000 -0.843545090000 4.290785730000
0.000000000000 0.000000000000 0.000000000000 1.000000000000
37 39 60
0.129396440000 0.194785460000 -0.972273200000 2.204442490000
0.823403180000 -0.567441990000 -0.004097620000 -0.015921030000
-0.552506800000 -0.800042630000 -0.233811940000 2.973378300000
0.000000000000 0.000000000000 0.000000000000 1.000000000000
37 41 60
0.856530400000 0.225965420000 0.463999250000 -1.296214090000
0.507039110000 -0.200740800000 -0.838221020000 1.196536380000
-0.096265380000 0.953227550000 -0.286513900000 3.053347170000
0.000000000000 0.000000000000 0.000000000000 1.000000000000
37 42 60
0.152789720000 0.391604690000 -0.907359390000 2.553084000000
0.644503900000 -0.735508040000 -0.208908210000 0.503214220000
-0.749179570000 -0.552877640000 -0.364768820000 2.838924650000
0.000000000000 0.000000000000 0.000000000000 1.000000000000
37 43 60
-0.617541330000 0.741930410000 -0.261116790000 0.236521740000
-0.110710390000 0.246683930000 0.962751390000 -3.353746010000
0.778707850000 0.623447110000 -0.070198120000 2.579317860000
0.000000000000 0.000000000000 0.000000000000 1.000000000000
37 44 60
0.369814730000 -0.046008670000 -0.927965660000 3.095592730000
0.601994730000 -0.748900450000 0.277038730000 -0.837460260000
-0.707700090000 -0.661083440000 -0.249257440000 3.143236320000
0.000000000000 0.000000000000 0.000000000000 1.000000000000
37 45 60
0.490972500000 0.432478090000 -0.756246460000 1.239898230000
0.812641740000 -0.540182670000 0.218668890000 -1.207036250000
-0.313941730000 -0.721917850000 -0.616664580000 4.141445420000
0.000000000000 0.000000000000 0.000000000000 1.000000000000
37 46 60
0.884523160000 -0.152017400000 -0.441032290000 1.616693710000
-0.251603010000 -0.951579620000 -0.176612990000 0.089264080000
-0.392829090000 0.267183340000 -0.879942250000 4.260708710000
0.000000000000 0.000000000000 0.000000000000 1.000000000000
37 47 60
0.219262850000 0.679663020000 -0.699987130000 1.568595790000
-0.876174810000 0.452798670000 0.165200060000 -1.016314140000
0.429233610000 0.577088860000 0.694785540000 0.588875140000
0.000000000000 0.000000000000 0.000000000000 1.000000000000
37 48 60
-0.692621130000 0.386900930000 -0.608755810000 1.269884390000
-0.431405370000 0.454177290000 0.779494960000 -2.565703840000
0.578070390000 0.802515210000 -0.147661650000 2.796001530000
0.000000000000 0.000000000000 0.000000000000 1.000000000000
37 49 60
-0.221679940000 -0.784165590000 0.579605320000 -1.445544890000
-0.279700320000 -0.518283160000 -0.808177140000 1.393040800000
0.934144390000 -0.341272450000 -0.104438390000 2.789857130000
0.000000000000 0.000000000000 0.000000000000 1.000000000000
37 50 60
-0.478823160000 -0.872697440000 -0.095538310000 -0.130059610000
0.366590000000 -0.099872200000 -0.925006660000 2.184957700000
0.797709320000 -0.477938000000 0.367743270000 1.365535320000
0.000000000000 0.000000000000 0.000000000000 1.000000000000
37 52 60
0.381060340000 0.642817300000 -0.664514070000 0.739704550000
-0.911976600000 0.379471880000 -0.155883870000 0.480942290000
0.151959550000 0.665422440000 0.730836010000 0.752840520000
0.000000000000 0.000000000000 0.000000000000 1.000000000000
37 53 60
-0.241571970000 -0.668313020000 0.703562850000 -1.632490460000
0.073628040000 0.710322670000 0.700014730000 -1.684771840000
-0.967585600000 0.220905890000 -0.122387470000 2.733375010000
0.000000000000 0.000000000000 0.000000000000 1.000000000000
37 54 60
-0.243085350000 0.555732590000 -0.795028810000 1.742279750000
0.947648100000 0.311012320000 -0.072349190000 -0.673437740000
0.207056960000 -0.770994570000 -0.602241470000 3.413200610000
0.000000000000 0.000000000000 0.000000000000 1.000000000000
37 55 60
-0.757684930000 0.514314080000 -0.401739430000 0.786597190000
-0.562292920000 -0.201999560000 0.801887060000 -2.472428110000
0.331270610000 0.833472980000 0.442247190000 1.611094480000
0.000000000000 0.000000000000 0.000000000000 1.000000000000
37 56 60
-0.036988820000 -0.871667920000 0.488699160000 -0.674519480000
-0.647454800000 -0.351606420000 -0.676147330000 0.587486000000
0.761205690000 -0.341420510000 -0.551360070000 3.132996160000
0.000000000000 0.000000000000 0.000000000000 1.000000000000
37 57 60
0.993871420000 0.038513470000 0.103616220000 -0.433406340000
0.105621230000 -0.607416870000 -0.787330230000 1.008062030000
0.032615420000 0.793449090000 -0.607762110000 3.528686000000
0.000000000000 0.000000000000 0.000000000000 1.000000000000
37 58 60
-0.349259590000 0.822092940000 -0.449645350000 0.078023000000
0.650912610000 -0.132328330000 -0.747530590000 1.434476860000
-0.674040440000 -0.553762060000 -0.488893720000 3.449790870000
0.000000000000 0.000000000000 0.000000000000 1.000000000000
37 59 60
0.482453170000 -0.676486030000 0.556422140000 -1.458815070000
-0.676972830000 -0.691077440000 -0.253218810000 -0.074133390000
0.555829770000 -0.254516450000 -0.791375160000 4.007636090000
0.000000000000 0.000000000000 0.000000000000 1.000000000000
38 41 60
-0.743805630000 -0.482633210000 0.462404980000 -0.380117590000
0.286138470000 0.395289450000 0.872852240000 -2.260140010000
-0.604051290000 0.781544260000 -0.155918590000 3.055915990000
0.000000000000 0.000000000000 0.000000000000 1.000000000000
38 42 60
0.977120520000 -0.005643560000 0.212611490000 -0.343404040000
-0.013140690000 -0.999340010000 0.033865530000 -0.088557260000
0.212280040000 -0.035884570000 -0.976549780000 5.139223610000
0.000000000000 0.000000000000 0.000000000000 1.000000000000
38 43 60
-0.137302810000 -0.546466260000 0.826149240000 -1.536040190000
0.548773320000 0.652381540000 0.522729540000 -1.617659820000
-0.824618570000 0.525140890000 0.210312290000 2.404652400000
0.000000000000 0.000000000000 0.000000000000 1.000000000000
38 44 60
-0.503145630000 -0.596478250000 0.625346430000 -1.405067450000
0.145485940000 0.654821420000 0.741648670000 -2.550023390000
-0.851867540000 0.464136410000 -0.242691330000 3.180957400000
0.000000000000 0.000000000000 0.000000000000 1.000000000000
38 45 60
0.978700730000 -0.200291870000 0.045033900000 -0.164910290000
0.023278990000 -0.109673930000 -0.993694980000 1.903141350000
0.203968070000 0.973578350000 -0.102675360000 2.819083570000
0.000000000000 0.000000000000 0.000000000000 1.000000000000
38 46 60
0.837937900000 -0.423964870000 -0.343676970000 1.695835300000
-0.119492010000 0.471919340000 -0.873506610000 1.703623490000
0.532523930000 0.773010950000 0.344778680000 1.710777190000
0.000000000000 0.000000000000 0.000000000000 1.000000000000
38 47 60
0.740503210000 -0.387261440000 0.549257290000 -0.382304150000
0.665747390000 0.534393610000 -0.520772390000 1.060734080000
-0.091844520000 0.751300240000 0.653538480000 1.118465630000
0.000000000000 0.000000000000 0.000000000000 1.000000000000
38 49 60
-0.900140560000 -0.333151970000 -0.280636300000 0.973894320000
-0.165001700000 -0.335469180000 0.927488480000 -2.882487310000
-0.403139450000 0.881175460000 0.246998770000 2.063094980000
0.000000000000 0.000000000000 0.000000000000 1.000000000000
38 50 60
0.339012000000 -0.818112750000 0.464502310000 -1.248082150000
-0.463445630000 0.284448250000 0.839230210000 -2.134423230000
-0.818711800000 -0.499780680000 -0.282719410000 2.728068390000
0.000000000000 0.000000000000 0.000000000000 1.000000000000
38 51 60
0.758775160000 -0.418849520000 -0.498823940000 1.189063760000
0.284139450000 0.901967230000 -0.325145950000 0.699332180000
0.586110080000 0.104977110000 0.803402010000 0.224399510000
0.000000000000 0.000000000000 0.000000000000 1.000000000000
38 52 60
0.003908743870 0.970187271000 -0.242324948000 0.498313848000
0.971776834000 -0.060843223500 -0.227920792000 0.117956963000
-0.235869683000 -0.234594887000 -0.943043335000 4.394286810000
0.000000000000 0.000000000000 0.000000000000 1.000000000000
38 53 60
-0.244362960000 0.781485550000 0.574079330000 -0.993077780000
0.950064530000 0.311440250000 -0.019553870000 -0.387342200000
-0.194072480000 0.540634170000 -0.818566160000 3.779758410000
0.000000000000 0.000000000000 0.000000000000 1.000000000000
38 54 60
-0.698418630000 0.023580690000 -0.715300890000 2.112284430000
-0.532209060000 -0.685339150000 0.497055100000 -0.973743040000
-0.478502800000 0.727842160000 0.491203480000 1.434494750000
0.000000000000 0.000000000000 0.000000000000 1.000000000000
38 55 60
0.816013670000 0.019424130000 0.577706140000 -0.635888590000
0.257473030000 0.882596920000 -0.393357760000 0.078005270000
-0.517522290000 0.469729060000 0.715209960000 1.105766140000
0.000000000000 0.000000000000 0.000000000000 1.000000000000
38 56 60
-0.825496910000 0.559863260000 0.071470170000 -0.355714100000
0.561887270000 0.803245430000 0.197685300000 -0.875155150000
0.053268650000 0.203346780000 -0.977656660000 4.472533790000
0.000000000000 0.000000000000 0.000000000000 1.000000000000
38 57 60
0.570064480000 -0.636020220000 -0.520100730000 0.748250590000
0.620450060000 -0.081711750000 0.779977510000 -1.836610920000
-0.538579810000 -0.767334000000 0.348037820000 1.438354590000
0.000000000000 0.000000000000 0.000000000000 1.000000000000
38 58 60
0.815818974000 0.163914322000 0.554591288000 -1.442661810000
0.198574313000 -0.980082806000 -0.002436178760 -0.571138120000
0.543146061000 0.112115065000 -0.832119323000 4.445944880000
0.000000000000 0.000000000000 0.000000000000 1.000000000000
38 59 60
0.974112330000 0.225762130000 -0.011688750000 0.397454200000
0.225402030000 -0.966002950000 0.126618440000 -0.805742260000
0.017294290000 -0.125975250000 -0.991882630000 4.955415920000
0.000000000000 0.000000000000 0.000000000000 1.000000000000
39 41 60
-0.692252830000 0.403489040000 -0.598316480000 2.344362820000
-0.161386530000 0.721533680000 0.673307900000 -1.544493600000
0.703377850000 0.562659520000 -0.434366040000 4.209947750000
0.000000000000 0.000000000000 0.000000000000 1.000000000000
39 42 60
-0.994395850000 0.051015770000 0.092597450000 -0.406438200000
0.101956170000 0.694412100000 0.712317890000 -1.334117640000
-0.027961350000 0.717766830000 -0.695721880000 4.232225120000
0.000000000000 0.000000000000 0.000000000000 1.000000000000
39 43 60
0.460060250000 -0.218087530000 0.860687160000 -2.713068800000
0.866535410000 0.321594150000 -0.381698300000 1.029413870000
-0.193548320000 0.921420120000 0.336933250000 1.458302710000
0.000000000000 0.000000000000 0.000000000000 1.000000000000
39 44 60
-0.966676160000 0.172594050000 0.189072730000 -0.385150440000
-0.255419420000 -0.700051320000 -0.666850110000 2.620880020000
0.017266260000 -0.692920950000 0.720806790000 1.204916740000
0.000000000000 0.000000000000 0.000000000000 1.000000000000
39 46 60
-0.199741350000 -0.089795440000 0.975725460000 -2.034972950000
0.327710270000 0.932325850000 0.152887170000 -0.215456750000
-0.923422640000 0.350293140000 -0.156797140000 2.252647650000
0.000000000000 0.000000000000 0.000000000000 1.000000000000
39 47 60
0.706198550000 0.065708050000 -0.704958190000 2.027934250000
-0.200621250000 0.973446500000 -0.110240800000 0.162140230000
0.678995370000 0.219281490000 0.700628940000 1.345281350000
0.000000000000 0.000000000000 0.000000000000 1.000000000000
39 48 60
-0.718711460000 0.564905520000 -0.405383260000 1.209925200000
0.525624570000 0.059758700000 -0.848615170000 2.410750000000
-0.455162220000 -0.822988850000 -0.339877480000 3.560835680000
0.000000000000 0.000000000000 0.000000000000 1.000000000000
39 49 60
0.079426370000 -0.176538160000 0.981083960000 -2.257790900000
0.365736950000 0.920718390000 0.136066620000 -0.170734690000
-0.927322990000 0.348011380000 0.137695850000 2.026065550000
0.000000000000 0.000000000000 0.000000000000 1.000000000000
39 50 60
-0.488641470000 -0.627276200000 -0.606427310000 1.334853060000
-0.642643700000 -0.211348330000 0.736438030000 -2.090361650000
-0.590117440000 0.749570850000 -0.299841540000 4.011378740000
0.000000000000 0.000000000000 0.000000000000 1.000000000000
39 51 60
0.160386760000 0.538803820000 0.827022690000 -2.076657920000
0.978671550000 -0.195772320000 -0.062251110000 -0.224207540000
0.128367020000 0.819367830000 -0.558711260000 3.871399110000
0.000000000000 0.000000000000 0.000000000000 1.000000000000
39 52 60
0.788833540000 -0.346221070000 0.507811600000 -1.306446090000
-0.595971330000 -0.228974660000 0.769667970000 -1.028067150000
-0.150199280000 -0.909781060000 -0.386960720000 3.470165290000
0.000000000000 0.000000000000 0.000000000000 1.000000000000
39 53 60
0.793214090000 0.255692600000 0.552659660000 -1.695343110000
-0.443482440000 0.864505530000 0.236544950000 -0.984380480000
-0.417294530000 -0.432725640000 0.799133150000 1.794150280000
0.000000000000 0.000000000000 0.000000000000 1.000000000000
39 54 60
-0.752228260000 0.484946800000 -0.446070900000 1.552245210000
-0.506638860000 -0.858532400000 -0.078988500000 -0.111261850000
-0.421271540000 0.166579470000 0.891505230000 1.427355130000
0.000000000000 0.000000000000 0.000000000000 1.000000000000
39 55 60
0.812658420000 0.532742650000 -0.236160040000 1.477379700000
-0.510769960000 0.846273760000 0.151442300000 -0.406275930000
0.280535820000 -0.002447400000 0.959840440000 0.549332730000
0.000000000000 0.000000000000 0.000000000000 1.000000000000
39 56 60
0.315810780000 -0.674473720000 0.667344550000 -1.049007080000
0.299106500000 0.738247920000 0.604586890000 -0.555101860000
-0.900443700000 0.008672040000 0.434886130000 1.647566950000
0.000000000000 0.000000000000 0.000000000000 1.000000000000
39 57 60
0.748133010000 -0.490104160000 0.447319710000 -1.430801710000
0.364545400000 -0.259703270000 -0.894237590000 2.080452860000
0.554439950000 0.832077000000 -0.015627380000 2.485276530000
0.000000000000 0.000000000000 0.000000000000 1.000000000000
39 58 60
0.997200810000 0.003852770000 0.074670650000 0.380245830000
0.074237480000 -0.169993850000 -0.982644840000 2.758345130000
0.008907650000 0.985437590000 -0.169804030000 2.820695640000
0.000000000000 0.000000000000 0.000000000000 1.000000000000
39 59 60
-0.809435950000 -0.519614570000 0.273521730000 -1.353475020000
-0.150467440000 0.633784820000 0.758733390000 -1.509618670000
-0.567602840000 0.572989970000 -0.591193290000 4.206343880000
0.000000000000 0.000000000000 0.000000000000 1.000000000000
40 42 60
-0.116533040000 0.465595780000 -0.877291640000 2.072685370000
-0.308153900000 0.822767970000 0.477591920000 -0.839575430000
0.944172240000 0.325996080000 0.047595500000 2.356106330000
0.000000000000 0.000000000000 0.000000000000 1.000000000000
40 43 60
0.828492500000 0.557142530000 -0.056501060000 0.168935600000
-0.556724090000 0.808545190000 -0.190559590000 0.819248480000
-0.060485200000 0.189332700000 0.980048300000 0.034010570000
0.000000000000 0.000000000000 0.000000000000 1.000000000000
40 44 60
0.760514040000 -0.159129040000 0.629520730000 -2.000047010000
0.274709830000 0.957316770000 -0.089883910000 0.167357130000
-0.588347610000 0.241293510000 0.771767150000 0.497764630000
0.000000000000 0.000000000000 0.000000000000 1.000000000000
40 45 60
-0.888785660000 -0.315999760000 0.331970170000 -0.568543160000
-0.363157130000 0.043680640000 -0.930703440000 2.429948620000
0.279601400000 -0.947753210000 -0.153580290000 4.005798080000
0.000000000000 0.000000000000 0.000000000000 1.000000000000
40 46 60
-0.241914740000 -0.088715590000 0.966233310000 -2.452513610000
0.555302750000 0.803949920000 0.212845910000 -0.212997820000
-0.795685940000 0.588042580000 -0.145223330000 2.294813370000
0.000000000000 0.000000000000 0.000000000000 1.000000000000
40 47 60
0.594618780000 0.226166610000 -0.771542070000 2.423080660000
-0.274149310000 0.959145190000 0.069876030000 -0.152095960000
0.755824490000 0.169968130000 0.632329170000 1.082155630000
0.000000000000 0.000000000000 0.000000000000 1.000000000000
40 50 60
0.082357340000 0.715287400000 0.693960520000 -1.204339240000
0.952011740000 -0.262422730000 0.157505390000 -0.991481730000
0.294772630000 0.647686840000 -0.702574450000 4.625287500000
0.000000000000 0.000000000000 0.000000000000 1.000000000000
40 51 60
0.904203500000 -0.138056920000 0.404173620000 -1.282050390000
0.111496040000 0.989802050000 0.088659690000 -0.428141100000
-0.412291960000 -0.035102650000 0.910375280000 0.300507550000
0.000000000000 0.000000000000 0.000000000000 1.000000000000
40 52 60
0.803832780000 -0.263314710000 0.533402510000 -1.122586030000
0.283768350000 0.957827150000 0.045196020000 -0.357815910000
-0.522808180000 0.115032710000 0.844653230000 1.045627690000
0.000000000000 0.000000000000 0.000000000000 1.000000000000
40 53 60
-0.948151210000 -0.292875660000 -0.123422560000 1.222449420000
-0.147954020000 0.063053780000 0.986982180000 -1.585997110000
-0.281280800000 0.954069220000 -0.103116650000 2.638172840000
0.000000000000 0.000000000000 0.000000000000 1.000000000000
40 54 60
-0.892465090000 0.308299450000 -0.329328890000 1.363050710000
0.430533720000 0.364097030000 -0.825877760000 2.271635290000
-0.134709980000 -0.878854260000 -0.457677190000 3.640730500000
0.000000000000 0.000000000000 0.000000000000 1.000000000000
40 55 60
-0.324530930000 0.927022610000 -0.187906250000 0.776331750000
-0.840819610000 -0.191743330000 0.506218210000 -1.254263000000
0.433245950000 0.322278730000 0.841685430000 1.139996040000
0.000000000000 0.000000000000 0.000000000000 1.000000000000
40 56 60
-0.817226000000 -0.380734060000 0.432646780000 -1.501656130000
0.160007640000 0.571302750000 0.804991130000 -0.938083500000
-0.553659840000 0.727086470000 -0.405963110000 3.155095340000
0.000000000000 0.000000000000 0.000000000000 1.000000000000
40 58 60
0.948668440000 -0.159129110000 0.273324210000 -0.235556090000
-0.218674140000 0.294336110000 0.930348250000 -1.411044450000
-0.228494680000 -0.942360960000 0.244429950000 2.118056500000
0.000000000000 0.000000000000 0.000000000000 1.000000000000
40 59 60
0.996874950000 0.051787110000 0.059652590000 0.164759950000
-0.062552790000 0.978662830000 0.195719710000 0.319042250000
-0.048244020000 -0.198839520000 0.978843890000 -0.076109050000
0.000000000000 0.000000000000 0.000000000000 1.000000000000
41 43 60
0.416731950000 -0.520394440000 0.745334890000 -1.787475680000
-0.615396830000 -0.764969430000 -0.190022390000 0.827359630000
0.669045010000 -0.379488330000 -0.639036300000 4.947752450000
0.000000000000 0.000000000000 0.000000000000 1.000000000000
41 44 60
0.860515760000 0.504801840000 -0.068466990000 -0.148584490000
-0.320443900000 0.640861310000 0.697576150000 -1.986506200000
0.396015570000 -0.578335440000 0.713231930000 0.274889020000
0.000000000000 0.000000000000 0.000000000000 1.000000000000
41 45 60
0.480742430000 0.139333190000 -0.865721070000 2.479289770000
-0.335803120000 0.941282460000 -0.034979990000 -0.210885430000
0.810014190000 0.307528200000 0.499302940000 0.802085090000
0.000000000000 0.000000000000 0.000000000000 1.000000000000
41 46 60
-0.481712180000 0.107127200000 -0.869756940000 2.422201320000
0.560618240000 -0.725159310000 -0.399813910000 1.322024520000
-0.673543290000 -0.680196840000 0.289260610000 1.687956070000
0.000000000000 0.000000000000 0.000000000000 1.000000000000
41 47 60
0.861898860000 0.107823830000 -0.495483970000 1.117752030000
-0.179374400000 0.978784170000 -0.099027090000 0.007974670000
0.474294390000 0.174228480000 0.862953800000 0.412429320000
0.000000000000 0.000000000000 0.000000000000 1.000000000000
41 48 60
-0.588687080000 -0.119396510000 0.799494840000 -2.361320200000
0.412485380000 0.806210940000 0.424122300000 -0.645114970000
-0.695200210000 0.579455250000 -0.425356660000 2.050733230000
0.000000000000 0.000000000000 0.000000000000 1.000000000000
41 49 60
-0.856931402000 0.491486719000 0.155271947000 -0.572561110000
0.496991554000 0.867746821000 -0.003853681840 0.117907345000
-0.136630772000 0.073866505100 -0.987864248000 4.122551190000
0.000000000000 0.000000000000 0.000000000000 1.000000000000
41 50 60
-0.994786530000 0.040534210000 0.093577430000 0.416381250000
0.094036520000 0.719646720000 0.687943120000 -1.810378650000
-0.039457460000 0.693156250000 -0.719706560000 3.984737150000
0.000000000000 0.000000000000 0.000000000000 1.000000000000
41 52 60
-0.116335370000 -0.827034700000 -0.549981530000 1.235853170000
-0.755027330000 -0.286126530000 0.589970630000 -0.624404960000
-0.645290490000 0.483885530000 -0.591147170000 3.665008290000
0.000000000000 0.000000000000 0.000000000000 1.000000000000
41 53 60
-0.104343140000 -0.846831820000 -0.521525040000 0.895231140000
0.335060010000 0.463800050000 -0.820136760000 1.815704860000
0.936401250000 -0.260317830000 0.235345120000 1.578389850000
0.000000000000 0.000000000000 0.000000000000 1.000000000000
41 54 60
-0.932857540000 0.036771900000 -0.358363850000 1.609870270000
-0.348239750000 -0.346723110000 0.870926040000 -1.962619900000
-0.092227420000 0.937246450000 0.336248710000 2.531349640000
0.000000000000 0.000000000000 0.000000000000 1.000000000000
41 55 60
0.378378240000 0.165650430000 0.910708430000 -1.873070690000
-0.886912240000 0.346525760000 0.305461260000 -0.780104200000
-0.264984140000 -0.923298340000 0.278035200000 1.619137000000
0.000000000000 0.000000000000 0.000000000000 1.000000000000
41 56 60
-0.662638163000 0.730980790000 -0.163026838000 -0.001075172230
0.217495685000 -0.020476902500 -0.975846465000 1.902861100000
-0.716663305000 -0.682090743000 -0.145416391000 2.584178390000
0.000000000000 0.000000000000 0.000000000000 1.000000000000
41 57 60
-0.913665000000 -0.293776110000 -0.280912550000 0.384131860000
-0.121560600000 -0.461986700000 0.878516540000 -1.762370280000
-0.387865030000 0.836817710000 0.386389480000 2.081235590000
0.000000000000 0.000000000000 0.000000000000 1.000000000000
41 58 60
0.666459070000 0.734666630000 -0.126874940000 -0.074031930000
-0.003551850000 -0.167047510000 -0.985942450000 2.496525910000
-0.745533160000 0.657540930000 -0.108720900000 2.082998320000
0.000000000000 0.000000000000 0.000000000000 1.000000000000
41 59 60
-0.061442110000 0.592074780000 -0.803537380000 1.880102360000
-0.432338700000 0.709826650000 0.556083970000 -1.049975670000
0.899615540000 0.381567280000 0.212363590000 2.338122670000
0.000000000000 0.000000000000 0.000000000000 1.000000000000
42 44 60
-0.860818940000 0.412090070000 -0.298617710000 1.256303780000
-0.346653020000 -0.045207450000 0.936903390000 -2.217205560000
0.372588840000 0.910020910000 0.181767690000 1.136373720000
0.000000000000 0.000000000000 0.000000000000 1.000000000000
42 45 60
-0.501635680000 -0.436451260000 0.746908250000 -1.938416820000
0.007250180000 -0.865489690000 -0.500874270000 1.939502180000
0.865048600000 -0.245841180000 0.437324860000 1.140660800000
0.000000000000 0.000000000000 0.000000000000 1.000000000000
42 46 60
0.989357350000 0.019425730000 0.144203580000 0.106947780000
0.020285380000 0.962955870000 -0.268894950000 0.275509680000
-0.144085160000 0.268958420000 0.952313410000 -0.132792190000
0.000000000000 0.000000000000 0.000000000000 1.000000000000
42 47 60
0.999274940000 -0.034315410000 0.016493840000 -0.024783950000
0.036782120000 0.981962430000 -0.185463920000 0.354396480000
-0.009832060000 0.185936130000 0.982512640000 -0.212688690000
0.000000000000 0.000000000000 0.000000000000 1.000000000000
42 48 60
-0.992579770000 -0.014259650000 0.120756250000 -0.747303260000
0.072769730000 0.725964380000 0.683871550000 -1.733126380000
-0.097416510000 0.687584460000 -0.719539880000 3.695852460000
0.000000000000 0.000000000000 0.000000000000 1.000000000000
42 49 60
0.910635700000 -0.162224270000 0.380034080000 -1.077846300000
0.223224120000 0.967093870000 -0.122067380000 0.194495680000
-0.347726340000 0.195991690000 0.916882570000 -0.124403280000
0.000000000000 0.000000000000 0.000000000000 1.000000000000
42 50 60
0.583027260000 0.192577670000 0.789299090000 -1.813379160000
0.022675840000 -0.974980360000 0.221131410000 -0.547397730000
0.812136080000 -0.111027620000 -0.572806990000 3.614331830000
0.000000000000 0.000000000000 0.000000000000 1.000000000000
42 51 60
0.699015310000 0.117245080000 0.705429790000 -1.800631060000
-0.514079710000 0.768111290000 0.381742200000 -0.771599080000
-0.497091190000 -0.629490780000 0.597194870000 1.038924090000
0.000000000000 0.000000000000 0.000000000000 1.000000000000
42 52 60
0.550578560000 0.024215190000 0.834432060000 -1.550208270000
0.293944910000 -0.941184290000 -0.166638860000 0.627657790000
0.781319160000 0.337024850000 -0.525313830000 2.868391200000
0.000000000000 0.000000000000 0.000000000000 1.000000000000
42 53 60
-0.097499770000 -0.920463200000 0.378472310000 -0.200377580000
0.131232180000 0.365073170000 0.921683080000 -1.614499960000
-0.986545440000 0.139531630000 0.085199850000 2.364664480000
0.000000000000 0.000000000000 0.000000000000 1.000000000000
42 54 60
0.821842620000 0.090248270000 0.562521070000 -1.216371400000
0.559888980000 -0.310528120000 -0.768177460000 1.663063190000
0.105351930000 0.946270330000 -0.305734260000 3.141571520000
0.000000000000 0.000000000000 0.000000000000 1.000000000000
42 55 60
0.494221050000 0.686859020000 0.532888580000 -0.971140050000
-0.794386720000 0.107824470000 0.597765530000 -1.532888980000
0.353122210000 -0.718747920000 0.598920810000 1.071261020000
0.000000000000 0.000000000000 0.000000000000 1.000000000000
42 56 60
0.752551080000 -0.378907080000 0.538605890000 -0.708530070000
0.174199430000 0.903292570000 0.392067720000 -0.415837290000
-0.635075930000 -0.201226140000 0.745779190000 0.834372580000
0.000000000000 0.000000000000 0.000000000000 1.000000000000
42 57 60
-0.964627150000 0.194207070000 -0.178264060000 0.134798710000
0.258840730000 0.569607920000 -0.780095050000 1.833385310000
-0.049959360000 -0.798642870000 -0.599727970000 3.995627490000
0.000000000000 0.000000000000 0.000000000000 1.000000000000
42 58 60
0.847279460000 0.435032960000 0.304735690000 -1.101760500000
-0.435122700000 0.239471260000 0.867941100000 -1.751538460000
0.304607550000 -0.867986080000 0.392191790000 2.161004090000
0.000000000000 0.000000000000 0.000000000000 1.000000000000
42 59 60
0.773192740000 -0.352118160000 0.527433200000 -1.341278870000
0.270508310000 0.935354660000 0.227896730000 -0.300814890000
-0.573583680000 -0.033533040000 0.818460320000 0.935983040000
0.000000000000 0.000000000000 0.000000000000 1.000000000000
43 45 60
0.995416430000 -0.086305110000 0.041201410000 -0.339181310000
0.090587220000 0.989005680000 -0.116883330000 0.240747530000
-0.030660800000 0.120079910000 0.992290650000 0.029445260000
0.000000000000 0.000000000000 0.000000000000 1.000000000000
43 46 60
0.968699700000 0.021254400000 -0.247323970000 0.254413920000
-0.044417820000 0.995089160000 -0.088456860000 0.258757430000
0.244229300000 0.096673720000 0.964886650000 0.034726130000
0.000000000000 0.000000000000 0.000000000000 1.000000000000
43 47 60
-0.404867320000 -0.206765990000 0.890690900000 -2.337032350000
0.306630940000 0.886991510000 0.345287600000 -0.557534940000
-0.861429000000 0.412909050000 -0.295713030000 3.075420930000
0.000000000000 0.000000000000 0.000000000000 1.000000000000
43 48 60
-0.900376810000 0.137034220000 -0.412968800000 0.651361620000
-0.115880760000 0.839312210000 0.531155970000 -1.246759110000
0.419396300000 0.526095650000 -0.739817620000 4.560125210000
0.000000000000 0.000000000000 0.000000000000 1.000000000000
43 49 60
-0.743697840000 0.147842320000 -0.651963320000 0.890492350000
0.664776580000 0.266554030000 -0.697868930000 1.790395850000
0.070608880000 -0.952413560000 -0.296517770000 3.687090620000
0.000000000000 0.000000000000 0.000000000000 1.000000000000
43 50 60
-0.740292450000 0.422676190000 -0.522792430000 1.531273320000
-0.089230200000 -0.832530640000 -0.546745550000 2.000326810000
-0.666337040000 -0.358102730000 0.654031630000 1.347046670000
0.000000000000 0.000000000000 0.000000000000 1.000000000000
43 51 60
-0.527872310000 0.455234400000 -0.717016370000 1.844838720000
0.734988270000 -0.178202940000 -0.654244570000 1.590817340000
-0.425609060000 -0.872356210000 -0.240523540000 3.910140070000
0.000000000000 0.000000000000 0.000000000000 1.000000000000
43 52 60
0.606705320000 0.273054290000 0.746558780000 -2.030525570000
0.770938330000 0.026863120000 -0.636343040000 1.613520650000
-0.193811100000 0.961623490000 -0.194210020000 3.537345780000
0.000000000000 0.000000000000 0.000000000000 1.000000000000
43 53 60
0.970403760000 0.053170370000 0.235561990000 -0.531634110000
-0.121936630000 0.949859230000 0.287921680000 -0.419412000000
-0.208441830000 -0.308123920000 0.928230390000 1.182636080000
0.000000000000 0.000000000000 0.000000000000 1.000000000000
43 54 60
0.399113490000 -0.839703880000 0.368246960000 -1.469470820000
-0.175878040000 -0.464274590000 -0.868053000000 1.960130920000
0.899875180000 0.281685110000 -0.332983730000 3.290792360000
0.000000000000 0.000000000000 0.000000000000 1.000000000000
43 55 60
0.175721870000 0.402767250000 -0.898276330000 1.617803300000
0.629227240000 0.655798020000 0.417135510000 -0.139247820000
0.757096360000 -0.638519770000 -0.138194070000 3.233194560000
0.000000000000 0.000000000000 0.000000000000 1.000000000000
43 56 60
-0.779345350000 0.361765670000 -0.511611590000 0.842358500000
-0.250377800000 0.568682240000 0.783525020000 -0.886036350000
0.574396880000 0.738732770000 -0.352621770000 3.328721290000
0.000000000000 0.000000000000 0.000000000000 1.000000000000
43 57 60
0.773179180000 0.344743630000 0.532302340000 -0.826700420000
0.609095660000 -0.637432640000 -0.471892050000 0.885078200000
0.176625110000 0.689080160000 -0.702831490000 4.347422300000
0.000000000000 0.000000000000 0.000000000000 1.000000000000
43 58 60
-0.821158940000 0.570667370000 0.006061970000 -0.280418260000
-0.120595240000 -0.163128200000 -0.979206810000 2.604202660000
-0.557812500000 -0.804815470000 0.202773950000 2.741607590000
0.000000000000 0.000000000000 0.000000000000 1.000000000000
43 59 60
0.687473170000 0.404049320000 -0.603427530000 1.338646430000
-0.267215260000 0.913374320000 0.307153630000 -0.187373280000
0.675260430000 -0.049914830000 0.735888480000 1.650002870000
0.000000000000 0.000000000000 0.000000000000 1.000000000000
44 46 60
0.998538510000 0.051847630000 0.015253590000 -0.033541080000
-0.051208030000 0.997898800000 -0.039695430000 0.101985420000
-0.017279650000 0.038856310000 0.999095390000 0.030025910000
0.000000000000 0.000000000000 0.000000000000 1.000000000000
44 47 60
0.912542990000 -0.098992370000 0.396819620000 -1.439419490000
0.066122210000 0.993210370000 0.095713230000 -0.014043790000
-0.403600240000 -0.061103850000 0.912892750000 0.408109580000
0.000000000000 0.000000000000 0.000000000000 1.000000000000
44 48 60
0.887700230000 -0.294485420000 0.353930270000 -0.790401960000
0.331727040000 -0.124005430000 -0.935189730000 2.714433420000
0.319289010000 0.947576380000 -0.012390870000 2.386541750000
0.000000000000 0.000000000000 0.000000000000 1.000000000000
44 49 60
0.137633740000 0.054034580000 0.989008200000 -2.003781980000
-0.285831950000 0.958197260000 -0.012573870000 0.313020010000
-0.948344370000 -0.280959550000 0.147325080000 2.425612600000
0.000000000000 0.000000000000 0.000000000000 1.000000000000
44 50 60
0.660463970000 0.220513530000 0.717747260000 -1.090774600000
0.637217810000 -0.670234930000 -0.380445260000 1.031691700000
0.397165960000 0.708631730000 -0.583181170000 4.059446130000
0.000000000000 0.000000000000 0.000000000000 1.000000000000
44 51 60
-0.250044200000 0.715924790000 -0.651866240000 1.888915730000
0.665509140000 -0.361925510000 -0.652769110000 2.023611580000
-0.703260610000 -0.597044070000 -0.385957120000 4.176345650000
0.000000000000 0.000000000000 0.000000000000 1.000000000000
44 52 60
-0.616494610000 -0.138862360000 -0.775017190000 1.659797270000
-0.604635440000 0.713990450000 0.353034870000 -0.118241570000
0.504331620000 0.686246960000 -0.524132360000 3.498332240000
0.000000000000 0.000000000000 0.000000000000 1.000000000000
44 53 60
-0.531603290000 0.592899390000 -0.604870440000 1.697458210000
0.846811380000 0.386852420000 -0.365042050000 0.895038900000
0.017562390000 -0.706268730000 -0.707725970000 4.033124520000
0.000000000000 0.000000000000 0.000000000000 1.000000000000
44 54 60
-0.883046110000 -0.149310740000 -0.444899840000 1.557841270000
-0.379928210000 -0.329038490000 0.864516180000 -1.198402230000
-0.275470720000 0.932437650000 0.233828790000 2.412949060000
0.000000000000 0.000000000000 0.000000000000 1.000000000000
44 55 60
-0.091853420000 0.979576620000 -0.178864740000 0.391452010000
0.993369600000 0.102612630000 0.051841040000 0.959822740000
0.069136050000 -0.172917020000 -0.982506950000 4.713247690000
0.000000000000 0.000000000000 0.000000000000 1.000000000000
44 56 60
-0.683424830000 0.005442770000 -0.730000600000 0.962023620000
0.423818670000 0.817155200000 -0.390685450000 1.250293340000
0.594397370000 -0.576392020000 -0.560770900000 3.567054840000
0.000000000000 0.000000000000 0.000000000000 1.000000000000
44 57 60
-0.430557260000 0.873009850000 -0.229072590000 1.351618920000
-0.570926950000 -0.066863730000 0.818273580000 -1.271371980000
0.699044250000 0.483097350000 0.527213510000 1.841907840000
0.000000000000 0.000000000000 0.000000000000 1.000000000000
44 58 60
0.707827290000 -0.231197900000 0.667478880000 -1.885580920000
0.127712350000 0.971234800000 0.200978880000 -0.604660870000
-0.694744620000 -0.057013040000 0.716993330000 1.271332860000
0.000000000000 0.000000000000 0.000000000000 1.000000000000
44 59 60
-0.665315050000 -0.358515140000 0.654845620000 -1.898160300000
0.202721920000 0.757433790000 0.620643110000 -0.638483630000
-0.718512150000 0.545674760000 -0.431253220000 3.521345190000
0.000000000000 0.000000000000 0.000000000000 1.000000000000
45 47 60
-0.608286800000 -0.121479430000 0.784365940000 -1.292442780000
0.221815400000 0.922826020000 0.314944530000 -0.504334210000
-0.762092580000 0.365561050000 -0.534396880000 3.610141670000
0.000000000000 0.000000000000 0.000000000000 1.000000000000
45 48 60
0.944917940000 0.178008360000 -0.274669080000 0.134107260000
0.318623910000 -0.692282130000 0.647475290000 -0.911701520000
-0.074892480000 -0.699327160000 -0.710867530000 4.384573840000
0.000000000000 0.000000000000 0.000000000000 1.000000000000
45 49 60
-0.872528360000 -0.337098480000 -0.353636640000 0.550646090000
0.467018190000 -0.362895900000 -0.806350160000 2.335878210000
0.143486130000 -0.868718130000 0.474068080000 2.067466840000
0.000000000000 0.000000000000 0.000000000000 1.000000000000
45 50 60
-0.493165850000 -0.711675490000 -0.500305350000 0.870364930000
0.830559740000 -0.556252770000 -0.027447720000 0.666435640000
-0.258762360000 -0.429069760000 0.865413880000 0.733455530000
0.000000000000 0.000000000000 0.000000000000 1.000000000000
45 52 60
0.522749290000 0.011423960000 0.852409920000 -1.699403390000
0.815284710000 0.285462290000 -0.503807620000 1.144939210000
-0.249086360000 0.958321850000 0.139911430000 2.610651180000
0.000000000000 0.000000000000 0.000000000000 1.000000000000
45 53 60
0.808451650000 0.527622000000 0.260808270000 -0.041272250000
-0.583537200000 0.660771780000 0.472085790000 -0.390387450000
0.076748100000 -0.533849860000 0.842089100000 1.231040160000
0.000000000000 0.000000000000 0.000000000000 1.000000000000
45 54 60
0.953859960000 -0.042633310000 0.297209650000 -0.580642110000
-0.259441450000 0.381224190000 0.887332090000 -1.219545200000
-0.151133410000 -0.923499060000 0.352573650000 1.780620880000
0.000000000000 0.000000000000 0.000000000000 1.000000000000
45 55 60
0.764355430000 -0.424845190000 0.485043640000 -0.907124030000
0.499254540000 -0.086103090000 -0.862166550000 2.775049540000
0.408051070000 0.901161930000 0.146292530000 2.601405040000
0.000000000000 0.000000000000 0.000000000000 1.000000000000
45 56 60
-0.978122210000 0.146666380000 -0.147532770000 -0.031491230000
0.008655960000 0.737265330000 0.675547850000 -0.568613610000
0.207850950000 0.659491320000 -0.722405140000 3.920816660000
0.000000000000 0.000000000000 0.000000000000 1.000000000000
45 57 60
0.711797880000 -0.657670790000 0.246602730000 -0.798114280000
-0.098952640000 0.253696980000 0.962209030000 -1.426500470000
-0.695379140000 -0.709300340000 0.115502710000 2.378563860000
0.000000000000 0.000000000000 0.000000000000 1.000000000000
45 58 60
0.937547448000 0.002361701700 -0.347849400000 0.763394009000
-0.335804432000 -0.254804931000 -0.906813008000 2.419960830000
-0.090775364400 0.966989591000 -0.238098643000 2.856356540000
0.000000000000 0.000000000000 0.000000000000 1.000000000000
45 59 60
0.489571280000 0.528938210000 -0.693213050000 1.982170020000
-0.248112240000 0.846642550000 0.470783080000 -0.444880630000
0.835918820000 -0.058487230000 0.545727920000 1.989217890000
0.000000000000 0.000000000000 0.000000000000 1.000000000000
46 48 60
-0.135597920000 -0.295464610000 0.945681690000 -2.601511690000
0.149614910000 0.937445070000 0.314343940000 -0.679709160000
-0.979402160000 0.184112460000 -0.082909690000 2.968464190000
0.000000000000 0.000000000000 0.000000000000 1.000000000000
46 49 60
-0.726565540000 -0.463286000000 -0.507413630000 0.601436630000
0.446613830000 -0.879636650000 0.163632030000 0.503701450000
-0.522148060000 -0.107728550000 0.846023620000 0.753238460000
0.000000000000 0.000000000000 0.000000000000 1.000000000000
46 50 60
0.717895020000 -0.150985970000 0.679580730000 -2.097928210000
-0.020356210000 -0.980332240000 -0.196301610000 1.048537440000
0.695853690000 0.127090260000 -0.706849140000 4.140440390000
0.000000000000 0.000000000000 0.000000000000 1.000000000000
46 51 60
-0.412387380000 0.198181440000 -0.889191070000 2.320592020000
0.316296580000 -0.884187290000 -0.343757640000 1.340404050000
-0.854337830000 -0.423009410000 0.301943560000 2.418780440000
0.000000000000 0.000000000000 0.000000000000 1.000000000000
46 52 60
0.663366490000 -0.234396690000 0.710635700000 -2.021613530000
0.490487750000 -0.581006930000 -0.649501900000 1.324501420000
0.565125360000 0.779415900000 -0.270451820000 3.088127920000
0.000000000000 0.000000000000 0.000000000000 1.000000000000
46 53 60
-0.576160490000 0.529054570000 -0.623009110000 1.068330050000
0.755985430000 0.055206660000 -0.652256270000 1.547483210000
-0.310684910000 -0.846790110000 -0.431765450000 3.368729550000
0.000000000000 0.000000000000 0.000000000000 1.000000000000
46 54 60
-0.802638980000 -0.163494180000 -0.573620370000 1.133286140000
0.517956010000 0.285863810000 -0.806227920000 2.183571680000
0.295790870000 -0.944220070000 -0.144762650000 2.954741280000
0.000000000000 0.000000000000 0.000000000000 1.000000000000
46 55 60
0.797138150000 -0.225209520000 0.560224450000 -1.172332140000
-0.473558300000 -0.808802830000 0.348683970000 -0.456504820000
0.374584180000 -0.543248240000 -0.751377430000 4.433224240000
0.000000000000 0.000000000000 0.000000000000 1.000000000000
46 56 60
0.290169010000 -0.602906170000 0.743173000000 -1.624136590000
0.050577570000 0.785161660000 0.617222060000 -0.484384930000
-0.955637930000 -0.141510830000 0.258323110000 1.517470710000
0.000000000000 0.000000000000 0.000000000000 1.000000000000
46 57 60
-0.822579810000 -0.467046290000 0.324392070000 -1.542813600000
0.514148260000 -0.367151540000 0.775145990000 -1.485799130000
-0.242928010000 0.804405060000 0.542142490000 2.030083900000
0.000000000000 0.000000000000 0.000000000000 1.000000000000
46 58 60
0.123091600000 -0.984749040000 0.122954370000 -0.140393000000
0.254532020000 0.151079680000 0.955190230000 -1.471759200000
-0.959198570000 -0.086280070000 0.269246810000 2.189726520000
0.000000000000 0.000000000000 0.000000000000 1.000000000000
46 59 60
0.627875250000 0.412615580000 -0.659940180000 1.625749740000
-0.046065270000 0.866124310000 0.497701390000 -0.338850740000
0.776949580000 -0.282094060000 0.562825270000 1.027754990000
0.000000000000 0.000000000000 0.000000000000 1.000000000000
47 49 60
0.941201500000 -0.153647610000 0.300885590000 -0.566264630000
0.145059180000 0.988116830000 0.050822890000 -0.248726880000
-0.305118930000 -0.004188360000 0.952305040000 0.340031900000
0.000000000000 0.000000000000 0.000000000000 1.000000000000
47 50 60
0.754597930000 -0.539674780000 0.373273480000 -1.169246060000
0.506606890000 0.117597310000 -0.854119630000 2.119385540000
0.417050870000 0.833619820000 0.362141650000 1.776062930000
0.000000000000 0.000000000000 0.000000000000 1.000000000000
47 51 60
0.461724520000 0.634048510000 0.620316810000 -1.773013170000
-0.870975870000 0.191651040000 0.452405700000 -0.820621830000
0.167962800000 -0.749167780000 0.640730940000 1.246086520000
0.000000000000 0.000000000000 0.000000000000 1.000000000000
47 52 60
-0.276288000000 0.243174410000 -0.929801670000 1.968366740000
-0.833502000000 0.421027190000 0.357785590000 -0.078706230000
0.478476080000 0.873843410000 0.086361600000 1.699287320000
0.000000000000 0.000000000000 0.000000000000 1.000000000000
47 53 60
0.818169770000 0.279499370000 0.502472230000 -1.320182360000
-0.544533710000 0.096070920000 0.833218710000 -1.085203790000
0.184611130000 -0.955327420000 0.230799150000 2.155907510000
0.000000000000 0.000000000000 0.000000000000 1.000000000000
47 54 60
0.852603810000 0.382965500000 0.355533620000 -1.519721610000
-0.454000480000 0.205978220000 0.866865930000 -1.279333870000
0.258747570000 -0.900505630000 0.349484340000 1.447908880000
0.000000000000 0.000000000000 0.000000000000 1.000000000000
47 55 60
0.798350230000 -0.179393370000 0.574852090000 -1.312289000000
0.168050980000 0.983042690000 0.073388970000 -0.067245320000
-0.578269640000 0.038014360000 0.814959590000 0.148775800000
0.000000000000 0.000000000000 0.000000000000 1.000000000000
47 56 60
-0.698370590000 0.682701680000 -0.214934710000 0.005778940000
0.171230260000 -0.132214050000 -0.976319440000 2.147806070000
-0.694952310000 -0.718636110000 -0.024564780000 2.105568890000
0.000000000000 0.000000000000 0.000000000000 1.000000000000
47 57 60
-0.988815690000 -0.114803400000 -0.095203490000 -0.095096360000
-0.045909040000 -0.373047930000 0.926675570000 -1.621766700000
-0.141900970000 0.920682040000 0.363605130000 2.232336150000
0.000000000000 0.000000000000 0.000000000000 1.000000000000
47 58 60
-0.127746780000 -0.982140150000 -0.138135770000 0.075742460000
0.112363930000 -0.152711840000 0.981862230000 -1.648204000000
-0.985421280000 0.109908260000 0.129865570000 2.431247440000
0.000000000000 0.000000000000 0.000000000000 1.000000000000
47 59 60
-0.264257290000 -0.476796060000 0.838351720000 -2.285930660000
0.291560360000 0.789086420000 0.540680290000 -0.637969750000
-0.919326190000 0.387308840000 -0.069507010000 2.581186020000
0.000000000000 0.000000000000 0.000000000000 1.000000000000
48 50 60
-0.847020700000 -0.435296660000 0.305078290000 -1.238011350000
-0.160203790000 -0.338195230000 -0.927339600000 1.784843420000
0.506843850000 -0.834350530000 0.216722180000 2.336947350000
0.000000000000 0.000000000000 0.000000000000 1.000000000000
48 51 60
0.286238950000 -0.660222590000 0.694387060000 -3.078515330000
-0.018568730000 0.720751770000 0.692944500000 -1.799388960000
-0.957978320000 -0.211241590000 0.194047740000 2.489714400000
0.000000000000 0.000000000000 0.000000000000 1.000000000000
48 52 60
0.207458600000 0.123469100000 0.970420690000 -2.570410380000
0.968337470000 -0.166737310000 -0.185798830000 -0.175860420000
0.138864920000 0.978240280000 -0.154150850000 3.207618720000
0.000000000000 0.000000000000 0.000000000000 1.000000000000
48 53 60
0.495153010000 -0.603081260000 0.625393070000 -0.931406270000
0.694312120000 -0.158027990000 -0.702109560000 1.558242360000
0.522258730000 0.781869650000 0.340478600000 1.762878140000
0.000000000000 0.000000000000 0.000000000000 1.000000000000
48 54 60
-0.786173940000 0.531648360000 0.315088180000 0.012204740000
0.533952010000 0.841044010000 -0.086834470000 0.788395960000
-0.311168430000 0.099974970000 -0.945081590000 4.725370540000
0.000000000000 0.000000000000 0.000000000000 1.000000000000
48 55 60
0.449194620000 0.146270450000 0.881379120000 -1.827541830000
-0.892206070000 0.021737510000 0.451105100000 -1.002091570000
0.046824360000 -0.989005780000 0.140267760000 2.455431130000
0.000000000000 0.000000000000 0.000000000000 1.000000000000
48 56 60
-0.845400410000 -0.107675030000 -0.523167490000 0.406229690000
-0.354992350000 -0.618581860000 0.700954290000 -1.222547570000
-0.399097190000 0.778307510000 0.484725550000 1.606747490000
0.000000000000 0.000000000000 0.000000000000 1.000000000000
48 57 60
0.836518360000 0.528400800000 -0.145015980000 0.114222020000
-0.307802700000 0.234201920000 -0.922175120000 2.437291000000
-0.453315050000 0.816052730000 0.358557400000 2.204197850000
0.000000000000 0.000000000000 0.000000000000 1.000000000000
48 58 60
0.352077460000 -0.851899040000 -0.387697680000 1.030305430000
0.870298000000 0.145544260000 0.470529760000 -0.791741500000
-0.344416670000 -0.503075440000 0.792648880000 1.093025460000
0.000000000000 0.000000000000 0.000000000000 1.000000000000
48 59 60
-0.300278700000 -0.504121540000 0.809749450000 -2.097919950000
0.236820380000 0.782943310000 0.575252880000 -0.546375770000
-0.923985290000 0.364501360000 -0.115714940000 2.287278890000
0.000000000000 0.000000000000 0.000000000000 1.000000000000
49 51 60
0.901161230000 -0.023846520000 -0.432827660000 0.184359020000
0.037483420000 0.999032520000 0.023000280000 -0.376618180000
0.431860430000 -0.036950830000 0.901183220000 0.027513960000
0.000000000000 0.000000000000 0.000000000000 1.000000000000
49 52 60
0.847121540000 -0.184101710000 0.498489380000 -1.384948120000
0.385009840000 0.859201460000 -0.336957370000 0.779443400000
-0.366268380000 0.477367160000 0.798729030000 0.387053920000
0.000000000000 0.000000000000 0.000000000000 1.000000000000
49 53 60
0.230405643000 -0.490565386000 -0.840392076000 1.577466300000
-0.360665859000 0.759067275000 -0.541975101000 0.947314193000
0.903788348000 0.427974852000 -0.002036803330 2.686021260000
0.000000000000 0.000000000000 0.000000000000 1.000000000000
49 54 60
-0.495190630000 -0.268796010000 -0.826156730000 1.947771650000
0.728005500000 -0.647339140000 -0.225743280000 0.526215280000
-0.474124700000 -0.713232600000 0.516241250000 0.885845040000
0.000000000000 0.000000000000 0.000000000000 1.000000000000
49 55 60
-0.960520710000 -0.053245220000 -0.273065780000 0.083136170000
-0.087478310000 0.989534190000 0.114759030000 -0.397760720000
0.264097550000 0.134115760000 -0.955125880000 4.129783220000
0.000000000000 0.000000000000 0.000000000000 1.000000000000
49 56 60
-0.907629830000 0.080164980000 -0.412045710000 0.310762290000
0.134691240000 -0.874075470000 -0.466744410000 0.851692070000
-0.397575600000 -0.479130090000 0.782539450000 0.309444740000
0.000000000000 0.000000000000 0.000000000000 1.000000000000
49 57 60
0.349328880000 0.763072480000 0.543773590000 -1.096923730000
0.439336830000 -0.645977200000 0.624256840000 -1.190606880000
0.827618560000 0.020828820000 -0.560904340000 2.930329100000
0.000000000000 0.000000000000 0.000000000000 1.000000000000
49 58 60
0.760430020000 -0.091636130000 0.642922240000 -1.207782230000
-0.544759190000 0.448924150000 0.708311040000 -1.122308040000
-0.353530210000 -0.888858780000 0.291455770000 2.115678220000
0.000000000000 0.000000000000 0.000000000000 1.000000000000
49 59 60
0.645400500000 0.712118330000 -0.276307210000 0.780647370000
0.669507450000 -0.353243770000 0.653436000000 -0.897788210000
0.367719950000 -0.606717660000 -0.704752230000 3.583947170000
0.000000000000 0.000000000000 0.000000000000 1.000000000000
50 52 60
0.142041600000 0.645021340000 0.750847290000 -1.613485150000
0.519727050000 -0.694167770000 0.498010940000 -1.160623440000
0.842441680000 0.319497380000 -0.433835740000 2.428305570000
0.000000000000 0.000000000000 0.000000000000 1.000000000000
50 53 60
0.419855350000 -0.241845010000 0.874775670000 -1.710380080000
0.241581940000 -0.899291650000 -0.364571940000 0.425355240000
0.874848360000 0.364397480000 -0.319147030000 2.421839320000
0.000000000000 0.000000000000 0.000000000000 1.000000000000
50 54 60
0.631383680000 0.294147520000 0.717517860000 -1.826183020000
-0.517458660000 -0.529333110000 0.672341420000 -1.049007480000
0.577573530000 -0.795791240000 -0.182003100000 2.230235380000
0.000000000000 0.000000000000 0.000000000000 1.000000000000
50 55 60
0.978313060000 -0.176881690000 -0.107779530000 0.158320390000
0.077969110000 -0.167592850000 0.982768260000 -2.436273740000
-0.191896790000 -0.969858500000 -0.150166970000 2.230935160000
0.000000000000 0.000000000000 0.000000000000 1.000000000000
50 56 60
0.303079738000 0.952960508000 0.002990510800 0.102340031000
0.917655742000 -0.292694840000 0.268770664000 -0.292966659000
0.257003136000 -0.078714683100 -0.963199557000 3.536136070000
0.000000000000 0.000000000000 0.000000000000 1.000000000000
50 57 60
0.364146600000 0.884240540000 0.292431050000 -0.175760190000
-0.006185170000 0.316278150000 -0.948646340000 2.202064190000
-0.931321100000 0.343637610000 0.120640790000 2.352560730000
0.000000000000 0.000000000000 0.000000000000 1.000000000000
50 58 60
0.974346250000 -0.141142290000 0.175294720000 -0.124111150000
-0.041273650000 0.653624710000 0.755692540000 -1.610578640000
-0.221237140000 -0.743541250000 0.631031330000 1.714789600000
0.000000000000 0.000000000000 0.000000000000 1.000000000000
50 59 60
-0.054122540000 0.480319070000 0.875422380000 -2.008342540000
-0.755711070000 0.553332820000 -0.350319250000 0.643951670000
-0.652664950000 -0.680526550000 0.333034660000 1.034989390000
0.000000000000 0.000000000000 0.000000000000 1.000000000000
51 53 60
-0.135296810000 0.287615120000 -0.948141510000 2.067690750000
-0.044982190000 -0.957736820000 -0.284107000000 0.671240830000
-0.989783500000 0.004210710000 0.142516290000 2.703578420000
0.000000000000 0.000000000000 0.000000000000 1.000000000000
51 54 60
0.803369270000 0.394435270000 -0.446115040000 0.854278360000
-0.287672490000 0.913019030000 0.289207170000 -0.368257370000
0.521385030000 -0.104005130000 0.846959610000 0.263749300000
0.000000000000 0.000000000000 0.000000000000 1.000000000000
51 55 60
0.955623340000 0.245397280000 -0.162985300000 0.968447980000
-0.145518690000 0.874267560000 0.463120450000 -0.903879130000
0.256141260000 -0.418851300000 0.871180370000 0.556971940000
0.000000000000 0.000000000000 0.000000000000 1.000000000000
51 56 60
0.366918320000 0.856017760000 0.364149060000 0.296629780000
-0.644237230000 -0.048557700000 0.763282740000 -1.246480270000
0.671065820000 -0.514660810000 0.533661800000 2.111920830000
0.000000000000 0.000000000000 0.000000000000 1.000000000000
51 57 60
-0.988407310000 0.149216210000 -0.028026910000 0.576146980000
-0.134142900000 -0.944742810000 -0.299109840000 -0.333874910000
-0.071110260000 -0.291882740000 0.953807000000 1.231838300000
0.000000000000 0.000000000000 0.000000000000 1.000000000000
51 58 60
0.885355680000 0.415098340000 0.209376900000 -0.020676910000
0.351165010000 -0.301945390000 -0.886291210000 2.059449940000
-0.304677620000 0.858208800000 -0.413097080000 3.431173900000
0.000000000000 0.000000000000 0.000000000000 1.000000000000
51 59 60
-0.191475740000 -0.933159710000 0.304220310000 -0.735691810000
0.762229770000 0.053893840000 0.645059090000 -1.055925800000
-0.618338750000 0.355398950000 0.700962750000 0.809111680000
0.000000000000 0.000000000000 0.000000000000 1.000000000000
52 54 60
0.881269490000 -0.250398910000 -0.400829730000 0.573158770000
0.462276180000 0.633116460000 0.620857690000 -1.369835720000
0.098309820000 -0.732436980000 0.673699670000 0.039766820000
0.000000000000 0.000000000000 0.000000000000 1.000000000000
52 55 60
0.532143780000 -0.688430290000 -0.492835400000 1.535523290000
0.603184410000 0.716748320000 -0.349914850000 0.835291590000
0.594130930000 -0.111065620000 0.796663580000 0.212663490000
0.000000000000 0.000000000000 0.000000000000 1.000000000000
52 56 60
0.268801460000 -0.907362390000 -0.323170650000 1.213624770000
0.601778830000 0.420180550000 -0.679198450000 0.974400940000
0.752069160000 -0.011907720000 0.658976620000 1.415733010000
0.000000000000 0.000000000000 0.000000000000 1.000000000000
52 57 60
-0.657142910000 0.388767380000 -0.645773270000 1.935607460000
-0.702088020000 -0.003936540000 0.712079290000 -1.307155500000
0.274291080000 0.921327540000 0.275535790000 1.463619660000
0.000000000000 0.000000000000 0.000000000000 1.000000000000
52 58 60
0.348174800000 0.209634780000 -0.913688990000 2.346577020000
0.563439910000 0.732174490000 0.382695670000 -0.990713950000
0.749206100000 -0.648053830000 0.136808100000 2.142715140000
0.000000000000 0.000000000000 0.000000000000 1.000000000000
52 59 60
-0.257123820000 -0.966375780000 -0.002278800000 -0.292796850000
0.958714910000 -0.255380450000 0.125086140000 0.293302910000
-0.121462180000 0.029977910000 0.992143270000 -0.473536740000
0.000000000000 0.000000000000 0.000000000000 1.000000000000
53 55 60
0.851115230000 -0.522022690000 0.055634360000 0.621743010000
0.512699110000 0.803739130000 -0.301899030000 0.746113570000
0.112882640000 0.285474550000 0.951715180000 -0.242054800000
0.000000000000 0.000000000000 0.000000000000 1.000000000000
53 56 60
-0.653634480000 -0.268455260000 -0.707597160000 1.301535080000
0.357592840000 -0.933572590000 0.023865930000 0.022527980000
-0.667000250000 -0.237432080000 0.706212910000 0.571292040000
0.000000000000 0.000000000000 0.000000000000 1.000000000000
53 57 60
-0.505013640000 -0.583669620000 0.635838820000 -1.245723980000
-0.817277170000 0.560246210000 -0.134841450000 0.615235090000
-0.277523430000 -0.587753320000 -0.759951830000 3.058353440000
0.000000000000 0.000000000000 0.000000000000 1.000000000000
53 58 60
-0.680412460000 -0.320763590000 0.658900300000 -1.011302090000
-0.204594960000 0.946513950000 0.249503990000 -0.715749350000
-0.703690120000 0.034957940000 -0.709646510000 3.283746100000
0.000000000000 0.000000000000 0.000000000000 1.000000000000
53 59 60
-0.180526250000 -0.963572690000 0.197327010000 -0.455079900000
0.972057640000 -0.205391650000 -0.113658330000 0.972607950000
0.150047380000 0.171294910000 0.973726780000 -0.299328080000
0.000000000000 0.000000000000 0.000000000000 1.000000000000
54 56 60
-0.702049080000 -0.255936990000 -0.664547480000 1.489042700000
-0.205202780000 -0.820897330000 0.532934700000 -0.751253080000
-0.681922950000 0.510513310000 0.523791230000 1.083410610000
0.000000000000 0.000000000000 0.000000000000 1.000000000000
54 57 60
-0.732354980000 -0.405284960000 -0.547174820000 1.479814850000
0.564911260000 -0.810285220000 -0.155926690000 0.007025890000
-0.380172920000 -0.423298900000 0.822366450000 0.512741590000
0.000000000000 0.000000000000 0.000000000000 1.000000000000
54 58 60
-0.681101950000 -0.472091360000 -0.559669440000 1.607425090000
0.571474430000 -0.820613370000 -0.003265990000 -0.096420960000
-0.457730380000 -0.322061240000 0.828709510000 0.617031250000
0.000000000000 0.000000000000 0.000000000000 1.000000000000
54 59 60
0.698710850000 0.687614860000 -0.197456190000 1.195619870000
0.583647940000 -0.388274260000 0.713160690000 -1.602067390000
0.413712740000 -0.613538010000 -0.672616440000 3.813922290000
0.000000000000 0.000000000000 0.000000000000 1.000000000000
55 57 60
-0.032571980000 0.708316800000 0.705142810000 -1.576424980000
0.926359860000 -0.243475720000 0.287362100000 -0.638165000000
0.375228550000 0.662575950000 -0.648225770000 3.482761060000
0.000000000000 0.000000000000 0.000000000000 1.000000000000
55 58 60
0.725407370000 -0.118018200000 -0.678126720000 1.117171870000
0.076161580000 0.992904050000 -0.091328920000 -0.225008600000
0.684093240000 0.014603470000 0.729248370000 0.968862590000
0.000000000000 0.000000000000 0.000000000000 1.000000000000
55 59 60
-0.435203290000 -0.875940870000 -0.208148240000 -0.122357470000
0.782143820000 -0.482336920000 0.394464370000 -0.554119300000
-0.445925050000 0.008870330000 0.895026350000 0.459202140000
0.000000000000 0.000000000000 0.000000000000 1.000000000000
56 58 60
0.955809130000 -0.291003740000 0.041781840000 -0.249305650000
0.130550630000 0.547475220000 0.826575720000 -1.929776480000
-0.263411150000 -0.784593980000 0.561272540000 0.954598970000
0.000000000000 0.000000000000 0.000000000000 1.000000000000
56 59 60
0.493545300000 0.434994710000 -0.753121930000 2.071041560000
-0.617864190000 0.784794890000 0.048382140000 -0.264636500000
0.612092220000 0.441448290000 0.656099480000 0.730087950000
0.000000000000 0.000000000000 0.000000000000 1.000000000000
57 59 60
0.916864900000 -0.339250600000 0.210399100000 -0.167098450000
-0.337401790000 -0.376878450000 0.862625450000 -2.142094950000
-0.213351310000 -0.861900030000 -0.460010390000 2.855647290000
0.000000000000 0.000000000000 0.000000000000 1.000000000000
