0 2 66
0.928268920000 -0.013276310000 0.371672650000 -1.530824210000
-0.173064580000 -0.899987690000 0.400088500000 0.018088040000
0.329189110000 -0.435713090000 -0.837728260000 4.622920440000
0.000000000000 0.000000000000 0.000000000000 1.000000000000
0 3 66
0.921967670000 -0.312698390000 -0.228462980000 0.534183250000
0.298693440000 0.949666020000 -0.094428140000 0.076552090000
0.246491060000 0.018819300000 0.968962330000 -0.854204440000
0.000000000000 0.000000000000 0.000000000000 1.000000000000
0 4 66
0.892171590000 -0.234661660000 -0.385958230000 1.136012320000
-0.199475330000 -0.971314140000 0.129454340000 0.836730620000
-0.405264660000 -0.038506340000 -0.913388100000 5.031751310000
0.000000000000 0.000000000000 0.000000000000 1.000000000000
0 5 66
0.558266640000 -0.011935450000 0.829575730000 -1.580707410000
-0.076779200000 -0.996348900000 0.037334010000 1.438619880000
0.826101270000 -0.084536490000 -0.557144750000 4.548681310000
0.000000000000 0.000000000000 0.000000000000 1.000000000000
0 6 66
0.726742360000 -0.312104690000 0.611911930000 -1.695866430000
-0.642972720000 -0.622564140000 0.446094130000 -0.364038240000
0.241726360000 -0.717638180000 -0.653118530000 4.572077490000
0.000000000000 0.000000000000 0.000000000000 1.000000000000
0 7 66
-0.168113490000 0.887744860000 -0.428540460000 1.346945840000
0.759966210000 -0.160164750000 -0.629919530000 1.882634650000
-0.627844890000 -0.431574240000 -0.647730240000 4.990836320000
0.000000000000 0.000000000000 0.000000000000 1.000000000000
0 8 66
0.475712040000 -0.866097820000 0.153533740000 -1.016407780000
-0.878610930000 -0.476161600000 0.036234830000 1.182500260000
0.041723970000 -0.152133770000 -0.987478820000 5.304451610000
0.000000000000 0.000000000000 0.000000000000 1.000000000000
0 9 66
0.826566630000 0.389524930000 -0.406273230000 1.503277690000
0.527007470000 -0.789059930000 0.315670010000 0.728656100000
-0.197612590000 -0.475031320000 -0.857493150000 4.998210260000
0.000000000000 0.000000000000 0.000000000000 1.000000000000
0 10 66
-0.041674490000 0.882183210000 -0.469058660000 0.754661100000
-0.942702880000 -0.190256450000 -0.274068890000 0.499305510000
-0.331020410000 0.430761270000 0.839565490000 -0.160449280000
0.000000000000 0.000000000000 0.000000000000 1.000000000000
0 11 66
-0.243557960000 0.583398540000 -0.774806850000 1.920638030000
0.708363810000 0.652675420000 0.268766640000 -0.281985190000
0.662495450000 -0.483384880000 -0.572222710000 3.936444300000
0.000000000000 0.000000000000 0.000000000000 1.000000000000
0 12 66
0.536102680000 -0.098428850000 -0.838394700000 1.820225840000
0.257446930000 -0.926799560000 0.273429450000 0.879125620000
-0.803937180000 -0.362428400000 -0.471519520000 3.706849140000
0.000000000000 0.000000000000 0.000000000000 1.000000000000
0 13 66
0.409494180000 0.267735080000 -0.872142450000 2.440850880000
0.777569250000 -0.602438520000 0.180149650000 -0.050940780000
-0.477179820000 -0.751921380000 -0.454877630000 3.712120880000
0.000000000000 0.000000000000 0.000000000000 1.000000000000
0 14 66
0.484885430000 0.074630430000 0.871387640000 -1.370300080000
-0.672619740000 -0.604999800000 0.426096140000 -0.367867470000
0.558989090000 -0.792720340000 -0.243157690000 4.340347120000
0.000000000000 0.000000000000 0.000000000000 1.000000000000
0 15 66
-0.922080130000 -0.317424160000 -0.221382350000 -0.212956010000
0.369231580000 -0.892927010000 -0.257583750000 1.813553160000
-0.115914980000 -0.319254210000 0.940553280000 -0.211601190000
0.000000000000 0.000000000000 0.000000000000 1.000000000000
0 17 66
-0.096784750000 -0.193655390000 0.976283920000 -2.146550230000
-0.986644750000 0.147784450000 -0.068497400000 -0.657461880000
-0.131014700000 -0.969874910000 -0.205372350000 3.867674850000
0.000000000000 0.000000000000 0.000000000000 1.000000000000
0 18 66
0.997540920000 0.036233600000 0.059993630000 -0.464298240000
-0.039247190000 0.997985810000 0.049839480000 -0.012673100000
-0.058066930000 -0.052071500000 0.996953760000 -0.440269740000
0.000000000000 0.000000000000 0.000000000000 1.000000000000
0 19 66
-0.546263190000 -0.437640540000 0.714189950000 -2.334896160000
0.303116370000 -0.898145650000 -0.318519790000 1.927574540000
0.780843770000 0.042487030000 0.623279920000 0.730531900000
0.000000000000 0.000000000000 0.000000000000 1.000000000000
0 20 66
-0.828115820000 -0.456734790000 0.324988490000 -1.073502920000
-0.264832860000 0.829754340000 0.491295530000 -0.988124700000
-0.494052370000 0.320781970000 -0.808091080000 4.907264600000
0.000000000000 0.000000000000 0.000000000000 1.000000000000
0 21 66
0.653542040000 -0.672186870000 0.347918970000 -1.307394160000
-0.728137180000 -0.683849290000 0.046544600000 0.492027640000
0.206637470000 -0.283751590000 -0.936368510000 5.285461810000
0.000000000000 0.000000000000 0.000000000000 1.000000000000
0 22 66
-0.471365950000 0.265100430000 -0.841151540000 2.287565590000
0.039916270000 0.959189270000 0.279933280000 -0.623271070000
0.881033960000 0.098375380000 -0.462710980000 3.724406830000
0.000000000000 0.000000000000 0.000000000000 1.000000000000
0 23 66
-0.943002750000 0.317369530000 -0.100111890000 -0.111016420000
-0.238898420000 -0.855030400000 -0.460272270000 2.953555870000
-0.231675110000 -0.410121440000 0.882115100000 0.132039950000
0.000000000000 0.000000000000 0.000000000000 1.000000000000
0 24 66
0.996225490000 0.039904470000 0.077087050000 -0.358959320000
-0.039665700000 0.999202300000 -0.004626600000 0.143516190000
-0.077210180000 0.001551420000 0.997013630000 -0.507580480000
0.000000000000 0.000000000000 0.000000000000 1.000000000000
0 25 66
0.952589620000 -0.235610660000 0.192511380000 -0.640632610000
-0.206796520000 -0.037259800000 0.977674230000 -2.548893410000
-0.223177540000 -0.971133010000 -0.084216760000 2.499518870000
0.000000000000 0.000000000000 0.000000000000 1.000000000000
0 26 66
-0.439281810000 0.423424090000 -0.792302670000 1.812668990000
0.523424580000 -0.596145900000 -0.608799450000 2.143390600000
-0.730108350000 -0.682145220000 0.040245470000 3.255576630000
0.000000000000 0.000000000000 0.000000000000 1.000000000000
0 27 66
0.989554800000 -0.124022430000 0.073482880000 -0.174098060000
-0.106160540000 -0.971798040000 -0.210567120000 1.059112070000
0.097525560000 0.200566720000 -0.974813700000 4.841485650000
0.000000000000 0.000000000000 0.000000000000 1.000000000000
0 28 66
0.390063650000 -0.180635210000 0.902896040000 -2.412692260000
0.256335870000 0.963108320000 0.081940730000 0.579931150000
-0.884388070000 0.199482550000 0.421976830000 1.274400110000
0.000000000000 0.000000000000 0.000000000000 1.000000000000
0 29 66
0.927769080000 -0.091802820000 0.361686020000 0.057501440000
0.048157630000 0.990616280000 0.127907090000 0.017641230000
-0.370034300000 -0.101250310000 0.923484160000 0.628696980000
0.000000000000 0.000000000000 0.000000000000 1.000000000000
0 30 66
0.913339920000 -0.238893730000 0.329757450000 -0.965425210000
-0.241770050000 -0.969775050000 -0.032917930000 0.608268930000
0.327654430000 -0.049660210000 -0.943491620000 3.934266610000
0.000000000000 0.000000000000 0.000000000000 1.000000000000
0 31 66
0.971765560000 0.180595170000 -0.151845590000 0.407122020000
-0.187475000000 0.981742680000 -0.032162660000 0.420165950000
0.143264880000 0.059721810000 0.987880800000 0.347782490000
0.000000000000 0.000000000000 0.000000000000 1.000000000000
0 32 66
0.555208760000 -0.376311140000 0.741709620000 -3.313401770000
0.241240130000 0.926313420000 0.289390110000 -0.091929040000
-0.795956300000 0.018258200000 0.605078680000 1.236712620000
0.000000000000 0.000000000000 0.000000000000 1.000000000000
0 33 66
-0.941464080000 0.327125860000 0.081449710000 0.036754030000
0.139730060000 0.158788850000 0.977374860000 -2.325418780000
0.306791280000 0.931544290000 -0.195203320000 3.745974700000
0.000000000000 0.000000000000 0.000000000000 1.000000000000
0 34 66
-0.817568340000 -0.416025700000 0.398126380000 -1.212158580000
-0.401346300000 -0.084096110000 -0.912057560000 2.539256630000
0.412920270000 -0.905455940000 -0.098216060000 2.958795540000
0.000000000000 0.000000000000 0.000000000000 1.000000000000
0 35 66
0.868998690000 0.259182590000 -0.421504040000 0.962064810000
-0.217814900000 0.965239200000 0.144464410000 -0.098748290000
0.444294880000 -0.033729530000 0.895245430000 0.543478590000
0.000000000000 0.000000000000 0.000000000000 1.000000000000
0 36 66
0.809386240000 -0.222652550000 0.543433300000 -1.756315630000
0.279584860000 0.959841840000 -0.023150790000 0.342152120000
-0.516455440000 0.170673650000 0.839133060000 0.481938250000
0.000000000000 0.000000000000 0.000000000000 1.000000000000
0 37 66
0.468090180000 -0.844809360000 0.259207890000 -1.734667740000
-0.524448100000 -0.029498860000 0.850931260000 -1.475700070000
-0.711228350000 -0.534253650000 -0.456866790000 4.158435450000
0.000000000000 0.000000000000 0.000000000000 1.000000000000
0 38 66
0.753623930000 -0.550922060000 -0.358518970000 0.100792930000
-0.429619800000 -0.825657080000 0.365673640000 -0.083260200000
-0.497471400000 -0.121553550000 -0.858921960000 4.737053660000
0.000000000000 0.000000000000 0.000000000000 1.000000000000
0 39 66
-0.805207980000 0.475315330000 0.354563740000 -0.160662050000
-0.012518290000 0.584164560000 -0.811538700000 1.627949200000
-0.592860360000 -0.657895970000 -0.464423830000 3.750299660000
0.000000000000 0.000000000000 0.000000000000 1.000000000000
0 40 66
0.828466430000 -0.446393180000 -0.338195960000 0.534530230000
-0.537191760000 -0.804135510000 -0.254540970000 1.144275020000
-0.158330020000 0.392554730000 -0.905998010000 4.146906390000
0.000000000000 0.000000000000 0.000000000000 1.000000000000
0 41 66
-0.899113630000 0.041557450000 -0.435738060000 1.031143940000
-0.361820520000 -0.630793150000 0.686429840000 -1.304622510000
-0.246334310000 0.774837390000 0.582191060000 0.880985500000
0.000000000000 0.000000000000 0.000000000000 1.000000000000
0 42 66
0.771932524000 -0.607003241000 0.188857733000 -0.001750749780
-0.318991081000 -0.626835265000 -0.710860211000 2.455228650000
0.549877139000 0.488492185000 -0.677503149000 3.998537760000
0.000000000000 0.000000000000 0.000000000000 1.000000000000
0 43 66
-0.784106990000 -0.586184110000 -0.203873530000 0.142377900000
-0.053696200000 0.391340670000 -0.918677960000 2.628429920000
0.618298430000 -0.709394580000 -0.338328810000 3.364308620000
0.000000000000 0.000000000000 0.000000000000 1.000000000000
0 44 66
0.988166380000 -0.149641150000 -0.033685620000 0.581200770000
-0.145177330000 -0.841571500000 -0.520270070000 2.109766170000
0.049504950000 0.519003780000 -0.853337170000 4.501929610000
0.000000000000 0.000000000000 0.000000000000 1.000000000000
0 45 66
-0.948644530000 0.299610480000 0.101524010000 -0.320796780000
-0.220755000000 -0.397108000000 -0.890826840000 3.220547280000
-0.226585060000 -0.867489940000 0.442854850000 2.317040460000
0.000000000000 0.000000000000 0.000000000000 1.000000000000
0 46 66
-0.888758580000 0.233715060000 -0.394316430000 1.102841410000
0.185818130000 -0.602689450000 -0.776039330000 2.410187060000
-0.419022430000 -0.762982760000 0.492216930000 1.930244950000
0.000000000000 0.000000000000 0.000000000000 1.000000000000
0 47 66
-0.541322130000 0.599438240000 -0.589613550000 1.525225010000
0.314911550000 0.794739890000 0.518863390000 -0.599809380000
0.779615970000 0.095196120000 -0.618980320000 4.080895770000
0.000000000000 0.000000000000 0.000000000000 1.000000000000
0 48 66
0.996799980000 -0.059125740000 -0.053795480000 -0.258956270000
-0.073411800000 -0.943414550000 -0.323387830000 0.503877050000
-0.031630890000 0.326302200000 -0.944736130000 5.340990400000
0.000000000000 0.000000000000 0.000000000000 1.000000000000
0 49 66
0.703047920000 -0.540830490000 0.461764010000 -1.991848130000
-0.387237650000 -0.835763600000 -0.389289360000 1.228487860000
0.596465110000 0.094876670000 -0.797011790000 4.506079640000
0.000000000000 0.000000000000 0.000000000000 1.000000000000
0 50 66
0.475610840000 -0.703946300000 0.527497810000 -1.556229870000
-0.864292550000 -0.262376750000 0.429134990000 -0.027405360000
-0.163684830000 -0.660013670000 -0.733204760000 4.818983770000
0.000000000000 0.000000000000 0.000000000000 1.000000000000
0 51 66
-0.942424840000 0.186259440000 -0.277746010000 1.084235250000
0.290627680000 0.045287020000 -0.955763900000 3.497175270000
-0.165441760000 -0.981456320000 -0.096811760000 3.227839690000
0.000000000000 0.000000000000 0.000000000000 1.000000000000
0 52 66
0.455208110000 -0.159702360000 0.875945620000 -1.974522320000
0.028034440000 0.985865890000 0.165174190000 -0.340297340000
-0.889943620000 -0.050631990000 0.453251320000 0.143650040000
0.000000000000 0.000000000000 0.000000000000 1.000000000000
0 53 66
-0.939319620000 0.229696410000 -0.254790520000 1.022149100000
0.133205880000 0.928680470000 0.346134050000 -0.954209510000
0.316124730000 0.291190900000 -0.902924700000 4.703604510000
0.000000000000 0.000000000000 0.000000000000 1.000000000000
0 54 66
-0.175592210000 -0.954861870000 -0.239595880000 0.470698910000
-0.975936300000 0.136874660000 0.169745900000 1.059049610000
-0.129289290000 0.263636380000 -0.955918480000 5.549613320000
0.000000000000 0.000000000000 0.000000000000 1.000000000000
0 55 66
0.992956770000 0.043334840000 0.110267650000 0.355048190000
-0.029693070000 0.992026900000 -0.122478330000 -0.264377290000
-0.114696050000 0.118341510000 0.986326570000 0.399639540000
0.000000000000 0.000000000000 0.000000000000 1.000000000000
0 56 66
0.934124020000 -0.221658660000 0.279785190000 -0.714383400000
0.220031890000 0.974766600000 0.037630240000 0.344529930000
-0.281066330000 0.026410350000 0.959324870000 0.050274110000
0.000000000000 0.000000000000 0.000000000000 1.000000000000
0 57 66
-0.497287270000 0.412045920000 -0.763494290000 1.465206850000
-0.184834030000 0.809502060000 0.557263670000 -1.266027520000
0.847668420000 0.418239860000 -0.326394960000 3.917241260000
0.000000000000 0.000000000000 0.000000000000 1.000000000000
0 58 66
-0.923407150000 -0.220218840000 -0.314361110000 0.794553490000
0.104068860000 0.644696980000 -0.757321250000 2.818472070000
0.369444060000 -0.732031060000 -0.572399880000 3.995601250000
0.000000000000 0.000000000000 0.000000000000 1.000000000000
0 59 66
-0.980648080000 0.031417600000 -0.193241510000 0.490882010000
0.104387420000 0.918938910000 -0.380334790000 1.270264420000
0.165627930000 -0.393146560000 -0.904435280000 4.389823820000
0.000000000000 0.000000000000 0.000000000000 1.000000000000
0 60 66
-0.804075090000 0.519368190000 -0.289343960000 0.271275330000
0.557187120000 0.828066700000 -0.062032680000 0.778487540000
0.207378290000 -0.211097660000 -0.955213080000 4.292127960000
0.000000000000 0.000000000000 0.000000000000 1.000000000000
0 61 66
-0.787922870000 -0.606792760000 -0.104785960000 0.084052490000
-0.315445690000 0.543891470000 -0.777609210000 1.869684420000
0.528839830000 -0.579641800000 -0.619954690000 3.815674840000
0.000000000000 0.000000000000 0.000000000000 1.000000000000
0 62 66
0.287632690000 -0.892810020000 0.346637710000 -0.550745140000
-0.813308140000 -0.418826090000 -0.403874460000 1.131531670000
0.505764080000 -0.165755770000 -0.846597730000 4.539147620000
0.000000000000 0.000000000000 0.000000000000 1.000000000000
0 63 66
0.006133500000 -0.973195710000 0.229896680000 -0.958421690000
-0.860652870000 -0.122195000000 -0.494312670000 1.411687650000
0.509155200000 -0.194829370000 -0.838333170000 5.037248500000
0.000000000000 0.000000000000 0.000000000000 1.000000000000
0 64 66
0.999652000000 -0.022622840000 -0.013567850000 -0.023331240000
0.023944770000 0.993987760000 0.106840920000 -0.034735060000
0.011069230000 -0.107128620000 0.994183550000 0.284010170000
0.000000000000 0.000000000000 0.000000000000 1.000000000000
0 65 66
-0.909206360000 0.235157850000 0.343576160000 -0.740634490000
-0.340174470000 0.056215300000 -0.938680550000 2.770959740000
-0.240052340000 -0.970330160000 0.028883390000 2.567667290000
0.000000000000 0.000000000000 0.000000000000 1.000000000000
1 3 66
-0.343479100000 0.864912780000 -0.365989060000 1.806988240000
0.412312460000 -0.211260910000 -0.886209490000 2.935952430000
-0.843813100000 -0.455296290000 -0.284050610000 3.856822990000
0.000000000000 0.000000000000 0.000000000000 1.000000000000
1 4 66
0.939976770000 -0.247208410000 -0.235226870000 1.461623800000
0.212793980000 0.963528080000 -0.162272460000 0.266731420000
0.266762810000 0.102477480000 0.958298480000 -0.660169210000
0.000000000000 0.000000000000 0.000000000000 1.000000000000
1 5 66
0.968629240000 -0.151362520000 0.197095880000 -0.188286700000
0.041162220000 -0.684433570000 -0.727912330000 3.457458450000
0.245077680000 0.713190070000 -0.656731950000 3.733233970000
0.000000000000 0.000000000000 0.000000000000 1.000000000000
1 6 66
-0.722864970000 0.254402840000 -0.642452670000 1.843219820000
0.580211470000 0.728402790000 -0.364395420000 1.194287120000
0.375261080000 -0.636167100000 -0.674144310000 4.564708280000
0.000000000000 0.000000000000 0.000000000000 1.000000000000
1 7 66
-0.443695300000 0.807614850000 -0.388449140000 1.718152840000
0.285243780000 -0.283641450000 -0.915523630000 3.120231800000
-0.849570750000 -0.517016240000 -0.104516730000 3.450931340000
0.000000000000 0.000000000000 0.000000000000 1.000000000000
1 8 66
-0.816822130000 0.005578280000 -0.576862630000 1.532747540000
0.443289030000 -0.633856080000 -0.633814880000 2.004592960000
-0.369183480000 -0.773430900000 0.515274880000 1.814900740000
0.000000000000 0.000000000000 0.000000000000 1.000000000000
1 9 66
-0.831723730000 -0.249423110000 -0.496007810000 1.512034960000
0.308224260000 0.535632690000 -0.786190450000 2.350691290000
0.461772060000 -0.806774900000 -0.368620170000 4.451371510000
0.000000000000 0.000000000000 0.000000000000 1.000000000000
1 10 66
0.975272810000 -0.208524650000 -0.073214800000 0.446142920000
0.064357720000 0.584892200000 -0.808553770000 2.439307960000
0.211426160000 0.783848580000 0.583849630000 0.195102000000
0.000000000000 0.000000000000 0.000000000000 1.000000000000
1 11 66
0.937853500000 0.049561720000 -0.343474080000 0.688685840000
0.099709920000 -0.986499550000 0.129909880000 0.424965460000
-0.332398470000 -0.156084210000 -0.930133850000 5.208626080000
0.000000000000 0.000000000000 0.000000000000 1.000000000000
1 12 66
0.628350230000 -0.111453020000 -0.769905320000 1.643599290000
0.226917200000 -0.920385280000 0.318432920000 0.634319380000
-0.744099840000 -0.374792160000 -0.553033700000 4.108404780000
0.000000000000 0.000000000000 0.000000000000 1.000000000000
1 13 66
0.141609180000 -0.407447170000 0.902182710000 -1.651507250000
0.849515900000 0.517892290000 0.100550020000 -0.600648480000
-0.508202290000 0.752179750000 0.419471150000 1.410700470000
0.000000000000 0.000000000000 0.000000000000 1.000000000000
1 14 66
0.967987580000 -0.085773280000 0.235887670000 -0.646967450000
0.152128060000 0.947999230000 -0.279561290000 0.242213950000
-0.199642440000 0.306496990000 0.930700000000 -0.083931770000
0.000000000000 0.000000000000 0.000000000000 1.000000000000
1 15 66
-0.830992500000 -0.076412170000 0.551010570000 -1.486434430000
-0.428480110000 -0.543769120000 -0.721609270000 2.162742740000
0.354762270000 -0.835748960000 0.419126960000 2.053194500000
0.000000000000 0.000000000000 0.000000000000 1.000000000000
1 18 66
-0.869270900000 0.391682100000 -0.301584550000 0.660452560000
-0.276260590000 0.121005980000 0.953434650000 -2.379535330000
0.409936820000 0.912108920000 0.003019350000 2.065005660000
0.000000000000 0.000000000000 0.000000000000 1.000000000000
1 19 66
0.841061910000 -0.506467410000 0.190014800000 -0.314127820000
-0.531928380000 -0.710501430000 0.460695030000 -0.589204890000
-0.098321230000 -0.488547310000 -0.866980080000 5.085019800000
0.000000000000 0.000000000000 0.000000000000 1.000000000000
1 20 66
-0.124244370000 -0.889137820000 0.440451210000 -1.120880060000
-0.441341860000 -0.348044710000 -0.827092640000 3.217953610000
0.888696070000 -0.297151160000 -0.349171150000 2.982451370000
0.000000000000 0.000000000000 0.000000000000 1.000000000000
1 21 66
0.818645250000 -0.199940620000 0.538371340000 -1.768342640000
0.217551130000 0.975540830000 0.031489500000 0.346356690000
-0.531499260000 0.091344560000 0.842119180000 -0.223365520000
0.000000000000 0.000000000000 0.000000000000 1.000000000000
1 22 66
0.612622040000 -0.449459600000 0.650138680000 -1.583004310000
-0.344344810000 -0.892176860000 -0.292313380000 1.615878000000
0.711421740000 -0.044794270000 -0.701336290000 4.325334690000
0.000000000000 0.000000000000 0.000000000000 1.000000000000
1 23 66
-0.967479610000 -0.158125150000 -0.197432640000 0.767052510000
-0.234527810000 0.268344400000 0.934338260000 -2.588994610000
-0.094762440000 0.950256660000 -0.296702480000 1.768074620000
0.000000000000 0.000000000000 0.000000000000 1.000000000000
1 24 66
-0.892037570000 0.420749640000 -0.165041550000 0.962106570000
-0.053228590000 -0.460428520000 -0.886099480000 3.135676020000
-0.448815880000 -0.781649100000 0.433115450000 1.736860490000
0.000000000000 0.000000000000 0.000000000000 1.000000000000
1 25 66
0.665778710000 -0.596823050000 0.447818000000 -1.462397400000
-0.431672740000 0.181444600000 0.883592950000 -2.099853360000
-0.608602800000 -0.781588200000 -0.136830290000 2.955524820000
0.000000000000 0.000000000000 0.000000000000 1.000000000000
1 26 66
0.510768320000 0.308946880000 -0.802288950000 2.089946320000
-0.483197130000 0.875020090000 0.029332250000 0.043408380000
0.711081050000 0.372681740000 0.596214780000 -0.060408300000
0.000000000000 0.000000000000 0.000000000000 1.000000000000
1 27 66
-0.784188190000 0.481867570000 0.390963600000 -0.638078460000
0.158646120000 0.764805570000 -0.624422810000 2.228448400000
-0.599900240000 -0.427640130000 -0.676197920000 4.704945490000
0.000000000000 0.000000000000 0.000000000000 1.000000000000
1 28 66
-0.671034330000 0.451510390000 -0.588091230000 1.369865070000
-0.290954450000 0.569200490000 0.768996950000 -1.383697460000
0.681951930000 0.687131120000 -0.250584110000 3.170292890000
0.000000000000 0.000000000000 0.000000000000 1.000000000000
1 29 66
0.522143550000 -0.813217730000 0.256988400000 -0.026740710000
0.771518080000 0.578817570000 0.264064530000 -0.230725560000
-0.363491360000 0.060391600000 0.929638040000 0.523493350000
0.000000000000 0.000000000000 0.000000000000 1.000000000000
1 30 66
-0.724151980000 0.381109440000 -0.574769090000 2.021963910000
-0.687614930000 -0.335176600000 0.644082560000 -0.477020860000
0.052816800000 0.861633470000 0.504775340000 1.320865650000
0.000000000000 0.000000000000 0.000000000000 1.000000000000
1 31 66
-0.723991760000 -0.616028450000 -0.310394730000 1.517557340000
-0.102900790000 -0.348488970000 0.931647390000 -1.792604770000
-0.682090440000 0.706444890000 0.188913330000 2.498034060000
0.000000000000 0.000000000000 0.000000000000 1.000000000000
1 32 66
-0.448458600000 0.696596520000 -0.560034080000 2.008943570000
0.645198900000 -0.181317720000 -0.742187480000 2.276953730000
-0.618549320000 -0.694173730000 -0.368129820000 3.334457660000
0.000000000000 0.000000000000 0.000000000000 1.000000000000
1 33 66
0.350274860000 0.551930580000 -0.756756340000 1.806611750000
0.525528180000 -0.784594350000 -0.328986090000 1.031958480000
-0.775324230000 -0.282461230000 -0.564878750000 3.942349840000
0.000000000000 0.000000000000 0.000000000000 1.000000000000
1 34 66
-0.742668680000 0.037770050000 0.668593040000 -1.559911310000
0.642196890000 -0.242815680000 0.727065120000 -1.091551820000
0.189806170000 0.969336870000 0.156075790000 1.759517210000
0.000000000000 0.000000000000 0.000000000000 1.000000000000
1 35 66
-0.981519720000 0.167935790000 -0.091742100000 0.256712150000
0.027140680000 0.596740110000 0.801975450000 -1.239595740000
0.189426570000 0.784664770000 -0.590270080000 3.055885760000
0.000000000000 0.000000000000 0.000000000000 1.000000000000
1 36 66
0.885166220000 -0.221993330000 0.408900620000 -0.929485480000
0.222837670000 0.973756960000 0.046268380000 0.100471790000
-0.408441100000 0.050163260000 0.911405240000 0.345662620000
0.000000000000 0.000000000000 0.000000000000 1.000000000000
1 37 66
-0.801572720000 0.206862970000 -0.560971370000 1.441604810000
-0.217608180000 -0.974828680000 -0.048535770000 0.708072450000
-0.556891240000 0.083167010000 0.826411160000 0.584644190000
0.000000000000 0.000000000000 0.000000000000 1.000000000000
1 38 66
0.932073130000 0.083255690000 -0.352573630000 0.608223930000
0.085337400000 -0.996305240000 -0.009664310000 0.513374930000
-0.352075560000 -0.021079870000 -0.935734170000 4.750044000000
0.000000000000 0.000000000000 0.000000000000 1.000000000000
1 39 66
0.837411910000 0.036031040000 -0.545383410000 0.966210870000
0.453088920000 0.512323070000 0.729544730000 -1.160999350000
0.305698760000 -0.858036620000 0.412700170000 1.471893760000
0.000000000000 0.000000000000 0.000000000000 1.000000000000
1 40 66
-0.943517740000 -0.311761130000 -0.112157340000 0.806006400000
0.027331690000 -0.410599090000 0.911406260000 -1.630652700000
-0.330192740000 0.856862520000 0.395928490000 1.671057000000
0.000000000000 0.000000000000 0.000000000000 1.000000000000
1 41 66
-0.780673470000 -0.352699930000 -0.515898920000 1.662759250000
-0.451192440000 -0.253091240000 0.855786310000 -1.764980390000
-0.432405270000 0.900859360000 0.038446080000 2.434846130000
0.000000000000 0.000000000000 0.000000000000 1.000000000000
1 42 66
-0.371815460000 -0.776513120000 0.508704860000 -1.169742830000
0.501844440000 0.292877430000 0.813864220000 -1.844837160000
-0.780964420000 0.557898010000 0.280792440000 1.893892920000
0.000000000000 0.000000000000 0.000000000000 1.000000000000
1 43 66
0.984050600000 0.111425110000 0.138668180000 -0.098676350000
-0.167739640000 0.321681050000 0.931871620000 -1.731297860000
0.059226980000 -0.940268980000 0.335240830000 1.646513210000
0.000000000000 0.000000000000 0.000000000000 1.000000000000
1 44 66
-0.792132920000 0.461567580000 0.399350500000 -1.317468750000
0.561972140000 0.296266410000 0.772278150000 -1.637920390000
0.238144410000 0.836170790000 -0.494070490000 3.668091160000
0.000000000000 0.000000000000 0.000000000000 1.000000000000
1 45 66
-0.489201240000 -0.523834540000 0.697337450000 -1.037361180000
-0.816564140000 -0.005835010000 -0.577225230000 2.508757310000
0.306439480000 -0.851800050000 -0.424890000000 3.784944340000
0.000000000000 0.000000000000 0.000000000000 1.000000000000
1 46 66
0.444022630000 -0.594960090000 0.669974920000 -1.524543150000
-0.895643870000 -0.273176050000 0.350994170000 -0.285058550000
-0.025806420000 -0.755908280000 -0.654168710000 4.560208370000
0.000000000000 0.000000000000 0.000000000000 1.000000000000
1 47 66
-0.794060100000 0.368182110000 -0.483642930000 1.439713840000
0.188552750000 -0.607224750000 -0.771832860000 1.974524090000
-0.577855010000 -0.704073880000 0.412751200000 1.583787510000
0.000000000000 0.000000000000 0.000000000000 1.000000000000
1 48 66
-0.424348730000 0.455201490000 -0.782764180000 2.107939860000
0.368315680000 -0.702942990000 -0.608452720000 1.622087240000
-0.827207180000 -0.546500460000 0.130635120000 2.254434170000
0.000000000000 0.000000000000 0.000000000000 1.000000000000
1 49 66
0.322305150000 -0.893773140000 0.311911790000 -1.712400950000
-0.936113720000 -0.349915010000 -0.035363730000 0.814138040000
0.140749770000 -0.280586990000 -0.949452710000 4.841686340000
0.000000000000 0.000000000000 0.000000000000 1.000000000000
1 50 66
-0.113624830000 0.943183730000 -0.312240060000 1.683878310000
-0.779110420000 -0.279603440000 -0.561078310000 3.060447370000
-0.616503320000 0.179517060000 0.766614170000 0.512499700000
0.000000000000 0.000000000000 0.000000000000 1.000000000000
1 51 66
-0.565145990000 0.227502560000 -0.793002270000 2.566843630000
-0.774302610000 -0.478008480000 0.414684650000 -1.321008080000
-0.284719990000 0.848381090000 0.446300400000 0.489451870000
0.000000000000 0.000000000000 0.000000000000 1.000000000000
1 52 66
0.997715090000 0.035076890000 -0.057742660000 0.607531070000
-0.035815130000 0.999288770000 -0.011799780000 0.101636000000
0.057287690000 0.013840880000 0.998261760000 -0.750423330000
0.000000000000 0.000000000000 0.000000000000 1.000000000000
1 53 66
-0.755362350000 0.132203420000 -0.641833300000 1.689203260000
0.613908110000 0.485368400000 -0.622522570000 2.256549910000
0.229225990000 -0.864256770000 -0.447789770000 4.049283870000
0.000000000000 0.000000000000 0.000000000000 1.000000000000
1 54 66
0.461890690000 -0.798066510000 -0.386971350000 1.396167170000
0.789673260000 0.171384710000 0.589103910000 -2.118608840000
-0.403823130000 -0.577682540000 0.709372790000 0.701375330000
0.000000000000 0.000000000000 0.000000000000 1.000000000000
1 55 66
-0.930963890000 0.143404560000 -0.335769820000 0.725384020000
-0.083066040000 0.812330850000 0.577250920000 -1.595292610000
0.355536600000 0.565290830000 -0.744338630000 3.574478610000
0.000000000000 0.000000000000 0.000000000000 1.000000000000
1 56 66
0.871234900000 -0.435642190000 0.226198190000 -1.015192860000
0.382091750000 0.891158210000 0.244628180000 -0.043195650000
-0.308148730000 -0.126700150000 0.942863420000 -0.318212140000
0.000000000000 0.000000000000 0.000000000000 1.000000000000
1 57 66
0.690039850000 -0.148102450000 -0.708456540000 1.682984810000
-0.042186850000 -0.985406250000 0.164908450000 0.275118250000
-0.722540850000 -0.083905850000 -0.686217550000 4.376106390000
0.000000000000 0.000000000000 0.000000000000 1.000000000000
1 58 66
-0.720984940000 0.343007590000 -0.602101750000 1.817636110000
0.692631000000 0.383111950000 -0.611136260000 2.215056800000
0.021048000000 -0.857654380000 -0.513795630000 3.795449470000
0.000000000000 0.000000000000 0.000000000000 1.000000000000
1 59 66
-0.929066410000 0.026193410000 -0.368984440000 1.224614480000
-0.348520850000 -0.396276950000 0.849410260000 -1.492573750000
-0.123971080000 0.917757310000 0.377296550000 1.213804030000
0.000000000000 0.000000000000 0.000000000000 1.000000000000
1 60 66
-0.860524530000 -0.156455220000 -0.484787880000 1.661517990000
-0.370123890000 -0.461849110000 0.806042000000 -1.229259540000
-0.350008330000 0.873050500000 0.339524670000 1.583770930000
0.000000000000 0.000000000000 0.000000000000 1.000000000000
1 61 66
-0.962681470000 0.220960720000 0.156271400000 0.114754910000
-0.141809830000 0.079963860000 -0.986658880000 2.231128650000
-0.230508920000 -0.971999040000 -0.045645320000 2.897469610000
0.000000000000 0.000000000000 0.000000000000 1.000000000000
1 62 66
0.865049920000 -0.037376220000 0.500291560000 -0.554771180000
-0.301954530000 -0.835156900000 0.459713390000 -0.327081750000
0.400639600000 -0.548740340000 -0.733738340000 4.311002630000
0.000000000000 0.000000000000 0.000000000000 1.000000000000
1 63 66
0.985434630000 0.131734230000 0.107539170000 -0.094662420000
-0.170008230000 0.777939440000 0.604902830000 -1.080575010000
-0.003972550000 -0.614374740000 0.789004370000 0.392676650000
0.000000000000 0.000000000000 0.000000000000 1.000000000000
1 64 66
0.555560050000 -0.830733850000 0.035132720000 -0.061706020000
-0.830384100000 -0.556499830000 -0.027752300000 0.125009470000
0.042606130000 -0.013755580000 -0.998997250000 5.136882190000
0.000000000000 0.000000000000 0.000000000000 1.000000000000
1 65 66
0.883429980000 -0.194384630000 -0.426340350000 1.442265320000
0.450440600000 0.602922930000 0.658473400000 -1.276024210000
0.129053260000 -0.773756140000 0.620198910000 1.332455540000
0.000000000000 0.000000000000 0.000000000000 1.000000000000
2 4 66
0.889943860000 -0.444721230000 -0.101108650000 0.731227430000
0.372387180000 0.836559520000 -0.401865600000 1.124536610000
0.263301560000 0.319986260000 0.910099490000 -0.376390990000
0.000000000000 0.000000000000 0.000000000000 1.000000000000
2 5 66
-0.959153380000 0.035481210000 -0.280652600000 1.306977560000
-0.078637130000 0.919559000000 0.385003180000 -1.369151730000
0.271737000000 0.391346810000 -0.879207980000 4.864493620000
0.000000000000 0.000000000000 0.000000000000 1.000000000000
2 6 66
0.996288740000 -0.070028740000 0.050047110000 0.180126370000
0.069215380000 0.997442810000 0.017806390000 0.047667860000
-0.051166090000 -0.014276270000 0.998588110000 0.018801270000
0.000000000000 0.000000000000 0.000000000000 1.000000000000
2 7 66
0.985496720000 -0.105840100000 0.132642690000 -0.330074760000
0.005529300000 0.801269050000 0.598278640000 -1.343444570000
-0.169604360000 -0.588868220000 0.790233250000 0.475981830000
0.000000000000 0.000000000000 0.000000000000 1.000000000000
2 8 66
0.451755620000 -0.320345440000 0.832643780000 -2.146494230000
0.735569290000 -0.394381210000 -0.550818730000 1.662708770000
0.504831330000 0.861302650000 0.057472340000 1.829672210000
0.000000000000 0.000000000000 0.000000000000 1.000000000000
2 9 66
-0.602076620000 -0.130893720000 0.787636070000 -1.448032160000
0.115736940000 0.961744670000 0.248298490000 -0.833082140000
-0.790005510000 0.240653310000 -0.563894750000 3.523635170000
0.000000000000 0.000000000000 0.000000000000 1.000000000000
2 10 66
0.975598390000 0.024934010000 -0.218142320000 0.763420420000
-0.001461850000 0.994246520000 0.107106120000 0.004604430000
0.219557820000 -0.104173660000 0.970021760000 -0.047058800000
0.000000000000 0.000000000000 0.000000000000 1.000000000000
2 11 66
0.886766690000 0.130150580000 -0.443515130000 1.492113160000
-0.109830790000 0.991387620000 0.071328750000 0.104601290000
0.448978890000 -0.014540340000 0.893424050000 -0.192461750000
0.000000000000 0.000000000000 0.000000000000 1.000000000000
2 12 66
0.992802060000 0.050162380000 0.108755680000 0.468074890000
0.028676390000 -0.981211180000 0.190793830000 1.220017640000
0.116282960000 -0.186301780000 -0.975586960000 5.070213190000
0.000000000000 0.000000000000 0.000000000000 1.000000000000
2 13 66
0.687538450000 -0.201855680000 0.697527890000 -1.159051090000
0.213758690000 0.974284820000 0.071248200000 0.324386960000
-0.693972690000 0.100116770000 0.713006680000 1.225531740000
0.000000000000 0.000000000000 0.000000000000 1.000000000000
2 14 66
0.484690420000 -0.094821040000 0.869531000000 -1.154641490000
0.253445250000 0.966684870000 -0.035858900000 -0.092894240000
-0.837162290000 0.237758970000 0.492574840000 0.444488540000
0.000000000000 0.000000000000 0.000000000000 1.000000000000
2 15 66
0.997417440000 -0.046515480000 0.054724320000 0.925500430000
0.041908700000 0.995708540000 0.082511660000 0.121584760000
-0.058327550000 -0.080005140000 0.995086470000 -0.128927570000
0.000000000000 0.000000000000 0.000000000000 1.000000000000
2 17 66
-0.904007620000 -0.366950010000 0.219357960000 -0.251941130000
-0.289680420000 0.903119680000 0.316954420000 -1.275577790000
-0.314412920000 0.222985500000 -0.922725300000 4.358268540000
0.000000000000 0.000000000000 0.000000000000 1.000000000000
2 18 66
0.338925650000 -0.297511660000 0.892533590000 -1.149545250000
0.267595040000 0.939984190000 0.211713530000 -0.264195160000
-0.901954710000 0.167082410000 0.398197400000 1.180008000000
0.000000000000 0.000000000000 0.000000000000 1.000000000000
2 19 66
0.759304380000 0.150964210000 -0.632982360000 2.271720900000
-0.103495340000 0.988352670000 0.111569330000 -0.156382410000
0.642452780000 -0.019204350000 0.766084600000 0.506304720000
0.000000000000 0.000000000000 0.000000000000 1.000000000000
2 20 66
0.396847680000 -0.532917850000 0.747335590000 -1.289887150000
0.582183270000 0.775604430000 0.243927050000 -0.370903810000
-0.709629870000 0.338284390000 0.618052680000 1.098700270000
0.000000000000 0.000000000000 0.000000000000 1.000000000000
2 21 66
0.121184910000 -0.614253350000 0.779748060000 -1.606298390000
0.075497490000 0.788965780000 0.609781210000 -1.064506550000
-0.989754690000 -0.015027260000 0.141985330000 2.444555090000
0.000000000000 0.000000000000 0.000000000000 1.000000000000
2 22 66
0.708750291000 -0.103668163000 -0.697800786000 3.001518760000
0.002789428100 0.989547822000 -0.144178108000 0.602947739000
0.705453928000 0.100239811000 0.701631482000 0.965488625000
0.000000000000 0.000000000000 0.000000000000 1.000000000000
2 23 66
0.881290040000 -0.471876300000 -0.025702530000 0.932586190000
0.352841480000 0.693208680000 -0.628462110000 1.350606070000
0.314373590000 0.544788480000 0.777415440000 -0.297518320000
0.000000000000 0.000000000000 0.000000000000 1.000000000000
2 24 66
0.824316090000 0.325369340000 0.463290160000 -1.414060490000
-0.090096930000 -0.732520450000 0.674756500000 -1.097827180000
0.558914590000 -0.597953670000 -0.574513610000 4.663125290000
0.000000000000 0.000000000000 0.000000000000 1.000000000000
2 25 66
-0.782095990000 -0.185115620000 -0.595027790000 2.352564740000
-0.520305200000 0.719468220000 0.460052140000 -0.821296170000
0.342940750000 0.669400990000 -0.659009830000 3.991093420000
0.000000000000 0.000000000000 0.000000000000 1.000000000000
2 26 66
0.145840600000 0.826214070000 -0.544151480000 1.611514960000
-0.785823840000 0.430892900000 0.443635220000 -0.449733880000
0.601008660000 0.362907180000 0.712100390000 -0.072139640000
0.000000000000 0.000000000000 0.000000000000 1.000000000000
2 27 66
0.990814820000 0.123083810000 0.056003330000 0.879625850000
-0.127362100000 0.988574810000 0.080614800000 0.135847830000
-0.045441110000 -0.087007040000 0.995170780000 0.018580160000
0.000000000000 0.000000000000 0.000000000000 1.000000000000
2 28 66
-0.646317130000 -0.071887760000 -0.759675140000 1.565897710000
-0.758114880000 0.173751920000 0.628547610000 -0.752871020000
0.086810130000 0.982162120000 -0.166798020000 2.470201950000
0.000000000000 0.000000000000 0.000000000000 1.000000000000
2 29 66
0.992386140000 0.120237500000 -0.026696100000 0.199357730000
-0.102419460000 0.926000820000 0.363363100000 -0.092601580000
0.068410490000 -0.357862300000 0.931265040000 0.597285820000
0.000000000000 0.000000000000 0.000000000000 1.000000000000
2 30 66
0.996196210000 0.035072930000 -0.079768450000 0.315251180000
-0.002761340000 0.927668050000 0.373395720000 -0.107203980000
0.087094720000 -0.371755140000 0.924236240000 1.005842390000
0.000000000000 0.000000000000 0.000000000000 1.000000000000
2 31 66
0.975370170000 0.208758740000 -0.071223720000 0.107139510000
-0.164096920000 0.902532420000 0.398129920000 0.105036930000
0.147394820000 -0.376636450000 0.914559870000 0.299718930000
0.000000000000 0.000000000000 0.000000000000 1.000000000000
2 32 66
0.951198170000 -0.194977270000 0.239177560000 -0.216838630000
0.114232260000 0.942512880000 0.314038950000 -0.069214970000
-0.286658390000 -0.271391480000 0.918789220000 0.499577450000
0.000000000000 0.000000000000 0.000000000000 1.000000000000
2 33 66
-0.662479250000 0.731245790000 -0.162483340000 0.995403260000
-0.173666860000 -0.360933030000 -0.916278980000 3.036518620000
-0.728670760000 -0.578797840000 0.366103800000 0.982674880000
0.000000000000 0.000000000000 0.000000000000 1.000000000000
2 34 66
-0.876265700000 -0.241613470000 0.416870900000 -0.639073950000
0.115876570000 0.734119190000 0.669060260000 -0.853370450000
-0.467686900000 0.634580130000 -0.615286130000 3.237497580000
0.000000000000 0.000000000000 0.000000000000 1.000000000000
2 35 66
0.709129970000 0.019618340000 0.704804800000 -1.595988250000
0.204761470000 -0.962262000000 -0.179233330000 1.165273020000
0.674690620000 0.271416590000 -0.686385900000 3.798382780000
0.000000000000 0.000000000000 0.000000000000 1.000000000000
2 36 66
0.954840310000 -0.297113820000 0.001832300000 0.017054110000
0.285552680000 0.919355070000 0.270639840000 -0.336240370000
-0.082095370000 -0.257894610000 0.962678930000 0.245624050000
0.000000000000 0.000000000000 0.000000000000 1.000000000000
2 37 66
0.625300160000 -0.766299000000 0.147599300000 -0.269532990000
0.754150160000 0.642000990000 0.138174760000 -0.116629470000
-0.200642080000 0.024911340000 0.979347830000 0.255117910000
0.000000000000 0.000000000000 0.000000000000 1.000000000000
2 38 66
0.587282340000 -0.258050680000 -0.767143600000 1.865522850000
0.659124510000 0.702559510000 0.268262980000 -0.366705970000
0.469738580000 -0.663189250000 0.582688320000 0.684905720000
0.000000000000 0.000000000000 0.000000000000 1.000000000000
2 39 66
-0.265539610000 -0.603882640000 0.751541400000 -0.838532200000
-0.852236320000 -0.217434030000 -0.475831580000 2.031810930000
0.450757110000 -0.766843010000 -0.456913370000 3.467082410000
0.000000000000 0.000000000000 0.000000000000 1.000000000000
2 40 66
0.029148760000 -0.977459690000 -0.209100250000 0.657421690000
0.343768930000 -0.186625850000 0.920322610000 -1.231593980000
-0.938601770000 -0.098708430000 0.330580360000 1.680975760000
0.000000000000 0.000000000000 0.000000000000 1.000000000000
2 41 66
-0.830768450000 0.449759980000 -0.327932530000 0.994804960000
-0.493500470000 -0.322661100000 0.807680070000 -1.461061940000
0.257451100000 0.832829980000 0.490013430000 2.073937280000
0.000000000000 0.000000000000 0.000000000000 1.000000000000
2 42 66
-0.060438720000 0.800555410000 -0.596203160000 1.193888260000
-0.432686590000 0.517248510000 0.738401180000 -1.455248020000
0.899516250000 0.302597130000 0.315127750000 2.098379980000
0.000000000000 0.000000000000 0.000000000000 1.000000000000
2 43 66
0.512787950000 -0.769172380000 0.381342860000 -0.410524120000
-0.161073380000 -0.522497260000 -0.837288470000 2.704799160000
0.843269760000 0.367927250000 -0.391823500000 3.612532190000
0.000000000000 0.000000000000 0.000000000000 1.000000000000
2 44 66
-0.529227870000 0.833459950000 -0.158941420000 0.439049790000
0.269592160000 0.342795490000 0.899895170000 -1.888621600000
0.804510980000 0.433400250000 -0.406111200000 4.431323590000
0.000000000000 0.000000000000 0.000000000000 1.000000000000
2 45 66
-0.582333380000 0.764137900000 0.277454690000 -0.255590170000
0.614737200000 0.190579420000 0.765361130000 -1.911065910000
0.531964290000 0.616257050000 -0.580724750000 3.614757470000
0.000000000000 0.000000000000 0.000000000000 1.000000000000
2 46 66
-0.250517050000 0.319129640000 -0.914000810000 2.405755070000
-0.201554270000 0.906226060000 0.371658730000 -0.563374230000
0.946898670000 0.277327620000 -0.162703130000 2.085385260000
0.000000000000 0.000000000000 0.000000000000 1.000000000000
2 47 66
-0.970549990000 0.188554740000 -0.149932760000 1.240655360000
0.007199400000 0.644811120000 0.764308050000 -1.101767120000
0.240792210000 0.740719740000 -0.627178900000 4.433185890000
0.000000000000 0.000000000000 0.000000000000 1.000000000000
2 48 66
0.964698280000 -0.191426210000 0.180868020000 -0.183018650000
0.110428250000 0.917509300000 0.382076280000 0.336592110000
-0.239087500000 -0.348615390000 0.906258500000 0.005765520000
0.000000000000 0.000000000000 0.000000000000 1.000000000000
2 49 66
0.888645760000 -0.353881340000 0.291679120000 -0.614096490000
0.244655030000 0.903790780000 0.351149730000 -0.064236060000
-0.387882240000 -0.240686960000 0.889728700000 0.458049220000
0.000000000000 0.000000000000 0.000000000000 1.000000000000
2 50 66
0.089171890000 0.802869270000 -0.589448300000 2.005905020000
-0.462598780000 0.557487690000 0.689354650000 -0.928889760000
0.882071850000 0.211207010000 0.421118580000 0.217290340000
0.000000000000 0.000000000000 0.000000000000 1.000000000000
2 51 66
-0.692608270000 -0.176263320000 0.699446230000 -1.546310030000
0.176763160000 0.898640930000 0.401496280000 -0.706983830000
-0.699320080000 0.401715970000 -0.591249280000 3.157317900000
0.000000000000 0.000000000000 0.000000000000 1.000000000000
2 52 66
0.441515370000 -0.231468710000 0.866883160000 -1.268489940000
0.224172420000 0.963968580000 0.143217680000 -0.022784730000
-0.868798540000 0.131098490000 0.477495840000 0.494162400000
0.000000000000 0.000000000000 0.000000000000 1.000000000000
2 53 66
0.790156420000 0.129196400000 -0.599133650000 2.321470390000
-0.109523560000 0.991560190000 0.069375610000 -0.043099890000
0.603040150000 0.010801670000 0.797637700000 0.374561680000
0.000000000000 0.000000000000 0.000000000000 1.000000000000
2 54 66
0.538766710000 0.828332690000 0.153607910000 -0.841385600000
0.168497870000 0.072698120000 -0.983017520000 3.377092920000
-0.825432550000 0.555499720000 -0.100404970000 3.844197380000
0.000000000000 0.000000000000 0.000000000000 1.000000000000
2 55 66
0.541765270000 -0.104072850000 0.834061890000 -1.246812190000
-0.206858650000 -0.978293580000 0.012295280000 1.145948490000
0.814677780000 -0.179194070000 -0.551533860000 4.412502190000
0.000000000000 0.000000000000 0.000000000000 1.000000000000
2 56 66
-0.755840270000 0.294752930000 0.584659040000 -1.377292680000
-0.611877210000 -0.635802170000 -0.470491110000 1.741810870000
0.233048850000 -0.713355670000 0.660917490000 1.132653370000
0.000000000000 0.000000000000 0.000000000000 1.000000000000
2 57 66
-0.853533480000 -0.187898140000 0.485978280000 -0.821525680000
0.146414540000 0.808634750000 0.569800520000 -0.816989330000
-0.500043380000 0.557498100000 -0.662685810000 3.586117290000
0.000000000000 0.000000000000 0.000000000000 1.000000000000
2 58 66
0.979321100000 -0.094532190000 0.178868230000 0.661544500000
0.052605270000 0.972693880000 0.226051530000 -0.014997130000
-0.195353180000 -0.211967630000 0.957552540000 0.409757210000
0.000000000000 0.000000000000 0.000000000000 1.000000000000
2 59 66
0.579651860000 -0.793492230000 0.185401740000 0.299054700000
-0.096303700000 0.159221460000 0.982534540000 -1.447693640000
-0.809153450000 -0.587382850000 0.015876780000 2.569328210000
0.000000000000 0.000000000000 0.000000000000 1.000000000000
2 60 66
-0.429420120000 -0.865342260000 -0.258420480000 0.750220980000
-0.042689400000 -0.266377090000 0.962923080000 -1.138221040000
-0.902095330000 0.424530360000 0.077446740000 2.278538040000
0.000000000000 0.000000000000 0.000000000000 1.000000000000
2 61 66
0.989185270000 -0.036415010000 -0.142079040000 1.213417790000
0.079248960000 0.947812090000 0.308823330000 -0.200814660000
0.123418430000 -0.316743110000 0.940447600000 0.781377490000
0.000000000000 0.000000000000 0.000000000000 1.000000000000
2 62 66
-0.637992360000 0.576128390000 -0.510922530000 1.037001530000
-0.036507770000 0.640122560000 0.767404910000 -1.374944050000
0.769176790000 0.508251110000 -0.387360130000 4.128598670000
0.000000000000 0.000000000000 0.000000000000 1.000000000000
2 63 66
0.948260690000 -0.197437350000 -0.248636580000 1.456488690000
0.311459540000 0.730426650000 0.607840330000 -0.734928640000
0.061600400000 -0.653831320000 0.754128630000 0.551682490000
0.000000000000 0.000000000000 0.000000000000 1.000000000000
2 64 66
0.616552180000 -0.333006490000 -0.713421390000 2.325042440000
0.025347650000 0.914072000000 -0.404759040000 1.435421330000
0.786905900000 0.231471510000 0.572014020000 1.267695440000
0.000000000000 0.000000000000 0.000000000000 1.000000000000
2 65 66
-0.389192080000 0.625768310000 0.675976000000 -1.157981390000
-0.147546800000 0.682010340000 -0.716304290000 2.249488560000
-0.909263140000 -0.378518050000 -0.173102910000 3.255597870000
0.000000000000 0.000000000000 0.000000000000 1.000000000000
3 5 66
0.996825030000 0.056613120000 -0.055989360000 0.084611060000
-0.062270200000 0.992512440000 -0.105078440000 -0.259733660000
0.049621310000 0.108231280000 0.992886560000 -0.043188040000
0.000000000000 0.000000000000 0.000000000000 1.000000000000
3 6 66
0.990150860000 0.031486530000 0.136418010000 -0.369602800000
-0.022784770000 0.997632520000 -0.064886050000 0.099676890000
-0.138138080000 0.061138730000 0.988524120000 0.177568460000
0.000000000000 0.000000000000 0.000000000000 1.000000000000
3 7 66
0.813819050000 0.002701360000 0.581112090000 -1.496408500000
-0.083462160000 0.990165070000 0.112281790000 -0.505270510000
-0.575093580000 -0.139877930000 0.806040660000 0.935261260000
0.000000000000 0.000000000000 0.000000000000 1.000000000000
3 8 66
-0.742862460000 -0.161597370000 0.649647340000 -0.004032860000
0.662742190000 -0.314496170000 0.679606470000 -2.621915080000
0.094488980000 0.935402830000 0.340724790000 1.820172660000
0.000000000000 0.000000000000 0.000000000000 1.000000000000
3 9 66
0.988910640000 0.137082950000 -0.057131540000 0.257891540000
-0.140526260000 0.988173030000 -0.061371340000 -0.301300030000
0.048042880000 0.068719250000 0.996478570000 -0.149705020000
0.000000000000 0.000000000000 0.000000000000 1.000000000000
3 10 66
0.970451690000 0.023187500000 0.240178810000 -0.744274040000
-0.145602520000 0.850005940000 0.506250730000 -0.953623950000
-0.192414730000 -0.526262520000 0.828265860000 0.587220620000
0.000000000000 0.000000000000 0.000000000000 1.000000000000
3 11 66
0.989696700000 -0.015950260000 0.142288560000 -0.312113950000
-0.008440450000 -0.998546770000 -0.053227020000 0.908201500000
0.142930770000 0.051477620000 -0.988393060000 5.623379980000
0.000000000000 0.000000000000 0.000000000000 1.000000000000
3 12 66
0.486144120000 0.036804860000 0.873103260000 -1.835843590000
0.236495290000 0.956289020000 -0.171992120000 0.372733200000
-0.841269200000 0.290097760000 0.456190110000 1.076784700000
0.000000000000 0.000000000000 0.000000000000 1.000000000000
3 13 66
0.440616720000 0.273739330000 -0.854940750000 2.271732480000
-0.289733910000 0.944770030000 0.153179160000 0.141145510000
0.849653550000 0.180212030000 0.495593040000 1.104016550000
0.000000000000 0.000000000000 0.000000000000 1.000000000000
3 14 66
0.543866100000 0.209589950000 0.812577210000 -1.059366190000
0.612635170000 0.562572810000 -0.555148610000 1.487302700000
-0.573487420000 0.799739880000 0.177562110000 1.160289900000
0.000000000000 0.000000000000 0.000000000000 1.000000000000
3 15 66
-0.046196130000 0.505514690000 -0.861580420000 2.623463380000
-0.750199640000 0.551953330000 0.364071450000 -1.451278410000
0.659595650000 0.663176010000 0.353738830000 2.208405360000
0.000000000000 0.000000000000 0.000000000000 1.000000000000
3 17 66
-0.068256700000 0.160481540000 -0.984675940000 2.454446490000
-0.434632790000 0.883611970000 0.174138520000 -1.214458890000
0.898017460000 0.439858570000 0.009438100000 3.036492180000
0.000000000000 0.000000000000 0.000000000000 1.000000000000
3 18 66
0.990494080000 0.014637960000 0.136774270000 -0.113669530000
-0.013761910000 0.999878300000 -0.007348530000 -0.073336330000
-0.136865190000 0.005396400000 0.990574980000 0.285409860000
0.000000000000 0.000000000000 0.000000000000 1.000000000000
3 19 66
-0.993066630000 0.113610530000 0.030187890000 0.645154280000
0.109067550000 0.794688610000 0.597138410000 -1.521782580000
0.043851240000 0.596290750000 -0.801569960000 4.196218060000
0.000000000000 0.000000000000 0.000000000000 1.000000000000
3 20 66
0.730586370000 -0.159996790000 0.663810650000 -1.359084540000
0.173810970000 0.983713110000 0.045806760000 -0.213588190000
-0.660328170000 0.081911780000 0.746496590000 1.131418910000
0.000000000000 0.000000000000 0.000000000000 1.000000000000
3 21 66
-0.867180060000 0.409081300000 -0.283991630000 0.866484790000
0.098269870000 0.699626140000 0.707719080000 -1.714384450000
0.488202600000 0.585812050000 -0.646902200000 4.912285480000
0.000000000000 0.000000000000 0.000000000000 1.000000000000
3 22 66
0.914555800000 0.123981880000 -0.384988550000 2.158949630000
-0.149654880000 0.988033550000 -0.037324450000 -0.012579630000
0.375754050000 0.091750710000 0.922166310000 0.325047430000
0.000000000000 0.000000000000 0.000000000000 1.000000000000
3 23 66
-0.620347320000 0.191923050000 0.760483230000 -2.284788550000
0.535289330000 0.812281530000 0.231655020000 -1.205062450000
-0.573266540000 0.550785130000 -0.606631040000 3.635144140000
0.000000000000 0.000000000000 0.000000000000 1.000000000000
3 24 66
0.754796340000 0.217903400000 -0.618708820000 2.087552860000
-0.270819990000 0.962591340000 0.008627630000 0.044932530000
0.597443740000 0.161046620000 0.785573010000 0.198067800000
0.000000000000 0.000000000000 0.000000000000 1.000000000000
3 25 66
0.816166700000 0.568934120000 -0.100925140000 0.948432230000
-0.577797770000 0.802187410000 -0.150482920000 0.366033450000
-0.004653990000 0.181133460000 0.983447510000 0.085612640000
0.000000000000 0.000000000000 0.000000000000 1.000000000000
3 26 66
0.785368110000 -0.593748200000 -0.175100000000 0.278389670000
0.617909700000 0.734929340000 0.279403760000 -0.936824860000
-0.037209360000 -0.327630790000 0.944072840000 0.040920060000
0.000000000000 0.000000000000 0.000000000000 1.000000000000
3 27 66
-0.956775070000 0.047467270000 -0.286929130000 1.014957860000
-0.276033760000 0.162454630000 0.947319300000 -2.131903880000
0.091579630000 0.985573620000 -0.142329970000 3.053764400000
0.000000000000 0.000000000000 0.000000000000 1.000000000000
3 28 66
0.883340770000 0.056754770000 0.465282700000 -0.806022490000
-0.269604370000 0.873528110000 0.405292630000 -0.237866580000
-0.383435230000 -0.483453760000 0.786924320000 0.541358080000
0.000000000000 0.000000000000 0.000000000000 1.000000000000
3 29 66
-0.719411350000 0.392656910000 -0.572946650000 2.005297450000
0.491966440000 -0.294243860000 -0.819383660000 2.158825800000
-0.490322690000 -0.871344420000 0.018508350000 2.880564350000
0.000000000000 0.000000000000 0.000000000000 1.000000000000
3 30 66
0.900888680000 0.231563810000 0.367120940000 -0.502653040000
-0.375875900000 0.839181870000 0.393053570000 -0.103812520000
-0.217064260000 -0.492089420000 0.843048700000 1.421733560000
0.000000000000 0.000000000000 0.000000000000 1.000000000000
3 31 66
0.261445390000 -0.726504610000 0.635481990000 -1.432224820000
0.012835440000 0.660940280000 0.750328720000 -0.865907410000
-0.965132920000 -0.188013300000 0.182124800000 2.663513760000
0.000000000000 0.000000000000 0.000000000000 1.000000000000
3 32 66
0.667312590000 0.676022320000 0.312550370000 0.396764560000
-0.717341170000 0.696250580000 0.025627420000 0.356280380000
-0.200288670000 -0.241306750000 0.949555420000 0.149383950000
0.000000000000 0.000000000000 0.000000000000 1.000000000000
3 33 66
-0.985557180000 0.147803830000 0.082650330000 0.133889210000
0.023947580000 -0.361514750000 0.932058800000 -2.639674330000
0.167641170000 0.920576510000 0.352753910000 2.286139130000
0.000000000000 0.000000000000 0.000000000000 1.000000000000
3 34 66
-0.173953390000 0.373924240000 -0.910999940000 2.355574450000
-0.878876160000 0.358346170000 0.314904310000 -0.910586740000
0.444203690000 0.855434800000 0.266297570000 2.344515730000
0.000000000000 0.000000000000 0.000000000000 1.000000000000
3 35 66
0.906496850000 -0.023421470000 -0.421562440000 1.148964140000
-0.344439030000 0.536426930000 -0.770459540000 1.901644370000
0.244182740000 0.843621710000 0.478202050000 1.588352630000
0.000000000000 0.000000000000 0.000000000000 1.000000000000
3 36 66
0.794231880000 -0.339624590000 0.503836140000 -2.143945810000
0.276065380000 0.940374650000 0.198704350000 -0.362215520000
-0.541279620000 -0.018725620000 0.840634120000 1.274161370000
0.000000000000 0.000000000000 0.000000000000 1.000000000000
3 37 66
-0.954755420000 0.238044890000 -0.178260270000 0.995094960000
0.052494950000 0.724898440000 0.686852630000 -1.313105920000
0.292722350000 0.646418500000 -0.704596870000 4.321794110000
0.000000000000 0.000000000000 0.000000000000 1.000000000000
3 38 66
-0.606068780000 0.100115350000 0.789086530000 -1.515585000000
0.786722780000 0.221687490000 0.576126660000 -1.432583380000
-0.117251500000 0.969964730000 -0.213120890000 3.563988280000
0.000000000000 0.000000000000 0.000000000000 1.000000000000
3 39 66
-0.804283010000 0.088130780000 0.587674920000 -0.858155310000
0.593639650000 0.074478510000 0.801277060000 -1.234643720000
0.026848020000 0.993320650000 -0.112219730000 2.885045450000
0.000000000000 0.000000000000 0.000000000000 1.000000000000
3 40 66
-0.956674830000 -0.116177900000 0.266975590000 -0.384449620000
0.251287240000 0.133691530000 0.958635120000 -1.313986180000
-0.147064590000 0.984189650000 -0.098705300000 2.817586230000
0.000000000000 0.000000000000 0.000000000000 1.000000000000
3 41 66
0.061195820000 -0.976249810000 -0.207825360000 0.539889250000
0.993817900000 0.040272220000 0.103460730000 -0.251989850000
-0.092633930000 -0.212871930000 0.972679030000 0.448054820000
0.000000000000 0.000000000000 0.000000000000 1.000000000000
3 42 66
0.642503510000 -0.718373630000 0.266699400000 -0.533280110000
-0.121319340000 0.248290850000 0.961058410000 -1.868415050000
-0.756618040000 -0.649839200000 0.072375130000 2.493642060000
0.000000000000 0.000000000000 0.000000000000 1.000000000000
3 43 66
0.990591470000 -0.115307020000 0.073707710000 0.292910190000
-0.022993720000 -0.671171460000 -0.740945450000 2.632482100000
0.134906720000 0.732279430000 -0.667508070000 4.092157260000
0.000000000000 0.000000000000 0.000000000000 1.000000000000
3 44 66
-0.652984140000 0.715280010000 0.248970340000 -0.464478320000
0.336340500000 -0.020668760000 0.941513610000 -2.047070760000
0.678591770000 0.698532260000 -0.227081260000 3.301660670000
0.000000000000 0.000000000000 0.000000000000 1.000000000000
3 45 66
0.855162640000 -0.060961200000 -0.514762650000 1.699972190000
-0.015257990000 0.989669960000 -0.142550220000 -0.414221620000
0.518135160000 0.129757870000 0.845398630000 0.606306300000
0.000000000000 0.000000000000 0.000000000000 1.000000000000
3 46 66
0.984041230000 0.023295380000 -0.176409160000 0.158849450000
-0.028143870000 0.999290410000 -0.025032060000 -0.198906240000
0.175700850000 0.029597420000 0.983998580000 0.708657530000
0.000000000000 0.000000000000 0.000000000000 1.000000000000
3 47 66
0.299388930000 -0.460723430000 0.835523900000 -1.533498800000
0.348866910000 0.867914470000 0.353576520000 -0.264187040000
-0.888064270000 0.185629740000 0.420575140000 1.810661740000
0.000000000000 0.000000000000 0.000000000000 1.000000000000
3 48 66
0.967142980000 0.009895310000 0.254040430000 -0.328240040000
-0.046219730000 0.989433870000 0.137420370000 0.530019930000
-0.249996390000 -0.144646830000 0.957381380000 0.562849450000
0.000000000000 0.000000000000 0.000000000000 1.000000000000
3 49 66
-0.853555920000 0.192017260000 -0.484325990000 1.474284790000
-0.436467910000 0.244077240000 0.865980410000 -1.584986800000
0.284496130000 0.950555460000 -0.124524200000 3.398921390000
0.000000000000 0.000000000000 0.000000000000 1.000000000000
3 50 66
-0.155183190000 0.930869950000 -0.330755670000 1.446420990000
0.846093380000 0.298068040000 0.441906580000 -1.597687250000
0.509945250000 -0.211273710000 -0.833858060000 4.933603760000
0.000000000000 0.000000000000 0.000000000000 1.000000000000
3 51 66
-0.954467040000 -0.295033180000 -0.044137180000 0.156419460000
-0.008105540000 -0.122251250000 0.992466090000 -2.711535720000
-0.298206250000 0.947633920000 0.114293380000 2.084543850000
0.000000000000 0.000000000000 0.000000000000 1.000000000000
3 52 66
0.896182450000 -0.007979360000 0.443613960000 -0.977474600000
-0.357661810000 0.578670570000 0.732951840000 -1.799755930000
-0.262554830000 -0.815522350000 0.515740500000 1.038686380000
0.000000000000 0.000000000000 0.000000000000 1.000000000000
3 53 66
0.979098620000 -0.061925600000 0.193729490000 -0.621639240000
0.039411220000 0.992232990000 0.117984920000 -0.475756380000
-0.199531070000 -0.107883760000 0.973934520000 0.385159120000
0.000000000000 0.000000000000 0.000000000000 1.000000000000
3 54 66
-0.366377950000 0.877282060000 0.310069970000 -0.189498590000
-0.433968930000 0.133665550000 -0.890957070000 3.941339870000
-0.823066320000 -0.460987760000 0.331741040000 2.383537660000
0.000000000000 0.000000000000 0.000000000000 1.000000000000
3 55 66
0.429246890000 0.566560030000 -0.703389540000 1.729460770000
-0.382886470000 0.819491030000 0.426418110000 -1.204017670000
0.818012870000 0.086279690000 0.568692140000 1.495269280000
0.000000000000 0.000000000000 0.000000000000 1.000000000000
3 56 66
-0.657163900000 -0.079753030000 0.749516560000 -2.010141000000
-0.667321910000 -0.400776150000 -0.627741940000 2.125539800000
0.350452680000 -0.912698160000 0.210154670000 2.208491950000
0.000000000000 0.000000000000 0.000000000000 1.000000000000
3 57 66
0.997511180000 -0.010121750000 0.069778240000 0.688478760000
0.003383690000 0.995374260000 0.096013710000 -0.016359400000
-0.070427290000 -0.095538640000 0.992931200000 0.133321590000
0.000000000000 0.000000000000 0.000000000000 1.000000000000
3 58 66
-0.988025620000 0.126332970000 -0.088574030000 0.284728520000
0.029153260000 0.716595260000 0.696879700000 -1.314423280000
0.151510610000 0.685952780000 -0.711697490000 4.380034220000
0.000000000000 0.000000000000 0.000000000000 1.000000000000
3 59 66
0.636647040000 -0.026951460000 0.770684220000 -1.770215120000
-0.750573280000 0.207697050000 0.627297120000 -1.137957320000
-0.176975410000 -0.977821840000 0.112000670000 2.683531970000
0.000000000000 0.000000000000 0.000000000000 1.000000000000
3 60 66
0.669463540000 0.453715300000 0.588184480000 -0.989362830000
-0.742195570000 0.375438340000 0.555150230000 -0.826481610000
0.031053150000 -0.808200760000 0.588087770000 1.957598550000
0.000000000000 0.000000000000 0.000000000000 1.000000000000
3 61 66
-0.968965000000 0.122474440000 -0.214725040000 -0.057590170000
0.104498970000 -0.584260850000 -0.804810050000 2.583192330000
-0.224024100000 -0.802271320000 0.553329860000 2.004959550000
0.000000000000 0.000000000000 0.000000000000 1.000000000000
3 62 66
-0.942011270000 0.091226400000 0.322943510000 -0.775510840000
0.296309220000 -0.225631910000 0.928057690000 -1.842038660000
0.157529720000 0.969931950000 0.185516580000 2.652349890000
0.000000000000 0.000000000000 0.000000000000 1.000000000000
3 63 66
-0.877302610000 -0.089814170000 0.471458960000 -1.533973000000
-0.442648190000 -0.228218820000 -0.867167090000 2.738388910000
0.185479700000 -0.969458400000 0.160460890000 2.081875830000
0.000000000000 0.000000000000 0.000000000000 1.000000000000
3 64 66
0.822389410000 0.220675440000 -0.524383460000 1.359850410000
-0.026084480000 0.935365270000 0.352720010000 -0.582813680000
0.568326720000 -0.276394930000 0.774990700000 0.881118970000
0.000000000000 0.000000000000 0.000000000000 1.000000000000
3 65 66
0.785856620000 0.194430810000 -0.587048570000 1.735115480000
-0.193123200000 0.978971700000 0.065710270000 -0.347270690000
0.587480040000 0.061733850000 0.806880500000 1.453576320000
0.000000000000 0.000000000000 0.000000000000 1.000000000000
4 6 66
0.811326970000 0.213971360000 0.544026470000 -1.734870310000
-0.279052770000 0.959492260000 0.038783370000 0.095720200000
-0.513690660000 -0.183278090000 0.838171250000 0.655801150000
0.000000000000 0.000000000000 0.000000000000 1.000000000000
4 7 66
-0.707886740000 -0.362449800000 -0.606239640000 1.576756990000
-0.299190770000 -0.623627220000 0.722200790000 -1.146778190000
-0.639829070000 0.692617670000 0.333015810000 1.922447760000
0.000000000000 0.000000000000 0.000000000000 1.000000000000
4 8 66
0.502849150000 -0.695013790000 0.513905210000 -2.304887490000
0.488220440000 -0.262248460000 -0.832386060000 2.547186300000
0.713290640000 0.669463650000 0.207448520000 1.486365000000
0.000000000000 0.000000000000 0.000000000000 1.000000000000
4 9 66
0.646814710000 0.762519440000 0.013958150000 -0.446812490000
-0.739634100000 0.631653970000 -0.232281420000 0.141373230000
-0.185935820000 0.139919120000 0.972548460000 -0.092409670000
0.000000000000 0.000000000000 0.000000000000 1.000000000000
4 10 66
0.910248040000 -0.031131700000 0.412891420000 -1.065046410000
-0.059256350000 0.977111470000 0.204308230000 -0.356996710000
-0.409801400000 -0.210437600000 0.887569050000 0.587597110000
0.000000000000 0.000000000000 0.000000000000 1.000000000000
4 11 66
0.982390330000 -0.142029750000 0.121395150000 -0.444925540000
0.043459720000 -0.458202320000 -0.887784820000 3.128127540000
0.181715400000 0.877427020000 -0.443960960000 3.852539260000
0.000000000000 0.000000000000 0.000000000000 1.000000000000
4 12 66
0.829665189000 0.004159341690 0.558245801000 -0.582162419000
-0.160138491000 -0.956175096000 0.245122113000 0.914117956000
0.534800278000 -0.292765924000 -0.792639121000 5.045980680000
0.000000000000 0.000000000000 0.000000000000 1.000000000000
4 13 66
0.124514570000 -0.218524950000 0.967854830000 -2.853017410000
0.308351900000 0.935669010000 0.171588460000 -0.058207370000
-0.943088130000 0.277074610000 0.183887010000 2.864806640000
0.000000000000 0.000000000000 0.000000000000 1.000000000000
4 14 66
0.841770660000 -0.109106920000 0.528694460000 -1.005031040000
0.226442130000 0.960401550000 -0.162335510000 0.140487470000
-0.490047060000 0.256367970000 0.833144250000 0.091636490000
0.000000000000 0.000000000000 0.000000000000 1.000000000000
4 15 66
0.809100750000 0.228835580000 -0.541285740000 1.602272500000
-0.168394190000 0.972726270000 0.159521130000 -0.333715200000
0.563026970000 -0.037919290000 0.825568140000 1.133612430000
0.000000000000 0.000000000000 0.000000000000 1.000000000000
4 17 66
0.295973320000 0.394980020000 -0.869707180000 1.617764070000
-0.637888290000 -0.595984930000 -0.487750440000 1.956574160000
-0.710984050000 0.699137150000 0.075557490000 1.634218910000
0.000000000000 0.000000000000 0.000000000000 1.000000000000
4 18 66
-0.939776600000 0.258302640000 -0.223829590000 -0.176073570000
-0.208336060000 0.086240400000 0.974247750000 -2.442122360000
0.270953920000 0.962207010000 -0.027232960000 2.917493350000
0.000000000000 0.000000000000 0.000000000000 1.000000000000
4 19 66
0.999947449000 -0.000192612213 0.010250024800 -0.239790751000
-0.000138157648 0.999479512000 0.032259663300 -0.036912392400
-0.010250903400 -0.032259384100 0.999426961000 0.115813042000
0.000000000000 0.000000000000 0.000000000000 1.000000000000
4 20 66
-0.940671550000 -0.309383110000 0.139352500000 -0.227852650000
0.084756850000 -0.611902290000 -0.786378960000 2.996928700000
0.328562480000 -0.727913240000 0.601821410000 1.580015870000
0.000000000000 0.000000000000 0.000000000000 1.000000000000
4 21 66
-0.278467925000 0.530699225000 -0.800508555000 2.022590050000
-0.944803473000 -0.001552106790 0.327633926000 0.244124545000
0.172632596000 0.847558802000 0.501838683000 1.475412820000
0.000000000000 0.000000000000 0.000000000000 1.000000000000
4 22 66
0.987596590000 -0.071842250000 0.139612560000 -0.032525830000
0.077996900000 0.996185900000 -0.039117050000 0.252642450000
-0.136269800000 0.049521210000 0.989433270000 0.043944790000
0.000000000000 0.000000000000 0.000000000000 1.000000000000
4 23 66
0.973116470000 -0.066811410000 0.220410020000 -1.063478180000
-0.227742280000 -0.421741450000 0.877648910000 -1.527440690000
0.034319080000 -0.904251280000 -0.425619330000 5.765944550000
0.000000000000 0.000000000000 0.000000000000 1.000000000000
4 24 66
-0.899161910000 -0.090357420000 0.428186160000 -1.260104250000
0.435123760000 -0.080320430000 0.896780880000 -2.417003580000
-0.046638710000 0.992665180000 0.111537730000 2.419110100000
0.000000000000 0.000000000000 0.000000000000 1.000000000000
4 25 66
0.977655650000 0.096482910000 -0.186763180000 0.068903140000
-0.087342190000 0.994569870000 0.056587250000 0.077294060000
0.191208730000 -0.039010540000 0.980773880000 0.266777540000
0.000000000000 0.000000000000 0.000000000000 1.000000000000
4 26 66
-0.036046110000 0.124733120000 -0.991535340000 1.882506790000
-0.183561880000 0.974472640000 0.129259840000 -0.533198530000
0.982347040000 0.186667410000 -0.012229700000 2.279848440000
0.000000000000 0.000000000000 0.000000000000 1.000000000000
4 27 66
0.827608750000 -0.218909730000 0.516858090000 -1.078967950000
0.285840980000 0.956841300000 -0.052437270000 0.101024970000
-0.483072140000 0.191136770000 0.854463600000 0.996225120000
0.000000000000 0.000000000000 0.000000000000 1.000000000000
4 28 66
-0.478243840000 0.327478460000 -0.814886920000 1.696744910000
0.597449350000 -0.558764510000 -0.575183880000 2.175107500000
-0.643690220000 -0.761931810000 0.071573890000 2.685327090000
0.000000000000 0.000000000000 0.000000000000 1.000000000000
4 29 66
-0.724214780000 0.090112290000 -0.683661270000 0.968312190000
0.688419970000 0.151826070000 -0.709243810000 2.114964260000
0.039886020000 -0.984290920000 -0.171989780000 3.365207080000
0.000000000000 0.000000000000 0.000000000000 1.000000000000
4 30 66
0.977219300000 -0.090954210000 0.191754440000 -0.830100880000
0.008621190000 0.919779630000 0.392340550000 -0.226582310000
-0.212056850000 -0.381749610000 0.899610540000 1.380163860000
0.000000000000 0.000000000000 0.000000000000 1.000000000000
4 31 66
0.850429210000 0.487897440000 0.196789860000 -0.188852130000
-0.525532760000 0.770652360000 0.360430660000 -0.040478820000
0.024196630000 -0.409940270000 0.911791370000 1.067131970000
0.000000000000 0.000000000000 0.000000000000 1.000000000000
4 32 66
0.724964780000 0.099177440000 0.681608320000 -1.443895750000
-0.169016760000 0.984938790000 0.036454210000 0.312518590000
-0.667727040000 -0.141631250000 0.730808590000 1.388172230000
0.000000000000 0.000000000000 0.000000000000 1.000000000000
4 33 66
-0.955025270000 0.279673150000 -0.098537630000 0.508145200000
-0.180622530000 -0.285133200000 0.941315340000 -2.439251910000
0.235164280000 0.916778050000 0.322824680000 2.646478380000
0.000000000000 0.000000000000 0.000000000000 1.000000000000
4 34 66
-0.802282740000 -0.176457600000 0.570267580000 -1.061755230000
-0.452694920000 0.802561310000 -0.388539140000 1.357237420000
-0.389114010000 -0.569875480000 -0.723762550000 5.003534210000
0.000000000000 0.000000000000 0.000000000000 1.000000000000
4 35 66
-0.984388510000 -0.020007550000 0.174868390000 -0.360481210000
0.088367620000 0.803045620000 0.589329190000 -0.964046350000
-0.152218330000 0.595581590000 -0.788740860000 4.571228550000
0.000000000000 0.000000000000 0.000000000000 1.000000000000
4 36 66
0.834675820000 -0.261947930000 0.484458010000 -1.651401370000
0.168527790000 0.958932010000 0.228139850000 -0.214807910000
-0.524323050000 -0.108778180000 0.844542860000 1.177263040000
0.000000000000 0.000000000000 0.000000000000 1.000000000000
4 37 66
-0.290239500000 0.474316010000 -0.831134980000 1.536674700000
-0.185070170000 0.824303100000 0.535045260000 -0.702035540000
0.938887670000 0.309109560000 -0.151463580000 2.793299690000
0.000000000000 0.000000000000 0.000000000000 1.000000000000
4 38 66
0.853932530000 -0.355971120000 0.379583720000 -0.929250750000
0.149671270000 0.866616420000 0.475998420000 -0.725336990000
-0.498395170000 -0.349657760000 0.793310600000 1.553289270000
0.000000000000 0.000000000000 0.000000000000 1.000000000000
4 39 66
-0.747077180000 -0.281258780000 0.602303230000 -2.060155320000
-0.654271940000 0.150975260000 -0.741036240000 2.407402810000
0.117490060000 -0.947681360000 -0.296809900000 3.584511450000
0.000000000000 0.000000000000 0.000000000000 1.000000000000
4 40 66
0.992362750000 0.118124440000 -0.035535850000 -0.186074240000
-0.044805640000 0.613577950000 0.788361940000 -0.969912270000
0.114928830000 -0.780748810000 0.614184540000 1.503542030000
0.000000000000 0.000000000000 0.000000000000 1.000000000000
4 41 66
-0.953900550000 0.024092570000 -0.299154280000 0.098994870000
-0.290475600000 -0.324808460000 0.900068550000 -1.640748710000
-0.075482880000 0.945472900000 0.316833280000 2.526574930000
0.000000000000 0.000000000000 0.000000000000 1.000000000000
4 42 66
0.290996340000 -0.955734730000 0.043499960000 -0.134609140000
0.042239000000 0.058257360000 0.997407610000 -1.951273910000
-0.955791290000 -0.288404570000 0.057321960000 2.851920370000
0.000000000000 0.000000000000 0.000000000000 1.000000000000
4 43 66
-0.441667530000 0.823506870000 -0.356042450000 1.161211490000
0.670951110000 0.039720780000 -0.740436940000 2.180931370000
-0.595612630000 -0.565914030000 -0.570076230000 4.512026380000
0.000000000000 0.000000000000 0.000000000000 1.000000000000
4 44 66
-0.828597430000 0.328271780000 0.453501870000 -1.835240490000
0.508133620000 0.100950510000 0.855341580000 -1.675455770000
0.235003250000 0.939173380000 -0.250453260000 3.473227420000
0.000000000000 0.000000000000 0.000000000000 1.000000000000
4 45 66
0.774078360000 -0.411622120000 -0.481009280000 1.079101080000
-0.573300030000 -0.778073390000 -0.256766200000 2.377094480000
-0.268569870000 0.474519790000 -0.838272740000 4.924606470000
0.000000000000 0.000000000000 0.000000000000 1.000000000000
4 46 66
-0.861211950000 0.113851990000 -0.495329900000 1.051634650000
0.313674290000 -0.647769570000 -0.694264370000 2.661641460000
-0.399903010000 -0.753281030000 0.522154450000 2.340277670000
0.000000000000 0.000000000000 0.000000000000 1.000000000000
4 47 66
0.496961140000 -0.458339570000 0.736854440000 -1.706863390000
0.166962720000 0.883770590000 0.437118970000 -0.317686100000
-0.851559210000 -0.094203920000 0.515725260000 1.536775240000
0.000000000000 0.000000000000 0.000000000000 1.000000000000
4 48 66
-0.501817250000 0.636199300000 -0.586028920000 2.291736140000
-0.229667600000 0.555190230000 0.799385140000 -1.053546390000
0.833925800000 0.535737110000 -0.132489670000 3.333496740000
0.000000000000 0.000000000000 0.000000000000 1.000000000000
4 49 66
0.437109510000 -0.366191910000 0.821485700000 -2.528428190000
0.004666650000 0.914273490000 0.405070620000 -0.052763740000
-0.899396180000 -0.173226630000 0.401346530000 1.961458990000
0.000000000000 0.000000000000 0.000000000000 1.000000000000
4 50 66
-0.327586720000 0.937364900000 0.118465150000 0.267092050000
0.427611100000 0.035283200000 0.903273960000 -2.664801100000
0.842517470000 0.346557570000 -0.412385940000 3.481666870000
0.000000000000 0.000000000000 0.000000000000 1.000000000000
4 51 66
-0.992623120000 0.112402260000 -0.045443070000 0.063155590000
-0.042747970000 0.026273580000 0.998740360000 -2.542140540000
0.113454630000 0.993315370000 -0.021274790000 2.744065150000
0.000000000000 0.000000000000 0.000000000000 1.000000000000
4 52 66
0.996822470000 -0.048065460000 0.063519130000 -0.157471740000
0.036219260000 0.983724650000 0.175994280000 -0.346467220000
-0.070944580000 -0.173134440000 0.982339720000 -0.175904370000
0.000000000000 0.000000000000 0.000000000000 1.000000000000
4 53 66
0.841126040000 0.251762880000 0.478667350000 -1.380266600000
-0.300896270000 0.953264400000 0.027357400000 -0.007072060000
-0.449408960000 -0.167040240000 0.877570020000 0.974719430000
0.000000000000 0.000000000000 0.000000000000 1.000000000000
4 54 66
-0.254591050000 -0.960882540000 0.109032760000 -0.479409510000
-0.819404210000 0.154468080000 -0.552011190000 3.381130370000
0.513575830000 -0.229879010000 -0.826677390000 4.894066360000
0.000000000000 0.000000000000 0.000000000000 1.000000000000
4 55 66
0.351683320000 0.281828120000 -0.892687940000 1.960937000000
0.849359700000 -0.496999160000 0.177707450000 0.861791160000
-0.393582200000 -0.820709900000 -0.414159760000 4.462727320000
0.000000000000 0.000000000000 0.000000000000 1.000000000000
4 56 66
0.616807940000 -0.048676060000 -0.785607160000 1.650688290000
-0.455767410000 -0.835828120000 -0.306051350000 1.513597120000
-0.641735180000 0.546829040000 -0.537730380000 4.174870240000
0.000000000000 0.000000000000 0.000000000000 1.000000000000
4 57 66
-0.970985390000 0.126536490000 -0.202918460000 -0.209776840000
0.019144180000 -0.804684280000 -0.593394230000 2.720967570000
-0.238371310000 -0.580061830000 0.778914230000 0.684124810000
0.000000000000 0.000000000000 0.000000000000 1.000000000000
4 58 66
-0.527615580000 -0.630918830000 0.568826190000 -1.422846610000
-0.349572720000 -0.449032220000 -0.822294940000 2.657942230000
0.774222650000 -0.632701740000 0.016364390000 3.221108870000
0.000000000000 0.000000000000 0.000000000000 1.000000000000
4 59 66
0.856724900000 -0.229779270000 0.461761770000 -1.836856360000
0.080955500000 0.944090340000 0.319592930000 -0.312635180000
-0.509380650000 -0.236421070000 0.827427600000 1.121033310000
0.000000000000 0.000000000000 0.000000000000 1.000000000000
4 60 66
0.999836010000 -0.002595910000 0.017922670000 -0.215304990000
-0.004668030000 0.919287010000 0.393560170000 -0.400565610000
-0.017497720000 -0.393579290000 0.919124130000 1.116850150000
0.000000000000 0.000000000000 0.000000000000 1.000000000000
4 61 66
0.983082850000 0.013430860000 -0.182668340000 0.348405220000
0.154869270000 0.471531310000 0.868143840000 -1.194224790000
0.097793760000 -0.881747030000 0.461474320000 1.853904140000
0.000000000000 0.000000000000 0.000000000000 1.000000000000
4 62 66
-0.800505690000 -0.153328860000 0.579379760000 -0.937829990000
0.598967690000 -0.238059990000 0.764568610000 -1.305666650000
0.020696710000 0.959071270000 0.282407410000 2.169128150000
0.000000000000 0.000000000000 0.000000000000 1.000000000000
4 63 66
-0.405916080000 -0.363785110000 0.838386860000 -2.057636450000
0.294761940000 0.816225340000 0.496881870000 -0.771605920000
-0.865070830000 0.448816880000 -0.224088980000 3.160631370000
0.000000000000 0.000000000000 0.000000000000 1.000000000000
4 64 66
0.939787000000 -0.178599930000 -0.291380270000 0.850546560000
0.123336340000 0.972368340000 -0.198211890000 0.943721090000
0.318729580000 0.150339180000 0.935846990000 0.725239260000
0.000000000000 0.000000000000 0.000000000000 1.000000000000
4 65 66
0.785636580000 0.149257190000 -0.600414400000 1.638551840000
-0.013924390000 0.974483420000 0.224027180000 -0.312097680000
0.618531540000 -0.167643550000 0.767668140000 1.167383210000
0.000000000000 0.000000000000 0.000000000000 1.000000000000
5 7 66
0.693841770000 0.663547420000 0.279800680000 -1.020566790000
-0.695029080000 0.515360030000 0.501336830000 -0.492924160000
0.188462670000 -0.542318040000 0.818763070000 0.751264720000
0.000000000000 0.000000000000 0.000000000000 1.000000000000
5 8 66
-0.718536050000 0.158150000000 -0.677269900000 1.973988200000
-0.668101850000 0.113627300000 0.735342610000 -0.273429160000
0.193250780000 0.980855450000 0.024015000000 2.491026760000
0.000000000000 0.000000000000 0.000000000000 1.000000000000
5 9 66
0.989577050000 -0.123116790000 -0.074696150000 0.216781230000
0.132138260000 0.982516090000 0.131154940000 -0.158517780000
0.057242790000 -0.139658140000 0.988543810000 -0.080453270000
0.000000000000 0.000000000000 0.000000000000 1.000000000000
5 10 66
0.817313370000 0.528128460000 0.230389210000 -0.335977870000
-0.576136060000 0.754702010000 0.313834540000 -0.241852930000
-0.008130240000 -0.389236700000 0.921101890000 0.341991150000
0.000000000000 0.000000000000 0.000000000000 1.000000000000
5 11 66
-0.871843200000 0.335240060000 -0.357076380000 0.958850050000
0.385288850000 0.019314470000 -0.922593870000 3.405674030000
-0.302393680000 -0.941934740000 -0.146003440000 3.633476390000
0.000000000000 0.000000000000 0.000000000000 1.000000000000
5 12 66
0.568799733000 0.022863583200 0.822158209000 -2.514315010000
0.000404008042 -0.999621194000 0.027519183600 1.958157350000
0.822475957000 -0.015320745800 -0.568593505000 4.176841440000
0.000000000000 0.000000000000 0.000000000000 1.000000000000
5 13 66
-0.901230890000 0.067728510000 0.428013710000 -1.507131960000
-0.192377140000 -0.947576240000 -0.255128020000 2.101514230000
0.388296180000 -0.312269310000 0.867014390000 0.907832080000
0.000000000000 0.000000000000 0.000000000000 1.000000000000
5 14 66
-0.730101460000 0.450855600000 0.513498870000 -2.088869270000
0.559562000000 0.825779910000 0.070554270000 0.220524500000
-0.392227260000 0.338846230000 -0.855184780000 4.655362200000
0.000000000000 0.000000000000 0.000000000000 1.000000000000
5 15 66
0.540282490000 0.243237700000 -0.805562070000 2.124224520000
-0.070044610000 0.966989030000 0.245001980000 -0.040929730000
0.838563410000 -0.075945000000 0.539484730000 1.797545310000
0.000000000000 0.000000000000 0.000000000000 1.000000000000
5 17 66
-0.399090130000 0.021085720000 0.916669220000 -2.572082220000
0.272942100000 0.957146630000 0.096813950000 -0.331806400000
-0.875345460000 0.288835110000 -0.387742960000 3.275862770000
0.000000000000 0.000000000000 0.000000000000 1.000000000000
5 18 66
0.932395100000 -0.343064100000 0.113782240000 0.402393620000
-0.341580490000 -0.939276330000 -0.032905070000 1.478702730000
0.118161510000 -0.008185270000 -0.992960650000 5.768079710000
0.000000000000 0.000000000000 0.000000000000 1.000000000000
5 19 66
0.957493510000 -0.269668630000 0.102396350000 -0.069045450000
-0.215308050000 -0.904377760000 -0.368433580000 2.393050570000
0.191959960000 0.330726000000 -0.923997670000 5.588711140000
0.000000000000 0.000000000000 0.000000000000 1.000000000000
5 20 66
0.954117590000 -0.297252160000 0.036066360000 -0.815838250000
0.293968610000 0.952792980000 0.075947310000 0.312576760000
-0.056939270000 -0.061860290000 0.996459340000 0.273012610000
0.000000000000 0.000000000000 0.000000000000 1.000000000000
5 21 66
-0.605292650000 0.116722860000 -0.787398610000 1.874759580000
-0.457005440000 0.758958900000 0.463818300000 0.029172040000
0.651741380000 0.640591260000 -0.406049260000 3.641313230000
0.000000000000 0.000000000000 0.000000000000 1.000000000000
5 22 66
-0.533229640000 -0.219602790000 0.816970480000 -2.497866880000
0.165663940000 0.919915680000 0.355402030000 -0.353137230000
-0.829591230000 0.324853440000 -0.454146040000 3.522842190000
0.000000000000 0.000000000000 0.000000000000 1.000000000000
5 23 66
0.599053974000 -0.034494005800 -0.799965312000 1.581142020000
-0.034369650700 0.997043114000 -0.068729588600 -0.000987641316
0.799970664000 0.068667261500 0.596097092000 0.758358462000
0.000000000000 0.000000000000 0.000000000000 1.000000000000
5 24 66
-0.993130730000 0.036437900000 -0.111191890000 0.346201220000
0.013405390000 -0.908587500000 -0.417479390000 2.942792240000
-0.116239630000 -0.416102180000 0.901857710000 0.455131650000
0.000000000000 0.000000000000 0.000000000000 1.000000000000
5 25 66
-0.899851060000 0.092727020000 -0.426227370000 1.167432020000
0.237375570000 -0.715685230000 -0.656846630000 3.188178540000
-0.365952070000 -0.692240100000 0.621998980000 1.549573640000
0.000000000000 0.000000000000 0.000000000000 1.000000000000
5 26 66
0.967677580000 -0.073517270000 -0.241237050000 0.591386670000
-0.148811470000 0.605826380000 -0.781555850000 2.901283240000
0.203605620000 0.792192910000 0.575304390000 0.406175910000
0.000000000000 0.000000000000 0.000000000000 1.000000000000
5 27 66
0.467020230000 -0.458014350000 0.756382820000 -1.728153830000
0.110208330000 0.878877820000 0.464142120000 -0.389602460000
-0.877351830000 -0.133404070000 0.460930710000 1.711032910000
0.000000000000 0.000000000000 0.000000000000 1.000000000000
5 28 66
0.842451530000 -0.304711910000 0.444326530000 -1.654871380000
0.118689610000 0.909404780000 0.398617270000 0.031255550000
-0.525536100000 -0.283078790000 0.802295590000 0.799384770000
0.000000000000 0.000000000000 0.000000000000 1.000000000000
5 29 66
-0.666630420000 -0.039010370000 -0.744366890000 0.536934360000
-0.735362210000 0.197660880000 0.648207220000 -0.375721960000
0.121845410000 0.979493930000 -0.160453510000 2.895510840000
0.000000000000 0.000000000000 0.000000000000 1.000000000000
5 30 66
0.106555910000 0.942074850000 -0.318026440000 0.664850970000
-0.527355370000 0.324700690000 0.785153340000 -0.158749630000
0.842936620000 0.084050220000 0.531407010000 1.415694490000
0.000000000000 0.000000000000 0.000000000000 1.000000000000
5 31 66
0.577722820000 -0.511139750000 0.636374500000 -2.058564850000
0.061595680000 0.804726120000 0.590442070000 -0.233885610000
-0.813905600000 -0.301913940000 0.496392640000 2.064878120000
0.000000000000 0.000000000000 0.000000000000 1.000000000000
5 32 66
0.309030030000 -0.839079490000 0.447712010000 -2.022178740000
0.630190830000 0.533234310000 0.564376370000 -0.927225950000
-0.712292040000 0.107734760000 0.693565620000 1.671622050000
0.000000000000 0.000000000000 0.000000000000 1.000000000000
5 33 66
0.714901960000 0.361310780000 -0.598639880000 0.754359250000
-0.117404310000 0.906019880000 0.406625390000 -0.018861950000
0.689297770000 -0.220414380000 0.690134830000 0.822170170000
0.000000000000 0.000000000000 0.000000000000 1.000000000000
5 34 66
0.737930740000 0.179089790000 -0.650680460000 1.529232880000
-0.405245790000 -0.653388830000 -0.639420750000 2.475699000000
-0.539661070000 0.735533750000 -0.409580320000 3.753527740000
0.000000000000 0.000000000000 0.000000000000 1.000000000000
5 35 66
-0.977419880000 -0.143104780000 0.155471560000 -0.357544390000
-0.182873510000 0.941500100000 -0.283080980000 1.297925510000
-0.105866250000 -0.305120600000 -0.946410990000 5.157107690000
0.000000000000 0.000000000000 0.000000000000 1.000000000000
5 36 66
0.462189780000 -0.608984830000 0.644606920000 -1.968794520000
0.311179170000 -0.569302990000 -0.760960990000 2.939619050000
0.830390350000 0.552296640000 -0.073622630000 2.567862250000
0.000000000000 0.000000000000 0.000000000000 1.000000000000
5 37 66
-0.493015180000 0.745051240000 -0.449260160000 1.680525080000
0.865108140000 0.365017450000 -0.344020580000 1.463534570000
-0.092325160000 -0.558265990000 -0.824509030000 4.999897790000
0.000000000000 0.000000000000 0.000000000000 1.000000000000
5 38 66
-0.969126390000 0.180088210000 -0.168411020000 0.415924050000
-0.051620570000 0.519700640000 0.852787530000 -1.114327310000
0.241100290000 0.835152370000 -0.494359350000 3.820077370000
0.000000000000 0.000000000000 0.000000000000 1.000000000000
5 39 66
0.717916140000 -0.674965200000 -0.170347870000 0.617567300000
-0.505552780000 -0.673746960000 0.538963280000 -0.802783630000
-0.478552810000 -0.300810600000 -0.824924350000 5.267982610000
0.000000000000 0.000000000000 0.000000000000 1.000000000000
5 40 66
0.816952740000 0.513725440000 -0.262057980000 0.241586140000
0.072303060000 0.359582070000 0.930308020000 -0.744563120000
0.572154250000 -0.778965280000 0.256617640000 1.935359130000
0.000000000000 0.000000000000 0.000000000000 1.000000000000
5 41 66
0.321854090000 -0.845642960000 -0.425790940000 0.498301990000
0.627895950000 0.527242040000 -0.572505470000 2.380040910000
0.708630100000 -0.083089180000 0.700670800000 1.024250670000
0.000000000000 0.000000000000 0.000000000000 1.000000000000
5 42 66
-0.956153730000 -0.208001630000 -0.206168280000 0.199746350000
-0.236233770000 0.131686830000 0.962731630000 -1.342571140000
-0.173100100000 0.969223350000 -0.175049860000 2.689314890000
0.000000000000 0.000000000000 0.000000000000 1.000000000000
5 43 66
0.995188930000 0.022079020000 0.095454230000 -0.479994600000
-0.094820490000 0.462265260000 0.881657480000 -1.079008510000
-0.024659040000 -0.886466780000 0.462134810000 1.770521690000
0.000000000000 0.000000000000 0.000000000000 1.000000000000
5 44 66
-0.724360440000 0.450306620000 0.522040140000 -1.349363750000
0.470357230000 -0.230823790000 0.851753750000 -1.441371120000
0.504049630000 0.862522080000 -0.044605350000 3.364805210000
0.000000000000 0.000000000000 0.000000000000 1.000000000000
5 45 66
-0.619474420000 0.548314470000 0.561785270000 -1.126996580000
0.660867320000 -0.021976790000 0.750180920000 -1.490590100000
0.423681290000 0.835983410000 -0.348749060000 3.250247180000
0.000000000000 0.000000000000 0.000000000000 1.000000000000
5 46 66
0.963827020000 -0.226855640000 -0.139907120000 0.395402300000
0.220214590000 0.973513520000 -0.061456920000 0.467633130000
0.150143330000 0.028424250000 0.988255560000 0.484802840000
0.000000000000 0.000000000000 0.000000000000 1.000000000000
5 47 66
-0.424153680000 0.398149660000 -0.813369840000 1.800757810000
-0.892239550000 -0.030076870000 0.450559610000 -0.318997550000
0.154926540000 0.916827260000 0.368002090000 2.434237870000
0.000000000000 0.000000000000 0.000000000000 1.000000000000
5 48 66
-0.445181390000 0.593748880000 -0.670280380000 1.982253180000
0.045849450000 -0.732451640000 -0.679273450000 2.544697110000
-0.894265820000 -0.333131880000 0.298850780000 2.097417510000
0.000000000000 0.000000000000 0.000000000000 1.000000000000
5 49 66
-0.428479800000 0.373304540000 -0.822829740000 2.266770030000
-0.749176850000 -0.655869760000 0.092568340000 0.773065080000
-0.505112970000 0.656108660000 0.560698070000 1.747020830000
0.000000000000 0.000000000000 0.000000000000 1.000000000000
5 50 66
-0.089585430000 0.782085450000 -0.616698310000 1.823605370000
-0.205640670000 -0.620370640000 -0.756869990000 3.741414100000
-0.974518530000 0.059013730000 0.216404740000 3.311377060000
0.000000000000 0.000000000000 0.000000000000 1.000000000000
5 51 66
-0.883210850000 -0.318476280000 0.344254930000 -1.188539060000
-0.028535880000 0.769191110000 0.638381350000 -1.264379380000
-0.468107150000 0.554001720000 -0.688445930000 4.441442390000
0.000000000000 0.000000000000 0.000000000000 1.000000000000
5 52 66
-0.988251270000 0.016978420000 0.151891940000 -0.980426700000
0.074252510000 0.921981280000 0.380048780000 -0.571653920000
-0.133588890000 0.386862050000 -0.912409860000 5.566907460000
0.000000000000 0.000000000000 0.000000000000 1.000000000000
5 53 66
0.976661280000 0.034773890000 -0.211951710000 0.414250470000
-0.001292690000 0.987740850000 0.156097210000 0.052424250000
0.214781470000 -0.152180110000 0.964733190000 0.102513270000
0.000000000000 0.000000000000 0.000000000000 1.000000000000
5 54 66
0.985193683000 -0.062532437200 0.159634272000 -0.532962564000
-0.064140316000 -0.997928690000 0.004934535920 1.623124520000
0.158995051000 -0.015100466300 -0.987163892000 5.493138760000
0.000000000000 0.000000000000 0.000000000000 1.000000000000
5 55 66
-0.994241570000 0.094955910000 -0.049669630000 0.660546650000
0.087818820000 0.987596240000 0.130159590000 -0.244105020000
0.061412970000 0.125048150000 -0.990248160000 4.758197940000
0.000000000000 0.000000000000 0.000000000000 1.000000000000
5 56 66
-0.026663300000 -0.421269440000 0.906543500000 -2.838953010000
-0.732626800000 -0.608751180000 -0.304433840000 1.926672660000
0.680108110000 -0.672275280000 -0.292401970000 3.481991350000
0.000000000000 0.000000000000 0.000000000000 1.000000000000
5 58 66
0.996726532000 0.026862473700 -0.076253703100 0.004571063320
0.000319942028 0.941868615000 0.335981264000 0.065282364600
0.080846257600 -0.334905837000 0.938776844000 0.577792541000
0.000000000000 0.000000000000 0.000000000000 1.000000000000
5 59 66
0.929801240000 0.018518180000 0.367595890000 -1.515265360000
-0.322262520000 0.523446720000 0.788765110000 -0.811378450000
-0.177810370000 -0.851857150000 0.492669120000 1.610919250000
0.000000000000 0.000000000000 0.000000000000 1.000000000000
5 60 66
0.890618170000 0.106926950000 0.442002150000 -0.903502400000
-0.453605740000 0.277849450000 0.846783040000 -0.843388060000
-0.032266130000 -0.954655070000 0.295960450000 2.444471250000
0.000000000000 0.000000000000 0.000000000000 1.000000000000
5 61 66
0.991167400000 0.121983310000 -0.052031220000 0.549426140000
-0.053547110000 0.727056750000 0.684486070000 -0.530854290000
0.121325520000 -0.675654160000 0.727166810000 1.614530540000
0.000000000000 0.000000000000 0.000000000000 1.000000000000
5 62 66
-0.865060230000 -0.218263620000 0.451698780000 -1.324814930000
0.501117940000 -0.333800570000 0.798409670000 -1.017157110000
-0.023486480000 0.917026810000 0.398133410000 2.027567590000
0.000000000000 0.000000000000 0.000000000000 1.000000000000
5 63 66
-0.791224719000 0.000179908895 0.611525479000 -2.340688140000
0.512375834000 0.546072469000 0.662778896000 -0.562202333000
-0.333817988000 0.837737922000 -0.432158216000 3.790303740000
0.000000000000 0.000000000000 0.000000000000 1.000000000000
5 64 66
-0.903657470000 0.359352500000 -0.232956970000 -0.029685620000
-0.024205210000 0.500239630000 0.865548630000 -1.186123830000
0.427571370000 0.787798260000 -0.443347070000 3.823257080000
0.000000000000 0.000000000000 0.000000000000 1.000000000000
5 65 66
0.761933890000 -0.611203920000 -0.214211390000 0.620969070000
-0.423891630000 -0.220554450000 -0.878448420000 3.279981640000
0.489665840000 0.760122030000 -0.427132140000 3.650009000000
0.000000000000 0.000000000000 0.000000000000 1.000000000000
6 8 66
0.960099190000 -0.016198860000 0.279190170000 -0.861243030000
0.037647590000 0.996720190000 -0.071634650000 0.083549780000
-0.277114080000 0.079287200000 0.957560090000 0.704136020000
0.000000000000 0.000000000000 0.000000000000 1.000000000000
6 9 66
0.983012250000 0.181907580000 -0.024424220000 0.689812530000
-0.183478960000 0.977375990000 -0.105221930000 -0.148284170000
0.004730980000 0.107915780000 0.994148780000 -0.227981670000
0.000000000000 0.000000000000 0.000000000000 1.000000000000
6 10 66
0.930566680000 0.131702850000 -0.341613850000 0.897186320000
-0.179166290000 0.977515130000 -0.111191760000 0.523062920000
0.319288430000 0.164677030000 0.933239720000 0.051872130000
0.000000000000 0.000000000000 0.000000000000 1.000000000000
6 11 66
-0.766701890000 0.488569240000 0.416495260000 -0.399680110000
0.641879190000 0.596107420000 0.482335000000 -1.494440370000
-0.012621870000 0.637146800000 -0.770639110000 4.615315820000
0.000000000000 0.000000000000 0.000000000000 1.000000000000
6 12 66
0.905594930000 0.003080060000 -0.424132450000 1.657724910000
-0.357884200000 0.542222950000 -0.760206010000 1.502765020000
0.227632870000 0.840229010000 0.492136660000 0.905643920000
0.000000000000 0.000000000000 0.000000000000 1.000000000000
6 13 66
0.954549200000 -0.243306040000 0.172156890000 -0.290681420000
-0.262621130000 -0.959726160000 0.099778900000 0.731615160000
0.140946660000 -0.140455910000 -0.980003150000 5.356856150000
0.000000000000 0.000000000000 0.000000000000 1.000000000000
6 14 66
-0.473838330000 0.055129110000 0.878884530000 -1.976276870000
0.320640620000 0.940329550000 0.113885590000 -0.604190820000
-0.820162690000 0.335769440000 -0.463240810000 3.009614000000
0.000000000000 0.000000000000 0.000000000000 1.000000000000
6 15 66
0.326375020000 0.387821410000 -0.862017340000 2.694610970000
-0.314623150000 0.904527090000 0.287824640000 -0.818239940000
0.891342590000 0.177271840000 0.417232640000 2.203619590000
0.000000000000 0.000000000000 0.000000000000 1.000000000000
6 16 66
0.439393560000 -0.844400240000 0.306466200000 -0.343629140000
-0.796874950000 -0.523874640000 -0.300908090000 0.682802730000
0.414636740000 -0.111998160000 -0.903068540000 5.889108900000
0.000000000000 0.000000000000 0.000000000000 1.000000000000
6 17 66
0.015945400000 0.235805350000 -0.971669480000 2.576264750000
0.916280560000 -0.392426100000 -0.080197760000 2.095020060000
-0.400219530000 -0.889043070000 -0.222321250000 3.904489230000
0.000000000000 0.000000000000 0.000000000000 1.000000000000
6 18 66
0.941862550000 -0.152306110000 0.299495890000 -0.091532100000
0.175233210000 -0.537876290000 -0.824610460000 3.216697270000
0.286684950000 0.829151340000 -0.479916450000 3.914437490000
0.000000000000 0.000000000000 0.000000000000 1.000000000000
6 19 66
0.904704460000 -0.071839760000 0.419939150000 -0.571164290000
0.055960200000 0.997178740000 0.050030180000 -0.171662600000
-0.422348540000 -0.021762650000 0.906172220000 0.342516500000
0.000000000000 0.000000000000 0.000000000000 1.000000000000
6 20 66
0.995037420000 0.020108900000 0.097448260000 0.014785840000
-0.023758930000 0.999053320000 0.036441450000 0.001136290000
-0.096623210000 -0.038575880000 0.994573200000 0.146942520000
0.000000000000 0.000000000000 0.000000000000 1.000000000000
6 21 66
0.726517880000 0.041794190000 0.685875370000 -1.619394600000
-0.552631640000 -0.557665780000 0.619360270000 -1.542258520000
0.408374880000 -0.829012740000 -0.382057370000 4.189555890000
0.000000000000 0.000000000000 0.000000000000 1.000000000000
6 22 66
-0.937790840000 0.210222280000 0.276323960000 0.078951000000
0.291599400000 0.044882470000 0.955486970000 -2.871931420000
0.188462540000 0.976622830000 -0.103391060000 3.071212100000
0.000000000000 0.000000000000 0.000000000000 1.000000000000
6 23 66
0.967954230000 0.081326650000 -0.237593310000 1.578627810000
-0.133434130000 0.968062980000 -0.212248440000 -0.141589190000
0.212743830000 0.237149830000 0.947892410000 -0.221853940000
0.000000000000 0.000000000000 0.000000000000 1.000000000000
6 24 66
-0.744533300000 -0.666265860000 0.041951850000 0.240416530000
0.166992730000 -0.125029370000 0.977998510000 -2.568549690000
-0.646361810000 0.735158120000 0.204350090000 1.771320620000
0.000000000000 0.000000000000 0.000000000000 1.000000000000
6 25 66
-0.907816780000 0.417563780000 0.038848310000 0.593159920000
0.152408200000 0.242202600000 0.958180380000 -2.395752710000
0.390692260000 0.875773030000 -0.283515720000 3.468624410000
0.000000000000 0.000000000000 0.000000000000 1.000000000000
6 26 66
-0.462191670000 0.009773090000 0.886726190000 -2.421360690000
0.231963810000 0.966455640000 0.110255550000 -0.664326310000
-0.855903990000 0.256647580000 -0.448954750000 3.901788920000
0.000000000000 0.000000000000 0.000000000000 1.000000000000
6 27 66
0.969801750000 -0.117076750000 0.213956980000 -0.305429230000
0.098109920000 0.990412570000 0.097249040000 -0.151050290000
-0.223291290000 -0.073320990000 0.971990240000 0.548834410000
0.000000000000 0.000000000000 0.000000000000 1.000000000000
6 28 66
-0.151534020000 -0.492814720000 0.856837840000 -1.904684200000
-0.137857570000 -0.847839170000 -0.512019560000 1.513545580000
0.978791460000 -0.195709970000 0.060538240000 2.678736250000
0.000000000000 0.000000000000 0.000000000000 1.000000000000
6 29 66
0.865587750000 -0.292209050000 0.406659220000 -0.306256280000
0.105991620000 0.900599670000 0.421528180000 -0.432094760000
-0.489411510000 -0.321767160000 0.810519750000 1.292225030000
0.000000000000 0.000000000000 0.000000000000 1.000000000000
6 30 66
-0.599798570000 -0.789028560000 -0.132949670000 0.451075870000
0.267535610000 -0.354351700000 0.896024310000 -1.738828240000
-0.754099710000 0.501865330000 0.423632880000 2.599903140000
0.000000000000 0.000000000000 0.000000000000 1.000000000000
6 31 66
-0.230804480000 0.758123800000 -0.609899660000 2.667117320000
0.735437460000 -0.274486580000 -0.619506940000 1.479106750000
-0.637072230000 -0.591528040000 -0.494199910000 4.267648220000
0.000000000000 0.000000000000 0.000000000000 1.000000000000
6 32 66
-0.937487370000 0.157852460000 -0.310161290000 2.167465910000
-0.344541660000 -0.546646450000 0.763196370000 -1.906031630000
-0.049076140000 0.822350450000 0.566860900000 1.942255030000
0.000000000000 0.000000000000 0.000000000000 1.000000000000
6 33 66
-0.978096480000 -0.202315430000 0.048946290000 0.299009870000
0.028435710000 0.103070890000 0.994267470000 -2.518310390000
-0.206200590000 0.973881340000 -0.095060290000 3.183743800000
0.000000000000 0.000000000000 0.000000000000 1.000000000000
6 34 66
-0.792987810000 0.335630350000 0.508451190000 -0.813924280000
-0.183205640000 0.664572290000 -0.724416570000 1.578816380000
-0.581038750000 -0.667604630000 -0.465508350000 3.917595010000
0.000000000000 0.000000000000 0.000000000000 1.000000000000
6 35 66
0.959839470000 -0.257407410000 0.111577820000 -0.054693090000
-0.082497040000 -0.639091120000 -0.764693910000 2.305994280000
0.268146270000 0.724778560000 -0.634660230000 3.812320400000
0.000000000000 0.000000000000 0.000000000000 1.000000000000
6 36 66
0.988164260000 -0.104506960000 0.112292910000 -0.273355960000
-0.009754460000 0.687739260000 0.725892250000 -1.227615620000
-0.153089030000 -0.718396130000 0.678579950000 0.970265480000
0.000000000000 0.000000000000 0.000000000000 1.000000000000
6 37 66
0.535563130000 -0.148087630000 0.831409760000 -2.000521350000
-0.135080740000 -0.986850960000 -0.088760260000 1.013039670000
0.833621810000 -0.064770720000 -0.548524780000 3.804103610000
0.000000000000 0.000000000000 0.000000000000 1.000000000000
6 38 66
0.927648660000 0.240632730000 -0.285593860000 0.866660930000
-0.200691700000 0.966139380000 0.162165130000 -0.157598650000
0.314945720000 -0.093115950000 0.944530900000 1.019192330000
0.000000000000 0.000000000000 0.000000000000 1.000000000000
6 39 66
0.204175650000 0.624755560000 -0.753652970000 2.750674840000
-0.618734560000 0.678953790000 0.395207920000 -0.929288670000
0.758603880000 0.385619310000 0.525183690000 1.846143340000
0.000000000000 0.000000000000 0.000000000000 1.000000000000
6 40 66
-0.907391940000 -0.404321390000 0.114734860000 0.260911040000
0.163812240000 -0.088832230000 0.982483780000 -1.423705350000
-0.387047060000 0.910292840000 0.146838450000 2.227833430000
0.000000000000 0.000000000000 0.000000000000 1.000000000000
6 41 66
-0.062636130000 0.777918550000 0.625235510000 -0.084403090000
0.851286070000 -0.285356280000 0.440322400000 -1.179903330000
0.520949840000 0.559834380000 -0.644357610000 4.685552140000
0.000000000000 0.000000000000 0.000000000000 1.000000000000
6 42 66
0.901524290000 -0.050566330000 0.429763900000 -0.490037590000
-0.383017160000 0.368927380000 0.846870970000 -1.708078770000
-0.201374820000 -0.928081700000 0.313229230000 2.272744900000
0.000000000000 0.000000000000 0.000000000000 1.000000000000
6 43 66
0.790168910000 -0.600842990000 0.120916480000 0.470961780000
0.208511420000 0.449061100000 0.868830890000 -1.386242650000
-0.576329840000 -0.661310690000 0.480116750000 1.276840240000
0.000000000000 0.000000000000 0.000000000000 1.000000000000
6 44 66
0.392396330000 -0.836331900000 -0.382849940000 0.847313180000
0.724831270000 0.024916240000 0.688475710000 -1.336281660000
-0.566255020000 -0.547656950000 0.615976560000 0.688613160000
0.000000000000 0.000000000000 0.000000000000 1.000000000000
6 45 66
-0.616855460000 0.705664100000 0.348607970000 -0.735785490000
0.730775010000 0.348984640000 0.586666530000 -1.648808070000
0.292330680000 0.616642440000 -0.730954770000 4.087014630000
0.000000000000 0.000000000000 0.000000000000 1.000000000000
6 46 66
0.993486260000 -0.025274750000 0.111113650000 0.262894120000
0.029468100000 0.998907810000 -0.036260300000 -0.047306810000
-0.110075830000 0.039298420000 0.993145980000 0.340283820000
0.000000000000 0.000000000000 0.000000000000 1.000000000000
6 47 66
0.999502110000 -0.025063480000 -0.019166290000 0.142808770000
0.029849140000 0.947971290000 0.316953420000 -0.081918610000
0.010225140000 -0.317367710000 0.948247430000 0.429916020000
0.000000000000 0.000000000000 0.000000000000 1.000000000000
6 48 66
0.115443230000 0.704087280000 -0.700666800000 2.251980020000
0.302363240000 -0.696817530000 -0.650401270000 1.649597490000
-0.946176160000 -0.136771450000 -0.293332980000 3.329060970000
0.000000000000 0.000000000000 0.000000000000 1.000000000000
6 49 66
0.967117480000 -0.112267950000 0.228209730000 -0.521279430000
0.037142810000 0.950023950000 0.309959510000 -0.008296010000
-0.251603230000 -0.291290910000 0.922954720000 0.383975250000
0.000000000000 0.000000000000 0.000000000000 1.000000000000
6 50 66
0.569971370000 -0.512261670000 0.642433360000 -1.485370770000
0.800553030000 0.170117480000 -0.574608470000 1.302453280000
0.185060750000 0.841812350000 0.507054730000 1.158486330000
0.000000000000 0.000000000000 0.000000000000 1.000000000000
6 51 66
0.903206600000 -0.221299260000 -0.367756010000 1.309286810000
-0.059097240000 0.784546270000 -0.617247650000 1.779734080000
0.425118050000 0.579235520000 0.695529190000 0.338534570000
0.000000000000 0.000000000000 0.000000000000 1.000000000000
6 52 66
0.999929641000 -0.011860041900 -0.000227354217 0.080593203800
0.011842987600 0.997034012000 0.076045530100 -0.214913815000
-0.000675223282 -0.076042872200 0.997104320000 0.094919415300
0.000000000000 0.000000000000 0.000000000000 1.000000000000
6 53 66
-0.985463630000 0.154980860000 -0.069587140000 0.156032940000
0.091743620000 0.830232240000 0.549815910000 -1.504133880000
0.142984430000 0.535439400000 -0.832382180000 5.023941580000
0.000000000000 0.000000000000 0.000000000000 1.000000000000
6 54 66
0.357552170000 -0.004484560000 0.933882400000 -1.530673470000
0.219510090000 0.972376030000 -0.079373620000 0.542780860000
-0.907728900000 0.233376820000 0.348659570000 1.016958870000
0.000000000000 0.000000000000 0.000000000000 1.000000000000
6 55 66
-0.957644480000 0.197695300000 -0.209364790000 0.877921020000
0.096893630000 0.905914940000 0.412225350000 -1.366056360000
0.271161710000 0.374479220000 -0.886699860000 4.643914230000
0.000000000000 0.000000000000 0.000000000000 1.000000000000
6 56 66
-0.413532350000 -0.578074010000 0.703435450000 -1.284207350000
-0.786121980000 -0.163089120000 -0.596166230000 1.902212520000
0.459350870000 -0.799520090000 -0.386994060000 3.890474610000
0.000000000000 0.000000000000 0.000000000000 1.000000000000
6 57 66
0.651925210000 -0.284847950000 -0.702748300000 2.398790210000
-0.148981350000 0.860584210000 -0.487031190000 1.621634500000
0.743503920000 0.422204300000 0.518599510000 1.439492400000
0.000000000000 0.000000000000 0.000000000000 1.000000000000
6 58 66
0.450809910000 -0.363429870000 0.815284710000 -1.093738600000
0.219491270000 0.930451350000 0.293400530000 -0.360042340000
-0.865213280000 0.046680010000 0.499226370000 1.535196810000
0.000000000000 0.000000000000 0.000000000000 1.000000000000
6 59 66
-0.677406360000 -0.022695600000 -0.735258820000 1.949193690000
-0.452822780000 -0.774837400000 0.441110570000 -0.507453440000
-0.579717300000 0.631753050000 0.514602700000 1.561853340000
0.000000000000 0.000000000000 0.000000000000 1.000000000000
6 60 66
-0.951853440000 -0.268689470000 -0.147583870000 0.598958750000
-0.237981300000 0.344197790000 0.908236080000 -1.395934780000
-0.193235440000 0.899629840000 -0.391568920000 3.080359450000
0.000000000000 0.000000000000 0.000000000000 1.000000000000
6 61 66
0.806681300000 0.553706710000 -0.206577230000 1.353249960000
-0.418644330000 0.782111670000 0.461560680000 -0.818508080000
0.417135710000 -0.285849980000 0.862721030000 1.372574300000
0.000000000000 0.000000000000 0.000000000000 1.000000000000
6 62 66
0.986786850000 -0.150272850000 -0.060578670000 0.411799280000
0.095657660000 0.238568130000 0.966403050000 -1.644837110000
-0.130772000000 -0.959428640000 0.249790640000 2.014909700000
0.000000000000 0.000000000000 0.000000000000 1.000000000000
6 63 66
0.916492570000 0.254814190000 -0.308400890000 0.662214300000
0.143072280000 0.511142640000 0.847504290000 -1.535982440000
0.373592960000 -0.820855000000 0.432001590000 1.853199130000
0.000000000000 0.000000000000 0.000000000000 1.000000000000
6 64 66
-0.186761310000 -0.698720070000 0.690587050000 -1.732734150000
0.276532990000 0.637141620000 0.719430380000 -1.447302150000
-0.942682190000 0.325331860000 0.074225750000 2.422557880000
0.000000000000 0.000000000000 0.000000000000 1.000000000000
6 65 66
0.822623440000 0.350284970000 -0.447873990000 1.404780440000
0.176741210000 0.591144130000 0.786963250000 -1.537903460000
0.540419480000 -0.726532210000 0.424379230000 1.702541570000
0.000000000000 0.000000000000 0.000000000000 1.000000000000
7 9 66
0.772897820000 -0.471335880000 -0.424819320000 1.614015590000
0.213726210000 0.823758050000 -0.525113120000 1.096874890000
0.597452980000 0.315063760000 0.737417630000 0.137729640000
0.000000000000 0.000000000000 0.000000000000 1.000000000000
7 10 66
-0.876574900000 -0.202784000000 0.436457430000 -0.899024940000
0.042439310000 0.870792130000 0.489816260000 -1.108269880000
-0.479390600000 0.447883590000 -0.754708520000 4.941219460000
0.000000000000 0.000000000000 0.000000000000 1.000000000000
7 11 66
0.900137510000 -0.252967410000 -0.354626490000 1.457701090000
-0.276096970000 0.298368180000 -0.913644840000 2.691870900000
0.336931630000 0.920317290000 0.198728860000 1.871245050000
0.000000000000 0.000000000000 0.000000000000 1.000000000000
7 12 66
0.490630390000 -0.738768770000 0.462063330000 0.291094860000
0.811755730000 0.194749200000 -0.550568240000 1.562103100000
0.316756160000 0.645208070000 0.695249660000 0.723030480000
0.000000000000 0.000000000000 0.000000000000 1.000000000000
7 13 66
0.981522790000 -0.034737510000 0.188165670000 -0.011524630000
-0.059411720000 -0.990106080000 0.127122730000 0.778147640000
0.181888050000 -0.135953110000 -0.973875500000 5.395631710000
0.000000000000 0.000000000000 0.000000000000 1.000000000000
7 14 66
0.447665810000 -0.693597010000 -0.564374440000 2.351393290000
-0.470036860000 0.354394190000 -0.808374980000 1.687186890000
0.760697490000 0.627158630000 -0.167365990000 2.728456110000
0.000000000000 0.000000000000 0.000000000000 1.000000000000
7 15 66
0.714301930000 0.412881100000 -0.565068100000 2.220849400000
-0.533739070000 0.843639060000 -0.058273020000 0.014561060000
0.452653690000 0.343223450000 0.822983780000 0.795436820000
0.000000000000 0.000000000000 0.000000000000 1.000000000000
7 16 66
-0.493086960000 -0.757624340000 0.427633740000 -1.059737760000
0.832836750000 -0.268978240000 0.483770240000 0.324392200000
-0.251491940000 0.594689890000 0.763607060000 0.238231860000
0.000000000000 0.000000000000 0.000000000000 1.000000000000
7 17 66
-0.327110540000 -0.145376380000 0.933736800000 -2.377833780000
0.941250030000 -0.137900110000 0.308272510000 0.720418150000
0.083946860000 0.979718970000 0.181944100000 1.628029350000
0.000000000000 0.000000000000 0.000000000000 1.000000000000
7 18 66
-0.696599320000 0.238217120000 -0.676758450000 2.101389470000
0.545866570000 -0.436160780000 -0.715397420000 2.990618910000
-0.465595400000 -0.867765160000 0.173794540000 2.814395300000
0.000000000000 0.000000000000 0.000000000000 1.000000000000
7 19 66
0.085327740000 0.471805850000 -0.877563910000 3.082013580000
-0.907381150000 0.400613250000 0.127155290000 -0.491579780000
0.411556340000 0.785435080000 0.462291160000 1.501316110000
0.000000000000 0.000000000000 0.000000000000 1.000000000000
7 20 66
-0.909074040000 -0.407545790000 0.086549520000 0.152512840000
0.121313490000 -0.060191410000 0.990787580000 -2.330547960000
-0.398581770000 0.911198900000 0.104159250000 2.056705210000
0.000000000000 0.000000000000 0.000000000000 1.000000000000
7 21 66
-0.655089410000 -0.755540970000 -0.003964040000 1.169203510000
0.743732380000 -0.645757420000 0.172799010000 -0.888746190000
-0.133116540000 0.110250620000 0.984949130000 0.165054830000
0.000000000000 0.000000000000 0.000000000000 1.000000000000
7 22 66
-0.936863820000 0.210588250000 -0.279175180000 0.578481560000
-0.137286830000 0.512750150000 0.847490180000 -2.262409870000
0.321618590000 0.832309960000 -0.451466070000 3.987317370000
0.000000000000 0.000000000000 0.000000000000 1.000000000000
7 23 66
-0.996332090000 -0.080974290000 0.027668070000 0.246846730000
-0.039792220000 0.724677050000 0.687938770000 -2.388251720000
-0.075755770000 0.684314500000 -0.725241150000 4.001707870000
0.000000000000 0.000000000000 0.000000000000 1.000000000000
7 24 66
0.726972060000 -0.535708420000 -0.429567360000 1.374445290000
0.368577460000 0.832251790000 -0.414134780000 1.349545180000
0.579363690000 0.142735570000 0.802473850000 -0.100824170000
0.000000000000 0.000000000000 0.000000000000 1.000000000000
7 25 66
0.933900820000 0.018325820000 -0.357062200000 1.221752420000
-0.112153380000 0.963293870000 -0.243898640000 0.957965000000
0.339486190000 0.267822870000 0.901676240000 0.239072640000
0.000000000000 0.000000000000 0.000000000000 1.000000000000
7 26 66
-0.505208260000 0.409262350000 0.759782170000 -1.605311790000
0.838264770000 0.441982870000 0.319316970000 -1.339818480000
-0.205126290000 0.798220190000 -0.566363600000 4.033100020000
0.000000000000 0.000000000000 0.000000000000 1.000000000000
7 27 66
0.835738440000 -0.406422640000 -0.369272130000 1.207520210000
0.321046570000 0.907200640000 -0.271875150000 1.029221020000
0.445500120000 0.108662970000 0.888663040000 0.217261610000
0.000000000000 0.000000000000 0.000000000000 1.000000000000
7 28 66
0.228751180000 -0.945838960000 0.230350970000 -0.541163240000
0.947834590000 0.270359430000 0.168864930000 -0.316422770000
-0.221996590000 0.179706570000 0.958343920000 0.384699010000
0.000000000000 0.000000000000 0.000000000000 1.000000000000
7 29 66
0.985995080000 -0.022597570000 -0.165236370000 0.637705820000
0.134555930000 0.693147460000 0.708125200000 -0.737153840000
0.098531260000 -0.720441500000 0.686480620000 1.673296870000
0.000000000000 0.000000000000 0.000000000000 1.000000000000
7 30 66
0.969948200000 0.242727900000 -0.016841960000 0.437903170000
-0.241034920000 0.968014880000 0.069637380000 0.668541260000
0.033206210000 -0.063485150000 0.997430190000 1.053735490000
0.000000000000 0.000000000000 0.000000000000 1.000000000000
7 31 66
0.878381430000 0.168253340000 -0.447366600000 0.654859730000
-0.231491260000 0.968644810000 -0.090216600000 0.938829880000
0.418160080000 0.182806050000 0.889788790000 0.529870280000
0.000000000000 0.000000000000 0.000000000000 1.000000000000
7 32 66
0.809602450000 0.344551010000 -0.475214130000 1.802554960000
0.070305310000 0.746844890000 0.661271400000 -0.931581450000
0.582752980000 -0.568777030000 0.580423690000 0.653436400000
0.000000000000 0.000000000000 0.000000000000 1.000000000000
7 33 66
-0.761430920000 -0.578298620000 0.292905560000 -0.592331040000
0.317292650000 0.061540070000 0.946328800000 -2.289795170000
-0.565286060000 0.813500790000 0.136631390000 2.975836780000
0.000000000000 0.000000000000 0.000000000000 1.000000000000
7 34 66
0.134554740000 0.062655120000 -0.988923330000 2.585792470000
-0.656120890000 0.753512040000 -0.041532830000 0.471960300000
0.742563400000 0.654441700000 0.142497950000 2.334971260000
0.000000000000 0.000000000000 0.000000000000 1.000000000000
7 35 66
0.891695020000 -0.331217790000 0.308504090000 -0.570284660000
-0.099087310000 -0.807878930000 -0.580958980000 1.934964760000
0.441657900000 0.487469390000 -0.753201100000 4.345024360000
0.000000000000 0.000000000000 0.000000000000 1.000000000000
7 36 66
0.480034820000 -0.869366970000 0.117335600000 -0.282352110000
0.296533810000 0.034925860000 -0.954383510000 2.297928820000
0.825611450000 0.492931290000 0.274562320000 1.757543230000
0.000000000000 0.000000000000 0.000000000000 1.000000000000
7 37 66
0.690428540000 -0.625163540000 -0.363976620000 0.794774670000
0.153910100000 0.618573790000 -0.770505130000 2.325233990000
0.706838110000 0.475959050000 0.523299980000 1.201618870000
0.000000000000 0.000000000000 0.000000000000 1.000000000000
7 38 66
0.964229700000 -0.255489390000 -0.070613470000 0.077344140000
0.264473370000 0.945135530000 0.191761990000 -0.003306550000
0.017746150000 -0.203577990000 0.978897890000 0.199825360000
0.000000000000 0.000000000000 0.000000000000 1.000000000000
7 39 66
-0.580161350000 0.203474730000 0.788676640000 -2.174213850000
-0.813802750000 -0.104706670000 -0.571630650000 1.695264800000
-0.033732680000 -0.973465230000 0.226335060000 2.207023860000
0.000000000000 0.000000000000 0.000000000000 1.000000000000
7 40 66
-0.834000400000 0.015683330000 -0.551540900000 1.277991890000
-0.366442490000 -0.763059320000 0.532409980000 -0.800427540000
-0.412508460000 0.646138150000 0.642138820000 1.316675380000
0.000000000000 0.000000000000 0.000000000000 1.000000000000
7 41 66
0.412954590000 -0.744855320000 0.524079240000 -0.178565630000
0.442104850000 0.667035590000 0.599672260000 -0.634065810000
-0.796248580000 -0.015939440000 0.604759560000 1.390197770000
0.000000000000 0.000000000000 0.000000000000 1.000000000000
7 42 66
0.446735290000 -0.883172950000 0.142944450000 0.171076010000
0.493160550000 0.376396080000 0.784295010000 -1.668119700000
-0.746471870000 -0.279877700000 0.603695470000 1.477353260000
0.000000000000 0.000000000000 0.000000000000 1.000000000000
7 43 66
0.971175464000 -0.210199797000 0.112402238000 0.845484091000
0.208858173000 0.977658349000 0.023715301700 0.010325491100
-0.114875938000 0.000444407026 0.993379747000 0.916764929000
0.000000000000 0.000000000000 0.000000000000 1.000000000000
7 44 66
0.835555820000 -0.415316380000 -0.359664810000 1.537977840000
0.529441910000 0.783545390000 0.325188990000 -0.150511540000
0.146757390000 -0.462135180000 0.874581810000 0.470538350000
0.000000000000 0.000000000000 0.000000000000 1.000000000000
7 45 66
0.965284410000 -0.239124910000 -0.105096540000 1.184859000000
0.220390030000 0.961584500000 -0.163656620000 -0.008171010000
0.140193580000 0.134812960000 0.980903270000 0.053537700000
0.000000000000 0.000000000000 0.000000000000 1.000000000000
7 46 66
0.453726890000 -0.878342740000 0.150485690000 0.061901280000
0.884158920000 0.422609770000 -0.199158180000 0.044068510000
0.111332420000 0.223416690000 0.968343990000 0.506005430000
0.000000000000 0.000000000000 0.000000000000 1.000000000000
7 47 66
-0.907254400000 -0.364522110000 -0.209792940000 1.029410390000
-0.299905600000 0.210991790000 0.930343540000 -1.730335040000
-0.294866200000 0.906976350000 -0.300745450000 3.820549850000
0.000000000000 0.000000000000 0.000000000000 1.000000000000
7 48 66
-0.447820190000 0.175111670000 -0.876808410000 2.877369180000
-0.893992950000 -0.070925460000 0.442432130000 -0.703467970000
0.015286990000 0.981990570000 0.188310450000 2.984941840000
0.000000000000 0.000000000000 0.000000000000 1.000000000000
7 49 66
0.587587240000 -0.802811530000 -0.101167630000 -0.349682770000
0.806931810000 0.572096760000 0.146854900000 0.055121220000
-0.060019130000 -0.167925450000 0.983970910000 -0.301998110000
0.000000000000 0.000000000000 0.000000000000 1.000000000000
7 50 66
0.933503030000 -0.357535570000 0.027210320000 -0.122834280000
0.354822850000 0.932026750000 0.073667300000 -0.340428920000
-0.051699430000 -0.059113810000 0.996911590000 0.079468070000
0.000000000000 0.000000000000 0.000000000000 1.000000000000
7 51 66
0.925854340000 -0.046536990000 -0.375004070000 1.296556220000
0.011020670000 0.995290980000 -0.096303770000 0.393632240000
0.377719850000 0.085030470000 0.922007340000 -0.138153500000
0.000000000000 0.000000000000 0.000000000000 1.000000000000
7 52 66
0.952919800000 -0.095972500000 -0.287633670000 1.017673030000
0.081033130000 0.994690970000 -0.063431050000 0.349141800000
0.292194250000 0.037136840000 0.955637680000 -0.100505100000
0.000000000000 0.000000000000 0.000000000000 1.000000000000
7 53 66
0.999289370000 -0.022327500000 -0.030368440000 0.277853200000
0.027763440000 0.980929460000 0.192370970000 -0.395409610000
0.025494130000 -0.193077400000 0.980852270000 -0.021408450000
0.000000000000 0.000000000000 0.000000000000 1.000000000000
7 54 66
0.943392760000 -0.331447590000 -0.012353150000 0.298772540000
0.330062450000 0.941818330000 -0.063537490000 -0.322400440000
0.032693770000 0.055863500000 0.997902990000 0.053227350000
0.000000000000 0.000000000000 0.000000000000 1.000000000000
7 55 66
-0.898887530000 0.002447920000 0.438172590000 -1.092599280000
-0.202155670000 -0.889519270000 -0.409742050000 2.153422780000
0.388759950000 -0.456891090000 0.800072640000 1.236514810000
0.000000000000 0.000000000000 0.000000000000 1.000000000000
7 56 66
-0.621983240000 0.760225290000 0.187601600000 0.087559170000
0.120948980000 0.329983790000 -0.936206200000 2.533042740000
-0.773633110000 -0.559614340000 -0.297192860000 3.802996860000
0.000000000000 0.000000000000 0.000000000000 1.000000000000
7 57 66
0.906454410000 -0.332924630000 0.259810680000 0.237867940000
0.273328030000 0.931495840000 0.240015180000 0.044846120000
-0.321919530000 -0.146549280000 0.935356150000 -0.199169930000
0.000000000000 0.000000000000 0.000000000000 1.000000000000
7 58 66
-0.690809010000 -0.721143860000 -0.052291910000 0.255159350000
-0.351237270000 0.271486840000 0.896062100000 -1.934322830000
-0.631993110000 0.637374640000 -0.440838150000 3.945347840000
0.000000000000 0.000000000000 0.000000000000 1.000000000000
7 59 66
-0.387091310000 0.012562710000 -0.921955800000 2.363158740000
-0.700299060000 -0.654441710000 0.285109240000 -0.027911190000
-0.599784580000 0.756008090000 0.262126350000 1.902977240000
0.000000000000 0.000000000000 0.000000000000 1.000000000000
7 60 66
0.973550690000 -0.228364470000 -0.006979540000 0.510541840000
0.216041140000 0.910216050000 0.353317090000 -0.323424500000
-0.074332180000 -0.345479960000 0.935477590000 1.237904650000
0.000000000000 0.000000000000 0.000000000000 1.000000000000
7 61 66
-0.454517780000 -0.889109420000 0.053833260000 -0.105481570000
-0.250643860000 0.185657250000 0.950110020000 -1.508575930000
-0.854746300000 0.418348920000 -0.307234340000 3.028845490000
0.000000000000 0.000000000000 0.000000000000 1.000000000000
7 62 66
0.366499920000 -0.929311580000 -0.045362910000 0.410545250000
0.901042060000 0.366660920000 -0.231695880000 1.203732090000
0.231950470000 0.044042630000 0.971730020000 0.488435360000
0.000000000000 0.000000000000 0.000000000000 1.000000000000
7 63 66
0.725849360000 -0.611279850000 -0.315403940000 1.162724990000
0.679555150000 0.708274560000 0.191185640000 0.353235240000
0.106524660000 -0.353106340000 0.929499010000 0.112929930000
0.000000000000 0.000000000000 0.000000000000 1.000000000000
7 64 66
0.256100080000 -0.525726690000 -0.811186910000 2.126991800000
-0.031271450000 0.834228000000 -0.550532240000 1.718104190000
0.966144320000 0.166358340000 0.197205620000 2.320750440000
0.000000000000 0.000000000000 0.000000000000 1.000000000000
7 65 66
0.703809080000 -0.702556490000 0.105200580000 0.370682180000
-0.650005410000 -0.696631370000 -0.303640750000 1.477249870000
0.286610800000 0.145324170000 -0.946961000000 5.293540850000
0.000000000000 0.000000000000 0.000000000000 1.000000000000
8 10 66
0.805644590000 -0.098310370000 0.584184790000 -1.508514670000
0.171045810000 0.982737070000 -0.070506600000 0.009080020000
-0.567168510000 0.156725620000 0.808552380000 1.238045110000
0.000000000000 0.000000000000 0.000000000000 1.000000000000
8 11 66
0.567431070000 0.008813620000 -0.823373730000 2.779693600000
-0.246964080000 0.955729920000 -0.159965810000 0.482650580000
0.785513030000 0.294113310000 0.544487500000 0.918270900000
0.000000000000 0.000000000000 0.000000000000 1.000000000000
8 12 66
0.540559250000 -0.724367390000 -0.427887360000 2.593102840000
-0.490533530000 0.141829180000 -0.859803080000 1.915731820000
0.683500230000 0.674667600000 -0.278659410000 2.496788140000
0.000000000000 0.000000000000 0.000000000000 1.000000000000
8 13 66
0.738993690000 0.582120920000 -0.339151230000 1.493341600000
-0.673611000000 0.647162680000 -0.356971540000 1.129142330000
0.011685420000 0.492255720000 0.870372200000 0.619422710000
0.000000000000 0.000000000000 0.000000000000 1.000000000000
8 14 66
0.629845400000 0.518276310000 -0.578519180000 2.136046290000
-0.753082450000 0.589834480000 -0.291482610000 -0.498375170000
0.190162030000 0.619261620000 0.761809320000 0.739583910000
0.000000000000 0.000000000000 0.000000000000 1.000000000000
8 15 66
-0.912253930000 0.396485120000 -0.102918950000 0.343314300000
-0.117562790000 -0.012737600000 0.992983760000 -2.813178010000
0.392392350000 0.917952780000 0.058231830000 2.849704890000
0.000000000000 0.000000000000 0.000000000000 1.000000000000
8 16 66
0.036971920000 0.334378570000 -0.941713360000 3.960400180000
-0.960244480000 -0.249042610000 -0.126128180000 -0.253005770000
-0.276701310000 0.908938260000 0.311877590000 1.104685730000
0.000000000000 0.000000000000 0.000000000000 1.000000000000
8 17 66
-0.844415280000 0.517997640000 -0.136533080000 0.353984750000
-0.090066910000 0.113960320000 0.989394260000 -3.129284870000
0.528063250000 0.847756740000 -0.049575390000 2.674523090000
0.000000000000 0.000000000000 0.000000000000 1.000000000000
8 18 66
-0.625057920000 0.748362250000 -0.221938140000 0.733086720000
0.274105850000 -0.055783680000 -0.960080290000 3.479402070000
-0.730868370000 -0.660940330000 -0.170262440000 3.061200130000
0.000000000000 0.000000000000 0.000000000000 1.000000000000
8 19 66
0.158402050000 0.599362420000 0.784648640000 -1.248150460000
0.971481700000 0.047402380000 -0.232328060000 0.397303460000
-0.176442920000 0.799073030000 -0.574760980000 4.183012800000
0.000000000000 0.000000000000 0.000000000000 1.000000000000
8 20 66
0.341907360000 -0.857888730000 0.383570450000 -0.026848070000
0.890529590000 0.426130940000 0.159277940000 -0.716763530000
-0.300093990000 0.287122540000 0.909672600000 0.250442840000
0.000000000000 0.000000000000 0.000000000000 1.000000000000
8 21 66
-0.750776180000 0.180104960000 0.635529180000 -1.598548070000
0.314476240000 0.943538930000 0.104110450000 0.154558790000
-0.580895710000 0.278022470000 -0.765025280000 4.775745540000
0.000000000000 0.000000000000 0.000000000000 1.000000000000
8 23 66
0.701498380000 0.532766670000 0.473349440000 -1.321022020000
-0.089051810000 -0.593456790000 0.799924260000 -1.204360920000
0.707085420000 -0.603298200000 -0.368865140000 4.585976140000
0.000000000000 0.000000000000 0.000000000000 1.000000000000
8 24 66
-0.631622200000 0.490222430000 0.600612490000 -1.507736030000
0.546354750000 0.831098980000 -0.103783350000 0.621126460000
-0.550045350000 0.262595620000 -0.792775920000 4.842852660000
0.000000000000 0.000000000000 0.000000000000 1.000000000000
8 25 66
0.203648500000 -0.167015520000 0.964693270000 -1.994434190000
-0.384068140000 -0.919987340000 -0.078198190000 0.988538390000
0.900565910000 -0.354583010000 -0.251499380000 3.056362200000
0.000000000000 0.000000000000 0.000000000000 1.000000000000
8 26 66
0.909010650000 -0.301043580000 0.288222830000 -0.795045500000
0.254479690000 0.948589840000 0.188195120000 -0.998266580000
-0.330060180000 -0.097724510000 0.938887740000 0.377703930000
0.000000000000 0.000000000000 0.000000000000 1.000000000000
8 27 66
0.871422720000 -0.487715920000 0.052494100000 0.135023850000
0.440608580000 0.825275150000 0.353249220000 -0.878394280000
-0.215607350000 -0.284700040000 0.934055330000 0.151782020000
0.000000000000 0.000000000000 0.000000000000 1.000000000000
8 28 66
-0.093857680000 -0.906967910000 0.410609230000 -0.474760960000
0.286170830000 -0.419601850000 -0.861417760000 2.219676030000
0.953570650000 0.036653710000 0.298930610000 1.224701270000
0.000000000000 0.000000000000 0.000000000000 1.000000000000
8 29 66
0.126847460000 -0.987318820000 0.095452990000 0.933820600000
0.804228420000 0.158696620000 0.572740810000 -1.047601250000
-0.580625850000 0.004115290000 0.814160110000 1.334817490000
0.000000000000 0.000000000000 0.000000000000 1.000000000000
8 31 66
-0.498812064000 -0.696821972000 -0.515388847000 1.508379350000
-0.300649743000 -0.418611841000 0.856956159000 -1.414717580000
-0.812893755000 0.582411595000 -0.000690710727 2.619767950000
0.000000000000 0.000000000000 0.000000000000 1.000000000000
8 32 66
-0.728339970000 -0.048442090000 0.683501460000 -0.466458810000
0.675109560000 -0.221419610000 0.703704790000 -2.231636220000
0.117251700000 0.973974700000 0.193972470000 2.767719520000
0.000000000000 0.000000000000 0.000000000000 1.000000000000
8 33 66
0.985797720000 0.016792280000 -0.167095420000 0.542554190000
0.103451280000 -0.844509910000 0.525452990000 -1.352397530000
-0.132290180000 -0.535276600000 -0.834253120000 5.553921530000
0.000000000000 0.000000000000 0.000000000000 1.000000000000
8 35 66
0.417061050000 -0.188830950000 -0.889046090000 2.804742930000
-0.224646130000 0.926411760000 -0.302151230000 0.627807090000
0.880678260000 0.325736280000 0.343950110000 1.939671840000
0.000000000000 0.000000000000 0.000000000000 1.000000000000
8 36 66
-0.396398680000 -0.068917180000 0.915488130000 -0.785228910000
0.537499460000 0.790991740000 0.292277950000 -0.643396300000
-0.744286510000 0.607932970000 -0.276505130000 3.389882980000
0.000000000000 0.000000000000 0.000000000000 1.000000000000
8 37 66
0.920525490000 0.079201710000 0.382570130000 -0.930898990000
-0.126524340000 0.986897430000 0.100125220000 0.271423440000
-0.369627390000 -0.140572250000 0.918485180000 0.798195950000
0.000000000000 0.000000000000 0.000000000000 1.000000000000
8 38 66
0.923654350000 -0.004686300000 -0.383197960000 1.231017920000
0.022743030000 0.998833140000 0.042604250000 0.154082640000
0.382551160000 -0.048066680000 0.922683150000 0.310017840000
0.000000000000 0.000000000000 0.000000000000 1.000000000000
8 39 66
0.928108290000 0.116689710000 -0.353551280000 1.635649440000
-0.030142560000 0.970047670000 0.241037240000 -0.410826540000
0.371088160000 -0.213051720000 0.903826610000 0.950429140000
0.000000000000 0.000000000000 0.000000000000 1.000000000000
8 40 66
0.830211240000 -0.166794340000 0.531910650000 -0.844737960000
-0.067714700000 -0.977296000000 -0.200766670000 0.504081690000
0.553320890000 0.130660580000 -0.822656550000 4.040242580000
0.000000000000 0.000000000000 0.000000000000 1.000000000000
8 41 66
-0.299194440000 0.935846140000 -0.186211390000 1.363370410000
0.941163030000 0.257295670000 -0.219114320000 0.543219870000
-0.157145910000 -0.240813070000 -0.957765230000 5.216753290000
0.000000000000 0.000000000000 0.000000000000 1.000000000000
8 42 66
0.840170960000 -0.396313550000 0.370200400000 -0.574561510000
-0.228781130000 0.359899980000 0.904506050000 -1.992414810000
-0.491703120000 -0.844634580000 0.211708440000 2.772540540000
0.000000000000 0.000000000000 0.000000000000 1.000000000000
8 43 66
-0.693183620000 -0.559006750000 -0.454981240000 1.489554440000
-0.144246240000 -0.510886680000 0.847459630000 -1.714722010000
-0.706179510000 0.653074460000 0.273503660000 1.400806800000
0.000000000000 0.000000000000 0.000000000000 1.000000000000
8 44 66
0.999956020000 0.003057350000 -0.008866290000 1.519073100000
-0.002111490000 0.994491920000 0.104792030000 -0.438485710000
0.009137840000 -0.104768700000 0.994454630000 0.174920940000
0.000000000000 0.000000000000 0.000000000000 1.000000000000
8 45 66
0.967851030000 -0.166129990000 -0.188852360000 1.419812490000
0.112843650000 0.957825030000 -0.264267910000 -0.055030130000
0.224790340000 0.234461170000 0.945778650000 0.096521580000
0.000000000000 0.000000000000 0.000000000000 1.000000000000
8 46 66
0.737856220000 0.618099190000 0.271148650000 -0.037601310000
-0.665433210000 0.598913160000 0.445535260000 -1.326747880000
0.112990490000 -0.509172280000 0.853215530000 0.497592360000
0.000000000000 0.000000000000 0.000000000000 1.000000000000
8 47 66
-0.612650120000 -0.635072060000 -0.470471370000 2.084440320000
-0.321986780000 -0.343074790000 0.882396850000 -1.898950240000
-0.721792450000 0.692086100000 0.005700000000 2.940072880000
0.000000000000 0.000000000000 0.000000000000 1.000000000000
8 48 66
0.721174360000 0.643689470000 -0.256069160000 2.122249850000
-0.690739210000 0.696317050000 -0.194992060000 0.664138600000
0.052790990000 0.317500280000 0.946787560000 0.866785020000
0.000000000000 0.000000000000 0.000000000000 1.000000000000
8 49 66
0.984529510000 -0.079133920000 -0.156331260000 0.604340770000
0.113250280000 0.968188420000 0.223126770000 0.223340470000
0.133701220000 -0.237379450000 0.962172010000 -0.218514100000
0.000000000000 0.000000000000 0.000000000000 1.000000000000
8 50 66
0.998596010000 -0.017208550000 0.050098640000 0.085817130000
0.019969250000 0.998279100000 -0.055136780000 -0.030008150000
-0.049063600000 0.056059800000 0.997221170000 0.048854110000
0.000000000000 0.000000000000 0.000000000000 1.000000000000
8 51 66
0.922668520000 -0.339241700000 0.183297220000 -0.925246420000
0.306216690000 0.933541760000 0.186362850000 -0.453867490000
-0.234337660000 -0.115822470000 0.965231070000 0.033090660000
0.000000000000 0.000000000000 0.000000000000 1.000000000000
8 52 66
0.760049000000 -0.389391350000 -0.520288280000 1.915494410000
0.238131000000 0.911799660000 -0.334536990000 0.594421670000
0.604664490000 0.130367740000 0.785738580000 -0.007311030000
0.000000000000 0.000000000000 0.000000000000 1.000000000000
8 53 66
0.797131560000 0.033718170000 -0.602863470000 2.652293430000
-0.193915590000 0.959844600000 -0.202719250000 0.492850580000
0.571819920000 0.278498530000 0.771660900000 0.370914940000
0.000000000000 0.000000000000 0.000000000000 1.000000000000
8 54 66
0.750549610000 0.626248180000 0.210922980000 -0.430070190000
0.625797850000 -0.571075210000 -0.531272200000 1.337606820000
-0.212255360000 0.530741290000 -0.820525040000 5.372274830000
0.000000000000 0.000000000000 0.000000000000 1.000000000000
8 56 66
0.965813420000 -0.234836770000 0.109800430000 0.474357510000
-0.259072860000 -0.859220820000 0.441158520000 -1.282163090000
-0.009257430000 -0.454523130000 -0.890686830000 5.096786080000
0.000000000000 0.000000000000 0.000000000000 1.000000000000
8 57 66
-0.628438550000 0.578512650000 -0.519988560000 2.256386930000
-0.530884670000 0.169603080000 0.830298900000 -2.401234170000
0.568530080000 0.797845790000 0.200538380000 2.292807210000
0.000000000000 0.000000000000 0.000000000000 1.000000000000
8 58 66
-0.545825340000 -0.808496420000 -0.220018740000 1.178022570000
0.274598160000 -0.420684530000 0.864650440000 -2.234777350000
-0.791625260000 0.411531380000 0.451631900000 1.419159220000
0.000000000000 0.000000000000 0.000000000000 1.000000000000
8 59 66
0.808835530000 -0.159491270000 -0.565992600000 1.892314050000
-0.172798290000 0.855553640000 -0.488025330000 1.140062360000
0.562072800000 0.492534780000 0.664442360000 0.806874360000
0.000000000000 0.000000000000 0.000000000000 1.000000000000
8 60 66
0.681982690000 0.623879990000 -0.381671810000 1.873978060000
-0.617092950000 0.770954580000 0.157560550000 -0.473389350000
0.392550500000 0.128073410000 0.910769620000 1.089599870000
0.000000000000 0.000000000000 0.000000000000 1.000000000000
8 61 66
0.375342340000 0.879391050000 0.292898450000 0.266543300000
-0.899239510000 0.268883300000 0.345065310000 -0.896507430000
0.224691840000 -0.392903480000 0.891706470000 1.422013960000
0.000000000000 0.000000000000 0.000000000000 1.000000000000
8 62 66
-0.938980270000 -0.343956660000 0.003140920000 0.402588130000
-0.037234610000 0.110717390000 0.993154190000 -1.926663540000
-0.341949750000 0.932435240000 -0.116768530000 2.337473040000
0.000000000000 0.000000000000 0.000000000000 1.000000000000
8 63 66
-0.943206300000 0.244795400000 0.224582010000 -0.376838540000
-0.327104040000 -0.566305720000 -0.756505640000 2.296498860000
-0.058007020000 -0.787002570000 0.614216690000 0.995569700000
0.000000000000 0.000000000000 0.000000000000 1.000000000000
8 64 66
0.265113970000 0.958991860000 -0.100245630000 1.391732540000
-0.029176940000 0.111897030000 0.993291380000 -2.436703540000
0.963775540000 -0.260410560000 0.057645910000 2.790637300000
0.000000000000 0.000000000000 0.000000000000 1.000000000000
8 65 66
-0.644633140000 0.653169080000 0.397263470000 -0.693066170000
-0.437649100000 0.110773130000 -0.892296240000 2.643850110000
-0.626826430000 -0.749065730000 0.214450830000 2.097975980000
0.000000000000 0.000000000000 0.000000000000 1.000000000000
9 11 66
0.961876774000 -0.038483034000 0.270762124000 0.147031754000
-0.004301925540 -0.992056803000 -0.125717116000 1.626603800000
0.273449383000 0.119759576000 -0.954401948000 5.453184480000
0.000000000000 0.000000000000 0.000000000000 1.000000000000
9 12 66
-0.979046130000 -0.045685380000 0.198447780000 -0.961041120000
-0.015381720000 0.988316430000 0.151637830000 -0.067852720000
-0.203056830000 0.145407960000 -0.968310100000 4.996221190000
0.000000000000 0.000000000000 0.000000000000 1.000000000000
9 13 66
0.424042530000 -0.292817300000 0.856998230000 -2.949292790000
0.147109130000 0.955990800000 0.253851310000 0.185983290000
-0.893614480000 0.018428510000 0.448456850000 1.982706380000
0.000000000000 0.000000000000 0.000000000000 1.000000000000
9 14 66
0.152163090000 -0.108934450000 0.982333790000 -2.455331110000
0.165015780000 0.982756740000 0.083420480000 -0.247531990000
-0.974482520000 0.149407060000 0.167515210000 1.813538710000
0.000000000000 0.000000000000 0.000000000000 1.000000000000
9 15 66
0.346516450000 0.355468920000 -0.868083060000 1.935733810000
0.111376340000 -0.934463150000 -0.338192140000 2.591716100000
-0.931408430000 0.020505230000 -0.363397680000 3.502234950000
0.000000000000 0.000000000000 0.000000000000 1.000000000000
9 16 66
0.808141420000 -0.506610670000 0.300421500000 -0.701408570000
-0.453523860000 -0.860679590000 -0.231401700000 1.060756760000
0.375797230000 0.050756980000 -0.925310850000 6.007002850000
0.000000000000 0.000000000000 0.000000000000 1.000000000000
9 17 66
0.891320730000 -0.373849930000 0.256483120000 -0.638935880000
-0.397782120000 -0.916286640000 0.046777940000 1.337474780000
0.217524130000 -0.143718540000 -0.965416090000 6.355687120000
0.000000000000 0.000000000000 0.000000000000 1.000000000000
9 18 66
0.875377870000 -0.282085820000 0.392608160000 -0.963122610000
0.095160220000 0.896768320000 0.432147100000 -0.594336900000
-0.473981130000 -0.340931330000 0.811854490000 0.579562830000
0.000000000000 0.000000000000 0.000000000000 1.000000000000
9 19 66
-0.952223640000 -0.141340360000 0.270726880000 -0.957697540000
0.146391460000 0.566743480000 0.810784420000 -1.521875300000
-0.268029250000 0.811680190000 -0.518975510000 4.562115630000
0.000000000000 0.000000000000 0.000000000000 1.000000000000
9 20 66
0.875861840000 -0.200976020000 -0.438719370000 1.102797380000
0.466080040000 0.587896010000 0.661171440000 -1.163570800000
0.125041760000 -0.783573170000 0.608586590000 1.142999190000
0.000000000000 0.000000000000 0.000000000000 1.000000000000
9 21 66
0.841282250000 -0.307644670000 0.444521020000 -0.942262090000
-0.432374810000 -0.876492450000 0.211690820000 0.467407780000
0.324493760000 -0.370291430000 -0.870395350000 5.448540430000
0.000000000000 0.000000000000 0.000000000000 1.000000000000
9 23 66
-0.949446240000 0.039680660000 -0.311411760000 0.804537080000
0.072636340000 0.992828620000 -0.094948890000 -0.038111670000
0.305410870000 -0.112768680000 -0.945519660000 5.783548340000
0.000000000000 0.000000000000 0.000000000000 1.000000000000
9 24 66
0.677894960000 0.167400310000 -0.715846050000 1.437494620000
-0.009229670000 0.975591060000 0.219401230000 -0.108459790000
0.735100840000 -0.142123960000 0.662893310000 0.757420990000
0.000000000000 0.000000000000 0.000000000000 1.000000000000
9 25 66
0.992994720000 0.059424360000 -0.102128480000 0.610589630000
-0.034140360000 0.971761690000 0.233481600000 0.031442870000
0.113119040000 -0.228359290000 0.966983000000 0.016824700000
0.000000000000 0.000000000000 0.000000000000 1.000000000000
9 26 66
0.250914880000 -0.950905690000 0.181163150000 -0.435717320000
0.965145960000 0.260136150000 0.028678380000 -0.116959970000
-0.074397520000 0.167653050000 0.983034820000 0.259264010000
0.000000000000 0.000000000000 0.000000000000 1.000000000000
9 27 66
0.934681040000 0.292260830000 0.202373330000 -0.259813380000
-0.335220960000 0.914100970000 0.228136630000 -0.286925250000
-0.118314260000 -0.281074770000 0.952364800000 0.329683830000
0.000000000000 0.000000000000 0.000000000000 1.000000000000
9 28 66
0.658942050000 -0.073351140000 0.748608700000 -1.665364080000
-0.748729790000 -0.159363910000 0.643433640000 -0.797223520000
0.072104620000 -0.984491110000 -0.159931760000 3.545785570000
0.000000000000 0.000000000000 0.000000000000 1.000000000000
9 29 66
-0.367233360000 0.826298000000 -0.427049490000 1.468408730000
0.883773490000 0.453115930000 0.116749190000 0.024857320000
0.289972550000 -0.334540820000 -0.896659550000 4.975393760000
0.000000000000 0.000000000000 0.000000000000 1.000000000000
9 30 66
-0.389929890000 0.894230840000 -0.219785990000 0.399194480000
0.303427290000 -0.100576730000 -0.947531640000 2.745176380000
-0.869417370000 -0.436159980000 -0.232116170000 3.619149170000
0.000000000000 0.000000000000 0.000000000000 1.000000000000
9 31 66
0.593306170000 -0.662836910000 0.456765810000 -0.773615500000
-0.285784940000 0.357020230000 0.889305080000 -0.632717820000
-0.752538870000 -0.658166990000 0.022393490000 2.671062560000
0.000000000000 0.000000000000 0.000000000000 1.000000000000
9 32 66
0.956052520000 -0.207600670000 0.207039920000 -1.268723560000
0.093452540000 0.885087160000 0.455946640000 -0.075276320000
-0.277903210000 -0.416560530000 0.865590630000 0.342517100000
0.000000000000 0.000000000000 0.000000000000 1.000000000000
9 33 66
0.982900430000 -0.102088630000 0.153247040000 -0.766128030000
0.113154390000 -0.321695960000 -0.940057330000 3.474767700000
0.145268120000 0.941323330000 -0.304643320000 4.113204840000
0.000000000000 0.000000000000 0.000000000000 1.000000000000
9 34 66
-0.893286300000 0.112100270000 0.435285100000 -0.596715060000
-0.167134420000 0.816129610000 -0.553171350000 1.654304550000
-0.417259720000 -0.566891510000 -0.710301590000 4.969735500000
0.000000000000 0.000000000000 0.000000000000 1.000000000000
9 35 66
0.933960660000 0.300708230000 -0.193111510000 -0.305743760000
0.195390550000 0.022783480000 0.980460830000 -0.915539200000
0.299232390000 -0.953444010000 -0.037476670000 3.362914720000
0.000000000000 0.000000000000 0.000000000000 1.000000000000
9 36 66
0.813745380000 -0.420249190000 0.401508490000 -1.387530920000
0.399158110000 -0.098063860000 -0.911622880000 2.862913430000
0.422482250000 0.902094290000 0.087946860000 2.750634150000
0.000000000000 0.000000000000 0.000000000000 1.000000000000
9 37 66
0.488207190000 -0.188748730000 0.852072570000 -2.239242400000
0.573497820000 0.805319640000 -0.150201640000 0.991947600000
-0.657840400000 0.561991280000 0.501409820000 1.933692840000
0.000000000000 0.000000000000 0.000000000000 1.000000000000
9 38 66
-0.826945280000 0.164061240000 0.537815400000 -0.598585720000
0.489514130000 0.680667900000 0.545038640000 -0.571236440000
-0.276653960000 0.713985380000 -0.643185410000 4.608522680000
0.000000000000 0.000000000000 0.000000000000 1.000000000000
9 39 66
0.561601940000 0.130111500000 -0.817113370000 1.823142930000
0.676184990000 0.496964530000 0.543875090000 -0.262651160000
0.476840760000 -0.857961100000 0.191116800000 2.326764870000
0.000000000000 0.000000000000 0.000000000000 1.000000000000
9 40 66
-0.985247720000 0.127366580000 -0.114300870000 -0.025281390000
-0.140362550000 -0.219319530000 0.965503650000 -1.142965190000
0.097904490000 0.967303830000 0.233961560000 2.371685780000
0.000000000000 0.000000000000 0.000000000000 1.000000000000
9 41 66
-0.657860070000 -0.752329390000 -0.034937420000 -0.151049990000
-0.245873010000 0.170688960000 0.954154990000 -1.155707230000
-0.711875400000 0.636290630000 -0.297266950000 3.666072060000
0.000000000000 0.000000000000 0.000000000000 1.000000000000
9 42 66
-0.678243840000 0.688174240000 -0.257684920000 0.501169230000
0.045644440000 0.389446310000 0.919917470000 -1.202468300000
0.733417950000 0.612166470000 -0.295550890000 3.446572810000
0.000000000000 0.000000000000 0.000000000000 1.000000000000
9 43 66
0.218166950000 -0.967879150000 0.124952550000 -0.175117690000
0.111727230000 0.151966190000 0.982050560000 -1.241976750000
-0.969494820000 -0.200290380000 0.141292460000 2.000728450000
0.000000000000 0.000000000000 0.000000000000 1.000000000000
9 44 66
0.912011700000 -0.146605720000 -0.383068420000 1.127013670000
0.245215650000 0.943542390000 0.222703910000 -0.036680770000
0.328791630000 -0.297042950000 0.896471720000 0.771763720000
0.000000000000 0.000000000000 0.000000000000 1.000000000000
9 45 66
-0.987535680000 -0.038569340000 -0.152596470000 0.064804970000
-0.149629440000 0.530828570000 0.834165480000 -1.865610470000
0.048829350000 0.846601110000 -0.529983270000 3.458486370000
0.000000000000 0.000000000000 0.000000000000 1.000000000000
9 46 66
0.840989590000 -0.249970610000 0.479844980000 -0.883365130000
0.194839500000 0.967293610000 0.162421180000 -0.101919730000
-0.504751500000 -0.043101770000 0.862188010000 1.086837240000
0.000000000000 0.000000000000 0.000000000000 1.000000000000
9 47 66
0.747317760000 -0.479197190000 0.460311010000 -1.354051000000
0.376737230000 0.876214140000 0.300529270000 0.221236100000
-0.547343790000 -0.051174570000 0.835341810000 1.173803770000
0.000000000000 0.000000000000 0.000000000000 1.000000000000
9 48 66
-0.293096520000 0.522541430000 -0.800652780000 2.057306350000
-0.429719810000 0.676078540000 0.598547140000 0.109708450000
0.854069850000 0.519488450000 0.026390140000 2.800776820000
0.000000000000 0.000000000000 0.000000000000 1.000000000000
9 49 66
0.544910800000 -0.562108800000 0.622178370000 -2.159066400000
-0.064304870000 0.711818600000 0.699413440000 -0.683023630000
-0.836024580000 -0.421127040000 0.351731310000 1.923209120000
0.000000000000 0.000000000000 0.000000000000 1.000000000000
9 50 66
-0.031297560000 -0.550546500000 0.834217610000 -2.448448680000
0.757645410000 0.531305060000 0.379062480000 -0.821640100000
-0.651915560000 0.643904870000 0.400490470000 1.851882730000
0.000000000000 0.000000000000 0.000000000000 1.000000000000
9 51 66
0.996875530000 0.015044310000 -0.077542610000 0.320540820000
-0.004817920000 0.991447680000 0.130415810000 0.046625180000
0.078841450000 -0.129634730000 0.988422410000 -0.075804350000
0.000000000000 0.000000000000 0.000000000000 1.000000000000
9 52 66
0.990565140000 -0.124747350000 0.056734580000 -0.220862440000
0.115026230000 0.981876610000 0.150623020000 0.022771910000
-0.074496180000 -0.142675950000 0.986961950000 0.166413960000
0.000000000000 0.000000000000 0.000000000000 1.000000000000
9 53 66
0.922436820000 -0.384807930000 -0.032143140000 -0.433020950000
0.265533220000 0.571672340000 0.776326510000 -1.640863710000
-0.280361250000 -0.724647220000 0.629510900000 1.079907740000
0.000000000000 0.000000000000 0.000000000000 1.000000000000
9 54 66
0.981421570000 -0.155984320000 -0.111716620000 0.388622640000
0.150043010000 0.986869300000 -0.059800340000 0.239071490000
0.119577620000 0.041927040000 0.991939170000 0.285878800000
0.000000000000 0.000000000000 0.000000000000 1.000000000000
9 55 66
0.976080260000 -0.042322450000 0.213251340000 -0.634262750000
0.061163480000 0.994709020000 -0.082540860000 0.154480400000
-0.208629700000 0.093609700000 0.973504430000 0.471953660000
0.000000000000 0.000000000000 0.000000000000 1.000000000000
9 56 66
-0.369814360000 0.655517720000 -0.658432890000 1.927396230000
0.759104560000 -0.195444140000 -0.620936270000 1.804867850000
-0.535721570000 -0.729450560000 -0.425328440000 4.318552580000
0.000000000000 0.000000000000 0.000000000000 1.000000000000
9 57 66
0.129468050000 -0.410476890000 0.902633230000 -2.528957750000
0.188695900000 0.903859280000 0.383969080000 -0.230064630000
-0.973463860000 0.120611460000 0.194476210000 2.424588200000
0.000000000000 0.000000000000 0.000000000000 1.000000000000
9 58 66
0.969268370000 -0.006115700000 -0.245929730000 0.063565570000
0.217563310000 0.487927800000 0.845335830000 -1.442120180000
0.114826130000 -0.872862570000 0.474263530000 0.827865650000
0.000000000000 0.000000000000 0.000000000000 1.000000000000
9 59 66
0.589120930000 0.322227610000 -0.741016800000 0.759277560000
-0.385060530000 0.918179720000 0.093136400000 0.483938600000
0.710397720000 0.230467720000 0.664996020000 1.601485470000
0.000000000000 0.000000000000 0.000000000000 1.000000000000
9 60 66
0.846039610000 -0.228206240000 0.481807930000 -1.294880040000
0.038766830000 -0.875024030000 -0.482524690000 1.781450540000
0.531708670000 0.426913170000 -0.731458160000 4.488256540000
0.000000000000 0.000000000000 0.000000000000 1.000000000000
9 61 66
-0.935802030000 0.297939240000 -0.188432420000 -0.024674210000
0.007492130000 0.551208650000 0.834333800000 -0.746914640000
0.352446360000 0.779359500000 -0.518054380000 3.631986010000
0.000000000000 0.000000000000 0.000000000000 1.000000000000
9 62 66
-0.824566760000 -0.149902230000 0.545544660000 -0.851849920000
0.562859550000 -0.314943510000 0.764198740000 -1.016443970000
0.057260660000 0.937197900000 0.344065850000 2.151217530000
0.000000000000 0.000000000000 0.000000000000 1.000000000000
9 63 66
0.596622230000 0.658341040000 -0.458943340000 1.267186100000
-0.035322910000 0.592864280000 0.804527340000 -1.441745380000
0.801744480000 -0.463787680000 0.376970530000 2.075833980000
0.000000000000 0.000000000000 0.000000000000 1.000000000000
9 64 66
0.316695860000 -0.944327840000 0.089155300000 -0.833286810000
0.726630810000 0.301950470000 0.617117150000 -0.593409740000
-0.609681390000 -0.130655460000 0.781804170000 0.621527010000
0.000000000000 0.000000000000 0.000000000000 1.000000000000
9 65 66
0.578261680000 0.776584510000 -0.250059840000 0.825024560000
0.799227510000 -0.477656410000 0.364800970000 -0.354423360000
0.163856100000 -0.410805130000 -0.896878100000 5.181878170000
0.000000000000 0.000000000000 0.000000000000 1.000000000000
10 12 66
-0.997348700000 0.067844100000 -0.026320260000 -0.054731940000
0.048532550000 0.889627090000 0.454101570000 -1.400451930000
0.054223330000 0.451620220000 -0.890561060000 4.832987560000
0.000000000000 0.000000000000 0.000000000000 1.000000000000
10 13 66
0.998798260000 -0.025181210000 0.042046980000 -0.768297400000
0.029049990000 0.995139650000 -0.094091360000 0.560426120000
-0.039473290000 0.095199750000 0.994675260000 0.249596900000
0.000000000000 0.000000000000 0.000000000000 1.000000000000
10 14 66
0.674633450000 -0.538351040000 -0.505022640000 2.171182640000
0.171453730000 0.779743570000 -0.602165750000 1.080190930000
0.717964710000 0.319653140000 0.618343390000 1.007681710000
0.000000000000 0.000000000000 0.000000000000 1.000000000000
10 15 66
0.998318847000 0.032309708800 -0.048120297700 0.920665628000
-0.032309827700 0.999477600000 0.000775563633 0.144667853000
0.048120218000 0.000780498737 0.998841246000 -0.346257161000
0.000000000000 0.000000000000 0.000000000000 1.000000000000
10 16 66
-0.681519430000 0.718170420000 0.140579200000 -0.554100990000
0.569572500000 0.641173420000 -0.514279890000 1.220724710000
-0.459476260000 -0.270421690000 -0.846022270000 5.553891480000
0.000000000000 0.000000000000 0.000000000000 1.000000000000
10 17 66
-0.396992890000 0.916800330000 -0.043287340000 -0.092306150000
-0.137736390000 -0.012880910000 0.990385160000 -3.051719540000
0.907427860000 0.399138110000 0.131390400000 3.119943080000
0.000000000000 0.000000000000 0.000000000000 1.000000000000
10 18 66
0.834102243000 0.138170776000 -0.534024610000 1.189665660000
-0.162710648000 0.986673163000 0.001146164940 -0.179532844000
0.527066118000 0.085935471700 0.845468155000 0.670422242000
0.000000000000 0.000000000000 0.000000000000 1.000000000000
10 19 66
0.856585670000 0.276393890000 -0.435737770000 1.698726500000
-0.418211620000 0.866514590000 -0.272491290000 0.613564570000
0.302258210000 0.415642730000 0.857835120000 0.422715920000
0.000000000000 0.000000000000 0.000000000000 1.000000000000
10 20 66
0.876009920000 0.442508660000 -0.191814260000 0.684798380000
0.364183470000 -0.346175730000 0.864599770000 -2.373830350000
0.316191450000 -0.827253560000 -0.464407710000 4.370612590000
0.000000000000 0.000000000000 0.000000000000 1.000000000000
10 21 66
0.996281726000 -0.009964462460 0.085577051400 -0.260986794000
-0.003387017790 -0.997051253000 -0.076663728800 0.538287375000
0.086088619100 0.076088821000 -0.993377693000 5.530617330000
0.000000000000 0.000000000000 0.000000000000 1.000000000000
10 22 66
-0.841091320000 0.421904890000 -0.338469580000 1.152897280000
0.012829870000 0.641146170000 0.767311530000 -2.242154590000
0.540740970000 0.641036550000 -0.544675450000 4.363113700000
0.000000000000 0.000000000000 0.000000000000 1.000000000000
10 23 66
0.858905190000 -0.453211960000 -0.238496970000 1.307323670000
0.134407600000 0.648849180000 -0.748952160000 1.457992190000
0.494182640000 0.611223090000 0.618215060000 0.165089470000
0.000000000000 0.000000000000 0.000000000000 1.000000000000
10 24 66
0.963240920000 -0.121093470000 0.239798450000 -0.856973590000
0.122480270000 0.992428600000 0.009168560000 -0.119516060000
-0.239093090000 0.020539050000 0.970779400000 0.080846560000
0.000000000000 0.000000000000 0.000000000000 1.000000000000
10 25 66
-0.986358460000 -0.158342290000 -0.044996780000 -0.219008830000
-0.018583650000 -0.164490740000 0.986203550000 -2.843935420000
-0.163559290000 0.973586420000 0.159304260000 2.400501100000
0.000000000000 0.000000000000 0.000000000000 1.000000000000
10 26 66
0.938200850000 -0.261449640000 0.226766950000 -0.051864100000
0.278824620000 0.959155390000 -0.047725970000 -0.420152460000
-0.205026810000 0.108004750000 0.972779000000 0.050389100000
0.000000000000 0.000000000000 0.000000000000 1.000000000000
10 27 66
0.998934720000 0.044179830000 -0.013325600000 -0.023053620000
-0.038156600000 0.953204480000 0.299908820000 -0.532302030000
0.025951940000 -0.299080870000 0.953874800000 0.066442830000
0.000000000000 0.000000000000 0.000000000000 1.000000000000
10 28 66
-0.495204388000 0.626065728000 -0.602340699000 1.457070840000
0.770986174000 -0.002878537260 -0.636845377000 1.919412060000
-0.400440925000 -0.779764976000 -0.481262556000 3.596572720000
0.000000000000 0.000000000000 0.000000000000 1.000000000000
10 29 66
0.875960540000 0.482364300000 0.004221410000 -0.065597060000
-0.410331770000 0.740493370000 0.532256900000 -0.580385950000
0.253615800000 -0.467968220000 0.846572370000 1.218570690000
0.000000000000 0.000000000000 0.000000000000 1.000000000000
10 30 66
-0.750019680000 0.460539730000 -0.474735340000 1.531692270000
-0.656643300000 -0.432400570000 0.617939580000 -0.779079730000
0.079309890000 0.775198620000 0.626719260000 1.536363480000
0.000000000000 0.000000000000 0.000000000000 1.000000000000
10 31 66
0.863482760000 -0.477916540000 0.161224410000 -1.112487090000
0.499830510000 0.853631980000 -0.146567050000 0.188082540000
-0.067579490000 0.207143000000 0.975973760000 0.708778740000
0.000000000000 0.000000000000 0.000000000000 1.000000000000
10 32 66
0.833231320000 -0.264187040000 0.485727060000 -1.337570880000
0.165790900000 0.957422140000 0.236339220000 -0.156837190000
-0.527483600000 -0.116396110000 0.841553920000 0.770972370000
0.000000000000 0.000000000000 0.000000000000 1.000000000000
10 33 66
0.486349960000 0.753230770000 -0.442839830000 1.558990160000
-0.702375390000 0.638493490000 0.314634520000 -0.657119570000
0.519742750000 0.158017310000 0.839582040000 0.743808960000
0.000000000000 0.000000000000 0.000000000000 1.000000000000
10 34 66
-0.769629970000 0.228566530000 0.596177020000 -1.219857690000
-0.401982900000 0.551987200000 -0.730561340000 1.730412260000
-0.496063960000 -0.801914880000 -0.332946060000 3.619515240000
0.000000000000 0.000000000000 0.000000000000 1.000000000000
10 35 66
-0.983225500000 0.177988020000 -0.039848250000 -0.037130340000
-0.080860190000 -0.621191060000 -0.779476300000 1.992414190000
-0.163490820000 -0.763178840000 0.625163030000 1.732862520000
0.000000000000 0.000000000000 0.000000000000 1.000000000000
10 36 66
0.953104460000 -0.044022270000 0.299422670000 -0.731506440000
0.188337920000 0.860719380000 -0.472959800000 1.044139050000
-0.236898130000 0.507172730000 0.828646540000 1.018878580000
0.000000000000 0.000000000000 0.000000000000 1.000000000000
10 37 66
0.818806910000 -0.463802670000 0.338293260000 -1.088032070000
0.467476970000 0.880731720000 0.076006090000 -0.228998130000
-0.333197430000 0.095909990000 0.937966280000 0.616192060000
0.000000000000 0.000000000000 0.000000000000 1.000000000000
10 38 66
0.922358560000 0.112716190000 -0.369526370000 0.625560140000
-0.066298250000 0.988483630000 0.136031840000 -0.282796500000
0.380603760000 -0.100971180000 0.919209220000 1.013217000000
0.000000000000 0.000000000000 0.000000000000 1.000000000000
10 39 66
0.884945980000 -0.108860000000 -0.452791470000 0.969687020000
-0.380502130000 -0.729593110000 -0.568253480000 1.879604790000
-0.268493470000 0.675161750000 -0.687071950000 4.246086840000
0.000000000000 0.000000000000 0.000000000000 1.000000000000
10 40 66
0.904068720000 -0.393807160000 -0.166059260000 0.654404030000
-0.402775990000 -0.655117760000 -0.639212190000 1.711428060000
0.142937960000 0.644776430000 -0.750887540000 4.574212110000
0.000000000000 0.000000000000 0.000000000000 1.000000000000
10 41 66
0.402473280000 0.754217840000 -0.518816650000 1.450908730000
-0.654533990000 0.633315810000 0.412912040000 -0.605098230000
0.640000410000 0.173397070000 0.748553900000 0.995380460000
0.000000000000 0.000000000000 0.000000000000 1.000000000000
10 42 66
-0.682444660000 0.347324770000 -0.643144460000 1.345758640000
-0.728891620000 -0.257591550000 0.634321360000 -1.493382180000
0.054646940000 0.901671840000 0.428954090000 1.705124790000
0.000000000000 0.000000000000 0.000000000000 1.000000000000
10 43 66
0.951897860000 -0.279287390000 -0.126051630000 0.570036080000
0.301666710000 0.782032530000 0.545364390000 -1.202515490000
-0.053736920000 -0.557156780000 0.828666800000 0.856720960000
0.000000000000 0.000000000000 0.000000000000 1.000000000000
10 44 66
0.867718640000 -0.329463890000 -0.372179940000 1.473720490000
0.487066500000 0.712951540000 0.504446550000 -0.924601080000
0.099149340000 -0.618994060000 0.779112160000 0.614634060000
0.000000000000 0.000000000000 0.000000000000 1.000000000000
10 45 66
0.733732970000 -0.575115560000 0.361770660000 -0.502273100000
0.607120050000 0.794008660000 0.030911120000 -0.574946130000
-0.305026500000 0.196957720000 0.931754520000 0.428434560000
0.000000000000 0.000000000000 0.000000000000 1.000000000000
10 46 66
0.995944280000 -0.088311870000 0.017204810000 0.085951760000
0.089258810000 0.993847060000 -0.065581190000 -0.152141570000
-0.011307350000 0.066850890000 0.997698900000 0.418283980000
0.000000000000 0.000000000000 0.000000000000 1.000000000000
10 47 66
0.918665430000 -0.311949430000 0.242366200000 -0.591030530000
0.245034360000 0.931219470000 0.269793350000 0.001540340000
-0.309858010000 -0.188461780000 0.931917470000 0.086767130000
0.000000000000 0.000000000000 0.000000000000 1.000000000000
10 48 66
-0.709786730000 0.020345240000 -0.704122770000 1.681459130000
-0.697768080000 -0.157317870000 0.698835310000 -1.477580580000
-0.096553120000 0.987338420000 0.125858400000 2.718289780000
0.000000000000 0.000000000000 0.000000000000 1.000000000000
10 49 66
-0.424073900000 0.424900490000 -0.799763030000 2.528579020000
-0.286718690000 0.774685000000 0.563609390000 -0.722283090000
0.859042330000 0.468319040000 -0.206696770000 3.035372940000
0.000000000000 0.000000000000 0.000000000000 1.000000000000
10 50 66
0.959216830000 -0.267539780000 0.091244420000 -0.314939110000
0.281812220000 0.930257560000 -0.234952640000 0.167955230000
-0.022021630000 0.251084310000 0.967714690000 0.188900890000
0.000000000000 0.000000000000 0.000000000000 1.000000000000
10 51 66
-0.988186890000 -0.094472540000 0.120671530000 -0.680469970000
-0.012432330000 0.834219210000 0.551292790000 -1.772123620000
-0.152748540000 0.543280080000 -0.825539000000 5.057699280000
0.000000000000 0.000000000000 0.000000000000 1.000000000000
10 52 66
0.991778150000 -0.006401360000 -0.127808920000 0.525027390000
0.019247040000 0.994848720000 0.099526770000 -0.309137840000
0.126513440000 -0.101168420000 0.986792430000 -0.317051160000
0.000000000000 0.000000000000 0.000000000000 1.000000000000
10 53 66
0.994418240000 -0.002628480000 -0.105477300000 0.369265420000
0.012334110000 0.995731450000 0.091469980000 -0.361168920000
0.104786640000 -0.092260390000 0.990205930000 -0.108134940000
0.000000000000 0.000000000000 0.000000000000 1.000000000000
10 54 66
0.996586110000 -0.042969180000 -0.070496670000 0.221136050000
0.030401280000 0.984882620000 -0.170534400000 -0.179324530000
0.076758670000 0.167809030000 0.982826660000 0.129250600000
0.000000000000 0.000000000000 0.000000000000 1.000000000000
10 55 66
0.929416520000 0.030074390000 -0.367804920000 0.129308750000
-0.084841430000 0.987390030000 -0.133652030000 -0.215631810000
0.359147410000 0.155423500000 0.920248160000 0.396343490000
0.000000000000 0.000000000000 0.000000000000 1.000000000000
10 56 66
0.941849530000 -0.202528470000 0.268144890000 -0.420663670000
-0.176174630000 -0.977114750000 -0.119202590000 0.417047020000
0.286150250000 0.065030580000 -0.955975450000 5.508392530000
0.000000000000 0.000000000000 0.000000000000 1.000000000000
10 57 66
-0.013672250000 -0.238770970000 0.970979660000 -2.148521440000
0.716577210000 0.674922620000 0.176058430000 -0.250302120000
-0.697373770000 0.698189010000 0.161870120000 2.033799880000
0.000000000000 0.000000000000 0.000000000000 1.000000000000
10 58 66
0.405732320000 0.460221170000 -0.789669400000 1.845027080000
-0.292145200000 0.883955450000 0.365067030000 -0.490260680000
0.866044150000 0.082578630000 0.493100710000 1.173136250000
0.000000000000 0.000000000000 0.000000000000 1.000000000000
10 59 66
0.976400730000 -0.134126380000 0.169268210000 -0.570485090000
0.110721350000 0.983815270000 0.140883950000 -0.125908020000
-0.185424900000 -0.118817590000 0.975448610000 0.500522510000
0.000000000000 0.000000000000 0.000000000000 1.000000000000
10 60 66
-0.933412540000 -0.258537600000 -0.248795780000 1.255237180000
-0.024601290000 -0.645654720000 0.763233100000 -1.186983910000
-0.357960620000 0.718532040000 0.596301850000 1.605171790000
0.000000000000 0.000000000000 0.000000000000 1.000000000000
10 61 66
0.951384400000 0.100628990000 -0.291103980000 0.854752720000
-0.032883470000 0.972907190000 0.228845530000 -0.446136030000
0.306245650000 -0.208147560000 0.928917760000 1.210067660000
0.000000000000 0.000000000000 0.000000000000 1.000000000000
10 62 66
0.411510900000 -0.892413930000 0.185084190000 0.114159700000
-0.861869630000 -0.447074180000 -0.239385500000 0.064831850000
0.296377320000 -0.061008700000 -0.953120360000 5.403811810000
0.000000000000 0.000000000000 0.000000000000 1.000000000000
10 63 66
0.933691060000 0.262180330000 -0.243890300000 0.932573640000
-0.099387330000 0.844092330000 0.526906340000 -0.952723210000
0.344010410000 -0.467728130000 0.814178870000 1.014913980000
0.000000000000 0.000000000000 0.000000000000 1.000000000000
10 64 66
0.707310330000 -0.552596760000 -0.440850220000 1.668946690000
0.349132120000 0.815345790000 -0.461863630000 1.399004570000
0.614669710000 0.172765950000 0.769631780000 1.110239710000
0.000000000000 0.000000000000 0.000000000000 1.000000000000
10 65 66
0.719331820000 0.182028540000 -0.670393420000 1.269766530000
0.098779640000 -0.982054170000 -0.160661710000 0.889931890000
-0.687607670000 0.049347860000 -0.724403530000 4.126592290000
0.000000000000 0.000000000000 0.000000000000 1.000000000000
11 13 66
-0.986381600000 0.147379490000 -0.073011190000 -0.097799740000
0.095051980000 0.873076460000 0.478228620000 -1.490987570000
0.134225440000 0.464776050000 -0.875195270000 5.356678650000
0.000000000000 0.000000000000 0.000000000000 1.000000000000
11 14 66
-0.845361920000 0.050009960000 0.531847940000 -1.578537430000
0.207531800000 0.948149750000 0.240712690000 -0.923479200000
-0.492233460000 0.313864710000 -0.811908350000 3.970771430000
0.000000000000 0.000000000000 0.000000000000 1.000000000000
11 15 66
0.887081550000 -0.205140270000 0.413526050000 -1.347881190000
0.132608220000 0.971316690000 0.197380220000 -0.884777510000
-0.442155390000 -0.120255400000 0.888840400000 0.100844420000
0.000000000000 0.000000000000 0.000000000000 1.000000000000
11 16 66
-0.451177670000 -0.267626350000 -0.851360580000 2.990158330000
0.570129660000 -0.820361760000 -0.044257800000 -0.064018290000
-0.686579110000 -0.505354050000 0.522710630000 1.016360180000
0.000000000000 0.000000000000 0.000000000000 1.000000000000
11 17 66
-0.307234670000 -0.594195480000 0.743329390000 -1.922472890000
0.410919910000 0.621698750000 0.666809940000 -1.621633070000
-0.858342410000 0.510315980000 0.053159340000 1.085859490000
0.000000000000 0.000000000000 0.000000000000 1.000000000000
11 18 66
-0.964719240000 0.217088990000 -0.148960250000 0.338167680000
0.153963430000 0.006219880000 -0.988056970000 3.291359280000
-0.213569780000 -0.976132000000 -0.039424200000 2.909432520000
0.000000000000 0.000000000000 0.000000000000 1.000000000000
11 19 66
-0.548002030000 -0.185162390000 0.815725850000 -2.166906600000
-0.162738100000 0.980158700000 0.113160230000 -0.446821950000
-0.820493800000 -0.070737640000 -0.567261940000 3.994384730000
0.000000000000 0.000000000000 0.000000000000 1.000000000000
11 20 66
0.989797700000 -0.141046040000 -0.020162720000 0.792401750000
0.141855590000 0.988776340000 0.046886410000 -0.406152980000
0.013323280000 -0.049268260000 0.998696720000 -0.131524260000
0.000000000000 0.000000000000 0.000000000000 1.000000000000
11 21 66
0.610441990000 -0.022752440000 -0.791734110000 2.314319970000
-0.695088810000 0.463862520000 -0.549256870000 1.017272570000
0.379752710000 0.885614980000 0.267346190000 1.982715240000
0.000000000000 0.000000000000 0.000000000000 1.000000000000
11 22 66
0.185542840000 0.023492170000 0.982355320000 -2.224319230000
-0.953056330000 0.247746370000 0.174084340000 -1.112370040000
-0.239285350000 -0.968540060000 0.068356930000 2.704103490000
0.000000000000 0.000000000000 0.000000000000 1.000000000000
11 23 66
-0.831719190000 0.552193070000 -0.057671390000 -0.270421870000
0.319777920000 0.391540730000 -0.862808170000 2.548725980000
-0.453856000000 -0.736056150000 -0.502231090000 4.924665640000
0.000000000000 0.000000000000 0.000000000000 1.000000000000
11 24 66
-0.970703274000 0.240263280000 0.002951431740 -0.183481107000
0.182545642000 0.745390456000 -0.641147531000 1.826234650000
-0.156244178000 -0.621825237000 -0.767411970000 5.141100200000
0.000000000000 0.000000000000 0.000000000000 1.000000000000
11 25 66
0.988767010000 0.140137390000 0.051974180000 0.207201090000
-0.124101730000 0.963539550000 -0.237044940000 0.743661230000
-0.083298040000 0.227932130000 0.970107410000 0.012515860000
0.000000000000 0.000000000000 0.000000000000 1.000000000000
11 26 66
-0.150440270000 0.987886060000 0.038063840000 -0.227036920000
0.092072160000 0.052335120000 -0.994376060000 3.482211390000
-0.984322330000 -0.146089580000 -0.098830110000 3.001357140000
0.000000000000 0.000000000000 0.000000000000 1.000000000000
11 27 66
-0.548057640000 -0.771697710000 0.322669280000 -0.676764800000
0.686848700000 -0.195049640000 0.700138910000 -2.106537720000
-0.477359060000 0.605341460000 0.636938020000 1.003867090000
0.000000000000 0.000000000000 0.000000000000 1.000000000000
11 28 66
0.606372130000 -0.435651010000 0.665222550000 -1.681802160000
0.353023320000 0.897091660000 0.265708660000 -0.273542440000
-0.712521840000 0.073720750000 0.697766350000 1.329211040000
0.000000000000 0.000000000000 0.000000000000 1.000000000000
11 29 66
0.697028690000 -0.037376930000 0.716068410000 -2.041628190000
0.603620980000 -0.508438970000 -0.614110350000 1.454165710000
0.387030650000 0.860286450000 -0.331835050000 3.480421830000
0.000000000000 0.000000000000 0.000000000000 1.000000000000
11 30 66
-0.866735230000 -0.476909070000 0.146040340000 -0.447330040000
0.075358730000 0.164225160000 0.983540120000 -1.799115520000
-0.493042700000 0.863474280000 -0.106400470000 3.194401980000
0.000000000000 0.000000000000 0.000000000000 1.000000000000
11 31 66
-0.932820240000 -0.148350750000 -0.328387670000 1.451808030000
-0.181896880000 -0.592834210000 0.784513300000 -1.480651310000
-0.311062580000 0.791542580000 0.526023210000 1.855814780000
0.000000000000 0.000000000000 0.000000000000 1.000000000000
11 32 66
0.065331900000 -0.641788420000 0.764093820000 -2.316153920000
-0.201980980000 -0.758384470000 -0.619723070000 1.816570830000
0.977207980000 -0.113844730000 -0.179175750000 2.589740990000
0.000000000000 0.000000000000 0.000000000000 1.000000000000
11 33 66
0.989529800000 -0.106005100000 -0.097947360000 0.591870180000
-0.073619610000 0.212998030000 -0.974275110000 3.331055570000
0.124140730000 0.971285110000 0.202963840000 2.661642410000
0.000000000000 0.000000000000 0.000000000000 1.000000000000
11 34 66
-0.555250190000 -0.395166280000 0.731806560000 -1.884257640000
0.124452440000 0.830524780000 0.542899790000 -0.881082940000
-0.822319170000 0.392520320000 -0.411969630000 3.387472160000
0.000000000000 0.000000000000 0.000000000000 1.000000000000
11 35 66
-0.973351030000 0.049737180000 0.223861550000 -0.556192510000
-0.196645660000 -0.683241940000 -0.703214720000 2.168179610000
0.117975680000 -0.728496170000 0.674814840000 1.490615210000
0.000000000000 0.000000000000 0.000000000000 1.000000000000
11 36 66
-0.877257300000 0.479664070000 0.018493600000 0.692291480000
0.464207170000 0.857535370000 -0.221686250000 0.633297210000
-0.122193850000 -0.185891010000 -0.974942660000 5.329210550000
0.000000000000 0.000000000000 0.000000000000 1.000000000000
11 37 66
-0.693246150000 0.648190140000 -0.315054480000 1.399643980000
0.689425730000 0.469059740000 -0.551973850000 1.600085150000
-0.210004630000 -0.599860410000 -0.772052810000 4.664893530000
0.000000000000 0.000000000000 0.000000000000 1.000000000000
11 38 66
-0.136794920000 0.546486790000 -0.826219910000 2.505919410000
0.984259660000 0.169194340000 -0.051050870000 -0.467067430000
0.111893110000 -0.820198430000 -0.561029830000 4.202265220000
0.000000000000 0.000000000000 0.000000000000 1.000000000000
11 39 66
0.823258440000 -0.554472170000 -0.121680560000 0.674824710000
-0.536195530000 -0.829922610000 0.154022140000 -0.082227580000
-0.186386430000 -0.061555450000 -0.980546290000 4.909795440000
0.000000000000 0.000000000000 0.000000000000 1.000000000000
11 40 66
0.911316170000 0.115455300000 0.395187190000 -0.284661670000
-0.294166380000 -0.488959090000 0.821209560000 -1.524351650000
0.288043370000 -0.864632340000 -0.411633260000 3.607175590000
0.000000000000 0.000000000000 0.000000000000 1.000000000000
11 41 66
-0.869930280000 0.465362740000 -0.163275340000 0.640137810000
0.478186360000 0.876924290000 -0.048390070000 0.354657430000
0.120661170000 -0.120172030000 -0.985393100000 4.971587940000
0.000000000000 0.000000000000 0.000000000000 1.000000000000
11 42 66
0.300377370000 0.901837950000 -0.310582910000 0.859442020000
0.935893720000 -0.341502940000 -0.086479380000 0.291931370000
-0.184055360000 -0.264696150000 -0.946604230000 5.326215760000
0.000000000000 0.000000000000 0.000000000000 1.000000000000
11 43 66
0.987033950000 -0.131717530000 -0.091730420000 0.626825110000
0.160498090000 0.802483670000 0.574682800000 -1.297195710000
-0.002083640000 -0.581953990000 0.813219040000 0.925055120000
0.000000000000 0.000000000000 0.000000000000 1.000000000000
11 44 66
0.968337450000 -0.176240880000 0.176809870000 0.226014700000
0.182063490000 0.983137440000 -0.017136430000 -0.027981120000
-0.170808270000 0.048784460000 0.984095830000 0.372326520000
0.000000000000 0.000000000000 0.000000000000 1.000000000000
11 45 66
0.993887810000 -0.081595440000 -0.074358600000 0.422258580000
0.068451320000 0.983951700000 -0.164783100000 -0.215193910000
0.086610820000 0.158685970000 0.983522920000 0.204385650000
0.000000000000 0.000000000000 0.000000000000 1.000000000000
11 46 66
-0.649295310000 0.729963040000 -0.213470280000 0.899229610000
0.563740140000 0.650342500000 0.509167640000 -1.272667060000
0.510502360000 0.210258390000 -0.833773800000 4.711323940000
0.000000000000 0.000000000000 0.000000000000 1.000000000000
11 47 66
-0.671715750000 0.735935460000 -0.084834870000 0.913116440000
0.661503930000 0.647412070000 0.378510450000 -0.752358870000
0.333482380000 0.198132830000 -0.921701080000 4.792133620000
0.000000000000 0.000000000000 0.000000000000 1.000000000000
11 48 66
0.845290120000 -0.357682330000 0.396923120000 -0.821149820000
0.131878340000 0.859557170000 0.493730260000 -0.171050670000
-0.517776710000 -0.364999750000 0.773745740000 0.427725710000
0.000000000000 0.000000000000 0.000000000000 1.000000000000
11 49 66
-0.783788410000 0.349229970000 -0.513531060000 1.778869180000
-0.381359570000 0.381971730000 0.841820930000 -1.787126200000
0.490143450000 0.855649470000 -0.166202830000 3.173870570000
0.000000000000 0.000000000000 0.000000000000 1.000000000000
11 50 66
0.910462270000 0.199744710000 0.362160880000 -0.998956130000
-0.189717490000 0.979786840000 -0.063443130000 0.216560700000
-0.367512890000 -0.010945680000 0.929954010000 0.405245830000
0.000000000000 0.000000000000 0.000000000000 1.000000000000
11 51 66
0.947849270000 -0.318652420000 0.006511690000 -0.396573320000
0.291333650000 0.857940830000 -0.423157470000 0.811654380000
0.129253510000 0.402986570000 0.906032760000 0.157383500000
0.000000000000 0.000000000000 0.000000000000 1.000000000000
11 52 66
0.823849098000 0.157257925000 -0.544557259000 1.951972020000
-0.187515525000 0.982261639000 -0.000029509887 0.140432971000
0.534893065000 0.102137252000 0.838723667000 0.015248141100
0.000000000000 0.000000000000 0.000000000000 1.000000000000
11 53 66
0.969245480000 0.015563510000 0.245603300000 -0.212259960000
-0.030502740000 0.997900090000 0.057140160000 -0.089737140000
-0.244198250000 -0.062874410000 0.967684880000 -0.360792920000
0.000000000000 0.000000000000 0.000000000000 1.000000000000
11 54 66
0.998735620000 0.036443020000 0.034627530000 -0.068155830000
-0.033164020000 0.995302140000 -0.090960380000 -0.150739370000
-0.037779720000 0.089696980000 0.995252300000 -0.038099670000
0.000000000000 0.000000000000 0.000000000000 1.000000000000
11 55 66
-0.877086650000 -0.115034700000 0.466353960000 -1.515397200000
-0.094067540000 -0.910961980000 -0.401621170000 2.185106460000
0.471031100000 -0.396125340000 0.788171570000 0.809009710000
0.000000000000 0.000000000000 0.000000000000 1.000000000000
11 56 66
-0.652925310000 0.647602160000 -0.392810370000 1.357950200000
-0.263462020000 0.292045130000 0.919400570000 -2.539454420000
0.710124150000 0.703790510000 -0.020065080000 3.159677970000
0.000000000000 0.000000000000 0.000000000000 1.000000000000
11 57 66
0.752274730000 -0.275863570000 0.598315980000 -2.025416150000
0.190665300000 0.960417380000 0.203089150000 -0.591345800000
-0.630657960000 -0.038700740000 0.775095340000 -0.034050820000
0.000000000000 0.000000000000 0.000000000000 1.000000000000
11 58 66
-0.878246260000 0.325968050000 -0.349897620000 0.958487790000
-0.361697060000 0.025841840000 0.931937470000 -2.555415160000
0.312823830000 0.945027530000 0.095206180000 2.734587230000
0.000000000000 0.000000000000 0.000000000000 1.000000000000
11 59 66
-0.488033080000 0.132339200000 0.862734050000 -1.003177470000
0.672069880000 -0.573697920000 0.468180270000 -1.923829190000
0.556907340000 0.808305030000 0.191042370000 2.264499840000
0.000000000000 0.000000000000 0.000000000000 1.000000000000
11 60 66
-0.282152200000 0.401474040000 0.871325850000 -0.734777730000
-0.891677020000 -0.444853430000 -0.083770660000 -0.179885370000
0.353980540000 -0.800577310000 0.483501550000 2.183681170000
0.000000000000 0.000000000000 0.000000000000 1.000000000000
11 61 66
0.839188990000 -0.118282370000 0.530821170000 0.234451410000
-0.054941160000 0.952628960000 0.299131300000 -0.492102290000
-0.541057580000 -0.280191620000 0.792937170000 0.980046680000
0.000000000000 0.000000000000 0.000000000000 1.000000000000
11 62 66
0.712358860000 -0.667773090000 0.215925810000 0.365471420000
0.696251450000 0.633766880000 -0.337006610000 1.336013270000
0.088197320000 0.390408300000 0.916407440000 0.598435090000
0.000000000000 0.000000000000 0.000000000000 1.000000000000
11 63 66
0.157027570000 0.925311890000 0.345166990000 0.033652370000
-0.831280630000 -0.064861820000 0.552055660000 -1.712739280000
0.533211830000 -0.373618600000 0.759008760000 1.048334150000
0.000000000000 0.000000000000 0.000000000000 1.000000000000
11 64 66
0.988534470000 -0.075840120000 0.130567510000 0.207355900000
0.053543310000 0.984583970000 0.166515810000 -0.134232270000
-0.141183250000 -0.157615600000 0.977355930000 0.527371230000
0.000000000000 0.000000000000 0.000000000000 1.000000000000
11 65 66
-0.592471940000 0.027319060000 0.805127740000 -1.674642640000
-0.352118270000 0.890116990000 -0.289317260000 0.896894630000
-0.724561750000 -0.454912540000 -0.517749790000 4.187256680000
0.000000000000 0.000000000000 0.000000000000 1.000000000000
12 14 66
-0.511597252000 0.068209044700 -0.856513735000 1.575192930000
0.003381930550 0.996996214000 0.077376427600 -0.653103416000
0.859218723000 0.036688897700 -0.510291202000 4.356046260000
0.000000000000 0.000000000000 0.000000000000 1.000000000000
12 15 66
0.825768790000 0.172858660000 -0.536866640000 1.494112220000
-0.010543720000 -0.946978840000 -0.321122890000 2.196180450000
-0.563910220000 0.270833830000 -0.780163000000 4.305710920000
0.000000000000 0.000000000000 0.000000000000 1.000000000000
12 17 66
0.839619790000 0.117322380000 -0.530352770000 2.209667400000
0.171124120000 -0.983807860000 0.053278720000 1.899982890000
-0.515514440000 -0.135490020000 -0.846101240000 3.963447410000
0.000000000000 0.000000000000 0.000000000000 1.000000000000
12 18 66
0.945896510000 0.250524260000 -0.206197440000 0.937580350000
-0.154734090000 0.906861310000 0.391994810000 -0.386733220000
0.285196690000 -0.338880750000 0.896561590000 0.299249710000
0.000000000000 0.000000000000 0.000000000000 1.000000000000
12 20 66
0.964446590000 -0.082967670000 0.250916590000 -0.405583470000
-0.084069280000 -0.996439710000 -0.006344540000 1.328460070000
0.250549650000 -0.014975400000 -0.967987920000 5.074630750000
0.000000000000 0.000000000000 0.000000000000 1.000000000000
12 21 66
0.831047460000 -0.275345880000 0.483264690000 -1.204845270000
-0.285190480000 -0.956904200000 -0.054779110000 1.102251420000
0.477521210000 -0.092298450000 -0.873758830000 4.912773580000
0.000000000000 0.000000000000 0.000000000000 1.000000000000
12 22 66
0.726684650000 0.221480260000 -0.650289110000 1.600981140000
-0.026186980000 -0.936984380000 -0.348388450000 2.403581320000
-0.686471900000 0.270197650000 -0.675092260000 4.181933050000
0.000000000000 0.000000000000 0.000000000000 1.000000000000
12 23 66
0.999884819000 -0.014605226600 0.004127597710 0.156022864000
-0.014900422000 -0.996354151000 0.084002284900 2.004032300000
0.002885676710 -0.084054112400 -0.996457013000 5.103857520000
0.000000000000 0.000000000000 0.000000000000 1.000000000000
12 24 66
-0.130180090000 0.320653660000 -0.938208060000 2.066453100000
0.041269880000 -0.943687900000 -0.328252880000 2.356602000000
-0.990631080000 -0.081451720000 0.109616040000 2.274958140000
0.000000000000 0.000000000000 0.000000000000 1.000000000000
12 25 66
-0.879046050000 -0.438618960000 0.186792510000 -0.713649280000
-0.154809840000 0.633208700000 0.758340730000 -1.104145560000
-0.450901260000 0.637699110000 -0.624522140000 3.859901490000
0.000000000000 0.000000000000 0.000000000000 1.000000000000
12 26 66
-0.389825940000 -0.867836480000 -0.308051260000 1.302623240000
0.182342560000 -0.400633570000 0.897910870000 -1.438010570000
-0.902655490000 0.293858090000 0.314420890000 1.398291480000
0.000000000000 0.000000000000 0.000000000000 1.000000000000
12 27 66
0.891854620000 0.001734320000 0.452318840000 -0.407853260000
-0.174951270000 0.923485930000 0.341417310000 -0.325688480000
-0.417117960000 -0.383628360000 0.823918620000 0.476109040000
0.000000000000 0.000000000000 0.000000000000 1.000000000000
12 28 66
-0.126347890000 0.519150930000 -0.845291970000 1.883305720000
-0.097561190000 -0.854492960000 -0.510219160000 2.265700760000
-0.987176790000 0.018002570000 0.158612370000 2.224836660000
0.000000000000 0.000000000000 0.000000000000 1.000000000000
12 29 66
-0.383174190000 -0.862988690000 0.329284180000 -0.999470480000
-0.280370220000 0.448339650000 0.848754440000 -0.822648270000
-0.880096630000 0.232899310000 -0.413748510000 3.425913810000
0.000000000000 0.000000000000 0.000000000000 1.000000000000
12 30 66
0.773866810000 -0.369481480000 0.514406070000 -1.579607650000
-0.087558310000 0.741989520000 0.664669160000 -0.015806010000
-0.627266860000 -0.559405930000 0.541849880000 1.308431970000
0.000000000000 0.000000000000 0.000000000000 1.000000000000
12 31 66
0.522169090000 0.837816810000 -0.159381410000 -0.393737150000
0.323219730000 -0.367352340000 -0.872113100000 2.517949770000
-0.789220150000 0.403875290000 -0.462618970000 3.383117320000
0.000000000000 0.000000000000 0.000000000000 1.000000000000
12 32 66
0.213693359000 0.517356329000 -0.828660109000 1.760015850000
-0.000798145113 0.848346290000 0.529441153000 -0.582656436000
0.976900461000 -0.112476668000 0.181698894000 1.399717500000
0.000000000000 0.000000000000 0.000000000000 1.000000000000
12 33 66
-0.974361870000 0.076429070000 -0.211607040000 0.276100090000
0.078326460000 -0.766462960000 -0.637494700000 2.643993640000
-0.210912090000 -0.637724960000 0.740825870000 0.376247110000
0.000000000000 0.000000000000 0.000000000000 1.000000000000
12 34 66
-0.499118440000 -0.835676920000 0.229183020000 -0.079491000000
0.520597910000 -0.077752740000 0.850254270000 -0.946292450000
-0.692718270000 0.543689790000 0.473859490000 1.464136790000
0.000000000000 0.000000000000 0.000000000000 1.000000000000
12 35 66
0.775199330000 0.196196870000 -0.600477130000 0.974487390000
-0.294714550000 0.953086470000 -0.069061650000 0.971609590000
0.558756960000 0.230505890000 0.796654070000 0.144945840000
0.000000000000 0.000000000000 0.000000000000 1.000000000000
12 36 66
0.883383650000 0.373560430000 -0.282994570000 0.009529950000
-0.074381120000 0.707952900000 0.702331930000 -0.623622640000
0.462710240000 -0.599379090000 0.653179870000 0.275331580000
0.000000000000 0.000000000000 0.000000000000 1.000000000000
12 37 66
0.090211100000 0.220173040000 -0.971280490000 2.393912470000
-0.291694500000 -0.926647360000 -0.237147610000 1.741050280000
-0.952248010000 0.304710530000 -0.019370610000 3.078159800000
0.000000000000 0.000000000000 0.000000000000 1.000000000000
12 38 66
0.214745080000 -0.939825890000 0.265728900000 -1.357470310000
-0.137479500000 0.240279490000 0.960918910000 -1.260114670000
-0.966945680000 -0.242884880000 -0.077607950000 2.902485940000
0.000000000000 0.000000000000 0.000000000000 1.000000000000
12 39 66
-0.666290430000 0.313062600000 0.676793080000 -1.216035530000
-0.745309540000 -0.250506040000 -0.617867640000 2.594973460000
-0.023890490000 -0.916099630000 0.400238320000 2.057806930000
0.000000000000 0.000000000000 0.000000000000 1.000000000000
12 40 66
0.956058000000 -0.291573230000 -0.030629370000 -0.333703220000
0.133259280000 0.339125270000 0.931255070000 -1.115378420000
-0.261141850000 -0.894415510000 0.363078270000 1.501115350000
0.000000000000 0.000000000000 0.000000000000 1.000000000000
12 41 66
0.983057140000 -0.146418400000 0.110273790000 0.427198390000
-0.017385040000 0.524414820000 0.851285410000 -0.847707550000
-0.182473060000 -0.838779320000 0.512984240000 1.333064710000
0.000000000000 0.000000000000 0.000000000000 1.000000000000
12 42 66
0.913489630000 -0.229747550000 0.335786780000 -0.717650660000
-0.119241160000 -0.940246190000 -0.318933620000 2.706983870000
0.388996460000 0.251302950000 -0.886300500000 3.531179630000
0.000000000000 0.000000000000 0.000000000000 1.000000000000
12 43 66
0.997968150000 0.059832250000 -0.021901600000 0.424716420000
-0.010211820000 0.489501930000 0.871942420000 -1.342370390000
0.062891150000 -0.869947110000 0.489118330000 1.623800040000
0.000000000000 0.000000000000 0.000000000000 1.000000000000
12 44 66
-0.249692780000 -0.949938660000 -0.187803250000 -0.377523320000
-0.563190660000 0.300235880000 -0.769853690000 3.298718910000
0.787699060000 -0.086457870000 -0.609963310000 4.110775440000
0.000000000000 0.000000000000 0.000000000000 1.000000000000
12 45 66
-0.138341660000 0.152958730000 -0.978501510000 2.075466570000
-0.291630920000 -0.950488130000 -0.107348580000 2.385518550000
-0.946473980000 0.270510520000 0.176099600000 1.651149690000
0.000000000000 0.000000000000 0.000000000000 1.000000000000
12 46 66
-0.631006470000 0.769962280000 -0.094809950000 -0.037941300000
-0.310033110000 -0.362315180000 -0.878980760000 3.710218900000
-0.711133120000 -0.525248320000 0.467337020000 1.406266880000
0.000000000000 0.000000000000 0.000000000000 1.000000000000
12 47 66
0.132983330000 -0.210173380000 0.968577610000 -2.360806410000
-0.019481460000 -0.977622840000 -0.209461360000 1.556623640000
0.990926790000 0.008985560000 -0.134102030000 2.509822520000
0.000000000000 0.000000000000 0.000000000000 1.000000000000
12 48 66
-0.771934110000 0.419310160000 -0.477804060000 1.592301540000
-0.016860560000 0.737846810000 0.674757590000 -0.528123970000
0.635478920000 0.528924440000 -0.562499320000 3.914980590000
0.000000000000 0.000000000000 0.000000000000 1.000000000000
12 49 66
0.998822270000 -0.042004010000 -0.024284500000 -0.686939220000
-0.048294700000 -0.812662050000 -0.580730580000 2.238423930000
0.004657920000 0.581219450000 -0.813733530000 4.453271810000
0.000000000000 0.000000000000 0.000000000000 1.000000000000
12 50 66
0.721596148000 0.659673465000 -0.210071225000 0.107796350000
-0.157417562000 -0.139145414000 -0.977680042000 4.201922800000
-0.674180028000 0.738559052000 0.003437393530 2.762259880000
0.000000000000 0.000000000000 0.000000000000 1.000000000000
12 51 66
0.952143630000 0.167132010000 -0.255908950000 0.989959860000
-0.086815250000 0.950654710000 0.297856920000 -0.759519980000
0.293062470000 -0.261385770000 0.919669430000 -0.292777330000
0.000000000000 0.000000000000 0.000000000000 1.000000000000
12 52 66
0.504883540000 -0.336533990000 0.794882060000 -1.488821640000
-0.147237670000 -0.940948870000 -0.304854540000 2.219694260000
0.850537290000 0.036879450000 -0.524620080000 4.651760750000
0.000000000000 0.000000000000 0.000000000000 1.000000000000
12 53 66
-0.516445750000 0.199851560000 -0.832672290000 1.968657110000
-0.065123520000 -0.978734920000 -0.194517030000 2.040430080000
-0.853839980000 -0.046230940000 0.518478530000 0.568522670000
0.000000000000 0.000000000000 0.000000000000 1.000000000000
12 54 66
0.819879890000 -0.570206510000 0.051589770000 -0.565322530000
-0.371507350000 -0.461278240000 0.805732380000 -0.879439100000
-0.435636610000 -0.679769750000 -0.590028660000 4.341727900000
0.000000000000 0.000000000000 0.000000000000 1.000000000000
12 55 66
0.965752930000 -0.161624610000 -0.202974790000 0.795632190000
0.174847280000 0.983381700000 0.048875940000 0.410792200000
0.191702140000 -0.082691670000 0.977963380000 -0.233525430000
0.000000000000 0.000000000000 0.000000000000 1.000000000000
12 56 66
0.733423260000 0.243064740000 -0.634830570000 0.671747380000
0.056410800000 0.908903330000 0.413173770000 0.064210340000
0.677427590000 -0.338842560000 0.652899370000 0.604360190000
0.000000000000 0.000000000000 0.000000000000 1.000000000000
12 57 66
-0.342113150000 -0.348371000000 0.872694810000 -2.357051760000
0.050901280000 0.920501560000 0.387409260000 -0.555461040000
-0.938279090000 0.176959080000 -0.297183160000 2.835242850000
0.000000000000 0.000000000000 0.000000000000 1.000000000000
12 58 66
0.607025960000 -0.087069470000 0.789897710000 -2.205563260000
0.290339760000 -0.900965460000 -0.322434600000 1.791140930000
0.739744760000 0.425064880000 -0.521629690000 3.643077780000
0.000000000000 0.000000000000 0.000000000000 1.000000000000
12 59 66
0.240963660000 -0.473730490000 0.847063120000 -1.732569110000
-0.030079360000 -0.876006350000 -0.481360690000 2.228355400000
0.970067910000 0.090511320000 -0.225335200000 2.673095810000
0.000000000000 0.000000000000 0.000000000000 1.000000000000
12 60 66
-0.710724200000 -0.589332840000 -0.384132680000 -0.022502590000
0.135962820000 0.420680210000 -0.896962810000 2.811373730000
0.690206650000 -0.689720940000 -0.218860250000 2.611393270000
0.000000000000 0.000000000000 0.000000000000 1.000000000000
12 61 66
-0.795678180000 -0.599910910000 -0.083684690000 -0.443636530000
-0.130438970000 0.304618550000 -0.943500510000 2.915592650000
0.591508160000 -0.739807030000 -0.320630100000 2.950294090000
0.000000000000 0.000000000000 0.000000000000 1.000000000000
12 62 66
-0.193699900000 -0.872615210000 0.448355930000 -1.093913560000
0.574339770000 0.269648110000 0.772931900000 -0.738744030000
-0.795370470000 0.407225470000 0.448946810000 0.942054360000
0.000000000000 0.000000000000 0.000000000000 1.000000000000
12 63 66
0.749981300000 -0.606930010000 -0.262990530000 0.294498460000
0.606182140000 0.471534450000 0.640467400000 -0.679006880000
-0.264709790000 -0.639758730000 0.721552140000 0.352061720000
0.000000000000 0.000000000000 0.000000000000 1.000000000000
12 64 66
-0.100202720000 -0.266645060000 0.958571760000 -1.979314460000
0.057487080000 0.960259640000 0.273123900000 0.449137310000
-0.993304910000 0.082473250000 -0.080891980000 2.672014810000
0.000000000000 0.000000000000 0.000000000000 1.000000000000
12 65 66
0.951665460000 -0.007170870000 -0.307052800000 0.528153040000
-0.130207110000 -0.914863430000 -0.382192380000 2.218674960000
-0.278170730000 0.403699740000 -0.871577630000 4.179123520000
0.000000000000 0.000000000000 0.000000000000 1.000000000000
13 15 66
0.998139770000 -0.018421590000 0.058117530000 0.529281110000
-0.011257710000 -0.992556190000 -0.121266160000 1.015486590000
0.059918830000 0.120386310000 -0.990917190000 5.566279110000
0.000000000000 0.000000000000 0.000000000000 1.000000000000
13 18 66
0.976425510000 -0.042087860000 -0.211711690000 0.688688810000
-0.062451160000 -0.993942400000 -0.090434300000 1.045569680000
-0.206623040000 0.101524000000 -0.973139150000 5.700986190000
0.000000000000 0.000000000000 0.000000000000 1.000000000000
13 19 66
0.468389080000 -0.352854780000 0.810003190000 -1.642683970000
-0.257305320000 -0.931526960000 -0.257004840000 1.519700860000
0.845225200000 -0.088039870000 -0.527108480000 4.613344080000
0.000000000000 0.000000000000 0.000000000000 1.000000000000
13 20 66
0.956762780000 -0.264167450000 0.121739660000 -0.123424140000
-0.098656610000 -0.688450050000 -0.718542560000 2.685301380000
0.273627230000 0.675464350000 -0.684745250000 4.431900790000
0.000000000000 0.000000000000 0.000000000000 1.000000000000
13 21 66
-0.534201340000 0.475602010000 -0.698878860000 1.504305180000
0.270877730000 0.879437950000 0.391425790000 -0.859510930000
0.800783490000 0.019789460000 -0.598626920000 4.254799200000
0.000000000000 0.000000000000 0.000000000000 1.000000000000
13 22 66
-0.982592800000 -0.025122460000 0.184065870000 -0.187056860000
-0.059620040000 -0.895757790000 -0.440526300000 2.044777000000
0.175945540000 -0.443831990000 0.878667360000 0.312894560000
0.000000000000 0.000000000000 0.000000000000 1.000000000000
13 23 66
-0.199530950000 -0.019654350000 -0.979694390000 3.275622810000
0.190321020000 -0.981536660000 -0.019070710000 1.714890790000
-0.961231140000 -0.190261640000 0.199587580000 2.022416230000
0.000000000000 0.000000000000 0.000000000000 1.000000000000
13 24 66
-0.964448290000 -0.178314500000 0.195047280000 -0.609312850000
0.071825470000 -0.887139240000 -0.455878340000 2.135941000000
0.254323820000 -0.425661720000 0.868407450000 0.598961630000
0.000000000000 0.000000000000 0.000000000000 1.000000000000
13 25 66
0.910870700000 0.059383280000 0.408397100000 -1.124292960000
-0.410429080000 0.233835110000 0.881401790000 -2.241470600000
-0.043157060000 -0.970461110000 0.237366180000 1.528021530000
0.000000000000 0.000000000000 0.000000000000 1.000000000000
13 26 66
-0.047091930000 -0.996132430000 -0.074179020000 -0.226766980000
-0.389049430000 0.086688090000 -0.917129060000 3.532745120000
0.920012440000 -0.014330070000 -0.391627060000 3.224076590000
0.000000000000 0.000000000000 0.000000000000 1.000000000000
13 27 66
0.287990410000 -0.956333860000 -0.049870580000 -0.101519040000
-0.385329300000 -0.068048320000 -0.920266670000 3.282352110000
0.876688570000 0.284244570000 -0.388100720000 3.861871470000
0.000000000000 0.000000000000 0.000000000000 1.000000000000
13 28 66
0.810862720000 -0.497722180000 0.307854330000 -1.193979430000
0.057775370000 -0.455385320000 -0.888417820000 2.719440520000
0.582377590000 0.738171280000 -0.340498890000 4.018569750000
0.000000000000 0.000000000000 0.000000000000 1.000000000000
13 29 66
0.878449670000 0.268739000000 0.395101930000 0.107540770000
-0.469411480000 0.639910700000 0.608413630000 -1.100737860000
-0.089325480000 -0.719926140000 0.688278520000 1.554872700000
0.000000000000 0.000000000000 0.000000000000 1.000000000000
13 30 66
0.269699110000 -0.958990400000 0.087176810000 -0.393081780000
0.056189770000 -0.074704370000 -0.995621400000 2.269085680000
0.961303850000 0.273416650000 0.033737750000 2.077043000000
0.000000000000 0.000000000000 0.000000000000 1.000000000000
13 31 66
0.424671130000 -0.495364530000 0.757805000000 -2.335563280000
-0.424960200000 0.630024730000 0.649982820000 -0.568529540000
-0.799414320000 -0.598065900000 0.057043100000 2.547171730000
0.000000000000 0.000000000000 0.000000000000 1.000000000000
13 32 66
0.352695000000 -0.389175390000 0.850969300000 -2.390856780000
-0.518373790000 0.675854480000 0.523936380000 -0.518744630000
-0.779034560000 -0.625909930000 0.036632180000 2.653642480000
0.000000000000 0.000000000000 0.000000000000 1.000000000000
13 33 66
0.904075900000 0.141057510000 0.403422300000 -1.018481570000
-0.392088140000 0.649339190000 0.651632960000 -1.202361270000
-0.170040190000 -0.747302750000 0.642358880000 0.503358200000
0.000000000000 0.000000000000 0.000000000000 1.000000000000
13 34 66
0.656064420000 0.671997060000 -0.343510450000 0.728288750000
-0.022576320000 0.472429750000 0.881079130000 -1.565223910000
0.754367140000 -0.570289470000 0.325115570000 1.930953960000
0.000000000000 0.000000000000 0.000000000000 1.000000000000
13 35 66
0.899668530000 0.435227580000 -0.034256200000 0.397328030000
-0.223305740000 0.526182910000 0.820527930000 -1.623469050000
0.375141410000 -0.730553550000 0.570579030000 1.810176610000
0.000000000000 0.000000000000 0.000000000000 1.000000000000
13 36 66
-0.243707370000 -0.396662200000 0.885023060000 -1.599487780000
-0.338885450000 -0.820187690000 -0.460921700000 1.880395280000
0.908715230000 -0.412251450000 0.065462740000 1.748796660000
0.000000000000 0.000000000000 0.000000000000 1.000000000000
13 37 66
-0.258143760000 0.485671800000 -0.835155500000 1.731791000000
0.568009660000 0.775560920000 0.275445620000 -0.230940460000
0.781490130000 -0.403271830000 -0.476072480000 3.480896050000
0.000000000000 0.000000000000 0.000000000000 1.000000000000
13 38 66
-0.568225150000 0.387638370000 -0.725848930000 2.180221810000
-0.117549470000 0.834805590000 0.537849180000 -1.316938050000
0.814433730000 0.390942590000 -0.428790850000 3.232793460000
0.000000000000 0.000000000000 0.000000000000 1.000000000000
13 39 66
-0.452795370000 -0.430311810000 0.780902100000 -1.148767400000
0.677472220000 0.403355680000 0.615089900000 -1.201356050000
-0.579661750000 0.807549340000 0.108886710000 2.206761480000
0.000000000000 0.000000000000 0.000000000000 1.000000000000
13 40 66
-0.913522070000 -0.396686700000 0.090094870000 -0.050378770000
-0.078521850000 -0.045356300000 -0.995880080000 2.302946910000
0.399138750000 -0.916832850000 0.010285400000 2.863902990000
0.000000000000 0.000000000000 0.000000000000 1.000000000000
13 41 66
0.958762930000 -0.172675940000 -0.225735820000 0.379183220000
-0.261643750000 -0.226122320000 -0.938302320000 2.633251760000
0.110978330000 0.958671850000 -0.261977280000 3.417576060000
0.000000000000 0.000000000000 0.000000000000 1.000000000000
13 42 66
-0.669476940000 0.310420700000 -0.674862670000 1.125638010000
0.423598770000 -0.586770890000 -0.690118840000 2.509783790000
-0.610216940000 -0.747889640000 0.261335750000 2.109093610000
0.000000000000 0.000000000000 0.000000000000 1.000000000000
13 43 66
0.712838640000 -0.480264970000 0.511083780000 -1.091006720000
-0.269552180000 0.485145200000 0.831850800000 -1.632934020000
-0.647458640000 -0.730739140000 0.216373780000 2.011071670000
0.000000000000 0.000000000000 0.000000000000 1.000000000000
13 44 66
-0.790528910000 -0.031671830000 0.611605210000 -1.417294350000
0.605845670000 0.105545340000 0.788550070000 -2.000658360000
-0.089526900000 0.993909990000 -0.064248410000 2.619458710000
0.000000000000 0.000000000000 0.000000000000 1.000000000000
13 45 66
0.632440230000 0.042371590000 -0.773449420000 2.109156030000
-0.591596580000 -0.618141400000 -0.517604770000 2.411258090000
-0.500032840000 0.784924110000 -0.365870600000 3.562060170000
0.000000000000 0.000000000000 0.000000000000 1.000000000000
13 46 66
0.622702370000 0.543306230000 -0.563080890000 1.036158830000
-0.195685040000 0.804895550000 0.560223640000 -1.424349880000
0.757594300000 -0.238666080000 0.607527270000 0.907567310000
0.000000000000 0.000000000000 0.000000000000 1.000000000000
13 47 66
-0.877872730000 -0.477582690000 -0.035415340000 -0.082209640000
0.331354120000 -0.552358380000 -0.764921350000 2.406835300000
0.345751230000 -0.683238610000 0.643149350000 0.400564380000
0.000000000000 0.000000000000 0.000000000000 1.000000000000
13 48 66
-0.651660910000 -0.435681470000 0.620902340000 -1.369351330000
0.227275470000 0.668815430000 0.707835990000 -1.246244850000
-0.723660090000 0.602384910000 -0.336821160000 3.681169150000
0.000000000000 0.000000000000 0.000000000000 1.000000000000
13 49 66
0.881665340000 -0.407867070000 0.237298740000 -0.994957530000
-0.271750050000 -0.849992170000 -0.451292830000 1.532133880000
0.385769550000 0.333403300000 -0.860246530000 4.511763680000
0.000000000000 0.000000000000 0.000000000000 1.000000000000
13 51 66
0.710368680000 -0.319870730000 -0.626944220000 1.495625490000
-0.503930970000 -0.853005180000 -0.135778260000 1.640908470000
-0.491355170000 0.412389230000 -0.767140930000 4.782274810000
0.000000000000 0.000000000000 0.000000000000 1.000000000000
13 52 66
0.256446960000 0.294217120000 -0.920690630000 3.068221100000
-0.201134450000 0.947937250000 0.246900580000 -1.162036030000
0.945399330000 0.121865700000 0.302272830000 1.768683520000
0.000000000000 0.000000000000 0.000000000000 1.000000000000
13 53 66
0.967652730000 -0.179074550000 -0.177709050000 0.111273550000
-0.247776440000 -0.541983560000 -0.803032160000 3.027090970000
0.047487240000 0.821088380000 -0.568822320000 4.108261660000
0.000000000000 0.000000000000 0.000000000000 1.000000000000
13 54 66
-0.695867750000 -0.528682380000 0.486068940000 -0.550983680000
-0.677931200000 0.260193000000 -0.687538280000 3.282560930000
0.237017630000 -0.807957020000 -0.539470200000 3.280746090000
0.000000000000 0.000000000000 0.000000000000 1.000000000000
13 55 66
0.997478160000 -0.062289600000 -0.034019470000 -0.022660660000
-0.060223440000 -0.996456780000 0.058711390000 1.149042070000
-0.037556040000 -0.056514560000 -0.997695170000 5.304310210000
0.000000000000 0.000000000000 0.000000000000 1.000000000000
13 56 66
0.789465500000 -0.276755120000 0.547860230000 -1.676366180000
0.153852750000 0.953308800000 0.259868560000 -0.013322650000
-0.594199930000 -0.120867460000 0.795183940000 0.191162100000
0.000000000000 0.000000000000 0.000000000000 1.000000000000
13 57 66
-0.063814780000 -0.338129970000 0.938933330000 -1.663848450000
0.290305310000 0.893873240000 0.341633520000 -0.919955210000
-0.954803910000 0.294378600000 0.041118600000 1.967318340000
0.000000000000 0.000000000000 0.000000000000 1.000000000000
13 58 66
-0.044617530000 -0.913153880000 0.405165730000 -1.506903340000
-0.640246630000 0.337467640000 0.690072350000 -1.724931070000
-0.766872560000 -0.228616670000 -0.599700670000 3.434564780000
0.000000000000 0.000000000000 0.000000000000 1.000000000000
13 59 66
0.518270890000 -0.845130010000 0.130960080000 0.208099570000
0.185081250000 -0.038663450000 -0.981962360000 2.590922710000
0.834949230000 0.533160760000 0.136379580000 2.113841810000
0.000000000000 0.000000000000 0.000000000000 1.000000000000
13 60 66
0.345878290000 -0.938249800000 -0.007450820000 0.518145100000
-0.099962820000 -0.044743910000 0.993984620000 -1.770278990000
-0.932939250000 -0.343052900000 -0.109266050000 2.400719340000
0.000000000000 0.000000000000 0.000000000000 1.000000000000
13 61 66
-0.530671860000 -0.786888360000 -0.314950930000 0.340906280000
-0.309307500000 0.525754950000 -0.792408100000 2.094233530000
0.789123720000 -0.323091990000 -0.522393830000 3.912356230000
0.000000000000 0.000000000000 0.000000000000 1.000000000000
13 62 66
0.723526990000 -0.669541980000 -0.167994750000 1.088786840000
-0.526526850000 -0.377899620000 -0.761551940000 1.961724740000
0.446405840000 0.639457130000 -0.625952400000 4.442268510000
0.000000000000 0.000000000000 0.000000000000 1.000000000000
13 63 66
0.838685200000 0.518158820000 -0.167685920000 0.275217810000
-0.381456270000 0.778646340000 0.498197740000 -1.137137020000
0.388713580000 -0.353866220000 0.850694100000 0.781083690000
0.000000000000 0.000000000000 0.000000000000 1.000000000000
13 64 66
-0.438168820000 0.564387260000 -0.699624970000 1.793431060000
-0.166721580000 -0.815840530000 -0.553722090000 1.771371980000
-0.883296100000 -0.125981170000 0.451571420000 0.924073080000
0.000000000000 0.000000000000 0.000000000000 1.000000000000
13 65 66
-0.588586400000 0.309929160000 0.746665900000 -1.888391770000
0.805090530000 0.308628750000 0.506534830000 -0.732699250000
-0.073452650000 0.899273160000 -0.431175720000 3.693194510000
0.000000000000 0.000000000000 0.000000000000 1.000000000000
14 17 66
0.847414680000 0.209316620000 -0.487929210000 1.091048740000
-0.211748610000 0.975995910000 0.050936260000 -0.221015230000
0.486878720000 0.060154200000 0.871395770000 1.069599150000
0.000000000000 0.000000000000 0.000000000000 1.000000000000
14 18 66
-0.880550650000 -0.435351690000 -0.187348500000 0.669366520000
0.459197320000 -0.881519280000 -0.109825220000 1.798967390000
-0.117338720000 -0.182736590000 0.976134710000 -0.231790250000
0.000000000000 0.000000000000 0.000000000000 1.000000000000
14 19 66
0.173884540000 -0.292224370000 0.940409000000 -3.151491670000
0.117559170000 0.954287600000 0.274799970000 -0.202481000000
-0.977723890000 0.062770240000 0.200289510000 2.337371210000
0.000000000000 0.000000000000 0.000000000000 1.000000000000
14 20 66
0.942116420000 0.070140570000 -0.327867280000 -0.379062400000
0.022423430000 0.962503430000 0.270341140000 -0.010336820000
0.334535270000 -0.262044740000 0.905217490000 -0.072867280000
0.000000000000 0.000000000000 0.000000000000 1.000000000000
14 21 66
0.811765070000 0.583977680000 -0.002745720000 -0.559391230000
-0.294299270000 0.413146150000 0.861799390000 -1.560120970000
0.504405990000 -0.698770580000 0.507241820000 1.148026240000
0.000000000000 0.000000000000 0.000000000000 1.000000000000
14 22 66
0.993254630000 0.012526340000 0.115275020000 -0.934613470000
-0.033965890000 0.981970490000 0.185957750000 0.120996280000
-0.110867300000 -0.188618810000 0.975772200000 -0.432457470000
0.000000000000 0.000000000000 0.000000000000 1.000000000000
14 23 66
0.870902390000 -0.034408950000 0.490249990000 -2.207357730000
0.070804300000 0.995923810000 -0.055879530000 0.028747930000
-0.486328880000 0.083377430000 0.869788720000 0.032202270000
0.000000000000 0.000000000000 0.000000000000 1.000000000000
14 24 66
0.432085790000 -0.199716950000 0.879440170000 -2.983884750000
0.024565250000 0.977414820000 0.209897180000 0.029925430000
-0.901497880000 -0.069089920000 0.427233150000 1.605792850000
0.000000000000 0.000000000000 0.000000000000 1.000000000000
14 25 66
0.897045530000 -0.181548460000 0.402926140000 -1.709894870000
0.066582910000 0.956837950000 0.282891940000 -0.023951380000
-0.436893620000 -0.226938950000 0.870415230000 0.448309230000
0.000000000000 0.000000000000 0.000000000000 1.000000000000
14 26 66
-0.114905230000 0.982991940000 0.143260690000 -0.735249000000
0.212976630000 -0.116484640000 0.970088800000 -2.061431650000
0.970277150000 0.141979450000 -0.195969620000 2.639325860000
0.000000000000 0.000000000000 0.000000000000 1.000000000000
14 27 66
0.943340930000 -0.220030590000 0.248383620000 -1.269948050000
0.132672660000 0.936203330000 0.325455520000 -0.032694850000
-0.304147740000 -0.274061800000 0.912350970000 -0.141864590000
0.000000000000 0.000000000000 0.000000000000 1.000000000000
14 28 66
-0.158664990000 0.854817970000 -0.494076570000 0.790404550000
-0.164510680000 0.470531520000 0.866911950000 -1.129695860000
0.973530510000 0.218829440000 0.065969810000 2.118563060000
0.000000000000 0.000000000000 0.000000000000 1.000000000000
14 29 66
-0.229672830000 0.505317630000 -0.831807960000 1.861112830000
0.158486420000 -0.823829390000 -0.544230830000 1.969826190000
-0.960277280000 -0.256825300000 0.109125250000 2.148899240000
0.000000000000 0.000000000000 0.000000000000 1.000000000000
14 30 66
0.981512460000 0.035595040000 -0.188059240000 -0.010611100000
-0.176627440000 -0.210046160000 -0.961604580000 2.809654930000
-0.073729480000 0.977043300000 -0.199875860000 3.351966530000
0.000000000000 0.000000000000 0.000000000000 1.000000000000
14 31 66
0.717446070000 0.693795620000 0.062600020000 -1.121981880000
-0.453165590000 0.396579360000 0.798351910000 -0.183572110000
0.529067180000 -0.601142620000 0.598928600000 0.374857240000
0.000000000000 0.000000000000 0.000000000000 1.000000000000
14 32 66
0.462479510000 0.487299020000 -0.740710720000 2.471487360000
0.121781530000 -0.862417370000 -0.491330370000 1.841932560000
-0.878226600000 0.137025350000 -0.458194380000 3.772719330000
0.000000000000 0.000000000000 0.000000000000 1.000000000000
14 33 66
-0.346498640000 0.027311050000 -0.937652810000 1.974619550000
0.152740460000 -0.984593640000 -0.085121750000 1.365508650000
-0.925531760000 -0.172712100000 0.336988850000 1.412365860000
0.000000000000 0.000000000000 0.000000000000 1.000000000000
14 34 66
0.878239840000 0.431688470000 -0.205766490000 0.245746890000
-0.270462180000 0.803218550000 0.530744920000 -0.518460960000
0.394391920000 -0.410469280000 0.822173940000 0.315064970000
0.000000000000 0.000000000000 0.000000000000 1.000000000000
14 35 66
-0.766045110000 0.642745850000 0.007256980000 -1.004546050000
-0.184241440000 -0.208740700000 -0.960459480000 3.223833220000
-0.615816520000 -0.737092320000 0.278325210000 2.456198360000
0.000000000000 0.000000000000 0.000000000000 1.000000000000
14 36 66
0.567947830000 0.321533960000 0.757661650000 -2.290664700000
-0.632771860000 0.759248720000 0.152122190000 0.768287720000
-0.526341190000 -0.565824440000 0.634671300000 1.407756930000
0.000000000000 0.000000000000 0.000000000000 1.000000000000
14 37 66
-0.578449580000 0.762119470000 -0.290809200000 0.788744420000
0.637634910000 0.644798740000 0.421492950000 -0.365169010000
0.508741390000 0.058382320000 -0.858937540000 4.441005340000
0.000000000000 0.000000000000 0.000000000000 1.000000000000
14 38 66
0.934484810000 -0.153933060000 0.321002740000 -1.736805840000
0.029305220000 0.931886780000 0.361563610000 0.071642560000
-0.354794800000 -0.328468640000 0.875345080000 0.646298340000
0.000000000000 0.000000000000 0.000000000000 1.000000000000
14 39 66
-0.070004420000 0.978796950000 -0.192499140000 -0.042542760000
0.539471260000 0.199466020000 0.818036710000 -0.763156710000
0.839088880000 -0.046581570000 -0.541996330000 3.771534050000
0.000000000000 0.000000000000 0.000000000000 1.000000000000
14 40 66
0.918370050000 -0.056898330000 0.391610810000 -0.901771770000
-0.343058230000 0.378802320000 0.859546310000 -0.877019010000
-0.197249830000 -0.923726900000 0.328361270000 1.716829180000
0.000000000000 0.000000000000 0.000000000000 1.000000000000
14 41 66
0.391424360000 0.854918420000 0.340443040000 -0.969487090000
-0.415974390000 -0.165618880000 0.894167600000 -1.080247810000
0.820824140000 -0.491614570000 0.290796900000 1.723772000000
0.000000000000 0.000000000000 0.000000000000 1.000000000000
14 42 66
0.049539880000 -0.996135690000 -0.072522380000 0.143366170000
0.225962760000 0.081907170000 -0.970686380000 3.159507840000
0.972875440000 0.031700330000 0.229147240000 2.187067170000
0.000000000000 0.000000000000 0.000000000000 1.000000000000
14 43 66
0.862307670000 0.022842050000 0.505869270000 -1.244605690000
-0.478024720000 0.366342060000 0.798301860000 -1.011585440000
-0.167086330000 -0.930199840000 0.326818630000 1.763555040000
0.000000000000 0.000000000000 0.000000000000 1.000000000000
14 44 66
-0.993714760000 0.082997190000 -0.075116150000 -0.429989720000
0.037719960000 -0.383523170000 -0.922760630000 3.853505620000
-0.105395320000 -0.919794240000 0.377981980000 1.253910680000
0.000000000000 0.000000000000 0.000000000000 1.000000000000
14 45 66
0.175297730000 -0.847900410000 -0.500335480000 1.444134290000
-0.773645140000 0.195670030000 -0.602649520000 3.051769220000
0.608887430000 0.492725200000 -0.621673520000 3.594078330000
0.000000000000 0.000000000000 0.000000000000 1.000000000000
14 46 66
0.271306340000 -0.205692800000 0.940257060000 -2.517813050000
0.128904160000 0.975861950000 0.176287170000 -0.016809980000
-0.953822090000 0.073375220000 0.291272190000 2.142889750000
0.000000000000 0.000000000000 0.000000000000 1.000000000000
14 47 66
0.534273890000 -0.392176910000 0.748831550000 -2.578045530000
-0.049523690000 0.869821110000 0.490875380000 0.055747550000
-0.843859480000 -0.299346800000 0.445300660000 1.241793490000
0.000000000000 0.000000000000 0.000000000000 1.000000000000
14 48 66
-0.988523720000 0.119060070000 0.092981450000 -0.432995400000
0.150883590000 0.747935900000 0.646394640000 -0.073308840000
0.007415630000 0.653005810000 -0.757316600000 4.045209040000
0.000000000000 0.000000000000 0.000000000000 1.000000000000
14 49 66
0.772745480000 -0.499287230000 0.391888610000 -1.502403850000
-0.127771080000 -0.727150060000 -0.674483020000 2.445484270000
0.621722580000 0.471131680000 -0.625696390000 3.742562420000
0.000000000000 0.000000000000 0.000000000000 1.000000000000
14 50 66
-0.132648630000 -0.955894550000 -0.262049540000 0.701949850000
-0.685828610000 0.279393210000 -0.671995950000 3.788711870000
0.715572120000 0.090581730000 -0.692640950000 3.663935240000
0.000000000000 0.000000000000 0.000000000000 1.000000000000
14 51 66
0.872400120000 -0.091710020000 0.480111760000 -1.855629130000
0.027993910000 0.990002860000 0.138241350000 0.155582210000
-0.487990130000 -0.107161570000 0.866245940000 0.274206780000
0.000000000000 0.000000000000 0.000000000000 1.000000000000
14 52 66
-0.301634560000 0.292816770000 -0.907344990000 1.406421110000
-0.014186480000 0.950186580000 0.311358640000 -0.252685660000
0.953318070000 0.106788550000 -0.282455070000 3.273386730000
0.000000000000 0.000000000000 0.000000000000 1.000000000000
14 53 66
-0.061516490000 -0.237082300000 0.969539940000 -3.306909750000
0.062680660000 0.968544690000 0.240815960000 -0.087175300000
-0.996135960000 0.075585550000 -0.044721000000 2.497860500000
0.000000000000 0.000000000000 0.000000000000 1.000000000000
14 54 66
0.579695050000 -0.123213000000 0.805463970000 -2.524938940000
0.075654690000 0.992370040000 0.097355370000 0.577812490000
-0.811313760000 0.004500700000 0.584593640000 0.287667180000
0.000000000000 0.000000000000 0.000000000000 1.000000000000
14 55 66
-0.561539540000 -0.705887790000 0.431735780000 -1.337405370000
0.411189880000 -0.690836080000 -0.594700260000 3.166834530000
0.718050300000 -0.156422330000 0.678185680000 0.630289930000
0.000000000000 0.000000000000 0.000000000000 1.000000000000
14 56 66
0.989252290000 -0.090693220000 0.114693730000 -0.179753070000
0.046353660000 0.938457440000 0.342270310000 0.015105490000
-0.138676780000 -0.333275210000 0.932575140000 0.060408020000
0.000000000000 0.000000000000 0.000000000000 1.000000000000
14 57 66
0.309673610000 -0.013748520000 0.950743510000 -3.034420120000
-0.160758580000 0.984744050000 0.066602040000 0.597534070000
-0.937154700000 -0.173465070000 0.302739060000 1.313093340000
0.000000000000 0.000000000000 0.000000000000 1.000000000000
14 58 66
0.758236390000 -0.149921070000 0.634508670000 -2.333471540000
-0.594322910000 0.241199230000 0.767204800000 -1.165092720000
-0.268063170000 -0.958825640000 0.093784500000 1.450686110000
0.000000000000 0.000000000000 0.000000000000 1.000000000000
14 59 66
-0.797223120000 0.566652410000 -0.208183430000 0.676343430000
-0.340924370000 -0.138006680000 0.929905770000 -1.130726770000
0.498202640000 0.812317180000 0.303207730000 1.515541800000
0.000000000000 0.000000000000 0.000000000000 1.000000000000
14 60 66
-0.749267160000 -0.228323260000 -0.621664870000 0.976936640000
0.662207090000 -0.245576710000 -0.707936340000 2.341599000000
0.008971920000 -0.942104330000 0.335199840000 1.821385960000
0.000000000000 0.000000000000 0.000000000000 1.000000000000
14 61 66
0.803465440000 0.508841660000 0.309068690000 -0.851303330000
-0.367857830000 0.016128520000 0.929742160000 -0.941885750000
0.468106730000 -0.860709030000 0.200140100000 2.296521500000
0.000000000000 0.000000000000 0.000000000000 1.000000000000
14 62 66
0.682323080000 -0.364987010000 0.633419050000 -1.397159260000
0.144691140000 0.916733800000 0.372375640000 0.004441270000
-0.716588920000 -0.162430370000 0.678319020000 0.468566870000
0.000000000000 0.000000000000 0.000000000000 1.000000000000
14 63 66
-0.837321340000 0.398060170000 -0.374754680000 0.240316500000
-0.135948940000 -0.815540550000 -0.562504660000 2.153460860000
-0.529538340000 -0.420049650000 0.736985370000 0.374082390000
0.000000000000 0.000000000000 0.000000000000 1.000000000000
14 64 66
0.084976700000 -0.399487590000 0.912791670000 -2.954683440000
0.155703190000 0.910174700000 0.383847010000 -0.013371980000
-0.984142000000 0.109506520000 0.139545130000 1.667898770000
0.000000000000 0.000000000000 0.000000000000 1.000000000000
14 65 66
0.556481810000 0.500479520000 -0.663210560000 1.170926030000
0.595513310000 0.316374240000 0.738424830000 -0.533316060000
0.579389240000 -0.805870710000 -0.121985710000 2.846940010000
0.000000000000 0.000000000000 0.000000000000 1.000000000000
15 17 66
-0.102497970000 0.160857320000 -0.981641020000 2.248810630000
-0.863799940000 0.474990690000 0.168028290000 -1.402701730000
0.493298930000 0.865164010000 0.090262960000 2.264637280000
0.000000000000 0.000000000000 0.000000000000 1.000000000000
15 18 66
0.887432700000 0.384837300000 0.253699540000 -0.704123830000
-0.429989160000 0.889450240000 0.154879320000 -0.585268560000
-0.166049780000 -0.246533020000 0.954803090000 -0.259709010000
0.000000000000 0.000000000000 0.000000000000 1.000000000000
15 19 66
0.774810040000 0.240500550000 -0.584661350000 1.612069160000
0.117403110000 0.853987840000 0.506874030000 -1.343913560000
0.621197170000 -0.461372150000 0.633442830000 0.941556910000
0.000000000000 0.000000000000 0.000000000000 1.000000000000
15 20 66
-0.205259410000 0.324935600000 -0.923193060000 1.978040360000
-0.309081290000 0.873483230000 0.376159280000 -0.897546450000
0.928621200000 0.362551940000 -0.078859140000 2.577586000000
0.000000000000 0.000000000000 0.000000000000 1.000000000000
15 21 66
-0.022324790000 -0.389129070000 0.920912680000 -2.836470000000
0.444823440000 0.821074900000 0.357726310000 -0.521924690000
-0.895340000000 0.417629710000 0.154763410000 1.591428690000
0.000000000000 0.000000000000 0.000000000000 1.000000000000
15 22 66
-0.299829140000 0.421067780000 -0.856039960000 1.900397570000
-0.259477850000 0.827499340000 0.497911720000 -1.461359770000
0.918027090000 0.371411850000 -0.138850650000 3.076305460000
0.000000000000 0.000000000000 0.000000000000 1.000000000000
15 23 66
0.989083309000 0.011760014900 -0.146887403000 0.515486772000
-0.059370383000 0.944127402000 -0.324189151000 -0.000118939823
0.134867953000 0.329370840000 0.934518852000 -0.047083120700
0.000000000000 0.000000000000 0.000000000000 1.000000000000
15 24 66
0.508967650000 -0.200346760000 0.837145810000 -2.570549540000
0.173373710000 0.976465800000 0.128281300000 -0.286599910000
-0.843145000000 0.079848050000 0.531724360000 0.557085800000
0.000000000000 0.000000000000 0.000000000000 1.000000000000
15 25 66
0.973047700000 -0.022843940000 -0.229469660000 0.077495910000
0.031978090000 0.998834050000 0.036165580000 -0.067506000000
0.228375950000 -0.042528840000 0.972643680000 -0.036687410000
0.000000000000 0.000000000000 0.000000000000 1.000000000000
15 26 66
-0.735391430000 0.626910040000 0.257261060000 -0.474944110000
0.087109200000 -0.289036130000 0.953346790000 -2.803152580000
0.672020410000 0.723492860000 0.157945060000 2.213031110000
0.000000000000 0.000000000000 0.000000000000 1.000000000000
15 27 66
0.583504780000 0.274658180000 -0.764254570000 1.380591330000
-0.193188070000 0.961003020000 0.197867550000 -0.545630730000
0.788796890000 0.032188200000 0.613810540000 1.367639620000
0.000000000000 0.000000000000 0.000000000000 1.000000000000
15 28 66
0.836398280000 0.517914830000 -0.179449540000 0.127757750000
-0.396978770000 0.798126100000 0.453213620000 -0.497604650000
0.377949420000 -0.307829440000 0.873152490000 0.230658360000
0.000000000000 0.000000000000 0.000000000000 1.000000000000
15 29 66
0.923951490000 -0.220687770000 0.312426870000 -0.989764690000
0.059643490000 -0.723671240000 -0.687562790000 1.960462740000
0.377831040000 0.653908900000 -0.655474530000 3.732217900000
0.000000000000 0.000000000000 0.000000000000 1.000000000000
15 30 66
-0.386956530000 0.847320990000 -0.363746860000 0.178933970000
0.564013850000 -0.094584920000 -0.820330460000 2.086738670000
-0.729488190000 -0.522590500000 -0.441300520000 3.323765780000
0.000000000000 0.000000000000 0.000000000000 1.000000000000
15 31 66
-0.615002125000 -0.775883574000 0.140630953000 -0.816653634000
0.000221455321 -0.178516698000 -0.983936857000 2.493100290000
0.788525419000 -0.605092115000 0.109959972000 2.455667460000
0.000000000000 0.000000000000 0.000000000000 1.000000000000
15 32 66
-0.702145860000 0.543194700000 -0.460359320000 1.393552160000
-0.193668670000 0.476472630000 0.857593310000 -1.769917740000
0.685188760000 0.691312770000 -0.229353490000 3.204095630000
0.000000000000 0.000000000000 0.000000000000 1.000000000000
15 33 66
0.817698730000 0.531570010000 -0.220912010000 0.126843140000
0.069029820000 0.290446100000 0.954398210000 -2.279712100000
0.571492500000 -0.795659720000 0.200803230000 1.464605690000
0.000000000000 0.000000000000 0.000000000000 1.000000000000
15 34 66
0.972307050000 0.203555190000 -0.114822870000 0.628167410000
-0.182925690000 0.968635160000 0.168178840000 -0.246524380000
0.145455140000 -0.142517420000 0.979046260000 0.256479380000
0.000000000000 0.000000000000 0.000000000000 1.000000000000
15 35 66
0.060726070000 0.938672750000 -0.339419830000 0.589153050000
0.069595600000 -0.343201590000 -0.936679840000 2.443799280000
-0.995725260000 0.033258760000 -0.086168770000 2.984100820000
0.000000000000 0.000000000000 0.000000000000 1.000000000000
15 36 66
0.874826570000 -0.013457220000 0.484249280000 -1.459666970000
-0.082945340000 0.980691560000 0.177099210000 -0.171710180000
-0.477282450000 -0.195097320000 0.856818830000 1.039376130000
0.000000000000 0.000000000000 0.000000000000 1.000000000000
15 37 66
0.238380500000 0.464079210000 -0.853115010000 0.933973660000
-0.344462240000 0.861729980000 0.372514710000 -0.652478490000
0.908031110000 0.205065660000 0.365277390000 1.918338790000
0.000000000000 0.000000000000 0.000000000000 1.000000000000
15 38 66
0.469687310000 -0.653066140000 0.594052570000 -1.980475200000
0.550539590000 0.742696600000 0.381192770000 -0.798448620000
-0.690144910000 0.148008050000 0.708373930000 1.430568160000
0.000000000000 0.000000000000 0.000000000000 1.000000000000
15 40 66
0.669540630000 -0.736209310000 0.098545390000 -0.822985590000
0.428537820000 0.491235340000 0.758316010000 -1.241843790000
-0.606688290000 -0.465492950000 0.644395560000 1.861173090000
0.000000000000 0.000000000000 0.000000000000 1.000000000000
15 41 66
-0.922971180000 -0.104586020000 -0.370386230000 0.407549450000
-0.362625520000 -0.086112960000 0.927947890000 -1.710356220000
-0.128945430000 0.990780660000 0.041554220000 2.486595510000
0.000000000000 0.000000000000 0.000000000000 1.000000000000
15 42 66
0.623242880000 -0.521069880000 0.583141910000 -0.878916110000
-0.077130760000 0.701085290000 0.708893690000 -1.686641250000
-0.778215370000 -0.486791120000 0.396755900000 1.979539280000
0.000000000000 0.000000000000 0.000000000000 1.000000000000
15 43 66
-0.298715160000 0.948950460000 -0.101302930000 -0.077732440000
0.437699330000 0.041901820000 -0.898144490000 2.722289290000
-0.848049850000 -0.312629610000 -0.427871690000 4.054244730000
0.000000000000 0.000000000000 0.000000000000 1.000000000000
15 44 66
-0.330469540000 0.372266150000 -0.867299140000 1.299876140000
-0.077433970000 0.905135600000 0.418011390000 -1.235872040000
0.940634820000 0.205298450000 -0.270293700000 3.706029780000
0.000000000000 0.000000000000 0.000000000000 1.000000000000
15 45 66
0.053413840000 -0.893060170000 0.446755510000 -1.175460070000
0.788464740000 0.312254310000 0.529925090000 -1.713827230000
-0.612756330000 0.323945630000 0.720825160000 0.751409610000
0.000000000000 0.000000000000 0.000000000000 1.000000000000
15 46 66
-0.499985460000 0.258490430000 -0.826557470000 1.207415840000
-0.169174940000 0.906877970000 0.385943260000 -0.955954290000
0.849349390000 0.332798820000 -0.409695690000 2.878336880000
0.000000000000 0.000000000000 0.000000000000 1.000000000000
15 47 66
0.514083020000 -0.518738010000 0.683102870000 -2.331386550000
0.399914000000 0.849495640000 0.344130720000 -0.419923550000
-0.758806590000 0.096270630000 0.644161870000 1.385166320000
0.000000000000 0.000000000000 0.000000000000 1.000000000000
15 48 66
0.862426900000 0.301255450000 -0.406773880000 0.414853920000
-0.095547970000 0.886052910000 0.453630720000 0.039545300000
0.497081910000 -0.352356920000 0.792940210000 -0.190853310000
0.000000000000 0.000000000000 0.000000000000 1.000000000000
15 49 66
0.227459420000 0.413000630000 -0.881868860000 1.382661680000
-0.167658610000 0.908692900000 0.382318980000 -0.291857020000
0.959245960000 0.060890850000 0.275933870000 1.623665590000
0.000000000000 0.000000000000 0.000000000000 1.000000000000
15 50 66
-0.247338860000 0.817293690000 -0.520436860000 1.440787040000
-0.480000570000 0.363230360000 0.798538130000 -1.696183880000
0.841678640000 0.447319500000 0.302460450000 1.337200420000
0.000000000000 0.000000000000 0.000000000000 1.000000000000
15 51 66
0.552918850000 -0.690748930000 0.465989980000 -1.470747700000
-0.160785340000 0.460294050000 0.873085020000 -2.614163480000
-0.817574960000 -0.557669520000 0.143442960000 2.076062330000
0.000000000000 0.000000000000 0.000000000000 1.000000000000
15 52 66
0.812558040000 -0.118856560000 0.570633470000 -1.510045240000
0.196487760000 0.977542480000 -0.076179160000 0.045931530000
-0.548764060000 0.174022480000 0.817663850000 0.414770620000
0.000000000000 0.000000000000 0.000000000000 1.000000000000
15 53 66
0.970694440000 -0.062599140000 0.232020820000 -0.752209350000
0.058549360000 0.997988550000 0.024306830000 -0.303040010000
-0.233075710000 -0.010009840000 0.972407070000 0.176862840000
0.000000000000 0.000000000000 0.000000000000 1.000000000000
15 54 66
-0.685351450000 -0.449070030000 0.573262160000 -1.385938720000
-0.725951010000 0.359333910000 -0.586407940000 3.242706260000
0.057345700000 -0.818055770000 -0.572272860000 4.189355650000
0.000000000000 0.000000000000 0.000000000000 1.000000000000
15 55 66
-0.676937570000 0.199368820000 -0.708524950000 2.138354320000
-0.190115960000 0.882590360000 0.429988580000 -1.412137550000
0.711063600000 0.425777330000 -0.559555380000 3.364714590000
0.000000000000 0.000000000000 0.000000000000 1.000000000000
15 56 66
-0.882187400000 -0.165831180000 0.440732820000 -1.240137680000
0.217325790000 0.686925420000 0.693471680000 -0.986008820000
-0.417749800000 0.707554590000 -0.569957550000 4.362351250000
0.000000000000 0.000000000000 0.000000000000 1.000000000000
15 57 66
-0.944294090000 -0.096684170000 0.314580430000 -1.549281610000
-0.145621130000 -0.734455760000 -0.662849320000 2.526268710000
0.295132440000 -0.671734250000 0.679462980000 1.321444150000
0.000000000000 0.000000000000 0.000000000000 1.000000000000
15 58 66
-0.920088240000 0.245064320000 -0.305583230000 0.751973970000
-0.059310640000 0.683970760000 0.727094390000 -1.547733770000
0.387194890000 0.687115330000 -0.614778530000 4.248012100000
0.000000000000 0.000000000000 0.000000000000 1.000000000000
15 59 66
-0.688499930000 0.400754440000 -0.604453240000 1.112192340000
0.262504790000 -0.639235590000 -0.722820240000 2.341311440000
-0.676061440000 -0.656333560000 0.334913700000 2.405460270000
0.000000000000 0.000000000000 0.000000000000 1.000000000000
15 60 66
-0.963256580000 0.201846750000 0.177185380000 -0.832615380000
0.022710910000 0.718554640000 -0.695099600000 1.977324450000
-0.267620970000 -0.665535220000 -0.696736600000 3.930627430000
0.000000000000 0.000000000000 0.000000000000 1.000000000000
15 61 66
0.909620060000 0.285769830000 -0.301540950000 0.184674740000
0.013360030000 0.705336020000 0.708747210000 -1.284935940000
0.415226260000 -0.648719270000 0.637769910000 1.636406470000
0.000000000000 0.000000000000 0.000000000000 1.000000000000
15 62 66
0.758203110000 -0.307138060000 0.575147160000 -1.680731720000
0.279573010000 0.950041160000 0.138783040000 -0.093147920000
-0.589039030000 0.055569890000 0.806191670000 0.429126820000
0.000000000000 0.000000000000 0.000000000000 1.000000000000
15 63 66
0.488987180000 -0.774845780000 -0.400631430000 0.655466030000
0.005405430000 0.461969300000 -0.886879440000 2.658527160000
0.872274220000 0.431507090000 0.230085440000 2.260310050000
0.000000000000 0.000000000000 0.000000000000 1.000000000000
15 64 66
-0.596500760000 -0.340953060000 0.726593320000 -2.356163110000
0.376138700000 0.680965660000 0.628335460000 -1.292052640000
-0.709018000000 0.648102450000 -0.277950900000 3.165253830000
0.000000000000 0.000000000000 0.000000000000 1.000000000000
15 65 66
-0.464700450000 0.588774870000 0.661360450000 -2.257100050000
-0.379095270000 0.542701540000 -0.749507720000 2.208772140000
-0.800212640000 -0.599015190000 -0.028991880000 2.535659890000
0.000000000000 0.000000000000 0.000000000000 1.000000000000
16 18 66
0.970164500000 0.085576690000 -0.226842380000 0.776558200000
-0.080463690000 0.996253040000 0.031709340000 0.583236100000
0.228705990000 -0.012510710000 0.973415150000 0.373341900000
0.000000000000 0.000000000000 0.000000000000 1.000000000000
16 20 66
-0.912587890000 -0.254473350000 -0.320041660000 0.508015950000
-0.078271190000 0.876975330000 -0.474118010000 1.760128150000
0.401319040000 -0.407624310000 -0.820235000000 5.259122790000
0.000000000000 0.000000000000 0.000000000000 1.000000000000
16 21 66
-0.537124060000 0.626073940000 -0.565269110000 1.516400230000
0.843292460000 0.383589040000 -0.376453550000 1.132285150000
-0.018856720000 -0.678889440000 -0.733998340000 5.230004290000
0.000000000000 0.000000000000 0.000000000000 1.000000000000
16 24 66
-0.895597630000 0.355679010000 -0.267202770000 0.473584620000
0.440244520000 0.794955210000 -0.417409830000 1.148882760000
0.063950320000 -0.491465820000 -0.868545740000 5.708107250000
0.000000000000 0.000000000000 0.000000000000 1.000000000000
16 25 66
-0.392171830000 -0.271106870000 -0.879034880000 1.724841200000
-0.919827150000 0.104226380000 0.378225960000 -0.354956700000
-0.010921030000 0.956889710000 -0.290246120000 3.943093090000
0.000000000000 0.000000000000 0.000000000000 1.000000000000
16 26 66
-0.650394370000 0.729884770000 -0.210369660000 0.211406470000
0.691793510000 0.454793420000 -0.560878490000 1.916816200000
-0.313701940000 -0.510324580000 -0.800724620000 5.784508630000
0.000000000000 0.000000000000 0.000000000000 1.000000000000
16 27 66
-0.969646670000 0.077511650000 -0.231899270000 0.249451230000
0.101818650000 0.990281580000 -0.094738350000 0.648089590000
0.222302250000 -0.115474390000 -0.968115370000 5.200515360000
0.000000000000 0.000000000000 0.000000000000 1.000000000000
16 28 66
-0.782670190000 0.378681280000 -0.493991770000 0.939582720000
-0.381129980000 0.335896590000 0.861343960000 -1.776604480000
0.492104990000 0.862423310000 -0.118569460000 3.717213150000
0.000000000000 0.000000000000 0.000000000000 1.000000000000
16 29 66
0.564527190000 -0.518850000000 0.641953050000 -1.833448740000
-0.671456040000 -0.740996460000 -0.008428690000 0.729246880000
0.480058170000 -0.426285030000 -0.766697620000 4.856376660000
0.000000000000 0.000000000000 0.000000000000 1.000000000000
16 30 66
-0.623966310000 -0.778610810000 -0.066567580000 -0.385328980000
-0.743043770000 0.564765250000 0.359062920000 0.723800620000
-0.241975220000 0.273505790000 -0.930936400000 5.110667150000
0.000000000000 0.000000000000 0.000000000000 1.000000000000
16 31 66
-0.313887440000 -0.196155700000 -0.928976650000 0.859561200000
0.194532450000 0.944382750000 -0.265138370000 1.075468350000
0.929317920000 -0.263939700000 -0.258271230000 3.296672500000
0.000000000000 0.000000000000 0.000000000000 1.000000000000
16 32 66
0.107142230000 -0.207165540000 -0.972421200000 1.412603160000
0.973253710000 0.221762190000 0.059989530000 -0.142762200000
0.203218490000 -0.952839950000 0.225384720000 2.266995540000
0.000000000000 0.000000000000 0.000000000000 1.000000000000
16 33 66
-0.066922170000 -0.996637500000 0.047277090000 -1.089946650000
-0.996578520000 0.064464500000 -0.051725970000 0.403584780000
0.048504340000 -0.050576950000 -0.997541630000 5.698110350000
0.000000000000 0.000000000000 0.000000000000 1.000000000000
16 35 66
0.438180050000 -0.366067230000 0.820970780000 -2.689603760000
0.893328300000 0.075926690000 -0.442944350000 1.586379770000
0.099813820000 0.927485810000 0.360287780000 2.196738380000
0.000000000000 0.000000000000 0.000000000000 1.000000000000
16 36 66
0.155266040000 0.559569800000 0.814109390000 -3.296652110000
0.987093190000 -0.055147620000 -0.150352170000 0.179198100000
-0.039236330000 0.826946420000 -0.560910090000 4.047685500000
0.000000000000 0.000000000000 0.000000000000 1.000000000000
16 38 66
-0.509420060000 -0.017186720000 -0.860346340000 1.337297990000
0.573744610000 -0.751922490000 -0.324699390000 0.294573700000
-0.641333240000 -0.659027460000 0.392905190000 2.805700910000
0.000000000000 0.000000000000 0.000000000000 1.000000000000
16 39 66
-0.520638130000 -0.114939500000 0.846005230000 -1.606536830000
-0.185893870000 0.982384800000 0.019067710000 0.716705030000
-0.833294310000 -0.147339810000 -0.532833530000 4.461212880000
0.000000000000 0.000000000000 0.000000000000 1.000000000000
16 41 66
-0.442500640000 -0.896527720000 0.020766260000 -1.945875060000
0.820051440000 -0.395165660000 0.413956200000 -1.169926000000
-0.362917090000 0.200205290000 0.910059900000 1.161546090000
0.000000000000 0.000000000000 0.000000000000 1.000000000000
16 42 66
0.864178840000 0.446049270000 -0.232884050000 0.598539190000
-0.468702240000 0.545175990000 -0.695054930000 1.225488030000
-0.183065950000 0.709805040000 0.680193850000 0.934797450000
0.000000000000 0.000000000000 0.000000000000 1.000000000000
16 45 66
-0.730307440000 0.665208370000 -0.155399050000 0.295421170000
0.679176630000 0.731459530000 -0.060712990000 0.158663840000
0.073281330000 -0.149882550000 -0.985984310000 5.553694030000
0.000000000000 0.000000000000 0.000000000000 1.000000000000
16 46 66
0.813188380000 -0.523960370000 0.253357820000 -0.631471600000
0.553118130000 0.560328810000 -0.616515980000 1.283261650000
0.181066260000 0.641480440000 0.745464860000 1.528018930000
0.000000000000 0.000000000000 0.000000000000 1.000000000000
16 47 66
-0.958769148000 -0.003981997070 -0.284158167000 0.534868072000
-0.062302015000 0.978522677000 0.196498929000 0.626665868000
0.277272752000 0.206100737000 -0.938425440000 5.342673760000
0.000000000000 0.000000000000 0.000000000000 1.000000000000
16 48 66
0.826680370000 -0.214557720000 0.520158200000 -1.427040600000
0.350958290000 0.919197490000 -0.178617610000 0.951324560000
-0.439804330000 0.330213500000 0.835183330000 1.455047870000
0.000000000000 0.000000000000 0.000000000000 1.000000000000
16 49 66
0.552795030000 -0.154205420000 0.818925110000 -2.025667930000
-0.833279580000 -0.111635300000 0.541463480000 -0.432324020000
0.007924350000 -0.981711900000 -0.190207670000 3.359944130000
0.000000000000 0.000000000000 0.000000000000 1.000000000000
16 51 66
0.890356330000 0.146278930000 0.431124200000 -1.332636260000
-0.452343570000 0.391336670000 0.801399340000 -2.313074930000
-0.051486870000 -0.908547240000 0.414597420000 2.311054290000
0.000000000000 0.000000000000 0.000000000000 1.000000000000
16 52 66
0.948726740000 -0.311157310000 -0.055665990000 0.056931270000
0.312658240000 0.949645650000 0.020444020000 0.399575230000
0.046501660000 -0.036800220000 0.998240120000 0.047133970000
0.000000000000 0.000000000000 0.000000000000 1.000000000000
16 53 66
0.097845140000 0.059716610000 -0.993408400000 1.969092140000
0.806176610000 -0.590041530000 0.043934780000 -0.303613800000
-0.583528580000 -0.805161420000 -0.105874830000 3.812404830000
0.000000000000 0.000000000000 0.000000000000 1.000000000000
16 54 66
-0.961065510000 0.076340570000 -0.265565810000 0.711236320000
0.275279340000 0.181161620000 -0.944140750000 3.073505460000
-0.023965910000 -0.980485890000 -0.195123160000 4.378583140000
0.000000000000 0.000000000000 0.000000000000 1.000000000000
16 56 66
-0.146723750000 -0.978063300000 0.147865860000 -1.185178980000
-0.989044540000 0.147506620000 -0.005718060000 -0.263904640000
-0.016218570000 -0.147084900000 -0.988990890000 5.684377370000
0.000000000000 0.000000000000 0.000000000000 1.000000000000
16 57 66
-0.524830610000 -0.850416720000 -0.036663890000 -0.993617570000
-0.577858540000 0.387587610000 -0.718230710000 1.699438440000
0.625005870000 -0.355762920000 -0.694838410000 5.407781740000
0.000000000000 0.000000000000 0.000000000000 1.000000000000
16 58 66
0.465985950000 -0.344615370000 0.814921680000 -2.036694810000
-0.823611890000 -0.505483970000 0.257195290000 -0.148817200000
0.323296390000 -0.791028570000 -0.519377740000 4.574744860000
0.000000000000 0.000000000000 0.000000000000 1.000000000000
16 60 66
-0.295111550000 0.595924500000 0.746848820000 -2.673252560000
-0.952199580000 -0.118885630000 -0.281393270000 0.240061670000
-0.078899550000 -0.794191540000 0.602523580000 1.881849260000
0.000000000000 0.000000000000 0.000000000000 1.000000000000
16 62 66
-0.010009600000 -0.524095080000 0.851600940000 -3.275948640000
0.459303540000 -0.758897060000 -0.461644350000 1.122897910000
0.888222980000 0.386522450000 0.248314990000 2.168416260000
0.000000000000 0.000000000000 0.000000000000 1.000000000000
16 64 66
0.166222540000 -0.931061490000 -0.324799270000 0.052906630000
0.898320550000 0.007134250000 0.439282700000 -0.295579110000
-0.406682010000 -0.364792550000 0.837577540000 0.934043860000
0.000000000000 0.000000000000 0.000000000000 1.000000000000
16 65 66
-0.844359000000 0.100850450000 0.526200590000 -1.736138250000
0.145927490000 -0.901705720000 0.406979060000 -0.722430130000
0.515522100000 0.420423560000 0.746646500000 1.350533790000
0.000000000000 0.000000000000 0.000000000000 1.000000000000
17 19 66
0.054777170000 -0.258588140000 0.964433320000 -3.701279240000
-0.484023760000 -0.851688520000 -0.200867280000 1.667001310000
0.873338690000 -0.455805700000 -0.171815890000 3.876706710000
0.000000000000 0.000000000000 0.000000000000 1.000000000000
17 20 66
-0.775761440000 0.594912060000 -0.210413500000 -0.012808190000
-0.179069470000 -0.527281550000 -0.830607180000 3.763925150000
-0.605085380000 -0.606674390000 0.515575280000 1.631608760000
0.000000000000 0.000000000000 0.000000000000 1.000000000000
17 23 66
0.775122700000 0.458670580000 0.434518220000 -3.080921120000
0.577101270000 -0.234045290000 -0.782417360000 3.487660290000
-0.257174880000 0.857230480000 -0.446113200000 3.310645460000
0.000000000000 0.000000000000 0.000000000000 1.000000000000
17 24 66
0.077223200000 0.971620350000 0.223585510000 -1.902644290000
-0.991700400000 0.051733840000 0.117702740000 -0.176006070000
0.102795450000 -0.230819220000 0.967551330000 0.149711440000
0.000000000000 0.000000000000 0.000000000000 1.000000000000
17 25 66
-0.428484810000 0.232109900000 -0.873227210000 2.079835900000
0.788084790000 0.568722490000 -0.235535770000 1.392785030000
0.441953770000 -0.789100580000 -0.426611230000 3.811053910000
0.000000000000 0.000000000000 0.000000000000 1.000000000000
17 26 66
-0.635503420000 -0.495281300000 -0.592310590000 1.615357040000
0.771934630000 -0.423356090000 -0.474222050000 1.966477250000
-0.015884980000 -0.758594790000 0.651369030000 1.435235120000
0.000000000000 0.000000000000 0.000000000000 1.000000000000
17 27 66
0.393555450000 0.495883600000 -0.774088860000 1.368786600000
0.108791590000 0.811001080000 0.574840540000 -0.787249440000
0.912840900000 -0.310445980000 0.265225930000 1.581139280000
0.000000000000 0.000000000000 0.000000000000 1.000000000000
17 28 66
-0.550486570000 0.303915340000 0.777560290000 -2.481249620000
-0.508678350000 0.616420030000 -0.601059630000 1.312459970000
-0.661974980000 -0.726403340000 -0.184735790000 2.445862320000
0.000000000000 0.000000000000 0.000000000000 1.000000000000
17 29 66
-0.561953150000 -0.687050150000 0.460619950000 -2.160654140000
-0.073569790000 0.596170660000 0.799479850000 -0.353445900000
-0.823890850000 0.415382510000 -0.385566120000 3.201386370000
0.000000000000 0.000000000000 0.000000000000 1.000000000000
17 30 66
0.415562730000 0.305331620000 0.856784810000 -2.715273620000
-0.908642710000 0.181757000000 0.375942580000 0.651613130000
-0.040939480000 -0.934739000000 0.352968780000 1.874693080000
0.000000000000 0.000000000000 0.000000000000 1.000000000000
17 31 66
-0.339204760000 0.761385410000 0.552478410000 -2.025772610000
-0.623071960000 -0.621845850000 0.474435520000 -0.109857200000
0.704784690000 -0.183303020000 0.685330980000 1.427160090000
0.000000000000 0.000000000000 0.000000000000 1.000000000000
17 32 66
-0.113597390000 -0.707327760000 0.697698410000 -3.044468380000
0.990390270000 -0.136375810000 0.022994680000 -0.175096170000
0.078884410000 0.693605850000 0.716022470000 1.058518170000
0.000000000000 0.000000000000 0.000000000000 1.000000000000
17 33 66
0.245439070000 -0.181041800000 0.952356830000 -3.921798340000
0.221606790000 -0.945914900000 -0.236929160000 1.046973280000
0.943742600000 0.269200410000 -0.192044390000 3.205929540000
0.000000000000 0.000000000000 0.000000000000 1.000000000000
17 34 66
0.673680040000 -0.035426450000 -0.738173540000 1.782691140000
0.357096390000 0.890107710000 0.283179150000 0.522616550000
0.647021920000 -0.454371250000 0.612298460000 1.627922230000
0.000000000000 0.000000000000 0.000000000000 1.000000000000
17 35 66
-0.517913760000 -0.730823300000 -0.444592670000 0.022677230000
-0.426163070000 0.671073060000 -0.606667940000 2.144809940000
0.741721230000 -0.124732690000 -0.659007870000 4.602809160000
0.000000000000 0.000000000000 0.000000000000 1.000000000000
17 36 66
-0.824180860000 -0.492033930000 -0.280407770000 0.821539580000
0.541581240000 -0.540011540000 -0.644264930000 2.278385230000
0.165576780000 -0.682854420000 0.711543520000 0.628685490000
0.000000000000 0.000000000000 0.000000000000 1.000000000000
17 37 66
-0.581406870000 0.493534460000 0.646830570000 -2.046638230000
0.777355320000 0.102277430000 0.620691570000 -1.352964520000
0.240176510000 0.863691530000 -0.443116440000 3.867488970000
0.000000000000 0.000000000000 0.000000000000 1.000000000000
17 38 66
0.499522460000 -0.258650720000 -0.826787230000 0.978821470000
-0.600855560000 -0.790957730000 -0.115578780000 1.608795380000
-0.624059220000 0.554513900000 -0.550512880000 4.574834140000
0.000000000000 0.000000000000 0.000000000000 1.000000000000
17 39 66
0.395925380000 0.877127160000 -0.271829060000 -0.681994530000
0.159104870000 -0.357066730000 -0.920428700000 2.976007900000
-0.904394120000 0.321171760000 -0.280926990000 3.075374040000
0.000000000000 0.000000000000 0.000000000000 1.000000000000
17 40 66
-0.091808110000 0.839855290000 0.534990060000 -2.215126180000
-0.364581540000 -0.528304460000 0.766795080000 -0.492053190000
0.926634540000 -0.124649490000 0.354698370000 2.063460920000
0.000000000000 0.000000000000 0.000000000000 1.000000000000
17 41 66
0.706046030000 -0.519765800000 0.480980780000 -2.546909350000
0.242196470000 -0.461005070000 -0.853706740000 2.857439670000
0.665462150000 0.719248100000 -0.199605360000 3.350165020000
0.000000000000 0.000000000000 0.000000000000 1.000000000000
17 42 66
0.026940310000 0.527440910000 -0.849164470000 0.989168600000
0.945661120000 0.261912580000 0.192683300000 -0.176757640000
0.324035910000 -0.808212770000 -0.491724360000 4.228440540000
0.000000000000 0.000000000000 0.000000000000 1.000000000000
17 43 66
0.237253980000 -0.816688410000 0.526051890000 -1.954239790000
-0.003440720000 -0.542216420000 -0.840231820000 3.350406410000
0.971441560000 0.197538350000 -0.131453000000 2.983141360000
0.000000000000 0.000000000000 0.000000000000 1.000000000000
17 44 66
0.540733980000 -0.234361580000 0.807887010000 -2.675666450000
0.267826680000 0.958392010000 0.098760440000 0.260484600000
-0.797418100000 0.162970570000 0.581003410000 0.832509950000
0.000000000000 0.000000000000 0.000000000000 1.000000000000
17 45 66
0.743048670000 -0.355699920000 0.566882920000 -2.286451200000
0.377304560000 0.922259910000 0.084130480000 -0.420482140000
-0.552738590000 0.151374470000 0.819491190000 0.892827460000
0.000000000000 0.000000000000 0.000000000000 1.000000000000
17 46 66
-0.568376810000 0.323077890000 0.756682550000 -3.118335810000
-0.674594930000 -0.709502570000 -0.203783650000 2.204370230000
0.471030220000 -0.626280110000 0.621211520000 0.999455650000
0.000000000000 0.000000000000 0.000000000000 1.000000000000
17 47 66
-0.317935320000 0.234175010000 -0.918737830000 2.225013410000
-0.321319260000 -0.938285380000 -0.127962780000 1.004926230000
-0.892003960000 0.254524270000 0.373559000000 2.526638250000
0.000000000000 0.000000000000 0.000000000000 1.000000000000
17 48 66
0.387416340000 -0.510953200000 -0.767356110000 0.887560970000
0.853071080000 0.514277170000 0.088253820000 1.529642310000
0.349540160000 -0.688800280000 0.635118770000 1.525652440000
0.000000000000 0.000000000000 0.000000000000 1.000000000000
17 49 66
0.108124890000 0.959537110000 0.259995260000 -1.135992630000
-0.067389390000 -0.253852610000 0.964892490000 -2.095288140000
0.991850630000 -0.121849820000 0.037214840000 1.861916620000
0.000000000000 0.000000000000 0.000000000000 1.000000000000
17 50 66
-0.298702430000 0.216087360000 0.929560710000 -3.465713450000
-0.938531400000 -0.243100400000 -0.245073490000 2.860514140000
0.173019290000 -0.945625960000 0.275419450000 1.408969350000
0.000000000000 0.000000000000 0.000000000000 1.000000000000
17 51 66
0.944385440000 0.147691040000 -0.293808620000 0.935287860000
-0.189980880000 0.974317150000 -0.120885730000 0.619937920000
0.268409040000 0.169980740000 0.948189400000 0.235649220000
0.000000000000 0.000000000000 0.000000000000 1.000000000000
17 52 66
-0.733432480000 0.679706330000 0.008723300000 -1.657744910000
-0.213411000000 -0.242425790000 0.946406610000 -1.693483630000
0.645393320000 0.692263700000 0.322859760000 1.905106930000
0.000000000000 0.000000000000 0.000000000000 1.000000000000
17 53 66
0.732030380000 -0.678739020000 -0.058692960000 0.141135650000
0.597028570000 0.680623460000 -0.424627590000 2.469084170000
0.328159120000 0.275798920000 0.903463640000 0.606462030000
0.000000000000 0.000000000000 0.000000000000 1.000000000000
17 54 66
-0.131900610000 -0.991132150000 0.016102720000 -0.381270720000
-0.944522760000 0.120735210000 -0.305450090000 1.056351090000
0.300797240000 -0.055498440000 -0.952071920000 5.310100250000
0.000000000000 0.000000000000 0.000000000000 1.000000000000
17 55 66
0.647928290000 0.462536030000 -0.605185390000 0.021671600000
0.218872220000 -0.874066530000 -0.433708020000 2.576727110000
-0.729577880000 0.148553430000 -0.667568720000 3.723386360000
0.000000000000 0.000000000000 0.000000000000 1.000000000000
17 56 66
-0.190779840000 -0.205757600000 -0.959826480000 1.598713770000
0.977885480000 0.045519510000 -0.204127330000 1.361739020000
0.085691580000 -0.977543750000 0.192523160000 2.181741150000
0.000000000000 0.000000000000 0.000000000000 1.000000000000
17 57 66
0.486412506000 -0.071746048500 -0.870778605000 1.476015390000
-0.035425553700 -0.997422807000 0.062392107900 1.227480340000
-0.873010827000 0.000499512729 -0.487700570000 3.753587310000
0.000000000000 0.000000000000 0.000000000000 1.000000000000
17 58 66
-0.237438790000 -0.821283800000 -0.518763670000 0.796951360000
-0.113568460000 0.553843020000 -0.824839450000 2.635439620000
0.964740910000 -0.136933690000 -0.224775760000 3.311477890000
0.000000000000 0.000000000000 0.000000000000 1.000000000000
17 59 66
-0.091590180000 0.327562930000 0.940379590000 -2.825820130000
-0.675255940000 0.673632290000 -0.300414620000 1.590963310000
-0.731874750000 -0.662511930000 0.159490710000 2.243959610000
0.000000000000 0.000000000000 0.000000000000 1.000000000000
17 60 66
-0.573093280000 -0.779378450000 0.253245570000 -1.697510260000
0.219903870000 0.151436350000 0.963695660000 -0.733764660000
-0.789434210000 0.607977190000 0.084601190000 2.075238330000
0.000000000000 0.000000000000 0.000000000000 1.000000000000
17 61 66
0.487471770000 -0.286417010000 0.824825170000 -2.523185160000
-0.626510610000 0.543239510000 0.558905440000 -0.339603680000
-0.608157650000 -0.789212350000 0.085370630000 2.176541980000
0.000000000000 0.000000000000 0.000000000000 1.000000000000
17 62 66
0.541606010000 0.658552580000 0.522466680000 -1.890005310000
-0.803961000000 0.587353710000 0.093071600000 0.040313790000
-0.245580200000 -0.470450980000 0.847564890000 0.391056830000
0.000000000000 0.000000000000 0.000000000000 1.000000000000
17 64 66
-0.397815040000 0.151956120000 -0.904794190000 0.990954950000
0.229868790000 0.971241660000 0.062048200000 0.474292230000
0.888202410000 -0.183300240000 -0.421304510000 3.768711190000
0.000000000000 0.000000000000 0.000000000000 1.000000000000
17 65 66
0.755620740000 0.076711080000 0.650501890000 -2.140542350000
0.184511410000 0.927973590000 -0.323760020000 1.667790650000
-0.628484560000 0.364664810000 0.687042020000 0.594121760000
0.000000000000 0.000000000000 0.000000000000 1.000000000000
18 20 66
-0.650462810000 0.289391430000 -0.702246920000 1.764429970000
-0.166880240000 0.847526740000 0.503834700000 -1.314463280000
0.740978490000 0.444916870000 -0.502990910000 4.217930060000
0.000000000000 0.000000000000 0.000000000000 1.000000000000
18 21 66
-0.863871240000 -0.143770390000 0.482759320000 -1.801637240000
0.242808470000 0.720849770000 0.649168430000 -1.384892420000
-0.441328140000 0.678015990000 -0.587812720000 3.939912500000
0.000000000000 0.000000000000 0.000000000000 1.000000000000
18 22 66
-0.520659990000 0.567460580000 -0.637888440000 1.146602450000
0.421416640000 -0.478972480000 -0.770060640000 2.963902530000
-0.742510060000 -0.669756570000 0.010244480000 3.045938770000
0.000000000000 0.000000000000 0.000000000000 1.000000000000
18 23 66
0.983943360000 -0.008939270000 0.178257010000 -0.212975810000
0.061804580000 0.954018550000 -0.293306670000 0.205020690000
-0.167438540000 0.299614240000 0.939252700000 -0.528227970000
0.000000000000 0.000000000000 0.000000000000 1.000000000000
18 24 66
-0.827068650000 0.067957820000 -0.557977760000 1.078933210000
-0.440813740000 0.537508340000 0.718865800000 -1.841902970000
0.348770250000 0.840515630000 -0.414599560000 3.320460200000
0.000000000000 0.000000000000 0.000000000000 1.000000000000
18 25 66
-0.987854420000 0.114421470000 -0.105125480000 0.174855090000
-0.135945620000 -0.308800870000 0.941361150000 -2.467189500000
0.075249090000 0.944219120000 0.320605410000 2.002312420000
0.000000000000 0.000000000000 0.000000000000 1.000000000000
18 26 66
0.985801600000 0.114165750000 0.123131580000 -0.384056280000
-0.108076290000 0.992616090000 -0.055071020000 -0.048039560000
-0.128509610000 0.040981500000 0.990861140000 0.047512180000
0.000000000000 0.000000000000 0.000000000000 1.000000000000
18 27 66
0.791509570000 -0.094175160000 0.603857300000 -1.246288480000
-0.109836190000 -0.993888450000 -0.011034410000 0.540869450000
0.601205960000 -0.057591540000 -0.797016070000 5.024049210000
0.000000000000 0.000000000000 0.000000000000 1.000000000000
18 28 66
-0.481611030000 0.488568230000 -0.727565740000 1.074051780000
-0.835787880000 -0.006302530000 0.549016290000 -1.320873060000
0.263646420000 0.872502930000 0.411374780000 2.073089000000
0.000000000000 0.000000000000 0.000000000000 1.000000000000
18 29 66
0.861030260000 0.326409630000 0.389979030000 -1.068403640000
0.455290370000 -0.836414810000 -0.305157260000 0.896763820000
0.226577960000 0.440303330000 -0.868789620000 4.652512930000
0.000000000000 0.000000000000 0.000000000000 1.000000000000
18 30 66
-0.432382290000 0.629742990000 -0.645344350000 1.926246340000
-0.683815260000 0.237503280000 0.689919470000 -0.550538470000
0.587743350000 0.739605270000 0.327935660000 1.999136180000
0.000000000000 0.000000000000 0.000000000000 1.000000000000
18 31 66
0.771515780000 -0.350785650000 0.530766270000 -1.618235000000
-0.591765710000 -0.089330330000 0.801145080000 -1.340647630000
-0.233616670000 -0.932185350000 -0.276502680000 3.056882460000
0.000000000000 0.000000000000 0.000000000000 1.000000000000
18 32 66
0.972645180000 0.134956970000 -0.189071340000 -0.035956320000
-0.081378620000 0.960305370000 0.266816630000 0.058043780000
0.217574990000 -0.244131540000 0.945019000000 -0.097410920000
0.000000000000 0.000000000000 0.000000000000 1.000000000000
18 33 66
0.969159340000 0.123705680000 -0.213136310000 0.814692480000
0.086329300000 0.639646650000 0.763805880000 -1.543668030000
0.230819050000 -0.758649510000 0.609240090000 0.474698110000
0.000000000000 0.000000000000 0.000000000000 1.000000000000
18 34 66
0.756818540000 0.314703910000 -0.572876210000 0.760192050000
-0.225783850000 0.948380100000 0.222703470000 -0.348695920000
0.613390050000 -0.039199920000 0.788806700000 1.251993560000
0.000000000000 0.000000000000 0.000000000000 1.000000000000
18 35 66
0.968877530000 0.125677300000 -0.213264030000 0.098325020000
-0.064231080000 0.959661060000 0.273724360000 -0.479734800000
0.239062130000 -0.251507200000 0.937866420000 1.110770830000
0.000000000000 0.000000000000 0.000000000000 1.000000000000
18 36 66
0.397722530000 -0.459592190000 0.794098110000 -2.739874510000
0.445705350000 0.853293990000 0.270621720000 -0.621811560000
-0.801974770000 0.246301420000 0.544216940000 1.992349640000
0.000000000000 0.000000000000 0.000000000000 1.000000000000
18 37 66
0.835166070000 -0.244820960000 0.492504150000 -1.592510530000
0.137135680000 0.959877170000 0.244600940000 -0.229051250000
-0.532626930000 -0.136742510000 0.835230530000 0.793815410000
0.000000000000 0.000000000000 0.000000000000 1.000000000000
18 38 66
-0.064452440000 -0.606908310000 0.792154140000 -2.312982880000
0.992947570000 -0.118154020000 -0.009733920000 -0.544548880000
0.099503790000 0.785940160000 0.610243450000 1.526351930000
0.000000000000 0.000000000000 0.000000000000 1.000000000000
18 39 66
-0.877421610000 0.067745470000 0.474912490000 -0.857126960000
-0.479077260000 -0.174973520000 -0.860156520000 2.499491980000
0.024825410000 -0.982239690000 0.185980860000 2.770494280000
0.000000000000 0.000000000000 0.000000000000 1.000000000000
18 40 66
0.812239240000 -0.580662410000 0.055664840000 -0.273797480000
-0.317793830000 -0.520508570000 -0.792513670000 2.225876500000
0.489156920000 0.626020760000 -0.607308420000 4.148760390000
0.000000000000 0.000000000000 0.000000000000 1.000000000000
18 41 66
0.417221080000 0.816111450000 0.399860820000 -1.288836640000
-0.787407780000 0.104928170000 0.607436470000 -1.196477160000
0.453779190000 -0.568288820000 0.686390750000 1.261079000000
0.000000000000 0.000000000000 0.000000000000 1.000000000000
18 42 66
0.106123400000 0.994194240000 0.017766460000 -0.293742830000
-0.584862290000 0.047960280000 0.809713480000 -1.460986410000
0.804160390000 -0.096320480000 0.586556420000 1.193091430000
0.000000000000 0.000000000000 0.000000000000 1.000000000000
18 43 66
-0.163382770000 -0.983939790000 0.071892750000 -0.804463660000
0.838784640000 -0.100177120000 0.535168080000 -1.573299890000
-0.519371160000 0.147739770000 0.841680790000 1.194648450000
0.000000000000 0.000000000000 0.000000000000 1.000000000000
18 44 66
-0.398376910000 -0.700234850000 0.592424680000 -1.921044630000
-0.907243260000 0.205810700000 -0.366812780000 1.420785090000
0.134927760000 -0.683603040000 -0.717273580000 4.936804340000
0.000000000000 0.000000000000 0.000000000000 1.000000000000
18 45 66
-0.225623980000 -0.886382670000 0.404251890000 -1.169255580000
0.935957780000 -0.082079460000 0.342412030000 -1.057975310000
-0.270327310000 0.455619070000 0.848135840000 0.600897460000
0.000000000000 0.000000000000 0.000000000000 1.000000000000
18 46 66
-0.639374290000 -0.161681000000 0.751704580000 -1.972050750000
0.723309360000 0.205147670000 0.659346650000 -1.730203270000
-0.260814270000 0.965284250000 -0.014220760000 2.467958110000
0.000000000000 0.000000000000 0.000000000000 1.000000000000
18 47 66
-0.978149220000 -0.071396650000 0.195260390000 -1.205872580000
-0.199842020000 0.063878400000 -0.977743690000 1.974547470000
0.057334710000 -0.995400460000 -0.076750660000 3.174506870000
0.000000000000 0.000000000000 0.000000000000 1.000000000000
18 48 66
0.951467320000 -0.208253240000 0.226584480000 -1.367483870000
-0.260856740000 -0.936404280000 0.234735560000 -0.847523380000
0.163290240000 -0.282449300000 -0.945282330000 4.938372300000
0.000000000000 0.000000000000 0.000000000000 1.000000000000
18 49 66
0.345368950000 -0.900860140000 0.263004370000 -1.004783380000
0.434597520000 0.401916160000 0.805970470000 -1.997854870000
-0.831772370000 -0.164056130000 0.530320950000 2.088044850000
0.000000000000 0.000000000000 0.000000000000 1.000000000000
18 50 66
-0.755561840000 -0.486174570000 0.439045080000 -1.494945520000
0.492828560000 0.019673220000 0.869904000000 -2.646401210000
-0.431562640000 0.873640230000 0.224736380000 2.434222570000
0.000000000000 0.000000000000 0.000000000000 1.000000000000
18 51 66
-0.984219060000 0.098597370000 -0.146940130000 0.792322750000
0.007225610000 0.852084650000 0.523354120000 -1.586079760000
0.176806760000 0.514033370000 -0.839350380000 5.176140740000
0.000000000000 0.000000000000 0.000000000000 1.000000000000
18 52 66
0.885375564000 -0.464868679000 -0.002687423050 -0.361307004000
0.049428746200 0.088389257600 0.994858853000 -2.776796050000
-0.462241182000 -0.880956554000 0.101235565000 2.960054880000
0.000000000000 0.000000000000 0.000000000000 1.000000000000
18 53 66
-0.921488090000 0.348229000000 -0.172035650000 0.262479380000
0.386589630000 0.779509600000 -0.492862300000 1.469045060000
-0.037525510000 -0.520673940000 -0.852930530000 5.626537270000
0.000000000000 0.000000000000 0.000000000000 1.000000000000
18 54 66
0.143860010000 0.081159620000 -0.986264370000 2.472033540000
0.255583850000 -0.965865420000 -0.042200620000 1.390321120000
-0.956023640000 -0.246002260000 -0.159692500000 2.795854980000
0.000000000000 0.000000000000 0.000000000000 1.000000000000
18 55 66
0.995122490000 0.003030580000 0.098600420000 -0.679624260000
0.006871950000 0.994970100000 -0.099936400000 -0.264014390000
-0.098407330000 0.100126530000 0.990096300000 0.505031250000
0.000000000000 0.000000000000 0.000000000000 1.000000000000
18 56 66
0.942829960000 0.110880010000 -0.314288540000 0.746668710000
0.033337750000 -0.969680680000 -0.242090830000 0.943304280000
-0.331602560000 0.217772820000 -0.917940490000 5.070479870000
0.000000000000 0.000000000000 0.000000000000 1.000000000000
18 57 66
-0.986201620000 0.038577770000 0.160991040000 -0.330677680000
0.134360800000 0.754637020000 0.642238390000 -1.402384530000
-0.096713670000 0.655007430000 -0.749407590000 4.732391170000
0.000000000000 0.000000000000 0.000000000000 1.000000000000
18 58 66
-0.578000640000 0.408539220000 -0.706407080000 1.570185790000
-0.235461360000 0.745342030000 0.623717240000 -1.138482420000
0.781327850000 0.526840540000 -0.334612970000 3.512520440000
0.000000000000 0.000000000000 0.000000000000 1.000000000000
18 59 66
0.954879380000 -0.296901080000 -0.007424160000 -0.703562680000
-0.295899120000 -0.953206650000 0.061974150000 0.092701760000
-0.025476950000 -0.056981040000 -0.998050140000 5.295784090000
0.000000000000 0.000000000000 0.000000000000 1.000000000000
18 60 66
-0.993935420000 -0.109809690000 0.005849770000 -0.679212160000
0.062319920000 -0.518659520000 0.852706590000 -1.078929950000
-0.090601410000 0.847899840000 0.522357400000 1.687049150000
0.000000000000 0.000000000000 0.000000000000 1.000000000000
18 61 66
0.952386750000 -0.230220960000 0.199894460000 -0.685839350000
0.169518090000 0.944779780000 0.280454610000 -0.347827810000
-0.253422770000 -0.233215520000 0.938822360000 0.924138110000
0.000000000000 0.000000000000 0.000000000000 1.000000000000
18 62 66
0.976995710000 0.027676280000 -0.211455430000 0.547159820000
-0.003512440000 0.993496910000 0.113804900000 -0.083315990000
0.213230010000 -0.110444170000 0.970739430000 0.531291100000
0.000000000000 0.000000000000 0.000000000000 1.000000000000
18 63 66
0.820413270000 -0.304900420000 -0.483691840000 1.123456970000
0.472037000000 -0.116192410000 0.873888090000 -1.965139750000
-0.322650170000 -0.945269830000 0.048598480000 2.659059800000
0.000000000000 0.000000000000 0.000000000000 1.000000000000
18 64 66
-0.700414090000 -0.165583610000 0.694263760000 -2.248702780000
0.713311980000 -0.195949140000 0.672896690000 -1.130652870000
0.024619730000 0.966532980000 0.255358310000 2.319374870000
0.000000000000 0.000000000000 0.000000000000 1.000000000000
18 65 66
-0.831305500000 0.328782340000 0.448144330000 -1.143835340000
-0.549141650000 -0.361264760000 -0.753612120000 2.384003450000
-0.085875600000 -0.872576610000 0.480869460000 1.929030180000
0.000000000000 0.000000000000 0.000000000000 1.000000000000
19 21 66
0.963615240000 -0.188580200000 0.189428540000 -0.368928820000
0.257486490000 0.464700780000 -0.847203570000 2.640534640000
0.071738230000 0.865153560000 0.496349610000 1.636389850000
0.000000000000 0.000000000000 0.000000000000 1.000000000000
19 22 66
0.962922320000 0.119861920000 0.241689310000 -0.934975620000
-0.079352360000 0.982087730000 -0.170900240000 0.545083610000
-0.257844540000 0.145385040000 0.955185520000 -0.060019340000
0.000000000000 0.000000000000 0.000000000000 1.000000000000
19 23 66
0.817548540000 -0.343853830000 0.461929580000 -1.144418420000
-0.294382840000 0.439864900000 0.848444230000 -2.790219380000
-0.494927400000 -0.829628480000 0.258386240000 3.334327790000
0.000000000000 0.000000000000 0.000000000000 1.000000000000
19 24 66
0.990831140000 0.012955250000 -0.134483490000 0.053961450000
-0.025202030000 0.995643910000 -0.089766710000 0.324524920000
0.132734710000 0.092332910000 0.986841490000 -0.041166880000
0.000000000000 0.000000000000 0.000000000000 1.000000000000
19 25 66
0.037027180000 0.416333280000 -0.908457810000 2.676204280000
-0.247958960000 0.884479170000 0.395237840000 -0.744079950000
0.968062680000 0.210625710000 0.135983330000 1.950001060000
0.000000000000 0.000000000000 0.000000000000 1.000000000000
19 26 66
0.944437040000 -0.089581990000 0.316249490000 -0.863001070000
0.146150810000 0.976250140000 -0.159923740000 0.124346770000
-0.294412330000 0.197258020000 0.935099280000 -0.078572130000
0.000000000000 0.000000000000 0.000000000000 1.000000000000
19 27 66
-0.925887770000 0.302565200000 0.226243530000 -0.148343190000
0.097968380000 -0.386078480000 0.917248930000 -2.590389370000
0.364875370000 0.871434280000 0.327823520000 2.167477060000
0.000000000000 0.000000000000 0.000000000000 1.000000000000
19 28 66
0.887718820000 -0.332625950000 0.318300600000 -0.914369800000
-0.220108730000 -0.913879200000 -0.341140660000 1.016600440000
0.404360540000 0.232776240000 -0.884481640000 5.135513400000
0.000000000000 0.000000000000 0.000000000000 1.000000000000
19 29 66
-0.287529190000 0.780831530000 -0.554643200000 1.136854080000
-0.881850110000 0.010133770000 0.471420930000 -0.527523470000
0.373720960000 0.624659450000 0.685662620000 1.560580820000
0.000000000000 0.000000000000 0.000000000000 1.000000000000
19 30 66
-0.060864030000 -0.919933120000 0.387322370000 -0.741066960000
0.730463050000 0.223398460000 0.645381180000 -1.300413410000
-0.680234740000 0.322205170000 0.658380220000 1.922368200000
0.000000000000 0.000000000000 0.000000000000 1.000000000000
19 31 66
-0.836191860000 -0.513246730000 -0.193289840000 0.519724590000
-0.169622990000 0.577184180000 -0.798803140000 2.189441680000
0.521546940000 -0.635166290000 -0.569695160000 3.903518460000
0.000000000000 0.000000000000 0.000000000000 1.000000000000
19 32 66
0.987859170000 -0.143615860000 0.059234660000 -0.589931130000
0.121810470000 0.952704740000 0.278416750000 0.039403790000
-0.096418200000 -0.267821130000 0.958632030000 -0.140505050000
0.000000000000 0.000000000000 0.000000000000 1.000000000000
19 33 66
0.532352980000 -0.700268610000 0.475630290000 -1.953151640000
0.407394010000 0.704453250000 0.581184780000 -1.328181680000
-0.742044760000 -0.115626510000 0.660303020000 1.280598550000
0.000000000000 0.000000000000 0.000000000000 1.000000000000
19 34 66
-0.899453740000 -0.112623870000 0.422254470000 -1.120062760000
-0.434140420000 0.340933740000 -0.833838290000 2.327776350000
-0.050050700000 -0.933316690000 -0.355548700000 3.807872900000
0.000000000000 0.000000000000 0.000000000000 1.000000000000
19 35 66
-0.994762470000 -0.101268100000 -0.013870710000 0.317427480000
0.038871760000 -0.249301000000 -0.967645600000 2.668740400000
0.094533650000 -0.963116700000 0.251931750000 2.273685050000
0.000000000000 0.000000000000 0.000000000000 1.000000000000
19 36 66
-0.591366260000 0.378911840000 -0.711836900000 1.605073040000
-0.124910840000 0.829034800000 0.545067500000 -0.857266320000
0.796670090000 0.411250680000 -0.442933010000 3.453040070000
0.000000000000 0.000000000000 0.000000000000 1.000000000000
19 37 66
0.960348180000 -0.092952730000 0.262851990000 -0.256792680000
0.080228270000 0.995043120000 0.058758910000 0.016994370000
-0.267010870000 -0.035340850000 0.963045280000 1.095984320000
0.000000000000 0.000000000000 0.000000000000 1.000000000000
19 38 66
0.493034050000 -0.529880080000 0.690032260000 -1.950070800000
0.869723240000 0.320546300000 -0.375275300000 0.476134030000
-0.022336380000 0.785160600000 0.618889260000 1.455604640000
0.000000000000 0.000000000000 0.000000000000 1.000000000000
19 39 66
0.925128850000 0.313885930000 -0.213570200000 0.434806490000
-0.367434380000 0.881820930000 -0.295607550000 0.819225380000
0.095543620000 0.351948110000 0.931130470000 0.518817200000
0.000000000000 0.000000000000 0.000000000000 1.000000000000
19 40 66
-0.977642710000 0.134772660000 0.161403430000 -0.355270290000
0.037582240000 -0.643235440000 0.764745550000 -1.346101530000
0.206887200000 0.753713810000 0.623789370000 1.930850910000
0.000000000000 0.000000000000 0.000000000000 1.000000000000
19 41 66
-0.192953390000 0.962646480000 -0.189949310000 0.365940710000
-0.501742620000 0.069562690000 0.862215390000 -1.425268290000
0.843221990000 0.261673050000 0.469578410000 1.623131340000
0.000000000000 0.000000000000 0.000000000000 1.000000000000
19 42 66
0.920099910000 -0.374003740000 0.116350180000 -0.373445920000
0.128192230000 0.568233590000 0.812820610000 -1.700772260000
-0.370112030000 -0.732960980000 0.570776050000 1.425469990000
0.000000000000 0.000000000000 0.000000000000 1.000000000000
19 43 66
-0.965422850000 -0.247496360000 -0.081879590000 -0.165969100000
-0.133438940000 0.738985420000 -0.660374590000 1.886127010000
0.223948130000 -0.626614800000 -0.746459060000 4.853001420000
0.000000000000 0.000000000000 0.000000000000 1.000000000000
19 44 66
0.938719770000 -0.296341010000 -0.176031820000 0.429573820000
-0.332625380000 -0.644948810000 -0.688041700000 2.083390860000
0.090363460000 0.704431000000 -0.703996740000 4.706964710000
0.000000000000 0.000000000000 0.000000000000 1.000000000000
19 45 66
0.384199530000 -0.907766290000 0.168377800000 -0.284953180000
0.834475690000 0.419463990000 0.357351770000 -1.138383850000
-0.395020310000 0.003212800000 0.918666770000 0.463240540000
0.000000000000 0.000000000000 0.000000000000 1.000000000000
19 46 66
-0.193678960000 0.240336550000 -0.951171280000 1.792831380000
-0.269165580000 0.919308030000 0.287093440000 -0.729243270000
0.943418440000 0.311626530000 -0.113360290000 2.795812760000
0.000000000000 0.000000000000 0.000000000000 1.000000000000
19 47 66
0.810748530000 -0.496089070000 0.310777170000 -0.905308640000
-0.533906060000 -0.844344000000 0.045028140000 0.437157500000
0.240064870000 -0.202432310000 -0.949415620000 5.054662210000
0.000000000000 0.000000000000 0.000000000000 1.000000000000
19 48 66
0.509947000000 -0.557733210000 0.654895200000 -2.517758120000
0.278696870000 0.827380840000 0.487615630000 -0.162892770000
-0.813807170000 -0.066140880000 0.577358870000 1.380386350000
0.000000000000 0.000000000000 0.000000000000 1.000000000000
19 49 66
-0.874622030000 0.122643620000 -0.469036090000 1.325857510000
-0.247373240000 0.719153220000 0.649326670000 -0.703454910000
0.416944590000 0.683942390000 -0.598648490000 4.003094650000
0.000000000000 0.000000000000 0.000000000000 1.000000000000
19 50 66
-0.059427960000 0.828853160000 -0.556300960000 1.448555720000
0.038674900000 0.558779260000 0.828414140000 -2.224985230000
0.997483120000 0.027716080000 -0.065262930000 2.463234670000
0.000000000000 0.000000000000 0.000000000000 1.000000000000
19 51 66
0.986970730000 0.145445450000 0.068807010000 -0.372847370000
-0.095185890000 0.872575700000 -0.479115110000 0.937786190000
-0.129724440000 0.466323130000 0.875051030000 0.209290550000
0.000000000000 0.000000000000 0.000000000000 1.000000000000
19 52 66
0.914256530000 0.094429750000 -0.393977190000 1.282321620000
-0.075852530000 0.995158300000 0.062500760000 0.031800940000
0.397971600000 -0.027257570000 0.916992710000 -0.455100740000
0.000000000000 0.000000000000 0.000000000000 1.000000000000
19 53 66
0.963151000000 -0.074054210000 0.258565520000 -0.540766860000
0.058586010000 0.996029100000 0.067035150000 -0.216700610000
-0.262503020000 -0.049416650000 0.963664960000 0.142845730000
0.000000000000 0.000000000000 0.000000000000 1.000000000000
19 54 66
-0.590373470000 -0.694689530000 0.410932610000 -0.629195310000
0.727416120000 -0.237326980000 0.643849130000 -2.093266510000
-0.349749850000 0.679030450000 0.645439920000 1.195680200000
0.000000000000 0.000000000000 0.000000000000 1.000000000000
19 55 66
0.361521540000 -0.115131190000 0.925228070000 -2.404258660000
0.279934570000 0.959966240000 0.010072850000 -0.418144960000
-0.889347410000 0.255361770000 0.379277670000 1.874470070000
0.000000000000 0.000000000000 0.000000000000 1.000000000000
19 56 66
0.493076090000 0.323781610000 -0.807490830000 2.072702900000
0.184010640000 -0.945979820000 -0.266949930000 0.963925330000
-0.850303510000 -0.016960280000 -0.526019290000 4.459243210000
0.000000000000 0.000000000000 0.000000000000 1.000000000000
19 57 66
0.956740530000 -0.128279370000 0.261135910000 -0.109467070000
0.098913790000 0.987502300000 0.122699890000 0.035158500000
-0.273612180000 -0.091562010000 0.957472070000 0.249906940000
0.000000000000 0.000000000000 0.000000000000 1.000000000000
19 58 66
0.812781320000 -0.574013730000 0.099472390000 -0.663989760000
-0.230199520000 -0.159598390000 0.959966940000 -2.525104920000
-0.535158570000 -0.803141700000 -0.261856280000 3.494227200000
0.000000000000 0.000000000000 0.000000000000 1.000000000000
19 59 66
-0.631733580000 0.460517900000 -0.623567120000 1.549957180000
-0.374494180000 0.523005480000 0.765649640000 -1.328924890000
0.678724390000 0.717208840000 -0.157938850000 3.250600340000
0.000000000000 0.000000000000 0.000000000000 1.000000000000
19 60 66
0.963929440000 0.041972820000 0.262827540000 -0.122519010000
-0.266143020000 0.141557560000 0.953482750000 -1.199922870000
0.002815130000 -0.989039810000 0.147622270000 2.296295740000
0.000000000000 0.000000000000 0.000000000000 1.000000000000
19 61 66
-0.798251920000 -0.332434130000 0.502276240000 -0.715617340000
0.592306350000 -0.281791000000 0.754829130000 -1.148212690000
-0.109394040000 0.900045210000 0.421843050000 1.929130650000
0.000000000000 0.000000000000 0.000000000000 1.000000000000
19 62 66
0.966099260000 -0.161050650000 0.201779340000 -0.152338760000
0.118484600000 0.970989220000 0.207704920000 -0.264236910000
-0.229376580000 -0.176755820000 0.957153990000 0.849132820000
0.000000000000 0.000000000000 0.000000000000 1.000000000000
19 63 66
0.856370830000 -0.093952220000 -0.507742040000 1.533344270000
0.399040560000 0.744478330000 0.535274370000 -0.581000640000
0.327712730000 -0.661003030000 0.675040270000 0.892844520000
0.000000000000 0.000000000000 0.000000000000 1.000000000000
19 64 66
0.575143600000 0.379403660000 -0.724750090000 2.015438670000
-0.155562620000 0.920504460000 0.358429650000 -0.622129470000
0.803125210000 -0.093404500000 0.588443280000 1.598230720000
0.000000000000 0.000000000000 0.000000000000 1.000000000000
19 65 66
0.775211670000 0.143443290000 -0.615199880000 1.483866360000
-0.140181940000 -0.910532220000 -0.388947430000 1.094804490000
-0.615951200000 0.387756500000 -0.685747040000 4.646673070000
0.000000000000 0.000000000000 0.000000000000 1.000000000000
20 22 66
0.877859810000 0.137996150000 -0.458605730000 1.388344260000
-0.177017400000 0.983268980000 -0.042976200000 0.149098590000
0.445002240000 0.118908270000 0.887600040000 -0.107378010000
0.000000000000 0.000000000000 0.000000000000 1.000000000000
20 23 66
0.930936810000 -0.047648650000 0.362058370000 -1.279778360000
0.067523340000 0.996814970000 -0.042432570000 -0.650120520000
-0.358883340000 0.063949430000 0.931189140000 0.041261450000
0.000000000000 0.000000000000 0.000000000000 1.000000000000
20 24 66
0.982853660000 0.060665620000 -0.174121690000 0.117841660000
-0.063813270000 0.997883180000 -0.012530930000 0.026378950000
0.172992910000 0.023427340000 0.984644410000 -0.118020460000
0.000000000000 0.000000000000 0.000000000000 1.000000000000
20 25 66
0.965450970000 -0.257559570000 0.039591470000 -0.274738660000
0.210367660000 0.860015340000 0.464886080000 -1.508515090000
-0.153785130000 -0.440495950000 0.884484850000 0.485970210000
0.000000000000 0.000000000000 0.000000000000 1.000000000000
20 26 66
0.008643200000 -0.996176350000 0.086936630000 -0.366964030000
0.440595680000 0.081839590000 0.893967410000 -2.151706190000
-0.897664050000 0.030577170000 0.439618350000 0.688554860000
0.000000000000 0.000000000000 0.000000000000 1.000000000000
20 27 66
0.666204430000 -0.425270480000 0.612630940000 -1.413539110000
-0.283740020000 -0.904234890000 -0.319140830000 1.324258390000
0.689683450000 0.038785130000 -0.723071540000 4.369308950000
0.000000000000 0.000000000000 0.000000000000 1.000000000000
20 28 66
-0.788470040000 0.260656400000 -0.557111510000 1.310863490000
0.546720160000 -0.117978500000 -0.828962090000 2.383361170000
-0.281801450000 -0.958195860000 -0.049483590000 2.638863040000
0.000000000000 0.000000000000 0.000000000000 1.000000000000
20 29 66
-0.318725700000 0.650194840000 -0.689681520000 1.696082000000
0.857694080000 -0.111876350000 -0.501841160000 1.262671600000
-0.403453580000 -0.751485430000 -0.522010400000 3.630375560000
0.000000000000 0.000000000000 0.000000000000 1.000000000000
20 30 66
-0.940587060000 0.161592840000 -0.298636470000 1.004164630000
0.305780250000 0.020717820000 -0.951876680000 2.134141460000
-0.147629360000 -0.986640020000 -0.068898810000 3.115165590000
0.000000000000 0.000000000000 0.000000000000 1.000000000000
20 31 66
-0.597564140000 -0.421307160000 0.682215050000 -1.148616060000
0.780543950000 -0.110946210000 0.615176470000 -1.333437970000
-0.183489080000 0.900106230000 0.395146230000 2.283789340000
0.000000000000 0.000000000000 0.000000000000 1.000000000000
20 32 66
0.787749720000 0.352408660000 0.505231160000 -1.042772430000
-0.615862360000 0.433523050000 0.657853570000 -1.165328790000
0.012803940000 -0.829376810000 0.558542890000 0.489639860000
0.000000000000 0.000000000000 0.000000000000 1.000000000000
20 33 66
0.635035200000 -0.386617080000 0.668773150000 -1.283755650000
0.259745310000 0.922203730000 0.286483240000 -0.445072690000
-0.727504410000 -0.008216260000 0.686053810000 1.134471680000
0.000000000000 0.000000000000 0.000000000000 1.000000000000
20 34 66
-0.412906330000 0.370504380000 -0.832006530000 1.240281920000
-0.546721100000 0.629789680000 0.551779850000 -1.236370530000
0.728425980000 0.682708920000 -0.057481590000 2.935965120000
0.000000000000 0.000000000000 0.000000000000 1.000000000000
20 35 66
-0.797463820000 -0.075371160000 -0.598640660000 1.723379040000
-0.317487910000 0.896121830000 0.310108200000 -0.660833560000
0.513081740000 0.437361250000 -0.738554170000 4.312328930000
0.000000000000 0.000000000000 0.000000000000 1.000000000000
20 36 66
0.309776230000 0.518966420000 -0.796688490000 1.522792480000
-0.421067740000 0.826139370000 0.374427160000 -0.354871210000
0.852490850000 0.219471190000 0.474438350000 0.885465150000
0.000000000000 0.000000000000 0.000000000000 1.000000000000
20 37 66
0.666026890000 0.106624160000 -0.738267890000 2.025024460000
-0.033585500000 0.993013910000 0.113116700000 0.207605760000
0.745171260000 -0.050543670000 0.664954990000 0.329618090000
0.000000000000 0.000000000000 0.000000000000 1.000000000000
20 38 66
0.825113300000 -0.102437410000 -0.555602930000 0.266751230000
0.111437820000 0.993613760000 -0.017700390000 0.415259760000
0.553867900000 -0.047310360000 0.831259330000 0.466421460000
0.000000000000 0.000000000000 0.000000000000 1.000000000000
20 40 66
-0.281364240000 0.901571500000 -0.328638090000 1.191210440000
-0.553189000000 0.127447890000 0.823249030000 -1.545769710000
0.784102090000 0.413431810000 0.462880160000 2.018528240000
0.000000000000 0.000000000000 0.000000000000 1.000000000000
20 41 66
0.639799840000 -0.724165220000 -0.257373080000 0.526414670000
0.611151330000 0.276344970000 0.741705810000 -1.439680580000
-0.465993790000 -0.631837160000 0.619380000000 1.187877300000
0.000000000000 0.000000000000 0.000000000000 1.000000000000
20 42 66
0.573862160000 0.796984770000 0.188407800000 -0.822097770000
-0.558175550000 0.212291380000 0.802104990000 -1.469700960000
0.599268110000 -0.565462330000 0.566683410000 1.123721170000
0.000000000000 0.000000000000 0.000000000000 1.000000000000
20 43 66
-0.151277230000 -0.969189750000 0.194387320000 -0.923262010000
-0.249155390000 -0.152915340000 -0.956315060000 2.643072300000
0.956575550000 -0.193101340000 -0.218346240000 3.326882860000
0.000000000000 0.000000000000 0.000000000000 1.000000000000
20 44 66
0.770961780000 0.422974590000 -0.476141190000 1.566618960000
-0.283947290000 0.897478250000 0.337500700000 -0.968709750000
0.570080580000 -0.125001140000 0.812023920000 0.901175780000
0.000000000000 0.000000000000 0.000000000000 1.000000000000
20 45 66
0.183627010000 0.803538690000 -0.566221410000 0.878726300000
-0.863128960000 0.407453360000 0.298312190000 -0.825230290000
0.470414210000 0.433943920000 0.768376960000 0.386612620000
0.000000000000 0.000000000000 0.000000000000 1.000000000000
20 46 66
0.836621630000 -0.349804690000 0.421545870000 -1.338170610000
0.459981050000 0.866507310000 -0.193862120000 0.403802190000
-0.297458700000 0.356092360000 0.885842290000 0.324940640000
0.000000000000 0.000000000000 0.000000000000 1.000000000000
20 47 66
0.690290700000 -0.416804220000 0.591416090000 -1.427456720000
0.318122220000 0.908993520000 0.269312130000 -0.058316420000
-0.649843830000 0.002238940000 0.760064460000 0.783478920000
0.000000000000 0.000000000000 0.000000000000 1.000000000000
20 48 66
0.711989390000 -0.474432650000 0.517672460000 -1.991454930000
0.260111130000 0.862975760000 0.433145520000 -0.100556560000
-0.652237160000 -0.173742650000 0.737834790000 0.719640770000
0.000000000000 0.000000000000 0.000000000000 1.000000000000
20 49 66
0.722453400000 -0.157127160000 0.673329140000 -2.399451010000
-0.375949730000 0.728027410000 0.573269470000 -0.502539120000
-0.580278280000 -0.667298390000 0.466893960000 1.260096390000
0.000000000000 0.000000000000 0.000000000000 1.000000000000
20 50 66
0.984876640000 -0.139884060000 0.102227480000 -0.314001470000
0.154923120000 0.975185970000 -0.158149130000 0.121725230000
-0.077568260000 0.171594790000 0.982109160000 -0.010882870000
0.000000000000 0.000000000000 0.000000000000 1.000000000000
20 51 66
0.996851040000 0.044389400000 0.065708380000 -0.170779690000
-0.057867630000 0.973765890000 0.220071180000 -0.812112190000
-0.054215750000 -0.223180570000 0.973268250000 0.052478890000
0.000000000000 0.000000000000 0.000000000000 1.000000000000
20 53 66
-0.855451060000 0.071968580000 -0.512858660000 1.259600240000
-0.478453150000 -0.488839640000 0.729464450000 -1.813856770000
-0.198207110000 0.869399980000 0.452611980000 1.557495550000
0.000000000000 0.000000000000 0.000000000000 1.000000000000
20 54 66
0.944343820000 0.325104090000 -0.050220270000 -0.297319630000
0.141688740000 -0.539754250000 -0.829813020000 2.757865990000
-0.296882220000 0.776513160000 -0.555777180000 4.525519760000
0.000000000000 0.000000000000 0.000000000000 1.000000000000
20 55 66
0.416324610000 -0.382607210000 0.824794240000 -1.166359210000
-0.347691890000 -0.905194990000 -0.244402090000 1.591323420000
0.840109620000 -0.185023670000 -0.509884370000 4.028004440000
0.000000000000 0.000000000000 0.000000000000 1.000000000000
20 56 66
0.471229260000 0.370573550000 -0.800386300000 2.106294870000
-0.253737560000 0.926051440000 0.279367110000 -0.667250270000
0.844724950000 0.071442110000 0.530410960000 1.826600410000
0.000000000000 0.000000000000 0.000000000000 1.000000000000
20 57 66
-0.112846560000 -0.458108460000 0.881704200000 -1.932112260000
0.609818360000 0.668656900000 0.425463880000 -0.691758880000
-0.784466200000 0.585691540000 0.203907320000 1.747539200000
0.000000000000 0.000000000000 0.000000000000 1.000000000000
20 58 66
0.984655800000 0.098159290000 -0.144283460000 1.371513930000
-0.073872500000 0.983527170000 0.164976230000 -0.053910780000
0.158100650000 -0.151786220000 0.975687000000 0.099476560000
0.000000000000 0.000000000000 0.000000000000 1.000000000000
20 59 66
0.681392480000 -0.480727490000 0.551910650000 -1.620178350000
-0.117643580000 0.672321300000 0.730851600000 -1.242688080000
-0.722401740000 -0.562925530000 0.401560170000 1.982483600000
0.000000000000 0.000000000000 0.000000000000 1.000000000000
20 60 66
0.770845810000 0.379803690000 -0.511415580000 1.365105110000
-0.181088400000 0.900350700000 0.395696370000 -0.545769660000
0.610740310000 -0.212409460000 0.762809600000 1.132275440000
0.000000000000 0.000000000000 0.000000000000 1.000000000000
20 61 66
0.051434910000 -0.733592640000 0.677640240000 -0.647085590000
0.297973600000 0.658904510000 0.690692830000 -1.115233800000
-0.953187380000 0.166393180000 0.252481930000 1.867313100000
0.000000000000 0.000000000000 0.000000000000 1.000000000000
20 62 66
0.870820250000 -0.450827630000 -0.196026880000 1.050258950000
0.487911860000 0.841362650000 0.232488500000 -0.415029580000
0.060117460000 -0.298099540000 0.952639780000 0.582968250000
0.000000000000 0.000000000000 0.000000000000 1.000000000000
20 63 66
-0.796797990000 0.403265530000 0.449988740000 -1.097353600000
-0.417128510000 0.171697330000 -0.892481840000 2.452648080000
-0.437169030000 -0.898830870000 0.031405460000 2.202855250000
0.000000000000 0.000000000000 0.000000000000 1.000000000000
20 64 66
-0.180786760000 0.436915260000 -0.881147660000 2.597533850000
-0.245070560000 0.847639670000 0.470581990000 -1.119233870000
0.952500170000 0.301018340000 -0.046166960000 3.228990880000
0.000000000000 0.000000000000 0.000000000000 1.000000000000
21 23 66
-0.614995520000 -0.194574480000 0.764147420000 -2.540180120000
0.530651960000 0.614678980000 0.583590820000 -2.412894830000
-0.583257240000 0.764402070000 -0.274773490000 2.852688800000
0.000000000000 0.000000000000 0.000000000000 1.000000000000
21 24 66
0.897357270000 0.125205560000 -0.423170780000 1.009512860000
-0.235016470000 0.947203490000 -0.218111930000 0.349624980000
0.373520010000 0.295176430000 0.879405300000 0.138748270000
0.000000000000 0.000000000000 0.000000000000 1.000000000000
21 25 66
-0.268841680000 -0.714232190000 0.646217100000 -2.439703600000
0.305976380000 0.572834980000 0.760419970000 -2.065507690000
-0.913292180000 0.402159750000 0.064536260000 2.082944550000
0.000000000000 0.000000000000 0.000000000000 1.000000000000
21 26 66
0.858324550000 0.319516100000 -0.401482790000 1.697335270000
-0.327569860000 -0.261037700000 -0.908051380000 3.000154100000
-0.394939180000 0.910916450000 -0.119391220000 2.871293720000
0.000000000000 0.000000000000 0.000000000000 1.000000000000
21 27 66
0.627574100000 0.545572460000 -0.555429060000 1.073432230000
-0.567395050000 0.809002350000 0.153551490000 -0.635555890000
0.533116870000 0.218782760000 0.817264030000 0.783854230000
0.000000000000 0.000000000000 0.000000000000 1.000000000000
21 28 66
0.610547600000 -0.125051860000 0.782044540000 -1.395490730000
-0.400839870000 0.802849090000 0.441317060000 -0.902255340000
-0.683051260000 -0.582919700000 0.440051810000 1.369902100000
0.000000000000 0.000000000000 0.000000000000 1.000000000000
21 29 66
-0.819921800000 0.125035780000 -0.558654010000 1.150963640000
0.559934040000 -0.027986800000 -0.828064370000 1.841690500000
-0.119172610000 -0.991757430000 -0.047064800000 3.144229690000
0.000000000000 0.000000000000 0.000000000000 1.000000000000
21 30 66
0.047534140000 0.995135980000 0.086283770000 -0.427063950000
-0.341051290000 -0.065021020000 0.937793300000 -1.408933370000
0.938842120000 -0.074004390000 0.336301700000 1.443325840000
0.000000000000 0.000000000000 0.000000000000 1.000000000000
21 31 66
0.034410650000 0.783769080000 -0.620098330000 1.873154080000
0.758792200000 -0.424293350000 -0.494175620000 0.764549390000
-0.650423170000 -0.453520870000 -0.609318080000 4.442394770000
0.000000000000 0.000000000000 0.000000000000 1.000000000000
21 32 66
0.005815400000 0.562287150000 -0.826921610000 2.094253340000
-0.462474610000 0.734696930000 0.496324150000 -0.853463000000
0.886613460000 0.379543920000 0.264316080000 1.965568570000
0.000000000000 0.000000000000 0.000000000000 1.000000000000
21 33 66
-0.992708370000 -0.036615390000 -0.114845130000 0.384354570000
-0.090120380000 -0.407286600000 0.908843190000 -2.778322370000
-0.080052530000 0.912566130000 0.401017030000 2.176971020000
0.000000000000 0.000000000000 0.000000000000 1.000000000000
21 34 66
0.209690210000 -0.428939290000 0.878658690000 -1.325052600000
0.288735030000 0.885726670000 0.363483640000 -0.724214070000
-0.934163850000 0.177480580000 0.309578010000 1.472111110000
0.000000000000 0.000000000000 0.000000000000 1.000000000000
21 35 66
0.992134440000 0.107172760000 -0.064678000000 -0.228703500000
-0.107843470000 0.994143530000 -0.006959300000 -0.262608000000
0.063553360000 0.013879670000 0.997881920000 1.173696160000
0.000000000000 0.000000000000 0.000000000000 1.000000000000
21 36 66
0.421918540000 -0.804839660000 0.417394140000 -1.220591280000
-0.004319320000 -0.462157070000 -0.886787570000 2.402365850000
0.906623450000 0.372349260000 -0.198469000000 2.993741210000
0.000000000000 0.000000000000 0.000000000000 1.000000000000
21 37 66
0.724878420000 -0.612545020000 0.315182290000 -1.140322540000
-0.019005560000 -0.475139370000 -0.879705280000 2.261979640000
0.688614600000 0.631689150000 -0.356060040000 3.926485350000
0.000000000000 0.000000000000 0.000000000000 1.000000000000
21 38 66
0.992690970000 -0.090391790000 0.079962230000 -1.577815560000
0.085981480000 0.994665770000 0.056984180000 -0.070840200000
-0.084686600000 -0.049692410000 0.995167750000 0.398166360000
0.000000000000 0.000000000000 0.000000000000 1.000000000000
21 39 66
-0.029906150000 0.716692460000 -0.696747830000 1.996485280000
-0.281005700000 0.662918360000 0.693956080000 -1.516255920000
0.959240020000 0.216543660000 0.181569330000 2.425688750000
0.000000000000 0.000000000000 0.000000000000 1.000000000000
21 40 66
0.973505030000 -0.225955190000 0.035102940000 -0.025677990000
0.149967640000 0.746780460000 0.647941850000 -1.103905440000
-0.172620020000 -0.625510350000 0.760880500000 1.454636570000
0.000000000000 0.000000000000 0.000000000000 1.000000000000
21 41 66
-0.054788340000 -0.997528360000 0.043993190000 -0.502606470000
-0.463921090000 -0.013584060000 -0.885772370000 1.806356980000
0.884180670000 -0.068939360000 -0.462030200000 3.612858020000
0.000000000000 0.000000000000 0.000000000000 1.000000000000
21 42 66
0.964983750000 -0.058278780000 0.255753670000 -0.520474850000
0.001525960000 0.976237420000 0.216698340000 -0.899452350000
-0.262305210000 -0.208720110000 0.942142180000 0.933971350000
0.000000000000 0.000000000000 0.000000000000 1.000000000000
21 43 66
0.119263170000 -0.737982980000 0.664196820000 -2.177072070000
0.221844170000 0.671865670000 0.706669430000 -1.298317250000
-0.967761060000 0.063068550000 0.243846050000 1.640776550000
0.000000000000 0.000000000000 0.000000000000 1.000000000000
21 44 66
-0.822631470000 -0.241791360000 0.514601210000 -2.591544230000
0.522654320000 0.034756820000 0.851835910000 -1.966022000000
-0.223852460000 0.969705570000 0.097781250000 2.238934130000
0.000000000000 0.000000000000 0.000000000000 1.000000000000
21 45 66
0.474313220000 -0.810665330000 0.343290970000 -1.124273200000
0.842305410000 0.531291400000 0.090835270000 -0.937807880000
-0.256024540000 0.246071480000 0.934826330000 0.479411880000
0.000000000000 0.000000000000 0.000000000000 1.000000000000
21 46 66
0.448708490000 0.289269090000 -0.845567320000 2.025682040000
-0.207617410000 0.954019940000 0.216196610000 -0.799731920000
0.869227070000 0.078545250000 0.488134140000 1.124647000000
0.000000000000 0.000000000000 0.000000000000 1.000000000000
21 47 66
-0.194043570000 0.736758760000 -0.647714150000 1.522104260000
-0.620406720000 0.419287680000 0.662792080000 -1.448765640000
0.759896440000 0.530456750000 0.375730010000 2.137755400000
0.000000000000 0.000000000000 0.000000000000 1.000000000000
21 48 66
-0.002784812040 -0.560570663000 0.828101912000 -2.302932550000
-0.715484453000 -0.577418675000 -0.393280652000 0.993675608000
0.698623104000 -0.593589256000 -0.399471592000 3.536501260000
0.000000000000 0.000000000000 0.000000000000 1.000000000000
21 49 66
-0.532651410000 -0.342276230000 0.774034530000 -2.114273250000
0.391492940000 0.711196190000 0.583894910000 -1.181858840000
-0.750343760000 0.614041500000 -0.244820930000 3.799572030000
0.000000000000 0.000000000000 0.000000000000 1.000000000000
21 50 66
-0.806869350000 -0.160460490000 -0.568519370000 1.773309320000
-0.501531950000 -0.322443510000 0.802805010000 -1.803743520000
-0.312133870000 0.932889390000 0.179693720000 2.457999600000
0.000000000000 0.000000000000 0.000000000000 1.000000000000
21 51 66
0.997503690000 0.027974620000 -0.064836860000 0.124204930000
-0.026334460000 0.999314620000 0.026014990000 -0.223978770000
0.065520180000 -0.024242610000 0.997556720000 -0.594430590000
0.000000000000 0.000000000000 0.000000000000 1.000000000000
21 52 66
0.994364150000 0.065342380000 0.083488350000 -0.401914980000
-0.104180130000 0.748244410000 0.655192190000 -1.574178180000
-0.019657880000 -0.660197460000 0.750834790000 0.165320080000
0.000000000000 0.000000000000 0.000000000000 1.000000000000
21 53 66
-0.968051230000 0.229745160000 -0.100468790000 0.856459680000
-0.197143120000 -0.449726610000 0.871137510000 -2.509896900000
0.154956140000 0.863112470000 0.480651080000 1.298829680000
0.000000000000 0.000000000000 0.000000000000 1.000000000000
21 54 66
-0.791050610000 -0.111560880000 0.601492400000 -1.442355570000
0.594554120000 0.091285910000 0.798856860000 -2.697044430000
-0.144028960000 0.989555990000 -0.005882800000 2.794835690000
0.000000000000 0.000000000000 0.000000000000 1.000000000000
21 55 66
-0.964929970000 0.144462660000 -0.219181880000 0.324777300000
0.010361650000 0.855264520000 0.518088060000 -1.929879590000
0.262302860000 0.497647610000 -0.826767240000 4.521550390000
0.000000000000 0.000000000000 0.000000000000 1.000000000000
21 56 66
0.701480030000 0.285971640000 -0.652798590000 1.732128640000
-0.253446790000 0.956187070000 0.146529920000 -0.514238460000
0.666100970000 0.062661890000 0.743224720000 1.197687250000
0.000000000000 0.000000000000 0.000000000000 1.000000000000
21 57 66
-0.825162560000 -0.222822490000 0.519092370000 -1.605982250000
-0.238767850000 -0.695222830000 -0.677978710000 2.511818820000
0.511953770000 -0.683385220000 0.520469000000 1.518533200000
0.000000000000 0.000000000000 0.000000000000 1.000000000000
21 58 66
-0.073102030000 -0.847790320000 0.525269130000 -2.505856410000
0.177390130000 0.507227390000 0.843358240000 -2.079684770000
-0.981421840000 0.154828760000 0.113310290000 2.486156420000
0.000000000000 0.000000000000 0.000000000000 1.000000000000
21 59 66
0.344674270000 0.924095020000 -0.165069800000 -0.455016950000
-0.672328850000 0.365733340000 0.643593850000 -1.240932930000
0.655113400000 -0.110849050000 0.747354610000 1.310210400000
0.000000000000 0.000000000000 0.000000000000 1.000000000000
21 60 66
0.963142440000 -0.115470480000 0.242946930000 -0.501607080000
0.060539370000 0.973055520000 0.222481310000 -0.654306090000
-0.262090870000 -0.199573340000 0.944181580000 1.379990350000
0.000000000000 0.000000000000 0.000000000000 1.000000000000
21 61 66
0.251115310000 -0.680486660000 0.688388700000 -1.163532940000
0.349990370000 0.726892120000 0.590876120000 -1.004113890000
-0.902467640000 0.092551380000 0.420697520000 1.740629570000
0.000000000000 0.000000000000 0.000000000000 1.000000000000
21 62 66
0.729657070000 0.363328050000 -0.579304140000 1.291577340000
0.012788690000 0.839768500000 0.542794000000 -1.297845060000
0.683693650000 -0.403462020000 0.608096530000 1.423382190000
0.000000000000 0.000000000000 0.000000000000 1.000000000000
21 63 66
0.742386070000 -0.311004530000 0.593413090000 -1.772157980000
0.237440480000 0.950371780000 0.201036050000 -0.276405150000
-0.626486180000 -0.008346070000 0.779387840000 0.229658980000
0.000000000000 0.000000000000 0.000000000000 1.000000000000
21 64 66
0.771722570000 -0.054407700000 -0.633627720000 1.417369930000
0.127780550000 0.989280580000 0.070682900000 0.016847640000
0.622989900000 -0.135512890000 0.770402390000 1.159478290000
0.000000000000 0.000000000000 0.000000000000 1.000000000000
21 65 66
0.977542940000 -0.029968980000 -0.208594480000 0.808096500000
0.040867770000 0.998004400000 0.048135630000 -0.269859160000
0.206735630000 -0.055579440000 0.976816930000 0.473073690000
0.000000000000 0.000000000000 0.000000000000 1.000000000000
22 24 66
0.961034480000 0.182556020000 -0.207571750000 0.711016060000
-0.276344460000 0.653001650000 -0.705140110000 1.776227810000
0.006817120000 0.735025270000 0.678005450000 0.968874590000
0.000000000000 0.000000000000 0.000000000000 1.000000000000
22 25 66
-0.023937257200 -0.612961936000 0.789749753000 -2.264326320000
0.028104688400 0.789251274000 0.613426894000 -1.395531240000
-0.999318335000 0.036879428100 -0.001665406550 3.265456190000
0.000000000000 0.000000000000 0.000000000000 1.000000000000
22 26 66
-0.952221750000 0.255869360000 0.166747130000 -0.364541330000
-0.002594770000 -0.552740660000 0.833349280000 -2.546149080000
0.305396470000 0.793100640000 0.526995600000 1.484254920000
0.000000000000 0.000000000000 0.000000000000 1.000000000000
22 27 66
-0.120324790000 -0.262069190000 0.957518500000 -1.855524780000
0.423171680000 0.858967020000 0.288273110000 -0.586572810000
-0.898024320000 0.439881120000 0.007545230000 2.471588370000
0.000000000000 0.000000000000 0.000000000000 1.000000000000
22 28 66
-0.608229570000 -0.354183970000 0.710359420000 -1.931833700000
0.210691800000 0.790787830000 0.574685630000 -0.838183610000
-0.765288030000 0.499207700000 -0.406356880000 3.410781820000
0.000000000000 0.000000000000 0.000000000000 1.000000000000
22 29 66
0.992234770000 0.116483930000 -0.043608070000 -0.474898530000
-0.102261180000 0.963583050000 0.247083720000 -0.235354950000
0.070801280000 -0.240705640000 0.968012380000 1.195538580000
0.000000000000 0.000000000000 0.000000000000 1.000000000000
22 30 66
0.300429800000 -0.923609100000 0.238092750000 -0.904663240000
-0.149682300000 -0.292185910000 -0.944575360000 2.248575400000
0.941985740000 0.248140320000 -0.226029290000 3.325968830000
0.000000000000 0.000000000000 0.000000000000 1.000000000000
22 31 66
-0.872165000000 0.354960000000 -0.336647600000 0.589346400000
-0.030693580000 0.647083300000 0.761801220000 -0.899022490000
0.488248000000 0.674749290000 -0.553468420000 2.902814190000
0.000000000000 0.000000000000 0.000000000000 1.000000000000
22 32 66
-0.415614950000 -0.379418880000 0.826622970000 -2.239376640000
0.115340810000 0.879512240000 0.461686810000 -0.669641440000
-0.902197710000 0.287227310000 -0.321775950000 3.890700230000
0.000000000000 0.000000000000 0.000000000000 1.000000000000
22 33 66
0.177512840000 -0.392086300000 0.902639200000 -2.876265010000
0.100891570000 0.919623590000 0.379622630000 -0.547702220000
-0.978933130000 0.023680800000 0.202803200000 2.453792330000
0.000000000000 0.000000000000 0.000000000000 1.000000000000
22 34 66
0.734418623000 0.341563798000 -0.586483980000 0.735239694000
-0.267068914000 0.939858558000 0.212932115000 -0.384862146000
0.623941890000 0.000250329001 0.781470700000 1.503547820000
0.000000000000 0.000000000000 0.000000000000 1.000000000000
22 35 66
-0.813099550000 -0.031155230000 0.581290350000 -0.550947800000
0.260420960000 0.873602860000 0.411094840000 -0.908118060000
-0.520624660000 0.485641220000 -0.702212620000 4.428507040000
0.000000000000 0.000000000000 0.000000000000 1.000000000000
22 36 66
0.803383800000 -0.240890290000 0.544560690000 -1.805335400000
0.170187340000 0.969259910000 0.177683670000 -0.294782660000
-0.570623120000 -0.050070850000 0.819684190000 1.399129730000
0.000000000000 0.000000000000 0.000000000000 1.000000000000
22 37 66
0.251712940000 -0.911979710000 0.323934570000 -1.256765540000
-0.110031540000 -0.359508520000 -0.926631900000 2.649082350000
0.961526730000 0.197602220000 -0.190839480000 2.929754610000
0.000000000000 0.000000000000 0.000000000000 1.000000000000
22 38 66
-0.924675510000 0.359573760000 0.125227440000 0.365082860000
0.370942740000 0.776539070000 0.509302030000 -1.142697920000
0.085887650000 0.517391330000 -0.851427930000 4.823791460000
0.000000000000 0.000000000000 0.000000000000 1.000000000000
22 39 66
-0.676990690000 0.718268850000 0.160541190000 -0.903844440000
0.501874580000 0.290976340000 0.814527270000 -1.299236430000
0.538335880000 0.631998920000 -0.557469150000 3.926418630000
0.000000000000 0.000000000000 0.000000000000 1.000000000000
22 40 66
-0.240080850000 -0.513040630000 0.824105880000 -1.140968550000
0.395184220000 0.723754190000 0.565693650000 -0.962601970000
-0.886673910000 0.461485850000 0.028986040000 2.612914550000
0.000000000000 0.000000000000 0.000000000000 1.000000000000
22 41 66
-0.923059630000 -0.383090460000 -0.034678920000 -0.185836360000
-0.016938610000 -0.049586010000 0.998626210000 -1.855778610000
-0.384283760000 0.922378950000 0.039281830000 2.938233010000
0.000000000000 0.000000000000 0.000000000000 1.000000000000
22 42 66
0.215299240000 -0.975615570000 0.042667280000 -0.969042460000
-0.092456070000 0.023131390000 0.995448050000 -1.953049980000
-0.972161570000 -0.218264060000 -0.085221410000 2.826103150000
0.000000000000 0.000000000000 0.000000000000 1.000000000000
22 43 66
0.701135230000 -0.707521280000 -0.088447840000 0.019812540000
-0.151765890000 -0.026878970000 -0.988050930000 2.876020170000
0.696689670000 0.706180680000 -0.126223390000 2.761339880000
0.000000000000 0.000000000000 0.000000000000 1.000000000000
22 44 66
0.829448690000 -0.002665940000 -0.558576560000 1.900529950000
0.086313950000 0.988589640000 0.123452140000 -0.322098600000
0.551873880000 -0.150610170000 0.820214480000 0.927089990000
0.000000000000 0.000000000000 0.000000000000 1.000000000000
22 45 66
-0.378697830000 0.782218740000 0.494693640000 -1.648548720000
0.566984030000 -0.226389140000 0.792008250000 -2.237437790000
0.731516960000 0.580415200000 -0.357772460000 3.838150720000
0.000000000000 0.000000000000 0.000000000000 1.000000000000
22 46 66
-0.139181470000 -0.226164820000 0.964094390000 -2.507424480000
0.384020480000 0.885057200000 0.263062770000 -0.680890900000
-0.912774230000 0.406845450000 -0.036331640000 2.446059220000
0.000000000000 0.000000000000 0.000000000000 1.000000000000
22 47 66
0.864326060000 -0.059924480000 -0.499349090000 1.624071960000
-0.139090690000 -0.982632240000 -0.122831870000 0.479868140000
-0.483315880000 0.175621600000 -0.857649590000 4.474090880000
0.000000000000 0.000000000000 0.000000000000 1.000000000000
22 48 66
-0.803767490000 0.468308600000 -0.366939880000 1.326111880000
-0.071443040000 0.536326110000 0.840981680000 -1.144359130000
0.590638390000 0.702169040000 -0.397624110000 3.698271650000
0.000000000000 0.000000000000 0.000000000000 1.000000000000
22 49 66
0.839564020000 0.038380350000 0.541903320000 -1.587487360000
-0.263275280000 0.901283450000 0.344055610000 -0.047864740000
-0.475203520000 -0.431526460000 0.766789760000 1.232242470000
0.000000000000 0.000000000000 0.000000000000 1.000000000000
22 50 66
-0.209901530000 -0.627914740000 0.749442740000 -2.086365040000
0.568055890000 0.545552300000 0.616186010000 -1.862117150000
-0.795772490000 0.555063750000 0.242178400000 2.634321470000
0.000000000000 0.000000000000 0.000000000000 1.000000000000
22 51 66
0.761345900000 0.425290650000 0.489367230000 -1.392068640000
-0.575379310000 0.095332270000 0.812311770000 -2.361411960000
0.298816110000 -0.900022010000 0.317284270000 2.116303660000
0.000000000000 0.000000000000 0.000000000000 1.000000000000
22 52 66
0.883337170000 -0.107265530000 0.456299850000 -1.428492010000
0.115396490000 0.993268140000 0.010101760000 -0.032536370000
-0.454311670000 0.043732140000 0.889768740000 0.144878540000
0.000000000000 0.000000000000 0.000000000000 1.000000000000
22 53 66
-0.968559150000 -0.245851540000 0.038081280000 0.379029740000
0.073432000000 -0.136264920000 0.987947170000 -2.540288490000
-0.237699190000 0.959681660000 0.150034010000 2.277182250000
0.000000000000 0.000000000000 0.000000000000 1.000000000000
22 54 66
-0.742301410000 -0.335648030000 0.579938810000 -1.068210070000
0.532525100000 0.229809720000 0.814619240000 -2.456019200000
-0.406700920000 0.913524980000 0.008152930000 2.457128530000
0.000000000000 0.000000000000 0.000000000000 1.000000000000
22 55 66
0.874618390000 -0.039223640000 0.483222700000 -1.728476040000
0.139572570000 0.974895430000 -0.173488920000 -0.158773290000
-0.464286740000 0.219181240000 0.858136010000 0.997419730000
0.000000000000 0.000000000000 0.000000000000 1.000000000000
22 56 66
0.361282350000 0.638003010000 -0.680020020000 2.218877590000
0.008029850000 0.727122260000 0.686461020000 -1.607321150000
0.932421890000 -0.253466710000 0.257573370000 2.289893090000
0.000000000000 0.000000000000 0.000000000000 1.000000000000
22 57 66
0.317587390000 0.442258660000 -0.838776210000 2.216692450000
-0.242550450000 0.893032210000 0.379028700000 -0.918290310000
0.916682890000 0.083070810000 0.390885810000 2.387288330000
0.000000000000 0.000000000000 0.000000000000 1.000000000000
22 58 66
-0.987552202000 0.054402220500 0.147584036000 -0.188712764000
0.157279645000 0.353108123000 0.922267731000 -2.224918870000
-0.001939709420 0.933999493000 -0.357269066000 4.231479680000
0.000000000000 0.000000000000 0.000000000000 1.000000000000
22 59 66
0.589396200000 -0.677175470000 0.440505960000 -1.502529280000
-0.694993760000 -0.703018430000 -0.150826930000 0.813929650000
0.411820100000 -0.217252070000 -0.884989120000 5.378071200000
0.000000000000 0.000000000000 0.000000000000 1.000000000000
22 60 66
-0.977381970000 0.209224880000 -0.030812830000 0.279397180000
-0.194431860000 -0.831681700000 0.520097880000 -0.810757620000
0.083190950000 0.514325290000 0.853550680000 1.414372180000
0.000000000000 0.000000000000 0.000000000000 1.000000000000
22 61 66
-0.955401990000 -0.031066520000 0.293669720000 -0.755130820000
0.247934620000 0.455838840000 0.854832950000 -1.232210800000
-0.160422740000 0.889520000000 -0.427806870000 3.181784850000
0.000000000000 0.000000000000 0.000000000000 1.000000000000
22 62 66
-0.980000840000 0.053450670000 0.191680390000 -1.577766090000
0.163615590000 0.764692840000 0.623277460000 -1.104044510000
-0.113262030000 0.642174340000 -0.758144990000 4.147939740000
0.000000000000 0.000000000000 0.000000000000 1.000000000000
22 63 66
0.934287440000 -0.112634720000 0.338260840000 -0.441034670000
0.074928580000 0.989627030000 0.122572660000 0.006822270000
-0.348558000000 -0.089172690000 0.933035660000 0.150242170000
0.000000000000 0.000000000000 0.000000000000 1.000000000000
22 64 66
0.645463170000 0.289723180000 -0.706709120000 1.962626310000
-0.032423420000 0.934824060000 0.353627920000 -0.623019950000
0.763102890000 -0.205339870000 0.612788320000 1.386578430000
0.000000000000 0.000000000000 0.000000000000 1.000000000000
22 65 66
-0.533123250000 -0.358930130000 0.766125810000 -2.221745520000
0.617746110000 0.453588070000 0.642376530000 -1.066975510000
-0.578073820000 0.815737100000 -0.020090660000 2.508519770000
0.000000000000 0.000000000000 0.000000000000 1.000000000000
23 25 66
0.999359863000 0.032528057400 0.014892624800 -0.221958746000
-0.035772378200 0.903354666000 0.427399911000 -0.235614421000
0.000449166754 -0.427659061000 0.903940001000 0.358772026000
0.000000000000 0.000000000000 0.000000000000 1.000000000000
23 26 66
0.915673930000 -0.401154350000 0.024828270000 -0.325975490000
0.281413650000 0.684007940000 0.673007800000 -0.934521040000
-0.286962740000 -0.609268680000 0.739218550000 0.757856760000
0.000000000000 0.000000000000 0.000000000000 1.000000000000
23 27 66
-0.939997710000 0.210891040000 0.268196360000 -0.937047040000
0.307302070000 0.181832390000 0.934078380000 -1.634061040000
0.148221970000 0.960448830000 -0.235729280000 4.184459710000
0.000000000000 0.000000000000 0.000000000000 1.000000000000
23 28 66
0.880216630000 -0.239853660000 0.409498350000 -1.438312820000
0.033210140000 0.891895380000 0.451020760000 0.103360740000
-0.473408660000 -0.383396480000 0.793026720000 1.186769980000
0.000000000000 0.000000000000 0.000000000000 1.000000000000
23 29 66
0.694655140000 -0.465698130000 0.548251300000 -1.279528430000
-0.264532820000 0.543370340000 0.796725210000 -0.196303480000
-0.668936930000 -0.698479730000 0.254262560000 2.458893640000
0.000000000000 0.000000000000 0.000000000000 1.000000000000
23 30 66
0.914065120000 -0.211231710000 0.346216880000 -0.790792610000
-0.320699830000 0.146114900000 0.935842970000 -0.329795760000
-0.248267150000 -0.966453100000 0.065816560000 2.712897010000
0.000000000000 0.000000000000 0.000000000000 1.000000000000
23 31 66
0.991595620000 0.106355770000 0.073665330000 -0.730047150000
0.098675610000 -0.253474070000 -0.962296220000 3.388370490000
-0.083673500000 0.961477690000 -0.261838500000 3.432958250000
0.000000000000 0.000000000000 0.000000000000 1.000000000000
23 32 66
-0.987736490000 -0.057827570000 -0.145026210000 0.566444320000
-0.127839660000 -0.233699050000 0.963868130000 -1.692784750000
-0.089630640000 0.970587830000 0.223440420000 3.043076650000
0.000000000000 0.000000000000 0.000000000000 1.000000000000
23 33 66
0.510051670000 -0.822899000000 0.250368780000 -1.183430250000
0.147112450000 -0.203330900000 -0.967995080000 4.061011550000
0.847469890000 0.530559870000 0.017349430000 2.985091000000
0.000000000000 0.000000000000 0.000000000000 1.000000000000
23 34 66
-0.706294130000 -0.061223690000 0.705266100000 -1.571286600000
-0.707516120000 0.094634120000 -0.700332300000 3.114906620000
-0.023865300000 -0.993627720000 -0.110156270000 3.217219110000
0.000000000000 0.000000000000 0.000000000000 1.000000000000
23 35 66
0.979022630000 -0.161668410000 -0.124008140000 -0.205068050000
-0.196025570000 -0.581348180000 -0.789688720000 2.975260980000
0.055575810000 0.797431890000 -0.600844170000 4.001118160000
0.000000000000 0.000000000000 0.000000000000 1.000000000000
23 36 66
0.525977160000 -0.742554270000 0.414682020000 -1.439737630000
0.410179530000 -0.205650360000 -0.888516000000 3.366869690000
0.745050860000 0.637433200000 0.196413170000 1.990549120000
0.000000000000 0.000000000000 0.000000000000 1.000000000000
23 37 66
0.650740500000 -0.623955630000 0.432684850000 -0.931382430000
0.092532810000 -0.500432190000 -0.860816650000 3.259635280000
0.753640820000 0.600205800000 -0.267915120000 3.541127390000
0.000000000000 0.000000000000 0.000000000000 1.000000000000
23 38 66
0.089441480000 -0.878682880000 0.468952680000 -1.236348460000
0.980901770000 0.159361760000 0.111514750000 0.010819760000
-0.172719230000 0.450022470000 0.876155150000 1.140151770000
0.000000000000 0.000000000000 0.000000000000 1.000000000000
23 39 66
0.330737360000 0.709540100000 -0.622226360000 1.211769570000
-0.018359360000 0.664044480000 0.747467630000 -0.591127670000
0.943544240000 -0.235791790000 0.232651020000 2.762487540000
0.000000000000 0.000000000000 0.000000000000 1.000000000000
23 40 66
0.675828430000 0.733372820000 0.073622220000 -0.380275040000
0.140418060000 -0.226166080000 0.963914760000 -0.773285340000
0.723559740000 -0.641103120000 -0.255828250000 3.219495920000
0.000000000000 0.000000000000 0.000000000000 1.000000000000
23 41 66
0.734474380000 -0.470665790000 0.488897840000 -1.017713990000
-0.425611160000 0.241655690000 0.872042240000 -0.706660780000
-0.528585400000 -0.848573060000 -0.022830700000 2.369485610000
0.000000000000 0.000000000000 0.000000000000 1.000000000000
23 42 66
-0.270647770000 0.885657810000 -0.377306270000 -0.189286680000
-0.255582270000 0.311763020000 0.915140170000 -0.996307250000
0.928131180000 0.344113440000 0.141980470000 2.826339030000
0.000000000000 0.000000000000 0.000000000000 1.000000000000
23 43 66
0.971012640000 0.007796990000 0.238900940000 -1.122403760000
-0.229769660000 0.305922240000 0.923914220000 -0.862724810000
-0.065881360000 -0.952024580000 0.298845870000 1.942838850000
0.000000000000 0.000000000000 0.000000000000 1.000000000000
23 44 66
-0.323444800000 0.946173510000 -0.011796290000 0.030026870000
0.695310690000 0.246107270000 0.675258660000 -0.584593320000
0.641815010000 0.210206820000 -0.737486670000 4.638800890000
0.000000000000 0.000000000000 0.000000000000 1.000000000000
23 45 66
-0.650544260000 0.747939820000 0.131826370000 -0.620565190000
0.739527370000 0.584332970000 0.334147040000 -0.360952850000
0.172891390000 0.314866650000 -0.933256430000 5.033055640000
0.000000000000 0.000000000000 0.000000000000 1.000000000000
23 46 66
0.761139400000 -0.109866380000 0.639215290000 -1.013553640000
0.017847540000 0.988723240000 0.148686960000 0.212044580000
-0.648342720000 -0.101763080000 0.754517060000 1.160283880000
0.000000000000 0.000000000000 0.000000000000 1.000000000000
23 47 66
-0.952897920000 0.284227290000 -0.105831920000 0.527182600000
0.195641700000 0.842681070000 0.501610350000 0.121098860000
0.231753900000 0.457278330000 -0.858595750000 4.312269860000
0.000000000000 0.000000000000 0.000000000000 1.000000000000
23 48 66
0.842545980000 -0.283520930000 0.457965230000 -1.153425530000
-0.271514030000 -0.957882620000 -0.093493380000 0.674470020000
0.465184270000 -0.045571510000 -0.884040060000 5.278858860000
0.000000000000 0.000000000000 0.000000000000 1.000000000000
23 49 66
0.826333450000 -0.295770360000 0.479262890000 -1.989337080000
-0.076356150000 0.784296680000 0.615669110000 -0.009705190000
-0.557980970000 -0.545342650000 0.625506690000 1.385196990000
0.000000000000 0.000000000000 0.000000000000 1.000000000000
23 50 66
0.394018140000 -0.899052620000 0.190929530000 -0.799454800000
0.765635160000 0.435992910000 0.472983070000 -0.940292710000
-0.508480590000 -0.040181540000 0.860135420000 0.795879210000
0.000000000000 0.000000000000 0.000000000000 1.000000000000
23 51 66
0.949924890000 -0.300204660000 0.086717210000 -0.064824480000
-0.014604900000 -0.319865600000 -0.947350350000 4.445548570000
0.312136840000 0.898645180000 -0.308232760000 3.754017730000
0.000000000000 0.000000000000 0.000000000000 1.000000000000
23 52 66
0.998689660000 0.039542990000 -0.032485600000 0.137271130000
-0.023656030000 0.919602620000 0.392136990000 -0.322091580000
0.045380110000 -0.390854680000 0.919333060000 0.296284090000
0.000000000000 0.000000000000 0.000000000000 1.000000000000
23 53 66
-0.969304130000 -0.052190570000 -0.240261610000 0.780621250000
-0.144788040000 -0.668623000000 0.729369390000 -0.852682940000
-0.198710650000 0.741767770000 0.640542470000 1.150223790000
0.000000000000 0.000000000000 0.000000000000 1.000000000000
23 54 66
0.956751090000 -0.097278880000 0.274160850000 0.074565060000
-0.048137900000 -0.982380950000 -0.180583530000 2.340548940000
0.286897370000 0.159575960000 -0.944576840000 5.029458010000
0.000000000000 0.000000000000 0.000000000000 1.000000000000
23 55 66
0.007514550000 0.180638950000 -0.983520770000 2.425696660000
0.097731760000 -0.978972490000 -0.179056870000 2.333181330000
-0.995184420000 -0.094775690000 -0.025010700000 2.778851710000
0.000000000000 0.000000000000 0.000000000000 1.000000000000
23 56 66
0.722868560000 0.106889600000 -0.682668040000 1.710172270000
0.151544610000 0.939385280000 0.307554090000 0.386195510000
0.674162650000 -0.325775850000 0.662853540000 1.445644600000
0.000000000000 0.000000000000 0.000000000000 1.000000000000
23 57 66
0.463835590000 0.272711820000 -0.842902610000 2.266972380000
-0.091226610000 -0.931681300000 -0.351635710000 2.644496940000
-0.881211810000 0.239996300000 -0.407268370000 3.584942540000
0.000000000000 0.000000000000 0.000000000000 1.000000000000
23 58 66
-0.889489850000 -0.124059600000 -0.439792020000 0.999394660000
-0.443676870000 0.004147020000 0.896177230000 -1.445690770000
-0.109355560000 0.992266100000 -0.058731100000 3.090445110000
0.000000000000 0.000000000000 0.000000000000 1.000000000000
23 59 66
0.785273440000 -0.471115410000 0.401741070000 -1.261147830000
0.451622960000 0.879706200000 0.148841230000 0.615077570000
-0.423535500000 0.064554430000 0.903576450000 1.013039380000
0.000000000000 0.000000000000 0.000000000000 1.000000000000
23 60 66
0.904023970000 -0.414901120000 0.102945230000 -0.528818020000
0.183425700000 0.158964450000 -0.970095520000 3.399077520000
0.386129090000 0.895872400000 0.219811210000 2.626242080000
0.000000000000 0.000000000000 0.000000000000 1.000000000000
23 61 66
0.656401110000 0.752981600000 0.046435920000 0.267956390000
-0.724334560000 0.611829170000 0.317812070000 0.253015430000
0.210895790000 -0.242247340000 0.947015940000 1.211221500000
0.000000000000 0.000000000000 0.000000000000 1.000000000000
23 62 66
0.975887270000 0.061291740000 -0.209493120000 0.580754330000
-0.100842880000 0.977799250000 -0.183682710000 1.104696510000
0.193583980000 0.200379510000 0.960402670000 0.961421800000
0.000000000000 0.000000000000 0.000000000000 1.000000000000
23 63 66
0.404121090000 0.444977770000 -0.799175150000 2.223766620000
-0.731599680000 0.681666900000 0.009599600000 1.052953600000
0.549042860000 0.580796880000 0.601021560000 1.426626380000
0.000000000000 0.000000000000 0.000000000000 1.000000000000
23 64 66
0.766068570000 -0.214102240000 -0.606052120000 1.666947430000
-0.005055720000 -0.944869870000 0.327407030000 0.481881830000
-0.642738970000 -0.247752210000 -0.724917550000 4.856877760000
0.000000000000 0.000000000000 0.000000000000 1.000000000000
23 65 66
0.933393730000 0.085242210000 -0.348582710000 1.243633350000
-0.014242760000 0.979412250000 0.201367310000 0.315665200000
0.358571170000 -0.182990210000 0.915391340000 0.760999740000
0.000000000000 0.000000000000 0.000000000000 1.000000000000
24 26 66
0.984957070000 -0.168684410000 0.037485320000 0.229626500000
0.112348500000 0.789959230000 0.602778750000 -1.877003430000
-0.131291250000 -0.589499770000 0.797027370000 0.562403540000
0.000000000000 0.000000000000 0.000000000000 1.000000000000
24 27 66
0.947734640000 0.303706840000 0.097781480000 0.113305930000
0.031918680000 0.214681280000 -0.976162460000 2.928191760000
-0.317459060000 0.928264030000 0.193766960000 2.546381710000
0.000000000000 0.000000000000 0.000000000000 1.000000000000
24 28 66
-0.234086880000 0.532243520000 -0.813584760000 2.001557680000
0.814346070000 -0.349783540000 -0.463132760000 1.733429110000
-0.531077970000 -0.770952860000 -0.351550680000 3.547627880000
0.000000000000 0.000000000000 0.000000000000 1.000000000000
24 29 66
0.611531520000 -0.475061350000 0.632728940000 -0.647033160000
0.164552240000 0.858564280000 0.485582060000 -0.574594660000
-0.773919730000 -0.192831780000 0.603211530000 1.726046150000
0.000000000000 0.000000000000 0.000000000000 1.000000000000
24 30 66
0.741527590000 -0.160007870000 0.651562970000 -0.933279980000
-0.141249910000 0.912147370000 0.384754000000 -0.101778870000
-0.655885120000 -0.377338920000 0.653781340000 1.615606070000
0.000000000000 0.000000000000 0.000000000000 1.000000000000
24 31 66
0.969901640000 0.144817250000 -0.195751830000 0.223004610000
-0.067022710000 0.931640470000 0.357147020000 -0.309670330000
0.234091380000 -0.333277660000 0.913305660000 0.988079830000
0.000000000000 0.000000000000 0.000000000000 1.000000000000
24 32 66
0.993229380000 0.044032800000 -0.107501170000 -0.044378760000
-0.008507390000 0.950466060000 0.310711900000 -0.163235870000
0.115857730000 -0.307693640000 0.944405430000 0.206263840000
0.000000000000 0.000000000000 0.000000000000 1.000000000000
24 33 66
0.995674160000 -0.029700520000 0.088038900000 0.119403030000
0.011630920000 0.979921630000 0.199043490000 -0.023455310000
-0.092182910000 -0.197158490000 0.976028090000 0.166399360000
0.000000000000 0.000000000000 0.000000000000 1.000000000000
24 34 66
-0.858463790000 -0.473910320000 0.196083970000 -0.144346310000
0.505307630000 -0.846972780000 0.165231090000 0.479809730000
0.087773070000 0.240927630000 0.966565970000 0.686646450000
0.000000000000 0.000000000000 0.000000000000 1.000000000000
24 35 66
-0.948247920000 -0.314538590000 -0.043489650000 0.715887200000
-0.184853540000 0.658189390000 -0.729805380000 1.592713930000
0.258176380000 -0.683997220000 -0.682270300000 4.684313680000
0.000000000000 0.000000000000 0.000000000000 1.000000000000
24 36 66
-0.842534730000 -0.033455000000 -0.537602080000 1.551619120000
-0.534201660000 -0.075992150000 0.841934550000 -1.400566880000
-0.069020460000 0.996547020000 0.046154310000 2.446856590000
0.000000000000 0.000000000000 0.000000000000 1.000000000000
24 37 66
-0.803851530000 0.573419150000 -0.158155600000 0.434287860000
0.419207010000 0.734755960000 0.533290870000 -1.156339820000
0.422004970000 0.362386750000 -0.831016040000 4.728634200000
0.000000000000 0.000000000000 0.000000000000 1.000000000000
24 38 66
0.803365740000 -0.595278680000 0.015709160000 -0.691902460000
0.527152600000 0.698660190000 -0.483719000000 1.563393690000
0.276972240000 0.396884400000 0.875082370000 0.668624170000
0.000000000000 0.000000000000 0.000000000000 1.000000000000
24 39 66
0.453773250000 0.570547440000 -0.684518410000 2.162566760000
-0.438990270000 0.811606090000 0.385464780000 -0.924375870000
0.775485260000 0.125583320000 0.618749910000 1.721720390000
0.000000000000 0.000000000000 0.000000000000 1.000000000000
24 40 66
0.756768850000 0.616574170000 -0.217111020000 0.395344810000
0.164733030000 -0.501300870000 -0.849447160000 2.268018910000
-0.632585120000 0.607069790000 -0.480939010000 4.174129690000
0.000000000000 0.000000000000 0.000000000000 1.000000000000
24 41 66
0.675933930000 0.600888320000 0.426669130000 -0.558025120000
-0.730564620000 0.470223410000 0.495141670000 -0.695040350000
0.096895030000 -0.646392430000 0.756827710000 0.961129760000
0.000000000000 0.000000000000 0.000000000000 1.000000000000
24 42 66
-0.412347440000 0.731652390000 -0.542820750000 0.758124040000
-0.869280370000 -0.137684790000 0.474757340000 -0.908613800000
0.272619180000 0.667628400000 0.692785030000 1.091834490000
0.000000000000 0.000000000000 0.000000000000 1.000000000000
24 43 66
-0.983115530000 0.117776530000 -0.140044760000 0.158781190000
-0.172916670000 -0.347572230000 0.921571140000 -1.768472660000
0.059863790000 0.930226980000 0.362069180000 1.994090880000
0.000000000000 0.000000000000 0.000000000000 1.000000000000
24 44 66
-0.873381500000 0.031395000000 0.486023770000 -1.821232060000
0.478569730000 0.240587660000 0.844445730000 -1.692153470000
-0.090419950000 0.970119540000 -0.225149510000 2.984151600000
0.000000000000 0.000000000000 0.000000000000 1.000000000000
24 45 66
0.699569300000 -0.096305870000 -0.708045180000 1.793040850000
-0.053225910000 0.981100460000 -0.186034660000 -0.215484050000
0.712579680000 0.167830480000 0.681221790000 0.889134620000
0.000000000000 0.000000000000 0.000000000000 1.000000000000
24 46 66
0.598494120000 -0.249897530000 0.761154390000 -2.652662110000
0.273613770000 0.956734540000 0.098967270000 -0.433293740000
-0.752954380000 0.149030990000 0.640975400000 1.375713280000
0.000000000000 0.000000000000 0.000000000000 1.000000000000
24 47 66
-0.629047710000 0.504534600000 -0.591391420000 1.393466780000
-0.082560350000 0.713099310000 0.696184720000 -0.972627150000
0.772970090000 0.486758880000 -0.406918940000 3.379081160000
0.000000000000 0.000000000000 0.000000000000 1.000000000000
24 48 66
0.979954180000 0.099191100000 -0.172774220000 0.215885540000
-0.012536950000 0.896225200000 0.443422170000 0.003383260000
0.198828140000 -0.432367350000 0.879503180000 0.038603470000
0.000000000000 0.000000000000 0.000000000000 1.000000000000
24 49 66
0.747244730000 -0.427681280000 0.508639390000 -1.753565210000
0.202927340000 0.875681370000 0.438181050000 -0.359429620000
-0.632807870000 -0.224211640000 0.741136520000 0.765213540000
0.000000000000 0.000000000000 0.000000000000 1.000000000000
24 50 66
-0.648750890000 -0.151486840000 0.745770760000 -1.000978730000
0.734917240000 -0.379089730000 0.562305640000 -2.088647580000
0.197532140000 0.912876070000 0.357265090000 1.493065610000
0.000000000000 0.000000000000 0.000000000000 1.000000000000
24 51 66
-0.984057970000 -0.010688030000 0.177526560000 -0.506662830000
0.076332500000 0.876194410000 0.475874670000 -1.379575150000
-0.160633940000 0.481839310000 -0.861410250000 5.105335240000
0.000000000000 0.000000000000 0.000000000000 1.000000000000
24 52 66
0.928679700000 0.370511550000 -0.016589140000 0.027363520000
-0.367585520000 0.925453370000 0.091743930000 -0.173314010000
0.049344660000 -0.079102800000 0.995644440000 0.012690190000
0.000000000000 0.000000000000 0.000000000000 1.000000000000
24 53 66
-0.973240520000 -0.199796780000 0.113508320000 0.092045920000
0.053662050000 0.282695630000 0.957707450000 -2.644925960000
-0.223435170000 0.938170790000 -0.264409340000 3.408010480000
0.000000000000 0.000000000000 0.000000000000 1.000000000000
24 54 66
-0.007437400000 0.999597520000 0.027376810000 0.354359770000
-0.606362800000 -0.026278160000 0.794753810000 -1.720657180000
0.795153340000 -0.010689370000 0.606314190000 0.611033260000
0.000000000000 0.000000000000 0.000000000000 1.000000000000
24 55 66
-0.692008649000 0.271931896000 -0.668712998000 1.290894210000
0.621168871000 -0.247653737000 -0.743516550000 2.442691150000
-0.367795138000 -0.929903581000 0.002462899270 3.485561910000
0.000000000000 0.000000000000 0.000000000000 1.000000000000
24 56 66
0.938120060000 0.080293900000 -0.336873340000 1.116691280000
-0.036472080000 0.990247730000 0.134459010000 -0.299981520000
0.344384300000 -0.113852220000 0.931899740000 1.144057520000
0.000000000000 0.000000000000 0.000000000000 1.000000000000
24 57 66
-0.994281410000 0.041122090000 0.098556870000 -0.751162690000
-0.094281460000 -0.771447980000 -0.629268640000 2.682011080000
0.050154660000 -0.634962200000 0.770913430000 0.640769340000
0.000000000000 0.000000000000 0.000000000000 1.000000000000
24 58 66
-0.435741300000 0.579150580000 -0.688995020000 1.951699190000
-0.398291770000 0.562392010000 0.724623280000 -1.307191790000
0.807151280000 0.590169330000 -0.014386510000 2.674939600000
0.000000000000 0.000000000000 0.000000000000 1.000000000000
24 59 66
0.910233090000 -0.147109010000 0.387084830000 -1.478449480000
0.114618570000 0.987752870000 0.105862400000 -0.078200090000
-0.397917470000 -0.051992350000 0.915946770000 1.049630810000
0.000000000000 0.000000000000 0.000000000000 1.000000000000
24 60 66
0.624340700000 -0.772553020000 -0.115587740000 -0.147422370000
0.132995680000 -0.040682980000 0.990281300000 -1.317825480000
-0.769747250000 -0.633645590000 0.077346180000 2.290252030000
0.000000000000 0.000000000000 0.000000000000 1.000000000000
24 61 66
0.997645975000 -0.068573295700 -0.000460058586 0.135688277000
0.057240021300 0.829030622000 0.556265950000 -0.780407551000
-0.037763586800 -0.554982820000 0.831004200000 1.296506600000
0.000000000000 0.000000000000 0.000000000000 1.000000000000
24 62 66
0.977419980000 0.036860880000 -0.208066010000 1.674816440000
-0.004625650000 0.988163750000 0.153333010000 -0.296530690000
0.211255270000 -0.148908300000 0.966021490000 0.923170340000
0.000000000000 0.000000000000 0.000000000000 1.000000000000
24 63 66
0.922359680000 0.141113860000 -0.359638010000 1.178571490000
0.011242820000 0.920704650000 0.390098110000 -0.696869160000
0.386168640000 -0.363854120000 0.847634330000 0.896400000000
0.000000000000 0.000000000000 0.000000000000 1.000000000000
24 64 66
-0.845669660000 0.466896570000 0.258554490000 -0.894383700000
0.048613480000 -0.415050180000 0.908498810000 -1.959100580000
0.531488060000 0.780859110000 0.328297880000 2.254001980000
0.000000000000 0.000000000000 0.000000000000 1.000000000000
24 65 66
-0.778522940000 -0.050091690000 0.625613980000 -1.365381960000
0.571410600000 -0.468879910000 0.673529180000 -1.363847140000
0.259599610000 0.881840380000 0.393656690000 1.808938530000
0.000000000000 0.000000000000 0.000000000000 1.000000000000
25 27 66
0.953066260000 -0.162704310000 -0.255327270000 0.396500360000
0.151974850000 0.986478990000 -0.061342000000 0.037147080000
0.261855590000 0.019659670000 0.964906810000 0.271926330000
0.000000000000 0.000000000000 0.000000000000 1.000000000000
25 28 66
-0.012843990000 -0.757489830000 0.652720610000 -1.297908180000
-0.740872510000 -0.431179850000 -0.514967820000 0.546107880000
0.671522860000 -0.490197000000 -0.555665320000 4.601248000000
0.000000000000 0.000000000000 0.000000000000 1.000000000000
25 29 66
0.152502760000 0.700353910000 -0.697314360000 1.838683160000
0.981921150000 -0.187425740000 0.026503590000 -0.132973250000
-0.112132770000 -0.688749590000 -0.716275260000 4.525718890000
0.000000000000 0.000000000000 0.000000000000 1.000000000000
25 30 66
0.782887290000 -0.370882070000 0.499533770000 -1.372208050000
0.185257390000 0.905441930000 0.381909160000 -0.431666640000
-0.593942080000 -0.206449500000 0.777567630000 1.439296900000
0.000000000000 0.000000000000 0.000000000000 1.000000000000
25 31 66
0.443334280000 -0.527658030000 0.724590730000 -1.346298660000
0.144228710000 0.839832980000 0.523334170000 -0.724003640000
-0.884676660000 -0.127505190000 0.448430180000 2.186800250000
0.000000000000 0.000000000000 0.000000000000 1.000000000000
25 32 66
0.987831370000 0.102734210000 -0.116768460000 -0.038325350000
-0.078413660000 0.977357200000 0.196530400000 0.029776020000
0.134314890000 -0.184982650000 0.973519870000 0.114352070000
0.000000000000 0.000000000000 0.000000000000 1.000000000000
25 33 66
-0.094860150000 0.818079090000 -0.567228490000 2.465770970000
-0.973400660000 0.043144290000 0.225010510000 -1.018109490000
0.208549060000 0.573485120000 0.792226050000 0.919650300000
0.000000000000 0.000000000000 0.000000000000 1.000000000000
25 34 66
-0.296056120000 -0.355754070000 0.886447860000 -1.874148590000
0.295466190000 0.848425280000 0.439174530000 -0.697523180000
-0.908322900000 0.391935690000 -0.146068200000 2.582604440000
0.000000000000 0.000000000000 0.000000000000 1.000000000000
25 35 66
0.764941000000 -0.642355780000 -0.047374230000 0.714398040000
-0.523130390000 -0.576683550000 -0.627511500000 1.738704370000
0.375765700000 0.504792170000 -0.777164720000 4.328021010000
0.000000000000 0.000000000000 0.000000000000 1.000000000000
25 36 66
0.839220970000 -0.352460490000 -0.414101150000 1.022882800000
-0.176726570000 0.543395070000 -0.820664070000 1.930924050000
0.514272180000 0.761901180000 0.393739410000 1.656701410000
0.000000000000 0.000000000000 0.000000000000 1.000000000000
25 37 66
-0.186014350000 0.703459490000 -0.685961660000 1.171580730000
-0.768564270000 0.330776150000 0.547627700000 -0.820062950000
0.612133660000 0.629072240000 0.479124730000 1.468075640000
0.000000000000 0.000000000000 0.000000000000 1.000000000000
25 38 66
-0.330712290000 -0.311442620000 0.890860750000 -2.010651690000
0.901773840000 0.174054010000 0.395612360000 -1.299286540000
-0.278268440000 0.934188790000 0.223289010000 2.623547690000
0.000000000000 0.000000000000 0.000000000000 1.000000000000
25 39 66
-0.614008910000 -0.562937870000 0.553257640000 -1.365901830000
-0.720149960000 0.686464190000 -0.100751970000 0.250719530000
-0.323074450000 -0.460291070000 -0.826894810000 5.094841490000
0.000000000000 0.000000000000 0.000000000000 1.000000000000
25 40 66
0.756570410000 0.558989370000 -0.339311210000 1.232855810000
0.073184820000 -0.588016850000 -0.805530990000 2.164567100000
-0.649803970000 0.584608480000 -0.485785680000 3.770861260000
0.000000000000 0.000000000000 0.000000000000 1.000000000000
25 41 66
0.857630030000 -0.255717590000 0.446182980000 -0.495304550000
0.359045450000 0.918886740000 -0.163503900000 0.921819900000
-0.368180810000 0.300425820000 0.879879090000 0.938761060000
0.000000000000 0.000000000000 0.000000000000 1.000000000000
25 42 66
-0.766609810000 0.615792400000 -0.181959130000 0.373085990000
-0.462717000000 -0.333312550000 0.821459510000 -1.872892690000
0.445199260000 0.713934500000 0.540458280000 1.881692010000
0.000000000000 0.000000000000 0.000000000000 1.000000000000
25 43 66
0.975205830000 -0.219393910000 -0.028981020000 0.536660830000
-0.158585910000 -0.601485170000 -0.782985370000 2.336701910000
0.154350570000 0.768167880000 -0.621364630000 4.317043430000
0.000000000000 0.000000000000 0.000000000000 1.000000000000
25 44 66
0.885100820000 -0.457747810000 -0.084044520000 0.616047800000
0.464310280000 0.880858830000 0.092215470000 -0.026797260000
0.031819930000 -0.120642720000 0.992185880000 0.219871150000
0.000000000000 0.000000000000 0.000000000000 1.000000000000
25 45 66
0.396559900000 -0.139492880000 -0.907348880000 2.782907170000
-0.592691280000 0.715881230000 -0.369095000000 0.189497390000
0.701040150000 0.684146040000 0.201213570000 1.591029150000
0.000000000000 0.000000000000 0.000000000000 1.000000000000
25 46 66
-0.907064850000 0.203968000000 0.368280350000 -0.116097270000
0.349995670000 -0.120793870000 0.928930500000 -2.630886890000
0.233958100000 0.971496730000 0.038179960000 2.271613880000
0.000000000000 0.000000000000 0.000000000000 1.000000000000
25 47 66
0.407933410000 -0.436619080000 0.801844190000 -1.932333920000
-0.839179390000 -0.525285910000 0.140899520000 -0.620648610000
0.359678040000 -0.730368740000 -0.580683400000 4.308075870000
0.000000000000 0.000000000000 0.000000000000 1.000000000000
25 48 66
-0.954721210000 -0.294789230000 0.040083860000 0.079079650000
-0.110205450000 0.225288880000 -0.968039090000 1.973003870000
0.276337050000 -0.928624910000 -0.247575450000 3.261177640000
0.000000000000 0.000000000000 0.000000000000 1.000000000000
25 49 66
-0.529602050000 0.532943690000 -0.659918710000 2.015816720000
-0.803079820000 -0.064546890000 0.592365180000 -1.230513030000
0.273101580000 0.843685200000 0.462180490000 2.286408470000
0.000000000000 0.000000000000 0.000000000000 1.000000000000
25 50 66
0.973333020000 0.047423980000 -0.224441060000 0.780587990000
-0.047794280000 0.998850030000 0.003785790000 -0.266054170000
0.224362500000 0.007042160000 0.974480310000 -0.169121130000
0.000000000000 0.000000000000 0.000000000000 1.000000000000
25 51 66
0.996002220000 0.076099250000 -0.046781180000 1.035290450000
-0.078095750000 0.996042030000 -0.042441980000 -0.057550330000
0.043366220000 0.045925720000 0.998003110000 -0.316672330000
0.000000000000 0.000000000000 0.000000000000 1.000000000000
25 52 66
-0.947322310000 0.029064730000 0.318960300000 -0.827930260000
0.320086500000 0.120687640000 0.939669690000 -2.637226400000
-0.011183320000 0.992264950000 -0.123633320000 2.889478760000
0.000000000000 0.000000000000 0.000000000000 1.000000000000
25 53 66
-0.198728590000 -0.975462450000 -0.094762660000 -0.406940190000
0.732043990000 -0.212032160000 0.647421000000 -2.437998190000
-0.651627610000 0.059290630000 0.756218280000 0.903536630000
0.000000000000 0.000000000000 0.000000000000 1.000000000000
25 54 66
-0.309852780000 0.943550950000 0.117059190000 -0.073369400000
0.872510220000 0.331099740000 -0.359303320000 0.564815420000
-0.377779260000 -0.009195790000 -0.925850030000 5.235514000000
0.000000000000 0.000000000000 0.000000000000 1.000000000000
25 55 66
-0.928612470000 -0.263370290000 -0.261371320000 1.038430970000
-0.138656760000 -0.407071190000 0.902810810000 -2.407836100000
-0.344170280000 0.874602270000 0.341493310000 1.764329160000
0.000000000000 0.000000000000 0.000000000000 1.000000000000
25 56 66
-0.168258160000 0.769014530000 -0.616689420000 1.877770570000
0.561372530000 -0.439494520000 -0.701217120000 1.411335150000
-0.810277780000 -0.464178000000 -0.357755100000 3.973575240000
0.000000000000 0.000000000000 0.000000000000 1.000000000000
25 57 66
-0.473590510000 0.432752460000 -0.767096690000 2.726829890000
-0.226830660000 0.781652770000 0.581004990000 -1.416602200000
0.851034590000 0.449159500000 -0.272021810000 3.522017400000
0.000000000000 0.000000000000 0.000000000000 1.000000000000
25 58 66
0.440853280000 0.732079460000 -0.519334240000 1.259665220000
-0.864942550000 0.501096850000 -0.027862700000 0.165169910000
0.239839040000 0.461477650000 0.854116860000 0.829422350000
0.000000000000 0.000000000000 0.000000000000 1.000000000000
25 59 66
-0.135822410000 -0.538847000000 0.831382090000 -1.184759270000
0.296643890000 0.778540720000 0.553061250000 -1.047290870000
-0.945280210000 0.321742530000 0.054102390000 2.566947910000
0.000000000000 0.000000000000 0.000000000000 1.000000000000
25 60 66
-0.953568620000 -0.265828760000 -0.141569630000 0.018910050000
-0.232447910000 0.948481770000 -0.215291200000 0.233429600000
0.191506810000 -0.172387360000 -0.966233790000 5.069630850000
0.000000000000 0.000000000000 0.000000000000 1.000000000000
25 61 66
0.954227690000 0.117446720000 -0.275055950000 1.136618950000
-0.048435250000 0.968214290000 0.245387670000 -0.535674350000
0.295133080000 -0.220833310000 0.929585450000 1.239900810000
0.000000000000 0.000000000000 0.000000000000 1.000000000000
25 62 66
0.977907180000 -0.143796390000 0.151723920000 -0.432322110000
0.140942190000 0.989579450000 0.029458600000 -0.104991120000
-0.154378910000 -0.007423470000 0.987983830000 0.644532240000
0.000000000000 0.000000000000 0.000000000000 1.000000000000
25 63 66
0.817500720000 0.205491990000 -0.538020090000 1.974125790000
-0.148266440000 0.977784450000 0.148170960000 -0.302707740000
0.556515630000 -0.041359540000 0.829807050000 0.889886110000
0.000000000000 0.000000000000 0.000000000000 1.000000000000
25 64 66
0.803290370000 -0.460956810000 -0.377151690000 1.369746620000
-0.359632050000 -0.880172490000 0.309776000000 -1.325203140000
-0.474751900000 -0.113204250000 -0.872808930000 5.332234550000
0.000000000000 0.000000000000 0.000000000000 1.000000000000
25 65 66
0.708416400000 -0.660972290000 -0.247511290000 0.687028850000
0.471103380000 0.703953740000 -0.531517390000 1.459480130000
0.525554770000 0.259932220000 0.810078660000 1.310783730000
0.000000000000 0.000000000000 0.000000000000 1.000000000000
26 28 66
-0.892303500000 -0.349858540000 0.285295390000 0.322004070000
-0.397602390000 0.309771850000 -0.863686140000 2.161032390000
0.213791490000 -0.884104290000 -0.415515100000 4.219557780000
0.000000000000 0.000000000000 0.000000000000 1.000000000000
26 29 66
0.600801580000 0.776916010000 0.188252440000 0.225305360000
-0.710676880000 0.626926970000 -0.319219280000 0.784735620000
-0.366027100000 0.058000790000 0.928794960000 1.257037250000
0.000000000000 0.000000000000 0.000000000000 1.000000000000
26 30 66
-0.057852780000 0.995523340000 -0.074741770000 1.073719990000
-0.964871410000 -0.036538540000 0.260169350000 -0.109701830000
0.256273710000 0.087167720000 0.962665870000 0.987243830000
0.000000000000 0.000000000000 0.000000000000 1.000000000000
26 31 66
-0.632315520000 -0.769728990000 0.087717550000 0.637507150000
-0.515538270000 0.333558110000 -0.789277690000 2.496624610000
0.578271020000 -0.544294290000 -0.607738730000 3.799815490000
0.000000000000 0.000000000000 0.000000000000 1.000000000000
26 32 66
0.469792570000 -0.495287050000 0.730743230000 -1.983153620000
0.474003590000 0.839855380000 0.264506220000 -0.183705730000
-0.744725140000 0.222111860000 0.629325660000 1.848302420000
0.000000000000 0.000000000000 0.000000000000 1.000000000000
26 33 66
-0.934543250000 0.175353340000 -0.309645150000 0.697985450000
-0.343720580000 -0.219574710000 0.913040580000 -2.268221830000
0.092114470000 0.959707330000 0.265474620000 2.370808950000
0.000000000000 0.000000000000 0.000000000000 1.000000000000
26 34 66
0.310373760000 0.650284610000 -0.693396030000 1.861348640000
-0.634297270000 0.684964110000 0.358456610000 -0.399401030000
0.708050210000 0.328563690000 0.625068640000 1.356823160000
0.000000000000 0.000000000000 0.000000000000 1.000000000000
26 35 66
-0.467386470000 0.564164940000 -0.680637790000 2.263363730000
0.789671910000 -0.079710590000 -0.608329260000 1.565575930000
-0.397452080000 -0.821805420000 -0.408249560000 3.845430080000
0.000000000000 0.000000000000 0.000000000000 1.000000000000
26 36 66
-0.865271300000 0.462574220000 -0.193211470000 0.650097320000
0.129107490000 -0.166788100000 -0.977503440000 2.990378940000
-0.484393260000 -0.870750720000 0.084595160000 2.861546300000
0.000000000000 0.000000000000 0.000000000000 1.000000000000
26 37 66
-0.350722890000 0.931441710000 -0.097004050000 0.991193850000
-0.804713680000 -0.246773150000 0.539943430000 -0.095003450000
0.478987840000 0.267431010000 0.836092880000 0.387211630000
0.000000000000 0.000000000000 0.000000000000 1.000000000000
26 38 66
0.976303370000 0.122199770000 0.178602760000 -0.392681680000
-0.139754020000 0.986159030000 0.089214270000 0.446089990000
-0.165228760000 -0.112060650000 0.979868290000 0.823382280000
0.000000000000 0.000000000000 0.000000000000 1.000000000000
26 39 66
-0.863246020000 0.433717640000 0.258254370000 -0.344423140000
0.156518930000 0.716382790000 -0.679924650000 1.986461730000
-0.479904300000 -0.546520550000 -0.686299610000 4.636071970000
0.000000000000 0.000000000000 0.000000000000 1.000000000000
26 40 66
0.848985070000 -0.517648870000 0.106131980000 -0.603791030000
0.528188490000 0.825421150000 -0.199240670000 0.267644670000
0.015533120000 0.225210050000 0.974186410000 1.314813220000
0.000000000000 0.000000000000 0.000000000000 1.000000000000
26 41 66
-0.120900280000 0.983212290000 -0.136662790000 0.644817770000
-0.593672490000 0.038720950000 0.803774640000 -1.150486240000
0.795572810000 0.178309520000 0.579024710000 1.701478990000
0.000000000000 0.000000000000 0.000000000000 1.000000000000
26 42 66
0.495862893000 0.832794202000 -0.246117468000 0.419024649000
-0.745385914000 0.553582246000 0.371411546000 -0.803806417000
0.445555643000 -0.000716710178 0.895253961000 0.964199577000
0.000000000000 0.000000000000 0.000000000000 1.000000000000
26 43 66
-0.982475180000 0.062182070000 -0.175715420000 0.293200540000
0.157320270000 0.782220920000 -0.602810720000 1.869558520000
0.099964260000 -0.619890170000 -0.778295140000 4.669179840000
0.000000000000 0.000000000000 0.000000000000 1.000000000000
26 44 66
0.803480830000 0.501007390000 -0.321574490000 1.381637100000
-0.454134700000 0.865076960000 0.213081050000 -0.187078780000
0.384941860000 -0.025168400000 0.922597590000 0.586117670000
0.000000000000 0.000000000000 0.000000000000 1.000000000000
26 45 66
-0.897847140000 0.430819050000 -0.090914600000 0.168477230000
0.068942480000 0.341486820000 0.937354620000 -2.108614130000
0.434876360000 0.835333290000 -0.336304700000 3.171302400000
0.000000000000 0.000000000000 0.000000000000 1.000000000000
26 46 66
0.769590340000 -0.146927370000 0.621404100000 -1.104966210000
0.093813100000 0.988623540000 0.117569560000 -0.004056770000
-0.631608900000 -0.032184560000 0.774618840000 0.777995740000
0.000000000000 0.000000000000 0.000000000000 1.000000000000
26 47 66
0.540651700000 0.520215440000 -0.661113940000 2.012009210000
0.841151910000 -0.322506940000 0.434111430000 -1.002373680000
0.012617640000 -0.790800330000 -0.611944140000 4.451456200000
0.000000000000 0.000000000000 0.000000000000 1.000000000000
26 48 66
0.938941630000 0.330246310000 0.096571230000 0.469414490000
-0.288393770000 0.908437190000 -0.302606840000 1.913917040000
-0.187663690000 0.256279620000 0.948210470000 0.535006880000
0.000000000000 0.000000000000 0.000000000000 1.000000000000
26 49 66
0.828066880000 0.522018920000 -0.204454100000 0.945745880000
-0.560464620000 0.761972460000 -0.324464770000 1.100038370000
-0.013588360000 0.383267820000 0.923537300000 0.799824210000
0.000000000000 0.000000000000 0.000000000000 1.000000000000
26 50 66
-0.634136170000 0.441093170000 -0.635065450000 1.828596480000
-0.011494040000 0.815856000000 0.578140880000 -1.301529930000
0.773135960000 0.373919510000 -0.512293850000 4.093584640000
0.000000000000 0.000000000000 0.000000000000 1.000000000000
26 51 66
-0.626748410000 0.343670900000 -0.699340220000 1.990316620000
-0.777741190000 -0.220600460000 0.588603500000 -1.847178240000
0.048011120000 0.912812000000 0.405548000000 1.531561500000
0.000000000000 0.000000000000 0.000000000000 1.000000000000
26 52 66
-0.979893580000 -0.193095150000 0.050227840000 -0.590363420000
-0.186275730000 0.975573980000 0.116433530000 -0.107651630000
-0.071483720000 0.104736240000 -0.991927620000 5.786316060000
0.000000000000 0.000000000000 0.000000000000 1.000000000000
26 53 66
-0.946897280000 0.097787740000 0.306305570000 -0.253601170000
0.317382530000 0.436885060000 0.841664880000 -1.829513490000
-0.051515820000 0.894186220000 -0.444721400000 3.595010020000
0.000000000000 0.000000000000 0.000000000000 1.000000000000
26 54 66
-0.829294120000 0.471745160000 -0.299545940000 0.822598370000
0.534640560000 0.825751430000 -0.179705450000 0.349724620000
0.162575310000 -0.309178080000 -0.937004900000 5.951161060000
0.000000000000 0.000000000000 0.000000000000 1.000000000000
26 55 66
-0.461259210000 -0.750232200000 0.473699880000 -0.117193810000
-0.728872000000 0.015952870000 -0.684464110000 1.628284070000
0.505950140000 -0.660981960000 -0.554181650000 4.994947620000
0.000000000000 0.000000000000 0.000000000000 1.000000000000
26 56 66
-0.766909870000 0.203920820000 -0.608494500000 2.111283000000
0.161169360000 -0.856585190000 -0.490190010000 2.003460220000
-0.621187320000 -0.474002220000 0.624057850000 0.825433510000
0.000000000000 0.000000000000 0.000000000000 1.000000000000
26 57 66
-0.948119460000 0.130928490000 0.289701950000 -1.156301840000
-0.299754630000 -0.064592600000 -0.951827170000 2.254428500000
-0.105908690000 -0.989285360000 0.100487930000 3.203212300000
0.000000000000 0.000000000000 0.000000000000 1.000000000000
26 58 66
-0.198462160000 -0.840064750000 0.504880160000 -1.702251980000
0.535703990000 0.338396830000 0.773633520000 -1.656370870000
-0.820752100000 0.424003300000 0.382867080000 2.211192730000
0.000000000000 0.000000000000 0.000000000000 1.000000000000
26 59 66
0.502652850000 0.836379280000 -0.218654530000 1.112743370000
0.863784900000 -0.496114730000 0.088010350000 -0.087879280000
-0.034867700000 -0.233109140000 -0.971825280000 5.149811460000
0.000000000000 0.000000000000 0.000000000000 1.000000000000
26 60 66
-0.958454060000 -0.277254040000 0.067052390000 -0.309839150000
0.276969310000 -0.848344730000 0.451219710000 -0.198124650000
-0.068218950000 0.451044810000 0.889890300000 1.341081570000
0.000000000000 0.000000000000 0.000000000000 1.000000000000
26 61 66
0.980636870000 0.072488220000 -0.181925230000 0.115939590000
0.113918090000 0.544477660000 0.831003460000 -1.064790500000
0.159292180000 -0.835637200000 0.525677150000 2.261066390000
0.000000000000 0.000000000000 0.000000000000 1.000000000000
26 62 66
0.932953180000 -0.345237700000 0.102025950000 -0.145370530000
0.273832340000 0.864532270000 0.421425920000 -0.376208060000
-0.233696840000 -0.365232650000 0.901105380000 0.650808330000
0.000000000000 0.000000000000 0.000000000000 1.000000000000
26 63 66
0.894699360000 -0.361606580000 -0.262209310000 0.834048030000
-0.429584260000 -0.857414140000 -0.283369660000 1.436386110000
-0.122353640000 0.366171650000 -0.922468380000 5.108240530000
0.000000000000 0.000000000000 0.000000000000 1.000000000000
26 64 66
-0.454465400000 -0.806651990000 0.377854160000 -1.100794110000
0.888661850000 -0.381452030000 0.254508300000 -0.334439280000
-0.061166400000 0.451449790000 0.890197600000 0.756946260000
0.000000000000 0.000000000000 0.000000000000 1.000000000000
26 65 66
-0.628389090000 0.186732670000 0.755154330000 -2.354613210000
0.607920870000 -0.487791960000 0.626491200000 -1.054211470000
0.485344590000 0.852754310000 0.193004460000 2.792900470000
0.000000000000 0.000000000000 0.000000000000 1.000000000000
27 29 66
0.744419430000 -0.151450670000 0.650309470000 -0.582169790000
0.225302860000 0.973791600000 -0.031121240000 -0.158724810000
-0.628552570000 0.169683840000 0.759031660000 1.613648360000
0.000000000000 0.000000000000 0.000000000000 1.000000000000
27 30 66
-0.300955230000 0.933522350000 0.194838340000 0.207989330000
-0.755179380000 -0.358061390000 0.549086650000 -0.830698620000
0.582348740000 0.018112600000 0.812737280000 0.928899390000
0.000000000000 0.000000000000 0.000000000000 1.000000000000
27 31 66
0.371297220000 -0.583840950000 0.721989000000 -1.550259490000
0.311421110000 0.810839630000 0.495536070000 -0.761789910000
-0.874731540000 0.040851450000 0.482882890000 1.881347920000
0.000000000000 0.000000000000 0.000000000000 1.000000000000
27 32 66
-0.954806550000 -0.225514580000 0.193617230000 -0.697375510000
0.272785830000 -0.406175210000 0.872129340000 -2.551721310000
-0.118035360000 0.885530840000 0.449335930000 2.256766670000
0.000000000000 0.000000000000 0.000000000000 1.000000000000
27 33 66
0.997940930000 0.034598030000 0.054008160000 -0.174520120000
-0.046834490000 0.968382090000 0.245036020000 -0.292677140000
-0.043822770000 -0.247060910000 0.968008510000 0.198442060000
0.000000000000 0.000000000000 0.000000000000 1.000000000000
27 34 66
0.462656420000 0.079707190000 -0.882947220000 1.917101350000
-0.263802340000 0.963212850000 -0.051276970000 0.192299600000
0.846378970000 0.256647160000 0.466663560000 1.222023000000
0.000000000000 0.000000000000 0.000000000000 1.000000000000
27 35 66
-0.235061860000 -0.234336600000 0.943309220000 -1.161662300000
0.491156150000 0.808843480000 0.323323150000 -0.983146840000
-0.838755960000 0.539313070000 -0.075032390000 3.059980970000
0.000000000000 0.000000000000 0.000000000000 1.000000000000
27 36 66
-0.588339300000 0.808270280000 0.023580150000 -0.144474050000
0.750432920000 0.556636410000 -0.356379480000 1.121678860000
-0.301176510000 -0.191976730000 -0.934043700000 4.440018470000
0.000000000000 0.000000000000 0.000000000000 1.000000000000
27 37 66
-0.859812040000 0.341068050000 -0.379994540000 1.053546020000
-0.009232180000 0.733690470000 0.679421120000 -1.642824480000
0.510527210000 0.587682640000 -0.627687090000 4.592229680000
0.000000000000 0.000000000000 0.000000000000 1.000000000000
27 38 66
-0.800090350000 -0.214523190000 0.560209990000 -1.281852650000
0.578062560000 -0.026150840000 0.815573300000 -2.173045870000
-0.160309420000 0.976368750000 0.144930860000 2.230664830000
0.000000000000 0.000000000000 0.000000000000 1.000000000000
27 39 66
0.949392350000 0.190704900000 -0.249571230000 0.754359680000
-0.192961010000 0.981081890000 0.015632490000 -0.167369650000
0.247831010000 0.033316150000 0.968230250000 0.766322560000
0.000000000000 0.000000000000 0.000000000000 1.000000000000
27 40 66
0.995961090000 0.025627540000 -0.086050730000 0.229812070000
0.044447000000 0.692002040000 0.720525950000 -1.066108010000
0.078012590000 -0.721440510000 0.688068040000 1.415243740000
0.000000000000 0.000000000000 0.000000000000 1.000000000000
27 41 66
0.780065490000 0.589500780000 0.209729980000 0.166067410000
-0.570902680000 0.533400600000 0.624142550000 -1.118591150000
0.256062420000 -0.606607470000 0.752634980000 0.972862750000
0.000000000000 0.000000000000 0.000000000000 1.000000000000
27 42 66
0.985287740000 -0.065503210000 0.157852450000 -0.157611920000
-0.011891910000 -0.947672250000 -0.319023340000 0.891894260000
0.170489440000 0.312452620000 -0.934508810000 4.916665310000
0.000000000000 0.000000000000 0.000000000000 1.000000000000
27 43 66
-0.602597330000 0.715883110000 -0.352686590000 1.549189940000
0.758556410000 0.376512530000 -0.531818090000 1.351271790000
-0.247928670000 -0.588004830000 -0.769923170000 4.708557720000
0.000000000000 0.000000000000 0.000000000000 1.000000000000
27 44 66
0.867507360000 0.471211240000 -0.159345380000 -0.228481430000
-0.107906940000 -0.134440230000 -0.985028890000 2.793331990000
-0.485579120000 0.871714280000 -0.065780920000 2.865794980000
0.000000000000 0.000000000000 0.000000000000 1.000000000000
27 45 66
0.296599510000 -0.902757900000 0.311539570000 -0.653663550000
0.952974390000 0.301024610000 -0.034985590000 -0.251128510000
-0.062197570000 0.307265940000 0.949588910000 -0.019538160000
0.000000000000 0.000000000000 0.000000000000 1.000000000000
27 46 66
0.095141040000 -0.995143890000 -0.025235410000 -0.438970710000
0.874824700000 0.071487690000 0.479135940000 -1.767272500000
-0.475005190000 -0.067662050000 0.877377870000 0.733021440000
0.000000000000 0.000000000000 0.000000000000 1.000000000000
27 47 66
0.953174190000 -0.147177460000 -0.264192660000 0.038015580000
0.161224630000 0.986393130000 0.032174690000 0.250719920000
0.255862430000 -0.073262440000 0.963933100000 0.244989700000
0.000000000000 0.000000000000 0.000000000000 1.000000000000
27 48 66
0.989207780000 0.096531640000 -0.110225250000 0.049652180000
-0.048949510000 0.926795320000 0.372363250000 0.091994180000
0.138101070000 -0.362949150000 0.921518320000 -0.148169990000
0.000000000000 0.000000000000 0.000000000000 1.000000000000
27 49 66
0.988823110000 -0.130302980000 -0.072456790000 -0.211300740000
0.136620760000 0.986488410000 0.090417850000 0.341142510000
0.059696070000 -0.099306360000 0.993264630000 -0.178014870000
0.000000000000 0.000000000000 0.000000000000 1.000000000000
27 50 66
-0.434760920000 0.885456890000 0.164161620000 0.117501360000
0.740887250000 0.248062860000 0.624140130000 -2.154931420000
0.511926780000 0.392976990000 -0.763871760000 4.203958960000
0.000000000000 0.000000000000 0.000000000000 1.000000000000
27 51 66
-0.615684810000 0.103645110000 0.781146530000 -2.404469970000
0.669190190000 0.592201180000 0.448867740000 -1.698519190000
-0.416072950000 0.799096650000 -0.433967570000 3.548791640000
0.000000000000 0.000000000000 0.000000000000 1.000000000000
27 52 66
0.842321220000 0.217671110000 -0.493066180000 1.025596030000
-0.212879290000 0.974801190000 0.066671200000 -0.063927610000
0.495153890000 0.048805020000 0.867433390000 -0.497811670000
0.000000000000 0.000000000000 0.000000000000 1.000000000000
27 53 66
0.944262650000 0.317286430000 -0.087734630000 0.232325290000
-0.325057300000 0.940788820000 -0.096198530000 0.030540630000
0.052017270000 0.119355460000 0.991488010000 -0.175988900000
0.000000000000 0.000000000000 0.000000000000 1.000000000000
27 54 66
0.783621880000 0.618835590000 -0.054582540000 -0.605439150000
0.171073120000 -0.299418900000 -0.938659850000 3.228466150000
-0.597219160000 0.726216790000 -0.340497340000 3.764825360000
0.000000000000 0.000000000000 0.000000000000 1.000000000000
27 55 66
-0.346259050000 -0.373142390000 -0.860737720000 2.360192120000
0.401708280000 -0.888099650000 0.223404280000 0.679537790000
-0.847782480000 -0.268409720000 0.457406930000 1.695073570000
0.000000000000 0.000000000000 0.000000000000 1.000000000000
27 56 66
0.785110730000 0.428660580000 -0.447047250000 1.229823930000
-0.441875410000 0.893442130000 0.080667740000 -0.618995490000
0.433989930000 0.134206080000 0.890865570000 0.982484670000
0.000000000000 0.000000000000 0.000000000000 1.000000000000
27 57 66
0.644731290000 0.315461640000 -0.696279770000 1.316475640000
-0.239961760000 0.948353270000 0.207471520000 -0.304399840000
0.725768500000 0.033317140000 0.687131760000 0.726860710000
0.000000000000 0.000000000000 0.000000000000 1.000000000000
27 58 66
0.962753280000 0.235057690000 0.133618880000 -0.506021390000
-0.232757950000 0.469039450000 0.851954060000 -2.092806000000
0.137585830000 -0.851322430000 0.506280820000 0.664778890000
0.000000000000 0.000000000000 0.000000000000 1.000000000000
27 59 66
-0.806801910000 -0.122498990000 -0.577983290000 1.612135280000
0.116734900000 0.925933560000 -0.359193540000 0.401110080000
0.579174970000 -0.357268850000 -0.732745060000 4.803245170000
0.000000000000 0.000000000000 0.000000000000 1.000000000000
27 60 66
-0.669100320000 -0.442910880000 -0.596770240000 0.607208660000
-0.198118520000 -0.667639470000 0.717639600000 -1.271138960000
-0.716277750000 0.598404120000 0.358968930000 1.614267170000
0.000000000000 0.000000000000 0.000000000000 1.000000000000
27 61 66
0.721101680000 0.603330820000 -0.340594030000 0.451190610000
-0.509311990000 0.794892320000 0.329768850000 -0.933582110000
0.469695290000 -0.064328250000 0.880481800000 1.227532380000
0.000000000000 0.000000000000 0.000000000000 1.000000000000
27 62 66
0.824568730000 -0.279417200000 0.491947590000 -0.872374860000
0.245159640000 0.960120040000 0.134410810000 -0.413729690000
-0.509885430000 0.009774740000 0.860186780000 1.055740020000
0.000000000000 0.000000000000 0.000000000000 1.000000000000
27 63 66
-0.974826170000 0.084566470000 0.206306670000 -0.400484210000
0.168801750000 -0.324600940000 0.930666540000 -2.139180840000
0.145670520000 0.942063030000 0.302154520000 2.064470240000
0.000000000000 0.000000000000 0.000000000000 1.000000000000
27 64 66
0.576639070000 0.639800350000 -0.508077640000 1.682879800000
-0.469752490000 0.768449060000 0.434532680000 -1.375888370000
0.668445940000 -0.011897780000 0.743665560000 0.942066880000
0.000000000000 0.000000000000 0.000000000000 1.000000000000
27 65 66
-0.212328630000 0.956138230000 -0.201782670000 0.791996810000
0.486677820000 -0.075592410000 -0.870304820000 2.597973710000
-0.847384950000 -0.282993780000 -0.449280830000 3.499528470000
0.000000000000 0.000000000000 0.000000000000 1.000000000000
28 30 66
-0.754859700000 -0.494284790000 -0.431125710000 1.056462370000
-0.016414260000 -0.642875240000 0.765795010000 -1.922436070000
-0.655680870000 0.585144410000 0.477167290000 1.970932080000
0.000000000000 0.000000000000 0.000000000000 1.000000000000
28 31 66
0.226048830000 -0.498106530000 0.837133090000 -2.211601370000
-0.245828790000 -0.860731890000 -0.445767660000 0.655048410000
0.942586940000 -0.105026160000 -0.317016360000 2.709861560000
0.000000000000 0.000000000000 0.000000000000 1.000000000000
28 32 66
0.718555450000 -0.483759830000 0.499654370000 -1.142502860000
0.423625210000 0.874229400000 0.237201700000 -0.546310040000
-0.551561200000 0.041223610000 0.833115150000 0.307338100000
0.000000000000 0.000000000000 0.000000000000 1.000000000000
28 33 66
0.818052560000 0.564085040000 -0.112241140000 0.670868940000
-0.442846590000 0.742291900000 0.502881330000 -1.247191560000
0.366983520000 -0.361677760000 0.857036930000 -0.322545930000
0.000000000000 0.000000000000 0.000000000000 1.000000000000
28 34 66
0.978934890000 -0.200754910000 -0.037201490000 0.080350240000
-0.202209620000 -0.978499000000 -0.040632230000 0.354551810000
-0.028244500000 0.047298810000 -0.998481380000 4.427797470000
0.000000000000 0.000000000000 0.000000000000 1.000000000000
28 35 66
-0.157058140000 -0.963297430000 0.217694300000 -0.934978560000
0.905966110000 -0.052784940000 0.420046610000 -0.553270260000
-0.393138840000 0.263195400000 0.881005130000 -0.077382510000
0.000000000000 0.000000000000 0.000000000000 1.000000000000
28 36 66
0.984708060000 -0.161385700000 -0.065610150000 -0.207155070000
0.148007550000 0.973638420000 -0.173556900000 0.388689410000
0.091890170000 0.161192080000 0.982635900000 -0.320221140000
0.000000000000 0.000000000000 0.000000000000 1.000000000000
28 37 66
0.988103090000 0.139910560000 -0.063853850000 0.498199190000
-0.141248870000 0.989829390000 -0.016927090000 -0.054415760000
0.060836130000 0.025745000000 0.997815690000 -0.016444940000
0.000000000000 0.000000000000 0.000000000000 1.000000000000
28 38 66
-0.948960800000 0.302749210000 -0.088409910000 1.022104740000
0.084602740000 0.514390400000 0.853372660000 -2.469707390000
0.303835110000 0.802337480000 -0.513749740000 3.955388740000
0.000000000000 0.000000000000 0.000000000000 1.000000000000
28 39 66
0.071370990000 0.431730680000 -0.899174510000 2.337108110000
-0.438321290000 0.823342590000 0.360529380000 -1.190601090000
0.895980260000 0.368395990000 0.247999520000 2.032800710000
0.000000000000 0.000000000000 0.000000000000 1.000000000000
28 40 66
-0.453969750000 -0.859144240000 -0.236183500000 0.078791640000
0.596975610000 -0.490057220000 0.635188190000 -1.247402980000
-0.661461710000 0.147360430000 0.735359310000 0.437599440000
0.000000000000 0.000000000000 0.000000000000 1.000000000000
28 41 66
0.617618900000 -0.541002920000 0.570843890000 -1.215117440000
0.028546050000 -0.709924940000 -0.703698590000 0.836925350000
0.785959300000 0.450912880000 -0.423019560000 4.088194830000
0.000000000000 0.000000000000 0.000000000000 1.000000000000
28 42 66
0.522151440000 0.713520930000 -0.467167800000 1.373075750000
-0.529882510000 0.700631150000 0.477849890000 -1.512721710000
0.668268210000 -0.001965960000 0.743917830000 0.877687780000
0.000000000000 0.000000000000 0.000000000000 1.000000000000
28 43 66
0.951697730000 -0.131955500000 -0.277234880000 0.489319600000
0.251470190000 0.853060140000 0.457221100000 -1.153747370000
0.176165190000 -0.504852590000 0.845038280000 0.272355110000
0.000000000000 0.000000000000 0.000000000000 1.000000000000
28 44 66
-0.331105490000 0.876176050000 -0.350263730000 1.301753460000
-0.338695410000 0.236108640000 0.910789840000 -2.856754250000
0.880712540000 0.420200240000 0.218579940000 2.075701020000
0.000000000000 0.000000000000 0.000000000000 1.000000000000
28 45 66
0.904870100000 -0.354086210000 -0.236290210000 0.332693690000
0.425453470000 0.770670100000 0.474401660000 -1.699612580000
0.014122710000 -0.529802370000 0.848003540000 0.224484610000
0.000000000000 0.000000000000 0.000000000000 1.000000000000
28 46 66
0.504162630000 0.611155830000 -0.610170960000 1.197191470000
0.372392400000 -0.791322350000 -0.484904970000 1.656287160000
-0.779194420000 0.017247930000 -0.626544940000 4.243382920000
0.000000000000 0.000000000000 0.000000000000 1.000000000000
28 47 66
-0.970465400000 0.163618240000 -0.177273720000 0.108387110000
-0.099431600000 0.398229380000 0.911880870000 -1.945217840000
0.219795950000 0.902575440000 -0.370199010000 3.119702260000
0.000000000000 0.000000000000 0.000000000000 1.000000000000
28 48 66
0.839285610000 -0.519947820000 -0.158914830000 -0.260236410000
0.528621710000 0.848726370000 0.014920960000 0.122047890000
0.127117090000 -0.096528780000 0.987179540000 -0.086577890000
0.000000000000 0.000000000000 0.000000000000 1.000000000000
28 49 66
0.952253140000 -0.189272530000 0.239561830000 -0.899794230000
0.167260180000 0.979836410000 0.109291560000 -0.090286470000
-0.255417290000 -0.064004080000 0.964710050000 0.125969050000
0.000000000000 0.000000000000 0.000000000000 1.000000000000
28 50 66
-0.725806990000 -0.324303990000 -0.606655690000 1.646283150000
-0.624414550000 -0.059438600000 0.778828300000 -1.342945290000
-0.288635890000 0.944083670000 -0.159359170000 2.268653810000
0.000000000000 0.000000000000 0.000000000000 1.000000000000
28 51 66
0.970340030000 -0.063889590000 -0.233148770000 1.030587290000
0.093025040000 0.988861890000 0.116183040000 -1.003670710000
0.223129040000 -0.134425720000 0.965475610000 -0.347977700000
0.000000000000 0.000000000000 0.000000000000 1.000000000000
28 52 66
-0.752561820000 0.099305160000 -0.650990930000 2.119132420000
-0.305381350000 -0.928468710000 0.211395580000 -0.808806260000
-0.583432030000 0.357888730000 0.729056040000 0.376456620000
0.000000000000 0.000000000000 0.000000000000 1.000000000000
28 53 66
-0.510862720000 -0.172954020000 0.842084430000 -2.174549930000
0.465162560000 0.768149400000 0.439966250000 -1.698677480000
-0.722940580000 0.616468500000 -0.311967150000 3.085903220000
0.000000000000 0.000000000000 0.000000000000 1.000000000000
28 54 66
0.921306530000 0.265468360000 -0.284114110000 0.911061560000
-0.258165570000 0.964006380000 0.063578550000 -0.589827390000
0.290765910000 0.014773150000 0.956680170000 0.091418710000
0.000000000000 0.000000000000 0.000000000000 1.000000000000
28 55 66
-0.513508910000 -0.562656400000 0.647862930000 -1.753039090000
-0.009293150000 0.758613220000 0.651474960000 -2.086507650000
-0.858033940000 0.328517510000 -0.394783500000 2.578953130000
0.000000000000 0.000000000000 0.000000000000 1.000000000000
28 56 66
-0.021984190000 -0.904676680000 0.425531210000 -1.087583830000
0.969418930000 0.084771100000 0.230305860000 -0.579301150000
-0.244425090000 0.417581100000 0.875147080000 0.189338830000
0.000000000000 0.000000000000 0.000000000000 1.000000000000
28 57 66
0.713353650000 -0.238130010000 -0.659105960000 1.720498850000
-0.063771440000 0.914540110000 -0.399436580000 0.490485450000
0.697896680000 0.326971680000 0.637204640000 0.751498210000
0.000000000000 0.000000000000 0.000000000000 1.000000000000
28 58 66
0.952624170000 0.055740530000 -0.298998630000 0.555838820000
-0.073460450000 0.996125570000 -0.048346830000 0.203466210000
0.295145310000 0.068020940000 0.953028020000 -0.268753150000
0.000000000000 0.000000000000 0.000000000000 1.000000000000
28 59 66
0.328153680000 -0.086110550000 0.940691310000 -2.677761430000
-0.690560370000 -0.701359570000 0.176695020000 -0.173627430000
0.644547550000 -0.707587250000 -0.289618260000 2.732396260000
0.000000000000 0.000000000000 0.000000000000 1.000000000000
28 60 66
0.944132710000 -0.329344600000 -0.012064710000 0.273378540000
0.263850300000 0.733431000000 0.626467870000 -1.404098920000
-0.197475180000 -0.594652090000 0.779353870000 1.073353020000
0.000000000000 0.000000000000 0.000000000000 1.000000000000
28 61 66
0.790297110000 0.291112810000 -0.539151010000 0.986352860000
-0.280371950000 0.954213520000 0.104250280000 -0.347253700000
0.544813780000 0.068774120000 0.835732050000 0.489314150000
0.000000000000 0.000000000000 0.000000000000 1.000000000000
28 62 66
0.116586850000 -0.562415810000 0.818593890000 -1.610061600000
-0.566783000000 -0.714501680000 -0.410176030000 0.632985160000
0.815576200000 -0.416143970000 -0.402069220000 3.838737460000
0.000000000000 0.000000000000 0.000000000000 1.000000000000
28 63 66
-0.909404700000 0.069249570000 0.410106810000 -1.256708480000
-0.408707510000 0.033946490000 -0.912033880000 2.197535840000
-0.077079640000 -0.997021630000 -0.002568280000 2.354103530000
0.000000000000 0.000000000000 0.000000000000 1.000000000000
28 64 66
0.339456000000 -0.430093060000 -0.836534270000 2.093456000000
-0.381187980000 0.750140380000 -0.540356490000 0.833177420000
0.859921710000 0.502304060000 0.090693350000 2.250234990000
0.000000000000 0.000000000000 0.000000000000 1.000000000000
28 65 66
0.921571300000 0.074260870000 0.381040240000 -0.897551940000
-0.209008320000 -0.732221440000 0.648203120000 -1.502687730000
0.327141960000 -0.677005970000 -0.659273120000 4.218963730000
0.000000000000 0.000000000000 0.000000000000 1.000000000000
29 31 66
0.528007360000 0.412421590000 -0.742372320000 1.051658310000
-0.524222450000 0.846021280000 0.097153570000 0.099359590000
0.668131010000 0.337870430000 0.662906120000 0.271761310000
0.000000000000 0.000000000000 0.000000000000 1.000000000000
29 32 66
0.268584680000 -0.957142270000 0.108355610000 -0.861234310000
0.958772090000 0.276478900000 0.065692410000 -1.054560490000
-0.092835020000 0.086244360000 0.991939300000 -0.422495380000
0.000000000000 0.000000000000 0.000000000000 1.000000000000
29 33 66
0.798255410000 0.326238610000 -0.506316770000 1.317907050000
-0.357071150000 0.933287710000 0.038395930000 0.203094590000
0.485065450000 0.150141350000 0.861492360000 -0.440062300000
0.000000000000 0.000000000000 0.000000000000 1.000000000000
29 34 66
-0.718362950000 0.147652210000 0.679818720000 -1.445567020000
-0.695360120000 -0.181495510000 -0.695365860000 1.565753270000
0.020711740000 -0.972243900000 0.233051110000 1.866037610000
0.000000000000 0.000000000000 0.000000000000 1.000000000000
29 35 66
-0.456775900000 0.444451830000 -0.770596100000 1.295642710000
0.736457170000 -0.296964500000 -0.607818160000 1.215010440000
-0.498985580000 -0.845147710000 -0.191673510000 2.764868730000
0.000000000000 0.000000000000 0.000000000000 1.000000000000
29 36 66
-0.808322920000 -0.423395510000 -0.409084720000 1.203617200000
-0.082732360000 -0.606265310000 0.790947360000 -1.914816000000
-0.582897440000 0.673185420000 0.455029630000 1.119760500000
0.000000000000 0.000000000000 0.000000000000 1.000000000000
29 37 66
0.325227490000 -0.152790170000 0.933210720000 -2.436475800000
-0.716667850000 -0.683659510000 0.137829140000 0.466712070000
0.616939450000 -0.713627940000 -0.331844670000 2.499151040000
0.000000000000 0.000000000000 0.000000000000 1.000000000000
29 38 66
-0.761484330000 0.445649590000 -0.470678300000 1.424201470000
-0.428915240000 0.197990550000 0.881380430000 -1.927260540000
0.485976690000 0.873038480000 0.040379200000 1.515911750000
0.000000000000 0.000000000000 0.000000000000 1.000000000000
29 39 66
0.111126090000 0.523847850000 -0.844532080000 2.328349590000
-0.351860710000 0.815489080000 0.459534110000 -1.130917100000
0.929432640000 0.246091430000 0.274943590000 1.431224270000
0.000000000000 0.000000000000 0.000000000000 1.000000000000
29 40 66
0.933674270000 -0.189677000000 0.303767990000 -1.265728780000
-0.164471780000 -0.980586730000 -0.106764640000 0.070924240000
0.318121660000 0.049722140000 -0.946745120000 3.718426210000
0.000000000000 0.000000000000 0.000000000000 1.000000000000
29 41 66
0.947876740000 0.095181290000 -0.304089160000 0.530351500000
0.141752850000 0.728741000000 0.669957230000 -1.157095010000
0.285369630000 -0.678142380000 0.677264420000 -0.038398790000
0.000000000000 0.000000000000 0.000000000000 1.000000000000
29 42 66
0.851134480000 -0.482486020000 -0.206826840000 0.377458610000
0.518776560000 0.833327240000 0.190883730000 -1.019925010000
0.080255710000 -0.269764640000 0.959575980000 -0.249509910000
0.000000000000 0.000000000000 0.000000000000 1.000000000000
29 43 66
-0.912106740000 -0.016072560000 -0.409637620000 0.910619790000
-0.285110960000 -0.693130040000 0.662029070000 -1.907581850000
-0.294572640000 0.720633350000 0.627626110000 0.516387150000
0.000000000000 0.000000000000 0.000000000000 1.000000000000
29 44 66
0.263028240000 -0.948240330000 0.177922490000 -0.218930140000
0.964732010000 0.260490910000 -0.037902930000 0.677700320000
-0.010406100000 0.181617070000 0.983314270000 -1.115851170000
0.000000000000 0.000000000000 0.000000000000 1.000000000000
29 45 66
0.000928169280 0.689355120000 -0.724422982000 1.777310560000
-0.426867459000 0.655379335000 0.623106813000 -1.875134830000
0.904313724000 0.308654249000 0.294871571000 0.439769676000
0.000000000000 0.000000000000 0.000000000000 1.000000000000
29 46 66
0.623227260000 -0.298381190000 -0.722880660000 1.593903870000
0.071653400000 0.942250450000 -0.327154220000 0.521861630000
0.778751290000 0.152094570000 0.608616190000 -0.195397400000
0.000000000000 0.000000000000 0.000000000000 1.000000000000
29 47 66
-0.485417620000 0.870112000000 -0.085292680000 0.194147810000
0.793731920000 0.397690570000 -0.460251940000 0.727230410000
-0.366550640000 -0.291113930000 -0.883681680000 3.976663000000
0.000000000000 0.000000000000 0.000000000000 1.000000000000
29 48 66
0.707053920000 -0.557563280000 0.434968890000 -1.310245810000
0.515738440000 0.827412080000 0.222268100000 -0.090434700000
-0.483827050000 0.067174640000 0.872581780000 0.057177850000
0.000000000000 0.000000000000 0.000000000000 1.000000000000
29 49 66
-0.085785050000 -0.604658450000 0.791851680000 -1.812650630000
0.672834220000 0.551009340000 0.493642410000 -1.225962430000
-0.734802720000 0.575132050000 0.359566530000 1.527679270000
0.000000000000 0.000000000000 0.000000000000 1.000000000000
29 50 66
-0.880665480000 0.365769970000 -0.301065840000 1.282892350000
-0.394089760000 -0.212947360000 0.894061900000 -2.419799070000
0.262909820000 0.906016420000 0.331681590000 0.462622860000
0.000000000000 0.000000000000 0.000000000000 1.000000000000
29 51 66
0.324541780000 -0.623086840000 0.711642770000 -1.513469640000
-0.536937800000 -0.740754820000 -0.403707930000 1.258883940000
0.778697910000 -0.251087810000 -0.574964760000 4.098277870000
0.000000000000 0.000000000000 0.000000000000 1.000000000000
29 52 66
-0.645233840000 -0.759648900000 0.081282460000 -0.223540570000
0.451756110000 -0.293571720000 0.842455970000 -2.416503320000
-0.616108520000 0.580300950000 0.532598440000 0.049342160000
0.000000000000 0.000000000000 0.000000000000 1.000000000000
29 53 66
-0.611515310000 -0.616423710000 -0.496055270000 1.313500690000
-0.220387190000 -0.469431040000 0.855022800000 -2.225689260000
-0.759920070000 0.632183760000 0.151212380000 1.149683690000
0.000000000000 0.000000000000 0.000000000000 1.000000000000
29 54 66
0.370470470000 0.908841440000 0.191726020000 -1.161774550000
0.680387950000 -0.125012110000 -0.722110940000 1.661484320000
-0.632316270000 0.397968860000 -0.664678060000 4.489620650000
0.000000000000 0.000000000000 0.000000000000 1.000000000000
29 55 66
0.874815900000 -0.218003120000 -0.432633540000 1.694888670000
-0.201177250000 0.648915760000 -0.733782020000 1.107788900000
0.440709500000 0.728960200000 0.523824550000 0.632381010000
0.000000000000 0.000000000000 0.000000000000 1.000000000000
29 56 66
0.585292720000 -0.259072870000 0.768318740000 -2.601354420000
-0.807611030000 -0.270519560000 0.524007240000 -1.698892640000
0.072089190000 -0.927200310000 -0.367563230000 2.725363680000
0.000000000000 0.000000000000 0.000000000000 1.000000000000
29 57 66
0.648044850000 0.105339880000 0.754282030000 -2.404575860000
-0.608748650000 -0.523512330000 0.596120720000 -1.534296990000
0.457671230000 -0.845481130000 -0.275133960000 2.875383330000
0.000000000000 0.000000000000 0.000000000000 1.000000000000
29 58 66
0.978135360000 -0.146518910000 0.147592070000 -0.798181640000
0.149596920000 0.988697370000 -0.009913640000 0.484917140000
-0.144471360000 0.031776200000 0.988998640000 -1.153550530000
0.000000000000 0.000000000000 0.000000000000 1.000000000000
29 59 66
0.968613110000 0.144753060000 -0.202077210000 -0.160952710000
-0.140862530000 0.989459470000 0.033581190000 0.094634480000
0.204808190000 -0.004062070000 0.978793700000 -0.582143900000
0.000000000000 0.000000000000 0.000000000000 1.000000000000
29 60 66
0.887070950000 0.367608710000 -0.279229230000 0.555717230000
-0.351087870000 0.929979550000 0.108974030000 -0.467484850000
0.299737280000 0.001366300000 0.954020810000 0.222101310000
0.000000000000 0.000000000000 0.000000000000 1.000000000000
29 61 66
0.679503040000 -0.733597880000 -0.010477110000 0.347628840000
0.681466380000 0.625796430000 0.379450130000 -0.724575290000
-0.271807280000 -0.264977310000 0.925152870000 0.032851280000
0.000000000000 0.000000000000 0.000000000000 1.000000000000
29 62 66
-0.869855130000 -0.451114360000 0.199619350000 -0.594365890000
0.281244360000 -0.121056230000 0.951970060000 -1.960219740000
-0.405282200000 0.884217860000 0.232174750000 0.812113070000
0.000000000000 0.000000000000 0.000000000000 1.000000000000
29 63 66
0.625862870000 -0.075926880000 -0.776228560000 2.405263080000
-0.384737090000 0.835674880000 -0.391950080000 0.441815900000
0.678434260000 0.543950920000 0.493805990000 0.933225020000
0.000000000000 0.000000000000 0.000000000000 1.000000000000
29 64 66
0.128218910000 0.440366240000 -0.888615490000 2.399085540000
-0.430655950000 0.831847050000 0.350094190000 -0.900945090000
0.893361830000 0.337798850000 0.296304860000 1.194656590000
0.000000000000 0.000000000000 0.000000000000 1.000000000000
29 65 66
0.554924280000 -0.417930970000 -0.719300180000 2.118610980000
-0.041947550000 0.849489320000 -0.525935650000 0.932580650000
0.830842610000 0.322027340000 0.453871060000 1.326478210000
0.000000000000 0.000000000000 0.000000000000 1.000000000000
30 32 66
0.959971040000 0.051300310000 -0.275361360000 0.846883600000
-0.091258580000 0.986727090000 -0.134318730000 0.779333900000
0.264815920000 0.154071180000 0.951911030000 -0.919774130000
0.000000000000 0.000000000000 0.000000000000 1.000000000000
30 33 66
0.971019560000 0.219432210000 -0.094712870000 1.100812410000
-0.207103080000 0.970326850000 0.124796330000 -0.099803240000
0.119286770000 -0.101564350000 0.987651430000 -0.925583800000
0.000000000000 0.000000000000 0.000000000000 1.000000000000
30 34 66
0.298502100000 -0.890755840000 0.342710560000 -0.486467180000
0.952385330000 0.254632120000 -0.167704110000 0.492876310000
0.062118300000 0.376452540000 0.924351020000 -0.416689140000
0.000000000000 0.000000000000 0.000000000000 1.000000000000
30 35 66
-0.916790280000 -0.383678510000 0.110843940000 0.372425700000
0.383786670000 -0.769633880000 0.510266090000 -0.978369840000
-0.110468880000 0.510347420000 0.852843560000 0.141470200000
0.000000000000 0.000000000000 0.000000000000 1.000000000000
30 36 66
0.868833230000 -0.271794690000 0.413831440000 -1.077232730000
0.373842570000 0.908150670000 -0.188425300000 0.006799890000
-0.324608300000 0.318417970000 0.890639910000 0.013527500000
0.000000000000 0.000000000000 0.000000000000 1.000000000000
30 37 66
0.990017360000 -0.117076440000 0.078477640000 -0.182112460000
0.131143930000 0.969178250000 -0.208554060000 0.279840090000
-0.051642050000 0.216764010000 0.974857150000 -0.352469970000
0.000000000000 0.000000000000 0.000000000000 1.000000000000
30 38 66
-0.815254750000 -0.205797630000 0.541301240000 -0.716931950000
0.384798600000 0.506018790000 0.771929420000 -1.928828160000
-0.432769840000 0.837611080000 -0.333343580000 2.589619590000
0.000000000000 0.000000000000 0.000000000000 1.000000000000
30 39 66
0.893985710000 0.050003800000 -0.445296730000 1.252202390000
0.088270370000 -0.993934020000 0.065601150000 -0.604156440000
-0.439315260000 -0.097953000000 -0.892976660000 4.166280450000
0.000000000000 0.000000000000 0.000000000000 1.000000000000
30 40 66
-0.953888870000 -0.042328010000 -0.297160490000 1.109649860000
-0.106438670000 -0.877971930000 0.466729150000 -1.324310200000
-0.280654290000 0.476837110000 0.832982320000 0.241224130000
0.000000000000 0.000000000000 0.000000000000 1.000000000000
30 41 66
-0.121287420000 0.900260940000 -0.418114350000 1.441853080000
-0.931758070000 0.041966540000 0.360646240000 -0.976468290000
0.342222540000 0.433323270000 0.833735380000 0.038564920000
0.000000000000 0.000000000000 0.000000000000 1.000000000000
30 42 66
-0.527660170000 0.848894860000 -0.030858560000 0.656086840000
-0.594371310000 -0.343011260000 0.727369250000 -1.625825020000
0.606875180000 0.402145230000 0.685552130000 -0.029203260000
0.000000000000 0.000000000000 0.000000000000 1.000000000000
30 43 66
-0.863703840000 -0.439502220000 -0.246684980000 0.706194630000
0.271729050000 -0.818295470000 0.506513430000 -1.440744090000
-0.424474980000 0.370446120000 0.826190460000 -0.101826010000
0.000000000000 0.000000000000 0.000000000000 1.000000000000
30 44 66
0.704157350000 -0.188399370000 -0.684593390000 2.440373710000
0.188643630000 0.979144850000 -0.075425020000 -0.234012570000
0.684526120000 -0.076033100000 0.725012380000 -0.019794240000
0.000000000000 0.000000000000 0.000000000000 1.000000000000
30 45 66
0.233026670000 -0.914097120000 -0.331850910000 1.249587820000
0.771765630000 0.381453570000 -0.508793650000 0.586981340000
0.591672520000 -0.137548630000 0.794357600000 -0.605426150000
0.000000000000 0.000000000000 0.000000000000 1.000000000000
30 46 66
0.134010710000 -0.307082910000 0.942200200000 -1.721587070000
-0.990766080000 -0.021769260000 0.133823260000 -0.364732780000
-0.020583840000 -0.951433750000 -0.307164640000 3.220138590000
0.000000000000 0.000000000000 0.000000000000 1.000000000000
30 47 66
-0.818553950000 -0.560696700000 0.124854500000 0.193220500000
0.342722270000 -0.302268690000 0.889480230000 -2.019402650000
-0.460989030000 0.770877970000 0.439586470000 0.981262790000
0.000000000000 0.000000000000 0.000000000000 1.000000000000
30 48 66
-0.222649710000 0.724139600000 -0.652724250000 1.982519390000
0.939358290000 -0.019779370000 -0.342366440000 0.363266720000
-0.260831570000 -0.689369730000 -0.675822670000 3.223787370000
0.000000000000 0.000000000000 0.000000000000 1.000000000000
30 49 66
0.864786060000 -0.467013360000 -0.184509040000 0.222412630000
0.401114580000 0.863523700000 -0.305669610000 0.867347920000
0.302079720000 0.190329550000 0.934089130000 -0.786975530000
0.000000000000 0.000000000000 0.000000000000 1.000000000000
30 50 66
-0.593379250000 0.392775660000 0.702586900000 -0.882311800000
0.321162070000 -0.684843480000 0.654098110000 -2.583258100000
0.738075870000 0.613772510000 0.280227260000 0.434617190000
0.000000000000 0.000000000000 0.000000000000 1.000000000000
30 51 66
0.865438320000 0.015789400000 0.500766620000 -1.264543480000
-0.287678080000 -0.802654900000 0.522481040000 -1.591836580000
0.410192440000 -0.596234690000 -0.690106040000 4.482111600000
0.000000000000 0.000000000000 0.000000000000 1.000000000000
30 52 66
-0.747577660000 -0.617314680000 0.245051490000 -0.236173800000
0.394829920000 -0.116370510000 0.911354620000 -2.578216040000
-0.534075810000 0.778062010000 0.330730300000 0.556332660000
0.000000000000 0.000000000000 0.000000000000 1.000000000000
30 53 66
-0.884802050000 -0.406946260000 -0.226980330000 0.884419630000
-0.103191420000 -0.303895560000 0.947100320000 -2.447158630000
-0.454397250000 0.861418730000 0.226894050000 0.818482060000
0.000000000000 0.000000000000 0.000000000000 1.000000000000
30 54 66
-0.096811740000 -0.975439790000 -0.197850220000 0.992257050000
0.802008950000 0.041265560000 -0.595884880000 0.829648230000
0.589414220000 -0.216366310000 0.778316450000 -1.062418760000
0.000000000000 0.000000000000 0.000000000000 1.000000000000
30 55 66
-0.643335790000 -0.185735060000 -0.742712290000 2.036518690000
-0.663438050000 -0.348880710000 0.661915560000 -1.394447270000
-0.382058920000 0.918577560000 0.101223740000 0.978053770000
0.000000000000 0.000000000000 0.000000000000 1.000000000000
30 56 66
-0.899243620000 -0.101624080000 0.425480270000 -0.953162460000
0.336015880000 0.462314530000 0.820584300000 -2.095099830000
-0.280096840000 0.880873330000 -0.381586090000 2.641313550000
0.000000000000 0.000000000000 0.000000000000 1.000000000000
30 57 66
-0.871020020000 0.460415040000 -0.171295430000 0.451382010000
0.297369480000 0.216615730000 -0.929865050000 2.155871400000
-0.391018570000 -0.860869110000 -0.325590020000 3.088625530000
0.000000000000 0.000000000000 0.000000000000 1.000000000000
30 58 66
0.825323660000 -0.082127590000 0.558655460000 -0.554541600000
0.022676430000 0.993388780000 0.112536680000 -0.242331260000
-0.564204430000 -0.080210880000 0.821729620000 -0.515578900000
0.000000000000 0.000000000000 0.000000000000 1.000000000000
30 59 66
0.942827380000 0.021742700000 0.332571470000 -0.821471100000
0.091990900000 0.942128320000 -0.322384700000 0.474374550000
-0.320334510000 0.334546670000 0.886264250000 -0.101845930000
0.000000000000 0.000000000000 0.000000000000 1.000000000000
30 60 66
0.895029990000 0.320632450000 -0.310026030000 0.620363280000
-0.301150100000 0.947189100000 0.110188130000 -0.368584730000
0.328983170000 -0.005257310000 0.944321150000 -0.006910450000
0.000000000000 0.000000000000 0.000000000000 1.000000000000
30 61 66
0.509043930000 0.714931350000 -0.479319780000 1.524793580000
-0.807476950000 0.589499170000 0.021718680000 -0.781711760000
0.298085980000 0.375983910000 0.877371560000 0.226363790000
0.000000000000 0.000000000000 0.000000000000 1.000000000000
30 62 66
0.725140620000 0.220900030000 -0.652207230000 1.640760790000
-0.340818140000 0.938135970000 -0.061187330000 -0.218057150000
0.598342780000 0.266653470000 0.755567230000 0.221425470000
0.000000000000 0.000000000000 0.000000000000 1.000000000000
30 63 66
0.679653420000 -0.721230160000 0.133784450000 0.182095140000
0.732675940000 0.676288660000 -0.076286390000 -0.073334770000
-0.035456860000 0.149868950000 0.988069890000 -0.506384010000
0.000000000000 0.000000000000 0.000000000000 1.000000000000
30 64 66
-0.114778180000 -0.892168830000 0.436876120000 -0.350431500000
0.992158600000 -0.124855700000 0.005689920000 -0.550181520000
0.049470100000 0.434103480000 0.899503680000 -0.088686730000
0.000000000000 0.000000000000 0.000000000000 1.000000000000
30 65 66
-0.660523480000 -0.637833310000 0.396077530000 -0.344744780000
0.743543670000 -0.628901960000 0.227211670000 -0.816698440000
0.104170760000 0.444579580000 0.889661420000 -0.300249780000
0.000000000000 0.000000000000 0.000000000000 1.000000000000
31 33 66
0.810048520000 0.333348670000 -0.482389950000 1.953354570000
-0.411092570000 0.909494330000 -0.061830080000 0.171354240000
0.418119950000 0.248392290000 0.873771700000 -0.145894650000
0.000000000000 0.000000000000 0.000000000000 1.000000000000
31 34 66
-0.130288820000 0.476665110000 -0.869376330000 2.522157070000
-0.706070100000 0.570974560000 0.418871180000 -1.484642120000
0.696053040000 0.668414860000 0.262167380000 1.698822730000
0.000000000000 0.000000000000 0.000000000000 1.000000000000
31 35 66
-0.055395010000 -0.993331280000 0.101115590000 0.076933450000
0.971594650000 -0.030291200000 0.234704670000 -1.043309670000
-0.230076580000 0.111244840000 0.966793340000 0.224392390000
0.000000000000 0.000000000000 0.000000000000 1.000000000000
31 36 66
-0.617767140000 -0.750988740000 -0.233194490000 1.206156470000
0.415212830000 -0.563358440000 0.714300760000 -2.166665770000
-0.667803910000 0.344446190000 0.659844500000 1.076115850000
0.000000000000 0.000000000000 0.000000000000 1.000000000000
31 37 66
-0.440042220000 -0.317572190000 0.839946870000 -1.347202100000
0.634537460000 0.551889690000 0.541091470000 -1.584608180000
-0.635393620000 0.771080850000 -0.041343310000 2.272970880000
0.000000000000 0.000000000000 0.000000000000 1.000000000000
31 38 66
-0.254012510000 0.948519590000 -0.189177780000 1.512541770000
0.159669790000 -0.151785840000 -0.975431500000 2.135763130000
-0.953930400000 -0.277977780000 -0.112894430000 3.233890210000
0.000000000000 0.000000000000 0.000000000000 1.000000000000
31 39 66
-0.487097020000 -0.816080930000 0.311044060000 -0.207237020000
0.871015690000 -0.479952160000 0.104774040000 -0.714002090000
0.063782170000 0.321959380000 0.944602560000 0.126437410000
0.000000000000 0.000000000000 0.000000000000 1.000000000000
31 40 66
0.762150330000 -0.568089830000 0.310484810000 -0.422789280000
-0.542619140000 -0.822125940000 -0.172259740000 -0.032869260000
0.353116620000 -0.037187180000 -0.934839970000 4.158145010000
0.000000000000 0.000000000000 0.000000000000 1.000000000000
31 41 66
-0.588569950000 0.768092920000 -0.252227450000 1.202029020000
-0.799225260000 -0.505826480000 0.324620630000 -0.973768600000
0.121755480000 0.392648490000 0.911593530000 0.021021060000
0.000000000000 0.000000000000 0.000000000000 1.000000000000
31 42 66
-0.494639440000 0.832128520000 -0.250786670000 0.829209690000
-0.716669260000 -0.227297530000 0.659333760000 -1.488203980000
0.491647230000 0.505863580000 0.708791250000 0.124523510000
0.000000000000 0.000000000000 0.000000000000 1.000000000000
31 43 66
-0.855964160000 0.328914230000 -0.398924540000 0.824068910000
-0.501562710000 -0.715570770000 0.486202960000 -1.719994990000
-0.125539670000 0.616257980000 0.777474050000 0.203684780000
0.000000000000 0.000000000000 0.000000000000 1.000000000000
31 44 66
0.627845390000 0.378097700000 -0.680332480000 2.245910680000
-0.007710500000 0.877061990000 0.480315330000 -1.015384210000
0.778299880000 -0.296318060000 0.553574650000 0.251885000000
0.000000000000 0.000000000000 0.000000000000 1.000000000000
31 45 66
0.503050730000 -0.685673090000 0.526110620000 -0.737997840000
-0.838755210000 -0.240541580000 0.488497140000 -1.220206330000
-0.208397860000 -0.687016860000 -0.696116490000 4.887676100000
0.000000000000 0.000000000000 0.000000000000 1.000000000000
31 46 66
0.641335950000 -0.520734160000 0.563492810000 -0.665656000000
0.767252530000 0.438548350000 -0.467973190000 0.445324900000
-0.003429220000 0.732469310000 0.680791420000 -0.009599660000
0.000000000000 0.000000000000 0.000000000000 1.000000000000
31 47 66
0.870874450000 -0.183466370000 0.455980040000 -0.900761810000
-0.380839160000 -0.838345180000 0.390049870000 -1.227927190000
0.310707630000 -0.513339520000 -0.799964570000 3.983201870000
0.000000000000 0.000000000000 0.000000000000 1.000000000000
31 48 66
-0.579246260000 0.182063430000 -0.794560680000 2.274881780000
-0.813888120000 -0.074901890000 0.576173440000 -1.456615560000
0.045386010000 0.980429810000 0.191565900000 2.016610480000
0.000000000000 0.000000000000 0.000000000000 1.000000000000
31 49 66
0.991279850000 -0.008210040000 -0.131517500000 0.634176500000
-0.042769310000 0.923979630000 -0.380042670000 0.535866810000
0.124639660000 0.382353550000 0.915571250000 0.389276990000
0.000000000000 0.000000000000 0.000000000000 1.000000000000
31 50 66
-0.299779580000 0.941699190000 -0.152757450000 1.095922600000
0.940499650000 0.318572150000 0.118204010000 -1.260015270000
0.159976890000 -0.108233180000 -0.981169190000 5.045969870000
0.000000000000 0.000000000000 0.000000000000 1.000000000000
31 51 66
0.835611410000 -0.510727130000 -0.202265590000 1.366127370000
-0.152240530000 0.138473460000 -0.978594870000 1.895269910000
0.527803370000 0.848518060000 0.037956640000 1.808924030000
0.000000000000 0.000000000000 0.000000000000 1.000000000000
31 52 66
-0.292587340000 0.897582290000 0.329755480000 -0.507001230000
0.800135970000 0.418636740000 -0.429564550000 0.858139970000
-0.523617290000 0.138164070000 -0.840675690000 5.137888580000
0.000000000000 0.000000000000 0.000000000000 1.000000000000
31 53 66
0.566526250000 -0.075374860000 0.820589200000 -1.256823370000
0.409804210000 0.889707090000 -0.201200910000 0.322975910000
-0.714918540000 0.450266510000 0.534931350000 0.015933750000
0.000000000000 0.000000000000 0.000000000000 1.000000000000
31 54 66
0.382274470000 -0.755241470000 -0.532425160000 2.102786070000
0.853257830000 0.509680290000 -0.110349800000 -0.893595590000
0.354707350000 -0.412112030000 0.839253460000 -0.353504560000
0.000000000000 0.000000000000 0.000000000000 1.000000000000
31 55 66
0.889432720000 -0.020805860000 0.456592320000 -0.523840880000
0.207046550000 0.908931660000 -0.361904620000 0.024107940000
-0.407481480000 0.416425680000 0.812741340000 -0.132565160000
0.000000000000 0.000000000000 0.000000000000 1.000000000000
31 56 66
0.905055890000 -0.258026760000 0.338076950000 -0.610474020000
-0.312998630000 -0.942302240000 0.118736450000 -0.209400780000
0.287933480000 -0.213280740000 -0.933598220000 4.150045700000
0.000000000000 0.000000000000 0.000000000000 1.000000000000
31 57 66
-0.979137800000 -0.009441690000 0.202977910000 -0.599244020000
0.164484030000 0.549686320000 0.819017670000 -1.858672130000
-0.119307090000 0.835317790000 -0.536665650000 2.828598200000
0.000000000000 0.000000000000 0.000000000000 1.000000000000
31 58 66
0.952555660000 0.127907590000 -0.276183560000 1.187278460000
-0.146780790000 0.987969860000 -0.048692380000 0.168594610000
0.266632900000 0.086920650000 0.959870670000 -0.494779610000
0.000000000000 0.000000000000 0.000000000000 1.000000000000
31 59 66
-0.196964570000 -0.969942720000 0.142884830000 -0.130217350000
0.520160160000 0.020152080000 0.853830960000 -2.534424050000
-0.831046550000 0.242497450000 0.500556320000 1.245443280000
0.000000000000 0.000000000000 0.000000000000 1.000000000000
31 60 66
0.997847950000 0.008805870000 0.064976390000 0.385856720000
-0.018919490000 0.987461320000 0.156723310000 -0.379029860000
-0.062781590000 -0.157615350000 0.985502850000 0.010799830000
0.000000000000 0.000000000000 0.000000000000 1.000000000000
31 61 66
-0.198003680000 -0.934953620000 -0.294374360000 0.529679670000
0.877559260000 -0.302877620000 0.371691920000 -0.795249580000
-0.436674110000 -0.184734580000 0.880448100000 0.114808030000
0.000000000000 0.000000000000 0.000000000000 1.000000000000
31 62 66
0.346126010000 0.538518240000 -0.768241430000 2.087569520000
0.825759340000 -0.563553590000 -0.022996810000 0.098473340000
-0.445329420000 -0.626422740000 -0.639747030000 3.847724930000
0.000000000000 0.000000000000 0.000000000000 1.000000000000
31 63 66
-0.870092630000 0.198337090000 0.451221920000 -0.910036720000
-0.266954930000 0.579933670000 -0.769683050000 1.572525680000
-0.414335480000 -0.790151460000 -0.451648950000 3.406537230000
0.000000000000 0.000000000000 0.000000000000 1.000000000000
31 64 66
-0.754085290000 -0.280813000000 0.593716630000 -1.138239840000
-0.600386260000 -0.071736780000 -0.796486140000 1.928923740000
0.266254980000 -0.957077790000 -0.114500620000 2.599198770000
0.000000000000 0.000000000000 0.000000000000 1.000000000000
31 65 66
0.171360040000 -0.922620060000 0.345554570000 -0.728777300000
-0.984999210000 -0.167668620000 0.040789710000 0.026156220000
0.020305250000 -0.347360700000 -0.937511730000 4.168363840000
0.000000000000 0.000000000000 0.000000000000 1.000000000000
32 34 66
0.734957460000 0.108185550000 -0.669427680000 1.542654600000
0.010067100000 0.985342090000 0.170292740000 -1.250830380000
0.678038480000 -0.131897120000 0.723095410000 1.330849290000
0.000000000000 0.000000000000 0.000000000000 1.000000000000
32 35 66
0.941201480000 -0.337607440000 0.012688060000 0.180438750000
-0.332135680000 -0.931516610000 -0.148198190000 -0.048282480000
0.061851950000 0.135270200000 -0.988876290000 5.014661160000
0.000000000000 0.000000000000 0.000000000000 1.000000000000
32 36 66
0.771694230000 0.269968460000 -0.575851580000 0.966978630000
-0.304854840000 0.951655620000 0.037617820000 -0.353133970000
0.558168020000 0.146521690000 0.816688350000 0.510255100000
0.000000000000 0.000000000000 0.000000000000 1.000000000000
32 37 66
-0.990731398000 0.135827379000 -0.001489783360 0.457325350000
0.055001642800 0.411164591000 0.909900269000 -2.778510730000
0.124201915000 0.901384825000 -0.414824399000 3.902819200000
0.000000000000 0.000000000000 0.000000000000 1.000000000000
32 38 66
0.583793710000 -0.718853570000 -0.377404890000 0.376357710000
0.689522870000 0.684394150000 -0.236987040000 -0.026978740000
0.428652680000 -0.121877760000 0.895210970000 0.061504520000
0.000000000000 0.000000000000 0.000000000000 1.000000000000
32 39 66
0.640805980000 -0.762075960000 -0.092778970000 0.307573690000
0.765060000000 0.643938640000 -0.005121180000 -0.385851410000
0.063646690000 -0.067699800000 0.995673560000 0.380950080000
0.000000000000 0.000000000000 0.000000000000 1.000000000000
32 40 66
-0.267261590000 -0.879302320000 0.394206380000 -0.944813600000
-0.679898680000 -0.117828640000 -0.723777730000 1.483300060000
0.682868240000 -0.461458390000 -0.566345410000 3.695011420000
0.000000000000 0.000000000000 0.000000000000 1.000000000000
32 41 66
0.645886720000 -0.695768200000 0.314224370000 -0.293353450000
-0.298090110000 -0.608761800000 -0.735221970000 1.497822500000
0.702831870000 0.381202930000 -0.600592780000 4.063045240000
0.000000000000 0.000000000000 0.000000000000 1.000000000000
32 42 66
0.361922880000 0.701879530000 -0.613495680000 0.913172040000
-0.673949230000 0.651687950000 0.347987440000 -1.505061570000
0.644053000000 0.287520330000 0.708891950000 0.885022120000
0.000000000000 0.000000000000 0.000000000000 1.000000000000
32 43 66
0.845624760000 -0.191260550000 0.498335400000 -0.766140820000
-0.057345220000 -0.960749560000 -0.271425530000 0.495351760000
0.530688510000 0.200947000000 -0.823401490000 4.533127490000
0.000000000000 0.000000000000 0.000000000000 1.000000000000
32 44 66
-0.760623470000 0.646938140000 -0.054064600000 -0.179791760000
0.061626100000 0.154856620000 0.986013010000 -2.864915510000
0.646261680000 0.746652840000 -0.157655850000 3.107182990000
0.000000000000 0.000000000000 0.000000000000 1.000000000000
32 45 66
-0.812358100000 0.284819150000 0.508873630000 -0.821634960000
0.581541640000 0.330718010000 0.743259660000 -2.458335800000
0.043400910000 0.899724210000 -0.434295650000 2.827656200000
0.000000000000 0.000000000000 0.000000000000 1.000000000000
32 46 66
0.108204420000 -0.986574560000 -0.122321020000 0.038158000000
0.983320130000 0.088119980000 0.159111280000 -1.462383250000
-0.146196220000 -0.137497270000 0.979653600000 0.055900650000
0.000000000000 0.000000000000 0.000000000000 1.000000000000
32 47 66
0.193647050000 0.497212430000 -0.845742640000 2.061562670000
-0.402209250000 0.826519590000 0.393818600000 -0.822790460000
0.894834360000 0.263903710000 0.360036520000 1.504931440000
0.000000000000 0.000000000000 0.000000000000 1.000000000000
32 48 66
0.837107920000 0.469628710000 -0.280533770000 1.479377260000
0.495069000000 -0.868541400000 0.023292030000 -0.602027590000
-0.232716590000 -0.158381510000 -0.959561510000 4.824141560000
0.000000000000 0.000000000000 0.000000000000 1.000000000000
32 49 66
0.974428040000 0.042928010000 -0.220561050000 0.763810250000
-0.029762610000 0.997590290000 0.062672210000 0.330942720000
0.222719950000 -0.054505080000 0.973357600000 -0.544368040000
0.000000000000 0.000000000000 0.000000000000 1.000000000000
32 50 66
0.460754300000 -0.601326950000 0.652772070000 -1.756506850000
0.787479770000 -0.062257870000 -0.613188040000 0.416100180000
0.409366690000 0.796573820000 0.444847230000 1.071591890000
0.000000000000 0.000000000000 0.000000000000 1.000000000000
32 51 66
-0.883473210000 -0.193147150000 0.426812910000 -1.141901190000
0.138592490000 0.762521790000 0.631943550000 -2.534757390000
-0.447512240000 0.617458260000 -0.646898830000 4.218372320000
0.000000000000 0.000000000000 0.000000000000 1.000000000000
32 52 66
-0.963783720000 0.261525660000 -0.052204060000 0.299997880000
-0.256932110000 -0.858118620000 0.444542840000 -1.410607450000
0.071462080000 0.441856050000 0.894235090000 0.141193620000
0.000000000000 0.000000000000 0.000000000000 1.000000000000
32 53 66
-0.919925000000 -0.257526030000 -0.295665920000 1.336045580000
-0.197261530000 -0.347715530000 0.916614310000 -3.012927510000
-0.338859680000 0.901539930000 0.269072230000 1.874658030000
0.000000000000 0.000000000000 0.000000000000 1.000000000000
32 54 66
0.851602870000 0.053466890000 0.521453590000 -1.266963010000
0.188717990000 -0.959351210000 -0.209835090000 0.238859720000
0.489037900000 0.277103840000 -0.827076410000 4.834397600000
0.000000000000 0.000000000000 0.000000000000 1.000000000000
32 55 66
0.867935570000 0.496405980000 -0.016399750000 -0.155307390000
-0.491176310000 0.852955060000 -0.176673440000 -0.176565470000
-0.073713500000 0.161396330000 0.984132890000 0.104517880000
0.000000000000 0.000000000000 0.000000000000 1.000000000000
32 56 66
-0.865126660000 0.204809860000 -0.457830520000 0.675963270000
-0.254616390000 0.607111410000 0.752719220000 -2.374711420000
0.432118460000 0.767768620000 -0.473080320000 3.834163440000
0.000000000000 0.000000000000 0.000000000000 1.000000000000
32 57 66
0.238275010000 -0.094797690000 0.966560090000 -2.952417270000
-0.565014790000 -0.822999370000 0.058569010000 -0.041493970000
0.789926140000 -0.560076280000 -0.249662280000 3.466430700000
0.000000000000 0.000000000000 0.000000000000 1.000000000000
32 58 66
-0.190236380000 -0.503197810000 0.842972170000 -1.665618940000
0.490543740000 0.695057960000 0.525605620000 -1.386241300000
-0.850398120000 0.513504030000 0.114615230000 2.038498520000
0.000000000000 0.000000000000 0.000000000000 1.000000000000
32 59 66
-0.861206430000 0.389670360000 -0.326313490000 1.592513240000
-0.491160070000 -0.803176660000 0.337148400000 -1.194845650000
-0.130710640000 0.450626530000 0.883091420000 0.752972940000
0.000000000000 0.000000000000 0.000000000000 1.000000000000
32 60 66
0.450463050000 0.836604020000 -0.311731860000 0.626721000000
-0.552584300000 0.535508140000 0.638656110000 -1.334206070000
0.701237220000 -0.115432850000 0.703520880000 1.180952760000
0.000000000000 0.000000000000 0.000000000000 1.000000000000
32 61 66
-0.745288280000 0.425167250000 -0.513593400000 1.041415760000
0.619204590000 0.155719310000 -0.769634440000 1.354089730000
-0.247246950000 -0.891618920000 -0.379321290000 3.326355700000
0.000000000000 0.000000000000 0.000000000000 1.000000000000
32 62 66
-0.910877940000 -0.159260730000 0.380706440000 -0.815822590000
0.352663330000 0.178685540000 0.918531460000 -2.237425530000
-0.214312730000 0.970931250000 -0.106595290000 2.357032890000
0.000000000000 0.000000000000 0.000000000000 1.000000000000
32 63 66
0.975521410000 0.041302940000 -0.215990830000 1.359066160000
0.014495340000 0.967989360000 0.250572320000 -0.603821870000
0.219426200000 -0.247569520000 0.943695650000 0.054879830000
0.000000000000 0.000000000000 0.000000000000 1.000000000000
32 64 66
0.663077260000 -0.746845840000 0.050495970000 0.253600240000
0.738737660000 0.663781140000 0.116881420000 -0.310415830000
-0.120810680000 -0.040198130000 0.991861330000 0.047858900000
0.000000000000 0.000000000000 0.000000000000 1.000000000000
32 65 66
0.828025190000 -0.187988050000 -0.528237420000 1.938944850000
-0.147854940000 -0.981980580000 0.117698970000 -0.695752150000
-0.540844890000 -0.019355200000 -0.840899620000 4.807360860000
0.000000000000 0.000000000000 0.000000000000 1.000000000000
33 35 66
0.876654100000 -0.363829860000 0.314810130000 -0.206422000000
0.388340660000 0.921366710000 -0.016580490000 -0.738850460000
-0.284023100000 0.136788930000 0.949009840000 1.138394320000
0.000000000000 0.000000000000 0.000000000000 1.000000000000
33 36 66
0.477242050000 -0.464366640000 0.746058750000 -1.207377740000
0.511386960000 0.837176770000 0.193954700000 -0.829704510000
-0.714649150000 0.288961370000 0.637007000000 1.382560440000
0.000000000000 0.000000000000 0.000000000000 1.000000000000
33 37 66
0.770477260000 -0.263947020000 0.580255770000 -1.279354980000
-0.152697730000 0.807333840000 0.569996040000 -1.724011530000
-0.618908870000 -0.527772730000 0.581728250000 1.707031380000
0.000000000000 0.000000000000 0.000000000000 1.000000000000
33 38 66
-0.500102340000 -0.163749870000 0.850343240000 -0.963559460000
0.848868910000 0.101464160000 0.518774120000 -1.709025380000
-0.171228550000 0.981270100000 0.088259710000 2.478712780000
0.000000000000 0.000000000000 0.000000000000 1.000000000000
33 39 66
-0.133575690000 -0.758274450000 0.638104530000 -1.286313890000
0.984386300000 -0.027039020000 0.173932450000 -0.903916580000
-0.114634810000 0.651374500000 0.750046740000 0.976497130000
0.000000000000 0.000000000000 0.000000000000 1.000000000000
33 40 66
0.957639130000 0.183182370000 -0.222197010000 0.818851120000
0.020219520000 0.726918870000 0.686425620000 -1.172227610000
0.287260270000 -0.661840750000 0.692422090000 1.039782750000
0.000000000000 0.000000000000 0.000000000000 1.000000000000
33 41 66
-0.257296300000 -0.959720440000 -0.112850730000 0.524975220000
0.641700250000 -0.257006530000 0.722612230000 -1.941520900000
-0.722509100000 0.113509110000 0.681979680000 1.055643020000
0.000000000000 0.000000000000 0.000000000000 1.000000000000
33 42 66
0.948070410000 0.316751240000 0.028829640000 0.077194650000
-0.302886840000 0.871461840000 0.385763960000 -1.267009030000
0.097067280000 -0.374463510000 0.922146960000 0.435927180000
0.000000000000 0.000000000000 0.000000000000 1.000000000000
33 43 66
-0.142583530000 0.886412820000 -0.440388750000 0.667621900000
-0.532452170000 0.306378060000 0.789067280000 -1.876517480000
0.834364800000 0.346993940000 0.428287970000 1.624201660000
0.000000000000 0.000000000000 0.000000000000 1.000000000000
33 44 66
0.679760210000 -0.555953770000 -0.478373770000 1.528657020000
-0.528567990000 -0.823519700000 0.205988300000 -1.219957750000
-0.508470200000 0.112830410000 -0.853655290000 5.306250520000
0.000000000000 0.000000000000 0.000000000000 1.000000000000
33 45 66
-0.625306460000 -0.660942470000 0.414905870000 0.088849050000
0.750551290000 -0.363771980000 0.551672650000 -1.882323700000
-0.213692760000 0.656372610000 0.723540190000 0.712121600000
0.000000000000 0.000000000000 0.000000000000 1.000000000000
33 46 66
-0.133246350000 0.697892310000 -0.703698610000 1.673929740000
0.869932320000 -0.257817990000 -0.420413650000 0.521222430000
-0.474829620000 -0.668188750000 -0.572765770000 4.632281730000
0.000000000000 0.000000000000 0.000000000000 1.000000000000
33 47 66
0.546940720000 -0.656608760000 0.519346500000 -1.344906060000
0.774902690000 0.162291370000 -0.610890600000 0.932167920000
0.316830670000 0.736563940000 0.597571660000 1.657703570000
0.000000000000 0.000000000000 0.000000000000 1.000000000000
33 48 66
-0.222440040000 -0.681107490000 0.697576530000 -1.553809330000
0.511509660000 0.527587640000 0.678239740000 -1.213660850000
-0.829986920000 0.507684820000 0.231036440000 2.093458760000
0.000000000000 0.000000000000 0.000000000000 1.000000000000
33 49 66
-0.442583390000 0.645875170000 -0.622065270000 2.115513050000
0.883068370000 0.434535960000 -0.177112290000 -0.252914800000
0.155917290000 -0.627713120000 -0.762670330000 4.698970960000
0.000000000000 0.000000000000 0.000000000000 1.000000000000
33 50 66
0.087530620000 0.745315160000 -0.660941520000 1.810710560000
-0.940042620000 0.281350490000 0.192773900000 -0.600338350000
0.329633540000 0.604439580000 0.725254800000 0.465396320000
0.000000000000 0.000000000000 0.000000000000 1.000000000000
33 51 66
-0.904543510000 0.281512120000 -0.320237360000 0.530134170000
0.227187550000 -0.317353210000 -0.920691460000 2.430977380000
-0.360814160000 -0.905559420000 0.223103740000 2.647811590000
0.000000000000 0.000000000000 0.000000000000 1.000000000000
33 52 66
0.766175560000 0.049915180000 0.640689850000 -2.054046360000
0.612993890000 -0.356044380000 -0.705316170000 1.817856850000
0.192908040000 0.933134970000 -0.303390200000 3.340709550000
0.000000000000 0.000000000000 0.000000000000 1.000000000000
33 53 66
0.961783210000 0.059308900000 0.267311640000 -0.691349320000
-0.116656890000 -0.794465880000 0.595999280000 -1.848626330000
0.247718040000 -0.604405840000 -0.757185150000 5.421904670000
0.000000000000 0.000000000000 0.000000000000 1.000000000000
33 54 66
0.907615140000 0.268388650000 0.322803790000 -0.911089870000
0.417547850000 -0.656738910000 -0.627971180000 1.908558910000
0.043457470000 0.704742180000 -0.708131280000 4.173126150000
0.000000000000 0.000000000000 0.000000000000 1.000000000000
33 55 66
-0.827626870000 0.021122360000 -0.560881100000 1.339652730000
-0.506395840000 -0.459074630000 0.729940910000 -2.010672060000
-0.242068210000 0.888146570000 0.390638780000 1.329224680000
0.000000000000 0.000000000000 0.000000000000 1.000000000000
33 56 66
-0.639596180000 0.280706580000 -0.715625980000 1.923667510000
-0.355292320000 0.717592290000 0.599023090000 -1.673004370000
0.681677410000 0.637389300000 -0.359236400000 3.361192010000
0.000000000000 0.000000000000 0.000000000000 1.000000000000
33 57 66
0.660895710000 0.219759950000 -0.717580950000 2.567565110000
-0.293201110000 0.955781980000 0.022669560000 -0.443534930000
0.690832810000 0.195413320000 0.696106080000 1.167526630000
0.000000000000 0.000000000000 0.000000000000 1.000000000000
33 58 66
0.845804580000 -0.350695040000 0.402029350000 -1.673527440000
0.354126560000 0.932680750000 0.068563760000 -0.275645740000
-0.399010010000 0.084377730000 0.913056080000 0.228913730000
0.000000000000 0.000000000000 0.000000000000 1.000000000000
33 59 66
-0.193408510000 0.485400150000 -0.852631130000 2.301973010000
-0.494627020000 0.702278590000 0.512004770000 -1.016746680000
0.847311780000 0.520760480000 0.104265370000 1.806257320000
0.000000000000 0.000000000000 0.000000000000 1.000000000000
33 60 66
-0.751905270000 0.012575350000 -0.659151220000 0.628766100000
-0.424473490000 -0.774244630000 0.469433180000 -1.534397500000
-0.504441000000 0.632761500000 0.587496520000 1.592157520000
0.000000000000 0.000000000000 0.000000000000 1.000000000000
33 61 66
0.980809880000 0.113089230000 -0.158816920000 0.641183220000
-0.115900690000 0.993224240000 -0.008522870000 -0.588157640000
0.156776970000 0.026766310000 0.987271260000 1.042342440000
0.000000000000 0.000000000000 0.000000000000 1.000000000000
33 62 66
0.959335950000 -0.269043610000 0.085381920000 0.224396730000
0.272704790000 0.961483690000 -0.034368780000 -0.175580740000
-0.072846630000 0.056255260000 0.995755350000 0.333786490000
0.000000000000 0.000000000000 0.000000000000 1.000000000000
33 63 66
0.188499920000 -0.628859420000 0.754323280000 -2.044365730000
0.568812800000 0.696051390000 0.438137490000 -1.244508520000
-0.800574650000 0.346479860000 0.488908920000 1.404701640000
0.000000000000 0.000000000000 0.000000000000 1.000000000000
33 64 66
-0.870165450000 0.293892760000 0.395523890000 -1.283293280000
0.259867320000 -0.408279000000 0.875086990000 -2.753870630000
0.418665820000 0.864254190000 0.278897150000 2.324829710000
0.000000000000 0.000000000000 0.000000000000 1.000000000000
33 65 66
-0.873421690000 0.384025060000 0.299431630000 -0.929809520000
0.300368110000 -0.059130310000 0.951988760000 -2.279044880000
0.383293030000 0.921427350000 -0.063703180000 2.943842600000
0.000000000000 0.000000000000 0.000000000000 1.000000000000
34 36 66
-0.318092620000 0.045574010000 0.946963620000 -2.645781190000
0.849852050000 0.456416340000 0.263506370000 -1.096686290000
-0.420200630000 0.888598410000 -0.183913840000 3.249093090000
0.000000000000 0.000000000000 0.000000000000 1.000000000000
34 37 66
-0.571822920000 -0.336821250000 -0.748044120000 1.804802250000
0.237290700000 0.804946280000 -0.543833260000 1.158969380000
0.785309920000 -0.488480230000 -0.380362180000 3.017082160000
0.000000000000 0.000000000000 0.000000000000 1.000000000000
34 38 66
-0.984041310000 -0.080819340000 0.158527380000 -0.077642450000
-0.164282070000 0.070340890000 -0.983902210000 2.430751160000
0.068367370000 -0.994243630000 -0.082495510000 2.532659210000
0.000000000000 0.000000000000 0.000000000000 1.000000000000
34 39 66
0.992714030000 -0.119450630000 -0.015824210000 0.330917570000
0.120336770000 0.989541690000 0.079538060000 -0.040834260000
0.006157840000 -0.080862790000 0.996706220000 -0.293532830000
0.000000000000 0.000000000000 0.000000000000 1.000000000000
34 40 66
0.009177220000 -0.975136510000 -0.221414900000 -0.190563110000
0.866870900000 -0.102614840000 0.487857600000 -1.224511250000
-0.498448210000 -0.196415310000 0.844375750000 1.298876150000
0.000000000000 0.000000000000 0.000000000000 1.000000000000
34 41 66
-0.668009760000 -0.668346150000 -0.327225290000 0.182760190000
-0.021689650000 0.457028880000 -0.889187360000 2.235178420000
0.743836350000 -0.586888430000 -0.319795950000 2.994968350000
0.000000000000 0.000000000000 0.000000000000 1.000000000000
34 42 66
0.338781280000 0.936322400000 0.092345070000 -0.005958950000
-0.653107870000 0.163381790000 0.739429850000 -1.697267800000
0.677257220000 -0.310816280000 0.666870220000 0.938013590000
0.000000000000 0.000000000000 0.000000000000 1.000000000000
34 43 66
0.896633290000 -0.442110550000 0.024228240000 -0.014635560000
0.137787450000 0.330608810000 0.933655420000 -1.934907990000
-0.420788980000 -0.833808180000 0.357352150000 1.356401860000
0.000000000000 0.000000000000 0.000000000000 1.000000000000
34 44 66
-0.540863040000 0.827264490000 0.151988960000 -0.998521410000
0.086008990000 -0.125356800000 0.988376510000 -2.612455720000
0.836701640000 0.547648740000 -0.003351330000 2.486743150000
0.000000000000 0.000000000000 0.000000000000 1.000000000000
34 45 66
-0.561753080000 -0.744112220000 -0.361566700000 1.193894110000
-0.125171660000 0.508457010000 -0.851941030000 1.393932290000
0.817780860000 -0.433322600000 -0.378769050000 3.920306690000
0.000000000000 0.000000000000 0.000000000000 1.000000000000
34 46 66
-0.232822430000 -0.863276410000 0.447825360000 -0.926867540000
0.134843050000 0.427376480000 0.893961240000 -2.053919990000
-0.963125680000 0.268520360000 0.016903990000 2.383858910000
0.000000000000 0.000000000000 0.000000000000 1.000000000000
34 47 66
0.757736460000 0.320956870000 -0.568174400000 0.548485020000
-0.357366820000 0.932612490000 0.050228430000 -0.003495450000
0.546007700000 0.164986760000 0.821373830000 0.646321180000
0.000000000000 0.000000000000 0.000000000000 1.000000000000
34 48 66
0.552621120000 -0.540583830000 0.634333520000 -2.209277500000
0.415290720000 0.838498500000 0.352780210000 -0.074992830000
-0.722594990000 0.068479030000 0.687871430000 0.522111550000
0.000000000000 0.000000000000 0.000000000000 1.000000000000
34 49 66
0.404433750000 -0.551548540000 0.729539270000 -2.682703820000
0.497916790000 0.801893550000 0.330220550000 -0.533377720000
-0.767145500000 0.229697510000 0.598938090000 1.041568200000
0.000000000000 0.000000000000 0.000000000000 1.000000000000
34 50 66
-0.054097220000 -0.967572420000 0.246732840000 -0.607121950000
-0.354013210000 0.249628820000 0.901310210000 -1.803838340000
-0.933674540000 -0.038588310000 -0.356037640000 3.616955710000
0.000000000000 0.000000000000 0.000000000000 1.000000000000
34 51 66
0.187733320000 -0.195790770000 0.962508270000 -3.377816100000
0.472462670000 0.877118390000 0.086269070000 -0.607857560000
-0.861124390000 0.438553650000 0.257168180000 1.596779920000
0.000000000000 0.000000000000 0.000000000000 1.000000000000
34 52 66
-0.982560440000 -0.185561920000 0.011906370000 0.078819200000
-0.115209260000 0.557277730000 -0.822294570000 2.540848960000
0.145951400000 -0.809325840000 -0.568937500000 3.955949050000
0.000000000000 0.000000000000 0.000000000000 1.000000000000
34 53 66
0.131651510000 -0.818074070000 0.559841670000 -2.028117540000
0.578695740000 0.521959640000 0.626633370000 -1.944892580000
-0.804847260000 0.241480760000 0.542132760000 0.894892480000
0.000000000000 0.000000000000 0.000000000000 1.000000000000
34 54 66
0.231359020000 -0.862588560000 0.449904410000 -1.466226920000
0.823507170000 0.419863350000 0.381511070000 -1.878961080000
-0.517985460000 0.282233480000 0.807487040000 0.423453770000
0.000000000000 0.000000000000 0.000000000000 1.000000000000
34 55 66
-0.970368740000 0.149401330000 -0.189904590000 -0.795159580000
-0.002115540000 -0.791157980000 -0.611608180000 2.079619700000
-0.241619610000 -0.593083710000 0.768031040000 0.957340370000
0.000000000000 0.000000000000 0.000000000000 1.000000000000
34 56 66
-0.929171460000 0.112974710000 -0.351961800000 -0.311474640000
-0.191477070000 0.667352840000 0.719706000000 -2.070055900000
0.316191280000 0.736122890000 -0.598453150000 4.160358480000
0.000000000000 0.000000000000 0.000000000000 1.000000000000
34 57 66
0.665262887000 -0.056678859400 -0.744454698000 2.315533320000
-0.002181984960 -0.997257630000 0.073976067900 0.451220216000
-0.746606007000 -0.047589143600 -0.663562163000 3.620611610000
0.000000000000 0.000000000000 0.000000000000 1.000000000000
34 58 66
0.995392140000 -0.018449520000 -0.094096250000 -0.223027700000
0.019426290000 0.999766390000 0.009475040000 -0.077527080000
0.093899460000 -0.011259320000 0.995518020000 0.170051650000
0.000000000000 0.000000000000 0.000000000000 1.000000000000
34 59 66
0.928319070000 0.294570400000 0.226830310000 -1.096893600000
0.370989810000 -0.773818600000 -0.513391990000 1.257593910000
0.024295430000 0.560743310000 -0.827633180000 4.476672580000
0.000000000000 0.000000000000 0.000000000000 1.000000000000
34 60 66
-0.598164270000 0.306071020000 -0.740621390000 0.604473900000
-0.771241600000 0.031176020000 0.635778620000 -1.328584210000
0.217683040000 0.951498080000 0.217406320000 2.160503990000
0.000000000000 0.000000000000 0.000000000000 1.000000000000
34 61 66
0.385612410000 -0.001495579280 -0.922659652000 1.297684200000
-0.372262647000 0.914741075000 -0.157064595000 -0.314709518000
0.844229584000 0.404037781000 0.352178762000 2.278129500000
0.000000000000 0.000000000000 0.000000000000 1.000000000000
34 62 66
-0.589891000000 0.770956780000 0.240113010000 -1.021772580000
-0.351628440000 -0.512941130000 0.783102060000 -2.262504910000
0.726901680000 0.377514290000 0.573669680000 1.391763330000
0.000000000000 0.000000000000 0.000000000000 1.000000000000
34 63 66
0.771326580000 -0.282235240000 0.570437170000 -1.357636090000
0.283013380000 0.954904980000 0.089776930000 -0.227547420000
-0.570051510000 0.092194020000 0.816419950000 0.255435970000
0.000000000000 0.000000000000 0.000000000000 1.000000000000
34 64 66
-0.936957330000 0.197970650000 -0.287955860000 -0.678969390000
-0.076080120000 0.688705420000 0.721038600000 -1.910444770000
0.341061240000 0.697490120000 -0.630225960000 4.139341430000
0.000000000000 0.000000000000 0.000000000000 1.000000000000
34 65 66
-0.396490070000 0.812134330000 0.428057760000 -1.177891120000
0.306708220000 -0.322299730000 0.895574090000 -2.301938230000
0.865289370000 0.486375070000 -0.121299640000 2.866724620000
0.000000000000 0.000000000000 0.000000000000 1.000000000000
35 37 66
-0.171115400000 0.722072360000 -0.670321580000 2.197971480000
0.312576720000 -0.605422710000 -0.731955690000 1.808799810000
-0.934352890000 -0.334775810000 -0.122105860000 3.215978170000
0.000000000000 0.000000000000 0.000000000000 1.000000000000
35 38 66
-0.954148280000 0.252310200000 0.161060900000 0.250761160000
-0.144618900000 0.082535260000 -0.986039200000 2.501438600000
-0.262080960000 -0.964120060000 -0.042262060000 2.283192660000
0.000000000000 0.000000000000 0.000000000000 1.000000000000
35 39 66
0.816174830000 0.242282880000 -0.524554720000 0.545681890000
-0.236486010000 0.968391340000 0.079325780000 -0.021530870000
0.527193520000 0.059306150000 0.847673150000 0.062825170000
0.000000000000 0.000000000000 0.000000000000 1.000000000000
35 40 66
0.944418270000 -0.212767690000 0.250607350000 -0.800390850000
0.218970290000 0.975726260000 0.003206140000 -0.030180430000
-0.245206340000 0.051847630000 0.968083510000 0.095474970000
0.000000000000 0.000000000000 0.000000000000 1.000000000000
35 41 66
-0.698853790000 -0.520368890000 -0.490733730000 1.013801410000
-0.181546280000 -0.534571140000 0.825393630000 -1.876168840000
-0.691841260000 0.665920350000 0.279116040000 1.503170110000
0.000000000000 0.000000000000 0.000000000000 1.000000000000
35 42 66
-0.705489830000 0.584696140000 -0.400517820000 0.349286990000
-0.632528890000 -0.264554150000 0.727954880000 -1.200719570000
0.319673760000 0.766903860000 0.556477460000 0.115764290000
0.000000000000 0.000000000000 0.000000000000 1.000000000000
35 43 66
0.997932018000 -0.000246685830 -0.064277736600 0.472433879000
0.017684560800 -0.960347615000 0.278243985000 -0.238718674000
-0.061797609900 -0.278805305000 -0.958357270000 4.380195820000
0.000000000000 0.000000000000 0.000000000000 1.000000000000
35 44 66
0.111490550000 0.993313510000 -0.029968900000 0.855132140000
0.438013980000 -0.076188010000 -0.895733860000 3.027833210000
-0.892027810000 0.086739060000 -0.443579440000 3.101969740000
0.000000000000 0.000000000000 0.000000000000 1.000000000000
35 45 66
-0.202303110000 0.945665330000 -0.254539860000 0.656633810000
0.131055850000 -0.231433910000 -0.963982730000 3.091826450000
-0.970514200000 -0.228375650000 -0.077115170000 2.886574600000
0.000000000000 0.000000000000 0.000000000000 1.000000000000
35 46 66
0.110961100000 0.263463730000 -0.958266400000 2.142782560000
-0.471213190000 0.862894290000 0.182678860000 -0.482833850000
0.875011860000 0.431277530000 0.219895280000 0.949770320000
0.000000000000 0.000000000000 0.000000000000 1.000000000000
35 47 66
-0.990672300000 -0.119166500000 0.066088870000 0.247361770000
-0.091895000000 0.226138140000 -0.969750920000 2.958841720000
0.100616610000 -0.966778610000 -0.234979600000 2.307850290000
0.000000000000 0.000000000000 0.000000000000 1.000000000000
35 48 66
-0.349386500000 0.667384980000 -0.657667360000 2.127667210000
-0.786118420000 0.173144090000 0.593328710000 -1.074834420000
0.509849880000 0.724305470000 0.464149420000 1.117953360000
0.000000000000 0.000000000000 0.000000000000 1.000000000000
35 49 66
0.472376640000 -0.479862720000 0.739318660000 -1.527304100000
0.512132390000 0.832109730000 0.212870410000 -0.090062420000
-0.717342820000 0.278074020000 0.638822440000 0.594878010000
0.000000000000 0.000000000000 0.000000000000 1.000000000000
35 50 66
0.308121960000 0.886514280000 -0.345185890000 1.060767020000
-0.741969520000 0.451028090000 0.496039210000 -0.562204750000
0.595434370000 0.103276830000 0.796738230000 -1.080608370000
0.000000000000 0.000000000000 0.000000000000 1.000000000000
35 51 66
0.963977850000 0.084946940000 -0.252053030000 1.241157700000
0.235896430000 -0.710834660000 0.662621280000 -1.300982430000
-0.122880380000 -0.698210640000 -0.705267540000 4.507908890000
0.000000000000 0.000000000000 0.000000000000 1.000000000000
35 52 66
-0.934183450000 -0.035742180000 -0.354998270000 0.953201210000
0.313468410000 -0.557426630000 -0.768773770000 2.976097520000
-0.170407840000 -0.829456480000 0.531942780000 0.623262410000
0.000000000000 0.000000000000 0.000000000000 1.000000000000
35 53 66
-0.426292280000 0.885557510000 -0.184561060000 1.121037480000
0.274850550000 -0.067581710000 -0.959108900000 3.064153270000
-0.861819040000 -0.459587430000 -0.214586410000 3.256672390000
0.000000000000 0.000000000000 0.000000000000 1.000000000000
35 54 66
0.281293600000 0.812913330000 -0.509946890000 1.122196770000
0.229897220000 -0.573016060000 -0.786638330000 2.579030820000
-0.931676540000 0.104040960000 -0.348072270000 3.991856600000
0.000000000000 0.000000000000 0.000000000000 1.000000000000
35 55 66
0.862824580000 0.210407310000 0.459633020000 -1.035494410000
0.279583300000 -0.956159680000 -0.087131160000 1.439724420000
0.421149530000 0.203684620000 -0.883824440000 3.651309670000
0.000000000000 0.000000000000 0.000000000000 1.000000000000
35 56 66
0.958074860000 -0.043962710000 -0.283125150000 1.355767990000
0.126262060000 0.951817370000 0.279466630000 -0.469209210000
0.257197320000 -0.303497910000 0.917463110000 -0.098120420000
0.000000000000 0.000000000000 0.000000000000 1.000000000000
35 57 66
0.958551230000 0.078101700000 -0.274006690000 0.868500000000
-0.091474040000 0.995143800000 -0.036349950000 0.080888980000
0.269837060000 0.059907790000 0.961040590000 -0.129530720000
0.000000000000 0.000000000000 0.000000000000 1.000000000000
35 58 66
0.984485750000 -0.101120260000 0.143396340000 0.180186750000
0.108327170000 0.993169440000 -0.043355360000 0.256567360000
-0.138032760000 0.058216460000 0.988715230000 -0.319329750000
0.000000000000 0.000000000000 0.000000000000 1.000000000000
35 59 66
0.655008850000 -0.393785360000 0.644900380000 -1.330954730000
0.475049040000 0.878312230000 0.053814790000 0.019857930000
-0.587615370000 0.271110140000 0.762369640000 0.126381250000
0.000000000000 0.000000000000 0.000000000000 1.000000000000
35 60 66
-0.895285880000 0.396419650000 -0.203260070000 0.329618890000
-0.438334890000 -0.865324810000 0.243054520000 -0.193393540000
-0.079534400000 0.306699260000 0.948477640000 0.132690930000
0.000000000000 0.000000000000 0.000000000000 1.000000000000
35 61 66
-0.985234050000 -0.157653830000 -0.066776720000 -0.219485950000
-0.165291950000 0.977517580000 0.130911990000 0.051282880000
0.044636640000 0.140016610000 -0.989142520000 4.284542540000
0.000000000000 0.000000000000 0.000000000000 1.000000000000
35 62 66
0.986342200000 0.013941290000 -0.164117950000 0.890705220000
-0.024568520000 0.997717200000 -0.062902930000 0.332793410000
0.162866350000 0.066075950000 0.984433100000 -0.530001440000
0.000000000000 0.000000000000 0.000000000000 1.000000000000
35 63 66
0.895162450000 0.147456910000 -0.420643150000 1.782242550000
-0.154572640000 0.987829220000 0.017341580000 0.074899360000
0.418080730000 0.049496390000 0.907060420000 -0.195297660000
0.000000000000 0.000000000000 0.000000000000 1.000000000000
35 64 66
0.914542980000 -0.403910840000 0.021613890000 0.673692490000
-0.402911860000 -0.904962520000 0.136765770000 -0.435830140000
-0.035681420000 -0.133786670000 -0.990367590000 4.783031610000
0.000000000000 0.000000000000 0.000000000000 1.000000000000
35 65 66
0.866430110000 -0.269258320000 -0.420474520000 1.826622010000
0.096422070000 -0.736046950000 0.670028110000 -1.250564770000
-0.489899640000 -0.621075550000 -0.611770800000 3.585020890000
0.000000000000 0.000000000000 0.000000000000 1.000000000000
36 38 66
0.987786790000 0.155662560000 -0.006813440000 0.190687370000
-0.146134090000 0.940719790000 0.306090040000 -0.731370790000
0.054056300000 -0.301356020000 0.951978180000 0.559266530000
0.000000000000 0.000000000000 0.000000000000 1.000000000000
36 39 66
0.454345070000 0.420410830000 -0.785382260000 2.078449700000
-0.324288470000 0.899198050000 0.293734330000 -0.761797780000
0.829703290000 0.121233670000 0.544880590000 1.262186890000
0.000000000000 0.000000000000 0.000000000000 1.000000000000
36 40 66
-0.725256910000 -0.634288970000 0.267731050000 -0.152788920000
0.463839570000 -0.162785880000 0.870835010000 -1.356364260000
-0.508778210000 0.755763360000 0.412269910000 1.157235020000
0.000000000000 0.000000000000 0.000000000000 1.000000000000
36 41 66
-0.337814230000 -0.865214910000 -0.370519520000 0.653542390000
0.058756320000 -0.412279660000 0.909160700000 -2.023889500000
-0.939377050000 0.285357060000 0.190110780000 1.705980390000
0.000000000000 0.000000000000 0.000000000000 1.000000000000
36 42 66
-0.724030430000 0.681594110000 0.105874460000 0.642329730000
-0.185684590000 -0.340424880000 0.921754920000 -2.283144350000
0.664305030000 0.647719360000 0.373039490000 1.359782120000
0.000000000000 0.000000000000 0.000000000000 1.000000000000
36 43 66
0.996526950000 0.070712990000 0.043974050000 0.206211950000
-0.079250870000 0.643290060000 0.761509820000 -1.566422790000
0.025560570000 -0.762350040000 0.646659940000 0.871649500000
0.000000000000 0.000000000000 0.000000000000 1.000000000000
36 44 66
-0.718467260000 -0.485956140000 0.497645880000 -1.379180700000
0.695100610000 -0.527648270000 0.488285210000 -0.995082500000
0.025296800000 0.696730890000 0.716886420000 -0.011673510000
0.000000000000 0.000000000000 0.000000000000 1.000000000000
36 45 66
-0.256044990000 0.958303890000 -0.126864550000 0.736884860000
-0.012777450000 0.127872810000 0.991708260000 -2.647331590000
0.966580420000 0.255542930000 -0.020496510000 1.578737090000
0.000000000000 0.000000000000 0.000000000000 1.000000000000
36 46 66
0.984935120000 0.044641070000 -0.167062790000 0.796270110000
-0.068157270000 0.988113220000 -0.137792810000 -0.287603030000
0.158925730000 0.147103520000 0.976270030000 0.307388210000
0.000000000000 0.000000000000 0.000000000000 1.000000000000
36 47 66
0.316503540000 -0.504419190000 0.803359690000 -1.973790480000
0.498800640000 0.808859860000 0.311357750000 -0.655144010000
-0.806860230000 0.302170500000 0.507611620000 1.734074510000
0.000000000000 0.000000000000 0.000000000000 1.000000000000
36 48 66
0.482001190000 -0.466829250000 0.741448120000 -1.867767800000
-0.705140910000 -0.708965300000 0.012021100000 -0.468720970000
0.520049190000 -0.528619580000 -0.670902510000 3.744708350000
0.000000000000 0.000000000000 0.000000000000 1.000000000000
36 49 66
0.896653910000 -0.233574880000 0.376104430000 -0.707422360000
0.200287130000 0.971612690000 0.125912060000 0.061040840000
-0.394837730000 -0.037570660000 0.917982360000 0.132296550000
0.000000000000 0.000000000000 0.000000000000 1.000000000000
36 50 66
0.250772540000 -0.887842180000 0.385810050000 -1.628722250000
-0.952867220000 -0.296689260000 -0.063399870000 1.390573820000
0.170754780000 -0.351726810000 -0.920397230000 4.654522840000
0.000000000000 0.000000000000 0.000000000000 1.000000000000
36 51 66
0.631645270000 -0.380224310000 0.675613590000 -1.839781480000
-0.670371300000 -0.705595320000 0.229646610000 -0.659868060000
0.389392560000 -0.597967160000 -0.700577410000 4.785889110000
0.000000000000 0.000000000000 0.000000000000 1.000000000000
36 52 66
0.638740100000 0.013571700000 0.769302860000 -1.668423010000
-0.664192030000 -0.494999020000 0.560200780000 -1.188072210000
0.388407040000 -0.868787540000 -0.307161500000 3.704795160000
0.000000000000 0.000000000000 0.000000000000 1.000000000000
36 53 66
-0.987540380000 0.073926410000 0.138920460000 -0.124121270000
0.146111810000 0.758584250000 0.634981310000 -1.879282260000
-0.058440980000 0.647367600000 -0.759934100000 3.938411220000
0.000000000000 0.000000000000 0.000000000000 1.000000000000
36 54 66
0.968130520000 -0.212734460000 -0.132164100000 0.623061670000
0.097519710000 0.806275240000 -0.583446780000 1.207435990000
0.230679880000 0.551964030000 0.801325470000 -0.128916900000
0.000000000000 0.000000000000 0.000000000000 1.000000000000
36 55 66
-0.977892700000 -0.115301020000 -0.174446390000 0.415544560000
0.196742430000 -0.789941200000 -0.580762700000 2.128018960000
-0.070839860000 -0.602244610000 0.795162340000 1.011041060000
0.000000000000 0.000000000000 0.000000000000 1.000000000000
36 56 66
-0.778265380000 -0.091937210000 0.621168690000 -1.226727140000
0.414461300000 0.667927170000 0.618138440000 -1.459684100000
-0.471725370000 0.738526130000 -0.481720180000 3.442946920000
0.000000000000 0.000000000000 0.000000000000 1.000000000000
36 57 66
0.886403640000 0.149226450000 -0.438200920000 1.107828870000
0.414517630000 -0.677260210000 0.607859970000 -0.714355200000
-0.206067270000 -0.720451300000 -0.662182910000 3.858484710000
0.000000000000 0.000000000000 0.000000000000 1.000000000000
36 58 66
-0.782197900000 0.507718160000 -0.361093790000 1.099633990000
0.427009890000 0.014835440000 -0.904125250000 2.655722050000
-0.453683820000 -0.861395490000 -0.228404920000 3.000534130000
0.000000000000 0.000000000000 0.000000000000 1.000000000000
36 59 66
-0.654537990000 0.536094380000 -0.533088020000 1.662532790000
0.625161190000 -0.012732430000 -0.780391810000 1.869965380000
-0.425151170000 -0.844062030000 -0.326811540000 3.359563980000
0.000000000000 0.000000000000 0.000000000000 1.000000000000
36 60 66
0.976251000000 0.110317590000 0.186451110000 -0.206462750000
-0.143971770000 0.973467130000 0.177859150000 -0.159458880000
-0.161883030000 -0.200478870000 0.966230880000 0.219997570000
0.000000000000 0.000000000000 0.000000000000 1.000000000000
36 61 66
0.946842790000 0.192645760000 -0.257636060000 0.741673770000
-0.146568840000 0.971250720000 0.187588940000 -0.253424610000
0.286367420000 -0.139855820000 0.947857610000 0.114957550000
0.000000000000 0.000000000000 0.000000000000 1.000000000000
36 62 66
0.717579780000 0.253223940000 -0.648811910000 1.908433040000
-0.165385180000 0.966870810000 0.194444290000 -0.509063600000
0.676555250000 -0.032225410000 0.735686430000 0.573695820000
0.000000000000 0.000000000000 0.000000000000 1.000000000000
36 63 66
-0.947046180000 -0.199759600000 0.251395360000 -0.066495430000
-0.279714370000 0.128768170000 -0.951408760000 2.305441240000
0.157681310000 -0.971346930000 -0.177825030000 2.838629410000
0.000000000000 0.000000000000 0.000000000000 1.000000000000
36 64 66
0.993629720000 0.044997340000 0.103320910000 0.297206970000
-0.112638610000 0.367768630000 0.923070300000 -2.162364340000
0.003537520000 -0.928828010000 0.370494280000 1.491192910000
0.000000000000 0.000000000000 0.000000000000 1.000000000000
36 65 66
-0.870216670000 -0.200186050000 -0.450164960000 1.621418140000
0.235443720000 -0.971614230000 -0.023065840000 0.487525410000
-0.432769220000 -0.126060790000 0.892647450000 0.184977130000
0.000000000000 0.000000000000 0.000000000000 1.000000000000
37 39 66
-0.293395120000 -0.770575370000 0.565802880000 -1.255228980000
0.953497300000 -0.193150780000 0.231377790000 -0.228571210000
-0.069008760000 0.607376630000 0.791411030000 0.233127780000
0.000000000000 0.000000000000 0.000000000000 1.000000000000
37 40 66
-0.999802570000 -0.019526030000 -0.003681190000 0.366703140000
0.009329830000 -0.624895220000 0.780652880000 -1.286253220000
-0.017543410000 0.780464410000 0.624954020000 0.695673470000
0.000000000000 0.000000000000 0.000000000000 1.000000000000
37 41 66
-0.253149060000 -0.944373480000 0.209938760000 -0.613279400000
0.108808340000 0.187836700000 0.976154760000 -2.013837180000
-0.961288870000 0.269955750000 0.055205030000 2.129116530000
0.000000000000 0.000000000000 0.000000000000 1.000000000000
37 42 66
-0.887150930000 -0.368616450000 -0.277642110000 0.559071460000
-0.114452010000 -0.407089890000 0.906189030000 -2.045980110000
-0.447061480000 0.835703140000 0.318961280000 1.533966650000
0.000000000000 0.000000000000 0.000000000000 1.000000000000
37 43 66
0.965969020000 0.128320200000 0.224583560000 -0.025361680000
-0.252152130000 0.273655100000 0.928187580000 -2.171261480000
0.057646780000 -0.953229670000 0.296698570000 1.701800270000
0.000000000000 0.000000000000 0.000000000000 1.000000000000
37 44 66
-0.324059000000 0.862852600000 0.387906120000 -0.320856090000
0.200113970000 -0.338234020000 0.919539090000 -2.476372990000
0.924629740000 0.375610350000 -0.063061070000 2.660303150000
0.000000000000 0.000000000000 0.000000000000 1.000000000000
37 45 66
0.886488560000 -0.444904120000 0.127272750000 -0.140634400000
-0.040375790000 0.199621750000 0.979040830000 -2.793195380000
-0.460985710000 -0.873047240000 0.158999040000 2.855527860000
0.000000000000 0.000000000000 0.000000000000 1.000000000000
37 46 66
0.846743270000 0.481993700000 0.225184160000 -0.120709560000
-0.480200020000 0.874638240000 -0.066452170000 -0.388614620000
-0.228984200000 -0.051865510000 0.972047430000 0.195770210000
0.000000000000 0.000000000000 0.000000000000 1.000000000000
37 47 66
-0.631211460000 0.198626930000 -0.749746250000 1.832261940000
-0.773657490000 -0.092679890000 0.626789060000 -1.253970370000
0.055010790000 0.975683240000 0.212169820000 1.833897050000
0.000000000000 0.000000000000 0.000000000000 1.000000000000
37 48 66
-0.936077740000 -0.258119770000 -0.239024360000 0.850488390000
-0.194528770000 -0.186329090000 0.963036880000 -2.197665060000
-0.293116040000 0.947974500000 0.124206790000 2.446401880000
0.000000000000 0.000000000000 0.000000000000 1.000000000000
37 49 66
0.818824630000 0.234649790000 0.523894740000 -0.801224350000
-0.272583870000 0.962119590000 -0.004891770000 0.219700330000
-0.505197250000 -0.138799750000 0.851768970000 0.711659240000
0.000000000000 0.000000000000 0.000000000000 1.000000000000
37 50 66
0.775449200000 -0.304241000000 0.553277470000 -2.428911050000
-0.522231980000 0.183481360000 0.832831530000 -1.881151100000
-0.354897600000 -0.934757720000 -0.016603910000 2.841806520000
0.000000000000 0.000000000000 0.000000000000 1.000000000000
37 51 66
0.872808570000 0.478213400000 0.097555880000 -0.503862000000
-0.277127670000 0.321053450000 0.905607500000 -2.921301960000
0.401752980000 -0.817457420000 0.412744370000 1.494228620000
0.000000000000 0.000000000000 0.000000000000 1.000000000000
37 52 66
-0.677646980000 0.731840010000 0.072144060000 0.028418630000
0.600929110000 0.607622760000 -0.519306050000 1.613194870000
-0.423885320000 -0.308552720000 -0.851537700000 4.975100670000
0.000000000000 0.000000000000 0.000000000000 1.000000000000
37 53 66
0.915193180000 0.341180430000 -0.214516570000 0.734102160000
-0.399470370000 0.838403830000 -0.370813220000 0.595181910000
0.053337300000 0.425058750000 0.903592940000 -0.482436190000
0.000000000000 0.000000000000 0.000000000000 1.000000000000
37 54 66
0.755357350000 -0.106668270000 -0.646573390000 1.909905030000
0.627444830000 0.402397960000 0.666624980000 -2.362923930000
0.189072080000 -0.909229210000 0.370882720000 0.879134380000
0.000000000000 0.000000000000 0.000000000000 1.000000000000
37 55 66
0.575012750000 0.228708760000 -0.785526980000 2.268258010000
-0.418546100000 0.907212660000 -0.042241530000 -0.501382480000
0.702979020000 0.353068670000 0.617384000000 0.439882490000
0.000000000000 0.000000000000 0.000000000000 1.000000000000
37 56 66
0.993276720000 -0.056226650000 -0.101192520000 1.167186920000
0.049915980000 0.996710280000 -0.063851520000 0.134779790000
0.104449790000 0.058371100000 0.992815720000 -0.167324510000
0.000000000000 0.000000000000 0.000000000000 1.000000000000
37 57 66
0.532244130000 0.321717680000 -0.783079760000 2.847956770000
-0.355132320000 0.924507480000 0.138444780000 -0.590471590000
0.768503230000 0.204410510000 0.606316030000 1.094127190000
0.000000000000 0.000000000000 0.000000000000 1.000000000000
37 58 66
-0.872946870000 -0.436777850000 -0.217230010000 0.612465110000
-0.149522150000 -0.184301560000 0.971429910000 -2.616335560000
-0.464334890000 0.880487390000 0.095577510000 2.159506630000
0.000000000000 0.000000000000 0.000000000000 1.000000000000
37 59 66
0.917674900000 0.392606380000 -0.061098340000 -0.138328340000
-0.345505700000 0.864421780000 0.365240740000 -0.571201500000
0.196210580000 -0.314062430000 0.928905910000 -0.005929580000
0.000000000000 0.000000000000 0.000000000000 1.000000000000
37 60 66
-0.984401570000 0.149420590000 -0.092881860000 0.539844960000
-0.009472270000 0.482151660000 0.876036560000 -1.753861030000
0.175681040000 0.863251570000 -0.473215500000 3.197871320000
0.000000000000 0.000000000000 0.000000000000 1.000000000000
37 61 66
-0.895646600000 -0.388462920000 -0.216595760000 0.684409560000
0.088996670000 -0.633668270000 0.768468690000 -1.464980580000
-0.435771440000 0.669000070000 0.602114740000 1.081009780000
0.000000000000 0.000000000000 0.000000000000 1.000000000000
37 62 66
0.949723900000 -0.018303500000 0.312553170000 0.293185030000
-0.195496520000 0.745090140000 0.637669030000 -1.806682770000
-0.244551860000 -0.666712580000 0.704051650000 0.878044820000
0.000000000000 0.000000000000 0.000000000000 1.000000000000
37 63 66
0.461057460000 -0.090062460000 -0.882788070000 2.912366600000
-0.229033740000 0.949050490000 -0.216441000000 0.503481870000
0.857303660000 0.301979990000 0.416939460000 1.913522600000
0.000000000000 0.000000000000 0.000000000000 1.000000000000
37 64 66
0.905138940000 -0.266629820000 -0.331107300000 1.167992080000
0.209285740000 0.957420470000 -0.198860540000 0.613602120000
0.370031050000 0.110700380000 0.922400370000 -0.355572630000
0.000000000000 0.000000000000 0.000000000000 1.000000000000
37 65 66
0.439771420000 -0.190682900000 -0.877633820000 2.468131980000
-0.443944250000 0.803313280000 -0.396990280000 0.462170900000
0.780714160000 0.564205470000 0.268621640000 1.768470600000
0.000000000000 0.000000000000 0.000000000000 1.000000000000
38 40 66
-0.995512900000 0.094484530000 -0.005170960000 0.385701880000
0.014283820000 0.096028370000 -0.995276100000 2.381809420000
-0.093541640000 -0.990884060000 -0.096947080000 2.588571940000
0.000000000000 0.000000000000 0.000000000000 1.000000000000
38 41 66
-0.655818050000 -0.418610970000 -0.628225710000 2.300196650000
0.188691650000 0.714865850000 -0.673321820000 1.569757980000
0.730957010000 -0.560117550000 -0.389833530000 3.222682660000
0.000000000000 0.000000000000 0.000000000000 1.000000000000
38 42 66
-0.912549500000 0.408935210000 -0.005040300000 0.254530250000
-0.199620530000 -0.434634120000 0.878205460000 -2.086598210000
0.356938450000 0.802412100000 0.478257010000 1.171303570000
0.000000000000 0.000000000000 0.000000000000 1.000000000000
38 43 66
0.324431970000 0.548843080000 -0.770399360000 2.691120110000
0.545380280000 -0.773984970000 -0.321725990000 0.591167160000
-0.772854610000 -0.315782420000 -0.550433660000 3.928641710000
0.000000000000 0.000000000000 0.000000000000 1.000000000000
38 44 66
0.386950970000 0.916412720000 0.102257900000 0.598272580000
-0.560306040000 0.145601550000 0.815387840000 -2.639342740000
0.732342880000 -0.372810830000 0.569812240000 0.899106630000
0.000000000000 0.000000000000 0.000000000000 1.000000000000
38 45 66
-0.414313970000 0.655324050000 0.631580810000 -1.704385400000
0.798192800000 -0.071798300000 0.598108070000 -1.879842420000
0.437301030000 0.751927790000 -0.493327900000 3.132031060000
0.000000000000 0.000000000000 0.000000000000 1.000000000000
38 46 66
0.881814930000 0.398157050000 0.252731870000 -0.309859410000
-0.353560590000 0.912801890000 -0.204420200000 -0.024024030000
-0.312085470000 0.090904750000 0.945694970000 0.164917260000
0.000000000000 0.000000000000 0.000000000000 1.000000000000
38 47 66
0.451578760000 -0.387942790000 0.803478080000 -1.669104350000
0.702217750000 0.710073660000 -0.051823020000 0.034322800000
-0.550424250000 0.587618740000 0.593074490000 1.086906830000
0.000000000000 0.000000000000 0.000000000000 1.000000000000
38 48 66
0.611879190000 0.175052220000 -0.771336880000 2.492430790000
0.381499000000 -0.919583920000 0.093935720000 -0.473759760000
-0.692865340000 -0.351741560000 -0.629456510000 3.483609250000
0.000000000000 0.000000000000 0.000000000000 1.000000000000
38 49 66
0.894825110000 -0.220053990000 0.388412500000 -1.216235540000
0.186101620000 0.974738610000 0.123494250000 0.154162530000
-0.405776060000 -0.038221560000 0.913172980000 -0.070086800000
0.000000000000 0.000000000000 0.000000000000 1.000000000000
38 50 66
0.887438910000 -0.125539120000 0.443499850000 -1.201192600000
0.201564540000 0.971013610000 -0.128469090000 -0.114817450000
-0.414516490000 0.203402310000 0.887019490000 -0.096267320000
0.000000000000 0.000000000000 0.000000000000 1.000000000000
38 51 66
0.797078170000 0.139125570000 -0.587631230000 2.163877630000
-0.333295620000 0.912813970000 -0.235976050000 0.142779930000
0.503567690000 0.383946270000 0.773954030000 0.354087800000
0.000000000000 0.000000000000 0.000000000000 1.000000000000
38 52 66
-0.855805580000 0.271693970000 -0.440203580000 1.791253590000
-0.084242210000 0.766409180000 0.636804690000 -1.998910860000
0.510392060000 0.582064740000 -0.633009150000 3.719833850000
0.000000000000 0.000000000000 0.000000000000 1.000000000000
38 53 66
0.700036470000 -0.137957980000 0.700654360000 -1.973068200000
-0.038937050000 0.972327860000 0.230352880000 -1.234604310000
-0.713044770000 -0.188536830000 0.675293280000 1.215812520000
0.000000000000 0.000000000000 0.000000000000 1.000000000000
38 54 66
0.974643220000 0.193830530000 0.111804860000 -0.393523230000
-0.194091740000 0.483665080000 0.853461480000 -2.563754010000
0.111350780000 -0.853520840000 0.509021790000 0.814134420000
0.000000000000 0.000000000000 0.000000000000 1.000000000000
38 55 66
-0.615743750000 -0.656796320000 -0.435290970000 1.960795690000
0.687362430000 -0.177657220000 -0.704251940000 1.691532700000
0.385217500000 -0.732841390000 0.560848440000 1.715741660000
0.000000000000 0.000000000000 0.000000000000 1.000000000000
38 56 66
0.594859240000 -0.799318790000 0.085040870000 0.241687850000
-0.797177580000 -0.600208180000 -0.065253660000 0.382466040000
0.103200700000 -0.028975940000 -0.994238410000 4.568522960000
0.000000000000 0.000000000000 0.000000000000 1.000000000000
38 57 66
-0.088935290000 0.952422610000 -0.291516170000 1.502716360000
-0.457131800000 0.221001820000 0.861503750000 -2.711993540000
0.884941260000 0.209879400000 0.415727800000 1.369561360000
0.000000000000 0.000000000000 0.000000000000 1.000000000000
38 58 66
0.834921040000 0.539916500000 0.106756920000 0.289092470000
-0.544761910000 0.838337270000 0.020617490000 0.005516920000
-0.078366580000 -0.075371090000 0.994071360000 -0.407958960000
0.000000000000 0.000000000000 0.000000000000 1.000000000000
38 59 66
-0.469577040000 0.795199420000 0.383608240000 0.290035570000
-0.688801930000 -0.601766510000 0.404263490000 -0.992432590000
0.552312690000 -0.074397240000 0.830310630000 0.189924840000
0.000000000000 0.000000000000 0.000000000000 1.000000000000
38 60 66
0.302052880000 -0.364749080000 -0.880750910000 2.784270350000
-0.700278350000 0.541982190000 -0.464613320000 0.832220660000
0.646818590000 0.757108580000 -0.091718600000 2.600171460000
0.000000000000 0.000000000000 0.000000000000 1.000000000000
38 61 66
0.870837640000 0.213276790000 0.442893680000 -0.056091980000
-0.460039420000 0.671081660000 0.581388970000 -1.474452020000
-0.173221060000 -0.710043950000 0.682518910000 1.063605370000
0.000000000000 0.000000000000 0.000000000000 1.000000000000
38 62 66
0.351582710000 -0.399320680000 0.846718720000 -1.056397130000
0.450212060000 0.865125190000 0.221059960000 -0.413118820000
-0.820791510000 0.303482120000 0.483942050000 0.742605300000
0.000000000000 0.000000000000 0.000000000000 1.000000000000
38 63 66
0.477939980000 0.136593090000 -0.867707150000 2.719922170000
-0.282647780000 -0.911382310000 -0.299153000000 0.762766980000
-0.831675180000 0.388232680000 -0.396978310000 3.281900360000
0.000000000000 0.000000000000 0.000000000000 1.000000000000
38 64 66
0.844339510000 -0.534420980000 -0.038535790000 0.520281600000
0.494062730000 0.804371210000 -0.329983290000 0.812938790000
0.207347080000 0.259578830000 0.943199880000 -0.092584620000
0.000000000000 0.000000000000 0.000000000000 1.000000000000
38 65 66
0.943888520000 0.232270630000 -0.234786750000 0.859111430000
0.205774310000 0.142449850000 0.968176110000 -2.438835690000
0.258324210000 -0.962163390000 0.086661450000 1.795239140000
0.000000000000 0.000000000000 0.000000000000 1.000000000000
39 41 66
0.412681720000 -0.357470680000 0.837799800000 -2.441073560000
0.082783520000 0.930687090000 0.356326300000 -0.745723610000
-0.907105670000 -0.077693340000 0.413670230000 1.581016600000
0.000000000000 0.000000000000 0.000000000000 1.000000000000
39 42 66
0.515540050000 -0.846627390000 -0.132062540000 0.096581680000
-0.597637290000 -0.244830330000 -0.763470880000 2.136768220000
0.614042450000 0.472525310000 -0.632195940000 3.883381660000
0.000000000000 0.000000000000 0.000000000000 1.000000000000
39 43 66
-0.366358310000 0.928816870000 0.055505050000 -0.330997990000
-0.798165060000 -0.344364220000 0.494313480000 -1.082554610000
0.478240650000 0.136793660000 0.867509870000 0.158814190000
0.000000000000 0.000000000000 0.000000000000 1.000000000000
39 44 66
0.947345920000 -0.268559420000 0.174389080000 -0.041996140000
0.286256660000 0.954342890000 -0.085362610000 0.221376770000
-0.143502050000 0.130787960000 0.980969760000 -0.714067190000
0.000000000000 0.000000000000 0.000000000000 1.000000000000
39 45 66
0.095727710000 -0.928649950000 -0.358392900000 1.788930360000
-0.959944270000 -0.181374710000 0.213565480000 0.031423400000
-0.263330980000 0.323593080000 -0.908814790000 4.665310140000
0.000000000000 0.000000000000 0.000000000000 1.000000000000
39 46 66
0.987647160000 -0.129478580000 0.088251850000 -0.751242710000
0.142786070000 0.975641340000 -0.166541630000 0.205875440000
-0.064538580000 0.177085510000 0.982077130000 -0.549724400000
0.000000000000 0.000000000000 0.000000000000 1.000000000000
39 47 66
-0.765464830000 0.003653610000 -0.643467360000 1.603295370000
0.622523780000 -0.248905410000 -0.741963770000 1.620926870000
-0.162873350000 -0.968520910000 0.188253880000 1.983083270000
0.000000000000 0.000000000000 0.000000000000 1.000000000000
39 48 66
-0.037725850000 0.995037070000 -0.092075990000 1.154216510000
-0.947320410000 -0.006284550000 0.320225780000 -0.632690230000
0.318057860000 0.099306250000 0.942856010000 -0.276187580000
0.000000000000 0.000000000000 0.000000000000 1.000000000000
39 49 66
0.988344730000 -0.146233170000 -0.042314940000 -0.257439840000
-0.143706860000 -0.987941780000 0.057613990000 -1.036540710000
-0.050229780000 -0.050861530000 -0.997441760000 5.077529030000
0.000000000000 0.000000000000 0.000000000000 1.000000000000
39 50 66
0.919696050000 0.344413110000 0.188517330000 -0.478541780000
-0.384238030000 0.888250360000 0.251738810000 -0.040072500000
-0.080748440000 -0.303958720000 0.949256970000 -1.299703490000
0.000000000000 0.000000000000 0.000000000000 1.000000000000
39 51 66
-0.411892220000 0.677326240000 -0.609568670000 1.893749690000
-0.606721610000 0.295257680000 0.738045930000 -2.383967380000
0.679877710000 0.673833860000 0.289334120000 0.683026100000
0.000000000000 0.000000000000 0.000000000000 1.000000000000
39 52 66
0.720106240000 -0.272303070000 0.638199060000 -2.059730280000
0.351678580000 0.936117190000 0.002603650000 -0.228740320000
-0.598138090000 0.222566030000 0.769866990000 0.040081900000
0.000000000000 0.000000000000 0.000000000000 1.000000000000
39 53 66
0.376505690000 -0.583255100000 0.719761740000 -2.205779600000
0.751550880000 0.646574810000 0.130813940000 -1.089070540000
-0.541677710000 0.491685380000 0.681784980000 0.346154910000
0.000000000000 0.000000000000 0.000000000000 1.000000000000
39 54 66
-0.637858690000 -0.682667620000 0.356512560000 -0.853237720000
-0.079712230000 -0.401904930000 -0.912205240000 2.642535580000
0.766017130000 -0.610276450000 0.201941590000 2.584392180000
0.000000000000 0.000000000000 0.000000000000 1.000000000000
39 55 66
0.910539520000 0.069935420000 -0.407463880000 1.695066350000
0.304775030000 -0.779486370000 0.547277980000 -0.611389150000
-0.279338420000 -0.622503040000 -0.731067720000 3.909059780000
0.000000000000 0.000000000000 0.000000000000 1.000000000000
39 56 66
-0.753615570000 -0.503363380000 0.422716070000 -1.171851190000
-0.637869740000 0.404769050000 -0.655197840000 1.427270950000
0.158700220000 -0.763405080000 -0.626120530000 3.985631960000
0.000000000000 0.000000000000 0.000000000000 1.000000000000
39 57 66
-0.854023380000 0.488497410000 0.178925550000 -0.516836060000
0.270745120000 0.123658370000 0.954675700000 -2.405417400000
0.444230960000 0.863758580000 -0.237865430000 2.477660300000
0.000000000000 0.000000000000 0.000000000000 1.000000000000
39 58 66
-0.172076470000 -0.323009230000 0.930620610000 -2.530750260000
0.784397040000 0.526560930000 0.327803090000 -0.972142540000
-0.595911880000 0.786383250000 0.162758740000 1.906042860000
0.000000000000 0.000000000000 0.000000000000 1.000000000000
39 59 66
0.178869590000 -0.318525050000 0.930885310000 -2.488883920000
0.477491750000 0.855353050000 0.200929820000 -0.569513700000
-0.860236770000 0.408549820000 0.305089730000 1.879499480000
0.000000000000 0.000000000000 0.000000000000 1.000000000000
39 60 66
0.304620070000 -0.770001250000 0.560628830000 -1.467688860000
0.535961650000 0.625145800000 0.567395670000 -1.017604500000
-0.787370130000 0.127635450000 0.603123100000 1.364679450000
0.000000000000 0.000000000000 0.000000000000 1.000000000000
39 61 66
0.781794700000 0.469266160000 0.410592640000 -1.268939010000
-0.556945870000 0.821624590000 0.121426220000 -0.703757880000
-0.280371790000 -0.323608250000 0.903697600000 1.024255100000
0.000000000000 0.000000000000 0.000000000000 1.000000000000
39 62 66
-0.459263460000 0.850524100000 0.256292480000 -0.922477020000
0.045436930000 -0.265649960000 0.962998230000 -2.157563640000
0.887137280000 0.453915040000 0.083358120000 2.408778000000
0.000000000000 0.000000000000 0.000000000000 1.000000000000
39 63 66
0.973569340000 -0.033529130000 0.225917090000 -0.181428390000
0.057551490000 0.993261060000 -0.100599660000 0.383527610000
-0.221021630000 0.110942610000 0.968938170000 -0.447929120000
0.000000000000 0.000000000000 0.000000000000 1.000000000000
39 64 66
0.937711080000 0.170262080000 -0.302834530000 1.275036110000
-0.199128020000 0.977686850000 -0.066906380000 0.230770160000
0.284685720000 0.123041690000 0.950691740000 -0.333520390000
0.000000000000 0.000000000000 0.000000000000 1.000000000000
39 65 66
0.613975110000 -0.525894080000 -0.588617010000 1.991612570000
-0.517994980000 -0.831128680000 0.202253120000 -0.340213320000
-0.595580190000 0.180722270000 -0.782702810000 3.810712240000
0.000000000000 0.000000000000 0.000000000000 1.000000000000
40 42 66
-0.969577860000 0.012750620000 -0.244450780000 0.615591620000
-0.158607290000 -0.793373130000 0.587709800000 -1.043412680000
-0.186447020000 0.608602090000 0.771259360000 -0.190355370000
0.000000000000 0.000000000000 0.000000000000 1.000000000000
40 43 66
0.972222580000 -0.117694710000 0.202314640000 -0.019991490000
0.136136920000 0.987474810000 -0.079751140000 -0.015952290000
-0.190394320000 0.105078350000 0.976067900000 -0.323914130000
0.000000000000 0.000000000000 0.000000000000 1.000000000000
40 44 66
0.843107620000 -0.456852820000 -0.283645960000 0.874573190000
0.441009770000 0.889251960000 -0.121413910000 0.460581540000
0.307701010000 -0.022725650000 0.951211670000 -0.673192060000
0.000000000000 0.000000000000 0.000000000000 1.000000000000
40 45 66
-0.456944450000 0.887974560000 -0.051989950000 0.472162150000
0.092472890000 -0.010708880000 -0.995657610000 2.958226840000
-0.884675380000 -0.459767880000 -0.077220210000 2.998643510000
0.000000000000 0.000000000000 0.000000000000 1.000000000000
40 46 66
-0.425605680000 -0.183273890000 0.886154890000 -2.196575140000
0.896489710000 -0.218668210000 0.385344530000 -1.162144820000
0.123150310000 0.958433560000 0.257369590000 0.826540050000
0.000000000000 0.000000000000 0.000000000000 1.000000000000
40 47 66
0.516186570000 0.545704760000 -0.660119490000 1.235797520000
-0.757425660000 0.650651350000 -0.054398350000 0.531241900000
0.399822200000 0.528071140000 0.749188280000 0.136827590000
0.000000000000 0.000000000000 0.000000000000 1.000000000000
40 48 66
-0.583695990000 0.616468750000 -0.528455540000 2.037975330000
-0.674501440000 -0.005792770000 0.738250800000 -1.496467360000
0.452047330000 0.787358060000 0.419190280000 1.180374630000
0.000000000000 0.000000000000 0.000000000000 1.000000000000
40 49 66
0.494460920000 -0.421062380000 0.760404410000 -2.047834580000
0.732846920000 0.672362500000 -0.104230860000 -0.214007470000
-0.467379720000 0.608798110000 0.641031250000 0.845065590000
0.000000000000 0.000000000000 0.000000000000 1.000000000000
40 50 66
-0.450529000000 -0.610277940000 0.651601450000 -1.692138680000
0.859315980000 -0.098531050000 0.501864200000 -1.881467850000
-0.242073680000 0.786035920000 0.568812680000 0.212212030000
0.000000000000 0.000000000000 0.000000000000 1.000000000000
40 51 66
0.811300830000 0.246550770000 -0.530097800000 1.712827550000
0.349331730000 -0.931496300000 0.101400140000 0.295984190000
-0.468783860000 -0.267446000000 -0.841851730000 4.429956130000
0.000000000000 0.000000000000 0.000000000000 1.000000000000
40 52 66
-0.881806610000 0.436132090000 -0.179460020000 0.418126430000
-0.267532310000 -0.149219460000 0.951924370000 -2.803617610000
0.388385840000 0.887424560000 0.248262130000 0.773836930000
0.000000000000 0.000000000000 0.000000000000 1.000000000000
40 53 66
0.799204910000 -0.290075540000 0.526429190000 -1.335026370000
0.470229200000 0.847270310000 -0.247017250000 0.275482820000
-0.374374160000 0.444959770000 0.813544580000 -0.422285460000
0.000000000000 0.000000000000 0.000000000000 1.000000000000
40 54 66
0.748536560000 0.222750240000 0.624560120000 -1.768284250000
0.588091790000 0.212120890000 -0.780482400000 1.876344560000
-0.306334890000 0.951518290000 0.027782650000 1.454509310000
0.000000000000 0.000000000000 0.000000000000 1.000000000000
40 55 66
0.049379500000 -0.281665530000 0.958241200000 -2.533922980000
-0.944524690000 -0.325077410000 -0.046880620000 -0.293831180000
0.324707220000 -0.902767530000 -0.282092210000 3.387134610000
0.000000000000 0.000000000000 0.000000000000 1.000000000000
40 56 66
0.953324210000 -0.116180040000 -0.278702630000 0.985718230000
-0.055627340000 0.839638480000 -0.540289570000 1.289343480000
0.296780320000 0.530574610000 0.793984900000 0.166706180000
0.000000000000 0.000000000000 0.000000000000 1.000000000000
40 57 66
-0.293920770000 -0.235794220000 0.926289190000 -2.432411810000
0.940860060000 0.099468460000 0.323864730000 -0.795418420000
-0.168501990000 0.966699080000 0.192613520000 1.183262180000
0.000000000000 0.000000000000 0.000000000000 1.000000000000
40 58 66
0.838859090000 -0.090323220000 0.536802700000 -1.048931420000
-0.008534790000 0.983834120000 0.178878680000 0.021296140000
-0.544281710000 -0.154635500000 0.824527310000 -0.571375510000
0.000000000000 0.000000000000 0.000000000000 1.000000000000
40 59 66
0.719753730000 -0.605484820000 0.339621410000 -1.010364780000
0.378129890000 0.752189360000 0.539656330000 -1.183013960000
-0.582213330000 -0.259998650000 0.770343010000 0.202778900000
0.000000000000 0.000000000000 0.000000000000 1.000000000000
40 60 66
0.878393860000 -0.462273150000 0.121357960000 0.029549360000
0.334209780000 0.775622910000 0.535455820000 -0.862769310000
-0.341654860000 -0.429782090000 0.835798610000 0.244152400000
0.000000000000 0.000000000000 0.000000000000 1.000000000000
40 61 66
0.420341710000 -0.765802010000 0.486682780000 -0.653425310000
0.710044770000 0.611560380000 0.349042010000 -0.490610280000
-0.564932980000 0.198849650000 0.800818050000 0.200412950000
0.000000000000 0.000000000000 0.000000000000 1.000000000000
40 62 66
0.810819700000 -0.488116040000 0.322976990000 -0.247868840000
0.525241050000 0.850292010000 -0.033546110000 0.107617600000
-0.258250360000 0.196840620000 0.945812100000 -0.234483780000
0.000000000000 0.000000000000 0.000000000000 1.000000000000
40 63 66
0.988506020000 0.119953970000 -0.092015690000 0.555264480000
-0.134375550000 0.976031240000 -0.171190640000 0.515581920000
0.069275190000 0.181587640000 0.980931640000 -0.450447580000
0.000000000000 0.000000000000 0.000000000000 1.000000000000
40 64 66
0.676164110000 0.141687630000 -0.722998420000 2.181628080000
-0.736514080000 0.154881070000 -0.658451870000 1.757257080000
0.018684290000 0.977720040000 0.209079950000 1.433805540000
0.000000000000 0.000000000000 0.000000000000 1.000000000000
40 65 66
0.059530490000 -0.921608070000 0.383529240000 -0.456009660000
0.961844750000 -0.049824100000 -0.269020900000 0.492847150000
0.267040830000 0.384910530000 0.883477830000 -0.055471550000
0.000000000000 0.000000000000 0.000000000000 1.000000000000
41 43 66
0.938179350000 -0.326925580000 -0.113750530000 0.340101830000
0.290637160000 0.922466640000 -0.254136440000 0.235118960000
0.188014770000 0.205365430000 0.960455870000 0.032843110000
0.000000000000 0.000000000000 0.000000000000 1.000000000000
41 44 66
0.352769540000 -0.935623790000 -0.012718660000 -0.113345300000
0.894936800000 0.341335210000 -0.287364570000 1.080393660000
0.273206460000 0.089991070000 0.957736830000 -0.510321140000
0.000000000000 0.000000000000 0.000000000000 1.000000000000
41 45 66
-0.505118000000 0.547755400000 -0.666948150000 1.329884450000
-0.856906940000 -0.226262140000 0.463158650000 -1.684440160000
0.102792540000 0.805462270000 0.583664480000 -0.072273720000
0.000000000000 0.000000000000 0.000000000000 1.000000000000
41 46 66
0.987414850000 -0.114508530000 0.109085760000 -0.729465260000
0.158146260000 0.720540870000 -0.675137480000 0.750844120000
-0.001291750000 0.683892280000 0.729581850000 0.155831190000
0.000000000000 0.000000000000 0.000000000000 1.000000000000
41 47 66
-0.972338330000 0.209252300000 0.103786540000 0.423668300000
-0.100445230000 -0.775743420000 0.623003130000 -2.246623520000
0.210876560000 0.595344960000 0.775303460000 0.300661340000
0.000000000000 0.000000000000 0.000000000000 1.000000000000
41 48 66
-0.860449390000 -0.507601940000 0.044352220000 -0.292203370000
0.293332520000 -0.422294610000 0.857684850000 -2.718161110000
-0.416632790000 0.751004350000 0.512259290000 1.520510150000
0.000000000000 0.000000000000 0.000000000000 1.000000000000
41 49 66
-0.732294700000 -0.527105610000 0.431166030000 -0.794154230000
0.639458920000 -0.314530470000 0.701543200000 -2.149406680000
-0.234172500000 0.789449340000 0.567391390000 1.130150850000
0.000000000000 0.000000000000 0.000000000000 1.000000000000
41 50 66
-0.892394880000 0.175297720000 -0.415814960000 1.540816160000
-0.346278580000 -0.856869070000 0.381924780000 -1.520008580000
-0.289348430000 0.484815540000 0.825367420000 -0.075981730000
0.000000000000 0.000000000000 0.000000000000 1.000000000000
41 51 66
0.930075270000 -0.347223300000 -0.119983230000 -0.021546930000
-0.063648360000 0.169358980000 -0.983497040000 2.425483060000
0.361813320000 0.922363010000 0.135416400000 1.279689640000
0.000000000000 0.000000000000 0.000000000000 1.000000000000
41 52 66
0.974048170000 0.015412910000 -0.225815420000 0.035324900000
-0.104389080000 0.915826040000 -0.387770020000 0.939535230000
0.200830970000 0.401279340000 0.893667620000 -0.578104600000
0.000000000000 0.000000000000 0.000000000000 1.000000000000
41 53 66
0.913136170000 -0.258608010000 -0.315125740000 0.333472830000
0.173587200000 0.946102650000 -0.273417750000 0.301205120000
0.368849310000 0.194965840000 0.908811590000 -0.712864010000
0.000000000000 0.000000000000 0.000000000000 1.000000000000
41 54 66
0.536396850000 -0.827062940000 -0.168063450000 0.095934260000
0.843684630000 0.520338050000 0.132077850000 -1.152576830000
-0.021786890000 -0.212638690000 0.976887980000 -0.600428660000
0.000000000000 0.000000000000 0.000000000000 1.000000000000
41 55 66
0.913142940000 0.043961910000 -0.405262030000 0.600147290000
-0.402340160000 0.256981050000 -0.878682610000 1.943696430000
0.065516100000 0.965416020000 0.252348080000 1.043287080000
0.000000000000 0.000000000000 0.000000000000 1.000000000000
41 56 66
-0.446511670000 -0.683703180000 0.577215120000 -1.370680300000
0.873243830000 -0.473644130000 0.114483420000 -0.245481470000
0.195121870000 0.555167730000 0.808527210000 0.396669470000
0.000000000000 0.000000000000 0.000000000000 1.000000000000
41 57 66
-0.315291430000 -0.005788050000 0.948977250000 -2.974030820000
-0.900672900000 0.316851770000 -0.297310070000 -0.138399430000
-0.298964280000 -0.948457410000 -0.105113780000 2.846938410000
0.000000000000 0.000000000000 0.000000000000 1.000000000000
41 58 66
-0.820319400000 -0.554661160000 0.139381040000 -0.376666580000
0.490233650000 -0.556458570000 0.670838900000 -2.586523170000
-0.294528510000 0.618631440000 0.728387330000 0.395475620000
0.000000000000 0.000000000000 0.000000000000 1.000000000000
41 59 66
-0.501183300000 0.865299280000 0.008512280000 -0.084136920000
0.801537090000 0.460499960000 0.381415880000 -1.093508410000
0.326118980000 0.197982180000 -0.924364360000 4.531577850000
0.000000000000 0.000000000000 0.000000000000 1.000000000000
41 60 66
-0.930962290000 0.032166570000 -0.363695650000 0.384696240000
-0.104641480000 -0.977831670000 0.181370830000 -0.760487410000
-0.349799050000 0.206907050000 0.913690370000 0.398259000000
0.000000000000 0.000000000000 0.000000000000 1.000000000000
41 61 66
-0.959954810000 -0.261092570000 -0.101574800000 -0.062011960000
0.235900080000 -0.948892560000 0.209652260000 -0.553780230000
-0.151122220000 0.177295190000 0.972485730000 0.363535960000
0.000000000000 0.000000000000 0.000000000000 1.000000000000
41 62 66
-0.338833470000 0.940810210000 0.008248130000 0.065515930000
-0.875692630000 -0.318562690000 0.362877720000 -1.828101270000
0.344026610000 0.115732290000 0.931800260000 -0.059639090000
0.000000000000 0.000000000000 0.000000000000 1.000000000000
41 63 66
-0.208649500000 -0.642357600000 0.737456500000 -2.270762040000
-0.973195330000 0.210951110000 -0.091599540000 -0.505875520000
-0.096727610000 -0.736801430000 -0.669154260000 3.853287820000
0.000000000000 0.000000000000 0.000000000000 1.000000000000
41 64 66
0.847618590000 -0.513835780000 -0.132346210000 0.218678270000
-0.081491800000 0.120400460000 -0.989374960000 1.809451900000
0.524310800000 0.849397740000 0.060180270000 1.974425870000
0.000000000000 0.000000000000 0.000000000000 1.000000000000
41 65 66
-0.833720280000 0.552089810000 -0.010360330000 -0.421713190000
-0.456077050000 -0.677910080000 0.576568870000 -1.817734080000
0.311294420000 0.485422270000 0.816982870000 0.140280700000
0.000000000000 0.000000000000 0.000000000000 1.000000000000
42 44 66
0.791364900000 0.071080000000 -0.607197860000 1.477653840000
-0.109877140000 0.993581300000 -0.026892650000 0.213662830000
0.601388910000 0.087999060000 0.794095430000 0.089541210000
0.000000000000 0.000000000000 0.000000000000 1.000000000000
42 45 66
-0.512688010000 0.758706720000 -0.401889440000 0.611942210000
-0.525995490000 0.092403240000 0.845452770000 -2.053928190000
0.678586590000 0.644845530000 0.351702280000 0.721733950000
0.000000000000 0.000000000000 0.000000000000 1.000000000000
42 46 66
0.869802680000 -0.374801470000 0.320884960000 -1.078375740000
0.411519540000 0.909874610000 -0.052724370000 0.394050140000
-0.272203910000 0.177910230000 0.945649500000 -0.124131600000
0.000000000000 0.000000000000 0.000000000000 1.000000000000
42 47 66
0.705106320000 0.018735980000 -0.708854030000 1.300983010000
-0.643637690000 0.436425860000 -0.628699440000 1.514136220000
0.297582930000 0.899545120000 0.319785820000 1.731161310000
0.000000000000 0.000000000000 0.000000000000 1.000000000000
42 48 66
0.047162850000 0.402814120000 -0.914065890000 2.052036420000
-0.994420900000 0.105372310000 -0.004873030000 0.182076320000
0.094354310000 0.909196050000 0.405536440000 1.855950850000
0.000000000000 0.000000000000 0.000000000000 1.000000000000
42 49 66
-0.382921460000 0.478279750000 -0.790328820000 2.015597120000
-0.922830720000 -0.159256660000 0.350743190000 -0.163278740000
0.041888230000 0.863646800000 0.502354040000 1.438729690000
0.000000000000 0.000000000000 0.000000000000 1.000000000000
42 50 66
0.785641900000 0.169013740000 0.595148010000 -1.884360040000
-0.190644180000 0.981287640000 -0.027006790000 0.689150380000
-0.588575910000 -0.092243840000 0.803162170000 0.422308930000
0.000000000000 0.000000000000 0.000000000000 1.000000000000
42 51 66
-0.964690912000 -0.256115318000 -0.061452320600 -0.190106672000
-0.256459676000 0.966552072000 -0.002350960420 0.285361649000
0.059998984800 0.013492092100 -0.998107251000 5.443000040000
0.000000000000 0.000000000000 0.000000000000 1.000000000000
42 52 66
-0.067896440000 0.319327870000 -0.945208860000 2.233188160000
-0.986484740000 0.120118720000 0.111442100000 -0.340115120000
0.149123850000 0.940000640000 0.306856430000 1.097774060000
0.000000000000 0.000000000000 0.000000000000 1.000000000000
42 53 66
0.914622650000 -0.242840980000 -0.323254800000 0.636658200000
-0.240324900000 0.316407630000 -0.917676500000 2.599721020000
0.325129740000 0.917013890000 0.231032850000 1.185053450000
0.000000000000 0.000000000000 0.000000000000 1.000000000000
42 54 66
0.767568670000 0.354863730000 -0.533769690000 0.885394560000
0.591769570000 -0.072383780000 0.802850770000 -1.859559780000
0.246266350000 -0.932111750000 -0.265557080000 3.706546040000
0.000000000000 0.000000000000 0.000000000000 1.000000000000
42 55 66
0.879970320000 0.425185610000 -0.211824040000 0.379081740000
0.307157190000 -0.169136210000 0.936508090000 -2.136322220000
0.362362650000 -0.889162600000 -0.279433660000 3.806525430000
0.000000000000 0.000000000000 0.000000000000 1.000000000000
42 56 66
-0.544714120000 -0.053520340000 0.836912240000 -2.082118630000
-0.805255360000 0.312080390000 -0.504152390000 1.937156820000
-0.234201490000 -0.948547000000 -0.213092140000 2.913004050000
0.000000000000 0.000000000000 0.000000000000 1.000000000000
42 57 66
0.505499640000 -0.655545320000 0.561008420000 -1.765646630000
0.810383870000 0.137493360000 -0.569538020000 1.620359240000
0.296223060000 0.742533440000 0.600746200000 0.657125780000
0.000000000000 0.000000000000 0.000000000000 1.000000000000
42 58 66
-0.838007240000 -0.517267940000 0.173717410000 -0.495550420000
0.470738060000 -0.524327060000 0.709568050000 -2.340708760000
-0.275952070000 0.676398560000 0.682887580000 0.645636960000
0.000000000000 0.000000000000 0.000000000000 1.000000000000
42 59 66
0.931892460000 -0.361435160000 0.030676780000 -0.648181640000
0.304607030000 0.825674190000 0.474843860000 -0.939070660000
-0.196954290000 -0.433159050000 0.879535240000 0.217294990000
0.000000000000 0.000000000000 0.000000000000 1.000000000000
42 60 66
-0.818235700000 0.143288610000 -0.556739360000 1.007125040000
-0.493427510000 -0.671984510000 0.552237370000 -0.456870690000
-0.294990900000 0.726570850000 0.620544250000 1.139495290000
0.000000000000 0.000000000000 0.000000000000 1.000000000000
42 61 66
-0.930950070000 -0.365087100000 -0.006585470000 -0.423001970000
0.214621540000 -0.561684920000 0.799029190000 -0.659302310000
-0.295414210000 0.742442900000 0.601256180000 0.874048020000
0.000000000000 0.000000000000 0.000000000000 1.000000000000
42 62 66
0.896379090000 -0.434131240000 0.089635890000 0.294827060000
0.403057530000 0.714020750000 -0.572467470000 1.753808490000
0.184524120000 0.549276290000 0.815013130000 0.391671840000
0.000000000000 0.000000000000 0.000000000000 1.000000000000
42 63 66
0.296991160000 -0.779211900000 0.551928500000 -1.180775190000
0.932925000000 0.113547050000 -0.341698730000 1.039891600000
0.203585860000 0.616389390000 0.760668730000 0.548113700000
0.000000000000 0.000000000000 0.000000000000 1.000000000000
42 64 66
-0.367768150000 -0.845984370000 0.386079040000 -1.506818150000
0.928691310000 -0.355446630000 0.105783500000 0.238890030000
0.047739310000 0.397452050000 0.916380290000 0.121046020000
0.000000000000 0.000000000000 0.000000000000 1.000000000000
42 65 66
0.768998230000 -0.581199540000 0.266174400000 -0.525959460000
0.583973330000 0.469330170000 -0.662347600000 1.581869360000
0.260032440000 0.664782890000 0.700319100000 0.905086690000
0.000000000000 0.000000000000 0.000000000000 1.000000000000
43 45 66
0.491662840000 0.606175710000 -0.625154910000 1.087582520000
0.415240380000 -0.794246950000 -0.443561960000 1.793228400000
-0.765403870000 -0.041506620000 -0.642210340000 4.624423610000
0.000000000000 0.000000000000 0.000000000000 1.000000000000
43 46 66
0.133722550000 -0.585727360000 0.799400860000 -2.327627440000
0.924949700000 0.363362810000 0.111514650000 -0.481731330000
-0.355789720000 0.724493570000 0.590358150000 0.402202580000
0.000000000000 0.000000000000 0.000000000000 1.000000000000
43 47 66
0.736239630000 -0.505109940000 0.450350030000 -1.534824140000
-0.675098980000 -0.594265720000 0.437137990000 -0.665354660000
0.046824840000 -0.625869150000 -0.778521190000 4.144760160000
0.000000000000 0.000000000000 0.000000000000 1.000000000000
43 48 66
0.618514590000 -0.410575350000 0.669975810000 -2.090363510000
-0.743865530000 -0.580674720000 0.330879040000 -0.909082570000
0.253187240000 -0.703025430000 -0.664568640000 3.583063030000
0.000000000000 0.000000000000 0.000000000000 1.000000000000
43 49 66
0.720945330000 -0.226812700000 0.654823520000 -1.658862710000
0.439134430000 0.880512160000 -0.178491720000 0.667472040000
-0.536095880000 0.416238320000 0.734402390000 0.896250950000
0.000000000000 0.000000000000 0.000000000000 1.000000000000
43 50 66
-0.050651630000 -0.984481970000 0.168016850000 -0.932481110000
0.986632300000 -0.023234410000 0.161297420000 -1.608476070000
-0.154890630000 0.173940830000 0.972498570000 -0.462446780000
0.000000000000 0.000000000000 0.000000000000 1.000000000000
43 51 66
0.986767866000 -0.160947164000 -0.019626224800 -0.210127580000
0.160975084000 0.986958458000 -0.000159166793 -0.088727601900
0.019395886000 -0.003002272510 0.999807374000 -0.755945646000
0.000000000000 0.000000000000 0.000000000000 1.000000000000
43 52 66
-0.781698390000 0.168426980000 -0.600483120000 1.418316480000
0.514548080000 -0.369888180000 -0.773578050000 2.600026860000
-0.352403030000 -0.913682160000 0.202477220000 2.357173750000
0.000000000000 0.000000000000 0.000000000000 1.000000000000
43 53 66
0.742449730000 -0.507651300000 0.437102450000 -1.734965100000
-0.662947090000 -0.650562770000 0.370498620000 -0.141028880000
0.096278480000 -0.564852400000 -0.819556110000 5.010446370000
0.000000000000 0.000000000000 0.000000000000 1.000000000000
43 54 66
-0.608331710000 0.376436710000 0.698733090000 -1.842542450000
0.010304720000 -0.876547830000 0.481204440000 -1.442347820000
0.793615990000 0.299932170000 0.529352770000 -0.090699320000
0.000000000000 0.000000000000 0.000000000000 1.000000000000
43 55 66
-0.536527670000 0.029001060000 -0.843384260000 1.089295720000
-0.802453260000 -0.326829870000 0.499250440000 -1.128004550000
-0.261164380000 0.944638120000 0.198625260000 0.993785740000
0.000000000000 0.000000000000 0.000000000000 1.000000000000
43 56 66
0.738151470000 -0.665085030000 0.113111910000 -0.152922470000
0.429640000000 0.334168800000 -0.838892530000 2.424356980000
0.520136390000 0.667827160000 0.532414320000 1.129349550000
0.000000000000 0.000000000000 0.000000000000 1.000000000000
43 57 66
0.948873980000 0.091156990000 -0.302206170000 0.712051980000
-0.274627620000 0.710409480000 -0.647995400000 1.666228610000
0.155620820000 0.697860140000 0.699123300000 0.232005220000
0.000000000000 0.000000000000 0.000000000000 1.000000000000
43 58 66
-0.795905840000 -0.032973760000 -0.604521810000 0.543566000000
-0.319702760000 -0.825051170000 0.465919220000 -1.588525250000
-0.514124540000 0.564095120000 0.646121240000 0.413692520000
0.000000000000 0.000000000000 0.000000000000 1.000000000000
43 59 66
-0.985586700000 -0.153569500000 -0.070959620000 0.152286710000
0.063127980000 -0.723020030000 0.687936690000 -1.753355630000
-0.156951320000 0.673541710000 0.722293460000 0.677816870000
0.000000000000 0.000000000000 0.000000000000 1.000000000000
43 60 66
-0.690142140000 0.677798080000 0.253561810000 -0.526559050000
0.697948200000 0.716005630000 -0.014291530000 0.591567190000
-0.191238450000 0.167109820000 -0.967213610000 4.370197740000
0.000000000000 0.000000000000 0.000000000000 1.000000000000
43 61 66
-0.829722990000 -0.403028880000 0.386170270000 -0.991494620000
0.548683770000 -0.715955340000 0.431687460000 -0.711341030000
0.102498150000 0.570066370000 0.815180020000 0.667957550000
0.000000000000 0.000000000000 0.000000000000 1.000000000000
43 62 66
-0.856932460000 -0.241508320000 0.455346560000 -1.768901320000
0.514563400000 -0.349679410000 0.782910480000 -1.130647190000
-0.029854080000 0.905206080000 0.423922980000 1.007393140000
0.000000000000 0.000000000000 0.000000000000 1.000000000000
43 63 66
-0.337779130000 0.847392250000 -0.409672590000 0.768156420000
0.894352780000 0.153318290000 -0.420269690000 1.109499030000
-0.293322980000 -0.508350150000 -0.809655330000 4.385186190000
0.000000000000 0.000000000000 0.000000000000 1.000000000000
43 64 66
0.204766350000 0.613750050000 -0.762483850000 1.924741120000
-0.801915010000 0.551865340000 0.228860150000 -1.015778160000
0.561251340000 0.564584380000 0.605178820000 0.932641220000
0.000000000000 0.000000000000 0.000000000000 1.000000000000
43 65 66
-0.698909780000 0.657930270000 0.280451220000 -1.315476130000
0.044445810000 0.431320920000 -0.901103120000 2.337718230000
-0.713827500000 -0.617324900000 -0.330696650000 3.119808690000
0.000000000000 0.000000000000 0.000000000000 1.000000000000
44 46 66
0.875061150000 0.191989070000 -0.444306400000 0.056856470000
-0.175635090000 0.981349510000 0.078137370000 -0.115304300000
0.451021390000 0.009660810000 0.892460850000 0.247512790000
0.000000000000 0.000000000000 0.000000000000 1.000000000000
44 47 66
-0.950580552000 0.253424884000 0.179366782000 -0.695710713000
-0.001221786340 -0.580760493000 0.814073557000 -2.335197000000
0.310475638000 0.773623344000 0.552369261000 1.856054260000
0.000000000000 0.000000000000 0.000000000000 1.000000000000
44 48 66
0.701307040000 0.697286940000 -0.148186880000 0.474468480000
-0.710312680000 0.665980760000 -0.227871710000 1.328876580000
-0.060202350000 0.265067060000 0.962348760000 0.479660360000
0.000000000000 0.000000000000 0.000000000000 1.000000000000
44 49 66
0.098102810000 0.888959640000 -0.447355120000 0.752695380000
-0.989152160000 0.136487940000 0.054305090000 0.160470730000
0.109333610000 0.437174800000 0.892706200000 0.970978050000
0.000000000000 0.000000000000 0.000000000000 1.000000000000
44 50 66
0.992645463000 -0.026368346700 -0.118151152000 -1.215720460000
-0.000095529824 0.975818878000 -0.218580668000 0.535697244000
0.121057735000 0.216984396000 0.968639663000 0.062634761400
0.000000000000 0.000000000000 0.000000000000 1.000000000000
44 51 66
0.584478380000 -0.728422210000 -0.357471830000 1.504589510000
0.294481780000 -0.220090930000 0.929967990000 -2.681477510000
-0.756085650000 -0.648815120000 0.085868680000 2.878844310000
0.000000000000 0.000000000000 0.000000000000 1.000000000000
44 52 66
0.793547150000 0.587803280000 -0.157385620000 -0.269026800000
-0.582987970000 0.808514790000 0.080180130000 -0.367482210000
0.174378750000 0.028127210000 0.984276850000 -0.240899740000
0.000000000000 0.000000000000 0.000000000000 1.000000000000
44 53 66
0.986873750000 0.160490930000 0.017968630000 -0.345557990000
-0.158701080000 0.984388900000 -0.076108220000 0.354393200000
-0.029902800000 0.072257560000 0.996937640000 -0.625878350000
0.000000000000 0.000000000000 0.000000000000 1.000000000000
44 54 66
0.703860860000 0.163036440000 0.691374730000 -2.173688040000
-0.032674630000 0.979704890000 -0.197764250000 0.493336250000
-0.709585980000 0.116608100000 0.694903080000 1.232381940000
0.000000000000 0.000000000000 0.000000000000 1.000000000000
44 55 66
0.716636720000 -0.094103000000 0.691069060000 -1.281141800000
0.092382710000 0.994932640000 0.039679540000 -0.495342480000
-0.691301130000 0.035407020000 0.721698750000 1.045741900000
0.000000000000 0.000000000000 0.000000000000 1.000000000000
44 56 66
-0.621701400000 0.721875260000 0.303946510000 -1.084823420000
0.176322860000 -0.249108020000 0.952289580000 -2.266008360000
0.763149800000 0.645632480000 0.027587690000 2.898154790000
0.000000000000 0.000000000000 0.000000000000 1.000000000000
44 57 66
-0.742505090000 -0.586543450000 0.323501110000 -0.685445470000
-0.557314700000 0.273028170000 -0.784127500000 1.912562920000
0.371599930000 -0.762510590000 -0.529614090000 4.564493910000
0.000000000000 0.000000000000 0.000000000000 1.000000000000
44 58 66
0.717919350000 0.106916640000 0.687866730000 -1.877820640000
0.158631360000 0.937010390000 -0.311203490000 0.872282870000
-0.677811110000 0.332536250000 0.655737560000 1.027772330000
0.000000000000 0.000000000000 0.000000000000 1.000000000000
44 59 66
0.655393530000 0.137402120000 0.742684310000 -1.482788660000
-0.051153010000 0.989130510000 -0.137855710000 0.315326040000
-0.753553380000 0.052359200000 0.655298270000 1.101740730000
0.000000000000 0.000000000000 0.000000000000 1.000000000000
44 60 66
-0.694016410000 0.337463240000 -0.635971530000 1.359703160000
0.627097800000 0.717287900000 -0.303720940000 1.020393510000
0.353680040000 -0.609603660000 -0.709432030000 3.996125940000
0.000000000000 0.000000000000 0.000000000000 1.000000000000
44 61 66
0.901569500000 -0.080915280000 0.425000190000 -0.401133300000
0.061024570000 0.996317160000 0.060233820000 -0.018237450000
-0.428308820000 -0.028369520000 0.903186980000 0.791743070000
0.000000000000 0.000000000000 0.000000000000 1.000000000000
44 62 66
0.939125430000 0.303283620000 0.161438750000 -0.140464870000
-0.320477920000 0.942637610000 0.093425000000 -0.343261000000
-0.123843970000 -0.139475350000 0.982450660000 0.246333530000
0.000000000000 0.000000000000 0.000000000000 1.000000000000
44 63 66
0.238701580000 0.964771780000 0.110620820000 -0.157224770000
-0.957464300000 0.214801850000 0.192671440000 -0.865906220000
0.162122410000 -0.151906460000 0.975008080000 0.495066120000
0.000000000000 0.000000000000 0.000000000000 1.000000000000
44 64 66
0.916045980000 -0.041324000000 0.398938710000 -0.795687560000
0.267801400000 0.803478840000 -0.531699320000 1.437735650000
-0.298566870000 0.593897360000 0.747090180000 0.645499220000
0.000000000000 0.000000000000 0.000000000000 1.000000000000
44 65 66
-0.826923870000 -0.546397410000 0.132841190000 -0.235829780000
-0.562125280000 0.797129740000 -0.220452590000 0.339110590000
0.014563060000 -0.256970900000 -0.966309410000 5.113831840000
0.000000000000 0.000000000000 0.000000000000 1.000000000000
45 47 66
0.363405500000 0.930312590000 -0.049547190000 0.848450730000
-0.910699780000 0.343527800000 -0.229378640000 1.109480800000
-0.196373000000 0.128480070000 0.972075360000 0.522614100000
0.000000000000 0.000000000000 0.000000000000 1.000000000000
45 48 66
0.800563160000 0.506483480000 0.320270380000 -0.057379700000
-0.266198000000 0.779400750000 -0.567162320000 1.870172940000
-0.536877320000 0.368793930000 0.758784410000 1.268368860000
0.000000000000 0.000000000000 0.000000000000 1.000000000000
45 49 66
0.440634480000 -0.894246220000 0.078517260000 0.164229010000
-0.862416740000 -0.445976210000 -0.239463140000 1.652865310000
0.249155830000 0.037801120000 -0.967725400000 5.072561960000
0.000000000000 0.000000000000 0.000000000000 1.000000000000
45 50 66
0.938712130000 0.108170970000 0.327289740000 -1.487024910000
-0.166810390000 0.973457040000 0.156702560000 0.272654950000
-0.301651830000 -0.201693930000 0.931839970000 0.370349600000
0.000000000000 0.000000000000 0.000000000000 1.000000000000
45 51 66
0.020928250000 0.903071360000 -0.428980330000 1.529044700000
-0.909575730000 0.195307740000 0.366779070000 -1.097971820000
0.415010850000 0.382514050000 0.825499240000 0.250247870000
0.000000000000 0.000000000000 0.000000000000 1.000000000000
45 52 66
0.607025540000 0.662898330000 0.438275940000 -1.005087080000
-0.729849870000 0.683235800000 -0.022539140000 0.451989380000
-0.314386980000 -0.306193800000 0.898557840000 0.001901900000
0.000000000000 0.000000000000 0.000000000000 1.000000000000
45 53 66
-0.514007890000 0.745566040000 0.424178220000 -0.836857860000
0.821036320000 0.284431500000 0.494972800000 -1.382251630000
0.248385270000 0.602685650000 -0.758336840000 4.552720180000
0.000000000000 0.000000000000 0.000000000000 1.000000000000
45 54 66
0.758868150000 0.507587600000 0.408012200000 -1.258632300000
-0.626109500000 0.741019800000 0.242644930000 -0.445806630000
-0.179181560000 -0.439595820000 0.880141740000 0.304284450000
0.000000000000 0.000000000000 0.000000000000 1.000000000000
45 55 66
0.871556440000 0.202846820000 0.446365930000 -1.366257550000
-0.170479480000 0.978973760000 -0.112013980000 0.633753280000
-0.459702210000 0.021530270000 0.887812100000 0.255764670000
0.000000000000 0.000000000000 0.000000000000 1.000000000000
45 56 66
-0.231203460000 -0.950310580000 0.208458080000 -0.024284370000
-0.881676630000 0.114070520000 -0.457858310000 2.242324060000
0.411328670000 -0.289651040000 -0.864240130000 4.785458100000
0.000000000000 0.000000000000 0.000000000000 1.000000000000
45 57 66
-0.123770700000 -0.897141070000 0.424050370000 -0.200657730000
-0.680160480000 -0.234459770000 -0.694557650000 2.525444490000
0.722538950000 -0.374388190000 -0.581180650000 4.545734070000
0.000000000000 0.000000000000 0.000000000000 1.000000000000
45 58 66
-0.445597660000 -0.709149320000 0.546397260000 -1.480040960000
0.716374090000 0.083579780000 0.692692270000 -1.614458330000
-0.536890020000 0.700086890000 0.470773250000 1.635841040000
0.000000000000 0.000000000000 0.000000000000 1.000000000000
45 59 66
0.113474360000 0.430395730000 0.895479250000 -1.777897490000
-0.857009700000 0.498386300000 -0.130940740000 1.336668910000
-0.502650930000 -0.752575980000 0.425407380000 1.826157370000
0.000000000000 0.000000000000 0.000000000000 1.000000000000
45 60 66
0.604154270000 -0.516157810000 0.607106850000 -0.490095180000
-0.323832130000 0.537090750000 0.778887850000 -0.716907150000
-0.728100520000 -0.667169120000 0.157337190000 1.993987070000
0.000000000000 0.000000000000 0.000000000000 1.000000000000
45 61 66
-0.551816160000 0.384273340000 0.740157370000 -1.311281040000
0.730420490000 -0.205621120000 0.651310880000 -0.386083470000
0.402473390000 0.900029980000 -0.167216060000 3.014534080000
0.000000000000 0.000000000000 0.000000000000 1.000000000000
45 62 66
0.500738300000 0.837550470000 -0.218564320000 0.819954760000
-0.781589040000 0.546002030000 0.301662650000 -0.325194300000
0.371994250000 0.019773430000 0.928024400000 0.608303010000
0.000000000000 0.000000000000 0.000000000000 1.000000000000
45 63 66
0.817739410000 0.500138010000 0.284893360000 0.139463260000
-0.415740370000 0.855529790000 -0.308591510000 0.762423850000
-0.398073100000 0.133905770000 0.907527990000 0.436425470000
0.000000000000 0.000000000000 0.000000000000 1.000000000000
45 64 66
-0.071687760000 0.984319190000 -0.161172580000 0.950767920000
-0.684104030000 0.069069680000 0.726106780000 -1.448716450000
0.725852970000 0.162311780000 0.668425280000 0.960688620000
0.000000000000 0.000000000000 0.000000000000 1.000000000000
45 65 66
0.708944130000 -0.225606080000 0.668206640000 -1.143083880000
0.687993310000 0.429623430000 -0.584883680000 1.860074660000
-0.155123910000 0.874371550000 0.459794480000 2.020419000000
0.000000000000 0.000000000000 0.000000000000 1.000000000000
46 48 66
0.720581710000 -0.443856720000 0.532684910000 -1.576000930000
0.199263090000 0.868409640000 0.454047260000 0.079824190000
-0.664120640000 -0.221033710000 0.714204370000 0.351871840000
0.000000000000 0.000000000000 0.000000000000 1.000000000000
46 49 66
-0.902735250000 -0.425353800000 0.064367800000 -0.284849920000
-0.181759470000 0.512728670000 0.839090460000 -1.274459300000
-0.389913540000 0.745777080000 -0.540170330000 3.650077380000
0.000000000000 0.000000000000 0.000000000000 1.000000000000
46 50 66
0.817047920000 -0.311330260000 0.485289770000 -1.457053220000
0.412166620000 0.903945460000 -0.114023210000 0.097000100000
-0.403176610000 0.293182670000 0.866886700000 0.364126840000
0.000000000000 0.000000000000 0.000000000000 1.000000000000
46 51 66
0.978815870000 0.128777980000 -0.159172000000 0.449319350000
-0.114652040000 0.988854000000 0.094987750000 -0.061166000000
0.169630200000 -0.074726120000 0.982670650000 -0.752423200000
0.000000000000 0.000000000000 0.000000000000 1.000000000000
46 52 66
0.983124250000 0.114937740000 -0.142323680000 0.552612410000
-0.127045080000 0.988737950000 -0.079099970000 0.345477370000
0.131629260000 0.095846630000 0.986654530000 -0.412583420000
0.000000000000 0.000000000000 0.000000000000 1.000000000000
46 53 66
0.996813060000 0.078247370000 -0.015526330000 0.020615670000
-0.079323410000 0.992873630000 -0.088936760000 0.317873730000
0.008456620000 0.089884920000 0.995916250000 -0.260364020000
0.000000000000 0.000000000000 0.000000000000 1.000000000000
46 54 66
0.849481820000 0.369691430000 -0.376442400000 0.789161010000
-0.326741500000 0.928804390000 0.174821060000 -0.145657640000
0.414271200000 -0.025507960000 0.909795980000 -0.376510340000
0.000000000000 0.000000000000 0.000000000000 1.000000000000
46 55 66
0.832273470000 -0.225216900000 0.506555250000 -0.302104320000
-0.244625020000 -0.969184480000 -0.028983630000 1.226702310000
0.497473080000 -0.099793780000 -0.861720220000 4.687489640000
0.000000000000 0.000000000000 0.000000000000 1.000000000000
46 56 66
-0.377416210000 0.647108730000 -0.662425310000 2.085232150000
-0.220259430000 -0.757528910000 -0.614520740000 2.328423120000
-0.899468060000 -0.086024660000 0.428435490000 1.118322030000
0.000000000000 0.000000000000 0.000000000000 1.000000000000
46 57 66
0.105043410000 -0.293132860000 0.950283650000 -2.066260330000
0.311198910000 0.917267030000 0.248548640000 -0.029396590000
-0.944521640000 0.269618840000 0.187575490000 1.245298860000
0.000000000000 0.000000000000 0.000000000000 1.000000000000
46 58 66
0.765702120000 0.597584270000 -0.237893470000 1.024167230000
-0.631608650000 0.768475570000 -0.102546610000 0.904804290000
0.121535080000 0.228775730000 0.965862770000 -0.194317650000
0.000000000000 0.000000000000 0.000000000000 1.000000000000
46 59 66
0.912622430000 0.242724810000 -0.328945250000 0.449266120000
-0.143168890000 0.943463370000 0.298964110000 -0.122096950000
0.382913800000 -0.225746630000 0.895776470000 0.074686490000
0.000000000000 0.000000000000 0.000000000000 1.000000000000
46 60 66
0.002511770000 0.997740980000 0.067131470000 0.298961010000
-0.995648700000 0.008748700000 -0.092774610000 -0.054326610000
-0.093152340000 -0.066606330000 0.993421480000 1.078861490000
0.000000000000 0.000000000000 0.000000000000 1.000000000000
46 61 66
-0.977644430000 0.196339500000 0.075247320000 -0.473938210000
-0.086945050000 -0.051644050000 -0.994873590000 2.704028940000
-0.191446910000 -0.979175010000 0.067560260000 2.346741000000
0.000000000000 0.000000000000 0.000000000000 1.000000000000
46 62 66
-0.634043540000 -0.603089390000 0.484016510000 -1.088617600000
0.413447730000 0.264560120000 0.871245620000 -1.383927150000
-0.653490450000 0.752523170000 0.081603300000 1.604275500000
0.000000000000 0.000000000000 0.000000000000 1.000000000000
46 63 66
-0.865351120000 0.444287910000 -0.231895840000 0.439090800000
0.182110720000 -0.152324000000 -0.971407790000 3.086110940000
-0.466908040000 -0.882839540000 0.050904160000 2.149892150000
0.000000000000 0.000000000000 0.000000000000 1.000000000000
46 64 66
0.638097910000 -0.693502870000 0.334491890000 -1.037973870000
0.459310680000 0.691521420000 0.557522940000 -0.800911200000
-0.617952070000 -0.202118520000 0.759791640000 -0.047746650000
0.000000000000 0.000000000000 0.000000000000 1.000000000000
46 65 66
-0.481367340000 -0.778430670000 0.402903430000 -0.458622610000
0.714992480000 -0.082826950000 0.694208510000 -1.015915180000
-0.507021930000 0.622242230000 0.596442260000 0.895144660000
0.000000000000 0.000000000000 0.000000000000 1.000000000000
47 49 66
0.997958210000 0.059786540000 -0.022471960000 -0.247379670000
-0.059300850000 0.998004440000 0.021692050000 0.064201370000
0.023724010000 -0.020315160000 0.999512110000 -0.091169880000
0.000000000000 0.000000000000 0.000000000000 1.000000000000
47 50 66
-0.268132670000 -0.323755510000 0.907351770000 -1.590812470000
-0.492953500000 -0.763092600000 -0.417955180000 1.354697820000
0.827708720000 -0.559349670000 0.045013640000 2.332549470000
0.000000000000 0.000000000000 0.000000000000 1.000000000000
47 51 66
-0.726926830000 -0.147018710000 0.670792730000 -2.155012300000
0.409507720000 0.691322880000 0.595294980000 -2.354302220000
-0.551253860000 0.707430690000 -0.442335850000 3.484747480000
0.000000000000 0.000000000000 0.000000000000 1.000000000000
47 52 66
0.963714610000 0.181123800000 -0.196082410000 0.955163560000
-0.232169970000 0.931236220000 -0.280884700000 0.292681320000
0.131724140000 0.316217140000 0.939497460000 -0.674845420000
0.000000000000 0.000000000000 0.000000000000 1.000000000000
47 53 66
0.990556750000 0.016853050000 -0.136063590000 0.264497470000
0.006800620000 0.985155070000 0.171532010000 -0.820405770000
0.136934570000 -0.170837510000 0.975737400000 -0.653658250000
0.000000000000 0.000000000000 0.000000000000 1.000000000000
47 54 66
0.817477160000 -0.011254390000 -0.575851060000 2.170888250000
-0.269065480000 0.876542170000 -0.399095970000 0.903569190000
0.509249320000 0.481193480000 0.713525030000 -0.300541490000
0.000000000000 0.000000000000 0.000000000000 1.000000000000
47 55 66
0.148935750000 -0.018791240000 -0.988668310000 2.545140050000
0.890182220000 -0.432803670000 0.142325670000 -0.412571300000
-0.430573750000 -0.901292340000 -0.047732320000 3.392151770000
0.000000000000 0.000000000000 0.000000000000 1.000000000000
47 56 66
0.565646430000 -0.604726680000 0.560669030000 -1.418158030000
0.726700610000 0.686910740000 0.007736550000 -0.239479840000
-0.389808070000 0.403062380000 0.828003850000 0.400068020000
0.000000000000 0.000000000000 0.000000000000 1.000000000000
47 57 66
-0.515771380000 -0.186856300000 0.836100830000 -1.887695740000
0.582208520000 0.639499170000 0.502069760000 -1.643341860000
-0.628500690000 0.745738250000 -0.221046040000 2.862574240000
0.000000000000 0.000000000000 0.000000000000 1.000000000000
47 58 66
0.952732190000 -0.065756040000 0.296610030000 -0.596931570000
0.061412320000 0.997825120000 0.023949050000 -0.005537900000
-0.297539740000 -0.004601520000 0.954698350000 -0.501731550000
0.000000000000 0.000000000000 0.000000000000 1.000000000000
47 59 66
-0.664853940000 -0.660009120000 -0.349795940000 1.088439150000
-0.109826270000 -0.376823320000 0.919751260000 -2.243800720000
-0.738855490000 0.649917030000 0.178046130000 2.002176070000
0.000000000000 0.000000000000 0.000000000000 1.000000000000
47 60 66
0.789685030000 0.435343000000 -0.432289280000 0.752753120000
-0.359734050000 0.899341180000 0.248549510000 -0.849815460000
0.496979840000 -0.040766650000 0.866803970000 0.670147750000
0.000000000000 0.000000000000 0.000000000000 1.000000000000
47 61 66
0.967563540000 -0.234124790000 0.094901970000 0.305289670000
0.154308270000 0.845151640000 0.511769160000 -1.294809600000
-0.200024400000 -0.480525020000 0.853865300000 0.794247010000
0.000000000000 0.000000000000 0.000000000000 1.000000000000
47 62 66
-0.602305310000 -0.224523410000 0.766040180000 -1.786252860000
0.548963150000 0.580191580000 0.601678640000 -1.549005880000
-0.579541000000 0.782922070000 -0.226197400000 2.485941670000
0.000000000000 0.000000000000 0.000000000000 1.000000000000
47 63 66
0.894491560000 0.241276170000 -0.376391630000 1.521730300000
-0.198102230000 0.968617460000 0.150119010000 -0.757891740000
0.400799640000 -0.059716170000 0.914217490000 0.201118260000
0.000000000000 0.000000000000 0.000000000000 1.000000000000
47 64 66
0.896520390000 0.202715130000 -0.393900700000 1.896428080000
-0.170442190000 0.978554870000 0.115671220000 -0.675533390000
0.408901760000 -0.036564310000 0.911845600000 0.117681720000
0.000000000000 0.000000000000 0.000000000000 1.000000000000
47 65 66
0.770688890000 -0.627417260000 -0.111293420000 0.135945560000
-0.622077900000 -0.702981620000 -0.344725870000 0.505207900000
0.138049730000 0.334909580000 -0.932082530000 4.771053340000
0.000000000000 0.000000000000 0.000000000000 1.000000000000
48 50 66
-0.520105620000 -0.617150820000 -0.590436290000 1.797179030000
-0.374404750000 -0.456593050000 0.807058780000 -2.363702700000
-0.767666090000 0.640817960000 0.006412410000 2.652662650000
0.000000000000 0.000000000000 0.000000000000 1.000000000000
48 51 66
-0.033257460000 -0.923410780000 0.382369550000 -1.062356520000
-0.690813840000 -0.255240270000 -0.676482560000 1.890507030000
0.722267390000 -0.286644270000 -0.629416300000 4.296219580000
0.000000000000 0.000000000000 0.000000000000 1.000000000000
48 52 66
0.388799170000 -0.490584830000 0.779847250000 -2.129494560000
-0.563951430000 -0.796067350000 -0.219625980000 0.410109770000
0.728556100000 -0.354405570000 -0.586176340000 4.012086830000
0.000000000000 0.000000000000 0.000000000000 1.000000000000
48 53 66
-0.948988860000 -0.309752900000 0.058934650000 0.387976660000
0.031760270000 0.092055340000 0.995247260000 -3.388760440000
-0.313705970000 0.946350340000 -0.077521650000 2.048967820000
0.000000000000 0.000000000000 0.000000000000 1.000000000000
48 54 66
-0.127692220000 0.133848220000 0.982740730000 -2.759352320000
-0.656385860000 -0.754223810000 0.017437100000 -0.174753940000
0.743540380000 -0.642830540000 0.184164590000 2.202666840000
0.000000000000 0.000000000000 0.000000000000 1.000000000000
48 55 66
0.885198720000 0.464456590000 -0.026519740000 0.149738350000
0.461751640000 -0.870242530000 0.171648940000 -0.458535060000
0.056644870000 -0.164188950000 -0.984801170000 5.092840120000
0.000000000000 0.000000000000 0.000000000000 1.000000000000
48 56 66
-0.517469650000 0.829211730000 -0.211265400000 0.417220180000
0.054296410000 -0.214575640000 -0.975197000000 2.445039420000
-0.853977200000 -0.516105800000 0.066013160000 1.805743110000
0.000000000000 0.000000000000 0.000000000000 1.000000000000
48 57 66
-0.987296110000 0.124858320000 -0.098268990000 -0.110266460000
-0.036617010000 0.423028150000 0.905376370000 -2.853342910000
0.154614320000 0.897472890000 -0.413082110000 3.163141260000
0.000000000000 0.000000000000 0.000000000000 1.000000000000
48 58 66
0.987179870000 0.144139690000 0.068554000000 0.055730590000
-0.139814330000 0.988093820000 -0.064207090000 -0.333700980000
-0.076992580000 0.053799120000 0.995579130000 -0.338175920000
0.000000000000 0.000000000000 0.000000000000 1.000000000000
48 59 66
0.097529050000 -0.974289940000 -0.203094070000 -0.007028760000
-0.051581650000 0.198844210000 -0.978672730000 2.236827740000
0.993895070000 0.105924950000 -0.030862390000 2.165791640000
0.000000000000 0.000000000000 0.000000000000 1.000000000000
48 60 66
0.192331700000 -0.878581640000 -0.437153080000 0.577596660000
0.491178840000 -0.299466440000 0.817962830000 -1.791085690000
-0.849559810000 -0.372040520000 0.373943830000 1.140879870000
0.000000000000 0.000000000000 0.000000000000 1.000000000000
48 61 66
0.287156510000 0.892172560000 0.348667840000 -0.925149130000
0.659477280000 0.079856570000 -0.747470830000 1.591893090000
-0.694716380000 0.444579640000 -0.565436200000 3.105570350000
0.000000000000 0.000000000000 0.000000000000 1.000000000000
48 62 66
-0.381545260000 0.818009910000 -0.430445120000 0.844099720000
0.448997690000 -0.243033420000 -0.859846400000 1.807993350000
-0.807975430000 -0.521339180000 -0.274556310000 2.810374160000
0.000000000000 0.000000000000 0.000000000000 1.000000000000
48 63 66
0.419195320000 0.403323330000 -0.813391400000 2.353812210000
-0.523480330000 0.839363120000 0.146416880000 -1.037291250000
0.741784090000 0.364417130000 0.562988920000 0.867534690000
0.000000000000 0.000000000000 0.000000000000 1.000000000000
48 64 66
-0.982445630000 0.180667830000 0.046472700000 -0.437341020000
0.065974720000 0.103478020000 0.992441250000 -3.262839010000
0.174493300000 0.978085600000 -0.113581040000 2.828719410000
0.000000000000 0.000000000000 0.000000000000 1.000000000000
48 65 66
-0.244414430000 0.793535660000 0.557281570000 -1.774357940000
0.237607710000 0.606203190000 -0.758986340000 1.269593940000
-0.940108590000 -0.053092820000 -0.336715000000 3.128594400000
0.000000000000 0.000000000000 0.000000000000 1.000000000000
49 51 66
0.762388830000 0.292910210000 -0.577032820000 2.068023760000
-0.161354300000 0.949575410000 0.268833260000 -1.187498620000
0.626680190000 -0.111848750000 0.771208010000 -0.307116920000
0.000000000000 0.000000000000 0.000000000000 1.000000000000
49 52 66
-0.549993360000 -0.584583960000 0.596463660000 -0.911989760000
0.524242420000 0.314304460000 0.791443360000 -2.971273160000
-0.650136280000 0.747980150000 0.133598350000 1.903551930000
0.000000000000 0.000000000000 0.000000000000 1.000000000000
49 53 66
-0.706740700000 -0.403289690000 -0.581270170000 2.286295390000
-0.026560190000 -0.805911030000 0.591440590000 -1.848415740000
-0.706973930000 0.433433790000 0.558858670000 0.854212610000
0.000000000000 0.000000000000 0.000000000000 1.000000000000
49 54 66
0.653355490000 0.402828250000 -0.640980500000 1.991216670000
-0.401804900000 -0.533069760000 -0.744573340000 2.386716270000
-0.641622500000 0.744020180000 -0.186425690000 4.145811810000
0.000000000000 0.000000000000 0.000000000000 1.000000000000
49 55 66
-0.355917730000 -0.534538200000 0.766545160000 -0.903854470000
-0.642639260000 -0.455528890000 -0.616042380000 0.989063470000
0.678481650000 -0.711872420000 -0.181384420000 3.739556110000
0.000000000000 0.000000000000 0.000000000000 1.000000000000
49 56 66
0.384684740000 -0.359561980000 -0.850136950000 2.143947080000
-0.457152780000 0.725905860000 -0.513879380000 0.522161780000
0.801890880000 0.586324030000 0.114870150000 1.987071200000
0.000000000000 0.000000000000 0.000000000000 1.000000000000
49 57 66
0.968459560000 -0.077078900000 0.236949200000 0.453122860000
0.125262970000 0.972656380000 -0.195572880000 -0.129202410000
-0.215395610000 0.219085390000 0.951633500000 0.166892240000
0.000000000000 0.000000000000 0.000000000000 1.000000000000
49 58 66
-0.580017340000 -0.566139000000 -0.585718800000 1.531954230000
-0.287949550000 -0.530111990000 0.797537670000 -2.912262720000
-0.762013740000 0.631243140000 0.144454680000 2.126712730000
0.000000000000 0.000000000000 0.000000000000 1.000000000000
49 59 66
-0.487053710000 -0.625649910000 -0.609377450000 1.415167480000
-0.284587490000 -0.545957850000 0.787997450000 -2.035619860000
-0.825704940000 0.557218280000 0.087858660000 2.181563880000
0.000000000000 0.000000000000 0.000000000000 1.000000000000
49 60 66
-0.329969190000 -0.913520280000 -0.237909700000 1.013173450000
0.404227930000 -0.364485370000 0.838898200000 -2.065607850000
-0.853065130000 0.180640820000 0.489539350000 1.761185050000
0.000000000000 0.000000000000 0.000000000000 1.000000000000
49 61 66
-0.389395680000 0.903123180000 -0.180940660000 0.736961850000
-0.558850260000 -0.075503200000 0.825824230000 -2.188437750000
0.732159410000 0.422691120000 0.534111240000 1.680268550000
0.000000000000 0.000000000000 0.000000000000 1.000000000000
49 62 66
-0.116535120000 0.954187110000 -0.275583960000 1.008751580000
-0.081731710000 0.267320000000 0.960135380000 -2.571774020000
0.989817910000 0.134413440000 0.046835180000 2.356847210000
0.000000000000 0.000000000000 0.000000000000 1.000000000000
49 63 66
0.882963010000 -0.343932300000 -0.319510390000 1.006637720000
0.380491900000 0.922965420000 0.057972000000 -0.700193460000
0.274958590000 -0.172758240000 0.945807780000 0.409087120000
0.000000000000 0.000000000000 0.000000000000 1.000000000000
49 64 66
0.937542390000 -0.345188730000 0.043116290000 0.190035700000
-0.323936330000 -0.911484020000 -0.253499770000 0.176429190000
0.126805080000 0.223699850000 -0.966374070000 5.221762060000
0.000000000000 0.000000000000 0.000000000000 1.000000000000
49 65 66
-0.149037370000 0.925308930000 0.348699370000 -0.886812360000
0.179732880000 0.372112910000 -0.910619610000 2.105037580000
-0.972359990000 -0.073043610000 -0.221767160000 2.774379890000
0.000000000000 0.000000000000 0.000000000000 1.000000000000
50 52 66
-0.703013310000 -0.160265960000 0.692883180000 -1.992349340000
-0.058830320000 0.984043330000 0.167921740000 -0.654764740000
-0.708739220000 0.077288680000 -0.701224060000 4.570821660000
0.000000000000 0.000000000000 0.000000000000 1.000000000000
50 53 66
0.972578840000 -0.100211180000 0.209876430000 -0.671309820000
0.113221660000 0.992265560000 -0.050891300000 0.094333310000
-0.203153280000 0.073258360000 0.976402560000 0.391424110000
0.000000000000 0.000000000000 0.000000000000 1.000000000000
50 54 66
0.873572870000 0.180075620000 -0.452153980000 1.582075780000
-0.108911040000 0.977801920000 0.179002210000 -0.849431090000
0.474350960000 -0.107126920000 0.873793450000 -0.013671550000
0.000000000000 0.000000000000 0.000000000000 1.000000000000
50 55 66
-0.721991840000 0.691028550000 -0.034746610000 0.436681540000
0.558604900000 0.552529660000 -0.618604510000 1.493574000000
-0.408274850000 -0.466037030000 -0.784933840000 5.188817250000
0.000000000000 0.000000000000 0.000000000000 1.000000000000
50 56 66
-0.373480330000 0.437375800000 -0.818055530000 2.619213580000
0.859315670000 -0.169048630000 -0.482699840000 1.275708270000
-0.349412400000 -0.883246830000 -0.312707540000 4.006056190000
0.000000000000 0.000000000000 0.000000000000 1.000000000000
50 57 66
-0.630704020000 0.460762800000 -0.624427810000 2.139546040000
-0.480223520000 0.400337970000 0.780458120000 -2.022380260000
0.609588230000 0.792102990000 -0.031225630000 2.929708830000
0.000000000000 0.000000000000 0.000000000000 1.000000000000
50 58 66
-0.961695400000 0.082284610000 -0.261478870000 0.580230470000
0.205166330000 0.848666060000 -0.487516870000 2.240856550000
0.181793110000 -0.522489390000 -0.833040280000 4.828015530000
0.000000000000 0.000000000000 0.000000000000 1.000000000000
50 59 66
0.253036580000 -0.942983120000 -0.216229810000 1.403642190000
-0.719641440000 -0.034081520000 -0.693508940000 1.705550060000
0.646597780000 0.331091060000 -0.687233600000 4.765306650000
0.000000000000 0.000000000000 0.000000000000 1.000000000000
50 60 66
-0.111513560000 -0.988952380000 0.097662280000 0.823364780000
0.749954300000 -0.019267760000 0.661208960000 -0.802243130000
-0.652022440000 0.146976020000 0.743817710000 1.189392600000
0.000000000000 0.000000000000 0.000000000000 1.000000000000
50 61 66
-0.877148410000 -0.203944560000 -0.434761180000 1.331958910000
-0.088154320000 -0.821570550000 0.563250070000 -1.058143900000
-0.472058770000 0.532379980000 0.702660710000 1.198485110000
0.000000000000 0.000000000000 0.000000000000 1.000000000000
50 62 66
0.856029580000 -0.476807150000 -0.199670490000 1.304008490000
0.459725980000 0.878833530000 -0.127685770000 0.059419750000
0.236358610000 0.017509090000 0.971508130000 0.738272760000
0.000000000000 0.000000000000 0.000000000000 1.000000000000
50 63 66
0.800813110000 -0.221965120000 -0.556264190000 1.799373300000
0.342534940000 0.931631830000 0.121375260000 -0.122131320000
0.491292350000 -0.287738820000 0.822093790000 0.681447480000
0.000000000000 0.000000000000 0.000000000000 1.000000000000
50 64 66
-0.059110320000 0.794687590000 0.604133760000 -0.670595910000
0.993979100000 0.102786660000 -0.037953290000 0.330308980000
-0.092257900000 0.598252900000 -0.795978610000 4.581452920000
0.000000000000 0.000000000000 0.000000000000 1.000000000000
50 65 66
-0.752961410000 -0.570068350000 -0.328741830000 1.472771530000
0.620766320000 -0.781099430000 -0.067326450000 0.106684720000
-0.218399380000 -0.254766070000 0.942016960000 0.211302760000
0.000000000000 0.000000000000 0.000000000000 1.000000000000
51 53 66
0.835976360000 -0.306663660000 0.455083420000 -1.320006600000
0.138791180000 0.920477430000 0.365319460000 -0.918244270000
-0.530924220000 -0.242236870000 0.812059580000 0.955275640000
0.000000000000 0.000000000000 0.000000000000 1.000000000000
51 55 66
0.391432990000 0.180364590000 -0.902357370000 2.788273150000
0.266759800000 -0.960736740000 -0.076315990000 1.252017900000
-0.880692580000 -0.210840070000 -0.424178080000 4.344147430000
0.000000000000 0.000000000000 0.000000000000 1.000000000000
51 56 66
-0.933366020000 0.148324980000 0.326844880000 -1.141101000000
-0.272634790000 0.299294230000 -0.914381340000 2.304278060000
-0.233448380000 -0.942561760000 -0.238912520000 4.050137320000
0.000000000000 0.000000000000 0.000000000000 1.000000000000
51 57 66
0.669620610000 -0.060685030000 -0.740219940000 1.809174700000
-0.251914550000 0.919015770000 -0.303231060000 0.786085570000
0.698675390000 0.389521940000 0.600104460000 1.689067600000
0.000000000000 0.000000000000 0.000000000000 1.000000000000
51 58 66
-0.640485970000 0.596989830000 -0.483095090000 1.710382020000
-0.132776050000 0.533500520000 0.835312940000 -1.710212370000
0.756404810000 0.599149680000 -0.262433650000 3.247142410000
0.000000000000 0.000000000000 0.000000000000 1.000000000000
51 59 66
0.823583450000 0.192504110000 0.533528320000 -1.589135160000
0.551483370000 -0.491644160000 -0.673908090000 2.219945670000
0.132576010000 0.849251550000 -0.511072810000 3.931478170000
0.000000000000 0.000000000000 0.000000000000 1.000000000000
51 60 66
0.238911520000 -0.820976760000 -0.518573480000 0.202243800000
0.079117700000 -0.515805360000 0.853044670000 -1.184320540000
-0.967812830000 -0.244830540000 -0.058278050000 2.581720150000
0.000000000000 0.000000000000 0.000000000000 1.000000000000
51 61 66
-0.947995660000 -0.314019750000 -0.051921310000 -0.008005090000
0.236944040000 -0.805195140000 0.543615960000 -0.834387000000
-0.212512930000 0.503043130000 0.837726610000 1.427525400000
0.000000000000 0.000000000000 0.000000000000 1.000000000000
51 62 66
0.549244400000 -0.402710310000 0.732226050000 -1.989791720000
0.629415400000 -0.377019690000 -0.679479510000 2.617607570000
0.549697050000 0.834074670000 0.046396110000 3.161480720000
0.000000000000 0.000000000000 0.000000000000 1.000000000000
51 64 66
0.969474590000 -0.084396080000 -0.230209290000 0.607910250000
0.105034480000 0.991333700000 0.078900310000 0.133433230000
0.221555350000 -0.100671760000 0.969937330000 0.662793870000
0.000000000000 0.000000000000 0.000000000000 1.000000000000
51 65 66
0.810046230000 -0.428434340000 -0.400336260000 0.660794830000
0.536243700000 0.817471850000 0.210196240000 0.040220520000
0.237208340000 -0.384946470000 0.891935210000 0.889579380000
0.000000000000 0.000000000000 0.000000000000 1.000000000000
52 54 66
0.994825780000 -0.036877710000 -0.094666270000 0.398204590000
0.020652430000 0.985745580000 -0.166970440000 0.640253870000
0.099474350000 0.164151410000 0.981406730000 0.278484630000
0.000000000000 0.000000000000 0.000000000000 1.000000000000
52 55 66
0.979639030000 0.092737760000 0.178064840000 -0.694451310000
-0.103262340000 0.993358260000 0.050756780000 -0.427769800000
-0.172175110000 -0.068110720000 0.982708840000 0.325643940000
0.000000000000 0.000000000000 0.000000000000 1.000000000000
52 56 66
-0.463781820000 -0.407410030000 0.786716910000 -2.111766280000
-0.237028560000 -0.798562780000 -0.553276560000 1.806907240000
0.853653260000 -0.443073990000 0.273791080000 1.909152350000
0.000000000000 0.000000000000 0.000000000000 1.000000000000
52 57 66
0.677516434000 -0.268898615000 0.684591131000 -1.248960690000
0.189486378000 0.963168379000 0.190791996000 -0.053638347200
-0.710680234000 0.000455981250 0.703515030000 0.409699247000
0.000000000000 0.000000000000 0.000000000000 1.000000000000
52 58 66
0.739122240000 -0.188296360000 0.646716940000 -1.381404170000
-0.161737530000 0.882427420000 0.441772370000 -0.651746840000
-0.653864880000 -0.431122180000 0.621767140000 0.751185200000
0.000000000000 0.000000000000 0.000000000000 1.000000000000
52 59 66
0.917660690000 -0.133897050000 0.374126220000 -0.703067210000
-0.024395950000 0.920757800000 0.389371170000 -0.569007030000
-0.396615290000 -0.366437780000 0.841676700000 1.122658710000
0.000000000000 0.000000000000 0.000000000000 1.000000000000
52 60 66
-0.869531670000 -0.371341710000 -0.325607160000 0.662137820000
-0.042940350000 -0.599946740000 0.798886750000 -1.079574560000
-0.492006920000 0.708639010000 0.505727150000 1.684773190000
0.000000000000 0.000000000000 0.000000000000 1.000000000000
52 61 66
-0.997101260000 0.063825360000 0.041417340000 -0.296136770000
0.004351700000 -0.495619240000 0.868529010000 -1.370004620000
0.075961410000 0.866191600000 0.493904820000 2.022880030000
0.000000000000 0.000000000000 0.000000000000 1.000000000000
52 62 66
0.320722540000 -0.360525250000 0.875875900000 -1.684423370000
0.283197040000 0.918925450000 0.274545920000 -0.264070280000
-0.903845390000 0.159992400000 0.396819780000 1.259285060000
0.000000000000 0.000000000000 0.000000000000 1.000000000000
52 63 66
0.908516480000 0.214712330000 -0.358463980000 1.624752420000
-0.240702690000 0.970167220000 -0.028944310000 0.041702330000
0.341555300000 0.112579630000 0.933094750000 0.911786210000
0.000000000000 0.000000000000 0.000000000000 1.000000000000
52 64 66
-0.892351570000 0.368550050000 0.260537010000 -1.140358820000
0.347159050000 0.191581630000 0.918028910000 -1.977160770000
0.288425490000 0.909652320000 -0.298903650000 3.691124150000
0.000000000000 0.000000000000 0.000000000000 1.000000000000
52 65 66
-0.698362100000 -0.230468830000 0.677624150000 -1.941944130000
-0.715429620000 0.196687170000 -0.670428680000 1.797465280000
0.021232930000 -0.952994370000 -0.302243100000 3.731524480000
0.000000000000 0.000000000000 0.000000000000 1.000000000000
53 55 66
0.986733280000 0.162338660000 -0.001897110000 -0.580004700000
-0.158641150000 0.961643910000 -0.223772160000 0.079869680000
-0.034502520000 0.221104400000 0.974639640000 0.205365200000
0.000000000000 0.000000000000 0.000000000000 1.000000000000
53 56 66
0.953336310000 -0.287854640000 -0.091047130000 0.630508180000
-0.265761150000 -0.943209040000 0.199318140000 -0.181568010000
-0.143251130000 -0.165820430000 -0.975696010000 5.187047660000
0.000000000000 0.000000000000 0.000000000000 1.000000000000
53 57 66
0.736425900000 0.206015510000 -0.644386920000 1.592773080000
-0.089230690000 0.973762340000 0.209343720000 -0.175192120000
0.670607770000 -0.096667040000 0.735486710000 0.945719980000
0.000000000000 0.000000000000 0.000000000000 1.000000000000
53 58 66
-0.635125370000 0.302115510000 -0.710874100000 1.990707590000
-0.771416770000 -0.294735650000 0.563956610000 -1.470553080000
-0.039139900000 0.906563350000 0.420251060000 1.946269870000
0.000000000000 0.000000000000 0.000000000000 1.000000000000
53 59 66
0.868714950000 0.474051390000 -0.143560520000 0.364715640000
-0.491459930000 0.788880340000 -0.368964680000 0.959422430000
-0.061656150000 0.391079380000 0.918289410000 0.858354270000
0.000000000000 0.000000000000 0.000000000000 1.000000000000
53 60 66
0.979181270000 0.025482920000 0.201381890000 0.115732790000
-0.137277440000 0.813945670000 0.564488580000 -0.745073000000
-0.149529100000 -0.580381830000 0.800498580000 1.361527810000
0.000000000000 0.000000000000 0.000000000000 1.000000000000
53 61 66
0.751155820000 0.291903950000 -0.592078560000 1.600995590000
-0.176722900000 0.953102930000 0.245690500000 -0.321653380000
0.636029830000 -0.079918010000 0.767514930000 1.437604130000
0.000000000000 0.000000000000 0.000000000000 1.000000000000
53 62 66
0.233827660000 -0.374139530000 0.897409740000 -1.474662810000
0.310206030000 0.903466720000 0.295837950000 -0.248137880000
-0.921464510000 0.209206820000 0.327315850000 1.324830640000
0.000000000000 0.000000000000 0.000000000000 1.000000000000
53 63 66
0.975970640000 -0.033794720000 0.215265480000 -0.597971230000
-0.037751600000 -0.999184900000 0.014295320000 0.495443890000
0.214606910000 -0.022078430000 -0.976450930000 5.263988530000
0.000000000000 0.000000000000 0.000000000000 1.000000000000
53 64 66
-0.470394940000 0.561837580000 -0.680490370000 2.073247530000
0.683551200000 -0.255718770000 -0.683641470000 1.896661570000
-0.558109630000 -0.786731500000 -0.263755930000 3.547671940000
0.000000000000 0.000000000000 0.000000000000 1.000000000000
53 65 66
0.897787770000 0.033186450000 -0.439176250000 1.159871300000
0.001222230000 0.996965550000 0.077834460000 -0.138105900000
0.440426640000 -0.070415590000 0.895022910000 1.082040120000
0.000000000000 0.000000000000 0.000000000000 1.000000000000
54 56 66
-0.802495450000 -0.596513950000 0.013120900000 1.095467460000
-0.403443470000 0.526292090000 -0.748498500000 2.257340730000
0.439584370000 -0.605960180000 -0.663006670000 4.497975260000
0.000000000000 0.000000000000 0.000000000000 1.000000000000
54 57 66
0.999872010000 -0.010333560000 -0.012213970000 0.213273420000
0.013304550000 0.961047870000 0.276061570000 -0.553006130000
0.008885510000 -0.276188730000 0.961062340000 -0.150174150000
0.000000000000 0.000000000000 0.000000000000 1.000000000000
54 58 66
-0.329304290000 0.486416670000 -0.809294450000 2.064002290000
0.097665930000 -0.834956040000 -0.541580820000 2.161963760000
-0.939159230000 -0.257385380000 0.227448270000 1.688694380000
0.000000000000 0.000000000000 0.000000000000 1.000000000000
54 59 66
0.270969880000 -0.651152560000 -0.708925720000 2.695143890000
-0.812032030000 0.240846300000 -0.531598580000 1.483777910000
0.516893910000 0.719717590000 -0.463494640000 4.180213080000
0.000000000000 0.000000000000 0.000000000000 1.000000000000
54 60 66
-0.292726470000 0.947721930000 -0.127021100000 0.777898490000
-0.948817790000 -0.271422660000 0.161476110000 -0.266866270000
0.118558040000 0.167788210000 0.978668030000 1.217460510000
0.000000000000 0.000000000000 0.000000000000 1.000000000000
54 61 66
0.146996570000 -0.055470690000 0.987580380000 -1.140761520000
-0.985474630000 0.077625390000 0.151043230000 -0.112258060000
-0.085039790000 -0.995438250000 -0.043254290000 3.240844030000
0.000000000000 0.000000000000 0.000000000000 1.000000000000
54 62 66
0.337896790000 0.100423660000 0.935810260000 -1.456096100000
-0.940456700000 -0.003033090000 0.339899990000 -1.180271610000
0.036972400000 -0.994940140000 0.093419230000 2.606067210000
0.000000000000 0.000000000000 0.000000000000 1.000000000000
54 63 66
-0.558326320000 -0.452157850000 0.695575310000 -2.227841350000
-0.109548320000 -0.790902040000 -0.602057420000 2.238185970000
0.822356910000 -0.412343610000 0.392048290000 2.305518380000
0.000000000000 0.000000000000 0.000000000000 1.000000000000
54 64 66
0.946992500000 -0.022576590000 -0.320461380000 1.186048530000
0.081292120000 0.981902940000 0.171050290000 -0.270778510000
0.310800240000 -0.188034330000 0.931690030000 0.577615940000
0.000000000000 0.000000000000 0.000000000000 1.000000000000
54 65 66
0.637359320000 -0.119673100000 -0.761217080000 2.262501000000
0.297817660000 0.949359250000 0.100108230000 0.174063270000
0.710688210000 -0.290508810000 0.640723730000 1.357622250000
0.000000000000 0.000000000000 0.000000000000 1.000000000000
55 57 66
0.804794950000 -0.028488230000 0.592868880000 -1.562650180000
-0.272726560000 -0.904912160000 0.326732640000 0.374695030000
0.527186220000 -0.424643860000 -0.736038230000 4.215094700000
0.000000000000 0.000000000000 0.000000000000 1.000000000000
55 58 66
-0.869852980000 0.109611170000 -0.480979400000 0.267363170000
-0.376588520000 0.482245830000 0.790961470000 -1.313554890000
0.318648520000 0.869151510000 -0.378204670000 3.280965960000
0.000000000000 0.000000000000 0.000000000000 1.000000000000
55 59 66
0.984910810000 -0.085254650000 -0.150606600000 0.515597650000
0.069878650000 0.992056540000 -0.104598300000 0.790868680000
0.158327750000 0.092495810000 0.983044680000 0.058533500000
0.000000000000 0.000000000000 0.000000000000 1.000000000000
55 60 66
0.826649800000 0.028703980000 0.561984160000 -0.997727400000
0.150326910000 -0.973666570000 -0.171392030000 1.263883010000
0.542265550000 0.226162530000 -0.809196260000 3.906981000000
0.000000000000 0.000000000000 0.000000000000 1.000000000000
55 61 66
0.959407810000 0.107332630000 0.260799470000 -0.780893200000
0.166336400000 -0.962135090000 -0.215935820000 1.323964210000
0.227747360000 0.250550960000 -0.940933240000 3.996498490000
0.000000000000 0.000000000000 0.000000000000 1.000000000000
55 62 66
0.232378150000 0.542879360000 -0.807020690000 1.917363440000
0.117427540000 0.808005320000 0.577354460000 -0.589369480000
0.965510830000 -0.228931010000 0.124013790000 2.706518590000
0.000000000000 0.000000000000 0.000000000000 1.000000000000
55 63 66
-0.124371500000 0.908485030000 -0.398982060000 0.676145000000
0.081638830000 0.410110020000 0.908374850000 -1.710691950000
0.988871490000 0.080403510000 -0.125173650000 2.995307990000
0.000000000000 0.000000000000 0.000000000000 1.000000000000
55 64 66
0.609593670000 0.229831400000 -0.758665330000 1.982051050000
-0.025105580000 -0.950970430000 -0.308261170000 1.648743790000
-0.792316390000 0.206960790000 -0.573935510000 2.961838080000
0.000000000000 0.000000000000 0.000000000000 1.000000000000
55 65 66
-0.471404150000 0.767674490000 0.434112890000 -1.244106580000
-0.365915910000 0.277615140000 -0.888276640000 2.929624540000
-0.802423630000 -0.577586100000 0.150035380000 1.881459470000
0.000000000000 0.000000000000 0.000000000000 1.000000000000
56 58 66
-0.912293820000 0.392142250000 0.118086560000 -0.734138180000
0.192625290000 0.156416140000 0.968725700000 -2.442654690000
0.361407630000 0.906508930000 -0.218234000000 3.105489470000
0.000000000000 0.000000000000 0.000000000000 1.000000000000
56 59 66
-0.105091690000 0.994448590000 0.005266290000 0.619853650000
0.853904110000 0.092950910000 -0.512062400000 0.910325320000
-0.509709240000 -0.049316590000 -0.858932110000 4.485944660000
0.000000000000 0.000000000000 0.000000000000 1.000000000000
56 60 66
0.410094750000 -0.701697710000 0.582617040000 -0.447481210000
-0.172632650000 -0.686977620000 -0.705875140000 1.174786610000
0.895555840000 0.188896970000 -0.402861860000 3.393609210000
0.000000000000 0.000000000000 0.000000000000 1.000000000000
56 61 66
0.287321350000 -0.939503320000 -0.186493830000 0.642701600000
-0.659701070000 -0.052941850000 -0.749661030000 1.278912340000
0.694435700000 0.338423800000 -0.635002670000 3.785461890000
0.000000000000 0.000000000000 0.000000000000 1.000000000000
56 62 66
0.034915760000 -0.600772460000 0.798657210000 -2.522429400000
0.516944750000 0.694787290000 0.500038740000 -1.056954310000
-0.855306390000 0.395402420000 0.334825190000 1.698393860000
0.000000000000 0.000000000000 0.000000000000 1.000000000000
56 63 66
-0.185292060000 0.547205480000 -0.816230980000 2.328014420000
0.365027110000 -0.732856150000 -0.574175130000 1.400394040000
-0.912371670000 -0.404336530000 -0.063952410000 2.564089570000
0.000000000000 0.000000000000 0.000000000000 1.000000000000
56 64 66
0.891960100000 -0.102944020000 0.440238250000 -0.749423360000
0.163080390000 0.981437880000 -0.100918190000 0.230979680000
-0.421677570000 0.161809230000 0.892191570000 0.142712660000
0.000000000000 0.000000000000 0.000000000000 1.000000000000
56 65 66
0.966793310000 -0.154803970000 0.203338180000 -0.123673050000
0.170535630000 0.983388670000 -0.062163610000 0.189418890000
-0.190337290000 0.094775770000 0.977133190000 -0.313827340000
0.000000000000 0.000000000000 0.000000000000 1.000000000000
57 59 66
-0.996953700000 -0.077032830000 0.012217270000 -0.176287990000
-0.035753720000 0.590581840000 0.806185320000 -1.799646900000
-0.069318030000 0.803292620000 -0.591536960000 4.148000550000
0.000000000000 0.000000000000 0.000000000000 1.000000000000
57 60 66
0.966281420000 -0.196841620000 0.165992750000 -0.727990980000
-0.190663420000 -0.113714830000 0.975046870000 -1.623194710000
-0.173053970000 -0.973818420000 -0.147411030000 2.496990310000
0.000000000000 0.000000000000 0.000000000000 1.000000000000
57 61 66
0.180488120000 -0.519838530000 0.834980200000 -1.203693710000
0.402468470000 0.813631700000 0.419550470000 -0.712002980000
-0.897464860000 0.260329330000 0.356069470000 1.388814110000
0.000000000000 0.000000000000 0.000000000000 1.000000000000
57 62 66
0.976720340000 0.092123040000 -0.193728480000 0.319375070000
0.006946520000 -0.916202130000 -0.400656210000 1.593521140000
-0.214404110000 0.389983330000 -0.895513190000 4.557555110000
0.000000000000 0.000000000000 0.000000000000 1.000000000000
57 63 66
-0.973083070000 0.194091570000 -0.124248970000 -0.153124750000
0.095716730000 -0.150056850000 -0.984033150000 2.726547530000
-0.209636950000 -0.969438710000 0.127439970000 2.287595120000
0.000000000000 0.000000000000 0.000000000000 1.000000000000
57 64 66
-0.944791110000 0.007784020000 0.327580770000 -1.535650380000
0.245567820000 0.678718040000 0.692125900000 -1.435997410000
-0.216947450000 0.734357700000 -0.643158280000 3.627565020000
0.000000000000 0.000000000000 0.000000000000 1.000000000000
57 65 66
0.765591360000 0.198221410000 -0.612027890000 1.172480430000
-0.142640030000 0.979971410000 0.138959910000 -0.585079110000
0.627314670000 -0.019086830000 0.778531950000 1.037225810000
0.000000000000 0.000000000000 0.000000000000 1.000000000000
58 60 66
-0.705051970000 -0.582644100000 -0.404261760000 0.592313470000
0.158438800000 -0.685071460000 0.711037440000 -1.520013040000
-0.691229960000 0.437267600000 0.575324420000 1.670165570000
0.000000000000 0.000000000000 0.000000000000 1.000000000000
58 61 66
-0.530012070000 -0.765919940000 -0.363942090000 0.309531360000
0.337625870000 -0.584297860000 0.737973430000 -1.506639070000
-0.777879150000 0.268258560000 0.568279310000 1.394154820000
0.000000000000 0.000000000000 0.000000000000 1.000000000000
58 62 66
0.520980470000 0.390115630000 -0.759202970000 1.319643140000
-0.328533070000 0.912570450000 0.243477290000 -0.813352040000
0.787810490000 0.122576370000 0.603597270000 1.281809980000
0.000000000000 0.000000000000 0.000000000000 1.000000000000
58 63 66
-0.194678100000 0.441459030000 -0.875907740000 2.146330560000
-0.429026720000 0.764717360000 0.480773790000 -1.485056620000
0.882063780000 0.469383950000 0.040524000000 2.709634520000
0.000000000000 0.000000000000 0.000000000000 1.000000000000
58 64 66
-0.591252650000 -0.293030440000 0.751367730000 -1.747066000000
0.806446630000 -0.224068610000 0.547208460000 -1.559865600000
0.008009190000 0.929476420000 0.368794570000 2.034808330000
0.000000000000 0.000000000000 0.000000000000 1.000000000000
58 65 66
-0.352529680000 -0.876941830000 0.326643310000 -1.070158520000
-0.929881590000 0.289070290000 -0.227505140000 0.372877160000
0.105085900000 -0.383941910000 -0.917357930000 4.691036300000
0.000000000000 0.000000000000 0.000000000000 1.000000000000
59 61 66
0.597672820000 0.390869490000 -0.700005890000 1.904637000000
-0.386872820000 0.905335600000 0.175205230000 -0.734841150000
0.702222630000 0.166097850000 0.692311260000 1.306273820000
0.000000000000 0.000000000000 0.000000000000 1.000000000000
59 62 66
0.043886895500 0.990437005000 0.130799390000 -0.165137561000
0.949270940000 -0.000534635749 -0.314458894000 1.462618870000
-0.311381795000 0.137964684000 -0.940216530000 4.574715470000
0.000000000000 0.000000000000 0.000000000000 1.000000000000
59 63 66
-0.412106490000 -0.911129010000 -0.003487370000 0.401689390000
0.894059920000 -0.405117700000 0.191145260000 -0.566369510000
-0.175570790000 0.075654290000 0.981555560000 0.188399750000
0.000000000000 0.000000000000 0.000000000000 1.000000000000
59 64 66
-0.986069450000 0.157314460000 -0.054029700000 0.432506330000
0.047218010000 0.576204260000 0.815940630000 -2.088265750000
0.159491410000 0.802022950000 -0.575605490000 3.801474460000
0.000000000000 0.000000000000 0.000000000000 1.000000000000
59 65 66
-0.774003670000 -0.489946550000 0.401086900000 -0.987143610000
0.558554810000 -0.229980690000 0.796947560000 -1.788003660000
-0.298219460000 0.840869350000 0.451667900000 1.011286330000
0.000000000000 0.000000000000 0.000000000000 1.000000000000
60 62 66
-0.647202420000 0.227185050000 -0.727678480000 1.151210740000
-0.032388770000 -0.961892950000 -0.271501230000 0.615152500000
-0.761629830000 -0.152147640000 0.629897690000 0.158743980000
0.000000000000 0.000000000000 0.000000000000 1.000000000000
60 63 66
0.331395280000 0.577950910000 -0.745754600000 2.109132860000
-0.633299410000 0.722158900000 0.278241600000 -0.519761400000
0.699363300000 0.380077990000 0.605336010000 0.325748730000
0.000000000000 0.000000000000 0.000000000000 1.000000000000
60 64 66
-0.544913820000 -0.180285470000 0.818880990000 -2.229118630000
-0.266375620000 0.963240460000 0.034811540000 0.156559590000
-0.795055320000 -0.199160640000 -0.572906700000 3.544702120000
0.000000000000 0.000000000000 0.000000000000 1.000000000000
60 65 66
0.969996370000 0.074771140000 -0.231335940000 0.270233740000
0.113847670000 -0.980453180000 0.160468880000 -0.304977220000
-0.214815610000 -0.181991290000 -0.959548550000 4.335277770000
0.000000000000 0.000000000000 0.000000000000 1.000000000000
61 63 66
0.934624030000 0.170056710000 -0.312343780000 0.557307950000
-0.241804630000 0.947885250000 -0.207470660000 0.590228690000
0.260784280000 0.269433230000 0.927036830000 -0.403559590000
0.000000000000 0.000000000000 0.000000000000 1.000000000000
61 64 66
0.391896720000 -0.910437590000 0.132364520000 -0.584273770000
0.915350240000 0.371394720000 -0.155563160000 0.601897760000
0.092471070000 0.182124590000 0.978917640000 -0.445371760000
0.000000000000 0.000000000000 0.000000000000 1.000000000000
61 65 66
0.761324120000 0.279750430000 -0.584914770000 1.211388860000
-0.507699460000 -0.303884050000 -0.806161110000 2.094031700000
-0.403270180000 0.910710810000 -0.089325110000 2.177935820000
0.000000000000 0.000000000000 0.000000000000 1.000000000000
62 64 66
0.878153930000 0.190480290000 -0.438819930000 0.884173120000
-0.211111690000 0.977460250000 0.001819320000 0.083302830000
0.429275580000 0.091042380000 0.898573180000 0.086958610000
0.000000000000 0.000000000000 0.000000000000 1.000000000000
62 65 66
0.962404190000 0.036761380000 -0.269122230000 -0.031687630000
-0.045312950000 0.998643980000 -0.025630900000 -0.053663250000
0.267815070000 0.036862010000 0.962764920000 0.274720000000
0.000000000000 0.000000000000 0.000000000000 1.000000000000
63 65 66
-0.747904930000 0.575916550000 0.330088390000 -0.791625070000
-0.203988370000 -0.672606730000 0.711328990000 -1.792321940000
0.631685800000 0.464672270000 0.620526170000 0.937074880000
0.000000000000 0.000000000000 0.000000000000 1.000000000000
