0 10 60
0.995141023471 -0.093225076506 -0.031676939797 0.709106267213
0.091997723599 0.995025536652 -0.038217800336 -0.181655173830
0.035082221383 0.035117894590 0.998767225745 0.191141250161
0.000000000000 0.000000000000 0.000000000000 1.000000000000
0 11 60
0.910231203805 -0.413077481255 0.029088659293 0.340234461647
0.413393914773 0.910535158527 -0.005585366046 -0.297654321150
-0.024179058062 0.017109049200 0.999561230534 0.386860447046
0.000000000000 0.000000000000 0.000000000000 1.000000000000
0 12 60
0.989463806639 -0.138542416541 -0.042040149526 0.138541170080
0.138521066782 0.990353531747 -0.003434561516 -0.378448531329
0.042110443011 -0.002425072048 0.999110018774 0.665279745889
0.000000000000 0.000000000000 0.000000000000 1.000000000000
0 13 60
0.983653000922 -0.079798444784 -0.161427946739 -0.142601182948
0.081112661224 0.996703723615 0.001556766202 -0.438132209237
0.160771608089 -0.014625168103 0.986883272982 0.686809979798
0.000000000000 0.000000000000 0.000000000000 1.000000000000
0 14 60
0.989920750759 -0.126489155194 -0.063697730218 -0.264618240615
0.119752872718 0.987722019774 -0.100321787911 -0.211256027288
0.075605268947 0.091682633427 0.992913963058 1.004864105881
0.000000000000 0.000000000000 0.000000000000 1.000000000000
0 15 60
0.874569871186 -0.464342688342 0.139690401232 -0.353932850537
0.441360166033 0.881602681058 0.167266005484 -0.769837120743
-0.200820178898 -0.084632030189 0.975965509234 1.087220394427
0.000000000000 0.000000000000 0.000000000000 1.000000000000
0 27 60
0.618446395347 0.081395425054 -0.781600179671 1.858879359799
-0.052725092058 0.996677897330 0.062074420183 -0.248017757155
0.784056197444 0.002820240020 0.620683434205 0.670323583967
0.000000000000 0.000000000000 0.000000000000 1.000000000000
0 49 60
0.687689017573 0.238604965836 -0.685675933214 -0.076932766274
-0.660731308369 0.597078874938 -0.454896642375 0.585733168355
0.300862016962 0.765874981561 0.568258356179 1.438140500440
0.000000000000 0.000000000000 0.000000000000 1.000000000000
0 50 60
0.977353718864 0.079999746115 0.195907500733 -0.402931231796
0.139708223020 0.451402073142 -0.881315936985 1.253345057532
-0.158938103180 0.888727297311 0.430002872517 1.353497575926
0.000000000000 0.000000000000 0.000000000000 1.000000000000
0 51 60
0.388404741010 0.869311904077 -0.305677232702 -0.383320114015
-0.459236409147 0.470198085634 0.753668150302 -0.550244089290
0.798901544419 -0.152350168022 0.581846842931 1.813393960020
0.000000000000 0.000000000000 0.000000000000 1.000000000000
0 52 60
0.709509454309 0.421154153745 0.565000454008 -1.308133219694
0.256862387014 0.592046167566 -0.763873713128 1.081821475896
-0.656214940690 0.687102986643 0.311883692043 1.743624389766
0.000000000000 0.000000000000 0.000000000000 1.000000000000
0 55 60
0.984381956739 0.091853173114 -0.150183746906 0.333459918825
-0.110950772365 0.986039435534 -0.124161820555 0.322662674361
0.136682439828 0.138885658586 0.980830609475 -0.156116036574
0.000000000000 0.000000000000 0.000000000000 1.000000000000
1 4 60
0.979928777165 -0.075279978024 0.184587422631 0.079542693696
0.082458241463 0.996096129430 -0.031514113518 -0.577735450116
-0.181494435450 0.046102340990 0.982310716655 0.382448961173
0.000000000000 0.000000000000 0.000000000000 1.000000000000
1 11 60
0.952955659497 -0.295111241570 0.069172726793 0.608268204409
0.295890776638 0.955221176005 -0.001073876486 -0.207373007128
-0.065758340412 0.021490928529 0.997604120209 0.219998424741
0.000000000000 0.000000000000 0.000000000000 1.000000000000
1 12 60
0.981307874930 -0.190933877579 -0.024064683522 0.322115166533
0.190473491759 0.981484936386 -0.020178418765 -0.322768694109
0.027471868114 0.015217556939 0.999506739559 0.520954034405
0.000000000000 0.000000000000 0.000000000000 1.000000000000
1 13 60
0.986104960855 -0.144140918189 -0.082585724437 -0.013681760262
0.142663470754 0.989491019650 -0.023551138933 -0.415918247090
0.085112515472 0.011441928852 0.996305646865 0.560949646638
0.000000000000 0.000000000000 0.000000000000 1.000000000000
1 14 60
0.976611256791 -0.213417725348 0.026140535875 -0.148802151063
0.212824250604 0.976802256942 0.023731607343 -0.513266034343
-0.030598880098 -0.017613214915 0.999376547252 0.829357960810
0.000000000000 0.000000000000 0.000000000000 1.000000000000
1 31 60
0.969439876881 -0.166485096084 -0.180191669885 0.663922483282
0.177063980552 0.983206545577 0.044195424243 -0.861785316417
0.169807749838 -0.074750260969 0.982638146308 1.401083406339
0.000000000000 0.000000000000 0.000000000000 1.000000000000
1 42 60
0.921815152012 0.386855078551 -0.024494360992 -0.389498761676
-0.387470771091 0.917785986066 -0.086806021281 0.147495097235
-0.011100768925 0.089509954642 0.995924063847 0.009212926475
0.000000000000 0.000000000000 0.000000000000 1.000000000000
1 43 60
0.307271110503 0.938030118693 -0.160262163581 0.283247466058
-0.905673757336 0.339956377273 0.253347008713 -0.360147468807
0.292129269199 0.067299019139 0.954008035658 0.462843010441
0.000000000000 0.000000000000 0.000000000000 1.000000000000
1 44 60
0.986777703381 0.160897299049 0.019540298564 -0.328000948165
-0.159176346745 0.984750234536 -0.070213006043 -0.049129051851
-0.030539396625 0.066174275512 0.997340619104 0.798065022462
0.000000000000 0.000000000000 0.000000000000 1.000000000000
1 45 60
0.307450797085 0.245519225274 -0.919344504195 1.023492514655
-0.592731383707 0.805224584059 0.016818917829 -0.052284752389
0.744408163672 0.539753350381 0.393093890325 1.627332830020
0.000000000000 0.000000000000 0.000000000000 1.000000000000
1 46 60
0.714037368508 -0.693699814151 0.094505048650 -0.673802111005
0.700086556553 0.708527169053 -0.088702108476 -0.537785215818
-0.005426758417 0.129498334203 0.991564789478 1.293254244445
0.000000000000 0.000000000000 0.000000000000 1.000000000000
1 47 60
0.968583030271 -0.166198214365 0.185000181116 -0.954109976710
0.196443832058 0.967481020748 -0.159343325366 0.410824679562
-0.152501587919 0.190679385447 0.969734312917 0.385583983016
0.000000000000 0.000000000000 0.000000000000 1.000000000000
1 48 60
0.855654644980 0.173509475722 -0.487595724304 -0.228930055200
-0.330356614879 0.908336066390 -0.256495804064 0.319811934323
0.398396329714 0.380552299075 0.834541977458 0.731918996657
0.000000000000 0.000000000000 0.000000000000 1.000000000000
1 49 60
0.826300969771 -0.198528310503 0.527079896489 -1.543349533144
0.077747705935 0.967064440167 0.242366793904 -0.000019027582
-0.557836895138 -0.159288664046 0.814521405446 0.678900555839
0.000000000000 0.000000000000 0.000000000000 1.000000000000
1 50 60
0.964095980116 0.186337588398 -0.189201596908 -0.506714808142
-0.093631834201 0.905249236800 0.414435639029 -0.112304646874
0.248499538726 -0.381840441053 0.890194280385 0.950138671566
0.000000000000 0.000000000000 0.000000000000 1.000000000000
1 51 60
0.806862119096 0.428818950523 -0.406310015185 -0.403181750768
-0.142443746540 0.808733104271 0.570666754883 -0.188822432264
0.573309078804 -0.402573066323 0.713618684195 1.163201455028
0.000000000000 0.000000000000 0.000000000000 1.000000000000
1 52 60
0.993783332964 0.110888774001 0.009918010131 -0.942497891298
-0.027476847414 0.330622441404 -0.943363039395 1.174133832505
-0.107887487599 0.937225949833 0.331613945694 1.481866845745
0.000000000000 0.000000000000 0.000000000000 1.000000000000
1 53 60
0.813097976991 0.517493864813 -0.266592910060 -0.506563776221
-0.581867235315 0.708822054414 -0.398750317420 0.745689898240
-0.017383908657 0.479344755950 0.877454502903 0.720424270668
0.000000000000 0.000000000000 0.000000000000 1.000000000000
2 12 60
0.951733640767 -0.261680412761 0.160394633982 0.662212970496
0.274239890999 0.959689987196 -0.061543567175 -0.090577078289
-0.137824378172 0.102559690193 0.985132453394 0.131219893424
0.000000000000 0.000000000000 0.000000000000 1.000000000000
2 13 60
0.972158924297 -0.232865356425 0.026091218603 0.436240732183
0.234317335431 0.966830397829 -0.101658094365 -0.151517381803
-0.001553134885 0.104941448485 0.994477189363 0.230520578219
0.000000000000 0.000000000000 0.000000000000 1.000000000000
2 14 60
0.917107735331 -0.282301501957 0.281459168956 0.170367759577
0.292314068993 0.956299019547 0.006683583005 -0.415801885336
-0.271045912836 0.076144909259 0.959549928836 0.535607553040
0.000000000000 0.000000000000 0.000000000000 1.000000000000
2 15 60
-0.307732565584 0.782907733792 -0.540699684157 1.073390058371
-0.524647680631 -0.613701010469 -0.590013458286 0.646927998779
-0.793754042060 0.102110479964 0.599606513136 0.841663877033
0.000000000000 0.000000000000 0.000000000000 1.000000000000
2 17 60
0.980611634033 0.095232473062 -0.171264705277 0.829439425980
-0.065590670311 0.983070176709 0.171087380108 -0.328100198371
0.184658298397 -0.156536908551 0.970256414096 -0.877796623667
0.000000000000 0.000000000000 0.000000000000 1.000000000000
2 22 60
0.845086804528 0.094493252561 0.526212236681 -0.955190086786
-0.015917505250 -0.979373216112 0.201431716939 -1.152082521086
0.534392108698 -0.178603272039 -0.826151284801 4.484605830893
0.000000000000 0.000000000000 0.000000000000 1.000000000000
2 26 60
0.056704162720 -0.533958773264 -0.843606938321 2.166833962102
0.139717804203 0.840895609155 -0.522851326568 1.188904041881
0.988566423221 -0.088219062333 0.122285828788 1.917057495939
0.000000000000 0.000000000000 0.000000000000 1.000000000000
2 27 60
0.632208145170 0.281207793828 -0.721966091911 2.519759135100
-0.448445854472 0.892676841601 -0.044993022528 0.259529984208
0.631830022067 0.352207656305 0.690464039653 0.119416227697
0.000000000000 0.000000000000 0.000000000000 1.000000000000
2 29 60
0.478544613304 0.250901935115 -0.841453071794 1.905486445520
-0.281675876526 0.951524558963 0.123530216038 -0.798466007973
0.831657233276 0.177902312088 0.526019974614 1.063114758321
0.000000000000 0.000000000000 0.000000000000 1.000000000000
2 31 60
0.958272110799 0.138047175755 -0.250314879568 1.049467741718
-0.115718167361 0.988041445185 0.101899010501 -0.981009725270
0.261388345971 -0.068681000754 0.962787127420 1.171015900335
0.000000000000 0.000000000000 0.000000000000 1.000000000000
2 36 60
0.972679962429 -0.230130913048 0.030552472063 0.174277148842
0.228358673114 0.972160167287 0.052506433436 -0.766222728216
-0.041785249819 -0.044095033720 0.998153104939 0.415435040198
0.000000000000 0.000000000000 0.000000000000 1.000000000000
2 40 60
0.997466821234 -0.040412974961 0.058538295099 -0.227380339882
0.061764784746 0.900270763309 -0.430926518210 0.268215341818
-0.035285293021 0.433450509500 0.900486315227 -0.543973713221
0.000000000000 0.000000000000 0.000000000000 1.000000000000
2 41 60
0.991768941005 -0.127601366771 0.010595227987 -0.152621375906
0.117895113496 0.877771580923 -0.464346631233 0.095392493250
0.049951074781 0.461773692324 0.885590168874 -0.294403988819
0.000000000000 0.000000000000 0.000000000000 1.000000000000
2 42 60
0.976224950819 0.189211065936 0.105754517280 -0.093768970012
-0.163633631932 0.963268721474 -0.212925819785 0.588879122232
-0.142157939978 0.190558502192 0.971328254168 -0.133228947784
0.000000000000 0.000000000000 0.000000000000 1.000000000000
2 43 60
0.961446919935 0.232297409852 0.147165666938 -0.191657576498
-0.223596289690 0.971916354443 -0.073370969759 0.188139003866
-0.160076604743 0.037636595791 0.986386824360 0.238962817351
0.000000000000 0.000000000000 0.000000000000 1.000000000000
2 46 60
0.599784941594 0.391931204981 -0.697601572819 0.509544594859
-0.594754885022 0.801589048721 -0.061005112187 -0.441224446369
0.535279974014 0.451491890884 0.713884039524 0.556467760225
0.000000000000 0.000000000000 0.000000000000 1.000000000000
2 47 60
0.711272781291 0.328920491506 -0.621210383736 0.385375688624
-0.551071265191 0.809560780029 -0.202316099506 -0.425033127693
0.436361651930 0.486233126910 0.757077179038 0.625542930594
0.000000000000 0.000000000000 0.000000000000 1.000000000000
2 48 60
0.889207635726 0.012525625320 -0.457332361939 0.497624092266
-0.156504600042 0.947645247766 -0.278342944141 0.492469910805
0.429902420012 0.319079289673 0.844613708254 0.764269502808
0.000000000000 0.000000000000 0.000000000000 1.000000000000
2 49 60
0.733988975080 0.654643114000 -0.180838540563 -0.133379439820
-0.626121514044 0.755396021974 0.193258116611 -0.867263698262
0.263119809426 -0.028622426123 0.964338489645 0.385263865900
0.000000000000 0.000000000000 0.000000000000 1.000000000000
2 50 60
0.904111542574 0.150083780281 -0.400071465466 0.554947002223
-0.219504428667 0.966434159822 -0.133502136782 0.280367982461
0.366606225232 0.208518281276 0.906708333476 1.120576645500
0.000000000000 0.000000000000 0.000000000000 1.000000000000
2 51 60
0.918067263183 -0.031456682248 -0.395174616358 0.308200957406
0.191647898727 0.907835141368 0.372969756161 0.005427457148
0.347021012598 -0.418145708145 0.839482330711 1.005720839618
0.000000000000 0.000000000000 0.000000000000 1.000000000000
2 52 60
-0.332861835203 0.905989654866 -0.261506680491 0.887661966154
0.929916603504 0.269384057126 -0.250374400237 -0.207243812578
-0.156390885902 -0.326519486466 -0.932162494292 3.447667078267
0.000000000000 0.000000000000 0.000000000000 1.000000000000
2 53 60
-0.509396022663 0.839142716357 0.190670379661 0.003395501249
0.851999600080 0.522934035353 -0.025232442072 -0.929926311533
-0.120881651039 0.149597781584 -0.981329776470 3.515910247083
0.000000000000 0.000000000000 0.000000000000 1.000000000000
3 10 60
0.970944063008 -0.180772724421 0.156808318068 0.620576499766
0.180536863603 0.983440237092 0.015866346415 0.174398183888
-0.157079812167 0.012904347078 0.987501600219 -0.376934312493
0.000000000000 0.000000000000 0.000000000000 1.000000000000
3 12 60
0.936374599264 -0.303855628377 0.175711032538 0.562891684986
0.296692245230 0.952665682395 0.066346131816 0.237789489192
-0.187553516290 -0.009992731836 0.982203555195 -0.123024512658
0.000000000000 0.000000000000 0.000000000000 1.000000000000
3 13 60
0.962127644620 -0.241829790029 0.125812352780 0.231503005678
0.237179396768 0.970129226866 0.050943271680 0.130908868007
-0.134373841226 -0.019173832052 0.990745191741 -0.002286476715
0.000000000000 0.000000000000 0.000000000000 1.000000000000
3 14 60
0.913562638334 -0.317007624823 0.254773373106 0.134013561628
0.290977997930 0.947140571854 0.135116771234 0.010672089153
-0.284139245020 -0.049304187979 0.957514483696 0.299228087434
0.000000000000 0.000000000000 0.000000000000 1.000000000000
3 18 60
0.964813912400 0.241547369129 -0.103870028910 0.946126006094
-0.258480542977 0.943724504158 -0.206329515952 0.331026423566
0.048186339778 0.225917969002 0.972953826212 -0.119514517057
0.000000000000 0.000000000000 0.000000000000 1.000000000000
3 28 60
0.796559827898 -0.572087576476 0.195469295342 -0.240384042586
0.593625747443 0.801356360616 -0.073732321770 0.086036461810
-0.114459217858 0.174767812090 0.977934199885 -0.069020651204
0.000000000000 0.000000000000 0.000000000000 1.000000000000
3 29 60
0.732625467912 0.059582572865 -0.678019056353 1.767076440434
-0.079029112584 0.996869862308 0.002208390175 0.031282770838
0.676028344917 0.051965321453 0.735041007179 0.477316796492
0.000000000000 0.000000000000 0.000000000000 1.000000000000
3 40 60
0.981052762875 -0.056231326154 0.185400955810 -0.545199922993
0.105193588482 0.958212879851 -0.266012003171 0.330358048842
-0.162695376083 0.280474802518 0.945972568183 -0.754948976018
0.000000000000 0.000000000000 0.000000000000 1.000000000000
3 41 60
0.985562516751 -0.124842699129 0.114371438953 -0.410453375680
0.155017757030 0.937008884764 -0.313023712966 0.224913139793
-0.068088329244 0.326234042288 0.942833669887 -0.511318230955
0.000000000000 0.000000000000 0.000000000000 1.000000000000
3 42 60
0.972409814093 -0.109298230030 0.206089908459 -0.262416258011
0.166215134999 0.944500630341 -0.283356821309 0.068184560822
-0.163681649410 0.309794215887 0.936608702420 -0.050927181184
0.000000000000 0.000000000000 0.000000000000 1.000000000000
3 43 60
0.976434976605 -0.191762763102 0.099003935019 -0.083722294786
0.213152348122 0.928731387647 -0.303354719908 -0.053272365117
-0.033775922663 0.317309080058 0.947720494007 0.353188284643
0.000000000000 0.000000000000 0.000000000000 1.000000000000
3 44 60
0.911004314095 -0.230507954846 0.341960849299 -0.063983166781
0.307583110208 0.932136188207 -0.191088348546 -0.225054633345
-0.274706698163 0.279263691495 0.920080442460 0.679844511241
0.000000000000 0.000000000000 0.000000000000 1.000000000000
3 45 60
0.700733147133 -0.523633777441 -0.484541766654 0.679933365231
0.565068189182 0.821974751835 -0.071101680153 0.126567425984
0.435512339760 -0.223975834567 0.871873745131 0.459150208076
0.000000000000 0.000000000000 0.000000000000 1.000000000000
3 46 60
0.642312622960 -0.578563886740 -0.502691081428 0.637483074401
0.539300947052 0.807204724588 -0.239947955004 0.407667878726
0.544599837399 -0.116980175936 0.830497835965 0.525911987469
0.000000000000 0.000000000000 0.000000000000 1.000000000000
3 47 60
0.573021411141 -0.456053111396 0.680927325020 -0.610051437202
0.524224425953 0.842621613550 0.123197271123 -0.088729786549
-0.629948580130 0.286364061927 0.721914406581 1.446522695511
0.000000000000 0.000000000000 0.000000000000 1.000000000000
3 48 60
0.398509859874 0.077375485574 0.913894373446 -1.344195840641
-0.446868998006 -0.853780431410 0.267146165164 -0.259880874499
0.800935696673 -0.514851443790 -0.305663214376 1.899818060406
0.000000000000 0.000000000000 0.000000000000 1.000000000000
3 49 60
0.685951673217 0.560349544856 -0.464196822038 0.435249321483
-0.617875073242 0.785490199568 0.035150252463 -0.189536938586
0.384318482351 0.262704270924 0.885034332758 0.519356562069
0.000000000000 0.000000000000 0.000000000000 1.000000000000
3 50 60
-0.789611873020 0.436914444034 0.430835071206 -0.705198340157
0.531992356877 0.837344988487 0.125847139334 -0.498349984858
-0.305773154824 0.328571360361 -0.893612689559 2.889348420588
0.000000000000 0.000000000000 0.000000000000 1.000000000000
3 51 60
0.848128666437 0.446428100026 -0.285271303628 0.041053919779
-0.455379737512 0.889481669534 0.038100580399 -0.444986225909
0.270752765139 0.097592576921 0.957689213210 0.798627433620
0.000000000000 0.000000000000 0.000000000000 1.000000000000
3 52 60
0.833729472877 0.327608013437 -0.444486395278 0.076636275849
-0.317131889295 0.943069206449 0.100238897833 -0.284632675556
0.452020498260 0.057388686848 0.890159540630 0.775958845260
0.000000000000 0.000000000000 0.000000000000 1.000000000000
3 53 60
0.933525910652 0.342179024445 -0.106971441849 -0.107291718102
-0.348736584929 0.935906801831 -0.049611013084 -0.177581962033
0.083139451969 0.083618021483 0.993023593884 0.576532352296
0.000000000000 0.000000000000 0.000000000000 1.000000000000
4 6 60
0.994604110892 -0.057427296368 0.086398890201 0.535913255914
0.058317729504 0.998267479326 -0.007815506782 0.428585897412
-0.085800378913 0.012811922283 0.996229968243 -0.146489595273
0.000000000000 0.000000000000 0.000000000000 1.000000000000
4 9 60
0.993120400493 0.077963977288 0.087369836727 1.435698744052
-0.078918195322 0.996852762237 0.007515907719 0.285692395738
-0.086508893018 -0.014359271124 0.996147590852 -0.273563913737
0.000000000000 0.000000000000 0.000000000000 1.000000000000
4 10 60
0.978844449891 0.059040071198 -0.195902559734 0.847810385450
-0.060310459333 0.998179531734 -0.000520502473 0.233735560993
0.195515194838 0.012324464319 0.980623228446 -0.186203743825
0.000000000000 0.000000000000 0.000000000000 1.000000000000
4 11 60
0.983782184016 -0.127586305965 -0.126072792242 0.601872981440
0.133806265833 0.990111549483 0.042130782141 0.206258703592
0.119450816813 -0.058316842422 0.991125949742 -0.043429092129
0.000000000000 0.000000000000 0.000000000000 1.000000000000
4 12 60
0.977526594683 -0.076022163783 -0.196627534446 0.210504390130
0.088568589981 0.994505351292 0.055809597024 0.139327313027
0.191304368892 -0.071970388807 0.978888605295 0.176894158027
0.000000000000 0.000000000000 0.000000000000 1.000000000000
4 13 60
0.960459497652 -0.016943396820 -0.277903714753 -0.146013399381
0.033559199028 0.997914390094 0.055142091029 0.095307487704
0.276389821683 -0.062287971123 0.959024960636 0.157953160086
0.000000000000 0.000000000000 0.000000000000 1.000000000000
4 14 60
0.982994563582 -0.113917369053 -0.144029583753 -0.364351950952
0.129354658253 0.986257614830 0.102777865222 -0.002251454385
0.130342089735 -0.119660980356 0.984221616011 0.407578318994
0.000000000000 0.000000000000 0.000000000000 1.000000000000
4 15 60
0.948020571370 -0.306100460153 0.086945411341 -0.220829538763
0.277032658200 0.928368811542 0.247758463120 -0.106156482610
-0.156556387763 -0.210793401346 0.964912555312 0.529858918664
0.000000000000 0.000000000000 0.000000000000 1.000000000000
4 17 60
0.469393692695 -0.452871202398 0.758008730357 -0.306989491450
0.387742522389 0.876977731328 0.283841144102 -0.141019630872
-0.793300256895 0.160678974334 0.587245238054 0.456049013709
0.000000000000 0.000000000000 0.000000000000 1.000000000000
4 19 60
0.895316530424 -0.314191701820 0.315740217355 0.170529393120
0.317513691487 0.947308966863 0.042317573404 0.278993253595
-0.312399369505 0.062364218967 0.947901544532 -0.191360018543
0.000000000000 0.000000000000 0.000000000000 1.000000000000
4 23 60
0.823623976919 0.175367380181 -0.539342031194 1.706073518415
-0.158348365535 0.984279612494 0.078226846801 0.017403419734
0.544581802649 0.020974422440 0.838445426862 0.262221070310
0.000000000000 0.000000000000 0.000000000000 1.000000000000
4 29 60
0.949918745825 -0.312420729055 0.006903939909 -0.026062821669
0.312145038916 0.949665528834 0.026473723294 -0.046090401010
-0.014827373677 -0.022992855437 0.999625668732 0.224540902024
0.000000000000 0.000000000000 0.000000000000 1.000000000000
4 30 60
0.525229705969 -0.789612350332 -0.317247682688 1.060811385256
0.711035861481 0.612043756407 -0.346165341897 0.692355932993
0.467505892643 -0.043758158621 0.882906259973 0.912317126430
0.000000000000 0.000000000000 0.000000000000 1.000000000000
4 45 60
0.969250336287 -0.245459223869 -0.017422830581 0.254565163251
0.237328145212 0.951156354553 -0.197425785253 -0.004989907117
0.065031816041 0.187220080683 0.980162998838 0.815569453409
0.000000000000 0.000000000000 0.000000000000 1.000000000000
4 46 60
0.974699376518 0.159040516248 -0.157058077181 -0.662936645410
-0.212205855159 0.879141442425 -0.426707158654 0.968073832888
0.070212537719 0.449239845073 0.890647944558 0.970565554372
0.000000000000 0.000000000000 0.000000000000 1.000000000000
4 47 60
0.547133889629 0.697423530746 -0.462865990953 -0.063386605414
-0.832135588223 0.513000313021 -0.210668084087 0.428674370623
0.090525519226 0.500430911918 0.861030796642 1.155204226468
0.000000000000 0.000000000000 0.000000000000 1.000000000000
4 48 60
0.676163483865 0.735431302182 -0.044087899245 -0.609821718008
-0.711776388586 0.636622660131 -0.296792791789 0.504611094216
-0.190203353646 0.232061173787 0.953923632102 1.119954823119
0.000000000000 0.000000000000 0.000000000000 1.000000000000
4 51 60
0.455847943949 0.806314157988 -0.376908650240 -0.327029113230
-0.779170174276 0.566201073705 0.268905529236 0.112892007136
0.430228417839 0.171095946075 0.886357538311 1.461752921893
0.000000000000 0.000000000000 0.000000000000 1.000000000000
4 52 60
0.082193295608 0.763615249968 -0.640418622602 0.069196195530
0.987768002928 -0.147856433529 -0.049526229989 -0.615996758965
-0.132508997996 -0.628514299822 -0.766427518014 3.269500001623
0.000000000000 0.000000000000 0.000000000000 1.000000000000
5 7 60
0.994943598289 0.085130274888 -0.053292330795 0.213747765990
-0.083235038647 0.995849135095 0.036829722654 0.224253182006
0.056206445943 -0.032207707568 0.997899543546 -0.044618685074
0.000000000000 0.000000000000 0.000000000000 1.000000000000
5 8 60
0.999687392178 0.024808736276 -0.003105563217 0.135776214218
-0.024436212596 0.995767386156 0.088601265120 0.202939926255
0.005290503987 -0.088497679469 0.996062333037 0.022609829045
0.000000000000 0.000000000000 0.000000000000 1.000000000000
5 9 60
0.965529396342 0.259546284825 0.019715750859 0.607482226312
-0.260083470677 0.965022934358 0.032974603006 -0.173798655831
-0.010467716044 -0.036965689446 0.999261709826 0.033753615382
0.000000000000 0.000000000000 0.000000000000 1.000000000000
5 10 60
0.944992526353 0.214949847037 -0.246547537803 0.662190615075
-0.201424676703 0.976301886768 0.079137383761 -0.083325044428
0.257715394870 -0.025123478116 0.965894189906 0.011511791676
0.000000000000 0.000000000000 0.000000000000 1.000000000000
5 11 60
0.986752551568 0.009384251356 -0.161960914418 0.395185474936
0.007101094229 0.994870428052 0.100907907767 -0.047179136095
0.162077069425 -0.100721235177 0.981624294907 0.129304904935
0.000000000000 0.000000000000 0.000000000000 1.000000000000
5 15 60
0.981307812600 -0.161056887956 0.105335918722 -0.511027946641
0.128551500247 0.955917915205 0.263998960553 -0.196218706199
-0.143211342831 -0.245523152128 0.958753822967 0.687419866720
0.000000000000 0.000000000000 0.000000000000 1.000000000000
5 16 60
0.830454884483 -0.357131648428 0.427553120128 -0.459015982651
0.259649318694 0.927156156264 0.270117924621 -0.229659342309
-0.492876167146 -0.113306873541 0.862690347847 0.617887916894
0.000000000000 0.000000000000 0.000000000000 1.000000000000
5 18 60
0.806571093820 -0.187024967006 0.560771550929 -0.917497097711
0.183545071398 0.980979312661 0.063172738564 -0.124384803644
-0.561920169936 0.051973549510 0.825557068149 0.356776398399
0.000000000000 0.000000000000 0.000000000000 1.000000000000
5 19 60
0.956993460594 -0.147487364254 0.249821924109 -0.029635566102
0.144096519106 0.989048885288 0.031913879294 0.071536744312
-0.251792989500 0.005457095874 0.967765731230 -0.048198730242
0.000000000000 0.000000000000 0.000000000000 1.000000000000
5 26 60
0.549793360039 0.454199496451 -0.701020740550 1.946950723985
-0.267157317734 0.890776532074 0.367619555365 -0.711970671345
0.791425441112 -0.014831969839 0.611085741801 0.937535568526
0.000000000000 0.000000000000 0.000000000000 1.000000000000
5 28 60
0.968085721288 -0.007323355547 -0.250512284532 0.524806011148
0.044939301395 0.988444459899 0.144768811855 -0.142782104624
0.246557286300 -0.151406466703 0.957228074396 -0.054333035828
0.000000000000 0.000000000000 0.000000000000 1.000000000000
5 30 60
0.950533961728 -0.177463475114 -0.254935094881 -0.047032657688
0.194330855939 0.980020802396 0.042364434402 -0.400533511608
0.242323556494 -0.089810588865 0.966029684894 0.912895994869
0.000000000000 0.000000000000 0.000000000000 1.000000000000
5 33 60
0.821716044765 -0.145888841699 0.550907603545 -1.027039359638
-0.468528834757 -0.723268599751 0.507309830001 -1.454562785107
0.324443327527 -0.674980724526 -0.662674542096 3.630591668660
0.000000000000 0.000000000000 0.000000000000 1.000000000000
5 44 60
0.989319767750 -0.140183137788 -0.039938515487 -0.589851148644
0.144814225302 0.976461524667 0.159849088188 -0.880243715514
0.016590276971 -0.163925527980 0.986333201300 0.660649240000
0.000000000000 0.000000000000 0.000000000000 1.000000000000
5 45 60
0.992831819216 0.064784016212 -0.100439085992 -0.220657822367
-0.071388560565 0.995417750620 -0.063617412489 -0.357939672722
0.095857457571 0.070331593149 0.992907253893 0.947910583563
0.000000000000 0.000000000000 0.000000000000 1.000000000000
5 46 60
0.993757005939 0.013139661540 0.110789721736 -0.935927894898
-0.000319206322 0.993371155696 -0.114950620436 -0.400146483989
-0.111565726167 0.114197619616 0.987173739733 1.176346731453
0.000000000000 0.000000000000 0.000000000000 1.000000000000
5 47 60
0.974494918330 0.027028707936 0.222775903313 -0.957448337753
0.141652469351 -0.844042913705 -0.517229289339 0.410491536091
0.174052383138 0.535594070889 -0.826344213481 3.714711065279
0.000000000000 0.000000000000 0.000000000000 1.000000000000
5 48 60
0.810307906734 -0.178538870227 0.558144218014 -1.441748817086
0.143679564426 0.983915683556 0.106141935251 -0.691920633204
-0.568117310993 -0.005813731239 0.822927045053 1.598200016209
0.000000000000 0.000000000000 0.000000000000 1.000000000000
5 50 60
0.997115244937 0.031564524299 -0.069028031409 -0.457921164755
0.061307900568 -0.871096561942 0.487270069982 -1.005942417504
-0.044749632874 -0.490096378867 -0.870518816442 3.527936852473
0.000000000000 0.000000000000 0.000000000000 1.000000000000
5 51 60
-0.980825027682 -0.191145210665 -0.038023328535 1.048136661268
0.190002211995 -0.894426363341 -0.404846440022 0.169884644010
0.043375390600 -0.404308037270 0.913593775421 1.780455589274
0.000000000000 0.000000000000 0.000000000000 1.000000000000
5 52 60
0.176876841764 0.982512843975 -0.058164372872 1.333316979004
0.713822861709 -0.087370803551 0.694854851597 -1.285700584697
0.677621948396 -0.164422790729 -0.716794001747 3.227503316851
0.000000000000 0.000000000000 0.000000000000 1.000000000000
5 53 60
-0.708787831026 0.058270107342 -0.703010956657 1.438917096622
0.042034634703 0.998300411017 0.040365565119 -0.434505344801
0.704168232793 -0.000940187406 -0.710032545714 3.473686428652
0.000000000000 0.000000000000 0.000000000000 1.000000000000
6 8 60
0.998392110227 -0.053527467659 0.018654877161 0.646825994256
0.049979771668 0.986521873622 0.155809548135 0.053118583277
-0.026743534919 -0.154626657054 0.987610945802 -0.081233790321
0.000000000000 0.000000000000 0.000000000000 1.000000000000
6 9 60
0.953971505563 0.293706392078 0.060621133500 0.720001693647
-0.293523757135 0.955875229508 -0.012097504307 -0.310492962407
-0.061499354240 -0.006253068469 0.998087535521 -0.084625625659
0.000000000000 0.000000000000 0.000000000000 1.000000000000
6 10 60
0.941234906317 0.194590586791 -0.276064040871 0.423445592878
-0.186288300639 0.980883373199 0.056253686337 -0.251599902870
0.281733065461 -0.001520432147 0.959491619616 -0.009467334242
0.000000000000 0.000000000000 0.000000000000 1.000000000000
6 11 60
0.982440000336 -0.002117263871 -0.186566778750 0.080833134418
0.016277659322 0.997095564853 0.074400755091 -0.239639323999
0.185867381611 -0.076131148322 0.979621031169 0.105674511544
0.000000000000 0.000000000000 0.000000000000 1.000000000000
6 14 60
0.978611985769 0.143648097951 -0.147254219851 0.630128731635
-0.153169643672 0.986643371064 -0.055442930960 -0.158332235344
0.137323128300 0.076811993148 0.987543556580 0.710366143688
0.000000000000 0.000000000000 0.000000000000 1.000000000000
6 15 60
0.969804839145 -0.241539877276 0.033720344839 -0.764981821356
0.228189999294 0.947484039954 0.224060969949 -0.468653248219
-0.086069147741 -0.209600767456 0.973991591386 0.617476397719
0.000000000000 0.000000000000 0.000000000000 1.000000000000
6 16 60
0.819505169849 -0.343177942610 0.458955527581 -0.770655037594
0.268387839837 0.937444848519 0.221732098294 -0.377070617416
-0.506339060333 -0.058532518245 0.860345686506 0.605846010600
0.000000000000 0.000000000000 0.000000000000 1.000000000000
6 17 60
0.574174407507 -0.495967895647 0.651413537048 -0.630603832217
0.445634117484 0.856770800696 0.259526546636 -0.526386477874
-0.686828932921 0.141278595553 0.712956082337 0.401989770499
0.000000000000 0.000000000000 0.000000000000 1.000000000000
6 18 60
0.773747998767 -0.358446793008 0.522331246421 -0.470278690642
0.315342862331 0.933044399318 0.173167629994 -0.432251443003
-0.549429625686 0.030725323171 0.834974874433 0.269881465566
0.000000000000 0.000000000000 0.000000000000 1.000000000000
6 19 60
0.944700121782 -0.240081249876 0.223389062762 -0.331684983111
0.238362500108 0.970543809564 0.035043291208 -0.131330093367
-0.225222109141 0.020142174025 0.974099222040 -0.082216004137
0.000000000000 0.000000000000 0.000000000000 1.000000000000
6 20 60
0.962912766977 -0.134034667860 0.234165990279 -0.011188031567
0.096972339783 0.981812130225 0.163221647645 -0.240372200504
-0.251784369072 -0.134460584390 0.958397090322 -0.741184945399
0.000000000000 0.000000000000 0.000000000000 1.000000000000
6 24 60
0.986697594958 -0.159120029555 0.033296731056 1.522709004921
0.155069661873 0.982723460195 0.101034651237 -0.177647640759
-0.048798115447 -0.094527334556 0.994325563862 -0.114353228911
0.000000000000 0.000000000000 0.000000000000 1.000000000000
6 25 60
0.841756837375 0.169561892403 -0.512537014641 1.823957138418
-0.077757731457 0.977575082522 0.195705629021 -0.468504452803
0.534227631195 -0.124882835795 0.836065257855 0.437754991270
0.000000000000 0.000000000000 0.000000000000 1.000000000000
6 27 60
-0.936767758623 -0.267044872708 0.226170737195 -1.008910412677
-0.336313511716 0.508313572480 -0.792786562619 2.493183095311
0.096743931286 -0.818721166205 -0.565982564897 3.424563786294
0.000000000000 0.000000000000 0.000000000000 1.000000000000
6 30 60
-0.940964638316 -0.247844836544 0.230561242271 -0.808514915817
-0.338449774410 0.676549947146 -0.654012170543 0.494922806047
0.006107343235 -0.693435725943 -0.720492605336 3.595188880323
0.000000000000 0.000000000000 0.000000000000 1.000000000000
6 38 60
0.622924827229 -0.655409153202 0.427087229405 -1.365557300627
0.670641891522 0.728491319796 0.139785014637 -0.704026194820
-0.402745717491 0.199347031281 0.893340163746 0.208477119605
0.000000000000 0.000000000000 0.000000000000 1.000000000000
6 39 60
0.855650696048 -0.358670223942 0.373118689977 -0.838040237069
0.222049648832 0.905612481745 0.361330854425 -0.554550505367
-0.467499561290 -0.226322123011 0.854530547628 -0.120902836256
0.000000000000 0.000000000000 0.000000000000 1.000000000000
6 46 60
0.827065748171 -0.560759759716 -0.038868240061 0.388283032046
0.559991000867 0.827974455421 -0.029468290047 -0.394929678984
0.048706541143 0.002606348702 0.998809731529 1.104418845301
0.000000000000 0.000000000000 0.000000000000 1.000000000000
6 47 60
-0.836369824609 0.365704987877 -0.408344680783 1.350928164085
-0.361996257880 -0.927869121333 -0.089541068556 -0.238830143659
-0.411636035550 0.072929798566 0.908425571369 1.402810363695
0.000000000000 0.000000000000 0.000000000000 1.000000000000
6 48 60
-0.859104252343 0.408741174146 -0.308010610470 0.968993038641
0.403131870518 0.911205799509 0.084786118643 -0.752163924456
0.315316632256 -0.051328778472 -0.947597371210 3.792299489850
0.000000000000 0.000000000000 0.000000000000 1.000000000000
6 49 60
-0.763499181399 -0.266240706794 -0.588374783662 1.589774258840
-0.279145176330 0.957613662171 -0.071091803720 -0.261738537081
0.582363263380 0.109963448789 -0.805457056208 3.489518427765
0.000000000000 0.000000000000 0.000000000000 1.000000000000
6 50 60
-0.553847082065 -0.373327780786 -0.744230997595 1.590961716170
0.786205126821 0.059773807913 -0.615067955958 0.186417190866
0.274107475723 -0.925771818529 0.260406666142 2.258218605553
0.000000000000 0.000000000000 0.000000000000 1.000000000000
6 51 60
0.672995469134 -0.615450064749 0.410241777889 0.397735424184
0.719223928273 0.415092137725 -0.557149403839 -0.006719118584
0.172609500099 0.670014727450 0.722001541186 1.966372165112
0.000000000000 0.000000000000 0.000000000000 1.000000000000
6 52 60
0.919303680534 -0.269776596363 0.286533298260 0.398118100760
0.390225451651 0.719279061421 -0.574771022830 -0.005213540785
-0.051037631611 0.640201702479 0.766509582655 1.875466425567
0.000000000000 0.000000000000 0.000000000000 1.000000000000
6 53 60
0.783652563633 -0.173328987829 0.596528055912 -0.812034204074
0.047883882727 0.974281974855 0.220185756234 -0.785935451672
-0.619351106632 -0.143985052875 0.771798232223 1.552059192874
0.000000000000 0.000000000000 0.000000000000 1.000000000000
7 9 60
0.993436722109 0.100630710640 0.054377745824 0.369148606506
-0.100440466702 0.994923582532 -0.006227163887 -0.317459792165
-0.054728345611 0.000724567111 0.998501018121 0.058649183865
0.000000000000 0.000000000000 0.000000000000 1.000000000000
7 19 60
0.928473110965 -0.223075720494 0.296942595699 -0.839489976943
0.233996028706 0.972236725268 -0.001268301524 -0.207712403934
-0.288415569559 0.070660972009 0.954894489601 0.097097022410
0.000000000000 0.000000000000 0.000000000000 1.000000000000
7 22 60
0.129309412155 -0.950002867159 -0.284207016658 0.938887841496
0.884207961564 -0.019265058255 0.466695980525 -1.312373847504
-0.448837784323 -0.311646289758 0.837508945292 -0.535219652175
0.000000000000 0.000000000000 0.000000000000 1.000000000000
7 25 60
0.890500024673 0.204478307395 -0.406445971641 1.457250766346
-0.130239091130 0.970499405149 0.202900674586 -0.613399324628
0.435944360211 -0.127747901785 0.890860813141 0.377011654736
0.000000000000 0.000000000000 0.000000000000 1.000000000000
7 36 60
-0.438323986768 0.391570172574 -0.809039481468 1.763880562652
0.192860211672 0.920124359361 0.340846156006 -1.152661579296
0.877882122712 -0.006630479672 -0.478830883884 3.708858974573
0.000000000000 0.000000000000 0.000000000000 1.000000000000
7 39 60
0.808837174356 -0.361949720721 0.463438048773 -1.190834470621
0.215603686887 0.915772042260 0.338934531753 -0.620722931361
-0.547080867497 -0.174223896996 0.818748165271 0.092507603724
0.000000000000 0.000000000000 0.000000000000 1.000000000000
7 44 60
0.948542368593 -0.313402032130 -0.045238713961 0.423950634145
0.305222055176 0.942965195532 -0.132876397640 -0.073341823172
0.084302265798 0.112231039698 0.990099652414 0.811240715403
0.000000000000 0.000000000000 0.000000000000 1.000000000000
7 46 60
0.935610875674 -0.334341131490 0.113350329132 -0.064849571467
0.351378906653 0.912966449264 -0.207424990004 -0.187981832041
-0.034134341653 0.233897991254 0.971661760289 1.284450365290
0.000000000000 0.000000000000 0.000000000000 1.000000000000
7 48 60
-0.826585003542 -0.207711301144 -0.523080536148 1.159732459970
-0.268280266950 0.962435019358 0.041767593630 -0.436015050909
0.494755424715 0.174856652403 -0.851259197205 3.727939393273
0.000000000000 0.000000000000 0.000000000000 1.000000000000
7 49 60
-0.803408346611 0.251034204044 -0.539923010249 0.755528318029
-0.595073155566 -0.369837314259 0.713518255202 -0.952227069302
-0.020566188752 0.894540211159 0.446514101120 0.851151364480
0.000000000000 0.000000000000 0.000000000000 1.000000000000
7 50 60
-0.252242310686 0.724907159104 -0.641001893429 1.615873376007
0.765806658066 0.554484433968 0.325710262272 -0.658132217527
0.591535272964 -0.408725608652 -0.695003163786 3.486343499896
0.000000000000 0.000000000000 0.000000000000 1.000000000000
7 51 60
-0.937460082958 -0.082725640326 -0.338119891892 1.226139145832
-0.119082247106 0.988959030839 0.088201211708 -0.724508007456
0.327090218878 0.122949191762 -0.936960770235 3.500555608825
0.000000000000 0.000000000000 0.000000000000 1.000000000000
7 52 60
-0.975525405547 -0.007859829680 -0.219746231388 1.122392101791
0.087990367313 0.901904993691 -0.422877142460 0.028544854999
0.201513965749 -0.431862947510 -0.879139645435 3.565006257672
0.000000000000 0.000000000000 0.000000000000 1.000000000000
7 53 60
0.720721863070 -0.133369107146 0.680273972273 -0.785155335974
0.085178720392 0.990920093629 0.104028619305 -0.693673184041
-0.687971352372 -0.017030833844 0.725537985921 1.675316726715
0.000000000000 0.000000000000 0.000000000000 1.000000000000
8 17 60
0.553864551091 -0.549315353043 0.625688981808 -1.043083168566
0.590500942348 0.788944417600 0.169927464004 -0.643779329430
-0.586977594233 0.275353134806 0.761339579308 0.336672199324
0.000000000000 0.000000000000 0.000000000000 1.000000000000
8 18 60
0.817657162920 -0.223575412840 0.530519366940 -1.314695918286
0.286756828723 0.957227099301 -0.038559065679 -0.391825506409
-0.499206655711 0.183658147488 0.846795370650 0.268886874351
0.000000000000 0.000000000000 0.000000000000 1.000000000000
8 19 60
0.996622579301 -0.073788741250 0.036036871271 -0.348937598713
0.077566407721 0.989967526556 -0.118100587462 -0.045089807629
-0.026960838627 0.120496962744 0.992347517330 -0.181596418552
0.000000000000 0.000000000000 0.000000000000 1.000000000000
8 21 60
0.814262994641 -0.551084520293 0.182432527394 -0.262132650819
0.471691498248 0.811297755653 0.345402782492 -0.648295308231
-0.338353226731 -0.195196831853 0.920551623102 -0.607612431636
0.000000000000 0.000000000000 0.000000000000 1.000000000000
8 22 60
0.743724818255 -0.402084174832 0.534042798904 -0.486065267498
0.371018490083 0.912824225065 0.170579055429 -0.271998989743
-0.556074342807 0.071275875893 0.828070694318 -0.375969662567
0.000000000000 0.000000000000 0.000000000000 1.000000000000
8 23 60
0.886408696434 -0.167416315804 0.431568534637 0.181605238723
0.156991809628 0.985778111660 0.059959038379 -0.215590753040
-0.435468936430 0.014604512183 0.900085281308 -0.367324055118
0.000000000000 0.000000000000 0.000000000000 1.000000000000
8 24 60
0.991671455317 -0.125414226396 -0.029308642524 0.781162055957
0.121842184335 0.987285035771 -0.102091822692 -0.179426771188
0.041739751148 0.097670517360 0.994343131525 0.025206645820
0.000000000000 0.000000000000 0.000000000000 1.000000000000
8 47 60
0.274033851123 -0.954083173017 -0.120957626491 1.253392624942
-0.960712803485 -0.277327843161 0.010962510143 -0.035609112931
-0.044004064130 0.113201441577 -0.992597136791 4.125150021416
0.000000000000 0.000000000000 0.000000000000 1.000000000000
8 48 60
0.672091810951 -0.705673999590 0.224314074357 0.253951550273
0.369902819131 0.582397150054 0.723868402410 -2.052990837659
-0.641454988328 -0.403531616991 0.652455157108 1.518880468119
0.000000000000 0.000000000000 0.000000000000 1.000000000000
8 50 60
-0.354207784419 0.648320463803 -0.673956542865 1.626218068776
0.580660711308 0.717397321598 0.384934047996 -0.887160760421
0.733055239256 -0.254993449284 -0.630561937499 3.405651785916
0.000000000000 0.000000000000 0.000000000000 1.000000000000
8 51 60
-0.845826146970 -0.497101617346 -0.193566813101 1.204361871857
-0.313006470803 0.756290756484 -0.574500862393 0.520802058709
0.431978099373 -0.425340185836 -0.795286519422 3.328014101550
0.000000000000 0.000000000000 0.000000000000 1.000000000000
8 52 60
0.823384847557 0.387869322748 -0.414240004449 0.730234728916
0.537073769035 -0.296871598862 0.789568882621 -1.817883424593
0.183273455332 -0.872596494527 -0.452754015234 2.944519020548
0.000000000000 0.000000000000 0.000000000000 1.000000000000
9 11 60
0.998292917553 -0.020712963342 -0.054609741931 0.088244985682
0.017322190552 0.997935170964 -0.061849302889 0.178103253086
0.055778064493 0.060797760674 0.996590407248 -0.011167023838
0.000000000000 0.000000000000 0.000000000000 1.000000000000
9 15 60
0.876241558343 -0.481040752352 -0.028293568368 -0.465983703368
0.473430312057 0.848463242742 0.236587965337 -0.276315989215
-0.089802400076 -0.220703240333 0.971198027514 0.595426905423
0.000000000000 0.000000000000 0.000000000000 1.000000000000
9 16 60
0.730906066891 -0.576992854195 0.364493576882 -1.474299692108
0.476023093788 0.813718463635 0.333563001726 -0.490456227995
-0.489058621806 -0.070295861518 0.869413685360 0.655976146119
0.000000000000 0.000000000000 0.000000000000 1.000000000000
9 17 60
0.481716316780 -0.596804743181 0.641695791373 -1.358214715959
0.512840344992 0.785757641183 0.345802992861 -0.489808215893
-0.710594237731 0.162508546975 0.684577827177 0.516684784690
0.000000000000 0.000000000000 0.000000000000 1.000000000000
9 18 60
0.745502146498 -0.470873041515 0.471704492603 -1.373358785434
0.429983219013 0.880537156372 0.199421031027 -0.381857932810
-0.509255319985 0.054156209465 0.858909846283 0.273071438518
0.000000000000 0.000000000000 0.000000000000 1.000000000000
9 19 60
0.856780613282 -0.482180257815 0.182836483445 -1.040881606042
0.477844231498 0.875645539892 0.070069814413 -0.085284888549
-0.193886232436 0.027332900356 0.980643177425 -0.043793208070
0.000000000000 0.000000000000 0.000000000000 1.000000000000
9 20 60
0.946555641411 -0.238890377141 0.216711341241 -0.848697085974
0.202525810618 0.963129100913 0.177103447198 -0.109622706974
-0.251029308541 -0.123748627004 0.960036751155 -0.692751033792
0.000000000000 0.000000000000 0.000000000000 1.000000000000
9 24 60
0.962893182277 -0.269365274520 0.016705340699 0.686602772038
0.266841934386 0.959484076544 0.090474797100 0.162365348130
-0.040399276952 -0.082659879868 0.995758626717 -0.032693931287
0.000000000000 0.000000000000 0.000000000000 1.000000000000
9 25 60
0.834199105854 0.010756971935 -0.551358449058 1.342172670088
0.043707752512 0.995374800697 0.085549041538 0.081039945901
0.549728554982 -0.095463572595 0.829870605664 0.524842541382
0.000000000000 0.000000000000 0.000000000000 1.000000000000
9 39 60
0.821327705241 -0.474977250808 0.315938936851 -1.576392787779
0.304853860021 0.833574376684 0.460671121914 -0.654361046615
-0.482166905369 -0.282046751002 0.829436378281 -0.029660278329
0.000000000000 0.000000000000 0.000000000000 1.000000000000
9 42 60
0.884957791899 0.444851064453 -0.137685282482 -0.235517644542
-0.461445929893 0.797980777911 -0.387678129213 1.176118788463
-0.062588819623 0.406613094404 0.911454020298 0.342268661870
0.000000000000 0.000000000000 0.000000000000 1.000000000000
9 44 60
0.992842327770 -0.075605635340 -0.092454854344 0.419842351263
0.039170671911 0.937433996440 -0.345952541227 1.137173942737
0.112826285275 0.339854807563 0.933685674693 0.899997843629
0.000000000000 0.000000000000 0.000000000000 1.000000000000
9 45 60
0.984117456806 -0.177395636686 -0.006604490486 0.089205829325
0.171526294614 0.959824549981 -0.222071077608 0.697795327579
0.045733592310 0.217411180345 0.975008111348 1.138460893560
0.000000000000 0.000000000000 0.000000000000 1.000000000000
9 46 60
0.898506072693 -0.416049127748 0.139964140530 -1.103225342291
0.435659574344 0.884235577202 -0.168309771829 -0.535963163274
-0.053736138828 0.212204069968 0.975746821708 1.086979563509
0.000000000000 0.000000000000 0.000000000000 1.000000000000
9 47 60
0.733916295048 -0.616986629312 0.284067546743 -1.734859586890
0.588251182073 0.786443319826 0.188328042230 -1.326361138382
-0.339598908496 0.028886051153 0.940126681569 1.303339987281
0.000000000000 0.000000000000 0.000000000000 1.000000000000
9 48 60
0.639496060000 -0.757967251578 -0.128570738429 -1.092062827334
0.687468145923 0.488932848752 0.536965751006 -1.637663398262
-0.344139997075 -0.431775769291 0.833748971493 1.350742774942
0.000000000000 0.000000000000 0.000000000000 1.000000000000
9 50 60
0.432214038677 0.875261523630 0.217044442506 -1.179495770341
0.756882274452 -0.482948455985 0.440329435175 -1.086408868707
0.490224690719 -0.026039472226 -0.871207035380 3.423091499327
0.000000000000 0.000000000000 0.000000000000 1.000000000000
9 51 60
0.785508404369 -0.370289582274 0.495844907129 0.311529185456
0.610635118282 0.333643763489 -0.718196763712 0.599249459627
0.100505218704 0.866929907400 0.488191803157 2.164001309751
0.000000000000 0.000000000000 0.000000000000 1.000000000000
9 53 60
0.672451699918 -0.726021654787 0.143879352437 -0.291009628149
0.641360180502 0.668613343933 0.376315446377 -1.252961824276
-0.369412818056 -0.160775474172 0.915251559278 1.042905964119
0.000000000000 0.000000000000 0.000000000000 1.000000000000
9 59 60
0.007449940477 -0.913206774222 0.407428381316 -1.303729124112
0.625678718059 0.322087165098 0.710482934240 -1.456241778780
-0.780045280836 0.249626211752 0.573773574027 0.954326258090
0.000000000000 0.000000000000 0.000000000000 1.000000000000
10 12 60
0.987704616382 -0.152536400324 -0.034237951954 -0.594319189217
0.153919353486 0.987180532980 0.042230651532 -0.145574688391
0.027357328089 -0.046981292901 0.998521073747 0.499954465648
0.000000000000 0.000000000000 0.000000000000 1.000000000000
10 15 60
0.874935264949 -0.419578029445 0.241748959368 -0.895818786744
0.350961302315 0.893417136092 0.280413953315 -0.445046047998
-0.333638196892 -0.160499526926 0.928937810314 0.941709835128
0.000000000000 0.000000000000 0.000000000000 1.000000000000
10 16 60
0.628353648790 -0.563903483642 0.535896028337 -0.809747703469
0.507710533368 0.819203640633 0.266712222217 -0.354735719592
-0.589407928653 0.104490460370 0.801049335142 0.749708641818
0.000000000000 0.000000000000 0.000000000000 1.000000000000
10 17 60
0.353692654171 -0.510702614773 0.783635339715 -0.767884817617
0.434196103294 0.831698177568 0.346051853505 -0.411574290604
-0.828477670350 0.217855412360 0.515910621170 0.700062603258
0.000000000000 0.000000000000 0.000000000000 1.000000000000
10 19 60
0.813882604811 -0.345666701658 0.467022094713 -0.608481298983
0.354865039411 0.932177468772 0.071526012871 0.007508860758
-0.460071635063 0.107516036379 0.881348054137 0.107767602225
0.000000000000 0.000000000000 0.000000000000 1.000000000000
10 25 60
0.950402038993 -0.054140611331 -0.306275625020 1.113975933275
0.091472384672 0.989838120887 0.108872849149 -0.096078139420
0.297268846533 -0.131488739610 0.945696539191 0.217356862123
0.000000000000 0.000000000000 0.000000000000 1.000000000000
10 28 60
0.997177722534 -0.054205923729 0.051945235734 -0.151381725006
0.051266050101 0.997094089605 0.056348634246 -0.132920671598
-0.054848717304 -0.053526575708 0.997058937026 -0.078979914899
0.000000000000 0.000000000000 0.000000000000 1.000000000000
10 29 60
0.999595494873 0.017403151467 -0.022493931378 0.597994970743
-0.019066724560 0.996926124453 -0.075991857450 -0.062868007248
0.021102290027 0.076390003948 0.996854683819 0.472206346153
0.000000000000 0.000000000000 0.000000000000 1.000000000000
10 30 60
0.972786485106 -0.231610193450 -0.006570592481 -0.058066844452
0.231566637285 0.970847314942 0.061906248198 -0.549024652634
-0.007959076053 -0.061743091597 0.998060340735 0.926552005307
0.000000000000 0.000000000000 0.000000000000 1.000000000000
10 44 60
-0.944026272355 -0.034086175624 0.328104449428 -0.176541470906
0.230557260247 -0.779538229062 0.582377454215 -1.509761226592
0.235918941270 0.625426480141 0.743763383805 1.254857505889
0.000000000000 0.000000000000 0.000000000000 1.000000000000
10 45 60
-0.989001684147 0.065971856354 0.132375915190 0.639221803200
0.022351092061 -0.818067954931 0.574687088596 -1.110753416285
0.146205668279 0.571325244746 0.807596042139 1.084584859273
0.000000000000 0.000000000000 0.000000000000 1.000000000000
10 47 60
-0.907111636054 0.154811489643 -0.391384570992 1.272313374969
-0.145897860273 0.756583684330 0.637412694393 -0.823102649714
0.394793989447 0.635306643504 -0.663719198619 3.402627268896
0.000000000000 0.000000000000 0.000000000000 1.000000000000
10 48 60
-0.903265457099 0.200106998204 -0.379563832949 1.521299919062
-0.198905675853 -0.979082300639 -0.042829670651 -0.235539685134
-0.380194747631 0.036810838685 0.924173639544 1.295432597856
0.000000000000 0.000000000000 0.000000000000 1.000000000000
10 49 60
0.220548249993 0.783567944082 -0.580843994919 1.719154004762
0.629445179618 0.340568833063 0.698435133568 -1.193368056161
0.745088743225 -0.519648099154 -0.418101205170 2.989425224486
0.000000000000 0.000000000000 0.000000000000 1.000000000000
10 51 60
-0.096841014280 0.650441274422 -0.753357794465 1.744071936463
0.844988198528 0.453703988444 0.283103576841 -0.419497324679
0.525943687388 -0.609162408064 -0.593552355145 3.035106094860
0.000000000000 0.000000000000 0.000000000000 1.000000000000
10 52 60
0.871957432039 -0.003241938251 0.489570961709 -0.715846356616
0.049443470602 0.995448621580 -0.081470147971 -0.219235515603
-0.487078617809 0.095244588465 0.868149116477 1.697123716904
0.000000000000 0.000000000000 0.000000000000 1.000000000000
10 53 60
0.800315167497 -0.450337651132 0.395842939367 -1.598621711153
-0.150635123448 0.488006618437 0.859743333761 -1.857902271050
-0.580348767775 -0.747693480201 0.322722430902 2.285216859376
0.000000000000 0.000000000000 0.000000000000 1.000000000000
11 13 60
0.984542123720 0.094357998132 -0.147558038781 -0.722163969453
-0.094736984442 0.995492285848 0.004473544091 0.006707719379
0.147315003986 0.009574811025 0.989043281457 0.269158312316
0.000000000000 0.000000000000 0.000000000000 1.000000000000
11 14 60
0.996545863666 0.074977342164 -0.035703498057 -0.914577670728
-0.073489742270 0.996440445148 0.041300085404 -0.097934793260
0.038672980132 -0.038533588408 0.998508669552 0.522503314195
0.000000000000 0.000000000000 0.000000000000 1.000000000000
11 15 60
0.945334181942 -0.222567711636 0.238341977396 -0.732777884393
0.187405182962 0.968917498373 0.161487395006 -0.253836281237
-0.266875592461 -0.107993032570 0.957661173415 0.646701924383
0.000000000000 0.000000000000 0.000000000000 1.000000000000
11 16 60
-0.703707739002 0.254524280952 -0.663334612751 0.923336193892
0.212994010927 -0.815115531108 -0.538720913140 0.792156150014
-0.677811898226 -0.520388375497 0.519390959944 1.018447657627
0.000000000000 0.000000000000 0.000000000000 1.000000000000
11 18 60
0.685563751364 -0.165191718089 0.709023299399 -0.716709051830
0.212965256586 0.976819539173 0.021665349696 -0.122318512964
-0.696166748920 0.136144350470 0.704852164310 0.316228391056
0.000000000000 0.000000000000 0.000000000000 1.000000000000
11 19 60
0.895023361915 -0.179190560857 0.408440845811 -0.385577995016
0.215540024304 0.975487252844 -0.044352197926 0.110321807878
-0.390481343408 0.127731603129 0.911706618388 -0.107308493968
0.000000000000 0.000000000000 0.000000000000 1.000000000000
11 25 60
0.896694955038 -0.037816390946 -0.441030699823 0.888476644556
0.146627900345 0.965469063953 0.215336354084 -0.255194918952
0.417658253181 -0.257758427846 0.871276176895 0.322521524443
0.000000000000 0.000000000000 0.000000000000 1.000000000000
11 30 60
0.768946593995 -0.605643150925 -0.204737659752 0.703747983972
0.559905012488 0.792549471446 -0.241602384716 0.102530029422
0.308589553571 0.071145688889 0.948530852624 0.774109563572
0.000000000000 0.000000000000 0.000000000000 1.000000000000
11 44 60
0.326254191079 0.875396393248 -0.356706262197 -0.254204244519
-0.918157753603 0.383212374196 0.100670828749 -0.129247273610
0.224821134019 0.294668340596 0.928776629093 0.689361660258
0.000000000000 0.000000000000 0.000000000000 1.000000000000
11 45 60
-0.910908083948 -0.412516877725 0.008734311088 -0.117230588696
-0.137950048121 0.284530571786 -0.948689695287 0.961393229444
0.388865332501 -0.865374011230 -0.316087921103 3.047233022079
0.000000000000 0.000000000000 0.000000000000 1.000000000000
11 47 60
0.555978635294 0.632012300523 -0.539859434560 -0.337084845192
-0.828068658200 0.364861890538 -0.425650206318 0.578476790800
-0.072042032194 0.683693098415 0.726204993633 1.451366207856
0.000000000000 0.000000000000 0.000000000000 1.000000000000
11 48 60
0.164012763901 0.985183424215 0.050134159305 -1.013586159392
-0.970547211114 0.170249997512 -0.170449550733 0.384118547944
-0.176459412545 -0.020701666575 0.984090197454 1.171517297292
0.000000000000 0.000000000000 0.000000000000 1.000000000000
11 50 60
0.507074875835 0.729412798756 -0.459164501359 -0.483248520658
-0.783217068075 0.167571959176 -0.598740897863 0.576188163082
-0.359786178963 0.663231940959 0.656260084051 1.858664112243
0.000000000000 0.000000000000 0.000000000000 1.000000000000
11 51 60
-0.033539799840 -0.825915933564 -0.562794769443 -0.700787691602
0.876163132414 -0.295220573312 0.381028842073 -0.052902822038
-0.480846386307 -0.480320397005 0.733538730399 1.653460726241
0.000000000000 0.000000000000 0.000000000000 1.000000000000
11 52 60
0.848883626653 -0.061177828823 0.525027486576 -0.983347013921
0.026918540760 0.996994169642 0.072649968085 -0.644377483715
-0.527893910330 -0.047538394586 0.847978844357 1.682653704213
0.000000000000 0.000000000000 0.000000000000 1.000000000000
12 14 60
0.997947927045 -0.063918584522 0.003788068156 -0.440963877305
0.063471781427 0.995303630069 0.073089102702 -0.166073417958
-0.008442029975 -0.072698683097 0.997318220833 0.300368901550
0.000000000000 0.000000000000 0.000000000000 1.000000000000
12 15 60
0.880791780727 -0.334951993720 0.334683433868 -0.376436799975
0.292206180544 0.940681883898 0.172433005419 -0.268470179657
-0.372587422029 -0.054081005998 0.926419914367 0.432840733709
0.000000000000 0.000000000000 0.000000000000 1.000000000000
12 28 60
0.219284784137 0.478780941486 -0.850107636430 1.418798509746
-0.328062488044 0.856764485177 0.397906547918 -0.856882128633
0.918852103106 0.191633574846 0.344945482081 1.049744317720
0.000000000000 0.000000000000 0.000000000000 1.000000000000
12 30 60
0.989714398385 -0.000942523827 0.143054259908 0.156710843220
-0.025531104464 0.982760705896 0.183110779727 -0.765081133550
-0.140760691721 -0.184879708449 0.972628357118 0.517262314476
0.000000000000 0.000000000000 0.000000000000 1.000000000000
12 31 60
0.750832285999 -0.212141596978 -0.625497259092 1.064522389690
0.092700097647 0.971488685400 -0.218211883350 -0.292443900497
0.653955327370 0.105856870212 0.749090617237 0.978339286827
0.000000000000 0.000000000000 0.000000000000 1.000000000000
12 40 60
0.926327778570 0.344188582189 -0.153137410652 -0.869866277283
-0.358417009262 0.930384923075 -0.076948959619 -0.144535583499
0.115991784717 0.126167011559 0.985204441257 -0.883395764762
0.000000000000 0.000000000000 0.000000000000 1.000000000000
12 42 60
0.093693585700 0.985400006609 -0.142156037415 0.153652632502
-0.942772413293 0.133706129985 0.305455148162 -0.428145713479
0.320002638635 0.105401602356 0.941535349038 -0.460009417863
0.000000000000 0.000000000000 0.000000000000 1.000000000000
12 44 60
0.439028346287 -0.886720695213 0.144846538922 -1.073571147708
0.897303515777 0.424497965943 -0.121028416022 -0.505779308398
0.045831340050 0.183106213963 0.982024237317 0.428164172204
0.000000000000 0.000000000000 0.000000000000 1.000000000000
12 45 60
0.494529046348 -0.816959031734 -0.296679899530 -0.421818501847
0.868960936807 0.472045691361 0.148592582493 -0.745464690130
0.018652415970 -0.331286591542 0.943345791130 0.673935650975
0.000000000000 0.000000000000 0.000000000000 1.000000000000
12 46 60
0.675371738563 -0.725048482292 0.134824749497 -0.909014336994
0.734654411743 0.677428745798 -0.037056573948 -0.355261764140
-0.064466348254 0.124076559804 0.990176296045 0.750093413391
0.000000000000 0.000000000000 0.000000000000 1.000000000000
12 47 60
0.584942033149 -0.803657198281 0.109443709307 -0.943977915113
0.744329348247 0.585500550551 0.321189860741 -0.908496488676
-0.322205895653 -0.106415285351 0.940669521059 1.004038100338
0.000000000000 0.000000000000 0.000000000000 1.000000000000
12 49 60
0.336390608914 0.835115255465 0.435228524254 -1.621332187187
0.927531129097 -0.213882647090 -0.306496684858 -0.236452701206
-0.162872228418 0.506790610965 -0.846543509719 3.048809220299
0.000000000000 0.000000000000 0.000000000000 1.000000000000
12 50 60
0.299150016555 -0.822780105350 -0.483262005371 -0.283509425320
0.605890292877 -0.227467480838 0.762335554830 -1.056151859964
-0.737160919062 -0.520856451818 0.430467578346 1.708566075978
0.000000000000 0.000000000000 0.000000000000 1.000000000000
12 51 60
0.513053781473 0.581279155266 -0.631577676118 -0.416792555190
-0.415172248988 0.812053847823 0.410122605946 -1.030967598809
0.751270804030 0.051798570357 0.657958271566 1.659480577745
0.000000000000 0.000000000000 0.000000000000 1.000000000000
12 52 60
0.966260819704 -0.100551010496 -0.237127650419 -0.778879657770
0.195872903625 0.884702949416 0.423006497491 -0.964321658608
0.167253800945 -0.455181486423 0.874549015486 1.361381647488
0.000000000000 0.000000000000 0.000000000000 1.000000000000
12 53 60
0.824946605882 -0.508137811591 0.247505680491 -1.159182543162
-0.249578507700 0.065409273127 0.966142947748 -2.037910977980
-0.507122929807 -0.858788443926 -0.072861118863 2.323119940159
0.000000000000 0.000000000000 0.000000000000 1.000000000000
13 17 60
0.989953328645 0.018719875069 0.140149824769 -0.174390329561
-0.006881926471 0.996401489161 -0.084479059451 0.442230324759
-0.141226931544 0.082665825315 0.986519799665 -0.834132310046
0.000000000000 0.000000000000 0.000000000000 1.000000000000
13 24 60
0.489949529199 -0.859481437823 -0.145743325319 0.562010717868
0.704865315370 0.488952419439 -0.513897284204 1.310670772773
0.512946728253 0.149054317488 0.845380662432 -0.146984672881
0.000000000000 0.000000000000 0.000000000000 1.000000000000
13 25 60
0.883723019996 0.126157006985 -0.450686180748 1.428143456425
-0.031752834080 0.976926727059 0.211201154083 -0.411493692690
0.466931880960 -0.172332758194 0.867338480063 0.063046162274
0.000000000000 0.000000000000 0.000000000000 1.000000000000
13 28 60
0.966196597903 -0.251769506652 0.055463949729 0.042816956027
0.250626569123 0.967712985518 0.026793665443 -0.079297929502
-0.060419012310 -0.011987208966 0.998101122017 -0.377007262865
0.000000000000 0.000000000000 0.000000000000 1.000000000000
13 29 60
0.581388516097 0.332069626069 -0.742776653371 1.249010526607
-0.191628786492 0.943125954462 0.271646539103 -0.743297190026
0.790737504825 -0.015594789552 0.611956698633 0.766587534748
0.000000000000 0.000000000000 0.000000000000 1.000000000000
13 31 60
0.909830026637 0.338946384476 -0.239425710985 0.796958407028
-0.229269254034 0.891470789867 0.390788229056 -0.907390764098
0.345897285021 -0.300657910696 0.888796877217 0.937687547914
0.000000000000 0.000000000000 0.000000000000 1.000000000000
13 35 60
0.841405089569 -0.519097091176 -0.150252072133 0.792301090754
0.311223592687 0.692764183928 -0.650551812558 2.093513425657
0.441788807692 0.500615616416 0.744450571897 0.275215904360
0.000000000000 0.000000000000 0.000000000000 1.000000000000
13 36 60
0.999639360811 0.026668890719 0.003149378477 -0.047087883440
-0.026831647247 0.987101277700 0.157832602047 -0.791652415088
0.001100464898 -0.157860184437 0.987460860565 0.706318157717
0.000000000000 0.000000000000 0.000000000000 1.000000000000
13 40 60
0.994032595951 0.073346711822 -0.080743161025 -0.439578667051
-0.096319766541 0.937612374189 -0.334074150964 0.422023980605
0.051202546430 0.339857757942 0.939082000470 -0.866543420559
0.000000000000 0.000000000000 0.000000000000 1.000000000000
13 43 60
0.944907163784 0.261621411596 0.196735072684 -0.880928740915
-0.326116339524 0.804272250771 0.496783936671 -0.927508643663
-0.028259244943 -0.533573222373 0.845281628477 0.290197114196
0.000000000000 0.000000000000 0.000000000000 1.000000000000
13 44 60
0.969890321569 0.113307423798 0.215578736984 -0.420869075716
-0.061456220342 0.970401304003 -0.233547515873 0.605973711192
-0.235660554842 0.213266820910 0.948146278794 0.432432849467
0.000000000000 0.000000000000 0.000000000000 1.000000000000
13 45 60
0.997419162991 0.003657424677 -0.071705205836 -0.084670432641
-0.020678036470 0.971019716080 -0.238103191478 0.484464277695
0.068756324124 0.238971408811 0.968589300820 0.512652149289
0.000000000000 0.000000000000 0.000000000000 1.000000000000
13 46 60
0.495721207600 -0.865589871088 -0.070814259901 -0.091479711337
0.867625033479 0.489962482487 0.084637858176 -0.300218084080
-0.038565342172 -0.103397005881 0.993892234379 0.678415255784
0.000000000000 0.000000000000 0.000000000000 1.000000000000
13 47 60
-0.592879997852 -0.760767136492 -0.264058084862 0.517556795777
-0.765201833656 0.634387625496 -0.109628893942 0.341251656412
0.250917241170 0.137060952324 -0.958256141870 3.594416441531
0.000000000000 0.000000000000 0.000000000000 1.000000000000
13 50 60
0.152924839917 -0.923988513036 -0.350512797362 0.134114333937
0.744267038059 -0.125655044355 0.655955323087 -0.898134184284
-0.650138884697 -0.361186984271 0.668478416255 1.419075869847
0.000000000000 0.000000000000 0.000000000000 1.000000000000
13 51 60
0.676698211020 -0.243599578435 -0.694794053364 0.474022877091
-0.516225569009 0.515879649818 -0.683651481974 1.169477654378
0.524967325749 0.821296190354 0.223342505145 2.017341852387
0.000000000000 0.000000000000 0.000000000000 1.000000000000
13 52 60
0.155740906781 -0.879251774445 -0.450178950075 0.137589203033
0.746793278869 -0.193500255969 0.636284095021 -1.358723347872
-0.646563661669 -0.435286076133 0.626483410263 1.841933042556
0.000000000000 0.000000000000 0.000000000000 1.000000000000
13 54 60
0.690522852295 0.573177230985 0.441187094483 -1.352705425002
-0.721927407231 0.583852078465 0.371399473829 -0.530807798918
-0.044710280107 -0.574964879233 0.816955554789 -0.215922067340
0.000000000000 0.000000000000 0.000000000000 1.000000000000
14 24 60
0.783309140266 0.378145559621 -0.493389021477 1.413290427906
-0.339271521417 0.925124852747 0.170407868321 -0.463783244497
0.520885424571 0.033910803139 0.852952772374 -0.291035592713
0.000000000000 0.000000000000 0.000000000000 1.000000000000
14 28 60
0.738840624470 0.347195672188 -0.577554929721 1.286856706281
-0.311944366112 0.935914962405 0.163566181092 -0.360854605050
0.597331770529 0.059315667066 0.799797729152 -0.165878346654
0.000000000000 0.000000000000 0.000000000000 1.000000000000
14 33 60
0.875387118463 -0.062361778486 0.479383355377 -0.773474438306
0.457380250121 0.427925793042 -0.779540135239 1.203381746655
-0.156526993287 0.901659871699 0.403123772729 1.164699114018
0.000000000000 0.000000000000 0.000000000000 1.000000000000
14 40 60
0.977972083554 0.100187278864 -0.183120487497 -0.198463888062
-0.162618993640 0.915698656716 -0.367492901969 0.616245244574
0.130865070568 0.389176668422 0.911820077680 -1.116679556057
0.000000000000 0.000000000000 0.000000000000 1.000000000000
14 43 60
0.382786922416 -0.912237011685 0.145937680322 -0.512923502823
0.434270696100 0.038250608785 -0.899969918073 1.495076789202
0.815403663553 0.407873173227 0.410799634890 0.362209730813
0.000000000000 0.000000000000 0.000000000000 1.000000000000
14 44 60
0.915697827013 0.386755671066 0.109167488295 -0.147684823965
-0.356785444257 0.907414287912 -0.222043817428 0.662635087043
-0.184936844271 0.164375670310 0.968906085563 0.042106388676
0.000000000000 0.000000000000 0.000000000000 1.000000000000
14 45 60
0.953056850927 0.214927969608 0.213280582291 -0.117492033274
-0.180582386382 0.968861658914 -0.169402147607 0.471415428540
-0.243048638405 0.122935160820 0.962192447280 0.298690352236
0.000000000000 0.000000000000 0.000000000000 1.000000000000
14 46 60
0.925581683433 0.375196161956 -0.050263180822 0.025832341123
-0.346652630595 0.786744212499 -0.510749936663 0.859343510515
-0.152087149342 0.490164650044 0.858258769167 0.757682039727
0.000000000000 0.000000000000 0.000000000000 1.000000000000
14 47 60
0.999473030656 0.031042167044 0.009489196816 -0.162576816583
0.024921622783 -0.921144165822 0.388422886156 -0.831136980308
0.020798406402 -0.387981713018 -0.921432372263 3.274175261555
0.000000000000 0.000000000000 0.000000000000 1.000000000000
14 48 60
0.907544262224 -0.222674716903 0.356060925345 -0.693728102591
-0.326172199439 -0.907803536234 0.263636939585 -0.657367433586
0.264528086256 -0.355399366984 -0.896502192707 3.039002338997
0.000000000000 0.000000000000 0.000000000000 1.000000000000
14 49 60
0.143021790081 -0.985807278744 -0.087913461639 -0.021542063775
0.988992515481 0.138947736915 0.050865811007 -0.219223797322
-0.037928510190 -0.094220674916 0.994828574445 0.676758552049
0.000000000000 0.000000000000 0.000000000000 1.000000000000
14 50 60
-0.586367516812 0.809426391909 -0.031655194027 0.220232794208
0.656348229544 0.497650569270 0.567054593915 -0.742179345693
0.474742179295 0.311725563575 -0.823071707818 2.770708442838
0.000000000000 0.000000000000 0.000000000000 1.000000000000
14 51 60
0.534795620376 0.839862285228 -0.092870804224 0.186581742330
-0.801606995384 0.469508762580 -0.370118557781 0.256655061686
-0.267244961373 0.272383670054 0.924330712953 1.145936043107
0.000000000000 0.000000000000 0.000000000000 1.000000000000
14 52 60
0.081555967910 0.350920118274 -0.932847090733 0.993271352724
0.923864753273 -0.377771504226 -0.061340103154 -0.834356411787
-0.373928524933 -0.856821895837 -0.355012249163 2.423328586280
0.000000000000 0.000000000000 0.000000000000 1.000000000000
15 19 60
0.974447501905 0.157056315125 0.160578267241 0.648142122862
-0.099622300420 0.942938924345 -0.317713050115 0.427811173309
-0.201314339504 0.293597511627 0.934490790686 -0.566707893710
0.000000000000 0.000000000000 0.000000000000 1.000000000000
15 24 60
0.296903801858 0.729954057638 -0.615642108842 1.203375218023
-0.953408188626 0.262716874844 -0.148299256681 -0.068051469852
0.053487926698 0.630988840955 0.773945814827 -0.421581026760
0.000000000000 0.000000000000 0.000000000000 1.000000000000
15 25 60
0.733759004516 0.311696519618 -0.603691148642 2.122513002089
-0.296080116134 0.946440250114 0.128792149580 -0.425069293486
0.611501666491 0.084238545934 0.786746197486 0.129058478874
0.000000000000 0.000000000000 0.000000000000 1.000000000000
15 28 60
0.893196258124 -0.249551555445 -0.374064788035 0.979552761928
0.174178393836 0.958936857236 -0.223834740277 0.616434983521
0.414562819840 0.134774348483 0.899985301768 -0.448642084179
0.000000000000 0.000000000000 0.000000000000 1.000000000000
15 29 60
0.975751950450 -0.022778802104 -0.217690737900 0.619334500012
-0.009266025045 0.989379468951 -0.145060012401 -0.026508450713
0.218683039975 0.143559717863 0.965177877614 -0.225950520429
0.000000000000 0.000000000000 0.000000000000 1.000000000000
15 30 60
0.941791343459 0.144366939975 -0.303623536684 0.824071107888
-0.168304560111 0.984251444609 -0.054061713173 -0.492276631858
0.291037180498 0.102016079260 0.951257104646 0.192333024524
0.000000000000 0.000000000000 0.000000000000 1.000000000000
15 31 60
0.837253477311 0.343752314663 -0.425253995742 0.572593306701
-0.351715683674 0.934015520746 0.062538666945 -0.529347122050
0.418691643801 0.097207783481 0.902910822973 0.538021238062
0.000000000000 0.000000000000 0.000000000000 1.000000000000
15 37 60
0.885153483036 0.129618418553 0.446880719031 -0.263156432641
0.026961041373 0.944514743490 -0.327360659789 -0.081020420553
-0.464517398725 0.301812797776 0.832545867433 -0.072075961788
0.000000000000 0.000000000000 0.000000000000 1.000000000000
15 38 60
0.910251494345 -0.196066559687 0.364691816764 -0.635550116180
0.173593244794 0.980342631492 0.093774784675 0.109011316666
-0.375909034747 -0.022050602061 0.926394175578 -0.466284176853
0.000000000000 0.000000000000 0.000000000000 1.000000000000
15 39 60
0.917260306214 -0.112522943609 0.382062976231 -0.146972993959
0.088012583187 0.992812786298 0.081095971318 0.094022846464
-0.388442165381 -0.040759766006 0.920571195308 -0.732370794114
0.000000000000 0.000000000000 0.000000000000 1.000000000000
15 45 60
0.160269277104 0.974101553016 -0.159498975634 0.168811305007
-0.984776178916 0.168812685544 0.041450628925 0.095711683935
0.067302572428 0.150427529433 0.986327492334 0.216272943241
0.000000000000 0.000000000000 0.000000000000 1.000000000000
15 46 60
0.956428910287 0.235329101195 0.172811902652 -0.365417825963
0.166856542704 -0.926274098259 0.337898193322 -0.911937243569
0.239588467427 -0.294340804212 -0.925181526649 3.112181968997
0.000000000000 0.000000000000 0.000000000000 1.000000000000
15 47 60
-0.782910318390 -0.602597370506 -0.154686270940 0.354994158590
0.609564096801 -0.792731119038 0.002997465400 -0.403802984945
-0.124430885430 -0.091944450442 0.987959094691 0.404373687177
0.000000000000 0.000000000000 0.000000000000 1.000000000000
15 50 60
-0.650609169030 -0.727362067523 -0.218293682690 0.703112856996
0.615448194088 -0.673417856751 0.409550864487 -0.944550468863
-0.444894627489 0.132109094827 0.885785503096 0.834840013280
0.000000000000 0.000000000000 0.000000000000 1.000000000000
15 52 60
0.946260390616 0.105874485822 0.305584466889 -0.397536976226
-0.071388086636 0.989967806454 -0.121932289698 -0.466850216218
-0.315428302850 0.093564605681 0.944325500198 0.893059834287
0.000000000000 0.000000000000 0.000000000000 1.000000000000
15 54 60
0.219055118216 0.277965516775 0.935280720782 -1.801592526726
-0.109232280413 -0.945549621414 0.306601080167 -0.950794191422
0.969578859144 -0.169325381819 -0.176764676824 2.334091320266
0.000000000000 0.000000000000 0.000000000000 1.000000000000
16 18 60
0.995304003522 0.063924477996 0.072688387547 0.330916286665
-0.049690625954 0.981844428117 -0.183063815836 0.051139086494
-0.083070947169 0.178592217325 0.980410137466 -0.182417328971
0.000000000000 0.000000000000 0.000000000000 1.000000000000
16 19 60
0.953614767778 0.199894340040 -0.225080269008 0.890804424761
-0.228399452837 0.967510663054 -0.108428809918 0.084619862258
0.196093254908 0.154807524676 0.968288214161 -0.231667573964
0.000000000000 0.000000000000 0.000000000000 1.000000000000
16 24 60
0.563154225869 0.285720564717 -0.775384470301 2.441634248218
-0.432479075874 0.901462806437 0.018073669882 -0.760003236215
0.704144279829 0.325159295592 0.631230754696 1.017230601792
0.000000000000 0.000000000000 0.000000000000 1.000000000000
16 27 60
0.361528586797 0.497440498464 -0.788574683475 3.191410992879
-0.732981855143 0.674354906840 0.089347969495 -0.716175811475
0.576224505692 0.545709089267 0.608413435856 0.945796544483
0.000000000000 0.000000000000 0.000000000000 1.000000000000
16 30 60
0.680068801502 0.125111501199 -0.722394308872 1.012828769590
-0.180397746653 0.983593606171 0.000520482060 -0.518235416101
0.710607541633 0.129964341904 0.691481157810 0.818600166315
0.000000000000 0.000000000000 0.000000000000 1.000000000000
16 35 60
0.441064331484 -0.892848832733 0.091012182594 -0.188904727552
0.860269157723 0.449495966404 0.240604140568 -0.499570140320
-0.255732735026 -0.027826930748 0.966346951235 -0.554389864677
0.000000000000 0.000000000000 0.000000000000 1.000000000000
16 36 60
0.875812677989 -0.312746059844 0.367616723130 -0.395591036119
0.334589429651 0.942352928198 0.004568619331 -0.580290134101
-0.347853513191 0.118999414992 0.929966167445 0.405503531403
0.000000000000 0.000000000000 0.000000000000 1.000000000000
16 37 60
0.956134235774 -0.185498849502 0.226710167424 -0.428193195107
0.177385431913 0.982556189823 0.055836747633 -0.241719333980
-0.233113130745 -0.013172345059 0.972360405200 -0.124659326347
0.000000000000 0.000000000000 0.000000000000 1.000000000000
16 38 60
0.999977746499 0.005860063676 -0.003188441533 -0.138132508259
-0.005306450138 0.988331858507 0.152223451037 0.012006210029
0.004043277461 -0.152203144227 0.988340960800 -0.558410089377
0.000000000000 0.000000000000 0.000000000000 1.000000000000
16 39 60
0.980673148010 0.186739061025 0.058384071971 0.186129833741
-0.189984663365 0.980184069829 0.056080450605 0.106545988809
-0.046754726590 -0.066088670296 0.996717755034 -0.650035879111
0.000000000000 0.000000000000 0.000000000000 1.000000000000
16 44 60
0.451863347462 -0.842713793658 -0.292665298932 0.767482302177
0.819040149295 0.521918986420 -0.238272544492 -0.120700493423
0.353543136072 -0.132038000567 0.926052491678 0.692683143789
0.000000000000 0.000000000000 0.000000000000 1.000000000000
16 45 60
0.149007562858 0.980778207877 0.125979574388 0.606429480820
0.783154806865 -0.194833909687 0.590515280175 -1.888833415262
0.603709611233 0.010670266520 -0.797132894013 4.011797487771
0.000000000000 0.000000000000 0.000000000000 1.000000000000
16 46 60
0.877766993255 0.250802987588 -0.408194765974 1.309989291998
-0.399786486212 0.852956574868 -0.335612644027 -0.046795001685
0.263999755669 0.457780452626 0.848964773239 1.515861976388
0.000000000000 0.000000000000 0.000000000000 1.000000000000
16 47 60
-0.104483266562 -0.929157097167 0.354612937995 -0.136938949481
-0.943262063031 0.205585242240 0.260751584117 -1.099957994352
-0.315182371739 -0.307248754200 -0.897918858020 3.848224748782
0.000000000000 0.000000000000 0.000000000000 1.000000000000
16 48 60
0.791300858809 -0.568442687580 -0.225201824560 0.901801366245
0.555343811267 0.822287813694 -0.124241710943 -0.949044951342
0.255805008036 -0.026751866986 0.966358181772 1.172132311296
0.000000000000 0.000000000000 0.000000000000 1.000000000000
16 49 60
0.997377518270 -0.012095900276 0.071356676258 0.519634758010
0.025006219396 0.982809434058 -0.182921582429 -0.245199105354
-0.067917413391 0.184226234623 0.980534507009 1.575783763874
0.000000000000 0.000000000000 0.000000000000 1.000000000000
16 50 60
0.983557602288 0.166185323836 0.070688620884 0.604647977601
-0.127738272191 0.916875261163 -0.378183406939 -0.090951173650
-0.127661179686 0.362935522660 0.923027859598 1.802075256802
0.000000000000 0.000000000000 0.000000000000 1.000000000000
16 51 60
0.871766940523 0.272478579951 0.407158230765 -0.115140292667
0.460402183606 -0.171520705447 -0.870982477972 -0.322671580075
-0.167488001790 0.946750268588 -0.274975813819 2.781935962686
0.000000000000 0.000000000000 0.000000000000 1.000000000000
16 52 60
0.628359892665 0.600392586041 0.494664116262 -0.035645585052
-0.010647742921 -0.629180745314 0.777186087946 -1.915456974916
0.777849902527 -0.493619623144 -0.388959119684 2.667887369889
0.000000000000 0.000000000000 0.000000000000 1.000000000000
16 53 60
0.959942612180 0.225298190575 0.166586033762 -0.567352577641
-0.201126687895 0.967986678023 -0.150166063364 -0.328887162286
-0.195085203789 0.110645905906 0.974525139116 0.710432794133
0.000000000000 0.000000000000 0.000000000000 1.000000000000
16 54 60
0.853766189231 -0.112674795601 0.508318487332 -0.630917226401
0.222177165825 0.961792994287 -0.159973570085 -0.379365031958
-0.470872170672 0.249516786160 0.846180106308 0.569706809957
0.000000000000 0.000000000000 0.000000000000 1.000000000000
16 58 60
0.665064902421 -0.406799354886 0.626261096055 -0.556402537858
0.417125026485 0.897952934901 0.140311221873 0.017967790092
-0.619431503758 0.167913107196 0.766883172709 0.099696317111
0.000000000000 0.000000000000 0.000000000000 1.000000000000
16 59 60
0.866076433985 -0.191943458476 0.461594323237 -0.451256923072
0.203419424051 0.978764069551 0.025326548806 0.163379803824
-0.456653203662 0.071962524303 0.886729522843 0.091795107197
0.000000000000 0.000000000000 0.000000000000 1.000000000000
17 19 60
0.779193892326 0.251851626937 -0.573957869683 0.637852324351
-0.284098725875 0.958164946209 0.034754133728 0.218403305816
0.558699196453 0.135980490749 0.818147000250 -0.159654048334
0.000000000000 0.000000000000 0.000000000000 1.000000000000
17 23 60
0.939847369935 0.143435870591 -0.310021083564 1.792638780770
-0.136514642287 0.989659164878 0.044028284248 -0.405988846164
0.313130441937 0.000942550171 0.949709659808 0.620687232464
0.000000000000 0.000000000000 0.000000000000 1.000000000000
17 24 60
0.616318493145 0.429093999129 -0.660325567367 1.760887177647
-0.414592034561 0.889697898212 0.191183406168 -0.782746633870
0.669525921742 0.155935851644 0.726236222098 1.178697995469
0.000000000000 0.000000000000 0.000000000000 1.000000000000
17 27 60
0.034307557064 0.493568841493 -0.869029798244 2.414497817859
-0.417900581509 0.796958539018 0.436137812006 -1.231779654177
0.907844752974 0.348205235161 0.233604406430 2.205784790234
0.000000000000 0.000000000000 0.000000000000 1.000000000000
17 35 60
0.590770565942 -0.666896705821 0.454135356675 -0.972979924254
0.575254050466 0.742818170621 0.342496631832 -0.485559476895
-0.565749870383 0.058906274367 0.822470142316 0.454849510050
0.000000000000 0.000000000000 0.000000000000 1.000000000000
17 36 60
0.983372741821 -0.158280242618 0.089024802396 -0.816364290841
0.148052899253 0.982652275661 0.111690841886 -0.316463777346
-0.105158878217 -0.096653349322 0.989747311386 0.251536543003
0.000000000000 0.000000000000 0.000000000000 1.000000000000
17 41 60
0.500021986883 -0.805806150808 0.317260870506 -1.188390587859
0.749972280090 0.219732124020 -0.623906541695 0.946429660068
0.433035323882 0.549903847044 0.714203169467 0.592741517024
0.000000000000 0.000000000000 0.000000000000 1.000000000000
17 42 60
0.980909451379 0.050012085623 0.187924025841 -0.545631747820
0.008552359560 0.954334634804 -0.298617249934 0.488022423261
-0.194276878044 0.294523676644 0.935688141719 0.890341498787
0.000000000000 0.000000000000 0.000000000000 1.000000000000
17 43 60
0.974865141672 0.095945848712 0.201077969130 -0.547710518078
-0.058232043887 0.980877101922 -0.185712519742 0.233625386834
-0.215051120944 0.169335480745 0.961810017801 1.271016007532
0.000000000000 0.000000000000 0.000000000000 1.000000000000
17 44 60
0.968311154017 -0.023139137997 -0.248672654908 0.095839266056
-0.019268068252 0.985809494659 -0.166758453420 0.236763342153
0.249002511137 0.166265512160 0.954124482924 1.399450679857
0.000000000000 0.000000000000 0.000000000000 1.000000000000
17 45 60
0.782469368783 0.201021995148 -0.589348661136 0.559171331909
-0.356756558665 0.920445210695 -0.159704013594 0.131883829477
0.510359133127 0.335217498909 0.791936098217 1.686175862918
0.000000000000 0.000000000000 0.000000000000 1.000000000000
17 46 60
0.683955529067 0.029900362846 -0.728910695874 0.494785396267
-0.338829302761 0.897873602575 -0.281100866931 0.282546870352
0.646064654542 0.439236795021 0.624236733980 1.688551109400
0.000000000000 0.000000000000 0.000000000000 1.000000000000
17 47 60
0.902472470375 0.177613084815 -0.392424556211 0.137140146730
-0.228003976295 0.969911024221 -0.085362707823 0.127431828788
0.365455369380 0.166511853020 0.915814487653 1.689861193122
0.000000000000 0.000000000000 0.000000000000 1.000000000000
17 48 60
0.880376401721 0.414129849878 -0.231157649088 -0.116750086514
-0.468440477407 0.835491646580 -0.287258120204 0.409967122751
0.074168122659 0.361178869726 0.929542314069 1.717729392580
0.000000000000 0.000000000000 0.000000000000 1.000000000000
17 50 60
0.962493803932 0.014733176833 -0.270903323885 -0.212940579177
-0.036477371609 0.996485461206 -0.075406411974 0.184892567189
0.268840247641 0.082460045517 0.959648509685 1.819698084333
0.000000000000 0.000000000000 0.000000000000 1.000000000000
17 51 60
0.280612210129 -0.835405981489 0.472603040214 -0.983601458572
-0.358990842826 -0.547999370196 -0.755527805598 0.934895220050
0.890158616367 0.042350163614 -0.453678411817 3.297099461355
0.000000000000 0.000000000000 0.000000000000 1.000000000000
17 53 60
0.973609262217 0.149986075027 -0.172015062782 -1.018481616437
-0.153346866612 0.988152073596 -0.006341762170 -0.194914559249
0.169025864962 0.032552369274 0.985073905972 0.462992923635
0.000000000000 0.000000000000 0.000000000000 1.000000000000
17 54 60
0.978323489856 -0.032694716424 0.204485218818 -0.908623288510
0.046493542026 0.996927210356 -0.063043538926 -0.148465282080
-0.201795688128 0.071184217130 0.976837400740 0.412845297840
0.000000000000 0.000000000000 0.000000000000 1.000000000000
17 55 60
0.843641722925 -0.334911340519 0.419646324101 -0.688553587520
0.360766984913 0.932464294180 0.018908270056 0.002607930197
-0.397637807479 0.135442733548 0.907490738240 0.225832668044
0.000000000000 0.000000000000 0.000000000000 1.000000000000
17 57 60
0.645404088243 -0.660261238958 0.384068560559 -0.817822930033
0.644766348329 0.740508598765 0.189534617465 -0.098620614267
-0.409548432962 0.125308066324 0.903641505007 0.012659660170
0.000000000000 0.000000000000 0.000000000000 1.000000000000
17 58 60
0.890185832246 -0.211797128804 0.403374714501 -0.684260012049
0.147960668050 0.971779292385 0.183718936428 0.202249787154
-0.430902337867 -0.103860402092 0.896401802819 -0.043680352060
0.000000000000 0.000000000000 0.000000000000 1.000000000000
17 59 60
0.973170307740 -0.083436716483 0.214424500643 -0.547308374767
0.047957531542 0.985020500854 0.165634199566 0.187883778685
-0.225032502768 -0.150907015210 0.962594122909 0.030167760132
0.000000000000 0.000000000000 0.000000000000 1.000000000000
18 20 60
0.951269772160 0.137003664509 -0.276253174615 0.936991363448
-0.107569006815 0.987038483685 0.119096349638 -0.040648406843
0.288989150917 -0.083576477763 0.953677221610 -0.584000571922
0.000000000000 0.000000000000 0.000000000000 1.000000000000
18 22 60
0.977975612319 0.036959768774 0.205420732161 0.892655830171
-0.058489202622 0.993292746247 0.099742335193 -0.189465607609
-0.200356469538 -0.109560466161 0.973577829128 -0.110474992573
0.000000000000 0.000000000000 0.000000000000 1.000000000000
18 29 60
0.668855384369 0.030510178223 -0.742766183819 1.222155378546
0.064158840777 0.993060120968 0.098565913447 -0.208336740510
0.740618739940 -0.113581359247 0.662256111245 1.015426241809
0.000000000000 0.000000000000 0.000000000000 1.000000000000
18 36 60
0.884857697585 -0.353962194718 0.302882187881 -0.824277713321
0.303044395897 0.931138958797 0.202840660434 -0.554626839710
-0.353823330407 -0.087698370115 0.931191734682 0.601051539215
0.000000000000 0.000000000000 0.000000000000 1.000000000000
18 37 60
0.970229506983 -0.188976334903 0.151468308987 -0.746965380563
0.144473750084 0.953565980392 0.264271179994 -0.328327764474
-0.194376025574 -0.234520502056 0.952479970811 0.066765676266
0.000000000000 0.000000000000 0.000000000000 1.000000000000
18 39 60
0.991905765973 0.122372370328 -0.033881475909 -0.119330370562
-0.109406828144 0.959097353152 0.261079323449 -0.064369474224
0.064444529519 -0.255259221494 0.964722567611 -0.493725837862
0.000000000000 0.000000000000 0.000000000000 1.000000000000
18 41 60
0.982700441155 -0.006586518966 0.185085009445 -0.506810223910
0.089289342065 0.892401346377 -0.442320302923 1.057052304013
-0.162256760559 0.451194475534 0.877551302717 0.768203322011
0.000000000000 0.000000000000 0.000000000000 1.000000000000
18 43 60
0.989526950388 0.037431449277 0.139410548595 -0.157273390625
-0.090557817019 0.913072455362 0.397615358152 -0.898939915980
-0.112408612798 -0.406075827730 0.906899512572 1.222679091444
0.000000000000 0.000000000000 0.000000000000 1.000000000000
18 45 60
-0.575030597823 0.601898124972 0.554128557938 0.006394947775
0.815565472042 0.368115727586 0.446479307377 -1.277491327783
0.064751620668 0.708667381964 -0.702565135316 4.528744185836
0.000000000000 0.000000000000 0.000000000000 1.000000000000
18 46 60
0.103446983774 0.646740052491 0.755662640371 -1.881878380379
0.969626481439 0.103721962605 -0.221509008768 -0.420488345078
-0.221637560084 0.755624945974 -0.616366557319 3.355504893731
0.000000000000 0.000000000000 0.000000000000 1.000000000000
18 47 60
0.892046986969 -0.269531352891 -0.362774065841 -0.498000304061
0.262902277836 0.962383542915 -0.068558796925 -0.378492107182
0.367606536050 -0.034216460024 0.929351746390 0.820403991654
0.000000000000 0.000000000000 0.000000000000 1.000000000000
18 48 60
0.984019593372 -0.046272872182 -0.171942610077 -0.802702737039
0.055049204586 0.997394352096 0.046627153899 -0.461270342383
0.169337015843 -0.055347336939 0.984002869588 0.785235350152
0.000000000000 0.000000000000 0.000000000000 1.000000000000
18 49 60
0.972186171867 0.172705982596 0.158198264234 -0.163102330441
-0.161044596617 0.983376238628 -0.083879742505 0.256461627098
-0.170054947390 0.056069750114 0.983838146237 1.801162057510
0.000000000000 0.000000000000 0.000000000000 1.000000000000
18 50 60
0.959854942828 -0.241945036952 -0.141919300388 -0.763704867856
0.258462260049 0.959462106100 0.112382058566 -0.377734106689
0.108975909534 -0.144551257524 0.983478106056 1.065627891055
0.000000000000 0.000000000000 0.000000000000 1.000000000000
18 51 60
0.568268205163 -0.816769144685 -0.099796850108 -1.091095528763
0.817963750109 0.547539362715 0.176453817715 -0.293695625053
-0.089479330062 -0.181903300050 0.979236763465 0.971774430244
0.000000000000 0.000000000000 0.000000000000 1.000000000000
18 52 60
0.873236640749 -0.216651686343 -0.436485756995 -0.656636561291
0.318711992116 0.931507805831 0.175259446985 -0.366767793197
0.368619635038 -0.292156215887 0.882476237744 1.110772053202
0.000000000000 0.000000000000 0.000000000000 1.000000000000
18 53 60
0.989138309418 0.058860285876 0.134688052881 -1.150856305358
-0.044817083152 0.993459658963 -0.105020641162 -0.200812646109
-0.139988692043 0.097843613787 0.985306953868 0.864599771275
0.000000000000 0.000000000000 0.000000000000 1.000000000000
18 54 60
0.886920653447 0.137752712432 0.440903554881 -1.081966344607
-0.086883876849 0.987211098098 -0.133661661432 0.150854216805
-0.453677138980 0.080239877933 0.887546401917 0.669781237509
0.000000000000 0.000000000000 0.000000000000 1.000000000000
19 21 60
0.855252193031 -0.070723672068 0.513363271501 -0.175586395975
0.019105409136 0.994273127740 0.105147186343 -0.131474207394
-0.517859700747 -0.080119346374 0.851705477661 -0.334318199875
0.000000000000 0.000000000000 0.000000000000 1.000000000000
19 30 60
0.937752250046 0.139054276210 -0.318252456080 0.013829111122
-0.030053619009 0.945401308280 0.324519870404 -0.888481631309
0.346002164036 -0.294754600592 0.890731288275 1.056532862184
0.000000000000 0.000000000000 0.000000000000 1.000000000000
19 36 60
0.836646922099 -0.202399684428 0.508975731725 -1.340073210121
0.189159239125 0.978819567450 0.078300936330 -0.497113234411
-0.514043490374 0.030767224768 0.857212148704 0.983732670908
0.000000000000 0.000000000000 0.000000000000 1.000000000000
19 39 60
0.964734706416 -0.061888353407 0.255845222643 -0.631379464673
-0.005297096462 0.967205746994 0.253938937053 -0.238892937871
-0.263170832362 -0.246338942709 0.932769123791 -0.176243992500
0.000000000000 0.000000000000 0.000000000000 1.000000000000
19 48 60
0.880648954183 -0.350965475515 0.318246216778 -1.319918926608
0.368922105707 0.929451140209 0.004130119248 -0.540011577585
-0.297243838317 0.113770879231 0.947999096846 1.291943667970
0.000000000000 0.000000000000 0.000000000000 1.000000000000
19 51 60
0.228066954509 -0.964907518544 0.130149701952 0.872457417678
0.897990129730 0.156795618701 -0.411131196655 -0.316396914759
0.376296679719 0.210638587665 0.902237326993 2.109366689901
0.000000000000 0.000000000000 0.000000000000 1.000000000000
19 52 60
0.771313219551 0.630270984251 -0.088512167277 0.427823797113
0.247151779703 -0.168453230075 0.954221938056 -1.820500198848
0.586508239614 -0.757879934877 -0.285702798686 2.851120369173
0.000000000000 0.000000000000 0.000000000000 1.000000000000
19 53 60
0.941917541786 0.233706106637 0.241190381643 -0.745416715986
-0.220183307465 0.972008545512 -0.081967667807 -0.260166775587
-0.253595456565 0.024100688208 0.967010083318 1.272373844271
0.000000000000 0.000000000000 0.000000000000 1.000000000000
20 30 60
0.737298539703 0.132939429346 -0.662357887760 0.624826890955
-0.078754309019 0.990676003149 0.111170210021 -0.896218818898
0.670960969180 -0.029802095733 0.740893523340 2.010196271570
0.000000000000 0.000000000000 0.000000000000 1.000000000000
20 39 60
0.971863549743 -0.072083301970 0.224243702828 -0.812434912374
0.033734056440 0.984803638301 0.170363750329 -0.196577508699
-0.233116396071 -0.158005669414 0.959526421896 0.399241179942
0.000000000000 0.000000000000 0.000000000000 1.000000000000
20 45 60
0.986331427069 -0.164272702057 -0.012837263503 -0.270252404586
0.147169916998 0.843241092714 0.516996590985 -0.730370460881
-0.074103518852 -0.511819244380 0.855891190266 0.581786414008
0.000000000000 0.000000000000 0.000000000000 1.000000000000
20 46 60
0.995145311817 0.098164709135 -0.007035499207 -0.563246956878
-0.024836617783 0.319667809537 0.947204114203 -1.206019015245
0.095231038983 -0.942430995578 0.320554001360 1.010258201404
0.000000000000 0.000000000000 0.000000000000 1.000000000000
20 47 60
0.969385576197 0.207334058974 0.131545401474 -0.303050698354
-0.240485331068 0.693496370444 0.679138858940 -0.594784879917
0.049582357760 -0.689982153515 0.722126178468 0.588300966829
0.000000000000 0.000000000000 0.000000000000 1.000000000000
20 50 60
0.805378863232 0.584245860675 0.100108246128 0.320928293254
-0.559153476377 0.692746892901 0.455465840906 -0.133079778466
0.196754355769 -0.422798435026 0.884606809168 0.718191101254
0.000000000000 0.000000000000 0.000000000000 1.000000000000
20 51 60
0.938155174672 -0.340691457763 -0.061597068456 -0.915618784611
0.341031280398 0.940037373521 -0.005234708649 -0.713875362718
0.059686966968 -0.016095558117 0.998087370415 2.050513737555
0.000000000000 0.000000000000 0.000000000000 1.000000000000
20 53 60
0.861785195280 0.214997443574 0.459458786457 -1.553203211543
-0.118477040389 0.965998606584 -0.229804009924 -0.290437822001
-0.493243822158 0.143606376368 0.857955558622 2.014398963515
0.000000000000 0.000000000000 0.000000000000 1.000000000000
21 44 60
-0.424108073009 -0.772919904901 -0.471939787490 1.578194769807
0.653043954382 -0.622066781728 0.431933458666 -0.771121369873
-0.627428032569 -0.125010958231 0.768574215199 1.114517609016
0.000000000000 0.000000000000 0.000000000000 1.000000000000
21 46 60
-0.689168620520 0.630742505434 0.356665816037 -0.454497247715
0.334386275826 0.713517087403 -0.615694067312 1.163703691174
-0.642831572832 -0.305052877092 -0.702645224240 2.948998949622
0.000000000000 0.000000000000 0.000000000000 1.000000000000
21 47 60
0.958935906960 0.127545841784 0.253325846663 -0.429419765589
-0.274185032665 0.645380159811 0.712956532465 -0.745684884203
-0.072556834315 -0.753137774624 0.653849369678 0.794281736961
0.000000000000 0.000000000000 0.000000000000 1.000000000000
21 48 60
0.989059178838 -0.105392855008 -0.103219605057 0.211471239811
0.136433930692 0.919630005303 0.368329249318 -0.158970293310
0.056104574777 -0.378382081316 0.923947659356 0.551048692688
0.000000000000 0.000000000000 0.000000000000 1.000000000000
21 49 60
0.411668182817 -0.821078870765 0.395422299876 -0.458748148398
0.122360068488 -0.380166756449 -0.916788553010 1.205732405079
0.903082123007 0.425796577340 -0.056035290935 1.983193192191
0.000000000000 0.000000000000 0.000000000000 1.000000000000
21 50 60
0.859284170715 0.510390663635 0.033646462418 -0.135525212351
-0.484966961164 0.792037927889 0.370786956841 -0.141147506882
0.162596926595 -0.334928785353 0.928108263191 0.608919310888
0.000000000000 0.000000000000 0.000000000000 1.000000000000
21 52 60
0.960561419047 0.275184662438 -0.039939476672 -0.453575409121
-0.221630469089 0.844408536644 0.487702940748 -0.112012415960
0.167933604170 -0.459616823888 0.872095568036 0.610743278081
0.000000000000 0.000000000000 0.000000000000 1.000000000000
22 27 60
0.967869578536 -0.020238168483 -0.250636979476 1.139008667049
0.018348528306 0.999782894140 -0.009874011028 0.050020158721
0.250782396618 0.004957935180 0.968030788986 0.095109251494
0.000000000000 0.000000000000 0.000000000000 1.000000000000
22 32 60
0.130279441708 -0.789070778209 0.600328721655 -1.316706925102
-0.581400158580 -0.551259923913 -0.598403168350 1.117032332056
0.803119619155 -0.271071583282 -0.530583710705 4.504759426229
0.000000000000 0.000000000000 0.000000000000 1.000000000000
22 42 60
-0.640829474804 0.739472555249 -0.206198749406 0.409876023394
-0.679345555834 -0.671342758425 -0.296291269664 0.525837541606
-0.357529299486 -0.049791974700 0.932573621364 0.854196459901
0.000000000000 0.000000000000 0.000000000000 1.000000000000
22 44 60
0.842929176038 0.414311667986 0.343243712186 -1.473557719647
-0.532738782239 0.731936700772 0.424803549845 -1.103281451716
-0.075231602956 -0.540938543490 0.837690693564 1.557469772770
0.000000000000 0.000000000000 0.000000000000 1.000000000000
22 47 60
0.849042195952 0.241915683250 0.469685162306 -1.461969803334
-0.061754986412 0.928356442383 -0.366525084462 0.068969375455
-0.524703412554 0.282189861768 0.803153292199 2.035667535614
0.000000000000 0.000000000000 0.000000000000 1.000000000000
22 49 60
-0.080966260241 -0.957150658464 -0.278041510757 -0.217616846368
0.914885873355 -0.182062593610 0.360329086729 -1.341433799653
-0.395510181207 -0.225201751790 0.890424543435 2.035284018377
0.000000000000 0.000000000000 0.000000000000 1.000000000000
22 52 60
-0.521018882176 0.036064788060 -0.852782888828 0.485297255456
0.803200970935 -0.317339465900 -0.504146668808 -0.374522487748
-0.288803609231 -0.947625978140 0.136372581006 3.077862613016
0.000000000000 0.000000000000 0.000000000000 1.000000000000
22 53 60
0.302513969396 -0.545378894378 0.781695055560 -1.330976183650
0.240748771176 0.837250503349 0.490970084444 -1.284162454709
-0.922239300560 0.039666814961 0.384579271794 2.497094526517
0.000000000000 0.000000000000 0.000000000000 1.000000000000
23 27 60
0.893732149032 0.095259951750 -0.438370148824 0.327701301307
-0.093316552047 0.995296102582 0.026032466258 -0.017873284279
0.438787952093 0.017641138795 0.898417454929 0.209546165914
0.000000000000 0.000000000000 0.000000000000 1.000000000000
23 28 60
0.991576406944 -0.108814543815 -0.070253998080 0.159880818146
0.109794213013 0.993901739918 0.010225564894 -0.000327934138
0.068712880749 -0.017852911327 0.997476723326 0.032196277949
0.000000000000 0.000000000000 0.000000000000 1.000000000000
23 30 60
0.583179385637 0.512632683697 0.630166276289 -0.874845732773
-0.782792463751 0.561959378497 0.267278161497 -0.688176443206
-0.217112327752 -0.649160526006 0.729008126577 0.941528190798
0.000000000000 0.000000000000 0.000000000000 1.000000000000
23 43 60
0.853589164308 -0.112770620573 0.508594460952 -2.141298062138
0.138975685788 0.990201165950 -0.013689766698 -0.073281549494
-0.502067024745 0.082367700515 0.860897360071 1.527376804692
0.000000000000 0.000000000000 0.000000000000 1.000000000000
23 46 60
0.787147519154 -0.545996925367 0.286855609286 -1.490750285662
0.553532552171 0.830525037887 0.061885984931 -0.350078008960
-0.272030323265 0.110070518004 0.955972794744 1.715966971030
0.000000000000 0.000000000000 0.000000000000 1.000000000000
23 47 60
0.950484589126 -0.166479338511 0.262418893532 -1.350748270310
0.209390980019 0.967032100078 -0.144928723532 0.125741053799
-0.229639855688 0.192700667532 0.954008380158 1.670319051954
0.000000000000 0.000000000000 0.000000000000 1.000000000000
23 48 60
0.778573981145 0.584100403727 0.229454296645 -1.434240972235
-0.359381517257 0.714735520203 -0.599998384343 0.607015665088
-0.514458434606 0.384681497509 0.766389368753 1.920982552158
0.000000000000 0.000000000000 0.000000000000 1.000000000000
23 49 60
0.901681459330 0.431292670236 -0.030938301516 -0.970277203631
-0.314376013135 0.604759737192 -0.731733136216 0.621647476412
-0.296880899125 0.669516461987 0.680888712539 2.186553926563
0.000000000000 0.000000000000 0.000000000000 1.000000000000
23 50 60
-0.714618143690 0.624542277104 0.315068013004 -1.314097154090
-0.051858795920 0.401869568395 -0.914227277696 1.016768881719
-0.697589832204 -0.669662447885 -0.254795274480 3.224434621437
0.000000000000 0.000000000000 0.000000000000 1.000000000000
23 51 60
-0.667350847785 -0.230204618490 -0.708271614274 -0.240667711592
0.509387121239 -0.834870521072 -0.208604826792 0.106774041741
-0.543293297103 -0.499997046661 0.674414817936 2.424933157266
0.000000000000 0.000000000000 0.000000000000 1.000000000000
23 52 60
-0.741723233452 0.534888252053 -0.404649481369 -0.002719706393
-0.619905161397 -0.777049613258 0.109139770059 -0.161402735678
-0.256055142167 0.331795805204 0.907935739918 2.180605158126
0.000000000000 0.000000000000 0.000000000000 1.000000000000
23 53 60
0.759051062964 0.613067319789 0.219066075008 -1.270701735599
-0.410487775640 0.711863271000 -0.569868817756 0.761811393305
-0.505313041453 0.342635586020 0.791997212957 2.117410591579
0.000000000000 0.000000000000 0.000000000000 1.000000000000
23 54 60
0.793626808192 -0.095694108694 0.600832028840 -2.777659023630
0.241237071597 0.956099590511 -0.166367810329 0.107328588702
-0.558534837415 0.276976913457 0.781871232880 0.934188631079
0.000000000000 0.000000000000 0.000000000000 1.000000000000
23 56 60
-0.885528288826 -0.435412690176 -0.162035301470 -1.382872192104
0.377475236207 -0.877633943302 0.295416837053 -1.356783337132
-0.270835920329 0.200435652510 0.941527192099 -0.056292602993
0.000000000000 0.000000000000 0.000000000000 1.000000000000
24 26 60
0.993701273331 -0.057575198435 -0.096139876772 0.214792810035
0.057782154871 0.998329015286 -0.000632310853 0.051174940624
0.096015633931 -0.004926841149 0.995367632725 0.025538778756
0.000000000000 0.000000000000 0.000000000000 1.000000000000
24 27 60
0.908128283261 0.418526687939 -0.011765739433 0.073915206478
-0.387842816702 0.830298432081 -0.400228014032 1.433235144230
-0.157737030130 0.368021636818 0.916340059236 -0.028732193740
0.000000000000 0.000000000000 0.000000000000 1.000000000000
24 28 60
0.995315413767 -0.001847603970 -0.096663402982 0.139687335560
0.003541132867 0.999843185132 0.017351239806 0.055564354173
0.096616186503 -0.017612254380 0.995165876123 -0.043398583702
0.000000000000 0.000000000000 0.000000000000 1.000000000000
24 31 60
0.726686794403 -0.633179776674 0.266476402806 -0.163568680156
-0.496326648690 -0.752102373817 -0.433591832371 0.861170815441
0.474959114704 0.182826118786 -0.860806859667 3.729330822483
0.000000000000 0.000000000000 0.000000000000 1.000000000000
24 43 60
0.216245035504 -0.570880352758 0.792044006009 -1.473509071404
0.432411380577 0.783336684950 0.446546790335 -0.939248394036
-0.875361915191 0.245925315585 0.416247830729 2.080140615082
0.000000000000 0.000000000000 0.000000000000 1.000000000000
24 44 60
0.644093492264 0.193837939604 0.739980017564 -1.125474649177
-0.321147110839 0.946502084952 0.031596461549 0.137506336671
-0.694268036441 -0.257993519982 0.671886327606 1.517594109674
0.000000000000 0.000000000000 0.000000000000 1.000000000000
24 45 60
0.988551133004 0.147741505880 -0.030644818117 -0.379011173616
-0.150432322383 0.980778048041 -0.124276051045 0.396003105032
0.011695033970 0.127463202225 0.991774348458 1.158006270370
0.000000000000 0.000000000000 0.000000000000 1.000000000000
24 46 60
0.446170340988 -0.333388086195 0.830532606708 -0.956178429280
0.514475448802 0.854900191226 0.066788289551 0.029407350842
-0.732288904328 0.397489681659 0.552951095101 1.833399282754
0.000000000000 0.000000000000 0.000000000000 1.000000000000
24 47 60
-0.157043131770 -0.360326379160 0.919512020175 -0.830281376798
0.443135969688 0.806364976949 0.391670826485 -0.370361346901
-0.882591619682 0.468978063914 0.033039498103 2.499966829831
0.000000000000 0.000000000000 0.000000000000 1.000000000000
24 48 60
0.927184160346 -0.057951754596 -0.370096105011 0.261944213293
0.285217882269 -0.531290187487 0.797735229455 -1.339790288986
-0.242858585269 -0.845205496207 -0.476074969666 3.331657535051
0.000000000000 0.000000000000 0.000000000000 1.000000000000
24 49 60
0.813488767278 -0.088747399058 0.574769453496 -0.895793087311
0.196750919280 0.972011648141 -0.128383922824 -0.481785463265
-0.547288864562 0.217525297466 0.808181689775 1.454663070115
0.000000000000 0.000000000000 0.000000000000 1.000000000000
24 50 60
0.713596806555 0.108712455598 -0.692070227414 1.321465624084
0.393628008385 -0.879418949638 0.267729905000 -0.628912808586
-0.579514097059 -0.463469430508 -0.670342821469 3.136071388783
0.000000000000 0.000000000000 0.000000000000 1.000000000000
24 51 60
0.992192993300 0.072445369981 0.101512227906 -0.023117814484
-0.121374675747 0.747985885698 0.652522262366 -0.207111751518
-0.028657496982 -0.659749030438 0.750939388168 1.945674440104
0.000000000000 0.000000000000 0.000000000000 1.000000000000
24 52 60
0.910144609874 -0.084245641813 0.405634639735 -0.873377188490
0.138176223505 0.984771769002 -0.105507792293 -0.365116506387
-0.390568970063 0.152076411097 0.907925462145 1.603712571131
0.000000000000 0.000000000000 0.000000000000 1.000000000000
24 54 60
0.410340026611 -0.324420897939 0.852274687845 -2.418950021995
0.377902895692 0.911051410164 0.164847594659 -0.635637503542
-0.829946060890 0.254433506082 0.496440456646 1.493432213250
0.000000000000 0.000000000000 0.000000000000 1.000000000000
24 55 60
0.963129228733 0.268921899996 -0.007943579947 -0.270256595986
-0.267300908087 0.953138233049 -0.141695918204 0.742988750132
-0.030533805790 0.138594806548 0.989878359346 -0.339306505565
0.000000000000 0.000000000000 0.000000000000 1.000000000000
24 56 60
0.872678076346 -0.230019142372 0.430725166676 -1.230674044515
0.220847481882 0.972649338322 0.071969815961 0.656178912242
-0.435498983709 0.032318087895 0.899608901903 -0.461845251242
0.000000000000 0.000000000000 0.000000000000 1.000000000000
25 27 60
0.889346161560 0.396948255811 -0.226926171093 0.384993025044
-0.420650277239 0.904833567515 -0.065799387200 0.436338020558
0.179211464970 0.153974989222 0.971686653977 -0.337237669181
0.000000000000 0.000000000000 0.000000000000 1.000000000000
25 29 60
0.884581433198 -0.242004768929 0.398684561851 -1.426739395082
0.321426069517 0.935742255885 -0.145160987822 -0.088431582190
-0.337936339978 0.256554326345 0.905526867496 0.777814933563
0.000000000000 0.000000000000 0.000000000000 1.000000000000
25 30 60
-0.149308446122 0.890227961697 0.430350048367 -1.387738649310
-0.847293740756 -0.339542527485 0.408416685390 -1.214343879372
0.509706096482 -0.303652841649 0.804981146963 1.456195897012
0.000000000000 0.000000000000 0.000000000000 1.000000000000
25 31 60
0.984931135938 0.020575868234 0.171718639365 -0.610483089902
-0.030274152203 0.998079123059 0.054051270324 -0.567073504213
-0.170276637174 -0.058435415304 0.983662121397 1.122400950879
0.000000000000 0.000000000000 0.000000000000 1.000000000000
25 33 60
-0.746330044353 -0.311648398331 0.588104362094 -1.897045154857
0.654734402518 -0.184933762674 0.732886325144 -1.888115841401
-0.119642496862 0.932027241684 0.342068551176 2.559933100134
0.000000000000 0.000000000000 0.000000000000 1.000000000000
25 42 60
0.961824818304 0.199895458172 0.186908599847 -0.724341476293
-0.117684089778 0.918722855702 -0.376959904266 1.146864097333
-0.247069775382 0.340573222984 0.907174958802 0.159375687288
0.000000000000 0.000000000000 0.000000000000 1.000000000000
25 43 60
0.965824392097 0.252183481004 0.059889360827 -0.473939369475
-0.239104256656 0.956042936812 -0.169738202597 0.659899006192
-0.100061971199 0.149617495236 0.983667732031 0.307980406130
0.000000000000 0.000000000000 0.000000000000 1.000000000000
25 44 60
0.924668331853 0.131988376865 0.357165990040 -0.632515703403
0.003334397044 0.935158389905 -0.354214154978 0.753884171778
-0.380758923553 0.328721545024 0.864271246758 0.932376006892
0.000000000000 0.000000000000 0.000000000000 1.000000000000
25 45 60
0.867513390721 0.494163019845 -0.056775229973 -0.356177120389
-0.491172769625 0.833005904150 -0.254657562287 0.417915170599
-0.078548248230 0.248805292285 0.965363195503 1.037106432022
0.000000000000 0.000000000000 0.000000000000 1.000000000000
25 46 60
-0.717602107369 0.492038394418 -0.492894952214 0.444036137492
0.435129533521 0.869340420514 0.234327809526 -0.500511780590
0.543791784194 -0.046319020700 -0.837940954821 3.912693825647
0.000000000000 0.000000000000 0.000000000000 1.000000000000
25 47 60
-0.656060980830 0.346441834223 -0.670493881354 0.284601782913
0.065521078984 0.911206284000 0.406706400498 -0.521899514855
0.751858349452 0.222892717462 -0.620506131203 3.694763590111
0.000000000000 0.000000000000 0.000000000000 1.000000000000
25 49 60
0.297937211932 0.122147501501 0.946738298382 -2.026118122495
-0.149002563761 0.985573653466 -0.080267113972 0.140012714666
-0.942884751037 -0.117151873523 0.311839357347 2.493715915694
0.000000000000 0.000000000000 0.000000000000 1.000000000000
25 50 60
0.463817005539 -0.568503488858 0.679468592747 -1.375933492459
0.364547522100 0.821485977809 0.438481347829 -0.213076075594
-0.807452097343 0.044323486096 0.588265704488 2.111191532943
0.000000000000 0.000000000000 0.000000000000 1.000000000000
25 51 60
0.586185792496 -0.640440716199 0.496207522828 -1.343422688754
0.553619535356 0.763808238624 0.331816793851 -0.079096846491
-0.591516379103 0.080203887962 0.802294029399 2.071502739941
0.000000000000 0.000000000000 0.000000000000 1.000000000000
25 52 60
-0.712902401688 -0.658678162803 0.240651705819 -0.597748042658
0.683729452147 -0.576609531917 0.447253266026 -1.480067552070
-0.155833892126 0.483388586490 0.861423979534 1.864215477090
0.000000000000 0.000000000000 0.000000000000 1.000000000000
25 53 60
0.482947682744 0.386260130309 0.785852815397 -1.986888731230
-0.344016376806 0.908985984097 -0.235366125867 0.500050680234
-0.805241745206 -0.156676713172 0.571872485199 1.990967295677
0.000000000000 0.000000000000 0.000000000000 1.000000000000
26 30 60
0.890456083392 -0.386136567274 0.240803893168 -0.281455722174
0.324521807680 0.909777644995 0.258824714830 0.178493098783
-0.319019685742 -0.152325927144 0.935426775343 0.783945154738
0.000000000000 0.000000000000 0.000000000000 1.000000000000
26 31 60
0.992573965906 0.117020566296 -0.033213088819 0.105414908382
-0.104199173175 0.677051294088 -0.728521844204 0.631756916965
-0.062765074002 0.726572592545 0.684216934347 1.639740472379
0.000000000000 0.000000000000 0.000000000000 1.000000000000
26 32 60
0.941967226375 0.022425510402 -0.334954983421 0.127557396414
-0.052246850988 0.995401582864 -0.080286707445 0.238168778978
0.331614250293 0.093127790233 0.938807330441 1.035160524654
0.000000000000 0.000000000000 0.000000000000 1.000000000000
26 42 60
0.386747310642 0.446290802547 0.807001262250 -1.966260896290
-0.910792722978 0.321984512685 0.258423275582 -0.256525462805
-0.144509977105 -0.834955383929 0.531005059642 0.753707863755
0.000000000000 0.000000000000 0.000000000000 1.000000000000
26 43 60
0.736413506249 -0.010442553870 0.676451107533 -1.573192931138
-0.249098269638 0.925450994891 0.285465423684 -0.504873174308
-0.629003338526 -0.378723393949 0.678913389909 0.823575094224
0.000000000000 0.000000000000 0.000000000000 1.000000000000
26 44 60
0.885616605628 0.260748592237 0.384308989593 -0.839358958881
-0.105890710422 0.919084043778 -0.379567751420 0.756444131917
-0.452184017057 0.295456751689 0.841566944812 0.811158155218
0.000000000000 0.000000000000 0.000000000000 1.000000000000
26 45 60
0.660357109544 0.103498295077 0.743785312298 -1.107724315967
0.409410911362 0.780693865886 -0.472122646593 0.654706450438
-0.629532519837 0.616283368820 0.473163413403 1.821149719928
0.000000000000 0.000000000000 0.000000000000 1.000000000000
26 46 60
0.597298688650 -0.423843684192 -0.680875031050 0.988674044428
-0.725589044067 -0.647263373207 -0.233603649018 0.378674914632
-0.341694038090 0.633566616131 -0.694145897674 3.445682853328
0.000000000000 0.000000000000 0.000000000000 1.000000000000
26 47 60
0.236733815233 0.822970614283 0.516407270235 -0.415158612446
-0.895761476717 0.390714758963 -0.212022060071 0.501295855667
-0.376255867136 -0.412384947778 0.829680768302 0.998368045039
0.000000000000 0.000000000000 0.000000000000 1.000000000000
26 48 60
-0.580364582347 -0.807847583516 -0.102758130407 0.459420214042
0.754815088367 -0.580993805070 0.304467372381 -0.742499496400
-0.305665068225 0.099138692127 0.946963772163 0.927884371527
0.000000000000 0.000000000000 0.000000000000 1.000000000000
26 50 60
-0.945452322782 -0.170858226492 -0.277357840677 0.204277944984
0.118693466822 0.612211055972 -0.781734919189 1.329704879379
0.303367378402 -0.772013658808 -0.558536609664 2.808284246377
0.000000000000 0.000000000000 0.000000000000 1.000000000000
26 51 60
0.662238538566 0.746020846178 0.069950090098 0.364110717975
-0.748472889678 0.662991554451 0.015183285023 0.409144601620
-0.035049271826 -0.062410702554 0.997434936601 1.160739647408
0.000000000000 0.000000000000 0.000000000000 1.000000000000
27 29 60
0.997531110136 -0.024408646691 -0.065847568496 0.245164213469
0.026993356732 0.998888032752 0.038653029864 -0.697970624474
0.064830880007 -0.040335046696 0.997080759520 1.052473547049
0.000000000000 0.000000000000 0.000000000000 1.000000000000
27 30 60
0.985597590785 0.042865225073 -0.163584722754 0.136038476013
-0.044871147339 0.998955891210 -0.008585310261 -0.816327174746
0.163045911251 0.015801895306 0.986491931507 1.570386825474
0.000000000000 0.000000000000 0.000000000000 1.000000000000
27 44 60
-0.857573890716 -0.507205689614 -0.085495089822 0.198959043810
0.119130071580 -0.357554657254 0.926262755982 -2.015922854703
-0.500374907450 0.784153719304 0.367052988675 2.416774804672
0.000000000000 0.000000000000 0.000000000000 1.000000000000
27 46 60
-0.420774550534 0.418941650181 0.804634495511 -0.202153968921
0.687149203164 -0.431890922029 0.584205617964 -1.311726353819
0.592262399797 0.798722808747 -0.106146712499 2.468355432106
0.000000000000 0.000000000000 0.000000000000 1.000000000000
27 49 60
-0.451302488395 -0.642203198383 -0.619597543536 1.061516583702
-0.769771757619 0.631397558818 -0.093747340707 -0.061250187987
0.451417218481 0.434640281962 -0.779301174228 4.163101392059
0.000000000000 0.000000000000 0.000000000000 1.000000000000
27 50 60
0.545444409606 -0.437259247680 0.715048772006 -1.398019087912
0.503704184806 0.852891926600 0.137322451732 -1.145138685430
-0.669904836703 0.285271295190 0.685454446264 2.452796561459
0.000000000000 0.000000000000 0.000000000000 1.000000000000
27 51 60
0.151637836405 0.285983803074 0.946160256484 -1.927726977265
0.872053826291 0.411927180109 -0.264269034015 -0.701133523052
-0.465325789767 0.865175856498 -0.186929523379 3.441430499382
0.000000000000 0.000000000000 0.000000000000 1.000000000000
27 52 60
0.499062857025 0.546107923815 -0.672831628482 0.883183873577
0.697182568014 -0.714161482031 -0.062528748916 -0.204114734856
-0.514657878202 -0.437880706506 -0.737148394338 4.047747858382
0.000000000000 0.000000000000 0.000000000000 1.000000000000
27 53 60
0.799040232728 0.476347709881 -0.366916292598 -0.245670142231
0.583103101025 -0.464986939403 0.666166585592 -1.904530441501
0.146715643534 -0.746243931617 -0.649303099074 3.986319358586
0.000000000000 0.000000000000 0.000000000000 1.000000000000
27 57 60
0.959451760945 -0.161921977018 -0.230724059816 0.767341389805
-0.009124090141 0.800269775545 -0.599570710866 1.502822890923
0.281725166426 0.577364321471 0.766342854664 1.596664549176
0.000000000000 0.000000000000 0.000000000000 1.000000000000
28 30 60
0.991323850102 0.102907035824 -0.081775095211 0.131749898458
-0.100905761767 0.994494801987 0.028250948000 -0.599004241167
0.084232128438 -0.019754260265 0.996250328853 0.964745037746
0.000000000000 0.000000000000 0.000000000000 1.000000000000
28 31 60
0.858426743284 0.423330407940 -0.289646149857 0.525230721030
-0.343490661554 0.893802495795 0.288324927704 -0.832193347700
0.380943160904 -0.148015081067 0.912674007484 1.343076784146
0.000000000000 0.000000000000 0.000000000000 1.000000000000
28 42 60
0.678417634061 -0.722393632516 0.133779495794 -0.826524223810
0.257912419860 0.404684341373 0.877332187675 -2.111726270014
-0.687917653122 -0.560694233561 0.460859283269 1.430266374429
0.000000000000 0.000000000000 0.000000000000 1.000000000000
28 45 60
0.939514129883 0.316240739277 0.131548449518 -0.452903254820
-0.295362648077 0.942510827807 -0.156314572543 0.582049239796
-0.173418874033 0.108005251211 0.978907942475 1.014693109644
0.000000000000 0.000000000000 0.000000000000 1.000000000000
28 46 60
0.806108328554 -0.174625913664 0.565415911441 -0.874472001652
0.295016759757 0.946856575384 -0.128170734237 0.299528513475
-0.512985842004 0.270126666455 0.814786542583 1.434054505500
0.000000000000 0.000000000000 0.000000000000 1.000000000000
28 47 60
0.636273002050 0.763361129694 0.111518843851 -0.637977773267
0.721495504322 -0.639989602188 0.264305781878 -0.994706290861
0.273131660753 -0.087710288809 -0.957969728713 3.939052378139
0.000000000000 0.000000000000 0.000000000000 1.000000000000
28 51 60
0.952212637029 -0.126106292187 0.278187521204 -0.868395546364
0.135004152264 0.990759976683 -0.012982583527 -0.765085200931
-0.273979876550 0.049918650567 0.960439043131 1.882021429966
0.000000000000 0.000000000000 0.000000000000 1.000000000000
28 52 60
0.769742131882 -0.439572526994 -0.462896364122 -0.375215500748
0.598075028096 0.243094228184 0.763682824863 -1.552596878316
-0.223166554782 -0.864685601670 0.450017220883 2.159850879391
0.000000000000 0.000000000000 0.000000000000 1.000000000000
28 53 60
0.569216464907 0.392817546902 0.722279025672 -1.578187530711
-0.035858631134 0.889509409984 -0.455507593925 -0.067073992363
-0.821405365610 0.233382485195 0.520409301370 2.131712930016
0.000000000000 0.000000000000 0.000000000000 1.000000000000
29 31 60
0.979701132247 0.199166924601 -0.022764613296 -0.094419276695
-0.194205979402 0.971131182644 0.138521708264 -0.340582052524
0.049696368457 -0.131288850407 0.990097726854 0.820883436535
0.000000000000 0.000000000000 0.000000000000 1.000000000000
29 41 60
0.458336169410 0.031695738959 0.888213564376 -2.320387229725
0.397673775612 0.886432418900 -0.236839892994 -0.031669352536
-0.794848113793 0.461771531014 0.393679475137 1.126590208338
0.000000000000 0.000000000000 0.000000000000 1.000000000000
29 44 60
0.279296228888 -0.036084768113 0.959526709393 -1.459920997958
0.943882692268 0.193786836130 -0.267454903449 0.111284920812
-0.176292597023 0.980379799696 0.088183720616 2.008923973716
0.000000000000 0.000000000000 0.000000000000 1.000000000000
29 45 60
0.985777902198 0.163541401459 0.038679937266 -0.538032487590
-0.140467613318 0.928191975009 -0.344570032269 0.205998903824
-0.092253873342 0.334236245099 0.937963408304 0.684369788853
0.000000000000 0.000000000000 0.000000000000 1.000000000000
29 46 60
0.647125208317 0.759342041758 0.068034023693 0.018084148152
0.734827186263 -0.597470504313 -0.321026483027 0.145244710015
-0.203120582635 0.257737579904 -0.944623400523 3.605436737300
0.000000000000 0.000000000000 0.000000000000 1.000000000000
29 47 60
-0.869579184100 -0.424389426769 -0.252439412585 0.411935048406
0.475301366348 -0.580775784703 -0.660899462134 1.025251243301
0.133868045954 -0.694689212777 0.706743407415 0.877971149195
0.000000000000 0.000000000000 0.000000000000 1.000000000000
29 48 60
0.810112778944 0.539338614812 -0.229850264226 0.155441282508
0.531823062533 -0.511039702144 0.675279685013 -1.269689729441
0.246741799358 -0.669292373634 -0.700832507126 3.026637955943
0.000000000000 0.000000000000 0.000000000000 1.000000000000
29 49 60
-0.513964867971 -0.692062323466 -0.506843027900 0.682500949578
-0.588326407446 0.714383077117 -0.378852025769 0.777083443198
0.624269295090 0.103472506338 -0.774326344405 3.095234255606
0.000000000000 0.000000000000 0.000000000000 1.000000000000
29 50 60
0.254374982177 0.839383065801 0.480343041263 -0.075370196111
-0.819325683685 0.450922670221 -0.354082150828 0.343922416318
-0.513808128095 -0.303487749880 0.802431550462 1.135970349055
0.000000000000 0.000000000000 0.000000000000 1.000000000000
29 51 60
0.157588684206 -0.843104093672 0.514141316998 -0.178060482442
-0.865601329738 0.132653363201 0.482843062689 -0.188955333874
-0.475289537614 -0.521132010594 -0.708887355628 2.634076067431
0.000000000000 0.000000000000 0.000000000000 1.000000000000
29 52 60
-0.893536790112 -0.343059163156 -0.289659136386 1.007189588163
-0.274233278488 0.927811569506 -0.252906703076 0.767471158229
0.355511059866 -0.146547269049 -0.923112010672 2.885434543481
0.000000000000 0.000000000000 0.000000000000 1.000000000000
30 44 60
0.952461718731 0.304159765032 0.017421586822 -0.283603389726
-0.293089218824 0.930402445972 -0.220113603258 0.316870222486
-0.083158788840 0.204543701603 0.975318660733 -0.155587226186
0.000000000000 0.000000000000 0.000000000000 1.000000000000
30 45 60
0.976558975432 0.162939300099 0.140653304210 -0.514774862494
-0.138451137720 0.975815539810 -0.169160618137 0.077840184839
-0.164814592697 0.145721709939 0.975500555246 0.171038938099
0.000000000000 0.000000000000 0.000000000000 1.000000000000
30 46 60
0.828533331949 0.325771706174 0.455417734950 -0.739007708924
-0.072790463092 0.869095425680 -0.489259327498 0.526417105453
-0.555188316099 0.372217592972 0.743787602175 0.591914830030
0.000000000000 0.000000000000 0.000000000000 1.000000000000
30 47 60
0.832363477213 0.511943118687 0.212332957947 -0.582783436047
-0.402820081058 0.821948761989 -0.402661414791 0.653361924621
-0.380666552377 0.249628676022 0.890381098187 0.423691454295
0.000000000000 0.000000000000 0.000000000000 1.000000000000
30 48 60
0.751432367381 -0.156527171904 0.640974759026 -1.302684068984
0.075476837907 0.985468256564 0.152169518124 -0.427850018118
-0.655478942600 -0.065966353257 0.752326920990 0.864850254206
0.000000000000 0.000000000000 0.000000000000 1.000000000000
30 49 60
0.970568738882 -0.025878515269 0.239429792532 -0.834158304247
0.027347042195 -0.975935288459 -0.216338743693 0.229825908116
0.239266509123 0.216519318277 -0.946504581302 2.940508580180
0.000000000000 0.000000000000 0.000000000000 1.000000000000
30 50 60
0.499245899287 -0.142377747150 0.854682461013 -1.168505187555
0.384055263384 0.920577488142 -0.070983399418 -0.185358307279
-0.776694976624 0.363683468751 0.514275459112 1.153285512965
0.000000000000 0.000000000000 0.000000000000 1.000000000000
30 51 60
0.982034411406 0.073849639063 0.173650930386 -0.040507578222
-0.107232168875 0.975614107574 0.191515991661 -0.129640144564
-0.155272910619 -0.206696260039 0.966005682858 0.584046173967
0.000000000000 0.000000000000 0.000000000000 1.000000000000
30 52 60
0.726778781528 -0.211639397551 0.653453416951 -1.307567070710
0.220655957890 0.972860087775 0.069672073763 -0.254459346413
-0.650464104290 0.093552204778 0.753753563183 1.153684792572
0.000000000000 0.000000000000 0.000000000000 1.000000000000
31 40 60
-0.016049969446 -0.627744295116 -0.778254134862 1.995103260936
-0.070546362280 0.777125582187 -0.625379117239 1.779709360282
0.997379370776 0.044865682420 -0.056757918312 1.547704278338
0.000000000000 0.000000000000 0.000000000000 1.000000000000
31 44 60
-0.056378902601 0.196169312282 -0.978947914988 1.628594131805
0.989027299516 0.145076786179 -0.027887755822 -0.091416461030
0.136551895463 -0.969778493796 -0.202196075172 1.907210963814
0.000000000000 0.000000000000 0.000000000000 1.000000000000
31 45 60
0.836725458999 -0.092780164538 0.539705797014 -1.601328245327
0.268718991562 0.928293762317 -0.257022945310 0.744395238619
-0.477158893699 0.360086839402 0.801658816613 0.500940133790
0.000000000000 0.000000000000 0.000000000000 1.000000000000
31 46 60
0.592869343774 0.487585540273 0.640910510235 -1.274050656557
-0.490476862488 0.849852286014 -0.192830338175 0.875014521913
-0.638700546874 -0.200028580141 0.743000793101 0.459332065460
0.000000000000 0.000000000000 0.000000000000 1.000000000000
31 47 60
0.613892644572 -0.266286956976 0.743119827138 -1.504698090998
0.604246339647 0.764281857994 -0.225298918247 0.500493869006
-0.507958838847 0.587336784210 0.630089930051 0.726012894829
0.000000000000 0.000000000000 0.000000000000 1.000000000000
31 48 60
0.494368514803 -0.066500238233 0.866704961269 -1.775183362124
-0.289861652703 0.927389371952 0.236493499027 0.293888378622
-0.819499843725 -0.368139472354 0.439196237495 1.028719705508
0.000000000000 0.000000000000 0.000000000000 1.000000000000
31 49 60
0.130916472345 0.234059623470 0.963367515504 -1.634530450392
-0.561676510026 0.818242206436 -0.122471179020 0.619187005390
-0.816933519544 -0.525067409260 0.238587175639 1.194509704099
0.000000000000 0.000000000000 0.000000000000 1.000000000000
31 50 60
0.210965154823 0.130396071193 0.968757228653 -1.529758660244
-0.110013445530 0.987933071950 -0.109019664052 0.687057536362
-0.971283040752 -0.083576970301 0.222764774554 1.424634336375
0.000000000000 0.000000000000 0.000000000000 1.000000000000
31 51 60
0.712151654748 -0.474126329472 0.517729895159 -0.543392057494
0.444187498283 0.875406194605 0.190686813429 -0.484221176096
-0.543633596285 0.094171217195 0.834022958223 0.644448843462
0.000000000000 0.000000000000 0.000000000000 1.000000000000
31 52 60
0.726642086328 -0.470902939059 -0.500241641970 -0.065736778301
-0.681516592021 -0.402129246605 -0.611414101756 1.289096186160
0.086754902894 0.785202197532 -0.613132200927 2.262947379260
0.000000000000 0.000000000000 0.000000000000 1.000000000000
32 36 60
0.687902048631 0.676848934325 -0.262042537751 -0.031218673657
-0.682199176868 0.726217806890 0.084923377440 -0.057563285223
0.247780254598 0.120346238241 0.961312502974 -0.500635725807
0.000000000000 0.000000000000 0.000000000000 1.000000000000
32 44 60
0.849593257997 -0.491793289999 -0.190606022673 -0.163382086791
0.515415600757 0.697398990675 0.497977315048 -0.903216983447
-0.111973454283 -0.521319487183 0.845983414624 0.126294405580
0.000000000000 0.000000000000 0.000000000000 1.000000000000
32 45 60
0.943498678759 0.310536636182 0.115660022345 -0.495201773890
-0.200398573910 0.812668002574 -0.547184730386 0.998510361663
-0.263914104881 0.493089966620 0.828982285735 0.445797077006
0.000000000000 0.000000000000 0.000000000000 1.000000000000
32 47 60
0.963022658345 0.158949978954 -0.217536810003 -0.126277180931
-0.066669982408 0.922907129208 0.379206466588 -0.290948568334
0.261041132700 -0.350681244218 0.899377669276 0.121172793351
0.000000000000 0.000000000000 0.000000000000 1.000000000000
32 48 60
-0.334127303510 -0.738144985837 0.586089519556 -1.072387764862
0.633232864342 0.284778245830 0.719664845757 -1.375039444911
-0.698122542657 0.611590819572 0.372265476303 1.862425666898
0.000000000000 0.000000000000 0.000000000000 1.000000000000
32 49 60
-0.546222272465 -0.741174357567 0.390258633151 -1.050991995941
0.206523455210 -0.570683314869 -0.794775827877 1.190876769587
0.811781554059 -0.353526697459 0.464789826344 0.667023183912
0.000000000000 0.000000000000 0.000000000000 1.000000000000
32 50 60
-0.749899725144 -0.383640089350 -0.538953322721 0.834764119244
0.247617292145 0.592688060502 -0.766424516549 1.123115290026
0.613462369554 -0.708195696670 -0.349460693584 2.057357733542
0.000000000000 0.000000000000 0.000000000000 1.000000000000
32 51 60
0.053454640848 0.734084078757 -0.676951376901 0.247180398010
-0.188815843731 0.673121665820 0.715021538249 -0.357208036785
0.980556565695 0.089597925869 0.174588181593 1.238167285398
0.000000000000 0.000000000000 0.000000000000 1.000000000000
32 52 60
0.180039735228 0.980872248570 -0.073995443950 -0.267470637406
0.716820937312 -0.182342435477 -0.672992555721 0.490735161440
-0.673612230864 0.068123918054 -0.735938648407 2.898028506066
0.000000000000 0.000000000000 0.000000000000 1.000000000000
33 37 60
0.561908937073 0.729720621769 -0.389571765663 0.760946137840
-0.798083700548 0.602094701906 -0.023331884989 -0.141161527957
0.217533338497 0.324021271064 0.920700528153 -0.293079407572
0.000000000000 0.000000000000 0.000000000000 1.000000000000
33 41 60
0.934619100618 0.341119507178 0.100621163687 -0.594454182094
-0.354150709975 0.918607211810 0.175322745342 -0.635943093884
-0.032625318135 -0.199495043128 0.979355561777 -0.684704890380
0.000000000000 0.000000000000 0.000000000000 1.000000000000
33 46 60
0.018564024132 -0.866990107232 0.497979448341 -0.641478053203
0.812245964407 0.303509338926 0.498135096624 -1.733730935874
-0.583019614004 0.395234405318 0.709843570472 1.563376826428
0.000000000000 0.000000000000 0.000000000000 1.000000000000
33 47 60
0.928829814373 -0.267421794581 0.256438608081 -1.129626220476
0.002360776516 0.696387175118 0.717662406054 -2.120327942821
-0.370499126403 -0.665980845154 0.647456493690 1.805616615580
0.000000000000 0.000000000000 0.000000000000 1.000000000000
33 48 60
0.895397947397 0.443268802845 -0.042134121815 -0.509190181088
-0.426523357820 0.881023526023 0.204634727815 -0.092530118119
0.127829343386 -0.165258328136 0.977931155016 -0.041042841577
0.000000000000 0.000000000000 0.000000000000 1.000000000000
33 49 60
-0.085846189767 -0.979608941277 0.181650086357 -0.388219765191
0.033379169378 -0.185048682686 -0.982162316569 1.385597585650
0.995749096286 -0.078251563610 0.048584257106 1.275558308413
0.000000000000 0.000000000000 0.000000000000 1.000000000000
33 50 60
0.978008215854 -0.208298408934 -0.010568943049 -0.340729071976
0.198915357567 0.916317948439 0.347554453134 -0.332767730702
-0.062710527393 -0.342013435707 0.937600234402 0.340529369949
0.000000000000 0.000000000000 0.000000000000 1.000000000000
33 51 60
0.990664550007 -0.067599134196 -0.118381191138 -0.503487284140
0.118937457472 0.852951603441 0.508259228541 -0.302902742725
0.066615543003 -0.517594357816 0.853028985549 0.277797090669
0.000000000000 0.000000000000 0.000000000000 1.000000000000
33 52 60
0.989240642385 -0.055128285530 -0.135513186028 -0.496192026780
0.118340401673 0.846136319160 0.519662273722 -0.364235675005
0.086014538218 -0.530107726347 0.843556339365 0.269706912600
0.000000000000 0.000000000000 0.000000000000 1.000000000000
34 48 60
0.870713907419 0.295047684918 0.393451591752 -1.401567151623
-0.450888819756 0.798370646752 0.399128528953 -0.850245583850
-0.196358253321 -0.524929684843 0.828186127826 0.665383615486
0.000000000000 0.000000000000 0.000000000000 1.000000000000
34 49 60
-0.914854022890 0.010503982546 -0.403648093211 0.294933913903
-0.198684827193 -0.881979135954 0.427360671078 -0.598546171214
-0.351520207450 0.471171380808 0.808969142590 0.256932514656
0.000000000000 0.000000000000 0.000000000000 1.000000000000
34 50 60
0.873503994896 0.136920380682 0.467165474168 -1.145656540502
0.475657808539 -0.444338280478 -0.759152910603 0.662335117562
0.103635997975 0.885334005817 -0.453258511303 2.200295262754
0.000000000000 0.000000000000 0.000000000000 1.000000000000
34 51 60
0.954469214940 0.214667213214 0.207138855126 -1.101214758200
-0.279925620965 0.884512341543 0.373201774360 -0.421108970092
-0.103102688903 -0.414193077235 0.904330653197 0.682324549652
0.000000000000 0.000000000000 0.000000000000 1.000000000000
34 52 60
0.893245731758 0.255972500675 0.369581035221 -1.237763750036
0.434829422274 -0.283140166196 -0.854842102269 0.864706551363
-0.114172834865 0.924288767207 -0.364218119531 2.015604838497
0.000000000000 0.000000000000 0.000000000000 1.000000000000
35 44 60
0.754897469545 -0.621663619302 -0.208959696857 -0.387824752200
0.575902713226 0.780779964065 -0.242319443328 -0.359880550030
0.313792726770 0.062585878215 0.947426584214 1.016947809403
0.000000000000 0.000000000000 0.000000000000 1.000000000000
35 47 60
0.649098186738 -0.756430823106 0.080523001859 -0.446924236871
-0.553220402060 -0.542057826810 -0.632550787794 0.934672233073
0.522129036463 0.366040601913 -0.770321716578 3.705318636204
0.000000000000 0.000000000000 0.000000000000 1.000000000000
35 48 60
0.839657931199 0.381358584540 -0.386704265003 -0.052204648838
0.446891252368 -0.889752569513 0.092890115743 -0.411254401974
-0.308646670370 -0.250810675697 -0.917513617242 4.231687649272
0.000000000000 0.000000000000 0.000000000000 1.000000000000
35 50 60
0.355368184345 0.584518490002 -0.729418664693 0.102274628526
-0.884119268628 -0.043093092025 -0.465269926237 0.611682457125
-0.303391780370 0.810235225269 0.501470146008 2.132003734854
0.000000000000 0.000000000000 0.000000000000 1.000000000000
35 51 60
0.058279279338 0.236344789581 0.969919927642 -1.927756047717
0.367048648569 -0.908590454223 0.199345619663 -0.502474389976
0.928374286150 0.344390079608 -0.139702032498 1.759402859423
0.000000000000 0.000000000000 0.000000000000 1.000000000000
35 54 60
0.734147396420 0.532345536601 -0.421468658373 0.150235012276
-0.627538507768 0.769000668011 -0.121792421221 0.172917288691
0.259274028006 0.353901401890 0.898627161921 0.123686945681
0.000000000000 0.000000000000 0.000000000000 1.000000000000
35 55 60
0.898563842562 0.433096688886 -0.070783323712 0.270435458643
-0.437674462777 0.872675231767 -0.216515598728 0.267343461828
-0.032001335476 0.225533141547 0.973709770204 0.107966315378
0.000000000000 0.000000000000 0.000000000000 1.000000000000
35 56 60
0.950691235037 0.298688620636 0.083494212529 0.333199761182
-0.277972563093 0.940021975111 -0.197711761094 0.374406705018
-0.137540647777 0.164753738075 0.976697893926 0.027935800173
0.000000000000 0.000000000000 0.000000000000 1.000000000000
35 57 60
0.936049946306 0.259101514766 0.238069114052 0.233028845941
-0.214437393968 0.956488150714 -0.197856062863 0.468241395972
-0.278975092236 0.134152236618 0.950881735719 -0.050961686009
0.000000000000 0.000000000000 0.000000000000 1.000000000000
35 58 60
0.998626245479 -0.038561285694 0.035477444758 -0.059388471796
0.038681080314 0.999247969392 -0.002696236400 0.040976366365
-0.035346794292 0.004064838323 0.999366840166 -0.062110672015
0.000000000000 0.000000000000 0.000000000000 1.000000000000
36 42 60
0.999526850551 0.011855918581 -0.028381547218 0.070005386632
-0.010200907269 0.998278164354 0.057763726197 -0.116570423055
0.029017520893 -0.057446877791 0.997926770717 0.021211541125
0.000000000000 0.000000000000 0.000000000000 1.000000000000
36 44 60
0.866362435711 -0.176690165081 -0.467115312907 0.884366157275
0.445310113561 0.696728991566 0.562376755452 -1.102092576243
0.226086339148 -0.695233268677 0.682301743641 0.965595529736
0.000000000000 0.000000000000 0.000000000000 1.000000000000
36 47 60
0.925808689791 -0.371579824271 -0.069330398111 -0.252410735379
0.377607532823 0.900900705558 0.213987078770 -0.172191935911
-0.017053476551 -0.224290777608 0.974373042535 0.051294269865
0.000000000000 0.000000000000 0.000000000000 1.000000000000
36 50 60
0.806968431667 0.067227352078 -0.586755855041 0.583442154904
-0.279930681494 0.918350312163 -0.279770473263 1.054385147452
0.520039194533 0.390016906408 0.759898709609 0.904037879046
0.000000000000 0.000000000000 0.000000000000 1.000000000000
36 51 60
0.903447358395 -0.136722688484 -0.406312413129 -0.158538397113
0.168221293827 0.984825971907 0.042654441277 0.189095381231
0.394315187270 -0.106886442130 0.912738090351 0.430299173631
0.000000000000 0.000000000000 0.000000000000 1.000000000000
36 52 60
0.701381856373 0.567694595877 -0.431029392689 -0.186611632334
-0.581624902088 0.805385202264 0.114311632154 0.219222873983
0.412038790432 0.170521323554 0.895067882003 0.308690367592
0.000000000000 0.000000000000 0.000000000000 1.000000000000
36 53 60
0.893140637567 0.359841038994 -0.269841116552 -0.190828060909
-0.403077338314 0.906559771345 -0.125211981524 0.294482363243
0.199570691396 0.220598748037 0.954729140385 0.221361156601
0.000000000000 0.000000000000 0.000000000000 1.000000000000
36 54 60
0.979771252281 0.181478802918 0.084342974184 -0.086154126488
-0.159137651879 0.962091318113 -0.221484770054 0.251712874009
-0.121340434140 0.203582267653 0.971509526119 0.188765710149
0.000000000000 0.000000000000 0.000000000000 1.000000000000
36 55 60
0.905279863492 0.004542567965 0.424791400373 -0.037698477587
0.052045415235 0.991224227641 -0.121514629948 0.381580093601
-0.421615516208 0.132113192433 0.897098913653 0.084476314792
0.000000000000 0.000000000000 0.000000000000 1.000000000000
36 56 60
0.817153008626 -0.038541033246 0.575130897492 -0.092591165241
0.104576674948 0.991116738137 -0.082166480043 0.559355986113
-0.566855078084 0.127287863295 0.813924517574 0.040976497064
0.000000000000 0.000000000000 0.000000000000 1.000000000000
37 39 60
0.927180455874 0.307622802818 -0.213786373358 0.852282849235
-0.298262925792 0.951487518212 0.075569370673 0.162527244698
0.226661927427 -0.006301894339 0.973953108103 -0.339806851631
0.000000000000 0.000000000000 0.000000000000 1.000000000000
37 43 60
0.978504906575 -0.150842988137 0.140621978154 0.091118869013
0.182631969248 0.950553764419 -0.251183408603 -0.104760724341
-0.095779494771 0.271466266558 0.957670274418 1.223527362475
0.000000000000 0.000000000000 0.000000000000 1.000000000000
37 45 60
0.575410856669 0.300616560572 -0.760612930166 1.790179858095
-0.503076119587 0.863345247330 -0.039362441678 -0.470496908610
0.644838556484 0.405295777702 0.648011241143 2.106287377822
0.000000000000 0.000000000000 0.000000000000 1.000000000000
37 46 60
0.946763612874 0.197475833839 -0.254247824743 0.837124806983
-0.243499103153 0.955884320621 -0.164296537865 -0.334546285789
0.210586913412 0.217459101075 0.953081681316 1.804279590602
0.000000000000 0.000000000000 0.000000000000 1.000000000000
37 47 60
0.815862323901 0.322401061682 -0.480027315750 0.836226118302
-0.238228982944 0.943824331286 0.229003457087 -0.680638347609
0.526892417980 -0.072478873465 0.846835989301 1.703715952091
0.000000000000 0.000000000000 0.000000000000 1.000000000000
37 49 60
0.919327616177 0.346454487578 -0.186563721477 -0.599859166563
-0.387676398998 0.878684878159 -0.278603471902 1.182275939026
0.067407297779 0.328454217408 0.942111502569 0.423232180897
0.000000000000 0.000000000000 0.000000000000 1.000000000000
37 50 60
0.865683930230 0.457188309134 -0.203887672337 -0.188365854141
-0.454509623402 0.888537962048 0.062620222251 -0.555188080021
0.209791170394 0.038459589060 0.976989521353 0.900281011027
0.000000000000 0.000000000000 0.000000000000 1.000000000000
37 52 60
0.852546275768 0.419155354542 -0.312207681570 -0.492968393675
-0.443583159358 0.896196593986 -0.008102201073 -0.162120436560
0.276403379877 0.145397571118 0.949979324989 0.752503059231
0.000000000000 0.000000000000 0.000000000000 1.000000000000
37 53 60
0.957499179959 0.239407878735 -0.160870096588 -0.415778922902
-0.279371137643 0.908493143535 -0.310792496050 0.137846448270
0.071743207545 0.342526022002 0.936765091377 0.685290472510
0.000000000000 0.000000000000 0.000000000000 1.000000000000
37 55 60
0.834177606417 -0.222502849523 0.504618868957 -0.246996306619
0.306239828932 0.947850122293 -0.088302394337 0.049040887871
-0.458655522292 0.228194276054 0.858814580831 0.492855027498
0.000000000000 0.000000000000 0.000000000000 1.000000000000
38 46 60
0.908233448877 -0.031179084546 -0.417300691380 0.960749127180
-0.037730004967 0.987057284686 -0.155866492467 -0.630468489974
0.416759461878 0.157307919175 0.895302054896 1.619476053192
0.000000000000 0.000000000000 0.000000000000 1.000000000000
38 47 60
0.974722323229 0.064684571928 -0.213851113521 0.946671835213
-0.133145699849 0.936810388884 -0.323509687476 -0.526132855386
0.179411859172 0.343805470337 0.921742471276 1.901833197720
0.000000000000 0.000000000000 0.000000000000 1.000000000000
38 51 60
0.950452206944 0.227171402728 -0.212211583327 0.881053660440
-0.180016340465 0.958732031975 0.220061373330 -0.889742479753
0.253445693357 -0.170956265309 0.952123540235 2.265459785116
0.000000000000 0.000000000000 0.000000000000 1.000000000000
39 46 60
0.972299681074 0.158246427980 -0.172021505093 0.199277312664
-0.108468404875 0.957393357832 0.267642604085 -0.301234324440
0.207045732453 -0.241569920332 0.948037994104 0.116378006862
0.000000000000 0.000000000000 0.000000000000 1.000000000000
39 47 60
-0.977399514845 -0.149719235343 -0.149245900944 0.573400988966
-0.046964298828 0.842126225840 -0.537231583572 1.018004437398
0.206117789179 -0.518080660052 -0.830125223484 2.638861957123
0.000000000000 0.000000000000 0.000000000000 1.000000000000
39 52 60
0.977125357109 -0.071359483850 -0.200334371886 -0.762446730190
0.020048241147 0.968736381166 -0.247280997716 -0.512515085920
0.211717038807 0.237608181402 0.948007514532 1.421358179109
0.000000000000 0.000000000000 0.000000000000 1.000000000000
40 42 60
0.998031668042 -0.040820070409 0.047607892584 0.091868555892
0.042461224951 0.998519908201 -0.033985839726 -0.047680936615
-0.046150124162 0.035940433749 0.998287759747 0.784477661272
0.000000000000 0.000000000000 0.000000000000 1.000000000000
40 43 60
0.996107048424 -0.069366233815 -0.054397368364 0.192341686443
0.066044288841 0.995971307350 -0.060657290142 -0.063028308505
0.058385785856 0.056828518741 0.996675282862 1.226930477710
0.000000000000 0.000000000000 0.000000000000 1.000000000000
40 44 60
0.999606550182 0.022718830488 0.016449911087 0.379627539213
-0.020460142047 0.991765327826 -0.126423562324 0.128597004114
-0.019186646944 0.126037253478 0.991839948436 1.472670539899
0.000000000000 0.000000000000 0.000000000000 1.000000000000
40 47 60
0.491737901774 -0.256736239000 -0.832033857210 0.831429396741
0.584602854940 0.805505714312 0.096953835442 -0.121079763965
0.645316463416 -0.534085243941 0.546186428108 1.399834527997
0.000000000000 0.000000000000 0.000000000000 1.000000000000
40 48 60
-0.995896323002 -0.087844922223 -0.021766567717 0.857107221446
-0.083683774230 0.985422772125 -0.148118149147 0.845484921234
0.034460698791 -0.145688811566 -0.988730110001 4.118689640025
0.000000000000 0.000000000000 0.000000000000 1.000000000000
40 49 60
0.775358674539 -0.018259361439 -0.631257096226 0.476333048770
-0.168037139838 0.957581969901 -0.234094618811 0.529372071823
0.608754831974 0.287581930311 0.739401236074 1.259142441210
0.000000000000 0.000000000000 0.000000000000 1.000000000000
40 50 60
0.776558312580 0.465424922516 -0.424660839569 -0.016637770640
-0.449082742653 0.881637719166 0.145050413288 0.160927302917
0.441907091382 0.078067750349 0.893657400206 1.154474261761
0.000000000000 0.000000000000 0.000000000000 1.000000000000
40 51 60
0.998341576294 -0.048081064331 -0.031659252918 -0.401438088536
-0.004346326591 0.485421756286 -0.874269310893 1.457787057135
0.057403889134 0.872957003396 0.484407745329 1.580525259680
0.000000000000 0.000000000000 0.000000000000 1.000000000000
40 53 60
0.805064918885 0.590167430239 -0.059773578339 -0.340371847795
-0.591229414588 0.790145162287 -0.161611886447 0.643131209928
-0.048148267964 0.165447957982 0.985042495272 0.942621829206
0.000000000000 0.000000000000 0.000000000000 1.000000000000
41 43 60
0.998905880332 -0.014237383500 -0.044545921801 0.257010382979
0.016175831871 0.998924106931 0.043462294634 -0.080065022128
0.043879205796 -0.044135309025 0.998061465941 0.895869838988
0.000000000000 0.000000000000 0.000000000000 1.000000000000
41 44 60
0.435047423341 0.206946901826 -0.876302869599 1.532240019641
-0.555149621724 0.827884992331 -0.080095798728 0.453012431014
0.708902417081 0.521324677432 0.475055727002 1.146082280998
0.000000000000 0.000000000000 0.000000000000 1.000000000000
41 45 60
0.132055186308 -0.320490014283 -0.938001907521 1.136454526007
0.356287722450 0.898395144959 -0.256798018576 0.244199508576
0.924997560322 -0.300287053099 0.232824395503 1.058661709596
0.000000000000 0.000000000000 0.000000000000 1.000000000000
41 46 60
0.625760413891 -0.295005411436 -0.722077358480 0.710191376398
0.263615864895 0.951236210163 -0.160175991490 0.271552381364
0.734118914197 -0.090119252647 0.673014071265 0.812021457366
0.000000000000 0.000000000000 0.000000000000 1.000000000000
41 47 60
0.738916979280 0.059015514152 -0.671207022327 0.610431206133
-0.298677648596 0.921628859303 -0.247773904859 0.430026892760
0.603981257955 0.383558880473 0.698633827731 0.917530828159
0.000000000000 0.000000000000 0.000000000000 1.000000000000
41 48 60
0.909121409767 0.247838455882 -0.334775091799 0.027826972333
-0.347415570567 0.894556408332 -0.281196112418 0.615010733104
0.229783993417 0.371947485672 0.899363321618 0.688044069183
0.000000000000 0.000000000000 0.000000000000 1.000000000000
41 49 60
0.885723173394 0.426129248303 -0.184142129492 -0.242873785814
-0.340546166213 0.866031303070 0.366084813642 -0.155589791835
0.315472294806 -0.261540906633 0.912180675835 0.722280517875
0.000000000000 0.000000000000 0.000000000000 1.000000000000
41 50 60
0.865178834077 0.348163224301 -0.360898814502 0.146881300328
-0.217491148105 0.909004993135 0.355538356513 -0.118353554193
0.451844204966 -0.229111963242 0.862174299512 1.204581488987
0.000000000000 0.000000000000 0.000000000000 1.000000000000
41 51 60
0.915074438981 -0.110340948712 -0.387896437415 0.141412157596
0.258944894547 0.898136366939 0.355385154405 -0.003934735803
0.309170361954 -0.425647672871 0.850433857433 1.224928781445
0.000000000000 0.000000000000 0.000000000000 1.000000000000
41 52 60
-0.284669102559 0.889932307757 0.356348129867 0.035543661930
0.605551395710 0.455108392563 -0.652827586865 0.696169435716
-0.743149385523 0.029947264121 -0.668455048727 3.840482766260
0.000000000000 0.000000000000 0.000000000000 1.000000000000
42 44 60
0.989224782225 0.001499002473 0.146397005518 0.048035308957
-0.009714111946 0.998416068427 0.055416516820 -0.086528829416
-0.146082053183 -0.056241508683 0.987672479337 0.806716902009
0.000000000000 0.000000000000 0.000000000000 1.000000000000
42 45 60
0.953747010682 -0.075746469374 0.290910831686 0.160548650769
0.058769064269 0.996042624831 0.066672982567 -0.049207897185
-0.294809831417 -0.046492600453 0.954424225071 1.078350504239
0.000000000000 0.000000000000 0.000000000000 1.000000000000
42 46 60
-0.588392282968 -0.786878289102 0.186056656649 0.200345900441
0.431886979962 -0.111316196672 0.895032033448 -1.339597807642
-0.683570155787 0.606985389032 0.405340078969 2.139132622592
0.000000000000 0.000000000000 0.000000000000 1.000000000000
42 47 60
0.240370207637 0.960163366489 -0.142507799555 0.727965163345
0.967704923040 -0.248524707964 -0.042221457286 -0.200324934337
-0.075956205833 -0.127756718747 -0.988892752329 4.035698414881
0.000000000000 0.000000000000 0.000000000000 1.000000000000
42 48 60
-0.932772069868 0.000639481799 0.360466165870 -0.492415915155
0.154213977363 0.904571655126 0.397452097652 -0.578757728220
-0.325813312895 0.426321136944 -0.843857792127 3.586179303709
0.000000000000 0.000000000000 0.000000000000 1.000000000000
42 49 60
-0.670198630137 0.521056039971 -0.528520954526 1.519663575603
0.456774456669 0.850855627777 0.259618559456 -0.843177553181
0.584970847050 -0.067418868937 -0.808247365732 3.646089583479
0.000000000000 0.000000000000 0.000000000000 1.000000000000
42 50 60
0.844082450102 0.324721947882 -0.426708886706 0.052915510098
-0.157340017100 0.910741787632 0.381829170285 -0.192718017796
0.512609926210 -0.255156918043 0.819832916347 0.913757906012
0.000000000000 0.000000000000 0.000000000000 1.000000000000
42 51 60
0.818603096438 0.122010692148 -0.561250711807 0.703387871789
0.053686696302 0.956643920933 0.286269361237 -0.145023584722
0.571845004475 -0.264472682039 0.776561324888 2.051254938639
0.000000000000 0.000000000000 0.000000000000 1.000000000000
42 52 60
0.192117956199 -0.230745142052 -0.953859198376 0.948746357529
0.355160827874 -0.889733659251 0.286766110167 -0.746079073710
-0.914850521807 -0.393866341563 -0.088982176498 2.823161590443
0.000000000000 0.000000000000 0.000000000000 1.000000000000
42 53 60
0.831326152421 0.427135940995 -0.355600500858 -0.005992967178
-0.321853771542 0.891599642491 0.318528220499 -0.024373926893
0.453108130631 -0.150349477621 0.878685413862 0.515230944628
0.000000000000 0.000000000000 0.000000000000 1.000000000000
42 54 60
0.943866350920 0.287952304547 -0.161863466874 0.243304391180
-0.175584361872 0.852400008881 0.492528533920 -1.419352807900
0.279797146997 -0.436460416493 0.855111607550 -0.328484054463
0.000000000000 0.000000000000 0.000000000000 1.000000000000
43 45 60
0.864521169139 0.436012405472 -0.249992660663 0.921960391020
-0.433645582821 0.898549252400 0.067533321486 -0.154873996363
0.254076084295 0.050024226987 0.965889703902 0.589545177160
0.000000000000 0.000000000000 0.000000000000 1.000000000000
43 47 60
0.953581739338 0.021942153340 -0.300333828111 0.382739248387
0.010534448093 0.994300678255 0.106090464348 -0.029086743341
0.300949982230 -0.104329780642 0.947915821720 0.401094826171
0.000000000000 0.000000000000 0.000000000000 1.000000000000
43 48 60
0.872041167813 0.333143297961 -0.358552289998 0.265206657491
-0.199866863127 0.911114757440 0.360448520317 -0.245851686014
0.446763291534 -0.242663227124 0.861113883025 0.524967041400
0.000000000000 0.000000000000 0.000000000000 1.000000000000
43 49 60
0.895499210598 -0.180155656973 -0.406970641544 0.351343100042
0.102477758274 0.973305365242 -0.205365467039 0.245918035677
0.433104459545 0.142199174589 0.890056134112 0.373320971628
0.000000000000 0.000000000000 0.000000000000 1.000000000000
43 50 60
0.885587264538 0.318459904629 -0.338110168482 0.107498884510
-0.192847552031 0.914337139170 0.356086250240 -0.151624154966
0.422545877466 -0.250141729981 0.871139538971 0.592032282977
0.000000000000 0.000000000000 0.000000000000 1.000000000000
43 51 60
0.724237733321 0.679368338097 -0.118060860688 0.105781660000
-0.194865929709 0.365881634844 0.910031811929 -0.630961459947
0.661443100404 -0.636073337341 0.397371028701 1.280528971280
0.000000000000 0.000000000000 0.000000000000 1.000000000000
43 52 60
-0.546635254212 0.754098935255 0.364039413664 0.034060165936
0.556613327122 0.652016588856 -0.514835868920 0.613732152633
-0.625596917289 -0.078798246843 -0.776156771131 3.194542678581
0.000000000000 0.000000000000 0.000000000000 1.000000000000
43 53 60
0.925350832863 0.347563319587 -0.151411938099 -0.025327168931
-0.295225825580 0.911190774882 0.287355326525 -0.035924151454
0.237839332390 -0.221203776299 0.945780810399 0.385515513443
0.000000000000 0.000000000000 0.000000000000 1.000000000000
43 54 60
0.964638991023 -0.118796404040 0.235285000341 -0.805218781006
0.074786333262 0.979344375649 0.187860581928 -0.762325321512
-0.252742203353 -0.163621539758 0.953598117853 -0.562602035921
0.000000000000 0.000000000000 0.000000000000 1.000000000000
44 46 60
0.936407583804 -0.098482123307 0.336811680887 -0.569965755253
0.100300035912 0.994884335716 0.012044141497 -0.184386153710
-0.336274798029 0.022503998250 0.941494997476 0.700938174947
0.000000000000 0.000000000000 0.000000000000 1.000000000000
44 47 60
0.870162868378 -0.295253529742 0.394514810461 -0.463196571589
0.215834635737 0.948100127709 0.233498517885 -0.456782917085
-0.442980803776 -0.118031779676 0.888727464678 0.798451684890
0.000000000000 0.000000000000 0.000000000000 1.000000000000
44 48 60
0.185566805596 -0.793272377226 0.579899901872 -0.818912451210
0.459486911344 0.591705482309 0.662386896390 -1.069114831405
-0.868583179071 0.143539394368 0.474299170671 1.525445691851
0.000000000000 0.000000000000 0.000000000000 1.000000000000
44 49 60
0.889277255775 0.203260123196 -0.409720983937 0.180762023027
-0.375458303599 0.835994613590 -0.400180044864 0.517724691390
0.261183890427 0.509704157691 0.819746696862 0.560639713086
0.000000000000 0.000000000000 0.000000000000 1.000000000000
44 50 60
-0.158628223000 0.966057283833 -0.203888232178 0.947711960494
-0.966048971092 -0.194514143969 -0.170040093064 0.014116146987
-0.203927615396 0.169992859111 0.964114078068 0.896424850023
0.000000000000 0.000000000000 0.000000000000 1.000000000000
44 51 60
0.526697700071 0.525743700675 -0.667969380991 0.385545967268
-0.288486366183 0.849714194966 0.441317803175 -0.323352708192
0.799603119846 -0.039741012490 0.599212401957 1.287828907258
0.000000000000 0.000000000000 0.000000000000 1.000000000000
44 52 60
0.552064884946 -0.770059419921 0.319738725525 -0.776235222599
0.215144739544 0.502044656794 0.837653808940 -0.995823868196
-0.805566324926 -0.393649148832 0.442835459023 1.821182649199
0.000000000000 0.000000000000 0.000000000000 1.000000000000
44 55 60
-0.762331383963 0.386913677332 -0.518795400248 1.613816750391
-0.559402645080 -0.797044657699 0.227570855585 -1.266717623513
-0.325452825618 0.463699924442 0.824052691500 -0.591194061188
0.000000000000 0.000000000000 0.000000000000 1.000000000000
44 58 60
0.885462791073 -0.463535898037 0.033016917723 0.187874912859
0.419546110601 0.827939701768 0.372151731576 -0.162154722810
-0.199841704115 -0.315674391529 0.927584482313 -1.573560038986
0.000000000000 0.000000000000 0.000000000000 1.000000000000
44 59 60
0.991450008153 0.125320850784 0.036353345009 -0.072662531254
-0.130484787750 0.950523850582 0.281918657844 -0.163873088697
0.000775564574 -0.284251814126 0.958749344024 -1.487799583856
0.000000000000 0.000000000000 0.000000000000 1.000000000000
45 47 60
0.907276379811 -0.097559485090 0.409061997142 -0.627730195478
0.133553908210 0.989205747592 -0.060293801770 -0.119191499450
-0.398764246440 0.109334970614 0.910512460080 0.484079692443
0.000000000000 0.000000000000 0.000000000000 1.000000000000
45 48 60
0.790498366308 -0.371484156267 0.486941325528 -0.752136168957
0.254670443903 0.922430314733 0.290284824723 -0.451326725187
-0.557005653353 -0.105460116181 0.823785691808 0.654416653160
0.000000000000 0.000000000000 0.000000000000 1.000000000000
45 49 60
0.851780118218 -0.201429730339 0.483628673618 -0.816635794675
0.161342323950 0.979122867194 0.123640872849 -0.242245253679
-0.498436841247 -0.027285063162 0.866496532375 0.565189057015
0.000000000000 0.000000000000 0.000000000000 1.000000000000
45 50 60
0.803434285641 0.340692962834 0.488284398413 -0.217570854533
-0.344111964918 0.934967991920 -0.086149925627 0.355239687752
-0.485880956879 -0.098808699822 0.868421865559 0.572341851746
0.000000000000 0.000000000000 0.000000000000 1.000000000000
45 51 60
0.858919479893 -0.474192702514 0.193387196945 -0.488541702317
0.349932741540 0.819170924859 0.454429391946 -0.348667413577
-0.373904270446 -0.322645744973 0.869537417132 0.831644757759
0.000000000000 0.000000000000 0.000000000000 1.000000000000
45 52 60
0.865230797411 -0.139268661854 0.481642924829 -0.853845696644
0.001029802131 0.961138036077 0.276066323760 -0.155120465132
-0.501372722354 -0.238365088535 0.831749648541 0.907697220997
0.000000000000 0.000000000000 0.000000000000 1.000000000000
45 53 60
0.788584008775 -0.282729622742 0.546076204872 -1.047423399056
-0.016431546305 0.878028684400 0.478325865551 -0.443678476430
-0.614707463262 -0.386173005004 0.687753694876 0.805906642963
0.000000000000 0.000000000000 0.000000000000 1.000000000000
45 55 60
0.262543457731 -0.724093938777 0.637776528754 -1.770518812160
0.442464240761 0.677719413644 0.587300427395 -1.181454456870
-0.857494214821 0.128001422635 0.498316473090 -0.297890205117
0.000000000000 0.000000000000 0.000000000000 1.000000000000
46 48 60
0.899616544628 0.057767908394 0.432842859929 -0.792415598343
-0.039708879606 0.997926522469 -0.050654324933 0.082764296655
-0.434871564386 0.028381763753 0.900045108855 0.362671728646
0.000000000000 0.000000000000 0.000000000000 1.000000000000
46 49 60
0.816637032564 0.307756781430 0.488251697928 -0.189355914812
-0.284291519907 0.950716358719 -0.123760805480 0.213340028912
-0.502277103554 -0.037738160366 0.863882829149 0.455653422495
0.000000000000 0.000000000000 0.000000000000 1.000000000000
46 50 60
-0.714064937707 0.531249456899 -0.455944381786 0.701572422314
-0.699773895329 -0.522385152624 0.487268147669 -0.546737797113
0.020682363345 0.666999075607 0.744771423314 0.720713665429
0.000000000000 0.000000000000 0.000000000000 1.000000000000
46 51 60
0.979101502725 -0.039035748579 0.199590725472 0.242899650920
-0.015532933519 0.964185930819 0.264772012846 -0.034758357429
-0.202778143146 -0.262338905127 0.943429554084 0.605585830271
0.000000000000 0.000000000000 0.000000000000 1.000000000000
46 52 60
-0.994927725486 0.095704676125 -0.030974764371 0.354064215754
0.048462648962 0.186206602259 -0.981314665605 1.209129859065
-0.088148696618 -0.977838287368 -0.189900213379 1.537354950125
0.000000000000 0.000000000000 0.000000000000 1.000000000000
46 53 60
-0.528207367771 -0.414161683081 -0.741260464951 2.060939198532
0.218210277162 0.777452003003 -0.589875120654 0.755945522993
0.820598106001 -0.473327036301 -0.320281540420 1.518784440129
0.000000000000 0.000000000000 0.000000000000 1.000000000000
46 55 60
-0.593427533059 0.730443541289 -0.338076908405 1.206273334139
-0.783837023801 -0.429023697685 0.448930046826 -1.944958034666
0.182875047849 0.531404647904 0.827143165999 -0.635407762140
0.000000000000 0.000000000000 0.000000000000 1.000000000000
46 59 60
0.580208416690 -0.176496255797 0.795114623744 -1.814318286475
0.156422469921 0.982211932488 0.103883254577 0.421012190115
-0.799306076610 0.064099854658 0.597495610466 -0.476817452971
0.000000000000 0.000000000000 0.000000000000 1.000000000000
47 49 60
0.953683857912 -0.017726045482 0.300288005871 -0.425113343374
0.017156274879 0.999842538842 0.004534286676 -0.024874790865
-0.300321097145 0.000827547562 0.953837802655 0.174676388006
0.000000000000 0.000000000000 0.000000000000 1.000000000000
47 50 60
0.965563753245 -0.044839781572 0.256273354852 0.083701412258
-0.009103586839 0.978609405128 0.205525562645 -0.057926669525
-0.260007236678 -0.200781040397 0.944501567332 0.422244874585
0.000000000000 0.000000000000 0.000000000000 1.000000000000
47 51 60
0.998379970485 -0.051579289268 -0.024021062688 0.186514254266
0.056270640952 0.957601853796 0.282546110527 -0.045247100166
0.008429086594 -0.283440058083 0.958952910196 0.459838984828
0.000000000000 0.000000000000 0.000000000000 1.000000000000
47 52 60
0.950625222358 0.282587400588 0.128281127394 -0.285849201305
-0.273209326512 0.958105044007 -0.085973185096 0.274528908247
-0.147201734103 0.046680677779 0.988004333897 0.347976432954
0.000000000000 0.000000000000 0.000000000000 1.000000000000
47 53 60
0.884762564361 0.283783859274 0.369678138278 -0.397027031467
-0.279125432549 0.957894159784 -0.067288717897 0.236264668785
-0.373207981706 -0.043652031651 0.926720185667 0.228349844604
0.000000000000 0.000000000000 0.000000000000 1.000000000000
47 54 60
0.134536353512 0.930077566885 0.341841614147 -0.526112102030
0.441377426216 -0.365112346318 0.819682220249 -1.605913193846
0.887178638838 0.040604114875 -0.459636126349 2.438520135251
0.000000000000 0.000000000000 0.000000000000 1.000000000000
47 55 60
0.492042144420 -0.792368484658 0.360619900499 -0.851912526933
0.439829933724 0.583738534472 0.682494654025 -1.376911249692
-0.751294987015 -0.177204706185 0.635731338374 -1.086270026545
0.000000000000 0.000000000000 0.000000000000 1.000000000000
47 59 60
0.790713445016 -0.389064131014 0.472653519854 -1.564476106490
0.256752493396 0.911649206505 0.320895436886 -0.233182849898
-0.555743110625 -0.132381366655 0.820746470450 -1.420102979724
0.000000000000 0.000000000000 0.000000000000 1.000000000000
48 50 60
0.997742058186 0.005420466404 0.066943288470 0.088443204840
-0.013526056637 0.992532296257 0.121229891854 -0.044431517009
-0.065786253268 -0.121861640525 0.990364533618 0.275915321138
0.000000000000 0.000000000000 0.000000000000 1.000000000000
48 51 60
0.978434691548 0.093709002878 -0.184076552431 0.184517794719
-0.060108576361 0.981773619874 0.180298414767 0.018045154917
0.197617087883 -0.165345644331 0.966234083686 0.350725276556
0.000000000000 0.000000000000 0.000000000000 1.000000000000
48 52 60
0.987599732766 0.112760281261 -0.109233176325 0.035635244227
-0.092892139097 0.980630546464 0.172437762208 0.020286734253
0.126561519958 -0.160152584466 0.978945009362 0.235191856025
0.000000000000 0.000000000000 0.000000000000 1.000000000000
48 53 60
0.978196536510 -0.070046915032 0.195512060121 -0.260969505520
0.043162236245 0.989417103770 0.138530921210 -0.037404514345
-0.203146639945 -0.127071729600 0.970867765566 0.081910095226
0.000000000000 0.000000000000 0.000000000000 1.000000000000
48 55 60
-0.303299281958 0.932873654360 0.194309779902 0.095533778487
0.674693478252 0.354235612885 -0.647538293051 2.259665969200
-0.672902857750 -0.065298358063 -0.736843177662 3.484854639289
0.000000000000 0.000000000000 0.000000000000 1.000000000000
48 57 60
0.906595045152 0.350225383278 -0.235430679848 2.085760473630
-0.223263919432 0.871479697263 0.436665042726 -0.903888946005
0.358104239552 -0.343315187789 0.868271867244 -1.415309936892
0.000000000000 0.000000000000 0.000000000000 1.000000000000
48 59 60
0.861563253814 -0.231398784936 0.451844400218 -1.035349404012
0.101158670206 0.950476712714 0.293872322669 -0.175112142959
-0.497469278569 -0.207481615858 0.842303802651 -1.446910257725
0.000000000000 0.000000000000 0.000000000000 1.000000000000
49 51 60
0.935178665838 -0.042760650687 -0.351585536839 0.290832649972
0.130692393197 0.964292154513 0.230347865424 -0.069671187209
0.329181350204 -0.261365964688 0.907373942308 0.311302664034
0.000000000000 0.000000000000 0.000000000000 1.000000000000
49 52 60
0.976644650070 0.070663535966 -0.202908580828 0.015943281587
-0.040468079324 0.987966448576 0.149280377290 0.042804531815
0.211015549295 -0.137582561296 0.967751764030 0.128872381523
0.000000000000 0.000000000000 0.000000000000 1.000000000000
49 53 60
0.993987437794 -0.066517962202 0.086973180993 -0.195581279816
0.052222004659 0.986154320748 0.157392877543 -0.052372618539
-0.096238431704 -0.151904629212 0.983698707882 -0.045017163822
0.000000000000 0.000000000000 0.000000000000 1.000000000000
49 54 60
0.855608606292 -0.492056986560 0.160666844170 0.427659750965
0.371181918595 0.799581696106 0.472115552128 -0.653906351882
-0.360774023658 -0.344309502091 0.866771636951 -0.120284718593
0.000000000000 0.000000000000 0.000000000000 1.000000000000
49 56 60
0.903310805331 -0.417516213008 0.098538321726 0.559163179458
0.379269249041 0.884603772431 0.271350331736 0.000214942865
-0.200460534033 -0.207741131404 0.957423206643 -1.969558929985
0.000000000000 0.000000000000 0.000000000000 1.000000000000
49 59 60
-0.691870860677 0.721928277384 0.011587685738 0.845017104661
0.605295837570 0.588694156575 -0.535776202378 2.204836419906
-0.393613593728 -0.363673964325 -0.844280514109 3.614949526356
0.000000000000 0.000000000000 0.000000000000 1.000000000000
50 52 60
0.977454307622 0.112072442480 -0.178949278141 -0.021536370859
-0.106917260472 0.993532740351 0.038228173696 0.099292414263
0.182076291492 -0.018233526470 0.983115335344 -0.013286649276
0.000000000000 0.000000000000 0.000000000000 1.000000000000
50 53 60
0.994765901458 0.001159276838 0.102173662821 -0.231820552741
-0.003818617580 0.999658903887 0.025835905982 0.066656782862
-0.102108860815 -0.026090840449 0.994431017510 -0.194966963180
0.000000000000 0.000000000000 0.000000000000 1.000000000000
50 54 60
0.666230637999 0.038133524178 0.744770146639 -1.586609377377
0.664951673500 0.421736758350 -0.616423051618 1.472689284334
-0.337603330703 0.905916078337 0.255616998865 0.756454335824
0.000000000000 0.000000000000 0.000000000000 1.000000000000
50 56 60
0.300761573114 -0.840859125864 0.449998229540 -1.514279402742
-0.662368761786 -0.523648781806 -0.535779410507 0.786551356976
0.686156031488 -0.136922911760 -0.714452249411 3.984139122117
0.000000000000 0.000000000000 0.000000000000 1.000000000000
50 57 60
0.795410265367 0.467295114301 -0.385950496696 2.644039669579
-0.285355631461 0.850556495136 0.441730474583 -1.039244336207
0.534691194375 -0.241223806311 0.809886659926 -1.210245480258
0.000000000000 0.000000000000 0.000000000000 1.000000000000
50 58 60
0.050081211925 0.998555562783 -0.019459194401 0.999346903383
0.998500713916 -0.049628415357 0.023094256835 0.635959402279
0.022095169648 -0.020586607873 -0.999543893510 4.435339642536
0.000000000000 0.000000000000 0.000000000000 1.000000000000
50 59 60
0.911121746891 -0.319898435548 0.259850251636 -0.640767720121
0.273423369344 0.940942137173 0.199668614434 0.041598155449
-0.308377728506 -0.110873285455 0.944780551839 -1.897170785757
0.000000000000 0.000000000000 0.000000000000 1.000000000000
51 53 60
0.885592763297 0.088889914503 0.455877221076 -0.478259029790
-0.046190767541 0.993505220959 -0.103989369268 0.159171191129
-0.462160005398 0.071034914138 0.883946927357 -0.093881633652
0.000000000000 0.000000000000 0.000000000000 1.000000000000
51 54 60
0.046611474810 0.400037301531 0.915312803253 -1.737121876935
0.994848335865 -0.101169371159 -0.006445693636 0.072896081667
0.090023102829 0.910897862399 -0.402692097308 2.019977432743
0.000000000000 0.000000000000 0.000000000000 1.000000000000
51 55 60
-0.218563007753 0.683654432960 -0.696309434042 1.938890897104
-0.605038798116 -0.654786121447 -0.452971508966 0.774711196084
-0.765609733752 0.322291407664 0.556749480584 -1.199389294943
0.000000000000 0.000000000000 0.000000000000 1.000000000000
51 56 60
0.206955548624 -0.359335006410 0.909971292988 -2.472821918315
-0.966044404283 -0.222113870949 0.131998626077 -1.619428153689
0.154685519190 -0.906390523727 -0.393101270225 2.090175070007
0.000000000000 0.000000000000 0.000000000000 1.000000000000
51 57 60
-0.022546558861 0.906980530798 -0.420568626311 1.989066606059
-0.712116279918 0.280693172671 0.643507378895 -2.852214030205
0.701699406128 0.314002642615 0.639546936410 0.046160706208
0.000000000000 0.000000000000 0.000000000000 1.000000000000
51 58 60
0.364174050079 -0.471193635886 0.803339167942 -2.372220959886
0.066649748618 0.873545091587 0.482158463550 -0.935562109795
-0.928942986549 -0.122047246852 0.349527391313 -1.162281189538
0.000000000000 0.000000000000 0.000000000000 1.000000000000
51 59 60
0.827916450791 -0.104765922725 0.550979538590 -1.536761082474
0.261577115536 0.941136778380 -0.214100390020 1.238670607175
-0.496116682985 0.321380873442 0.806586989139 -1.449611140940
0.000000000000 0.000000000000 0.000000000000 1.000000000000
52 54 60
0.155971799398 0.148418812588 0.976547312659 -1.612447511281
0.968112605438 -0.219183188977 -0.121312459630 0.113982162675
0.196037702967 0.964329085810 -0.177872519733 1.760937427962
0.000000000000 0.000000000000 0.000000000000 1.000000000000
52 56 60
0.305421512203 -0.685544070100 0.660868389193 -1.744613315570
-0.860964525859 0.097659364648 0.499202097059 -2.457250733762
-0.406765024425 -0.721451298736 -0.560401854438 1.955955133186
0.000000000000 0.000000000000 0.000000000000 1.000000000000
52 58 60
-0.669306650752 0.301559033714 -0.679036638515 1.862563104398
0.556255039182 0.809258532081 -0.188894043420 1.638924781559
0.492553488105 -0.504145591511 -0.709385849813 3.360964635163
0.000000000000 0.000000000000 0.000000000000 1.000000000000
52 59 60
-0.619597263061 0.772265436359 -0.140375665316 1.261700014888
0.777048203074 0.628759114295 0.029292768547 0.349162492063
0.110884271677 -0.090928939271 -0.989664895962 4.176706175071
0.000000000000 0.000000000000 0.000000000000 1.000000000000
53 55 60
0.543287071729 -0.700770051914 -0.462342396966 1.845806629707
0.661763325846 0.696338837606 -0.277815629163 1.315106776042
0.516631840151 -0.155027602648 0.842055808222 -0.901540065703
0.000000000000 0.000000000000 0.000000000000 1.000000000000
54 56 60
0.871053042272 -0.244613430590 0.425947023847 0.073298579555
0.176985038488 0.965228241023 0.192381752988 0.287469931310
-0.458195257178 -0.092188460809 0.884057913258 -0.218506787104
0.000000000000 0.000000000000 0.000000000000 1.000000000000
54 59 60
0.988857311706 -0.099898932067 -0.110369472494 0.606362419231
0.122698201733 0.966774773582 0.224258084483 0.257033637354
0.084299278634 -0.235301382351 0.968259722949 -0.418756442350
0.000000000000 0.000000000000 0.000000000000 1.000000000000
55 57 60
0.967710651372 -0.127586735316 0.217388408601 0.062752926869
0.107764119632 0.989056381405 0.100768888666 0.190765001944
-0.227866166297 -0.074088456418 0.970869667300 -0.176057978278
0.000000000000 0.000000000000 0.000000000000 1.000000000000
55 58 60
0.999052259851 0.042618019574 0.008847965520 0.205020878371
-0.043251389402 0.994835049042 0.091828876251 0.210892007081
-0.004888701368 -0.092124533139 0.995735492485 -0.224990779481
0.000000000000 0.000000000000 0.000000000000 1.000000000000
55 59 60
0.944964493611 0.188088845428 -0.267702618667 0.409887342872
-0.161911173676 0.979854496536 0.116918507759 0.179115619605
0.284300681769 -0.067139793293 0.956381393849 -0.125042750595
0.000000000000 0.000000000000 0.000000000000 1.000000000000
56 58 60
0.981515275943 0.158192626557 -0.107716553945 0.177710811300
-0.155979851297 0.987342594283 0.028720854881 0.078460267614
0.110896569290 -0.011388345737 0.993766701244 -0.078104649306
0.000000000000 0.000000000000 0.000000000000 1.000000000000
57 59 60
0.936548036148 0.215027774727 -0.276840806391 0.262501139857
-0.210339136032 0.976503078798 0.046895468342 0.039118394183
0.280419727980 0.014310597254 0.959770797100 -0.034346725984
0.000000000000 0.000000000000 0.000000000000 1.000000000000
