0 2 60
0.963700273287 -0.139493955116 0.227647138692 0.237796538573
0.128317615719 0.989713915662 0.063253099844 -0.121257212311
-0.234128966094 -0.031745891544 0.971687102726 -0.142594757300
0.000000000000 0.000000000000 0.000000000000 1.000000000000
0 8 60
0.978683371267 -0.131672650192 -0.157610824490 0.479724846800
0.082287990320 -0.451727476430 0.888352955580 -1.294176295227
-0.188168927972 -0.882385743442 -0.431263091762 3.363457327765
0.000000000000 0.000000000000 0.000000000000 1.000000000000
0 12 60
0.852919972641 -0.457211165861 0.251963231609 -0.698523366148
0.467785642309 0.883617706729 0.019908319942 0.250581720014
-0.231741479066 0.100884578437 0.967532009142 0.098747003046
0.000000000000 0.000000000000 0.000000000000 1.000000000000
0 13 60
0.932771576603 -0.274531742732 0.233601173188 -0.370229348054
0.215423090858 0.944140528467 0.249382345868 -0.113091979285
-0.289015705122 -0.182293677176 0.939807925831 0.475630614798
0.000000000000 0.000000000000 0.000000000000 1.000000000000
0 18 60
-0.937484370093 -0.096983388321 -0.334241347263 0.898319081448
-0.266305557411 -0.418406229258 0.868341855152 -1.520183994513
-0.224063397104 0.903067245396 0.366422084992 1.653371782699
0.000000000000 0.000000000000 0.000000000000 1.000000000000
0 19 60
0.819419169998 -0.549618514279 0.162701298710 -0.250227056991
0.306323299282 0.179980849788 -0.934758220090 1.270467839887
0.484477306133 0.815798003474 0.315840715190 1.741010855805
0.000000000000 0.000000000000 0.000000000000 1.000000000000
0 20 60
0.966798980605 0.097726774880 0.236112703116 0.034396056605
-0.136433070329 0.978673093034 0.153574067772 0.002504623939
-0.216068851115 -0.180688833200 0.959513312641 0.732155669726
0.000000000000 0.000000000000 0.000000000000 1.000000000000
0 21 60
0.971534885212 -0.007068783370 -0.236791045262 0.856300927233
0.034505418377 0.993117281628 0.111926051627 0.060848581046
0.234370098173 -0.116910637803 0.965091995538 0.873097917991
0.000000000000 0.000000000000 0.000000000000 1.000000000000
0 23 60
0.988168138228 -0.122648984827 -0.092092112098 0.261646184999
0.118441747533 0.991708414800 -0.049859527241 0.144322470911
0.097443742904 0.038362045516 0.994501418015 -0.115958907214
0.000000000000 0.000000000000 0.000000000000 1.000000000000
0 24 60
0.654402589519 0.207221960467 -0.727197572831 1.837350880866
-0.328240237368 0.944227642963 -0.026315486645 -0.363754569566
0.681186903429 0.255916426524 0.685923600142 1.316970208670
0.000000000000 0.000000000000 0.000000000000 1.000000000000
0 26 60
0.947044038486 -0.060948760291 0.315266296624 -0.371767776598
0.014289218673 0.988847496922 0.148244548168 -0.357813758907
-0.320785609711 -0.135889206528 0.937353037095 0.253576916457
0.000000000000 0.000000000000 0.000000000000 1.000000000000
0 33 60
0.651533814630 0.345119267037 -0.675571150889 2.264873285792
-0.267136369357 0.937861712786 0.221480400619 -0.622973088842
0.710029470206 0.036167654210 0.703242527318 0.485071414174
0.000000000000 0.000000000000 0.000000000000 1.000000000000
0 42 60
0.794963077348 -0.302659540861 0.525766971176 -1.519431831881
0.195396322607 0.948218246435 0.250404541171 -0.331287983265
-0.574329158902 -0.096329431915 0.812937056470 0.177758757774
0.000000000000 0.000000000000 0.000000000000 1.000000000000
0 43 60
0.956404147559 0.016880302447 -0.291558162160 0.732770628154
-0.010396700448 0.999663323162 0.023772861508 -0.184285458886
0.291861294371 -0.019705220470 0.956257647883 -0.204474122237
0.000000000000 0.000000000000 0.000000000000 1.000000000000
0 44 60
0.925359701284 -0.047469123838 -0.376106508215 0.871213933108
0.016822764222 0.996293831074 -0.084353996750 0.096612800115
0.378716804278 0.071730638124 0.922728723793 -0.112793785451
0.000000000000 0.000000000000 0.000000000000 1.000000000000
0 47 60
0.997816564552 -0.059107697512 -0.029468349125 0.081124520215
0.058128606866 0.997762096478 -0.033043363860 0.086800822920
0.031355518959 0.031258261726 0.999019395460 -0.016404711666
0.000000000000 0.000000000000 0.000000000000 1.000000000000
0 48 60
0.891693524632 0.451978887634 -0.024448788603 0.112070738743
-0.414169284813 0.836507376811 0.358774597844 -1.059995123938
0.182610135666 -0.309791048410 0.933103983850 0.293007830483
0.000000000000 0.000000000000 0.000000000000 1.000000000000
0 50 60
0.999443952788 0.023608540901 0.023546168101 -0.047505383705
-0.023632740132 0.999720426498 0.000749957894 0.038420392369
-0.023521879805 -0.001306001354 0.999722469254 -0.000839317370
0.000000000000 0.000000000000 0.000000000000 1.000000000000
0 53 60
0.984080132938 -0.092498108094 0.151757675111 -0.417994360758
0.096164792687 0.995220471608 -0.016986628251 -0.121588253583
-0.149461114019 0.031309948753 0.988271755392 0.546001468759
0.000000000000 0.000000000000 0.000000000000 1.000000000000
0 56 60
0.703579426717 -0.578524482731 -0.412656531733 1.069415664230
0.165987360558 0.698432908016 -0.696160663307 1.619309187026
0.690958889107 0.421308551872 0.587430776929 1.431514258339
0.000000000000 0.000000000000 0.000000000000 1.000000000000
1 3 60
0.910125778833 -0.002193848602 -0.414326264835 0.049541917451
-0.016627127044 0.998987074741 -0.041813432598 -0.131782024434
0.413998315638 0.044944538353 0.909167412043 -0.089486187798
0.000000000000 0.000000000000 0.000000000000 1.000000000000
1 6 60
0.907266336182 -0.267919431706 -0.324171209928 0.576426189815
0.227289814602 0.960915806378 -0.158051109559 0.158508634059
0.353846203046 0.069713636895 0.932701920992 -0.244807528296
0.000000000000 0.000000000000 0.000000000000 1.000000000000
1 8 60
0.944157200322 -0.291800425354 0.153034939945 0.306404718844
0.252362196603 0.939028224492 0.233536539608 -0.331821648837
-0.211850189535 -0.181874971807 0.960229655772 -0.098765488369
0.000000000000 0.000000000000 0.000000000000 1.000000000000
1 13 60
0.364965750327 -0.778639802450 0.510411656537 -1.354327097105
0.479553875089 0.627127730777 0.613790591470 -0.752657925522
-0.798015088814 0.020757344024 0.602279877378 1.214521144169
0.000000000000 0.000000000000 0.000000000000 1.000000000000
1 14 60
0.863865040262 -0.312673759665 0.394933300991 -0.454361737283
0.011279936478 0.795839311975 0.605402801901 -0.869902648228
-0.503597016719 -0.518531493290 0.691024699427 0.151752135138
0.000000000000 0.000000000000 0.000000000000 1.000000000000
1 19 60
-0.021593189325 0.961603367510 -0.273592210724 -0.069415525597
-0.089108138572 0.270715780316 0.958526319893 -0.857227250887
0.995787865870 0.045076932924 0.079841069025 1.891362490946
0.000000000000 0.000000000000 0.000000000000 1.000000000000
1 20 60
0.932711698525 -0.350463017806 -0.084997415162 0.379362532418
0.279257610536 0.552789536945 0.785136239645 -0.717184831198
-0.228175534167 -0.756041930712 0.613462732864 1.111640944850
0.000000000000 0.000000000000 0.000000000000 1.000000000000
1 23 60
-0.260360405047 -0.876246189899 -0.405468955866 1.705265546695
-0.126542134149 0.447298616947 -0.885387505877 2.183454955695
0.957183131782 -0.179210942647 -0.227340911995 3.125122338894
0.000000000000 0.000000000000 0.000000000000 1.000000000000
1 24 60
-0.993332231797 0.102971491255 -0.051845436282 -0.087211137628
-0.039881179278 0.115027184827 0.992561453155 -1.682684427565
0.108169167576 0.988010940597 -0.110153585718 1.938183111259
0.000000000000 0.000000000000 0.000000000000 1.000000000000
1 30 60
-0.067555459105 -0.457491164731 -0.886644288392 2.688302001964
0.298851265933 0.838592434158 -0.455467507318 1.222474849207
0.951905552455 -0.295744084583 0.080070316841 2.142226072844
0.000000000000 0.000000000000 0.000000000000 1.000000000000
1 41 60
0.999650347944 -0.022821104269 0.013355862244 0.277569071041
0.017878647412 0.955491668185 0.294475849598 -0.243477447522
-0.019481679165 -0.294134100760 0.955565589035 0.502743375142
0.000000000000 0.000000000000 0.000000000000 1.000000000000
1 46 60
0.628548316227 0.242766397844 0.738912369803 -1.861239547429
-0.172140453166 0.969899791715 -0.172226764516 0.573421622221
-0.758481824801 -0.018943867343 0.651418798729 0.326500343545
0.000000000000 0.000000000000 0.000000000000 1.000000000000
1 53 60
0.514957597951 0.216790128914 0.829349571844 -1.377509945552
-0.233227759964 0.966427696068 -0.107806865530 0.549227506864
-0.824877860228 -0.137911378353 0.548230761109 0.949950512245
0.000000000000 0.000000000000 0.000000000000 1.000000000000
2 8 60
0.815258421920 -0.430004466237 0.387878672401 -0.643838057643
0.333251683004 0.896145343095 0.293030441803 -0.756711997044
-0.473600064678 -0.109634315180 0.873889750296 0.465558900507
0.000000000000 0.000000000000 0.000000000000 1.000000000000
2 12 60
-0.276185906662 0.165034335196 0.946828924974 -2.019345089461
0.719940443515 0.688168577769 0.090054241215 -0.199536452626
-0.636715872860 0.706532148438 -0.308877355064 3.776425745386
0.000000000000 0.000000000000 0.000000000000 1.000000000000
2 16 60
0.602684427847 0.094728089313 0.792337093367 -1.329974745537
-0.413566874879 0.886250567377 0.208620161603 -0.341294981633
-0.682447009250 -0.453416498287 0.573305815990 1.191920519493
0.000000000000 0.000000000000 0.000000000000 1.000000000000
2 18 60
-0.977582464706 0.145265351971 -0.152415557653 0.034200892417
-0.080941186017 0.408981365420 0.908945964921 -1.126996226445
0.194373478397 0.900906332676 -0.388055061350 2.649142436991
0.000000000000 0.000000000000 0.000000000000 1.000000000000
2 19 60
0.638355666161 -0.432654121377 0.636641543363 -1.649225215487
0.769088628126 0.324442014639 -0.550672371946 0.909090627252
0.031697406320 0.841158600023 0.539858763048 1.363025832950
0.000000000000 0.000000000000 0.000000000000 1.000000000000
2 20 60
0.289415016740 0.777688756347 0.558067331365 -1.552524097351
0.186922354707 0.525876236191 -0.829767568371 1.222933934785
-0.938775256063 0.344462454355 0.006829066135 2.109559870732
0.000000000000 0.000000000000 0.000000000000 1.000000000000
2 23 60
0.981001767315 -0.131312503286 0.142802517504 0.003496764805
-0.091739108479 0.334593602448 0.937886484163 -1.834753226700
-0.170937030804 -0.933168874150 0.316190423351 1.476281114307
0.000000000000 0.000000000000 0.000000000000 1.000000000000
2 24 60
0.992553679204 -0.120881292628 -0.014996899358 0.073406393173
0.111762523969 0.854808838689 0.506765219342 -1.071509342727
-0.048438952649 -0.504667774275 0.861953656222 0.236466858983
0.000000000000 0.000000000000 0.000000000000 1.000000000000
2 26 60
-0.290285260773 0.943672265973 0.158798998141 -0.210799312061
-0.956394154148 -0.291702098394 -0.014836027216 0.175235845288
0.032321653559 -0.156181113536 0.987199458309 0.116716273913
0.000000000000 0.000000000000 0.000000000000 1.000000000000
2 27 60
0.528448188894 0.022704507498 0.848661897927 -2.541853624764
0.733395911862 0.491325781020 -0.469818489813 0.999606491373
-0.427636467245 0.870679896543 0.242988826157 1.878668672829
0.000000000000 0.000000000000 0.000000000000 1.000000000000
2 28 60
-0.436039795651 0.898233264342 -0.055193291595 -0.376640109697
-0.234705380039 -0.054298926438 0.970548819570 -1.463975457375
0.868782297925 0.436152071434 0.234496672460 1.393355072920
0.000000000000 0.000000000000 0.000000000000 1.000000000000
2 29 60
0.982044174801 -0.171222139883 0.079197332999 -1.054815332056
0.156966206307 0.974486016841 0.160432581040 0.037314200182
-0.104646303411 -0.145120576747 0.983864405997 0.142697080846
0.000000000000 0.000000000000 0.000000000000 1.000000000000
2 30 60
-0.154610390574 0.487056495063 -0.859576405995 1.934435151538
-0.657785305997 0.598421773939 0.457394656386 -1.219481394834
0.737166275911 0.636134695716 0.227856381445 1.418269135903
0.000000000000 0.000000000000 0.000000000000 1.000000000000
2 33 60
0.511992079144 0.615462179402 -0.599224846463 1.253828074445
-0.439098495068 0.787083302210 0.433234794322 -1.312221606022
0.738279501627 0.041305945187 0.673228933105 0.916213861153
0.000000000000 0.000000000000 0.000000000000 1.000000000000
2 44 60
0.284725579793 0.146034208996 0.947420368166 -2.866805277295
0.210084768065 0.954795920529 -0.210307252297 0.310012581220
-0.935305155785 0.258918442651 0.241175259129 2.035475240629
0.000000000000 0.000000000000 0.000000000000 1.000000000000
2 45 60
0.938676130325 -0.148630313666 0.311120800041 -0.230630269470
0.185281964132 0.978406832187 -0.091600570407 0.195393161613
-0.290788094884 0.143628341879 0.945945655566 -0.319071618425
0.000000000000 0.000000000000 0.000000000000 1.000000000000
2 59 60
0.995492142112 -0.051893792415 -0.079387841017 0.142415244875
0.063972590245 0.985349708725 0.158093197868 -0.310105223562
0.070020730430 -0.162459182023 0.984227672587 0.071718404613
0.000000000000 0.000000000000 0.000000000000 1.000000000000
3 8 60
0.988452860188 -0.010555720535 0.151160576702 -0.275215945884
0.038008933949 0.982949692640 -0.179903370395 0.787082797512
-0.146684232707 0.183571453399 0.972000646796 0.132661691605
0.000000000000 0.000000000000 0.000000000000 1.000000000000
3 20 60
0.848117831006 0.529072244252 0.027905287864 0.129884514587
-0.163241961975 0.311063667601 -0.936264629552 1.838226751232
-0.504031949959 0.789507412923 0.350185434249 1.415245957883
0.000000000000 0.000000000000 0.000000000000 1.000000000000
3 24 60
0.994930081763 0.099491757144 0.014680690167 -0.116753602005
-0.098876962630 0.941047078312 0.323502307040 -0.539607082142
0.018370592378 -0.323313758848 0.946113489321 0.366062118354
0.000000000000 0.000000000000 0.000000000000 1.000000000000
3 30 60
-0.149813918074 0.231154155430 -0.961313448558 1.961325168953
-0.282996929590 0.921582498845 0.265703661368 -0.490851917974
0.947348155534 0.311854860872 -0.072649968732 2.797054531135
0.000000000000 0.000000000000 0.000000000000 1.000000000000
3 39 60
0.937447292410 0.036456890476 -0.346213040037 -0.371101099132
0.038467087524 0.977563793676 0.207097350227 -0.207612450173
0.345995458253 -0.207460657549 0.915012141142 0.595848461915
0.000000000000 0.000000000000 0.000000000000 1.000000000000
3 47 60
0.997880977028 0.032510047363 0.056361800068 -0.386078707511
-0.039065135897 0.992076765000 0.119405223942 0.233928349077
-0.052033362796 -0.121353982908 0.991244540963 -0.021199414481
0.000000000000 0.000000000000 0.000000000000 1.000000000000
4 6 60
0.996597421660 0.004687218184 -0.082289787502 0.222456447966
-0.008356972984 0.998982968908 -0.044307886818 -0.021878921750
0.081998415498 0.044844819293 0.995623022051 -0.049525185048
0.000000000000 0.000000000000 0.000000000000 1.000000000000
4 7 60
0.991283187669 0.122253379806 0.049109601613 0.382334055079
-0.116949886077 0.988162694159 -0.099283503260 0.253402099987
-0.060666020072 0.092674705280 0.993846584243 0.522599368841
0.000000000000 0.000000000000 0.000000000000 1.000000000000
4 51 60
0.997673116569 -0.001530825752 0.068161639116 -0.155299480072
0.001521664223 0.999998824909 0.000186328633 0.057121652866
-0.068161844257 -0.000082175941 0.997674273616 0.050021490433
0.000000000000 0.000000000000 0.000000000000 1.000000000000
5 19 60
0.030843328814 -0.972036116074 0.232797074971 -0.908981515480
-0.980302691064 0.016038495972 0.196848674217 0.066605286163
-0.195077735690 -0.234283067451 -0.952394939793 3.557487318099
0.000000000000 0.000000000000 0.000000000000 1.000000000000
5 20 60
-0.546808901080 0.062295364527 0.834936712127 -1.704045652565
-0.577659503784 0.693787560635 -0.430079432657 0.924253971414
-0.606060659824 -0.717480388768 -0.343383704253 2.807969126476
0.000000000000 0.000000000000 0.000000000000 1.000000000000
5 21 60
0.219604328813 0.674520514799 0.704837579788 -1.742463466874
-0.585306808450 0.669098154635 -0.457955892468 0.640386254653
-0.780506168297 -0.311977137910 0.541738300909 1.342209263733
0.000000000000 0.000000000000 0.000000000000 1.000000000000
6 19 60
0.866701329859 0.497609407644 -0.034837942596 0.606559064447
-0.487273442317 0.859503670270 0.154330921091 0.704543419745
0.106739857751 -0.116783210337 0.987404823034 1.076321227366
0.000000000000 0.000000000000 0.000000000000 1.000000000000
6 40 60
0.983629245476 -0.161748117831 -0.079442141353 0.355657458358
0.167404138253 0.983358520862 0.070582391173 0.072438175880
0.066703537691 -0.082725847388 0.994337504188 0.233204048530
0.000000000000 0.000000000000 0.000000000000 1.000000000000
6 58 60
0.724362813552 0.059678650092 -0.686831109565 2.318618487192
-0.127705907363 0.990620166871 -0.048609528000 0.094029200677
0.677487797356 0.122923324519 0.725189727396 1.083607709984
0.000000000000 0.000000000000 0.000000000000 1.000000000000
7 14 60
0.949723064670 0.241234380566 0.199579743626 0.322274025152
-0.098473537403 0.835250755080 -0.540979794973 1.178841298053
-0.297202057302 0.494127665459 0.817012109680 1.310636945656
0.000000000000 0.000000000000 0.000000000000 1.000000000000
7 19 60
0.087247735635 -0.528687698370 -0.844320525759 1.887601161817
0.991050684917 0.132017768952 0.019744584240 0.382042888966
0.101026593294 -0.838487105609 0.535474556982 2.132370777890
0.000000000000 0.000000000000 0.000000000000 1.000000000000
7 20 60
0.928838532275 0.283668777217 -0.238308635584 1.301889696209
-0.258857002532 0.957082948435 0.130327595140 0.119770737134
0.265051001133 -0.059365433099 0.962405170472 1.641888725872
0.000000000000 0.000000000000 0.000000000000 1.000000000000
7 21 60
0.180245499177 0.880955150633 -0.437526665014 1.471867792458
-0.954624162978 0.263882554098 0.138053269073 -0.602236144479
0.237074392302 0.392790045972 0.888544715983 1.662173931721
0.000000000000 0.000000000000 0.000000000000 1.000000000000
7 26 60
0.890278866027 -0.347367500565 0.294515466924 0.034957016915
0.394547301634 0.911288435626 -0.117838083268 0.017351487189
-0.227455418664 0.221109037911 0.948353745115 0.899169174815
0.000000000000 0.000000000000 0.000000000000 1.000000000000
7 27 60
0.992717251467 -0.111988459576 -0.044396436364 0.667069889918
0.114354878370 0.991920548384 0.054923469348 0.103563245136
0.037886942777 -0.059600424613 0.997503067139 1.100104650792
0.000000000000 0.000000000000 0.000000000000 1.000000000000
7 28 60
0.954140094920 -0.137446109067 -0.265942186141 0.774631582890
0.060235419420 0.958345378742 -0.279187802904 0.232427972849
0.293237742309 0.250365137639 0.922674874667 0.757106831846
0.000000000000 0.000000000000 0.000000000000 1.000000000000
7 51 60
0.997059800399 -0.033597361701 0.068869236352 -0.160572637480
0.036809438405 0.998266974861 -0.045914182412 0.088770385974
-0.067207288840 0.048314223465 0.996568570715 -0.013277926171
0.000000000000 0.000000000000 0.000000000000 1.000000000000
7 53 60
0.990005713910 0.020439414061 0.139538226945 -0.125871623264
-0.032005789349 0.996187361208 0.081156458878 0.063456633818
-0.137347427621 -0.084811389108 0.986885359302 0.655669701969
0.000000000000 0.000000000000 0.000000000000 1.000000000000
7 54 60
-0.594848542622 0.101855557596 -0.797358549667 3.234010551038
0.213561955589 -0.936265864087 -0.278922073113 0.028554159394
-0.774949354775 -0.336201839868 0.535183912692 2.003634716029
0.000000000000 0.000000000000 0.000000000000 1.000000000000
7 56 60
0.984211504378 -0.010413275630 0.176689779956 1.254858861668
-0.044925114426 0.950878916963 0.306285845850 -0.020105946688
-0.171200025537 -0.309387861697 0.935398151747 0.966608477472
0.000000000000 0.000000000000 0.000000000000 1.000000000000
7 57 60
0.161755618427 -0.816942964484 -0.553569609614 1.948370864627
0.896069809741 0.356583168070 -0.264399962783 0.484394256226
0.413393294549 -0.453268835272 0.789717257626 1.262542955473
0.000000000000 0.000000000000 0.000000000000 1.000000000000
7 58 60
-0.811943517009 -0.011790872150 0.583616912470 -0.368146627862
0.255876121304 0.891435791319 0.373991497901 -1.025478868658
-0.524666690132 0.452993604027 -0.720778508958 4.117496919205
0.000000000000 0.000000000000 0.000000000000 1.000000000000
8 13 60
0.760547017332 -0.624901907022 0.176255045395 -0.883390644919
-0.554170221637 -0.766211452839 -0.325292752744 0.847555694478
0.338324695934 0.149725135288 -0.929041863419 4.441333471059
0.000000000000 0.000000000000 0.000000000000 1.000000000000
8 15 60
0.824660785339 0.546034339414 0.147584177012 -0.093165657797
-0.415580563715 0.761910234585 -0.496775190097 1.256907940429
-0.383702207691 0.348337902925 0.855238750993 0.536442145801
0.000000000000 0.000000000000 0.000000000000 1.000000000000
8 16 60
0.652541333884 -0.674064637130 -0.346159894477 0.616336317795
-0.430479565212 -0.705714318291 0.562720752143 -0.428609523211
-0.623600153550 -0.218183789340 -0.750678814515 3.917702487721
0.000000000000 0.000000000000 0.000000000000 1.000000000000
8 19 60
0.392196287083 -0.872242726755 -0.292189489922 0.958262578969
-0.919860866309 -0.369746616728 -0.130932906675 0.113289218840
0.006169200198 0.320125077181 -0.947355200508 3.127879212986
0.000000000000 0.000000000000 0.000000000000 1.000000000000
8 24 60
-0.724240752845 -0.160335568220 -0.670647327201 1.148860207197
-0.048751864829 0.982063306296 -0.182139831178 0.435659992649
0.687821624838 -0.099217780612 -0.719066926242 4.105221759018
0.000000000000 0.000000000000 0.000000000000 1.000000000000
8 27 60
-0.199387550090 -0.973554305596 -0.111519589864 0.701601969542
0.972476814516 -0.182586538122 -0.144744607237 0.313166545862
0.120554759742 -0.137310488133 0.983164472381 0.187063696852
0.000000000000 0.000000000000 0.000000000000 1.000000000000
8 30 60
-0.179372602141 -0.079127785645 -0.980593831890 2.227671774488
-0.156881591426 0.986305338503 -0.050891507269 0.141263656925
0.971191863574 0.144708578804 -0.189329848011 2.925256467037
0.000000000000 0.000000000000 0.000000000000 1.000000000000
8 31 60
0.895383822981 0.425589226905 -0.131002364435 -0.264267881101
-0.442029416366 0.885048232485 -0.145943897587 0.380395897917
0.053831260550 0.188582703656 0.980580827505 0.356310899847
0.000000000000 0.000000000000 0.000000000000 1.000000000000
8 34 60
0.491732164693 0.597132238010 -0.633744876537 1.388570661922
-0.612087126666 -0.280612105550 -0.739328205596 2.161207312488
-0.619313190217 0.751458539474 0.227510957701 1.578474090799
0.000000000000 0.000000000000 0.000000000000 1.000000000000
8 36 60
0.975833003716 0.190820283615 0.106478017543 -0.320377460209
-0.176764735275 0.975796168861 -0.128748068717 0.401598243772
-0.128468584575 0.106815056036 0.985944403392 0.157266421287
0.000000000000 0.000000000000 0.000000000000 1.000000000000
8 40 60
0.822945228427 -0.279202205880 0.494780031165 -1.981970391830
0.240901426944 0.960227592065 0.141171788728 -0.085245585311
-0.514516912749 0.003016565608 0.857474924897 0.078200381787
0.000000000000 0.000000000000 0.000000000000 1.000000000000
8 43 60
0.986059911981 0.089919325078 -0.140001303429 0.568137626231
-0.080356791157 0.994123808645 0.072530264032 -0.233590131933
0.145700501369 -0.060269130266 0.987491263676 0.129469886907
0.000000000000 0.000000000000 0.000000000000 1.000000000000
8 44 60
0.998883142579 0.013620881513 -0.045243110613 0.226986439822
-0.015611835880 0.998911834036 -0.043947905567 0.096445600348
0.044595269385 0.044605150040 0.998008838908 -0.037836275184
0.000000000000 0.000000000000 0.000000000000 1.000000000000
8 45 60
-0.585852194198 -0.476749639820 -0.655352567314 2.045524346429
0.762997753132 -0.051917976001 -0.644312775354 1.934343872590
0.273151304719 -0.877504589560 0.394175164147 1.744014028431
0.000000000000 0.000000000000 0.000000000000 1.000000000000
8 46 60
0.957268381121 0.289010392921 0.010499489931 -0.119645025879
-0.274193733851 0.918538373021 -0.284789489983 0.601296599415
-0.091951306798 0.269741079689 0.958532580096 -0.159859928878
0.000000000000 0.000000000000 0.000000000000 1.000000000000
8 48 60
-0.648320614079 -0.616815066277 -0.446340178982 1.260645143335
0.689624803517 -0.227312462402 -0.687565760353 2.224756208440
0.322642234889 -0.753570314205 0.572742324100 1.377795569092
0.000000000000 0.000000000000 0.000000000000 1.000000000000
8 56 60
0.357974089915 -0.482219898642 0.799573961747 -1.482535351493
0.237960186826 0.875160919905 0.421269882327 -0.212213006215
-0.902900603851 0.039463066584 0.428034071005 1.807524132597
0.000000000000 0.000000000000 0.000000000000 1.000000000000
8 58 60
0.948001102789 -0.103054651615 0.301120653376 -0.989159380856
0.103195545134 0.994540560472 0.015483960781 -0.234434370298
-0.301072397563 0.016395498081 0.953460329048 0.477622918987
0.000000000000 0.000000000000 0.000000000000 1.000000000000
9 19 60
-0.931664722172 -0.255621206861 -0.258183353575 -1.042416583739
0.066808122377 0.577972726304 -0.813316790946 1.476561324451
0.357123956414 -0.774987307155 -0.521399226605 3.027252921880
0.000000000000 0.000000000000 0.000000000000 1.000000000000
9 30 60
-0.025837440055 0.112529418545 -0.993312416440 2.191533924515
-0.338154768563 0.934084910370 0.114615586711 -0.521752056061
0.940735764808 0.338854703643 0.013917996606 1.997752648885
0.000000000000 0.000000000000 0.000000000000 1.000000000000
9 39 60
0.521174698430 -0.394486520686 0.756807319410 -2.861339721588
0.427284462347 0.888230877306 0.168742101551 -0.705671430053
-0.738786113806 0.235427894686 0.631481420511 0.936346750545
0.000000000000 0.000000000000 0.000000000000 1.000000000000
9 40 60
0.768377903328 -0.288839401675 0.571110495191 -2.297616626532
0.253915739603 0.956710864766 0.142236136126 -0.378334278567
-0.587471016186 0.035722839727 0.808456358663 0.199051897477
0.000000000000 0.000000000000 0.000000000000 1.000000000000
9 41 60
0.999138978181 0.038725605350 -0.014887235084 -1.197519647653
0.036169347020 -0.988813968021 -0.144702159568 0.972476008996
-0.020324384721 0.144039106280 -0.989363257478 5.330956859970
0.000000000000 0.000000000000 0.000000000000 1.000000000000
9 42 60
0.969088900395 -0.142768445655 0.201206048757 -0.957196667394
0.117651871665 0.984276621523 0.131748128704 -0.039902602309
-0.216851885453 -0.104003380948 0.970648523682 -0.145355661152
0.000000000000 0.000000000000 0.000000000000 1.000000000000
9 46 60
0.972803505914 -0.090951717844 0.213028457966 -0.598976022914
0.122781693461 0.982325008873 -0.141287765544 0.234912956530
-0.196412816875 0.163601228489 0.966776418518 -0.154257665339
0.000000000000 0.000000000000 0.000000000000 1.000000000000
9 47 60
0.984395259248 -0.061065394255 -0.165036332953 -0.231598186910
0.054647814124 0.997572691141 -0.043154864164 0.103053588376
0.167271007594 0.033462568850 0.985342918229 0.073372572696
0.000000000000 0.000000000000 0.000000000000 1.000000000000
9 49 60
0.997979380254 0.001393662336 0.063523336604 -0.232103697421
-0.002533666607 0.999837122712 0.017869207615 -0.079555329099
-0.063488086453 -0.017994047698 0.997820363155 -0.006913224770
0.000000000000 0.000000000000 0.000000000000 1.000000000000
9 59 60
0.935680555184 0.028814636362 0.351669753295 -0.886653393237
-0.098744529030 0.978220693075 0.182575446394 0.110107630607
-0.338749784705 -0.205557759208 0.918147368885 0.007163585623
0.000000000000 0.000000000000 0.000000000000 1.000000000000
10 12 60
0.757005250295 -0.401978412909 0.515127563406 -1.725987272607
-0.053285032790 0.747765262728 0.661821590112 -1.081699314729
-0.651232490210 -0.528451007580 0.544642796961 1.196901734500
0.000000000000 0.000000000000 0.000000000000 1.000000000000
10 18 60
0.738989856199 -0.673546494233 0.015136463920 -0.796364144016
0.426336158844 0.484920271184 0.763603175908 -1.048459411732
-0.521662220308 -0.557841779272 0.645508386624 1.621995370296
0.000000000000 0.000000000000 0.000000000000 1.000000000000
10 20 60
0.940746436176 0.204573574296 -0.270454793862 -0.004968948784
0.192866871639 0.333217291876 0.922913108705 -1.187396871538
0.278923847397 -0.920388987926 0.274017514509 2.668126488715
0.000000000000 0.000000000000 0.000000000000 1.000000000000
10 21 60
0.723765973059 -0.562062220565 -0.400310974687 0.435644149983
0.688884623248 0.554900327968 0.466394255833 -0.265443331868
-0.040009899950 -0.613328367381 0.788813996878 1.862618074558
0.000000000000 0.000000000000 0.000000000000 1.000000000000
10 33 60
0.946559271212 0.311982082704 0.081809083572 -0.213781234146
-0.311936449414 0.950004663724 -0.013667129567 -0.035273820996
-0.081982910475 -0.012582486857 0.996554305301 0.088115998269
0.000000000000 0.000000000000 0.000000000000 1.000000000000
10 40 60
0.996235442228 -0.078720076550 0.036305553256 -0.237669295428
0.078168440994 0.996805699608 0.016373517102 -0.312100922469
-0.037478506933 -0.013473929554 0.999206592622 0.514541479524
0.000000000000 0.000000000000 0.000000000000 1.000000000000
10 50 60
0.999834439657 -0.000083690148 0.018195776207 -0.073319524359
0.000257945052 0.999954129851 -0.009574531789 0.060756507283
-0.018194140270 0.009577640137 0.999788598689 0.027221137009
0.000000000000 0.000000000000 0.000000000000 1.000000000000
11 18 60
-0.884866368513 0.367087675180 -0.286806814084 0.729655291685
-0.303207280003 0.013565309358 0.952828068298 -1.322076351362
0.353662063597 0.930087426597 0.099300169485 2.116281960023
0.000000000000 0.000000000000 0.000000000000 1.000000000000
11 21 60
-0.455332299998 -0.698377818960 0.552214558449 -0.699784707178
-0.747079183752 -0.037682759976 -0.663666107922 0.938841338989
0.484298657630 -0.714736616933 -0.504585353169 3.543406642356
0.000000000000 0.000000000000 0.000000000000 1.000000000000
11 23 60
0.922674887580 0.127926540341 -0.363738714059 0.949350477514
-0.148637227340 0.988454632292 -0.029400927697 0.220056677060
0.355778057893 0.081192611592 0.931036912988 0.627505579175
0.000000000000 0.000000000000 0.000000000000 1.000000000000
11 25 60
0.987459217143 0.157545685797 -0.010180931567 -0.483077495019
-0.137439335908 0.889586640656 0.435598482220 -1.449437789882
0.077683482325 -0.428736475767 0.900083502193 1.341983546479
0.000000000000 0.000000000000 0.000000000000 1.000000000000
11 28 60
0.992837086660 0.021132862061 -0.117592182968 -0.667824415332
0.043375889478 0.853321287833 0.519578013338 -1.314467802225
0.111324083496 -0.520956986586 0.846292364707 1.254980584578
0.000000000000 0.000000000000 0.000000000000 1.000000000000
11 35 60
0.999745836372 -0.012423559375 0.018812703950 -0.072216868946
0.012600078872 0.999877424962 -0.009293711030 0.019686200421
-0.018694937012 0.009528390460 0.999779830315 -0.016929643139
0.000000000000 0.000000000000 0.000000000000 1.000000000000
11 40 60
0.934303733294 0.230372408157 -0.272038761049 0.922896798042
-0.137178301296 0.936711133031 0.322109246855 -0.829531146163
0.329026818979 -0.263630056738 0.906774804225 -0.100357585536
0.000000000000 0.000000000000 0.000000000000 1.000000000000
11 53 60
0.652260246785 0.112018570314 0.749672201944 -1.592272025302
0.725945411253 -0.376867201289 -0.575303721936 1.231369901797
0.218082164204 0.919468842592 -0.327134860812 2.983877364973
0.000000000000 0.000000000000 0.000000000000 1.000000000000
11 56 60
0.948011170642 0.208320269220 -0.240577400789 0.462738311336
-0.132000833791 0.945276999318 0.298374218789 -0.115286154910
0.289569681108 -0.251105674948 0.923631603937 0.547649844778
0.000000000000 0.000000000000 0.000000000000 1.000000000000
12 15 60
0.601429289840 -0.798616843963 0.022224892807 -0.423931019623
0.784757463715 0.595750432581 0.170988728350 -0.061698576337
-0.149794968091 -0.085396478952 0.985022288538 -0.205274705697
0.000000000000 0.000000000000 0.000000000000 1.000000000000
12 16 60
0.914520545494 -0.335910067929 -0.225425371538 0.771512073464
0.386216895375 0.890784100092 0.239458131517 -0.291758302047
0.120368939499 -0.306052468192 0.944374504694 0.210864487514
0.000000000000 0.000000000000 0.000000000000 1.000000000000
12 21 60
0.987023162355 0.001287993548 -0.160572781154 0.922018468744
-0.049101345450 0.954492747052 -0.294164331113 0.172413338199
0.152886673224 0.298231347946 0.942169691857 1.125973321498
0.000000000000 0.000000000000 0.000000000000 1.000000000000
12 22 60
0.898544801217 0.038565671819 -0.437184090703 0.943486748092
0.090394135002 0.958511654850 0.270341095422 0.013296096005
0.429471932218 -0.282432463563 0.857779553826 0.609513452268
0.000000000000 0.000000000000 0.000000000000 1.000000000000
12 23 60
0.929856913090 -0.231405779128 0.286037561457 -0.508771501097
-0.050349577289 -0.850162227413 -0.524107915555 1.108530132526
0.364459930919 0.472943498177 -0.802180407569 3.849589310421
0.000000000000 0.000000000000 0.000000000000 1.000000000000
12 26 60
0.132095828996 0.903086017809 -0.408639616777 0.834987093217
-0.883301396400 0.294318440026 0.364904506655 -0.907767583275
0.449810332339 0.312749580813 0.836575378925 0.434872185798
0.000000000000 0.000000000000 0.000000000000 1.000000000000
12 27 60
-0.838608245624 0.544689999133 -0.007001086835 -0.038602728087
-0.410212641484 -0.623005383314 0.666025435796 -1.407487656490
0.358415679259 0.561406356577 0.745896174849 0.769639374097
0.000000000000 0.000000000000 0.000000000000 1.000000000000
12 54 60
0.870786413513 0.487000466254 0.067539380445 -0.311821064945
-0.460126483195 0.758803638791 0.460977935718 -0.841069156224
0.173247341984 -0.432489980955 0.884837711035 0.108231882254
0.000000000000 0.000000000000 0.000000000000 1.000000000000
12 57 60
0.662271419411 -0.702072670410 -0.261706959202 0.203068201175
0.601124117828 0.289363715307 0.744928476586 -1.724126640900
-0.447265426785 -0.650663204528 0.613670133114 0.889857467281
0.000000000000 0.000000000000 0.000000000000 1.000000000000
13 16 60
0.801332242375 -0.037337855791 -0.597053198514 1.732482109364
0.226345039338 0.942775873168 0.244829688028 -0.545499810580
0.553745934971 -0.331329952613 0.763927942940 0.785796243592
0.000000000000 0.000000000000 0.000000000000 1.000000000000
13 17 60
0.724586734759 0.441861978793 -0.528897017867 0.629996604428
-0.344017884280 0.896871725402 0.277979861624 -0.693705023342
0.597181512697 -0.019470487175 0.801869778095 0.364836162780
0.000000000000 0.000000000000 0.000000000000 1.000000000000
13 18 60
0.840852418305 0.378422662851 -0.386992892533 0.582624209283
-0.250315511461 0.905800487334 0.341859067259 -0.878429093929
0.479905569202 -0.190582699599 0.856369592677 0.654232559942
0.000000000000 0.000000000000 0.000000000000 1.000000000000
13 19 60
0.926863271503 0.171233555526 0.334071168166 -0.411726828346
0.350787489260 -0.078141457770 -0.933189182297 1.201695241028
-0.133688493583 0.982126764751 -0.132493036209 1.631200370729
0.000000000000 0.000000000000 0.000000000000 1.000000000000
13 20 60
0.837530239779 -0.543460709580 -0.056511543943 0.196263853397
0.522448323087 0.766254007032 0.374035488170 -0.728363367542
-0.159971394819 -0.342790393460 0.925691038625 0.728192391911
0.000000000000 0.000000000000 0.000000000000 1.000000000000
13 21 60
0.769791331607 0.137587979411 -0.623290344626 1.408094237700
0.030844986812 0.967332299291 0.251628316246 -0.343090148966
0.637549913787 -0.212926679093 0.740400119368 1.124604698700
0.000000000000 0.000000000000 0.000000000000 1.000000000000
13 22 60
0.905709343029 0.343292044170 -0.248678825713 0.954268113379
-0.282967163081 0.926429201719 0.248311334457 -0.196697310967
0.315626631586 -0.154529953768 0.936215959500 0.299965110436
0.000000000000 0.000000000000 0.000000000000 1.000000000000
13 25 60
0.048145929641 0.933597053902 -0.355075358768 0.589652011802
-0.983899264416 0.105584384629 0.144201855760 -0.378570937839
0.172116840957 0.342415651902 0.923648912949 0.008998348869
0.000000000000 0.000000000000 0.000000000000 1.000000000000
13 26 60
0.856034071908 0.473973007229 0.206289253602 -0.293204226379
-0.516912273251 0.786998527601 0.336801156941 -1.205683668652
-0.002714681651 -0.394946712826 0.918700018794 0.283546861052
0.000000000000 0.000000000000 0.000000000000 1.000000000000
13 27 60
-0.894085160003 0.150697416599 -0.421784323195 0.664931001593
-0.240368889631 -0.956042260513 0.167946399219 -0.805563096126
-0.377934549306 0.251542212647 0.891006168159 0.568720874167
0.000000000000 0.000000000000 0.000000000000 1.000000000000
13 48 60
0.929978014055 0.087409131805 0.357072173448 -0.860667696882
0.015292626347 0.961281158332 -0.275144816807 0.285616764369
-0.367296922058 0.261339201639 0.892633627382 -0.155190458817
0.000000000000 0.000000000000 0.000000000000 1.000000000000
13 54 60
0.015825019659 -0.993784088632 0.110194164710 -0.855366024652
-0.205976828571 -0.111084300538 -0.972231363548 1.795565095125
0.978428901272 -0.007311864132 -0.206454406101 2.059828258776
0.000000000000 0.000000000000 0.000000000000 1.000000000000
13 56 60
-0.534831501876 -0.678691838476 0.503321619828 -1.355381730568
-0.621584839264 -0.087471876136 -0.778447787898 0.991021624921
0.572352646712 -0.729195487692 -0.375081842443 2.661585478093
0.000000000000 0.000000000000 0.000000000000 1.000000000000
14 16 60
0.974238752402 0.068631319700 -0.214822241107 0.368736685105
-0.033613335385 0.986118508102 0.162605140335 -0.611488299331
0.222999993279 -0.151195337016 0.963021792621 0.238166041424
0.000000000000 0.000000000000 0.000000000000 1.000000000000
14 17 60
0.953097356565 0.106651947605 -0.283250403317 0.255918907213
-0.056713597841 0.982213375485 0.178998471605 -0.362892302555
0.297302870365 -0.154538820654 0.942193587424 0.123167233216
0.000000000000 0.000000000000 0.000000000000 1.000000000000
14 18 60
0.968529021227 0.183054684123 -0.168649096237 0.256655868796
-0.128089094707 0.947533496412 0.292871058651 -0.509218643872
0.213412086954 -0.262052009721 0.941160998630 0.404053910577
0.000000000000 0.000000000000 0.000000000000 1.000000000000
14 19 60
0.993661281601 0.082544734251 0.076312674542 0.404154707445
-0.112044577139 0.782324586908 0.612710578864 -1.181888030959
-0.009125249682 -0.617377200394 0.786614341499 1.186097443586
0.000000000000 0.000000000000 0.000000000000 1.000000000000
14 20 60
0.966744260282 0.231973860326 -0.107673874908 0.364928147606
-0.202176586099 0.951050978343 0.233723478981 -0.950754105625
0.156621081741 -0.204181695358 0.966322757692 0.945667006146
0.000000000000 0.000000000000 0.000000000000 1.000000000000
14 21 60
0.844271125936 -0.533191683822 0.053971235045 -0.363041737529
0.535706890862 0.842465610707 -0.057182356177 0.205795099846
-0.014979752718 0.077190174754 0.996903848889 0.502942439153
0.000000000000 0.000000000000 0.000000000000 1.000000000000
14 22 60
0.875295461629 0.186053284760 -0.446365354930 0.682957553425
-0.213409435879 0.976897566402 -0.011294132786 0.438012080246
0.433951918454 0.105144281762 0.894779532892 0.683494504590
0.000000000000 0.000000000000 0.000000000000 1.000000000000
14 23 60
0.999916890782 -0.011030507725 -0.006673786568 -0.116162589620
0.010501428122 0.997150836777 -0.074698920487 -0.045056884075
0.007478738881 0.074622628027 0.997183800435 -0.368575142893
0.000000000000 0.000000000000 0.000000000000 1.000000000000
14 25 60
0.872337580163 -0.175235595752 0.456420455519 -1.384350395504
-0.000322755487 0.933351776423 0.358962891227 -1.125051298994
-0.488903919051 -0.313284132107 0.814141271836 0.376874830228
0.000000000000 0.000000000000 0.000000000000 1.000000000000
14 26 60
0.896977837366 -0.385075268811 0.217135433832 -0.366127145283
0.240372772114 0.837053938166 0.491489201332 -1.306002743503
-0.371014406325 -0.388661474745 0.843380441052 0.414983664432
0.000000000000 0.000000000000 0.000000000000 1.000000000000
14 27 60
0.860076251316 0.204523860914 0.467374402636 -0.901774958718
0.493711882028 -0.564469989513 -0.661530202245 0.892403887873
0.128520113080 0.799714712417 -0.586463092853 3.191915589879
0.000000000000 0.000000000000 0.000000000000 1.000000000000
14 28 60
0.935464623129 -0.341776958923 0.089969157064 -0.567316133788
0.301021050083 0.903905531804 0.303876812183 -1.235489793877
-0.185181711517 -0.257183397452 0.948453706722 0.347507148558
0.000000000000 0.000000000000 0.000000000000 1.000000000000
14 34 60
0.949430844528 -0.301435488157 -0.087850543184 0.112562761904
0.310494780384 0.859850412919 0.405278001818 -1.348405154868
-0.046626846486 -0.412060570647 0.909962649401 -0.028972964233
0.000000000000 0.000000000000 0.000000000000 1.000000000000
14 36 60
-0.025146025425 0.576324650889 -0.816833871839 1.852487226676
-0.441985908589 0.726483984131 0.526183881746 -1.350970727672
0.896669467537 0.374260494279 0.236459189730 1.589748202821
0.000000000000 0.000000000000 0.000000000000 1.000000000000
14 48 60
0.562868360253 -0.538999880684 0.626624558766 -1.565953528341
0.306570009456 0.840188970922 0.447322392066 -1.417465288735
-0.767589759135 -0.059679324420 0.638156986883 0.351444128997
0.000000000000 0.000000000000 0.000000000000 1.000000000000
14 54 60
0.852947464851 -0.242192508751 0.462410435553 -1.582994200327
0.200581701342 -0.665770343222 -0.718691054052 1.562993124579
0.481920743785 0.705756784446 -0.519287740967 2.943382649338
0.000000000000 0.000000000000 0.000000000000 1.000000000000
14 56 60
0.962516628517 -0.271194226272 0.003928290188 0.149351778500
0.267358693168 0.951140679553 0.154436837852 -0.204235826571
-0.045618735348 -0.147597761957 0.987994854061 0.261594277982
0.000000000000 0.000000000000 0.000000000000 1.000000000000
14 58 60
0.971636591327 -0.059307729846 -0.228921225696 0.488103920656
0.024320636663 0.987968508310 -0.152730917693 -0.694559676927
0.235225085876 0.142831438303 0.961388755502 0.023886948123
0.000000000000 0.000000000000 0.000000000000 1.000000000000
14 59 60
0.991703810088 -0.026360454789 -0.125812080027 0.244586904784
-0.034329928683 0.888884076601 -0.456844124797 0.962429250222
0.123874973478 0.457373178912 0.880604772959 0.056113720449
0.000000000000 0.000000000000 0.000000000000 1.000000000000
15 17 60
0.998671515369 -0.048569339242 0.017211149762 -0.056402073907
0.044191023583 0.979061326744 0.198711026138 -0.377051246065
-0.026502034360 -0.197686463268 0.979906987634 0.082842697880
0.000000000000 0.000000000000 0.000000000000 1.000000000000
15 18 60
0.986309625633 0.013250944681 0.164370723818 0.071981888537
-0.066909451587 0.943187152230 0.325455252157 -0.446169960916
-0.150719765365 -0.331997602904 0.931161180459 0.263383298736
0.000000000000 0.000000000000 0.000000000000 1.000000000000
15 19 60
0.273075657610 0.563585535185 0.779615950165 -0.194915691277
-0.901855123171 -0.132061782869 0.411359966836 -1.158240628367
0.334793999395 -0.815433032220 0.472209644049 1.311383857318
0.000000000000 0.000000000000 0.000000000000 1.000000000000
15 20 60
0.932010641905 -0.137501259851 0.335335006993 -0.745340563407
0.125356269280 0.990431893942 0.057710217578 -1.059822153154
-0.340061713704 -0.011750191494 0.940329710194 1.111545685900
0.000000000000 0.000000000000 0.000000000000 1.000000000000
15 23 60
0.959324409732 -0.031001407056 0.280598627320 -0.730098976167
0.061808559866 0.992901826939 -0.101615274381 0.011406520885
-0.275456673218 0.114825410170 0.954431111374 -0.153202918208
0.000000000000 0.000000000000 0.000000000000 1.000000000000
15 25 60
0.733055579606 -0.040838307989 0.678941639472 -2.230249184243
-0.240088663005 0.918405252817 0.314466572937 -1.028155465527
-0.636385850805 -0.393527666371 0.663437280152 1.000088629787
0.000000000000 0.000000000000 0.000000000000 1.000000000000
15 26 60
0.837936736473 -0.214155935409 0.501995279856 -1.031716624852
-0.080913792622 0.860885271733 0.502324105609 -1.217777060197
-0.539736031624 -0.461534163677 0.704039226127 0.699959132133
0.000000000000 0.000000000000 0.000000000000 1.000000000000
15 28 60
0.552510497953 -0.713583395119 0.430732965840 -0.603262298662
0.561081185762 0.700567648180 0.440900071791 -1.426495240922
-0.616376551010 -0.001925754992 0.787449197620 0.621708899769
0.000000000000 0.000000000000 0.000000000000 1.000000000000
15 56 60
0.384425709925 -0.885341674332 0.261509069134 -0.978886095485
0.782117945046 0.462840793105 0.417216874389 -0.807941466345
-0.490416551094 0.044142042633 0.870369511464 0.510881057844
0.000000000000 0.000000000000 0.000000000000 1.000000000000
16 18 60
0.998231549232 0.059373845564 0.002919003413 0.025857580678
-0.058756714543 0.978020401265 0.200059349211 0.008045899849
0.009023448014 -0.199877065152 0.979779432429 0.196370121525
0.000000000000 0.000000000000 0.000000000000 1.000000000000
16 19 60
0.992017288407 0.067346635222 0.106612054791 0.474113483542
-0.092434072342 0.963435406246 0.251491869177 -0.481372946991
-0.085776697143 -0.259338868502 0.961969703011 0.804133959262
0.000000000000 0.000000000000 0.000000000000 1.000000000000
16 20 60
0.995517404016 0.001896237208 0.094559518748 0.185225992456
-0.008144077900 0.997804139588 0.065731065841 -0.361373324577
-0.094227237551 -0.066206520116 0.993346829863 0.649748592372
0.000000000000 0.000000000000 0.000000000000 1.000000000000
16 21 60
0.763333709648 0.554076258095 -0.332146274900 0.294745311613
-0.487070360182 0.831384299895 0.267511887813 -0.382939319055
0.424363184016 -0.042422235950 0.904497784380 0.789363388176
0.000000000000 0.000000000000 0.000000000000 1.000000000000
16 25 60
0.693736376169 -0.395467500828 0.601942934313 -1.730751327232
0.116478538876 0.886368116074 0.448089625845 -0.943163443519
-0.710747909151 -0.240742639757 0.660969281466 0.557953037027
0.000000000000 0.000000000000 0.000000000000 1.000000000000
16 26 60
0.761422892342 0.409126583456 0.502842537707 -0.800512072865
0.515315425139 -0.852613940861 -0.086599540773 -0.086645240237
0.393300383461 0.325061388907 -0.860029012192 3.858040128693
0.000000000000 0.000000000000 0.000000000000 1.000000000000
16 27 60
0.236670967240 0.792735907856 0.561744277820 -0.557963283186
0.930823101990 -0.019280030167 -0.364961139355 0.547384522623
-0.278487353515 0.609260257061 -0.742459920197 3.460499749079
0.000000000000 0.000000000000 0.000000000000 1.000000000000
16 28 60
0.930301796353 -0.280974807892 0.235778974956 -0.740382466149
0.303706651031 0.950503309120 -0.065618057509 -0.421328171794
-0.205671674814 0.132652239642 0.969588853843 0.124829159840
0.000000000000 0.000000000000 0.000000000000 1.000000000000
16 31 60
0.703794574754 0.669055481983 -0.238826209983 -0.490064954185
-0.676019517327 0.734072923919 0.064300502039 0.168595744883
0.218336457654 0.116196834708 0.968931105323 0.255837238384
0.000000000000 0.000000000000 0.000000000000 1.000000000000
16 32 60
0.724219461535 -0.425688888795 0.542489761647 -1.650342695428
0.356598790814 0.904546601866 0.233736491467 -0.358977457309
-0.590206297768 0.024174677041 0.806890395943 0.496096779821
0.000000000000 0.000000000000 0.000000000000 1.000000000000
16 33 60
0.305182477871 0.950102948895 -0.064560372540 -0.139164419461
-0.948950768386 0.297735739006 -0.104143501473 -0.588145568780
-0.079725117629 0.093047386963 0.992464653979 -0.825351114711
0.000000000000 0.000000000000 0.000000000000 1.000000000000
16 40 60
0.753503947280 -0.266599461514 0.600963000986 -1.708941219238
-0.583272011417 -0.692860383797 0.423955480283 -0.702503018425
0.303357152762 -0.669977026237 -0.677573038265 4.042446901193
0.000000000000 0.000000000000 0.000000000000 1.000000000000
16 48 60
-0.952379753481 0.230304633754 -0.199831381000 0.496005621258
-0.302357062967 -0.798010148609 0.521306060958 -1.016389041908
-0.039408268605 0.556901767271 0.829642941256 -0.062364516702
0.000000000000 0.000000000000 0.000000000000 1.000000000000
16 50 60
0.997312680572 0.041654470784 0.060268750060 -0.140636258999
-0.045587836421 0.996815111550 0.065432274574 -0.119163872364
-0.057351254044 -0.068003959070 0.996035288135 -0.006631909410
0.000000000000 0.000000000000 0.000000000000 1.000000000000
16 51 60
0.533861946615 0.831119591151 -0.155665176459 0.333230998398
-0.715160110870 0.542030714442 0.441303433503 -0.608309854156
0.451151236036 -0.124269585203 0.883753151291 -1.256953975356
0.000000000000 0.000000000000 0.000000000000 1.000000000000
16 55 60
-0.535457994142 0.447567217961 -0.716218068689 1.256451163180
0.722554371883 0.681830252964 -0.114116983024 0.462396062543
0.437264126338 -0.578611347581 -0.688483109647 3.765886644827
0.000000000000 0.000000000000 0.000000000000 1.000000000000
16 56 60
0.949948256054 -0.282440561683 0.133512695790 -0.358453441764
0.250198153272 0.943733505450 0.216258999329 -0.073172158112
-0.187080717660 -0.172030229343 0.967164104624 0.076504184565
0.000000000000 0.000000000000 0.000000000000 1.000000000000
16 57 60
0.523952957570 -0.851448737771 0.022546511981 -0.608407683928
0.766512016467 0.482897513196 0.423402078834 -1.211129969785
-0.371392820160 -0.204560599083 0.905661269149 0.195607256185
0.000000000000 0.000000000000 0.000000000000 1.000000000000
16 58 60
0.942552453214 0.239362285066 0.233024825777 -0.643982733870
-0.326791389943 0.805378693876 0.494542765502 -1.300126292577
-0.069298343411 -0.542283003550 0.837333197516 0.265471807266
0.000000000000 0.000000000000 0.000000000000 1.000000000000
17 20 60
0.709751389718 0.699016794899 -0.087341200142 0.578767948250
-0.695590049681 0.715019654458 0.070009831618 -0.358581984311
0.111388722855 0.011064094461 0.993715320519 0.464428394944
0.000000000000 0.000000000000 0.000000000000 1.000000000000
17 21 60
0.954033712997 0.258476563461 -0.151688960067 0.382331259166
-0.256368711165 0.965993611050 0.033636696426 -0.338418919115
0.155224863991 0.006797760806 0.987855774922 0.684229288600
0.000000000000 0.000000000000 0.000000000000 1.000000000000
17 22 60
0.986879691126 0.128904459904 0.097221990625 0.021295957874
-0.139286760558 0.984248412649 0.108877272789 0.293663596603
-0.081655823902 -0.120990505470 0.989289454108 0.164337824335
0.000000000000 0.000000000000 0.000000000000 1.000000000000
17 26 60
0.562865941391 -0.690982083022 0.453569942749 -0.703028936620
0.535780223622 0.722867231657 0.436351369166 -1.168729923643
-0.629381826873 -0.002593518828 0.777091879807 0.353351714956
0.000000000000 0.000000000000 0.000000000000 1.000000000000
17 27 60
0.788695790529 -0.525982899814 0.318278084551 -0.777809915639
-0.077183260020 -0.598326155914 -0.797526523396 1.664021211646
0.609919416296 0.604440071680 -0.512494395456 2.454047212625
0.000000000000 0.000000000000 0.000000000000 1.000000000000
17 31 60
0.982721520735 0.172281848465 -0.067656318054 -0.253016191650
-0.181505320772 0.968593383163 -0.169949041256 0.002674926398
0.036252327024 0.179292561981 0.983127634646 0.230619488756
0.000000000000 0.000000000000 0.000000000000 1.000000000000
17 45 60
-0.877811882608 0.478195399493 0.027847058320 -0.801412535194
0.109979495906 0.144622341490 0.983355931910 -2.304351399217
0.466208975925 0.866264127300 -0.179542898831 1.904062670055
0.000000000000 0.000000000000 0.000000000000 1.000000000000
17 56 60
0.938666846307 -0.138637149607 0.315728193852 -0.217875869307
0.150932004114 0.988434849594 -0.014699600093 0.302462897409
-0.310038839145 0.061451516314 0.948735805883 0.151490268407
0.000000000000 0.000000000000 0.000000000000 1.000000000000
17 59 60
0.997107157479 0.065850781968 -0.037960387498 0.129343675748
-0.074919652330 0.935713401234 -0.344713615115 0.912256001866
0.012820382188 0.346560391945 0.937940047410 -0.020536819206
0.000000000000 0.000000000000 0.000000000000 1.000000000000
18 20 60
0.991256535156 0.131579873059 0.009859944981 0.293175270086
-0.131717678504 0.982333060268 0.132936871768 -0.702871424138
0.007806066784 -0.133073271967 0.991075461108 0.387773894720
0.000000000000 0.000000000000 0.000000000000 1.000000000000
18 21 60
0.896518203619 0.020725202744 -0.442521837371 0.920140205597
-0.137211519962 0.962774757344 -0.232890028574 0.345588340509
0.421222161536 0.269509243981 0.865988832515 0.667835757245
0.000000000000 0.000000000000 0.000000000000 1.000000000000
18 22 60
0.977179450136 -0.131834023176 -0.166553632697 0.355626273849
0.112224185200 0.986146610411 -0.122149887560 0.790967487898
0.180349811444 0.100671014238 0.978437168348 0.081718505653
0.000000000000 0.000000000000 0.000000000000 1.000000000000
18 23 60
-0.946980280211 -0.251612794938 0.199798274058 -0.635170257240
-0.321291521619 0.740974003293 -0.589685750701 0.926308335994
0.000327152890 -0.622614268924 -0.782528827011 3.600316984148
0.000000000000 0.000000000000 0.000000000000 1.000000000000
18 25 60
-0.843103951080 0.353188247820 -0.405504364066 0.781237148126
0.398416826025 0.916716272176 -0.029921715662 -0.057651793626
0.361164450651 -0.186786878367 -0.913603251776 3.553761887569
0.000000000000 0.000000000000 0.000000000000 1.000000000000
18 26 60
-0.875518397523 0.199367457306 -0.440136515830 0.709721810673
0.190129014185 0.979571058145 0.065509541366 -0.286993788515
0.444205463230 -0.026327913183 -0.895538021205 3.541784458640
0.000000000000 0.000000000000 0.000000000000 1.000000000000
18 27 60
-0.621723737207 0.783235831507 0.001107626763 0.028105690015
0.782576662540 0.621141213186 0.041920884164 -0.203137620474
0.032145945935 0.026930011626 -0.999120319398 3.364197837657
0.000000000000 0.000000000000 0.000000000000 1.000000000000
18 28 60
-0.839836771171 0.474309560124 -0.264016361166 0.773679880580
0.438652263066 0.879482108229 0.184649433829 -0.544830345210
0.319778657662 0.039264009994 -0.946678376020 3.401371433229
0.000000000000 0.000000000000 0.000000000000 1.000000000000
18 29 60
0.766010055229 -0.019479162104 -0.642533390208 1.029963988469
-0.441975505817 0.709846228484 -0.548430473411 1.480184977811
0.466782869808 0.704087277368 0.535140036162 0.172607317981
0.000000000000 0.000000000000 0.000000000000 1.000000000000
18 31 60
0.997419027363 -0.002664484415 -0.071750849313 -0.324991441085
-0.015684297319 0.967092038010 -0.253942892863 -0.097427251035
0.070066301972 0.254412834859 0.964554209356 0.047287783475
0.000000000000 0.000000000000 0.000000000000 1.000000000000
18 32 60
0.902318413943 -0.188749012750 0.387550370978 -0.944327043364
0.234548433724 0.969282281459 -0.074019531800 -0.128525087019
-0.361674594210 0.157688519036 0.918872036177 0.011028160167
0.000000000000 0.000000000000 0.000000000000 1.000000000000
18 33 60
0.920870563284 0.177293674922 0.347223787362 0.190353569702
-0.166531379708 0.984156377370 -0.060856589245 -0.145055444330
-0.352511993058 -0.001782614759 0.935805597886 -1.060901971519
0.000000000000 0.000000000000 0.000000000000 1.000000000000
18 34 60
0.059370259431 0.661201106476 -0.747855780943 1.965329734626
-0.917435050365 0.331412499111 0.220178754189 -0.469771597251
0.393431189229 0.673037036297 0.626285116471 -0.114049598845
0.000000000000 0.000000000000 0.000000000000 1.000000000000
18 41 60
0.003978247875 0.425973982469 -0.904726665797 1.964186648213
-0.999499994125 0.030073492058 0.009764569550 -0.168695821907
0.031367742777 0.904235451271 0.425880632781 0.456568448039
0.000000000000 0.000000000000 0.000000000000 1.000000000000
18 43 60
0.978484876101 0.097832526425 -0.181648407685 0.513326105428
-0.167205036219 0.891814742862 -0.420367625153 0.658780945800
0.120871101195 0.441695892200 0.888985329299 -0.660134399271
0.000000000000 0.000000000000 0.000000000000 1.000000000000
18 48 60
0.831849140153 0.530665349253 0.162546286112 -0.350448783898
-0.300395830769 0.676764476020 -0.672125128867 1.219841892911
-0.466679068402 0.510278483869 0.722375605912 -0.012604008562
0.000000000000 0.000000000000 0.000000000000 1.000000000000
18 49 60
0.541471886123 0.769219183919 0.339278710840 -0.162504903367
0.835847181783 -0.449169639007 -0.315604379089 1.154250116023
-0.090375246853 0.454476052708 -0.886162418675 4.912302004123
0.000000000000 0.000000000000 0.000000000000 1.000000000000
18 50 60
0.999914570949 0.012170094693 0.004768605563 0.015729395403
-0.012196244251 0.999910532380 0.005493529099 0.037127036070
-0.004701322158 -0.005551218870 0.999973540419 -0.036903599563
0.000000000000 0.000000000000 0.000000000000 1.000000000000
18 54 60
0.966811269561 -0.074462447616 0.244399903735 -0.376601845604
0.003042584420 0.959874514752 0.280413370953 -0.753396847564
-0.255473504948 -0.270363199834 0.928244056509 -0.230527298681
0.000000000000 0.000000000000 0.000000000000 1.000000000000
18 55 60
-0.282366959967 0.602320482619 -0.746645120614 1.523351629103
0.365179385812 0.787207763339 0.496938581232 -1.240262925494
0.887081121486 -0.132340370093 -0.442236486902 3.151224198337
0.000000000000 0.000000000000 0.000000000000 1.000000000000
18 56 60
0.862535638974 -0.480336107248 0.159089583489 0.257707511694
0.501031954753 0.854695156369 -0.135879247852 0.411903691642
-0.070705387468 0.196909658866 0.977868771579 -0.082337238193
0.000000000000 0.000000000000 0.000000000000 1.000000000000
18 57 60
0.778572955390 -0.532896940234 -0.331428731742 0.886858818259
0.618220154610 0.742052065612 0.259157427741 -0.816625144133
0.107833174710 -0.406668886208 0.907189298561 -0.115532674214
0.000000000000 0.000000000000 0.000000000000 1.000000000000
18 58 60
0.872660807294 -0.480762642968 -0.085617734955 0.597544952521
0.488326847247 0.859170268027 0.152850714080 -0.949829281560
0.000075299008 -0.175196266124 0.984533525415 -0.278549120103
0.000000000000 0.000000000000 0.000000000000 1.000000000000
19 21 60
0.836556665365 -0.322084997992 -0.443208979717 0.411833522650
-0.016585309178 0.793693939947 -0.608091158635 0.794451801316
0.547629320939 0.516053469866 0.658628076449 0.380484568761
0.000000000000 0.000000000000 0.000000000000 1.000000000000
19 22 60
0.725845273198 0.643300491676 -0.243542843842 0.364205482780
0.384352947771 -0.085676439427 0.919202023097 -1.254786544660
0.570457229700 -0.760804853518 -0.309442278861 1.588853854901
0.000000000000 0.000000000000 0.000000000000 1.000000000000
19 24 60
0.043215010416 0.993382636094 -0.106411471106 -0.285866293617
0.961251070847 -0.012316349170 0.275399140045 -1.188918747247
0.272266122882 -0.114189517257 -0.955422373863 3.135014721172
0.000000000000 0.000000000000 0.000000000000 1.000000000000
19 25 60
-0.358780964483 0.849998904163 0.385717620086 -0.721364301716
0.775432852309 0.041389041041 0.630072090195 -1.255497831995
0.519596103802 0.525155986543 -0.673966674778 2.801646398207
0.000000000000 0.000000000000 0.000000000000 1.000000000000
19 26 60
0.960727438667 0.092360682505 -0.261672109557 0.144246480832
-0.158455861333 0.956721330600 -0.244082026345 0.704496091420
0.227803706295 0.275959779502 0.933783524964 -0.940148419280
0.000000000000 0.000000000000 0.000000000000 1.000000000000
19 28 60
0.596305940538 -0.801825027775 -0.038676221536 -0.401562868396
0.768737983516 0.584249492860 -0.260181557365 0.144557081728
0.231216647279 0.125415927722 0.964784798333 -0.757161781390
0.000000000000 0.000000000000 0.000000000000 1.000000000000
19 31 60
0.825048724961 -0.559417347984 0.079667008330 -0.686080640962
0.428857711660 0.528119104788 -0.732919691581 0.639646949902
0.367934321029 0.638860267925 0.675634437752 -0.281781752027
0.000000000000 0.000000000000 0.000000000000 1.000000000000
19 32 60
0.956170190669 -0.279785469400 0.086363520011 -0.516598296696
0.281205686867 0.795205856353 -0.537188056174 0.921977867997
0.081620635564 0.537929119062 0.839029400388 -0.363081413214
0.000000000000 0.000000000000 0.000000000000 1.000000000000
19 33 60
-0.491212052145 -0.752611389803 -0.438505206089 0.984245694811
0.507039930544 0.162280289476 -0.846507895109 2.701871413435
0.708252235198 -0.638154529553 0.301889992795 0.727216052133
0.000000000000 0.000000000000 0.000000000000 1.000000000000
19 34 60
-0.411976936084 -0.837828442175 -0.358215724971 1.221493995144
-0.147834531202 0.449377624838 -0.881024801966 1.822941725731
0.899121769016 -0.310005244757 -0.308993192002 1.386044174762
0.000000000000 0.000000000000 0.000000000000 1.000000000000
19 35 60
0.996474576934 -0.071821367574 -0.043360220082 -1.004408057757
0.066422072002 0.991117917311 -0.115210165943 1.102295804268
0.051249642698 0.111923925705 0.992394331392 -1.974433547152
0.000000000000 0.000000000000 0.000000000000 1.000000000000
19 39 60
-0.562808319765 -0.508951865964 0.651317736082 -1.065833401591
-0.815275920972 0.211883337926 -0.538916156551 0.793562627280
0.136279007503 -0.834310163693 -0.534185906659 2.768999939758
0.000000000000 0.000000000000 0.000000000000 1.000000000000
19 41 60
0.424383579821 0.405805414080 -0.809456943316 1.191304163533
-0.903165364059 0.253619817982 -0.346365865943 -0.151165540307
0.064737178976 0.878065461017 0.474141480814 0.468599395835
0.000000000000 0.000000000000 0.000000000000 1.000000000000
19 42 60
0.237552751903 -0.800335979981 -0.550482523982 1.094040071642
0.074256996366 0.580008573714 -0.811218807048 1.506393925756
0.968532182508 0.151830081227 0.197213178770 0.153084560748
0.000000000000 0.000000000000 0.000000000000 1.000000000000
19 43 60
0.073039930909 -0.277868118050 0.957838440169 -2.408625902156
-0.983005327202 -0.182243073467 0.022090470003 0.098174905150
0.168421183894 -0.943173775687 -0.286456861799 2.268066692757
0.000000000000 0.000000000000 0.000000000000 1.000000000000
19 44 60
0.124637119589 0.977202841407 0.171872613194 -0.823949237862
0.850256952864 -0.015909380852 -0.526127366431 1.446735483488
-0.511398770556 0.211710883864 -0.832856409669 3.045793344689
0.000000000000 0.000000000000 0.000000000000 1.000000000000
19 45 60
0.110707962834 -0.474126831434 -0.873468656953 2.111002270755
-0.331656655836 0.810866591050 -0.482181743908 0.634820833245
0.936881854668 0.343073052327 -0.067477930930 1.679574155022
0.000000000000 0.000000000000 0.000000000000 1.000000000000
19 46 60
-0.157596353570 0.794954223992 -0.585842274933 0.993227408502
0.677450380559 0.518674770919 0.521572108047 -1.631239152176
0.718487558154 -0.314681209748 -0.620283294156 2.540913408557
0.000000000000 0.000000000000 0.000000000000 1.000000000000
19 47 60
0.136629513252 -0.923809194686 -0.357643604613 0.905146044542
0.184824666609 -0.330917624403 0.925382822659 -1.449978065315
-0.973227732199 -0.192535964619 0.125529612470 0.043552840521
0.000000000000 0.000000000000 0.000000000000 1.000000000000
19 48 60
-0.945074564520 -0.254092776310 -0.205598950690 1.169575166261
-0.005265374665 -0.617105370230 0.786862909193 -1.770416746617
-0.326812397757 0.744726676748 0.581872695366 -0.527321232456
0.000000000000 0.000000000000 0.000000000000 1.000000000000
19 51 60
0.995730486378 0.033532003924 -0.086002344215 0.157180135577
-0.035898949193 0.999013910434 -0.026124169005 0.010374981900
0.085041542464 0.029100025295 0.995952370640 -0.052628253746
0.000000000000 0.000000000000 0.000000000000 1.000000000000
19 52 60
0.497026961794 -0.537243346755 0.681420417670 -2.256791641339
0.652331448206 0.749180573897 0.114857082399 -0.481506240343
-0.572213142920 0.387424901190 0.722823674907 -0.119465919954
0.000000000000 0.000000000000 0.000000000000 1.000000000000
19 53 60
0.704107624441 -0.160497760929 0.691717371432 -2.323715833641
0.406633980005 0.889720046809 -0.207477817154 0.002281640895
-0.582135086993 0.427362500745 0.691722511885 0.049758308348
0.000000000000 0.000000000000 0.000000000000 1.000000000000
19 55 60
0.527613829525 -0.765565875421 0.368147439601 -0.471930941460
0.837378972617 0.541618366067 -0.073797030814 0.881679473047
-0.142898926209 0.347215258781 0.926834106493 -0.783196033604
0.000000000000 0.000000000000 0.000000000000 1.000000000000
19 56 60
0.696103533309 -0.709412743362 -0.110333270011 0.217485656705
0.710957491182 0.702526741259 -0.031553502925 0.608219545958
0.099896529706 -0.056477759967 0.993393651068 -0.664509775642
0.000000000000 0.000000000000 0.000000000000 1.000000000000
19 57 60
0.951056367757 -0.250097503768 -0.181502132106 0.191397182026
0.227075304407 0.963985666979 -0.138450135385 0.008453908343
0.209591487133 0.090459230976 0.973595673805 -0.926320968080
0.000000000000 0.000000000000 0.000000000000 1.000000000000
19 58 60
0.549421379613 -0.806588328485 -0.218062871613 0.816051465393
0.675070488764 0.582303372533 -0.452992955284 0.637761791443
0.492357576182 0.101676205126 0.864433899432 -0.603226373925
0.000000000000 0.000000000000 0.000000000000 1.000000000000
19 59 60
0.400077307549 -0.823803442860 0.401604327063 -0.690935322511
0.829401547229 0.139019868016 -0.541079060537 0.857434364075
0.389911812388 0.549564703950 0.738882544612 -0.258029211762
0.000000000000 0.000000000000 0.000000000000 1.000000000000
20 22 60
0.974385866996 -0.093084668542 0.204713034956 -0.232670837077
-0.224159417598 -0.474972043847 0.850972451415 -1.177592464574
0.018020480036 -0.875063884552 -0.483671851830 1.866927255098
0.000000000000 0.000000000000 0.000000000000 1.000000000000
20 25 60
-0.718253282009 0.556656007402 -0.417428212158 0.597203117779
0.368979695096 0.813366727415 0.449764995684 -0.580545781056
0.589886605620 0.169022649837 -0.789598085326 3.055392639296
0.000000000000 0.000000000000 0.000000000000 1.000000000000
20 26 60
0.567864460984 -0.762484102254 0.310077325455 -0.875521647740
0.730508440040 0.640445723087 0.237037327882 -0.487413810898
-0.379324891064 0.091909028879 0.920687437423 -0.514670060927
0.000000000000 0.000000000000 0.000000000000 1.000000000000
20 27 60
0.899831660395 0.270835217869 0.341981385037 -0.926499537540
-0.356305732700 0.908593718763 0.217953387376 -0.149352947007
-0.251692685223 -0.317971286417 0.914081535324 -0.324699704871
0.000000000000 0.000000000000 0.000000000000 1.000000000000
20 28 60
0.978354822366 0.002055469639 0.206924180795 -1.065398517415
-0.046745966638 0.976298273988 0.211320833832 -0.203102348979
-0.201585356999 -0.216419627698 0.955262209339 -0.456100760324
0.000000000000 0.000000000000 0.000000000000 1.000000000000
20 31 60
-0.955176977071 0.294799068015 0.027026874964 0.036565012004
0.178533387608 0.646468687082 -0.741757417308 0.979443064790
-0.236141423689 -0.703684408041 -0.670123482574 2.814040498896
0.000000000000 0.000000000000 0.000000000000 1.000000000000
20 32 60
0.920300000845 -0.229238559846 0.317013550380 -0.800456870145
0.315338431100 0.914268614848 -0.254311961524 0.524825027883
-0.231537431783 0.334009854020 0.913689134826 -0.291881501127
0.000000000000 0.000000000000 0.000000000000 1.000000000000
20 33 60
0.859051901284 0.505221350599 0.082348149944 0.165626317342
-0.471751277642 0.843826664804 -0.255748493267 0.484780779697
-0.198697163903 0.180853384443 0.963229718391 -1.450219135856
0.000000000000 0.000000000000 0.000000000000 1.000000000000
20 35 60
-0.226985096706 0.973738384173 -0.017644405956 -0.020512160455
-0.812517292355 -0.199329615620 -0.547798643627 0.858681638961
-0.536929618755 -0.110005743146 0.836424127449 -1.871450891442
0.000000000000 0.000000000000 0.000000000000 1.000000000000
20 37 60
0.928465133921 -0.076924722045 -0.363366319617 1.436325826988
0.236868017166 0.876186532438 0.419750762737 -0.287376117441
0.286087464838 -0.475793807771 0.831729652561 -1.130698665331
0.000000000000 0.000000000000 0.000000000000 1.000000000000
20 38 60
0.946003422237 0.104759979013 0.306761914052 -0.326161678108
-0.197268299633 0.936980626168 0.288361793842 0.173375816254
-0.257221194842 -0.333305644994 0.907052701853 -1.474924099447
0.000000000000 0.000000000000 0.000000000000 1.000000000000
20 42 60
0.953403495748 0.193196101041 -0.231726219575 -0.439060275454
-0.198135295603 0.980172647277 0.001996538600 0.030020535185
0.227517425557 0.044009636134 0.972778994939 -0.702154042927
0.000000000000 0.000000000000 0.000000000000 1.000000000000
20 43 60
0.761187380061 0.636047958220 -0.126636358442 0.030477845630
-0.264822559580 0.126596483698 -0.955951014567 2.470913118654
-0.591998973287 0.761194012825 0.264803494062 0.384821040736
0.000000000000 0.000000000000 0.000000000000 1.000000000000
20 44 60
0.424158298556 0.014376577896 -0.905473937656 2.068309450545
0.269145549218 0.952691992687 0.141204250665 -0.480010425293
0.864667803901 -0.303597234963 0.400222822712 0.726580800647
0.000000000000 0.000000000000 0.000000000000 1.000000000000
20 46 60
0.814632803307 0.079332104230 0.574525728766 -2.323527747857
0.084792121684 0.963666065815 -0.253294314381 0.368756486859
-0.573745319699 0.255057112890 0.778307251211 -0.380111202104
0.000000000000 0.000000000000 0.000000000000 1.000000000000
20 47 60
-0.995120604655 0.095016843734 -0.026585364337 0.240452359286
-0.085223994630 -0.691982672605 0.716865992745 -1.176302043226
0.049717732545 0.715633831105 0.696703930553 -0.516539524474
0.000000000000 0.000000000000 0.000000000000 1.000000000000
20 48 60
-0.801698277051 -0.561872875215 -0.203908667472 0.290906054666
0.052249164969 -0.405708087389 0.912508067135 -1.947581324876
-0.595440926821 0.720902087612 0.354612863194 0.515828659449
0.000000000000 0.000000000000 0.000000000000 1.000000000000
20 52 60
0.192740560120 -0.955761645236 -0.222195305938 -0.031195821557
0.629813488733 0.294139035073 -0.718899991276 1.478243924472
0.752453351308 -0.001380413824 0.658644098556 -0.912708747730
0.000000000000 0.000000000000 0.000000000000 1.000000000000
20 53 60
0.753223327175 -0.140402103374 0.642605531230 -2.020777461793
0.069566156398 0.988478165195 0.134430155909 -0.389899208749
-0.654075813101 -0.056552332418 0.754312047109 0.091090208566
0.000000000000 0.000000000000 0.000000000000 1.000000000000
20 54 60
0.756783857797 -0.384833677947 0.528376033613 -1.705996601621
0.551269320884 0.810114687796 -0.199540292848 0.922288112905
-0.351255360713 0.442286369829 0.825228718983 -0.026321062916
0.000000000000 0.000000000000 0.000000000000 1.000000000000
20 55 60
-0.279269537009 -0.638108285021 0.717514001457 -1.647091142131
0.909892676168 0.062863196897 0.410053089650 -0.148299427421
-0.306763497753 0.767376071470 0.563054279251 0.322427357703
0.000000000000 0.000000000000 0.000000000000 1.000000000000
20 56 60
0.871520429060 -0.465569651121 0.153938434725 -0.099501073957
0.350770162945 0.811279856795 0.467744894944 -0.296517482475
-0.342654978832 -0.353652221700 0.870354911268 -0.653378105660
0.000000000000 0.000000000000 0.000000000000 1.000000000000
20 58 60
0.974634085967 -0.178887300901 0.134490639255 -0.479271549558
0.179687810741 0.983703752209 0.006262472559 -0.427326712630
-0.133419223286 0.018062709315 0.990895074865 -0.796872611156
0.000000000000 0.000000000000 0.000000000000 1.000000000000
20 59 60
0.959580693325 -0.175625575180 -0.219910323408 0.132837614186
0.156598336223 0.982454418207 -0.101293026605 0.186774314333
0.233841514901 0.062761241935 0.970246964654 -0.438292192874
0.000000000000 0.000000000000 0.000000000000 1.000000000000
21 23 60
0.964145645706 0.232966286327 0.127082191123 -0.941387599271
-0.186123061764 0.934984335287 -0.301931281333 0.626405710408
-0.189159667332 0.267452803692 0.944821474169 -0.634744742374
0.000000000000 0.000000000000 0.000000000000 1.000000000000
21 24 60
0.915935661743 -0.181163213442 0.358108578006 -1.364142153301
0.308474994356 0.888602628534 -0.339453305211 0.437438836774
-0.256719772131 0.421384929319 0.869787157838 -0.627897888170
0.000000000000 0.000000000000 0.000000000000 1.000000000000
21 25 60
-0.006076700727 0.998673046448 -0.051139221800 -0.431394783881
0.813681242995 -0.024789162628 -0.580782517138 0.881840965561
-0.581279544201 -0.045140267104 -0.812450889457 3.610129788293
0.000000000000 0.000000000000 0.000000000000 1.000000000000
21 26 60
0.652745364137 0.577583432053 0.490225324332 -2.081517573496
-0.635919908453 0.769434236499 -0.059806569339 0.424593111254
-0.411739431718 -0.272705582489 0.869541434118 -0.268351384413
0.000000000000 0.000000000000 0.000000000000 1.000000000000
21 27 60
-0.559742324443 0.721712386680 0.407209726234 -0.929626827090
-0.786354852274 -0.617622552021 0.013726963964 0.177856447613
0.261408830249 -0.312527781402 0.913231520109 -0.336024623878
0.000000000000 0.000000000000 0.000000000000 1.000000000000
21 29 60
0.415408456950 0.583484877507 -0.697840391218 1.016393369036
-0.412188118083 0.804627151370 0.427406250059 -0.647221330630
0.810886409558 0.110093346750 0.574754456960 -0.480298380970
0.000000000000 0.000000000000 0.000000000000 1.000000000000
21 31 60
0.861071834464 -0.210389884193 0.462916183043 -1.858752057523
0.262215933685 0.963726141675 -0.049746637830 -0.438865918139
-0.435658237630 0.164219427849 0.885005016654 0.402745536206
0.000000000000 0.000000000000 0.000000000000 1.000000000000
21 32 60
0.403566819519 -0.598091698056 0.692401720752 -1.763918560173
0.592622912263 0.747438937167 0.300221783131 -0.798962840777
-0.697088162319 0.289173574040 0.656084398560 0.349211858880
0.000000000000 0.000000000000 0.000000000000 1.000000000000
21 41 60
0.490500580703 0.459538999099 0.740427639029 -1.418361620221
-0.322735389699 0.885035574447 -0.335490536676 0.151447147165
-0.809475786275 -0.074403899566 0.582419961165 -0.077501439857
0.000000000000 0.000000000000 0.000000000000 1.000000000000
21 43 60
0.638931373888 0.768875540751 0.024435676736 -0.621518216615
-0.446795281109 0.396767797536 -0.801841188527 1.960330937799
-0.626211367064 0.501403747168 0.597037357361 -0.357429836834
0.000000000000 0.000000000000 0.000000000000 1.000000000000
21 47 60
0.953634407584 0.205056709442 0.220302434362 -1.127054609220
0.015330146182 0.697935656375 -0.715996373021 1.439992105822
-0.300576784351 0.686176045541 0.662431906867 -0.474911943207
0.000000000000 0.000000000000 0.000000000000 1.000000000000
21 48 60
-0.620698005423 -0.501779413853 -0.602454484504 1.478676988717
0.377803546020 0.481884730438 -0.790602040970 1.781429704034
0.687021445575 -0.718334550473 -0.109530849153 1.588994735054
0.000000000000 0.000000000000 0.000000000000 1.000000000000
21 49 60
0.848559327735 -0.347473382120 0.399010420956 -2.011716740352
0.208800027247 0.912841046804 0.350889971204 -0.557680965612
-0.486158015398 -0.214437571305 0.847152236659 -1.637182400216
0.000000000000 0.000000000000 0.000000000000 1.000000000000
21 53 60
0.426169225458 -0.219067145068 0.877718278963 -2.393223321639
-0.268968745929 0.895676894057 0.354145048200 -0.625561158214
-0.863733526608 -0.387004505663 0.322787712917 1.196623882966
0.000000000000 0.000000000000 0.000000000000 1.000000000000
21 55 60
0.996149732037 0.015994248792 0.086196840827 -0.102143682658
-0.009587947693 0.997195087019 -0.074229574187 0.114066318466
-0.087142312467 0.073117319634 0.993508970743 -0.055706247255
0.000000000000 0.000000000000 0.000000000000 1.000000000000
21 57 60
0.969919511143 -0.223524206878 0.096400574910 -0.909623712455
0.025359257341 0.486643326355 0.873232604167 -1.855024931683
-0.242101321703 -0.844520693561 0.477673265084 0.416909443341
0.000000000000 0.000000000000 0.000000000000 1.000000000000
21 58 60
0.858001430023 0.290937105986 0.423307390012 -1.551463905047
0.174056052733 0.610680200216 -0.772511607402 0.959885554967
-0.483257733084 0.736495277259 0.473325120811 -0.206678686744
0.000000000000 0.000000000000 0.000000000000 1.000000000000
21 59 60
0.903446864071 0.171964518538 0.392698316987 -1.202592595299
0.107590432833 0.795752837218 -0.595988020703 0.955384209243
-0.414979592948 0.580694090225 0.700418668378 0.037434660017
0.000000000000 0.000000000000 0.000000000000 1.000000000000
22 26 60
-0.456915686604 0.882410153068 0.112162280189 -0.097087129202
-0.885607495596 -0.463078697924 0.035461010592 -0.147816032545
0.083231118451 -0.083129064056 0.993056966962 -0.485333838087
0.000000000000 0.000000000000 0.000000000000 1.000000000000
22 27 60
0.153850542450 0.979127469597 0.132813436323 -0.629343204831
-0.985260784388 0.141845434274 0.095608888296 -0.765530562964
0.074774309316 -0.145565349778 0.986518895719 0.074591307906
0.000000000000 0.000000000000 0.000000000000 1.000000000000
22 29 60
-0.875823861047 -0.479619073770 -0.053834083039 0.052536115694
-0.336930271430 0.687470908502 -0.643320870295 0.797507565339
0.345558325923 -0.545297436303 -0.763701610150 3.124296825229
0.000000000000 0.000000000000 0.000000000000 1.000000000000
22 33 60
0.660904430845 -0.746652409898 0.075601005822 -0.053280086113
0.285562945710 0.343363101953 0.894737718135 -3.012393968768
-0.694016669344 -0.569747276440 0.440146457062 0.239517801122
0.000000000000 0.000000000000 0.000000000000 1.000000000000
22 40 60
-0.965131643138 -0.185338334614 0.184852950032 -0.655114355339
-0.180949188416 -0.037912099192 -0.982761448138 1.957020122958
0.189151533499 -0.981943162539 0.003053345358 2.245740666488
0.000000000000 0.000000000000 0.000000000000 1.000000000000
22 48 60
0.669918792162 -0.370420623267 0.643426276870 -2.046465518801
0.393079359883 0.912174137877 0.115874755763 -1.124326597015
-0.629839208642 0.175290912621 0.756687298169 -0.299129227379
0.000000000000 0.000000000000 0.000000000000 1.000000000000
22 54 60
-0.675724781843 0.695032347806 0.245613628909 0.255855489212
-0.648945249074 -0.718923500923 0.249036269497 -1.056945751461
0.349665673047 0.008890181288 0.936832365885 -0.782229833679
0.000000000000 0.000000000000 0.000000000000 1.000000000000
22 55 60
0.640257290642 -0.404892834808 0.652788169394 -0.778273434742
0.114514387790 -0.790001405665 -0.602315726207 0.912045656900
0.759576893256 0.460390672547 -0.459438104496 3.004307564568
0.000000000000 0.000000000000 0.000000000000 1.000000000000
22 56 60
0.924898518329 -0.323212544569 -0.200240809594 0.111390337322
0.367629846761 0.625841638980 0.687873926449 -1.841762667930
-0.097010445643 -0.709828073517 0.697662582832 0.239811962396
0.000000000000 0.000000000000 0.000000000000 1.000000000000
22 58 60
0.582214714338 -0.794392071078 0.173110553737 -0.564696366663
0.810767128701 0.583169949876 -0.050689965279 -1.165554980237
-0.060685166444 0.169864790256 0.983597104309 -0.348718623285
0.000000000000 0.000000000000 0.000000000000 1.000000000000
23 25 60
0.880735577830 0.173266021094 0.440776278717 -1.226777876257
-0.372204428739 0.828720460830 0.417954855251 -0.694252558545
-0.292862946055 -0.532166593969 0.794373974330 0.615267222984
0.000000000000 0.000000000000 0.000000000000 1.000000000000
23 26 60
0.966736957734 0.008040948378 0.255646235452 -0.633769037101
-0.102690934862 0.927611622678 0.359153517832 -0.679265538307
-0.234252484402 -0.373459530101 0.897582170572 0.552843510525
0.000000000000 0.000000000000 0.000000000000 1.000000000000
23 27 60
0.348260518099 0.844368243031 0.407132511223 -0.969754341657
0.904829738264 -0.189310060962 -0.381372318833 1.052166529415
-0.244944394275 0.501202524914 -0.829938716252 3.654804995188
0.000000000000 0.000000000000 0.000000000000 1.000000000000
23 28 60
0.827464653053 0.542315975875 0.145587191259 -0.792253024733
-0.560919881475 0.786355518204 0.258870403011 -0.368659975166
0.025906264008 -0.295868858279 0.954877208957 0.590334938453
0.000000000000 0.000000000000 0.000000000000 1.000000000000
23 29 60
0.993806100886 -0.050712990582 0.098881881186 -0.497950044526
0.040641982637 0.994022466513 0.101328995429 0.081549311652
-0.103429507822 -0.096682618156 0.989926668121 0.175357479239
0.000000000000 0.000000000000 0.000000000000 1.000000000000
23 31 60
0.987787529810 0.099474499955 -0.119919222025 -0.759806345303
-0.082096479602 0.986451172180 0.142036097321 -0.321990889802
0.132423426890 -0.130456539752 0.982570672902 0.710842246284
0.000000000000 0.000000000000 0.000000000000 1.000000000000
23 32 60
0.968036820388 -0.082231228800 0.236944591374 -0.787589925887
0.012370499174 0.959228994988 0.282359178926 -0.492308678754
-0.250502864498 -0.270402958903 0.929586227681 0.646585990618
0.000000000000 0.000000000000 0.000000000000 1.000000000000
23 34 60
0.971087866081 0.063744873115 -0.230054227305 0.380370785212
0.081369037358 0.817596183076 0.570013649994 -1.381035693125
0.224426905938 -0.572252630026 0.788770873777 0.460399280648
0.000000000000 0.000000000000 0.000000000000 1.000000000000
23 48 60
0.836160153823 0.048832837798 0.546307194819 -1.342428869664
0.009825293580 0.994535356016 -0.103936948395 0.010342275544
-0.548397356635 0.092275563331 0.831111039300 0.086090003545
0.000000000000 0.000000000000 0.000000000000 1.000000000000
23 56 60
0.901250134767 -0.202211129011 0.383221677213 -0.793481784470
0.125637462518 0.968385878596 0.215508742626 -0.294308566281
-0.414684726743 -0.146080284229 0.898163196733 0.383673492681
0.000000000000 0.000000000000 0.000000000000 1.000000000000
24 26 60
0.832026010233 0.209384637129 -0.513703019291 0.008095208182
-0.171970491164 0.977765698640 0.120001619712 -0.103201844574
0.527407687149 -0.011502708331 0.849534472071 0.234067493078
0.000000000000 0.000000000000 0.000000000000 1.000000000000
24 27 60
0.615072506652 -0.140419982750 -0.775865993588 0.359638024828
0.633560013968 0.673765966000 0.380317146289 -0.559364844174
0.469347973535 -0.725480290225 0.503379407836 1.134737435376
0.000000000000 0.000000000000 0.000000000000 1.000000000000
24 28 60
0.697476995448 0.073406266542 -0.712837541698 0.313845991847
-0.090724253886 0.995780795469 0.013773784208 -0.193246285985
0.710841016387 0.055064756487 0.701193926111 0.877848920276
0.000000000000 0.000000000000 0.000000000000 1.000000000000
24 29 60
0.957585207191 0.113481298904 -0.264863296377 0.071232590224
-0.059052142727 0.976961194873 0.205084539036 0.087425323590
0.282034422381 -0.180745175624 0.942224902070 0.040185504564
0.000000000000 0.000000000000 0.000000000000 1.000000000000
24 30 60
0.978030120323 0.068278574208 -0.196964768537 0.013711834527
-0.090977632948 0.989914501082 -0.108592591133 -0.043019307213
0.187563733285 0.124126213388 0.974378021666 0.356028584109
0.000000000000 0.000000000000 0.000000000000 1.000000000000
24 33 60
0.940963299689 -0.010071179255 -0.338358744509 0.685729643011
0.141402522396 0.919866843309 0.365855596158 -0.862513372414
0.307560392927 -0.392101468919 0.866985030305 0.040557909879
0.000000000000 0.000000000000 0.000000000000 1.000000000000
24 38 60
0.863988078610 0.126704796119 -0.487309444460 0.957023139078
-0.058603633672 0.986547673186 0.152608330872 0.293272680962
0.500090206003 -0.103293674402 0.859790790070 0.224193539784
0.000000000000 0.000000000000 0.000000000000 1.000000000000
24 39 60
0.863131526991 0.385203643130 -0.326530428038 0.877888025040
-0.504351283724 0.689823105052 -0.519397599476 1.273548601744
0.025174386212 0.612994483707 0.789686021925 -0.100825200488
0.000000000000 0.000000000000 0.000000000000 1.000000000000
24 47 60
0.910946310214 -0.407647704461 0.063246888888 -0.409246671692
0.395067538919 0.906211345779 0.150673940925 -0.249585094681
-0.118736934436 -0.112269077794 0.986558257060 0.043227656285
0.000000000000 0.000000000000 0.000000000000 1.000000000000
24 49 60
0.999011029114 -0.029612457616 0.033167243814 -0.099105037815
0.029516853920 0.999558606816 0.003368512292 0.086823758919
-0.033252353946 -0.002386188241 0.999444139041 0.025263727491
0.000000000000 0.000000000000 0.000000000000 1.000000000000
24 53 60
0.760039021359 -0.001193307807 0.649876343644 -1.799538138307
0.066474499543 0.994895927017 -0.075915975375 0.251988070660
-0.646468736230 0.100899308337 0.756239051263 0.867584287708
0.000000000000 0.000000000000 0.000000000000 1.000000000000
24 55 60
0.885973392695 -0.052356508684 -0.460771031462 0.795796412405
0.019575762900 0.996942996183 -0.075640279416 0.123432259914
0.463322713606 0.057995330515 0.884289887252 1.008961304955
0.000000000000 0.000000000000 0.000000000000 1.000000000000
25 27 60
0.898904126793 0.298070286547 -0.321131554215 0.454906353109
-0.303534144782 0.952207268465 0.034181001061 -0.037162182296
0.315972140838 0.066748948760 0.946417552698 0.385492884725
0.000000000000 0.000000000000 0.000000000000 1.000000000000
25 28 60
0.868403915292 -0.281569453134 -0.408158404259 0.849858785616
0.297253261947 0.954444966812 -0.025986604058 -0.268677214182
0.396881768500 -0.098759548348 0.912541184519 0.442881543101
0.000000000000 0.000000000000 0.000000000000 1.000000000000
25 33 60
0.955151578032 -0.250872691558 -0.157316100934 1.331517759913
0.269406308205 0.956720802190 0.110025214178 -0.234222920281
0.122905264662 -0.147472706919 0.981400069610 -0.207369049024
0.000000000000 0.000000000000 0.000000000000 1.000000000000
25 37 60
0.442158917050 -0.308116248632 0.842353767370 -1.735454727788
-0.891830140539 -0.050953806163 0.449491612897 -0.761462439670
-0.095574538973 -0.949983203519 -0.297317037072 2.455404559759
0.000000000000 0.000000000000 0.000000000000 1.000000000000
25 38 60
0.991119135796 -0.048600405129 -0.123777458696 0.487586949018
0.057049311611 0.996210307351 0.065653633347 0.397246545355
0.120117586991 -0.072131991156 0.990135718549 -0.697388848600
0.000000000000 0.000000000000 0.000000000000 1.000000000000
25 41 60
0.758235263518 -0.651686719246 -0.019588392433 -0.173620716878
0.210837456113 0.273517336966 -0.938475270574 2.147192258443
0.616949635107 0.707455077258 0.344790460139 0.763973946414
0.000000000000 0.000000000000 0.000000000000 1.000000000000
25 48 60
0.908043443798 -0.418691528476 -0.012430131058 0.410720839982
0.409979295201 0.894449244518 -0.178542786157 0.414866425867
0.085872473369 0.157028510037 0.983853630045 -0.315287518333
0.000000000000 0.000000000000 0.000000000000 1.000000000000
25 53 60
0.837249679308 -0.541615658417 -0.075269203907 0.548993491554
0.523173491381 0.753376370410 0.398388682601 -0.494630353698
-0.159067508990 -0.372929648949 0.914123079524 0.575640787236
0.000000000000 0.000000000000 0.000000000000 1.000000000000
25 54 60
0.772775933098 -0.565272046247 -0.288591183087 0.055479059495
0.634541145123 0.678643081689 0.369866331020 -1.432571630993
-0.013224687935 -0.468946778864 0.883127412225 -0.076280361352
0.000000000000 0.000000000000 0.000000000000 1.000000000000
25 55 60
0.465989232961 -0.712357160131 0.524786919782 -0.555940948234
0.543003592701 0.698535412595 0.466042246653 -0.674841803888
-0.698570778861 0.067790513799 0.712322478348 0.151391295829
0.000000000000 0.000000000000 0.000000000000 1.000000000000
25 56 60
0.842571790829 -0.129556094679 -0.522769543520 1.426814121510
0.082856073433 0.990262550374 -0.111870248152 0.573893622579
0.532172573884 0.050944083640 0.845101799754 0.841658978669
0.000000000000 0.000000000000 0.000000000000 1.000000000000
26 28 60
0.977345046318 0.018026865290 -0.210883125370 0.011259902387
-0.036597615756 0.995751722402 -0.084493324315 0.048276056535
0.208464085539 0.090296951557 0.973852753541 0.016916776601
0.000000000000 0.000000000000 0.000000000000 1.000000000000
26 29 60
0.957103794024 -0.192527220614 0.216530821796 0.068989606659
0.170131578099 0.978345377577 0.117879465158 0.202659074459
-0.234536934402 -0.075984152921 0.969133032616 -0.100193164071
0.000000000000 0.000000000000 0.000000000000 1.000000000000
26 33 60
0.991752043679 -0.034864186370 0.123338446425 0.069263752637
0.027446095625 0.997739466813 0.061340591779 0.020951695844
-0.125198225598 -0.057449498463 0.990467041064 -0.844148501688
0.000000000000 0.000000000000 0.000000000000 1.000000000000
26 34 60
0.918530386574 0.084304040252 -0.386257372405 0.669857712785
-0.138174327676 0.983842477391 -0.113850054242 0.212751530990
0.370418390622 0.157945587077 0.915337865169 -0.333684329940
0.000000000000 0.000000000000 0.000000000000 1.000000000000
26 37 60
0.473930026848 0.098352314503 -0.875052656635 2.325432474425
-0.129536791570 0.990718509156 0.041195330380 0.682794939404
0.870982519504 0.093827809563 0.482271492907 1.256650829728
0.000000000000 0.000000000000 0.000000000000 1.000000000000
26 38 60
0.947548290104 0.319071554846 0.018589803913 0.416183561036
-0.319272921320 0.947619709863 0.009038096649 0.635851262368
-0.014732265039 -0.014499254027 0.999786343175 -0.742785391446
0.000000000000 0.000000000000 0.000000000000 1.000000000000
26 48 60
0.985658641387 -0.167595475178 0.019717995770 0.120426783992
0.135659453916 0.717448400145 -0.683274692706 1.573613913641
0.100367102282 0.676150537845 0.729895125995 -0.051545124484
0.000000000000 0.000000000000 0.000000000000 1.000000000000
26 50 60
0.999910707711 0.009196585128 0.009695330121 -0.009741442349
-0.009736032396 0.998318396036 0.057145339348 -0.082821898123
-0.009153484438 -0.057234630758 0.998318792152 0.039284028648
0.000000000000 0.000000000000 0.000000000000 1.000000000000
26 53 60
0.975121992651 -0.130461478917 0.179211891254 -0.445259883305
0.121111509520 0.990687832878 0.062206270176 -0.026244485800
-0.185658562177 -0.038954079455 0.981841880337 0.102834751148
0.000000000000 0.000000000000 0.000000000000 1.000000000000
26 54 60
0.841940113520 -0.502830162575 -0.195700467170 0.275558159233
0.536450150424 0.819025004217 0.203517268498 -0.105930781791
0.057948954744 -0.276332897194 0.959313321378 -0.106324008396
0.000000000000 0.000000000000 0.000000000000 1.000000000000
26 55 60
0.928687329138 -0.206091930494 0.308327684263 -0.130115748203
0.202030736775 0.978325796492 0.045411642958 0.038325575234
-0.311003900451 0.020118451809 0.950195675533 -0.094155058035
0.000000000000 0.000000000000 0.000000000000 1.000000000000
26 56 60
0.891976007743 -0.301280025788 -0.337059561016 0.777119302213
0.399356721620 0.874538017408 0.275131723007 -0.241433476329
0.211879707637 -0.380017897169 0.900385132775 0.130788408178
0.000000000000 0.000000000000 0.000000000000 1.000000000000
26 58 60
0.667574666110 -0.454976975887 -0.589355594340 1.283811693362
0.471627741480 0.870914109094 -0.138115488082 -0.237039008123
0.576117469476 -0.185754047046 0.795979959152 0.421127117712
0.000000000000 0.000000000000 0.000000000000 1.000000000000
27 31 60
0.976633975460 0.063922881183 -0.205182706970 1.637761024446
0.209928580652 -0.488117736663 0.847154688461 -2.331606761203
-0.046000750034 -0.870433765669 -0.490131605367 3.109733828290
0.000000000000 0.000000000000 0.000000000000 1.000000000000
27 32 60
-0.873293321324 -0.067256431306 -0.482530151783 0.930838738846
0.105932067035 -0.992942844590 -0.053318894875 -0.086153833504
-0.475538822921 -0.097678451179 0.874254967426 0.108603916496
0.000000000000 0.000000000000 0.000000000000 1.000000000000
27 33 60
0.158926179795 0.936898031188 0.311391310945 -0.630339432839
0.688876867255 -0.331165541346 0.644808534362 -1.159589031225
0.707241918396 0.112033313709 -0.698038255028 4.084926558018
0.000000000000 0.000000000000 0.000000000000 1.000000000000
27 35 60
0.613363850596 -0.674949350801 0.410156263679 -0.865908991996
0.535729176994 0.737130653382 0.411864842834 -0.511274571176
-0.580326662923 -0.032890328346 0.813719356168 -1.344316898077
0.000000000000 0.000000000000 0.000000000000 1.000000000000
27 38 60
0.529572845687 0.750699186067 0.394972572655 -0.604044586975
-0.647266854678 0.658564570739 -0.383846746765 1.743210157641
-0.548268383136 -0.052377840795 0.834660614769 -0.719701641874
0.000000000000 0.000000000000 0.000000000000 1.000000000000
27 39 60
0.770320919673 0.289022308813 0.568394040892 -0.599954147312
-0.087951103455 0.931018425751 -0.354216451217 1.231151892402
-0.631561781708 0.222869459371 0.742602800940 -0.987003036889
0.000000000000 0.000000000000 0.000000000000 1.000000000000
27 42 60
-0.283251105326 0.954703930116 0.091154907459 -0.239068014787
0.938340301099 0.256237504951 0.232077186277 -1.226258124768
0.198207695777 0.151270442845 -0.968416729749 3.471081368783
0.000000000000 0.000000000000 0.000000000000 1.000000000000
27 48 60
0.436266293152 0.475143038760 0.764140572262 -1.505442903569
-0.611839608175 0.779328861669 -0.135273128291 -0.138546643844
-0.659790887575 -0.408516362081 0.630706244289 0.331215234126
0.000000000000 0.000000000000 0.000000000000 1.000000000000
27 49 60
0.976961966001 -0.208904484496 -0.043637522212 0.564073077530
0.195900203648 0.958962514995 -0.204973181282 1.300882118109
0.084666564821 0.191702402674 0.977794335027 -1.303316924305
0.000000000000 0.000000000000 0.000000000000 1.000000000000
27 50 60
0.691478370920 -0.673117007596 -0.262242553058 -0.022077809261
0.645972201718 0.738650217140 -0.192654538817 0.841316293363
0.323384565427 -0.036184952731 0.945575524238 -1.724589436010
0.000000000000 0.000000000000 0.000000000000 1.000000000000
27 52 60
0.524351061455 0.851287511635 -0.019119018939 -0.195661842812
-0.848400727591 0.520394842742 -0.096981508906 0.745417515389
-0.072609708538 0.067072946715 0.995102532428 -0.973674375663
0.000000000000 0.000000000000 0.000000000000 1.000000000000
27 53 60
0.974856009437 -0.095749965439 0.201215568440 -0.027447977484
0.147701849820 0.953771936415 -0.261731268418 0.154827765544
-0.166853002443 0.284870211546 0.943932750862 0.219405105512
0.000000000000 0.000000000000 0.000000000000 1.000000000000
27 54 60
0.875977758132 0.469882295163 0.108966031176 0.077208089962
-0.362221450988 0.789988881703 -0.494684937338 0.874549599987
-0.318525646851 0.393863168470 0.862214136292 0.026980813730
0.000000000000 0.000000000000 0.000000000000 1.000000000000
27 55 60
0.603430654454 0.429165745884 -0.672077531112 1.551631196641
-0.577512680269 0.816376962119 0.002785650722 -0.511566346623
0.549864119028 0.386452349303 0.740475544717 0.701254021018
0.000000000000 0.000000000000 0.000000000000 1.000000000000
27 56 60
0.673039752704 0.549357529250 -0.495200763667 1.264831208923
-0.705754002568 0.276787184957 -0.652150398377 0.436139210120
-0.221198506188 0.788413063882 0.574000053624 0.585371397875
0.000000000000 0.000000000000 0.000000000000 1.000000000000
27 57 60
0.484529123487 -0.838563777638 -0.249082956716 0.570138686700
0.857107447770 0.512028892125 -0.056508730360 0.014904582878
0.174923844775 -0.186110731724 0.966832169544 -0.255294591455
0.000000000000 0.000000000000 0.000000000000 1.000000000000
27 58 60
0.989809815989 0.142252338514 0.006387515776 -0.051911479862
-0.139990324748 0.980320528648 -0.139191846346 -0.099456332326
-0.026062178488 0.136879265412 0.990244833136 -0.419141044875
0.000000000000 0.000000000000 0.000000000000 1.000000000000
27 59 60
0.788141362636 -0.425089870297 -0.445119977840 0.595875752681
0.437628166003 0.895556015129 -0.080380421044 -0.102814517737
0.432798776365 -0.131445904983 0.891856038406 0.009482191373
0.000000000000 0.000000000000 0.000000000000 1.000000000000
28 30 60
0.914192513888 -0.403876655655 0.033700067781 0.592990631146
0.405249111185 0.911986679553 -0.063666743297 0.330901801291
-0.005020501558 0.071860582621 0.997402050945 -0.093976752396
0.000000000000 0.000000000000 0.000000000000 1.000000000000
28 33 60
0.981107476741 0.147941500145 -0.124665278316 1.645164529926
-0.127300239142 0.978902215442 0.159828350794 -0.229754260078
0.145680363114 -0.140938870217 0.979241270916 -0.642638982821
0.000000000000 0.000000000000 0.000000000000 1.000000000000
28 34 60
0.928845853881 0.197703381423 -0.313302972698 0.984494194255
-0.137338799430 0.969199578037 0.204426593440 -0.402859831559
0.344068937712 -0.146852139611 0.927389354690 -0.160190128454
0.000000000000 0.000000000000 0.000000000000 1.000000000000
28 36 60
0.855380462639 0.279621333068 -0.436046068929 1.134678441207
-0.136709054332 0.933803756377 0.330637534228 -0.482319040794
0.499634765203 -0.223209441265 0.836984257159 0.351643589864
0.000000000000 0.000000000000 0.000000000000 1.000000000000
28 38 60
0.868054694714 0.432873304435 0.243108513413 0.064880185160
-0.433817024797 0.899466550586 -0.052561519879 0.833896943721
-0.241420454773 -0.059838337899 0.968573971018 -0.884647124894
0.000000000000 0.000000000000 0.000000000000 1.000000000000
28 48 60
0.515807949907 -0.204799668783 0.831864925622 -1.161759848911
0.251053705696 0.964511708625 0.081787534390 0.068738771404
-0.819093520710 0.166656111775 0.548918522861 0.389077352743
0.000000000000 0.000000000000 0.000000000000 1.000000000000
28 50 60
0.998378498473 0.033611798936 0.045941492780 -0.076916026107
-0.039095549925 0.991484996680 0.124213684164 -0.191010977798
-0.041375255439 -0.125808379410 0.991191374008 0.079968045475
0.000000000000 0.000000000000 0.000000000000 1.000000000000
28 55 60
0.895052687615 -0.439518983776 0.075523170573 0.523171972291
0.440074481877 0.843058693169 -0.309170649112 1.059598417346
0.072215904024 0.309959840579 0.948003038199 0.184365482357
0.000000000000 0.000000000000 0.000000000000 1.000000000000
28 56 60
0.980222484499 -0.189451238498 -0.057202352344 0.724632135191
0.184077057404 0.978969690749 -0.087943058468 0.588480473326
0.072660290529 0.075674122570 0.994481729020 0.097775102909
0.000000000000 0.000000000000 0.000000000000 1.000000000000
28 57 60
0.838690497990 0.490740891103 -0.236160171027 1.016850445006
-0.391042664334 0.844453049898 0.366039179854 -0.466607056814
0.379056569988 -0.214644879548 0.900135374504 0.127034412941
0.000000000000 0.000000000000 0.000000000000 1.000000000000
28 58 60
0.041922759035 -0.919917650132 -0.389864077918 1.387280753546
0.973724933351 0.125037268897 -0.190329807329 0.373234742315
0.223835288652 -0.371641222636 0.900988659857 0.213439132156
0.000000000000 0.000000000000 0.000000000000 1.000000000000
28 59 60
0.798903775572 0.544753091596 -0.254944752002 0.810356842044
0.453226230652 -0.266596677696 0.850595200604 -1.757943465994
0.395396941345 -0.795091366220 -0.459881482707 3.015596499639
0.000000000000 0.000000000000 0.000000000000 1.000000000000
29 34 60
0.988706091530 0.097833260099 -0.113529369717 0.758253194606
-0.090915295401 0.993760951152 0.064603258635 -0.514963846530
0.119141401839 -0.053552079161 0.991432045672 -0.291356348606
0.000000000000 0.000000000000 0.000000000000 1.000000000000
29 38 60
0.767749152833 0.516312912450 -0.379449884388 1.426050682603
-0.524790887923 0.846464896031 0.089953897849 -0.391078460348
0.367635365923 0.130069812883 0.920829018602 0.259459898818
0.000000000000 0.000000000000 0.000000000000 1.000000000000
29 47 60
0.941358449341 -0.158395598938 0.297917948590 -0.112342906946
0.213667834362 0.963206301494 -0.163032749228 0.211765495929
-0.261132775450 0.217127738898 0.940566434967 -0.219517341943
0.000000000000 0.000000000000 0.000000000000 1.000000000000
29 56 60
0.950390950615 0.213948297578 -0.225794523745 0.371430437891
-0.188961349932 0.973703271950 0.127261724119 -0.167416931774
0.247084295780 -0.078281952949 0.965826737371 0.525727969896
0.000000000000 0.000000000000 0.000000000000 1.000000000000
30 38 60
0.881756089990 -0.139969320846 -0.450460638666 1.093689593850
0.348796190095 0.836374274315 0.422870300491 -0.323019310328
0.317564821006 -0.529987417289 0.786298875730 -0.197651372288
0.000000000000 0.000000000000 0.000000000000 1.000000000000
30 39 60
0.650047441752 0.117980337586 -0.750679001581 2.269560591787
-0.024118580953 0.990579407382 0.134798856539 -0.122217731681
0.759510775121 -0.069520339575 0.646769127944 0.857997567381
0.000000000000 0.000000000000 0.000000000000 1.000000000000
30 48 60
0.506405221382 -0.569550915614 0.647429923837 -1.381061081808
0.560288813076 -0.353390865137 -0.749127053562 2.222114149881
0.655461820168 0.742109594980 0.140154027202 1.901563276422
0.000000000000 0.000000000000 0.000000000000 1.000000000000
30 49 60
0.906480578123 -0.241593126910 0.346302934606 -0.520239753522
0.263035471129 0.964661024377 -0.015538628496 0.350413553428
-0.330310917795 0.105175420500 0.937994045028 0.416348826526
0.000000000000 0.000000000000 0.000000000000 1.000000000000
30 51 60
0.970071156272 -0.232461063599 0.070169834531 -0.385484161079
0.240796024385 0.958180765339 -0.154618548611 0.293372809914
-0.031292593491 0.166887611419 0.985479222890 0.268984536232
0.000000000000 0.000000000000 0.000000000000 1.000000000000
30 52 60
0.983151886728 -0.162202688995 0.084277252603 -0.388553063710
0.161051324618 0.986736607497 0.020330722178 0.036771583599
-0.086457148130 -0.006415224701 0.996234915284 0.812587386312
0.000000000000 0.000000000000 0.000000000000 1.000000000000
30 53 60
0.999973305980 -0.004574610581 0.005697391115 -0.428609180362
0.003177241864 0.974414475444 0.224736145690 -0.181127422204
-0.006579700724 -0.224712044589 0.974402999049 0.860870306118
0.000000000000 0.000000000000 0.000000000000 1.000000000000
30 54 60
0.843416305828 -0.402935560666 -0.355375673076 0.455975970315
0.443184936897 0.895697096949 0.036246685708 0.142154783630
0.303703880073 -0.188068191005 0.934020507676 0.498540094497
0.000000000000 0.000000000000 0.000000000000 1.000000000000
30 55 60
0.953964000839 -0.299919139011 0.001093232706 0.406685526707
0.297403804680 0.946422088621 0.125841992725 0.122096467119
-0.038777081691 -0.119723599287 0.992049695181 0.537659060660
0.000000000000 0.000000000000 0.000000000000 1.000000000000
31 59 60
0.942346366303 0.329992080990 -0.055574746051 0.524406176773
-0.324704114977 0.941838295707 0.086647922411 -0.045277877958
0.080935552335 -0.063607006100 0.994687682211 -0.141806012086
0.000000000000 0.000000000000 0.000000000000 1.000000000000
32 49 60
0.898086240520 0.238858887705 0.369306832259 -0.921939600772
0.161436166765 -0.960093594739 0.228382690680 -0.843408906455
0.409120359612 -0.145487872712 -0.900807310275 4.781551477694
0.000000000000 0.000000000000 0.000000000000 1.000000000000
33 36 60
0.818872298950 0.221589536981 -0.529477322567 0.007409450898
-0.128481055399 0.969830378592 0.207175421234 -0.545183648528
0.559411097867 -0.101622408260 0.822637289286 1.084838983714
0.000000000000 0.000000000000 0.000000000000 1.000000000000
33 48 60
0.935690061226 -0.178062603589 0.304594514933 -1.154855054147
0.217484524955 0.970872521300 -0.100533719660 0.138753277404
-0.277821148815 0.160312995688 0.947161629652 0.483447515082
0.000000000000 0.000000000000 0.000000000000 1.000000000000
33 49 60
0.515470362057 0.140449969724 -0.845318940901 0.915755970413
-0.305589150624 0.951745375838 -0.028213659646 0.127498393696
0.800565785468 0.272863602509 0.533516520423 1.091757202141
0.000000000000 0.000000000000 0.000000000000 1.000000000000
33 53 60
0.674475980677 0.429392566015 0.600586526439 -1.724363684480
0.716486227413 -0.184419490294 -0.672782979517 1.279962630437
-0.178128148863 0.884087934456 -0.432040376275 2.980080398257
0.000000000000 0.000000000000 0.000000000000 1.000000000000
33 56 60
-0.943686759001 -0.036521378349 0.328818323407 -1.312440369205
-0.127356414114 0.957398834882 -0.259167541855 1.018114233245
-0.305345123866 -0.286450100176 -0.908135835347 4.300743075756
0.000000000000 0.000000000000 0.000000000000 1.000000000000
34 36 60
0.998324305941 -0.040185065890 -0.041638211399 0.055861623409
0.041218791480 0.998855277506 0.024272326338 0.049670921124
0.040615162169 -0.025947930098 0.998837881503 0.356481885050
0.000000000000 0.000000000000 0.000000000000 1.000000000000
34 44 60
0.991311291893 0.034588019584 -0.126907806959 0.291385922422
-0.079477818081 0.926275129662 -0.368371633817 0.908274970952
0.104810300062 0.375257315811 0.920975975763 -0.031475015195
0.000000000000 0.000000000000 0.000000000000 1.000000000000
34 45 60
0.957327972395 0.024220107704 -0.287987047718 0.714346248177
-0.118865852598 0.941293597045 -0.315970367674 0.668958161926
0.263427527712 0.336719097387 0.904005634439 0.035798212671
0.000000000000 0.000000000000 0.000000000000 1.000000000000
34 46 60
0.999085350422 -0.041457778387 0.010474501585 -0.010812858025
0.042629830024 0.984823845898 -0.168239977838 0.418621302820
-0.003340683218 0.168532623435 0.985690415229 -0.061070946489
0.000000000000 0.000000000000 0.000000000000 1.000000000000
34 48 60
0.598439840926 0.137648775166 0.789254440272 -1.432196728376
0.031767240720 0.980278493979 -0.195051061668 0.502304190994
-0.800537693809 0.141798762111 0.582264984225 0.549722299138
0.000000000000 0.000000000000 0.000000000000 1.000000000000
34 56 60
0.915850619063 -0.254543125070 0.310524461262 -0.620605654565
0.344838715064 0.894805298055 -0.283566110749 1.004978446222
-0.205679129119 0.366785054293 0.907284310341 0.644978244727
0.000000000000 0.000000000000 0.000000000000 1.000000000000
34 58 60
0.941913777639 -0.129231729338 0.309996121954 -1.327333920444
0.163524626644 0.982677522420 -0.087204262573 -0.093170692602
-0.293356663424 0.132830896490 0.946730067634 0.430324060794
0.000000000000 0.000000000000 0.000000000000 1.000000000000
35 44 60
0.999894080333 -0.003463892457 -0.014136108487 0.056101382635
0.003390999734 0.999980848642 -0.005177206855 0.071457907392
0.014153771049 0.005128722947 0.999886677062 0.008337221068
0.000000000000 0.000000000000 0.000000000000 1.000000000000
35 45 60
0.999478671496 -0.028553154117 -0.015069924185 0.063884433840
0.028167055225 0.999284541036 -0.025239315509 0.104122328239
0.015779804338 0.024801682147 0.999567843789 -0.001397074266
0.000000000000 0.000000000000 0.000000000000 1.000000000000
35 50 60
0.664067074927 -0.046039988119 0.746254138677 -1.673547270886
0.036641985432 0.998906980238 0.029020849995 0.372627781384
-0.746774587745 0.008072442310 0.665028233065 1.358119392342
0.000000000000 0.000000000000 0.000000000000 1.000000000000
36 43 60
0.992568305452 -0.039003402451 0.115268788525 -0.202007056246
0.056690745433 0.986381037180 -0.154397567575 0.277652789453
-0.107676916715 0.159784805561 0.981261686564 -0.420104287853
0.000000000000 0.000000000000 0.000000000000 1.000000000000
36 44 60
0.973205555680 0.221725064522 -0.060901085019 0.082335270063
-0.229412560688 0.918434140642 -0.322255498481 0.488550883045
-0.015518485510 0.327592315334 0.944691723020 -0.448773143251
0.000000000000 0.000000000000 0.000000000000 1.000000000000
37 44 60
0.974644398885 -0.180257212979 0.132573122812 -0.278432308978
0.222102328167 0.851317185269 -0.475320529631 0.246121540276
-0.027181823811 0.492713291108 0.869767072969 -0.259610692058
0.000000000000 0.000000000000 0.000000000000 1.000000000000
38 53 60
-0.315926725435 0.945684711402 0.076620694171 0.132376421539
0.939995099245 0.322944300353 -0.110073576592 -0.366913909283
-0.128839114983 0.037247892412 -0.990965729459 4.218837728130
0.000000000000 0.000000000000 0.000000000000 1.000000000000
39 41 60
0.997140824912 0.065705260782 -0.037322834827 0.503390234972
-0.060882530990 0.991116637514 0.118241821124 0.154291239329
0.044760392249 -0.115631438407 0.992283164091 -0.118123347599
0.000000000000 0.000000000000 0.000000000000 1.000000000000
39 47 60
0.999138120763 -0.002711762375 0.041420550244 0.746123635094
0.005869631526 0.997066934559 -0.076309078335 0.347809888277
-0.041092128971 0.076486432493 0.996223500316 0.025690665362
0.000000000000 0.000000000000 0.000000000000 1.000000000000
39 49 60
0.780206112907 0.276230888973 -0.561226262179 1.658926260292
-0.359986986364 0.932024377788 -0.041712454468 0.087308626338
0.511554289426 0.234578462750 0.826610642190 0.790052450757
0.000000000000 0.000000000000 0.000000000000 1.000000000000
40 49 60
0.999741070962 0.005062834029 0.022184651092 -0.051664088829
-0.003853460994 0.998521496096 -0.054221514844 0.153534882236
-0.022426365529 0.054121987632 0.998282459319 0.061277555837
0.000000000000 0.000000000000 0.000000000000 1.000000000000
42 44 60
0.997447057378 -0.046724224809 0.054001986478 0.596835143410
0.058768416926 0.966702228479 -0.249064398551 0.380637488423
-0.040566499721 0.251602162688 0.966980201881 -0.425423877791
0.000000000000 0.000000000000 0.000000000000 1.000000000000
42 46 60
0.987080431147 0.024900444138 0.158278837271 0.105282095600
0.016434643701 0.966905302566 -0.254605652639 0.258828869117
-0.159380440872 0.253917513676 0.954004073008 -0.184517753703
0.000000000000 0.000000000000 0.000000000000 1.000000000000
42 47 60
0.991994119360 0.003081371705 -0.126246474424 0.363431959333
-0.025132592853 0.984521582189 -0.173452030778 0.401113841987
0.123757908566 0.175236295764 0.976717062774 -0.347745982458
0.000000000000 0.000000000000 0.000000000000 1.000000000000
42 49 60
0.987864780461 -0.012744870982 0.154792583120 -0.093029251475
0.043022520698 0.980083721570 -0.193868412658 0.238698238687
-0.149238863028 0.198175344021 0.968738506917 -0.051368237056
0.000000000000 0.000000000000 0.000000000000 1.000000000000
42 59 60
0.988314539483 -0.049895325096 0.144030648060 -0.354154792202
0.032016353045 0.991780179109 0.123883128248 0.071028285806
-0.149027930889 -0.117824160767 0.981788237328 0.246014753110
0.000000000000 0.000000000000 0.000000000000 1.000000000000
43 45 60
0.996612710553 -0.059882003145 0.056367107993 -0.331264617246
0.067616273219 0.986796456897 -0.147176058693 0.314558257815
-0.046809665243 0.150488864557 0.987502889557 0.046044130903
0.000000000000 0.000000000000 0.000000000000 1.000000000000
43 46 60
0.987043773767 0.035333993614 -0.156512292052 0.114626916722
-0.055152569842 0.990729045766 -0.124153743059 0.328542419766
0.150674426190 0.131177234195 0.979841696663 0.048694523410
0.000000000000 0.000000000000 0.000000000000 1.000000000000
43 47 60
0.934503044850 0.036908229076 -0.354036497825 0.171440762988
-0.044653236432 0.998908202187 -0.013729241721 0.388011552934
0.353143239553 0.028638893634 0.935130828350 -0.085163867551
0.000000000000 0.000000000000 0.000000000000 1.000000000000
44 46 60
0.997203512473 0.073093590470 -0.015571825278 -0.078292254055
-0.073692717270 0.996387925698 -0.042195792964 0.104820734015
0.012431336679 0.043225323072 0.998988004590 0.009766985481
0.000000000000 0.000000000000 0.000000000000 1.000000000000
44 48 60
0.999180049746 0.026986784793 0.030181809700 -0.057284637305
-0.026779761977 0.999615120611 -0.007242581995 0.102830840311
-0.030365647345 0.006428381758 0.999518185612 0.033571535012
0.000000000000 0.000000000000 0.000000000000 1.000000000000
46 48 60
0.999133721428 -0.033081943731 0.025246617665 -0.041523957469
0.032521267175 0.999222133472 0.022304599539 0.032021891534
-0.025964858673 -0.021464225544 0.999432395481 0.055613414407
0.000000000000 0.000000000000 0.000000000000 1.000000000000
47 56 60
-0.765745237574 -0.386764853784 -0.513855212107 -0.117629429682
-0.174384383164 -0.644183615117 0.744726498066 -1.238024626706
-0.619051143315 0.659879093389 0.425834784943 1.358715418118
0.000000000000 0.000000000000 0.000000000000 1.000000000000
48 55 60
0.870676168925 -0.354973951203 0.340465127191 -0.302091369159
0.240541217751 0.911081926940 0.334768046512 -0.344131313980
-0.429025560344 -0.209578663919 0.878643188218 0.455870923946
0.000000000000 0.000000000000 0.000000000000 1.000000000000
49 51 60
0.928277767569 0.176818311415 -0.327163064825 -0.067637827681
-0.168607124879 0.984228337883 0.053537055850 -0.266207662771
0.331469491323 0.005464765040 0.943450111381 0.004484207697
0.000000000000 0.000000000000 0.000000000000 1.000000000000
49 53 60
0.992082353250 -0.111557188862 0.057685335939 -0.559526745408
0.108472566123 0.992626174842 0.054101565749 -0.087842675860
-0.063295392946 -0.047415932246 0.996867805981 0.100506654920
0.000000000000 0.000000000000 0.000000000000 1.000000000000
49 55 60
0.876124828521 0.167521803281 -0.452041735101 0.859883192971
-0.108148814352 0.982080956538 0.154339977840 -0.384019203321
0.469796891009 -0.086333308930 0.878542794045 0.632067220047
0.000000000000 0.000000000000 0.000000000000 1.000000000000
49 56 60
0.780952093595 -0.228486203976 -0.581298444950 1.420281794243
0.136381786492 0.970609471686 -0.198285808332 0.890228099677
0.609519348194 0.075573196740 0.789160855664 0.620772727891
0.000000000000 0.000000000000 0.000000000000 1.000000000000
50 52 60
0.988029209644 -0.104152896440 0.113800066143 -0.507798806917
0.125513623198 0.971626729966 -0.200469020070 0.194044015080
-0.089691757050 0.212352706079 0.973068197476 0.626733956926
0.000000000000 0.000000000000 0.000000000000 1.000000000000
50 53 60
0.901211844538 0.266260179964 -0.341939655247 0.255208109133
-0.213174953423 0.959310043728 0.185150423267 -0.356723632691
0.377324330646 -0.093966784389 0.921301575454 0.517740153993
0.000000000000 0.000000000000 0.000000000000 1.000000000000
51 53 60
0.996611033119 -0.035422837025 -0.074240630938 0.164319847898
0.046603659225 0.986854268723 0.154747378817 -0.046986171034
0.067783092375 -0.157682830140 0.985160686115 0.382229880974
0.000000000000 0.000000000000 0.000000000000 1.000000000000
51 54 60
0.938749429050 0.262841578702 -0.222853795040 0.466113648724
-0.167679694485 0.913389334820 0.370949380771 -0.588707049693
0.301053200474 -0.310860463139 0.901516912177 0.228245573961
0.000000000000 0.000000000000 0.000000000000 1.000000000000
51 55 60
0.947815266770 0.154738225035 -0.278751326077 1.286278714327
-0.159192387554 0.987224630360 0.006731489896 0.087722968615
0.276231793647 0.037994880242 0.960339723876 0.510098394692
0.000000000000 0.000000000000 0.000000000000 1.000000000000
52 54 60
0.851755314736 0.072197882942 -0.518941566573 1.022287750651
-0.133140745656 0.987773096924 -0.081103950823 0.189982877789
0.506740984789 0.138172988285 0.850953465028 -0.154746081024
0.000000000000 0.000000000000 0.000000000000 1.000000000000
52 55 60
0.960009001973 0.012982224402 -0.279667978112 1.324014473367
-0.011486222768 0.999909616836 0.006987477740 0.119237207515
0.279733413839 -0.003495712834 0.960071350043 -0.140403992339
0.000000000000 0.000000000000 0.000000000000 1.000000000000
52 56 60
0.537571343212 -0.739575199663 -0.405025400438 1.573429136690
0.842592434282 0.489649294543 0.224235496841 0.036696333817
0.032481389249 -0.461813915335 0.886381896789 0.959073539429
0.000000000000 0.000000000000 0.000000000000 1.000000000000
52 58 60
0.990917420156 -0.121639519199 -0.057327949556 0.456993932410
0.103057695376 0.960815673784 -0.257317610037 -0.033746337804
0.086381582845 0.249072415936 0.964624877226 0.414685923424
0.000000000000 0.000000000000 0.000000000000 1.000000000000
53 55 60
0.975780197792 -0.148878944313 0.160274968530 0.502948090650
0.150068119390 0.988664353573 0.004728162022 0.141157474268
-0.159162071926 0.019438516239 0.987061081669 -0.392480619499
0.000000000000 0.000000000000 0.000000000000 1.000000000000
53 56 60
0.905407015897 0.218757293470 -0.363845272221 0.366145385437
-0.185279049845 0.974706694460 0.124974131178 0.465432867520
0.381981425272 -0.045739548846 0.923037423086 -0.314671854665
0.000000000000 0.000000000000 0.000000000000 1.000000000000
53 58 60
0.951711443662 0.134609703890 -0.275908600122 -0.225522978479
-0.168241917306 0.980455735107 -0.101986316523 0.073163881135
0.256787821487 0.143480936418 0.955757937776 -0.620153962734
0.000000000000 0.000000000000 0.000000000000 1.000000000000
53 59 60
0.492365019201 0.431339649910 -0.755991266009 1.829676047667
-0.374874709774 0.888969763183 0.263062182987 -0.126596735284
0.785522526628 0.153879389659 0.599395940593 0.922210092241
0.000000000000 0.000000000000 0.000000000000 1.000000000000
54 59 60
0.365338447929 -0.199004812823 -0.909354113060 2.255500084559
0.121903739347 0.978696591308 -0.165204299268 0.589004988598
0.922858221396 -0.050498184487 0.381814924493 1.665135854192
0.000000000000 0.000000000000 0.000000000000 1.000000000000
56 58 60
0.956815735622 0.032250681833 -0.288900573880 0.033616728934
-0.153708609731 0.899659623917 -0.408639479722 -0.004018600516
0.246733279801 0.435399189956 0.865765692335 -0.205971277022
0.000000000000 0.000000000000 0.000000000000 1.000000000000
56 59 60
0.718042652480 0.353625266381 -0.599469699149 0.530466715215
-0.407962340285 0.911675449434 0.049138618299 -0.250817910097
0.563898464379 0.209277437572 0.798887649169 0.445218794344
0.000000000000 0.000000000000 0.000000000000 1.000000000000
