Setting,Scene,Image,Object,RANSAC Iterations,ICP Iterations,RANSAC: Fitness,ICP: Fitness,RANSAC: Inlier RMSE,ICP: Inlier RMSE,RANSAC: Transformation,ICP: Transformation
full_scene,90,106,64,23,30,0.6277903319660573,0.6392925863650806,0.0021483675549090952,0.001860657520016336,"[[-0.98267219 -0.0018372  -0.1853429   0.01869997]
 [-0.08465466 -0.88511628  0.45760547 -0.11898699]
 [-0.16489073  0.46536631  0.86962362 -0.39341518]
 [ 0.          0.          0.          1.        ]]","[[-0.91527604 -0.21035249 -0.34354271  0.01048215]
 [ 0.04716794 -0.90292642  0.42719908 -0.11910036]
 [-0.40005618  0.37480088  0.83634882 -0.39682064]
 [ 0.          0.          0.          1.        ]]"
full_scene,90,107,64,34,30,0.4619536696903816,0.48881368275625714,0.0026810088741732,0.002446196641661805,"[[-0.99418165 -0.05716364 -0.09129709  0.01233464]
 [ 0.01201808  0.78341171 -0.62138688 -0.06233425]
 [ 0.10704394 -0.61886866 -0.77816655 -0.40655866]
 [ 0.          0.          0.          1.        ]]","[[-0.97081129  0.00562047  0.23977876 -0.00340991]
 [-0.11882683  0.85713691 -0.50119508 -0.06668079]
 [-0.20834018 -0.51505799 -0.83145032 -0.40835377]
 [ 0.          0.          0.          1.        ]]"
full_scene,90,133,64,26,30,0.4874499766170806,0.9123586761340716,0.002645545389939444,0.001661289318892378,"[[ 0.90723634  0.14145774  0.39612111  0.00960513]
 [-0.39297689  0.62083623  0.67832997 -0.09018184]
 [-0.14997131 -0.77107204  0.61883481 -0.41833198]
 [ 0.          0.          0.          1.        ]]","[[ 0.9999812   0.00542741  0.00285417  0.00390073]
 [-0.00570088  0.65135192  0.75875436 -0.08382023]
 [ 0.002259   -0.75875636  0.65137062 -0.41693941]
 [ 0.          0.          0.          1.        ]]"
full_scene,90,134,64,41,22,0.6376182979376622,0.9220545553853898,0.0021742448905385688,0.0015899315443099898,"[[ 0.93695057  0.34219861  0.07087836  0.01441294]
 [-0.29308169  0.65899018  0.69270129 -0.08033183]
 [ 0.19033327 -0.66980002  0.71773337 -0.41924694]
 [ 0.          0.          0.          1.        ]]","[[ 0.99946603  0.01643787 -0.02823908  0.0030006 ]
 [ 0.00942288  0.6825263   0.73080029 -0.08168499]
 [ 0.03128672 -0.73067616  0.68200696 -0.42010284]
 [ 0.          0.          0.          1.        ]]"
full_scene,90,135,64,47,30,0.5461821582970094,0.9327107407923061,0.002721840878515411,0.0014291610546904275,"[[ 0.93065311 -0.00162123  0.36589911  0.00254805]
 [-0.25289772  0.71984359  0.64642706 -0.07860808]
 [-0.26443813 -0.69413441  0.66951467 -0.42821142]
 [ 0.          0.          0.          1.        ]]","[[ 0.99847498  0.02015409 -0.05139574  0.00240604]
 [ 0.02124306  0.71903288  0.69465131 -0.0810836 ]
 [ 0.05095529 -0.69468376  0.71750821 -0.42155061]
 [ 0.          0.          0.          1.        ]]"
full_scene,90,136,64,23,30,0.33823482162937896,0.3605039286874507,0.002598442233057163,0.002346518901879388,"[[ 0.08446131  0.86787503  0.48955001  0.03766461]
 [-0.82963968 -0.21085973  0.51694891 -0.05937822]
 [ 0.55187343 -0.4498123   0.70221408 -0.46766248]
 [ 0.          0.          0.          1.        ]]","[[ 0.20513277  0.86095292  0.46548966  0.03589827]
 [-0.79657014 -0.12948101  0.59051729 -0.0544204 ]
 [ 0.56867966 -0.49192961  0.65924859 -0.4672371 ]
 [ 0.          0.          0.          1.        ]]"
full_scene,90,137,64,47,30,0.739203695572239,0.9255887676308997,0.0021200686724358263,0.001482818848623531,"[[ 9.56096507e-01  2.10224781e-01  2.04169074e-01 -1.53519219e-02]
 [-2.93051758e-01  6.86745930e-01  6.65207257e-01 -8.51605413e-02]
 [-3.69230514e-04 -6.95834441e-01  7.18202126e-01 -4.12473973e-01]
 [ 0.00000000e+00  0.00000000e+00  0.00000000e+00  1.00000000e+00]]","[[ 0.98498748  0.01221646  0.17219301 -0.01493822]
 [-0.1339168   0.68351713  0.71754486 -0.08021185]
 [-0.10893101 -0.72983223  0.6748918  -0.41866541]
 [ 0.          0.          0.          1.        ]]"
full_scene,90,163,64,37,30,0.7717612871672397,0.9323823089472688,0.002050809235680407,0.0014592916852644432,"[[ 0.88782393  0.14608043  0.43638191 -0.03073056]
 [-0.41709371  0.65608598  0.6289547  -0.08496296]
 [-0.19442608 -0.74041319  0.64341807 -0.40612452]
 [ 0.          0.          0.          1.        ]]","[[ 0.94248467  0.02046079  0.33362253 -0.03334835]
 [-0.26615084  0.64975358  0.7120281  -0.07786443]
 [-0.20220378 -0.75986949  0.61782845 -0.41329056]
 [ 0.          0.          0.          1.        ]]"
full_scene,90,164,64,40,30,0.8801366562068264,0.929272916153492,0.0020442312162966846,0.001434602762838439,"[[ 0.91501918  0.04866134  0.4004647  -0.03135019]
 [-0.32140377  0.68787693  0.65078794 -0.07188581]
 [-0.24380222 -0.72419431  0.64506052 -0.42180632]
 [ 0.          0.          0.          1.        ]]","[[ 0.9485649   0.02902058  0.31524981 -0.03338762]
 [-0.24924969  0.68241712  0.68715461 -0.07544001]
 [-0.19519024 -0.73038666  0.6545503  -0.4167796 ]
 [ 0.          0.          0.          1.        ]]"
full_scene,90,165,64,29,30,0.8346345660237257,0.9340244681724553,0.0021284894963918646,0.0014512039978018608,"[[ 0.94749364  0.12271368  0.29529165 -0.03063658]
 [-0.29736958  0.67769545  0.67253268 -0.07161274]
 [-0.11758885 -0.72503119  0.67860344 -0.42141642]
 [ 0.          0.          0.          1.        ]]","[[ 0.94697507  0.03249291  0.31965987 -0.03319348]
 [-0.24516129  0.71613998  0.65348257 -0.07538657]
 [-0.20768766 -0.69719992  0.68613271 -0.41863152]
 [ 0.          0.          0.          1.        ]]"
full_scene,90,166,64,44,30,0.5810994613003759,0.8696482566337878,0.002065042695431587,0.001478269226753048,"[[ 0.85813774 -0.24948642  0.44872726 -0.04889302]
 [-0.13852935  0.72906955  0.67027399 -0.02947205]
 [-0.49437763 -0.63734929  0.5910809  -0.44655139]
 [ 0.          0.          0.          1.        ]]","[[ 0.84497972 -0.0142178   0.53460933 -0.04767457]
 [-0.36784501  0.71017347  0.60028634 -0.05752618]
 [-0.38820011 -0.70388316  0.59485223 -0.42521159]
 [ 0.          0.          0.          1.        ]]"
full_scene,90,186,64,42,30,0.5475387246134679,0.6809713014825842,0.0026472486921795,0.002178008708890723,"[[-0.80928389 -0.41987762  0.41080698 -0.06893775]
 [ 0.56308419 -0.35530135  0.7461214  -0.05980849]
 [-0.16731941  0.83514294  0.5239661  -0.38002022]
 [ 0.          0.          0.          1.        ]]","[[-0.69366872 -0.3676379   0.61940785 -0.07096148]
 [ 0.72024231 -0.36434215  0.5903438  -0.0575504 ]
 [ 0.00864363  0.85562677  0.51752112 -0.38481801]
 [ 0.          0.          0.          1.        ]]"
full_scene,90,193,64,35,30,0.7411207379720761,0.9081247612621779,0.0021875606889521413,0.001518448819433819,"[[ 0.73345017  0.15309782  0.66227782 -0.05648761]
 [-0.5951319   0.61539042  0.51682942 -0.06218872]
 [-0.32843397 -0.77321128  0.5424716  -0.40621339]
 [ 0.          0.          0.          1.        ]]","[[ 0.76046396  0.02566148  0.64887291 -0.06177441]
 [-0.50355942  0.65422341  0.56428684 -0.06000781]
 [-0.41002741 -0.75586587  0.51043541 -0.40784663]
 [ 0.          0.          0.          1.        ]]"
full_scene,90,194,64,26,30,0.5735490987758773,0.9018809862951103,0.002456354815428906,0.0015583365777277075,"[[ 0.86771903 -0.21171735  0.4497104  -0.06844467]
 [-0.14292453  0.76026465  0.6336957  -0.04092145]
 [-0.47606329 -0.61414447  0.6294365  -0.42000099]
 [ 0.          0.          0.          1.        ]]","[[ 0.7647776   0.0142792   0.6441361  -0.06114171]
 [-0.4753137   0.68743678  0.54909704 -0.05691998]
 [-0.43496218 -0.72610383  0.53252335 -0.41263552]
 [ 0.          0.          0.          1.        ]]"
full_scene,90,195,64,40,30,0.7288438128081279,0.897415027184875,0.002079297292215404,0.0014436451998671466,"[[ 0.82933841 -0.05376644  0.55615374 -0.05884842]
 [-0.36251526  0.70564972  0.60880306 -0.04078433]
 [-0.4251829  -0.70651798  0.56573125 -0.42653704]
 [ 0.          0.          0.          1.        ]]","[[ 0.76416885  0.01605646  0.64481637 -0.06167141]
 [-0.45365006  0.72403621  0.51958945 -0.05828478]
 [-0.45852763 -0.68957506  0.56056993 -0.41240092]
 [ 0.          0.          0.          1.        ]]"
full_scene,90,196,64,25,30,0.410836108939415,0.5944259404038997,0.0027300650172434565,0.0022224148156953028,"[[ 0.93238007  0.35896174  0.04258956 -0.09067783]
 [-0.28560927  0.65933432  0.69548947 -0.0493148 ]
 [ 0.22157335 -0.66062449  0.71727298 -0.39676333]
 [ 0.          0.          0.          1.        ]]","[[ 0.94277502  0.21050865  0.25857564 -0.08527082]
 [-0.33296695  0.63522543  0.6968656  -0.03832697]
 [-0.01755759 -0.74308462  0.6689671  -0.40562486]
 [ 0.          0.          0.          1.        ]]"
full_scene,90,198,64,37,30,0.8606877791224444,0.8894862540563118,0.0025305296693218468,0.0015191488235640769,"[[ 0.6355224   0.05360095  0.77021959 -0.07360545]
 [-0.58445744  0.68525042  0.43455882 -0.0596233 ]
 [-0.50450053 -0.72633243  0.46681946 -0.38848362]
 [ 0.          0.          0.          1.        ]]","[[ 0.62421046  0.02325595  0.78091002 -0.07226577]
 [-0.59418116  0.66312833  0.45520278 -0.05130889]
 [-0.50725738 -0.74814436  0.42774989 -0.40124361]
 [ 0.          0.          0.          1.        ]]"
full_scene,91,10,64,37,30,0.39202981589967123,0.656603086545361,0.0028983823500170337,0.002082807520317389,"[[-0.94393523 -0.10284949  0.31370092  0.11209091]
 [ 0.28922213 -0.71579771  0.63559751 -0.06916126]
 [ 0.15917552  0.69069213  0.70541303 -0.43727014]
 [ 0.          0.          0.          1.        ]]","[[-0.91408099 -0.24935935  0.31980596  0.12769355]
 [ 0.40249083 -0.65424211  0.64028774 -0.07818544]
 [ 0.04956879  0.71399382  0.69839513 -0.44524916]
 [ 0.          0.          0.          1.        ]]"
full_scene,91,14,64,20,30,0.28485036716538326,0.7349840603457816,0.002586673577727001,0.0016750815127200395,"[[ 0.99051906 -0.11621491  0.0732536   0.13417381]
 [ 0.0450651   0.77861139  0.62588612 -0.10533004]
 [-0.12977339 -0.61665095  0.77646666 -0.44170092]
 [ 0.          0.          0.          1.        ]]","[[ 0.51733178  0.04711946  0.85448674  0.1284635 ]
 [-0.59663268  0.73567108  0.3206517  -0.09262681]
 [-0.61351224 -0.67569803  0.40869904 -0.45475689]
 [ 0.          0.          0.          1.        ]]"
full_scene,91,165,64,34,30,0.7916349837033546,0.7937519411393015,0.0015643775519748359,0.0014682669956559086,"[[ 0.99260527 -0.02206677 -0.11936433 -0.13273385]
 [ 0.09623648  0.74237446  0.66303748 -0.06499676]
 [ 0.07398194 -0.6696217   0.73900843 -0.41246785]
 [ 0.          0.          0.          1.        ]]","[[ 9.96843510e-01  4.58344818e-04 -7.93902112e-02 -1.31502443e-01]
 [ 5.37286083e-02  7.32301424e-01  6.78857762e-01 -6.32958700e-02]
 [ 5.84487156e-02 -6.80980480e-01  7.29965296e-01 -4.14059907e-01]
 [ 0.00000000e+00  0.00000000e+00  0.00000000e+00  1.00000000e+00]]"
full_scene,91,166,64,26,30,0.5168196373684042,0.803069409786555,0.002264944014147938,0.0016863380915183852,"[[ 0.87246896 -0.4741225  -0.118346   -0.15986891]
 [ 0.41338562  0.58693741  0.69614424 -0.0403236 ]
 [-0.26059595 -0.65628678  0.70808009 -0.40056328]
 [ 0.          0.          0.          1.        ]]","[[ 0.99153401 -0.02011236  0.12828017 -0.14332218]
 [-0.07277367  0.73211369  0.67728394 -0.03762662]
 [-0.10753745 -0.68088548  0.72445197 -0.40019792]
 [ 0.          0.          0.          1.        ]]"
full_scene,91,168,64,44,30,0.5334090154541463,0.8485750698810148,0.002434731024119057,0.0015274850128248728,"[[ 0.95040117  0.28642595  0.12123444 -0.12649017]
 [-0.29113569  0.68209921  0.67080599 -0.03843859]
 [ 0.10944232 -0.67283047  0.73165671 -0.38962528]
 [ 0.          0.          0.          1.        ]]","[[ 0.98886763 -0.02065668  0.14735709 -0.1421515 ]
 [-0.09422679  0.67951841  0.72758233 -0.04628638]
 [-0.11516128 -0.7333676   0.67000734 -0.39024025]
 [ 0.          0.          0.          1.        ]]"
full_scene,91,169,64,35,30,0.629618126581917,0.8463760044838087,0.002733297585326635,0.001544539881000278,"[[ 0.95806469  0.22135303  0.18197497 -0.14137081]
 [-0.2839871   0.64867456  0.70609676 -0.03998141]
 [ 0.03825413 -0.72816492  0.6843336  -0.38714811]
 [ 0.          0.          0.          1.        ]]","[[ 0.99053654 -0.00122494  0.13724378 -0.14264036]
 [-0.10450148  0.64152621  0.75994971 -0.04314536]
 [-0.08897638 -0.76710014  0.63532715 -0.39043246]
 [ 0.          0.          0.          1.        ]]"
full_scene,91,193,64,43,30,0.6534222955244021,0.866049785983814,0.001985571763317312,0.0015399892719330686,"[[ 0.87115761  0.27828603  0.40452601 -0.13937358]
 [-0.48614231  0.60450277  0.63106423 -0.02798111]
 [-0.06892073 -0.74641362  0.6619038  -0.37379128]
 [ 0.          0.          0.          1.        ]]","[[ 0.94583753 -0.0015949   0.32463645 -0.14757894]
 [-0.23385998  0.69023813  0.68474874 -0.02607819]
 [-0.22516856 -0.72358053  0.65248014 -0.37289078]
 [ 0.          0.          0.          1.        ]]"
full_scene,91,194,64,35,30,0.4334729168674742,0.8560004855079448,0.002998223494479433,0.0014538609484446223,"[[ 0.99406992 -0.10183349 -0.03814364 -0.15131517]
 [ 0.1058517   0.82581334  0.55392034 -0.01975384]
 [-0.02490812 -0.55467312  0.83169545 -0.3744924 ]
 [ 0.          0.          0.          1.        ]]","[[ 0.94962436 -0.00853332  0.31327425 -0.14758128]
 [-0.21254698  0.71705158  0.66382288 -0.02484494]
 [-0.23029841 -0.69696787  0.67911592 -0.37588503]
 [ 0.          0.          0.          1.        ]]"
full_scene,91,198,64,41,30,0.6432230587714507,0.8829925852941072,0.002799776888304191,0.0014894331481574339,"[[ 7.14365238e-01  3.87161527e-02  6.98701199e-01 -1.45030901e-01]
 [-5.29757777e-01  6.82286086e-01  5.03827743e-01 -9.31414469e-04]
 [-4.57207835e-01 -7.30059420e-01  5.07911645e-01 -3.58334322e-01]
 [ 0.00000000e+00  0.00000000e+00  0.00000000e+00  1.00000000e+00]]","[[ 0.89426152  0.01377151  0.44733285 -0.1475644 ]
 [-0.33204475  0.69058112  0.64252937 -0.00268245]
 [-0.30007102 -0.72312382  0.62213288 -0.35810091]
 [ 0.          0.          0.          1.        ]]"
full_scene,91,202,64,50,25,0.6105155308993677,0.8832103498870123,0.0024457982452555983,0.0014987178083745536,"[[ 9.88703420e-01  5.57657633e-04  1.49884076e-01 -1.45712152e-01]
 [-1.23255073e-01  5.72031440e-01  8.10918133e-01  8.69354387e-03]
 [-8.52861891e-02 -8.20231504e-01  5.65638175e-01 -3.62912323e-01]
 [ 0.00000000e+00  0.00000000e+00  0.00000000e+00  1.00000000e+00]]","[[ 0.86390401  0.01000389  0.50355713 -0.14491202]
 [-0.42574451  0.54867992  0.71950814  0.0082706 ]
 [-0.2690938  -0.83597265  0.47826588 -0.3586716 ]
 [ 0.          0.          0.          1.        ]]"
full_scene,91,212,64,44,30,0.5690581502861284,0.8350629553868177,0.002592139988094195,0.0016500571545079664,"[[ 0.68431646 -0.08799214  0.72385659 -0.11800973]
 [-0.65154504  0.3719473   0.66116886  0.06617985]
 [-0.32741417 -0.92407391  0.19719882 -0.36832181]
 [ 0.          0.          0.          1.        ]]","[[ 6.04498792e-01 -9.93585732e-04  7.96605438e-01 -1.23882527e-01]
 [-7.63722902e-01  2.83625610e-01  5.79899855e-01  7.03141597e-02]
 [-2.26513884e-01 -9.58934579e-01  1.70692515e-01 -3.58926108e-01]
 [ 0.00000000e+00  0.00000000e+00  0.00000000e+00  1.00000000e+00]]"
full_scene,91,214,64,33,30,0.5945151881878773,0.856928662461311,0.0022075286611501622,0.0015503650423559481,"[[ 0.53276499  0.1376533   0.83499283 -0.12532519]
 [-0.84625981  0.08946736  0.52520466  0.05905591]
 [-0.00240845 -0.98643153  0.16415553 -0.37900999]
 [ 0.          0.          0.          1.        ]]","[[ 0.68128508  0.01424813  0.73187952 -0.13055978]
 [-0.6884353   0.35230558  0.6339855   0.05618357]
 [-0.24881213 -0.93577656  0.24982946 -0.35601107]
 [ 0.          0.          0.          1.        ]]"
full_scene,91,217,64,37,30,0.499805439830929,0.8814860827005665,0.00258912767838263,0.001501413326397262,"[[ 0.29436181 -0.04243315  0.95475157 -0.127067  ]
 [-0.7644201   0.58914264  0.2618642   0.02806453]
 [-0.57359658 -0.80691411  0.14098434 -0.35484626]
 [ 0.          0.          0.          1.        ]]","[[ 0.7383441   0.00514973  0.67440453 -0.13564812]
 [-0.59095997  0.48679423  0.64327109  0.03967718]
 [-0.32498356 -0.87350149  0.36246493 -0.34966877]
 [ 0.          0.          0.          1.        ]]"
full_scene,91,218,64,48,30,0.46703722346574134,0.8485465105901421,0.002412387094494942,0.001742937269133975,"[[ 0.2539954  -0.07168282  0.96454544 -0.12966884]
 [-0.74339383  0.62350215  0.24209643  0.02648471]
 [-0.61875031 -0.77852851  0.10507811 -0.35808103]
 [ 0.          0.          0.          1.        ]]","[[ 0.76859654  0.00502213  0.6397141  -0.13692966]
 [-0.55013356  0.51556582  0.65692081  0.03765665]
 [-0.32651558 -0.85683526  0.39902495 -0.35167614]
 [ 0.          0.          0.          1.        ]]"
full_scene,91,221,64,38,17,0.6959256601658581,0.861169717155923,0.0023591802205284312,0.0017434139163016182,"[[ 0.63303478 -0.04736583  0.77267292 -0.13779416]
 [-0.58352359  0.62669191  0.51648569  0.02085504]
 [-0.50869164 -0.77782628  0.3690787  -0.34529392]
 [ 0.          0.          0.          1.        ]]","[[ 0.80073358  0.01734974  0.59876934 -0.14013295]
 [-0.4765012   0.62419111  0.61913817  0.0272357 ]
 [-0.36300461 -0.78107903  0.50807795 -0.34899185]
 [ 0.          0.          0.          1.        ]]"
full_scene,91,224,64,26,30,0.3867820462017928,0.46439905897136574,0.00279527952778411,0.002627470978363182,"[[-0.53390987 -0.1217808  -0.83672558 -0.1316982 ]
 [ 0.31090382  0.89197442 -0.32820794  0.02623139]
 [ 0.78630724 -0.43537463 -0.43837183 -0.32752717]
 [ 0.          0.          0.          1.        ]]","[[-0.72828055  0.07528515 -0.6811311  -0.13012614]
 [ 0.37272381  0.87758732 -0.30152522  0.02901647]
 [ 0.57505165 -0.47346874 -0.66719035 -0.3305991 ]
 [ 0.          0.          0.          1.        ]]"
full_scene,91,225,64,20,30,0.5921269174886388,0.7821925681585327,0.0023081441783762632,0.0019131285572012973,"[[ 0.76586813 -0.17900518  0.61757846 -0.14487095]
 [-0.31241686  0.73588146  0.60072804  0.03402415]
 [-0.56199797 -0.65302038  0.50766392 -0.3652585 ]
 [ 0.          0.          0.          1.        ]]","[[ 0.79373595 -0.01740052  0.60801354 -0.14172072]
 [-0.38772864  0.7557138   0.52779083  0.02278021]
 [-0.46866805 -0.65467082  0.59309053 -0.35362783]
 [ 0.          0.          0.          1.        ]]"
full_scene,91,226,64,43,30,0.42624741627665386,0.9021701491151974,0.0029194843722159924,0.001332970547824701,"[[ 0.95218282 -0.02736928  0.3043005  -0.1324905 ]
 [-0.19124438  0.72334052  0.66347878  0.02768574]
 [-0.23827182 -0.68994885  0.68351819 -0.31738881]
 [ 0.          0.          0.          1.        ]]","[[ 0.68937024  0.01369885  0.72427965 -0.13127295]
 [-0.4736955   0.76496501  0.43639558  0.02707294]
 [-0.54807048 -0.64392614  0.53383319 -0.32967356]
 [ 0.          0.          0.          1.        ]]"
full_scene,91,227,64,48,30,0.6673806489384868,0.9064683223915551,0.0029080881612104864,0.001352920663632697,"[[ 0.75539324  0.02588724  0.65476019 -0.13196602]
 [-0.41839106  0.78807547  0.45153735  0.03038203]
 [-0.50431139 -0.61503407  0.60613787 -0.31924275]
 [ 0.          0.          0.          1.        ]]","[[ 0.68541332  0.01956216  0.72789141 -0.13097821]
 [-0.50425835  0.73389419  0.45510749  0.03092863]
 [-0.52529239 -0.67898206  0.51288524 -0.33022503]
 [ 0.          0.          0.          1.        ]]"
full_scene,91,228,64,28,30,0.2808913354681403,0.461261106886716,0.002948560473129208,0.002358346287988974,"[[ 0.58303023  0.67749623  0.44841343 -0.09638904]
 [-0.7997937   0.38156802  0.46339603  0.03073351]
 [ 0.14284884 -0.62881213  0.76432291 -0.33469402]
 [ 0.          0.          0.          1.        ]]","[[ 0.44871498  0.56696427  0.69080126 -0.11971771]
 [-0.87524254  0.12261706  0.46788413  0.0283278 ]
 [ 0.18056956 -0.81456527  0.55125136 -0.33593875]
 [ 0.          0.          0.          1.        ]]"
full_scene,91,231,64,42,30,0.6608941199990004,0.8980647510522314,0.0023068810647887197,0.0014092024480146458,"[[ 0.66082219 -0.01686159  0.75035307 -0.12630616]
 [-0.64561739  0.49705596  0.57975301  0.0509185 ]
 [-0.38274302 -0.86755465  0.31757947 -0.35027951]
 [ 0.          0.          0.          1.        ]]","[[ 0.65461326  0.01249452  0.75586068 -0.12717149]
 [-0.60798279  0.60291359  0.51657732  0.04723784]
 [-0.44926429 -0.79770865  0.40227168 -0.33552579]
 [ 0.          0.          0.          1.        ]]"
full_scene,91,252,64,57,30,0.887337167418133,0.904840442811805,0.001672835649028863,0.0013868366833384087,"[[ 0.52005898  0.0377769   0.85329454 -0.11608208]
 [-0.63547236  0.68463962  0.35699226  0.04732957]
 [-0.57071318 -0.72790212  0.38005915 -0.31763037]
 [ 0.          0.          0.          1.        ]]","[[ 0.55747339  0.00513364  0.83017893 -0.11491408]
 [-0.61136175  0.67906378  0.4063363   0.05192723]
 [-0.56165846 -0.73406132  0.3816985  -0.32248011]
 [ 0.          0.          0.          1.        ]]"
full_scene,91,253,64,44,29,0.7760380409754426,0.8900681496078452,0.002390655336552671,0.0015478409280925993,"[[ 0.7110451   0.08117611  0.69844492 -0.11856662]
 [-0.5395627   0.69992602  0.46794835  0.05013794]
 [-0.45087354 -0.70958721  0.54147857 -0.32126516]
 [ 0.          0.          0.          1.        ]]","[[ 0.5763537   0.00527975  0.81718329 -0.11573315]
 [-0.5773375   0.71034676  0.40260264  0.04904598]
 [-0.57835786 -0.70383209  0.41245918 -0.3219413 ]
 [ 0.          0.          0.          1.        ]]"
full_scene,91,254,64,30,30,0.3175043463670797,0.8352521606888501,0.0026430664633516486,0.0016678297497675658,"[[ 0.95089371 -0.16683617  0.26070451 -0.11068   ]
 [-0.11066527  0.6033573   0.78975513  0.08418187]
 [-0.28905769 -0.77982412  0.55526569 -0.34688725]
 [ 0.          0.          0.          1.        ]]","[[ 0.59612537 -0.01945613  0.8026556  -0.1158981 ]
 [-0.54250975  0.72720388  0.4205445   0.05857053]
 [-0.59187644 -0.68614573  0.42294954 -0.3321833 ]
 [ 0.          0.          0.          1.        ]]"
full_scene,91,255,64,23,30,0.4586979105308815,0.4061702347930701,0.0025333764244644076,0.0021353549172627865,"[[-2.46603971e-01  7.27026336e-01 -6.40795746e-01 -7.64031196e-02]
 [ 9.67769670e-01  2.19589820e-01 -1.23297106e-01 -2.08460364e-04]
 [ 5.10719792e-02 -6.50548244e-01 -7.57745759e-01 -3.09780068e-01]
 [ 0.00000000e+00  0.00000000e+00  0.00000000e+00  1.00000000e+00]]","[[-0.29470037  0.68397048 -0.66733505 -0.07036178]
 [ 0.93810291  0.34006155 -0.06573491  0.00532549]
 [ 0.18197425 -0.64540106 -0.74185096 -0.31755904]
 [ 0.          0.          0.          1.        ]]"
full_scene,92,8,63,58,30,0.4134187683537744,0.4967610986353429,0.0027364991782747173,0.002103025253430932,"[[ 0.41275794 -0.03963595 -0.90997795  0.09825477]
 [ 0.59218969  0.77075777  0.23504007 -0.01063267]
 [ 0.69205654 -0.63589421  0.34160839 -0.37460347]
 [ 0.          0.          0.          1.        ]]","[[ 0.57566064 -0.23201783 -0.7840807   0.08738604]
 [ 0.69565253  0.64292629  0.32048923 -0.02381936]
 [ 0.42974688 -0.72994076  0.53151115 -0.382091  ]
 [ 0.          0.          0.          1.        ]]"
full_scene,92,9,63,70,30,0.7795603731214372,0.8053366298151667,0.002049234642983258,0.0017029546302504163,"[[-0.53431943  0.01686054  0.84511447  0.13259481]
 [-0.65905886  0.61773064 -0.4290108  -0.03655482]
 [-0.52928646 -0.78620899 -0.3189534  -0.38987088]
 [ 0.          0.          0.          1.        ]]","[[-0.57458807 -0.03743318  0.81758627  0.13110161]
 [-0.67675021  0.58352686 -0.4488937  -0.03480974]
 [-0.46028003 -0.81123065 -0.36062049 -0.39275421]
 [ 0.          0.          0.          1.        ]]"
full_scene,92,11,63,48,30,0.34192541889790984,0.5122106581447573,0.0020773041703050217,0.0021552171625183634,"[[ 0.55631161 -0.13790751 -0.81945037  0.10687315]
 [ 0.42269345  0.89598403  0.13617218 -0.00314415]
 [ 0.71543528 -0.42213047  0.55673892 -0.36601092]
 [ 0.          0.          0.          1.        ]]","[[ 0.57517972 -0.15377122 -0.80344427  0.09418983]
 [ 0.53051605  0.81773855  0.22328546 -0.01758284]
 [ 0.62267247 -0.55466935  0.55192473 -0.38450863]
 [ 0.          0.          0.          1.        ]]"
full_scene,92,21,63,52,30,0.38849542235273793,0.7959923993781309,0.002709465359690843,0.0017238034352636794,"[[-0.79178179 -0.23667955  0.56308471  0.12162043]
 [-0.61056731  0.33235221 -0.71885295 -0.06401524]
 [-0.01700466 -0.91297579 -0.40765922 -0.40198171]
 [ 0.          0.          0.          1.        ]]","[[-0.72723657 -0.02944683  0.68575495  0.12601026]
 [-0.55702911  0.60908101 -0.56456965 -0.05452437]
 [-0.40105553 -0.79256117 -0.45934873 -0.40139645]
 [ 0.          0.          0.          1.        ]]"
full_scene,92,22,63,47,30,0.5068340818794265,0.8025835636552081,0.0021868539676609695,0.0016940732234153914,"[[-0.63707378 -0.17398321  0.75091068  0.11597825]
 [-0.73210479  0.44137708 -0.5188534  -0.05090715]
 [-0.24116298 -0.8802932  -0.4085637  -0.41313887]
 [ 0.          0.          0.          1.        ]]","[[-0.70882932 -0.02757666  0.70484077  0.12603031]
 [-0.58664739  0.57788426 -0.56735758 -0.05219689]
 [-0.39167056 -0.81565269 -0.42579908 -0.40000346]
 [ 0.          0.          0.          1.        ]]"
full_scene,92,23,63,44,30,0.38702172223181897,0.4766799101744688,0.0020435159236586006,0.002142325258694765,"[[ 0.69400118 -0.16852934 -0.69997159  0.09796488]
 [ 0.5243826   0.78450175  0.33102855 -0.01816276]
 [ 0.49334091 -0.59678712  0.63281899 -0.37291333]
 [ 0.          0.          0.          1.        ]]","[[ 0.68994858 -0.24923824 -0.67959639  0.08229502]
 [ 0.65635766  0.61129678  0.44216611 -0.03565538]
 [ 0.30523038 -0.75113018  0.58535277 -0.39041275]
 [ 0.          0.          0.          1.        ]]"
full_scene,92,25,63,52,30,0.7404560373121437,0.8105242701675591,0.002750903438255728,0.0018313931504576764,"[[-0.64697087  0.01212794  0.76241826  0.12445599]
 [-0.6761878   0.45299553 -0.58100354 -0.04100537]
 [-0.35241844 -0.89143029 -0.28487414 -0.3963341 ]
 [ 0.          0.          0.          1.        ]]","[[-0.67030172 -0.03553581  0.74123735  0.12695207]
 [-0.6702457   0.45774316 -0.58415914 -0.04507448]
 [-0.31853776 -0.88837402 -0.33064376 -0.3917446 ]
 [ 0.          0.          0.          1.        ]]"
full_scene,92,26,63,49,14,0.6234399291760235,0.8168779150112282,0.002272616576585384,0.0017742896371830434,"[[-0.55738171 -0.12619861  0.82060925  0.12475486]
 [-0.79982909  0.34674066 -0.4899432  -0.04559768]
 [-0.22270844 -0.92943253 -0.29420423 -0.38893189]
 [ 0.          0.          0.          1.        ]]","[[-0.65487004 -0.03595323  0.75488581  0.12789246]
 [-0.69482762  0.42152529 -0.58269289 -0.04133624]
 [-0.29725377 -0.90610363 -0.30102558 -0.3883751 ]
 [ 0.          0.          0.          1.        ]]"
full_scene,92,29,9,33,30,0.28141302727679235,0.3297702446606903,0.0025792534018927037,0.00244657983846196,"[[ 0.35787268 -0.92172707 -0.14948696  0.03851883]
 [ 0.65976631  0.36288552 -0.65804447 -0.11280985]
 [ 0.66078405  0.13686968  0.73799128 -0.50530381]
 [ 0.          0.          0.          1.        ]]","[[ 0.36956334 -0.91747605 -0.14717553  0.03733436]
 [ 0.71320467  0.3816017  -0.58797895 -0.11430419]
 [ 0.59561904  0.11232919  0.7953742  -0.50322328]
 [ 0.          0.          0.          1.        ]]"
full_scene,92,35,63,56,30,0.6815080324753844,0.8184595785109691,0.0022657169805724853,0.0018981191458152821,"[[-0.63637205 -0.05301342  0.76955844  0.1216189 ]
 [-0.7235269   0.38694109 -0.57165148 -0.05813825]
 [-0.26746858 -0.92057926 -0.28459513 -0.39811227]
 [ 0.          0.          0.          1.        ]]","[[-0.783657   -0.0465923   0.619444    0.12065322]
 [-0.58168958  0.40496989 -0.70543364 -0.06089517]
 [-0.21798839 -0.91314213 -0.34445974 -0.39411174]
 [ 0.          0.          0.          1.        ]]"
full_scene,92,36,9,33,30,0.29605373226947657,0.37935639302672924,0.002844315588749079,0.0025936642167428167,"[[ 0.49951097 -0.84611282 -0.18596204 -0.01526373]
 [ 0.46491484  0.44294972 -0.76658316 -0.10751244]
 [ 0.73098767  0.29646018  0.61462865 -0.51316224]
 [ 0.          0.          0.          1.        ]]","[[ 0.53755621 -0.82219284 -0.18716905 -0.01174597]
 [ 0.54316339  0.50741078 -0.66896026 -0.10946255]
 [ 0.64498593  0.25794037  0.71934687 -0.51697421]
 [ 0.          0.          0.          1.        ]]"
full_scene,92,36,63,60,30,0.48965171013992054,0.8301466142684402,0.002542591215768505,0.0018521518596838575,"[[-0.48477652 -0.13218141  0.86459227  0.11865991]
 [-0.81662132  0.42243012 -0.39329686 -0.06315187]
 [-0.31324328 -0.89670557 -0.31272636 -0.4011373 ]
 [ 0.          0.          0.          1.        ]]","[[-0.8020498  -0.05213101  0.59497771  0.11961739]
 [-0.55374031  0.43819326 -0.70806662 -0.06392881]
 [-0.223803   -0.89736783 -0.38031986 -0.39711552]
 [ 0.          0.          0.          1.        ]]"
full_scene,92,39,9,26,30,0.2228471653976839,0.3285747746706374,0.0029239051278532975,0.0023031181581826066,"[[ 0.46988695 -0.85708279 -0.21122346 -0.01735689]
 [ 0.37539621  0.41059237 -0.83095823 -0.08278599]
 [ 0.79892674  0.31116394  0.51467763 -0.52452206]
 [ 0.          0.          0.          1.        ]]","[[ 0.66442202 -0.70869431 -0.23726725 -0.01603418]
 [ 0.35300452  0.57742358 -0.736186   -0.08628825]
 [ 0.65873453  0.40538178  0.63382523 -0.52434226]
 [ 0.          0.          0.          1.        ]]"
full_scene,92,42,63,48,30,0.31915054413542926,0.5694636379340128,0.002176065466600138,0.0020015115047009304,"[[ 0.10117846  0.25665582  0.96119234  0.12011609]
 [ 0.79511034 -0.60156537  0.07693279 -0.07260838]
 [ 0.59796527  0.75647003 -0.26493516 -0.42426497]
 [ 0.          0.          0.          1.        ]]","[[ 0.77161778  0.36325396  0.52216144  0.11368099]
 [ 0.61732916 -0.62554002 -0.47707902 -0.07123854]
 [ 0.15333203  0.69046814 -0.70692506 -0.419976  ]
 [ 0.          0.          0.          1.        ]]"
full_scene,92,49,9,22,30,0.2511308294371557,0.30736354759521933,0.0027613827209047024,0.002492690783419656,"[[ 0.9145059  -0.26461934  0.30603197 -0.03849369]
 [ 0.3962003   0.73886511 -0.54507218 -0.07304819]
 [-0.08187971  0.61972168  0.78053876 -0.50964489]
 [ 0.          0.          0.          1.        ]]","[[ 0.87911198 -0.42686683  0.2120067  -0.02853315]
 [ 0.47390265  0.73548003 -0.48423693 -0.07363632]
 [ 0.05077799  0.52616902  0.84886263 -0.50934395]
 [ 0.          0.          0.          1.        ]]"
full_scene,92,52,63,42,30,0.5805244860943168,0.7859841941613405,0.0021801796366233118,0.0017573199465773237,"[[-0.89712873 -0.15689366  0.41297024  0.1053527 ]
 [-0.43657255  0.45782846 -0.77446595 -0.0748844 ]
 [-0.06756073 -0.87508712 -0.47922654 -0.42436076]
 [ 0.          0.          0.          1.        ]]","[[-0.90938593 -0.03348351  0.41460353  0.10265529]
 [-0.36349486  0.54852933 -0.75298543 -0.08404828]
 [-0.2022096  -0.83546061 -0.51099594 -0.416648  ]
 [ 0.          0.          0.          1.        ]]"
full_scene,92,54,63,69,30,0.5338735101053722,0.8289536189324581,0.0027581226122270638,0.001774447810381575,"[[-0.98193985 -0.00326342  0.18916523  0.09787754]
 [-0.17084984  0.44478066 -0.87919309 -0.07989549]
 [-0.08126786 -0.89563358 -0.43730541 -0.41311447]
 [ 0.          0.          0.          1.        ]]","[[-0.90322311 -0.03601272  0.42765768  0.10464841]
 [-0.39114911  0.47913472 -0.7857686  -0.08341973]
 [-0.17660797 -0.87700228 -0.4468519  -0.40733979]
 [ 0.          0.          0.          1.        ]]"
full_scene,92,57,63,66,22,0.7233762307825186,0.8213260062186907,0.002470032863059081,0.001895610223754765,"[[-0.75253616 -0.00563748  0.6585268   0.11082002]
 [-0.61378693  0.36838096 -0.69825574 -0.07331468]
 [-0.23865233 -0.92965783 -0.28068021 -0.40121338]
 [ 0.          0.          0.          1.        ]]","[[-0.86032492 -0.03668171  0.50842451  0.1095497 ]
 [-0.48678079  0.35512539 -0.79807921 -0.07684314]
 [-0.15127954 -0.93409872 -0.32337917 -0.39587897]
 [ 0.          0.          0.          1.        ]]"
full_scene,92,63,63,62,30,0.6731138797719813,0.7916144843669027,0.002318255125891877,0.001939646405696696,"[[-0.94036034 -0.05680521  0.33540363  0.09031764]
 [-0.33826256  0.260678   -0.90422642 -0.08847868]
 [-0.03606758 -0.96375316 -0.26434633 -0.40813865]
 [ 0.          0.          0.          1.        ]]","[[-0.93486743 -0.04371544  0.35229511  0.09503136]
 [-0.34843878  0.3028687  -0.88705184 -0.0927277 ]
 [-0.0679213  -0.95202915 -0.29837424 -0.39356282]
 [ 0.          0.          0.          1.        ]]"
full_scene,92,64,9,24,30,0.317094612476083,0.5472819027745246,0.0026994969606629637,0.0022672428853775795,"[[-0.91832416  0.34757198  0.18940551  0.02282445]
 [-0.38319356 -0.90056285 -0.20530283 -0.12288872]
 [ 0.09921406 -0.26111352  0.96019597 -0.49185087]
 [ 0.          0.          0.          1.        ]]","[[-0.80495017  0.59329185  0.00774641  0.01902727]
 [-0.57196182 -0.77240522 -0.27613375 -0.1275826 ]
 [-0.15784454 -0.22670456  0.961088   -0.48959894]
 [ 0.          0.          0.          1.        ]]"
full_scene,92,67,63,60,30,0.7178916911383658,0.7737789341855242,0.0022064586236470595,0.0018128166885315105,"[[-0.98315339 -0.04936222  0.17599085  0.08399663]
 [-0.17920562  0.44986095 -0.87493455 -0.1005649 ]
 [-0.0359827  -0.89173342 -0.45112831 -0.41347434]
 [ 0.          0.          0.          1.        ]]","[[-0.96813887 -0.02715426  0.2489373   0.08700615]
 [-0.2314362   0.4766481  -0.84808247 -0.10166854]
 [-0.09562644 -0.8786747  -0.46774603 -0.40925088]
 [ 0.          0.          0.          1.        ]]"
full_scene,92,75,63,26,30,0.19537053031611679,0.4047816980480221,0.0027258553654844553,0.002146413685373049,"[[ 0.9555077   0.27562012  0.10506463  0.10433899]
 [-0.29335652  0.92512695  0.24100224 -0.05749777]
 [-0.03077305 -0.26110089  0.96482089 -0.40492031]
 [ 0.          0.          0.          1.        ]]","[[ 0.90293309  0.31524922 -0.29211259  0.08042569]
 [-0.18298684  0.89698506  0.40240977 -0.06282778]
 [ 0.38887999 -0.30989634  0.86760395 -0.41059302]
 [ 0.          0.          0.          1.        ]]"
full_scene,92,79,9,23,30,0.19582589333244105,0.3653027763497708,0.002835749407662568,0.0025886898872499427,"[[ 0.94507402 -0.1520726  -0.28932511 -0.0879294 ]
 [-0.01535249  0.86354513 -0.50403781 -0.05548518]
 [ 0.32649563  0.4807949   0.81377937 -0.48905697]
 [ 0.          0.          0.          1.        ]]","[[ 0.95127473 -0.08222702 -0.29717857 -0.08729053]
 [-0.13754463  0.74942595 -0.64764359 -0.05159337]
 [ 0.27596714  0.6569623   0.70160008 -0.49420277]
 [ 0.          0.          0.          1.        ]]"
full_scene,92,87,63,65,25,0.7059131542580757,0.7551714458455692,0.0020695046182535393,0.0018630687560780247,"[[-0.97684669 -0.02587961  0.21236948  0.07082214]
 [-0.20841837  0.33919462 -0.91733788 -0.11337393]
 [-0.04829423 -0.94036017 -0.33673493 -0.39944241]
 [ 0.          0.          0.          1.        ]]","[[-0.98613678  0.01952931  0.16478121  0.0682555 ]
 [-0.14795642  0.34608083 -0.92646476 -0.11196687]
 [-0.07512084 -0.93800142 -0.33839355 -0.40034744]
 [ 0.          0.          0.          1.        ]]"
full_scene,92,93,63,56,30,0.7335841682501295,0.7095515201243738,0.002231961427289215,0.0019806896434984276,"[[-0.98689988  0.04374428 -0.15529025  0.0453641 ]
 [ 0.16127791  0.2928504  -0.94245853 -0.11957841]
 [ 0.00424964 -0.9551571  -0.29606901 -0.40485151]
 [ 0.          0.          0.          1.        ]]","[[-0.99784994  0.02148058 -0.06191998  0.04485357]
 [ 0.06549875  0.29329918 -0.95377435 -0.12298832]
 [-0.00232655 -0.95577935 -0.29407552 -0.39483466]
 [ 0.          0.          0.          1.        ]]"
full_scene,92,97,63,51,30,0.5061161254102609,0.6752947400241838,0.0023765887167254713,0.001791623977621062,"[[-0.99603559  0.07427295 -0.04895533  0.04523196]
 [ 0.07556098  0.41599204 -0.90622357 -0.12092931]
 [-0.04694287 -0.90633005 -0.41995501 -0.42375091]
 [ 0.          0.          0.          1.        ]]","[[-0.99668685  0.01383284 -0.08014966  0.0377841 ]
 [ 0.07763185  0.45573725 -0.88672254 -0.12445975]
 [ 0.02426129 -0.89000686 -0.45530119 -0.41483124]
 [ 0.          0.          0.          1.        ]]"
full_scene,92,109,9,18,30,0.23114549143550697,0.3172649593448946,0.0026872400015670313,0.00257064277202964,"[[ 0.82039035  0.52579512  0.22472021 -0.11962344]
 [-0.4799552   0.84682422 -0.22919804 -0.09752036]
 [-0.31080973  0.08017623  0.94708452 -0.49870152]
 [ 0.          0.          0.          1.        ]]","[[ 0.63036921  0.76470468  0.13364658 -0.14264863]
 [-0.70233601  0.63513547 -0.32144527 -0.0944275 ]
 [-0.33069439  0.10876439  0.93744948 -0.50177747]
 [ 0.          0.          0.          1.        ]]"
full_scene,92,112,9,28,30,0.4026817464204343,0.6265814121147043,0.002865924886264753,0.002183950240691809,"[[-0.94592195 -0.31628097  0.07209727 -0.09955579]
 [ 0.24321932 -0.83854574 -0.4875299  -0.0812548 ]
 [ 0.21465329 -0.44362978  0.87012446 -0.48069635]
 [ 0.          0.          0.          1.        ]]","[[-0.99237494 -0.07635353  0.09675806 -0.08425754]
 [ 0.02071121 -0.87715543 -0.47975974 -0.08411812]
 [ 0.12150321 -0.47409756  0.87204844 -0.48753433]
 [ 0.          0.          0.          1.        ]]"
full_scene,92,119,63,79,30,0.4568578338227673,0.6814000690965625,0.0021696325015267046,0.0018728145191291444,"[[-0.89454206  0.31570114 -0.31642897  0.03133312]
 [ 0.36504857  0.10747203 -0.92476446 -0.12709258]
 [-0.25794193 -0.94275265 -0.21138451 -0.40925977]
 [ 0.          0.          0.          1.        ]]","[[-0.95462747  0.03339394 -0.29592437  0.01651798]
 [ 0.29581072  0.22106859 -0.9293141  -0.12646206]
 [ 0.03438613 -0.97468637 -0.22091644 -0.3984951 ]
 [ 0.          0.          0.          1.        ]]"
full_scene,92,122,63,83,30,0.6305115304888582,0.681319096562446,0.0025980351593419214,0.002034656308097023,"[[-0.91822938  0.18159436 -0.35196347 -0.02125219]
 [ 0.37675341  0.12650182 -0.91763509 -0.12218276]
 [-0.12211334 -0.97520294 -0.18457399 -0.40197033]
 [ 0.          0.          0.          1.        ]]","[[-0.83705563  0.05622358 -0.54422127 -0.01999683]
 [ 0.54183519  0.22308098 -0.81033913 -0.12805603]
 [ 0.07584525 -0.97317716 -0.2171951  -0.38806197]
 [ 0.          0.          0.          1.        ]]"
full_scene,92,126,9,32,30,0.32408795982247424,0.3914418949872392,0.002943120183827237,0.00254762682491044,"[[ 0.74039498  0.55597386 -0.37776758 -0.13527454]
 [-0.65639558  0.71907831 -0.22819123 -0.01320657]
 [ 0.14477611  0.41691661  0.89734075 -0.45013134]
 [ 0.          0.          0.          1.        ]]","[[ 0.8221919   0.47737479 -0.31002223 -0.13862457]
 [-0.54920577  0.80843158 -0.21168704 -0.00997968]
 [ 0.14957771  0.34431337  0.92686289 -0.45195504]
 [ 0.          0.          0.          1.        ]]"
full_scene,92,129,9,19,30,0.39532032816107515,0.6901207941814377,0.0028545375286623377,0.002181604639303359,"[[-0.99525803 -0.07006576 -0.06747032 -0.10176262]
 [ 0.09374145 -0.87603301 -0.47305255 -0.06554102]
 [-0.02596144 -0.47713411  0.87844695 -0.47528127]
 [ 0.          0.          0.          1.        ]]","[[-0.95165189 -0.29276254  0.09299882 -0.1102656 ]
 [ 0.2117434  -0.84453525 -0.49185866 -0.06642694]
 [ 0.22253857 -0.44838633  0.8656941  -0.47518807]
 [ 0.          0.          0.          1.        ]]"
full_scene,92,137,63,36,30,0.24820240974261532,0.3215581274831577,0.002357242867057646,0.00205177608784748,"[[ 0.46041333  0.6682052   0.5843983   0.0151116 ]
 [-0.88329221  0.41040324  0.22663639 -0.08769194]
 [-0.08839935 -0.62054088  0.77917557 -0.43901745]
 [ 0.          0.          0.          1.        ]]","[[ 0.55063071  0.60233943  0.5779213   0.00785189]
 [-0.8340429   0.42545833  0.35122309 -0.09363907]
 [-0.03432592 -0.67540538  0.73664734 -0.43517327]
 [ 0.          0.          0.          1.        ]]"
full_scene,92,138,9,30,30,0.2186858347452858,0.3153242218037908,0.0026818859422639983,0.002630992577042424,"[[-0.8962156  -0.43720229  0.07517816 -0.11662496]
 [-0.20949902  0.56649427  0.79699084 -0.01809426]
 [-0.39103422  0.69852588 -0.59929445 -0.40451699]
 [ 0.          0.          0.          1.        ]]","[[-0.74787993 -0.64901283  0.13949176 -0.12762485]
 [-0.37324802  0.58488478  0.7201359  -0.02948493]
 [-0.54896405  0.48651017 -0.67966634 -0.41695916]
 [ 0.          0.          0.          1.        ]]"
full_scene,92,143,9,22,30,0.2701062538594212,0.3199874673375089,0.0027419077624361438,0.00259804337341308,"[[-1.72804431e-01 -9.26199152e-01 -3.35102610e-01 -1.22272331e-01]
 [ 9.61005645e-01 -8.39738204e-02 -2.63470201e-01  6.69240848e-05]
 [ 2.15886031e-01 -3.67564318e-01  9.04593662e-01 -4.35663137e-01]
 [ 0.00000000e+00  0.00000000e+00  0.00000000e+00  1.00000000e+00]]","[[-0.26510009 -0.90866706 -0.32256181 -0.11896934]
 [ 0.92704602 -0.14820007 -0.34441605 -0.00639387]
 [ 0.26515584 -0.39033437  0.88166403 -0.43741656]
 [ 0.          0.          0.          1.        ]]"
full_scene,92,145,9,31,30,0.2701123376761645,0.3679948652586687,0.00297437569097229,0.0024853395393236695,"[[ 0.52990144  0.70119416 -0.47700232 -0.13079649]
 [-0.73786772  0.65846363  0.14824599  0.0212636 ]
 [ 0.4180379   0.27340885  0.86630937 -0.44764511]
 [ 0.          0.          0.          1.        ]]","[[ 0.6672578   0.68239142 -0.29851128 -0.14151495]
 [-0.73355907  0.67152502 -0.10461951  0.02422315]
 [ 0.12906634  0.28878384  0.94865472 -0.44011967]
 [ 0.          0.          0.          1.        ]]"
full_scene,92,148,9,41,30,0.31365117219939104,0.4302018914586255,0.002756162742720015,0.002486093343339421,"[[ 0.79767315  0.58902482 -0.12948864 -0.14717537]
 [-0.59729602  0.80127571 -0.03456451  0.02308031]
 [ 0.08339675  0.10491423  0.9909783  -0.44439395]
 [ 0.          0.          0.          1.        ]]","[[ 0.79180215  0.57121967 -0.21623471 -0.15071236]
 [-0.59982864  0.79397915 -0.09900859  0.01860424]
 [ 0.11513019  0.20809899  0.97130832 -0.44305025]
 [ 0.          0.          0.          1.        ]]"
full_scene,92,149,9,40,30,0.3546834742243894,0.40332663099522115,0.0026007568815732663,0.002530411934221601,"[[ 0.7077217   0.62852282 -0.32262836 -0.13784835]
 [-0.64547852  0.76088829  0.06638134  0.02899552]
 [ 0.28720633  0.16127016  0.94419514 -0.44938228]
 [ 0.          0.          0.          1.        ]]","[[ 0.68455291  0.68237624 -0.25641758 -0.14224332]
 [-0.69934864  0.71401431  0.03309154  0.02274659]
 [ 0.20566671  0.15667237  0.96599947 -0.4481791 ]
 [ 0.          0.          0.          1.        ]]"
full_scene,92,150,9,48,30,0.34388774141345313,0.671321800444727,0.0029103492802441313,0.002316815872729278,"[[-0.74224928 -0.65191514 -0.15515368 -0.13389076]
 [ 0.66979381 -0.72899101 -0.14123864 -0.05132688]
 [-0.02103003 -0.20875525  0.97774178 -0.45580593]
 [ 0.          0.          0.          1.        ]]","[[-0.81568886 -0.56878855  0.10550485 -0.13327829]
 [ 0.54338521 -0.8159048  -0.19756484 -0.05326261]
 [ 0.19845453 -0.10382167  0.97459574 -0.45371041]
 [ 0.          0.          0.          1.        ]]"
full_scene,92,151,9,26,30,0.30036715834045646,0.30809360560441196,0.0024361501209326365,0.0025287483636725616,"[[ 0.99586016 -0.05853217  0.06954507 -0.19076708]
 [ 0.06253869  0.99641917 -0.05690132 -0.04328918]
 [-0.06596549  0.06101501  0.99595468 -0.44717941]
 [ 0.          0.          0.          1.        ]]","[[ 0.99492316 -0.04131369  0.09176644 -0.18733305]
 [ 0.04751116  0.99666061 -0.06641017 -0.04623113]
 [-0.08871635  0.07043294  0.99356359 -0.44776461]
 [ 0.          0.          0.          1.        ]]"
full_scene,92,153,9,44,30,0.43071293206506034,0.7054824314581997,0.002850232495248003,0.0022232606647319335,"[[-0.57368349 -0.80292567  0.16185677 -0.14568549]
 [ 0.74020966 -0.59282579 -0.3172495  -0.00588937]
 [ 0.35068064 -0.06219285  0.93442771 -0.43856705]
 [ 0.          0.          0.          1.        ]]","[[-0.68161952 -0.72713463  0.08167041 -0.14499639]
 [ 0.6825839  -0.67209299 -0.28700214 -0.02001271]
 [ 0.26357931 -0.13987936  0.9544421  -0.44667293]
 [ 0.          0.          0.          1.        ]]"
full_scene,92,155,9,31,25,0.4713315345515162,0.7062155313757639,0.002950914577731072,0.002208947768014256,"[[-0.66797993 -0.73917459  0.08616115 -0.14511936]
 [ 0.68512247 -0.65603596 -0.31658179 -0.00786953]
 [ 0.29053403 -0.15243934  0.94464397 -0.44158058]
 [ 0.          0.          0.          1.        ]]","[[-0.72108353 -0.68733676  0.08721649 -0.14359475]
 [ 0.61716583 -0.69441567 -0.36999084 -0.02180372]
 [ 0.3148728  -0.21296726  0.92493247 -0.4469342 ]
 [ 0.          0.          0.          1.        ]]"
full_scene,92,156,9,37,22,0.6685080352009637,0.7010017004267798,0.0024805949722836408,0.002318820998554623,"[[-0.73535922 -0.6737133   0.07319296 -0.14169906]
 [ 0.60425288 -0.70074568 -0.37925446 -0.0187371 ]
 [ 0.30679842 -0.23466121  0.922393   -0.44594401]
 [ 0.          0.          0.          1.        ]]","[[-0.72394509 -0.68343022  0.09395022 -0.1430762 ]
 [ 0.59678085 -0.68875111 -0.41167285 -0.02153434]
 [ 0.34605799 -0.24196085  0.90647604 -0.44731241]
 [ 0.          0.          0.          1.        ]]"
full_scene,92,157,9,43,30,0.38477707374498465,0.7030671562111206,0.0026852315169645052,0.002223041765588569,"[[-0.50915031 -0.8491083  -0.14064511 -0.14011989]
 [ 0.81615973 -0.42445007 -0.39207835 -0.00505701]
 [ 0.27322016 -0.31441569  0.90911689 -0.44097485]
 [ 0.          0.          0.          1.        ]]","[[-0.73270097 -0.67479355  0.08833435 -0.14324459]
 [ 0.57634091 -0.68428225 -0.4467538  -0.02070834]
 [ 0.36191221 -0.27642624  0.89028539 -0.44725357]
 [ 0.          0.          0.          1.        ]]"
full_scene,92,160,9,26,30,0.5723046410396027,0.7071159362537681,0.0025945426380242797,0.002214966927525818,"[[-0.68626245 -0.7270362   0.02149931 -0.13922994]
 [ 0.59615178 -0.57916093 -0.55603567 -0.0120073 ]
 [ 0.41670962 -0.36876955  0.83088032 -0.44417645]
 [ 0.          0.          0.          1.        ]]","[[-0.74963093 -0.65520756  0.09357631 -0.14180985]
 [ 0.50226983 -0.65523981 -0.56425687 -0.01663236]
 [ 0.43102029 -0.37598384  0.82027901 -0.44707966]
 [ 0.          0.          0.          1.        ]]"
full_scene,92,161,9,24,15,0.6044697801612819,0.7116453378191342,0.002910558550973008,0.0021394980587683267,"[[-0.75925989 -0.6396654   0.11980232 -0.1399694 ]
 [ 0.4632113  -0.66048862 -0.59092306 -0.01087325]
 [ 0.4571211  -0.3931704   0.79778276 -0.44198023]
 [ 0.          0.          0.          1.        ]]","[[-0.75036168 -0.65430557  0.09402965 -0.1420206 ]
 [ 0.47988318 -0.63702552 -0.60325004 -0.01434069]
 [ 0.45460915 -0.40753247  0.79198978 -0.44675041]
 [ 0.          0.          0.          1.        ]]"
full_scene,92,165,9,29,30,0.3097027751330074,0.44496731469454676,0.0025790240909161276,0.0023617036545407854,"[[ 0.63520544  0.73694555 -0.23113916 -0.13689395]
 [-0.65683064  0.35800684 -0.66362987  0.05625117]
 [-0.40630968  0.57336059  0.71145631 -0.37924828]
 [ 0.          0.          0.          1.        ]]","[[ 0.704279    0.69128732 -0.16159496 -0.14861465]
 [-0.62562355  0.49677302 -0.60150789  0.04981263]
 [-0.33553876  0.52472698  0.78235244 -0.39307248]
 [ 0.          0.          0.          1.        ]]"
full_scene,92,170,9,21,30,0.30000517124423176,0.7223832743710094,0.002733523003249796,0.0021461387009194645,"[[-0.26463563 -0.96319196  0.0472147  -0.13877999]
 [ 0.82202988 -0.25090939 -0.51118622 -0.00433192]
 [ 0.50421707 -0.09646619  0.85817214 -0.43888707]
 [ 0.          0.          0.          1.        ]]","[[-0.59342937 -0.79879876  0.09880346 -0.14928749]
 [ 0.58348838 -0.51149867 -0.63080141  0.01123694]
 [ 0.55442122 -0.31668542  0.76962813 -0.43018272]
 [ 0.          0.          0.          1.        ]]"
full_scene,92,172,9,28,30,0.3638578698732437,0.7330329955801071,0.0023544595893863307,0.002094858456302887,"[[-0.49794969 -0.8167361   0.29152743 -0.14681175]
 [ 0.7117422  -0.57695628 -0.40068003  0.01850763]
 [ 0.49544843  0.00797388  0.86860076 -0.44195825]
 [ 0.          0.          0.          1.        ]]","[[-0.59443329 -0.79926104  0.08849207 -0.14893552]
 [ 0.63922051 -0.53641714 -0.55104791  0.00911054]
 [ 0.48789979 -0.27099528  0.82976825 -0.43285553]
 [ 0.          0.          0.          1.        ]]"
full_scene,92,173,9,37,17,0.46422259468700283,0.7293674959922857,0.0026098816272064327,0.0021066275908364833,"[[-0.46960816 -0.87960112  0.07596084 -0.15049313]
 [ 0.7886004  -0.456592   -0.41186545  0.00330081]
 [ 0.39696043 -0.13351263  0.90807312 -0.43300281]
 [ 0.          0.          0.          1.        ]]","[[-0.58282803 -0.80834489  0.08300617 -0.14899643]
 [ 0.67071091 -0.53621523 -0.51246473  0.00873995]
 [ 0.45875742 -0.24300567  0.854687   -0.43372368]
 [ 0.          0.          0.          1.        ]]"
full_scene,92,178,9,36,30,0.30428513632312365,0.7085486750968087,0.0028892420662629432,0.002181111782866012,"[[-0.38209134 -0.92119979 -0.07346536 -0.15436741]
 [ 0.92236964 -0.3752618  -0.09172149  0.02466575]
 [ 0.05692507 -0.1028082   0.993071   -0.43954333]
 [ 0.          0.          0.          1.        ]]","[[-0.48706601 -0.87003706  0.07617224 -0.14874299]
 [ 0.81703875 -0.48473164 -0.31222255  0.01576517]
 [ 0.30856829 -0.08983732  0.9469503  -0.43786783]
 [ 0.          0.          0.          1.        ]]"
full_scene,92,183,9,42,29,0.6536604804390083,0.7445222834997764,0.0024287239431879637,0.00217706555981434,"[[-0.2559337  -0.96501894  0.0568892  -0.14157128]
 [ 0.90763381 -0.26013544 -0.32943956  0.04266284]
 [ 0.33271431 -0.03268013  0.94246124 -0.43128021]
 [ 0.          0.          0.          1.        ]]","[[-0.3031771  -0.95045784  0.06865522 -0.14450208]
 [ 0.88578693 -0.30764738 -0.34746885  0.04776734]
 [ 0.35137609 -0.0445307   0.93517477 -0.42966643]
 [ 0.          0.          0.          1.        ]]"
full_scene,92,187,9,29,27,0.3034151505288358,0.727919547607387,0.0027906185914484587,0.0021767473591578906,"[[-0.17433226 -0.97493998 -0.13820379 -0.12334231]
 [ 0.87400875 -0.08855723 -0.47777225  0.04259888]
 [ 0.45356032 -0.20408244  0.86754446 -0.41780373]
 [ 0.          0.          0.          1.        ]]","[[-0.39330893 -0.91621281  0.07656474 -0.14863862]
 [ 0.78023069 -0.37666501 -0.49936314  0.0376086 ]
 [ 0.48636217 -0.13666582  0.86300307 -0.42205682]
 [ 0.          0.          0.          1.        ]]"
full_scene,92,189,9,25,13,0.6969833394678485,0.7270708551717006,0.002463355156263229,0.002120082452616037,"[[-0.44369111 -0.89362269  0.06765121 -0.14885087]
 [ 0.72730961 -0.40316233 -0.55541054  0.03962031]
 [ 0.52360188 -0.19722734  0.82881991 -0.41715104]
 [ 0.          0.          0.          1.        ]]","[[-0.40790303 -0.9094364   0.0808737  -0.14958566]
 [ 0.7291346  -0.37778017 -0.57065303  0.0358498 ]
 [ 0.54952512 -0.17380328  0.81719922 -0.41822162]
 [ 0.          0.          0.          1.        ]]"
full_scene,92,190,9,21,28,0.5124155490188325,0.742377738097773,0.0024169805903678523,0.0021509496223291067,"[[-0.22399802 -0.97452686  0.01105811 -0.1443489 ]
 [ 0.80646829 -0.19171609 -0.55933338  0.04571209]
 [ 0.54720543 -0.11637156  0.82886904 -0.40860285]
 [ 0.          0.          0.          1.        ]]","[[-0.42987173 -0.89882465  0.08558358 -0.14993661]
 [ 0.68902608 -0.38782882 -0.61223514  0.03524237]
 [ 0.58348382 -0.20421326  0.78603027 -0.41633285]
 [ 0.          0.          0.          1.        ]]"
full_scene,92,191,9,25,19,0.6230223793198901,0.7370148536385787,0.002713761283393111,0.0021648032445904086,"[[-0.42342533 -0.90055294  0.09856667 -0.14434704]
 [ 0.65213079 -0.37851438 -0.65685028  0.03837883]
 [ 0.62883736 -0.21384869  0.74755088 -0.41206434]
 [ 0.          0.          0.          1.        ]]","[[-0.44338328 -0.89233214  0.084585   -0.14990409]
 [ 0.65959742 -0.38872021 -0.64329452  0.03479821]
 [ 0.60691228 -0.22943399  0.76093202 -0.41466579]
 [ 0.          0.          0.          1.        ]]"
full_scene,92,192,9,28,20,0.5710422490653737,0.7267392871591922,0.002445191246882436,0.002145647046631846,"[[-0.53338486 -0.84012148  0.09847074 -0.14950622]
 [ 0.611013   -0.46317235 -0.64197701  0.03287515]
 [ 0.5849476  -0.28225392  0.76037427 -0.4116873 ]
 [ 0.          0.          0.          1.        ]]","[[-0.43938814 -0.89397192  0.08804695 -0.15022186]
 [ 0.62625801 -0.37511801 -0.68343791  0.0351799 ]
 [ 0.6440023  -0.2451544   0.72467948 -0.41250985]
 [ 0.          0.          0.          1.        ]]"
full_scene,92,196,9,16,30,0.21995735244462966,0.33454299889578726,0.0026548806447897933,0.0024461620360254764,"[[ 0.81827549 -0.39132051 -0.42106233 -0.09675747]
 [ 0.3413341   0.92015912 -0.19182863  0.03425573]
 [ 0.46251082  0.01324574  0.88651469 -0.37020082]
 [ 0.          0.          0.          1.        ]]","[[ 0.88425047 -0.36964285 -0.28542123 -0.10280132]
 [ 0.27713251  0.90724753 -0.31638505  0.03977241]
 [ 0.37589718  0.20066412  0.9046741  -0.37333567]
 [ 0.          0.          0.          1.        ]]"
full_scene,92,197,9,27,16,0.5118984245956544,0.715441639466936,0.002686728274065521,0.0020738932646645505,"[[-0.1877344  -0.97639365  0.10682336 -0.14365523]
 [ 0.66775299 -0.2066305  -0.7151292   0.05236841]
 [ 0.72032058 -0.06292273  0.69078143 -0.39199435]
 [ 0.          0.          0.          1.        ]]","[[-0.27934684 -0.9570576   0.07749903 -0.14643201]
 [ 0.60934863 -0.23907542 -0.75600079  0.05673449]
 [ 0.74206441 -0.1639625   0.6499667  -0.39136056]
 [ 0.          0.          0.          1.        ]]"
full_scene,92,200,9,32,25,0.35403858964960255,0.7470348998147478,0.0028559035232255687,0.0020996617347908636,"[[-0.22743556 -0.96986376  0.08739196 -0.13079827]
 [ 0.63028894 -0.21502363 -0.74598974  0.06372035]
 [ 0.74229975 -0.11458241  0.66019842 -0.40598727]
 [ 0.          0.          0.          1.        ]]","[[-0.2619592  -0.96226791  0.07360599 -0.14453877]
 [ 0.70507715 -0.24290534 -0.66623059  0.05890244]
 [ 0.65897161 -0.12262734  0.74210441 -0.40030473]
 [ 0.          0.          0.          1.        ]]"
full_scene,92,201,9,27,14,0.5302685092519643,0.7426940965684231,0.0025614039078814604,0.0021211188989314475,"[[-0.21101945 -0.97589241  0.05572067 -0.13538356]
 [ 0.75757745 -0.19930283 -0.62157444  0.06118893]
 [ 0.61769507 -0.08895157  0.78137086 -0.40076562]
 [ 0.          0.          0.          1.        ]]","[[-0.25113907 -0.96531081  0.07144366 -0.14409633]
 [ 0.73684969 -0.23851983 -0.63258266  0.06015995]
 [ 0.62767961 -0.10622298  0.77119063 -0.40282985]
 [ 0.          0.          0.          1.        ]]"
full_scene,92,202,9,22,28,0.354059883008204,0.7196212215695639,0.0028977378675906535,0.0021581263222296915,"[[-0.20756219 -0.96373632  0.1677207  -0.14380297]
 [ 0.5555966  -0.25725868 -0.79065188  0.07099556]
 [ 0.80512754 -0.07092439  0.5888458  -0.41471205]
 [ 0.          0.          0.          1.        ]]","[[-0.24512682 -0.96674797  0.07287801 -0.14352947]
 [ 0.76442054 -0.23896513 -0.59879621  0.06086722]
 [ 0.59630032 -0.09107156  0.79757877 -0.40545871]
 [ 0.          0.          0.          1.        ]]"
full_scene,92,203,9,31,30,0.4383907087950697,0.7163085833528522,0.0026160617641878695,0.0021453599991699667,"[[-0.02711345 -0.99880598  0.04063834 -0.12859825]
 [ 0.83027658 -0.045141   -0.55552056  0.07028871]
 [ 0.55669171  0.01867898  0.83050914 -0.40344097]
 [ 0.          0.          0.          1.        ]]","[[-0.2280945  -0.97120484  0.06880447 -0.14259277]
 [ 0.79526494 -0.22661082 -0.56231771  0.06236205]
 [ 0.56171752 -0.0735438   0.82405384 -0.40835321]
 [ 0.          0.          0.          1.        ]]"
full_scene,92,205,9,34,30,0.2750341454214716,0.4307433511487767,0.002661141366811681,0.0026313463918132434,"[[ 2.09038833e-01 -9.74525701e-01 -8.12553027e-02 -1.13270604e-01]
 [ 9.07499243e-01  2.24275283e-01 -3.55169990e-01  6.07332910e-02]
 [ 3.64345839e-01  5.05194284e-04  9.31263579e-01 -4.17480439e-01]
 [ 0.00000000e+00  0.00000000e+00  0.00000000e+00  1.00000000e+00]]","[[ 0.06614531 -0.9978066  -0.00260492 -0.13572133]
 [ 0.89700015  0.06060587 -0.43785574  0.06506403]
 [ 0.43705322  0.02662549  0.89904147 -0.412575  ]
 [ 0.          0.          0.          1.        ]]"
full_scene,92,215,9,34,23,0.548264439178563,0.6630843125743366,0.0026760046715998526,0.002132313018595776,"[[ 0.04881149 -0.9984699  -0.02598657 -0.12348855]
 [ 0.85600805  0.05522474 -0.51400433  0.09216455]
 [ 0.51465296  0.0028446   0.85739387 -0.40923466]
 [ 0.          0.          0.          1.        ]]","[[ 2.44614451e-02 -9.98714492e-01  4.43959660e-02 -1.26858535e-01]
 [ 8.81769776e-01  6.29499711e-04 -4.71679622e-01  9.30676370e-02]
 [ 4.71045327e-01  5.06849862e-02  8.80651652e-01 -4.07502497e-01]
 [ 0.00000000e+00  0.00000000e+00  0.00000000e+00  1.00000000e+00]]"
full_scene,92,217,9,28,30,0.293860516333527,0.3359422767467398,0.002655037403545716,0.0026047738767849544,"[[-0.9792146   0.15531292 -0.13044795 -0.1076534 ]
 [ 0.05957356  0.83501712  0.54698939  0.08113084]
 [ 0.19388079  0.52784875 -0.8269135  -0.37244048]
 [ 0.          0.          0.          1.        ]]","[[-0.97982103  0.09146223 -0.17772283 -0.12012631]
 [-0.01914354  0.84213181  0.53893186  0.08013827]
 [ 0.19895796  0.53145901 -0.82338755 -0.37361477]
 [ 0.          0.          0.          1.        ]]"
full_scene,92,222,9,25,30,0.395563680830806,0.6995476682251377,0.003074743872637766,0.0021705661022801796,"[[ 0.04611558 -0.99475798  0.09126832 -0.12672193]
 [ 0.6723197  -0.03666724 -0.73935224  0.07504412]
 [ 0.7388231   0.09545715  0.66710446 -0.38178285]
 [ 0.          0.          0.          1.        ]]","[[-0.08921867 -0.99412783  0.06123633 -0.13535155]
 [ 0.68791379 -0.10596562 -0.71801526  0.078666  ]
 [ 0.72028789 -0.02193505  0.69332835 -0.3830862 ]
 [ 0.          0.          0.          1.        ]]"
full_scene,92,224,9,31,26,0.356977073136603,0.6834985596563861,0.0027545659452067176,0.0021362538366530427,"[[-0.06752819 -0.99723274  0.03109348 -0.12010399]
 [ 0.6138515  -0.06609486 -0.78664973  0.07791496]
 [ 0.78652799 -0.03403425  0.61661608 -0.37916717]
 [ 0.          0.          0.          1.        ]]","[[-0.11017041 -0.99166785  0.06676341 -0.13767116]
 [ 0.62436008 -0.12131539 -0.77165864  0.07439144]
 [ 0.7733285  -0.04332954  0.63252319 -0.37646005]
 [ 0.          0.          0.          1.        ]]"
full_scene,92,225,9,30,20,0.4951040484758518,0.7052664559638134,0.0026249599762305058,0.002179644213702788,"[[-0.10664544 -0.98496558  0.13590274 -0.13375359]
 [ 0.65214499 -0.17246673 -0.73821551  0.07028911]
 [ 0.75055557  0.00990097  0.66073316 -0.37206419]
 [ 0.          0.          0.          1.        ]]","[[-0.10851188 -0.99219049  0.0615077  -0.13703338]
 [ 0.58634505 -0.11384499 -0.80202169  0.07365077]
 [ 0.80276064 -0.05096415  0.59411952 -0.37280293]
 [ 0.          0.          0.          1.        ]]"
full_scene,92,226,9,19,30,0.2944506465576244,0.3555352085684475,0.0025585332225714725,0.0026961058929573876,"[[-0.97506692  0.21817817 -0.04053127 -0.0990242 ]
 [ 0.10271007  0.60561701  0.78909992  0.07284185]
 [ 0.1967108   0.76526226 -0.61292621 -0.33744156]
 [ 0.          0.          0.          1.        ]]","[[-0.97671728  0.20968277  0.04534845 -0.09745276]
 [ 0.13484067  0.43562144  0.88997301  0.0652635 ]
 [ 0.16685725  0.87536684 -0.45375275 -0.34658841]
 [ 0.          0.          0.          1.        ]]"
full_scene,92,254,9,11,30,0.188713911559556,0.3415393881505501,0.0026240464207522483,0.0023865132945726777,"[[ 0.41622661  0.90592862  0.07777364 -0.06804356]
 [-0.90861456  0.41763099 -0.00198408  0.14797034]
 [-0.03427811 -0.06984043  0.99696907 -0.33394007]
 [ 0.          0.          0.          1.        ]]","[[ 0.03383261  0.99933857  0.01333368 -0.05087791]
 [-0.784902    0.03482707 -0.61864039  0.14118005]
 [-0.61869557  0.01046458  0.78556112 -0.31840692]
 [ 0.          0.          0.          1.        ]]"
full_scene,93,16,63,35,30,0.15339976679910175,0.33965818794264985,0.0030635033772797127,0.0021954534416116214,"[[ 0.05959448  0.99809341 -0.01606389  0.03181924]
 [-0.79616115  0.0378179  -0.60390167  0.05154256]
 [-0.60214277  0.04877865  0.79689693 -0.40406011]
 [ 0.          0.          0.          1.        ]]","[[ 0.01215557  0.99984534  0.01270956  0.04575069]
 [-0.82340947  0.01722036 -0.56718631  0.06045985]
 [-0.56731745 -0.0035707   0.82349145 -0.39215095]
 [ 0.          0.          0.          1.        ]]"
full_scene,93,21,63,29,30,0.3360090257384695,0.7645372689583694,0.002647230491177261,0.0019565066730908233,"[[ 0.91265628 -0.33493736  0.23425514 -0.01229299]
 [-0.40322815 -0.83152865  0.3820565   0.08155165]
 [ 0.06682487 -0.44314453 -0.89395602 -0.4287013 ]
 [ 0.          0.          0.          1.        ]]","[[ 0.92768995 -0.3698909  -0.05071572 -0.02729433]
 [-0.29962455 -0.8186389   0.48995457  0.05331203]
 [-0.2227476  -0.43933025 -0.87027147 -0.44536588]
 [ 0.          0.          0.          1.        ]]"
full_scene,93,41,63,24,30,0.2923540335118328,0.37718625842114356,0.002851951833155219,0.00248319004269522,"[[-0.9180979  -0.34765612 -0.19034564 -0.0185269 ]
 [ 0.3920831  -0.86692785 -0.30774493  0.06672388]
 [-0.05802653 -0.35717128  0.93223473 -0.38869029]
 [ 0.          0.          0.          1.        ]]","[[-0.93444301 -0.33924627  0.10829692 -0.00223989]
 [ 0.28244896 -0.8912581  -0.35479794  0.06751025]
 [ 0.21688438 -0.3009501   0.92864966 -0.38623238]
 [ 0.          0.          0.          1.        ]]"
full_scene,93,56,9,32,30,0.340228325642375,0.5228310432833142,0.0026145764805118165,0.002284278970213298,"[[-3.71008888e-01 -6.51931484e-05 -9.28629313e-01  1.02471513e-01]
 [-7.73439648e-01 -5.53427281e-01  3.09045880e-01 -1.01629199e-01]
 [-5.13948944e-01  8.32897497e-01  2.05276017e-01 -4.01324006e-01]
 [ 0.00000000e+00  0.00000000e+00  0.00000000e+00  1.00000000e+00]]","[[-0.4593905  -0.01712754 -0.88806926  0.10914526]
 [-0.82046076 -0.37486667  0.43164699 -0.10029129]
 [-0.34030062  0.92692051  0.15815771 -0.38906692]
 [ 0.          0.          0.          1.        ]]"
full_scene,93,77,63,26,30,0.17032842459837624,0.33673238037657627,0.0026855224923079254,0.0019941450013624337,"[[-0.47654747  0.84973207  0.225517    0.05610092]
 [-0.8789058  -0.45444467 -0.14492976  0.02037511]
 [-0.02066647 -0.26727411  0.9633989  -0.40147772]
 [ 0.          0.          0.          1.        ]]","[[-0.59287101  0.78303862  0.18802787  0.07079252]
 [-0.73376752 -0.42907651 -0.52676235  0.03298319]
 [-0.33179693 -0.45027087  0.82895533 -0.40677209]
 [ 0.          0.          0.          1.        ]]"
full_scene,93,81,9,38,30,0.3451288400290806,0.5102162492661396,0.002825124476424576,0.0021462844536598853,"[[-0.87440363 -0.1036384  -0.47400145  0.04823434]
 [-0.29822678 -0.65579766  0.69353458 -0.13432413]
 [-0.38272585  0.74778908  0.54252411 -0.42951636]
 [ 0.          0.          0.          1.        ]]","[[-0.82643669 -0.04168123 -0.56148471  0.05167918]
 [-0.44525349 -0.56198981  0.69707731 -0.13637633]
 [-0.34460373  0.82609329  0.44589028 -0.42045246]
 [ 0.          0.          0.          1.        ]]"
full_scene,93,104,63,36,30,0.2778059682155813,0.30772801865607186,0.0027588603823730518,0.0026463046275599163,"[[-0.9049613   0.30037626  0.30136217  0.03119027]
 [-0.42549033 -0.63595136 -0.64383527  0.01056226]
 [-0.00174115 -0.71087269  0.70331856 -0.41972626]
 [ 0.          0.          0.          1.        ]]","[[-0.95512172  0.07976759  0.28527115  0.03730097]
 [-0.2503353  -0.73220147 -0.63341396  0.01267789]
 [ 0.15835005 -0.67640087  0.71931017 -0.4222806 ]
 [ 0.          0.          0.          1.        ]]"
full_scene,93,116,63,67,30,0.3342060373121437,0.360651666954569,0.0023721574418856745,0.001970339776816896,"[[-0.31366932  0.92611779  0.2095648   0.06781785]
 [-0.94875166 -0.29673555 -0.10871203  0.02117076]
 [-0.03849482 -0.23292458  0.97173262 -0.42539255]
 [ 0.          0.          0.          1.        ]]","[[-0.36763335  0.91777894  0.1500918   0.07023646]
 [-0.92660267 -0.34777598 -0.14303624  0.0261206 ]
 [-0.07907732 -0.19166035  0.97827046 -0.42163564]
 [ 0.          0.          0.          1.        ]]"
full_scene,93,127,63,60,30,0.35053010019001557,0.3482358783900501,0.0019468299848052933,0.0018893925436842024,"[[-0.7644289   0.61535288  0.19232603  0.06142855]
 [-0.64165341 -0.69716054 -0.31976255  0.00607908]
 [-0.06268468 -0.36784238  0.92777293 -0.42497037]
 [ 0.          0.          0.          1.        ]]","[[-0.79287926  0.56002794  0.24023154  0.06767699]
 [-0.60921544 -0.73759916 -0.29121133  0.00393944]
 [ 0.0141081  -0.37724818  0.92600474 -0.42802155]
 [ 0.          0.          0.          1.        ]]"
full_scene,93,136,63,40,30,0.23688244947313872,0.3224434271894973,0.0025386153499692954,0.001935820643747238,"[[-8.75289682e-01  4.58593346e-01  1.53493050e-01  3.43799639e-02]
 [-4.62242531e-01 -7.00094686e-01 -5.44241926e-01  5.34847486e-05]
 [-1.42126057e-01 -5.47320358e-01  8.24767004e-01 -4.00110386e-01]
 [ 0.00000000e+00  0.00000000e+00  0.00000000e+00  1.00000000e+00]]","[[-0.83064573  0.46810385  0.30150697  0.04104346]
 [-0.5487045  -0.59616086 -0.58610204  0.00825105]
 [-0.09460997 -0.65228139  0.75204916 -0.40827279]
 [ 0.          0.          0.          1.        ]]"
full_scene,93,166,9,23,30,0.2686552635661509,0.416215196765843,0.0027080488415278554,0.0022383147374266193,"[[-0.892356   -0.24148361  0.38129574 -0.15315053]
 [ 0.43632047 -0.67764718  0.59196178 -0.06626026]
 [ 0.11543491  0.69460778  0.71006677 -0.39713256]
 [ 0.          0.          0.          1.        ]]","[[-0.85746819 -0.09980619  0.50476434 -0.13639541]
 [ 0.38672071 -0.772111    0.50427344 -0.07741727]
 [ 0.33940449  0.62760126  0.70065773 -0.39665334]
 [ 0.          0.          0.          1.        ]]"
full_scene,93,175,9,32,30,0.3820728172026002,0.6534292954027638,0.002613975176618944,0.0021909016693358835,"[[-0.70485329 -0.1201782   0.69909874 -0.09812938]
 [ 0.70565835 -0.21925247  0.67377641 -0.10341824]
 [ 0.07230589  0.96823838  0.23934557 -0.37839837]
 [ 0.          0.          0.          1.        ]]","[[-0.76045162 -0.00171724  0.64939232 -0.10734006]
 [ 0.60207601 -0.37659228  0.70404739 -0.09342928]
 [ 0.24334712  0.92637752  0.28741412 -0.38113991]
 [ 0.          0.          0.          1.        ]]"
full_scene,93,182,63,71,30,0.567660649507687,0.9279668336500259,0.002401693676918602,0.0017876441924095784,"[[-0.96995434 -0.19893984 -0.14004112  0.02512381]
 [-0.23684531  0.90372964  0.3566189   0.06440885]
 [ 0.05561361  0.37907213 -0.92369445 -0.43916849]
 [ 0.          0.          0.          1.        ]]","[[-0.91250692 -0.40703335 -0.04068133  0.02462653]
 [-0.39333709  0.84577216  0.36049326  0.05801353]
 [-0.11232564  0.34495407 -0.93187426 -0.44604738]
 [ 0.          0.          0.          1.        ]]"
full_scene,93,190,9,19,30,0.3201669399314354,0.6861024332225065,0.0026551081709338285,0.002227642665669455,"[[-0.73251964 -0.24432661  0.63538924 -0.12163839]
 [ 0.68045832 -0.23567     0.69385599 -0.07853133]
 [-0.0197853   0.94061903  0.33888698 -0.37642109]
 [ 0.          0.          0.          1.        ]]","[[-0.65434294 -0.03134701  0.75554793 -0.12223102]
 [ 0.65392185 -0.52522776  0.54453835 -0.07734991]
 [ 0.3797651   0.85038413  0.36417758 -0.38497309]
 [ 0.          0.          0.          1.        ]]"
full_scene,93,198,9,21,30,0.33524872163800684,0.4866019145771291,0.0026348487605476643,0.00245279060002874,"[[-0.52928321 -0.19943023  0.82467379 -0.1214791 ]
 [ 0.8071882  -0.41776987  0.41703182 -0.07746342]
 [ 0.26135511  0.8863949   0.38209631 -0.37648076]
 [ 0.          0.          0.          1.        ]]","[[-0.4577958  -0.05632937  0.8872711  -0.12221768]
 [ 0.73942651 -0.57823755  0.34480397 -0.07413078]
 [ 0.49363088  0.81392158  0.30636615 -0.39163965]
 [ 0.          0.          0.          1.        ]]"
full_scene,93,211,63,104,30,0.6521204007600622,0.9428495854206254,0.0024043303567043237,0.0016920243105557648,"[[-0.97212311  0.23238164  0.03123182  0.02965827]
 [ 0.22786029  0.90489001  0.35951879  0.04542259]
 [ 0.05528421  0.35661301 -0.93261504 -0.4516766 ]
 [ 0.          0.          0.          1.        ]]","[[-0.99881619  0.04834572 -0.00537662  0.04243396]
 [ 0.04318919  0.93223713  0.35926122  0.0425582 ]
 [ 0.02238103  0.35860371 -0.93322155 -0.45468853]
 [ 0.          0.          0.          1.        ]]"
full_scene,93,213,63,72,30,0.41047676628087754,0.7765643893591294,0.002869546056320766,0.0022845404472017633,"[[-0.8877148   0.43949145  0.13714848  0.03326316]
 [ 0.45495432  0.7917431   0.40762659  0.05671535]
 [ 0.07056204  0.42425245 -0.9027906  -0.44797894]
 [ 0.          0.          0.          1.        ]]","[[-0.98076299  0.06677555  0.18342571  0.03134046]
 [ 0.14207329  0.88857754  0.436171    0.04894086]
 [-0.13386241  0.45384027 -0.88097098 -0.44946292]
 [ 0.          0.          0.          1.        ]]"
full_scene,93,215,63,76,30,0.2980544999136293,0.35871912247365695,0.0025084298361059934,0.002059989223675642,"[[-0.976318    0.08962927  0.19690037  0.04548625]
 [-0.16457296 -0.89846003 -0.4070446  -0.05236207]
 [ 0.140424   -0.42980945  0.89193326 -0.46577239]
 [ 0.          0.          0.          1.        ]]","[[-0.99313681 -0.06339788  0.09828526  0.03915162]
 [ 0.00887588 -0.87877367 -0.47715622 -0.05007609]
 [ 0.11662119 -0.47300903  0.87330519 -0.4673616 ]
 [ 0.          0.          0.          1.        ]]"
full_scene,93,217,9,28,30,0.3399332605303263,0.6248353567093852,0.00265107632688265,0.002183042147337098,"[[-0.2994428  -0.08261525  0.95053076 -0.13001717]
 [ 0.92825439 -0.25559815  0.27020986 -0.04044639]
 [ 0.22063045  0.96324675  0.15322499 -0.35451023]
 [ 0.          0.          0.          1.        ]]","[[-0.26884703  0.00793372  0.96315021 -0.13425492]
 [ 0.85474063 -0.4589952   0.2423672  -0.03002069]
 [ 0.44400419  0.88840332  0.11661822 -0.3603828 ]
 [ 0.          0.          0.          1.        ]]"
full_scene,93,221,9,26,30,0.22070870381242377,0.45056442609835706,0.0025807770874532606,0.002451461549903585,"[[ 0.49431264  0.1788915   0.85067788 -0.15999066]
 [-0.65516195  0.71984247  0.22932432  0.0240429 ]
 [-0.57132989 -0.67068968  0.47303013 -0.38551583]
 [ 0.          0.          0.          1.        ]]","[[ 0.47445509  0.03861362  0.87943241 -0.15297691]
 [-0.69353994  0.63165463  0.34643149  0.026311  ]
 [-0.54212058 -0.77428768  0.32647185 -0.38210237]
 [ 0.          0.          0.          1.        ]]"
full_scene,93,231,63,44,30,0.36791220418034204,0.43497365693556744,0.002601100079650115,0.0020654319927361667,"[[-0.86943002 -0.44514847  0.21432283  0.01162462]
 [-0.14231427  0.64106572  0.75417597  0.0660639 ]
 [-0.4731153   0.62520203 -0.62071276 -0.42042657]
 [ 0.          0.          0.          1.        ]]","[[-0.87604149 -0.48088384  0.03608382  0.0152151 ]
 [-0.30280943  0.60678405  0.73492828  0.05285311]
 [-0.37531022  0.63290114 -0.67718416 -0.43788016]
 [ 0.          0.          0.          1.        ]]"
full_scene,93,252,9,23,23,0.4638362723238051,0.5876328173242765,0.002749499261185884,0.0022255220521236064,"[[ 1.88448603e-04 -1.68560647e-02  9.99857909e-01 -1.35113456e-01]
 [ 7.40570719e-01 -6.71880593e-01 -1.14664515e-02 -1.30389016e-02]
 [ 6.71978404e-01  7.40467651e-01  1.23564930e-02 -3.47173525e-01]
 [ 0.00000000e+00  0.00000000e+00  0.00000000e+00  1.00000000e+00]]","[[ 0.00856436  0.02025873  0.99975809 -0.13063222]
 [ 0.73575355 -0.67720872  0.00741993 -0.00866373]
 [ 0.67719522  0.73551202 -0.02070529 -0.34731469]
 [ 0.          0.          0.          1.        ]]"
full_scene,93,252,63,32,29,0.3951189756434617,0.9604584125064778,0.0028017132540058723,0.00159648935522936,"[[-0.89163227 -0.06051459 -0.44869799  0.04637643]
 [-0.35333991  0.71265869  0.60602681  0.04779549]
 [ 0.28309506  0.69889597 -0.65681171 -0.44042672]
 [ 0.          0.          0.          1.        ]]","[[-0.99229596  0.12237235  0.01933235  0.04236384]
 [ 0.09184843  0.62192673  0.77767025  0.05847414]
 [ 0.08314203  0.77345469 -0.62837508 -0.43306371]
 [ 0.          0.          0.          1.        ]]"
full_scene,93,253,9,20,20,0.32219589281531663,0.5894853395226028,0.002984447114791492,0.002218721131959007,"[[-0.13621122 -0.09887379  0.98573347 -0.13930232]
 [ 0.67796543 -0.73482229  0.01997683 -0.00845857]
 [ 0.72236374  0.67101429  0.16712405 -0.34760241]
 [ 0.          0.          0.          1.        ]]","[[ 1.38842731e-04  2.34627879e-02  9.99724701e-01 -1.31072963e-01]
 [ 7.03719062e-01 -7.10285046e-01  1.65721234e-02 -1.23341631e-02]
 [ 7.10478333e-01  7.03523028e-01 -1.66098290e-02 -3.48547257e-01]
 [ 0.00000000e+00  0.00000000e+00  0.00000000e+00  1.00000000e+00]]"
full_scene,94,15,63,24,30,0.32830583865952667,0.41107056486439797,0.002739889090133665,0.0023589427575076956,"[[ 0.72734788 -0.59622745  0.33982039 -0.06035062]
 [-0.67466294 -0.53054797  0.51317518  0.03075903]
 [-0.12567811 -0.6025211  -0.7881455  -0.47204534]
 [ 0.          0.          0.          1.        ]]","[[ 0.85940002 -0.491939    0.13938305 -0.06903846]
 [-0.43981941 -0.57223144  0.69217777  0.04455098]
 [-0.26074987 -0.65616096 -0.70814003 -0.46062339]
 [ 0.          0.          0.          1.        ]]"
full_scene,94,23,63,66,30,0.3708542062532389,0.4373542494385904,0.00272361293880825,0.002689963320349039,"[[-0.81438048 -0.56928395 -0.11269522 -0.0459726 ]
 [ 0.58026109 -0.79576012 -0.17338655  0.0056382 ]
 [ 0.00902782 -0.20659528  0.97838484 -0.42961527]
 [ 0.          0.          0.          1.        ]]","[[-0.89525728 -0.44539255  0.01182713 -0.04998604]
 [ 0.43183728 -0.87393388 -0.22306083  0.00723171]
 [ 0.10968576 -0.19458943  0.97473278 -0.42666888]
 [ 0.          0.          0.          1.        ]]"
full_scene,94,80,9,29,30,0.3061619937884231,0.4126865830547452,0.002731420422854794,0.002248124611746088,"[[-0.64785679  0.06756539 -0.75875984  0.14627387]
 [-0.71900477 -0.38325117  0.57978503 -0.09435804]
 [-0.2516222   0.92116961  0.29687171 -0.39587241]
 [ 0.          0.          0.          1.        ]]","[[-0.67620582 -0.00462791 -0.73669822  0.14052237]
 [-0.60435301 -0.56838396  0.55829842 -0.09470143]
 [-0.42131121  0.82275042  0.38154765 -0.39891261]
 [ 0.          0.          0.          1.        ]]"
full_scene,94,97,63,61,30,0.2967859302124719,0.30639467092762135,0.0025131567310988263,0.002221323951843531,"[[-6.13840330e-01  7.45221575e-01  2.60470448e-01  1.25207071e-02]
 [-7.89429842e-01 -5.79781068e-01 -2.01629455e-01  1.50416606e-02]
 [ 7.57213959e-04 -3.29391436e-01  9.44193152e-01 -4.17213816e-01]
 [ 0.00000000e+00  0.00000000e+00  0.00000000e+00  1.00000000e+00]]","[[-0.6560238   0.71566614  0.2396972   0.02097569]
 [-0.7515995  -0.59052893 -0.29389414  0.01635567]
 [-0.06878195 -0.37295785  0.92529535 -0.42197284]
 [ 0.          0.          0.          1.        ]]"
full_scene,94,108,63,50,27,0.27087471929521506,0.34638430644325446,0.0027610889581606295,0.0020842770382215516,"[[-8.84149634e-01  3.31507939e-01  3.29214080e-01  3.55062375e-02]
 [-4.67203800e-01 -6.27628249e-01 -6.22738621e-01  1.84010874e-02]
 [ 1.81259823e-04 -7.04404193e-01  7.09799056e-01 -4.22023379e-01]
 [ 0.00000000e+00  0.00000000e+00  0.00000000e+00  1.00000000e+00]]","[[-0.91265591  0.30968421  0.26674873  0.03374213]
 [-0.40858531 -0.70854411 -0.57534623  0.02112289]
 [ 0.0108276  -0.63408275  0.77318939 -0.41402426]
 [ 0.          0.          0.          1.        ]]"
full_scene,94,115,63,63,30,0.4070381326653999,0.47789989635515634,0.0025927042397093105,0.0024158540663693443,"[[ 0.01877202  0.96472774 -0.2625795  -0.0203614 ]
 [ 0.99980302 -0.01641976  0.01114985  0.08514969]
 [ 0.00644508 -0.26273709 -0.96484594 -0.42659836]
 [ 0.          0.          0.          1.        ]]","[[-0.14577328  0.96713927 -0.20830696 -0.03124248]
 [ 0.96771935  0.09563739 -0.23317965  0.08486065]
 [-0.20559526 -0.23557404 -0.94986076 -0.42712966]
 [ 0.          0.          0.          1.        ]]"
full_scene,94,117,63,72,30,0.2746264467092762,0.30155791155640005,0.0026011951658552164,0.0020177902653635248,"[[-0.85377789  0.49482004  0.16191495  0.02716413]
 [-0.52054667 -0.81710556 -0.24772902  0.00399859]
 [ 0.00972032 -0.29578985  0.95520358 -0.43221345]
 [ 0.          0.          0.          1.        ]]","[[-0.87067945  0.42685462  0.24436126  0.03639122]
 [-0.47668713 -0.85473946 -0.20540165  0.00370935]
 [ 0.12118857 -0.29532287  0.94768019 -0.43443037]
 [ 0.          0.          0.          1.        ]]"
full_scene,94,118,63,78,30,0.3721173777854552,0.48361115909483504,0.002775983323958313,0.0025272997967551946,"[[ 0.02254574  0.99805403  0.05813644 -0.01162206]
 [-0.99974084  0.02269094 -0.00183855  0.05155801]
 [-0.00315414 -0.05807992  0.99830695 -0.40249288]
 [ 0.          0.          0.          1.        ]]","[[ 0.05524572  0.98948408  0.1336756  -0.00626576]
 [-0.99364173  0.06763748 -0.09000715  0.05709369]
 [-0.09810212 -0.12785315  0.98692935 -0.4070501 ]
 [ 0.          0.          0.          1.        ]]"
full_scene,94,127,63,106,30,0.4184228709621696,0.46031266194506826,0.002790117176852857,0.002238071587895108,"[[-0.30943122  0.91970034  0.24166837  0.01412246]
 [-0.95089453 -0.30118865 -0.07130911  0.06431736]
 [ 0.00720475 -0.2518664   0.9677352  -0.39119968]
 [ 0.          0.          0.          1.        ]]","[[-0.26187004  0.95165372  0.16055925  0.02168671]
 [-0.9160581  -0.19273845 -0.35169512  0.05724424]
 [-0.30374603 -0.23918001  0.92224252 -0.39305494]
 [ 0.          0.          0.          1.        ]]"
full_scene,94,149,63,86,30,0.568060114009328,0.6987713767490067,0.0023720371595788315,0.00232778626874164,"[[ 0.64774099  0.69684274 -0.30796397 -0.02078608]
 [ 0.76015727 -0.56412217  0.32237727  0.08035455]
 [ 0.05091695 -0.44291802 -0.89511513 -0.43814816]
 [ 0.          0.          0.          1.        ]]","[[ 0.60206359  0.75565477 -0.25788621 -0.01863856]
 [ 0.78587985 -0.50374501  0.35865558  0.08435683]
 [ 0.14111091 -0.41860105 -0.89714039 -0.43788891]
 [ 0.          0.          0.          1.        ]]"
full_scene,94,176,63,74,25,0.2573954914493004,0.30854314216617723,0.002574170459277746,0.002420343726606142,"[[ 0.99492846  0.0904102  -0.04408356 -0.01387788]
 [ 0.09814344 -0.77659542  0.62230814  0.05897563]
 [ 0.02202791 -0.62347859 -0.78153005 -0.43644754]
 [ 0.          0.          0.          1.        ]]","[[ 0.99982219 -0.01874631 -0.00204161 -0.01181674]
 [-0.01307556 -0.76721437  0.64125747  0.06526875]
 [-0.01358756 -0.64111675 -0.76732307 -0.43466367]
 [ 0.          0.          0.          1.        ]]"
full_scene,94,183,63,69,30,0.5679143634479185,0.8315609345310071,0.002725843613155536,0.0017066950390900767,"[[-0.75944907 -0.54316356 -0.35806489  0.02541375]
 [-0.62441022  0.76307374  0.16682427  0.10650477]
 [ 0.18261705  0.35027391 -0.91867252 -0.42594356]
 [ 0.          0.          0.          1.        ]]","[[-0.90434682 -0.42013935 -0.07509829  0.0300479 ]
 [-0.41403078  0.8208896   0.39334308  0.09086172]
 [-0.1036115   0.38681156 -0.91631952 -0.43158413]
 [ 0.          0.          0.          1.        ]]"
full_scene,94,203,63,54,30,0.3011962342373467,0.5259435999309034,0.0027678197535856686,0.00221838798059963,"[[-0.98931743  0.14312789 -0.02766643  0.00749806]
 [ 0.09175824  0.75887212  0.644743    0.06509172]
 [ 0.11327599  0.63531686 -0.76389858 -0.42444046]
 [ 0.          0.          0.          1.        ]]","[[-0.99360003 -0.01902019  0.11134282  0.02281096]
 [ 0.05724835  0.76494644  0.64154467  0.07527433]
 [-0.09737359  0.643813   -0.75896193 -0.42362787]
 [ 0.          0.          0.          1.        ]]"
full_scene,94,244,63,43,27,0.43855804111245467,0.9373650457764726,0.002679800419062732,0.0016927270195355056,"[[-0.91366451 -0.15294674 -0.37659588  0.0831712 ]
 [-0.30754179  0.86592379  0.3944541   0.05265706]
 [ 0.26577286  0.47621768 -0.83820135 -0.45329812]
 [ 0.          0.          0.          1.        ]]","[[-0.96789336  0.2504105   0.0218409   0.07246142]
 [ 0.22456525  0.82240508  0.52270482  0.0531732 ]
 [ 0.1129287   0.51082723 -0.85223392 -0.44995289]
 [ 0.          0.          0.          1.        ]]"
full_scene,94,249,63,54,30,0.337795819657972,0.8216121091725687,0.003069400230445414,0.0021718286572622813,"[[-0.82071798 -0.29195841 -0.49110313  0.08521741]
 [-0.53711088  0.68730181  0.4890073   0.07665622]
 [ 0.19476627  0.66511391 -0.72089499 -0.43615199]
 [ 0.          0.          0.          1.        ]]","[[-0.9764427   0.03357145 -0.21314927  0.07427913]
 [-0.12486713  0.71770549  0.68505988  0.06914424]
 [ 0.17597685  0.69553705 -0.69660631 -0.43108971]
 [ 0.          0.          0.          1.        ]]"
full_scene,95,0,9,35,30,0.30511861921695194,0.6298879665146726,0.002863898949083367,0.002192236765752028,"[[-0.35720135 -0.90029693  0.24874212 -0.14521358]
 [ 0.77515839 -0.43431388 -0.4588038   0.0132091 ]
 [ 0.52109181  0.0289292   0.85301022 -0.45600311]
 [ 0.          0.          0.          1.        ]]","[[-0.65060861 -0.75207484  0.10531792 -0.12970751]
 [ 0.70647551 -0.65027885 -0.2793381  -0.00825409]
 [ 0.27856917 -0.10733524  0.95439948 -0.46381245]
 [ 0.          0.          0.          1.        ]]"
full_scene,95,1,9,42,30,0.3605756507402484,0.5921683027063859,0.0028639524852961647,0.0022580132033075185,"[[-0.51203061  0.84922289 -0.12901601  0.06005737]
 [-0.82173095 -0.52802127 -0.21436368 -0.10014621]
 [-0.25016574 -0.00374431  0.96819579 -0.4809437 ]
 [ 0.          0.          0.          1.        ]]","[[-0.54576735  0.83741056  0.02969116  0.06065088]
 [-0.82813169 -0.53363761 -0.17154826 -0.10464969]
 [-0.127812   -0.11821363  0.9847282  -0.48449882]
 [ 0.          0.          0.          1.        ]]"
full_scene,95,2,63,87,30,0.5972264207980653,0.8992971584038694,0.0028778617632524736,0.0020576135703589027,"[[-0.89896877  0.317672    0.30156202  0.11101386]
 [ 0.38168857  0.90588183  0.18355366 -0.03309025]
 [-0.2148697   0.28011178 -0.93561124 -0.46658507]
 [ 0.          0.          0.          1.        ]]","[[-0.91967423  0.2495013   0.30322997  0.1184035 ]
 [ 0.28991254  0.95225033  0.09576029 -0.03026264]
 [-0.26485852  0.17597844 -0.94809364 -0.46327191]
 [ 0.          0.          0.          1.        ]]"
full_scene,95,3,9,44,30,0.26969255432087874,0.6105992255301286,0.0027982788415416788,0.0022573434369081644,"[[-0.21746616  0.97447458  0.0557474   0.05733999]
 [-0.97604858 -0.21674789 -0.01869555 -0.07223021]
 [-0.00613521 -0.05847782  0.99826986 -0.49256433]
 [ 0.          0.          0.          1.        ]]","[[-0.60887279  0.79269449  0.03015584  0.04790099]
 [-0.76904584 -0.58053223 -0.26748986 -0.10043737]
 [-0.1945313  -0.18605852  0.96308868 -0.49330351]
 [ 0.          0.          0.          1.        ]]"
full_scene,95,3,63,72,30,0.6286005786837104,0.8882956901019174,0.002913965501695081,0.001901301031231338,"[[-0.97155699  0.23565674  0.02330074  0.11271184]
 [ 0.23624979  0.95783268  0.16353163 -0.02951516]
 [ 0.01621912  0.16438509 -0.98626289 -0.46616731]
 [ 0.          0.          0.          1.        ]]","[[-0.91994191  0.2689943   0.28521736  0.11582622]
 [ 0.31809427  0.93737574  0.14192517 -0.034389  ]
 [-0.22917877  0.22128892 -0.94789678 -0.46605598]
 [ 0.          0.          0.          1.        ]]"
full_scene,95,5,9,32,30,0.30299536717355,0.43094411710130465,0.0029656111792657853,0.002353233588074314,"[[ 0.71307711 -0.68626731 -0.14338136 -0.0256736 ]
 [ 0.59092984  0.69838306 -0.40381063 -0.09314839]
 [ 0.37725715  0.20321979  0.90353681 -0.49930262]
 [ 0.          0.          0.          1.        ]]","[[ 0.67375279 -0.73858634 -0.02339667 -0.03495156]
 [ 0.63665137  0.59625712 -0.48903219 -0.10352065]
 [ 0.37514292  0.31459128  0.8719519  -0.50485841]
 [ 0.          0.          0.          1.        ]]"
full_scene,95,5,63,56,30,0.3490617982380377,0.32969856624632926,0.0022674267046217363,0.0019502101395089623,"[[-0.91901333 -0.36517247 -0.14853813  0.06703683]
 [ 0.39214559 -0.8854517  -0.24939351 -0.12714265]
 [-0.04045169 -0.28744453  0.95694268 -0.47072912]
 [ 0.          0.          0.          1.        ]]","[[-0.90261414 -0.34337926 -0.2595735   0.06878393]
 [ 0.39567264 -0.8993179  -0.18620007 -0.14164793]
 [-0.16950186 -0.27077295  0.94760283 -0.47440581]
 [ 0.          0.          0.          1.        ]]"
full_scene,95,6,63,57,30,0.25563568837450334,0.3431777940922439,0.0028244842557292632,0.002560578466177734,"[[ 0.67858771  0.69746989 -0.23033557  0.08096288]
 [-0.72282553  0.57836771 -0.37817198 -0.09752054]
 [-0.13054491  0.42311528  0.89662226 -0.46816521]
 [ 0.          0.          0.          1.        ]]","[[ 0.78483978  0.5438264  -0.29711843  0.07138481]
 [-0.61964173  0.68218244 -0.38816395 -0.10094865]
 [-0.00840483  0.48875348  0.87238145 -0.46542854]
 [ 0.          0.          0.          1.        ]]"
full_scene,95,7,63,39,30,0.3226269649334946,0.3468647434790119,0.002198431072012999,0.0019023611609523341,"[[-0.83824026 -0.49877629 -0.22039844  0.05044641]
 [ 0.54411663 -0.79168174 -0.2778077  -0.12016855]
 [-0.03592153 -0.35279205  0.93501198 -0.48330906]
 [ 0.          0.          0.          1.        ]]","[[-0.90571368 -0.34119847 -0.25152801  0.06698925]
 [ 0.40346429 -0.87587591 -0.26468463 -0.13347478]
 [-0.12999734 -0.34121105  0.93095419 -0.48476883]
 [ 0.          0.          0.          1.        ]]"
full_scene,95,8,63,44,30,0.2933634911038176,0.3876695025047504,0.0030115739382011895,0.002654564183646322,"[[ 0.96646     0.23658147 -0.09992138  0.09907956]
 [-0.25653182  0.90765618 -0.33219225 -0.01278695]
 [ 0.01210372  0.34668353  0.93790406 -0.44645606]
 [ 0.          0.          0.          1.        ]]","[[ 0.95795484  0.17696258 -0.2258468   0.10385763]
 [-0.25328423  0.89137515 -0.37589553 -0.01234964]
 [ 0.13479478  0.41729437  0.89871896 -0.43823186]
 [ 0.          0.          0.          1.        ]]"
full_scene,95,11,63,51,30,0.496653135256521,0.827134435999309,0.0025145064231682896,0.0018902499805687183,"[[-0.6597165   0.68292118  0.31367628  0.08105275]
 [ 0.74345868  0.53212454  0.40510821 -0.02493868]
 [ 0.10974214  0.50046192 -0.85877502 -0.49289878]
 [ 0.          0.          0.          1.        ]]","[[-0.88008778  0.39489385  0.26363675  0.10256823]
 [ 0.47357746  0.77005315  0.42748396 -0.03585846]
 [-0.03420352  0.50107584 -0.8647272  -0.49119124]
 [ 0.          0.          0.          1.        ]]"
full_scene,95,14,9,17,30,0.225946870028381,0.40784994874384395,0.00264485161697927,0.002205184651666013,"[[ 0.88764443 -0.44736166 -0.10933851 -0.0611483 ]
 [ 0.23218943  0.63977078 -0.73265368 -0.0435979 ]
 [ 0.39771275  0.62494871  0.67176162 -0.52277222]
 [ 0.          0.          0.          1.        ]]","[[ 0.841419   -0.54035825  0.00519893 -0.0464263 ]
 [ 0.349072    0.53616308 -0.76855571 -0.05062157]
 [ 0.41250795  0.64849218  0.63976174 -0.5254893 ]
 [ 0.          0.          0.          1.        ]]"
full_scene,95,18,63,23,30,0.24978407324235619,0.3695424512005528,0.0030312115869051068,0.0027270005173065577,"[[ 0.92661403  0.2961743  -0.23166186  0.10492469]
 [-0.37374062  0.79309642 -0.48095324 -0.0195164 ]
 [ 0.0412842   0.53223947  0.84558664 -0.45276334]
 [ 0.          0.          0.          1.        ]]","[[ 0.92535125  0.33265206 -0.18184517  0.10010179]
 [-0.37777745  0.76890182 -0.5158238  -0.02889378]
 [-0.03176877  0.5460152   0.83717271 -0.45365223]
 [ 0.          0.          0.          1.        ]]"
full_scene,95,21,63,42,30,0.23483654344446364,0.3106808170668509,0.0027601923855328616,0.0026115493965925816,"[[ 0.63844727  0.68010022 -0.36034535  0.03197706]
 [-0.76618834  0.60605649 -0.21366085 -0.10718325]
 [ 0.07307885  0.41250359  0.90801997 -0.48932944]
 [ 0.          0.          0.          1.        ]]","[[ 0.69438986  0.64753137 -0.31388827  0.02729412]
 [-0.71289348  0.55961475 -0.42262776 -0.11833398]
 [-0.09800823  0.51723733  0.8502117  -0.49366979]
 [ 0.          0.          0.          1.        ]]"
full_scene,95,26,9,38,30,0.2918102700910443,0.3564812420720263,0.0029536114493416746,0.002511279455919229,"[[ 0.81761024 -0.53450224 -0.21405804 -0.04583412]
 [ 0.41074335  0.80199111 -0.43370516 -0.07905276]
 [ 0.40348903  0.26667886  0.87525938 -0.49831941]
 [ 0.          0.          0.          1.        ]]","[[ 0.84977238 -0.46936203 -0.23997124 -0.06056663]
 [ 0.29189872  0.79802532 -0.52721033 -0.08546887]
 [ 0.43895563  0.37796148  0.81514604 -0.49908958]
 [ 0.          0.          0.          1.        ]]"
full_scene,95,27,63,93,30,0.6020901710139921,0.8264920538953187,0.0026225507525449916,0.0019740755854777124,"[[-0.90568826  0.41665081  0.07829993  0.09041005]
 [ 0.42329376  0.8785131   0.22144329 -0.07804017]
 [ 0.02347702  0.23370246 -0.97202469 -0.47778291]
 [ 0.          0.          0.          1.        ]]","[[-0.86298179  0.44401477  0.24106705  0.09986027]
 [ 0.48230815  0.86609938  0.13134201 -0.06120651]
 [-0.15047023  0.22961437 -0.96157993 -0.47432344]
 [ 0.          0.          0.          1.        ]]"
full_scene,95,28,9,35,30,0.2919684493263694,0.4398416990883401,0.0027124896658396323,0.0022214740569089057,"[[ 0.89693489 -0.44193462  0.0141985  -0.0558497 ]
 [ 0.4057078   0.8097932  -0.42383505 -0.09361972]
 [ 0.17580953  0.38591289  0.9056281  -0.48749524]
 [ 0.          0.          0.          1.        ]]","[[ 0.79401969 -0.60765055 -0.01713289 -0.05295532]
 [ 0.55511462  0.73628119 -0.38695964 -0.10332524]
 [ 0.24775087  0.29774286  0.92193747 -0.48748471]
 [ 0.          0.          0.          1.        ]]"
full_scene,95,28,63,76,30,0.5478601658317499,0.8723441008809811,0.0026030299816737624,0.002063097617771802,"[[-0.79196394  0.59054353  0.15508533  0.08901856]
 [ 0.61053168  0.76871054  0.19061785 -0.05020665]
 [-0.00664759  0.24564697 -0.96933656 -0.46910952]
 [ 0.          0.          0.          1.        ]]","[[-0.88250762  0.4125058   0.22587447  0.10609657]
 [ 0.44132555  0.89234246  0.09463984 -0.05345978]
 [-0.1625179   0.18320455 -0.96954836 -0.46869055]
 [ 0.          0.          0.          1.        ]]"
full_scene,95,33,9,48,23,0.48537298359498815,0.6020058343802568,0.0024120079718060656,0.0021392683318828894,"[[-0.84065294  0.53026189  0.11011343  0.00917998]
 [-0.5399686  -0.80500852 -0.24575433 -0.10392867]
 [-0.04167191 -0.26605189  0.96305755 -0.48635172]
 [ 0.          0.          0.          1.        ]]","[[-8.49688077e-01  5.23272439e-01  6.49317027e-02  6.78837320e-04]
 [-5.22047008e-01 -8.17528141e-01 -2.43135066e-01 -1.12018543e-01]
 [-7.41423850e-02 -2.40486368e-01  9.67816725e-01 -4.87046775e-01]
 [ 0.00000000e+00  0.00000000e+00  0.00000000e+00  1.00000000e+00]]"
full_scene,95,33,63,83,30,0.36658965278977373,0.3584708067023666,0.00202563886416117,0.002003863487840917,"[[-0.61706962 -0.77434285 -0.14006512  0.02054198]
 [ 0.78658436 -0.6120746  -0.0815458  -0.14449547]
 [-0.02258589 -0.16049247  0.98677862 -0.45553126]
 [ 0.          0.          0.          1.        ]]","[[-0.57699633 -0.80992773 -0.10532005  0.01541544]
 [ 0.8166338  -0.56995549 -0.09088444 -0.14018835]
 [ 0.01358209 -0.1384479   0.99027658 -0.45436432]
 [ 0.          0.          0.          1.        ]]"
full_scene,95,36,63,44,30,0.7089901105544999,0.8033339091380204,0.002236871720365331,0.0020007134513993293,"[[-0.78300728  0.61364799  0.10166483  0.0709172 ]
 [ 0.62087156  0.76116553  0.18747144 -0.08099977]
 [ 0.03765771  0.20991231 -0.97699474 -0.48658756]
 [ 0.          0.          0.          1.        ]]","[[-0.77493013  0.61762451  0.13425075  0.08036126]
 [ 0.63185599  0.75179828  0.18856656 -0.07497714]
 [ 0.01553384  0.23095305 -0.97284089 -0.48224506]
 [ 0.          0.          0.          1.        ]]"
full_scene,95,38,63,49,30,0.21706037312143722,0.39558321817239595,0.0027870146710803336,0.0023993357498016035,"[[-0.87298212  0.48642168  0.03600223  0.13408481]
 [ 0.48771555  0.87144024  0.05220585 -0.00414354]
 [-0.00597974  0.06313363 -0.99798717 -0.47176264]
 [ 0.          0.          0.          1.        ]]","[[-0.9018114   0.42738347  0.06387149  0.12730267]
 [ 0.43191516  0.88680457  0.16439874 -0.01276707]
 [ 0.01361977  0.17584372 -0.98432387 -0.46424189]
 [ 0.          0.          0.          1.        ]]"
full_scene,95,46,9,21,30,0.24944865410764097,0.4146851168549101,0.0027825597228409325,0.0022627874061178187,"[[ 0.99605646  0.03719244 -0.08054968 -0.10799298]
 [-0.08773779  0.54775142 -0.83202792 -0.01845555]
 [ 0.01317605  0.83581404  0.54885452 -0.46677505]
 [ 0.          0.          0.          1.        ]]","[[ 0.99001532 -0.13682729 -0.03388169 -0.10923942]
 [ 0.06194934  0.63824579 -0.76733603 -0.02611736]
 [ 0.12661735  0.75757548  0.64034947 -0.47929614]
 [ 0.          0.          0.          1.        ]]"
full_scene,95,52,9,29,30,0.25410885773298736,0.32883637879059807,0.0026113685458237024,0.002416697332032349,"[[ 0.96936277  0.02508688 -0.24434907 -0.09918931]
 [-0.13881025  0.87664799 -0.46067343 -0.02965684]
 [ 0.20265126  0.48047783  0.85327225 -0.48390721]
 [ 0.          0.          0.          1.        ]]","[[ 0.9408617  -0.04310824 -0.33603713 -0.10574292]
 [-0.14894911  0.8382358  -0.52457116 -0.03936231]
 [ 0.30429169  0.54360134  0.78224303 -0.48161378]
 [ 0.          0.          0.          1.        ]]"
full_scene,95,54,9,32,28,0.3443835724780298,0.5718848576843168,0.002731117923885741,0.002255257908990369,"[[-0.83016471  0.21984189  0.51234374 -0.0406075 ]
 [-0.43669545 -0.82770141 -0.3524308  -0.08217648]
 [ 0.34658858 -0.51631379  0.78313245 -0.50591758]
 [ 0.          0.          0.          1.        ]]","[[-0.96387913  0.25605808  0.07328906 -0.0391826 ]
 [-0.26313891 -0.87299652 -0.41065191 -0.09219411]
 [-0.04116965 -0.41510401  0.90884197 -0.49289731]
 [ 0.          0.          0.          1.        ]]"
full_scene,95,58,63,83,30,0.48111180687510796,0.877720677146312,0.002852998615831814,0.0019063310523571458,"[[-0.71109016  0.69596104  0.09994505  0.08123578]
 [ 0.70303988  0.70193643  0.11410597 -0.08953147]
 [ 0.00925824  0.15140499 -0.98842846 -0.46466952]
 [ 0.          0.          0.          1.        ]]","[[-0.6773403   0.72371684  0.13207596  0.07386003]
 [ 0.72907426  0.68434746 -0.010921   -0.08426062]
 [-0.09828956  0.08889595 -0.99117944 -0.47095961]
 [ 0.          0.          0.          1.        ]]"
full_scene,95,59,63,80,30,0.28087752634306445,0.3473343841768872,0.0025873773423988763,0.0025827931906555373,"[[ 0.71352897  0.68391775 -0.15209511  0.01268397]
 [-0.70043847  0.70134592 -0.13228701 -0.09445877]
 [ 0.01619785  0.20092388  0.97947293 -0.44202637]
 [ 0.          0.          0.          1.        ]]","[[ 0.71672281  0.68441912 -0.13371196  0.01566838]
 [-0.69591271  0.68962742 -0.20029859 -0.10777735]
 [-0.04487675  0.23661041  0.97056766 -0.43934917]
 [ 0.          0.          0.          1.        ]]"
full_scene,95,61,9,41,30,0.4500777207588953,0.5969806017503141,0.0026953331834783808,0.002251443474183032,"[[-0.91280942  0.3289716   0.24198483 -0.03320839]
 [-0.36610663 -0.92173526 -0.12794545 -0.10309544]
 [ 0.18095553 -0.20538206  0.96180731 -0.4710032 ]
 [ 0.          0.          0.          1.        ]]","[[-0.96025962  0.27130404  0.06554071 -0.0376179 ]
 [-0.27828083 -0.94871079 -0.15002538 -0.11420195]
 [ 0.02147669 -0.16230204  0.98650737 -0.46864826]
 [ 0.          0.          0.          1.        ]]"
full_scene,95,61,63,77,30,0.23770836932112627,0.3431669977543617,0.0028574432167649912,0.0025447663425668364,"[[ 6.92885061e-01  7.16757621e-01 -7.85417378e-02 -1.45975309e-02]
 [-7.21047646e-01  6.88646381e-01 -7.65274757e-02 -1.13936338e-01]
 [-7.64167994e-04  1.09657080e-01  9.93969185e-01 -4.37712196e-01]
 [ 0.00000000e+00  0.00000000e+00  0.00000000e+00  1.00000000e+00]]","[[ 0.55051983  0.82131492 -0.14956508 -0.00990425]
 [-0.83482004  0.54121489 -0.10080644 -0.12156621]
 [-0.00184698  0.18035587  0.98359969 -0.43178417]
 [ 0.          0.          0.          1.        ]]"
full_scene,95,62,63,87,30,0.2252493954050786,0.35232769044740025,0.0027047172291191452,0.002558728376165758,"[[ 0.58781458  0.79885112 -0.12771416 -0.01888339]
 [-0.80889729  0.58283504 -0.07738529 -0.10170649]
 [ 0.01261697  0.14879584  0.98878745 -0.43800968]
 [ 0.          0.          0.          1.        ]]","[[ 0.52968794  0.83797889 -0.13123286 -0.01266825]
 [-0.84523153  0.5085657  -0.16414808 -0.11460341]
 [-0.07081209  0.1978694   0.9776673  -0.43465843]
 [ 0.          0.          0.          1.        ]]"
full_scene,95,63,63,60,30,0.31957699948177576,0.3834157453791674,0.0024487379930272475,0.0018606903784906409,"[[-2.59098024e-01 -9.65768500e-01  1.26260694e-02 -5.59131537e-02]
 [ 9.65850912e-01 -2.59069362e-01  3.88354112e-03 -1.32499757e-01]
 [-4.79573936e-04  1.32011185e-02  9.99912746e-01 -4.41131683e-01]
 [ 0.00000000e+00  0.00000000e+00  0.00000000e+00  1.00000000e+00]]","[[-0.02171935 -0.99964503 -0.01542985 -0.04517362]
 [ 0.99538015 -0.0201778  -0.09386807 -0.12697186]
 [ 0.09352341 -0.01739732  0.99546507 -0.44226478]
 [ 0.          0.          0.          1.        ]]"
full_scene,95,64,9,42,30,0.31400099166212914,0.35039134151201096,0.0027141120308891097,0.002364450806691697,"[[ 0.97516341  0.02635044 -0.21991356 -0.10633803]
 [-0.09162344  0.95195152 -0.29222158 -0.04152471]
 [ 0.20164688  0.30511303  0.93072261 -0.46799846]
 [ 0.          0.          0.          1.        ]]","[[ 0.95697701  0.09261923 -0.27498486 -0.11382531]
 [-0.17713283  0.93708809 -0.30081534 -0.04374592]
 [ 0.22982375  0.33658221  0.91317767 -0.46507866]
 [ 0.          0.          0.          1.        ]]"
full_scene,95,65,63,60,30,0.3256445413715668,0.4503908274313353,0.0028668946852828305,0.002075245659474658,"[[ 0.21077877 -0.97752887  0.00310234 -0.02541695]
 [ 0.97753148  0.21078411  0.00150536 -0.09344504]
 [-0.00212546  0.00271534  0.99999405 -0.44555068]
 [ 0.          0.          0.          1.        ]]","[[-0.08770251 -0.99547191 -0.03665999 -0.02124409]
 [ 0.99242944 -0.08413969 -0.0894669  -0.10815538]
 [ 0.08597722 -0.04422893  0.99531488 -0.44489359]
 [ 0.          0.          0.          1.        ]]"
full_scene,95,67,9,29,30,0.2111297343501419,0.33211859792359333,0.003048450334776373,0.0024977501918300904,"[[ 0.9516424   0.19671915 -0.23596255 -0.10497946]
 [-0.26490823  0.91441941 -0.30604048 -0.01369282]
 [ 0.15556471  0.35374952  0.9223128  -0.46857028]
 [ 0.          0.          0.          1.        ]]","[[ 0.94598547  0.1394983  -0.29266314 -0.1134148 ]
 [-0.24686083  0.89510151 -0.37128563 -0.02945644]
 [ 0.2101695   0.42347788  0.88118969 -0.46667375]
 [ 0.          0.          0.          1.        ]]"
full_scene,95,68,63,57,30,0.44673626705821384,0.4984075401623769,0.002130775708748073,0.002032958074919272,"[[-0.55962109  0.82851457 -0.01969387  0.08541995]
 [ 0.82874731  0.55942023 -0.01506343 -0.06185984]
 [-0.00146312 -0.02475105 -0.99969258 -0.47914216]
 [ 0.          0.          0.          1.        ]]","[[-0.57569693  0.81721899  0.02694743  0.07964471]
 [ 0.81761007  0.57572238  0.00758315 -0.06724714]
 [-0.00931714  0.02639809 -0.99960809 -0.47968108]
 [ 0.          0.          0.          1.        ]]"
full_scene,95,73,63,37,30,0.25597577301779234,0.418217740542408,0.0028215715214281087,0.0023581836107687023,"[[ 7.19982740e-02 -9.97397960e-01 -3.68220829e-03 -5.14365762e-03]
 [ 9.97404678e-01  7.19992412e-02 -1.30627374e-04 -6.87307457e-02]
 [ 3.95403680e-04 -3.66324683e-03  9.99993212e-01 -4.57983351e-01]
 [ 0.00000000e+00  0.00000000e+00  0.00000000e+00  1.00000000e+00]]","[[-0.03516394 -0.99937023  0.00475802 -0.01306624]
 [ 0.87039636 -0.03296469 -0.49124688 -0.08786371]
 [ 0.49109436 -0.01313281  0.87100738 -0.46976577]
 [ 0.          0.          0.          1.        ]]"
full_scene,95,76,9,15,23,0.5227580374823949,0.5583818264226245,0.0025282089580317374,0.0021083059391904446,"[[-0.97869363 -0.16532711  0.12176094 -0.09206997]
 [ 0.02534563 -0.68575333 -0.72739259 -0.03112419]
 [ 0.20375568 -0.70880838  0.67533273 -0.47767412]
 [ 0.          0.          0.          1.        ]]","[[-0.9723934  -0.20593661  0.10973233 -0.09137999]
 [ 0.06792095 -0.69968016 -0.71122038 -0.03574851]
 [ 0.22324384 -0.68413288  0.69435178 -0.47869364]
 [ 0.          0.          0.          1.        ]]"
full_scene,95,78,9,24,30,0.17650977517255226,0.3024326141247973,0.0026116881154450446,0.0025473363758127627,"[[-0.91994406 -0.3914214   0.02218567 -0.06008197]
 [ 0.2732508  -0.68073464 -0.67965752 -0.05725509]
 [ 0.28113505 -0.61918465  0.73319401 -0.48128258]
 [ 0.          0.          0.          1.        ]]","[[-0.89221254 -0.4432451   0.08654809 -0.06766976]
 [ 0.2938188  -0.71524677 -0.63410769 -0.05065175]
 [ 0.34296837 -0.54032938  0.76838588 -0.48472475]
 [ 0.          0.          0.          1.        ]]"
full_scene,95,85,63,68,30,0.36129404905855933,0.41292753498013474,0.002369630940371226,0.0020187283023449815,"[[ 0.0275161  -0.99817155  0.05381846 -0.08008509]
 [ 0.99961986  0.02738277 -0.00321335 -0.10185442]
 [ 0.00173378  0.05388642  0.99854557 -0.44385412]
 [ 0.          0.          0.          1.        ]]","[[ 0.13396127 -0.98994199  0.04548894 -0.06505689]
 [ 0.97670422  0.12412629 -0.1750472  -0.10030461]
 [ 0.1676402   0.06787879  0.98350863 -0.44197578]
 [ 0.          0.          0.          1.        ]]"
full_scene,95,87,63,75,30,0.5898849110381759,0.7298540335118328,0.002336866136990102,0.002167642755775085,"[[-2.27405655e-01  9.73800097e-01  1.97007591e-04  3.82658081e-02]
 [ 9.73800117e-01  2.27405645e-01  7.25767241e-05 -1.00722440e-01]
 [ 2.58745828e-05  2.08350373e-04 -9.99999978e-01 -4.68045503e-01]
 [ 0.00000000e+00  0.00000000e+00  0.00000000e+00  1.00000000e+00]]","[[-0.2905846   0.95499291 -0.05957464  0.04076629]
 [ 0.9568166   0.28949617 -0.02634303 -0.09725599]
 [-0.00791078 -0.06465688 -0.9978762  -0.47243419]
 [ 0.          0.          0.          1.        ]]"
full_scene,95,88,63,84,30,0.38242788046294696,0.3772402401105545,0.002446316609941461,0.002411863804260776,"[[-0.26656031 -0.9333237   0.24052542 -0.04887845]
 [-0.96323982  0.26661608 -0.0329379  -0.10088574]
 [-0.03338622 -0.2404636  -0.97008382 -0.4751985 ]
 [ 0.          0.          0.          1.        ]]","[[-0.1875103  -0.96802204  0.16665297 -0.04428143]
 [-0.98195652  0.18896966 -0.00720157 -0.10615587]
 [-0.02452108 -0.16499634 -0.98598931 -0.47210467]
 [ 0.          0.          0.          1.        ]]"
full_scene,95,90,63,72,30,0.32993068751079635,0.37326718776990847,0.0023221285007864706,0.0020408838067816942,"[[-0.11780493 -0.99062942  0.0691039  -0.06815509]
 [ 0.99302419 -0.11716783  0.01321548 -0.12842025]
 [-0.00499489  0.0701787   0.99752193 -0.42869117]
 [ 0.          0.          0.          1.        ]]","[[ 0.01562054 -0.99949298  0.027745   -0.05937937]
 [ 0.99840675  0.01709629  0.05377437 -0.12224044]
 [-0.05422144  0.02686081  0.99816759 -0.42769655]
 [ 0.          0.          0.          1.        ]]"
full_scene,95,95,63,57,30,0.29923130074278803,0.3178981689410952,0.0023473335410490455,0.002132633225400176,"[[-0.99201234  0.12130696 -0.03458525 -0.04047938]
 [ 0.12375705  0.98901968 -0.08077297 -0.04051178]
 [ 0.02440717 -0.08440795 -0.99613231 -0.46943789]
 [ 0.          0.          0.          1.        ]]","[[-0.96963275  0.24030318  0.0454611  -0.04379895]
 [ 0.23653783  0.96869562 -0.07535681 -0.04767907]
 [-0.06214645 -0.06231517 -0.99611979 -0.46936512]
 [ 0.          0.          0.          1.        ]]"
full_scene,95,97,9,27,29,0.37505817649760753,0.5985289331114768,0.002649209159063222,0.0021786267925112375,"[[-0.80373389 -0.59269465  0.05220037 -0.10153837]
 [ 0.51892437 -0.74120124 -0.42583825 -0.04875059]
 [ 0.29108303 -0.3151726   0.90329226 -0.45815746]
 [ 0.          0.          0.          1.        ]]","[[-0.92954345 -0.35141131  0.11162014 -0.1049525 ]
 [ 0.2757244  -0.86348653 -0.42233525 -0.05153982]
 [ 0.24479588 -0.36180257  0.89954093 -0.45890739]
 [ 0.          0.          0.          1.        ]]"
full_scene,95,102,63,53,30,0.33765546726550355,0.4899971929521506,0.0028450838593546608,0.0021160017947690463,"[[-2.98719277e-01  9.33864286e-01 -1.96632370e-01  2.97911453e-02]
 [ 9.54341024e-01  2.92296610e-01 -6.16108901e-02 -6.41047898e-02]
 [-6.12345722e-05 -2.06058698e-01 -9.78539631e-01 -4.95781900e-01]
 [ 0.00000000e+00  0.00000000e+00  0.00000000e+00  1.00000000e+00]]","[[-0.11498349  0.97380637 -0.19616308  0.02509271]
 [ 0.93382093  0.17330466  0.31296001 -0.06875317]
 [ 0.33875843 -0.14719595 -0.92928794 -0.49347203]
 [ 0.          0.          0.          1.        ]]"
full_scene,95,103,9,17,30,0.32670095911370955,0.5603377735055864,0.002728291798757048,0.0021773101348021196,"[[-0.98511185 -0.17189316  0.00271705 -0.10298211]
 [ 0.12860712 -0.74734543 -0.6518704  -0.02897398]
 [ 0.11408264 -0.64181583  0.75832552 -0.46149056]
 [ 0.          0.          0.          1.        ]]","[[-0.91366754 -0.3907916   0.11177454 -0.10787863]
 [ 0.22881132 -0.72178737 -0.65319857 -0.03025844]
 [ 0.33594196 -0.57123105  0.74889123 -0.4602123 ]
 [ 0.          0.          0.          1.        ]]"
full_scene,95,108,9,24,18,0.515436164031867,0.5760918169622895,0.002375244696780145,0.0021086755305592285,"[[-0.84712924 -0.50856673  0.15405173 -0.12075352]
 [ 0.26662612 -0.65756845 -0.70463767 -0.0083645 ]
 [ 0.45965483 -0.55584495  0.69264264 -0.4419888 ]
 [ 0.          0.          0.          1.        ]]","[[-0.81392656 -0.56997942  0.11245897 -0.12088724]
 [ 0.36500343 -0.65229035 -0.66429647 -0.01261983]
 [ 0.45199121 -0.49964063  0.73896088 -0.44209563]
 [ 0.          0.          0.          1.        ]]"
full_scene,95,109,9,25,25,0.44874840680049033,0.5718605224173438,0.002712577411334134,0.0021518940766151635,"[[-0.79758363 -0.59610316  0.09231133 -0.11445845]
 [ 0.4335444  -0.67289824 -0.59937234 -0.01783712]
 [ 0.41940388 -0.43802851  0.79512981 -0.44084995]
 [ 0.          0.          0.          1.        ]]","[[-0.81936884 -0.56076018  0.11909123 -0.12066749]
 [ 0.37407946 -0.6804234  -0.63014963 -0.01501778]
 [ 0.43439528 -0.47177539  0.7672866  -0.44269298]
 [ 0.          0.          0.          1.        ]]"
full_scene,95,112,9,17,30,0.25219853927559993,0.3487304595410977,0.0027868609070534544,0.0024030033487835124,"[[-0.2868724  -0.93959625 -0.18671668 -0.13437025]
 [ 0.95563285 -0.26708136 -0.12423121 -0.01452022]
 [ 0.06685864 -0.2140711   0.97452731 -0.43276589]
 [ 0.          0.          0.          1.        ]]","[[-0.42974342 -0.88913098 -0.15737436 -0.14297576]
 [ 0.88092083 -0.37457703 -0.28925861 -0.01862776]
 [ 0.19823997 -0.26294134  0.94422601 -0.43442012]
 [ 0.          0.          0.          1.        ]]"
full_scene,95,113,9,18,30,0.44720311734769924,0.59639655534296,0.0025130301165493772,0.0021532639886773226,"[[-0.68789306 -0.72567222 -0.01424674 -0.13314731]
 [ 0.65348304 -0.61068159 -0.4472448  -0.02125138]
 [ 0.3158529  -0.3169666   0.89429812 -0.43997965]
 [ 0.          0.          0.          1.        ]]","[[-0.82155658 -0.56082761  0.10255329 -0.12086861]
 [ 0.45594435 -0.7542949  -0.47239174 -0.02618008]
 [ 0.34228576 -0.34133794  0.87540212 -0.44531886]
 [ 0.          0.          0.          1.        ]]"
full_scene,95,116,63,80,25,0.4718647434790119,0.7203424598376231,0.0023682863205877567,0.0019180078607014574,"[[ 0.28962989  0.92675579 -0.23924513 -0.01338694]
 [ 0.95667371 -0.27250911  0.1025388  -0.10954039]
 [ 0.02983195 -0.25857782 -0.96552968 -0.47458212]
 [ 0.          0.          0.          1.        ]]","[[ 0.18615191  0.95733302 -0.22104517 -0.01721562]
 [ 0.98207374 -0.17450973  0.07125681 -0.09934426]
 [ 0.02964196 -0.23034724 -0.97265693 -0.47169464]
 [ 0.          0.          0.          1.        ]]"
full_scene,95,117,9,48,30,0.5313696800824965,0.609860041795821,0.002554704208868226,0.0022466063575592946,"[[-0.80540353 -0.53040378  0.26456944 -0.11430703]
 [ 0.40944701 -0.82060643 -0.39869567 -0.03407548]
 [ 0.42857707 -0.21278373  0.87809155 -0.45396379]
 [ 0.          0.          0.          1.        ]]","[[-0.8284773  -0.54940143  0.10855151 -0.1197468 ]
 [ 0.49718067 -0.81077483 -0.30895883 -0.03796704]
 [ 0.25775325 -0.20199566  0.94486032 -0.44753754]
 [ 0.          0.          0.          1.        ]]"
full_scene,95,117,63,83,30,0.7562888668163759,0.7113329158749352,0.002007949790065522,0.0019610553512838897,"[[ 0.12669877  0.97313369 -0.19224527 -0.0272679 ]
 [ 0.99190862 -0.12272064  0.03251061 -0.10190512]
 [ 0.00804471 -0.1948088  -0.98080825 -0.46734576]
 [ 0.          0.          0.          1.        ]]","[[ 0.12802179  0.96898076 -0.21139233 -0.01950303]
 [ 0.99171327 -0.12276566  0.03786013 -0.10447237]
 [ 0.01073402 -0.2144875  -0.97666775 -0.46874157]
 [ 0.          0.          0.          1.        ]]"
full_scene,95,121,9,48,30,0.27199527895820724,0.34146334044125926,0.0027646422338659456,0.0025614116858659382,"[[ 0.5413957   0.83134788 -0.12550457 -0.11001531]
 [-0.80203726  0.55545395  0.21956124  0.06702255]
 [ 0.25224379 -0.01821017  0.96749236 -0.44398465]
 [ 0.          0.          0.          1.        ]]","[[ 0.48044997  0.8617789  -0.1628034  -0.11745214]
 [-0.83850663  0.50577415  0.20272923  0.06377908]
 [ 0.25704952  0.03911048  0.9656065  -0.44177499]
 [ 0.          0.          0.          1.        ]]"
full_scene,95,127,9,40,14,0.4572535826075847,0.6124547896368265,0.0026174682034843656,0.002134116678413052,"[[-0.64500561 -0.72880164  0.22981716 -0.12987995]
 [ 0.48746317 -0.62400296 -0.61073723  0.00363993]
 [ 0.58851288 -0.28190154  0.75774937 -0.43934401]
 [ 0.          0.          0.          1.        ]]","[[-0.68307898 -0.72251583  0.10664882 -0.12802398]
 [ 0.61541759 -0.64805124 -0.44865441 -0.00364768]
 [ 0.39327381 -0.24083284  0.88731914 -0.43266875]
 [ 0.          0.          0.          1.        ]]"
full_scene,95,131,9,21,22,0.5391630493306281,0.5893454117375077,0.002397127412375906,0.0022132359654120537,"[[-0.69560379 -0.70999188  0.10975836 -0.12374869]
 [ 0.49538072 -0.58466192 -0.64247053  0.00446105]
 [ 0.52032039 -0.39253276  0.75840933 -0.42833004]
 [ 0.          0.          0.          1.        ]]","[[-0.68715338 -0.71727591  0.11547946 -0.1290198 ]
 [ 0.52095478 -0.59725747 -0.60982754  0.00342538]
 [ 0.50638557 -0.35888548  0.7840758  -0.42643335]
 [ 0.          0.          0.          1.        ]]"
full_scene,95,133,9,17,25,0.5726301252353677,0.5949972774920074,0.002382386419732256,0.002147910961029459,"[[-0.69844657 -0.70895167  0.09777483 -0.12695843]
 [ 0.48617715 -0.57028906 -0.66211945  0.00807515]
 [ 0.5251706  -0.41491917  0.74299254 -0.42331789]
 [ 0.          0.          0.          1.        ]]","[[-0.68844287 -0.71629668  0.11386606 -0.1289305 ]
 [ 0.47187241 -0.56156981 -0.679688    0.00648781]
 [ 0.550802   -0.41419611  0.72460938 -0.42335114]
 [ 0.          0.          0.          1.        ]]"
full_scene,95,140,9,29,17,0.5615910397547005,0.600433167752121,0.0022090259301438195,0.002155268608096362,"[[-0.51543912 -0.84890261  0.11699092 -0.13418453]
 [ 0.62014345 -0.46374173 -0.63274458  0.02927539]
 [ 0.5913921  -0.25359015  0.76547203 -0.40864686]
 [ 0.          0.          0.          1.        ]]","[[-0.52038179 -0.84783284  0.10189345 -0.13130075]
 [ 0.63607605 -0.46446345 -0.61618258  0.0257553 ]
 [ 0.56974561 -0.25583821  0.78098448 -0.41024243]
 [ 0.          0.          0.          1.        ]]"
full_scene,95,144,63,69,30,0.26309055968215583,0.34105091552945244,0.002933515301767782,0.002290846099622291,"[[ 0.41090764  0.79182336 -0.4518525  -0.01248278]
 [ 0.90662841 -0.30282398  0.29380703 -0.08935262]
 [ 0.09581149 -0.53038987 -0.84232224 -0.49487098]
 [ 0.          0.          0.          1.        ]]","[[ 0.32784005  0.81372278 -0.47997515 -0.01463394]
 [ 0.94465161 -0.28903124  0.15522331 -0.09286105]
 [-0.01241907 -0.50429771 -0.86344055 -0.49089939]
 [ 0.          0.          0.          1.        ]]"
full_scene,95,155,63,46,30,0.32108308861634133,0.3593129210571774,0.0022513337549204255,0.002251330513778927,"[[-0.11424006  0.97941597  0.16641385 -0.04891853]
 [-0.98706876 -0.09294181 -0.13060275 -0.03044843]
 [-0.11244761 -0.17918198  0.97736859 -0.42042102]
 [ 0.          0.          0.          1.        ]]","[[-0.12692572  0.9756037   0.17912924 -0.05260766]
 [-0.98068364 -0.0963299  -0.1702356  -0.04271162]
 [-0.14882698 -0.19727639  0.96898532 -0.42159805]
 [ 0.          0.          0.          1.        ]]"
full_scene,95,160,9,26,30,0.36801920052564174,0.6021244688067506,0.002553323055462534,0.0022440108343255213,"[[-0.56197534 -0.81432678  0.14510555 -0.12255278]
 [ 0.54104775 -0.49458549 -0.68018566  0.06126583]
 [ 0.62566049 -0.30373853  0.71853451 -0.39484431]
 [ 0.          0.          0.          1.        ]]","[[-0.34121267 -0.93578281  0.0887944  -0.12801946]
 [ 0.73266381 -0.32394499 -0.59855107  0.04890883]
 [ 0.5888783  -0.13917677  0.79614834 -0.39772496]
 [ 0.          0.          0.          1.        ]]"
full_scene,95,164,9,22,30,0.25874168418298904,0.5969684341168275,0.0023957343209133875,0.0021278374743399445,"[[-0.33300574 -0.91862787  0.2126735  -0.12494845]
 [ 0.58558997 -0.37825894 -0.71694112  0.03510226]
 [ 0.73904774 -0.11420604  0.66390166 -0.38411288]
 [ 0.          0.          0.          1.        ]]","[[-0.34304147 -0.93504922  0.08947354 -0.12921347]
 [ 0.62026425 -0.29702444 -0.72598123  0.04756081]
 [ 0.70540401 -0.19354443  0.6818693  -0.38464936]
 [ 0.          0.          0.          1.        ]]"
full_scene,95,167,9,16,30,0.2148256530216797,0.6089870140931615,0.0031019748045012937,0.0022339019841584374,"[[-0.05320956 -0.96996548  0.23735147 -0.1161301 ]
 [ 0.78304683 -0.18802908 -0.59285978  0.05443795]
 [ 0.6196825   0.15431151  0.76953334 -0.37120173]
 [ 0.          0.          0.          1.        ]]","[[-0.1548022  -0.98494007  0.07700224 -0.12088988]
 [ 0.63316194 -0.15873982 -0.75756692  0.06615098]
 [ 0.75838133 -0.06851814  0.64819983 -0.37029147]
 [ 0.          0.          0.          1.        ]]"
full_scene,95,170,9,31,15,0.5047377722888231,0.5880830197632787,0.0024888289205601505,0.002202940415331359,"[[-0.15246538 -0.9819744   0.11171654 -0.11819574]
 [ 0.69221739 -0.18678357 -0.69709898  0.07289698]
 [ 0.70540016 -0.02895133  0.70821778 -0.38428182]
 [ 0.          0.          0.          1.        ]]","[[-0.14011354 -0.98773247  0.06894031 -0.12000745]
 [ 0.72676332 -0.14988124 -0.67033626  0.06969795]
 [ 0.67244574 -0.0438199   0.73884812 -0.38211008]
 [ 0.          0.          0.          1.        ]]"
full_scene,95,171,9,17,24,0.5272083494300984,0.5763017086399324,0.002468295155494285,0.002170760431900232,"[[-0.14880567 -0.98563111  0.0799261  -0.11878095]
 [ 0.71145116 -0.16284592 -0.68360694  0.07512472]
 [ 0.68679991 -0.04486107  0.7254608  -0.38747173]
 [ 0.          0.          0.          1.        ]]","[[-0.13118605 -0.98890193  0.06973655 -0.11913903]
 [ 0.76646684 -0.14578927 -0.62551905  0.07054434]
 [ 0.62874383 -0.02860862  0.77708606 -0.38579784]
 [ 0.          0.          0.          1.        ]]"
full_scene,95,180,63,48,30,0.16366708412506478,0.46580799792710315,0.002887796956135423,0.002477941949834455,"[[ 0.97031773  0.20314608 -0.13120659 -0.0778624 ]
 [ 0.24159976 -0.83815632  0.48900259 -0.05234095]
 [-0.01063268 -0.50618737 -0.86235798 -0.45678627]
 [ 0.          0.          0.          1.        ]]","[[ 0.82408449  0.36684029 -0.43163984 -0.09510798]
 [ 0.5073402  -0.81691173  0.27433764 -0.06086251]
 [-0.25197355 -0.44506564 -0.85931712 -0.46315853]
 [ 0.          0.          0.          1.        ]]"
full_scene,95,204,63,74,30,0.3659310761789601,0.4431950682328554,0.002828654587710843,0.002337027020544595,"[[-0.9356363  -0.30566462 -0.17650453 -0.09515626]
 [-0.35178838  0.76674193  0.53698393 -0.02298113]
 [-0.02880356  0.56451391 -0.82492085 -0.46622925]
 [ 0.          0.          0.          1.        ]]","[[-0.82089975 -0.3236223  -0.47052333 -0.1012998 ]
 [-0.52876228  0.74196376  0.41218956 -0.02197262]
 [ 0.21571753  0.58716129 -0.78019713 -0.46708265]
 [ 0.          0.          0.          1.        ]]"
full_scene,95,226,63,33,30,0.30881844878217307,0.8042569960269477,0.0026448825694663763,0.0019151787281778607,"[[ 0.9927652  -0.08441234 -0.08539213 -0.09303109]
 [ 0.01688575 -0.60595751  0.79531778  0.06638158]
 [-0.11887864 -0.79100572 -0.60014816 -0.3831885 ]
 [ 0.          0.          0.          1.        ]]","[[ 0.9452134  -0.19986773 -0.25811726 -0.11515738]
 [ 0.11963256 -0.52359671  0.84352506  0.05933243]
 [-0.30374279 -0.82819042 -0.47099994 -0.38663675]
 [ 0.          0.          0.          1.        ]]"
full_scene,95,236,63,48,18,0.34088357229227845,0.34929931767144584,0.0025422638256732827,0.0021625788287581433,"[[-0.9410479   0.31036321  0.13454938 -0.06553022]
 [-0.33813799 -0.85180769 -0.40010795  0.03482871]
 [-0.00956859 -0.422017    0.90653742 -0.39714017]
 [ 0.          0.          0.          1.        ]]","[[-0.93082667  0.29291431  0.21854731 -0.0641329 ]
 [-0.35625162 -0.8606522  -0.36381669  0.0336756 ]
 [ 0.0815261  -0.41650811  0.90546921 -0.39644668]
 [ 0.          0.          0.          1.        ]]"
full_scene,95,242,63,81,30,0.38579633788219037,0.40617442563482464,0.002733468032525631,0.0021743693154825878,"[[-0.78068008  0.58650024  0.21576856 -0.11111736]
 [ 0.62063787  0.68723768  0.37750894  0.06200608]
 [ 0.0731248   0.42862785 -0.90051704 -0.43733026]
 [ 0.          0.          0.          1.        ]]","[[-0.67915042  0.5080483   0.5297562  -0.11270773]
 [ 0.63167141  0.77213127  0.06931476  0.05815315]
 [-0.37382608  0.38170699 -0.84531286 -0.43888322]
 [ 0.          0.          0.          1.        ]]"
