Setting,Scene,Image,Object,RANSAC Iterations,ICP Iterations,RANSAC: Fitness,ICP: Fitness,RANSAC: Inlier RMSE,ICP: Inlier RMSE,RANSAC: Transformation,ICP: Transformation
full_scene,92,1,49,13,30,0.302192397648036,0.4111674572121795,0.0028643898015199474,0.0024772138333629,"[[ 0.03326952  0.95039804  0.30925186  0.07185107]
 [ 0.98955279 -0.07475347  0.12327691  0.02179092]
 [ 0.14027978  0.30191968 -0.94295604 -0.40023032]
 [ 0.          0.          0.          1.        ]]","[[ 0.40969387  0.83511255  0.36706668  0.070238  ]
 [ 0.89626145 -0.443444    0.00853476  0.01133063]
 [ 0.169901    0.32549108 -0.93015547 -0.40028215]
 [ 0.          0.          0.          1.        ]]"
full_scene,92,2,49,10,27,0.2954162932523115,0.4006972830007213,0.002841818773841385,0.002479790413011493,"[[ 0.41359953  0.90854434  0.05901372  0.06166568]
 [ 0.8617404  -0.41156342  0.29668004  0.01300963]
 [ 0.29383485 -0.07185222 -0.95315179 -0.41542624]
 [ 0.          0.          0.          1.        ]]","[[ 0.49114698  0.81943332  0.29547195  0.06862553]
 [ 0.85653411 -0.51603794  0.00735952  0.01125899]
 [ 0.15850538  0.2494672  -0.95532307 -0.40448625]
 [ 0.          0.          0.          1.        ]]"
full_scene,92,3,49,11,29,0.4025552471092264,0.4453977136112265,0.0025910306138279995,0.0024068028208638174,"[[ 0.55271662  0.66231054  0.50581527  0.06562724]
 [ 0.80685248 -0.57717806 -0.12591488  0.00128013]
 [ 0.20855072  0.47771355 -0.85340281 -0.3972351 ]
 [ 0.          0.          0.          1.        ]]","[[ 0.44381386  0.8330085   0.33034239  0.07100319]
 [ 0.86487846 -0.49466263  0.08540571  0.00141794]
 [ 0.23455172  0.24780178 -0.93998924 -0.40176435]
 [ 0.          0.          0.          1.        ]]"
full_scene,92,4,49,31,25,0.3583903473299963,0.3230671708671228,0.002568776690106617,0.002615008877438853,"[[ 0.67539413 -0.01815946  0.73723335  0.05107918]
 [ 0.1547727  -0.97394162 -0.16578039 -0.00859272]
 [ 0.72103272  0.2260707  -0.65498386 -0.4062374 ]
 [ 0.          0.          0.          1.        ]]","[[ 0.68367826  0.192775    0.70386208  0.05117239]
 [ 0.18264713 -0.97898445  0.09071643 -0.00686228]
 [ 0.70655789  0.06653754 -0.70452019 -0.41316864]
 [ 0.          0.          0.          1.        ]]"
full_scene,92,6,49,9,30,0.3823690135303504,0.4152440490502525,0.002887263314221724,0.002428057142411984,"[[-0.8511765  -0.40695721  0.33148815  0.06077977]
 [-0.47778844  0.86219231 -0.16835267  0.03762694]
 [-0.2172942  -0.30167904 -0.92831729 -0.40593847]
 [ 0.          0.          0.          1.        ]]","[[-0.67865035 -0.56380051  0.47070445  0.06057527]
 [-0.73162159  0.57524775 -0.365814    0.03624034]
 [-0.06452555 -0.59263734 -0.80288071 -0.41358092]
 [ 0.          0.          0.          1.        ]]"
full_scene,92,7,49,5,30,0.2396555115958819,0.3304662396992284,0.002816474161259015,0.002582946365585221,"[[-0.73806768 -0.65513611  0.16140875  0.06626998]
 [-0.54170013  0.43272738 -0.72063027  0.0356912 ]
 [ 0.40226492 -0.61930905 -0.67426941 -0.4214243 ]
 [ 0.          0.          0.          1.        ]]","[[-0.51723859 -0.79558545  0.31544895  0.06438771]
 [-0.69062747  0.17031414 -0.7028704   0.05137714]
 [ 0.50546804 -0.5814094  -0.6375462  -0.42526045]
 [ 0.          0.          0.          1.        ]]"
full_scene,92,25,49,7,30,0.311624297798859,0.4170910839581193,0.0027809353822295787,0.002488306735424768,"[[-0.91252174 -0.40892994 -0.00896554  0.06444747]
 [-0.38956217  0.87556661 -0.2856999   0.0273755 ]
 [ 0.12468117 -0.25721474 -0.9582772  -0.40590858]
 [ 0.          0.          0.          1.        ]]","[[-0.82692696 -0.52105319  0.21141282  0.06522373]
 [-0.56230301  0.76803336 -0.30649646  0.02976572]
 [-0.00267114 -0.37232825 -0.92809727 -0.41253365]
 [ 0.          0.          0.          1.        ]]"
full_scene,92,29,49,24,26,0.3105423069356707,0.352816455004481,0.002505334447729317,0.002156588020314647,"[[-0.6356633  -0.46850856  0.61354046  0.05669544]
 [-0.76678503  0.29126714 -0.57201763  0.03218707]
 [ 0.08929098 -0.83406425 -0.54439319 -0.42669643]
 [ 0.          0.          0.          1.        ]]","[[-0.74623506 -0.35344015  0.56410397  0.06252033]
 [-0.66332499  0.32355036 -0.67477042  0.03255526]
 [ 0.05597492 -0.87772161 -0.47589031 -0.42468934]
 [ 0.          0.          0.          1.        ]]"
full_scene,92,31,49,6,30,0.2912085510065794,0.369253972764432,0.002877773240690764,0.0024948475183838945,"[[-0.82894346 -0.4599663  -0.31825106  0.07872081]
 [-0.3840674   0.88172092 -0.27397161  0.03365992]
 [ 0.40662632 -0.10487712 -0.90755486 -0.41442303]
 [ 0.          0.          0.          1.        ]]","[[-0.65861503 -0.68805388  0.30464424  0.06251108]
 [-0.6401063   0.29945367 -0.70752485  0.03174305]
 [ 0.39558838 -0.6609912  -0.63765231 -0.42609298]
 [ 0.          0.          0.          1.        ]]"
full_scene,92,32,49,10,16,0.43090559356488667,0.40280661872390655,0.002544485148451485,0.002336651862673534,"[[ 0.66106255  0.58516587  0.46965648  0.07030813]
 [ 0.74981095 -0.49189458 -0.44251921 -0.00933294]
 [-0.02792566  0.64468645 -0.76393687 -0.3953928 ]
 [ 0.          0.          0.          1.        ]]","[[ 0.79225767  0.548139    0.26808847  0.06697748]
 [ 0.59013966 -0.80000719 -0.10827595 -0.01169446]
 [ 0.15512243  0.24399209 -0.95729039 -0.40548665]
 [ 0.          0.          0.          1.        ]]"
full_scene,92,33,49,7,30,0.36287131959168506,0.38372423440949527,0.002657828246552529,0.0025990789607146366,"[[-0.65456978 -0.61954281 -0.43324947  0.06938996]
 [-0.48585577  0.78380183 -0.38678012  0.03289971]
 [ 0.57920857 -0.04267782 -0.81406145 -0.41751258]
 [ 0.          0.          0.          1.        ]]","[[-0.57122324 -0.79195264 -0.21567341  0.07532792]
 [-0.51427139  0.55011613 -0.65794923  0.03199281]
 [ 0.63971005 -0.26492123 -0.7215177  -0.42521899]
 [ 0.          0.          0.          1.        ]]"
full_scene,92,34,49,10,30,0.2987387702463442,0.38458764125991823,0.002537797602706477,0.0029368134936837167,"[[ 0.85117839  0.18870131  0.48978277  0.05764267]
 [ 0.25710919 -0.96341751 -0.07564096 -0.01575702]
 [ 0.45759175  0.1903116  -0.86855701 -0.41196471]
 [ 0.          0.          0.          1.        ]]","[[ 0.7544294  -0.09949448  0.64879667  0.04041416]
 [ 0.30155562 -0.82541707 -0.47723251 -0.01351987]
 [ 0.58300985  0.55568652 -0.59271579 -0.41239336]
 [ 0.          0.          0.          1.        ]]"
full_scene,92,38,49,3,30,0.3811558722595029,0.42527705523618003,0.0028113526554130928,0.0027107492922215106,"[[ 0.87549383  0.43583321 -0.20871025  0.05329675]
 [-0.02295165  0.4689241   0.88294021  0.02295565]
 [ 0.48268393 -0.76821846  0.42054325 -0.39407095]
 [ 0.          0.          0.          1.        ]]","[[ 0.65937033  0.72037556 -0.21515069  0.03857793]
 [-0.29233158  0.50931649  0.80940655  0.01898262]
 [ 0.69265649 -0.47080332  0.5464167  -0.40141155]
 [ 0.          0.          0.          1.        ]]"
full_scene,92,48,49,14,30,0.36447791208551006,0.41282869570919584,0.0028790394522349287,0.0026412093422650378,"[[ 0.99358375  0.09193178  0.06587777  0.04650923]
 [-0.10567015  0.54696194  0.83046159  0.00641504]
 [ 0.04031318 -0.83209445  0.55316694 -0.41339164]
 [ 0.          0.          0.          1.        ]]","[[ 0.99882305  0.04816346  0.00572648  0.04546252]
 [-0.03127222  0.54924121  0.83507853  0.00758167]
 [ 0.03707506 -0.83427476  0.55010096 -0.41300469]
 [ 0.          0.          0.          1.        ]]"
full_scene,92,50,49,7,30,0.2777437758202365,0.37104636166910754,0.0028288932332953148,0.0026680576215872324,"[[ 0.69318373  0.54487299  0.47181536  0.07573458]
 [ 0.61906675 -0.11484442 -0.77689582 -0.01266555]
 [-0.36912419  0.83061675 -0.41692103 -0.40445877]
 [ 0.          0.          0.          1.        ]]","[[ 0.75161264  0.58963888  0.2956424   0.05695827]
 [ 0.59433302 -0.41099854 -0.69126584 -0.02183196]
 [-0.28608862  0.69527418 -0.65935356 -0.40925297]
 [ 0.          0.          0.          1.        ]]"
full_scene,92,58,49,8,30,0.320192791099259,0.3879101182539509,0.002754491295394034,0.002611118644970448,"[[-0.85983645 -0.34182417 -0.37925918  0.08145292]
 [-0.29718728  0.93908491 -0.17262459  0.01848351]
 [ 0.41516383 -0.03571791 -0.90904523 -0.41763924]
 [ 0.          0.          0.          1.        ]]","[[-0.83569152 -0.54686761 -0.05055196  0.06977733]
 [-0.37698049  0.63813589 -0.67131833  0.01462418]
 [ 0.39938127 -0.54195793 -0.73944317 -0.42530279]
 [ 0.          0.          0.          1.        ]]"
full_scene,92,59,49,20,30,0.3251655773896697,0.3613084439004131,0.002652833190590468,0.00231856247381728,"[[ 0.6433751   0.75043692  0.15137008  0.06835213]
 [ 0.66217743 -0.44628757 -0.60195386 -0.02418902]
 [-0.38417382  0.48751598 -0.7840527  -0.39118686]
 [ 0.          0.          0.          1.        ]]","[[ 0.91788514  0.37439563  0.13158563  0.06717603]
 [ 0.39646395 -0.87967299 -0.26266283 -0.02104729]
 [ 0.01741251  0.29326327 -0.95587314 -0.40398697]
 [ 0.          0.          0.          1.        ]]"
full_scene,92,61,49,8,30,0.33012743447944215,0.3675271590635861,0.0025306330854224196,0.002500829287967132,"[[-0.725285   -0.02200055 -0.68809712  0.07832289]
 [-0.28238038  0.92105048  0.26819271  0.0168124 ]
 [ 0.6278718   0.38882128 -0.67423662 -0.4129787 ]
 [ 0.          0.          0.          1.        ]]","[[-0.58134365 -0.64426339 -0.49695497  0.07358411]
 [-0.28170617  0.73236287 -0.61990827  0.01202847]
 [ 0.76333557 -0.22038446 -0.60724747 -0.42914339]
 [ 0.          0.          0.          1.        ]]"
full_scene,92,62,49,16,30,0.3449037137423769,0.3581280465146779,0.0025679405649887558,0.0023946023937626197,"[[ 0.85914731  0.44726811  0.24863052  0.05367768]
 [ 0.47690787 -0.87598922 -0.07212337 -0.04206659]
 [ 0.18553918  0.18053845 -0.96590946 -0.40773033]
 [ 0.          0.          0.          1.        ]]","[[ 0.96600382  0.13458712  0.22073272  0.05280928]
 [ 0.17411039 -0.96982949 -0.17063506 -0.03586048]
 [ 0.19110782  0.20326598 -0.96029201 -0.4073023 ]
 [ 0.          0.          0.          1.        ]]"
full_scene,92,63,49,12,30,0.20184047738748387,0.3310782749349713,0.0030770232469865834,0.002584872033766166,"[[ 0.93589072 -0.22145467  0.27398245  0.040146  ]
 [-0.27147019 -0.94901377  0.16023982 -0.01856139]
 [ 0.22452726 -0.22434503 -0.94829153 -0.41248167]
 [ 0.          0.          0.          1.        ]]","[[ 0.97373815 -0.04584862  0.22300655  0.04539432]
 [-0.03487873 -0.99799129 -0.05288533 -0.02997958]
 [ 0.22498332  0.04371828 -0.97338133 -0.41488019]
 [ 0.          0.          0.          1.        ]]"
full_scene,92,79,49,3,30,0.31699053531224725,0.39608516033137336,0.002774914300171018,0.002398184778574563,"[[-0.99684374  0.00180127 -0.07936823  0.03426797]
 [ 0.04794994  0.81044775 -0.58384523 -0.02196159]
 [ 0.06327214 -0.58580816 -0.80797613 -0.42144884]
 [ 0.          0.          0.          1.        ]]","[[-0.99107841 -0.0531247  -0.12223482  0.0423226 ]
 [ 0.0314114   0.79819013 -0.6015861  -0.01355061]
 [ 0.12952571 -0.60005856 -0.78940029 -0.42794908]
 [ 0.          0.          0.          1.        ]]"
full_scene,92,80,49,18,30,0.3964239655511596,0.5137052176003847,0.0029564528982172896,0.002899419026433215,"[[ 0.94875144  0.16656721  0.26856298  0.0606585 ]
 [-0.30131363  0.73303877  0.60980674 -0.00684464]
 [-0.09529327 -0.65947671  0.74566055 -0.39773946]
 [ 0.          0.          0.          1.        ]]","[[ 0.94041924  0.22673782  0.25338036  0.05981834]
 [-0.33661523  0.51568739  0.78788115  0.00378553]
 [ 0.0479774  -0.82623028  0.56128574 -0.41498811]
 [ 0.          0.          0.          1.        ]]"
full_scene,92,82,49,17,30,0.3639642396555116,0.3355811055979366,0.00291823153111893,0.00277222730690178,"[[ 0.97573908  0.05728324  0.2113099   0.03828462]
 [-0.19615292  0.65744037  0.72752745  0.00115864]
 [-0.09724853 -0.75132602  0.65272654 -0.40248708]
 [ 0.          0.          0.          1.        ]]","[[ 0.97012278 -0.02271898  0.24154843  0.04025026]
 [-0.17919897  0.6040649   0.77652645  0.00226047]
 [-0.16355282 -0.79661123  0.5819459  -0.40919135]
 [ 0.          0.          0.          1.        ]]"
full_scene,92,83,49,1,30,0.4506874467201469,0.46826160134647754,0.002832163302137415,0.0028474351665510036,"[[ 9.52037572e-01  1.05993882e-01  2.87036162e-01  5.30381488e-02]
 [-2.87706153e-01  6.29436018e-01  7.21827866e-01  2.49716584e-04]
 [-1.04161561e-01 -7.69789319e-01  6.29741830e-01 -4.05038166e-01]
 [ 0.00000000e+00  0.00000000e+00  0.00000000e+00  1.00000000e+00]]","[[ 0.96964361  0.12510863  0.21009308  0.05505207]
 [-0.24377538  0.42748144  0.87053615  0.00400893]
 [ 0.01910069 -0.89532533  0.44500305 -0.41710359]
 [ 0.          0.          0.          1.        ]]"
full_scene,92,86,49,25,30,0.41562657107259177,0.46751841570307545,0.002845540676843573,0.0028518583145578902,"[[ 0.92180541  0.25872135  0.28868331  0.05566126]
 [-0.38189604  0.47821704  0.79086274 -0.0036956 ]
 [ 0.0665598  -0.83926857  0.53962771 -0.4017845 ]
 [ 0.          0.          0.          1.        ]]","[[ 0.9562787   0.17561529  0.23385961  0.06274239]
 [-0.28075859  0.32736051  0.90222487 -0.00134578]
 [ 0.08188808 -0.92843652  0.36235339 -0.41783252]
 [ 0.          0.          0.          1.        ]]"
full_scene,92,87,49,16,30,0.32764650593455596,0.3920960020984065,0.0025521547618932976,0.0026471321003949094,"[[ 0.99684657 -0.07774374  0.01590022  0.03289444]
 [-0.00544309 -0.26689147 -0.96371122 -0.04122285]
 [ 0.07916615  0.96058568 -0.26647301 -0.3879456 ]
 [ 0.          0.          0.          1.        ]]","[[ 0.89839967  0.43892747 -0.01485656  0.04924386]
 [ 0.33428812 -0.70537956 -0.6250529  -0.03940532]
 [-0.2848324   0.55658094 -0.780441   -0.40444044]
 [ 0.          0.          0.          1.        ]]"
full_scene,92,88,49,17,30,0.4155391374674856,0.3740846794465453,0.002862061192684732,0.002766430086712587,"[[-0.83279993 -0.12073635 -0.54024718  0.0747531 ]
 [ 0.26059415  0.77552242 -0.57502667 -0.02633051]
 [ 0.48840042 -0.61966742 -0.61439183 -0.42653718]
 [ 0.          0.          0.          1.        ]]","[[-0.82525047 -0.04479866 -0.56298733  0.07947546]
 [ 0.31819174  0.78669761 -0.5290188  -0.01752237]
 [ 0.46660012 -0.61571093 -0.63496801 -0.43608992]
 [ 0.          0.          0.          1.        ]]"
full_scene,92,90,49,15,30,0.2640385582198518,0.3470349078668386,0.0027423040078672777,0.0023082758844814276,"[[ 0.95805792  0.28532919  0.02668831  0.04631949]
 [ 0.27710973 -0.94612613  0.16749789 -0.05086007]
 [ 0.07304255 -0.15307709 -0.98551113 -0.40944951]
 [ 0.          0.          0.          1.        ]]","[[ 0.99695471 -0.04130621  0.06614449  0.04633753]
 [-0.02044679 -0.95697876 -0.28943668 -0.04082379]
 [ 0.0752544   0.28720282 -0.95490906 -0.40649697]
 [ 0.          0.          0.          1.        ]]"
full_scene,92,91,49,15,30,0.30539465343504774,0.3419746879713218,0.002796728043531199,0.0024565330008822755,"[[ 0.77461747 -0.61269561  0.15675413  0.02510234]
 [-0.51461705 -0.75472096 -0.40689749 -0.04027903]
 [ 0.36760993  0.23452155 -0.89992365 -0.41096552]
 [ 0.          0.          0.          1.        ]]","[[ 0.69869394 -0.67740398  0.23011003  0.00971878]
 [-0.33097963 -0.59121648 -0.73546961 -0.03981863]
 [ 0.63425489  0.43770643 -0.63728629 -0.40980978]
 [ 0.          0.          0.          1.        ]]"
full_scene,92,92,49,6,30,0.33508929156921463,0.32049880871713043,0.002977137765434373,0.00269911575027886,"[[ 0.95919664  0.13562462 -0.24808822  0.03694458]
 [-0.0833558  -0.70279879 -0.70648826 -0.04731128]
 [-0.2701733   0.69834076 -0.66281715 -0.39624082]
 [ 0.          0.          0.          1.        ]]","[[ 0.94905047  0.26777886 -0.1661255   0.04016016]
 [ 0.10033882 -0.75652295 -0.64622376 -0.04469783]
 [-0.29872282  0.59663013 -0.74484708 -0.40546678]
 [ 0.          0.          0.          1.        ]]"
full_scene,92,93,49,8,30,0.32453168375265035,0.33432424752453604,0.0024559384030380478,0.0023248159105794426,"[[ 0.67211941 -0.74022313 -0.01803379  0.01377765]
 [-0.63301572 -0.56179979 -0.53260876 -0.04683073]
 [ 0.38411794  0.36939236 -0.84616942 -0.4039456 ]
 [ 0.          0.          0.          1.        ]]","[[ 0.61385418 -0.78078719  0.11642338  0.01383116]
 [-0.63730218 -0.57718139 -0.51059531 -0.04701824]
 [ 0.46586369  0.23923419 -0.85190259 -0.40669327]
 [ 0.          0.          0.          1.        ]]"
full_scene,92,98,49,18,30,0.25844280749306,0.3369363264770815,0.002979819103797495,0.002384121374557766,"[[ 0.9729501  -0.21697448  0.07931059  0.02772176]
 [-0.22986488 -0.87504398  0.42598142 -0.04981875]
 [-0.02302684 -0.43268939 -0.90124894 -0.4206645 ]
 [ 0.          0.          0.          1.        ]]","[[ 0.96481361 -0.2453702  -0.09448893  0.02781196]
 [-0.24293876 -0.96935059  0.03660871 -0.05718009]
 [-0.10057558 -0.01236556 -0.99485257 -0.41499972]
 [ 0.          0.          0.          1.        ]]"
full_scene,92,102,49,9,30,0.29766770858379415,0.31072810334652123,0.002544259705073098,0.002131700591784816,"[[ 0.97731174 -0.21168352  0.00720103  0.01520744]
 [-0.19705104 -0.8962369   0.39740447 -0.05112586]
 [-0.07767015 -0.38980702 -0.9176153  -0.42055835]
 [ 0.          0.          0.          1.        ]]","[[ 0.86004291 -0.50660693 -0.0606268   0.0206278 ]
 [-0.49096632 -0.85405791  0.17186379 -0.04848292]
 [-0.13884619 -0.11804451 -0.98325339 -0.41911682]
 [ 0.          0.          0.          1.        ]]"
full_scene,92,113,49,15,30,0.40548427288028155,0.4708518218977464,0.0028021887956263905,0.0027333888605341207,"[[ 0.69706973  0.34041634  0.63103923  0.03819356]
 [-0.67985653  0.59341522  0.43087524 -0.02340335]
 [-0.22779131 -0.72936623  0.64508606 -0.39847114]
 [ 0.          0.          0.          1.        ]]","[[ 0.7771093   0.22695306  0.58702082  0.03685886]
 [-0.62499694  0.38799249  0.67737778 -0.01772825]
 [-0.07402671 -0.89328279  0.44335754 -0.40224167]
 [ 0.          0.          0.          1.        ]]"
full_scene,92,116,49,18,30,0.41435878379855295,0.3965113991562657,0.0026899660073267245,0.0026904721850734324,"[[ 0.95043461  0.02025342 -0.31026416  0.01689972]
 [-0.12245936 -0.89283629 -0.43341327 -0.06521841]
 [-0.2857932   0.44992572 -0.8461023  -0.39964843]
 [ 0.          0.          0.          1.        ]]","[[ 0.92255154 -0.08421569 -0.37657187  0.01993612]
 [-0.27896794 -0.81980589 -0.50009519 -0.05240243]
 [-0.26659997  0.56641506 -0.77980666 -0.40717237]
 [ 0.          0.          0.          1.        ]]"
full_scene,92,118,49,12,25,0.28413735819362174,0.3165642964873549,0.0028053276102764455,0.0023686501838919723,"[[ 0.66598788 -0.74519548 -0.03382068  0.00273317]
 [-0.74566671 -0.66376238 -0.0583152  -0.05004979]
 [ 0.02100733  0.06405617 -0.99772516 -0.4108827 ]
 [ 0.          0.          0.          1.        ]]","[[ 0.62784171 -0.77298721 -0.09113486  0.00825643]
 [-0.77142554 -0.60240948 -0.20495232 -0.05404739]
 [ 0.10352501  0.19898137 -0.97451987 -0.40822598]
 [ 0.          0.          0.          1.        ]]"
full_scene,92,119,49,4,30,0.3175369953441605,0.32311088766967583,0.0026007015635822694,0.002428061768443734,"[[ 0.62706007 -0.77396481  0.08817113 -0.0026974 ]
 [-0.62214052 -0.56570926 -0.54121548 -0.04161698]
 [ 0.46876096  0.28451979 -0.83624856 -0.41138481]
 [ 0.          0.          0.          1.        ]]","[[ 0.56598236 -0.82432536  0.01231575 -0.00153368]
 [-0.66237909 -0.46358253 -0.58851099 -0.04353373]
 [ 0.4908339   0.32492914 -0.80839541 -0.40956763]
 [ 0.          0.          0.          1.        ]]"
full_scene,92,120,49,18,30,0.29399549716933704,0.3588603029574417,0.0027943470645676494,0.002509925647230126,"[[ 0.9341049  -0.26835194  0.23544696  0.01964497]
 [-0.35607178 -0.65283966  0.66859051 -0.04422087]
 [-0.02570844 -0.70836969 -0.70537328 -0.42562095]
 [ 0.          0.          0.          1.        ]]","[[ 0.88052951 -0.47351381 -0.02127083  0.0177191 ]
 [-0.46992158 -0.87795777  0.09145417 -0.05594154]
 [-0.0619797  -0.07053247 -0.99558208 -0.41577513]
 [ 0.          0.          0.          1.        ]]"
full_scene,92,122,49,13,30,0.308990360445037,0.3435047760606789,0.0029033307118233667,0.0026408851645374023,"[[ 0.79648863  0.32762832 -0.50819834  0.01536513]
 [-0.28409963 -0.53915009 -0.79284588 -0.06282263]
 [-0.53375394  0.77587168 -0.33634783 -0.38851287]
 [ 0.          0.          0.          1.        ]]","[[ 0.85578085  0.0036738  -0.51732547  0.01552519]
 [-0.25381405 -0.8683729  -0.4260363  -0.06204312]
 [-0.45079659  0.49589818 -0.74220444 -0.40634211]
 [ 0.          0.          0.          1.        ]]"
full_scene,92,127,49,16,30,0.37806290847887386,0.3122144746333253,0.0029446379845845107,0.0027933077337740195,"[[ 0.46495101  0.56020905  0.68555553  0.0285972 ]
 [-0.85146665  0.49508164  0.17291242 -0.03407344]
 [-0.24253885 -0.66412348  0.70718803 -0.3956878 ]
 [ 0.          0.          0.          1.        ]]","[[ 0.64599172  0.43357562  0.62825701  0.02801294]
 [-0.69034457  0.6830619   0.23843409 -0.00959028]
 [-0.32575923 -0.58774027  0.74056891 -0.39350531]
 [ 0.          0.          0.          1.        ]]"
full_scene,92,128,49,16,26,0.4620647445845811,0.4345559465780673,0.0028375456411805808,0.0022994707421622788,"[[-0.53061873  0.35906362 -0.76780016  0.02692906]
 [ 0.84114333  0.33475115 -0.42475824 -0.05581654]
 [ 0.10450675 -0.87121466 -0.4796492  -0.4291667 ]
 [ 0.          0.          0.          1.        ]]","[[-0.47177624  0.44496039 -0.76120788  0.02549839]
 [ 0.87177005  0.36471714 -0.32710607 -0.04927793]
 [ 0.13207632 -0.8179191  -0.55996802 -0.43314223]
 [ 0.          0.          0.          1.        ]]"
full_scene,92,140,49,13,30,0.43222802684211675,0.40920020109729177,0.0027797010964120106,0.0027350541714050228,"[[ 0.72746733 -0.36776005 -0.57926146 -0.01121138]
 [-0.43853433 -0.89849846  0.01970171 -0.05934451]
 [-0.52771103  0.23969369 -0.81490368 -0.41436121]
 [ 0.          0.          0.          1.        ]]","[[ 0.73059584 -0.08223623 -0.6778399  -0.00146617]
 [-0.29482373 -0.93340629 -0.20452791 -0.05544941]
 [-0.61588042  0.34927052 -0.70618794 -0.41442725]
 [ 0.          0.          0.          1.        ]]"
full_scene,92,146,49,4,30,0.2850335526459595,0.37081684845570395,0.0024560750654969827,0.0022778843020571917,"[[-0.25847252 -0.7454519  -0.61440494 -0.00618   ]
 [-0.36804727  0.66403945 -0.65084009 -0.03638168]
 [ 0.89315909  0.05790578 -0.44599749 -0.42963675]
 [ 0.          0.          0.          1.        ]]","[[-0.29759872 -0.52258473 -0.79896195  0.00246278]
 [-0.43831382  0.81825517 -0.37194014 -0.03096587]
 [ 0.84812499  0.23950715 -0.47256781 -0.42848588]
 [ 0.          0.          0.          1.        ]]"
full_scene,92,148,49,7,30,0.3109576165599248,0.32071739272989574,0.0026090298268853303,0.0026465417788958914,"[[-0.49098469 -0.54065516 -0.68310031  0.00596591]
 [-0.21765062  0.83538163 -0.50474324 -0.03812768]
 [ 0.84354149 -0.099144   -0.52783352 -0.43437307]
 [ 0.          0.          0.          1.        ]]","[[-0.45885956 -0.56643928 -0.68453958  0.00881463]
 [-0.54332062  0.78848693 -0.28825522 -0.02391468]
 [ 0.70302959  0.23965581 -0.66956291 -0.42613125]
 [ 0.          0.          0.          1.        ]]"
full_scene,92,150,49,20,30,0.3093728824673763,0.3799318017880172,0.002630721572773499,0.0024619063381428005,"[[ 0.21650382 -0.97628121  0.00104192 -0.02301099]
 [-0.97248062 -0.21575483 -0.08792777 -0.04477803]
 [ 0.08606703  0.01802345 -0.99612631 -0.41243169]
 [ 0.          0.          0.          1.        ]]","[[ 0.36017315 -0.8901398  -0.27915309 -0.02057077]
 [-0.93229216 -0.33278052 -0.14173377 -0.04817087]
 [ 0.03326616  0.31130093 -0.94972896 -0.40848348]
 [ 0.          0.          0.          1.        ]]"
full_scene,92,151,49,24,30,0.25422413604668953,0.3192965966469212,0.003074439231493052,0.002565442167752655,"[[-5.89532284e-01 -3.54263021e-01 -7.25912804e-01 -3.03640995e-03]
 [-2.23468491e-01  9.35145810e-01 -2.74889338e-01 -2.16699619e-02]
 [ 7.76217444e-01  1.62499348e-04 -6.30465267e-01 -4.27619852e-01]
 [ 0.00000000e+00  0.00000000e+00  0.00000000e+00  1.00000000e+00]]","[[-0.66717353 -0.23745088 -0.70604289  0.00425814]
 [-0.2811751   0.95799247 -0.05648888 -0.02774298]
 [ 0.6897971   0.1608338  -0.70591249 -0.42677651]
 [ 0.          0.          0.          1.        ]]"
full_scene,92,154,49,2,30,0.3180725261754355,0.3338105750945376,0.002502703732537109,0.002519084062790334,"[[-0.33972476 -0.75139192 -0.56568302 -0.03116228]
 [-0.89117755  0.44942958 -0.06177078 -0.03348056]
 [ 0.30064874  0.48313894 -0.82230596 -0.40055102]
 [ 0.          0.          0.          1.        ]]","[[-0.03738589 -0.87461236 -0.48337927 -0.02920025]
 [-0.96298165  0.16075626 -0.21638801 -0.03256205]
 [ 0.26696187  0.4573955  -0.84824567 -0.40842204]
 [ 0.          0.          0.          1.        ]]"
full_scene,92,156,49,11,30,0.33149358455922534,0.35081641128767843,0.0026807876218009354,0.002555515173369127,"[[-0.0447124  -0.40024946 -0.91531479 -0.02829524]
 [-0.84815474  0.49933342 -0.17691717 -0.03329754]
 [ 0.52785826  0.76841819 -0.36179987 -0.39632842]
 [ 0.          0.          0.          1.        ]]","[[-0.2098153  -0.79127495 -0.5743357  -0.02801282]
 [-0.9264982   0.34857228 -0.14176902 -0.0303307 ]
 [ 0.31237578  0.50237568 -0.80625061 -0.40532614]
 [ 0.          0.          0.          1.        ]]"
full_scene,92,158,49,24,30,0.3354280967890009,0.3388161489868631,0.0028923410528211443,0.002691852154103904,"[[-0.15088793 -0.61778709 -0.77173308 -0.0190604 ]
 [-0.97897241  0.20179448  0.02986666 -0.02711049]
 [ 0.13728024  0.76001191 -0.63524486 -0.40378445]
 [ 0.          0.          0.          1.        ]]","[[-0.19226947 -0.55743274 -0.80765165 -0.02316097]
 [-0.91103303  0.4072995  -0.06423342 -0.02823422]
 [ 0.36476193  0.72344721 -0.5861509  -0.40140329]
 [ 0.          0.          0.          1.        ]]"
full_scene,92,171,49,2,30,0.2520055083171217,0.31431288115587225,0.0029033526811304343,0.0022973913049071457,"[[ 0.189956   -0.14307174 -0.9713121  -0.03933619]
 [-0.94958121  0.2245643  -0.2187839  -0.01789263]
 [ 0.24942382  0.96389904 -0.0932009  -0.39560865]
 [ 0.          0.          0.          1.        ]]","[[ 0.18173396 -0.79987166 -0.57199483 -0.04212499]
 [-0.94230936  0.02463236 -0.33383577 -0.01418403]
 [ 0.28111536  0.59966538 -0.74925002 -0.40795127]
 [ 0.          0.          0.          1.        ]]"
full_scene,92,172,49,7,15,0.33318761065815644,0.3474174298891779,0.002889484297475133,0.0023829866170772132,"[[-0.35340767 -0.17520009 -0.91891673 -0.01448809]
 [-0.46645007  0.88448211  0.01075798 -0.015435  ]
 [ 0.8108806   0.43243072 -0.39430485 -0.42488278]
 [ 0.          0.          0.          1.        ]]","[[-0.25384311 -0.22116406 -0.94162101 -0.01939134]
 [-0.52051261  0.8517617  -0.05973798 -0.02013898]
 [ 0.81524861  0.47496154 -0.33133252 -0.42682291]
 [ 0.          0.          0.          1.        ]]"
full_scene,92,173,49,2,30,0.30329624691250084,0.30086996437080593,0.0028706194594792615,0.0027858161456875375,"[[-0.73915839  0.19091879 -0.64590626 -0.00787112]
 [-0.06993893  0.9320436   0.35553237 -0.02524223]
 [ 0.66989061  0.30796873 -0.67557519 -0.42010481]
 [ 0.          0.          0.          1.        ]]","[[-0.78606621  0.12464397 -0.60544512 -0.00401642]
 [-0.20166662  0.87415629  0.44179334 -0.0269116 ]
 [ 0.58432054  0.46937689 -0.66200819 -0.42169613]
 [ 0.          0.          0.          1.        ]]"
full_scene,92,174,49,1,30,0.16995999912566395,0.3008262475682529,0.002713622894998456,0.0023948740931473743,"[[ 0.03026931 -0.39263696 -0.91919529 -0.03316742]
 [ 0.53108045  0.78538812 -0.31799223 -0.05566184]
 [ 0.84678056 -0.47854125  0.23229497 -0.43890668]
 [ 0.          0.          0.          1.        ]]","[[-0.2864462  -0.02445429 -0.95778419 -0.01391492]
 [-0.12584695  0.99197329  0.01231006 -0.02976221]
 [ 0.9497953   0.12406039 -0.28722448 -0.43801908]
 [ 0.          0.          0.          1.        ]]"
full_scene,92,176,49,4,20,0.29065116177402783,0.33310017705305034,0.0025789115590910154,0.0023372067572143,"[[-0.04654748  0.23133711 -0.97175947 -0.01877339]
 [ 0.0194079   0.97283974  0.23066463 -0.0297514 ]
 [ 0.99872752 -0.00812296 -0.049773   -0.43454806]
 [ 0.          0.          0.          1.        ]]","[[-0.23388277  0.13794536 -0.96242918 -0.01669288]
 [-0.01518884  0.98924461  0.14547991 -0.03440464]
 [ 0.97214616  0.04864343 -0.22927204 -0.43624314]
 [ 0.          0.          0.          1.        ]]"
full_scene,92,178,49,23,23,0.32547159500754114,0.32277208244988964,0.0026210745525036563,0.0025497858492737704,"[[-0.65228429 -0.0364358  -0.75709816 -0.0085572 ]
 [-0.22447029  0.96332454  0.1470337  -0.02433928]
 [ 0.72397395  0.26585382 -0.63654023 -0.42451347]
 [ 0.          0.          0.          1.        ]]","[[-0.61456063 -0.09971383 -0.78254226 -0.00554416]
 [-0.27851591  0.95552341  0.0969737  -0.02429365]
 [ 0.73806783  0.27754669 -0.61499895 -0.42737982]
 [ 0.          0.          0.          1.        ]]"
full_scene,92,179,49,28,17,0.35578919757808913,0.390795427222453,0.0029562966360980945,0.0024043840520965127,"[[-0.19224326 -0.96368991 -0.18532212 -0.03796612]
 [-0.97980658  0.17790991  0.09125314 -0.02470432]
 [-0.05496909  0.19912263 -0.97843169 -0.40993329]
 [ 0.          0.          0.          1.        ]]","[[-0.18761154 -0.8998158  -0.39386983 -0.04176513]
 [-0.98224205  0.17122581  0.07669603 -0.03073027]
 [-0.00157162  0.40126457 -0.91596085 -0.40735751]
 [ 0.          0.          0.          1.        ]]"
full_scene,92,180,49,2,30,0.33911123740409627,0.3374718573083565,0.0028864371403946334,0.0024677852377767767,"[[ 0.28672476  0.95428919 -0.08438635 -0.01097736]
 [ 0.90663013 -0.24183149  0.3457446  -0.05015425]
 [ 0.30953306 -0.17564074 -0.93452641 -0.41726168]
 [ 0.          0.          0.          1.        ]]","[[ 0.25337679  0.96332456  0.08835155 -0.01138126]
 [ 0.95916733 -0.26204576  0.1064427  -0.04592851]
 [ 0.12569102  0.05777381 -0.99038576 -0.41518905]
 [ 0.          0.          0.          1.        ]]"
full_scene,92,181,49,11,30,0.38441277404970603,0.38677348138757134,0.002686169013944685,0.002571836978214227,"[[-0.1633293  -0.9778732  -0.13071931 -0.05308757]
 [-0.97897819  0.1442357   0.14421433 -0.01792842]
 [-0.12216894  0.15152578 -0.98087445 -0.41189351]
 [ 0.          0.          0.          1.        ]]","[[-0.28678508 -0.8927964  -0.34737432 -0.05064609]
 [-0.94465341  0.20324015  0.25753324 -0.02049886]
 [-0.15932434  0.40200502 -0.90166941 -0.40868526]
 [ 0.          0.          0.          1.        ]]"
full_scene,92,183,49,17,30,0.3637675140440228,0.36278388598657896,0.002888018171410171,0.0024599676153223577,"[[-0.29833723 -0.95006535 -0.09149165 -0.0465274 ]
 [-0.94539258  0.28096012  0.16520981 -0.02099572]
 [-0.13125461  0.13578376 -0.9820056  -0.41055258]
 [ 0.          0.          0.          1.        ]]","[[-0.29105117 -0.86915698 -0.39981916 -0.04743839]
 [-0.94353724  0.19167179  0.27018401 -0.02606622]
 [-0.15819827  0.45588164 -0.87586828 -0.40800867]
 [ 0.          0.          0.          1.        ]]"
full_scene,92,184,49,4,30,0.3525978709917157,0.3507289776825723,0.002836706145755627,0.002686171653850905,"[[-0.41383659 -0.91027611  0.01169135 -0.0423219 ]
 [-0.90506243  0.41278077  0.10234275 -0.01696929]
 [-0.09798613  0.03177177 -0.99468049 -0.41400251]
 [ 0.          0.          0.          1.        ]]","[[-6.08480964e-01 -7.62176306e-01 -2.20993652e-01 -4.33697963e-02]
 [-7.93568161e-01  5.84164640e-01  1.70297524e-01 -2.16983854e-02]
 [-7.00060190e-04  2.78996327e-01 -9.60291914e-01 -4.12041935e-01]
 [ 0.00000000e+00  0.00000000e+00  0.00000000e+00  1.00000000e+00]]"
full_scene,92,185,49,9,29,0.30949310367439725,0.3460949966119478,0.0028808578039939557,0.0024790040833529174,"[[-0.16853584 -0.21160838 -0.96271365 -0.03496225]
 [-0.90564253  0.41879645  0.06649162 -0.01432266]
 [ 0.38911088  0.88308065 -0.26222376 -0.39772428]
 [ 0.          0.          0.          1.        ]]","[[-0.19171546 -0.30330905 -0.93340709 -0.03407305]
 [-0.95901234  0.26009345  0.11245768 -0.00688514]
 [ 0.20866364  0.91670879 -0.34074106 -0.39823341]
 [ 0.          0.          0.          1.        ]]"
full_scene,92,186,49,8,25,0.3418435375636626,0.3700955212135784,0.002731005880354893,0.002464908857866906,"[[-0.26099006 -0.94592533 -0.19263815 -0.04492406]
 [-0.96155194  0.23707219  0.13861692 -0.02039552]
 [-0.08545211  0.22140923 -0.97142982 -0.41530381]
 [ 0.          0.          0.          1.        ]]","[[-0.43845325 -0.83852613 -0.32346973 -0.04403512]
 [-0.8943688   0.37156536  0.24908559 -0.02310626]
 [-0.08867463  0.39851362 -0.91286565 -0.41015684]
 [ 0.          0.          0.          1.        ]]"
full_scene,92,187,49,24,30,0.3203676583094712,0.33270672583007277,0.0028366999128530516,0.002534431525131866,"[[-0.32345564 -0.21095876 -0.92242769 -0.03401249]
 [-0.91514105  0.31762169  0.24826061 -0.0162916 ]
 [ 0.24061029  0.92445274 -0.29579355 -0.4000655 ]
 [ 0.          0.          0.          1.        ]]","[[-0.24319821 -0.38141584 -0.89183888 -0.03579149]
 [-0.9545926   0.25721839  0.15030523 -0.01040643]
 [ 0.17206856  0.88789676 -0.42665179 -0.3965177 ]
 [ 0.          0.          0.          1.        ]]"
full_scene,92,189,49,9,30,0.3375483617128243,0.34706769546875343,0.002993651248056512,0.0025778324448949667,"[[-0.42018343 -0.79075687 -0.44513981 -0.04076492]
 [-0.90466377  0.32669768  0.2735911  -0.01930729]
 [-0.0709179   0.51766031 -0.85264204 -0.40606047]
 [ 0.          0.          0.          1.        ]]","[[-0.38452231 -0.72422643 -0.57239731 -0.04241405]
 [-0.91887791  0.35963741  0.1622477  -0.01929135]
 [ 0.08835141  0.5883511  -0.80376427 -0.40668616]
 [ 0.          0.          0.          1.        ]]"
full_scene,92,204,49,8,30,0.27612625412577324,0.3811777306607795,0.002696659397962215,0.002546756633226256,"[[ 0.366427    0.91288631  0.17991619 -0.01809846]
 [ 0.6751353  -0.3939199   0.62371423 -0.04694165]
 [ 0.64025275 -0.10707796 -0.76066466 -0.42558144]
 [ 0.          0.          0.          1.        ]]","[[ 0.21658315  0.94488271  0.24553699 -0.02138504]
 [ 0.73608369 -0.32326429  0.59471085 -0.0484748 ]
 [ 0.64130533  0.05193142 -0.76552635 -0.428499  ]
 [ 0.          0.          0.          1.        ]]"
full_scene,92,206,49,10,30,0.2768475813678988,0.33750464491027127,0.0028733315603423756,0.002652810934810328,"[[-0.15981467 -0.90475575 -0.39481172 -0.06631085]
 [-0.9067319  -0.02357073  0.42104832 -0.01826002]
 [-0.39025189  0.42527808 -0.81660395 -0.39573578]
 [ 0.          0.          0.          1.        ]]","[[-0.17538386 -0.9008736  -0.39707336 -0.0574879 ]
 [-0.86273449 -0.0536586   0.50280211 -0.02468729]
 [-0.47426755  0.43075225 -0.76780388 -0.40467664]
 [ 0.          0.          0.          1.        ]]"
full_scene,92,207,49,3,16,0.3715491048984677,0.3720846357297427,0.0025773339685180455,0.0024762459218865868,"[[-0.36802296 -0.77417726 -0.51498415 -0.05334952]
 [-0.89014493  0.13329112  0.43574703 -0.01982071]
 [-0.26870263  0.61877545 -0.73818415 -0.40299684]
 [ 0.          0.          0.          1.        ]]","[[-0.39927878 -0.81904636 -0.41199457 -0.0532364 ]
 [-0.88785998  0.23335426  0.39654817 -0.01875085]
 [-0.22865064  0.52412676 -0.82037188 -0.40672903]
 [ 0.          0.          0.          1.        ]]"
full_scene,92,208,49,4,30,0.3384117685632473,0.3737568034273973,0.002759697369916422,0.002662871334064698,"[[-0.58714485 -0.66398067 -0.46302332 -0.05037529]
 [-0.80465467  0.54111036  0.2443981  -0.0063013 ]
 [ 0.08827111  0.51607097 -0.85198531 -0.40790477]
 [ 0.          0.          0.          1.        ]]","[[-0.65962017 -0.68994627 -0.29811973 -0.04895038]
 [-0.75055707  0.62555217  0.21295201 -0.00809346]
 [ 0.039564    0.36422332 -0.93047088 -0.40924321]
 [ 0.          0.          0.          1.        ]]"
full_scene,92,209,49,3,30,0.2516229862947824,0.3681282650986907,0.0026759730838123085,0.0025281870943666593,"[[-0.39660693 -0.83234505 -0.38717523 -0.06087812]
 [-0.86822174  0.20312656  0.45269262 -0.00360574]
 [-0.29815089  0.51569498 -0.80322147 -0.39245526]
 [ 0.          0.          0.          1.        ]]","[[-0.47929765 -0.79626993 -0.36909072 -0.05535177]
 [-0.85657866  0.33280852  0.39434946 -0.01555685]
 [-0.19117208  0.505166   -0.84158217 -0.40663985]
 [ 0.          0.          0.          1.        ]]"
full_scene,92,210,49,9,30,0.4065881221447463,0.38204113751120244,0.0027956503195164647,0.0023785388941991903,"[[-0.29580852 -0.95513881  0.01439346 -0.05771397]
 [-0.92887336  0.29112496  0.22899898 -0.00933646]
 [-0.22291611  0.05437015 -0.97332024 -0.41125969]
 [ 0.          0.          0.          1.        ]]","[[-0.54097947 -0.75030969 -0.37996918 -0.05584321]
 [-0.83560021  0.42822089  0.34409178 -0.01029865]
 [-0.09546466  0.50364892 -0.85861765 -0.40573955]
 [ 0.          0.          0.          1.        ]]"
full_scene,92,212,49,18,30,0.3072416883429146,0.3391549542066493,0.00286073254895433,0.0026610495493043056,"[[-0.1704325  -0.97884178 -0.11323221 -0.06477802]
 [-0.90426023  0.10971181  0.41264605 -0.00384856]
 [-0.39149228  0.17271969 -0.90382615 -0.40346868]
 [ 0.          0.          0.          1.        ]]","[[-0.31468237 -0.94357154 -0.10318794 -0.06560021]
 [-0.87757371  0.24778601  0.41044667 -0.01350759]
 [-0.36171727  0.21971536 -0.90602747 -0.41317392]
 [ 0.          0.          0.          1.        ]]"
full_scene,92,215,49,3,30,0.29361297514699775,0.36188769153424116,0.002847353882926978,0.00261397350539826,"[[-0.46330705 -0.61133445 -0.64157367 -0.05273692]
 [-0.87858143  0.41157277  0.24228606  0.0042554 ]
 [ 0.11593643  0.67592755 -0.72779165 -0.40604749]
 [ 0.          0.          0.          1.        ]]","[[-0.55866305 -0.77625063 -0.29211394 -0.04581015]
 [-0.82653146  0.55030147  0.11838094  0.00579299]
 [ 0.06885745  0.30757642 -0.94902866 -0.41132878]
 [ 0.          0.          0.          1.        ]]"
full_scene,92,235,49,7,30,0.2651751950862314,0.34018229906664627,0.002774055126218198,0.002536122762433241,"[[-0.40731694 -0.73719513 -0.5391069  -0.05062228]
 [-0.84622614  0.52665937 -0.08081605  0.01229306]
 [ 0.3435029   0.42328861 -0.83835107 -0.41187779]
 [ 0.          0.          0.          1.        ]]","[[-0.62708101 -0.72983167 -0.27224098 -0.04196868]
 [-0.77312384  0.62581895  0.10310273  0.01614436]
 [ 0.09512593  0.27512975 -0.95668944 -0.412912  ]
 [ 0.          0.          0.          1.        ]]"
full_scene,92,236,49,11,29,0.38672976458501823,0.3835930840018361,0.002759475180940083,0.0025583211039181294,"[[-0.73696669 -0.66686853 -0.1103017  -0.05057487]
 [-0.66093015  0.67676749  0.32427936  0.00834439]
 [-0.14160309  0.3118848  -0.93950861 -0.40869248]
 [ 0.          0.          0.          1.        ]]","[[-0.76444944 -0.6446627   0.00520291 -0.05102262]
 [-0.62110647  0.7386308   0.26201391  0.00559068]
 [-0.17275362  0.19706482 -0.96505007 -0.41408003]
 [ 0.          0.          0.          1.        ]]"
full_scene,92,237,49,16,25,0.3736365822203764,0.3851668888937463,0.0030194725513453414,0.0026238856290060667,"[[-0.64781302 -0.74677397 -0.1505554  -0.05050163]
 [-0.76099396  0.625279    0.17295769  0.00805108]
 [-0.03502118  0.226616   -0.97335436 -0.4129687 ]
 [ 0.          0.          0.          1.        ]]","[[-0.77854621 -0.62716435 -0.02303631 -0.05143873]
 [-0.61695847  0.75811813  0.21123245  0.00765344]
 [-0.11501322  0.17866667 -0.97716436 -0.41416518]
 [ 0.          0.          0.          1.        ]]"
full_scene,92,240,49,11,30,0.39045662200266673,0.40733130778814836,0.002801426443929032,0.0025122106462199807,"[[-0.86367884 -0.50044115  0.06014585 -0.04515906]
 [-0.50353829  0.85131386 -0.14735639  0.01314044]
 [ 0.0225402  -0.15755433 -0.98725304 -0.41537649]
 [ 0.          0.          0.          1.        ]]","[[-0.8679311  -0.4966787  -0.00242368 -0.04944751]
 [-0.49666663  0.86784782  0.01274429  0.0130905 ]
 [-0.00422643  0.01226493 -0.99991585 -0.41602055]
 [ 0.          0.          0.          1.        ]]"
full_scene,92,243,49,26,30,0.4179763492098188,0.37510109510590395,0.0026809077296994855,0.002315049950168711,"[[-0.88566024 -0.42252498  0.192558   -0.04196582]
 [-0.45665011  0.86770872 -0.19634727  0.01541751]
 [-0.08412263 -0.26182861 -0.96144119 -0.41751665]
 [ 0.          0.          0.          1.        ]]","[[-0.9324569  -0.05841729  0.35652708 -0.04174806]
 [-0.30052152  0.67315583 -0.67568339  0.01258795]
 [-0.20052669 -0.7371897  -0.64524445 -0.42994433]
 [ 0.          0.          0.          1.        ]]"
full_scene,92,244,49,8,30,0.34622614701960697,0.39975737174583054,0.002350985830230216,0.002352067727471385,"[[ 0.58932405  0.78546901  0.18903864 -0.03478755]
 [ 0.79686676 -0.60367443  0.0240946  -0.03346186]
 [ 0.13304335  0.13643908 -0.981674   -0.41136783]
 [ 0.          0.          0.          1.        ]]","[[ 0.71576005  0.48750123  0.50003009 -0.05126494]
 [ 0.51834138 -0.850695    0.08740836 -0.03176155]
 [ 0.46798479  0.19662288 -0.86158556 -0.41990463]
 [ 0.          0.          0.          1.        ]]"
full_scene,92,253,49,9,30,0.36072919626658506,0.49263371876980916,0.0029421518715542065,0.002376388311411687,"[[-0.61876855 -0.58266078  0.52690787 -0.0397163 ]
 [-0.70794961  0.7043057  -0.05254361  0.00459592]
 [-0.34048912 -0.40553655 -0.84829668 -0.42217537]
 [ 0.          0.          0.          1.        ]]","[[-0.76963979 -0.33151172  0.54566893 -0.04409687]
 [-0.50860169  0.8349792  -0.21008106  0.00718746]
 [-0.38597787 -0.43921488 -0.81124064 -0.42554455]
 [ 0.          0.          0.          1.        ]]"
full_scene,94,20,49,0,30,0.15127106603423027,0.32156987037968043,0.003020237566592778,0.0029574680947827593,"[[ 1.          0.          0.         -0.04344025]
 [ 0.          1.          0.         -0.02031911]
 [ 0.          0.          1.         -0.46395718]
 [ 0.          0.          0.          1.        ]]","[[ 0.9421675  -0.01556997  0.33478048 -0.03301369]
 [ 0.19330887  0.84125294 -0.50490115 -0.03216173]
 [-0.27377377  0.5404175   0.79561099 -0.46293442]
 [ 0.          0.          0.          1.        ]]"
full_scene,94,52,49,0,28,0.2916785066340248,0.387418304225229,0.0027151813001521866,0.0026626115069789793,"[[ 1.          0.          0.         -0.03730052]
 [ 0.          1.          0.         -0.0095121 ]
 [ 0.          0.          1.         -0.43927162]
 [ 0.          0.          0.          1.        ]]","[[ 0.96498692  0.00874927 -0.26215205 -0.04998009]
 [-0.04986464  0.98733631 -0.15060058 -0.01447909]
 [ 0.2575146   0.15839971  0.9532029  -0.45631281]
 [ 0.          0.          0.          1.        ]]"
full_scene,95,0,49,19,23,0.35468534831362436,0.5982535137380052,0.002557375184751846,0.0022723328505944045,"[[-0.94044894 -0.2133079  -0.26468004  0.06775547]
 [ 0.03691388  0.70993267 -0.70330148  0.0363924 ]
 [ 0.33792477 -0.6711895  -0.65978141 -0.43725363]
 [ 0.          0.          0.          1.        ]]","[[-0.9008363   0.07759724 -0.42716815  0.06602042]
 [ 0.42349509  0.37377929 -0.82519147  0.01938147]
 [ 0.09563403 -0.92426604 -0.369576   -0.43584665]
 [ 0.          0.          0.          1.        ]]"
full_scene,95,1,49,23,9,0.4337690441321122,0.4365997070974229,0.0026653420791767457,0.0024757458570546253,"[[ 0.05775538  0.97855828  0.19770688 -0.01023827]
 [ 0.8930315  -0.1391668   0.42793381  0.03772024]
 [ 0.44627241  0.15184299 -0.881921   -0.40162925]
 [ 0.          0.          0.          1.        ]]","[[ 0.16024527  0.98106282  0.10879891 -0.01285881]
 [ 0.85942656 -0.19288561  0.47347769  0.03412289]
 [ 0.4854971   0.01763211 -0.87406045 -0.40567847]
 [ 0.          0.          0.          1.        ]]"
full_scene,95,2,49,5,27,0.3086952720278039,0.41542984546110295,0.002566560186128568,0.002430784164463737,"[[-0.40177259 -0.88522068 -0.23444218 -0.04576361]
 [-0.91573848  0.38875983  0.10143385  0.06768971]
 [ 0.00135036  0.25544107 -0.96682368 -0.3888932 ]
 [ 0.          0.          0.          1.        ]]","[[-0.24367048 -0.93764454 -0.24788589 -0.04303029]
 [-0.9558716   0.18892962  0.22497798  0.06198347]
 [-0.16411639  0.29176757 -0.94230435 -0.3910923 ]
 [ 0.          0.          0.          1.        ]]"
full_scene,95,3,49,24,30,0.3167282344969289,0.40901440468644124,0.002939570229326503,0.0024248880266057905,"[[-0.40393353 -0.89469414 -0.19068324 -0.04066094]
 [-0.91258737  0.37965941  0.15179932  0.07111411]
 [-0.06341927  0.23533195 -0.96984373 -0.38515196]
 [ 0.          0.          0.          1.        ]]","[[-0.28575755 -0.93012443 -0.23067546 -0.04017828]
 [-0.9250337   0.204852    0.31991924  0.06108543]
 [-0.25031037  0.30480191 -0.91893444 -0.38793037]
 [ 0.          0.          0.          1.        ]]"
full_scene,95,7,49,50,30,0.395822859516055,0.3843690572471529,0.0025637890805677932,0.0024457583779500754,"[[ 4.97011261e-02  9.98715008e-01 -9.90612697e-03  3.79764905e-04]
 [ 7.63125596e-01 -3.15745836e-02  6.45478404e-01  3.53047912e-02]
 [ 6.44336188e-01 -3.96406226e-02 -7.63714278e-01 -3.95710197e-01]
 [ 0.00000000e+00  0.00000000e+00  0.00000000e+00  1.00000000e+00]]","[[ 6.21724335e-02  9.98063593e-01 -1.91135853e-03  7.60495485e-04]
 [ 7.32735402e-01 -4.43438697e-02  6.79067340e-01  3.32253113e-02]
 [ 6.77667632e-01 -4.36197891e-02 -7.34073494e-01 -3.98144240e-01]
 [ 0.00000000e+00  0.00000000e+00  0.00000000e+00  1.00000000e+00]]"
full_scene,95,9,49,22,30,0.2530765699796717,0.3738879538350565,0.002903251919465616,0.002573921502794233,"[[-0.3302476   0.93731322 -0.11126751  0.00369401]
 [ 0.76158224  0.33424176  0.55522511  0.05275976]
 [ 0.55761009  0.0986224  -0.82422364 -0.38097009]
 [ 0.          0.          0.          1.        ]]","[[ 1.97882118e-01  9.23405737e-01  3.28883738e-01 -4.28612148e-04]
 [ 7.91450183e-01 -3.48461639e-01  5.02176358e-01  3.02845477e-02]
 [ 5.78315896e-01  1.60923373e-01 -7.99783966e-01 -3.85203622e-01]
 [ 0.00000000e+00  0.00000000e+00  0.00000000e+00  1.00000000e+00]]"
full_scene,95,10,49,16,13,0.35667446282978865,0.5626024612559838,0.0026194758613113955,0.0022231693575380227,"[[-0.60092633 -0.13781179  0.7873344  -0.00249846]
 [-0.70742151  0.55022995 -0.4436235   0.06147165]
 [-0.37207841 -0.82356233 -0.42813869 -0.38695147]
 [ 0.          0.          0.          1.        ]]","[[-0.44287926 -0.15069884  0.88382567 -0.00586879]
 [-0.72825632  0.6354627  -0.25657336  0.06215486]
 [-0.52297294 -0.75728265 -0.39118063 -0.38306856]
 [ 0.          0.          0.          1.        ]]"
full_scene,95,11,49,3,30,0.2696561673479202,0.5315635314433103,0.0027884774341097843,0.002241232224006808,"[[-0.22041484 -0.8833664   0.41361952 -0.02841383]
 [-0.88091703  0.36235319  0.3044427   0.06219223]
 [-0.4188108  -0.29726079 -0.85804052 -0.37979733]
 [ 0.          0.          0.          1.        ]]","[[-0.4426387  -0.14424904  0.88502158 -0.00429006]
 [-0.70007278  0.67233298 -0.24055449  0.0608704 ]
 [-0.56032944 -0.72605824 -0.39858542 -0.37995613]
 [ 0.          0.          0.          1.        ]]"
full_scene,95,17,49,13,30,0.3097007584865243,0.39173533847734376,0.0028732569955110614,0.0024219558521604836,"[[ 0.09897698  0.33431278  0.93725051  0.00903673]
 [ 0.91222008 -0.40678795  0.04876564  0.01044897]
 [ 0.39756519  0.85015206 -0.34522947 -0.35078642]
 [ 0.          0.          0.          1.        ]]","[[ 0.11580479  0.87630357  0.46763372  0.0231758 ]
 [ 0.92372005 -0.26808841  0.27362359  0.0153441 ]
 [ 0.36514451  0.40027572 -0.84050511 -0.35544848]
 [ 0.          0.          0.          1.        ]]"
full_scene,95,24,49,10,30,0.29267306389210695,0.5436293689479551,0.0029717069422225974,0.002188606424157465,"[[-0.85783303 -0.07296015  0.50872322  0.00162847]
 [-0.35209859  0.80449464 -0.47834606  0.06713731]
 [-0.37436491 -0.58946178 -0.71581124 -0.38509706]
 [ 0.          0.          0.          1.        ]]","[[-0.56001759 -0.13292244  0.81774808  0.0020989 ]
 [-0.72671787  0.55277422 -0.40782571  0.06633095]
 [-0.39782087 -0.82266171 -0.40616039 -0.38873847]
 [ 0.          0.          0.          1.        ]]"
full_scene,95,29,49,5,11,0.3071542547378085,0.35874008175042077,0.0028447699660951874,0.002365152359935256,"[[-0.30504377 -0.91986847 -0.24655689 -0.02251737]
 [-0.92789992  0.34535672 -0.14046523  0.08565017]
 [ 0.21435961  0.18593207 -0.95889479 -0.38761701]
 [ 0.          0.          0.          1.        ]]","[[-0.26041681 -0.91949991 -0.29445373 -0.02681186]
 [-0.95086525  0.29714445 -0.08695083  0.08500459]
 [ 0.16744657  0.25734236 -0.95170192 -0.38987636]
 [ 0.          0.          0.          1.        ]]"
full_scene,95,31,49,4,30,0.2779732890336401,0.32125292356117074,0.00303034637378479,0.00242351732917182,"[[-0.69370264  0.70533283 -0.14588438  0.00912228]
 [ 0.59750895  0.67664893  0.43026652  0.06328651]
 [ 0.40219361  0.21130979 -0.89083583 -0.39745424]
 [ 0.          0.          0.          1.        ]]","[[-0.31620341  0.92125958 -0.22648661  0.00146763]
 [ 0.70439071  0.38790791  0.5944419   0.04718725]
 [ 0.63549125  0.02842949 -0.7715845  -0.40639919]
 [ 0.          0.          0.          1.        ]]"
full_scene,95,33,49,14,19,0.345526678178758,0.4679555837286061,0.0026873770708592025,0.0023111427963700736,"[[-0.59451651  0.06147305  0.80173012  0.01267411]
 [-0.72820991  0.38164421 -0.56926095  0.0649278 ]
 [-0.34096986 -0.92226285 -0.1821285  -0.39502133]
 [ 0.          0.          0.          1.        ]]","[[-0.63054531 -0.11157913  0.7680903   0.00537645]
 [-0.73239679  0.41311479 -0.54123111  0.0682562 ]
 [-0.25691936 -0.90381761 -0.34220778 -0.40108963]
 [ 0.          0.          0.          1.        ]]"
full_scene,95,34,49,9,12,0.3791230409407856,0.554460206780476,0.002430563534003548,0.002283672798084649,"[[-0.65571411  0.03167348  0.75434461  0.01414128]
 [-0.69210885  0.37403293 -0.61732059  0.06350798]
 [-0.30170241 -0.9268744  -0.22333717 -0.39457839]
 [ 0.          0.          0.          1.        ]]","[[-0.65977796 -0.11078906  0.74324883  0.00894835]
 [-0.69925745  0.45272581 -0.5532435   0.06791269]
 [-0.2751946  -0.88474015 -0.37616858 -0.396034  ]
 [ 0.          0.          0.          1.        ]]"
full_scene,95,35,49,12,30,0.43321165489956065,0.4360095302629566,0.0025577563259457843,0.002426964045079522,"[[-0.60006466 -0.79842413  0.04940961 -0.0071978 ]
 [-0.78360141  0.5991017   0.16445661  0.07694506]
 [-0.16090751  0.05996716 -0.98514604 -0.37942733]
 [ 0.          0.          0.          1.        ]]","[[-0.69925192 -0.69601212  0.16313761 -0.00562265]
 [-0.68503919  0.71762719  0.12542939  0.07372733]
 [-0.20437236 -0.02404891 -0.97859777 -0.38294443]
 [ 0.          0.          0.          1.        ]]"
full_scene,95,36,49,5,30,0.24564471354565126,0.34241185599685237,0.002964735965151404,0.0024796745068586656,"[[-0.58768708 -0.46847649 -0.65966179  0.00102074]
 [-0.80796266  0.38280033  0.44795117  0.08596553]
 [ 0.04266416  0.79623721 -0.60347832 -0.35590835]
 [ 0.          0.          0.          1.        ]]","[[-0.63743689 -0.56259225 -0.52646384  0.00830464]
 [-0.76171714  0.56301313  0.32062939  0.08408999]
 [ 0.11602244  0.60539754 -0.7874215  -0.36641988]
 [ 0.          0.          0.          1.        ]]"
full_scene,95,37,49,16,30,0.3850138800848106,0.4260858160834117,0.0025565548401313538,0.0024768304654334394,"[[ 0.55794208  0.51508335  0.65068408  0.01013534]
 [ 0.60748485 -0.78767397  0.1026249   0.02480529]
 [ 0.56538729  0.33802196 -0.75238179 -0.37601096]
 [ 0.          0.          0.          1.        ]]","[[ 0.58275569  0.54555815  0.60229736  0.00498191]
 [ 0.56181437 -0.80597538  0.18646259  0.02850137]
 [ 0.58716303  0.22971717 -0.77618915 -0.38177606]
 [ 0.          0.          0.          1.        ]]"
full_scene,95,38,49,4,30,0.28976589652232837,0.35758158648276467,0.0025888553313497664,0.0025305030692626368,"[[ 0.67537796  0.17438391  0.71655765  0.00433554]
 [-0.07888691 -0.94898268  0.30530104  0.02847131]
 [ 0.73324039 -0.26272062 -0.62716538 -0.38534023]
 [ 0.          0.          0.          1.        ]]","[[ 6.36886162e-01  2.13298845e-01  7.40864103e-01  1.19886717e-04]
 [ 2.47706707e-01 -9.66628170e-01  6.53557092e-02  2.45714353e-02]
 [ 7.30080410e-01  1.41892860e-01 -6.68467659e-01 -3.80945086e-01]
 [ 0.00000000e+00  0.00000000e+00  0.00000000e+00  1.00000000e+00]]"
full_scene,95,39,49,12,30,0.31879385341756106,0.39464250584712235,0.0028274099587307505,0.0023720539204630593,"[[ 0.14424166  0.97623998  0.16170912  0.02600072]
 [ 0.93604184 -0.18761503  0.29770164  0.03886371]
 [ 0.3209673   0.10842552 -0.94086338 -0.36938014]
 [ 0.          0.          0.          1.        ]]","[[ 0.73455619  0.50805959  0.44978067  0.0203744 ]
 [ 0.63234665 -0.75295608 -0.18219456  0.03553507]
 [ 0.2460994   0.41824944 -0.87435833 -0.36257038]
 [ 0.          0.          0.          1.        ]]"
full_scene,95,40,49,16,30,0.4206430741655555,0.3917134800760672,0.0027784550206590387,0.0022710484936740915,"[[ 0.31897454  0.60514991  0.72941677  0.02406977]
 [ 0.94231161 -0.28492385 -0.17569074  0.02493483]
 [ 0.101509    0.74337876 -0.66112324 -0.34847033]
 [ 0.          0.          0.          1.        ]]","[[ 0.77484366  0.39481815  0.49369619  0.01723681]
 [ 0.50511636 -0.85626796 -0.1079937   0.03158323]
 [ 0.38009836  0.33305226 -0.86290291 -0.36329029]
 [ 0.          0.          0.          1.        ]]"
full_scene,95,46,49,14,30,0.33141708015475746,0.3522699949725677,0.0025986277117998674,0.002153324554230993,"[[ 0.66221659 -0.40586755  0.62987358  0.00911248]
 [-0.62343818 -0.7647648   0.1626642   0.02275721]
 [ 0.41568502 -0.50040617 -0.75947326 -0.36610541]
 [ 0.          0.          0.          1.        ]]","[[ 0.72342509 -0.25543662  0.64141116  0.00954111]
 [-0.45027876 -0.87882075  0.15787059  0.01115428]
 [ 0.52335951 -0.40302136 -0.75077867 -0.36718804]
 [ 0.          0.          0.          1.        ]]"
full_scene,95,51,49,8,18,0.5031913265863734,0.7333165752256879,0.0028070452719729444,0.002192048696776159,"[[-0.82157878 -0.3117349   0.47731505  0.01900268]
 [-0.51867117  0.75623032 -0.39886831  0.06439796]
 [-0.23661894 -0.57527129 -0.78299069 -0.37358864]
 [ 0.          0.          0.          1.        ]]","[[-0.86362541 -0.07592077  0.49838458  0.02703323]
 [-0.41445079  0.66976574 -0.6161529   0.06040252]
 [-0.28702212 -0.73868118 -0.60989213 -0.37675003]
 [ 0.          0.          0.          1.        ]]"
full_scene,95,53,49,13,30,0.33370128308815494,0.4149271022317428,0.002709001782808004,0.0024614729472386835,"[[ 0.81187873 -0.08252507  0.57796414  0.00690469]
 [ 0.03235637 -0.98207769 -0.18567843  0.02817329]
 [ 0.58292881  0.16944918 -0.79465778 -0.37464745]
 [ 0.          0.          0.          1.        ]]","[[ 0.67013585  0.1976302   0.71544409  0.0089764 ]
 [ 0.52238264 -0.81033866 -0.26545742  0.02530964]
 [ 0.5272896   0.55162811 -0.64627557 -0.37177542]
 [ 0.          0.          0.          1.        ]]"
full_scene,95,54,49,29,30,0.33691446807580494,0.39160418806968456,0.002647438517354851,0.0025820658387248744,"[[ 0.5937292   0.72921747  0.34018747  0.01973618]
 [ 0.74050529 -0.660585    0.12360981  0.03564537]
 [ 0.31486117  0.17851986 -0.93219799 -0.37906659]
 [ 0.          0.          0.          1.        ]]","[[ 0.79537254  0.30676954  0.52275709  0.0295258 ]
 [ 0.58960577 -0.59154271 -0.5499475   0.04336991]
 [ 0.140526    0.74563374 -0.65136992 -0.35995227]
 [ 0.          0.          0.          1.        ]]"
full_scene,95,55,49,8,30,0.36568012415571927,0.4390259896391178,0.0025496127104930634,0.0024926197674408506,"[[ 0.78113211  0.31251948  0.54052216  0.01403412]
 [ 0.24744448 -0.94977865  0.19155089  0.03149337]
 [ 0.57323979 -0.01587733 -0.81923382 -0.38274273]
 [ 0.          0.          0.          1.        ]]","[[ 0.65289601  0.58357957  0.48286818  0.01403936]
 [ 0.54897746 -0.80380607  0.22917145  0.02865086]
 [ 0.52187215  0.11545862 -0.84517381 -0.38424775]
 [ 0.          0.          0.          1.        ]]"
full_scene,95,56,49,8,9,0.6048984677260705,0.688911233032416,0.002474036965521666,0.002226792057806193,"[[-0.86623908 -0.07411982  0.49410132  0.0232278 ]
 [-0.45933045  0.50724744 -0.7291883   0.06235966]
 [-0.19658432 -0.85860718 -0.47344304 -0.3938747 ]
 [ 0.          0.          0.          1.        ]]","[[-0.80388261 -0.09130701  0.58773785  0.02273999]
 [-0.55282766  0.47926631 -0.68167836  0.06505404]
 [-0.21944093 -0.87290712 -0.43575089 -0.39248018]
 [ 0.          0.          0.          1.        ]]"
full_scene,95,57,49,5,30,0.3086952720278039,0.31226912063651663,0.002699140081950018,0.002708746790631496,"[[ 0.85509964  0.24246173 -0.45827604 -0.0166918 ]
 [ 0.09292984  0.79792001  0.59555663  0.06869132]
 [ 0.51006731 -0.55184777  0.65976918 -0.36887435]
 [ 0.          0.          0.          1.        ]]","[[ 0.90374881  0.30416115 -0.30120439 -0.01721248]
 [-0.17965539  0.90818492  0.37805302  0.07725589]
 [ 0.38853832 -0.28755197  0.87541523 -0.36787964]
 [ 0.          0.          0.          1.        ]]"
full_scene,95,58,49,16,30,0.37815034208397996,0.4050798924566657,0.0027439451904133555,0.002489763257554376,"[[-0.37003687 -0.92898366 -0.00787927 -0.00597393]
 [-0.88690859  0.35072745  0.30063832  0.07305822]
 [-0.27652461  0.11823545 -0.95370568 -0.3828802 ]
 [ 0.          0.          0.          1.        ]]","[[-0.8391707  -0.54283488  0.03350861  0.00323352]
 [-0.53258363  0.83268346  0.15163421  0.07557872]
 [-0.1102144   0.10940085 -0.98786853 -0.3873331 ]
 [ 0.          0.          0.          1.        ]]"
full_scene,95,59,49,15,30,0.4068832105619795,0.37667489999781417,0.002625419801562721,0.0024452840690501586,"[[-0.80786733  0.02543953  0.58881509  0.01905694]
 [-0.49817318  0.50436279 -0.70529544  0.06732261]
 [-0.31491881 -0.86311703 -0.39478493 -0.40029955]
 [ 0.          0.          0.          1.        ]]","[[-0.79494044 -0.11301987  0.59606729  0.01247265]
 [-0.57289655  0.46315922 -0.6762197   0.07356302]
 [-0.1996478  -0.87903927 -0.43293269 -0.40597076]
 [ 0.          0.          0.          1.        ]]"
full_scene,95,60,49,2,30,0.3311547793394391,0.3395374762289886,0.002602061916470471,0.0024756529005306744,"[[-2.90952023e-01 -6.61679777e-01  6.91033134e-01 -9.74926823e-04]
 [-6.30551519e-01 -4.10599209e-01 -6.58644875e-01  6.54552284e-02]
 [ 7.19549653e-01 -6.27366051e-01 -2.97758518e-01 -4.15944770e-01]
 [ 0.00000000e+00  0.00000000e+00  0.00000000e+00  1.00000000e+00]]","[[-0.14629717 -0.63499541  0.75853673 -0.00182986]
 [-0.4877436  -0.62080455 -0.61376534  0.06045337]
 [ 0.86064122 -0.45976357 -0.218893   -0.41733037]
 [ 0.          0.          0.          1.        ]]"
full_scene,95,61,49,7,15,0.3764125991824958,0.47666615663730355,0.0025980211077785108,0.002213823301323988,"[[-0.8966265  -0.04506579  0.44048836  0.02783485]
 [-0.43149341  0.31218194 -0.84637809  0.06754208]
 [-0.09936981 -0.94895285 -0.2993562  -0.40902055]
 [ 0.          0.          0.          1.        ]]","[[-0.81495533 -0.09464609  0.57174288  0.02285375]
 [-0.56801715  0.32607476 -0.75566644  0.06578091]
 [-0.11491005 -0.94059416 -0.31949697 -0.40730874]
 [ 0.          0.          0.          1.        ]]"
full_scene,95,62,49,11,30,0.4077029006098494,0.3931779929615948,0.0026441634341432974,0.0024259600180430215,"[[-0.65014931 -0.75890174 -0.03706781  0.00754775]
 [-0.72869572  0.60896885  0.31330416  0.08097702]
 [-0.21519393  0.23070564 -0.94892912 -0.37957158]
 [ 0.          0.          0.          1.        ]]","[[-0.88385046 -0.46761735 -0.01193228  0.01279548]
 [-0.45928391  0.86269765  0.2116862   0.07519537]
 [-0.08869419  0.19257925 -0.97726484 -0.3882577 ]
 [ 0.          0.          0.          1.        ]]"
full_scene,95,63,49,9,13,0.3943146298279744,0.5334324247524536,0.0027709250319480462,0.002231893812494967,"[[-0.94477245 -0.01038228  0.32756257  0.03136026]
 [-0.30820871  0.36792758 -0.8772894   0.0628437 ]
 [-0.11141104 -0.92979648 -0.35080775 -0.40147293]
 [ 0.          0.          0.          1.        ]]","[[-0.87383819 -0.066019    0.48171393  0.02981365]
 [-0.46653361  0.3928877  -0.79245545  0.06209685]
 [-0.13694236 -0.91721358 -0.37412036 -0.40054054]
 [ 0.          0.          0.          1.        ]]"
full_scene,95,65,49,22,12,0.6471944741961573,0.7665304159653763,0.0026117279397243386,0.0022489029609324518,"[[-0.90985301 -0.1516111   0.38624031  0.03259898]
 [-0.41100621  0.45702983 -0.78879505  0.0629558 ]
 [-0.05693326 -0.87643472 -0.47814307 -0.39563559]
 [ 0.          0.          0.          1.        ]]","[[-0.90959172 -0.07252265  0.40912513  0.03357607]
 [-0.39153078  0.47921873 -0.78552725  0.05984331]
 [-0.13909191 -0.87469416 -0.46428823 -0.39303207]
 [ 0.          0.          0.          1.        ]]"
full_scene,95,66,49,24,21,0.44254519224463923,0.6709982731862991,0.0024765283053077235,0.002158426917506729,"[[-0.86184985 -0.35413378  0.36304836  0.02660321]
 [-0.50634641  0.64144727 -0.57633212  0.06011252]
 [-0.02877771 -0.68053998 -0.7321456  -0.3867175 ]
 [ 0.          0.          0.          1.        ]]","[[-0.91700575 -0.0625283   0.39394248  0.03549107]
 [-0.36621956  0.52335521 -0.76940403  0.0589897 ]
 [-0.15806232 -0.84981735 -0.50281882 -0.38969758]
 [ 0.          0.          0.          1.        ]]"
full_scene,95,67,49,5,17,0.548361712824324,0.7256224179763492,0.0025584884239045758,0.0021758732472130383,"[[-0.96496909 -0.06308784  0.25466564  0.03664289]
 [-0.22640841  0.69068978 -0.68679462  0.05825296]
 [-0.13256657 -0.72039402 -0.68077791 -0.38430814]
 [ 0.          0.          0.          1.        ]]","[[-0.9280595  -0.06136955  0.36734091  0.03512835]
 [-0.33537835  0.56660456 -0.75264908  0.05816028]
 [-0.1619473  -0.82170132 -0.54642476 -0.38668827]
 [ 0.          0.          0.          1.        ]]"
full_scene,95,69,49,4,30,0.3200725698922381,0.4266978513191545,0.002490200813535583,0.002386140559962863,"[[ 0.97633008 -0.03954621  0.21263976  0.03011962]
 [-0.03412368 -0.99899352 -0.02911233  0.02558454]
 [ 0.21357702  0.02116719 -0.97669689 -0.36949391]
 [ 0.          0.          0.          1.        ]]","[[ 0.91858737  0.22644857  0.32391092  0.03709077]
 [ 0.3682323  -0.78803883 -0.49335562  0.02927614]
 [ 0.14353471  0.57246471 -0.8072682  -0.35736071]
 [ 0.          0.          0.          1.        ]]"
full_scene,95,71,49,12,17,0.4748191217294367,0.7852521366587247,0.002715264376622434,0.0020817851802929018,"[[-0.88874321 -0.34822783  0.29811555  0.03716523]
 [-0.43460569  0.84690545 -0.30638056  0.05989513]
 [-0.14578545 -0.40185636 -0.90402327 -0.3652756 ]
 [ 0.          0.          0.          1.        ]]","[[-0.94780755 -0.06068094  0.31301545  0.03836507]
 [-0.26260557  0.70534294 -0.65842969  0.05317686]
 [-0.18082911 -0.70626423 -0.68446452 -0.37311042]
 [ 0.          0.          0.          1.        ]]"
full_scene,95,72,49,4,9,0.7963671337078406,0.8298979212660386,0.0024660233119054523,0.0020510294596201043,"[[-0.94459652 -0.10726679  0.31021163  0.0398722 ]
 [-0.28999812  0.71542646 -0.63566192  0.05376082]
 [-0.15374819 -0.69040482 -0.70689651 -0.36972995]
 [ 0.          0.          0.          1.        ]]","[[-0.94879363 -0.04516331  0.31265144  0.03882103]
 [-0.23917092  0.74926872 -0.61757077  0.05218723]
 [-0.20636841 -0.66072435 -0.72170314 -0.37025816]
 [ 0.          0.          0.          1.        ]]"
full_scene,95,73,49,7,13,0.7045618483464119,0.8227174364466983,0.002770077843463538,0.0020306884892543346,"[[-0.95157224 -0.10722974  0.28811814  0.03747304]
 [-0.24640597  0.82644932 -0.50622684  0.05227917]
 [-0.18383247 -0.55270543 -0.81284828 -0.36350555]
 [ 0.          0.          0.          1.        ]]","[[-0.95372728 -0.04082865  0.29788807  0.03939789]
 [-0.21974269  0.77087966 -0.59787766  0.05089368]
 [-0.20522531 -0.63567096 -0.74418076 -0.3673817 ]
 [ 0.          0.          0.          1.        ]]"
full_scene,95,75,49,6,13,0.7878532864106319,0.8710463616691075,0.002606532951338717,0.0019842704154192235,"[[-0.95044704 -0.11243669  0.28984204  0.03868846]
 [-0.26597506  0.77677925 -0.57085135  0.04435633]
 [-0.16095865 -0.61965473 -0.7681929  -0.36064422]
 [ 0.          0.          0.          1.        ]]","[[-0.95784076 -0.03736117  0.28486002  0.0397284 ]
 [-0.18872732  0.82939825 -0.52581416  0.04810663]
 [-0.21661737 -0.5574071  -0.80148252 -0.36200951]
 [ 0.          0.          0.          1.        ]]"
full_scene,95,81,49,12,18,0.707818750136615,0.7396445823952437,0.002969662227542738,0.002090807994360678,"[[-0.9904554  -0.00625546  0.13769161  0.04879408]
 [-0.10215696  0.70395111 -0.70286328  0.04792755]
 [-0.09253143 -0.71022088 -0.69787122 -0.37381505]
 [ 0.          0.          0.          1.        ]]","[[-0.98935017 -0.02605911  0.14320322  0.04688452]
 [-0.12301226  0.67562422 -0.7269112   0.04905814]
 [-0.0778089  -0.73678547 -0.67163453 -0.37914634]
 [ 0.          0.          0.          1.        ]]"
full_scene,95,82,49,19,30,0.41517847384642287,0.7795470939255503,0.002727803735854296,0.0020925762081416724,"[[-0.92505826  0.33720943  0.17480562  0.04709953]
 [ 0.26529202  0.90298292 -0.33799703  0.04001351]
 [-0.27182228 -0.26629241 -0.92477078 -0.36834463]
 [ 0.          0.          0.          1.        ]]","[[-0.98896964 -0.03534818  0.14383868  0.04646942]
 [-0.13376711  0.63015137 -0.76486313  0.04959451]
 [-0.06360362 -0.7756673  -0.627929   -0.38244808]
 [ 0.          0.          0.          1.        ]]"
full_scene,95,83,49,11,14,0.646396642549564,0.8169358893090559,0.0027180101447639264,0.0021539313448733105,"[[-0.97362316  0.08148852  0.21311397  0.04723263]
 [-0.09789004  0.69452204 -0.71278095  0.04851275]
 [-0.20609582 -0.71484177 -0.66822583 -0.37818249]
 [ 0.          0.          0.          1.        ]]","[[-0.98604266 -0.03196063  0.16339645  0.04569303]
 [-0.15000551  0.59634716 -0.78858633  0.05068353]
 [-0.07223729 -0.80209013 -0.59281801 -0.38514506]
 [ 0.          0.          0.          1.        ]]"
full_scene,95,84,49,8,13,0.5268858335701326,0.7400489628188595,0.002476468557715263,0.0021821845648187285,"[[-0.97882031 -0.1329049   0.15571475  0.03989172]
 [-0.20274753  0.73468779 -0.64740041  0.05682175]
 [-0.02835904 -0.66525945 -0.74607347 -0.38829323]
 [ 0.          0.          0.          1.        ]]","[[-0.98238205 -0.05324866  0.17913704  0.04504359]
 [-0.1783117   0.55404657 -0.81316501  0.05116667]
 [-0.05595032 -0.83078095 -0.55378026 -0.38861414]
 [ 0.          0.          0.          1.        ]]"
full_scene,95,85,49,23,19,0.5341537519945792,0.6561236311176201,0.002429436468506713,0.002185676598365079,"[[-0.97287045 -0.11272709  0.20202894  0.04311337]
 [-0.22269885  0.69288878 -0.68579177  0.05399633]
 [-0.06267628 -0.71217816 -0.69919521 -0.39046394]
 [ 0.          0.          0.          1.        ]]","[[-0.98020282 -0.04422303  0.1929942   0.04428343]
 [-0.18736261  0.52231151 -0.83191703  0.05204733]
 [-0.0640132  -0.85160731 -0.52025695 -0.39214117]
 [ 0.          0.          0.          1.        ]]"
full_scene,95,86,49,8,17,0.39957157533498,0.6273470458370675,0.0024206430580763316,0.0022021907936017777,"[[-0.99897654 -0.02662545  0.0365644   0.04424495]
 [-0.04518994  0.55294846 -0.83198911  0.05739248]
 [ 0.00193385 -0.83278994 -0.55358574 -0.39751306]
 [ 0.          0.          0.          1.        ]]","[[-0.97404724 -0.04318541  0.22218686  0.04320117]
 [-0.21555146  0.47649415 -0.85234435  0.05380407]
 [-0.0690619  -0.87811636 -0.47343648 -0.39525831]
 [ 0.          0.          0.          1.        ]]"
full_scene,95,89,49,1,24,0.4350914774093423,0.5451703862379506,0.0026467978613536947,0.0020878125817873606,"[[-0.93070628 -0.23543585  0.27992102  0.03969074]
 [-0.36536829  0.63416316 -0.68142725  0.05996489]
 [-0.0170832  -0.73648289 -0.67624043 -0.39998254]
 [ 0.          0.          0.          1.        ]]","[[-0.94609463 -0.05195086  0.31969681  0.03927695]
 [-0.31657411  0.35693153 -0.87885193  0.05721309]
 [-0.06845275 -0.93268483 -0.3541373  -0.4049961 ]
 [ 0.          0.          0.          1.        ]]"
full_scene,95,91,49,7,13,0.3415265907451529,0.4925244267634265,0.002267236522520744,0.002249633602252955,"[[-0.96057563 -0.15121124  0.23330158  0.04574195]
 [-0.26665542  0.26363139 -0.92703472  0.05102899]
 [ 0.07867245 -0.95269809 -0.29355919 -0.41202262]
 [ 0.          0.          0.          1.        ]]","[[-0.99333239  0.00768935  0.11502883  0.04787802]
 [-0.10613628  0.32855183 -0.93850348  0.05024918]
 [-0.04500942 -0.94445464 -0.32554505 -0.41045385]
 [ 0.          0.          0.          1.        ]]"
full_scene,95,92,49,12,14,0.5161642877439944,0.5818487835799689,0.0025345640041904856,0.002167978195489962,"[[-0.99801895 -0.06086227  0.01593623  0.05300933]
 [-0.03874735  0.39504996 -0.91784213  0.04850276]
 [ 0.04956635 -0.91664132 -0.3966256  -0.40541552]
 [ 0.          0.          0.          1.        ]]","[[-0.99776286  0.00194795  0.0668242   0.05070893]
 [-0.06176378  0.3556596  -0.93257251  0.04699941]
 [-0.02558328 -0.93461353 -0.35474363 -0.40674795]
 [ 0.          0.          0.          1.        ]]"
full_scene,95,93,49,13,14,0.5207764104133423,0.5969310804607751,0.002365254253564642,0.0021837481990661643,"[[-0.99933099 -0.01985719 -0.03071249  0.05330306]
 [ 0.02236519  0.33263546 -0.94279025  0.04375199]
 [ 0.02893723 -0.94284641 -0.33196881 -0.40632573]
 [ 0.          0.          0.          1.        ]]","[[-0.99875089  0.010359    0.04888101  0.05156974]
 [-0.04100943  0.388953   -0.92034439  0.0448214 ]
 [-0.02854626 -0.92119936 -0.38804234 -0.40359474]
 [ 0.          0.          0.          1.        ]]"
full_scene,95,94,49,15,16,0.3596799930053116,0.6145270934883823,0.0021748391725771128,0.00221924526683892,"[[-0.9820331  -0.18376247  0.04292259  0.05305301]
 [-0.14116731  0.5644306  -0.81332029  0.05272578]
 [ 0.12523092 -0.80476671 -0.58023078 -0.40343356]
 [ 0.          0.          0.          1.        ]]","[[-0.99967882 -0.00426475  0.02498135  0.05275445]
 [-0.02431549  0.43921879 -0.89805101  0.04398629]
 [-0.00714231 -0.89837001 -0.43918142 -0.40015638]
 [ 0.          0.          0.          1.        ]]"
full_scene,95,95,49,14,19,0.5684386543968174,0.6271175326236639,0.002496134606237165,0.0022282591576604427,"[[-0.99914963 -0.04016994  0.00929434  0.05097665]
 [-0.02741421  0.47885072 -0.87746821  0.04564786]
 [ 0.03079724 -0.87697683 -0.47954474 -0.39851198]
 [ 0.          0.          0.          1.        ]]","[[-0.99990979 -0.00109097 -0.01338706  0.05330407]
 [ 0.01120051  0.48236045 -0.87590122  0.04386341]
 [ 0.00741297 -0.87597215 -0.48230472 -0.39750381]
 [ 0.          0.          0.          1.        ]]"
full_scene,95,96,49,17,17,0.44984589827100047,0.7336553804454742,0.002916833221750341,0.002140982916593526,"[[-0.9971009  -0.04034197  0.06451598  0.05764442]
 [-0.06595701  0.88101206 -0.4684735   0.04819752]
 [-0.03794021 -0.47137064 -0.88111876 -0.38812176]
 [ 0.          0.          0.          1.        ]]","[[-0.99893131  0.01656398 -0.04314945  0.0540286 ]
 [ 0.04539531  0.52712529 -0.84857421  0.04259096]
 [ 0.0086894  -0.84962613 -0.52731388 -0.39404371]
 [ 0.          0.          0.          1.        ]]"
full_scene,95,100,49,22,19,0.6784629172222344,0.7537651096198824,0.002519159111172991,0.0021271172072617963,"[[-0.99975393 -0.02068137 -0.00802264  0.05298409]
 [-0.01062255  0.76383451 -0.64532473  0.04192762]
 [ 0.01947417 -0.64508071 -0.76386624 -0.37942719]
 [ 0.          0.          0.          1.        ]]","[[-0.99733668  0.00283536 -0.07288008  0.05529137]
 [ 0.05573336  0.67417964 -0.73646155  0.04046524]
 [ 0.04704613 -0.73856197 -0.67254211 -0.38250602]
 [ 0.          0.          0.          1.        ]]"
full_scene,95,102,49,17,10,0.6721458392533171,0.812203545432687,0.0023389285789279296,0.0020869376816253006,"[[-0.99717276 -0.02876535 -0.06941931  0.051897  ]
 [ 0.01789997  0.80630266 -0.59123229  0.04024932]
 [ 0.07297997 -0.59080334 -0.80350815 -0.37738176]
 [ 0.          0.          0.          1.        ]]","[[-0.99727167 -0.00518309 -0.07363656  0.05538305]
 [ 0.0456317   0.74082854 -0.67014239  0.03829968]
 [ 0.05802547 -0.67167418 -0.73857081 -0.37670949]
 [ 0.          0.          0.          1.        ]]"
full_scene,95,107,49,1,14,0.20408096351832827,0.8335045574766662,0.0031213504948912007,0.002199396546516662,"[[-0.99551698  0.03807556 -0.08658062  0.04867921]
 [ 0.06583706  0.93618004 -0.34530046  0.03198546]
 [ 0.06790754 -0.34945269 -0.93448991 -0.38012163]
 [ 0.          0.          0.          1.        ]]","[[-0.96128461  0.03423124 -0.27342296  0.06171018]
 [ 0.19672763  0.78005134 -0.59398497  0.02975027]
 [ 0.1929511  -0.62477846 -0.75658559 -0.37807115]
 [ 0.          0.          0.          1.        ]]"
full_scene,95,111,49,22,16,0.7439288290454437,0.7923014710704059,0.002372623407183993,0.0021978225849577076,"[[-0.95835993  0.06367786 -0.27837272  0.06136222]
 [ 0.2328723   0.73847858 -0.63278738  0.03008322]
 [ 0.16527775 -0.67126337 -0.72255709 -0.38743778]
 [ 0.          0.          0.          1.        ]]","[[-0.96670388  0.02831196 -0.25432664  0.06120648]
 [ 0.20672571  0.67217847 -0.71094345  0.03157524]
 [ 0.15082469 -0.73984765 -0.65565034 -0.38800676]
 [ 0.          0.          0.          1.        ]]"
full_scene,95,115,49,15,14,0.5432468469256159,0.7610330280443288,0.002591207801603835,0.002209954123733468,"[[-0.95058983  0.20998026 -0.22866407  0.06282915]
 [ 0.30914104  0.70780161 -0.63517612  0.03222826]
 [ 0.02847435 -0.67448141 -0.73774253 -0.39452864]
 [ 0.          0.          0.          1.        ]]","[[-0.96915178  0.04223733 -0.24281853  0.06039441]
 [ 0.2294865   0.51397964 -0.82653547  0.03147622]
 [ 0.08989313 -0.85676189 -0.50781718 -0.39780379]
 [ 0.          0.          0.          1.        ]]"
full_scene,95,116,49,18,30,0.42412948916916215,0.6657741152812083,0.0026782378856116547,0.0021684885447428065,"[[-9.98420208e-01 -5.61850274e-02 -5.74505951e-04  5.50682589e-02]
 [-5.59034930e-02  9.94340998e-01 -9.03370266e-02  4.98404326e-02]
 [ 5.64684314e-03 -9.01621960e-02 -9.95911086e-01 -3.87453629e-01]
 [ 0.00000000e+00  0.00000000e+00  0.00000000e+00  1.00000000e+00]]","[[-0.97293651  0.05001644 -0.22559456  0.05993312]
 [ 0.22110433  0.48516909 -0.84600463  0.03299104]
 [ 0.06713737 -0.87298872 -0.48309757 -0.40135794]
 [ 0.          0.          0.          1.        ]]"
full_scene,95,117,49,4,20,0.4748846969332663,0.6669326105488644,0.0026915985531699945,0.002133532132912274,"[[-0.96186721  0.20555844 -0.18043612  0.06028003]
 [ 0.27223722  0.65576092 -0.70417648  0.03923983]
 [-0.02642646 -0.72644569 -0.68671559 -0.40418671]
 [ 0.          0.          0.          1.        ]]","[[-0.97613458  0.03302463 -0.21464077  0.06029465]
 [ 0.2083442   0.42126221 -0.88268389  0.03202166]
 [ 0.06126973 -0.90633742 -0.4180891  -0.40351429]
 [ 0.          0.          0.          1.        ]]"
full_scene,95,118,49,6,30,0.3659205665697611,0.4076591838072963,0.0029502036513386213,0.0023904952596290217,"[[ 0.67174846 -0.74035943  0.02493855  0.0293623 ]
 [-0.26482902 -0.27145477 -0.92529882  0.02835645]
 [ 0.69182339  0.6149636  -0.37841798 -0.38297351]
 [ 0.          0.          0.          1.        ]]","[[ 0.63007407 -0.66500704  0.40096422  0.01566613]
 [-0.18669005 -0.63092907 -0.75304404  0.02201858]
 [ 0.75375957  0.39961749 -0.52168224 -0.39481523]
 [ 0.          0.          0.          1.        ]]"
full_scene,95,119,49,9,30,0.28634505672255134,0.3083018208048263,0.002734144444758987,0.0023135855229647596,"[[-0.83718645 -0.53383439  0.11891039  0.04361114]
 [-0.38781896  0.42614327 -0.81731167  0.0487167 ]
 [ 0.38563622 -0.73035796 -0.56379247 -0.4168906 ]
 [ 0.          0.          0.          1.        ]]","[[-0.99920697 -0.03834296  0.01073541  0.05244273]
 [-0.02856923  0.50258477 -0.86405576  0.04663841]
 [ 0.027735   -0.86367724 -0.50328163 -0.41395709]
 [ 0.          0.          0.          1.        ]]"
full_scene,95,120,49,2,27,0.2670878051979278,0.3784345013005749,0.0027155850361491275,0.0023466524954063443,"[[ 0.88479203 -0.43566807 -0.16533722  0.0339065 ]
 [-0.41172156 -0.56472235 -0.71524403  0.02508904]
 [ 0.21823936  0.70091512 -0.67903577 -0.38318682]
 [ 0.          0.          0.          1.        ]]","[[ 0.98127521 -0.18553691 -0.05172059  0.04367037]
 [-0.19038521 -0.89360981 -0.40646644  0.02024259]
 [ 0.0291965   0.40870228 -0.91220064 -0.3905682 ]
 [ 0.          0.          0.          1.        ]]"
full_scene,95,122,49,8,30,0.28579859669063806,0.42198736584406216,0.0025292046365845548,0.002418614734552778,"[[ 0.98391831  0.14505797 -0.10422545  0.04687682]
 [ 0.08886644 -0.90370672 -0.41882802 -0.01231613]
 [-0.15494358  0.40283042 -0.90206438 -0.37640354]
 [ 0.          0.          0.          1.        ]]","[[ 0.84984779 -0.50391421  0.15436709  0.03091111]
 [-0.40357788 -0.81061111 -0.42430474  0.01179645]
 [ 0.33894486  0.29829531 -0.8922647  -0.39530393]
 [ 0.          0.          0.          1.        ]]"
full_scene,95,123,49,9,16,0.4133751557411091,0.6419484578897899,0.0025711721152150706,0.0022125091861021533,"[[-0.87928346 -0.09347036 -0.46703735  0.06625734]
 [ 0.33265175  0.58126869 -0.74260994  0.02425079]
 [ 0.3408862  -0.80832543 -0.48000687 -0.41172328]
 [ 0.          0.          0.          1.        ]]","[[-0.89411521  0.07620476 -0.44130581  0.06524585]
 [ 0.43462801  0.38522225 -0.8140653   0.01883514]
 [ 0.10796517 -0.91967204 -0.37755379 -0.41057417]
 [ 0.          0.          0.          1.        ]]"
full_scene,95,124,49,8,29,0.41134232442239177,0.6293689479551465,0.0027982724065490575,0.002162642878329659,"[[-0.88703645  0.08531379 -0.45374871  0.06568413]
 [ 0.39352778  0.65367863 -0.64640555  0.02700014]
 [ 0.24145853 -0.75194801 -0.61341012 -0.41016135]
 [ 0.          0.          0.          1.        ]]","[[-0.88769107  0.0578445  -0.45679162  0.06451801]
 [ 0.43575772  0.42599384 -0.79287102  0.01822988]
 [ 0.14872719 -0.902875   -0.40335711 -0.40749164]
 [ 0.          0.          0.          1.        ]]"
full_scene,95,125,49,13,18,0.5628319744693873,0.6237622680277165,0.0022517517326753316,0.002102241867887369,"[[-0.91123051  0.02732401 -0.41098948  0.06622891]
 [ 0.37643519  0.46027446 -0.80401739  0.01812866]
 [ 0.16719898 -0.88735608 -0.42970185 -0.40649582]
 [ 0.          0.          0.          1.        ]]","[[-0.88796667  0.06911167 -0.45468535  0.06412138]
 [ 0.43040122  0.47329325 -0.76860152  0.01918195]
 [ 0.16208017 -0.87818966 -0.45001438 -0.40539019]
 [ 0.          0.          0.          1.        ]]"
full_scene,95,126,49,6,26,0.4107302891866489,0.3714070252901703,0.0025181263771159204,0.002215349912843283,"[[-0.94885139  0.08124572 -0.30509042  0.06291712]
 [ 0.26544479  0.72847338 -0.63155807  0.0308581 ]
 [ 0.17093886 -0.68023942 -0.71277923 -0.40215923]
 [ 0.          0.          0.          1.        ]]","[[-0.94341249  0.04709787 -0.32826005  0.06166268]
 [ 0.29292438  0.58239021 -0.75829872  0.02810596]
 [ 0.15546118 -0.81154386 -0.56323032 -0.40492491]
 [ 0.          0.          0.          1.        ]]"
full_scene,95,127,49,12,29,0.5778159085444491,0.7050427331744956,0.002541648166768264,0.002226440573771916,"[[-0.88693346  0.2146423  -0.40899599  0.06617051]
 [ 0.40387048  0.79005557 -0.461195    0.02525213]
 [ 0.2241376  -0.57423069 -0.78741441 -0.39609256]
 [ 0.          0.          0.          1.        ]]","[[-0.88677777  0.05843619 -0.45848707  0.06448789]
 [ 0.41317677  0.54481074 -0.72970283  0.02004703]
 [ 0.20714763 -0.83652045 -0.50727053 -0.4006835 ]
 [ 0.          0.          0.          1.        ]]"
full_scene,95,128,49,7,17,0.536787689348401,0.648997792301471,0.002257045513268292,0.0021471325256531026,"[[-0.8916436   0.05098141 -0.44985841  0.06553191]
 [ 0.34902328  0.71028887 -0.61128755  0.02369643]
 [ 0.28836512 -0.70206169 -0.65111823 -0.39820239]
 [ 0.          0.          0.          1.        ]]","[[-0.89213031  0.04374014 -0.44965578  0.06397763]
 [ 0.38921058  0.57977034 -0.71580827  0.01930809]
 [ 0.22938753 -0.81360503 -0.53425482 -0.39832068]
 [ 0.          0.          0.          1.        ]]"
full_scene,95,129,49,3,20,0.2889899232770115,0.6920151260136833,0.002997474981136275,0.0021862040396159496,"[[-0.8642312  -0.16232573 -0.47618776  0.0569024 ]
 [ 0.3918013   0.37658296 -0.83945042  0.01471506]
 [ 0.3155886  -0.91205023 -0.26185531 -0.39146679]
 [ 0.          0.          0.          1.        ]]","[[-0.88353232  0.06118658 -0.46435638  0.0645713 ]
 [ 0.39851801  0.6190964  -0.67668534  0.01946215]
 [ 0.24607729 -0.78292774 -0.57137563 -0.39577043]
 [ 0.          0.          0.          1.        ]]"
full_scene,95,130,49,9,25,0.5668102035017158,0.7906074449714748,0.0024708922061207465,0.0021933176010645963,"[[-0.91419589  0.07382159 -0.39849247  0.06303962]
 [ 0.29689194  0.7912909  -0.53452211  0.02570452]
 [ 0.2758642  -0.60696712 -0.74531192 -0.39078658]
 [ 0.          0.          0.          1.        ]]","[[-0.88664625  0.06644757 -0.45764959  0.06462045]
 [ 0.38552864  0.6527429  -0.65214597  0.01943596]
 [ 0.25539401 -0.7546598  -0.60436949 -0.39323976]
 [ 0.          0.          0.          1.        ]]"
full_scene,95,131,49,8,12,0.7048569367636451,0.8065312903014273,0.0023740571785663203,0.002138951258352841,"[[-0.90094206  0.05464311 -0.43048522  0.06158194]
 [ 0.33222434  0.7250523  -0.60326292  0.02063876]
 [ 0.27916014 -0.68652261 -0.67138389 -0.3900621 ]
 [ 0.          0.          0.          1.        ]]","[[-0.88208911  0.07108567 -0.46568834  0.06420386]
 [ 0.38700106  0.67300733 -0.63031049  0.01875136]
 [ 0.26860562 -0.7362119  -0.62116266 -0.39137989]
 [ 0.          0.          0.          1.        ]]"
full_scene,95,143,49,3,29,0.3801613150014208,0.7824214736934141,0.0028940009566371496,0.0021889345221880714,"[[-0.8303437   0.47341101 -0.29395808  0.07605202]
 [ 0.50775581  0.86010127 -0.0490901   0.01876887]
 [ 0.22959392 -0.19002058 -0.95455687 -0.39070319]
 [ 0.          0.          0.          1.        ]]","[[-0.75535289  0.11088261 -0.64586923  0.06571439]
 [ 0.58587108  0.55582097 -0.58976108  0.0073402 ]
 [ 0.29359341 -0.82387384 -0.48480389 -0.4048829 ]
 [ 0.          0.          0.          1.        ]]"
full_scene,95,144,49,9,16,0.5369625565586134,0.7824214736934141,0.0029264223889146693,0.002244201812050992,"[[-0.82055648  0.22137624 -0.52695316  0.0627495 ]
 [ 0.52470849  0.65734351 -0.54090712  0.00335526]
 [ 0.22664525 -0.72034164 -0.65554546 -0.40252677]
 [ 0.          0.          0.          1.        ]]","[[-0.76532641  0.10493048 -0.63503156  0.06542738]
 [ 0.58277876  0.53176804 -0.61448488  0.0061559 ]
 [ 0.27321129 -0.84036441 -0.46812738 -0.4063351 ]
 [ 0.          0.          0.          1.        ]]"
full_scene,95,145,49,4,30,0.19117357756453693,0.35248857898533303,0.0024477488691920356,0.002470689221232243,"[[-0.28381604  0.67514394 -0.68090316  0.08338977]
 [ 0.32731949  0.73566503  0.59300836  0.00972877]
 [ 0.90128264 -0.0545676  -0.42978131 -0.40844907]
 [ 0.          0.          0.          1.        ]]","[[-0.69995294 -0.06654586 -0.71108195  0.0750419 ]
 [ 0.09958756  0.97682811 -0.18944437  0.01035328]
 [ 0.70721157 -0.20341706 -0.67710656 -0.4060609 ]
 [ 0.          0.          0.          1.        ]]"
full_scene,95,146,49,9,30,0.3559640647883014,0.4201949769393867,0.002372132969369688,0.0024810967883483054,"[[ 0.27525026 -0.96039165 -0.04341869  0.02753783]
 [-0.86493086 -0.22766967 -0.44728193  0.00602437]
 [ 0.41968071  0.16066863 -0.89333851 -0.38795721]
 [ 0.          0.          0.          1.        ]]","[[ 0.7361453  -0.67603069 -0.03275057  0.03067242]
 [-0.61156017 -0.64365137 -0.46011636  0.00398221]
 [ 0.28997283  0.35874144 -0.88725438 -0.38940694]
 [ 0.          0.          0.          1.        ]]"
full_scene,95,147,49,4,21,0.5154320313012306,0.6615663730354762,0.0028836876785667165,0.0023036693549995835,"[[-0.79124825  0.09446958 -0.60415371  0.06084784]
 [ 0.56447888  0.49275381 -0.66223657  0.00614083]
 [ 0.23513783 -0.86502554 -0.44321667 -0.41203788]
 [ 0.          0.          0.          1.        ]]","[[-0.77034469  0.07747196 -0.63290375  0.06568451]
 [ 0.60276946  0.41217555 -0.68321321  0.00491354]
 [ 0.20793759 -0.90780472 -0.36421497 -0.41243129]
 [ 0.          0.          0.          1.        ]]"
full_scene,95,148,49,20,16,0.5137926512054908,0.5978819209163042,0.0026192260585775817,0.002256360037373767,"[[-0.78368968  0.08492632 -0.61531943  0.06372038]
 [ 0.59353983  0.39445909 -0.7015073   0.00395655]
 [ 0.18314191 -0.91498062 -0.35954068 -0.41559754]
 [ 0.          0.          0.          1.        ]]","[[-0.75357842  0.10603867 -0.64874908  0.06637331]
 [ 0.63489128  0.37321457 -0.67647909  0.00376099]
 [ 0.17038967 -0.92166517 -0.34856947 -0.41415055]
 [ 0.          0.          0.          1.        ]]"
full_scene,95,149,49,4,30,0.31321996109204575,0.5977726289099216,0.002348877909691056,0.0022972680211221287,"[[-0.93382097 -0.02142154 -0.35709873  0.07001707]
 [ 0.25691539  0.65447071 -0.71109955  0.0182752 ]
 [ 0.24894351 -0.75578384 -0.60565495 -0.41808727]
 [ 0.          0.          0.          1.        ]]","[[-0.75011861  0.08623121 -0.65565712  0.06640718]
 [ 0.64019127  0.34320995 -0.68728602  0.00199868]
 [ 0.16576253 -0.93529199 -0.31265264 -0.41671129]
 [ 0.          0.          0.          1.        ]]"
full_scene,95,150,49,12,21,0.3518328269470371,0.5636735229185338,0.0022055112681697154,0.002257464866907683,"[[-0.83657623  0.11378197 -0.53590473  0.06741064]
 [ 0.52755593  0.43108943 -0.73201546  0.00988532]
 [ 0.1477327  -0.89510645 -0.42066553 -0.42110685]
 [ 0.          0.          0.          1.        ]]","[[-7.52659381e-01  1.10478006e-01 -6.49075086e-01  6.70531874e-02]
 [ 6.47691858e-01  3.01391184e-01 -6.99756108e-01  4.68556260e-04]
 [ 1.18317849e-01 -9.47078648e-01 -2.98400607e-01 -4.18371747e-01]
 [ 0.00000000e+00  0.00000000e+00  0.00000000e+00  1.00000000e+00]]"
full_scene,95,153,49,9,30,0.28345974775404925,0.3659424249710376,0.0028173527182862377,0.0026335311661725533,"[[-0.49813768  0.60473148 -0.62141668  0.08496751]
 [ 0.77422843  0.63288853 -0.00473875 -0.02616646]
 [ 0.39042182 -0.48347901 -0.78346592 -0.4105776 ]
 [ 0.          0.          0.          1.        ]]","[[-0.53558074  0.57313522 -0.62021713  0.08050854]
 [ 0.61279644  0.76910411  0.18154721 -0.01103726]
 [ 0.58106265 -0.28283366 -0.76313257 -0.41739971]
 [ 0.          0.          0.          1.        ]]"
full_scene,95,155,49,15,21,0.467911866926053,0.6267459398019629,0.0030855743157746163,0.002245505975612608,"[[-0.52555682  0.2888557  -0.80022023  0.06326649]
 [ 0.75692293  0.58817792 -0.28480592 -0.00268067]
 [ 0.38840406 -0.75538674 -0.52776242 -0.41480036]
 [ 0.          0.          0.          1.        ]]","[[-0.60860166  0.13148645 -0.7825058   0.06339472]
 [ 0.75144709  0.41220845 -0.515181   -0.00821909]
 [ 0.25481618 -0.90155172 -0.34967586 -0.415615  ]
 [ 0.          0.          0.          1.        ]]"
full_scene,95,159,49,15,16,0.6273470458370675,0.7483770137052176,0.002506146403802197,0.002191369439112276,"[[-0.63734347  0.27034061 -0.72160187  0.06256383]
 [ 0.6888219   0.61964736 -0.37624666 -0.0028939 ]
 [ 0.34542394 -0.73685352 -0.58114473 -0.4075508 ]
 [ 0.          0.          0.          1.        ]]","[[-0.61472615  0.12186659 -0.77926908  0.06269363]
 [ 0.68276099  0.57688229 -0.4483796  -0.00352665]
 [ 0.39490404 -0.80768519 -0.43783038 -0.41072446]
 [ 0.          0.          0.          1.        ]]"
full_scene,95,160,49,6,30,0.29062930337275134,0.30984283809482177,0.0029003801145807482,0.002640084237715993,"[[ 0.64505873  0.08722761  0.75913805  0.10980782]
 [-0.53582254  0.75992225  0.3679842  -0.00706228]
 [-0.54478751 -0.6441347   0.536933   -0.40658775]
 [ 0.          0.          0.          1.        ]]","[[ 0.51093882  0.10247106  0.85348767  0.11772729]
 [-0.73856658  0.5603534   0.37486461 -0.01761843]
 [-0.43984194 -0.82189035  0.36198801 -0.41673357]
 [ 0.          0.          0.          1.        ]]"
full_scene,95,163,49,14,13,0.3703359636276203,0.8109794749612014,0.002590195270350352,0.002185315091450246,"[[-0.57022462 -0.16353942 -0.8050458   0.05291313]
 [ 0.66592603  0.48181201 -0.56956098 -0.00848917]
 [ 0.4810264  -0.86087865 -0.16583591 -0.40487669]
 [ 0.          0.          0.          1.        ]]","[[-0.630044    0.12508708 -0.7664188   0.06270315]
 [ 0.59662794  0.70970723 -0.37463415  0.00116633]
 [ 0.49707107 -0.69330287 -0.52177723 -0.40609559]
 [ 0.          0.          0.          1.        ]]"
full_scene,95,165,49,3,30,0.28535049946446917,0.3512426501125708,0.002571082608001445,0.0025728973479622035,"[[-0.87044731  0.49206669 -0.01385108  0.06287464]
 [ 0.38610734  0.69992263  0.60085724  0.01921553]
 [ 0.30535652  0.51766657 -0.79923634 -0.37481017]
 [ 0.          0.          0.          1.        ]]","[[-0.7970275   0.41572068 -0.43809072  0.0587959 ]
 [ 0.27346233  0.89517976  0.35195392  0.01922896]
 [ 0.53848447  0.16071564 -0.82716683 -0.38480191]
 [ 0.          0.          0.          1.        ]]"
full_scene,95,174,49,1,30,0.19499879778792978,0.3376139369166539,0.002818064755632215,0.002563229962879662,"[[ 0.84387498  0.50051403  0.19328923  0.05430433]
 [ 0.50210105 -0.86367181  0.04433432 -0.01963525]
 [ 0.18912841  0.0596381  -0.98013965 -0.39829464]
 [ 0.          0.          0.          1.        ]]","[[ 0.46722258  0.85930598 -0.20807763  0.05898234]
 [ 0.75951358 -0.51056449 -0.40306702 -0.01904122]
 [-0.45259495  0.03028423 -0.89120182 -0.39589518]
 [ 0.          0.          0.          1.        ]]"
full_scene,95,175,49,3,30,0.25024590701436095,0.3516798181381014,0.0026379076732364563,0.0025865528093389476,"[[-0.66469057  0.43889382 -0.60461448  0.08136651]
 [ 0.56044945  0.8280519  -0.0150486  -0.02780883]
 [ 0.49404743 -0.34885852 -0.79637609 -0.41334559]
 [ 0.          0.          0.          1.        ]]","[[-0.32669627  0.27701541 -0.90362161  0.06685266]
 [ 0.45294344  0.88502747  0.10755753 -0.01826505]
 [ 0.82952504 -0.37415084 -0.41460748 -0.42553703]
 [ 0.          0.          0.          1.        ]]"
full_scene,95,177,49,8,23,0.3499967212398085,0.5254431790858817,0.0023976122992509447,0.0023009283397271347,"[[-0.48804504  0.15858735 -0.85829021  0.06245103]
 [ 0.75951899  0.56167755 -0.32809942 -0.01326705]
 [ 0.43004993 -0.81201501 -0.39457405 -0.42672186]
 [ 0.          0.          0.          1.        ]]","[[-0.40046823  0.17502124 -0.89944025  0.05825898]
 [ 0.8760328   0.36095604 -0.31980817 -0.02046582]
 [ 0.26868517 -0.91601217 -0.29787578 -0.42341252]
 [ 0.          0.          0.          1.        ]]"
full_scene,95,183,49,6,30,0.30819252879844367,0.409746661129205,0.0028400130084890738,0.002720733890409716,"[[-0.05712717  0.94109742  0.33327485  0.07312965]
 [ 0.83982361 -0.13520728  0.52575213 -0.04023638]
 [ 0.53984516  0.30992682 -0.78263182 -0.40833266]
 [ 0.          0.          0.          1.        ]]","[[-0.23098044  0.97255731  0.02793421  0.07108425]
 [ 0.86120293  0.19100557  0.47100571 -0.03840262]
 [ 0.45274446  0.13285013 -0.88168775 -0.41659919]
 [ 0.          0.          0.          1.        ]]"
full_scene,95,188,49,8,20,0.36959277798421825,0.5335198583575598,0.002357079262509856,0.0024158161409932083,"[[-0.28272292  0.25277436 -0.9252961   0.05864668]
 [ 0.75685487  0.65140573 -0.05330354 -0.01915121]
 [ 0.58926942 -0.71538499 -0.37548084 -0.43075657]
 [ 0.          0.          0.          1.        ]]","[[-0.29429809  0.17058909 -0.94036588  0.05324251]
 [ 0.82153513  0.54791096 -0.15771371 -0.02073055]
 [ 0.48833254 -0.81895845 -0.30139408 -0.42847192]
 [ 0.          0.          0.          1.        ]]"
full_scene,95,189,49,1,30,0.3029683708933529,0.4226431178823581,0.0026403326505760644,0.0021201018475161823,"[[-0.47673137  0.53157862 -0.70010812  0.07121926]
 [ 0.72985354  0.68325596  0.02179689 -0.01355455]
 [ 0.48993981 -0.50058512 -0.71370408 -0.4230573 ]
 [ 0.          0.          0.          1.        ]]","[[-0.36958964  0.1861992  -0.91034793  0.05527729]
 [ 0.77032803  0.60926438 -0.18812667 -0.01737774]
 [ 0.51961353 -0.77079619 -0.36861227 -0.42845609]
 [ 0.          0.          0.          1.        ]]"
full_scene,95,190,49,5,30,0.5006120352357428,0.49711469103149797,0.002222391411994682,0.002287733384087543,"[[-0.31391526  0.23765337 -0.9192269   0.05487895]
 [ 0.76291603  0.63944761 -0.09521491 -0.01791325]
 [ 0.5651693  -0.73118235 -0.38204193 -0.42694412]
 [ 0.          0.          0.          1.        ]]","[[-0.32460883  0.16205189 -0.93186281  0.05389292]
 [ 0.76374166  0.62609707 -0.15716591 -0.0174596 ]
 [ 0.55796754 -0.76271989 -0.32700242 -0.42818952]
 [ 0.          0.          0.          1.        ]]"
full_scene,95,191,49,7,30,0.42000918052853614,0.5196834903495159,0.002775650021754631,0.002255606710046259,"[[-0.45761949  0.6582226  -0.59776869  0.06225892]
 [ 0.72727673  0.66386056  0.17423465 -0.01373532]
 [ 0.51152024 -0.35501009 -0.78250551 -0.41882217]
 [ 0.          0.          0.          1.        ]]","[[-0.33639652  0.1598013  -0.928063    0.0542471 ]
 [ 0.74760844  0.64457911 -0.15999808 -0.0151777 ]
 [ 0.57264212 -0.74765053 -0.33630297 -0.42840032]
 [ 0.          0.          0.          1.        ]]"
full_scene,95,194,49,3,27,0.3491770311919386,0.5975649740977945,0.0025719376174397532,0.002329547591833689,"[[-0.29311816 -0.10613461 -0.95016693  0.04384564]
 [ 0.76002798  0.57706488 -0.2989207  -0.01929854]
 [ 0.5800338  -0.80977254 -0.08848293 -0.42450463]
 [ 0.          0.          0.          1.        ]]","[[-0.25876704  0.14492113 -0.95500654  0.05147919]
 [ 0.70174782  0.70760134 -0.08276679 -0.01279734]
 [ 0.66376925 -0.69159107 -0.284802   -0.4263167 ]
 [ 0.          0.          0.          1.        ]]"
full_scene,95,209,49,15,30,0.32802902795689526,0.4360860346674244,0.0026356824534147817,0.002508404688010628,"[[-0.48207562 -0.83298565 -0.27154742  0.0295516 ]
 [-0.82212297  0.53721904 -0.18843971 -0.01783858]
 [ 0.30284802  0.13240318 -0.94379684 -0.41689896]
 [ 0.          0.          0.          1.        ]]","[[-0.09414382 -0.97650282 -0.19385353  0.02350934]
 [-0.99102916  0.11047482 -0.07520985 -0.0200665 ]
 [ 0.09485856  0.18503396 -0.97814329 -0.4149993 ]
 [ 0.          0.          0.          1.        ]]"
full_scene,95,212,49,2,30,0.20929419222278084,0.4155500666681239,0.0030532585717826383,0.002547120066652571,"[[-0.20766299  0.70079564 -0.68246725  0.04230616]
 [ 0.9423719   0.33041572  0.0525419  -0.04454107]
 [ 0.26231904 -0.63222696 -0.72902524 -0.43978497]
 [ 0.          0.          0.          1.        ]]","[[-0.12277823  0.93653166  0.3283808   0.05404837]
 [ 0.99225456  0.10954719  0.05856871 -0.049794  ]
 [ 0.01887826  0.33302831 -0.94272783 -0.41461104]
 [ 0.          0.          0.          1.        ]]"
full_scene,95,213,49,12,30,0.36343963802487483,0.39730923080285907,0.0024813274941256048,0.00251639039553016,"[[-0.0991776  -0.97126388 -0.21635683  0.01719996]
 [-0.99428023  0.10538771 -0.01732762 -0.03178534]
 [ 0.03963104  0.21340081 -0.97616058 -0.41729862]
 [ 0.          0.          0.          1.        ]]","[[-0.25676034 -0.95401389  0.15469847  0.0199826 ]
 [-0.96132549  0.26860085  0.06088412 -0.02500296]
 [-0.09963644 -0.13308295 -0.98608393 -0.42442552]
 [ 0.          0.          0.          1.        ]]"
full_scene,95,214,49,2,30,0.22060591488338543,0.3964239655511596,0.0025923633122445756,0.002782757459632571,"[[ 0.44459613 -0.5032811  -0.74097396  0.01312774]
 [-0.86031457 -0.47023969 -0.19680823 -0.04128536]
 [-0.24938551  0.72497087 -0.64204681 -0.39647917]
 [ 0.          0.          0.          1.        ]]","[[-0.06072798 -0.99675662  0.05280478  0.01671022]
 [-0.98884063  0.06728713  0.13291594 -0.02865797]
 [-0.13603793 -0.04414379 -0.98971966 -0.4237515 ]
 [ 0.          0.          0.          1.        ]]"
full_scene,95,218,49,2,29,0.29711031935124266,0.45896085160331374,0.0025969015157802492,0.0023284605852832625,"[[-0.17893058  0.63018717 -0.75554482  0.05620734]
 [ 0.79259414  0.54730631  0.26879423 -0.02902794]
 [ 0.58290512 -0.55074489 -0.59741249 -0.44332555]
 [ 0.          0.          0.          1.        ]]","[[ 0.0402824   0.18343302 -0.98220652  0.03601964]
 [ 0.86114612  0.49217753  0.12723459 -0.03551659]
 [ 0.50675901 -0.85094865 -0.13813654 -0.44424367]
 [ 0.          0.          0.          1.        ]]"
full_scene,95,235,49,9,30,0.38959321515224377,0.47797766071389536,0.0028360264897560497,0.0024058326503548703,"[[ 0.06400871  0.88747705  0.45638511  0.0474189 ]
 [ 0.96586487 -0.17012315  0.19535393 -0.05343274]
 [ 0.2510138   0.42830199 -0.86807227 -0.42858715]
 [ 0.          0.          0.          1.        ]]","[[-0.00672867  0.95050615  0.31063287  0.05100619]
 [ 0.9305019  -0.10781532  0.35006008 -0.05481414]
 [ 0.36622525  0.29139992 -0.88372233 -0.42838924]
 [ 0.          0.          0.          1.        ]]"
full_scene,95,236,49,18,30,0.4066099805460229,0.43489475179785353,0.0029153683872095376,0.002549470776901966,"[[ 0.00253778  0.62632574  0.77955732  0.04446459]
 [ 0.98891832 -0.11728925  0.09101527 -0.04784196]
 [ 0.1484389   0.77068755 -0.61968266 -0.41786254]
 [ 0.          0.          0.          1.        ]]","[[ 0.13731978  0.6402906   0.75575871  0.04595499]
 [ 0.95634572 -0.28440888  0.06718963 -0.05177987]
 [ 0.25796538  0.71354014 -0.65139414 -0.4157769 ]
 [ 0.          0.          0.          1.        ]]"
full_scene,95,237,49,2,30,0.3219523924020197,0.48063345646899386,0.002697643089832675,0.0024419095833899435,"[[-0.16284474  0.94300443  0.29021413  0.05247069]
 [ 0.96704156  0.09419494  0.23655428 -0.04017391]
 [ 0.19573503  0.31917074 -0.92726363 -0.4216426 ]
 [ 0.          0.          0.          1.        ]]","[[ 0.05566337  0.96843306  0.24297943  0.04708477]
 [ 0.96101934 -0.11797414  0.25004787 -0.05812553]
 [ 0.27081991  0.21958942 -0.93724973 -0.42706135]
 [ 0.          0.          0.          1.        ]]"
full_scene,95,238,49,2,20,0.2777765634221513,0.3480841111281121,0.002874267957282291,0.002739758431816459,"[[ 0.31395132 -0.87340816  0.37228049  0.00563224]
 [-0.91247104 -0.38591476 -0.13589113 -0.0433555 ]
 [ 0.26235696 -0.29703196 -0.9181181  -0.43374673]
 [ 0.          0.          0.          1.        ]]","[[ 0.53524885 -0.75716904  0.37443786  0.00770652]
 [-0.83591851 -0.53853524  0.10592468 -0.04229267]
 [ 0.12144509 -0.3696956  -0.92118199 -0.43668432]
 [ 0.          0.          0.          1.        ]]"
full_scene,95,240,49,2,30,0.2606723644232661,0.48551880915429846,0.0028024795150558258,0.002457101951699717,"[[ 0.76750116  0.06314341 -0.63793015  0.00455599]
 [ 0.58619929  0.33362329  0.73828578 -0.03907121]
 [ 0.25944624 -0.94058939  0.21904164 -0.43953598]
 [ 0.          0.          0.          1.        ]]","[[ 0.51372398  0.16907387 -0.8411312   0.01093232]
 [ 0.84066656  0.09662702  0.53286298 -0.05513827]
 [ 0.17136921 -0.98085536 -0.09249513 -0.44094183]
 [ 0.          0.          0.          1.        ]]"
full_scene,95,246,49,4,30,0.23021268224442065,0.33974513104111564,0.002631429385627166,0.0027147754771625517,"[[ 0.68065863 -0.07257129 -0.72899742 -0.00519257]
 [ 0.43016332  0.84507084  0.31751346 -0.03795062]
 [ 0.5930121  -0.52970623  0.60642227 -0.41667069]
 [ 0.          0.          0.          1.        ]]","[[ 0.70196943 -0.07910007 -0.70780089 -0.01298867]
 [ 0.44884032  0.82075403  0.35341928 -0.03323588]
 [ 0.55297494 -0.56577911  0.61164754 -0.43412216]
 [ 0.          0.          0.          1.        ]]"
full_scene,97,44,71,0,30,0.07108655616942909,0.3894904849600982,0.002973310962912056,0.0028696956456986176,"[[ 1.          0.          0.         -0.03650031]
 [ 0.          1.          0.         -0.01794008]
 [ 0.          0.          1.         -0.47443541]
 [ 0.          0.          0.          1.        ]]","[[ 0.93031058  0.18200699  0.31842688 -0.02516704]
 [-0.18481442  0.98253498 -0.0216484  -0.01688286]
 [-0.31680571 -0.03871014  0.9477002  -0.44912636]
 [ 0.          0.          0.          1.        ]]"
full_scene,97,49,71,0,30,0.004076120319214242,0.5586576631880499,0.004250230064809559,0.0026945661916931017,"[[ 1.          0.          0.         -0.02752937]
 [ 0.          1.          0.         -0.01494184]
 [ 0.          0.          1.         -0.46047317]
 [ 0.          0.          0.          1.        ]]","[[ 0.86361027  0.20483806  0.46067198 -0.03571468]
 [-0.35844306  0.89202904  0.27532302 -0.02643018]
 [-0.35453615 -0.40289646  0.84378822 -0.43338272]
 [ 0.          0.          0.          1.        ]]"
full_scene,97,53,71,0,30,0.0,0.3227419684878248,0.0,0.002934842979059786,"[[ 1.          0.          0.         -0.0246688 ]
 [ 0.          1.          0.         -0.00857394]
 [ 0.          0.          1.         -0.45011761]
 [ 0.          0.          0.          1.        ]]","[[ 0.89755069  0.22942677  0.37651841 -0.03463771]
 [-0.35541927  0.88183091  0.3099216  -0.02712872]
 [-0.26092126 -0.41199224  0.87303063 -0.43882054]
 [ 0.          0.          0.          1.        ]]"
full_scene,97,65,71,0,30,0.02530795989359525,0.3699529363617761,0.0034009867524956707,0.0029205091286226906,"[[ 1.          0.          0.         -0.01999166]
 [ 0.          1.          0.         -0.00523494]
 [ 0.          0.          1.         -0.44765202]
 [ 0.          0.          0.          1.        ]]","[[ 0.81073821  0.45676524  0.36615443 -0.03686276]
 [-0.52194523  0.84723915  0.0987877  -0.02044731]
 [-0.26509758 -0.27120352  0.92529559 -0.43506279]
 [ 0.          0.          0.          1.        ]]"
full_scene,97,69,71,0,30,0.055952527112748104,0.4937343973808062,0.0031611934120489376,0.0027934262793338936,"[[ 1.          0.          0.         -0.02071708]
 [ 0.          1.          0.         -0.00978193]
 [ 0.          0.          1.         -0.45092383]
 [ 0.          0.          0.          1.        ]]","[[ 0.77967391  0.22533656  0.58423628 -0.04631153]
 [-0.50474557  0.77833844  0.37339147 -0.02650278]
 [-0.3705948  -0.58601426  0.7205878  -0.4285845 ]
 [ 0.          0.          0.          1.        ]]"
full_scene,97,71,71,0,30,0.08500102312257009,0.5760098219766728,0.0034145764815242457,0.0027253300024486847,"[[ 1.          0.          0.         -0.02213364]
 [ 0.          1.          0.         -0.01282776]
 [ 0.          0.          1.         -0.45489405]
 [ 0.          0.          0.          1.        ]]","[[ 0.76470363  0.36284621  0.53251384 -0.04737056]
 [-0.47562059  0.87538417  0.08653102 -0.02446127]
 [-0.43475673 -0.31944513  0.84198658 -0.42839454]
 [ 0.          0.          0.          1.        ]]"
full_scene,97,73,71,0,30,0.09614896664620422,0.42773071413955394,0.0031559038494902844,0.0028764888153836534,"[[ 1.          0.          0.         -0.02456032]
 [ 0.          1.          0.         -0.01615761]
 [ 0.          0.          1.         -0.46139217]
 [ 0.          0.          0.          1.        ]]","[[ 0.74756958  0.4515781   0.48704921 -0.05069975]
 [-0.433959    0.88723003 -0.15653265 -0.01614226]
 [-0.5028114  -0.09434034  0.85923256 -0.43654356]
 [ 0.          0.          0.          1.        ]]"
full_scene,97,75,71,0,30,0.08450992428892981,0.30169838346633926,0.0033596489949650477,0.0028623488739538162,"[[ 1.          0.          0.         -0.02581022]
 [ 0.          1.          0.         -0.0179666 ]
 [ 0.          0.          1.         -0.46565302]
 [ 0.          0.          0.          1.        ]]","[[ 0.91552074  0.2285003   0.33107309 -0.03833824]
 [-0.20649262  0.97325211 -0.1007032  -0.02038577]
 [-0.34522829  0.02383171  0.93821611 -0.43899172]
 [ 0.          0.          0.          1.        ]]"
full_scene,97,83,71,0,30,0.07067730714139554,0.43485983220789853,0.002962525278255885,0.0028352223176348,"[[ 1.          0.          0.         -0.01589181]
 [ 0.          1.          0.         -0.00980009]
 [ 0.          0.          1.         -0.4498905 ]
 [ 0.          0.          0.          1.        ]]","[[ 0.65090484  0.46534495  0.59981411 -0.0511276 ]
 [-0.60921521  0.79161321  0.04696107 -0.01000997]
 [-0.45296768 -0.39598307  0.79876009 -0.42810321]
 [ 0.          0.          0.          1.        ]]"
full_scene,97,138,71,2,30,0.18795170861469204,0.32432985471659503,0.002655966208040421,0.0026371517616726047,"[[ 1.42241056e-01  1.11046747e-01 -9.83583297e-01 -5.86259598e-02]
 [-8.42681239e-01 -5.07720993e-01 -1.79186282e-01  5.10536492e-04]
 [-5.19283942e-01  8.54334837e-01  2.13582405e-02 -3.87527571e-01]
 [ 0.00000000e+00  0.00000000e+00  0.00000000e+00  1.00000000e+00]]","[[ 0.25252019 -0.40226853 -0.88000772 -0.05894773]
 [-0.85989711 -0.51028921 -0.01348635  0.00466542]
 [-0.44363331  0.76012167 -0.47476787 -0.38618186]
 [ 0.          0.          0.          1.        ]]"
full_scene,98,10,71,0,30,0.07757724575404133,0.3454962144464907,0.0031063251440869824,0.002975844721208536,"[[ 1.          0.          0.         -0.02526652]
 [ 0.          1.          0.         -0.02845353]
 [ 0.          0.          1.         -0.48909496]
 [ 0.          0.          0.          1.        ]]","[[ 0.67656348 -0.25739524  0.68993445 -0.01303623]
 [ 0.38993639  0.92000919 -0.03914971 -0.03133729]
 [-0.62466909  0.29551782  0.72281239 -0.46946754]
 [ 0.          0.          0.          1.        ]]"
full_scene,98,17,71,0,30,0.042193574790259876,0.3456108041743401,0.0034310336294914525,0.0029976894115451634,"[[ 1.          0.          0.         -0.03430315]
 [ 0.          1.          0.         -0.02716835]
 [ 0.          0.          1.         -0.49655149]
 [ 0.          0.          0.          1.        ]]","[[ 0.6621339  -0.27036989  0.6989126  -0.02153675]
 [ 0.42847727  0.90174688 -0.05709458 -0.02322391]
 [-0.6148056   0.33727242  0.71292453 -0.46871662]
 [ 0.          0.          0.          1.        ]]"
full_scene,98,19,71,0,30,0.024751381215469614,0.3422549621444649,0.0038496441156626263,0.002801385597962947,"[[ 1.          0.          0.         -0.02894798]
 [ 0.          1.          0.         -0.03085059]
 [ 0.          0.          1.         -0.49148175]
 [ 0.          0.          0.          1.        ]]","[[ 0.75543005 -0.36053201  0.54712166 -0.02107339]
 [ 0.37198999  0.92337792  0.09485071 -0.02857099]
 [-0.53939678  0.1318707   0.83166173 -0.46923093]
 [ 0.          0.          0.          1.        ]]"
full_scene,98,21,71,0,30,0.07963986085533047,0.39867403314917127,0.0032344003152455203,0.0027855664788930473,"[[ 1.          0.          0.         -0.02573621]
 [ 0.          1.          0.         -0.02690338]
 [ 0.          0.          1.         -0.48041522]
 [ 0.          0.          0.          1.        ]]","[[ 0.70063349 -0.31021175  0.64255846 -0.01914862]
 [ 0.39004905  0.92059515  0.01913913 -0.04326563]
 [-0.59747339  0.2372198   0.76599759 -0.46568476]
 [ 0.          0.          0.          1.        ]]"
full_scene,98,22,71,0,30,0.11454061796603233,0.40991201145897277,0.0028866350459235434,0.0027711798709178655,"[[ 1.          0.          0.         -0.02474057]
 [ 0.          1.          0.         -0.02470553]
 [ 0.          0.          1.         -0.47574948]
 [ 0.          0.          0.          1.        ]]","[[ 0.68851554 -0.37764172  0.61913899 -0.01939396]
 [ 0.31652871  0.92459879  0.2119591  -0.03612831]
 [-0.65249976  0.05003813  0.75613508 -0.4643548 ]
 [ 0.          0.          0.          1.        ]]"
full_scene,98,39,71,0,30,0.1348148148148148,0.39849396357683653,0.002891165796873729,0.0026303786202844497,"[[ 1.          0.          0.         -0.02712453]
 [ 0.          1.          0.         -0.02167628]
 [ 0.          0.          1.         -0.46748273]
 [ 0.          0.          0.          1.        ]]","[[ 0.71158758 -0.2142179   0.66914408 -0.02989978]
 [ 0.20976619  0.97372412  0.08865374 -0.03388867]
 [-0.67055295  0.0772789   0.73782566 -0.45732523]
 [ 0.          0.          0.          1.        ]]"
full_scene,98,40,71,0,30,0.12112134233681195,0.38588090853284224,0.0028555150981097238,0.002648021821370903,"[[ 1.          0.          0.         -0.02807499]
 [ 0.          1.          0.         -0.02317701]
 [ 0.          0.          1.         -0.4702151 ]
 [ 0.          0.          0.          1.        ]]","[[ 0.79142834 -0.21856963  0.57084893 -0.03159281]
 [ 0.24795092  0.96839561  0.02702377 -0.03097709]
 [-0.55871417  0.12015514  0.82061027 -0.45881305]
 [ 0.          0.          0.          1.        ]]"
full_scene,98,41,71,0,30,0.09236750562717413,0.3918804992838142,0.003241101366392759,0.002717709114234688,"[[ 1.          0.          0.         -0.02799075]
 [ 0.          1.          0.         -0.02511989]
 [ 0.          0.          1.         -0.47457933]
 [ 0.          0.          0.          1.        ]]","[[ 0.74964413 -0.26154728  0.60796933 -0.03140319]
 [ 0.24756002  0.96273115  0.10891635 -0.02937351]
 [-0.61379778  0.0688604   0.7864544  -0.45915517]
 [ 0.          0.          0.          1.        ]]"
full_scene,98,42,71,0,30,0.04294659300184162,0.3846695314098629,0.0032231080246626124,0.0027150846887874,"[[ 1.          0.          0.         -0.0301149 ]
 [ 0.          1.          0.         -0.02720221]
 [ 0.          0.          1.         -0.47939677]
 [ 0.          0.          0.          1.        ]]","[[ 0.81292561 -0.18270522  0.55296542 -0.03210175]
 [ 0.27812766  0.95603149 -0.09299886 -0.02373476]
 [-0.51166098  0.22939613  0.82799786 -0.46051009]
 [ 0.          0.          0.          1.        ]]"
full_scene,98,49,71,0,30,0.11795375485983221,0.490280335584203,0.003098237003547199,0.0025874233247764607,"[[ 1.         0.         0.        -0.0273148]
 [ 0.         1.         0.        -0.0245029]
 [ 0.         0.         1.        -0.4701548]
 [ 0.         0.         0.         1.       ]]","[[ 0.68568841 -0.310938    0.65814054 -0.04786634]
 [ 0.38297214  0.92301556  0.03707576 -0.02535452]
 [-0.61900222  0.22662707  0.75198166 -0.44459542]
 [ 0.          0.          0.          1.        ]]"
full_scene,98,51,71,0,24,0.19536730100266012,0.3804051565377532,0.003008268944717045,0.002591959390930557,"[[ 1.          0.          0.         -0.02526485]
 [ 0.          1.          0.         -0.02093601]
 [ 0.          0.          1.         -0.46310117]
 [ 0.          0.          0.          1.        ]]","[[ 0.78182585 -0.04503753  0.62186812 -0.04224091]
 [ 0.11814523  0.99001927 -0.07683459 -0.02539245]
 [-0.61220098  0.13354202  0.77934363 -0.45147824]
 [ 0.          0.          0.          1.        ]]"
full_scene,98,52,71,0,30,0.1887047268262738,0.4205279312461633,0.0028568306186612584,0.0026360842515025648,"[[ 1.          0.          0.         -0.02410796]
 [ 0.          1.          0.         -0.01937919]
 [ 0.          0.          1.         -0.46011716]
 [ 0.          0.          0.          1.        ]]","[[ 0.73228945 -0.03911772  0.67986908 -0.04180797]
 [ 0.08754118  0.995473   -0.03701425 -0.0289598 ]
 [-0.6753434   0.08662169  0.73239879 -0.44968751]
 [ 0.          0.          0.          1.        ]]"
full_scene,98,53,71,0,30,0.16990382647841212,0.3018457131164313,0.002886097251802402,0.0027681111147295923,"[[ 1.          0.          0.         -0.02357904]
 [ 0.          1.          0.         -0.01765048]
 [ 0.          0.          1.         -0.45778651]
 [ 0.          0.          0.          1.        ]]","[[ 0.87648597 -0.0608937   0.47756079 -0.03680173]
 [ 0.06379312  0.99791141  0.01016152 -0.0188372 ]
 [-0.47718213  0.02155866  0.87853995 -0.45098608]
 [ 0.          0.          0.          1.        ]]"
full_scene,98,245,62,3,30,0.21450798741017876,0.7076786032424728,0.0029754878527120813,0.0023348319509949584,"[[ 0.32454184  0.88436777  0.33550893 -0.11840502]
 [ 0.62960972  0.06272849 -0.77437506  0.07743244]
 [-0.70587832  0.46255679 -0.53644852 -0.43080139]
 [ 0.          0.          0.          1.        ]]","[[-0.45702476  0.85882219  0.23141479 -0.11440817]
 [ 0.87615826  0.47950645 -0.04919633  0.07397806]
 [-0.15321578  0.18027204 -0.97161048 -0.41683143]
 [ 0.          0.          0.          1.        ]]"
full_scene,99,9,62,7,30,0.32297642377813407,0.6032187184512144,0.0022716641324062414,0.0016554971076253257,"[[-0.46703853 -0.12074268 -0.87595446  0.10571768]
 [-0.73340637 -0.50049296  0.4600238  -0.04461564]
 [-0.49395355  0.85727942  0.14519605 -0.4283499 ]
 [ 0.          0.          0.          1.        ]]","[[ 0.44553468 -0.006862   -0.89523838  0.10475212]
 [-0.72186817 -0.5942182  -0.35469857 -0.04334508]
 [-0.52953299  0.80427461 -0.26969828 -0.42877779]
 [ 0.          0.          0.          1.        ]]"
full_scene,99,10,71,0,30,0.0,0.3619316554123184,0.0,0.002780723931435066,"[[ 1.          0.          0.         -0.02554365]
 [ 0.          1.          0.         -0.02369657]
 [ 0.          0.          1.         -0.4804894 ]
 [ 0.          0.          0.          1.        ]]","[[ 0.91638178 -0.31030596  0.25289256 -0.00681588]
 [ 0.17891917  0.88263225  0.43468177 -0.05160286]
 [-0.35809547 -0.35308712  0.8643478  -0.48169577]
 [ 0.          0.          0.          1.        ]]"
full_scene,99,11,62,11,30,0.7214383276916682,0.7851832056535424,0.002428816424484192,0.0017990205802748541,"[[-0.74520558  0.01734562  0.66660916  0.10523408]
 [-0.5054594   0.63734307 -0.58163959 -0.04585688]
 [-0.43494762 -0.77038493 -0.4661841  -0.43474767]
 [ 0.          0.          0.          1.        ]]","[[-0.74790214 -0.00866927  0.66375239  0.10469591]
 [-0.49775925  0.66887213 -0.55212843 -0.04294103]
 [-0.43917892 -0.74332693 -0.50456611 -0.43431461]
 [ 0.          0.          0.          1.        ]]"
full_scene,99,11,71,0,30,0.0,0.35905054225496214,0.0,0.002864987005774752,"[[ 1.          0.          0.         -0.02784585]
 [ 0.          1.          0.         -0.02500456]
 [ 0.          0.          1.         -0.48511892]
 [ 0.          0.          0.          1.        ]]","[[ 0.91274182 -0.33380208  0.23553883 -0.00738812]
 [ 0.1856555   0.8524793   0.48868301 -0.05383127]
 [-0.36391539 -0.40231234  0.84006569 -0.48678961]
 [ 0.          0.          0.          1.        ]]"
full_scene,99,12,62,6,30,0.7650573074410595,0.7830512500742325,0.0022452915151728826,0.0018710426727005626,"[[-0.74649014 -0.04536226  0.66384843  0.10219751]
 [-0.50695848  0.6849734  -0.52326336 -0.04433779]
 [-0.4309821  -0.72715453 -0.53432267 -0.43758637]
 [ 0.          0.          0.          1.        ]]","[[-0.75187573 -0.01712561  0.65908239  0.10430455]
 [-0.48030266  0.69904383 -0.52976133 -0.04265053]
 [-0.45165499 -0.71487372 -0.53381957 -0.43661373]
 [ 0.          0.          0.          1.        ]]"
full_scene,99,13,62,8,30,0.5827780747075242,0.7294257378704199,0.0024332880646105045,0.001729594070823625,"[[-0.93439704  0.11126139  0.33841258  0.10564438]
 [-0.18104381  0.66982883 -0.72010587 -0.04167923]
 [-0.30679848 -0.7341323  -0.60574289 -0.44008203]
 [ 0.          0.          0.          1.        ]]","[[-0.92220227 -0.00375865  0.38668959  0.10384169]
 [-0.26723032  0.72897715 -0.6302224  -0.04273374]
 [-0.27951909 -0.68452771 -0.67326881 -0.43897201]
 [ 0.          0.          0.          1.        ]]"
full_scene,99,14,62,5,30,0.5557396519983372,0.7927846071619454,0.0025383849830150746,0.001767111145060814,"[[-0.76422043  0.12553043  0.63262093  0.10549815]
 [-0.39379854  0.68598673 -0.61183732 -0.0416245 ]
 [-0.51077377 -0.71670378 -0.47481138 -0.44161105]
 [ 0.          0.          0.          1.        ]]","[[-0.75417346 -0.0096166   0.65660484  0.10373203]
 [-0.43338064  0.75850741 -0.48667005 -0.04230537]
 [-0.49335952 -0.65159346 -0.5762138  -0.44049416]
 [ 0.          0.          0.          1.        ]]"
full_scene,99,16,71,0,30,0.060405156537753225,0.4202741968487825,0.0028611654777187896,0.002750763433257761,"[[ 1.          0.          0.         -0.03425823]
 [ 0.          1.          0.         -0.01260544]
 [ 0.          0.          1.         -0.48054295]
 [ 0.          0.          0.          1.        ]]","[[ 0.87709783 -0.22589666  0.42387509 -0.0248851 ]
 [ 0.09700234  0.94762477  0.30429892 -0.04164555]
 [-0.47041465 -0.22578305  0.85307214 -0.48578849]
 [ 0.          0.          0.          1.        ]]"
full_scene,99,18,62,2,30,0.19496407150068293,0.5970307025357801,0.002352196473033674,0.0016138842399209977,"[[ 0.15812537 -0.50603939 -0.8478918   0.12305997]
 [-0.96428053 -0.26394232 -0.02230474 -0.08543541]
 [-0.21250746  0.8211325  -0.52969991 -0.45070138]
 [ 0.          0.          0.          1.        ]]","[[ 0.28422566  0.00189148 -0.95875555  0.09276126]
 [-0.66296366 -0.72200438 -0.19796176 -0.05608772]
 [-0.69260015  0.6918859  -0.20395819 -0.44281917]
 [ 0.          0.          0.          1.        ]]"
full_scene,99,20,62,3,30,0.6402458578300374,0.7772373656392897,0.0021891367645873474,0.0018752231089293747,"[[-0.83464921  0.10478025  0.5407234   0.0960525 ]
 [-0.37103228  0.61859343 -0.69258733 -0.05603626]
 [-0.40705741 -0.77869331 -0.47743166 -0.43858596]
 [ 0.          0.          0.          1.        ]]","[[-0.81642289 -0.02027703  0.57709836  0.09372902]
 [-0.44478521  0.65942869 -0.60606924 -0.0565684 ]
 [-0.36826593 -0.75149361 -0.54739159 -0.43882929]
 [ 0.          0.          0.          1.        ]]"
full_scene,99,25,62,5,30,0.3558881168715482,0.6221865906526516,0.002338475629143354,0.0016849927347882972,"[[-0.41744648 -0.127345   -0.89973423  0.09729916]
 [-0.80820245 -0.40058089  0.43167552 -0.05743411]
 [-0.41538806  0.90736883  0.06430054 -0.4253142 ]
 [ 0.          0.          0.          1.        ]]","[[ 0.40977601  0.00326803 -0.91218032  0.09686704]
 [-0.80342511 -0.47225049 -0.36261215 -0.05644859]
 [-0.43196263  0.88145833 -0.1908913  -0.42313257]
 [ 0.          0.          0.          1.        ]]"
full_scene,99,26,62,4,30,0.19087237959498782,0.37138191103984797,0.002663449477496701,0.001760016412504229,"[[-0.897372    0.33313754 -0.2893836   0.10475548]
 [ 0.40474973  0.36014818 -0.84051826 -0.07678809]
 [-0.17578721 -0.87138549 -0.45802422 -0.37554875]
 [ 0.          0.          0.          1.        ]]","[[-0.95315778  0.02827137 -0.30114943  0.09745492]
 [ 0.28374527  0.42846727 -0.85784872 -0.07134569]
 [ 0.10478012 -0.9031149  -0.41641878 -0.38500152]
 [ 0.          0.          0.          1.        ]]"
full_scene,99,29,62,11,30,0.2118534354771661,0.4217887047924461,0.0024394661721877093,0.00205973452389413,"[[ 0.16198266 -0.44671658 -0.87988972  0.12948304]
 [-0.98649009 -0.09541969 -0.13316297 -0.05875818]
 [-0.0244727   0.88957258 -0.45613781 -0.40903032]
 [ 0.          0.          0.          1.        ]]","[[-0.1193599  -0.04381547 -0.99188377  0.10455158]
 [-0.94351145 -0.30601101  0.12705667 -0.04569723]
 [-0.3090944   0.95101917 -0.00481496 -0.41016754]
 [ 0.          0.          0.          1.        ]]"
full_scene,99,36,62,1,30,0.0934556683888592,0.327133440228042,0.0030700603389155873,0.0024461802489240815,"[[ 0.9975531  -0.04945636 -0.04941534  0.12400048]
 [ 0.0691785   0.8004332   0.59541668 -0.0470025 ]
 [ 0.01010654 -0.59737824  0.80189594 -0.40906756]
 [ 0.          0.          0.          1.        ]]","[[ 0.32842613 -0.14846658 -0.93278827  0.09538399]
 [ 0.85611681  0.46397194  0.22758306 -0.03275271]
 [ 0.39899911 -0.87331994  0.27948524 -0.40086508]
 [ 0.          0.          0.          1.        ]]"
full_scene,99,40,62,3,30,0.25170140744699804,0.5095255062652176,0.002407986746685885,0.001811723607630497,"[[-0.90287804  0.42985191 -0.0062111   0.10526709]
 [ 0.14710887  0.29535317 -0.94399443 -0.08422828]
 [-0.40394334 -0.85322555 -0.32990292 -0.44429938]
 [ 0.          0.          0.          1.        ]]","[[-0.93228572  0.01160008 -0.36153668  0.0816226 ]
 [ 0.29448527  0.6047398  -0.73997852 -0.07085409]
 [ 0.21005181 -0.79633863 -0.56720633 -0.43939233]
 [ 0.          0.          0.          1.        ]]"
full_scene,99,42,62,2,30,0.3418374012708593,0.6920185284161767,0.002800796797863425,0.0023070098820662864,"[[-0.92675688 -0.34695827  0.14401961  0.06508549]
 [-0.36423752  0.73608906 -0.57052952 -0.07060302]
 [ 0.09193868 -0.5811995  -0.80855081 -0.43814763]
 [ 0.          0.          0.          1.        ]]","[[-0.82681545 -0.03298142  0.56150551  0.08214844]
 [-0.42095855  0.69838325 -0.57883913 -0.06956058]
 [-0.37305511 -0.71496368 -0.59131787 -0.446003  ]
 [ 0.          0.          0.          1.        ]]"
full_scene,99,48,71,0,30,0.06755064456721915,0.33051770002046243,0.0032366955025647003,0.002659225258013563,"[[ 1.          0.          0.         -0.02642668]
 [ 0.          1.          0.         -0.02094694]
 [ 0.          0.          1.         -0.46723337]
 [ 0.          0.          0.          1.        ]]","[[ 0.85546715  0.13507867  0.49992971 -0.03393854]
 [-0.24873997  0.95390737  0.16789627 -0.03376859]
 [-0.45420743 -0.26798224  0.84963588 -0.45516984]
 [ 0.          0.          0.          1.        ]]"
full_scene,99,49,71,0,30,0.04176795580110497,0.3800695723347657,0.003124017257825044,0.002724704265012498,"[[ 1.          0.          0.         -0.02554466]
 [ 0.          1.          0.         -0.01871264]
 [ 0.          0.          1.         -0.46308278]
 [ 0.          0.          0.          1.        ]]","[[ 0.81771826  0.24665669  0.52009357 -0.0323019 ]
 [-0.35521368  0.92721161  0.11875126 -0.03749342]
 [-0.452946   -0.28184942  0.8458137  -0.45396067]
 [ 0.          0.          0.          1.        ]]"
