Scene,Target,Source,Fitness,Inlier RMSE,Transformation
sun3d-mit_76_studyroom-76-1studyroom2,0,6,0.4062938493498411,0.015436654485549125,"[[ 0.71410522 -0.12951979  0.68795229 -0.81839817]
 [ 0.22266388  0.97372237 -0.04780727  0.0704972 ]
 [-0.66368255  0.18732154  0.72417961  0.20443768]
 [ 0.          0.          0.          1.        ]]"
7-scenes-redkitchen,0,15,0.6671430180914714,0.021178767107970124,"[[ 0.87348235 -0.41592043  0.25305884 -0.12177925]
 [ 0.3758597   0.9064648   0.19248651 -0.62763474]
 [-0.30944801 -0.07301895  0.94810873  1.05659668]
 [ 0.          0.          0.          1.        ]]"
sun3d-hotel_umd-maryland_hotel1,15,23,0.6344650331780378,0.020474109545820213,"[[ 6.12426250e-01 -3.02770189e-01  7.30249478e-01 -1.78513895e+00]
 [ 4.42854433e-01  8.96593463e-01  3.36997485e-04  5.49123666e-01]
 [-6.54838941e-01  3.23187833e-01  6.83180493e-01 -4.08060382e-01]
 [ 0.00000000e+00  0.00000000e+00  0.00000000e+00  1.00000000e+00]]"
sun3d-home_md-home_md_scan9_2012_sep_30,55,57,0.6406202917723147,0.01748833186622323,"[[ 0.98622717 -0.03215389 -0.16224087 -0.13865281]
 [-0.00546227  0.97405441 -0.22624802  0.04220021]
 [ 0.16530619  0.22401815  0.96046329 -0.47694369]
 [ 0.          0.          0.          1.        ]]"
sun3d-hotel_umd-maryland_hotel3,33,36,0.46038453514717226,0.011615080149395204,"[[ 0.8405233   0.14728946 -0.52136973  0.13269234]
 [-0.08332894  0.98603085  0.14422017  0.01173201]
 [ 0.53532875 -0.07777523  0.84105538  0.11331514]
 [ 0.          0.          0.          1.        ]]"
sun3d-hotel_uc-scan3,18,36,0.5184447285358776,0.020182653548443088,"[[ 0.5706488   0.24809734 -0.78282032  1.14459354]
 [-0.24982412  0.96053572  0.12230716 -0.31878984]
 [ 0.78227096  0.12577296  0.61010925  1.27949289]
 [ 0.          0.          0.          1.        ]]"
sun3d-home_at-home_at_scan1_2013_jan_1,14,16,0.87727451009597,0.014977855007752582,"[[ 0.97058285  0.07759031 -0.22792252  0.3399575 ]
 [-0.06044601  0.99485745  0.08127076 -0.48793562]
 [ 0.23305624 -0.065103    0.9702816   0.23261472]
 [ 0.          0.          0.          1.        ]]"
sun3d-mit_lab_hj-lab_hj_tea_nov_2_2012_scan1_erika,2,8,0.38187279198408036,0.021998897941673833,"[[ 0.07829703  0.05847772 -0.99521351  2.17256332]
 [-0.06401566  0.99651284  0.05351772 -0.4374831 ]
 [ 0.99487264  0.05951897  0.08176748  1.87574905]
 [ 0.          0.          0.          1.        ]]"
