0 10 60
0.994342583670 0.012257719493 0.105511016547 -0.220024758655
-0.021870522692 0.995661877931 0.090438404854 -0.234330058110
-0.103944728280 -0.092234338227 0.990297086896 0.041230036708
0.000000000000 0.000000000000 0.000000000000 1.000000000000
0 11 60
0.997530084119 0.021210522566 -0.066961518868 0.160622669896
-0.017477570869 0.998286213589 0.055849532448 -0.151600509860
0.068031358895 -0.054541264109 0.996191239028 0.010623516887
0.000000000000 0.000000000000 0.000000000000 1.000000000000
0 16 60
0.999936695145 -0.004262296224 0.010413382397 -0.063863906006
0.003432285502 0.996911139534 0.078462725474 -0.207592289811
-0.010715648291 -0.078422016701 0.996862659637 0.047235916333
0.000000000000 0.000000000000 0.000000000000 1.000000000000
0 18 60
-0.202634915987 0.873998412942 -0.441662614444 1.063632335330
-0.969532907666 -0.115665251357 0.215933995892 -0.202845728338
0.137640952395 0.471962205906 0.870808041086 1.464199514611
0.000000000000 0.000000000000 0.000000000000 1.000000000000
0 19 60
-0.325036876268 -0.146336694692 0.934310762462 -1.065895361507
-0.702206875789 -0.624404782331 -0.342087958565 0.461373004253
0.633448129416 -0.767270642986 0.100195946783 2.236466244069
0.000000000000 0.000000000000 0.000000000000 1.000000000000
0 20 60
-0.597741992979 -0.331292764927 0.730033981220 -1.292623612766
-0.675466334780 0.698592236515 -0.236038381751 0.530405255950
-0.431798263553 -0.634203430287 -0.641355025399 2.494272563041
0.000000000000 0.000000000000 0.000000000000 1.000000000000
0 22 60
-0.924092910216 -0.128357403452 -0.359967596137 -0.496473228819
-0.230606261773 -0.563820250187 0.793049479862 -0.471444111322
-0.304750792157 0.815862183495 0.491422274853 1.741515471379
0.000000000000 0.000000000000 0.000000000000 1.000000000000
0 24 60
0.477234579007 -0.756054031953 -0.447916797372 0.011777007397
-0.419114258426 0.252179464380 -0.872209124080 1.056318063440
0.772392643015 0.603976670503 -0.196524264415 2.540288052097
0.000000000000 0.000000000000 0.000000000000 1.000000000000
0 25 60
0.659143910844 0.355960520331 0.662435968802 -0.851528995474
-0.047349409923 -0.859486862467 0.508960083529 -0.194825667889
0.750524708572 -0.366843892156 -0.549671011252 2.798678624412
0.000000000000 0.000000000000 0.000000000000 1.000000000000
0 35 60
0.996748313905 0.007686242622 -0.080210475642 0.181549607421
0.000876591907 0.994346826127 0.106177309055 -0.245252889127
0.080573136435 -0.105902365630 0.991106784680 0.001145148984
0.000000000000 0.000000000000 0.000000000000 1.000000000000
0 54 60
0.587428090673 -0.808888082818 0.025066067996 -0.261191865284
0.103831459845 0.044614363706 -0.993593773379 1.342991737184
0.802587855773 0.586267539633 0.110195760978 2.149870675667
0.000000000000 0.000000000000 0.000000000000 1.000000000000
0 57 60
0.393637366828 0.886534913270 -0.243116167684 1.357909473433
0.875504900337 -0.442176908224 -0.194860851171 0.518923323958
-0.280251303158 -0.136144883806 -0.950223014714 4.100256523595
0.000000000000 0.000000000000 0.000000000000 1.000000000000
1 7 60
0.999380530185 -0.016191643375 -0.031247185014 0.129110822257
0.015918512964 0.999833055772 -0.008970035139 0.028160993601
0.031387208087 0.008467069753 0.999471436259 0.033100097037
0.000000000000 0.000000000000 0.000000000000 1.000000000000
1 18 60
-0.822530481946 -0.169291802431 -0.542940044480 -0.144687686302
0.215642825672 -0.976217657915 -0.022299240181 -0.167446621601
-0.526252580047 -0.135422930135 0.839475343287 1.431919363189
0.000000000000 0.000000000000 0.000000000000 1.000000000000
1 20 60
0.358311128416 0.912318387071 -0.198212754047 0.120485906152
-0.036442636013 0.225815446107 0.973488222107 -0.123300454826
0.932890706103 -0.341588268114 0.114159474216 2.451937829725
0.000000000000 0.000000000000 0.000000000000 1.000000000000
1 21 60
-0.073388584506 0.467089835432 0.881159010225 -1.393979950020
0.994983804987 -0.025934165335 0.096615976328 0.039675954653
0.067980463940 0.883829454535 -0.462843550045 2.690265649460
0.000000000000 0.000000000000 0.000000000000 1.000000000000
1 22 60
0.145748750440 -0.404696812839 0.902761203987 0.309530642204
0.941371763703 0.337370197047 -0.000743402312 -0.120973423912
-0.304263872729 0.849942256758 0.430141437122 2.792019950397
0.000000000000 0.000000000000 0.000000000000 1.000000000000
1 54 60
-0.131645232195 0.675471929513 -0.725539251371 1.940033095112
-0.431626824337 0.619827684538 0.655371593825 -0.090472297831
0.892394429248 0.399438748644 0.209954444412 2.076563168610
0.000000000000 0.000000000000 0.000000000000 1.000000000000
2 8 60
-0.846639561451 0.360350425137 0.391598038927 -0.920179999178
0.362570062560 -0.148054387734 0.920121105077 -1.374227824186
0.389543839283 0.920992654356 -0.005303574284 2.732551099393
0.000000000000 0.000000000000 0.000000000000 1.000000000000
2 17 60
-0.118885107345 -0.003084145546 -0.992903227559 1.579414034782
0.980409045249 -0.158534760631 -0.116896679444 0.494884361471
-0.157049149138 -0.987348579640 0.021871146226 2.175606510373
0.000000000000 0.000000000000 0.000000000000 1.000000000000
2 18 60
0.461833121766 0.601503818735 -0.651846088957 1.443838731349
-0.745211628414 -0.135409870830 -0.652934756127 1.012884848413
-0.481009143901 0.787310182158 0.385710876893 1.757480529078
0.000000000000 0.000000000000 0.000000000000 1.000000000000
2 19 60
-0.910839573000 0.032518332688 0.411477618220 -1.347438587139
0.012458796664 -0.994271639594 0.106154062962 -0.510240398210
0.412572479260 0.101815837358 0.905216816360 2.338635164767
0.000000000000 0.000000000000 0.000000000000 1.000000000000
2 22 60
0.808137591122 0.526805175853 0.263419704104 -1.058717049903
-0.488654956074 0.849364763440 -0.199488928341 0.177144929626
-0.328831214638 0.032493158067 0.943829553976 2.526266858490
0.000000000000 0.000000000000 0.000000000000 1.000000000000
3 5 60
0.994485644507 0.024137224698 0.102057323365 -0.224499554428
-0.024693598519 0.999686279401 0.004191535407 0.031981830676
-0.101924133848 -0.006688584360 0.994769688812 -0.110397783931
0.000000000000 0.000000000000 0.000000000000 1.000000000000
3 7 60
0.999335568009 0.008403091966 0.035465625005 -0.153185354482
-0.010126872246 0.998761725599 0.048707924784 -0.195715483720
-0.035012411658 -0.049034717534 0.998183213396 0.034387220009
0.000000000000 0.000000000000 0.000000000000 1.000000000000
3 8 60
-0.765959573370 0.639552825134 0.065407307137 -0.756493728115
-0.621104024889 -0.709904184926 -0.332063003796 -0.078281093191
-0.165938911139 -0.294971578440 0.940986740439 0.592122453729
0.000000000000 0.000000000000 0.000000000000 1.000000000000
3 17 60
-0.341475460412 -0.553859927498 -0.759364004051 1.009238905622
0.902822012085 -0.417949881923 -0.101144998364 0.840366116012
-0.261355934370 -0.720109072928 0.642756562516 0.735205371951
0.000000000000 0.000000000000 0.000000000000 1.000000000000
3 21 60
0.010754350740 0.456077854857 0.889874898089 -1.661643748916
-0.956049417589 0.265460671339 -0.124499570680 0.219542608553
-0.293008284981 -0.849425465995 0.438887824678 2.123597258629
0.000000000000 0.000000000000 0.000000000000 1.000000000000
3 22 60
0.271736809238 0.343044770912 0.899154820737 -0.361385692540
-0.727247348076 0.685113669108 -0.041599941314 0.647196017396
-0.630293900669 -0.642603723573 0.435649002326 1.133045110882
0.000000000000 0.000000000000 0.000000000000 1.000000000000
3 25 60
-0.615167944556 0.788362014673 0.007330335059 0.514157714933
-0.527854428759 -0.418761530054 0.738923868193 -0.552030132695
0.585609171744 0.450692927354 0.673749050613 1.227372414079
0.000000000000 0.000000000000 0.000000000000 1.000000000000
3 36 60
-0.612045791927 -0.469504486239 -0.636368985721 0.639424580733
0.707392902429 -0.684779881857 -0.175133648958 -0.444016060306
-0.353546644982 -0.557352716693 0.751240786311 1.191829101152
0.000000000000 0.000000000000 0.000000000000 1.000000000000
3 40 60
0.999907846772 0.013035527100 -0.003791173544 0.005240190062
-0.013102214210 0.999749748533 -0.018132079034 0.099998458210
0.003553863590 0.018180080872 0.999828412635 0.033864611213
0.000000000000 0.000000000000 0.000000000000 1.000000000000
3 54 60
-0.974127852004 -0.088943026307 -0.207759635204 0.467719375454
-0.212549598854 0.048176823904 0.975961916094 -1.767502232765
-0.076795807018 0.994870912083 -0.065835190549 3.145959964725
0.000000000000 0.000000000000 0.000000000000 1.000000000000
4 8 60
0.998788190278 -0.043730968974 0.022577717204 -0.034353343845
0.041466989185 0.994847015213 0.092519755351 -0.123176271371
-0.026507353121 -0.091471409056 0.995454841545 0.050914095513
0.000000000000 0.000000000000 0.000000000000 1.000000000000
4 11 60
0.831644662017 -0.508699442234 -0.222692688722 0.274367325797
0.422632440247 0.839950409295 -0.340389674311 0.110311505704
0.360206852503 0.188966101187 0.913533160872 1.178773904921
0.000000000000 0.000000000000 0.000000000000 1.000000000000
4 18 60
0.598985682538 -0.780081196808 -0.180802318849 0.369509466811
-0.269187575922 -0.408806623088 0.872017886220 -0.535267453948
-0.754157941736 -0.473656490831 -0.454857480548 2.110210528430
0.000000000000 0.000000000000 0.000000000000 1.000000000000
4 21 60
-0.031849827684 -0.984826224371 -0.170595709993 0.896776874340
-0.759697935286 0.134766985378 -0.636157925971 0.019267253911
0.649495677891 0.109339688329 -0.752462754531 2.796325760894
0.000000000000 0.000000000000 0.000000000000 1.000000000000
4 23 60
0.531801369413 -0.101510133423 -0.840763341436 1.412230511120
-0.259962506607 0.925290233287 -0.276147568052 -0.048526739036
0.805981884814 0.365422600552 0.465681784436 1.665774379446
0.000000000000 0.000000000000 0.000000000000 1.000000000000
4 24 60
-0.165421761409 0.156417627294 0.973739783886 -1.570677558160
0.947155859070 -0.249944745091 0.201055721208 0.287005165845
0.274829800934 0.955542333061 -0.106805572165 1.745880405718
0.000000000000 0.000000000000 0.000000000000 1.000000000000
4 25 60
0.350450423669 -0.776979028546 0.522960887399 -1.304026260621
0.380458883040 0.628327197325 0.678569061642 -0.599285986413
-0.855824479007 -0.038839700047 0.515806105852 1.903001273850
0.000000000000 0.000000000000 0.000000000000 1.000000000000
4 39 60
0.998721611866 0.044747019355 0.023512682754 -0.059599252198
-0.046268862358 0.996560033484 0.068755305524 -0.262846531206
-0.020355204925 -0.069755314640 0.997356436642 -0.039531532250
0.000000000000 0.000000000000 0.000000000000 1.000000000000
5 8 60
-0.657257454156 0.753655247133 -0.004050608219 -0.048017050470
0.520018979815 0.449601590314 -0.726249730203 1.250226628228
-0.545520759999 -0.479439441908 -0.687419029379 3.742638549375
0.000000000000 0.000000000000 0.000000000000 1.000000000000
5 18 60
-0.842715018788 -0.393534664160 0.367371562880 -0.651059269632
-0.149568015755 -0.484384221932 -0.861975251504 1.243540019841
0.517166129761 -0.781346525972 0.349337659837 1.352089223694
0.000000000000 0.000000000000 0.000000000000 1.000000000000
5 20 60
0.524245324540 -0.681706832926 -0.510335804779 0.865547266946
-0.678249499039 0.028116460624 -0.734293593664 0.697015054335
0.514921796735 0.731084987251 -0.447627394898 2.688925157260
0.000000000000 0.000000000000 0.000000000000 1.000000000000
5 22 60
0.292077496121 0.692984690425 -0.659138039484 0.020012209493
-0.334541938965 0.719680072440 0.608393198849 -0.465823672972
0.895975684566 0.042811355599 0.442034795575 2.361071310030
0.000000000000 0.000000000000 0.000000000000 1.000000000000
5 23 60
0.689043085092 -0.620422418276 0.374560608962 -0.377380987131
0.644433986285 0.760975249382 0.074976710712 0.300169133963
-0.331548584987 0.189717402280 0.924166025703 0.903246180039
0.000000000000 0.000000000000 0.000000000000 1.000000000000
5 25 60
0.323949895052 -0.093142826761 -0.941478029122 -0.184399646624
0.924050537476 0.244622687732 0.293752182693 -0.251097244733
0.202945977261 -0.965134267586 0.165314173148 2.293646758495
0.000000000000 0.000000000000 0.000000000000 1.000000000000
5 36 60
0.447115000743 0.894405610451 0.011259667151 -0.586090177067
0.462572067352 -0.220429925136 -0.858741946461 1.974848066814
-0.765581647257 0.389164813541 -0.512284578418 3.003151887782
0.000000000000 0.000000000000 0.000000000000 1.000000000000
5 39 60
0.999948268337 -0.005907711441 -0.008280072148 0.029646165610
0.005750955743 0.999806172820 -0.018829320221 0.034691918217
0.008389705436 0.018780727820 0.999788426171 -0.097996415866
0.000000000000 0.000000000000 0.000000000000 1.000000000000
5 40 60
0.999585033290 0.002182462294 -0.028722779810 0.061324640569
-0.001641447576 0.999821053703 0.018845854227 -0.007298993300
0.028758770342 -0.018790886887 0.999409743648 0.060183605005
0.000000000000 0.000000000000 0.000000000000 1.000000000000
5 52 60
0.996986340860 -0.076636579998 -0.012044531771 0.017870425435
0.076996249991 0.996486750614 0.032950467945 0.034624014002
0.009477005155 -0.033778550245 0.999384408482 0.046583564096
0.000000000000 0.000000000000 0.000000000000 1.000000000000
6 21 60
-0.732641366795 0.432769222204 -0.525306984509 -0.409209226052
-0.502687299522 -0.864397922742 -0.011032228160 -0.865512747036
-0.458848675011 0.255982482745 0.850841267199 1.783359507306
0.000000000000 0.000000000000 0.000000000000 1.000000000000
6 31 60
0.134780724624 -0.201301072469 -0.970212365667 1.181834181896
0.147094060106 0.972362540295 -0.181313065475 -0.070587004380
0.979896675038 -0.118274969682 0.160665919832 3.213393348537
0.000000000000 0.000000000000 0.000000000000 1.000000000000
7 19 60
-0.209830646754 0.202863079420 0.956461013680 -1.174677103107
-0.294424289230 0.919722649077 -0.259662447587 0.555335391783
-0.932354780968 -0.336090493443 -0.133258180321 2.571020028341
0.000000000000 0.000000000000 0.000000000000 1.000000000000
7 29 60
-0.991091112022 0.003543590456 -0.133138464154 1.614043493291
-0.049280690784 -0.938453911315 0.341870837971 -0.248969377180
-0.123732862193 0.345386304456 0.930267961132 -0.907931930735
0.000000000000 0.000000000000 0.000000000000 1.000000000000
7 34 60
0.347595367348 -0.599326504921 0.721099993827 -1.735744624311
0.282188893929 0.800265321901 0.529098140901 -1.446696079500
-0.894173858229 0.019574347020 0.447291802069 2.352073007321
0.000000000000 0.000000000000 0.000000000000 1.000000000000
8 10 60
-0.037434681740 -0.868593217692 0.494109771997 -1.389728922192
0.888138057657 -0.255563180255 -0.381966296210 0.669970893173
0.458049599001 0.424538906436 0.780997619571 0.637545865255
0.000000000000 0.000000000000 0.000000000000 1.000000000000
8 12 60
0.925624951232 0.279910079484 0.254693535565 -1.078596011242
0.211776868888 -0.940879460895 0.264379268985 -0.508496524007
0.313638338632 -0.190777848473 -0.930179985311 3.929390784614
0.000000000000 0.000000000000 0.000000000000 1.000000000000
8 17 60
0.727751264425 0.640267098176 -0.245837629588 0.728654716676
-0.661914992971 0.749543081141 -0.007328819271 -0.008606905710
0.179573492495 0.168057170352 0.969283316831 0.924746776943
0.000000000000 0.000000000000 0.000000000000 1.000000000000
8 18 60
0.504609075296 -0.781516613274 0.366880722178 -0.130376335967
0.747677683731 0.183102862875 -0.638319217052 0.759424179423
0.431680162133 0.596410198423 0.676717897530 1.405979434482
0.000000000000 0.000000000000 0.000000000000 1.000000000000
8 19 60
-0.209204548183 0.269077274867 -0.940122798984 1.041322693776
0.977243106875 0.092000599728 -0.191132937285 0.157338922046
0.035062331422 -0.958714404711 -0.282200855979 2.268660599261
0.000000000000 0.000000000000 0.000000000000 1.000000000000
8 20 60
-0.085751532124 0.446928944267 -0.890449994954 1.187992405653
0.865633845337 -0.409073549064 -0.288681272797 0.182880517894
-0.493279556181 -0.795558514650 -0.351798137034 2.077852240601
0.000000000000 0.000000000000 0.000000000000 1.000000000000
8 22 60
-0.485544711755 0.437265268463 -0.756997634000 0.913708102842
0.659444314437 0.751669761426 0.011214540274 -0.059543340248
0.573915959914 -0.493752625059 -0.653321372835 2.441214422813
0.000000000000 0.000000000000 0.000000000000 1.000000000000
8 23 60
-0.765602939774 -0.635141425077 -0.102213055726 -0.876177630154
-0.643283443849 0.757375768024 0.112108683335 -0.649553880603
0.006208822685 0.151582704029 -0.988425077767 2.856045356136
0.000000000000 0.000000000000 0.000000000000 1.000000000000
8 25 60
0.879771484572 0.163475201981 0.446405637588 0.102140717143
-0.354233469572 -0.400822834304 0.844902186371 -0.603605090869
0.317050128479 -0.901452668662 -0.294724112000 2.365263449009
0.000000000000 0.000000000000 0.000000000000 1.000000000000
8 29 60
0.709979207143 -0.032656154609 -0.703465067357 1.731515067915
-0.704007378860 -0.057609868057 -0.707852183448 2.864021583485
-0.017410799370 0.997804930169 -0.063891982256 1.595754349277
0.000000000000 0.000000000000 0.000000000000 1.000000000000
8 31 60
-0.234069488806 0.634909441686 0.736275407214 -1.916891760367
-0.055196038566 -0.764770526704 0.641934138999 -0.840316395932
0.970651776765 0.109617709990 0.214053932268 2.342330499064
0.000000000000 0.000000000000 0.000000000000 1.000000000000
8 34 60
-0.385196485472 -0.406390964702 -0.828534882421 1.222864638404
-0.046890913542 0.905274613815 -0.422231116581 0.200917351237
0.921642506510 -0.123791184625 -0.367764643219 2.164167547827
0.000000000000 0.000000000000 0.000000000000 1.000000000000
8 40 60
0.998670317800 0.024356830191 0.045435021378 -0.117467486439
-0.022430310462 0.998847195622 -0.042440086842 0.096208889526
-0.046416349675 0.041364533379 0.998065377549 -0.036786235375
0.000000000000 0.000000000000 0.000000000000 1.000000000000
8 50 60
0.740659774966 0.602441505097 -0.297468201131 0.406531747180
-0.652355276254 0.538855121433 -0.532980066840 1.587643139909
-0.160797050011 0.588811846893 0.792114207464 -0.089555776584
0.000000000000 0.000000000000 0.000000000000 1.000000000000
8 57 60
0.992156564004 -0.002900058713 -0.124967764495 0.234092846209
0.006216013042 0.999638632820 0.026152723691 -0.054294990346
0.124846760812 -0.026724397731 0.991816057987 0.073880301877
0.000000000000 0.000000000000 0.000000000000 1.000000000000
8 58 60
-0.936129193707 0.270435840398 -0.224781202323 -0.303073031745
0.328522208517 0.900568906679 -0.284690714343 0.272831430528
0.125440389031 -0.340352905893 -0.931893024038 3.687465595360
0.000000000000 0.000000000000 0.000000000000 1.000000000000
8 59 60
0.999521831671 -0.020905507044 0.022783059223 0.006668907905
0.018653655139 0.995309507140 0.094926424908 -0.207944849017
-0.024660680491 -0.094456046768 0.995223545776 0.091619224527
0.000000000000 0.000000000000 0.000000000000 1.000000000000
9 14 60
0.550450468849 -0.832627605987 -0.061119154868 -0.682462607090
0.787965789944 0.542324824818 -0.291536787153 0.888715199900
0.275888012101 0.112316758028 0.954605023371 -0.218677042006
0.000000000000 0.000000000000 0.000000000000 1.000000000000
9 16 60
0.684318400337 -0.629401092297 -0.368188256162 0.076587404483
0.033093759429 -0.477604439804 0.877951480530 -1.947419296615
-0.728431966657 -0.612983086304 -0.306004257909 2.451573411531
0.000000000000 0.000000000000 0.000000000000 1.000000000000
9 17 60
-0.757454583663 -0.435773636036 0.486172697530 -1.758751298840
0.652215532076 -0.471261545602 0.593740225483 -0.689812636970
-0.029621840052 0.766820639897 0.641177551711 1.267766327573
0.000000000000 0.000000000000 0.000000000000 1.000000000000
9 18 60
0.598635974565 -0.786391521695 0.152392075133 -0.875030998293
0.783661674047 0.535573480493 -0.314698947603 0.532813665733
0.165859430202 0.307813939904 0.936878448793 1.468437774491
0.000000000000 0.000000000000 0.000000000000 1.000000000000
9 19 60
0.841850382891 0.536979934721 -0.054226216279 -0.646993874016
0.063638937334 -0.198534591954 -0.978025613904 1.216225537197
-0.535945910033 0.819900338763 -0.201309254669 2.049145016008
0.000000000000 0.000000000000 0.000000000000 1.000000000000
9 21 60
0.691032116880 -0.248838579037 -0.678641271235 0.076795120041
0.154548919748 -0.866298274233 0.475017822259 -0.320908511917
-0.706108522003 -0.433135846637 -0.560182196712 2.600794018959
0.000000000000 0.000000000000 0.000000000000 1.000000000000
9 22 60
0.330180041846 0.697082032520 -0.636441497629 -0.397789228109
-0.869135839806 0.487542707548 0.083096331333 -0.276254290250
0.368217370491 0.525717365372 0.766835849329 1.882506415973
0.000000000000 0.000000000000 0.000000000000 1.000000000000
9 23 60
0.025372889667 0.194741942827 0.980526283265 -1.111850883445
-0.891704882066 0.447799610145 -0.065862830595 -0.405793182310
-0.451905542974 -0.872668943448 0.185014311263 1.914741163889
0.000000000000 0.000000000000 0.000000000000 1.000000000000
9 24 60
-0.480751315941 0.824659154703 0.298019212108 -1.186332392369
0.540501534329 0.011073856775 0.841270147506 -0.913818726414
0.690460906648 0.565521571879 -0.451053309632 2.621989108140
0.000000000000 0.000000000000 0.000000000000 1.000000000000
9 25 60
0.187762906218 -0.980463600674 -0.058619269884 -0.718530187629
-0.965582343824 -0.195190810725 0.171904871086 -0.542170663409
-0.179988411691 0.024324373820 -0.983367935462 3.101091729286
0.000000000000 0.000000000000 0.000000000000 1.000000000000
9 36 60
0.725883604267 -0.198506229666 -0.658550127052 1.315978130011
-0.433053355914 -0.875754111120 -0.213353059010 0.276519458170
-0.534376069812 0.440056830014 -0.721659339558 2.978201402923
0.000000000000 0.000000000000 0.000000000000 1.000000000000
9 37 60
-0.132982573774 -0.227228615415 -0.964719022000 1.135014180499
-0.866190841982 0.499710452307 0.001699741916 0.275873639523
0.481693948830 0.835856817997 -0.263276127798 2.387373965484
0.000000000000 0.000000000000 0.000000000000 1.000000000000
9 52 60
-0.153895884518 -0.925457479347 -0.346185659219 -0.239674810982
0.619256967606 -0.363351475061 0.696057837857 -1.095890141789
-0.769959002026 -0.107257444925 0.629014288953 -0.024991595531
0.000000000000 0.000000000000 0.000000000000 1.000000000000
9 59 60
0.998016569322 0.005376249322 0.062721792878 -0.083219381426
-0.003900713783 0.999713307682 -0.023623862405 -0.010580252887
-0.062830818796 0.023332346350 0.997751416849 -0.002600926853
0.000000000000 0.000000000000 0.000000000000 1.000000000000
10 12 60
-0.096360435858 -0.978637494897 -0.181613105205 -0.163781091508
0.980571045269 -0.124658697665 0.151461659425 -0.586220699424
-0.170865712127 -0.163489640888 0.971635757752 0.452239883383
0.000000000000 0.000000000000 0.000000000000 1.000000000000
10 16 60
0.999931658584 -0.002399840370 0.011441980929 0.001551103132
0.002519945207 0.999941761007 -0.010494020660 0.015677605201
-0.011416130585 0.010522136649 0.999879471038 -0.049111155997
0.000000000000 0.000000000000 0.000000000000 1.000000000000
10 17 60
-0.332298956633 -0.917310767106 0.219358975134 -0.816646854976
0.927243997966 -0.275163411250 0.253975718023 0.257054930055
-0.172615096840 0.287795159202 0.942007417531 1.095873527130
0.000000000000 0.000000000000 0.000000000000 1.000000000000
10 18 60
-0.488470509533 -0.600703792328 0.632891392894 -1.098377282170
0.844361424542 -0.508363438688 0.169175645264 -0.007943531932
0.220114393128 0.617026391727 0.755531657742 1.536473030927
0.000000000000 0.000000000000 0.000000000000 1.000000000000
10 19 60
-0.113583220723 -0.014285713610 0.993425774961 -1.520839797886
-0.654515925991 0.753334449091 -0.064000862771 0.046679739920
-0.747467560898 -0.657482415125 -0.094916380081 2.052895293426
0.000000000000 0.000000000000 0.000000000000 1.000000000000
10 20 60
0.186145680264 -0.836879881697 0.514763877258 -0.830469319711
-0.898779372950 0.066614995698 0.433310605811 -0.357742922714
-0.396919921998 -0.543318052304 -0.739770281616 2.892641745982
0.000000000000 0.000000000000 0.000000000000 1.000000000000
10 21 60
0.335182833444 0.790180318926 0.513096025853 -1.154176559361
-0.070197193967 0.564030897008 -0.822764547839 0.761898944283
-0.939534364525 0.239758651151 0.244521915326 1.827153739259
0.000000000000 0.000000000000 0.000000000000 1.000000000000
10 22 60
0.318769771711 -0.299090850488 0.899405634738 -0.970132024840
-0.947187296451 -0.065522543547 0.313915628362 -0.435175507808
-0.034957947399 -0.951972404769 -0.304181660314 2.444658548564
0.000000000000 0.000000000000 0.000000000000 1.000000000000
10 24 60
-0.797114288506 0.350858746401 0.491433567366 -0.774563788390
-0.599720649935 -0.365247052932 -0.711989980524 -0.018189375413
-0.070313249825 -0.862260245169 0.501560880153 1.650836489136
0.000000000000 0.000000000000 0.000000000000 1.000000000000
10 25 60
-0.013703061353 0.327874945469 0.944621747708 -1.517892603576
-0.991813886915 -0.124403433082 0.028792352452 0.134112633671
0.126954479369 -0.936494423887 0.326895631964 1.639050714200
0.000000000000 0.000000000000 0.000000000000 1.000000000000
10 28 60
-0.893357671508 -0.149673656143 0.423686048172 -1.196124896601
0.032684558656 0.918751999004 0.393479966391 -0.746812673368
-0.448155988897 0.365366338053 -0.815882129130 4.820317938361
0.000000000000 0.000000000000 0.000000000000 1.000000000000
10 34 60
0.589530060847 0.805459389041 -0.060741089585 -0.495363623012
0.636432742558 -0.416876173973 0.648974282829 -1.792110857019
0.497400916322 -0.421247466675 -0.758381764194 2.745747244873
0.000000000000 0.000000000000 0.000000000000 1.000000000000
10 35 60
0.019476456589 -0.583176404827 0.812112029520 -1.811917280298
0.855777616231 -0.410278865692 -0.315144290640 -0.281890033936
0.516977116704 0.701125190832 0.491078535050 0.566679036367
0.000000000000 0.000000000000 0.000000000000 1.000000000000
10 36 60
0.552061367234 0.634683323826 -0.540745157412 0.483551483880
-0.789292493857 0.606851051569 -0.093536946444 -0.520868220348
0.268785427337 0.478444228376 0.835969804709 0.399222975780
0.000000000000 0.000000000000 0.000000000000 1.000000000000
10 37 60
0.614998440539 -0.406407002795 -0.675729432699 0.197556872169
0.644459263102 0.752850314026 0.133748506057 -0.831403576343
0.454366786130 -0.517735214903 0.724914526625 0.469593702265
0.000000000000 0.000000000000 0.000000000000 1.000000000000
10 45 60
-0.703560520345 0.411771154292 -0.579177961170 0.411196624794
-0.522822722003 -0.851933828072 0.029413499335 -0.686489775564
-0.481309667022 0.323501575080 0.814670323108 -0.520628303639
0.000000000000 0.000000000000 0.000000000000 1.000000000000
10 54 60
0.927695291334 0.345372001960 -0.141773152253 0.031819065008
0.360158312740 -0.727895569479 0.583484386849 -1.763765183609
0.098323121402 -0.592356497554 -0.799653889881 2.752652468227
0.000000000000 0.000000000000 0.000000000000 1.000000000000
11 17 60
0.082648767525 0.712131560372 -0.697164128416 0.640951771240
-0.833602772107 0.432772874616 0.343240524022 -0.041824964691
0.546146133888 0.552789543786 0.629402987536 1.651523278054
0.000000000000 0.000000000000 0.000000000000 1.000000000000
11 18 60
0.373000942938 0.792335215653 -0.482778626913 0.451773105577
0.618251432272 -0.600232360833 -0.507431058867 0.804435580253
-0.691834852447 -0.109206314126 -0.713749618490 2.953546901781
0.000000000000 0.000000000000 0.000000000000 1.000000000000
11 19 60
-0.748879308871 -0.042814731165 -0.661321918238 -0.002955585669
0.640263053355 -0.304246060956 -0.705335067114 1.113987679758
-0.171005857368 -0.951630828204 0.255256270360 1.909987092543
0.000000000000 0.000000000000 0.000000000000 1.000000000000
11 20 60
-0.924385980712 0.179931238901 0.336355924478 -0.527435447838
0.047827595515 0.929473995771 -0.365773990727 0.915967971651
-0.378448252435 -0.322029254032 -0.867798409642 2.902315583090
0.000000000000 0.000000000000 0.000000000000 1.000000000000
11 21 60
-0.571773582862 0.789407365589 0.223407656753 -0.708999000761
0.535568088783 0.565433913216 -0.627256974503 0.863183477112
-0.621483541390 -0.238998955939 -0.746081568491 2.745748036651
0.000000000000 0.000000000000 0.000000000000 1.000000000000
11 22 60
-0.500892976136 -0.773316177107 0.388700806125 -0.676755111339
-0.792977091134 0.230066291661 -0.564142565650 0.665696615959
0.346833619181 -0.590805883236 -0.728460602187 2.816007381828
0.000000000000 0.000000000000 0.000000000000 1.000000000000
11 23 60
0.007420937743 -0.445147658858 0.895426429974 -1.362253485086
0.441566283976 -0.801960238264 -0.402341885837 0.888575225271
0.897197941671 0.398375875343 0.190610900542 1.741992151671
0.000000000000 0.000000000000 0.000000000000 1.000000000000
11 24 60
0.053996439473 -0.614546251795 -0.787030678519 0.627466210228
-0.535337022049 0.647520344057 -0.542339079225 0.665572268004
0.842910824078 0.450611038965 -0.294025567282 2.694992777810
0.000000000000 0.000000000000 0.000000000000 1.000000000000
11 25 60
-0.091672978223 0.300907551386 -0.949236909619 0.442307507991
-0.992981094949 0.043914289319 0.109818396763 -0.101988187397
0.074730249148 0.952641685374 0.294769756166 2.113983644561
0.000000000000 0.000000000000 0.000000000000 1.000000000000
11 28 60
0.672540834977 -0.189778151729 -0.715313272920 1.390610238721
-0.738886164941 -0.117771954645 -0.663458364903 2.824434693435
0.041666059905 0.974737923662 -0.219430899434 2.855133465317
0.000000000000 0.000000000000 0.000000000000 1.000000000000
11 53 60
-0.341983135744 0.325284275844 0.881610840879 -1.469213466785
-0.833463832762 -0.538323348726 -0.124683646457 -0.012406344662
0.434034070488 -0.777430454834 0.455210186124 1.627350424311
0.000000000000 0.000000000000 0.000000000000 1.000000000000
12 15 60
-0.039877761243 0.995468115020 0.086330736917 -0.034094139916
-0.536455838628 0.051561863786 -0.842351771770 1.708642979835
-0.842985704125 -0.079903730709 0.531968510778 -0.187136986539
0.000000000000 0.000000000000 0.000000000000 1.000000000000
12 17 60
0.685653315115 -0.464339071152 -0.560596787784 0.816034856077
-0.226208533607 -0.867913436116 0.442217103618 -0.932762391189
-0.691888163503 -0.176395845786 -0.700125185088 2.613841029704
0.000000000000 0.000000000000 0.000000000000 1.000000000000
12 18 60
-0.454707329885 0.889911027252 0.036050072465 -0.202539353826
-0.802302060227 -0.391696075952 -0.450428227622 0.318600594024
-0.386720374825 -0.233736064096 0.892084527405 0.669702629726
0.000000000000 0.000000000000 0.000000000000 1.000000000000
12 20 60
0.563346588507 0.709999382422 -0.422541711762 0.383567671520
-0.725753518262 0.669653836860 0.157624774413 0.325729041518
0.394870171002 0.217863754994 0.892531754232 1.182102836707
0.000000000000 0.000000000000 0.000000000000 1.000000000000
12 21 60
0.128968097393 0.984472500049 0.119084535111 0.010147547869
0.983283428436 -0.111389447856 -0.144035031392 0.434724886345
-0.128533766834 0.135669773914 -0.982381180209 2.711299184758
0.000000000000 0.000000000000 0.000000000000 1.000000000000
12 22 60
-0.682700201219 -0.699224216958 0.212146010272 -0.355535040479
0.727171987747 -0.621650050565 0.291156512667 0.069583563728
-0.071703106568 0.353039245765 0.932856878335 1.237038101762
0.000000000000 0.000000000000 0.000000000000 1.000000000000
12 23 60
0.648202334217 0.591211628186 -0.479898473234 0.075307661723
-0.183512799884 0.732939831660 0.655074236590 -1.039788013608
0.739024212184 -0.336553136760 0.583588210936 1.554635994024
0.000000000000 0.000000000000 0.000000000000 1.000000000000
12 24 60
0.399587930797 -0.420225447891 -0.814702435559 0.293861570696
0.854618008373 -0.150713709960 0.496903851258 -0.434756860986
-0.331598470030 -0.894816154624 0.298908855838 1.192131492525
0.000000000000 0.000000000000 0.000000000000 1.000000000000
12 25 60
0.410558201219 0.615406030461 0.672842761040 -0.782823434061
0.003004719163 -0.738809249593 0.673907904968 -0.710237506562
0.911829444071 -0.274656713713 -0.305173318849 1.996195223663
0.000000000000 0.000000000000 0.000000000000 1.000000000000
12 28 60
-0.680451386815 -0.238611807777 0.692856634067 -1.828706677605
0.361594936586 -0.931705908755 0.034252028043 -0.642026403476
0.637365681549 0.273840290643 0.720261399219 -0.698008516274
0.000000000000 0.000000000000 0.000000000000 1.000000000000
12 29 60
0.849532284753 -0.387261958304 -0.358222099838 0.624955903376
0.427105087091 0.106342314504 0.897926810339 -3.152341052732
-0.309638727783 -0.915816295879 0.255742781835 1.630624135111
0.000000000000 0.000000000000 0.000000000000 1.000000000000
12 47 60
-0.979131699567 -0.137538549807 -0.149613710002 0.085286345888
-0.058481388423 -0.514363909568 0.855575651677 -2.261033244104
-0.194630527183 0.846470859422 0.495586563617 0.677096737403
0.000000000000 0.000000000000 0.000000000000 1.000000000000
12 53 60
-0.184201930505 0.958054134148 -0.219549367663 -0.433228250823
-0.923383326584 -0.092136915150 0.372658048422 -0.636615153940
0.336797982453 0.271372557399 0.901623011078 0.602154491168
0.000000000000 0.000000000000 0.000000000000 1.000000000000
12 57 60
0.993747404227 -0.049549539336 -0.100054683765 0.211806904973
0.059611089528 0.993178628776 0.100213419002 -0.184357856610
0.094406644877 -0.105551193713 0.989922386305 0.067660131202
0.000000000000 0.000000000000 0.000000000000 1.000000000000
12 59 60
-0.142018251977 -0.570583252177 -0.808866842219 1.519109402965
0.894285513831 0.276360544168 -0.351963448924 0.885660169742
0.424363330009 -0.773343133390 0.471016095459 1.296491324389
0.000000000000 0.000000000000 0.000000000000 1.000000000000
13 17 60
0.465589500368 -0.738020138948 -0.488418561948 -0.333456759123
0.076701628489 -0.516157978532 0.853052050806 -1.242634394740
-0.881670730678 -0.434634577208 -0.183710388821 2.618785871380
0.000000000000 0.000000000000 0.000000000000 1.000000000000
13 18 60
0.331543397300 -0.609608090787 0.720039548466 -1.689460626625
0.888005920397 0.459399399899 -0.019941833224 0.256501370462
-0.318629033590 0.646010965094 0.693646431500 1.766237805241
0.000000000000 0.000000000000 0.000000000000 1.000000000000
13 19 60
-0.421828368741 0.681911214512 -0.597543239313 -0.734957769032
0.863156269021 0.503760482899 -0.034447512513 -0.481229497191
0.277528525695 -0.530304131035 -0.801096402459 3.534153208029
0.000000000000 0.000000000000 0.000000000000 1.000000000000
13 20 60
0.108672225858 0.867578406367 0.485281419523 -1.447661654797
-0.983191580492 0.165852637708 -0.076336220854 -0.171162290183
-0.146712860295 -0.468828978809 0.871019359861 2.036265857490
0.000000000000 0.000000000000 0.000000000000 1.000000000000
13 21 60
-0.093395494057 0.965076618144 0.244753759524 -1.380296718921
-0.989135105066 -0.117970391989 0.087719613201 -0.420158085580
0.113529844605 -0.233901919029 0.965609065129 2.063000418577
0.000000000000 0.000000000000 0.000000000000 1.000000000000
13 22 60
0.863153022144 0.415193515049 0.287369458060 -0.954936949769
-0.110537717653 0.710678566931 -0.694778660785 0.391974068038
-0.492694908986 0.567935136760 0.659318896356 2.210141657145
0.000000000000 0.000000000000 0.000000000000 1.000000000000
13 24 60
0.452647267141 0.593299974986 -0.665661769393 -0.479219900324
-0.623188914458 -0.323446703631 -0.712051828736 1.079495660404
-0.637766437221 0.737141349804 0.223330700895 2.232321071461
0.000000000000 0.000000000000 0.000000000000 1.000000000000
13 25 60
0.723707053127 0.598983872126 0.342733748248 -1.481749789207
0.579918198984 -0.797066033496 0.168465488261 -0.445360690941
0.374089539739 0.076837875952 -0.924203958592 3.620668437238
0.000000000000 0.000000000000 0.000000000000 1.000000000000
13 29 60
0.564382026901 0.394353512704 -0.725229780641 0.706703205161
-0.643876396471 0.760078833716 -0.087768745032 0.211079149048
0.516619892937 0.516493439992 0.682889751473 -0.587771976805
0.000000000000 0.000000000000 0.000000000000 1.000000000000
13 37 60
0.767219370377 -0.107489835961 -0.632313508383 0.170987051733
-0.546868909194 -0.624743411308 -0.557341965210 1.020153713424
-0.335125101829 0.773396150231 -0.538098096011 2.796242068315
0.000000000000 0.000000000000 0.000000000000 1.000000000000
13 47 60
0.848962221397 -0.212469853114 -0.483859182158 0.305582891387
-0.109882113878 -0.966575236657 0.231642467890 -0.931408798192
-0.516903344631 -0.143488234355 -0.843932496656 4.242932044685
0.000000000000 0.000000000000 0.000000000000 1.000000000000
13 53 60
0.877352058502 0.456404534781 0.148149472069 -0.905880240113
-0.470069866364 0.755477885452 0.456385237851 -1.307701545054
0.096372642273 -0.470051130437 0.877362096627 1.632161245987
0.000000000000 0.000000000000 0.000000000000 1.000000000000
14 18 60
-0.937921304295 -0.153752702775 -0.310907917779 -0.617326166971
0.156676091497 -0.987525064874 0.015711416191 -0.053675490975
-0.309445034379 -0.033975765407 0.950310169399 1.443480596797
0.000000000000 0.000000000000 0.000000000000 1.000000000000
14 22 60
-0.779206352012 -0.539179592979 -0.319566624507 -0.877570244209
-0.609445727073 0.770830041934 0.185464153421 -0.339606004610
0.146333067816 0.339273360238 -0.929236364063 3.237504232162
0.000000000000 0.000000000000 0.000000000000 1.000000000000
14 25 60
0.157965543360 0.112990346909 0.980958749702 -1.079192824788
0.818964133857 0.540027849386 -0.194081604856 0.596284625479
-0.551674391799 0.834028238967 -0.007229248933 2.264260072593
0.000000000000 0.000000000000 0.000000000000 1.000000000000
14 29 60
0.903766440967 -0.115821428815 -0.412057783336 0.090429882476
0.220014784909 0.951482484448 0.215115262617 -0.679016089848
0.367150806349 -0.285072759864 0.885400365361 -1.051042298874
0.000000000000 0.000000000000 0.000000000000 1.000000000000
14 32 60
0.999907283219 0.011609737710 0.007116105343 -0.041026912978
-0.011322338867 0.999168120820 -0.039177429475 0.067280720909
-0.007565025284 0.039093226114 0.999206930553 0.035095413114
0.000000000000 0.000000000000 0.000000000000 1.000000000000
14 36 60
-0.873779844017 -0.294346832089 -0.387128824332 0.186546756819
0.081985492224 0.695485099950 -0.713847921348 1.397835717995
0.479361203326 -0.655484872584 -0.583568692237 3.427399276099
0.000000000000 0.000000000000 0.000000000000 1.000000000000
15 17 60
0.643257638056 -0.670636654652 0.369413167767 -0.932514944099
0.574596329201 0.741714667540 0.345974580605 0.121288122321
-0.506022400247 -0.010287341390 0.862458985144 1.266943863873
0.000000000000 0.000000000000 0.000000000000 1.000000000000
15 18 60
0.224082845384 0.968960747694 0.104412393105 -0.417080720632
-0.592635182441 0.050428471857 0.803890856870 -1.175653408555
0.773673328309 -0.242016608222 0.585540384950 1.831220467595
0.000000000000 0.000000000000 0.000000000000 1.000000000000
15 19 60
0.085743714284 0.382802685204 0.919842442846 -0.997805441921
0.388601228574 0.837271222900 -0.384663469092 -0.190906925757
-0.917407815866 0.390434377974 -0.076966849258 2.190647737535
0.000000000000 0.000000000000 0.000000000000 1.000000000000
15 21 60
-0.448297281620 -0.866492878328 0.219589706269 -0.811744216499
-0.880056393880 0.470880216828 0.061421209619 -0.022861991824
-0.156621489214 -0.165716363726 -0.973656918997 3.509300772681
0.000000000000 0.000000000000 0.000000000000 1.000000000000
15 22 60
0.221995722390 0.248367668558 0.942884616724 -1.576430132666
0.971918229353 0.021047538740 -0.234375674006 0.451826390610
-0.078056740217 0.968437144232 -0.236720601086 2.393731100904
0.000000000000 0.000000000000 0.000000000000 1.000000000000
15 23 60
-0.511254547192 0.248011512767 -0.822866378892 -0.145432007770
0.454550890947 -0.734547499640 -0.503808950209 0.523785527267
-0.729384861040 -0.631609262367 0.262806895227 2.381674114941
0.000000000000 0.000000000000 0.000000000000 1.000000000000
15 24 60
-0.709052118167 0.186763497077 0.679973889118 -1.098476389987
-0.509389233200 -0.802463194492 -0.310765877448 -0.061345123208
0.487614297189 -0.566720581633 0.664123542371 2.092926593806
0.000000000000 0.000000000000 0.000000000000 1.000000000000
15 25 60
-0.176905145121 -0.976598868904 0.122307885623 -0.495019572787
0.228129732073 -0.161569863215 -0.960131243448 1.215072430712
0.957424354700 -0.141950091780 0.251373778405 2.216875330133
0.000000000000 0.000000000000 0.000000000000 1.000000000000
15 28 60
0.859930662308 -0.504698526642 0.076148888552 -1.397192877914
0.315385679197 0.408107068999 -0.856726615433 2.557583256304
0.401311760829 0.760741754762 0.510118469751 0.652591695600
0.000000000000 0.000000000000 0.000000000000 1.000000000000
15 31 60
0.096699831929 0.197876292085 -0.975445598450 1.474074487276
-0.532746861036 -0.817538902960 -0.218657092733 -0.095866872375
-0.840731779203 0.540809684804 0.026362098969 0.904130330591
0.000000000000 0.000000000000 0.000000000000 1.000000000000
15 36 60
0.430623179407 -0.691183692854 -0.580369520298 0.921309133426
-0.675592968778 0.179527541918 -0.715083213500 1.313486837819
0.598446169588 0.700024974145 -0.389650122134 2.761529666224
0.000000000000 0.000000000000 0.000000000000 1.000000000000
15 52 60
-0.027811278932 0.730296904864 -0.682563523426 0.872702387810
-0.497714078433 0.582052400157 0.643036312817 -1.759784064911
0.866895166034 0.357605137293 0.347291429333 2.151700593773
0.000000000000 0.000000000000 0.000000000000 1.000000000000
15 53 60
-0.747929410059 -0.446775871386 0.490910295591 -1.322955904334
-0.644342446298 0.666332650268 -0.375264721344 0.655551158397
-0.159450335427 -0.596985862425 -0.786246443933 2.844215965762
0.000000000000 0.000000000000 0.000000000000 1.000000000000
16 18 60
0.797537492455 0.472086836251 -0.375590158507 0.068733672789
0.160034074317 -0.765847757068 -0.622789136105 0.401476522555
-0.581655433384 0.436590462599 -0.686342279611 2.563939206204
0.000000000000 0.000000000000 0.000000000000 1.000000000000
16 19 60
0.870871767828 0.344605792257 0.350469987221 -0.385117034902
-0.173770845092 0.882864939474 -0.436294845310 0.044182600884
-0.459767394881 0.319055397370 0.828744590337 1.240248756222
0.000000000000 0.000000000000 0.000000000000 1.000000000000
16 20 60
0.262820185679 -0.942391545707 -0.206938939251 -0.354153548486
0.666775009216 0.022377480052 0.744923039966 -0.114568562129
-0.697378403082 -0.333762524807 0.634244385036 1.731119246921
0.000000000000 0.000000000000 0.000000000000 1.000000000000
16 21 60
0.395833792598 -0.913576403789 -0.093240351119 -0.373240246391
-0.616181578128 -0.339510393060 0.710670778758 -0.593988727380
-0.680908122593 -0.223854522947 -0.697318636739 2.774855534684
0.000000000000 0.000000000000 0.000000000000 1.000000000000
16 22 60
0.521478034422 0.227807135998 0.822292264590 -1.053092750430
-0.699644042601 0.665800587287 0.259244655915 0.121952629970
-0.488424890099 -0.710502277797 0.506584287139 2.026569229184
0.000000000000 0.000000000000 0.000000000000 1.000000000000
16 24 60
-0.102931356444 -0.680365014008 0.725609112108 -1.208229019303
0.215943795834 -0.727370320908 -0.651383675957 0.763131011487
0.970965196545 0.089642980629 0.221789817447 2.123359977239
0.000000000000 0.000000000000 0.000000000000 1.000000000000
16 25 60
0.933747943429 0.158645967888 -0.320852357033 -0.097045767202
0.339255245398 -0.678044677668 0.652043935295 -0.703147363476
-0.114108091782 -0.717695528730 -0.686944300094 2.737295777085
0.000000000000 0.000000000000 0.000000000000 1.000000000000
16 37 60
-0.718943164166 0.674463159550 -0.167988610055 0.266463219259
-0.626523469621 -0.524176254820 0.576808110117 -0.941890475966
0.300980179933 0.519941054634 0.799419934074 0.375602388866
0.000000000000 0.000000000000 0.000000000000 1.000000000000
16 38 60
-0.109007630094 -0.806087352142 -0.581670454207 0.801686083769
0.643112970218 0.389002752834 -0.659607887935 1.169215474022
0.757972983766 -0.445982106147 0.476000963104 0.855011275655
0.000000000000 0.000000000000 0.000000000000 1.000000000000
16 57 60
-0.749397305340 -0.334016465702 0.571696317452 -1.825318830118
-0.037897185441 0.883654652190 0.466602892188 -1.037135392723
-0.661035159492 0.328005268711 -0.674866699144 3.085128169816
0.000000000000 0.000000000000 0.000000000000 1.000000000000
16 58 60
0.306739343618 -0.740536931262 0.597926440721 -1.271784690361
0.929736388305 0.367585763434 -0.021701492647 0.047018606605
-0.203718490421 0.562570671078 0.801257147677 0.631059004420
0.000000000000 0.000000000000 0.000000000000 1.000000000000
17 19 60
-0.948020574862 -0.027173008307 0.317046711478 -0.368032919494
0.310549024308 -0.296303586934 0.903196262100 -0.928985365302
0.069399518304 0.954707186519 0.289340448037 0.752583173511
0.000000000000 0.000000000000 0.000000000000 1.000000000000
17 20 60
0.881656767069 -0.212419678304 0.421377770357 -0.500900319973
0.112559174175 0.961846130371 0.249364098860 -0.249947743599
-0.458270419502 -0.172423611376 0.871927933289 0.415776365941
0.000000000000 0.000000000000 0.000000000000 1.000000000000
17 21 60
-0.923407834771 0.106293323377 0.368808487008 -0.510698148829
0.325913061732 -0.290383880688 0.899698770717 -0.668758391094
0.202728012066 0.950988397007 0.233500368055 0.882180440668
0.000000000000 0.000000000000 0.000000000000 1.000000000000
17 22 60
0.950771679770 0.156499573690 -0.267471673984 0.350362138693
0.033118595490 -0.909483131968 -0.414419583632 0.242783658630
-0.308117463934 0.385160117483 -0.869893851180 1.548415229731
0.000000000000 0.000000000000 0.000000000000 1.000000000000
17 23 60
-0.933818798479 0.244340376124 -0.261304864485 -0.296429933671
0.306673597905 0.922852135136 -0.233013392366 -0.077073936943
0.184211172178 -0.297727589029 -0.936709414266 1.991239038931
0.000000000000 0.000000000000 0.000000000000 1.000000000000
17 24 60
0.297127352514 0.389130201271 0.871947832641 -0.991457211451
-0.189017284633 0.919088612369 -0.345757991554 0.220364469872
-0.935942200405 -0.062079055027 0.346638700132 0.733935566645
0.000000000000 0.000000000000 0.000000000000 1.000000000000
17 25 60
0.799297870092 -0.563955797959 -0.207549446676 0.131283748469
-0.525790693731 -0.823547541600 0.212869897146 -0.354915621148
-0.290976049277 -0.061018887844 -0.954782506162 1.914085832549
0.000000000000 0.000000000000 0.000000000000 1.000000000000
17 27 60
0.688879890467 0.329096155754 0.645863930544 -1.562778980046
0.208158509650 0.763660183753 -0.611140866422 1.945678710739
-0.694344677642 0.555444726339 0.457565978424 -0.097284994762
0.000000000000 0.000000000000 0.000000000000 1.000000000000
17 28 60
0.274539616764 -0.538137065376 0.796891772886 -2.743731941056
-0.508163590100 -0.784752606480 -0.354870557132 1.187492709121
0.816331896059 -0.307525357476 -0.488907342945 2.042959076804
0.000000000000 0.000000000000 0.000000000000 1.000000000000
17 30 60
0.009571076774 0.758479661867 -0.651626424436 1.171942939197
-0.361453807592 0.610217823341 0.704971881039 -2.131177040083
0.932340892306 0.228785512243 0.279995803398 -0.585325151520
0.000000000000 0.000000000000 0.000000000000 1.000000000000
17 31 60
0.652565884964 -0.520588569636 -0.550586330149 0.504647967904
0.746794608076 0.564877241243 0.351014979274 0.013742783541
0.128279301260 -0.640235303221 0.757392353657 0.343152485372
0.000000000000 0.000000000000 0.000000000000 1.000000000000
17 32 60
0.627767631345 -0.375379466274 -0.681907660418 0.563663221342
0.741835663285 0.553859794087 0.378046527789 -0.496845760731
0.235770332557 -0.743188794852 0.626165126377 0.236180781184
0.000000000000 0.000000000000 0.000000000000 1.000000000000
17 34 60
-0.898959935288 0.428632097508 -0.090252754705 0.048025070182
-0.381172099565 -0.663966476785 0.643316678020 -0.804008558128
0.215821373500 0.612717751245 0.760261857553 0.340932027721
0.000000000000 0.000000000000 0.000000000000 1.000000000000
17 35 60
0.745843795444 0.569574719936 -0.345400740023 0.491488672386
-0.088972983165 -0.428696834550 -0.899056634654 2.372899284986
-0.660152134788 0.701287146935 -0.269064112207 1.780628098782
0.000000000000 0.000000000000 0.000000000000 1.000000000000
17 36 60
0.335365541379 -0.682528577925 -0.649372538664 1.164087800972
-0.864320798838 0.051320676095 -0.500315645269 0.586240281060
0.374805963601 0.729054818598 -0.572712459379 2.246132561132
0.000000000000 0.000000000000 0.000000000000 1.000000000000
17 37 60
-0.417826705882 0.888860584832 0.188009852363 -0.313936576239
-0.762317359374 -0.455576796878 0.459697754773 -0.361753938972
0.494260141474 0.048750824389 0.867946006196 -0.758799794600
0.000000000000 0.000000000000 0.000000000000 1.000000000000
17 40 60
0.903266694394 -0.065323987679 -0.424077888404 0.463319559646
-0.089933696616 -0.995212807071 -0.038254396547 -0.788208323621
-0.419548816006 0.072692814472 -0.904817410151 3.924564880733
0.000000000000 0.000000000000 0.000000000000 1.000000000000
17 44 60
-0.850876448573 0.515188896945 -0.102906120941 0.175775723205
-0.024635456062 0.156533290728 0.987365394977 -3.018076306329
0.524787922468 0.842661099944 -0.120498577063 2.121969685408
0.000000000000 0.000000000000 0.000000000000 1.000000000000
17 47 60
0.461931083953 0.844864852154 0.269857472144 -0.595025189036
-0.858409267972 0.502407564264 -0.103538244287 0.371166800709
-0.223054258731 -0.183820621706 0.957317490020 -1.158240123221
0.000000000000 0.000000000000 0.000000000000 1.000000000000
17 49 60
0.936614493830 -0.016413206920 0.349976994369 -0.866973488810
-0.069688335342 0.970215689631 0.232002266177 0.048764843150
-0.343361072147 -0.241685999248 0.907574267981 -0.541984283044
0.000000000000 0.000000000000 0.000000000000 1.000000000000
17 53 60
-0.666408127642 0.587834790574 0.458639800285 -0.812851882915
0.281264686105 -0.371485369692 0.884810034106 -0.933971089744
0.690500096860 0.718643777609 0.082223701810 1.211195914555
0.000000000000 0.000000000000 0.000000000000 1.000000000000
17 54 60
-0.955344728479 0.081717190239 -0.283969629691 -0.140854047155
0.117986322878 0.986560801283 -0.113035450121 -0.124078625913
0.270916366027 -0.141492353820 -0.952147171622 2.306767795337
0.000000000000 0.000000000000 0.000000000000 1.000000000000
17 56 60
0.781957410780 0.562981935286 0.267570454777 -0.125157373408
-0.611007422174 0.607348084491 0.507738352219 -1.439240993405
0.123339116976 -0.560517301078 0.818906476599 -0.008125091076
0.000000000000 0.000000000000 0.000000000000 1.000000000000
17 57 60
-0.621342747156 0.595544823466 0.509175366450 -1.822663751901
0.328835087467 0.788041959698 -0.520439578631 0.847550390344
-0.711196650588 -0.155936631353 -0.685480190227 2.081576658827
0.000000000000 0.000000000000 0.000000000000 1.000000000000
17 58 60
-0.989354757186 0.033387523879 0.141641934757 -0.960479685274
0.111054965276 -0.455771957884 0.883141391338 -1.694217753632
0.094042326215 0.889470176935 0.447212304419 0.335513420697
0.000000000000 0.000000000000 0.000000000000 1.000000000000
18 20 60
0.592019082577 0.673703183916 0.442309197107 -0.374365075830
-0.267899893856 0.682121695192 -0.680396678284 0.428258506832
-0.760094107816 0.284313230310 0.584314071656 0.495470589425
0.000000000000 0.000000000000 0.000000000000 1.000000000000
18 21 60
-0.768417696161 0.589017777043 0.250184536998 -0.290510887122
-0.615736858977 -0.787022237629 -0.038263794560 -0.106306881069
0.174362738915 -0.183450417839 0.967441770585 0.280772099199
0.000000000000 0.000000000000 0.000000000000 1.000000000000
18 22 60
0.973804764693 -0.032828508072 -0.225003487347 0.139512371162
0.118254585307 -0.772063937333 0.624446258476 -0.614480295823
-0.194216717391 -0.634696435888 -0.747957419214 1.554813617563
0.000000000000 0.000000000000 0.000000000000 1.000000000000
18 23 60
0.355193430399 -0.011399450657 0.934723317097 -1.030123817882
-0.894691406913 -0.293877688333 0.336397370229 -0.361164888815
0.270859582437 -0.955775055557 -0.114582414784 1.348256568847
0.000000000000 0.000000000000 0.000000000000 1.000000000000
18 24 60
0.357855081674 -0.393504679250 -0.846813915762 0.731310219954
-0.859185422725 0.216409008813 -0.463645932022 0.182654076178
0.365705003925 0.893488225056 -0.260650420662 1.355804473065
0.000000000000 0.000000000000 0.000000000000 1.000000000000
18 25 60
0.992904860707 0.097910538245 -0.067479360430 -0.091532292568
0.083570097739 -0.978265976399 -0.189767537224 0.198862843577
-0.084593004130 0.182781853368 -0.979507436282 1.871136142278
0.000000000000 0.000000000000 0.000000000000 1.000000000000
18 26 60
-0.927812586852 0.003595813846 -0.373029320297 0.241595592489
0.370728126432 -0.102424674924 -0.923076292751 0.861537681980
-0.041526617384 -0.994734264057 0.093697833268 0.845256584347
0.000000000000 0.000000000000 0.000000000000 1.000000000000
18 27 60
-0.602551823767 -0.671899557697 0.430676542245 -1.975676395345
-0.768908843980 0.344177402612 -0.538814536907 1.312742167279
0.213800115352 -0.655814684112 -0.724014233823 2.842333755676
0.000000000000 0.000000000000 0.000000000000 1.000000000000
18 28 60
-0.718302332696 -0.480741793234 0.502920557425 -1.052583320748
0.531067484598 -0.845850362182 -0.050044895850 -0.465003066687
0.449454208620 0.231137389956 0.862882623140 -1.602210027904
0.000000000000 0.000000000000 0.000000000000 1.000000000000
18 30 60
0.806773852026 -0.587699631711 -0.061033552853 -0.422062461936
-0.589542163823 -0.793771809656 -0.149553840706 1.452713161145
0.039446023406 0.156637980966 -0.986868053063 3.798134626249
0.000000000000 0.000000000000 0.000000000000 1.000000000000
18 31 60
-0.341521814138 -0.723549558419 0.599865724124 -1.128255514861
0.918769530080 -0.391505132511 0.050855499346 0.541896176562
0.198054035718 0.568506611861 0.798482830878 0.205192252161
0.000000000000 0.000000000000 0.000000000000 1.000000000000
18 32 60
-0.580580323661 -0.389707922305 0.714880565598 -2.548297971135
-0.105365703809 -0.834668393207 -0.540580005033 1.034287407154
0.807356523625 -0.389174008221 0.443530196364 0.156142952901
0.000000000000 0.000000000000 0.000000000000 1.000000000000
18 33 60
0.042042471256 0.997546192878 0.055982351557 -0.336635967494
-0.818919601143 0.002306589433 0.573903621272 -0.958853851380
0.572366244178 -0.069973371510 0.817007105113 0.362030795463
0.000000000000 0.000000000000 0.000000000000 1.000000000000
18 34 60
0.804937924211 -0.585389064463 0.096925648696 -0.304508070559
-0.590531317886 -0.774412981092 0.227062320326 -0.305328853757
-0.057859318720 -0.240008703851 -0.969044953195 1.830898647816
0.000000000000 0.000000000000 0.000000000000 1.000000000000
18 36 60
-0.376678349047 0.869107258225 0.320571357207 -0.994817617715
-0.885270420160 -0.439639236655 0.151702421810 -0.096745033493
0.272781422661 -0.226649322291 0.934997529492 -0.743803295410
0.000000000000 0.000000000000 0.000000000000 1.000000000000
18 37 60
-0.303887171196 0.189703953202 -0.933630010937 1.868306533818
0.378189889473 -0.875434581442 -0.300976246763 0.075181776582
-0.874428381677 -0.444552250870 0.194289221428 1.764129082754
0.000000000000 0.000000000000 0.000000000000 1.000000000000
18 39 60
-0.851121208002 0.521492344334 0.060319350886 -1.044011666609
0.123727230917 0.310931652392 -0.942344459246 2.668907918638
-0.510180616665 -0.794586208250 -0.329163327298 1.548847936764
0.000000000000 0.000000000000 0.000000000000 1.000000000000
18 40 60
0.265762418301 -0.929054141930 -0.257349447993 0.326979883170
-0.526448166735 0.083768654384 -0.846070410949 1.760378572253
0.807603036621 0.360334863573 -0.466836289650 2.800874678692
0.000000000000 0.000000000000 0.000000000000 1.000000000000
18 41 60
-0.936036771504 -0.272131450676 0.223113504626 -1.264757513781
0.351470727394 -0.754351578599 0.554456511956 -1.245219538278
0.017420969486 0.597409549152 0.801747055127 -0.532661519743
0.000000000000 0.000000000000 0.000000000000 1.000000000000
18 46 60
-0.330930603173 -0.775371921690 0.537850647429 -1.847848051023
-0.592293481816 -0.273041351373 -0.758048053779 2.662878269213
0.734624643803 -0.569426732333 -0.368889996099 2.009442431400
0.000000000000 0.000000000000 0.000000000000 1.000000000000
18 48 60
-0.841526003204 0.524621320990 -0.128866037013 0.091904366295
-0.528360980782 -0.848998625760 -0.006000620306 -0.444864045985
-0.112555141682 0.063038107683 0.991643855959 -0.778134884164
0.000000000000 0.000000000000 0.000000000000 1.000000000000
18 50 60
-0.839291970189 -0.367702588871 0.400479456294 -1.137071734527
0.517287473687 -0.766795177157 0.380051083215 -1.623013086963
0.167339948436 0.526136828615 0.833772978233 -1.454638551670
0.000000000000 0.000000000000 0.000000000000 1.000000000000
18 51 60
-0.662292081040 0.651071862548 0.370775712785 -1.883866238096
-0.484235170045 -0.749576249476 0.451277903640 -1.520823043688
0.571739013436 0.119335141600 0.811710308235 -0.838208126679
0.000000000000 0.000000000000 0.000000000000 1.000000000000
18 52 60
-0.839503561284 0.543210444328 -0.012497350308 -0.787567239634
0.467465275540 0.710337091933 -0.526210444584 1.242321490944
-0.276965677937 -0.447597619519 -0.850262538423 2.694471073424
0.000000000000 0.000000000000 0.000000000000 1.000000000000
18 53 60
-0.393239029684 0.724603789675 0.565961494734 -0.697231598611
-0.663935256682 -0.649614677575 0.370392691091 -0.469957408560
0.636044841554 -0.230108927832 0.736543848569 0.278015363202
0.000000000000 0.000000000000 0.000000000000 1.000000000000
18 54 60
0.470149364754 0.882586849593 0.000166578421 0.087922441661
-0.867069059912 0.461918340200 -0.186608392979 0.314474742592
-0.164775059295 0.087589382422 0.982434364180 0.002137139908
0.000000000000 0.000000000000 0.000000000000 1.000000000000
18 56 60
0.998097166855 0.046609486408 -0.040368320419 0.024982110509
-0.049226921050 0.996573002862 -0.066475260134 0.104168055456
0.037131600566 0.068335976928 0.996971132228 -0.036235830055
0.000000000000 0.000000000000 0.000000000000 1.000000000000
18 59 60
0.669571835771 0.737655257213 0.086823258685 0.041776534454
0.548908623137 -0.412688285396 -0.726902815060 1.510831074407
-0.500372741252 0.534371687688 -0.681229784440 2.145035933493
0.000000000000 0.000000000000 0.000000000000 1.000000000000
19 21 60
-0.979411574924 -0.167921223145 0.112051013922 -0.133390828905
0.201493671429 -0.847193720723 0.491592412412 -0.265211427397
0.012380116214 0.504048869044 0.863586400042 0.227304238826
0.000000000000 0.000000000000 0.000000000000 1.000000000000
19 22 60
0.894143317113 0.424035810097 -0.143879672705 0.347780858909
0.441831940958 -0.783277002523 0.437334738236 -0.284565356848
0.072747951251 -0.454610568591 -0.887714462265 1.483725230265
0.000000000000 0.000000000000 0.000000000000 1.000000000000
19 23 60
0.638326997731 -0.612432108565 -0.466332023739 0.521756732008
0.367013531259 -0.290379210911 0.883731283673 -0.636844545740
-0.676638538541 -0.735259699881 0.039413980917 0.756758632753
0.000000000000 0.000000000000 0.000000000000 1.000000000000
19 24 60
0.846595410205 -0.140545481087 0.513345087799 -0.186694826928
0.381622203989 -0.512021266958 -0.769544485787 0.782701481880
0.370999602214 0.847396713428 -0.379839578281 1.319922029896
0.000000000000 0.000000000000 0.000000000000 1.000000000000
19 25 60
0.926104006317 0.281059156569 0.251668671061 -0.408912976285
0.211030335119 -0.938882496572 0.271966643708 -0.178997421776
0.312726025690 -0.198759674329 -0.928814849535 1.754429481711
0.000000000000 0.000000000000 0.000000000000 1.000000000000
19 26 60
-0.445458298470 0.277031652716 -0.851363828054 0.877944519350
-0.641298287329 0.564822756471 0.519337809562 -0.416822041284
0.624742675822 0.777321501803 -0.073945059612 0.925780465230
0.000000000000 0.000000000000 0.000000000000 1.000000000000
19 27 60
0.133637656176 -0.988683304471 -0.068163775661 -0.399819273127
0.699400860504 0.142818649744 -0.700315121649 2.150283208653
0.702124927045 0.045914668089 0.710571903524 -1.200166854331
0.000000000000 0.000000000000 0.000000000000 1.000000000000
19 30 60
0.260239892311 -0.949760987947 0.173865649922 -0.182146001070
-0.813473249203 -0.312671229959 -0.490405928582 2.434836725271
0.520131205834 -0.013811869123 -0.853974684045 2.800614483686
0.000000000000 0.000000000000 0.000000000000 1.000000000000
19 31 60
-0.227886080593 0.282433207612 0.931825851492 -1.034596003220
0.594666339840 -0.717419880374 0.362878298476 -0.019864159993
0.770999272719 0.636820381648 -0.004463517141 1.212039075657
0.000000000000 0.000000000000 0.000000000000 1.000000000000
19 32 60
0.998330123676 0.024426797894 0.052347833824 0.039902889003
-0.019399607636 0.995337936900 -0.094477757124 0.076530368667
-0.054411573999 0.093304463517 0.994149715940 -0.076053070027
0.000000000000 0.000000000000 0.000000000000 1.000000000000
19 34 60
0.819838243639 -0.529667748778 0.217525470165 -0.307755329053
0.365920114372 0.776843214398 0.512461793838 -0.380447806966
-0.440417670133 -0.340538832071 0.830701859686 0.092235658194
0.000000000000 0.000000000000 0.000000000000 1.000000000000
19 35 60
-0.718058694923 0.445309273340 0.534875089832 -1.066199232437
-0.418693051604 -0.890287568497 0.179120556938 -0.357084002910
0.555956688227 -0.095329410241 0.825726628104 -1.255580287793
0.000000000000 0.000000000000 0.000000000000 1.000000000000
19 36 60
-0.659080510519 -0.744203719046 -0.108506705837 0.001534682783
0.625402516691 -0.622472566349 0.470531185215 -0.593771552411
-0.417713505613 0.242257566858 0.875686415635 -0.860384860913
0.000000000000 0.000000000000 0.000000000000 1.000000000000
19 37 60
0.596032306791 -0.761728776597 0.253997559369 -0.985850947099
0.612928988324 0.635957696509 0.468909227382 -1.331294193201
-0.518713354884 -0.123802581371 0.845936981288 -0.124820043752
0.000000000000 0.000000000000 0.000000000000 1.000000000000
19 38 60
-0.807930380408 0.478274614658 -0.344241039661 1.047374243726
-0.582055238740 -0.738884508768 0.339501666798 -0.287240530048
-0.091979342624 0.474661011330 0.875349487265 -0.787018161290
0.000000000000 0.000000000000 0.000000000000 1.000000000000
19 39 60
-0.068578349410 -0.959623042295 0.272801441871 -1.100967739044
0.569907352969 -0.262119329768 -0.778780499238 2.741795022571
0.818842243063 0.102064066433 0.564871938867 0.089256299050
0.000000000000 0.000000000000 0.000000000000 1.000000000000
19 40 60
0.460961659078 -0.404427027610 0.789907037694 -1.858902296199
0.608909860071 -0.503372857017 -0.613061619357 1.854065782477
0.645556450800 0.763580084967 0.014224017486 1.918624945777
0.000000000000 0.000000000000 0.000000000000 1.000000000000
19 45 60
0.785473237315 0.336999289002 -0.519098519239 1.935138845160
-0.424668595060 0.903617947706 -0.055957027742 -0.853062458572
0.450209260048 0.264397586593 0.852880729276 -0.914546335757
0.000000000000 0.000000000000 0.000000000000 1.000000000000
19 47 60
-0.770058135337 0.637788101698 0.015388487073 -0.390067105770
-0.577892217970 -0.707553452766 0.406704678961 -1.676112033092
0.270279582307 0.304293359788 0.913430073173 -0.954770694156
0.000000000000 0.000000000000 0.000000000000 1.000000000000
19 48 60
-0.857565436169 0.109990935880 -0.502477379305 2.174738897905
0.455611301953 0.615840288323 -0.642774517861 2.246391705247
0.238746443368 -0.780155582754 -0.578236458965 1.714490513084
0.000000000000 0.000000000000 0.000000000000 1.000000000000
19 49 60
-0.582185795931 0.800538090805 0.142121300964 -0.158380960843
-0.747707374211 -0.595810567755 0.293161132999 -0.888170115884
0.319364026726 0.064409102788 0.945440683444 -0.686234727727
0.000000000000 0.000000000000 0.000000000000 1.000000000000
19 50 60
-0.886690240416 -0.364991472566 0.283833829038 -1.437447753098
0.462264708054 -0.712523609857 0.527846042976 -1.598593644586
0.009578999951 0.599242296864 0.800510407433 -1.525414963093
0.000000000000 0.000000000000 0.000000000000 1.000000000000
19 51 60
-0.846667954440 -0.406829135085 0.342991880035 -1.176020622199
-0.492350539718 0.354423008684 -0.794968727030 2.711605644071
0.201852225561 -0.841946783212 -0.500381148001 1.740926118972
0.000000000000 0.000000000000 0.000000000000 1.000000000000
19 52 60
-0.812790682780 0.439375364486 0.382518751264 -1.505560901418
0.032327296515 0.689627825550 -0.723442055819 1.818007407350
-0.581658191627 -0.575641165407 -0.574726888882 1.838682098912
0.000000000000 0.000000000000 0.000000000000 1.000000000000
19 53 60
0.648852540441 -0.672812098889 -0.355407175439 0.489788513008
0.740537212623 0.665730657967 0.091691481411 0.119502166350
0.174914314692 -0.322686489696 0.930203425001 -0.140288013596
0.000000000000 0.000000000000 0.000000000000 1.000000000000
19 54 60
-0.249766945887 0.913878980171 -0.320065122034 0.415082312501
0.820514353222 0.024231101940 -0.571112116713 0.701459112658
-0.514171828185 -0.405262955745 -0.755902948665 1.653751614268
0.000000000000 0.000000000000 0.000000000000 1.000000000000
19 55 60
0.472056948507 -0.439037032665 0.764466298352 -2.163399949098
0.096311270396 -0.836292023973 -0.539759010889 1.090582654354
0.876291262402 0.328423711977 -0.352493246531 1.256223309300
0.000000000000 0.000000000000 0.000000000000 1.000000000000
19 56 60
0.911412504100 -0.279670342572 -0.301847224362 0.709541433102
0.410007790103 0.679487442034 0.608432763888 -2.093413048809
0.034940798858 -0.678292942322 0.733960370165 -0.693977161204
0.000000000000 0.000000000000 0.000000000000 1.000000000000
19 57 60
-0.313403887524 0.764009603487 0.563974581931 -1.533373658432
-0.820170009644 -0.517119456421 0.244762380831 -0.827038876136
0.478643038772 -0.385845556629 0.788685011817 -0.192262115025
0.000000000000 0.000000000000 0.000000000000 1.000000000000
20 22 60
0.981839286947 -0.071549781927 0.175704989442 -0.090380643387
0.067597792229 0.997308846281 0.028383157239 -0.014479357508
-0.177262949017 -0.015990429495 0.984033613790 0.097255748979
0.000000000000 0.000000000000 0.000000000000 1.000000000000
20 23 60
-0.960003557311 0.144592150737 -0.239762966062 -0.025135067333
0.130419793466 0.988690018478 0.074045424133 -0.162096042209
0.247757638474 0.039814034055 -0.968003613253 1.559185323053
0.000000000000 0.000000000000 0.000000000000 1.000000000000
20 24 60
0.993708799968 0.096585874907 0.056692059716 0.112448317123
-0.093421544983 0.994048086248 -0.056042993859 0.190008539638
-0.061767595061 0.050394156367 0.996817532552 -0.014548815101
0.000000000000 0.000000000000 0.000000000000 1.000000000000
20 25 60
-0.493125050281 -0.826979465807 -0.270060452341 0.275725965910
-0.757340369783 0.560837736388 -0.334509488267 0.231139041578
0.428092570693 0.039572674618 -0.902868071394 1.610444519956
0.000000000000 0.000000000000 0.000000000000 1.000000000000
20 26 60
0.827214701819 0.457324182491 -0.326451266199 1.850839930965
-0.108092854065 -0.440618105738 -0.891163071382 1.867143452582
-0.551390761614 0.772470243442 -0.315052298837 1.196430354874
0.000000000000 0.000000000000 0.000000000000 1.000000000000
20 27 60
0.459921528935 -0.704679648532 0.540276577472 -1.554088301183
0.719092093752 -0.061379440316 -0.692198761202 2.466253207233
0.520940253700 0.706865727879 0.478499837853 0.053473154275
0.000000000000 0.000000000000 0.000000000000 1.000000000000
20 28 60
0.173751017880 -0.028678314459 0.984371951076 -2.989390091826
0.872326883357 0.468351919836 -0.140329212065 -0.187237497600
-0.457008087847 0.883076459580 0.106393487470 0.850141965594
0.000000000000 0.000000000000 0.000000000000 1.000000000000
20 29 60
0.950188804316 -0.001030244667 0.311673185800 -1.989878426207
0.306151163199 -0.184347332689 -0.933963343072 2.868211188765
0.058418331227 0.982860620600 -0.174849361024 0.733583646056
0.000000000000 0.000000000000 0.000000000000 1.000000000000
20 30 60
0.492216555022 -0.870472665463 0.000449047970 0.069772572338
-0.690785174288 -0.390924442803 -0.608271257749 2.710185361576
0.529659046885 0.299090987328 -0.793729094435 2.199367399274
0.000000000000 0.000000000000 0.000000000000 1.000000000000
20 31 60
0.442637920229 -0.721903772282 -0.531908465002 0.664892087769
-0.895815988627 -0.382341250763 -0.226558783733 0.010436481854
-0.039816907180 0.576775616276 -0.815931677516 1.408604951149
0.000000000000 0.000000000000 0.000000000000 1.000000000000
20 32 60
-0.956050767444 0.255017172403 0.144683004703 -0.724639825295
-0.289210724869 -0.901361420352 -0.322342591851 0.183070658239
0.048208782301 -0.350019758986 0.935500978957 -1.864471217829
0.000000000000 0.000000000000 0.000000000000 1.000000000000
20 34 60
0.976346384972 0.210369457529 0.049924221483 -0.107779255303
-0.208458117596 0.977176655890 -0.040877822723 0.118399683886
-0.057384229187 0.029503805209 0.997916116575 -0.194812093906
0.000000000000 0.000000000000 0.000000000000 1.000000000000
20 35 60
-0.398949155935 -0.724885091711 -0.561588082846 1.213666402974
-0.775705573105 0.593388252064 -0.214874954722 0.665315996714
0.488999422120 0.349902823835 -0.799029147803 2.758354978806
0.000000000000 0.000000000000 0.000000000000 1.000000000000
20 36 60
0.519999504769 -0.809990242309 -0.271138935611 0.543058350376
-0.829101519798 -0.402302000611 -0.388257350441 1.000888614314
0.205404929122 0.426695333544 -0.880760982006 2.449071971064
0.000000000000 0.000000000000 0.000000000000 1.000000000000
20 37 60
0.328906164682 -0.859537742327 -0.391172090453 0.416470713605
-0.790949530259 -0.024417670146 -0.611393995692 1.431816185561
0.515964703654 0.510488635427 -0.687882095772 1.706505474895
0.000000000000 0.000000000000 0.000000000000 1.000000000000
20 39 60
0.965639080446 0.235590234943 -0.109719676967 0.702903580149
-0.167693368433 0.887365704989 0.429489277856 -1.178680650065
0.198544958378 -0.396332369116 0.896381923453 -1.476648493080
0.000000000000 0.000000000000 0.000000000000 1.000000000000
20 40 60
0.013069817144 -0.669719820354 0.742498849901 -0.901039588295
0.726947003956 -0.503499780235 -0.466943277864 1.248096185860
0.686569175917 0.545860177635 0.480270166836 0.198325701916
0.000000000000 0.000000000000 0.000000000000 1.000000000000
20 44 60
0.838143943159 -0.346164315969 0.421526982404 -0.626022326502
-0.456605724727 -0.022538808566 0.889383614789 -2.854486680006
-0.298372154686 -0.937903123174 -0.176951374253 0.539503060855
0.000000000000 0.000000000000 0.000000000000 1.000000000000
20 47 60
0.720831230436 -0.269520984327 0.638561489785 -1.048981992829
-0.679137362611 -0.458710858886 0.573024249615 -1.215526945332
0.138473029631 -0.846724740957 -0.513694883288 2.001397627906
0.000000000000 0.000000000000 0.000000000000 1.000000000000
20 48 60
0.132084549100 0.847112914521 -0.514736225598 2.206958142149
-0.986770857060 0.161617747297 0.012766339154 0.800685029299
0.094005040002 0.506240470342 0.857253543966 -1.422647240166
0.000000000000 0.000000000000 0.000000000000 1.000000000000
20 49 60
0.957628352074 -0.203325027886 0.203977627055 -1.718182575824
-0.174123018740 0.155412189755 0.972382756748 -2.358449863275
-0.229410360814 -0.966698497108 0.113423551526 -0.558976083387
0.000000000000 0.000000000000 0.000000000000 1.000000000000
20 50 60
0.346340833103 0.163528306927 -0.923745917533 2.356290060047
0.797246876999 -0.570271644706 0.197958754188 -1.402410729938
-0.494414243768 -0.805014747740 -0.327880788522 2.028700003866
0.000000000000 0.000000000000 0.000000000000 1.000000000000
20 53 60
-0.811545488045 0.031870449271 0.583419399144 -0.651297602385
-0.132236705114 -0.982621140979 -0.130265678987 0.124600189030
0.569128609942 -0.182865983071 0.801656196621 0.051590198421
0.000000000000 0.000000000000 0.000000000000 1.000000000000
20 54 60
-0.450288395958 0.867788823411 -0.210197332115 0.243103794714
0.715434362244 0.209808131084 -0.666433958806 0.601913915419
-0.534222831584 -0.450469872571 -0.715320110245 1.550636901649
0.000000000000 0.000000000000 0.000000000000 1.000000000000
20 55 60
0.843076340947 0.173959346363 -0.508881547266 0.934135200919
0.304294436770 -0.934505313039 0.184674621036 -0.014704738004
-0.443426633263 -0.310544627577 -0.840794181234 1.762851144405
0.000000000000 0.000000000000 0.000000000000 1.000000000000
20 56 60
-0.064576346830 0.765518394239 -0.640165200173 1.323551601772
-0.911034813317 0.216568369224 0.350875633772 -0.992513909482
0.407241285178 0.605871050253 0.683428713263 -1.264165742003
0.000000000000 0.000000000000 0.000000000000 1.000000000000
20 57 60
0.307182527893 -0.940437146192 -0.145660113345 0.778179066600
-0.913756675443 -0.334237245739 0.230941987613 -1.004859184816
-0.265871458865 0.062156557363 -0.962002562231 2.354069934702
0.000000000000 0.000000000000 0.000000000000 1.000000000000
20 59 60
-0.377721103063 -0.890191788101 0.254726026741 -0.742171026632
-0.607779848084 0.030829781070 -0.793506887722 2.816575122221
0.698520167614 -0.454541642753 -0.552685688650 1.418441061589
0.000000000000 0.000000000000 0.000000000000 1.000000000000
21 23 60
0.971724771696 0.232668624348 0.040202976461 0.018909661507
-0.235965957801 0.950847567290 0.200521745797 -0.170425693097
0.008428216381 -0.204338481502 0.978864010037 0.070046494010
0.000000000000 0.000000000000 0.000000000000 1.000000000000
21 24 60
0.345135093956 -0.559382747503 -0.753639641152 0.762275751825
0.901112109693 0.422033894687 0.099420106113 0.025311199658
0.262447580832 -0.713427174652 0.649725275623 -0.013051121830
0.000000000000 0.000000000000 0.000000000000 1.000000000000
21 25 60
0.818340270442 0.563643454369 0.112362173888 -0.168725857806
-0.257316859927 0.534127004986 -0.805292726989 0.707345948703
-0.513913645831 0.630090786230 0.582132601507 0.239687271449
0.000000000000 0.000000000000 0.000000000000 1.000000000000
21 26 60
0.690306086967 -0.681698472325 0.242414312956 -0.296586411168
-0.229213722353 -0.523843460557 -0.820395696183 0.777297673172
0.686249645378 0.510759455773 -0.517866973804 1.096696729263
0.000000000000 0.000000000000 0.000000000000 1.000000000000
21 27 60
-0.510890835551 0.327725099739 -0.794724363003 0.770185166910
0.457948913072 -0.678623186401 -0.574241555353 0.445026440045
-0.727511750534 -0.657317906252 0.196621013513 0.689008170739
0.000000000000 0.000000000000 0.000000000000 1.000000000000
21 28 60
0.948819588471 0.315312659527 0.017869394945 -0.563448995807
0.136634951532 -0.358825469667 -0.923349972837 2.403293092430
-0.284731941575 0.878534125154 -0.383543364414 1.976751095300
0.000000000000 0.000000000000 0.000000000000 1.000000000000
21 30 60
0.895941313140 -0.259284779191 -0.360639108650 0.281617630587
0.030890243912 0.846341642625 -0.531743939119 1.258945704777
0.443097005450 0.465271133038 0.766281812731 -2.198555988731
0.000000000000 0.000000000000 0.000000000000 1.000000000000
21 31 60
0.467739878533 -0.878993798892 -0.092678517144 0.274316891164
-0.470790869859 -0.159024748665 -0.867794380121 0.662621254361
0.748047700944 0.449534237652 -0.488204471806 1.405497075867
0.000000000000 0.000000000000 0.000000000000 1.000000000000
21 33 60
-0.806475482120 0.590947371228 -0.019455106777 0.322927376042
0.579437314381 0.783362213184 -0.224935638927 -0.167560469494
-0.117684729016 -0.192678092672 -0.974179376275 3.562165997340
0.000000000000 0.000000000000 0.000000000000 1.000000000000
21 34 60
0.966713281357 0.209469509066 -0.146928405762 0.110653885778
-0.218801226590 0.974470099322 -0.050339336214 0.164244170874
0.132632782112 0.080811820294 0.987865372816 -0.225977817479
0.000000000000 0.000000000000 0.000000000000 1.000000000000
21 35 60
-0.545424958028 -0.836447015661 -0.053553759454 -0.073834970630
0.716390464225 -0.432065058886 -0.547817932946 1.188456102490
0.435081966907 -0.337158975680 0.834881732457 -1.362105413401
0.000000000000 0.000000000000 0.000000000000 1.000000000000
21 36 60
-0.052601255471 -0.979311122042 0.195404283900 -0.333669530691
0.996648538026 -0.039207101763 0.071794810555 0.084200420155
-0.062648220837 0.198525891044 0.978091340832 -1.169275689871
0.000000000000 0.000000000000 0.000000000000 1.000000000000
21 37 60
0.597890031049 0.703787878160 -0.383679727543 0.050360319800
0.293236531773 0.253437968296 0.921835957565 -1.953470629041
0.746015983210 -0.663665441907 -0.054848281762 -0.179510864354
0.000000000000 0.000000000000 0.000000000000 1.000000000000
21 38 60
0.610784451468 -0.415442207508 -0.674054987420 1.083826291295
-0.717387612472 0.069938224196 -0.693154858792 1.247094532440
0.335107993511 0.906926908311 -0.255315913462 1.259341580775
0.000000000000 0.000000000000 0.000000000000 1.000000000000
21 41 60
0.798850319175 0.558999804981 0.222165221365 -0.440468807648
-0.580676382824 0.813037636316 0.042246187572 -0.369310773255
-0.157013075835 -0.162754477557 0.974093360029 -0.657966566725
0.000000000000 0.000000000000 0.000000000000 1.000000000000
21 44 60
-0.779391060758 0.292307008651 -0.554171622428 1.317307805626
0.626502839886 0.372938806357 -0.684405463397 2.242420679796
0.006615589675 -0.880609595341 -0.473796342923 1.527266788518
0.000000000000 0.000000000000 0.000000000000 1.000000000000
21 46 60
0.681262496520 -0.571389050939 -0.457598036820 2.048365731930
0.701069077207 0.689156847665 0.183207500665 -0.193624481436
0.210674060623 -0.445620232689 0.870079909203 -1.578890240915
0.000000000000 0.000000000000 0.000000000000 1.000000000000
21 47 60
0.870923328589 -0.267624911045 0.412152232442 -0.294031261386
0.412859869760 0.853365603462 -0.318298405227 0.389051816104
-0.266531956172 0.447374623572 0.853707597789 -0.735393967847
0.000000000000 0.000000000000 0.000000000000 1.000000000000
21 48 60
-0.433582036884 0.431485429466 -0.791092245854 3.161933499516
0.878835560256 0.008475735888 -0.477049494215 0.415444835514
-0.199134816949 -0.902080088495 -0.382879665979 1.392162748384
0.000000000000 0.000000000000 0.000000000000 1.000000000000
21 49 60
0.995088326603 -0.060676149970 -0.078215261195 -0.911400563550
0.071060010730 0.987926716463 0.137663639985 0.831607300750
0.068918046504 -0.142545458446 0.987385990960 -2.228946376115
0.000000000000 0.000000000000 0.000000000000 1.000000000000
21 51 60
-0.929233799328 -0.319423908541 0.185722677233 -0.856244872575
0.316716007274 -0.947457507186 -0.044891455899 -0.346720103091
0.190303749102 0.017106686671 0.981576204046 -2.484973351739
0.000000000000 0.000000000000 0.000000000000 1.000000000000
21 53 60
-0.217937755396 0.959252676803 -0.179826129415 0.185603551730
0.756163181459 0.049474058330 -0.652510199582 0.499510169149
-0.617025427173 -0.278184506398 -0.736133821138 1.456256122725
0.000000000000 0.000000000000 0.000000000000 1.000000000000
21 54 60
-0.977341211709 0.211514983276 0.008097391228 0.056179106030
0.185806429261 0.875618249342 -0.445834781353 0.451296317031
-0.101390959853 -0.434228158078 -0.895078644585 1.641183335140
0.000000000000 0.000000000000 0.000000000000 1.000000000000
21 55 60
0.769891838643 0.626748828404 -0.120218396618 0.437095522685
0.187355046595 -0.041900360850 0.981398209840 -1.173884398895
0.610052984016 -0.778093995513 -0.149683301804 1.117153394806
0.000000000000 0.000000000000 0.000000000000 1.000000000000
21 56 60
0.924811761551 0.202746230881 -0.321896212405 0.360141641374
-0.319619073336 0.872990780713 -0.368416537022 0.691461591239
0.206317361500 0.443600115707 0.872153704165 -1.795002467575
0.000000000000 0.000000000000 0.000000000000 1.000000000000
21 57 60
-0.539044614325 0.745450868616 -0.392089155992 0.652902645814
0.762145116018 0.233519583791 -0.603824002601 1.474277659057
-0.358560630714 -0.624316911885 -0.694019212729 1.866116085073
0.000000000000 0.000000000000 0.000000000000 1.000000000000
21 58 60
-0.924845445218 -0.019065522862 0.379864986932 -0.190710835463
0.314612493077 -0.599577611981 0.735884275148 -1.219825127945
0.213728523269 0.800089490650 0.560514875175 -0.596288357814
0.000000000000 0.000000000000 0.000000000000 1.000000000000
21 59 60
-0.812998264902 -0.547369069192 -0.198547030597 1.016404522207
0.322242370499 -0.706979639171 0.629555116296 -2.414012929241
-0.484967706061 0.447846951413 0.751158726360 -0.643096951801
0.000000000000 0.000000000000 0.000000000000 1.000000000000
22 24 60
-0.176888497814 0.607213971394 0.774597735786 -0.868553418765
-0.982510722936 -0.062429770329 -0.175428626776 0.000862237118
-0.058164754419 -0.792081887635 0.607637346304 0.042902827546
0.000000000000 0.000000000000 0.000000000000 1.000000000000
22 25 60
0.988509943180 0.020083793808 0.149815664936 -0.278319437080
-0.017285562058 0.999651406780 -0.019956810035 -0.092238014159
-0.150164248669 0.017137857180 0.988512514981 -0.161730635067
0.000000000000 0.000000000000 0.000000000000 1.000000000000
22 26 60
0.558675212799 -0.771862131381 0.303497704678 -0.490342350523
-0.827585099411 -0.494692474988 0.265296548081 -0.412003247024
-0.054634328369 -0.399384783551 -0.915154022464 1.506510185695
0.000000000000 0.000000000000 0.000000000000 1.000000000000
22 27 60
0.151496843758 -0.872257206093 0.464990400707 -1.920624437242
-0.045977673399 0.463692530447 0.884802402096 -2.328858524089
-0.987387846735 -0.155423948044 0.030143597896 0.599356498229
0.000000000000 0.000000000000 0.000000000000 1.000000000000
22 28 60
-0.000691810041 -0.973851782804 0.227183244383 -0.886645584031
-0.305277224879 0.216544034566 0.927315748311 -2.533250048504
-0.952263271039 -0.068712344038 -0.297444577035 2.408665147185
0.000000000000 0.000000000000 0.000000000000 1.000000000000
22 30 60
-0.457986897484 -0.467681729277 0.755990609620 -1.518110556406
-0.882006071313 0.132907683946 -0.452107108674 2.092901463029
0.110965273394 -0.873847439573 -0.473368102487 2.436604560664
0.000000000000 0.000000000000 0.000000000000 1.000000000000
22 31 60
-0.217378051101 -0.963735553014 0.154792011283 -0.468229597443
0.562088117185 -0.253245278626 -0.787352384497 1.102810808263
0.797999831716 -0.084146376695 0.596754267576 0.363601389433
0.000000000000 0.000000000000 0.000000000000 1.000000000000
22 32 60
-0.946434515274 -0.305389980736 -0.104874534399 -0.264570254084
-0.322468662775 0.910640207193 0.258357067975 -0.448238360433
0.016603307723 0.278336797264 -0.960340021795 3.529463671046
0.000000000000 0.000000000000 0.000000000000 1.000000000000
22 33 60
0.493482121691 0.742312298730 -0.453263551066 0.098937622464
-0.400432552964 0.656528511661 0.639237110862 -1.646308346376
0.772094013770 -0.133950604813 0.621231091762 -1.594004533676
0.000000000000 0.000000000000 0.000000000000 1.000000000000
22 34 60
0.886128537950 -0.321814229429 0.333484356405 -0.946391307797
0.218799491979 0.924849581103 0.311094896526 -0.388334847231
-0.408537631730 -0.202703858058 0.889948397037 -0.207452649844
0.000000000000 0.000000000000 0.000000000000 1.000000000000
22 35 60
-0.866180715426 -0.494061659482 -0.075060274804 0.075335431966
0.496891224339 -0.835498531765 -0.234608854464 0.277067227427
0.053198490572 -0.240510457252 0.969187618861 -1.730625866636
0.000000000000 0.000000000000 0.000000000000 1.000000000000
22 36 60
-0.297971936856 0.857143919693 0.420139293306 -0.908599044767
0.952961200146 0.241527478189 0.183110426504 -0.472719114549
0.055476804710 0.454938213621 -0.888793308889 2.382357979616
0.000000000000 0.000000000000 0.000000000000 1.000000000000
22 37 60
0.851388190138 -0.248008460064 0.462201204487 -1.754780662976
0.133091122286 -0.750186426738 -0.647693660850 0.979319958475
0.507370577449 0.612953610703 -0.605692139841 1.377344200089
0.000000000000 0.000000000000 0.000000000000 1.000000000000
22 39 60
-0.075691110427 0.268124780221 -0.960406142230 2.092790677880
0.886706379199 0.458659576932 0.058165192142 -0.392344313896
0.456095004237 -0.847195664956 -0.272464405729 1.682030298216
0.000000000000 0.000000000000 0.000000000000 1.000000000000
22 47 60
-0.263000954327 0.875584548633 -0.405194022930 1.229318908798
0.732807620519 -0.091886044408 -0.674203193519 1.348435637848
-0.627553574869 -0.474245351098 -0.617468912278 2.273194851913
0.000000000000 0.000000000000 0.000000000000 1.000000000000
22 48 60
0.707009047305 0.595312327355 -0.381760972244 0.871221816514
0.699594466449 -0.667722431291 0.254390128079 -2.138540354668
-0.103468785356 -0.446933985784 -0.888563010038 3.091813772113
0.000000000000 0.000000000000 0.000000000000 1.000000000000
22 49 60
-0.884911010502 -0.230538870643 -0.404702770702 -0.160087046725
0.004240416803 0.864884376084 -0.501953219803 0.818607613021
0.465740831747 -0.445900039390 -0.764368126308 2.195746118251
0.000000000000 0.000000000000 0.000000000000 1.000000000000
22 51 60
0.597835812639 0.764933134048 0.239728266085 -0.349113807349
0.518735985267 -0.141162800743 -0.843199882160 2.432564488604
-0.611150815032 0.628450765073 -0.481190520652 2.712183407122
0.000000000000 0.000000000000 0.000000000000 1.000000000000
22 52 60
-0.600946891584 0.226912967415 -0.766402856671 1.148019303964
-0.635419201399 -0.717302984220 0.285865120859 -1.615127315045
-0.484876553350 0.658776846929 0.575245855232 -0.706733073099
0.000000000000 0.000000000000 0.000000000000 1.000000000000
22 53 60
-0.717511247197 0.644366298662 0.264517831712 -0.438345635594
-0.624568487952 -0.763292221575 0.165224660209 -0.244819015201
0.308369606161 -0.046658950175 0.950121638721 -0.210994366201
0.000000000000 0.000000000000 0.000000000000 1.000000000000
22 54 60
0.827293715544 -0.539766224632 -0.155684074227 -0.063393654293
0.561706910269 0.798942331530 0.214887174687 -0.212357794255
0.008393758242 -0.265223629482 0.964150388263 -0.252929482880
0.000000000000 0.000000000000 0.000000000000 1.000000000000
22 55 60
-0.626436769471 -0.655506001211 0.421768723628 -1.443133713301
-0.727076821097 0.686431925095 -0.013057887732 -0.010613888013
-0.280955993133 -0.314838203821 -0.906609417190 2.786873736194
0.000000000000 0.000000000000 0.000000000000 1.000000000000
22 58 60
0.887835915924 -0.117724293694 0.444846464605 -1.923578376200
0.441437663959 0.490844842031 -0.751135227431 2.247292410832
-0.129923728530 0.863256816784 0.487757617101 -1.114509691200
0.000000000000 0.000000000000 0.000000000000 1.000000000000
22 59 60
-0.953156965663 -0.285149797417 -0.100902883221 1.100549680050
-0.287039377629 0.957908579030 0.004421528288 0.665712266656
0.095394939591 0.033177511287 -0.994886454951 3.395539943198
0.000000000000 0.000000000000 0.000000000000 1.000000000000
23 25 60
-0.900908187476 0.376789616166 0.215392717820 -0.495935681304
-0.295805893938 -0.896234427748 0.330549124384 -0.228379329644
0.317589846896 0.234079977078 0.918881523092 -0.037283522191
0.000000000000 0.000000000000 0.000000000000 1.000000000000
23 26 60
-0.464019950384 0.836463420105 -0.291572345178 0.498251058424
-0.655019353359 -0.102406372783 0.748640488845 -2.358731181343
0.596351517455 0.538369651485 0.595418328564 -0.062248493489
0.000000000000 0.000000000000 0.000000000000 1.000000000000
23 27 60
-0.509978587602 0.794522251945 -0.329630446640 0.231567868625
-0.859491759763 -0.486072170119 0.158138421435 0.160103685122
-0.034579691818 0.363961861463 0.930771727286 -0.140288840968
0.000000000000 0.000000000000 0.000000000000 1.000000000000
23 28 60
-0.467827383447 0.200422694809 -0.860795145608 2.675089767904
0.505222741610 -0.738488376777 -0.446525361795 0.870832604310
-0.725181026129 -0.643790075080 0.244226981661 0.377508245080
0.000000000000 0.000000000000 0.000000000000 1.000000000000
23 29 60
0.561828147909 -0.728658806426 -0.391670111234 1.056938850180
-0.751770382971 -0.252123466545 -0.609323435381 2.862607708518
0.345239660966 0.636781046698 -0.689434170216 2.290071472859
0.000000000000 0.000000000000 0.000000000000 1.000000000000
23 31 60
-0.589967192954 0.147462710349 0.793847252496 -1.263110463424
0.440514008343 0.882749814131 0.163401879138 0.353227389391
-0.676672830615 0.446102583167 -0.585752819541 1.133827824328
0.000000000000 0.000000000000 0.000000000000 1.000000000000
23 33 60
-0.822412660321 -0.558000638905 0.110782232899 0.336097518489
-0.477077240790 0.782557265733 0.400001790206 -1.020011175332
-0.309894695766 0.276114854417 -0.909794407933 3.273889129749
0.000000000000 0.000000000000 0.000000000000 1.000000000000
23 34 60
0.270978550889 -0.870157167185 -0.411578825201 0.331564821196
0.930488508362 0.127297116257 0.343491746623 -0.786261525150
-0.246499007632 -0.476048262878 0.844166032630 -0.128855022286
0.000000000000 0.000000000000 0.000000000000 1.000000000000
23 35 60
-0.706636909090 -0.529459697070 0.469400370570 -0.979428943358
-0.668075293556 0.717790744473 -0.196091430942 0.646339019688
-0.233108731822 -0.452160233024 -0.860936375593 2.886741202944
0.000000000000 0.000000000000 0.000000000000 1.000000000000
23 36 60
-0.757700401598 0.626957651317 0.181146915164 -0.458802256854
-0.651016695983 -0.706817281045 -0.276742827853 0.810889131629
-0.045468263324 -0.327617818002 0.943715636386 -1.076959289978
0.000000000000 0.000000000000 0.000000000000 1.000000000000
23 37 60
-0.055133382952 0.490279203381 0.869819873777 -1.598362330674
-0.988251036376 0.097575328592 -0.117639042631 1.136852281128
-0.142548936107 -0.866086230108 0.479139272897 0.118914995209
0.000000000000 0.000000000000 0.000000000000 1.000000000000
23 41 60
-0.497875610700 0.795023710405 0.346492678370 -0.882762938856
-0.864176150665 -0.488395589886 -0.121117002948 0.685937856722
0.072934606966 -0.359731910837 0.930200782322 -0.816705911910
0.000000000000 0.000000000000 0.000000000000 1.000000000000
23 49 60
0.040649990887 -0.999164065841 0.004329869672 -1.357958268285
-0.707783082843 -0.031853641414 -0.705711310077 2.615877322179
0.705259304002 0.025622549818 -0.708486273020 2.008916303279
0.000000000000 0.000000000000 0.000000000000 1.000000000000
23 51 60
0.318892697984 -0.782525897511 -0.534752902653 1.237530837319
-0.666366192870 -0.586330139498 0.460622475046 -0.486877596955
-0.673990759709 0.209452112047 -0.708425203241 2.385590680203
0.000000000000 0.000000000000 0.000000000000 1.000000000000
23 52 60
0.700664900311 -0.468102859097 -0.538468579192 0.501536601463
0.268808525989 -0.525897781302 0.806953220439 -0.950838153907
-0.660916540743 -0.710148742819 -0.242648076945 1.142048563046
0.000000000000 0.000000000000 0.000000000000 1.000000000000
23 53 60
0.652504147364 0.699534503828 -0.291358568824 0.330639946070
-0.681957204663 0.709718265414 0.176732438293 -0.102553525619
0.330412936611 0.083375426190 0.940146706439 -0.216117574000
0.000000000000 0.000000000000 0.000000000000 1.000000000000
23 54 60
0.780380381051 0.566918739129 -0.263836320651 0.272885761321
-0.589746171946 0.807536631635 -0.009167401114 0.016706966215
0.207860322201 0.162750520099 0.964523900513 -0.215869813829
0.000000000000 0.000000000000 0.000000000000 1.000000000000
23 55 60
-0.042959318119 -0.997208861558 -0.061065402776 -0.207639844168
0.832105300236 -0.001884178822 -0.554614477984 1.136301190542
0.552951414056 -0.074638705104 0.829863722183 -0.032944965899
0.000000000000 0.000000000000 0.000000000000 1.000000000000
23 56 60
0.017639123419 0.995615281658 0.091864423219 -0.444279376271
0.945731724576 -0.046430370288 0.321614250065 0.286025955608
0.324469361351 0.081206105947 -0.942403948369 2.257252832307
0.000000000000 0.000000000000 0.000000000000 1.000000000000
23 57 60
-0.727504176011 -0.306266385129 -0.613953235373 0.656784159404
0.526946212876 0.323656351953 -0.785858927910 1.933609489409
0.439392037504 -0.895235984074 -0.074075435864 1.043054183484
0.000000000000 0.000000000000 0.000000000000 1.000000000000
23 58 60
0.931990864441 0.275960303371 0.235029656769 0.258636738442
0.240565186384 -0.955906556058 0.168437071881 -0.193659417485
0.271148335230 -0.100441859041 -0.957282619321 2.562414920044
0.000000000000 0.000000000000 0.000000000000 1.000000000000
24 26 60
0.487845668415 0.870450898174 0.065740685101 0.540839553646
-0.479063052136 0.204012858700 0.853743137930 -2.744573641633
0.729729536120 -0.447988825032 0.516527653432 0.110077587900
0.000000000000 0.000000000000 0.000000000000 1.000000000000
24 27 60
-0.319644812749 0.693221692757 0.645965075196 -1.897961000409
-0.776792753730 0.198677977892 -0.597595246680 1.561429091982
-0.542605023416 -0.692799210299 0.474983202622 -0.835378621144
0.000000000000 0.000000000000 0.000000000000 1.000000000000
24 28 60
0.094112443798 0.970017393313 0.224073881994 -0.771426060075
-0.950912918354 0.154232719344 -0.268285090888 1.144478374226
-0.294800728681 -0.187825783515 0.936917288461 -1.658323139020
0.000000000000 0.000000000000 0.000000000000 1.000000000000
24 31 60
0.544445671555 0.557997980053 0.626272436710 -0.626608735955
0.831757181086 -0.455669589120 -0.317088658364 0.869771259052
0.108438473048 0.693544144095 -0.712206162396 2.011902648942
0.000000000000 0.000000000000 0.000000000000 1.000000000000
24 32 60
0.968733404887 -0.226153940133 -0.102029337045 0.129968893705
0.205923604828 0.962283120397 -0.177782634627 -0.049371488027
0.138387352132 0.151213728090 0.978766238286 -0.296132847442
0.000000000000 0.000000000000 0.000000000000 1.000000000000
24 34 60
0.935561182788 -0.291748711048 -0.199017493858 -0.408714399551
0.337627671839 0.904172350558 0.261686674661 -0.555467596951
0.103599365193 -0.312017707972 0.944410991805 -0.216123107529
0.000000000000 0.000000000000 0.000000000000 1.000000000000
24 35 60
0.574610069702 0.808251996340 0.128654491601 -0.864754426043
-0.668605179291 0.554244581425 -0.495762098376 1.553902328798
-0.472006760568 0.198850834479 0.858875988490 -0.673454749743
0.000000000000 0.000000000000 0.000000000000 1.000000000000
24 36 60
0.785737756143 -0.282200264047 -0.550435454476 0.671677098585
0.038947919513 0.910671759893 -0.411290657927 0.791698274879
0.617332356302 0.301728282904 0.726540298372 -0.536915311894
0.000000000000 0.000000000000 0.000000000000 1.000000000000
24 37 60
-0.041469975479 -0.972954395292 0.227244330659 -0.438484391419
0.554538126253 -0.211606935904 -0.804804306158 1.035733067115
0.831124363538 0.092640430483 0.548315641737 -0.622209334779
0.000000000000 0.000000000000 0.000000000000 1.000000000000
24 40 60
-0.662086050174 0.568840014209 -0.487917104025 0.314326176573
0.162487344502 0.744525364173 0.647518219805 -1.489268707166
0.731600932915 0.349432425997 -0.585369160975 2.074905318447
0.000000000000 0.000000000000 0.000000000000 1.000000000000
24 42 60
0.936833119027 -0.267019622234 -0.225929697993 0.199670668990
-0.320374830226 -0.395843546580 -0.860620621871 2.735999275127
0.140369780408 0.878640090124 -0.456385710530 2.191480557619
0.000000000000 0.000000000000 0.000000000000 1.000000000000
24 47 60
0.208431819513 -0.946065484533 -0.248024747938 0.472929920903
-0.404609059219 0.147467828534 -0.902521328693 1.617995904329
0.890419949132 0.288467222614 -0.352049677835 1.583393573174
0.000000000000 0.000000000000 0.000000000000 1.000000000000
24 52 60
-0.187750073562 -0.155973323646 -0.969753696661 1.224150619963
-0.688839726931 0.724718949054 0.016801056049 -0.057611106824
0.700178363332 0.671159271108 -0.243506657665 1.467351459909
0.000000000000 0.000000000000 0.000000000000 1.000000000000
24 53 60
-0.654187493537 -0.744483280364 0.133354297116 -0.470115684290
-0.018068253955 0.191649971058 0.981297012526 -1.319439806246
-0.756116566079 0.639542753733 -0.138826527178 0.901532191526
0.000000000000 0.000000000000 0.000000000000 1.000000000000
24 54 60
0.092400741014 -0.727275926377 0.680096926896 -1.108740154244
-0.451954321314 0.577973925842 0.679472907843 -0.622786395120
-0.887242579291 -0.370156545206 -0.275290278679 1.248673514307
0.000000000000 0.000000000000 0.000000000000 1.000000000000
24 55 60
-0.639930247013 0.182401224010 0.746471079438 -1.314563701003
0.733651394555 0.433973587361 0.522898227899 -0.322428678104
-0.228571455403 0.882267940567 -0.411531737321 1.477769721112
0.000000000000 0.000000000000 0.000000000000 1.000000000000
24 56 60
0.866748637732 0.498649992130 0.009745990929 0.070474036873
0.322282589219 -0.574887901470 0.752088979729 -0.803285828588
0.380632016095 -0.648731135442 -0.658989516025 1.937548801858
0.000000000000 0.000000000000 0.000000000000 1.000000000000
24 57 60
-0.084610455147 -0.946078282888 0.312693066005 -0.564483804235
-0.445865691036 0.316595464936 0.837240166941 -1.797474022695
-0.891091946119 -0.068579838365 -0.448611133759 1.502062771094
0.000000000000 0.000000000000 0.000000000000 1.000000000000
24 58 60
-0.404399247603 -0.322856097214 -0.855701577087 1.198094481806
0.897353941959 -0.320815319589 -0.303040316738 0.527429446645
-0.176683760966 -0.890416459422 0.419453665381 -0.009662570498
0.000000000000 0.000000000000 0.000000000000 1.000000000000
25 27 60
0.978664368675 0.164632561932 -0.122931578682 0.067077387341
-0.179455196772 0.976270478235 -0.121209676501 0.124158061062
0.100059411537 0.140684302172 0.984985300035 -0.006998819572
0.000000000000 0.000000000000 0.000000000000 1.000000000000
25 28 60
0.492865892797 0.380710806686 0.782395356191 -2.518233631279
0.061947619508 0.881560951018 -0.467988014887 1.876178637238
-0.867897288943 0.279122860607 0.410907196983 0.554380960029
0.000000000000 0.000000000000 0.000000000000 1.000000000000
25 30 60
0.738533544397 -0.666172226481 0.103840110106 -0.536549348316
0.662176428589 0.745667011485 0.074182783746 -1.238228330037
-0.126848654789 0.013973999041 0.991823646688 -1.741529277267
0.000000000000 0.000000000000 0.000000000000 1.000000000000
25 31 60
-0.838888001289 0.439019841409 0.321758449994 -0.674919740168
-0.371230372933 -0.893789683125 0.251650576299 -0.238227269504
0.398063979161 0.091660139589 0.912766940300 0.127895163350
0.000000000000 0.000000000000 0.000000000000 1.000000000000
25 34 60
-0.570227464944 -0.796906172036 -0.199452227851 0.100527612013
0.727999547308 -0.602701857575 0.326752398605 -0.423775824786
-0.380601231399 0.041122060336 0.923824484852 -0.080476131966
0.000000000000 0.000000000000 0.000000000000 1.000000000000
25 35 60
-0.633011065168 0.344296518060 0.693366352678 -1.591148300074
-0.194317923962 0.796315279107 -0.572819797745 1.560094157076
-0.749358082496 -0.497334780518 -0.437173398420 2.137897910428
0.000000000000 0.000000000000 0.000000000000 1.000000000000
25 36 60
-0.709064626723 0.704047347688 -0.039302510651 -0.398599096143
-0.255665261615 -0.204742985050 0.944836273687 -1.860695193530
0.657162559139 0.679998266385 0.325176457605 0.165150722249
0.000000000000 0.000000000000 0.000000000000 1.000000000000
25 37 60
-0.774301541586 -0.084539090956 -0.627144532622 1.816307889570
0.405713251977 -0.826877301775 -0.389449207189 0.090722578628
-0.485647897008 -0.555991969287 0.674550998978 0.091208520093
0.000000000000 0.000000000000 0.000000000000 1.000000000000
25 39 60
0.916656768039 0.209460950101 0.340391656756 -0.766912919249
0.306455488804 -0.915066574782 -0.262179703829 0.954223099453
0.256564617571 0.344643691513 -0.902992426829 2.896480177680
0.000000000000 0.000000000000 0.000000000000 1.000000000000
25 40 60
0.875266015649 0.449172291630 -0.179314400650 0.469861011269
-0.394019583175 0.877252005226 0.274185133443 -0.783452806603
0.280460282255 -0.169331543898 0.944811546456 -0.430199563907
0.000000000000 0.000000000000 0.000000000000 1.000000000000
25 41 60
-0.549326768771 -0.329013078286 0.768108387812 -1.872653644143
-0.793136836002 0.494626460587 -0.355357037166 0.992246552123
-0.263009620522 -0.804422189403 -0.532663947258 2.027237454049
0.000000000000 0.000000000000 0.000000000000 1.000000000000
25 44 60
0.201097572797 -0.655308674181 -0.728100479163 2.018999634906
-0.920930259268 0.126835114310 -0.368510937888 0.660480928983
0.333837121633 0.744636418207 -0.577987353581 3.234772206521
0.000000000000 0.000000000000 0.000000000000 1.000000000000
25 48 60
-0.607548691763 -0.681300179577 -0.408307056571 0.554964878880
0.785691913128 -0.590892108330 -0.183124913542 0.740887198016
-0.116502381022 -0.432060854073 0.894287768895 -0.542444098652
0.000000000000 0.000000000000 0.000000000000 1.000000000000
25 51 60
-0.637256633401 0.680027408800 0.362583378641 -1.653279493494
-0.770272425680 -0.576800480395 -0.271995580941 0.157554591660
0.024173816872 -0.452618966788 0.891376293987 -1.886402500128
0.000000000000 0.000000000000 0.000000000000 1.000000000000
25 52 60
-0.209393054302 -0.965638093484 -0.153940317079 0.274997207642
0.959384985274 -0.233315899958 0.158569041295 0.397159001536
-0.189037030341 -0.114484772961 0.975273417007 -1.454154752024
0.000000000000 0.000000000000 0.000000000000 1.000000000000
25 53 60
0.970013642631 0.000510662021 -0.243049937942 0.315820929531
-0.122911778459 -0.861674062616 -0.492352012825 0.436086231636
-0.209681252918 0.507461869543 -0.835772829862 1.648182005655
0.000000000000 0.000000000000 0.000000000000 1.000000000000
25 54 60
0.988144569594 -0.062400882044 -0.140272732567 0.139890712867
0.095593656119 0.965024436409 0.244109995787 -0.289483959394
0.120133935636 -0.254625150080 0.959548784823 -0.005886195381
0.000000000000 0.000000000000 0.000000000000 1.000000000000
25 55 60
0.997070421895 0.042480244552 -0.063608196045 -0.174045359370
0.040683139345 0.409683738606 0.911319985787 -2.329749781248
0.064772339423 -0.911237983813 0.406755308387 -0.426125060721
0.000000000000 0.000000000000 0.000000000000 1.000000000000
25 56 60
0.873750956922 -0.245909585869 0.419628098266 -1.255121783783
-0.378339865404 -0.885817334206 0.268675634672 -0.142450003070
0.305643929309 -0.393517631115 -0.867021143040 3.204477851636
0.000000000000 0.000000000000 0.000000000000 1.000000000000
25 57 60
0.571727812538 0.673246526073 -0.468899161336 0.561593715841
-0.738730398158 0.671069799576 0.062791105531 -0.789003659873
0.356937959886 0.310490642739 0.881016942836 -0.781301062656
0.000000000000 0.000000000000 0.000000000000 1.000000000000
25 59 60
-0.001895610454 -0.828000515697 0.560724132410 -0.664611303807
0.230005095878 -0.546052730937 -0.805558235577 2.126468618830
0.973187578287 0.127442383224 0.191479441264 1.126512169021
0.000000000000 0.000000000000 0.000000000000 1.000000000000
26 29 60
-0.109449986511 -0.668271109709 0.735822277714 -2.685104503346
0.993027262000 -0.040900621839 0.110562181862 -1.534735340676
-0.043789923243 0.742792611071 0.668088002857 0.440473780462
0.000000000000 0.000000000000 0.000000000000 1.000000000000
26 48 60
0.735229797408 -0.646340012151 -0.204161048430 -0.457529833749
-0.567444881368 -0.751667496921 0.336158118574 -1.351215228601
-0.370733666686 -0.131303323509 -0.919410672998 4.036692967843
0.000000000000 0.000000000000 0.000000000000 1.000000000000
27 51 60
0.999790582893 0.004281258674 0.020011526250 -0.117051338060
-0.003902817903 0.999813533058 -0.018912089451 0.003246809510
-0.020088762309 0.018830027593 0.999620863973 -0.005131298544
0.000000000000 0.000000000000 0.000000000000 1.000000000000
28 50 60
0.996799223010 -0.073939054215 -0.030402718100 0.042069507140
0.073748271160 0.997249796565 -0.007350901420 -0.035890443745
0.030862623139 0.005085224926 0.999510699783 -0.017707847319
0.000000000000 0.000000000000 0.000000000000 1.000000000000
28 53 60
0.931272461539 -0.209895035757 -0.297784614013 1.099243319198
0.362729646540 0.610551866043 0.704026719941 -0.935814438636
0.034041238209 -0.763656004256 0.644725291318 2.332322529590
0.000000000000 0.000000000000 0.000000000000 1.000000000000
29 32 60
-0.561879878099 0.257846669300 0.786006423459 -0.278027873438
0.806348129804 0.382811960011 0.450841099317 0.344744660124
-0.184644783703 0.887113351497 -0.423008516993 3.504588186844
0.000000000000 0.000000000000 0.000000000000 1.000000000000
29 37 60
-0.525600706528 0.676311967134 0.516087221706 0.027661486552
-0.385221514364 -0.730086603639 0.564427086575 -0.059019722994
0.758517160102 0.097855374397 0.644263954860 2.157400338780
0.000000000000 0.000000000000 0.000000000000 1.000000000000
29 38 60
-0.693095753007 0.258238193017 -0.673001718297 1.595184821425
-0.695945455768 0.003547861660 0.718085882937 -0.722053817744
0.187824917835 0.966074763331 0.177260689087 2.773558965058
0.000000000000 0.000000000000 0.000000000000 1.000000000000
29 48 60
-0.501519006211 -0.712367465933 -0.490928996791 1.546992505450
0.796358679524 -0.158378881801 -0.583719952843 1.642236736710
0.338070318065 -0.683702218278 0.646730033912 1.694623205211
0.000000000000 0.000000000000 0.000000000000 1.000000000000
29 51 60
0.172158622595 0.512163126238 0.841457272111 -0.535899020799
0.964487572036 -0.261342351678 -0.038260927946 0.527945479896
0.200312585860 0.818162030005 -0.538967309403 3.743494901565
0.000000000000 0.000000000000 0.000000000000 1.000000000000
29 53 60
0.934393857997 -0.208595509520 -0.288783710665 1.513357931517
0.311973427592 0.087770801950 0.946027941871 -0.314361669754
-0.171990402679 -0.974055542427 0.147088754339 2.750757152516
0.000000000000 0.000000000000 0.000000000000 1.000000000000
29 55 60
-0.884844407464 0.262352605432 0.384995435041 0.147769442113
-0.259578981520 0.408589765586 -0.875027517174 1.998095420523
-0.386870943510 -0.874199927866 -0.293437146908 3.368604284181
0.000000000000 0.000000000000 0.000000000000 1.000000000000
30 42 60
0.729274970515 -0.478458274452 -0.489117263025 1.486216632003
0.431753270288 0.876356666142 -0.213513716899 0.788932343443
0.530798578537 -0.055467768270 0.845680906552 -0.370974897021
0.000000000000 0.000000000000 0.000000000000 1.000000000000
30 50 60
-0.086792422070 0.167864026127 0.981982048820 -1.958902849383
-0.493660167498 -0.863418264649 0.103964125048 0.034429616125
0.865313073111 -0.475742124479 0.157805945702 1.213480233929
0.000000000000 0.000000000000 0.000000000000 1.000000000000
31 33 60
-0.064806367703 -0.747649209924 -0.660924196565 0.710834253536
0.935180087318 0.185596888426 -0.301648801239 0.331142306208
0.348192962290 -0.637631910985 0.687158793225 0.469547391795
0.000000000000 0.000000000000 0.000000000000 1.000000000000
31 38 60
-0.909605438578 0.027946290136 -0.414532207407 -0.006833469076
-0.000515421030 -0.997810362446 -0.066137847982 -0.098033259734
-0.415472839607 -0.059945687603 0.907628136456 -0.607384050609
0.000000000000 0.000000000000 0.000000000000 1.000000000000
31 44 60
0.998482935638 -0.006360636854 -0.054693414027 0.129358631311
0.006929917072 0.999923707622 0.010225223017 0.012345384427
0.054624202406 -0.010588731519 0.998450837686 0.016451993808
0.000000000000 0.000000000000 0.000000000000 1.000000000000
31 51 60
-0.627725906131 -0.435346027860 -0.645316994042 0.814395043997
0.335355549127 -0.899359671282 0.280515306786 -0.478116511320
-0.702493304197 -0.040323909761 0.710547070826 0.146319888539
0.000000000000 0.000000000000 0.000000000000 1.000000000000
31 55 60
-0.515304346361 -0.569549252393 -0.640371048471 0.348639777977
-0.805312745173 0.577392460496 0.134496576259 -0.420365318280
0.293142990849 0.585005637290 -0.756198116405 1.974592002634
0.000000000000 0.000000000000 0.000000000000 1.000000000000
32 53 60
0.997437779736 0.040388171653 -0.059048040994 0.070547782567
-0.041833205325 0.998849522596 -0.023443850825 0.031792734376
0.058033253286 0.025853951338 0.997979816787 0.043863028661
0.000000000000 0.000000000000 0.000000000000 1.000000000000
34 41 60
0.602705174979 -0.797878488142 0.011678622127 -0.063637925557
0.793557933290 0.597777223913 -0.113702229894 -0.046108862182
0.083739348972 0.077796585602 0.993446230403 -1.335397755344
0.000000000000 0.000000000000 0.000000000000 1.000000000000
34 46 60
-0.246901059645 0.954124839244 0.169368408758 0.028143751139
0.731353510993 0.068808979764 0.678518508415 -1.508895569661
0.635737295354 0.291395119113 -0.714791561123 4.075857496536
0.000000000000 0.000000000000 0.000000000000 1.000000000000
34 50 60
-0.545551633406 -0.732248805456 -0.407658070198 1.707226688940
-0.537562700752 -0.067433123240 0.840523120830 -1.456238029009
-0.642961708073 0.677690534683 -0.356841394954 2.198706010593
0.000000000000 0.000000000000 0.000000000000 1.000000000000
34 58 60
-0.803817223167 0.255690900971 0.537121992568 -0.695806519645
0.458685428441 0.841341375089 0.285923710627 -0.321746400437
-0.378794864638 0.476200434400 -0.793566378320 2.721367485483
0.000000000000 0.000000000000 0.000000000000 1.000000000000
35 53 60
-0.845980095398 -0.213697944288 0.488519054693 -0.405847055247
-0.516341900654 0.556967482962 -0.650521532735 0.922058319403
-0.133074114010 -0.802571125527 -0.581524607090 2.969736620751
0.000000000000 0.000000000000 0.000000000000 1.000000000000
35 55 60
-0.662161651803 0.629443745876 0.406623311751 -0.374998455876
-0.567284541160 -0.775600899955 0.276823939264 -0.593057544049
0.489622503815 -0.047368921950 0.870646879620 -0.020549071061
0.000000000000 0.000000000000 0.000000000000 1.000000000000
36 44 60
0.779883546306 0.101528353569 0.617635529761 -1.246682966437
-0.421650877228 0.814484924786 0.398528349091 -1.106177020799
-0.462592900868 -0.571232265124 0.678012910901 -0.597485766637
0.000000000000 0.000000000000 0.000000000000 1.000000000000
36 49 60
0.201090042789 -0.441026492488 0.874676184433 -1.555889304548
-0.979408135579 -0.074150617785 0.187780163605 0.125667919467
-0.017958247476 -0.894425692166 -0.446855885652 2.518588539278
0.000000000000 0.000000000000 0.000000000000 1.000000000000
36 53 60
-0.843129367553 0.462296862235 0.274616970956 -0.491145598973
-0.344793992044 -0.856710404652 0.383620105849 -0.212891238264
0.412613587535 0.228755095526 0.881714882291 1.011199193998
0.000000000000 0.000000000000 0.000000000000 1.000000000000
36 57 60
0.954087002519 0.165955332902 0.249352800478 -0.055616611553
-0.022084937044 -0.791239472920 0.611107479949 -1.350394311397
0.298714323695 -0.588556644662 -0.751246183913 3.364998782349
0.000000000000 0.000000000000 0.000000000000 1.000000000000
36 58 60
0.999983037374 -0.005824403711 0.000035863049 0.037306728881
0.005750985648 0.986365296817 -0.164470141363 0.309241356939
0.000922566435 0.164467557765 0.986382061533 0.058160188628
0.000000000000 0.000000000000 0.000000000000 1.000000000000
37 53 60
0.901614370344 -0.417096983439 -0.114549699232 0.939930302931
-0.362823671201 -0.873464382669 0.324682854222 -0.493517857468
-0.235479321395 -0.251177384761 -0.938860698176 2.744307719219
0.000000000000 0.000000000000 0.000000000000 1.000000000000
37 56 60
-0.616230055355 0.131498100714 0.776510636363 -0.784918648328
0.151845143799 0.987300831816 -0.046691753016 0.063225836593
-0.772789474037 0.089136507695 -0.628371794255 2.126219126271
0.000000000000 0.000000000000 0.000000000000 1.000000000000
37 58 60
-0.629720591011 -0.774501586462 -0.059993914898 0.197813093221
-0.435010032862 0.415567243993 -0.798792924999 1.250216984304
0.643597893537 -0.476918397935 -0.598607211071 3.173818010730
0.000000000000 0.000000000000 0.000000000000 1.000000000000
38 55 60
-0.893943767493 0.113612649180 0.433539740401 -0.400534450563
-0.383381169960 -0.694867231263 -0.608422887009 0.440326528755
0.232128023040 -0.710106820741 0.664729180988 0.687496852166
0.000000000000 0.000000000000 0.000000000000 1.000000000000
38 59 60
-0.634549432604 -0.767337287396 0.092414852456 0.160458847058
0.596349309568 -0.410038409222 0.690098546543 -1.348850491683
-0.491644707652 0.493013174605 0.717790701461 0.671944357047
0.000000000000 0.000000000000 0.000000000000 1.000000000000
39 46 60
0.999999121917 -0.001009741847 0.000858246239 -0.291673432382
0.001058460757 0.998269167413 -0.058800927328 -0.090131591287
-0.000797387001 0.058801784116 0.998269359621 -0.295525970333
0.000000000000 0.000000000000 0.000000000000 1.000000000000
39 58 60
0.785416082171 -0.602269154421 0.142805614385 0.381773168082
0.480883290682 0.738997038224 0.471841751268 -0.787688950299
-0.389708658629 -0.301919265912 0.870041331352 1.036773748368
0.000000000000 0.000000000000 0.000000000000 1.000000000000
40 47 60
0.999181585738 0.006912366728 0.039854459083 -0.062776757407
-0.007930620097 0.999644687489 0.025448065537 -0.069036499892
-0.039664391934 -0.025743309051 0.998881383374 0.018951023404
0.000000000000 0.000000000000 0.000000000000 1.000000000000
40 55 60
0.996684007538 0.018393146281 0.079263366614 -0.149127765213
-0.012064983600 0.996754760066 -0.079588846302 0.152921262674
-0.080470027264 0.078368619069 0.993671441804 -0.004397685905
0.000000000000 0.000000000000 0.000000000000 1.000000000000
41 47 60
0.998326209892 0.047281635614 -0.033305038295 0.135005063390
-0.048175358826 0.998485617440 -0.026563255968 0.111716586679
0.031998647537 0.028123276823 0.999092171852 -0.041276521767
0.000000000000 0.000000000000 0.000000000000 1.000000000000
41 53 60
0.980972840255 -0.135184194809 0.139346762271 -0.142661649837
0.178812086239 0.908678322444 -0.377266410027 0.593485223844
-0.075620926310 0.395004987049 0.915561322747 1.201098170069
0.000000000000 0.000000000000 0.000000000000 1.000000000000
42 46 60
0.999081579843 -0.018089958514 0.038842634040 -0.087153793628
0.017536602182 0.999740495825 0.014539896574 -0.006939154877
-0.039095580340 -0.013845375019 0.999139550407 0.028112891188
0.000000000000 0.000000000000 0.000000000000 1.000000000000
42 53 60
0.945070953331 0.140682133596 -0.295041404648 0.391664856581
-0.283286446436 -0.097773686613 -0.954038309226 1.475165715179
-0.163063430710 0.985215125490 -0.052549729515 1.900041593921
0.000000000000 0.000000000000 0.000000000000 1.000000000000
46 48 60
0.290456063111 -0.699577001297 0.652860853980 -2.116359729049
0.659149427372 0.640863248703 0.393467061973 -0.608552453557
-0.693655035156 0.316047964270 0.647268396017 1.657130991779
0.000000000000 0.000000000000 0.000000000000 1.000000000000
46 51 60
0.994028123766 -0.072811716402 -0.081280644173 0.226465932939
0.074511303113 0.997056393023 0.018072488503 -0.024337532643
0.079725496994 -0.024020888554 0.996527391516 0.041193605991
0.000000000000 0.000000000000 0.000000000000 1.000000000000
46 53 60
-0.971480837877 0.048811805780 0.232039628632 -0.529922513185
0.236410867199 0.123864093470 0.963725888527 -0.490479257112
0.018299822647 0.991097923500 -0.131871234641 2.716560172850
0.000000000000 0.000000000000 0.000000000000 1.000000000000
47 52 60
0.735189581019 -0.556639208735 -0.386845022277 1.351265793988
0.543112218819 0.825190037174 -0.155211211962 0.463439537210
0.405617304527 -0.095990592495 0.908988673429 0.596489724685
0.000000000000 0.000000000000 0.000000000000 1.000000000000
47 53 60
-0.001266826708 -0.997104308474 0.076035473117 0.251217860109
-0.992142798557 0.010765608268 0.124646576172 -0.397658342228
-0.125104206255 -0.075280141476 -0.989283497222 3.389330160787
0.000000000000 0.000000000000 0.000000000000 1.000000000000
48 53 60
0.686258662573 -0.690713232390 -0.227956747309 0.423349915306
0.432488850452 0.639476581725 -0.635628111132 1.081324437737
0.584809748788 0.337616545842 0.737572115590 0.717616228286
0.000000000000 0.000000000000 0.000000000000 1.000000000000
49 53 60
-0.592066571446 -0.797548046057 0.115647261992 -0.277690325166
0.609157605865 -0.536853120649 -0.583708607154 0.531377150788
0.527621252598 -0.275146944522 0.803685244811 1.099336514640
0.000000000000 0.000000000000 0.000000000000 1.000000000000
50 53 60
0.329892761252 0.919364774714 0.214334264848 0.813276770019
0.138074740481 -0.271593812408 0.952455860973 -0.894656817081
0.933866228168 -0.284614145953 -0.216537885390 2.821664531298
0.000000000000 0.000000000000 0.000000000000 1.000000000000
51 55 60
-0.352549898251 -0.369045475881 -0.859950002021 1.032696906969
0.843827420506 0.271903602506 -0.462626972134 1.028537834578
0.404553894611 -0.888748483923 0.215551104564 2.208472402852
0.000000000000 0.000000000000 0.000000000000 1.000000000000
52 55 60
-0.480772630714 0.828602755156 -0.286836454628 0.194685657798
-0.873140723470 -0.482440144482 0.069833974613 -0.182096783011
-0.080516796845 0.284022853200 0.955430826531 0.047792771116
0.000000000000 0.000000000000 0.000000000000 1.000000000000
53 55 60
-0.063443051907 0.867531544297 -0.493319367969 0.490852241526
-0.153978783635 -0.496905154695 -0.854035011828 1.158000098456
-0.986035249550 0.021778128638 0.165106631479 0.555622902114
0.000000000000 0.000000000000 0.000000000000 1.000000000000
53 59 60
-0.617534246445 -0.003229237055 0.786537364971 -1.712718933499
-0.701401999573 -0.450260176303 -0.552540504064 0.833731327058
0.355930736891 -0.892891564337 0.275786085350 0.401328951898
0.000000000000 0.000000000000 0.000000000000 1.000000000000
54 58 60
0.827153024139 -0.429029846122 0.362975571899 -0.771813445673
0.558584200218 0.698524631773 -0.447266173631 0.022459741519
-0.061656840055 0.572709987642 0.817436055071 -0.638097736027
0.000000000000 0.000000000000 0.000000000000 1.000000000000
55 57 60
0.989885199391 -0.136416890642 -0.038957977048 -0.327158671924
0.124452288437 0.966800905654 -0.223176245890 -0.004247759699
0.068109617022 0.216070453266 0.973999301486 -0.468786802100
0.000000000000 0.000000000000 0.000000000000 1.000000000000
55 58 60
-0.908543621426 -0.314512080435 0.275010252945 -0.793134261828
0.344136452285 -0.936613441191 0.065767499489 -0.208956670077
0.236893626285 0.154393694949 0.959189239299 -0.537742897495
0.000000000000 0.000000000000 0.000000000000 1.000000000000
56 58 60
-0.865019321881 0.493024143840 0.093106210127 -0.811536079386
-0.479325003592 -0.866868315746 0.137065181893 -0.360909314819
0.148287267511 0.073935896190 0.986176642163 -0.405618653298
0.000000000000 0.000000000000 0.000000000000 1.000000000000
