0 3 57
0.938999838307 0.017521221626 -0.343470974685 0.684299756381
-0.026062740579 0.999454835847 -0.020267329755 0.172863229441
0.342928618246 0.027982814273 0.938944580310 0.276307030866
0.000000000000 0.000000000000 0.000000000000 1.000000000000
0 5 57
0.920228375204 -0.086538683195 0.381694634205 -1.256164920337
-0.038661180686 0.950379717114 0.308680589617 -0.629998095897
-0.389467650233 -0.298813402660 0.871220695239 0.533585282746
0.000000000000 0.000000000000 0.000000000000 1.000000000000
0 14 57
0.941807545790 0.062170274012 -0.330353452718 0.820730285825
-0.040136527162 0.996515783297 0.073111919866 -0.092450507470
0.333747817791 -0.055598117489 0.941021383100 0.198095400101
0.000000000000 0.000000000000 0.000000000000 1.000000000000
0 17 57
0.982403171746 -0.114930605086 -0.147224196919 0.580924879201
0.165841206822 0.899352233538 0.404551917743 -0.852363991891
0.085911013635 -0.421848925617 0.902586716993 -0.311705564106
0.000000000000 0.000000000000 0.000000000000 1.000000000000
0 20 57
-0.535078181612 -0.660883414104 0.526236118605 -0.721322229108
0.791300280509 -0.173925255776 0.586168807998 -0.364910622038
-0.295863491544 0.730056928167 0.616020840561 0.998633018841
0.000000000000 0.000000000000 0.000000000000 1.000000000000
0 21 57
0.994643208634 -0.081283427665 0.063858373811 0.596149743296
0.083420506545 0.996015174552 -0.031540309928 -0.074602531725
-0.061040204837 0.036698452959 0.997460433774 0.187357480238
0.000000000000 0.000000000000 0.000000000000 1.000000000000
0 24 57
0.581581975275 -0.208379032472 0.786346351718 -1.507284939618
0.186868436754 0.975007889133 0.120165733355 -0.088924288264
-0.791733915770 0.077057088928 0.605986478122 1.001574670250
0.000000000000 0.000000000000 0.000000000000 1.000000000000
0 31 57
0.637572962700 -0.081293528417 0.766088819571 -1.908302656739
0.448318629422 0.847845099393 -0.283141473381 -0.358356024727
-0.626507081960 0.523975237652 0.577008515172 0.881361688611
0.000000000000 0.000000000000 0.000000000000 1.000000000000
0 33 57
0.861762828066 0.294067701686 -0.413387245799 0.559578978943
-0.130713506760 0.916054216001 0.379155182606 -0.727209243761
0.490182422486 -0.272706545890 0.827860092355 0.819770620304
0.000000000000 0.000000000000 0.000000000000 1.000000000000
0 38 57
0.976161616038 -0.130153187806 0.173691240652 -0.891683950913
0.099511650734 0.979569161351 0.174761807892 -0.377550307129
-0.192888389343 -0.153311466738 0.969169574132 0.101366073740
0.000000000000 0.000000000000 0.000000000000 1.000000000000
0 41 57
0.417463835938 -0.890636367939 0.180252061817 -0.318222274279
0.902403811472 0.429634747411 0.032883808439 -0.327356227641
-0.106730064761 0.148932346798 0.983070622770 0.529443525766
0.000000000000 0.000000000000 0.000000000000 1.000000000000
0 43 57
0.719711366622 -0.687369965862 0.097663088144 0.161835255509
0.570458228639 0.665657584603 0.481120971729 -0.385597487637
-0.395718281272 -0.290555519808 0.871197183063 0.219959462675
0.000000000000 0.000000000000 0.000000000000 1.000000000000
0 44 57
0.961916799922 -0.159156335741 -0.222228105380 0.772890090724
0.202775487454 0.960675803509 0.189694760708 -0.704515534276
0.183298040675 -0.227532989576 0.956363198235 0.455331216270
0.000000000000 0.000000000000 0.000000000000 1.000000000000
0 46 57
0.987553456576 0.077465734141 -0.136884003587 -0.550484131290
0.015817727026 0.816972057902 0.576460281476 -0.517526385902
0.156486325011 -0.571450537353 0.805578247871 1.536437866296
0.000000000000 0.000000000000 0.000000000000 1.000000000000
0 49 57
0.872600535417 -0.420869754237 0.247864792900 -0.240831113046
0.363203373056 0.898415466286 0.246846024353 -0.652667483679
-0.326575589093 -0.125372644173 0.936819131264 0.456658242414
0.000000000000 0.000000000000 0.000000000000 1.000000000000
0 51 57
0.934251593975 -0.315053031673 -0.167079461299 0.751532165578
0.348909243222 0.904402972081 0.245596425231 -1.012050323743
0.073731263035 -0.287744420146 0.954864833118 0.622567035183
0.000000000000 0.000000000000 0.000000000000 1.000000000000
0 53 57
0.194502127752 0.498188288700 -0.844971805034 1.370367122969
-0.454611538101 0.809104522207 0.372395249122 -1.181623012177
0.869193460471 0.311702263620 0.383854695333 1.567137265397
0.000000000000 0.000000000000 0.000000000000 1.000000000000
1 3 57
0.956353463462 0.212772234321 -0.200289863015 0.584224016527
-0.213204664452 0.976809608380 0.019666215487 -0.170861534609
0.199829487264 0.023894879744 0.979539284940 0.334603991038
0.000000000000 0.000000000000 0.000000000000 1.000000000000
1 6 57
0.747511275978 0.259031672956 0.611661249951 -1.349744721850
-0.146768991867 0.962480366291 -0.228233230558 -0.549585024420
-0.647831579435 0.080834008376 0.757482744211 0.067893577963
0.000000000000 0.000000000000 0.000000000000 1.000000000000
1 12 57
0.975966198301 0.216314465714 0.026420289484 -0.229587470363
-0.210306789569 0.966683679252 -0.145923673639 0.196697118477
-0.057105464144 0.136860206743 0.988942996221 -0.009959835345
0.000000000000 0.000000000000 0.000000000000 1.000000000000
1 15 57
0.910043059603 -0.281479709575 0.304287368726 0.089102619327
0.307690051520 0.950608774536 -0.040863063660 -0.247611780250
-0.277756119400 0.130813343638 0.951703424005 0.470104326852
0.000000000000 0.000000000000 0.000000000000 1.000000000000
1 17 57
0.957694662641 0.098043880697 0.270570380137 0.135874748502
-0.031172614942 0.969987587681 -0.241147979099 0.813014002147
-0.286092994020 0.222511746215 0.932008219690 -0.342707338951
0.000000000000 0.000000000000 0.000000000000 1.000000000000
1 22 57
0.823627400188 -0.063982377959 0.563510568641 -1.283253817452
0.164212181081 0.977957226369 -0.128972954444 1.075560480343
-0.542837236420 0.198760958702 0.815979053685 -0.136692827633
0.000000000000 0.000000000000 0.000000000000 1.000000000000
1 26 57
0.911279212886 0.380186510126 -0.158203709441 0.869806833905
-0.335521455269 0.908252684960 0.250004826588 -0.846705960838
0.238737406405 -0.174743462770 0.955232523003 -0.016974228262
0.000000000000 0.000000000000 0.000000000000 1.000000000000
1 29 57
-0.621406652786 0.750364319422 -0.225404436539 0.935910686758
-0.711752095637 -0.420384429775 0.562748510046 -1.559550693455
0.327509887223 0.510127748060 0.795303058230 0.017873739091
0.000000000000 0.000000000000 0.000000000000 1.000000000000
1 30 57
0.227401968255 -0.520089777116 0.823283042806 -1.357014920744
0.715875983055 -0.483852271418 -0.503397016607 0.688061373362
0.660159012450 0.703842029992 0.262290821605 1.937707317050
0.000000000000 0.000000000000 0.000000000000 1.000000000000
1 33 57
0.896696351435 0.220056855982 -0.384071130727 0.730009048564
0.014340379045 0.852773233747 0.522084442724 -1.129833828889
0.442413841162 -0.473658940526 0.761522948576 0.959246583514
0.000000000000 0.000000000000 0.000000000000 1.000000000000
1 36 57
0.927864273743 0.347293170598 -0.135850444119 0.556552344318
-0.372706034072 0.875898100962 -0.306419204518 0.886947774123
0.012573848949 0.334947712916 0.942152815596 0.132504137217
0.000000000000 0.000000000000 0.000000000000 1.000000000000
1 37 57
0.818601438294 -0.010405061154 0.574267724955 -0.766404116351
0.092891108943 0.989071620546 -0.114492669239 0.512580083959
-0.566800606124 0.147068229514 0.810621988824 0.011205835040
0.000000000000 0.000000000000 0.000000000000 1.000000000000
1 38 57
0.872631678697 -0.358025877803 0.332161743970 0.279449159035
0.417356118152 0.899898385523 -0.126478323736 0.212275065694
-0.253629304253 0.248998728023 0.934704129373 0.095597599410
0.000000000000 0.000000000000 0.000000000000 1.000000000000
1 43 57
0.665594731130 -0.700813353956 0.256601435710 -0.518957463215
0.597263318684 0.706355252255 0.379919446417 -0.848876169253
-0.447504393327 -0.099613756718 0.888716443769 0.270329006752
0.000000000000 0.000000000000 0.000000000000 1.000000000000
1 46 57
0.284344373443 0.941928465683 -0.178659012725 1.414705497852
-0.590875036831 0.025424527121 -0.806362377762 1.167934164113
-0.754993356355 0.334849755797 0.563791338087 1.375947804997
0.000000000000 0.000000000000 0.000000000000 1.000000000000
1 52 57
0.941653160767 -0.066392302282 -0.329971797303 0.516971147707
0.335313826002 0.270157606718 0.902540583921 -1.407818961362
0.029222643774 -0.960524299396 0.276657021166 1.375992809238
0.000000000000 0.000000000000 0.000000000000 1.000000000000
1 53 57
0.624026397997 0.621854206997 -0.473168468775 0.497427600631
-0.221332985785 0.721403028806 0.656193096149 -1.608461174984
0.749401603952 -0.304754024207 0.587811381928 1.451304267403
0.000000000000 0.000000000000 0.000000000000 1.000000000000
2 4 57
1.000000000000 0.000000000000 0.000000000000 0.000000000000
0.000000000000 1.000000000000 0.000000000000 0.000000000000
0.000000000000 0.000000000000 1.000000000000 0.000000000000
0.000000000000 0.000000000000 0.000000000000 1.000000000000
2 7 57
-0.987797154538 0.092852329748 0.125040898697 0.255011933826
0.024939325941 0.886792264492 -0.461494864173 1.397918270476
-0.153736175015 -0.452744877935 -0.878286550048 3.958507890548
0.000000000000 0.000000000000 0.000000000000 1.000000000000
2 16 57
0.936191986542 -0.094065136666 0.338668443168 -0.497905524202
-0.049186327483 0.918983939757 0.391215060621 -0.014322276802
-0.348030558317 -0.382910261722 0.855718681545 0.184680354229
0.000000000000 0.000000000000 0.000000000000 1.000000000000
2 19 57
1.000000000000 0.000000000000 0.000000000000 0.000000000000
0.000000000000 1.000000000000 0.000000000000 0.000000000000
0.000000000000 0.000000000000 1.000000000000 0.000000000000
0.000000000000 0.000000000000 0.000000000000 1.000000000000
2 20 57
0.376705250022 0.847449907286 -0.374061237296 1.684037453004
-0.779134635039 0.508278327959 0.366881945329 0.382088098503
0.501041290801 0.153237710659 0.851748688842 0.996661277948
0.000000000000 0.000000000000 0.000000000000 1.000000000000
2 26 57
0.503689036381 0.699204744593 -0.507355969481 1.232389916019
-0.845751103954 0.518815782025 -0.124640500972 0.994607604768
0.176075054423 0.491876925115 0.852675005937 0.472536248383
0.000000000000 0.000000000000 0.000000000000 1.000000000000
2 35 57
-0.694009890805 0.057238471694 0.717686581192 -0.785407671113
0.367598476186 -0.828938768237 0.421582588374 0.576003007713
0.619048973645 0.556402979748 0.554250929054 1.330959009146
0.000000000000 0.000000000000 0.000000000000 1.000000000000
2 36 57
-0.700094736306 0.198838826416 0.685806445950 -0.412366148747
0.346103344843 -0.745586370284 0.569485240490 -0.999398715480
0.624563715633 0.636053524129 0.453162310390 1.054643030681
0.000000000000 0.000000000000 0.000000000000 1.000000000000
2 40 57
-0.207684793483 -0.312370217782 0.926979974756 -0.518189148568
0.978041554443 -0.083138379846 0.191109203281 0.513010914763
0.017370789802 0.946315410864 0.322777630610 1.345976615140
0.000000000000 0.000000000000 0.000000000000 1.000000000000
2 46 57
0.096316114276 0.369918344204 0.924058236667 -0.656256287653
-0.265748477172 0.904230893772 -0.334281674086 1.562952115197
-0.959218928614 -0.213370357291 0.185397242747 1.935916656670
0.000000000000 0.000000000000 0.000000000000 1.000000000000
2 47 57
-0.364242968930 -0.874411093860 0.320518795891 0.726230656441
0.082085536616 0.312678575674 0.946305486084 0.051051286471
-0.927679375789 0.370995077122 -0.042114468862 0.922528596755
0.000000000000 0.000000000000 0.000000000000 1.000000000000
2 48 57
0.033159755825 -0.877452550605 0.478515884826 0.009389988226
0.997458154717 0.059266694339 0.039556144023 0.946399443046
-0.063068694147 0.475987899404 0.877187471091 1.033113003922
0.000000000000 0.000000000000 0.000000000000 1.000000000000
2 49 57
0.925844810842 0.349368291159 -0.144059652118 0.835793608021
-0.278432821543 0.888382426261 0.365036749654 0.322115022919
0.255512328712 -0.297856445024 0.919779858463 0.857069735626
0.000000000000 0.000000000000 0.000000000000 1.000000000000
2 51 57
0.925406478487 -0.310438111932 -0.217373016343 1.082284781241
0.317373165138 0.948295449905 -0.003164449371 0.210192769208
0.207116208019 -0.066059960264 0.976083479025 0.711468365987
0.000000000000 0.000000000000 0.000000000000 1.000000000000
3 9 57
0.970815857476 -0.190840847632 0.145245797694 -0.109719892806
0.197317027395 0.979835605689 -0.031435275153 -0.031731091932
-0.136317869602 0.059177332645 0.988896092483 -0.464827597618
0.000000000000 0.000000000000 0.000000000000 1.000000000000
3 12 57
0.755058117352 -0.255246301941 0.603934238776 -1.469960106774
0.304207473412 0.952347796545 0.022169518155 -0.580567142239
-0.580814129082 0.166982034245 0.796725766935 0.575571867778
0.000000000000 0.000000000000 0.000000000000 1.000000000000
3 14 57
0.871305760165 0.490224767169 -0.022493331405 0.246477112405
-0.489274876754 0.871330323093 0.037330457216 -0.420773527864
0.037899436417 -0.021520820451 0.999049792056 -0.139093978850
0.000000000000 0.000000000000 0.000000000000 1.000000000000
3 15 57
1.000000000000 0.000000000000 0.000000000000 0.000000000000
0.000000000000 1.000000000000 0.000000000000 0.000000000000
0.000000000000 0.000000000000 1.000000000000 0.000000000000
0.000000000000 0.000000000000 0.000000000000 1.000000000000
3 17 57
0.960736790033 0.052065549117 0.272532564791 -0.269207927457
0.000067043597 0.982192422514 -0.187877727956 0.617630826779
-0.277461377099 0.180519316838 0.943624904539 -0.519038659422
0.000000000000 0.000000000000 0.000000000000 1.000000000000
3 20 57
0.878973123515 -0.475623419208 -0.034476241648 -0.183623471784
0.453183866003 0.855628867388 -0.250047245309 0.283493411254
0.148427193370 0.204160731761 0.967619638016 0.688890482723
0.000000000000 0.000000000000 0.000000000000 1.000000000000
3 33 57
0.639440878192 -0.661754883783 0.391402397905 0.110862325441
0.753993567917 0.440188617536 -0.487573256580 0.532457762843
0.150363103310 0.606889161858 0.780433522077 0.537459018317
0.000000000000 0.000000000000 0.000000000000 1.000000000000
3 35 57
0.955745688467 -0.288794306697 0.056107284692 0.757701194156
0.220960053051 0.830570084297 0.511204450319 -0.808391585684
-0.194233966987 -0.476183980715 0.857625782366 0.387436046357
0.000000000000 0.000000000000 0.000000000000 1.000000000000
3 38 57
-0.225822426299 0.922806559743 0.312141450427 -0.447795727018
-0.968372524003 -0.247543919737 0.031251600876 0.001142517980
0.106107900442 -0.295211891860 0.949521485996 -0.221158029090
0.000000000000 0.000000000000 0.000000000000 1.000000000000
3 39 57
-0.063497833589 -0.709157333108 -0.702185091004 0.652877501947
0.309980519291 -0.682818409749 0.661567152274 -1.419350754526
-0.948620104568 -0.175655618205 0.263182448129 1.476314375004
0.000000000000 0.000000000000 0.000000000000 1.000000000000
3 40 57
0.956433320230 0.291396051719 -0.017990136103 0.125616007334
-0.146817988391 0.533324653742 0.833072200950 -2.079530557101
0.252348533262 -0.794136735552 0.552871651478 1.532196182232
0.000000000000 0.000000000000 0.000000000000 1.000000000000
3 44 57
0.397208006155 -0.702632850565 0.590366731069 -0.908347080132
0.858339393713 0.512085871800 0.031961619215 -0.712908089816
-0.324775745778 0.494039610972 0.806502063075 0.388363034500
0.000000000000 0.000000000000 0.000000000000 1.000000000000
3 46 57
0.996521084107 0.054718112824 -0.062862206927 1.194659453827
-0.070456397551 0.956007400347 -0.284755590860 0.526881481313
0.044515446477 0.288193994751 0.956536772118 0.848629384860
0.000000000000 0.000000000000 0.000000000000 1.000000000000
3 47 57
0.774724509385 -0.619548429841 -0.126339533163 0.514292448393
0.632280716061 0.757563574089 0.162229859490 -0.192778200618
-0.004799026428 -0.205565498796 0.978631593119 1.701555361590
0.000000000000 0.000000000000 0.000000000000 1.000000000000
3 48 57
0.974620471531 0.117278206820 0.190684972345 -0.520274412517
-0.215315654976 0.724222531402 0.655088462523 -1.234248217354
-0.061270753179 -0.679520085954 0.731093938964 1.175813233967
0.000000000000 0.000000000000 0.000000000000 1.000000000000
3 49 57
0.892893510152 0.268082952993 0.361763334023 -0.692418635997
-0.213909382770 0.959540462990 -0.183097995205 -0.475058308652
-0.396212008263 0.086102440151 0.914112911138 0.483268588695
0.000000000000 0.000000000000 0.000000000000 1.000000000000
3 51 57
0.701939897075 0.618871579847 0.352531344069 -0.553004044700
-0.603940390634 0.779554674609 -0.165983474650 -0.906841493573
-0.377539912401 -0.096397494536 0.920962071744 0.516354054193
0.000000000000 0.000000000000 0.000000000000 1.000000000000
3 52 57
-0.374473326171 0.522771349475 -0.765819720401 1.795252307093
-0.554858295724 -0.788059297692 -0.266636109685 -0.444111316935
-0.742901069896 0.325073314022 0.585171206449 0.738190828225
0.000000000000 0.000000000000 0.000000000000 1.000000000000
3 53 57
0.992165981904 0.024088844159 0.122582184432 0.585303658965
0.106699010894 0.346959374719 -0.931791024516 1.626089588540
-0.064976806840 0.937570754600 0.341671032854 0.878517795066
0.000000000000 0.000000000000 0.000000000000 1.000000000000
4 9 57
0.210338953708 -0.967277362760 0.141887378030 -1.063874678461
0.974893873657 0.218377618738 0.043510352102 0.620227556381
-0.073071606377 0.129173213654 0.988926094921 0.072770719979
0.000000000000 0.000000000000 0.000000000000 1.000000000000
4 10 57
0.981372872765 -0.152985354941 -0.116201401771 -0.123356299012
0.127929056145 0.971651875937 -0.198813451714 1.308510717664
0.143322856495 0.180244592601 0.973124064878 -0.105748018877
0.000000000000 0.000000000000 0.000000000000 1.000000000000
4 12 57
0.591798898883 -0.459717175784 0.662143626088 -1.889278570441
0.267440907113 0.886880558329 0.376720369055 -0.515143762916
-0.760427132922 -0.045858407594 0.647802116367 1.415768358971
0.000000000000 0.000000000000 0.000000000000 1.000000000000
4 16 57
0.999463876189 0.026493412334 -0.019236925350 -0.700852894189
-0.024466695837 0.994799072060 0.098874602515 0.323632405291
0.021756401101 -0.098350929485 0.994913942852 0.136905253373
0.000000000000 0.000000000000 0.000000000000 1.000000000000
4 20 57
0.908467969480 -0.073579911738 -0.411426718890 0.821113165195
0.051515902724 0.996588472035 -0.064478904870 1.156290765197
0.414767477263 0.037382000953 0.909159241173 0.833418275650
0.000000000000 0.000000000000 0.000000000000 1.000000000000
4 21 57
0.201068407446 0.979427086721 -0.017148682868 -0.384040859807
-0.788174546875 0.172151554219 0.590884697752 -1.050832059421
0.581680650516 -0.105292089813 0.806573739120 0.932666279125
0.000000000000 0.000000000000 0.000000000000 1.000000000000
4 34 57
0.949279744522 -0.004729893489 -0.314397192654 0.455922072951
0.041003437345 0.993210829924 0.108862139640 0.049491864222
0.311747790316 -0.116231989695 0.943028864778 0.724998511020
0.000000000000 0.000000000000 0.000000000000 1.000000000000
4 35 57
0.994206454061 0.030367207365 0.103108483750 -0.030766511957
-0.075567459776 0.879653354942 0.469573779253 0.230255139339
-0.076440079326 -0.474644928189 0.876851815541 0.847170734152
0.000000000000 0.000000000000 0.000000000000 1.000000000000
4 41 57
0.966576817322 0.246414693952 0.070774676407 -0.782652107759
-0.157793552634 0.789362131034 -0.593303144131 1.871014796911
-0.202065462074 0.562305277135 0.801861786309 1.019821605585
0.000000000000 0.000000000000 0.000000000000 1.000000000000
4 42 57
0.866790672183 -0.409333406268 -0.284815893395 -0.576167169321
-0.247719884736 -0.849138441342 0.466474829055 -1.144515673651
-0.432791854502 -0.333781470350 -0.837425304566 4.382273684623
0.000000000000 0.000000000000 0.000000000000 1.000000000000
4 44 57
0.835567699055 0.331602067674 0.438025899931 -1.107997621467
-0.362894122097 0.931738114841 -0.013112646562 -0.102526632698
-0.412473606966 -0.148000520495 0.898866713973 0.840040742526
0.000000000000 0.000000000000 0.000000000000 1.000000000000
4 46 57
-0.390866152630 0.799214060466 0.456596688865 -0.438951985133
-0.657168427247 0.105021840436 -0.746391366015 1.746466946486
-0.644479098930 -0.591800049498 0.484168764437 1.397068349518
0.000000000000 0.000000000000 0.000000000000 1.000000000000
4 47 57
0.845278527863 -0.221433174838 0.486283414703 -0.383300519163
0.153818417967 0.972403387429 0.175418204333 0.757505417225
-0.511707049617 -0.073477895985 0.856012204454 1.431483435607
0.000000000000 0.000000000000 0.000000000000 1.000000000000
4 49 57
0.852615255387 -0.471370852722 0.225514401947 0.259125069776
0.465444217439 0.881246903090 0.082253123027 0.817932008636
-0.237505593059 0.034834106839 0.970761391005 0.137100539977
0.000000000000 0.000000000000 0.000000000000 1.000000000000
4 51 57
0.906493951470 -0.172885358004 0.385200426968 -0.387400714087
0.093074447522 0.971704821859 0.217087278287 -0.402804752007
-0.411832324092 -0.160935987783 0.896935752810 0.834860320734
0.000000000000 0.000000000000 0.000000000000 1.000000000000
4 52 57
0.809402323963 -0.487437461565 -0.327524959396 0.534146540827
0.459939168875 0.179402731137 0.869638212704 -0.157302084760
-0.365135370649 -0.854528747980 0.369400568458 1.361754216696
0.000000000000 0.000000000000 0.000000000000 1.000000000000
4 53 57
0.581303351992 -0.283879757788 0.762560617971 -0.709951882119
0.540196486315 0.835484144533 -0.100767060130 0.944400089335
-0.608501576937 0.470508796254 0.639020581447 0.677560560373
0.000000000000 0.000000000000 0.000000000000 1.000000000000
5 18 57
0.873923088153 -0.242834814391 0.421057821341 0.110562693657
0.280002020865 0.959598809971 -0.027730708854 0.179246071194
-0.397312602750 0.142131547595 0.906609794164 -0.264681257835
0.000000000000 0.000000000000 0.000000000000 1.000000000000
5 20 57
-0.047700828250 -0.909473850322 -0.413015673509 0.645980108944
0.703821553196 0.262798874176 -0.659978767074 0.970367431127
0.708773484437 -0.322170866640 0.627571573964 1.117089900188
0.000000000000 0.000000000000 0.000000000000 1.000000000000
5 33 57
0.928352314356 0.371125456461 0.020685163685 0.970525101442
-0.304932221452 0.728588321074 0.613331393877 -1.056782816870
0.212551924834 -0.575695191886 0.789554763958 1.024814773648
0.000000000000 0.000000000000 0.000000000000 1.000000000000
5 35 57
-0.282965030596 0.468329707133 0.837017369519 -1.041325761090
-0.914090908245 -0.395962977387 -0.087470749413 0.674439500458
0.290462739304 -0.789861130804 0.540139603362 1.004170309602
0.000000000000 0.000000000000 0.000000000000 1.000000000000
5 37 57
0.904454875122 -0.397477831622 0.154831367098 0.338416527412
0.383489276677 0.916614713136 0.112931139798 -0.085944160537
-0.186808333707 -0.042764950968 0.981465132048 -0.308661425770
0.000000000000 0.000000000000 0.000000000000 1.000000000000
5 41 57
0.973317978333 0.200466118140 -0.111648773089 0.347356516201
-0.152146364701 0.928051260176 0.339959324324 -0.264995897680
0.171766110635 -0.313901567318 0.933789167464 0.549520402402
0.000000000000 0.000000000000 0.000000000000 1.000000000000
5 43 57
0.883210994519 -0.455494819510 0.111636949796 0.637162374131
0.396797852327 0.852684242216 0.339825024777 -0.285512304616
-0.249979606266 -0.255839896176 0.933839463707 0.334633499556
0.000000000000 0.000000000000 0.000000000000 1.000000000000
5 46 57
0.935739613151 0.316784651389 -0.155044706533 0.126416670343
-0.302073579672 0.946763776217 0.111309947930 0.269290311987
0.182051994890 -0.057322218104 0.981616643333 0.986774125475
0.000000000000 0.000000000000 0.000000000000 1.000000000000
5 47 57
0.713702885357 -0.674441705427 0.189094096718 0.866849200429
0.630817919872 0.736233165148 0.245009139634 0.437583363543
-0.304461727318 -0.055579785144 0.950901647954 0.972578521464
0.000000000000 0.000000000000 0.000000000000 1.000000000000
5 48 57
0.906166183602 -0.089296995501 -0.413387099813 1.545393679000
0.143348927594 0.984445810485 0.101575248841 -0.610428066973
0.397886833980 -0.151302653030 0.904872131592 1.048921269682
0.000000000000 0.000000000000 0.000000000000 1.000000000000
5 51 57
0.618076945027 0.394572287362 -0.679921760257 1.383698274076
-0.125174805025 0.903273995498 0.410399021982 -1.314669184997
0.776087725848 -0.168549099976 0.607683340799 1.205861488880
0.000000000000 0.000000000000 0.000000000000 1.000000000000
6 8 57
0.321511758771 0.804960958563 0.498666265313 -0.523009997969
-0.866523527109 0.037776994498 0.497704606824 -1.133269972341
0.381794664629 -0.592123934557 0.709663356941 0.515325610136
0.000000000000 0.000000000000 0.000000000000 1.000000000000
6 10 57
0.819033282361 -0.564453486813 -0.102843296376 0.524545439104
0.468639190981 0.761567045940 -0.447652703795 1.237626479487
0.331001194954 0.318446064136 0.888273782780 0.266776560154
0.000000000000 0.000000000000 0.000000000000 1.000000000000
6 18 57
0.997618743612 0.042621459938 0.054224104858 0.026740084579
-0.063160870332 0.880385953502 0.470033272584 0.068847651615
-0.027704635961 -0.472338844507 0.880981537330 -0.100853838887
0.000000000000 0.000000000000 0.000000000000 1.000000000000
6 20 57
0.721661758152 0.273792362407 -0.635800321727 1.609624016476
-0.642126203501 0.607878601923 -0.467073381923 -0.033394417861
0.258608286020 0.745333044760 0.614491990827 2.263979067365
0.000000000000 0.000000000000 0.000000000000 1.000000000000
6 22 57
0.896170927955 0.387595601721 -0.215979900488 0.664009731569
-0.252451424800 0.845696505113 0.470176242867 0.291733813700
0.364891690786 -0.366833846266 0.855737683656 -0.468765294123
0.000000000000 0.000000000000 0.000000000000 1.000000000000
6 33 57
0.707022317970 -0.046299893219 -0.705673976975 1.712970195164
0.056572897739 0.998359491886 -0.008822256139 -0.053668892328
0.704924782607 -0.033684489751 0.708481761245 1.873177643241
0.000000000000 0.000000000000 0.000000000000 1.000000000000
6 36 57
0.950300502599 0.256306274876 -0.176737229297 -0.196737037788
0.308074127116 -0.856080023099 0.414990754417 -0.910367075899
-0.044936476966 -0.448814090141 -0.892494608123 4.616450284138
0.000000000000 0.000000000000 0.000000000000 1.000000000000
6 37 57
0.777430427156 0.531567981220 -0.336210369076 1.313725124573
-0.448823886206 0.843336797138 0.295533696494 0.078010255506
0.440634826249 -0.078857643473 0.894216093549 0.261560684857
0.000000000000 0.000000000000 0.000000000000 1.000000000000
6 41 57
-0.446531270554 0.664989839904 -0.598663793160 0.575504520327
-0.804373482072 -0.005280452128 0.594100511837 0.016621469509
0.391909588753 0.746833736282 0.537258080064 1.682293741272
0.000000000000 0.000000000000 0.000000000000 1.000000000000
6 46 57
0.623055310944 0.697000442295 -0.354954170202 1.663544825058
-0.122786222288 0.535332295485 0.835669119345 0.296029081530
0.772480176523 -0.477084601356 0.419123681064 2.935037259185
0.000000000000 0.000000000000 0.000000000000 1.000000000000
6 47 57
-0.167134845298 -0.189337430433 0.967583216537 0.384830124698
-0.985928245343 0.028729667231 -0.164681818231 0.310589826751
0.003382088473 -0.981491693117 -0.191474849052 3.581741512311
0.000000000000 0.000000000000 0.000000000000 1.000000000000
6 52 57
0.426802252188 0.901627450874 0.070055530530 0.655362362627
-0.842026361474 0.424455712648 -0.332909829509 -0.634273525893
-0.329896111087 0.083098061537 0.940352735977 1.369282408096
0.000000000000 0.000000000000 0.000000000000 1.000000000000
7 10 57
0.969037277544 0.246732490055 -0.009478031484 -0.340690207436
-0.235428910660 0.911709016577 -0.336689615400 0.636112360783
-0.074431060420 0.328496190912 0.941567984694 0.142193512775
0.000000000000 0.000000000000 0.000000000000 1.000000000000
7 20 57
-0.673002053441 0.734643538530 0.085831855158 0.594624882506
-0.052151718474 0.068624059690 -0.996278543728 0.937072245637
-0.737799725077 -0.674973784474 -0.007871210087 1.706805285861
0.000000000000 0.000000000000 0.000000000000 1.000000000000
7 27 57
0.993747198931 0.048327321035 -0.100652742924 -0.297894089457
-0.049943966350 0.998659385458 -0.013602649054 0.000381822039
0.099860426805 0.018544591601 0.994828625081 0.160872400932
0.000000000000 0.000000000000 0.000000000000 1.000000000000
7 28 57
0.993945111692 0.028504080158 -0.106116126752 0.135319962316
-0.074228694818 0.886255721311 -0.457209905086 0.277605884377
0.081013676674 0.462318411766 0.883005362574 -0.253142617786
0.000000000000 0.000000000000 0.000000000000 1.000000000000
7 30 57
0.995563836736 0.093816300322 -0.007151837353 0.801639509172
-0.091140441674 0.980458443069 0.174340647317 -0.149518670017
0.023368073843 -0.172915422126 0.984659428389 0.066160502754
0.000000000000 0.000000000000 0.000000000000 1.000000000000
7 33 57
0.969430528306 0.235792898246 0.067868696212 -0.812776868058
-0.244923240565 0.913318498509 0.325364298153 -0.833002748337
0.014732855127 -0.332040704459 0.943149995262 1.080956998431
0.000000000000 0.000000000000 0.000000000000 1.000000000000
7 35 57
-0.826722401506 -0.329354700921 0.456131068696 -0.109763328719
0.376745841902 0.278042761961 0.883603300769 -1.233847277847
-0.417842843014 0.902340126284 -0.105781165806 1.697721698428
0.000000000000 0.000000000000 0.000000000000 1.000000000000
7 36 57
0.987355418352 0.137316303687 0.079205495979 -1.032681514806
-0.148669941607 0.975518336269 0.162053151976 -0.227741346990
-0.055013873831 -0.171779534127 0.983598121868 0.333164767358
0.000000000000 0.000000000000 0.000000000000 1.000000000000
7 38 57
0.745850272142 0.483130849620 -0.458576006450 1.398201913838
-0.409127200041 0.875538726650 0.256995860517 -0.079360099914
0.525663681200 -0.004064514981 0.850682769301 -0.344846668531
0.000000000000 0.000000000000 0.000000000000 1.000000000000
7 41 57
0.806270136512 -0.580402170702 0.114288176176 -0.739990156557
0.506606297905 0.777236907450 0.373165979988 -0.654541700740
-0.305415333427 -0.242973475800 0.920698302467 0.925901775455
0.000000000000 0.000000000000 0.000000000000 1.000000000000
7 42 57
0.991221655101 -0.083412109809 -0.102577046149 -0.747052238176
0.108042722594 0.958218468911 0.264847382342 -0.102437876626
0.076199741167 -0.273605164015 0.958818968143 0.412541193086
0.000000000000 0.000000000000 0.000000000000 1.000000000000
7 44 57
0.757891864969 -0.524471010206 0.387982062043 -0.521865633034
0.450996885053 0.850930279601 0.269294390826 -0.741868180531
-0.471382785734 -0.029117326650 0.881447928469 0.380472031399
0.000000000000 0.000000000000 0.000000000000 1.000000000000
7 46 57
0.785265022222 -0.416068913036 0.458525358601 -1.086235047003
0.030931259906 0.765997655458 0.642098784451 -1.142080853221
-0.618386692965 -0.490034949200 0.614380701623 2.423118006566
0.000000000000 0.000000000000 0.000000000000 1.000000000000
7 51 57
-0.891136783335 -0.358385843136 -0.278271128267 1.001040101014
-0.248936403789 0.898918136962 -0.360523022718 0.053824748758
0.379349311659 -0.252003512834 -0.890274300013 3.394040828542
0.000000000000 0.000000000000 0.000000000000 1.000000000000
7 52 57
-0.278057711464 0.925915241386 0.255665552753 0.107036176965
-0.723426567729 -0.376960167251 0.578407324824 -1.500158397366
0.631931887310 -0.024124636280 0.774648366502 0.774323497829
0.000000000000 0.000000000000 0.000000000000 1.000000000000
7 55 57
0.858641982494 -0.371728574014 0.352918989516 0.388714406799
0.319041714791 0.926476203127 0.199635240532 -0.065676192564
-0.401181168704 -0.058819319108 0.914108285477 0.069690133592
0.000000000000 0.000000000000 0.000000000000 1.000000000000
8 10 57
0.845637026815 0.152521502199 -0.511502893683 2.197120281857
-0.092940778147 0.985740422305 0.140277694559 0.181637041396
0.525604443129 -0.071084535592 0.847754067028 0.209137862827
0.000000000000 0.000000000000 0.000000000000 1.000000000000
8 35 57
0.823075404802 -0.502545017264 0.264566406851 0.143170726745
0.249709753238 0.738623680444 0.626162996212 0.000864385246
-0.510090106891 -0.449314549409 0.733433377029 1.339633150901
0.000000000000 0.000000000000 0.000000000000 1.000000000000
8 41 57
0.832928462559 -0.079773478363 0.547600555523 -1.200575252334
0.357402475125 0.833036418879 -0.422272181887 1.171254175851
-0.422485084983 0.547436313164 0.722370982249 1.557157851793
0.000000000000 0.000000000000 0.000000000000 1.000000000000
8 44 57
0.877215842804 0.472263617941 -0.086368051405 0.397701892989
-0.449776237479 0.871326258314 0.196193495742 0.146266560398
0.167909801184 -0.133257745521 0.976754151220 0.780345615317
0.000000000000 0.000000000000 0.000000000000 1.000000000000
8 46 57
0.873559195818 0.428728560871 -0.230404323950 -0.702863397438
-0.424259621443 0.902734593231 0.071232210392 0.383289262276
0.238533236709 0.035525698832 0.970484322237 2.349979549623
0.000000000000 0.000000000000 0.000000000000 1.000000000000
9 16 57
1.000000000000 0.000000000000 0.000000000000 0.000000000000
0.000000000000 1.000000000000 0.000000000000 0.000000000000
0.000000000000 0.000000000000 1.000000000000 0.000000000000
0.000000000000 0.000000000000 0.000000000000 1.000000000000
9 20 57
0.505830639745 -0.603836699621 -0.616049189665 1.084161891417
0.828528276407 0.538900045197 0.152077731708 -0.284035697265
0.240158820553 -0.587339749615 0.772887934588 0.771322819361
0.000000000000 0.000000000000 0.000000000000 1.000000000000
9 26 57
-0.392669096586 0.914460643398 -0.097840238464 -0.083353168284
-0.833102637483 -0.308623292441 0.459011610726 -1.114868576513
0.389552276344 0.261750635223 0.883026403318 0.390350737353
0.000000000000 0.000000000000 0.000000000000 1.000000000000
9 33 57
0.367259984427 0.891622252783 0.264820433843 -0.504788470254
-0.608458545233 0.014963894624 0.793444566804 -1.354277232512
0.703490087046 -0.452532695172 0.548010818532 1.270855209457
0.000000000000 0.000000000000 0.000000000000 1.000000000000
9 37 57
0.951858806828 -0.296342978907 -0.078394200784 -0.446661546339
0.302843888552 0.948696450420 0.090887975707 0.067635735420
0.047438286549 -0.110253724717 0.992770731416 -0.221838018408
0.000000000000 0.000000000000 0.000000000000 1.000000000000
9 38 57
0.888510768823 -0.167744292032 0.427095382995 -0.560024109705
0.153982844611 0.985809932380 0.066843554558 -0.455478995317
-0.432247495366 0.006374143943 0.901732484187 0.190382643500
0.000000000000 0.000000000000 0.000000000000 1.000000000000
9 40 57
0.410272734066 -0.814605929507 0.409992028331 -0.448594451199
0.727200293121 0.563520119805 0.391950007348 -1.095936820321
-0.550323556980 0.137339922047 0.823578610969 1.145185546386
0.000000000000 0.000000000000 0.000000000000 1.000000000000
9 41 57
0.856810513194 -0.491496404252 0.155907116861 -0.075599266835
0.355562142202 0.782150138992 0.511680293843 -0.955998728695
-0.373431797673 -0.382978386703 0.844911976365 0.938191193037
0.000000000000 0.000000000000 0.000000000000 1.000000000000
9 42 57
0.976023201185 0.163312626564 -0.143901691277 -0.392944564559
-0.182427812613 0.974384564416 -0.131509747978 0.758824350675
0.118738384413 0.154608235979 0.980814706983 0.319446418699
0.000000000000 0.000000000000 0.000000000000 1.000000000000
9 46 57
0.578745417054 0.758394478324 0.299819208002 0.041114010405
-0.791674685390 0.434250894534 0.429741030283 -0.997474850717
0.195716465203 -0.486069928965 0.851722425092 1.536426498791
0.000000000000 0.000000000000 0.000000000000 1.000000000000
9 48 57
-0.267510630665 0.871137593182 -0.411773428266 -0.124968077011
0.963266797424 0.231330839641 -0.136393253542 0.138178503285
-0.023561397714 -0.433134316784 -0.901021378305 3.865417386024
0.000000000000 0.000000000000 0.000000000000 1.000000000000
9 49 57
0.557046050888 0.484007109956 0.674860589086 -0.735316613027
-0.520650744260 0.836620203613 -0.170262847999 -0.524476452360
-0.647010432444 -0.256522420888 0.718034642542 0.612882694247
0.000000000000 0.000000000000 0.000000000000 1.000000000000
9 50 57
0.358927093630 0.666564205695 0.653347917380 -0.964274890760
-0.921370354241 0.141170983928 0.362142822134 -0.920180929667
0.149157674240 -0.731958272707 0.664822589291 1.102528575412
0.000000000000 0.000000000000 0.000000000000 1.000000000000
9 52 57
0.375144628793 -0.912718435224 0.161899862540 -0.100216753740
0.884705338093 0.404673143637 0.231378718921 -0.323649075448
-0.276700148606 0.056433189005 0.959297828070 0.768738953887
0.000000000000 0.000000000000 0.000000000000 1.000000000000
9 53 57
0.112544688581 0.778567058833 0.617387259322 -0.708194912100
-0.992475621625 0.118236566292 0.031815953113 -0.251956578917
-0.048226896576 -0.616322520513 0.786015723224 0.976691036434
0.000000000000 0.000000000000 0.000000000000 1.000000000000
9 56 57
0.882059247577 0.381281295842 -0.276759927021 -0.639250406636
-0.007739158277 0.599074430702 0.800655938533 -2.233615773923
0.471074929489 -0.704084085831 0.531369937884 0.552430954743
0.000000000000 0.000000000000 0.000000000000 1.000000000000
10 12 57
-0.500683707691 -0.839272238027 0.211985696051 -0.478115570971
0.483656550867 -0.068130179182 0.872602211485 -2.174951360406
-0.717908187484 0.539425981171 0.440031186601 1.774592534312
0.000000000000 0.000000000000 0.000000000000 1.000000000000
10 16 57
0.957545791294 0.288281076512 -0.000280177722 -0.402639164637
-0.266318256359 0.884221830220 -0.383700848699 0.769245045755
-0.110365954463 0.367485749230 0.923457405736 0.478795469499
0.000000000000 0.000000000000 0.000000000000 1.000000000000
10 17 57
0.797374870726 -0.537651716079 0.274087481897 -1.029734542013
0.594369406826 0.778300129876 -0.202420147378 0.145807380574
-0.104490783151 0.324313952881 0.940160697010 0.574901169056
0.000000000000 0.000000000000 0.000000000000 1.000000000000
10 18 57
-0.940713675454 0.291703624707 -0.173109145186 0.669558886313
-0.304583380206 -0.501813744315 0.809575154336 -2.668615485201
0.149287458671 0.814304587577 0.560911127839 1.613796618156
0.000000000000 0.000000000000 0.000000000000 1.000000000000
10 20 57
0.252088995428 -0.433244349393 -0.865303687790 1.715944999934
-0.445928155957 -0.845592947297 0.293463195659 -0.906582561797
-0.858835966939 0.311884435650 -0.406360530429 2.484810224770
0.000000000000 0.000000000000 0.000000000000 1.000000000000
10 27 57
0.961652755100 0.104376024336 -0.253632853062 0.106882968869
-0.026542089446 0.955831869331 0.292713093420 -0.622173066823
0.272982593028 -0.274756406869 0.921948708328 0.301589011709
0.000000000000 0.000000000000 0.000000000000 1.000000000000
10 31 57
0.824942594146 0.463559502616 0.323391873581 -1.602917025349
-0.285987028508 0.835841621873 -0.468593856841 0.692045455084
-0.487525523321 0.294077150894 0.822093360533 1.004983731334
0.000000000000 0.000000000000 0.000000000000 1.000000000000
10 33 57
0.687239117165 -0.580221316772 0.437087656428 -0.237926662494
0.367756989539 0.796780705418 0.479473986905 -0.595906886234
-0.626464039259 -0.168771238771 0.760959313288 0.902482815743
0.000000000000 0.000000000000 0.000000000000 1.000000000000
10 38 57
0.901030909469 -0.259989998318 0.347200951836 -0.655694195772
0.196188101218 0.958172805008 0.208362915806 -0.362147118289
-0.386850784052 -0.119624732046 0.914350258031 0.065462022949
0.000000000000 0.000000000000 0.000000000000 1.000000000000
10 41 57
-0.966008774245 -0.112406246883 0.232791502730 -0.324112206451
0.166826527102 -0.958970750430 0.229224801614 0.096801789835
0.197473942424 0.260268967573 0.945126502952 0.451580811557
0.000000000000 0.000000000000 0.000000000000 1.000000000000
10 46 57
0.921674319360 0.187001512134 0.339921878514 -0.877332735591
0.362516246792 -0.103012717139 -0.926266889681 1.083953427675
-0.138197032689 0.976943608694 -0.162735262278 3.029421214566
0.000000000000 0.000000000000 0.000000000000 1.000000000000
10 52 57
0.983632488202 0.123319854991 -0.131374813108 0.625280746112
0.044846524243 0.538609119299 0.841361400274 -1.150511053654
0.174516238262 -0.833482111370 0.524262961318 1.372308932391
0.000000000000 0.000000000000 0.000000000000 1.000000000000
10 56 57
0.837646811116 0.543740857522 0.051900864045 -1.085471562043
-0.244882936961 0.288907389489 0.925507897040 -2.651561582649
0.488241914436 -0.787958374637 0.375155211649 1.149224236848
0.000000000000 0.000000000000 0.000000000000 1.000000000000
11 13 57
0.952710664115 0.005093117558 -0.303836223374 0.614484768459
0.059054999485 0.977693851029 0.201562002113 -0.048329241387
0.298085386285 -0.209973316908 0.931158584061 0.490752189459
0.000000000000 0.000000000000 0.000000000000 1.000000000000
11 25 57
0.906782940950 -0.420916452423 -0.023959091830 -0.043423437321
0.324481795730 0.660491877168 0.677098253162 -0.933161342807
-0.269177009124 -0.621755434456 0.735502493187 0.900315393761
0.000000000000 0.000000000000 0.000000000000 1.000000000000
11 33 57
-0.673823391482 -0.483410422528 -0.558816965099 -0.391234967789
0.650249788924 -0.028782179062 -0.759175077418 0.660380426969
0.350909174995 -0.874920538997 0.333731630723 1.585802686510
0.000000000000 0.000000000000 0.000000000000 1.000000000000
11 43 57
0.275672641324 0.682566566019 -0.676836374450 0.698691667942
-0.703645509804 0.623003646089 0.341686191546 -0.387650754064
0.654895099507 0.382059340826 0.652029959993 1.609805536360
0.000000000000 0.000000000000 0.000000000000 1.000000000000
11 46 57
0.523348013390 -0.202228854911 -0.827774333452 -0.177808596398
0.651692787322 -0.530882317652 0.541719923722 -1.902095184982
-0.549002156492 -0.822962608535 -0.146045120154 2.398934246684
0.000000000000 0.000000000000 0.000000000000 1.000000000000
11 47 57
0.305432750440 -0.132761347051 0.942913177174 -1.561612729558
-0.925690157346 -0.273487648030 0.261346970458 -0.227439185386
0.223178331276 -0.952669371348 -0.206427956791 3.278590195007
0.000000000000 0.000000000000 0.000000000000 1.000000000000
11 48 57
0.715800923639 -0.122450105593 -0.687484552087 -0.160152364733
-0.044311924609 0.974556435808 -0.219718471602 -0.671911003934
0.696897044803 0.187738448556 0.692162397042 1.341689619011
0.000000000000 0.000000000000 0.000000000000 1.000000000000
12 18 57
0.932440761495 -0.341552175462 0.117882728761 -0.052663178571
0.360411141382 0.902358165387 -0.236333557767 1.202697607067
-0.025652202065 0.262853291393 0.964494744274 -0.377727984097
0.000000000000 0.000000000000 0.000000000000 1.000000000000
12 24 57
0.933780607935 0.178274733958 -0.310277126900 0.459130859825
-0.198725340606 0.979418416845 -0.035324265686 0.925855375539
0.297593708344 0.094645042012 0.949989631931 -0.088886075570
0.000000000000 0.000000000000 0.000000000000 1.000000000000
12 33 57
0.500150105921 0.635316077043 -0.588407472589 0.933781827099
-0.583580751245 0.749309957271 0.312998553848 -0.086460430997
0.639752591494 0.186837015031 0.745525688015 1.145989300251
0.000000000000 0.000000000000 0.000000000000 1.000000000000
12 35 57
-0.815988356940 0.198837031311 -0.542795390841 1.269673921958
-0.094344323806 0.880583763527 0.464404332428 -0.288286747162
0.570317586880 0.430158192287 -0.699786953082 2.930547103926
0.000000000000 0.000000000000 0.000000000000 1.000000000000
12 37 57
0.805172529754 0.248765849972 -0.538342594652 1.716267997496
-0.073144164620 0.942493028092 0.326123938374 -0.125691216245
0.588512640910 -0.223209417109 0.777065265986 0.216385082131
0.000000000000 0.000000000000 0.000000000000 1.000000000000
12 38 57
0.972767752004 0.203021389027 0.111826724260 -0.325400098108
-0.212576669402 0.589167398853 0.779546621925 -1.074999296751
0.092379977739 -0.782089567585 0.616280656833 0.681732069085
0.000000000000 0.000000000000 0.000000000000 1.000000000000
12 40 57
0.052506298548 0.981882756814 -0.182069603404 0.157878331458
-0.635400510446 0.173502031048 0.752438194503 -0.731593061757
0.770395534734 0.076179374460 0.632998754319 0.768627066150
0.000000000000 0.000000000000 0.000000000000 1.000000000000
12 42 57
0.930517530533 -0.358279728851 0.075978689544 -0.456502017112
0.362045818623 0.931164658801 -0.043072072368 0.334813043885
-0.055316820116 0.067587085268 0.996178716555 0.165040170684
0.000000000000 0.000000000000 0.000000000000 1.000000000000
12 43 57
0.871551180148 0.095106861710 -0.480991918060 1.505320766564
0.233161617579 0.782588040884 0.577227527370 -0.334813567754
0.431316821456 -0.615232186350 0.659890260882 0.681732780464
0.000000000000 0.000000000000 0.000000000000 1.000000000000
12 44 57
0.692690457338 0.118251683132 -0.711474855318 1.084828236772
-0.392362399898 0.889505504041 -0.234161707858 0.122390553823
0.605170783712 0.441357562207 0.662549488585 0.678287018550
0.000000000000 0.000000000000 0.000000000000 1.000000000000
12 46 57
-0.591753920716 0.803694047678 -0.062475395514 1.176706010989
-0.774881489828 -0.545747024704 0.318933945745 -0.064391050254
0.222229552579 0.237141440398 0.945715582618 1.193246538209
0.000000000000 0.000000000000 0.000000000000 1.000000000000
12 48 57
-0.950896608964 0.304964041552 0.052844795600 -0.231821604387
0.187368461481 0.703092544999 -0.685969338097 0.828226164594
-0.246350763555 -0.642384469401 -0.725708960100 2.941066184635
0.000000000000 0.000000000000 0.000000000000 1.000000000000
12 49 57
0.990302277610 0.080063852989 -0.113539325367 0.576082665797
-0.085199373248 0.995515189015 -0.041116605387 0.035771192552
0.109738169104 0.050391347323 0.992682349172 0.211752882807
0.000000000000 0.000000000000 0.000000000000 1.000000000000
12 51 57
0.479020508267 0.137761459280 -0.866926255801 1.042433460799
-0.008679766070 0.988303400812 0.152253241690 -0.690122495177
0.877760795616 -0.065407708119 0.474613334619 1.270410762680
0.000000000000 0.000000000000 0.000000000000 1.000000000000
12 52 57
0.143462852039 -0.988633414063 0.044970909304 0.184578277986
-0.304826048032 -0.087374399453 -0.948391688471 1.611410688247
0.941541019035 0.122350671919 -0.313896197101 2.755377760402
0.000000000000 0.000000000000 0.000000000000 1.000000000000
13 18 57
0.956332843908 0.213181608111 -0.199952728477 0.255095080266
-0.197388314775 0.975605343270 0.096083647790 0.329624459654
0.215558216852 -0.052419616035 0.975082990828 -0.537665560492
0.000000000000 0.000000000000 0.000000000000 1.000000000000
13 26 57
1.000000000000 0.000000000000 0.000000000000 0.000000000000
0.000000000000 1.000000000000 0.000000000000 0.000000000000
0.000000000000 0.000000000000 1.000000000000 0.000000000000
0.000000000000 0.000000000000 0.000000000000 1.000000000000
13 33 57
-0.949487689241 0.312491731954 0.028671334833 -0.471007931819
0.248705768834 0.693653349355 0.676010703671 -0.605751507671
0.191359788172 0.648994567304 -0.736333812262 3.327978668962
0.000000000000 0.000000000000 0.000000000000 1.000000000000
13 46 57
-0.947189633367 0.307601434508 0.090626463748 0.871295091988
0.288187891938 0.940479617994 -0.180127252461 0.176479405112
-0.140639743257 -0.144497216676 -0.979459553524 3.332415782635
0.000000000000 0.000000000000 0.000000000000 1.000000000000
14 20 57
0.977112785296 0.047169619063 -0.207426208200 -0.084185354370
-0.028573179429 0.995371721459 0.091753526016 -0.038847018999
0.210794160802 -0.083726717102 0.973938221149 0.822292128598
0.000000000000 0.000000000000 0.000000000000 1.000000000000
14 30 57
-0.047839823234 0.654571053748 -0.754485312586 1.735424614391
0.870463452636 0.397793039907 0.289920808200 -0.121169680965
0.489902774985 -0.642882129940 -0.588810528154 2.600804451720
0.000000000000 0.000000000000 0.000000000000 1.000000000000
14 32 57
0.972173234972 -0.230853802129 -0.039821140700 -0.125828865153
0.234043823767 0.964481246856 0.122472090780 -0.138462951405
0.010133595622 -0.128383980723 0.991672760407 -0.316109210998
0.000000000000 0.000000000000 0.000000000000 1.000000000000
14 35 57
-0.349577670209 0.146485142143 -0.925385085044 2.299395363856
-0.523967859841 0.788235425475 0.322711319727 -0.568019438049
0.776693719779 0.597684713840 -0.198795997187 2.089466219037
0.000000000000 0.000000000000 0.000000000000 1.000000000000
14 38 57
-0.252898031048 0.399624360890 -0.881103260733 1.262479683451
-0.207723533274 0.867041607523 0.452868396500 -1.036252150976
0.944930431099 0.297555408298 -0.136261731153 2.618215377822
0.000000000000 0.000000000000 0.000000000000 1.000000000000
14 41 57
-0.441570619457 0.479664898101 0.758245984864 -1.011735441285
-0.000480354093 0.844973350949 -0.534808195006 1.094302185530
-0.897226369035 -0.236519812522 -0.372884997007 2.398103597475
0.000000000000 0.000000000000 0.000000000000 1.000000000000
14 44 57
-0.799276839021 0.599613335541 0.040253974283 -0.330836484209
0.512024216907 0.714526872804 -0.476741595984 0.311636406282
-0.314623164921 -0.360437506208 -0.878121328868 3.780214489335
0.000000000000 0.000000000000 0.000000000000 1.000000000000
14 46 57
-0.508729719269 -0.831801944120 -0.222035128958 0.354177180742
-0.824906277644 0.397136200518 0.402259209145 -0.089420109863
-0.246421804711 0.387799386277 -0.888193633262 2.554708805094
0.000000000000 0.000000000000 0.000000000000 1.000000000000
14 49 57
0.500271421549 -0.312647598151 -0.807452775184 2.259273273936
0.479618869575 0.876461023858 -0.042211534031 0.107788656294
0.720898220784 -0.366152363134 0.588420089938 1.410205600486
0.000000000000 0.000000000000 0.000000000000 1.000000000000
14 50 57
0.870287139382 -0.235473697809 0.432611179544 0.051022441613
0.267956238692 0.963318817371 -0.014707489441 0.059065125014
-0.413279262936 0.128720603399 0.901460624258 0.571851701402
0.000000000000 0.000000000000 0.000000000000 1.000000000000
14 51 57
0.945428032992 0.063040732330 -0.319674366349 0.912888985046
-0.126058986259 0.975472700683 -0.180449832933 -0.212900344464
0.300457927865 0.210900157159 0.930186087454 0.650616771223
0.000000000000 0.000000000000 0.000000000000 1.000000000000
14 53 57
0.981222155696 -0.177894984133 -0.074541637971 0.570210226986
0.191954395436 0.862801849527 0.467682027157 -0.949490715816
-0.018883623692 -0.473208561919 0.880748014862 0.722714185669
0.000000000000 0.000000000000 0.000000000000 1.000000000000
15 17 57
0.738481638111 0.664081998540 0.116790279510 -0.106251897150
-0.623777062614 0.738617844228 -0.255628355910 0.909210714038
-0.256021573955 0.115925749526 0.959694833927 -0.528681386914
0.000000000000 0.000000000000 0.000000000000 1.000000000000
15 18 57
0.674826639927 -0.653348826717 0.343138917455 -0.903352867995
0.688409694333 0.724845589748 0.026286189745 0.202670704933
-0.265896782217 0.218481536177 0.938916779889 -1.169182226773
0.000000000000 0.000000000000 0.000000000000 1.000000000000
15 21 57
0.550892457470 -0.834572591260 0.002467837257 0.180209391166
0.831496815483 0.549111156762 0.084202038940 0.308400808304
-0.071627830798 -0.044334269335 0.996445646494 -0.320209404077
0.000000000000 0.000000000000 0.000000000000 1.000000000000
15 26 57
0.820988772307 0.552875419078 -0.142499848158 0.412899733328
-0.544903618828 0.833263499436 0.093552053408 -0.419408788891
0.170462552879 0.000843497469 0.985363794026 -0.427147497399
0.000000000000 0.000000000000 0.000000000000 1.000000000000
15 33 57
1.000000000000 0.000000000000 0.000000000000 0.000000000000
0.000000000000 1.000000000000 0.000000000000 0.000000000000
0.000000000000 0.000000000000 1.000000000000 0.000000000000
0.000000000000 0.000000000000 0.000000000000 1.000000000000
15 34 57
1.000000000000 0.000000000000 0.000000000000 0.000000000000
0.000000000000 1.000000000000 0.000000000000 0.000000000000
0.000000000000 0.000000000000 1.000000000000 0.000000000000
0.000000000000 0.000000000000 0.000000000000 1.000000000000
15 36 57
0.399185529748 0.893617584631 -0.205179251578 0.423079817754
-0.913149889924 0.367344398770 -0.176678723180 1.086831552282
-0.082511765052 0.257887000701 0.962645367463 -0.118429038570
0.000000000000 0.000000000000 0.000000000000 1.000000000000
15 40 57
-0.999328095441 0.022992607891 -0.028542908831 0.145063471762
-0.036245662421 -0.504338442014 0.862745030622 -0.920937226208
0.005441472029 0.863199904941 0.504832957019 0.715581025812
0.000000000000 0.000000000000 0.000000000000 1.000000000000
15 41 57
0.894909424669 0.089080584320 -0.437266247423 0.696385501015
0.438623080500 0.004771888204 0.898658456999 -0.596319040518
0.082139606102 -0.996012991170 -0.034802392580 1.691647506692
0.000000000000 0.000000000000 0.000000000000 1.000000000000
15 43 57
0.469168352682 0.876589177841 -0.107109617374 0.907916706947
-0.848232796217 0.481061483475 0.221542259035 -0.516183864840
0.245727858133 -0.013086726474 0.969250513194 0.214190724823
0.000000000000 0.000000000000 0.000000000000 1.000000000000
15 44 57
1.000000000000 0.000000000000 0.000000000000 0.000000000000
0.000000000000 1.000000000000 0.000000000000 0.000000000000
0.000000000000 0.000000000000 1.000000000000 0.000000000000
0.000000000000 0.000000000000 0.000000000000 1.000000000000
15 46 57
0.909422741458 -0.410372952068 0.067411553389 -0.376424304964
0.411640742725 0.911329635747 -0.005494901064 -0.328137106472
-0.059179187624 0.032746529895 0.997710122497 0.952061257259
0.000000000000 0.000000000000 0.000000000000 1.000000000000
16 31 57
0.380218480039 -0.488183361869 0.785564072900 -1.684693723847
0.573280385482 0.790910260276 0.214034015549 -1.340739388485
-0.725798530625 0.368968786464 0.580584642888 1.053835981432
0.000000000000 0.000000000000 0.000000000000 1.000000000000
16 37 57
0.987207862739 -0.141515405577 0.073444031275 -0.378789075579
0.130752783327 0.982182713130 0.134984546078 0.236253913729
-0.091237850685 -0.123654793729 0.988122030212 -0.210568019682
0.000000000000 0.000000000000 0.000000000000 1.000000000000
16 38 57
-0.771838296111 0.603899188850 0.198925650341 0.386443503418
0.444871880361 0.736458495690 -0.509625248777 1.141812006213
-0.454262759558 -0.304851855552 -0.837084638161 3.547822853577
0.000000000000 0.000000000000 0.000000000000 1.000000000000
16 41 57
-0.805455242732 -0.387053252806 0.448811353965 -0.290363931313
-0.565935504747 0.277483337247 -0.776350437635 1.548842566860
0.175951289912 -0.879313810333 -0.442547586747 2.422939744168
0.000000000000 0.000000000000 0.000000000000 1.000000000000
16 44 57
0.875659558217 0.363735779499 0.317673764757 -0.171271773599
-0.362922847308 0.061669307335 0.929776265257 -1.043662972404
0.318602173572 -0.929458540896 0.186009343180 1.934302694434
0.000000000000 0.000000000000 0.000000000000 1.000000000000
16 46 57
0.606447142270 -0.460816697760 -0.647973637348 1.404545523024
0.254327005963 0.884542139783 -0.391028102552 0.918756727447
0.753352266652 0.072340680210 0.653626183928 0.982723775563
0.000000000000 0.000000000000 0.000000000000 1.000000000000
17 20 57
-0.188063749533 0.613921234387 0.766637296301 -0.196366441247
0.399085005523 -0.665454764959 0.630794034658 -0.408049877357
0.897420294220 0.424582940969 -0.119858840973 2.258275798294
0.000000000000 0.000000000000 0.000000000000 1.000000000000
17 27 57
0.800412209045 0.412698141937 -0.434764924130 1.077715976084
-0.373443650622 0.910630950956 0.176892936467 0.139127289417
0.468913782504 0.020772934388 0.882999631809 -0.014083293524
0.000000000000 0.000000000000 0.000000000000 1.000000000000
17 33 57
0.216894852663 -0.974009064874 -0.065291380988 -0.621038482425
0.887433546576 0.168865982336 0.428889240272 -0.969393370867
-0.406716514664 -0.150965630368 0.900994481197 1.092229637360
0.000000000000 0.000000000000 0.000000000000 1.000000000000
17 35 57
0.884043608278 -0.385146341688 0.264819172543 0.716270524572
0.312542776723 0.908383345063 0.277770968841 -0.288350205400
-0.347539798268 -0.162794330053 0.923425197145 0.440251156941
0.000000000000 0.000000000000 0.000000000000 1.000000000000
17 36 57
0.469963532022 0.490520131423 -0.733842135093 1.632085417883
-0.721454119158 0.692461742318 0.000830285952 0.350891836493
0.508564875427 0.529043227057 0.679319535555 0.879160483146
0.000000000000 0.000000000000 0.000000000000 1.000000000000
17 38 57
0.953823729614 -0.176292241011 0.243189922867 0.229405587588
0.125004294652 0.969178619877 0.212289258069 0.145127816894
-0.273119422860 -0.172086747114 0.946462853114 -0.274941534313
0.000000000000 0.000000000000 0.000000000000 1.000000000000
17 41 57
-0.983815747379 0.175245868728 0.037355865707 -0.100365190746
-0.171049952968 -0.980621266230 0.095518824363 0.452126697641
0.053371235686 0.087583204507 0.994726441535 0.907786488115
0.000000000000 0.000000000000 0.000000000000 1.000000000000
17 46 57
0.871871940319 -0.099148217552 -0.479592483928 -0.558532954189
0.195882432273 0.968146904672 0.155953979430 -0.410657826704
0.448853419739 -0.229915640898 0.863521514300 2.334236080674
0.000000000000 0.000000000000 0.000000000000 1.000000000000
17 53 57
0.956844221377 -0.232539392671 0.174283007989 0.581853071449
0.223628238294 0.972199757365 0.069412122980 0.443052683851
-0.185578951001 -0.027441986726 0.982246094576 -0.117187541323
0.000000000000 0.000000000000 0.000000000000 1.000000000000
18 22 57
0.961807558570 0.221798591273 -0.160410739004 0.241866171036
-0.198496135111 0.968676256082 0.149216605141 -0.022994886710
0.188482106908 -0.111676746967 0.975706308047 -0.318754624452
0.000000000000 0.000000000000 0.000000000000 1.000000000000
18 24 57
0.985759555886 0.062339203348 0.156179133385 -0.251386424744
-0.000073967561 0.928908691985 -0.370308839327 0.671484300991
-0.168160912545 0.365023924806 0.915685230749 1.192895889107
0.000000000000 0.000000000000 0.000000000000 1.000000000000
18 25 57
0.940811246562 -0.338309830959 0.020509915157 0.089521334147
0.337749744794 0.930766492851 -0.139995877363 0.228342201405
0.028272039806 0.138636914505 0.989939643464 0.409530826542
0.000000000000 0.000000000000 0.000000000000 1.000000000000
18 27 57
0.980949915591 -0.008765603088 -0.194062946756 0.566336150318
0.033366162341 0.991738114156 0.123863683706 -0.140110681884
0.191373880955 -0.127979205862 0.973137893906 0.198400877691
0.000000000000 0.000000000000 0.000000000000 1.000000000000
18 37 57
0.719743376467 0.496708775459 -0.485025632740 1.406170331931
-0.510211099639 0.852238097248 0.115649727214 -0.551755652045
0.470801556749 0.164227336281 0.866819056194 0.684804851402
0.000000000000 0.000000000000 0.000000000000 1.000000000000
18 38 57
0.928329488841 0.181982373818 -0.324170905185 -0.030831698362
0.252662629321 0.330793305097 0.909251002225 -1.483638515477
0.272701220924 -0.925990391377 0.261105034774 1.923410389565
0.000000000000 0.000000000000 0.000000000000 1.000000000000
18 42 57
0.955853649515 -0.292777829905 -0.024998860489 -0.541744743246
0.288059891215 0.916847997815 0.276425845349 -0.272552744566
-0.058011203944 -0.271423822130 0.960710054594 0.688548135649
0.000000000000 0.000000000000 0.000000000000 1.000000000000
18 43 57
0.911314479654 0.316757117075 -0.263003513201 1.138222072504
-0.260643405397 0.938365179456 0.227014988949 -0.607373464088
0.318701952295 -0.138331915215 0.937706428919 1.224126477153
0.000000000000 0.000000000000 0.000000000000 1.000000000000
18 46 57
0.940549574105 -0.208523732291 -0.268112572853 -0.361860233955
0.262076619679 0.947666277673 0.182330665493 0.471936631297
0.216060973033 -0.241757066562 0.945976308741 1.096740246368
0.000000000000 0.000000000000 0.000000000000 1.000000000000
18 47 57
0.985906807802 0.137673666486 -0.095045925145 -0.004007306548
-0.091865866137 0.920337076255 0.380184598201 -0.031125410361
0.139815696434 -0.366095107351 0.920014099568 1.346385504261
0.000000000000 0.000000000000 0.000000000000 1.000000000000
18 48 57
0.887086985607 -0.337027143239 -0.315419379061 0.560259150175
0.452060546585 0.496079348697 0.741314064360 -0.749433652742
-0.093369921223 -0.800198715643 0.592422208644 1.832743684428
0.000000000000 0.000000000000 0.000000000000 1.000000000000
19 21 57
0.878565060666 -0.159963807475 0.450038903290 0.209402717553
0.117759164436 0.985707148905 0.120474876174 -0.034119973505
-0.462878184156 -0.052848811680 0.884845065385 0.068748300891
0.000000000000 0.000000000000 0.000000000000 1.000000000000
19 34 57
-0.493323056895 0.838211455750 -0.232451967050 0.857784353017
0.869837965676 0.474216570546 -0.136016755177 0.263902409947
-0.003778227732 -0.269295747589 -0.963050115687 3.802088418151
0.000000000000 0.000000000000 0.000000000000 1.000000000000
19 44 57
0.840896197224 -0.484188686007 0.241774485497 0.264145290953
0.525306975294 0.837688517979 -0.149434027428 0.228068766789
-0.130177445056 0.252664329080 0.958756783345 0.482715073800
0.000000000000 0.000000000000 0.000000000000 1.000000000000
19 46 57
0.887735456041 -0.163801652208 0.430226427386 -1.473324805260
-0.022189831022 0.918243916527 0.395393122297 0.775894157944
-0.459818846381 -0.360551145462 0.811522951012 2.459415287253
0.000000000000 0.000000000000 0.000000000000 1.000000000000
19 51 57
-0.705753509939 0.604205426307 -0.369929433851 0.529805228015
0.503875461610 0.795147350228 0.337416968471 -0.801199602792
0.498017572376 0.051734845566 -0.865622321431 3.720898467776
0.000000000000 0.000000000000 0.000000000000 1.000000000000
20 27 57
0.895904812116 -0.300143556308 0.327518569298 -0.476634631521
-0.362324508957 -0.920263720009 0.147768859523 -1.249535052648
0.257051585945 -0.251054837123 -0.933218061827 3.796482399196
0.000000000000 0.000000000000 0.000000000000 1.000000000000
20 29 57
0.123028733575 -0.129362076980 0.983935660373 -1.843224873846
0.327251118304 0.941299415215 0.082837892811 -0.645832320128
-0.936894143585 0.311802604151 0.158140759327 0.448425465395
0.000000000000 0.000000000000 0.000000000000 1.000000000000
20 30 57
-0.946875271082 -0.305363097419 -0.100898958116 -0.292010738997
-0.087153734648 -0.058352574126 0.994484390843 -1.788067276680
-0.309566547855 0.950446398187 0.028639075080 2.072724973284
0.000000000000 0.000000000000 0.000000000000 1.000000000000
20 32 57
0.554266991758 -0.470571591822 -0.686549691441 0.522503722988
0.634025219380 0.773102081319 -0.018033109850 -0.422976284745
0.539258864590 -0.425294661182 0.726859221673 -0.867377578141
0.000000000000 0.000000000000 0.000000000000 1.000000000000
20 33 57
0.964806346311 -0.222203362900 0.140621405321 -0.307652592549
0.164944525532 0.927858908975 0.334471446514 -0.736018033495
-0.204797503929 -0.299505443276 0.931855392125 -0.195797836026
0.000000000000 0.000000000000 0.000000000000 1.000000000000
20 34 57
0.890782323596 0.333482059827 0.308701421670 -0.475570115935
-0.375686937204 0.922616548008 0.087395826882 -0.417897200419
-0.255668099658 -0.193825749361 0.947135366092 -0.064080531126
0.000000000000 0.000000000000 0.000000000000 1.000000000000
20 35 57
0.954688025913 -0.061352829867 0.291215733512 -0.795186928766
-0.148216376633 0.750518856058 0.644013472219 -1.170809561227
-0.258074948175 -0.657994891294 0.707417870961 0.449300369239
0.000000000000 0.000000000000 0.000000000000 1.000000000000
20 36 57
0.514905177800 -0.640258264307 0.570036852196 -1.677562336514
0.595488110509 0.745480827030 0.299419850333 -1.087375754172
-0.616657577686 0.185277336762 0.765118121838 0.318830179789
0.000000000000 0.000000000000 0.000000000000 1.000000000000
20 38 57
0.570809409619 -0.711346778910 0.410076063706 -0.961380133265
0.741279958278 0.661236693219 0.115195742089 -0.698623836640
-0.353101460412 0.238226353863 0.904747237067 -0.316291621820
0.000000000000 0.000000000000 0.000000000000 1.000000000000
20 39 57
0.827536640820 0.506164684584 -0.242858848265 0.155781405352
0.148607828419 0.219659773882 0.964191525098 -1.219060282613
0.541386018875 -0.833994541839 0.106556476803 0.486550216931
0.000000000000 0.000000000000 0.000000000000 1.000000000000
20 40 57
0.862856115561 -0.220296756255 0.454916105477 -0.544463933001
-0.058125916481 0.850804140274 0.522258262477 -1.253839184908
-0.502096307168 -0.477076151234 0.721316604725 0.651263465494
0.000000000000 0.000000000000 0.000000000000 1.000000000000
20 41 57
0.576645581192 -0.793591193549 0.194146571470 -0.250633782278
0.722525183511 0.606284621652 0.332229313487 -0.919300567224
-0.381362338050 -0.051302778385 0.923000970772 0.350915952332
0.000000000000 0.000000000000 0.000000000000 1.000000000000
20 43 57
-0.573206466945 0.802646991241 -0.164900435732 0.112478073810
0.549554964868 0.227295077035 -0.803944207358 1.424283900330
-0.607802341919 -0.551447871886 -0.571385647134 1.821987521541
0.000000000000 0.000000000000 0.000000000000 1.000000000000
20 44 57
0.925292190681 0.167958537731 0.340035720871 -0.850291439175
0.237003891355 0.443878054597 -0.864176734314 0.681177833344
-0.296080254910 0.880205772675 0.370910070505 0.251120735059
0.000000000000 0.000000000000 0.000000000000 1.000000000000
20 45 57
-0.312554689845 -0.949817222496 -0.012522368239 -0.052860701373
-0.935917842492 0.310180856661 -0.166870093986 0.058932336907
0.162380288095 -0.040436122605 -0.985899367089 2.600928005785
0.000000000000 0.000000000000 0.000000000000 1.000000000000
20 46 57
0.308393919348 -0.031638659804 0.950732446966 -0.639851941071
-0.770302123723 0.578114954309 0.269105439917 -0.375419176243
-0.558146780603 -0.815341704324 0.153915809754 0.831231892411
0.000000000000 0.000000000000 0.000000000000 1.000000000000
20 48 57
0.526844080033 -0.541902842139 0.654810373326 -0.432660975802
0.641504179478 0.758911840021 0.111916070287 -0.692165185825
-0.557590981856 0.361101272163 0.747461148285 0.190042862760
0.000000000000 0.000000000000 0.000000000000 1.000000000000
20 49 57
0.266352870062 -0.771121817053 0.578296889042 -0.932069141263
0.512230374187 0.621478114356 0.592777358826 -1.101632440213
-0.816502414185 0.138333281034 0.560524496332 0.031600006930
0.000000000000 0.000000000000 0.000000000000 1.000000000000
20 51 57
-0.717740687382 0.515212070939 -0.468406690425 0.368164852459
0.552809474608 0.830644033057 0.066574583212 -1.026159739629
0.423379251334 -0.211156369320 -0.881001133504 2.662761773719
0.000000000000 0.000000000000 0.000000000000 1.000000000000
20 52 57
0.689673360624 0.551279485292 0.469512070923 -0.536711208422
-0.708763045421 0.381090241996 0.593654085222 -1.202495591287
0.148342849814 -0.742200213252 0.653554314772 0.435205440915
0.000000000000 0.000000000000 0.000000000000 1.000000000000
20 53 57
0.586775566804 -0.421800237228 0.691215591604 -0.867211610588
0.567078618657 0.823394275224 0.021064372554 -0.292927399984
-0.578027918412 0.379613523736 0.722341538424 -0.035483123700
0.000000000000 0.000000000000 0.000000000000 1.000000000000
20 54 57
0.526159669069 -0.410240815607 -0.744888230445 0.710548643857
-0.850234393447 -0.237254967678 -0.469905901763 0.638774134841
0.016046147359 0.880575126563 -0.473634846303 2.311959504810
0.000000000000 0.000000000000 0.000000000000 1.000000000000
20 55 57
0.894335901213 -0.309879819533 0.322703878575 -0.048204131394
0.413659392467 0.847514357782 -0.332573781855 0.303710151862
-0.170438266902 0.430922163274 0.886147214844 -0.387759376363
0.000000000000 0.000000000000 0.000000000000 1.000000000000
20 56 57
0.757972791962 0.334012297276 -0.560279423069 0.377459681976
0.514678942880 0.221438790581 0.828293696572 -2.880845571693
0.400727878244 -0.916188106938 -0.004064517726 0.685978351327
0.000000000000 0.000000000000 0.000000000000 1.000000000000
21 27 57
0.973291209837 0.005863317210 -0.229499111907 -0.015675349935
0.020937368714 0.993240609946 0.114169686628 -0.423435973036
0.228617250981 -0.115925459950 0.966589592479 0.251409597056
0.000000000000 0.000000000000 0.000000000000 1.000000000000
21 30 57
0.246455145409 -0.865807459645 -0.435473654914 -0.543826688343
0.485101030110 -0.278787960503 0.828827040863 -1.854316818092
-0.839009446841 -0.415517407459 0.351295363207 0.875417174553
0.000000000000 0.000000000000 0.000000000000 1.000000000000
21 31 57
0.499087106395 -0.036805131405 0.865769855407 -2.702306559203
0.344427608498 0.925212955042 -0.159218749925 0.244894420765
-0.795161419294 0.377659065991 0.474438559921 1.223627933398
0.000000000000 0.000000000000 0.000000000000 1.000000000000
21 33 57
0.829189048114 0.247479265759 -0.501198100064 0.334956368737
0.100819388678 0.815727121825 0.569582929508 -0.531113815977
0.549800848813 -0.522822413195 0.651441287382 0.920668409342
0.000000000000 0.000000000000 0.000000000000 1.000000000000
21 34 57
0.958052642174 0.277727262474 -0.070729785117 0.063347774246
-0.286003407637 0.910697250004 -0.298047931810 0.333091574351
-0.018362615388 0.305774568130 0.951926850047 0.639965400104
0.000000000000 0.000000000000 0.000000000000 1.000000000000
21 35 57
0.970425293157 -0.235401001552 0.053489427635 -0.304959969305
0.237913873786 0.970160226467 -0.046756001135 -0.190833334947
-0.040886905732 0.058099083043 0.997473186351 0.617761462399
0.000000000000 0.000000000000 0.000000000000 1.000000000000
21 38 57
0.135915240401 0.967091959529 0.215081819874 -1.053039251555
-0.963531322849 0.179544022012 -0.198422110785 0.678002728910
-0.230509082935 -0.180269481536 0.956226163996 0.246789078723
0.000000000000 0.000000000000 0.000000000000 1.000000000000
21 41 57
-0.983155581882 0.169984991600 -0.067158055704 -0.440422742430
-0.178810601988 -0.818493702698 0.545980610700 -0.164301209218
0.037840063845 0.548792457377 0.835101771219 0.756210564394
0.000000000000 0.000000000000 0.000000000000 1.000000000000
21 44 57
0.890669487870 -0.416977069184 -0.181212546894 -0.118900811311
0.335388881886 0.871684249744 -0.357324595649 0.302107985963
0.306956285625 0.257481441123 0.916232037310 0.520754202764
0.000000000000 0.000000000000 0.000000000000 1.000000000000
21 46 57
0.715748227033 0.698099429663 0.019017407926 -0.073429855282
-0.619448248623 0.622063288796 0.478874860491 -0.468896271741
0.322472235670 -0.354534132400 0.877677165127 1.542177944563
0.000000000000 0.000000000000 0.000000000000 1.000000000000
21 47 57
0.949375716214 -0.176888235325 0.259607976893 -0.283871832568
-0.271528836018 -0.046468304167 0.961307852833 -0.603190589226
-0.157980507258 -0.983133383072 -0.092146136193 2.396497885820
0.000000000000 0.000000000000 0.000000000000 1.000000000000
21 48 57
0.696091885048 -0.702037132781 -0.150332803360 -0.052151666129
0.638170860432 0.700955149317 -0.318433402052 0.334428300469
0.328928625184 0.125720892625 0.935948832304 0.955038404212
0.000000000000 0.000000000000 0.000000000000 1.000000000000
21 49 57
0.854247395864 -0.498801045472 0.146488578721 -0.408725551361
0.419509391043 0.827830134167 0.372436759453 -0.263462763214
-0.307039504764 -0.256699797433 0.916423459167 0.394460568885
0.000000000000 0.000000000000 0.000000000000 1.000000000000
21 51 57
0.912444085457 0.322393782422 -0.252008015687 -0.092141457573
-0.338345351899 0.940776124930 -0.021510592980 -0.740559438523
0.230148243016 0.104892954088 0.967486048695 0.583916529270
0.000000000000 0.000000000000 0.000000000000 1.000000000000
21 52 57
0.693965004853 -0.688199137010 -0.211647158869 0.111272751080
0.715010533098 0.624125613822 0.315003421775 -0.056293368854
-0.084690670078 -0.369931299013 0.925190966456 0.694198460282
0.000000000000 0.000000000000 0.000000000000 1.000000000000
21 53 57
0.518924970189 0.562443742259 -0.643718814474 0.686912299253
-0.143235391926 0.799610997978 0.583185968978 -0.968856907105
0.842733942484 -0.210426444886 0.495499963147 1.563976059973
0.000000000000 0.000000000000 0.000000000000 1.000000000000
22 24 57
0.940362590008 -0.317495814015 0.122125375731 -1.155969780573
0.339803887126 0.893455618408 -0.293718191860 0.481374958530
-0.015859306681 0.317700277020 0.948058551131 0.905512735496
0.000000000000 0.000000000000 0.000000000000 1.000000000000
22 27 57
0.945253430668 -0.231086070691 0.230423913132 -0.826641738547
0.243315378098 0.969605485266 -0.025745479668 0.188232714463
-0.217470868375 0.080401684527 0.972749706005 0.072736859004
0.000000000000 0.000000000000 0.000000000000 1.000000000000
22 33 57
0.456882409380 0.867903600288 0.194940515557 -0.909491782895
0.798071859795 -0.303156084781 -0.520747246621 0.635669391763
-0.392861006721 0.393496796515 -0.831156122838 3.626867244523
0.000000000000 0.000000000000 0.000000000000 1.000000000000
22 36 57
0.817855474984 0.030759662806 -0.574600961697 1.281652021558
-0.129345791802 0.982842846152 -0.131489946048 -0.020934225866
0.560697858193 0.181861988641 0.807802035715 0.865311231277
0.000000000000 0.000000000000 0.000000000000 1.000000000000
22 37 57
0.982128543979 0.152598477717 -0.110169086864 0.862988510888
-0.148700048597 0.987954679901 0.042823428267 -0.351904245751
0.115376854912 -0.025675962682 0.992989892341 0.499237432833
0.000000000000 0.000000000000 0.000000000000 1.000000000000
22 38 57
0.899821736733 0.194508804719 -0.390496052464 -0.117628608019
-0.074479119596 0.950455668593 0.301806035036 -0.451260349462
0.429853117759 -0.242487828409 0.869727514930 0.497527583022
0.000000000000 0.000000000000 0.000000000000 1.000000000000
22 39 57
0.955958323010 0.227808719517 -0.185059104016 -0.309288274621
-0.007952566043 0.650392805602 0.759556419968 -1.084969373258
0.293394685297 -0.724632586718 0.623560079628 1.138710383777
0.000000000000 0.000000000000 0.000000000000 1.000000000000
22 41 57
-0.012369171470 -0.997400021088 -0.070994376759 -0.515643111022
-0.999847099191 0.013214672980 -0.011452102718 -0.051187597647
0.012360494965 0.070841868639 -0.997410972374 3.562131774903
0.000000000000 0.000000000000 0.000000000000 1.000000000000
22 42 57
0.521908325510 -0.666989249797 0.531730232748 -1.379549889673
0.598863259664 0.730415651470 0.328414025755 -0.494561659561
-0.607432709020 0.147031686189 0.780645365879 1.215031333014
0.000000000000 0.000000000000 0.000000000000 1.000000000000
22 46 57
0.992662789513 -0.120784871996 -0.005621477922 -0.722848687964
0.120798997396 0.992674452120 0.002243732475 0.277753184961
0.005309288576 -0.002906338634 0.999981682158 1.396237541904
0.000000000000 0.000000000000 0.000000000000 1.000000000000
23 33 57
-0.299938472546 0.953730580401 0.020854081022 -0.549256738106
-0.093597702614 -0.051176547401 0.994293935947 -1.448548625776
0.949355772486 0.296275110336 0.104616806696 1.466924016065
0.000000000000 0.000000000000 0.000000000000 1.000000000000
23 38 57
0.554645420043 0.330229834119 -0.763751736288 0.959913460806
-0.139997457085 0.941825577522 0.305557349013 -0.612717983004
0.820225072791 -0.062552683266 0.568610580082 0.042399934111
0.000000000000 0.000000000000 0.000000000000 1.000000000000
23 42 57
0.526653303605 -0.689361010915 0.497410991466 -1.447865722543
0.444176702101 0.722059745043 0.530411898339 -0.940413081747
-0.724805736120 -0.058404804753 0.686473250512 0.972072842664
0.000000000000 0.000000000000 0.000000000000 1.000000000000
23 43 57
0.988294094006 -0.011343784349 -0.152138431399 0.089937582885
0.073613445894 0.908919028738 0.410423269055 -0.601607387892
0.133625762245 -0.416818327038 0.899114363087 0.078085181564
0.000000000000 0.000000000000 0.000000000000 1.000000000000
23 46 57
0.791484651525 0.583015635092 0.183425231741 -0.859053931852
-0.454731770688 0.762253939586 -0.460638630938 0.209991856039
-0.408376129478 0.281179125868 0.868428025831 1.338552216729
0.000000000000 0.000000000000 0.000000000000 1.000000000000
24 33 57
0.076659329711 0.692098403068 -0.717720800618 1.157487505772
-0.397800096036 0.681295538975 0.614484720857 -1.293997652081
0.914263873705 0.238403416594 0.327544470560 1.251445906991
0.000000000000 0.000000000000 0.000000000000 1.000000000000
24 34 57
0.310221434420 -0.514243091291 -0.799572826380 0.982210302353
0.757914716109 0.641497205725 -0.118518429592 -0.551613844434
0.573871017505 -0.569241054481 0.588758589883 0.604368788655
0.000000000000 0.000000000000 0.000000000000 1.000000000000
24 35 57
-0.371977004518 0.915684326290 -0.152168731005 -0.352852595448
-0.823809326773 -0.250118283061 0.508703290338 -0.865763425529
0.427751447960 0.314583945974 0.847387538086 0.111308941053
0.000000000000 0.000000000000 0.000000000000 1.000000000000
24 38 57
0.852698350278 0.485994989700 -0.191610003446 0.003122269839
-0.292896742604 0.748476182972 0.594974706769 -0.903090930318
0.432570250486 -0.451212005060 0.780570755847 -0.099816850195
0.000000000000 0.000000000000 0.000000000000 1.000000000000
24 40 57
0.968235159021 0.249443397685 -0.017282019185 -0.317317848708
-0.243213806876 0.955585909103 0.166441023994 -0.693584255064
0.058032068553 -0.156950825658 0.985899953010 -0.030268371921
0.000000000000 0.000000000000 0.000000000000 1.000000000000
24 41 57
0.888005864943 -0.451443443672 0.087432265164 -0.287617435672
-0.056240505640 -0.295339670038 -0.953735542395 1.523174382183
0.456379873955 0.842005520450 -0.287652766684 1.492424926045
0.000000000000 0.000000000000 0.000000000000 1.000000000000
24 43 57
0.448024258290 0.252037841677 -0.857759401200 2.012341673187
-0.222045051555 0.960746339233 0.166320373767 -0.534202311496
0.866008232677 0.115945668365 0.486401421589 1.198495831038
0.000000000000 0.000000000000 0.000000000000 1.000000000000
24 44 57
0.565192484057 -0.376156174443 -0.734209771382 1.429507502522
0.772065044671 0.554742342822 0.310123362354 -1.351362556688
0.290642431111 -0.742137093473 0.603953236376 0.986464897411
0.000000000000 0.000000000000 0.000000000000 1.000000000000
24 46 57
0.790782129762 0.474220358712 -0.387012499323 0.027084636098
-0.339140914033 0.865800569323 0.367930448031 -0.050260551441
0.509555751296 -0.159701050536 0.845487144065 0.577756586706
0.000000000000 0.000000000000 0.000000000000 1.000000000000
24 47 57
0.623647400797 -0.625364494260 0.469023633517 0.289018451646
-0.530468654358 -0.779270385360 -0.333677498859 0.464406636156
0.574166287954 -0.040705230866 -0.817726212101 2.514257464516
0.000000000000 0.000000000000 0.000000000000 1.000000000000
24 48 57
0.401135322033 -0.376230254351 -0.835189349267 1.237259005858
0.839765665219 0.515241272451 0.171231009697 -0.775449891007
0.365901736723 -0.770050145688 0.522626723570 1.388636584961
0.000000000000 0.000000000000 0.000000000000 1.000000000000
25 30 57
0.861265349519 -0.492899919592 0.123578586269 -0.687444161509
0.494552664493 0.868938110042 0.019084626236 0.469744946503
-0.116788953932 0.044679191829 0.992151253619 -0.014696483978
0.000000000000 0.000000000000 0.000000000000 1.000000000000
25 33 57
0.029637140086 -0.878804171542 -0.476261344230 0.065199818489
-0.917271222227 0.165406138251 -0.362290372910 0.821605254897
0.397158840770 0.447598075855 -0.801199611638 3.096367359697
0.000000000000 0.000000000000 0.000000000000 1.000000000000
25 40 57
0.687144247218 0.653991703731 0.316429510264 -1.413425077353
0.650949463668 -0.747625602142 0.131608338535 0.255834238858
0.322641564691 0.115545707285 -0.939442180372 2.816314011204
0.000000000000 0.000000000000 0.000000000000 1.000000000000
25 41 57
-0.298987172919 -0.927811485089 -0.223097553925 0.436953492493
0.745613751937 -0.373047290964 0.552173751302 -0.671135055579
-0.595539086335 -0.001251735368 0.803325357378 0.812577213306
0.000000000000 0.000000000000 0.000000000000 1.000000000000
25 43 57
0.991984531166 -0.106542734993 -0.067936260919 0.019593272714
0.123882641484 0.925946551005 0.356757727065 -0.542580776703
0.024895402515 -0.362314270078 0.931723450725 0.034646857185
0.000000000000 0.000000000000 0.000000000000 1.000000000000
25 49 57
1.000000000000 0.000000000000 0.000000000000 0.000000000000
0.000000000000 1.000000000000 0.000000000000 0.000000000000
0.000000000000 0.000000000000 1.000000000000 0.000000000000
0.000000000000 0.000000000000 0.000000000000 1.000000000000
25 51 57
-0.883097809358 0.038237807379 0.467628195465 -1.132333799472
0.180790736851 -0.891978797002 0.414353152718 -0.195401437790
0.432958391276 0.450457207496 0.780791480255 0.274124362920
0.000000000000 0.000000000000 0.000000000000 1.000000000000
25 52 57
0.719527984416 0.346178769346 -0.602029683069 1.315170598557
0.597648109519 0.132840345864 0.790677038808 -0.880696731220
0.353689435564 -0.928716158019 -0.111310740747 2.149490344162
0.000000000000 0.000000000000 0.000000000000 1.000000000000
26 29 57
0.844468399052 0.458734874295 -0.276469597076 1.171375714623
-0.458843923934 0.885881561620 0.068382104762 -0.746425644127
0.276288574630 0.069109868238 0.958586693858 -0.122697240094
0.000000000000 0.000000000000 0.000000000000 1.000000000000
26 33 57
0.880425995778 -0.473677237079 0.021907556481 0.376727312438
0.396484897885 0.760716845938 0.513915952325 -0.208553171604
-0.260095735657 -0.443778948778 0.857560757565 0.424885971166
0.000000000000 0.000000000000 0.000000000000 1.000000000000
26 36 57
-0.858837263939 0.232842558118 -0.456270640299 2.232072430704
0.477001780969 0.038829344958 -0.878044180507 1.563858854947
-0.186729363044 -0.971738969631 -0.144414403291 2.184039784691
0.000000000000 0.000000000000 0.000000000000 1.000000000000
26 42 57
0.976754788790 0.158051728694 0.144809300921 -0.099770416073
-0.187692193870 0.956905632674 0.221592532631 -0.065647777670
-0.103545752866 -0.243621142790 0.964327234837 0.193429204768
0.000000000000 0.000000000000 0.000000000000 1.000000000000
26 49 57
0.675758521290 0.708219044280 0.204392285137 -0.411375377402
-0.721651088742 0.692146347111 -0.012374986830 -0.337019051707
-0.150233574881 -0.139137412298 0.978810836412 0.318967236266
0.000000000000 0.000000000000 0.000000000000 1.000000000000
27 29 57
0.962461930209 0.172037376680 -0.209928973521 -0.013053770648
-0.189842012098 0.979478920519 -0.067683489135 -0.176710318713
0.193976914454 0.104996120327 0.975371094187 -0.194909627874
0.000000000000 0.000000000000 0.000000000000 1.000000000000
27 32 57
0.992352461741 0.038496719353 -0.117279982414 0.119731548098
-0.021825673579 0.989875903129 0.140247411306 0.399863907264
0.121491693744 -0.136615149249 0.983146006119 -0.544061708775
0.000000000000 0.000000000000 0.000000000000 1.000000000000
27 33 57
0.924671638666 -0.378122107447 0.044788754230 0.049092748471
0.338990744473 0.871076263985 0.355403175961 -0.086799640773
-0.173400218591 -0.313448263962 0.933639411128 0.106743388080
0.000000000000 0.000000000000 0.000000000000 1.000000000000
27 35 57
-0.041007473568 0.998846645631 -0.024975300257 -0.537013052531
-0.260302327370 0.013453165288 0.965433431527 -1.403540821397
0.964655941503 0.046091114708 0.259450426223 1.715840285225
0.000000000000 0.000000000000 0.000000000000 1.000000000000
27 36 57
0.988997376780 -0.030641044627 0.144724963657 -0.840103748805
0.010885202339 0.990735035886 0.135372083671 -0.193978240738
-0.147532034120 -0.132307275127 0.980167885547 0.432413847769
0.000000000000 0.000000000000 0.000000000000 1.000000000000
27 38 57
0.830566849673 -0.385990010927 0.401460358802 -0.614940236087
0.406972871568 0.912746180454 0.035601852121 0.146526248178
-0.380173368389 0.133813756883 0.915184182794 -0.131299491767
0.000000000000 0.000000000000 0.000000000000 1.000000000000
27 42 57
0.982160829289 -0.044821788525 -0.182622870101 -0.099778970834
0.090079993822 0.964639286289 0.247702729217 -0.442879396832
0.165062715729 -0.259734584955 0.951468467819 0.856095657640
0.000000000000 0.000000000000 0.000000000000 1.000000000000
27 43 57
0.992482726309 0.067305552070 -0.102215461834 0.257743498164
-0.027053551473 0.935190484614 0.353110270086 -0.564019488056
0.119357208957 -0.347690552285 0.929981256006 0.649078652306
0.000000000000 0.000000000000 0.000000000000 1.000000000000
27 46 57
0.545709380190 0.821025053593 0.167687607611 -0.529503607243
-0.702515318565 0.557328452988 -0.442557592492 0.442302157273
-0.456807946029 0.123704716416 0.880922041716 1.180024158627
0.000000000000 0.000000000000 0.000000000000 1.000000000000
27 49 57
0.982587198464 -0.158984051095 -0.096158561302 0.439005688170
0.144405306529 0.979100966873 -0.143207556065 0.108140357904
0.116916657755 0.126828104793 0.985010216685 0.541055761279
0.000000000000 0.000000000000 0.000000000000 1.000000000000
27 53 57
0.569677081691 0.030488946899 0.821302895839 -0.883170539263
0.681923401578 0.540256117143 -0.493055577262 1.137010531429
-0.458746658818 0.840948126822 0.286980401800 0.884070759908
0.000000000000 0.000000000000 0.000000000000 1.000000000000
27 55 57
0.873777540786 -0.246138954362 0.419438224730 -0.481012133531
0.161337488278 0.960331212277 0.227451484062 -0.210876127003
-0.458784289285 -0.131070888726 0.878827285667 0.086608175872
0.000000000000 0.000000000000 0.000000000000 1.000000000000
28 33 57
-0.349571817915 0.921684651652 -0.168216964152 1.014335348103
0.786843353861 0.191343587662 -0.586741142196 1.245403515965
-0.508603067828 -0.337468567973 -0.792109768293 2.649234362170
0.000000000000 0.000000000000 0.000000000000 1.000000000000
28 35 57
-0.961246665578 -0.208551092509 -0.180308873129 0.980860179141
-0.228161841758 0.968910156147 0.095683244510 0.641282114524
0.154748253241 0.133114804315 -0.978945058209 2.771492005018
0.000000000000 0.000000000000 0.000000000000 1.000000000000
28 38 57
0.168285494592 0.606072807514 0.777403205744 -0.833038543813
0.800367739166 0.376348135598 -0.466662150741 1.240848210640
-0.575405486950 0.700740917047 -0.421747190582 2.349983500468
0.000000000000 0.000000000000 0.000000000000 1.000000000000
28 46 57
0.879529759151 -0.468959031169 0.080652525392 -0.356013692158
0.458917740311 0.880775347911 0.116744567922 0.805064660082
-0.125785175579 -0.065667447004 0.989881748498 2.215313554352
0.000000000000 0.000000000000 0.000000000000 1.000000000000
28 48 57
0.805088047973 0.172874926547 -0.567404172334 1.313646045610
0.221747882243 -0.974945292756 0.017594114163 0.686353830659
-0.550146445714 -0.139985484618 -0.823251451480 2.412163911065
0.000000000000 0.000000000000 0.000000000000 1.000000000000
28 49 57
0.369763833198 0.692597750354 -0.619340830127 1.522561786839
0.063668241082 0.646129908153 0.760567220479 -0.509968827433
0.926941779583 -0.320662592134 0.194818991041 1.676131336712
0.000000000000 0.000000000000 0.000000000000 1.000000000000
29 38 57
-0.775198115039 0.143625624952 0.615174416160 -1.568414492590
0.502083788562 -0.450910819856 0.737964295749 -0.981333904916
0.383379383514 0.880937632522 0.277433119693 1.539783335874
0.000000000000 0.000000000000 0.000000000000 1.000000000000
29 41 57
0.163979117164 0.206613840698 0.964583625180 -1.654557979932
-0.030092127264 0.978412215410 -0.204460266586 0.764819333540
-0.986004722611 0.004500840804 0.166656621294 1.933745535882
0.000000000000 0.000000000000 0.000000000000 1.000000000000
29 46 57
-0.389619490086 0.277884701819 -0.878052814721 1.907319024218
-0.760682366102 -0.634564407242 0.136712658388 -0.388269871412
-0.519190707590 0.721185208914 0.458620653259 2.672020544167
0.000000000000 0.000000000000 0.000000000000 1.000000000000
29 47 57
-0.100406884269 0.993390476657 -0.055622104218 -0.545114898755
-0.228799739121 -0.077460000797 -0.970386844333 1.406403983491
-0.968281538071 -0.084707196641 0.235064999240 1.079896175520
0.000000000000 0.000000000000 0.000000000000 1.000000000000
30 33 57
-0.151954058512 0.987969989462 0.028727408928 -0.118141958681
-0.621973685392 -0.118170041977 0.774070136266 -1.704271839750
0.768152783489 0.099755406376 0.632447752876 0.719588926853
0.000000000000 0.000000000000 0.000000000000 1.000000000000
30 35 57
0.335106118115 0.681999259615 0.650062227395 -0.902310938931
0.551625246734 0.417321283500 -0.722185941087 0.284682272934
-0.763815080217 0.600599663854 -0.236361094538 1.785178600904
0.000000000000 0.000000000000 0.000000000000 1.000000000000
30 36 57
0.934216147181 -0.062810660206 -0.351133893708 0.209952140656
0.115832808538 0.984447376275 0.132083775731 -0.964615478633
0.337376571226 -0.164067621150 0.926962170144 -0.222526870259
0.000000000000 0.000000000000 0.000000000000 1.000000000000
30 38 57
0.988836239178 0.147424543191 -0.021654010107 -0.100071799191
-0.118780613904 0.867627199426 0.482819022591 -1.584142723779
0.089966981995 -0.474856869889 0.875452394634 0.217981751448
0.000000000000 0.000000000000 0.000000000000 1.000000000000
30 40 57
0.339882636263 0.035303303900 0.939805017172 -1.702747363169
-0.769428453112 -0.564184579093 0.299458872392 -0.180350950935
0.540795385620 -0.824893591590 -0.164593175572 1.958368279712
0.000000000000 0.000000000000 0.000000000000 1.000000000000
30 41 57
0.930377902678 0.314237862669 -0.188816111265 -0.271840178759
0.207871928939 -0.876436030162 -0.434337594726 0.658366993485
-0.301970560432 0.364848531172 -0.880737946233 2.523000250547
0.000000000000 0.000000000000 0.000000000000 1.000000000000
30 42 57
-0.333905005670 -0.584381722799 -0.739598167418 1.081067513038
0.935133182041 -0.303976457521 -0.182000673400 -0.500378267219
-0.118462563849 -0.752393723613 0.647974000740 0.017091578548
0.000000000000 0.000000000000 0.000000000000 1.000000000000
30 46 57
0.193770203217 0.909084223659 0.368807514348 -0.478144913124
-0.929500109525 0.290376341682 -0.227400806034 0.445540671363
-0.313819462014 -0.298743124583 0.901260168195 0.571249400412
0.000000000000 0.000000000000 0.000000000000 1.000000000000
30 47 57
0.599158758814 0.623301566914 -0.502497699915 0.836351283526
-0.428241239962 0.779796759040 0.456646969756 -1.203551407260
0.676474849593 -0.058413793525 0.734145494159 1.281137204753
0.000000000000 0.000000000000 0.000000000000 1.000000000000
30 49 57
0.813323202785 -0.237653041577 -0.531061578012 0.881239260982
-0.087898962256 0.852103772310 -0.515938885577 0.654424467824
0.575134019378 0.466304828460 0.672146313468 0.387197187795
0.000000000000 0.000000000000 0.000000000000 1.000000000000
30 51 57
0.284933822751 -0.529762304138 0.798852062504 -1.382621879942
-0.563528675595 0.581585718343 0.586680052500 -1.441986141562
-0.775401927026 -0.617341034870 -0.132822807646 1.971161423283
0.000000000000 0.000000000000 0.000000000000 1.000000000000
30 52 57
0.666187913986 -0.418697522296 0.617159661743 -1.067927295718
-0.321756069527 0.585192478891 0.744327074862 -1.507573857476
-0.672805094349 -0.694436568358 0.255129687698 0.913094362448
0.000000000000 0.000000000000 0.000000000000 1.000000000000
31 42 57
0.161082846436 0.440607388052 0.883129348498 -1.597950787461
-0.971307728753 0.229409422086 0.062710550326 0.774158458474
-0.174967461683 -0.867891955633 0.464919284069 0.893492298121
0.000000000000 0.000000000000 0.000000000000 1.000000000000
31 44 57
0.328070216593 -0.580166379757 -0.745504463290 1.835397525109
0.803009081377 0.586930908195 -0.103385319226 -0.092357100046
0.497540298077 -0.564729210158 0.658433421831 1.744634710577
0.000000000000 0.000000000000 0.000000000000 1.000000000000
31 45 57
0.752260915181 -0.638058490404 -0.164270746981 0.743892715001
-0.628022920675 -0.619012746663 -0.471604103646 1.386758946627
0.199225316156 0.457935128912 -0.866374452019 2.661348172133
0.000000000000 0.000000000000 0.000000000000 1.000000000000
31 46 57
0.305856900410 -0.507829826178 0.805332492897 -0.676783695376
-0.915451410417 0.075493610864 0.395283986374 0.104352079823
-0.261534455926 -0.858143101331 -0.441803288807 1.572975864731
0.000000000000 0.000000000000 0.000000000000 1.000000000000
31 47 57
0.153279369987 -0.793792728350 0.588556317743 0.319956596014
-0.628926068611 -0.537758059249 -0.561487551006 1.206882773504
0.762205638235 -0.284093953000 -0.581664156461 2.516962906517
0.000000000000 0.000000000000 0.000000000000 1.000000000000
31 50 57
-0.707365621702 0.679465240372 -0.194835480240 0.884394211769
-0.690292789541 -0.604731171643 0.397235540643 -0.756081389219
0.152084653864 0.415484292326 0.896795997365 0.680151424235
0.000000000000 0.000000000000 0.000000000000 1.000000000000
32 38 57
0.761048379816 -0.231096882079 0.606134964074 -0.295824022580
0.231940200709 0.969562243043 0.078439786851 -0.186036345511
-0.605812765526 0.080890592528 0.791484431411 0.155103009329
0.000000000000 0.000000000000 0.000000000000 1.000000000000
32 40 57
0.129431129197 0.931540352985 -0.339823709524 1.074517341676
-0.972785813541 0.185709436494 0.138563220845 0.053498634712
0.192185701260 0.312641289591 0.930225822193 -0.045161109577
0.000000000000 0.000000000000 0.000000000000 1.000000000000
32 43 57
0.995748831111 0.088718492743 0.024764781164 0.419095999759
-0.092091128236 0.953434646806 0.287196097415 -1.131895074456
0.001868004502 -0.288255794938 0.957551621190 0.859426948264
0.000000000000 0.000000000000 0.000000000000 1.000000000000
32 46 57
0.166078966332 0.887258506691 0.430337215734 -0.628689469493
0.985724709551 -0.161608177563 -0.047218576069 -0.723927634550
0.027650929881 0.432036039294 -0.901432352885 3.457184385236
0.000000000000 0.000000000000 0.000000000000 1.000000000000
32 48 57
0.938659939306 -0.338399646737 0.066356592969 0.948806923024
0.266281899798 0.833536601006 0.484056489082 -0.370561813155
-0.219115193863 -0.436694875023 0.872517116134 0.264788347391
0.000000000000 0.000000000000 0.000000000000 1.000000000000
32 49 57
0.471719367775 0.855702945858 0.212728245694 0.442250983455
-0.849719537647 0.376722358915 0.368859013221 -0.606358272875
0.235494257694 -0.354757287090 0.904814744492 0.342813149875
0.000000000000 0.000000000000 0.000000000000 1.000000000000
33 35 57
0.936814762965 -0.233522521023 0.260471365157 -0.190986068708
0.303853444339 0.912145597446 -0.275069979138 0.045153504541
-0.173352774002 0.336834738760 0.925468084004 0.044482362620
0.000000000000 0.000000000000 0.000000000000 1.000000000000
33 37 57
0.401656452922 -0.587220192701 0.702740733920 -2.001279432499
0.713919059805 0.681389190102 0.161333033378 -0.486660200243
-0.573577954486 0.436899550121 0.692912053028 0.056861804924
0.000000000000 0.000000000000 0.000000000000 1.000000000000
33 38 57
0.455982988877 -0.571384850693 0.682348053601 -0.912287711420
0.712725892091 0.693609989444 0.104532221284 -0.529530798475
-0.533011553906 0.438662210525 0.723515133539 0.254859523497
0.000000000000 0.000000000000 0.000000000000 1.000000000000
33 39 57
0.548602041640 -0.609680758944 -0.572123388861 0.629943371659
0.779225705545 0.620876416599 0.085555684369 -0.091688687237
0.303056264951 -0.492749274463 0.815692989298 0.335791513398
0.000000000000 0.000000000000 0.000000000000 1.000000000000
33 40 57
-0.042445189617 -0.971168300494 0.234585886178 0.088455412400
0.867339284466 -0.152359574605 -0.473823939505 0.182021987563
0.495904195889 0.183354007706 0.848799349881 0.223437273585
0.000000000000 0.000000000000 0.000000000000 1.000000000000
33 41 57
0.819625552415 0.533473232789 -0.208854647364 0.143936272689
-0.513366660162 0.845730309034 0.145584740323 -0.143981270938
0.254300267523 -0.012105960433 0.967049543539 0.026461107208
0.000000000000 0.000000000000 0.000000000000 1.000000000000
33 42 57
-0.169648464347 -0.334131938797 0.927132809268 -1.982815248464
0.944810827782 0.212405120173 0.249432485113 -0.794520836026
-0.280271115619 0.918280955046 0.279657271226 1.620247163208
0.000000000000 0.000000000000 0.000000000000 1.000000000000
33 43 57
-0.279623586714 0.941110824260 -0.190055429319 0.835703422735
0.201296939756 0.251018037149 0.946820725940 -1.695458352812
0.938770574634 0.226495831056 -0.259633292773 2.904913002183
0.000000000000 0.000000000000 0.000000000000 1.000000000000
33 44 57
0.686581244010 -0.540868880433 0.485867316819 -0.668065797704
0.664166525741 0.738453316402 -0.116488306620 -0.078121676722
-0.295785431451 0.402675494254 0.866235201818 -0.080972107979
0.000000000000 0.000000000000 0.000000000000 1.000000000000
33 46 57
0.920473432284 0.291048611762 -0.260805226272 -0.204562930885
-0.215657678191 0.934831123302 0.282103769459 -0.295598618036
0.325914753113 -0.203424375377 0.923254080525 1.126495780981
0.000000000000 0.000000000000 0.000000000000 1.000000000000
33 47 57
0.857006142160 -0.301856553092 0.417639909079 0.059045111463
0.327810073757 0.944689468716 0.010117472026 0.186517097447
-0.397594049054 0.128235833729 0.908556296057 0.680190362643
0.000000000000 0.000000000000 0.000000000000 1.000000000000
33 48 57
0.681692695797 -0.579362915030 0.446803850908 -0.290831282470
0.731105869190 0.516118424463 -0.446212931196 0.348989739596
0.027915524967 0.630841013741 0.775409787691 0.455324073839
0.000000000000 0.000000000000 0.000000000000 1.000000000000
33 49 57
0.936631585257 -0.155473638939 0.313925502458 0.223467810013
0.271468374851 0.888522248264 -0.369909631933 0.523969267123
-0.221418596676 0.431689890935 0.874424178022 -0.205132473016
0.000000000000 0.000000000000 0.000000000000 1.000000000000
33 51 57
0.886392441389 0.312410644796 0.341625568227 -0.409192183047
-0.302058428080 0.949528343563 -0.084596872262 -0.636386792369
-0.350812123328 -0.028204853992 0.936021014901 0.016323220920
0.000000000000 0.000000000000 0.000000000000 1.000000000000
33 53 57
0.989903362579 -0.132413107871 0.050577679054 0.380521582483
0.125473452312 0.984580945919 0.121888365719 -0.382202519203
-0.065937436403 -0.114311547083 0.991254318873 0.045737691643
0.000000000000 0.000000000000 0.000000000000 1.000000000000
33 55 57
0.731280554888 -0.346231904840 0.587666757707 -0.771705313406
0.636457148785 0.656184137642 -0.405394468719 0.530697883932
-0.245257105511 0.670481801079 0.700216471256 0.251777420897
0.000000000000 0.000000000000 0.000000000000 1.000000000000
34 37 57
0.693141681524 0.269429632388 0.668552378296 -1.447589185361
0.637817998034 0.202802123062 -0.743007066094 1.217615100124
-0.335771962376 0.941423906682 -0.031276464145 1.268500979163
0.000000000000 0.000000000000 0.000000000000 1.000000000000
34 38 57
0.613776258598 0.502269466963 -0.609101048217 1.024187430219
-0.753159953523 0.603841617044 -0.261008402040 0.134596398967
0.236704010932 0.618951277632 0.748912896888 -0.063509755308
0.000000000000 0.000000000000 0.000000000000 1.000000000000
34 39 57
0.910914768854 -0.409552334660 0.050011689206 -0.404735012377
0.410182354215 0.885823801658 -0.216948447119 0.599122451353
0.044550198358 0.218135456978 0.974901124338 0.755755323262
0.000000000000 0.000000000000 0.000000000000 1.000000000000
34 41 57
0.537004386325 0.771317320245 -0.341607787613 -0.103901014290
-0.826334890338 0.562427566106 -0.029084048796 -0.202883696889
0.169696605971 0.297900695491 0.939392483229 0.116075176013
0.000000000000 0.000000000000 0.000000000000 1.000000000000
34 43 57
0.959899561214 -0.188702912787 0.207325934430 -0.688063727896
0.267259361386 0.839261694860 -0.473510550349 0.509348745310
-0.084647895032 0.509932366345 0.856039552603 0.120299926327
0.000000000000 0.000000000000 0.000000000000 1.000000000000
34 44 57
0.929400379237 -0.279314089622 0.241243806992 -0.513096946506
0.297234192311 0.953939926801 -0.040625742769 -0.217103590158
-0.218784757226 0.109463488857 0.969613827569 -0.124398380809
0.000000000000 0.000000000000 0.000000000000 1.000000000000
34 47 57
0.819474954069 0.444424364105 0.361867080907 -0.147912725844
-0.465902887327 0.884293808431 -0.030967078502 -0.802382603717
-0.333759343292 -0.143218172589 0.931715222482 0.657669493338
0.000000000000 0.000000000000 0.000000000000 1.000000000000
34 48 57
0.965950034264 0.064515347498 0.250555984247 -0.335411279013
-0.050245556791 0.996751423907 -0.062944284594 -0.230820092838
-0.253802906460 0.048211708924 0.966053681632 0.224418847912
0.000000000000 0.000000000000 0.000000000000 1.000000000000
34 49 57
0.691929394775 -0.720077240852 -0.052177388340 0.145441451829
0.655626525657 0.656969194531 -0.372216786688 0.534092788149
0.302303773548 0.223338856102 0.926678036782 0.392203663989
0.000000000000 0.000000000000 0.000000000000 1.000000000000
34 51 57
0.984453149978 0.164488848969 -0.061606931944 -0.099097980099
-0.158337163968 0.982888601435 0.094124065341 -0.689761713310
0.076035110346 -0.082906065729 0.993652477610 0.072812862471
0.000000000000 0.000000000000 0.000000000000 1.000000000000
34 52 57
0.971357831777 -0.166506231957 0.169527689083 0.253400932423
0.141047764657 0.978176070458 0.152568356050 -0.316431123219
-0.191231510823 -0.124286965938 0.973644318715 0.035665604844
0.000000000000 0.000000000000 0.000000000000 1.000000000000
34 54 57
0.827485064043 -0.274932216842 0.489572001781 -0.736624478800
0.180448125832 0.955879741895 0.231802486866 -0.719000988596
-0.531701930285 -0.103470745509 0.840587212700 0.126797238535
0.000000000000 0.000000000000 0.000000000000 1.000000000000
34 56 57
0.999598904791 0.023858874955 0.015257248359 -0.992084606972
-0.024369302698 0.999118090977 0.034193235713 -0.037455371096
-0.014427980719 -0.034551329474 0.999298773643 -0.920872886460
0.000000000000 0.000000000000 0.000000000000 1.000000000000
35 38 57
0.746744587354 -0.313423399718 0.586633014556 -0.946137360926
0.134946177588 0.935059237673 0.327801389864 -0.501802876822
-0.651277245428 -0.165620030647 0.740545714346 0.115541721200
0.000000000000 0.000000000000 0.000000000000 1.000000000000
35 39 57
0.978890791262 -0.134891583165 0.153548297203 -0.313210397914
0.163974438615 0.966789215010 -0.196038254486 0.565890458096
-0.122004927211 0.217078037886 0.968499831288 -0.260278612347
0.000000000000 0.000000000000 0.000000000000 1.000000000000
35 40 57
0.127299383234 -0.820589896141 0.557159841858 -0.559154370090
0.977202701638 0.199987578058 0.071273056153 -0.155541643368
-0.169910997110 0.535385086619 0.827340958787 0.134374508435
0.000000000000 0.000000000000 0.000000000000 1.000000000000
35 41 57
0.963745407356 0.261766216295 0.051703363592 0.068553902217
-0.263795343160 0.905637929357 0.332011984479 -0.290931519609
0.040084993797 -0.333614131770 0.941857104000 0.351211779895
0.000000000000 0.000000000000 0.000000000000 1.000000000000
35 43 57
0.915717544235 0.211623849766 0.341579749680 0.344839103742
-0.127479217593 0.959163989636 -0.252494534729 0.816310932669
-0.381064860966 0.187669356040 0.905300935900 -0.250042654759
0.000000000000 0.000000000000 0.000000000000 1.000000000000
35 44 57
0.558677813178 -0.802525427204 0.209361027303 -0.081591246452
0.829117453992 0.534002485583 -0.165546346611 0.454510634306
0.021055843572 0.266071952827 0.963723179845 -0.350410386084
0.000000000000 0.000000000000 0.000000000000 1.000000000000
35 46 57
0.643334797110 0.737068858268 -0.207002021725 0.417533885648
-0.693667117295 0.675601275902 0.249777593838 -0.159627744214
0.323954115903 -0.017100121970 0.945918239923 0.868649093074
0.000000000000 0.000000000000 0.000000000000 1.000000000000
35 48 57
0.304106493962 -0.928189518712 0.214437537953 0.210711402423
0.942177034501 0.326315295414 0.076293929234 0.316331475763
-0.140789474001 0.178836644264 0.973753448609 0.033076805938
0.000000000000 0.000000000000 0.000000000000 1.000000000000
35 49 57
0.956565474316 -0.204440228699 0.207814066502 0.111149434870
0.220051352579 0.973950344306 -0.054755173761 0.196803266008
-0.191206421376 0.098106675179 0.976634621908 -0.272847940089
0.000000000000 0.000000000000 0.000000000000 1.000000000000
35 50 57
0.967813393392 -0.045430721463 0.247534411989 -0.309979413674
0.077109642544 0.989796080854 -0.119824126756 0.241867008823
-0.239564894336 0.135054684752 0.961441050470 -0.298602447490
0.000000000000 0.000000000000 0.000000000000 1.000000000000
35 51 57
0.988919820682 0.128139806155 -0.074951840140 -0.114227173931
-0.114113489255 0.979109671061 0.168292494204 -0.865615510830
0.094951039130 -0.157874767186 0.982883440726 0.152167065192
0.000000000000 0.000000000000 0.000000000000 1.000000000000
35 52 57
0.180878127115 0.981039847027 -0.069598287880 0.437020377478
-0.903360126301 0.193702394341 0.382648487042 -0.979648865100
0.388874768197 -0.006340423550 0.921268806423 0.190415682417
0.000000000000 0.000000000000 0.000000000000 1.000000000000
35 53 57
0.905354780159 -0.357497849730 0.229189898296 -0.143094847877
0.409087293365 0.879030928648 -0.244851409814 0.394109761131
-0.113931156624 0.315436069464 0.942082680889 -0.027469843241
0.000000000000 0.000000000000 0.000000000000 1.000000000000
35 54 57
0.703597668526 0.253044426241 0.664017197964 -0.565850553274
-0.377096655532 0.924976357410 0.047083443154 0.469582856869
-0.602286006172 -0.283526465398 0.746233415352 0.358222007557
0.000000000000 0.000000000000 0.000000000000 1.000000000000
35 56 57
0.563605739744 0.015273617539 0.825902710211 -2.412094658042
-0.486523241666 -0.801871723200 0.346838398755 -0.360991485819
0.667565506483 -0.597300976175 -0.444508535817 1.616612871960
0.000000000000 0.000000000000 0.000000000000 1.000000000000
36 38 57
0.889267582892 -0.190154799593 0.415985959150 -0.481863827225
0.226265819040 0.973293075599 -0.038786184721 0.086660706721
-0.397500874404 0.128614700492 0.908543512257 -0.114432341916
0.000000000000 0.000000000000 0.000000000000 1.000000000000
36 40 57
0.830580756765 -0.337203047697 0.443203915952 0.178335753461
-0.097469372322 0.695537744154 0.711847573513 -1.559516190629
-0.548302223186 -0.634445703808 0.544833296494 1.869565605879
0.000000000000 0.000000000000 0.000000000000 1.000000000000
36 41 57
-0.987256862983 0.121310928549 0.102992937178 0.385848142489
-0.103258202363 -0.980799125866 0.165441283679 0.150273369933
0.121085218498 0.152698177184 0.980827016627 0.268020444621
0.000000000000 0.000000000000 0.000000000000 1.000000000000
36 42 57
0.990003070503 -0.124673830207 0.065957232020 -0.104932469145
0.125499154818 0.992057269720 -0.008505041804 0.305496983039
-0.064372995378 0.016697594374 0.997786203457 0.117775913578
0.000000000000 0.000000000000 0.000000000000 1.000000000000
36 43 57
0.498640709198 -0.529630161767 0.686184621568 -0.580741519876
0.564338748734 0.799226001339 0.206783885883 -0.142512053341
-0.657935574207 0.284129707229 0.697417442901 0.447353126138
0.000000000000 0.000000000000 0.000000000000 1.000000000000
36 46 57
0.877972979733 0.478380543469 0.017762389731 0.310330173264
-0.021420185998 0.076325914987 -0.996852812773 1.102452621149
-0.478230720982 0.874829360694 0.077259091230 1.698410631594
0.000000000000 0.000000000000 0.000000000000 1.000000000000
36 48 57
0.949515450546 -0.273299536161 0.154038218337 0.515858863422
0.120876186805 0.771805923011 0.624263217456 -1.120543930249
-0.289498457056 -0.574128017727 0.765877054508 1.094066355379
0.000000000000 0.000000000000 0.000000000000 1.000000000000
36 49 57
0.903194429011 0.077142628461 -0.422242629630 1.521568191738
0.170311153028 0.838559722110 0.517505269161 -0.805607779648
0.393997378871 -0.539320505200 0.744244219403 0.932384955987
0.000000000000 0.000000000000 0.000000000000 1.000000000000
36 51 57
0.219034104114 -0.192628199649 -0.956513689361 1.476613440379
0.645982771191 0.763329963643 -0.005798786923 -0.106206405730
0.731252569609 -0.616621231637 0.291629792948 1.229122943976
0.000000000000 0.000000000000 0.000000000000 1.000000000000
36 53 57
0.225681377802 -0.701649473565 0.675837208180 -0.616680249131
0.832242217614 0.499467696868 0.240634392818 -0.098968995555
-0.506399848869 0.508153555564 0.696662871864 0.269193190254
0.000000000000 0.000000000000 0.000000000000 1.000000000000
37 40 57
0.605488732556 0.407414550432 -0.683664229607 1.143643253776
0.743969689222 0.015335693713 0.668037362740 -1.676237844743
0.282652607040 -0.913114560499 -0.293818486720 3.341919777741
0.000000000000 0.000000000000 0.000000000000 1.000000000000
37 41 57
-0.051957239889 -0.820458876417 0.569339685365 -0.128576573235
0.808461264499 0.300122729779 0.506277326053 -1.032789365009
-0.586251506632 0.486593854440 0.647715672030 1.476955462180
0.000000000000 0.000000000000 0.000000000000 1.000000000000
37 43 57
0.878673342470 -0.466280243304 0.102547023051 -0.063914224581
0.423659411566 0.860549170646 0.282785833967 -0.348019474547
-0.220104203103 -0.205031362491 0.953685629634 0.582086360014
0.000000000000 0.000000000000 0.000000000000 1.000000000000
37 46 57
0.907604830540 0.194522799037 0.372040793779 -0.515182097813
0.005715679768 0.880372125259 -0.474249145568 -0.200920824919
-0.419786615539 0.432557281434 0.797918163531 2.052360402038
0.000000000000 0.000000000000 0.000000000000 1.000000000000
37 47 57
0.669123836428 -0.628701704604 0.396241666349 -0.008576774887
0.523363780135 0.777198761060 0.349360042720 0.113324044221
-0.527601786546 -0.026386595732 0.849081917367 1.178042308099
0.000000000000 0.000000000000 0.000000000000 1.000000000000
37 48 57
0.889084005701 0.423983537401 -0.172532868811 0.328790970120
-0.420394464916 0.905441231218 0.058691316897 -0.720134097153
0.181102525314 0.020350351937 0.983253649116 1.461782658484
0.000000000000 0.000000000000 0.000000000000 1.000000000000
37 49 57
0.536071573233 0.779234622692 0.324685495779 -0.571101533050
-0.196382376273 0.489182410041 -0.849784991628 0.262711537220
-0.821012320651 0.391783068169 0.415264731027 1.193331049492
0.000000000000 0.000000000000 0.000000000000 1.000000000000
38 40 57
0.829309889074 0.486001670311 -0.275767083496 0.465628011168
-0.555381913419 0.771301161765 -0.310878510203 0.505551871550
0.061611996655 0.410970673302 0.909564218488 0.297703325611
0.000000000000 0.000000000000 0.000000000000 1.000000000000
38 41 57
0.967677389285 -0.251630069022 0.016816023028 0.248270079012
0.242683201586 0.947258216481 0.209300585230 -0.349706600558
-0.068595436689 -0.198454477585 0.977706748669 0.560329544316
0.000000000000 0.000000000000 0.000000000000 1.000000000000
38 42 57
0.798784737913 -0.531450024883 0.281964206113 -0.685753614186
0.553488068344 0.832855194307 0.001784241113 -0.148372062790
-0.235783588654 0.154638599214 0.959423265798 0.536711771563
0.000000000000 0.000000000000 0.000000000000 1.000000000000
38 46 57
0.944972968371 0.299603559286 -0.131391766527 0.740738027950
-0.265106386690 0.936617970159 0.229053228993 -0.073835662672
0.191689052332 -0.181616313252 0.964505480532 1.043641944606
0.000000000000 0.000000000000 0.000000000000 1.000000000000
38 47 57
0.895018381208 -0.128453713194 0.427131994665 0.523387911954
0.151397884809 0.988269871421 -0.020033514850 0.065421205257
-0.419548302077 0.082597244558 0.903967320989 0.852418329760
0.000000000000 0.000000000000 0.000000000000 1.000000000000
38 48 57
0.641367618494 0.666013240785 -0.380885732269 0.707809628689
-0.612797387014 0.743399953762 0.268022146875 -0.294122442816
0.461656734400 0.061505055441 0.884923831603 0.627177814702
0.000000000000 0.000000000000 0.000000000000 1.000000000000
38 49 57
0.950837194564 -0.295503686319 0.092661754818 0.480614540202
0.309011049421 0.925104105474 -0.220668451236 0.381177439257
-0.020513429008 0.238453277199 0.970937296546 0.223300329345
0.000000000000 0.000000000000 0.000000000000 1.000000000000
38 52 57
0.438210585399 0.801861958611 0.406188234907 -0.313922387028
-0.889832127303 0.323057526172 0.322230693762 -0.909309108390
0.127162368895 -0.502644242100 0.855089760096 0.884266300565
0.000000000000 0.000000000000 0.000000000000 1.000000000000
38 53 57
0.998633506431 0.045136940649 -0.026339635950 0.105674347362
-0.051686581055 0.927517030675 -0.370190025725 0.470035463704
0.007721215705 0.371045569164 0.928582558759 0.347819152891
0.000000000000 0.000000000000 0.000000000000 1.000000000000
38 54 57
0.978586391481 0.153223085247 0.137445845899 -0.026448683361
-0.062386287757 0.857118171847 -0.511328065521 0.849425845685
-0.196154595937 0.491803950408 0.848323198348 0.657479959654
0.000000000000 0.000000000000 0.000000000000 1.000000000000
38 55 57
0.838696445441 0.452843783923 -0.302524015190 1.091613896055
-0.450960224496 0.888915951602 0.080394694543 -0.545639469700
0.305324660529 0.068999553260 0.949745183364 0.509422324373
0.000000000000 0.000000000000 0.000000000000 1.000000000000
39 41 57
0.359698957257 -0.907225140676 -0.218080728800 0.624032789482
0.542963240897 0.393592355851 -0.741805888659 0.658176746965
0.758819859507 0.148416985351 0.634164662589 0.334124692351
0.000000000000 0.000000000000 0.000000000000 1.000000000000
39 46 57
0.938912822874 0.298993173630 -0.170428263985 0.085362831568
0.239195167811 -0.922980444862 -0.301484278361 -0.331725534641
-0.247443696096 0.242301837644 -0.938115897284 1.908701654601
0.000000000000 0.000000000000 0.000000000000 1.000000000000
39 47 57
0.629759484855 -0.775229340756 0.049218497190 0.547382068700
0.540799913515 0.392072490630 -0.744187218133 0.732011166794
0.557618547734 0.495276318151 0.666155330161 0.859967277360
0.000000000000 0.000000000000 0.000000000000 1.000000000000
39 48 57
0.874993115465 0.448364064143 -0.182638204857 0.321504512867
-0.475495926886 0.724931817408 -0.498374842488 0.055230225398
-0.091053124069 0.522918278601 0.847505635676 -0.089127661690
0.000000000000 0.000000000000 0.000000000000 1.000000000000
39 49 57
0.297634474916 0.000332369309 0.954679846269 -1.346361372849
-0.500482234801 0.851624289910 0.155735678263 -0.894993419307
-0.812976784410 -0.524152609806 0.253639093288 0.950045061906
0.000000000000 0.000000000000 0.000000000000 1.000000000000
39 51 57
0.938996978887 0.337226782823 -0.067548283387 0.051247977585
-0.219997604733 0.437980018719 -0.871650478755 0.877569862950
-0.264359088274 0.833337626746 0.485450998863 0.346254092026
0.000000000000 0.000000000000 0.000000000000 1.000000000000
39 52 57
0.912755003540 0.069036465253 -0.402631680297 0.809781016073
0.010907191336 0.981146643575 0.192956723070 -0.835773833155
0.408361771828 -0.180513795224 0.894793514194 -0.075402312508
0.000000000000 0.000000000000 0.000000000000 1.000000000000
39 53 57
0.775119412173 -0.270034579821 0.571201560374 -0.654386054439
0.106349971921 0.946928333421 0.303342075612 -1.024675393503
-0.622799791543 -0.174379061429 0.762700703153 -0.040809032289
0.000000000000 0.000000000000 0.000000000000 1.000000000000
40 42 57
0.264845518516 -0.637781872446 0.723250395438 -2.122370499898
-0.957540141217 -0.262536635033 0.119127634173 0.445365774208
0.113902279521 -0.724091705825 -0.680233395442 2.265634294999
0.000000000000 0.000000000000 0.000000000000 1.000000000000
40 43 57
0.341933015383 0.541741997298 0.767852473692 -0.937145869956
0.922005982300 -0.351327916542 -0.162707294429 0.797627172507
0.181622635135 0.763599570077 -0.619619976264 3.209510562078
0.000000000000 0.000000000000 0.000000000000 1.000000000000
40 44 57
0.440213064391 -0.879783766134 0.179424030684 0.008233210098
0.893759098459 0.410194541014 -0.181480336249 0.284071652635
0.086064695791 0.240251874852 0.966887741554 -0.262345983882
0.000000000000 0.000000000000 0.000000000000 1.000000000000
40 46 57
-0.078514861292 0.180506164468 0.980435077476 -1.111543503125
0.820798257416 0.569872419542 -0.039187320242 0.583551744667
-0.565796462678 0.801662616089 -0.192902599223 1.606883028196
0.000000000000 0.000000000000 0.000000000000 1.000000000000
40 47 57
0.524110956418 0.624857502429 0.578671588226 -0.611053752301
0.850643006633 -0.417118952921 -0.320028521198 1.348243334417
0.041402664504 0.659973393988 -0.750147277939 2.032832615845
0.000000000000 0.000000000000 0.000000000000 1.000000000000
40 48 57
0.678678607842 -0.709451160313 -0.189932615388 0.918791981685
0.717025605593 0.696025040532 -0.037728290146 0.138587934425
0.158964235545 -0.110581165138 0.981071953393 0.267616663064
0.000000000000 0.000000000000 0.000000000000 1.000000000000
40 49 57
0.763566388248 -0.488375753046 0.422439930137 -0.134070150151
0.632014171815 0.699349664129 -0.333868438022 0.923973909354
-0.132379973419 0.521918739957 0.842660294258 -0.143634062300
0.000000000000 0.000000000000 0.000000000000 1.000000000000
40 50 57
-0.917995944728 0.379011243762 0.116764389117 -0.114440916438
-0.396382254980 -0.867324301698 -0.301047610222 0.818566090092
-0.012827836928 -0.322643817213 0.946433523188 -0.269666566386
0.000000000000 0.000000000000 0.000000000000 1.000000000000
40 52 57
0.960529075098 0.223427289350 -0.165723089115 0.765964521290
-0.186174274342 0.958969340646 0.213815208239 0.020153331313
0.206695513897 -0.174522348354 0.962714347281 0.460081083924
0.000000000000 0.000000000000 0.000000000000 1.000000000000
40 53 57
0.502236311548 -0.722732551176 0.474780314286 -0.287499444118
0.728066888514 0.057187616149 -0.683116521839 1.953389136230
0.466558992210 0.688757748436 0.554919337163 0.312284152794
0.000000000000 0.000000000000 0.000000000000 1.000000000000
40 56 57
0.689185395553 -0.032292081164 -0.723865120068 1.469191661912
0.445608244364 0.806644976257 0.388274612657 -1.273062448516
0.571363967285 -0.590153457817 0.570317554627 -0.949701782959
0.000000000000 0.000000000000 0.000000000000 1.000000000000
41 43 57
0.822316802808 -0.216515616839 0.526228147750 -0.502160772890
0.373300018531 0.903231082989 -0.211709014659 1.290179901908
-0.429467311892 0.370532857367 0.823567380138 -0.320577465551
0.000000000000 0.000000000000 0.000000000000 1.000000000000
41 44 57
-0.345229286191 -0.919308368544 0.188914963626 0.188730099954
0.620305644834 -0.072449865006 0.781006993597 -1.213525617739
-0.704299401492 0.386811505241 0.595263985532 0.686957624919
0.000000000000 0.000000000000 0.000000000000 1.000000000000
41 46 57
0.309005903839 -0.930471793236 -0.196818681494 0.212804160300
0.682216770752 0.361046765225 -0.635787315873 0.670506323262
0.662642912207 0.062189028879 0.746349044074 0.797563176556
0.000000000000 0.000000000000 0.000000000000 1.000000000000
41 47 57
0.899458416424 -0.139278805759 0.414217299724 0.342068717383
0.207891624489 0.970101429729 -0.125236929475 0.340056828624
-0.384389944706 0.198757717594 0.901520792941 0.427508310412
0.000000000000 0.000000000000 0.000000000000 1.000000000000
41 48 57
0.281304122619 -0.812932303958 0.509910835125 -0.242613217197
0.858239430295 -0.024583624660 -0.512660438970 1.157473181433
0.429293688381 0.581839079625 0.690775082452 0.318903895609
0.000000000000 0.000000000000 0.000000000000 1.000000000000
41 49 57
-0.639720667127 0.736159264032 0.220968337167 -0.700993116622
-0.758385421327 -0.651296270644 -0.025782175307 -0.067490953393
0.124936066728 -0.184072555870 0.974940138371 -0.054316976848
0.000000000000 0.000000000000 0.000000000000 1.000000000000
41 55 57
0.966900284809 0.255153534806 -0.000716179054 0.385022781421
-0.254609771753 0.965015420153 0.062602739515 -0.315202668366
0.016664434107 -0.060348260481 0.998038267850 -0.069103930427
0.000000000000 0.000000000000 0.000000000000 1.000000000000
42 44 57
-0.792124449963 0.600746407613 -0.107900924511 0.463690193805
-0.589006813198 -0.706022476605 0.393196180724 -0.854120609230
0.160030715106 0.375014688071 0.913101393030 0.127855609480
0.000000000000 0.000000000000 0.000000000000 1.000000000000
42 46 57
0.686989253038 0.050589769857 0.724904436044 -0.460992961633
-0.467106236633 0.794914158336 0.387199231114 -1.218591497664
-0.556648479661 -0.604609093599 0.569728280874 1.586271997013
0.000000000000 0.000000000000 0.000000000000 1.000000000000
42 47 57
0.977503755485 0.123495467361 0.170983266886 0.867815738296
-0.134292759969 0.989520766508 0.053048159896 -0.092023571770
-0.162640286010 -0.074816590338 0.983844812548 0.595319392782
0.000000000000 0.000000000000 0.000000000000 1.000000000000
42 48 57
-0.815142406256 0.559378930007 -0.150459530063 0.602011418020
-0.541693128808 -0.644095982715 0.540100841744 -0.957514997256
0.205210652076 0.521761993359 0.828041671995 0.619660319773
0.000000000000 0.000000000000 0.000000000000 1.000000000000
42 53 57
0.993366940542 0.109423591542 -0.035335521109 -0.031833308876
-0.108494513618 0.993724179952 0.027224891076 -0.232346329742
0.038092807098 -0.023210596579 0.999004607724 0.004958897336
0.000000000000 0.000000000000 0.000000000000 1.000000000000
42 55 57
0.957690357405 -0.270201889068 -0.099096510921 1.048504044750
0.224882053729 0.917438802063 -0.328228740942 0.415692325942
0.179603010117 0.292056473330 0.939385849980 0.171139702354
0.000000000000 0.000000000000 0.000000000000 1.000000000000
43 46 57
0.968450840988 0.239975322629 -0.067192359082 -0.766092622244
-0.246809346675 0.960913977515 -0.125417200616 -0.150220995410
0.034469043843 0.138044095657 0.989826102238 1.102694655793
0.000000000000 0.000000000000 0.000000000000 1.000000000000
43 47 57
0.760974847505 0.413296999540 0.500102861055 -0.475371461284
-0.523296798175 0.846661324163 0.096566366739 -1.281768531603
-0.383507160929 -0.335186802152 0.860564968598 0.778337707011
0.000000000000 0.000000000000 0.000000000000 1.000000000000
43 48 57
0.887611299744 -0.380244372755 -0.259923830295 -0.156399554662
0.390382538264 0.920552736948 -0.013569536346 -0.551775277555
0.244433333212 -0.089425250832 0.965533774722 0.733195784817
0.000000000000 0.000000000000 0.000000000000 1.000000000000
43 49 57
0.755310440632 -0.652635087745 0.059779432225 -0.069998106978
0.645489926227 0.756602301070 0.104382532804 -0.157599409540
-0.113352959434 -0.040254195550 0.992738992046 0.006116669979
0.000000000000 0.000000000000 0.000000000000 1.000000000000
43 51 57
0.207114461753 0.929181237515 -0.306146741912 -0.558188597269
-0.817776986116 0.336193919992 0.467134294544 -1.192462791647
0.536977095146 0.153609491929 0.829493654754 0.314396915639
0.000000000000 0.000000000000 0.000000000000 1.000000000000
43 52 57
0.916040071974 -0.295652832401 0.271035033217 -1.069319093986
0.378850309616 0.859680888575 -0.342667787694 0.245461804024
-0.131692936187 0.416579131153 0.899510310139 0.425638031783
0.000000000000 0.000000000000 0.000000000000 1.000000000000
43 53 57
0.457690181830 0.532187002480 -0.712247633796 0.791437274468
-0.582373945615 0.784755398901 0.212130976910 -0.936596835212
0.671833524711 0.317704199354 0.669106685654 0.720695480812
0.000000000000 0.000000000000 0.000000000000 1.000000000000
44 46 57
0.487982969604 0.755204481895 0.437651473095 -0.272995769928
-0.685210546863 0.642046638307 -0.343893327511 1.264580067008
-0.540702439281 -0.132069318029 0.830781901218 0.985831797881
0.000000000000 0.000000000000 0.000000000000 1.000000000000
44 47 57
-0.979048143093 0.195186874716 0.058024283227 -0.867089283545
-0.201299662410 -0.970700278932 -0.131222766295 1.331753945623
0.030711226269 -0.140153674298 0.989653357576 0.867567438841
0.000000000000 0.000000000000 0.000000000000 1.000000000000
44 48 57
0.992421351668 0.025197079146 0.120270395177 0.217487679357
-0.025583625518 0.999671289354 0.001670732178 -0.013339620829
-0.120188763447 -0.004735023038 0.992739764842 0.433110957075
0.000000000000 0.000000000000 0.000000000000 1.000000000000
44 49 57
0.815311346725 0.578370063611 -0.027485949500 0.059582348433
-0.576798979984 0.815420816938 0.048906318542 -0.410544530150
0.050698565962 -0.024020008799 0.998425107150 0.235886737861
0.000000000000 0.000000000000 0.000000000000 1.000000000000
44 52 57
0.594130184818 -0.498445476553 -0.631317218514 1.097995372718
0.436873027392 0.858969689913 -0.267044995738 0.798762480423
0.675389725585 -0.117145971824 0.728097204952 1.022355912150
0.000000000000 0.000000000000 0.000000000000 1.000000000000
44 53 57
0.804461772317 0.522158759174 0.283181014723 -0.006842238805
-0.526488954394 0.847529071895 -0.067110753193 0.485903187375
-0.275046610200 -0.095103640891 0.956715558412 0.075953629721
0.000000000000 0.000000000000 0.000000000000 1.000000000000
44 56 57
0.981423030733 0.099701778266 0.163915802038 -1.184645055890
-0.122380127014 0.983308766026 0.134636455569 0.017729990134
-0.147756350995 -0.152195354945 0.977243385587 -1.048209856940
0.000000000000 0.000000000000 0.000000000000 1.000000000000
45 47 57
0.637485865854 -0.351899037154 0.685404142449 -0.198002372896
0.413626461055 0.906846791666 0.080882922548 -0.155258542967
-0.650019170141 0.231939569920 0.723656765569 0.111814320253
0.000000000000 0.000000000000 0.000000000000 1.000000000000
46 48 57
0.548365445003 -0.776040648682 0.311538521406 -0.264560495490
0.778898580393 0.338419312842 -0.528005085351 0.322099679880
0.304322756605 0.532196655654 0.790034416670 -0.497666364791
0.000000000000 0.000000000000 0.000000000000 1.000000000000
46 49 57
0.184057386959 -0.923054352378 0.337777353981 -0.331213156389
0.928135238434 0.276336559640 0.249405463017 0.083792545190
-0.323555030068 0.267598147158 0.907581056521 -1.141646798397
0.000000000000 0.000000000000 0.000000000000 1.000000000000
46 50 57
0.964192208638 0.165498393542 0.207228536976 -0.632681333534
-0.142936821681 0.982481321750 -0.119580589643 -0.154940958373
-0.223388562397 0.085678084401 0.970956649930 -1.002457141798
0.000000000000 0.000000000000 0.000000000000 1.000000000000
46 51 57
0.055790597178 -0.882853584160 0.466322804720 -0.021907876097
0.982268125718 -0.035194229636 -0.184148568822 0.356288314938
0.178988095877 0.468327785996 0.865235428308 -1.132400280965
0.000000000000 0.000000000000 0.000000000000 1.000000000000
46 52 57
0.911701340728 -0.306391982349 0.273723616933 0.076252697652
0.361575528242 0.914718612170 -0.180424493697 -0.086298879419
-0.195099468711 0.263465014189 0.944734027971 -0.980041161025
0.000000000000 0.000000000000 0.000000000000 1.000000000000
46 53 57
0.733831218705 -0.165888132336 0.658766172480 -1.146277414510
0.441815536433 0.853166871389 -0.277318086917 0.198365624710
-0.516033694850 0.494557799569 0.699372439166 -0.498973405015
0.000000000000 0.000000000000 0.000000000000 1.000000000000
46 54 57
0.501563703179 -0.816900981815 -0.284792270899 -0.392542044852
0.605417477005 0.096280403869 0.790063138216 -0.916787930556
-0.617983438444 -0.568685211467 0.542856887281 -0.181165366749
0.000000000000 0.000000000000 0.000000000000 1.000000000000
46 55 57
0.595108153562 -0.783170397596 -0.180250974737 0.543782002951
0.671919487026 0.607931558661 -0.423017048048 0.424480590739
0.440874685732 0.130626751908 0.888012479173 -0.524050450681
0.000000000000 0.000000000000 0.000000000000 1.000000000000
46 56 57
0.401315201509 -0.802219355147 0.442029654284 -0.573463960988
0.802704145751 0.540470519452 0.252106469569 -0.341367632004
-0.441148686309 0.253644877401 0.860843837601 -0.729376100478
0.000000000000 0.000000000000 0.000000000000 1.000000000000
47 52 57
0.782630727035 -0.619371440707 -0.062194561958 0.071839513606
0.622276430336 0.775858073242 0.104001415539 0.605961812734
-0.016161353571 -0.120096913457 0.992630617112 -0.698133976611
0.000000000000 0.000000000000 0.000000000000 1.000000000000
47 55 57
0.986163300578 -0.036655426688 -0.161673511394 -0.013669601189
0.054167224168 0.992966858908 0.105274540778 -0.380504733838
0.156677555566 -0.112575293934 0.981212997660 -0.468082472896
0.000000000000 0.000000000000 0.000000000000 1.000000000000
47 56 57
0.458255682458 0.809778066271 0.366416720253 -1.222338418221
0.846852249280 -0.272607856608 -0.456646717282 1.438079934093
-0.269894418957 0.519561776791 -0.810686476213 2.120663415295
0.000000000000 0.000000000000 0.000000000000 1.000000000000
48 51 57
0.976413453380 -0.214579148912 0.023928161438 -0.186143189894
0.212990401887 0.975441550510 0.056114795221 -0.069966480900
-0.035381587894 -0.049694772266 0.998137552068 -0.359703297980
0.000000000000 0.000000000000 0.000000000000 1.000000000000
48 52 57
0.784681465659 0.189936455875 -0.590084011121 0.625375217437
-0.003569437764 0.953271804151 0.302092910417 -0.178962679831
0.619888906632 -0.234940439558 0.748692682811 0.297291115229
0.000000000000 0.000000000000 0.000000000000 1.000000000000
48 55 57
0.766109833293 0.081337015770 0.637542165819 -0.771987006856
0.338669680075 0.791980050474 -0.508006345874 1.685140767384
-0.546240396830 0.605104858282 0.579197323331 -0.413728875908
0.000000000000 0.000000000000 0.000000000000 1.000000000000
48 56 57
0.934608132637 -0.170112773055 -0.312360821570 -0.045040944502
0.206400260860 0.974610970541 0.086789333546 0.091176927239
0.289666309268 -0.145585372013 0.945990659960 -1.314217729843
0.000000000000 0.000000000000 0.000000000000 1.000000000000
49 51 57
0.668159456134 -0.147630703474 -0.729224325273 0.532335467650
-0.186303945881 0.915693670634 -0.356084177281 0.111193898579
0.720315056713 0.373778379461 0.584325202366 0.428664151187
0.000000000000 0.000000000000 0.000000000000 1.000000000000
49 52 57
0.884548811493 -0.455940347632 -0.098446937423 0.164623010214
0.464831486565 0.844073476748 0.267341831645 -0.140691896225
-0.038795478911 -0.282238135714 0.958559620245 0.229562257323
0.000000000000 0.000000000000 0.000000000000 1.000000000000
49 53 57
0.992411303843 0.122846468274 0.005343148686 -0.322566707848
-0.117507579945 0.960287957254 -0.253059297019 0.501102551889
-0.036218402239 0.250511046433 0.967436014915 0.124738548472
0.000000000000 0.000000000000 0.000000000000 1.000000000000
50 52 57
0.782773964916 0.510176731920 -0.356349017196 0.660660751688
-0.490777390938 0.858176795845 0.150566063967 -0.827917971639
0.382625760233 0.057028846049 0.922141658491 0.199872359313
0.000000000000 0.000000000000 0.000000000000 1.000000000000
50 54 57
0.943309173464 0.313028463154 -0.110367497545 -0.086292194494
-0.316067174136 0.948675902691 -0.010750492393 -0.184170431849
0.101337775249 0.045024581160 0.993832703426 0.022461261532
0.000000000000 0.000000000000 0.000000000000 1.000000000000
50 55 57
0.579343333671 -0.591387122114 0.560912269012 -0.882201158928
0.691139144516 -0.008369207352 -0.722673259009 1.262445687531
0.432074049960 0.806344360783 0.403882145168 0.791578924163
0.000000000000 0.000000000000 0.000000000000 1.000000000000
51 53 57
0.701607356375 -0.411963430415 0.581406268870 -0.660532401900
0.136288192815 0.878454860542 0.457976622208 0.048336283003
-0.699408783173 -0.242080957513 0.672476143837 0.190681704285
0.000000000000 0.000000000000 0.000000000000 1.000000000000
52 54 57
0.986520231351 -0.163136626552 0.012816950170 -0.585040261191
0.163138541439 0.986602757373 0.000903018405 0.189991220189
-0.012792553755 0.001200092631 0.999917451766 0.025916824302
0.000000000000 0.000000000000 0.000000000000 1.000000000000
53 55 57
0.918458589565 0.375322259750 -0.124767866819 -0.054884384159
-0.364012989989 0.925515335027 0.104479221614 0.073340865824
0.154687951613 -0.050542714267 0.986669687211 -0.073733431437
0.000000000000 0.000000000000 0.000000000000 1.000000000000
