Setting,Scene,Image,Object,RANSAC Iterations,ICP Iterations,RANSAC: Fitness,ICP: Fitness,RANSAC: Inlier RMSE,ICP: Inlier RMSE,RANSAC: Transformation,ICP: Transformation
full_scene,90,1,12,5,29,0.8069860484201887,0.8644593762823143,0.0026025041466586863,0.0014378472144067698,"[[-0.93343811 -0.28277443  0.22075307 -0.05532038]
 [-0.24304986  0.04589632 -0.96892739  0.04270566]
 [ 0.26385614 -0.95808776 -0.11156966 -0.4443056 ]
 [ 0.          0.          0.          1.        ]]","[[-0.59869996 -0.65965183 -0.45433228 -0.05047394]
 [ 0.01177061  0.55991814 -0.82846432  0.04448853]
 [ 0.80088689 -0.50134932 -0.32745846 -0.44464865]
 [ 0.          0.          0.          1.        ]]"
full_scene,90,2,12,16,20,0.8377359458350431,0.8502769798933114,0.0020011881449956744,0.00156925607390312,"[[-0.09690641 -0.30866363 -0.94622191 -0.05030196]
 [ 0.29778239  0.89815664 -0.32348153  0.05159414]
 [ 0.94970248 -0.31311565  0.00487746 -0.44004591]
 [ 0.          0.          0.          1.        ]]","[[-0.57841782 -0.60680434 -0.54518008 -0.04960086]
 [ 0.06640363  0.63108227 -0.7728685   0.04852374]
 [ 0.81303345 -0.48324285 -0.32473522 -0.44143595]
 [ 0.          0.          0.          1.        ]]"
full_scene,90,3,12,10,30,0.8911828067295856,0.8400184653262207,0.0020697858083775313,0.0018789563786365665,"[[-0.31968276 -0.53669171  0.78087447 -0.04589935]
 [-0.66105516 -0.46409115 -0.58959772  0.05118742]
 [ 0.67882914 -0.70468533 -0.20642089 -0.43890962]
 [ 0.          0.          0.          1.        ]]","[[ 0.03574512  0.28198915  0.95875148 -0.04481353]
 [-0.99790005 -0.04178322  0.04949403  0.0512082 ]
 [ 0.0540165  -0.95850732  0.27990344 -0.43869001]
 [ 0.          0.          0.          1.        ]]"
full_scene,90,4,12,3,6,0.9976918342224046,1.0,0.0017092786205631205,0.0015123960044331225,"[[-0.33422089 -0.32023134  0.88642444 -0.04478278]
 [-0.22733038 -0.88535002 -0.40555672  0.05529576]
 [ 0.91466786 -0.33705673  0.22310416 -0.43479481]
 [ 0.          0.          0.          1.        ]]","[[-0.3178405  -0.21784489  0.92277897 -0.04427218]
 [-0.31287354 -0.89463436 -0.31896632  0.05660489]
 [ 0.89503495 -0.39009354  0.21619313 -0.43504804]
 [ 0.          0.          0.          1.        ]]"
full_scene,90,5,12,3,30,0.9204708658186295,0.9428344275748871,0.0019973008491846462,0.0018634648519126606,"[[ 0.62810245 -0.32688628 -0.70613927 -0.04623348]
 [ 0.67743443  0.67620091  0.28954262  0.06059889]
 [ 0.38284451 -0.66022548  0.64616747 -0.4309616 ]
 [ 0.          0.          0.          1.        ]]","[[ 0.04664243  0.20474634 -0.97770314 -0.04724478]
 [ 0.70854285  0.68314458  0.176863    0.05852584]
 [ 0.70412465 -0.70099388 -0.11320803 -0.43217298]
 [ 0.          0.          0.          1.        ]]"
full_scene,90,6,12,5,30,0.33624846122281493,0.3196040213377103,0.0028613593816055375,0.0027774579331652244,"[[ 0.16582799 -0.25408276  0.95286045 -0.04408743]
 [ 0.81844611  0.5744827   0.01075171  0.05482466]
 [-0.55013367  0.77808199  0.30321835 -0.39838201]
 [ 0.          0.          0.          1.        ]]","[[ 0.00791141 -0.12544452  0.99206909 -0.0408049 ]
 [ 0.82540682  0.56086035  0.06433698  0.03490894]
 [-0.56448294  0.8183516   0.10797996 -0.40431238]
 [ 0.          0.          0.          1.        ]]"
full_scene,90,10,12,3,30,0.9452451784981535,0.8876436192039393,0.0021165358103867934,0.0017601238509145896,"[[ 0.71348544  0.24441852 -0.65665677 -0.04124562]
 [ 0.33266111  0.70665561  0.62447933  0.06507007]
 [ 0.61666451 -0.66400107  0.42287995 -0.41451406]
 [ 0.          0.          0.          1.        ]]","[[ 0.23154462 -0.33313095 -0.91400813 -0.04095765]
 [ 0.40721072  0.88645893 -0.2199318   0.06303342]
 [ 0.88349676 -0.32126988  0.34090929 -0.41639521]
 [ 0.          0.          0.          1.        ]]"
full_scene,90,13,12,4,8,0.8110125153877719,0.9567860073861305,0.0023256456722792894,0.001956625269848782,"[[ 0.54703236  0.27839227  0.78946396 -0.03713554]
 [-0.69123023 -0.38173645  0.61357808  0.06897879]
 [ 0.47218257 -0.88134841 -0.01638904 -0.40645872]
 [ 0.          0.          0.          1.        ]]","[[ 0.41769497  0.47011406  0.77751121 -0.03753058]
 [-0.50717339 -0.58937159  0.62882135  0.0656214 ]
 [ 0.75386077 -0.65698851 -0.00774821 -0.40833336]
 [ 0.          0.          0.          1.        ]]"
full_scene,90,20,12,2,25,0.7159930242100944,0.8382232252769799,0.0025392803085816577,0.0017392750755892705,"[[ 0.44579771  0.68044711 -0.58159791 -0.03564335]
 [-0.01017204  0.65354195  0.75682194  0.06592448]
 [ 0.89507593 -0.33147345  0.29826904 -0.40405601]
 [ 0.          0.          0.          1.        ]]","[[ 0.19993823  0.26358011 -0.94368969 -0.03376683]
 [ 0.37337732  0.8699676   0.32209588  0.06882016]
 [ 0.90587752 -0.4167516   0.07552495 -0.40469569]
 [ 0.          0.          0.          1.        ]]"
full_scene,90,21,12,3,30,0.3115510874025441,0.8342224045958145,0.002799523678400608,0.001677981324422,"[[ 9.99680412e-01  1.62519211e-02 -1.93636192e-02 -4.09413293e-02]
 [ 2.41075129e-04  7.59804668e-01  6.50151374e-01  6.83505798e-02]
 [ 2.52787771e-02 -6.49948261e-01  7.59557925e-01 -3.93740764e-01]
 [ 0.00000000e+00  0.00000000e+00  0.00000000e+00  1.00000000e+00]]","[[ 0.60870734  0.76113349 -0.22394461 -0.03259777]
 [-0.47618011  0.57624966  0.66422047  0.07006919]
 [ 0.63460845 -0.2976779   0.71320403 -0.40745356]
 [ 0.          0.          0.          1.        ]]"
full_scene,90,27,12,4,30,0.7178908494050061,0.9891003282724662,0.0027218337943015437,0.0015545624425205848,"[[ 0.0692798  -0.88503197 -0.4603463  -0.03538074]
 [ 0.98659911  0.12911727 -0.0997543   0.05914814]
 [ 0.1477244  -0.44726629  0.88211698 -0.42603541]
 [ 0.          0.          0.          1.        ]]","[[-0.0547046  -0.55409345 -0.83065508 -0.03948758]
 [ 0.82630368  0.44190957 -0.34919645  0.06361232]
 [ 0.5605619  -0.705476    0.43367497 -0.4288349 ]
 [ 0.          0.          0.          1.        ]]"
full_scene,90,28,12,5,9,0.9051087402544111,0.9307806729585556,0.0023997485550244398,0.0016715772447981365,"[[ 0.28272078 -0.09657091 -0.95432857 -0.03788479]
 [ 0.70036841  0.70059059  0.13659031  0.0602542 ]
 [ 0.65540297 -0.7069985   0.26570673 -0.4355948 ]
 [ 0.          0.          0.          1.        ]]","[[ 0.28132613 -0.11439292 -0.95276958 -0.0410158 ]
 [ 0.69998856  0.70362011  0.12220784  0.06017097]
 [ 0.65640812 -0.70130807  0.27802045 -0.4334541 ]
 [ 0.          0.          0.          1.        ]]"
full_scene,90,29,12,3,30,0.44257796471070987,0.8877718506360279,0.0025993619467111237,0.0016160092081298977,"[[-0.41141352 -0.88410646 -0.22157319 -0.04150692]
 [-0.64324759  0.45387037 -0.61663135  0.06377797]
 [ 0.64573327 -0.11116405 -0.75542776 -0.43925734]
 [ 0.          0.          0.          1.        ]]","[[-0.60229983 -0.54806998 -0.58039144 -0.04407222]
 [ 0.11958603  0.65690862 -0.74442611  0.05636593]
 [ 0.78926174 -0.51777443 -0.33011444 -0.43772006]
 [ 0.          0.          0.          1.        ]]"
full_scene,90,30,12,4,30,0.9050574476815757,0.892080426754206,0.0019468846654952842,0.001643039087954724,"[[ 0.76115988 -0.08829563 -0.64252589 -0.04513472]
 [ 0.4833717   0.73775807  0.47123756  0.05585484]
 [ 0.43242044 -0.66926596  0.60423145 -0.4388479 ]
 [ 0.          0.          0.          1.        ]]","[[-0.0431807   0.02486372 -0.99875784 -0.04706708]
 [ 0.57042008  0.8213423  -0.00421475  0.05380772]
 [ 0.82021727 -0.56989352 -0.0496489  -0.44084025]
 [ 0.          0.          0.          1.        ]]"
full_scene,90,31,12,16,30,0.7879821501846532,0.8626384899466557,0.00260790548415487,0.0015624146844179971,"[[-0.12225892 -0.70966009 -0.6938554  -0.03276023]
 [ 0.0738589   0.69065601 -0.71940193  0.0575135 ]
 [ 0.98974624 -0.1392007  -0.03202415 -0.44069569]
 [ 0.          0.          0.          1.        ]]","[[-0.32418625 -0.5898372  -0.73959134 -0.03826231]
 [ 0.22533724  0.711162   -0.66593674  0.05922012]
 [ 0.91876352 -0.382545   -0.09763666 -0.43811322]
 [ 0.          0.          0.          1.        ]]"
full_scene,90,32,12,12,30,0.7934961017644645,0.9814577349199836,0.002182073790855436,0.0017771203066435036,"[[ 0.3660155  -0.90128879 -0.23175672 -0.03298055]
 [ 0.78709713  0.43268452 -0.43961597  0.06261205]
 [ 0.49649849 -0.02150879  0.86777106 -0.43402365]
 [ 0.          0.          0.          1.        ]]","[[-0.23848722 -0.83862798 -0.4897213  -0.03423339]
 [ 0.68723718  0.21055886 -0.69524817  0.06239129]
 [ 0.68616973 -0.50236249  0.52612074 -0.43287955]
 [ 0.          0.          0.          1.        ]]"
full_scene,90,33,12,8,30,0.8594583504308576,0.9676856791136643,0.0019285386130741908,0.001501687808504926,"[[-0.01989676 -0.60577879  0.7953843  -0.0300781 ]
 [-0.68403278 -0.57195997 -0.45272613  0.06701867]
 [ 0.72917986 -0.55307672 -0.4029924  -0.4299016 ]
 [ 0.          0.          0.          1.        ]]","[[-0.28434432  0.07103724  0.95608682 -0.03069299]
 [-0.43969124 -0.89585122 -0.06420433  0.0671994 ]
 [ 0.85195065 -0.43863914  0.28596466 -0.42887266]
 [ 0.          0.          0.          1.        ]]"
full_scene,90,37,12,8,30,0.7644645055395979,0.8621512105047189,0.0018492066286238138,0.0016689984737381354,"[[-0.05737277 -0.23685018 -0.96985069 -0.02541768]
 [ 0.0679608   0.96827086 -0.24048468  0.07316463]
 [ 0.99603699 -0.0797091  -0.03945586 -0.41257986]
 [ 0.          0.          0.          1.        ]]","[[-0.37506096 -0.4121055  -0.83036036 -0.02694925]
 [ 0.34870109  0.76724139 -0.53828264  0.070887  ]
 [ 0.85891607 -0.49143637 -0.14406066 -0.41304393]
 [ 0.          0.          0.          1.        ]]"
full_scene,90,39,12,4,30,0.5318783340172343,0.8512771850636028,0.0030776754806892204,0.0019354699386532933,"[[-0.72285591 -0.57283391  0.38644618 -0.03169304]
 [-0.22056016 -0.3387303  -0.91466661  0.06748781]
 [ 0.65485308 -0.74640679  0.11850886 -0.40582755]
 [ 0.          0.          0.          1.        ]]","[[-0.70466699 -0.01690748  0.70933671 -0.02360449]
 [-0.67154243 -0.30686648 -0.67443586  0.0713576 ]
 [ 0.22907467 -0.95160238  0.20488459 -0.40528578]
 [ 0.          0.          0.          1.        ]]"
full_scene,90,40,12,1,30,0.3283237587197374,0.973353508411982,0.002733113273234111,0.0016263268953757553,"[[ 0.76125219 -0.59200324 -0.26462665 -0.03090938]
 [-0.16821486 -0.57440111  0.80110369  0.07017806]
 [-0.62625782 -0.56532781 -0.53684784 -0.40375021]
 [ 0.          0.          0.          1.        ]]","[[ 0.8145623   0.43116577  0.38805199 -0.02072437]
 [-0.33876241 -0.18945337  0.92160048  0.07520232]
 [ 0.47088034 -0.88215843 -0.00825882 -0.4015177 ]
 [ 0.          0.          0.          1.        ]]"
full_scene,90,50,12,9,30,0.7595404185473943,0.8910545752974969,0.0022886247633765486,0.0016429120413677058,"[[ 0.79088152 -0.56662383 -0.23117928 -0.00753522]
 [ 0.54320119  0.8239743  -0.1612415   0.07619747]
 [ 0.28184906  0.00194606  0.95945678 -0.39427048]
 [ 0.          0.          0.          1.        ]]","[[ 0.54330124  0.62921211 -0.55580202 -0.01343004]
 [ 0.26404561  0.50037053  0.8245661   0.07807019]
 [ 0.79693393 -0.59474486  0.10571123 -0.39139714]
 [ 0.          0.          0.          1.        ]]"
full_scene,90,51,12,4,30,0.9192654903569963,0.9715582683627411,0.002260913143131046,0.0014834678130747707,"[[ 0.32856323 -0.81129173 -0.4835824  -0.0098051 ]
 [ 0.84135944  0.48405283 -0.24043116  0.08049214]
 [ 0.42913924 -0.32786978  0.84162992 -0.39608109]
 [ 0.          0.          0.          1.        ]]","[[ 0.42825692 -0.18136713 -0.88526944 -0.01286464]
 [ 0.72133128  0.65869922  0.21400121  0.07798894]
 [ 0.54431351 -0.73022003  0.41291828 -0.39561661]
 [ 0.          0.          0.          1.        ]]"
full_scene,90,54,12,5,30,0.9380385720147723,0.8880796060730406,0.002068440490995755,0.0015971095592892343,"[[ 0.61353023 -0.25998278 -0.74564711 -0.01434563]
 [ 0.61531848  0.74921667  0.24506641  0.07838001]
 [ 0.4949382  -0.6091661   0.61963929 -0.4068479 ]
 [ 0.          0.          0.          1.        ]]","[[-0.15120535 -0.39412159 -0.90653467 -0.01627575]
 [ 0.40782499  0.81051924 -0.42040141  0.07520351]
 [ 0.90045306 -0.43327444  0.03817779 -0.40873639]
 [ 0.          0.          0.          1.        ]]"
full_scene,90,55,12,3,30,0.7064782519491177,0.8391977841608536,0.0024697850911054946,0.0017055266832386347,"[[ 0.99206257  0.06110278 -0.10990133 -0.01154626]
 [-0.01959815  0.93845308  0.34485029  0.07161811]
 [ 0.12420856 -0.33995921  0.93220168 -0.41794637]
 [ 0.          0.          0.          1.        ]]","[[ 0.30229071  0.00637278 -0.95319448 -0.01595172]
 [ 0.23373782  0.96895282  0.08060443  0.07402836]
 [ 0.92411415 -0.24716357  0.29141588 -0.41313884]
 [ 0.          0.          0.          1.        ]]"
full_scene,90,57,12,9,30,0.8767183011899877,0.8749743537135822,0.0020014431264951866,0.0017616750153432994,"[[ 0.94448328  0.19668059  0.2631883  -0.0155736 ]
 [-0.14730836 -0.46252829  0.87428132  0.07674527]
 [ 0.2936862  -0.86451393 -0.40787754 -0.42353533]
 [ 0.          0.          0.          1.        ]]","[[ 0.70729723  0.67793421  0.20033931 -0.01812905]
 [-0.17327344 -0.10849466  0.97887958  0.07553293]
 [ 0.6853517  -0.72707229  0.04073002 -0.42177233]
 [ 0.          0.          0.          1.        ]]"
full_scene,90,58,12,5,14,0.8999538366844481,0.9796881411571604,0.00212800528297603,0.0017185549805653689,"[[-0.11430543 -0.61236443  0.78226854 -0.01916215]
 [ 0.16198157 -0.78838032 -0.59347994  0.07236314]
 [ 0.98015113  0.05887511  0.18930791 -0.42774311]
 [ 0.          0.          0.          1.        ]]","[[-0.37573327 -0.55094664  0.74517267 -0.01946995]
 [-0.07868388 -0.78222077 -0.61801255  0.07283383]
 [ 0.92338148 -0.29084095  0.25055575 -0.42607049]
 [ 0.          0.          0.          1.        ]]"
full_scene,90,63,12,8,30,0.6576733688961839,0.8323245794009028,0.0022188594503209785,0.002003330638212569,"[[-0.89288259  0.02337651 -0.44968235 -0.01708138]
 [ 0.44988205  0.0887881  -0.8886635   0.07609778]
 [ 0.01915259 -0.99577619 -0.08979402 -0.42646073]
 [ 0.          0.          0.          1.        ]]","[[-0.94836005 -0.07822125 -0.30739982 -0.01235608]
 [ 0.29658717  0.12494918 -0.94679658  0.07483821]
 [ 0.11246897 -0.98907489 -0.09529739 -0.42512905]
 [ 0.          0.          0.          1.        ]]"
full_scene,90,64,12,5,12,0.8370947886746,0.8081144850225688,0.0019023249297433497,0.00180324856291731,"[[ 0.74471564  0.6040941  -0.28367047 -0.0076139 ]
 [-0.28122235  0.66952135  0.6874992   0.07521552]
 [ 0.60523765 -0.43221693  0.66848778 -0.41981432]
 [ 0.          0.          0.          1.        ]]","[[ 0.37724282  0.83729691 -0.39575464 -0.00810698]
 [-0.22438006  0.49722963  0.83810279  0.07792181]
 [ 0.89852181 -0.22736881  0.37544903 -0.41890921]
 [ 0.          0.          0.          1.        ]]"
full_scene,90,67,12,6,30,0.7247897004513746,0.8139618383258104,0.002021745510814404,0.0016297537977799535,"[[ 0.5902227   0.76364466  0.26169447 -0.00418577]
 [-0.75695358  0.41093313  0.5080898   0.07874771]
 [ 0.28046114 -0.49797669  0.82058562 -0.40565945]
 [ 0.          0.          0.          1.        ]]","[[ 0.41509202  0.71413733 -0.56365458 -0.003607  ]
 [-0.2058967   0.67721608  0.70638865  0.07834689]
 [ 0.88617445 -0.17716167  0.42814551 -0.40485439]
 [ 0.          0.          0.          1.        ]]"
full_scene,90,70,12,2,17,0.8686653672548215,0.9193424292162495,0.0018408895163739914,0.00162901996693084,"[[ 7.26940961e-01 -9.92835453e-02 -6.79484818e-01  9.49775090e-04]
 [ 3.92068213e-01  8.72369185e-01  2.91983769e-01  7.85367806e-02]
 [ 5.63772433e-01 -4.78659360e-01  6.73086816e-01 -3.91863594e-01]
 [ 0.00000000e+00  0.00000000e+00  0.00000000e+00  1.00000000e+00]]","[[ 8.00152445e-01  2.66778818e-01 -5.37201198e-01  1.52911417e-04]
 [ 2.48707929e-01  6.67440219e-01  7.01903071e-01  7.83335454e-02]
 [ 5.45802556e-01 -6.95235655e-01  4.67703916e-01 -3.90872563e-01]
 [ 0.00000000e+00  0.00000000e+00  0.00000000e+00  1.00000000e+00]]"
full_scene,90,79,12,7,30,0.9224456298727944,0.9072886745999179,0.001758362010529224,0.001703196882739038,"[[ 0.77265948  0.63063759 -0.0727568   0.01326701]
 [-0.27508446  0.43589818  0.8569255   0.07909989]
 [ 0.57212399 -0.64209735  0.51027946 -0.37916133]
 [ 0.          0.          0.          1.        ]]","[[ 0.58493941  0.75595733  0.29389524  0.01351002]
 [-0.68060256  0.26039381  0.68481765  0.07742198]
 [ 0.44116442 -0.60060269  0.66682109 -0.37957304]
 [ 0.          0.          0.          1.        ]]"
full_scene,90,87,12,8,30,0.8782314320886335,0.8175779647107099,0.0019916907776171555,0.0016744967154285165,"[[ 0.87466427  0.42752382 -0.2284421   0.00687657]
 [ 0.13995541  0.22846912  0.96343881  0.08042607]
 [ 0.464085   -0.87465722  0.13999951 -0.41750948]
 [ 0.          0.          0.          1.        ]]","[[ 0.35004664  0.936401   -0.02491023  0.00609815]
 [-0.48760434  0.20485386  0.84869129  0.07782422]
 [ 0.79981833 -0.28493519  0.5283016  -0.41734221]
 [ 0.          0.          0.          1.        ]]"
full_scene,90,90,12,6,30,0.8486099712761592,0.8122435371358228,0.002387940261308755,0.0017060459326168644,"[[ 0.89971634  0.09090981 -0.42690271 -0.00353453]
 [ 0.37170249  0.3531097   0.85857487  0.07640794]
 [ 0.22879636 -0.93115463  0.28390716 -0.43052034]
 [ 0.          0.          0.          1.        ]]","[[ 0.39715655  0.91546516  0.06473179 -0.00269598]
 [-0.44697074  0.13134217  0.88485388  0.07506918]
 [ 0.80155089 -0.38035874  0.46134955 -0.43182674]
 [ 0.          0.          0.          1.        ]]"
full_scene,90,91,12,2,30,0.8235279031596224,0.9016721378744358,0.00244586501843903,0.0017668630911337163,"[[-0.59370949  0.12789849  0.79445013  0.0150696 ]
 [-0.7758667  -0.35281573 -0.52302191  0.07611019]
 [ 0.21340079 -0.92691048  0.30870223 -0.43116364]
 [ 0.          0.          0.          1.        ]]","[[-0.88038626 -0.07001334  0.46906093  0.01395193]
 [-0.40136767 -0.41686373 -0.81555418  0.0720145 ]
 [ 0.25263416 -0.90626859  0.33890001 -0.43182978]
 [ 0.          0.          0.          1.        ]]"
full_scene,90,94,12,2,30,0.8046522363561757,0.9306780878128847,0.002801843201790272,0.0014599556628710365,"[[ 0.69431465  0.56359945 -0.4475297   0.01652922]
 [-0.11799668  0.7025886   0.701745    0.07591215]
 [ 0.70993236 -0.43442481  0.55432042 -0.41413283]
 [ 0.          0.          0.          1.        ]]","[[ 0.15828517  0.23587194 -0.95880667  0.0191691 ]
 [ 0.35652944  0.89188268  0.27826613  0.07412347]
 [ 0.92077824 -0.38588821  0.05707652 -0.41835388]
 [ 0.          0.          0.          1.        ]]"
full_scene,90,95,12,10,27,0.8645106688551498,0.935345711940911,0.002473001975794785,0.0015733696031241153,"[[-0.76956236 -0.32249101  0.55115636  0.02627816]
 [-0.38238547 -0.45852794 -0.80220539  0.07200355]
 [ 0.51142461 -0.82810125  0.22954997 -0.41444501]
 [ 0.          0.          0.          1.        ]]","[[-0.80715757 -0.24821624  0.5356168   0.0221603 ]
 [-0.38640414 -0.46379998 -0.7972336   0.07351689]
 [ 0.44630538 -0.85045769  0.27844788 -0.41328866]
 [ 0.          0.          0.          1.        ]]"
full_scene,90,96,12,9,30,0.8800010258514567,0.9254205990972507,0.0017566459699425634,0.0016814102328036838,"[[-0.94723415 -0.30963006  0.08292585  0.02125409]
 [-0.01987748 -0.20146666 -0.97929366  0.07439058]
 [ 0.31992555 -0.92926875  0.18468144 -0.40924098]
 [ 0.          0.          0.          1.        ]]","[[-0.8139219  -0.46332803  0.35051145  0.02258774]
 [-0.30599448 -0.17097514 -0.93655479  0.07320337]
 [ 0.49386083 -0.86953703 -0.0026154  -0.40888208]
 [ 0.          0.          0.          1.        ]]"
full_scene,90,121,12,4,22,0.9291906032006565,0.9056729585556011,0.0018315297188619733,0.0017050453530630288,"[[ 0.59258547  0.80266739 -0.0675834   0.04416123]
 [-0.08483092  0.14562233  0.98569663  0.0574983 ]
 [ 0.8010282  -0.57837634  0.15438469 -0.43455233]
 [ 0.          0.          0.          1.        ]]","[[ 0.28359964  0.88525205 -0.36864623  0.04370889]
 [-0.23971287  0.43767029  0.86659244  0.05566913]
 [ 0.92849824 -0.15739606  0.33632945 -0.43546485]
 [ 0.          0.          0.          1.        ]]"
full_scene,90,122,12,6,30,0.5048984407057858,0.9610432909314731,0.0028283608774949108,0.0014259404637705635,"[[ 0.29809899  0.65106188 -0.69803683  0.0461755 ]
 [-0.56957299  0.70815331  0.4172595   0.06512678]
 [ 0.76597885  0.27319829  0.58192705 -0.42804124]
 [ 0.          0.          0.          1.        ]]","[[ 0.29829994  0.56366925 -0.77025588  0.04551928]
 [ 0.42900133  0.64170977  0.63574086  0.05880454]
 [ 0.85262829 -0.52008226 -0.05039287 -0.43085526]
 [ 0.          0.          0.          1.        ]]"
full_scene,90,141,12,6,30,0.8450451374640952,0.9026723430447271,0.0020539785706364237,0.0017741523782164703,"[[ 0.60785756  0.56410316  0.55883523  0.05689543]
 [-0.53574226 -0.22809974  0.81298877  0.05831535]
 [ 0.58607971 -0.79357301  0.16356175 -0.40191897]
 [ 0.          0.          0.          1.        ]]","[[ 0.01358337  0.49862203  0.86671308  0.05607685]
 [-0.6033076  -0.68715146  0.40477502  0.05663094]
 [ 0.79739289 -0.5283928   0.29148863 -0.40151047]
 [ 0.          0.          0.          1.        ]]"
full_scene,90,142,12,2,30,0.41472609766105867,0.5223892080426754,0.0031041518191528812,0.002895411948745674,"[[-0.48373645 -0.40026361  0.7783239   0.05733042]
 [ 0.31609796  0.74936922  0.58183147  0.06213586]
 [-0.81613793  0.52747969 -0.23597469 -0.39686657]
 [ 0.          0.          0.          1.        ]]","[[-0.31744963 -0.29500914  0.90121881  0.05409606]
 [ 0.63248816  0.64222489  0.43301953  0.05525025]
 [-0.70652987  0.70747212 -0.01728427 -0.39352083]
 [ 0.          0.          0.          1.        ]]"
full_scene,90,143,12,10,30,0.9263182191218712,0.9227277390233894,0.0018287971601581767,0.0014770294025709448,"[[ 0.59202606  0.79127926  0.15291265  0.05369501]
 [-0.37223384  0.1001887   0.92271566  0.05566815]
 [ 0.71480564 -0.60319098  0.35385524 -0.40902552]
 [ 0.          0.          0.          1.        ]]","[[ 0.19100944  0.85143705  0.48843663  0.05496023]
 [-0.44896607 -0.36671669  0.81483025  0.05578329]
 [ 0.87289453 -0.37493174  0.31221999 -0.41008881]
 [ 0.          0.          0.          1.        ]]"
full_scene,90,144,12,4,27,0.8012669265490358,0.9637105047189167,0.0021753356948149153,0.0013975684844771137,"[[ 0.10165531  0.93233227 -0.34701979  0.05589614]
 [ 0.0589071   0.34257344  0.93764247  0.05458833]
 [ 0.99307409 -0.11575826 -0.02009658 -0.41602603]
 [ 0.          0.          0.          1.        ]]","[[ 0.53326237  0.62433444 -0.57082199  0.05469049]
 [ 0.2633468   0.51872438  0.81337167  0.05441995]
 [ 0.80391524 -0.58406465  0.11219971 -0.41401364]
 [ 0.          0.          0.          1.        ]]"
full_scene,90,145,12,8,7,0.9657878539187525,0.9827400492408699,0.0019339477714319733,0.0012520175112533769,"[[ 0.63683697  0.59508351 -0.49021862  0.05382898]
 [ 0.34846702  0.34501832  0.87151196  0.05226162]
 [ 0.6877568  -0.72583605  0.01235345 -0.41670694]
 [ 0.          0.          0.          1.        ]]","[[ 0.50734018  0.70370537 -0.49739792  0.05468038]
 [ 0.25255939  0.43043078  0.86656973  0.05287456]
 [ 0.82390515 -0.56526816  0.04064743 -0.41848124]
 [ 0.          0.          0.          1.        ]]"
full_scene,90,146,12,4,15,0.5676036109971276,0.9891259745588838,0.002635261146354726,0.0013903055514181463,"[[ 0.66566139  0.69949574 -0.2600012   0.05533192]
 [ 0.44535027 -0.09279895  0.89053439  0.04530245]
 [ 0.59879717 -0.70858597 -0.37329329 -0.42527311]
 [ 0.          0.          0.          1.        ]]","[[ 0.47202944  0.74611364 -0.4695771   0.05536744]
 [ 0.28325573  0.37605     0.88224293  0.05180826]
 [ 0.83483795 -0.54945504 -0.03383429 -0.42235749]
 [ 0.          0.          0.          1.        ]]"
full_scene,90,147,12,3,18,0.5043342224045958,0.9895363151415675,0.002750247309727165,0.0013609540153971453,"[[ 0.19324166  0.90542758 -0.37796636  0.04753948]
 [ 0.4615382   0.2560581   0.84936255  0.05035119]
 [ 0.86581762 -0.33857814 -0.36840833 -0.42554029]
 [ 0.          0.          0.          1.        ]]","[[ 0.49479881  0.74432255 -0.4485065   0.05644892]
 [ 0.31542212  0.3270875   0.89079889  0.05036528]
 [ 0.80974256 -0.5822351  -0.07293329 -0.42629153]
 [ 0.          0.          0.          1.        ]]"
full_scene,90,148,12,4,15,0.7468967993434551,0.975507796471071,0.002786211429933004,0.0013465286809692214,"[[ 0.643495    0.53680516 -0.54566877  0.05027199]
 [ 0.277961    0.50033537  0.82000134  0.04878652]
 [ 0.71319834 -0.6793414   0.17275241 -0.42838901]
 [ 0.          0.          0.          1.        ]]","[[ 0.48910432  0.71601932 -0.49808965  0.05594181]
 [ 0.31205319  0.38961122  0.86650211  0.04800517]
 [ 0.81449356 -0.57924039 -0.03287558 -0.4301265 ]
 [ 0.          0.          0.          1.        ]]"
full_scene,90,149,12,2,25,0.8332221994255232,0.9600943783340172,0.0025050867434779317,0.0014133624169733578,"[[ 0.37425352  0.92364989 -0.08249355  0.05831041]
 [ 0.22401496 -0.00372646  0.97457858  0.04268717]
 [ 0.89986199 -0.38321925 -0.20830603 -0.43650687]
 [ 0.          0.          0.          1.        ]]","[[ 0.40767454  0.8169546  -0.40790519  0.05578376]
 [ 0.13265869  0.3889841   0.91164304  0.04593795]
 [ 0.90343962 -0.42576583  0.05020279 -0.43426513]
 [ 0.          0.          0.          1.        ]]"
full_scene,90,150,12,5,30,0.8076015592942142,0.9655313910545753,0.0026008716617921587,0.0014429187045049401,"[[ 0.25080017  0.76025158 -0.59926355  0.06128623]
 [ 0.03733645  0.6109916   0.79075613  0.04174806]
 [ 0.96731859 -0.22069615  0.1248517  -0.4370151 ]
 [ 0.          0.          0.          1.        ]]","[[ 0.45265512  0.77934209 -0.43327733  0.05728037]
 [ 0.25044234  0.35523237  0.90060457  0.04334533]
 [ 0.85579319 -0.51617426 -0.03438251 -0.43775925]
 [ 0.          0.          0.          1.        ]]"
full_scene,90,151,12,2,8,0.9360381616741896,0.9585299548625359,0.0019309568889631507,0.0017377070871956656,"[[ 0.49962156  0.64616167  0.57693448  0.06643912]
 [-0.05324561 -0.6418513   0.76497831  0.02900611]
 [ 0.86460581 -0.41291889 -0.28627748 -0.44255375]
 [ 0.          0.          0.          1.        ]]","[[ 0.26275458  0.79168201  0.55154295  0.06532074]
 [-0.13461364 -0.53595911  0.83344286  0.02795765]
 [ 0.95542619 -0.29323613 -0.03425451 -0.44139335]
 [ 0.          0.          0.          1.        ]]"
full_scene,90,152,12,3,30,0.39220865818629463,0.5860432909314731,0.002911797868809407,0.00272478905592243,"[[ 0.70580302 -0.22384893  0.67211142  0.05888684]
 [ 0.47829892  0.85044411 -0.21903186  0.03160077]
 [-0.52256315  0.47606351  0.70731272 -0.42231261]
 [ 0.          0.          0.          1.        ]]","[[ 0.41954012  0.36702859  0.83022654  0.06454477]
 [ 0.85980792  0.13258775 -0.49310326  0.0269835 ]
 [-0.29106087  0.92071195 -0.25994821 -0.43078414]
 [ 0.          0.          0.          1.        ]]"
full_scene,90,153,12,3,30,0.7721840377513336,0.973635617562577,0.0023448958076235744,0.0015009827735889187,"[[ 0.75693171  0.15604722 -0.63458935  0.06580252]
 [ 0.26240861  0.81676607  0.51384328  0.03274713]
 [ 0.59849486 -0.55546598  0.57728801 -0.43156745]
 [ 0.          0.          0.          1.        ]]","[[ 0.57011167  0.40703008 -0.71365201  0.06281069]
 [ 0.63643152  0.33051582  0.696932    0.03557179]
 [ 0.51954557 -0.8515197  -0.07061584 -0.4340673 ]
 [ 0.          0.          0.          1.        ]]"
full_scene,90,154,12,6,13,0.915546778826426,0.9441423881821912,0.001955272151086287,0.0015356082231356954,"[[ 0.6158418   0.65798195  0.43335739  0.06312636]
 [-0.36722399 -0.24691542  0.89676046  0.03819363]
 [ 0.69705481 -0.71140181  0.08956592 -0.4320841 ]
 [ 0.          0.          0.          1.        ]]","[[ 0.34838492  0.78934298  0.50553497  0.0628946 ]
 [-0.31127204 -0.41129482  0.85670665  0.03806876]
 [ 0.8841593  -0.45582258  0.10241148 -0.43008615]
 [ 0.          0.          0.          1.        ]]"
full_scene,90,155,12,6,30,0.60661161263849,0.9754308576118178,0.001996338057949344,0.0013693853377182734,"[[ 0.0584839   0.71881517 -0.69273688  0.06057574]
 [-0.43508903  0.64290415  0.63037433  0.03781895]
 [ 0.89848604  0.26453546  0.35034814 -0.42998152]
 [ 0.          0.          0.          1.        ]]","[[ 0.49842034  0.81793135 -0.28734209  0.0611547 ]
 [ 0.16522034  0.23575141  0.95766566  0.0392974 ]
 [ 0.85104607 -0.5247948  -0.0176356  -0.42731788]
 [ 0.          0.          0.          1.        ]]"
full_scene,90,156,12,2,28,0.8773338120640132,0.966967583093968,0.0020496737177272068,0.0015983040575629224,"[[ 0.29046989  0.95232599 -0.09328689  0.05860588]
 [-0.08166619  0.1218069   0.98918841  0.04375862]
 [ 0.95339282 -0.27971107  0.11315407 -0.42410198]
 [ 0.          0.          0.          1.        ]]","[[ 0.42098545  0.85702953 -0.29710541  0.06030447]
 [ 0.25746006  0.20117393  0.94511553  0.04191322]
 [ 0.86976179 -0.47437267 -0.13595958 -0.42359997]
 [ 0.          0.          0.          1.        ]]"
full_scene,90,157,12,10,10,0.9076990151826015,0.9619152646696758,0.0017770815377528772,0.0015397675195960802,"[[-0.10840803  0.28419938 -0.95261661  0.06005383]
 [ 0.79457967  0.60063587  0.08876764  0.04093322]
 [ 0.59740342 -0.74730667 -0.2909328  -0.41981669]
 [ 0.          0.          0.          1.        ]]","[[ 0.13763746  0.03658098 -0.98980693  0.06033188]
 [ 0.8999322   0.41280854  0.1403964   0.04344408]
 [ 0.41373659 -0.91008293  0.02389752 -0.42006167]
 [ 0.          0.          0.          1.        ]]"
full_scene,90,158,12,5,20,0.3503539187525646,0.8703323758719738,0.0028479687607901195,0.0017479846603042793,"[[-0.80749673 -0.53980444  0.23782386  0.05809353]
 [ 0.53571005 -0.83986883 -0.08737901  0.0287498 ]
 [ 0.24690843  0.05684637  0.96737    -0.41694441]
 [ 0.          0.          0.          1.        ]]","[[-0.56298513 -0.50872853  0.65133941  0.06281547]
 [-0.12738621 -0.72526923 -0.67657764  0.04379886]
 [ 0.81659078 -0.46387481  0.34351079 -0.41565003]
 [ 0.          0.          0.          1.        ]]"
full_scene,90,159,12,5,30,0.8875923266311038,0.9181370537546163,0.001585785846645036,0.0014458121647419537,"[[ 0.34028055  0.85487842 -0.39165296  0.05870227]
 [ 0.00516713  0.41480231  0.90989689  0.04591121]
 [ 0.94030976 -0.31164394  0.13673188 -0.41258556]
 [ 0.          0.          0.          1.        ]]","[[ 0.46730648  0.53718331 -0.70218142  0.05907769]
 [ 0.38100551  0.59433341  0.70823909  0.04540108]
 [ 0.79778409 -0.5984997   0.07306605 -0.41229286]
 [ 0.          0.          0.          1.        ]]"
full_scene,90,160,12,1,19,0.8636899876897826,0.8592788264259336,0.0018840645819259195,0.0016459892067397447,"[[ 0.43950151  0.86025061  0.25847109  0.06151529]
 [-0.33018361 -0.11288345  0.93714252  0.04927117]
 [ 0.83535454 -0.49721848  0.23442821 -0.40884637]
 [ 0.          0.          0.          1.        ]]","[[ 0.38686272  0.81667722  0.42822371  0.0605415 ]
 [-0.3504969  -0.29930251  0.88745137  0.04849221]
 [ 0.85292975 -0.49341293  0.17045385 -0.4089812 ]
 [ 0.          0.          0.          1.        ]]"
full_scene,90,161,12,1,13,0.7962915469839967,0.8834119819450144,0.0024216802613966047,0.0016865251599084456,"[[ 0.31989938  0.86011265 -0.39732935  0.05927235]
 [ 0.14266421  0.37085591  0.91766705  0.04664497]
 [ 0.93664898 -0.3502458  -0.00407072 -0.40840865]
 [ 0.          0.          0.          1.        ]]","[[ 0.41024155  0.82203352 -0.39492121  0.05874858]
 [ 0.18074266  0.35116269  0.9187039   0.04867145]
 [ 0.89388699 -0.44826962 -0.004515   -0.4053242 ]
 [ 0.          0.          0.          1.        ]]"
full_scene,90,162,12,6,27,0.6918855149774312,0.8876949117767747,0.0026477483528981375,0.001727460142886586,"[[-0.70387005  0.35318802  0.61629958  0.06500522]
 [-0.49056175 -0.86918703 -0.06215367  0.04715348]
 [ 0.51372767 -0.34608111  0.78505525 -0.40148188]
 [ 0.          0.          0.          1.        ]]","[[-0.54369383  0.05162969  0.8376941   0.06050702]
 [-0.5138425  -0.80965199 -0.28360104  0.04798474]
 [ 0.66359846 -0.58463496  0.46673231 -0.40107619]
 [ 0.          0.          0.          1.        ]]"
full_scene,90,165,12,2,17,0.3960043085761182,0.8747435371358228,0.0025828626717798453,0.001714874038568372,"[[ 0.2551202   0.9621748  -0.09556849  0.06239629]
 [ 0.5488432  -0.06273094  0.83356822  0.04205739]
 [ 0.79604323 -0.26511221 -0.54408702 -0.39734234]
 [ 0.          0.          0.          1.        ]]","[[ 0.34902495  0.90177631 -0.25491385  0.05773274]
 [ 0.07044124  0.24600437  0.96670569  0.05174681]
 [ 0.93446221 -0.35536085  0.02233942 -0.39133099]
 [ 0.          0.          0.          1.        ]]"
full_scene,90,169,12,2,20,0.81024312679524,0.9436807550266721,0.002078068526808319,0.0016100100419600603,"[[ 0.29560611  0.95352798 -0.05832164  0.06370839]
 [-0.11516802  0.09617522  0.98867925  0.04009466]
 [ 0.94834243 -0.28554284  0.13824591 -0.41405189]
 [ 0.          0.          0.          1.        ]]","[[ 0.50405982  0.86336159 -0.02303172  0.06289948]
 [-0.02179524  0.03937456  0.99898679  0.04105455]
 [ 0.86339369 -0.50304713  0.03866431 -0.4120204 ]
 [ 0.          0.          0.          1.        ]]"
full_scene,90,172,12,2,23,0.656339762002462,0.9162135822732869,0.0025452971107397487,0.0015487040272936094,"[[ 0.15044595  0.98246675 -0.11011408  0.06525794]
 [-0.00387539  0.11196702  0.99370437  0.03541138]
 [ 0.98861064 -0.14907206  0.02065243 -0.42397353]
 [ 0.          0.          0.          1.        ]]","[[ 0.54480851  0.83184639 -0.10590216  0.06288426]
 [ 0.04237036  0.09882171  0.99420271  0.03675537]
 [ 0.83748937 -0.54613721  0.01859328 -0.42086821]
 [ 0.          0.          0.          1.        ]]"
full_scene,90,173,12,3,30,0.5338274517849816,0.9223430447271235,0.0019114038600192558,0.0015978217523759124,"[[ 0.77521653  0.11002709 -0.62203968  0.06852211]
 [ 0.12609942  0.93794141  0.32305547  0.02859883]
 [ 0.61898164 -0.32887679  0.71323334 -0.42379585]
 [ 0.          0.          0.          1.        ]]","[[ 0.23918778  0.18615875 -0.95296072  0.06291722]
 [ 0.82574967  0.47732158  0.30050223  0.0343688 ]
 [ 0.51080983 -0.85878346 -0.03955104 -0.42360618]
 [ 0.          0.          0.          1.        ]]"
full_scene,90,175,12,7,30,0.8220917111202298,0.98217583093968,0.002056439341106234,0.0013680683100293612,"[[ 0.23716147  0.96182052 -0.13658596  0.0616743 ]
 [-0.2527055   0.1968363   0.94730956  0.02783702]
 [ 0.93802685 -0.1901493   0.28973933 -0.43260988]
 [ 0.          0.          0.          1.        ]]","[[ 0.66522742  0.71943142 -0.19972708  0.06528269]
 [ 0.13970095  0.14284464  0.97983624  0.03080343]
 [ 0.73345492 -0.679716   -0.00548108 -0.43035469]
 [ 0.          0.          0.          1.        ]]"
full_scene,90,176,12,7,30,0.3149107509232663,0.32339967172753387,0.002790470873549795,0.0027103957999691946,"[[ 0.81154733  0.48261102  0.32935927  0.03954106]
 [ 0.57584231 -0.56514737 -0.59077415  0.01962256]
 [-0.09897759  0.66910019 -0.73655168 -0.41121864]
 [ 0.          0.          0.          1.        ]]","[[ 0.72541567  0.65408907  0.21433524  0.03613788]
 [ 0.48870267 -0.27015689 -0.82956914  0.02275928]
 [-0.48470797  0.70652866 -0.51563111 -0.41190346]
 [ 0.          0.          0.          1.        ]]"
full_scene,90,177,12,6,11,0.8260412392285597,0.9469378334017234,0.002608541905295492,0.0015519676803679332,"[[ 0.46732378  0.68110393 -0.56365408  0.07009977]
 [ 0.68752161  0.12083802  0.71603925  0.02645381]
 [ 0.55580799 -0.72214653 -0.41180319 -0.43662143]
 [ 0.          0.          0.          1.        ]]","[[ 0.62512371  0.6496404  -0.43265192  0.06544898]
 [ 0.40159193  0.20760847  0.89197682  0.0246305 ]
 [ 0.66928639 -0.73134538 -0.13110937 -0.43625379]
 [ 0.          0.          0.          1.        ]]"
full_scene,90,178,12,3,27,0.8842326631103816,0.9719686089454247,0.0020227869400843332,0.0014103342806740472,"[[ 0.37083827  0.83748209 -0.40137604  0.06623467]
 [ 0.28870844  0.30681659  0.90692393  0.01886103]
 [ 0.88268138 -0.45220275 -0.12800881 -0.44009727]
 [ 0.          0.          0.          1.        ]]","[[ 0.62064198  0.77272942 -0.1330142   0.0658023 ]
 [ 0.1241098   0.07068802  0.98974742  0.02105126]
 [ 0.77420946 -0.63078717 -0.05203134 -0.4391137 ]
 [ 0.          0.          0.          1.        ]]"
full_scene,90,179,12,2,29,0.8497384078785392,0.9681216659827657,0.0018413735205168185,0.0015125995185576598,"[[ 0.51237247  0.85830959 -0.02791233  0.0670827 ]
 [-0.1492905   0.12103364  0.98135784  0.01624085]
 [ 0.84568717 -0.49865369  0.19015177 -0.44224333]
 [ 0.          0.          0.          1.        ]]","[[ 0.57897123  0.80555115  0.12601452  0.0661353 ]
 [ 0.02176161 -0.16976504  0.98524427  0.01672837]
 [ 0.81505751 -0.56768581 -0.11581916 -0.44164209]
 [ 0.          0.          0.          1.        ]]"
full_scene,90,180,12,3,25,0.9464505539597866,0.9869973327862126,0.0029269658981544776,0.001482338256346339,"[[ 0.54473992  0.78395345  0.29778416  0.06482228]
 [-0.07962056 -0.30514129  0.94897279  0.01392018]
 [ 0.83481674 -0.5406531  -0.10380383 -0.44195271]
 [ 0.          0.          0.          1.        ]]","[[ 0.62373442  0.7595422   0.1845292   0.06712141]
 [ 0.02869484 -0.25817231  0.96567265  0.01167126]
 [ 0.78110946 -0.59702823 -0.1828259  -0.44510099]
 [ 0.          0.          0.          1.        ]]"
full_scene,90,181,12,3,17,0.883822322527698,0.9790469839967173,0.002432936277220137,0.0011119851201117485,"[[ 3.89074852e-01  8.72638160e-01  2.95166734e-01  6.01031777e-02]
 [-3.65052304e-01 -1.48129058e-01  9.19127085e-01  6.09286059e-04]
 [ 8.45788138e-01 -4.65360531e-01  2.60925279e-01 -4.48831903e-01]
 [ 0.00000000e+00  0.00000000e+00  0.00000000e+00  1.00000000e+00]]","[[ 0.66413524  0.72369176  0.18760228  0.06396349]
 [-0.09607208 -0.16624053  0.98139403 -0.00245214]
 [ 0.74141387 -0.6698017  -0.04087962 -0.44972047]
 [ 0.          0.          0.          1.        ]]"
full_scene,90,183,12,4,30,0.5402903159622486,0.7942654903569963,0.002458880313701461,0.0017794871540820606,"[[ 0.39222833 -0.45299572 -0.80059466  0.06185871]
 [-0.12291347  0.83672223 -0.53365549  0.00848343]
 [ 0.91161901  0.30771868  0.27250689 -0.44371549]
 [ 0.          0.          0.          1.        ]]","[[-0.08650082 -0.90692154 -0.41232382  0.06677737]
 [ 0.47735603  0.32554078 -0.81618284  0.0061079 ]
 [ 0.87444201 -0.26742575  0.40476493 -0.44427719]
 [ 0.          0.          0.          1.        ]]"
full_scene,90,184,12,3,30,0.8357355354944604,0.9715069757899056,0.0024069006956863315,0.0015124750077887214,"[[ 0.53098448  0.65215607  0.54106187  0.06787393]
 [-0.03373432 -0.62173567  0.78250032  0.01058392]
 [ 0.8467098  -0.43374788 -0.30813195 -0.44478075]
 [ 0.          0.          0.          1.        ]]","[[ 0.5495479   0.76329031  0.33968368  0.0659996 ]
 [-0.11264746 -0.33517298  0.93539811  0.01272214]
 [ 0.82783311 -0.55231057 -0.0982109  -0.44203006]
 [ 0.          0.          0.          1.        ]]"
full_scene,90,185,12,2,30,0.32193783340172344,0.9916906032006565,0.0028945468289517254,0.0012974327021189288,"[[-0.83512072  0.5444695  -0.07827094  0.07692719]
 [-0.03800836  0.08483567  0.99566976  0.0180141 ]
 [ 0.54875198  0.8344794  -0.05015363 -0.42167835]
 [ 0.          0.          0.          1.        ]]","[[ 0.71273819  0.70125984 -0.01545668  0.065463  ]
 [ 0.00353611  0.01844343  0.99982365  0.01635134]
 [ 0.70142125 -0.71266716  0.0106656  -0.43962765]
 [ 0.          0.          0.          1.        ]]"
full_scene,90,186,12,2,30,0.28854636848584325,0.9409366023799753,0.002929316488874567,0.0015257336761463631,"[[ 2.84990924e-01  3.46546701e-01 -8.93692093e-01  6.32608230e-02]
 [ 4.51706263e-01  7.73783534e-01  4.44095141e-01 -3.20491459e-04]
 [ 8.45423932e-01 -5.30249401e-01  6.39839693e-02 -4.39017689e-01]
 [ 0.00000000e+00  0.00000000e+00  0.00000000e+00  1.00000000e+00]]","[[ 0.48416391  0.20267468 -0.85118052  0.06424525]
 [ 0.75221468  0.40049925  0.52323362  0.0188389 ]
 [ 0.44694337 -0.89360132  0.04145241 -0.43744823]
 [ 0.          0.          0.          1.        ]]"
full_scene,90,187,12,3,30,0.9184961017644645,0.9176754205990972,0.002002520097374293,0.0016187608151060988,"[[ 0.18064973  0.49853006 -0.84784046  0.06296682]
 [ 0.84818855  0.35744949  0.39090414  0.02247784]
 [ 0.4979376  -0.7897453  -0.35827434 -0.43540271]
 [ 0.          0.          0.          1.        ]]","[[ 0.02211625 -0.27923835 -0.95996709  0.06414042]
 [ 0.90634888  0.41085731 -0.09863055  0.02033499]
 [ 0.42195093 -0.86788376  0.26217399 -0.43456977]
 [ 0.          0.          0.          1.        ]]"
full_scene,90,188,12,7,30,0.46022260976610585,0.9249589659417317,0.00300322216359635,0.0017413778447877813,"[[ 0.43061883  0.48396423  0.76180447  0.06810285]
 [ 0.46875795 -0.84122706  0.26944947  0.01775619]
 [ 0.77125444  0.24107189 -0.58911029 -0.43656453]
 [ 0.          0.          0.          1.        ]]","[[ 0.38383738  0.86953891  0.31075867  0.06458428]
 [-0.15946021 -0.26906347  0.94983014  0.02475616]
 [ 0.90952807 -0.41413396  0.03538024 -0.43242376]
 [ 0.          0.          0.          1.        ]]"
full_scene,90,189,12,7,30,0.8148594583504308,0.8962607714402955,0.0022828986045732094,0.0016095014966272625,"[[-0.75368827 -0.62963928 -0.18843665  0.06504647]
 [ 0.51996061 -0.39587271 -0.75691859  0.02199304]
 [ 0.40198876 -0.6684603   0.62575225 -0.43071872]
 [ 0.          0.          0.          1.        ]]","[[-0.26224113 -0.38967165 -0.88282818  0.06358881]
 [ 0.87973111  0.279463   -0.38467337  0.02534401]
 [ 0.39661412 -0.87752859  0.26951959 -0.42911566]
 [ 0.          0.          0.          1.        ]]"
full_scene,90,192,12,5,30,0.29529134181370537,0.9293701272055807,0.002147240547784104,0.0015603291257929384,"[[ 0.57680211  0.38714053 -0.71932019  0.06300931]
 [-0.7911817   0.48390779 -0.373985    0.02878847]
 [ 0.20329989  0.78482831  0.58541753 -0.42363132]
 [ 0.          0.          0.          1.        ]]","[[ 0.67606163  0.72952447 -0.1036085   0.06448801]
 [ 0.03322852  0.11028336  0.99334458  0.03204837]
 [ 0.73609547 -0.67500491  0.05031733 -0.42182074]
 [ 0.          0.          0.          1.        ]]"
full_scene,90,193,12,1,30,0.38654082888797703,0.91572630283135,0.0026228538628368606,0.001668386188128646,"[[ 0.1576293   0.98526085 -0.06643838  0.06657541]
 [-0.03156508  0.07227226  0.99688533  0.02762323]
 [ 0.98699374 -0.15504121  0.04249206 -0.42431548]
 [ 0.          0.          0.          1.        ]]","[[ 0.56910444  0.8208721   0.04784493  0.06377339]
 [-0.07049486 -0.00926442  0.99746912  0.03399364]
 [ 0.81923783 -0.57103692  0.05259484 -0.41942508]
 [ 0.          0.          0.          1.        ]]"
full_scene,90,199,12,3,20,0.6158442757488716,0.9157775954041855,0.0019664240439785903,0.0016287815165259255,"[[ 0.26324463  0.89459844 -0.36110372  0.06236957]
 [-0.3131613   0.43327641  0.84510447  0.02135104]
 [ 0.91248686 -0.10938551  0.39421129 -0.43555545]
 [ 0.          0.          0.          1.        ]]","[[ 0.67192015  0.72323411  0.15954851  0.06370941]
 [-0.06599528 -0.15610012  0.98553406  0.02452111]
 [ 0.73767739 -0.67272964 -0.05715678 -0.43343094]
 [ 0.          0.          0.          1.        ]]"
full_scene,90,200,12,1,30,0.3642542059909725,0.6098430447271235,0.0027617646343382984,0.001786838346397367,"[[-0.65658398 -0.49019693  0.57324031  0.05998966]
 [-0.59572049  0.80317925  0.00449283  0.0256083 ]
 [-0.46261709 -0.33854108 -0.81937498 -0.43600486]
 [ 0.          0.          0.          1.        ]]","[[-0.26274158 -0.13874541  0.95483851  0.06505787]
 [-0.96152272 -0.04466255 -0.27107068  0.01474298]
 [ 0.08025533 -0.98932046 -0.12167215 -0.43715764]
 [ 0.          0.          0.          1.        ]]"
full_scene,90,202,12,5,30,0.7273543290931473,0.9023902338941321,0.0018604744905171336,0.0016789477567082287,"[[ 0.8212065   0.4437622   0.35874085  0.06677383]
 [ 0.10404888 -0.73458167  0.67049504  0.01825638]
 [ 0.56106481 -0.5132883  -0.64941621 -0.44235427]
 [ 0.          0.          0.          1.        ]]","[[ 0.48231492  0.59672256  0.64132246  0.06501317]
 [-0.37219277 -0.52314489  0.76667592  0.01754192]
 [ 0.79299739 -0.60847482 -0.03022477 -0.43897434]
 [ 0.          0.          0.          1.        ]]"
full_scene,90,203,12,4,30,0.6125102585145671,0.9618896183832581,0.0028539331786720983,0.001608873246266071,"[[ 0.92949413  0.32651979  0.17153861  0.06667674]
 [-0.36877604  0.83116552  0.41613474  0.0146946 ]
 [-0.00670075 -0.45005412  0.89297614 -0.43893959]
 [ 0.          0.          0.          1.        ]]","[[ 0.56798255  0.78222315  0.25597418  0.0640212 ]
 [-0.17631558 -0.18814857  0.96618473  0.0145469 ]
 [ 0.80393323 -0.5939083   0.03105302 -0.44113221]
 [ 0.          0.          0.          1.        ]]"
full_scene,90,205,12,1,30,0.179524004924087,0.7968557652851868,0.0029115901300115444,0.0017797398207556108,"[[ 0.07290964  0.46392456 -0.88286929  0.07772797]
 [ 0.93996014  0.26396277  0.21632983 -0.00794848]
 [ 0.33340535 -0.84563447 -0.41682516 -0.42723919]
 [ 0.          0.          0.          1.        ]]","[[ 0.57325668  0.79738907  0.18854033  0.06291306]
 [-0.53599368  0.19089108  0.8223572   0.00658013]
 [ 0.61974797 -0.57247819  0.53682509 -0.44445144]
 [ 0.          0.          0.          1.        ]]"
full_scene,90,206,12,7,30,0.9816629052113254,0.7866485432909315,0.0020444916142595745,0.0015306742572315606,"[[-0.68842034 -0.55666078 -0.4649798   0.0607921 ]
 [ 0.62988636 -0.1409882  -0.76378367  0.00492128]
 [ 0.35961175 -0.81868865  0.44769218 -0.44582116]
 [ 0.          0.          0.          1.        ]]","[[-0.29646826 -0.93507013 -0.1942947   0.06556421]
 [ 0.39617907  0.06469913 -0.91589092  0.00203873]
 [ 0.86899293 -0.34850808  0.35127397 -0.44685315]
 [ 0.          0.          0.          1.        ]]"
full_scene,90,207,12,4,19,0.7647722609766106,0.9967685679113665,0.0020857587199890983,0.0015664566628272997,"[[ 7.73225204e-01  3.99999199e-01  4.92060388e-01  6.45819661e-02]
 [ 2.30551202e-01 -9.00184763e-01  3.69477381e-01  8.84973694e-04]
 [ 5.90735920e-01 -1.72244110e-01 -7.88265843e-01 -4.51897415e-01]
 [ 0.00000000e+00  0.00000000e+00  0.00000000e+00  1.00000000e+00]]","[[ 0.55717463  0.75658959  0.34224061  0.0636688 ]
 [-0.01944877 -0.40013893  0.9162481   0.00154562]
 [ 0.83016756 -0.51716635 -0.20823252 -0.44893168]
 [ 0.          0.          0.          1.        ]]"
full_scene,90,208,12,4,7,0.998025235945835,0.9892798522773902,0.0017111974946582295,0.0011817510136365689,"[[ 5.16293240e-01  8.16025123e-01  2.59892841e-01  6.24814684e-02]
 [-1.63008158e-01 -2.04283052e-01  9.65244412e-01 -6.30093665e-04]
 [ 8.40755393e-01 -5.40713818e-01  2.75487929e-02 -4.49816915e-01]
 [ 0.00000000e+00  0.00000000e+00  0.00000000e+00  1.00000000e+00]]","[[ 0.62967619  0.73179864  0.26072715  0.06311682]
 [-0.10420538 -0.2530207   0.9618325  -0.00243551]
 [ 0.76983708 -0.6328122  -0.08306375 -0.45064499]
 [ 0.          0.          0.          1.        ]]"
full_scene,90,209,12,8,30,0.9031339762002462,0.9829965121050472,0.002331805500758323,0.0012376579921603353,"[[ 0.29085687  0.94473974  0.15122533  0.05916302]
 [-0.24458973 -0.07938613  0.96637141 -0.00432477]
 [ 0.92497467 -0.31806393  0.20798364 -0.45173487]
 [ 0.          0.          0.          1.        ]]","[[ 0.64154757  0.7017605   0.30975622  0.06152348]
 [-0.16664321 -0.26666347  0.94927374 -0.00722011]
 [ 0.74876348 -0.66062303 -0.05413368 -0.45153515]
 [ 0.          0.          0.          1.        ]]"
full_scene,90,210,12,2,25,0.9272927780057447,0.9547086581862946,0.002249394874798914,0.0014418174973794406,"[[ 0.3700304   0.71229621  0.59641564  0.05950469]
 [-0.37809969 -0.47094352  0.79702749 -0.01150004]
 [ 0.84859774 -0.52042897  0.09505556 -0.45180964]
 [ 0.          0.          0.          1.        ]]","[[ 0.80430834  0.55739354  0.2059139   0.06094008]
 [-0.07670788 -0.24623701  0.96616936 -0.01411641]
 [ 0.58924019 -0.79289329 -0.155294   -0.45405042]
 [ 0.          0.          0.          1.        ]]"
full_scene,90,212,12,7,30,0.5975584735330324,0.91516208453016,0.0025938441379249025,0.00162862838994824,"[[-0.85955552  0.47752091  0.18203868  0.05642648]
 [-0.33226316 -0.2515519  -0.90902301 -0.01993146]
 [-0.38828532 -0.8418405   0.37488543 -0.45668694]
 [ 0.          0.          0.          1.        ]]","[[-0.86898077 -0.49470643  0.01174633  0.05287904]
 [ 0.11604388 -0.22679845 -0.96700377 -0.02002417]
 [ 0.48104703 -0.83894458  0.25449114 -0.45651686]
 [ 0.          0.          0.          1.        ]]"
full_scene,90,215,12,1,30,0.22299446040213378,0.3416598276569553,0.0023358352601120895,0.002697285419718058,"[[ 0.32821226 -0.78933877 -0.51886512  0.04938812]
 [ 0.0970774  -0.51819913  0.84973269 -0.01393608]
 [-0.93960241 -0.32926276 -0.09345235 -0.41671653]
 [ 0.          0.          0.          1.        ]]","[[ 0.26468198 -0.29940261 -0.91667962  0.03384308]
 [-0.63268717 -0.77130596  0.06923916  0.00150465]
 [-0.72777084  0.56164508 -0.39357898 -0.42798508]
 [ 0.          0.          0.          1.        ]]"
full_scene,90,216,12,6,30,0.2386643414033648,0.3291444398851046,0.0028618062696802262,0.0027829068588194053,"[[ 0.15911462 -0.93627958 -0.31315025  0.03898891]
 [ 0.5038537  -0.19576114  0.84131387  0.00791342]
 [-0.84900765 -0.29164725  0.44059947 -0.42210127]
 [ 0.          0.          0.          1.        ]]","[[-0.38535039 -0.7371471  -0.55508489  0.03610248]
 [-0.21591387 -0.51281485  0.8309044   0.00516989]
 [-0.89715455  0.44003986  0.03845312 -0.42542486]
 [ 0.          0.          0.          1.        ]]"
full_scene,90,218,12,7,30,0.5403672548215018,0.9541957324579401,0.001963253112610205,0.00145471725717618,"[[ 0.48297164  0.70872127 -0.51424951  0.05778725]
 [-0.53873274  0.70348279  0.46355043  0.00270767]
 [ 0.69029373  0.05316133  0.72157359 -0.45216866]
 [ 0.          0.          0.          1.        ]]","[[ 0.63533074  0.6549204   0.40918714  0.06005629]
 [-0.34229489 -0.23614757  0.90943309  0.00519233]
 [ 0.69223483 -0.71785346  0.0741441  -0.45056049]
 [ 0.          0.          0.          1.        ]]"
full_scene,90,221,12,2,30,0.23486869101354124,0.9180088223225277,0.003071684807895984,0.0017609336722344642,"[[ 0.48489871  0.21108255  0.84871514  0.04418668]
 [-0.85179247  0.33402155  0.40358294  0.02087608]
 [-0.19829983 -0.91862602  0.34176515 -0.43361154]
 [ 0.          0.          0.          1.        ]]","[[ 0.45553887  0.28271918  0.84412926  0.0624673 ]
 [-0.65306129 -0.5382693   0.53270734  0.01302868]
 [ 0.60497545 -0.79393704 -0.06056964 -0.44687688]
 [ 0.          0.          0.          1.        ]]"
full_scene,90,222,12,4,30,0.6291034058268363,0.9046471070988921,0.0022392189589638717,0.0016345778680077006,"[[ 0.80040959 -0.46506003 -0.37823757  0.06248321]
 [ 0.43699739  0.88459053 -0.16288916  0.01775607]
 [ 0.41033861 -0.03491079  0.91126476 -0.44570356]
 [ 0.          0.          0.          1.        ]]","[[ 0.5274642  -0.05695306 -0.84766613  0.05951104]
 [ 0.67477309  0.63431411  0.37726236  0.01636065]
 [ 0.51620034 -0.77097468  0.37300838 -0.44431747]
 [ 0.          0.          0.          1.        ]]"
full_scene,90,223,12,4,30,0.22748256052523594,0.8850276979893311,0.0028880904716381203,0.0017597671606397304,"[[ 0.27412805  0.30158549  0.91318126  0.04579326]
 [-0.92816036  0.33152972  0.16913426  0.0258797 ]
 [-0.25173829 -0.89394309  0.37080129 -0.4272621 ]
 [ 0.          0.          0.          1.        ]]","[[ 0.08252417  0.05724749  0.99494346  0.06180275]
 [-0.65817802 -0.74651635  0.09754502  0.01760047]
 [ 0.74832577 -0.66289974 -0.0239266  -0.44355183]
 [ 0.          0.          0.          1.        ]]"
full_scene,90,225,12,4,30,0.731893721789085,0.8779749692244563,0.0024542385850503563,0.0017058028092185721,"[[ 0.85860519  0.10010238 -0.50276897  0.06117791]
 [ 0.32942555  0.64370516  0.69074052  0.02858259]
 [ 0.39277975 -0.75869834  0.51971232 -0.4379634 ]
 [ 0.          0.          0.          1.        ]]","[[ 0.8994272   0.2864868  -0.33008487  0.06075097]
 [ 0.15119697  0.5046493   0.8499815   0.02303382]
 [ 0.41008558 -0.81440432  0.41057938 -0.43987286]
 [ 0.          0.          0.          1.        ]]"
full_scene,90,226,12,3,30,0.4738920804267542,0.8117562576938859,0.002149011830092049,0.001840700684733225,"[[-0.06788384 -0.98077226 -0.18296873  0.05669601]
 [-0.8656029   0.14908995 -0.47802072  0.01485549]
 [ 0.49610826  0.12592838 -0.85908011 -0.45874729]
 [ 0.          0.          0.          1.        ]]","[[-0.01840163 -0.77516241 -0.63149396  0.05621216]
 [ 0.44826244  0.55816897 -0.69821786  0.01519462]
 [ 0.89371257 -0.29592337  0.33720498 -0.45387073]
 [ 0.          0.          0.          1.        ]]"
full_scene,90,228,12,2,30,0.3786417726713172,0.8653057037340993,0.002633961518136158,0.0018492028094234132,"[[ 1.31730089e-01 -8.33144774e-01  5.37137756e-01  6.25644544e-02]
 [-6.62736228e-01 -4.76977207e-01 -5.77298395e-01 -1.50812530e-04]
 [ 7.37175607e-01 -2.79933081e-01 -6.14987475e-01 -4.62946022e-01]
 [ 0.00000000e+00  0.00000000e+00  0.00000000e+00  1.00000000e+00]]","[[-0.31326354 -0.94947929  0.01884228  0.05756825]
 [ 0.17823807 -0.07827165 -0.98086938  0.01114217]
 [ 0.93278998 -0.3039122   0.19375301 -0.45603988]
 [ 0.          0.          0.          1.        ]]"
full_scene,90,230,12,3,30,0.8407109150594994,0.8686397209684038,0.00248482317679382,0.0014635322526111603,"[[-0.44327304 -0.83487679  0.32632768  0.05587831]
 [ 0.21108816 -0.45103241 -0.867186    0.00165215]
 [ 0.87117782 -0.31551627  0.37616311 -0.45958209]
 [ 0.          0.          0.          1.        ]]","[[-0.27366868 -0.91539716 -0.29521772  0.0558957 ]
 [ 0.35085027  0.19077689 -0.91679238  0.00371302]
 [ 0.89554985 -0.35447458  0.26895767 -0.45792005]
 [ 0.          0.          0.          1.        ]]"
full_scene,90,231,12,4,30,0.64451682396389,0.9215736561345917,0.0024891004103198807,0.0017601451930861925,"[[ 0.13258217 -0.93313142 -0.33419713  0.05371635]
 [ 0.97609727  0.18150177 -0.11954595  0.00495286]
 [ 0.17220945 -0.31035924  0.93489093 -0.46010914]
 [ 0.          0.          0.          1.        ]]","[[-0.15301485 -0.72249068 -0.67423562  0.05489332]
 [ 0.70554367  0.39785326 -0.5864477   0.00348092]
 [ 0.69194984 -0.56543789  0.44887127 -0.45848973]
 [ 0.          0.          0.          1.        ]]"
full_scene,90,233,12,2,30,0.5843249897414854,0.8355047189167009,0.002978463704833826,0.001570399684534907,"[[ 0.962117   -0.04688286 -0.26857564  0.06076137]
 [ 0.18521414  0.83528414  0.51768343 -0.00927523]
 [ 0.20006649 -0.54781604  0.81232444 -0.45929868]
 [ 0.          0.          0.          1.        ]]","[[ 0.87935346  0.17430057 -0.44312167  0.05524242]
 [ 0.29738422  0.52576517  0.7969527  -0.00368438]
 [ 0.37188725 -0.8325805   0.41049918 -0.45971467]
 [ 0.          0.          0.          1.        ]]"
full_scene,90,234,12,6,30,0.8504565038982356,0.8731791136643414,0.0019513816791928767,0.001546075787943449,"[[ 0.08343392  0.01594722 -0.9963857   0.05419086]
 [ 0.87992874  0.46811977  0.0811745  -0.00689186]
 [ 0.46772235 -0.88352112  0.02502465 -0.46043508]
 [ 0.          0.          0.          1.        ]]","[[ 0.65446638 -0.11484507 -0.74731812  0.05416579]
 [ 0.59207311  0.69256013  0.41207997 -0.00647455]
 [ 0.47023738 -0.71215945  0.52125399 -0.46081906]
 [ 0.          0.          0.          1.        ]]"
full_scene,90,236,12,5,30,0.5869409109560936,0.8467634386540829,0.0024477182716291282,0.0016308841226451293,"[[-0.30933205  0.66768103 -0.67713789  0.04677559]
 [ 0.82279114  0.54493     0.16144977 -0.01035287]
 [ 0.4767897  -0.50720147 -0.71792635 -0.4650186 ]
 [ 0.          0.          0.          1.        ]]","[[ 0.75652163  0.04456653 -0.65244834  0.05271186]
 [ 0.47573565  0.64705122  0.59581903 -0.0134937 ]
 [ 0.44872109 -0.76114292  0.46830636 -0.4611542 ]
 [ 0.          0.          0.          1.        ]]"
full_scene,90,237,12,13,14,0.810525235945835,0.8950297496922446,0.0017403718496691667,0.0015547598360704685,"[[ 0.05970133 -0.98581147 -0.15688053  0.05472987]
 [ 0.60742214  0.16059195 -0.77797723 -0.01797473]
 [ 0.79213262 -0.04884643  0.60839127 -0.46327652]
 [ 0.          0.          0.          1.        ]]","[[-0.20160989 -0.95378409 -0.22282139  0.05380379]
 [ 0.39865312  0.12789137 -0.90814068 -0.01838576]
 [ 0.89466706 -0.27191858  0.35444484 -0.46184408]
 [ 0.          0.          0.          1.        ]]"
full_scene,90,238,12,4,30,0.4952810832991383,0.4217275338530981,0.0028958582137061043,0.002483660272095448,"[[-0.62220795 -0.45348004 -0.63813253  0.05240131]
 [-0.75282182  0.12299415  0.64663108 -0.01543304]
 [-0.21474772  0.88273909 -0.4179176  -0.44686059]
 [ 0.          0.          0.          1.        ]]","[[-0.72306398 -0.48256764  0.49427417  0.05195075]
 [ 0.56860531 -0.00946985  0.82255597 -0.02096897]
 [-0.39225819  0.87580751  0.28123783 -0.45623784]
 [ 0.          0.          0.          1.        ]]"
full_scene,90,239,12,4,16,0.9897158391464916,0.9904339351661879,0.001845277077165074,0.0013361564165348682,"[[ 0.60595606  0.70448213  0.36948907  0.04933356]
 [-0.23545557 -0.28482979  0.92921078 -0.02307546]
 [ 0.75985388 -0.65005916 -0.00672009 -0.46020164]
 [ 0.          0.          0.          1.        ]]","[[ 0.59607068  0.47992911  0.64371406  0.04977498]
 [-0.37345016 -0.54400142  0.75139699 -0.02329985]
 [ 0.71079865 -0.68828083 -0.14503369 -0.46200307]
 [ 0.          0.          0.          1.        ]]"
full_scene,90,240,12,14,28,0.9884335248256052,0.9920752974969225,0.0016297389290706172,0.0014582841178466168,"[[ 0.52317307  0.46340105  0.71522682  0.04804178]
 [-0.35097725 -0.64761103  0.67632457 -0.02812301]
 [ 0.77659829 -0.60486314 -0.17616943 -0.46325798]
 [ 0.          0.          0.          1.        ]]","[[ 0.61675921  0.47264263  0.62945772  0.04787982]
 [-0.34154563 -0.5597799   0.75497884 -0.02920261]
 [ 0.70919297 -0.68062868 -0.18382038 -0.46307601]
 [ 0.          0.          0.          1.        ]]"
full_scene,90,241,12,19,29,0.9846891670086172,0.971276159212146,0.0023456212819204453,0.0012362409615468228,"[[ 0.38155577  0.11325771  0.91738099  0.04723209]
 [-0.47180718 -0.82958136  0.29865154 -0.03520456]
 [ 0.79486676 -0.54677916 -0.26309576 -0.46934404]
 [ 0.          0.          0.          1.        ]]","[[ 0.48349036  0.41642902  0.76995061  0.04320125]
 [-0.50842642 -0.58241581  0.63426681 -0.03717295]
 [ 0.71255852 -0.69812513 -0.06986892 -0.46832698]
 [ 0.          0.          0.          1.        ]]"
full_scene,90,242,12,7,16,0.8148338120640132,0.9913059089043906,0.002720540663360984,0.0014455339425917088,"[[ 0.52853259  0.30249706  0.79318902  0.03862287]
 [-0.35456255 -0.77029744  0.53002571 -0.03215721]
 [ 0.77132269 -0.56137099 -0.29987317 -0.47076699]
 [ 0.          0.          0.          1.        ]]","[[ 0.34832412  0.35970317  0.86561189  0.04377137]
 [-0.46674235 -0.73427365  0.49294399 -0.03158899]
 [ 0.81290952 -0.57572201 -0.08787652 -0.46832303]
 [ 0.          0.          0.          1.        ]]"
full_scene,90,244,12,8,30,0.7427164546573656,0.9421419778416086,0.0024813115171819023,0.0015791612822030658,"[[ 0.02272974 -0.92611767 -0.37654936  0.04244661]
 [ 0.57224722  0.32089423 -0.754692   -0.02404312]
 [ 0.81976611 -0.19832537  0.5372621  -0.47006909]
 [ 0.          0.          0.          1.        ]]","[[-0.47066428 -0.88057723 -0.05530718  0.04466812]
 [ 0.42507618 -0.17137845 -0.8887855  -0.02389183]
 [ 0.77316582 -0.44182935  0.45497412 -0.46788256]
 [ 0.          0.          0.          1.        ]]"
full_scene,90,245,12,4,30,0.3517644645055396,0.8595865818629462,0.00297635303317896,0.001737762132527966,"[[ 0.80229128 -0.26815714  0.53331084  0.03764914]
 [ 0.38999961  0.91184577 -0.12820917 -0.01135204]
 [-0.45191703  0.31085212  0.83614709 -0.46280097]
 [ 0.          0.          0.          1.        ]]","[[ 0.14545084 -0.53663242 -0.83118572  0.04571104]
 [ 0.42171227  0.79360659 -0.43857422 -0.02046672]
 [ 0.89498761 -0.28673023  0.34173522 -0.46862511]
 [ 0.          0.          0.          1.        ]]"
full_scene,90,247,12,1,30,0.8992357406647518,0.9340633976200247,0.0020911561022418316,0.001775124901963294,"[[ 0.60223164  0.31650672 -0.73289873  0.04669734]
 [ 0.66555878  0.30790933  0.6798701  -0.00829852]
 [ 0.44084982 -0.89722647 -0.02522109 -0.46940816]
 [ 0.          0.          0.          1.        ]]","[[ 0.86142048  0.11463465 -0.49478647  0.0481244 ]
 [ 0.37759215  0.50698718  0.77484719 -0.0110944 ]
 [ 0.33967473 -0.85429673  0.393444   -0.46877687]
 [ 0.          0.          0.          1.        ]]"
full_scene,90,249,12,6,28,0.7419983586376693,0.9081862946245384,0.0025597605225496133,0.0016496712980075745,"[[ 0.80877238 -0.18880273 -0.55699261  0.04807597]
 [ 0.43197571  0.83339342  0.34474976 -0.01041597]
 [ 0.39910428 -0.51943136  0.75558377 -0.46870485]
 [ 0.          0.          0.          1.        ]]","[[ 0.81804426  0.09683833 -0.56694437  0.04900361]
 [ 0.41848975  0.57597958  0.70222065 -0.00492597]
 [ 0.39455026 -0.81170799  0.43065094 -0.46795473]
 [ 0.          0.          0.          1.        ]]"
full_scene,90,250,12,8,28,0.8881052523594584,0.9326784981534674,0.002140349067471483,0.0016373433902577175,"[[ 0.92988133  0.16062716 -0.33093751  0.05167342]
 [ 0.29468777  0.2132007   0.93150662  0.00144502]
 [ 0.22018137 -0.96371385  0.15091649 -0.46952018]
 [ 0.          0.          0.          1.        ]]","[[ 0.77804168  0.23912704 -0.58092117  0.04850797]
 [ 0.42670647  0.47750571  0.76805591 -0.00179509]
 [ 0.46105611 -0.84546233  0.26948229 -0.46839574]
 [ 0.          0.          0.          1.        ]]"
full_scene,90,251,12,5,30,0.31273081657775953,0.9326015592942142,0.0029712713048114995,0.0016109902769971076,"[[ 0.92983347  0.1574303   0.33260399  0.04534783]
 [-0.15027941  0.98751181 -0.04729184 -0.00918174]
 [-0.33589554 -0.00600999  0.94188007 -0.4763695 ]
 [ 0.          0.          0.          1.        ]]","[[ 0.54971628  0.28040196  0.78688421  0.05011568]
 [-0.68932828 -0.37980711  0.61690606  0.00179205]
 [ 0.47184588 -0.88154484 -0.01549714 -0.46850245]
 [ 0.          0.          0.          1.        ]]"
full_scene,90,253,12,18,30,0.6905262617972917,0.8399158801805499,0.0028417194334355903,0.0018235080001315293,"[[ 0.42756585 -0.259691   -0.86587992  0.04487815]
 [ 0.63370903  0.76918864  0.08222962  0.00576477]
 [ 0.6446707  -0.5838745   0.49344732 -0.46277894]
 [ 0.          0.          0.          1.        ]]","[[ 0.87401104  0.10789436 -0.4737758   0.04969192]
 [ 0.31747044  0.61135169  0.72488733  0.00659096]
 [ 0.36785489 -0.78396934  0.50007485 -0.46691699]
 [ 0.          0.          0.          1.        ]]"
full_scene,90,254,12,7,30,0.5486510053344276,0.799548625359048,0.001906061420447641,0.0019239479854849667,"[[-0.08269344 -0.15602364 -0.98428574  0.04617781]
 [ 0.21307559  0.9620613  -0.170402    0.00603141]
 [ 0.97352996 -0.22381839 -0.04631133 -0.46923368]
 [ 0.          0.          0.          1.        ]]","[[ 0.56620714 -0.21367694 -0.7960852   0.04920465]
 [ 0.61089018  0.75718927  0.23125225  0.00953548]
 [ 0.55337389 -0.6172573   0.55925911 -0.46596508]
 [ 0.          0.          0.          1.        ]]"
full_scene,91,0,12,6,18,0.7854175215428806,0.9833042675420599,0.0022450374209270546,0.0014880752559487587,"[[ 0.31786994  0.72955357 -0.60556609  0.15387369]
 [-0.06030887  0.65295671  0.75499031  0.03388837]
 [ 0.94621432 -0.20346772  0.25155386 -0.46156572]
 [ 0.          0.          0.          1.        ]]","[[ 0.70822093  0.66907726 -0.22529702  0.15793264]
 [ 0.18785364  0.1290234   0.97368577  0.03408671]
 [ 0.68053959 -0.7319075  -0.03431153 -0.46025928]
 [ 0.          0.          0.          1.        ]]"
full_scene,91,64,12,5,30,0.5138233483791547,0.5928908494050061,0.002209323696633238,0.001750004822632878,"[[ 0.74051277  0.47613529  0.4742742   0.0847845 ]
 [-0.57270275  0.07782965  0.81606011  0.14363444]
 [ 0.35164243 -0.87592108  0.33031784 -0.39814604]
 [ 0.          0.          0.          1.        ]]","[[-0.51672614  0.36371085  0.77505388  0.08138546]
 [-0.79265151 -0.54537193 -0.27253081  0.1429278 ]
 [ 0.32357021 -0.75517142  0.57010389 -0.39562578]
 [ 0.          0.          0.          1.        ]]"
full_scene,91,65,12,6,30,0.6177164546573656,0.5559858432498974,0.002308754417846621,0.0017719311595045513,"[[-0.31680906 -0.72563202 -0.61081109  0.08354113]
 [-0.6142411   0.64766252 -0.45082273  0.13852232]
 [ 0.72273086  0.23236055 -0.65089836 -0.39001763]
 [ 0.          0.          0.          1.        ]]","[[-0.7167676  -0.63263815  0.29328004  0.08620791]
 [-0.18678915 -0.23102304 -0.95484982  0.14070439]
 [ 0.67182887 -0.73918694  0.04741988 -0.38846573]
 [ 0.          0.          0.          1.        ]]"
full_scene,91,77,12,6,25,0.8259899466557242,0.8691270004103406,0.0021132251786294544,0.0015755629658583074,"[[ 0.60980319  0.66402413  0.43268004  0.118727  ]
 [-0.11923927 -0.46285173  0.87837934  0.10760732]
 [ 0.78353179 -0.58723098 -0.20307071 -0.34263576]
 [ 0.          0.          0.          1.        ]]","[[ 0.1149701   0.98136043  0.15399215  0.11733907]
 [-0.45434302 -0.08590638  0.88667498  0.10544741]
 [ 0.88337664 -0.17190637  0.4359976  -0.34294658]
 [ 0.          0.          0.          1.        ]]"
full_scene,91,79,12,11,30,0.9196501846532622,0.926702913418137,0.0018408791905657955,0.0018789257319229884,"[[-0.13947327  0.15653534 -0.97777497  0.1155408 ]
 [ 0.48357913  0.87244127  0.07069267  0.10842495]
 [ 0.86411714 -0.46297183 -0.19737946 -0.35474673]
 [ 0.          0.          0.          1.        ]]","[[-0.28166833  0.27108694 -0.920421    0.11564865]
 [ 0.64529495  0.76344274  0.027379    0.10885341]
 [ 0.71011082 -0.58623123 -0.38996867 -0.35545077]
 [ 0.          0.          0.          1.        ]]"
full_scene,91,81,12,7,30,0.8663828477636438,0.9250359048009849,0.0027817878085374032,0.0018988353216489516,"[[-0.80406433 -0.04133828  0.59310344  0.11501144]
 [-0.57596471 -0.19326736 -0.79429993  0.10807877]
 [ 0.14746253 -0.9802749   0.13159    -0.36333461]
 [ 0.          0.          0.          1.        ]]","[[-0.72920563 -0.13805045  0.67022476  0.11821112]
 [-0.25627813 -0.8530613  -0.45454147  0.11402799]
 [ 0.63449245 -0.50321814  0.58667779 -0.36463369]
 [ 0.          0.          0.          1.        ]]"
full_scene,91,82,12,2,30,0.7533083709478867,0.8765900697578991,0.00238358654308835,0.0017269428406957007,"[[ 0.60742689  0.60646937  0.51305699  0.12133411]
 [-0.72314894  0.15485929  0.67310787  0.11793195]
 [ 0.32876767 -0.77988044  0.53263338 -0.37067256]
 [ 0.          0.          0.          1.        ]]","[[-0.01556712  0.96161241  0.27396939  0.1145222 ]
 [-0.56598456 -0.23435375  0.79040483  0.11693226]
 [ 0.82426885 -0.14275812  0.54790599 -0.37157715]
 [ 0.          0.          0.          1.        ]]"
full_scene,91,83,12,5,21,0.45829913828477636,0.8739741485432909,0.0026275064996180066,0.0015835024880995086,"[[-0.39942053  0.89179834 -0.21250636  0.11961361]
 [-0.88614754 -0.31615627  0.33880342  0.12272602]
 [ 0.23495911  0.32363703  0.91654421 -0.37367588]
 [ 0.          0.          0.          1.        ]]","[[-0.05895891  0.88876374  0.45455787  0.11444266]
 [-0.6549211  -0.37809361  0.65431152  0.1186382 ]
 [ 0.75339379 -0.25912205  0.60436212 -0.37750048]
 [ 0.          0.          0.          1.        ]]"
full_scene,91,85,12,6,30,0.7183268362741075,0.8362741075092327,0.0019597081190616196,0.0014865044529501522,"[[-0.31849009 -0.9373268  -0.14135957  0.11234833]
 [ 0.16324932  0.09266079 -0.98222382  0.11988271]
 [ 0.9337632  -0.33590541  0.12350642 -0.39099835]
 [ 0.          0.          0.          1.        ]]","[[-0.71243444 -0.67265766 -0.19992208  0.11317999]
 [ 0.16169292  0.11987482 -0.97953327  0.11959612]
 [ 0.68285618 -0.73017922  0.02336103 -0.38915648]
 [ 0.          0.          0.          1.        ]]"
full_scene,91,86,12,4,30,0.8986202297907263,0.9403723840787854,0.0021663779517743496,0.0018926245362756017,"[[ 0.43342601  0.88113515  0.18905749  0.10895702]
 [-0.07017408 -0.17615059  0.98185873  0.12836827]
 [ 0.89845283 -0.43883005 -0.0145154  -0.39532075]
 [ 0.          0.          0.          1.        ]]","[[-0.09682803  0.76349608  0.63851239  0.11041031]
 [-0.61654234 -0.5496312   0.56372075  0.12483017]
 [ 0.78134491 -0.33908595  0.52394737 -0.39503837]
 [ 0.          0.          0.          1.        ]]"
full_scene,91,88,12,5,30,0.786597250718096,0.8743331965531391,0.002198477040971423,0.0017112760594945162,"[[-0.40003799 -0.34459541 -0.84924885  0.09999817]
 [ 0.1949103   0.87343856 -0.44622309  0.12745802]
 [ 0.89553313 -0.34403354 -0.28224342 -0.40997408]
 [ 0.          0.          0.          1.        ]]","[[-0.08372658  0.07622289 -0.99356929  0.10230253]
 [ 0.70676053  0.70743311 -0.00528604  0.13041778]
 [ 0.7024809  -0.70265814 -0.11310229 -0.40795618]
 [ 0.          0.          0.          1.        ]]"
full_scene,91,89,12,8,30,0.9320629872794419,0.9192141977841608,0.0019014779214371618,0.001618842534425207,"[[ 0.85901402  0.45217153 -0.24007462  0.10126947]
 [ 0.02435403  0.43231634  0.90139307  0.13559434]
 [ 0.51137246 -0.78015607  0.36035359 -0.41327728]
 [ 0.          0.          0.          1.        ]]","[[ 0.72798338  0.25240737 -0.63744076  0.09910159]
 [ 0.12068641  0.86806563  0.48155669  0.13253114]
 [ 0.67488887 -0.42749571  0.60147521 -0.41395096]
 [ 0.          0.          0.          1.        ]]"
full_scene,91,90,12,5,30,0.9340633976200247,0.9385258514567091,0.002198635907735688,0.0017970118864867341,"[[ 0.48266623  0.62166466  0.61690061  0.09042504]
 [-0.75894759 -0.05462962  0.64885604  0.1358495 ]
 [ 0.43707192 -0.78137613  0.44544302 -0.4192048 ]
 [ 0.          0.          0.          1.        ]]","[[-0.03963395  0.19862191  0.97927447  0.09249269]
 [-0.99598599 -0.08656942 -0.02275182  0.13498031]
 [ 0.08025621 -0.9762454   0.20125572 -0.42170274]
 [ 0.          0.          0.          1.        ]]"
full_scene,91,91,12,3,30,0.32609253180139514,0.3406596224866639,0.0027752570560977486,0.002723732664861717,"[[-0.14874365 -0.45803281  0.87640246  0.11373485]
 [ 0.97802778  0.06277409  0.1987991   0.10242972]
 [-0.14607187  0.88671605  0.43863157 -0.39173383]
 [ 0.          0.          0.          1.        ]]","[[-0.65696637 -0.73099856  0.18448927  0.1083324 ]
 [ 0.46590565 -0.2012599   0.86164168  0.08841371]
 [-0.59272853  0.6520242   0.47279734 -0.40154396]
 [ 0.          0.          0.          1.        ]]"
full_scene,91,94,12,7,20,0.5889413212966762,0.9709684037751334,0.0027009005843803124,0.0017441270344514797,"[[ 0.75287166  0.31481504 -0.57799287  0.1226926 ]
 [ 0.25471131  0.67039207  0.69691938  0.09931147]
 [ 0.60688253 -0.67191217  0.42453224 -0.41016469]
 [ 0.          0.          0.          1.        ]]","[[ 0.25057882  0.83250488 -0.4941112   0.12999948]
 [ 0.40573803  0.37309484  0.83437216  0.10191779]
 [ 0.87896923 -0.40955569 -0.24428923 -0.41055295]
 [ 0.          0.          0.          1.        ]]"
full_scene,91,95,12,2,30,0.3192193270414444,0.9415521132540008,0.0030208238697281256,0.0015597091272132834,"[[ 0.47399023  0.82465542 -0.30866924  0.12937641]
 [ 0.67940497 -0.11952399  0.72396333  0.08235311]
 [ 0.5601269  -0.55286296 -0.6169282  -0.40812459]
 [ 0.          0.          0.          1.        ]]","[[ 0.54728483  0.65815912 -0.51701633  0.13207639]
 [ 0.04185128  0.59544768  0.80230327  0.09855948]
 [ 0.83589939 -0.4607262   0.29833468 -0.40388702]
 [ 0.          0.          0.          1.        ]]"
full_scene,91,96,12,2,30,0.2343557652851867,0.9569911776774723,0.0027601260091312863,0.0016139763612107313,"[[-0.62631633  0.6912123  -0.36049051  0.1476388 ]
 [ 0.17090831  0.57292038  0.80159378  0.09227629]
 [ 0.76060384  0.44044045 -0.47696332 -0.40570395]
 [ 0.          0.          0.          1.        ]]","[[ 0.35943212  0.77544768 -0.51912373  0.13185101]
 [ 0.24700747  0.4573983   0.85426817  0.098331  ]
 [ 0.89988658 -0.43527886 -0.02713773 -0.39913887]
 [ 0.          0.          0.          1.        ]]"
full_scene,91,98,12,3,30,0.5507796471070989,0.8103713582273286,0.0026699008862565675,0.0018035049057176485,"[[ 0.36140571 -0.60968838 -0.70545446  0.13230424]
 [ 0.80042905  0.59091877 -0.10063964  0.09138168]
 [ 0.4782251  -0.52829451  0.70157371 -0.38875348]
 [ 0.          0.          0.          1.        ]]","[[ 0.44248338  0.31864379 -0.83825688  0.13473476]
 [ 0.36639319  0.78893126  0.49329859  0.09354285]
 [ 0.81851359 -0.52540804  0.23234005 -0.3871913 ]
 [ 0.          0.          0.          1.        ]]"
full_scene,91,105,12,1,30,0.14315757078375052,0.9726097661058679,0.00287744290362221,0.0019438209156413975,"[[ 0.86893204 -0.48038894  0.11909482  0.13211187]
 [ 0.26220856  0.65090781  0.71243645  0.08002557]
 [-0.41976634 -0.58783118  0.69155674 -0.32060939]
 [ 0.          0.          0.          1.        ]]","[[ 0.16990181  0.96866908 -0.18114522  0.13542882]
 [ 0.02774471  0.17904296  0.98344997  0.08530189]
 [ 0.98507036 -0.17211575  0.00354428 -0.35379928]
 [ 0.          0.          0.          1.        ]]"
full_scene,91,109,12,9,30,0.5378539187525646,0.9066731637258925,0.0017185561388978927,0.001926490750690874,"[[-0.3803225  -0.15534049 -0.91171494  0.14791545]
 [-0.39865287  0.91704684  0.01004936  0.06535523]
 [ 0.83452423  0.36727977 -0.41070048 -0.38720545]
 [ 0.          0.          0.          1.        ]]","[[ 0.10895355  0.51409065 -0.85078782  0.14723069]
 [ 0.59196055  0.65401934  0.47100043  0.06691106]
 [ 0.79856861 -0.55495    -0.23306366 -0.38525405]
 [ 0.          0.          0.          1.        ]]"
full_scene,91,111,12,3,30,0.3394029544521953,0.9802523594583504,0.002660158961324783,0.001576523793015929,"[[ 0.41946401  0.86928039  0.26153689  0.14092799]
 [-0.19100341 -0.19714219  0.96158861  0.07939898]
 [ 0.88745008 -0.45330625  0.08334146 -0.38932421]
 [ 0.          0.          0.          1.        ]]","[[ 0.51064237  0.852542   -0.11142939  0.14916324]
 [ 0.12682029  0.05349766  0.99048201  0.06946065]
 [ 0.85038873 -0.51991359 -0.08080145 -0.39367758]
 [ 0.          0.          0.          1.        ]]"
full_scene,91,112,12,14,30,0.8379154698399671,0.9572219942552318,0.0022895380934113323,0.0016920697542532588,"[[ 0.65950867  0.35708638  0.66146628  0.15193717]
 [-0.46821261 -0.49327301  0.73311574  0.06708556]
 [ 0.58806911 -0.79320304 -0.15812548 -0.39668555]
 [ 0.          0.          0.          1.        ]]","[[ 0.43262357  0.89256708  0.12712532  0.1497451 ]
 [-0.04139452 -0.12119011  0.99176582  0.06981395]
 [ 0.90062386 -0.43432356 -0.01548232 -0.39726874]
 [ 0.          0.          0.          1.        ]]"
full_scene,91,113,12,3,30,0.7901364382437424,0.9717890849405006,0.002597463890326373,0.0015658982748458922,"[[ 0.58574999  0.52549972  0.61704699  0.15296077]
 [-0.23291242 -0.62007181  0.74917472  0.07484183]
 [ 0.77630455 -0.58254699 -0.24081165 -0.40045772]
 [ 0.          0.          0.          1.        ]]","[[ 0.36519803  0.91650826  0.16322686  0.14952195]
 [-0.06909312 -0.14816895  0.98654554  0.07036406]
 [ 0.92836229 -0.37156234  0.0092134  -0.40139724]
 [ 0.          0.          0.          1.        ]]"
full_scene,91,114,12,4,30,0.4594788674599918,0.9875871973738203,0.0023191297592356224,0.0013334798757103344,"[[-0.74814876  0.45367273  0.48420501  0.15175279]
 [ 0.61296824  0.19314423  0.76613657  0.06926727]
 [ 0.25405386  0.86998642 -0.42258759 -0.40488616]
 [ 0.          0.          0.          1.        ]]","[[ 0.54356573  0.81055079 -0.2180452   0.14916214]
 [ 0.19006913  0.13416439  0.97256036  0.06991325]
 [ 0.81756347 -0.57009414 -0.08113352 -0.40599587]
 [ 0.          0.          0.          1.        ]]"
full_scene,91,115,12,14,26,0.7645157981124333,0.9453221173574067,0.0019926364871294057,0.0015010275529060634,"[[ 0.35357317 -0.57741539 -0.73591948  0.15280857]
 [ 0.66881573  0.70608077 -0.2326703   0.0678322 ]
 [ 0.65396601 -0.40992855  0.63583571 -0.40974565]
 [ 0.          0.          0.          1.        ]]","[[ 0.05808908 -0.17902121 -0.98212884  0.14855476]
 [ 0.85237688  0.5210262  -0.04455724  0.06860552]
 [ 0.51969155 -0.83455563  0.18285947 -0.4101124 ]
 [ 0.          0.          0.          1.        ]]"
full_scene,91,117,12,4,30,0.30439577349199837,0.5224148543290932,0.0029524848593622277,0.003024783801489536,"[[ 0.69513821  0.71533278 -0.07128739  0.14159433]
 [ 0.71871567 -0.68946245  0.08994065  0.05503404]
 [ 0.01518752 -0.11375655 -0.99339256 -0.41489626]
 [ 0.          0.          0.          1.        ]]","[[ 0.92152515  0.16847299 -0.3498689   0.14488046]
 [-0.21219562 -0.53609553 -0.81705239  0.0637038 ]
 [-0.32521442  0.82717497 -0.45827628 -0.40606455]
 [ 0.          0.          0.          1.        ]]"
full_scene,91,118,12,11,30,0.8449425523184243,0.9442962659006976,0.0020187648855293527,0.001798060750932296,"[[-0.14005226  0.16351606 -0.97654896  0.14749997]
 [ 0.42382843  0.90124756  0.09012382  0.06737931]
 [ 0.89484905 -0.40126717 -0.19552451 -0.42311192]
 [ 0.          0.          0.          1.        ]]","[[-0.40937601  0.04685042 -0.91116207  0.14521958]
 [ 0.77633438  0.54251784 -0.32090392  0.06960725]
 [ 0.47928719 -0.83873681 -0.25846538 -0.42390147]
 [ 0.          0.          0.          1.        ]]"
full_scene,91,119,12,5,30,0.9036469019286008,0.9552728764874846,0.0022807290010669334,0.0018374176374058653,"[[-0.98257234 -0.12946423  0.13338144  0.14521978]
 [-0.12971103 -0.03641859 -0.99088281  0.06633258]
 [ 0.13314144 -0.99091508  0.01899096 -0.43051343]
 [ 0.          0.          0.          1.        ]]","[[-0.77729234 -0.08546222  0.62330797  0.14659997]
 [-0.48541375 -0.54880377 -0.6805791   0.06962881]
 [ 0.40023757 -0.83157118  0.38509643 -0.42752725]
 [ 0.          0.          0.          1.        ]]"
full_scene,91,120,12,8,30,0.4999743537135823,0.9266516208453016,0.0027559179461762416,0.0019412909243036985,"[[-0.77310162  0.55385966  0.30911706  0.13290416]
 [-0.57451804 -0.40495287 -0.71129614  0.07128477]
 [-0.2687804  -0.72749752  0.63127209 -0.43678396]
 [ 0.          0.          0.          1.        ]]","[[-0.75802425  0.08636102  0.64648357  0.14342777]
 [-0.6030413  -0.47041253 -0.64424626  0.07174455]
 [ 0.2484762  -0.87821058  0.40866337 -0.43205663]
 [ 0.          0.          0.          1.        ]]"
full_scene,91,121,12,1,26,0.5648594583504308,0.8853354534263439,0.0030911618818509194,0.0016085938030658915,"[[ 0.28877777  0.8730591  -0.3929061   0.16069862]
 [-0.10423574  0.43662162  0.8935863   0.03290785]
 [ 0.95170495 -0.217093    0.21709058 -0.43425098]
 [ 0.          0.          0.          1.        ]]","[[ 0.77144159  0.62643158 -0.11163042  0.1572311 ]
 [-0.10842663  0.30228711  0.94703018  0.03028203]
 [ 0.62699405 -0.71847476  0.30111872 -0.438724  ]
 [ 0.          0.          0.          1.        ]]"
full_scene,91,122,12,7,24,0.9245999179318835,0.948194501436192,0.0017888788928725919,0.0015170868294542199,"[[ 0.40683786  0.68262812 -0.6070435   0.15516292]
 [ 0.12927639  0.61481302  0.7780055   0.03199779]
 [ 0.90430668 -0.39499848  0.16188152 -0.43507264]
 [ 0.          0.          0.          1.        ]]","[[ 0.77538344  0.63143607  0.00830699  0.15826553]
 [-0.25289904  0.29844464  0.92031129  0.03208165]
 [ 0.57863857 -0.71569497  0.39109861 -0.43554972]
 [ 0.          0.          0.          1.        ]]"
full_scene,91,123,12,21,30,0.9620947886746,0.9780211325400082,0.0017827752718189691,0.0014967598608690285,"[[ 0.4187693   0.19814009 -0.8862126   0.15458799]
 [ 0.5977325   0.67453518  0.43326453  0.03438133]
 [ 0.68362865 -0.71115595  0.16403986 -0.43198615]
 [ 0.          0.          0.          1.        ]]","[[ 0.79928855  0.4857466  -0.35381925  0.15769974]
 [ 0.15701099  0.39951901  0.90317889  0.03402335]
 [ 0.58007359 -0.77745406  0.24306341 -0.43267715]
 [ 0.          0.          0.          1.        ]]"
full_scene,91,124,12,2,10,0.7270465736561346,0.9494511694706607,0.002944712959720077,0.0014719543103740606,"[[-0.09466196  0.77612134  0.62343787  0.16364528]
 [-0.58025427 -0.55188466  0.59893932  0.03797734]
 [ 0.80891538 -0.30505572  0.5025902  -0.42674219]
 [ 0.          0.          0.          1.        ]]","[[ 0.02095842  0.66419804  0.74726281  0.15728322]
 [-0.41511361 -0.67417409  0.61087642  0.03528665]
 [ 0.90952814 -0.32300196  0.26158802 -0.42937574]
 [ 0.          0.          0.          1.        ]]"
full_scene,91,125,12,2,30,0.7064269593762823,0.9940757078375051,0.0021393042326986306,0.0013743920230101809,"[[-0.4721621   0.86212351 -0.18386411  0.15149244]
 [-0.75631943 -0.28905252  0.58688122  0.0350322 ]
 [ 0.45281771  0.41616307  0.7885204  -0.4280461 ]
 [ 0.          0.          0.          1.        ]]","[[ 0.47498386  0.87766732  0.06395624  0.15614119]
 [ 0.04525541 -0.09694419  0.99426041  0.0362665 ]
 [ 0.87883006 -0.46936328 -0.08576612 -0.42653744]
 [ 0.          0.          0.          1.        ]]"
full_scene,91,126,12,4,27,0.7696963479688141,0.9902800574476815,0.002868223246648083,0.0013307095663265373,"[[ 0.70478343  0.35592626  0.61367484  0.16334463]
 [-0.370349   -0.55321068  0.74619003  0.04019615]
 [ 0.60508011 -0.75317623 -0.25807679 -0.42111815]
 [ 0.          0.          0.          1.        ]]","[[ 0.50196712  0.8626607   0.06201226  0.15589498]
 [ 0.0428432  -0.09641339  0.99441888  0.03796403]
 [ 0.86382491 -0.49650878 -0.0853555  -0.42366851]
 [ 0.          0.          0.          1.        ]]"
full_scene,91,127,12,3,13,0.7854175215428806,0.9962812884694296,0.0016972131598974782,0.0012366454754595066,"[[ 0.33810923  0.91607078 -0.21563042  0.15497873]
 [-0.41277738  0.35026142  0.84079235  0.03802083]
 [ 0.84575232 -0.1952723   0.49655992 -0.41999776]
 [ 0.          0.          0.          1.        ]]","[[ 0.55809701  0.82977497  0.00110671  0.15661157]
 [ 0.06160773 -0.04276664  0.99718379  0.03922676]
 [ 0.82748548 -0.55645711 -0.07498849 -0.42005637]
 [ 0.          0.          0.          1.        ]]"
full_scene,91,128,12,8,25,0.9469378334017234,0.9901261797291753,0.0016389108241884063,0.0013988386174862925,"[[ 0.32935408  0.9184747   0.21892948  0.15504453]
 [-0.02207894 -0.22431111  0.97426744  0.04062857]
 [ 0.94394831 -0.32571268 -0.05359883 -0.41759445]
 [ 0.          0.          0.          1.        ]]","[[ 0.49388846  0.86427065 -0.09544859  0.15596425]
 [ 0.10240973  0.05118994  0.9934243   0.04023623]
 [ 0.86347347 -0.50041566 -0.0632276  -0.41651214]
 [ 0.          0.          0.          1.        ]]"
full_scene,91,129,12,2,30,0.6060473943372999,0.6989638900287238,0.0025604952681472265,0.001864949119392947,"[[ 0.8884582   0.10033989  0.44785481  0.1564606 ]
 [-0.21323956 -0.77384293  0.59640255  0.03839074]
 [ 0.40641224 -0.62537911 -0.66613067 -0.41615092]
 [ 0.          0.          0.          1.        ]]","[[ 0.47121684  0.05824061  0.88009245  0.1621165 ]
 [-0.83005062 -0.3081589   0.46481616  0.037871  ]
 [ 0.2982795  -0.94955049 -0.09686701 -0.41441152]
 [ 0.          0.          0.          1.        ]]"
full_scene,91,130,12,2,30,0.7349969224456299,0.9301651620845302,0.0023743213325878774,0.0017596935780762777,"[[ 0.22317063 -0.07089988  0.97219755  0.16361897]
 [-0.75327205 -0.64555894  0.12583671  0.04038326]
 [ 0.61868901 -0.7604123  -0.19747669 -0.41138017]
 [ 0.          0.          0.          1.        ]]","[[ 0.10134037  0.51724228  0.84981796  0.15803727]
 [-0.51450509 -0.7038607   0.48975977  0.04106751]
 [ 0.85147792 -0.4868681   0.19479428 -0.41015867]
 [ 0.          0.          0.          1.        ]]"
full_scene,91,131,12,3,23,0.9221635207221994,0.9958453016003282,0.002004146704084345,0.001600592673019717,"[[ 0.36443328  0.81539897 -0.44979207  0.15223344]
 [ 0.03791382  0.46961645  0.88205608  0.04189499]
 [ 0.93045737 -0.33850393  0.14022897 -0.4063866 ]
 [ 0.          0.          0.          1.        ]]","[[ 0.47067385  0.87715126 -0.09524599  0.15505466]
 [ 0.05383373  0.0791997   0.99540411  0.04169664]
 [ 0.88066342 -0.47363814 -0.0099431  -0.40710021]
 [ 0.          0.          0.          1.        ]]"
full_scene,91,139,12,1,30,0.7141977841608536,0.9426805498563808,0.002300599083108714,0.0016875412769294744,"[[-0.76588245 -0.56912581 -0.29919872  0.1537984 ]
 [-0.11726582  0.58116284 -0.80529403  0.01861257]
 [ 0.6321968  -0.58167479 -0.51184143 -0.42494477]
 [ 0.          0.          0.          1.        ]]","[[-0.52050051 -0.53805771 -0.66300311  0.15484105]
 [ 0.69877834  0.17780962 -0.69288713  0.01686816]
 [ 0.49070159 -0.82394032  0.28343307 -0.42370928]
 [ 0.          0.          0.          1.        ]]"
full_scene,91,141,12,2,30,0.7466916290521133,0.8717942141977841,0.0017495747082112156,0.0016373181094264722,"[[ 0.25650938 -0.18907496 -0.94786792  0.15488686]
 [ 0.39966509  0.91366169 -0.07409545  0.01391847]
 [ 0.8800402  -0.35982354  0.30992945 -0.42713454]
 [ 0.          0.          0.          1.        ]]","[[ 0.35248942  0.06701345 -0.93341331  0.15557541]
 [ 0.70932486  0.63147664  0.31320202  0.01362076]
 [ 0.61041745 -0.77249366  0.17505452 -0.42796501]
 [ 0.          0.          0.          1.        ]]"
full_scene,91,142,12,6,30,0.8796163315551908,0.9399107509232663,0.0022517581692410703,0.0015801735774296497,"[[-0.2168035  -0.86426122 -0.45392597  0.15681029]
 [ 0.74913172  0.15085148 -0.64501589  0.01328382]
 [ 0.62593762 -0.47989204  0.61474037 -0.4280342 ]
 [ 0.          0.          0.          1.        ]]","[[-0.32485796 -0.49201682 -0.80770462  0.15571852]
 [ 0.80932741  0.29725534 -0.50658504  0.01114188]
 [ 0.48934287 -0.81826567  0.30163694 -0.42972468]
 [ 0.          0.          0.          1.        ]]"
full_scene,91,144,12,2,30,0.7765951990151826,0.9252923676651621,0.0016471677193438778,0.0014811564428123278,"[[ 0.37156679 -0.62807646 -0.68370906  0.15797773]
 [ 0.92311663  0.32843685  0.19996229  0.0069443 ]
 [ 0.09896364 -0.70544255  0.70182406 -0.43404993]
 [ 0.          0.          0.          1.        ]]","[[ 0.12431016 -0.04372698 -0.99127944  0.15482031]
 [ 0.81214233  0.57844502  0.07632953  0.00634298]
 [ 0.570063   -0.81454853  0.10741913 -0.43429972]
 [ 0.          0.          0.          1.        ]]"
full_scene,91,145,12,4,30,0.9695835043085761,0.8990562166598277,0.0020906564647265448,0.0015076142424425463,"[[ 0.75074142  0.44735037 -0.48607095  0.15341056]
 [ 0.43219027  0.22386471  0.87355375  0.00656794]
 [ 0.49959873 -0.86588812 -0.02527597 -0.43732609]
 [ 0.          0.          0.          1.        ]]","[[ 0.68772335  0.25586552 -0.67938901  0.15635131]
 [ 0.41955871  0.62364224  0.65957626  0.00429275]
 [ 0.59245851 -0.73864957  0.32154273 -0.43652739]
 [ 0.          0.          0.          1.        ]]"
full_scene,91,146,12,4,30,0.6598533032416906,0.8375820681165367,0.0027048093470386897,0.0015040723477904904,"[[-0.63697839  0.08515215 -0.76616424  0.14588801]
 [ 0.77081015  0.08389109 -0.63151721 -0.00173852]
 [ 0.0104993  -0.99282999 -0.11907295 -0.44449105]
 [ 0.          0.          0.          1.        ]]","[[-5.79951190e-01 -8.06187484e-01  1.17125394e-01  1.58841144e-01]
 [ 2.91196189e-01 -3.39424093e-01 -8.94424991e-01  2.50090455e-04]
 [ 7.60829414e-01 -4.84616370e-01  4.31608129e-01 -4.38104051e-01]
 [ 0.00000000e+00  0.00000000e+00  0.00000000e+00  1.00000000e+00]]"
full_scene,91,147,12,5,30,0.6819347558473533,0.8857201477226098,0.0021800761691166772,0.0017747229427792822,"[[-0.91140174  0.34255359 -0.22804366  0.15676973]
 [ 0.25929088  0.04770825 -0.96462022 -0.00248995]
 [-0.31955455 -0.93828618 -0.1323024  -0.44033101]
 [ 0.          0.          0.          1.        ]]","[[-0.89443032 -0.25564268  0.36693491  0.15515769]
 [-0.2762969  -0.32928119 -0.90290305 -0.00459701]
 [ 0.35164532 -0.90896684  0.2238858  -0.44048383]
 [ 0.          0.          0.          1.        ]]"
full_scene,91,148,12,7,20,0.939372178908494,0.9598892080426754,0.001985109277568454,0.0015582387136692621,"[[ 0.3981978   0.89764629  0.1888641   0.15771914]
 [-0.15348769 -0.13778754  0.97849687 -0.0054873 ]
 [ 0.9043672  -0.41862362  0.08291096 -0.44264246]
 [ 0.          0.          0.          1.        ]]","[[ 0.55527943  0.80693672  0.20129053  0.15731774]
 [ 0.07968193 -0.29253975  0.95292774 -0.00333688]
 [ 0.82783787 -0.51310196 -0.22673959 -0.44308556]
 [ 0.          0.          0.          1.        ]]"
full_scene,91,149,12,12,30,0.9672753385309807,0.9856124333196553,0.0022237699286771612,0.0014028556739108637,"[[ 0.5044878   0.75554666 -0.41790106  0.15792864]
 [ 0.29557115  0.303641    0.90578134 -0.0060189 ]
 [ 0.81125197 -0.58047514 -0.07013462 -0.4436059 ]
 [ 0.          0.          0.          1.        ]]","[[ 0.67172656  0.74061592  0.01647679  0.1568641 ]
 [-0.02033748 -0.00379688  0.99978596 -0.00789844]
 [ 0.74051996 -0.67191789  0.0125118  -0.44492503]
 [ 0.          0.          0.          1.        ]]"
full_scene,91,151,12,5,17,0.7704400902749282,0.857919573245794,0.002713064688497919,0.001653943009945089,"[[-0.7859041  -0.50337076 -0.35912758  0.14593   ]
 [ 0.45413741 -0.07570468 -0.88770942 -0.05644948]
 [ 0.41965933 -0.86074774  0.28809611 -0.45199639]
 [ 0.          0.          0.          1.        ]]","[[-0.54077475 -0.77251772  0.33283486  0.14360773]
 [ 0.24898463 -0.52495598 -0.81389672 -0.05689956]
 [ 0.80347329 -0.35726403  0.47622798 -0.45542976]
 [ 0.          0.          0.          1.        ]]"
full_scene,91,152,12,3,30,0.43808986458760774,0.8560986869101355,0.0027939243704416454,0.0015008799434793364,"[[-0.30216619  0.89897264  0.31708641  0.15384254]
 [-0.3609426  -0.41576606  0.83478083 -0.05064323]
 [ 0.88227889  0.13779255  0.45010796 -0.45190935]
 [ 0.          0.          0.          1.        ]]","[[ 0.61378845  0.62387469  0.48378106  0.14631047]
 [-0.40113322 -0.28134262  0.8717445  -0.04678705]
 [ 0.67996756 -0.72912736  0.07757201 -0.45422358]
 [ 0.          0.          0.          1.        ]]"
full_scene,91,153,12,10,30,0.9225995075913008,0.8737176856791137,0.002099526353225329,0.001336861739937555,"[[ 0.51634658  0.83441094  0.19272935  0.14458074]
 [ 0.0775595  -0.26969059  0.95981848 -0.04115883]
 [ 0.85286033 -0.48065099 -0.20397031 -0.45473553]
 [ 0.          0.          0.          1.        ]]","[[ 0.64983977  0.66623082  0.36584801  0.14782769]
 [-0.31782277 -0.1990522   0.92702045 -0.04031146]
 [ 0.69043245 -0.71868958  0.08239129 -0.45296802]
 [ 0.          0.          0.          1.        ]]"
full_scene,91,154,12,6,6,0.9127513336068938,0.9034160853508412,0.0020732969838058012,0.0016380083104001045,"[[-0.61740322 -0.73412736  0.28261332  0.14647875]
 [ 0.14708601 -0.46066113 -0.87530396 -0.03644749]
 [ 0.77277356 -0.49884702  0.39239353 -0.45454948]
 [ 0.          0.          0.          1.        ]]","[[-0.54672852 -0.78613584  0.28823318  0.14906934]
 [ 0.21299059 -0.46348787 -0.86012441 -0.03642213]
 [ 0.80976721 -0.40886359  0.42084157 -0.4529095 ]
 [ 0.          0.          0.          1.        ]]"
full_scene,91,155,12,6,30,0.49507591300779646,0.843275543701272,0.002590357741824586,0.0016823154668921681,"[[ 0.7637943  -0.64544681 -0.00408533  0.14492622]
 [ 0.6370851   0.75285294  0.16533309 -0.0291776 ]
 [-0.10363807 -0.12888317  0.98622932 -0.44856515]
 [ 0.          0.          0.          1.        ]]","[[ 0.77248699  0.27200003 -0.5738291   0.14925414]
 [ 0.43534249  0.43103454  0.79037089 -0.0301525 ]
 [ 0.46232106 -0.86036342  0.2145554  -0.45169971]
 [ 0.          0.          0.          1.        ]]"
full_scene,91,156,12,2,17,0.9181627000410341,0.9531442347148132,0.0018624097467524559,0.001544009776768916,"[[ 0.39634347  0.91758948  0.03068236  0.14634156]
 [ 0.16270299 -0.10308978  0.9812748  -0.02626529]
 [ 0.90357047 -0.38392975 -0.19015351 -0.45263827]
 [ 0.          0.          0.          1.        ]]","[[ 0.61475666  0.6955318   0.37190022  0.14985874]
 [-0.09921721 -0.39958297  0.91131191 -0.02538847]
 [ 0.7824514  -0.59713396 -0.17663757 -0.45155397]
 [ 0.          0.          0.          1.        ]]"
full_scene,91,157,12,1,29,0.638977226097661,0.7919060320065654,0.001737232214560298,0.001543265522318613,"[[ 0.75395922 -0.27134638 -0.59826135  0.14985296]
 [ 0.50845291  0.81769602  0.26990529 -0.02280635]
 [ 0.4159581  -0.5076853   0.7544763  -0.44910115]
 [ 0.          0.          0.          1.        ]]","[[ 0.31118351 -0.27088623 -0.91092561  0.14989235]
 [ 0.81724702  0.5654929   0.11101846 -0.02301172]
 [ 0.48504859 -0.77899835  0.39735303 -0.44964359]
 [ 0.          0.          0.          1.        ]]"
full_scene,91,159,12,6,30,0.6096891670086172,0.7539751743947476,0.002383864068285627,0.001870053675624366,"[[ 0.57418823  0.15557338  0.80380644  0.14873718]
 [-0.81872098  0.11145192  0.56327118 -0.01597323]
 [-0.00195577 -0.98151688  0.19136557 -0.44950487]
 [ 0.          0.          0.          1.        ]]","[[ 0.61307869  0.32894047  0.71828455  0.15326146]
 [-0.66882546 -0.26780724  0.69350688 -0.01670249]
 [ 0.42048428 -0.90558128  0.05581685 -0.44877591]
 [ 0.          0.          0.          1.        ]]"
full_scene,91,160,12,8,30,0.926420804267542,0.9606842429216249,0.0020717188349568772,0.0017533499315981165,"[[-0.64235022 -0.7656096   0.03504489  0.15091465]
 [ 0.43634281 -0.40291995 -0.80452499 -0.01380368]
 [ 0.63007234 -0.50149522  0.59288396 -0.44854815]
 [ 0.          0.          0.          1.        ]]","[[-0.60010302 -0.61878241  0.50693658  0.15115414]
 [ 0.02900079 -0.65014506 -0.75925645 -0.01305965]
 [ 0.79939684 -0.44093053  0.4080992  -0.44694109]
 [ 0.          0.          0.          1.        ]]"
full_scene,91,161,12,6,30,0.5927882642593353,0.8897979072630283,0.0023657569304589474,0.001717743120034778,"[[-0.3820447   0.69290577 -0.61149279  0.14776201]
 [-0.00541634  0.6599955   0.75125003 -0.01089808]
 [ 0.92412797  0.29032315 -0.24839477 -0.44593096]
 [ 0.          0.          0.          1.        ]]","[[ 0.73899976  0.51611491 -0.43301819  0.1497492 ]
 [ 0.23151688  0.40904652  0.88265558 -0.0086562 ]
 [ 0.6326763  -0.75253328  0.18279596 -0.44590037]
 [ 0.          0.          0.          1.        ]]"
full_scene,91,162,12,4,30,0.6490305703734099,0.8296573656134592,0.0016241546366319742,0.001680904902897354,"[[-0.26880157 -0.93028444 -0.24963288  0.15141953]
 [ 0.09164486  0.23329405 -0.96807805 -0.00873887]
 [ 0.95882581 -0.28309847  0.02254599 -0.44654162]
 [ 0.          0.          0.          1.        ]]","[[-0.17753073 -0.48650328 -0.85545157  0.14956114]
 [ 0.68070845  0.56706404 -0.46376112 -0.0079037 ]
 [ 0.71071714 -0.66464496  0.2304956  -0.44429438]
 [ 0.          0.          0.          1.        ]]"
full_scene,91,163,12,1,30,0.5325964300369307,0.8428139105457529,0.002554403468468919,0.0018446935885219457,"[[-0.86690406 -0.46320576 -0.18416782  0.1524987 ]
 [-0.21990966  0.68695302 -0.69262925 -0.00139927]
 [ 0.4473445  -0.55994283 -0.69738579 -0.44335569]
 [ 0.          0.          0.          1.        ]]","[[-0.24367007 -0.83434351 -0.49446517  0.15116346]
 [ 0.58723389  0.27883044 -0.75987495 -0.00542258]
 [ 0.77186868 -0.47552549  0.42201215 -0.44339423]
 [ 0.          0.          0.          1.        ]]"
full_scene,91,169,12,2,30,0.21124846122281493,0.3862074271645466,0.0029228075977642447,0.002801245053715374,"[[ 0.8017432  -0.58751614 -0.10969332  0.10961221]
 [ 0.59386193  0.80378607  0.03543951 -0.03655499]
 [ 0.06734868 -0.09355607  0.99333349 -0.44341579]
 [ 0.          0.          0.          1.        ]]","[[-0.69422055 -0.64093135 -0.32751309  0.11860787]
 [-0.07279601 -0.39017347  0.91785914 -0.02357776]
 [-0.71607162  0.66103833  0.2242092  -0.43539606]
 [ 0.          0.          0.          1.        ]]"
full_scene,91,172,12,1,30,0.20914546573656134,0.3128846942962659,0.0028669568720909554,0.0025812241452858593,"[[ 0.82163572 -0.47594146 -0.31367893  0.10966699]
 [ 0.46761566  0.87748657 -0.10655008 -0.04156905]
 [ 0.32596065 -0.05913583  0.94353199 -0.44644373]
 [ 0.          0.          0.          1.        ]]","[[ 0.63623382  0.34625204  0.68943168  0.12047794]
 [ 0.35740958  0.65966647 -0.66113429 -0.05698636]
 [-0.68371406  0.66704548  0.29594832 -0.43708144]
 [ 0.          0.          0.          1.        ]]"
full_scene,91,178,12,6,30,0.9847661058678703,0.9883822322527698,0.001797894767380763,0.0017187669323406507,"[[ 0.17906649  0.90606799  0.38337447  0.12797749]
 [-0.44887515 -0.27151007  0.85134798 -0.06932062]
 [ 0.87546918 -0.32453517  0.35809305 -0.46404982]
 [ 0.          0.          0.          1.        ]]","[[ 0.24437351  0.80279764  0.54387271  0.12962985]
 [-0.45334141 -0.40122125  0.79592907 -0.07023926]
 [ 0.85718327 -0.441064    0.26589357 -0.46405052]
 [ 0.          0.          0.          1.        ]]"
full_scene,91,179,12,7,30,0.7606688551497743,0.7182498974148543,0.0019262662154087957,0.0017360447744173202,"[[-0.03258163  0.78895703 -0.61358393  0.12421915]
 [ 0.26698297  0.5984718   0.75534866 -0.07855755]
 [ 0.96315032 -0.13920597 -0.23013728 -0.46488875]
 [ 0.          0.          0.          1.        ]]","[[ 0.03831968 -0.56822366 -0.82198143  0.12586217]
 [ 0.48722819  0.72880333 -0.48109708 -0.08073688]
 [ 0.87243355 -0.38205704  0.3047821  -0.46366659]
 [ 0.          0.          0.          1.        ]]"
full_scene,91,181,12,8,30,0.6878590480098482,0.7024774312679524,0.001714463755403137,0.001601781820542419,"[[-0.04689641 -0.47603184 -0.87817676  0.09314422]
 [ 0.44879531  0.77537403 -0.44427231 -0.11311688]
 [ 0.89240321 -0.41495639  0.1772786  -0.47238361]
 [ 0.          0.          0.          1.        ]]","[[-0.17944667 -0.87743984 -0.44485753  0.09355239]
 [ 0.45990008  0.32492011 -0.82638904 -0.11341683]
 [ 0.86964982 -0.35288277  0.34522882 -0.47194132]
 [ 0.          0.          0.          1.        ]]"
full_scene,91,182,12,2,30,0.6375153877718507,0.6867049651210505,0.0021844127821262645,0.0015546100921390769,"[[-0.62077852 -0.75156693  0.22311697  0.10517765]
 [-0.07435775 -0.2268666  -0.97108314 -0.10813377]
 [ 0.78045176 -0.61941803  0.08494908 -0.47270277]
 [ 0.          0.          0.          1.        ]]","[[-0.32500836 -0.93276488 -0.15594625  0.10249466]
 [ 0.34414585  0.03694051 -0.93818923 -0.10526429]
 [ 0.8808707  -0.3585876   0.30900119 -0.47332778]
 [ 0.          0.          0.          1.        ]]"
full_scene,91,183,12,3,30,0.8669983586376693,0.9587351251538777,0.0028057805588706645,0.0016021750149932163,"[[-0.23021581  0.54875162  0.80366183  0.10033639]
 [-0.47615346 -0.78375305  0.39875938 -0.09025088]
 [ 0.84869227 -0.29086565  0.44172232 -0.47489824]
 [ 0.          0.          0.          1.        ]]","[[ 0.07500186  0.361906    0.92919254  0.10672293]
 [-0.42669612 -0.8305524   0.35792894 -0.09295059]
 [ 0.90127972 -0.42332819  0.09213091 -0.47463997]
 [ 0.          0.          0.          1.        ]]"
full_scene,91,184,12,8,30,0.8696142798522773,0.8714095199015183,0.001900713753507008,0.001569408540939065,"[[ 0.10995923  0.47011004  0.87573142  0.11057866]
 [-0.80250603 -0.47784359  0.35728079 -0.08700325]
 [ 0.58642394 -0.74206607  0.32472284 -0.47453235]
 [ 0.          0.          0.          1.        ]]","[[ 0.51911018  0.51886897  0.67919041  0.11134194]
 [-0.57412106 -0.37699794  0.7268133  -0.08730621]
 [ 0.63317425 -0.7672337   0.10219014 -0.47613854]
 [ 0.          0.          0.          1.        ]]"
full_scene,91,185,12,4,30,0.3467890849405006,0.7833401723430448,0.0029184414252520813,0.001733202383695885,"[[-0.04437133  0.32836165 -0.94350931  0.11392355]
 [-0.89228083  0.41172434  0.18525114 -0.07291604]
 [ 0.44929512  0.85009511  0.27472205 -0.46995993]
 [ 0.          0.          0.          1.        ]]","[[ 0.26348072  0.92992673 -0.25654274  0.10899506]
 [-0.31046392  0.33353461  0.89014988 -0.08058976]
 [ 0.91334006 -0.15489007  0.37658864 -0.47864501]
 [ 0.          0.          0.          1.        ]]"
full_scene,91,186,12,2,30,0.6276672137874436,0.8309140336479278,0.002501043047114489,0.001628380974175072,"[[ 0.02265925  0.98984736 -0.14031667  0.11701724]
 [-0.53302418  0.13070177  0.83594394 -0.07161841]
 [ 0.84579653  0.05585031  0.53057419 -0.47840771]
 [ 0.          0.          0.          1.        ]]","[[ 0.38103375  0.92417625 -0.02667468  0.11264014]
 [-0.39157851  0.18744746  0.90084944 -0.0745554 ]
 [ 0.83754376 -0.33280881  0.43331137 -0.4788567 ]
 [ 0.          0.          0.          1.        ]]"
full_scene,91,188,12,1,30,0.7101969634796882,0.7429216249487074,0.002360841586424697,0.0016709602401135273,"[[-0.34783441 -0.92481112 -0.15406366  0.11392149]
 [ 0.46605464 -0.02797247 -0.88431364 -0.06428404]
 [ 0.81351355 -0.37939679  0.44074231 -0.4837932 ]
 [ 0.          0.          0.          1.        ]]","[[-0.34806934 -0.93207058 -0.10045981  0.11916514]
 [ 0.36374516 -0.03551062 -0.93082139 -0.06721269]
 [ 0.86402384 -0.36053216  0.35139632 -0.48171027]
 [ 0.          0.          0.          1.        ]]"
full_scene,91,191,12,7,30,0.3888233483791547,0.7030929421419778,0.002485979302391944,0.00165929985185234,"[[ 0.41428934 -0.69516834 -0.58745665  0.11204379]
 [-0.1288119   0.59417213 -0.79395653 -0.0500757 ]
 [ 0.90098382  0.40459914  0.15661322 -0.48773696]
 [ 0.          0.          0.          1.        ]]","[[-0.99275348 -0.11424279 -0.03727088  0.11468745]
 [ 0.00408875  0.27786208 -0.96061228 -0.05309797]
 [ 0.12009919 -0.95380357 -0.27538143 -0.48726816]
 [ 0.          0.          0.          1.        ]]"
full_scene,91,206,12,3,30,0.7613356585966352,0.8013695116947066,0.002402765090607264,0.0014458627469973882,"[[ 0.83549648  0.25161533  0.48850318  0.09067344]
 [-0.20341425 -0.68422347  0.70032912 -0.09276753]
 [ 0.51045889 -0.68449103 -0.52048416 -0.49026669]
 [ 0.          0.          0.          1.        ]]","[[ 0.39592221  0.51410174  0.76088436  0.08996026]
 [-0.76565237 -0.27264177  0.5826173  -0.09844191]
 [ 0.50697342 -0.81324404  0.28567828 -0.48937319]
 [ 0.          0.          0.          1.        ]]"
full_scene,91,207,12,1,30,0.6049702503077554,0.8732304062371768,0.002490911968690704,0.0016697081827570198,"[[-0.75668004  0.27698902  0.59220976  0.09059452]
 [-0.02892675 -0.91911389  0.39292861 -0.10641231]
 [ 0.65314513  0.28019054  0.70348753 -0.48591459]
 [ 0.          0.          0.          1.        ]]","[[ 0.28331016  0.3729548   0.88353838  0.08653096]
 [-0.79416326 -0.42523     0.43414763 -0.10458705]
 [ 0.53762447 -0.82467215  0.17571502 -0.48684226]
 [ 0.          0.          0.          1.        ]]"
full_scene,91,210,12,2,5,0.8625615510874025,0.9206503898235535,0.0020750214415319605,0.0014961655249929554,"[[ 0.3814005   0.38586803  0.84002352  0.06436638]
 [-0.38490106 -0.75990698  0.52382493 -0.12612203]
 [ 0.84046703 -0.52311304 -0.14130788 -0.48163517]
 [ 0.          0.          0.          1.        ]]","[[ 2.33630704e-01  4.01534316e-01  8.85543272e-01  6.48352463e-02]
 [-4.44912073e-01 -7.65663235e-01  4.64556840e-01 -1.24466212e-01]
 [ 8.64563440e-01 -5.02523635e-01 -2.34975647e-04 -4.79457870e-01]
 [ 0.00000000e+00  0.00000000e+00  0.00000000e+00  1.00000000e+00]]"
full_scene,91,211,12,1,28,0.8563038572014773,0.7154288059089043,0.0020466277763567862,0.001712094286836517,"[[-0.19847596  0.03027559  0.97963804  0.03556993]
 [-0.62939325 -0.77013462 -0.10371499 -0.13394734]
 [ 0.75131314 -0.6371625   0.17190846 -0.48495125]
 [ 0.          0.          0.          1.        ]]","[[-0.28170063  0.23911875  0.92922924  0.03592514]
 [-0.88688977 -0.43446186 -0.15706504 -0.13432257]
 [ 0.36615747 -0.86836923  0.33446015 -0.48538116]
 [ 0.          0.          0.          1.        ]]"
full_scene,91,212,12,2,30,0.2275338530980714,0.7542059909725072,0.0029235841403196946,0.0016584591254874556,"[[-0.45809713  0.5197117   0.72114268  0.04531829]
 [ 0.36751302 -0.6279527   0.6860099  -0.13955041]
 [ 0.80937087  0.5792885   0.09666251 -0.48565314]
 [ 0.          0.          0.          1.        ]]","[[ 0.37502894  0.79024513 -0.48462968  0.04244354]
 [-0.07148104  0.54588135  0.83480777 -0.12533431]
 [ 0.92425308 -0.27843524  0.26120885 -0.48971148]
 [ 0.          0.          0.          1.        ]]"
full_scene,91,213,12,2,23,0.7606175625769389,0.7547189167008617,0.0027500231329139462,0.001408443190312737,"[[ 0.19007006  0.25131176  0.94906047  0.05257515]
 [-0.61306945 -0.72465749  0.31467025 -0.1236726 ]
 [ 0.76682412 -0.64164937  0.01633587 -0.49612928]
 [ 0.          0.          0.          1.        ]]","[[ 0.29131063  0.24328978  0.92517469  0.05541577]
 [-0.86024165 -0.35644441  0.36459798 -0.12160653]
 [ 0.41847631 -0.90208506  0.10545196 -0.49347825]
 [ 0.          0.          0.          1.        ]]"
full_scene,91,214,12,1,30,0.6977328682806729,0.8248102174805089,0.0023590071269386026,0.0017918470738057548,"[[ 0.53779928  0.77300234  0.3365105   0.05225021]
 [-0.19610273 -0.27350187  0.94166897 -0.11504171]
 [ 0.81994857 -0.57241952  0.00449876 -0.49877586]
 [ 0.          0.          0.          1.        ]]","[[ 0.35208204  0.8441894   0.404206    0.05711682]
 [-0.45045398 -0.22572412  0.86379386 -0.11320228]
 [ 0.82044467 -0.4862025   0.30079507 -0.49609918]
 [ 0.          0.          0.          1.        ]]"
full_scene,91,217,12,2,30,0.7497691834222404,0.8796676241280262,0.0026718037888342036,0.0018104508219222953,"[[ 0.24281032  0.51487099  0.8221624   0.07239224]
 [-0.54061786 -0.63189237  0.55537767 -0.10185503]
 [ 0.805466   -0.57932711  0.12491846 -0.50766542]
 [ 0.          0.          0.          1.        ]]","[[-0.35577342  0.20252173  0.91236518  0.06812894]
 [-0.62856728 -0.77429977 -0.07323274 -0.09794533]
 [ 0.69161293 -0.59953717  0.40277381 -0.50648759]
 [ 0.          0.          0.          1.        ]]"
full_scene,91,218,12,3,30,0.369460402133771,0.8385822732868281,0.0027599141755767728,0.0016526142264087081,"[[ 0.70104468  0.60976704 -0.36975738  0.07301925]
 [-0.12307822  0.61418656  0.77950408 -0.10265212]
 [ 0.70241591 -0.50095811  0.50562126 -0.51275897]
 [ 0.          0.          0.          1.        ]]","[[ 0.60308999  0.17917253 -0.77728995  0.06909363]
 [ 0.5579956   0.60158155  0.57161224 -0.0911486 ]
 [ 0.5700205  -0.77845799  0.26283033 -0.50955124]
 [ 0.          0.          0.          1.        ]]"
full_scene,91,220,12,4,30,0.5461376692654903,0.7921624948707428,0.002847261171584914,0.001664174784934491,"[[ 0.47250497  0.87387642  0.11436372  0.07643499]
 [-0.21404687 -0.0120914   0.97674855 -0.08385211]
 [ 0.85494035 -0.48599774  0.18133726 -0.51841911]
 [ 0.          0.          0.          1.        ]]","[[ 0.62116344  0.32786348  0.7118016   0.07607402]
 [-0.67322998 -0.24167776  0.69882277 -0.0801643 ]
 [ 0.40114508 -0.91328933  0.07060614 -0.51562636]
 [ 0.          0.          0.          1.        ]]"
full_scene,91,232,12,2,19,0.16182806729585555,0.7721583914649158,0.0029769651762401057,0.001908735886165549,"[[ 0.51220266  0.79667415 -0.32087184  0.03448894]
 [-0.66082226  0.60419654  0.44526451 -0.08367867]
 [ 0.54860038 -0.01602641  0.83593109 -0.50259641]
 [ 0.          0.          0.          1.        ]]","[[ 0.21927343  0.97081496 -0.09714671  0.04322997]
 [-0.28405231  0.15877814  0.94557061 -0.08957268]
 [ 0.93339887 -0.17974376  0.31057806 -0.52446797]
 [ 0.          0.          0.          1.        ]]"
full_scene,91,234,12,4,30,0.6064577349199836,0.8540982765695527,0.0024498341166817104,0.0017147763575700832,"[[-0.63772515 -0.4023999   0.65679598  0.04627496]
 [-0.56658429 -0.3325895  -0.75390083 -0.11014513]
 [ 0.52181307 -0.8529118  -0.01589278 -0.51750841]
 [ 0.          0.          0.          1.        ]]","[[-0.48829072  0.14711751  0.86019103  0.04268862]
 [-0.64215896 -0.72802961 -0.2400099  -0.10435113]
 [ 0.59093488 -0.66957399  0.44996293 -0.51633529]
 [ 0.          0.          0.          1.        ]]"
full_scene,91,236,12,2,23,0.8284006975789906,0.7621563397620025,0.0018146932606453625,0.0016299253534092638,"[[-0.33615583 -0.70258253 -0.62719778  0.0336102 ]
 [ 0.72537892  0.23160276 -0.64821723 -0.11430066]
 [ 0.60068684 -0.67285805  0.43178394 -0.50959264]
 [ 0.          0.          0.          1.        ]]","[[-0.22318757 -0.82705621 -0.51591214  0.03643822]
 [ 0.65956926  0.26157323 -0.70466151 -0.11600416]
 [ 0.71774348 -0.49755148  0.48712096 -0.50847435]
 [ 0.          0.          0.          1.        ]]"
full_scene,91,237,12,3,30,0.6051754205990972,0.7397671317193271,0.0015684890969209738,0.0017311666100614553,"[[ 0.31829591 -0.48810035 -0.81267814  0.03118353]
 [ 0.24645234  0.87039228 -0.42623763 -0.12185301]
 [ 0.91539552 -0.06461673  0.39733578 -0.50605431]
 [ 0.          0.          0.          1.        ]]","[[ 0.1899696  -0.14655547 -0.97078991  0.03062253]
 [ 0.48907227  0.8715057  -0.03586262 -0.12112118]
 [ 0.8513048  -0.46797361  0.23723581 -0.50485019]
 [ 0.          0.          0.          1.        ]]"
full_scene,91,240,12,2,7,0.9396029954862536,0.9406288469429627,0.001879122486242514,0.0017284813102382062,"[[-0.1331918   0.21146392  0.96826802  0.01102536]
 [-0.4963567  -0.85985318  0.11950955 -0.1326831 ]
 [ 0.85784029 -0.46468863  0.21948692 -0.4924075 ]
 [ 0.          0.          0.          1.        ]]","[[-0.1087238   0.27656551  0.95482493  0.01082388]
 [-0.42631927 -0.88067662  0.20654438 -0.13276131]
 [ 0.89801504 -0.38460398  0.21365571 -0.49154523]
 [ 0.          0.          0.          1.        ]]"
full_scene,91,244,12,6,30,0.8493280672958555,0.7570270824784571,0.001932284145018942,0.0018804660713050724,"[[-0.61930962 -0.02146668  0.78485335  0.00757365]
 [-0.20159177 -0.96176721 -0.18537689 -0.11946017]
 [ 0.75882564 -0.27302567  0.59130418 -0.51216841]
 [ 0.          0.          0.          1.        ]]","[[-0.16718355 -0.30008558  0.93914765  0.00998653]
 [-0.69462868 -0.64013814 -0.32819835 -0.12146136]
 [ 0.69967182 -0.70722825 -0.10142748 -0.51188926]
 [ 0.          0.          0.          1.        ]]"
full_scene,91,245,12,3,28,0.792136848584325,0.7760566270004103,0.0021510941935120225,0.0017036491625836074,"[[ 0.43086048  0.53278245  0.72835575  0.01206954]
 [-0.67928384 -0.33986189  0.65043629 -0.11514222]
 [ 0.5940814  -0.77500758  0.21547745 -0.51867074]
 [ 0.          0.          0.          1.        ]]","[[ 0.30986494  0.81636609  0.48737062  0.01159283]
 [-0.74756905 -0.10753455  0.65542112 -0.11535729]
 [ 0.58747276 -0.56743522  0.57696883 -0.51599364]
 [ 0.          0.          0.          1.        ]]"
full_scene,91,248,12,3,30,0.2642849815346738,0.302549240869922,0.0030389514365863424,0.002645497513058845,"[[ 0.16931673  0.23441453  0.95727826  0.0186515 ]
 [ 0.98286466 -0.11196952 -0.14642362 -0.12021935]
 [ 0.07286217  0.96566695 -0.24935608 -0.50185187]
 [ 0.          0.          0.          1.        ]]","[[-0.03779055 -0.23420462  0.97145256  0.0120391 ]
 [ 0.48787453  0.84408669  0.2224772  -0.11850582]
 [-0.87209536  0.48235449  0.08236397 -0.49979183]
 [ 0.          0.          0.          1.        ]]"
full_scene,91,250,12,2,30,0.7707478457119409,0.7967788264259336,0.0023655804467345863,0.002098370253559637,"[[ 0.52437479  0.50343963  0.68671655  0.02374975]
 [-0.40969541 -0.55782504  0.72179006 -0.08731875]
 [ 0.74644541 -0.65983313 -0.08625249 -0.53682634]
 [ 0.          0.          0.          1.        ]]","[[ 0.55593339  0.8292035   0.0579622   0.02180759]
 [-0.21402037  0.07541076  0.97391401 -0.08659534]
 [ 0.80320193 -0.55383641  0.2193898  -0.53719416]
 [ 0.          0.          0.          1.        ]]"
full_scene,91,251,12,1,30,0.5112074271645466,0.6392593352482561,0.0027199842953013853,0.0018366371906155905,"[[ 0.32022084 -0.53799019  0.77975969  0.02444512]
 [-0.94725262 -0.17046976  0.27138999 -0.08100174]
 [-0.01307971 -0.82553414 -0.56420059 -0.54143302]
 [ 0.          0.          0.          1.        ]]","[[-0.59322948 -0.27629115  0.75613622  0.02460249]
 [-0.75401815 -0.13834598 -0.64211917 -0.08648045]
 [ 0.28202025 -0.95106445 -0.12625763 -0.54174512]
 [ 0.          0.          0.          1.        ]]"
full_scene,96,7,37,17,20,0.6685521818103806,0.7864600466253808,0.0023315612846055394,0.0017164276406862358,"[[ 0.60077975  0.7833551  -0.15943174  0.0613302 ]
 [ 0.68850582 -0.40568915  0.60114561 -0.16954332]
 [ 0.40623075 -0.4709258  -0.78307437 -0.55562925]
 [ 0.          0.          0.          1.        ]]","[[ 0.64391759  0.74316178 -0.18188103  0.05708575]
 [ 0.65765582 -0.41614855  0.62794045 -0.16648808]
 [ 0.39097181 -0.52395702 -0.75671004 -0.5511084 ]
 [ 0.          0.          0.          1.        ]]"
full_scene,96,10,37,5,30,0.6119009139146727,0.7398918748837942,0.002677815872743117,0.0020260700034535504,"[[ 0.74710399  0.66445311  0.01837673  0.04773045]
 [ 0.39618017 -0.46731943  0.79035044 -0.14696467]
 [ 0.53373861 -0.58319347 -0.61237936 -0.57010654]
 [ 0.          0.          0.          1.        ]]","[[ 0.71733057  0.6774537  -0.16276775  0.04832875]
 [ 0.53043594 -0.37953445  0.75801802 -0.14980574]
 [ 0.45174614 -0.63008736 -0.63159745 -0.57344458]
 [ 0.          0.          0.          1.        ]]"
full_scene,96,51,37,5,30,0.2749252706703471,0.5217608947496388,0.0030413791317696645,0.0024234116588234982,"[[ 0.80142596 -0.58229309 -0.13656936 -0.08664515]
 [-0.29624972 -0.58483923  0.75511534 -0.14349852]
 [-0.51956956 -0.5647104  -0.64120951 -0.54684489]
 [ 0.          0.          0.          1.        ]]","[[ 0.7635566  -0.64532594 -0.02314629 -0.07887717]
 [-0.42565991 -0.52995282  0.73346005 -0.15063356]
 [-0.48558724 -0.55018582 -0.67933835 -0.54753202]
 [ 0.          0.          0.          1.        ]]"
full_scene,96,179,37,12,30,0.5026459188489538,0.6681517184170254,0.0023429759245354904,0.001884618464430384,"[[ 0.30104966 -0.89395847  0.33197492 -0.17947815]
 [-0.917348   -0.17640188  0.35686836  0.13235547]
 [-0.26046449 -0.41197163 -0.87317674 -0.39773002]
 [ 0.          0.          0.          1.        ]]","[[-0.01790129 -0.96410184  0.26492866 -0.18136593]
 [-0.97983751  0.06965181  0.18726205  0.13568728]
 [-0.19899245 -0.2562348  -0.94591    -0.40022332]
 [ 0.          0.          0.          1.        ]]"
full_scene,97,1,37,8,30,0.4550050773037372,0.47562894206152834,0.0025597454327689027,0.0025715950434083523,"[[ 0.9702426  -0.10183644 -0.21967848  0.07487909]
 [ 0.24145662  0.33906028  0.90925069 -0.06921887]
 [-0.0181106  -0.93523658  0.35355981 -0.42895911]
 [ 0.          0.          0.          1.        ]]","[[ 0.9210157   0.00493879 -0.38949415  0.06274382]
 [ 0.35322364  0.41092718  0.84045935 -0.07723213]
 [ 0.16420458 -0.91165479  0.37672589 -0.42788504]
 [ 0.          0.          0.          1.        ]]"
full_scene,97,2,37,4,30,0.15896966489795333,0.44716743660521463,0.0027612350115116206,0.0026505861340454582,"[[ 0.99994272 -0.00607905 -0.00880902  0.07631269]
 [ 0.0105519   0.69772909  0.716284   -0.06139432]
 [ 0.00179199 -0.71633593  0.69775327 -0.41703049]
 [ 0.          0.          0.          1.        ]]","[[ 0.97766234 -0.01416733 -0.20970367  0.08522732]
 [ 0.19258839  0.45997696  0.86679346 -0.07068052]
 [ 0.08417871 -0.88781782  0.45243061 -0.43567857]
 [ 0.          0.          0.          1.        ]]"
full_scene,97,3,37,25,30,0.49156166421144465,0.47635835752799666,0.0026890111877810492,0.0026799625111122087,"[[ 0.85277331 -0.04072443 -0.52069109  0.06645961]
 [ 0.47854991  0.46027139  0.7477568  -0.07556498]
 [ 0.20920724 -0.88684371  0.41199583 -0.43657838]
 [ 0.          0.          0.          1.        ]]","[[ 0.94026625  0.14429526 -0.30834764  0.05745492]
 [ 0.20072986  0.49656207  0.8444724  -0.07953028]
 [ 0.2749671  -0.85592347  0.43793618 -0.43549069]
 [ 0.          0.          0.          1.        ]]"
full_scene,97,4,37,27,20,0.7999041748308757,0.8447989816787997,0.0025037534549956345,0.0016792629852905323,"[[-0.9989211   0.042934   -0.01770073  0.0689295 ]
 [ 0.03344053  0.40053053 -0.91567299 -0.10270785]
 [-0.03222382 -0.91527699 -0.40153413 -0.45284385]
 [ 0.          0.          0.          1.        ]]","[[-9.91805556e-01 -3.39705254e-05  1.27756561e-01  7.04461043e-02]
 [-1.15879845e-01  4.21291582e-01 -8.99491670e-01 -1.05218895e-01]
 [-5.37922074e-02 -9.06925246e-01 -4.17843268e-01 -4.51760364e-01]
 [ 0.00000000e+00  0.00000000e+00  0.00000000e+00  1.00000000e+00]]"
full_scene,97,5,37,67,30,0.4899526595059998,0.5062214848610535,0.0026537082633330557,0.002585749783659035,"[[ 0.90137275  0.01402928 -0.43281677  0.06027487]
 [ 0.35325768  0.55427322  0.75365125 -0.07650856]
 [ 0.25047193 -0.83221654  0.49465083 -0.44750128]
 [ 0.          0.          0.          1.        ]]","[[ 0.94607886  0.07740115 -0.31455342  0.05459219]
 [ 0.22296089  0.54883592  0.8056473  -0.08027079]
 [ 0.23499625 -0.83233899  0.50198463 -0.44226551]
 [ 0.          0.          0.          1.        ]]"
full_scene,97,6,37,33,30,0.4962599579513437,0.49693216436161847,0.002598880199597435,0.002618017878832311,"[[ 0.93471609 -0.03318329 -0.35384276  0.05608306]
 [ 0.31158695  0.55539194  0.77100802 -0.07756493]
 [ 0.17093683 -0.83092639  0.52947326 -0.44666085]
 [ 0.          0.          0.          1.        ]]","[[ 0.97759084  0.00685304 -0.21040244  0.0488176 ]
 [ 0.16802941  0.57668961  0.79949685 -0.08040545]
 [ 0.12681588 -0.81693459  0.56261497 -0.4475388 ]
 [ 0.          0.          0.          1.        ]]"
full_scene,97,8,37,6,30,0.2147270412906363,0.815872652640913,0.0029697475626720843,0.0016353196740181565,"[[ 0.66215446 -0.08902338  0.74406069  0.05738038]
 [-0.57171137  0.58189472  0.57839834 -0.09128994]
 [-0.48445596 -0.808377    0.33440851 -0.46504633]
 [ 0.          0.          0.          1.        ]]","[[-0.98809619 -0.02499811  0.1517927   0.05811138]
 [-0.1391738   0.56568343 -0.81279327 -0.10100205]
 [-0.06554832 -0.8242435  -0.56242872 -0.47275399]
 [ 0.          0.          0.          1.        ]]"
full_scene,97,10,37,10,30,0.3737896709049042,0.4927630543915102,0.0029802807503430456,0.00270341209744882,"[[ 0.97346855  0.05058269 -0.22315999  0.0567011 ]
 [ 0.10193387  0.77728259  0.62083916 -0.07993964]
 [ 0.20486209 -0.62711495  0.75150406 -0.4698649 ]
 [ 0.          0.          0.          1.        ]]","[[ 0.98156231 -0.00255289 -0.19112541  0.04325471]
 [ 0.1335342   0.72459659  0.67611271 -0.07728665]
 [ 0.13676278 -0.68916853  0.7115776  -0.46142062]
 [ 0.          0.          0.          1.        ]]"
full_scene,97,22,37,19,30,0.5952673808263849,0.5773609462377894,0.0022111003343778563,0.002010794342501201,"[[-0.81133465  0.1802538  -0.5560977   0.04784782]
 [ 0.557191    0.52622578 -0.64235864 -0.10452593]
 [ 0.17684536 -0.83102045 -0.527381   -0.48378314]
 [ 0.          0.          0.          1.        ]]","[[-0.85286816  0.23275091 -0.46737878  0.05176443]
 [ 0.51585876  0.5139048  -0.68541345 -0.10608403]
 [ 0.08065759 -0.82566874 -0.55835963 -0.48285348]
 [ 0.          0.          0.          1.        ]]"
full_scene,97,23,37,8,29,0.34101603283799825,0.7494457872681245,0.0027275501878580135,0.0018027839211493992,"[[-0.88659329  0.09960053 -0.45169909  0.04236349]
 [ 0.41288791  0.61061899 -0.67577217 -0.10024722]
 [ 0.20850877 -0.78563617 -0.58249455 -0.47360227]
 [ 0.          0.          0.          1.        ]]","[[-9.94941183e-01  5.31018957e-04 -1.00457757e-01  3.88464518e-02]
 [ 8.38976321e-02  5.54419359e-01 -8.27997803e-01 -1.09124048e-01]
 [ 5.52560428e-02 -8.32237281e-01 -5.51659204e-01 -4.70842369e-01]
 [ 0.00000000e+00  0.00000000e+00  0.00000000e+00  1.00000000e+00]]"
full_scene,97,25,37,13,30,0.5998941632460418,0.7820764026945466,0.0022296496845535373,0.0016924905787464436,"[[-0.95359451  0.24191134 -0.17926632  0.05576398]
 [ 0.27655394  0.46828312 -0.83918344 -0.11212164]
 [-0.1190606  -0.84981752 -0.51345375 -0.46189325]
 [ 0.          0.          0.          1.        ]]","[[-0.99486855 -0.00370942 -0.10110795  0.04360518]
 [ 0.08718404  0.47563447 -0.87531183 -0.11256007]
 [ 0.05133733 -0.8796352  -0.47287037 -0.46083048]
 [ 0.          0.          0.          1.        ]]"
full_scene,97,26,37,6,30,0.24170826241794077,0.3769290178635278,0.002812011009829929,0.0026838992944955456,"[[ 0.70833689 -0.19685949 -0.67786812  0.02650774]
 [ 0.69882956  0.33091333  0.63414006 -0.10364329]
 [ 0.09947911 -0.92289908  0.37196935 -0.45157358]
 [ 0.          0.          0.          1.        ]]","[[ 0.99579047 -0.05457234 -0.07364243  0.0226445 ]
 [ 0.0915825   0.55959354  0.82369152 -0.09033678]
 [-0.00374095 -0.82696852  0.56223578 -0.44239177]
 [ 0.          0.          0.          1.        ]]"
full_scene,97,30,37,17,30,0.4487406856505385,0.46081179650738713,0.002782534325133657,0.0026872125775533767,"[[ 0.992271   -0.09468915 -0.08020115  0.05797593]
 [ 0.11128208  0.39305217  0.91275752 -0.08464649]
 [-0.054905   -0.91462777  0.40055147 -0.43116787]
 [ 0.          0.          0.          1.        ]]","[[ 0.98667218 -0.04067412 -0.15755517  0.04513746]
 [ 0.16135387  0.36979352  0.914996   -0.08597247]
 [ 0.02104622 -0.92822323  0.3714279  -0.42768455]
 [ 0.          0.          0.          1.        ]]"
full_scene,97,31,37,14,30,0.6406556157839786,0.829567070467255,0.0023497258131840036,0.0016489908997883212,"[[-0.88631433  0.27417138 -0.3731983   0.05842312]
 [ 0.43204796  0.19951169 -0.87950534 -0.12242966]
 [-0.16667777 -0.94075775 -0.29528525 -0.42984351]
 [ 0.          0.          0.          1.        ]]","[[-0.99812113 -0.02076064 -0.05764731  0.04513938]
 [ 0.05024014  0.26126109 -0.96395984 -0.12111269]
 [ 0.03507342 -0.96504489 -0.25972719 -0.43281208]
 [ 0.          0.          0.          1.        ]]"
full_scene,97,33,37,35,30,0.6227992391195526,0.7779859551767044,0.002468951465711298,0.0016496741394246618,"[[-0.9669822   0.20315793 -0.15385799  0.0353708 ]
 [ 0.21888648  0.35290421 -0.90969628 -0.11891787]
 [-0.13051488 -0.91333755 -0.38572061 -0.44538383]
 [ 0.          0.          0.          1.        ]]","[[-0.98470548  0.00982721 -0.17394983  0.03084402]
 [ 0.16713305  0.33528005 -0.92717519 -0.12205905]
 [ 0.04921036 -0.94206725 -0.33179456 -0.44260333]
 [ 0.          0.          0.          1.        ]]"
full_scene,97,34,37,6,30,0.38250690084240335,0.44702441396473064,0.0030066955246119066,0.0026382775232458816,"[[ 0.92468031  0.1971322   0.32573795  0.04828154]
 [-0.37938555  0.40483269  0.83197181 -0.09931405]
 [ 0.03213907 -0.89288823  0.44912993 -0.44398032]
 [ 0.          0.          0.          1.        ]]","[[ 0.99367444  0.04931832  0.10089009  0.04702947]
 [-0.11215413  0.48147604  0.86925386 -0.09794976]
 [-0.00570602 -0.87507058  0.48396169 -0.43742912]
 [ 0.          0.          0.          1.        ]]"
full_scene,97,35,37,16,30,0.6172714140648464,0.73443556114933,0.0022622909757688916,0.0017056759318664543,"[[-0.80309495  0.11765524 -0.58411963  0.03334132]
 [ 0.58870124  0.30808319 -0.74733902 -0.12214313]
 [ 0.09202909 -0.94405614 -0.31668384 -0.45871205]
 [ 0.          0.          0.          1.        ]]","[[-0.97626912 -0.00921196 -0.21636483  0.02179946]
 [ 0.19291824  0.41693722 -0.88822627 -0.12016503]
 [ 0.09839285 -0.9088886  -0.40526578 -0.45273601]
 [ 0.          0.          0.          1.        ]]"
full_scene,97,36,37,25,30,0.37657861239434204,0.7048727813612895,0.0026655693303598432,0.001724656056311764,"[[-0.48798887  0.1782795  -0.85444911  0.02656556]
 [ 0.82815364  0.40380736 -0.38871734 -0.11913561]
 [ 0.27573251 -0.89730487 -0.34469632 -0.46181598]
 [ 0.          0.          0.          1.        ]]","[[-0.94735161  0.00276122 -0.32018324  0.02084063]
 [ 0.2862479   0.45539453 -0.84301718 -0.11805226]
 [ 0.14348194 -0.89028546 -0.43220913 -0.45900268]
 [ 0.          0.          0.          1.        ]]"
full_scene,97,42,37,20,30,0.5115133225589611,0.5964973755345471,0.0024022959829208784,0.0018325885284335517,"[[-0.92925348  0.13860389 -0.34245718  0.02014088]
 [ 0.34172464  0.67474507 -0.6541738  -0.10147861]
 [ 0.14040026 -0.72491934 -0.67437357 -0.48788735]
 [ 0.          0.          0.          1.        ]]","[[-0.95114255 -0.00994022 -0.30859204  0.01076481]
 [ 0.22151068  0.67429126 -0.7044603  -0.10038998]
 [ 0.21508341 -0.7383986  -0.63914524 -0.48633517]
 [ 0.          0.          0.          1.        ]]"
full_scene,97,57,37,9,30,0.4489909752713855,0.4108110813941847,0.0027022698324799875,0.002689603661348888,"[[ 0.95688591  0.26775745  0.11258462  0.02023329]
 [-0.20532383  0.3493651   0.9142134  -0.09922148]
 [ 0.20545431 -0.89791423  0.38927953 -0.43397806]
 [ 0.          0.          0.          1.        ]]","[[ 0.82821896 -0.22212042  0.51450546  0.0076332 ]
 [-0.32025175  0.56581882  0.75979463 -0.09492188]
 [-0.45988277 -0.79404759  0.39748743 -0.43271432]
 [ 0.          0.          0.          1.        ]]"
full_scene,97,61,37,4,30,0.21893190692086556,0.4887870249860553,0.0026725122029604316,0.0025519650137106565,"[[ 0.87575975  0.23715563 -0.42047839  0.00430051]
 [ 0.29216385  0.43300335  0.85272996 -0.08557672]
 [ 0.38429826 -0.86963516  0.3099186  -0.4150152 ]
 [ 0.          0.          0.          1.        ]]","[[ 0.93292081  0.02599545  0.35914203  0.00333379]
 [-0.3506767   0.29205711  0.88979127 -0.09770567]
 [-0.08175946 -0.95604753  0.28158215 -0.41835147]
 [ 0.          0.          0.          1.        ]]"
full_scene,97,62,37,5,30,0.221062944264077,0.30433072555385515,0.0023813960966212588,0.0023727996790249128,"[[-0.12971237  0.30566747 -0.94326142  0.00483269]
 [ 0.97587235 -0.12915103 -0.17604874 -0.15392896]
 [-0.17563555 -0.94333844 -0.28153995 -0.42943593]
 [ 0.          0.          0.          1.        ]]","[[-0.16655114  0.3394076  -0.92577708  0.00456222]
 [ 0.9533969  -0.1841249  -0.23902378 -0.14907223]
 [-0.2515851  -0.92244268 -0.29292394 -0.43559533]
 [ 0.          0.          0.          1.        ]]"
full_scene,97,63,37,10,26,0.40756446745519814,0.6786567313605744,0.0027785275095742585,0.0016837976084483391,"[[-0.93564833  0.00575224 -0.35288682 -0.01275899]
 [ 0.33958732  0.28703546 -0.89570704 -0.12844598]
 [ 0.09613871 -0.95790269 -0.27051763 -0.43736625]
 [ 0.          0.          0.          1.        ]]","[[-0.81347858  0.02057385 -0.58123087 -0.02109641]
 [ 0.56082803  0.29242016 -0.77457238 -0.12393937]
 [ 0.15402769 -0.9560686  -0.24941593 -0.4351155 ]
 [ 0.          0.          0.          1.        ]]"
full_scene,97,65,37,23,22,0.6456041991447246,0.648271571389751,0.0022691770610834953,0.0016702353676169984,"[[-0.85594702  0.0150642  -0.51684404 -0.02950525]
 [ 0.49279981  0.32637596 -0.80661458 -0.11864527]
 [ 0.15653446 -0.94511999 -0.28678417 -0.44335383]
 [ 0.          0.          0.          1.        ]]","[[-0.7632473   0.01605452 -0.64590697 -0.02909888]
 [ 0.60309395  0.37635634 -0.70330192 -0.11931887]
 [ 0.23180001 -0.92633588 -0.29693535 -0.44252416]
 [ 0.          0.          0.          1.        ]]"
full_scene,97,66,37,17,30,0.5837540582674238,0.598356669860839,0.002150082890737529,0.001697281410952946,"[[-0.6319552   0.14593897 -0.76114022 -0.02558852]
 [ 0.75262822  0.3498609  -0.55780652 -0.12399245]
 [ 0.18488749 -0.92536434 -0.33093421 -0.4455271 ]
 [ 0.          0.          0.          1.        ]]","[[-0.75772041  0.01687045 -0.65236122 -0.03123124]
 [ 0.59691412  0.42191676 -0.68240734 -0.11733149]
 [ 0.26372961 -0.9064776  -0.32976515 -0.44614316]
 [ 0.          0.          0.          1.        ]]"
full_scene,97,68,37,12,30,0.4879074357470788,0.45207311317381543,0.0021833309724414818,0.001980780807900825,"[[-0.49977127  0.22823335 -0.83554666 -0.03019901]
 [ 0.85681029  0.27160577 -0.43829949 -0.11673833]
 [ 0.12690473 -0.93495446 -0.33129344 -0.45691457]
 [ 0.          0.          0.          1.        ]]","[[-0.35050653  0.16417488 -0.92205845 -0.02591206]
 [ 0.90788887  0.30129928 -0.29147306 -0.1248324 ]
 [ 0.229963   -0.93928981 -0.25465991 -0.45719828]
 [ 0.          0.          0.          1.        ]]"
full_scene,97,69,37,29,30,0.4195283113316838,0.4109970108268139,0.0022105328350846315,0.002019049047559796,"[[-0.50768005  0.29051897 -0.8110855  -0.0260906 ]
 [ 0.8546951   0.28831674 -0.43170562 -0.11655888]
 [ 0.10843086 -0.91239914 -0.3946778  -0.46620087]
 [ 0.          0.          0.          1.        ]]","[[-0.37090971  0.15739938 -0.91523299 -0.02607269]
 [ 0.89491635  0.32386552 -0.30697859 -0.11918498]
 [ 0.24809417 -0.9329183  -0.26098414 -0.46718771]
 [ 0.          0.          0.          1.        ]]"
full_scene,97,80,37,22,23,0.35502510047340496,0.3791172642629328,0.002612561875305738,0.0019106385084461592,"[[-0.3737686   0.06494005 -0.92524582 -0.06516506]
 [ 0.72029651  0.64879315 -0.24543916 -0.08915877]
 [ 0.58435432 -0.75818879 -0.2892746  -0.44944135]
 [ 0.          0.          0.          1.        ]]","[[-0.49302319  0.09666816 -0.86462905 -0.05987999]
 [ 0.77355028  0.50354315 -0.38479119 -0.09883781]
 [ 0.39818098 -0.85854502 -0.32303614 -0.45618124]
 [ 0.          0.          0.          1.        ]]"
full_scene,97,85,37,7,30,0.555006507530142,0.5571303937413292,0.002302538620205918,0.0017873063650504584,"[[-0.75846374 -0.00912277 -0.65165139 -0.06015382]
 [ 0.60970542  0.34325455 -0.71444777 -0.10976384]
 [ 0.23020005 -0.93919811 -0.25478392 -0.43695957]
 [ 0.          0.          0.          1.        ]]","[[-0.55090038  0.02317705 -0.83424912 -0.05683609]
 [ 0.78122557  0.36597169 -0.50571863 -0.10942907]
 [ 0.29359049 -0.93033733 -0.21972045 -0.43773547]
 [ 0.          0.          0.          1.        ]]"
full_scene,97,86,37,10,30,0.5125573878344942,0.4481542928245541,0.0021358457720171355,0.002088985893810613,"[[-0.30976086  0.20364687 -0.92874978 -0.04998604]
 [ 0.95073291  0.05354307 -0.30535239 -0.11901215]
 [-0.01245594 -0.9775792  -0.21019933 -0.43814116]
 [ 0.          0.          0.          1.        ]]","[[-0.20959009  0.1662877  -0.96354574 -0.04703406]
 [ 0.97672186  0.08163918 -0.19836695 -0.12656069]
 [ 0.0456771  -0.98269194 -0.17952759 -0.43708113]
 [ 0.          0.          0.          1.        ]]"
full_scene,97,87,37,13,30,0.5002574407528712,0.519544043822137,0.0021948056598939435,0.0021341898407108983,"[[-0.41065106  0.17025698 -0.8957557  -0.04579588]
 [ 0.91162929  0.05807414 -0.40688996 -0.12577833]
 [-0.01725561 -0.98368692 -0.17905946 -0.42942693]
 [ 0.          0.          0.          1.        ]]","[[-0.22836685  0.17798598 -0.95716747 -0.0467386 ]
 [ 0.97349644  0.05424782 -0.2221753  -0.12542549]
 [ 0.01238016 -0.9825366  -0.18565712 -0.43191755]
 [ 0.          0.          0.          1.        ]]"
full_scene,97,88,37,75,30,0.5570874869491841,0.5391166921723709,0.002063448308475672,0.0018744980405658793,"[[-0.3274429   0.11441056 -0.93791864 -0.04312627]
 [ 0.94334408  0.09599376 -0.31762736 -0.12500991]
 [ 0.05369441 -0.98878482 -0.139361   -0.43107594]
 [ 0.          0.          0.          1.        ]]","[[-0.37181519  0.14385535 -0.91709274 -0.04215733]
 [ 0.92790993  0.08647752 -0.3626359  -0.12540878]
 [ 0.02714079 -0.985813   -0.16563847 -0.43436315]
 [ 0.          0.          0.          1.        ]]"
full_scene,97,89,37,90,30,0.6178077489666615,0.6458258842374748,0.0025200515403614792,0.0018307761790051916,"[[-0.5920447   0.15752528 -0.79035996 -0.0409065 ]
 [ 0.8050487   0.16080084 -0.57099884 -0.1210271 ]
 [ 0.03714379 -0.9743351  -0.2220168  -0.4243121 ]
 [ 0.          0.          0.          1.        ]]","[[-0.62762005  0.05185663 -0.77679081 -0.04279581]
 [ 0.76902919  0.19661801 -0.6082232  -0.1204508 ]
 [ 0.12119066 -0.97910788 -0.16328067 -0.42657026]
 [ 0.          0.          0.          1.        ]]"
full_scene,97,90,37,35,30,0.4331869734979047,0.530049056765686,0.0025473005782205307,0.002070172891621314,"[[-0.63008285  0.27762757 -0.72520241 -0.02370313]
 [ 0.7385003  -0.07443407 -0.67013198 -0.13639517]
 [-0.24002688 -0.95780087 -0.15812841 -0.4248985 ]
 [ 0.          0.          0.          1.        ]]","[[-0.42151855  0.16950894 -0.89083603 -0.02685564]
 [ 0.90307244 -0.01074868 -0.42935374 -0.13215826]
 [-0.08235461 -0.98547003 -0.14854808 -0.43009461]
 [ 0.          0.          0.          1.        ]]"
full_scene,97,91,37,11,30,0.4527238661880176,0.4448647720934224,0.002691958184706235,0.0026946876041663063,"[[ 0.777255    0.17328083  0.60485405 -0.04406635]
 [-0.62829996  0.16276663  0.76075369 -0.08863064]
 [ 0.03337398 -0.97132939  0.23538352 -0.40850053]
 [ 0.          0.          0.          1.        ]]","[[ 0.45824776 -0.0349053   0.88813885 -0.04552318]
 [-0.79707468  0.42600922  0.42800478 -0.08648896]
 [-0.39329498 -0.90404522  0.16739564 -0.41128482]
 [ 0.          0.          0.          1.        ]]"
full_scene,97,99,37,3,30,0.3176175288548177,0.34003632775068293,0.002738432146057529,0.001996839630997952,"[[ 0.08007402  0.1464666  -0.98596941 -0.08443484]
 [ 0.99439623  0.05675683  0.08918967 -0.0936128 ]
 [ 0.0690238  -0.98758605 -0.14110109 -0.43704139]
 [ 0.          0.          0.          1.        ]]","[[-0.02848525  0.06336501 -0.99758381 -0.0817223 ]
 [ 0.96366298  0.26691214 -0.01056281 -0.10129768]
 [ 0.26559792 -0.96163547 -0.06866558 -0.43890053]
 [ 0.          0.          0.          1.        ]]"
full_scene,97,226,37,8,30,0.7739598678470802,0.7738311474706446,0.0018954522564486004,0.001820083791116443,"[[-0.98584555  0.01426346  0.1670482  -0.07277267]
 [-0.09420139  0.77709932 -0.62228831  0.06503309]
 [-0.13868902 -0.62921634 -0.76475627 -0.31379912]
 [ 0.          0.          0.          1.        ]]","[[-0.98281346 -0.02544595  0.18283929 -0.07396001]
 [-0.13524666  0.77337145 -0.61935849  0.06572499]
 [-0.12564252 -0.63344227 -0.76352135 -0.31412335]
 [ 0.          0.          0.          1.        ]]"
full_scene,97,253,37,44,15,0.7498462506614797,0.780116992519916,0.0018303289264388675,0.0015837037069646874,"[[-0.99821345 -0.00154625  0.05972862 -0.05193945]
 [-0.04173114  0.7334669  -0.67844293  0.08375486]
 [-0.04275992 -0.67972341 -0.73222106 -0.31865185]
 [ 0.          0.          0.          1.        ]]","[[-0.99947999 -0.00885746  0.03100464 -0.05253119]
 [-0.02785653  0.72147002 -0.69188512  0.08145746]
 [-0.01624058 -0.69238902 -0.72134159 -0.31646511]
 [ 0.          0.          0.          1.        ]]"
full_scene,97,254,37,34,26,0.7391696105493499,0.7955205309000415,0.0021495270041825753,0.0015225716645649128,"[[-0.98970859 -0.12223494 -0.07440119 -0.05041151]
 [-0.03735451  0.72259507 -0.69026155  0.07692154]
 [ 0.13813601 -0.68037856 -0.71972457 -0.31310949]
 [ 0.          0.          0.          1.        ]]","[[-0.99899542 -0.01803166  0.04102447 -0.0538631 ]
 [-0.04059541  0.75184975 -0.65808355  0.07724529]
 [-0.01897791 -0.65908786 -0.75182646 -0.31362806]
 [ 0.          0.          0.          1.        ]]"
full_scene,98,1,37,15,30,0.5417411576252521,0.6438450206667715,0.0027595347121969283,0.0022342829115806454,"[[-0.33225109  0.91424465 -0.23187485  0.14775038]
 [ 0.29357368 -0.13338767 -0.9465845  -0.10330365]
 [-0.89633906 -0.38257608 -0.22407997 -0.4717798 ]
 [ 0.          0.          0.          1.        ]]","[[-0.27789933  0.94918256 -0.14773093  0.15266283]
 [ 0.34127732 -0.04620078 -0.93882654 -0.10343049]
 [-0.89794307 -0.31131648 -0.31109532 -0.4760027 ]
 [ 0.          0.          0.          1.        ]]"
full_scene,98,2,37,8,30,0.16232354581730288,0.3416238790600552,0.00306367424932878,0.0027898137479603715,"[[ 0.48182379 -0.69658733  0.53161257  0.17325377]
 [ 0.21784678  0.6828537   0.69731887 -0.10936899]
 [-0.8487571  -0.22017473  0.48076446 -0.4653063 ]
 [ 0.          0.          0.          1.        ]]","[[ 0.38787056 -0.88134848  0.26978008  0.18363768]
 [ 0.15599323  0.35124108  0.92319869 -0.08984628]
 [-0.9084176  -0.31599772  0.27372047 -0.46586129]
 [ 0.          0.          0.          1.        ]]"
full_scene,98,3,37,16,30,0.3967090490424634,0.5041047497818905,0.0028793392947005607,0.0028424696184912593,"[[-0.03231323  0.99920558 -0.02332528  0.1328117 ]
 [ 0.70868245  0.006449   -0.70549812 -0.11670312]
 [-0.70478723 -0.03932714 -0.70832785 -0.49237757]
 [ 0.          0.          0.          1.        ]]","[[ 0.07183267  0.97181955 -0.22451463  0.13631257]
 [ 0.75456081 -0.20015539 -0.62496064 -0.11597472]
 [-0.65228678 -0.12451735 -0.74767465 -0.48994787]
 [ 0.          0.          0.          1.        ]]"
full_scene,98,4,37,21,30,0.5658118680187073,0.6059797765986356,0.002812329196911025,0.002819265766220852,"[[ 0.16755154  0.94564477 -0.27871571  0.1311765 ]
 [ 0.57235913 -0.32349447 -0.75349609 -0.11039483]
 [-0.80270263 -0.03327605 -0.59545042 -0.49910934]
 [ 0.          0.          0.          1.        ]]","[[ 0.1018019   0.94449996 -0.31233988  0.13443855]
 [ 0.56196636 -0.31367589 -0.76537654 -0.1117695 ]
 [-0.8208716  -0.09760772 -0.56271001 -0.49767348]
 [ 0.          0.          0.          1.        ]]"
full_scene,98,5,37,8,30,0.38380125573878343,0.5115276248230095,0.002877628516570094,0.0026639087869868593,"[[-0.0975597   0.97846251 -0.18191542  0.10413018]
 [ 0.77490247 -0.04001719 -0.6308128  -0.11672491]
 [-0.62450642 -0.20250862 -0.75430895 -0.50031592]
 [ 0.          0.          0.          1.        ]]","[[-0.00611166  0.95159878 -0.3072823   0.11136666]
 [ 0.66298384 -0.22618685 -0.71364693 -0.10769804]
 [-0.74860876 -0.20808477 -0.62951224 -0.50058772]
 [ 0.          0.          0.          1.        ]]"
full_scene,98,7,37,13,30,0.4686708906019823,0.5450592828844806,0.0027747178176637326,0.0023620058496281147,"[[ 0.09799947  0.96432172 -0.24592625  0.1293256 ]
 [ 0.76256418 -0.23154507 -0.60405525 -0.10577662]
 [-0.63944661 -0.12833746 -0.7580485  -0.5160088 ]
 [ 0.          0.          0.          1.        ]]","[[-0.01171736  0.92015256 -0.39138469  0.13062691]
 [ 0.67669563 -0.28086811 -0.68058513 -0.11043114]
 [-0.73616963 -0.27282297 -0.61937218 -0.51355662]
 [ 0.          0.          0.          1.        ]]"
full_scene,98,8,37,29,30,0.5188432328837655,0.6495945308142279,0.0020597632124996507,0.0022426446410043293,"[[ 0.02823276  0.95409054 -0.29818477  0.1219799 ]
 [ 0.53587461 -0.26626276 -0.80121317 -0.1034728 ]
 [-0.84382541 -0.13716919 -0.51879022 -0.52063703]
 [ 0.          0.          0.          1.        ]]","[[ 0.03894925  0.91806817 -0.39450448  0.12446413]
 [ 0.637378   -0.32688464 -0.69777913 -0.10576299]
 [-0.76956627 -0.2242705  -0.59788837 -0.51877671]
 [ 0.          0.          0.          1.        ]]"
full_scene,98,10,37,11,25,0.49058911025615354,0.7225432285930863,0.0025665870289174005,0.00174932179216025,"[[ 0.08140899 -0.91560965 -0.39374045  0.12081278]
 [-0.38598697  0.33526101 -0.85942662 -0.10109947]
 [ 0.91890513  0.22194373 -0.32612013 -0.53157524]
 [ 0.          0.          0.          1.        ]]","[[-0.0238188  -0.93663125 -0.34950617  0.12205499]
 [-0.68969107  0.2684807  -0.67249115 -0.09798316]
 [ 0.72371189  0.22503335 -0.6523811  -0.5299258 ]
 [ 0.          0.          0.          1.        ]]"
full_scene,98,11,37,20,30,0.5374075716185872,0.7220140448232956,0.0022908854701979495,0.0017653215106353543,"[[ 0.20145072 -0.95495945 -0.21787625  0.12119218]
 [-0.7027116   0.01405448 -0.71133598 -0.08861505]
 [ 0.68235916  0.29640331 -0.6682298  -0.53654602]
 [ 0.          0.          0.          1.        ]]","[[-0.05617494 -0.9320121  -0.35804724  0.12092626]
 [-0.7332308   0.28191112 -0.6187881  -0.09367998]
 [ 0.67765549  0.22777088 -0.69921632 -0.53435781]
 [ 0.          0.          0.          1.        ]]"
full_scene,98,12,37,6,30,0.22769204365050988,0.3052031636608075,0.003125225714246186,0.002353056306077291,"[[-0.88597135 -0.03739885 -0.46222949  0.13885738]
 [ 0.23666811  0.82070337 -0.52003286 -0.12363237]
 [ 0.39880193 -0.57012919 -0.71826856 -0.52938585]
 [ 0.          0.          0.          1.        ]]","[[-0.85931049  0.19772142 -0.47169029  0.12472555]
 [ 0.48009799  0.62978495 -0.61063642 -0.11466433]
 [ 0.17632754 -0.75118384 -0.63610647 -0.5161555 ]
 [ 0.          0.          0.          1.        ]]"
full_scene,98,13,37,22,28,0.5909123414236473,0.6557158998269426,0.0027928858635014506,0.002302126767315393,"[[ 0.12282896  0.92754904 -0.35293884  0.11151695]
 [ 0.84733541 -0.28315758 -0.44927106 -0.08443177]
 [-0.51665825 -0.24387408 -0.8207251  -0.54463762]
 [ 0.          0.          0.          1.        ]]","[[ 0.06786087  0.8927856  -0.44534119  0.1135365 ]
 [ 0.85705627 -0.28066843 -0.43206456 -0.08238584]
 [-0.51073423 -0.35236218 -0.7842139  -0.54303484]
 [ 0.          0.          0.          1.        ]]"
full_scene,98,17,37,10,30,0.4846608218080922,0.592299661036342,0.0028324010620536574,0.002270382806170003,"[[ 0.12787037  0.88477884 -0.44812451  0.07752535]
 [ 0.95771672 -0.22757201 -0.17603883 -0.09566204]
 [-0.25773603 -0.40666618 -0.8764672  -0.54907725]
 [ 0.          0.          0.          1.        ]]","[[ 0.25678602  0.80908223 -0.52862736  0.08381413]
 [ 0.93174573 -0.35254176 -0.0869724  -0.10418932]
 [-0.25673104 -0.47021299 -0.84438671 -0.54695121]
 [ 0.          0.          0.          1.        ]]"
full_scene,98,18,37,5,30,0.4645947453481886,0.603305253221585,0.0025793393799986948,0.001967810081550047,"[[ 0.33414389  0.75116856 -0.56929224  0.07109668]
 [ 0.66531545 -0.61581545 -0.42205058 -0.08198614]
 [-0.66761008 -0.2377333  -0.70553502 -0.54700531]
 [ 0.          0.          0.          1.        ]]","[[ 0.13683396  0.83067341 -0.53968338  0.06408149]
 [ 0.79993092 -0.41400321 -0.43440978 -0.0864594 ]
 [-0.58428331 -0.37226742 -0.72113105 -0.53786366]
 [ 0.          0.          0.          1.        ]]"
full_scene,98,19,37,38,30,0.5128648865115347,0.6183440838684764,0.0026776357554821285,0.002405060168781476,"[[-0.07697527  0.7610449  -0.64411603  0.08264298]
 [ 0.75078518 -0.38084413 -0.53970304 -0.09390522]
 [-0.65604606 -0.52513656 -0.54206565 -0.54305765]
 [ 0.          0.          0.          1.        ]]","[[ 0.09046163  0.79464157 -0.60030115  0.09064823]
 [ 0.76032087 -0.4444164  -0.47371536 -0.10414632]
 [-0.64321759 -0.41356843 -0.6443852  -0.54485946]
 [ 0.          0.          0.          1.        ]]"
full_scene,98,20,37,18,30,0.487235229336804,0.6418856104921409,0.002760337290391527,0.002256717851907546,"[[ 0.07808656  0.76332017 -0.64128372  0.07409155]
 [ 0.67964547 -0.51136318 -0.525918   -0.10431427]
 [-0.72937269 -0.39477845 -0.55871769 -0.53031428]
 [ 0.          0.          0.          1.        ]]","[[ 0.09623468  0.83076009 -0.54824862  0.07147432]
 [ 0.790792   -0.39831217 -0.46475308 -0.10136128]
 [-0.60447241 -0.38882526 -0.69528988 -0.53026143]
 [ 0.          0.          0.          1.        ]]"
full_scene,98,22,37,4,30,0.294033095439008,0.3074772236445029,0.0023169155127694308,0.002344394569405785,"[[-0.87705785 -0.20027362 -0.43664631  0.10402783]
 [ 0.14925215  0.75036338 -0.64395542 -0.11571604]
 [ 0.45661069 -0.62995656 -0.62822083 -0.53968362]
 [ 0.          0.          0.          1.        ]]","[[-0.78226427  0.07588054 -0.61830798  0.10956076]
 [ 0.5034368   0.66159212 -0.55574028 -0.12048931]
 [ 0.36689781 -0.74601476 -0.55574093 -0.53960276]
 [ 0.          0.          0.          1.        ]]"
full_scene,98,23,37,2,30,0.27397417011112857,0.3581358429039317,0.0027401336600235164,0.0024787167704199706,"[[ 0.15763391 -0.75776711  0.63319867  0.12490153]
 [-0.04944351  0.63435462  0.77145937 -0.10492365]
 [-0.98625904 -0.15291572  0.06252914 -0.50321538]
 [ 0.          0.          0.          1.        ]]","[[ 0.27217291 -0.82275288  0.4989986   0.10513779]
 [ 0.36234684  0.56803626  0.73894491 -0.09302981]
 [-0.89141835 -0.02031022  0.45272599 -0.50805197]
 [ 0.          0.          0.          1.        ]]"
full_scene,98,25,37,10,30,0.2875541698250833,0.34627926600780906,0.002928824889850156,0.0026058518178050604,"[[-0.34480445 -0.86132905  0.37312485  0.12999217]
 [ 0.79088001 -0.05247504  0.60971729 -0.10645653]
 [-0.50558748  0.50533022  0.69930156 -0.50404417]
 [ 0.          0.          0.          1.        ]]","[[-0.16044852 -0.83891189  0.52007991  0.14404281]
 [ 0.63703857  0.31446205  0.70377232 -0.11471167]
 [-0.75394836  0.44423019  0.48396426 -0.51010335]
 [ 0.          0.          0.          1.        ]]"
full_scene,98,26,37,16,30,0.6023112458702212,0.7313105164547548,0.0020955728717370592,0.0017900032013735522,"[[ 0.20218221 -0.89139047 -0.40564193  0.10601704]
 [-0.50550103  0.25976952 -0.82279311 -0.13149804]
 [ 0.83880335  0.37140654 -0.39807803 -0.50877682]
 [ 0.          0.          0.          1.        ]]","[[-0.00376905 -0.91036913 -0.41377995  0.10595189]
 [-0.51146925  0.35731839 -0.78148754 -0.13292244]
 [ 0.85929331  0.20869025 -0.46697257 -0.50341089]
 [ 0.          0.          0.          1.        ]]"
full_scene,98,28,37,11,21,0.6901915073156081,0.7534146655415552,0.0021503437523449228,0.001837514444307817,"[[-0.05024707 -0.91028054 -0.41093134  0.11545452]
 [-0.37806046  0.398169   -0.83578211 -0.13205501]
 [ 0.92441631  0.11336129 -0.36414791 -0.49168081]
 [ 0.          0.          0.          1.        ]]","[[-0.01942334 -0.93316613 -0.35892019  0.11532191]
 [-0.38203266  0.33867459 -0.85985497 -0.13341205]
 [ 0.92394469  0.12041798 -0.36307813 -0.49101546]
 [ 0.          0.          0.          1.        ]]"
full_scene,98,29,37,20,23,0.6868447775282828,0.7827486091048212,0.0022124871817911273,0.0019258494204959485,"[[ 0.09319403 -0.95422731 -0.28419203  0.12260048]
 [-0.40035907  0.22542608 -0.88819801 -0.12931309]
 [ 0.91160709  0.19655361 -0.36102519 -0.48527527]
 [ 0.          0.          0.          1.        ]]","[[-0.03039319 -0.94724106 -0.31907779  0.12220134]
 [-0.34182697  0.3098279  -0.88722094 -0.13140796]
 [ 0.9392713   0.08210392 -0.3332092  -0.48422214]
 [ 0.          0.          0.          1.        ]]"
full_scene,98,30,37,14,18,0.6394399233398647,0.6340050630014731,0.0029694578257381523,0.002187250515319611,"[[-0.16660161 -0.96975744 -0.17836595  0.13267754]
 [-0.3759788   0.22970567 -0.89770555 -0.12690213]
 [ 0.9115283  -0.08249738 -0.40287757 -0.48079529]
 [ 0.          0.          0.          1.        ]]","[[-0.08111574 -0.96157321 -0.26229221  0.13242256]
 [-0.22297001  0.27399656 -0.93552673 -0.12603774]
 [ 0.9714446  -0.01740264 -0.23662742 -0.48020188]
 [ 0.          0.          0.          1.        ]]"
full_scene,98,31,37,2,30,0.2801527481800369,0.8189047326191736,0.002738034533811726,0.001913397616024475,"[[ 0.68718985 -0.43465985 -0.58210044  0.09490694]
 [-0.54369581  0.22372957 -0.80891281 -0.14338391]
 [ 0.48183501  0.87236225 -0.08257805 -0.47684465]
 [ 0.          0.          0.          1.        ]]","[[-0.01352664 -0.90853399 -0.41759193  0.10455126]
 [-0.29696173  0.40243721 -0.86594343 -0.14800731]
 [ 0.95479357  0.11229552 -0.27524345 -0.47732335]
 [ 0.          0.          0.          1.        ]]"
full_scene,98,33,37,13,30,0.5250861711408916,0.5238704786967777,0.002652508180278436,0.0021321410229536942,"[[ 0.12528676  0.83583546 -0.53449258  0.06265342]
 [ 0.47660667 -0.52320762 -0.70647    -0.136252  ]
 [-0.87014327 -0.16623139 -0.46391574 -0.49101469]
 [ 0.          0.          0.          1.        ]]","[[ 0.0161183   0.84639019 -0.53231931  0.06031573]
 [ 0.29960226 -0.51201462 -0.80503386 -0.13443694]
 [-0.95392803 -0.14650829 -0.26183322 -0.49283925]
 [ 0.          0.          0.          1.        ]]"
full_scene,98,35,37,20,30,0.2900928216936741,0.4181481428510133,0.0029280485203063773,0.00277782879681804,"[[ 0.37199716  0.86905035  0.32614354  0.08415405]
 [-0.35272654 -0.1926578   0.91567842 -0.12098349]
 [ 0.85860474 -0.45566925  0.23486896 -0.49224767]
 [ 0.          0.          0.          1.        ]]","[[ 0.15357638  0.78434809  0.60100945  0.09160845]
 [-0.48014626 -0.47235953  0.73914548 -0.12350581]
 [ 0.86363989 -0.40208773  0.30405854 -0.49509339]
 [ 0.          0.          0.          1.        ]]"
full_scene,98,41,37,8,30,0.40034897524278096,0.6345270956392397,0.0027232209586398946,0.0022469762393341522,"[[ 0.18897098  0.65037602 -0.73573161  0.04088701]
 [ 0.84178968 -0.49308733 -0.21967025 -0.11646264]
 [-0.5056482  -0.57781997 -0.64065902 -0.52919296]
 [ 0.          0.          0.          1.        ]]","[[ 0.06781658  0.71685528 -0.693916    0.05363111]
 [ 0.81809353 -0.43806244 -0.3725913  -0.12376459]
 [-0.57107258 -0.54242032 -0.61616257 -0.5341938 ]
 [ 0.          0.          0.          1.        ]]"
full_scene,98,43,37,10,30,0.4848539023727456,0.6054076860366996,0.002568819134332751,0.0019697021619883943,"[[ 0.05894367  0.65270006 -0.75531998  0.03546971]
 [ 0.77765658 -0.50444094 -0.37521938 -0.0926864 ]
 [-0.62592003 -0.56526275 -0.5373101  -0.5398185 ]
 [ 0.          0.          0.          1.        ]]","[[ 0.14396785  0.72267748 -0.67602553  0.03337366]
 [ 0.78325416 -0.50073212 -0.36848374 -0.09589069]
 [-0.6048026  -0.47644999 -0.63812947 -0.53637503]
 [ 0.          0.          0.          1.        ]]"
full_scene,98,44,37,15,30,0.4447718073771078,0.5690227262975729,0.0027596313393492716,0.0018403681782534094,"[[ 0.38296696  0.56107833 -0.73384427  0.04719113]
 [ 0.68476151 -0.70563467 -0.18215757 -0.08826118]
 [-0.62003063 -0.43274798 -0.65443961 -0.55057282]
 [ 0.          0.          0.          1.        ]]","[[ 0.15049447  0.70870398 -0.68926779  0.03510113]
 [ 0.76924737 -0.52188281 -0.36864184 -0.08775703]
 [-0.62097495 -0.47473888 -0.62370916 -0.54437762]
 [ 0.          0.          0.          1.        ]]"
full_scene,98,45,37,1,30,0.17473791101131309,0.35995938157010254,0.003151515745912607,0.0028766637741321262,"[[ 0.18600917  0.83472072  0.51830677  0.06828184]
 [-0.92044469 -0.03653209  0.38916189 -0.09874896]
 [ 0.34377632 -0.54946039  0.76151895 -0.54733203]
 [ 0.          0.          0.          1.        ]]","[[-0.07176936  0.73239796  0.67708374  0.07450751]
 [-0.9567378  -0.24244966  0.16084448 -0.09282078]
 [ 0.28196089 -0.6362479   0.71811327 -0.54302613]
 [ 0.          0.          0.          1.        ]]"
full_scene,98,50,37,7,30,0.14201433086857648,0.3342010040189362,0.003063965503008675,0.002612396904522681,"[[ 0.09668209 -0.67751206  0.72912961  0.05722212]
 [ 0.64889546  0.59837953  0.46997512 -0.13622093]
 [-0.75471004  0.42769072  0.49748709 -0.54467716]
 [ 0.          0.          0.          1.        ]]","[[ 0.19381008 -0.56354255  0.80303016  0.06818437]
 [ 0.69569702  0.65608085  0.29251252 -0.13355888]
 [-0.69169596  0.50197382  0.51920996 -0.54572394]
 [ 0.          0.          0.          1.        ]]"
full_scene,98,51,37,5,30,0.27206481786066733,0.5446016104349318,0.0027174409884697607,0.0018846715818568948,"[[ 0.33138196  0.25093672 -0.90951457  0.01642461]
 [ 0.13322376 -0.96676942 -0.21819331 -0.10589577]
 [-0.93404359 -0.04886362 -0.35380068 -0.53655575]
 [ 0.          0.          0.          1.        ]]","[[ 0.10360969  0.61088281 -0.78491224  0.0051442 ]
 [ 0.59755404 -0.66909265 -0.44186445 -0.11379388]
 [-0.79510641 -0.42324604 -0.43435998 -0.52285042]
 [ 0.          0.          0.          1.        ]]"
full_scene,98,52,37,18,30,0.47654428696062584,0.5602840429640012,0.0024380313963639276,0.002181171250568236,"[[-0.17359438  0.62270918 -0.76295365  0.03028271]
 [ 0.90378154 -0.20701446 -0.37459838 -0.14394703]
 [-0.39120829 -0.7545716  -0.52685651 -0.5327738 ]
 [ 0.          0.          0.          1.        ]]","[[-0.06230926  0.5753176  -0.81555332  0.02819442]
 [ 0.6955294  -0.56101055 -0.44889422 -0.1431969 ]
 [-0.71579076 -0.59521158 -0.36519415 -0.53079   ]
 [ 0.          0.          0.          1.        ]]"
full_scene,98,53,37,20,30,0.5012299947081623,0.5853559118408445,0.002283863676201532,0.0021562632167904097,"[[-0.2991522   0.58562568 -0.75335949  0.02060433]
 [ 0.72259368 -0.37659679 -0.57968373 -0.14112567]
 [-0.62319044 -0.71778648 -0.31050965 -0.51442316]
 [ 0.          0.          0.          1.        ]]","[[-0.10681506  0.60265759 -0.7908188   0.02162891]
 [ 0.6968351  -0.52197288 -0.49189953 -0.14018819]
 [-0.70923295 -0.60361258 -0.3641984  -0.51829028]
 [ 0.          0.          0.          1.        ]]"
full_scene,98,55,37,7,30,0.22968720948526153,0.6379524878788312,0.003004399154114713,0.002345012411370512,"[[-0.08631988  0.88665904 -0.45429574  0.02857523]
 [ 0.77015241 -0.2298796  -0.59499632 -0.160798  ]
 [-0.6319922  -0.40123697 -0.66301942 -0.5046337 ]
 [ 0.          0.          0.          1.        ]]","[[-0.01458761  0.61843033 -0.78570423  0.02818269]
 [ 0.64873856 -0.59209343 -0.47808332 -0.15161715]
 [-0.76087153 -0.51669072 -0.39256237 -0.50471593]
 [ 0.          0.          0.          1.        ]]"
full_scene,98,56,37,11,29,0.30870006722064103,0.30466682875899254,0.002707070490233272,0.002817802847900659,"[[-0.1182174  -0.63238743  0.76557872  0.08581331]
 [ 0.66439514  0.52261023  0.53428236 -0.15787389]
 [-0.73797273  0.57180825  0.35837351 -0.51211652]
 [ 0.          0.          0.          1.        ]]","[[-0.12740659 -0.58433607  0.80144801  0.08617557]
 [ 0.54981185  0.63091586  0.54740488 -0.16307785]
 [-0.82551468  0.5103886   0.24089206 -0.51512979]
 [ 0.          0.          0.          1.        ]]"
full_scene,98,57,37,3,19,0.3211716414708448,0.39687352507902,0.0027881356442253785,0.0027143157425075864,"[[ 0.0778479   0.65834378  0.74868095  0.067141  ]
 [-0.30768195 -0.69843743  0.64615553 -0.13577732]
 [ 0.94829928 -0.28065746  0.14818861 -0.49109534]
 [ 0.          0.          0.          1.        ]]","[[ 0.0483321   0.67020005  0.74060509  0.06597204]
 [-0.27591167 -0.70366286  0.65477579 -0.13916441]
 [ 0.95996706 -0.23598827  0.15090651 -0.49071685]
 [ 0.          0.          0.          1.        ]]"
full_scene,98,58,37,23,23,0.4117407285573306,0.5855132367453768,0.002786946716371994,0.0022391215493667194,"[[-0.04897913  0.84055365 -0.5395096   0.0429937 ]
 [ 0.41442629 -0.47436308 -0.77667916 -0.16115608]
 [-0.90876394 -0.26162803 -0.32511364 -0.48546523]
 [ 0.          0.          0.          1.        ]]","[[ 0.03040105  0.71703772 -0.69637109  0.0397624 ]
 [ 0.40602165 -0.64548318 -0.64691413 -0.15487668]
 [-0.91335765 -0.26307487 -0.31075621 -0.4873514 ]
 [ 0.          0.          0.          1.        ]]"
full_scene,98,59,37,105,30,0.5741071811667787,0.6256310874011356,0.0024684368162116526,0.001973323061510279,"[[-0.03542056  0.80371204 -0.59396325  0.03660539]
 [ 0.39044949 -0.53596931 -0.74852261 -0.15165565]
 [-0.91994271 -0.25842574 -0.29482462 -0.47761239]
 [ 0.          0.          0.          1.        ]]","[[ 0.0285025   0.77255474 -0.63430812  0.0342216 ]
 [ 0.34635775 -0.60288781 -0.7187229  -0.14521088]
 [-0.93766941 -0.19921213 -0.28476413 -0.4793894 ]
 [ 0.          0.          0.          1.        ]]"
full_scene,98,60,37,16,30,0.45692873181824684,0.5306783563838156,0.002410248980939516,0.0025214602693648114,"[[-0.34196722  0.75664891 -0.55726191  0.07075705]
 [ 0.2929096  -0.47764286 -0.82828815 -0.16281592]
 [-0.8928955  -0.44647477 -0.05829153 -0.47870047]
 [ 0.          0.          0.          1.        ]]","[[ 0.03595996  0.76083087 -0.64795314  0.07346343]
 [ 0.35743518 -0.61527414 -0.70262211 -0.16646622]
 [-0.9332454  -0.20633498 -0.29407295 -0.47486846]
 [ 0.          0.          0.          1.        ]]"
full_scene,98,62,37,1,30,0.4523520073227592,0.5032323116749381,0.0028243442971092846,0.0022257822660581737,"[[ 0.17327376  0.68670959 -0.70597886  0.00294143]
 [ 0.12334267 -0.72630874 -0.67621165 -0.1548818 ]
 [-0.97711964  0.03009242 -0.21055085 -0.48248029]
 [ 0.          0.          0.          1.        ]]","[[ 0.10164331  0.61694358 -0.78041608  0.00819363]
 [ 0.24597846 -0.77570632 -0.58118353 -0.15976326]
 [-0.96393114 -0.13289213 -0.23060019 -0.47824804]
 [ 0.          0.          0.          1.        ]]"
full_scene,98,63,37,66,30,0.3369684921123014,0.3330425206310159,0.0028721723853128347,0.0027267758303506622,"[[ 0.13585068  0.60311826  0.78599806  0.02699724]
 [-0.64472363 -0.54856411  0.53236159 -0.14202379]
 [ 0.75224733 -0.57907321  0.31432179 -0.47251001]
 [ 0.          0.          0.          1.        ]]","[[ 0.14848002  0.55172373  0.82070373  0.03378938]
 [-0.46004641 -0.69609679  0.5511865  -0.14729909]
 [ 0.8753919  -0.45940199  0.15046206 -0.48272554]
 [ 0.          0.          0.          1.        ]]"
full_scene,98,64,37,18,30,0.5193223587293868,0.5235057709635436,0.002336548981762688,0.002255966658162174,"[[ 0.07872592  0.56752988 -0.81958042 -0.00986854]
 [ 0.3125646  -0.79472894 -0.52029731 -0.14878272]
 [-0.94662854 -0.21521094 -0.23995551 -0.48903736]
 [ 0.          0.          0.          1.        ]]","[[ 0.07887743  0.53685689 -0.839978   -0.00977864]
 [ 0.30987255 -0.8140663  -0.49119757 -0.1463505 ]
 [-0.94750058 -0.22154172 -0.23056867 -0.4904648 ]
 [ 0.          0.          0.          1.        ]]"
full_scene,98,65,37,11,30,0.4572433816273116,0.537507687466926,0.0028602661767092607,0.0022715530131832778,"[[ 0.34570846  0.53718906 -0.7693592  -0.01726082]
 [ 0.34506963 -0.8352413  -0.42813422 -0.14020892]
 [-0.8725896  -0.11747287 -0.47411762 -0.49932517]
 [ 0.          0.          0.          1.        ]]","[[ 0.08634094  0.52860846 -0.84446334 -0.0165339 ]
 [ 0.39828556 -0.79526095 -0.45708712 -0.14021241]
 [-0.91318884 -0.29687223 -0.2792007  -0.49338455]
 [ 0.          0.          0.          1.        ]]"
full_scene,98,66,37,19,30,0.5258227377393841,0.5667915731060227,0.0024800520757416616,0.002220576657072007,"[[ 0.10111127  0.53696491 -0.83752325 -0.00813732]
 [ 0.56254151 -0.72519678 -0.39703487 -0.15491935]
 [-0.82056295 -0.4309969  -0.37539062 -0.50120238]
 [ 0.          0.          0.          1.        ]]","[[ 0.06971495  0.49060747 -0.86858744 -0.01285424]
 [ 0.4792858  -0.78009899 -0.40215755 -0.14699429]
 [-0.87488568 -0.38826523 -0.28952575 -0.50139626]
 [ 0.          0.          0.          1.        ]]"
full_scene,98,68,37,23,30,0.4619988844234042,0.5498290879446216,0.0024417562246537125,0.002554987680876198,"[[ 0.0963013   0.52687864 -0.84446726 -0.01028048]
 [ 0.69854537 -0.64015491 -0.31974373 -0.15045053]
 [-0.709056   -0.55910696 -0.42969639 -0.51651866]
 [ 0.          0.          0.          1.        ]]","[[ 0.09050876  0.44280192 -0.89203959 -0.0134398 ]
 [ 0.62122749 -0.72518886 -0.29694701 -0.14606293]
 [-0.77838587 -0.52728321 -0.34071667 -0.51440195]
 [ 0.          0.          0.          1.        ]]"
full_scene,98,70,37,5,30,0.4966461190806505,0.518142421945394,0.001754878691819203,0.0017617255829497362,"[[ 0.08607928  0.44980578 -0.88896857 -0.03017489]
 [ 0.5768     -0.75003302 -0.32365448 -0.11088632]
 [-0.81233744 -0.48489713 -0.32401028 -0.51326343]
 [ 0.          0.          0.          1.        ]]","[[ 0.05933158  0.46525294 -0.88318711 -0.02908598]
 [ 0.63870169 -0.69763565 -0.32459923 -0.1149621 ]
 [-0.76716355 -0.54483411 -0.33854966 -0.51265676]
 [ 0.          0.          0.          1.        ]]"
full_scene,98,72,37,9,30,0.20914915831176076,0.5177348074200145,0.002550930798112311,0.0017081576753606444,"[[ 0.30268319  0.5242713  -0.79594126 -0.03422883]
 [ 0.39348928 -0.82936    -0.39664616 -0.0942289 ]
 [-0.86807204 -0.19313623 -0.45732847 -0.54143685]
 [ 0.          0.          0.          1.        ]]","[[ 0.0958847   0.43402431 -0.89578403 -0.0309735 ]
 [ 0.66939768 -0.69415539 -0.26467911 -0.10256373]
 [-0.73669048 -0.57425708 -0.35709375 -0.52031807]
 [ 0.          0.          0.          1.        ]]"
full_scene,98,80,37,4,30,0.2549950657189033,0.5023813269640585,0.0027862924777084207,0.0023740623275908855,"[[-0.00829757  0.0957528  -0.99537056 -0.05251097]
 [ 0.79904169 -0.59784137 -0.06417217 -0.116005  ]
 [-0.60121836 -0.79587505 -0.07154984 -0.51124869]
 [ 0.          0.          0.          1.        ]]","[[ 0.07275197  0.23356811 -0.96961492 -0.05625801]
 [ 0.76391916 -0.63807315 -0.09638559 -0.12272296]
 [-0.64119784 -0.73369517 -0.22484823 -0.51898077]
 [ 0.          0.          0.          1.        ]]"
full_scene,98,81,37,9,30,0.5078161873024499,0.5193795677855805,0.0021886111333192537,0.0018807884668179064,"[[ 0.14234212  0.29935482 -0.94346458 -0.05893423]
 [ 0.71973375 -0.68564593 -0.10896327 -0.11627412]
 [-0.67950133 -0.66353323 -0.31305206 -0.50321961]
 [ 0.          0.          0.          1.        ]]","[[ 0.12267214  0.26721168 -0.95579782 -0.06041344]
 [ 0.60332964 -0.78475538 -0.14195896 -0.11118776]
 [-0.78800057 -0.55924674 -0.25748434 -0.50190112]
 [ 0.          0.          0.          1.        ]]"
full_scene,98,87,37,55,21,0.3417883550966118,0.4286746091906349,0.0022326193985945184,0.002246509023862309,"[[ 0.21035273  0.2375428  -0.94832755 -0.04008661]
 [ 0.12041248 -0.96894075 -0.2159969  -0.14997006]
 [-0.97018172 -0.06875493 -0.23242245 -0.48590627]
 [ 0.          0.          0.          1.        ]]","[[ 0.1270901   0.32922015 -0.93566137 -0.04215416]
 [ 0.3162225  -0.90753619 -0.27637183 -0.15213582]
 [-0.94013373 -0.26075305 -0.21944569 -0.48323338]
 [ 0.          0.          0.          1.        ]]"
full_scene,98,94,37,33,18,0.41875598907307027,0.46917146984367625,0.0023653144213788653,0.0021798161256962882,"[[ 0.11202215 -0.15559439 -0.98144864 -0.08104828]
 [-0.52666899  0.82823824 -0.1914189  -0.15429712]
 [ 0.842657    0.53834171  0.01083429 -0.47844326]
 [ 0.          0.          0.          1.        ]]","[[-0.04866767 -0.12921478 -0.99042163 -0.07900707]
 [-0.3866871   0.91670792 -0.10059661 -0.15600789]
 [ 0.92092592  0.37808746 -0.09457973 -0.48119772]
 [ 0.          0.          0.          1.        ]]"
full_scene,98,153,28,2,29,0.4214485155849336,0.4374038406746823,0.0032203749118419663,0.0026263931161019972,"[[-0.74742029  0.39606308 -0.53338255 -0.16491653]
 [-0.59583747 -0.75473278  0.27451072  0.05826278]
 [-0.29383774  0.52298419  0.80009182 -0.4416023 ]
 [ 0.          0.          0.          1.        ]]","[[-0.04046025  0.97955333  0.19707422 -0.15307936]
 [-0.17907102 -0.20115112  0.96305337  0.05286954]
 [ 0.98300383  0.0036751   0.18354824 -0.43743508]
 [ 0.          0.          0.          1.        ]]"
full_scene,98,221,37,25,30,0.3770577382399634,0.6862512335702742,0.0031808347952534135,0.0024858971615420826,"[[ 0.11302308 -0.98524745  0.1285039  -0.15315811]
 [-0.80413822 -0.16666916 -0.57059891  0.11011551]
 [ 0.58359876 -0.03884405 -0.81111259 -0.36223982]
 [ 0.          0.          0.          1.        ]]","[[ 0.02603333 -0.99724366  0.06947918 -0.15874143]
 [-0.65041984 -0.06967678 -0.75637238  0.10286527]
 [ 0.75912864 -0.02549974 -0.65044098 -0.35698206]
 [ 0.          0.          0.          1.        ]]"
full_scene,98,224,37,15,30,0.45669989559347246,0.668065904832735,0.0024347721469916606,0.0022781549222292085,"[[ 0.25128237 -0.96745541 -0.02978582 -0.15936251]
 [-0.72548096 -0.16788367 -0.66745221  0.08679408]
 [ 0.6407297   0.18932802 -0.74405669 -0.33874961]
 [ 0.          0.          0.          1.        ]]","[[-0.03712085 -0.99654746  0.07426442 -0.16181806]
 [-0.80240768 -0.01457028 -0.59659837  0.08891782]
 [ 0.59562065 -0.08173658 -0.79909647 -0.34048815]
 [ 0.          0.          0.          1.        ]]"
full_scene,98,225,37,10,27,0.6432657789728113,0.7093207854803415,0.0024752879641108698,0.0023003315854864806,"[[ 0.21345954 -0.97066591  0.11064683 -0.15867304]
 [-0.82784464 -0.23985544 -0.50709231  0.08540219]
 [ 0.51875647  0.0166453  -0.85476    -0.33625553]
 [ 0.          0.          0.          1.        ]]","[[ 0.02821056 -0.99445655  0.10129336 -0.16104847]
 [-0.82504842 -0.08037567 -0.55931642  0.08601073]
 [ 0.5643574  -0.06779329 -0.82274224 -0.33729694]
 [ 0.          0.          0.          1.        ]]"
full_scene,98,226,37,6,30,0.44278379267438034,0.38745548420314935,0.00215761218736815,0.0018509867745248143,"[[ 0.19519321 -0.97602594 -0.09629628 -0.10715554]
 [-0.73689187 -0.0811554  -0.67112158  0.10697056]
 [ 0.64721711  0.20195832 -0.73506657 -0.32910626]
 [ 0.          0.          0.          1.        ]]","[[ 0.21272456 -0.9743733  -0.07310906 -0.10934893]
 [-0.54643424 -0.0566015  -0.83558716  0.10876817]
 [ 0.81003573  0.2176992  -0.54447146 -0.33385809]
 [ 0.          0.          0.          1.        ]]"
full_scene,99,3,37,5,30,0.43168523577282286,0.45674995351764186,0.0022198442392673615,0.0023131857016175923,"[[-0.95225534  0.14995953 -0.2659359   0.07488988]
 [ 0.30223421  0.33984299 -0.89059599 -0.08599761]
 [-0.04317691 -0.92844972 -0.3689402  -0.43956558]
 [ 0.          0.          0.          1.        ]]","[[-0.88885167  0.17468622 -0.42358876  0.08344665]
 [ 0.45805388  0.36171584 -0.81200264 -0.08879496]
 [ 0.01137309 -0.91577638 -0.40152743 -0.43746224]
 [ 0.          0.          0.          1.        ]]"
full_scene,99,26,37,8,30,0.3401078390709249,0.3456142107295585,0.003057948857866296,0.0021282231216698507,"[[ 0.75836235 -0.13932653  0.63676893  0.05663658]
 [-0.4504221   0.59413133  0.66642921 -0.06656737]
 [-0.47117564 -0.79220962  0.38781108 -0.42769475]
 [ 0.          0.          0.          1.        ]]","[[ 0.84503912 -0.26577506  0.46397467  0.06264763]
 [-0.28003797  0.51922276  0.80745679 -0.06709309]
 [-0.45550809 -0.8122631   0.36433644 -0.43178654]
 [ 0.          0.          0.          1.        ]]"
full_scene,99,140,37,4,22,0.43904375062572404,0.5463750911769333,0.0029363508505350446,0.002138544262756436,"[[-0.9916031  -0.03459827  0.1246044  -0.11908305]
 [-0.12142926  0.5805095  -0.80514822 -0.0362569 ]
 [-0.0444773  -0.81351809 -0.57983626 -0.40057834]
 [ 0.          0.          0.          1.        ]]","[[-0.90745595  0.00309174  0.42013585 -0.11617807]
 [-0.33054741  0.61201182 -0.71845664 -0.03727966]
 [-0.25934939 -0.79084257 -0.5543518  -0.40156371]
 [ 0.          0.          0.          1.        ]]"
full_scene,99,215,28,1,30,0.1385264117613539,0.3475981537409539,0.0038408083308774685,0.002942881456079851,"[[-0.3888078  -0.90708559  0.16132028 -0.09584117]
 [ 0.838973   -0.27622977  0.46885116  0.1459736 ]
 [-0.38072667  0.31763635  0.86842061 -0.3912619 ]
 [ 0.          0.          0.          1.        ]]","[[ 0.5552232   0.35827318 -0.75057813 -0.10609805]
 [ 0.83041024 -0.28906946  0.47629578  0.15530922]
 [-0.04632521 -0.88773823 -0.45801179 -0.38396836]
 [ 0.          0.          0.          1.        ]]"
full_scene,99,228,37,3,30,0.3653227305882521,0.4946652555099472,0.002218475072390818,0.0019621508260566503,"[[-0.88800883  0.35479261 -0.29251073 -0.11066851]
 [ 0.45184408  0.55526004 -0.69822863  0.07215797]
 [-0.08530684 -0.75220243 -0.65338676 -0.32327985]
 [ 0.          0.          0.          1.        ]]","[[-0.99743145  0.05264814 -0.04856619 -0.10318045]
 [ 0.07158221  0.70856364 -0.70200681  0.06872033]
 [-0.00254712 -0.70368015 -0.71051232 -0.32801455]
 [ 0.          0.          0.          1.        ]]"
full_scene,99,230,37,6,30,0.3151932950986141,0.3568414880075516,0.0030552146527950946,0.0026223168170348044,"[[ 0.98142937 -0.18636231 -0.04544759 -0.08407327]
 [ 0.16258557  0.6824249   0.7126445   0.09681355]
 [-0.10179551 -0.70679937  0.70005166 -0.31714424]
 [ 0.          0.          0.          1.        ]]","[[ 0.9845336   0.17517995  0.00236072 -0.05700687]
 [-0.12766011  0.70810742  0.6944687   0.09199082]
 [ 0.11998535 -0.68402914  0.71951904 -0.31595028]
 [ 0.          0.          0.          1.        ]]"
full_scene,99,231,37,4,30,0.48180036899841244,0.6173000185929433,0.0023139532218016457,0.0020907543799317334,"[[-0.89255235 -0.26057055 -0.36803981 -0.07899856]
 [ 0.12454814  0.64196116 -0.75655378  0.07855803]
 [ 0.4334029  -0.72110253 -0.54053037 -0.34370087]
 [ 0.          0.          0.          1.        ]]","[[-0.96458579 -0.16057954 -0.20925692 -0.08901489]
 [ 0.05513988  0.65304746 -0.75530696  0.07819484]
 [ 0.25794154 -0.74009677 -0.62106596 -0.33866101]
 [ 0.          0.          0.          1.        ]]"
full_scene,99,247,37,68,30,0.5742072970151175,0.5841044637366095,0.0024258656621348176,0.002052174805046481,"[[-0.76920163 -0.09698912 -0.6316027  -0.06052766]
 [ 0.49861     0.52707295 -0.68817307  0.09804067]
 [ 0.399646   -0.84426727 -0.35706562 -0.34313479]
 [ 0.          0.          0.          1.        ]]","[[-0.86370645 -0.05034595 -0.50147427 -0.06228269]
 [ 0.39884202  0.54001385 -0.74115456  0.09999736]
 [ 0.30811719 -0.84014899 -0.44633337 -0.34598498]
 [ 0.          0.          0.          1.        ]]"
full_scene,99,249,37,6,24,0.6007522990889458,0.6462692544229751,0.0021086418021752274,0.0018348515229606242,"[[-0.80097069 -0.05736708 -0.5959488  -0.06585977]
 [ 0.44605627  0.60677394 -0.65792035  0.09280795]
 [ 0.39934917 -0.79280161 -0.4604192  -0.33981205]
 [ 0.          0.          0.          1.        ]]","[[-0.7884675  -0.0260515  -0.61452447 -0.06204955]
 [ 0.47226641  0.61445214 -0.6319913   0.08959259]
 [ 0.3940602  -0.78852387 -0.47217229 -0.33834292]
 [ 0.          0.          0.          1.        ]]"
full_scene,99,252,37,11,30,0.6488365108196628,0.6577396701897911,0.002411793910068417,0.0021015823913223433,"[[-0.94341971 -0.13213845 -0.30413596 -0.0687957 ]
 [ 0.12373183  0.71065729 -0.69257248  0.08076778]
 [ 0.30765189 -0.69101783 -0.65409836 -0.32778124]
 [ 0.          0.          0.          1.        ]]","[[-0.93390248 -0.15899519 -0.32022911 -0.07278871]
 [ 0.10182221  0.74030545 -0.66451492  0.08122253]
 [ 0.34272203 -0.65319857 -0.67518385 -0.32716418]
 [ 0.          0.          0.          1.        ]]"
