Setting,Scene,Image,Object,RANSAC Iterations,ICP Iterations,RANSAC: Fitness,ICP: Fitness,RANSAC: Inlier RMSE,ICP: Inlier RMSE,RANSAC: Transformation,ICP: Transformation
single_object,90,0,12,49,30,0.9357560525235946,0.9896645465736561,0.0022512322992728246,0.0013543759682229676,"[[ 0.71822176  0.47773673 -0.50589043  0.04853294]
 [ 0.42459234  0.27508948  0.86258166  0.06345691]
 [ 0.55125208 -0.83432212 -0.00526811 -0.45210888]
 [ 0.          0.          0.          1.        ]]","[[ 0.30270484  0.60712111 -0.73469295  0.04628029]
 [ 0.38556681  0.62695671  0.67695163  0.0598445 ]
 [ 0.87161231 -0.48818976 -0.04430292 -0.45357572]
 [ 0.          0.          0.          1.        ]]"
single_object,90,1,12,21,6,0.9650954041854739,1.0,0.002242748932465767,0.0015562372460256816,"[[-0.39504287 -0.79070513 -0.46768207 -0.05306108]
 [ 0.7885656  -0.03069974 -0.61418386  0.04862966]
 [ 0.47128062 -0.61142695  0.63565058 -0.44237625]
 [ 0.          0.          0.          1.        ]]","[[-0.54551844 -0.74903687 -0.37596993 -0.05091354]
 [ 0.69664474 -0.1558645  -0.7002802   0.04632052]
 [ 0.46593533 -0.64393324  0.60683956 -0.44333258]
 [ 0.          0.          0.          1.        ]]"
single_object,90,2,12,28,24,0.8665623717685679,0.95814526056627,0.0021323789880415183,0.0018898390411491537,"[[ 0.01946365 -0.66679732 -0.7449849  -0.04663003]
 [ 0.90240032  0.33252294 -0.27404772  0.05021964]
 [ 0.43045885 -0.66694064  0.60819023 -0.44005227]
 [ 0.          0.          0.          1.        ]]","[[-0.50226442 -0.75683628 -0.41824551 -0.04970614]
 [ 0.72446451 -0.10423135 -0.68138609  0.04961717]
 [ 0.47210342 -0.64524001  0.60065272 -0.44083108]
 [ 0.          0.          0.          1.        ]]"
single_object,90,3,12,86,30,0.9875102585145671,0.9988202708247845,0.001877687501130179,0.001503855652755296,"[[-0.49074109 -0.86207965  0.12645893 -0.04547146]
 [ 0.24273788 -0.27465975 -0.93039795  0.05424115]
 [ 0.83681032 -0.42588812  0.34404622 -0.43769369]
 [ 0.          0.          0.          1.        ]]","[[-0.42693784 -0.90421768 -0.01069925 -0.04566136]
 [ 0.38804071 -0.17250564 -0.90535419  0.05243661]
 [ 0.81679158 -0.39068171  0.42452246 -0.4377927 ]
 [ 0.          0.          0.          1.        ]]"
single_object,90,4,12,99,13,0.9216762412802626,1.0,0.002137883560694546,0.0015275003427302094,"[[-0.23877216 -0.93508315 -0.26193004 -0.0464568 ]
 [ 0.67161856  0.03579655 -0.74003183  0.05896919]
 [ 0.70136749 -0.35261608  0.61947199 -0.43320856]
 [ 0.          0.          0.          1.        ]]","[[-0.4150488  -0.89706826 -0.15166751 -0.04549051]
 [ 0.45446181 -0.06000707 -0.88874271  0.05526537]
 [ 0.78816176 -0.43779869  0.43258913 -0.43486283]
 [ 0.          0.          0.          1.        ]]"
single_object,90,5,12,36,25,0.9153929011079196,0.9995640131308986,0.002191234824720996,0.001675164189860991,"[[-0.27590094 -0.8182419  -0.50434003 -0.04650288]
 [ 0.79363954  0.1020718  -0.59976464  0.06167628]
 [ 0.54223145 -0.56573982  0.62122742 -0.43017469]
 [ 0.          0.          0.          1.        ]]","[[-0.35223754 -0.66548367 -0.65807309 -0.04589066]
 [ 0.80022842  0.15048553 -0.58050717  0.05830013]
 [ 0.48534852 -0.73108521  0.4795323  -0.43144701]
 [ 0.          0.          0.          1.        ]]"
single_object,90,6,12,35,30,0.8921573656134592,0.9679164956914239,0.0021369004695914145,0.0017957492542956086,"[[ 0.33006566 -0.21765824  0.91852139 -0.04209047]
 [-0.27816822 -0.95227228 -0.12569781  0.05842273]
 [ 0.90204163 -0.21401493 -0.37485799 -0.42951534]
 [ 0.          0.          0.          1.        ]]","[[-0.45545554 -0.29514467  0.83991064 -0.04395196]
 [-0.21835728 -0.87759173 -0.42679368  0.05992944]
 [ 0.86306451 -0.37778615  0.33525703 -0.42807515]
 [ 0.          0.          0.          1.        ]]"
single_object,90,7,12,78,28,0.6351559294214197,0.9457837505129257,0.0027113171483618363,0.0017432588354354944,"[[-0.34086366 -0.43841362  0.8316282  -0.049995  ]
 [-0.37206373 -0.74946802 -0.54760046  0.05885682]
 [ 0.86335424 -0.49607579  0.0923486  -0.42209494]
 [ 0.          0.          0.          1.        ]]","[[-0.30140926 -0.14776446  0.94197565 -0.04188557]
 [-0.304967   -0.92108497 -0.24206942  0.06208584]
 [ 0.90340887 -0.36023345  0.23256026 -0.425045  ]
 [ 0.          0.          0.          1.        ]]"
single_object,90,8,12,56,30,0.9479380385720148,0.9750461633155519,0.002274302080163866,0.001677464204262964,"[[-0.32730217 -0.91997594 -0.21567931 -0.03985283]
 [ 0.63946714 -0.04760884 -0.76734293  0.06467665]
 [ 0.69566879 -0.38907283  0.60387686 -0.4213978 ]
 [ 0.          0.          0.          1.        ]]","[[-0.46610759 -0.80463617 -0.36783739 -0.04216749]
 [ 0.58220804  0.03409222 -0.81232476  0.0616936 ]
 [ 0.66616628 -0.59278862  0.45257501 -0.42169057]
 [ 0.          0.          0.          1.        ]]"
single_object,90,9,12,34,30,0.7051959376282314,0.877538982355355,0.002705571949597554,0.0017014106304074927,"[[-0.34930853 -0.89518393 -0.27681995 -0.04223576]
 [ 0.02747122  0.28551881 -0.9579793   0.05757883]
 [ 0.93660498 -0.34223493 -0.07514236 -0.41506529]
 [ 0.          0.          0.          1.        ]]","[[-0.31371553 -0.7094031  -0.63113375 -0.04128936]
 [ 0.00413697  0.66366174 -0.74802137  0.06150171]
 [ 0.94950801 -0.23727691 -0.20526621 -0.42021812]
 [ 0.          0.          0.          1.        ]]"
single_object,90,10,12,43,30,0.8598430447271235,0.9511181780878128,0.0023468422773535833,0.0016606894226067702,"[[ 0.00274444 -0.58951001  0.80775641 -0.03621345]
 [-0.82271516 -0.46050139 -0.333284    0.06520105]
 [ 0.56844721 -0.66363877 -0.48626264 -0.42006585]
 [ 0.          0.          0.          1.        ]]","[[-0.15302957 -0.20298914  0.96714909 -0.03816345]
 [-0.34830628 -0.90479346 -0.24501332  0.06485723]
 [ 0.92480521 -0.37435839  0.06775776 -0.41685879]
 [ 0.          0.          0.          1.        ]]"
single_object,90,11,12,63,30,0.7327913418137054,0.9142388182191219,0.0025558872868923902,0.0019285065333654017,"[[ 0.79824729 -0.42467002 -0.42714942 -0.03835051]
 [ 0.45000536  0.89185483 -0.04571808  0.06807534]
 [ 0.40037037 -0.15572519  0.90302449 -0.41124521]
 [ 0.          0.          0.          1.        ]]","[[-0.23335597 -0.70540307 -0.66929179 -0.04041833]
 [ 0.40187669  0.55679894 -0.72695947  0.06275873]
 [ 0.8854604  -0.43861311  0.15355269 -0.41286131]
 [ 0.          0.          0.          1.        ]]"
single_object,90,12,12,104,30,0.7991382847763644,0.8361971686499795,0.0030041544619205554,0.0015234558384513743,"[[-0.10474465 -0.92421781 -0.36721928 -0.04317271]
 [ 0.23174343  0.33640204 -0.91275881  0.06443869]
 [ 0.96712126 -0.18070726  0.17894509 -0.40613808]
 [ 0.          0.          0.          1.        ]]","[[-0.2927903  -0.70074346 -0.65056317 -0.03946137]
 [-0.0583145   0.69219945 -0.71934647  0.06253754]
 [ 0.9543968  -0.17268041 -0.24353279 -0.41104088]
 [ 0.          0.          0.          1.        ]]"
single_object,90,13,12,20,30,0.6969634796881412,0.9657109150594994,0.003007943288800977,0.0019228594786779418,"[[-0.03792667 -0.94592338 -0.32216537 -0.04223439]
 [ 0.74794338  0.18692781 -0.63689771  0.06897279]
 [ 0.6626781  -0.26511686  0.70040758 -0.40226124]
 [ 0.          0.          0.          1.        ]]","[[-0.25319747 -0.96011818  0.11859223 -0.03664526]
 [ 0.42145678 -0.21981638 -0.87980392  0.06327071]
 [ 0.87078426 -0.17278262  0.46030527 -0.4079368 ]
 [ 0.          0.          0.          1.        ]]"
single_object,90,14,12,95,30,0.9251641362330735,0.9567860073861305,0.0024355681739248033,0.001957762279029718,"[[-0.65528119 -0.61571491  0.43760908 -0.0411072 ]
 [-0.09798773 -0.50513896 -0.85745731  0.06156459]
 [ 0.74900265 -0.60475597  0.27067555 -0.40366683]
 [ 0.          0.          0.          1.        ]]","[[-0.3289783  -0.93768328  0.11190773 -0.03668758]
 [ 0.3212557  -0.22256298 -0.92046754  0.06269702]
 [ 0.88801354 -0.26686285  0.37445449 -0.40491648]
 [ 0.          0.          0.          1.        ]]"
single_object,90,15,12,29,30,0.8681267952400492,0.8792572835453426,0.0024912174230180568,0.001816237235199961,"[[ 0.91480361 -0.10750152 -0.38932991 -0.03733189]
 [ 0.3334625   0.74491241  0.57784795  0.06627223]
 [ 0.22789715 -0.65844432  0.71729629 -0.3991565 ]
 [ 0.          0.          0.          1.        ]]","[[ 0.5556401   0.61037091 -0.56454533 -0.04047268]
 [ 0.3596895   0.43571043  0.82509386  0.06428418]
 [ 0.74959158 -0.66151627  0.02255418 -0.40176279]
 [ 0.          0.          0.          1.        ]]"
single_object,90,16,12,38,30,0.8542778005744768,0.8590736561345917,0.002269129503304344,0.001999346186021541,"[[ 0.18883063 -0.61101923 -0.76876427 -0.02762878]
 [ 0.69197074  0.63826668 -0.3373309   0.06927995]
 [ 0.69679228 -0.46826397  0.54333173 -0.39051054]
 [ 0.          0.          0.          1.        ]]","[[ 0.73905489 -0.18447476 -0.64789423 -0.02906319]
 [ 0.51150426  0.77953025  0.36151899  0.0674002 ]
 [ 0.43836203 -0.59858304  0.67047526 -0.39105838]
 [ 0.          0.          0.          1.        ]]"
single_object,90,17,12,28,30,0.8570219532211736,0.8314782519491177,0.002193136838413834,0.0019304655823649847,"[[-0.60215995 -0.7830902  -0.15547708 -0.03109468]
 [ 0.13695165  0.09053959 -0.98643136  0.06414225]
 [ 0.78654157 -0.61528231  0.05272618 -0.39529338]
 [ 0.          0.          0.          1.        ]]","[[-0.65732516 -0.66884995 -0.34722236 -0.03155954]
 [ 0.161277    0.32522186 -0.93178349  0.06594375]
 [ 0.73614765 -0.66848372 -0.1059064  -0.39518793]
 [ 0.          0.          0.          1.        ]]"
single_object,90,18,12,25,30,0.49512720558063195,0.7723635617562576,0.0021821348024586118,0.001878515706474663,"[[ 1.          0.          0.         -0.03410305]
 [ 0.          1.          0.          0.07184776]
 [ 0.          0.          1.         -0.39847274]
 [ 0.          0.          0.          1.        ]]","[[ 0.66740599  0.65046541 -0.36257964 -0.03245992]
 [-0.10581218  0.56477535  0.81843301  0.06859605]
 [ 0.73713841 -0.50786175  0.44576161 -0.39718916]
 [ 0.          0.          0.          1.        ]]"
single_object,90,19,12,31,30,0.7690038982355355,0.8760771440295445,0.0025120755258006564,0.001917141840039576,"[[-0.86524904 -0.42327814  0.26866281 -0.03254346]
 [-0.17497925 -0.24722008 -0.95302911  0.06395534]
 [ 0.46981524 -0.87161795  0.13984205 -0.40016243]
 [ 0.          0.          0.          1.        ]]","[[-0.53877725 -0.83050303 -0.14136403 -0.03142004]
 [ 0.00230163  0.16634971 -0.98606413  0.06664115]
 [ 0.84244512 -0.53159429 -0.08771393 -0.40182664]
 [ 0.          0.          0.          1.        ]]"
single_object,90,20,12,41,30,0.8767695937628232,0.8208350430857612,0.002081308719188547,0.001693410415563133,"[[ 0.48544189  0.70735743 -0.51380117 -0.03288348]
 [ 0.21604889  0.47240557  0.85449158  0.07027783]
 [ 0.8471535  -0.52581217  0.07650167 -0.40642394]
 [ 0.          0.          0.          1.        ]]","[[ 0.13226766  0.271179   -0.95339772 -0.03370168]
 [ 0.33247195  0.8939902   0.30040628  0.068935  ]
 [ 0.93379209 -0.35671203  0.02808658 -0.40472669]
 [ 0.          0.          0.          1.        ]]"
single_object,90,21,12,31,30,0.8794881001231022,0.8113459171112023,0.0020166151821048904,0.0018155839742991188,"[[-0.87070404 -0.45340932 -0.19051103 -0.03447254]
 [ 0.01515009  0.36245755 -0.93187714  0.06836441]
 [ 0.49157394 -0.81427545 -0.30872406 -0.40978855]
 [ 0.          0.          0.          1.        ]]","[[-0.8377165  -0.48287789 -0.25506865 -0.03382661]
 [-0.12302429  0.62193032 -0.77334837  0.06770637]
 [ 0.53206775 -0.61646705 -0.58040699 -0.40990904]
 [ 0.          0.          0.          1.        ]]"
single_object,90,22,12,30,30,0.7985740664751744,0.8237330734509642,0.0016823249342205557,0.001706707189084533,"[[ 0.73878669  0.64893587  0.18186936 -0.03266333]
 [-0.58340877  0.48072148  0.65463048  0.0678262 ]
 [ 0.33738469 -0.58973646  0.73374551 -0.41132018]
 [ 0.          0.          0.          1.        ]]","[[ 0.56164488  0.81242236 -0.15660437 -0.03362593]
 [-0.43883048  0.45296556  0.77604768  0.06940814]
 [ 0.70141488 -0.36714043  0.61092149 -0.41109027]
 [ 0.          0.          0.          1.        ]]"
single_object,90,23,12,60,30,0.7591557242511284,0.89677369716865,0.002209414238936381,0.0019656133664312943,"[[ 0.01466795 -0.39073006  0.92038844 -0.0331954 ]
 [-0.97662104 -0.20303407 -0.07062941  0.07071336]
 [ 0.21446724 -0.89783472 -0.38457329 -0.41659906]
 [ 0.          0.          0.          1.        ]]","[[ 0.2191657  -0.01280428  0.97560363 -0.03068862]
 [-0.91843847 -0.34018186  0.20185906  0.06686894]
 [ 0.329298   -0.94027249 -0.08631614 -0.41620734]
 [ 0.          0.          0.          1.        ]]"
single_object,90,24,12,24,30,0.9428600738613049,0.9836376692654903,0.0020585302833447516,0.001705485146797726,"[[-0.69791516 -0.57916931 -0.42128059 -0.03634869]
 [ 0.47733493  0.06235776 -0.87650606  0.06900593]
 [ 0.53391553 -0.81281881  0.23293732 -0.41870986]
 [ 0.          0.          0.          1.        ]]","[[-0.13551866 -0.71451015 -0.68637448 -0.03519267]
 [ 0.70247326  0.41924155 -0.5751242   0.06727252]
 [ 0.69868878 -0.56009978  0.44510923 -0.41836631]
 [ 0.          0.          0.          1.        ]]"
single_object,90,25,12,8,18,0.7054011079195732,1.0,0.002456340125634019,0.0016032403528919393,"[[-0.47453675 -0.79771163 -0.37211695 -0.03012395]
 [ 0.62661798 -0.00924272 -0.77927177  0.06856696]
 [ 0.61819478 -0.60296826  0.50424646 -0.4225627 ]
 [ 0.          0.          0.          1.        ]]","[[-0.32579202 -0.86086079 -0.39086859 -0.03639057]
 [ 0.63864374  0.10445956 -0.76237941  0.06523144]
 [ 0.69713251 -0.49800291  0.51575127 -0.42213118]
 [ 0.          0.          0.          1.        ]]"
single_object,90,26,12,94,30,0.9374487074271646,0.9352687730816578,0.0020052515760612248,0.001607867878651244,"[[ 0.26782905 -0.43931822 -0.85747717 -0.03630321]
 [ 0.67436271  0.72111756 -0.15882191  0.06405835]
 [ 0.68811521 -0.53571351  0.48939606 -0.4260429 ]
 [ 0.          0.          0.          1.        ]]","[[-0.54238346 -0.47947131 -0.68987494 -0.03814914]
 [ 0.16870192  0.74226815 -0.64851959  0.06444971]
 [ 0.82301874 -0.46812953 -0.32170624 -0.42646969]
 [ 0.          0.          0.          1.        ]]"
single_object,90,27,12,57,27,0.9725328272466147,0.9621204349610176,0.0019187309469092802,0.0017425395182393661,"[[-0.72724376 -0.45582058 -0.51317065 -0.04182432]
 [ 0.54831826  0.06391306 -0.83382384  0.06384373]
 [ 0.41287238 -0.88777402  0.20345437 -0.4285806 ]
 [ 0.          0.          0.          1.        ]]","[[-0.72594824 -0.41124808 -0.55124783 -0.04117018]
 [ 0.53747405  0.16083854 -0.82779986  0.06297909]
 [ 0.429093   -0.89722126  0.10427472 -0.42964466]
 [ 0.          0.          0.          1.        ]]"
single_object,90,28,12,29,30,0.8288110381616742,0.9991023799753795,0.0024437167751829845,0.001420129211207455,"[[-0.66178593 -0.45990778  0.59205085 -0.04059188]
 [-0.16814707 -0.67854819 -0.71505169  0.05608407]
 [ 0.73059287 -0.57276277  0.3717215  -0.43032718]
 [ 0.          0.          0.          1.        ]]","[[-0.32279201 -0.02756124  0.94606855 -0.03907097]
 [-0.35782307 -0.92183455 -0.14894199  0.06137519]
 [ 0.8762237  -0.38660243  0.28769877 -0.43371063]
 [ 0.          0.          0.          1.        ]]"
single_object,90,29,12,36,22,0.7779800984817399,0.9856637258924907,0.002181254599313578,0.0019670020791282034,"[[-4.50903972e-02 -9.98896322e-01  1.31527533e-02 -3.98606116e-02]
 [-2.88613474e-01  4.21115149e-04 -9.57445604e-01  5.74114220e-02]
 [ 9.56383353e-01 -4.69676645e-02 -2.88313926e-01 -4.38182484e-01]
 [ 0.00000000e+00  0.00000000e+00  0.00000000e+00  1.00000000e+00]]","[[-0.4937006  -0.80104314  0.33851086 -0.04183005]
 [ 0.26881532 -0.51076696 -0.81661217  0.05735264]
 [ 0.82704174 -0.31216502  0.46749863 -0.4368882 ]
 [ 0.          0.          0.          1.        ]]"
single_object,90,30,12,50,12,0.9839710709889208,1.0,0.001707910041867462,0.0014690790825878449,"[[-0.41447115 -0.89514773 -0.16408595 -0.04551626]
 [ 0.72093763 -0.21292187 -0.6594795   0.05562104]
 [ 0.55539409 -0.39163096  0.73359566 -0.43998447]
 [ 0.          0.          0.          1.        ]]","[[-0.44285578 -0.81193883 -0.38030789 -0.04540514]
 [ 0.64517628  0.00596003 -0.7640105   0.05355204]
 [ 0.62259643 -0.5837121   0.52120425 -0.44022968]
 [ 0.          0.          0.          1.        ]]"
single_object,90,31,12,49,10,0.9735586787033238,0.9964095199015183,0.002254530418335096,0.0018048126696338918,"[[-0.55281355 -0.60608509 -0.57188989 -0.03855238]
 [ 0.75496989 -0.0737793  -0.6515958   0.06064509]
 [ 0.35272887 -0.79197063  0.49836218 -0.43941137]
 [ 0.          0.          0.          1.        ]]","[[-0.33073268 -0.86919001 -0.36759301 -0.03768981]
 [ 0.60810269  0.10158677 -0.78733172  0.05921301]
 [ 0.72168346 -0.48393063  0.49495872 -0.4376585 ]
 [ 0.          0.          0.          1.        ]]"
single_object,90,32,12,73,30,0.47796983996717274,0.7823656134591711,0.002859076741010103,0.001779114358598197,"[[ 1.          0.          0.         -0.03090941]
 [ 0.          1.          0.          0.07137102]
 [ 0.          0.          1.         -0.43010062]
 [ 0.          0.          0.          1.        ]]","[[ 0.46416908  0.84609952 -0.2620356  -0.03487093]
 [-0.50969044  0.4970923   0.70222141  0.06370367]
 [ 0.72440508 -0.19239242  0.66198371 -0.4327922 ]
 [ 0.          0.          0.          1.        ]]"
single_object,90,33,12,15,30,0.8734612228149364,0.9700194911776775,0.0022354245300181532,0.0014668679577816174,"[[ 0.14636302 -0.75577371  0.63826637 -0.02610025]
 [-0.56059191 -0.59497907 -0.57596582  0.06136513]
 [ 0.81505496 -0.27350686 -0.51076356 -0.43218558]
 [ 0.          0.          0.          1.        ]]","[[-0.2742535  -0.02071698  0.96143425 -0.03047962]
 [-0.40625217 -0.90367995 -0.13535778  0.06716961]
 [ 0.87163306 -0.4277071   0.23942107 -0.42896133]
 [ 0.          0.          0.          1.        ]]"
single_object,90,34,12,24,30,0.7540264669675831,0.9315757078375051,0.003041416261064953,0.0017867999693980002,"[[-0.13633034 -0.93037355 -0.34032204 -0.03439417]
 [ 0.57358219  0.20596207 -0.79283233  0.07102109]
 [ 0.80772366 -0.30328976  0.50556682 -0.42069026]
 [ 0.          0.          0.          1.        ]]","[[-0.28421403 -0.65436443 -0.70073503 -0.03061018]
 [ 0.4090307   0.57826895 -0.70590291  0.06644532]
 [ 0.86713106 -0.48724965  0.10330299 -0.42483076]
 [ 0.          0.          0.          1.        ]]"
single_object,90,35,12,16,30,0.4728149363972097,0.6070988920804268,0.0027175779570799597,0.0019470696209538216,"[[-0.84509156  0.50768925  0.16754662 -0.02391077]
 [-0.22183964 -0.04786365 -0.97390772  0.06864793]
 [-0.48642309 -0.86020968  0.15307477 -0.4232975 ]
 [ 0.          0.          0.          1.        ]]","[[-0.88590853  0.43453252  0.16231935 -0.03177779]
 [-0.06827501  0.22396888 -0.97220186  0.06812392]
 [-0.4588078  -0.87236428 -0.16874823 -0.42489583]
 [ 0.          0.          0.          1.        ]]"
single_object,90,36,12,22,30,0.7840326220763233,0.9806883463274518,0.0025628868344331583,0.0017158654043980457,"[[ 0.20434212 -0.82086322 -0.53331779 -0.02851355]
 [ 0.97092999  0.10057903  0.21720683  0.07122007]
 [-0.12465651 -0.56219875  0.81755325 -0.41783079]
 [ 0.          0.          0.          1.        ]]","[[-0.18927067 -0.72377463 -0.66357132 -0.02737151]
 [ 0.79991962  0.27827769 -0.53168612  0.07109068]
 [ 0.56947802 -0.6314363   0.52629172 -0.41659982]
 [ 0.          0.          0.          1.        ]]"
single_object,90,37,12,26,22,0.8880539597866229,0.9668649979482971,0.002191332090555045,0.0016612987001534585,"[[-0.20492511 -0.97705414  0.05805944 -0.02553917]
 [-0.14625493 -0.0280851  -0.98884818  0.06963483]
 [ 0.96778882 -0.2111313  -0.13714365 -0.41238266]
 [ 0.          0.          0.          1.        ]]","[[-0.3377594  -0.59517149  0.7291704  -0.02343929]
 [-0.0646385  -0.7582013  -0.64880864  0.07241696]
 [ 0.93901036 -0.2662737   0.21761863 -0.41305803]
 [ 0.          0.          0.          1.        ]]"
single_object,90,38,12,22,8,0.951579811243332,0.9888182191218712,0.002186058186670529,0.0017682554445802036,"[[-0.29172603 -0.82411623 -0.48551866 -0.02312711]
 [ 0.70380641  0.15879176 -0.69241729  0.07406231]
 [ 0.64772869 -0.54370729  0.5336946  -0.40804787]
 [ 0.          0.          0.          1.        ]]","[[-0.16142262 -0.8640692  -0.47678838 -0.02395767]
 [ 0.77580718  0.18750361 -0.60246628  0.071958  ]
 [ 0.6099721  -0.46714754  0.64008376 -0.40882384]
 [ 0.          0.          0.          1.        ]]"
single_object,90,39,12,31,30,0.9567603610997127,0.9811756257693885,0.0017700152754321912,0.0015742398684768285,"[[-0.30807009 -0.93408424 -0.18049778 -0.02146584]
 [ 0.55872742 -0.02408161 -0.82900166  0.07184445]
 [ 0.77001071 -0.35623968  0.5293173  -0.40517375]
 [ 0.          0.          0.          1.        ]]","[[-0.05905821 -0.8485841  -0.52575389 -0.02287253]
 [ 0.74201175  0.31500028 -0.5917714   0.07306986]
 [ 0.66778042 -0.42506452  0.61105602 -0.40451448]
 [ 0.          0.          0.          1.        ]]"
single_object,90,40,12,21,25,0.8122948297086582,0.9624794829708658,0.001897283623198406,0.001571139590464001,"[[ 0.10292291 -0.98820037  0.11343238 -0.02161599]
 [-0.27278135 -0.13770722 -0.95216966  0.07164767]
 [ 0.95655486  0.06705784 -0.28373586 -0.40184237]
 [ 0.          0.          0.          1.        ]]","[[-0.29982968 -0.50511809  0.80929468 -0.02072613]
 [-0.26384474 -0.77132788 -0.57917118  0.07386398]
 [ 0.91678139 -0.38718085  0.09799424 -0.40116496]
 [ 0.          0.          0.          1.        ]]"
single_object,90,41,12,7,30,0.7630283135002052,0.9330375461633156,0.0022134080523861406,0.001542014065297534,"[[ 0.28783293 -0.87391587  0.3916928  -0.01873272]
 [-0.5372171  -0.48592924 -0.68939869  0.06903527]
 [ 0.79281145 -0.01199242 -0.60934899 -0.39843401]
 [ 0.          0.          0.          1.        ]]","[[-0.29792059 -0.76645406  0.5690268  -0.01980611]
 [ 0.06512052 -0.61102455 -0.78892859  0.07393435]
 [ 0.95236686 -0.19798275  0.23194868 -0.39687973]
 [ 0.          0.          0.          1.        ]]"
single_object,90,42,12,13,30,0.9156750102585146,0.9383976200246205,0.002458601707529766,0.0015968287936099627,"[[-0.74457657 -0.65146465  0.14560061 -0.02464745]
 [ 0.18071144 -0.40668558 -0.89551673  0.07116643]
 [ 0.64261116 -0.64046908  0.42053567 -0.39279547]
 [ 0.          0.          0.          1.        ]]","[[-0.36303186 -0.64843932  0.66912952 -0.01995382]
 [-0.13916328 -0.67233525 -0.72704806  0.0733902 ]
 [ 0.92132592 -0.35705987  0.15384017 -0.39328134]
 [ 0.          0.          0.          1.        ]]"
single_object,90,43,12,13,30,0.9034160853508412,0.9425779647107099,0.00230511623547705,0.0018285635455482607,"[[-0.25143557 -0.89523242 -0.36788459 -0.01861327]
 [ 0.65353952  0.12332543 -0.7467777   0.07511306]
 [ 0.71390913 -0.4281936   0.55406137 -0.3886979 ]
 [ 0.          0.          0.          1.        ]]","[[ 0.00569577 -0.73966997 -0.67294568 -0.02120465]
 [ 0.61779109  0.53177176 -0.57926934  0.07192681]
 [ 0.78632164 -0.41244046  0.45999037 -0.38907205]
 [ 0.          0.          0.          1.        ]]"
single_object,90,44,12,21,30,0.7292521542880591,0.9391670086171522,0.002463456934312151,0.0016988998683041957,"[[ 0.17431133 -0.98445434 -0.02156877 -0.02085369]
 [ 0.98245036  0.17534973 -0.06359051  0.07623203]
 [ 0.06638403 -0.0101057   0.99774297 -0.38372704]
 [ 0.          0.          0.          1.        ]]","[[ 0.30917629 -0.48574632 -0.81759436 -0.02118805]
 [ 0.74538989  0.65767929 -0.10886623  0.07217416]
 [ 0.59059625 -0.57576772  0.56540924 -0.38548709]
 [ 0.          0.          0.          1.        ]]"
single_object,90,45,12,23,30,0.91741895773492,0.91911161263849,0.002285052466989363,0.0018359725510349693,"[[ 0.07741376 -0.85339369 -0.51548649 -0.01732699]
 [ 0.82538535  0.34487457 -0.44699056  0.07284458]
 [ 0.5592371  -0.39087178  0.73107668 -0.38237743]
 [ 0.          0.          0.          1.        ]]","[[ 0.00295379 -0.85297362 -0.52194567 -0.01977129]
 [ 0.55412495  0.43588225 -0.70919123  0.07008745]
 [ 0.83242826 -0.28712832  0.47394147 -0.38215349]
 [ 0.          0.          0.          1.        ]]"
single_object,90,46,12,21,30,0.6151005334427575,0.8778467377923677,0.0019436171343304917,0.0017306164010353123,"[[-0.44661967 -0.16067194 -0.88017919 -0.01030629]
 [-0.24138848  0.96890355 -0.05438298  0.07296216]
 [ 0.86154656  0.1881766  -0.47151574 -0.37833031]
 [ 0.          0.          0.          1.        ]]","[[-0.37280721 -0.68298327 -0.62813106 -0.01062611]
 [ 0.31166424  0.54543984 -0.77804934  0.07240892]
 [ 0.8740024  -0.48582839  0.00951756 -0.37523753]
 [ 0.          0.          0.          1.        ]]"
single_object,90,47,12,45,30,0.8644593762823143,0.9432447681575707,0.002250059533582088,0.001797773950559594,"[[-0.10546911 -0.88913433 -0.44532731 -0.00975253]
 [ 0.73224967  0.23355551 -0.63973607  0.07517677]
 [ 0.67281995 -0.39356317  0.62643543 -0.38116308]
 [ 0.          0.          0.          1.        ]]","[[-0.47211971 -0.76641241 -0.43556285 -0.00976151]
 [ 0.58155304  0.10053982 -0.80727183  0.07399306]
 [ 0.66249456 -0.63443184  0.39824264 -0.37891249]
 [ 0.          0.          0.          1.        ]]"
single_object,90,48,12,12,29,0.7991126384899466,0.9464249076733688,0.0024896230453821163,0.0016838424113257509,"[[ 0.08286371 -0.92631936 -0.36751334 -0.00655074]
 [ 0.80465624  0.27975713 -0.52370247  0.07868254]
 [ 0.58793022 -0.25232597  0.76855037 -0.38111133]
 [ 0.          0.          0.          1.        ]]","[[-0.26120865 -0.90567849 -0.3339409  -0.00968301]
 [ 0.58146973  0.12850916 -0.80335443  0.07454858]
 [ 0.77049529 -0.40401965  0.49305693 -0.38296996]
 [ 0.          0.          0.          1.        ]]"
single_object,90,49,12,26,30,0.9648645876077144,0.9415264669675831,0.0021349153589108488,0.001719509653269484,"[[-0.6002434  -0.79927807 -0.02936726 -0.01284707]
 [ 0.39910654 -0.26749825 -0.87701691  0.07598682]
 [ 0.69312469 -0.53814427  0.47956116 -0.38648159]
 [ 0.          0.          0.          1.        ]]","[[-0.24370402 -0.96639544 -0.08178143 -0.00961886]
 [ 0.37931454 -0.01736772 -0.92510477  0.07498365]
 [ 0.89259668 -0.25647264  0.37080043 -0.38750981]
 [ 0.          0.          0.          1.        ]]"
single_object,90,50,12,36,20,0.955708863356586,0.9625820681165367,0.0024806078819160594,0.0015464811928219463,"[[-0.37809385 -0.92047236 -0.098872   -0.01147513]
 [ 0.19785624  0.02398785 -0.97993749  0.0742434 ]
 [ 0.9043771  -0.39007078  0.17305155 -0.38821186]
 [ 0.          0.          0.          1.        ]]","[[-0.12842778 -0.91423082 -0.38430236 -0.01109684]
 [ 0.60231156  0.23595006 -0.76259317  0.07587587]
 [ 0.78786235 -0.32940791  0.52034925 -0.39110585]
 [ 0.          0.          0.          1.        ]]"
single_object,90,51,12,59,30,0.6884232663110381,0.9420393926959376,0.0018221675927261613,0.0015134052437562149,"[[ 0.27980002 -0.95995949 -0.01377429 -0.01098915]
 [-0.41160295 -0.10698361 -0.90506216  0.07488271]
 [ 0.86734939  0.25890595 -0.42505617 -0.39752466]
 [ 0.          0.          0.          1.        ]]","[[-0.31334839 -0.82038395  0.47831262 -0.01013399]
 [-0.00533203 -0.50215091 -0.86476357  0.07701233]
 [ 0.94962327 -0.27352266  0.15297386 -0.39611944]
 [ 0.          0.          0.          1.        ]]"
single_object,90,52,12,32,30,0.999153672548215,0.9783032416906032,0.0017248743295875443,0.0015729274114810639,"[[-0.03782692 -0.75229436 -0.65774032 -0.01330596]
 [ 0.66573034  0.47190035 -0.57802523  0.07770545]
 [ 0.74523301 -0.4597426   0.48297465 -0.39850531]
 [ 0.          0.          0.          1.        ]]","[[ 0.15775336 -0.56840309 -0.80748486 -0.01326166]
 [ 0.67458514  0.65920637 -0.33223764  0.07633269]
 [ 0.72114407 -0.49230569  0.4874283  -0.39946052]
 [ 0.          0.          0.          1.        ]]"
single_object,90,53,12,11,18,0.8814372178908494,0.9883052933935166,0.0024929623599179197,0.0016001079850799247,"[[ 0.08342968 -0.95860944 -0.2722268  -0.01541426]
 [ 0.88832634  0.1953344  -0.41559691  0.07964988]
 [ 0.45157038 -0.20715312  0.8678547  -0.40163856]
 [ 0.          0.          0.          1.        ]]","[[-0.08967241 -0.81025842 -0.57917195 -0.01368282]
 [ 0.69868688  0.3632437  -0.61635271  0.07670396]
 [ 0.70978554 -0.45992967  0.53354399 -0.40384932]
 [ 0.          0.          0.          1.        ]]"
single_object,90,54,12,54,30,0.779749692244563,0.8742562576938859,0.0022266820302011036,0.001557202398308167,"[[ 0.64375468 -0.42398779 -0.63703553 -0.00956552]
 [ 0.60022397  0.79614909  0.07666684  0.07911506]
 [ 0.47466945 -0.43171863  0.76701234 -0.40668489]
 [ 0.          0.          0.          1.        ]]","[[-0.17168929 -0.38443919 -0.90704426 -0.01609401]
 [ 0.35136943  0.83626612 -0.42094951  0.07524683]
 [ 0.92035988 -0.39098015 -0.00849776 -0.40880923]
 [ 0.          0.          0.          1.        ]]"
single_object,90,55,12,32,30,0.9396286417726714,0.9755590890439064,0.002276291763755584,0.0018639929002061037,"[[ 0.33550705 -0.77755758 -0.53182632 -0.01508716]
 [ 0.83594429  0.50601971 -0.21246457  0.0775286 ]
 [ 0.43431804 -0.37329381  0.819768   -0.41288968]
 [ 0.          0.          0.          1.        ]]","[[-0.10726641 -0.69027019 -0.71555641 -0.0165624 ]
 [ 0.88612431  0.25999848 -0.38364631  0.07612184]
 [ 0.4508632  -0.67522429  0.5837761  -0.4130112 ]
 [ 0.          0.          0.          1.        ]]"
single_object,90,56,12,82,30,0.9297804677882643,0.9275492408699221,0.0021451878507756524,0.0016722986413763479,"[[-0.63622155 -0.5106224   0.57834843 -0.01763042]
 [-0.17644632 -0.63346359 -0.75338607  0.07498483]
 [ 0.75105848 -0.5813679   0.31292574 -0.4167161 ]
 [ 0.          0.          0.          1.        ]]","[[-0.37232393 -0.65775884  0.65477339 -0.01491977]
 [-0.05251101 -0.68943696 -0.72243981  0.07502373]
 [ 0.92661615 -0.30336444  0.22215429 -0.41757908]
 [ 0.          0.          0.          1.        ]]"
single_object,90,57,12,17,30,0.8769491177677472,0.9277800574476815,0.00222944362468995,0.0017347788458329937,"[[-0.15997275 -0.93159081  0.32641582 -0.01786121]
 [-0.3133751  -0.26564023 -0.91171888  0.07047312]
 [ 0.9360581  -0.24814076 -0.24944217 -0.42138989]
 [ 0.          0.          0.          1.        ]]","[[-0.25899041 -0.84538352  0.46717306 -0.01645041]
 [-0.04884332 -0.47159436 -0.88046186  0.07302244]
 [ 0.96464413 -0.25084946  0.08084708 -0.42217793]
 [ 0.          0.          0.          1.        ]]"
single_object,90,58,12,28,30,0.9746358227328683,0.8936192039392696,0.0024062958461191584,0.0015903374828029784,"[[-0.39669479 -0.76346472 -0.50966151 -0.02284003]
 [ 0.47751843  0.30254807 -0.82488836  0.07234376]
 [ 0.78397027 -0.57060168  0.24454924 -0.42302858]
 [ 0.          0.          0.          1.        ]]","[[-0.17192697 -0.30068692 -0.93809834 -0.02205823]
 [ 0.39727443  0.85024451 -0.3453365   0.07151765]
 [ 0.90145113 -0.43205514 -0.02672474 -0.42611488]
 [ 0.          0.          0.          1.        ]]"
single_object,90,59,12,47,17,0.97822630283135,0.9996665982765696,0.002030699502245484,0.0015310675582913638,"[[-0.26062502 -0.86244191 -0.43389925 -0.02463182]
 [ 0.76741893  0.08762756 -0.63512959  0.06773368]
 [ 0.58578391 -0.49851316  0.63901631 -0.43066995]
 [ 0.          0.          0.          1.        ]]","[[-0.06887761 -0.71653093 -0.69414645 -0.02419123]
 [ 0.79070108  0.38506337 -0.47593907  0.06954891]
 [ 0.60831544 -0.5816439   0.54003954 -0.42980603]
 [ 0.          0.          0.          1.        ]]"
single_object,90,60,12,31,30,0.7144798933114485,0.9283186294624538,0.0024404644655012047,0.0019421361794056484,"[[ 0.43699772  0.8842055   0.16496551 -0.02588599]
 [ 0.51711695 -0.39703975  0.75825424  0.06928349]
 [ 0.73595044 -0.24604892 -0.63074312 -0.43721368]
 [ 0.          0.          0.          1.        ]]","[[ 0.73088229  0.59742111  0.32999861 -0.02784166]
 [-0.11357455 -0.37030714  0.92194004  0.0679709 ]
 [ 0.67298729 -0.7113091  -0.2027991  -0.4352391 ]
 [ 0.          0.          0.          1.        ]]"
single_object,90,61,12,8,30,0.4018260155929421,0.9336787033237587,0.002893090598574557,0.0016923615615522533,"[[ 0.51468699  0.84565753 -0.14128214 -0.00379061]
 [ 0.27017198 -0.31635684 -0.90935441  0.06827976]
 [-0.81369798  0.42986241 -0.39129772 -0.42753555]
 [ 0.          0.          0.          1.        ]]","[[-0.08085826 -0.78567183  0.61333654 -0.01359835]
 [-0.0451091  -0.61183638 -0.78969704  0.07119805]
 [ 0.99570433 -0.09152059  0.01403107 -0.43423847]
 [ 0.          0.          0.          1.        ]]"
single_object,90,62,12,133,30,0.8505847353303242,0.8147312269183422,0.0021139077361926615,0.001760137799650094,"[[ 0.85588542  0.16187498 -0.49117882 -0.01145718]
 [ 0.14334841  0.83828272  0.52605447  0.07395466]
 [ 0.49690178 -0.52065206  0.69426944 -0.42768882]
 [ 0.          0.          0.          1.        ]]","[[ 0.29478208  0.83259999  0.46891447 -0.01219939]
 [-0.67882634 -0.16290763  0.71599993  0.07442691]
 [ 0.67253128 -0.52937544  0.51716856 -0.42793148]
 [ 0.          0.          0.          1.        ]]"
single_object,90,63,12,17,30,0.7724661469019286,0.9114433729995897,0.0023644636815096064,0.0014914297950675362,"[[-0.38780339 -0.52502007 -0.7576031  -0.00990593]
 [-0.04350465  0.8314349  -0.55391638  0.06842129]
 [ 0.92071487 -0.18185139 -0.34527409 -0.42473319]
 [ 0.          0.          0.          1.        ]]","[[-0.19084934 -0.24486346 -0.95058846 -0.01074936]
 [ 0.46634084  0.82951275 -0.30730249  0.07477437]
 [ 0.8637724  -0.50194669 -0.04412214 -0.42388453]
 [ 0.          0.          0.          1.        ]]"
single_object,90,64,12,21,30,0.7436397209684038,0.9928446860894542,0.002231612435656101,0.0016523348826118797,"[[ 0.71917323 -0.49789938  0.48465046 -0.00182103]
 [-0.259501   -0.83950429 -0.47738011  0.07671525]
 [ 0.64455341  0.21755172 -0.7329544  -0.42321028]
 [ 0.          0.          0.          1.        ]]","[[-0.39084622 -0.555939    0.73360143 -0.00506054]
 [-0.09143331 -0.76960656 -0.63193805  0.07762763]
 [ 0.91590348 -0.3140662   0.24996647 -0.41952814]
 [ 0.          0.          0.          1.        ]]"
single_object,90,65,12,56,30,0.8051395157981124,0.908032416906032,0.002097949335562101,0.0019088104453783854,"[[ 2.43818963e-01 -5.98892112e-01  7.62810954e-01 -5.07154556e-04]
 [-9.28417039e-01 -3.71505056e-01  5.07888955e-03  7.80302322e-02]
 [ 2.80346419e-01 -7.09445017e-01 -6.46601619e-01 -4.16003441e-01]
 [ 0.00000000e+00  0.00000000e+00  0.00000000e+00  1.00000000e+00]]","[[-0.05370988  0.01546049  0.99843689 -0.00255907]
 [-0.89413242 -0.44590385 -0.04119425  0.07676219]
 [ 0.44456997 -0.89494733  0.03777317 -0.41376167]
 [ 0.          0.          0.          1.        ]]"
single_object,90,66,12,29,30,0.5986869101354124,0.8967224045958145,0.002391271231774695,0.0016761478699819832,"[[ 0.90542486 -0.41681141  0.08046168 -0.00256733]
 [ 0.41101945  0.90816486  0.07937005  0.08182623]
 [-0.10615481 -0.0387923   0.99359263 -0.41104843]
 [ 0.          0.          0.          1.        ]]","[[ 0.21215051 -0.04414067 -0.9762396  -0.00397531]
 [ 0.40774556  0.91186556  0.04737881  0.07768561]
 [ 0.88810794 -0.4081088   0.21145091 -0.40937621]
 [ 0.          0.          0.          1.        ]]"
single_object,90,67,12,21,30,0.6579041854739434,0.8747691834222404,0.0025609857994512548,0.0018179478955438145,"[[ 0.09443704 -0.99156347 -0.08878927 -0.00458908]
 [-0.43371107  0.03930079 -0.90019451  0.07711826]
 [ 0.89608948  0.12352059 -0.4263406  -0.40234861]
 [ 0.          0.          0.          1.        ]]","[[-1.71606746e-01 -9.34686164e-01  3.11308368e-01  5.11015360e-04]
 [-6.09403819e-02 -3.05319524e-01 -9.50297984e-01  7.68183665e-02]
 [ 9.83278900e-01 -1.82048796e-01 -4.56524182e-03 -4.06140807e-01]
 [ 0.00000000e+00  0.00000000e+00  0.00000000e+00  1.00000000e+00]]"
single_object,90,68,12,33,30,0.7137361510053344,0.896953221173574,0.002152056906412216,0.001576942244161202,"[[ 0.96325732 -0.26484408  0.04464252  0.00221042]
 [ 0.23190053  0.90398749  0.35920573  0.07729814]
 [-0.13548979 -0.33565493  0.93219005 -0.40140049]
 [ 0.          0.          0.          1.        ]]","[[ 0.64157932  0.31676743 -0.69859457 -0.00242127]
 [ 0.29761954  0.73659671  0.6073285   0.0783651 ]
 [ 0.70696435 -0.5975648   0.37830904 -0.40019102]
 [ 0.          0.          0.          1.        ]]"
single_object,90,69,12,31,30,0.9580939679934346,0.9703016003282725,0.0019800134019693732,0.0015561266159338804,"[[-0.54214146 -0.69019974 -0.47927754 -0.00127308]
 [ 0.58393746  0.10068935 -0.80553007  0.07915525]
 [ 0.60423479 -0.71657936  0.34844561 -0.39365922]
 [ 0.          0.          0.          1.        ]]","[[-0.33976008 -0.5279485  -0.77835305 -0.0017259 ]
 [ 0.75081113  0.34616759 -0.56253946  0.07824564]
 [ 0.56643246 -0.77552459  0.27877568 -0.3957479 ]
 [ 0.          0.          0.          1.        ]]"
single_object,90,70,12,35,30,0.9650697578990562,0.9224456298727944,0.0020861697455646032,0.0016022180742176417,"[[ 7.84801445e-01  1.50959183e-01 -6.01080708e-01 -3.35055315e-04]
 [ 4.01122319e-01  6.15602668e-01  6.78331955e-01  8.07621118e-02]
 [ 4.72427325e-01 -7.73462786e-01  4.22572765e-01 -3.89213749e-01]
 [ 0.00000000e+00  0.00000000e+00  0.00000000e+00  1.00000000e+00]]","[[ 7.82999388e-01  4.45063795e-01 -4.34545942e-01 -7.46418352e-05]
 [ 1.40344409e-01  5.54181840e-01  8.20479089e-01  7.86088651e-02]
 [ 6.05983007e-01 -7.03420718e-01  3.71461827e-01 -3.90929547e-01]
 [ 0.00000000e+00  0.00000000e+00  0.00000000e+00  1.00000000e+00]]"
single_object,90,71,12,20,30,0.9696347968814115,0.9001077144029545,0.0020503350512947865,0.001564273495529964,"[[-0.55458653 -0.52630959  0.64454014  0.00108446]
 [-0.28790303 -0.60537208 -0.74204885  0.07645448]
 [ 0.78073403 -0.59709535  0.18420508 -0.38958225]
 [ 0.          0.          0.          1.        ]]","[[-0.29649439  0.11991102  0.94747687  0.00121286]
 [-0.4245596  -0.90521513 -0.01829519  0.07935269]
 [ 0.85547661 -0.40768482  0.31930058 -0.38751636]
 [ 0.          0.          0.          1.        ]]"
single_object,90,72,12,23,30,0.5732201477226098,0.8939782519491177,0.002772844453912445,0.0018261706923102495,"[[ 1.          0.          0.          0.00976165]
 [ 0.          1.          0.          0.07363288]
 [ 0.          0.          1.         -0.38701978]
 [ 0.          0.          0.          1.        ]]","[[ 6.38801176e-01  7.34217574e-01  2.29907831e-01  9.02269668e-04]
 [-4.14282597e-01  7.64535666e-02  9.06931520e-01  7.81617454e-02]
 [ 6.48307787e-01 -6.74595735e-01  3.53012192e-01 -3.82064549e-01]
 [ 0.00000000e+00  0.00000000e+00  0.00000000e+00  1.00000000e+00]]"
single_object,90,73,12,11,30,0.8501487484612228,0.894619409109561,0.0020872273217075734,0.002095883274688839,"[[-0.04795364 -0.82993758 -0.55579138  0.00178974]
 [ 0.80090577  0.30054988 -0.51789933  0.07775897]
 [ 0.59686716 -0.46997168  0.65028933 -0.37711464]
 [ 0.          0.          0.          1.        ]]","[[-1.95510823e-02 -6.11637449e-01 -7.90896571e-01  9.16574810e-04]
 [ 8.48626980e-01  4.08099864e-01 -3.36580970e-01  7.71207415e-02]
 [ 5.28630309e-01 -6.77756691e-01  5.11073247e-01 -3.78006879e-01]
 [ 0.00000000e+00  0.00000000e+00  0.00000000e+00  1.00000000e+00]]"
single_object,90,74,12,31,30,0.8585350841198195,0.8741023799753795,0.0025383276139892223,0.002002388977111792,"[[ 0.58456321  0.8078474   0.07528907  0.00418735]
 [-0.0885112  -0.02874547  0.99566032  0.07954942]
 [ 0.80650581 -0.58869031  0.0547     -0.37471558]
 [ 0.          0.          0.          1.        ]]","[[ 0.65831865  0.67533148 -0.3324815   0.00126363]
 [ 0.13082553  0.33232387  0.93404793  0.07784459]
 [ 0.7412835  -0.65839824  0.1304244  -0.37372271]
 [ 0.          0.          0.          1.        ]]"
single_object,90,75,12,40,30,0.5355457529749692,0.8046009437833401,0.0027915231931734488,0.0019393821468439594,"[[-0.07470692 -0.99098899  0.11117422  0.004099  ]
 [-0.69311575 -0.02855114 -0.72026064  0.0661012 ]
 [ 0.71694452 -0.13086506 -0.6847371  -0.37663898]
 [ 0.          0.          0.          1.        ]]","[[ 0.01439688 -0.90562157 -0.42384232  0.00321719]
 [ 0.10352207  0.42295831 -0.90021633  0.07304929]
 [ 0.99452296 -0.03091673  0.0998411  -0.37063042]
 [ 0.          0.          0.          1.        ]]"
single_object,90,76,12,40,30,0.8782057858022159,0.9181883463274518,0.0020262080353701233,0.0019302106874116262,"[[ 0.78757026  0.46690298  0.40216251  0.01549191]
 [-0.45683592  0.00439211  0.88954014  0.07768108]
 [ 0.4135626  -0.88429764  0.21675714 -0.36660538]
 [ 0.          0.          0.          1.        ]]","[[ 0.80221051  0.59573331 -0.03949836  0.01397799]
 [ 0.02556181  0.03182547  0.99916652  0.07618564]
 [ 0.59649383 -0.80255153  0.0103027  -0.36806271]
 [ 0.          0.          0.          1.        ]]"
single_object,90,77,12,74,30,0.4642747230201067,0.7123512515387772,0.0027379157524359777,0.0022565343110698215,"[[ 0.60806965 -0.36735986  0.70377414  0.01695689]
 [ 0.42168421  0.90055656  0.10573699  0.07483115]
 [-0.67263194  0.23247499  0.70251096 -0.37335737]
 [ 0.          0.          0.          1.        ]]","[[-0.00642218  0.27461464  0.96153292  0.01705137]
 [-0.78088433  0.59926198 -0.17636536  0.07242417]
 [-0.62464263 -0.75197864  0.2105937  -0.3756542 ]
 [ 0.          0.          0.          1.        ]]"
single_object,90,78,12,27,28,0.8496358227328683,0.7823656134591711,0.0019095665318992596,0.001531854603170542,"[[-0.69078859 -0.6516748   0.31325881  0.01306412]
 [-0.16018211 -0.28455163 -0.94518361  0.07520032]
 [ 0.70509065 -0.70310051  0.09217838 -0.3765728 ]
 [ 0.          0.          0.          1.        ]]","[[-0.50050606 -0.81839086  0.28236516  0.01586475]
 [-0.3045733  -0.13885268 -0.94231366  0.07554329]
 [ 0.81038805 -0.55763458 -0.17976339 -0.37614081]
 [ 0.          0.          0.          1.        ]]"
single_object,90,79,12,27,30,0.8543034468608945,0.9023389413212967,0.00246643988424123,0.001742481800538969,"[[ 0.30591705 -0.76012246 -0.57326138  0.01121472]
 [ 0.5786026   0.62660905 -0.52209207  0.0761126 ]
 [ 0.75606468 -0.17197366  0.63149922 -0.37809985]
 [ 0.          0.          0.          1.        ]]","[[ 0.1891351  -0.44201151 -0.87684306  0.01280547]
 [ 0.33480211  0.868481   -0.36557941  0.07628701]
 [ 0.92311184 -0.22442501  0.31224662 -0.38019109]
 [ 0.          0.          0.          1.        ]]"
single_object,90,80,12,32,30,0.6933729995896594,0.8726405416495692,0.0025155749673122373,0.0017671066007615948,"[[ 0.76340885 -0.56803327 -0.30748192  0.01479897]
 [ 0.54720493  0.82168581 -0.15937127  0.08179094]
 [ 0.34318171 -0.04659018  0.93811282 -0.38222519]
 [ 0.          0.          0.          1.        ]]","[[ 0.46258498 -0.15494228 -0.87293071  0.01216685]
 [ 0.46811996  0.87885507  0.09207312  0.07804074]
 [ 0.75291356 -0.45122794  0.47907673 -0.38427334]
 [ 0.          0.          0.          1.        ]]"
single_object,90,81,12,37,30,0.5510361099712762,0.922009643003693,0.002218755179364636,0.0017608978747719198,"[[ 0.79763374 -0.52485954  0.29715801  0.01286999]
 [-0.22920868 -0.71949827 -0.65558036  0.07791386]
 [ 0.55789229  0.45480182 -0.69419846 -0.39233954]
 [ 0.          0.          0.          1.        ]]","[[-0.50677788 -0.85307289 -0.12426914  0.01298322]
 [ 0.37178233 -0.08621553 -0.92430773  0.07769922]
 [ 0.77778794 -0.51461978  0.36084955 -0.38963398]
 [ 0.          0.          0.          1.        ]]"
single_object,90,82,12,38,30,0.8707940090274928,0.894901518260156,0.0019985213541368744,0.0017194709653462511,"[[-0.09205267 -0.27525502  0.95695401  0.01510465]
 [-0.89546091 -0.39744956 -0.20045849  0.07962344]
 [ 0.43551816 -0.87536765 -0.20989381 -0.39386604]
 [ 0.          0.          0.          1.        ]]","[[-0.09334275 -0.44481858  0.89074326  0.01422869]
 [-0.29629229 -0.84170529 -0.45137909  0.07944508]
 [ 0.95052512 -0.30605333 -0.05322923 -0.39518803]
 [ 0.          0.          0.          1.        ]]"
single_object,90,83,12,41,30,0.9246512105047189,0.906903980303652,0.0030943311401472546,0.0016998797575675647,"[[-0.44037587 -0.55200657 -0.70806627  0.01116084]
 [ 0.54903703  0.45842766 -0.69885794  0.07821241]
 [ 0.71037134 -0.69651477  0.10119157 -0.39422566]
 [ 0.          0.          0.          1.        ]]","[[ 0.00883342 -0.92486307 -0.38019768  0.01289127]
 [ 0.44700569  0.3437608  -0.82584165  0.07736612]
 [ 0.8944875  -0.16265552  0.41645563 -0.39929057]
 [ 0.          0.          0.          1.        ]]"
single_object,90,84,12,31,30,0.8604585556011489,0.9839710709889208,0.002422108705602339,0.0015812303364316164,"[[ 0.6896239   0.15201974  0.70803169  0.00955726]
 [-0.71740753  0.0101346   0.69658002  0.08200915]
 [ 0.0987183  -0.9883255   0.11604917 -0.40417613]
 [ 0.          0.          0.          1.        ]]","[[ 0.74997734  0.48210987  0.45288417  0.0115872 ]
 [-0.46543736 -0.10186107  0.87919986  0.07912473]
 [ 0.47000219 -0.87016918  0.14799845 -0.40460875]
 [ 0.          0.          0.          1.        ]]"
single_object,90,85,12,79,21,0.9635566270004103,0.9905108740254411,0.0021702508916146297,0.0013867713055314317,"[[-0.17649128 -0.55055339  0.81593002  0.01171505]
 [-0.69799178 -0.51447153 -0.498123    0.07391252]
 [ 0.69401607 -0.65742681 -0.293482   -0.40906471]
 [ 0.          0.          0.          1.        ]]","[[-0.40843359 -0.6015678   0.68651161  0.01060145]
 [-0.12219184 -0.709301   -0.69423428  0.0776598 ]
 [ 0.90457236 -0.36743471  0.21619568 -0.40945075]
 [ 0.          0.          0.          1.        ]]"
single_object,90,86,12,22,30,0.5068732047599508,0.9238305293393516,0.0027190511496043225,0.0017094574498904968,"[[-0.16756571 -0.91396303 -0.36958533  0.00195013]
 [-0.65962374  0.38254929 -0.64695638  0.07863103]
 [ 0.73267882  0.13537956 -0.66697385 -0.41419122]
 [ 0.          0.          0.          1.        ]]","[[-0.25521199 -0.96042272  0.11160217  0.00992173]
 [ 0.07892211 -0.13573175 -0.98759718  0.07526177]
 [ 0.96365873 -0.24323876  0.11043895 -0.41425811]
 [ 0.          0.          0.          1.        ]]"
single_object,90,87,12,16,30,0.6187423061140747,0.9011592121460813,0.002610793351371991,0.00179474093853685,"[[-0.7662149  -0.30383476 -0.56621477  0.00315982]
 [ 0.57781322 -0.71130684 -0.40021802  0.07754814]
 [-0.28115229 -0.63381939  0.72057364 -0.42243211]
 [ 0.          0.          0.          1.        ]]","[[-0.4388149  -0.65063699 -0.6197685   0.00609943]
 [ 0.80617483  0.01958174 -0.59135327  0.07794835]
 [ 0.39689246 -0.7591364   0.51593441 -0.41773079]
 [ 0.          0.          0.          1.        ]]"
single_object,90,88,12,56,30,0.8989023389413213,0.8958504308576118,0.0021445045544426773,0.001954921632108761,"[[-0.42353058 -0.90441493  0.05153131  0.0046319 ]
 [-0.14748812  0.01271782 -0.98898206  0.0748347 ]
 [ 0.89379478 -0.4264644  -0.13877684 -0.42264919]
 [ 0.          0.          0.          1.        ]]","[[-0.0453949  -0.99499093  0.0890637   0.00777656]
 [-0.02483752 -0.08800388 -0.99581043  0.07404645]
 [ 0.9986603  -0.04741684 -0.02071818 -0.423859  ]
 [ 0.          0.          0.          1.        ]]"
single_object,90,89,12,85,30,0.8721276159212146,0.9473481739844071,0.0020919153581449167,0.0014661271481779582,"[[-9.02571495e-01 -4.21076534e-01  8.97733145e-02 -8.76265632e-04]
 [ 1.59515631e-01 -5.20727367e-01 -8.38688126e-01  7.54302762e-02]
 [ 3.99899311e-01 -7.42655749e-01  5.37161967e-01 -4.28348837e-01]
 [ 0.00000000e+00  0.00000000e+00  0.00000000e+00  1.00000000e+00]]","[[-0.36787398 -0.55238129  0.74802651  0.00369898]
 [-0.10031002 -0.77616888 -0.6224948   0.07673369]
 [ 0.92444937 -0.30403419  0.23012295 -0.4279403 ]
 [ 0.          0.          0.          1.        ]]"
single_object,90,90,12,61,30,0.6278723840787854,0.6149979482970865,0.0019389786550613795,0.001880628925491698,"[[-0.98378626  0.07180509  0.16434301 -0.00317371]
 [-0.11103602  0.47574698 -0.87254559  0.07061928]
 [-0.14083891 -0.87664636 -0.46006039 -0.43443238]
 [ 0.          0.          0.          1.        ]]","[[-0.95511962  0.25756159 -0.14631656 -0.00655768]
 [ 0.22311942  0.30062656 -0.92727633  0.07255377]
 [-0.19484412 -0.91830589 -0.34460132 -0.43621023]
 [ 0.          0.          0.          1.        ]]"
single_object,90,91,12,69,30,0.7163520722199426,0.8814628641772672,0.0026833046164485164,0.002015755125308583,"[[ 0.7157371   0.2624639   0.64717316  0.0121877 ]
 [-0.48732394 -0.47607774  0.73202825  0.07977152]
 [ 0.50023573 -0.83932276 -0.21284156 -0.4308787 ]
 [ 0.          0.          0.          1.        ]]","[[ 0.55260907  0.23452204  0.79976411  0.0152201 ]
 [-0.54067724 -0.62939254  0.55815154  0.07467495]
 [ 0.63426441 -0.74085386 -0.2210073  -0.43299365]
 [ 0.          0.          0.          1.        ]]"
single_object,90,92,12,20,30,0.6221789084940501,0.9419368075502668,0.0022988308150805746,0.0017296863408058712,"[[-0.9081562  -0.13379682  0.39667458  0.01080537]
 [-0.41313704  0.13342727 -0.90084124  0.06647456]
 [ 0.06760248 -0.98198553 -0.17644923 -0.43045607]
 [ 0.          0.          0.          1.        ]]","[[-0.4012824  -0.34578328  0.84817826  0.01919546]
 [-0.71179343 -0.465077   -0.52635872  0.07169468]
 [ 0.57647424 -0.8149462  -0.05949905 -0.42742511]
 [ 0.          0.          0.          1.        ]]"
single_object,90,93,12,22,30,0.9669162905211326,0.982637464095199,0.002057574928398693,0.001466047568681577,"[[-0.07627589 -0.71330527  0.69669045  0.02370928]
 [-0.27755725 -0.65591876 -0.70194911  0.07276993]
 [ 0.95767633 -0.24691328 -0.14795226 -0.42246739]
 [ 0.          0.          0.          1.        ]]","[[-0.28214197 -0.87205286  0.39989964  0.02179118]
 [ 0.03653579 -0.42629898 -0.90384419  0.07352779]
 [ 0.95867671 -0.24040173  0.15213798 -0.4235577 ]
 [ 0.          0.          0.          1.        ]]"
single_object,90,94,12,24,27,0.8002667213787443,0.9095199015182601,0.0021114007112046024,0.0014438022328916679,"[[-0.44279637  0.16699232 -0.88093413  0.02131254]
 [ 0.30489155  0.95199825  0.02721149  0.07409042]
 [ 0.84319186 -0.25654023 -0.47245592 -0.42007678]
 [ 0.          0.          0.          1.        ]]","[[ 0.09573679  0.29847114 -0.94960489  0.01921056]
 [ 0.32631     0.89186068  0.31321926  0.07422316]
 [ 0.94040218 -0.33985218 -0.01201024 -0.41847321]
 [ 0.          0.          0.          1.        ]]"
single_object,90,95,12,10,26,0.6901159212146081,0.942193270414444,0.0024278678388507486,0.0016953429732314955,"[[-3.83838351e-01 -9.23400238e-01  3.47799424e-04  2.90046109e-02]
 [-4.39463531e-01  1.82344600e-01 -8.79557987e-01  7.05257863e-02]
 [ 8.12120635e-01 -3.37760933e-01 -4.75791580e-01 -4.15487677e-01]
 [ 0.00000000e+00  0.00000000e+00  0.00000000e+00  1.00000000e+00]]","[[-0.15987493 -0.9815757   0.10463823  0.02383902]
 [ 0.18484415 -0.13389507 -0.973604    0.0739549 ]
 [ 0.96967657 -0.13631311  0.20284499 -0.4139973 ]
 [ 0.          0.          0.          1.        ]]"
single_object,90,96,12,37,30,0.8838479688141158,0.9411417726713172,0.0017260371280054122,0.001701605653779527,"[[ 0.25831456  0.84590596  0.46660121  0.02266235]
 [-0.57317808 -0.25459595  0.77887598  0.07792483]
 [ 0.77765062 -0.46864059  0.41908891 -0.40778397]
 [ 0.          0.          0.          1.        ]]","[[ 0.82493624  0.54384757 -0.15398059  0.02281902]
 [ 0.06498593  0.17935816  0.9816351   0.0772965 ]
 [ 0.56147754 -0.81979294  0.11261661 -0.40881353]
 [ 0.          0.          0.          1.        ]]"
single_object,90,97,12,19,30,0.5838377102995487,0.9456298727944193,0.0023011388085734034,0.0015919126040479447,"[[ 0.68371818 -0.0783096   0.72553226  0.02545347]
 [ 0.53218272 -0.62676708 -0.56916129  0.07576071]
 [ 0.49931052  0.77526166 -0.38685703 -0.40529472]
 [ 0.          0.          0.          1.        ]]","[[-0.42229636 -0.54538785  0.72402892  0.0249886 ]
 [-0.01963073 -0.79305541 -0.6088331   0.07623537]
 [ 0.90624523 -0.27132122  0.32419805 -0.40410141]
 [ 0.          0.          0.          1.        ]]"
single_object,90,98,12,83,30,0.9096224866639311,0.8997230201066886,0.002324679028023557,0.0015800796675577895,"[[-0.67283885 -0.68586685 -0.27726258  0.01919578]
 [ 0.36337542  0.02005741 -0.93142687  0.07601976]
 [ 0.64439598 -0.72745059  0.23573175 -0.39757036]
 [ 0.          0.          0.          1.        ]]","[[-0.48554606 -0.66061717  0.57256439  0.0253791 ]
 [ 0.07340112 -0.68344418 -0.72630319  0.07625893]
 [ 0.87112416 -0.31062679  0.38033367 -0.39895959]
 [ 0.          0.          0.          1.        ]]"
single_object,90,99,12,31,30,0.9409109560935577,0.9479636848584325,0.0018177153819859473,0.0015626057780207627,"[[ 0.46230164  0.46565923  0.75461161  0.02655965]
 [-0.84513646 -0.02617028  0.53390963  0.07458778]
 [ 0.26836834 -0.88457708  0.38144702 -0.39353426]
 [ 0.          0.          0.          1.        ]]","[[ 0.83503962  0.5501137   0.00915152  0.02459937]
 [-0.01382152  0.00434629  0.99989503  0.07798815]
 [ 0.55001618 -0.83507845  0.01123273 -0.39463746]
 [ 0.          0.          0.          1.        ]]"
single_object,90,100,12,54,30,0.6880898645876077,0.9652492819039803,0.0026341733717641764,0.00162381100602987,"[[ 0.66364297  0.73989778  0.11013307  0.02565985]
 [ 0.45003436 -0.51250714  0.73130398  0.07573611]
 [ 0.59753417 -0.43576108 -0.67310118 -0.39396189]
 [ 0.          0.          0.          1.        ]]","[[ 0.76617168  0.57500233  0.28697262  0.02538384]
 [-0.25329935 -0.14019483  0.95717545  0.07682165]
 [ 0.59061019 -0.8060507   0.03823441 -0.38993564]
 [ 0.          0.          0.          1.        ]]"
single_object,90,101,12,28,30,0.8421214608124743,0.9090326220763233,0.0017871399760229414,0.0017856007793685107,"[[ 0.50725258  0.72628574 -0.46390068  0.02476177]
 [ 0.31213274  0.34691487  0.88443384  0.07731084]
 [ 0.80328573 -0.59342994 -0.0507241  -0.38531384]
 [ 0.          0.          0.          1.        ]]","[[ 0.84286777  0.53070745 -0.08901421  0.0253492 ]
 [ 0.03826341  0.1058911   0.99364128  0.07675025]
 [ 0.53675864 -0.84091419  0.06894552 -0.38524517]
 [ 0.          0.          0.          1.        ]]"
single_object,90,102,12,30,30,0.8056011489536316,0.9167521542880591,0.0020204898090415467,0.0017831225041852177,"[[-0.09792471  0.10580392 -0.98955358  0.02201998]
 [-0.04364659  0.99291917  0.11048297  0.07434339]
 [ 0.99423625  0.05400966 -0.09261334 -0.38034577]
 [ 0.          0.          0.          1.        ]]","[[ 0.49805174 -0.06499424 -0.86470816  0.02435869]
 [ 0.13824747  0.99038413  0.00518687  0.07322163]
 [ 0.85605613 -0.12212704  0.50224783 -0.380247  ]
 [ 0.          0.          0.          1.        ]]"
single_object,90,103,12,50,22,0.924830734509643,0.9318065244152647,0.002055940414151283,0.0017986902970403588,"[[ 0.85174528  0.51517766  0.09550897  0.02723844]
 [-0.08082827 -0.05090887  0.99542708  0.07721785]
 [ 0.51768405 -0.85557014 -0.00172047 -0.37605582]
 [ 0.          0.          0.          1.        ]]","[[ 0.78097197  0.59678571  0.18419989  0.02610841]
 [-0.11934713 -0.14689341  0.98192596  0.07542148]
 [ 0.61305713 -0.78884038 -0.04349497 -0.37656617]
 [ 0.          0.          0.          1.        ]]"
single_object,90,104,12,32,30,0.835299548625359,0.8530724251128436,0.0020691709652977245,0.0017092278137382003,"[[-0.01077923  0.46739519 -0.88398278  0.02318096]
 [-0.087648    0.88018991  0.46645853  0.07173154]
 [ 0.99609319  0.08250739  0.03147848 -0.37119738]
 [ 0.          0.          0.          1.        ]]","[[ 0.11103002 -0.02349464 -0.9935393   0.02475584]
 [ 0.18477148  0.98277809 -0.00259158  0.07229446]
 [ 0.97648955 -0.18328999  0.11345901 -0.37173271]
 [ 0.          0.          0.          1.        ]]"
single_object,90,105,12,21,30,0.6904236766516209,0.7766977841608536,0.002159758130288306,0.0020387893485368557,"[[-0.99770554 -0.02070906 -0.06445773  0.02302326]
 [ 0.06514574 -0.55283804 -0.83073831  0.07184149]
 [-0.01843088 -0.83303136  0.55291868 -0.3685674 ]
 [ 0.          0.          0.          1.        ]]","[[-0.77318303 -0.4800842   0.41437563  0.02607196]
 [ 0.13615401 -0.76382581 -0.63089794  0.07267298]
 [ 0.61939494 -0.43138068  0.65594254 -0.3665017 ]
 [ 0.          0.          0.          1.        ]]"
single_object,90,106,12,72,30,0.8212453836684448,0.839428600738613,0.0023179729318716404,0.0020238245567935527,"[[-0.33062562 -0.13448095  0.93413145  0.03619563]
 [-0.63270496 -0.7028372  -0.32512199  0.06678682]
 [ 0.70026505 -0.69852326  0.14728922 -0.36934319]
 [ 0.          0.          0.          1.        ]]","[[ 0.45036845  0.3295825   0.82978529  0.03884467]
 [-0.58746891 -0.59046801  0.55337855  0.06932454]
 [ 0.67234555 -0.7366973  -0.07230869 -0.370189  ]
 [ 0.          0.          0.          1.        ]]"
single_object,90,107,12,47,30,0.7809550677061962,0.8928498153467378,0.001969361937424144,0.0017900236454131328,"[[ 0.40606135  0.79316948  0.45386821  0.0371767 ]
 [-0.0737616  -0.46658944  0.88139295  0.07220143]
 [ 0.9108641  -0.39137766 -0.13095848 -0.37475203]
 [ 0.          0.          0.          1.        ]]","[[ 0.51363906  0.69950945  0.49685154  0.03724131]
 [-0.47755263 -0.24801901  0.84287013  0.07076145]
 [ 0.71282425 -0.67020378  0.20666033 -0.37398882]
 [ 0.          0.          0.          1.        ]]"
single_object,90,108,12,48,30,0.845250307755437,0.764079811243332,0.0020352906510512666,0.0018615199132693057,"[[-0.23004404  0.3949194   0.88944837  0.0394738 ]
 [-0.70222195 -0.70012944  0.12924047  0.07010628]
 [ 0.67376856 -0.59485917  0.43838168 -0.37878743]
 [ 0.          0.          0.          1.        ]]","[[ 0.32304951  0.80220053  0.50210888  0.03600458]
 [-0.06632543 -0.51006059  0.85757748  0.07253821]
 [ 0.94405506 -0.31034257 -0.11156852 -0.37961194]
 [ 0.          0.          0.          1.        ]]"
single_object,90,109,12,51,30,0.8470455478046779,0.8386335658596635,0.0018665185601473321,0.0017127337797317112,"[[-0.95355826 -0.25692193  0.15721884  0.03719796]
 [-0.14034764 -0.08285429 -0.98662947  0.06849972]
 [ 0.26651301 -0.96287397  0.04294801 -0.38234505]
 [ 0.          0.          0.          1.        ]]","[[-0.90203338 -0.0308139   0.43056507  0.03597788]
 [-0.36701785 -0.47031319 -0.80256053  0.06882564]
 [ 0.22723045 -0.88196146  0.41292895 -0.38265351]
 [ 0.          0.          0.          1.        ]]"
single_object,90,110,12,55,30,0.9226251538777185,0.8485073861304883,0.002360323577988341,0.0018864887657568923,"[[-0.58463802 -0.80739468 -0.07944939  0.0358067 ]
 [ 0.39272498 -0.1959559  -0.8985368   0.06927906]
 [ 0.70990526 -0.55652054  0.43164733 -0.38548085]
 [ 0.          0.          0.          1.        ]]","[[-0.28045791 -0.95437011  0.10257222  0.03887544]
 [ 0.28404602 -0.18459343 -0.9408736   0.06939383]
 [ 0.91687579 -0.23474021  0.32285572 -0.38805729]
 [ 0.          0.          0.          1.        ]]"
single_object,90,111,12,46,24,0.850687320475995,0.8947476405416496,0.0021679367316113324,0.0016151962400554692,"[[ 0.04818582  0.42699909 -0.90296728  0.03088575]
 [ 0.65213234  0.67130082  0.35224795  0.07206922]
 [ 0.75657223 -0.60582752 -0.24611274 -0.39272007]
 [ 0.          0.          0.          1.        ]]","[[ 0.04891938  0.17774456 -0.98285999  0.03445707]
 [ 0.66930705  0.72458082  0.16434933  0.07113035]
 [ 0.7413737  -0.66587499 -0.08351964 -0.39187663]
 [ 0.          0.          0.          1.        ]]"
single_object,90,112,12,18,30,0.906724456298728,0.881565449322938,0.002353684226557783,0.0020084211303563904,"[[-0.36388792 -0.93050001  0.04189641  0.03459202]
 [-0.04657683 -0.02674604 -0.99855658  0.06929846]
 [ 0.93027747 -0.36531408 -0.03360718 -0.39579749]
 [ 0.          0.          0.          1.        ]]","[[-0.03465826 -0.95608284 -0.29104021  0.03725733]
 [ 0.14626179  0.28322725 -0.94783428  0.06904172]
 [ 0.98863861 -0.07541835  0.13002222 -0.3973118 ]
 [ 0.          0.          0.          1.        ]]"
single_object,90,113,12,64,19,0.9372691834222404,0.9160853508411982,0.002105851873950461,0.001394221630313735,"[[ 0.52274429  0.3850381  -0.76058141  0.03466294]
 [-0.01830687  0.89705305  0.44154351  0.07130693]
 [ 0.85229295 -0.21689048  0.4759782  -0.39844695]
 [ 0.          0.          0.          1.        ]]","[[ 0.20500315  0.4835253  -0.85098589  0.03413929]
 [ 0.19785469  0.83102948  0.51984953  0.07063333]
 [ 0.95855476 -0.27494234  0.07469592 -0.40130277]
 [ 0.          0.          0.          1.        ]]"
single_object,90,114,12,42,30,0.5303139105457529,0.9336017644645055,0.0029545737135776885,0.0014753527819446005,"[[ 0.19909754  0.62309012 -0.7563854   0.03946638]
 [ 0.29909442  0.69637507  0.65238355  0.06922094]
 [ 0.93322168 -0.35611861 -0.04771622 -0.41284394]
 [ 0.          0.          0.          1.        ]]","[[ 0.2964446   0.3162475  -0.90117041  0.03376857]
 [ 0.16997474  0.91104983  0.37562854  0.06976041]
 [ 0.93980274 -0.26452926  0.21632172 -0.40593434]
 [ 0.          0.          0.          1.        ]]"
single_object,90,115,12,28,30,0.6722661058678703,0.9397825194911776,0.0020984205020012615,0.0016418778790342067,"[[ 0.40748142 -0.79693019 -0.44593852  0.03635942]
 [-0.56814543  0.16107808 -0.80700968  0.06740213]
 [ 0.7149613   0.58219938 -0.38713592 -0.41307426]
 [ 0.          0.          0.          1.        ]]","[[ 0.34952009 -0.00151475 -0.93692764  0.03377031]
 [ 0.3793074   0.91461458  0.14002164  0.06955904]
 [ 0.85671559 -0.40432397  0.32025073 -0.41038239]
 [ 0.          0.          0.          1.        ]]"
single_object,90,116,12,26,30,0.9573245794009028,0.9686089454247025,0.0024837871544156043,0.0017614856009677308,"[[-0.35247774 -0.90095516  0.25305975  0.03286452]
 [-0.16938053 -0.20452814 -0.96409464  0.06759058]
 [ 0.92036389 -0.38268529 -0.08051265 -0.41377971]
 [ 0.          0.          0.          1.        ]]","[[-6.74684154e-04 -8.96560211e-01 -4.42921361e-01  3.56955922e-02]
 [ 2.30175197e-01  4.30889432e-01 -8.72555830e-01  6.74376595e-02]
 [ 9.73148973e-01 -1.02538211e-01  2.06075209e-01 -4.16257176e-01]
 [ 0.00000000e+00  0.00000000e+00  0.00000000e+00  1.00000000e+00]]"
single_object,90,117,12,76,30,0.5596532622076323,0.7402544111612639,0.0023330318440223405,0.0019112195075803248,"[[-0.98726457  0.04616982  0.15223999  0.02474863]
 [-0.13984587  0.20433889 -0.96885951  0.06402568]
 [-0.07584062 -0.9778108  -0.19527989 -0.42308004]
 [ 0.          0.          0.          1.        ]]","[[-0.89752388  0.3159087  -0.30765658  0.03045873]
 [ 0.37967827  0.19879242 -0.9035076   0.06787474]
 [-0.22426612 -0.92773017 -0.29836462 -0.42325863]
 [ 0.          0.          0.          1.        ]]"
single_object,90,118,12,37,29,0.9689679934345506,0.9385514977431269,0.0025254152220795766,0.0015106844012914404,"[[ 0.28437159  0.52617889 -0.80141661  0.03275553]
 [ 0.33559978  0.72840567  0.59732569  0.07081494]
 [ 0.89805656 -0.43881769  0.03055236 -0.42095102]
 [ 0.          0.          0.          1.        ]]","[[ 0.18241746  0.33219088 -0.92540428  0.03232384]
 [ 0.40533244  0.83208922  0.37859363  0.06877588]
 [ 0.89578428 -0.44415847  0.01713986 -0.42446463]
 [ 0.          0.          0.          1.        ]]"
single_object,90,119,12,17,30,0.7001949117767747,0.9275235945835043,0.0024584545591185346,0.0016176814364163685,"[[ 0.35724015 -0.72754949  0.58570575  0.04062275]
 [-0.36961572 -0.68601529 -0.62671145  0.06690152]
 [ 0.85776669  0.00740044 -0.51398593 -0.43161224]
 [ 0.          0.          0.          1.        ]]","[[-0.15075988 -0.96426319 -0.21787144  0.03426453]
 [ 0.20316917  0.18546375 -0.96141848  0.06632353]
 [ 0.9674677  -0.18920809  0.16794806 -0.42945988]
 [ 0.          0.          0.          1.        ]]"
single_object,90,120,12,26,30,0.9200092326631104,0.8550471891670086,0.0024552683114534035,0.0016412934810954437,"[[-0.06319768 -0.20963513 -0.97573519  0.03087423]
 [ 0.386822    0.89611726 -0.21758353  0.06832043]
 [ 0.9199863  -0.39118662  0.02445894 -0.43054145]
 [ 0.          0.          0.          1.        ]]","[[ 0.04850548  0.4701398  -0.88125807  0.0293827 ]
 [ 0.39040219  0.80318532  0.44997719  0.06788344]
 [ 0.91936573 -0.36587144 -0.14458472 -0.43364533]
 [ 0.          0.          0.          1.        ]]"
single_object,90,121,12,54,30,0.9342429216249487,0.9572476405416496,0.0022977278207316877,0.0014278531836430487,"[[ 0.0821969   0.57459506  0.81429981  0.05105125]
 [-0.62291337 -0.60818205  0.49203001  0.0547901 ]
 [ 0.77796054 -0.54768158  0.30793227 -0.4336408 ]
 [ 0.          0.          0.          1.        ]]","[[-0.32396114  0.28031675  0.90358824  0.04745335]
 [-0.39596402 -0.90759333  0.13959529  0.05844944]
 [ 0.85922155 -0.31256498  0.40502031 -0.43490722]
 [ 0.          0.          0.          1.        ]]"
single_object,90,122,12,36,30,0.9237792367665162,0.9068270414443989,0.001801457833858487,0.0014996761546123305,"[[ 0.01112059  0.10016043  0.99490915  0.04953856]
 [-0.63124646 -0.77094684  0.08466924  0.0575655 ]
 [ 0.77550257 -0.62897445  0.05465253 -0.43040356]
 [ 0.          0.          0.          1.        ]]","[[-0.20181303  0.49940644  0.84253469  0.04798985]
 [-0.50588902 -0.78975102  0.34694327  0.05948878]
 [ 0.83865833 -0.35621138  0.41202628 -0.43057153]
 [ 0.          0.          0.          1.        ]]"
single_object,90,123,12,25,30,0.68580734509643,0.9283186294624538,0.002446011284443299,0.0013726233789798867,"[[-0.48289468  0.25817867 -0.83675355  0.041769  ]
 [ 0.87240731  0.22435742 -0.4342456   0.06475532]
 [ 0.07561892 -0.9396848  -0.33357796 -0.42801469]
 [ 0.          0.          0.          1.        ]]","[[ 0.13736357  0.6352883  -0.75996055  0.04529039]
 [ 0.53062456  0.60066128  0.59803311  0.06042099]
 [ 0.83640231 -0.48540169 -0.2545906  -0.42702312]
 [ 0.          0.          0.          1.        ]]"
single_object,90,124,12,86,30,0.7270209273697169,0.9129052113254,0.002324177872722568,0.0018447965713774613,"[[-0.28199031 -0.7944295  -0.53792494  0.05007981]
 [-0.14020008  0.5887812  -0.7960406   0.0551269 ]
 [ 0.94911822 -0.14905861 -0.27740967 -0.42293836]
 [ 0.          0.          0.          1.        ]]","[[ 0.06401642 -0.86805836 -0.49231756  0.04731788]
 [ 0.33419943  0.48349177 -0.80904045  0.05879581]
 [ 0.94032581 -0.11274038  0.32105602 -0.42212393]
 [ 0.          0.          0.          1.        ]]"
single_object,90,125,12,30,30,0.7626436192039393,0.930088223225277,0.002292991841522123,0.0015469574677116123,"[[-0.67234859 -0.62896809  0.39031592  0.05297404]
 [-0.31980818 -0.22872054 -0.9194616   0.0597615 ]
 [ 0.66758528 -0.74302493 -0.04736921 -0.41741305]
 [ 0.          0.          0.          1.        ]]","[[-0.82312269 -0.56732083 -0.02482153  0.04653156]
 [ 0.08160613 -0.074919   -0.99384485  0.0592074 ]
 [ 0.56196928 -0.82008184  0.10796439 -0.41752047]
 [ 0.          0.          0.          1.        ]]"
single_object,90,126,12,14,30,0.858765900697579,0.9012617972917522,0.0023309582316055986,0.001495425297987818,"[[ 0.23974712  0.75063733 -0.61568248  0.0477954 ]
 [ 0.10515261  0.61036956  0.78510632  0.06088269]
 [ 0.96512396 -0.25296759  0.06740287 -0.41537204]
 [ 0.          0.          0.          1.        ]]","[[ 0.21459443  0.73550279 -0.64263899  0.04448366]
 [ 0.2151492   0.60620816  0.76565167  0.06257182]
 [ 0.95271195 -0.30256785 -0.02815395 -0.41368939]
 [ 0.          0.          0.          1.        ]]"
single_object,90,127,12,59,30,0.8626384899466557,0.8785391875256463,0.002091080948140309,0.0014564368469031,"[[ 0.7748072   0.40264145 -0.48739478  0.04938383]
 [ 0.14368349  0.63862402  0.75598572  0.06200007]
 [ 0.6156532  -0.65577376  0.43695756 -0.40799963]
 [ 0.          0.          0.          1.        ]]","[[ 0.08665936  0.76343515 -0.64004447  0.04420416]
 [ 0.33693443  0.58214248  0.73999008  0.0636242 ]
 [ 0.93753151 -0.27978009 -0.20677949 -0.40962858]
 [ 0.          0.          0.          1.        ]]"
single_object,90,128,12,31,30,0.7073502256873204,0.9212915469839967,0.002524861167562478,0.001606981564972353,"[[-0.07027858  0.72079752 -0.68957368  0.04980901]
 [ 0.72501936  0.51170438  0.46098325  0.06527411]
 [ 0.68513345 -0.46755702 -0.55855402 -0.40646749]
 [ 0.          0.          0.          1.        ]]","[[ 0.19770197  0.63516755 -0.74664323  0.04452945]
 [ 0.58575355  0.53419074  0.6095351   0.06448008]
 [ 0.78600681 -0.55785521 -0.26644109 -0.40539108]
 [ 0.          0.          0.          1.        ]]"
single_object,90,129,12,68,30,0.6912187115305704,0.8668444809191629,0.002324029563854769,0.0016858556482778233,"[[ 0.02364084 -0.98408615 -0.17611235  0.04851248]
 [-0.36527551  0.15547891 -0.91782357  0.05826014]
 [ 0.93059922  0.08602765 -0.35578692 -0.40228813]
 [ 0.          0.          0.          1.        ]]","[[-0.02734494 -0.52145949 -0.85283777  0.04611108]
 [ 0.69500831  0.60328897 -0.39115965  0.06213389]
 [ 0.71848152 -0.60342557  0.34592178 -0.40007246]
 [ 0.          0.          0.          1.        ]]"
single_object,90,130,12,43,25,0.8515080016413623,0.8724353713582274,0.0017151194460930498,0.0016995655957607787,"[[-0.94580427 -0.16180852  0.28155333  0.04588801]
 [-0.15669234 -0.53201087 -0.83211294  0.06242206]
 [ 0.2844324  -0.83113323  0.47782399 -0.39501523]
 [ 0.          0.          0.          1.        ]]","[[-0.91715176 -0.29775255  0.26490766  0.04560466]
 [-0.10589904 -0.45872847 -0.88224349  0.06208181]
 [ 0.38421094 -0.83720464  0.38919192 -0.39573921]
 [ 0.          0.          0.          1.        ]]"
single_object,90,131,12,94,16,0.8659468608945424,0.8512771850636028,0.0024643873908247235,0.001749501193640659,"[[-0.78766081 -0.6117704  -0.07298918  0.04410975]
 [ 0.28210855 -0.25280087 -0.92547636  0.06179193]
 [ 0.54772731 -0.74955233  0.371707   -0.38854661]
 [ 0.          0.          0.          1.        ]]","[[-0.94377707 -0.3274419   0.04546034  0.04511822]
 [ 0.05693019 -0.2964467  -0.9533511   0.06257933]
 [ 0.32564366 -0.89716284  0.29842092 -0.39102191]
 [ 0.          0.          0.          1.        ]]"
single_object,90,132,12,21,30,0.7008873615100534,0.870024620434961,0.0022777485779317966,0.001870682672133284,"[[ 0.66103763  0.24828382  0.70808503  0.0513733 ]
 [-0.74389221  0.09328081  0.66175757  0.06004744]
 [ 0.09825295 -0.96418558  0.24635852 -0.39026356]
 [ 0.          0.          0.          1.        ]]","[[ 0.30260504  0.40325115  0.86360795  0.04825784]
 [-0.833601   -0.32732877  0.44493287  0.06285126]
 [ 0.46210342 -0.85454338  0.23709923 -0.38788485]
 [ 0.          0.          0.          1.        ]]"
single_object,90,133,12,34,30,0.5296471070988921,0.823579195732458,0.0029162887895734482,0.0016391114387679176,"[[ 0.27424768  0.42362864  0.86332322  0.05056649]
 [-0.77478121 -0.43445571  0.45930634  0.05993891]
 [ 0.56965103 -0.79485031  0.20907104 -0.37670606]
 [ 0.          0.          0.          1.        ]]","[[-0.23637734  0.55948059  0.79442257  0.04620635]
 [-0.71725626 -0.65202479  0.24577862  0.06477422]
 [ 0.65549157 -0.51170806  0.55541485 -0.38245632]
 [ 0.          0.          0.          1.        ]]"
single_object,90,134,12,43,30,0.8490716044316783,0.8302728764874846,0.002106613207090147,0.0016477951517382024,"[[ 0.66090975  0.41323645 -0.62644548  0.04426302]
 [ 0.36436755  0.55305947  0.74924062  0.06610332]
 [ 0.65607514 -0.72343684  0.21495244 -0.37755667]
 [ 0.          0.          0.          1.        ]]","[[ 0.20910568  0.86750467 -0.45134296  0.04410844]
 [-0.04267689  0.46920218  0.88205896  0.06459936]
 [ 0.97696136 -0.16518162  0.13513524 -0.37905553]
 [ 0.          0.          0.          1.        ]]"
single_object,90,135,12,58,30,0.9028262207632335,0.8657416906032006,0.0022556736472829635,0.0018057152289515975,"[[ 0.52158824  0.69778899 -0.4909544   0.04745288]
 [ 0.15296744  0.48962437  0.85841071  0.06406272]
 [ 0.83937278 -0.52283697  0.14864332 -0.37385086]
 [ 0.          0.          0.          1.        ]]","[[ 0.25055096  0.88975072 -0.38153358  0.04424993]
 [-0.19003021  0.43163765  0.88180352  0.06408428]
 [ 0.94926958 -0.14843381  0.27722674 -0.37466432]
 [ 0.          0.          0.          1.        ]]"
single_object,90,136,12,20,30,0.5786315141567501,0.8672804677882643,0.002237032018632629,0.0018358181726904912,"[[-0.96029822 -0.27887387  0.00753018  0.04977782]
 [-0.2259367   0.76160945 -0.60737439  0.0576557 ]
 [ 0.16364579 -0.58496188 -0.79438004 -0.38620374]
 [ 0.          0.          0.          1.        ]]","[[-0.71667672 -0.52978525 -0.45354389  0.05202285]
 [ 0.46974562  0.1139757  -0.87541338  0.0561475 ]
 [ 0.51547408 -0.84043865  0.16718057 -0.38233395]
 [ 0.          0.          0.          1.        ]]"
single_object,90,137,12,28,30,0.8109868691013541,0.8146029954862536,0.00210641692042225,0.0019106890212084813,"[[-0.7314341   0.08835656 -0.67616364  0.04992393]
 [ 0.64089577  0.42777793 -0.63738422  0.05885275]
 [ 0.23293081 -0.89955498 -0.36951871 -0.38717283]
 [ 0.          0.          0.          1.        ]]","[[-0.55324531 -0.57286535 -0.60476849  0.05376177]
 [ 0.66667383  0.13080563 -0.73378191  0.05673292]
 [ 0.49946535 -0.80914472  0.30954674 -0.3855572 ]
 [ 0.          0.          0.          1.        ]]"
single_object,90,138,12,32,22,0.9386540828887977,0.9079041854739434,0.0020367229883272,0.0016430897955929293,"[[-0.8744676  -0.22606942 -0.42918415  0.05009702]
 [ 0.42276058  0.07867326 -0.90282003  0.05478543]
 [ 0.23786532 -0.97092901  0.02677602 -0.39127696]
 [ 0.          0.          0.          1.        ]]","[[-0.79136001 -0.31559244 -0.52359407  0.05237286]
 [ 0.55982992 -0.02996523 -0.82806555  0.05624791]
 [ 0.24564161 -0.94842158  0.20039137 -0.39072669]
 [ 0.          0.          0.          1.        ]]"
single_object,90,139,12,27,30,0.8723327862125564,0.9318578169881001,0.001740594597066391,0.0016436676523156623,"[[-0.71945065 -0.31172753 -0.62065828  0.05212046]
 [ 0.35206035  0.60662847 -0.71278006  0.05679683]
 [ 0.59870215 -0.73131925 -0.32669234 -0.39456437]
 [ 0.          0.          0.          1.        ]]","[[-0.47187242 -0.19072746 -0.86079002  0.05197916]
 [ 0.75151812  0.42352556 -0.50581283  0.05667471]
 [ 0.46103898 -0.88557842 -0.05651489 -0.39492054]
 [ 0.          0.          0.          1.        ]]"
single_object,90,140,12,41,30,0.9245999179318835,0.855098481739844,0.002011155142115424,0.0017227338140955695,"[[ 0.42802411  0.40160003 -0.80963743  0.05490038]
 [ 0.50951373  0.63268377  0.58318695  0.05867117]
 [ 0.74645236 -0.66213946  0.06618318 -0.39714972]
 [ 0.          0.          0.          1.        ]]","[[ 0.10528809  0.78453314 -0.61108279  0.0516802 ]
 [ 0.49265536  0.49263953  0.71735416  0.05745944]
 [ 0.86383164 -0.37658206 -0.33463538 -0.39946241]
 [ 0.          0.          0.          1.        ]]"
single_object,90,141,12,38,14,0.8564320886335659,0.9385771440295445,0.0025339751038832357,0.0016616748192580025,"[[-0.82852744 -0.55973925 -0.01530556  0.05372544]
 [-0.04175098  0.08901152 -0.99515517  0.05035287]
 [ 0.55838977 -0.82387434 -0.09711815 -0.40052133]
 [ 0.          0.          0.          1.        ]]","[[-0.87229766 -0.35099286 -0.34044207  0.05341079]
 [ 0.37218782 -0.02504256 -0.92781954  0.05426786]
 [ 0.3171325  -0.9360432   0.15247983 -0.40220924]
 [ 0.          0.          0.          1.        ]]"
single_object,90,142,12,27,30,0.8363766926549036,0.8765900697578991,0.0022448148101347344,0.0016141355671521486,"[[ 0.25401907  0.91270829  0.3200592   0.05079716]
 [-0.70486462 -0.05190457  0.70744031  0.05520559]
 [ 0.66229917 -0.40530173  0.63015103 -0.40635815]
 [ 0.          0.          0.          1.        ]]","[[-0.22190448  0.56412191  0.79531432  0.05508709]
 [-0.49637849 -0.76740549  0.40582904  0.05691128]
 [ 0.83926563 -0.30472164  0.4503087  -0.4062719 ]
 [ 0.          0.          0.          1.        ]]"
single_object,90,143,12,13,30,0.9596070988920804,0.9304729175215429,0.0017132241170660018,0.0014113587785932796,"[[ 0.66189489  0.67735429 -0.32107059  0.05491534]
 [ 0.18299466  0.26935325  0.94549552  0.05600586]
 [ 0.72691686 -0.68457285  0.05433132 -0.41008162]
 [ 0.          0.          0.          1.        ]]","[[ 0.25994136  0.80513526 -0.53309258  0.05325739]
 [ 0.35432975  0.43402884  0.82829306  0.05537967]
 [ 0.8982655  -0.40419819 -0.17246133 -0.41107319]
 [ 0.          0.          0.          1.        ]]"
single_object,90,144,12,19,25,0.9275748871563397,0.9627359458350431,0.0017984535566793504,0.001392265847250079,"[[ 0.76201037  0.35730479 -0.54006803  0.05636817]
 [ 0.32373581  0.51210269  0.79557901  0.05385031]
 [ 0.56083448 -0.78107882  0.27455521 -0.41339446]
 [ 0.          0.          0.          1.        ]]","[[ 0.48134644  0.69187637 -0.53815676  0.05460893]
 [ 0.20775309  0.50641448  0.8368889   0.05419325]
 [ 0.85155403 -0.51463722  0.10002135 -0.41400452]
 [ 0.          0.          0.          1.        ]]"
single_object,90,145,12,39,30,0.7641311038161674,0.9327041444398851,0.0023121561689386475,0.0014579852087813162,"[[ 0.42301545  0.36410089  0.82975205  0.06399532]
 [-0.60065719 -0.57293919  0.55763037  0.05229586]
 [ 0.67843118 -0.7342828  -0.02366231 -0.41806142]
 [ 0.          0.          0.          1.        ]]","[[-0.25552934  0.21169383  0.94334007  0.05735183]
 [-0.41592592 -0.90489404  0.09040134  0.05331725]
 [ 0.87276021 -0.36925939  0.31927592 -0.41844073]
 [ 0.          0.          0.          1.        ]]"
single_object,90,146,12,67,30,0.915546778826426,0.9316270004103406,0.002211342311371825,0.00159086214127015,"[[ 0.03184729 -0.29421189  0.95520946  0.05830452]
 [-0.33744041 -0.90274609 -0.26680229  0.05010067]
 [ 0.94080801 -0.31382934 -0.128029   -0.42082047]
 [ 0.          0.          0.          1.        ]]","[[-0.04578282  0.6066941   0.7936159   0.05708456]
 [-0.39985154 -0.73916007  0.54199736  0.05241132]
 [ 0.91543579 -0.29251437  0.2764284  -0.42221906]
 [ 0.          0.          0.          1.        ]]"
single_object,90,147,12,41,16,0.9435268773081658,0.9911007386130488,0.0022379641801242166,0.0013667600425942032,"[[ 0.442216    0.55353448 -0.70572274  0.05662396]
 [ 0.28939004  0.6566994   0.69641891  0.05252868]
 [ 0.84893958 -0.51219672  0.13021561 -0.42491392]
 [ 0.          0.          0.          1.        ]]","[[ 0.45936637  0.75884911 -0.46166066  0.05629   ]
 [ 0.3502185   0.32290505  0.8792493   0.0504708 ]
 [ 0.81629011 -0.56557966 -0.11743127 -0.42643652]
 [ 0.          0.          0.          1.        ]]"
single_object,90,148,12,56,30,0.6067654903569963,0.9578887977020928,0.002504966318339598,0.0015145599353073773,"[[-0.01912464 -0.99830684  0.05493368  0.05961693]
 [ 0.99940282 -0.02066938 -0.02769083  0.04579026]
 [ 0.02877939  0.05437129  0.99810596 -0.43209276]
 [ 0.          0.          0.          1.        ]]","[[-0.79470107 -0.60696754  0.00637291  0.05689368]
 [ 0.23840921 -0.32176945 -0.91631079  0.04586887]
 [ 0.55822152 -0.72667381  0.40041718 -0.42962242]
 [ 0.          0.          0.          1.        ]]"
single_object,90,149,12,18,30,0.990716044316783,0.8991075092326631,0.0018161749164382793,0.0014058433791132715,"[[ 0.3872209   0.64660347 -0.65723963  0.05608966]
 [ 0.30960371  0.58026697  0.75328334  0.0476734 ]
 [ 0.86845007 -0.49517088  0.02450067 -0.43308481]
 [ 0.          0.          0.          1.        ]]","[[ 0.23222404  0.91321827 -0.33481992  0.05510609]
 [ 0.10906102  0.31761256  0.94192779  0.04567486]
 [ 0.96652868 -0.25525408 -0.02583924 -0.43487313]
 [ 0.          0.          0.          1.        ]]"
single_object,90,150,12,46,30,0.9582478457119409,0.9318065244152647,0.002377351599699264,0.0015364164547266967,"[[-0.49360951  0.42004648  0.76151862  0.05626926]
 [-0.66665676 -0.74506471 -0.02115025  0.03841508]
 [ 0.55849656 -0.5181115   0.64779786 -0.43683941]
 [ 0.          0.          0.          1.        ]]","[[-0.4497595   0.14293658  0.88163798  0.05948857]
 [-0.40967829 -0.91015915 -0.061433    0.04262097]
 [ 0.79364986 -0.38881802  0.46791074 -0.43750145]
 [ 0.          0.          0.          1.        ]]"
single_object,90,151,12,34,30,0.9829452195322117,0.9658135002051703,0.002025488270458316,0.0017141466905484974,"[[-0.59931026  0.25956111  0.75726828  0.06414876]
 [-0.48111635 -0.87285248 -0.08158193  0.02391667]
 [ 0.63980799 -0.41322704  0.64798854 -0.43913935]
 [ 0.          0.          0.          1.        ]]","[[-0.28296802  0.31269303  0.90672607  0.06604444]
 [-0.32483564 -0.92073893  0.21615188  0.02708143]
 [ 0.90244718 -0.23337288  0.36211351 -0.44092424]
 [ 0.          0.          0.          1.        ]]"
single_object,90,152,12,152,30,0.6905519080837095,0.8619460402133771,0.0026975615213398973,0.0018526508771428596,"[[ 0.07863354 -0.99689879 -0.00309495  0.06135129]
 [-0.77432103 -0.05912106 -0.63002511  0.02795973]
 [ 0.62788829  0.05193759 -0.77656859 -0.43752047]
 [ 0.          0.          0.          1.        ]]","[[ 0.00701988 -0.90709667 -0.42086381  0.06537512]
 [ 0.24845994  0.40925802 -0.87793823  0.02862895]
 [ 0.96861674 -0.09840478  0.22825012 -0.4385049 ]
 [ 0.          0.          0.          1.        ]]"
single_object,90,153,12,52,30,0.7835709889208042,0.964710709889208,0.0022175082996527076,0.0015383035997184095,"[[ 0.14908736  0.90435283 -0.39989862  0.05994664]
 [-0.44251901  0.42268079  0.79089688  0.02841908]
 [ 0.8842793   0.05905001  0.46320969 -0.43442401]
 [ 0.          0.          0.          1.        ]]","[[ 0.38054153  0.83839577 -0.39023158  0.06192183]
 [ 0.48386875  0.17908969  0.85662005  0.03580029]
 [ 0.78807308 -0.51480037 -0.33752245 -0.43474012]
 [ 0.          0.          0.          1.        ]]"
single_object,90,154,12,33,30,0.8816167418957734,0.9284212146081248,0.0015736679350224299,0.0014688106429672535,"[[-0.36921452 -0.50892839  0.77760693  0.06462537]
 [ 0.00144903 -0.83704074 -0.54713864  0.03686353]
 [ 0.92934307 -0.20088476  0.30978505 -0.4306726 ]
 [ 0.          0.          0.          1.        ]]","[[-0.39696369 -0.24054409  0.88575299  0.06473057]
 [-0.19740802 -0.92008517 -0.3383391   0.03760127]
 [ 0.89635367 -0.30916308  0.31775508 -0.43035199]
 [ 0.          0.          0.          1.        ]]"
single_object,90,155,12,14,23,0.9257283545342634,0.9607098892080427,0.001930090316503583,0.0015003228769334951,"[[-0.41441796 -0.39186696  0.82140005  0.06559077]
 [-0.39123747 -0.73818663 -0.54955777  0.03698143]
 [ 0.82170007 -0.54910908  0.15260476 -0.42727967]
 [ 0.          0.          0.          1.        ]]","[[-0.49642454 -0.1278421   0.85861462  0.0637448 ]
 [-0.23100224 -0.93397827 -0.27262164  0.03910138]
 [ 0.83677992 -0.33367798  0.43411792 -0.42722475]
 [ 0.          0.          0.          1.        ]]"
single_object,90,156,12,32,30,0.8788725892490767,0.9679934345506771,0.002297817066890866,0.0015044870864132573,"[[ 0.22501463  0.32478233 -0.91863206  0.06172512]
 [ 0.95082609  0.13275005  0.27983418  0.03987566]
 [ 0.21283365 -0.93642611 -0.27894081 -0.42578491]
 [ 0.          0.          0.          1.        ]]","[[-0.03214184 -0.05185005 -0.9981375   0.06019246]
 [ 0.93603554  0.34858203 -0.04824977  0.04086143]
 [ 0.35043455 -0.93584301  0.03732942 -0.42331   ]
 [ 0.          0.          0.          1.        ]]"
single_object,90,157,12,36,30,0.8203990562166599,0.9465787853918752,0.0022543773009255624,0.0015419479693595138,"[[ 0.33153387  0.31430533 -0.88954902  0.06226277]
 [ 0.92073829  0.09781818  0.37772028  0.04420874]
 [ 0.20573356 -0.94426891 -0.25696291 -0.42379957]
 [ 0.          0.          0.          1.        ]]","[[-0.05727783 -0.1351347  -0.98917029  0.0600323 ]
 [ 0.95669688  0.27580408 -0.09307621  0.04367425]
 [ 0.28539503 -0.95166734  0.11348548 -0.42052492]
 [ 0.          0.          0.          1.        ]]"
single_object,90,158,12,39,30,0.8512771850636028,0.9157519491177677,0.0029878401459598235,0.0015873889538282114,"[[ 0.01418561  0.01301581 -0.99981466  0.05679919]
 [ 0.41269139  0.91069871  0.01771104  0.04542654]
 [ 0.91076044 -0.41286614  0.00754731 -0.41354814]
 [ 0.          0.          0.          1.        ]]","[[ 0.26635188 -0.02669474 -0.96350613  0.06020417]
 [ 0.87340838  0.42949573  0.22954569  0.04527012]
 [ 0.40769411 -0.90267425  0.1377124  -0.41638124]
 [ 0.          0.          0.          1.        ]]"
single_object,90,159,12,98,30,0.902031185884284,0.8179626590069758,0.002095250759314888,0.0016307320343744677,"[[-0.96524694 -0.24704462 -0.08524851  0.05618619]
 [ 0.10635707 -0.07337529 -0.99161698  0.0418003 ]
 [ 0.23871851 -0.96622204  0.09710021 -0.41266415]
 [ 0.          0.          0.          1.        ]]","[[-0.55001489 -0.02026324 -0.83490899  0.05692658]
 [ 0.83489092  0.01179045 -0.55028914  0.04613137]
 [ 0.02099459 -0.99972516  0.01043267 -0.41449161]
 [ 0.          0.          0.          1.        ]]"
single_object,90,160,12,24,30,0.8851559294214197,0.8827708247845711,0.0021117414184162746,0.001618321093807239,"[[ 0.85258379  0.4116827  -0.32189787  0.06303867]
 [ 0.27634829  0.16762936  0.94632554  0.04870577]
 [ 0.44354538 -0.89577774  0.02915026 -0.40875751]
 [ 0.          0.          0.          1.        ]]","[[ 0.41333275  0.66269407 -0.62449388  0.05904189]
 [ 0.46712905  0.43438237  0.77013142  0.04764164]
 [ 0.78163066 -0.61003977 -0.13001919 -0.40957165]
 [ 0.          0.          0.          1.        ]]"
single_object,90,161,12,61,30,0.8959786622897005,0.8652287648748461,0.0019348041875175044,0.001660063212202901,"[[-0.12640172  0.02494013 -0.99166557  0.05818343]
 [ 0.75053249  0.6560745  -0.07916582  0.04842813]
 [ 0.64863208 -0.75428393 -0.10164732 -0.40437477]
 [ 0.          0.          0.          1.        ]]","[[-0.3792572  -0.25371571 -0.88982713  0.05831378]
 [ 0.84277612  0.30225785 -0.44538592  0.04729245]
 [ 0.38195863 -0.91884086  0.09919208 -0.40552546]
 [ 0.          0.          0.          1.        ]]"
single_object,90,162,12,14,30,0.8958247845711941,0.9170599097250718,0.002016526126491945,0.0016394824443979356,"[[ 0.21642995  0.37131859 -0.90292889  0.05619487]
 [ 0.68108126  0.605204    0.41213642  0.04988588]
 [ 0.69949009 -0.70416662 -0.12191386 -0.40193556]
 [ 0.          0.          0.          1.        ]]","[[-0.33182111 -0.09927009 -0.93810458  0.05783217]
 [ 0.82329658  0.45499246 -0.3393591   0.04740425]
 [ 0.46051872 -0.88494481 -0.06924738 -0.40211201]
 [ 0.          0.          0.          1.        ]]"
single_object,90,163,12,41,21,0.8711017644645055,0.825913007796471,0.0021068856538079684,0.0015995075128743038,"[[-0.71555174 -0.28120845 -0.63945877  0.05782443]
 [ 0.56588299  0.3033859  -0.76663775  0.04482056]
 [ 0.40958779 -0.91042781 -0.05795723 -0.39817089]
 [ 0.          0.          0.          1.        ]]","[[-0.60786125 -0.1547875  -0.77881033  0.05747224]
 [ 0.74495302  0.22834732 -0.62681936  0.04846442]
 [ 0.27486305 -0.9611963  -0.02349407 -0.39894488]
 [ 0.          0.          0.          1.        ]]"
single_object,90,164,12,56,26,0.932242511284366,0.8912084530160033,0.0023267053809861377,0.0018636203214072657,"[[-0.66749757 -0.18415313 -0.72148085  0.05526102]
 [ 0.63923004  0.355207   -0.6820652   0.04862414]
 [ 0.38187949 -0.9164691  -0.1193836  -0.3933831 ]
 [ 0.          0.          0.          1.        ]]","[[-0.49099355 -0.1761474  -0.85316905  0.05730127]
 [ 0.83949287  0.16599515 -0.51739476  0.04991771]
 [ 0.23275966 -0.97026682  0.06637193 -0.39511737]
 [ 0.          0.          0.          1.        ]]"
single_object,90,165,12,15,30,0.36887053754616334,0.8490203118588429,0.0027924351734847125,0.001817418110913138,"[[-0.59424828 -0.28379277 -0.75254943  0.04439077]
 [ 0.51914902  0.57930311 -0.62840449  0.04625751]
 [ 0.61429088 -0.76411359 -0.19691913 -0.38926923]
 [ 0.          0.          0.          1.        ]]","[[ 0.11030321  0.3013621  -0.94710828  0.05733378]
 [ 0.89245425  0.38937955  0.22783542  0.05095737]
 [ 0.43744556 -0.87038178 -0.22600207 -0.39225552]
 [ 0.          0.          0.          1.        ]]"
single_object,90,166,12,33,30,0.6884489125974559,0.8393773081657776,0.0018907583428576444,0.0017947053234737248,"[[-0.6950271   0.03915541 -0.71791656  0.05789862]
 [ 0.53661603  0.69281188 -0.48172081  0.04342399]
 [ 0.47851914 -0.72005455 -0.50253445 -0.4052869 ]
 [ 0.          0.          0.          1.        ]]","[[-0.10350829 -0.06856372 -0.99226259  0.059618  ]
 [ 0.91740202  0.37883992 -0.12187639  0.04337544]
 [ 0.38426498 -0.92291892  0.02368742 -0.40284836]
 [ 0.          0.          0.          1.        ]]"
single_object,90,167,12,15,30,0.7020414443988511,0.8669983586376693,0.0023224442444756623,0.0017285476361646236,"[[-0.12741091  0.49988558 -0.85666847  0.06285369]
 [ 0.92606539  0.36926786  0.07774402  0.04669765]
 [ 0.35520325 -0.78342559 -0.5099755  -0.40653555]
 [ 0.          0.          0.          1.        ]]","[[-0.08486855  0.04652225 -0.99530549  0.06120252]
 [ 0.94151574  0.33067468 -0.06482567  0.04251543]
 [ 0.32610649 -0.94259744 -0.07186531 -0.40593219]
 [ 0.          0.          0.          1.        ]]"
single_object,90,168,12,30,30,0.8039854329093147,0.8856175625769389,0.0021188307006407303,0.0015969937462156473,"[[ 0.17193958  0.20783792 -0.96293311  0.06229819]
 [ 0.95007956  0.22335764  0.21785362  0.04523529]
 [ 0.26035671 -0.95232073 -0.15905854 -0.41079438]
 [ 0.          0.          0.          1.        ]]","[[ 0.01250334 -0.09487496 -0.99541067  0.06220825]
 [ 0.93541877  0.35286384 -0.02188251  0.04132408]
 [ 0.35332053 -0.93085222  0.0931598  -0.40913033]
 [ 0.          0.          0.          1.        ]]"
single_object,90,169,12,60,30,0.8750256462864178,0.8735638079606073,0.0019422192364441401,0.001560216797422338,"[[-0.84016265 -0.19490472 -0.50610164  0.06274469]
 [ 0.4563659   0.25010961 -0.85391765  0.03828165]
 [ 0.29301346 -0.94839724 -0.12118489 -0.41187839]
 [ 0.          0.          0.          1.        ]]","[[-0.19400375 -0.42230935 -0.88544755  0.06300896]
 [ 0.86678329  0.34889167 -0.35631634  0.03947924]
 [ 0.45940099 -0.83661784  0.29836439 -0.41191614]
 [ 0.          0.          0.          1.        ]]"
single_object,90,170,12,36,28,0.9560166187935987,0.9134950759130078,0.002026273675726702,0.0015718533540736196,"[[-0.11404117 -0.12934658 -0.98501983  0.06145251]
 [ 0.82998786  0.5325021  -0.16601707  0.03950148]
 [ 0.54599887 -0.83648728  0.04662893 -0.41388024]
 [ 0.          0.          0.          1.        ]]","[[-0.11564682 -0.30229626 -0.9461727   0.06279843]
 [ 0.89025808  0.39092232 -0.23370984  0.03825247]
 [ 0.44052964 -0.86936569  0.22391276 -0.41509106]
 [ 0.          0.          0.          1.        ]]"
single_object,90,171,12,43,30,0.8616895773491998,0.8247076323348379,0.0025158766054248676,0.0015233278489213211,"[[-0.95904586  0.07051285  0.27433369  0.05935996]
 [-0.25765955 -0.61947164 -0.7415298   0.03244917]
 [ 0.11765456 -0.78184578  0.61227002 -0.41811031]
 [ 0.          0.          0.          1.        ]]","[[-0.08771391  0.67993208  0.72801005  0.06341867]
 [-0.31512892 -0.71223375  0.62722951  0.03902897]
 [ 0.94498679 -0.17440027  0.27673906 -0.41830754]
 [ 0.          0.          0.          1.        ]]"
single_object,90,172,12,47,30,0.8328375051292572,0.8017285597045548,0.001974655083869254,0.0015742991657055824,"[[-0.09910822  0.47504528  0.87436236  0.0635101 ]
 [-0.73300068 -0.62910866  0.25871277  0.03690557]
 [ 0.67296921 -0.61526764  0.41055836 -0.42118193]
 [ 0.          0.          0.          1.        ]]","[[-0.41076858  0.00794812  0.911705    0.06562969]
 [-0.17449776 -0.98216214 -0.07005759  0.03736169]
 [ 0.8948853  -0.18786794  0.40482828 -0.42144134]
 [ 0.          0.          0.          1.        ]]"
single_object,90,173,12,29,30,0.873589454247025,0.7463069347558473,0.0017153602753569184,0.0017045168462530853,"[[-0.78550081 -0.49609239 -0.36997409  0.06480436]
 [ 0.42326023  0.00548717 -0.90599154  0.03199244]
 [ 0.45148562 -0.8682524   0.205666   -0.42332839]
 [ 0.          0.          0.          1.        ]]","[[-0.93359468 -0.32668028 -0.14724459  0.06246889]
 [ 0.35575027 -0.79577629 -0.4900835   0.03520703]
 [ 0.04292686 -0.50992165  0.85914911 -0.42480958]
 [ 0.          0.          0.          1.        ]]"
single_object,90,174,12,56,30,0.881847558473533,0.9222661058678703,0.0017446309812744155,0.001586982190362055,"[[-0.71609849 -0.13135901 -0.68552736  0.06323878]
 [ 0.677114    0.10772086 -0.72795113  0.03028381]
 [ 0.16946853 -0.98546488  0.01180628 -0.42765621]
 [ 0.          0.          0.          1.        ]]","[[-0.00231318 -0.17990426 -0.9836814   0.06375064]
 [ 0.94627809  0.31767703 -0.06032478  0.03272546]
 [ 0.32334567 -0.9309757   0.16950462 -0.42734053]
 [ 0.          0.          0.          1.        ]]"
single_object,90,175,12,11,22,0.963684858432499,0.9806114074681986,0.0014515305047333267,0.0013685424308404837,"[[ 0.72855128  0.60892534 -0.31372436  0.06585506]
 [ 0.13957368  0.31642457  0.93829349  0.03123511]
 [ 0.67062078 -0.72738258  0.14554158 -0.42999068]
 [ 0.          0.          0.          1.        ]]","[[ 0.67707717  0.68616518 -0.26597715  0.06523377]
 [ 0.20912864  0.16712187  0.96350168  0.03084922]
 [ 0.7055719  -0.70798844 -0.03034239 -0.43047723]
 [ 0.          0.          0.          1.        ]]"
single_object,90,176,12,97,30,0.8601764464505539,0.9226764464505539,0.002114109255858401,0.001595889325855797,"[[-0.99377729  0.0956822   0.05702299  0.06119812]
 [-0.11055954 -0.7851195  -0.60939638  0.02652438]
 [-0.01353852 -0.61190872  0.79081251 -0.43350698]
 [ 0.          0.          0.          1.        ]]","[[-0.6399207  -0.3449992   0.68664186  0.06695555]
 [-0.00182963 -0.89286531 -0.4503201   0.02755932]
 [ 0.76843877 -0.28942545  0.57073178 -0.43343117]
 [ 0.          0.          0.          1.        ]]"
single_object,90,177,12,67,30,0.7457427164546574,0.8229123922855971,0.0021902788873423918,0.0018892638787531965,"[[ 0.39866696  0.55300052  0.73161129  0.06777529]
 [-0.82026511 -0.14177065  0.55413557  0.01952881]
 [ 0.41015827 -0.82103076  0.39708776 -0.43387136]
 [ 0.          0.          0.          1.        ]]","[[ 0.16299541 -0.01570969  0.98650175  0.07004313]
 [-0.63948808 -0.76309323  0.09350786  0.02191827]
 [ 0.75132383 -0.64609746 -0.13442686 -0.4363218 ]
 [ 0.          0.          0.          1.        ]]"
single_object,90,178,12,40,30,0.9164443988510463,0.9643003693065244,0.001843326634541235,0.0014563044717312446,"[[ 0.42479599  0.78278917 -0.45474111  0.06604515]
 [ 0.39564208  0.29127668  0.87099095  0.02010778]
 [ 0.81425777 -0.54990819 -0.18597117 -0.44027255]
 [ 0.          0.          0.          1.        ]]","[[ 0.49343044  0.86520041 -0.08918892  0.06511975]
 [ 0.18664814 -0.0051751   0.9824132   0.02135422]
 [ 0.84952273 -0.50139952 -0.1640416  -0.43945772]
 [ 0.          0.          0.          1.        ]]"
single_object,90,179,12,78,30,0.9773543290931473,0.9249333196553139,0.001978660910522149,0.0015218857870701633,"[[-0.70187308 -0.21689154  0.67847788  0.064444  ]
 [-0.25726007 -0.81103347 -0.52539696  0.01360857]
 [ 0.66422243 -0.54330725  0.51344503 -0.44028244]
 [ 0.          0.          0.          1.        ]]","[[-0.56105682 -0.61356703  0.55565343  0.06838977]
 [ 0.09709799 -0.71540674 -0.69192859  0.01516303]
 [ 0.82206278 -0.33425843  0.46095996 -0.44137514]
 [ 0.          0.          0.          1.        ]]"
single_object,90,180,12,29,30,0.774774312679524,0.821604431678293,0.0019506570695584308,0.0017925823361873044,"[[-0.93585405  0.11192791 -0.3341397   0.06184678]
 [ 0.15205953 -0.72712429 -0.66945363  0.00878622]
 [-0.31789164 -0.67732002  0.66346251 -0.44728774]
 [ 0.          0.          0.          1.        ]]","[[-0.9957998   0.08654513  0.02987807  0.062034  ]
 [-0.06956486 -0.50301512 -0.86147346  0.00705776]
 [-0.05952721 -0.85993356  0.50692285 -0.44604366]
 [ 0.          0.          0.          1.        ]]"
single_object,90,181,12,16,30,0.9327554370127206,0.9792778005744768,0.001919820749046308,0.0011061512615181894,"[[ 9.10656716e-01  4.12268868e-01 -2.71795302e-02  6.35147568e-02]
 [ 8.20373523e-02 -1.15953238e-01  9.89860960e-01 -1.77257055e-04]
 [ 4.04937303e-01 -9.03653267e-01 -1.39415041e-01 -4.49830415e-01]
 [ 0.00000000e+00  0.00000000e+00  0.00000000e+00  1.00000000e+00]]","[[ 0.67047027  0.72081965  0.17575169  0.06396368]
 [-0.07761855 -0.16743689  0.98282259 -0.00237683]
 [ 0.73786515 -0.67259492 -0.05631248 -0.44977061]
 [ 0.          0.          0.          1.        ]]"
single_object,90,182,12,48,17,0.9478098071399261,0.9939731226918342,0.0018559119859002755,0.0014165388657983611,"[[ 4.80463822e-01  8.72779685e-01  8.60821537e-02  6.27505648e-02]
 [-1.76315755e-01 -2.31671566e-05  9.84333660e-01  3.62092957e-03]
 [ 8.59108416e-01 -4.88114352e-01  1.53873678e-01 -4.46584337e-01]
 [ 0.00000000e+00  0.00000000e+00  0.00000000e+00  1.00000000e+00]]","[[ 0.45997191  0.86197457  0.21313302  0.06502223]
 [-0.00307628 -0.2384842   0.9711415   0.003785  ]
 [ 0.88792814 -0.44735347 -0.10704436 -0.44719755]
 [ 0.          0.          0.          1.        ]]"
single_object,90,183,12,74,30,0.8624846122281493,0.8971327451784982,0.0024800420219164092,0.0016526167798015124,"[[-0.45898532 -0.88320765  0.0963157   0.06356703]
 [ 0.17282635 -0.19509735 -0.96543673  0.00821549]
 [ 0.87147205 -0.4264754   0.24218837 -0.44223032]
 [ 0.          0.          0.          1.        ]]","[[-0.17701082 -0.54474956 -0.81970427  0.06472263]
 [ 0.95481829  0.10696483 -0.27727343  0.00859139]
 [ 0.2387241  -0.83174903  0.50120291 -0.44420638]
 [ 0.          0.          0.          1.        ]]"
single_object,90,184,12,58,30,0.9299599917931883,0.9092890849405006,0.0026305658697968544,0.0015850821229746782,"[[-0.5837136  -0.33529758  0.73949575  0.06427511]
 [-0.01184255 -0.9071418  -0.42065842  0.00976469]
 [ 0.81187326 -0.25430156  0.52554023 -0.43895258]
 [ 0.          0.          0.          1.        ]]","[[-0.62693859 -0.64317201  0.43963369  0.06727349]
 [ 0.15024519 -0.65352968 -0.74183916  0.01073119]
 [ 0.76444384 -0.39903475  0.50635647 -0.44154709]
 [ 0.          0.          0.          1.        ]]"
single_object,90,185,12,17,14,0.8635617562576939,0.9899466557242511,0.002282723885368232,0.0012633273101689338,"[[ 0.43738528  0.89219973 -0.11257783  0.06683312]
 [ 0.15749868  0.04725155  0.98638809  0.01535688]
 [ 0.88537466 -0.44916249 -0.11985315 -0.44143116]
 [ 0.          0.          0.          1.        ]]","[[ 0.67581805  0.73690402 -0.01557025  0.06532089]
 [ 0.05356354 -0.02803274  0.99817088  0.01646297]
 [ 0.73511966 -0.6754159  -0.05841622 -0.43977614]
 [ 0.          0.          0.          1.        ]]"
single_object,90,186,12,32,30,0.9676600328272467,0.8689218301189988,0.0026110236440588645,0.001459957038815448,"[[-0.70981569 -0.35876015  0.60617889  0.06233536]
 [-0.09723856 -0.80242908 -0.58877181  0.0178972 ]
 [ 0.69764343 -0.47686343  0.53469142 -0.43514186]
 [ 0.          0.          0.          1.        ]]","[[-0.72889801 -0.37291843  0.57414243  0.06619584]
 [ 0.15544376 -0.90687126 -0.3916909   0.01894771]
 [ 0.66674202 -0.19625586  0.7189845  -0.43747079]
 [ 0.          0.          0.          1.        ]]"
single_object,90,187,12,37,30,0.886258719737382,0.9626333606893722,0.002210817105572135,0.0016547884147088,"[[ 0.83961465  0.28832858 -0.46034103  0.06777487]
 [ 0.49392903 -0.05263646  0.86790755  0.02191115]
 [ 0.22601183 -0.9560837  -0.1866082  -0.43470477]
 [ 0.          0.          0.          1.        ]]","[[ 0.55499601  0.80846723 -0.19585752  0.06409339]
 [ 0.11960298  0.15544748  0.98057698  0.02100879]
 [ 0.82320991 -0.56764146 -0.01042236 -0.43490717]
 [ 0.          0.          0.          1.        ]]"
single_object,90,188,12,88,30,0.7735432909314731,0.8236817808781288,0.002343427414759858,0.0016070784990780112,"[[ 0.8459171   0.48833211 -0.21437352  0.06924316]
 [ 0.33978029 -0.18366257  0.92239764  0.02437049]
 [ 0.41106399 -0.85311184 -0.32128894 -0.43568403]
 [ 0.          0.          0.          1.        ]]","[[ 0.38175536  0.8726775   0.30446153  0.06475406]
 [ 0.24265894 -0.41248755  0.87804935  0.02586374]
 [ 0.8918405  -0.26131974 -0.36923233 -0.43415701]
 [ 0.          0.          0.          1.        ]]"
single_object,90,189,12,53,30,0.7497948297086582,0.6740356996306934,0.0026714114022576767,0.0016039170249270457,"[[-0.70677633 -0.18332801  0.68327013  0.0682271 ]
 [ 0.02881014 -0.97249647 -0.23112897  0.02299323]
 [ 0.7068502  -0.14367138  0.69261918 -0.42695554]
 [ 0.          0.          0.          1.        ]]","[[-0.68156631 -0.72723749  0.08119732  0.06606876]
 [ 0.63556247 -0.64330882 -0.42686544  0.02755625]
 [ 0.3626675  -0.23933113  0.90066247 -0.43062641]
 [ 0.          0.          0.          1.        ]]"
single_object,90,190,12,31,30,0.7875461633155519,0.7346378744357817,0.0016953957585272735,0.0015650692682126236,"[[ 0.25766678  0.76357838  0.5920776   0.06597376]
 [-0.07264066 -0.59572601  0.79989615  0.03029908]
 [ 0.96349944 -0.24911557 -0.09803197 -0.42888656]
 [ 0.          0.          0.          1.        ]]","[[ 0.31393913  0.61021751  0.72737666  0.06589697]
 [ 0.04342741 -0.77453595  0.63103734  0.03010176]
 [ 0.94844941 -0.16651923 -0.26965731 -0.42915732]
 [ 0.          0.          0.          1.        ]]"
single_object,90,191,12,54,30,0.838864382437423,0.783878744357817,0.002504527957426675,0.0014883966926218489,"[[ 0.41203242  0.65743193  0.63088236  0.06286254]
 [-0.59095346 -0.33420319  0.7342222   0.03257703]
 [ 0.69354401 -0.67534546  0.25080913 -0.42209939]
 [ 0.          0.          0.          1.        ]]","[[ 0.36196951  0.73396945  0.57468854  0.06527966]
 [-0.07533144 -0.59144544  0.80281845  0.03166232]
 [ 0.92914114 -0.33388792 -0.15879424 -0.42583619]
 [ 0.          0.          0.          1.        ]]"
single_object,90,192,12,68,30,0.8810525235945835,0.7822886745999179,0.0018193109549823844,0.0014343380036579085,"[[ 0.67096499  0.73163155  0.12050418  0.06652024]
 [ 0.08799506 -0.2399352   0.96679262  0.03266195]
 [ 0.73624918 -0.63808022 -0.22536808 -0.42177071]
 [ 0.          0.          0.          1.        ]]","[[ 0.48732855  0.78337284  0.38579512  0.06500457]
 [ 0.06676415 -0.47394114  0.87802183  0.03332433]
 [ 0.87066264 -0.40212783 -0.28326627 -0.42355334]
 [ 0.          0.          0.          1.        ]]"
single_object,90,193,12,51,30,0.845814526056627,0.736586992203529,0.002010955516321431,0.0014725609018794038,"[[-0.03771283  0.6480557   0.76065863  0.0622621 ]
 [-0.81662525 -0.45870053  0.35030989  0.03256411]
 [ 0.57593484 -0.60796187  0.54651755 -0.41814569]
 [ 0.          0.          0.          1.        ]]","[[ 0.40888899  0.87853454  0.24695518  0.06350467]
 [ 0.23200378 -0.36179202  0.902929    0.03545068]
 [ 0.88260072 -0.3119032  -0.35175611 -0.42141306]
 [ 0.          0.          0.          1.        ]]"
single_object,90,194,12,16,30,0.3974917931883463,0.8292726713171933,0.0026410194770114734,0.001700836002951448,"[[ 0.81542495 -0.55607727 -0.16081113  0.05957779]
 [ 0.47375909  0.48147109  0.73738587  0.03773463]
 [-0.33261761 -0.67746857  0.6560502  -0.42039005]
 [ 0.          0.          0.          1.        ]]","[[ 0.52350375 -0.02877622 -0.85153729  0.06422517]
 [ 0.77251487  0.43760351  0.4601347   0.03444114]
 [ 0.35939476 -0.89870746  0.25131713 -0.41712746]
 [ 0.          0.          0.          1.        ]]"
single_object,90,195,12,23,30,0.439936397209684,0.5354431678292983,0.002013414191239289,0.0016473691982101858,"[[-0.33237173 -0.8327331  -0.44281442  0.06260432]
 [ 0.85947945 -0.46075601  0.2213571   0.03774122]
 [-0.38836079 -0.30701706  0.86885926 -0.4174182 ]
 [ 0.          0.          0.          1.        ]]","[[-0.55616203 -0.74206355 -0.37419978  0.06367226]
 [ 0.81876639 -0.56644363 -0.09361205  0.03776491]
 [-0.14249699 -0.35844567  0.92261114 -0.41582001]
 [ 0.          0.          0.          1.        ]]"
single_object,90,196,12,37,30,0.7202246614690193,0.8437115305703734,0.0020541902451713476,0.0015112428790214774,"[[ 0.63500934 -0.35988397 -0.68355443  0.06293831]
 [ 0.74600428  0.5154571   0.42164154  0.03285056]
 [ 0.20060096 -0.77768085  0.59579506 -0.42831423]
 [ 0.          0.          0.          1.        ]]","[[ 0.42171698 -0.21270315 -0.88142621  0.06289229]
 [ 0.79318098  0.5575515   0.24494952  0.02894259]
 [ 0.43933897 -0.80242987  0.40384103 -0.42801058]
 [ 0.          0.          0.          1.        ]]"
single_object,90,197,12,110,30,0.87669265490357,0.8664341403364793,0.0019685389764443452,0.0016401996648131483,"[[ 0.91491712  0.34449389 -0.21035833  0.06556421]
 [ 0.04727856  0.4261029   0.90343846  0.02858022]
 [ 0.40086333 -0.83651675  0.37356166 -0.4287465 ]
 [ 0.          0.          0.          1.        ]]","[[ 0.75713021  0.58153476 -0.29760907  0.06300771]
 [ 0.33775384  0.04148348  0.94031987  0.02879019]
 [ 0.55917456 -0.81246319 -0.1650072  -0.43040472]
 [ 0.          0.          0.          1.        ]]"
single_object,90,198,12,36,30,0.7710556011489537,0.8440449322938038,0.0018539171376220698,0.0016456987886993841,"[[-0.62589919 -0.08156908 -0.77562664  0.05745129]
 [ 0.74211709  0.2435195  -0.62446816  0.02591927]
 [ 0.23981751 -0.9664599  -0.09188485 -0.43416528]
 [ 0.          0.          0.          1.        ]]","[[-0.22236478 -0.36471334 -0.90417813  0.06097744]
 [ 0.93314258  0.18909095 -0.30576059  0.02628238]
 [ 0.28248687 -0.9117175   0.29828238 -0.43255716]
 [ 0.          0.          0.          1.        ]]"
single_object,90,199,12,30,22,0.7485381616741896,0.8411981945014362,0.002503277093537142,0.001547716864904383,"[[ 0.88567315  0.23470038  0.40062302  0.06369359]
 [-0.38983557 -0.09280871  0.91619582  0.02133237]
 [ 0.25221281 -0.96762714  0.00929637 -0.43223186]
 [ 0.          0.          0.          1.        ]]","[[ 0.64896554  0.74857006  0.13596544  0.06376273]
 [ 0.19141071 -0.33360337  0.92307677  0.02518618]
 [ 0.73634616 -0.57301977 -0.35978142 -0.43493588]
 [ 0.          0.          0.          1.        ]]"
single_object,90,200,12,45,30,0.864202913418137,0.8529954862535905,0.002115278192307013,0.0015922831310656788,"[[-0.77081084 -0.60414044  0.20215087  0.06623482]
 [ 0.28744834 -0.61300087 -0.73593708  0.01975454]
 [ 0.56852801 -0.50916035  0.64616689 -0.43546283]
 [ 0.          0.          0.          1.        ]]","[[-0.2190693  -0.62196401 -0.7517775   0.06315746]
 [ 0.95047892  0.03805004 -0.30845099  0.02135676]
 [ 0.22045057 -0.78212081  0.58282808 -0.43578726]
 [ 0.          0.          0.          1.        ]]"
single_object,90,201,12,34,30,0.863638695116947,0.9242921624948708,0.0025994859416522452,0.0015489527477857846,"[[-0.11874672  0.20936724 -0.97060011  0.05723645]
 [ 0.87301973  0.48768223 -0.00161091  0.01681272]
 [ 0.47300715 -0.84754434 -0.2406924  -0.43662163]
 [ 0.          0.          0.          1.        ]]","[[ 0.50381383  0.0191514  -0.86359994  0.06322429]
 [ 0.77187967  0.43882558  0.46003683  0.01931064]
 [ 0.38778009 -0.89836815  0.20630382 -0.43764057]
 [ 0.          0.          0.          1.        ]]"
single_object,90,202,12,45,30,0.7752359458350431,0.8633822322527698,0.0029953482490804764,0.0015712621902662415,"[[-0.61616821 -0.29663173 -0.7296207   0.05772282]
 [ 0.74611022  0.07691693 -0.66136474  0.01623874]
 [ 0.25230195 -0.95188939  0.1739262  -0.43565786]
 [ 0.          0.          0.          1.        ]]","[[ 0.32975474 -0.19876279 -0.92290583  0.0636703 ]
 [ 0.92183658  0.27868673  0.26935297  0.01747847]
 [ 0.20366426 -0.93958877  0.27512508 -0.43947963]
 [ 0.          0.          0.          1.        ]]"
single_object,90,203,12,6,30,0.7214300369306524,0.8148338120640132,0.0019981650613735465,0.0015620418476426402,"[[-0.45824416 -0.8877599   0.04352755  0.06498186]
 [-0.10890566  0.00747719 -0.99402397  0.01231602]
 [ 0.88212916 -0.46024607 -0.10010846 -0.44410221]
 [ 0.          0.          0.          1.        ]]","[[-0.47623882 -0.86261966  0.17054003  0.06597192]
 [ 0.36245117 -0.36928013 -0.8557227   0.01248112]
 [ 0.80114027 -0.34571593  0.48852304 -0.44144024]
 [ 0.          0.          0.          1.        ]]"
single_object,90,204,12,37,30,0.7844173163725893,0.571886540828888,0.001921615924035567,0.0016364922835796901,"[[-0.9924293  -0.02322624 -0.1206011   0.06057355]
 [ 0.12154079 -0.32693604 -0.9371983   0.0095567 ]
 [-0.01766125 -0.94476101  0.32728384 -0.44361223]
 [ 0.          0.          0.          1.        ]]","[[-0.76605419  0.34249258 -0.54392997  0.05646299]
 [ 0.25551104 -0.61423298 -0.74661366  0.00986225]
 [-0.58980936 -0.71092664  0.38302511 -0.44833817]
 [ 0.          0.          0.          1.        ]]"
single_object,90,205,12,63,30,0.8602020927369717,0.8726148953631514,0.002162629323576219,0.0016061460630625883,"[[ 0.0116894   0.16897116 -0.98555167  0.06228112]
 [ 0.79712488  0.59348548  0.11120659  0.01027302]
 [ 0.60370132 -0.7869077  -0.12775363 -0.4457779 ]
 [ 0.          0.          0.          1.        ]]","[[ 0.82813258  0.15952645 -0.53735253  0.06497025]
 [ 0.46249314  0.34716503  0.81582874  0.0094125 ]
 [ 0.31669627 -0.92413622  0.21371878 -0.44537165]
 [ 0.          0.          0.          1.        ]]"
single_object,90,206,12,18,25,0.9331914238818219,0.9506052523594584,0.0017215761661777023,0.001411032287628175,"[[ 0.71969181  0.5305155   0.44788057  0.06428005]
 [-0.14791167 -0.51312428  0.8454736   0.00454283]
 [ 0.67835524 -0.67472719 -0.29082191 -0.44755832]
 [ 0.          0.          0.          1.        ]]","[[ 0.72037265  0.63912059  0.2694218   0.06470437]
 [-0.15951782 -0.22536616  0.9611265   0.00502479]
 [ 0.6749943  -0.73534683 -0.0603965  -0.44710312]
 [ 0.          0.          0.          1.        ]]"
single_object,90,207,12,37,30,0.8207324579400903,0.9332427164546574,0.0019664202934523397,0.001660941658404443,"[[-6.36145132e-01 -7.41215147e-01 -2.14288301e-01  6.48443676e-02]
 [ 3.71986347e-01 -5.13087490e-02 -9.26819060e-01 -5.28425913e-04]
 [ 6.75977462e-01 -6.69303756e-01  3.08361726e-01 -4.48401321e-01]
 [ 0.00000000e+00  0.00000000e+00  0.00000000e+00  1.00000000e+00]]","[[-6.13662799e-01 -6.89424259e-01  3.84853426e-01  6.49665305e-02]
 [ 3.06294493e-01 -6.57115252e-01 -6.88754840e-01 -2.72933623e-04]
 [ 7.27737351e-01 -3.04784738e-01  6.14414039e-01 -4.48415568e-01]
 [ 0.00000000e+00  0.00000000e+00  0.00000000e+00  1.00000000e+00]]"
single_object,90,208,12,21,30,0.5349302421009438,0.8955939679934346,0.002780757927147611,0.0014911961187778354,"[[ 0.66286067 -0.32664247  0.67373617  0.06590704]
 [-0.24788946 -0.94481621 -0.21418017 -0.00809115]
 [ 0.70651719 -0.02504048 -0.70725274 -0.45445601]
 [ 0.          0.          0.          1.        ]]","[[-0.39298416 -0.58180528  0.71208572  0.06553275]
 [-0.02529765 -0.76725541 -0.64084254 -0.00393848]
 [ 0.91919719 -0.26985507  0.28680092 -0.45068058]
 [ 0.          0.          0.          1.        ]]"
single_object,90,209,12,62,30,0.9528108329913828,0.9561704965121051,0.0021994976988753373,0.0011958017181432205,"[[ 0.70917015  0.60117734 -0.36832526  0.05791686]
 [ 0.30522112  0.20914297  0.92903137 -0.0040411 ]
 [ 0.63554525 -0.77126197 -0.03517407 -0.45203332]
 [ 0.          0.          0.          1.        ]]","[[ 0.73765066  0.6256699   0.25378865  0.06200389]
 [-0.1817155  -0.17804301  0.96709884 -0.00737294]
 [ 0.65026993 -0.75949843 -0.01763962 -0.45171845]
 [ 0.          0.          0.          1.        ]]"
single_object,90,210,12,85,30,0.7103508411981945,0.6885771440295445,0.002363337955002053,0.0018625196459149214,"[[-0.5707622  -0.07896208  0.81730992  0.06221292]
 [-0.80616725 -0.13517393 -0.57604025 -0.01607082]
 [ 0.15596433 -0.98767049  0.01349553 -0.45455654]
 [ 0.          0.          0.          1.        ]]","[[-0.12653029 -0.47577865  0.87041643  0.06229471]
 [-0.86590665 -0.37510484 -0.33091091 -0.01864401]
 [ 0.48393776 -0.79556963 -0.36451778 -0.45474562]
 [ 0.          0.          0.          1.        ]]"
single_object,90,211,12,46,30,0.5920958145260566,0.9790982765695527,0.0031617963319135207,0.0012637639614933465,"[[ 0.3684485   0.69027761  0.62270581  0.05247537]
 [-0.31268165 -0.53878822  0.7822643  -0.01749128]
 [ 0.87548609 -0.48293279  0.01732143 -0.4526692 ]
 [ 0.          0.          0.          1.        ]]","[[ 0.64872794  0.51827502  0.55726391  0.05439543]
 [-0.3097697  -0.48901816  0.81541644 -0.02215894]
 [ 0.69512214 -0.7016069  -0.15669385 -0.45845726]
 [ 0.          0.          0.          1.        ]]"
single_object,90,212,12,72,30,0.8007283545342634,0.9535545752974969,0.002287149991660006,0.0013195529287830245,"[[ 0.67370923  0.70588685  0.21872271  0.05728743]
 [ 0.39499919 -0.59411405  0.70071687 -0.0176005 ]
 [ 0.62457307 -0.38568413 -0.67908486 -0.45987439]
 [ 0.          0.          0.          1.        ]]","[[ 0.67343619  0.55920392  0.48350252  0.05652902]
 [-0.35669588 -0.32707061  0.87509592 -0.0170957 ]
 [ 0.64749653 -0.76178461 -0.02079545 -0.45698839]
 [ 0.          0.          0.          1.        ]]"
single_object,90,213,12,59,30,0.7696707016823964,0.8255283135002052,0.0022883397886244985,0.0016006298226007441,"[[-0.11046035 -0.96695446  0.22977723  0.06051165]
 [-0.01344714 -0.22971681 -0.97316461 -0.0172249 ]
 [ 0.99378956 -0.11058595  0.01237183 -0.45444793]
 [ 0.          0.          0.          1.        ]]","[[-0.31926369 -0.9471546  -0.03112658  0.05939344]
 [ 0.33140266 -0.08081592 -0.94002184 -0.016085  ]
 [ 0.88783048 -0.31043028  0.33969114 -0.45591177]
 [ 0.          0.          0.          1.        ]]"
single_object,90,214,12,44,22,0.845917111202298,0.7678498153467378,0.0020639277674864617,0.0016368086685662412,"[[-0.94434588 -0.06902292  0.32163129  0.05273859]
 [-0.24849246 -0.49099434 -0.83497069 -0.0132112 ]
 [ 0.21555126 -0.86842408  0.44651681 -0.45453598]
 [ 0.          0.          0.          1.        ]]","[[-0.90688621  0.02913077  0.42036746  0.0545843 ]
 [-0.41133322 -0.27769992 -0.86815191 -0.01331128]
 [ 0.09144608 -0.96022609  0.26382468 -0.45598006]
 [ 0.          0.          0.          1.        ]]"
single_object,90,215,12,21,30,0.9210094378334017,0.8496871153057037,0.002039296077355793,0.0016867828598606633,"[[-0.4815515  -0.82603277 -0.29287885  0.05843934]
 [ 0.47079243  0.03806054 -0.88142265 -0.0061775 ]
 [ 0.73923111 -0.56233554  0.37056186 -0.45199769]
 [ 0.          0.          0.          1.        ]]","[[-0.27073062 -0.94604867 -0.1780361   0.06076988]
 [ 0.42737381  0.04759963 -0.90282108 -0.0071625 ]
 [ 0.86258713 -0.32050928  0.39142975 -0.45410723]
 [ 0.          0.          0.          1.        ]]"
single_object,90,216,12,58,30,0.8789238818219122,0.9367049651210505,0.0019920636305682834,0.0015487058995161504,"[[ 5.89399764e-01  6.88499144e-01 -4.22583539e-01  5.80902255e-02]
 [ 2.97320358e-01  3.01506687e-01  9.05921808e-01  7.24488583e-04]
 [ 7.51138152e-01 -6.59592789e-01 -2.69968417e-02 -4.53949115e-01]
 [ 0.00000000e+00  0.00000000e+00  0.00000000e+00  1.00000000e+00]]","[[ 7.40268096e-01  6.09178459e-01  2.84437604e-01  6.06013463e-02]
 [-2.38109122e-01 -1.58094415e-01  9.58285032e-01 -9.91642199e-04]
 [ 6.28734596e-01 -7.77115024e-01  2.80186970e-02 -4.53221380e-01]
 [ 0.00000000e+00  0.00000000e+00  0.00000000e+00  1.00000000e+00]]"
single_object,90,217,12,40,30,0.41241793188346326,0.8698707427164547,0.0030073456261946988,0.0014741624554820418,"[[ 0.80061472  0.53791197  0.26394465  0.0554032 ]
 [ 0.27508478  0.06136198 -0.95945978  0.00145971]
 [-0.53230107  0.84076478 -0.09884409 -0.4435087 ]
 [ 0.          0.          0.          1.        ]]","[[ 0.56893397  0.59869218  0.56381009  0.06092161]
 [-0.03934276 -0.66498132  0.74582303  0.0037019 ]
 [ 0.82144159 -0.4465059  -0.35477626 -0.45331435]
 [ 0.          0.          0.          1.        ]]"
single_object,90,218,12,58,30,0.9029288059089043,0.9607868280672959,0.0023522216073088957,0.0014640428864381887,"[[ 0.82659844  0.50211447 -0.25419691  0.06097198]
 [ 0.25102309  0.07531468  0.96504669  0.01002383]
 [ 0.50370867 -0.86151538 -0.06378733 -0.44986757]
 [ 0.          0.          0.          1.        ]]","[[ 0.70911239  0.61949405  0.33672949  0.06061381]
 [-0.13549742 -0.34893918  0.92729817  0.00615182]
 [ 0.69195381 -0.7031846  -0.16349725 -0.45115777]
 [ 0.          0.          0.          1.        ]]"
single_object,90,219,12,57,30,0.9479380385720148,0.8534827656955273,0.0019261668758231714,0.0015555105036664657,"[[-0.6851663  -0.71734107 -0.12636824  0.05921371]
 [ 0.43762744 -0.26673128 -0.85868309  0.00534909]
 [ 0.58226228 -0.64364293  0.49668342 -0.44869433]
 [ 0.          0.          0.          1.        ]]","[[ 0.31010371 -0.48884013 -0.81539623  0.06098479]
 [ 0.92011194  0.37014012  0.12802461  0.00782025]
 [ 0.23922729 -0.78995672  0.56456947 -0.44956795]
 [ 0.          0.          0.          1.        ]]"
single_object,90,220,12,27,30,0.6205118998768978,0.7302267131719327,0.002038453950539894,0.0016027169235245506,"[[ 0.15991364 -0.9795349   0.12222523  0.06521444]
 [ 0.29989718 -0.06975718 -0.95141769  0.00654309]
 [ 0.94047292  0.18879967  0.28260463 -0.44857062]
 [ 0.          0.          0.          1.        ]]","[[-0.2040653  -0.92838031 -0.31059193  0.06201205]
 [ 0.89754578 -0.05075696 -0.43799008  0.01126964]
 [ 0.39085667 -0.36814905  0.84362156 -0.44824254]
 [ 0.          0.          0.          1.        ]]"
single_object,90,221,12,33,30,0.8649466557242511,0.9313192449733279,0.0021716095370667766,0.0015851642630545016,"[[ 0.92795257  0.36599812  0.07035201  0.06501254]
 [-0.04291413 -0.08258075  0.99565998  0.01368738]
 [ 0.3702194  -0.92694433 -0.06092453 -0.44866511]
 [ 0.          0.          0.          1.        ]]","[[ 0.74450646  0.61156228  0.26777176  0.06079279]
 [-0.11266853 -0.28023828  0.9532955   0.01484477]
 [ 0.65803946 -0.73990411 -0.13973539 -0.44723242]
 [ 0.          0.          0.          1.        ]]"
single_object,90,222,12,29,30,0.8812576938859253,0.663007796471071,0.0016403950542570893,0.001485713466801532,"[[ 0.64298582  0.65843721  0.39119009  0.06017029]
 [-0.56070095  0.05675875  0.82607075  0.01443663]
 [ 0.52171225 -0.75049243  0.40568144 -0.44368038]
 [ 0.          0.          0.          1.        ]]","[[ 0.71147653  0.6615191   0.23705195  0.0602333 ]
 [ 0.29275145 -0.58570096  0.75581146  0.0199436 ]
 [ 0.63882527 -0.46834482 -0.61037317 -0.44770595]
 [ 0.          0.          0.          1.        ]]"
single_object,90,223,12,47,30,0.5205683217070168,0.8654852277390234,0.0018493331526542424,0.0016489523405961383,"[[ 0.96585342  0.19488928  0.17072005  0.06205717]
 [-0.21821922  0.96713074  0.13053159  0.01648809]
 [-0.1396694  -0.16332878  0.97663512 -0.44419886]
 [ 0.          0.          0.          1.        ]]","[[ 0.72733951  0.57272516  0.37810466  0.06061   ]
 [-0.15378314 -0.40092254  0.90311232  0.01963701]
 [ 0.66882583 -0.71501539 -0.20353133 -0.44438837]
 [ 0.          0.          0.          1.        ]]"
single_object,90,224,12,59,30,0.8112433319655314,0.8530211325400082,0.00236196149025061,0.0016310347413171472,"[[ 0.4669624   0.17971431 -0.86582266  0.05636688]
 [ 0.81438735  0.29411463  0.50026975  0.02387199]
 [ 0.34455675 -0.93872219 -0.00901659 -0.44252039]
 [ 0.          0.          0.          1.        ]]","[[ 0.73827638 -0.01691038 -0.67428631  0.06077927]
 [ 0.55893273  0.57490791  0.59755762  0.01997805]
 [ 0.37754761 -0.81804336  0.43389269 -0.4428399 ]
 [ 0.          0.          0.          1.        ]]"
single_object,90,225,12,12,20,0.47489228559704555,0.5622435371358228,0.0026023083300649535,0.001846881507136031,"[[ 0.76200472 -0.36898731  0.53216273  0.06124355]
 [-0.32120969  0.49819312  0.80537441  0.02548722]
 [-0.56229275 -0.78463493  0.26110321 -0.44429964]
 [ 0.          0.          0.          1.        ]]","[[ 0.40695435 -0.57345032  0.71101539  0.064993  ]
 [-0.90606389 -0.15463875  0.39387192  0.01949176]
 [-0.11591544 -0.80451326 -0.58251354 -0.44550744]
 [ 0.          0.          0.          1.        ]]"
single_object,90,226,12,35,30,0.7432293803857202,0.8227072219942553,0.0019384806907636503,0.001903157228235557,"[[ 0.22221104 -0.05062568  0.97368336  0.05913543]
 [-0.95607356 -0.2071207   0.20742315  0.01253874]
 [ 0.19116904 -0.97700464 -0.09442638 -0.45601768]
 [ 0.          0.          0.          1.        ]]","[[ 0.40774072 -0.06542771  0.91075064  0.05865128]
 [-0.83031707 -0.44155029  0.34001015  0.01630178]
 [ 0.37989612 -0.89484778 -0.23436378 -0.45504302]
 [ 0.          0.          0.          1.        ]]"
single_object,90,227,12,67,30,0.7675933524825606,0.8701015592942142,0.0017804449127785675,0.0017574595254051591,"[[ 0.56006816  0.52285969 -0.64260517  0.05431094]
 [ 0.42837672  0.48114927  0.76484558  0.0152677 ]
 [ 0.70909593 -0.70364275  0.04549547 -0.45619032]
 [ 0.          0.          0.          1.        ]]","[[ 0.88903099  0.00873972 -0.45776361  0.05642614]
 [ 0.35451331  0.61955678  0.70033543  0.01516893]
 [ 0.28973128 -0.78490319  0.54770683 -0.45519817]
 [ 0.          0.          0.          1.        ]]"
single_object,90,228,12,41,30,0.6512105047189167,0.8527390233894132,0.002853438364577793,0.0017980929300281457,"[[ 0.58837904  0.52717698 -0.61310239  0.0482055 ]
 [ 0.25614515  0.59767016  0.75972366  0.0127696 ]
 [ 0.76694183 -0.60404868  0.21662276 -0.45123964]
 [ 0.          0.          0.          1.        ]]","[[ 0.83928354 -0.06419964 -0.53989031  0.05644258]
 [ 0.48030958  0.55285518  0.68092133  0.01355476]
 [ 0.25476625 -0.83080055  0.49483796 -0.45590112]
 [ 0.          0.          0.          1.        ]]"
single_object,90,229,12,25,30,0.9194963069347558,0.9238561756257694,0.0017482971850304521,0.0014682724864704098,"[[ 0.75255555  0.60343762  0.2636725   0.05657356]
 [-0.28695644 -0.05988796  0.95606978  0.01176602]
 [ 0.59271928 -0.79515815  0.1280913  -0.45661943]
 [ 0.          0.          0.          1.        ]]","[[ 0.7164466   0.54714025  0.43283001  0.05584224]
 [-0.48110957 -0.06179717  0.87447967  0.00983278]
 [ 0.50521069 -0.83475665  0.21896004 -0.45707472]
 [ 0.          0.          0.          1.        ]]"
single_object,90,230,12,48,30,0.9790982765695527,0.9799958965941732,0.002491511093453357,0.001505123089600428,"[[ 0.81097017  0.4663264   0.35336536  0.05868511]
 [-0.34592815 -0.10493007  0.93237514  0.00803762]
 [ 0.47186979 -0.87836744  0.07622027 -0.4558118 ]
 [ 0.          0.          0.          1.        ]]","[[ 0.71708876  0.52500128  0.45842924  0.05580474]
 [-0.35061258 -0.29673678  0.88826691  0.00715542]
 [ 0.60237408 -0.79769727 -0.02871455 -0.45802512]
 [ 0.          0.          0.          1.        ]]"
single_object,90,231,12,68,30,0.6871409519901518,0.9054164956914239,0.0031807177940342654,0.001700445666697444,"[[ 0.         -0.9486833  -0.31622777  0.05696665]
 [ 1.          0.          0.          0.00841971]
 [ 0.         -0.31622777  0.9486833  -0.45593872]
 [ 0.          0.          0.          1.        ]]","[[ 0.76939412 -0.02754585 -0.63818016  0.0562084 ]
 [ 0.57869566  0.45305549  0.67812393  0.00556264]
 [ 0.27045152 -0.89105665  0.36451889 -0.45926938]
 [ 0.          0.          0.          1.        ]]"
single_object,90,232,12,69,30,0.8060371358227328,0.7315346737792368,0.0016444538266436263,0.00149109148332168,"[[ 6.47362900e-01  4.14229845e-01  6.39792866e-01  5.59171176e-02]
 [-6.85750717e-01 -4.98329062e-02  7.26128525e-01  7.77293487e-04]
 [ 3.32666844e-01 -9.08807085e-01  2.51798438e-01 -4.60091631e-01]
 [ 0.00000000e+00  0.00000000e+00  0.00000000e+00  1.00000000e+00]]","[[ 0.68629212  0.51788189  0.51068727  0.05678205]
 [ 0.03160034 -0.72271166  0.69042688  0.00395505]
 [ 0.72663922 -0.45769663 -0.51235656 -0.46207296]
 [ 0.          0.          0.          1.        ]]"
single_object,90,233,12,28,25,0.9637361510053344,0.9560422650800164,0.0017201027893608077,0.0015973362839121442,"[[ 0.75816234  0.60005683  0.25518948  0.0552191 ]
 [-0.1214471  -0.25456285  0.9594     -0.00121547]
 [ 0.64065628 -0.75837297 -0.1201248  -0.46059718]
 [ 0.          0.          0.          1.        ]]","[[ 0.71910996  0.50744274  0.47474491  0.05610488]
 [-0.26649742 -0.42956144  0.86281869 -0.00214887]
 [ 0.64176319 -0.74697981 -0.17366973 -0.46068179]
 [ 0.          0.          0.          1.        ]]"
single_object,90,234,12,33,28,0.8691270004103406,0.9583504308576118,0.0026789105124078987,0.0013670078772309749,"[[ 0.74490989  0.56073502  0.36150448  0.05884134]
 [-0.35083304 -0.13165768  0.92713669 -0.00246136]
 [ 0.56747285 -0.81746101  0.09865126 -0.4596898 ]
 [ 0.          0.          0.          1.        ]]","[[ 0.70349369  0.49285874  0.51204188  0.05505683]
 [-0.43872145 -0.26565272  0.85845915 -0.00583168]
 [ 0.55912441 -0.82856436  0.02934269 -0.46128337]
 [ 0.          0.          0.          1.        ]]"
single_object,90,235,12,31,30,0.8305549856380796,0.9169573245794009,0.0018864596747380658,0.0016749673776327281,"[[ 0.66530269  0.44287112  0.60103036  0.05472961]
 [-0.65876205 -0.03056536  0.75173022 -0.00644391]
 [ 0.35129032 -0.89606413  0.27141147 -0.46131048]
 [ 0.          0.          0.          1.        ]]","[[ 0.71906652  0.35477214  0.59756177  0.05558303]
 [-0.33836863 -0.57232602  0.74696024 -0.00741743]
 [ 0.60700083 -0.73931026 -0.29149671 -0.4618923 ]
 [ 0.          0.          0.          1.        ]]"
single_object,90,236,12,45,19,0.9433986458760771,0.944168034468609,0.002549672909441877,0.001429684830658694,"[[ 0.38073795  0.47786992  0.79163056  0.05215974]
 [-0.53688535 -0.58278242  0.61001538 -0.01406227]
 [ 0.75285638 -0.65727086  0.03467398 -0.45808653]
 [ 0.          0.          0.          1.        ]]","[[ 0.7072886   0.41941855  0.56906144  0.05444922]
 [-0.43836342 -0.37131211  0.81851379 -0.01238287]
 [ 0.55459927 -0.82838119 -0.07876707 -0.462016  ]
 [ 0.          0.          0.          1.        ]]"
single_object,90,237,12,26,30,0.9480406237176857,0.995870947886746,0.00191046167084453,0.0013214820013618437,"[[ 0.88067432  0.41586723  0.22686382  0.05357457]
 [-0.19090407 -0.12673141  0.97339344 -0.01737218]
 [ 0.4335532  -0.90055183 -0.03221835 -0.46273914]
 [ 0.          0.          0.          1.        ]]","[[ 0.69707666  0.5397615   0.47195513  0.05315032]
 [-0.28182473 -0.39899255  0.87257078 -0.01516445]
 [ 0.6592867  -0.74125736 -0.12601025 -0.46213222]
 [ 0.          0.          0.          1.        ]]"
single_object,90,238,12,27,30,0.9034930242100944,0.8423779236766517,0.002247881067716828,0.001550998787084257,"[[-0.21698869 -0.78899175 -0.57481121  0.05046037]
 [ 0.66525975  0.31140449 -0.67856961 -0.01870412]
 [ 0.71438461 -0.52964069  0.4573132  -0.46070994]
 [ 0.          0.          0.          1.        ]]","[[ 0.16169923 -0.45622768 -0.87504838  0.05015336]
 [ 0.74352468  0.63935538 -0.19594831 -0.02183161]
 [ 0.64886393 -0.61893538  0.44259981 -0.46141988]
 [ 0.          0.          0.          1.        ]]"
single_object,90,239,12,98,30,0.9360638079606073,0.9274466557242511,0.0023181326263506455,0.0016383206264751053,"[[-0.64649526 -0.76215296 -0.03415769  0.04987651]
 [ 0.58091709 -0.46275137 -0.66962415 -0.02319216]
 [ 0.49454951 -0.45275162  0.74191424 -0.45900899]
 [ 0.          0.          0.          1.        ]]","[[-0.405983   -0.65328117  0.639063    0.05043297]
 [ 0.21568331 -0.74802383 -0.62764723 -0.02357899]
 [ 0.88806448 -0.11697888  0.44458681 -0.46214489]
 [ 0.          0.          0.          1.        ]]"
single_object,90,240,12,22,19,0.9756616741895774,0.9641977841608536,0.0022673356071936063,0.0015915048623592642,"[[-0.44084392 -0.89592472 -0.05454848  0.0464264 ]
 [ 0.45345132 -0.16985157 -0.87494705 -0.02956341]
 [ 0.77462155 -0.41045017  0.48113628 -0.46015184]
 [ 0.          0.          0.          1.        ]]","[[-0.37603019 -0.90577498  0.19537906  0.04840423]
 [ 0.3375322  -0.33026312 -0.88147506 -0.03164626]
 [ 0.86294455 -0.26551451  0.42991713 -0.46265459]
 [ 0.          0.          0.          1.        ]]"
single_object,90,241,12,40,26,0.9346532622076323,0.8527133771029954,0.0023520792259592647,0.0015543963945935026,"[[-0.34240387 -0.75260012 -0.56245235  0.04327466]
 [ 0.77320465  0.11438288 -0.62375566 -0.03823522]
 [ 0.53377351 -0.64846713  0.54274877 -0.4649689 ]
 [ 0.          0.          0.          1.        ]]","[[-0.04583727 -0.85855292 -0.51067194  0.04341726]
 [ 0.44961871  0.43876939 -0.77802599 -0.04028743]
 [ 0.8920437  -0.26527025  0.36590946 -0.4685219 ]
 [ 0.          0.          0.          1.        ]]"
single_object,90,242,12,12,30,0.8052164546573656,0.8846942962659007,0.0023688225919777347,0.001475966375785903,"[[-0.20840038 -0.94035294 -0.26889707  0.04040052]
 [ 0.12354608  0.24742072 -0.96099914 -0.03249287]
 [ 0.97020907 -0.23349377  0.06461434 -0.46799678]
 [ 0.          0.          0.          1.        ]]","[[-0.27594007 -0.96080195 -0.02677093  0.04432066]
 [ 0.24837517 -0.04437111 -0.96764714 -0.03459872]
 [ 0.9285294  -0.27366185  0.25088311 -0.46831168]
 [ 0.          0.          0.          1.        ]]"
single_object,90,243,12,18,30,0.7455375461633156,0.9164187525646287,0.0022628812595099725,0.001362264578504437,"[[ 0.79681575  0.07494859  0.59955597  0.043018  ]
 [-0.25193927 -0.8606912   0.44242203 -0.0278672 ]
 [ 0.54919146 -0.50358054 -0.66692982 -0.470709  ]
 [ 0.          0.          0.          1.        ]]","[[ 0.60320723  0.37444286  0.70422552  0.04480821]
 [-0.3968963  -0.62494221  0.67225037 -0.02494916]
 [ 0.69181961 -0.68501079 -0.22835467 -0.46963821]
 [ 0.          0.          0.          1.        ]]"
single_object,90,244,12,66,30,0.6787289700451374,0.9435781698810012,0.0017656484853107968,0.0014693373483952528,"[[ 0.08513407 -0.99635065 -0.00613036  0.04813805]
 [ 0.99238961  0.08534178 -0.08876738 -0.02055403]
 [ 0.08896661  0.00147343  0.99603352 -0.47061828]
 [ 0.          0.          0.          1.        ]]","[[ 0.5327405  -0.09956175 -0.8404017   0.04373339]
 [ 0.80656995  0.36035543  0.46860312 -0.02153976]
 [ 0.25618836 -0.92748662  0.27227945 -0.46846724]
 [ 0.          0.          0.          1.        ]]"
single_object,90,245,12,36,30,0.7752872384078785,0.8755385720147723,0.0019307506768979764,0.001770564816231214,"[[ 0.06775363 -0.99603081 -0.05772411  0.04944353]
 [-0.09239696  0.05134428 -0.99439759 -0.0214557 ]
 [ 0.99341444  0.07270758 -0.08855146 -0.47067638]
 [ 0.          0.          0.          1.        ]]","[[-0.24449428 -0.91859     0.31050757  0.04849129]
 [-0.09734356 -0.2953561  -0.95041517 -0.02048008]
 [ 0.96475219 -0.26259698 -0.01720595 -0.46974151]
 [ 0.          0.          0.          1.        ]]"
single_object,90,246,12,16,30,0.6061756257693885,0.9232919573245794,0.002570513586607277,0.0017942242416592433,"[[ 0.18912429 -0.80542539 -0.5617134   0.04522255]
 [-0.14344875  0.54323861 -0.8272329  -0.01454308]
 [ 0.97141879  0.23702692 -0.01279765 -0.47046381]
 [ 0.          0.          0.          1.        ]]","[[-0.32566001 -0.9064607   0.26883927  0.0490195 ]
 [ 0.34190521 -0.37800085 -0.86035817 -0.01617429]
 [ 0.88150235 -0.1882667   0.43302339 -0.46960862]
 [ 0.          0.          0.          1.        ]]"
single_object,90,247,12,77,30,0.9370383668444809,0.8995434961017644,0.002730891375903249,0.0017622673446343814,"[[-0.11658576 -0.88710215 -0.44660668  0.04954531]
 [ 0.597889    0.2963764  -0.74477499 -0.01338176]
 [ 0.79305517 -0.35385138  0.49583535 -0.46596209]
 [ 0.          0.          0.          1.        ]]","[[-0.00724804 -0.90919455 -0.41630847  0.04892591]
 [ 0.47590939  0.36301138 -0.80108238 -0.01384142]
 [ 0.87946445 -0.20393139  0.4300631  -0.46951637]
 [ 0.          0.          0.          1.        ]]"
single_object,90,248,12,39,30,0.9638900287238408,0.8041393106278211,0.002131465953170151,0.0014480754508630314,"[[ 0.35087122  0.58985372  0.72729772  0.04852333]
 [-0.55347452 -0.49586253  0.66916838 -0.0071512 ]
 [ 0.75535114 -0.63733268  0.15248511 -0.46619145]
 [ 0.          0.          0.          1.        ]]","[[ 0.47734542  0.2817524   0.83232021  0.04952195]
 [-0.26295329 -0.85799409  0.44125018 -0.00638904]
 [ 0.83844911 -0.42949009 -0.33547183 -0.47010533]
 [ 0.          0.          0.          1.        ]]"
single_object,90,249,12,14,30,0.8631514156750103,0.9442449733278622,0.0020613500401436666,0.0016308378027244826,"[[ 0.90504288  0.06399971  0.42047761  0.05196792]
 [-0.36323104 -0.39801578  0.84240528 -0.00292439]
 [ 0.22127042 -0.91514342 -0.33697467 -0.47091074]
 [ 0.          0.          0.          1.        ]]","[[ 0.75586068  0.43625525  0.48821715  0.05043089]
 [-0.32657406 -0.39508323  0.85863765 -0.00432298]
 [ 0.5674716  -0.8084495  -0.15615823 -0.46907555]
 [ 0.          0.          0.          1.        ]]"
single_object,90,250,12,26,24,0.9348584324989742,0.9194193680755026,0.0019223084760635744,0.0016354389741438972,"[[ 0.95721888  0.28716619 -0.03560335  0.04980772]
 [-0.03529501  0.2379897   0.97062617 -0.00116943]
 [ 0.28720425 -0.92784507  0.23794377 -0.4682913 ]
 [ 0.          0.          0.          1.        ]]","[[ 0.80456815  0.20274422 -0.55817997  0.04850116]
 [ 0.38864442  0.53092629  0.75304236 -0.00203629]
 [ 0.44902741 -0.82280742  0.34837097 -0.46843255]
 [ 0.          0.          0.          1.        ]]"
single_object,90,251,12,26,30,0.7537956503898235,0.8381975789905621,0.002650321515628911,0.0015202274943266771,"[[ 0.79498371  0.36738894  0.48272795  0.05076969]
 [-0.60264473  0.38722347  0.69776594  0.00646104]
 [ 0.06942789 -0.84562601  0.52924136 -0.47006749]
 [ 0.          0.          0.          1.        ]]","[[ 0.43167006  0.08666431  0.8978587   0.05050802]
 [-0.52274174 -0.78715623  0.32730129  0.00267376]
 [ 0.73512042 -0.61063439 -0.29448873 -0.46918689]
 [ 0.          0.          0.          1.        ]]"
single_object,90,252,12,10,30,0.5315449322938038,0.8471481329503487,0.002129092354946511,0.0018333494621919023,"[[-0.26271813  0.42651405 -0.86548538  0.0421766 ]
 [ 0.83410274  0.55129914  0.01849011  0.00736572]
 [ 0.48502763 -0.71704604 -0.50059281 -0.47069581]
 [ 0.          0.          0.          1.        ]]","[[ 0.68807795 -0.1538836  -0.70913227  0.04923713]
 [ 0.67015746  0.50953234  0.53969044  0.00556524]
 [ 0.27827632 -0.84657937  0.45372421 -0.4680447 ]
 [ 0.          0.          0.          1.        ]]"
single_object,90,253,12,24,30,0.6621101764464505,0.8095250307755437,0.0018823644867749256,0.0017724147797540074,"[[ 0.44075975 -0.83161092 -0.33786702  0.05100566]
 [ 0.89760305  0.40569567  0.1723943   0.00579275]
 [-0.00629379 -0.37925493  0.92527082 -0.46781953]
 [ 0.          0.          0.          1.        ]]","[[ 0.68901611  0.1304591  -0.71290758  0.04846722]
 [ 0.56368131  0.52182518  0.64028264  0.00725016]
 [ 0.45554383 -0.84301774  0.2860086  -0.46747288]
 [ 0.          0.          0.          1.        ]]"
single_object,90,254,12,52,30,0.5457273286828067,0.7574374230611407,0.0020115610196822283,0.001744139419762567,"[[ 0.70481782 -0.70931988 -0.00985607  0.05299709]
 [ 0.62752059  0.61693783  0.47497961  0.01301151]
 [-0.3308319  -0.34095898  0.87994161 -0.47005273]
 [ 0.          0.          0.          1.        ]]","[[ 0.53930354 -0.05973686 -0.83999     0.04847853]
 [ 0.69226682  0.5994145   0.40183193  0.01098858]
 [ 0.47949801 -0.79820659  0.36462021 -0.46669746]
 [ 0.          0.          0.          1.        ]]"
single_object,90,255,12,54,30,0.6600328272466147,0.7538982355354945,0.002389479830069267,0.0018794141377818916,"[[ 0.98278688  0.17207483  0.06723243  0.05269292]
 [-0.010371   -0.31196238  0.95003785  0.01436114]
 [ 0.1844516  -0.934382   -0.30480794 -0.47071539]
 [ 0.          0.          0.          1.        ]]","[[ 0.93572394  0.25325527  0.2455249   0.05117913]
 [-0.30157142  0.21333724  0.92926955  0.01344629]
 [ 0.18296281 -0.94358306  0.27599931 -0.46676044]
 [ 0.          0.          0.          1.        ]]"
single_object,91,0,12,47,30,0.7708247845711941,0.8997999589659418,0.0025720468867477054,0.0017877334323628147,"[[ 0.09259472  0.23893333  0.96661113  0.16333628]
 [-0.16800738 -0.95311344  0.25169084  0.03798316]
 [ 0.9814274  -0.18570305 -0.04811071 -0.4597877 ]
 [ 0.          0.          0.          1.        ]]","[[ 0.11884467  0.32167274  0.93936286  0.1603177 ]
 [-0.23661461 -0.90963711  0.34142913  0.03458803]
 [ 0.96430777 -0.26284401 -0.03199305 -0.46089154]
 [ 0.          0.          0.          1.        ]]"
single_object,91,1,12,25,30,0.4150082068116537,0.5423933114485022,0.0028797241773162756,0.0019406584357154854,"[[ 0.78154266  0.53757005 -0.31655886 -0.05248622]
 [-0.62366956  0.68551886 -0.37563302  0.14759016]
 [ 0.01507801  0.49100136  0.87102831 -0.41495394]
 [ 0.          0.          0.          1.        ]]","[[ 0.62829196  0.10983623 -0.77018518 -0.05132233]
 [-0.43858101  0.867682   -0.23403983  0.15021254]
 [ 0.64256977  0.48483394  0.59332971 -0.41587554]
 [ 0.          0.          0.          1.        ]]"
single_object,91,2,12,73,30,0.4251384899466557,0.41441834222404594,0.00216496339885621,0.002121330344179205,"[[ 0.08060633 -0.21214393  0.9739084  -0.03968459]
 [-0.98949394 -0.13468225  0.0525588   0.15530188]
 [ 0.12001814 -0.96791304 -0.22077137 -0.40755957]
 [ 0.          0.          0.          1.        ]]","[[ 0.13011537 -0.50416533  0.85374897 -0.03971493]
 [-0.98841418 -0.1338257   0.07161074  0.15337685]
 [ 0.0781499  -0.85317525 -0.51573694 -0.40946171]
 [ 0.          0.          0.          1.        ]]"
single_object,91,3,12,28,30,0.3926959376282314,0.3539700451374641,0.002950780432815539,0.002136511039279899,"[[-0.58625632 -0.76678578 -0.26142513 -0.03663231]
 [-0.77382472  0.62554389 -0.09944923  0.15180503]
 [ 0.23978915  0.14399448 -0.96008685 -0.40480962]
 [ 0.          0.          0.          1.        ]]","[[-0.95294565 -0.22790421 -0.19988563 -0.03930404]
 [-0.20268691  0.9693403  -0.13891505  0.15477575]
 [ 0.22541653 -0.09186429 -0.96992182 -0.4050981 ]
 [ 0.          0.          0.          1.        ]]"
single_object,91,28,12,21,30,0.14864587607714402,0.34078785391875255,0.002836014171632081,0.002402342239253365,"[[-0.75036418 -0.006715    0.66099055 -0.00956411]
 [ 0.14861282 -0.97606331  0.15879118  0.14492473]
 [ 0.64410234  0.21738288  0.73340088 -0.41339161]
 [ 0.          0.          0.          1.        ]]","[[ 0.96857713  0.20761908  0.13694038 -0.00908352]
 [-0.10158407  0.83281477 -0.54415093  0.15808398]
 [-0.22702209  0.51314118  0.82773613 -0.40530387]
 [ 0.          0.          0.          1.        ]]"
single_object,91,29,12,23,30,0.29088018054985637,0.31783442757488717,0.0027717390126453635,0.0022917621963579526,"[[ 0.50489368  0.28577653  0.81450239 -0.00964423]
 [-0.31548122  0.9394168  -0.13404356  0.1626601 ]
 [-0.80346373 -0.18928246  0.56446274 -0.40949675]
 [ 0.          0.          0.          1.        ]]","[[ 0.70492784 -0.11820814  0.6993594  -0.01494689]
 [-0.68780753 -0.35470016  0.63333135  0.16136725]
 [ 0.17319797 -0.92747756 -0.33134247 -0.40885   ]
 [ 0.          0.          0.          1.        ]]"
single_object,91,30,12,14,30,0.21635207221994254,0.36756257693885924,0.0026508965496211067,0.0019350631672123745,"[[ 0.0961656  -0.97081369  0.21971107 -0.02769396]
 [ 0.95771205  0.03010761 -0.28614885  0.16201025]
 [ 0.27118225  0.23793762  0.93265528 -0.41251951]
 [ 0.          0.          0.          1.        ]]","[[ 0.18530617 -0.57202636 -0.79902908 -0.02873061]
 [ 0.71841907  0.63363895 -0.28701171  0.16260632]
 [ 0.67047421 -0.52085268  0.52837185 -0.40967383]
 [ 0.          0.          0.          1.        ]]"
single_object,91,31,12,25,30,0.3402236356175626,0.30637053754616334,0.0020300915096610993,0.001804430532013924,"[[ 0.22312343 -0.56414201 -0.79495895 -0.00211063]
 [ 0.63638003  0.70205298 -0.31959673  0.1645383 ]
 [ 0.73840124 -0.43458648  0.51565318 -0.41020928]
 [ 0.          0.          0.          1.        ]]","[[ 0.35232276 -0.32149772 -0.87892428 -0.00122685]
 [ 0.594905    0.80192173 -0.05485961  0.1667776 ]
 [ 0.72246572 -0.50354816  0.47379588 -0.40761503]
 [ 0.          0.          0.          1.        ]]"
single_object,91,34,12,13,30,0.13597661058678703,0.30849917931883464,0.0025545305865942885,0.002530566112526804,"[[ 0.31650931  0.22768275 -0.92085961  0.02337871]
 [-0.80533757  0.5774677  -0.13402412  0.14809941]
 [ 0.5012517   0.78402272  0.36613538 -0.40840084]
 [ 0.          0.          0.          1.        ]]","[[ 0.27169273  0.36514606 -0.89042204  0.0223196 ]
 [-0.75931416  0.64979404  0.03478081  0.15613879]
 [ 0.59129101  0.66666038  0.45380489 -0.39699757]
 [ 0.          0.          0.          1.        ]]"
single_object,91,46,12,36,30,0.3866177677472302,0.34083914649158803,0.0019561831423357745,0.0018087935263372736,"[[ 0.47281787  0.60084368 -0.64453869  0.07139641]
 [-0.88037158  0.29117619 -0.37438256  0.12374462]
 [-0.03727108  0.74444832  0.66663901 -0.3194579 ]
 [ 0.          0.          0.          1.        ]]","[[ 0.34133502  0.91744884  0.20439673  0.07182079]
 [-0.43785786 -0.03722052  0.89827341  0.12795251]
 [ 0.83172766 -0.39610889  0.38900752 -0.31685805]
 [ 0.          0.          0.          1.        ]]"
single_object,91,47,12,58,30,0.49274210094378335,0.354636848584325,0.0026262026762600378,0.0019202223125942182,"[[ 0.31309708  0.90938288  0.27384851  0.07056381]
 [-0.94352469  0.33072723 -0.01951028  0.12561067]
 [-0.10831147 -0.25227422  0.96157493 -0.32281528]
 [ 0.          0.          0.          1.        ]]","[[-0.19671825 -0.02413555  0.98016295  0.0752726 ]
 [-0.88483434 -0.42625506 -0.18808196  0.12961156]
 [ 0.42233887 -0.90428099  0.06249619 -0.32184481]
 [ 0.          0.          0.          1.        ]]"
single_object,91,48,12,27,30,0.35866331555190806,0.35007180960196965,0.002538634766656731,0.0020349028172059014,"[[-0.47121333 -0.39689298 -0.78767631  0.07103058]
 [-0.7048748   0.70627293  0.06580322  0.13197856]
 [ 0.53019762  0.58622053 -0.61256508 -0.32975302]
 [ 0.          0.          0.          1.        ]]","[[-0.79693311  0.00914232 -0.60399838  0.06731165]
 [ 0.46935226  0.63881677 -0.60960774  0.13270118]
 [ 0.38027107 -0.76930459 -0.5133852  -0.33203896]
 [ 0.          0.          0.          1.        ]]"
single_object,91,49,12,41,30,0.48286828067295856,0.4065705785802216,0.002497023947303911,0.0021433280994517007,"[[-0.11689404  0.02059335 -0.99293086  0.07065005]
 [-0.12948738  0.99093474  0.03579602  0.13177791]
 [ 0.98466685  0.13275636 -0.11316779 -0.33885655]
 [ 0.          0.          0.          1.        ]]","[[-0.6125178  -0.14165615 -0.77766026  0.0685555 ]
 [ 0.3394432   0.8413443  -0.42061632  0.13446404]
 [ 0.71386291 -0.52160647 -0.46725414 -0.33759414]
 [ 0.          0.          0.          1.        ]]"
single_object,91,51,12,16,30,0.170137464095199,0.36115100533442757,0.003013914013180073,0.002110457013288377,"[[-0.29455075 -0.18262157 -0.9380241   0.07390211]
 [-0.7191369  -0.60407193  0.34342281  0.13909475]
 [-0.62935044  0.77572319  0.04659993 -0.34469418]
 [ 0.          0.          0.          1.        ]]","[[ 0.88748115  0.16620745 -0.42982821  0.07241105]
 [ 0.01370816  0.92276414  0.38512132  0.1422845 ]
 [ 0.4606401  -0.34768007  0.81665738 -0.34770802]
 [ 0.          0.          0.          1.        ]]"
single_object,91,54,12,12,30,0.1633924907673369,0.32983688961838326,0.002723915777246741,0.0022710697562866567,"[[-0.05351187  0.81594649  0.57564556  0.0674004 ]
 [ 0.30131094  0.5627956  -0.76972257  0.14663043]
 [-0.95202321  0.13225901 -0.27596985 -0.38324946]
 [ 0.          0.          0.          1.        ]]","[[-0.54770653  0.44184834  0.71048406  0.05996841]
 [-0.19585797  0.75787516 -0.62230611  0.1443134 ]
 [-0.81342315 -0.47999508 -0.32855365 -0.3813426 ]
 [ 0.          0.          0.          1.        ]]"
single_object,91,55,12,44,30,0.35443167829298317,0.32293803857201475,0.002319401113190806,0.00202427770912257,"[[-0.19905481 -0.94430018 -0.2620579   0.06284816]
 [-0.04271093  0.2755146  -0.96034758  0.14754823]
 [ 0.97905718 -0.17996907 -0.09517444 -0.38091363]
 [ 0.          0.          0.          1.        ]]","[[-0.47190159 -0.31673877  0.82279125  0.06126314]
 [-0.67692732 -0.46775512 -0.5683085   0.15063436]
 [ 0.56487016 -0.82515556  0.00632526 -0.37823489]
 [ 0.          0.          0.          1.        ]]"
single_object,91,57,12,18,30,0.3395055395978662,0.33327349199835865,0.0021379930076048863,0.002120160640217449,"[[-0.61837435 -0.57181767  0.53910825  0.0516089 ]
 [-0.62128386  0.77579347  0.11023095  0.15076302]
 [-0.48126866 -0.26677527 -0.83499187 -0.40448908]
 [ 0.          0.          0.          1.        ]]","[[-0.70331535 -0.6641388   0.25350972  0.05344081]
 [-0.61022811  0.74696935  0.26392886  0.15260311]
 [-0.36464938  0.03092646 -0.93063117 -0.4019873 ]
 [ 0.          0.          0.          1.        ]]"
single_object,91,58,12,26,30,0.3813346327451785,0.3615869922035289,0.0024058205709109565,0.0022337526007000083,"[[ 0.27298797 -0.03287734  0.96145548  0.05351661]
 [-0.41756886  0.89631042  0.14921084  0.15431385]
 [-0.86666822 -0.44220664  0.23095341 -0.40666794]
 [ 0.          0.          0.          1.        ]]","[[-0.45555075 -0.80069     0.38906174  0.04977241]
 [-0.81476979  0.55109094  0.18013598  0.15433804]
 [-0.35864148 -0.23493467 -0.90342791 -0.40772986]
 [ 0.          0.          0.          1.        ]]"
single_object,91,61,12,67,30,0.609791752154288,0.5662956503898235,0.0020966979961378374,0.0021399081226110075,"[[ 0.38485758  0.33364282  0.86056209  0.06045699]
 [-0.90079862 -0.0673839   0.42897698  0.15239278]
 [ 0.20111312 -0.94028819  0.27461179 -0.41712757]
 [ 0.          0.          0.          1.        ]]","[[ 0.90832413  0.40758668 -0.09391685  0.06120375]
 [-0.39466209  0.9095422   0.13028748  0.14939939]
 [ 0.13852477 -0.08127784  0.98701814 -0.41901672]
 [ 0.          0.          0.          1.        ]]"
single_object,91,62,12,27,30,0.5569347558473533,0.5356996306934756,0.0026784559206577104,0.0021702810265619788,"[[-7.29574791e-04 -9.18152335e-01 -3.96226901e-01  7.08909511e-02]
 [-7.17253699e-01  2.76576163e-01 -6.39572323e-01  1.45040583e-01]
 [ 6.96811738e-01  2.83728595e-01 -6.58749942e-01 -4.11504025e-01]
 [ 0.00000000e+00  0.00000000e+00  0.00000000e+00  1.00000000e+00]]","[[ 0.02658626 -0.79588357 -0.60486569  0.07192276]
 [-0.64862909  0.44667615 -0.61624728  0.14567244]
 [ 0.76064017  0.4087172  -0.50435779 -0.41468032]
 [ 0.          0.          0.          1.        ]]"
single_object,91,63,12,31,30,0.49292162494870745,0.48597148132950346,0.0019420892737466648,0.0019408421725020534,"[[ 0.92521797  0.31404198  0.21295385  0.08082187]
 [-0.34194158  0.44682986  0.82669162  0.14836317]
 [ 0.16446173 -0.83768771  0.52079903 -0.4018684 ]
 [ 0.          0.          0.          1.        ]]","[[ 0.85753807  0.42924893 -0.28350276  0.07877136]
 [ 0.09536392  0.40890744  0.90757943  0.15008608]
 [ 0.50550389 -0.80531985  0.30971883 -0.40156776]
 [ 0.          0.          0.          1.        ]]"
single_object,91,64,12,66,30,0.6265131308986459,0.5971994255231843,0.002126541960777666,0.0019199962052383588,"[[ 0.24725936  0.96846795  0.03053927  0.08116832]
 [-0.9598473   0.24050507  0.14439692  0.14100834]
 [ 0.13249894 -0.06501652  0.98904847 -0.39622652]
 [ 0.          0.          0.          1.        ]]","[[ 0.12121584  0.96074803 -0.24953947  0.0792431 ]
 [-0.71283483  0.25919992  0.65167622  0.142635  ]
 [ 0.69077726  0.09888694  0.7162738  -0.39731136]
 [ 0.          0.          0.          1.        ]]"
single_object,91,65,12,31,30,0.5749384489125975,0.5130539597866229,0.0018411481404977115,0.001732996773484746,"[[-0.70127281 -0.66503252 -0.2568038   0.0848991 ]
 [-0.60333538  0.74554034 -0.28311838  0.13839004]
 [ 0.37974052 -0.0436044  -0.92406482 -0.39290204]
 [ 0.          0.          0.          1.        ]]","[[-0.70568004 -0.67049306  0.22903     0.08599027]
 [-0.05496163 -0.27047068 -0.96115807  0.14147847]
 [ 0.70639571 -0.69085792  0.15401437 -0.38829906]
 [ 0.          0.          0.          1.        ]]"
single_object,91,66,12,37,30,0.5881462864177267,0.6240254411161263,0.0030401295113179475,0.0021240163910107327,"[[ 0.5011332   0.51652907  0.69430774  0.08998485]
 [-0.77295023  0.6279449   0.09073674  0.13101236]
 [-0.38911883 -0.58213652  0.7139353  -0.38368648]
 [ 0.          0.          0.          1.        ]]","[[ 0.34068181  0.54599483  0.76539242  0.08962675]
 [-0.93506263  0.11195715  0.33633833  0.13593292]
 [ 0.09794783 -0.8302742   0.54868113 -0.38296007]
 [ 0.          0.          0.          1.        ]]"
single_object,91,67,12,50,27,0.6800625769388593,0.6689064423471481,0.0021408366244699286,0.0018238126326029988,"[[ 0.62463341  0.11211213 -0.77282855  0.09080435]
 [-0.13725402  0.98999659  0.03268147  0.13330372]
 [ 0.76876162  0.08565989  0.63377279 -0.37776992]
 [ 0.          0.          0.          1.        ]]","[[ 0.33953407  0.26870292 -0.90139634  0.08818074]
 [ 0.23343988  0.90427099  0.35749097  0.13743022]
 [ 0.91116543 -0.33180221  0.24430483 -0.37478758]
 [ 0.          0.          0.          1.        ]]"
single_object,91,68,12,30,30,0.6675471891670086,0.4723533032416906,0.002607392229177791,0.0017957393739267168,"[[-0.1123034   0.54972467  0.82776249  0.09413162]
 [-0.90865215  0.28033885 -0.30945339  0.12762544]
 [-0.40216814 -0.78690083  0.4680255  -0.37292487]
 [ 0.          0.          0.          1.        ]]","[[-0.29039395  0.64152895  0.71000842  0.09031335]
 [-0.75762764 -0.60738181  0.23893031  0.13636179]
 [ 0.58452691 -0.46853809  0.66242007 -0.36801531]
 [ 0.          0.          0.          1.        ]]"
single_object,91,69,12,70,30,0.6867819039803037,0.4491177677472302,0.0024432057794873123,0.0017402006466896059,"[[ 0.26785711  0.82812336  0.49240661  0.09071359]
 [-0.96344701  0.23274173  0.13266934  0.12824304]
 [-0.00473699 -0.5099441   0.8601945  -0.36173492]
 [ 0.          0.          0.          1.        ]]","[[ 0.09525548  0.99382057 -0.05698305  0.08986582]
 [-0.0888636   0.06550427  0.99388754  0.13510657]
 [ 0.99147852 -0.08960952  0.09455411 -0.36300442]
 [ 0.          0.          0.          1.        ]]"
single_object,91,70,12,31,30,0.6285904800984817,0.5362894952810833,0.0025124970419735417,0.0017336544847304932,"[[-0.22683508  0.16920595 -0.95912209  0.09139506]
 [ 0.54108887  0.8407192   0.02034856  0.12923909]
 [ 0.80979546 -0.51435452 -0.28226006 -0.35347783]
 [ 0.          0.          0.          1.        ]]","[[ 0.03088492  0.50788441 -0.86087139  0.09100446]
 [ 0.47214597  0.75172075  0.46042817  0.13262639]
 [ 0.88097918 -0.42067724 -0.21657874 -0.35504301]
 [ 0.          0.          0.          1.        ]]"
single_object,91,71,12,37,30,0.6451066885514978,0.4239587607714403,0.0022589157623556302,0.0018140828407907312,"[[-0.85329237 -0.47631024 -0.2121808   0.09372343]
 [-0.2496846   0.73046963 -0.63566636  0.12066589]
 [ 0.45776602 -0.48943098 -0.74223149 -0.35320119]
 [ 0.          0.          0.          1.        ]]","[[-0.28153611 -0.35319037 -0.89218495  0.09425949]
 [ 0.8670253   0.30471804 -0.39422589  0.13000561]
 [ 0.41110163 -0.88453574  0.22043585 -0.34771864]
 [ 0.          0.          0.          1.        ]]"
single_object,91,72,12,34,30,0.5590377513336069,0.5836068937217891,0.0022074853951189665,0.0017964959836918126,"[[-0.31359383 -0.33561346 -0.88826939  0.0960576 ]
 [-0.52551469  0.84047761 -0.13202913  0.11805927]
 [ 0.79088129  0.4253951  -0.4399384  -0.34794528]
 [ 0.          0.          0.          1.        ]]","[[-0.21929185 -0.12897032 -0.96709759  0.09415475]
 [ 0.66470494  0.70584286 -0.24485343  0.12536694]
 [ 0.71419775 -0.69652891 -0.06905838 -0.34222993]
 [ 0.          0.          0.          1.        ]]"
single_object,91,73,12,22,30,0.647517439474764,0.5471891670086172,0.0021342501596503145,0.00169135319007343,"[[-0.06817518  0.73055007  0.67944738  0.0942535 ]
 [-0.93919215  0.18274495 -0.29072734  0.11806132]
 [-0.33655646 -0.65795204  0.67366822 -0.33770207]
 [ 0.          0.          0.          1.        ]]","[[ 0.09737441  0.8575683   0.50506915  0.09553995]
 [-0.75082795 -0.26981216  0.60287544  0.12328966]
 [ 0.65328066 -0.43792467  0.61761344 -0.33559571]
 [ 0.          0.          0.          1.        ]]"
single_object,91,74,12,29,30,0.6290008206811654,0.5785032827246614,0.002026225384712293,0.0015797188592106299,"[[-0.69680006 -0.52983231  0.48347431  0.09711433]
 [-0.70969268  0.60696962 -0.35766489  0.11589185]
 [-0.1039518  -0.5923391  -0.79895458 -0.33375968]
 [ 0.          0.          0.          1.        ]]","[[-0.5946135   0.34257293  0.72737788  0.09734697]
 [-0.75241363 -0.55596541 -0.35323675  0.11935351]
 [ 0.28338759 -0.75732837  0.58834108 -0.32936279]
 [ 0.          0.          0.          1.        ]]"
single_object,91,75,12,53,30,0.6307447681575707,0.5487279441936808,0.0019558471327480167,0.0015886761482999446,"[[-0.02720547  0.65933428  0.75135755  0.0969888 ]
 [-0.88475099 -0.36572453  0.28889661  0.11695127]
 [ 0.46526933 -0.65690477  0.59329637 -0.32159894]
 [ 0.          0.          0.          1.        ]]","[[-0.64139216 -0.04679504  0.76578478  0.09913557]
 [-0.53583956 -0.68702959 -0.49078132  0.11623725]
 [ 0.54908294 -0.72512107  0.41558076 -0.32351118]
 [ 0.          0.          0.          1.        ]]"
single_object,91,76,12,18,30,0.4588377102995486,0.8098840787853919,0.0026897273681175116,0.001989989834201131,"[[-0.5389409  -0.62649287  0.56307139  0.12122639]
 [ 0.69775904 -0.70650841 -0.11822941  0.09941002]
 [ 0.47188456  0.32916949  0.81790734 -0.33926408]
 [ 0.          0.          0.          1.        ]]","[[-0.6358744  -0.685015    0.35555337  0.12190065]
 [ 0.13130299 -0.5499856  -0.82478807  0.10115275]
 [ 0.76054144 -0.4777764   0.43966628 -0.33682897]
 [ 0.          0.          0.          1.        ]]"
single_object,91,77,12,43,30,0.9089300369306524,0.9089813295034879,0.0019180448587252986,0.0016266648582816165,"[[-0.76299505 -0.38823186 -0.51683128  0.11625741]
 [ 0.2388865   0.57359064 -0.78353495  0.10245537]
 [ 0.60064282 -0.72129731 -0.34490347 -0.34259992]
 [ 0.          0.          0.          1.        ]]","[[-0.90715986 -0.40901863 -0.09881673  0.11888614]
 [ 0.16433097 -0.12817895 -0.97804166  0.10288616]
 [ 0.38737104 -0.90347879  0.18349322 -0.3422796 ]
 [ 0.          0.          0.          1.        ]]"
single_object,91,78,12,47,30,0.7845968403775133,0.9113920804267542,0.002434239698781113,0.0015767562621489244,"[[-0.36779425  0.46607876 -0.8046726   0.11665222]
 [ 0.66535286  0.73642114  0.12243153  0.10592449]
 [ 0.64964064 -0.4903616  -0.58095829 -0.35351087]
 [ 0.          0.          0.          1.        ]]","[[-0.31012174 -0.33546265 -0.88954444  0.11847256]
 [ 0.76854298  0.46230814 -0.44228144  0.10643439]
 [ 0.55961254 -0.82081423  0.11444566 -0.34813827]
 [ 0.          0.          0.          1.        ]]"
single_object,91,79,12,62,30,0.949322938038572,0.928677677472302,0.002233296983443524,0.0017414354872888164,"[[-0.74934902 -0.52088717  0.408843    0.11637176]
 [-0.09680993 -0.52461093 -0.84581985  0.10786354]
 [ 0.65506021 -0.67339434  0.34268964 -0.35289817]
 [ 0.          0.          0.          1.        ]]","[[-0.63515511 -0.34673305  0.69018416  0.11994822]
 [-0.20793309 -0.78382709 -0.58513154  0.10943212]
 [ 0.74386949 -0.51516141  0.42575451 -0.353423  ]
 [ 0.          0.          0.          1.        ]]"
single_object,91,80,12,17,30,0.7617459991793188,0.9123666393106278,0.0022723563358316374,0.0019549258247236164,"[[-0.98759145 -0.12055426 -0.10064695  0.11390399]
 [ 0.155986   -0.82730528 -0.53966133  0.11196501]
 [-0.01820728 -0.54866443  0.83584439 -0.35989251]
 [ 0.          0.          0.          1.        ]]","[[-0.74798025 -0.39918706  0.5302596   0.11898919]
 [-0.10830119 -0.71480641 -0.6908854   0.11170602]
 [ 0.65482548 -0.57419638  0.49142864 -0.35885217]
 [ 0.          0.          0.          1.        ]]"
single_object,91,81,12,16,30,0.8181934755847353,0.91685473943373,0.0026632693273388624,0.0018425179738318048,"[[-0.70916981 -0.69620872 -0.11122769  0.11204888]
 [-0.00300905  0.16074869 -0.98699078  0.11123112]
 [ 0.7050313  -0.69960938 -0.11609304 -0.36464571]
 [ 0.          0.          0.          1.        ]]","[[-0.83959524 -0.43276147 -0.32832505  0.116518  ]
 [ 0.39609314 -0.07410521 -0.91521508  0.11259414]
 [ 0.37173922 -0.89845753  0.23363223 -0.36535041]
 [ 0.          0.          0.          1.        ]]"
single_object,91,82,12,25,30,0.8914136233073451,0.9499897414854329,0.0017955781529968105,0.0016352291250129854,"[[-0.6258056  -0.14284862 -0.76678655  0.11458279]
 [ 0.39436045  0.79022437 -0.46906852  0.11496352]
 [ 0.67293921 -0.595936   -0.438193   -0.37212064]
 [ 0.          0.          0.          1.        ]]","[[-0.73928572 -0.3302861  -0.58682852  0.11485585]
 [ 0.46374831  0.38214583 -0.7993135   0.11423138]
 [ 0.48825621 -0.86306179 -0.12934533 -0.37162196]
 [ 0.          0.          0.          1.        ]]"
single_object,91,83,12,46,30,0.7301497743126796,0.9421419778416086,0.0019449708055634166,0.0015783286106886602,"[[-0.28432501 -0.93661411  0.20472737  0.11573361]
 [-0.49999591 -0.0373402  -0.8652224   0.11556413]
 [ 0.81802407 -0.34836722 -0.45768647 -0.37824452]
 [ 0.          0.          0.          1.        ]]","[[-0.81748876 -0.44911995 -0.36055985  0.11444271]
 [ 0.39443823  0.01959911 -0.91871342  0.1168417 ]
 [ 0.41967918 -0.89325648  0.16112802 -0.37742836]
 [ 0.          0.          0.          1.        ]]"
single_object,91,84,12,68,30,0.6217172753385309,0.9641721378744358,0.001882749017848763,0.0014621524924349019,"[[ 0.99380383  0.1022688  -0.04353215  0.11765208]
 [-0.0890385   0.96694432  0.23893687  0.1176562 ]
 [ 0.06652896 -0.23358034  0.97005882 -0.38326526]
 [ 0.          0.          0.          1.        ]]","[[ 0.35743306  0.80713358 -0.46986911  0.11291016]
 [ 0.17934921  0.43442084  0.88267344  0.12070476]
 [ 0.91655631 -0.39976732  0.0105176  -0.3838322 ]
 [ 0.          0.          0.          1.        ]]"
single_object,91,85,12,41,30,0.766516208453016,0.946040213377103,0.0018065097208426466,0.0015666493362654836,"[[-0.4623655  -0.85409605  0.23819757  0.11238386]
 [-0.14812382 -0.19046191 -0.97045535  0.11967433]
 [ 0.87422965 -0.48398781 -0.03844895 -0.39059153]
 [ 0.          0.          0.          1.        ]]","[[-7.73208458e-01 -3.29098897e-01 -5.42072501e-01  1.10954079e-01]
 [ 4.98969811e-01  2.11829889e-01 -8.40331617e-01  1.20324263e-01]
 [ 3.91379366e-01 -9.20229327e-01  4.21752089e-04 -3.89644674e-01]
 [ 0.00000000e+00  0.00000000e+00  0.00000000e+00  1.00000000e+00]]"
single_object,91,86,12,22,30,0.752154288059089,0.9817398440705786,0.003253326770596307,0.0017487430405634995,"[[ 0.27451106 -0.23014622 -0.93363612  0.11060138]
 [ 0.58078948  0.81350932 -0.02976852  0.12438999]
 [ 0.7663728  -0.53407425  0.35698381 -0.38937989]
 [ 0.          0.          0.          1.        ]]","[[ 0.13609407  0.40922747 -0.90222574  0.10881311]
 [ 0.59910504  0.69131155  0.40393253  0.12409959]
 [ 0.78901936 -0.59550081 -0.15108684 -0.39576251]
 [ 0.          0.          0.          1.        ]]"
single_object,91,87,12,33,30,0.8236048420188756,0.7099917931883464,0.0020049437360038815,0.001757893451034733,"[[-0.73474116 -0.09088057 -0.67223222  0.1056571 ]
 [ 0.38522247  0.75978839 -0.52376068  0.12436418]
 [ 0.5583539  -0.64378748 -0.52323857 -0.40187344]
 [ 0.          0.          0.          1.        ]]","[[-0.43601447 -0.60015897 -0.67059719  0.10854378]
 [ 0.60441967  0.35679318 -0.71230294  0.1255866 ]
 [ 0.66675951 -0.71589653  0.2071809  -0.40074457]
 [ 0.          0.          0.          1.        ]]"
single_object,91,88,12,31,30,0.841582888797702,0.9065449322938038,0.0017559708183276317,0.0015959616463467046,"[[ 0.82206636  0.2284454  -0.52155498  0.10545972]
 [ 0.16037932  0.78599988  0.5970617   0.12969066]
 [ 0.54633815 -0.57447097  0.60950614 -0.40618301]
 [ 0.          0.          0.          1.        ]]","[[ 0.62654661  0.43339164 -0.6477739   0.10385918]
 [ 0.09383165  0.78314545  0.6147185   0.1290307 ]
 [ 0.77371504 -0.44593149  0.45001127 -0.4072136 ]
 [ 0.          0.          0.          1.        ]]"
single_object,91,89,12,19,17,0.942193270414444,0.9456298727944193,0.0018326255358908847,0.0016245924142098904,"[[-0.59734299 -0.50821587  0.62040146  0.10247444]
 [-0.16875613 -0.67660914 -0.71674363  0.13346365]
 [ 0.78402979 -0.53283834  0.31840319 -0.4146289 ]
 [ 0.          0.          0.          1.        ]]","[[-0.59513811 -0.5737503   0.56269105  0.10103053]
 [-0.07918743 -0.65491588 -0.75154144  0.13339801]
 [ 0.79971243 -0.49182901  0.34433159 -0.41419609]
 [ 0.          0.          0.          1.        ]]"
single_object,91,90,12,68,30,0.808653057037341,0.911033032416906,0.002028907118775616,0.0016832170434546603,"[[-0.59967411  0.10357325 -0.79351342  0.08973807]
 [ 0.52223061  0.80198903 -0.28998068  0.13448667]
 [ 0.60635481 -0.5882909  -0.53502118 -0.42177962]
 [ 0.          0.          0.          1.        ]]","[[-0.65518376 -0.47169056 -0.59012054  0.08935477]
 [ 0.27455143  0.57905637 -0.7676687   0.13542137]
 [ 0.70381514 -0.6649825  -0.24988501 -0.42151501]
 [ 0.          0.          0.          1.        ]]"
single_object,91,91,12,30,30,0.9353200656544932,0.9686858842839556,0.0026734969615028878,0.0018881039856014385,"[[ 0.0409494   0.31794342 -0.94722496  0.12244525]
 [ 0.86465296  0.46379385  0.19305575  0.11327966]
 [ 0.50069792 -0.82692638 -0.25591864 -0.42856304]
 [ 0.          0.          0.          1.        ]]","[[-0.17237226  0.18285783 -0.96791054  0.11925303]
 [ 0.83960037  0.54114226 -0.0472892   0.11182464]
 [ 0.5151301  -0.8208094  -0.24680541 -0.42612202]
 [ 0.          0.          0.          1.        ]]"
single_object,91,92,12,65,30,0.7493331965531391,0.9819450143619204,0.0024557791203258152,0.0015584589631238782,"[[-0.63094358  0.44178022  0.63776206  0.12637473]
 [-0.75757468 -0.52809478 -0.38366198  0.10877783]
 [ 0.16730454 -0.72522145  0.66787951 -0.41848462]
 [ 0.          0.          0.          1.        ]]","[[-0.68228648 -0.23263413  0.69308479  0.12733674]
 [-0.16565751 -0.87416973 -0.45649191  0.10595616]
 [ 0.71206934 -0.42627296  0.5578966  -0.41989601]
 [ 0.          0.          0.          1.        ]]"
single_object,91,93,12,64,30,0.8051395157981124,0.9211120229790726,0.0016075073959363234,0.0018202657569991296,"[[ 0.88752282  0.40706102 -0.21588092  0.13057371]
 [-0.18266695  0.74098065  0.64620466  0.10281336]
 [ 0.42300832 -0.53408707  0.73199383 -0.41420854]
 [ 0.          0.          0.          1.        ]]","[[ 0.30971705  0.87261437 -0.37764998  0.12754277]
 [ 0.31227029  0.28179925  0.90723561  0.10407032]
 [ 0.89808831 -0.39891521 -0.18521351 -0.41577244]
 [ 0.          0.          0.          1.        ]]"
single_object,91,94,12,22,30,0.9461940910956094,0.9215993024210094,0.0024495905452772654,0.001826005894354658,"[[-0.04135773  0.05618988 -0.99756315  0.13216536]
 [ 0.9200917   0.39137198 -0.016101    0.10336399]
 [ 0.38951355 -0.91851547 -0.0678861  -0.41111444]
 [ 0.          0.          0.          1.        ]]","[[-0.43771289 -0.39344292 -0.80846156  0.13019161]
 [ 0.7922433   0.2564133  -0.55371724  0.10016934]
 [ 0.42515642 -0.88286743  0.19946711 -0.40957337]
 [ 0.          0.          0.          1.        ]]"
single_object,91,95,12,30,26,0.4717634386540829,0.9491690603200656,0.0029390868561104608,0.0017551584799451896,"[[-0.66557605 -0.72869235  0.16129473  0.12965449]
 [ 0.71909286 -0.68398307 -0.12277056  0.09195532]
 [ 0.19978483  0.03427275  0.97924022 -0.40106072]
 [ 0.          0.          0.          1.        ]]","[[-0.78399392 -0.50307885  0.36368283  0.1337915 ]
 [ 0.09347076 -0.67484728 -0.73201391  0.0989678 ]
 [ 0.61369108 -0.53990074  0.57609933 -0.40380516]
 [ 0.          0.          0.          1.        ]]"
single_object,91,96,12,29,30,0.9097250718096019,0.9048009848173985,0.0025726814187562556,0.0015421520606995216,"[[ 0.755871    0.53983699 -0.37045249  0.13091936]
 [-0.07252898  0.63137662  0.77207714  0.09528947]
 [ 0.65069084 -0.55672218  0.5163931  -0.3963256 ]
 [ 0.          0.          0.          1.        ]]","[[ 0.67227297  0.61145564 -0.41733806  0.13351455]
 [-0.04277336  0.59487973  0.80267587  0.09724136]
 [ 0.73906663 -0.52176634  0.42607558 -0.39820104]
 [ 0.          0.          0.          1.        ]]"
single_object,91,97,12,21,30,0.875,0.928498153467378,0.002321101440900258,0.0017644673224161184,"[[ 0.4069047   0.32288603 -0.85450171  0.13166361]
 [ 0.67149837  0.52845654  0.51944551  0.09924838]
 [ 0.61928871 -0.78516132 -0.00178599 -0.39337642]
 [ 0.          0.          0.          1.        ]]","[[ 0.28313437  0.85101966 -0.44226742  0.13280246]
 [ 0.39195301  0.31819734  0.86320524  0.09700585]
 [ 0.87533295 -0.41775112 -0.24346711 -0.3945847 ]
 [ 0.          0.          0.          1.        ]]"
single_object,91,98,12,15,30,0.4712248666393106,0.7210709889208042,0.002494268913593646,0.0022513450207973873,"[[ 0.73008896 -0.67732    -0.09059651  0.13775749]
 [ 0.53790314  0.48785173  0.68750339  0.09822312]
 [-0.42146213 -0.55067078  0.72050771 -0.3888436 ]
 [ 0.          0.          0.          1.        ]]","[[ 0.44000837 -0.29408053 -0.84847468  0.13707789]
 [ 0.84955653  0.44244753  0.28721751  0.09611747]
 [ 0.29094045 -0.84720531  0.44451865 -0.38793821]
 [ 0.          0.          0.          1.        ]]"
single_object,91,99,12,43,29,0.8634335248256052,0.8255026672137874,0.002082920712500863,0.0019533205777300883,"[[-0.73884915 -0.46851061  0.48435498  0.1367278 ]
 [-0.00413432 -0.71560019 -0.69849787  0.09269358]
 [ 0.67385818 -0.51808704  0.52678361 -0.38215005]
 [ 0.          0.          0.          1.        ]]","[[-0.60050034 -0.69879824  0.38869058  0.13845453]
 [ 0.13984064 -0.57037575 -0.80939243  0.09330779]
 [ 0.78730168 -0.43168569  0.44023123 -0.38298929]
 [ 0.          0.          0.          1.        ]]"
single_object,91,100,12,28,30,0.7842634386540829,0.849943578169881,0.002344229378110388,0.0020094699219243145,"[[-0.1458701   0.97798028 -0.1492531   0.13228015]
 [-0.70783665  0.0022251   0.70637265  0.09384048]
 [ 0.69115062  0.20868547  0.69192571 -0.37809912]
 [ 0.          0.          0.          1.        ]]","[[-0.16299799  0.89967762  0.40498374  0.13521828]
 [-0.43285219 -0.43406951  0.79007762  0.09283455]
 [ 0.88660625 -0.04651703  0.46017989 -0.37827052]
 [ 0.          0.          0.          1.        ]]"
single_object,91,101,12,19,30,0.8295291341813705,0.9095199015182601,0.0025428669015299197,0.001824581933589112,"[[ 0.45204041  0.76155148 -0.46443386  0.14013293]
 [ 0.31454342  0.35113026  0.88191268  0.09335851]
 [ 0.83469869 -0.54474478 -0.08081594 -0.37229611]
 [ 0.          0.          0.          1.        ]]","[[ 0.23436568  0.87653116 -0.42043531  0.13468239]
 [ 0.26867361  0.35723475  0.89453777  0.09209059]
 [ 0.93428434 -0.32260882 -0.15177722 -0.37372544]
 [ 0.          0.          0.          1.        ]]"
single_object,91,102,12,28,30,0.7700297496922446,0.9319860484201887,0.0022260084618487743,0.0018063212762659108,"[[-0.62535928 -0.77672542  0.07498927  0.13369847]
 [-0.27678994  0.13094182 -0.95196721  0.08733102]
 [ 0.7295979  -0.61607781 -0.29687546 -0.36867438]
 [ 0.          0.          0.          1.        ]]","[[-0.71402598 -0.5637072  -0.41521211  0.13612855]
 [ 0.55542703 -0.0950421  -0.8261161   0.0880199 ]
 [ 0.42622496 -0.82048839  0.38096075 -0.36721442]
 [ 0.          0.          0.          1.        ]]"
single_object,91,103,12,29,30,0.7873666393106278,0.87725687320476,0.0020717808695628723,0.0017164941889861742,"[[-0.93049597  0.16259686  0.32823697  0.13816301]
 [-0.36491002 -0.33341681 -0.86929506  0.08866128]
 [-0.03190493 -0.92865251  0.36957622 -0.36121569]
 [ 0.          0.          0.          1.        ]]","[[-0.7444973   0.0338174   0.66676844  0.13725963]
 [-0.26727037 -0.93029171 -0.25124468  0.08860123]
 [ 0.61179271 -0.36525843  0.70163805 -0.36271108]
 [ 0.          0.          0.          1.        ]]"
single_object,91,104,12,29,30,0.6985279031596224,0.8604585556011489,0.002062057363477901,0.0018313043559172017,"[[-0.96685437 -0.25005105 -0.05164393  0.13692243]
 [-0.11319614  0.60108224 -0.79113006  0.08435469]
 [ 0.22886515 -0.75906166 -0.60946381 -0.36081521]
 [ 0.          0.          0.          1.        ]]","[[-0.85552985  0.0132737   0.51758331  0.13687612]
 [-0.35044823 -0.75071283 -0.56001454  0.08562273]
 [ 0.38112297 -0.66049531  0.64690898 -0.35729559]
 [ 0.          0.          0.          1.        ]]"
single_object,91,105,12,51,30,0.843660237997538,0.9405775543701272,0.0023240402394916356,0.001928083718397354,"[[-0.13788539  0.66601032 -0.7330879   0.13622468]
 [ 0.72039702  0.5753884   0.38724195  0.08786189]
 [ 0.67971741 -0.47471933 -0.55912951 -0.35506533]
 [ 0.          0.          0.          1.        ]]","[[ 0.03270284  0.45469542 -0.8900464   0.13492085]
 [ 0.71641515  0.61027959  0.33809489  0.08441908]
 [ 0.69690735 -0.64869939 -0.30579281 -0.35407367]
 [ 0.          0.          0.          1.        ]]"
single_object,91,106,12,26,30,0.9812525646286417,0.9290623717685679,0.0023691235691546495,0.0017213749393581931,"[[-0.83946336  0.12698383  0.52837144  0.14637184]
 [-0.46623994 -0.6677665  -0.58026565  0.06175122]
 [ 0.27914439 -0.73345962  0.61977044 -0.37415807]
 [ 0.          0.          0.          1.        ]]","[[-0.68810734 -0.0857082   0.72052925  0.15051169]
 [-0.3308379  -0.84671874 -0.41666972  0.06513546]
 [ 0.64579763 -0.52509187  0.55427786 -0.37216754]
 [ 0.          0.          0.          1.        ]]"
single_object,91,107,12,36,30,0.8606124333196553,0.9321399261386951,0.0024656173674725986,0.0017217587496938815,"[[-0.8348227  -0.26124581  0.48458404  0.14750726]
 [-0.082288   -0.81112713 -0.57905221  0.06900978]
 [ 0.54433423 -0.52328137  0.65564995 -0.37449579]
 [ 0.          0.          0.          1.        ]]","[[-0.67883651 -0.08929684  0.72883954  0.15053518]
 [-0.2673062  -0.8944208  -0.35855101  0.06645042]
 [ 0.68390672 -0.43822084  0.58329589 -0.37610225]
 [ 0.          0.          0.          1.        ]]"
single_object,91,108,12,31,30,0.7355098481739845,0.8621512105047189,0.0018384518146163252,0.0018041559257685003,"[[-0.72919524 -0.21257936 -0.65044932  0.14565639]
 [ 0.07469211  0.92012017 -0.3844476   0.06412283]
 [ 0.68021717 -0.32892079 -0.65506925 -0.38295083]
 [ 0.          0.          0.          1.        ]]","[[-0.2977498  -0.35898282 -0.88457696  0.14897128]
 [ 0.57577737  0.67156696 -0.46634562  0.06430536]
 [ 0.76146272 -0.64817371  0.00673526 -0.3805155 ]
 [ 0.          0.          0.          1.        ]]"
single_object,91,109,12,31,30,0.7311243331965531,0.8806165367254821,0.0017140664610800216,0.00182529445533166,"[[-0.75083806 -0.28375838 -0.59642551  0.14825787]
 [ 0.15761643  0.79994225 -0.57900731  0.06602081]
 [ 0.64140414 -0.52874718 -0.5559021  -0.38631275]
 [ 0.          0.          0.          1.        ]]","[[ 0.45561637  0.50522919 -0.73291008  0.14861244]
 [ 0.37535357  0.63752068  0.67281281  0.06687665]
 [ 0.80717    -0.58164495  0.10082528 -0.38429127]
 [ 0.          0.          0.          1.        ]]"
single_object,91,110,12,32,30,0.6605201066885515,0.8624333196553139,0.002877145708614965,0.0017512925909435846,"[[ 0.09391781 -0.71480391 -0.69298976  0.15043512]
 [ 0.98699792  0.15804751 -0.02925916  0.07340056]
 [ 0.13043987 -0.6812315   0.72035345 -0.38769186]
 [ 0.          0.          0.          1.        ]]","[[-0.07102389 -0.33852071 -0.93827466  0.14915961]
 [ 0.79608058  0.54753288 -0.25780507  0.06635717]
 [ 0.60100858 -0.76525256  0.23060185 -0.38913699]
 [ 0.          0.          0.          1.        ]]"
single_object,91,111,12,41,30,0.9283699220352893,0.9399620434961018,0.0023383494437281766,0.0017442788497401213,"[[-0.33355974 -0.36872839  0.86762738  0.15101076]
 [-0.30656302 -0.8278901  -0.46969894  0.06824719]
 [ 0.89149146 -0.42265513  0.16311231 -0.39093674]
 [ 0.          0.          0.          1.        ]]","[[-0.7634163  -0.41876719  0.49176172  0.15056662]
 [ 0.06798868 -0.80922056 -0.58355773  0.06810888]
 [ 0.64231853 -0.41206325  0.6462436  -0.39282456]
 [ 0.          0.          0.          1.        ]]"
single_object,91,112,12,65,30,0.8974148543290932,0.91459786622897,0.0026232992655077646,0.001688176962349591,"[[-0.71339695 -0.51744051 -0.47256757  0.1448578 ]
 [ 0.67705014 -0.33501384 -0.65526242  0.06815284]
 [ 0.18074264 -0.78741415  0.58933102 -0.39721444]
 [ 0.          0.          0.          1.        ]]","[[-0.44549129 -0.4457506  -0.77643024  0.14906138]
 [ 0.83738624  0.09935534 -0.53750609  0.06836872]
 [ 0.31673615 -0.88962628  0.32900348 -0.39702776]
 [ 0.          0.          0.          1.        ]]"
single_object,91,113,12,45,30,0.8270670906852687,0.9829708658186295,0.0019080331303002566,0.0014437666659422204,"[[ 0.9252781   0.28874279 -0.24594317  0.15181616]
 [ 0.04281309  0.56477787  0.82413166  0.0704367 ]
 [ 0.37686533 -0.77308056  0.51021463 -0.40057203]
 [ 0.          0.          0.          1.        ]]","[[ 0.40249025  0.88513837 -0.23352015  0.14859333]
 [ 0.27301466  0.12741928  0.95353412  0.0703441 ]
 [ 0.87376461 -0.44754261 -0.19037073 -0.40189087]
 [ 0.          0.          0.          1.        ]]"
single_object,91,114,12,23,23,0.8884386540828888,0.9869973327862126,0.002407966152694125,0.001327781406470643,"[[ 0.38168091  0.60508439 -0.69870779  0.14972291]
 [ 0.35567202  0.60157903  0.71526224  0.07221952]
 [ 0.85312197 -0.52151275  0.01439964 -0.40439055]
 [ 0.          0.          0.          1.        ]]","[[ 0.5456616   0.79768208 -0.25682042  0.14913182]
 [ 0.22293909  0.15724206  0.9620671   0.06994257]
 [ 0.80780665 -0.58221838 -0.09203356 -0.40604935]
 [ 0.          0.          0.          1.        ]]"
single_object,91,115,12,35,30,0.8378898235535495,0.9428087812884695,0.001546645655509567,0.001496210469676674,"[[-0.48934264 -0.75672399 -0.43348885  0.15047703]
 [ 0.24998559  0.35449443 -0.90102214  0.06601697]
 [ 0.83549445 -0.54927452  0.01570085 -0.40994556]
 [ 0.          0.          0.          1.        ]]","[[-0.0504134  -0.29910253 -0.95288833  0.14856619]
 [ 0.86323937  0.46677802 -0.1921876   0.06833853]
 [ 0.50227113 -0.83225955  0.23466521 -0.41001343]
 [ 0.          0.          0.          1.        ]]"
single_object,91,116,12,70,30,0.8744614279852277,0.9659417316372589,0.0022133278919307677,0.0014319523737877998,"[[ 0.08126509  0.68082486  0.7279241   0.14451827]
 [-0.67546743 -0.49942063  0.54251523  0.06961007]
 [ 0.73289817 -0.53577657  0.41928956 -0.41372258]
 [ 0.          0.          0.          1.        ]]","[[-0.55291033  0.0047483   0.83322723  0.1496129 ]
 [-0.29523581 -0.93622457 -0.19057641  0.06926377]
 [ 0.7791829  -0.35137018  0.5190501  -0.41483388]
 [ 0.          0.          0.          1.        ]]"
single_object,91,117,12,15,30,0.5525492408699221,0.986202297907263,0.0023019484420122352,0.0015674340679522512,"[[-0.06915001  0.99134429 -0.11160095  0.15234197]
 [-0.87340727 -0.00610463  0.48695222  0.07094102]
 [ 0.48205603  0.13114583  0.86626945 -0.41925545]
 [ 0.          0.          0.          1.        ]]","[[ 0.44338506  0.87019168 -0.21488631  0.14740146]
 [ 0.17211058  0.15262418  0.97318231  0.07049317]
 [ 0.879652   -0.46847871 -0.08209791 -0.41941056]
 [ 0.          0.          0.          1.        ]]"
single_object,91,118,12,9,30,0.7038110381616742,0.9191372589249077,0.0022122684410445913,0.0015601470904546932,"[[ 0.81665698  0.45622357  0.35345642  0.15278274]
 [-0.52017882  0.31660931  0.79320397  0.06882662]
 [ 0.24997075 -0.8316361   0.49587904 -0.42132502]
 [ 0.          0.          0.          1.        ]]","[[ 0.64016941  0.68392419 -0.34990117  0.14774064]
 [ 0.09895531  0.3782576   0.92039613  0.07147182]
 [ 0.76183396 -0.62383402  0.17447102 -0.42270751]
 [ 0.          0.          0.          1.        ]]"
single_object,91,119,12,5,28,0.9241382847763644,0.9724045958145261,0.002372863802333026,0.0015398734926996792,"[[ 0.75537616  0.54880931 -0.3580715   0.14899451]
 [ 0.26177542  0.24821335  0.93266487  0.07185227]
 [ 0.60073329 -0.79824713  0.04382967 -0.43040561]
 [ 0.          0.          0.          1.        ]]","[[ 0.61602755  0.69594901 -0.36900547  0.1465094 ]
 [ 0.20128705  0.31381941  0.92790134  0.07276596]
 [ 0.7615731  -0.64588881  0.05323588 -0.42779235]
 [ 0.          0.          0.          1.        ]]"
single_object,91,120,12,65,24,0.8802831350020517,0.9918957734919983,0.002724034545400735,0.0013143544572751813,"[[ 0.54766133  0.77808388 -0.30765654  0.14887874]
 [ 0.13460044  0.2809827   0.95022705  0.07532051]
 [ 0.82580251 -0.56181332  0.04915293 -0.43355226]
 [ 0.          0.          0.          1.        ]]","[[ 0.62071442  0.62396085 -0.47474885  0.14444701]
 [ 0.31613575  0.35493123  0.87981931  0.07632208]
 [ 0.717476   -0.69620161  0.02305461 -0.43182836]
 [ 0.          0.          0.          1.        ]]"
single_object,91,121,12,44,30,0.902313295034879,0.9193680755026672,0.0020176771344196597,0.0016656551164188076,"[[-0.17702384  0.67429409  0.71693099  0.15693096]
 [-0.56397407 -0.66647821  0.48758594  0.02944411]
 [ 0.8065952  -0.31801615  0.49826691 -0.4381699 ]
 [ 0.          0.          0.          1.        ]]","[[ 0.74068821  0.66147193 -0.11762599  0.15705149]
 [ 0.01838567  0.15505603  0.98773458  0.03069583]
 [ 0.67159731 -0.73376598  0.10268657 -0.43908948]
 [ 0.          0.          0.          1.        ]]"
single_object,91,122,12,74,19,0.944629667624128,0.9646337710299548,0.0020099054696404444,0.0016758337308018618,"[[ 0.8010869   0.50920845  0.31458946  0.15811754]
 [-0.35853457 -0.01262787  0.93343104  0.03367245]
 [ 0.47928357 -0.86055057  0.17245281 -0.43517497]
 [ 0.          0.          0.          1.        ]]","[[ 0.81544198  0.57829087 -0.02518027  0.15853845]
 [-0.09245568  0.17306694  0.98056095  0.03260682]
 [ 0.57140731 -0.79726251  0.19459233 -0.43595278]
 [ 0.          0.          0.          1.        ]]"
single_object,91,123,12,40,15,0.9903569963069347,0.9950502667213788,0.0019164291375037136,0.001235256496568115,"[[ 0.79093212  0.61166083  0.01724587  0.1554165 ]
 [-0.10921118  0.1133762   0.98753165  0.0354611 ]
 [ 0.60207915 -0.78295394  0.15647308 -0.4325887 ]
 [ 0.          0.          0.          1.        ]]","[[ 0.74603433  0.65808754 -0.10175249  0.15733613]
 [ 0.00221855  0.15034558  0.98863102  0.03408045]
 [ 0.66590379 -0.73777842  0.11070296 -0.43279493]
 [ 0.          0.          0.          1.        ]]"
single_object,91,124,12,79,30,0.6120742716454657,0.8817449733278622,0.002156431930974096,0.001809066178203709,"[[ 0.06110986 -0.962547   -0.26413797  0.15646343]
 [-0.63068973  0.16787284 -0.75766033  0.03146562]
 [ 0.77362526  0.21288962 -0.59680982 -0.43228824]
 [ 0.          0.          0.          1.        ]]","[[-0.53550515 -0.47334171  0.69941537  0.15836545]
 [-0.75011759 -0.11391508 -0.65141919  0.0315027 ]
 [ 0.38801783 -0.8734821  -0.29405983 -0.43032175]
 [ 0.          0.          0.          1.        ]]"
single_object,91,125,12,24,30,0.9963069347558473,0.9715326220763233,0.001584998429407873,0.0014575500391101597,"[[-0.80104128 -0.2651003   0.53670728  0.1558873 ]
 [-0.1584783  -0.77068114 -0.61719949  0.03386389]
 [ 0.57724995 -0.57945872  0.57533476 -0.42541989]
 [ 0.          0.          0.          1.        ]]","[[-0.61744882 -0.30132725  0.72660776  0.1581975 ]
 [-0.10900556 -0.88203008 -0.45841108  0.03507302]
 [ 0.77902165 -0.36224967  0.51176209 -0.42600646]
 [ 0.          0.          0.          1.        ]]"
single_object,91,126,12,20,30,0.9826631103816167,0.9356534673779237,0.0017852069500565303,0.0014966272846322947,"[[-0.62778622 -0.74393939  0.22899486  0.15624042]
 [ 0.30199538 -0.50393529 -0.8092268   0.03638476]
 [ 0.71741428 -0.43886605  0.54102989 -0.42153717]
 [ 0.          0.          0.          1.        ]]","[[-0.55026222 -0.827909    0.10852734  0.15826376]
 [ 0.26224342 -0.29475079 -0.91888539  0.03501758]
 [ 0.792742   -0.47716733  0.37930391 -0.42296597]
 [ 0.          0.          0.          1.        ]]"
single_object,91,127,12,61,30,0.9495281083299139,0.9142388182191219,0.0021676872831299944,0.0015013636101031877,"[[-0.89770048 -0.08453146  0.43242141  0.15386151]
 [-0.29057516 -0.62416844 -0.72524467  0.03268023]
 [ 0.33120979 -0.77670341  0.53575357 -0.42047637]
 [ 0.          0.          0.          1.        ]]","[[-0.59068671 -0.52428314  0.61336482  0.15928973]
 [ 0.04095224 -0.77864788 -0.62612331  0.0381609 ]
 [ 0.80586111 -0.34472406  0.48140752 -0.41982942]
 [ 0.          0.          0.          1.        ]]"
single_object,91,128,12,32,30,0.7862638489946656,0.9856124333196553,0.0026432923041887616,0.001424017311665113,"[[ 0.65851557  0.41972005 -0.62465376  0.15911026]
 [ 0.47137421  0.41700154  0.77712037  0.04375094]
 [ 0.58665458 -0.80619154  0.0767568  -0.41344345]
 [ 0.          0.          0.          1.        ]]","[[ 0.52591406  0.80939214 -0.26134031  0.15598075]
 [ 0.24491989  0.15013443  0.95784858  0.04028547]
 [ 0.81451129 -0.56775348 -0.11927843 -0.41673473]
 [ 0.          0.          0.          1.        ]]"
single_object,91,129,12,48,30,0.9390387771850636,0.8159366023799753,0.0020370873992985386,0.0015592174265421966,"[[-0.57995118  0.45994373  0.67239007  0.15359205]
 [-0.635013   -0.77225641 -0.01945603  0.03760836]
 [ 0.51030886 -0.43825998  0.73994126 -0.41321235]
 [ 0.          0.          0.          1.        ]]","[[-0.76047617  0.39618781  0.51450094  0.15420904]
 [-0.37964066 -0.91405857  0.14272314  0.04063662]
 [ 0.52682917 -0.08678793  0.84552876 -0.41398757]
 [ 0.          0.          0.          1.        ]]"
single_object,91,130,12,40,30,0.9173676651620846,0.913187320475995,0.001835211170126694,0.001531673643930462,"[[-0.8029068   0.10587881  0.58662624  0.15712765]
 [-0.45520488 -0.74428698 -0.48869766  0.03947208]
 [ 0.38487555 -0.65941381  0.64578963 -0.41010397]
 [ 0.          0.          0.          1.        ]]","[[-0.52237297 -0.28271915  0.80448515  0.15846958]
 [-0.20709746 -0.87312721 -0.44131566  0.04040757]
 [ 0.82718626 -0.39713821  0.39754764 -0.40995432]
 [ 0.          0.          0.          1.        ]]"
single_object,91,131,12,31,30,0.6915521132540008,0.9197527697989332,0.002184778865599082,0.0017778915589038596,"[[-0.7077446  -0.43148052  0.55939444  0.15851411]
 [-0.63258158  0.03450662 -0.77372465  0.04212214]
 [ 0.3145443  -0.90146207 -0.2973685  -0.40559526]
 [ 0.          0.          0.          1.        ]]","[[-7.19387253e-01 -6.94608961e-01 -6.09360122e-04  1.56789612e-01]
 [ 3.00144622e-01 -3.10060086e-01 -9.02095310e-01  3.91302558e-02]
 [ 6.26414548e-01 -6.49138763e-01  4.31536417e-01 -4.06374124e-01]
 [ 0.00000000e+00  0.00000000e+00  0.00000000e+00  1.00000000e+00]]"
single_object,91,132,12,25,30,0.6416444398851047,0.9109560935576528,0.0016880225126000847,0.0015802116064574502,"[[-0.54248743 -0.66630771 -0.5116067   0.15757816]
 [-0.00681369  0.6124792  -0.79045734  0.03835179]
 [ 0.84003628 -0.42532724 -0.33680228 -0.40480946]
 [ 0.          0.          0.          1.        ]]","[[-0.30177297 -0.42987917 -0.85096238  0.15564481]
 [ 0.84147382  0.2994868  -0.44969931  0.0414067 ]
 [ 0.44816837 -0.85176966  0.27135505 -0.40307079]
 [ 0.          0.          0.          1.        ]]"
single_object,91,133,12,40,30,0.8500205170291342,0.9150082068116536,0.0026292457786472045,0.0017960883751591125,"[[-0.566533    0.5337798   0.62778937  0.15186866]
 [-0.52328746 -0.82155753  0.22630392  0.04432497]
 [ 0.63656154 -0.20030566  0.74475973 -0.39840062]
 [ 0.          0.          0.          1.        ]]","[[-0.35036545  0.19017451  0.91710289  0.15817312]
 [-0.39955049 -0.91595229  0.03729362  0.04356141]
 [ 0.84711479 -0.35336251  0.39690235 -0.40024883]
 [ 0.          0.          0.          1.        ]]"
single_object,91,134,12,20,30,0.818885925318014,0.8921830118998769,0.0016832514976283471,0.0016736106071200683,"[[-0.30717912 -0.22943887 -0.92357934  0.15359296]
 [ 0.49261961  0.79201883 -0.36059963  0.04110221]
 [ 0.8142278  -0.56574197 -0.13026556 -0.39683959]
 [ 0.          0.          0.          1.        ]]","[[ 0.19394597 -0.22850028 -0.95402965  0.15592376]
 [ 0.8564866   0.51363407  0.05109547  0.04328981]
 [ 0.47834681 -0.82702337  0.29532469 -0.3963784 ]
 [ 0.          0.          0.          1.        ]]"
single_object,91,135,12,68,26,0.8418393516618794,0.9272927780057447,0.002026453608635385,0.0017935635770161835,"[[-0.74704645 -0.00466087 -0.6647555   0.15413996]
 [ 0.58510629  0.47005345 -0.6608331   0.04332428]
 [ 0.31555068 -0.88262565 -0.34842465 -0.39433672]
 [ 0.          0.          0.          1.        ]]","[[-0.21155205 -0.39069596 -0.89588079  0.1555008 ]
 [ 0.83705     0.40078921 -0.37244505  0.04309695]
 [ 0.50457213 -0.82868853  0.24224427 -0.39370778]
 [ 0.          0.          0.          1.        ]]"
single_object,91,136,12,26,30,0.5439064423471481,0.9755334427574888,0.002637542963086514,0.0018225022850611556,"[[ 0.05714474  0.96023756  0.27327332  0.1552404 ]
 [ 0.93911818 -0.14459141  0.31168954  0.0277837 ]
 [ 0.33880898  0.23882452 -0.91003919 -0.42134301]
 [ 0.          0.          0.          1.        ]]","[[ 0.59227395  0.77251898  0.22896722  0.15641156]
 [-0.0682814  -0.23502658  0.96958762  0.02430572]
 [ 0.80283822 -0.5898957  -0.08645145 -0.41784227]
 [ 0.          0.          0.          1.        ]]"
single_object,91,137,12,31,30,0.7776466967583094,0.9651210504718917,0.00221248533181453,0.0017286803329744764,"[[-0.11459811  0.65238819  0.74917082  0.15646551]
 [ 0.07049841 -0.74689698  0.66119201  0.02618924]
 [ 0.99090728  0.1285867   0.03960066 -0.4214606 ]
 [ 0.          0.          0.          1.        ]]","[[ 0.30974379  0.79118298  0.52734076  0.15629757]
 [-0.23771536 -0.47256612  0.84862988  0.02222053]
 [ 0.92062489 -0.38821483  0.04170193 -0.41955856]
 [ 0.          0.          0.          1.        ]]"
single_object,91,138,12,59,30,0.9610689372178909,0.8719224456298728,0.002204475461003428,0.0016010254987863669,"[[-0.95016383 -0.12471859  0.2857166   0.15479042]
 [-0.13731892 -0.65535744 -0.74273154  0.01555579]
 [ 0.27987893 -0.74495094  0.60557071 -0.42015206]
 [ 0.          0.          0.          1.        ]]","[[-0.47908818 -0.62686014  0.61442728  0.15846333]
 [-0.12781868 -0.64270584 -0.75537513  0.01738965]
 [ 0.86841056 -0.44042658  0.22778833 -0.4213071 ]
 [ 0.          0.          0.          1.        ]]"
single_object,91,139,12,27,30,0.8207068116536725,0.8543290931473123,0.0022786719762742233,0.0015425396137475366,"[[-0.98106903  0.12556652  0.14743342  0.15507452]
 [-0.19338419 -0.59471949 -0.78032768  0.01514506]
 [-0.0103015  -0.79406661  0.60774345 -0.42541421]
 [ 0.          0.          0.          1.        ]]","[[-0.39178153 -0.69921191  0.59800496  0.15842217]
 [-0.14186731 -0.59628135 -0.79014063  0.01702213]
 [ 0.90905495 -0.39439986  0.13441671 -0.42436144]
 [ 0.          0.          0.          1.        ]]"
single_object,91,140,12,68,30,0.8077810832991383,0.8929524004924086,0.0022285116401115313,0.0014719294465282827,"[[ 0.19814737  0.54455535  0.81498287  0.15465077]
 [-0.88211611 -0.263425    0.39048487  0.01301023]
 [ 0.42732749 -0.79628308  0.42816408 -0.42427646]
 [ 0.          0.          0.          1.        ]]","[[ 0.38685191  0.80679288  0.44657681  0.15569257]
 [-0.01250807 -0.47964662  0.87737259  0.01820826]
 [ 0.92205702 -0.34499908 -0.17546079 -0.426742  ]
 [ 0.          0.          0.          1.        ]]"
single_object,91,141,12,25,18,0.8510976610586787,0.8613818219121872,0.0019611818890324646,0.0016020770953932995,"[[-0.74102421 -0.66547457  0.08959196  0.15433914]
 [-0.01026306 -0.12218462 -0.99245433  0.0113802 ]
 [ 0.67139987 -0.73635217  0.08371195 -0.42758141]
 [ 0.          0.          0.          1.        ]]","[[-0.66300858 -0.74299856 -0.09150282  0.15718377]
 [ 0.35749893 -0.20685322 -0.91071744  0.01229642]
 [ 0.65773409 -0.63652564  0.40276665 -0.42787327]
 [ 0.          0.          0.          1.        ]]"
single_object,91,142,12,58,30,0.8879770209273697,0.8809499384489126,0.0017168688821890918,0.0014793817163829802,"[[ 0.12618705  0.75515513 -0.64328653  0.1540253 ]
 [ 0.46952322  0.52577065  0.70930471  0.01202406]
 [ 0.87385627 -0.39154303 -0.28821742 -0.43177829]
 [ 0.          0.          0.          1.        ]]","[[ 0.53074898  0.16345959 -0.83161679  0.15564627]
 [ 0.55760617  0.67160187  0.48787937  0.01133329]
 [ 0.63826395 -0.72265613  0.26530594 -0.42977178]
 [ 0.          0.          0.          1.        ]]"
single_object,91,143,12,37,30,0.9624281903980304,0.8721019696347969,0.002385167474718219,0.0017071895063086818,"[[-0.88436799 -0.37332934  0.28021145  0.15312406]
 [ 0.10632134 -0.7456174  -0.65783771  0.00834461]
 [ 0.45452065 -0.55197816  0.69909305 -0.43078197]
 [ 0.          0.          0.          1.        ]]","[[-0.62920302 -0.57196189  0.52627289  0.15829888]
 [ 0.18234183 -0.76683278 -0.61540145  0.00998113]
 [ 0.75554948 -0.29125088  0.58678608 -0.43257846]
 [ 0.          0.          0.          1.        ]]"
single_object,91,144,12,38,30,0.9636079195732458,0.9569142388182191,0.002275042071753837,0.0015156335024163663,"[[-0.46716868  0.05495393  0.88245877  0.15904218]
 [-0.44033034 -0.87995143 -0.17831061  0.00346903]
 [ 0.76672199 -0.47187451  0.43528363 -0.43375369]
 [ 0.          0.          0.          1.        ]]","[[-0.60191361 -0.28425136  0.74625812  0.15761698]
 [-0.07176899 -0.91146603 -0.40506653  0.00745478]
 [ 0.79532963 -0.29737325  0.52822337 -0.43429452]
 [ 0.          0.          0.          1.        ]]"
single_object,91,145,12,36,30,0.7305857611817809,0.932806729585556,0.00219827428567682,0.0015299812003191566,"[[-0.03237703 -0.98437935  0.17305785  0.1567742 ]
 [ 0.00416139 -0.17327989 -0.98486383  0.00234871]
 [ 0.99946706 -0.0311668   0.00970667 -0.43604132]
 [ 0.          0.          0.          1.        ]]","[[-0.57293066 -0.784758    0.23644311  0.15828697]
 [ 0.23236272 -0.43217183 -0.87134096  0.00374199]
 [ 0.78597584 -0.44427739  0.429953   -0.43688747]
 [ 0.          0.          0.          1.        ]]"
single_object,91,146,12,37,30,0.913289905621666,0.829580426754206,0.0019908398954152848,0.0015616231846868544,"[[-0.14855942  0.27904071 -0.94871828  0.15476905]
 [ 0.87505974  0.48398562  0.00532647  0.00339363]
 [ 0.46065231 -0.82939388 -0.31607792 -0.44018125]
 [ 0.          0.          0.          1.        ]]","[[ 2.66861100e-01 -3.45973892e-01 -8.99492757e-01  1.56845720e-01]
 [ 8.05879870e-01  5.91969366e-01  1.13975830e-02  8.79585594e-04]
 [ 5.28528891e-01 -7.27924677e-01  4.36786991e-01 -4.38106459e-01]
 [ 0.00000000e+00  0.00000000e+00  0.00000000e+00  1.00000000e+00]]"
single_object,91,147,12,38,30,0.8112176856791137,0.975687320475995,0.0025233460270131258,0.0016495025801476675,"[[ 0.38360535  0.83013838 -0.40461983  0.15558786]
 [ 0.68433451  0.03867576  0.72814179  0.00516067]
 [ 0.62010743 -0.5562144  -0.55325611 -0.44142704]
 [ 0.          0.          0.          1.        ]]","[[ 7.18976204e-01  6.70728276e-01 -1.82199887e-01  1.57016435e-01]
 [ 2.17568731e-01  3.17778035e-02  9.75527559e-01  1.45139542e-04]
 [ 6.60103830e-01 -7.41022099e-01 -1.23082015e-01 -4.40955711e-01]
 [ 0.00000000e+00  0.00000000e+00  0.00000000e+00  1.00000000e+00]]"
single_object,91,148,12,45,30,0.7008104226508002,0.9522979072630283,0.0025825328055937356,0.0015433432691679347,"[[ 2.49805424e-01  8.67033639e-01  4.31103142e-01  1.53187029e-01]
 [-4.00250163e-01 -3.12942583e-01  8.61316868e-01  5.04536374e-04]
 [ 8.81701229e-01 -3.87710729e-01  2.68855601e-01 -4.40047312e-01]
 [ 0.00000000e+00  0.00000000e+00  0.00000000e+00  1.00000000e+00]]","[[ 0.6110937   0.78531698  0.09920549  0.15731446]
 [ 0.15485256 -0.24151337  0.95796241 -0.00318433]
 [ 0.7762636  -0.57004257 -0.26919564 -0.44327372]
 [ 0.          0.          0.          1.        ]]"
single_object,91,149,12,59,30,0.8584581452605663,0.8012925728354534,0.002610923291754089,0.0018460844892492427,"[[-0.97264632 -0.11630577 -0.20107736  0.15592156]
 [ 0.23157331 -0.55348455 -0.80001791 -0.00941251]
 [-0.01824651 -0.82469863  0.56527802 -0.4485543 ]
 [ 0.          0.          0.          1.        ]]","[[-0.95763338  0.01667513  0.28750697  0.15342216]
 [-0.28457572  0.09848103 -0.95358175 -0.01325222]
 [-0.04421508 -0.99499921 -0.08956338 -0.44716727]
 [ 0.          0.          0.          1.        ]]"
single_object,91,150,12,46,30,0.8331965531391055,0.940218506360279,0.002372381986944602,0.0019351110562447454,"[[-0.66439327 -0.46532467 -0.58485428  0.15117516]
 [ 0.43985854  0.38921143 -0.80934475 -0.01710998]
 [ 0.60424005 -0.79497636 -0.05391242 -0.44531894]
 [ 0.          0.          0.          1.        ]]","[[-0.13181352 -0.37738891 -0.91662577  0.15468758]
 [ 0.98141515  0.08041062 -0.17423672 -0.01483447]
 [ 0.13946145 -0.92255718  0.35977599 -0.44668457]
 [ 0.          0.          0.          1.        ]]"
single_object,91,151,12,60,23,0.9573245794009028,0.9608124743537135,0.002238034162665005,0.0014765133952248063,"[[ 0.68619462  0.72569321  0.050063    0.13894926]
 [ 0.01520373 -0.08311595  0.9964239  -0.0550325 ]
 [ 0.72725909 -0.68297958 -0.06806696 -0.45390326]
 [ 0.          0.          0.          1.        ]]","[[ 0.60680227  0.69411543  0.38729158  0.1421869 ]
 [-0.06211499 -0.44434968  0.89369742 -0.0545453 ]
 [ 0.79242206 -0.56635424 -0.22651743 -0.45648005]
 [ 0.          0.          0.          1.        ]]"
single_object,91,152,12,77,30,0.8617408699220352,0.7417162494870743,0.001830987866835663,0.0016537579351786425,"[[ 0.26992702  0.09110481 -0.95856107  0.14344407]
 [ 0.71353497  0.64952054  0.26266121 -0.04658298]
 [ 0.6465348  -0.75486621  0.11031667 -0.45364868]
 [ 0.          0.          0.          1.        ]]","[[ 0.15896835 -0.5932121  -0.78919482  0.146151  ]
 [ 0.95022925  0.30887319 -0.04076425 -0.04696884]
 [ 0.26794297 -0.74343578  0.61278855 -0.4541766 ]
 [ 0.          0.          0.          1.        ]]"
single_object,91,153,12,24,30,0.8846942962659007,0.8716403364792779,0.001723582297432066,0.0013224831809323053,"[[-0.42712848  0.49442327  0.75703824  0.14661766]
 [-0.35610688 -0.86157204  0.36177549 -0.04062826]
 [ 0.8311132  -0.11506191  0.54406948 -0.45300143]
 [ 0.          0.          0.          1.        ]]","[[ 0.63629776  0.67236977  0.37821165  0.14766106]
 [-0.34761518 -0.18777546  0.91864251 -0.04034427]
 [ 0.68868632 -0.71600228  0.11424483 -0.45299976]
 [ 0.          0.          0.          1.        ]]"
single_object,91,154,12,26,30,0.7357150184653263,0.8183217070168239,0.002133850020700097,0.001679296639014749,"[[-0.36167482 -0.72261285 -0.58908573  0.14648721]
 [-0.00230054  0.63254974 -0.77451633 -0.04055369]
 [ 0.93230147 -0.27876783 -0.23043971 -0.45357182]
 [ 0.          0.          0.          1.        ]]","[[-0.331897   -0.91013533 -0.24798804  0.14879632]
 [ 0.27135294  0.15966334 -0.94914446 -0.03722019]
 [ 0.9034445  -0.38231049  0.19397611 -0.45314501]
 [ 0.          0.          0.          1.        ]]"
single_object,91,155,12,9,30,0.7759283955683217,0.9547855970455478,0.002559070151437282,0.0016305636831634655,"[[ 0.55090498  0.66093094 -0.50958218  0.1477057 ]
 [ 0.35871292  0.36379081  0.85964021 -0.02376269]
 [ 0.75354412 -0.65637378 -0.0366703  -0.45064368]
 [ 0.          0.          0.          1.        ]]","[[ 0.67954809  0.70892719 -0.18877665  0.14858148]
 [ 0.2860181  -0.01905479  0.95803474 -0.02893007]
 [ 0.67557978 -0.70502422 -0.21571465 -0.45256079]
 [ 0.          0.          0.          1.        ]]"
single_object,91,156,12,31,30,0.6785237997537956,0.7940859663520722,0.002109085751204359,0.0016192063384384843,"[[-0.48440968  0.11799452  0.86684748  0.1501271 ]
 [-0.8719173   0.01582796 -0.48939728 -0.02842087]
 [-0.07146663 -0.9928881   0.09521424 -0.45113763]
 [ 0.          0.          0.          1.        ]]","[[-0.53157318 -0.84410971  0.07006244  0.1506609 ]
 [ 0.24845625 -0.23447178 -0.93983641 -0.02867741]
 [ 0.80975271 -0.48218438  0.33436324 -0.45081343]
 [ 0.          0.          0.          1.        ]]"
single_object,91,157,12,18,30,0.9369870742716455,0.9242152236356176,0.001883760325347064,0.001568603778541177,"[[ 0.16580012  0.66622491 -0.72708644  0.14655515]
 [ 0.77640723  0.36640154  0.51277843 -0.02096555]
 [ 0.60803135 -0.6495339  -0.45651242 -0.45059467]
 [ 0.          0.          0.          1.        ]]","[[ 0.75231916  0.61327967 -0.24063236  0.15027527]
 [ 0.2851597   0.02612916  0.9581238  -0.02066176]
 [ 0.59388537 -0.78943354 -0.15522518 -0.45071333]
 [ 0.          0.          0.          1.        ]]"
single_object,91,158,12,47,30,0.9495024620434961,0.8448399671727533,0.002307168305359759,0.00148891704743208,"[[-0.60745991 -0.77177122  0.18804689  0.15020889]
 [ 0.30027715 -0.44226725 -0.84512325 -0.01835448]
 [ 0.73540879 -0.45691231  0.50040489 -0.4465757 ]
 [ 0.          0.          0.          1.        ]]","[[-0.39564742 -0.82946642  0.39426969  0.15164107]
 [ 0.14653881 -0.48081508 -0.86449016 -0.0200473 ]
 [ 0.90663636 -0.28425749  0.31178227 -0.44978928]
 [ 0.          0.          0.          1.        ]]"
single_object,91,159,12,23,30,0.5192347148132951,0.9012361510053344,0.0024734177718460366,0.0016939403553345297,"[[ 0.3121225   0.90884905 -0.27671819  0.14808381]
 [ 0.88545318 -0.38385144 -0.26197468 -0.01373328]
 [-0.34431411 -0.16325281 -0.92455195 -0.45378957]
 [ 0.          0.          0.          1.        ]]","[[ 0.76647801  0.59732652  0.23603495  0.15156589]
 [-0.07971855 -0.2761811   0.9577938  -0.01409525]
 [ 0.63730402 -0.75294424 -0.16406873 -0.44896791]
 [ 0.          0.          0.          1.        ]]"
single_object,91,160,12,81,30,0.5216967583093968,0.8695116947066065,0.002518676643946396,0.0017030518129707841,"[[ 0.61894735  0.76847805  0.1623135   0.15150507]
 [ 0.77840023 -0.62775641  0.00387068 -0.00822662]
 [ 0.10486787  0.12394911 -0.98673165 -0.45334899]
 [ 0.          0.          0.          1.        ]]","[[ 0.36852545  0.57915514  0.72716457  0.1504432 ]
 [-0.07759474 -0.7603253   0.64489108 -0.01004628]
 [ 0.9263736  -0.29408292 -0.23525983 -0.44847607]
 [ 0.          0.          0.          1.        ]]"
single_object,91,161,12,14,30,0.7994973327862126,0.932627205580632,0.002590872332666455,0.0016141029539024888,"[[ 0.63335296  0.48907853 -0.59972178  0.14880635]
 [ 0.52391979  0.29935766  0.79742902 -0.00318744]
 [ 0.56953673 -0.81926014 -0.06663886 -0.44422754]
 [ 0.          0.          0.          1.        ]]","[[ 0.66576728  0.72447212  0.17858912  0.15015951]
 [-0.01030707 -0.23039233  0.97304324 -0.00716758]
 [ 0.74608826 -0.64966108 -0.14592049 -0.44669689]
 [ 0.          0.          0.          1.        ]]"
single_object,91,162,12,48,30,0.5611663931062782,0.5696809601969635,0.002116657481036434,0.001755491566080891,"[[-0.26537349  0.46389874 -0.845207    0.14921774]
 [ 0.69155222 -0.51925381 -0.50212648 -0.00605499]
 [-0.6718128  -0.71775583 -0.18301401 -0.44669716]
 [ 0.          0.          0.          1.        ]]","[[-0.44946622  0.09906866 -0.88778686  0.14416307]
 [ 0.58039357 -0.72309745 -0.37453088 -0.00464992]
 [-0.67906069 -0.68360477  0.26750907 -0.44878417]
 [ 0.          0.          0.          1.        ]]"
single_object,91,163,12,14,30,0.9098020106688551,0.9680447271235125,0.002324497226763787,0.0017636950079920127,"[[ 7.50889709e-01  3.33542347e-01 -5.70012410e-01  1.51907855e-01]
 [ 5.22859920e-01  2.27039585e-01  8.21626759e-01 -6.54382826e-04]
 [ 4.03462699e-01 -9.14987721e-01 -3.91423657e-03 -4.43588094e-01]
 [ 0.00000000e+00  0.00000000e+00  0.00000000e+00  1.00000000e+00]]","[[ 0.68646021  0.72715411 -0.00439141  0.14956471]
 [-0.02248567  0.0272627   0.99937537 -0.00205248]
 [ 0.72681963 -0.68593268  0.03506531 -0.44377346]
 [ 0.          0.          0.          1.        ]]"
single_object,91,164,12,27,30,0.49899979482970863,0.7091967583093968,0.0021068444552194724,0.0016978317711168927,"[[ 0.27259343 -0.92861846  0.25171528  0.14997566]
 [ 0.23712746 -0.18870907 -0.952974   -0.00356812]
 [ 0.93245021  0.31946306  0.16876008 -0.44272955]
 [ 0.          0.          0.          1.        ]]","[[-0.34012034 -0.72079473 -0.6039645   0.15103491]
 [ 0.42986135  0.45205726 -0.78157754 -0.00289619]
 [ 0.83638351 -0.52545142  0.15608793 -0.44171685]
 [ 0.          0.          0.          1.        ]]"
single_object,91,165,12,30,30,0.7003744357816988,0.8860535494460402,0.002091359909011741,0.0016471765455844212,"[[ 0.83411463  0.33328912  0.43951239  0.15341383]
 [-0.53711963  0.3094544   0.78469132  0.00317019]
 [ 0.12552004 -0.89059325  0.43713657 -0.44279066]
 [ 0.          0.          0.          1.        ]]","[[ 0.68016755  0.51447748  0.52219252  0.15188414]
 [-0.46375148 -0.2496938   0.85005151  0.00340254]
 [ 0.5677206  -0.82034501  0.06875607 -0.44117032]
 [ 0.          0.          0.          1.        ]]"
single_object,91,166,12,45,30,0.8380180549856381,0.6583401723430448,0.0025999713869556363,0.0017201911211967213,"[[-0.03281502 -0.18071522 -0.98298789  0.13262548]
 [ 0.91033998  0.40057262 -0.1040322  -0.01193419]
 [ 0.41255823 -0.89826699  0.1513675  -0.46248326]
 [ 0.          0.          0.          1.        ]]","[[ 0.91917287  0.09664665 -0.38181233  0.1393857 ]
 [ 0.25246173  0.59949119  0.75952181 -0.0161339 ]
 [ 0.30229837 -0.79452485  0.52663646 -0.46424519]
 [ 0.          0.          0.          1.        ]]"
single_object,91,167,12,29,30,0.8031903980303652,0.6731124333196553,0.0022938085102019684,0.0017518162389683412,"[[ 0.13196409  0.26853191 -0.95418871  0.13557157]
 [ 0.91284113  0.34231377  0.22258115 -0.01533007]
 [ 0.38640207 -0.90039541 -0.19995385 -0.46509336]
 [ 0.          0.          0.          1.        ]]","[[ 0.80433772  0.56019058 -0.19805895  0.13862562]
 [-0.23373607  0.60477578  0.76132365 -0.01989245]
 [ 0.54626759 -0.56606781  0.61738072 -0.46407091]
 [ 0.          0.          0.          1.        ]]"
single_object,91,168,12,43,30,0.8180908904390645,0.5796573656134592,0.0025127654518191603,0.001816549162273138,"[[-0.93560868 -0.12330875  0.3308041   0.13474183]
 [-0.19323016 -0.60534257 -0.77215444 -0.02305902]
 [ 0.2954632  -0.78635573  0.54253679 -0.46419104]
 [ 0.          0.          0.          1.        ]]","[[ 0.01397572 -0.80619394  0.59148627  0.14357597]
 [-0.16695639 -0.58512115 -0.79357344 -0.02426892]
 [ 0.98586523 -0.08766166 -0.14277672 -0.46716727]
 [ 0.          0.          0.          1.        ]]"
single_object,91,169,12,12,30,0.5576015592942142,0.7986510053344276,0.00274621317589005,0.0017580455999810886,"[[-0.84685548  0.29725123  0.44099604  0.13049253]
 [-0.52126427 -0.29951983 -0.79910664 -0.03425172]
 [-0.10544837 -0.90660332  0.40859646 -0.46522453]
 [ 0.          0.          0.          1.        ]]","[[-0.93067936 -0.1388369  -0.33846749  0.13242731]
 [ 0.33083458  0.0755059  -0.94066324 -0.02780712]
 [ 0.15615506 -0.98743262 -0.02433974 -0.46659137]
 [ 0.          0.          0.          1.        ]]"
single_object,91,170,12,37,30,0.7365613459171112,0.8293752564628641,0.0025744727438992607,0.0016162590730205834,"[[ 0.67686239  0.31667838 -0.66450892  0.13778062]
 [ 0.73477474 -0.34500183  0.5840204  -0.02892269]
 [-0.04431016 -0.88356581 -0.46620604 -0.46395352]
 [ 0.          0.          0.          1.        ]]","[[ 0.6659056   0.20354613 -0.71773163  0.13691931]
 [ 0.551252    0.51399481  0.65721424 -0.03064009]
 [ 0.50268376 -0.83329365  0.23006681 -0.46551483]
 [ 0.          0.          0.          1.        ]]"
single_object,91,171,12,37,30,0.6653159622486664,0.879975379565039,0.0018845383803983444,0.0018261268629923663,"[[-0.32523358  0.17610273 -0.92909146  0.13418673]
 [ 0.27736519  0.95705815  0.08431041 -0.03798121]
 [ 0.90404185 -0.23027706 -0.36011221 -0.46836667]
 [ 0.          0.          0.          1.        ]]","[[ 0.49128275  0.29072489 -0.82104829  0.13542308]
 [ 0.52317403  0.65515664  0.54503093 -0.03510177]
 [ 0.6963693  -0.69731544  0.16976745 -0.46595055]
 [ 0.          0.          0.          1.        ]]"
single_object,91,172,12,18,30,0.4298574066475174,0.7503334017234304,0.002918124544735633,0.001749108762425352,"[[-0.35022466 -0.92878148  0.1212751   0.12836982]
 [ 0.88817004 -0.37041771 -0.27192774 -0.04398035]
 [ 0.29748389  0.01247711  0.9546453  -0.46151122]
 [ 0.          0.          0.          1.        ]]","[[-0.27720203 -0.96035632  0.02957672  0.13907571]
 [ 0.59494601 -0.19573704 -0.77956799 -0.03946293]
 [ 0.7544523  -0.19850128  0.62561886 -0.46585715]
 [ 0.          0.          0.          1.        ]]"
single_object,91,173,12,32,30,0.7179164956914239,0.8409673779236767,0.002430666233196056,0.0017665947274715654,"[[ 0.83523204  0.47732701 -0.27303181  0.13975838]
 [ 0.31008107  0.00122399  0.95070933 -0.03802825]
 [ 0.45413343 -0.87872489 -0.14698775 -0.46623447]
 [ 0.          0.          0.          1.        ]]","[[ 0.80494704  0.53370371  0.25926937  0.13876392]
 [-0.08219097 -0.33245458  0.93953105 -0.04252139]
 [ 0.5876265  -0.77758234 -0.2237427  -0.46666645]
 [ 0.          0.          0.          1.        ]]"
single_object,91,174,12,27,30,0.8945424702503078,0.8347609766105868,0.0025304788861089935,0.0018469639008025064,"[[ 0.69534978  0.63454014 -0.33741295  0.13769666]
 [ 0.32313879  0.14330759  0.935438   -0.04436645]
 [ 0.6419268  -0.75948782 -0.10539563 -0.46460673]
 [ 0.          0.          0.          1.        ]]","[[ 0.86475068  0.49893726 -0.05716527  0.13701993]
 [-0.04963892  0.19819064  0.97890574 -0.0475136 ]
 [ 0.49974217 -0.84367178  0.1961522  -0.4656971 ]
 [ 0.          0.          0.          1.        ]]"
single_object,91,175,12,12,30,0.9125718096019696,0.8593557652851868,0.0022118338235416453,0.0016192487255138701,"[[ 0.11951162  0.29508227 -0.94796805  0.13203166]
 [ 0.85642901  0.45236726  0.24878347 -0.0491187 ]
 [ 0.5022413  -0.84159985 -0.19865387 -0.46622116]
 [ 0.          0.          0.          1.        ]]","[[ 0.14875707  0.0914006  -0.98464068  0.1325795 ]
 [ 0.67145309  0.72165237  0.16842982 -0.05424656]
 [ 0.72596287 -0.68619515  0.04597968 -0.46576852]
 [ 0.          0.          0.          1.        ]]"
single_object,91,176,12,27,30,0.9261899876897826,0.8503795650389824,0.0016257460399410708,0.0014926718025884528,"[[ 0.04500093  0.18928875 -0.98088974  0.13030414]
 [ 0.80140772  0.5793721   0.14857196 -0.05754469]
 [ 0.59642315 -0.79277849 -0.12562518 -0.46543   ]
 [ 0.          0.          0.          1.        ]]","[[ 0.38367117 -0.125543   -0.91489638  0.13244472]
 [ 0.80899847  0.52345093  0.26743334 -0.05794663]
 [ 0.44532898 -0.84275624  0.30239713 -0.46456077]
 [ 0.          0.          0.          1.        ]]"
single_object,91,177,12,50,16,0.913572014772261,0.9318834632745179,0.0023981514627419835,0.0016425570542966538,"[[ 0.40152849  0.57821503 -0.71024098  0.13215487]
 [ 0.53213206  0.48387654  0.69476541 -0.06098609]
 [ 0.74539275 -0.6569101  -0.11339654 -0.46442323]
 [ 0.          0.          0.          1.        ]]","[[ 0.48095531  0.48859057 -0.72798437  0.12949866]
 [ 0.60809708  0.41224762  0.6784319  -0.06311875]
 [ 0.63158526 -0.76898059 -0.09883782 -0.46486643]
 [ 0.          0.          0.          1.        ]]"
single_object,91,178,12,63,30,0.8012669265490358,0.8633565859663521,0.0024516818825298316,0.00172684237534869,"[[-0.48315973 -0.14278171 -0.86381135  0.12206288]
 [ 0.8460415   0.17777058 -0.50260462 -0.06617756]
 [ 0.22532299 -0.97365857  0.03490766 -0.46429232]
 [ 0.          0.          0.          1.        ]]","[[ 0.0713591  -0.20673175 -0.97579192  0.12803238]
 [ 0.81828963  0.57153408 -0.06124444 -0.07124319]
 [ 0.5703595  -0.79411006  0.2099506  -0.46409456]
 [ 0.          0.          0.          1.        ]]"
single_object,91,179,12,12,28,0.9212146081247435,0.8354534263438654,0.0020822622972262515,0.001457907799878425,"[[ 0.42798421  0.83884045  0.33641672  0.12756016]
 [-0.48951587 -0.09775316  0.86649785 -0.07671448]
 [ 0.75973925 -0.53552872  0.36878891 -0.46229751]
 [ 0.          0.          0.          1.        ]]","[[ 0.50693541  0.57786061  0.63960425  0.12698537]
 [-0.70974513 -0.14125936  0.69015045 -0.07849018]
 [ 0.48916085 -0.8038177   0.33852438 -0.46344962]
 [ 0.          0.          0.          1.        ]]"
single_object,91,180,12,64,30,0.8318629462453837,0.8986715223635617,0.0025497763720308798,0.001627723137967733,"[[ 0.9324416   0.33584178 -0.13327777  0.12143679]
 [ 0.19822074 -0.16706577  0.96581446 -0.08402337]
 [ 0.3020947  -0.92698399 -0.22234988 -0.46264873]
 [ 0.          0.          0.          1.        ]]","[[ 0.56441937  0.44973935  0.69221767  0.12038811]
 [-0.3860723  -0.59737629  0.70291518 -0.08715747]
 [ 0.72964303 -0.66398501 -0.16353884 -0.46345306]
 [ 0.          0.          0.          1.        ]]"
single_object,91,181,12,68,30,0.8902338941321297,0.8875410340582683,0.002173750941761043,0.0016555658740086932,"[[-0.94408989 -0.15152356  0.29280521  0.08861064]
 [-0.26014666 -0.20320371 -0.9439449  -0.11328811]
 [ 0.20252899 -0.96734113  0.15242422 -0.47133456]
 [ 0.          0.          0.          1.        ]]","[[-0.82745875 -0.31043444 -0.4679129   0.0891727 ]
 [ 0.39766419  0.26436334 -0.8786212  -0.11194361]
 [ 0.3964533  -0.913095   -0.0953011  -0.47244569]
 [ 0.          0.          0.          1.        ]]"
single_object,91,182,12,86,28,0.8796419778416086,0.7439474764054165,0.0020837166904062966,0.0014557006382719339,"[[ 0.71289687  0.69569017 -0.08827935  0.10120266]
 [ 0.12957221 -0.00695514  0.9915456  -0.10095232]
 [ 0.68919452 -0.7183083  -0.0951004  -0.47324359]
 [ 0.          0.          0.          1.        ]]","[[ 0.48354985  0.47063185  0.73802792  0.10261307]
 [-0.74451418 -0.22225063  0.62952625 -0.10328269]
 [ 0.46030227 -0.85387957  0.24292283 -0.47334584]
 [ 0.          0.          0.          1.        ]]"
single_object,91,183,12,35,30,0.8967224045958145,0.9634796881411571,0.0016218485134220897,0.0016450817790872397,"[[ 0.46536645  0.31372736 -0.82765283  0.10341266]
 [ 0.65217235  0.5106584   0.5602671  -0.09398866]
 [ 0.59841899 -0.8005018   0.03303898 -0.47425672]
 [ 0.          0.          0.          1.        ]]","[[ 0.60607933  0.44035843 -0.6623838   0.10427543]
 [ 0.68578606  0.13257172  0.71562715 -0.0912638 ]
 [ 0.40294581 -0.8879804  -0.22164269 -0.47578751]
 [ 0.          0.          0.          1.        ]]"
single_object,91,184,12,92,27,0.9294983586376693,0.7600789905621665,0.0019701530235685678,0.0017152866684505778,"[[-0.81115187 -0.21044676  0.54565997  0.10820599]
 [-0.25283434 -0.71513278 -0.65165935 -0.08796461]
 [ 0.52735893 -0.66655628  0.52687312 -0.47500352]
 [ 0.          0.          0.          1.        ]]","[[-0.36026114 -0.6857171   0.63245866  0.11218767]
 [ 0.17005545 -0.71489937 -0.67823302 -0.08765741]
 [ 0.91722028 -0.13678796  0.3741604  -0.47656222]
 [ 0.          0.          0.          1.        ]]"
single_object,91,185,12,19,28,0.5159263438654083,0.8069604021337711,0.0023420142179170125,0.0014335218464403081,"[[ 0.70415731  0.05901968  0.70758686  0.1130191 ]
 [-0.58927152  0.60454379  0.53599055 -0.08018964]
 [-0.39613325 -0.79438245  0.46047255 -0.4787565 ]
 [ 0.          0.          0.          1.        ]]","[[ 0.44324174  0.48722045  0.75243139  0.11396769]
 [-0.80024601 -0.16314884  0.5770518  -0.08136501]
 [ 0.40390974 -0.85790366  0.31758185 -0.47823596]
 [ 0.          0.          0.          1.        ]]"
single_object,91,186,12,73,30,0.8320937628231432,0.8610997127615921,0.002191171822180379,0.0018161990013568613,"[[ 0.09834727  0.33268355  0.9378963   0.11485111]
 [-0.13760603 -0.92886537  0.34390945 -0.07582164]
 [ 0.98559241 -0.16288275 -0.04557211 -0.48093424]
 [ 0.          0.          0.          1.        ]]","[[ 0.40638175  0.51798373  0.75269299  0.1155232 ]
 [-0.05442341 -0.80859777  0.58583935 -0.07292869]
 [ 0.91208112 -0.27903854 -0.30040893 -0.48064781]
 [ 0.          0.          0.          1.        ]]"
single_object,91,187,12,21,30,0.6182550266721378,0.9150594993844892,0.0020988526519886753,0.0017819237113080387,"[[ 0.45094907  0.82193035 -0.34795896  0.11506452]
 [-0.47487779  0.55103314  0.6861877  -0.07231201]
 [ 0.75573542 -0.14419772  0.63880435 -0.48206389]
 [ 0.          0.          0.          1.        ]]","[[ 0.64221221  0.49095381 -0.58866615  0.11454179]
 [ 0.60697179  0.14330042  0.78169702 -0.06685212]
 [ 0.46813324 -0.85931912 -0.20596584 -0.48198196]
 [ 0.          0.          0.          1.        ]]"
single_object,91,188,12,37,30,0.8335812474353713,0.8223738202708247,0.002463399198777631,0.0016979269988786798,"[[ 0.42933263  0.85653413 -0.28639619  0.11794948]
 [ 0.33798302  0.14169092  0.93042526 -0.0615613 ]
 [ 0.83752073 -0.49625897 -0.22866145 -0.48233607]
 [ 0.          0.          0.          1.        ]]","[[ 0.51607936  0.3042793  -0.80067234  0.11497716]
 [ 0.49456881  0.65734852  0.56859002 -0.06519169]
 [ 0.69933095 -0.68942514  0.18875696 -0.48132743]
 [ 0.          0.          0.          1.        ]]"
single_object,91,189,12,57,30,0.7622332786212557,0.8450707837505129,0.0020584831659186606,0.0017412113220300713,"[[-0.78471943  0.24219715  0.57057511  0.11721202]
 [-0.49474342 -0.79927803 -0.34115038 -0.05646389]
 [ 0.3734225  -0.54999561  0.74703445 -0.48185357]
 [ 0.          0.          0.          1.        ]]","[[-0.65766382 -0.12551251  0.74278187  0.11711913]
 [-0.13824067 -0.94916884 -0.28278618 -0.0580794 ]
 [ 0.74051861 -0.28866091  0.60688308 -0.4831922 ]
 [ 0.          0.          0.          1.        ]]"
single_object,91,190,12,34,30,0.7194809191629052,0.6499025441116126,0.0021957742353241575,0.001698014415801611,"[[-0.75258521 -0.6581426   0.02153649  0.12118383]
 [ 0.42645948 -0.51205452 -0.7456088  -0.05434921]
 [ 0.50174477 -0.55194971  0.66603581 -0.48356927]
 [ 0.          0.          0.          1.        ]]","[[-0.20547661 -0.96842356  0.14119199  0.12206628]
 [ 0.22661229 -0.18743049 -0.95578067 -0.05611372]
 [ 0.9520642  -0.16439473  0.25796926 -0.48415485]
 [ 0.          0.          0.          1.        ]]"
single_object,91,191,12,35,30,0.6570835043085761,0.7094275748871564,0.002299329294449445,0.001830601776796381,"[[-0.02596447 -0.34282003 -0.93904221  0.11638918]
 [ 0.9996424  -0.00289307 -0.02658387 -0.04263603]
 [ 0.00639677 -0.93939664  0.34277256 -0.48538368]
 [ 0.          0.          0.          1.        ]]","[[-0.80926648 -0.12219083 -0.57459305  0.11528538]
 [ 0.37076744  0.65244702 -0.66094204 -0.05176004]
 [ 0.45565258 -0.74791863 -0.48269912 -0.48669323]
 [ 0.          0.          0.          1.        ]]"
single_object,91,192,12,41,30,0.7699784571194092,0.7301241280262618,0.0020109887692899434,0.001602162440325078,"[[ 0.84197425  0.38843488  0.37442984  0.1239347 ]
 [-0.39627262 -0.02571888  0.9177726  -0.04445256]
 [ 0.36612481 -0.92111719  0.13227147 -0.4845274 ]
 [ 0.          0.          0.          1.        ]]","[[ 0.43793899  0.24018611  0.86632562  0.12358223]
 [-0.8120084  -0.30787466  0.49583822 -0.04602428]
 [ 0.38581316 -0.92061057  0.06020283 -0.48581609]
 [ 0.          0.          0.          1.        ]]"
single_object,91,193,12,51,16,0.6533647927780057,0.6015849405006155,0.002850949714065236,0.0015782221680676514,"[[-0.11482173 -0.64020985 -0.75957048  0.11736886]
 [ 0.10399191  0.75267982 -0.65012212 -0.04078074]
 [ 0.98792796 -0.15363734 -0.01984736 -0.48422846]
 [ 0.          0.          0.          1.        ]]","[[ 0.00283693 -0.72325743 -0.69057269  0.12175543]
 [ 0.30166958  0.65902202 -0.68897419 -0.04404892]
 [ 0.95340832 -0.2063702   0.22005436 -0.48694868]
 [ 0.          0.          0.          1.        ]]"
single_object,91,194,12,20,30,0.5806832170701682,0.6627769798933114,0.001919531124298143,0.0015977238846791098,"[[ 0.32971261  0.07979408  0.94070319  0.12442398]
 [-0.94397653  0.01301642  0.3297558  -0.03669304]
 [ 0.01406797 -0.99672638  0.07961542 -0.48767444]
 [ 0.          0.          0.          1.        ]]","[[ 0.55558097  0.09707239  0.82577645  0.12512222]
 [-0.78099933 -0.27980208  0.55834653 -0.03681547]
 [ 0.285254   -0.95513756 -0.07963924 -0.48735244]
 [ 0.          0.          0.          1.        ]]"
single_object,91,195,12,34,30,0.41652133771029953,0.6410545752974969,0.0019277931564493798,0.0016982180429807572,"[[ 0.50663677  0.52166418  0.68642965  0.123591  ]
 [-0.73697239  0.67522097  0.03079516 -0.02994007]
 [-0.44742697 -0.52148166  0.72654387 -0.48830287]
 [ 0.          0.          0.          1.        ]]","[[ 0.55687001  0.43061132  0.71026029  0.12391561]
 [-0.81996378  0.14859662  0.5527915  -0.03176286]
 [ 0.132496   -0.89022072  0.43583469 -0.48709367]
 [ 0.          0.          0.          1.        ]]"
single_object,91,196,12,13,30,0.6068680755026672,0.5040777595404186,0.0023309947512535913,0.0017862832737857463,"[[-0.72685674 -0.12276977  0.67572691  0.10004765]
 [-0.2062872  -0.89943402 -0.38531031 -0.03729789]
 [ 0.65507623 -0.41945921  0.62843385 -0.50576994]
 [ 0.          0.          0.          1.        ]]","[[ 0.46544187 -0.37417136  0.80209704  0.10713128]
 [-0.88474141 -0.22170036  0.40997754 -0.04519579]
 [ 0.02442336 -0.90046918 -0.43423352 -0.51151648]
 [ 0.          0.          0.          1.        ]]"
single_object,91,197,12,14,30,0.6293855149774312,0.5447527697989332,0.002391949046148795,0.001559375567881944,"[[ 0.06199824  0.09608106 -0.99344081  0.09780295]
 [ 0.91677151  0.38801322  0.09474036 -0.03931023]
 [ 0.39457093 -0.91663197 -0.06402824 -0.50466189]
 [ 0.          0.          0.          1.        ]]","[[ 0.96642666  0.02329624 -0.25588433  0.1027045 ]
 [ 0.10980373  0.86291834  0.49326979 -0.0497485 ]
 [ 0.23229861 -0.50480613  0.83138927 -0.50729906]
 [ 0.          0.          0.          1.        ]]"
single_object,91,198,12,21,30,0.7835196963479688,0.7189167008617152,0.002547521630028489,0.0016674175608449716,"[[ 0.72900108  0.68323298 -0.04183444  0.10251382]
 [ 0.15297294 -0.10304058  0.98284379 -0.04718974]
 [ 0.66720065 -0.72289372 -0.17963285 -0.50668537]
 [ 0.          0.          0.          1.        ]]","[[ 0.51227785  0.25783102  0.81920362  0.10244009]
 [-0.80926316 -0.17441631  0.56095641 -0.05464588]
 [ 0.28751444 -0.95031685  0.11930353 -0.50678609]
 [ 0.          0.          0.          1.        ]]"
single_object,91,199,12,32,30,0.6558524825605252,0.6900133360689372,0.0025406620959920224,0.001721557037110411,"[[ 0.61977469  0.44820853 -0.64419597  0.10141209]
 [ 0.63337942  0.19899086  0.74781892 -0.05323298]
 [ 0.46336793 -0.87149971 -0.16055657 -0.50408195]
 [ 0.          0.          0.          1.        ]]","[[ 0.747111    0.1437179  -0.64897636  0.09825191]
 [ 0.26830057  0.82807243  0.49225081 -0.05946365]
 [ 0.60814468 -0.54188672  0.58010243 -0.5024925 ]
 [ 0.          0.          0.          1.        ]]"
single_object,91,200,12,32,30,0.5861715223635617,0.8784109560935577,0.0025298995948190273,0.0018104259595102467,"[[-0.14583902 -0.24083183 -0.95954729  0.09305604]
 [ 0.97120367  0.14985431 -0.1852218  -0.05381895]
 [ 0.1883996  -0.95892842  0.21204215 -0.50059496]
 [ 0.          0.          0.          1.        ]]","[[-0.48699616 -0.19991979 -0.85021574  0.0948566 ]
 [ 0.84041321  0.15775816 -0.51847662 -0.06344802]
 [ 0.23778221 -0.96702866  0.09118761 -0.50297769]
 [ 0.          0.          0.          1.        ]]"
single_object,91,201,12,62,30,0.8132693885925318,0.5475482150184653,0.0019733954093993887,0.0018708789275716615,"[[ 0.55174991  0.50409039 -0.66442826  0.09253778]
 [ 0.35515107  0.57881415  0.73405851 -0.06906245]
 [ 0.75461232 -0.64098912  0.14033242 -0.50050939]
 [ 0.          0.          0.          1.        ]]","[[-0.29485916  0.59642319 -0.74655037  0.0918911 ]
 [-0.33770549  0.66582159  0.66530941 -0.06939191]
 [ 0.89387531  0.44828674  0.0050918  -0.50299453]
 [ 0.          0.          0.          1.        ]]"
single_object,91,202,12,46,30,0.6660853508411982,0.8016516208453016,0.0019954904414814633,0.0018038981429737313,"[[-0.20703553  0.07104468 -0.97575045  0.09602044]
 [ 0.59771243  0.79876467 -0.06866483 -0.07718601]
 [ 0.77451671 -0.59743423 -0.20783695 -0.49981987]
 [ 0.          0.          0.          1.        ]]","[[ 0.57527973  0.10327752 -0.81141049  0.09485675]
 [ 0.62267264  0.58796965  0.51630463 -0.07575497]
 [ 0.53040741 -0.8022627   0.27393894 -0.49808831]
 [ 0.          0.          0.          1.        ]]"
single_object,91,203,12,43,30,0.8433011899876898,0.8617921624948708,0.0028035156268996367,0.001703772678826058,"[[-0.41118533 -0.12269038 -0.90325727  0.08733253]
 [ 0.89984507  0.10366427 -0.42371283 -0.07792398]
 [ 0.14562099 -0.9870161   0.06777711 -0.49624946]
 [ 0.          0.          0.          1.        ]]","[[-0.23661314 -0.39432326 -0.8879884   0.09330457]
 [ 0.97108429 -0.06609014 -0.22940663 -0.07896033]
 [ 0.03177309 -0.9165922   0.39855891 -0.49782183]
 [ 0.          0.          0.          1.        ]]"
single_object,91,204,12,34,30,0.6347199425523185,0.8322476405416496,0.0022543337248695366,0.0016765251049095534,"[[-0.8739936   0.34855672  0.3385903   0.09201126]
 [-0.24379031  0.28823321 -0.92600642 -0.0849034 ]
 [-0.42035873 -0.89186873 -0.16693923 -0.49514064]
 [ 0.          0.          0.          1.        ]]","[[-0.04871306  0.35839883  0.9322968   0.09464404]
 [-0.88765563 -0.44347086  0.12410106 -0.08754187]
 [ 0.45792414 -0.82151316  0.33973756 -0.49468726]
 [ 0.          0.          0.          1.        ]]"
single_object,91,205,12,12,30,0.8147825194911776,0.9208299138284777,0.0024591550216514,0.0015101536500137596,"[[ 0.18177159  0.59512295 -0.78280762  0.09191239]
 [ 0.90239451  0.21533677  0.3732482  -0.08700737]
 [ 0.39069583 -0.77424722 -0.49789357 -0.49441769]
 [ 0.          0.          0.          1.        ]]","[[ 0.50824611  0.45425193 -0.73167006  0.08981126]
 [ 0.69410075  0.28686965  0.66024992 -0.0913358 ]
 [ 0.50981374 -0.84342219 -0.16949622 -0.49303697]
 [ 0.          0.          0.          1.        ]]"
single_object,91,206,12,25,30,0.8450707837505129,0.7445116947066065,0.0024852447788052735,0.0016504972130846117,"[[-0.97445033 -0.21658986  0.05945906  0.08259542]
 [ 0.08281978 -0.59257263 -0.80124812 -0.09972003]
 [ 0.20877603 -0.77585212  0.59537053 -0.48814156]
 [ 0.          0.          0.          1.        ]]","[[-0.9537771   0.08300598 -0.2888239   0.08361426]
 [ 0.29423371  0.06246388 -0.95369009 -0.09889186]
 [-0.06112092 -0.9945895  -0.08399978 -0.49179913]
 [ 0.          0.          0.          1.        ]]"
single_object,91,207,12,23,30,0.8046265900697579,0.6560832991382848,0.002417507900929216,0.0017789002143632196,"[[ 0.85433918  0.47407872 -0.21296461  0.08834241]
 [ 0.38498065 -0.3020062   0.87211361 -0.10087793]
 [ 0.34913388 -0.82706808 -0.44052687 -0.49007793]
 [ 0.          0.          0.          1.        ]]","[[ 0.98854808 -0.02907428 -0.14807896  0.0870256 ]
 [ 0.12621395  0.6971844   0.70569395 -0.10414115]
 [ 0.08272079 -0.71630203  0.69286988 -0.48708154]
 [ 0.          0.          0.          1.        ]]"
single_object,91,208,12,27,30,0.6991690603200656,0.7442039392695937,0.002805138153625536,0.0017575483010180432,"[[-0.86127472  0.12367952  0.49285824  0.08297498]
 [-0.37460655 -0.80988515 -0.45139337 -0.10720078]
 [ 0.34333045 -0.57340162  0.74386476 -0.48305262]
 [ 0.          0.          0.          1.        ]]","[[ 0.15510256 -0.29037844  0.94425821  0.08250879]
 [-0.07877272 -0.95641704 -0.28117842 -0.10954406]
 [ 0.98475279 -0.03077029 -0.17121663 -0.48596502]
 [ 0.          0.          0.          1.        ]]"
single_object,91,209,12,27,30,0.8911315141567501,0.7961376692654903,0.002130099371499312,0.0016728939103429759,"[[-0.90957575 -0.32115112 -0.26369285  0.07122571]
 [ 0.34950528 -0.24802095 -0.90351074 -0.11572091]
 [ 0.22476213 -0.9139735   0.33783786 -0.48099821]
 [ 0.          0.          0.          1.        ]]","[[-0.89041943 -0.20709662 -0.40529524  0.07029205]
 [ 0.35096616  0.25454479 -0.90112691 -0.11820291]
 [ 0.28978613 -0.94462582 -0.15396772 -0.48284241]
 [ 0.          0.          0.          1.        ]]"
single_object,91,210,12,57,30,0.8487894952810833,0.752154288059089,0.0021907546423542757,0.0017563011010847903,"[[-0.97809807 -0.09149064  0.1869589   0.05811251]
 [-0.09853561 -0.58766492 -0.80308199 -0.12581946]
 [ 0.18334367 -0.80391505  0.56577884 -0.48052035]
 [ 0.          0.          0.          1.        ]]","[[-0.91958228 -0.0912052   0.38216493  0.06121559]
 [-0.35003589 -0.25159551 -0.90231623 -0.12738568]
 [ 0.17844692 -0.96352546  0.19943768 -0.48012098]
 [ 0.          0.          0.          1.        ]]"
single_object,91,211,12,21,30,0.8149876897825195,0.8760771440295445,0.0027110623838239377,0.0016534796255403593,"[[-0.75450703 -0.65626282  0.00618394  0.02825549]
 [ 0.49104647 -0.57075871 -0.6581093  -0.13190329]
 [ 0.43542221 -0.4935115   0.75289701 -0.48276859]
 [ 0.          0.          0.          1.        ]]","[[-0.4712561  -0.88118677 -0.03778324  0.03487262]
 [ 0.58026652 -0.27749363 -0.76569449 -0.1324707 ]
 [ 0.66423525 -0.38276255  0.64209374 -0.48512885]
 [ 0.          0.          0.          1.        ]]"
single_object,91,212,12,29,30,0.8343506360279032,0.8705118998768978,0.0022822648185572268,0.0018024770285780098,"[[-0.41559351 -0.89437876  0.16543481  0.04403959]
 [ 0.40061604 -0.34328983 -0.84950508 -0.12431621]
 [ 0.81657138 -0.28677296  0.5009715  -0.48817842]
 [ 0.          0.          0.          1.        ]]","[[-0.55422719 -0.77380641 -0.3066853   0.04466186]
 [ 0.47085963  0.01236805 -0.88212144 -0.12727788]
 [ 0.68638432 -0.63330141  0.35749949 -0.48928848]
 [ 0.          0.          0.          1.        ]]"
single_object,91,213,12,26,30,0.7077092736971686,0.7363561756257694,0.0020290990671935883,0.0013985865595372046,"[[ 0.73549993 -0.09559584  0.67074682  0.05333508]
 [-0.4692013  -0.78604637  0.40246894 -0.12093642]
 [ 0.48876375 -0.61073115 -0.62299074 -0.49609723]
 [ 0.          0.          0.          1.        ]]","[[ 0.31518279  0.15497373  0.93629213  0.05554314]
 [-0.85779909 -0.37554754  0.35091988 -0.12188079]
 [ 0.40600557 -0.91375444  0.01457021 -0.49369162]
 [ 0.          0.          0.          1.        ]]"
single_object,91,214,12,46,30,0.7671573656134592,0.6399517849815347,0.002348989085543528,0.0017943671167612572,"[[ 0.30925633 -0.79053013 -0.52860442  0.05825616]
 [ 0.9365933   0.3495068   0.0252585  -0.11204739]
 [ 0.16478323 -0.50289871  0.84849241 -0.49589434]
 [ 0.          0.          0.          1.        ]]","[[ 0.0494789  -0.94075755  0.33545054  0.0608104 ]
 [ 0.77368515 -0.17630078 -0.60854689 -0.11488129]
 [ 0.63163528  0.28964333  0.71912698 -0.49756091]
 [ 0.          0.          0.          1.        ]]"
single_object,91,215,12,41,30,0.8309140336479278,0.7919316782929832,0.0018038722501589502,0.0015978913484419577,"[[-0.65563974 -0.7549492  -0.01371962  0.06294231]
 [ 0.58472133 -0.49614051 -0.64182985 -0.10894534]
 [ 0.47774207 -0.42883131  0.76672434 -0.4996906 ]
 [ 0.          0.          0.          1.        ]]","[[-0.35141788 -0.88152228 -0.31531562  0.06240723]
 [ 0.51873908  0.09703382 -0.84940815 -0.11040472]
 [ 0.77936849 -0.46206374  0.42318064 -0.49960151]
 [ 0.          0.          0.          1.        ]]"
single_object,91,216,12,19,30,0.36879359868691014,0.3717685679113664,0.0025267302267863224,0.0019249152352761015,"[[ 0.63979372 -0.72923634 -0.24264864  0.06209864]
 [-0.7034341  -0.42845644 -0.56710277 -0.0997372 ]
 [ 0.30958757  0.53351611 -0.78709345 -0.5040794 ]
 [ 0.          0.          0.          1.        ]]","[[ 0.74879155 -0.66118996  0.04624995  0.06850017]
 [-0.17687904 -0.26658699 -0.94744139 -0.10485599]
 [ 0.63876837  0.70125545 -0.31656873 -0.50803146]
 [ 0.          0.          0.          1.        ]]"
single_object,91,217,12,60,30,0.7989331144850226,0.9245742716454657,0.0026715749183672606,0.0016095023366858039,"[[-0.43662035  0.50697656  0.74319408  0.06702419]
 [-0.57232201 -0.79390494  0.205335   -0.1015937 ]
 [ 0.69412548 -0.33569289  0.6367889  -0.50674353]
 [ 0.          0.          0.          1.        ]]","[[-0.46086475  0.05859594  0.88553385  0.06811023]
 [-0.25310176 -0.96505635 -0.06786561 -0.09631506]
 [ 0.85061342 -0.25540705  0.45959118 -0.50702043]
 [ 0.          0.          0.          1.        ]]"
single_object,91,218,12,64,30,0.879872794419368,0.8900287238407879,0.001932862426230246,0.0016867469473186374,"[[ 0.82442918  0.46200364 -0.32690848  0.06744821]
 [ 0.26894092  0.18843308  0.94454421 -0.08904638]
 [ 0.49798324 -0.86662888  0.03109804 -0.50903639]
 [ 0.          0.          0.          1.        ]]","[[ 0.54225468  0.42074531 -0.72727797  0.06810981]
 [ 0.53930165  0.48945829  0.68526222 -0.09020743]
 [ 0.6442931  -0.76380886  0.03850241 -0.51002341]
 [ 0.          0.          0.          1.        ]]"
single_object,91,219,12,44,30,0.8316577759540419,0.7443065244152647,0.001944096992475836,0.001620273772197652,"[[ 0.42584205  0.36665319  0.82717833  0.0739324 ]
 [-0.61816395 -0.54968398  0.56189043 -0.08753341]
 [ 0.66070559 -0.75060839 -0.00742677 -0.51321457]
 [ 0.          0.          0.          1.        ]]","[[ 0.52605415  0.14701144  0.83764829  0.07489873]
 [-0.75228757 -0.37893815  0.53895203 -0.08757274]
 [ 0.39664901 -0.91367035 -0.08874711 -0.51363737]
 [ 0.          0.          0.          1.        ]]"
single_object,91,220,12,22,30,0.8555344686089454,0.886822938038572,0.002091057589748909,0.0017482632830274872,"[[-0.23797281  0.20329651 -0.94975758  0.07039074]
 [ 0.87567755  0.46794096 -0.11924799 -0.0778487 ]
 [ 0.42018778 -0.86005917 -0.28937942 -0.51530145]
 [ 0.          0.          0.          1.        ]]","[[ 0.2428041   0.07233022 -0.96737506  0.07092609]
 [ 0.74727658  0.62192654  0.23406217 -0.07892043]
 [ 0.61856599 -0.77972798  0.09695563 -0.51514171]
 [ 0.          0.          0.          1.        ]]"
single_object,91,221,12,47,30,0.780878128846943,0.4499128026261797,0.002556786117045302,0.0018167796824312386,"[[-0.61466169 -0.78177243 -0.10498989  0.07104487]
 [ 0.56836898 -0.34666563 -0.74617668 -0.0734127 ]
 [ 0.54694397 -0.51831921  0.65741728 -0.51493805]
 [ 0.          0.          0.          1.        ]]","[[ 0.82496064 -0.44010474  0.35460931  0.07809997]
 [-0.54333005 -0.79034424  0.28310498 -0.07293415]
 [ 0.15566758 -0.42622036 -0.89112502 -0.521181  ]
 [ 0.          0.          0.          1.        ]]"
single_object,91,222,12,24,30,0.7663623307345097,0.7983945424702503,0.0023794817896845588,0.0018926947601367063,"[[ 0.85724178  0.41704149 -0.30201479  0.07714894]
 [ 0.24774633  0.18012455  0.95193324 -0.06341796]
 [ 0.45139594 -0.89086     0.05108979 -0.51947228]
 [ 0.          0.          0.          1.        ]]","[[ 0.62498373  0.78061296 -0.00622377  0.07353413]
 [-0.21511168  0.17987835  0.95988059 -0.0656763 ]
 [ 0.75041475 -0.59857095  0.28034001 -0.51915748]
 [ 0.          0.          0.          1.        ]]"
single_object,91,223,12,33,30,0.6033288879770209,0.5494203939269594,0.002414973910626268,0.0020272034454027745,"[[ 0.45429778  0.22864102  0.86100918  0.07732718]
 [-0.83756836 -0.21961508  0.50024839 -0.0665355 ]
 [ 0.3034679  -0.94841579  0.09173184 -0.52417838]
 [ 0.          0.          0.          1.        ]]","[[-0.17032687 -0.66701224  0.72531608  0.07945211]
 [-0.90581875 -0.18378557 -0.38172668 -0.06642087]
 [ 0.387919   -0.72202322 -0.57288858 -0.52477493]
 [ 0.          0.          0.          1.        ]]"
single_object,91,224,12,37,30,0.5797599507591301,0.7664649158801805,0.002538638528224057,0.0019815782424842934,"[[-0.4016536  -0.27443923 -0.87370332  0.0679194 ]
 [ 0.89385988  0.09005888 -0.43920828 -0.04801049]
 [ 0.19922073 -0.95737793  0.20913775 -0.52210894]
 [ 0.          0.          0.          1.        ]]","[[ 0.07170921 -0.17951386 -0.9811384   0.07330084]
 [ 0.88601495  0.46322524 -0.01999709 -0.05402871]
 [ 0.45807782 -0.86786932  0.19226948 -0.52342846]
 [ 0.          0.          0.          1.        ]]"
single_object,91,225,12,44,30,0.6254872794419368,0.5281852687730817,0.0018059400607936804,0.001843283746327225,"[[ 0.62247233  0.39564105  0.67527503  0.07984324]
 [-0.76168035  0.10789337  0.63890693 -0.05175945]
 [ 0.17992011 -0.9120456   0.36851265 -0.52700412]
 [ 0.          0.          0.          1.        ]]","[[-0.07998759 -0.33733739  0.93797946  0.08145081]
 [-0.98886421 -0.09161768 -0.11727648 -0.05544912]
 [ 0.12549724 -0.93691498 -0.3262526  -0.52835022]
 [ 0.          0.          0.          1.        ]]"
single_object,91,226,12,52,30,0.7380744768157571,0.6386694706606484,0.002463217261534918,0.0019397843043924856,"[[ 0.15494836 -0.34717625 -0.92491062  0.05146464]
 [ 0.74502223  0.65590146 -0.12138842 -0.05247175]
 [ 0.6487934  -0.67027004  0.36028488 -0.53815726]
 [ 0.          0.          0.          1.        ]]","[[ 0.36537174  0.66197924 -0.65443638  0.04848534]
 [ 0.56933075  0.39729762  0.71973404 -0.05379632]
 [ 0.73645501 -0.63556124 -0.23172382 -0.54145251]
 [ 0.          0.          0.          1.        ]]"
single_object,91,227,12,39,30,0.6397209684037751,0.6626487484612228,0.0026631839151518405,0.002022845100882482,"[[ 0.95702203  0.22473134  0.18331574  0.05153742]
 [-0.24515031  0.28914924  0.92536157 -0.05517304]
 [ 0.15495214 -0.93053132  0.33181515 -0.53692553]
 [ 0.          0.          0.          1.        ]]","[[ 0.7031101   0.6622106  -0.25906235  0.05133466]
 [-0.16442894  0.50585947  0.84679945 -0.06138243]
 [ 0.69180872 -0.5527959   0.4645615  -0.53897423]
 [ 0.          0.          0.          1.        ]]"
single_object,91,228,12,26,30,0.7228149363972097,0.7511540828887977,0.0023233838202553034,0.0018800537291446533,"[[ 0.90631656  0.32538543 -0.26965646  0.05292976]
 [ 0.14100909  0.36867562  0.9188007  -0.06131012]
 [ 0.39838013 -0.8707483   0.28825452 -0.53472181]
 [ 0.          0.          0.          1.        ]]","[[ 0.86016743  0.46652941 -0.20606382  0.05054997]
 [-0.05509127  0.48666652  0.87184899 -0.0658924 ]
 [ 0.50702756 -0.73858379  0.44431638 -0.536399  ]
 [ 0.          0.          0.          1.        ]]"
single_object,91,229,12,48,27,0.6689577349199836,0.690038982355355,0.002492026354678859,0.0017449327397858184,"[[-0.51356556 -0.09296456 -0.85299942  0.04814812]
 [ 0.39750692  0.85522469 -0.33253417 -0.06750273]
 [ 0.76042006 -0.50985127 -0.4022599  -0.53237535]
 [ 0.          0.          0.          1.        ]]","[[-0.5574079  -0.50444155 -0.65942031  0.04841057]
 [ 0.17927189  0.70238769 -0.68884912 -0.07552647]
 [ 0.81065283 -0.50218547 -0.30108426 -0.53452398]
 [ 0.          0.          0.          1.        ]]"
single_object,91,230,12,39,30,0.8139361920393927,0.8002410750923267,0.0018039558802439455,0.001716816233963023,"[[-0.73499085 -0.28164255  0.6168192   0.0494467 ]
 [-0.06586427 -0.87570477 -0.47833362 -0.07880417]
 [ 0.67487062 -0.39219717  0.62508481 -0.53017424]
 [ 0.          0.          0.          1.        ]]","[[-0.31308588 -0.23198501  0.92095613  0.0501801 ]
 [-0.42868805 -0.83078114 -0.355006   -0.07962466]
 [ 0.84746905 -0.50595025  0.16065664 -0.53086002]
 [ 0.          0.          0.          1.        ]]"
single_object,91,231,12,27,30,0.612894952810833,0.8283237587197374,0.0026839096964448896,0.001992557582398113,"[[ 0.32576838  0.18516668 -0.92713983  0.04847563]
 [ 0.85622663 -0.47363895  0.20625735 -0.08596974]
 [-0.40093755 -0.86103394 -0.31284123 -0.53027935]
 [ 0.          0.          0.          1.        ]]","[[ 0.27202697 -0.25711908 -0.92730314  0.04614036]
 [ 0.85375438  0.50907531  0.10929677 -0.08496149]
 [ 0.44396485 -0.82142078  0.35799876 -0.5272875 ]
 [ 0.          0.          0.          1.        ]]"
single_object,91,232,12,50,30,0.6950400082068117,0.6505949938448913,0.0024087337077005576,0.0019134750695773948,"[[ 0.18206918  0.69169229  0.69886522  0.04927662]
 [-0.31939016 -0.63060371  0.7073393  -0.0933639 ]
 [ 0.92996814 -0.35199536  0.10610621 -0.52705706]
 [ 0.          0.          0.          1.        ]]","[[-0.2704612   0.94765287  0.16971972  0.0432668 ]
 [-0.82318992 -0.31905012  0.46964389 -0.09046715]
 [ 0.49920847 -0.01269111  0.86638896 -0.52487819]
 [ 0.          0.          0.          1.        ]]"
single_object,91,233,12,49,30,0.8113972096840377,0.7770568321707017,0.0022547745389839375,0.0017055457918088064,"[[-0.69312708 -0.61971771  0.36813694  0.04304152]
 [-0.15653902 -0.36911997 -0.9161037  -0.097497  ]
 [ 0.70361238 -0.69260408  0.15883705 -0.51988184]
 [ 0.          0.          0.          1.        ]]","[[-0.61083981 -0.68410372  0.39859356  0.04489751]
 [ 0.41418247 -0.70514964 -0.57551444 -0.09665861]
 [ 0.67477967 -0.18645666  0.71407724 -0.52138759]
 [ 0.          0.          0.          1.        ]]"
single_object,91,234,12,61,30,0.6065603200656545,0.8661520311858842,0.002013275358964908,0.0015497747638119287,"[[ 0.96524268  0.23488405  0.11461259  0.04677537]
 [-0.21824405  0.48311547  0.84792038 -0.1063367 ]
 [ 0.14379185 -0.84346246  0.51758572 -0.51691285]
 [ 0.          0.          0.          1.        ]]","[[ 0.6563453   0.72229122 -0.21795928  0.04140384]
 [ 0.13009584  0.17621526  0.97571679 -0.10206284]
 [ 0.74315942 -0.66876272  0.02169098 -0.51707703]
 [ 0.          0.          0.          1.        ]]"
single_object,91,235,12,65,30,0.8359919983586377,0.8377359458350431,0.0019587597858413833,0.0017192165124192708,"[[-0.2470188  -0.60339804 -0.75821667  0.03807792]
 [ 0.93657224 -0.34942956 -0.02704483 -0.10739316]
 [-0.24862452 -0.71680527  0.65144152 -0.51490022]
 [ 0.          0.          0.          1.        ]]","[[-0.72426368 -0.23082399 -0.64974026  0.0376395 ]
 [ 0.55778565  0.35783533 -0.74888521 -0.11114497]
 [ 0.40536069 -0.90480615 -0.13041682 -0.51407429]
 [ 0.          0.          0.          1.        ]]"
single_object,91,236,12,20,24,0.6912443578169881,0.698579195732458,0.0016738697577361888,0.001419219898015297,"[[ 0.12016028  0.13695748  0.983262    0.03748146]
 [-0.92233055 -0.35098574  0.16160252 -0.11831752]
 [ 0.36724361 -0.92631078  0.08414553 -0.50850934]
 [ 0.          0.          0.          1.        ]]","[[ 0.12970647  0.04263216  0.99063552  0.03838957]
 [-0.89630643 -0.42221736  0.13552591 -0.11723134]
 [ 0.42404128 -0.90549158 -0.01655284 -0.50940992]
 [ 0.          0.          0.          1.        ]]"
single_object,91,237,12,30,30,0.5926600328272467,0.913289905621666,0.002763994662299901,0.0017859685159159271,"[[-0.20273762 -0.57202672  0.7947848   0.02559874]
 [-0.19182657 -0.77271452 -0.60507425 -0.1222676 ]
 [ 0.96026039 -0.27513216  0.04692837 -0.50071446]
 [ 0.          0.          0.          1.        ]]","[[-0.35774697 -0.2834579   0.88975768  0.03245   ]
 [-0.07266079 -0.941478   -0.32914979 -0.11828897]
 [ 0.93098739 -0.18240283  0.31621463 -0.50556071]
 [ 0.          0.          0.          1.        ]]"
single_object,91,238,12,55,30,0.8806421830118999,0.7537700041034058,0.0020070561685991725,0.0017661709609203338,"[[ 0.71639679  0.59710816  0.36088431  0.02642466]
 [-0.26746797 -0.24269065  0.93250316 -0.12068387]
 [ 0.64438849 -0.76456726 -0.01415549 -0.5014973 ]
 [ 0.          0.          0.          1.        ]]","[[ 0.65975312  0.07291868  0.74793628  0.02949773]
 [-0.66376772 -0.41009201  0.62548937 -0.1249051 ]
 [ 0.35233255 -0.90912453 -0.22215841 -0.50182098]
 [ 0.          0.          0.          1.        ]]"
single_object,91,239,12,78,30,0.9161622897004513,0.8665880180549856,0.00247233744426701,0.0016848168783624123,"[[ 0.87295409  0.44229435 -0.20573494  0.01781236]
 [ 0.21062269  0.03865867  0.97680274 -0.12336273]
 [ 0.43998777 -0.89603639 -0.05940998 -0.49425698]
 [ 0.          0.          0.          1.        ]]","[[ 0.90211991  0.4312943   0.01284109  0.02011439]
 [ 0.04935474 -0.13270665  0.98992578 -0.12665243]
 [ 0.42865345 -0.89239799 -0.14100373 -0.49624497]
 [ 0.          0.          0.          1.        ]]"
single_object,91,240,12,45,26,0.8225020517029135,0.7810832991382848,0.00233717837684594,0.0016504353641673343,"[[-0.42002856 -0.02050363  0.90727924  0.01420674]
 [-0.60622365 -0.73762574 -0.2973233  -0.13171447]
 [ 0.67532873 -0.67489841  0.29739409 -0.49229741]
 [ 0.          0.          0.          1.        ]]","[[-0.14100016  0.19628761  0.97035567  0.0115282 ]
 [-0.91354986 -0.40350091 -0.05112398 -0.13537753]
 [ 0.3815044  -0.89367678  0.23621222 -0.49174121]
 [ 0.          0.          0.          1.        ]]"
single_object,91,241,12,44,30,0.8159878949528109,0.708991588018055,0.002400948382161874,0.0016306577085897316,"[[-0.30547024 -0.9511883  -0.04391747 -0.00703403]
 [ 0.81580297 -0.23764821 -0.52724648 -0.1320442 ]
 [ 0.49107377 -0.19688611  0.8485767  -0.49562941]
 [ 0.          0.          0.          1.        ]]","[[-0.16844308 -0.98026471  0.10347962 -0.00709185]
 [ 0.48924592 -0.17427863 -0.85455567 -0.13564504]
 [ 0.85572505 -0.093317    0.50894654 -0.49697699]
 [ 0.          0.          0.          1.        ]]"
single_object,91,242,12,42,30,0.6237946245383669,0.6703939269593763,0.002468726890466869,0.001572495851542588,"[[-0.68389305  0.35911299 -0.63508122 -0.00281467]
 [ 0.72821754  0.28277685 -0.62428877 -0.13365585]
 [-0.04460394 -0.88942403 -0.4549015  -0.50023871]
 [ 0.          0.          0.          1.        ]]","[[-0.04572428 -0.50776594 -0.86028079 -0.00186048]
 [ 0.66385941  0.62806385 -0.40598829 -0.13189401]
 [ 0.74645829 -0.58966902  0.30836743 -0.50087233]
 [ 0.          0.          0.          1.        ]]"
single_object,91,243,12,44,21,0.9685063602790316,0.9583760771440295,0.001802878071077644,0.001649056586872483,"[[-0.62054477 -0.19950743 -0.75836731 -0.00274707]
 [ 0.76909353  0.03388956 -0.63823714 -0.12246462]
 [ 0.15303379 -0.97931011  0.13240988 -0.50680905]
 [ 0.          0.          0.          1.        ]]","[[-0.56117609 -0.22306647 -0.79707136 -0.00154092]
 [ 0.80909253  0.05518772 -0.58508427 -0.12274139]
 [ 0.17450123 -0.97323978  0.14951138 -0.50753475]
 [ 0.          0.          0.          1.        ]]"
single_object,91,244,12,31,30,0.7449733278621256,0.5918649979482971,0.0018591529251753868,0.0017338918001417714,"[[-0.48740208 -0.69414205  0.5297226   0.00992546]
 [ 0.0319048  -0.62041314 -0.78362595 -0.12179611]
 [ 0.87259458 -0.36504022  0.32453711 -0.51206882]
 [ 0.          0.          0.          1.        ]]","[[ 0.06306546 -0.93459456  0.35007964  0.01009427]
 [ 0.27117886 -0.32153311 -0.90723673 -0.12175769]
 [ 0.96046071  0.1521495   0.23316466 -0.51256891]
 [ 0.          0.          0.          1.        ]]"
single_object,91,245,12,18,17,0.7474353713582274,0.7819552728764875,0.0021434259413283287,0.0016971834454699729,"[[ 0.55013559  0.77219164  0.31791649  0.00987078]
 [-0.48471213 -0.01473256  0.87454965 -0.11683209]
 [ 0.68000366 -0.63521887  0.36618575 -0.5165246 ]
 [ 0.          0.          0.          1.        ]]","[[ 0.25648485  0.84361321  0.47173327  0.01112689]
 [-0.7430646  -0.14001824  0.65440804 -0.11506733]
 [ 0.61811853 -0.51837404  0.59094656 -0.51606475]
 [ 0.          0.          0.          1.        ]]"
single_object,91,246,12,42,30,0.8378128846942963,0.8534314731226919,0.0023346857033121264,0.0019301543724154389,"[[-0.781467   -0.42350787 -0.45820346  0.00957206]
 [ 0.45424586  0.11728585 -0.88312215 -0.11099506]
 [ 0.42774996 -0.89826784  0.10072167 -0.52010918]
 [ 0.          0.          0.          1.        ]]","[[ 0.38617042 -0.08765623 -0.91825312  0.01239627]
 [ 0.87808371  0.33987113  0.3368332  -0.1085942 ]
 [ 0.2825622  -0.93637813  0.20821768 -0.52119121]
 [ 0.          0.          0.          1.        ]]"
single_object,91,247,12,57,30,0.8157827246614691,0.7123512515387772,0.0020516947325266706,0.0015245884684621672,"[[-0.74253908 -0.66445964  0.08443403  0.02018544]
 [ 0.26840712 -0.41067495 -0.87138034 -0.10547333]
 [ 0.61367201 -0.62437126  0.4832879  -0.52433239]
 [ 0.          0.          0.          1.        ]]","[[-0.37160982 -0.78970817  0.48812617  0.01924581]
 [ 0.18868132 -0.57904717 -0.7931606  -0.10511542]
 [ 0.90901348 -0.20264598  0.36418279 -0.52536703]
 [ 0.          0.          0.          1.        ]]"
single_object,91,248,12,44,30,0.7391259745588838,0.7602072219942553,0.0020792221853548555,0.0016408419582744228,"[[-0.6026281  -0.60839058 -0.51643033  0.01843587]
 [ 0.78941989 -0.35971231 -0.49741662 -0.09825855]
 [ 0.11685724 -0.7074376   0.69704837 -0.53008717]
 [ 0.          0.          0.          1.        ]]","[[-0.36016918 -0.37814458 -0.85280997  0.0184381 ]
 [ 0.52445263  0.6739489  -0.52032905 -0.10089151]
 [ 0.77150995 -0.63466491 -0.0444167  -0.52965675]
 [ 0.          0.          0.          1.        ]]"
single_object,91,249,12,85,30,0.5128487894952811,0.6697784160853508,0.0024414386869646325,0.0017339999538477403,"[[ 0.66604618 -0.23730183  0.70715651  0.02022801]
 [-0.62783842  0.33352869  0.70326206 -0.0918291 ]
 [-0.40274235 -0.91238504  0.0731583  -0.53339728]
 [ 0.          0.          0.          1.        ]]","[[ 0.03993083 -0.32793526  0.94385592  0.02337795]
 [-0.89286905 -0.43574616 -0.11362277 -0.09651027]
 [ 0.44854251 -0.83820269 -0.31020295 -0.53435511]
 [ 0.          0.          0.          1.        ]]"
single_object,91,250,12,34,30,0.6767542059909725,0.7004000820681165,0.0024350401866882303,0.0019137298690002616,"[[-0.84211324 -0.36247494  0.39932092  0.02065132]
 [-0.42247797 -0.01682087 -0.90621709 -0.09438782]
 [ 0.33519792 -0.93184171 -0.1389726  -0.53796103]
 [ 0.          0.          0.          1.        ]]","[[-0.60919157 -0.16837609  0.77494202  0.02233775]
 [-0.75161889 -0.18903451 -0.63192958 -0.09123516]
 [ 0.25289261 -0.96742723 -0.01139642 -0.53819903]
 [ 0.          0.          0.          1.        ]]"
single_object,91,251,12,32,30,0.6531339762002462,0.7576425933524825,0.0022319684981247957,0.001873531692667153,"[[ 0.47225565  0.22645274 -0.85187661  0.02110357]
 [ 0.82376631  0.23051532  0.51794957 -0.07308556]
 [ 0.31366171 -0.94635186 -0.07768198 -0.5410289 ]
 [ 0.          0.          0.          1.        ]]","[[ 0.59548338  0.54591729 -0.58938429  0.02194603]
 [ 0.29097105  0.53727043  0.79162891 -0.08141861]
 [ 0.74882267 -0.64289563  0.16108949 -0.54052678]
 [ 0.          0.          0.          1.        ]]"
single_object,91,252,12,43,30,0.5484971276159212,0.7085299548625359,0.0023714246843624383,0.0019379118050172586,"[[-0.97730587  0.0951795   0.18924615  0.02506157]
 [-0.09501894  0.60148891 -0.79321024 -0.07522868]
 [-0.18932681 -0.79319099 -0.57879479 -0.54410061]
 [ 0.          0.          0.          1.        ]]","[[-0.99048655 -0.09961371 -0.09493944  0.02144515]
 [ 0.07426893  0.19383962 -0.97821794 -0.07899723]
 [ 0.11584695 -0.97596276 -0.18459733 -0.5463367 ]
 [ 0.          0.          0.          1.        ]]"
single_object,91,253,12,37,30,0.45232355354944603,0.6771901928600739,0.0021430602647110352,0.002010646323651779,"[[ 0.13909181 -0.48582922  0.86291566  0.03084618]
 [-0.86985093 -0.47641497 -0.12801619 -0.06400289]
 [ 0.47329994 -0.73280198 -0.48886442 -0.54841502]
 [ 0.          0.          0.          1.        ]]","[[-0.5678817  -0.60804742  0.55478709  0.02720042]
 [-0.09847923 -0.61898092 -0.77920758 -0.06754167]
 [ 0.81719778 -0.49713274  0.29162789 -0.54629339]
 [ 0.          0.          0.          1.        ]]"
single_object,91,254,12,27,30,0.5907109150594994,0.6578528929011079,0.002849447315251445,0.0019368981153586456,"[[-0.57723637  0.01012063 -0.81651438  0.02025824]
 [ 0.40828705  0.86953706 -0.27786145 -0.05934969]
 [ 0.70717738 -0.49376399 -0.50606054 -0.54897551]
 [ 0.          0.          0.          1.        ]]","[[-0.43588609  0.17115677 -0.8835772   0.02220768]
 [ 0.52886746  0.84307501 -0.09758964 -0.06456518]
 [ 0.72821873 -0.5098332  -0.45800392 -0.5521202 ]
 [ 0.          0.          0.          1.        ]]"
single_object,91,255,12,54,30,0.47355867870332374,0.6453375051292572,0.002564647593943333,0.0021496375496783925,"[[ 0.60301849 -0.68481926 -0.40913479  0.02516549]
 [ 0.41674458  0.70776261 -0.57043495 -0.05609903]
 [ 0.68021515  0.17347812  0.71218866 -0.55163482]
 [ 0.          0.          0.          1.        ]]","[[ 0.31329422  0.77579835 -0.54770764  0.0240216 ]
 [-0.42972592  0.63013071  0.64673868 -0.0580027 ]
 [ 0.8468662   0.03274468  0.53079697 -0.55387171]
 [ 0.          0.          0.          1.        ]]"
single_object,96,0,37,178,30,0.6289563637923883,0.8414808564195713,0.002561766256104284,0.001968502800756929,"[[ 0.55836801 -0.82461309  0.09076568 -0.20999285]
 [-0.79450559 -0.50005855  0.34453201 -0.0189393 ]
 [-0.23871745 -0.2644895  -0.93437641 -0.45798694]
 [ 0.          0.          0.          1.        ]]","[[ 0.75639609 -0.63635527  0.15138339 -0.21337784]
 [-0.63269026 -0.65301419  0.41626374 -0.0282607 ]
 [-0.16603612 -0.41063906 -0.89655316 -0.46270463]
 [ 0.          0.          0.          1.        ]]"
single_object,96,0,28,12,18,0.4158071684996296,0.3603054305088609,0.002825048294030687,0.0018134221284580674,"[[ 0.23663572  0.08555196  0.96782457 -0.2165921 ]
 [-0.61229928  0.78654982  0.08018086  0.09424179]
 [-0.75438261 -0.61157195  0.23850919 -0.46250508]
 [ 0.          0.          0.          1.        ]]","[[-0.41151948 -0.39763929  0.82008214 -0.22408419]
 [-0.4987039   0.85139047  0.162569    0.10278362]
 [-0.76285394 -0.34207785 -0.54866803 -0.46295815]
 [ 0.          0.          0.          1.        ]]"
single_object,96,1,37,118,30,0.5352979876714484,0.548870836253379,0.0023696142044813844,0.002017745232928274,"[[ 0.57654384  0.8050733  -0.13947824  0.10114182]
 [ 0.68564406 -0.38386134  0.61850037 -0.18459069]
 [ 0.44439783 -0.452225   -0.77330661 -0.50362657]
 [ 0.          0.          0.          1.        ]]","[[ 0.56890664  0.81116641 -0.13547802  0.10087682]
 [ 0.7271969  -0.4192367   0.54353037 -0.18546277]
 [ 0.38409622 -0.40773723 -0.82838424 -0.50362813]
 [ 0.          0.          0.          1.        ]]"
single_object,96,1,28,3,30,0.3076528577126902,0.3154595703458887,0.0037020555065763543,0.0028386936553653663,"[[-0.63725898 -0.38333011 -0.66854994 -0.02034021]
 [ 0.75217556 -0.12057035 -0.64783849 -0.20800195]
 [ 0.1677287  -0.91570782  0.36516608 -0.52739544]
 [ 0.          0.          0.          1.        ]]","[[-0.94075197 -0.31737066  0.1194219  -0.02280912]
 [-0.01277529 -0.318756   -0.94775071 -0.21445398]
 [ 0.33885471 -0.893124    0.29581584 -0.53303984]
 [ 0.          0.          0.          1.        ]]"
single_object,96,2,37,208,25,0.45318153863756633,0.5098828644574436,0.0028380590918219255,0.00214577611157792,"[[-0.18559064 -0.95052921 -0.24909904  0.09207852]
 [-0.98122041  0.16571135  0.09872315 -0.18835847]
 [-0.0525607   0.26274316 -0.96343314 -0.50804256]
 [ 0.          0.          0.          1.        ]]","[[-0.3022246  -0.94425473 -0.13055     0.08563881]
 [-0.83724053  0.19747074  0.5099349  -0.1879835 ]
 [-0.45572863  0.26341662 -0.85024885 -0.51209968]
 [ 0.          0.          0.          1.        ]]"
single_object,96,3,37,150,20,0.579749424333872,0.6609147728085356,0.002421833733210589,0.0017671381902428166,"[[ 0.57749697  0.81249619 -0.07966934  0.06917661]
 [ 0.6768748  -0.42195956  0.60315059 -0.17723873]
 [ 0.45644032 -0.4022438  -0.79363856 -0.51435482]
 [ 0.          0.          0.          1.        ]]","[[ 0.58298076  0.78976981 -0.19078019  0.079749  ]
 [ 0.74971832 -0.43240515  0.50094733 -0.18276511]
 [ 0.31313874 -0.43507405 -0.84418878 -0.51926942]
 [ 0.          0.          0.          1.        ]]"
single_object,96,4,37,77,26,0.6747808178034583,0.7326978360674494,0.002186343050508994,0.0018107208549400559,"[[ 0.61922076  0.77532734 -0.1242303   0.06555301]
 [ 0.66477843 -0.43344003  0.60844013 -0.17992226]
 [ 0.41789388 -0.45934438 -0.78381595 -0.52545347]
 [ 0.          0.          0.          1.        ]]","[[ 0.58579315  0.78493235 -0.20181077  0.07253995]
 [ 0.74341186 -0.42123515  0.51951877 -0.17927835]
 [ 0.32277731 -0.45435906 -0.83028468 -0.52721173]
 [ 0.          0.          0.          1.        ]]"
single_object,96,5,37,101,19,0.7386189733834866,0.8121469128563051,0.002017414398827773,0.001806758584807743,"[[ 0.67090764  0.72946418 -0.13328521  0.06754698]
 [ 0.63043421 -0.46645909  0.6204584  -0.17989704]
 [ 0.39043008 -0.50029784 -0.77283014 -0.53895965]
 [ 0.          0.          0.          1.        ]]","[[ 0.61636713  0.76036884 -0.20477008  0.06693518]
 [ 0.71594438 -0.43283275  0.54779509 -0.17565926]
 [ 0.32789512 -0.48424688 -0.81116568 -0.53561137]
 [ 0.          0.          0.          1.        ]]"
single_object,96,6,37,51,30,0.4447217494529384,0.669245841616728,0.0028017344319243662,0.001994294981652982,"[[-0.28540749 -0.91330621 -0.29054145  0.07944829]
 [-0.95595642  0.29294331  0.01820802 -0.15805997]
 [ 0.06848267  0.28294167 -0.95668915 -0.54275028]
 [ 0.          0.          0.          1.        ]]","[[-0.62635425 -0.75771268 -0.18317162  0.07346908]
 [-0.71908815  0.47088023  0.51106168 -0.17884877]
 [-0.30098602  0.4518222  -0.83980005 -0.55122193]
 [ 0.          0.          0.          1.        ]]"
single_object,96,7,37,119,30,0.6021110141735436,0.6499806919435347,0.002738344047277423,0.0019795799895112876,"[[-0.68751778 -0.69707289 -0.20349124  0.07784824]
 [-0.66188131  0.48627108  0.57048539 -0.17246994]
 [-0.29871799  0.5269059  -0.79569953 -0.5581313 ]
 [ 0.          0.          0.          1.        ]]","[[-0.67010222 -0.72232924 -0.17089026  0.06673299]
 [-0.66001564  0.47450078  0.58243315 -0.17274018]
 [-0.33962093  0.50307999 -0.79471262 -0.55844493]
 [ 0.          0.          0.          1.        ]]"
single_object,96,8,37,144,24,0.6950256725639669,0.8139990560505728,0.0029450587198049907,0.0019340035825364597,"[[ 0.65284411  0.69886835 -0.29219446  0.05322648]
 [ 0.72098956 -0.4549936   0.52264221 -0.15962642]
 [ 0.23231148 -0.55187304 -0.80091667 -0.5620752 ]
 [ 0.          0.          0.          1.        ]]","[[ 0.68926001  0.70652472 -0.16044772  0.05410456]
 [ 0.58556883 -0.41283369  0.69762274 -0.16225884]
 [ 0.42664949 -0.57479664 -0.6982686  -0.56036979]
 [ 0.          0.          0.          1.        ]]"
single_object,96,9,37,158,30,0.6569458945351049,0.708870264162817,0.0022452763569769103,0.002231154832875659,"[[-0.78900889 -0.56427655 -0.24301637  0.05478572]
 [-0.56592908  0.51354937  0.64497389 -0.15603688]
 [-0.23914274  0.64642016 -0.72453552 -0.56759451]
 [ 0.          0.          0.          1.        ]]","[[-0.74267203 -0.66221779 -0.0995282   0.05101789]
 [-0.54010446  0.50447821  0.67363855 -0.15694091]
 [-0.39588562  0.55404814 -0.73232864 -0.56713433]
 [ 0.          0.          0.          1.        ]]"
single_object,96,10,37,94,30,0.5724981764613338,0.7361804373632346,0.002647567327295227,0.002026178845297959,"[[ 0.46669316  0.8416157  -0.27180968  0.0573262 ]
 [ 0.67721537 -0.1423917   0.7218753  -0.14631948]
 [ 0.56883814 -0.52096796 -0.63640832 -0.56977041]
 [ 0.          0.          0.          1.        ]]","[[ 0.72363225  0.67344093 -0.15110818  0.0480802 ]
 [ 0.51614267 -0.38267517  0.76626135 -0.149948  ]
 [ 0.45820641 -0.6324848  -0.6245077  -0.57361102]
 [ 0.          0.          0.          1.        ]]"
single_object,96,11,37,95,30,0.5812011041347845,0.618258270284186,0.002594220150654016,0.002252173378534148,"[[-0.76604969 -0.56355377 -0.3091521   0.05763836]
 [-0.61183572  0.49185882  0.61946101 -0.15079211]
 [-0.1970404   0.66368822 -0.72159063 -0.59156619]
 [ 0.          0.          0.          1.        ]]","[[-0.68158823 -0.71094203 -0.17320194  0.05152925]
 [-0.57595067  0.375232    0.7262794  -0.14615325]
 [-0.45135164  0.59477927 -0.66522126 -0.58648258]
 [ 0.          0.          0.          1.        ]]"
single_object,96,12,37,197,30,0.6399834093737039,0.7318826070166907,0.0025085285860893826,0.0022135454458311445,"[[ 0.77674792  0.62712093 -0.05815504  0.04376315]
 [ 0.36698391 -0.37562633  0.85101567 -0.13902019]
 [ 0.51184517 -0.68236662 -0.52191026 -0.58930752]
 [ 0.          0.          0.          1.        ]]","[[ 0.71248943  0.68167287 -0.16637579  0.04504946]
 [ 0.50118251 -0.32843987  0.80058937 -0.13419644]
 [ 0.49109561 -0.6537961  -0.57565246 -0.58638945]
 [ 0.          0.          0.          1.        ]]"
single_object,96,13,37,286,30,0.5590325948597663,0.6324175116921008,0.002794847200413982,0.0022985107907573235,"[[ 0.59826084  0.72983145 -0.33080208  0.0414734 ]
 [ 0.70944108 -0.29050691  0.64210521 -0.12223128]
 [ 0.37252828 -0.61883099 -0.69157132 -0.59123571]
 [ 0.          0.          0.          1.        ]]","[[ 0.71970832  0.67483038 -0.16316827  0.04446494]
 [ 0.47068541 -0.30149618  0.82918954 -0.12705526]
 [ 0.51036769 -0.67357554 -0.53462212 -0.59317269]
 [ 0.          0.          0.          1.        ]]"
single_object,96,14,37,158,30,0.47651568243252906,0.589575079735122,0.00264157920184866,0.002390046468828862,"[[ 0.19716204  0.79360057 -0.5756086   0.05186194]
 [ 0.95259578 -0.01631187  0.30380125 -0.10626269]
 [ 0.23170759 -0.6082204  -0.75919664 -0.59593589]
 [ 0.          0.          0.          1.        ]]","[[ 0.53973384  0.73734278 -0.40621794  0.04862735]
 [ 0.73860381 -0.18324235  0.64875777 -0.11445318]
 [ 0.40392053 -0.65019064 -0.64350628 -0.59738481]
 [ 0.          0.          0.          1.        ]]"
single_object,96,15,37,393,30,0.5588037586349919,0.5782834422689112,0.002586189716821729,0.0023871335792700495,"[[ 0.50248439  0.80442008 -0.31688762  0.04689393]
 [ 0.63824142 -0.09787734  0.76358884 -0.10257635]
 [ 0.58323008 -0.58594228 -0.56259605 -0.59701112]
 [ 0.          0.          0.          1.        ]]","[[ 0.72790407  0.65802084 -0.1927803   0.04347081]
 [ 0.45905639 -0.25882303  0.84986933 -0.10997099]
 [ 0.50933575 -0.70712037 -0.490467   -0.60460766]
 [ 0.          0.          0.          1.        ]]"
single_object,96,16,37,264,30,0.5349189776741659,0.6305510662337848,0.002816841640599375,0.0020958291761360237,"[[ 8.37602994e-01  5.36387864e-01  1.03485669e-01 -5.12618637e-04]
 [ 1.53189267e-01 -4.12466362e-01  8.98000306e-01 -1.10833311e-01]
 [ 5.24360823e-01 -7.36314851e-01 -4.27651923e-01 -5.96145044e-01]
 [ 0.00000000e+00  0.00000000e+00  0.00000000e+00  1.00000000e+00]]","[[ 0.81035781  0.57638395 -0.10536494  0.00246074]
 [ 0.33073356 -0.30151552  0.89426154 -0.11554332]
 [ 0.48366883 -0.75951954 -0.43496497 -0.59902328]
 [ 0.          0.          0.          1.        ]]"
single_object,96,17,37,325,30,0.6553225875656117,0.6721778057466496,0.0026417517907900215,0.001982312009349367,"[[ 7.82532955e-01  6.04981473e-01 -1.47104017e-01  5.49021368e-05]
 [ 4.59594282e-01 -4.01901100e-01  7.91990279e-01 -1.19691378e-01]
 [ 4.20018180e-01 -6.87366658e-01 -5.92546881e-01 -5.86932252e-01]
 [ 0.00000000e+00  0.00000000e+00  0.00000000e+00  1.00000000e+00]]","[[ 0.8052028   0.58001105 -0.12343273  0.0045059 ]
 [ 0.37320592 -0.33389982  0.86557972 -0.12507496]
 [ 0.46083164 -0.74303304 -0.48532062 -0.59466483]
 [ 0.          0.          0.          1.        ]]"
single_object,96,18,37,335,30,0.6833836296285702,0.7328122541798366,0.0026563801606095897,0.0021963711801573386,"[[ 0.66840673  0.67124346 -0.32041326  0.00674541]
 [ 0.63407674 -0.2890374   0.71721968 -0.12897817]
 [ 0.3888176  -0.68256106 -0.61881441 -0.58145258]
 [ 0.          0.          0.          1.        ]]","[[ 0.78407207  0.60799601 -0.12478717  0.00387266]
 [ 0.41282912 -0.36073409  0.83632711 -0.13259278]
 [ 0.46346856 -0.7072565  -0.53383998 -0.58711848]
 [ 0.          0.          0.          1.        ]]"
single_object,96,19,37,166,21,0.6566169424619918,0.762332127175732,0.0026035111714371685,0.002035878051510692,"[[ 7.65409333e-01  6.43117696e-01 -2.34132875e-02  9.76534663e-04]
 [ 3.38991241e-01 -3.71992765e-01  8.64121705e-01 -1.43412814e-01]
 [ 5.47022386e-01 -6.69343718e-01 -5.02738000e-01 -5.82520552e-01]
 [ 0.00000000e+00  0.00000000e+00  0.00000000e+00  1.00000000e+00]]","[[ 0.81075273  0.57695013 -0.09903816  0.00457589]
 [ 0.39457842 -0.41363184  0.82049776 -0.13906435]
 [ 0.43242096 -0.70429912 -0.56300521 -0.58011663]
 [ 0.          0.          0.          1.        ]]"
single_object,96,20,37,242,30,0.644974899526595,0.7297158140133583,0.0023606911836613776,0.0021105003727725333,"[[ 0.63330771  0.7304164  -0.2557601   0.01667426]
 [ 0.66831287 -0.34953147  0.65664729 -0.14144439]
 [ 0.39022974 -0.58678756 -0.70950765 -0.57335896]
 [ 0.          0.          0.          1.        ]]","[[ 0.79175216  0.59816379 -0.12380869  0.00978416]
 [ 0.4537975  -0.44031051  0.7747222  -0.14863456]
 [ 0.4088965  -0.66957205 -0.62006203 -0.57628934]
 [ 0.          0.          0.          1.        ]]"
single_object,96,21,37,166,30,0.5702956277978805,0.7627611950971839,0.002743004992816263,0.002116398061273612,"[[ 0.87588606  0.42421127  0.22993133 -0.00160467]
 [ 0.08140831 -0.59961142  0.79613996 -0.15060797]
 [ 0.47560099 -0.67860957 -0.5597256  -0.56819659]
 [ 0.          0.          0.          1.        ]]","[[ 0.81945748  0.56737349 -0.08109725  0.00771966]
 [ 0.4075826  -0.47740641  0.77843403 -0.15500035]
 [ 0.40294649 -0.67094742 -0.62246582 -0.56897283]
 [ 0.          0.          0.          1.        ]]"
single_object,96,22,37,138,30,0.6483001759178478,0.7325691156910139,0.0025656313870559637,0.0021414022443371674,"[[ 0.68240854  0.67456947 -0.28155748  0.01673063]
 [ 0.65907709 -0.40123342  0.63610466 -0.15556179]
 [ 0.31612651 -0.61965133 -0.71839839 -0.56072293]
 [ 0.          0.          0.          1.        ]]","[[ 0.81439685  0.57572416 -0.07279741  0.0108844 ]
 [ 0.4178808  -0.49477242  0.7619553  -0.162527  ]
 [ 0.40265792 -0.65095464 -0.64352518 -0.56194744]
 [ 0.          0.          0.          1.        ]]"
single_object,96,23,37,200,30,0.6416567742673666,0.7509761295213032,0.0025734445474590406,0.0019890033215648117,"[[ 0.82758625  0.55656156 -0.0730768   0.00112813]
 [ 0.46516194 -0.6070869   0.64425916 -0.1556324 ]
 [ 0.31420592 -0.56717257 -0.76130803 -0.54546865]
 [ 0.          0.          0.          1.        ]]","[[ 0.78562115  0.59666885 -0.16366334  0.01519644]
 [ 0.53016007 -0.51284031  0.67522228 -0.16822739]
 [ 0.31895094 -0.61723667 -0.71922819 -0.55513703]
 [ 0.          0.          0.          1.        ]]"
single_object,96,24,37,87,29,0.6942605014373775,0.7896923583003189,0.002450318507205059,0.0019115876829391815,"[[ 0.64898448  0.72471783 -0.23152368  0.02248293]
 [ 0.666368   -0.39462697  0.632632   -0.17598903]
 [ 0.3671142  -0.56484832 -0.73903554 -0.54660369]
 [ 0.          0.          0.          1.        ]]","[[ 0.77179359  0.61945291 -0.14357137  0.01769059]
 [ 0.54108944 -0.52119281  0.65998505 -0.17464672]
 [ 0.33400129 -0.58705719 -0.73743271 -0.54706841]
 [ 0.          0.          0.          1.        ]]"
single_object,96,25,37,198,19,0.728736108926043,0.7747536435017663,0.002224527191955181,0.0019199842092065063,"[[ 0.77952152  0.5909437  -0.20768185  0.0186769 ]
 [ 0.58083437 -0.55784274  0.59282621 -0.17942957]
 [ 0.2344731  -0.58274954 -0.77809083 -0.53961957]
 [ 0.          0.          0.          1.        ]]","[[ 0.75001161  0.6369878  -0.17812674  0.02336455]
 [ 0.59578674 -0.53365924  0.60020494 -0.17915458]
 [ 0.28726424 -0.55628622 -0.77975951 -0.54009163]
 [ 0.          0.          0.          1.        ]]"
single_object,96,26,37,163,30,0.5968549321357571,0.6794290536191879,0.002503306214840294,0.0019260225892644436,"[[ 0.53396914  0.74945282 -0.39140442  0.03474406]
 [ 0.83241936 -0.38485821  0.3987006  -0.18306268]
 [ 0.14817208 -0.53870643 -0.82936145 -0.53251782]
 [ 0.          0.          0.          1.        ]]","[[ 0.73589204  0.65385341 -0.1758938   0.02802773]
 [ 0.62398945 -0.55403652  0.55107232 -0.18523143]
 [ 0.26286893 -0.51528561 -0.81570869 -0.5328332 ]
 [ 0.          0.          0.          1.        ]]"
single_object,96,27,37,174,30,0.48045595617786296,0.564975185571876,0.0025743859496125507,0.0019152094385796647,"[[ 0.47768467  0.79712278 -0.36934081  0.01789624]
 [ 0.8757031  -0.46573173  0.12742857 -0.16989358]
 [-0.07043751 -0.38430357 -0.92051579 -0.51200612]
 [ 0.          0.          0.          1.        ]]","[[ 0.74134663  0.65607261 -0.14132908  0.03399317]
 [ 0.60738498 -0.56632144  0.55710279 -0.19088461]
 [ 0.28546219 -0.49884743 -0.81832914 -0.52530414]
 [ 0.          0.          0.          1.        ]]"
single_object,96,28,37,73,17,0.47645132224431125,0.4966890258727957,0.002712386913408675,0.0018566778875001915,"[[ 0.61958932  0.78239587 -0.06297443  0.04334281]
 [ 0.64143155 -0.45844602  0.61513641 -0.18546782]
 [ 0.45240981 -0.42152574 -0.78590166 -0.51534374]
 [ 0.          0.          0.          1.        ]]","[[ 0.7151629   0.68724891 -0.12740078  0.04053339]
 [ 0.61918157 -0.53835968  0.5716494  -0.19202337]
 [ 0.32427799 -0.48770666 -0.81054673 -0.51718493]
 [ 0.          0.          0.          1.        ]]"
single_object,96,29,37,103,23,0.31727427451765616,0.42012185528969237,0.002701945207001634,0.001906887873717131,"[[ 0.69590388  0.71529563  0.06379612  0.04546281]
 [ 0.32916283 -0.39666636  0.85691752 -0.1896403 ]
 [ 0.63825513 -0.57533292 -0.5114904  -0.51357876]
 [ 0.          0.          0.          1.        ]]","[[ 0.68679705  0.71442373 -0.13382283  0.05047946]
 [ 0.65147846 -0.52341307  0.54919448 -0.19455961]
 [ 0.32231295 -0.46436784 -0.82491022 -0.50912093]
 [ 0.          0.          0.          1.        ]]"
single_object,96,30,37,76,30,0.3129192351149187,0.38547462063244614,0.002572105781297474,0.0018925822117567327,"[[ 0.38614389  0.83120638 -0.39998606  0.07160319]
 [ 0.90106578 -0.24708972  0.35640866 -0.18752174]
 [ 0.19741671 -0.49803877 -0.84438381 -0.50223605]
 [ 0.          0.          0.          1.        ]]","[[ 0.64273057  0.75390703 -0.13609411  0.06540958]
 [ 0.69380047 -0.4974888   0.52071663 -0.19519386]
 [ 0.32486663 -0.42910265 -0.84281231 -0.50056818]
 [ 0.          0.          0.          1.        ]]"
single_object,96,31,28,11,30,0.4871502649723631,0.382699868938401,0.003302100134051965,0.0029758201344305996,"[[ 0.54960446  0.71592812  0.43055994 -0.07841731]
 [ 0.83333182 -0.50627063 -0.22191917 -0.18451328]
 [ 0.05910167  0.48076707 -0.87485428 -0.49767892]
 [ 0.          0.          0.          1.        ]]","[[ 0.38978677  0.88987262  0.2370506  -0.06803741]
 [ 0.8221011  -0.22024342 -0.52501677 -0.18997832]
 [-0.41498922  0.39952415 -0.81741324 -0.48802825]
 [ 0.          0.          0.          1.        ]]"
single_object,96,32,37,143,30,0.31059511720705385,0.3408444056694175,0.002473424933025205,0.0020239469475189483,"[[ 7.76828318e-01  6.29205552e-01  2.52614058e-02 -9.36313290e-04]
 [ 4.05578130e-01 -5.30615394e-01  7.44280648e-01 -1.81663386e-01]
 [ 4.81709607e-01 -5.67932810e-01 -6.67389075e-01 -4.99795770e-01]
 [ 0.00000000e+00  0.00000000e+00  0.00000000e+00  1.00000000e+00]]","[[ 0.79479334  0.59779359 -0.10462485  0.01171181]
 [ 0.54264284 -0.62283154  0.56357752 -0.20046016]
 [ 0.27173938 -0.50470159 -0.81941078 -0.50533144]
 [ 0.          0.          0.          1.        ]]"
single_object,96,32,28,8,30,0.4584306798108154,0.3634964955268106,0.0032976758164532777,0.00321543573156947,"[[ 0.34252176  0.86771713  0.36020248 -0.0905039 ]
 [ 0.93946247 -0.32018409 -0.1220345  -0.17598273]
 [ 0.00943968  0.38019618 -0.92485769 -0.49721099]
 [ 0.          0.          0.          1.        ]]","[[ 0.45671871 -0.53351345  0.71187879 -0.08411063]
 [-0.41458408  0.58035888  0.70093053 -0.17638175]
 [-0.78710105 -0.6152617   0.04387458 -0.48813633]
 [ 0.          0.          0.          1.        ]]"
single_object,96,33,37,176,29,0.3060183927115662,0.397195326020109,0.0028226487706961047,0.0021162748255560554,"[[ 0.82729122  0.56101717 -0.02913699 -0.00156514]
 [ 0.43646312 -0.60923533  0.66206666 -0.18036322]
 [ 0.35367948 -0.56043915 -0.74887835 -0.5094962 ]
 [ 0.          0.          0.          1.        ]]","[[ 0.81142621  0.56782584 -0.1384244   0.00276716]
 [ 0.5406444  -0.63927633  0.54683581 -0.19825179]
 [ 0.22201606 -0.51855529 -0.82571744 -0.51284514]
 [ 0.          0.          0.          1.        ]]"
single_object,96,34,37,90,20,0.24944578726812455,0.4523377050587108,0.0026486316163745315,0.0019429589310336632,"[[ 0.83344676  0.48919603  0.25700923 -0.00545517]
 [ 0.29731593 -0.78900676  0.53765377 -0.20093563]
 [ 0.4658001  -0.37169285 -0.8030409  -0.51107505]
 [ 0.          0.          0.          1.        ]]","[[ 0.84902519  0.52083871 -0.08878777 -0.00612049]
 [ 0.46040314 -0.64687352  0.60793387 -0.19491018]
 [ 0.25920104 -0.55702934 -0.78900769 -0.5203263 ]
 [ 0.          0.          0.          1.        ]]"
single_object,96,34,28,9,30,0.39865519402814975,0.588979429027295,0.003128173164600146,0.0025854720992612235,"[[ 0.24147943  0.66185861  0.70966954 -0.11231542]
 [ 0.93194991  0.04566181 -0.35970037 -0.16239006]
 [-0.27047558  0.74823671 -0.60579269 -0.51272761]
 [ 0.          0.          0.          1.        ]]","[[ 0.64370199  0.69953571  0.31031845 -0.11926537]
 [ 0.46629616 -0.036995   -0.88385477 -0.15968586]
 [-0.60680775  0.71363937 -0.35000457 -0.5215875 ]
 [ 0.          0.          0.          1.        ]]"
single_object,96,35,28,4,30,0.15687503561456492,0.3581970482648584,0.003360131475177756,0.0027852736119255554,"[[-0.75533107  0.59177664 -0.28155885 -0.11105777]
 [-0.65482641 -0.69858991  0.28839992 -0.16655315]
 [-0.02602583  0.40220959  0.91517763 -0.50098655]
 [ 0.          0.          0.          1.        ]]","[[-0.14380475 -0.33219075 -0.93218534 -0.13766906]
 [-0.16808246  0.93648848 -0.30779475 -0.15990589]
 [ 0.9752274   0.11242166 -0.19050693 -0.53067036]
 [ 0.          0.          0.          1.        ]]"
single_object,96,35,37,143,30,0.5062214848610535,0.5320656759965102,0.0027456039545226338,0.002127461962045703,"[[-0.88510075 -0.45597618 -0.09317931 -0.01112557]
 [-0.44440133  0.76859275  0.46018761 -0.18403187]
 [-0.13821765  0.44872141 -0.88291844 -0.52519226]
 [ 0.          0.          0.          1.        ]]","[[-0.87690665 -0.47312803 -0.08476199 -0.01320189]
 [-0.4412662   0.72250186  0.53223604 -0.18993437]
 [-0.19057509  0.50412392 -0.8423421  -0.52686054]
 [ 0.          0.          0.          1.        ]]"
single_object,96,36,28,8,30,0.38440936805515985,0.35483503333523275,0.0028237036254841912,0.002513735703948899,"[[-0.25293128 -0.03269844  0.96693153 -0.13309844]
 [-0.96469696  0.08433313 -0.24949489 -0.14860635]
 [-0.07338627 -0.99590097 -0.05287458 -0.52243976]
 [ 0.          0.          0.          1.        ]]","[[-0.5512237  -0.26986287  0.78951027 -0.1395076 ]
 [ 0.16575516 -0.96280759 -0.21337005 -0.13787853]
 [ 0.81772713  0.01325078  0.57545352 -0.53182816]
 [ 0.          0.          0.          1.        ]]"
single_object,96,36,37,123,30,0.592013615755374,0.6790142879617843,0.0020302025851460415,0.0019822668370794313,"[[ 0.92699953  0.3694678   0.06454    -0.02332372]
 [ 0.23395927 -0.70412024  0.67043102 -0.18575524]
 [ 0.29314659 -0.60638951 -0.73915955 -0.5351599 ]
 [ 0.          0.          0.          1.        ]]","[[ 0.8754231   0.47298367 -0.09960338 -0.01840524]
 [ 0.42167022 -0.64657756  0.63571352 -0.18301081]
 [ 0.2362808  -0.59851808 -0.76547207 -0.53324413]
 [ 0.          0.          0.          1.        ]]"
single_object,96,37,37,120,24,0.5584247486377093,0.7961426793861468,0.002867378114879895,0.0019057078098177734,"[[ 0.86834238  0.49347683 -0.04961985 -0.02999197]
 [ 0.42551514 -0.6898627   0.58568448 -0.17468772]
 [ 0.25479084 -0.52968866 -0.80901889 -0.54390656]
 [ 0.          0.          0.          1.        ]]","[[ 0.89551785  0.44078219 -0.06130938 -0.02439963]
 [ 0.35694462 -0.62914831  0.69048023 -0.17732759]
 [ 0.2657787  -0.64022142 -0.72074837 -0.54016911]
 [ 0.          0.          0.          1.        ]]"
single_object,96,38,37,141,30,0.8299317782004891,0.8561907349933494,0.002819548593290491,0.0019315596029427324,"[[ 0.86786147  0.48419082 -0.11124626 -0.02706566]
 [ 0.42082846 -0.59745816  0.68260322 -0.16833084]
 [ 0.26404523 -0.63922062 -0.72227219 -0.54200795]
 [ 0.          0.          0.          1.        ]]","[[ 0.89767723  0.43533782 -0.0682391  -0.02802237]
 [ 0.35013125 -0.61063972  0.71030081 -0.16978385]
 [ 0.2675513  -0.66151351 -0.70058275 -0.54667078]
 [ 0.          0.          0.          1.        ]]"
single_object,96,39,37,171,18,0.7718645861639898,0.8372545373932694,0.0024821040055424933,0.00205411491175664,"[[ 0.83130456  0.53094658 -0.16440335 -0.03436791]
 [ 0.47513969 -0.52536453  0.7058572  -0.16046123]
 [ 0.28840077 -0.66489687 -0.68901172 -0.55162812]
 [ 0.          0.          0.          1.        ]]","[[ 0.88802192  0.44064326 -0.13134151 -0.03078049]
 [ 0.38669627 -0.56117352  0.73181301 -0.16190222]
 [ 0.24876309 -0.70065526 -0.66872949 -0.55183963]
 [ 0.          0.          0.          1.        ]]"
single_object,96,39,28,4,30,0.4984329591429711,0.3683970596615192,0.0029171143213215433,0.002414686104620081,"[[-0.38828499  0.47993001 -0.78670321 -0.1518003 ]
 [-0.52460683  0.58673958  0.61686655 -0.12614437]
 [ 0.75764268  0.6522299   0.02395239 -0.54707177]
 [ 0.          0.          0.          1.        ]]","[[-0.8514224  -0.50801295  0.13039451 -0.15219438]
 [ 0.21755716 -0.56830398 -0.79353605 -0.12658447]
 [ 0.47723031 -0.64726611  0.5943886  -0.54882765]
 [ 0.          0.          0.          1.        ]]"
single_object,96,40,37,243,25,0.7275990789341953,0.7896709049042463,0.0022471929611736553,0.0020412245294174273,"[[ 0.88778154  0.43309573 -0.15579483 -0.03491498]
 [ 0.37955013 -0.49740703  0.78008201 -0.15420304]
 [ 0.26035675 -0.75167436 -0.60597032 -0.55610919]
 [ 0.          0.          0.          1.        ]]","[[ 0.89505145  0.43899489 -0.07852632 -0.03401928]
 [ 0.33756008 -0.55183013  0.76258554 -0.15492256]
 [ 0.29143796 -0.70906064 -0.64210351 -0.55871119]
 [ 0.          0.          0.          1.        ]]"
single_object,96,41,37,139,30,0.6404053261631316,0.6743732032780789,0.0025378651181513605,0.0021587110501176607,"[[-0.92871102 -0.35553917 -0.10529835 -0.02633848]
 [-0.31407331  0.60328448  0.73307966 -0.16060714]
 [-0.19711367  0.71389056 -0.67194231 -0.58487404]
 [ 0.          0.          0.          1.        ]]","[[-0.91389964 -0.3960673  -0.08898391 -0.02606088]
 [-0.32290579  0.57644079  0.75063165 -0.15969551]
 [-0.2460067   0.71473541 -0.65470146 -0.58100618]
 [ 0.          0.          0.          1.        ]]"
single_object,96,41,28,3,30,0.14941022280471822,0.46800387486466466,0.002819972120800955,0.0028567217078051483,"[[ 1.          0.          0.         -0.1382876 ]
 [ 0.          1.          0.         -0.11077541]
 [ 0.          0.          1.         -0.55764656]
 [ 0.          0.          0.          1.        ]]","[[-0.22195185 -0.36713314  0.90329986 -0.13528763]
 [-0.91220755  0.40540425 -0.0593699  -0.11215869]
 [-0.34440494 -0.83717421 -0.42488184 -0.5442154 ]
 [ 0.          0.          0.          1.        ]]"
single_object,96,42,37,132,30,0.6722421659348675,0.8023784665112488,0.0027492710593466493,0.0021113463318371316,"[[ 0.93672117  0.34874894  0.03045695 -0.03404238]
 [ 0.15569165 -0.49293759  0.8560214  -0.14667588]
 [ 0.31354993 -0.79711148 -0.51604237 -0.5762635 ]
 [ 0.          0.          0.          1.        ]]","[[ 0.90639062  0.40966657 -0.10309873 -0.03640036]
 [ 0.31359285 -0.48897683  0.81397862 -0.13987203]
 [ 0.28304694 -0.77011361 -0.57167252 -0.57122894]
 [ 0.          0.          0.          1.        ]]"
single_object,96,43,28,4,30,0.2038292780215397,0.5200296313180238,0.003315024912019298,0.0025397541391854687,"[[ 1.          0.          0.         -0.14957964]
 [ 0.          1.          0.         -0.08910123]
 [ 0.          0.          1.         -0.55777367]
 [ 0.          0.          0.          1.        ]]","[[ 0.69705878 -0.39820728  0.59627176 -0.1439284 ]
 [-0.48039989  0.35797611  0.80066788 -0.08874001]
 [-0.53228282 -0.84456147  0.05823166 -0.55695968]
 [ 0.          0.          0.          1.        ]]"
single_object,96,43,37,163,30,0.6552367739813213,0.7117092635764242,0.0023307025017984665,0.0020338661359463983,"[[-0.92368674 -0.29690533 -0.2421777  -0.02966279]
 [-0.37322645  0.554325    0.74392595 -0.12842291]
 [-0.08663043  0.77754165 -0.62283557 -0.57351504]
 [ 0.          0.          0.          1.        ]]","[[-0.95779717 -0.27042941 -0.09742954 -0.037818  ]
 [-0.23391793  0.53631291  0.81095676 -0.13266646]
 [-0.16705383  0.79952261 -0.57693728 -0.57757128]
 [ 0.          0.          0.          1.        ]]"
single_object,96,44,37,155,30,0.6261602711709263,0.7368526437735093,0.002613879031796809,0.002041925731630169,"[[ 0.93240078  0.3403064   0.12173879 -0.04595207]
 [ 0.03968675 -0.43119279  0.90138656 -0.12428265]
 [ 0.35924051 -0.83562212 -0.41555015 -0.58204115]
 [ 0.          0.          0.          1.        ]]","[[ 0.89494175  0.41238581 -0.17034441 -0.03888883]
 [ 0.34151173 -0.38741436  0.85631761 -0.1234127 ]
 [ 0.28713935 -0.82452899 -0.48754788 -0.58160949]
 [ 0.          0.          0.          1.        ]]"
single_object,96,45,37,142,27,0.6818032294512222,0.6883179107252678,0.0023904283603375484,0.002111814626144243,"[[ 0.88019015  0.38901867 -0.27190029 -0.03839584]
 [ 0.4150245  -0.35292063  0.83857122 -0.11465505]
 [ 0.23026064 -0.85094741 -0.47208954 -0.58730827]
 [ 0.          0.          0.          1.        ]]","[[ 0.88559717  0.42763731 -0.1812291  -0.03749127]
 [ 0.34547285 -0.34571473  0.87242755 -0.11621702]
 [ 0.310429   -0.8352291  -0.45390107 -0.58995463]
 [ 0.          0.          0.          1.        ]]"
single_object,96,45,28,15,30,0.3885691492392729,0.5029916234543279,0.003001053291910885,0.0025780315280931223,"[[ 0.98731561 -0.13451193 -0.08434711 -0.14092835]
 [-0.15404618 -0.68295571 -0.7140317  -0.06852387]
 [ 0.03844044  0.71796799 -0.69501388 -0.57175068]
 [ 0.          0.          0.          1.        ]]","[[ 0.16444001 -0.55879064  0.81284224 -0.14381244]
 [-0.91985402  0.21064988  0.3309006  -0.06991651]
 [-0.35612928 -0.8021095  -0.47936655 -0.56247265]
 [ 0.          0.          0.          1.        ]]"
single_object,96,46,28,6,30,0.398256310900906,0.408228389081999,0.0024244223995730394,0.002693167274496242,"[[-0.15393633 -0.84889491 -0.50564912 -0.18763406]
 [ 0.98339718 -0.18139315  0.00514818 -0.05300321]
 [-0.09609155 -0.49646143  0.86272386 -0.52852147]
 [ 0.          0.          0.          1.        ]]","[[-0.775362   -0.6176619   0.13155814 -0.17868313]
 [ 0.62072666 -0.78373861 -0.02126521 -0.05240689]
 [ 0.11624191  0.06517341  0.99108034 -0.52475474]
 [ 0.          0.          0.          1.        ]]"
single_object,96,46,37,287,30,0.6648979533460146,0.7622606158554899,0.0023838768904346393,0.0020464193589473756,"[[ 0.99678376  0.04851453 -0.06378463 -0.07317469]
 [ 0.07839701 -0.42531026  0.90164577 -0.113478  ]
 [ 0.01661466 -0.90374638 -0.42774575 -0.57814157]
 [ 0.          0.          0.          1.        ]]","[[ 0.97262602  0.21165011 -0.09593147 -0.08021897]
 [ 0.17810745 -0.41383526  0.89275871 -0.11191523]
 [ 0.14925266 -0.88540647 -0.4402034  -0.57327468]
 [ 0.          0.          0.          1.        ]]"
single_object,96,47,28,3,30,0.35893783121545386,0.3034360932246852,0.003053302365295816,0.0025110552952199894,"[[-0.90776391  0.41943458 -0.00626978 -0.19500668]
 [ 0.35260607  0.77105582  0.53022814 -0.06567205]
 [ 0.22723037  0.47911121 -0.84783183 -0.54366813]
 [ 0.          0.          0.          1.        ]]","[[ 0.47649941  0.22911786  0.84879521 -0.18596004]
 [ 0.34608639  0.83861332 -0.42065653 -0.06537328]
 [-0.80819089  0.49419906  0.32030418 -0.54748329]
 [ 0.          0.          0.          1.        ]]"
single_object,96,47,37,77,30,0.48310187502681673,0.6837125817016834,0.0024976879939131403,0.002347449333132021,"[[-0.83090274 -0.54781016 -0.09749182 -0.07307587]
 [-0.39538585  0.45801806  0.79617177 -0.11222212]
 [-0.39149797  0.7000882  -0.59716485 -0.55430563]
 [ 0.          0.          0.          1.        ]]","[[-0.93642079 -0.34666962 -0.05418738 -0.07872647]
 [-0.23986177  0.51974613  0.8199575  -0.11932039]
 [-0.25609067  0.78082273 -0.56985387 -0.56707703]
 [ 0.          0.          0.          1.        ]]"
single_object,96,48,37,214,30,0.6968420600981136,0.7632689254709021,0.002617297037540143,0.0019225375218625096,"[[ 0.87353854  0.42818011 -0.23149991 -0.08187076]
 [ 0.43246712 -0.46444842  0.77282589 -0.1220592 ]
 [ 0.22338891 -0.7752093  -0.59088741 -0.55961049]
 [ 0.          0.          0.          1.        ]]","[[ 0.96313896  0.25358322 -0.08977137 -0.07888586]
 [ 0.21315341 -0.51584381  0.8297414  -0.12616698]
 [ 0.16410049 -0.81829134 -0.5508814  -0.56191683]
 [ 0.          0.          0.          1.        ]]"
single_object,96,49,37,106,16,0.7787868819634148,0.7751326534990489,0.0022513725697090353,0.0018313546456876126,"[[ 0.95719217  0.23895106 -0.16335709 -0.07708531]
 [ 0.27554622 -0.57939084  0.76705966 -0.12973494]
 [ 0.08864212 -0.77923593 -0.62043044 -0.55513616]
 [ 0.          0.          0.          1.        ]]","[[ 0.96968453  0.2283835  -0.08690735 -0.07715357]
 [ 0.20351026 -0.5579157   0.80455804 -0.13315884]
 [ 0.13526081 -0.79785403 -0.58748061 -0.55669371]
 [ 0.          0.          0.          1.        ]]"
single_object,96,50,37,125,28,0.6349847680887885,0.7777070610277607,0.002018083518445198,0.001862766375627063,"[[ 0.99405542  0.09368379  0.05547218 -0.08126874]
 [ 0.00965049 -0.58331377  0.81218958 -0.14528035]
 [ 0.10844668 -0.80682613 -0.58075031 -0.55766388]
 [ 0.          0.          0.          1.        ]]","[[ 0.96090093  0.24615966 -0.1267865  -0.07417493]
 [ 0.25036152 -0.57681235  0.77756454 -0.14215235]
 [ 0.11827301 -0.77890496 -0.61588843 -0.55269368]
 [ 0.          0.          0.          1.        ]]"
single_object,96,50,28,17,30,0.5652173913043478,0.4990597754857827,0.0030848089783950365,0.0025970663691879305,"[[ 0.44396708  0.89572869  0.02373508 -0.18451701]
 [ 0.37630818 -0.16234632 -0.91215998 -0.08068334]
 [-0.81319456  0.4139007  -0.40914645 -0.53476181]
 [ 0.          0.          0.          1.        ]]","[[ 0.70673949  0.69898207 -0.1092857  -0.17081738]
 [ 0.30766683 -0.44275955 -0.84220253 -0.08220936]
 [-0.63707175  0.5615942  -0.52796926 -0.5263331 ]
 [ 0.          0.          0.          1.        ]]"
single_object,96,51,37,110,30,0.6013100873868333,0.6952545087887413,0.002705226583240574,0.002163269406380042,"[[-0.96054282 -0.09992964 -0.2595603  -0.06573211]
 [-0.24904527  0.7245124   0.64269607 -0.15341412]
 [ 0.12383027  0.68197936 -0.72081219 -0.55420881]
 [ 0.          0.          0.          1.        ]]","[[-0.99895292 -0.04300833  0.0155993  -0.07763272]
 [-0.01878506  0.69649371  0.71731697 -0.14948403]
 [-0.04171542  0.71627285 -0.69657235 -0.54612833]
 [ 0.          0.          0.          1.        ]]"
single_object,96,52,37,106,30,0.6165205452023055,0.8044093880061214,0.002733878932702195,0.0022170284404349574,"[[ 0.93169213  0.35249321  0.08773999 -0.08088128]
 [ 0.17696397 -0.65139348  0.73781454 -0.15113513]
 [ 0.31722787 -0.67188919 -0.66927677 -0.53848196]
 [ 0.          0.          0.          1.        ]]","[[ 0.96837437  0.24946595 -0.00422261 -0.07323388]
 [ 0.17278933 -0.65833096  0.73262828 -0.15609161]
 [ 0.17998593 -0.71018807 -0.68061588 -0.53908746]
 [ 0.          0.          0.          1.        ]]"
single_object,96,53,37,153,30,0.6868948354524521,0.7725010369141435,0.00261527525045728,0.0021473516050651174,"[[ 0.96674418  0.24908506 -0.05798559 -0.07192616]
 [ 0.22554335 -0.72348678  0.65245466 -0.1610811 ]
 [ 0.1205649  -0.643835   -0.75560611 -0.53712062]
 [ 0.          0.          0.          1.        ]]","[[ 0.94503699  0.29666958 -0.13744906 -0.06839052]
 [ 0.30767466 -0.66463948  0.68087493 -0.16311246]
 [ 0.11064081 -0.68574159 -0.7193866  -0.53536357]
 [ 0.          0.          0.          1.        ]]"
single_object,96,54,28,3,30,0.42059376602655424,0.3046897259103083,0.0028768117025225965,0.0029608701172127256,"[[-0.55106611  0.58185859 -0.59813604 -0.16768029]
 [-0.8326792  -0.43025474  0.3486061  -0.11643137]
 [-0.05451141  0.69016044  0.72160035 -0.50358654]
 [ 0.          0.          0.          1.        ]]","[[-0.16318226  0.72191869 -0.67246186 -0.17768045]
 [-0.01450507  0.67976887  0.73328295 -0.1017097 ]
 [ 0.98648931  0.12941287 -0.10045474 -0.52173961]
 [ 0.          0.          0.          1.        ]]"
single_object,96,54,37,133,30,0.6202605872509618,0.6512893491039632,0.0023865609290551404,0.0018713030734751046,"[[-0.98942187 -0.01639387 -0.14413742 -0.05971325]
 [-0.10414643  0.77193871  0.62710776 -0.19252985]
 [ 0.10098453  0.63548554 -0.76548041 -0.54903923]
 [ 0.          0.          0.          1.        ]]","[[-0.97324543 -0.18967153 -0.12968442 -0.05898625]
 [-0.22738035  0.71390069  0.66230203 -0.19417788]
 [-0.03303804  0.67407011 -0.73792816 -0.55138755]
 [ 0.          0.          0.          1.        ]]"
single_object,96,55,37,169,30,0.5595760808936054,0.6542570688940059,0.0027123317026250863,0.002108164456820487,"[[ 0.8256158   0.45263884 -0.33686293 -0.05236793]
 [ 0.56249009 -0.6133936   0.55439444 -0.16988323]
 [ 0.04431089 -0.64719887 -0.76103231 -0.52235977]
 [ 0.          0.          0.          1.        ]]","[[ 0.94243348  0.31684814 -0.10689431 -0.05967032]
 [ 0.31023237 -0.70915909  0.63312657 -0.18071279]
 [ 0.12479991 -0.62984175 -0.76663182 -0.52490106]
 [ 0.          0.          0.          1.        ]]"
single_object,96,55,28,6,30,0.4542708986267024,0.3082796740555017,0.0027835918954000668,0.002737953154906899,"[[-0.69697543  0.6043777  -0.3859441  -0.16266936]
 [-0.59466649 -0.18635759  0.78207584 -0.12147337]
 [ 0.40074558  0.77459567  0.48928982 -0.49922053]
 [ 0.          0.          0.          1.        ]]","[[-0.30206592  0.72999404 -0.6130782  -0.17005662]
 [-0.29322941  0.54078839  0.78839358 -0.10584395]
 [ 0.90706819  0.41791939  0.05070198 -0.51381916]
 [ 0.          0.          0.          1.        ]]"
single_object,96,56,37,140,30,0.5049986412849155,0.4633218438478811,0.0027495018193109504,0.002243500939202357,"[[-0.82181012 -0.50896234 -0.25609658 -0.04887732]
 [-0.56888957  0.70813482  0.41822212 -0.17527033]
 [-0.03150841  0.48938984 -0.87149573 -0.51452827]
 [ 0.          0.          0.          1.        ]]","[[-0.9707721  -0.20114295 -0.13093142 -0.05399836]
 [-0.23990032  0.79727044  0.55390223 -0.19513598]
 [-0.00702577  0.56912332 -0.82222216 -0.52431621]
 [ 0.          0.          0.          1.        ]]"
single_object,96,57,37,174,30,0.35214319426765256,0.39663753772222143,0.002809708229768005,0.0024958870622019116,"[[-0.34932486 -0.92914982 -0.12104853 -0.03315317]
 [-0.77084035  0.21152396  0.60088499 -0.17678917]
 [-0.53270752  0.30321316 -0.79011675 -0.50626748]
 [ 0.          0.          0.          1.        ]]","[[-0.51300208 -0.81804241 -0.26006822 -0.03650652]
 [-0.80369727  0.35132737  0.48024971 -0.18272353]
 [-0.30149554  0.45538522 -0.83769012 -0.51193398]
 [ 0.          0.          0.          1.        ]]"
single_object,96,57,28,5,30,0.4523904495982677,0.41284403669724773,0.00314757996293336,0.002545070183231556,"[[-0.27935669  0.33957458  0.89813637 -0.15169475]
 [ 0.92196062  0.35616349  0.15210585 -0.12984218]
 [-0.26823211  0.87053815 -0.41257104 -0.49678098]
 [ 0.          0.          0.          1.        ]]","[[-0.68383967 -0.54307486  0.48727098 -0.15861109]
 [ 0.53504027 -0.82730439 -0.17117056 -0.12354962]
 [ 0.49607985  0.14365638  0.85631047 -0.50395478]
 [ 0.          0.          0.          1.        ]]"
single_object,96,58,28,5,30,0.2355689782893612,0.6388398199327597,0.0031265930154080954,0.002830263993857375,"[[ 0.19991726  0.69704977  0.68858893 -0.15407957]
 [-0.23535808  0.71636297 -0.65683382 -0.16048914]
 [-0.95112547 -0.03075255  0.30726962 -0.49011977]
 [ 0.          0.          0.          1.        ]]","[[ 0.67547918  0.62382895  0.39314796 -0.14367969]
 [ 0.5584004  -0.08454504 -0.82525216 -0.1459518 ]
 [-0.48157748  0.77697463 -0.40545475 -0.49854119]
 [ 0.          0.          0.          1.        ]]"
single_object,96,59,28,4,30,0.2663969456949114,0.39033563165992363,0.0033132713804807762,0.003045760889586289,"[[-0.12403473 -0.99227788  0.         -0.13676884]
 [-0.99227788  0.12403473  0.         -0.16018785]
 [ 0.          0.         -1.         -0.48922636]
 [ 0.          0.          0.          1.        ]]","[[ 0.8818506  -0.47053133  0.03065585 -0.12645502]
 [-0.14601235 -0.21067554  0.96658999 -0.15799088]
 [-0.44835243 -0.8568641  -0.25448774 -0.48452172]
 [ 0.          0.          0.          1.        ]]"
single_object,96,59,37,143,30,0.2828487249531601,0.3092077975943592,0.0025638095380061073,0.0021074253882041425,"[[ 0.89643949  0.42576493 -0.12296527 -0.03481314]
 [ 0.44312625 -0.86488602  0.23582048 -0.19269947]
 [-0.00594685 -0.26588793 -0.9639856  -0.48963997]
 [ 0.          0.          0.          1.        ]]","[[ 0.89114246  0.45073279 -0.05201021 -0.0301467 ]
 [ 0.4149599  -0.7632751   0.49519633 -0.20175741]
 [ 0.18350312 -0.46287263 -0.86722289 -0.49801407]
 [ 0.          0.          0.          1.        ]]"
single_object,96,60,28,10,30,0.22126616901247934,0.34833893669154936,0.0033966099685153713,0.002872633356240291,"[[-0.68922532 -0.4975004  -0.52674644 -0.11532452]
 [ 0.7173029  -0.36596863 -0.59291105 -0.18075794]
 [ 0.10220081 -0.78648606  0.60909332 -0.48131063]
 [ 0.          0.          0.          1.        ]]","[[-0.90260796 -0.38435199 -0.19383606 -0.13192429]
 [ 0.40097438 -0.58691211 -0.70338732 -0.1806924 ]
 [ 0.15658358 -0.71260629  0.68386684 -0.49084171]
 [ 0.          0.          0.          1.        ]]"
single_object,96,61,37,114,30,0.24558417597505686,0.3026645117922167,0.0027280190069000456,0.0021985208519859885,"[[ 0.92896234  0.10314491  0.35551386 -0.07208865]
 [-0.04328918 -0.92353634  0.38105995 -0.20215872]
 [ 0.36763436 -0.36938024 -0.85346541 -0.48247814]
 [ 0.          0.          0.          1.        ]]","[[ 0.93982269  0.33553867  0.06439807 -0.06178688]
 [ 0.26090642 -0.82651443  0.49880029 -0.19740435]
 [ 0.22059272 -0.45198196 -0.86432121 -0.48390774]
 [ 0.          0.          0.          1.        ]]"
single_object,96,61,28,18,30,0.6041939711664482,0.3283947803293635,0.003055162903084973,0.0028778268952610064,"[[-0.72556609  0.65253069  0.218535   -0.15441164]
 [-0.39740963 -0.65658475  0.64106322 -0.14754365]
 [ 0.56180018  0.37828582  0.73571761 -0.46491505]
 [ 0.          0.          0.          1.        ]]","[[-0.49481127  0.80061667 -0.33789755 -0.15068353]
 [-0.46078159  0.08794806  0.88314521 -0.13869031]
 [ 0.73677821  0.59268718  0.32539173 -0.4606922 ]
 [ 0.          0.          0.          1.        ]]"
single_object,96,62,37,127,30,0.19895879517727658,0.34621490581959125,0.0026620168033081896,0.002067905213353669,"[[ 0.74415618  0.61813194  0.2532676  -0.05317026]
 [ 0.16976231 -0.54168772  0.82325887 -0.16995025]
 [ 0.64607455 -0.56963789 -0.50803577 -0.49722605]
 [ 0.          0.          0.          1.        ]]","[[ 0.9661633   0.25792322  0.00202182 -0.07603217]
 [ 0.22117724 -0.83249717  0.50796564 -0.19355892]
 [ 0.13269929 -0.49033058 -0.86137496 -0.4897738 ]
 [ 0.          0.          0.          1.        ]]"
single_object,96,62,28,7,30,0.4515926833437803,0.4735882386460767,0.0029270397928200897,0.002765729313478066,"[[ 0.57767372 -0.63048116  0.51844631 -0.16803981]
 [ 0.11961368  0.69367     0.71029184 -0.12405456]
 [-0.80745627 -0.34830366  0.47612911 -0.47385294]
 [ 0.          0.          0.          1.        ]]","[[ 0.7557382  -0.50409342  0.41803061 -0.16447991]
 [-0.58215412 -0.22478261  0.78138937 -0.1259802 ]
 [-0.29992723 -0.83388404 -0.46333687 -0.47626492]
 [ 0.          0.          0.          1.        ]]"
single_object,96,63,37,72,25,0.34179550622863597,0.48077775711895193,0.0024695179091002314,0.002146514095839728,"[[ 0.86326929  0.24812771  0.43954383 -0.08809388]
 [-0.14539981 -0.71166336  0.68730936 -0.17631439]
 [ 0.48334774 -0.65724265 -0.5782794  -0.49942576]
 [ 0.          0.          0.          1.        ]]","[[ 0.97505058  0.21829259  0.0403077  -0.08697967]
 [ 0.16220115 -0.82458425  0.54198856 -0.18105329]
 [ 0.15154918 -0.5219283  -0.83941866 -0.49322289]
 [ 0.          0.          0.          1.        ]]"
single_object,96,64,37,101,30,0.35461748594802556,0.4793546818461362,0.00297857982514691,0.0022546991915563387,"[[ 0.8654047   0.11688718  0.48724952 -0.1005507 ]
 [-0.28585822 -0.68347614  0.67167361 -0.17524027]
 [ 0.41153345 -0.72055378 -0.55807031 -0.50258452]
 [ 0.          0.          0.          1.        ]]","[[ 0.95968753  0.00702156  0.28098139 -0.10284326]
 [-0.16315015 -0.80011635  0.5772312  -0.17933835]
 [ 0.22887087 -0.59980374 -0.76671611 -0.5021375 ]
 [ 0.          0.          0.          1.        ]]"
single_object,96,65,28,9,9,0.44458373696506925,0.49712234315345605,0.003052618455405657,0.0024177568556876874,"[[ 0.76921865  0.47332313  0.42926436 -0.17875415]
 [ 0.62947403 -0.44583004 -0.63639454 -0.09258057]
 [-0.10984131  0.75973732 -0.6408854  -0.47978994]
 [ 0.          0.          0.          1.        ]]","[[ 0.72278699  0.68050237 -0.12039722 -0.17900229]
 [-0.0166236  -0.15704729 -0.98745117 -0.09656231]
 [-0.69087091  0.71571829 -0.10219934 -0.48117845]
 [ 0.          0.          0.          1.        ]]"
single_object,96,65,37,118,9,0.5911197242523492,0.6157339206796436,0.0026651469003363577,0.0021758870656228444,"[[-0.98853431  0.11230981 -0.10092786 -0.09974818]
 [ 0.04388131  0.8532402   0.51966874 -0.16865927]
 [ 0.14447961  0.50928153 -0.84838551 -0.50628211]
 [ 0.          0.          0.          1.        ]]","[[-0.99828039  0.0480672  -0.03355314 -0.09914249]
 [ 0.02259449  0.84367232  0.53638279 -0.17125893]
 [ 0.05409027  0.53470231 -0.84330759 -0.50552179]
 [ 0.          0.          0.          1.        ]]"
single_object,96,66,28,3,30,0.28890535073223544,0.39939597697874524,0.003512318746527521,0.00272652106092926,"[[-0.86003642 -0.45288818  0.23500988 -0.18718635]
 [-0.50998905  0.7487827  -0.42336229 -0.08818711]
 [ 0.01576444 -0.48395946 -0.87494841 -0.47825646]
 [ 0.          0.          0.          1.        ]]","[[ 0.02678795 -0.72444125  0.68881585 -0.19461918]
 [-0.88536368  0.30273341  0.35282238 -0.07936069]
 [-0.46412666 -0.61930393 -0.63328437 -0.50026547]
 [ 0.          0.          0.          1.        ]]"
single_object,96,66,37,223,27,0.7252964144224031,0.8045238061185086,0.00257879225257475,0.002038952875503079,"[[ 0.9805341   0.19243159  0.03902517 -0.10771673]
 [ 0.12141003 -0.75040904  0.64972755 -0.16008137]
 [ 0.15431294 -0.63234197 -0.75916477 -0.50517224]
 [ 0.          0.          0.          1.        ]]","[[ 0.99398615  0.10949235  0.00172238 -0.10520556]
 [ 0.08336306 -0.76679288  0.63645838 -0.16148288]
 [ 0.07100803 -0.63248723 -0.77130912 -0.50897431]
 [ 0.          0.          0.          1.        ]]"
single_object,96,67,37,66,30,0.8050315364922267,0.8283656802871895,0.0026525411304092247,0.0023654458079730026,"[[ 0.99809995  0.05858941 -0.01907254 -0.10938216]
 [ 0.05764458 -0.77858653  0.62488408 -0.15553697]
 [ 0.02176197 -0.6247962  -0.78048455 -0.51488122]
 [ 0.          0.          0.          1.        ]]","[[ 0.99487113  0.06598846  0.07666138 -0.10975168]
 [-0.0019058  -0.74553044  0.66646885 -0.15585356]
 [ 0.10113264 -0.66319672 -0.74158095 -0.51452238]
 [ 0.          0.          0.          1.        ]]"
single_object,96,67,28,4,30,0.42253119835888087,0.3953501624024161,0.0030814444669642303,0.003178375018121133,"[[-0.03900021  0.41900849  0.90714435 -0.18620476]
 [ 0.73199175 -0.60599621  0.31137866 -0.08243637]
 [ 0.68019634  0.67616601 -0.28307678 -0.48139989]
 [ 0.          0.          0.          1.        ]]","[[-0.83360912  0.50388424 -0.22626646 -0.19516193]
 [-0.454349   -0.39257876  0.79965549 -0.09219316]
 [ 0.3141064   0.76940404  0.55619654 -0.48217677]
 [ 0.          0.          0.          1.        ]]"
single_object,96,68,28,4,30,0.4641290102000114,0.41780158413584817,0.002757541036211455,0.002392839330199844,"[[-0.91948116  0.38217591 -0.09217359 -0.19534212]
 [-0.36484148 -0.74218893  0.56217994 -0.08126074]
 [ 0.14644141  0.55054261  0.82186236 -0.48289308]
 [ 0.          0.          0.          1.        ]]","[[-0.65962094 -0.74806838  0.07275931 -0.20128153]
 [ 0.68203353 -0.63643307 -0.36025436 -0.07348967]
 [ 0.31580133 -0.18800703  0.9300123  -0.49098518]
 [ 0.          0.          0.          1.        ]]"
single_object,96,68,37,71,30,0.6297072326549292,0.8233813412663225,0.0028355501692968344,0.002298740449298698,"[[ 0.99892766 -0.00231245 -0.04624045 -0.10185672]
 [ 0.0328473  -0.6684562   0.74302582 -0.14731832]
 [-0.03262793 -0.74374792 -0.66766343 -0.51773869]
 [ 0.          0.          0.          1.        ]]","[[ 0.9956615   0.09280007 -0.00680558 -0.11019137]
 [ 0.0709482  -0.70981643  0.70080453 -0.14882322]
 [ 0.060204   -0.69824694 -0.71332089 -0.51818778]
 [ 0.          0.          0.          1.        ]]"
single_object,96,69,37,109,16,0.7411075673279081,0.8536163274646377,0.0027373227799694774,0.0019480098362494296,"[[ 0.99991405  0.00727497 -0.01090712 -0.11192593]
 [ 0.01305287 -0.63044446  0.77612461 -0.13530709]
 [-0.00123005 -0.77620027 -0.63048523 -0.51779205]
 [ 0.          0.          0.          1.        ]]","[[ 0.99717954  0.06937211  0.02864403 -0.11265808]
 [ 0.02642768 -0.68175599  0.73110215 -0.14263685]
 [ 0.07024634 -0.72828311 -0.68166646 -0.52383331]
 [ 0.          0.          0.          1.        ]]"
single_object,96,70,37,97,22,0.718052317681889,0.8151575394384931,0.0022796667775091583,0.0020836322030233804,"[[ 0.99587556 -0.07913886  0.04437233 -0.11127872]
 [-0.08506566 -0.64433545  0.75999715 -0.12881988]
 [-0.03155464 -0.76063715 -0.64840992 -0.52098815]
 [ 0.          0.          0.          1.        ]]","[[ 0.99799846  0.06246356  0.00986815 -0.11379845]
 [ 0.03416099 -0.66382933  0.7471035  -0.13305394]
 [ 0.05321751 -0.74527104 -0.66463447 -0.52682488]
 [ 0.          0.          0.          1.        ]]"
single_object,96,71,28,16,30,0.40435352441734573,0.47717818679127016,0.0030028986483521176,0.002542876767668108,"[[-0.6101509  -0.6688202   0.42472982 -0.1958294 ]
 [-0.79066277  0.47972373 -0.38041756 -0.06523778]
 [ 0.05067797 -0.56793017 -0.8215151  -0.48879515]
 [ 0.          0.          0.          1.        ]]","[[-0.75932111  0.57603568 -0.30267862 -0.20889709]
 [-0.62693231 -0.52300058  0.57743075 -0.04471886]
 [ 0.17431962  0.62821437  0.75826076 -0.4955222 ]
 [ 0.          0.          0.          1.        ]]"
single_object,96,71,37,176,30,0.684706589053047,0.8541097555743075,0.002988414791961222,0.0021658029352117363,"[[ 0.94562691  0.11465977  0.30437294 -0.11668228]
 [-0.16981658 -0.62408082  0.76268307 -0.12465363]
 [ 0.27740238 -0.7729012  -0.57067649 -0.53009881]
 [ 0.          0.          0.          1.        ]]","[[ 0.99866146  0.04698419 -0.02162797 -0.11482711]
 [ 0.04612918 -0.6199076   0.78331773 -0.1261573 ]
 [ 0.02339621 -0.78326691 -0.62124517 -0.53029899]
 [ 0.          0.          0.          1.        ]]"
single_object,96,72,37,387,29,0.8090147170297058,0.818990546203464,0.002442825022842315,0.0023202925056661104,"[[ 0.9902992   0.1049927  -0.09101664 -0.11511255]
 [ 0.13398247 -0.54791613  0.82573399 -0.12031851]
 [ 0.03682655 -0.82991834 -0.55666808 -0.53761698]
 [ 0.          0.          0.          1.        ]]","[[ 0.9986426   0.04232158 -0.03036199 -0.11547825]
 [ 0.04888337 -0.56027885  0.82686034 -0.12196463]
 [ 0.01798285 -0.82722216 -0.56158715 -0.53854245]
 [ 0.          0.          0.          1.        ]]"
single_object,96,73,28,25,30,0.6998119550971565,0.4940452447432902,0.002552770477107613,0.002426213139635042,"[[ 0.62170154 -0.52226079  0.58372156 -0.19901653]
 [-0.47102232  0.34614632  0.81136964 -0.04430308]
 [-0.62579962 -0.77937564 -0.03079679 -0.499735  ]
 [ 0.          0.          0.          1.        ]]","[[ 0.47388232 -0.81319889  0.33785072 -0.19435979]
 [-0.83565961 -0.29430485  0.4637431  -0.035774  ]
 [-0.27768427 -0.50208786 -0.81902334 -0.50269969]
 [ 0.          0.          0.          1.        ]]"
single_object,96,73,37,95,30,0.780410188932908,0.8348088502409932,0.0024562249521202055,0.0021470103867890526,"[[ 0.99537106 -0.04687826  0.083898   -0.12173813]
 [-0.0960931  -0.49998969  0.8606837  -0.11381214]
 [ 0.00160078 -0.86476167 -0.50217994 -0.54023313]
 [ 0.          0.          0.          1.        ]]","[[ 0.99944262  0.03310288 -0.0043192  -0.1175199 ]
 [ 0.02128242 -0.5321222   0.84640004 -0.11507828]
 [ 0.02571994 -0.84602019 -0.53253011 -0.54245076]
 [ 0.          0.          0.          1.        ]]"
single_object,96,74,37,128,28,0.6611936669574794,0.7340637022840716,0.0029705482413819955,0.002297627104061309,"[[ 0.99099544  0.13148734  0.02528076 -0.12094764]
 [ 0.0517583  -0.55031863  0.83334896 -0.10298558]
 [ 0.12348731 -0.82453653 -0.55216882 -0.54271845]
 [ 0.          0.          0.          1.        ]]","[[ 0.99913027  0.0323247  -0.02634034 -0.1185349 ]
 [ 0.03880543 -0.48965018  0.87105501 -0.10779467]
 [ 0.01525904 -0.87131958 -0.49047869 -0.54594803]
 [ 0.          0.          0.          1.        ]]"
single_object,96,75,37,180,30,0.635649823367039,0.6900127290150031,0.0026537825599709853,0.002306109975608522,"[[ 0.99466463  0.09628432  0.0370351  -0.12221315]
 [ 0.00850978 -0.43435823  0.90070001 -0.09592786]
 [ 0.10280978 -0.89557929 -0.43286013 -0.54511568]
 [ 0.          0.          0.          1.        ]]","[[ 0.99555866  0.06499305 -0.06810912 -0.11804131]
 [ 0.0901745  -0.45047986  0.88822095 -0.10027818]
 [ 0.0270464  -0.89041777 -0.45433984 -0.54972405]
 [ 0.          0.          0.          1.        ]]"
single_object,96,75,28,14,30,0.5096586700096871,0.6730867855718274,0.0028621822871742345,0.002751012262105432,"[[-0.21362124  0.74687929 -0.62971207 -0.21552731]
 [-0.77087675  0.26708281  0.57828696 -0.03426986]
 [ 0.60009582  0.60896477  0.51869732 -0.49554726]
 [ 0.          0.          0.          1.        ]]","[[-0.49700338  0.76998373 -0.40014085 -0.21452851]
 [-0.69110413 -0.07237951  0.71912188 -0.02775329]
 [ 0.52475015  0.633945    0.5681118  -0.49830078]
 [ 0.          0.          0.          1.        ]]"
single_object,96,76,37,197,30,0.49036742516340337,0.6725711180079806,0.0030905908425342098,0.002329090952003319,"[[ 0.94702244 -0.27206111  0.17067879 -0.15962235]
 [-0.29151438 -0.50512227  0.81232435 -0.07713252]
 [-0.13478821 -0.81904471 -0.55767186 -0.52041875]
 [ 0.          0.          0.          1.        ]]","[[ 0.98254751 -0.16972699  0.07611263 -0.15506277]
 [-0.14797305 -0.46524833  0.87272445 -0.08321463]
 [-0.11271362 -0.86875586 -0.48224361 -0.52162682]
 [ 0.          0.          0.          1.        ]]"
single_object,96,76,28,12,30,0.5705168385663001,0.531084392273064,0.0030247605113475616,0.002636368857015634,"[[-0.92130111 -0.32392372  0.21512248 -0.21963701]
 [-0.38824339  0.73538713 -0.55540331 -0.01278966]
 [ 0.02171    -0.59521357 -0.80327422 -0.45994438]
 [ 0.          0.          0.          1.        ]]","[[-0.22862363 -0.75995779  0.60843685 -0.21477063]
 [-0.76509951  0.52671619  0.37039545 -0.00342697]
 [-0.60195845 -0.38083358 -0.7018631  -0.46523947]
 [ 0.          0.          0.          1.        ]]"
single_object,96,77,37,108,30,0.4318783163374762,0.6938171312518772,0.0030468167430677674,0.002552815128557132,"[[-0.90256325  0.42974136  0.02649415 -0.14178143]
 [ 0.24950529  0.47188944  0.84561662 -0.08964429]
 [ 0.35089413  0.76983292 -0.53313281 -0.51167401]
 [ 0.          0.          0.          1.        ]]","[[-0.98994892  0.12667082  0.06289395 -0.1524389 ]
 [ 0.12501809  0.57589383  0.80790889 -0.08669173]
 [ 0.06611824  0.80765141 -0.58594162 -0.51599932]
 [ 0.          0.          0.          1.        ]]"
single_object,96,77,28,21,30,0.4567781639979486,0.5717704712519232,0.0025979149722763248,0.002641029842906896,"[[ 9.37072289e-01 -3.46840588e-01  3.99641201e-02 -2.14533668e-01]
 [-3.33852976e-01 -9.23660376e-01 -1.88132135e-01  9.26463031e-06]
 [ 1.02165135e-01  1.62951270e-01 -9.81330306e-01 -4.74162789e-01]
 [ 0.00000000e+00  0.00000000e+00  0.00000000e+00  1.00000000e+00]]","[[ 0.67218595  0.69733063  0.24878914 -0.21919313]
 [ 0.74002429 -0.64324307 -0.19647495 -0.01492552]
 [ 0.02302389  0.3161777  -0.94842056 -0.46891498]
 [ 0.          0.          0.          1.        ]]"
single_object,96,78,37,129,30,0.5841545216607789,0.6763755202448548,0.0025895858022236683,0.002222965583520436,"[[-0.8893488   0.36109499  0.28048015 -0.17452096]
 [ 0.42605768  0.43185552  0.79496897 -0.11033073]
 [ 0.16593242  0.82650542 -0.53791748 -0.54491371]
 [ 0.          0.          0.          1.        ]]","[[-0.95388024  0.24500831  0.17344572 -0.16455379]
 [ 0.28022198  0.51956358  0.80717367 -0.11167444]
 [ 0.10764818  0.81855031 -0.56425814 -0.54222779]
 [ 0.          0.          0.          1.        ]]"
single_object,96,78,28,23,10,0.5821414325602599,0.7183885121659354,0.0025308813101280357,0.0023295795136612104,"[[ 0.82158844 -0.40976128  0.39634344 -0.21100789]
 [-0.0047387   0.69030772  0.72350038 -0.01959311]
 [-0.57006138 -0.59629771  0.56520711 -0.46432332]
 [ 0.          0.          0.          1.        ]]","[[ 0.36551973 -0.50918268  0.7791844  -0.21550799]
 [-0.46322663  0.62657499  0.62675742 -0.01540768]
 [-0.80735148 -0.59003117 -0.00684146 -0.46711936]
 [ 0.          0.          0.          1.        ]]"
single_object,96,79,37,191,30,0.689075930719833,0.8264205723766073,0.002754157091741093,0.0021606916292506184,"[[ 9.97124004e-01 -5.20434990e-02  5.50926071e-02 -1.51205036e-01]
 [-7.57869531e-02 -6.82398292e-01  7.27041201e-01 -8.85452614e-02]
 [-2.42666992e-04 -7.29125534e-01 -6.84379936e-01 -4.99433783e-01]
 [ 0.00000000e+00  0.00000000e+00  0.00000000e+00  1.00000000e+00]]","[[ 0.96266503 -0.19562704  0.18709919 -0.15584653]
 [-0.26676739 -0.56828542  0.77838733 -0.10039941]
 [-0.04594787 -0.79923822 -0.59925542 -0.51253503]
 [ 0.          0.          0.          1.        ]]"
single_object,96,79,28,7,30,0.6369593709043251,0.3642942617812981,0.003159961339800406,0.002782633957866659,"[[ 0.90638754 -0.39107807 -0.15974847 -0.21111949]
 [ 0.42140645  0.86354351  0.27696427 -0.02138147]
 [ 0.0296351  -0.318356    0.9475079  -0.45410536]
 [ 0.          0.          0.          1.        ]]","[[ 0.17913023 -0.62032717 -0.76361414 -0.22457402]
 [ 0.25917278  0.77850601 -0.57162738 -0.03554783]
 [ 0.9490742  -0.09551226  0.30022588 -0.46738681]
 [ 0.          0.          0.          1.        ]]"
single_object,96,80,28,21,30,0.5707447717818679,0.5261268448344635,0.003178181025872276,0.0031128296469148764,"[[ 0.74119301  0.60991624  0.28041951 -0.20972488]
 [ 0.67092867 -0.68680339 -0.27956362 -0.02862153]
 [ 0.02208268  0.39535209 -0.91826417 -0.46219253]
 [ 0.          0.          0.          1.        ]]","[[ 0.66298399  0.6010974   0.44624449 -0.21278023]
 [ 0.71734486 -0.68060532 -0.14897232 -0.03539412]
 [ 0.2141695   0.41887745 -0.88242456 -0.4682857 ]
 [ 0.          0.          0.          1.        ]]"
single_object,96,80,37,233,30,0.6869305911125732,0.7124386790428925,0.002428539582722167,0.0022294335754762477,"[[-0.95859356  0.26434496  0.10592512 -0.15697951]
 [ 0.25574323  0.63546782  0.72854379 -0.12403185]
 [ 0.12527487  0.72546701 -0.67675979 -0.53116432]
 [ 0.          0.          0.          1.        ]]","[[-0.9586395   0.28236712  0.03576471 -0.15797383]
 [ 0.20251457  0.58838861  0.78280693 -0.12681198]
 [ 0.19999539  0.75767252 -0.62123602 -0.53416712]
 [ 0.          0.          0.          1.        ]]"
single_object,96,81,37,161,30,0.7327049871994736,0.8077489666614225,0.0025975422975499673,0.0021675548116440566,"[[ 0.98481741 -0.06259914  0.1619136  -0.14986875]
 [-0.16542631 -0.621149    0.76603398 -0.11527846]
 [ 0.0526194  -0.78118837 -0.62207389 -0.50827647]
 [ 0.          0.          0.          1.        ]]","[[ 0.97578006 -0.16042568  0.14871743 -0.15309139]
 [-0.21791472 -0.6533625   0.72500388 -0.11261883]
 [-0.01914284 -0.73985204 -0.67249722 -0.50633987]
 [ 0.          0.          0.          1.        ]]"
single_object,96,82,28,9,30,0.6085816855661291,0.7129181149923073,0.002732997367647351,0.0027614256494453778,"[[ 0.61672312 -0.6671262  -0.41784594 -0.21134449]
 [ 0.78717786  0.52394472  0.32531975 -0.03137108]
 [ 0.00189885 -0.52955128  0.8482758  -0.455799  ]
 [ 0.          0.          0.          1.        ]]","[[-0.1639421  -0.56374875 -0.80951241 -0.218384  ]
 [ 0.56695568  0.61769737 -0.54498735 -0.04044295]
 [ 0.80726962 -0.54830403  0.21835395 -0.45941199]
 [ 0.          0.          0.          1.        ]]"
single_object,96,82,37,240,30,0.7836138960797494,0.8243896508817345,0.002560338129830381,0.0021894418095829414,"[[ 0.99191575 -0.12673221 -0.0064871  -0.15082066]
 [-0.08518097 -0.70284942  0.70622014 -0.12012043]
 [-0.09406029 -0.69995831 -0.70796259 -0.50648884]
 [ 0.          0.          0.          1.        ]]","[[ 0.98052816 -0.14487816  0.13257012 -0.15090654]
 [-0.19619143 -0.6932356   0.69349357 -0.11886454]
 [-0.00856975 -0.70599909 -0.70816088 -0.50321147]
 [ 0.          0.          0.          1.        ]]"
single_object,96,83,37,136,30,0.5630658333214148,0.798910167479512,0.0027663291431278343,0.0022187769963667504,"[[ 0.9921492   0.12496652 -0.00483029 -0.13985976]
 [ 0.08859465 -0.67507154  0.73241341 -0.12794209]
 [ 0.08826636 -0.72709132 -0.68084305 -0.50001179]
 [ 0.          0.          0.          1.        ]]","[[ 0.99534599 -0.09305842  0.02502967 -0.14617742]
 [-0.08520247 -0.72849315  0.67973397 -0.12714285]
 [-0.04502102 -0.67870307 -0.73303155 -0.50054559]
 [ 0.          0.          0.          1.        ]]"
single_object,96,83,28,16,30,0.4391133397914411,0.4026440253005869,0.0028385969263084983,0.002696126283115404,"[[-0.37629215 -0.88231409 -0.28271198 -0.21815762]
 [-0.34623951  0.41694734 -0.84040057 -0.04522671]
 [ 0.85937327 -0.21835008 -0.46238601 -0.46365511]
 [ 0.          0.          0.          1.        ]]","[[-0.67495325 -0.53917622  0.50371334 -0.22140558]
 [ 0.43287931 -0.84219228 -0.32144623 -0.03827789]
 [ 0.59753964  0.00108591  0.80183864 -0.46796791]
 [ 0.          0.          0.          1.        ]]"
single_object,96,84,28,6,23,0.4481736851102627,0.5967291583566016,0.002970863508311875,0.0024927088445341047,"[[-0.42458185 -0.30074981  0.85397881 -0.20856182]
 [-0.74896376  0.64663098 -0.14464325 -0.04000064]
 [-0.50870772 -0.70101208 -0.49979849 -0.46885416]
 [ 0.          0.          0.          1.        ]]","[[ 0.47652382 -0.45412643  0.75279096 -0.21362984]
 [-0.52590587  0.53892545  0.65801397 -0.04417606]
 [-0.70451974 -0.70945651  0.01798306 -0.47140291]
 [ 0.          0.          0.          1.        ]]"
single_object,96,84,37,177,30,0.5695733634634362,0.6097484231753887,0.002023355025261884,0.00193776362424736,"[[-0.94071779  0.18149839 -0.2865456  -0.1396317 ]
 [-0.04714424  0.76662938  0.64035678 -0.15183296]
 [ 0.335898    0.61590399 -0.71262529 -0.51422354]
 [ 0.          0.          0.          1.        ]]","[[-0.95846725  0.21483623 -0.18757912 -0.14402334]
 [ 0.03635014  0.74436123  0.66678709 -0.15671038]
 [ 0.28287665  0.63227506 -0.72125519 -0.51759577]
 [ 0.          0.          0.          1.        ]]"
single_object,96,85,37,104,30,0.6465409974398947,0.7078977102075259,0.002759216242398815,0.002134861537388159,"[[-0.96012325  0.27957478 -0.00113157 -0.14463676]
 [ 0.23875738  0.82203941  0.51695853 -0.15625067]
 [ 0.14545877  0.49607373 -0.8560097  -0.5044703 ]
 [ 0.          0.          0.          1.        ]]","[[-0.96373575  0.24596573 -0.10350975 -0.14594082]
 [ 0.12779975  0.76591259  0.63011517 -0.1632312 ]
 [ 0.23426616  0.594036   -0.7695717  -0.51309992]
 [ 0.          0.          0.          1.        ]]"
single_object,96,85,28,6,18,0.5269815943928429,0.538207305259559,0.0031040477080691987,0.002784029881872969,"[[-0.82164893 -0.43900317 -0.36355088 -0.21695728]
 [ 0.29182704  0.22388513 -0.92989915 -0.05381306]
 [ 0.48962231 -0.87014462 -0.05584198 -0.46939809]
 [ 0.          0.          0.          1.        ]]","[[-0.15384914 -0.66204474 -0.73350338 -0.21743195]
 [ 0.8867048   0.23504637 -0.39813039 -0.05762126]
 [ 0.43598744 -0.71165298  0.55087656 -0.46001027]
 [ 0.          0.          0.          1.        ]]"
single_object,96,86,37,72,30,0.7243953717873539,0.8097155279680773,0.0024396273199086293,0.0021223095419115683,"[[ 0.99678541  0.07933146  0.01119705 -0.1435992 ]
 [ 0.05995938 -0.83135889  0.55249188 -0.14356866]
 [ 0.05313875 -0.55004447 -0.83344307 -0.4877111 ]
 [ 0.          0.          0.          1.        ]]","[[ 0.99871117 -0.04896615  0.01335373 -0.13981223]
 [-0.04769798 -0.81557753  0.57667858 -0.1451861 ]
 [-0.01734673 -0.57657229 -0.81686198 -0.48869771]
 [ 0.          0.          0.          1.        ]]"
single_object,96,87,28,15,30,0.5294888597640891,0.4867513818451194,0.0032792743076989995,0.0030445308618347908,"[[-0.64543146 -0.27393223 -0.71300727 -0.21502835]
 [-0.01471361  0.93776346 -0.34696282 -0.07596631]
 [ 0.76367646 -0.21344981 -0.60929257 -0.46983851]
 [ 0.          0.          0.          1.        ]]","[[-0.25195086 -0.01496414 -0.96762433 -0.21436755]
 [-0.16263981  0.98631341  0.02709513 -0.07944824]
 [ 0.9539754   0.16420088 -0.25093627 -0.46923431]
 [ 0.          0.          0.          1.        ]]"
single_object,96,87,37,192,30,0.6128377122098428,0.7618100945379653,0.0026247060370876017,0.0019748100864458297,"[[ 0.98181405 -0.16833081 -0.08778334 -0.12723781]
 [-0.09801841 -0.84546708  0.52495505 -0.14761266]
 [-0.16258403 -0.50680386 -0.84659097 -0.486311  ]
 [ 0.          0.          0.          1.        ]]","[[ 0.99854418 -0.03895111  0.03731402 -0.13648031]
 [-0.05311699 -0.8304481   0.55455796 -0.15211218]
 [ 0.00938671 -0.55573263 -0.83130808 -0.48504375]
 [ 0.          0.          0.          1.        ]]"
single_object,96,88,37,67,30,0.4569072784221742,0.4764441711122871,0.0023140244932105865,0.002056230108152042,"[[-0.98575279  0.13759739 -0.09673876 -0.12905784]
 [ 0.05841404  0.81939502  0.57024521 -0.16535578]
 [ 0.15773151  0.55646991 -0.81575855 -0.48424257]
 [ 0.          0.          0.          1.        ]]","[[-0.96549301  0.17505963 -0.19281436 -0.12917774]
 [ 0.04645282  0.8442618   0.533914   -0.18633898]
 [ 0.25625258  0.50653346 -0.82326087 -0.49750877]
 [ 0.          0.          0.          1.        ]]"
single_object,96,89,28,27,30,0.389822781924896,0.3199042680494615,0.003269595446834602,0.0025682590151786186,"[[ 0.99232504 -0.10791042  0.06038507 -0.19386697]
 [-0.12292403 -0.80774597  0.57657274 -0.09776293]
 [-0.01344241 -0.57957034 -0.81481134 -0.46898879]
 [ 0.          0.          0.          1.        ]]","[[ 0.9472058   0.24628931 -0.20528697 -0.18615859]
 [ 0.31097362 -0.86161394  0.40114439 -0.10951074]
 [-0.07808054 -0.44380513 -0.8927152  -0.46422161]
 [ 0.          0.          0.          1.        ]]"
single_object,96,89,37,131,30,0.4055907550165191,0.5266665713182397,0.002665925890126028,0.0023634012869640265,"[[-0.85485189  0.49248032  0.16337498 -0.1284421 ]
 [ 0.51800786  0.79185414  0.32347313 -0.16504971]
 [ 0.02993499  0.36115115 -0.93202669 -0.48123407]
 [ 0.          0.          0.          1.        ]]","[[-0.9941075   0.0964627  -0.04944918 -0.12168169]
 [ 0.0694491   0.91703283  0.39271823 -0.17264644]
 [ 0.08322919  0.38696994 -0.91832846 -0.48001825]
 [ 0.          0.          0.          1.        ]]"
single_object,96,90,37,114,30,0.3492398346658276,0.3829717244239763,0.002765492190145074,0.002533179918221579,"[[-0.83188295 -0.55352009  0.03982794 -0.12583435]
 [-0.54818787  0.83079614  0.09626957 -0.14409333]
 [-0.08637604  0.05825182 -0.99455815 -0.4622658 ]
 [ 0.          0.          0.          1.        ]]","[[-0.8683748  -0.49504476 -0.02925548 -0.11924623]
 [-0.4942311   0.85908229  0.13309107 -0.15267788]
 [-0.04075317  0.13003191 -0.99067193 -0.46537126]
 [ 0.          0.          0.          1.        ]]"
single_object,96,90,28,3,30,0.34264060630235343,0.4445267536611773,0.0031080484835758365,0.0026974746065838453,"[[ 0.98238331  0.18441207  0.0302526  -0.18328983]
 [ 0.18500988 -0.9369124  -0.29659147 -0.11659095]
 [-0.02635101  0.29696354 -0.95452516 -0.45956241]
 [ 0.          0.          0.          1.        ]]","[[ 0.31316538  0.72887065 -0.60883086 -0.17667394]
 [ 0.42042834 -0.68123706 -0.59929632 -0.11669302]
 [-0.85156764 -0.06829089 -0.51977774 -0.45820621]
 [ 0.          0.          0.          1.        ]]"
single_object,96,91,37,165,30,0.6690599121840988,0.7261116434731618,0.002502668871880672,0.0021947092782280005,"[[ 0.99721451 -0.06736487  0.03201869 -0.15437432]
 [-0.0744332  -0.92635306  0.36922854 -0.12067088]
 [ 0.00478758 -0.37058331 -0.92878689 -0.45383763]
 [ 0.          0.          0.          1.        ]]","[[ 0.99134017 -0.1312682   0.00365045 -0.15536539]
 [-0.121322   -0.9048798   0.40801166 -0.14176389]
 [-0.05025574 -0.40492123 -0.91296942 -0.46191636]
 [ 0.          0.          0.          1.        ]]"
single_object,96,92,28,12,30,0.5293748931563051,0.6985013391076415,0.003133785499293192,0.0023676106783021935,"[[ 0.93780783 -0.12546099  0.32369124 -0.2150538 ]
 [-0.20074917 -0.95669216  0.21080767 -0.03294269]
 [ 0.28322474 -0.26267783 -0.92237959 -0.45076442]
 [ 0.          0.          0.          1.        ]]","[[ 0.11924801 -0.47833991  0.87004071 -0.21970682]
 [-0.93505845  0.24053343  0.2604023  -0.03302894]
 [-0.33383469 -0.84459138 -0.41859264 -0.45850652]
 [ 0.          0.          0.          1.        ]]"
single_object,96,92,37,110,30,0.5080307212631759,0.8321629313920393,0.0029955908193226065,0.002112682378564624,"[[ 0.96407339 -0.12282601  0.23553401 -0.16886519]
 [-0.19225835 -0.93448424  0.29962633 -0.1305803 ]
 [ 0.18330091 -0.33414516 -0.92452571 -0.47210288]
 [ 0.          0.          0.          1.        ]]","[[ 0.95707091 -0.23483002  0.16991213 -0.16680091]
 [-0.28548612 -0.86508434  0.41246427 -0.13347308]
 [ 0.05012933 -0.44326511 -0.89498776 -0.46559662]
 [ 0.          0.          0.          1.        ]]"
single_object,96,93,37,272,30,0.8026359072641199,0.8865329881720276,0.0022382737579179674,0.002086278452318702,"[[ 0.9746593  -0.21984201 -0.04133683 -0.16400274]
 [-0.16971446 -0.84711063  0.50358771 -0.1244525 ]
 [-0.1457266  -0.48381099 -0.86295462 -0.46872036]
 [ 0.          0.          0.          1.        ]]","[[ 0.94668337 -0.26840618  0.17818169 -0.17177531]
 [-0.32100564 -0.83276074  0.45107088 -0.12569128]
 [ 0.0273125  -0.48421863 -0.87452064 -0.46827912]
 [ 0.          0.          0.          1.        ]]"
single_object,96,94,37,97,30,0.78972811396044,0.8912527353079993,0.0025933348039561795,0.0021597162921629604,"[[ 0.97513661 -0.21539708 -0.05208342 -0.17352302]
 [-0.15300231 -0.82442348  0.54490019 -0.12019436]
 [-0.1603087  -0.52338324 -0.83688177 -0.472912  ]
 [ 0.          0.          0.          1.        ]]","[[ 0.95579539 -0.27647572  0.10008171 -0.17292438]
 [-0.28786657 -0.81053629  0.51006251 -0.11858116]
 [-0.05990004 -0.51632558 -0.85429496 -0.47014738]
 [ 0.          0.          0.          1.        ]]"
single_object,96,95,28,7,30,0.41221722035443614,0.3307880790928258,0.003080017766392879,0.002922696497480117,"[[-0.91653077  0.31161159  0.25073803 -0.2288466 ]
 [ 0.37011866  0.42316208  0.8270103  -0.01149921]
 [ 0.15160317  0.85078321 -0.50317433 -0.44941613]
 [ 0.          0.          0.          1.        ]]","[[-0.80906205  0.54888102  0.2101148  -0.23244987]
 [-0.3358026  -0.72512111  0.60119547 -0.01892529]
 [ 0.48234346  0.41584734  0.77098364 -0.43669675]
 [ 0.          0.          0.          1.        ]]"
single_object,96,95,37,77,30,0.7979447646562451,0.8399576652984168,0.0024654914569302595,0.0021262203995409323,"[[ 0.94331153 -0.31599983  0.10152573 -0.17559244]
 [-0.32215639 -0.79810489  0.50915994 -0.11668293]
 [-0.07986627 -0.5130036  -0.85466291 -0.4726348 ]
 [ 0.          0.          0.          1.        ]]","[[ 0.93686697 -0.30634429  0.16862223 -0.1765153 ]
 [-0.34873687 -0.78301599  0.51504229 -0.11329043]
 [-0.02574636 -0.5413309  -0.84041536 -0.472646  ]
 [ 0.          0.          0.          1.        ]]"
single_object,96,96,37,181,30,0.6738797751684091,0.8268567914300834,0.0022740421076977687,0.0021020748964451605,"[[ 0.98267552 -0.17926575 -0.04703845 -0.17665909]
 [-0.11247708 -0.77856533  0.61740176 -0.1143791 ]
 [-0.14730149 -0.60141484 -0.78524038 -0.48042462]
 [ 0.          0.          0.          1.        ]]","[[ 0.94927833 -0.30483867  0.07709765 -0.17676349]
 [-0.288173   -0.74532995  0.60119846 -0.10740976]
 [-0.12580535 -0.59292213 -0.79537184 -0.47454977]
 [ 0.          0.          0.          1.        ]]"
single_object,96,97,37,181,30,0.6249231253307399,0.6579971109426622,0.0022539273489502964,0.00211165525752474,"[[-0.86338904  0.49890124 -0.07521257 -0.18487912]
 [ 0.2962234   0.62192054  0.7248907  -0.12313709]
 [ 0.40842511  0.60358296 -0.6847456  -0.49736957]
 [ 0.          0.          0.          1.        ]]","[[-0.87611382  0.48151365 -0.02385747 -0.18970223]
 [ 0.33446275  0.64270491  0.68924964 -0.12806756]
 [ 0.34721642  0.5958817  -0.72413103 -0.500525  ]
 [ 0.          0.          0.          1.        ]]"
single_object,96,97,28,13,30,0.6056185537637472,0.7671092369935609,0.003027354035815846,0.002896868000397611,"[[-0.78998467 -0.46627832 -0.39813157 -0.22460356]
 [ 0.22820686  0.37908153 -0.89678248 -0.00719257]
 [ 0.56907455 -0.79930077 -0.19306069 -0.43183403]
 [ 0.          0.          0.          1.        ]]","[[ 0.0100831  -0.45157087 -0.89217828 -0.22588562]
 [ 0.76849525  0.57435182 -0.28201958 -0.00567474]
 [ 0.63977604 -0.68279114  0.35282132 -0.43347107]
 [ 0.          0.          0.          1.        ]]"
single_object,96,98,37,79,30,0.7581844706016962,0.818776012242738,0.002270588300109758,0.002056107451055302,"[[ 0.92082394 -0.29533898  0.25467266 -0.18400302]
 [-0.38971528 -0.67289635  0.62875472 -0.09901813]
 [-0.01432748 -0.67822222 -0.73471718 -0.48194228]
 [ 0.          0.          0.          1.        ]]","[[ 0.90588127 -0.3598999   0.2232738  -0.18217608]
 [-0.41858314 -0.68043532  0.60149475 -0.09462648]
 [-0.06455452 -0.63834148 -0.76704164 -0.47764752]
 [ 0.          0.          0.          1.        ]]"
single_object,96,98,28,3,30,0.607385036184398,0.3101601230839364,0.0029886518831817024,0.0031582571527144065,"[[-0.30376977 -0.68424514  0.66297249 -0.22353499]
 [-0.89745448  0.43910436  0.04198588 -0.00203801]
 [-0.31984274 -0.58223359 -0.74746549 -0.4398693 ]
 [ 0.          0.          0.          1.        ]]","[[ 0.75805401 -0.15016415  0.63466908 -0.21118754]
 [ 0.18477749  0.9827094   0.01181152 -0.02492741]
 [-0.62546893  0.10831879  0.77269376 -0.43529423]
 [ 0.          0.          0.          1.        ]]"
single_object,96,99,28,5,30,0.7555416263034931,0.6039090546469884,0.0031016261978336576,0.002875736148156174,"[[ 0.07540247 -0.3518387  -0.93301875 -0.22464961]
 [ 0.58217641  0.77518553 -0.24527131  0.00156147]
 [ 0.80955858 -0.52468745  0.2632831  -0.4297928 ]
 [ 0.          0.          0.          1.        ]]","[[ 0.03687515 -0.6337189  -0.77268401 -0.22787101]
 [ 0.766729    0.51383765 -0.38483439 -0.00369067]
 [ 0.64091096 -0.57824841  0.5048385  -0.42953356]
 [ 0.          0.          0.          1.        ]]"
single_object,96,99,37,267,30,0.7500321800941089,0.8360245426851071,0.0026808808656580228,0.0021935587750832966,"[[ 0.91904518 -0.29663989  0.25953947 -0.17932673]
 [-0.39382509 -0.66428023  0.63532163 -0.09032274]
 [-0.0160548  -0.68610244 -0.72732777 -0.47747233]
 [ 0.          0.          0.          1.        ]]","[[ 0.91280272 -0.36206494  0.18894489 -0.18204752]
 [-0.39213362 -0.64773301  0.65320224 -0.08980253]
 [-0.11411579 -0.67033643 -0.73323029 -0.479847  ]
 [ 0.          0.          0.          1.        ]]"
single_object,96,100,28,5,30,0.577696734856687,0.6058464869793151,0.0031195413171184053,0.00266853339301195,"[[-8.13235996e-01 -5.35227933e-01 -2.28425646e-01 -2.30261774e-01]
 [ 5.71703050e-01 -6.61534729e-01 -4.85311678e-01  4.66847030e-04]
 [ 1.08640868e-01 -5.25264564e-01  8.43975296e-01 -4.38064986e-01]
 [ 0.00000000e+00  0.00000000e+00  0.00000000e+00  1.00000000e+00]]","[[-0.90849474 -0.29506237  0.29593159 -0.23572753]
 [ 0.14086416 -0.8829246  -0.44788553 -0.0067309 ]
 [ 0.39343944 -0.36521549  0.84369606 -0.4424578 ]
 [ 0.          0.          0.          1.        ]]"
single_object,96,100,37,110,30,0.7280639025157682,0.7977016261674224,0.0026186294438066433,0.0020207932733659812,"[[ 0.92861368 -0.31770378  0.19167925 -0.1836248 ]
 [-0.36249917 -0.66654008  0.65139747 -0.08665875]
 [-0.07918954 -0.67438017 -0.7341256  -0.48579935]
 [ 0.          0.          0.          1.        ]]","[[ 0.9129132  -0.35773896  0.19650019 -0.18267524]
 [-0.3917018  -0.63258828  0.66813305 -0.08523368]
 [-0.11471351 -0.68691695 -0.71762519 -0.48142171]
 [ 0.          0.          0.          1.        ]]"
single_object,96,101,37,85,30,0.7208055035112059,0.7831419213661522,0.002339577855100256,0.0020543191319596487,"[[ 0.90512557 -0.41199552  0.10491614 -0.17961223]
 [-0.35993176 -0.61125113  0.70485544 -0.08084316]
 [-0.22626717 -0.67574533 -0.7015493  -0.48659964]
 [ 0.          0.          0.          1.        ]]","[[ 0.91828939 -0.36850298  0.14474165 -0.18172316]
 [-0.3503269  -0.5860028   0.7306653  -0.08091003]
 [-0.18443333 -0.72166909 -0.66721666 -0.4841631 ]
 [ 0.          0.          0.          1.        ]]"
single_object,96,102,37,199,30,0.6919649880576095,0.7293153506200032,0.0023464818276190866,0.0020909525857083677,"[[ 0.92235375 -0.3861956  -0.01079423 -0.1811609 ]
 [-0.23509785 -0.58321856  0.77755071 -0.07819602]
 [-0.30658205 -0.71463912 -0.62872758 -0.49000169]
 [ 0.          0.          0.          1.        ]]","[[ 0.94557869 -0.32536734  0.00412747 -0.17988924]
 [-0.19682211 -0.56180907  0.80351206 -0.0773823 ]
 [-0.25911773 -0.76059626 -0.59527417 -0.48736878]
 [ 0.          0.          0.          1.        ]]"
single_object,96,102,28,10,19,0.6020286056185538,0.641347085304006,0.00304016176508342,0.0022548460640230213,"[[ 0.89754778  0.24878514  0.36402464 -0.21956489]
 [ 0.37955311 -0.85610471 -0.35074802  0.00913339]
 [ 0.22438231  0.45297979 -0.86282205 -0.431445  ]
 [ 0.          0.          0.          1.        ]]","[[ 0.61821998  0.72778137 -0.296881   -0.22654252]
 [ 0.48245738 -0.64954363 -0.5876461   0.01385238]
 [-0.62051505  0.22006213 -0.75268435 -0.43876448]
 [ 0.          0.          0.          1.        ]]"
single_object,96,103,28,6,18,0.5883526126844835,0.6873895948487093,0.0025573475298654408,0.0025073396515061636,"[[-0.32480595  0.79083122 -0.51873604 -0.23704212]
 [-0.52713663  0.30400981  0.79353955  0.02068614]
 [ 0.78525669  0.53119113  0.31813191 -0.42967918]
 [ 0.          0.          0.          1.        ]]","[[-0.30919588  0.67654818 -0.66834158 -0.23996355]
 [-0.82011461  0.16610788  0.5475584   0.0152753 ]
 [ 0.48146645  0.71741949  0.50348717 -0.43449558]
 [ 0.          0.          0.          1.        ]]"
single_object,96,103,37,63,30,0.39168895436147544,0.7379038601810667,0.003140563024768045,0.002032219106850474,"[[ 0.95933187  0.21849361 -0.17872581 -0.17889711]
 [ 0.26750455 -0.50151914  0.8227514  -0.07124743]
 [ 0.09013151 -0.8371016  -0.53957133 -0.49362128]
 [ 0.          0.          0.          1.        ]]","[[ 0.95175765 -0.30643697  0.01593012 -0.17971614]
 [-0.18403324 -0.52850364  0.82874343 -0.07235076]
 [-0.2455385  -0.79169456 -0.55940197 -0.48893916]
 [ 0.          0.          0.          1.        ]]"
single_object,96,104,28,9,27,0.6749672346002621,0.7219214770072369,0.002832991213234103,0.00242695995198492,"[[-0.78830978 -0.47161233  0.39515755 -0.22544184]
 [-0.60471615  0.71235965 -0.35617707  0.01553788]
 [-0.1135168  -0.51973602 -0.84675168 -0.42837075]
 [ 0.          0.          0.          1.        ]]","[[-0.13110825 -0.65213496  0.74667973 -0.22439624]
 [-0.76556157  0.54513136  0.34168302  0.02162162]
 [-0.62986198 -0.52683185 -0.57072068 -0.43097262]
 [ 0.          0.          0.          1.        ]]"
single_object,96,104,37,137,30,0.5718259700510591,0.7383829860266881,0.00272148289481786,0.002230319817541569,"[[ 0.85506263 -0.48482375  0.18388534 -0.17463948]
 [-0.40904988 -0.41275324  0.81382612 -0.0653398 ]
 [-0.31866297 -0.77109059 -0.55124697 -0.48125799]
 [ 0.          0.          0.          1.        ]]","[[ 0.91827191 -0.33892255  0.20471492 -0.18502793]
 [-0.35520995 -0.47671328  0.80409598 -0.06439224]
 [-0.17493594 -0.81109553 -0.55814108 -0.48728132]
 [ 0.          0.          0.          1.        ]]"
single_object,96,105,37,234,30,0.731281911926658,0.7557101789213232,0.002732286626829692,0.002175271017009167,"[[ 0.94124573 -0.33373724  0.05172929 -0.17636364]
 [-0.20942196 -0.45661371  0.86466546 -0.05526989]
 [-0.26495077 -0.82469593 -0.49967761 -0.47800328]
 [ 0.          0.          0.          1.        ]]","[[ 0.93080733 -0.36057292  0.05987389 -0.18130309]
 [-0.22324588 -0.43113362  0.874234   -0.06000956]
 [-0.28941146 -0.82711001 -0.48179875 -0.49081375]
 [ 0.          0.          0.          1.        ]]"
single_object,96,105,28,6,29,0.347427203829278,0.8533249757820959,0.0031780548272640017,0.002597509445401396,"[[-0.94019041 -0.3398701   0.02302856 -0.22521253]
 [-0.34044113  0.93982961 -0.02863825  0.01832769]
 [-0.01190963 -0.03476528 -0.99932454 -0.41758481]
 [ 0.          0.          0.          1.        ]]","[[ 0.38039357 -0.57219444  0.72656332 -0.22256328]
 [-0.47302359  0.55470851  0.68450504  0.01736322]
 [-0.79470083 -0.60406291 -0.05965392 -0.42669377]
 [ 0.          0.          0.          1.        ]]"
single_object,96,106,37,88,30,0.660607274131495,0.7154922124172256,0.0027284077507032396,0.0021534600802523,"[[ 0.70016731 -0.61344022  0.36531744 -0.20321198]
 [-0.64710668 -0.32902482  0.68774676 -0.03231696]
 [-0.30169302 -0.71793716 -0.62733369 -0.45894888]
 [ 0.          0.          0.          1.        ]]","[[ 0.83160598 -0.52604085  0.1780801  -0.20386737]
 [-0.41664129 -0.37892036  0.82633492 -0.03333161]
 [-0.36720775 -0.76138058 -0.53428277 -0.45894439]
 [ 0.          0.          0.          1.        ]]"
single_object,96,106,28,12,22,0.717533762607556,0.6382699868938401,0.0026407399731307175,0.0025207098454533648,"[[-0.20116761  0.53667652  0.81945708 -0.23849856]
 [ 0.64434595  0.70259369 -0.30196091  0.05283259]
 [-0.73780071  0.4672691  -0.48714444 -0.40517725]
 [ 0.          0.          0.          1.        ]]","[[ 0.19441152  0.55795492  0.80677783 -0.23897375]
 [ 0.63367359  0.55638667 -0.53748642  0.05477697]
 [-0.74877362  0.61572736 -0.24539332 -0.40546433]
 [ 0.          0.          0.          1.        ]]"
single_object,96,107,28,12,30,0.6271582426349079,0.3535244173457177,0.0028450358119874917,0.0026548990706004756,"[[-0.81503228 -0.57179696  0.09365157 -0.22745158]
 [-0.55869802  0.73272181 -0.38855537  0.04662958]
 [ 0.15355423 -0.36900811 -0.91665376 -0.39567712]
 [ 0.          0.          0.          1.        ]]","[[ 0.09738971 -0.89855605  0.42791619 -0.22140342]
 [-0.98482055 -0.02493557  0.17177518  0.06445196]
 [-0.14367929 -0.43814979 -0.88734493 -0.39732902]
 [ 0.          0.          0.          1.        ]]"
single_object,96,107,37,301,30,0.47554312847723795,0.6808449777599794,0.0029056496507742454,0.0020936326353292968,"[[ 0.84972243 -0.51916401  0.09187234 -0.20709878]
 [-0.40552392 -0.53221364  0.74316821 -0.03497517]
 [-0.33693047 -0.66874313 -0.66276729 -0.46188089]
 [ 0.          0.          0.          1.        ]]","[[ 0.85036545 -0.51346545  0.11502973 -0.20192013]
 [-0.37044052 -0.42892419  0.8238919  -0.03742198]
 [-0.37370099 -0.74322088 -0.55495072 -0.45835991]
 [ 0.          0.          0.          1.        ]]"
single_object,96,108,28,15,30,0.6228275115391191,0.5312553421847399,0.0029010134866269866,0.0028694537610262035,"[[ 0.75494008  0.64401412  0.12373876 -0.22185046]
 [ 0.53135166 -0.49010913 -0.69098369  0.0387189 ]
 [-0.38435775  0.58740008 -0.712201   -0.39736224]
 [ 0.          0.          0.          1.        ]]","[[ 0.44776007  0.65621105  0.60736972 -0.22718251]
 [ 0.8579227  -0.12389014 -0.49861796  0.03397011]
 [-0.25195149  0.74433748 -0.61845142 -0.40615024]
 [ 0.          0.          0.          1.        ]]"
single_object,96,108,37,233,30,0.5024814428123971,0.6605929718674466,0.002624978763804592,0.0021970938743745222,"[[ 0.86590151 -0.4992909  -0.0303838  -0.20015199]
 [-0.21917457 -0.43330419  0.87419105 -0.04844182]
 [-0.44964106 -0.75030399 -0.48463062 -0.47161236]
 [ 0.          0.          0.          1.        ]]","[[ 0.89787391 -0.44024967  0.00163319 -0.19877686]
 [-0.23599556 -0.47816646  0.84596863 -0.04287276]
 [-0.37165648 -0.75995859 -0.53323016 -0.45996262]
 [ 0.          0.          0.          1.        ]]"
single_object,96,109,37,267,30,0.638124115047412,0.7402208269569073,0.002465155750016043,0.0021307529066117003,"[[ 0.91612229 -0.39825509 -0.04596558 -0.20164164]
 [-0.19728064 -0.5476598   0.81311075 -0.04187824]
 [-0.348999   -0.73584076 -0.58029137 -0.45521475]
 [ 0.          0.          0.          1.        ]]","[[ 0.85111277 -0.51085048  0.12099108 -0.20203464]
 [-0.40135567 -0.48460845  0.77721829 -0.04589036]
 [-0.33840904 -0.71006087 -0.61748918 -0.45954367]
 [ 0.          0.          0.          1.        ]]"
single_object,96,109,28,10,27,0.694911390962448,0.7484756966208901,0.0030704815425122755,0.002244451993439248,"[[-0.81734747 -0.11581693  0.56438422 -0.22424415]
 [-0.34898471  0.87895554 -0.3250336   0.04341506]
 [-0.45842424 -0.46262685 -0.75883042 -0.40487877]
 [ 0.          0.          0.          1.        ]]","[[-0.10428224 -0.31980406  0.94172744 -0.22800737]
 [-0.43227422  0.86734627  0.24667682  0.05143291]
 [-0.89569203 -0.38136048 -0.22869186 -0.40922356]
 [ 0.          0.          0.          1.        ]]"
single_object,96,110,28,17,30,0.8099036982164226,0.8024388854065758,0.002762974533117462,0.002799447133393185,"[[-0.13178889  0.47660969 -0.86918059 -0.24062507]
 [-0.56390861  0.68508134  0.46116227  0.04776815]
 [ 0.8152538   0.55091448  0.1784782  -0.41009673]
 [ 0.          0.          0.          1.        ]]","[[ 0.07251202  0.03847756 -0.99662505 -0.23933539]
 [-0.36310941  0.93169755  0.00955189  0.04635393]
 [ 0.92892065  0.3611913   0.08153084 -0.41117268]
 [ 0.          0.          0.          1.        ]]"
single_object,96,110,37,72,18,0.636901271471274,0.7960711680659048,0.0028526552485993537,0.001970456037565419,"[[ 0.90442454 -0.39009491  0.17274902 -0.20284682]
 [-0.39410646 -0.60884536  0.68846745 -0.04713606]
 [-0.16339021 -0.69074836 -0.7043936  -0.46094163]
 [ 0.          0.          0.          1.        ]]","[[ 0.84349052 -0.52327936  0.12125371 -0.20254904]
 [-0.42349728 -0.50900396  0.74937642 -0.04894163]
 [-0.33041459 -0.68344253 -0.6509474  -0.45810589]
 [ 0.          0.          0.          1.        ]]"
single_object,96,111,37,193,30,0.6428653155794563,0.7879617843504627,0.0025127019496928877,0.001953776667737748,"[[ 0.64890995 -0.714263    0.26219122 -0.20393389]
 [-0.68312403 -0.39518008  0.61414515 -0.05616632]
 [-0.33504841 -0.57763402 -0.74436651 -0.46290372]
 [ 0.          0.          0.          1.        ]]","[[ 0.83907074 -0.52659716  0.13658595 -0.20253893]
 [-0.46027418 -0.55332218  0.69424941 -0.0534371 ]
 [-0.29001373 -0.64539135 -0.70665553 -0.45872938]
 [ 0.          0.          0.          1.        ]]"
single_object,96,111,28,11,30,0.7803863468003874,0.4627614109066044,0.0028143828288086014,0.0027897782219559134,"[[-0.13260248  0.61756701 -0.77525968 -0.23897893]
 [-0.78807534  0.4086794   0.46034596  0.04510582]
 [ 0.60112714  0.67200605  0.43249743 -0.41595039]
 [ 0.          0.          0.          1.        ]]","[[-0.74809667  0.50545233 -0.42996432 -0.24386163]
 [-0.54446365 -0.09712045  0.83314282  0.04403175]
 [ 0.37935565  0.85737131  0.34785591 -0.42004812]
 [ 0.          0.          0.          1.        ]]"
single_object,96,112,37,232,30,0.7043292953274504,0.8461934524235186,0.00220199200329175,0.0019791177721234835,"[[ 0.84186577 -0.51138085  0.1724867  -0.21017198]
 [-0.48678096 -0.58150461  0.651841   -0.06475282]
 [-0.23303719 -0.63272586 -0.73847928 -0.46742557]
 [ 0.          0.          0.          1.        ]]","[[ 0.83340261 -0.51608653  0.19772402 -0.20348404]
 [-0.50999974 -0.58031993  0.63492444 -0.05597271]
 [-0.21293276 -0.62998689 -0.74684413 -0.45743353]
 [ 0.          0.          0.          1.        ]]"
single_object,96,112,28,25,19,0.638497920109408,0.803578551484415,0.002966966852269305,0.0022724140935254495,"[[-0.95238482 -0.30445042  0.01652582 -0.22921269]
 [-0.28560533  0.87183438 -0.39791256  0.03809481]
 [ 0.10673687 -0.38368574 -0.91727449 -0.41578926]
 [ 0.          0.          0.          1.        ]]","[[ 0.10557881 -0.38610114  0.91639458 -0.22527328]
 [-0.608383    0.70387227  0.36665236  0.04431421]
 [-0.78658963 -0.5962296  -0.16058337 -0.41733656]
 [ 0.          0.          0.          1.        ]]"
single_object,96,113,28,8,16,0.40572112371075275,0.8031226850532794,0.0027438327112353287,0.0025663740031313035,"[[ 0.98795373 -0.15399759  0.01523743 -0.21773858]
 [ 0.08700716  0.63420031  0.76825759  0.04363596]
 [-0.1279734  -0.75767718  0.63995945 -0.41691621]
 [ 0.          0.          0.          1.        ]]","[[-0.11202023 -0.39796725  0.91053476 -0.226197  ]
 [-0.6824213   0.69686882  0.22062417  0.04451869]
 [-0.72232447 -0.59665394 -0.34964473 -0.4226816 ]
 [ 0.          0.          0.          1.        ]]"
single_object,96,113,37,74,30,0.723608747264692,0.8570059640441082,0.0024948264365951814,0.001981213361797727,"[[ 0.69331548 -0.6627844   0.28289659 -0.20523492]
 [-0.68295737 -0.47904768  0.55143681 -0.057237  ]
 [-0.22996276 -0.57552598 -0.78478467 -0.45782425]
 [ 0.          0.          0.          1.        ]]","[[ 0.80100347 -0.53760256  0.26339499 -0.20418304]
 [-0.58375419 -0.60383229  0.54278689 -0.05792921]
 [-0.13275722 -0.58853212 -0.79749951 -0.45642744]
 [ 0.          0.          0.          1.        ]]"
single_object,96,114,37,171,30,0.6381670218395572,0.8494829731546504,0.002409087964092769,0.0021557203736010974,"[[ 0.82223109 -0.37288174  0.42999447 -0.20847837]
 [-0.53184531 -0.77240445  0.34717709 -0.05060737]
 [ 0.20267364 -0.51415034 -0.83341036 -0.45241397]
 [ 0.          0.          0.          1.        ]]","[[ 0.77702813 -0.53906119  0.32502355 -0.20581239]
 [-0.62822792 -0.63175421  0.45411045 -0.06101696]
 [-0.03945833 -0.55704547 -0.82954408 -0.45589071]
 [ 0.          0.          0.          1.        ]]"
single_object,96,115,37,110,30,0.7432529069351679,0.8521574965317009,0.0023746247731490167,0.0021483935792508528,"[[ 0.90298991 -0.41907793  0.09477828 -0.19775593]
 [-0.3824691  -0.68349907  0.62172856 -0.06948463]
 [-0.19577185 -0.59766438 -0.77747712 -0.4554645 ]
 [ 0.          0.          0.          1.        ]]","[[ 0.85705243 -0.49761137  0.13358165 -0.20053673]
 [-0.47717953 -0.66883346  0.57005394 -0.06783185]
 [-0.19432145 -0.55230854 -0.81067531 -0.4562055 ]
 [ 0.          0.          0.          1.        ]]"
single_object,96,115,28,11,30,0.48891674739301383,0.6410051854806542,0.002781711867272309,0.003134860114673704,"[[ 9.80430816e-01  1.81493592e-01  7.62593621e-02 -2.25412334e-01]
 [ 1.96862006e-01 -9.05594691e-01 -3.75690839e-01  2.95091054e-02]
 [ 8.74593446e-04  3.83351447e-01 -9.23602135e-01 -4.27788933e-01]
 [ 0.00000000e+00  0.00000000e+00  0.00000000e+00  1.00000000e+00]]","[[ 0.72101644  0.60957686  0.32947131 -0.22496912]
 [ 0.58068621 -0.27212376 -0.76730189  0.02857539]
 [-0.3780725   0.74455672 -0.55017858 -0.42677954]
 [ 0.          0.          0.          1.        ]]"
single_object,96,116,37,212,12,0.6709549621705115,0.7419514009067636,0.0024885976705270475,0.0021468112879160076,"[[ 0.86110766 -0.43304565  0.26639268 -0.21248246]
 [-0.50549104 -0.67302795  0.53991869 -0.08295923]
 [-0.05451972 -0.59958723 -0.79845022 -0.4615796 ]
 [ 0.          0.          0.          1.        ]]","[[ 0.85866739 -0.48954408  0.15177914 -0.20766125]
 [-0.48653159 -0.68542027  0.54174354 -0.08244611]
 [-0.16117484 -0.53902286 -0.8267267  -0.46193175]
 [ 0.          0.          0.          1.        ]]"
single_object,96,116,28,12,12,0.5143882842327198,0.39626189526468747,0.0029752580056826273,0.0026814348685469972,"[[ 0.3785076   0.7733636   0.50856734 -0.23887118]
 [ 0.62300022  0.19349159 -0.75791275  0.03938548]
 [-0.68454563  0.6037133  -0.40856765 -0.44480338]
 [ 0.          0.          0.          1.        ]]","[[ 0.61592102  0.78751767  0.02138253 -0.2415078 ]
 [ 0.12247511 -0.06890595 -0.99007667  0.04581137]
 [-0.77822949  0.61242786 -0.13889194 -0.44974076]
 [ 0.          0.          0.          1.        ]]"
single_object,96,117,28,21,30,0.5807738332668528,0.5856743974015614,0.0029929928241473635,0.0028390344461940286,"[[ 0.79443641 -0.44272326 -0.41577265 -0.22235351]
 [ 0.59825565  0.68843872  0.41005159  0.03896023]
 [ 0.10469461 -0.57449826  0.81178248 -0.42176151]
 [ 0.          0.          0.          1.        ]]","[[-0.01837013 -0.54265856 -0.83975248 -0.23293444]
 [ 0.77489909  0.52302246 -0.35493508  0.02404311]
 [ 0.63181797 -0.65724363  0.41089763 -0.42505353]
 [ 0.          0.          0.          1.        ]]"
single_object,96,117,37,221,30,0.831683805546418,0.8617614668402008,0.0025326507174966966,0.002219505709888314,"[[ 0.86365603 -0.48535369  0.13612517 -0.20140527]
 [-0.48717049 -0.7343103   0.47270847 -0.0745107 ]
 [-0.12947269 -0.47457369 -0.87064151 -0.45673983]
 [ 0.          0.          0.          1.        ]]","[[ 0.86879822 -0.47515225  0.13935565 -0.20041827]
 [-0.47831183 -0.7325036   0.48441333 -0.07757208]
 [-0.12809157 -0.4875129  -0.86366876 -0.45548071]
 [ 0.          0.          0.          1.        ]]"
single_object,96,118,37,100,30,0.6275261373875485,0.8637709349390008,0.0026363490633779067,0.0021388920584119154,"[[ 0.88899333 -0.41974581  0.18304183 -0.19893416]
 [-0.45577177 -0.8497342   0.26499788 -0.08181373]
 [ 0.04430515 -0.31900665 -0.94671633 -0.45542231]
 [ 0.          0.          0.          1.        ]]","[[ 0.82686082 -0.49255853  0.271454   -0.2025671 ]
 [-0.5617391  -0.74681821  0.35596593 -0.07813495]
 [ 0.02739273 -0.44682061 -0.89420411 -0.45311776]
 [ 0.          0.          0.          1.        ]]"
single_object,96,118,28,9,19,0.6145649324747849,0.6598096757650008,0.002790402400940456,0.002590971006078943,"[[-0.44162907  0.59013279 -0.67580104 -0.23435108]
 [-0.09477571  0.71833581  0.68921058  0.03119182]
 [ 0.89217786  0.36842495 -0.26130773 -0.43874735]
 [ 0.          0.          0.          1.        ]]","[[ 0.10465292  0.51431781 -0.85119032 -0.23531543]
 [-0.409194    0.80235338  0.43449894  0.03032482]
 [ 0.90642597  0.30283039  0.29442438 -0.43890967]
 [ 0.          0.          0.          1.        ]]"
single_object,96,119,37,199,30,0.7769132853730746,0.841509460947668,0.002373117177788414,0.002199807974509046,"[[ 0.83845845 -0.44861616  0.30940422 -0.20189464]
 [-0.53586361 -0.78202349  0.31826004 -0.08036222]
 [ 0.09918477 -0.43264628 -0.89609128 -0.45170886]
 [ 0.          0.          0.          1.        ]]","[[ 0.83507136 -0.48031026  0.26824967 -0.19985539]
 [-0.54706423 -0.77649687  0.31268727 -0.08252204]
 [ 0.05810812 -0.40786598 -0.91119086 -0.45101256]
 [ 0.          0.          0.          1.        ]]"
single_object,96,119,28,12,30,0.5413983702775087,0.34195680665564987,0.00279499803280091,0.0029401867708068485,"[[-0.36230375  0.09200953 -0.92750754 -0.23520126]
 [ 0.1606935   0.98638077  0.03507957  0.02996995]
 [ 0.91810326 -0.13633497 -0.37215479 -0.44514827]
 [ 0.          0.          0.          1.        ]]","[[ 0.6066563  -0.28213702 -0.74321385 -0.24127847]
 [ 0.32196079  0.94199541 -0.09479403  0.01016146]
 [ 0.72684894 -0.18177832  0.66230451 -0.44135462]
 [ 0.          0.          0.          1.        ]]"
single_object,96,120,37,164,30,0.6830332241593844,0.8721020037471932,0.002553198399992066,0.0022969720659447336,"[[ 0.89453251 -0.30983172  0.32220476 -0.20209699]
 [-0.41566817 -0.84168741  0.34464804 -0.09542437]
 [ 0.16441279 -0.44222914 -0.88170393 -0.45164617]
 [ 0.          0.          0.          1.        ]]","[[ 0.89390575 -0.41859293  0.16035109 -0.19642563]
 [-0.44798775 -0.82190655  0.35181898 -0.09449449]
 [-0.01547533 -0.38632833 -0.9222315  -0.4523365 ]
 [ 0.          0.          0.          1.        ]]"
single_object,96,121,28,6,30,0.5332497578209585,0.4056641404068608,0.003109563014818397,0.0027990931941653217,"[[ 9.41920702e-01 -3.35834605e-01 -7.13834021e-04 -2.13127160e-01]
 [ 3.02677785e-01  8.48000484e-01  4.35064751e-01  8.12564873e-02]
 [-1.45504467e-01 -4.10012557e-01  9.00398885e-01 -4.25422051e-01]
 [ 0.00000000e+00  0.00000000e+00  0.00000000e+00  1.00000000e+00]]","[[-0.64651733  0.76228835 -0.03052554 -0.24262899]
 [-0.05905189 -0.01011083  0.99820371  0.07900039]
 [ 0.76061042  0.64715859  0.0515514  -0.44381383]
 [ 0.          0.          0.          1.        ]]"
single_object,96,121,37,250,30,0.6681660206810738,0.8001401621876744,0.002613500522768369,0.0020326845754549045,"[[ 0.79320474 -0.58766603  0.15960852 -0.21249059]
 [-0.6075406  -0.7458425   0.27315451 -0.03300921]
 [-0.04148081 -0.31363611 -0.94863677 -0.4346547 ]
 [ 0.          0.          0.          1.        ]]","[[ 0.77194808 -0.62891909  0.09250377 -0.21401198]
 [-0.60527684 -0.6827286   0.40929404 -0.0314232 ]
 [-0.19425786 -0.37194413 -0.90770119 -0.43813695]
 [ 0.          0.          0.          1.        ]]"
single_object,96,122,28,28,30,0.7077896176420309,0.7521226280699755,0.002833736414509014,0.0026870530786876263,"[[-0.75704578  0.38782404  0.52580815 -0.22358525]
 [ 0.13401741  0.87983574 -0.45599168  0.08281479]
 [-0.63946933 -0.27473913 -0.7180511  -0.43992611]
 [ 0.          0.          0.          1.        ]]","[[ 5.48864971e-02  2.88325312e-02  9.98076228e-01 -2.19119080e-01]
 [-4.64249746e-01  8.85704336e-01 -5.61636039e-05  8.18007403e-02]
 [-8.84002062e-01 -4.63353553e-01  6.19987037e-02 -4.35656772e-01]
 [ 0.00000000e+00  0.00000000e+00  0.00000000e+00  1.00000000e+00]]"
single_object,96,122,37,262,7,0.8741472275061142,0.8963872481013745,0.0023095606310355337,0.0020749967805957044,"[[ 0.66832156 -0.6800644   0.30142777 -0.214571  ]
 [-0.7422595  -0.63633974  0.21005373 -0.02740398]
 [ 0.0489604  -0.36412107 -0.93006383 -0.43774872]
 [ 0.          0.          0.          1.        ]]","[[ 0.68983559 -0.67428873  0.26355563 -0.2169254 ]
 [-0.72367277 -0.63187855  0.27753779 -0.02746622]
 [-0.02060545 -0.38218348 -0.9238567  -0.43812402]
 [ 0.          0.          0.          1.        ]]"
single_object,96,123,28,7,30,0.6268163428115562,0.8659752692461109,0.0026697446662930285,0.0028580093627458988,"[[ 0.4479709   0.1416202  -0.88276032 -0.2152756 ]
 [ 0.32976464  0.89158263  0.31037992  0.08314191]
 [ 0.83100984 -0.43014431  0.35270174 -0.41224662]
 [ 0.          0.          0.          1.        ]]","[[ 0.07629496 -0.2874754  -0.95474445 -0.2202316 ]
 [ 0.5996028   0.77828113 -0.18642686  0.0808905 ]
 [ 0.79665273 -0.55824401  0.23174998 -0.41504637]
 [ 0.          0.          0.          1.        ]]"
single_object,96,123,37,198,30,0.7074686422860739,0.8486820463679401,0.002631669276075599,0.002114064665647139,"[[ 0.83177444 -0.54818184  0.08745255 -0.21516515]
 [-0.51376551 -0.70054333  0.4952616  -0.0312059 ]
 [-0.21022911 -0.45687604 -0.86433096 -0.44108926]
 [ 0.          0.          0.          1.        ]]","[[ 0.74315808 -0.6442132   0.18084637 -0.2151678 ]
 [-0.65354596 -0.64088432  0.40267228 -0.02775442]
 [-0.1435052  -0.41744058 -0.8973013  -0.43764157]
 [ 0.          0.          0.          1.        ]]"
single_object,96,124,28,12,30,0.6051626873326116,0.6777594164909682,0.0029014912179223654,0.002817082772879353,"[[ 0.99724404  0.07090399  0.02183922 -0.21842278]
 [-0.07258349  0.99335492  0.08931766  0.08304583]
 [-0.01536112 -0.09065667  0.99576373 -0.41266412]
 [ 0.          0.          0.          1.        ]]","[[ 0.0807678   0.37477077 -0.92359268 -0.23756127]
 [-0.45621921  0.83775724  0.30004472  0.06944172]
 [ 0.88619444  0.39712677  0.23864143 -0.42417276]
 [ 0.          0.          0.          1.        ]]"
single_object,96,124,37,201,30,0.8715370643172814,0.9090590540482558,0.002252439100921757,0.002131023037817969,"[[ 0.610463   -0.72929058  0.30898248 -0.2155194 ]
 [-0.78829194 -0.52150179  0.32654509 -0.02568412]
 [-0.07701134 -0.4429121  -0.89325144 -0.43702379]
 [ 0.          0.          0.          1.        ]]","[[ 0.69051145 -0.67749756  0.25335941 -0.21782932]
 [-0.71446872 -0.58421659  0.38500056 -0.02592524]
 [-0.11282017 -0.44686466 -0.88745906 -0.43706075]
 [ 0.          0.          0.          1.        ]]"
single_object,96,125,28,14,16,0.6064163200182346,0.577753718160579,0.0031187492554333347,0.0030251149729646804,"[[ 0.62132996 -0.71709669  0.31578697 -0.21491375]
 [-0.74625501 -0.41871357  0.51747696  0.07279546]
 [-0.23885673 -0.55718155 -0.79529629 -0.41036209]
 [ 0.          0.          0.          1.        ]]","[[ 0.66105091 -0.60549475  0.44315664 -0.21325988]
 [-0.69311013 -0.2665208   0.66974995  0.07095529]
 [-0.28741962 -0.74989517 -0.59585837 -0.40617884]
 [ 0.          0.          0.          1.        ]]"
single_object,96,125,37,177,30,0.7909795620646748,0.8944778958509132,0.0024511207753354016,0.00213191596979653,"[[ 0.60860163 -0.76196692  0.22138308 -0.21964895]
 [-0.74466099 -0.4521296   0.49097742 -0.02781814]
 [-0.27401471 -0.46366501 -0.84257385 -0.43818667]
 [ 0.          0.          0.          1.        ]]","[[ 0.71358069 -0.66733076  0.21324223 -0.2166752 ]
 [-0.67374757 -0.57027148  0.46995175 -0.02453503]
 [-0.1920073  -0.47901993 -0.8565472  -0.43679311]
 [ 0.          0.          0.          1.        ]]"
single_object,96,126,28,16,30,0.5562710125933101,0.7475639637586188,0.002893059508739721,0.0026751711511150606,"[[-0.9707752   0.19045488  0.14602211 -0.22224237]
 [ 0.11041789  0.8946797  -0.43284654  0.08172857]
 [-0.21308075 -0.40407323 -0.88956249 -0.41341735]
 [ 0.          0.          0.          1.        ]]","[[ 0.00594044  0.06544072  0.99783878 -0.22324594]
 [-0.10346329  0.99254119 -0.06447734  0.08497795]
 [-0.99461553 -0.10285666  0.01266684 -0.41675826]
 [ 0.          0.          0.          1.        ]]"
single_object,96,126,37,199,30,0.7983881348417454,0.8696849211230138,0.002495648799362743,0.001986535660654172,"[[ 0.66464732 -0.71908652  0.20287564 -0.21444994]
 [-0.71848359 -0.54062679  0.43761171 -0.01554087]
 [-0.20500068 -0.43662027 -0.87597801 -0.43379144]
 [ 0.          0.          0.          1.        ]]","[[ 0.69454779 -0.68321265  0.22544145 -0.21813545]
 [-0.6885876  -0.54048809  0.4834457  -0.02318061]
 [-0.2084478  -0.49101233 -0.84584656 -0.43606554]
 [ 0.          0.          0.          1.        ]]"
single_object,96,127,37,121,30,0.8056322315822595,0.8201275761953117,0.0023870259380989393,0.0020132635293526875,"[[ 0.67186609 -0.66266263  0.33086883 -0.22233216]
 [-0.72534354 -0.49824949  0.47499916 -0.02074655]
 [-0.14990897 -0.5591294  -0.815415   -0.43447272]
 [ 0.          0.          0.          1.        ]]","[[ 0.73159908 -0.66133894  0.1655101  -0.21614945]
 [-0.61708457 -0.53921364  0.57311018 -0.02280457]
 [-0.28977478 -0.52142061 -0.80259026 -0.43544375]
 [ 0.          0.          0.          1.        ]]"
single_object,96,128,28,9,30,0.5906319448401618,0.9432446293236082,0.0028912599923313896,0.0024713618154277076,"[[ 0.05401805  0.33175512 -0.94181771 -0.21645264]
 [-0.38349675 -0.86396776 -0.32632798  0.08423312]
 [-0.92196111  0.37881163  0.08055716 -0.39373709]
 [ 0.          0.          0.          1.        ]]","[[ 0.91629952 -0.2319769  -0.32646884 -0.22567659]
 [-0.09156785 -0.91492197  0.393107    0.08535425]
 [-0.38988526 -0.33030971 -0.85958419 -0.4055087 ]
 [ 0.          0.          0.          1.        ]]"
single_object,96,128,37,80,30,0.5404611049929203,0.7855232483302107,0.0027693696662179387,0.002052240384885231,"[[ 0.3091653  -0.76674374  0.56260186 -0.22929172]
 [-0.94989897 -0.27753736  0.14375311 -0.01000071]
 [ 0.04592124 -0.5788584  -0.81413401 -0.43464762]
 [ 0.          0.          0.          1.        ]]","[[ 0.72693057 -0.66328621  0.17782955 -0.21622814]
 [-0.61355598 -0.51103202  0.6019928  -0.01995807]
 [-0.30841693 -0.54671536 -0.77844802 -0.43419848]
 [ 0.          0.          0.          1.        ]]"
single_object,96,129,28,6,29,0.5922274773491367,0.7023762037722947,0.003082506330254565,0.002428849083522458,"[[ 0.42767298 -0.1896662   0.88381138 -0.21168839]
 [-0.13586629  0.95314404  0.27029019  0.08942371]
 [-0.89366446 -0.23567598  0.38186471 -0.38402965]
 [ 0.          0.          0.          1.        ]]","[[-0.18042082 -0.49335835  0.85090885 -0.21618777]
 [-0.70410614  0.6688431   0.23850254  0.09059642]
 [-0.68679173 -0.55609932 -0.46804986 -0.39435797]
 [ 0.          0.          0.          1.        ]]"
single_object,96,129,37,34,30,0.44307698908737253,0.7500607846222057,0.002943594467407003,0.0020360219417639917,"[[ 0.49405377 -0.73256349  0.46825378 -0.22536877]
 [-0.84444784 -0.2761346   0.45897444 -0.00983843]
 [-0.20692684 -0.62217395 -0.75503699 -0.42768904]
 [ 0.          0.          0.          1.        ]]","[[ 0.72902419 -0.66358288  0.16787344 -0.2160687 ]
 [-0.57744156 -0.46453929  0.67138997 -0.01884708]
 [-0.36753908 -0.58639663 -0.72184072 -0.43374373]
 [ 0.          0.          0.          1.        ]]"
single_object,96,130,28,28,30,0.6406063023534104,0.668015271525443,0.002614476000979885,0.002708804371499505,"[[ 0.87229658  0.47816159  0.10227497 -0.21532082]
 [ 0.48751137 -0.86662858 -0.10624294  0.08442357]
 [ 0.03783312  0.14253556 -0.98906636 -0.38802206]
 [ 0.          0.          0.          1.        ]]","[[ 0.46197959  0.88219503  0.09114154 -0.22808943]
 [ 0.76583646 -0.34498245 -0.54266161  0.08940303]
 [-0.44729114  0.32049811 -0.83499197 -0.3958764 ]
 [ 0.          0.          0.          1.        ]]"
single_object,96,130,37,157,30,0.5988071911783636,0.6948754987914587,0.0025551246283703716,0.002034724348968144,"[[ 0.7960239  -0.605107   -0.01383706 -0.21393449]
 [-0.35464155 -0.48481629  0.79948892 -0.01239721]
 [-0.49048477 -0.6315051  -0.60052144 -0.42868688]
 [ 0.          0.          0.          1.        ]]","[[ 0.75140431 -0.64770832  0.12595829 -0.2155705 ]
 [-0.5185864  -0.46165553  0.71968209 -0.01760111]
 [-0.40799473 -0.60609248 -0.68278269 -0.43295786]
 [ 0.          0.          0.          1.        ]]"
single_object,96,131,37,233,30,0.628369970966404,0.7291580257154707,0.0028872806286209035,0.0020060705901035433,"[[ 0.61785355 -0.70660089  0.34492342 -0.21421869]
 [-0.72209427 -0.33628981  0.60455689 -0.00753534]
 [-0.3111862  -0.62259484 -0.71801031 -0.42929489]
 [ 0.          0.          0.          1.        ]]","[[ 0.72616301 -0.665468    0.17274152 -0.21633867]
 [-0.55547669 -0.41982141  0.7177713  -0.01378364]
 [-0.40513324 -0.61717285 -0.67451074 -0.43125198]
 [ 0.          0.          0.          1.        ]]"
single_object,96,131,28,28,25,0.8622143711892416,0.8965183201322012,0.002725098390371677,0.0025833199907943968,"[[ 0.38463434  0.79278968  0.47280117 -0.22234733]
 [ 0.41808372  0.30703159 -0.85494889  0.07937503]
 [-0.82295955  0.52651318 -0.21335756 -0.38862848]
 [ 0.          0.          0.          1.        ]]","[[ 0.17542251  0.76663534  0.61765459 -0.22521552]
 [ 0.57888679  0.42714017 -0.69457999  0.08057377]
 [-0.79631466  0.47939705 -0.36886507 -0.39191831]
 [ 0.          0.          0.          1.        ]]"
single_object,96,132,37,279,30,0.6698894434989059,0.6769976687309601,0.002140160625033132,0.0020148850887784634,"[[ 0.64548508 -0.71892286  0.25787387 -0.22061184]
 [-0.64716659 -0.33551517  0.68454728 -0.00963654]
 [-0.40561609 -0.60875241 -0.68183289 -0.42954526]
 [ 0.          0.          0.          1.        ]]","[[ 0.73848058 -0.65773106  0.14844626 -0.21606794]
 [-0.50387558 -0.39202055  0.76969428 -0.01214128]
 [-0.44805785 -0.64320272 -0.62091418 -0.43059164]
 [ 0.          0.          0.          1.        ]]"
single_object,96,133,28,6,22,0.5859023306171292,0.7621516895549604,0.002950498089654136,0.0023859954473530384,"[[-0.64917026  0.46764775  0.59990295 -0.23261185]
 [ 0.75734366  0.47076185  0.45256365  0.09007155]
 [-0.07077105  0.74812356 -0.65977465 -0.37938634]
 [ 0.          0.          0.          1.        ]]","[[ 0.21244148  0.49274268  0.84384434 -0.22770366]
 [ 0.45072258  0.71679585 -0.53202713  0.08826226]
 [-0.86701659  0.49336433 -0.06981309 -0.38066328]
 [ 0.          0.          0.          1.        ]]"
single_object,96,133,37,67,30,0.6087401135599766,0.6610077375248502,0.002542951437914936,0.0019386408207976286,"[[ 0.70073748 -0.66656624  0.25427629 -0.22541057]
 [-0.58118436 -0.32665493  0.74533302 -0.01667714]
 [-0.41375322 -0.67006418 -0.61629722 -0.43845663]
 [ 0.          0.          0.          1.        ]]","[[ 0.79991519 -0.59802895  0.04997076 -0.2118951 ]
 [-0.34298879 -0.38726769  0.85579345 -0.01108686]
 [-0.49243719 -0.70170158 -0.51489853 -0.43037417]
 [ 0.          0.          0.          1.        ]]"
single_object,96,134,28,17,19,0.6584990597754857,0.8684825346173571,0.0029873317078091405,0.0025274267315161373,"[[ 0.22732343  0.61860368 -0.75209943 -0.22492336]
 [-0.97262726  0.18242912 -0.14392996  0.06996007]
 [ 0.04816923  0.76423106  0.64314121 -0.36430236]
 [ 0.          0.          0.          1.        ]]","[[-0.54943657  0.72722659 -0.41141335 -0.23106577]
 [-0.63328568 -0.04125648  0.77281767  0.08027697]
 [ 0.54504009  0.68515648  0.48321    -0.36617622]
 [ 0.          0.          0.          1.        ]]"
single_object,96,134,37,150,26,0.6867160571518471,0.6837554884938286,0.0022112403574778283,0.0019369232784309342,"[[ 0.71312921 -0.67457715  0.1907679  -0.21328473]
 [-0.53206352 -0.34363246  0.77383793 -0.00360891]
 [-0.45645934 -0.65334708 -0.60397224 -0.42392372]
 [ 0.          0.          0.          1.        ]]","[[ 0.72584829 -0.66558782  0.17360044 -0.21697308]
 [-0.49576739 -0.33126596  0.8027936  -0.00669111]
 [-0.47682172 -0.6687718  -0.57042557 -0.42729129]
 [ 0.          0.          0.          1.        ]]"
single_object,96,135,28,4,26,0.7513248618154881,0.6491537979372044,0.002591221053565753,0.0023981906743984613,"[[-0.05045559  0.67751273  0.7337784  -0.2237788 ]
 [ 0.71834905  0.53505107 -0.44462904  0.07969638]
 [-0.69385075  0.504675   -0.51368694 -0.37183659]
 [ 0.          0.          0.          1.        ]]","[[ 0.67923861  0.47834238 -0.55661788 -0.22686499]
 [ 0.4771506  -0.86407816 -0.16030045  0.10205305]
 [-0.55763985 -0.15670831 -0.81515661 -0.36136861]
 [ 0.          0.          0.          1.        ]]"
single_object,96,135,37,103,30,0.5886668859680487,0.6703113602883336,0.0022169239339633238,0.0018770689645113388,"[[ 0.60006255 -0.78460092  0.15596898 -0.21086957]
 [-0.4846982  -0.20149776  0.85115586 -0.00598713]
 [-0.63639028 -0.58634464 -0.50120592 -0.42738001]
 [ 0.          0.          0.          1.        ]]","[[ 0.72715807 -0.67021691  0.14849387 -0.21553609]
 [-0.4419164  -0.29149447  0.84837543 -0.00518519]
 [-0.52531042 -0.68252492 -0.5081424  -0.42631528]
 [ 0.          0.          0.          1.        ]]"
single_object,96,136,37,176,30,0.65167551023327,0.688575351478139,0.002033511454951222,0.0018090869819044676,"[[ 0.46938246 -0.82670935  0.31021244 -0.22802342]
 [-0.69030163 -0.12449042  0.71273122  0.0279396 ]
 [-0.55060309 -0.54868368 -0.62911243 -0.38982307]
 [ 0.          0.          0.          1.        ]]","[[ 0.57453989 -0.8025619   0.16061854 -0.22128803]
 [-0.5024683  -0.19094733  0.84324654  0.02487997]
 [-0.64608786 -0.56518449 -0.51296877 -0.39308627]
 [ 0.          0.          0.          1.        ]]"
single_object,96,136,28,5,30,0.689327027181036,0.8058578836400935,0.0030010698431255766,0.002369627671684238,"[[ 0.65633786  0.71218337 -0.24902905 -0.20773566]
 [-0.75297578  0.59758586 -0.27553332  0.10520252]
 [-0.04741401  0.36835579  0.92847505 -0.32968825]
 [ 0.          0.          0.          1.        ]]","[[ 0.03056524  0.41778973 -0.90802947 -0.21114872]
 [-0.48679887  0.79965422  0.35153947  0.09943204]
 [ 0.87297917  0.43128283  0.22782119 -0.32759692]
 [ 0.          0.          0.          1.        ]]"
single_object,96,137,28,5,30,0.6994130719699129,0.6599236423727848,0.0027584005700711472,0.002526763769089799,"[[ 0.69600359  0.58363811 -0.41826492 -0.21300984]
 [-0.71795175  0.57470342 -0.39276107  0.10830508]
 [ 0.01114795  0.57365715  0.81901965 -0.3365592 ]
 [ 0.          0.          0.          1.        ]]","[[ 0.21490009  0.50301355 -0.83713519 -0.22617787]
 [-0.7918036   0.59151745  0.15216494  0.10974158]
 [ 0.57172109  0.6301464   0.52540509 -0.34391455]
 [ 0.          0.          0.          1.        ]]"
single_object,96,137,37,307,30,0.6544787539867561,0.7516626381956264,0.002343003740675425,0.0018176961526383416,"[[ 0.67288934 -0.73967258  0.01021822 -0.21614695]
 [-0.28121062 -0.24299579  0.9283715   0.02359413]
 [-0.68420795 -0.62756476 -0.37151306 -0.39610223]
 [ 0.          0.          0.          1.        ]]","[[ 0.57261135 -0.80109109  0.17426795 -0.2202925 ]
 [-0.55330249 -0.22076977  0.8031918   0.02605624]
 [-0.6049567  -0.55633963 -0.56966096 -0.39521822]
 [ 0.          0.          0.          1.        ]]"
single_object,96,138,37,252,30,0.6171212402923383,0.702198257984239,0.0024576266457434904,0.0019172045096355742,"[[ 0.37261173 -0.85169586  0.36847613 -0.22710211]
 [-0.83759042 -0.1377252   0.52865305  0.02689319]
 [-0.39950317 -0.50561441 -0.76469032 -0.3981983 ]
 [ 0.          0.          0.          1.        ]]","[[ 0.5004775  -0.82823881  0.25207687 -0.22242314]
 [-0.70159256 -0.21741535  0.67860036  0.02784214]
 [-0.50723777 -0.51647947 -0.68989767 -0.39602207]
 [ 0.          0.          0.          1.        ]]"
single_object,96,138,28,6,30,0.7049974357513249,0.8047752008661462,0.002742491765000271,0.0025909257638858335,"[[ 0.86039737  0.41942449 -0.28948138 -0.20637086]
 [-0.5068228   0.76369469 -0.39987632  0.10957068]
 [ 0.05335747  0.4907683   0.86965479 -0.33835572]
 [ 0.          0.          0.          1.        ]]","[[-0.04116149 -0.45984751 -0.8870434  -0.1995324 ]
 [ 0.44237875  0.78764845 -0.42884841  0.10165732]
 [ 0.89588324 -0.41006119  0.17100599 -0.3307146 ]
 [ 0.          0.          0.          1.        ]]"
single_object,96,139,37,33,30,0.6008023570131151,0.7673093150645747,0.002324683280751406,0.0018188169741339766,"[[ 0.53555011 -0.7879936   0.30373042 -0.22292268]
 [-0.70740379 -0.22214556  0.67099272  0.03183336]
 [-0.4612656  -0.57421027 -0.67639974 -0.39313712]
 [ 0.          0.          0.          1.        ]]","[[ 0.57387269 -0.79819107  0.18319703 -0.22127241]
 [-0.60806257 -0.26545481  0.74819359  0.02425748]
 [-0.54857092 -0.54076312 -0.63768738 -0.40122125]
 [ 0.          0.          0.          1.        ]]"
single_object,96,139,28,10,30,0.43273120975554163,0.4752977377628355,0.0027112885082335387,0.0023072235243895038,"[[ 0.88252878  0.18806763 -0.43101452 -0.20134608]
 [-0.28161653  0.94538714 -0.16411971  0.1275509 ]
 [ 0.37660998  0.26622119  0.88729431 -0.34345444]
 [ 0.          0.          0.          1.        ]]","[[-0.0801678   0.51045122 -0.85616159 -0.20884317]
 [-0.60251966  0.65943202  0.44957699  0.1309048 ]
 [ 0.79406749  0.55189579  0.25469168 -0.34363709]
 [ 0.          0.          0.          1.        ]]"
single_object,96,140,28,12,21,0.8821585275514274,0.6989572055387772,0.0026923058641198897,0.0023904525682487097,"[[ 0.28185341  0.79305443  0.5400216  -0.20417157]
 [ 0.36898207  0.42996069 -0.82400609  0.1143373 ]
 [-0.88566974  0.43150721 -0.17143698 -0.36171505]
 [ 0.          0.          0.          1.        ]]","[[ 0.20823528  0.73349853  0.64700693 -0.20948761]
 [ 0.21382095  0.61136776 -0.76191211  0.12341529]
 [-0.95442059  0.29700062 -0.02952902 -0.36532547]
 [ 0.          0.          0.          1.        ]]"
single_object,96,140,37,101,30,0.7038430183498048,0.7666871665784694,0.0022488943285597627,0.0019050050319411708,"[[ 0.57378298 -0.78672981  0.2276605  -0.21848892]
 [-0.66432478 -0.28449831  0.69118253  0.02901871]
 [-0.47900488 -0.54782929 -0.68588439 -0.39649801]
 [ 0.          0.          0.          1.        ]]","[[ 0.56252645 -0.80196771  0.20102681 -0.22002955]
 [-0.65715251 -0.28615088  0.69732937  0.02470663]
 [-0.50171164 -0.52437149 -0.68798254 -0.4024067 ]
 [ 0.          0.          0.          1.        ]]"
single_object,96,141,37,40,30,0.5383944278379268,0.7058810909767016,0.002782378107663781,0.0019607843160960215,"[[ 0.39355056 -0.80041346  0.45216839 -0.23797244]
 [-0.87997619 -0.18567256  0.43722718  0.02002857]
 [-0.26600726 -0.56996842 -0.77741632 -0.41484655]
 [ 0.          0.          0.          1.        ]]","[[ 0.54329913 -0.81395806  0.20566559 -0.22009047]
 [-0.69144627 -0.29488632  0.65950293  0.0235278 ]
 [-0.47615975 -0.50051407 -0.72301974 -0.40578632]
 [ 0.          0.          0.          1.        ]]"
single_object,96,141,28,10,26,0.3843523847512679,0.4426463046327426,0.0027600341912085765,0.002414215860405852,"[[ 0.82657953  0.56279738  0.00503839 -0.2078678 ]
 [ 0.56279584 -0.82659386  0.00185238  0.14820738]
 [ 0.00520722  0.00130445 -0.99998559 -0.36820543]
 [ 0.          0.          0.          1.        ]]","[[ 0.33716044  0.94136137 -0.01271255 -0.21216335]
 [ 0.25357625 -0.10380913 -0.96172904  0.13461553]
 [-0.90665425  0.32103339 -0.27370722 -0.3734812 ]
 [ 0.          0.          0.          1.        ]]"
single_object,96,142,28,8,20,0.566471023989971,0.7597014074876062,0.002863919672138232,0.002327342991151762,"[[-0.62848903  0.63922802 -0.44315807 -0.20532529]
 [-0.76946269 -0.4276698   0.47436875  0.12746242]
 [ 0.11370447  0.63912916  0.76064789 -0.36155422]
 [ 0.          0.          0.          1.        ]]","[[-0.31150505  0.8271491  -0.46774883 -0.20863429]
 [-0.61347053  0.2008614   0.76374643  0.12886941]
 [ 0.72568486  0.52486099  0.44486226 -0.36737318]
 [ 0.          0.          0.          1.        ]]"
single_object,96,142,37,319,30,0.55966904560992,0.7233012485876514,0.0025637628163106404,0.002103099326923182,"[[ 0.45854777 -0.78970294  0.40755762 -0.22370831]
 [-0.87562935 -0.32322409  0.35888638  0.03301004]
 [-0.15168119 -0.52143596 -0.83970075 -0.40549952]
 [ 0.          0.          0.          1.        ]]","[[ 0.49886654 -0.82624517  0.26163158 -0.22327507]
 [-0.78046    -0.29701754  0.55014795  0.02484132]
 [-0.37684792 -0.47864339 -0.79302342 -0.40790963]
 [ 0.          0.          0.          1.        ]]"
single_object,96,143,37,62,30,0.38415881233999344,0.6791716128663168,0.0029311896482940004,0.0020728400812686496,"[[ 0.79503641 -0.51996296  0.31233896 -0.20583517]
 [-0.59696618 -0.57951751  0.554789    0.01666278]
 [-0.10746383 -0.62753325 -0.77113782 -0.41507825]
 [ 0.          0.          0.          1.        ]]","[[ 0.58257895 -0.79482976  0.16984529 -0.21885673]
 [-0.69005544 -0.37328278  0.6200673   0.02271403]
 [-0.42944762 -0.47844082 -0.76594329 -0.41088645]
 [ 0.          0.          0.          1.        ]]"
single_object,96,143,28,9,30,0.7507550287765684,0.8317283036070431,0.002652669182613418,0.0026445055948781542,"[[ 0.57966443  0.71219336  0.39594163 -0.2051256 ]
 [-0.16494152  0.57839747 -0.79890591  0.11848337]
 [-0.79798712  0.39779013  0.45274669 -0.38228201]
 [ 0.          0.          0.          1.        ]]","[[ 0.23719126  0.92179487  0.3066505  -0.20973022]
 [ 0.36759702  0.20702409 -0.90664958  0.12452008]
 [-0.89922897  0.32777316 -0.28974474 -0.38736878]
 [ 0.          0.          0.          1.        ]]"
single_object,96,144,37,173,30,0.5134155236773982,0.6930448089932636,0.0024955403529429805,0.0019235072705417074,"[[ 0.7146597  -0.68454032  0.14375695 -0.2215574 ]
 [-0.59329526 -0.48437813  0.64294523  0.02853704]
 [-0.37048921 -0.54477736 -0.75230005 -0.40547882]
 [ 0.          0.          0.          1.        ]]","[[ 0.56704611 -0.80233975  0.18630521 -0.2201541 ]
 [-0.72411706 -0.37778073  0.57700624  0.02312811]
 [-0.39257252 -0.46209593 -0.795207   -0.41301601]
 [ 0.          0.          0.          1.        ]]"
single_object,96,145,37,70,30,0.4761938814914401,0.6962056093479598,0.002599884164840286,0.002154697696402957,"[[ 0.15965945 -0.87672065  0.45372874 -0.23402557]
 [-0.98615254 -0.16253383  0.03295319  0.03776705]
 [ 0.04485553 -0.45270704 -0.89053036 -0.41612809]
 [ 0.          0.          0.          1.        ]]","[[ 0.41817643 -0.84756339  0.32674879 -0.22372404]
 [-0.89605247 -0.32586939  0.30149479  0.02843669]
 [-0.14905852 -0.41886208 -0.89573217 -0.41418023]
 [ 0.          0.          0.          1.        ]]"
single_object,96,145,28,12,30,0.48025528520143596,0.3088495070944213,0.0029331108060090647,0.002772397045081849,"[[ 1.          0.          0.         -0.20389195]
 [ 0.          1.          0.          0.13419988]
 [ 0.          0.          1.         -0.38785209]
 [ 0.          0.          0.          1.        ]]","[[-0.4681056  -0.34857664  0.81201691 -0.22311693]
 [ 0.12039236 -0.93550036 -0.3321818   0.11888025]
 [ 0.87543294 -0.05773553  0.47987893 -0.39742043]
 [ 0.          0.          0.          1.        ]]"
single_object,96,146,37,187,30,0.6255309715527968,0.7394342024342453,0.002874933924983889,0.0020412740758410748,"[[ 0.30584114 -0.83277432  0.46146303 -0.23229182]
 [-0.93356086 -0.35744992 -0.02633753  0.02940652]
 [ 0.18688315 -0.42274873 -0.8867684  -0.42004905]
 [ 0.          0.          0.          1.        ]]","[[ 0.54881239 -0.81035225  0.20526615 -0.22119462]
 [-0.78052641 -0.40882277  0.47290852  0.02474824]
 [-0.29930501 -0.4197537  -0.85686833 -0.41788516]
 [ 0.          0.          0.          1.        ]]"
single_object,96,146,28,15,19,0.8201037096130833,0.9701407487606132,0.0025314656407485676,0.002154224210280208,"[[ 0.98231901 -0.1812682   0.0468103  -0.2004904 ]
 [-0.18648926 -0.96942244  0.15950513  0.12981527]
 [ 0.01646574 -0.16541454 -0.98608666 -0.40283957]
 [ 0.          0.          0.          1.        ]]","[[ 0.87187167 -0.3685928  -0.32245796 -0.20348821]
 [-0.31532737 -0.92630154  0.20623797  0.12891021]
 [-0.37471114 -0.07813322 -0.92384347 -0.40461871]
 [ 0.          0.          0.          1.        ]]"
single_object,96,147,37,121,30,0.5949312776212474,0.7686894835452452,0.002601917223257061,0.0021721162333898174,"[[ 0.23444783 -0.87746988  0.4184266  -0.22254098]
 [-0.93539115 -0.32083086 -0.14869751  0.03899663]
 [ 0.26472175 -0.35653073 -0.89599566 -0.41780343]
 [ 0.          0.          0.          1.        ]]","[[ 0.47445702 -0.82229041  0.31421174 -0.22268374]
 [-0.8790418  -0.4236641   0.21861894  0.03012267]
 [-0.04664802 -0.37993055 -0.92383805 -0.41949319]
 [ 0.          0.          0.          1.        ]]"
single_object,96,147,28,10,30,0.6743974015613425,0.4294831614336999,0.003148701252627629,0.0028723214479018334,"[[ 0.7056554   0.69620793 -0.13170031 -0.20138559]
 [-0.70786072  0.70090646 -0.08754047  0.13599698]
 [ 0.03136323  0.15499888  0.98741668 -0.40680406]
 [ 0.          0.          0.          1.        ]]","[[-0.11383767  0.77883257 -0.61681505 -0.21553831]
 [-0.61316902  0.43342106  0.66043163  0.14288165]
 [ 0.7817063   0.45339388  0.42821636 -0.41119772]
 [ 0.          0.          0.          1.        ]]"
single_object,96,148,28,18,14,0.7051114023591087,0.9389138982278192,0.003112336290032307,0.0023083817793731675,"[[ 0.99467335 -0.0861347   0.05661922 -0.19331073]
 [-0.07064549 -0.96965453 -0.23404981  0.13369245]
 [ 0.07506089  0.22880321 -0.97057455 -0.41082294]
 [ 0.          0.          0.          1.        ]]","[[ 0.86004399 -0.43315685 -0.26962841 -0.20054531]
 [-0.37882469 -0.89611172  0.231248    0.13348785]
 [-0.34178383 -0.09674155 -0.93478601 -0.4200438 ]
 [ 0.          0.          0.          1.        ]]"
single_object,96,148,37,46,30,0.4828015274818004,0.5632303093579714,0.002626683700421242,0.0022140293629607745,"[[ 0.4247857  -0.75218199  0.50376519 -0.24690723]
 [-0.8765737  -0.48079799  0.0212567   0.02546957]
 [ 0.22622038 -0.45061685 -0.86357906 -0.43251056]
 [ 0.          0.          0.          1.        ]]","[[ 0.52163448 -0.78621226  0.33131216 -0.24593539]
 [-0.84638061 -0.42798175  0.31697238  0.01808642]
 [-0.10741201 -0.44575991 -0.88868485 -0.43137699]
 [ 0.          0.          0.          1.        ]]"
single_object,96,149,28,8,30,0.6548521283264004,0.3061143085076073,0.0024719051721356204,0.0019469877549753013,"[[ 0.53091208 -0.77543276  0.3418134  -0.20064215]
 [-0.8473711  -0.48114671  0.22463318  0.13678099]
 [-0.00972554 -0.40890326 -0.91252591 -0.43221324]
 [ 0.          0.          0.          1.        ]]","[[-0.3622984  -0.55187961  0.75111168 -0.19948152]
 [-0.64972005  0.7273344   0.22101705  0.16142212]
 [-0.66828416 -0.40793819 -0.62207934 -0.43360575]
 [ 0.          0.          0.          1.        ]]"
single_object,96,149,37,54,30,0.5818232526208899,0.7894063130193509,0.0028695606609526517,0.0022050158416128678,"[[ 0.14055265 -0.89644916  0.42026642 -0.23382936]
 [-0.98369079 -0.17456172 -0.0433662   0.02691334]
 [ 0.11223802 -0.40731697 -0.9063639  -0.43274796]
 [ 0.          0.          0.          1.        ]]","[[ 0.47794305 -0.82465445  0.30251525 -0.22189004]
 [-0.8781303  -0.44018413  0.18741692  0.03316864]
 [-0.02139178 -0.35522242 -0.93453701 -0.42472572]
 [ 0.          0.          0.          1.        ]]"
single_object,96,150,37,115,30,0.5786553011341695,0.6394041676797437,0.0026857557057411306,0.0025686134604605763,"[[ 0.0468501  -0.88246178  0.46804516 -0.22282518]
 [-0.85703263 -0.2762059  -0.43497744  0.0508171 ]
 [ 0.5131278  -0.38075124 -0.76923882 -0.43259295]
 [ 0.          0.          0.          1.        ]]","[[-0.02867486 -0.89126087  0.4525835  -0.22640938]
 [-0.83740977 -0.22581461 -0.49774757  0.04841754]
 [ 0.5458229  -0.39327068 -0.73987535 -0.4328404 ]
 [ 0.          0.          0.          1.        ]]"
single_object,96,150,28,10,29,0.6175850475810587,0.9184568921306058,0.0024939262211121716,0.002376119374396641,"[[-0.87338545  0.44520532 -0.19745907 -0.19460468]
 [ 0.48692178  0.78967341 -0.37326007  0.14238917]
 [-0.01024919 -0.42214703 -0.90646943 -0.43548182]
 [ 0.          0.          0.          1.        ]]","[[-0.29549712  0.38606385  0.87386278 -0.19364677]
 [-0.17201038  0.87826114 -0.44617239  0.14019945]
 [-0.93973075 -0.28215613 -0.19311664 -0.43374808]
 [ 0.          0.          0.          1.        ]]"
single_object,96,151,37,101,30,0.6564739198215077,0.7782219425335031,0.002777689088325788,0.002050050689381056,"[[ 0.01727999 -0.92503039  0.37949991 -0.20999884]
 [-0.99975859 -0.02113717 -0.00599923  0.09580522]
 [ 0.01357103 -0.37930463 -0.92517232 -0.41720716]
 [ 0.          0.          0.          1.        ]]","[[ 0.1849384  -0.94437142  0.27195662 -0.20343764]
 [-0.97226391 -0.13550197  0.19063606  0.09621295]
 [-0.14318059 -0.29966953 -0.94323777 -0.41602756]
 [ 0.          0.          0.          1.        ]]"
single_object,96,152,37,62,30,0.6720991432943835,0.7718431327679172,0.002694918390450855,0.002077327493077999,"[[ 0.271982   -0.92899148  0.25099925 -0.20843964]
 [-0.91407385 -0.16786963  0.36917311  0.08291513]
 [-0.30082353 -0.32984029 -0.89482433 -0.41577247]
 [ 0.          0.          0.          1.        ]]","[[ 0.17994223 -0.94532759  0.27198631 -0.20712311]
 [-0.97689398 -0.1393192   0.16207504  0.08888776]
 [-0.1153211  -0.29486593 -0.94855423 -0.41128303]
 [ 0.          0.          0.          1.        ]]"
single_object,96,153,37,181,30,0.6779130136300576,0.7084125917132682,0.0024156686983352474,0.002075943998268295,"[[ 0.25827022 -0.91119122  0.32097827 -0.21290084]
 [-0.96603585 -0.24649144  0.07756744  0.08296714]
 [ 0.00843962 -0.33010988 -0.94390478 -0.40838979]
 [ 0.          0.          0.          1.        ]]","[[ 0.31455562 -0.92484091  0.21383181 -0.2113734 ]
 [-0.89964779 -0.21860104  0.37795163  0.07789636]
 [-0.30280127 -0.31126013 -0.90079327 -0.40878197]
 [ 0.          0.          0.          1.        ]]"
single_object,96,154,37,211,30,0.7368955505656546,0.7447760980563223,0.002196041664636256,0.0020986585356356545,"[[ 0.32223584 -0.91745583  0.23332136 -0.21406116]
 [-0.90978407 -0.23201008  0.34418638  0.07785554]
 [-0.26164289 -0.32318124 -0.90944867 -0.40384481]
 [ 0.          0.          0.          1.        ]]","[[ 0.35622481 -0.90871402  0.2175838  -0.21033938]
 [-0.87086295 -0.23847507  0.42979922  0.07461584]
 [-0.33867627 -0.34259081 -0.87631611 -0.4046451 ]
 [ 0.          0.          0.          1.        ]]"
single_object,96,155,37,116,30,0.5563223158225947,0.7150488422317253,0.0023871587611195896,0.0021066552076896825,"[[ 0.04408806 -0.96200674  0.26944252 -0.22392512]
 [-0.9690499   0.02439364  0.24565676  0.07999098]
 [-0.24289615 -0.27193378 -0.93115707 -0.39877635]
 [ 0.          0.          0.          1.        ]]","[[ 0.31162669 -0.91971258  0.23878354 -0.2139545 ]
 [-0.88716991 -0.1916139   0.4197781   0.07274201]
 [-0.34032096 -0.34265564 -0.87565333 -0.40010743]
 [ 0.          0.          0.          1.        ]]"
single_object,96,156,37,215,30,0.4839528597376965,0.5038902158211644,0.0029473590207744187,0.002649885740794746,"[[-0.11159534 -0.92735815  0.35714611 -0.21299856]
 [-0.9316309  -0.02744641 -0.36236798  0.07806611]
 [ 0.34584728 -0.37316693 -0.86089262 -0.40025542]
 [ 0.          0.          0.          1.        ]]","[[-0.02145369 -0.92497057  0.37943272 -0.21624813]
 [-0.94451846 -0.10566729 -0.31099727  0.08085738]
 [ 0.32775695 -0.36505324 -0.87138482 -0.39930058]
 [ 0.          0.          0.          1.        ]]"
single_object,96,157,37,204,30,0.6138889286174002,0.6896408701497447,0.0021714358400940527,0.001882853221126588,"[[ 0.10781101 -0.9534637   0.28157371 -0.21812385]
 [-0.9800422  -0.05434695  0.19121635  0.07610569]
 [-0.16701518 -0.29656935 -0.94029386 -0.39050994]
 [ 0.          0.          0.          1.        ]]","[[ 0.27243321 -0.92753497  0.2558496  -0.21758988]
 [-0.89792906 -0.14955333  0.41395315  0.06925763]
 [-0.34569286 -0.34250937 -0.8736039  -0.39161304]
 [ 0.          0.          0.          1.        ]]"
single_object,96,158,37,167,30,0.6321958265993507,0.6784922553240178,0.0022699577611944898,0.0020422241617892,"[[ 0.32408384 -0.92199794  0.21187134 -0.21691214]
 [-0.78336879 -0.13598438  0.60649945  0.06635068]
 [-0.53038005 -0.36253007 -0.76633475 -0.38744477]
 [ 0.          0.          0.          1.        ]]","[[ 0.35507133 -0.90389482  0.23853406 -0.21324412]
 [-0.82520797 -0.18315981  0.5343073   0.06682878]
 [-0.43926775 -0.38655741 -0.81093601 -0.38723095]
 [ 0.          0.          0.          1.        ]]"
single_object,96,159,37,266,22,0.6400120139018006,0.6725210600838113,0.002262516861947944,0.0019148001359480448,"[[ 0.31091221 -0.91097834  0.27102042 -0.21839071]
 [-0.81555491 -0.1092825   0.56826712  0.06403028]
 [-0.48806125 -0.39771322 -0.77693012 -0.38317878]
 [ 0.          0.          0.          1.        ]]","[[ 0.33737156 -0.9088095   0.24545004 -0.21576237]
 [-0.82771667 -0.16218219  0.53719834  0.06608302]
 [-0.44840333 -0.38439853 -0.80695243 -0.38318308]
 [ 0.          0.          0.          1.        ]]"
single_object,96,160,37,158,30,0.656731360574379,0.6865444299832664,0.0026909972712104643,0.0018736647184131566,"[[ 0.39606357 -0.89473755  0.20634526 -0.21818438]
 [-0.75276986 -0.18770909  0.6309539   0.06062335]
 [-0.52580527 -0.40522835 -0.7478762  -0.3796383 ]
 [ 0.          0.          0.          1.        ]]","[[ 0.32010145 -0.91277477  0.25372679 -0.21729711]
 [-0.81512444 -0.12886539  0.56477062  0.06469988]
 [-0.48281177 -0.38760281 -0.78527502 -0.37944194]
 [ 0.          0.          0.          1.        ]]"
single_object,96,161,37,334,23,0.6288705502080979,0.6424791544501495,0.0021616378914216514,0.0020221274045933942,"[[ 0.27910377 -0.91678245  0.28567643 -0.21748886]
 [-0.82284244 -0.07497567  0.56330184  0.06284316]
 [-0.49500646 -0.39228636 -0.7752935  -0.37610883]
 [ 0.          0.          0.          1.        ]]","[[ 0.34610593 -0.90554811  0.24534323 -0.21679075]
 [-0.79024145 -0.14042629  0.59648881  0.06370032]
 [-0.50569668 -0.4003287  -0.76420403 -0.37518796]
 [ 0.          0.          0.          1.        ]]"
single_object,96,162,37,265,30,0.6298788598235101,0.6859294326291852,0.0023874704875013206,0.0019228178022558037,"[[ 0.13279881 -0.95525917  0.26428091 -0.21803537]
 [-0.89094042  0.00177811  0.45411674  0.06375899]
 [-0.43426909 -0.29576471 -0.85084287 -0.36923053]
 [ 0.          0.          0.          1.        ]]","[[ 0.31148496 -0.91334622  0.26225142 -0.21715341]
 [-0.79420509 -0.09869411  0.59958132  0.06252507]
 [-0.52174266 -0.39504197 -0.75612594 -0.37110809]
 [ 0.          0.          0.          1.        ]]"
single_object,96,163,37,151,28,0.6345986069594817,0.6542785222900785,0.002260252978466402,0.0016444346727619928,"[[ 0.37054592 -0.9123488   0.17411313 -0.21841801]
 [-0.67257805 -0.13428172  0.72774116  0.06163733]
 [-0.64057356 -0.38676619 -0.66338332 -0.36692041]
 [ 0.          0.          0.          1.        ]]","[[ 0.38287649 -0.89690059  0.22130279 -0.21587645]
 [-0.672414   -0.10630712  0.73250134  0.05796982]
 [-0.63345482 -0.42926463 -0.64379101 -0.36910928]
 [ 0.          0.          0.          1.        ]]"
single_object,96,164,37,198,12,0.6443169953803687,0.6561378166163704,0.0016883093484770838,0.0016416565638732008,"[[ 0.40031134 -0.89433536  0.19978761 -0.21733544]
 [-0.61978615 -0.10364496  0.77789642  0.0574479 ]
 [-0.6749933  -0.43522636 -0.59578693 -0.36564784]
 [ 0.          0.          0.          1.        ]]","[[ 0.38710075 -0.89728441  0.21221146 -0.21561004]
 [-0.63207624 -0.09067687  0.76958257  0.05764835]
 [-0.67129177 -0.43203981 -0.60225323 -0.36495468]
 [ 0.          0.          0.          1.        ]]"
single_object,96,165,37,147,30,0.4796407271271042,0.6265750368283299,0.0025937761303049703,0.0020737062253685123,"[[ 0.17400206 -0.89380118  0.41333125 -0.21547152]
 [-0.95858301 -0.05762819  0.27892224  0.06651471]
 [-0.22548149 -0.44474536 -0.86681005 -0.35443962]
 [ 0.          0.          0.          1.        ]]","[[ 0.25194353 -0.92057085  0.2984523  -0.21852098]
 [-0.74295444  0.01362492  0.66920331  0.05812177]
 [-0.62011544 -0.39033791 -0.68050948 -0.35939835]
 [ 0.          0.          0.          1.        ]]"
single_object,96,166,37,170,15,0.47728800469114263,0.5384587880261446,0.0023392010095786243,0.0020225874263378072,"[[ 0.17171278 -0.95403379  0.24563032 -0.20888887]
 [-0.64917881  0.07796257  0.75662984  0.08829942]
 [-0.7410004  -0.28938101 -0.60595135 -0.33000332]
 [ 0.          0.          0.          1.        ]]","[[ 0.12875459 -0.95344002  0.27271666 -0.20403259]
 [-0.73093764  0.09461021  0.67585433  0.08661909]
 [-0.67018835 -0.28635822 -0.6847237  -0.33028964]
 [ 0.          0.          0.          1.        ]]"
single_object,96,167,37,264,30,0.6067664011212975,0.5805145954604614,0.0020608977751656065,0.0017897424659722558,"[[ 0.13599335 -0.95805639  0.25225733 -0.20267651]
 [-0.77898872  0.05391319  0.62471589  0.08931441]
 [-0.61211305 -0.28146282 -0.73898328 -0.3358379 ]
 [ 0.          0.          0.          1.        ]]","[[ 0.2081533  -0.94917149  0.23610525 -0.2019371 ]
 [-0.68450351  0.03106392  0.72834743  0.0882337 ]
 [-0.69866097 -0.31322279 -0.64324516 -0.3376361 ]
 [ 0.          0.          0.          1.        ]]"
single_object,96,168,37,314,28,0.6185228621690814,0.6343411662066105,0.0017795881645526878,0.0017467668333804032,"[[ 0.17206539 -0.95860031  0.22688973 -0.20155476]
 [-0.66791261  0.05576978  0.74214721  0.09116611]
 [-0.72407613 -0.27924036 -0.63066518 -0.34277618]
 [ 0.          0.          0.          1.        ]]","[[ 0.1935239  -0.95074858  0.24212732 -0.20135827]
 [-0.70618703  0.03633174  0.70709256  0.09073717]
 [-0.68106415 -0.30782648 -0.66437525 -0.34273245]
 [ 0.          0.          0.          1.        ]]"
single_object,96,169,37,277,30,0.60678785451737,0.6546146254952159,0.002091680322227457,0.0015530046341809209,"[[ 0.26926801 -0.92196907  0.27833033 -0.20088619]
 [-0.76305645 -0.02791943  0.64572855  0.09099339]
 [-0.58757093 -0.38625579 -0.71103226 -0.34963104]
 [ 0.          0.          0.          1.        ]]","[[ 0.18581949 -0.95368487  0.23655083 -0.20102987]
 [-0.74748117  0.01905812  0.66400955  0.09431874]
 [-0.63776408 -0.30020321 -0.70932011 -0.34688628]
 [ 0.          0.          0.          1.        ]]"
single_object,96,170,37,549,30,0.7119667043292953,0.7017763411948111,0.0019476766811081171,0.0016844952185194927,"[[ 0.08915426 -0.95772513  0.27352166 -0.19977627]
 [-0.8808918   0.05234614  0.47041419  0.10005526]
 [-0.46484529 -0.28288242 -0.83898533 -0.34915349]
 [ 0.          0.          0.          1.        ]]","[[ 0.12989723 -0.96021355  0.24721781 -0.20139967]
 [-0.81736925  0.03744021  0.57489628  0.09868848]
 [-0.56127909 -0.27674567 -0.77998565 -0.35074719]
 [ 0.          0.          0.          1.        ]]"
single_object,96,171,37,305,30,0.7289649451508173,0.7349075358629271,0.0018634287472017188,0.0017313703932148635,"[[ 0.12509356 -0.96167671  0.24398669 -0.19655808]
 [-0.80853006  0.04371177  0.58682912  0.10103859]
 [-0.57500499 -0.27067911 -0.77207647 -0.35624788]
 [ 0.          0.          0.          1.        ]]","[[ 0.07671897 -0.96145504  0.26404243 -0.20166465]
 [-0.86508873  0.06747703  0.49705969  0.1023893 ]
 [-0.49571734 -0.26655404 -0.82656715 -0.35548729]
 [ 0.          0.          0.          1.        ]]"
single_object,96,172,37,120,30,0.5103762925671134,0.567163431971281,0.00245311942730298,0.0018423308029664432,"[[-0.30629309  0.93919538  0.15523076 -0.23307371]
 [ 0.77611597  0.15195619  0.61200762  0.10199146]
 [ 0.55120645  0.30793078 -0.77546766 -0.37364574]
 [ 0.          0.          0.          1.        ]]","[[-0.14958662  0.96494046  0.21567049 -0.22947601]
 [ 0.78835234 -0.01525267  0.61503491  0.10318255]
 [ 0.59676161  0.26202532 -0.75843148 -0.37120818]
 [ 0.          0.          0.          1.        ]]"
single_object,96,173,37,227,30,0.654872066248087,0.756596919292324,0.0022838387165191585,0.0017333709177554221,"[[ 0.05791173 -0.98115941  0.18431617 -0.19923377]
 [-0.77272236  0.07284338  0.63055054  0.10385183]
 [-0.63209681 -0.1789415  -0.75394533 -0.36967798]
 [ 0.          0.          0.          1.        ]]","[[ 0.15670184 -0.95747375  0.24225718 -0.19798518]
 [-0.83565942  0.00220248  0.54924355  0.10445477]
 [-0.52641985 -0.28851197 -0.79977683 -0.36837841]
 [ 0.          0.          0.          1.        ]]"
single_object,96,174,37,70,30,0.6250089389150303,0.7966361074958166,0.0024779406932412527,0.0019040228937427742,"[[ 0.02729492 -0.95982234  0.27927777 -0.19976907]
 [-0.91194167  0.09051553  0.4002116   0.11922676]
 [-0.40941101 -0.26560877 -0.87283137 -0.36850665]
 [ 0.          0.          0.          1.        ]]","[[ 0.07721862 -0.96248472  0.26011624 -0.19824983]
 [-0.91580893  0.03465939  0.40011589  0.11077515]
 [-0.3941209  -0.26911317 -0.87877575 -0.37245448]
 [ 0.          0.          0.          1.        ]]"
single_object,96,175,37,147,30,0.743009768446345,0.759106966632818,0.0021320244627811144,0.0019090303162785953,"[[ 0.11028485 -0.96116176  0.25299274 -0.19146192]
 [-0.8808076   0.0234085   0.47289536  0.11235567]
 [-0.46045111 -0.27499112 -0.84401698 -0.37618318]
 [ 0.          0.          0.          1.        ]]","[[ 0.0825698  -0.9612595   0.26298746 -0.19641562]
 [-0.93038784  0.02021969  0.36601862  0.11461126]
 [-0.3571564  -0.27490242 -0.89267461 -0.37777251]
 [ 0.          0.          0.          1.        ]]"
single_object,96,176,37,135,17,0.7070610277606946,0.7749824797265407,0.002549813014328434,0.0018681252838887259,"[[ 0.13695425 -0.96333035  0.23073397 -0.19816927]
 [-0.88109671 -0.01202368  0.47278327  0.11642522]
 [-0.4526722  -0.26804862 -0.8504339  -0.38310054]
 [ 0.          0.          0.          1.        ]]","[[ 0.07684563 -0.96260163  0.25979388 -0.19325811]
 [-0.93244558  0.02287914  0.36058534  0.1166041 ]
 [-0.35304389 -0.26995306 -0.89581547 -0.38387273]
 [ 0.          0.          0.          1.        ]]"
single_object,96,177,37,81,21,0.6212402923382772,0.7541083253479026,0.002715224664833277,0.002022107722156497,"[[-1.50133549e-01 -9.37069318e-01  3.15215816e-01 -1.91986638e-01]
 [-9.87438475e-01  1.58002853e-01 -5.96469276e-04  1.27300810e-01]
 [-4.92460653e-02 -3.11345775e-01 -9.49019828e-01 -3.88717935e-01]
 [ 0.00000000e+00  0.00000000e+00  0.00000000e+00  1.00000000e+00]]","[[ 0.03217603 -0.96225269  0.27024889 -0.19141412]
 [-0.96657091  0.03885767  0.25343788  0.12263846]
 [-0.25437253 -0.26936934 -0.92883517 -0.3891688 ]
 [ 0.          0.          0.          1.        ]]"
single_object,96,178,37,58,30,0.4110828244111043,0.6960125287833064,0.0025843485973404837,0.0019552087786888985,"[[ 0.16105985 -0.90009892  0.404823   -0.19525799]
 [-0.97855201 -0.1990167  -0.05318196  0.13279816]
 [ 0.12843557 -0.38757488 -0.9128472  -0.39734209]
 [ 0.          0.          0.          1.        ]]","[[ 0.00623114 -0.96195721  0.27312909 -0.18846121]
 [-0.96540206  0.06541826  0.25242686  0.12728209]
 [-0.26069147 -0.26525229 -0.92826784 -0.39513198]
 [ 0.          0.          0.          1.        ]]"
single_object,96,179,37,79,30,0.59696219911612,0.6630029033596018,0.0023942276847983635,0.001848919968247996,"[[-0.12003504 -0.94252235  0.31183844 -0.18552528]
 [-0.97179128  0.17578357  0.15723185  0.13894635]
 [-0.2030106  -0.28416855 -0.93703518 -0.39920692]
 [ 0.          0.          0.          1.        ]]","[[ 0.00984754 -0.96406844  0.2654714  -0.18134436]
 [-0.96791592  0.05747136  0.24461362  0.13512934]
 [-0.25108127 -0.25936284 -0.93257124 -0.40037323]
 [ 0.          0.          0.          1.        ]]"
single_object,96,180,37,72,30,0.4918906162845578,0.5311288777013401,0.0027311682950633,0.0020836670604455956,"[[ 0.07018605 -0.95681197  0.28210774 -0.17074149]
 [-0.93082066  0.03886696  0.36340371  0.14468531]
 [-0.35867369 -0.28809758 -0.88789243 -0.40738944]
 [ 0.          0.          0.          1.        ]]","[[ 0.002253   -0.96495873  0.26239202 -0.17368375]
 [-0.95219651  0.07808522  0.29533794  0.14287594]
 [-0.30547786 -0.25051416 -0.91865441 -0.40716167]
 [ 0.          0.          0.          1.        ]]"
single_object,96,185,37,65,30,0.2979876714483903,0.30637594931277623,0.0024729714887279687,0.00224208945778472,"[[-0.00775193 -0.9689474   0.24714539 -0.1673191 ]
 [-0.82758115  0.14494572  0.54231004  0.147447  ]
 [-0.56129256 -0.20032891 -0.80300622 -0.37394507]
 [ 0.          0.          0.          1.        ]]","[[ 4.46595761e-04 -9.57119220e-01  2.89693974e-01 -1.68298138e-01]
 [-8.47123735e-01  1.53580006e-01  5.08718546e-01  1.49635482e-01]
 [-5.31395500e-01 -2.45633833e-01 -8.10729821e-01 -3.70856444e-01]
 [ 0.00000000e+00  0.00000000e+00  0.00000000e+00  1.00000000e+00]]"
single_object,96,186,37,74,30,0.2811896623235458,0.33460861854431556,0.002619831330292021,0.0021955714176180936,"[[ 0.3388127  -0.91721816  0.20956335 -0.16960551]
 [-0.75151898 -0.12982318  0.64681154  0.12675534]
 [-0.56606111 -0.3766388  -0.7332926  -0.3802046 ]
 [ 0.          0.          0.          1.        ]]","[[ 0.21638181 -0.93184981  0.29126422 -0.17013137]
 [-0.7968633   0.00379878  0.60414771  0.13934375]
 [-0.56408137 -0.36282434 -0.74173493 -0.36830359]
 [ 0.          0.          0.          1.        ]]"
single_object,96,187,37,99,30,0.35494643802113873,0.36594487907435747,0.00239900098236651,0.002126112415186701,"[[ 0.09442027 -0.96975833  0.22506351 -0.17142775]
 [-0.78119099  0.06796536  0.62058146  0.14021043]
 [-0.61711057 -0.23441306 -0.75114916 -0.35828787]
 [ 0.          0.          0.          1.        ]]","[[-0.17688183 -0.95601707  0.23397475 -0.17323328]
 [-0.79135688  0.2794881   0.54372851  0.1414161 ]
 [-0.58520689 -0.08898183 -0.80598705 -0.35642183]
 [ 0.          0.          0.          1.        ]]"
single_object,96,188,37,54,30,0.3548391710407758,0.37594216164418826,0.0024189736375908274,0.0020905589746027862,"[[ 0.25575167 -0.91887425  0.30043501 -0.17299747]
 [-0.73914093  0.0144472   0.67339585  0.13015297]
 [-0.62310655 -0.39428593 -0.67548267 -0.35775361]
 [ 0.          0.          0.          1.        ]]","[[ 0.10742412 -0.95811442  0.26547471 -0.17535516]
 [-0.75454406  0.09530631  0.6492919   0.13327934]
 [-0.64739734 -0.27006197 -0.71270135 -0.35462837]
 [ 0.          0.          0.          1.        ]]"
single_object,96,189,37,131,30,0.37978231954118336,0.4053690699237689,0.0025263663436935918,0.002114989305057732,"[[ 0.32270679 -0.92235135  0.21243428 -0.16985838]
 [-0.56336535 -0.0068227   0.82617973  0.12325349]
 [-0.76057861 -0.38629192 -0.52182252 -0.35619582]
 [ 0.          0.          0.          1.        ]]","[[ 0.21748222 -0.94200567  0.25559109 -0.17586218]
 [-0.68346885  0.03997221  0.72888445  0.12746225]
 [-0.69682983 -0.33320796 -0.63513829 -0.3500946 ]
 [ 0.          0.          0.          1.        ]]"
single_object,96,190,37,159,30,0.3881634462735451,0.4046325033252764,0.002409833881507808,0.002013049323555408,"[[ 0.33573758 -0.91146088  0.23773798 -0.17346121]
 [-0.6671997  -0.05194869  0.7430652   0.11881932]
 [-0.66492469 -0.40809362 -0.62556755 -0.34552855]
 [ 0.          0.          0.          1.        ]]","[[ 0.08773521 -0.96055034  0.26390448 -0.17900641]
 [-0.70662134  0.12672124  0.69615228  0.12698577]
 [-0.70213162 -0.2475576  -0.66762746 -0.34084868]
 [ 0.          0.          0.          1.        ]]"
single_object,96,191,37,129,30,0.40970980706245796,0.4156023398503983,0.00215479609897008,0.0019016332421487496,"[[ 0.16155728 -0.9421306   0.29375021 -0.18241766]
 [-0.67037445  0.11367084  0.73326464  0.12245458]
 [-0.72422189 -0.31538687 -0.61321593 -0.33577843]
 [ 0.          0.          0.          1.        ]]","[[ 0.02293159 -0.96312207  0.26808586 -0.17966814]
 [-0.76836379  0.15457962  0.62106539  0.12611779]
 [-0.63960239 -0.22022948 -0.73648337 -0.33170479]
 [ 0.          0.          0.          1.        ]]"
single_object,96,192,37,166,16,0.4358686480069795,0.4295613495616356,0.0020452864826333945,0.001990124468786235,"[[-0.02544675 -0.96384474  0.26524663 -0.17935098]
 [-0.73820736  0.19703448  0.64515681  0.12254994]
 [-0.67409373 -0.17938987 -0.71653117 -0.32466058]
 [ 0.          0.          0.          1.        ]]","[[-0.09126106 -0.96455586  0.24759525 -0.18016254]
 [-0.78988672  0.22152362  0.57184461  0.12539885]
 [-0.60642426 -0.14338506 -0.78210635 -0.32309547]
 [ 0.          0.          0.          1.        ]]"
single_object,96,193,37,98,23,0.42509904317853514,0.4448290164333014,0.002077208064129008,0.001872139498158161,"[[ 0.16014506 -0.95825064  0.23687395 -0.17901298]
 [-0.65509749  0.07632921  0.75167888  0.11666069]
 [-0.73837717 -0.27555319 -0.61552384 -0.32131028]
 [ 0.          0.          0.          1.        ]]","[[-0.01549369 -0.96529904  0.26068701 -0.17968018]
 [-0.73176787  0.18861597  0.65493496  0.11872405]
 [-0.68137782 -0.18061502 -0.70929718 -0.31885128]
 [ 0.          0.          0.          1.        ]]"
single_object,96,194,37,100,30,0.39494271943248616,0.41475850627154276,0.0022393238206382953,0.0019585542492055316,"[[ 0.2967689  -0.92854969  0.22298812 -0.16290354]
 [-0.59232686  0.00417256  0.80568696  0.10329459]
 [-0.74905081 -0.37118468 -0.54876663 -0.32105345]
 [ 0.          0.          0.          1.        ]]","[[ 0.11911398 -0.95879673  0.25791606 -0.18279315]
 [-0.63241829  0.12698833  0.76414728  0.11170754]
 [-0.76541424 -0.25413145 -0.5912345  -0.31745981]
 [ 0.          0.          0.          1.        ]]"
single_object,96,195,37,126,30,0.45999656745662837,0.460125287833064,0.002262018311473529,0.00197099811693177,"[[-0.04941093 -0.96186741  0.26901609 -0.1772729 ]
 [-0.68071879  0.22953029  0.69565636  0.11303966]
 [-0.73087652 -0.14875128 -0.66610252 -0.30355929]
 [ 0.          0.          0.          1.        ]]","[[-0.0823032  -0.96560018  0.24666267 -0.18318673]
 [-0.71038409  0.23043014  0.66502361  0.11290675]
 [-0.69898543 -0.12049166 -0.70491214 -0.30516774]
 [ 0.          0.          0.          1.        ]]"
single_object,97,0,28,18,30,0.759929340703174,0.8836400934526184,0.0027304674441519425,0.0025004756244938016,"[[-0.15103624  0.40059679 -0.90372024  0.01955403]
 [-0.91589878 -0.40065905 -0.02453063  0.06747163]
 [-0.37191059  0.82401125  0.42742014 -0.45518897]
 [ 0.          0.          0.          1.        ]]","[[-0.96449269  0.2344058  -0.12168722  0.01981087]
 [-0.21107051 -0.40715958  0.88863396  0.07001126]
 [ 0.15875484  0.88276554  0.44217859 -0.45160763]
 [ 0.          0.          0.          1.        ]]"
single_object,97,0,37,104,30,0.41645332456127804,0.49322072684105894,0.002698260868142538,0.0024711873021699697,"[[-0.41825818  0.17038871 -0.89220389 -0.12204756]
 [ 0.90287421  0.18546558 -0.38784104 -0.04973986]
 [ 0.09938938 -0.96776557 -0.23141207 -0.39206763]
 [ 0.          0.          0.          1.        ]]","[[-0.12186932  0.05589894 -0.99097083 -0.12114924]
 [ 0.96356812  0.24615513 -0.10461416 -0.05077549]
 [ 0.23808473 -0.96761716 -0.08386119 -0.39544343]
 [ 0.          0.          0.          1.        ]]"
single_object,97,1,37,267,30,0.7200760880447374,0.8151074815143238,0.0025767536592650147,0.0017080580279104465,"[[-0.98228499  0.17141325  0.07572115  0.08206143]
 [-0.00830945  0.36383639 -0.93142581 -0.10220924]
 [-0.18720883 -0.91555479 -0.35596668 -0.43373627]
 [ 0.          0.          0.          1.        ]]","[[-0.97704626  0.01948753  0.21213403  0.08563978]
 [-0.19751074  0.29022105 -0.9363553  -0.09742414]
 [-0.07981301 -0.95676119 -0.27971039 -0.44213479]
 [ 0.          0.          0.          1.        ]]"
single_object,97,1,28,12,30,0.7670522536896689,0.8464869793150607,0.0025628733791996936,0.002211684744486114,"[[-0.73423242 -0.3664411   0.57150999 -0.0559334 ]
 [-0.67347463  0.28694699 -0.68124398  0.02155204]
 [ 0.08564273 -0.88508889 -0.45747456 -0.44498656]
 [ 0.          0.          0.          1.        ]]","[[-0.80585859  0.41984697  0.41751702 -0.05663224]
 [-0.21228908  0.45338884 -0.8656627   0.02578252]
 [-0.55274342 -0.78623602 -0.27623837 -0.45205686]
 [ 0.          0.          0.          1.        ]]"
single_object,97,2,28,19,30,0.7369650692347143,0.5402017208957776,0.0026182796312467795,0.0023427942389443986,"[[ 0.26367254  0.16798665 -0.94987224 -0.05361499]
 [ 0.81822906  0.48255861  0.31247142  0.04180696]
 [ 0.51086006 -0.85960321 -0.0102141  -0.44513282]
 [ 0.          0.          0.          1.        ]]","[[ 0.96299706  0.2686008   0.02214227 -0.04037079]
 [-0.22722204  0.76496373  0.6026613   0.04306683]
 [ 0.14493727 -0.58539227  0.79768984 -0.4526441 ]
 [ 0.          0.          0.          1.        ]]"
single_object,97,2,37,255,30,0.7129106537564897,0.8094795406112788,0.0026200040454970267,0.001770409925557368,"[[-0.8274972  -0.09542845  0.55330082  0.07597356]
 [-0.54894062  0.34452452 -0.76155568 -0.10516483]
 [-0.11795162 -0.93391449 -0.33747763 -0.44374581]
 [ 0.          0.          0.          1.        ]]","[[-0.9875656  -0.00274655  0.15718346  0.07949891]
 [-0.1490039   0.33511951 -0.93031863 -0.10145281]
 [-0.05012008 -0.94217163 -0.33136174 -0.44515334]
 [ 0.          0.          0.          1.        ]]"
single_object,97,3,28,7,30,0.6813493646361616,0.31363610462134595,0.00270360301763779,0.003001456727350661,"[[ 0.85231175  0.50928191  0.11914961 -0.05148779]
 [-0.25958286  0.21411328  0.94168585  0.03620711]
 [ 0.45407205 -0.83353911  0.31469212 -0.43100547]
 [ 0.          0.          0.          1.        ]]","[[ 0.85783392 -0.31123186  0.40896907 -0.03514907]
 [ 0.5080505   0.6335564  -0.58351605  0.01965883]
 [-0.07749619  0.7083368   0.70160767 -0.45707812]
 [ 0.          0.          0.          1.        ]]"
single_object,97,3,37,161,30,0.5942161644188275,0.8468728099658176,0.0025587727599278957,0.0017376551779529205,"[[-0.93781134  0.22547676 -0.26395099  0.07954388]
 [ 0.33603246  0.39877974 -0.85326251 -0.11086675]
 [-0.08713256 -0.88889535 -0.44974767 -0.43137376]
 [ 0.          0.          0.          1.        ]]","[[-0.99453224  0.00758552  0.10415412  0.07465489]
 [-0.094086    0.36769572 -0.92517441 -0.10341817]
 [-0.04531495 -0.92991522 -0.36497156 -0.44906367]
 [ 0.          0.          0.          1.        ]]"
single_object,97,4,37,199,22,0.8057895564867918,0.8397717358657876,0.0018259443485859168,0.0016585741587073588,"[[-0.99073332  0.06403988  0.11977635  0.07016273]
 [-0.08314845  0.41132884 -0.90768658 -0.10345303]
 [-0.10739561 -0.90923456 -0.40219237 -0.45608705]
 [ 0.          0.          0.          1.        ]]","[[-0.99183928 -0.0017554   0.12748239  0.07031593]
 [-0.11661637  0.41663622 -0.90156247 -0.1045995 ]
 [-0.05153118 -0.9090716  -0.41344088 -0.4529838 ]
 [ 0.          0.          0.          1.        ]]"
single_object,97,4,28,19,30,0.834805402017209,0.7661975041312895,0.002797789548802511,0.0025332197914686313,"[[-0.92697349  0.37497596  0.01063892 -0.05516014]
 [ 0.16053578  0.42217191 -0.89218784  0.03263603]
 [-0.33904044 -0.82532654 -0.45153923 -0.43449669]
 [ 0.          0.          0.          1.        ]]","[[-0.73074731 -0.05265075  0.68061462 -0.05158083]
 [-0.61657834  0.47881448 -0.62495428  0.02615584]
 [-0.29298382 -0.87633589 -0.3823557  -0.42791617]
 [ 0.          0.          0.          1.        ]]"
single_object,97,5,28,33,14,0.8052880506011738,0.9691720325944498,0.0026657163300813397,0.0017827364249294554,"[[-0.97943836 -0.19980536  0.02789832 -0.05191406]
 [-0.14892194  0.62276064 -0.768109    0.04213764]
 [ 0.13609832 -0.7564701  -0.63971106 -0.43912468]
 [ 0.          0.          0.          1.        ]]","[[-0.79993982  0.05035245  0.59796397 -0.0499453 ]
 [-0.45499754  0.59879614 -0.65910577  0.03963308]
 [-0.39124611 -0.79931709 -0.45609064 -0.44019771]
 [ 0.          0.          0.          1.        ]]"
single_object,97,5,37,200,30,0.707146841344985,0.8131194668115963,0.0020548297245645383,0.0017280888206778367,"[[-0.98092891 -0.19119989  0.03494403  0.07556422]
 [-0.1194092   0.45095836 -0.88452134 -0.1047379 ]
 [ 0.15336207 -0.87182519 -0.46518912 -0.45751983]
 [ 0.          0.          0.          1.        ]]","[[-0.99818935  0.00409671  0.06001039  0.06780376]
 [-0.05195403  0.44404596 -0.89449649 -0.1027295 ]
 [-0.03031187 -0.89599465 -0.4430291  -0.46134913]
 [ 0.          0.          0.          1.        ]]"
single_object,97,6,28,9,30,0.6656219727619808,0.5759872357399282,0.0027439265657511016,0.00261649029724008,"[[ 0.36922736 -0.05696401  0.92759164 -0.0462587 ]
 [ 0.75688102 -0.56073962 -0.33571148  0.05011724]
 [ 0.53926085  0.82603038 -0.16392543 -0.43416579]
 [ 0.          0.          0.          1.        ]]","[[ 0.75435324 -0.31898637  0.57375857 -0.03888596]
 [ 0.45389462 -0.37799137 -0.80690904  0.03635418]
 [ 0.47426877  0.86912037 -0.14035281 -0.43638728]
 [ 0.          0.          0.          1.        ]]"
single_object,97,6,37,257,30,0.7829845964616199,0.8394499349246985,0.001901374419606236,0.001788878905890618,"[[-0.98531824 -0.04908781  0.16351867  0.06241943]
 [-0.16577406  0.50412303 -0.84757238 -0.10872802]
 [-0.04082806 -0.86223568 -0.5048591  -0.45635976]
 [ 0.          0.          0.          1.        ]]","[[-9.99511505e-01 -2.57641330e-04  3.12519531e-02  6.53912101e-02]
 [-2.72511299e-02  4.96759307e-01 -8.67460412e-01 -1.04690488e-01]
 [-1.53012049e-02 -8.67888313e-01 -4.96523664e-01 -4.61852862e-01]
 [ 0.00000000e+00  0.00000000e+00  0.00000000e+00  1.00000000e+00]]"
single_object,97,7,28,15,30,0.6860219955553023,0.8359450680950482,0.0028058212970462574,0.0019296238153098705,"[[ 0.03782522 -0.12191408 -0.99181965 -0.04683814]
 [-0.90866549 -0.41719367  0.01662733  0.03851338]
 [-0.41580798  0.90060335 -0.12655956 -0.43673638]
 [ 0.          0.          0.          1.        ]]","[[ 0.13171689 -0.18912484 -0.97307886 -0.04883611]
 [-0.58380234 -0.8081362   0.07804301  0.04285423]
 [-0.80114012  0.55780613 -0.21685671 -0.43493107]
 [ 0.          0.          0.          1.        ]]"
single_object,97,7,37,205,25,0.7031922653356026,0.7735093465295556,0.0022562755518596243,0.0017074235570110178,"[[-0.96529543  0.2026034  -0.1647926   0.07085654]
 [ 0.25160447  0.55232864 -0.79475044 -0.10334464]
 [-0.06999947 -0.80863152 -0.58413623 -0.46680546]
 [ 0.          0.          0.          1.        ]]","[[-0.99627405  0.06177261 -0.06018432  0.06581888]
 [ 0.08371953  0.52509734 -0.84691429 -0.10075837]
 [-0.02071347 -0.84879734 -0.52831243 -0.46995429]
 [ 0.          0.          0.          1.        ]]"
single_object,97,8,28,7,30,0.6868767451136817,0.7098410165821414,0.002616989735115132,0.0028096903437302406,"[[ 0.90528132  0.12940913  0.40462205 -0.04112617]
 [-0.40639327  0.54124054  0.73614074  0.05031424]
 [-0.12373452 -0.83085014  0.54256595 -0.42875907]
 [ 0.          0.          0.          1.        ]]","[[ 0.99678049  0.00755193  0.0798225  -0.03775628]
 [-0.05403173  0.79881599  0.59914405  0.04914041]
 [-0.05923879 -0.60152804  0.79665223 -0.42938396]
 [ 0.          0.          0.          1.        ]]"
single_object,97,8,37,419,30,0.8059897881834694,0.7973011627740672,0.0019285882962745225,0.0016506011195973318,"[[-0.99886097  0.04702516 -0.00808716  0.06030325]
 [ 0.0324267   0.54465419 -0.8380336  -0.09850662]
 [-0.03500396 -0.83734129 -0.54555869 -0.47634045]
 [ 0.          0.          0.          1.        ]]","[[-0.99871023  0.02704686 -0.04296912  0.06306358]
 [ 0.05075112  0.55652228 -0.82928118 -0.09725144]
 [ 0.00148382 -0.83039233 -0.55717715 -0.47701576]
 [ 0.          0.          0.          1.        ]]"
single_object,97,9,28,19,25,0.8832412103253746,0.8553193914183145,0.0023519415598857916,0.0022771055905493835,"[[-0.57403301 -0.19844949  0.79442048 -0.04738656]
 [-0.63087254  0.72567618 -0.27457952  0.04502877]
 [-0.52200186 -0.65879578 -0.54175842 -0.4291113 ]
 [ 0.          0.          0.          1.        ]]","[[-0.90540941 -0.13137697  0.40370024 -0.04663067]
 [-0.35468333  0.75666633 -0.54923201  0.04366096]
 [-0.23330994 -0.64046558 -0.73169004 -0.4297571 ]
 [ 0.          0.          0.          1.        ]]"
single_object,97,9,37,232,30,0.7361303794390652,0.8273788240678499,0.0019398460616724242,0.0017398964998063676,"[[-0.99008155  0.0642763  -0.12492834  0.06571549]
 [ 0.13835584  0.60061126 -0.78747938 -0.10119733]
 [ 0.02441711 -0.79695337 -0.60354713 -0.47483444]
 [ 0.          0.          0.          1.        ]]","[[-0.99949692 -0.00715765  0.03089772  0.05941701]
 [-0.02893495  0.60471153 -0.7959188  -0.09878583]
 [-0.01298729 -0.79641242 -0.60461442 -0.47760274]
 [ 0.          0.          0.          1.        ]]"
single_object,97,10,28,8,30,0.6520029631318024,0.344635021938572,0.0026721216856341015,0.002143542095733191,"[[ 0.98573602 -0.09250619 -0.14059553 -0.04537368]
 [ 0.1512555   0.85326405  0.49906136  0.05334538]
 [ 0.07379884 -0.51320861  0.85508517 -0.41930664]
 [ 0.          0.          0.          1.        ]]","[[ 0.0091259   0.03799943 -0.99923609 -0.05561587]
 [ 0.42198825  0.90579194  0.03829986  0.07095198]
 [ 0.90655537 -0.42201541 -0.00776914 -0.4318903 ]
 [ 0.          0.          0.          1.        ]]"
single_object,97,10,37,354,26,0.8013701568958366,0.8093293668387705,0.001880282060000021,0.0017163908183074356,"[[-0.99417994 -0.05055903  0.09513169  0.05594609]
 [-0.10494172  0.65416755 -0.74903408 -0.09447655]
 [-0.02436163 -0.75465794 -0.655666   -0.48498481]
 [ 0.          0.          0.          1.        ]]","[[-0.99787055 -0.00567121  0.06497845  0.05739648]
 [-0.05349047  0.64122642 -0.7654851  -0.09476808]
 [-0.03732467 -0.76733077 -0.64016432 -0.4844656 ]
 [ 0.          0.          0.          1.        ]]"
single_object,97,11,28,11,30,0.5220810302581343,0.3464584876631147,0.002677906581507475,0.0022457631998366585,"[[ 0.85629879 -0.47482078 -0.20321812 -0.04929919]
 [ 0.5162881   0.77618891  0.36190797  0.06045212]
 [-0.01410578 -0.41482045  0.90979394 -0.41999371]
 [ 0.          0.          0.          1.        ]]","[[ 0.17503032 -0.13970395 -0.97460104 -0.05692889]
 [ 0.47792351  0.87749239 -0.0399528   0.07038718]
 [ 0.86078656 -0.4587918   0.22035557 -0.42842028]
 [ 0.          0.          0.          1.        ]]"
single_object,97,11,37,191,30,0.6017606087043579,0.8192908937484804,0.002144647459922149,0.0016865773698341712,"[[-9.59614539e-01 -2.81318082e-01  2.71382348e-04  6.48085753e-02]
 [-1.74073529e-01  5.93030295e-01 -7.86138331e-01 -9.46662227e-02]
 [ 2.20993989e-01 -7.54437012e-01 -6.18050525e-01 -4.82573462e-01]
 [ 0.00000000e+00  0.00000000e+00  0.00000000e+00  1.00000000e+00]]","[[-0.9978141  -0.02003597  0.06297291  0.0563676 ]
 [-0.05990585  0.67654398 -0.73396153 -0.09384148]
 [-0.02789832 -0.73612961 -0.67626539 -0.48688897]
 [ 0.          0.          0.          1.        ]]"
single_object,97,12,37,48,30,0.5668273287661437,0.7783864185700596,0.0024050934452997446,0.0018092870358338109,"[[-0.95897785  0.19128881 -0.20921298  0.06245884]
 [ 0.28272703  0.69917369 -0.65667464 -0.10462161]
 [ 0.0206617  -0.6888866  -0.7245746  -0.48106948]
 [ 0.          0.          0.          1.        ]]","[[-0.99827709  0.01821962 -0.05577539  0.05822023]
 [ 0.05208587  0.71284749 -0.69938224 -0.09005818]
 [ 0.02701687 -0.70108237 -0.71256831 -0.49154615]
 [ 0.          0.          0.          1.        ]]"
single_object,97,12,28,19,30,0.46857370790358427,0.36668756054476037,0.002913798997353378,0.0029549470541332607,"[[ 0.78170456  0.61770482 -0.08589951 -0.05245528]
 [-0.61349912  0.7864017   0.07204997  0.04185913]
 [ 0.11205713 -0.00362252  0.99369516 -0.41374385]
 [ 0.          0.          0.          1.        ]]","[[-4.52634235e-01  8.67694510e-01  2.05495709e-01 -6.95758498e-02]
 [ 9.48889318e-02 -1.82276180e-01  9.78658002e-01  5.97422000e-02]
 [ 8.86633149e-01  4.62473384e-01  1.69834027e-04 -4.23840069e-01]
 [ 0.00000000e+00  0.00000000e+00  0.00000000e+00  1.00000000e+00]]"
single_object,97,13,37,127,30,0.6838770577382399,0.8297172442397631,0.0022250968077033363,0.0017726541438727141,"[[-0.95882633  0.1833473  -0.21687747  0.06007622]
 [ 0.27986072  0.73981752 -0.61183986 -0.09640179]
 [ 0.04827057 -0.64734365 -0.76066822 -0.48842191]
 [ 0.          0.          0.          1.        ]]","[[-0.99835638 -0.01004055  0.05642455  0.05457169]
 [-0.04569982  0.73358668 -0.6780576  -0.08780006]
 [-0.03458423 -0.67952173 -0.73283979 -0.49519982]
 [ 0.          0.          0.          1.        ]]"
single_object,97,13,28,7,29,0.5505726822041141,0.7885349592569377,0.0026051567665652123,0.0021339781604248526,"[[ 0.25796774 -0.04700863  0.96500924 -0.04195585]
 [-0.4284585   0.88966228  0.15787442  0.05500987]
 [-0.86595379 -0.45419292  0.20936292 -0.42026347]
 [ 0.          0.          0.          1.        ]]","[[-0.82690458 -0.0093822   0.56226398 -0.04475113]
 [-0.31191501  0.83960621 -0.44471389  0.04833037]
 [-0.46790793 -0.54311453 -0.69720067 -0.42016118]
 [ 0.          0.          0.          1.        ]]"
single_object,97,14,28,11,30,0.48999943016696107,0.43626417459684314,0.0032556248650605748,0.002476288935085839,"[[ 0.08183454  0.87579917  0.47568785 -0.04925322]
 [-0.87808259  0.28913661 -0.38127548  0.04430323]
 [-0.47145952 -0.38649171  0.79268536 -0.40914027]
 [ 0.          0.          0.          1.        ]]","[[-0.32016395  0.92736467  0.19362285 -0.05831849]
 [ 0.54238962  0.34700222 -0.76511631  0.03135568]
 [-0.77672939 -0.13994363 -0.61409057 -0.41144993]
 [ 0.          0.          0.          1.        ]]"
single_object,97,14,37,17,30,0.5389021582116449,0.7801312947839643,0.002346272921483039,0.0017842891010656128,"[[-0.87012543  0.45319292 -0.19364375  0.06827519]
 [ 0.47783913  0.67962865 -0.55657404 -0.0785961 ]
 [-0.12062958 -0.57681979 -0.80791548 -0.50373129]
 [ 0.          0.          0.          1.        ]]","[[-9.99774655e-01 -1.58191490e-02  1.41560708e-02  5.46270739e-02]
 [-2.12126451e-02  7.70063542e-01 -6.37614432e-01 -8.03844750e-02]
 [-8.14556316e-04 -6.37771037e-01 -7.70225578e-01 -5.02437726e-01]
 [ 0.00000000e+00  0.00000000e+00  0.00000000e+00  1.00000000e+00]]"
single_object,97,15,28,4,30,0.46150777822098127,0.6479001652515813,0.0028891822382500053,0.0028205902627706117,"[[-0.47120556  0.64521419 -0.60138504 -0.0452132 ]
 [-0.8813228  -0.3172496   0.35017541  0.05368192]
 [ 0.03514898  0.69501894  0.71813175 -0.40506469]
 [ 0.          0.          0.          1.        ]]","[[-0.43856053 -0.40061278  0.8044713  -0.04200469]
 [ 0.59880435 -0.79775725 -0.07082887  0.05431872]
 [ 0.67014775  0.45065817  0.58975351 -0.40491601]
 [ 0.          0.          0.          1.        ]]"
single_object,97,15,37,66,13,0.46189876857506545,0.6544072426665141,0.002875201651567487,0.0016998121765098137,"[[ 0.99000981 -0.02947758  0.13788274  0.05251116]
 [ 0.036505   -0.8909724  -0.45258763 -0.05061362]
 [ 0.13619091  0.4530996  -0.88099534 -0.51948075]
 [ 0.          0.          0.          1.        ]]","[[ 0.99049292  0.07145604  0.11754918  0.05133473]
 [ 0.12815899 -0.78985354 -0.5997555  -0.05260366]
 [ 0.04999048  0.60911856 -0.79150207 -0.52443576]
 [ 0.          0.          0.          1.        ]]"
single_object,97,16,28,14,16,0.5334776910365263,0.8128098467149125,0.0031180283082347664,0.002057705338372631,"[[-0.99908547  0.03097978  0.02946989 -0.03792928]
 [ 0.01145429  0.85795767 -0.51359267  0.06123967]
 [-0.04119491 -0.51278542 -0.8575279  -0.4032477 ]
 [ 0.          0.          0.          1.        ]]","[[-0.79960136  0.0286966   0.59984512 -0.03802761]
 [-0.28433471  0.86171163 -0.42024617  0.056616  ]
 [-0.52895316 -0.50658619 -0.68086635 -0.40434096]
 [ 0.          0.          0.          1.        ]]"
single_object,97,16,37,63,30,0.3098943062686823,0.39435632660650183,0.002692951998062623,0.0022008081653707413,"[[-0.83046042 -0.54783993  0.10102924  0.02815754]
 [-0.49880971  0.65051775 -0.5727264  -0.06359121]
 [ 0.24804108 -0.52602097 -0.81349712 -0.51685664]
 [ 0.          0.          0.          1.        ]]","[[-0.90936899 -0.41566123 -0.01654624  0.02211824]
 [-0.31542877  0.71492394 -0.62400998 -0.0603147 ]
 [ 0.27120606 -0.56223616 -0.78124117 -0.51915637]
 [ 0.          0.          0.          1.        ]]"
single_object,97,17,37,52,30,0.5424133640355269,0.683447989816788,0.002057069958067523,0.001888063474501782,"[[-9.67933478e-01 -1.63111538e-01 -1.91048185e-01  3.48319504e-02]
 [-4.08821852e-04  7.61543812e-01 -6.48113304e-01 -7.94835589e-02]
 [ 2.51206321e-01 -6.27252460e-01 -7.37190434e-01 -5.06595389e-01]
 [ 0.00000000e+00  0.00000000e+00  0.00000000e+00  1.00000000e+00]]","[[-0.992152   -0.03737932 -0.11931968  0.03177298]
 [ 0.05039536  0.7537892  -0.65518101 -0.08612146]
 [ 0.11443211 -0.65605231 -0.74598972 -0.50061868]
 [ 0.          0.          0.          1.        ]]"
single_object,97,17,28,18,23,0.5641916918342925,0.7333181377856288,0.002542964574599446,0.002412079447946603,"[[ 0.99580809  0.09094541 -0.00975631 -0.03427931]
 [-0.05839557  0.71422592  0.69747494  0.06508998]
 [ 0.07040035 -0.69398146  0.71654276 -0.40456316]
 [ 0.          0.          0.          1.        ]]","[[ 0.78508389  0.21481528 -0.58094551 -0.03833255]
 [ 0.14952214  0.84446393  0.51431877  0.05961674]
 [ 0.60107106 -0.4906476   0.63085538 -0.39826074]
 [ 0.          0.          0.          1.        ]]"
single_object,97,18,37,55,30,0.4633719017720505,0.5223901943677685,0.002718551076548517,0.0020049931926500934,"[[-0.92738724 -0.02324161 -0.37338014  0.0392734 ]
 [ 0.18015935  0.84696463 -0.50019348 -0.12836151]
 [ 0.32786508 -0.53114098 -0.781277   -0.47442273]
 [ 0.          0.          0.          1.        ]]","[[-0.92641001 -0.17362256 -0.33409536  0.04667972]
 [ 0.07731878  0.78069653 -0.62010865 -0.11639763]
 [ 0.36849194 -0.60030671 -0.70982079 -0.47869942]
 [ 0.          0.          0.          1.        ]]"
single_object,97,18,28,15,24,0.6748532679924782,0.7303550059832469,0.0026403255590744324,0.0024526996653027396,"[[ 0.9996186  -0.02531943 -0.01102619 -0.0342484 ]
 [ 0.02758903  0.89790335  0.43932724  0.06377797]
 [-0.00122306 -0.43946388  0.89825943 -0.40343138]
 [ 0.          0.          0.          1.        ]]","[[ 0.96177854  0.14575282 -0.23181491 -0.03519894]
 [-0.00415189  0.85423455  0.51987122  0.06062263]
 [ 0.27379701 -0.49903852  0.82218961 -0.40255752]
 [ 0.          0.          0.          1.        ]]"
single_object,97,19,37,238,30,0.6831833979318926,0.7202191106852215,0.0020556061392035213,0.0017643852978280893,"[[-0.90187157  0.12496807 -0.41353433  0.04035429]
 [ 0.38195384  0.67790308 -0.62813906 -0.09714643]
 [ 0.20183887 -0.72445179 -0.65911355 -0.49305453]
 [ 0.          0.          0.          1.        ]]","[[-0.99081011 -0.01564832 -0.13435196  0.03352885]
 [ 0.08649234  0.69037029 -0.71826732 -0.09514393]
 [ 0.10399228 -0.72328694 -0.6826724  -0.4911138 ]
 [ 0.          0.          0.          1.        ]]"
single_object,97,19,28,19,30,0.6801527152544304,0.40218815886945125,0.0028583285296346493,0.002551708521461148,"[[-0.52136291  0.25948554 -0.81292557 -0.04714377]
 [ 0.70299284  0.6706176  -0.2367976   0.0522115 ]
 [ 0.48371664 -0.69493834 -0.53205161 -0.40324689]
 [ 0.          0.          0.          1.        ]]","[[-0.27070645  0.13205699  0.9535612  -0.04522531]
 [-0.32055674  0.92165051 -0.21864058  0.03237097]
 [-0.90772319 -0.36485789 -0.20716497 -0.40301477]
 [ 0.          0.          0.          1.        ]]"
single_object,97,20,37,196,26,0.7141334973326278,0.7148772150631445,0.001908098902596345,0.001739721098141098,"[[-0.93515415  0.12787777 -0.33035433  0.0393315 ]
 [ 0.33501486  0.62231332 -0.70745401 -0.09876893]
 [ 0.11511626 -0.77225217 -0.62479984 -0.48784851]
 [ 0.          0.          0.          1.        ]]","[[-0.9672731   0.04230852 -0.25018539  0.03757895]
 [ 0.21784718  0.64401786 -0.7333373  -0.09840311]
 [ 0.13009745 -0.76383963 -0.63215795 -0.48751309]
 [ 0.          0.          0.          1.        ]]"
single_object,97,20,28,6,26,0.6717191862784204,0.9121887287024901,0.0028964315542828914,0.0020035620276570693,"[[-0.61988537  0.01117589 -0.78461279 -0.04426961]
 [ 0.48001785  0.79638911 -0.36789571  0.05776578]
 [ 0.62074552 -0.60468131 -0.49903458 -0.41173747]
 [ 0.          0.          0.          1.        ]]","[[-0.70790348  0.00648853  0.70627938 -0.04125108]
 [-0.43792965  0.78051647 -0.44610723  0.05331181]
 [-0.55415727 -0.62510154 -0.5496888  -0.41431493]
 [ 0.          0.          0.          1.        ]]"
single_object,97,21,37,132,30,0.6443384487764413,0.6967562465138232,0.002407958223218581,0.0016864551853003574,"[[-0.88321349  0.20876996 -0.41993931  0.0441988 ]
 [ 0.4511527   0.62272287 -0.63927886 -0.10656978]
 [ 0.12804359 -0.75407647 -0.64418438 -0.47864776]
 [ 0.          0.          0.          1.        ]]","[[-0.96293924  0.05138372 -0.26477867  0.04018212]
 [ 0.23949463  0.61442109 -0.75175065 -0.10223116]
 [ 0.12405785 -0.78730327 -0.6039563  -0.4826602 ]
 [ 0.          0.          0.          1.        ]]"
single_object,97,21,28,12,18,0.7508689953843524,0.918114992307254,0.00225722545311349,0.0018833253424168645,"[[-0.46101545  0.02197759  0.88711992 -0.04127508]
 [-0.69672153  0.61017177 -0.37718632  0.05361959]
 [-0.54958518 -0.79196426 -0.26598635 -0.42033623]
 [ 0.          0.          0.          1.        ]]","[[-0.85803518  0.00974492  0.51349846 -0.04147578]
 [-0.3417664   0.73547897 -0.5850354   0.05347063]
 [-0.38336844 -0.67747747 -0.62773634 -0.41835109]
 [ 0.          0.          0.          1.        ]]"
single_object,97,22,37,371,30,0.6656488222085556,0.6836124658533446,0.002360945665655657,0.001790287788451224,"[[-0.97817835  0.09223613 -0.18617092  0.04279579]
 [ 0.2034247   0.60741518 -0.7678966  -0.1032637 ]
 [ 0.04225523 -0.78901159 -0.61292349 -0.48307367]
 [ 0.          0.          0.          1.        ]]","[[-0.98774975 -0.00879048 -0.15579845  0.03825063]
 [ 0.12203881  0.57868695 -0.80636713 -0.0997732 ]
 [ 0.09724688 -0.81550239 -0.57052511 -0.4847105 ]
 [ 0.          0.          0.          1.        ]]"
single_object,97,22,28,14,13,0.8202746595247592,0.9036982164225882,0.0026515499655273642,0.0020519829632194187,"[[-0.98047841  0.0066789  -0.19651332 -0.04522242]
 [ 0.13641779  0.74286756 -0.65539147  0.05596128]
 [ 0.14160607 -0.66940509 -0.72927673 -0.42093045]
 [ 0.          0.          0.          1.        ]]","[[-0.95250437  0.00270797  0.30451289 -0.04180669]
 [-0.19934196  0.75040119 -0.63020698  0.05315079]
 [-0.23021342 -0.6609771  -0.71422059 -0.42221139]
 [ 0.          0.          0.          1.        ]]"
single_object,97,23,28,14,10,0.8651205196877315,0.9496267593595077,0.002102730285743376,0.0018338827879391265,"[[-0.2410825   0.04360173  0.96952469 -0.04119307]
 [-0.76074002  0.61182023 -0.21668094  0.05058974]
 [-0.60262248 -0.78979421 -0.11432958 -0.42247294]
 [ 0.          0.          0.          1.        ]]","[[-0.76571405  0.02070518  0.6428478  -0.04190741]
 [-0.45112198  0.69511741 -0.55973275  0.05212034]
 [-0.45844407 -0.71859799 -0.52292061 -0.42455806]
 [ 0.          0.          0.          1.        ]]"
single_object,97,23,37,285,30,0.5709463808120826,0.5558360388449491,0.0028301099748215945,0.0017151098366099554,"[[ 0.99437677 -0.06409104  0.08430409  0.04061151]
 [ 0.03853569 -0.52250834 -0.8517629  -0.08706449]
 [ 0.09863996  0.85022196 -0.51710036 -0.50180722]
 [ 0.          0.          0.          1.        ]]","[[ 0.92854238  0.11155207 -0.35406946  0.04842721]
 [-0.23153243 -0.57151502 -0.78725048 -0.0879403 ]
 [-0.29017543  0.812974   -0.504848   -0.50640243]
 [ 0.          0.          0.          1.        ]]"
single_object,97,24,37,320,30,0.6963486319884438,0.7202334129492699,0.0024964544064054223,0.0018220499168116436,"[[-0.98551636 -0.02047778 -0.16833944  0.03815448]
 [ 0.13306968  0.52195549 -0.84252889 -0.10683081]
 [ 0.10511881 -0.85272688 -0.5116707  -0.46780509]
 [ 0.          0.          0.          1.        ]]","[[-0.99721062 -0.02378231 -0.07074874  0.040118  ]
 [ 0.04854673  0.51331851 -0.85682398 -0.10741873]
 [ 0.05669389 -0.85786859 -0.51073211 -0.47165436]
 [ 0.          0.          0.          1.        ]]"
single_object,97,24,28,18,27,0.6796398655194028,0.8487093281668471,0.002595314072377843,0.0020917292630564374,"[[ 0.05366348  0.42157168 -0.90520581 -0.04631176]
 [-0.37733055 -0.83073914 -0.40926048  0.05575658]
 [-0.92452252  0.36352415  0.11449152 -0.43445065]
 [ 0.          0.          0.          1.        ]]","[[ 0.40800714 -0.24868777 -0.87845578 -0.04551406]
 [-0.62905545 -0.77391792 -0.07307732  0.0493583 ]
 [-0.66167923  0.58241347 -0.47220244 -0.42692432]
 [ 0.          0.          0.          1.        ]]"
single_object,97,25,28,21,15,0.8586814063479401,0.9291127699584022,0.0025845908443760095,0.0020324974861418293,"[[-0.99256237  0.11235624 -0.04686179 -0.04521565]
 [ 0.10258643  0.5647118  -0.81888742  0.05239315]
 [-0.0655437  -0.81760422 -0.5720379  -0.43142972]
 [ 0.          0.          0.          1.        ]]","[[-0.92683866  0.01625428  0.37510785 -0.04308322]
 [-0.2720867   0.65936666 -0.70085978  0.04960094]
 [-0.25872558 -0.7516458  -0.60670393 -0.43149827]
 [ 0.          0.          0.          1.        ]]"
single_object,97,25,37,322,30,0.6934452723866188,0.7579770877729944,0.0020481148368004785,0.0017196529588138108,"[[-0.91154947  0.18890266 -0.36523055  0.05082657]
 [ 0.41118549  0.41441359 -0.81190385 -0.114636  ]
 [-0.0020143  -0.89026803 -0.45543252 -0.4624654 ]
 [ 0.          0.          0.          1.        ]]","[[-0.96549363  0.05944508 -0.25355146  0.04783387]
 [ 0.25184429  0.46100561 -0.85091026 -0.11187183]
 [ 0.06630622 -0.88540392 -0.46006889 -0.46312382]
 [ 0.          0.          0.          1.        ]]"
single_object,97,26,37,42,22,0.3937985383086143,0.7674237331769619,0.0031862592062290463,0.0016482590529335495,"[[-0.88050098  0.46498299 -0.09224338  0.05131981]
 [ 0.2635519   0.31842736 -0.91057367 -0.11625649]
 [-0.39402845 -0.82607193 -0.40292275 -0.46263555]
 [ 0.          0.          0.          1.        ]]","[[-0.97032312  0.07121448 -0.23108774  0.05091813]
 [ 0.23944977  0.41622381 -0.87716677 -0.11244284]
 [ 0.03371725 -0.90646911 -0.42092387 -0.45952524]
 [ 0.          0.          0.          1.        ]]"
single_object,97,26,28,14,11,0.7829505954755257,0.9535586073280529,0.002493058927230729,0.0020048160054173896,"[[-0.96984752  0.07379755 -0.23227076 -0.04641427]
 [ 0.24370533  0.30097925 -0.92196486  0.0482977 ]
 [ 0.00186993 -0.95077096 -0.30988883 -0.43418562]
 [ 0.          0.          0.          1.        ]]","[[-0.89756229  0.01955713  0.44045369 -0.04396866]
 [-0.35236289  0.56863678 -0.74329846  0.04727998]
 [-0.26499495 -0.82235621 -0.50349572 -0.43362144]
 [ 0.          0.          0.          1.        ]]"
single_object,97,27,37,63,30,0.49954947868247546,0.8209785609061915,0.0027066858480595864,0.0016240482792397434,"[[-0.80149447  0.08063231 -0.59254117  0.06261348]
 [ 0.57038681  0.40071352 -0.71699899 -0.1228774 ]
 [ 0.17962597 -0.9126484  -0.36716128 -0.44121311]
 [ 0.          0.          0.          1.        ]]","[[-0.99939757  0.00339953 -0.0345391   0.04910233]
 [ 0.03306452  0.3957035  -0.91778292 -0.11470676]
 [ 0.01054721 -0.91837203 -0.39557752 -0.45136163]
 [ 0.          0.          0.          1.        ]]"
single_object,97,27,28,13,18,0.6841985298307596,0.8825004273747792,0.00217477674215033,0.001939954054633887,"[[-0.46670081 -0.19993954 -0.86151873 -0.0459542 ]
 [-0.50754245 -0.7371948   0.44603193  0.04176891]
 [-0.72428655  0.6454208   0.24257161 -0.43459712]
 [ 0.          0.          0.          1.        ]]","[[ 0.14913654 -0.19292593 -0.96981332 -0.04801097]
 [-0.70313779 -0.71027957  0.03316907  0.0446242 ]
 [-0.69523776  0.67696567 -0.24158215 -0.4364325 ]
 [ 0.          0.          0.          1.        ]]"
single_object,97,28,28,16,12,0.6966778733830987,0.8660892358538949,0.0027245724842640826,0.0020382789649327957,"[[ 0.96311558  0.13103411 -0.23502858 -0.04350524]
 [-0.1220646  -0.56564475 -0.81556499  0.04239161]
 [-0.23980952  0.81417202 -0.52878665 -0.43543819]
 [ 0.          0.          0.          1.        ]]","[[ 0.38979431 -0.2606237  -0.8832529  -0.04900534]
 [-0.7212262  -0.68277801 -0.11682016  0.04122481]
 [-0.57261956  0.68256097 -0.45411162 -0.43800032]
 [ 0.          0.          0.          1.        ]]"
single_object,97,28,37,62,20,0.6154764799267725,0.8337790872295084,0.002440366834033285,0.0017122148559887927,"[[-0.96290071  0.09007432  0.25437932  0.04869112]
 [-0.19635991  0.412743   -0.88943016 -0.11263936]
 [-0.1851081  -0.90638283 -0.37974354 -0.44902317]
 [ 0.          0.          0.          1.        ]]","[[-0.99993171 -0.00972162 -0.00648654  0.05348039]
 [ 0.00261811  0.35458293 -0.9350209  -0.11476533]
 [ 0.01138994 -0.93497403 -0.35453326 -0.44592748]
 [ 0.          0.          0.          1.        ]]"
single_object,97,29,37,439,30,0.7936612365737497,0.8450421201676225,0.002364940607145089,0.0017797986085384986,"[[-0.99001439  0.02599632  0.13854853  0.05924288]
 [-0.12461808  0.29801794 -0.94639085 -0.11616277]
 [-0.06589262 -0.95420621 -0.29180244 -0.44073454]
 [ 0.          0.          0.          1.        ]]","[[-0.99998032  0.00532072  0.00332365  0.06027242]
 [-0.00148539  0.31391908 -0.94944858 -0.11326499]
 [-0.00609511 -0.94943483 -0.313905   -0.44196798]
 [ 0.          0.          0.          1.        ]]"
single_object,97,29,28,21,14,0.8263148897373069,0.8830702604136987,0.0023925219760677096,0.0020671414937588456,"[[-0.61323787 -0.24077313  0.75230819 -0.05088692]
 [-0.77243124  0.38197263 -0.50739225  0.03627267]
 [-0.16519471 -0.89225849 -0.42022077 -0.43981891]
 [ 0.          0.          0.          1.        ]]","[[-0.85474513  0.14262457  0.49906813 -0.05001468]
 [-0.41479822  0.39029448 -0.8219566   0.04059468]
 [-0.31201474 -0.90957597 -0.27444189 -0.44404906]
 [ 0.          0.          0.          1.        ]]"
single_object,97,30,37,365,30,0.6856862941403624,0.8201347273273359,0.0023056544508215375,0.0017956029426209627,"[[-0.93287195 -0.17837261  0.31294272  0.06764999]
 [-0.34670806  0.20901935 -0.91438746 -0.11194074]
 [ 0.0976906  -0.96150617 -0.25683151 -0.43627401]
 [ 0.          0.          0.          1.        ]]","[[-0.99873266  0.02214256  0.04519718  0.06811804]
 [-0.03752827  0.2707548  -0.96191656 -0.110026  ]
 [-0.03353665 -0.96239366 -0.26958068 -0.43887958]
 [ 0.          0.          0.          1.        ]]"
single_object,97,31,37,98,12,0.7018764570431499,0.8296385817874969,0.0025324787120719447,0.001643894997580146,"[[-0.96859586 -0.10398303 -0.22585301  0.04276124]
 [ 0.18966123  0.27839194 -0.94155539 -0.11999245]
 [ 0.16078145 -0.95482221 -0.24992773 -0.4319945 ]
 [ 0.          0.          0.          1.        ]]","[[-0.99875879 -0.02539319 -0.04284935  0.04486262]
 [ 0.03471217  0.26209909 -0.96441647 -0.12102658]
 [ 0.03572039 -0.96470682 -0.26089231 -0.43301904]
 [ 0.          0.          0.          1.        ]]"
single_object,97,31,28,12,30,0.5925123938685966,0.5570117955439057,0.002732268270362031,0.002345472631939774,"[[-0.37839724 -0.92423624 -0.05101859 -0.03612946]
 [-0.92516546  0.3758562   0.05292443  0.04036804]
 [-0.02973902  0.06722709 -0.99729439 -0.45370359]
 [ 0.          0.          0.          1.        ]]","[[-0.37910742 -0.75423081 -0.53610955 -0.03518492]
 [-0.92379406  0.34209198  0.17198141  0.04504231]
 [ 0.0536851   0.56045425 -0.82644355 -0.46132602]
 [ 0.          0.          0.          1.        ]]"
single_object,97,32,37,46,30,0.6588981535777113,0.7929175188432329,0.002418026855800161,0.0016503343428641278,"[[-0.96582018 -0.19218638 -0.17394188  0.03407729]
 [ 0.10059382  0.34055558 -0.93482767 -0.12098415]
 [ 0.23889803 -0.92037291 -0.30958269 -0.43815157]
 [ 0.          0.          0.          1.        ]]","[[-0.99134706 -0.00961811 -0.13091413  0.037162  ]
 [ 0.12225081  0.29558929 -0.94746067 -0.1219415 ]
 [ 0.04780959 -0.9552667  -0.29185575 -0.43848602]
 [ 0.          0.          0.          1.        ]]"
single_object,97,32,28,13,20,0.8042623511311185,0.9658670009687161,0.0028862585611581773,0.0018913458164050794,"[[-0.87918606  0.47603153  0.02063638 -0.04862291]
 [ 0.11704977  0.2577576  -0.95909352  0.04227154]
 [-0.46187793 -0.84080617 -0.28233627 -0.430905  ]
 [ 0.          0.          0.          1.        ]]","[[-0.94703501  0.1072709   0.30268406 -0.04377009]
 [-0.22687161  0.44358743 -0.86704064  0.04559971]
 [-0.22727507 -0.88978826 -0.39575611 -0.4376872 ]
 [ 0.          0.          0.          1.        ]]"
single_object,97,33,28,20,14,0.8819305943358596,0.8895093737534903,0.0024766763868410767,0.0020071332934152673,"[[ 0.34156313 -0.11294872 -0.93304727 -0.04479024]
 [-0.77298242 -0.59848119 -0.21051946  0.05196604]
 [-0.53463334  0.79313483 -0.29172649 -0.43179727]
 [ 0.          0.          0.          1.        ]]","[[ 0.30755754 -0.2161522  -0.92665344 -0.04339491]
 [-0.72759335 -0.68101346 -0.08263527  0.04917996]
 [-0.61320166  0.69964198 -0.36672172 -0.43275629]
 [ 0.          0.          0.          1.        ]]"
single_object,97,33,37,288,30,0.726655129507001,0.7578912741887041,0.0022635160239807737,0.0016408453794564278,"[[-0.93361188  0.19128148 -0.30295256  0.03355886]
 [ 0.35068627  0.31463138 -0.88205796 -0.12291997]
 [-0.07340297 -0.92974109 -0.36082338 -0.44566585]
 [ 0.          0.          0.          1.        ]]","[[-0.96499148  0.03366051 -0.26011232  0.03335277]
 [ 0.25676457  0.32357314 -0.91069884 -0.12162867]
 [ 0.05351077 -0.94560425 -0.32088815 -0.44502316]
 [ 0.          0.          0.          1.        ]]"
single_object,97,34,37,336,30,0.704028947782434,0.7464637652140333,0.0022293172502591014,0.0016986046399561602,"[[-0.95188205  0.15627675 -0.26362501  0.03134465]
 [ 0.30400689  0.37277999 -0.87670684 -0.12270663]
 [-0.03873477 -0.91466532 -0.40235179 -0.44718568]
 [ 0.          0.          0.          1.        ]]","[[-0.98050368 -0.01669109 -0.19579058  0.02542958]
 [ 0.17471256  0.38197109 -0.90750956 -0.12084212]
 [ 0.08993366 -0.92402354 -0.37160791 -0.44928726]
 [ 0.          0.          0.          1.        ]]"
single_object,97,34,28,16,10,0.8253461735711437,0.8843808764032138,0.0026510023217474637,0.0019981213887673667,"[[ 0.44985239 -0.11116767 -0.88615719 -0.03739679]
 [-0.76437721 -0.56109792 -0.31764226  0.05008899]
 [-0.46190941  0.8202505  -0.33738527 -0.429535  ]
 [ 0.          0.          0.          1.        ]]","[[ 0.07713699 -0.25564228 -0.96368922 -0.04142222]
 [-0.71851913 -0.68435864  0.12403024  0.05194712]
 [-0.69121642  0.68286182 -0.23647323 -0.43047692]
 [ 0.          0.          0.          1.        ]]"
single_object,97,35,37,264,30,0.6534632932393197,0.7217637552024485,0.002686619079260359,0.0017092358913475814,"[[-0.89899422  0.0401219  -0.43611882  0.02631456]
 [ 0.4193287   0.36621361 -0.8306931  -0.12414324]
 [ 0.12638366 -0.92966544 -0.34604818 -0.45300443]
 [ 0.          0.          0.          1.        ]]","[[-9.63728275e-01 -7.35869909e-04 -2.66884377e-01  2.28816322e-02]
 [ 2.43139937e-01  4.09923164e-01 -8.79116585e-01 -1.19584677e-01]
 [ 1.10049004e-01 -9.12119761e-01 -3.94875624e-01 -4.54470190e-01]
 [ 0.00000000e+00  0.00000000e+00  0.00000000e+00  1.00000000e+00]]"
single_object,97,35,28,21,11,0.6932588751495812,0.9635876688130378,0.0028154429591140157,0.001838643125063255,"[[-0.8410899   0.45657758 -0.29000808 -0.03918305]
 [ 0.51244027  0.5010145  -0.69741626  0.05825376]
 [-0.17312637 -0.7352016  -0.65536698 -0.42853104]
 [ 0.          0.          0.          1.        ]]","[[-0.93396747  0.049152    0.35396165 -0.03847757]
 [-0.27171366  0.54567831 -0.79272118  0.05460565]
 [-0.23211303 -0.83655201 -0.49629052 -0.42889534]
 [ 0.          0.          0.          1.        ]]"
single_object,97,36,37,415,30,0.7216207325619646,0.6929732976730216,0.0026628416466098425,0.0017245182422741237,"[[-0.98578662 -0.02428199 -0.16623815  0.02035115]
 [ 0.1324748   0.4961892  -0.85804819 -0.11775655]
 [ 0.10332069 -0.8678748  -0.48591993 -0.45709623]
 [ 0.          0.          0.          1.        ]]","[[-0.93423274  0.01051129 -0.35650903  0.02165272]
 [ 0.3228419   0.44978479 -0.83274651 -0.11748974]
 [ 0.1515991  -0.89307511 -0.42359716 -0.46075976]
 [ 0.          0.          0.          1.        ]]"
single_object,97,36,28,12,30,0.7116074990027922,0.916576443102171,0.0028012968553738607,0.0019414767405468796,"[[-0.40968569  0.24038072 -0.87998565 -0.04192897]
 [ 0.89301295  0.30262694 -0.33308378  0.05503296]
 [ 0.18624045 -0.92229824 -0.33864502 -0.41460336]
 [ 0.          0.          0.          1.        ]]","[[-0.93792947  0.04992426  0.34321405 -0.03689135]
 [-0.24657971  0.59992021 -0.76111378  0.05617719]
 [-0.24389909 -0.79850067 -0.55037253 -0.42461375]
 [ 0.          0.          0.          1.        ]]"
single_object,97,37,28,26,27,0.6529716792979657,0.8661462191577868,0.002276906623208678,0.0019490929992382884,"[[-0.20175237  0.13554887 -0.97001159 -0.03551697]
 [-0.56565804 -0.82463637  0.0024168   0.05925458]
 [-0.79957924  0.54918245  0.24304665 -0.42312792]
 [ 0.          0.          0.          1.        ]]","[[ 0.11674536 -0.21720205 -0.96912011 -0.03746226]
 [-0.65709231 -0.74858305  0.0886178   0.0562932 ]
 [-0.74471486  0.62645566 -0.23011539 -0.41964115]
 [ 0.          0.          0.          1.        ]]"
single_object,97,37,37,299,30,0.6489938357241951,0.6653270212674667,0.0023240075643947275,0.0017461715128462146,"[[-0.81831973  0.12541636 -0.56091315  0.02245261]
 [ 0.54997074  0.45439197 -0.70075682 -0.11469579]
 [ 0.16698806 -0.88192895 -0.44081325 -0.4680183 ]
 [ 0.          0.          0.          1.        ]]","[[-0.94462566  0.00310254 -0.32813525  0.01851232]
 [ 0.28767364  0.48893099 -0.82352314 -0.11486125]
 [ 0.15788047 -0.87231695 -0.46274928 -0.46563833]
 [ 0.          0.          0.          1.        ]]"
single_object,97,38,28,6,30,0.5486922331756795,0.47227762265656165,0.002643964804505599,0.0027164107538850753,"[[ 0.25503462  0.5901925   0.76591785 -0.02590973]
 [-0.85172478  0.51209757 -0.11099994  0.05869439]
 [-0.457736   -0.62404238  0.63328418 -0.41222737]
 [ 0.          0.          0.          1.        ]]","[[-0.2166391   0.72472658  0.65409394 -0.02884132]
 [-0.93698738  0.0337499  -0.34772919  0.0557365 ]
 [-0.27408419 -0.68820951  0.67174811 -0.42165273]
 [ 0.          0.          0.          1.        ]]"
single_object,97,38,37,314,23,0.629120839828945,0.655980491711838,0.0020102379478307585,0.0017748406572229557,"[[-0.95122449 -0.13249285 -0.27859937  0.01594896]
 [ 0.15226317  0.58378509 -0.79750291 -0.11528881]
 [ 0.26830559 -0.80102472 -0.5351369  -0.46685499]
 [ 0.          0.          0.          1.        ]]","[[-0.92854868  0.00267142 -0.37120103  0.01787523]
 [ 0.31780805  0.52245256 -0.79122775 -0.11187857]
 [ 0.19182123 -0.85266417 -0.48597164 -0.47183816]
 [ 0.          0.          0.          1.        ]]"
single_object,97,39,37,247,30,0.609798481099558,0.6301649051044781,0.0026013492579187673,0.0018324943833810286,"[[-0.99966983 -0.02165756  0.01382691  0.01411552]
 [-0.02345979  0.54977671 -0.83498216 -0.11297734]
 [ 0.01048196 -0.83503085 -0.55010327 -0.47526176]
 [ 0.          0.          0.          1.        ]]","[[-0.90987524  0.0370397  -0.41322526  0.01763741]
 [ 0.36421528  0.54828548 -0.75281489 -0.10935971]
 [ 0.19868137 -0.83547058 -0.51236181 -0.47646746]
 [ 0.          0.          0.          1.        ]]"
single_object,97,39,28,14,30,0.9030144167758847,0.9282580204000228,0.0020295548895222183,0.002041655624269988,"[[-0.64009007  0.04694631  0.76686423 -0.03701605]
 [-0.57981274  0.62536199 -0.52224474  0.05737253]
 [-0.50408521 -0.77892132 -0.37306793 -0.41232191]
 [ 0.          0.          0.          1.        ]]","[[-0.56855719  0.06197238  0.82030613 -0.03665644]
 [-0.56813485  0.69158187 -0.44602389  0.06083899]
 [-0.59495001 -0.71963459 -0.35799518 -0.41443166]
 [ 0.          0.          0.          1.        ]]"
single_object,97,40,37,287,15,0.6120868433473019,0.6146111929518443,0.0020475098369893037,0.001843463950511896,"[[-0.90583385  0.03311434 -0.42233692  0.01788244]
 [ 0.35179114  0.61424019 -0.70636534 -0.1082295 ]
 [ 0.23602549 -0.78842402 -0.56804888 -0.47993517]
 [ 0.          0.          0.          1.        ]]","[[-0.8815482   0.05357065 -0.46904473  0.01780691]
 [ 0.40968076  0.58052136 -0.70367366 -0.1069174 ]
 [ 0.23459423 -0.81248085 -0.53370442 -0.48089333]
 [ 0.          0.          0.          1.        ]]"
single_object,97,40,28,15,9,0.8253461735711437,0.9682602997321784,0.0022938309496967793,0.0018252996449270881,"[[-0.78892653 -0.23390229  0.5682294  -0.03563455]
 [-0.53310146  0.72043072 -0.44360164  0.06050733]
 [-0.30561047 -0.65289302 -0.69306056 -0.40808354]
 [ 0.          0.          0.          1.        ]]","[[-0.6381951  -0.02396879  0.76950147 -0.03420514]
 [-0.54367274  0.72171698 -0.42842101  0.06035597]
 [-0.54509354 -0.69177316 -0.47362741 -0.41012421]
 [ 0.          0.          0.          1.        ]]"
single_object,97,41,37,221,16,0.5554284243195697,0.5758377551166349,0.0019756888964493928,0.0018646474135776783,"[[-0.87050746  0.16442739 -0.4638754   0.02074838]
 [ 0.46604288  0.57833656 -0.66957513 -0.10225048]
 [ 0.15817961 -0.79905598 -0.58007651 -0.48869535]
 [ 0.          0.          0.          1.        ]]","[[-0.84924699  0.09884447 -0.51866108  0.01821702]
 [ 0.46692036  0.59921052 -0.65033232 -0.10303312]
 [ 0.24650542 -0.79446619 -0.55503023 -0.4868    ]
 [ 0.          0.          0.          1.        ]]"
single_object,97,41,28,25,13,0.9761239956692689,0.9651262180181207,0.0020567592400138144,0.0017772725172902385,"[[-0.4478632   0.005905    0.89408259 -0.03389447]
 [-0.59755047  0.74187668 -0.3042243   0.06066829]
 [-0.66509547 -0.67051034 -0.32873073 -0.40497844]
 [ 0.          0.          0.          1.        ]]","[[-0.62748375  0.0134458   0.77851355 -0.03345609]
 [-0.48934851  0.77090462 -0.40773043  0.0609554 ]
 [-0.60564196 -0.63680867 -0.47715044 -0.40659207]
 [ 0.          0.          0.          1.        ]]"
single_object,97,42,28,12,30,0.526924611088951,0.6521169297395863,0.0027613975896406255,0.0023481014155557764,"[[ 0.61982023  0.71931303 -0.3137063  -0.03896633]
 [ 0.78233145 -0.59771498  0.17519789  0.07459102]
 [-0.06148483 -0.3540135  -0.93321705 -0.40896714]
 [ 0.          0.          0.          1.        ]]","[[ 0.50746759  0.85865821 -0.07199116 -0.04575789]
 [ 0.24664164 -0.22480048 -0.94267314  0.07087996]
 [-0.82561767  0.46062005 -0.32585983 -0.41626153]
 [ 0.          0.          0.          1.        ]]"
single_object,97,42,37,278,30,0.541018893290808,0.5865644531529342,0.0023666818297521934,0.0017916720044788143,"[[-0.87683216  0.03880507 -0.47922805  0.0157171 ]
 [ 0.36570423  0.70090615 -0.61236507 -0.09895188]
 [ 0.31213102 -0.71219712 -0.62876823 -0.49086277]
 [ 0.          0.          0.          1.        ]]","[[-0.92409578  0.01156393 -0.38198594  0.01228259]
 [ 0.29147728  0.66777386 -0.68492267 -0.10002318]
 [ 0.24715983 -0.74427438 -0.62045763 -0.48743495]
 [ 0.          0.          0.          1.        ]]"
single_object,97,43,37,108,30,0.47538580357270555,0.5789484975471617,0.0027280247081072867,0.0018838785392615452,"[[-0.79883387  0.05667314 -0.59887612  0.0081989 ]
 [ 0.40669526  0.78443487 -0.46825304 -0.0968518 ]
 [ 0.44324194 -0.61761646 -0.64968184 -0.48754238]
 [ 0.          0.          0.          1.        ]]","[[-0.87156654  0.06876657 -0.48543066  0.01409795]
 [ 0.39524289  0.68439617 -0.61268666 -0.09690139]
 [ 0.29009452 -0.72586021 -0.6236763  -0.4927696 ]
 [ 0.          0.          0.          1.        ]]"
single_object,97,43,28,7,21,0.539574904552966,0.7365092028035786,0.0027000870662117174,0.0021775818748029363,"[[ 0.95025544  0.30974944 -0.03270915 -0.03099043]
 [ 0.31123561 -0.94837272  0.06100468  0.07784112]
 [-0.0121243  -0.06815028 -0.99760139 -0.4078367 ]
 [ 0.          0.          0.          1.        ]]","[[ 0.60628677 -0.12399953 -0.78551923 -0.03183722]
 [-0.25104962 -0.96710111 -0.04110401  0.07902285]
 [-0.75457964  0.22212512 -0.61747064 -0.4082854 ]
 [ 0.          0.          0.          1.        ]]"
single_object,97,44,37,111,27,0.55529255281111,0.5746149115404968,0.0024630054862695584,0.0019168891226277569,"[[-0.92607325  0.07747371 -0.36930498  0.00999588]
 [ 0.296075    0.75594328 -0.5838573  -0.09409093]
 [ 0.23394002 -0.6500366  -0.72299687 -0.49221793]
 [ 0.          0.          0.          1.        ]]","[[-0.93499746 -0.02137181 -0.35400987  0.00872505]
 [ 0.22191029  0.7433845  -0.63097964 -0.09153472]
 [ 0.27665063 -0.6685228  -0.69032    -0.49516243]
 [ 0.          0.          0.          1.        ]]"
single_object,97,44,28,11,15,0.4288563450908884,0.5244743290215966,0.0026871792569781727,0.0025069993089803233,"[[ 0.99355047 -0.03326148  0.10840266 -0.02172587]
 [ 0.03901166 -0.79737795 -0.60221797  0.07110182]
 [ 0.10646855  0.60256292 -0.79093766 -0.39589497]
 [ 0.          0.          0.          1.        ]]","[[ 0.7264007   0.58409065 -0.36218798 -0.02581077]
 [ 0.40806656 -0.79059412 -0.45655517  0.07133523]
 [-0.5530133   0.18384519 -0.81263598 -0.40194017]
 [ 0.          0.          0.          1.        ]]"
single_object,97,45,37,88,30,0.482072112015332,0.5446588194911255,0.0022760769514584746,0.001812395187487266,"[[-0.62986222  0.19540491 -0.75172502  0.01719329]
 [ 0.62738753  0.69855727 -0.34409682 -0.09951971]
 [ 0.45788478 -0.68835649 -0.56258944 -0.49694894]
 [ 0.          0.          0.          1.        ]]","[[-0.89102123  0.07754539 -0.44728949  0.01182204]
 [ 0.3459341   0.7540043  -0.55839692 -0.0890033 ]
 [ 0.29395709 -0.65227619 -0.69865943 -0.49937758]
 [ 0.          0.          0.          1.        ]]"
single_object,97,46,37,79,30,0.3772293654085442,0.37502681674509075,0.002879273650697381,0.0022305493079456023,"[[ 0.98665625  0.0856481  -0.13846963 -0.01522428]
 [-0.02388237 -0.76513113 -0.64343142 -0.09193895]
 [-0.1610561   0.63815262 -0.75287593 -0.49263278]
 [ 0.          0.          0.          1.        ]]","[[ 0.83968474  0.19954511 -0.50508542 -0.01468329]
 [-0.08144106 -0.87326317 -0.48039441 -0.08798814]
 [-0.53693285  0.44451455 -0.7170146  -0.49107763]
 [ 0.          0.          0.          1.        ]]"
single_object,97,46,28,16,9,0.9240412559120178,0.9838167416946835,0.0024952784651001768,0.0018487259102853845,"[[-0.80917849 -0.18265204  0.5584518  -0.02597168]
 [-0.41198405  0.85404079 -0.31762158  0.0661914 ]
 [-0.41892639 -0.48708578 -0.76632116 -0.38507062]
 [ 0.          0.          0.          1.        ]]","[[-0.77235372  0.0202144   0.63487094 -0.02484176]
 [-0.340644    0.83042818 -0.44085224  0.06396404]
 [-0.53612628 -0.55675885 -0.63449838 -0.38493422]
 [ 0.          0.          0.          1.        ]]"
single_object,97,47,28,14,30,0.7393583679981766,0.9221038235796911,0.002613284155915979,0.0024026172036432096,"[[ 0.24276814  0.30655551 -0.92037349 -0.03083418]
 [ 0.60490172  0.69388019  0.39067146  0.07013811]
 [ 0.75839142 -0.65157809 -0.01698395 -0.38137149]
 [ 0.          0.          0.          1.        ]]","[[ 0.48946914 -0.03590393 -0.87128117 -0.02765007]
 [ 0.46105883  0.85872903  0.22362738  0.07146648]
 [ 0.74016533 -0.51117057  0.43687518 -0.38077323]
 [ 0.          0.          0.          1.        ]]"
single_object,97,48,28,36,12,0.973160863866887,0.980283776853382,0.002051936338688915,0.001798054960011987,"[[-0.80719024  0.11718057  0.57854355 -0.02443991]
 [-0.30405925  0.75753299 -0.57766058  0.06412986]
 [-0.50595642 -0.6421935  -0.5758434  -0.39245882]
 [ 0.          0.          0.          1.        ]]","[[-0.71899334  0.00226143  0.69501328 -0.02553114]
 [-0.4587842   0.74962505 -0.47705277  0.06558413]
 [-0.52207819 -0.66185887 -0.53793791 -0.39215878]
 [ 0.          0.          0.          1.        ]]"
single_object,97,48,37,75,30,0.41232712138331495,0.4379567785580457,0.0024096316017236754,0.0019950840318588878,"[[-0.40647549  0.34424232 -0.84633026 -0.00693096]
 [ 0.85969843  0.45773255 -0.22671461 -0.11959485]
 [ 0.30934815 -0.81974273 -0.48200165 -0.47607257]
 [ 0.          0.          0.          1.        ]]","[[-0.58816503  0.21822694 -0.77874187 -0.00446765]
 [ 0.73507589  0.54576808 -0.4022445  -0.10728388]
 [ 0.33723187 -0.80902052 -0.48141506 -0.4861571 ]
 [ 0.          0.          0.          1.        ]]"
single_object,97,49,37,127,24,0.48559762010326235,0.4824725754086872,0.0019914463583990574,0.0019338890989332184,"[[-0.79878395  0.02185952 -0.60122072 -0.01441351]
 [ 0.44810358  0.68843039 -0.57032164 -0.10060938]
 [ 0.40143167 -0.72497293 -0.55970248 -0.47840328]
 [ 0.          0.          0.          1.        ]]","[[-0.77637725  0.04179124 -0.62888143 -0.010787  ]
 [ 0.50378178  0.64074055 -0.57935781 -0.10182625]
 [ 0.37873775 -0.76661923 -0.51851005 -0.48226302]
 [ 0.          0.          0.          1.        ]]"
single_object,97,49,28,24,15,0.834805402017209,0.9217619237563394,0.0025369282992910246,0.0025432403143445495,"[[ 0.48137434  0.11823568 -0.86850392 -0.02570182]
 [ 0.52695234  0.75276457  0.39454625  0.07035615]
 [ 0.70042842 -0.64758461  0.30005698 -0.39042166]
 [ 0.          0.          0.          1.        ]]","[[ 0.90005719  0.11600623 -0.42004715 -0.02079353]
 [ 0.16931843  0.7950816   0.58238864  0.07127147]
 [ 0.40153247 -0.5953048   0.69597692 -0.38860906]
 [ 0.          0.          0.          1.        ]]"
single_object,97,50,28,22,13,0.7859707105817996,0.9782323779132714,0.002226652129800225,0.001814501527815278,"[[-0.96880022 -0.01105007  0.24759651 -0.02706054]
 [-0.20831914  0.57753389 -0.78934007  0.06440465]
 [-0.13427311 -0.81629192 -0.5618169  -0.40265939]
 [ 0.          0.          0.          1.        ]]","[[-0.78479615  0.05405751  0.61739193 -0.02659326]
 [-0.40288266  0.71248009 -0.57450647  0.06550881]
 [-0.47093584 -0.69960697 -0.5373728  -0.39995454]
 [ 0.          0.          0.          1.        ]]"
single_object,97,50,37,170,27,0.4765299846965775,0.532702126746664,0.0025800374266592933,0.0019089864739799524,"[[-0.86045834 -0.0580186  -0.50620677 -0.01244037]
 [ 0.36139268  0.63084747 -0.68660527 -0.11346432]
 [ 0.35917513 -0.77373465 -0.52185047 -0.4684621 ]
 [ 0.          0.          0.          1.        ]]","[[-0.7637125   0.03018533 -0.64485042 -0.01053262]
 [ 0.52347498  0.61351626 -0.59124593 -0.10552013]
 [ 0.37777927 -0.78910497 -0.48435129 -0.47729864]
 [ 0.          0.          0.          1.        ]]"
single_object,97,51,37,143,30,0.49560205380511735,0.49937785151389463,0.002425228189317614,0.002066598257008878,"[[-0.66689602  0.23664275 -0.70657618 -0.00717105]
 [ 0.70681039  0.50113899 -0.49927826 -0.1142747 ]
 [ 0.23594229 -0.83238207 -0.50146916 -0.47196427]
 [ 0.          0.          0.          1.        ]]","[[-0.66826172  0.10632031 -0.73628952 -0.00433354]
 [ 0.66861359  0.51977125 -0.53178352 -0.11120773]
 [ 0.32616274 -0.84766375 -0.41843044 -0.47761959]
 [ 0.          0.          0.          1.        ]]"
single_object,97,51,28,18,9,0.8835831101487264,0.9629608524702262,0.0020863111093436257,0.0019047958609310891,"[[-0.59613885  0.2243647   0.7708949  -0.02812745]
 [-0.49919067  0.64843599 -0.57475163  0.06545332]
 [-0.62882998 -0.72745532 -0.27455712 -0.40490451]
 [ 0.          0.          0.          1.        ]]","[[-0.70732154  0.07019618  0.70339799 -0.02695495]
 [-0.48539959  0.67514789 -0.55548409  0.06629954]
 [-0.51389053 -0.73433496 -0.44347345 -0.40363778]
 [ 0.          0.          0.          1.        ]]"
single_object,97,52,28,20,12,0.8551484415066386,0.8541227420365832,0.002803847134904329,0.0017654751372520863,"[[-0.37559335 -0.04085154  0.92588379 -0.02447513]
 [-0.57971298  0.78981361 -0.20031805  0.06468344]
 [-0.72309231 -0.61198498 -0.32033091 -0.40461453]
 [ 0.          0.          0.          1.        ]]","[[-0.61680213  0.08423733  0.78259773 -0.02828579]
 [-0.56283474  0.64784988 -0.51332989  0.06747814]
 [-0.55024739 -0.75709616 -0.35218349 -0.40865186]
 [ 0.          0.          0.          1.        ]]"
single_object,97,52,37,245,16,0.5791058224516941,0.5806504669689212,0.0019473157391782913,0.0018221641388546604,"[[-0.7434632   0.07895261 -0.66410011 -0.0079701 ]
 [ 0.59444716  0.53299489 -0.60212044 -0.1130763 ]
 [ 0.30642299 -0.84242681 -0.44319524 -0.46908005]
 [ 0.          0.          0.          1.        ]]","[[-0.77732124  0.04737483 -0.62731755 -0.00776161]
 [ 0.55188598  0.53000887 -0.64382643 -0.11221841]
 [ 0.3019827  -0.84666772 -0.43813265 -0.46933404]
 [ 0.          0.          0.          1.        ]]"
single_object,97,53,28,17,19,0.8201606929169754,0.9433585959313922,0.0025886998120198215,0.0018960772158461816,"[[-0.99173554 -0.02575769  0.12568673 -0.0290168 ]
 [-0.12426237  0.43663869 -0.89101376  0.05924712]
 [-0.03192924 -0.89926814 -0.43623082 -0.4040469 ]
 [ 0.          0.          0.          1.        ]]","[[-0.67798453  0.07152032  0.73158856 -0.02886705]
 [-0.53520414  0.63419655 -0.55798859  0.06578877]
 [-0.50387846 -0.76985686 -0.39169748 -0.41208166]
 [ 0.          0.          0.          1.        ]]"
single_object,97,53,37,278,30,0.5093822852157497,0.5953746478067478,0.00219888472835313,0.001918288377503166,"[[-0.97372666 -0.16951197 -0.15205949 -0.01810389]
 [ 0.01778749  0.60909006 -0.79290157 -0.11325982]
 [ 0.22702423 -0.77477415 -0.59007204 -0.45861708]
 [ 0.          0.          0.          1.        ]]","[[-0.80487323  0.03250792 -0.59255575 -0.00674413]
 [ 0.52567716  0.50241859 -0.68646856 -0.11465154]
 [ 0.27539536 -0.86401319 -0.42147195 -0.46519146]
 [ 0.          0.          0.          1.        ]]"
single_object,97,54,28,9,30,0.7502991623454328,0.9027295002564248,0.0025349625907864254,0.0023962988474524006,"[[ 0.83970342 -0.22232061 -0.49545102 -0.02964148]
 [ 0.50386693  0.65922649  0.55815639  0.07179587]
 [ 0.20252477 -0.71832721  0.66557474 -0.40996597]
 [ 0.          0.          0.          1.        ]]","[[ 0.6652213   0.05809998 -0.7443823  -0.03110402]
 [ 0.52823565  0.66797079  0.52419664  0.06908968]
 [ 0.52768145 -0.74191604  0.41365792 -0.40674353]
 [ 0.          0.          0.          1.        ]]"
single_object,97,54,37,160,30,0.4610263304681131,0.6056079177333772,0.002732836265106151,0.0018390951839668344,"[[-0.8980343   0.29865047 -0.32302057 -0.00886355]
 [ 0.4118511   0.31263895 -0.85594133 -0.12018604]
 [-0.15463847 -0.90170105 -0.40376002 -0.45062726]
 [ 0.          0.          0.          1.        ]]","[[-0.90222717 -0.03333125 -0.42997111 -0.00933804]
 [ 0.35659824  0.50304734 -0.78726176 -0.1157133 ]
 [ 0.24253624 -0.86361589 -0.44197711 -0.45833933]
 [ 0.          0.          0.          1.        ]]"
single_object,97,55,37,268,30,0.6508674323145354,0.6408415452166077,0.0020301779797829785,0.0017339955731444474,"[[-0.85183913 -0.00928113 -0.52372126 -0.00507297]
 [ 0.45454342  0.48378205 -0.74789385 -0.12081893]
 [ 0.26030824 -0.8751393  -0.4078858  -0.45310407]
 [ 0.          0.          0.          1.        ]]","[[-0.80321395  0.05997579 -0.5926637  -0.00130325]
 [ 0.56314594  0.40080472 -0.72264945 -0.1202386 ]
 [ 0.19420094 -0.91419827 -0.35570706 -0.45746021]
 [ 0.          0.          0.          1.        ]]"
single_object,97,55,28,12,24,0.5708587383896518,0.9097954299390278,0.0027535450174916423,0.00247312085996757,"[[ 0.85859845  0.06246497 -0.50882889 -0.02934382]
 [ 0.42895769  0.45596932  0.77979951  0.06661669]
 [ 0.28072052 -0.88780071  0.36469972 -0.4172323 ]
 [ 0.          0.          0.          1.        ]]","[[ 0.4839184  -0.05908875 -0.87311597 -0.03360526]
 [ 0.67085987  0.66571045  0.32676694  0.06977936]
 [ 0.56193417 -0.743867    0.36178981 -0.41179865]
 [ 0.          0.          0.          1.        ]]"
single_object,97,56,28,22,11,0.7414097669382871,0.9489429597128042,0.002638585000493176,0.001814301696764138,"[[-0.96487552 -0.25880586  0.04510829 -0.0309136 ]
 [-0.11515841  0.26234437 -0.95807827  0.0589039 ]
 [ 0.23612236 -0.92962087 -0.28293334 -0.42267865]
 [ 0.          0.          0.          1.        ]]","[[-0.87678461 -0.00534452  0.4808536  -0.02976899]
 [-0.40870367  0.53519019 -0.73927855  0.06150643]
 [-0.25339704 -0.84471468 -0.47143085 -0.42332519]
 [ 0.          0.          0.          1.        ]]"
single_object,97,56,37,277,30,0.6968420600981136,0.6912212703270928,0.0025870557688658616,0.0017370410805489982,"[[-0.96777462 -0.08419785 -0.2373247  -0.00347874]
 [ 0.17433798  0.45603846 -0.87271713 -0.12108228]
 [ 0.1817101  -0.8859682  -0.42666356 -0.44991563]
 [ 0.          0.          0.          1.        ]]","[[-0.88772453 -0.00602986 -0.46033553 -0.00267548]
 [ 0.41799709  0.40848763 -0.81142855 -0.12127404]
 [ 0.19293417 -0.91274394 -0.36010403 -0.4498829 ]
 [ 0.          0.          0.          1.        ]]"
single_object,97,57,28,10,11,0.9176591258761183,0.9475753604193972,0.002360213483179692,0.0018725094892649817,"[[-0.4843584   0.00559406  0.87485178 -0.03233265]
 [-0.75050962  0.51122772 -0.41878578  0.06263039]
 [-0.4495912  -0.85942709 -0.24341904 -0.42652236]
 [ 0.          0.          0.          1.        ]]","[[-0.93956255  0.07033715  0.33507446 -0.03176809]
 [-0.26274536  0.479348   -0.83737111  0.06003075]
 [-0.21951557 -0.8748018  -0.43189667 -0.42668408]
 [ 0.          0.          0.          1.        ]]"
single_object,97,57,37,171,30,0.519436776841774,0.6203464008352522,0.0024585743999789894,0.0018164447005026558,"[[-0.74812408  0.20550249 -0.63093509  0.01493637]
 [ 0.66352377  0.24145898 -0.70811988 -0.13171298]
 [ 0.00682455 -0.94840197 -0.31699706 -0.4490882 ]
 [ 0.          0.          0.          1.        ]]","[[-0.77343342  0.12258163 -0.62191197  0.00909107]
 [ 0.62787411  0.28286464 -0.72509427 -0.12403314]
 [ 0.08703367 -0.95129456 -0.2957428  -0.45494148]
 [ 0.          0.          0.          1.        ]]"
single_object,97,58,28,13,26,0.7060231352213802,0.8228958915037894,0.002576431305822862,0.002429903742018677,"[[-9.90951340e-01 -1.34221184e-01  3.39342331e-04 -4.05485737e-02]
 [ 9.71893324e-02 -7.15797889e-01  6.91511111e-01  6.27967946e-02]
 [-9.25725395e-02  6.85286842e-01  7.22365745e-01 -4.26178904e-01]
 [ 0.00000000e+00  0.00000000e+00  0.00000000e+00  1.00000000e+00]]","[[-0.67921527 -0.12853083  0.72259702 -0.03602758]
 [ 0.62497548 -0.61748195  0.47762087  0.0653059 ]
 [ 0.38480161  0.7760128   0.49973179 -0.42414428]
 [ 0.          0.          0.          1.        ]]"
single_object,97,58,37,241,30,0.6246871379739413,0.6853716443312976,0.0021791308717275934,0.0018125150236284007,"[[-0.79426676  0.0872194  -0.60127622  0.01531612]
 [ 0.59887108  0.2792466  -0.75058295 -0.12968533]
 [ 0.10243895 -0.95625003 -0.27402947 -0.44116787]
 [ 0.          0.          0.          1.        ]]","[[-0.83884285  0.08498406 -0.53769916  0.0104873 ]
 [ 0.53807886  0.27921568 -0.79530481 -0.12702114]
 [ 0.0825458  -0.9564603  -0.27994621 -0.44165304]
 [ 0.          0.          0.          1.        ]]"
single_object,97,59,37,193,30,0.5391810523605887,0.7067892847437749,0.0025732310733264955,0.0017319323991380766,"[[-0.65465988  0.19616448 -0.73002735  0.01790096]
 [ 0.75592124  0.17228178 -0.63158694 -0.12687373]
 [ 0.00187549 -0.96531781 -0.26107087 -0.44277279]
 [ 0.          0.          0.          1.        ]]","[[-0.93926015  0.00501574 -0.34316935  0.01228003]
 [ 0.33112256  0.27622781 -0.90225055 -0.12536642]
 [ 0.09026747 -0.9610791  -0.2611106  -0.43841431]
 [ 0.          0.          0.          1.        ]]"
single_object,97,59,28,20,30,0.6714342697589606,0.6750242179041541,0.0029119994821982177,0.0024408786180583355,"[[ 0.09659963 -0.96869681  0.22868101 -0.02698907]
 [-0.989874   -0.06949168  0.12377545  0.06272414]
 [-0.10400945 -0.23832205 -0.96560066 -0.44178452]
 [ 0.          0.          0.          1.        ]]","[[-0.20583433 -0.96294206 -0.17428371 -0.02533822]
 [-0.95418659  0.15797074  0.25411258  0.05908134]
 [-0.21716397  0.21860427 -0.9513422  -0.44756959]
 [ 0.          0.          0.          1.        ]]"
single_object,97,60,28,19,20,0.8699071172146561,0.9182289589150379,0.0024164830546484174,0.002040586582976877,"[[ 0.19176817 -0.16656483 -0.96720273 -0.04431678]
 [-0.79528773 -0.60384984 -0.05369167  0.04967423]
 [-0.57510208  0.77950082 -0.24826614 -0.43569341]
 [ 0.          0.          0.          1.        ]]","[[ 0.11621131 -0.31284117 -0.94266926 -0.0403331 ]
 [-0.80904675 -0.58036155  0.0928646   0.05039724]
 [-0.57614086  0.75187158 -0.32054771 -0.4385324 ]
 [ 0.          0.          0.          1.        ]]"
single_object,97,60,37,378,30,0.7049657460776041,0.7347859666185157,0.002214860589300104,0.001671521489836936,"[[-0.93923218  0.16731415 -0.29974804  0.02439583]
 [ 0.32752176  0.17521845 -0.92845463 -0.12767359]
 [-0.10282222 -0.97020847 -0.21936983 -0.43276519]
 [ 0.          0.          0.          1.        ]]","[[-0.95751243  0.00813006 -0.28827739  0.02170019]
 [ 0.2823155   0.23054095 -0.93120826 -0.1256817 ]
 [ 0.05888896 -0.97302866 -0.22304106 -0.43472253]
 [ 0.          0.          0.          1.        ]]"
single_object,97,61,37,200,30,0.712781933380054,0.7492527067034711,0.0022146398037046996,0.0018195798888362884,"[[-0.83556707  0.16265285 -0.52475873 -0.00638715]
 [ 0.54609024  0.14138799 -0.82570872 -0.12805845]
 [-0.0601093  -0.97650063 -0.20696228 -0.42616514]
 [ 0.          0.          0.          1.        ]]","[[-0.8943569   0.00305707 -0.4473437  -0.00717445]
 [ 0.43691829  0.22070052 -0.87200556 -0.12733087]
 [ 0.09606321 -0.97533683 -0.19872073 -0.4279527 ]
 [ 0.          0.          0.          1.        ]]"
single_object,97,62,37,167,21,0.7089417754830589,0.6998383844162531,0.002277829507714436,0.001633466272308184,"[[-0.73768141  0.1167846  -0.6649718  -0.01478277]
 [ 0.67271036  0.21077715 -0.70924873 -0.12661226]
 [ 0.05733153 -0.97053302 -0.23404859 -0.43052303]
 [ 0.          0.          0.          1.        ]]","[[-0.77844888  0.06047894 -0.62478768 -0.01194295]
 [ 0.62089057  0.2204863  -0.75225042 -0.12744561]
 [ 0.09226182 -0.97351327 -0.20918811 -0.43441147]
 [ 0.          0.          0.          1.        ]]"
single_object,97,62,28,17,30,0.718958345204855,0.7092711835432218,0.003279667840980095,0.0026241071040404565,"[[-0.31026588  0.10075921 -0.94529501 -0.03117329]
 [-0.82888339 -0.51557656  0.21710169  0.06135012]
 [-0.46549695  0.85089858  0.24348345 -0.42647403]
 [ 0.          0.          0.          1.        ]]","[[ 0.77777195  0.22838946 -0.58558437 -0.0314893 ]
 [-0.3984337  -0.54140623 -0.74035794  0.05996335]
 [-0.48612898  0.80914618 -0.33009252 -0.43149146]
 [ 0.          0.          0.          1.        ]]"
single_object,97,63,37,181,30,0.6703828716085757,0.6631888327922311,0.0020282794413059063,0.0016876010378811773,"[[-0.8060349   0.00485847 -0.59184807 -0.02240855]
 [ 0.55642966  0.34703991 -0.75494989 -0.12509866]
 [ 0.201727   -0.93783778 -0.28242967 -0.43005287]
 [ 0.          0.          0.          1.        ]]","[[-0.77414873  0.03218684 -0.6321849  -0.01964509]
 [ 0.61435331  0.27884597 -0.7381158  -0.12435554]
 [ 0.1525246  -0.9597963  -0.23564235 -0.43719981]
 [ 0.          0.          0.          1.        ]]"
single_object,97,63,28,18,30,0.6639694569491139,0.7308678557182745,0.002792883023130633,0.0025845783625132227,"[[-0.27011101  0.09973915 -0.95764928 -0.02839032]
 [ 0.91048709  0.34993341 -0.22036306  0.07074065]
 [ 0.31313465 -0.93144979 -0.18533207 -0.42885382]
 [ 0.          0.          0.          1.        ]]","[[ 0.63970107 -0.5485641  -0.53838645 -0.0279595 ]
 [ 0.76719935  0.49833096  0.40382102  0.06905148]
 [ 0.04677293 -0.67137447  0.73964087 -0.41747713]
 [ 0.          0.          0.          1.        ]]"
single_object,97,64,28,9,8,0.8086500655307994,0.9059205652743746,0.002594516447364347,0.0018453300744211707,"[[-0.99457609 -0.03574089 -0.09767795 -0.02172582]
 [ 0.04978847  0.66093016 -0.74879398  0.06351855]
 [ 0.09132087 -0.74959583 -0.65556585 -0.42165687]
 [ 0.          0.          0.          1.        ]]","[[-0.94470438  0.12086841  0.30483515 -0.02196351]
 [-0.2030621   0.51429842 -0.83322441  0.06428029]
 [-0.25748675 -0.84905121 -0.46131617 -0.42339611]
 [ 0.          0.          0.          1.        ]]"
single_object,97,64,37,213,27,0.5527610520745434,0.5932865172556816,0.002343061428245135,0.0018882546351818223,"[[-0.54413599  0.23640462 -0.80500241 -0.0182903 ]
 [ 0.83868246  0.12699206 -0.5296081  -0.13211339]
 [-0.02297289 -0.96332023 -0.26736936 -0.43801758]
 [ 0.          0.          0.          1.        ]]","[[-0.5649058   0.1268618  -0.81534503 -0.01864866]
 [ 0.81631002  0.23021186 -0.52975508 -0.12708474]
 [ 0.12049641 -0.96483604 -0.23360657 -0.44361963]
 [ 0.          0.          0.          1.        ]]"
single_object,97,65,37,185,29,0.5691657489380569,0.6348488965803286,0.002134842760145334,0.0016657053321777237,"[[-0.58839973  0.19997213 -0.78345191 -0.02226655]
 [ 0.80641536  0.21582438 -0.550558   -0.12989354]
 [ 0.05899177 -0.95573584 -0.2882516  -0.43983031]
 [ 0.          0.          0.          1.        ]]","[[-0.71151948  0.03170051 -0.70195093 -0.02743963]
 [ 0.66404299  0.3569772  -0.6569735  -0.11970376]
 [ 0.22975409 -0.93357504 -0.27504674 -0.44544068]
 [ 0.          0.          0.          1.        ]]"
single_object,97,65,28,24,30,0.7395863012137444,0.5081201208046042,0.0025645237909588197,0.0022710176258598723,"[[ 0.65602672  0.07891356 -0.75060082 -0.02278004]
 [ 0.53397492  0.65431327  0.5354857   0.077486  ]
 [ 0.53338516 -0.75209494  0.38710913 -0.41722328]
 [ 0.          0.          0.          1.        ]]","[[ 0.44052665  0.04843825 -0.89643182 -0.02594927]
 [ 0.60065872  0.72620533  0.33441727  0.08360694]
 [ 0.66719216 -0.68576931  0.29081794 -0.42385704]
 [ 0.          0.          0.          1.        ]]"
single_object,97,66,28,4,8,0.638440936805516,0.8946948544076585,0.0025632659351334983,0.0019046687721586074,"[[-0.88639224 -0.06922479  0.45772997 -0.02274613]
 [-0.45293957  0.33404056 -0.82659703  0.06793464]
 [-0.09567937 -0.94001321 -0.32744561 -0.41683327]
 [ 0.          0.          0.          1.        ]]","[[-0.79402172  0.09789047  0.5999558  -0.02042546]
 [-0.45013205  0.56862212 -0.68851291  0.06819019]
 [-0.40854699 -0.81675354 -0.40743468 -0.41501823]
 [ 0.          0.          0.          1.        ]]"
single_object,97,66,37,183,30,0.5901686236931306,0.5849554484474893,0.0025003240429290483,0.001690755722422911,"[[-0.92662145 -0.04711448 -0.37303207 -0.03421454]
 [ 0.31793265  0.43146746 -0.84424799 -0.11910701]
 [ 0.2007275  -0.90089736 -0.38482777 -0.44741083]
 [ 0.          0.          0.          1.        ]]","[[-0.64573643  0.07754974 -0.75961207 -0.02783576]
 [ 0.72795787  0.36275908 -0.58179308 -0.11984323]
 [ 0.23043827 -0.92865057 -0.2906997  -0.448974  ]
 [ 0.          0.          0.          1.        ]]"
single_object,97,67,37,177,30,0.5724123628770434,0.5527038430183498,0.0021257577940492233,0.0017163247024247976,"[[-0.82057425 -0.04234861 -0.56996886 -0.03724032]
 [ 0.48645728  0.47175511 -0.73539542 -0.11341784]
 [ 0.30002869 -0.88071205 -0.3665093  -0.44518699]
 [ 0.          0.          0.          1.        ]]","[[-0.65870934  0.05794406 -0.75016297 -0.03053756]
 [ 0.70033092  0.41166398 -0.58315467 -0.11649902]
 [ 0.27502473 -0.90949176 -0.31174693 -0.45302574]
 [ 0.          0.          0.          1.        ]]"
single_object,97,67,28,17,15,0.8149182289589151,0.9046099492848595,0.002423505397479502,0.0019837816768572183,"[[-0.83928749 -0.20755188  0.50251241 -0.02259816]
 [-0.51969726  0.57778607 -0.62934729  0.06706998]
 [-0.15972245 -0.78935763 -0.59279277 -0.41006829]
 [ 0.          0.          0.          1.        ]]","[[-0.75991688  0.0753746   0.64563535 -0.01978676]
 [-0.4940957   0.57841481 -0.6490807   0.06926128]
 [-0.42236925 -0.81225303 -0.40230491 -0.41167865]
 [ 0.          0.          0.          1.        ]]"
single_object,97,68,28,25,21,0.7712690181776739,0.8899652401846259,0.0024373546042628816,0.0025657315841609964,"[[ 0.45396227  0.07965558 -0.88745324 -0.02291106]
 [ 0.7104721   0.56871629  0.41447699  0.0763442 ]
 [ 0.53772451 -0.81866768  0.20158267 -0.40140604]
 [ 0.          0.          0.          1.        ]]","[[ 0.469394    0.09319939 -0.87805646 -0.02352299]
 [ 0.61926808  0.67410604  0.40260166  0.07532869]
 [ 0.62942539 -0.73273114  0.25870592 -0.39895319]
 [ 0.          0.          0.          1.        ]]"
single_object,97,68,37,125,30,0.5384301834980477,0.5241922796378666,0.0021158425968429936,0.0018446729760763323,"[[-0.74146397  0.00882804 -0.6709346  -0.03623972]
 [ 0.57490454  0.52396739 -0.62844486 -0.11486996]
 [ 0.34599991 -0.85169258 -0.39357822 -0.4503163 ]
 [ 0.          0.          0.          1.        ]]","[[-0.6587682   0.04532315 -0.75097954 -0.03287968]
 [ 0.67987643  0.46330378 -0.56843438 -0.11342501]
 [ 0.32216842 -0.88503979 -0.33602394 -0.45646309]
 [ 0.          0.          0.          1.        ]]"
single_object,97,69,28,26,9,0.9046669325887515,0.9696278990255855,0.002329270434706417,0.001965540593672932,"[[-0.79500483 -0.08387758  0.60077606 -0.01658385]
 [-0.49982261  0.6517686  -0.57041656  0.06743925]
 [-0.34372181 -0.75376538 -0.56008309 -0.402857  ]
 [ 0.          0.          0.          1.        ]]","[[-0.8452334   0.10390708  0.52419827 -0.01884286]
 [-0.34248689  0.64766056 -0.68061629  0.06842974]
 [-0.4102234  -0.75481065 -0.51183752 -0.40152026]
 [ 0.          0.          0.          1.        ]]"
single_object,97,69,37,25,30,0.35024814428123974,0.4708090790772179,0.002609450105818336,0.0019555621842018735,"[[-0.97325683 -0.01408458 -0.22928752 -0.03958817]
 [ 0.17291981  0.61215854 -0.77159618 -0.10592957]
 [ 0.15122792 -0.79060961 -0.59335198 -0.45477466]
 [ 0.          0.          0.          1.        ]]","[[-0.65198558  0.05033709 -0.75655865 -0.03446972]
 [ 0.67352153  0.49673769 -0.54737594 -0.1115056 ]
 [ 0.34825788 -0.86643976 -0.35776892 -0.45821391]
 [ 0.          0.          0.          1.        ]]"
single_object,97,70,37,190,30,0.41297787439751715,0.44390652040217965,0.002312705895177292,0.0018934423468191038,"[[-0.39961086  0.11052153 -0.90999789 -0.03230972]
 [ 0.80193908  0.52305358 -0.28863241 -0.11345435]
 [ 0.44407755 -0.84510351 -0.29764942 -0.46210426]
 [ 0.          0.          0.          1.        ]]","[[-0.58526201  0.06714795 -0.80805912 -0.03349338]
 [ 0.71582562  0.5108944  -0.47600482 -0.11023389]
 [ 0.38087013 -0.85701696 -0.3470733  -0.46407458]
 [ 0.          0.          0.          1.        ]]"
single_object,97,70,28,19,11,0.9324178015841359,0.9761239956692689,0.002519633730882726,0.0017333828318734656,"[[-0.96602146  0.08740997  0.24323247 -0.01526651]
 [-0.09598344  0.75245269 -0.65161501  0.06812102]
 [-0.23997857 -0.65282037 -0.71849554 -0.40008125]
 [ 0.          0.          0.          1.        ]]","[[-0.84331426  0.07256655  0.53249897 -0.01801113]
 [-0.35419055  0.67015868 -0.65225486  0.06879078]
 [-0.4041907  -0.73866193 -0.53945198 -0.39744983]
 [ 0.          0.          0.          1.        ]]"
single_object,97,71,28,11,12,0.7772522650863297,0.9682033164282865,0.002426709470673264,0.00164462147051773,"[[-0.91215564  0.3497697   0.21361941 -0.01489526]
 [ 0.06764804  0.64256211 -0.76324156  0.07040355]
 [-0.40422251 -0.68174415 -0.60977789 -0.39284793]
 [ 0.          0.          0.          1.        ]]","[[-0.87813994  0.09117811  0.46963475 -0.01675447]
 [-0.29023977  0.67883573 -0.67449457  0.06873906]
 [-0.38030399 -0.7286073  -0.56964925 -0.3934359 ]
 [ 0.          0.          0.          1.        ]]"
single_object,97,72,37,108,30,0.2863885353051388,0.3735894392082267,0.00289332878741292,0.0019664114596179135,"[[-0.89587388  0.08867578 -0.43536949 -0.02969517]
 [ 0.42192429  0.47688965 -0.77107468 -0.10729004]
 [ 0.13924756 -0.87447863 -0.46464745 -0.47433302]
 [ 0.          0.          0.          1.        ]]","[[-0.55363448  0.07871318 -0.82903142 -0.03451279]
 [ 0.70023601  0.58282875 -0.41228654 -0.10202291]
 [ 0.45073096 -0.80877369 -0.37779189 -0.47354996]
 [ 0.          0.          0.          1.        ]]"
single_object,97,72,28,16,11,0.7733774004216765,0.966094934184284,0.0023530495754893873,0.0018144837309262978,"[[-0.8971621  -0.21279534  0.38706369 -0.01891229]
 [-0.39840685  0.76821771 -0.50111229  0.06800291]
 [-0.19071483 -0.60378778 -0.77399494 -0.38619962]
 [ 0.          0.          0.          1.        ]]","[[-0.87249661  0.09206135  0.47986913 -0.01623446]
 [-0.26096271  0.74249549 -0.61692699  0.06948876]
 [-0.41309579 -0.66349466 -0.62380021 -0.38968074]
 [ 0.          0.          0.          1.        ]]"
single_object,97,73,37,231,30,0.2126389107395701,0.33465152533646075,0.00286075114468231,0.0021059081547966586,"[[-0.89141715 -0.23165765 -0.38949993 -0.02895574]
 [ 0.07103423  0.77742643 -0.62494982 -0.11857725]
 [ 0.44758194 -0.58475882 -0.67655563 -0.45085398]
 [ 0.          0.          0.          1.        ]]","[[-0.57688988 -0.11552753 -0.80861082 -0.03294459]
 [ 0.33803534  0.86743089 -0.36509691 -0.12970709]
 [ 0.74359275 -0.48395975 -0.46135972 -0.45479608]
 [ 0.          0.          0.          1.        ]]"
single_object,97,73,28,15,29,0.8109293976864779,0.9014758675708018,0.0027086338072420104,0.0024190116916949366,"[[ 0.48824763 -0.04456105 -0.87156673 -0.01675288]
 [ 0.43486314  0.87830016  0.198703    0.07125964]
 [ 0.75664278 -0.47602851  0.44820593 -0.37900231]
 [ 0.          0.          0.          1.        ]]","[[ 0.94017722  0.11208699 -0.32171928 -0.01092059]
 [ 0.09693524  0.81728543  0.5680212   0.07200716]
 [ 0.32660427 -0.56522653  0.75752797 -0.3776045 ]
 [ 0.          0.          0.          1.        ]]"
single_object,97,74,37,48,30,0.2819691357141835,0.3740828673178964,0.002722630222657682,0.002057702006126627,"[[-0.94199693  0.18506551  0.27998667 -0.03654814]
 [-0.00446991  0.82724158 -0.56182861 -0.08681098]
 [-0.33559172 -0.53049234 -0.77843181 -0.46577336]
 [ 0.          0.          0.          1.        ]]","[[-0.60328033  0.05638808 -0.7955333  -0.0385272 ]
 [ 0.58549886  0.70861188 -0.39377695 -0.09225706]
 [ 0.54152002 -0.70334173 -0.46050676 -0.47564541]
 [ 0.          0.          0.          1.        ]]"
single_object,97,74,28,22,10,0.9238133226964499,0.9819362926662488,0.0022266798719347745,0.0017445907517845934,"[[-0.57514846 -0.18507884  0.79683754 -0.01263467]
 [-0.54573398  0.81244512 -0.20520075  0.06617793]
 [-0.60940846 -0.55288222 -0.56828037 -0.38054164]
 [ 0.          0.          0.          1.        ]]","[[-0.72589842  0.05016129  0.68597036 -0.01541824]
 [-0.38939503  0.79213972 -0.4699853   0.06920292]
 [-0.56695943 -0.60827503 -0.55548041 -0.38087933]
 [ 0.          0.          0.          1.        ]]"
single_object,97,75,37,174,30,0.27427451765614497,0.3553182968863971,0.002658195530069246,0.00224629864054405,"[[-0.87693219 -0.2698958  -0.39767599 -0.05839047]
 [-0.03885972  0.86454096 -0.50105774 -0.09067656]
 [ 0.47904056 -0.42394008 -0.76863187 -0.46175687]
 [ 0.          0.          0.          1.        ]]","[[-0.74889314 -0.03859741 -0.6615658  -0.04278727]
 [ 0.39115738  0.78009972 -0.48830352 -0.08639504]
 [ 0.53493455 -0.6244635  -0.56911366 -0.47740708]
 [ 0.          0.          0.          1.        ]]"
single_object,97,75,28,8,30,0.6090945353011568,0.8907630064391133,0.002792660164262444,0.0025522078222908343,"[[ 0.78553927 -0.30997463 -0.535578   -0.01209392]
 [ 0.60699863  0.55428619  0.56949055  0.07077785]
 [ 0.12033587 -0.7724523   0.62356774 -0.36721834]
 [ 0.          0.          0.          1.        ]]","[[ 0.93003165  0.0848239  -0.35755565 -0.0096477 ]
 [ 0.11650206  0.85474482  0.50580487  0.07147869]
 [ 0.34852318 -0.51207051  0.78505757 -0.36952228]
 [ 0.          0.          0.          1.        ]]"
single_object,97,76,28,25,9,0.9508803920451308,0.9581742549433017,0.002047630400254887,0.00182445775666901,"[[-0.52701954 -0.05385907  0.8481448  -0.00509375]
 [-0.57784495  0.75450791 -0.31114792  0.06798415]
 [-0.62317383 -0.65407722 -0.42876261 -0.37031745]
 [ 0.          0.          0.          1.        ]]","[[-0.607673   -0.02582162  0.79376746 -0.00491017]
 [-0.47859691  0.80950914 -0.34005876  0.07013234]
 [-0.63378114 -0.58653917 -0.50427499 -0.37263088]
 [ 0.          0.          0.          1.        ]]"
single_object,97,77,37,111,30,0.25530971552796805,0.4118837511978146,0.002738211402915441,0.0021329505082720098,"[[-0.93077162  0.31423963 -0.18686266 -0.06007948]
 [ 0.35274889  0.6375611  -0.68489712 -0.07566223]
 [-0.09608546 -0.7033984  -0.70427145 -0.46420865]
 [ 0.          0.          0.          1.        ]]","[[-0.32886749  0.07439383 -0.94144131 -0.06196444]
 [ 0.73762778  0.6427328  -0.20688113 -0.08759513]
 [ 0.58970453 -0.76246974 -0.26624888 -0.46489176]
 [ 0.          0.          0.          1.        ]]"
single_object,97,77,28,23,22,0.6267593595076643,0.8939540714570631,0.0025100153668879324,0.0025048798923702816,"[[-0.36719458 -0.13054298 -0.92093793 -0.01236157]
 [ 0.64793603  0.67446211 -0.35394881  0.07780489]
 [ 0.66734327 -0.72667695 -0.16307533 -0.37230038]
 [ 0.          0.          0.          1.        ]]","[[ 0.36060349  0.03897484 -0.93190455 -0.01025305]
 [ 0.51673951  0.82343217  0.23439225  0.07421375]
 [ 0.77649559 -0.56607457  0.27679268 -0.36757322]
 [ 0.          0.          0.          1.        ]]"
single_object,97,78,37,98,21,0.30857849797622966,0.39095953889500706,0.002661157035010078,0.002014623018725618,"[[-0.26711193  0.18634946 -0.94547612 -0.06260391]
 [ 0.88610642  0.43312803 -0.1649713  -0.09684692]
 [ 0.37876989 -0.88185826 -0.28081912 -0.46237677]
 [ 0.          0.          0.          1.        ]]","[[-0.32579969  0.0949008  -0.94066381 -0.0611303 ]
 [ 0.7668532   0.60846768 -0.20421373 -0.09170446]
 [ 0.55298348 -0.78788382 -0.27101357 -0.46210952]
 [ 0.          0.          0.          1.        ]]"
single_object,97,79,37,150,30,0.377329481256883,0.3297673021639326,0.0027244394562761687,0.002489437280663918,"[[-0.94073001 -0.08076758 -0.32939891 -0.07063358]
 [ 0.17468198  0.71711546 -0.67470854 -0.09363912]
 [ 0.29071163 -0.69225863 -0.6605034  -0.45079947]
 [ 0.          0.          0.          1.        ]]","[[-0.93882188 -0.30570716 -0.15860834 -0.07912605]
 [-0.13655726  0.75320522 -0.64345474 -0.09540907]
 [ 0.31617336 -0.58243027 -0.74887208 -0.44337668]
 [ 0.          0.          0.          1.        ]]"
single_object,97,79,28,13,12,0.6307481907801015,0.981765342754573,0.0024532824859239337,0.001701885426451188,"[[ 0.23841177  0.01606857  0.97103122 -0.00696223]
 [-0.76137491  0.62379155  0.17661358  0.0727829 ]
 [-0.60288314 -0.78142556  0.16095345 -0.38782307]
 [ 0.          0.          0.          1.        ]]","[[-0.8401818   0.02931814  0.54151177 -0.00507592]
 [-0.34999022  0.7334342  -0.58273589  0.07111876]
 [-0.41424798 -0.67912791 -0.605957   -0.38462776]
 [ 0.          0.          0.          1.        ]]"
single_object,97,80,28,9,18,0.5171234828195339,0.9099093965468118,0.00278595473247737,0.0024283636189539955,"[[ 0.87565353  0.18380287 -0.44659535 -0.00937983]
 [ 0.30841299  0.49878458  0.80999714  0.08049769]
 [ 0.37163467 -0.84701266  0.38007529 -0.38680252]
 [ 0.          0.          0.          1.        ]]","[[ 0.62464548 -0.01542756 -0.78075605 -0.00734872]
 [ 0.51961711  0.75455194  0.40081096  0.0783799 ]
 [ 0.58293746 -0.65605896  0.47934388 -0.38117024]
 [ 0.          0.          0.          1.        ]]"
single_object,97,81,37,221,23,0.39754573148929473,0.3984610763883923,0.0025323896171591206,0.0018687074352522345,"[[-0.58412975  0.02659298 -0.81122454 -0.0601256 ]
 [ 0.6811341   0.55961282 -0.47211209 -0.09985069]
 [ 0.44141679 -0.82832741 -0.34499988 -0.44780409]
 [ 0.          0.          0.          1.        ]]","[[-0.40913488  0.09111593 -0.90791329 -0.05918614]
 [ 0.82066714  0.47171252 -0.32247906 -0.10095112]
 [ 0.39889108 -0.87703203 -0.2677699  -0.45392323]
 [ 0.          0.          0.          1.        ]]"
single_object,97,81,28,7,18,0.7982791042224628,0.8088210154424753,0.0027928907019219157,0.0023484018213666235,"[[ 0.09534134  0.21415854  0.97213484 -0.00659304]
 [ 0.76907719 -0.63587732  0.06465534  0.07825455]
 [ 0.63200499  0.74148241 -0.22532985 -0.38645863]
 [ 0.          0.          0.          1.        ]]","[[-0.73390128 -0.07038851  0.67559926 -0.00907245]
 [ 0.4945586  -0.7371647   0.46043458  0.07857065]
 [ 0.46561862  0.67203695  0.57581736 -0.38586142]
 [ 0.          0.          0.          1.        ]]"
single_object,97,82,37,227,24,0.42836711051359433,0.4290250146598206,0.002603254120453113,0.0018377125268477978,"[[-0.8181096   0.02498337 -0.57451938 -0.06448529]
 [ 0.50731801  0.5017922  -0.70059476 -0.10362191]
 [ 0.27078613 -0.86462733 -0.42319553 -0.45000398]
 [ 0.          0.          0.          1.        ]]","[[-0.47368308  0.06493156 -0.87829848 -0.05944689]
 [ 0.79617135  0.45788621 -0.39553937 -0.10245519]
 [ 0.37647778 -0.8866364  -0.2685896  -0.45035093]
 [ 0.          0.          0.          1.        ]]"
single_object,97,82,28,9,17,0.676505783805345,0.9274602541455353,0.002727915342819977,0.0018828861468668263,"[[-0.91671721  0.29006454  0.27475831 -0.0142277 ]
 [-0.1644019   0.35291848 -0.92109748  0.06790166]
 [-0.364145   -0.8895567  -0.27583928 -0.39391261]
 [ 0.          0.          0.          1.        ]]","[[-0.88986353  0.02856815  0.45533149 -0.00634836]
 [-0.33319204  0.64106875 -0.69138551  0.07297695]
 [-0.31165039 -0.76695157 -0.56094502 -0.39834957]
 [ 0.          0.          0.          1.        ]]"
single_object,97,83,28,8,30,0.566243090774403,0.3373411590404012,0.002439657725922581,0.0023342820740338455,"[[ 0.77694998  0.50004497 -0.38249674  0.00218073]
 [ 0.10669397  0.49418745  0.86278338  0.08078922]
 [ 0.62045558 -0.71114963  0.33060714 -0.40001603]
 [ 0.          0.          0.          1.        ]]","[[ 0.83900664  0.32327944  0.4376737   0.00822757]
 [-0.41607585  0.89952305  0.13318846  0.08688971]
 [-0.35064049 -0.29385146  0.88921458 -0.41047459]
 [ 0.          0.          0.          1.        ]]"
single_object,97,83,37,168,20,0.4442855303994622,0.4636436447889701,0.002238018490846415,0.0020479873467781164,"[[-0.45597565  0.08552284 -0.88587361 -0.05634985]
 [ 0.81959933  0.42833145 -0.38051163 -0.10621894]
 [ 0.34690509 -0.89956546 -0.26540318 -0.44669347]
 [ 0.          0.          0.          1.        ]]","[[-0.48485943  0.03552896 -0.87387014 -0.05864694]
 [ 0.79146279  0.44298956 -0.42112577 -0.10491319]
 [ 0.37215319 -0.8958225  -0.24290752 -0.4475912 ]
 [ 0.          0.          0.          1.        ]]"
single_object,97,84,28,15,23,0.7744030998917317,0.8919026725169525,0.0026006565353153656,0.0025192692352614694,"[[ 0.77686246  0.01151943 -0.62956495 -0.01158646]
 [ 0.49719279  0.60228671  0.62453987  0.0797164 ]
 [ 0.38637294 -0.79819673  0.46216655 -0.40059552]
 [ 0.          0.          0.          1.        ]]","[[ 0.43364621 -0.12724495 -0.89205364 -0.01250217]
 [ 0.71067718  0.65692461  0.25176976  0.07868144]
 [ 0.55397555 -0.74314116  0.37530295 -0.39985674]
 [ 0.          0.          0.          1.        ]]"
single_object,97,84,37,258,28,0.5071296786281269,0.4992205266093623,0.0019310832864669859,0.001886591540844159,"[[-0.52876441  0.01403155 -0.84865265 -0.05900789]
 [ 0.77427646  0.41758549 -0.47551901 -0.10507027]
 [ 0.34771276 -0.90852929 -0.23166864 -0.44323667]
 [ 0.          0.          0.          1.        ]]","[[-0.43407287  0.07514688 -0.8977381  -0.05609626]
 [ 0.86031698  0.33022592 -0.38833688 -0.1101953 ]
 [ 0.26727409 -0.94090583 -0.20799225 -0.44519862]
 [ 0.          0.          0.          1.        ]]"
single_object,97,85,37,204,30,0.4699008853101446,0.547690899469386,0.0029590494225877565,0.0017517241731398034,"[[-0.66061365  0.02176406 -0.75041051 -0.05606396]
 [ 0.67033344  0.46713972 -0.57657051 -0.10849166]
 [ 0.33799804 -0.88391561 -0.32318805 -0.43216921]
 [ 0.          0.          0.          1.        ]]","[[-0.47318646  0.05282403 -0.87937716 -0.05565824]
 [ 0.83986119  0.32838844 -0.43219697 -0.11130262]
 [ 0.26594691 -0.9430645  -0.19975381 -0.43908794]
 [ 0.          0.          0.          1.        ]]"
single_object,97,85,28,11,30,0.7847740612000684,0.6564476608353752,0.0028770013648641733,0.00276436281668277,"[[-0.85934188  0.2946609  -0.41797905 -0.01882985]
 [-0.5108797  -0.53154603  0.67561879  0.07292142]
 [-0.02309666  0.79412453  0.60731604 -0.40595594]
 [ 0.          0.          0.          1.        ]]","[[-0.89638556  0.38105194 -0.22647815 -0.02011597]
 [-0.38157131 -0.40326729  0.83173243  0.0702617 ]
 [ 0.22560202  0.8319705   0.50688146 -0.40576641]
 [ 0.          0.          0.          1.        ]]"
single_object,97,86,37,135,30,0.4411676368369113,0.5294555128076774,0.002683825447928507,0.0019011079919515786,"[[-0.29807791  0.18301746 -0.93683198 -0.05040792]
 [ 0.92629238  0.29246106 -0.2375899  -0.12545067]
 [ 0.23050378 -0.93860063 -0.25670386 -0.42694902]
 [ 0.          0.          0.          1.        ]]","[[-0.33271858  0.12786328 -0.93431757 -0.05035983]
 [ 0.93465556  0.17642769 -0.30869445 -0.11881427]
 [ 0.12536881 -0.97597349 -0.17820889 -0.43847722]
 [ 0.          0.          0.          1.        ]]"
single_object,97,86,28,11,30,0.6071571029688302,0.9160635933671434,0.0029157095775580477,0.002076680260680837,"[[-0.36822542  0.30397329  0.87864116 -0.00535494]
 [-0.91681184  0.03831384 -0.39747718  0.06248284]
 [-0.15448656 -0.95190981  0.26457818 -0.41588344]
 [ 0.          0.          0.          1.        ]]","[[-0.91879302  0.12363986  0.37487675 -0.01012659]
 [-0.26004467  0.52489849 -0.81046798  0.0692898 ]
 [-0.29697838 -0.84213702 -0.45012119 -0.41610958]
 [ 0.          0.          0.          1.        ]]"
single_object,97,87,28,21,12,0.7857427773662317,0.8535529089976637,0.0024932604183106805,0.0017944383119461163,"[[-0.77894308  0.11729809  0.61602665 -0.01289997]
 [-0.54955959  0.34547205 -0.76067951  0.06514141]
 [-0.30204624 -0.9310694  -0.20464077 -0.42047486]
 [ 0.          0.          0.          1.        ]]","[[-0.85758762  0.09037259  0.50633613 -0.01129881]
 [-0.41691734  0.4543601  -0.78723366  0.07029995]
 [-0.30120327 -0.88622215 -0.3519757  -0.42226758]
 [ 0.          0.          0.          1.        ]]"
single_object,97,87,37,145,30,0.4813569988129121,0.615462177662724,0.0022094518680993817,0.001786758891658545,"[[-0.37021459  0.01713278 -0.92878826 -0.05040691]
 [ 0.85339437  0.40123303 -0.33276133 -0.12504002]
 [ 0.3669594  -0.91581577 -0.16316334 -0.41919084]
 [ 0.          0.          0.          1.        ]]","[[-0.55108581  0.05658101 -0.83252809 -0.05194547]
 [ 0.81316046  0.26033524 -0.52057241 -0.11403491]
 [ 0.18728188 -0.96385899 -0.1894765  -0.43319075]
 [ 0.          0.          0.          1.        ]]"
single_object,97,88,37,134,30,0.4836167565325591,0.559275733348589,0.002306727284677577,0.0018651677418667137,"[[-0.28217696  0.16608958 -0.94487587 -0.04926039]
 [ 0.95745602  0.1108133  -0.26645521 -0.12739533]
 [ 0.06044938 -0.97986461 -0.19029243 -0.4158789 ]
 [ 0.          0.          0.          1.        ]]","[[-0.37263748  0.11953299 -0.92024626 -0.04342921]
 [ 0.9253345   0.12264736 -0.35876691 -0.12423075]
 [ 0.06998129 -0.9852256  -0.156311   -0.43355707]
 [ 0.          0.          0.          1.        ]]"
single_object,97,88,28,8,16,0.8651775029916234,0.8858624423044048,0.0025363872955317703,0.002011304664754654,"[[-0.69842271  0.0662648   0.71261118 -0.01029803]
 [-0.62509449  0.42839366 -0.65248429  0.07008926]
 [-0.34851485 -0.90115917 -0.2577781  -0.42661241]
 [ 0.          0.          0.          1.        ]]","[[-0.86795801  0.12680505  0.4801764  -0.01277663]
 [-0.40190871  0.38863741 -0.8291142   0.06896333]
 [-0.29175038 -0.91262339 -0.2863569  -0.42647103]
 [ 0.          0.          0.          1.        ]]"
single_object,97,89,37,235,28,0.6440595546274975,0.5903116463336147,0.002260344061083274,0.001979635769442989,"[[-0.56653796  0.0410482  -0.82301263 -0.04278117]
 [ 0.81078779  0.20613794 -0.5478415  -0.1187474 ]
 [ 0.14716622 -0.97766159 -0.15006635 -0.42564997]
 [ 0.          0.          0.          1.        ]]","[[-0.43147346  0.11321863 -0.89499284 -0.03831849]
 [ 0.90115353  0.10013636 -0.42177603 -0.12592244]
 [ 0.04186842 -0.98851113 -0.14523356 -0.43036199]
 [ 0.          0.          0.          1.        ]]"
single_object,97,89,28,15,27,0.4925636788420993,0.6237392444013904,0.002933664852979094,0.0020978640759906266,"[[-0.74988839 -0.38136645 -0.54058027 -0.00788459]
 [-0.65542818  0.31723817  0.6854005   0.07037593]
 [-0.08989606  0.86828542 -0.48785154 -0.45086498]
 [ 0.          0.          0.          1.        ]]","[[-0.08034588 -0.5230912  -0.84848108 -0.0084642 ]
 [-0.75739881 -0.52134098  0.39312927  0.07786673]
 [-0.64799041  0.67422488 -0.35430105 -0.44895133]
 [ 0.          0.          0.          1.        ]]"
single_object,97,90,28,10,30,0.7603852071343097,0.6440253005869281,0.0024158001965004505,0.0023729509661150863,"[[-0.54195005 -0.39092217 -0.74395564 -0.02043958]
 [-0.82083989  0.05629427  0.56837736  0.06329837]
 [-0.18031087  0.91870061 -0.3513932  -0.43623427]
 [ 0.          0.          0.          1.        ]]","[[-0.75535892 -0.35077028  0.55352788 -0.01933847]
 [ 0.48657968  0.26557265  0.83229285  0.06216963]
 [-0.43894546  0.89801524 -0.02992498 -0.43697949]
 [ 0.          0.          0.          1.        ]]"
single_object,97,90,37,124,19,0.6094909824225175,0.6247729515582316,0.002252740940016618,0.0017999391559293516,"[[-0.79148494 -0.10603351 -0.60192067 -0.03814617]
 [ 0.5757742   0.20101148 -0.79251401 -0.11741535]
 [ 0.205026   -0.97383329 -0.0980462  -0.43453735]
 [ 0.          0.          0.          1.        ]]","[[-0.75357849 -0.02194272 -0.65699161 -0.03719688]
 [ 0.6396648   0.20584279 -0.74057929 -0.11836577]
 [ 0.15148731 -0.97833903 -0.14108271 -0.43637633]
 [ 0.          0.          0.          1.        ]]"
single_object,97,91,28,14,30,0.7473930138469429,0.7989629038691664,0.00295312594435557,0.0026168529165129925,"[[ 0.91880759 -0.23480512 -0.3172683  -0.00111023]
 [-0.39313203 -0.6161138  -0.68253278  0.06877743]
 [-0.03521118  0.75184463 -0.65839945 -0.4366112 ]
 [ 0.          0.          0.          1.        ]]","[[ 0.420573   -0.03200773 -0.90669392 -0.00511689]
 [-0.73369655 -0.59985968 -0.31915159  0.07000393]
 [-0.5336738   0.79946474 -0.27576875 -0.43512519]
 [ 0.          0.          0.          1.        ]]"
single_object,97,91,37,84,30,0.3840801498877272,0.6704472317967934,0.0029580830482281036,0.0017348584215583587,"[[-0.99363919 -0.11082414 -0.01997919 -0.0773217 ]
 [-0.01287234  0.28803473 -0.95753344 -0.1043633 ]
 [ 0.11187252 -0.95118558 -0.28762916 -0.41803161]
 [ 0.          0.          0.          1.        ]]","[[-5.43116583e-01  9.68529194e-04 -8.39656739e-01 -6.89299999e-02]
 [ 8.22970148e-01  1.98988680e-01 -5.32093638e-01 -1.07303644e-01]
 [ 1.66566838e-01 -9.80001310e-01 -1.08871123e-01 -4.16754757e-01]
 [ 0.00000000e+00  0.00000000e+00  0.00000000e+00  1.00000000e+00]]"
single_object,97,92,28,6,17,0.6218018120690638,0.949170892928372,0.002696375034903485,0.001934414326019765,"[[-0.28505739  0.21101963  0.93499358 -0.00303473]
 [-0.95744001 -0.01659831 -0.28815468  0.06454528]
 [-0.04528698 -0.97734089  0.20677011 -0.41619703]
 [ 0.          0.          0.          1.        ]]","[[-0.98756622  0.15098073  0.04379242 -0.00210441]
 [ 0.0214445   0.40535091 -0.91390961  0.06821659]
 [-0.15573404 -0.90160715 -0.40354857 -0.42940605]
 [ 0.          0.          0.          1.        ]]"
single_object,97,92,37,131,30,0.46781275475907835,0.6450607131108854,0.002403044608245438,0.0017713703511721677,"[[-0.81386066 -0.19295101 -0.54808825 -0.08414971]
 [ 0.45527749  0.37434292 -0.80783029 -0.09309099]
 [ 0.36104463 -0.90699354 -0.21681673 -0.41249505]
 [ 0.          0.          0.          1.        ]]","[[-0.479827    0.0087269  -0.87731972 -0.07397526]
 [ 0.85712232  0.218212   -0.46660996 -0.10358555]
 [ 0.18736963 -0.97586237 -0.11218403 -0.41937296]
 [ 0.          0.          0.          1.        ]]"
single_object,97,93,37,136,30,0.547583632489023,0.5556787139404168,0.0027270400904891956,0.0021265511207767276,"[[ 0.66949551 -0.07474049 -0.73904643 -0.07778258]
 [-0.72041111 -0.30784566 -0.6214812  -0.09745656]
 [-0.18106243  0.94849613 -0.25994517 -0.41936553]
 [ 0.          0.          0.          1.        ]]","[[ 0.29401314 -0.09879868 -0.95068138 -0.07418777]
 [-0.90936571 -0.33517073 -0.24640331 -0.1091861 ]
 [-0.29429625  0.93696286 -0.18838873 -0.42179581]
 [ 0.          0.          0.          1.        ]]"
single_object,97,93,28,10,17,0.8589663228673998,0.8596501225141033,0.002569382356419156,0.002083794657883637,"[[ 8.01378618e-01  1.47967236e-01 -5.79567086e-01 -3.59132859e-04]
 [-3.86393072e-01 -6.11579669e-01 -6.90413429e-01  7.40711382e-02]
 [-4.56610013e-01  7.77223266e-01 -4.32933355e-01 -4.25557297e-01]
 [ 0.00000000e+00  0.00000000e+00  0.00000000e+00  1.00000000e+00]]","[[ 3.44919065e-01 -1.62920265e-01 -9.24385107e-01 -1.30923062e-04]
 [-7.37536900e-01 -6.56188732e-01 -1.59548325e-01  7.03883935e-02]
 [-5.80577436e-01  7.36799386e-01 -3.46491711e-01 -4.23680696e-01]
 [ 0.00000000e+00  0.00000000e+00  0.00000000e+00  1.00000000e+00]]"
single_object,97,94,37,134,30,0.3870049628856248,0.5198372402351292,0.0028780722931850407,0.0019457591287925786,"[[-0.80845994  0.10294274 -0.57947848 -0.08603508]
 [ 0.55279582  0.47076287 -0.68760389 -0.09392716]
 [ 0.20201312 -0.87623348 -0.43749924 -0.42331296]
 [ 0.          0.          0.          1.        ]]","[[-0.33648632  0.04582089 -0.94057291 -0.07776724]
 [ 0.92354559  0.21117498 -0.32010727 -0.10231471]
 [ 0.18395787 -0.97637368 -0.11337518 -0.42440909]
 [ 0.          0.          0.          1.        ]]"
single_object,97,94,28,13,18,0.7338309875206565,0.8326970197732064,0.0030485159756173837,0.0018274043085046762,"[[-1.82769052e-01  3.72063112e-01 -9.10035447e-01  7.61740853e-04]
 [ 9.68909764e-01  2.25167784e-01 -1.02534569e-01  7.58248366e-02]
 [ 1.66761334e-01 -9.00482376e-01 -4.01649285e-01 -4.19056796e-01]
 [ 0.00000000e+00  0.00000000e+00  0.00000000e+00  1.00000000e+00]]","[[-0.91624957  0.06150692  0.39585809  0.00211288]
 [-0.33747244  0.41395748 -0.84542981  0.0713746 ]
 [-0.2158682  -0.90821589 -0.35853147 -0.42077374]
 [ 0.          0.          0.          1.        ]]"
single_object,97,95,37,128,30,0.4674623492898926,0.487485518957651,0.002494691129444449,0.00188047776264786,"[[-0.24704207  0.04781052 -0.96782456 -0.08291488]
 [ 0.91131781  0.35093209 -0.2152824  -0.09358396]
 [ 0.32934793 -0.93517957 -0.13026557 -0.42705444]
 [ 0.          0.          0.          1.        ]]","[[-0.14184517  0.072242   -0.98724923 -0.07833731]
 [ 0.97875378  0.15940623 -0.12896001 -0.10562206]
 [ 0.14805735 -0.98456627 -0.09331813 -0.42644818]
 [ 0.          0.          0.          1.        ]]"
single_object,97,95,28,15,30,0.6564476608353752,0.6223716451079834,0.0028066679684335166,0.0024881761435602556,"[[ 0.433067   -0.87631377 -0.21101457  0.00602556]
 [-0.90129718 -0.41820051 -0.11301207  0.07897388]
 [ 0.01078763  0.23912864 -0.97092797 -0.42471398]
 [ 0.          0.          0.          1.        ]]","[[ 0.36224005 -0.93168967  0.02713863  0.01107737]
 [-0.92660159 -0.36310994 -0.09777864  0.07972776]
 [ 0.10095366  0.01027264 -0.99483809 -0.42550988]
 [ 0.          0.          0.          1.        ]]"
single_object,97,96,28,10,30,0.7359963530685509,0.6219157786768477,0.0023167439942187226,0.0024525620723239777,"[[ 0.15663007 -0.04220257  0.98675527  0.00489439]
 [-0.89893967  0.40775699  0.16013026  0.07428592]
 [-0.40911427 -0.91211468  0.02592945 -0.41118935]
 [ 0.          0.          0.          1.        ]]","[[ 3.29662391e-01  1.78729552e-01  9.27026674e-01 -8.94456642e-05]
 [-8.24590553e-01  5.32678921e-01  1.90535001e-01  7.26413031e-02]
 [-4.59753333e-01 -8.27229663e-01  3.22982907e-01 -4.11808524e-01]
 [ 0.00000000e+00  0.00000000e+00  0.00000000e+00  1.00000000e+00]]"
single_object,97,96,37,128,30,0.5321371873167522,0.4660464251491011,0.00276737778796642,0.0018552960180071674,"[[-0.69131384 -0.02182059 -0.72222506 -0.08626222]
 [ 0.64342009  0.43622512 -0.62906139 -0.08934845]
 [ 0.32877921 -0.89957296 -0.28752865 -0.42355366]
 [ 0.          0.          0.          1.        ]]","[[-0.29327485  0.02648917 -0.95566112 -0.08121863]
 [ 0.90919865  0.31674905 -0.27023667 -0.09754669]
 [ 0.29554641 -0.94813942 -0.11697845 -0.42959678]
 [ 0.          0.          0.          1.        ]]"
single_object,97,97,28,17,30,0.790814291412616,0.6225425950196593,0.002512580913120853,0.0027168244910266326,"[[-0.18110814  0.0770894  -0.98043718 -0.00227217]
 [ 0.77856398  0.6203265  -0.09504298  0.07679597]
 [ 0.60086436 -0.78054613 -0.17236521 -0.39880776]
 [ 0.          0.          0.          1.        ]]","[[ 0.09979617  0.6534236  -0.75038545 -0.00918648]
 [ 0.2853919   0.70366602  0.65069625  0.07507109]
 [ 0.95320102 -0.27909092 -0.11625863 -0.40005035]
 [ 0.          0.          0.          1.        ]]"
single_object,97,97,37,127,30,0.41611722135614065,0.44021653627769275,0.002534869359742307,0.0019586720911913295,"[[-0.43818692 -0.03710993 -0.89811752 -0.08158906]
 [ 0.78476901  0.47142435 -0.40236387 -0.09534934]
 [ 0.43832616 -0.88112538 -0.17744926 -0.42429548]
 [ 0.          0.          0.          1.        ]]","[[-0.21177727  0.04618761 -0.97622594 -0.08154638]
 [ 0.93521347  0.29961009 -0.18870496 -0.09768251]
 [ 0.28377131 -0.95294307 -0.10664588 -0.4322102 ]
 [ 0.          0.          0.          1.        ]]"
single_object,97,98,28,12,12,0.7659695709157217,0.9002222348851786,0.002488654476972395,0.0018751151336281664,"[[-0.00780281 -0.32963456  0.94407636  0.00447884]
 [-0.82976949  0.52900986  0.1778515   0.07482066]
 [-0.5580517  -0.78197802 -0.27764846 -0.40204811]
 [ 0.          0.          0.          1.        ]]","[[-0.74200306  0.00136468  0.6703951   0.00484623]
 [-0.54544731  0.58016832 -0.60489003  0.07356193]
 [-0.38976748 -0.81449546 -0.42974231 -0.40113681]
 [ 0.          0.          0.          1.        ]]"
single_object,97,98,37,249,30,0.36146827042720864,0.32682818690198656,0.0024344551204474344,0.0022092456158497253,"[[-0.65026734  0.1456318  -0.74561636 -0.0791029 ]
 [ 0.74918585  0.28568919 -0.59758032 -0.09787006]
 [ 0.12598784 -0.9471922  -0.29487964 -0.43364891]
 [ 0.          0.          0.          1.        ]]","[[ 0.19715134  0.07397189 -0.97757839 -0.08175244]
 [ 0.9752819   0.08669173  0.20324803 -0.10971585]
 [ 0.0997826  -0.99348513 -0.05505206 -0.43767254]
 [ 0.          0.          0.          1.        ]]"
single_object,97,99,28,17,28,0.6919482591600661,0.9012479343552339,0.0030299534321044305,0.0024963296798697627,"[[ 0.71246466 -0.22382464 -0.66505386  0.00709827]
 [ 0.65434634  0.55420849  0.51447431  0.07225722]
 [ 0.25342647 -0.80172033  0.5413128  -0.38616334]
 [ 0.          0.          0.          1.        ]]","[[ 0.78260991  0.0052582  -0.62249023  0.00630774]
 [ 0.44017176  0.70242501  0.5593281   0.07908035]
 [ 0.44019376 -0.71173834  0.54741026 -0.38795247]
 [ 0.          0.          0.          1.        ]]"
single_object,97,99,37,122,30,0.2585849339950514,0.3954504498062043,0.0025628030171579853,0.0020766267634875902,"[[-0.99207546  0.00207323 -0.12562638 -0.0821037 ]
 [ 0.09449571  0.67127803 -0.73515738 -0.07482623]
 [ 0.08280608 -0.74120275 -0.66615437 -0.43493097]
 [ 0.          0.          0.          1.        ]]","[[-0.27587943  0.0205778  -0.96097195 -0.08404182]
 [ 0.82491623  0.51823004 -0.22572291 -0.08880479]
 [ 0.49335966 -0.85499367 -0.15994397 -0.43458551]
 [ 0.          0.          0.          1.        ]]"
single_object,97,100,37,169,30,0.28589510719546907,0.3422031207540154,0.002900574996002394,0.002643565629513504,"[[-0.79979003 -0.31809904 -0.5090667  -0.08963259]
 [ 0.07216893  0.79094339 -0.60761847 -0.08287657]
 [ 0.59592579 -0.52270599 -0.60963177 -0.42965523]
 [ 0.          0.          0.          1.        ]]","[[-0.85574542 -0.18965833 -0.48138289 -0.09640734]
 [ 0.1823227   0.76017628 -0.62361082 -0.08563788]
 [ 0.48420884 -0.62141913 -0.61593836 -0.42372729]
 [ 0.          0.          0.          1.        ]]"
single_object,97,100,28,8,27,0.5796911504929055,0.9140121944270329,0.002756058306939023,0.0024478314118007833,"[[ 0.85265923  0.22486996 -0.47159913  0.0038787 ]
 [ 0.29554869  0.53674349  0.79028944  0.08055655]
 [ 0.43084012 -0.81322809  0.39119927 -0.38986109]
 [ 0.          0.          0.          1.        ]]","[[ 0.71014648 -0.03004939 -0.7034124   0.00524216]
 [ 0.48252258  0.74832385  0.455174    0.07897802]
 [ 0.51270258 -0.66265258  0.54591906 -0.38401061]
 [ 0.          0.          0.          1.        ]]"
single_object,97,101,28,5,30,0.4987178756624309,0.5403726708074534,0.002736203903182976,0.002454773262693136,"[[ 0.88303631  0.46828875  0.03086287  0.00336959]
 [ 0.46919886 -0.87952973 -0.07924577  0.08635006]
 [-0.0099651   0.08445772 -0.99637723 -0.39796856]
 [ 0.          0.          0.          1.        ]]","[[ 0.11564831  0.97578923  0.18563632 -0.0085342 ]
 [-0.07213747  0.19464775 -0.97821697  0.0584135 ]
 [-0.99066728  0.0997378   0.09290165 -0.37931633]
 [ 0.          0.          0.          1.        ]]"
single_object,97,101,37,148,30,0.366895979633576,0.3730101975142665,0.0027532624175075327,0.0020376592334393983,"[[-0.58616453  0.04089672 -0.8091592  -0.09236931]
 [ 0.62505274  0.65826082 -0.41952565 -0.08516631]
 [ 0.51548057 -0.75167823 -0.41141175 -0.42674819]
 [ 0.          0.          0.          1.        ]]","[[-0.17293278  0.06847294 -0.98255061 -0.083267  ]
 [ 0.86364346  0.49013457 -0.11784768 -0.08587119]
 [ 0.47351264 -0.86895314 -0.14389654 -0.44384498]
 [ 0.          0.          0.          1.        ]]"
single_object,97,102,28,19,9,0.7983930708302467,0.9546412901020002,0.0024493702480286443,0.0018583493606786905,"[[-0.52799643 -0.19682234  0.82612393  0.00838404]
 [-0.73673076  0.59003115 -0.33028931  0.06693824]
 [-0.42243054 -0.78302248 -0.45653941 -0.3803836 ]
 [ 0.          0.          0.          1.        ]]","[[-0.66459194  0.02245507  0.74686902  0.00533638]
 [-0.49593354  0.73439012 -0.46338006  0.07233095]
 [-0.55889845 -0.67835605 -0.47693353 -0.38278317]
 [ 0.          0.          0.          1.        ]]"
single_object,97,102,37,87,30,0.3954576009382285,0.38987971795935294,0.0026620132275997138,0.0020645673760061136,"[[-0.70629818  0.06233707 -0.7051645  -0.08524765]
 [ 0.57157407  0.63792132 -0.51610026 -0.08040936]
 [ 0.41766729 -0.76757441 -0.48619292 -0.4387648 ]
 [ 0.          0.          0.          1.        ]]","[[-0.15920092  0.06954158 -0.98479391 -0.08412934]
 [ 0.84169928  0.53087114 -0.09858071 -0.08525447]
 [ 0.51594321 -0.84459446 -0.14304827 -0.44519925]
 [ 0.          0.          0.          1.        ]]"
single_object,97,103,28,18,30,0.6014017892757422,0.5949056926320588,0.002700906562382463,0.002672842381115855,"[[ 1.          0.          0.          0.0122971 ]
 [ 0.          1.          0.          0.06997385]
 [ 0.          0.          1.         -0.37307415]
 [ 0.          0.          0.          1.        ]]","[[ 0.4194455  -0.73697351  0.5300335   0.02358167]
 [ 0.85987011  0.13537314 -0.49223725  0.07481979]
 [ 0.29101352  0.66222666  0.69048315 -0.38167361]
 [ 0.          0.          0.          1.        ]]"
single_object,97,103,37,149,30,0.28324203721449104,0.3565411404625352,0.0027582380941440195,0.002340281779157797,"[[-0.97039698 -0.18373373 -0.15675336 -0.09059734]
 [-0.0098339   0.67856152 -0.73447775 -0.06831341]
 [ 0.24131513 -0.71119349 -0.66028087 -0.45063448]
 [ 0.          0.          0.          1.        ]]","[[-0.89898333 -0.18228548 -0.39824737 -0.09662224]
 [ 0.13692501  0.74673037 -0.6508804  -0.06434544]
 [ 0.41602945 -0.63966066 -0.64633872 -0.44591726]
 [ 0.          0.          0.          1.        ]]"
single_object,97,104,28,18,10,0.9653541512336885,0.9431876460197163,0.002148277729452905,0.0018472002749464493,"[[-0.63129694  0.19226903  0.75133001  0.00641185]
 [-0.35942571  0.78592481 -0.50312559  0.07132405]
 [-0.68722436 -0.58766897 -0.42704549 -0.37336069]
 [ 0.          0.          0.          1.        ]]","[[-6.62149357e-01  9.00941461e-04  7.49371348e-01  6.25180109e-03]
 [-4.61067459e-01  7.87824602e-01 -4.08349353e-01  7.17225508e-02]
 [-5.90741083e-01 -6.15899005e-01 -5.21242159e-01 -3.74023204e-01]
 [ 0.00000000e+00  0.00000000e+00  0.00000000e+00  1.00000000e+00]]"
single_object,97,104,37,110,30,0.3301034053690699,0.361875884952588,0.0025563923594523457,0.002188953858554426,"[[-0.70080228 -0.10897177 -0.7049832  -0.09648776]
 [ 0.33701295  0.82044623 -0.46183359 -0.07458328]
 [ 0.62872763 -0.5612425  -0.53824569 -0.42776029]
 [ 0.          0.          0.          1.        ]]","[[-0.06400357  0.05701882 -0.99631943 -0.08426934]
 [ 0.80245287  0.59646134 -0.01741442 -0.08245428]
 [ 0.59327307 -0.80061397 -0.08393057 -0.44911952]
 [ 0.          0.          0.          1.        ]]"
single_object,97,105,37,119,30,0.2677884409101961,0.34870349976401266,0.002838181270586842,0.002546291178593248,"[[ 0.82990912 -0.24210745 -0.50262793 -0.09905048]
 [-0.5076911  -0.70125998 -0.50048395 -0.06021028]
 [-0.23130196  0.67053592 -0.70489785 -0.43547313]
 [ 0.          0.          0.          1.        ]]","[[ 0.84238428 -0.21938382 -0.4921986  -0.09633765]
 [-0.47578049 -0.73165855 -0.48816871 -0.08072008]
 [-0.253025    0.64540414 -0.7207162  -0.43112428]
 [ 0.          0.          0.          1.        ]]"
single_object,97,105,28,15,11,0.908199897430053,0.9829619921363041,0.0020369011003006756,0.0016908762218798888,"[[-0.16249138 -0.05890113  0.98495036  0.00796141]
 [-0.64354301  0.76301207 -0.06053901  0.06914653]
 [-0.7479632  -0.64369499 -0.16188829 -0.36781641]
 [ 0.          0.          0.          1.        ]]","[[-0.7694719   0.00795767  0.63863109  0.00667836]
 [-0.37364341  0.80534437 -0.46022934  0.06975535]
 [-0.5179803  -0.59275385 -0.61671653 -0.36926507]
 [ 0.          0.          0.          1.        ]]"
single_object,97,106,28,9,30,0.518263148897373,0.6826599806256767,0.002764878568546463,0.0028106427457947007,"[[ 0.40316303  0.33416944  0.8519333   0.02340503]
 [-0.87666126  0.4081036   0.25478715  0.06684081]
 [-0.26253497 -0.84957768  0.45748569 -0.36984461]
 [ 0.          0.          0.          1.        ]]","[[ 0.40845296  0.62268779  0.6674025   0.02425847]
 [-0.87688102  0.47072207  0.09747007  0.06891414]
 [-0.25346766 -0.62504452  0.73829093 -0.36748768]
 [ 0.          0.          0.          1.        ]]"
single_object,97,107,37,125,30,0.37667157711065663,0.4308771578540883,0.0027494912408132038,0.0024597285853862052,"[[-0.46499082  0.08982054 -0.8807473  -0.10535998]
 [ 0.7808917   0.51033805 -0.36022663 -0.06482321]
 [ 0.41712311 -0.85527033 -0.30744263 -0.42704075]
 [ 0.          0.          0.          1.        ]]","[[-0.53267444 -0.03459988 -0.84561267 -0.10832282]
 [ 0.56400634  0.73043872 -0.38517026 -0.05900841]
 [ 0.63099508 -0.68210126 -0.36957148 -0.42703446]
 [ 0.          0.          0.          1.        ]]"
single_object,97,107,28,14,30,0.5835090318536669,0.6227135449313351,0.002716579534250361,0.0028286409546700694,"[[ 0.84111033 -0.15565072 -0.51798289  0.01709   ]
 [-0.41913173  0.41773147 -0.80611973  0.06856354]
 [ 0.34185087  0.89513869  0.2861201  -0.38800348]
 [ 0.          0.          0.          1.        ]]","[[ 0.96430476 -0.20530331 -0.16723303  0.02120731]
 [-0.12999243  0.18317977 -0.97444709  0.06428611]
 [ 0.23069092  0.961403    0.14995325 -0.38622548]
 [ 0.          0.          0.          1.        ]]"
single_object,97,108,37,176,30,0.43518213933265637,0.4305339035169267,0.002494551551672531,0.00237912783884613,"[[-0.55903143  0.03120804 -0.82855894 -0.10519055]
 [ 0.65724529  0.62588883 -0.41987116 -0.06250008]
 [ 0.50548243 -0.77928764 -0.37040286 -0.4269013 ]
 [ 0.          0.          0.          1.        ]]","[[-0.55607444 -0.04818103 -0.82973478 -0.10728871]
 [ 0.57573306  0.69767416 -0.42635925 -0.06021195]
 [ 0.59942694 -0.71479323 -0.36021935 -0.4267335 ]
 [ 0.          0.          0.          1.        ]]"
single_object,97,108,28,32,30,0.7818679127015784,0.9267194711949399,0.002800745078655577,0.0019178540434241621,"[[-0.85899518  0.40072936 -0.31865854  0.01221106]
 [ 0.50515756  0.56207545 -0.65489467  0.06766522]
 [-0.08332538 -0.72352414 -0.68525156 -0.372916  ]
 [ 0.          0.          0.          1.        ]]","[[-0.94965002  0.07454147  0.3043163   0.01823528]
 [-0.15449009  0.73359479 -0.66179416  0.07047951]
 [-0.27257596 -0.67548668 -0.68514238 -0.3785006 ]
 [ 0.          0.          0.          1.        ]]"
single_object,97,109,28,14,20,0.8016981024559804,0.8671149353239501,0.002387130234114482,0.0020024966654563687,"[[ 0.53764554 -0.06912956 -0.8403323   0.01325882]
 [-0.43890018 -0.87391095 -0.20891693  0.068102  ]
 [-0.71993327  0.48114525 -0.5001953  -0.3819955 ]
 [ 0.          0.          0.          1.        ]]","[[ 0.62062211 -0.08856674 -0.77909186  0.01522013]
 [-0.41318101 -0.88140072 -0.22894152  0.06976046]
 [-0.66641553  0.46399213 -0.58361087 -0.38130906]
 [ 0.          0.          0.          1.        ]]"
single_object,97,109,37,129,30,0.35044122484589313,0.3985111343125617,0.002831241280879319,0.0023996325460214577,"[[-0.77044911  0.08434478 -0.63189724 -0.11310926]
 [ 0.54919921  0.59113106 -0.59071507 -0.06007343]
 [ 0.32371035 -0.80215337 -0.50175849 -0.4219715 ]
 [ 0.          0.          0.          1.        ]]","[[-0.65431124 -0.07328528 -0.75266597 -0.10798999]
 [ 0.49790184  0.7073734  -0.5017137  -0.06299426]
 [ 0.56918412 -0.70303068 -0.42635349 -0.42153493]
 [ 0.          0.          0.          1.        ]]"
single_object,97,110,37,154,30,0.3844520087529856,0.4097884695147242,0.0026303092363122523,0.002427454932025713,"[[-0.74478871 -0.0789896  -0.6626088  -0.11169812]
 [ 0.45523611  0.66587511 -0.59107565 -0.06299087]
 [ 0.48790353 -0.74186993 -0.45997734 -0.41907845]
 [ 0.          0.          0.          1.        ]]","[[-0.61708643 -0.03514414 -0.78611019 -0.1063916 ]
 [ 0.58875109  0.64219662 -0.49087235 -0.06472668]
 [ 0.52208859 -0.76573389 -0.37559966 -0.42242781]
 [ 0.          0.          0.          1.        ]]"
single_object,97,110,28,11,19,0.7533192774517067,0.9112769958402188,0.00229886813666915,0.0019985867957584376,"[[-0.43393302  0.00818606  0.90090794  0.01632923]
 [-0.82349304  0.40202064 -0.40029815  0.06865409]
 [-0.36546045 -0.91559401 -0.16770887 -0.38327405]
 [ 0.          0.          0.          1.        ]]","[[-0.87718791  0.06570212  0.47563075  0.01842774]
 [-0.31052071  0.67792596 -0.66632821  0.07104396]
 [-0.36622161 -0.73218824 -0.57426658 -0.38653868]
 [ 0.          0.          0.          1.        ]]"
single_object,97,111,28,25,15,0.6534275457291013,0.953387657416377,0.002466821454576711,0.0018393144015665473,"[[ 0.02756709 -0.10083385  0.99452129  0.01652905]
 [-0.91257537  0.40351302  0.06620755  0.07116227]
 [-0.40797826 -0.90940078 -0.08089481 -0.39317944]
 [ 0.          0.          0.          1.        ]]","[[-0.63212098  0.05267734  0.77307708  0.01733627]
 [-0.56348138  0.65359318 -0.50527685  0.07204233]
 [-0.53189455 -0.75501063 -0.38346726 -0.39101863]
 [ 0.          0.          0.          1.        ]]"
single_object,97,112,37,236,30,0.30463822423089576,0.31843275790557646,0.002866787616461832,0.0023957349853121618,"[[ 0.36741338 -0.13034906 -0.92087813 -0.10091082]
 [-0.62702416 -0.76599538 -0.14174546 -0.03818427]
 [-0.68691201  0.62949202 -0.36316896 -0.43132239]
 [ 0.          0.          0.          1.        ]]","[[ 0.10645388  0.0875636  -0.99045454 -0.10672248]
 [-0.44722576 -0.88545198 -0.12634834 -0.03933128]
 [-0.88806345  0.45640705 -0.0550991  -0.43784294]
 [ 0.          0.          0.          1.        ]]"
single_object,97,112,28,13,25,0.716052196706365,0.8081372157957718,0.0025481213257396505,0.0025488477202755106,"[[ 0.49916074  0.02024355 -0.86627291  0.01200201]
 [ 0.71996247  0.54661545  0.42762787  0.08041447]
 [ 0.48217486 -0.83713903  0.25827438 -0.39210127]
 [ 0.          0.          0.          1.        ]]","[[ 0.09397248  0.03491827 -0.99496225  0.00847097]
 [ 0.74771687  0.65737466  0.09369119  0.07663595]
 [ 0.65733451 -0.75275445  0.03566615 -0.39010797]
 [ 0.          0.          0.          1.        ]]"
single_object,97,113,28,28,11,0.7018063707333752,0.9616502364807111,0.0029865524649781675,0.001697634623153671,"[[-0.5846821   0.40904145 -0.70059399  0.0128931 ]
 [ 0.80606583  0.39050043 -0.44471035  0.06721138]
 [ 0.09167729 -0.82473905 -0.55803295 -0.39884945]
 [ 0.          0.          0.          1.        ]]","[[-0.969768    0.08169471  0.22994783  0.01630052]
 [-0.14072364  0.5826195  -0.80046947  0.07072476]
 [-0.19936621 -0.80862877 -0.55350937 -0.40053493]
 [ 0.          0.          0.          1.        ]]"
single_object,97,114,37,163,30,0.39959810638024,0.4446788426607932,0.002649412141682667,0.0023618840467278146,"[[-0.62313676 -0.07017261 -0.77895853 -0.10472931]
 [ 0.66547106  0.47569749 -0.57520445 -0.06752522]
 [ 0.41091221 -0.8768054  -0.24972675 -0.42126821]
 [ 0.          0.          0.          1.        ]]","[[-0.5452639  -0.06729307 -0.83555905 -0.10661103]
 [ 0.72156377  0.46965134 -0.50869769 -0.07088834]
 [ 0.42665325 -0.88028363 -0.20752768 -0.41766617]
 [ 0.          0.          0.          1.        ]]"
single_object,97,114,28,16,17,0.6036241381275287,0.9563507892187589,0.002442109981138725,0.0018236008353385228,"[[-0.427083   -0.17956309  0.88620382  0.01839927]
 [-0.9018029   0.15608852 -0.40297383  0.07282576]
 [-0.06596702 -0.97128444 -0.22859327 -0.40510209]
 [ 0.          0.          0.          1.        ]]","[[-0.93319974  0.10209849  0.34454918  0.0159914 ]
 [-0.23740867  0.54460111 -0.80439216  0.07200909]
 [-0.26976909 -0.83245752 -0.48398255 -0.40668887]
 [ 0.          0.          0.          1.        ]]"
single_object,97,115,28,16,14,0.6806655649894581,0.8668870021083822,0.0022199923561582635,0.00183356928987875,"[[-0.92328725  0.13030026  0.36133433  0.01608881]
 [-0.2045999   0.6293158  -0.74973362  0.07694962]
 [-0.32508389 -0.76614846 -0.55437983 -0.41398705]
 [ 0.          0.          0.          1.        ]]","[[-0.84697341  0.13180625  0.51503704  0.01530193]
 [-0.391859    0.49992601 -0.7723474   0.07231742]
 [-0.35928063 -0.85597961 -0.37177457 -0.41132283]
 [ 0.          0.          0.          1.        ]]"
single_object,97,115,37,144,30,0.43666242366166563,0.39897595789413465,0.0027581317046233423,0.002274798256901116,"[[ 0.71802511 -0.15711838 -0.67805144 -0.10556482]
 [-0.69516634 -0.21004338 -0.68747766 -0.073807  ]
 [-0.03440484  0.96498476 -0.26003984 -0.41613153]
 [ 0.          0.          0.          1.        ]]","[[ 0.91312918 -0.03647509 -0.40603531 -0.11736696]
 [-0.37291303 -0.47715277 -0.79577704 -0.0635682 ]
 [-0.16471484  0.87806309 -0.44930415 -0.41100797]
 [ 0.          0.          0.          1.        ]]"
single_object,97,116,28,22,30,0.6715482363667445,0.810758447774802,0.0028871609282973294,0.001684991481736389,"[[-0.17906266  0.4061776   0.8960783   0.01594592]
 [-0.97667264  0.03633407 -0.21163741  0.06507405]
 [-0.11852055 -0.91307152  0.39019647 -0.40758776]
 [ 0.          0.          0.          1.        ]]","[[-0.9284581   0.12342565  0.35033081  0.01561903]
 [-0.25837048  0.46300354 -0.84786344  0.07082346]
 [-0.2668525  -0.87772081 -0.39798984 -0.41693856]
 [ 0.          0.          0.          1.        ]]"
single_object,97,116,37,89,30,0.3568128834794548,0.48841516612079694,0.002989826372436683,0.002090686251445538,"[[-0.36078697  0.18844601 -0.91341166 -0.10302271]
 [ 0.88570759  0.37602227 -0.272267   -0.07903034]
 [ 0.2921555  -0.90724603 -0.302572   -0.40989894]
 [ 0.          0.          0.          1.        ]]","[[-0.03085647  0.01338793 -0.99943416 -0.10230106]
 [ 0.97628927  0.21474606 -0.02726526 -0.0798251 ]
 [ 0.21425952 -0.97657815 -0.0196968  -0.41873093]
 [ 0.          0.          0.          1.        ]]"
single_object,97,117,37,95,30,0.49415752513622907,0.4284958308900299,0.0021923616834476035,0.002110984090972936,"[[-0.06778126  0.02387269 -0.99741456 -0.10143766]
 [ 0.99564717  0.06571951 -0.06608819 -0.08147691]
 [ 0.0639719  -0.99755253 -0.02822333 -0.42163313]
 [ 0.          0.          0.          1.        ]]","[[ 0.26200453  0.02592108 -0.96471847 -0.10224065]
 [ 0.96504344 -0.01396891  0.26171746 -0.09269934]
 [-0.00669207 -0.99956639 -0.02867489 -0.41586266]
 [ 0.          0.          0.          1.        ]]"
single_object,97,118,28,22,16,0.8520713430964727,0.8723573992820104,0.0026425558018246297,0.001919776284964548,"[[-0.89784912  0.29933472 -0.32290197  0.00991022]
 [ 0.43355308  0.47311207 -0.76693982  0.06630021]
 [-0.0768029  -0.82859139 -0.55456075 -0.41799189]
 [ 0.          0.          0.          1.        ]]","[[-0.98162585  0.13638746  0.13345091  0.01459491]
 [-0.06391252  0.42396813 -0.90341918  0.06921718]
 [-0.17979398 -0.89534881 -0.40746121 -0.42478836]
 [ 0.          0.          0.          1.        ]]"
single_object,97,118,37,54,30,0.5023527224359616,0.4910181781776055,0.0024247315600566983,0.002158324645501312,"[[ 0.15995844  0.02303465 -0.98685496 -0.09992284]
 [ 0.98220877  0.09592524  0.16144438 -0.08720277]
 [ 0.09838311 -0.99512198 -0.00728078 -0.41057415]
 [ 0.          0.          0.          1.        ]]","[[ 0.14645234  0.02752455 -0.98883472 -0.10048996]
 [ 0.9871353   0.06076079  0.14789194 -0.08881761]
 [ 0.06415304 -0.99777278 -0.0182719  -0.41575562]
 [ 0.          0.          0.          1.        ]]"
single_object,97,119,37,175,25,0.5291408629986126,0.5944306983795535,0.0024895529394829948,0.0019040232296941237,"[[-0.22004637  0.02951912 -0.97504267 -0.10224559]
 [ 0.9420272   0.26598297 -0.20454293 -0.07414024]
 [ 0.25330682 -0.96352565 -0.0863364  -0.41756597]
 [ 0.          0.          0.          1.        ]]","[[-0.12935764  0.00930668 -0.99155433 -0.09873321]
 [ 0.97519801  0.18230578 -0.12551269 -0.08276305]
 [ 0.17959798 -0.98319784 -0.0326585  -0.41407645]
 [ 0.          0.          0.          1.        ]]"
single_object,97,119,28,17,12,0.71183543221836,0.8442076471593823,0.0028187757943869945,0.0017068975920657308,"[[-0.85448807  0.35871765 -0.37572834  0.00928149]
 [ 0.39934075 -0.00897724 -0.91675862  0.07037978]
 [-0.3322305  -0.93340294 -0.13557964 -0.4202529 ]
 [ 0.          0.          0.          1.        ]]","[[-0.97823393  0.18204887  0.09958205  0.01348718]
 [-0.02436543  0.37580811 -0.92637713  0.06842356]
 [-0.20606966 -0.9086399  -0.36319255 -0.42995288]
 [ 0.          0.          0.          1.        ]]"
single_object,97,120,28,16,15,0.676505783805345,0.7671092369935609,0.0026564691783673745,0.0023211625173542973,"[[-0.4472136   0.4        -0.8         0.00862858]
 [ 0.89442719  0.2        -0.4         0.0702879 ]
 [ 0.         -0.89442719 -0.4472136  -0.43957771]
 [ 0.          0.          0.          1.        ]]","[[-0.7735005   0.37757982 -0.50904857  0.01014864]
 [ 0.59983193  0.17671999 -0.78036639  0.06860445]
 [-0.20469155 -0.90895738 -0.36317744 -0.43700053]
 [ 0.          0.          0.          1.        ]]"
single_object,97,120,37,73,30,0.2841430798495402,0.344377064889372,0.0026824481979711816,0.0026103499543056923,"[[ 0.96595007  0.07313689  0.24817624 -0.11362461]
 [ 0.245867   -0.55814801 -0.79247727 -0.08667829]
 [ 0.08055975  0.82651182 -0.55712506 -0.38543342]
 [ 0.          0.          0.          1.        ]]","[[ 0.99124283 -0.06784149 -0.11329249 -0.11360367]
 [-0.13146681 -0.42633431 -0.89496119 -0.0806795 ]
 [ 0.01241502  0.90201806 -0.43151973 -0.39116482]
 [ 0.          0.          0.          1.        ]]"
single_object,97,121,28,22,18,0.8431819476893271,0.714684597412958,0.0026578266738902442,0.0017958608399062147,"[[ 0.68147346 -0.05974082 -0.72940041  0.02786089]
 [ 0.7208604  -0.11722132  0.68309549  0.06515857]
 [-0.12630996 -0.99130732 -0.03681843 -0.42486929]
 [ 0.          0.          0.          1.        ]]","[[ 0.21388435  0.11486679 -0.97008201  0.02708895]
 [ 0.97485463  0.03848438  0.21949353  0.06367752]
 [ 0.06254553 -0.99263517 -0.10374721 -0.43629447]
 [ 0.          0.          0.          1.        ]]"
single_object,97,121,37,81,30,0.4342310387734378,0.49954232755045125,0.0028843516826267588,0.002205956161891729,"[[-0.00798771  0.1100749  -0.9938912  -0.12217722]
 [ 0.9847039   0.1738666   0.01134211 -0.03656227]
 [ 0.17405296 -0.97859794 -0.10977998 -0.400214  ]
 [ 0.          0.          0.          1.        ]]","[[ 0.23493576 -0.01909478 -0.97182333 -0.11998137]
 [ 0.96388194  0.13361033  0.23039072 -0.05420011]
 [ 0.12544638 -0.99084997  0.04979496 -0.40890597]
 [ 0.          0.          0.          1.        ]]"
single_object,97,122,37,78,30,0.4812497318325491,0.5359987986098199,0.0024292179066012394,0.002397603237944829,"[[ 0.1123082  -0.02695033 -0.99330788 -0.11926581]
 [-0.9934676   0.01729952 -0.11279563 -0.0405598 ]
 [ 0.02022363  0.99948707 -0.0248314  -0.40130964]
 [ 0.          0.          0.          1.        ]]","[[-0.06732001 -0.08813813 -0.99383081 -0.11957107]
 [-0.99725438 -0.02485504  0.0697562  -0.05084784]
 [-0.03084989  0.99579812 -0.08622289 -0.40281593]
 [ 0.          0.          0.          1.        ]]"
single_object,97,122,28,6,17,0.7094991167587896,0.748646646532566,0.0024952957617854423,0.0019744672608088586,"[[ 0.96363564 -0.23910454 -0.11931207  0.03037913]
 [-0.24275469 -0.96994147 -0.01684374  0.07443968]
 [-0.11169831  0.04519479 -0.99271392 -0.435732  ]
 [ 0.          0.          0.          1.        ]]","[[-0.0433795  -0.7767761  -0.62828107  0.03543749]
 [-0.51246244 -0.52253745  0.68142267  0.07128009]
 [-0.85761324  0.35153023 -0.37540117 -0.44211096]
 [ 0.          0.          0.          1.        ]]"
single_object,97,123,28,39,22,0.7945182061655934,0.860219955553023,0.0027821764226016203,0.002713576414114213,"[[ 0.97611335  0.18275356 -0.11748985  0.02926619]
 [ 0.00398229  0.52563457  0.85070114  0.06958151]
 [ 0.21722539 -0.83084862  0.51235115 -0.41602332]
 [ 0.          0.          0.          1.        ]]","[[ 0.67021898 -0.08031391 -0.73780499  0.02929197]
 [ 0.6732665   0.48409411  0.55889633  0.07248818]
 [ 0.3122799  -0.87132231  0.37852173 -0.41805805]
 [ 0.          0.          0.          1.        ]]"
single_object,97,123,37,102,30,0.3794390652040218,0.34267509546761254,0.002826208752275922,0.00222004851770338,"[[-0.4903814  -0.17325641 -0.85411258 -0.11770095]
 [ 0.71172369  0.48598844 -0.50721261 -0.04668979]
 [ 0.50296668 -0.85661978 -0.11500901 -0.40666478]
 [ 0.          0.          0.          1.        ]]","[[ 0.18389018  0.02733253 -0.98256671 -0.11913344]
 [ 0.86293161  0.47416491  0.1746902  -0.05707888]
 [ 0.47067338 -0.88001169  0.06360817 -0.41043214]
 [ 0.          0.          0.          1.        ]]"
single_object,97,124,37,119,30,0.3506700610706675,0.3695991075387234,0.0030079097141175676,0.0023972890573762465,"[[ 0.27968104 -0.11380404 -0.95332426 -0.12220159]
 [ 0.95766311 -0.03753157  0.28543432 -0.05536832]
 [-0.06826334 -0.99279405  0.09848907 -0.41313039]
 [ 0.          0.          0.          1.        ]]","[[ 0.40639496 -0.04127827 -0.91276461 -0.12159701]
 [ 0.91336926  0.04512838  0.40462331 -0.06302292]
 [ 0.02448944 -0.99812801  0.05604225 -0.41209589]
 [ 0.          0.          0.          1.        ]]"
single_object,97,124,28,11,28,0.7156533135791213,0.8839250099720782,0.0026816901017987036,0.0025661707727008746,"[[ 0.86459823 -0.03922596 -0.50093036  0.02471271]
 [ 0.45191104  0.4965186   0.74111112  0.07584461]
 [ 0.21965045 -0.86713932  0.44701575 -0.41337232]
 [ 0.          0.          0.          1.        ]]","[[ 0.71289155 -0.08877801 -0.69563216  0.02557324]
 [ 0.57812006  0.63587505  0.51131216  0.07261768]
 [ 0.39694186 -0.76666902  0.50463429 -0.41374928]
 [ 0.          0.          0.          1.        ]]"
single_object,97,125,37,96,30,0.33723308399719676,0.3997840358128692,0.002888665585541411,0.0024076971629491445,"[[ 0.66098663 -0.27884769 -0.69666394 -0.12532428]
 [-0.74421135 -0.12463222 -0.65621359 -0.04462059]
 [ 0.09615687  0.95221362 -0.28990184 -0.39866371]
 [ 0.          0.          0.          1.        ]]","[[ 0.762767   -0.07884111 -0.64184935 -0.1289766 ]
 [-0.61062351 -0.41457474 -0.67473455 -0.03694299]
 [-0.21289771  0.90659355 -0.36436617 -0.39921662]
 [ 0.          0.          0.          1.        ]]"
single_object,97,125,28,9,30,0.7803293634964955,0.5208843808764032,0.0028346231322662766,0.0028180590535059487,"[[ 0.64215498 -0.03028382 -0.76597642  0.02764101]
 [ 0.64730067  0.55670637  0.5206533   0.06842873]
 [ 0.41065658 -0.83015716  0.3770945  -0.40822094]
 [ 0.          0.          0.          1.        ]]","[[-0.64660787  0.69360825  0.31749937  0.01197426]
 [ 0.31334713 -0.13797091  0.93956245  0.0746487 ]
 [ 0.69549395  0.70701599 -0.12812708 -0.42125535]
 [ 0.          0.          0.          1.        ]]"
single_object,97,126,28,10,30,0.7794746139381161,0.6993560886660208,0.002768322075313549,0.002660167336814106,"[[ 0.11960537  0.10596949 -0.98714995  0.02534084]
 [ 0.80593411  0.57029018  0.15886888  0.06782453]
 [ 0.57979718 -0.81457938 -0.01719466 -0.40168179]
 [ 0.          0.          0.          1.        ]]","[[ 0.24164389 -0.44277723 -0.86345617  0.01936536]
 [ 0.90390413  0.4263552   0.0343301   0.07046436]
 [ 0.35293845 -0.78877726  0.50325429 -0.40343173]
 [ 0.          0.          0.          1.        ]]"
single_object,97,126,37,96,30,0.29055049414322287,0.4071497017977946,0.002874976599120054,0.0023638750754850584,"[[-0.62790966 -0.02362203 -0.77792767 -0.11809353]
 [ 0.63305075  0.5659483  -0.52815648 -0.04912469]
 [ 0.45274297 -0.82410225 -0.34041046 -0.40542094]
 [ 0.          0.          0.          1.        ]]","[[-0.39612373 -0.03371877 -0.91757781 -0.12048872]
 [ 0.79467709  0.48802355 -0.36100046 -0.04763511]
 [ 0.45997207 -0.87217891 -0.16652217 -0.40369626]
 [ 0.          0.          0.          1.        ]]"
single_object,97,127,28,49,16,0.8353182517522366,0.8639808536098923,0.0026560831546862274,0.0017782089782601375,"[[-0.2809382   0.21100675  0.93624243  0.02854969]
 [-0.6415568   0.68424226 -0.34672382  0.0668711 ]
 [-0.7137777  -0.69806066 -0.05685697 -0.40321188]
 [ 0.          0.          0.          1.        ]]","[[-0.81772918  0.035949    0.57447946  0.0287331 ]
 [-0.46885366  0.53737094 -0.70100551  0.06742227]
 [-0.33390901 -0.84257946 -0.42256908 -0.40735891]
 [ 0.          0.          0.          1.        ]]"
single_object,97,127,37,113,30,0.2915087458344656,0.3580571804516655,0.0024771718707951545,0.002324178299751483,"[[ 0.00754458 -0.00139686 -0.99997056 -0.11803645]
 [ 0.87432708  0.48530107  0.0059187  -0.05181804]
 [ 0.48527851 -0.874346    0.00488271 -0.40723091]
 [ 0.          0.          0.          1.        ]]","[[-0.28882592 -0.00737095 -0.95735326 -0.11848413]
 [ 0.84837021  0.46144129 -0.25949937 -0.04957559]
 [ 0.44367508 -0.88714013 -0.12702291 -0.40681837]
 [ 0.          0.          0.          1.        ]]"
single_object,97,128,28,8,30,0.7183315288620434,0.8185651604080004,0.0025592990188863366,0.0025576671283877683,"[[ 0.7242081   0.21663767 -0.65466842  0.0246958 ]
 [ 0.54170597  0.40873285  0.73450126  0.07366061]
 [ 0.42670513 -0.88656956  0.17865372 -0.39530894]
 [ 0.          0.          0.          1.        ]]","[[ 0.49805968 -0.06130322 -0.86497311  0.02429127]
 [ 0.67132853  0.65863577  0.33987782  0.07628245]
 [ 0.54886662 -0.74996056  0.36919452 -0.39611569]
 [ 0.          0.          0.          1.        ]]"
single_object,97,129,37,169,30,0.3792388335073442,0.3703285230051917,0.002657227684857654,0.0025821683439711226,"[[-0.38906773 -0.01639277 -0.92106328 -0.12180668]
 [ 0.7978016   0.49390409 -0.34579092 -0.04641987]
 [ 0.46058539 -0.86936185 -0.17908397 -0.40432786]
 [ 0.          0.          0.          1.        ]]","[[-0.60747494 -0.07361418 -0.79092044 -0.1218192 ]
 [ 0.57561829  0.6453551  -0.50217564 -0.04416006]
 [ 0.54739179 -0.76032739 -0.34966338 -0.4036587 ]
 [ 0.          0.          0.          1.        ]]"
single_object,97,129,28,16,23,0.7084164339848424,0.9006211180124224,0.0026249615146216997,0.002073383081546658,"[[-0.29435597 -0.12455849  0.94754406  0.03044669]
 [-0.94436416  0.19013616 -0.26837396  0.06287548]
 [-0.14673414 -0.97382412 -0.17359628 -0.39398734]
 [ 0.          0.          0.          1.        ]]","[[-0.90193414  0.01399309  0.43164686  0.02995046]
 [-0.34786692  0.56876849 -0.74531269  0.06719745]
 [-0.25593636 -0.82237862 -0.50812398 -0.39790801]
 [ 0.          0.          0.          1.        ]]"
single_object,97,130,37,170,30,0.28356383815558,0.3577925885667701,0.002703367668381911,0.0026449511296160982,"[[-0.26897443 -0.11393271 -0.95638491 -0.11764299]
 [ 0.70712814  0.6508227  -0.2764048  -0.05765099]
 [ 0.65392855 -0.75063251 -0.09448964 -0.39721304]
 [ 0.          0.          0.          1.        ]]","[[-0.46555051 -0.04318797 -0.88396692 -0.12013525]
 [ 0.67327349  0.63099754 -0.38541524 -0.05118494]
 [ 0.57442626 -0.77458176 -0.26468391 -0.39987781]
 [ 0.          0.          0.          1.        ]]"
single_object,97,130,28,10,17,0.3196193515300017,0.7012365376944555,0.0027951923292986115,0.002239373329275653,"[[-0.19708459  0.81682799  0.54217128  0.01950653]
 [ 0.94582076  0.30396679 -0.11413715  0.06546528]
 [-0.25803248  0.49030218 -0.83248004 -0.40997745]
 [ 0.          0.          0.          1.        ]]","[[ 0.29673443  0.88898632 -0.34878647  0.01785965]
 [ 0.11085646 -0.39483411 -0.91203995  0.07704071]
 [-0.94850383  0.23196842 -0.21571075 -0.40441061]
 [ 0.          0.          0.          1.        ]]"
single_object,97,131,28,12,10,0.7299561228560032,0.8815317112086158,0.0020326189204680897,0.00183868547957164,"[[-0.53683996  0.0465903   0.8423967   0.02831396]
 [-0.62977087  0.6422932  -0.43686164  0.07164831]
 [-0.56141919 -0.76504169 -0.31546745 -0.3926757 ]
 [ 0.          0.          0.          1.        ]]","[[-0.49031402 -0.00487979  0.87153218  0.02801425]
 [-0.65611768  0.66028212 -0.36542731  0.06875144]
 [-0.5736739  -0.75100181 -0.3269473  -0.38888838]
 [ 0.          0.          0.          1.        ]]"
single_object,97,131,37,96,30,0.34455584318997695,0.38008981821822396,0.002867616838761251,0.002471041224982245,"[[-0.68540015  0.07280269 -0.72451805 -0.12160922]
 [ 0.65336033  0.50076187 -0.56776565 -0.04029145]
 [ 0.32147614 -0.86251801 -0.39078865 -0.40223438]
 [ 0.          0.          0.          1.        ]]","[[-0.69830285 -0.13220807 -0.70348714 -0.12423694]
 [ 0.41426397  0.72683726 -0.54780741 -0.04034837]
 [ 0.58374522 -0.67396485 -0.45278349 -0.40215819]
 [ 0.          0.          0.          1.        ]]"
single_object,97,132,28,14,23,0.7361673029802268,0.9630748190780102,0.002671166046406914,0.0019468134240433984,"[[-0.78744623  0.34678602 -0.50957619  0.02194966]
 [ 0.61602935  0.4147593  -0.66968841  0.06659902]
 [-0.02088712 -0.8412575  -0.54023101 -0.38039721]
 [ 0.          0.          0.          1.        ]]","[[-0.68335969 -0.03041415  0.72944809  0.02855077]
 [-0.53609817  0.69914107 -0.4730756   0.06825405]
 [-0.49559892 -0.71433658 -0.4940698  -0.38437363]
 [ 0.          0.          0.          1.        ]]"
single_object,97,132,37,144,26,0.28111099987127963,0.3830289334801699,0.0026317837709609764,0.002432784651495895,"[[-0.39425375 -0.23875464 -0.88744589 -0.12419045]
 [ 0.47605374  0.77294447 -0.41943972 -0.04457297]
 [ 0.78608957 -0.58783761 -0.19107621 -0.40440546]
 [ 0.          0.          0.          1.        ]]","[[-0.59049833 -0.10183102 -0.80058864 -0.12240297]
 [ 0.51077857  0.72088522 -0.46843329 -0.04125515]
 [ 0.62483356 -0.6855326  -0.37366841 -0.40656384]
 [ 0.          0.          0.          1.        ]]"
single_object,97,133,28,14,30,0.6274431591543678,0.5164396831728304,0.002798762894470609,0.002787639143669705,"[[ 0.48018748  0.22459724 -0.84792456  0.02430229]
 [ 0.81409019  0.24582928  0.52614173  0.07040996]
 [ 0.32661467 -0.94293374 -0.06479827 -0.37935145]
 [ 0.          0.          0.          1.        ]]","[[ 0.81229801 -0.54021104 -0.21987263  0.0338504 ]
 [ 0.47724405  0.3989234   0.7830059   0.06837575]
 [-0.3352761  -0.74096704  0.58185718 -0.37518637]
 [ 0.          0.          0.          1.        ]]"
single_object,97,133,37,155,30,0.3544816144395658,0.37108654299975685,0.0026486399336100113,0.0024352741536956307,"[[-0.64051124 -0.03063189 -0.76733763 -0.12471764]
 [ 0.56059583  0.66426237 -0.4944571  -0.03992246]
 [ 0.52485967 -0.74687161 -0.4082954  -0.40402446]
 [ 0.          0.          0.          1.        ]]","[[-0.60084244 -0.11363843 -0.79124881 -0.12274146]
 [ 0.46385259  0.75658463 -0.46089095 -0.03938813]
 [ 0.65102161 -0.64394565 -0.40187668 -0.40684649]
 [ 0.          0.          0.          1.        ]]"
single_object,97,134,28,23,8,0.8834121602370505,0.9328736680152715,0.0024033773130158966,0.0020209288892466862,"[[-0.83205741  0.10271012  0.54509733  0.03078582]
 [-0.30395164  0.73760933 -0.60294766  0.06465982]
 [-0.4639977  -0.66737029 -0.5825144  -0.37453058]
 [ 0.          0.          0.          1.        ]]","[[-0.85663967 -0.02557004  0.51528113  0.02883685]
 [-0.34056487  0.77826555 -0.52755881  0.06745198]
 [-0.38753585 -0.62741446 -0.67540141 -0.37605701]
 [ 0.          0.          0.          1.        ]]"
single_object,97,134,37,248,30,0.32003461147899714,0.33573134627211487,0.0027213777694849724,0.0025533629028295247,"[[-0.59043292 -0.0844179  -0.80265969 -0.11788517]
 [ 0.49581384  0.74678593 -0.44325997 -0.04026104]
 [ 0.63683404 -0.65968507 -0.39907144 -0.40952263]
 [ 0.          0.          0.          1.        ]]","[[-0.74327483 -0.16760114 -0.64765144 -0.12573318]
 [ 0.27147427  0.80924978 -0.5209765  -0.03557605]
 [ 0.61142804 -0.56304942 -0.5559956  -0.40514769]
 [ 0.          0.          0.          1.        ]]"
single_object,97,135,28,14,30,0.7433471992706137,0.8552054248105305,0.0028581116311271787,0.0020143944139305774,"[[ 0.99453021  0.09004398 -0.05293155  0.02935363]
 [ 0.06141143 -0.91401406 -0.4010074   0.06178819]
 [-0.08448849  0.39556337 -0.91454432 -0.36650279]
 [ 0.          0.          0.          1.        ]]","[[ 0.83916306 -0.07303974 -0.53895321  0.02437067]
 [-0.26316035 -0.92174741 -0.28483039  0.06480597]
 [-0.47597478  0.38085026 -0.79271753 -0.37069318]
 [ 0.          0.          0.          1.        ]]"
single_object,97,136,28,19,20,0.5880107128611317,0.5696051057040287,0.002586146339233577,0.002670071284529348,"[[-0.62973476  0.70562389  0.32485235  0.02691934]
 [-0.22429038 -0.56553945  0.79363654  0.08474716]
 [ 0.74372572  0.42691926  0.5144045  -0.37716646]
 [ 0.          0.          0.          1.        ]]","[[-0.65123012  0.52874502  0.54436022  0.02942996]
 [-0.03920583 -0.7398038   0.67167942  0.08839002]
 [ 0.7578669   0.41607577  0.5025124  -0.37850354]
 [ 0.          0.          0.          1.        ]]"
single_object,97,137,28,6,17,0.5725682375064106,0.9402814975212263,0.0026918098630826083,0.0019795813603205323,"[[ 0.53482702 -0.44353942  0.71918902  0.03439182]
 [-0.64212749  0.33988288  0.68713311  0.06606706]
 [-0.54921066 -0.82930839 -0.10303031 -0.38173026]
 [ 0.          0.          0.          1.        ]]","[[-0.64013248 -0.01757926  0.7680634   0.03712267]
 [-0.50931393  0.75818612 -0.4071279   0.06399965]
 [-0.575178   -0.65180117 -0.49429292 -0.38034476]
 [ 0.          0.          0.          1.        ]]"
single_object,97,138,37,142,30,0.30341538065475765,0.3048027002674523,0.002881064210718495,0.0029002118509567133,"[[ 6.65988468e-01 -1.35432911e-01 -7.33564780e-01 -1.39468119e-01]
 [ 5.40907993e-01  7.64859785e-01  3.49868622e-01  1.28606110e-04]
 [ 5.13690474e-01 -6.29799521e-01  5.82644540e-01 -3.66420429e-01]
 [ 0.00000000e+00  0.00000000e+00  0.00000000e+00  1.00000000e+00]]","[[ 8.84555124e-01 -9.43673711e-02 -4.56789922e-01 -1.40058061e-01]
 [ 3.25629561e-01  8.26107303e-01  4.59904460e-01 -4.24861646e-04]
 [ 3.33957515e-01 -5.55555148e-01  7.61466253e-01 -3.60616652e-01]
 [ 0.00000000e+00  0.00000000e+00  0.00000000e+00  1.00000000e+00]]"
single_object,97,138,28,17,20,0.8837540600604022,0.905350732235455,0.0024636398276106663,0.002084920615493177,"[[-0.97317092  0.18182571 -0.14098853  0.0353926 ]
 [ 0.22979226  0.73727033 -0.63531723  0.06359121]
 [-0.01157035 -0.65067032 -0.75927219 -0.38328763]
 [ 0.          0.          0.          1.        ]]","[[-0.87654384  0.10194267  0.47040257  0.03751854]
 [-0.26493908  0.71374518 -0.6483634   0.06402867]
 [-0.40184347 -0.69294697 -0.59862035 -0.38523311]
 [ 0.          0.          0.          1.        ]]"
single_object,97,139,28,13,20,0.6222576785001994,0.735882386460767,0.0023993896454679604,0.0020124198978968035,"[[ 0.54946111 -0.56879251 -0.61201926  0.04264651]
 [-0.67501053 -0.73387998  0.07603258  0.07769859]
 [-0.49239544  0.3713425  -0.78717944 -0.40318788]
 [ 0.          0.          0.          1.        ]]","[[ 0.58672953 -0.01018863 -0.80971887  0.03658328]
 [-0.24114737 -0.95675339 -0.16269879  0.08064976]
 [-0.7730436   0.29072176 -0.56381243 -0.40003836]
 [ 0.          0.          0.          1.        ]]"
single_object,97,140,28,19,30,0.6855091458202747,0.6173571143654909,0.002837014320518751,0.002506181420231648,"[[ 0.7062042  -0.03959896 -0.70689996  0.03557049]
 [ 0.42371861  0.82353263  0.37716911  0.07328974]
 [ 0.56721968 -0.56588508  0.59836102 -0.39059016]
 [ 0.          0.          0.          1.        ]]","[[ 0.60810975 -0.51125781 -0.60730387  0.03743841]
 [ 0.61715196  0.7856449  -0.04342302  0.07649415]
 [ 0.49932554 -0.34839281  0.79328208 -0.39130172]
 [ 0.          0.          0.          1.        ]]"
single_object,97,141,28,7,30,0.5009402245142174,0.42931221152202403,0.0025113720058587367,0.002706870093124823,"[[-0.64567872 -0.6218183   0.44321663  0.02859723]
 [-0.75911705  0.45982743 -0.46076028  0.06306041]
 [ 0.08270601 -0.63395641 -0.76893367 -0.39761801]
 [ 0.          0.          0.          1.        ]]","[[-0.35417201 -0.66288592 -0.6596548   0.02397103]
 [ 0.85209275  0.06191907 -0.51971528  0.06366718]
 [ 0.38535715 -0.74615567  0.54291028 -0.39765581]
 [ 0.          0.          0.          1.        ]]"
single_object,97,142,28,14,12,0.5492620662145992,0.9391988147472791,0.0032688613348636647,0.0019585199716419797,"[[-0.98932044  0.00425486 -0.14569477  0.04349309]
 [ 0.11433585  0.64260906 -0.75761528  0.05678183]
 [ 0.09040123 -0.76618242 -0.63623276 -0.40034489]
 [ 0.          0.          0.          1.        ]]","[[-0.69042376 -0.01678655  0.72321037  0.03860758]
 [-0.58200772  0.6066295  -0.54154193  0.06234649]
 [-0.42963012 -0.79480744 -0.42860132 -0.40082335]
 [ 0.          0.          0.          1.        ]]"
single_object,97,143,37,94,30,0.3582788655444157,0.3418169596247086,0.0025674403395395747,0.0025791208438565353,"[[-0.45765626 -0.04305328 -0.88808624 -0.12881371]
 [ 0.76073932  0.49806907 -0.4161765  -0.02022772]
 [ 0.46024606 -0.8660679  -0.1951921  -0.38813367]
 [ 0.          0.          0.          1.        ]]","[[-0.38914767 -0.11377789 -0.91412181 -0.12895093]
 [ 0.7163051   0.58657057 -0.37794441 -0.02079215]
 [ 0.57919867 -0.8018663  -0.14676289 -0.39186617]
 [ 0.          0.          0.          1.        ]]"
single_object,97,143,28,16,12,0.8051171006894979,0.8917317226052767,0.0020093742181919085,0.0019237992164849423,"[[-0.58748666  0.00903477  0.80918342  0.03793681]
 [-0.68072886  0.53517034 -0.50020089  0.06458778]
 [-0.43757017 -0.84469585 -0.3082552  -0.40808442]
 [ 0.          0.          0.          1.        ]]","[[-0.84218299  0.04065789  0.53765672  0.0389993 ]
 [-0.43562748  0.53629785 -0.72291999  0.06232175]
 [-0.31773655 -0.84304896 -0.43394923 -0.40625295]
 [ 0.          0.          0.          1.        ]]"
single_object,97,144,28,15,30,0.5382642885634509,0.7472790472391589,0.0025931052416943126,0.002591531204847309,"[[ 0.83351389 -0.32660489 -0.44562746  0.03232777]
 [ 0.54933365  0.57610956  0.60525227  0.07055736]
 [ 0.05905189 -0.74928434  0.65961038 -0.40580458]
 [ 0.          0.          0.          1.        ]]","[[-0.03084322  0.06333847 -0.99751538  0.03000757]
 [ 0.79674444  0.60416048  0.01372654  0.06791219]
 [ 0.60352879 -0.79434146 -0.06909883 -0.40611119]
 [ 0.          0.          0.          1.        ]]"
single_object,97,144,37,75,30,0.33485175703313835,0.35878659591813383,0.002757952629081663,0.0026909971353608533,"[[-0.36930442 -0.10200014 -0.92369379 -0.12917766]
 [ 0.75031445  0.55372604 -0.36113113 -0.02118769]
 [ 0.54830873 -0.82642812 -0.12796129 -0.38926959]
 [ 0.          0.          0.          1.        ]]","[[-0.48538652 -0.03873736 -0.87344109 -0.12902568]
 [ 0.72346112  0.54315557 -0.42612913 -0.01826788]
 [ 0.49092151 -0.83873801 -0.23561541 -0.3917811 ]
 [ 0.          0.          0.          1.        ]]"
single_object,97,145,28,11,30,0.6404923357456266,0.4144965525101145,0.0028539084596918758,0.0024008687022669772,"[[ 0.2608418   0.43202198  0.86331834  0.04372135]
 [-0.95003316  0.27370578  0.15007378  0.05732676]
 [-0.17146005 -0.85932657  0.48182912 -0.4100421 ]
 [ 0.          0.          0.          1.        ]]","[[-0.23559138  0.88331766  0.4052735   0.02812101]
 [ 0.3712807   0.46718508 -0.80242678  0.04347229]
 [-0.89813548 -0.0385746  -0.43802358 -0.40478562]
 [ 0.          0.          0.          1.        ]]"
single_object,97,146,28,60,16,0.6707504701122571,0.6178129807966266,0.0025591353035059944,0.002176824804462364,"[[ 0.84059504 -0.46265989 -0.28168388  0.04415934]
 [-0.52968565 -0.81087225 -0.2488359   0.07260381]
 [-0.11328326  0.35837413 -0.9266795  -0.43048945]
 [ 0.          0.          0.          1.        ]]","[[ 0.27360454 -0.25507265 -0.92740417  0.04265134]
 [-0.71010892 -0.70391243 -0.01589406  0.07367001]
 [-0.64875718  0.66290666 -0.373723   -0.43687996]
 [ 0.          0.          0.          1.        ]]"
single_object,97,146,37,105,30,0.32108582788655443,0.37627111371730143,0.0028271606510104253,0.002565015234644307,"[[-0.15124068 -0.09082603 -0.98431544 -0.12922183]
 [ 0.84069841  0.51196116 -0.17641417 -0.02063841]
 [ 0.51995427 -0.85419343 -0.00107206 -0.39040862]
 [ 0.          0.          0.          1.        ]]","[[-0.36833104 -0.03892578 -0.92887945 -0.12952297]
 [ 0.82394965  0.44911746 -0.34554374 -0.017867  ]
 [ 0.43062654 -0.89262438 -0.13335102 -0.39296351]
 [ 0.          0.          0.          1.        ]]"
single_object,97,147,37,167,30,0.30690513308256695,0.40646319312347146,0.0028921290604508377,0.0025645721295610717,"[[ 0.21633436 -0.23446526 -0.94774759 -0.13193368]
 [-0.97460553 -0.10935435 -0.19541159 -0.02148976]
 [-0.05782309  0.96595428 -0.25216824 -0.38377207]
 [ 0.          0.          0.          1.        ]]","[[ 0.31394597 -0.07308509 -0.94662373 -0.12906557]
 [-0.93001069 -0.22434797 -0.29111527 -0.01802553]
 [-0.19109693  0.97176466 -0.13840306 -0.39234987]
 [ 0.          0.          0.          1.        ]]"
single_object,97,147,28,28,15,0.7788477975953045,0.8410735654453245,0.002643205123871479,0.0017369178539312772,"[[-0.76126238 -0.25973617  0.5941521   0.0387631 ]
 [-0.64695798  0.36622329 -0.66882425  0.05834096]
 [-0.04387449 -0.89354218 -0.4468304  -0.42256829]
 [ 0.          0.          0.          1.        ]]","[[-0.88878184  0.11222373  0.44437897  0.04038303]
 [-0.37328159  0.38534951 -0.84389965  0.0589331 ]
 [-0.26594678 -0.91592117 -0.30060059 -0.42393634]
 [ 0.          0.          0.          1.        ]]"
single_object,97,148,28,36,30,0.8332098695082341,0.7560544760385207,0.002725190637948271,0.002573189752419811,"[[ 0.75844954 -0.16877051 -0.62950044  0.04035311]
 [ 0.60640054  0.53667706  0.58673343  0.06374349]
 [ 0.23881515 -0.82673711  0.509385   -0.41857679]
 [ 0.          0.          0.          1.        ]]","[[ 0.89639974 -0.09593733 -0.43273957  0.0472149 ]
 [ 0.39940585  0.59817811  0.69473586  0.0611045 ]
 [ 0.19220424 -0.79559976  0.57452464 -0.41993239]
 [ 0.          0.          0.          1.        ]]"
single_object,97,148,37,189,30,0.3642929675767674,0.3242394771092264,0.002879946053272337,0.0023489451803867427,"[[ 0.17207287 -0.06556422 -0.98289992 -0.13073824]
 [-0.97140129  0.15443237 -0.18036124 -0.01223971]
 [ 0.16361681  0.98582553 -0.03711555 -0.38461971]
 [ 0.          0.          0.          1.        ]]","[[-0.2086362   0.09320101 -0.97354225 -0.12818598]
 [-0.89665821  0.37922074  0.22846375 -0.02415954]
 [ 0.39048046  0.92060046  0.00445028 -0.39300743]
 [ 0.          0.          0.          1.        ]]"
single_object,97,149,28,23,30,0.7727505840788649,0.6717191862784204,0.003069817605553681,0.0025647857319275992,"[[ 0.90573241  0.08160666 -0.41591965  0.04162907]
 [ 0.4196448  -0.31054203  0.85291377  0.05999114]
 [-0.05955709 -0.94705016 -0.31551379 -0.42971223]
 [ 0.          0.          0.          1.        ]]","[[-0.56613589  0.61258758 -0.55156741  0.03710922]
 [ 0.76821118  0.14946155 -0.62250529  0.05679498]
 [-0.29890088 -0.77614284 -0.55521217 -0.43713198]
 [ 0.          0.          0.          1.        ]]"
single_object,97,150,28,18,30,0.7227192432617243,0.89270043877144,0.0026860874048506844,0.0027247070029148292,"[[ 0.61266909  0.30739326 -0.72811124  0.039377  ]
 [ 0.72310791  0.15380707  0.67339315  0.05843586]
 [ 0.31898517 -0.93907016 -0.12804566 -0.4318012 ]
 [ 0.          0.          0.          1.        ]]","[[ 0.94825288  0.30708143 -0.08073089  0.04761585]
 [-0.03606779  0.35678742  0.93348908  0.05815115]
 [ 0.31546093 -0.88227192  0.34940044 -0.42892425]
 [ 0.          0.          0.          1.        ]]"
single_object,97,150,37,146,30,0.4307412863456285,0.4097169581944822,0.0024623891475105213,0.0023934551781360494,"[[-0.43884754 -0.04915236 -0.89721619 -0.13199419]
 [-0.89587468 -0.0532256   0.44110724 -0.0166794 ]
 [-0.06943633  0.99737209 -0.02067643 -0.39682781]
 [ 0.          0.          0.          1.        ]]","[[-0.52090402 -0.03335456 -0.85296335 -0.13293188]
 [-0.85359634  0.02700498  0.52023457 -0.02121107]
 [ 0.00568207  0.99907868 -0.04253833 -0.39418499]
 [ 0.          0.          0.          1.        ]]"
single_object,97,151,28,15,30,0.3864607669952704,0.5939939597697874,0.002955187743173398,0.002810765408409388,"[[-0.56103902 -0.54614471 -0.62206204  0.05656296]
 [-0.170647    0.81163901 -0.55867855  0.02402159]
 [ 0.81000915 -0.20728744 -0.54855911 -0.43517887]
 [ 0.          0.          0.          1.        ]]","[[-0.50433656 -0.8622722  -0.04616582  0.06316618]
 [-0.8627728   0.5009825   0.06811487  0.03044068]
 [-0.03560529  0.07418343 -0.99660879 -0.43668994]
 [ 0.          0.          0.          1.        ]]"
single_object,97,152,28,31,22,0.7400421676448801,0.7599863240070659,0.0027920645807360147,0.0026137145839542587,"[[ 0.77155045  0.18263889  0.60938734  0.05788483]
 [-0.63550211  0.26509525  0.72516314  0.04036651]
 [-0.0291027  -0.94676689  0.32060176 -0.42626149]
 [ 0.          0.          0.          1.        ]]","[[ 0.8964088   0.17143572  0.40873102  0.05668936]
 [-0.44295695  0.37876723  0.81260355  0.04294744]
 [-0.01550464 -0.90947522  0.41546892 -0.42606965]
 [ 0.          0.          0.          1.        ]]"
single_object,97,153,28,8,30,0.5153000170949912,0.5080631375007123,0.002786059820933895,0.0025848924495124608,"[[ 1.          0.          0.          0.05469047]
 [ 0.          1.          0.          0.03604088]
 [ 0.          0.          1.         -0.42313954]
 [ 0.          0.          0.          1.        ]]","[[ 0.22084449 -0.57449495  0.7881518   0.05754505]
 [-0.87780387  0.2351198   0.41734763  0.03845936]
 [-0.4250742  -0.78401163 -0.45236898 -0.41409173]
 [ 0.          0.          0.          1.        ]]"
single_object,97,154,37,95,30,0.22575408687195184,0.33850598549750427,0.002940827142963769,0.00270771771072708,"[[ 0.22138854 -0.09738315 -0.9703111  -0.13029524]
 [ 0.90920484  0.38038709  0.16926967  0.00123356]
 [ 0.35260981 -0.91968591  0.17275457 -0.3761397 ]
 [ 0.          0.          0.          1.        ]]","[[ 0.1006916  -0.03170391 -0.99441242 -0.12897962]
 [ 0.96110672  0.2614494   0.08898361  0.01020314]
 [ 0.2571674  -0.96469636  0.0567966  -0.38684147]
 [ 0.          0.          0.          1.        ]]"
single_object,97,154,28,14,21,0.6622599578323551,0.7968545216251638,0.002841435814263027,0.0018260646884289218,"[[-0.52992773 -0.2862471   0.79827264  0.05021664]
 [-0.83865936  0.03724985 -0.54338101  0.04757258]
 [ 0.1258057  -0.95743149 -0.25980353 -0.42743107]
 [ 0.          0.          0.          1.        ]]","[[-0.36608564 -0.0801563   0.92712258  0.05120494]
 [-0.87551932  0.36728478 -0.3139551   0.049678  ]
 [-0.31535253 -0.92664819 -0.20463607 -0.42604566]
 [ 0.          0.          0.          1.        ]]"
single_object,97,155,28,22,30,0.7240868425551313,0.8690523676562767,0.0026672895124849045,0.0019822414965125676,"[[-0.18379134 -0.09751692  0.97811615  0.04814164]
 [-0.90640635  0.40182209 -0.13025568  0.05556964]
 [-0.38032654 -0.91051055 -0.16224137 -0.42443601]
 [ 0.          0.          0.          1.        ]]","[[-0.33214767 -0.03708616  0.94249803  0.05007093]
 [-0.84471816  0.45628925 -0.27973443  0.05165786]
 [-0.41967744 -0.88905835 -0.18288276 -0.4212021 ]
 [ 0.          0.          0.          1.        ]]"
single_object,97,156,28,11,20,0.7798734970653598,0.8707048834691435,0.0025385399672864547,0.002162092431140295,"[[ 0.79070323  0.11136546 -0.60198516  0.04528088]
 [-0.43768226 -0.58469211 -0.68305883  0.04781827]
 [-0.42804514  0.80357505 -0.41357525 -0.41192136]
 [ 0.          0.          0.          1.        ]]","[[ 0.96192609  0.22703635 -0.15216008  0.04612807]
 [ 0.03548556 -0.65576658 -0.75412928  0.05004784]
 [-0.27099625  0.72001714 -0.63885549 -0.41794229]
 [ 0.          0.          0.          1.        ]]"
single_object,97,157,28,15,12,0.8586244230440481,0.9479172602427489,0.0023915512197768296,0.0019107489888756132,"[[-0.49881899 -0.09316547  0.86168428  0.04589783]
 [-0.73912821  0.5649366  -0.36679166  0.05628258]
 [-0.45262467 -0.81985781 -0.35066234 -0.41552611]
 [ 0.          0.          0.          1.        ]]","[[-0.58946084 -0.01720087  0.8076138   0.04766628]
 [-0.68633622  0.53790876 -0.48948622  0.05399111]
 [-0.42600295 -0.84282756 -0.32888173 -0.41405183]
 [ 0.          0.          0.          1.        ]]"
single_object,97,158,28,25,30,0.6411761353923301,0.8169126445951336,0.0028898226318180846,0.0022062485850304274,"[[-0.73897419  0.64312321 -0.20077272  0.04334169]
 [ 0.36178593  0.12739989 -0.92351514  0.05499396]
 [-0.5683556  -0.7550906  -0.32681816 -0.41049213]
 [ 0.          0.          0.          1.        ]]","[[-0.96283274 -0.01936743  0.26940306  0.04870387]
 [-0.23250812  0.56701813 -0.7902091   0.05527992]
 [-0.1374521  -0.82347759 -0.55044671 -0.41189347]
 [ 0.          0.          0.          1.        ]]"
single_object,97,159,28,6,14,0.6994700552738048,0.8917887059091686,0.0024893258920440343,0.0020143545270002025,"[[ 0.4837144   0.45835929 -0.74560522  0.04630786]
 [-0.33454851 -0.69037789 -0.6414481   0.05416307]
 [-0.80876305  0.5597188  -0.18060231 -0.4043913 ]
 [ 0.          0.          0.          1.        ]]","[[ 0.47219513 -0.16263557 -0.86636103  0.04642878]
 [-0.60460613 -0.77496882 -0.18405095  0.05485953]
 [-0.64146955  0.61071516 -0.46426696 -0.40586207]
 [ 0.          0.          0.          1.        ]]"
single_object,97,160,28,26,24,0.7297851729443273,0.909510513419568,0.002708950603434925,0.0020615905504309043,"[[ 0.63706505 -0.33852813 -0.69249319  0.04335275]
 [-0.52417925 -0.84895169 -0.06720969  0.05574805]
 [-0.56514089  0.40580751 -0.71828688 -0.40160455]
 [ 0.          0.          0.          1.        ]]","[[ 0.51223228 -0.12130801 -0.85023671  0.04556285]
 [-0.58113738 -0.77788034 -0.23912659  0.05457005]
 [-0.63237445  0.61659269 -0.46895203 -0.401387  ]
 [ 0.          0.          0.          1.        ]]"
single_object,97,161,28,7,16,0.7265941079263776,0.9580602883355177,0.002865478075880561,0.0018541412003413073,"[[ 0.11420304 -0.22608612  0.96738965  0.04869929]
 [-0.52273972  0.81438315  0.25203824  0.05264265]
 [-0.84480818 -0.53447652 -0.02517916 -0.39777823]
 [ 0.          0.          0.          1.        ]]","[[-0.81841988  0.10216156  0.5654661   0.04567534]
 [-0.38749887  0.62851931 -0.67439462  0.05639102]
 [-0.42430357 -0.77105544 -0.47480521 -0.39879243]
 [ 0.          0.          0.          1.        ]]"
single_object,97,161,37,72,30,0.3125187717215635,0.35589038744833307,0.0027531307069526435,0.002550788961862299,"[[-0.91218504  0.40948667  0.01546327 -0.10867319]
 [ 0.30699207  0.70788657 -0.636123    0.01108081]
 [-0.27143013 -0.57551478 -0.77143271 -0.37315588]
 [ 0.          0.          0.          1.        ]]","[[-0.97038901  0.2284521  -0.07845261 -0.116111  ]
 [ 0.21734203  0.6840953  -0.69625862  0.01018216]
 [-0.10539268 -0.69269276 -0.7134908  -0.37937637]
 [ 0.          0.          0.          1.        ]]"
single_object,97,162,37,154,30,0.3291880604699724,0.3494972754186988,0.002900492352146708,0.002592528289937056,"[[-0.76829377  0.13342516  0.62603707 -0.12090098]
 [-0.24728882  0.84023051 -0.48255665  0.00194168]
 [-0.59040065 -0.52555724 -0.61254932 -0.37486472]
 [ 0.          0.          0.          1.        ]]","[[-0.92998671  0.11952542  0.34761816 -0.12802443]
 [-0.15044503  0.73907272 -0.65661085 -0.00116296]
 [-0.33539679 -0.66293679 -0.66934581 -0.37341978]
 [ 0.          0.          0.          1.        ]]"
single_object,97,162,28,12,30,0.5021368738959485,0.6400364693144909,0.0027527416274815922,0.0023020707442027877,"[[ 0.          1.          0.          0.0336503 ]
 [ 1.          0.          0.          0.0705739 ]
 [ 0.          0.         -1.         -0.40242491]
 [ 0.          0.          0.          1.        ]]","[[ 0.17659269  0.93080536 -0.32002563  0.0344152 ]
 [ 0.1460982  -0.34632152 -0.92666969  0.06969851]
 [-0.97338088  0.11688793 -0.19714684 -0.40550111]
 [ 0.          0.          0.          1.        ]]"
single_object,97,163,28,16,18,0.7108097327483047,0.8991965354151233,0.0026308393968516803,0.0018520755512352659,"[[-0.95171322  0.10059944 -0.2900374   0.03930209]
 [ 0.26692186  0.73785439 -0.6199384   0.05448219]
 [ 0.15163991 -0.66742089 -0.72907797 -0.38554628]
 [ 0.          0.          0.          1.        ]]","[[-0.80434143  0.08649582  0.58783785  0.0447982 ]
 [-0.38796759  0.67286767 -0.62986527  0.05848557]
 [-0.4500178  -0.73468876 -0.50765776 -0.39183846]
 [ 0.          0.          0.          1.        ]]"
single_object,97,163,37,180,30,0.3074843747765271,0.34600752299088944,0.002870094351912704,0.0028187876984743757,"[[-0.82132615  0.56089369  0.10402705 -0.1020726 ]
 [ 0.43111819  0.72972111 -0.53070163  0.02043004]
 [-0.37357793 -0.39103117 -0.8411505  -0.37453157]
 [ 0.          0.          0.          1.        ]]","[[-0.90896093  0.38436197  0.16141842 -0.10994038]
 [ 0.22234903  0.77451941 -0.5921829   0.01667349]
 [-0.35263429 -0.50237989 -0.78947039 -0.37439106]
 [ 0.          0.          0.          1.        ]]"
single_object,97,164,28,15,18,0.8409595988375406,0.8581115733090204,0.002558924623618778,0.0025115515171371594,"[[ 0.98120834  0.07299386 -0.17861158  0.04880837]
 [ 0.05796469  0.77141433  0.63368764  0.06185268]
 [ 0.18403884 -0.63213276  0.75268711 -0.38072674]
 [ 0.          0.          0.          1.        ]]","[[ 0.9619088   0.1820538  -0.20393105  0.04988056]
 [ 0.00410302  0.73628894  0.67665483  0.06252684]
 [ 0.27333976 -0.65171697  0.70749584 -0.38045848]
 [ 0.          0.          0.          1.        ]]"
single_object,97,165,28,36,10,0.8929283719870078,0.978802210952191,0.0025470947648394246,0.0017348507690111564,"[[-0.8993637   0.41767348 -0.12920451  0.04317006]
 [ 0.37698928  0.59119922 -0.71299549  0.05697226]
 [-0.2214137  -0.68995098 -0.68916154 -0.38445132]
 [ 0.          0.          0.          1.        ]]","[[-0.61032196  0.03445333  0.79140386  0.04493396]
 [-0.46663873  0.79167588 -0.39433183  0.0575447 ]
 [-0.6401214  -0.60996907 -0.46709991 -0.38286557]
 [ 0.          0.          0.          1.        ]]"
single_object,97,165,37,123,30,0.3546031836839772,0.3733606029834523,0.0027632680005355913,0.0026850553962916635,"[[ 0.86856399 -0.28351314 -0.4064688  -0.13833545]
 [ 0.46326519  0.75580901  0.46275059  0.01515991]
 [ 0.17601691 -0.59023135  0.78781026 -0.35119993]
 [ 0.          0.          0.          1.        ]]","[[ 0.88426903 -0.01935134 -0.4665767  -0.12611963]
 [ 0.23477373  0.88211121  0.40836395  0.01511018]
 [ 0.40367015 -0.47064354  0.7845668  -0.34129511]
 [ 0.          0.          0.          1.        ]]"
single_object,97,166,28,18,30,0.7277907573081087,0.6367314376887572,0.0026241384488263787,0.0023942927162483004,"[[ 0.47321841  0.27133519 -0.83811786  0.0438422 ]
 [ 0.46999629  0.72691168  0.5007024   0.0557085 ]
 [ 0.74509585 -0.63085388  0.21646146 -0.38432504]
 [ 0.          0.          0.          1.        ]]","[[ 0.39833509 -0.72167112 -0.56614481  0.05759687]
 [ 0.63875162  0.66121416 -0.3934364   0.05312363]
 [ 0.65827466 -0.20490639  0.7243534  -0.38478185]
 [ 0.          0.          0.          1.        ]]"
single_object,97,166,37,108,30,0.4204794118909023,0.44666685736352063,0.0027784692287756646,0.002637204508640194,"[[-0.96479472  0.19514254  0.17632509 -0.12769716]
 [ 0.04212985  0.77644029 -0.62878101  0.01528515]
 [-0.25960783 -0.59921604 -0.75732682 -0.35406477]
 [ 0.          0.          0.          1.        ]]","[[-0.91947152  0.19127645  0.3434901  -0.12708855]
 [-0.05523528  0.80216012 -0.59454874  0.01714242]
 [-0.38925724 -0.5656434  -0.72699817 -0.3563522 ]
 [ 0.          0.          0.          1.        ]]"
single_object,97,167,28,37,11,0.675138184511938,0.737249985754174,0.0024000239137923064,0.0018089038682959006,"[[ 0.73927924  0.26668348 -0.61834143  0.0463323 ]
 [ 0.21205032 -0.96371827 -0.16211649  0.06838745]
 [-0.63914073 -0.01127014 -0.76900723 -0.40187741]
 [ 0.          0.          0.          1.        ]]","[[ 0.74842135  0.09897827 -0.6557963   0.04907294]
 [-0.05038127 -0.9774595  -0.20502353  0.069758  ]
 [-0.6613072   0.18648383 -0.72656491 -0.40562544]
 [ 0.          0.          0.          1.        ]]"
single_object,97,167,37,84,30,0.3415380654757648,0.3920036041705402,0.0027330655861978054,0.0023385011016452684,"[[ 0.95083    -0.27250677 -0.14718144 -0.13040754]
 [ 0.30540829  0.74601745  0.59176325  0.04908692]
 [-0.05145957 -0.60761668  0.79256159 -0.34434229]
 [ 0.          0.          0.          1.        ]]","[[ 0.98882372  0.12478979  0.08157917 -0.12564577]
 [-0.14907638  0.83482058  0.52995361  0.04354307]
 [-0.00197117 -0.53619223  0.8440936  -0.33583119]
 [ 0.          0.          0.          1.        ]]"
single_object,97,168,28,19,30,0.8518434098809049,0.8794233289646134,0.002400069979744305,0.0025587543688414182,"[[ 0.61476066 -0.05289004 -0.78693835  0.05095855]
 [ 0.57644004  0.71111981  0.40252391  0.05729021]
 [ 0.53831794 -0.70107864  0.46765642 -0.39265316]
 [ 0.          0.          0.          1.        ]]","[[ 0.7757499   0.0231429  -0.63061596  0.0546535 ]
 [ 0.38751234  0.77123843  0.50500047  0.05686861]
 [ 0.49804244 -0.63612553  0.58931998 -0.39156013]
 [ 0.          0.          0.          1.        ]]"
single_object,97,168,37,135,30,0.3504054691857721,0.362269197213919,0.0028728072930578456,0.0025336213759307217,"[[ 0.99357823 -0.11228817 -0.01391663 -0.123708  ]
 [ 0.0946476   0.75741908  0.64603264  0.04968243]
 [-0.06200111 -0.64320114  0.76318291 -0.34247814]
 [ 0.          0.          0.          1.        ]]","[[ 0.97543774  0.10854292 -0.19167589 -0.11841407]
 [ 0.02315942  0.81480672  0.57926993  0.05172151]
 [ 0.21905445 -0.56948086  0.79227943 -0.3419892 ]
 [ 0.          0.          0.          1.        ]]"
single_object,97,169,37,52,30,0.28093222157067466,0.3895078590940946,0.0027947358284142925,0.0023287432897832736,"[[-0.97638868 -0.09524993  0.19388811 -0.10389904]
 [-0.20569394  0.68413152 -0.69975286  0.02802011]
 [-0.06599355 -0.72311238 -0.68757061 -0.36340694]
 [ 0.          0.          0.          1.        ]]","[[-0.9538614   0.26411579 -0.14279801 -0.11284474]
 [ 0.29096577  0.69579674 -0.65666264  0.02961026]
 [-0.07407658 -0.66791448 -0.74054231 -0.36498275]
 [ 0.          0.          0.          1.        ]]"
single_object,97,169,28,24,10,0.7594164909681463,0.9614792865690353,0.0024634499391895455,0.001868815038076946,"[[-0.86639814  0.24442716 -0.43544188  0.04976575]
 [ 0.48889836  0.59271954 -0.64004839  0.04855791]
 [ 0.1016497  -0.76742355 -0.63303115 -0.40161904]
 [ 0.          0.          0.          1.        ]]","[[-0.48818796  0.00789901  0.87270277  0.05215768]
 [-0.63235672  0.68597561 -0.35994783  0.05102572]
 [-0.60149604 -0.72758166 -0.32989005 -0.40268748]
 [ 0.          0.          0.          1.        ]]"
single_object,97,170,37,27,30,0.24441854145511235,0.3645432571976144,0.0028179742549991455,0.0026497441433450944,"[[-0.98246736  0.18603655  0.01217717 -0.09644699]
 [-0.11232083 -0.64277233  0.75777818  0.03230471]
 [ 0.14880159  0.74312458  0.65239862 -0.33435817]
 [ 0.          0.          0.          1.        ]]","[[-0.99729559  0.07240478 -0.01261186 -0.11370279]
 [-0.05909154 -0.68791839  0.72337852  0.04722679]
 [ 0.04370013  0.72216746  0.69033649 -0.33999618]
 [ 0.          0.          0.          1.        ]]"
single_object,97,170,28,19,30,0.5146162174482877,0.47706422018348627,0.0027781478350118413,0.0024885600702972354,"[[ 6.38878580e-02  9.97953665e-01  2.61217582e-03  4.51308076e-02]
 [-9.97016042e-01  6.39410405e-02 -4.32499097e-02  5.36019960e-02]
 [-4.33284312e-02  1.58762892e-04  9.99060870e-01 -4.05340835e-01]
 [ 0.00000000e+00  0.00000000e+00  0.00000000e+00  1.00000000e+00]]","[[-0.20699095  0.6092701   0.76547024  0.04433879]
 [ 0.04597604  0.78760843 -0.61445843  0.02913371]
 [-0.97726197 -0.09199404 -0.19103964 -0.39722539]
 [ 0.          0.          0.          1.        ]]"
single_object,97,171,37,103,30,0.26411991018178177,0.3075272815686723,0.002783285086679682,0.002702183964710613,"[[-0.9831293  -0.04134446 -0.17817804 -0.13529175]
 [ 0.10329045  0.67844816 -0.72735079  0.04239726]
 [ 0.15095649 -0.73348397 -0.66273178 -0.375713  ]
 [ 0.          0.          0.          1.        ]]","[[-0.96008972  0.10749401  0.2582107  -0.12380259]
 [-0.14124363  0.61049085 -0.77932738  0.04614324]
 [-0.2414083  -0.78469482 -0.57094314 -0.38597005]
 [ 0.          0.          0.          1.        ]]"
single_object,97,171,28,14,30,0.5849905977548578,0.7166790130491766,0.002973116500208918,0.0019265794560138804,"[[ 0.90677944 -0.42156192  0.00604919  0.05724297]
 [-0.41413171 -0.88792408  0.20021429  0.06202662]
 [-0.07903149 -0.18405536 -0.97973346 -0.41175203]
 [ 0.          0.          0.          1.        ]]","[[ 0.46361088  0.02869209 -0.88557423  0.05162949]
 [-0.34343824 -0.91552054 -0.2094572   0.06621583]
 [-0.81677116  0.40124669 -0.41459132 -0.4231443 ]
 [ 0.          0.          0.          1.        ]]"
single_object,97,172,28,21,12,0.9176021425722264,0.9316770186335404,0.0022911295864329953,0.0018416538121754935,"[[-0.17231022  0.00546609  0.98502757  0.0540007 ]
 [-0.79569372  0.58870833 -0.14245702  0.04535025]
 [-0.58067262 -0.80832705 -0.09709112 -0.40893628]
 [ 0.          0.          0.          1.        ]]","[[-0.55160109  0.05247602  0.83245571  0.05264877]
 [-0.64339066  0.60838039 -0.46467382  0.04845117]
 [-0.53083396 -0.79190881 -0.3018207  -0.4133518 ]
 [ 0.          0.          0.          1.        ]]"
single_object,97,173,28,6,20,0.6813493646361616,0.899652401846259,0.0030776025647772107,0.0025440946898007194,"[[-0.92064393 -0.26323655  0.2883076   0.04508418]
 [-0.3700181   0.35283489 -0.859415    0.04140262]
 [ 0.12450446 -0.89789423 -0.42223759 -0.41156344]
 [ 0.          0.          0.          1.        ]]","[[-0.03578248 -0.09775841 -0.99456669  0.04619106]
 [ 0.80011027  0.59349245 -0.08712216  0.05099936]
 [ 0.59878474 -0.79888047  0.05698087 -0.41061598]
 [ 0.          0.          0.          1.        ]]"
single_object,97,174,28,9,30,0.7875662430907744,0.653883412160237,0.0025680098918119004,0.0024847595025987955,"[[ 0.38074023  0.23237204 -0.89500844  0.05273317]
 [ 0.72065613  0.53190591  0.44466937  0.0536977 ]
 [ 0.579389   -0.81429684  0.03505764 -0.41559038]
 [ 0.          0.          0.          1.        ]]","[[ 0.47516799 -0.49065616 -0.73039161  0.05968939]
 [ 0.83181337  0.52113324  0.19106716  0.04973881]
 [ 0.28688307 -0.69833851  0.65576019 -0.41222306]
 [ 0.          0.          0.          1.        ]]"
single_object,97,175,28,5,30,0.6913784261211465,0.8565160408000456,0.0027288898354909273,0.0027830267539967852,"[[ 0.76859131  0.38781889  0.50878669  0.05989631]
 [-0.63158757  0.58655466  0.50700175  0.04427232]
 [-0.10180635 -0.71102049  0.6957624  -0.41076869]
 [ 0.          0.          0.          1.        ]]","[[ 0.78746883 -0.13462003 -0.60147343  0.05803449]
 [ 0.51330627  0.68343186  0.51907376  0.0509846 ]
 [ 0.34118837 -0.71749449  0.60728259 -0.41668299]
 [ 0.          0.          0.          1.        ]]"
single_object,97,176,28,24,17,0.5899481451934583,0.8359450680950482,0.0027075177288216536,0.0025477442008020124,"[[ 0.37471417 -0.11562392 -0.91990239  0.05122964]
 [ 0.82618345  0.49188819  0.27471242  0.04724178]
 [ 0.42072579 -0.86294677  0.27984404 -0.42673329]
 [ 0.          0.          0.          1.        ]]","[[ 0.39308995 -0.08029217 -0.9159877   0.05291   ]
 [ 0.75082008  0.6030944   0.2693443   0.0484213 ]
 [ 0.53080081 -0.79361849  0.29735532 -0.42201482]
 [ 0.          0.          0.          1.        ]]"
single_object,97,177,28,14,16,0.6572454270898627,0.8765171804661235,0.002801813025136868,0.0018501164079300335,"[[-0.45026147 -0.25954003  0.85434395  0.06062211]
 [-0.89232802  0.16494014 -0.42017312  0.03566462]
 [-0.03186387 -0.95154281 -0.30586103 -0.43039166]
 [ 0.          0.          0.          1.        ]]","[[-2.23701212e-01  9.42966337e-04  9.74657313e-01  5.63094271e-02]
 [-8.73078889e-01  4.44303704e-01 -2.00817012e-01  3.88910008e-02]
 [-4.33233219e-01 -8.95875733e-01 -9.85679934e-02 -4.30339588e-01]
 [ 0.00000000e+00  0.00000000e+00  0.00000000e+00  1.00000000e+00]]"
single_object,97,178,28,26,30,0.59610234201379,0.8593652059946436,0.00315495609605133,0.002176848462819556,"[[-0.38849481 -0.30133045  0.870788    0.05952406]
 [-0.88554837 -0.13912739 -0.44322415  0.0321402 ]
 [ 0.2547074  -0.94331518 -0.21279242 -0.43660359]
 [ 0.          0.          0.          1.        ]]","[[-0.97592147  0.04145664  0.21414629  0.05860987]
 [-0.18293728  0.3791145  -0.90708663  0.03577255]
 [-0.11879072 -0.92442065 -0.36240202 -0.43529513]
 [ 0.          0.          0.          1.        ]]"
single_object,97,179,28,11,28,0.49222177901874753,0.6959370904325033,0.002579060130872816,0.002736994814315373,"[[ 0.77422383 -0.38074285 -0.5055812   0.04945323]
 [ 0.63081599  0.39925439  0.66533233  0.04224077]
 [-0.05146502 -0.83404485  0.54929094 -0.43077486]
 [ 0.          0.          0.          1.        ]]","[[-0.03123831 -0.74492395 -0.66641765  0.05670793]
 [ 0.99662755  0.02740251 -0.0773475   0.03871849]
 [ 0.07587952 -0.66658639  0.74155572 -0.42809408]
 [ 0.          0.          0.          1.        ]]"
single_object,97,180,28,13,28,0.6636275571257622,0.7105817995327369,0.0027077134128022243,0.002367183515953534,"[[ 0.5490549   0.00816845 -0.83574637  0.05734635]
 [-0.70658452 -0.52955118 -0.46937603  0.03703211]
 [-0.44640455  0.84823866 -0.28498097 -0.45521041]
 [ 0.          0.          0.          1.        ]]","[[ 0.4797009   0.07234306 -0.8744447   0.0592737 ]
 [-0.64200897 -0.65037708 -0.40599772  0.03741147]
 [-0.5980899   0.75615881 -0.26554157 -0.4588361 ]
 [ 0.          0.          0.          1.        ]]"
single_object,97,181,28,18,29,0.6648242065074933,0.7954299390278649,0.0025578684388649383,0.0023635253420063646,"[[-0.80127052  0.13157465  0.58365544  0.06226082]
 [-0.56932152  0.13225617 -0.811407    0.0135252 ]
 [-0.18395262 -0.9824441  -0.03106469 -0.44739925]
 [ 0.          0.          0.          1.        ]]","[[-0.9722218   0.02108922  0.23310944  0.06429915]
 [-0.21282551  0.33485906 -0.91791869  0.01458813]
 [-0.09741699 -0.9420322  -0.32106895 -0.44627209]
 [ 0.          0.          0.          1.        ]]"
single_object,97,182,28,15,30,0.853097042566528,0.9169753262294148,0.0023095009827523915,0.002187682474775106,"[[-0.02169939  0.01965912  0.99957124  0.06133329]
 [-0.92315859  0.38342858 -0.02758167  0.01707556]
 [-0.38380641 -0.92336127  0.00982832 -0.43883446]
 [ 0.          0.          0.          1.        ]]","[[-0.74079036 -0.1152722   0.66177183  0.06382096]
 [-0.64507344  0.39688186 -0.65296635  0.02014588]
 [-0.18737636 -0.91060261 -0.36836529 -0.4424934 ]
 [ 0.          0.          0.          1.        ]]"
single_object,97,183,28,16,30,0.659695709157217,0.6732007521796114,0.002550415983543836,0.00213837627361907,"[[ 0.69968778  0.25671882 -0.66673268  0.05830066]
 [-0.07851552 -0.89993064 -0.42890576  0.03520003]
 [-0.71012135  0.35244898 -0.60951406 -0.45249247]
 [ 0.          0.          0.          1.        ]]","[[ 0.51546763 -0.05504921 -0.855139    0.06140431]
 [-0.61350018 -0.72042219 -0.32343375  0.03698127]
 [-0.59825634  0.69134756 -0.40512702 -0.45584846]
 [ 0.          0.          0.          1.        ]]"
single_object,97,184,28,10,22,0.6840275799190837,0.7071058179953273,0.0021387266585425353,0.002153429952703884,"[[ 0.36599471  0.56078459 -0.74267659  0.0523446 ]
 [-0.14218374 -0.75498209 -0.64014516  0.03928489]
 [-0.91969106  0.33988628 -0.196585   -0.44958628]
 [ 0.          0.          0.          1.        ]]","[[ 0.72860361  0.35467056 -0.58595697  0.05423607]
 [-0.17944161 -0.72677012 -0.66302782  0.03872199]
 [-0.66101247  0.58822953 -0.46588468 -0.4517828 ]
 [ 0.          0.          0.          1.        ]]"
single_object,97,185,28,6,15,0.9091686135962163,0.860219955553023,0.002591480611791295,0.001834398711909714,"[[-0.26033185 -0.04617652  0.96441436  0.06025585]
 [-0.78273941  0.59489544 -0.1828071   0.02678707]
 [-0.56528431 -0.80247564 -0.19101441 -0.42946721]
 [ 0.          0.          0.          1.        ]]","[[-0.2384822  -0.07594053  0.96817316  0.05994035]
 [-0.87071769  0.45823152 -0.17853452  0.0314088 ]
 [-0.43008946 -0.88558281 -0.17540282 -0.43346784]
 [ 0.          0.          0.          1.        ]]"
single_object,97,186,28,34,30,0.6092654852128326,0.5823693657758277,0.0030330176873838944,0.00268923872268182,"[[ 0.75657802 -0.25446173 -0.60236113  0.05895466]
 [ 0.50954203  0.80675428  0.29918965  0.037157  ]
 [ 0.4098251  -0.53328863  0.7400315  -0.42609957]
 [ 0.          0.          0.          1.        ]]","[[ 0.65622231 -0.35361033 -0.66658234  0.06136312]
 [ 0.6481253   0.71651491  0.25795344  0.04520103]
 [ 0.38640119 -0.60130368  0.69937687 -0.42952435]
 [ 0.          0.          0.          1.        ]]"
single_object,97,187,28,16,30,0.7448857484756967,0.8558322411533421,0.002038120198122396,0.0021436573645923643,"[[-0.44629238  0.18393234  0.8757808   0.05922634]
 [-0.78295649  0.39366836 -0.48166831  0.03520131]
 [-0.43336157 -0.90066316 -0.03168017 -0.42964424]
 [ 0.          0.          0.          1.        ]]","[[-0.97798245  0.03371921  0.20594501  0.06056612]
 [-0.15468575  0.54529818 -0.82384599  0.03479389]
 [-0.14008087 -0.83756368 -0.52807616 -0.42818596]
 [ 0.          0.          0.          1.        ]]"
single_object,97,188,28,11,30,0.7924668072254829,0.9047808991965354,0.0027502993132002065,0.0025207008322995464,"[[ 0.2845098   0.29368289 -0.91258125  0.05556729]
 [ 0.6592372   0.63119534  0.40865481  0.04114284]
 [ 0.69603196 -0.71787381 -0.01402543 -0.41663052]
 [ 0.          0.          0.          1.        ]]","[[ 0.70366203 -0.03674715 -0.70958396  0.05819767]
 [ 0.52645256  0.69765324  0.48592968  0.04499133]
 [ 0.47718702 -0.71549256  0.51025773 -0.41647495]
 [ 0.          0.          0.          1.        ]]"
single_object,97,188,37,119,30,0.36389965531543644,0.3998340937370386,0.0029545303318489428,0.002581244954748068,"[[ 0.99261989  0.1064255   0.05813225 -0.09624221]
 [-0.11032033  0.59345927  0.79726753  0.07786703]
 [ 0.05035047 -0.79779678  0.60082038 -0.34370144]
 [ 0.          0.          0.          1.        ]]","[[ 0.99452577  0.10245449  0.02053225 -0.09848351]
 [-0.08187236  0.64195571  0.76235804  0.07450449]
 [ 0.06492621 -0.75986574  0.64682968 -0.33934246]
 [ 0.          0.          0.          1.        ]]"
single_object,97,189,28,8,30,0.6289817083594507,0.9269474044105077,0.0025780906479685333,0.0019234967040057146,"[[ 0.55136832 -0.23132889  0.80154845  0.05585934]
 [-0.77009287  0.22839309  0.59564551  0.04233827]
 [-0.32085814 -0.94568681 -0.05221602 -0.42547503]
 [ 0.          0.          0.          1.        ]]","[[-0.31173002  0.01943281  0.94997198  0.0568762 ]
 [-0.73814839  0.62459042 -0.25499758  0.0398059 ]
 [-0.59829871 -0.78071069 -0.18035929 -0.42183192]
 [ 0.          0.          0.          1.        ]]"
single_object,97,189,37,287,30,0.4129850255295413,0.40770749009568213,0.002806755491865768,0.0026189849983854385,"[[ 0.9994132  -0.0326582  -0.01032947 -0.10802992]
 [ 0.02922119  0.65557075  0.75456816  0.06680465]
 [-0.01787114 -0.75442722  0.65614037 -0.33212362]
 [ 0.          0.          0.          1.        ]]","[[ 0.99807049 -0.06183072 -0.00568009 -0.10514581]
 [ 0.04554093  0.66678655  0.74385598  0.07148839]
 [-0.04220574 -0.74267938  0.6683158  -0.33612545]
 [ 0.          0.          0.          1.        ]]"
single_object,97,190,28,22,18,0.8765741637700154,0.9599977206678443,0.0024507192286981777,0.001954994138097909,"[[ 0.03068024 -0.28618825  0.9576821   0.05877365]
 [-0.83685274  0.51657648  0.18118012  0.04248827]
 [-0.54656767 -0.80699754 -0.22364873 -0.41899657]
 [ 0.          0.          0.          1.        ]]","[[-0.56987062  0.01644756  0.82156981  0.05680626]
 [-0.64497521  0.61055193 -0.45960125  0.04064363]
 [-0.50917036 -0.79180541 -0.33732734 -0.41783617]
 [ 0.          0.          0.          1.        ]]"
single_object,97,190,37,78,30,0.3729100816659277,0.44407099643873627,0.0027159585801732186,0.0026177439035824862,"[[ 0.90817458  0.19855557 -0.36850322 -0.09562828]
 [ 0.13899246  0.68735102  0.71290228  0.07417745]
 [ 0.39484179 -0.6986589   0.596637   -0.33321627]
 [ 0.          0.          0.          1.        ]]","[[ 0.95424213  0.12784238 -0.27032994 -0.09785667]
 [ 0.10814176  0.69529306  0.7105441   0.06659528]
 [ 0.27879618 -0.70726507  0.64965283 -0.32964177]
 [ 0.          0.          0.          1.        ]]"
single_object,97,191,28,31,30,0.5611145934241267,0.6513761467889908,0.0027260244354837316,0.0027581429263195787,"[[-0.89880712 -0.36551795  0.24195535  0.062017  ]
 [ 0.42610656 -0.8580722   0.28661001  0.05959521]
 [ 0.10285406  0.36070588  0.926991   -0.41317191]
 [ 0.          0.          0.          1.        ]]","[[-0.13230354 -0.15962025  0.97827253  0.06510941]
 [ 0.51356171 -0.8551859  -0.07008165  0.05944434]
 [ 0.84779133  0.49313127  0.19511897 -0.41801896]
 [ 0.          0.          0.          1.        ]]"
single_object,97,191,37,76,30,0.42519915902687394,0.4588595374647807,0.0028642871946951095,0.0025509702313643505,"[[ 0.94839504  0.15136953 -0.278629   -0.11691051]
 [ 0.09827238  0.69512774  0.71213761  0.05660909]
 [ 0.30147868 -0.70276931  0.64438025 -0.32617527]
 [ 0.          0.          0.          1.        ]]","[[ 0.99898054  0.00533771 -0.04482618 -0.11189866]
 [ 0.0276855   0.7118784   0.70175684  0.06261429]
 [ 0.03565656 -0.70228246  0.71100489 -0.32861941]
 [ 0.          0.          0.          1.        ]]"
single_object,97,192,37,109,30,0.3891431513608604,0.3656874383214863,0.002863757630525489,0.0024233959899378293,"[[ 0.99334811  0.05726251 -0.09990268 -0.12356565]
 [ 0.02447498  0.7427685   0.66910083  0.05263878]
 [ 0.11251896 -0.66709516  0.73642619 -0.32592335]
 [ 0.          0.          0.          1.        ]]","[[ 0.94687022  0.01761618  0.3211331  -0.12690928]
 [-0.22485276  0.75017669  0.62183291  0.05875899]
 [-0.22995224 -0.66100273  0.71428101 -0.32391567]
 [ 0.          0.          0.          1.        ]]"
single_object,97,192,28,11,30,0.6137101829164054,0.9175451592683344,0.0025747055070614077,0.002692533561755181,"[[ 0.64268389  0.10967116 -0.75824116  0.05557351]
 [ 0.56311497  0.60345128  0.56457779  0.04980945]
 [ 0.5194795  -0.789822    0.32607095 -0.40944019]
 [ 0.          0.          0.          1.        ]]","[[ 0.77189278 -0.07441431 -0.63138265  0.05859686]
 [ 0.41133212  0.81570467  0.40673306  0.04901598]
 [ 0.48475501 -0.57366227  0.66024554 -0.40286368]
 [ 0.          0.          0.          1.        ]]"
single_object,97,193,28,15,25,0.6556498945808878,0.9482591600661007,0.0027202684539961593,0.0024570828390158227,"[[ 0.75530289 -0.14400081 -0.63936008  0.05302536]
 [ 0.60959665  0.51257602  0.60469642  0.0505646 ]
 [ 0.24064387 -0.84648071  0.47493256 -0.405616  ]
 [ 0.          0.          0.          1.        ]]","[[ 0.60242293 -0.06231759 -0.79574062  0.05584362]
 [ 0.52704085  0.77976141  0.33793505  0.05055443]
 [ 0.59942853 -0.62296763  0.50259007 -0.40105456]
 [ 0.          0.          0.          1.        ]]"
single_object,97,193,37,68,30,0.3935196441596705,0.4462806962342139,0.0029538619786538814,0.002668610873407432,"[[-0.9949719   0.02386437  0.09726976 -0.11221761]
 [-0.05173357  0.70914225 -0.70316493  0.03416747]
 [-0.08575868 -0.70466146 -0.70434202 -0.34675077]
 [ 0.          0.          0.          1.        ]]","[[-0.92335022  0.03321369  0.38251957 -0.11878355]
 [-0.25313666  0.69641982 -0.67150671  0.0329497 ]
 [-0.28869743 -0.71686559 -0.63463179 -0.34560882]
 [ 0.          0.          0.          1.        ]]"
single_object,97,194,37,157,30,0.4556558303179393,0.4677483945708606,0.002729270731297331,0.0026578853411261157,"[[-0.98763154  0.15595153  0.01621923 -0.11263072]
 [ 0.11096474  0.768296   -0.63040311  0.03289223]
 [-0.11077349 -0.62080623 -0.77609848 -0.34047586]
 [ 0.          0.          0.          1.        ]]","[[-0.98035518  0.18698879 -0.06276083 -0.11160135]
 [ 0.18389496  0.75146407 -0.63362796  0.03465084]
 [-0.07131882 -0.63272185 -0.77108799 -0.34374277]
 [ 0.          0.          0.          1.        ]]"
single_object,97,194,28,16,30,0.8016411191520885,0.9682033164282865,0.0026977383014459566,0.0018747340185150186,"[[-0.90575451  0.32445519 -0.27264923  0.05157464]
 [ 0.42313809  0.65632384 -0.62465444  0.04158314]
 [-0.02372618 -0.68115185 -0.73175763 -0.40267097]
 [ 0.          0.          0.          1.        ]]","[[-0.3936866  -0.01193431  0.91916725  0.05596621]
 [-0.64266184  0.71851795 -0.26592803  0.04443418]
 [-0.6572645  -0.69540602 -0.29054061 -0.4054835 ]
 [ 0.          0.          0.          1.        ]]"
single_object,97,195,37,145,18,0.3817631831118866,0.44011642042935395,0.00289962599396901,0.0027136748394132083,"[[ 0.938256   -0.25684443 -0.23174687 -0.1197441 ]
 [ 0.3456685   0.7226769   0.59854104  0.04455705]
 [ 0.01374618 -0.64169232  0.76683897 -0.32449277]
 [ 0.          0.          0.          1.        ]]","[[ 0.96070278 -0.25091552 -0.11870792 -0.11932404]
 [ 0.27362023  0.78406503  0.5571122   0.04861303]
 [-0.04671337 -0.56770013  0.82190901 -0.32220783]
 [ 0.          0.          0.          1.        ]]"
single_object,97,195,28,12,17,0.6109749843295914,0.9822212091857085,0.002700345775369754,0.0018803422622705583,"[[-0.85160892 -0.46717774  0.23771244  0.05038255]
 [-0.49409116  0.56400857 -0.66164058  0.04361026]
 [ 0.1750319  -0.68091064 -0.71114312 -0.40404095]
 [ 0.          0.          0.          1.        ]]","[[-0.27593122 -0.05364984  0.95967893  0.05528446]
 [-0.6077748   0.78323571 -0.13096418  0.04530293]
 [-0.7446286  -0.61940578 -0.2487262  -0.40279222]
 [ 0.          0.          0.          1.        ]]"
single_object,97,196,28,22,17,0.6867627785058977,0.727334890876973,0.0026934148694238076,0.0021237874917859117,"[[ 0.98021732  0.05708984 -0.18951187  0.0576598 ]
 [-0.01978828 -0.92443183 -0.38083357  0.05142909]
 [-0.19693253  0.37704978 -0.90501439 -0.42066984]
 [ 0.          0.          0.          1.        ]]","[[ 0.35753688 -0.12449108 -0.92556434  0.0594386 ]
 [-0.0419471  -0.99221589  0.11725213  0.05892902]
 [-0.9329565  -0.00309722 -0.35997581 -0.42321147]
 [ 0.          0.          0.          1.        ]]"
single_object,97,196,37,186,30,0.544108182325262,0.5131795363205995,0.002253450320166837,0.0023087305705682634,"[[-0.86585353 -0.0317407   0.49928969 -0.10830254]
 [-0.34309263  0.76401711 -0.5464113   0.04231484]
 [-0.36412239 -0.64441476 -0.67241691 -0.32924389]
 [ 0.          0.          0.          1.        ]]","[[-0.90970802  0.0038106   0.41523102 -0.11010069]
 [-0.26823458  0.75794524 -0.59461687  0.05090593]
 [-0.31698822 -0.65230706 -0.68848672 -0.33675775]
 [ 0.          0.          0.          1.        ]]"
single_object,97,197,37,166,30,0.47923311260172485,0.5010655186716058,0.0027704389031702904,0.0028079803021382184,"[[ 0.96652151 -0.10484795 -0.23418599 -0.09672194]
 [-0.21736598 -0.81954903 -0.53018056  0.0477336 ]
 [-0.13633856  0.56333498 -0.81490214 -0.33153103]
 [ 0.          0.          0.          1.        ]]","[[ 0.97238972 -0.10678439 -0.20749777 -0.0949876 ]
 [-0.2051219  -0.81510906 -0.54177692  0.04757457]
 [-0.11128     0.56938064 -0.81450749 -0.33449742]
 [ 0.          0.          0.          1.        ]]"
single_object,97,197,28,8,30,0.48526981594392843,0.8399908826713773,0.003020295402617167,0.0020742591937240105,"[[ 0.92357021  0.01246919 -0.38322654  0.05313804]
 [-0.21446089 -0.81171222 -0.5432585   0.0460676 ]
 [-0.31784366  0.58392447 -0.74699908 -0.41930995]
 [ 0.          0.          0.          1.        ]]","[[ 0.75847493 -0.03062284 -0.65098235  0.05575465]
 [-0.31805697 -0.88925071 -0.32874448  0.03520637]
 [-0.56881943  0.45639392 -0.68421418 -0.41632218]
 [ 0.          0.          0.          1.        ]]"
single_object,97,198,37,137,30,0.42383329281025184,0.444564424548406,0.0029752791807644238,0.0026477776884354883,"[[-0.97813456 -0.01714549  0.2072651  -0.10112895]
 [-0.1573051   0.71290698 -0.6833877   0.06985224]
 [-0.13604372 -0.70104898 -0.70001602 -0.35534572]
 [ 0.          0.          0.          1.        ]]","[[-0.97570295  0.21664357 -0.03270036 -0.09843158]
 [ 0.17744961  0.69383878 -0.69792506  0.07434709]
 [-0.1285122  -0.6867702  -0.71542386 -0.35696102]
 [ 0.          0.          0.          1.        ]]"
single_object,97,198,28,8,30,0.6146219157786769,0.7609550401732292,0.0026947232544852384,0.0025258814924560935,"[[ 0.97264875 -0.04585192 -0.22771036  0.05706248]
 [ 0.20034227  0.66169907  0.72250766  0.04458922]
 [ 0.11754737 -0.74836618  0.65278685 -0.41265146]
 [ 0.          0.          0.          1.        ]]","[[ 0.17546171 -0.55813392 -0.81098688  0.05862668]
 [ 0.75549525  0.60450948 -0.25257715  0.0384741 ]
 [ 0.63122113 -0.56837912  0.52773579 -0.40873185]
 [ 0.          0.          0.          1.        ]]"
single_object,97,199,37,122,30,0.3416095767960068,0.5117278565196871,0.002847987821508092,0.002285373345805761,"[[-0.94708952 -0.03461047  0.31909804 -0.09333145]
 [-0.28059793  0.57197955 -0.77078155  0.06097074]
 [-0.15584044 -0.81953738 -0.55142746 -0.33152626]
 [ 0.          0.          0.          1.        ]]","[[-0.82016826 -0.01332335  0.57196723 -0.10943387]
 [-0.4428037   0.6478371  -0.61986448  0.05477769]
 [-0.36228292 -0.76166238 -0.53723506 -0.3417887 ]
 [ 0.          0.          0.          1.        ]]"
single_object,97,199,28,9,11,0.8712177332041712,0.95202005812297,0.0023863788569450394,0.001881938791036353,"[[-0.92669315 -0.11064921  0.35916091  0.05771148]
 [-0.34294974  0.63983538 -0.68774717  0.03255509]
 [-0.15370518 -0.76050473 -0.63087818 -0.42059684]
 [ 0.          0.          0.          1.        ]]","[[-0.78199171  0.01926096  0.62299115  0.05981656]
 [-0.41071874  0.73590013 -0.53829464  0.03634884]
 [-0.46882734 -0.67681609 -0.56755697 -0.42273977]
 [ 0.          0.          0.          1.        ]]"
single_object,97,200,28,14,22,0.7786198643797367,0.9304803692518092,0.0023508649901126813,0.002032482680427419,"[[-0.06167444 -0.19504686  0.97885289  0.05789814]
 [-0.8642211   0.50106053  0.04538979  0.03236244]
 [-0.49931769 -0.84314593 -0.19946624 -0.42529525]
 [ 0.          0.          0.          1.        ]]","[[-0.49347343 -0.01867363  0.86956039  0.05910989]
 [-0.64070492  0.68392845 -0.34891127  0.03458261]
 [-0.58820165 -0.72931006 -0.34946481 -0.42531964]
 [ 0.          0.          0.          1.        ]]"
single_object,97,200,37,56,30,0.39138860681645904,0.45296700467684037,0.0027313120406459754,0.0026232095330978172,"[[ 0.89602986 -0.0967079   0.43333368 -0.1096917 ]
 [-0.24726705  0.70193566  0.66794111  0.07736194]
 [-0.36876755 -0.70564432  0.60504263 -0.31720032]
 [ 0.          0.          0.          1.        ]]","[[ 0.91284971 -0.10005158  0.39584732 -0.10320509]
 [-0.20958021  0.71721901  0.66458485  0.0802142 ]
 [-0.35040198 -0.68962785  0.63374433 -0.31815989]
 [ 0.          0.          0.          1.        ]]"
single_object,97,201,37,117,30,0.40381727427451763,0.41276334043679114,0.0027693549788531564,0.0027399805572737457,"[[-0.94352101 -0.20267515 -0.26208948 -0.09380144]
 [-0.1045156  -0.56859361  0.81595208  0.08286428]
 [-0.31439561  0.79726037  0.5152973  -0.32445588]
 [ 0.          0.          0.          1.        ]]","[[-0.97478817 -0.22294028  0.00925539 -0.09740583]
 [ 0.13903321 -0.57442257  0.80666503  0.08626269]
 [-0.17452163  0.78761433  0.59093643 -0.32779161]
 [ 0.          0.          0.          1.        ]]"
single_object,97,201,28,21,10,0.7024331870761866,0.8190210268391361,0.0024525734518043205,0.0021970806049998264,"[[ 0.96182343  0.14711553 -0.23076547  0.06051652]
 [-0.02926649 -0.78309478 -0.62121335  0.02830118]
 [-0.27210137  0.60425126 -0.74889336 -0.42691671]
 [ 0.          0.          0.          1.        ]]","[[ 0.60844452  0.12135496 -0.78426286  0.05857425]
 [-0.43257423 -0.77780778 -0.45595459  0.02967934]
 [-0.66533811  0.61667498 -0.42075785 -0.42533864]
 [ 0.          0.          0.          1.        ]]"
single_object,97,202,28,15,30,0.6491537979372044,0.5624252094136418,0.0025942814450114126,0.0024137512738705196,"[[ 0.99874415 -0.04941871  0.00824137  0.06282575]
 [ 0.03307918  0.77397894  0.63234672  0.04380945]
 [-0.03762841 -0.63127997  0.77464166 -0.42726852]
 [ 0.          0.          0.          1.        ]]","[[ 0.78735848 -0.37104833 -0.49233094  0.06664025]
 [ 0.40037648  0.91502294 -0.04931219  0.04101465]
 [ 0.46879131 -0.15829135  0.8690101  -0.42995463]
 [ 0.          0.          0.          1.        ]]"
single_object,97,203,37,70,30,0.3068836796864944,0.316373231882607,0.00286402599763299,0.0028014074624990435,"[[ 0.96776199  0.13122557  0.21498041 -0.08993625]
 [-0.24952798  0.61557707  0.74752971  0.09016646]
 [-0.034242   -0.77707446  0.62847654 -0.32664644]
 [ 0.          0.          0.          1.        ]]","[[ 0.94789394 -0.2046325   0.24417744 -0.09600171]
 [-0.06414365  0.62816147  0.77543456  0.0933016 ]
 [-0.31206198 -0.75069215  0.58230458 -0.33401939]
 [ 0.          0.          0.          1.        ]]"
single_object,97,203,28,25,30,0.6216878454612799,0.7704712519231866,0.0026196602214992376,0.0026147301127499908,"[[ 0.48312365 -0.14307603 -0.86378284  0.05853489]
 [ 0.5605069   0.80844297  0.17958835  0.02955508]
 [ 0.67262438 -0.57091962  0.47077302 -0.42777098]
 [ 0.          0.          0.          1.        ]]","[[ 0.7625723  -0.24784891 -0.5975403   0.06562465]
 [ 0.55593552  0.72340037  0.40942349  0.03534351]
 [ 0.33078571 -0.64440889  0.6894331  -0.42743619]
 [ 0.          0.          0.          1.        ]]"
single_object,97,204,28,12,18,0.6561057610120234,0.9297395863012138,0.0028121955917939077,0.0020524861711690777,"[[ 0.88963319  0.02471058  0.45600677  0.06004252]
 [-0.44395121  0.28086864  0.85089373  0.0314102 ]
 [-0.10705192 -0.95942806  0.26084035 -0.4310531 ]
 [ 0.          0.          0.          1.        ]]","[[-0.44616808 -0.04837336  0.8936409   0.06045152]
 [-0.76483049  0.53912481 -0.35267373  0.02711332]
 [-0.46472397 -0.84083557 -0.27753771 -0.43513561]
 [ 0.          0.          0.          1.        ]]"
single_object,97,205,28,9,23,0.7345717704712519,0.8914468060858168,0.002591410561227765,0.002699465007731089,"[[ 0.60520537 -0.02999639 -0.79550404  0.05919044]
 [ 0.62841926  0.63144178  0.45428021  0.03288388]
 [ 0.48868772 -0.77484288  0.40100227 -0.43426492]
 [ 0.          0.          0.          1.        ]]","[[ 0.54717587 -0.11864562 -0.8285661   0.06020571]
 [ 0.66610003  0.66116619  0.3452101   0.03223938]
 [ 0.50686223 -0.74079855  0.44080403 -0.43130537]
 [ 0.          0.          0.          1.        ]]"
single_object,97,206,28,12,30,0.7331471878739529,0.926548521283264,0.0024176092260885344,0.0019188942740096312,"[[-0.94319383  0.07740918 -0.3230994   0.05924512]
 [ 0.32218712  0.4505497  -0.83258659  0.0210543 ]
 [ 0.08112249 -0.889389   -0.44989593 -0.44108568]
 [ 0.          0.          0.          1.        ]]","[[-0.793222    0.00435088  0.60891701  0.06295269]
 [-0.52572597  0.49968812 -0.68842138  0.02029483]
 [-0.30726384 -0.86619447 -0.39407624 -0.44051116]
 [ 0.          0.          0.          1.        ]]"
single_object,97,207,28,10,15,0.5261268448344635,0.8711037665963872,0.002911294454520672,0.0018732748281987085,"[[-0.68614312 -0.38615697  0.61651473  0.05810837]
 [-0.67706773  0.02903668 -0.73534764  0.01036724]
 [ 0.26605808 -0.92197596 -0.28137774 -0.4406901 ]
 [ 0.          0.          0.          1.        ]]","[[-0.60965302 -0.04865826  0.79117354  0.06241861]
 [-0.71873028  0.45486544 -0.5258557   0.01852358]
 [-0.33429028 -0.88922989 -0.31228226 -0.44399045]
 [ 0.          0.          0.          1.        ]]"
single_object,97,208,28,26,18,0.8158869451250783,0.8126958801071286,0.00302656219946503,0.0023018666159796706,"[[-0.99940324  0.03442639  0.00282753  0.06087661]
 [ 0.01096136  0.39370396 -0.91917193  0.01704273]
 [-0.03275698 -0.91859241 -0.39384638 -0.44687334]
 [ 0.          0.          0.          1.        ]]","[[-0.99232457 -0.05360898  0.11143619  0.06483843]
 [-0.1236514   0.44115546 -0.8888713   0.01271639]
 [-0.00150919 -0.89582808 -0.44439822 -0.44623824]
 [ 0.          0.          0.          1.        ]]"
single_object,97,209,28,25,22,0.6747962846885862,0.6767907003248048,0.002615258364462733,0.002812985834700981,"[[-0.5325449  -0.81761417  0.21886755  0.06661234]
 [ 0.8459832  -0.50604653  0.16801589  0.02408961]
 [-0.02661501  0.27463427  0.96118035 -0.45143834]
 [ 0.          0.          0.          1.        ]]","[[-0.5265978  -0.80263765  0.28012062  0.06291964]
 [ 0.84730167 -0.52232653  0.09620232  0.0234108 ]
 [ 0.06909883  0.28800659  0.95513222 -0.45216445]
 [ 0.          0.          0.          1.        ]]"
single_object,97,210,28,10,30,0.5815715995213403,0.6053906205481794,0.003057470046417479,0.00287896713279293,"[[-0.43078198 -0.34692667  0.8331079   0.05651811]
 [-0.85830226 -0.1277209  -0.49699557 -0.00215407]
 [ 0.27882631 -0.92915513 -0.24274808 -0.44130914]
 [ 0.          0.          0.          1.        ]]","[[ 0.94907342  0.12707459 -0.28829098  0.05749106]
 [-0.29494955  0.03672308 -0.95480688 -0.00541612]
 [-0.11074476  0.99121313  0.07233349 -0.44785834]
 [ 0.          0.          0.          1.        ]]"
single_object,97,211,28,19,23,0.8416433984842441,0.7506410621687846,0.002869762525349922,0.0022507001016302997,"[[-0.27866985  0.17339976  0.94460343  0.05784621]
 [-0.86780257  0.37587978 -0.32501245 -0.00397386]
 [-0.41141441 -0.91030045  0.0457304  -0.45313265]
 [ 0.          0.          0.          1.        ]]","[[-0.98911769 -0.01918081  0.14587083  0.06089954]
 [-0.14261611  0.36860984 -0.91857903 -0.00773185]
 [-0.03615033 -0.92938629 -0.367334   -0.45359253]
 [ 0.          0.          0.          1.        ]]"
single_object,97,212,28,9,21,0.6379280870704883,0.7843181947689327,0.002526098134774137,0.0021601899654303917,"[[ 0.70940843  0.37964896 -0.59380665  0.0549594 ]
 [-0.52484956 -0.27774847 -0.8046047  -0.00144026]
 [-0.47039623  0.88245252  0.00222148 -0.46459042]
 [ 0.          0.          0.          1.        ]]","[[ 0.91585098  0.33189676  0.22596796  0.0580386 ]
 [ 0.35828624 -0.4215009  -0.83304739 -0.00353989]
 [-0.18124003  0.84390848 -0.50494606 -0.452717  ]
 [ 0.          0.          0.          1.        ]]"
single_object,97,213,28,32,24,0.7122343153456038,0.7458544646418599,0.002499071913254382,0.0025864297880027302,"[[-0.81714123  0.18822353  0.54484136  0.06321027]
 [ 0.45306517 -0.37465654  0.80892795  0.01411701]
 [ 0.35638765  0.90785703  0.22086978 -0.44379562]
 [ 0.          0.          0.          1.        ]]","[[-0.24360445  0.62209468  0.74408003  0.06055321]
 [ 0.55026525 -0.54311022  0.6342235   0.01722455]
 [ 0.79866453  0.56394105 -0.21001302 -0.45339412]
 [ 0.          0.          0.          1.        ]]"
single_object,97,214,28,11,30,0.8513875434497692,0.8548065416832868,0.001811254621787116,0.002043790031599489,"[[-0.17155988 -0.09854702  0.98023247  0.06269675]
 [-0.91410938  0.38696614 -0.12108366  0.00778791]
 [-0.36738434 -0.91681279 -0.15647062 -0.44878317]
 [ 0.          0.          0.          1.        ]]","[[-0.91008547 -0.0686628   0.40869287  0.06324774]
 [-0.38554761  0.50193787 -0.77421664  0.0079554 ]
 [-0.15197855 -0.86217388 -0.48327914 -0.44994953]
 [ 0.          0.          0.          1.        ]]"
single_object,97,215,37,90,30,0.29049328508702926,0.3118823209714098,0.003011440724469763,0.0027935205705561105,"[[ 0.94587529 -0.28933079 -0.14699536 -0.07652591]
 [-0.2728904  -0.46395122 -0.84278116  0.09463364]
 [ 0.17564386  0.8372795  -0.51779559 -0.35646841]
 [ 0.          0.          0.          1.        ]]","[[ 0.91676507 -0.24609722 -0.31460763 -0.07440114]
 [-0.3985965  -0.51290715 -0.76029408  0.09138111]
 [ 0.02574176  0.82241256 -0.56830885 -0.3539577 ]
 [ 0.          0.          0.          1.        ]]"
single_object,97,215,28,13,30,0.655364978061428,0.4409937888198758,0.0030091041547129164,0.002392842049913038,"[[ 0.43831162  0.54517373  0.71461075  0.06623899]
 [-0.8987719   0.2573551   0.35493299  0.00912193]
 [ 0.00959142 -0.79784332  0.60278856 -0.4351617 ]
 [ 0.          0.          0.          1.        ]]","[[ 0.05989876  0.70653944  0.70513414  0.0554733 ]
 [ 0.10378324  0.69816612 -0.70837357 -0.00777134]
 [-0.99279463  0.1156118  -0.03150767 -0.43834249]
 [ 0.          0.          0.          1.        ]]"
single_object,97,216,28,6,26,0.6799817653427546,0.7944612228617015,0.002656425835117035,0.002677662735362494,"[[ 0.80675582 -0.00583879 -0.59085611  0.05961536]
 [ 0.51349239  0.501676    0.69616575  0.01827174]
 [ 0.29235357 -0.86503589  0.40772821 -0.44072785]
 [ 0.          0.          0.          1.        ]]","[[ 0.82088355 -0.11834661 -0.55869874  0.06560906]
 [ 0.49344656  0.63948432  0.58955092  0.02099655]
 [ 0.28750773 -0.75964062  0.58333989 -0.4388966 ]
 [ 0.          0.          0.          1.        ]]"
single_object,97,216,37,82,30,0.3583789813927545,0.3847237517699052,0.0029864831219894783,0.002690694901530125,"[[ 0.80841022 -0.30967344 -0.50057494 -0.07908881]
 [-0.58822026 -0.45633359 -0.66765004  0.09892623]
 [-0.02167568  0.83418344 -0.55106093 -0.34885118]
 [ 0.          0.          0.          1.        ]]","[[ 0.84880209 -0.24933163 -0.46622822 -0.07646719]
 [-0.52518304 -0.49930718 -0.68911183  0.09261243]
 [-0.06097373  0.82977472 -0.55475772 -0.34895747]
 [ 0.          0.          0.          1.        ]]"
single_object,97,217,37,130,30,0.40017734807420013,0.3802900499149015,0.002901663209149469,0.002595785523207281,"[[ 0.96975877 -0.17298233 -0.17217734 -0.07517143]
 [-0.24360409 -0.64266726 -0.72638546  0.08366438]
 [ 0.01499911  0.74636178 -0.66537142 -0.34628117]
 [ 0.          0.          0.          1.        ]]","[[ 0.68966083 -0.04046162 -0.72300124 -0.0659341 ]
 [-0.55937799 -0.66381473 -0.49643355  0.07953379]
 [-0.45985237  0.74680176 -0.48044036 -0.34697266]
 [ 0.          0.          0.          1.        ]]"
single_object,97,217,28,16,30,0.8886546241951109,0.5894922787623227,0.002544147644576715,0.00247293491619474,"[[ 0.51396032 -0.02029558 -0.85757383  0.06010573]
 [ 0.59827332  0.72492403  0.34140034  0.02332564]
 [ 0.61474696 -0.68852977  0.38472449 -0.43667257]
 [ 0.          0.          0.          1.        ]]","[[ 0.74679778 -0.44555332 -0.49373608  0.06374943]
 [ 0.54872032  0.83227349  0.07891038  0.03066424]
 [ 0.37576467 -0.32985312  0.86602416 -0.44364329]
 [ 0.          0.          0.          1.        ]]"
single_object,97,218,28,10,22,0.7453985982107243,0.8956635705738218,0.002689323388635826,0.0024295746615014104,"[[ 0.28644809  0.32788593 -0.90024347  0.05610994]
 [ 0.75234848  0.50480794  0.42325017  0.02773999]
 [ 0.59322783 -0.79853601 -0.10208321 -0.43668101]
 [ 0.          0.          0.          1.        ]]","[[ 0.77323767  0.11669562 -0.62328616  0.0623142 ]
 [ 0.40633917  0.66341545  0.62830599  0.02648949]
 [ 0.48681822 -0.73909544  0.46555982 -0.43381358]
 [ 0.          0.          0.          1.        ]]"
single_object,97,218,37,68,30,0.2963572133468728,0.37851656917290005,0.002702721592846416,0.0025321372498902373,"[[ 0.96823629  0.05636017 -0.24360216 -0.06205695]
 [-0.16915316 -0.56983146 -0.80416374  0.08910548]
 [-0.18413498  0.81982659 -0.542198   -0.35114976]
 [ 0.          0.          0.          1.        ]]","[[ 0.79010454 -0.05888612 -0.61013707 -0.07004379]
 [-0.47155046 -0.69434115 -0.5436272   0.08541503]
 [-0.39163118  0.71723273 -0.57636987 -0.35335711]
 [ 0.          0.          0.          1.        ]]"
single_object,97,219,37,170,30,0.46411561950256724,0.46026831047354794,0.002444574637371542,0.0023755341514122403,"[[-0.97520326 -0.01482639  0.22081388 -0.08816608]
 [-0.18960079  0.57060044 -0.7990411   0.08160844]
 [-0.1141496  -0.82109397 -0.55926251 -0.34200517]
 [ 0.          0.          0.          1.        ]]","[[-0.95789445  0.01694137  0.28662034 -0.08951306]
 [-0.22706416  0.56626906 -0.79232646  0.08011795]
 [-0.17572733 -0.82404632 -0.53857921 -0.34165047]
 [ 0.          0.          0.          1.        ]]"
single_object,97,219,28,15,19,0.6555929112769958,0.9105362128896234,0.0028400436148918197,0.0024232206339537842,"[[ 0.98683074  0.13595917 -0.08763668  0.06583151]
 [-0.03057298  0.68878857  0.72431734  0.02784017]
 [ 0.15884073 -0.7120993   0.68387441 -0.43671678]
 [ 0.          0.          0.          1.        ]]","[[ 0.73167933  0.1014667  -0.67405479  0.06075898]
 [ 0.41648097  0.71627306  0.55990758  0.02810037]
 [ 0.53961927 -0.6904038   0.48182324 -0.43130936]
 [ 0.          0.          0.          1.        ]]"
single_object,97,220,37,113,30,0.46156266536992807,0.446859937928174,0.0028448215340691465,0.0026534282291531494,"[[-0.99653322  0.07140552 -0.04269423 -0.09152969]
 [ 0.07744646  0.608741   -0.78957991  0.07780293]
 [-0.03039063 -0.79014913 -0.61216073 -0.33762075]
 [ 0.          0.          0.          1.        ]]","[[-0.90083223  0.17810844 -0.39595288 -0.07806396]
 [ 0.42091184  0.58189603 -0.69586654  0.08195011]
 [ 0.10646371 -0.79352026 -0.59915864 -0.34542279]
 [ 0.          0.          0.          1.        ]]"
single_object,97,220,28,23,30,0.6569035272665109,0.834748418713317,0.003068830679580647,0.0025030588695425793,"[[ 0.66468531  0.36317342  0.65291539  0.06869758]
 [-0.73094548  0.49698048  0.46768483  0.02038074]
 [-0.1546355  -0.78810879  0.5957956  -0.42658541]
 [ 0.          0.          0.          1.        ]]","[[ 0.65136122  0.32699002 -0.68469415  0.06244666]
 [ 0.29699931  0.72050273  0.62663166  0.02989064]
 [ 0.6982263  -0.61151725  0.37219173 -0.42855399]
 [ 0.          0.          0.          1.        ]]"
single_object,97,221,28,15,13,0.9572055387771383,0.9550971565331358,0.0022958757501002165,0.0018846127868966057,"[[-0.62938898  0.04707567  0.77566319  0.06084717]
 [-0.55666373  0.66915347 -0.49229984  0.02680802]
 [-0.54221306 -0.74163166 -0.39495251 -0.43336088]
 [ 0.          0.          0.          1.        ]]","[[-0.39281881 -0.11341087  0.91259594  0.06012361]
 [-0.70360922  0.67604703 -0.21884807  0.027838  ]
 [-0.59213803 -0.72807856 -0.34536092 -0.43613759]
 [ 0.          0.          0.          1.        ]]"
single_object,97,221,37,234,30,0.4211087115090319,0.47276848925184856,0.0025930473966875043,0.002655288288579839,"[[ 0.99543941  0.02622897 -0.09171922 -0.07326255]
 [-0.04654735 -0.70568992 -0.70699015  0.07319471]
 [-0.08326895  0.70803515 -0.70125067 -0.33299994]
 [ 0.          0.          0.          1.        ]]","[[ 0.87943477 -0.11428616 -0.46209648 -0.07420777]
 [-0.38902325 -0.73199164 -0.5593292   0.06736501]
 [-0.27432718  0.67165982 -0.68819887 -0.3344202 ]
 [ 0.          0.          0.          1.        ]]"
single_object,97,222,28,16,27,0.8289361217163371,0.8933272551142515,0.0026422380350910233,0.00250977953545698,"[[ 0.87284928  0.11263144 -0.47481397  0.06034197]
 [ 0.19947859  0.80564132  0.55780854  0.03410705]
 [ 0.44535653 -0.581598    0.68073588 -0.42829828]
 [ 0.          0.          0.          1.        ]]","[[ 0.78853278 -0.0736201  -0.61057033  0.0626985 ]
 [ 0.43088329  0.77452805  0.46308303  0.03467103]
 [ 0.43881163 -0.6282407   0.64246243 -0.42641647]
 [ 0.          0.          0.          1.        ]]"
single_object,97,222,37,287,30,0.6313591441525194,0.5884094452151776,0.0027050560144810244,0.002116833550525306,"[[-0.99507877  0.06066615  0.07834443 -0.09150042]
 [-0.01526428  0.68737237 -0.72614477  0.06776626]
 [-0.09790421 -0.72376712 -0.68306363 -0.33046842]
 [ 0.          0.          0.          1.        ]]","[[-0.95616057  0.00347533  0.29282229 -0.09148475]
 [-0.21435865  0.67295919 -0.70793806  0.06935023]
 [-0.19951777 -0.73967145 -0.64271207 -0.33104046]
 [ 0.          0.          0.          1.        ]]"
single_object,97,223,37,143,30,0.5451021896766258,0.5337962499463665,0.0026261803590823265,0.0026454395115009027,"[[-0.93699795  0.16001567 -0.31053152 -0.08519252]
 [ 0.33183247  0.68553741 -0.64801672  0.06220167]
 [ 0.10918814 -0.71023478 -0.69544555 -0.32557993]
 [ 0.          0.          0.          1.        ]]","[[-0.90818549  0.19415162 -0.37081568 -0.08059047]
 [ 0.3958081   0.68650634 -0.60995491  0.06481489]
 [ 0.13614358 -0.70072405 -0.70032188 -0.32966732]
 [ 0.          0.          0.          1.        ]]"
single_object,97,223,28,10,30,0.6767907003248048,0.45051000056983304,0.0023859651137637526,0.002592136606153492,"[[ 0.5223303  -0.02460468 -0.85238821  0.05732605]
 [ 0.62332372  0.69314944  0.36195497  0.03855195]
 [ 0.58192662 -0.72037384  0.37738964 -0.42896277]
 [ 0.          0.          0.          1.        ]]","[[ 0.60511404 -0.79248307 -0.07620751  0.06648803]
 [ 0.50700379  0.45738603 -0.73057866  0.04543302]
 [ 0.61382747  0.40344591  0.67856263 -0.43304976]
 [ 0.          0.          0.          1.        ]]"
single_object,97,224,37,142,30,0.627797880404468,0.58039302621605,0.0026479006472985263,0.0024625275254165115,"[[-0.94743604  0.1716738  -0.26998714 -0.08310729]
 [ 0.30423675  0.74457325 -0.59418067  0.0585704 ]
 [ 0.09901995 -0.64508819 -0.75766501 -0.32479861]
 [ 0.          0.          0.          1.        ]]","[[-0.88539612  0.21669421 -0.41123878 -0.07912363]
 [ 0.43037694  0.71643229 -0.54909058  0.06045009]
 [ 0.17563999 -0.66315036 -0.72758656 -0.32563298]
 [ 0.          0.          0.          1.        ]]"
single_object,97,224,28,14,30,0.7670522536896689,0.6884722776226566,0.0027395661812860145,0.0025781273505031265,"[[ 0.9823068  -0.00366384 -0.18724295  0.0628034 ]
 [ 0.09120308  0.88259855  0.46119605  0.04076418]
 [ 0.1635706  -0.47011315  0.86731672 -0.42244445]
 [ 0.          0.          0.          1.        ]]","[[-0.44004925  0.27249204  0.8556312   0.06345326]
 [ 0.30256477 -0.85213632  0.42698742  0.04920645]
 [ 0.84546509  0.44677935  0.29253546 -0.4289147 ]
 [ 0.          0.          0.          1.        ]]"
single_object,97,225,37,73,30,0.575265664554699,0.6563022926529269,0.0027158446877075205,0.0024754746535888827,"[[-0.93666612  0.11055178 -0.33231745 -0.08580292]
 [ 0.29596629  0.75717084 -0.58231974  0.05694388]
 [ 0.1872446  -0.64379393 -0.74193587 -0.31886423]
 [ 0.          0.          0.          1.        ]]","[[-0.97859784  0.13603142 -0.15440764 -0.08480785]
 [ 0.20246271  0.77069109 -0.60418879  0.05808629]
 [ 0.03681193 -0.62251963 -0.78173793 -0.32206557]
 [ 0.          0.          0.          1.        ]]"
single_object,97,225,28,27,30,0.8228389081998975,0.8089349820502593,0.002560297603576452,0.002603967364554739,"[[ 0.42540542 -0.11161212 -0.89809407  0.05949308]
 [ 0.58047753  0.79499296  0.1761591   0.03809187]
 [ 0.69431697 -0.59626247  0.40298264 -0.41756395]
 [ 0.          0.          0.          1.        ]]","[[ 0.25018483 -0.49286718 -0.83336037  0.05183058]
 [ 0.66831415  0.71069954 -0.21968697  0.03744558]
 [ 0.70054532 -0.50198418  0.50719635 -0.42043405]
 [ 0.          0.          0.          1.        ]]"
single_object,97,226,37,241,30,0.6445601338691915,0.7921165920565225,0.0024358563343111622,0.0019425142138735898,"[[-0.90169942  0.20563538 -0.38033177 -0.06403124]
 [ 0.3941557   0.75250621 -0.52761321  0.06300529]
 [ 0.17770607 -0.62565845 -0.75958676 -0.31398781]
 [ 0.          0.          0.          1.        ]]","[[-0.99492401  0.00488908  0.10051024 -0.07196029]
 [-0.05960429  0.77612193 -0.62775957  0.06620636]
 [-0.08107737 -0.63056391 -0.77189093 -0.31396808]
 [ 0.          0.          0.          1.        ]]"
single_object,97,226,28,10,30,0.6500655307994757,0.7854008775428799,0.0026635402175896592,0.002523290961532534,"[[ 0.363897    0.21104047 -0.90721601  0.05265483]
 [ 0.58334022  0.70768856  0.39861144  0.03676795]
 [ 0.72614954 -0.6742691   0.13441735 -0.43804294]
 [ 0.          0.          0.          1.        ]]","[[ 0.73710588 -0.2184447  -0.63949733  0.06342973]
 [ 0.47945684  0.83593194  0.26709347  0.03087308]
 [ 0.4762311  -0.50348754  0.72090515 -0.43244215]
 [ 0.          0.          0.          1.        ]]"
single_object,97,227,37,69,30,0.5462177662724009,0.6861153620618143,0.002777032153611019,0.0018986217602699285,"[[-0.99211422  0.10856561 -0.0626329  -0.07549666]
 [ 0.12229429  0.72905578 -0.67344026  0.07326257]
 [-0.02744957 -0.6757893  -0.73658356 -0.3153482 ]
 [ 0.          0.          0.          1.        ]]","[[-0.97988292 -0.01287897  0.19915719 -0.07420845]
 [-0.14233283  0.74461142 -0.65214661  0.07120618]
 [-0.13989574 -0.66737393 -0.73146512 -0.31834584]
 [ 0.          0.          0.          1.        ]]"
single_object,97,227,28,19,11,0.9093965468117842,0.9845575246452789,0.002682236496885007,0.0018010639431198273,"[[-0.28870074  0.2807248   0.91533899  0.05715827]
 [-0.4655439   0.79425352 -0.39042314  0.02621827]
 [-0.83661267 -0.53884593 -0.09861186 -0.44099329]
 [ 0.          0.          0.          1.        ]]","[[-0.56090348 -0.04604595  0.82659969  0.05926052]
 [-0.52989104  0.78710602 -0.31572076  0.02542216]
 [-0.63608393 -0.61509665 -0.46588984 -0.44239661]
 [ 0.          0.          0.          1.        ]]"
single_object,97,228,37,148,30,0.6365294126060156,0.6547147413435547,0.002127325671405645,0.0019222422105894224,"[[-0.99276716  0.11992367  0.005628   -0.06480368]
 [ 0.08237568  0.71453629 -0.6947317   0.0741067 ]
 [-0.08733619 -0.68924321 -0.71924696 -0.31768806]
 [ 0.          0.          0.          1.        ]]","[[-0.9730783  -0.02512623  0.22910107 -0.07413833]
 [-0.17877344  0.70965823 -0.68148753  0.07535444]
 [-0.14546024 -0.70409791 -0.69504493 -0.32147796]
 [ 0.          0.          0.          1.        ]]"
single_object,97,228,28,9,21,0.6334264060630236,0.9577753718160579,0.002925786650575072,0.001938049680560994,"[[ 0.91089167 -0.02721967  0.41174683  0.05863097]
 [-0.22937303  0.79606632  0.5600593   0.03078838]
 [-0.34302241 -0.60459697  0.71888673 -0.44245418]
 [ 0.          0.          0.          1.        ]]","[[-0.64414619  0.01286049  0.76479428  0.05951393]
 [-0.46341211  0.78890902 -0.40357376  0.02469848]
 [-0.60854326 -0.61437543 -0.50221303 -0.44412495]
 [ 0.          0.          0.          1.        ]]"
single_object,97,229,37,232,30,0.6572104864200002,0.6407485805002932,0.0025679611701402744,0.002495657518175235,"[[-0.89369924  0.17159678 -0.41455544 -0.06348646]
 [ 0.41548019  0.66526729 -0.62031899  0.07747307]
 [ 0.16934544 -0.72661818 -0.66584393 -0.32578915]
 [ 0.          0.          0.          1.        ]]","[[-0.91171398  0.13668609 -0.38742036 -0.06149045]
 [ 0.37375941  0.66741883 -0.64409316  0.07790107]
 [ 0.17053307 -0.73203074 -0.65958279 -0.32604398]
 [ 0.          0.          0.          1.        ]]"
single_object,97,229,28,7,12,0.7256253917602142,0.9146390107698444,0.002534175668944447,0.0022961299941083356,"[[ 0.48124168 -0.08321382 -0.87262931  0.05541697]
 [ 0.59905886  0.75796902  0.25809194  0.02934914]
 [ 0.63994916 -0.64696092  0.41461626 -0.44258259]
 [ 0.          0.          0.          1.        ]]","[[ 0.76530645  0.06210358 -0.64066308  0.05982456]
 [ 0.35156575  0.7934206   0.49687551  0.02681453]
 [ 0.53917303 -0.60549723  0.58537641 -0.43765046]
 [ 0.          0.          0.          1.        ]]"
single_object,97,230,28,28,30,0.7644880050145307,0.8872870249017037,0.002700941551743776,0.0025525663580979532,"[[ 0.97728669  0.13765074  0.1611304   0.06468127]
 [-0.20136986  0.84010496  0.50366044  0.02683091]
 [-0.06603721 -0.52466744  0.8487421  -0.44013037]
 [ 0.          0.          0.          1.        ]]","[[ 0.74516046  0.34334935 -0.57170544  0.05958937]
 [ 0.18097051  0.72099885  0.66888738  0.02355956]
 [ 0.64186102 -0.60189025  0.47512373 -0.438212  ]
 [ 0.          0.          0.          1.        ]]"
single_object,97,230,37,236,30,0.633783377908723,0.6594988486677441,0.0023658185995021697,0.0020940411944498382,"[[-0.96591008 -0.13248046  0.22241096 -0.07463292]
 [-0.25427527  0.64679824 -0.71902442  0.08025708]
 [-0.04859833 -0.75106655 -0.65843545 -0.32650012]
 [ 0.          0.          0.          1.        ]]","[[-0.97211567 -0.00898488  0.23432969 -0.0735656 ]
 [-0.18426061  0.64735239 -0.73958293  0.08390876]
 [-0.14504882 -0.76213788 -0.63095696 -0.32943692]
 [ 0.          0.          0.          1.        ]]"
single_object,97,231,28,61,15,0.8047752008661462,0.8019260356715482,0.0024188151617160958,0.0021553430038914636,"[[ 0.6838883  -0.04049959 -0.72846179  0.05956207]
 [-0.41563267 -0.84222452 -0.34337639  0.02962847]
 [-0.59962178  0.53760362 -0.59282044 -0.45785787]
 [ 0.          0.          0.          1.        ]]","[[ 0.59366503  0.18133711 -0.78401447  0.05533212]
 [-0.26674546 -0.87485101 -0.40432978  0.02904097]
 [-0.75921584  0.44916875 -0.4709976  -0.45756107]
 [ 0.          0.          0.          1.        ]]"
single_object,97,231,37,173,21,0.6382599865558718,0.703671391181224,0.0024531357600514445,0.002053251367693592,"[[-0.99741914 -0.05680116  0.04391689 -0.07037083]
 [-0.06976928  0.62236763 -0.77960938  0.09023973]
 [ 0.01695026 -0.78066136 -0.62472436 -0.33289628]
 [ 0.          0.          0.          1.        ]]","[[-0.98383711 -0.00678097  0.1789373  -0.07021914]
 [-0.14611461  0.60806194 -0.78032762  0.08737148]
 [-0.10351359 -0.79386062 -0.5992247  -0.3315333 ]
 [ 0.          0.          0.          1.        ]]"
single_object,97,232,28,9,13,0.9291127699584022,0.8892814405379224,0.0025912276629117235,0.002009270179191169,"[[-0.13801497  0.02569827  0.9900967   0.05922296]
 [-0.71200324  0.69232289 -0.11721947  0.0140798 ]
 [-0.68847894 -0.7211301  -0.07725368 -0.44625822]
 [ 0.          0.          0.          1.        ]]","[[-0.80112258 -0.14280655  0.58121331  0.06145947]
 [-0.51590156  0.65705522 -0.54965809  0.01496291]
 [-0.30339446 -0.74019236 -0.60005589 -0.45019159]
 [ 0.          0.          0.          1.        ]]"
single_object,97,232,37,326,30,0.5732132896637537,0.5928359959381571,0.002596805546423281,0.0023600787087877466,"[[-0.94595361 -0.10114906  0.30812439 -0.0753484 ]
 [-0.30815431  0.57642192 -0.75682144  0.0883827 ]
 [-0.10105788 -0.81086783 -0.57643791 -0.33362379]
 [ 0.          0.          0.          1.        ]]","[[-0.94698254 -0.0175966   0.32080278 -0.0727105 ]
 [-0.27380163  0.56661836 -0.77715912  0.0901928 ]
 [-0.16809739 -0.82379244 -0.54139567 -0.33693481]
 [ 0.          0.          0.          1.        ]]"
single_object,97,233,28,14,30,0.7782209812524931,0.9007350846202062,0.002626839080966009,0.0024105152347095316,"[[-0.14193937  0.11526588 -0.98314139  0.05360667]
 [ 0.7456708   0.66565621 -0.02961181  0.01908711]
 [ 0.65102094 -0.73730291 -0.18043323 -0.44543468]
 [ 0.          0.          0.          1.        ]]","[[ 0.71579768  0.04809426 -0.69664957  0.06019992]
 [ 0.50163007  0.65861505  0.56088635  0.01782056]
 [ 0.4857993  -0.75094152  0.44730959 -0.44353837]
 [ 0.          0.          0.          1.        ]]"
single_object,97,233,37,143,30,0.5081236859794905,0.6355139518585792,0.002587616883588878,0.002310368644663215,"[[-0.9662093   0.1199945  -0.22812475 -0.05365696]
 [ 0.25651712  0.53439777 -0.80536823  0.09075036]
 [ 0.0252696  -0.83667218 -0.54712074 -0.33295672]
 [ 0.          0.          0.          1.        ]]","[[-0.99547537  0.01541413  0.09376131 -0.06760145]
 [-0.07153915  0.52785286 -0.84631762  0.09556706]
 [-0.06253742 -0.84919595 -0.52436181 -0.33968783]
 [ 0.          0.          0.          1.        ]]"
single_object,97,234,37,106,30,0.391710407757548,0.5009868562193395,0.002841130394604811,0.002648806193357058,"[[-0.95945763  0.11661493 -0.25659699 -0.04665154]
 [ 0.28080096  0.47407018 -0.8345108   0.09924461]
 [ 0.02432856 -0.87273044 -0.48759584 -0.34328468]
 [ 0.          0.          0.          1.        ]]","[[-0.97463741  0.07622493 -0.21040837 -0.05958017]
 [ 0.22017382  0.49494171 -0.84056897  0.09850891]
 [ 0.04006757 -0.86557638 -0.49917144 -0.34150321]
 [ 0.          0.          0.          1.        ]]"
single_object,97,234,28,23,30,0.35608866602085587,0.4323323266282979,0.002363249601824314,0.0017263368718512379,"[[ 0.40109011 -0.91103423  0.09562091  0.04853783]
 [-0.91544033 -0.40241043  0.00590228  0.00504111]
 [ 0.03310168 -0.08990259 -0.99540032 -0.45468887]
 [ 0.          0.          0.          1.        ]]","[[-0.38912252 -0.07661137  0.91799475  0.05722141]
 [-0.60775403  0.77023104 -0.19333697  0.02514034]
 [-0.69225624 -0.63314678 -0.34627511 -0.46463102]
 [ 0.          0.          0.          1.        ]]"
single_object,97,235,28,17,23,0.457632913556328,0.802210952191008,0.0024022641811585967,0.002134422478354061,"[[ 0.97040195 -0.09886856 -0.22032942  0.05267678]
 [-0.18252947 -0.89765952 -0.40111143  0.00453651]
 [-0.1581235   0.42945593 -0.88913698 -0.45757922]
 [ 0.          0.          0.          1.        ]]","[[ 0.72957028 -0.08909292 -0.67807792  0.05867616]
 [-0.5196073  -0.71686708 -0.46487616  0.00344262]
 [-0.44467456  0.69149407 -0.56929824 -0.44947166]
 [ 0.          0.          0.          1.        ]]"
single_object,97,236,28,5,30,0.6125135335346743,0.5368397059661519,0.002649085887815814,0.0028305671177570758,"[[ 0.12396878 -0.46895399 -0.87447922  0.06003406]
 [ 0.97789879  0.207265    0.02748055  0.00891277]
 [ 0.16836182 -0.8585589   0.48428392 -0.44815114]
 [ 0.          0.          0.          1.        ]]","[[ 9.23748065e-01 -3.49668211e-01 -1.56274291e-01  7.16779350e-02]
 [ 3.79315039e-01  8.91708076e-01  2.46934827e-01  3.21051643e-04]
 [ 5.30057882e-02 -2.87382757e-01  9.56348021e-01 -4.49977952e-01]
 [ 0.00000000e+00  0.00000000e+00  0.00000000e+00  1.00000000e+00]]"
single_object,97,237,28,28,30,0.7464242976807796,0.8889965240184626,0.002645762739650031,0.0025096698644150326,"[[-0.03032648 -0.18973577 -0.98136672  0.05376546]
 [ 0.87174211  0.47533456 -0.1188392   0.00611246]
 [ 0.48902557 -0.85910267  0.15098544 -0.45329095]
 [ 0.          0.          0.          1.        ]]","[[ 0.57916571  0.15043647 -0.80120905  0.05464169]
 [ 0.59601641  0.59239103  0.54206762  0.00748845]
 [ 0.55617579 -0.79148072  0.25342997 -0.44962179]
 [ 0.          0.          0.          1.        ]]"
single_object,97,238,28,29,25,0.7230041597811842,0.8931563052025756,0.002707647393717126,0.002591109704714074,"[[ 8.21391702e-02 -4.29861562e-01 -8.99150818e-01  5.45239649e-02]
 [ 9.88461287e-01  1.50349620e-01  1.84194543e-02  6.44139276e-04]
 [ 1.27269168e-01 -8.90288733e-01  4.37251106e-01 -4.46979510e-01]
 [ 0.00000000e+00  0.00000000e+00  0.00000000e+00  1.00000000e+00]]","[[ 0.19342832 -0.03524693 -0.98048108  0.05072714]
 [ 0.84222633  0.51855078  0.14751239  0.00207075]
 [ 0.50322987 -0.85432005  0.1299883  -0.44979421]
 [ 0.          0.          0.          1.        ]]"
single_object,97,239,28,26,27,0.49074021311755656,0.9637016354208217,0.002711872362406823,0.0019486516781249386,"[[-0.13026983  0.63302925  0.76308829  0.04889974]
 [-0.94427059  0.15544756 -0.29015361 -0.01425212]
 [-0.30229593 -0.75836009  0.57750077 -0.45296851]
 [ 0.          0.          0.          1.        ]]","[[-0.6761504   0.00264177  0.73675888  0.0573624 ]
 [-0.6801738   0.38209995 -0.6255903  -0.00797306]
 [-0.2831682  -0.92411723 -0.25656017 -0.45698546]
 [ 0.          0.          0.          1.        ]]"
single_object,97,240,28,10,18,0.7840902615533648,0.8413584819647844,0.0028559028727412087,0.00264262250972671,"[[-0.4135191   0.05378536 -0.90890544  0.04900068]
 [ 0.87754572  0.28966384 -0.38211042 -0.01195665]
 [ 0.24272509 -0.95561603 -0.16698064 -0.45216071]
 [ 0.          0.          0.          1.        ]]","[[-0.00583719 -0.09451684 -0.99550615  0.04752217]
 [ 0.91509609  0.40089049 -0.04342765 -0.00842802]
 [ 0.4031936  -0.91123728  0.08415192 -0.45310134]
 [ 0.          0.          0.          1.        ]]"
single_object,97,241,28,15,30,0.7921249074021312,0.8598780557296712,0.0027528910352816113,0.002130930249263571,"[[ 0.225324    0.18595582 -0.95637311  0.05173708]
 [-0.84295112 -0.45499866 -0.28707078 -0.01974716]
 [-0.48853097  0.87085972  0.05422955 -0.46584398]
 [ 0.          0.          0.          1.        ]]","[[ 0.86394715  0.18022291 -0.4702287   0.05228156]
 [-0.2685113  -0.62509428 -0.7329112  -0.02449598]
 [-0.42602466  0.75945826 -0.49165654 -0.46384129]
 [ 0.          0.          0.          1.        ]]"
single_object,97,243,28,12,30,0.661063308450624,0.7466522308963474,0.002794794251593244,0.0027905893591510904,"[[ 0.94830108  0.21164946  0.23649433  0.05845218]
 [-0.30573777  0.80913205  0.5018264  -0.00949807]
 [-0.08514386 -0.54818777  0.83201003 -0.4536176 ]
 [ 0.          0.          0.          1.        ]]","[[ 0.92258043 -0.00261934 -0.38579592  0.05916322]
 [ 0.32487972  0.54460988  0.77320971 -0.00460933]
 [ 0.20808297 -0.83868541  0.50329739 -0.45675411]
 [ 0.          0.          0.          1.        ]]"
single_object,97,244,28,9,30,0.6524588295629381,0.92090717419796,0.0027585671690132344,0.0024497142077132892,"[[ 0.00651978  0.14926433 -0.98877584  0.05193958]
 [ 0.96913939  0.2427284   0.04303227 -0.00577232]
 [ 0.24642716 -0.95854217 -0.1430754  -0.45816138]
 [ 0.          0.          0.          1.        ]]","[[ 0.34419695 -0.16843839 -0.92366497  0.0480998 ]
 [ 0.81650337  0.5393753   0.20590416 -0.0018417 ]
 [ 0.4635199  -0.82504715  0.32318185 -0.45498797]
 [ 0.          0.          0.          1.        ]]"
single_object,97,245,28,24,30,0.7515527950310559,0.936463616160465,0.0029368117742794657,0.001874668834940375,"[[-0.84280535  0.23314223 -0.48510189  0.04850374]
 [ 0.51799025  0.59613668 -0.6134388  -0.00264507]
 [ 0.14616854 -0.76828755 -0.62319258 -0.46021381]
 [ 0.          0.          0.          1.        ]]","[[-0.5700902  -0.04953137  0.82008768  0.0554636 ]
 [-0.71178654  0.52828656 -0.46289657 -0.00352848]
 [-0.4103134  -0.84762017 -0.33642675 -0.46149983]
 [ 0.          0.          0.          1.        ]]"
single_object,97,246,37,121,30,0.30865000929647163,0.40242280352979876,0.00313075172491776,0.0026276138970306737,"[[-0.98391655  0.17811105  0.01358936 -0.03595154]
 [ 0.05995373  0.40094112 -0.9141399   0.11192861]
 [-0.16826696 -0.89862265 -0.40517103 -0.34942496]
 [ 0.          0.          0.          1.        ]]","[[-0.99759795  0.0445423  -0.05305009 -0.04221822]
 [ 0.06723197  0.43820449 -0.89635746  0.10980312]
 [-0.01667904 -0.89777102 -0.44014656 -0.34737063]
 [ 0.          0.          0.          1.        ]]"
single_object,97,246,28,11,30,0.7334321043934128,0.4217334321043934,0.0025609377116115736,0.00264201568101698,"[[ 0.27221347 -0.02572544 -0.96189294  0.0530702 ]
 [ 0.7300406   0.65673912  0.18903557  0.00775629]
 [ 0.6268497  -0.75367893  0.19755385 -0.4584971 ]
 [ 0.          0.          0.          1.        ]]","[[ 0.89368447 -0.28193403 -0.34905769  0.06552572]
 [ 0.35735579  0.91766831  0.17372886  0.00960372]
 [ 0.2713391  -0.27999657  0.92085667 -0.46437516]
 [ 0.          0.          0.          1.        ]]"
single_object,97,247,28,6,30,0.6943415579235284,0.9006781013163143,0.0026670438316884456,0.0026081270620073836,"[[ 0.82669142  0.32993156  0.45577018  0.06345512]
 [-0.55835233  0.58104171  0.5921429   0.00286409]
 [-0.06945486 -0.74399979  0.66456025 -0.44831433]
 [ 0.          0.          0.          1.        ]]","[[ 0.63035804 -0.0632835  -0.77372084  0.05703854]
 [ 0.59973771  0.67253357  0.43360498  0.00820024]
 [ 0.4929132  -0.73735595  0.46189044 -0.45329398]
 [ 0.          0.          0.          1.        ]]"
single_object,97,247,37,145,30,0.3885138517427309,0.44664540396744806,0.0026873474683476125,0.0025886156968901847,"[[-0.98833258 -0.13823603 -0.06394937 -0.05067846]
 [-0.02666722  0.57042447 -0.82091704  0.10742527]
 [ 0.14995859 -0.8096337  -0.56745545 -0.33694676]
 [ 0.          0.          0.          1.        ]]","[[-0.99595079  0.03590298  0.0824197  -0.04695649]
 [-0.05452808  0.48764726 -0.87133624  0.1061363 ]
 [-0.0714753  -0.8723022  -0.48371495 -0.34212573]
 [ 0.          0.          0.          1.        ]]"
single_object,97,248,28,8,12,0.7612399566926891,0.9674625334776911,0.0024343984414853265,0.0018930066691503105,"[[ 0.49109325 -0.04702514  0.8698368   0.0581017 ]
 [-0.69250064  0.58469393  0.42258239  0.00781366]
 [-0.52846029 -0.8098899   0.2545743  -0.45990645]
 [ 0.          0.          0.          1.        ]]","[[-0.56283907 -0.03182451  0.82595362  0.05670226]
 [-0.65947397  0.61970212 -0.42551542  0.0048364 ]
 [-0.49830338 -0.78419161 -0.36978    -0.45917921]
 [ 0.          0.          0.          1.        ]]"
single_object,97,248,37,194,30,0.47306883679686496,0.5080378723952002,0.002672815662454351,0.0025006357351781525,"[[-0.97985826  0.07376703 -0.18556996 -0.03858674]
 [ 0.19732486  0.50038954 -0.84301436  0.10131819]
 [ 0.0306706  -0.86265215 -0.5048669  -0.3365964 ]
 [ 0.          0.          0.          1.        ]]","[[-0.99993343  0.00337355 -0.01103451 -0.04613496]
 [ 0.01108696  0.54586499 -0.8377998   0.10315246]
 [ 0.00319699 -0.83786636 -0.54586605 -0.33833762]
 [ 0.          0.          0.          1.        ]]"
single_object,97,249,37,132,30,0.5340322373031651,0.6098485390237275,0.002494626465896208,0.0020417556571724546,"[[-0.95664014 -0.15807996  0.24464336 -0.05267494]
 [-0.29070522  0.57057119 -0.76807486  0.09482507]
 [-0.01816921 -0.80589034 -0.59178597 -0.32832907]
 [ 0.          0.          0.          1.        ]]","[[-0.99949646 -0.00207291  0.03166275 -0.04764291]
 [-0.02687327  0.58588254 -0.8099503   0.09800946]
 [-0.0168717  -0.81039333 -0.58564323 -0.3314269 ]
 [ 0.          0.          0.          1.        ]]"
single_object,97,249,28,20,13,0.741466750242179,0.7238589093395635,0.002631911818869398,0.001935962951174863,"[[ 0.70548756 -0.12659655 -0.6973239   0.055685  ]
 [-0.44249499 -0.84725741 -0.29385892  0.01907543]
 [-0.55361131  0.51587615 -0.6537479  -0.47074678]
 [ 0.          0.          0.          1.        ]]","[[ 0.64455494  0.11738198 -0.75549348  0.05409183]
 [-0.1819194  -0.93621819 -0.30066731  0.02500176]
 [-0.74259967  0.33123552 -0.58209    -0.47051078]
 [ 0.          0.          0.          1.        ]]"
single_object,97,250,28,29,28,0.6618040914012194,0.9186278420422817,0.0024050747046949444,0.002464813825546399,"[[ 0.40334303 -0.08524243 -0.91106977  0.05332144]
 [ 0.80379357  0.50882411  0.30824328  0.01756475]
 [ 0.43729886 -0.8566398   0.27374798 -0.45487272]
 [ 0.          0.          0.          1.        ]]","[[ 0.55705987  0.05534554 -0.82862607  0.05505342]
 [ 0.49533076  0.77872717  0.38500836  0.01521191]
 [ 0.66658213 -0.62491669  0.40638331 -0.44909818]
 [ 0.          0.          0.          1.        ]]"
single_object,97,250,37,266,30,0.5675853487607089,0.5669202934824583,0.0022953235971543947,0.002269453566985466,"[[-0.99668079 -0.01468335  0.08007371 -0.04870459]
 [-0.07124612  0.63321636 -0.77068867  0.09433485]
 [-0.0393877  -0.77383554 -0.63216071 -0.32828036]
 [ 0.          0.          0.          1.        ]]","[[-0.99644814 -0.02753246  0.07958054 -0.05037593]
 [-0.07937994  0.62252974 -0.77855992  0.09450579]
 [-0.02810559 -0.78211169 -0.62250412 -0.32901475]
 [ 0.          0.          0.          1.        ]]"
single_object,97,251,28,17,30,0.6745113681691265,0.9172032594449826,0.0027709576968668716,0.0024401748839430926,"[[ 0.95659997  0.22174616  0.18906383  0.06021603]
 [-0.28323097  0.8600997   0.42427435  0.01554252]
 [-0.06853254 -0.45940956  0.88557673 -0.45220419]
 [ 0.          0.          0.          1.        ]]","[[ 0.36681304 -0.22522745 -0.90261885  0.05327381]
 [ 0.6693955   0.73768025  0.08796311  0.01817975]
 [ 0.64603239 -0.63647502  0.42135698 -0.4503852 ]
 [ 0.          0.          0.          1.        ]]"
single_object,97,251,37,210,30,0.479955376936169,0.5615998512564538,0.002555024451591904,0.0021916998536019145,"[[-0.94628859 -0.06978274  0.31570284 -0.05342455]
 [-0.28647071  0.63367827 -0.71860029  0.09007285]
 [-0.14990813 -0.77044287 -0.61963323 -0.32712353]
 [ 0.          0.          0.          1.        ]]","[[-0.99971665 -0.00549205  0.02316157 -0.05028106]
 [-0.02111811  0.65361792 -0.75653     0.09094988]
 [-0.01098392 -0.75680476 -0.6535487  -0.32516904]
 [ 0.          0.          0.          1.        ]]"
single_object,97,252,37,137,30,0.4708448347373389,0.5386876242509189,0.0029565166538574224,0.002255633839914331,"[[-0.96319167  0.05660881 -0.26278747 -0.05357114]
 [ 0.21807295  0.73615321 -0.64072041  0.07327042]
 [ 0.15718143 -0.6744434  -0.72140149 -0.30962814]
 [ 0.          0.          0.          1.        ]]","[[-0.99367698  0.03934493 -0.10515718 -0.04881455]
 [ 0.10187036  0.70972849 -0.69707095  0.07542751]
 [ 0.04720684 -0.70337576 -0.70924894 -0.31119436]
 [ 0.          0.          0.          1.        ]]"
single_object,97,252,28,12,12,0.9092825802040002,0.9738446635135906,0.002279562145825039,0.0018127387954779424,"[[ 0.08860248 -0.03461726  0.99546534  0.05609207]
 [-0.74949418  0.65593043  0.08951949  0.01477031]
 [-0.65605493 -0.75402713  0.03217163 -0.45463935]
 [ 0.          0.          0.          1.        ]]","[[-0.45648022 -0.03404429  0.88908199  0.05587234]
 [-0.5956612   0.75397722 -0.27695863  0.01589601]
 [-0.66091871 -0.65601778 -0.36445456 -0.45763597]
 [ 0.          0.          0.          1.        ]]"
single_object,97,253,37,313,27,0.6239219668473519,0.780009725539553,0.002221521319582899,0.0015834932246600135,"[[-0.95814212  0.03515343 -0.2841266  -0.04264052]
 [ 0.22812634  0.69337959 -0.68350795  0.07639197]
 [ 0.17297993 -0.71971452 -0.67237561 -0.31254918]
 [ 0.          0.          0.          1.        ]]","[[-0.99963397 -0.00431005  0.02670849 -0.05241522]
 [-0.02162069  0.72070188 -0.69290789  0.08160452]
 [-0.01626239 -0.69323173 -0.72053127 -0.31657743]
 [ 0.          0.          0.          1.        ]]"
single_object,97,253,28,11,19,0.731551655364978,0.7907003248048322,0.0027358426193232663,0.0025706009492921984,"[[ 0.76033434 -0.14300623 -0.63359365  0.05270502]
 [ 0.45427739  0.81427924  0.36136046  0.02511467]
 [ 0.46424536 -0.56258203  0.68408896 -0.45136782]
 [ 0.          0.          0.          1.        ]]","[[ 0.75763588 -0.22969244 -0.61092492  0.0612617 ]
 [ 0.48150912  0.82859911  0.28560896  0.02250041]
 [ 0.44060963 -0.51055352  0.73837542 -0.44865465]
 [ 0.          0.          0.          1.        ]]"
single_object,97,254,37,95,10,0.5988143423103878,0.6483001759178478,0.0022905771929901857,0.001558611272985027,"[[ 0.99641996 -0.0057689   0.08434438 -0.05123194]
 [ 0.04848412 -0.77830552 -0.62601103  0.10600854]
 [ 0.06925709  0.62785925 -0.77523946 -0.33978714]
 [ 0.          0.          0.          1.        ]]","[[ 0.99713058 -0.01601792  0.07398666 -0.05275543]
 [ 0.03633366 -0.75615692 -0.65338088  0.10412678]
 [ 0.06641133  0.65419427 -0.7534052  -0.33684102]
 [ 0.          0.          0.          1.        ]]"
single_object,97,254,28,6,25,0.6947404410507722,0.6443672004102798,0.0026853343191570807,0.002380501275242131,"[[ 0.0071229   0.62104235 -0.78374464  0.0502914 ]
 [ 0.07219332 -0.78203869 -0.61903442  0.03408829]
 [-0.99736522 -0.05217181 -0.05040549 -0.46406252]
 [ 0.          0.          0.          1.        ]]","[[ 0.75294195  0.64215545 -0.1439264   0.04702808]
 [ 0.42179091 -0.63878027 -0.64346888  0.02766107]
 [-0.50514439  0.42378786 -0.75181979 -0.46609146]
 [ 0.          0.          0.          1.        ]]"
single_object,97,255,37,223,30,0.6328751841416497,0.6248730674065704,0.0024581253340920325,0.0019499345698956248,"[[-0.99822889 -0.04551213 -0.03831097 -0.05133286]
 [-0.00892502  0.75127062 -0.65993394  0.06991601]
 [ 0.0588169  -0.6584232  -0.75034623 -0.30850443]
 [ 0.          0.          0.          1.        ]]","[[-0.99598259 -0.03395445  0.08285995 -0.05587009]
 [-0.07846427  0.7768143  -0.6248223   0.07437738]
 [-0.0431513  -0.62881368 -0.77635773 -0.31192115]
 [ 0.          0.          0.          1.        ]]"
single_object,97,255,28,36,30,0.7752008661462192,0.6656219727619808,0.002874641582518357,0.002543091481606266,"[[-0.88406478  0.36960229 -0.28604828  0.05257214]
 [ 0.4637082   0.61726185 -0.63558045  0.01844539]
 [-0.0583453  -0.69453722 -0.71708708 -0.4500972 ]
 [ 0.          0.          0.          1.        ]]","[[-0.8432972   0.19808532 -0.49961189  0.05603369]
 [ 0.50808739  0.59687833 -0.62095368  0.02152186]
 [ 0.1752057  -0.777495   -0.60399048 -0.45471235]
 [ 0.          0.          0.          1.        ]]"
single_object,98,0,37,124,30,0.36141106137101503,0.4100244568715228,0.0030278286021452666,0.00267622120165545,"[[-0.76413195  0.3787633  -0.5221501  -0.14978098]
 [ 0.24213133  0.91868796  0.31206545 -0.1050077 ]
 [ 0.59789195  0.11203028 -0.79370929 -0.4795636 ]
 [ 0.          0.          0.          1.        ]]","[[-0.96965421  0.22608877 -0.09302998 -0.15738227]
 [ 0.18540687  0.9280707   0.32296914 -0.10480463]
 [ 0.1593581   0.29591999 -0.94182608 -0.48009202]
 [ 0.          0.          0.          1.        ]]"
single_object,98,0,28,20,30,0.731665621972762,0.7202119778904781,0.0029872057976523866,0.002609073176125402,"[[-0.09375344  0.82078876 -0.56348567 -0.16151518]
 [-0.16037534  0.54613659  0.82220106 -0.03165524]
 [ 0.98259353  0.16745338  0.0804321  -0.47984844]
 [ 0.          0.          0.          1.        ]]","[[-0.49758187  0.75077279 -0.43445655 -0.17140946]
 [-0.37570327  0.26490752  0.88807154 -0.03512335]
 [ 0.78183076  0.60511504  0.15025462 -0.4880384 ]
 [ 0.          0.          0.          1.        ]]"
single_object,98,1,28,9,30,0.2962561969342983,0.32053108439227307,0.0026713590794656358,0.002515334742253757,"[[-0.97970543 -0.19856438  0.02737625  0.07445881]
 [ 0.08734391 -0.54584102 -0.83332384 -0.11772346]
 [ 0.18041151 -0.81402074  0.5521068  -0.50942603]
 [ 0.          0.          0.          1.        ]]","[[-0.69463823 -0.71739678 -0.05309974  0.06757135]
 [ 0.43232062 -0.35732697 -0.82789874 -0.11429926]
 [ 0.57495792 -0.59804623  0.5583584  -0.50566328]
 [ 0.          0.          0.          1.        ]]"
single_object,98,1,37,39,13,0.6587622820692516,0.7477938757705345,0.0022547151928411333,0.001861541903505195,"[[ 0.03409682 -0.99918987 -0.02137792  0.15567194]
 [-0.19920826  0.01416636 -0.97985478 -0.10348066]
 [ 0.97936381  0.03766859 -0.19856385 -0.47842568]
 [ 0.          0.          0.          1.        ]]","[[-0.03888533 -0.99387791 -0.10341481  0.15394613]
 [-0.19212107  0.10899838 -0.97529936 -0.10373905]
 [ 0.98060054 -0.01805667 -0.19518332 -0.4766163 ]
 [ 0.          0.          0.          1.        ]]"
single_object,98,2,28,9,30,0.4209926491537979,0.3479970368681976,0.0028507077033689742,0.0033175926630274774,"[[-0.73816469 -0.07429313  0.67051728  0.06692769]
 [ 0.64622255  0.20746947  0.73440645 -0.10833079]
 [-0.19367322  0.9754163  -0.10513674 -0.49351116]
 [ 0.          0.          0.          1.        ]]","[[-0.53819921 -0.6248471  -0.56560385  0.06302965]
 [ 0.73278986 -0.01539164 -0.68028091 -0.10627912]
 [ 0.41636599 -0.78059541  0.46616539 -0.50972384]
 [ 0.          0.          0.          1.        ]]"
single_object,98,2,37,155,16,0.5282684248916604,0.503983180537479,0.0023297140574909288,0.0018324179556301486,"[[-0.22176587 -0.96122376 -0.16391701  0.14415614]
 [-0.18434436  0.20640002 -0.96094547 -0.10667101]
 [ 0.95751608 -0.18288773 -0.22296866 -0.48973408]
 [ 0.          0.          0.          1.        ]]","[[-0.03611506 -0.98701923 -0.15648881  0.1467878 ]
 [-0.06556848  0.15859388 -0.98516433 -0.1072135 ]
 [ 0.9971943  -0.02531853 -0.07044498 -0.49060104]
 [ 0.          0.          0.          1.        ]]"
single_object,98,3,37,119,30,0.44642371887469784,0.4821579255996224,0.0021661270284325795,0.0020729150723407318,"[[ 0.08558933 -0.98339961 -0.159999    0.14384279]
 [-0.03944713  0.15711765 -0.98679175 -0.11039773]
 [ 0.99554929  0.09077035 -0.0253447  -0.50105312]
 [ 0.          0.          0.          1.        ]]","[[ 0.0088126  -0.97509252 -0.22162336  0.14228281]
 [-0.07287864  0.22041626 -0.97267948 -0.10972635]
 [ 0.99730188  0.02472345 -0.06912097 -0.49942225]
 [ 0.          0.          0.          1.        ]]"
single_object,98,4,37,171,12,0.564724895951029,0.5818375548849383,0.002294237908545016,0.001940778961794794,"[[ 0.02527747 -0.97920781 -0.20127868  0.13572407]
 [-0.10360779  0.19769261 -0.97477334 -0.11162803]
 [ 0.99429698  0.04549385 -0.09645639 -0.50222262]
 [ 0.          0.          0.          1.        ]]","[[-0.06320571 -0.96273443 -0.26295904  0.13721257]
 [-0.19206195  0.27029455 -0.94342623 -0.11051029]
 [ 0.97934531 -0.0091255  -0.20198881 -0.50247888]
 [ 0.          0.          0.          1.        ]]"
single_object,98,5,37,223,16,0.5593686980649036,0.5369427480370143,0.002099412980127834,0.0019659225068104883,"[[-0.10123476 -0.95887985 -0.26514329  0.13162781]
 [-0.2710531   0.28301419 -0.92001804 -0.10818274]
 [ 0.95722607 -0.0212699  -0.28855822 -0.508755  ]
 [ 0.          0.          0.          1.        ]]","[[-0.04707675 -0.96336442 -0.26403178  0.13346347]
 [-0.17681893  0.26818757 -0.94700079 -0.10969844]
 [ 0.9831169   0.0021041  -0.18296647 -0.51004178]
 [ 0.          0.          0.          1.        ]]"
single_object,98,5,28,2,30,0.28862043421277567,0.3196763348338937,0.003097787673126024,0.0028089000997493963,"[[ 1.          0.          0.          0.05529344]
 [ 0.          0.          1.         -0.09958117]
 [ 0.         -1.          0.         -0.52754877]
 [ 0.          0.          0.          1.        ]]","[[ 0.96454793  0.26215912  0.03032968  0.06410817]
 [ 0.24801081 -0.86115634 -0.44373459 -0.096237  ]
 [-0.09021047  0.43552537 -0.89564486 -0.51212062]
 [ 0.          0.          0.          1.        ]]"
single_object,98,6,28,6,30,0.3101601230839364,0.6102911846828879,0.0033003258099979613,0.00252931310705054,"[[ 0.99987795  0.01562309  0.          0.05426964]
 [ 0.0110472  -0.70702048 -0.70710678 -0.09826288]
 [-0.0110472   0.70702048 -0.70710678 -0.52128293]
 [ 0.          0.          0.          1.        ]]","[[ 0.86245699  0.4707103   0.18601008  0.05878143]
 [ 0.32664329 -0.23692274 -0.91497092 -0.10292917]
 [-0.38661622  0.84988201 -0.35809003 -0.5206163 ]
 [ 0.          0.          0.          1.        ]]"
single_object,98,6,37,185,19,0.5503153649222672,0.5685865072440968,0.0021438641750640684,0.001873212854493244,"[[-0.12994032 -0.92967646 -0.3446987   0.13151689]
 [-0.32159062  0.36836866 -0.87228665 -0.10749666]
 [ 0.93792056 -0.00249334 -0.34684117 -0.51454015]
 [ 0.          0.          0.          1.        ]]","[[-0.08638253 -0.95276764 -0.29115613  0.13044232]
 [-0.27436304  0.30369836 -0.91241012 -0.108044  ]
 [ 0.95773847  0.00106619 -0.28763846 -0.51398762]
 [ 0.          0.          0.          1.        ]]"
single_object,98,7,37,279,30,0.5030177777142122,0.5456027689183198,0.0020719591517314663,0.001939495274894335,"[[-0.00803921 -0.94142044 -0.33713932  0.13952292]
 [-0.25393897  0.32801979 -0.9099     -0.1098518 ]
 [ 0.96718683  0.07829793 -0.24170036 -0.52194059]
 [ 0.          0.          0.          1.        ]]","[[-0.05025368 -0.93618667 -0.34789235  0.13610517]
 [-0.38911485  0.33916061 -0.85648101 -0.10811154]
 [ 0.91981748  0.09232876 -0.38132821 -0.52142722]
 [ 0.          0.          0.          1.        ]]"
single_object,98,8,37,206,21,0.663224588452352,0.7271056508245255,0.0020544280696276665,0.001590684372866497,"[[-0.14416087 -0.91188049 -0.38430666  0.12613193]
 [-0.48578779  0.40356071 -0.77533798 -0.10577741]
 [ 0.86210665  0.07491808 -0.50115807 -0.51896247]
 [ 0.          0.          0.          1.        ]]","[[-0.01985444 -0.94927963 -0.31380565  0.12445319]
 [-0.55794734  0.27096803 -0.78439218 -0.10530003]
 [ 0.82963881  0.15951336 -0.53502797 -0.51943119]
 [ 0.          0.          0.          1.        ]]"
single_object,98,8,28,3,30,0.3842954014473759,0.48948658043193344,0.003148188566281241,0.0026728212186984167,"[[ 0.82427568 -0.39848447  0.4022185   0.06073244]
 [-0.2523168  -0.89448353 -0.36910086 -0.08021021]
 [ 0.50685878  0.20275438 -0.83784535 -0.52541637]
 [ 0.          0.          0.          1.        ]]","[[ 0.4773585   0.46414368  0.74612298  0.05589932]
 [ 0.84443083 -0.00746175 -0.53561264 -0.090592  ]
 [-0.24303384  0.88572849 -0.39549916 -0.52255618]
 [ 0.          0.          0.          1.        ]]"
single_object,98,9,28,6,30,0.19756111459342413,0.34828195338765744,0.0027699388351547505,0.0026672153271548745,"[[ 1.          0.          0.          0.05475491]
 [ 0.          1.          0.         -0.07774868]
 [ 0.          0.          1.         -0.53092802]
 [ 0.          0.          0.          1.        ]]","[[ 0.83107679  0.50643745  0.22985318  0.05295253]
 [ 0.54509262 -0.65969198 -0.51737852 -0.08572989]
 [-0.11038756  0.55527255 -0.82431001 -0.53204883]
 [ 0.          0.          0.          1.        ]]"
single_object,98,9,37,150,17,0.5896179865272673,0.7038787740099258,0.002064450497682855,0.0015812606283472275,"[[ 0.12875917 -0.96518313 -0.22768969  0.12347433]
 [-0.56304802  0.11785077 -0.81797807 -0.09755551]
 [ 0.81633204  0.2335224  -0.52827009 -0.52745857]
 [ 0.          0.          0.          1.        ]]","[[-0.01350846 -0.94099358 -0.3381547   0.12315395]
 [-0.58683894  0.28127786 -0.75927783 -0.10161458]
 [ 0.809591    0.18818567 -0.55601131 -0.52531261]
 [ 0.          0.          0.          1.        ]]"
single_object,98,10,37,134,14,0.6886325605343326,0.7096211330253579,0.0021425751469824443,0.0016433692025923047,"[[ 0.01038785 -0.94702607 -0.32098866  0.12477268]
 [-0.64086734  0.24010625 -0.72913513 -0.09751454]
 [ 0.76758136  0.2132853  -0.60442389 -0.53015461]
 [ 0.          0.          0.          1.        ]]","[[-0.00651682 -0.93687611 -0.34960074  0.12164121]
 [-0.64883183  0.26998546 -0.71142471 -0.09791763]
 [ 0.76090393  0.22219586 -0.60963449 -0.53028273]
 [ 0.          0.          0.          1.        ]]"
single_object,98,10,28,4,30,0.265542196136532,0.3261154481736851,0.0030659539147247033,0.002871088320884304,"[[-0.43386092  0.89442719  0.10846523  0.03681021]
 [-0.86772183 -0.4472136   0.21693046 -0.07797595]
 [ 0.24253563  0.          0.9701425  -0.52112975]
 [ 0.          0.          0.          1.        ]]","[[-0.82774259 -0.09045339 -0.55376926  0.04303139]
 [-0.47725142  0.63250756  0.6100535  -0.08510606]
 [ 0.29508183  0.76925443 -0.56672245 -0.5310863 ]
 [ 0.          0.          0.          1.        ]]"
single_object,98,11,37,193,21,0.5774610620861282,0.7070109698365251,0.0025460004460610823,0.001663838312278024,"[[-0.07804683 -0.89911872 -0.4306904   0.11897883]
 [-0.59657906  0.38824298 -0.70239648 -0.09607909]
 [ 0.79875034  0.20212106 -0.56669654 -0.53584641]
 [ 0.          0.          0.          1.        ]]","[[-0.0311044  -0.93366014 -0.35680703  0.1205491 ]
 [-0.69249521  0.27754848 -0.66589581 -0.09343572]
 [ 0.72075162  0.22637487 -0.65518816 -0.53484957]
 [ 0.          0.          0.          1.        ]]"
single_object,98,12,37,193,28,0.48273716729358257,0.584340451093408,0.0022107875212264024,0.0017209943459157934,"[[-0.01056055 -0.91205104 -0.40994069  0.12399193]
 [-0.67167398  0.31017641 -0.67278872 -0.08373932]
 [ 0.74077158  0.26824148 -0.61587659 -0.54686582]
 [ 0.          0.          0.          1.        ]]","[[-0.06230074 -0.92502838 -0.37475474  0.1290273 ]
 [-0.68561679  0.31253167 -0.65745994 -0.08950771]
 [ 0.72529183  0.2159779  -0.65368594 -0.54407176]
 [ 0.          0.          0.          1.        ]]"
single_object,98,13,37,171,30,0.5755946166278122,0.6026044422832134,0.002587924769434464,0.0018721178880090814,"[[-0.28373987 -0.87063011 -0.40186428  0.11616737]
 [-0.68630596  0.47706977 -0.54898867 -0.08485467]
 [ 0.66968337  0.12003188 -0.73288235 -0.54519132]
 [ 0.          0.          0.          1.        ]]","[[-0.09242049 -0.90639459 -0.41219814  0.13014211]
 [-0.72269956  0.34583138 -0.59841959 -0.08532598]
 [ 0.68495533  0.24258918 -0.68701287 -0.55005657]
 [ 0.          0.          0.          1.        ]]"
single_object,98,14,37,180,30,0.6154693287947482,0.6530914343740614,0.002367422491487847,0.0022407274647651292,"[[-0.01499317 -0.93037638 -0.36629905  0.12219009]
 [-0.98361521  0.07954648 -0.16178217 -0.08899677]
 [ 0.17965611  0.35787169 -0.91632501 -0.54478443]
 [ 0.          0.          0.          1.        ]]","[[-0.02569614 -0.94158213 -0.33580174  0.12121228]
 [-0.97857447  0.09233633 -0.1840272  -0.0888266 ]
 [ 0.20428342  0.32387822 -0.92378092 -0.5459187 ]
 [ 0.          0.          0.          1.        ]]"
single_object,98,15,37,88,30,0.40037757977087773,0.4611049929203793,0.0025334205389910534,0.0024602957496667236,"[[ 0.15029447  0.89893077  0.4115034   0.12353695]
 [-0.97978827  0.07985508  0.18340694 -0.05658618]
 [ 0.1320095  -0.43075125  0.8927636  -0.52057716]
 [ 0.          0.          0.          1.        ]]","[[ 0.00744635  0.91595785  0.40120539  0.12457985]
 [-0.92499973 -0.14611494  0.35075051 -0.06084847]
 [ 0.37989478 -0.37372669  0.84617274 -0.5200772 ]
 [ 0.          0.          0.          1.        ]]"
single_object,98,16,37,101,30,0.5553783663954004,0.6005163117321471,0.0024924191282029748,0.002296407735300907,"[[ 0.43966373  0.76021348 -0.47830039  0.07984414]
 [ 0.89458615 -0.41812924  0.15774522 -0.09721243]
 [-0.08007133 -0.49723576 -0.86391272 -0.55095042]
 [ 0.          0.          0.          1.        ]]","[[ 0.29009078  0.77583109 -0.56029766  0.08894347]
 [ 0.90972139 -0.40530158 -0.09020879 -0.10003434]
 [-0.29707631 -0.48354602 -0.82336438 -0.55425804]
 [ 0.          0.          0.          1.        ]]"
single_object,98,17,37,172,30,0.5668130265020953,0.698973097441325,0.0023140585448139695,0.0019176634612401873,"[[-0.15284222 -0.8204339  -0.55093327  0.10308503]
 [-0.77708007  0.44419914 -0.44590771 -0.10313325]
 [ 0.61056189  0.35996574 -0.70543521 -0.56146254]
 [ 0.          0.          0.          1.        ]]","[[-0.09258818 -0.84475574 -0.52708174  0.08977429]
 [-0.82199019  0.36358869 -0.43833251 -0.09488797]
 [ 0.56192486  0.39267161 -0.72804495 -0.55389756]
 [ 0.          0.          0.          1.        ]]"
single_object,98,18,37,94,30,0.5079234542828129,0.6117221356140677,0.0026932245030423375,0.0021915657186150914,"[[-0.23425892  0.74879287 -0.62002581  0.07729143]
 [ 0.89218737 -0.08774867 -0.44305966 -0.10250941]
 [-0.38616635 -0.65696987 -0.64750763 -0.53766919]
 [ 0.          0.          0.          1.        ]]","[[-0.02692942  0.81929398 -0.57274094  0.08462398]
 [ 0.88160857 -0.25061336 -0.3999491  -0.10152331]
 [-0.47121242 -0.51570372 -0.71554772 -0.54380913]
 [ 0.          0.          0.          1.        ]]"
single_object,98,19,37,111,30,0.46091191235572593,0.42657932750754446,0.0026199070517293893,0.0020909130590396215,"[[-0.01345028 -0.8408092  -0.54116447  0.11966994]
 [-0.8893421   0.25744052 -0.37788227 -0.11358312]
 [ 0.45704455  0.47619773 -0.75122966 -0.56304   ]
 [ 0.          0.          0.          1.        ]]","[[ 0.14935372 -0.79128933 -0.59292045  0.12804126]
 [-0.701991    0.33744414 -0.62716831 -0.1180213 ]
 [ 0.69634913  0.50989474 -0.50507945 -0.57062431]
 [ 0.          0.          0.          1.        ]]"
single_object,98,20,37,144,30,0.5194939858979677,0.6820320656759965,0.0029174413863826804,0.001827139594207598,"[[-0.27194175 -0.80616469 -0.52549613  0.08357241]
 [-0.65106702  0.55625292 -0.51642466 -0.10551355]
 [ 0.70863208  0.20169577 -0.67613563 -0.54010696]
 [ 0.          0.          0.          1.        ]]","[[-0.05182024 -0.85339455 -0.51868334  0.09258785]
 [-0.68172252  0.40976951 -0.60608857 -0.11024334]
 [ 0.7297733   0.32219045 -0.60301264 -0.54032707]
 [ 0.          0.          0.          1.        ]]"
single_object,98,21,37,145,21,0.5425563866760108,0.6387248101374448,0.0023471528537663917,0.0016643054221485575,"[[-0.18875035 -0.80760307 -0.55870439  0.08693734]
 [-0.49487053  0.56963395 -0.65621668 -0.11314913]
 [ 0.84821959  0.1526252  -0.50717756 -0.53267935]
 [ 0.          0.          0.          1.        ]]","[[-0.01178286 -0.86907318 -0.4945432   0.09322921]
 [-0.61641963  0.39573572 -0.68074965 -0.11386588]
 [ 0.78732967  0.29682496 -0.54037666 -0.53499831]
 [ 0.          0.          0.          1.        ]]"
single_object,98,22,37,224,30,0.5953961012028204,0.5731203249474391,0.0021398546048724335,0.001970561389133223,"[[ 0.03185717  0.85849225 -0.51183608  0.0803229 ]
 [ 0.68550098 -0.39144159 -0.61389078 -0.11463283]
 [-0.72737441 -0.33130731 -0.6009675  -0.52274589]
 [ 0.          0.          0.          1.        ]]","[[-0.2354746   0.81440994 -0.53036607  0.09533139]
 [ 0.64137285 -0.27978944 -0.71439396 -0.11683404]
 [-0.73020037 -0.50838403 -0.45645712 -0.5331356 ]
 [ 0.          0.          0.          1.        ]]"
single_object,98,23,37,221,19,0.6330968692343998,0.6932450406899412,0.002203052630748712,0.0016437189949002422,"[[-0.08477194 -0.84774164 -0.52359128  0.09869286]
 [-0.53466524  0.48212446 -0.69403825 -0.12356257]
 [ 0.84080129  0.22111109 -0.49412861 -0.52746321]
 [ 0.          0.          0.          1.        ]]","[[-0.00218622 -0.8769676  -0.48054454  0.09709428]
 [-0.52664157  0.40951519 -0.74494695 -0.12294581]
 [ 0.85008463  0.25144611 -0.46274289 -0.52474583]
 [ 0.          0.          0.          1.        ]]"
single_object,98,24,28,9,30,0.4569491139096245,0.4676049917374209,0.0026916080283165386,0.002734999074174585,"[[ 0.14257984 -0.09679665 -0.98503878  0.02029638]
 [ 0.98589933  0.10196745  0.13268438 -0.09837005]
 [ 0.08759849 -0.99006719  0.10997026 -0.53053183]
 [ 0.          0.          0.          1.        ]]","[[-0.87515984 -0.43724667 -0.20714875  0.01895419]
 [ 0.33335567 -0.23461102 -0.91314384 -0.10321131]
 [ 0.35066972 -0.86820102  0.35108079 -0.52851384]
 [ 0.          0.          0.          1.        ]]"
single_object,98,24,37,233,30,0.6046568171741586,0.6301720562365022,0.0028345927119823268,0.0017090780709301777,"[[ 0.10491983 -0.88721009 -0.44927728  0.09861957]
 [-0.60218994  0.30284926 -0.73868099 -0.13243091]
 [ 0.79142853  0.34805254 -0.5024941  -0.51490712]
 [ 0.          0.          0.          1.        ]]","[[ 0.00533966 -0.88735495 -0.46105605  0.10024726]
 [-0.43753922  0.41251261 -0.79899486 -0.12626167]
 [ 0.89918347  0.20599647 -0.38604991 -0.51988772]
 [ 0.          0.          0.          1.        ]]"
single_object,98,25,37,264,28,0.642750897467069,0.7099858407585921,0.0025113405773801857,0.0016026432630634026,"[[-0.35288495 -0.81967695 -0.45122268  0.09849736]
 [-0.56877362  0.570838   -0.59214909 -0.13775181]
 [ 0.74294602  0.04768305 -0.66765076 -0.50241259]
 [ 0.          0.          0.          1.        ]]","[[-0.00906643 -0.89368105 -0.44861117  0.10181579]
 [-0.49277958  0.39436486 -0.77565756 -0.13028499]
 [ 0.87010694  0.21403398 -0.44396326 -0.5111506 ]
 [ 0.          0.          0.          1.        ]]"
single_object,98,26,37,211,13,0.6828043879346101,0.7012686108210929,0.002221125749495098,0.0016317780476056663,"[[-0.05528042 -0.89726416 -0.43801953  0.10283349]
 [-0.48241032  0.40809155 -0.7750752  -0.13069548]
 [ 0.87419927  0.16845866 -0.45540896 -0.50555441]
 [ 0.          0.          0.          1.        ]]","[[ 0.02216892 -0.91030324 -0.41334798  0.10538018]
 [-0.42851963  0.36489251 -0.82657389 -0.13236967]
 [ 0.90326047  0.19545197 -0.38199353 -0.5043406 ]
 [ 0.          0.          0.          1.        ]]"
single_object,98,27,37,214,19,0.5865787554169825,0.6421645046410847,0.0021190586779657734,0.001815545211886955,"[[-0.02942955 -0.89714582 -0.44075308  0.10615553]
 [-0.1538749   0.43975422 -0.88483826 -0.1306749 ]
 [ 0.98765197  0.04178044 -0.15098999 -0.50282355]
 [ 0.          0.          0.          1.        ]]","[[ 0.00231519 -0.91344824 -0.40694835  0.11048183]
 [-0.22003893  0.39651016 -0.8912702  -0.13236458]
 [ 0.97548834  0.09160794 -0.20007618 -0.50272733]
 [ 0.          0.          0.          1.        ]]"
single_object,98,28,37,27,15,0.6707618816058583,0.7230938657589496,0.0018060439399139603,0.001679470115098919,"[[ 0.03206634 -0.93495693 -0.35330906  0.11651408]
 [-0.19948179  0.34039208 -0.91887988 -0.13307701]
 [ 0.97937672  0.09994384 -0.17559176 -0.49397392]
 [ 0.          0.          0.          1.        ]]","[[ 1.94622951e-04 -9.32827880e-01 -3.60322228e-01  1.15151277e-01]
 [-2.99612801e-01  3.43714954e-01 -8.89995618e-01 -1.33280287e-01]
 [ 9.54060864e-01  1.08130366e-01 -2.79420279e-01 -4.92065549e-01]
 [ 0.00000000e+00  0.00000000e+00  0.00000000e+00  1.00000000e+00]]"
single_object,98,28,28,7,30,0.5575246452789333,0.580602883355177,0.0026683853257063166,0.00248194539432476,"[[ 0.81680836  0.22320831  0.53197947  0.0440101 ]
 [ 0.57558989 -0.25297938 -0.77762311 -0.1223767 ]
 [-0.0389921   0.94137106 -0.33511212 -0.50275256]
 [ 0.          0.          0.          1.        ]]","[[ 0.59698864  0.59617596  0.53682286  0.04364177]
 [ 0.54756651  0.18624389 -0.81577211 -0.12028625]
 [-0.5863237   0.7809529  -0.2152605  -0.50946884]
 [ 0.          0.          0.          1.        ]]"
single_object,98,29,37,114,16,0.6969993850026459,0.7537436176146683,0.0022257927443967204,0.0017538555687343815,"[[-0.11618505 -0.93748474 -0.32806006  0.12318736]
 [-0.17169917  0.34428191 -0.9230327  -0.1311917 ]
 [ 0.97827421 -0.05091496 -0.20096576 -0.48394411]
 [ 0.          0.          0.          1.        ]]","[[-0.0186691  -0.94574363 -0.32437702  0.12249154]
 [-0.2564663   0.31810823 -0.91270597 -0.13147622]
 [ 0.96637286  0.06615238 -0.24849017 -0.48524455]
 [ 0.          0.          0.          1.        ]]"
single_object,98,30,37,243,17,0.5706245798709936,0.6099987127962356,0.0022069804593068823,0.0019254562801786766,"[[-0.10326593 -0.94825856 -0.30023634  0.13810677]
 [-0.05028597  0.30644131 -0.95056038 -0.12629342]
 [ 0.99338183 -0.08306283 -0.07932905 -0.48474101]
 [ 0.          0.          0.          1.        ]]","[[-0.0916904  -0.95332413 -0.28769076  0.13262278]
 [-0.00796005  0.28960023 -0.95711459 -0.12602979]
 [ 0.99575575 -0.08546819 -0.03414206 -0.48418806]
 [ 0.          0.          0.          1.        ]]"
single_object,98,30,28,9,30,0.4167758846657929,0.3217277337740042,0.0033452485467513997,0.002625784485438276,"[[-0.87160893  0.38965136  0.29743855  0.0575838 ]
 [ 0.47610507  0.52843448  0.70290893 -0.11891961]
 [ 0.11671263  0.7542737  -0.6461032  -0.49226084]
 [ 0.          0.          0.          1.        ]]","[[-0.23087982  0.53288024 -0.81408424  0.05139722]
 [-0.65561462  0.53302361  0.53484138 -0.11639855]
 [ 0.71893253  0.65720961  0.22629968 -0.49632845]
 [ 0.          0.          0.          1.        ]]"
single_object,98,31,28,14,30,0.3761467889908257,0.7559974927346288,0.0029873845353044553,0.0027549299067517546,"[[ 0.61571712 -0.68602447 -0.38763752  0.03459865]
 [ 0.78649566  0.50500603  0.35551861 -0.124218  ]
 [-0.04813518 -0.52377412  0.85049613 -0.46114643]
 [ 0.          0.          0.          1.        ]]","[[-0.49370197 -0.29116479 -0.8194397   0.02708892]
 [ 0.86395689 -0.27168682 -0.42398676 -0.12941391]
 [-0.09918096 -0.91728367  0.38568614 -0.48209133]
 [ 0.          0.          0.          1.        ]]"
single_object,98,31,37,24,14,0.7815329166607073,0.7862741171927516,0.0023737829000490987,0.0016786813972213314,"[[ 0.0197776  -0.91430601 -0.40454093  0.10482241]
 [-0.32990149  0.37599057 -0.86590767 -0.14601839]
 [ 0.94380816  0.15058424 -0.29419472 -0.47823963]
 [ 0.          0.          0.          1.        ]]","[[-0.0094963  -0.90694704 -0.42113762  0.10459475]
 [-0.211195    0.41347522 -0.8856833  -0.14799975]
 [ 0.97739782  0.08053144 -0.19546916 -0.47845489]
 [ 0.          0.          0.          1.        ]]"
single_object,98,32,37,49,13,0.6526552153205852,0.6644974899526596,0.0018306699685805396,0.0015756839783103455,"[[ 0.035896   -0.88269504 -0.46857331  0.0965528 ]
 [-0.23624496  0.44809077 -0.8622082  -0.15200275]
 [ 0.97103028  0.1416479  -0.19244759 -0.48536833]
 [ 0.          0.          0.          1.        ]]","[[ 0.01041951 -0.87697527 -0.48042253  0.09384274]
 [-0.23614882  0.46470045 -0.85339746 -0.15090046]
 [ 0.97166104  0.1223432  -0.20225472 -0.48561092]
 [ 0.          0.          0.          1.        ]]"
single_object,98,32,28,7,23,0.45233346629437576,0.39922502706706936,0.003082579335587645,0.0026510497410527478,"[[ 0.98444385 -0.09144447  0.1500274   0.02336359]
 [ 0.00517424 -0.83842723 -0.54498899 -0.12040166]
 [ 0.17562328  0.53728734 -0.82491138 -0.51377444]
 [ 0.          0.          0.          1.        ]]","[[ 0.35478948 -0.42582555  0.8323443   0.02451514]
 [-0.89275071 -0.41873025  0.16631642 -0.12682706]
 [ 0.27770596 -0.80208327 -0.52871715 -0.50656219]
 [ 0.          0.          0.          1.        ]]"
single_object,98,33,37,251,25,0.5004004633933552,0.5550279609262146,0.002477557406163925,0.0018656263813274963,"[[-0.1703552  -0.7619366  -0.62484536  0.08665234]
 [ 0.03716464  0.62869507 -0.77676335 -0.15269257]
 [ 0.98468162 -0.15554783 -0.07878437 -0.49465828]
 [ 0.          0.          0.          1.        ]]","[[ 0.03844044 -0.84760887 -0.52922731  0.08704594]
 [-0.08397572  0.52500507 -0.84694613 -0.15134299]
 [ 0.99572607  0.07699923 -0.05099714 -0.49786052]
 [ 0.          0.          0.          1.        ]]"
single_object,98,33,28,15,9,0.5652173913043478,0.7080745341614907,0.002562862464621247,0.0022631107291332287,"[[ 0.98981859 -0.10378855  0.09740169  0.01996006]
 [-0.11985453 -0.23866192  0.96367805 -0.12656259]
 [-0.07677267 -0.96554048 -0.24867153 -0.501514  ]
 [ 0.          0.          0.          1.        ]]","[[ 0.70648683 -0.30213806  0.63999137  0.01681223]
 [-0.68599852 -0.06999859  0.72422802 -0.12528678]
 [-0.17401835 -0.95069069 -0.25671934 -0.50634117]
 [ 0.          0.          0.          1.        ]]"
single_object,98,34,37,279,22,0.5809508145139376,0.5707032423232598,0.0026279674109199575,0.0018431839697240077,"[[-0.13711785 -0.80284443 -0.58020645  0.08237696]
 [-0.23881161  0.59525456 -0.76722945 -0.15378187]
 [ 0.96133642  0.03335918 -0.2733486  -0.50568505]
 [ 0.          0.          0.          1.        ]]","[[ 0.01729942 -0.82655141 -0.56259532  0.08062021]
 [-0.10247326  0.55825087 -0.82331962 -0.15072249]
 [ 0.99458532  0.07189393 -0.075042   -0.50581223]
 [ 0.          0.          0.          1.        ]]"
single_object,98,34,28,13,30,0.4775770699185139,0.5994643569434156,0.0032119165810929984,0.002356130254340101,"[[ 0.92060496  0.29634656 -0.25429359  0.00916249]
 [-0.35645745  0.37184078 -0.8571304  -0.13042465]
 [-0.15945092  0.87972334  0.4479534  -0.5197201 ]
 [ 0.          0.          0.          1.        ]]","[[ 0.79286462  0.5047371   0.34147644  0.01461359]
 [ 0.4497778  -0.10660348 -0.88675568 -0.12693155]
 [-0.41117592  0.85666572 -0.31154167 -0.5047538 ]
 [ 0.          0.          0.          1.        ]]"
single_object,98,35,28,31,30,0.4968944099378882,0.415294318764602,0.00290831731068038,0.00257993663540141,"[[-0.21215381  0.87703366 -0.4310484  -0.00924272]
 [-0.96284275 -0.11217001  0.24566588 -0.12090487]
 [ 0.16710654  0.46715078  0.86824279 -0.51403548]
 [ 0.          0.          0.          1.        ]]","[[-9.69546691e-01 -4.74750733e-02  2.40260966e-01 -8.02897351e-05]
 [ 4.51397241e-02 -9.98864776e-01 -1.52172380e-02 -1.20617505e-01]
 [ 2.40710655e-01 -3.90850905e-03  9.70589050e-01 -5.13710241e-01]
 [ 0.00000000e+00  0.00000000e+00  0.00000000e+00  1.00000000e+00]]"
single_object,98,35,37,192,12,0.6596704758363249,0.7071253879489123,0.0018898897709059318,0.001503579609461676,"[[ 0.06141987 -0.85426333 -0.51619934  0.07474733]
 [-0.35869683  0.46373322 -0.81011609 -0.14764664]
 [ 0.93143125  0.2349163  -0.27793912 -0.50675385]
 [ 0.          0.          0.          1.        ]]","[[ 0.03858073 -0.82068282 -0.57008003  0.07399898]
 [-0.38093773  0.51534294 -0.76766406 -0.14919902]
 [ 0.92379542  0.24678203 -0.29274674 -0.50583853]
 [ 0.          0.          0.          1.        ]]"
single_object,98,36,28,9,30,0.504188272836059,0.5798051171006895,0.003047551164756323,0.002620651906511539,"[[-0.9192275  -0.06076779  0.38900909  0.00311806]
 [-0.38474963  0.3484179  -0.85473545 -0.12013905]
 [-0.08359735 -0.93536744 -0.3436557  -0.50831019]
 [ 0.          0.          0.          1.        ]]","[[-0.85793258  0.31870623 -0.40296157 -0.00970357]
 [-0.35035145 -0.93660414  0.00515272 -0.10222105]
 [-0.37577327  0.14559886  0.9152024  -0.51239528]
 [ 0.          0.          0.          1.        ]]"
single_object,98,36,37,148,19,0.4669117121240292,0.4986984939715957,0.0024935742614067458,0.0019248199360100576,"[[-0.15576828 -0.80993284 -0.56546002  0.06472785]
 [-0.14440093  0.58496877 -0.79809768 -0.13938627]
 [ 0.97718198 -0.04266535 -0.20807463 -0.51654831]
 [ 0.          0.          0.          1.        ]]","[[ 0.05388025 -0.80061885 -0.5967465   0.07082998]
 [-0.17858893  0.58025269 -0.79461489 -0.14338675]
 [ 0.98244741  0.14938637 -0.1117175  -0.51988363]
 [ 0.          0.          0.          1.        ]]"
single_object,98,37,37,208,30,0.4639511434660107,0.37095067149129707,0.0025807467907347985,0.0018322503041469373,"[[ 0.04632886 -0.75330809 -0.65603396  0.07888583]
 [-0.55789321  0.52525892 -0.64254045 -0.15190838]
 [ 0.82861861  0.39576506 -0.39593082 -0.52874279]
 [ 0.          0.          0.          1.        ]]","[[ 0.2821272  -0.74881949 -0.59972795  0.08832664]
 [-0.36879973  0.49243652 -0.78834829 -0.15303302]
 [ 0.88565851  0.443594   -0.13723468 -0.54114073]
 [ 0.          0.          0.          1.        ]]"
single_object,98,38,37,185,20,0.6480212817689041,0.6641756890115705,0.0025837950082080916,0.0017046166548894727,"[[ 0.0272914  -0.81782998 -0.57481241  0.06237353]
 [-0.65878762  0.4177706  -0.62567292 -0.13816574]
 [ 0.75183379  0.39575479 -0.52737472 -0.52459575]
 [ 0.          0.          0.          1.        ]]","[[ 0.00754391 -0.77484846 -0.63210201  0.06550615]
 [-0.51153233  0.54016222 -0.66825103 -0.13905599]
 [ 0.85923091  0.32838184 -0.39228511 -0.52567018]
 [ 0.          0.          0.          1.        ]]"
single_object,98,39,37,193,30,0.5273101732004176,0.484403381055221,0.0024942931071146755,0.0021778293107681773,"[[-0.53293709 -0.7673748  -0.35653047  0.06032197]
 [-0.81205694  0.58225015 -0.03934819 -0.15142496]
 [ 0.23778473  0.26855294 -0.93345474 -0.52712703]
 [ 0.          0.          0.          1.        ]]","[[-0.64246243 -0.74877328 -0.16303559  0.05517625]
 [-0.76375959  0.60829141  0.21599269 -0.15191684]
 [-0.0625564   0.26328718 -0.96268715 -0.52625861]
 [ 0.          0.          0.          1.        ]]"
single_object,98,39,28,11,30,0.38725853324975784,0.6600945922844607,0.002777028623351909,0.00270525134416594,"[[-0.40768295  0.17643323 -0.89591625 -0.0153535 ]
 [-0.90423725  0.05854358  0.4229984  -0.09585477]
 [ 0.12708112  0.98257008  0.13567028 -0.53318988]
 [ 0.          0.          0.          1.        ]]","[[-0.75954173 -0.55198827 -0.34410072 -0.00827847]
 [ 0.58359064 -0.34467028 -0.73527163 -0.09913307]
 [ 0.28726002 -0.75928344  0.58392665 -0.51955497]
 [ 0.          0.          0.          1.        ]]"
single_object,98,40,37,131,30,0.5578455069437492,0.5632231582259472,0.00254020097403448,0.0021437477316569704,"[[-0.26865994 -0.78039606 -0.56462716  0.0631044 ]
 [-0.90377629  0.40698589 -0.13247981 -0.13979774]
 [ 0.33318201  0.47470462 -0.81464426 -0.53616516]
 [ 0.          0.          0.          1.        ]]","[[-0.0792608  -0.75723505 -0.64831536  0.06376359]
 [-0.72424515  0.49062866 -0.48451261 -0.13327921]
 [ 0.68497203  0.4311364  -0.58731143 -0.53697781]
 [ 0.          0.          0.          1.        ]]"
single_object,98,41,37,97,27,0.5566512678957078,0.6247872538222801,0.002249707012563017,0.001738964319596753,"[[-0.21425285 -0.7636952  -0.60898716  0.06442137]
 [-0.62686399  0.58564008 -0.51387474 -0.1293224 ]
 [ 0.74909096  0.27165299 -0.60420807 -0.53938758]
 [ 0.          0.          0.          1.        ]]","[[-0.04103431 -0.74960292 -0.66061459  0.06074134]
 [-0.64800843  0.52322861 -0.55345903 -0.12396708]
 [ 0.76052696  0.40537301 -0.50721934 -0.54223982]
 [ 0.          0.          0.          1.        ]]"
single_object,98,42,37,116,30,0.5672563966875956,0.6572676954761939,0.0022938206176709346,0.0017220767171168849,"[[-0.3114213  -0.75549724 -0.57640323  0.05518124]
 [-0.71834129  0.58425005 -0.37767403 -0.12644914]
 [ 0.62209531  0.29643851 -0.72465277 -0.53680296]
 [ 0.          0.          0.          1.        ]]","[[-0.05134278 -0.74923262 -0.66031386  0.05882529]
 [-0.70528534  0.49531916 -0.50717996 -0.11879097]
 [ 0.70706188  0.43966966 -0.55385385 -0.54678503]
 [ 0.          0.          0.          1.        ]]"
single_object,98,43,37,112,30,0.5692301091262747,0.5752871179507716,0.002391897018428294,0.0021273764979415316,"[[ 0.06877177  0.71427588 -0.69647714  0.0380065 ]
 [ 0.89020088 -0.35908347 -0.28035949 -0.10920594]
 [-0.45034745 -0.60072375 -0.66054383 -0.53574186]
 [ 0.          0.          0.          1.        ]]","[[-0.07480631  0.69369869 -0.71637012  0.05308569]
 [ 0.78283707 -0.40414942 -0.4731061  -0.10756573]
 [-0.61771364 -0.5961924  -0.51282012 -0.55102836]
 [ 0.          0.          0.          1.        ]]"
single_object,98,44,37,178,22,0.5648893719875856,0.6098556901557517,0.0023531105904560784,0.0017408749497093028,"[[-0.12076836 -0.67006102 -0.73241603  0.05700447]
 [-0.70326622  0.57847296 -0.41326221 -0.10284841]
 [ 0.70059377  0.46517445 -0.54109251 -0.56173708]
 [ 0.          0.          0.          1.        ]]","[[-0.06618767 -0.71735598 -0.69355576  0.06004085]
 [-0.74911872  0.49487328 -0.44036529 -0.10588252]
 [ 0.65912088  0.49040885 -0.5701393  -0.56134035]
 [ 0.          0.          0.          1.        ]]"
single_object,98,45,37,171,30,0.5954318568629414,0.6647477795735065,0.002440096581130744,0.0017233469171997976,"[[-0.27237467 -0.67012399 -0.69046786  0.05839886]
 [-0.80151039  0.55504127 -0.22250904 -0.10745004]
 [ 0.53234681  0.49281134 -0.68829053 -0.56364569]
 [ 0.          0.          0.          1.        ]]","[[-0.07690601 -0.72760732 -0.68166932  0.05450856]
 [-0.81090711  0.44343479 -0.38183143 -0.09774935]
 [ 0.58009924  0.52340537 -0.62412474 -0.56050831]
 [ 0.          0.          0.          1.        ]]"
single_object,98,46,37,193,11,0.5698594087444042,0.5974770806218624,0.0024269925016053955,0.0016214501819117968,"[[ 0.03627863 -0.55699905 -0.82972038  0.01749439]
 [-0.80341571  0.47750671 -0.35568321 -0.10455284]
 [ 0.59431226  0.67951409 -0.4301785  -0.55979765]
 [ 0.          0.          0.          1.        ]]","[[-0.014078   -0.60438518 -0.79656787  0.01853585]
 [-0.76731061  0.51732767 -0.3789545  -0.10305976]
 [ 0.64112108  0.60588005 -0.4710341  -0.55908932]
 [ 0.          0.          0.          1.        ]]"
single_object,98,47,37,111,14,0.5695519100673636,0.5923926257526566,0.002632062922113283,0.0018137116979215465,"[[-0.27610299 -0.52439843 -0.80546473  0.02568455]
 [-0.77148956  0.62072326 -0.13966562 -0.11937702]
 [ 0.57321113  0.58284554 -0.57595146 -0.55994824]
 [ 0.          0.          0.          1.        ]]","[[-0.00951722 -0.58204539 -0.8131006   0.02237818]
 [-0.71665171  0.57105054 -0.40038932 -0.11309858]
 [ 0.6973663   0.57889934 -0.42255864 -0.55808277]
 [ 0.          0.          0.          1.        ]]"
single_object,98,48,37,91,18,0.4325648250117994,0.5617142693688411,0.0025954609347002945,0.00172730879866657,"[[-0.01368231 -0.73193969 -0.68123203  0.02187641]
 [-0.72302855  0.47784545 -0.49889221 -0.11616926]
 [ 0.69068264  0.48572421 -0.53575133 -0.55490197]
 [ 0.          0.          0.          1.        ]]","[[ 0.00611761 -0.60073971 -0.79942128  0.02259246]
 [-0.66363963  0.59557238 -0.45263227 -0.11814338]
 [ 0.74802741  0.53329667 -0.3950312  -0.55386698]
 [ 0.          0.          0.          1.        ]]"
single_object,98,49,37,153,23,0.5853130050486992,0.5430498147856806,0.002532269473200984,0.0016613564731467172,"[[-0.23139276 -0.61595268 -0.75303365  0.0251053 ]
 [-0.71995251  0.62901145 -0.29327971 -0.12863503]
 [ 0.65431321  0.47428567 -0.58900537 -0.54826264]
 [ 0.          0.          0.          1.        ]]","[[ 0.02047593 -0.59898402 -0.80049914  0.02337991]
 [-0.60553932  0.62967584 -0.4866523  -0.12347407]
 [ 0.79555192  0.49469837 -0.34981518 -0.54852497]
 [ 0.          0.          0.          1.        ]]"
single_object,98,50,37,222,30,0.4222099858407586,0.5438292881763183,0.0024038695799901747,0.0017182954262753528,"[[-0.06962624 -0.55110795 -0.83152403  0.01388542]
 [-0.44892992  0.761682   -0.46722848 -0.11934748]
 [ 0.89085022  0.34076465 -0.30044191 -0.53918581]
 [ 0.          0.          0.          1.        ]]","[[ 0.00921348 -0.59671322 -0.80240167  0.02529844]
 [-0.54856101  0.66789657 -0.50298608 -0.13124551]
 [ 0.83605977  0.44480052 -0.32117995 -0.54511332]
 [ 0.          0.          0.          1.        ]]"
single_object,98,51,37,211,30,0.41652483588152006,0.5715399247700911,0.0024541300647657267,0.0016706593216675864,"[[-0.03862526 -0.58814431 -0.80783313  0.0210821 ]
 [-0.15069071  0.80261936 -0.57714338 -0.1341172 ]
 [ 0.9878261   0.09944063 -0.11962926 -0.53431122]
 [ 0.          0.          0.          1.        ]]","[[ 0.00975757 -0.60729508 -0.79441643  0.02592057]
 [-0.52445756  0.67330712 -0.52115429 -0.13705764]
 [ 0.85138068  0.4217229  -0.31193066 -0.53781338]
 [ 0.          0.          0.          1.        ]]"
single_object,98,52,37,172,18,0.6095696448747837,0.6272186387105079,0.002283886424709009,0.001627952041066273,"[[-0.0841627  -0.63231879 -0.7701231   0.02905327]
 [-0.76893485  0.53277042 -0.35340469 -0.14550994]
 [ 0.63376323  0.562431   -0.53105135 -0.52990255]
 [ 0.          0.          0.          1.        ]]","[[ 0.01177634 -0.63395539 -0.77327995  0.02741509]
 [-0.55692782  0.63812218 -0.53163097 -0.14271514]
 [ 0.8304774   0.43692179 -0.34555266 -0.52986876]
 [ 0.          0.          0.          1.        ]]"
single_object,98,52,28,15,30,0.38298478545786085,0.388398199327597,0.0029095007470600043,0.002572541894946202,"[[-0.98492822 -0.008657    0.17274678 -0.03571792]
 [-0.17122812  0.18992764 -0.96675148 -0.10390569]
 [-0.02444022 -0.98175992 -0.18854742 -0.52430698]
 [ 0.          0.          0.          1.        ]]","[[-0.65562397 -0.58712968 -0.47480096 -0.03899155]
 [ 0.7331083  -0.64556106 -0.21401667 -0.10039256]
 [-0.18085747 -0.48839499  0.85367494 -0.51703521]
 [ 0.          0.          0.          1.        ]]"
single_object,98,53,37,104,30,0.4106966632817975,0.6236216193023355,0.002473218851418227,0.0016563885408151624,"[[-0.45124942 -0.76075234 -0.46650814  0.03942037]
 [-0.8488816   0.5271742  -0.03856668 -0.14576964]
 [ 0.27527075  0.37860698 -0.88367572 -0.51889147]
 [ 0.          0.          0.          1.        ]]","[[ 0.0291206  -0.64099624 -0.7669914   0.02975101]
 [-0.47853998  0.6647296  -0.57370206 -0.14760536]
 [ 0.87758275  0.3837426  -0.287385   -0.52543678]
 [ 0.          0.          0.          1.        ]]"
single_object,98,54,28,4,30,0.35557581628582824,0.429426178129808,0.0028676282368830354,0.002511062394466688,"[[ 0.          1.          0.         -0.03822532]
 [ 1.          0.          0.         -0.10110366]
 [ 0.          0.         -1.         -0.52328205]
 [ 0.          0.          0.          1.        ]]","[[ 0.57320228  0.79742966 -0.18853404 -0.03091687]
 [-0.21642936 -0.07457693 -0.97344574 -0.10453049]
 [-0.7903148   0.59878562  0.12983953 -0.5202487 ]
 [ 0.          0.          0.          1.        ]]"
single_object,98,54,37,108,14,0.4723465724624208,0.6574607760408473,0.0027319810071030977,0.001743485734483117,"[[ 0.30640551 -0.68977112 -0.65599654  0.03070647]
 [-0.35663405  0.5557653  -0.75095745 -0.14440393]
 [ 0.88256888  0.4640482  -0.07570632 -0.52476414]
 [ 0.          0.          0.          1.        ]]","[[ 0.02699943 -0.65068588 -0.75886686  0.03243824]
 [-0.40899215  0.68550608 -0.60233449 -0.15272877]
 [ 0.9121384   0.32663327 -0.24761714 -0.51908906]
 [ 0.          0.          0.          1.        ]]"
single_object,98,55,28,12,29,0.7438600490056414,0.653997378768021,0.0031239136463976904,0.0026612248431325466,"[[-0.41995451 -0.35581042 -0.83488751 -0.02988152]
 [ 0.78917365  0.31110459 -0.52954593 -0.11023869]
 [ 0.44815529 -0.88125642  0.15014643 -0.50051684]
 [ 0.          0.          0.          1.        ]]","[[-0.68250189 -0.18523616 -0.70702103 -0.03052353]
 [ 0.53103168  0.53899233 -0.6538292  -0.11187574]
 [ 0.50219172 -0.82169023 -0.26949701 -0.49855802]
 [ 0.          0.          0.          1.        ]]"
single_object,98,55,37,119,21,0.4068636565168266,0.6903488322201404,0.0023986331639542758,0.0017480971612733017,"[[ 0.38166948 -0.54677583 -0.74522789  0.03061097]
 [-0.66600075  0.39638297 -0.63192051 -0.14871579]
 [ 0.64091451  0.73750711 -0.21286583 -0.52650623]
 [ 0.          0.          0.          1.        ]]","[[ 0.01982949 -0.66277699 -0.74855424  0.03470804]
 [-0.40931206  0.6777025  -0.61088703 -0.15614323]
 [ 0.91217895  0.31850585 -0.25784412 -0.51171317]
 [ 0.          0.          0.          1.        ]]"
single_object,98,56,28,7,30,0.5643626417459684,0.5068095048150891,0.0030592286891691373,0.0023526626532060953,"[[ 0.90311426 -0.11437017 -0.413889   -0.01911432]
 [ 0.42853769  0.17899385  0.88561654 -0.11731744]
 [-0.02720453 -0.97717996  0.21066383 -0.49415447]
 [ 0.          0.          0.          1.        ]]","[[-0.88743601  0.3957973  -0.23622409 -0.02247133]
 [-0.24402112  0.03135473  0.9692629  -0.11590398]
 [ 0.39103838  0.91780247  0.06875759 -0.49280747]
 [ 0.          0.          0.          1.        ]]"
single_object,98,56,37,152,22,0.5254294254780532,0.6441596704758363,0.0025221502156993376,0.0017898630949989842,"[[-0.17791411 -0.58973936 -0.78775254  0.03996797]
 [-0.1546829   0.80733249 -0.56946242 -0.16569458]
 [ 0.97181262  0.02053645 -0.23485843 -0.50384475]
 [ 0.          0.          0.          1.        ]]","[[ 0.02006486 -0.67824458 -0.73456225  0.04053328]
 [-0.33601117  0.68740033 -0.64387676 -0.16126081]
 [ 0.94164425  0.25974042 -0.21410516 -0.50689286]
 [ 0.          0.          0.          1.        ]]"
single_object,98,57,28,9,11,0.658214143256026,0.7182745455581515,0.0029502797813059324,0.002315158566632983,"[[ 0.3556586  -0.53578347  0.76579569 -0.02122286]
 [-0.83207383  0.19162784  0.52051121 -0.12328612]
 [-0.42562907 -0.82232284 -0.37765731 -0.50624712]
 [ 0.          0.          0.          1.        ]]","[[ 0.426835   -0.31891293  0.84623072 -0.01768602]
 [-0.84222139  0.2006144   0.50041683 -0.12420528]
 [-0.32935546 -0.92630902 -0.18296604 -0.50469842]
 [ 0.          0.          0.          1.        ]]"
single_object,98,57,37,61,30,0.2522418798895865,0.5829888871408344,0.002787134721983685,0.0019049774526782323,"[[ 0.96001006  0.27535871  0.05057924  0.01425094]
 [ 0.27824644 -0.95840533 -0.06354641 -0.1416819 ]
 [ 0.03097736  0.07507869 -0.99669634 -0.48480309]
 [ 0.          0.          0.          1.        ]]","[[-0.02730873  0.69146693 -0.72189177  0.02622043]
 [ 0.39438324 -0.65612875 -0.64339484 -0.14591381]
 [-0.9185402  -0.30227231 -0.25478492 -0.49209883]
 [ 0.          0.          0.          1.        ]]"
single_object,98,58,28,6,30,0.597583907914981,0.3599065473816172,0.0027493785484374884,0.0026441038478422518,"[[ 0.40108877 -0.52299423 -0.75206704 -0.01497717]
 [ 0.91587467  0.21339305  0.34005441 -0.12705898]
 [-0.01736061 -0.82519115  0.56458672 -0.48051556]
 [ 0.          0.          0.          1.        ]]","[[-0.54004087 -0.58099367 -0.60893531 -0.01858657]
 [ 0.80760024 -0.56139915 -0.18059026 -0.13247773]
 [-0.23693397 -0.58930243  0.77238911 -0.48852379]
 [ 0.          0.          0.          1.        ]]"
single_object,98,58,37,187,17,0.5416767974370342,0.6677369527596219,0.00254367068606616,0.0018093320191903055,"[[-0.00211382 -0.76976973 -0.63831817  0.04812252]
 [ 0.01487416  0.63822478 -0.76970637 -0.16100017]
 [ 0.99988714 -0.01112147  0.01010059 -0.4923123 ]
 [ 0.          0.          0.          1.        ]]","[[ 0.02477898 -0.73029486 -0.68268252  0.05218975]
 [-0.28564462  0.64924987 -0.7048984  -0.16595357]
 [ 0.95801521  0.21247126 -0.19251705 -0.49285184]
 [ 0.          0.          0.          1.        ]]"
single_object,98,59,37,161,9,0.6464337304595318,0.6693745619931635,0.002216126703838687,0.0016741851283903115,"[[-0.02747309 -0.7921505  -0.60970715  0.06123205]
 [-0.25994553  0.59461503 -0.76082934 -0.16367709]
 [ 0.96523238  0.13758832 -0.22225189 -0.48630307]
 [ 0.          0.          0.          1.        ]]","[[ 0.03412622 -0.77388532 -0.63240565  0.0605577 ]
 [-0.2407437   0.6077761  -0.75673687 -0.16613761]
 [ 0.96998859  0.17807224 -0.16556691 -0.48594006]
 [ 0.          0.          0.          1.        ]]"
single_object,98,59,28,11,30,0.5508006154196821,0.6012308393640663,0.002666929174665951,0.002665317721826318,"[[-0.78463687  0.24532796 -0.56934978 -0.00737764]
 [-0.56157202  0.107813    0.82037383 -0.12989885]
 [ 0.26264395  0.96342646  0.05317527 -0.47628351]
 [ 0.          0.          0.          1.        ]]","[[-0.91096053  0.27827836 -0.30448658 -0.00749466]
 [-0.23198543  0.26473552  0.936001   -0.12961576]
 [ 0.34107724  0.92329641 -0.17660708 -0.48011829]
 [ 0.          0.          0.          1.        ]]"
single_object,98,60,37,159,20,0.5699094666685737,0.5784979762296372,0.00245789492578283,0.0019230623102609583,"[[ 0.0235786  -0.83125695 -0.55538809  0.06970604]
 [-0.08494478  0.55186766 -0.82959416 -0.16053426]
 [ 0.99610664  0.06673799 -0.05759867 -0.48368487]
 [ 0.          0.          0.          1.        ]]","[[ 0.04045241 -0.80249567 -0.59528505  0.07312446]
 [ 0.00286061  0.59586329 -0.80308079 -0.16496483]
 [ 0.99917737  0.03078368  0.02639973 -0.48252627]
 [ 0.          0.          0.          1.        ]]"
single_object,98,60,28,12,29,0.7413527836343952,0.7247136588979429,0.0027853964424698063,0.0026748067008286677,"[[-0.45103547 -0.39187509 -0.80187338 -0.00148723]
 [ 0.88727915 -0.09978455 -0.45030961 -0.13294597]
 [ 0.09645054 -0.91459114  0.39270897 -0.47999049]
 [ 0.          0.          0.          1.        ]]","[[-0.43841869 -0.3128882  -0.84254971 -0.00283413]
 [ 0.89874789 -0.14592084 -0.4134723  -0.13756111]
 [ 0.00642504 -0.93851376  0.34518204 -0.47911124]
 [ 0.          0.          0.          1.        ]]"
single_object,98,61,37,104,16,0.46252091706117077,0.558481957693903,0.0022700780394753536,0.0019793500825379747,"[[-0.01266838 -0.70449919 -0.70959172  0.03851887]
 [-0.4187086   0.64817312 -0.63604616 -0.17629694]
 [ 0.90803228  0.28905448 -0.30319117 -0.47786616]
 [ 0.          0.          0.          1.        ]]","[[ 0.04838061 -0.67364396 -0.73747077  0.03441306]
 [-0.22697508  0.71160466 -0.66490685 -0.17713372]
 [ 0.97269812  0.19955609 -0.11847252 -0.47604779]
 [ 0.          0.          0.          1.        ]]"
single_object,98,61,28,4,27,0.6732577354835033,0.4613368283093054,0.002894764885545962,0.002663971473153284,"[[-0.61647758 -0.04004964  0.78635324 -0.02271702]
 [-0.78664912  0.07412731 -0.61293417 -0.13937931]
 [-0.03374245 -0.99644426 -0.07720284 -0.46904749]
 [ 0.          0.          0.          1.        ]]","[[-0.36084269  0.12149401  0.92467927 -0.01807374]
 [-0.91334425  0.15453602 -0.37672391 -0.13490162]
 [-0.18866596 -0.98048856  0.05520266 -0.47014149]
 [ 0.          0.          0.          1.        ]]"
single_object,98,62,37,111,20,0.42228864829302476,0.5123500050057924,0.002780454619294447,0.0018915453968634964,"[[ 0.15328316 -0.67546052 -0.72128868  0.0221972 ]
 [ 0.03420814  0.73310413 -0.67925558 -0.17331686]
 [ 0.98759003  0.07944449  0.13547877 -0.48322204]
 [ 0.          0.          0.          1.        ]]","[[ 0.10374634 -0.62182223 -0.77625628  0.02036724]
 [-0.17730653  0.75640341 -0.62961598 -0.17477354]
 [ 0.97867211  0.20295567 -0.03177906 -0.48558695]
 [ 0.          0.          0.          1.        ]]"
single_object,98,62,28,21,30,0.7240298592512394,0.7127471650806314,0.002991760907626835,0.0029070836168445025,"[[ 0.26110556 -0.40039687 -0.87835427 -0.03903828]
 [ 0.96475054  0.13922156  0.2233243  -0.12426775]
 [ 0.0328675  -0.90570398  0.42263462 -0.47813033]
 [ 0.          0.          0.          1.        ]]","[[-0.86258358 -0.39379442 -0.31760908 -0.04426185]
 [ 0.38588959 -0.10614486 -0.9164183  -0.13154879]
 [ 0.32716784 -0.91304941  0.24351998 -0.47775035]
 [ 0.          0.          0.          1.        ]]"
single_object,98,63,28,7,30,0.7802723801926036,0.7492164795714855,0.003098623198685406,0.002874387503110671,"[[ 0.35607592 -0.17396041  0.91812184 -0.0382718 ]
 [-0.92350461  0.08447661  0.37416967 -0.12630458]
 [-0.14265053 -0.98112256 -0.13057315 -0.47719166]
 [ 0.          0.          0.          1.        ]]","[[ 0.32252594 -0.05176073  0.94514435 -0.03950391]
 [-0.9406623   0.09376868  0.32613169 -0.12938489]
 [-0.10550575 -0.99424759 -0.01844653 -0.47631245]
 [ 0.          0.          0.          1.        ]]"
single_object,98,63,37,76,30,0.3314120625294984,0.494658104377923,0.0028387153431508523,0.0025249417281956402,"[[-0.03601367 -0.84951261 -0.52633766  0.01826442]
 [-0.80403914  0.33740979 -0.48956685 -0.15659438]
 [ 0.59348469  0.40556498 -0.69519276 -0.49354305]
 [ 0.          0.          0.          1.        ]]","[[-0.49438066 -0.59583348 -0.63290617  0.00632648]
 [-0.47493253  0.79497649 -0.37742743 -0.17850663]
 [ 0.72802943  0.11399491 -0.67600171 -0.47515867]
 [ 0.          0.          0.          1.        ]]"
single_object,98,64,37,120,30,0.3786452895493357,0.5359773452137473,0.0026957660657261286,0.0020079341913148883,"[[-0.22541483 -0.56285171 -0.79522708 -0.00849724]
 [ 0.22773549  0.76318121 -0.60472389 -0.15309578]
 [ 0.94727224 -0.31741516 -0.04385105 -0.49424728]
 [ 0.          0.          0.          1.        ]]","[[ 0.13212494 -0.55517261 -0.82117378  0.00339455]
 [-0.16602433  0.80433895 -0.57050397 -0.16652824]
 [ 0.97723023  0.21171263  0.01410107 -0.49901231]
 [ 0.          0.          0.          1.        ]]"
single_object,98,64,28,4,30,0.5669838737249986,0.4690295743347199,0.0029603374831731174,0.002569757128405025,"[[ 0.53252904 -0.57131047 -0.62451355 -0.05436728]
 [ 0.84105289  0.27427482  0.46626533 -0.10969377]
 [-0.09509392 -0.77354875  0.62656163 -0.48532173]
 [ 0.          0.          0.          1.        ]]","[[-0.55034207 -0.7295243  -0.40610085 -0.04686677]
 [ 0.68699271 -0.1192303  -0.71681599 -0.10929616]
 [ 0.47451515 -0.67348231  0.56679533 -0.48454779]
 [ 0.          0.          0.          1.        ]]"
single_object,98,65,37,90,30,0.5023884780960826,0.5424848753557688,0.0027969878698471022,0.0019347614060871263,"[[ 0.19595071 -0.56955633 -0.79825366  0.00212646]
 [-0.27732081  0.74861793 -0.60221621 -0.16443204]
 [ 0.94058306  0.33937705 -0.0112576  -0.5038204 ]
 [ 0.          0.          0.          1.        ]]","[[ 6.28760320e-02 -5.14384555e-01 -8.55251504e-01  1.49005086e-05]
 [-1.76362428e-01  8.37734342e-01 -5.16814731e-01 -1.65603467e-01]
 [ 9.82315071e-01  1.83329491e-01 -3.80446975e-02 -5.04747500e-01]
 [ 0.00000000e+00  0.00000000e+00  0.00000000e+00  1.00000000e+00]]"
single_object,98,65,28,13,30,0.6993560886660208,0.31141375576955954,0.0027942224804694384,0.002864127214400615,"[[ 0.30835854 -0.4606643   0.83228806 -0.05044884]
 [-0.85346892  0.25243337  0.45592564 -0.11558735]
 [-0.42012595 -0.85092056 -0.31532268 -0.49298637]
 [ 0.          0.          0.          1.        ]]","[[ 0.13447657  0.10088029  0.98576834 -0.0486825 ]
 [-0.93390149  0.34547875  0.09204584 -0.1310788 ]
 [-0.3312764  -0.93298853  0.14067105 -0.46409831]
 [ 0.          0.          0.          1.        ]]"
single_object,98,66,37,114,30,0.34379067206338765,0.48215077446759824,0.0027300108005774435,0.0017543609554932363,"[[ 0.3993763   0.32200455 -0.85837733 -0.02560413]
 [-0.28373898 -0.84690489 -0.4497158  -0.12883316]
 [-0.87177449  0.42316094 -0.2468685  -0.49906369]
 [ 0.          0.          0.          1.        ]]","[[-0.02935378  0.48723838 -0.87277552 -0.02182421]
 [ 0.23419417 -0.84549565 -0.47988561 -0.13022818]
 [-0.9717466  -0.2184854  -0.08928989 -0.50347172]
 [ 0.          0.          0.          1.        ]]"
single_object,98,67,37,69,18,0.44138217079763725,0.4575365780403038,0.002310209068535136,0.0019986291289576653,"[[-0.01495171 -0.40220674 -0.91542678 -0.00592443]
 [-0.15591893  0.9052674  -0.39519643 -0.15919145]
 [ 0.98765669  0.1368235  -0.07624694 -0.51363632]
 [ 0.          0.          0.          1.        ]]","[[ 0.16389471 -0.47981827 -0.86192398 -0.00749575]
 [-0.24428966  0.82678296 -0.50670751 -0.15545554]
 [ 0.95575158  0.2936058   0.01829071 -0.51815806]
 [ 0.          0.          0.          1.        ]]"
single_object,98,68,28,8,30,0.6558778277964556,0.723232092996752,0.0030802872336384477,0.0029603140915647514,"[[-0.84687082 -0.17505185 -0.50216199 -0.06294815]
 [ 0.27494977  0.66414536 -0.69520757 -0.10402644]
 [ 0.45520593 -0.72682033 -0.51431486 -0.49174223]
 [ 0.          0.          0.          1.        ]]","[[-0.85944261  0.25444486 -0.44341427 -0.06719136]
 [-0.34869058  0.34253392  0.87240208 -0.10121301]
 [ 0.37386266  0.9043939  -0.20566572 -0.50273146]
 [ 0.          0.          0.          1.        ]]"
single_object,98,68,37,154,30,0.5238490253007051,0.42783077561177935,0.002543425000537791,0.002284336631600175,"[[ 0.11945955  0.44025956 -0.88988816 -0.01497893]
 [ 0.63818192 -0.72066267 -0.27086741 -0.13975014]
 [-0.76056114 -0.53555284 -0.36705573 -0.5118342 ]
 [ 0.          0.          0.          1.        ]]","[[-0.26239736  0.41945542 -0.86902519 -0.01302216]
 [ 0.6239128  -0.6132659  -0.48439421 -0.14368231]
 [-0.73612529 -0.6692997  -0.10078425 -0.52125188]
 [ 0.          0.          0.          1.        ]]"
single_object,98,69,28,9,30,0.4330161262750014,0.4636731437688757,0.00279751140349504,0.002934992165115027,"[[ 0.19906083 -0.81315737  0.54694595 -0.06660098]
 [-0.972832   -0.23128731  0.01020168 -0.09470793]
 [ 0.11820608 -0.53411728 -0.83710576 -0.51071341]
 [ 0.          0.          0.          1.        ]]","[[ 0.96492868  0.11165581 -0.23758286 -0.05591377]
 [-0.03428134 -0.843689   -0.53573656 -0.09562337]
 [-0.26026415  0.52509224 -0.810272   -0.49909665]
 [ 0.          0.          0.          1.        ]]"
single_object,98,69,37,128,30,0.41884895378938486,0.4685350190935225,0.002485309858891701,0.002469945067500554,"[[-0.49842762 -0.55989469 -0.66188205 -0.03700927]
 [-0.51442095  0.80554962 -0.29404234 -0.11122724]
 [ 0.69781158  0.19392717 -0.68952974 -0.50180934]
 [ 0.          0.          0.          1.        ]]","[[-0.51996759 -0.57839827 -0.62856118 -0.03556342]
 [-0.6348995   0.7539755  -0.16859292 -0.12382652]
 [ 0.57143358  0.31141032 -0.75926759 -0.49906562]
 [ 0.          0.          0.          1.        ]]"
single_object,98,70,37,100,30,0.5296771979004277,0.5623650223830432,0.002772900513777257,0.0016672490311883817,"[[-0.62278619 -0.38618198 -0.68044165 -0.02616759]
 [-0.5828675   0.80916872  0.07423921 -0.14702927]
 [ 0.52192225  0.44284248 -0.72903203 -0.51360851]
 [ 0.          0.          0.          1.        ]]","[[-0.02425145 -0.46336731 -0.88583441 -0.01338041]
 [-0.59435219  0.71917026 -0.35991612 -0.13957609]
 [ 0.80383913  0.51776914 -0.29284429 -0.52980134]
 [ 0.          0.          0.          1.        ]]"
single_object,98,70,28,4,30,0.22394438429540145,0.7292153399054078,0.0031016920124987907,0.002998118979256989,"[[-0.3026819  -0.90802915  0.28959755 -0.07759572]
 [-0.95308942  0.28902606 -0.08991384 -0.08344523]
 [-0.00205685 -0.30322766 -0.95291592 -0.51147214]
 [ 0.          0.          0.          1.        ]]","[[ 0.27384953 -0.09318326  0.95724778 -0.05687756]
 [-0.89430539  0.34153347  0.28908953 -0.09198475]
 [-0.35387046 -0.93523888  0.01019449 -0.50204811]
 [ 0.          0.          0.          1.        ]]"
single_object,98,71,37,203,30,0.5331025901400192,0.562179092950414,0.0024793110846737455,0.0024721608142519863,"[[-0.60360609 -0.32568315 -0.72772946 -0.02094314]
 [-0.53438815  0.84264841  0.06612836 -0.13979583]
 [ 0.59168318  0.42880548 -0.68266893 -0.52427724]
 [ 0.          0.          0.          1.        ]]","[[-0.44758955 -0.4305749  -0.78375305 -0.0191452 ]
 [-0.5898137   0.80092142 -0.10317307 -0.14053905]
 [ 0.67214834  0.4160891  -0.61244303 -0.52581488]
 [ 0.          0.          0.          1.        ]]"
single_object,98,72,37,136,16,0.5714684134498491,0.5731775340036328,0.0024966896612651605,0.0016819700538363107,"[[-0.15280608 -0.40544258 -0.90125835 -0.0158205 ]
 [-0.71194759  0.67765878 -0.18414454 -0.1333208 ]
 [ 0.68540567  0.61351031 -0.39220424 -0.54341298]
 [ 0.          0.          0.          1.        ]]","[[-0.03703702 -0.43952264 -0.89746761 -0.01465931]
 [-0.67862031  0.6703082  -0.30026884 -0.12946222]
 [ 0.73355486  0.59791869 -0.32309521 -0.54172593]
 [ 0.          0.          0.          1.        ]]"
single_object,98,73,37,87,15,0.3961226562164791,0.5846121941103276,0.0027131451651098795,0.001731573088244521,"[[-0.05822886 -0.39685624 -0.91603194 -0.01594394]
 [-0.80427015  0.56223693 -0.19245562 -0.12478489]
 [ 0.5914042   0.72553067 -0.35191804 -0.55553954]
 [ 0.          0.          0.          1.        ]]","[[-0.0408939  -0.42593389 -0.90382963 -0.01582073]
 [-0.70484488  0.65344547 -0.27604839 -0.12256944]
 [ 0.70818175  0.62577099 -0.32693925 -0.54654032]
 [ 0.          0.          0.          1.        ]]"
single_object,98,74,37,68,30,0.34981907635978776,0.6021610720977131,0.002443302494347159,0.0019259666227185901,"[[-0.404984   -0.30055456 -0.86351312 -0.02786102]
 [-0.52470103  0.84983391 -0.0497108  -0.13338386]
 [ 0.74878354  0.43295414 -0.50187042 -0.52730839]
 [ 0.          0.          0.          1.        ]]","[[-0.13022822 -0.43078649 -0.89300818 -0.01776789]
 [-0.75805717  0.62378687 -0.19036613 -0.11450475]
 [ 0.63905393  0.65216022 -0.40779544 -0.54768708]
 [ 0.          0.          0.          1.        ]]"
single_object,98,75,37,128,30,0.5122927959495989,0.5699309200646462,0.002491653861174576,0.002117665026110476,"[[-0.20650031 -0.4318643  -0.87798112 -0.02238286]
 [-0.88565861  0.46391104 -0.01988406 -0.10838387]
 [ 0.41589235  0.77348547 -0.47828211 -0.54705781]
 [ 0.          0.          0.          1.        ]]","[[-0.17278056 -0.42287465 -0.88956389 -0.01620511]
 [-0.81591491  0.56737044 -0.11123692 -0.11065708]
 [ 0.55175152  0.70658886 -0.44306031 -0.55661856]
 [ 0.          0.          0.          1.        ]]"
single_object,98,76,37,70,30,0.3067049013858894,0.3140991718989116,0.002846672559722074,0.0020797331336926054,"[[-0.63216897  0.22582443  0.74119209 -0.02913319]
 [-0.69767325 -0.58203341 -0.41771899 -0.08604971]
 [ 0.3370674  -0.78117888  0.52549513 -0.50702547]
 [ 0.          0.          0.          1.        ]]","[[-0.32623138  0.29630029  0.89765206 -0.03020808]
 [-0.93287519 -0.25430994 -0.25508887 -0.08177021]
 [ 0.15269894 -0.92061533  0.35937507 -0.50810194]
 [ 0.          0.          0.          1.        ]]"
single_object,98,77,28,12,16,0.37603282238304175,0.7396432845176363,0.003021958692235255,0.002871824588590098,"[[-0.46874713 -0.60090661 -0.64744681 -0.10812977]
 [ 0.35900014  0.54010036 -0.76119019 -0.05233949]
 [ 0.80709047 -0.58923921 -0.03744494 -0.51198692]
 [ 0.          0.          0.          1.        ]]","[[-0.81769692 -0.55915404 -0.13681558 -0.10029723]
 [ 0.16334037  0.00253016 -0.98656653 -0.05956578]
 [ 0.55198883 -0.82905993  0.08926352 -0.50605406]
 [ 0.          0.          0.          1.        ]]"
single_object,98,77,37,46,30,0.3467512407214062,0.5042406212903503,0.0027863233067385025,0.0021669211479547323,"[[-0.57795904 -0.46843364 -0.66823145 -0.07384164]
 [-0.70392323  0.70043596  0.11782    -0.08906493]
 [ 0.41286249  0.53847878 -0.73456462 -0.50003784]
 [ 0.          0.          0.          1.        ]]","[[-0.24397836 -0.22311346 -0.94376636 -0.06144284]
 [-0.59251409  0.80470695 -0.03706462 -0.10118961]
 [ 0.76772496  0.5501519  -0.32852895 -0.51932474]
 [ 0.          0.          0.          1.        ]]"
single_object,98,78,37,98,30,0.30516740800068654,0.4379710808220941,0.00256080098821859,0.0021815969293884547,"[[-0.27585917 -0.20446837 -0.93919881 -0.06773889]
 [ 0.05651516  0.97197199 -0.22820275 -0.08465204]
 [ 0.95953518 -0.11603079 -0.25657182 -0.50911259]
 [ 0.          0.          0.          1.        ]]","[[-0.19088929 -0.16381101 -0.9678467  -0.06066531]
 [-0.28303459  0.95328705 -0.10552357 -0.09478883]
 [ 0.93992165  0.25379077 -0.22833647 -0.51596969]
 [ 0.          0.          0.          1.        ]]"
single_object,98,79,28,12,30,0.3479970368681976,0.4221892985355291,0.0029654945095779974,0.0027606148310022186,"[[-0.77105679  0.63335146  0.06585853 -0.11092618]
 [-0.39489071 -0.39447017 -0.82973165 -0.06514316]
 [-0.49953253 -0.66577715  0.55426351 -0.49413478]
 [ 0.          0.          0.          1.        ]]","[[-0.66675488 -0.59863079  0.44393593 -0.10546145]
 [-0.08026074 -0.53452567 -0.84133259 -0.07133295]
 [ 0.74094274 -0.59659324  0.30835105 -0.51264114]
 [ 0.          0.          0.          1.        ]]"
single_object,98,79,37,199,30,0.3845807291294212,0.4937356083468013,0.0025093645686569558,0.0020627658011452502,"[[ 0.16235284 -0.21157799 -0.96378229 -0.0578603 ]
 [-0.29920944  0.92019649 -0.25241263 -0.12727794]
 [ 0.94027404  0.32935267  0.08609038 -0.5271584 ]
 [ 0.          0.          0.          1.        ]]","[[-0.09064146 -0.2127551  -0.97289228 -0.0554791 ]
 [-0.46857247  0.87113478 -0.14684696 -0.12434963]
 [ 0.87876275  0.44256012 -0.17865211 -0.52507424]
 [ 0.          0.          0.          1.        ]]"
single_object,98,80,28,9,30,0.4393982563109009,0.4466351359051798,0.002884725011752793,0.0031124129231127435,"[[-0.37300993  0.52381812  0.76581863 -0.08889434]
 [ 0.92778746  0.21823246  0.30263016 -0.06919938]
 [-0.00860332  0.82340098 -0.56739476 -0.50215261]
 [ 0.          0.          0.          1.        ]]","[[ 0.09904634  0.60983484  0.786315   -0.10149766]
 [ 0.79093432  0.43125871 -0.43409541 -0.06977084]
 [-0.6038317   0.66491908 -0.43962471 -0.51597115]
 [ 0.          0.          0.          1.        ]]"
single_object,98,80,37,154,28,0.41816244511506173,0.47572190677784293,0.002437606516474916,0.001797056374686177,"[[ 0.13773638 -0.18635882 -0.97277905 -0.0588653 ]
 [-0.46169619  0.85683029 -0.22951794 -0.12335044]
 [ 0.87627925  0.48074135  0.03197555 -0.52218829]
 [ 0.          0.          0.          1.        ]]","[[ 0.01869031 -0.25845391 -0.96584277 -0.05233321]
 [-0.58907042  0.77769719 -0.21950652 -0.13161295]
 [ 0.80786553  0.57305205 -0.13771215 -0.5309969 ]
 [ 0.          0.          0.          1.        ]]"
single_object,98,81,37,156,30,0.48024142221713695,0.56820034611479,0.002444418880531962,0.001785402550818604,"[[ 0.02423287 -0.15887282 -0.98700162 -0.05753981]
 [-0.33286528  0.9296743  -0.15781763 -0.1363344 ]
 [ 0.94266297  0.33236295 -0.03035457 -0.51404749]
 [ 0.          0.          0.          1.        ]]","[[-0.01762868 -0.27582042 -0.96104751 -0.05249473]
 [-0.57624735  0.78830459 -0.21567303 -0.13541133]
 [ 0.81708519  0.54999906 -0.17283756 -0.51901525]
 [ 0.          0.          0.          1.        ]]"
single_object,98,81,28,7,30,0.4232719813094763,0.6612342583622999,0.0028055120486830745,0.0026786921532373515,"[[-0.97255588 -0.21264835  0.09442324 -0.10494569]
 [-0.07130187  0.65869473  0.74902423 -0.07778951]
 [-0.22147485  0.72173536 -0.65577966 -0.51016071]
 [ 0.          0.          0.          1.        ]]","[[-0.3072548   0.48093655 -0.82115439 -0.10694267]
 [-0.73972705  0.42213808  0.52402608 -0.08170325]
 [ 0.59866383  0.76843964  0.22605782 -0.50820821]
 [ 0.          0.          0.          1.        ]]"
single_object,98,82,28,11,30,0.45518263148897375,0.34001937432332324,0.0026892333874859787,0.002844943274700596,"[[ 0.71137968 -0.15770587 -0.68488525 -0.09055412]
 [ 0.69316838  0.3182863   0.64669269 -0.07395851]
 [ 0.11600236 -0.93478484  0.33573913 -0.49453944]
 [ 0.          0.          0.          1.        ]]","[[ 0.61469759 -0.72363438  0.31384735 -0.09087287]
 [-0.58210149 -0.14768002  0.79959269 -0.06902626]
 [-0.53226378 -0.67419871 -0.51200721 -0.50232784]
 [ 0.          0.          0.          1.        ]]"
single_object,98,82,37,157,19,0.47256825755517096,0.5412906363077276,0.0029179925077370194,0.002144082163360809,"[[ 0.03859594 -0.26113642 -0.96453    -0.05518487]
 [-0.27629885  0.92482765 -0.2614436  -0.14230577]
 [ 0.96029646  0.2765892  -0.0364571  -0.51235235]
 [ 0.          0.          0.          1.        ]]","[[-0.06817506 -0.23189043 -0.97034993 -0.05223992]
 [-0.32059445  0.92612053 -0.19879627 -0.14042552]
 [ 0.94475995  0.29753586 -0.13748111 -0.51094383]
 [ 0.          0.          0.          1.        ]]"
single_object,98,83,37,121,22,0.45304566712910654,0.44818289735265093,0.0024058465976180545,0.002149490101970179,"[[ 0.08164949  0.39075451 -0.91686655 -0.05052363]
 [ 0.83072063 -0.53496065 -0.15401409 -0.13843906]
 [-0.55066923 -0.74908478 -0.3682871  -0.50169663]
 [ 0.          0.          0.          1.        ]]","[[-0.10753286  0.26939592 -0.95700707 -0.04823932]
 [ 0.77981921 -0.57423565 -0.24926977 -0.14576177]
 [-0.61669983 -0.77309719 -0.14833091 -0.51269458]
 [ 0.          0.          0.          1.        ]]"
single_object,98,83,28,6,26,0.6432275343324406,0.5600888939540715,0.0029582543004740176,0.0026601038931519075,"[[-0.75686215 -0.46663303  0.45761697 -0.09132527]
 [-0.65337132  0.52275029 -0.5475747  -0.09310672]
 [ 0.01629704 -0.71343237 -0.70053455 -0.48977956]
 [ 0.          0.          0.          1.        ]]","[[-0.75219863 -0.15565247 -0.64028862 -0.09029345]
 [ 0.26989333  0.81367598 -0.51486793 -0.09229137]
 [ 0.60112794 -0.56009258 -0.5700364  -0.4774841 ]
 [ 0.          0.          0.          1.        ]]"
single_object,98,84,37,45,30,0.3619616985368784,0.467405140233699,0.0026366990956926614,0.0023468938251822945,"[[ 0.90409617  0.06627814 -0.42215793 -0.06108953]
 [ 0.11618097 -0.98881051  0.0935722  -0.15338481]
 [-0.41123241 -0.13364499 -0.90168005 -0.48717317]
 [ 0.          0.          0.          1.        ]]","[[ 0.34582648  0.16214035 -0.92418318 -0.04801219]
 [ 0.3417968  -0.93905115 -0.03684951 -0.16210494]
 [-0.87383007 -0.30313932 -0.3801678  -0.49667164]
 [ 0.          0.          0.          1.        ]]"
single_object,98,84,28,16,15,0.521226280699755,0.7787908142914126,0.003046083558866341,0.002605515837823739,"[[-0.98641827 -0.15490883  0.05461006 -0.09804703]
 [-0.09562307  0.81191922  0.57588489 -0.09174502]
 [-0.13354861  0.56284139 -0.81570481 -0.49953973]
 [ 0.          0.          0.          1.        ]]","[[-0.33487966  0.36640747 -0.86810205 -0.10036146]
 [-0.64544467  0.58200719  0.49464008 -0.09683503]
 [ 0.68648146  0.72595674  0.04159338 -0.49882667]
 [ 0.          0.          0.          1.        ]]"
single_object,98,85,28,15,30,0.7511539119038122,0.35124508519003933,0.0029631438655008924,0.002904918200201798,"[[-0.86592135 -0.16231951 -0.47310948 -0.08855071]
 [ 0.30877194  0.57065889 -0.76092596 -0.10083391]
 [ 0.39349726 -0.80498497 -0.44402601 -0.47714717]
 [ 0.          0.          0.          1.        ]]","[[-0.35434213  0.33882122 -0.87157434 -0.08354041]
 [ 0.6703522   0.74187344  0.01586604 -0.09094046]
 [ 0.6519736  -0.57863977 -0.49000656 -0.480289  ]
 [ 0.          0.          0.          1.        ]]"
single_object,98,85,37,147,30,0.43424534103748624,0.38974384645089316,0.0025233659034326955,0.0022930734634975278,"[[ 0.23759789  0.39060347 -0.88936841 -0.05058616]
 [ 0.6668052  -0.73136938 -0.14307222 -0.14104159]
 [-0.70634133 -0.55904182 -0.43422825 -0.48845859]
 [ 0.          0.          0.          1.        ]]","[[-0.24491513  0.28701828 -0.92608697 -0.04706011]
 [ 0.6359688  -0.67341718 -0.37689918 -0.14879248]
 [-0.73181983 -0.68127073 -0.01760462 -0.5012006 ]
 [ 0.          0.          0.          1.        ]]"
single_object,98,86,28,17,30,0.5016810074648128,0.35888084791156194,0.002730153559737064,0.002858143434127283,"[[ 0.65156038  0.38547362  0.6533599  -0.08092784]
 [-0.23575439  0.92151977 -0.30857929 -0.09928478]
 [-0.72103324  0.04702557  0.69130287 -0.49345756]
 [ 0.          0.          0.          1.        ]]","[[ 0.28935469  0.3530258   0.88974527 -0.07769698]
 [-0.47237619  0.86110486 -0.1880403  -0.10060208]
 [-0.83254706 -0.36588414  0.41592571 -0.48835642]
 [ 0.          0.          0.          1.        ]]"
single_object,98,86,37,87,16,0.4258856677011971,0.5210600838112673,0.003301009267274465,0.0018871787804348415,"[[-0.1194265  -0.3116277  -0.94266934 -0.04669778]
 [-0.16017334  0.9430748  -0.29146942 -0.15811748]
 [ 0.97983765  0.11618132 -0.16254257 -0.49230923]
 [ 0.          0.          0.          1.        ]]","[[ 0.06934709 -0.34243372 -0.93697926 -0.0419955 ]
 [-0.37034767  0.86328182 -0.34290976 -0.16083035]
 [ 0.92630102  0.37078788 -0.06695345 -0.49479609]
 [ 0.          0.          0.          1.        ]]"
single_object,98,87,37,82,30,0.3694560848982394,0.313898940202234,0.0023917547443072715,0.0023610275598744675,"[[ 0.45167907  0.34858716 -0.82126306 -0.03523692]
 [ 0.47830026 -0.87166292 -0.10692345 -0.17663408]
 [-0.75313669 -0.34451525 -0.56044122 -0.47886675]
 [ 0.          0.          0.          1.        ]]","[[ 0.01124415  0.23700754 -0.97144274 -0.03016309]
 [ 0.31530463 -0.92278217 -0.22148603 -0.18756552]
 [-0.9489239  -0.30380997 -0.08510548 -0.49391601]
 [ 0.          0.          0.          1.        ]]"
single_object,98,87,28,21,18,0.6196364465211693,0.5425950196592398,0.0027802240351612285,0.0027839673688136403,"[[-0.88798213 -0.32285651  0.32749262 -0.0871071 ]
 [-0.43299527  0.34705477 -0.83190629 -0.1099354 ]
 [ 0.15492849 -0.88052068 -0.44797378 -0.48230956]
 [ 0.          0.          0.          1.        ]]","[[-0.69566817 -0.10029491 -0.71132744 -0.08255125]
 [ 0.52778958  0.60037595 -0.60082184 -0.10438389]
 [ 0.48732326 -0.79340384 -0.36472784 -0.47482496]
 [ 0.          0.          0.          1.        ]]"
single_object,98,88,37,113,21,0.3860181066662853,0.49904174830875725,0.0022861456265104883,0.0019524714717712897,"[[-0.37229923 -0.27679367 -0.88587728 -0.0300704 ]
 [-0.14771515  0.95999803 -0.23787397 -0.17156258]
 [ 0.91628244  0.0422972  -0.39829314 -0.47762939]
 [ 0.          0.          0.          1.        ]]","[[ 0.02787412 -0.38323786 -0.92322899 -0.03231536]
 [-0.23369356  0.89549547 -0.37878119 -0.17027672]
 [ 0.97191067  0.22631086 -0.06459907 -0.48280645]
 [ 0.          0.          0.          1.        ]]"
single_object,98,88,28,10,30,0.6274431591543678,0.587440879822212,0.0029586602198397945,0.002881865925217575,"[[-0.62323448 -0.371217    0.68831441 -0.07493256]
 [-0.77612705  0.18561832 -0.60263807 -0.11727213]
 [ 0.09594573 -0.90980425 -0.40379529 -0.47579447]
 [ 0.          0.          0.          1.        ]]","[[ 0.74787323 -0.0680016   0.66034946 -0.06849134]
 [-0.64661084  0.15054736  0.74781677 -0.11702465]
 [-0.15026661 -0.98626126  0.06861977 -0.46839998]
 [ 0.          0.          0.          1.        ]]"
single_object,98,89,28,6,30,0.49769217619237566,0.5927403270841644,0.003223297254827785,0.0029178806367706374,"[[ 0.70978741 -0.37052546 -0.59909324 -0.06912675]
 [ 0.70433156  0.38647062  0.59544733 -0.11725842]
 [ 0.01090354 -0.8446013   0.53528475 -0.46802178]
 [ 0.          0.          0.          1.        ]]","[[-0.27813489 -0.33390723 -0.90063697 -0.07298592]
 [ 0.93630835  0.11504048 -0.33180169 -0.12343226]
 [ 0.21440069 -0.93555954  0.28064336 -0.45991315]
 [ 0.          0.          0.          1.        ]]"
single_object,98,89,37,109,21,0.394685278679615,0.45886668859680485,0.002559041238547936,0.0020108926319222014,"[[ 0.25207092 -0.49846468 -0.82945356 -0.02028228]
 [-0.29746237  0.775721   -0.55657261 -0.17492504]
 [ 0.92085633  0.38702699  0.04726222 -0.48849858]
 [ 0.          0.          0.          1.        ]]","[[ 1.18058789e-01 -4.24260266e-01 -8.97811422e-01 -2.37344870e-02]
 [-2.40236013e-01  8.65073436e-01 -4.40380073e-01 -1.75245256e-01]
 [ 9.63508578e-01  2.67677375e-01  2.06927366e-04 -4.80510193e-01]
 [ 0.00000000e+00  0.00000000e+00  0.00000000e+00  1.00000000e+00]]"
single_object,98,90,28,10,24,0.4246965639067753,0.4530172659410793,0.002714512919136417,0.002440696204250701,"[[ 0.40604581  0.1253141   0.90521996 -0.06069032]
 [ 0.89809544  0.12843367 -0.42062974 -0.11709925]
 [-0.16897155  0.98376886 -0.06039407 -0.47614222]
 [ 0.          0.          0.          1.        ]]","[[-0.72042516 -0.44489835  0.5320273  -0.06748605]
 [ 0.65036001 -0.69981305  0.29545484 -0.12008295]
 [ 0.24087227  0.55886238  0.79350702 -0.48081594]
 [ 0.          0.          0.          1.        ]]"
single_object,98,90,37,93,28,0.3390494715313434,0.4581301219983123,0.00281466178453552,0.0020620468518739647,"[[-0.27124718 -0.50592462 -0.81881942 -0.01558962]
 [ 0.29727263  0.76508698 -0.57120128 -0.17234349]
 [ 0.91545287 -0.39834934 -0.05713014 -0.46313955]
 [ 0.          0.          0.          1.        ]]","[[ 0.03804534 -0.47210248 -0.88072232 -0.01094301]
 [-0.13589129  0.87072847 -0.47261559 -0.18003582]
 [ 0.98999298  0.13766331 -0.03102746 -0.47221623]
 [ 0.          0.          0.          1.        ]]"
single_object,98,91,37,137,24,0.411862297801742,0.44789685207168295,0.002287171512633134,0.0020721856496161905,"[[-0.14559467  0.23641247 -0.96068275 -0.0715992 ]
 [ 0.22164158 -0.9385544  -0.26455747 -0.1357311 ]
 [-0.9641977  -0.2514454   0.08424968 -0.46382538]
 [ 0.          0.          0.          1.        ]]","[[-0.02265378  0.22103456 -0.97500283 -0.06965495]
 [ 0.233073   -0.94721226 -0.22014975 -0.13803721]
 [-0.97219534 -0.23223406 -0.03005925 -0.45952651]
 [ 0.          0.          0.          1.        ]]"
single_object,98,91,28,9,30,0.5243603624138128,0.5698900222234885,0.002973778463326021,0.002433120826842595,"[[ 0.85773628 -0.23477659 -0.45734934 -0.10614231]
 [-0.11417356 -0.95440719  0.2758103  -0.11662498]
 [-0.5012513  -0.1843553  -0.84543495 -0.48247955]
 [ 0.          0.          0.          1.        ]]","[[ 0.22493889 -0.62960101  0.7436431  -0.09886283]
 [-0.81765008  0.29313102  0.49550232 -0.10435684]
 [-0.52995362 -0.71949758 -0.44885675 -0.47907743]
 [ 0.          0.          0.          1.        ]]"
single_object,98,92,37,78,8,0.33684692286789,0.3853602025200589,0.0025743436084529237,0.0022681303906058542,"[[ 0.02679695  0.2042048  -0.97856135 -0.06867733]
 [ 0.3700654  -0.91139028 -0.18005376 -0.1746853 ]
 [-0.92861915 -0.35730681 -0.09999161 -0.46885632]
 [ 0.          0.          0.          1.        ]]","[[-0.08196347  0.10989331 -0.99055815 -0.07000118]
 [ 0.51572114 -0.84581157 -0.13650822 -0.16913728]
 [-0.85282688 -0.52204047  0.01265135 -0.47378883]
 [ 0.          0.          0.          1.        ]]"
single_object,98,92,28,10,30,0.5923414439569207,0.5008832412103253,0.0030854113370259195,0.0027967812142132595,"[[ 0.99672594  0.08057076  0.00676359 -0.10872693]
 [-0.08070871  0.99646098  0.02348671 -0.10743421]
 [-0.00484731 -0.02395569  0.99970127 -0.47543596]
 [ 0.          0.          0.          1.        ]]","[[-0.23345461  0.1517178  -0.96045857 -0.10463627]
 [ 0.68460738  0.7270868  -0.05155114 -0.09512829]
 [ 0.69051552 -0.66957187 -0.27360889 -0.46729147]
 [ 0.          0.          0.          1.        ]]"
single_object,98,94,28,6,17,0.6776454498831842,0.653940395464129,0.0023631597788324504,0.002293160828466318,"[[-0.46783108  0.45624191 -0.75695271 -0.11694488]
 [-0.13385006  0.81000467  0.5709436  -0.08656906]
 [ 0.87362363  0.36842332 -0.31787735 -0.47813845]
 [ 0.          0.          0.          1.        ]]","[[-0.08868725  0.47776107 -0.87400168 -0.11742638]
 [-0.32643717  0.81505767  0.47866457 -0.08506357]
 [ 0.94104907  0.32775808  0.08367375 -0.47857028]
 [ 0.          0.          0.          1.        ]]"
single_object,98,94,37,110,30,0.2563323274074286,0.4134140934509933,0.002366279274861713,0.0021034738446814856,"[[ 0.0414797  -0.2647821  -0.96341573 -0.07745531]
 [-0.89590659  0.41699811 -0.15317953 -0.12829393]
 [ 0.44230173  0.86948434 -0.21992307 -0.48857755]
 [ 0.          0.          0.          1.        ]]","[[ 0.15461802 -0.14720999 -0.97694549 -0.07937652]
 [-0.41344632  0.88844689 -0.19930949 -0.15281725]
 [ 0.89730452  0.43473136  0.07650647 -0.48738394]
 [ 0.          0.          0.          1.        ]]"
single_object,98,95,37,91,30,0.4137644989201791,0.43631916932450404,0.0023692038519275635,0.0019672327780218507,"[[ 0.05747028  0.102166   -0.99310587 -0.0848192 ]
 [ 0.29264654 -0.95277685 -0.08108191 -0.13366162]
 [-0.9544921  -0.2859692  -0.08465488 -0.47489903]
 [ 0.          0.          0.          1.        ]]","[[-0.0257844   0.09006051 -0.99560247 -0.08591975]
 [ 0.31825614 -0.94337485 -0.09357838 -0.12002079]
 [-0.94765405 -0.31926946 -0.00433796 -0.47731928]
 [ 0.          0.          0.          1.        ]]"
single_object,98,95,28,9,30,0.5322240583509031,0.6877314946720611,0.002546074422621075,0.002907392475430191,"[[-0.92420355  0.37107703 -0.09027534 -0.1166839 ]
 [-0.38105622 -0.91173368  0.1534205  -0.08253738]
 [-0.02537624  0.17619175  0.98402872 -0.47530673]
 [ 0.          0.          0.          1.        ]]","[[-0.91197837  0.37914581  0.15666495 -0.12480322]
 [-0.33815826 -0.91097431  0.23616688 -0.0819458 ]
 [ 0.23225942  0.16240154  0.95900016 -0.48131356]
 [ 0.          0.          0.          1.        ]]"
single_object,98,96,37,141,30,0.4207511549078219,0.4281025186286989,0.002754954771520248,0.0019853528411028867,"[[ 0.41481516 -0.00705355 -0.90987836 -0.08735059]
 [ 0.21030032 -0.97215205  0.1034126  -0.13652345]
 [-0.88526954 -0.23424483 -0.40178004 -0.478351  ]
 [ 0.          0.          0.          1.        ]]","[[-0.07228167  0.089865   -0.99332756 -0.08851509]
 [ 0.34836149 -0.93093435 -0.10956966 -0.11617048]
 [-0.93456922 -0.35395695  0.03598398 -0.4809236 ]
 [ 0.          0.          0.          1.        ]]"
single_object,98,96,28,12,11,0.69496837426634,0.7997036868197618,0.0024764750448958775,0.0021709648426436554,"[[-0.44273142  0.18222725 -0.87794198 -0.12314071]
 [-0.38789502  0.84384547  0.37075907 -0.07755765]
 [ 0.80840977  0.50469601 -0.30291186 -0.47972809]
 [ 0.          0.          0.          1.        ]]","[[-0.12645059  0.36943415 -0.9206132  -0.12096684]
 [-0.47719111  0.79097074  0.38295421 -0.07878699]
 [ 0.86965447  0.48773322  0.07627197 -0.48069628]
 [ 0.          0.          0.          1.        ]]"
single_object,98,97,37,118,30,0.4065275533116892,0.3747550737281712,0.0027503865420060816,0.002378926303667772,"[[ 0.43505901  0.05524313 -0.89870565 -0.08510075]
 [ 0.49523802 -0.8482603   0.18760003 -0.13110888]
 [-0.75197271 -0.52669029 -0.39640178 -0.49040042]
 [ 0.          0.          0.          1.        ]]","[[-0.08244457  0.06961976 -0.99416094 -0.08702736]
 [ 0.66829558 -0.73616417 -0.10697354 -0.12711896]
 [-0.73931314 -0.67321275  0.01416615 -0.49191411]
 [ 0.          0.          0.          1.        ]]"
single_object,98,97,28,7,30,0.5691492392728931,0.4990597754857827,0.0029378409239521745,0.0030397445345791744,"[[-0.94193788 -0.32942995 -0.06503025 -0.11417161]
 [-0.22964785  0.77329529 -0.59099599 -0.0752215 ]
 [ 0.24497937 -0.54174745 -0.80404901 -0.46866608]
 [ 0.          0.          0.          1.        ]]","[[-0.56183926  0.07636998 -0.82371371 -0.11426181]
 [ 0.42763139  0.87918227 -0.21016643 -0.07563029]
 [ 0.70814408 -0.47032559 -0.52661731 -0.46701005]
 [ 0.          0.          0.          1.        ]]"
single_object,98,98,37,25,12,0.35457457915588037,0.4542399061771478,0.0025896470711792023,0.0018847415930519126,"[[-0.05116328 -0.13932503 -0.98892409 -0.08137768]
 [-0.52716794  0.8447939  -0.09174546 -0.13854554]
 [ 0.84821948  0.51663508 -0.11667011 -0.50442779]
 [ 0.          0.          0.          1.        ]]","[[ 0.03642763 -0.08013909 -0.99611784 -0.08749569]
 [-0.50496295  0.85868945 -0.08754908 -0.13705912]
 [ 0.86237199  0.50619181 -0.00918725 -0.50195807]
 [ 0.          0.          0.          1.        ]]"
single_object,98,98,28,10,30,0.6964499401675309,0.5859023306171292,0.0028166404829301833,0.002451815795197192,"[[-0.389058    0.10678712  0.91500294 -0.12077375]
 [ 0.43369499  0.89753172  0.07965841 -0.06778049]
 [-0.81273767  0.42782393 -0.39550494 -0.48743785]
 [ 0.          0.          0.          1.        ]]","[[ 0.40057961 -0.16295181  0.90165552 -0.12190425]
 [-0.00658459  0.9835213   0.18067236 -0.06937701]
 [-0.9162383  -0.0783107   0.39290561 -0.49263153]
 [ 0.          0.          0.          1.        ]]"
single_object,98,99,28,41,30,0.6219157786768477,0.588979429027295,0.0029993102048928924,0.0021862196984314725,"[[-0.79165679  0.33355179  0.51188157 -0.12351725]
 [ 0.6035736   0.55690681  0.57057315 -0.0721913 ]
 [-0.09475464  0.76065631 -0.64220211 -0.49004286]
 [ 0.          0.          0.          1.        ]]","[[-0.57472514  0.43781805 -0.69138004 -0.11820533]
 [-0.37073291  0.61388454  0.69692387 -0.06437988]
 [ 0.72955337  0.65685701 -0.19050132 -0.47761591]
 [ 0.          0.          0.          1.        ]]"
single_object,98,99,37,139,30,0.38041161915931293,0.3407371386890545,0.0026986804653629654,0.002479612736351127,"[[ 0.9832743  -0.17588148  0.0473006  -0.09808165]
 [-0.16110482 -0.7187806   0.6763133  -0.13799963]
 [-0.08495223 -0.67262185 -0.73509385 -0.49776861]
 [ 0.          0.          0.          1.        ]]","[[ 0.96311658 -0.2237086   0.14953567 -0.10380212]
 [-0.26871783 -0.77061406  0.57787949 -0.13941208]
 [-0.01404232 -0.59674822 -0.80230566 -0.49667533]
 [ 0.          0.          0.          1.        ]]"
single_object,98,100,37,206,23,0.37725796993664096,0.3750983280653327,0.00289964014017825,0.001824326816892241,"[[ 0.34666875 -0.00809732 -0.93795267 -0.08966351]
 [ 0.44203179 -0.88055359  0.17097742 -0.09461789]
 [-0.82730205 -0.47387743 -0.30168114 -0.49361421]
 [ 0.          0.          0.          1.        ]]","[[-0.01758579  0.05605269 -0.99827293 -0.091543  ]
 [ 0.53310551 -0.84414066 -0.05678952 -0.09871664]
 [-0.84586598 -0.53318349 -0.01503712 -0.49402224]
 [ 0.          0.          0.          1.        ]]"
single_object,98,100,28,12,30,0.6337113225824833,0.5130206849393127,0.0029985261083540107,0.002907788752701364,"[[-0.43528888 -0.11502545  0.8929125  -0.1112669 ]
 [-0.66751234  0.7067539  -0.2343634  -0.06475623]
 [-0.60411164 -0.69804589 -0.38442302 -0.47629539]
 [ 0.          0.          0.          1.        ]]","[[ 0.97232623 -0.22537532 -0.06154403 -0.1107703 ]
 [-0.22851106 -0.86261416 -0.45130865 -0.06583861]
 [ 0.04862508  0.45288273 -0.89024313 -0.47619287]
 [ 0.          0.          0.          1.        ]]"
single_object,98,101,37,140,15,0.41918505699452224,0.46534561421072956,0.0027639366540235365,0.0020214457412498143,"[[-0.18176008  0.04375725 -0.98236886 -0.09248831]
 [-0.58651338  0.7970322   0.14401989 -0.12491842]
 [ 0.78928153  0.60234954 -0.11920443 -0.51639197]
 [ 0.          0.          0.          1.        ]]","[[ 0.03349171 -0.07551757 -0.99658186 -0.09037553]
 [-0.63514142  0.76828711 -0.07956311 -0.11943698]
 [ 0.77166941  0.63563512 -0.02223309 -0.51317506]
 [ 0.          0.          0.          1.        ]]"
single_object,98,101,28,3,30,0.6194654966094935,0.4132999031283834,0.002303904749626171,0.0029988551833907457,"[[ 0.92376356  0.33141779 -0.19189353 -0.11770387]
 [ 0.37377184 -0.8893627   0.26330324 -0.05565154]
 [-0.08339956 -0.31495434 -0.9454355  -0.49373401]
 [ 0.          0.          0.          1.        ]]","[[ 0.7866718   0.17504017  0.59203751 -0.1246021 ]
 [-0.11781468 -0.89877803  0.42227688 -0.05734913]
 [ 0.60602572 -0.40194402 -0.68642103 -0.50104907]
 [ 0.          0.          0.          1.        ]]"
single_object,98,102,28,10,30,0.3906775314832754,0.6554219613653199,0.002982811359463861,0.0027839367869366984,"[[-9.63359477e-01 -1.84548831e-01 -1.94628484e-01 -1.32860258e-01]
 [-2.68212772e-01  6.64621643e-01  6.97380800e-01 -4.27701855e-02]
 [ 6.53491623e-04  7.24030248e-01 -6.89767912e-01 -4.89372567e-01]
 [ 0.00000000e+00  0.00000000e+00  0.00000000e+00  1.00000000e+00]]","[[ 0.31785287  0.32362238 -0.89120038 -0.13100455]
 [-0.73834753  0.67416593 -0.01852636 -0.0561163 ]
 [ 0.59482138  0.66390425  0.45323136 -0.49226621]
 [ 0.          0.          0.          1.        ]]"
single_object,98,102,37,141,30,0.4186630243567557,0.4210372001887899,0.0026809783413943313,0.0018613535639403615,"[[ 0.3517207   0.12381044 -0.9278812  -0.09381528]
 [ 0.76076545 -0.61537952  0.20626191 -0.08951141]
 [-0.54546171 -0.77844655 -0.31063241 -0.49149045]
 [ 0.          0.          0.          1.        ]]","[[ 0.04192593  0.05243867 -0.99774366 -0.09265003]
 [ 0.67731911 -0.73561863 -0.01020064 -0.08667281]
 [-0.73449373 -0.67536317 -0.06635921 -0.49565763]
 [ 0.          0.          0.          1.        ]]"
single_object,98,103,37,124,23,0.34491339979118696,0.4200288905733778,0.0026339860034134297,0.0019588701946719545,"[[-0.51246478  0.0912065  -0.85385082 -0.08902531]
 [-0.55607068  0.722451    0.41091355 -0.11463642]
 [ 0.65434337  0.68538013 -0.31951343 -0.52473875]
 [ 0.          0.          0.          1.        ]]","[[ 3.62524613e-02 -4.78877603e-02 -9.98194631e-01 -9.21307891e-02]
 [-6.10203907e-01  7.89964590e-01 -6.00594579e-02 -1.12834120e-01]
 [ 7.91414525e-01  6.11279567e-01 -5.83137672e-04 -5.22106418e-01]
 [ 0.00000000e+00  0.00000000e+00  0.00000000e+00  1.00000000e+00]]"
single_object,98,103,28,5,30,0.5330788079092825,0.3542082169924212,0.002607409229846688,0.0030805068970003314,"[[ 0.83323782  0.55291125  0.00196923 -0.11677456]
 [ 0.55291322 -0.8332218  -0.00532961 -0.05066344]
 [-0.00130599  0.00552965 -0.99998386 -0.49503259]
 [ 0.          0.          0.          1.        ]]","[[ 0.91481208  0.09288383 -0.393054   -0.12474563]
 [ 0.02520323 -0.98442767 -0.17397404 -0.0233317 ]
 [-0.40309261  0.14924732 -0.90290729 -0.50033968]
 [ 0.          0.          0.          1.        ]]"
single_object,98,104,37,92,30,0.459910753872338,0.46681159627569047,0.0027876452337945966,0.0019726722923033195,"[[-0.60398943  0.04241565 -0.79586285 -0.10134042]
 [-0.45661546  0.80003137  0.38916851 -0.11379871]
 [ 0.65322208  0.59845695 -0.46384286 -0.51340661]
 [ 0.          0.          0.          1.        ]]","[[-0.11004845 -0.08251501 -0.99049513 -0.09168761]
 [-0.77520722  0.63081399  0.03357788 -0.10369434]
 [ 0.62204751  0.77153417 -0.13338634 -0.52349745]
 [ 0.          0.          0.          1.        ]]"
single_object,98,105,28,17,30,0.40486637415237337,0.4855547324633882,0.0028021995903158396,0.0028577693980141802,"[[ 0.935331    0.32606907 -0.13724027 -0.12295478]
 [-0.3532746   0.84026463 -0.41128143 -0.05313583]
 [-0.01878801  0.43316777  0.90111747 -0.50285547]
 [ 0.          0.          0.          1.        ]]","[[ 0.0624666   0.16240141  0.9847455  -0.12036745]
 [ 0.60058451  0.78191616 -0.16704901 -0.05483483]
 [-0.79711741  0.60185788 -0.04869212 -0.50566957]
 [ 0.          0.          0.          1.        ]]"
single_object,98,105,37,155,30,0.3595017091205538,0.4370271313948998,0.0027612642466538356,0.002145313549406925,"[[ 0.04263593  0.03701022 -0.99840494 -0.09662549]
 [-0.51342029  0.85808037  0.00988335 -0.08956777]
 [ 0.85707747  0.51217997  0.05558685 -0.51732053]
 [ 0.          0.          0.          1.        ]]","[[-0.06807356 -0.05851949 -0.99596258 -0.09136589]
 [-0.75269656  0.65824373  0.01277021 -0.09662289]
 [ 0.65483881  0.75052693 -0.08885642 -0.52968347]
 [ 0.          0.          0.          1.        ]]"
single_object,98,106,37,163,30,0.3303608461219411,0.3525150531329109,0.00258640320063546,0.0023951859783644894,"[[ 0.82419516 -0.37969147  0.42016274 -0.13380849]
 [-0.56555132 -0.59014975  0.57608591 -0.08506555]
 [ 0.02922403 -0.71243081 -0.70113358 -0.50111522]
 [ 0.          0.          0.          1.        ]]","[[ 0.74084118 -0.42135611  0.52308066 -0.13650574]
 [-0.67165015 -0.45734897  0.58285333 -0.08535271]
 [-0.00635841 -0.78312895 -0.62182684 -0.50532149]
 [ 0.          0.          0.          1.        ]]"
single_object,98,106,28,7,30,0.6348509886603225,0.3925009972078181,0.0026612787441531354,0.0021196697116286378,"[[ 0.3000977   0.53899032  0.78703927 -0.13613816]
 [ 0.6828343   0.45474618 -0.5717895  -0.02511193]
 [-0.6660921   0.70901012 -0.23157279 -0.46794324]
 [ 0.          0.          0.          1.        ]]","[[ 0.51417582  0.77086449  0.37602017 -0.12738198]
 [ 0.54659115  0.04334496 -0.83627706 -0.02288759]
 [-0.66095487  0.63552274 -0.39906078 -0.46369885]
 [ 0.          0.          0.          1.        ]]"
single_object,98,107,28,12,30,0.6943415579235284,0.8776568465439626,0.002735201548194331,0.002385684417001093,"[[ 0.59464086  0.36661327  0.71553963 -0.13754641]
 [ 0.39627533  0.64072391 -0.65760074 -0.02551236]
 [-0.69954851  0.67458697  0.23572082 -0.46999432]
 [ 0.          0.          0.          1.        ]]","[[ 0.18426267  0.55966209  0.80797625 -0.14004201]
 [ 0.59798826  0.58856718 -0.54405764 -0.0248927 ]
 [-0.78003674  0.58340982 -0.22622039 -0.47468769]
 [ 0.          0.          0.          1.        ]]"
single_object,98,107,37,240,30,0.2565039545760094,0.3431828258413307,0.0024482850681537844,0.002149245856840188,"[[ 0.20089492 -0.01014308 -0.97956028 -0.1268417 ]
 [-0.94266018  0.27005066 -0.19612349 -0.07776219]
 [ 0.2665202   0.96279269  0.04469033 -0.51191431]
 [ 0.          0.          0.          1.        ]]","[[ 0.09933498  0.15364068 -0.9831211  -0.12697771]
 [-0.72194111  0.69106605  0.03505352 -0.08634667]
 [ 0.68478727  0.7062735   0.17956655 -0.50578962]
 [ 0.          0.          0.          1.        ]]"
single_object,98,108,28,14,30,0.7314376887571942,0.9483161433699926,0.002709712157968869,0.0024644188261496286,"[[-0.69800743  0.63889722 -0.32341301 -0.14233394]
 [-0.24940676  0.20645679  0.94613522 -0.02983392]
 [ 0.67125397  0.74107081  0.01523692 -0.46681518]
 [ 0.          0.          0.          1.        ]]","[[-0.52794399  0.63763537 -0.56097797 -0.14804444]
 [-0.64730228  0.12549714  0.75183125 -0.02779522]
 [ 0.54979532  0.76004711  0.34648737 -0.46987086]
 [ 0.          0.          0.          1.        ]]"
single_object,98,108,37,128,30,0.32512621748022713,0.3792245312432958,0.002678712365437397,0.002716444914705907,"[[ 0.95830156 -0.16460821  0.23358564 -0.12489288]
 [-0.28562128 -0.57711324  0.76508874 -0.09945875]
 [ 0.00886547 -0.79990277 -0.60006413 -0.50148662]
 [ 0.          0.          0.          1.        ]]","[[ 0.90542021 -0.40641829  0.12263124 -0.13647864]
 [-0.36287784 -0.59104857  0.72040354 -0.09802818]
 [-0.22030416 -0.69676808 -0.68262752 -0.49755568]
 [ 0.          0.          0.          1.        ]]"
single_object,98,109,28,13,30,0.606017436890991,0.7471080973274831,0.0029805541499020424,0.0024637891624656994,"[[ 0.73067115  0.5275866   0.43332673 -0.13845083]
 [ 0.36827809  0.22986365 -0.90085179 -0.04658987]
 [-0.5748834   0.81781115 -0.02634385 -0.47404879]
 [ 0.          0.          0.          1.        ]]","[[ 0.49954248  0.78707053  0.36190784 -0.13658006]
 [ 0.45972643  0.11323007 -0.88081244 -0.0391829 ]
 [-0.73424037  0.60638184 -0.3052739  -0.47231328]
 [ 0.          0.          0.          1.        ]]"
single_object,98,109,37,117,30,0.33178392139475676,0.3604456585477481,0.0025776832437740325,0.002675580499608898,"[[ 0.92252474 -0.02453837 -0.38515708 -0.11718237]
 [ 0.30197943 -0.57555099  0.75996677 -0.09717652]
 [-0.24032588 -0.81739766 -0.52354994 -0.50050213]
 [ 0.          0.          0.          1.        ]]","[[ 0.89994774 -0.25460396 -0.35393628 -0.12806193]
 [ 0.12464607 -0.62766103  0.76844323 -0.0999046 ]
 [-0.4178007  -0.73567551 -0.53312674 -0.49768449]
 [ 0.          0.          0.          1.        ]]"
single_object,98,110,37,166,18,0.2887698622691972,0.39159598964516085,0.002975458729137948,0.0019930141877630356,"[[-0.51552962  0.27947367 -0.81001462 -0.11627675]
 [-0.29649343  0.82874114  0.47463646 -0.09387175]
 [ 0.80394083  0.48485317 -0.3443785  -0.4980879 ]
 [ 0.          0.          0.          1.        ]]","[[-0.00148167  0.12746102 -0.99184247 -0.12441485]
 [-0.6289281   0.77100281  0.10002059 -0.10176981]
 [ 0.77746206  0.6239458   0.07902145 -0.49637661]
 [ 0.          0.          0.          1.        ]]"
single_object,98,110,28,38,24,0.7820388626132543,0.9330446179269474,0.002734694736483329,0.002289073675247397,"[[-0.24854622  0.1986723  -0.94802642 -0.14577511]
 [-0.53071715  0.79081958  0.3048667  -0.0457427 ]
 [ 0.81028642  0.57890734 -0.09111642 -0.47078388]
 [ 0.          0.          0.          1.        ]]","[[-0.44077868  0.61262334 -0.65605396 -0.1496351 ]
 [-0.60080336  0.34166416  0.7227039  -0.03788134]
 [ 0.6668954   0.71271189  0.21746788 -0.47111   ]
 [ 0.          0.          0.          1.        ]]"
single_object,98,111,28,6,26,0.7028320702034304,0.9021026839136133,0.003050976849140674,0.002288255720695723,"[[ 0.98735216 -0.15289715 -0.04193047 -0.14748201]
 [-0.0790907  -0.70422884  0.70555397 -0.0391727 ]
 [-0.13740584 -0.69331393 -0.70741461 -0.48241689]
 [ 0.          0.          0.          1.        ]]","[[ 0.9415472  -0.01425786 -0.33657924 -0.14366683]
 [ 0.11537479 -0.92503602  0.36193511 -0.0369793 ]
 [-0.31650834 -0.37961175 -0.86932007 -0.47782941]
 [ 0.          0.          0.          1.        ]]"
single_object,98,111,37,188,30,0.3219439637294584,0.37424734335445303,0.002951996392600612,0.002806465901517831,"[[ 0.88358482 -0.25712755 -0.39136081 -0.12702824]
 [ 0.03399556 -0.79832869  0.60126167 -0.09594682]
 [-0.46703551 -0.54457022 -0.69664992 -0.47608734]
 [ 0.          0.          0.          1.        ]]","[[ 0.91225081 -0.3880441   0.13122588 -0.13418981]
 [-0.38026071 -0.68309329  0.62352655 -0.10911808]
 [-0.15231628 -0.61871265 -0.77071033 -0.48858123]
 [ 0.          0.          0.          1.        ]]"
single_object,98,112,28,17,30,0.7625505726822042,0.8241495241894125,0.002669166817507811,0.002574402108919136,"[[-0.76015361 -0.62406908 -0.18084321 -0.14283099]
 [ 0.64379331 -0.68584927 -0.33932426 -0.04619594]
 [ 0.08773059 -0.37436421  0.9231223  -0.46811374]
 [ 0.          0.          0.          1.        ]]","[[-0.6992346  -0.6899612   0.18714839 -0.14428669]
 [ 0.39803803 -0.59319765 -0.69977302 -0.04367699]
 [ 0.59383222 -0.41481333  0.68941511 -0.46758064]
 [ 0.          0.          0.          1.        ]]"
single_object,98,113,28,6,23,0.6240241609208502,0.7594734742720383,0.0026285710751595896,0.0024903679526738724,"[[ 0.20072548  0.18499512 -0.96202187 -0.14749463]
 [-0.06760364  0.98228289  0.1747858  -0.04337609]
 [ 0.97731214  0.02995222  0.20967555 -0.47093328]
 [ 0.          0.          0.          1.        ]]","[[-0.13045672 -0.01787049 -0.99129294 -0.14461009]
 [ 0.05273988  0.99829686 -0.02493746 -0.04196015]
 [ 0.99005028 -0.05553393 -0.12929205 -0.46708965]
 [ 0.          0.          0.          1.        ]]"
single_object,98,113,37,189,30,0.33206996667572475,0.3371544215449306,0.0029068525235206835,0.0023368909845436834,"[[ 0.33202844 -0.07394031 -0.94036692 -0.12036504]
 [ 0.64484386 -0.70979381  0.28349453 -0.09983025]
 [-0.68842829 -0.70051808 -0.18799178 -0.47920393]
 [ 0.          0.          0.          1.        ]]","[[ 0.08244746 -0.12077117 -0.9892506  -0.12110619]
 [ 0.76469262 -0.6288898   0.14050911 -0.10696642]
 [-0.63909906 -0.76805725  0.04050245 -0.48415939]
 [ 0.          0.          0.          1.        ]]"
single_object,98,114,37,95,30,0.3553683548105665,0.4056408129406885,0.0027185853317047786,0.0027430318442472883,"[[-0.64387104 -0.11240335 -0.75683259 -0.11392591]
 [-0.42360774  0.87609004  0.23026665 -0.12100892]
 [ 0.63717075  0.46886217 -0.61170393 -0.48695101]
 [ 0.          0.          0.          1.        ]]","[[-0.89314546  0.01724096 -0.44943735 -0.12195746]
 [-0.21363696  0.86308004  0.45765937 -0.12410385]
 [ 0.39579089  0.50477282 -0.76717271 -0.48288463]
 [ 0.          0.          0.          1.        ]]"
single_object,98,115,28,25,30,0.8406746823180808,0.6430565844207647,0.0025446018183701525,0.002779932781408666,"[[-0.40373654  0.40921625 -0.81825355 -0.14677332]
 [-0.17905966  0.84174564  0.50931514 -0.05804349]
 [ 0.89718139  0.35214534 -0.26656935 -0.46991144]
 [ 0.          0.          0.          1.        ]]","[[-0.50440386  0.52968812 -0.6819144  -0.1565818 ]
 [-0.4929839   0.47171189  0.73106414 -0.06759062]
 [ 0.70890311  0.70492439  0.02319442 -0.47896302]
 [ 0.          0.          0.          1.        ]]"
single_object,98,115,37,238,30,0.3583289234685851,0.32978875556000514,0.0030972533973845128,0.0025407703496875744,"[[ 0.42267213  0.14462769 -0.89466815 -0.12289144]
 [-0.21753198  0.97451554  0.05476581 -0.11596355]
 [ 0.87978867  0.17147095  0.44336171 -0.46534733]
 [ 0.          0.          0.          1.        ]]","[[ 0.44942283  0.13998315 -0.88228331 -0.12560683]
 [-0.11081358  0.98875396  0.1004289  -0.11633137]
 [ 0.88641947  0.05263393  0.45988063 -0.47538728]
 [ 0.          0.          0.          1.        ]]"
single_object,98,116,28,10,30,0.7234030429084278,0.401105476095504,0.0027340767171245856,0.0024877925891582334,"[[ 0.95468883 -0.10468978 -0.27858444 -0.13985487]
 [-0.03049026 -0.96556633  0.2583641  -0.04654538]
 [-0.29603983 -0.23816321 -0.92500741 -0.47611893]
 [ 0.          0.          0.          1.        ]]","[[ 0.86886377 -0.47945441  0.12328511 -0.14742838]
 [-0.45025682 -0.66183164  0.59937274 -0.05549117]
 [-0.20577792 -0.57628322 -0.79091915 -0.4842837 ]
 [ 0.          0.          0.          1.        ]]"
single_object,98,116,37,106,18,0.38226376235358056,0.41962127604799837,0.0028538389500837058,0.0027352134369580373,"[[-0.81622503 -0.0420166  -0.57620422 -0.11851133]
 [-0.32048476  0.86275835  0.39107231 -0.12946828]
 [ 0.48069347  0.50386768 -0.71767064 -0.47481311]
 [ 0.          0.          0.          1.        ]]","[[-0.95064863  0.00706063 -0.31018918 -0.12544137]
 [-0.13972716  0.88288289  0.44832367 -0.13345519]
 [ 0.27702617  0.46954014 -0.83832485 -0.47280438]
 [ 0.          0.          0.          1.        ]]"
single_object,98,117,28,13,21,0.7441449655251011,0.6655649894580887,0.002676641779096447,0.0021014330537484725,"[[ 0.22255425  0.41097663 -0.88406324 -0.14405143]
 [-0.30589109  0.89045023  0.33694069 -0.06265368]
 [ 0.92568907  0.19543949  0.32388758 -0.46642258]
 [ 0.          0.          0.          1.        ]]","[[-0.04789413  0.58167674 -0.81200882 -0.13888734]
 [-0.36044808  0.74810026  0.55715634 -0.05729278]
 [ 0.93154889  0.31937154  0.17383465 -0.46746256]
 [ 0.          0.          0.          1.        ]]"
single_object,98,117,37,122,30,0.3749052475006794,0.40134298259414464,0.0024972188510049083,0.002219552251781079,"[[-0.12109305  0.01930061 -0.99245351 -0.11671889]
 [-0.53419986  0.84141621  0.0815431  -0.12885351]
 [ 0.8366403   0.54004282 -0.09157927 -0.46598335]
 [ 0.          0.          0.          1.        ]]","[[ 0.08751551  0.10407604 -0.99071147 -0.11943823]
 [-0.32722192  0.94234456  0.07008953 -0.13026175]
 [ 0.9408862   0.31804859  0.11652573 -0.47179879]
 [ 0.          0.          0.          1.        ]]"
single_object,98,118,28,9,30,0.5956464755826543,0.757080175508576,0.0028285731748635434,0.0025245400110891756,"[[ 0.51898228  0.50745412  0.68785733 -0.13421926]
 [ 0.19556587  0.71287937 -0.6734664  -0.07073695]
 [-0.8321126   0.48403855  0.27073106 -0.47044505]
 [ 0.          0.          0.          1.        ]]","[[-0.07301883  0.33527536  0.93928626 -0.14134773]
 [ 0.11854432  0.93804145 -0.32561555 -0.0716015 ]
 [-0.99026032  0.08757098 -0.10823968 -0.47859188]
 [ 0.          0.          0.          1.        ]]"
single_object,98,118,37,142,23,0.3469800769461806,0.4187273845449735,0.002767736601675547,0.0020226480341267966,"[[ 0.01189267  0.14296315 -0.98965656 -0.11771572]
 [-0.51505097  0.84920772  0.11648494 -0.13274939]
 [ 0.85707704  0.50833826  0.08373266 -0.47142343]
 [ 0.          0.          0.          1.        ]]","[[ 0.06257553  0.07212906 -0.99543041 -0.11700811]
 [-0.33352869  0.94155469  0.04725867 -0.13467884]
 [ 0.94066089  0.32904736  0.0829754  -0.46777563]
 [ 0.          0.          0.          1.        ]]"
single_object,98,119,37,122,30,0.3242180237131538,0.3844091019608404,0.0025287616869384944,0.0022193511705854707,"[[ 0.3207638   0.19842947 -0.92614056 -0.1202835 ]
 [ 0.09288278  0.96650582  0.23924734 -0.14025842]
 [ 0.94259396 -0.16276439  0.2915894  -0.45951385]
 [ 0.          0.          0.          1.        ]]","[[ 0.16213892  0.10255719 -0.98142396 -0.11535813]
 [ 0.01829505  0.99410097  0.1069044  -0.13882063]
 [ 0.98659833 -0.03528856  0.15930617 -0.46456052]
 [ 0.          0.          0.          1.        ]]"
single_object,98,119,28,16,30,0.6932588751495812,0.528235227078466,0.0031396576867126747,0.0031518333096518915,"[[ 0.95091698  0.24101693 -0.1940818  -0.13866053]
 [-0.29184165  0.90703093 -0.30351828 -0.07400979]
 [ 0.10288515  0.34526184  0.93284989 -0.46809435]
 [ 0.          0.          0.          1.        ]]","[[-0.1039084   0.35438765 -0.9293075  -0.14941884]
 [-0.53884809  0.76529354  0.35209166 -0.08745197]
 [ 0.83596997  0.53734085  0.11144068 -0.47289127]
 [ 0.          0.          0.          1.        ]]"
single_object,98,120,37,190,30,0.3896151260744576,0.38848524721463407,0.0023063223376839906,0.001957769266018043,"[[ 0.03666131  0.04499398 -0.99831432 -0.11047192]
 [ 0.05696916  0.9972672   0.04703887 -0.14415285]
 [ 0.99770259 -0.05859764  0.03399785 -0.45273059]
 [ 0.          0.          0.          1.        ]]","[[ 0.10046834  0.05519844 -0.9934079  -0.11072421]
 [-0.13097835  0.99050402  0.04179059 -0.14364497]
 [ 0.98628129  0.12591629  0.10674409 -0.45903532]
 [ 0.          0.          0.          1.        ]]"
single_object,98,121,28,25,26,0.5184910821129409,0.4336999259217049,0.0030228871207707,0.002389977091822295,"[[ 0.95701203  0.28964091 -0.01536615 -0.15127047]
 [ 0.23381781 -0.80174551 -0.55003034 -0.01912265]
 [-0.17163103  0.52279277 -0.8350033  -0.46798445]
 [ 0.          0.          0.          1.        ]]","[[-0.01393075  0.34144888 -0.9397971  -0.15794095]
 [-0.13647139 -0.93174228 -0.33649945 -0.01186642]
 [-0.99054606  0.12356773  0.05957787 -0.47045294]
 [ 0.          0.          0.          1.        ]]"
single_object,98,121,37,63,30,0.3053390351692673,0.38995122927959497,0.002719872348643777,0.002216294068281225,"[[ 0.3277608   0.36993672 -0.86932139 -0.1582563 ]
 [-0.48826312  0.85406723  0.17935521 -0.10401929]
 [ 0.80880899  0.36567197  0.46055622 -0.44811642]
 [ 0.          0.          0.          1.        ]]","[[ 0.16838559  0.34941324 -0.92171399 -0.15397689]
 [-0.22217238  0.92445814  0.30986541 -0.10208849]
 [ 0.96035708  0.15260253  0.2332954  -0.45056277]
 [ 0.          0.          0.          1.        ]]"
single_object,98,122,37,111,30,0.35753514781389895,0.374569144295542,0.002850657620945486,0.0025811880535172547,"[[ 0.72429992 -0.68685619  0.0601515  -0.16202088]
 [-0.68819429 -0.71485183  0.12399792 -0.1014589 ]
 [-0.04216933 -0.1312076  -0.99045763 -0.44949257]
 [ 0.          0.          0.          1.        ]]","[[ 0.55227927 -0.67104266  0.49466084 -0.16793767]
 [-0.78095752 -0.62407038  0.02532808 -0.10933315]
 [ 0.29170696 -0.40029728 -0.86871695 -0.45527793]
 [ 0.          0.          0.          1.        ]]"
single_object,98,122,28,18,28,0.7897885919425608,0.75981537409539,0.002672372272171539,0.0020771086557139946,"[[-0.11654584  0.43550595  0.89260945 -0.15805466]
 [-0.05213816  0.89481203 -0.44338814 -0.02915034]
 [-0.99181585 -0.09821406 -0.08158014 -0.46735233]
 [ 0.          0.          0.          1.        ]]","[[ 0.02624959  0.38702154  0.92169696 -0.15744726]
 [-0.17898235  0.90893545 -0.37656562 -0.03231402]
 [-0.98350205 -0.15508279  0.09312921 -0.46713349]
 [ 0.          0.          0.          1.        ]]"
single_object,98,123,37,88,30,0.2907149701797795,0.3127118522862169,0.0028504235469762654,0.0026008380401576223,"[[ 0.91101271 -0.05644703  0.40849673 -0.14287417]
 [ 0.04950389 -0.96845424 -0.24422481 -0.06516552]
 [ 0.40939616  0.24271408 -0.87947977 -0.45998955]
 [ 0.          0.          0.          1.        ]]","[[ 0.75415699  0.08703608  0.65090088 -0.13722348]
 [ 0.36321043 -0.88105554 -0.30301704 -0.06426747]
 [ 0.54710641  0.46493641 -0.6960666  -0.46057316]
 [ 0.          0.          0.          1.        ]]"
single_object,98,123,28,14,30,0.5728531540258704,0.6736566186107471,0.00281414542578905,0.002575801568741351,"[[-0.22197241  0.52315192 -0.8228246  -0.15823253]
 [ 0.3553655   0.82924055  0.43136466 -0.03540722]
 [ 0.90798877 -0.19665242 -0.36997867 -0.45412033]
 [ 0.          0.          0.          1.        ]]","[[-0.86301556  0.50341896  0.04211283 -0.1676318 ]
 [-0.1535248  -0.34077962  0.92752326 -0.0271074 ]
 [ 0.48128399  0.79400164  0.37138541 -0.46306679]
 [ 0.          0.          0.          1.        ]]"
single_object,98,124,28,6,30,0.7122343153456038,0.34486295515413984,0.00252755679609068,0.0026919380424344774,"[[-0.99039098 -0.11612883 -0.07509859 -0.15647325]
 [ 0.0774819  -0.91573872  0.39423237 -0.0173228 ]
 [-0.11455243  0.3846254   0.91593725 -0.45148308]
 [ 0.          0.          0.          1.        ]]","[[ 0.29577257  0.70114324 -0.64878096 -0.18146918]
 [-0.27846813  0.71295476  0.64354566 -0.03961156]
 [ 0.91376916 -0.00967834  0.40611851 -0.45966184]
 [ 0.          0.          0.          1.        ]]"
single_object,98,124,37,34,30,0.27985240063502054,0.32596289992705846,0.0030058925876548614,0.0027026275694820674,"[[ 0.46094377 -0.323785    0.82625306 -0.15980461]
 [-0.57907995 -0.81526292  0.00357444 -0.10423607]
 [ 0.67245613 -0.4801142  -0.56328777 -0.46994674]
 [ 0.          0.          0.          1.        ]]","[[ 0.62718586 -0.23018118  0.74407965 -0.15945954]
 [-0.48896735 -0.85997714  0.14611723 -0.09610045]
 [ 0.60625805 -0.45547332 -0.65191658 -0.46099316]
 [ 0.          0.          0.          1.        ]]"
single_object,98,125,37,52,30,0.31598707075330024,0.34067992963286087,0.0025037893053535373,0.0026760533963350094,"[[-0.69029538  0.71244054  0.12617756 -0.13558053]
 [ 0.64559988  0.52777833  0.55195183 -0.10950901]
 [ 0.32663907  0.46247002 -0.82427447 -0.45696267]
 [ 0.          0.          0.          1.        ]]","[[-0.67160191  0.74076292  0.01487148 -0.1516009 ]
 [ 0.62684216  0.55738769  0.54441517 -0.11005907]
 [ 0.39499339  0.37495234 -0.83868407 -0.46362905]
 [ 0.          0.          0.          1.        ]]"
single_object,98,125,28,30,30,0.6286398085360989,0.7144566641973902,0.0030926912933473077,0.002192479567036806,"[[-0.95265273 -0.25866318  0.15983156 -0.15566525]
 [-0.29648321  0.6736031  -0.67702036 -0.02849471]
 [ 0.06745721 -0.69235267 -0.71839912 -0.45389248]
 [ 0.          0.          0.          1.        ]]","[[ 1.54119612e-02 -4.31141608e-02  9.98951270e-01 -1.53939715e-01]
 [-3.45050216e-01  9.37466891e-01  4.57840139e-02 -2.52223812e-02]
 [-9.38457682e-01 -3.45393973e-01 -4.28347164e-04 -4.60875878e-01]
 [ 0.00000000e+00  0.00000000e+00  0.00000000e+00  1.00000000e+00]]"
single_object,98,126,28,14,30,0.5672118069405664,0.8956065872699299,0.0029652599239950823,0.002473184675612495,"[[-0.88277993  0.46263762 -0.08164574 -0.15875017]
 [-0.4696428  -0.87338156  0.12899723 -0.01314552]
 [-0.01162892  0.1522205   0.98827814 -0.44980437]
 [ 0.          0.          0.          1.        ]]","[[ 0.19365334  0.40272824 -0.89459955 -0.16030518]
 [-0.24726852  0.90245913  0.3527404  -0.02358184]
 [ 0.94939805  0.15289695  0.27434624 -0.45359458]
 [ 0.          0.          0.          1.        ]]"
single_object,98,126,37,74,30,0.2972225003218009,0.3516712195540554,0.0025381126533030878,0.0026681328483123758,"[[-0.73366425  0.55762166  0.38832313 -0.1472727 ]
 [ 0.6696219   0.6904442   0.27366642 -0.12592528]
 [-0.11551313  0.46080894 -0.8799499  -0.46083202]
 [ 0.          0.          0.          1.        ]]","[[-0.79299236  0.5342241   0.29286127 -0.15040199]
 [ 0.6055268   0.63819953  0.47543522 -0.11819633]
 [ 0.06708503  0.55435185 -0.82957436 -0.47051215]
 [ 0.          0.          0.          1.        ]]"
single_object,98,127,28,9,27,0.6160464983759758,0.5958744087982221,0.002491679789675878,0.0024043230107954096,"[[ 0.42461808  0.7208518   0.54778843 -0.15203233]
 [ 0.03365345  0.59205723 -0.80519295 -0.02198345]
 [-0.90474689  0.36033445  0.22713905 -0.45430615]
 [ 0.          0.          0.          1.        ]]","[[ 0.34993888  0.81198331  0.46714654 -0.14959558]
 [-0.31788477  0.57201665 -0.75613903 -0.02261776]
 [-0.88118787  0.11610367  0.45828799 -0.45772668]
 [ 0.          0.          0.          1.        ]]"
single_object,98,127,37,76,30,0.34450578526580755,0.3820492283928546,0.0028659747878178998,0.002700372862769388,"[[ 0.72631371 -0.6602094  -0.1912902  -0.15144781]
 [-0.49833587 -0.69744952  0.5150005  -0.08520506]
 [-0.47342344 -0.27872516 -0.83557318 -0.45850846]
 [ 0.          0.          0.          1.        ]]","[[ 0.85828791 -0.51167817  0.03908097 -0.15601245]
 [-0.46625549 -0.74574902  0.47588257 -0.08387998]
 [-0.21435412 -0.42666597 -0.87864012 -0.46104692]
 [ 0.          0.          0.          1.        ]]"
single_object,98,128,28,15,30,0.7792466807225483,0.8340076357627215,0.0027084963544146425,0.0023579303583266716,"[[-0.92132584 -0.24466144  0.30215803 -0.15418728]
 [ 0.34238541 -0.87878937  0.33241762 -0.00885711]
 [ 0.18420349  0.40971944  0.89341986 -0.4515814 ]
 [ 0.          0.          0.          1.        ]]","[[-0.6175389   0.70196976 -0.35480158 -0.16701504]
 [-0.41726728  0.08999568  0.90431676 -0.01922521]
 [ 0.66673362  0.70649787  0.23733318 -0.45533276]
 [ 0.          0.          0.          1.        ]]"
single_object,98,128,37,181,30,0.36778987113660094,0.3639711666356784,0.003140785112082625,0.002456514760592287,"[[ 0.43586271  0.34670496 -0.83055365 -0.15493218]
 [-0.55221491  0.83172356  0.05739882 -0.08224453]
 [ 0.71069149  0.4336261   0.55397294 -0.45428897]
 [ 0.          0.          0.          1.        ]]","[[ 0.13720199  0.37065067 -0.91858244 -0.1551193 ]
 [-0.48539772  0.8335352   0.26383352 -0.08680961]
 [ 0.86346086  0.40967934  0.29427568 -0.46732521]
 [ 0.          0.          0.          1.        ]]"
single_object,98,129,37,94,30,0.3369470387162288,0.35484632217279993,0.0030156061055500376,0.002580839528804726,"[[-0.74556343  0.51789302  0.41943055 -0.12820344]
 [ 0.62794997  0.75670269  0.18187873 -0.06389468]
 [-0.2231905   0.39898354 -0.88938076 -0.44289933]
 [ 0.          0.          0.          1.        ]]","[[-0.90190011  0.39250359  0.18032503 -0.13285149]
 [ 0.43045048  0.85140619  0.29969965 -0.05717025]
 [-0.03589665  0.34792015 -0.9368367  -0.44931227]
 [ 0.          0.          0.          1.        ]]"
single_object,98,129,28,5,30,0.5796911504929055,0.8670579520200581,0.002971489024719956,0.002479351711004778,"[[ 0.13604636 -0.46829264  0.87303688 -0.1531288 ]
 [-0.99035609 -0.04098416  0.13234465 -0.03288464]
 [-0.02619535 -0.8826224  -0.46935222 -0.44995826]
 [ 0.          0.          0.          1.        ]]","[[ 0.66290547 -0.71611023  0.21850051 -0.15239704]
 [-0.53364028 -0.24721914  0.80877113 -0.01890525]
 [-0.52515177 -0.65273949 -0.54602818 -0.45707287]
 [ 0.          0.          0.          1.        ]]"
single_object,98,130,37,78,30,0.3148643430255009,0.3400792345428281,0.0028432953714573822,0.0025389650605685695,"[[ 0.17503805 -0.64498028  0.74388314 -0.1570767 ]
 [-0.9410616  -0.33170062 -0.06616466 -0.07075227]
 [ 0.2894214  -0.68845852 -0.6650264  -0.47058001]
 [ 0.          0.          0.          1.        ]]","[[ 0.24788353 -0.6500056   0.71836375 -0.15465145]
 [-0.92692104 -0.37476231 -0.0192509  -0.07314987]
 [ 0.28172885 -0.66109449 -0.69540127 -0.47033618]
 [ 0.          0.          0.          1.        ]]"
single_object,98,130,28,9,30,0.6775884665792923,0.6296085247022623,0.002954105554097116,0.002445844505870976,"[[ 0.96430515 -0.11623089 -0.23792008 -0.14666293]
 [ 0.23673987  0.78093167  0.57801381 -0.01330488]
 [ 0.11861626 -0.61370686  0.78057291 -0.43705161]
 [ 0.          0.          0.          1.        ]]","[[-0.55649632  0.78584161 -0.26974955 -0.16366426]
 [-0.68164256 -0.24619196  0.68902318 -0.00657902]
 [ 0.47505292  0.56731163  0.672668   -0.45105373]
 [ 0.          0.          0.          1.        ]]"
single_object,98,131,28,18,30,0.7236309761239956,0.8387942332896461,0.0030359166769495906,0.0024543803601341434,"[[ 0.29276626  0.74083224 -0.60452917 -0.16249637]
 [-0.39038968  0.6697463   0.6316928  -0.01450602]
 [ 0.87285956  0.0510636   0.48529238 -0.44716824]
 [ 0.          0.          0.          1.        ]]","[[-0.12393579  0.71217761 -0.69097248 -0.16683353]
 [-0.57718333  0.51468284  0.63400393 -0.01718493]
 [ 0.80715508  0.47739358  0.34726942 -0.45159201]
 [ 0.          0.          0.          1.        ]]"
single_object,98,131,37,85,30,0.31517184170254153,0.37080049771878887,0.0028343689518824998,0.0026395349979461643,"[[ 0.34662987 -0.5832703   0.73460431 -0.15949677]
 [-0.93516898 -0.27571281  0.22235428 -0.07903274]
 [ 0.07284717 -0.7640538  -0.64102658 -0.47744946]
 [ 0.          0.          0.          1.        ]]","[[ 0.41389936 -0.59551551  0.68851187 -0.1621936 ]
 [-0.90355589 -0.36080045  0.23110559 -0.08141246]
 [ 0.11078843 -0.71776341 -0.68741662 -0.48125461]
 [ 0.          0.          0.          1.        ]]"
single_object,98,132,37,93,30,0.338713368326206,0.4030306497518557,0.0028161820910114098,0.0024691957900908456,"[[ 0.76068198 -0.24069013  0.60285254 -0.14459882]
 [-0.44999557 -0.86486696  0.22250645 -0.08495023]
 [ 0.46783214 -0.44053762 -0.76619821 -0.47295078]
 [ 0.          0.          0.          1.        ]]","[[ 0.67171619 -0.2973854   0.67849782 -0.14388775]
 [-0.60344425 -0.750918    0.26828565 -0.09163188]
 [ 0.42971199 -0.58964742 -0.68385929 -0.47361439]
 [ 0.          0.          0.          1.        ]]"
single_object,98,132,28,8,30,0.7308108724143826,0.6183828138355462,0.002811368699110145,0.002665765268920443,"[[-7.29457699e-01  5.47869603e-01 -4.09548976e-01 -1.63577557e-01]
 [ 1.53030004e-01  7.14267351e-01  6.82937750e-01 -4.73318255e-04]
 [ 6.66688296e-01  4.35500918e-01 -6.04868305e-01 -4.51198738e-01]
 [ 0.00000000e+00  0.00000000e+00  0.00000000e+00  1.00000000e+00]]","[[-0.04258882  0.57688915 -0.81571141 -0.16754024]
 [-0.68097924  0.58065883  0.44620914 -0.00110987]
 [ 0.73106324  0.57448606  0.36811996 -0.45132829]
 [ 0.          0.          0.          1.        ]]"
single_object,98,133,37,94,30,0.2722507472932965,0.32324546975786267,0.002755432522020544,0.00241605800357493,"[[ 0.86778841  0.40729248  0.28470354 -0.13342001]
 [ 0.20713447 -0.81724339  0.53778114 -0.06941465]
 [ 0.45170631 -0.40770833 -0.79355865 -0.46211208]
 [ 0.          0.          0.          1.        ]]","[[ 0.86748529  0.24784987  0.43132322 -0.14180294]
 [ 0.06265218 -0.91457561  0.39953242 -0.05749767]
 [ 0.49350175 -0.31956516 -0.80890922 -0.45926667]
 [ 0.          0.          0.          1.        ]]"
single_object,98,133,28,8,20,0.7403270841643399,0.6304062909567497,0.002280398076881075,0.002007662041783885,"[[-0.02054741  0.67952401 -0.73336548 -0.15653719]
 [-0.50099274  0.6277833   0.59573015 -0.00629506]
 [ 0.86520754  0.37965149  0.32753727 -0.4459072 ]
 [ 0.          0.          0.          1.        ]]","[[ 0.06852007  0.7656868  -0.63955353 -0.15370479]
 [-0.54097325  0.56714675  0.62104146 -0.00349909]
 [ 0.83824396  0.30342756  0.45307701 -0.44457797]
 [ 0.          0.          0.          1.        ]]"
single_object,98,134,28,12,30,0.7223773434383726,0.7441449655251011,0.0025683991266985517,0.002410942451230376,"[[ 0.21871825 -0.21173955  0.95253802 -0.14815891]
 [-0.71216351  0.63269728  0.30416654 -0.01210157]
 [-0.6670723  -0.7448896  -0.01241074 -0.44425885]
 [ 0.          0.          0.          1.        ]]","[[-0.22751061 -0.52220602  0.82191228 -0.14943009]
 [-0.82941404  0.54615561  0.11741551 -0.0083924 ]
 [-0.51020709 -0.65499231 -0.5573812  -0.44830506]
 [ 0.          0.          0.          1.        ]]"
single_object,98,134,37,191,30,0.3644002345571304,0.3717301448819348,0.0028182487152152358,0.002474309927585662,"[[ 0.73252615 -0.31170386  0.60518273 -0.14817869]
 [-0.60846643 -0.69843899  0.37676462 -0.07989817]
 [ 0.30524423 -0.64422331 -0.70128616 -0.47728291]
 [ 0.          0.          0.          1.        ]]","[[ 0.6498706  -0.44444199  0.61655455 -0.1527966 ]
 [-0.7417175  -0.54792269  0.38682797 -0.0756878 ]
 [ 0.16590164 -0.70869742 -0.68572925 -0.48229706]
 [ 0.          0.          0.          1.        ]]"
single_object,98,135,28,17,18,0.66094934184284,0.6957661405208274,0.0027009428638536974,0.0021288082689825973,"[[ 1.76279137e-01  8.37138621e-01 -5.17807489e-01 -1.65253091e-01]
 [-9.59267444e-01  2.64072300e-01  1.00358309e-01 -7.33684629e-04]
 [ 2.20752431e-01  4.79024791e-01  8.49590262e-01 -4.45700543e-01]
 [ 0.00000000e+00  0.00000000e+00  0.00000000e+00  1.00000000e+00]]","[[-0.31930879  0.87164427 -0.37185773 -0.15995932]
 [-0.62066902  0.10416409  0.77712278  0.00165058]
 [ 0.71610884  0.47894271  0.50774208 -0.44407179]
 [ 0.          0.          0.          1.        ]]"
single_object,98,135,37,55,30,0.25802714569716384,0.361554084011499,0.0029128421106435778,0.0023717382007470947,"[[-0.25958683  0.47055667  0.84332147 -0.16342969]
 [ 0.93754945  0.33217747  0.10324315 -0.05088417]
 [-0.23155064  0.81745614 -0.52739905 -0.49294116]
 [ 0.          0.          0.          1.        ]]","[[-0.54295531  0.37371405  0.75202217 -0.15901491]
 [ 0.71407747  0.6767259   0.17926357 -0.06444759]
 [-0.44191956  0.63433419 -0.6342927  -0.48662081]
 [ 0.          0.          0.          1.        ]]"
single_object,98,136,28,16,30,0.5505726822041141,0.9429027295002564,0.002722818633357644,0.0022664789837570725,"[[ 0.9706379  -0.01051074 -0.24031561 -0.15902845]
 [ 0.12490337 -0.83178293  0.54086625  0.02443434]
 [-0.20557532 -0.55500151 -0.80604721 -0.4280603 ]
 [ 0.          0.          0.          1.        ]]","[[ 0.89289545 -0.41872342 -0.16555487 -0.16737813]
 [-0.24962839 -0.7663531   0.59193631  0.02756102]
 [-0.37473108 -0.48721004 -0.78879845 -0.42771585]
 [ 0.          0.          0.          1.        ]]"
single_object,98,137,37,131,30,0.3865186859079792,0.46003947424877356,0.002899388309105969,0.002811757936070748,"[[-0.63703076  0.36292114  0.68005886 -0.16683806]
 [ 0.57918766  0.80751909  0.11160005 -0.05140632]
 [-0.5086585   0.46497436 -0.72461395 -0.4575795 ]
 [ 0.          0.          0.          1.        ]]","[[-0.53294159  0.47830409  0.69799603 -0.16918602]
 [ 0.66596432  0.74597871 -0.00269999 -0.04701617]
 [-0.52198159  0.46340152 -0.71609654 -0.45569072]
 [ 0.          0.          0.          1.        ]]"
single_object,98,137,28,10,30,0.6806085816855661,0.7822098125249302,0.0027104382574167493,0.002103889735461432,"[[-0.30030292  0.78660756 -0.53950599 -0.17667292]
 [-0.9292081  -0.11353571  0.35168444  0.01918541]
 [ 0.21538445  0.6069252   0.76501722 -0.42642989]
 [ 0.          0.          0.          1.        ]]","[[ 0.15707896  0.54095226 -0.82625471 -0.16904137]
 [-0.50154885  0.76441463  0.40511606  0.01381611]
 [ 0.85074964  0.35077189  0.39138744 -0.42252436]
 [ 0.          0.          0.          1.        ]]"
single_object,98,138,28,27,16,0.7369080859308222,0.7601572739187418,0.002528868668237906,0.002395733787514508,"[[ 0.46993243 -0.24076304 -0.84923299 -0.15944487]
 [ 0.28625973  0.95165459 -0.11139525  0.01075212]
 [ 0.83499634 -0.19075296  0.51613412 -0.41764042]
 [ 0.          0.          0.          1.        ]]","[[ 0.3099213   0.01043943 -0.9507049  -0.1672936 ]
 [-0.06641514  0.99773476 -0.01069489  0.00893741]
 [ 0.94843968  0.06645577  0.30991259 -0.42203533]
 [ 0.          0.          0.          1.        ]]"
single_object,98,138,37,75,30,0.3419599822651926,0.37337490524750067,0.0029279861902715217,0.0028521760202022107,"[[-0.4353271  -0.58083179 -0.68784064 -0.19179482]
 [ 0.85483942 -0.50633778 -0.11345315 -0.04874948]
 [-0.2823825  -0.63738253  0.71694047 -0.43141144]
 [ 0.          0.          0.          1.        ]]","[[-0.50448745 -0.68601841 -0.52428155 -0.19241943]
 [ 0.86316024 -0.41557935 -0.28678947 -0.04727533]
 [-0.02113773 -0.59722068  0.80179839 -0.43177615]
 [ 0.          0.          0.          1.        ]]"
single_object,98,139,28,28,22,0.7941763063422417,0.9767508120120805,0.0024963474811358806,0.0022531926444255158,"[[ 0.62167187 -0.40408486 -0.6709989  -0.16693355]
 [-0.10543209 -0.8920284   0.43951041  0.0168506 ]
 [-0.77614958 -0.20248644 -0.59715247 -0.43276643]
 [ 0.          0.          0.          1.        ]]","[[ 0.90509137 -0.32182237 -0.2779208  -0.16625452]
 [-0.20333093 -0.90158894  0.38182969  0.02141582]
 [-0.37345166 -0.28908086 -0.88145681 -0.43438694]
 [ 0.          0.          0.          1.        ]]"
single_object,98,139,37,73,30,0.3694489337662152,0.3910882592714427,0.002965098189943489,0.002827949388002632,"[[-0.38153398  0.62636394  0.6797794  -0.15495817]
 [ 0.7863407   0.60651386 -0.1175127  -0.02808694]
 [-0.48590135  0.48970313 -0.72394111 -0.43833574]
 [ 0.          0.          0.          1.        ]]","[[-0.5106168   0.46715865  0.72182635 -0.15768953]
 [ 0.6474553   0.76131273 -0.03470678 -0.03961695]
 [-0.56574916  0.44962844 -0.69120341 -0.44554384]
 [ 0.          0.          0.          1.        ]]"
single_object,98,140,28,10,30,0.6198643797367371,0.944897145136475,0.0025166500527871254,0.0023010626226761624,"[[ 0.57098019 -0.8177988  -0.07201914 -0.156559  ]
 [-0.82037265 -0.56504069 -0.08785066  0.01394344]
 [ 0.03115042  0.10924352 -0.9935268  -0.43886167]
 [ 0.          0.          0.          1.        ]]","[[ 0.92628567 -0.26433567 -0.26855449 -0.16560561]
 [-0.20852748 -0.95318832  0.21897105  0.01853587]
 [-0.31386486 -0.14682876 -0.93804593 -0.43560274]
 [ 0.          0.          0.          1.        ]]"
single_object,98,140,37,63,30,0.3632489023012343,0.40906620518028003,0.0030084954064988822,0.002772336383682973,"[[-0.31028241 -0.67903163 -0.66531261 -0.1991356 ]
 [ 0.89743172 -0.44008892  0.03062773 -0.05465969]
 [-0.3135939  -0.58756939  0.74593637 -0.44499654]
 [ 0.          0.          0.          1.        ]]","[[-0.46919509 -0.65800592 -0.58896874 -0.19665698]
 [ 0.85513987 -0.50501579 -0.11702497 -0.05442961]
 [-0.22043539 -0.55855819  0.79963803 -0.43746568]
 [ 0.          0.          0.          1.        ]]"
single_object,98,141,37,267,30,0.3740399605257512,0.3916675009654028,0.002723505294045927,0.002709114097366765,"[[ 0.69744865 -0.33882313  0.63147784 -0.17071706]
 [-0.4930903  -0.86631248  0.07977866 -0.06607634]
 [ 0.52002628 -0.36701712 -0.77127887 -0.45148722]
 [ 0.          0.          0.          1.        ]]","[[ 0.72028532 -0.33203443  0.60905024 -0.1695225 ]
 [-0.48192089 -0.87104145  0.09507392 -0.06211098]
 [ 0.49894019 -0.36199438 -0.7874127  -0.44943113]
 [ 0.          0.          0.          1.        ]]"
single_object,98,141,28,10,22,0.7242008091629153,0.7818679127015784,0.0025552692718108583,0.001950790790766671,"[[-0.99757681  0.06738113 -0.0173289  -0.16380759]
 [ 0.06954548  0.97284598 -0.22075805  0.01376528]
 [ 0.00198342 -0.22142826 -0.97517465 -0.43720294]
 [ 0.          0.          0.          1.        ]]","[[-0.33891551  0.36398574  0.86755441 -0.16234912]
 [ 0.04440583  0.92729001 -0.37170062  0.02076236]
 [-0.93976827 -0.08745063 -0.33043605 -0.43885555]
 [ 0.          0.          0.          1.        ]]"
single_object,98,142,37,60,30,0.34972611164347317,0.3490539052331984,0.0027315687108103444,0.002498570692071323,"[[ 0.95274689 -0.1646808   0.25525204 -0.15062153]
 [-0.19496879 -0.975889    0.09812154 -0.06438936]
 [ 0.23293892 -0.14325117 -0.96188282 -0.43744004]
 [ 0.          0.          0.          1.        ]]","[[ 0.87762378 -0.13180991  0.46087162 -0.15487463]
 [-0.1999361  -0.97448224  0.10202899 -0.06791696]
 [ 0.43566278 -0.18168794 -0.88158235 -0.4388758 ]
 [ 0.          0.          0.          1.        ]]"
single_object,98,142,28,11,30,0.6093794518206166,0.802210952191008,0.0027004682730878316,0.002211295112647968,"[[ 0.99712407  0.07556068 -0.00584493 -0.15587555]
 [-0.06922338  0.93945539  0.33560645  0.01604389]
 [ 0.0308497  -0.33423666  0.94198416 -0.42314782]
 [ 0.          0.          0.          1.        ]]","[[-0.12756605  0.46535902 -0.87588121 -0.17182884]
 [-0.10337808  0.87204758  0.4783785   0.01948738]
 [ 0.98642784  0.15157178 -0.06313575 -0.43575444]
 [ 0.          0.          0.          1.        ]]"
single_object,98,143,28,15,21,0.7599863240070659,0.8117271639409653,0.002345913840478119,0.002051870096749783,"[[ 0.15556268 -0.0487688   0.98662144 -0.1558499 ]
 [-0.53540544  0.83518862  0.12570197  0.0145925 ]
 [-0.83014533 -0.54779702  0.1038131  -0.43684235]
 [ 0.          0.          0.          1.        ]]","[[-0.10461628  0.46030485  0.88157523 -0.16295728]
 [-0.04995752  0.88288796 -0.46691873  0.01697164]
 [-0.99325711 -0.09288861 -0.06936876 -0.44300857]
 [ 0.          0.          0.          1.        ]]"
single_object,98,143,37,82,30,0.35868648006979503,0.3558188761280911,0.002882928836666348,0.00292337817612373,"[[ 0.45943473 -0.41641112  0.78455179 -0.15092722]
 [-0.31773912 -0.90189426 -0.29262365 -0.03168076]
 [ 0.8294345  -0.11484133 -0.54667164 -0.44760764]
 [ 0.          0.          0.          1.        ]]","[[ 0.54430495 -0.60719929  0.57882739 -0.16286611]
 [-0.70162898 -0.70773378 -0.08264177 -0.02968804]
 [ 0.45983572 -0.36113974 -0.81125162 -0.44416726]
 [ 0.          0.          0.          1.        ]]"
single_object,98,144,37,44,30,0.26196741944249774,0.33820563795248787,0.0027677602121499558,0.0025670925313630616,"[[ 0.00546542 -0.47704644  0.8788611  -0.17394436]
 [-0.59422429 -0.70842157 -0.38083641 -0.04903259]
 [ 0.80428081 -0.52015918 -0.2873444  -0.4584973 ]
 [ 0.          0.          0.          1.        ]]","[[ 0.34899235 -0.54090871  0.7652595  -0.17596984]
 [-0.70472395 -0.68975185 -0.16615216 -0.04530064]
 [ 0.61771231 -0.48131087 -0.62190944 -0.45301477]
 [ 0.          0.          0.          1.        ]]"
single_object,98,144,28,10,30,0.6983873724998575,0.793891389822782,0.0029196725429283693,0.002170268681226815,"[[-0.94495188  0.0665579  -0.32036853 -0.16192996]
 [ 0.26301979  0.73693263 -0.62269647  0.00988668]
 [ 0.19464465 -0.67268146 -0.71387192 -0.43327682]
 [ 0.          0.          0.          1.        ]]","[[-0.17457779  0.34346704  0.92279629 -0.16223079]
 [-0.20997641  0.90264422 -0.37569046  0.01447954]
 [-0.96199403 -0.25935266 -0.08546165 -0.44349689]
 [ 0.          0.          0.          1.        ]]"
single_object,98,145,28,22,27,0.8936121716337113,0.8002735198586814,0.0027810797005410897,0.0024858126414993202,"[[ 0.16639157  0.18531825 -0.96848902 -0.1651384 ]
 [ 0.08012668  0.97639168  0.2005966   0.01148607]
 [ 0.98279884 -0.1109794   0.14761441 -0.43546406]
 [ 0.          0.          0.          1.        ]]","[[ 0.00888239  0.56387553 -0.82581202 -0.1710603 ]
 [-0.13324548  0.81914743  0.55789168  0.01658616]
 [ 0.99104326  0.10508031  0.08240986 -0.44110986]
 [ 0.          0.          0.          1.        ]]"
single_object,98,145,37,53,30,0.3115819734263934,0.3586793289377708,0.002683412997169394,0.002693606071404728,"[[ 0.91258823 -0.40253932  0.07172741 -0.13845961]
 [-0.40853534 -0.89048008  0.20035993 -0.03784321]
 [-0.01678093 -0.2121493  -0.97709318 -0.43792929]
 [ 0.          0.          0.          1.        ]]","[[ 0.89523467 -0.43713643 -0.08640961 -0.14522893]
 [-0.39865428 -0.87235818  0.28295932 -0.03834085]
 [-0.19907196 -0.21886743 -0.9552316  -0.44162999]
 [ 0.          0.          0.          1.        ]]"
single_object,98,146,28,16,30,0.7298421562482192,0.7719528178243774,0.0027794056401717767,0.002070933899269731,"[[-0.69466874  0.68170177  0.22960408 -0.16935   ]
 [ 0.62938904  0.73056463 -0.26484855  0.01492602]
 [-0.34828834 -0.03947172 -0.93655604 -0.4481574 ]
 [ 0.          0.          0.          1.        ]]","[[-0.37820585  0.32811933  0.86562003 -0.16115063]
 [-0.24132003  0.86779963 -0.43438283  0.01304636]
 [-0.89371415 -0.37317758 -0.24902513 -0.44786534]
 [ 0.          0.          0.          1.        ]]"
single_object,98,146,37,60,30,0.3370042477724224,0.40158612108296743,0.002852807055450858,0.0028151903460565076,"[[-0.79019345  0.59907462  0.12924363 -0.16120691]
 [ 0.61217096  0.76157791  0.2127106  -0.0613696 ]
 [ 0.02900043  0.24720172 -0.96852996 -0.44397011]
 [ 0.          0.          0.          1.        ]]","[[-0.75832585  0.62513559  0.18479015 -0.17551664]
 [ 0.64982615  0.70247157  0.29027516 -0.06866568]
 [ 0.05165151  0.34020463 -0.9389318  -0.44989132]
 [ 0.          0.          0.          1.        ]]"
single_object,98,147,28,23,30,0.6901247934355234,0.9376032822383041,0.0027969391123545424,0.002308206200644864,"[[ 0.64736324 -0.7549465   0.10476935 -0.15813671]
 [-0.76207428 -0.6388207   0.10559789  0.0143154 ]
 [-0.01279193 -0.14820222 -0.98887434 -0.44755101]
 [ 0.          0.          0.          1.        ]]","[[ 0.86144357 -0.43954881 -0.25438516 -0.16608924]
 [-0.41864491 -0.89817207  0.13425115  0.00928537]
 [-0.28749158 -0.00915274 -0.95773943 -0.44970023]
 [ 0.          0.          0.          1.        ]]"
single_object,98,147,37,77,30,0.3844877644131066,0.4057909867131967,0.0026367694189080894,0.0026839578677556246,"[[-0.98326964  0.18205879  0.00595043 -0.16268791]
 [ 0.18212898  0.98316176  0.01489935 -0.06805777]
 [-0.00313767  0.01573382 -0.99987129 -0.44061642]
 [ 0.          0.          0.          1.        ]]","[[-0.88599833  0.42088145  0.19459127 -0.17586965]
 [ 0.44272371  0.89260475  0.08516149 -0.06404561]
 [-0.1378502   0.1616031  -0.97718052 -0.44483295]
 [ 0.          0.          0.          1.        ]]"
single_object,98,148,37,50,30,0.34029376850355414,0.3792745891674652,0.002764406979329578,0.0026650819751683234,"[[ 0.73414992 -0.45428489  0.50462773 -0.19456608]
 [-0.65789078 -0.65975347  0.36318739 -0.09899953]
 [ 0.16793935 -0.59862392 -0.78322779 -0.4650695 ]
 [ 0.          0.          0.          1.        ]]","[[ 0.3159385  -0.58896558  0.743843   -0.1890946 ]
 [-0.79001246 -0.59746854 -0.13751969 -0.08639638]
 [ 0.52541715 -0.54419747 -0.65405346 -0.45442679]
 [ 0.          0.          0.          1.        ]]"
single_object,98,148,28,10,30,0.7301270727676791,0.676505783805345,0.0026600487048888195,0.0027410689466982824,"[[ 0.53841208  0.71801122 -0.44110353 -0.1676823 ]
 [-0.68134341  0.67894351  0.27350844  0.01333557]
 [ 0.49586651  0.15328273  0.8547636  -0.44378313]
 [ 0.          0.          0.          1.        ]]","[[-0.09020895  0.78745297 -0.60973779 -0.17158172]
 [-0.32522602  0.5553776   0.76536512  0.01785478]
 [ 0.94132374  0.26734537  0.20600017 -0.44897975]
 [ 0.          0.          0.          1.        ]]"
single_object,98,149,28,6,30,0.6127414667502422,0.7961137386745684,0.002881394609129201,0.0026416422309195305,"[[-0.56914076 -0.81897258  0.07323054 -0.16140403]
 [ 0.82203491 -0.56474796  0.07292696  0.00775615]
 [-0.01836838  0.10170377  0.99464514 -0.4401701 ]
 [ 0.          0.          0.          1.        ]]","[[-0.85386084 -0.07623269  0.51488858 -0.16308948]
 [ 0.2869849  -0.89422107  0.34352342  0.02126579]
 [ 0.4342365   0.44108644  0.78541799 -0.44544848]
 [ 0.          0.          0.          1.        ]]"
single_object,98,150,28,9,30,0.8026668186221437,0.7073907345147872,0.002708716261603789,0.0026068062484392186,"[[-0.18532413  0.57007092 -0.80042121 -0.16844186]
 [ 0.15384586  0.82131839  0.54933374  0.01742392]
 [ 0.97055985 -0.02133669 -0.23991317 -0.45022182]
 [ 0.          0.          0.          1.        ]]","[[-0.27119907  0.84067535 -0.46873876 -0.17492447]
 [-0.29405846  0.39134148  0.87199855  0.01743805]
 [ 0.9165046   0.3743218   0.14107625 -0.45316799]
 [ 0.          0.          0.          1.        ]]"
single_object,98,150,37,94,30,0.32575551709835665,0.3767430884308986,0.0025292558129751284,0.0026192420335796355,"[[-0.91002624  0.23668077  0.34034461 -0.17354923]
 [ 0.23877821  0.97039274 -0.03637158 -0.07561016]
 [-0.33887639  0.04816779 -0.93959707 -0.43866308]
 [ 0.          0.          0.          1.        ]]","[[-0.90442509  0.34326962  0.25334015 -0.18358824]
 [ 0.35569834  0.93459429  0.00349207 -0.06152882]
 [-0.23557154  0.09327099 -0.96737096 -0.44035727]
 [ 0.          0.          0.          1.        ]]"
single_object,98,151,37,99,30,0.36457186172571115,0.39738125545273817,0.0029160481463991676,0.0030031548173118836,"[[-0.61476334  0.76535882  0.19050438 -0.1776914 ]
 [ 0.67782414  0.63618542 -0.36854111 -0.00758305]
 [-0.4032623  -0.0974371  -0.90988215 -0.43326246]
 [ 0.          0.          0.          1.        ]]","[[-0.35121658  0.9344844   0.05818786 -0.18467605]
 [ 0.93618654  0.34955471  0.0369631  -0.01615437]
 [ 0.0142016   0.06745675 -0.99762112 -0.43284146]
 [ 0.          0.          0.          1.        ]]"
single_object,98,151,28,11,12,0.7405550173799077,0.9790871274716508,0.0026894666176149463,0.0019973457405163004,"[[ 0.74774093 -0.64873309 -0.14152343 -0.15348662]
 [-0.66389505 -0.72683834 -0.17592439  0.05268903]
 [ 0.01126331  0.22550257 -0.97417746 -0.44374271]
 [ 0.          0.          0.          1.        ]]","[[ 0.60437995 -0.70566093 -0.36982094 -0.15783063]
 [-0.70372557 -0.69046397  0.16742109  0.05821965]
 [-0.37349056  0.1590665  -0.91389422 -0.44554613]
 [ 0.          0.          0.          1.        ]]"
single_object,98,152,37,88,30,0.3766429725825598,0.3578569487549879,0.0028444821736975773,0.002796940997223872,"[[ 0.49142978 -0.79457255  0.35658273 -0.17859383]
 [-0.76669154 -0.58891755 -0.25565642 -0.00288184]
 [ 0.4131354  -0.14775178 -0.89860367 -0.43697235]
 [ 0.          0.          0.          1.        ]]","[[ 2.64031872e-01 -9.41656132e-01  2.08736439e-01 -1.72689523e-01]
 [-9.62812751e-01 -2.70168019e-01 -9.20390113e-04 -6.10051470e-03]
 [ 5.72606011e-02 -2.00731092e-01 -9.77971499e-01 -4.32110798e-01]
 [ 0.00000000e+00  0.00000000e+00  0.00000000e+00  1.00000000e+00]]"
single_object,98,152,28,11,29,0.6232263946663628,0.8075673827568522,0.002707413326925155,0.002453091671315393,"[[-0.35369793  0.82693348 -0.43712561 -0.16206135]
 [ 0.92046089  0.39079603 -0.00549679  0.05398172]
 [ 0.16628147 -0.40430123 -0.89938367 -0.44332576]
 [ 0.          0.          0.          1.        ]]","[[-0.1361643   0.89652729 -0.42154252 -0.16644907]
 [-0.11946089  0.40754202  0.90533894  0.06170252]
 [ 0.98345736  0.17363269  0.05160728 -0.44189891]
 [ 0.          0.          0.          1.        ]]"
single_object,98,153,28,18,19,0.8270556726879025,0.8730411989287139,0.002454344610858603,0.0020860125540902367,"[[-0.49371967  0.23721803  0.8366412  -0.15943555]
 [-0.28080433  0.86705049 -0.41154874  0.04893645]
 [-0.82303695 -0.43812218 -0.36146803 -0.43900174]
 [ 0.          0.          0.          1.        ]]","[[-0.49561859  0.49587348  0.71307202 -0.15935535]
 [-0.16620037  0.75168249 -0.63824045  0.0506721 ]
 [-0.85249026 -0.43483667 -0.29013346 -0.44175287]
 [ 0.          0.          0.          1.        ]]"
single_object,98,154,28,25,24,0.7990768704769503,0.8201606929169754,0.002589593923989025,0.0020804512214286468,"[[-0.89724846  0.39641681 -0.19441945 -0.16207517]
 [ 0.43947674  0.84421613 -0.3068539   0.04885425]
 [ 0.04248999 -0.36076701 -0.93168759 -0.43595473]
 [ 0.          0.          0.          1.        ]]","[[-0.49430269  0.43321132  0.75365297 -0.15988553]
 [-0.13457797  0.81838672 -0.5586877   0.04875252]
 [-0.85880942 -0.37758592 -0.34623006 -0.43720848]
 [ 0.          0.          0.          1.        ]]"
single_object,98,154,37,140,30,0.36929160886168283,0.4635935868648007,0.003109304866248484,0.002908895908570729,"[[ 0.29621718 -0.67267873  0.67805509 -0.1863581 ]
 [-0.43079625 -0.72769939 -0.53373045 -0.01132397]
 [ 0.85244939 -0.13400346 -0.50534454 -0.43301323]
 [ 0.          0.          0.          1.        ]]","[[ 0.345558   -0.75256563  0.56056635 -0.17396852]
 [-0.67850952 -0.61303367 -0.4047401  -0.01028371]
 [ 0.64823954 -0.24048843 -0.72246164 -0.43427239]
 [ 0.          0.          0.          1.        ]]"
single_object,98,155,37,79,30,0.27518986255524247,0.32703556973068837,0.0030304575872568814,0.0025858200594636553,"[[ 0.5607243  -0.15910182  0.81257299 -0.17170056]
 [ 0.30280876 -0.873982   -0.38008199  0.0082494 ]
 [ 0.7706459   0.45917543 -0.44188552 -0.44187927]
 [ 0.          0.          0.          1.        ]]","[[ 0.7490503  -0.04696083  0.66084667 -0.17339189]
 [ 0.18107627 -0.94499263 -0.27239735  0.01298734]
 [ 0.63728724  0.32370297 -0.69934352 -0.4374527 ]
 [ 0.          0.          0.          1.        ]]"
single_object,98,156,28,5,23,0.3628696791839991,0.5936520599464357,0.003087472625075448,0.0027553773767243425,"[[-0.92396131  0.27016108 -0.27075542 -0.16391539]
 [ 0.04361111 -0.62885483 -0.7762987   0.06161132]
 [-0.37999155 -0.72907791  0.56925551 -0.41622747]
 [ 0.          0.          0.          1.        ]]","[[-0.3889118  -0.88332339  0.26170098 -0.15051995]
 [ 0.69383485 -0.46771254 -0.54757482  0.06067742]
 [ 0.60608647 -0.03138105  0.79477948 -0.42404094]
 [ 0.          0.          0.          1.        ]]"
single_object,98,156,37,132,30,0.4126989802485733,0.49201218552896925,0.0028933600282790503,0.002912260010037929,"[[ 0.33269027 -0.79301887  0.51033151 -0.17450211]
 [-0.69651348 -0.57145801 -0.43394092 -0.02193918]
 [ 0.63575637 -0.21108486 -0.74246685 -0.42749744]
 [ 0.          0.          0.          1.        ]]","[[ 0.2834421  -0.78366818  0.55274294 -0.17918933]
 [-0.67939195 -0.57088221 -0.460999   -0.02168811]
 [ 0.67682136 -0.24486258 -0.69422991 -0.43274039]
 [ 0.          0.          0.          1.        ]]"
single_object,98,157,28,21,30,0.6011738560601744,0.7824377457404981,0.002549943403556254,0.0021549679413385226,"[[ 0.64520635  0.58837252 -0.48736695 -0.17718755]
 [ 0.48701615 -0.80823995 -0.3310037   0.04645414]
 [-0.58866293 -0.02378988 -0.80802847 -0.42700002]
 [ 0.          0.          0.          1.        ]]","[[ 0.74250425  0.43452242 -0.50978202 -0.17520111]
 [ 0.03441748 -0.78479197 -0.61880288  0.04391838]
 [-0.66895656  0.44191836 -0.59766654 -0.43327188]
 [ 0.          0.          0.          1.        ]]"
single_object,98,157,37,50,30,0.3730960110985569,0.4497561463979748,0.0029470875051551848,0.0027496696256617036,"[[ 0.00205076 -0.82307245  0.56793269 -0.17211666]
 [-0.82313505 -0.32388676 -0.46641833 -0.01554924]
 [ 0.56784195 -0.46652879 -0.678164   -0.42688708]
 [ 0.          0.          0.          1.        ]]","[[-0.12630803 -0.77599295  0.6179654  -0.17054692]
 [-0.85416438 -0.23169643 -0.46553192 -0.02194191]
 [ 0.50442987 -0.58664445 -0.63356041 -0.4263629 ]
 [ 0.          0.          0.          1.        ]]"
single_object,98,158,28,9,8,0.8613026383269702,0.9888882557410679,0.0023659332516415936,0.0017636802903519772,"[[ 0.61748593 -0.78114748  0.09230243 -0.16562421]
 [-0.78658043 -0.61298974  0.07439622  0.04383529]
 [-0.00153398 -0.11854191 -0.99294787 -0.42790195]
 [ 0.          0.          0.          1.        ]]","[[ 0.71995886 -0.59054364 -0.36457845 -0.16523223]
 [-0.48453126 -0.80380089  0.34515735  0.04601314]
 [-0.49687896 -0.07184944 -0.86484042 -0.4257542 ]
 [ 0.          0.          0.          1.        ]]"
single_object,98,158,37,98,30,0.3531014459588953,0.3732175803429683,0.0029291457184208326,0.0028873040707123893,"[[-0.08033652  0.84788292  0.52406164 -0.16218282]
 [ 0.83812565  0.34204368 -0.42491355 -0.01100176]
 [-0.53952891  0.40509342 -0.73811102 -0.42639357]
 [ 0.          0.          0.          1.        ]]","[[-0.11745721  0.82588481  0.55146903 -0.1644418 ]
 [ 0.80662258  0.40326512 -0.43213107 -0.00708398]
 [-0.57927871  0.39407046 -0.71354373 -0.42809348]
 [ 0.          0.          0.          1.        ]]"
single_object,98,159,37,200,30,0.3154721892475579,0.3442054377207912,0.0028691227533135895,0.0029109112294539285,"[[-0.36839136  0.57953946  0.72692628 -0.17957326]
 [ 0.4347427   0.79854657 -0.41631978 -0.01302426]
 [-0.82175823  0.16265728 -0.54612821 -0.43572792]
 [ 0.          0.          0.          1.        ]]","[[-0.35013379  0.6186685   0.70331757 -0.18859579]
 [ 0.34284872  0.78338708 -0.51842013 -0.01661335]
 [-0.87170011  0.05961512 -0.48639999 -0.43768003]
 [ 0.          0.          0.          1.        ]]"
single_object,98,159,28,15,25,0.7954299390278649,0.854635591771611,0.0028252073322216167,0.002094191469093478,"[[-0.66505427  0.74017426 -0.09922137 -0.1680667 ]
 [ 0.74678612  0.65850128 -0.09320168  0.0496047 ]
 [-0.00364808 -0.13608132 -0.99069095 -0.42154186]
 [ 0.          0.          0.          1.        ]]","[[-0.67321348  0.48122422  0.56143286 -0.16220223]
 [ 0.15217534  0.83317041 -0.53166695  0.0476211 ]
 [-0.72362026 -0.27248912 -0.63413201 -0.42299525]
 [ 0.          0.          0.          1.        ]]"
single_object,98,160,37,67,30,0.3381341266322459,0.36621662209127703,0.003149790034053538,0.0030419873576022034,"[[ 0.24540282 -0.7441944   0.62125048 -0.18045518]
 [-0.78556787 -0.52816386 -0.32237564 -0.01945595]
 [ 0.56803219 -0.40892253 -0.71422811 -0.43105439]
 [ 0.          0.          0.          1.        ]]","[[ 0.26351782 -0.66480293  0.69899602 -0.19011218]
 [-0.75389349 -0.59399985 -0.28072902 -0.0295746 ]
 [ 0.601833   -0.45299145 -0.65772014 -0.43307192]
 [ 0.          0.          0.          1.        ]]"
single_object,98,160,28,19,15,0.6909225596900108,0.6914923927289304,0.002698622863965423,0.002298313303155231,"[[-0.25586144  0.9582949   0.12730203 -0.17446583]
 [ 0.21334169  0.18441234 -0.95941514  0.03399742]
 [-0.9428787  -0.21831851 -0.25162826 -0.41676335]
 [ 0.          0.          0.          1.        ]]","[[ 0.59805451  0.78203636 -0.17535659 -0.18099684]
 [ 0.32068936 -0.43402218 -0.84189256  0.0417317 ]
 [-0.73449924  0.44726265 -0.51035966 -0.42656891]
 [ 0.          0.          0.          1.        ]]"
single_object,98,161,28,13,30,0.6369593709043251,0.7965696051057041,0.0022789662853841507,0.0018648059276295949,"[[ 0.25126181  0.91548178  0.31426201 -0.16443902]
 [ 0.2196589   0.26227472 -0.93966055  0.03786402]
 [-0.94266509  0.30513126 -0.1351941  -0.41354803]
 [ 0.          0.          0.          1.        ]]","[[-0.55429713  0.46220883  0.69218328 -0.16400004]
 [ 0.2086166   0.88223839 -0.42205987  0.04959459]
 [-0.80575046 -0.08954565 -0.58544664 -0.41709135]
 [ 0.          0.          0.          1.        ]]"
single_object,98,161,37,67,30,0.26678728242680816,0.3043021210257584,0.0026256269518674887,0.002575114924004722,"[[-0.15953413  0.98674735  0.0296399  -0.19402144]
 [ 0.98587881  0.15770164  0.0563309  -0.00787225]
 [ 0.0509101   0.03820805 -0.9979721  -0.42396128]
 [ 0.          0.          0.          1.        ]]","[[-2.84152618e-01  9.58778949e-01  4.64250339e-04 -1.89053889e-01]
 [ 9.51429007e-01  2.81914414e-01  1.23721901e-01 -1.11447172e-02]
 [ 1.18491076e-01  3.55976034e-02 -9.92316822e-01 -4.23175838e-01]
 [ 0.00000000e+00  0.00000000e+00  0.00000000e+00  1.00000000e+00]]"
single_object,98,162,28,11,30,0.713316998119551,0.755712576215169,0.0024931465073970735,0.002448640877694113,"[[-0.13517923  0.94008588 -0.31299381 -0.17944889]
 [-0.15181208  0.29251199  0.94413443  0.03691962]
 [ 0.97912189  0.17514361  0.10317485 -0.40562732]
 [ 0.          0.          0.          1.        ]]","[[ 0.48693033  0.73258984 -0.47561642 -0.16326575]
 [-0.53817951  0.68052946  0.49723482  0.04104963]
 [ 0.68794016  0.0138483   0.72563528 -0.40442104]
 [ 0.          0.          0.          1.        ]]"
single_object,98,163,28,24,30,0.676562767109237,0.6932588751495812,0.0024852526351604094,0.0022548792328624854,"[[ 0.43524631  0.82651704 -0.35697372 -0.17735405]
 [ 0.60629977 -0.56219657 -0.56243721  0.04158319]
 [-0.66555333  0.02836563 -0.74581107 -0.4137779 ]
 [ 0.          0.          0.          1.        ]]","[[ 0.54320874  0.79814096 -0.26056721 -0.18145212]
 [ 0.48506376 -0.55164766 -0.67852635  0.04340795]
 [-0.68530096  0.24218973 -0.68680909 -0.41602722]
 [ 0.          0.          0.          1.        ]]"
single_object,98,164,37,84,30,0.2851585405969765,0.3820778329209514,0.0031203882469035397,0.002723568719519903,"[[-0.51132879  0.77087947  0.37985223 -0.16156948]
 [ 0.8552768   0.49964384  0.13732306 -0.00393356]
 [-0.0839313   0.39509604 -0.9147976  -0.40962288]
 [ 0.          0.          0.          1.        ]]","[[-0.46572175  0.69995516  0.54144808 -0.1808165 ]
 [ 0.82111512  0.56994599 -0.03052086 -0.02149598]
 [-0.3299594   0.43037698 -0.84018001 -0.42392635]
 [ 0.          0.          0.          1.        ]]"
single_object,98,164,28,17,30,0.7280186905236765,0.7572511254202519,0.0026819917885812297,0.002304435477061328,"[[ 0.7754511   0.59349063 -0.21550979 -0.16515208]
 [-0.62933194  0.75414085 -0.18765094  0.04823393]
 [ 0.05115567  0.28114132  0.95830196 -0.39630235]
 [ 0.          0.          0.          1.        ]]","[[ 0.48791681  0.28438985 -0.82526335 -0.16364413]
 [-0.24357658  0.95224131  0.18413838  0.05034381]
 [ 0.83821694  0.11117061  0.53388524 -0.39766933]
 [ 0.          0.          0.          1.        ]]"
single_object,98,165,37,93,30,0.3053175817731947,0.33500193080564655,0.003054500334332775,0.0025935793050081766,"[[-0.03826461 -0.66862578  0.74261388 -0.18337038]
 [-0.59691272 -0.58070412 -0.55360449  0.00104272]
 [ 0.80139318 -0.46445913 -0.37689082 -0.43298509]
 [ 0.          0.          0.          1.        ]]","[[-1.38492462e-01 -6.56652456e-01  7.41368593e-01 -1.84617480e-01]
 [-6.85471011e-01 -4.76741890e-01 -5.50315059e-01 -8.10327441e-04]
 [ 7.14807199e-01 -5.84401166e-01 -3.84091065e-01 -4.38145655e-01]
 [ 0.00000000e+00  0.00000000e+00  0.00000000e+00  1.00000000e+00]]"
single_object,98,165,28,13,7,0.7741751666761639,0.9988603339221608,0.0022470929908079535,0.0018456592964923894,"[[ 0.82973115 -0.21581456 -0.51475265 -0.1638679 ]
 [ 0.06707334 -0.87699125  0.47580196  0.04971921]
 [-0.55411857 -0.42931389 -0.71319156 -0.40564882]
 [ 0.          0.          0.          1.        ]]","[[ 0.73715499 -0.55529655 -0.38503021 -0.16683057]
 [-0.21974231 -0.73583033  0.64052092  0.05088304]
 [-0.63899597 -0.38755576 -0.66444314 -0.40429256]
 [ 0.          0.          0.          1.        ]]"
single_object,98,166,28,29,30,0.7636902387600433,0.8253461735711437,0.0025947552167162134,0.002667867244575181,"[[-3.54614524e-01 -9.35012585e-01 -6.92323047e-05 -1.63454409e-01]
 [ 8.81090971e-01 -3.34139334e-01 -3.34708239e-01  7.07733319e-02]
 [ 3.12933283e-01 -1.18753403e-01  9.42321808e-01 -3.71820959e-01]
 [ 0.00000000e+00  0.00000000e+00  0.00000000e+00  1.00000000e+00]]","[[-0.65123483 -0.72038956  0.23860444 -0.16824731]
 [ 0.48719332 -0.63795238 -0.59637188  0.07004202]
 [ 0.58183835 -0.27213165  0.7664258  -0.37351831]
 [ 0.          0.          0.          1.        ]]"
single_object,98,166,37,154,30,0.5991146898554041,0.6192951844276949,0.0025757497185523543,0.0025651497658770216,"[[-0.22220846  0.82188851  0.52452138 -0.19251181]
 [ 0.7655111   0.48024261 -0.42820532  0.0112225 ]
 [-0.60383455  0.3063761  -0.73587874 -0.40260261]
 [ 0.          0.          0.          1.        ]]","[[-0.23000195  0.80306572  0.54971316 -0.19392649]
 [ 0.78011205  0.48984382 -0.38920204  0.01308508]
 [-0.5818284   0.33932063 -0.73914627 -0.40551029]
 [ 0.          0.          0.          1.        ]]"
single_object,98,167,28,10,8,0.9271753376260755,0.9911675878967463,0.0024000152931211143,0.0014165189375065202,"[[ 0.4169806  -0.60822675 -0.67541647 -0.16090278]
 [ 0.11066554 -0.70359898  0.70192707  0.07097408]
 [-0.90215316 -0.3674353  -0.22607738 -0.3853889 ]
 [ 0.          0.          0.          1.        ]]","[[ 0.55709274 -0.69282823 -0.45786103 -0.16072184]
 [-0.30180935 -0.68255237  0.66560753  0.07413417]
 [-0.77366581 -0.23261839 -0.58934701 -0.38652597]
 [ 0.          0.          0.          1.        ]]"
single_object,98,167,37,173,30,0.5958466225203449,0.5218109526738083,0.0027991470751075895,0.0026331154970254318,"[[-0.27497668  0.80259871  0.52936106 -0.18742586]
 [ 0.77265063  0.51213869 -0.37513326  0.01295811]
 [-0.57218775  0.30585826 -0.7609546  -0.40538637]
 [ 0.          0.          0.          1.        ]]","[[-0.16684012  0.78448672  0.59728131 -0.19790497]
 [ 0.65244263  0.54201879 -0.52965484  0.01667137]
 [-0.73924488  0.30132411 -0.60226306 -0.41460584]
 [ 0.          0.          0.          1.        ]]"
single_object,98,168,28,7,16,0.8864892586472164,0.8506467604991738,0.0022021074081418897,0.002138513944403215,"[[-0.76220297  0.45062705  0.46473852 -0.15740555]
 [ 0.33689214  0.88917021 -0.309645    0.07268112]
 [-0.55276606 -0.07944558 -0.82954089 -0.39197428]
 [ 0.          0.          0.          1.        ]]","[[-0.79999958  0.517439    0.30373927 -0.15721199]
 [ 0.43287761  0.84829153 -0.30498928  0.07671402]
 [-0.4154728  -0.11250936 -0.90262063 -0.39184229]
 [ 0.          0.          0.          1.        ]]"
single_object,98,168,37,132,30,0.4513579999713955,0.5344541540925929,0.002821875409162447,0.0026910324843596976,"[[-0.17023738  0.89216663  0.41839925 -0.18912969]
 [ 0.930731    0.28504144 -0.22910954  0.01741687]
 [-0.32366501  0.35041415 -0.87889185 -0.40486639]
 [ 0.          0.          0.          1.        ]]","[[-0.09166347  0.80778594  0.58230549 -0.19842704]
 [ 0.7910602   0.41425115 -0.45013302  0.01330528]
 [-0.60483185  0.41937795 -0.67697901 -0.41406046]
 [ 0.          0.          0.          1.        ]]"
single_object,98,169,28,7,30,0.682147130890649,0.637016354208217,0.0027666557774618044,0.0024772769304890366,"[[-0.86362286 -0.38742262  0.32258219 -0.16038319]
 [ 0.25193909 -0.88590663 -0.38948188  0.07514065]
 [ 0.43667179 -0.2550944   0.86269612 -0.38615436]
 [ 0.          0.          0.          1.        ]]","[[-0.55820422  0.48269894  0.67484056 -0.15995178]
 [-0.19582563 -0.86701961  0.45818045  0.07972428]
 [ 0.80626321  0.12360718  0.57849883 -0.38657235]
 [ 0.          0.          0.          1.        ]]"
single_object,98,169,37,37,30,0.3165663124472604,0.41146898554041106,0.0028428583427486413,0.002474059851172059,"[[-0.40291289 -0.80417006  0.4370031  -0.16464462]
 [-0.63645799 -0.09693924 -0.76519541  0.02405835]
 [ 0.65770999 -0.58644121 -0.47276239 -0.3986341 ]
 [ 0.          0.          0.          1.        ]]","[[-0.01735288 -0.81680198  0.5766571  -0.16969619]
 [-0.49143071 -0.49530425 -0.71635853  0.033789  ]
 [ 0.87074378 -0.29581789 -0.39280662 -0.4096142 ]
 [ 0.          0.          0.          1.        ]]"
single_object,98,170,37,39,30,0.3556043421673651,0.4973898368111672,0.0031293678764131405,0.002753066105816815,"[[ 2.36365088e-01 -7.57110140e-01  6.09028556e-01 -2.07938672e-01]
 [-7.40528109e-01 -5.46165770e-01 -3.91562347e-01  2.67313921e-04]
 [ 6.29086373e-01 -3.58451096e-01 -6.89755860e-01 -4.21092292e-01]
 [ 0.00000000e+00  0.00000000e+00  0.00000000e+00  1.00000000e+00]]","[[ 0.0389846  -0.74646684  0.66427966 -0.2050603 ]
 [-0.74980445 -0.46128427 -0.4743523   0.0071454 ]
 [ 0.66051002 -0.47958741 -0.57768714 -0.41882478]
 [ 0.          0.          0.          1.        ]]"
single_object,98,170,28,14,30,0.7351416035101715,0.6047068209014759,0.0028484062672170037,0.002506651093290635,"[[-0.58244951 -0.76165368 -0.28396522 -0.16415306]
 [ 0.81026845 -0.51609879 -0.27768163  0.08021368]
 [ 0.06494313 -0.39182358  0.91774543 -0.38779949]
 [ 0.          0.          0.          1.        ]]","[[-0.82740317 -0.147801    0.54181072 -0.1666362 ]
 [ 0.3378363  -0.90166248  0.26994706  0.08487272]
 [ 0.44863195  0.40639838  0.79597094 -0.39489023]
 [ 0.          0.          0.          1.        ]]"
single_object,98,171,28,6,18,0.6348509886603225,0.7211237107527494,0.0030809724122927875,0.00237027690370995,"[[-0.93471996 -0.35457782  0.02394102 -0.14966411]
 [ 0.35529126 -0.93389856  0.04002004  0.08513391]
 [ 0.00816827  0.04591357  0.99891202 -0.39368823]
 [ 0.          0.          0.          1.        ]]","[[-0.43568414  0.88127126  0.18314011 -0.16297003]
 [-0.30277671 -0.33509999  0.89220752  0.07798118]
 [ 0.84764709  0.33327011  0.41282616 -0.39583928]
 [ 0.          0.          0.          1.        ]]"
single_object,98,171,37,223,30,0.454390079949656,0.4652598006264392,0.002864869089880415,0.0027914556613631448,"[[-0.05354644 -0.77145337  0.63402876 -0.19617579]
 [-0.6290324  -0.4670648  -0.62142474  0.01741723]
 [ 0.77553273 -0.43209971 -0.46025951 -0.41971237]
 [ 0.          0.          0.          1.        ]]","[[ 0.10423243 -0.7726116   0.62626425 -0.19520062]
 [-0.59615164 -0.55256676 -0.58247162  0.01495213]
 [ 0.79607715 -0.31263603 -0.51818905 -0.41655039]
 [ 0.          0.          0.          1.        ]]"
single_object,98,172,37,84,30,0.4035598335216465,0.4040532616313162,0.003053879364869019,0.00286085412500737,"[[ 0.17839853 -0.86573182  0.46763487 -0.18711771]
 [-0.70183554 -0.44505851 -0.55619223  0.014305  ]
 [ 0.6896382  -0.2289789  -0.68699914 -0.41896779]
 [ 0.          0.          0.          1.        ]]","[[-0.00106819 -0.8574477   0.51457002 -0.19566843]
 [-0.65783295 -0.38695308 -0.6461603   0.01590486]
 [ 0.75316311 -0.33919133 -0.56364401 -0.41770596]
 [ 0.          0.          0.          1.        ]]"
single_object,98,172,28,12,17,0.8016981024559804,0.6192945466978176,0.002747148866628751,0.002310175371651728,"[[-0.19417917 -0.974053   -0.11625487 -0.16419523]
 [ 0.95256349 -0.15891701 -0.25955382  0.07913088]
 [ 0.2343443  -0.16114009  0.9587057  -0.39985632]
 [ 0.          0.          0.          1.        ]]","[[-0.19366442 -0.98083133 -0.02154065 -0.15985544]
 [ 0.66689541 -0.11551109 -0.73614381  0.08595267]
 [ 0.71954473 -0.15693022  0.67648229 -0.39964698]
 [ 0.          0.          0.          1.        ]]"
single_object,98,173,28,12,13,0.779759530457576,0.7786768476836287,0.0022778006887944464,0.0019663767520557564,"[[ 0.33321057  0.6795866  -0.65355395 -0.1719063 ]
 [-0.18806999 -0.63133031 -0.75236409  0.07529214]
 [-0.92390497  0.37360955 -0.08255609 -0.41427656]
 [ 0.          0.          0.          1.        ]]","[[ 0.65318337  0.19644916 -0.73127232 -0.16620609]
 [-0.1578104  -0.90923325 -0.38521524  0.07836318]
 [-0.74057232  0.36701857 -0.56289432 -0.41517584]
 [ 0.          0.          0.          1.        ]]"
single_object,98,173,37,146,30,0.37599221956835766,0.35606201461691384,0.0028097846507373976,0.0028586351334114034,"[[ 0.35678551 -0.80613078  0.47207761 -0.18691137]
 [-0.77045739 -0.5396946  -0.33930098  0.01061395]
 [ 0.5282987  -0.24265801 -0.81364463 -0.42046012]
 [ 0.          0.          0.          1.        ]]","[[ 0.44711742 -0.78482776  0.42910535 -0.18149576]
 [-0.69411578 -0.60701126 -0.38696331  0.00968666]
 [ 0.56417133 -0.12483076 -0.81616664 -0.41610608]
 [ 0.          0.          0.          1.        ]]"
single_object,98,174,28,9,14,0.716109180010257,0.984500541341387,0.0029082642353780593,0.0017258310187930827,"[[ 0.74332696 -0.66202435 -0.09585821 -0.14734031]
 [-0.66792758 -0.72671921 -0.1604741   0.07540025]
 [ 0.03657576  0.18331107 -0.9823743  -0.41180893]
 [ 0.          0.          0.          1.        ]]","[[ 0.54563892 -0.72666659 -0.41741328 -0.1562528 ]
 [-0.58708893 -0.68689696  0.42836802  0.07793416]
 [-0.59800063  0.01132445 -0.80141562 -0.41478192]
 [ 0.          0.          0.          1.        ]]"
single_object,98,174,37,162,30,0.44128205494929845,0.4735765671705831,0.0029251171887382642,0.0028568216565738767,"[[-0.16364749 -0.84118724 -0.51538677 -0.18998164]
 [ 0.70599338 -0.46476064  0.53438833  0.0327674 ]
 [-0.68905213 -0.27640834  0.66992954 -0.40128444]
 [ 0.          0.          0.          1.        ]]","[[-0.08544826 -0.90980645 -0.40614137 -0.20049085]
 [ 0.777706   -0.31570733  0.54360119  0.02856986]
 [-0.62279368 -0.26940881  0.73453858 -0.40609546]
 [ 0.          0.          0.          1.        ]]"
single_object,98,175,28,5,15,0.6256766767337171,0.9866659068892815,0.0023174422437229752,0.001839145067873543,"[[-0.17303639 -0.72144022 -0.67050907 -0.15383967]
 [ 0.07911803 -0.68875986  0.72065955  0.08074819]
 [-0.98173252  0.07165097  0.17625945 -0.42136356]
 [ 0.          0.          0.          1.        ]]","[[ 0.60751469 -0.72380457 -0.32715873 -0.15491316]
 [-0.6708541  -0.68808411  0.27657737  0.07894065]
 [-0.42530069  0.05145096 -0.90358847 -0.41954925]
 [ 0.          0.          0.          1.        ]]"
single_object,98,175,37,228,30,0.36362076116649267,0.3797608661451108,0.00306337569858575,0.0029425910794068926,"[[-0.0692907  -0.84965124 -0.52277296 -0.18693114]
 [ 0.62988705 -0.44362504  0.63752579  0.03044981]
 [-0.77358975 -0.2851133   0.5659234  -0.39723487]
 [ 0.          0.          0.          1.        ]]","[[-0.2039242  -0.85583088 -0.47536136 -0.1884103 ]
 [ 0.8123589  -0.41890604  0.40569785  0.03370398]
 [-0.54634049 -0.30343242  0.78066692 -0.40581919]
 [ 0.          0.          0.          1.        ]]"
single_object,98,176,28,6,13,0.7159382300985812,0.987235739928201,0.0030781232074302734,0.00183779440355554,"[[ 0.319156   -0.78188368 -0.53553465 -0.15825481]
 [-0.29506766 -0.61898272  0.7278705   0.08810253]
 [-0.90059676 -0.07428528 -0.42826064 -0.42485398]
 [ 0.          0.          0.          1.        ]]","[[ 0.56400696 -0.68199832 -0.46559042 -0.15340246]
 [-0.61202422 -0.72375254  0.31876107  0.08099205]
 [-0.55436676  0.10516915 -0.82560096 -0.42326744]
 [ 0.          0.          0.          1.        ]]"
single_object,98,176,37,113,30,0.39144581587265265,0.5067149129707232,0.0029445254466199653,0.0028209430248057363,"[[ 0.5673106  -0.76297279  0.30988902 -0.17800851]
 [-0.62753841 -0.64420507 -0.43725894  0.02694105]
 [ 0.53324875  0.05359437 -0.84425909 -0.42395817]
 [ 0.          0.          0.          1.        ]]","[[ 0.39496206 -0.82762997  0.39879018 -0.18279911]
 [-0.62284048 -0.56031873 -0.54599694  0.02075475]
 [ 0.67533303 -0.03273459 -0.73678609 -0.42484749]
 [ 0.          0.          0.          1.        ]]"
single_object,98,177,28,9,12,0.8160009117328623,0.9831899253518719,0.0020562382558476284,0.0017431704973369163,"[[ 0.01691171 -0.69373105 -0.72003558 -0.15157317]
 [-0.15903685 -0.71283685  0.68305996  0.08119634]
 [-0.98712779  0.10296048 -0.1223841  -0.4260386 ]
 [ 0.          0.          0.          1.        ]]","[[ 0.49326176 -0.75229204 -0.4367488  -0.15235832]
 [-0.64214431 -0.65359753  0.40057578  0.08214913]
 [-0.58680791  0.08286704 -0.80547472 -0.42750281]
 [ 0.          0.          0.          1.        ]]"
single_object,98,177,37,119,30,0.33619616985368783,0.409638295742216,0.003103633967379689,0.002770057327005478,"[[-0.44893563  0.80585281  0.38608036 -0.20164857]
 [ 0.6168135   0.59209208 -0.51862133  0.01634428]
 [-0.64652758  0.00531199 -0.76287212 -0.43024564]
 [ 0.          0.          0.          1.        ]]","[[-0.3418766   0.8630473   0.3718464  -0.19790507]
 [ 0.60238851  0.50496451 -0.61817387  0.02320583]
 [-0.72128253  0.01265682 -0.69252532 -0.43154719]
 [ 0.          0.          0.          1.        ]]"
single_object,98,178,28,5,18,0.7293293065131916,0.9348111003475982,0.0028740724487984993,0.0020773357971347215,"[[-0.84195527  0.41582798 -0.34379995 -0.14968265]
 [ 0.52615645  0.77386974 -0.35254079  0.08684208]
 [ 0.11946006 -0.47771614 -0.87035429 -0.42714765]
 [ 0.          0.          0.          1.        ]]","[[-0.65272751  0.61777914  0.43851536 -0.1475488 ]
 [ 0.09599675  0.64160666 -0.76100296  0.08579626]
 [-0.75148614 -0.45463152 -0.47809911 -0.43197179]
 [ 0.          0.          0.          1.        ]]"
single_object,98,178,37,105,30,0.3463936841201962,0.3822351578254838,0.0029398718487397392,0.002871457116805188,"[[ 0.03497589  0.94453141  0.32655336 -0.19677674]
 [ 0.81044208  0.1643873  -0.56228147  0.01226181]
 [-0.58477374  0.28431888 -0.7597384  -0.42272027]
 [ 0.          0.          0.          1.        ]]","[[-0.05139883  0.95746938  0.28391996 -0.18245033]
 [ 0.81071657  0.20601783 -0.54799206  0.01701333]
 [-0.58317819  0.20201246 -0.78682537 -0.41866326]
 [ 0.          0.          0.          1.        ]]"
single_object,98,179,28,25,20,0.7387885349592569,0.7949740725967291,0.0025834251507810824,0.002151436122408682,"[[ 0.76346487  0.15904004 -0.62596139 -0.15613712]
 [-0.30612801 -0.7643021  -0.56756316  0.09452367]
 [-0.56868888  0.62493884 -0.53483119 -0.43937742]
 [ 0.          0.          0.          1.        ]]","[[ 0.56411946  0.57692032 -0.59070482 -0.16242734]
 [-0.17612344 -0.61486541 -0.7687139   0.08876195]
 [-0.80669063  0.53768343 -0.24524835 -0.43727697]
 [ 0.          0.          0.          1.        ]]"
single_object,98,179,37,136,30,0.3995337461920222,0.477159284314707,0.002995675339354504,0.0027762818988671537,"[[-0.67668708  0.6922562   0.25075076 -0.18174823]
 [ 0.46664305  0.66667167 -0.58119975  0.03628508]
 [-0.56950756 -0.27627927 -0.77416465 -0.43071226]
 [ 0.          0.          0.          1.        ]]","[[-0.53179094  0.77822364  0.33401551 -0.18572753]
 [ 0.46862986  0.59893743 -0.64935353  0.03271577]
 [-0.70539666 -0.18879068 -0.68320834 -0.42747864]
 [ 0.          0.          0.          1.        ]]"
single_object,98,180,28,20,20,0.8203886261325432,0.9066043649210781,0.0025130655786092283,0.002179076480567183,"[[-0.37763099 -0.91910944  0.11239516 -0.13852095]
 [ 0.92591971 -0.37374672  0.05464504  0.10490935]
 [-0.00821744  0.12470456  0.99215989 -0.42923924]
 [ 0.          0.          0.          1.        ]]","[[-0.4836304  -0.79484204  0.36650753 -0.14218744]
 [ 0.84864657 -0.52832441 -0.02592897  0.10589777]
 [ 0.21424431  0.29849532  0.93005372 -0.43281233]
 [ 0.          0.          0.          1.        ]]"
single_object,98,180,37,189,30,0.42399776884680845,0.5092464137072898,0.0028937147419793247,0.0028008836604472573,"[[-0.24393836  0.93665148 -0.2513525  -0.19550744]
 [-0.68660221  0.01623597  0.72685198  0.06173622]
 [ 0.68488793  0.34988626  0.6391464  -0.4154013 ]
 [ 0.          0.          0.          1.        ]]","[[-0.20846681  0.93041796 -0.30143658 -0.20947423]
 [-0.62567068  0.1100203   0.77228993  0.05744532]
 [ 0.75171656  0.34959685  0.55919966 -0.41948762]
 [ 0.          0.          0.          1.        ]]"
single_object,98,181,28,27,30,0.8125249301954527,0.9412502136873896,0.0024767386561832185,0.0025046247849807393,"[[ 0.20410698  0.85721859 -0.47277546 -0.12293213]
 [-0.16674813 -0.44544133 -0.879646    0.12881772]
 [-0.96464263  0.25837631  0.05202191 -0.43298755]
 [ 0.          0.          0.          1.        ]]","[[ 0.13329947  0.97532249 -0.17600366 -0.11727793]
 [ 0.1293051  -0.19318559 -0.9726045   0.13521647]
 [-0.98260442  0.10688949 -0.15186571 -0.43880125]
 [ 0.          0.          0.          1.        ]]"
single_object,98,182,28,17,30,0.8194199099663798,0.72026896119437,0.0026532580535967715,0.002443351911026549,"[[-0.40887238 -0.83450757  0.36935144 -0.12100064]
 [ 0.90938166 -0.33865698  0.24152939  0.12532465]
 [-0.07647466  0.43463612  0.89735337 -0.41955297]
 [ 0.          0.          0.          1.        ]]","[[-0.54332515  0.27602246  0.7928489  -0.13006357]
 [ 0.48763595 -0.66499468  0.56567946  0.13559046]
 [ 0.68338054  0.69396951  0.22670986 -0.42729774]
 [ 0.          0.          0.          1.        ]]"
single_object,98,182,37,122,14,0.36103920250575666,0.36252663796679013,0.0027331597507266074,0.002607502625212053,"[[-0.44001915 -0.8194807   0.36719822 -0.16631974]
 [-0.7421824   0.10168388 -0.66243919  0.10186143]
 [ 0.50551799 -0.56401398 -0.652947   -0.45356046]
 [ 0.          0.          0.          1.        ]]","[[-0.3987884  -0.85029623  0.34345906 -0.16354857]
 [-0.77460306  0.11185146 -0.62247839  0.10300793]
 [ 0.49087463 -0.5142816  -0.70324713 -0.451744  ]
 [ 0.          0.          0.          1.        ]]"
single_object,98,183,28,14,23,0.6798677987349706,0.7551997264801413,0.002851384603692997,0.002343747317319728,"[[-0.59950903 -0.72271952  0.34389739 -0.13824895]
 [ 0.79777991 -0.50507049  0.32931902  0.1200978 ]
 [-0.06431286  0.47178416  0.87936543 -0.41662194]
 [ 0.          0.          0.          1.        ]]","[[-0.61487978 -0.38625977  0.68755091 -0.13656801]
 [ 0.70110243 -0.66692281  0.25232787  0.12551662]
 [ 0.36107928  0.63719491  0.68088501 -0.42003451]
 [ 0.          0.          0.          1.        ]]"
single_object,98,184,37,62,30,0.3162731160342682,0.3616899555199588,0.0029565215460176375,0.0028647622125593606,"[[-0.0639836  -0.91669882  0.39442283 -0.21664202]
 [-0.53551719 -0.30196847 -0.78869283  0.05749669]
 [ 0.84209705 -0.26168361 -0.47158695 -0.41782893]
 [ 0.          0.          0.          1.        ]]","[[-0.12453768 -0.94386164  0.30596662 -0.21205357]
 [-0.60199346 -0.17324981 -0.77947956  0.05589433]
 [ 0.78872951 -0.28126448 -0.5466224  -0.41958397]
 [ 0.          0.          0.          1.        ]]"
single_object,98,184,28,12,4,0.7421505498888825,0.9851843409880905,0.002812170268434933,0.0016226496107459426,"[[ 0.4068861  -0.6372248  -0.65451375 -0.139751  ]
 [-0.58010328 -0.73373103  0.35372159  0.11051187]
 [-0.70563722  0.23576118 -0.66820116 -0.41974374]
 [ 0.          0.          0.          1.        ]]","[[ 0.31280297 -0.84886383 -0.42612733 -0.13437797]
 [-0.69978607 -0.50931651  0.50089535  0.11308062]
 [-0.64222563  0.14151641 -0.7533388  -0.41767573]
 [ 0.          0.          0.          1.        ]]"
single_object,98,185,37,222,30,0.3143351592557102,0.40275890673493614,0.00308857463673841,0.002799166888539738,"[[-0.13601176  0.98385383  0.116329   -0.18977753]
 [ 0.98750872  0.12520705  0.09565422  0.04711548]
 [ 0.07954456  0.127886   -0.98859387 -0.4026236 ]
 [ 0.          0.          0.          1.        ]]","[[-0.10190237  0.96952872  0.22277785 -0.18106884]
 [ 0.94142368  0.16635197 -0.29334021  0.05329401]
 [-0.32146129  0.17983628 -0.92968895 -0.39959772]
 [ 0.          0.          0.          1.        ]]"
single_object,98,185,28,19,7,0.9174881759644424,0.9890022223488518,0.0023765577092703725,0.0015749404655335075,"[[ 0.24211098 -0.73087498 -0.63812541 -0.13416905]
 [-0.67460647 -0.59950815  0.43069258  0.1089126 ]
 [-0.69734381  0.32620813 -0.63820049 -0.41028895]
 [ 0.          0.          0.          1.        ]]","[[ 0.37296044 -0.84695637 -0.37890027 -0.13746299]
 [-0.7567791  -0.5139469   0.40391086  0.10974856]
 [-0.53682949  0.13610103 -0.83264074 -0.41162131]
 [ 0.          0.          0.          1.        ]]"
single_object,98,186,28,18,30,0.718901361900963,0.7903584249814805,0.0024924854785910162,0.0024876084658774097,"[[ 0.5505557   0.82521268  0.12614457 -0.1366743 ]
 [-0.83479719  0.54449362  0.08148833  0.10550637]
 [-0.00143971 -0.150169    0.98865929 -0.39537692]
 [ 0.          0.          0.          1.        ]]","[[ 0.57975797  0.19396824 -0.79136403 -0.14129622]
 [ 0.09062385  0.94987358  0.29921148  0.10262221]
 [ 0.8097333  -0.24518669  0.53311862 -0.39631935]
 [ 0.          0.          0.          1.        ]]"
single_object,98,186,37,112,30,0.37608518428467225,0.44328437191607434,0.0028524032422235467,0.0027248394578417837,"[[-0.10754409 -0.92851422 -0.35538094 -0.18662577]
 [ 0.67839596 -0.32984166  0.65649326  0.06724223]
 [-0.72678277 -0.17048703  0.66537281 -0.39594879]
 [ 0.          0.          0.          1.        ]]","[[ 0.00823046 -0.96894694 -0.24713172 -0.19103693]
 [ 0.77478934 -0.15005956  0.61415275  0.06759278]
 [-0.63216591 -0.19652978  0.7494947  -0.3954472 ]
 [ 0.          0.          0.          1.        ]]"
single_object,98,187,28,11,30,0.8605048720724827,0.3848082511824036,0.002575957606916674,0.002630902628479896,"[[-3.25100776e-01 -9.45679323e-01 -3.20481706e-04 -1.44711103e-01]
 [ 9.32787836e-01 -3.20724736e-01  1.64446030e-01  1.13706208e-01]
 [-1.55615997e-01  5.31625905e-02  9.86386030e-01 -3.96742521e-01]
 [ 0.00000000e+00  0.00000000e+00  0.00000000e+00  1.00000000e+00]]","[[-0.10185658 -0.96337454  0.24806196 -0.13695179]
 [ 0.40547379 -0.26791004 -0.87396523  0.12150374]
 [ 0.90841414  0.01156351  0.41791152 -0.39702392]
 [ 0.          0.          0.          1.        ]]"
single_object,98,187,37,98,30,0.3554327149987843,0.4513794533674681,0.0029091125673306006,0.0028101460457960236,"[[-3.99157947e-01 -7.96857847e-01  4.53531151e-01 -2.04520613e-01]
 [-7.50656805e-01 -1.74766642e-05 -6.60692335e-01  5.14858283e-02]
 [ 5.26485798e-01 -6.04166841e-01 -5.98159789e-01 -4.10807196e-01]
 [ 0.00000000e+00  0.00000000e+00  0.00000000e+00  1.00000000e+00]]","[[-0.19282167 -0.87385221  0.44632065 -0.19927256]
 [-0.67245973 -0.21356207 -0.70865306  0.05159742]
 [ 0.7145752  -0.43677633 -0.54645103 -0.4081687 ]
 [ 0.          0.          0.          1.        ]]"
single_object,98,188,28,9,10,0.790814291412616,0.9889452390449598,0.0025499184161815918,0.0014245738716636054,"[[ 0.23982384 -0.74032318 -0.62801761 -0.14284795]
 [-0.12958614 -0.66551917  0.73504535  0.1002517 ]
 [-0.96212887 -0.09489902 -0.25554299 -0.39578824]
 [ 0.          0.          0.          1.        ]]","[[ 0.3675835  -0.82304609 -0.43298672 -0.14264789]
 [-0.55923701 -0.56762068  0.60420256  0.10450162]
 [-0.74305877  0.02004731 -0.66892583 -0.39699023]
 [ 0.          0.          0.          1.        ]]"
single_object,98,188,37,111,30,0.45907407142550666,0.46052575122641914,0.0027491105557542832,0.0027164370221374047,"[[-0.02163666  0.93728855  0.34788221 -0.19136402]
 [ 0.60099694  0.29026739 -0.74467947  0.05421065]
 [-0.7989584   0.19296377 -0.56958797 -0.40337318]
 [ 0.          0.          0.          1.        ]]","[[-0.15978252  0.91874792  0.36107036 -0.1932376 ]
 [ 0.51266096  0.38980674 -0.7650029   0.05426962]
 [-0.84359249  0.06287259 -0.5332905  -0.40553132]
 [ 0.          0.          0.          1.        ]]"
single_object,98,189,28,14,7,0.9782893612171634,0.9899139552111231,0.0020293683544402264,0.0014649558816742186,"[[ 0.35857992 -0.86437176 -0.35253639 -0.14492058]
 [-0.73939442 -0.49351785  0.45796946  0.10392937]
 [-0.56983886  0.09644479 -0.81607725 -0.39354821]
 [ 0.          0.          0.          1.        ]]","[[ 0.43154041 -0.82470799 -0.36555383 -0.14430852]
 [-0.57431546 -0.56366455  0.59366996  0.10305404]
 [-0.6956541  -0.04624936 -0.71688658 -0.39210729]
 [ 0.          0.          0.          1.        ]]"
single_object,98,189,37,154,30,0.48694203292381183,0.4484689426336189,0.0028015649349869046,0.0026863339661168475,"[[ 0.1992305  -0.89126278  0.40737927 -0.18534873]
 [-0.64963073 -0.43136096 -0.62602526  0.05269413]
 [ 0.73368053 -0.13992277 -0.66493195 -0.39715315]
 [ 0.          0.          0.          1.        ]]","[[-0.01005667 -0.91930285  0.39342233 -0.18488844]
 [-0.55988834 -0.32080937 -0.76394135  0.05663349]
 [ 0.82850703 -0.22795529 -0.51148068 -0.40076232]
 [ 0.          0.          0.          1.        ]]"
single_object,98,190,28,19,30,0.8791384124451536,0.9288848367428344,0.002303866161068292,0.0022749855189816252,"[[-0.35530144 -0.89172028  0.28034946 -0.14349948]
 [ 0.59668466 -0.44722545 -0.66630084  0.09978469]
 [ 0.71953339 -0.06945743  0.69097567 -0.37738365]
 [ 0.          0.          0.          1.        ]]","[[-0.31421317 -0.7505777   0.58129441 -0.14173441]
 [ 0.41622648 -0.65923579 -0.62622974  0.09966104]
 [ 0.85324416  0.04518049  0.51955088 -0.37720908]
 [ 0.          0.          0.          1.        ]]"
single_object,98,190,37,108,12,0.5265950599979977,0.5440152176089474,0.0025953642617001075,0.002535151694879511,"[[-0.06432778  0.94891973  0.30889041 -0.19014187]
 [ 0.76509863  0.24562304 -0.59522551  0.04967218]
 [-0.64069183  0.1980421  -0.74181757 -0.39275984]
 [ 0.          0.          0.          1.        ]]","[[-0.09309942  0.94354313  0.31789757 -0.1896285 ]
 [ 0.76677927  0.27161492 -0.58161404  0.04946972]
 [-0.63512365  0.18960933 -0.7487765  -0.39383252]
 [ 0.          0.          0.          1.        ]]"
single_object,98,191,37,167,30,0.5079091520187645,0.5206238647577912,0.0026762397613173893,0.002684071930957901,"[[ 0.08560814 -0.91888948  0.38511474 -0.18649724]
 [-0.69237672 -0.332816   -0.64019371  0.04695095]
 [ 0.71643961 -0.21183869 -0.66470945 -0.39120666]
 [ 0.          0.          0.          1.        ]]","[[-0.05692928 -0.8891936   0.45397554 -0.19105654]
 [-0.64944576 -0.31237449 -0.69328377  0.04976643]
 [ 0.75827387 -0.33430064 -0.55969976 -0.39609556]
 [ 0.          0.          0.          1.        ]]"
single_object,98,191,28,10,13,0.9168043763177389,0.9951564191691834,0.002154181634717886,0.0014353402267724604,"[[ 0.24315948 -0.80160008 -0.54617834 -0.1469043 ]
 [-0.02220544 -0.56753103  0.82305252  0.09800948]
 [-0.96973212 -0.1880049  -0.15580044 -0.38203807]
 [ 0.          0.          0.          1.        ]]","[[ 0.39435914 -0.77487249 -0.49401771 -0.14624684]
 [-0.4043551  -0.62906372  0.66390948  0.10032761]
 [-0.82521381 -0.06206019 -0.56140067 -0.38233342]
 [ 0.          0.          0.          1.        ]]"
single_object,98,192,28,12,12,0.8795372955723972,0.9941307196991281,0.0024467024865780576,0.001395276791862504,"[[ 0.56420757 -0.7174155  -0.40863775 -0.15250005]
 [-0.34554212 -0.65468836  0.6722974   0.09676018]
 [-0.74984696 -0.23811373 -0.6172774  -0.37706137]
 [ 0.          0.          0.          1.        ]]","[[ 0.33442551 -0.79902479 -0.49971889 -0.14661698]
 [-0.30992549 -0.5940013   0.74236692  0.09875935]
 [-0.89000324 -0.09339082 -0.44628734 -0.37698108]
 [ 0.          0.          0.          1.        ]]"
single_object,98,192,37,283,30,0.5172270770462964,0.5841044637366095,0.002508927079219237,0.002415421843669592,"[[-0.10620904  0.90095474  0.42071392 -0.19410244]
 [ 0.45176431  0.42063939 -0.78674743  0.04588885]
 [-0.88579267  0.10650384 -0.4516949  -0.39593253]
 [ 0.          0.          0.          1.        ]]","[[-0.11693316  0.91510412  0.38588999 -0.18938494]
 [ 0.6398848   0.36657589 -0.67540326  0.04689065]
 [-0.75952227  0.1679481  -0.62842609 -0.39144111]
 [ 0.          0.          0.          1.        ]]"
single_object,98,193,37,189,30,0.5584318997697335,0.542635049128277,0.002880246472309846,0.0028010498391650217,"[[ 0.19038074 -0.86740671  0.45973989 -0.18993753]
 [-0.78240103 -0.41692332 -0.46262681  0.04447263]
 [ 0.59296189 -0.27162573 -0.75803408 -0.38812041]
 [ 0.          0.          0.          1.        ]]","[[ 0.12374411 -0.86489481  0.48646105 -0.19855105]
 [-0.74203572 -0.40613594 -0.53332597  0.04020294]
 [ 0.65884018 -0.29497553 -0.69203977 -0.390164  ]
 [ 0.          0.          0.          1.        ]]"
single_object,98,193,28,6,23,0.6139381161319734,0.9855832241153342,0.0026749360339691037,0.0016170515355597292,"[[ 0.5365373  -0.47720569 -0.69599027 -0.15078573]
 [ 0.21047204 -0.72301634  0.65798852  0.09383223]
 [-0.8172082  -0.49952187 -0.28748678 -0.37491431]
 [ 0.          0.          0.          1.        ]]","[[ 0.33047471 -0.78851444 -0.5186824  -0.14693641]
 [-0.15490904 -0.58742263  0.79431596  0.09722309]
 [-0.93101539 -0.18215275 -0.31627634 -0.37225112]
 [ 0.          0.          0.          1.        ]]"
single_object,98,194,28,15,6,0.9920793207590176,0.9907117214656106,0.0014980724764210875,0.0012588328355783516,"[[ 0.40014779 -0.78916114 -0.46594682 -0.14985982]
 [-0.29587081 -0.59244267  0.74931445  0.09582878]
 [-0.86737662 -0.16197646 -0.47055438 -0.36750185]
 [ 0.          0.          0.          1.        ]]","[[ 0.34951611 -0.79965346 -0.48825488 -0.14791781]
 [-0.21742404 -0.57612084  0.78791596  0.09554217]
 [-0.91135354 -0.16923097 -0.3752274  -0.36710563]
 [ 0.          0.          0.          1.        ]]"
single_object,98,194,37,181,30,0.5985712038215649,0.6339049471531344,0.0026203930793589256,0.002669960262397251,"[[-0.03877519  0.91435162  0.4030603  -0.18977052]
 [ 0.89081328  0.2143756  -0.40061803  0.0413474 ]
 [-0.45271204  0.34351743 -0.82282902 -0.38409039]
 [ 0.          0.          0.          1.        ]]","[[-0.12749229  0.89504884  0.42735616 -0.20403556]
 [ 0.81600157  0.33958487 -0.4677858   0.03766267]
 [-0.56381482  0.28908422 -0.77365571 -0.39009375]
 [ 0.          0.          0.          1.        ]]"
single_object,98,195,28,8,30,0.7196991281554505,0.9676334833893669,0.0024383251504067746,0.0017732609037145043,"[[ 0.31132683 -0.62304207 -0.71756127 -0.14485317]
 [ 0.04938204 -0.74346006  0.66695468  0.09015527]
 [-0.94901898 -0.24307553 -0.20069198 -0.36444009]
 [ 0.          0.          0.          1.        ]]","[[ 0.29753528 -0.80474857 -0.51366575 -0.14871464]
 [-0.03514434 -0.54690046  0.83645966  0.09232892]
 [-0.95406375 -0.23082382 -0.19100454 -0.36273098]
 [ 0.          0.          0.          1.        ]]"
single_object,98,195,37,384,30,0.6372302235443871,0.7012257040289478,0.0022778173320219274,0.0022237615140301347,"[[-0.12004038  0.9135381   0.38863664 -0.18889724]
 [ 0.74949457  0.34010806 -0.56796514  0.03887719]
 [-0.65103625  0.2231023  -0.72551855 -0.37926181]
 [ 0.          0.          0.          1.        ]]","[[-0.10601025  0.91613854  0.38659022 -0.18948393]
 [ 0.82366983  0.29871065 -0.48201655  0.04055695]
 [-0.55707255  0.26732401 -0.78626207 -0.38132539]
 [ 0.          0.          0.          1.        ]]"
single_object,98,196,37,97,30,0.6979433344298402,0.7175445873081708,0.002672592286373294,0.002266545063152031,"[[-0.17570281  0.97622175  0.12696308 -0.17982335]
 [ 0.87039774  0.21430503 -0.44326193  0.06308479]
 [-0.45993076  0.03262601 -0.88735519 -0.35853741]
 [ 0.          0.          0.          1.        ]]","[[-0.08544233  0.97794333  0.19059501 -0.1824489 ]
 [ 0.8680041   0.16697717 -0.46764037  0.06330697]
 [-0.48915079  0.12548097 -0.86312573 -0.35840528]
 [ 0.          0.          0.          1.        ]]"
single_object,98,196,28,13,9,0.959029004501681,0.9890022223488518,0.002292355957538689,0.0015547138540593117,"[[ 0.28235379 -0.83094715 -0.47937789 -0.12993121]
 [-0.16461283 -0.53426648  0.82913325  0.10947944]
 [-0.94508145 -0.15519717 -0.28763673 -0.34514322]
 [ 0.          0.          0.          1.        ]]","[[ 0.25997144 -0.90009705 -0.34962859 -0.13188411]
 [-0.3548902  -0.42580084  0.832314    0.1104762 ]
 [-0.89803552 -0.0922981  -0.43013168 -0.34596109]
 [ 0.          0.          0.          1.        ]]"
single_object,98,197,28,22,12,0.9059205652743746,0.9923642372784774,0.002154094436047343,0.0013091306708892135,"[[ 0.06218485 -0.82765117 -0.55778722 -0.13204288]
 [ 0.25347739 -0.52744839  0.81089297  0.11586176]
 [-0.96534049 -0.19181171  0.17699156 -0.35183068]
 [ 0.          0.          0.          1.        ]]","[[ 0.22497956 -0.8984883  -0.37696547 -0.13026454]
 [-0.26826637 -0.42905014  0.86252486  0.11494952]
 [-0.93670558 -0.0929233  -0.33756171 -0.35154533]
 [ 0.          0.          0.          1.        ]]"
single_object,98,197,37,170,30,0.7228864829302478,0.7662580986570174,0.002433409877142513,0.00230304494467555,"[[-0.01224688  0.98643012  0.16372425 -0.17869607]
 [ 0.90549637  0.08039919 -0.4166681   0.06816175]
 [-0.42417726  0.14314883 -0.89419353 -0.36094034]
 [ 0.          0.          0.          1.        ]]","[[-0.08476203  0.97980524  0.18109968 -0.18033881]
 [ 0.82604239  0.17073808 -0.53712426  0.06919543]
 [-0.55719777  0.10406827 -0.82383277 -0.36254959]
 [ 0.          0.          0.          1.        ]]"
single_object,98,198,28,9,8,0.987349706535985,0.992820103709613,0.0020298731225529745,0.0015495246814948005,"[[ 0.27003478 -0.83488705 -0.47962988 -0.1318979 ]
 [-0.32872182 -0.54814444  0.76907713  0.11680184]
 [-0.904999   -0.05001277 -0.42246365 -0.35729244]
 [ 0.          0.          0.          1.        ]]","[[ 0.18944626 -0.89548472 -0.40276199 -0.12935933]
 [-0.31735404 -0.44401657  0.83793538  0.11668164]
 [-0.92919133 -0.03092557 -0.36830297 -0.35676872]
 [ 0.          0.          0.          1.        ]]"
single_object,98,198,37,52,28,0.610263304681131,0.7364378781161057,0.002754311245235991,0.0023262797186250155,"[[-0.11616754  0.96482663  0.23582762 -0.18392543]
 [ 0.85682727  0.21743601 -0.46751322  0.06392437]
 [-0.50234663  0.14775368 -0.85194878 -0.36489632]
 [ 0.          0.          0.          1.        ]]","[[-0.11839174  0.97680085  0.17844748 -0.1789135 ]
 [ 0.81177495  0.19870704 -0.5491238   0.06958637]
 [-0.57184336  0.07984747 -0.81646773 -0.36470619]
 [ 0.          0.          0.          1.        ]]"
single_object,98,199,37,84,30,0.48041304938571777,0.6746234928989259,0.002584472246438273,0.00224958668304075,"[[ 0.18497654  0.9638675   0.19168495 -0.18316572]
 [ 0.87969705 -0.07545146 -0.46951057  0.07732093]
 [-0.43808307  0.25547312 -0.86186815 -0.37141843]
 [ 0.          0.          0.          1.        ]]","[[-0.0470579   0.98171539  0.18444631 -0.17827304]
 [ 0.77930962  0.15159272 -0.60802645  0.07277654]
 [-0.62486964  0.11512833 -0.77219388 -0.36772102]
 [ 0.          0.          0.          1.        ]]"
single_object,98,199,28,28,21,0.7435181491822895,0.6929169753262294,0.002680874981544622,0.0022044273369069755,"[[-0.01045635 -0.99916966  0.03937824 -0.13583713]
 [ 0.99455548 -0.0144752  -0.10319815  0.11891662]
 [ 0.10368247  0.03808477  0.99388103 -0.35242444]
 [ 0.          0.          0.          1.        ]]","[[ 0.03446314 -0.99427497 -0.10114137 -0.14028923]
 [ 0.85907322  0.08118529 -0.50537328  0.12472067]
 [ 0.5106912  -0.06947109  0.8569529  -0.35518302]
 [ 0.          0.          0.          1.        ]]"
single_object,98,200,37,136,21,0.5128648865115347,0.5207239806061299,0.0026805360648819686,0.002285292033050735,"[[ 0.10536989 -0.97808067  0.17959785 -0.14769393]
 [-0.63090667 -0.20535292 -0.74818911  0.08661989]
 [ 0.76867025 -0.03447288 -0.63871564 -0.37689463]
 [ 0.          0.          0.          1.        ]]","[[ 0.00915755 -0.98090224  0.19428569 -0.14672894]
 [-0.59664169 -0.16127858 -0.78613479  0.08482652]
 [ 0.8024555  -0.10871988 -0.58672409 -0.37326496]
 [ 0.          0.          0.          1.        ]]"
single_object,98,200,28,8,12,0.8900222234885179,0.9966949683742663,0.002589045022874978,0.00139759893104476,"[[ 0.5979555  -0.78187023 -0.17643174 -0.12753629]
 [-0.80034629 -0.5943835  -0.07844787  0.1194242 ]
 [-0.04353206  0.18811482 -0.98118182 -0.3655673 ]
 [ 0.          0.          0.          1.        ]]","[[ 0.20980873 -0.90482387 -0.37050515 -0.12805943]
 [-0.45778207 -0.4257458   0.78049734  0.12209973]
 [-0.86395363  0.00585546 -0.50353733 -0.36813335]
 [ 0.          0.          0.          1.        ]]"
single_object,98,201,28,13,8,0.8739529317909852,0.9903698216422588,0.0024185269047312134,0.0014929554385928812,"[[ 0.20130247 -0.8363782  -0.50985177 -0.12593748]
 [-0.37498031 -0.54665693  0.74870286  0.12009432]
 [-0.90491275  0.04046863 -0.42366875 -0.37301956]
 [ 0.          0.          0.          1.        ]]","[[ 0.21758753 -0.88781854 -0.40550451 -0.12604262]
 [-0.47643816 -0.45921085  0.74975468  0.12382492]
 [-0.85185818  0.03006055 -0.52290918 -0.37315426]
 [ 0.          0.          0.          1.        ]]"
single_object,98,201,37,182,30,0.4752141764041248,0.5367067606802157,0.002859126883044622,0.00263109428542104,"[[ 0.1939393  -0.95040603  0.24313766 -0.17319761]
 [-0.80662038 -0.29554858 -0.51187362  0.07771412]
 [ 0.55834676 -0.09684738 -0.82393536 -0.37609564]
 [ 0.          0.          0.          1.        ]]","[[ 0.10460023 -0.96430445  0.2432606  -0.1753165 ]
 [-0.70458774 -0.24448036 -0.66617225  0.07946809]
 [ 0.70186531 -0.10171666 -0.7050098  -0.37596937]
 [ 0.          0.          0.          1.        ]]"
single_object,98,202,37,195,30,0.46272114875784837,0.6137816616370372,0.002647023362697591,0.0026624064090747836,"[[-0.02605051  0.9924418   0.11991934 -0.17451392]
 [ 0.98285664  0.04733041 -0.17819277  0.07404338]
 [-0.18252178  0.1132215  -0.97666099 -0.37585254]
 [ 0.          0.          0.          1.        ]]","[[-0.06972754  0.98673082  0.14662997 -0.17429577]
 [ 0.79037688  0.14432631 -0.59537744  0.07968104]
 [-0.60863984  0.07437874 -0.78995275 -0.37752785]
 [ 0.          0.          0.          1.        ]]"
single_object,98,202,28,14,13,0.7421505498888825,0.9820502592740327,0.002449942224698453,0.001593977225905726,"[[ 0.65676069 -0.7509083  -0.06929735 -0.12177188]
 [-0.7538125  -0.65626638 -0.03288082  0.1221603 ]
 [-0.02078704  0.07383205 -0.99705402 -0.37968731]
 [ 0.          0.          0.          1.        ]]","[[ 0.17908056 -0.902966   -0.39061818 -0.12501734]
 [-0.50306782 -0.42524926  0.75238676  0.12556669]
 [-0.84548975  0.06176959 -0.53040701 -0.37981006]
 [ 0.          0.          0.          1.        ]]"
single_object,98,203,28,16,10,0.9474613938116132,0.9965240184625904,0.002057677748964288,0.001469935096453206,"[[ 0.22444934 -0.87722082 -0.42438911 -0.12361685]
 [-0.32038246 -0.47771805  0.81801011  0.13105946]
 [-0.92031385 -0.047635   -0.38826966 -0.38760568]
 [ 0.          0.          0.          1.        ]]","[[ 0.1948269  -0.90108139 -0.38742073 -0.12277373]
 [-0.50369893 -0.43084287  0.74877354  0.12846924]
 [-0.84162335  0.04926218 -0.5378135  -0.3866504 ]
 [ 0.          0.          0.          1.        ]]"
single_object,98,203,37,77,23,0.44899812640340964,0.432622034067993,0.0028313643868878124,0.002790984919451744,"[[-0.09966366 -0.96879047  0.22696293 -0.17803891]
 [-0.66247265 -0.10558824 -0.74160711  0.08744019]
 [ 0.74242652 -0.22426801 -0.63127388 -0.38439585]
 [ 0.          0.          0.          1.        ]]","[[-0.1215449  -0.96952969  0.21269465 -0.17308272]
 [-0.66269854 -0.08026465 -0.74457252  0.08985871]
 [ 0.73895703 -0.23145143 -0.63275015 -0.38565768]
 [ 0.          0.          0.          1.        ]]"
single_object,98,204,28,9,24,0.5529659809675765,0.9800558436378142,0.0027118122075739243,0.0016542177813923774,"[[ 0.75985108 -0.6150066  -0.21069699 -0.10849486]
 [-0.6499965  -0.72442859 -0.22958172  0.12935801]
 [-0.01144065  0.31140022 -0.95020998 -0.38725194]
 [ 0.          0.          0.          1.        ]]","[[ 0.20043115 -0.90112697 -0.38444445 -0.12050363]
 [-0.61228117 -0.42154942  0.66888553  0.12977009]
 [-0.76481313  0.1013226  -0.63623471 -0.39152177]
 [ 0.          0.          0.          1.        ]]"
single_object,98,204,37,144,30,0.535176418427037,0.5521818103805832,0.002624040100925209,0.0025215397451198046,"[[-0.09848157  0.98663955  0.12978362 -0.17259933]
 [ 0.6357355   0.16271204 -0.7545629   0.08800949]
 [-0.76559896  0.00819752 -0.64326592 -0.38513269]
 [ 0.          0.          0.          1.        ]]","[[-0.08852126  0.98865588  0.12134056 -0.17263817]
 [ 0.67623337  0.14909264 -0.72144287  0.08801843]
 [-0.73134973  0.01819151 -0.68175996 -0.38615016]
 [ 0.          0.          0.          1.        ]]"
single_object,98,205,28,5,30,0.8424411647387315,0.6068721864493704,0.002709754008395063,0.0027664081135324163,"[[ 0.29020355 -0.90547958  0.30965888 -0.11570153]
 [ 0.49168759 -0.13652219 -0.86000291  0.13046486]
 [ 0.82099039  0.40183133  0.40559385 -0.38785363]
 [ 0.          0.          0.          1.        ]]","[[ 0.5266468  -0.83377917  0.16569684 -0.10895253]
 [ 0.62301545  0.24595663 -0.74253423  0.12381044]
 [ 0.57835534  0.49428497  0.64898958 -0.39179532]
 [ 0.          0.          0.          1.        ]]"
single_object,98,205,37,81,25,0.42647921165920566,0.4602611593415238,0.0030000013450835555,0.0026567907957274458,"[[ 0.01365247  0.99961436  0.02418145 -0.17028248]
 [ 0.72698738  0.00668083 -0.68661831  0.09533686]
 [-0.68651508  0.02695365 -0.72661582 -0.39198928]
 [ 0.          0.          0.          1.        ]]","[[-0.04786351  0.99728794  0.05590923 -0.16986995]
 [ 0.67989049  0.07353373 -0.72961751  0.09393356]
 [-0.73174996  0.0030901  -0.68156617 -0.39030753]
 [ 0.          0.          0.          1.        ]]"
single_object,98,206,37,112,30,0.3457643845020667,0.4186201175646105,0.0028549621658992197,0.0027667672108789626,"[[ 0.04780095  0.99009075  0.1320431  -0.16712332]
 [ 0.98892033 -0.02831018 -0.14572273  0.08463589]
 [-0.14054057  0.13754579 -0.98047412 -0.3843883 ]
 [ 0.          0.          0.          1.        ]]","[[-0.19969874  0.97506211  0.09682091 -0.16912388]
 [ 0.90366466  0.22147102 -0.36652525  0.0983807 ]
 [-0.37882791  0.014299   -0.92535666 -0.39131669]
 [ 0.          0.          0.          1.        ]]"
single_object,98,206,28,12,30,0.7249415921135107,0.939255798051171,0.002696415621071048,0.002413983302744838,"[[-0.59759558 -0.78130053  0.18013609 -0.12071546]
 [ 0.79912283 -0.56203993  0.2133397   0.14101499]
 [-0.06543875  0.27144173  0.96022766 -0.39692844]
 [ 0.          0.          0.          1.        ]]","[[-0.13862294 -0.95756775  0.25268099 -0.1151843 ]
 [ 0.95254543 -0.19873719 -0.23056611  0.14455832]
 [ 0.27099978  0.20872837  0.93967632 -0.39789385]
 [ 0.          0.          0.          1.        ]]"
single_object,98,207,28,16,30,0.8034076015727392,0.7305829391988148,0.002565338209102221,0.0023470984050056056,"[[-0.05397399 -0.81370681  0.57876424 -0.11349275]
 [ 0.60344655 -0.48837567 -0.63035027  0.14030998]
 [ 0.79557468  0.31523076  0.51738815 -0.40068193]
 [ 0.          0.          0.          1.        ]]","[[-0.34479426 -0.39722976  0.85048541 -0.11334715]
 [ 0.70534927 -0.70746336 -0.04447474  0.14758263]
 [ 0.61935395  0.58455463  0.52411503 -0.40554727]
 [ 0.          0.          0.          1.        ]]"
single_object,98,208,37,96,30,0.28694632360302635,0.3482672807105365,0.0029335476423566543,0.0028665806146142385,"[[-0.00740576 -0.99196485 -0.12629683 -0.13149245]
 [-0.79885591  0.08183771 -0.59592938  0.11319984]
 [ 0.60147684  0.09647966 -0.79304306 -0.40494744]
 [ 0.          0.          0.          1.        ]]","[[ 0.1183179  -0.99025697 -0.07343032 -0.12713091]
 [-0.57692961 -0.00836835 -0.816751    0.11109714]
 [ 0.80817888  0.13900039 -0.57229869 -0.40734543]
 [ 0.          0.          0.          1.        ]]"
single_object,98,208,28,8,9,0.8894523904495982,0.9753832127186735,0.0025586904418044,0.0016788805240438272,"[[ 0.21562417 -0.87288705 -0.43769214 -0.11166285]
 [-0.79807275 -0.41581427  0.43609446  0.14171912]
 [-0.56265985  0.25527767 -0.78628698 -0.41693075]
 [ 0.          0.          0.          1.        ]]","[[ 0.05048243 -0.94961396 -0.3093297  -0.10643519]
 [-0.71888394 -0.24955504  0.64878977  0.14071355]
 [-0.6932946   0.18961967 -0.69526037 -0.41465171]
 [ 0.          0.          0.          1.        ]]"
single_object,98,209,37,43,27,0.3429325362204837,0.3472589710951244,0.0028780848714985885,0.002850803493348728,"[[ 0.12547562 -0.98596477  0.11013327 -0.14471178]
 [-0.98993513 -0.13175244 -0.05166955  0.11659371]
 [ 0.06545468 -0.10254153 -0.99257288 -0.39794212]
 [ 0.          0.          0.          1.        ]]","[[ 0.08786015 -0.99281469  0.08123783 -0.1463418 ]
 [-0.99007908 -0.09601267 -0.10259135  0.11706108]
 [ 0.10965406 -0.07141819 -0.99140074 -0.3997543 ]
 [ 0.          0.          0.          1.        ]]"
single_object,98,209,28,9,26,0.7252834919368625,0.7672801869052368,0.0024849604771280823,0.002202421870275282,"[[ 0.23389379  0.32462533 -0.91646718 -0.11942373]
 [-0.56449475 -0.72212441 -0.3998525   0.1499889 ]
 [-0.79160557  0.61086393  0.01434888 -0.42527387]
 [ 0.          0.          0.          1.        ]]","[[ 0.47108598  0.72651431 -0.50025489 -0.12009602]
 [-0.07616666 -0.53150489 -0.84362385  0.1487656 ]
 [-0.87879271  0.43552212 -0.19504833 -0.42294287]
 [ 0.          0.          0.          1.        ]]"
single_object,98,210,37,114,30,0.3441339264005492,0.40617714784250347,0.0028270042383911256,0.0027267857289727964,"[[-0.25482308 -0.96347129 -0.08239101 -0.14170972]
 [-0.77486495  0.25442402 -0.57866461  0.12136733]
 [ 0.57848899 -0.08361519 -0.81139324 -0.40842118]
 [ 0.          0.          0.          1.        ]]","[[-0.17962623 -0.98276707 -0.04362697 -0.13362753]
 [-0.68226906  0.15640605 -0.7141751   0.12691389]
 [ 0.70869129 -0.09851925 -0.69860619 -0.41118397]
 [ 0.          0.          0.          1.        ]]"
single_object,98,210,28,11,8,0.8352612684483446,0.9488289931050202,0.0026696092707974464,0.0017946612868311549,"[[-0.21260301 -0.97579386 -0.05124753 -0.09348824]
 [-0.97698741  0.21320029 -0.00642116  0.14822036]
 [ 0.01719172  0.04870304 -0.99866534 -0.42326136]
 [ 0.          0.          0.          1.        ]]","[[-0.01576929 -0.97195484 -0.23463826 -0.0904617 ]
 [-0.8057502  -0.12659825  0.57856676  0.15150459]
 [-0.59204555  0.19818341 -0.78115645 -0.42724504]
 [ 0.          0.          0.          1.        ]]"
single_object,98,213,37,136,30,0.27771421215978487,0.34127347359086946,0.0028893167460395178,0.0029600143646599177,"[[-0.21183843  0.92991008 -0.30065215 -0.13609582]
 [ 0.96106759  0.25406054  0.10863851  0.1102933 ]
 [ 0.1774079  -0.26593323 -0.94752623 -0.38149872]
 [ 0.          0.          0.          1.        ]]","[[ 0.09728216  0.99197918 -0.08070615 -0.14018764]
 [ 0.99248859 -0.09064816  0.08215417  0.12657556]
 [ 0.07417936 -0.08809207 -0.99334647 -0.38609604]
 [ 0.          0.          0.          1.        ]]"
single_object,98,214,37,130,18,0.4407671734435561,0.44421401907922026,0.0027506809875349142,0.002617355241855048,"[[-0.00592126  0.99296915 -0.11822522 -0.14265798]
 [ 0.49292318 -0.09996747 -0.86431085  0.12968315]
 [-0.87005268 -0.06339376 -0.48886558 -0.38854804]
 [ 0.          0.          0.          1.        ]]","[[-0.01993052  0.99401347 -0.1074244  -0.14400456]
 [ 0.45626197 -0.08656243 -0.88562518  0.12824462]
 [-0.88962227 -0.06666464 -0.45180531 -0.38872184]
 [ 0.          0.          0.          1.        ]]"
single_object,98,215,37,145,30,0.40491139747422017,0.42539939072355154,0.002639948065419798,0.002113412648879772,"[[-0.04857362 -0.99874972  0.01181501 -0.13793925]
 [-0.9237695   0.04042209 -0.38080962  0.12674237]
 [ 0.37985591 -0.02941165 -0.92457798 -0.38012935]
 [ 0.          0.          0.          1.        ]]","[[-0.24777361 -0.96570979 -0.07754252 -0.13324346]
 [-0.90408811  0.25924235 -0.33973239  0.1304909 ]
 [ 0.3481852  -0.01407145 -0.93732015 -0.38111119]
 [ 0.          0.          0.          1.        ]]"
single_object,98,215,28,4,30,0.2425209413641803,0.3451478716735996,0.003025941483695616,0.003006674891176443,"[[ 0.          1.          0.         -0.08778477]
 [-1.          0.          0.          0.14240255]
 [ 0.          0.          1.         -0.38399286]
 [ 0.          0.          0.          1.        ]]","[[-0.27990979  0.94328541 -0.17850252 -0.10383088]
 [-0.95152874 -0.24791016  0.18202637  0.14179367]
 [ 0.12745023  0.22080125  0.96695566 -0.38797579]
 [ 0.          0.          0.          1.        ]]"
single_object,98,216,37,80,30,0.3491039631573678,0.5150173772508188,0.0025923986033842164,0.002527622181778556,"[[ 0.13987367  0.98930689  0.04131879 -0.15278175]
 [ 0.97852529 -0.13172768 -0.15854359  0.1052717 ]
 [-0.15140544  0.06260755 -0.98648704 -0.36944911]
 [ 0.          0.          0.          1.        ]]","[[ 0.03255027  0.99507163 -0.09366388 -0.15106121]
 [ 0.63175683 -0.09310223 -0.76955525  0.12038438]
 [-0.77448292 -0.03412357 -0.6316738  -0.37724996]
 [ 0.          0.          0.          1.        ]]"
single_object,98,217,37,253,30,0.48165734635792845,0.5070796207039574,0.002594615029978871,0.00254201303390877,"[[ 0.05545968 -0.99679087  0.05772515 -0.15414036]
 [-0.98225481 -0.06484243 -0.17598565  0.10778338]
 [ 0.17916393 -0.0469407  -0.98269876 -0.3724228 ]
 [ 0.          0.          0.          1.        ]]","[[ 0.04312905 -0.9980038   0.04613348 -0.15309664]
 [-0.96851222 -0.05309841 -0.24323781  0.1106993 ]
 [ 0.24520187 -0.03419023 -0.96886896 -0.37159838]
 [ 0.          0.          0.          1.        ]]"
single_object,98,218,37,96,30,0.4461162201976573,0.5336174716457616,0.0026028518311325354,0.0025399752675553584,"[[ 6.29827143e-02  9.96999406e-01 -4.50040194e-02 -1.51390025e-01]
 [ 9.98010117e-01 -6.30537973e-02 -1.60262479e-04  9.69412938e-02]
 [-2.99745591e-03 -4.49043729e-02 -9.98986793e-01 -3.65533986e-01]
 [ 0.00000000e+00  0.00000000e+00  0.00000000e+00  1.00000000e+00]]","[[ 0.06731068  0.99565663 -0.06432072 -0.15481169]
 [ 0.95551682 -0.08288254 -0.2830514   0.10719167]
 [-0.28715306 -0.04240715 -0.95694553 -0.36645022]
 [ 0.          0.          0.          1.        ]]"
single_object,98,219,28,4,30,0.24856117157672802,0.410963587668813,0.0028463108221247605,0.0028957557935997253,"[[ 0.          1.          0.         -0.12038161]
 [-1.          0.          0.          0.12677378]
 [ 0.          0.          1.         -0.36602439]
 [ 0.          0.          0.          1.        ]]","[[ 0.33981324 -0.1346929  -0.93079793 -0.11283705]
 [ 0.92888566 -0.10694361  0.35459059  0.14007793]
 [-0.14730372 -0.98509943  0.08877345 -0.35972681]
 [ 0.          0.          0.          1.        ]]"
single_object,98,219,37,111,30,0.31847566469772165,0.45406112787654285,0.002684666251612236,0.0024178250116066173,"[[ 0.42817484 -0.88686535  0.17359768 -0.12452918]
 [-0.39056458 -0.3548352  -0.84944175  0.10575302]
 [ 0.81493903  0.29590848 -0.4983097  -0.36606332]
 [ 0.          0.          0.          1.        ]]","[[ 0.30235131 -0.95294803 -0.02176543 -0.12340671]
 [-0.70316087 -0.20756623 -0.68005959  0.10975461]
 [ 0.64354368  0.22092151 -0.73283369 -0.36588482]
 [ 0.          0.          0.          1.        ]]"
single_object,98,220,28,7,30,0.4953558607328053,0.38725853324975784,0.0032908666438885466,0.002418532029240385,"[[ 5.10771922e-02  9.85467626e-01  1.62002097e-01 -1.25143232e-01]
 [ 9.98651115e-01 -5.19141267e-02  9.34532608e-04  1.35799708e-01]
 [ 9.33114900e-03  1.61735841e-01 -9.86789971e-01 -3.63259088e-01]
 [ 0.00000000e+00  0.00000000e+00  0.00000000e+00  1.00000000e+00]]","[[-0.13158132  0.9878327   0.08290303 -0.12641338]
 [ 0.97831351  0.14289723 -0.14994354  0.1375643 ]
 [-0.15996574  0.06137538 -0.98521268 -0.36012578]
 [ 0.          0.          0.          1.        ]]"
single_object,98,220,37,101,22,0.5206453181538637,0.5546704043250047,0.0026589873931247847,0.002467460197118542,"[[-0.22627004 -0.97092632  0.07812773 -0.1652147 ]
 [-0.52739199  0.05468137 -0.84786062  0.10872507]
 [ 0.81893806 -0.2330494  -0.52443152 -0.36376269]
 [ 0.          0.          0.          1.        ]]","[[-0.12365974 -0.99082273  0.05457641 -0.1589116 ]
 [-0.51246706  0.0166682  -0.8585451   0.10975316]
 [ 0.84975631 -0.13413608 -0.50982519 -0.36504549]
 [ 0.          0.          0.          1.        ]]"
single_object,98,221,37,257,24,0.6415709606830762,0.6829903173672393,0.0026406279698033873,0.002454876200630051,"[[ 0.0136906  -0.99606492  0.08756282 -0.16214606]
 [-0.65208088 -0.07528123 -0.75440259  0.10704293]
 [ 0.75802579 -0.04676982 -0.65054553 -0.36014369]
 [ 0.          0.          0.          1.        ]]","[[-0.00310944 -0.99773673  0.0671695  -0.15905447]
 [-0.61944197 -0.05080923 -0.7833965   0.10332651]
 [ 0.78503629 -0.04404353 -0.61788202 -0.35758195]
 [ 0.          0.          0.          1.        ]]"
single_object,98,221,28,14,21,0.42908427830645623,0.43466864208786826,0.0030056121087635684,0.0027617369387108693,"[[ 0.40220963  0.40894975 -0.81913828 -0.11886889]
 [ 0.58470865 -0.80320829 -0.11389576  0.13893336]
 [-0.70451629 -0.43314726 -0.56217457 -0.35184511]
 [ 0.          0.          0.          1.        ]]","[[ 0.41197832  0.60715822 -0.67943562 -0.12336318]
 [ 0.85023833 -0.52429323  0.04702552  0.14108857]
 [-0.32767157 -0.5970557  -0.73222663 -0.34790166]
 [ 0.          0.          0.          1.        ]]"
single_object,98,222,28,13,30,0.4653826428856345,0.5916576443102171,0.0030794008019122167,0.0027776592156733746,"[[-0.83969159 -0.06279892  0.53942036 -0.11569937]
 [-0.51474738 -0.22451619 -0.82742227  0.12415945]
 [ 0.17306983 -0.97244474  0.15619878 -0.33374167]
 [ 0.          0.          0.          1.        ]]","[[-0.25473412 -0.95660692  0.14146986 -0.1052125 ]
 [ 0.63286978 -0.05430556  0.77235144  0.13353835]
 [-0.73115414  0.28627626  0.61924109 -0.35220659]
 [ 0.          0.          0.          1.        ]]"
single_object,98,222,37,204,30,0.5262017477366667,0.7000314649809065,0.0025235798099583267,0.0022843537871863216,"[[ 0.13951751  0.9896558   0.03341039 -0.17037935]
 [ 0.95344754 -0.12515063 -0.27436308  0.09104471]
 [-0.26734368  0.0701335  -0.9610456  -0.34613394]
 [ 0.          0.          0.          1.        ]]","[[ 0.01103341  0.99976077 -0.01888556 -0.16199328]
 [ 0.86695017 -0.0189756  -0.49803346  0.09507026]
 [-0.49827268 -0.01087784 -0.86695214 -0.34922621]
 [ 0.          0.          0.          1.        ]]"
single_object,98,223,28,1,23,0.22269075160977833,0.3877143996808935,0.0028219098536371298,0.0024672363902746497,"[[ 0.77768399 -0.25970986 -0.57250187 -0.11393005]
 [-0.47839774 -0.83530539 -0.27092527  0.10920185]
 [-0.40785194  0.48457785 -0.77384824 -0.336715  ]
 [ 0.          0.          0.          1.        ]]","[[ 0.13822337 -0.79308434  0.59322131 -0.11861638]
 [-0.22814528 -0.60835931 -0.76016358  0.11599732]
 [ 0.96376555 -0.03026827 -0.26502793 -0.33703606]
 [ 0.          0.          0.          1.        ]]"
single_object,98,223,37,226,30,0.5444514366624237,0.6020967119094953,0.0025656061293037697,0.0021674823337097826,"[[ 0.02680221 -0.99768891  0.06243778 -0.14270834]
 [-0.5829462  -0.06633955 -0.809798    0.10479039]
 [ 0.81206858 -0.01469349 -0.583377   -0.354056  ]
 [ 0.          0.          0.          1.        ]]","[[-0.01809523 -0.99962671  0.02046945 -0.13500017]
 [-0.69958966 -0.00196778 -0.71454212  0.09883343]
 [ 0.71431567 -0.02725001 -0.6992929  -0.35031468]
 [ 0.          0.          0.          1.        ]]"
single_object,98,224,37,208,30,0.6350991862011757,0.7192751612580272,0.0024928052202097617,0.001904145659408913,"[[-0.19278599  0.98122031 -0.00634522 -0.1618464 ]
 [ 0.90085256  0.1744249  -0.39754323  0.08468888]
 [-0.38897073 -0.08235687 -0.91756151 -0.34032869]
 [ 0.          0.          0.          1.        ]]","[[-0.01752304  0.99980178  0.0094525  -0.16253373]
 [ 0.84548887  0.01986355 -0.53362348  0.08821459]
 [-0.53370546 -0.00135872 -0.84566934 -0.34036144]
 [ 0.          0.          0.          1.        ]]"
single_object,98,224,28,25,30,0.6308051740839934,0.6668186221437119,0.0029965572176804418,0.0024263564813383222,"[[-0.38069976 -0.87926917 -0.28627508 -0.11159241]
 [ 0.82713033 -0.46221588  0.31970596  0.12832848]
 [-0.41342848 -0.11507482  0.90323567 -0.33390511]
 [ 0.          0.          0.          1.        ]]","[[ 0.02845296 -0.95690151 -0.28901546 -0.10827717]
 [-0.18918408 -0.28906202  0.93843089  0.12954755]
 [-0.98152932  0.02797598 -0.1892552  -0.33841283]
 [ 0.          0.          0.          1.        ]]"
single_object,98,225,28,8,30,0.7285315402587041,0.7247136588979429,0.0029041279589284877,0.002916231620764864,"[[ 0.31911246 -0.91170838  0.25875677 -0.10561981]
 [-0.20687034 -0.33345788 -0.91978829  0.11672728]
 [ 0.92486318  0.2399868  -0.29501599 -0.3243563 ]
 [ 0.          0.          0.          1.        ]]","[[-0.03401227 -0.86730326  0.49661677 -0.10731394]
 [ 0.03777302 -0.4976648  -0.86654657  0.11612675]
 [ 0.99870735 -0.0107145   0.04968737 -0.32568186]
 [ 0.          0.          0.          1.        ]]"
single_object,98,225,37,143,26,0.70861997454197,0.7342281783206281,0.0020469766790749263,0.0017996451099700113,"[[ 0.03399837  0.99813659  0.05067    -0.16136844]
 [ 0.84889296 -0.00208268 -0.52856069  0.08580426]
 [-0.52747024  0.06098361 -0.84738194 -0.33790897]
 [ 0.          0.          0.          1.        ]]","[[-0.00758015  0.99984268  0.01603602 -0.16380589]
 [ 0.86857734  0.01452952 -0.49534059  0.08576387]
 [-0.49549566  0.01017377 -0.86855083 -0.33691486]
 [ 0.          0.          0.          1.        ]]"
single_object,98,226,37,94,30,0.4457729658604957,0.5344827586206896,0.0024781489041388383,0.001971376660650391,"[[-0.22978571  0.9688257  -0.09260282 -0.14534069]
 [ 0.88044618  0.16638586 -0.44399354  0.10926846]
 [-0.41474456 -0.18355517 -0.89123198 -0.32240375]
 [ 0.          0.          0.          1.        ]]","[[-0.11207575  0.98312723 -0.14456793 -0.14220894]
 [ 0.74941993 -0.01191139 -0.66198783  0.10680265]
 [-0.65254026 -0.18253487 -0.73544016 -0.32363193]
 [ 0.          0.          0.          1.        ]]"
single_object,98,227,37,265,30,0.4794047397703056,0.4974828015274818,0.002143558882135468,0.0019393668772106597,"[[ 0.08624474  0.9779987  -0.18994839 -0.13699052]
 [ 0.86543013 -0.16799543 -0.47202567  0.10974584]
 [-0.49355095 -0.12367733 -0.86087826 -0.32519751]
 [ 0.          0.          0.          1.        ]]","[[-0.00232695  0.9857342  -0.16829341 -0.14144757]
 [ 0.8244491  -0.09335194 -0.55818375  0.10984733]
 [-0.56593132 -0.14004822 -0.81247045 -0.32589806]
 [ 0.          0.          0.          1.        ]]"
single_object,98,228,37,244,30,0.43360889028733246,0.3932049943506057,0.002631246828866258,0.0020841557404015394,"[[-0.00401285  0.97178204 -0.23584647 -0.13816974]
 [ 0.89926685 -0.09964981 -0.42589793  0.11219395]
 [-0.43738202 -0.21379797 -0.8734915  -0.3271326 ]
 [ 0.          0.          0.          1.        ]]","[[-0.18567302  0.97711218 -0.10381387 -0.14251173]
 [ 0.62718044  0.03651728 -0.77801747  0.11624809]
 [-0.75641935 -0.20956688 -0.61960592 -0.33478973]
 [ 0.          0.          0.          1.        ]]"
single_object,98,229,37,183,30,0.3228950642886769,0.33131194668115965,0.002571285652991981,0.0021383981719526354,"[[-0.18061373 -0.94516407 -0.27210947 -0.10234314]
 [-0.93506258  0.25080432 -0.25050983  0.11174592]
 [ 0.30501912  0.20919386 -0.92908625 -0.33753386]
 [ 0.          0.          0.          1.        ]]","[[-0.03249607 -0.98228725 -0.18454205 -0.10559184]
 [-0.7842383   0.13952436 -0.60456864  0.11406888]
 [ 0.61960817  0.12507884 -0.77488128 -0.3391585 ]
 [ 0.          0.          0.          1.        ]]"
single_object,98,230,37,116,30,0.3180179922481729,0.3226805303279509,0.0026664026072507284,0.002355546995731127,"[[ 0.27361792  0.93024156 -0.24450739 -0.13396332]
 [ 0.94365293 -0.30882484 -0.11893851  0.11984927]
 [-0.1861515  -0.19818641 -0.96232519 -0.33448412]
 [ 0.          0.          0.          1.        ]]","[[-0.08657276  0.97980062 -0.18026622 -0.13848821]
 [ 0.75293813 -0.05413915 -0.6558606   0.12421926]
 [-0.65237208 -0.19250897 -0.73304227 -0.34179095]
 [ 0.          0.          0.          1.        ]]"
single_object,99,0,28,4,30,0.33768305886375294,0.4493703344919939,0.003002966108432484,0.002772389259856197,"[[ 0.22280812 -0.61549104  0.75599426 -0.15700998]
 [-0.96228622 -0.01469651  0.27164176 -0.05308297]
 [-0.15608259 -0.78800685 -0.59555305 -0.48484612]
 [ 0.          0.          0.          1.        ]]","[[ 0.02852546  0.90644447  0.42136056 -0.16589677]
 [ 0.56287597  0.33378192 -0.75614831 -0.0496471 ]
 [-0.82604899  0.25874322 -0.50069453 -0.49045864]
 [ 0.          0.          0.          1.        ]]"
single_object,99,1,37,113,30,0.42665798995981064,0.3882421087258113,0.0023240765418187583,0.002229540617179943,"[[-0.9152734   0.00245727 -0.40282573  0.09417376]
 [ 0.37965999  0.33953415 -0.86056659 -0.0831228 ]
 [ 0.13465845 -0.94059052 -0.31169951 -0.43146849]
 [ 0.          0.          0.          1.        ]]","[[-0.82610433  0.05458941 -0.56086687  0.09781748]
 [ 0.55142624  0.28337998 -0.78461767 -0.08470163]
 [ 0.11610663 -0.95745276 -0.26420346 -0.43295024]
 [ 0.          0.          0.          1.        ]]"
single_object,99,2,37,126,30,0.4020867003246614,0.48321629313920395,0.0025523081290644506,0.002485498459195287,"[[-0.78988062  0.11325455 -0.60271222  0.08148176]
 [ 0.60275783  0.32448391 -0.72896721 -0.09434885]
 [ 0.11301156 -0.93908658 -0.32456862 -0.42145481]
 [ 0.          0.          0.          1.        ]]","[[-0.90805441 -0.06279345 -0.41411854  0.08731889]
 [ 0.36481982  0.36716045 -0.85562825 -0.08899155]
 [ 0.2057758  -0.92803566 -0.31049337 -0.43128835]
 [ 0.          0.          0.          1.        ]]"
single_object,99,3,37,107,27,0.47529283885639095,0.49395014230752726,0.002470247783760565,0.0021663774490930958,"[[-0.98168092 -0.07631505 -0.17458118  0.07571177]
 [ 0.12809275  0.4139699  -0.90123314 -0.08752275]
 [ 0.141049   -0.90708596 -0.39661095 -0.43615146]
 [ 0.          0.          0.          1.        ]]","[[-0.87474795 -0.03740855 -0.48313209  0.08451131]
 [ 0.430664    0.39702803 -0.81049199 -0.08995395]
 [ 0.22213631 -0.91704381 -0.33118894 -0.43916147]
 [ 0.          0.          0.          1.        ]]"
single_object,99,4,37,152,15,0.4482043507487235,0.47802457128963516,0.0020192915325082075,0.0019691256414484343,"[[-0.78193089  0.02022411 -0.62303698  0.08145955]
 [ 0.57398487  0.41322556 -0.70695544 -0.09272484]
 [ 0.24315726 -0.9104041  -0.33472217 -0.44512565]
 [ 0.          0.          0.          1.        ]]","[[-0.84328007  0.00144109 -0.53747246  0.08097097]
 [ 0.48887858  0.41757328 -0.76591794 -0.08969648]
 [ 0.22333038 -0.90864211 -0.35283574 -0.44614049]
 [ 0.          0.          0.          1.        ]]"
single_object,99,5,37,140,30,0.4633146927158569,0.4675052560820378,0.002012428572053263,0.0019794869151292666,"[[-0.89470062  0.00362734 -0.44665159  0.07884229]
 [ 0.39838365  0.45868948 -0.79428863 -0.08762402]
 [ 0.20199323 -0.88858922 -0.41183484 -0.45371884]
 [ 0.          0.          0.          1.        ]]","[[-0.86404275 -0.00541888 -0.50338928  0.07906456]
 [ 0.44417909  0.46240559 -0.76738909 -0.08980138]
 [ 0.2369284  -0.88665197 -0.39713124 -0.45094495]
 [ 0.          0.          0.          1.        ]]"
single_object,99,6,37,106,30,0.4180551781346987,0.391924941718274,0.0027157695761436777,0.0020679565525222937,"[[-0.76991024  0.19383848 -0.60800072  0.07389675]
 [ 0.61319944  0.4885337  -0.62074251 -0.09135664]
 [ 0.17670505 -0.85074171 -0.49498875 -0.45237558]
 [ 0.          0.          0.          1.        ]]","[[-0.7451556   0.11829293 -0.65631541  0.07893047]
 [ 0.62581256  0.46409582 -0.62687615 -0.09223133]
 [ 0.23043822 -0.8778507  -0.41985279 -0.45583926]
 [ 0.          0.          0.          1.        ]]"
single_object,99,7,37,103,27,0.3958437620675353,0.40038473090290194,0.0025986947329280662,0.0023481241980449104,"[[ 0.99007872 -0.12061622  0.07208231  0.05603282]
 [-0.00934413 -0.56837202 -0.82271863 -0.08154133]
 [ 0.14020278  0.81388266 -0.56386009 -0.45952419]
 [ 0.          0.          0.          1.        ]]","[[ 0.94828709 -0.26215301 -0.178962    0.06190752]
 [-0.29666164 -0.53147057 -0.79342984 -0.0843185 ]
 [ 0.11288698  0.80549043 -0.58175742 -0.45661991]
 [ 0.          0.          0.          1.        ]]"
single_object,99,8,37,188,30,0.4218738826356212,0.4333943563266065,0.002856745899845134,0.002212554277305129,"[[-0.94757751 -0.15153688  0.28130666  0.05172894]
 [-0.31553633  0.58247211 -0.74910819 -0.08308512]
 [-0.05033577 -0.79860054 -0.59975286 -0.46406569]
 [ 0.          0.          0.          1.        ]]","[[-0.89866087  0.14349268 -0.41450994  0.06674115]
 [ 0.42256361  0.53672085 -0.73032234 -0.08457026]
 [ 0.11768022 -0.83146893 -0.54296481 -0.46315561]
 [ 0.          0.          0.          1.        ]]"
single_object,99,9,37,153,30,0.43420958537736526,0.4362190534761653,0.0025306791728294986,0.002050095779755413,"[[-0.7284378   0.08457958 -0.67987106  0.06477084]
 [ 0.58274684  0.59830478 -0.54994319 -0.08923349]
 [ 0.36025614 -0.79679212 -0.4851163  -0.46375867]
 [ 0.          0.          0.          1.        ]]","[[-0.87520661 -0.10885293 -0.47134322  0.07283744]
 [ 0.31614454  0.60878454 -0.72762216 -0.08473723]
 [ 0.36615027 -0.78583231 -0.498399   -0.46767855]
 [ 0.          0.          0.          1.        ]]"
single_object,99,10,37,191,30,0.4363048670604557,0.4135642672235015,0.0025037620083936535,0.002116640942286634,"[[-0.85252378 -0.0115376  -0.52256109  0.06937509]
 [ 0.37477485  0.68339615 -0.62650899 -0.0809373 ]
 [ 0.36434464 -0.72995657 -0.57828746 -0.47374626]
 [ 0.          0.          0.          1.        ]]","[[-0.86706343 -0.0970678  -0.48865003  0.07227742]
 [ 0.31748112  0.64822383 -0.69210664 -0.08045615]
 [ 0.38393587 -0.75523752 -0.53123398 -0.475203  ]
 [ 0.          0.          0.          1.        ]]"
single_object,99,11,37,329,27,0.44328437191607434,0.44944864772093424,0.0023720411043458263,0.0018822407980196216,"[[-0.74350823  0.01907211 -0.66845476  0.06545585]
 [ 0.51173548  0.6597118  -0.55037    -0.08569477]
 [ 0.43049078 -0.75127664 -0.50026103 -0.4731888 ]
 [ 0.          0.          0.          1.        ]]","[[-0.82736739 -0.03810855 -0.56036679  0.07075012]
 [ 0.39130021  0.67661566 -0.62375908 -0.08174887]
 [ 0.4029235  -0.73534957 -0.54489785 -0.47567722]
 [ 0.          0.          0.          1.        ]]"
single_object,99,12,37,199,30,0.46009668330496717,0.48434617199902746,0.0023831623219239765,0.001996499229319258,"[[-0.95342484 -0.05372956 -0.2968067   0.05341286]
 [ 0.18155904  0.68355416 -0.70695829 -0.07645883]
 [ 0.24086801 -0.72791953 -0.64196243 -0.47260923]
 [ 0.          0.          0.          1.        ]]","[[-0.86071698  0.03355753 -0.50797654  0.06775305]
 [ 0.38281498  0.7004292  -0.60237167 -0.07879019]
 [ 0.3355875  -0.71293256 -0.61571763 -0.47865911]
 [ 0.          0.          0.          1.        ]]"
single_object,99,13,37,238,30,0.44148228664597605,0.48535448161443956,0.002622051332430145,0.002020925742270955,"[[-0.82209314  0.19035878 -0.53658774  0.05917368]
 [ 0.51694694  0.64451196 -0.56335618 -0.06769374]
 [ 0.23859742 -0.74051865 -0.62825425 -0.48312284]
 [ 0.          0.          0.          1.        ]]","[[-0.8764615   0.08751186 -0.47345212  0.0649654 ]
 [ 0.38521665  0.71735614 -0.58052416 -0.07470329]
 [ 0.28883104 -0.69118872 -0.66244606 -0.48267984]
 [ 0.          0.          0.          1.        ]]"
single_object,99,14,37,110,30,0.3958795177276563,0.44546546718345514,0.002410624525754087,0.0017838002776040984,"[[-0.73909163 -0.22329321 -0.63551846  0.05881267]
 [ 0.25257938  0.78275506 -0.56876899 -0.0715112 ]
 [ 0.62445755 -0.58089126 -0.52212845 -0.48528556]
 [ 0.          0.          0.          1.        ]]","[[-0.82309925 -0.07059415 -0.56349275  0.07014257]
 [ 0.32000052  0.76206578 -0.56289912 -0.07307777]
 [ 0.46915593 -0.64363982 -0.60466561 -0.48744498]
 [ 0.          0.          0.          1.        ]]"
single_object,99,15,37,171,30,0.46302149630286477,0.4621061514037672,0.002252379063653281,0.0018832119223531755,"[[-0.95214087 -0.25110808 -0.17427705  0.05224457]
 [-0.11695081  0.82606922 -0.55130042 -0.06518251]
 [ 0.28240089 -0.50453382 -0.81590156 -0.48911581]
 [ 0.          0.          0.          1.        ]]","[[-0.86746821 -0.05676599 -0.4942434   0.06978896]
 [ 0.25595418  0.80097189 -0.54123146 -0.07059124]
 [ 0.42659861 -0.59600475 -0.68028815 -0.49034476]
 [ 0.          0.          0.          1.        ]]"
single_object,99,17,37,60,30,0.4270441510891174,0.5071296786281269,0.0023411136662813154,0.0019922967358812728,"[[-0.69449838  0.02334928 -0.71911529  0.03893902]
 [ 0.5062924   0.72600419 -0.46538793 -0.06774216]
 [ 0.51121424 -0.68729377 -0.5160303  -0.49057021]
 [ 0.          0.          0.          1.        ]]","[[-0.76795331 -0.11913182 -0.62932926  0.04626857]
 [ 0.29563311  0.80570038 -0.51327182 -0.08226402]
 [ 0.56819783 -0.58021936 -0.58352096 -0.4860486 ]
 [ 0.          0.          0.          1.        ]]"
single_object,99,18,37,94,30,0.47193895793704144,0.5065718903302393,0.0023478677312401344,0.002056489738950381,"[[-0.7922072  -0.16566853 -0.5873344   0.03486217]
 [ 0.25067627  0.78915361 -0.56071203 -0.07671862]
 [ 0.5563894  -0.5914309  -0.583644   -0.47857962]
 [ 0.          0.          0.          1.        ]]","[[-0.82104315 -0.20008217 -0.53465435  0.04404508]
 [ 0.18405904  0.79376914 -0.57970064 -0.08195776]
 [ 0.54037988 -0.5743672  -0.61489178 -0.4816345 ]
 [ 0.          0.          0.          1.        ]]"
single_object,99,20,37,114,30,0.4686279838098371,0.5168981249731832,0.0021630067895465083,0.002075520661999291,"[[-0.51962796 -0.0305968  -0.85384461  0.0476105 ]
 [ 0.62258177  0.67085169 -0.40292673 -0.09455485]
 [ 0.58513137 -0.74096009 -0.32954429 -0.47576616]
 [ 0.          0.          0.          1.        ]]","[[-0.71401689  0.03422113 -0.69929164  0.04948526]
 [ 0.54366764  0.65643339 -0.52299207 -0.09173398]
 [ 0.441141   -0.75360741 -0.48730945 -0.475782  ]
 [ 0.          0.          0.          1.        ]]"
single_object,99,21,37,148,30,0.4049686065304138,0.47326906849354256,0.0022816371629634687,0.0020294558343187043,"[[-0.5618199   0.05033016 -0.82572712  0.05057708]
 [ 0.69326635  0.57326164 -0.43675262 -0.10219652]
 [ 0.45137586 -0.81782514 -0.356962   -0.46310348]
 [ 0.          0.          0.          1.        ]]","[[-0.67821129  0.01882173 -0.73462588  0.05232349]
 [ 0.57991367  0.62771843 -0.51929732 -0.09325227]
 [ 0.45136413 -0.7782129  -0.43664071 -0.47472872]
 [ 0.          0.          0.          1.        ]]"
single_object,99,22,37,224,26,0.5011870879160171,0.49472961569816504,0.002717524493508943,0.0020887488956854946,"[[-0.9700701  -0.13046397 -0.20480027  0.03462738]
 [ 0.07687671  0.63501641 -0.76866386 -0.08623532]
 [ 0.23033447 -0.7614022  -0.60598079 -0.46199437]
 [ 0.          0.          0.          1.        ]]","[[-0.97445416 -0.07883856 -0.21029399  0.03284485]
 [ 0.11868213  0.61417202 -0.78019695 -0.08709627]
 [ 0.19066629 -0.7852243  -0.58912576 -0.46312757]
 [ 0.          0.          0.          1.        ]]"
single_object,99,23,37,182,30,0.4575008223801828,0.48461791501594703,0.0023824987862722394,0.002178070069074586,"[[-0.9200104   0.00927366 -0.3917842   0.04586786]
 [ 0.32717889  0.56847495 -0.75484449 -0.0901992 ]
 [ 0.21571934 -0.8226483  -0.52603701 -0.46442047]
 [ 0.          0.          0.          1.        ]]","[[-0.89911315 -0.0026961  -0.43770797  0.04188414]
 [ 0.36265173  0.55537728 -0.74835807 -0.09083003]
 [ 0.24511071 -0.83159414 -0.49836927 -0.46066686]
 [ 0.          0.          0.          1.        ]]"
single_object,99,24,37,204,30,0.46171283914243627,0.4837597791730431,0.0023562563413372746,0.00209268834572171,"[[-0.83333317  0.09006694 -0.54538406  0.05690585]
 [ 0.50536722  0.52388804 -0.68567142 -0.1030364 ]
 [ 0.22396386 -0.84701197 -0.48209016 -0.45505298]
 [ 0.          0.          0.          1.        ]]","[[-0.70147856  0.03607367 -0.71177701  0.05677914]
 [ 0.62712839  0.50571032 -0.59242472 -0.09939068]
 [ 0.33858204 -0.86194882 -0.37736777 -0.46145677]
 [ 0.          0.          0.          1.        ]]"
single_object,99,25,37,185,22,0.5111200102976301,0.5052989888299317,0.0022264498171403672,0.001996046670145557,"[[-0.83670288 -0.02363505 -0.54714685  0.05677788]
 [ 0.45737801  0.51934693 -0.72186157 -0.09901558]
 [ 0.30122027 -0.85423659 -0.42372892 -0.45457826]
 [ 0.          0.          0.          1.        ]]","[[-0.69601185  0.00659453 -0.71800001  0.05826149]
 [ 0.6356084   0.47082844 -0.61181905 -0.10150513]
 [ 0.33402016 -0.88220014 -0.33189371 -0.45537569]
 [ 0.          0.          0.          1.        ]]"
single_object,99,26,37,140,18,0.39100959681917646,0.4640441081823253,0.0024141293234796533,0.0018588305501789151,"[[-0.66676056  0.13923871 -0.73214953  0.06295641]
 [ 0.72299875  0.35922491 -0.59011038 -0.10819643]
 [ 0.18084015 -0.92280553 -0.34018641 -0.44807192]
 [ 0.          0.          0.          1.        ]]","[[-0.68259364  0.0508062  -0.72902994  0.06197587]
 [ 0.67802552  0.41623394 -0.6058306  -0.10331515]
 [ 0.27266705 -0.90783701 -0.31856653 -0.44991492]
 [ 0.          0.          0.          1.        ]]"
single_object,99,27,37,212,15,0.4970394313419814,0.48791458687910294,0.002179710111942048,0.0019892441060013247,"[[-0.74997023  0.05402942 -0.65926131  0.06275253]
 [ 0.6189964   0.40871269 -0.67066936 -0.10172703]
 [ 0.23321258 -0.91106243 -0.33996637 -0.44494759]
 [ 0.          0.          0.          1.        ]]","[[-0.74130499  0.01397852 -0.67102273  0.06412646]
 [ 0.61806611  0.40397711 -0.67438623 -0.10283162]
 [ 0.2616509  -0.91466229 -0.3081099  -0.4452069 ]
 [ 0.          0.          0.          1.        ]]"
single_object,99,28,37,106,30,0.4711952402065247,0.4896952187531286,0.0025555061624451827,0.002432647098564573,"[[ 0.67684736  0.1936018  -0.71020842  0.06185197]
 [-0.53472954 -0.53375354 -0.65511181 -0.09980769]
 [-0.50590708  0.82318012 -0.25774507 -0.44081873]
 [ 0.          0.          0.          1.        ]]","[[ 0.80339726 -0.12411433 -0.58236455  0.06563685]
 [-0.57446729 -0.41886875 -0.70323276 -0.1012925 ]
 [-0.15665305  0.89952466 -0.40781763 -0.4387868 ]
 [ 0.          0.          0.          1.        ]]"
single_object,99,29,37,129,30,0.4633719017720505,0.5115276248230095,0.0023997634789637793,0.0021004951293148062,"[[-0.8645674  -0.14687822 -0.48057257  0.06647872]
 [ 0.3959483   0.38976451 -0.83144968 -0.09591729]
 [ 0.30943198 -0.90912618 -0.27882151 -0.43843546]
 [ 0.          0.          0.          1.        ]]","[[-0.82415601 -0.017605   -0.56608916  0.07156552]
 [ 0.52947095  0.33089091 -0.78113489 -0.09908011]
 [ 0.20106564 -0.94350478 -0.2633844  -0.43609848]
 [ 0.          0.          0.          1.        ]]"
single_object,99,30,37,166,30,0.47054448719232256,0.4949155451307942,0.002539818538236414,0.002091863697185373,"[[-0.97143205 -0.17146725 -0.16406938  0.06736638]
 [ 0.09713485  0.34350395 -0.93411448 -0.09159866]
 [ 0.21652852 -0.92336559 -0.3170353  -0.43040961]
 [ 0.          0.          0.          1.        ]]","[[-0.83471898 -0.02509865 -0.55010389  0.07860046]
 [ 0.51969602  0.29443566 -0.80201227 -0.09680673]
 [ 0.18209963 -0.95534167 -0.23272737 -0.43007453]
 [ 0.          0.          0.          1.        ]]"
single_object,99,31,37,119,30,0.4801770620289192,0.5081522905075874,0.0024936964357546386,0.0020140730354338025,"[[-0.85692065 -0.1188108  -0.50156853  0.05804814]
 [ 0.44382921  0.32474368 -0.83519888 -0.10413324]
 [ 0.26211186 -0.93830994 -0.22554786 -0.4304914 ]
 [ 0.          0.          0.          1.        ]]","[[-0.66992015  0.00283009 -0.74242776  0.06018169]
 [ 0.71816908  0.25603408 -0.64705465 -0.10949686]
 [ 0.18825559 -0.96666361 -0.17355488 -0.42918659]
 [ 0.          0.          0.          1.        ]]"
single_object,99,32,37,169,24,0.4724395371787354,0.49958523434259644,0.002243920613190431,0.002024266663591366,"[[-0.70622652 -0.13458158 -0.6950769   0.04886243]
 [ 0.60014238  0.40704384 -0.68858146 -0.10861429]
 [ 0.37559715 -0.9034396  -0.20669705 -0.4348738 ]
 [ 0.          0.          0.          1.        ]]","[[-0.60681264 -0.00235121 -0.79484142  0.05317043]
 [ 0.75801795  0.29914863 -0.57958509 -0.1123417 ]
 [ 0.23913845 -0.95420363 -0.17974491 -0.4355607 ]
 [ 0.          0.          0.          1.        ]]"
single_object,99,33,37,157,15,0.47293296528840517,0.49319212231296217,0.0023190080000110654,0.001994529260629214,"[[-0.47573893  0.11404969 -0.87216119  0.04284952]
 [ 0.86202005  0.25763108 -0.43651765 -0.11266367]
 [ 0.17491113 -0.95948887 -0.22087826 -0.43807679]
 [ 0.          0.          0.          1.        ]]","[[-0.56097691  0.02319881 -0.82750633  0.04817825]
 [ 0.78568748  0.32979819 -0.52338163 -0.11388209]
 [ 0.26076826 -0.94376637 -0.20323619 -0.44015574]
 [ 0.          0.          0.          1.        ]]"
single_object,99,34,37,142,30,0.48428181181080965,0.537865244068136,0.00243084397987221,0.0022731270326140115,"[[ 0.94375618 -0.13449752 -0.30205082  0.03132282]
 [-0.33053161 -0.40739727 -0.85133796 -0.10384843]
 [-0.00855183  0.9032928  -0.42893937 -0.43917752]
 [ 0.          0.          0.          1.        ]]","[[ 0.76682612 -0.07115795 -0.63789831  0.03547532]
 [-0.59466793 -0.45277848 -0.66435058 -0.10670219]
 [-0.2415528   0.88877905 -0.38951771 -0.43990027]
 [ 0.          0.          0.          1.        ]]"
single_object,99,35,37,153,29,0.4760294054548835,0.4788040446802729,0.0022956528253945036,0.0019184816393900445,"[[-0.80182051  0.12052847 -0.58528349  0.03433191]
 [ 0.58273557  0.37456046 -0.72119603 -0.10660513]
 [ 0.13229939 -0.91933528 -0.37056648 -0.4473197 ]
 [ 0.          0.          0.          1.        ]]","[[-0.49117811  0.01292229 -0.8709633   0.04036104]
 [ 0.79833206  0.40665231 -0.44418445 -0.11335424]
 [ 0.34843936 -0.91349161 -0.21005499 -0.45056345]
 [ 0.          0.          0.          1.        ]]"
single_object,99,36,37,91,30,0.4786252663796679,0.45898110670919207,0.0021900544347806237,0.0018768033797143082,"[[-0.74244084  0.05472392 -0.66767274  0.026512  ]
 [ 0.61818539  0.43998982 -0.65134921 -0.10219146]
 [ 0.25812483 -0.89633379 -0.36049594 -0.44821894]
 [ 0.          0.          0.          1.        ]]","[[-0.44031007  0.02366365 -0.89753388  0.03806269]
 [ 0.81868918  0.42099107 -0.39053111 -0.11353514]
 [ 0.36861236 -0.90675606 -0.20473978 -0.45462388]
 [ 0.          0.          0.          1.        ]]"
single_object,99,37,37,231,30,0.4710665198300891,0.44804702584419115,0.002137628385315891,0.0018748567018561208,"[[-0.59795063  0.12408157 -0.79187045  0.03318572]
 [ 0.76656951  0.3771343  -0.51975081 -0.10698963]
 [ 0.23415001 -0.91780907 -0.32062484 -0.45763386]
 [ 0.          0.          0.          1.        ]]","[[-0.40368607  0.03299243 -0.9143025   0.0357562 ]
 [ 0.82519062  0.44469252 -0.34829443 -0.11199605]
 [ 0.3950924  -0.89507545 -0.20674122 -0.46016782]
 [ 0.          0.          0.          1.        ]]"
single_object,99,38,37,219,25,0.47884695147241807,0.4449648879417612,0.002306513541678302,0.0019207936622461805,"[[-0.61022642  0.13087862 -0.78134148  0.0316575 ]
 [ 0.73761281  0.45370848 -0.50007595 -0.10744505]
 [ 0.289052   -0.88148704 -0.37340265 -0.46025983]
 [ 0.          0.          0.          1.        ]]","[[-0.39571288  0.03786585 -0.91759332  0.03387668]
 [ 0.81245093  0.48027022 -0.33055107 -0.11008256]
 [ 0.42817615 -0.87630285 -0.22081326 -0.4638467 ]
 [ 0.          0.          0.          1.        ]]"
single_object,99,39,37,213,30,0.48584075859208514,0.47053018492827414,0.0022705805618178543,0.0019272763600494086,"[[-0.7044002  -0.04201572 -0.70855842  0.02276987]
 [ 0.53110303  0.6310663  -0.56540684 -0.09876127]
 [ 0.47090331 -0.77459022 -0.42220855 -0.4602156 ]
 [ 0.          0.          0.          1.        ]]","[[-0.40868409  0.03651078 -0.91194533  0.03169555]
 [ 0.78381579  0.5259238  -0.33020746 -0.10727652]
 [ 0.46755762 -0.84974768 -0.24355441 -0.46789671]
 [ 0.          0.          0.          1.        ]]"
single_object,99,40,37,168,28,0.46587479798052034,0.44007351363720876,0.0021418161520852298,0.0019350120534310968,"[[-0.30618545  0.07016926 -0.9493823   0.02701836]
 [ 0.81478508  0.53506429 -0.22322964 -0.1051181 ]
 [ 0.49231671 -0.8418922  -0.22100177 -0.46884   ]
 [ 0.          0.          0.          1.        ]]","[[-0.33699854  0.01711473 -0.9413496   0.03036647]
 [ 0.77618007  0.57095941 -0.26748802 -0.10468164]
 [ 0.53289443 -0.82079987 -0.2056966  -0.47279601]
 [ 0.          0.          0.          1.        ]]"
single_object,99,41,37,232,19,0.4409316494801127,0.43167093350877445,0.002208963152722763,0.0019220439484635892,"[[-0.63085115 -0.09387576 -0.77020398  0.02091245]
 [ 0.45418372  0.76013862 -0.46465732 -0.08934237]
 [ 0.62908185 -0.64294372 -0.43689748 -0.47092665]
 [ 0.          0.          0.          1.        ]]","[[-0.34311033  0.02154095 -0.93904808  0.02937854]
 [ 0.75334593  0.60343314 -0.26141605 -0.10154789]
 [ 0.56102158 -0.79712259 -0.22327193 -0.47737555]
 [ 0.          0.          0.          1.        ]]"
single_object,99,42,37,166,30,0.4107467212059669,0.417311460404182,0.002474269982160444,0.0018314656092753526,"[[-0.50297336  0.22633433 -0.83414062  0.02291172]
 [ 0.81840412  0.43503789 -0.37544205 -0.09483113]
 [ 0.27790735 -0.87150147 -0.40404541 -0.47321266]
 [ 0.          0.          0.          1.        ]]","[[-0.32893199  0.01593852 -0.9442191   0.0287601 ]
 [ 0.72712321  0.64226472 -0.24246209 -0.09941871]
 [ 0.60257413 -0.76631716 -0.22285068 -0.48147865]
 [ 0.          0.          0.          1.        ]]"
single_object,99,43,37,148,30,0.3420028890573378,0.38624694289105965,0.002469063908008067,0.002191748166201333,"[[-0.31040823  0.24238785 -0.91918162  0.02185511]
 [ 0.91646113  0.33312574 -0.22164439 -0.08518299]
 [ 0.25247915 -0.91119448 -0.32554401 -0.48142956]
 [ 0.          0.          0.          1.        ]]","[[-0.41242662  0.28248291 -0.86608758  0.02738714]
 [ 0.86907061  0.40707929 -0.28107425 -0.09274712]
 [ 0.27316764 -0.86861376 -0.41338793 -0.48268352]
 [ 0.          0.          0.          1.        ]]"
single_object,99,44,37,214,30,0.3972596862083268,0.44153234457014545,0.0022328767875427983,0.002069767620187283,"[[-0.54392665  0.21048981 -0.81230403  0.02013611]
 [ 0.75109255  0.55377011 -0.35944212 -0.08040127]
 [ 0.37417079 -0.80562566 -0.45930765 -0.48429712]
 [ 0.          0.          0.          1.        ]]","[[-0.39528854  0.05710579 -0.91678018  0.02602113]
 [ 0.68475605  0.68357032 -0.25266733 -0.09095035]
 [ 0.61225495 -0.72764727 -0.30931105 -0.48740919]
 [ 0.          0.          0.          1.        ]]"
single_object,99,45,37,172,30,0.4211015603770077,0.40344541540925927,0.0022376450911419637,0.0019179272512460336,"[[-0.61776095 -0.09458364 -0.78065699  0.02123292]
 [ 0.33613971  0.86570928 -0.37088751 -0.08735502]
 [ 0.71090189 -0.49152963 -0.50300807 -0.4827468 ]
 [ 0.          0.          0.          1.        ]]","[[-0.29485229  0.0042094  -0.95553357  0.02642402]
 [ 0.63553873  0.74760427 -0.19281697 -0.08814464]
 [ 0.71354933 -0.66413112 -0.22310806 -0.49386893]
 [ 0.          0.          0.          1.        ]]"
single_object,99,47,28,6,30,0.42059376602655424,0.48521283264003645,0.0029357330647924004,0.002918187505271575,"[[ 0.          1.          0.         -0.05666545]
 [-1.          0.          0.         -0.06847092]
 [ 0.          0.          1.         -0.53472569]
 [ 0.          0.          0.          1.        ]]","[[-0.03882487  0.78500947 -0.61826593 -0.05726289]
 [-0.81370442  0.33428628  0.47553949 -0.06149376]
 [ 0.57998082  0.52154847  0.62578705 -0.53922237]
 [ 0.          0.          0.          1.        ]]"
single_object,99,47,37,158,30,0.33354309987270986,0.3138345800140162,0.0024807109813930724,0.0021261028681242924,"[[-0.33495345 -0.02027883 -0.94201643 -0.00386052]
 [ 0.52693145  0.82478508 -0.20511658 -0.08456731]
 [ 0.78112062 -0.56508259 -0.26557906 -0.47225599]
 [ 0.          0.          0.          1.        ]]","[[-0.05372884  0.05611966 -0.99697733  0.00197675]
 [ 0.78579428  0.61844204 -0.00753583 -0.09780243]
 [ 0.61614979 -0.78382398 -0.07732669 -0.4840511 ]
 [ 0.          0.          0.          1.        ]]"
single_object,99,48,37,78,22,0.256382385331598,0.30447374819433914,0.003095364644336063,0.0021192721816678277,"[[-0.78264023  0.05783764 -0.61978147  0.00625613]
 [ 0.50580035  0.63943948 -0.5790364  -0.09230224]
 [ 0.36282265 -0.76666287 -0.52970536 -0.47342298]
 [ 0.          0.          0.          1.        ]]","[[-0.07584016  0.08522975 -0.99347076  0.0034894 ]
 [ 0.82912791  0.55884815 -0.01535093 -0.10159958]
 [ 0.55389094 -0.82487856 -0.1130495  -0.48084908]
 [ 0.          0.          0.          1.        ]]"
single_object,99,48,28,15,28,0.5501168157729786,0.4726195224799134,0.0030041753537177677,0.0024235419414383994,"[[ 0.62864841 -0.55451504 -0.5452653  -0.04079706]
 [ 0.37046041 -0.40294716  0.83689466 -0.06559262]
 [-0.68378378 -0.72811171 -0.04788623 -0.53748513]
 [ 0.          0.          0.          1.        ]]","[[ 0.54908053 -0.73677181  0.39456035 -0.03856073]
 [-0.05853864  0.43702987  0.89754004 -0.07106511]
 [-0.83371686 -0.51591879  0.19683498 -0.53880023]
 [ 0.          0.          0.          1.        ]]"
single_object,99,50,37,116,30,0.2802814685564725,0.31070238418741686,0.0028084340927276665,0.0024012409501962613,"[[ 0.85585518 -0.08492769 -0.51019526 -0.01059103]
 [-0.43188957 -0.66008798 -0.61461798 -0.08948363]
 [-0.28457567  0.74637199 -0.6016191  -0.45390753]
 [ 0.          0.          0.          1.        ]]","[[ 0.28097013 -0.13891889 -0.94960904  0.00655405]
 [-0.78590221 -0.60121045 -0.14458114 -0.10873196]
 [-0.55082983  0.78692283 -0.27809884 -0.47169715]
 [ 0.          0.          0.          1.        ]]"
single_object,99,52,37,54,30,0.3116892404067564,0.3243252906935168,0.002817559522329203,0.002062351173432284,"[[-0.84899909 -0.24709544 -0.46705929 -0.00150853]
 [ 0.13080412  0.75812717 -0.63885325 -0.10064548]
 [ 0.51194806 -0.60347911 -0.61132818 -0.45293811]
 [ 0.          0.          0.          1.        ]]","[[-0.12024232  0.04011526 -0.99193374  0.00773163]
 [ 0.88250039  0.46194921 -0.08829489 -0.11373137]
 [ 0.45468103 -0.8859987  -0.09094758 -0.46535002]
 [ 0.          0.          0.          1.        ]]"
single_object,99,55,37,141,17,0.37021410489280454,0.399526595059998,0.0023789519769935362,0.0021056016066061944,"[[-0.3600566   0.05084795 -0.93154373  0.01721687]
 [ 0.87653633  0.36033639 -0.31912654 -0.11864194]
 [ 0.31944218 -0.93143554 -0.17431157 -0.45310665]
 [ 0.          0.          0.          1.        ]]","[[-0.21734007  0.03047873 -0.97561998  0.01293416]
 [ 0.91428515  0.35638451 -0.19254285 -0.11836937]
 [ 0.34182738 -0.93384213 -0.10532288 -0.45237404]
 [ 0.          0.          0.          1.        ]]"
single_object,99,56,37,115,30,0.377043435975915,0.40650609991561665,0.002398317963342175,0.002020373333737788,"[[-0.61831413 -0.01166605 -0.78584447  0.01423641]
 [ 0.73756751  0.33672753 -0.5853279  -0.11079781]
 [ 0.27144393 -0.94152986 -0.19959889 -0.4499222 ]
 [ 0.          0.          0.          1.        ]]","[[-0.28607042  0.0382097  -0.95744646  0.01632139]
 [ 0.90908876  0.32663531 -0.25858654 -0.12004199]
 [ 0.30285531 -0.94437778 -0.12817672 -0.44739294]
 [ 0.          0.          0.          1.        ]]"
single_object,99,57,37,112,30,0.3079563494901243,0.3309329366838771,0.002958430313737574,0.002971852720866886,"[[ 0.4731082   0.03184219  0.88042871  0.03468087]
 [-0.67155476  0.65988184  0.33700171 -0.08948724]
 [-0.57024804 -0.75069436  0.33357929 -0.41260386]
 [ 0.          0.          0.          1.        ]]","[[ 0.82364246  0.2017877   0.52999511  0.04821868]
 [-0.56708727  0.30131641  0.76656406 -0.09835124]
 [-0.00501302 -0.93192819  0.36260823 -0.4332459 ]
 [ 0.          0.          0.          1.        ]]"
single_object,99,58,37,156,28,0.472353723594445,0.4610048770720405,0.0020847700024964246,0.001961064312587339,"[[-0.48374193  0.01263338 -0.8751195   0.02223241]
 [ 0.84057246  0.28522295 -0.46052775 -0.11838745]
 [ 0.24378615 -0.95837793 -0.14859358 -0.43702502]
 [ 0.          0.          0.          1.        ]]","[[-0.36345339  0.01131754 -0.93154364  0.02320707]
 [ 0.89197058  0.29281143 -0.34445603 -0.12082804]
 [ 0.26886823 -0.95610323 -0.11651822 -0.43741036]
 [ 0.          0.          0.          1.        ]]"
single_object,99,58,28,7,30,0.31933443501054193,0.41899823351757937,0.0028187810766551902,0.002846539977165767,"[[ 1.          0.          0.          0.00203063]
 [ 0.          1.          0.         -0.13441791]
 [ 0.          0.          1.         -0.39555599]
 [ 0.          0.          0.          1.        ]]","[[-0.37189579 -0.10156127  0.92270192  0.00166075]
 [-0.24517533 -0.94795335 -0.2031588  -0.11187843]
 [ 0.89531144 -0.30177765  0.32763954 -0.39247621]
 [ 0.          0.          0.          1.        ]]"
single_object,99,59,37,161,23,0.4109111972425235,0.44292681531486433,0.0025012296641031637,0.00192493799310084,"[[-0.58968761  0.11742356 -0.79904958  0.03521374]
 [ 0.80466134  0.17019315 -0.56881844 -0.12308858]
 [ 0.06920008 -0.97838949 -0.19484699 -0.43468456]
 [ 0.          0.          0.          1.        ]]","[[-0.34825785  0.02793662 -0.9369824   0.03043867]
 [ 0.91200899  0.24115977 -0.33178542 -0.12212214]
 [ 0.21669349 -0.97008325 -0.10946424 -0.43464915]
 [ 0.          0.          0.          1.        ]]"
single_object,99,59,28,5,30,0.3522707846600946,0.34275457291013733,0.002827650159701432,0.002660005898881982,"[[-0.99718471 -0.05906708  0.04619239 -0.00156736]
 [-0.03631253  0.91937018  0.39171402 -0.12008559]
 [-0.06560531  0.38893387 -0.91892676 -0.40841839]
 [ 0.          0.          0.          1.        ]]","[[-0.47511368 -0.80972496  0.34440163  0.00961875]
 [-0.55263819  0.57916593  0.5992978  -0.11899091]
 [-0.68473208  0.09440509 -0.72265459 -0.40616675]
 [ 0.          0.          0.          1.        ]]"
single_object,99,60,37,103,24,0.45144381355568586,0.4514152090275891,0.0023583698834288617,0.00195549103797831,"[[-0.69181696  0.04931075 -0.72038722  0.0300718 ]
 [ 0.70801589  0.24222381 -0.66335596 -0.11146535]
 [ 0.14178436 -0.9689665  -0.20248733 -0.42712886]
 [ 0.          0.          0.          1.        ]]","[[-0.41098574  0.02329953 -0.91134398  0.03880954]
 [ 0.89558487  0.19711637 -0.3988394  -0.12083339]
 [ 0.17034805 -0.98010319 -0.10187873 -0.42857892]
 [ 0.          0.          0.          1.        ]]"
single_object,99,61,28,13,20,0.27756567325773546,0.40230212547723515,0.002851105858778517,0.0029332505027942334,"[[-0.60259621  0.79620402 -0.05419379 -0.02944515]
 [ 0.79696027  0.59684559 -0.09289602 -0.12033468]
 [-0.04161886 -0.09916909 -0.99419986 -0.38406044]
 [ 0.          0.          0.          1.        ]]","[[-0.303286    0.76200394 -0.57216046 -0.03088527]
 [-0.07949765  0.57811487  0.81207347 -0.1239847 ]
 [ 0.94957766  0.29177593 -0.11475662 -0.3846064 ]
 [ 0.          0.          0.          1.        ]]"
single_object,99,61,37,124,30,0.36991375734778814,0.38464508931763897,0.002449702990907001,0.0021846402640501067,"[[-0.60378054 -0.18108806 -0.77630933  0.00792802]
 [ 0.68245388  0.38584628 -0.6207893  -0.11488164]
 [ 0.41195359 -0.90461581 -0.10938222 -0.42413343]
 [ 0.          0.          0.          1.        ]]","[[-0.17909838  0.00527758 -0.98381701  0.01114461]
 [ 0.96759738  0.1818536  -0.17517015 -0.12692872]
 [ 0.17798619 -0.98331145 -0.03767625 -0.42468035]
 [ 0.          0.          0.          1.        ]]"
single_object,99,62,28,6,30,0.34001937432332324,0.4327881930594336,0.0029548233157399117,0.0027886591430883153,"[[ 0.70680554 -0.70603414  0.04406502 -0.02654468]
 [-0.5406401  -0.49895851  0.6773099  -0.11915157]
 [-0.45621729 -0.5025497  -0.734377   -0.39526715]
 [ 0.          0.          0.          1.        ]]","[[ 0.06439973 -0.24892216 -0.96638007 -0.02209453]
 [ 0.64994888 -0.7243711   0.2298977  -0.10401421]
 [-0.75724443 -0.64290299  0.11513738 -0.39112699]
 [ 0.          0.          0.          1.        ]]"
single_object,99,62,37,97,30,0.31294068851099127,0.3715013086571604,0.002456360243257325,0.002124062164303328,"[[-0.46915037 -0.02798885 -0.88267466  0.00253516]
 [ 0.82877219  0.33125752 -0.45100456 -0.12479641]
 [ 0.30501572 -0.94312517 -0.13221321 -0.41412677]
 [ 0.          0.          0.          1.        ]]","[[-0.29187444 -0.02301268 -0.95617976  0.00250397]
 [ 0.92100008  0.26291369 -0.28746345 -0.12226914]
 [ 0.25800806 -0.96454487 -0.05554311 -0.43019103]
 [ 0.          0.          0.          1.        ]]"
single_object,99,63,37,81,23,0.3290950957536578,0.3455283971452681,0.002497819138795515,0.0021048668573730523,"[[-0.05639657 -0.03861202 -0.99766154 -0.00876393]
 [ 0.93300314  0.35368375 -0.06642996 -0.11700847]
 [ 0.35542167 -0.93456777  0.01607859 -0.43162058]
 [ 0.          0.          0.          1.        ]]","[[-0.10386918  0.02176992 -0.99435269 -0.00348623]
 [ 0.96911098  0.22706315 -0.09626123 -0.12448883]
 [ 0.22368526 -0.97363669 -0.04468233 -0.43382525]
 [ 0.          0.          0.          1.        ]]"
single_object,99,64,37,54,30,0.23540096397259686,0.37613524220884165,0.002653553428992457,0.002341473227798042,"[[ 0.90746715 -0.13549743 -0.397673   -0.02278859]
 [-0.41958311 -0.24432484 -0.87421701 -0.10484036]
 [ 0.02129277  0.9601801  -0.2785692  -0.42810826]
 [ 0.          0.          0.          1.        ]]","[[ 0.43266583 -0.11614009 -0.89404237 -0.0107489 ]
 [-0.87400731 -0.29729895 -0.38434953 -0.11299127]
 [-0.22115947  0.94769447 -0.23013838 -0.43339048]
 [ 0.          0.          0.          1.        ]]"
single_object,99,69,28,7,30,0.3905635648754915,0.35979258077383325,0.003109914628437275,0.0028277661338305398,"[[-0.76548986  0.63832485 -0.08103489 -0.07950324]
 [ 0.62585833  0.70939052 -0.32413954 -0.09840536]
 [-0.14942095 -0.29884189 -0.94253218 -0.51638223]
 [ 0.          0.          0.          1.        ]]","[[-0.7386027   0.45600359  0.49651462 -0.06933046]
 [ 0.4098625   0.88850861 -0.2063133  -0.09975404]
 [-0.53523712  0.05111916 -0.84315364 -0.52192942]
 [ 0.          0.          0.          1.        ]]"
single_object,99,71,28,15,30,0.5650464413926719,0.36167302980226795,0.0030314676256997445,0.0026271142186201756,"[[-0.2161608   0.97463421  0.05798843 -0.08129162]
 [ 0.68122819  0.1931012  -0.70614452 -0.08028114]
 [-0.69943025 -0.11313741 -0.70568921 -0.52419094]
 [ 0.          0.          0.          1.        ]]","[[ 0.98879454  0.14544547  0.03362997 -0.07798371]
 [ 0.14797502 -0.92518372 -0.34948316 -0.06520751]
 [-0.01971684  0.35054343 -0.93633891 -0.53382332]
 [ 0.          0.          0.          1.        ]]"
single_object,99,72,28,11,30,0.48538378255171233,0.5498888825574106,0.0024184977457852998,0.0025743208907707633,"[[-0.7261868   0.6873759   0.01292651 -0.07688438]
 [-0.67998374 -0.71535108 -0.16091908 -0.06884179]
 [-0.10136491 -0.12564713  0.98688295 -0.5143091 ]
 [ 0.          0.          0.          1.        ]]","[[-0.01700938  0.98996975 -0.14025184 -0.07968785]
 [-0.89145349  0.04850808  0.4505082  -0.07195162]
 [ 0.45279283  0.13269086  0.8816869  -0.51811352]
 [ 0.          0.          0.          1.        ]]"
single_object,99,73,28,10,30,0.7028890535073223,0.5479514502250841,0.002842480641509589,0.0028911641160948246,"[[-0.63046384  0.63474431  0.44678296 -0.07428299]
 [-0.72543836 -0.68659493 -0.04823467 -0.07179657]
 [ 0.27614223 -0.35452372  0.89334114 -0.52218423]
 [ 0.          0.          0.          1.        ]]","[[-0.97024125  0.02677006  0.24065595 -0.07846312]
 [-0.13982374 -0.87336246 -0.46656976 -0.07664275]
 [ 0.19768977 -0.48633464  0.85111537 -0.52748205]
 [ 0.          0.          0.          1.        ]]"
single_object,99,74,28,15,30,0.597469941307197,0.33699925921704943,0.002793432147628259,0.0022691500516812263,"[[ 0.9288114  -0.34741537  0.12888734 -0.06466731]
 [ 0.36371468  0.92125909 -0.13781627 -0.07175465]
 [-0.07085914  0.17488354  0.98203601 -0.52687738]
 [ 0.          0.          0.          1.        ]]","[[-0.08975774 -0.94592156 -0.31173058 -0.07909171]
 [ 0.43110342  0.24525371 -0.868332   -0.07528263]
 [ 0.89782704 -0.21232763  0.3857766  -0.53230224]
 [ 0.          0.          0.          1.        ]]"
single_object,99,75,28,14,27,0.5642486751381846,0.3316428286512052,0.00277730018455603,0.001889736782332817,"[[-0.97642425  0.2156158  -0.01027217 -0.0682401 ]
 [-0.13322629 -0.56451173  0.81460252 -0.05883098]
 [ 0.16984241  0.79676617  0.57992864 -0.5331938 ]
 [ 0.          0.          0.          1.        ]]","[[-0.87827342 -0.35399474  0.32143978 -0.07118107]
 [ 0.14880228 -0.84120924 -0.51983159 -0.08180449]
 [ 0.45441576 -0.4087233   0.79148694 -0.53601115]
 [ 0.          0.          0.          1.        ]]"
single_object,99,76,28,8,30,0.5437346857370791,0.5670408570288905,0.00295366474100588,0.002562313498206195,"[[-0.98812399  0.12957965  0.08258386 -0.10561214]
 [-0.14896753 -0.93962793 -0.30807148 -0.06264152]
 [ 0.03767831 -0.31671513  0.94777206 -0.51782856]
 [ 0.          0.          0.          1.        ]]","[[-0.60084539  0.30784379  0.73771066 -0.10020616]
 [-0.46516011 -0.88517581 -0.00947991 -0.06643755]
 [ 0.6500853  -0.34884953  0.67505045 -0.5166961 ]
 [ 0.          0.          0.          1.        ]]"
single_object,99,77,28,23,30,0.6322297566812923,0.34976351928884836,0.002788598301239389,0.002638629356775074,"[[-0.98652261 -0.15079344  0.06351747 -0.10242313]
 [ 0.08446085 -0.80177001 -0.59163436 -0.05890067]
 [ 0.14014099 -0.57829594  0.80370039 -0.51585932]
 [ 0.          0.          0.          1.        ]]","[[ 0.31315956  0.14435874  0.93866482 -0.10314221]
 [-0.470596   -0.83491544  0.2854043  -0.05574691]
 [ 0.82490635 -0.531109   -0.19352711 -0.50453482]
 [ 0.          0.          0.          1.        ]]"
single_object,99,78,28,7,30,0.5162117499572625,0.9400535643056585,0.0023226288494098465,0.0024460142952288937,"[[ 0.72352015  0.6529995   0.22385318 -0.08594408]
 [-0.04749704 -0.27642152  0.95986206 -0.06045241]
 [ 0.68866729 -0.7051119  -0.16898099 -0.51563474]
 [ 0.          0.          0.          1.        ]]","[[-0.35568531  0.36544635  0.86019587 -0.0933902 ]
 [-0.44583348 -0.87525859  0.1874964  -0.06246744]
 [ 0.8214137  -0.3168144   0.47424484 -0.50826745]
 [ 0.          0.          0.          1.        ]]"
single_object,99,79,28,12,30,0.665223089634737,0.5300017094991167,0.002916626001830957,0.0025011028868756626,"[[ 0.98487287  0.01893327 -0.17224098 -0.09304212]
 [ 0.08329775 -0.923357    0.37479773 -0.07037319]
 [-0.15194376 -0.3834754  -0.91096636 -0.51526919]
 [ 0.          0.          0.          1.        ]]","[[ 0.46887635 -0.20691964 -0.85868459 -0.10221233]
 [ 0.16519464 -0.93447445  0.31538586 -0.07506824]
 [-0.86767834 -0.28972706 -0.40397095 -0.51791833]
 [ 0.          0.          0.          1.        ]]"
single_object,99,80,28,13,30,0.5779246680722548,0.6019716223146618,0.0028811483415438883,0.0026065915249684087,"[[ 0.52809663  0.75456909 -0.38953746 -0.10396495]
 [-0.84916651  0.46627935 -0.24799154 -0.08404864]
 [-0.00549348  0.46174567  0.88699536 -0.51414916]
 [ 0.          0.          0.          1.        ]]","[[ 0.23785546  0.76713718 -0.5957561  -0.10365238]
 [-0.45828797  0.62943009  0.62752681 -0.08701114]
 [ 0.85638596  0.12376718  0.50128312 -0.50793376]
 [ 0.          0.          0.          1.        ]]"
single_object,99,81,28,4,30,0.5422531198358881,0.7093281668471138,0.0024838385194816594,0.0027320162826431735,"[[ 0.42170439  0.61078502  0.67015451 -0.09533261]
 [ 0.36745715 -0.79079431  0.48950955 -0.06323203]
 [ 0.82893948  0.03982473 -0.55791875 -0.50028447]
 [ 0.          0.          0.          1.        ]]","[[ 0.01511847  0.3207831   0.94703201 -0.0964208 ]
 [ 0.02275213 -0.94700539  0.32041087 -0.06609412]
 [ 0.99962682  0.01670287 -0.02161577 -0.50045157]
 [ 0.          0.          0.          1.        ]]"
single_object,99,83,28,8,30,0.4174027010086045,0.39233004729614224,0.002847624323283152,0.0025238112429424348,"[[ 0.93127778  0.2922579  -0.21750175 -0.0935553 ]
 [-0.36414996  0.72907662 -0.57951884 -0.07959366]
 [-0.01079352  0.61889628  0.78539856 -0.49471287]
 [ 0.          0.          0.          1.        ]]","[[ 0.22360699  0.34338587 -0.91218751 -0.09335795]
 [-0.19742946  0.93244116  0.30261378 -0.08525264]
 [ 0.95447447  0.11242613  0.27629485 -0.49779108]
 [ 0.          0.          0.          1.        ]]"
single_object,99,85,28,3,30,0.1932303834976352,0.3303322126616901,0.0024006372952604616,0.002283435479341941,"[[ 0.04568304  0.91485196 -0.40119689 -0.0793584 ]
 [-0.92385588  0.19146709  0.33140709 -0.08423465]
 [ 0.38000443  0.35550842  0.85393817 -0.4835276 ]
 [ 0.          0.          0.          1.        ]]","[[ 0.99074747  0.04244857 -0.12890912 -0.09183303]
 [ 0.04616519  0.78778449  0.61421851 -0.07585788]
 [ 0.1276253  -0.61448655  0.77853585 -0.4973207 ]
 [ 0.          0.          0.          1.        ]]"
single_object,99,88,28,6,30,0.23448629551541397,0.324861815488062,0.002892327490604314,0.0029297306913254333,"[[ 0.4579724   0.88390254 -0.0947501  -0.0482166 ]
 [ 0.88712606 -0.46127568 -0.0152347  -0.10684103]
 [-0.0571719  -0.07707821 -0.99538451 -0.39339934]
 [ 0.          0.          0.          1.        ]]","[[ 0.18368568 -0.76847356 -0.61295021 -0.04641914]
 [ 0.28992524 -0.55346657  0.78078045 -0.0967944 ]
 [-0.93925658 -0.32112793  0.121136   -0.39155068]
 [ 0.          0.          0.          1.        ]]"
single_object,99,90,37,81,30,0.32090704958594946,0.30812082552668085,0.0026423769895830783,0.002229553137760856,"[[-0.12898795  0.03132072 -0.99115141 -0.01925493]
 [ 0.97108532  0.20646735 -0.11985213 -0.11727097]
 [ 0.20088655 -0.97795207 -0.05704689 -0.42282648]
 [ 0.          0.          0.          1.        ]]","[[ 0.05442554 -0.02039931 -0.99830944 -0.02027528]
 [ 0.97813447  0.2020709   0.04919656 -0.12390674]
 [ 0.20072571 -0.97915842  0.03095109 -0.42258125]
 [ 0.          0.          0.          1.        ]]"
single_object,99,94,28,23,30,0.3278249472904439,0.40418257450566986,0.0033732299775835967,0.0030325015082629725,"[[ 0.84189592  0.40104874 -0.36106947 -0.09701864]
 [ 0.41537199 -0.90873431 -0.04084191 -0.07126763]
 [-0.34449582 -0.11559351 -0.93164412 -0.38998348]
 [ 0.          0.          0.          1.        ]]","[[ 0.37969251  0.92035429  0.09371014 -0.09772028]
 [ 0.92241249 -0.38437077  0.03760724 -0.08188868]
 [ 0.07063142  0.07216021 -0.99488899 -0.39231646]
 [ 0.          0.          0.          1.        ]]"
single_object,99,97,28,9,30,0.3111858225539917,0.3316998119550972,0.0029728877217165086,0.002831460832827633,"[[-9.56015800e-01 -2.93283665e-01  4.29898712e-03 -1.18008239e-01]
 [ 2.93315147e-01 -9.55918882e-01  1.36130866e-02 -5.20324314e-02]
 [ 1.16987029e-04  1.42752839e-02  9.99898096e-01 -4.78927176e-01]
 [ 0.00000000e+00  0.00000000e+00  0.00000000e+00  1.00000000e+00]]","[[-0.26457748  0.59486497  0.75903519 -0.11446913]
 [-0.4395903  -0.77494896  0.45410844 -0.05980688]
 [ 0.85834674 -0.21351764  0.46653092 -0.48305642]
 [ 0.          0.          0.          1.        ]]"
single_object,99,99,28,2,29,0.2758561741409767,0.3154025870419967,0.0027585142032731753,0.002164583989725779,"[[ 1.          0.          0.         -0.11749966]
 [ 0.          1.          0.         -0.04248922]
 [ 0.          0.          1.         -0.4892879 ]
 [ 0.          0.          0.          1.        ]]","[[ 0.89249773 -0.38824043 -0.22960221 -0.12443524]
 [ 0.25600837  0.85512202 -0.450806   -0.05010786]
 [ 0.37135902  0.34356324  0.86258726 -0.4828626 ]
 [ 0.          0.          0.          1.        ]]"
single_object,99,100,28,4,16,0.45626531426292094,0.5188329819362927,0.002411175227415984,0.0022642122885628427,"[[-0.26292453  0.51835542 -0.81374342 -0.11613875]
 [ 0.45203966 -0.67893526 -0.57853873 -0.07004678]
 [-0.85236778 -0.51995632 -0.05580847 -0.50078783]
 [ 0.          0.          0.          1.        ]]","[[-0.00247887  0.49861837 -0.86681807 -0.11599664]
 [ 0.42169393 -0.78545777 -0.45302354 -0.06805641]
 [-0.90673485 -0.3666549  -0.20831729 -0.49955454]
 [ 0.          0.          0.          1.        ]]"
single_object,99,101,28,4,30,0.5179782323779133,0.40651888996524016,0.003047724049313063,0.0021834478338729523,"[[-0.97690855  0.19864011  0.07868794 -0.12065484]
 [-0.21032924 -0.95884897 -0.19070988 -0.06431002]
 [ 0.03756722 -0.20285648  0.97848758 -0.49308681]
 [ 0.          0.          0.          1.        ]]","[[ 0.2762249   0.8019182   0.52974239 -0.10591978]
 [-0.32236201 -0.44195331  0.83711409 -0.06467703]
 [ 0.90541843 -0.40200058  0.13642946 -0.49633958]
 [ 0.          0.          0.          1.        ]]"
single_object,99,102,28,5,15,0.6792409823921591,0.7125762151689555,0.002914700219336729,0.002334162262838457,"[[-0.7112687  -0.56875304  0.41305788 -0.1130005 ]
 [-0.47114097  0.82183676  0.32032878 -0.06580644]
 [-0.52165412  0.03323135 -0.85250962 -0.50070895]
 [ 0.          0.          0.          1.        ]]","[[-0.68094323 -0.48476302  0.54892725 -0.11760354]
 [-0.32753612  0.87200503  0.36376822 -0.05654895]
 [-0.65500871  0.06791201 -0.75256332 -0.50150427]
 [ 0.          0.          0.          1.        ]]"
single_object,99,103,28,14,30,0.7110946492677646,0.7524075445894353,0.0025157385124227076,0.0021116629768849556,"[[ 0.09412948  0.05302637 -0.99414679 -0.12047451]
 [ 0.30557421 -0.95191773 -0.02184104 -0.05103178]
 [-0.94750411 -0.30172973 -0.10580701 -0.50360902]
 [ 0.          0.          0.          1.        ]]","[[-0.27955713  0.22754507 -0.93277599 -0.12135552]
 [ 0.42693609 -0.84071874 -0.33304291 -0.04874033]
 [-0.85998453 -0.49134025  0.13788171 -0.50112227]
 [ 0.          0.          0.          1.        ]]"
single_object,99,104,28,10,30,0.5490341329990313,0.8311584705681235,0.002720335238262283,0.0024380685343666094,"[[ 0.89149116 -0.3996638  -0.21333623 -0.11409616]
 [-0.22354151 -0.79764533  0.56017062 -0.04489043]
 [-0.39404657 -0.45169766 -0.80043521 -0.5020628 ]
 [ 0.          0.          0.          1.        ]]","[[-0.07916395  0.02786918 -0.99647197 -0.12126008]
 [ 0.23240206 -0.97154862 -0.04563513 -0.04246167]
 [-0.96939277 -0.2351948   0.07043477 -0.50351319]
 [ 0.          0.          0.          1.        ]]"
single_object,99,105,28,6,30,0.4638440936805516,0.5783805345033906,0.003026207534579408,0.002398473646844431,"[[-0.39763794 -0.91752666  0.00537466 -0.11045441]
 [ 0.91753491 -0.39765155 -0.00171209 -0.04295612]
 [ 0.00370812  0.00425064  0.99998409 -0.49794847]
 [ 0.          0.          0.          1.        ]]","[[ 0.26708731 -0.57667698  0.77208032 -0.1115886 ]
 [ 0.47405032 -0.61892085 -0.62626933 -0.04115514]
 [ 0.83901172  0.53327351  0.108068   -0.50000302]
 [ 0.          0.          0.          1.        ]]"
single_object,99,106,37,122,30,0.3982608446917147,0.43943706288705503,0.0026481668949603823,0.0025560802585917856,"[[ 0.94384536 -0.05665221 -0.32549417 -0.09475986]
 [ 0.2376368   0.80085256  0.5496944  -0.05212692]
 [ 0.22953144 -0.5961759   0.76934362 -0.40954499]
 [ 0.          0.          0.          1.        ]]","[[ 0.78745392  0.17245557 -0.59175621 -0.09133088]
 [ 0.16708907  0.86438631  0.47425472 -0.04518203]
 [ 0.59329383 -0.47232973  0.65184895 -0.41094552]
 [ 0.          0.          0.          1.        ]]"
single_object,99,106,28,2,20,0.14428172545444184,0.4542139153228104,0.002939627022213916,0.002598826233034564,"[[-0.88949903 -0.45693058  0.00243175 -0.13682522]
 [ 0.32309514 -0.62518283  0.71046179 -0.01168876]
 [-0.32311143  0.63274076  0.70373158 -0.49708465]
 [ 0.          0.          0.          1.        ]]","[[-0.30350582 -0.7300586  -0.61228968 -0.13686828]
 [-0.11982019 -0.60825714  0.7846441  -0.02289021]
 [-0.94526575  0.31150872  0.09713382 -0.48714317]
 [ 0.          0.          0.          1.        ]]"
single_object,99,107,37,144,30,0.33342153062829843,0.3822280066934596,0.0026408017009656656,0.0026577794565206952,"[[ 0.76834013 -0.33523943  0.54522286 -0.08261254]
 [ 0.15705871 -0.72705573 -0.66837304 -0.035241  ]
 [ 0.6204724   0.59916983 -0.50597382 -0.45981339]
 [ 0.          0.          0.          1.        ]]","[[ 0.76854951 -0.23604755  0.59465385 -0.08605529]
 [ 0.15955387 -0.82937103 -0.5354309  -0.04775469]
 [ 0.61957583  0.50638448 -0.5997504  -0.45111789]
 [ 0.          0.          0.          1.        ]]"
single_object,99,107,28,10,30,0.40953900507151403,0.40344179155507437,0.0030850443044537486,0.003075171640625055,"[[ 0.76027543 -0.64778383  0.04855286 -0.12485661]
 [ 0.64414914  0.74212311 -0.18527052 -0.03958702]
 [ 0.08398305  0.17213191  0.98148737 -0.47875115]
 [ 0.          0.          0.          1.        ]]","[[ 0.99348039 -0.00742788 -0.11376086 -0.12977052]
 [-0.04432609  0.89419019 -0.44548749 -0.04961035]
 [ 0.10503287  0.44762566  0.88803117 -0.48495072]
 [ 0.          0.          0.          1.        ]]"
single_object,99,108,37,103,30,0.3215721048642,0.40772894349175476,0.0029115738790687932,0.0025683178861990574,"[[ 0.96680336 -0.15261718 -0.20493723 -0.09703358]
 [ 0.24939759  0.73814941  0.6268463  -0.05641864]
 [ 0.05560678 -0.65714796  0.75170769 -0.40995662]
 [ 0.          0.          0.          1.        ]]","[[ 0.96860071  0.02223023 -0.24762571 -0.09846151]
 [ 0.14329712  0.76400111  0.62910114 -0.04788217]
 [ 0.20317138 -0.64483186  0.73682648 -0.41326853]
 [ 0.          0.          0.          1.        ]]"
single_object,99,108,28,7,30,0.47227762265656165,0.3514160351017152,0.0026680932453840836,0.002661974688601851,"[[ 1.          0.          0.         -0.13260026]
 [ 0.          1.          0.         -0.03191122]
 [ 0.          0.          1.         -0.4775402 ]
 [ 0.          0.          0.          1.        ]]","[[ 0.69339099  0.2773466   0.66504722 -0.13413035]
 [ 0.15385107 -0.95865802  0.23938391 -0.03587057]
 [ 0.70394516 -0.06366842 -0.7073949  -0.47538006]
 [ 0.          0.          0.          1.        ]]"
single_object,99,109,37,111,30,0.38479526309014717,0.41797651568243255,0.002867476023322469,0.002748274648029958,"[[-0.84760959  0.07094706  0.52585596 -0.07744334]
 [-0.35393654  0.66275246 -0.65991522 -0.06675151]
 [-0.39533138 -0.74547011 -0.53664459 -0.4256707 ]
 [ 0.          0.          0.          1.        ]]","[[-0.92355917  0.15675633  0.3499513  -0.08285326]
 [-0.14796088  0.69626594 -0.70236836 -0.06958692]
 [-0.35375986 -0.70045785 -0.61984899 -0.4281604 ]
 [ 0.          0.          0.          1.        ]]"
single_object,99,110,37,99,23,0.3757133254194139,0.422188532444686,0.003087373059946868,0.0026279419684257623,"[[-0.89703745 -0.02552718  0.44121669 -0.08580039]
 [-0.3717747   0.58339753 -0.72210172 -0.07428944]
 [-0.2389715  -0.81178549 -0.53281979 -0.42680132]
 [ 0.          0.          0.          1.        ]]","[[-0.82912001  0.06056931  0.55577996 -0.08465244]
 [-0.40334254  0.62358347 -0.6696704  -0.07123086]
 [-0.38713667 -0.77940683 -0.49259536 -0.42968444]
 [ 0.          0.          0.          1.        ]]"
single_object,99,111,37,47,30,0.2911368869692072,0.3593157796879246,0.002953254890491439,0.0029043612895371038,"[[-0.79082841  0.08459845  0.60616295 -0.08025223]
 [-0.45360106  0.58390026 -0.67328045 -0.07679657]
 [-0.41089719 -0.80740547 -0.42339096 -0.41787346]
 [ 0.          0.          0.          1.        ]]","[[-0.83414609  0.08167401  0.54546279 -0.0859454 ]
 [-0.38716146  0.61765641 -0.68454843 -0.07540119]
 [-0.39281841 -0.78219557 -0.48359465 -0.42499187]
 [ 0.          0.          0.          1.        ]]"
single_object,99,111,28,8,30,0.2960282637187304,0.36041939711664484,0.0032411214654681107,0.003091396351402507,"[[ 0.75578666 -0.6439833   0.11862561 -0.12800061]
 [ 0.63753619  0.68232007 -0.35775262 -0.05004072]
 [ 0.14944608  0.34601277  0.92625106 -0.47572703]
 [ 0.          0.          0.          1.        ]]","[[ 0.73016402  0.0481232   0.68157513 -0.13057591]
 [ 0.19241031  0.94266708 -0.2726849  -0.04626448]
 [-0.65562091  0.33024678  0.67904218 -0.47575612]
 [ 0.          0.          0.          1.        ]]"
single_object,99,119,28,14,30,0.4413926719471195,0.38383953501624024,0.0026884560159555096,0.0031044770946525224,"[[ 0.25126154 -0.79991498  0.54498043 -0.1384589 ]
 [-0.861165    0.07229947  0.50315765 -0.08773349]
 [-0.44188514 -0.59574224 -0.67069271 -0.47057289]
 [ 0.          0.          0.          1.        ]]","[[-0.34054452  0.3881824   0.85635498 -0.130976  ]
 [ 0.44222878  0.86989067 -0.21845808 -0.09917216]
 [-0.82973679  0.30431011 -0.46790193 -0.46845612]
 [ 0.          0.          0.          1.        ]]"
single_object,99,121,28,11,30,0.3890819989743005,0.30930537352555704,0.0030843102194187707,0.0019474073113212287,"[[ 0.83395985  0.50962208 -0.21165138 -0.15789237]
 [ 0.48991189 -0.86028542 -0.14105081 -0.05332594]
 [-0.25396321  0.01394019 -0.96711342 -0.46089925]
 [ 0.          0.          0.          1.        ]]","[[ 0.80898504  0.47623517 -0.34459146 -0.15408767]
 [ 0.33726265 -0.85616166 -0.39146024 -0.06147386]
 [-0.48145313  0.20046764 -0.85323831 -0.45460844]
 [ 0.          0.          0.          1.        ]]"
single_object,99,129,37,105,30,0.4117407285573306,0.4610406327321615,0.0026690860415008962,0.002541000229920026,"[[-0.81343564  0.03412352  0.58065312 -0.10080864]
 [-0.45371859  0.58741753 -0.67013438 -0.05750162]
 [-0.36395316 -0.8085643  -0.46234388 -0.41466578]
 [ 0.          0.          0.          1.        ]]","[[-0.90134271  0.02873741  0.43215215 -0.10367126]
 [-0.35134971  0.53492024 -0.76838384 -0.0599879 ]
 [-0.25324829 -0.8444137  -0.47204958 -0.41433306]
 [ 0.          0.          0.          1.        ]]"
single_object,99,130,37,91,30,0.3428395715041691,0.34330439508574206,0.0027241089561910164,0.0028153634374425873,"[[ 0.88198956  0.04476039  0.4691385  -0.10339044]
 [ 0.41194948 -0.5567253  -0.72135606 -0.04053214]
 [ 0.22889309  0.82948987 -0.50946492 -0.44298446]
 [ 0.          0.          0.          1.        ]]","[[ 0.87296344 -0.17109899  0.45679313 -0.10286915]
 [ 0.23768345 -0.66856196 -0.7046499  -0.04496268]
 [ 0.4259594   0.72370577 -0.54296275 -0.43661123]
 [ 0.          0.          0.          1.        ]]"
single_object,99,131,37,108,30,0.38862826985511806,0.5268739541469415,0.002959528745791274,0.0025670262671252525,"[[-0.93796488 -0.00556523  0.34668561 -0.10338269]
 [-0.2832503   0.58897777 -0.7568847  -0.05923244]
 [-0.19997788 -0.80813007 -0.55401682 -0.41969558]
 [ 0.          0.          0.          1.        ]]","[[-0.86318571 -0.00680724  0.50484066 -0.10392246]
 [-0.40869786  0.59650865 -0.69075573 -0.05871267]
 [-0.29643968 -0.80257778 -0.51767985 -0.41503104]
 [ 0.          0.          0.          1.        ]]"
single_object,99,132,37,104,30,0.4148443198558332,0.5595474763655086,0.002582650323876399,0.0024058776491148403,"[[-0.98515408  0.16251386  0.05532345 -0.09195714]
 [ 0.07171932  0.68240131 -0.72745089 -0.05481682]
 [-0.15597365 -0.71268345 -0.68392581 -0.41215151]
 [ 0.          0.          0.          1.        ]]","[[-0.8148798   0.02201978  0.57921157 -0.10516784]
 [-0.42247322  0.6615976  -0.61951997 -0.05732909]
 [-0.39684668 -0.74953568 -0.52981975 -0.41713972]
 [ 0.          0.          0.          1.        ]]"
single_object,99,133,37,152,19,0.5560863284657961,0.5687509832806533,0.0024873894299060704,0.002228771985411474,"[[-0.76795488  0.03930286  0.63929695 -0.10418812]
 [-0.42326488  0.71797967 -0.55258668 -0.05515344]
 [-0.48072045 -0.69495358 -0.53474047 -0.41777106]
 [ 0.          0.          0.          1.        ]]","[[-0.76622934  0.01925642  0.64227859 -0.10637165]
 [-0.45686705  0.68654712 -0.56561962 -0.0548472 ]
 [-0.45184633 -0.72683027 -0.51725492 -0.42051933]
 [ 0.          0.          0.          1.        ]]"
single_object,99,134,37,153,30,0.5116205895393241,0.5959324361046353,0.002604118131997551,0.002219976758692711,"[[-0.77693645  0.11569618  0.61885713 -0.10063495]
 [-0.33119796  0.7608536  -0.55804096 -0.0449743 ]
 [-0.53542288 -0.63852658 -0.55281655 -0.42004916]
 [ 0.          0.          0.          1.        ]]","[[-0.75860863  0.01007902  0.65146862 -0.10538273]
 [-0.45018512  0.71470908 -0.53527964 -0.05120935]
 [-0.47100563 -0.69934923 -0.53764705 -0.42179039]
 [ 0.          0.          0.          1.        ]]"
single_object,99,135,37,161,30,0.48293739899026017,0.506307298445344,0.0024319254349064305,0.0023924610336179277,"[[ 0.9967884   0.07742985  0.02043291 -0.08688336]
 [ 0.07564343 -0.82664002 -0.55762384 -0.04532116]
 [-0.02628607  0.55737859 -0.82984224 -0.41556539]
 [ 0.          0.          0.          1.        ]]","[[ 0.76491418 -0.17641455  0.61950319 -0.10493566]
 [ 0.17517882 -0.86853924 -0.46362913 -0.04932832]
 [ 0.61985375  0.46316034 -0.63345389 -0.42140901]
 [ 0.          0.          0.          1.        ]]"
single_object,99,136,28,4,30,0.44190552168214714,0.42555131346515473,0.0030197592071571815,0.0029554622911264258,"[[ 0.98085898  0.19463999 -0.00556119 -0.13637996]
 [ 0.16709114 -0.85600832 -0.48921396  0.02325649]
 [-0.09998103  0.47892068 -0.87214607 -0.35996696]
 [ 0.          0.          0.          1.        ]]","[[-0.83096278  0.06066954  0.55301001 -0.14405628]
 [ 0.21016071 -0.88614695  0.41300855  0.01921706]
 [ 0.51510517  0.45941571  0.72360477 -0.34859843]
 [ 0.          0.          0.          1.        ]]"
single_object,99,136,37,152,28,0.5625652540797208,0.6078319197929032,0.002657147278707091,0.002029293066820005,"[[-0.97164875  0.13330559  0.19526474 -0.11556042]
 [-0.02764678  0.7561635  -0.65379846 -0.032299  ]
 [-0.23480706 -0.6406609  -0.73103985 -0.40571598]
 [ 0.          0.          0.          1.        ]]","[[-0.85884216 -0.01075397  0.51212742 -0.11668239]
 [-0.34833964  0.74528248 -0.56851871 -0.0350672 ]
 [-0.37556576 -0.66666212 -0.64382605 -0.40385867]
 [ 0.          0.          0.          1.        ]]"
single_object,99,137,28,21,30,0.4352954584306798,0.38657473360305433,0.0032393053745245945,0.0029741286194313802,"[[ 0.99346297  0.11361236  0.01111576 -0.13596093]
 [-0.11029748  0.9302326   0.35000255  0.02428255]
 [ 0.02942438 -0.34894061  0.93668279 -0.35589376]
 [ 0.          0.          0.          1.        ]]","[[ 0.96436612 -0.03715731 -0.26194907 -0.14404297]
 [ 0.10048939  0.96733436  0.23273615  0.0177023 ]
 [ 0.24474448 -0.25076596  0.9365984  -0.34874984]
 [ 0.          0.          0.          1.        ]]"
single_object,99,137,37,177,30,0.43511062801241435,0.5819877286574465,0.0022725085056987337,0.002055942746449601,"[[-0.77358093  0.11542753  0.62309632 -0.12232674]
 [-0.32678409  0.76978627 -0.54830763 -0.04072681]
 [-0.54294079 -0.62777829 -0.55777211 -0.40656356]
 [ 0.          0.          0.          1.        ]]","[[-8.56442041e-01 -4.51747316e-05  5.16243186e-01 -1.16480948e-01]
 [-3.58517707e-01  7.19569405e-01 -5.94714155e-01 -3.74276741e-02]
 [-3.71445936e-01 -6.94420528e-01 -6.16285686e-01 -4.01805696e-01]
 [ 0.00000000e+00  0.00000000e+00  0.00000000e+00  1.00000000e+00]]"
single_object,99,138,37,215,27,0.48556186444314137,0.5481128162588138,0.002190136947529713,0.0020015891211962395,"[[-0.83439744  0.12134601  0.53763934 -0.1209764 ]
 [-0.31563145  0.69447425 -0.64659284 -0.03807176]
 [-0.45183814 -0.7092113  -0.54116692 -0.4032863 ]
 [ 0.          0.          0.          1.        ]]","[[-0.86378469  0.01863519  0.50351638 -0.11775013]
 [-0.3524459   0.69180673 -0.63022641 -0.03789507]
 [-0.3600804  -0.72184221 -0.59100417 -0.40209933]
 [ 0.          0.          0.          1.        ]]"
single_object,99,139,37,153,15,0.5101260029462664,0.55055850341109,0.002473339482991929,0.0020386107261705154,"[[-0.8704429  -0.05546219  0.48913505 -0.12041709]
 [-0.40592328  0.64298809 -0.64945562 -0.03729405]
 [-0.27848778 -0.76386534 -0.58219782 -0.40157339]
 [ 0.          0.          0.          1.        ]]","[[-0.86622242  0.01584219  0.4994074  -0.11738981]
 [-0.37129172  0.64844555 -0.66457568 -0.03712348]
 [-0.33436684 -0.76109618 -0.55581599 -0.40230262]
 [ 0.          0.          0.          1.        ]]"
single_object,99,140,37,151,30,0.38382986026688026,0.5417626110213247,0.0023049221054170298,0.0021050488796547813,"[[-0.67441847 -0.04797963  0.73678877 -0.12280638]
 [-0.62969138  0.55844989 -0.54002082 -0.0413011 ]
 [-0.38554961 -0.82814955 -0.40684128 -0.40597686]
 [ 0.          0.          0.          1.        ]]","[[-8.95336943e-01 -1.88688775e-04  4.45389405e-01 -1.16246708e-01]
 [-3.53725808e-01  6.07964945e-01 -7.10814095e-01 -3.73207069e-02]
 [-2.70647023e-01 -7.93963847e-01 -5.44400220e-01 -4.01652656e-01]
 [ 0.00000000e+00  0.00000000e+00  0.00000000e+00  1.00000000e+00]]"
single_object,99,141,37,117,30,0.4370056779988272,0.4577868676611508,0.0024493088114417813,0.002354237460806185,"[[-0.91432791 -0.03014354  0.40385127 -0.11380202]
 [-0.34826627  0.56745447 -0.74612736 -0.04405641]
 [-0.20667628 -0.82285284 -0.52933744 -0.3943514 ]
 [ 0.          0.          0.          1.        ]]","[[-0.91811551 -0.01814698  0.3958972  -0.11652352]
 [-0.33535077  0.56791663 -0.75167184 -0.04157912]
 [-0.21119603 -0.82288601 -0.52749867 -0.39790443]
 [ 0.          0.          0.          1.        ]]"
single_object,99,142,37,111,30,0.41801942247457774,0.43388778443627624,0.002763287156779954,0.0025406731747402043,"[[ 0.9695435   0.01602296  0.24439447 -0.10659283]
 [ 0.20650455 -0.59000073 -0.78054789 -0.03568406]
 [ 0.13168623  0.80724371 -0.57534019 -0.39885103]
 [ 0.          0.          0.          1.        ]]","[[ 0.94604625  0.03261525  0.32238602 -0.11531859]
 [ 0.27155364 -0.6226297  -0.73388751 -0.03715831]
 [ 0.17679118  0.78183662 -0.59789328 -0.40182489]
 [ 0.          0.          0.          1.        ]]"
single_object,99,143,37,75,30,0.3421030049056766,0.3809694074572005,0.00269945672808652,0.0025013455649332,"[[ 0.96988248 -0.14129635  0.19840193 -0.09980716]
 [ 0.09068031 -0.54653274 -0.83251369 -0.03455662]
 [ 0.22606429  0.82543159 -0.51725973 -0.40490488]
 [ 0.          0.          0.          1.        ]]","[[ 0.96491767 -0.14500459  0.21887795 -0.10660712]
 [ 0.09675158 -0.57860633 -0.80984804 -0.03767242]
 [ 0.24407585  0.80261347 -0.54427805 -0.4005595 ]
 [ 0.          0.          0.          1.        ]]"
single_object,99,144,37,290,14,0.3345228049600252,0.36758963943992334,0.002559185998690581,0.0025398315165800064,"[[ 0.72744416 -0.17844397  0.66255772 -0.10991598]
 [ 0.47368917 -0.56799326 -0.6730544  -0.03835417]
 [ 0.49643082  0.80345591 -0.3286564  -0.4035817 ]
 [ 0.          0.          0.          1.        ]]","[[ 0.91461459 -0.09045876  0.39407787 -0.11715007]
 [ 0.27521569 -0.57473202 -0.77067466 -0.03725459]
 [ 0.29620344  0.8133267  -0.50076262 -0.40073551]
 [ 0.          0.          0.          1.        ]]"
single_object,99,145,37,156,30,0.2945980348689197,0.33440838684763796,0.0029391031353080584,0.002723889611672241,"[[-0.93401749 -0.14711138  0.32552967 -0.11029856]
 [-0.35675024  0.33705028 -0.87127859 -0.03913199]
 [ 0.01845513 -0.92992223 -0.36729288 -0.39622845]
 [ 0.          0.          0.          1.        ]]","[[-0.97316009 -0.0698636   0.21926813 -0.11149212]
 [-0.22858419  0.40367376 -0.88588756 -0.03727912]
 [-0.02662149 -0.91223165 -0.40880891 -0.39915417]
 [ 0.          0.          0.          1.        ]]"
single_object,99,149,28,8,30,0.5231067297281896,0.47370220525386064,0.0027505347801150214,0.002628163566545512,"[[ 0.88430033  0.30111569 -0.35685049 -0.17544625]
 [ 0.36543028 -0.92206386  0.1275106   0.00705191]
 [-0.2906435  -0.24316164 -0.92541816 -0.44869196]
 [ 0.          0.          0.          1.        ]]","[[ 0.07161665 -0.97525678  0.20915369 -0.15691966]
 [-0.73291915  0.09077506  0.67423246 -0.00412392]
 [-0.67653571 -0.20157901 -0.70828337 -0.44978667]
 [ 0.          0.          0.          1.        ]]"
single_object,99,150,28,11,30,0.4896575303436093,0.3322126616901248,0.0031142090182732654,0.002831586107859341,"[[-0.51053406  0.7249074  -0.46245457 -0.18339311]
 [-0.84620778 -0.32812585  0.41984024  0.00662503]
 [ 0.15260199  0.6056754   0.7809417  -0.45238919]
 [ 0.          0.          0.          1.        ]]","[[-0.64167433  0.43733459 -0.63007342 -0.18807931]
 [-0.76292718 -0.27964236  0.58287415  0.01479251]
 [ 0.07871581  0.85471551  0.51309376 -0.45699964]
 [ 0.          0.          0.          1.        ]]"
single_object,99,151,28,4,30,0.23613881132828082,0.4429882044560944,0.002631768049563031,0.002518242409811334,"[[ 0.87593192 -0.02602167 -0.48173244 -0.16959512]
 [ 0.06945523  0.99494371  0.0725464   0.06304532]
 [ 0.47740888 -0.09700455  0.8733103  -0.43075462]
 [ 0.          0.          0.          1.        ]]","[[-0.03710939  0.74059794 -0.67092294 -0.17288982]
 [-0.39509725  0.60580884  0.69057498  0.06165932]
 [ 0.91788946  0.29070662  0.27012701 -0.43866169]
 [ 0.          0.          0.          1.        ]]"
single_object,99,152,28,8,30,0.5421961365319962,0.412502136873896,0.002894481101793994,0.0023144186143826276,"[[ 0.98119646  0.05791933 -0.18411641 -0.16306482]
 [ 0.02710385 -0.98580818 -0.16567319  0.05419161]
 [-0.19109914  0.15756768 -0.96884134 -0.43955199]
 [ 0.          0.          0.          1.        ]]","[[ 0.42093066 -0.86511556 -0.27274978 -0.15429282]
 [ 0.14635561 -0.23197354  0.96164875  0.04583759]
 [-0.89520803 -0.4447059   0.02896974 -0.43476113]
 [ 0.          0.          0.          1.        ]]"
single_object,99,153,28,5,30,0.6528577126901818,0.3380249586871047,0.003210275899762571,0.002365233408726928,"[[-0.76317607  0.47989626 -0.43273765 -0.17528832]
 [-0.63165804 -0.41280361  0.65620219  0.03952069]
 [ 0.13627331  0.77414002  0.61817216 -0.4330382 ]
 [ 0.          0.          0.          1.        ]]","[[-0.234933    0.72241425 -0.65032618 -0.16224184]
 [-0.23413622  0.60729321  0.75919378  0.04551945]
 [ 0.94339107  0.33062459  0.02647012 -0.42174017]
 [ 0.          0.          0.          1.        ]]"
single_object,99,155,28,8,30,0.5115391190381219,0.5501168157729786,0.003002196470661012,0.0029573092287186135,"[[-0.99935225  0.03310003 -0.01412332 -0.1791624 ]
 [-0.03470818 -0.99020678  0.13522527  0.04995379]
 [-0.00950905  0.13562788  0.99071422 -0.4232285 ]
 [ 0.          0.          0.          1.        ]]","[[-0.1988464   0.6896678  -0.69628904 -0.19129317]
 [-0.42462953  0.57969308  0.6954464   0.03368276]
 [ 0.88326093  0.4339519   0.17758343 -0.4320674 ]
 [ 0.          0.          0.          1.        ]]"
single_object,99,156,28,6,30,0.3899937318365719,0.32001823465724544,0.003020343254257612,0.00265738787671908,"[[ 0.56596552  0.80789855  0.16426493 -0.18373619]
 [ 0.65700733 -0.56234907  0.50210048  0.04474139]
 [ 0.49802048 -0.1762483  -0.84906545 -0.42376892]
 [ 0.          0.          0.          1.        ]]","[[ 0.54027348 -0.58889643 -0.60108699 -0.1628909 ]
 [-0.66754558 -0.734846    0.11993441  0.04274523]
 [-0.51233531  0.33645558 -0.79013301 -0.43653229]
 [ 0.          0.          0.          1.        ]]"
single_object,99,156,37,53,30,0.2749538751984439,0.33412234156667,0.0025478057866236354,0.0024709757062863365,"[[ 0.84758846 -0.02904092 -0.52985887 -0.10599161]
 [-0.45856246 -0.54257158 -0.7038015  -0.01498197]
 [-0.26704732  0.83950742 -0.47319449 -0.39004089]
 [ 0.          0.          0.          1.        ]]","[[ 0.98609592 -0.03940228 -0.16143822 -0.10612849]
 [-0.1581476  -0.52084719 -0.83887278 -0.01254565]
 [-0.05103114  0.85274009 -0.51983667 -0.38788215]
 [ 0.          0.          0.          1.        ]]"
single_object,99,158,37,55,29,0.3569916617800598,0.4284028661737153,0.0028226990757908095,0.0024538651141044147,"[[-0.904958   -0.06496309  0.42051256 -0.12047096]
 [-0.39014669  0.52109585 -0.75910782 -0.01888876]
 [-0.16981336 -0.85102228 -0.49691499 -0.38382392]
 [ 0.          0.          0.          1.        ]]","[[-0.93392657  0.00953113  0.35733782 -0.12388107]
 [-0.30845737  0.48370323 -0.81907584 -0.0153616 ]
 [-0.18065218 -0.87518018 -0.44880335 -0.38868221]
 [ 0.          0.          0.          1.        ]]"
single_object,99,158,28,5,30,0.30856459057496155,0.3699925921704941,0.002846154660024001,0.0029389129235533286,"[[-0.98613744  0.16045774  0.04226413 -0.18111857]
 [-0.1640018  -0.98125057 -0.10124587  0.02563389]
 [ 0.02522602 -0.10677373  0.99396329 -0.42377252]
 [ 0.          0.          0.          1.        ]]","[[-0.65781017 -0.75278389  0.02453956 -0.18483181]
 [ 0.75014128 -0.65773066 -0.06839904  0.04178837]
 [ 0.06763012 -0.02658545  0.9973562  -0.4256378 ]
 [ 0.          0.          0.          1.        ]]"
single_object,99,159,37,69,30,0.35840758592085126,0.424269511863728,0.0028133138558711136,0.0025259695806105534,"[[ 0.79525946 -0.24959572  0.55250734 -0.1172313 ]
 [ 0.30768414 -0.61908366 -0.72254128 -0.01318631]
 [ 0.52239148  0.74460553 -0.41553549 -0.38974487]
 [ 0.          0.          0.          1.        ]]","[[ 0.92483305 -0.084573    0.37085203 -0.12082027]
 [ 0.23225765 -0.64655427 -0.72665257 -0.01595389]
 [ 0.30123115  0.75816554 -0.57831204 -0.3868964 ]
 [ 0.          0.          0.          1.        ]]"
single_object,99,160,37,347,15,0.45931720991432945,0.47763125902830417,0.0029060418966325315,0.0025744533679697514,"[[-0.98135662  0.06851334  0.17956922 -0.1214477 ]
 [-0.10321273  0.60028515 -0.79309827 -0.01783467]
 [-0.16213055 -0.79684607 -0.58202236 -0.3898517 ]
 [ 0.          0.          0.          1.        ]]","[[-0.99264606  0.01794545  0.11971533 -0.12280006]
 [-0.08736469  0.57834808 -0.81109858 -0.01819803]
 [-0.08379266 -0.8155927  -0.57252715 -0.38812779]
 [ 0.          0.          0.          1.        ]]"
single_object,99,161,37,168,30,0.45168695204450865,0.5119137859523163,0.0025968180346081894,0.0023595662771742332,"[[-0.96643222  0.02062551  0.25609247 -0.11880114]
 [-0.19451625  0.5924472  -0.78177346 -0.01232409]
 [-0.16784574 -0.80534521 -0.56854807 -0.39236872]
 [ 0.          0.          0.          1.        ]]","[[-0.97590863  0.01695873  0.21751953 -0.12297498]
 [-0.16265     0.6079546  -0.77713331 -0.01743893]
 [-0.14542119 -0.79379066 -0.5905498  -0.38923202]
 [ 0.          0.          0.          1.        ]]"
single_object,99,161,28,3,30,0.34058920736224285,0.3542082169924212,0.0031221021615881793,0.0030692884038622113,"[[-0.99582662  0.0728408   0.05498687 -0.13720827]
 [-0.03106683 -0.83706281  0.54622405  0.04408749]
 [ 0.08581486  0.54223618  0.83583236 -0.34059334]
 [ 0.          0.          0.          1.        ]]","[[-0.40646865 -0.57171504  0.71268868 -0.13560615]
 [ 0.71220946 -0.6868687  -0.14480705  0.04705837]
 [ 0.57231192  0.44872409  0.68637145 -0.34392188]
 [ 0.          0.          0.          1.        ]]"
single_object,99,162,37,95,30,0.5296986512965003,0.5731632317395844,0.0023860429890945993,0.0020533212789190037,"[[-0.9675889   0.20450786  0.14814941 -0.11613963]
 [ 0.03032101  0.67649922 -0.73581889 -0.01408533]
 [-0.25070371 -0.70747816 -0.66077402 -0.38765613]
 [ 0.          0.          0.          1.        ]]","[[-0.94756055 -0.03945639  0.31713121 -0.12317355]
 [-0.26667257  0.64448061 -0.71661042 -0.01840646]
 [-0.17611006 -0.76360195 -0.62120633 -0.38677581]
 [ 0.          0.          0.          1.        ]]"
single_object,99,163,37,116,30,0.4653098585506086,0.536427866531272,0.002613769138085638,0.002191820664126817,"[[-0.9941594   0.0995186   0.0417508  -0.1095349 ]
 [ 0.04053716  0.70288141 -0.71015102 -0.01543491]
 [-0.1000191  -0.70431085 -0.70281036 -0.38709694]
 [ 0.          0.          0.          1.        ]]","[[-0.9685164  -0.01217512  0.24865185 -0.12300885]
 [-0.18904485  0.68584946 -0.70276067 -0.01566204]
 [-0.16198154 -0.72764159 -0.6665581  -0.39043352]
 [ 0.          0.          0.          1.        ]]"
single_object,99,164,37,114,30,0.44546546718345514,0.4908608532730731,0.0027634574289302004,0.002279051732738577,"[[-0.98510334  0.15620498 -0.07191253 -0.12072418]
 [ 0.16617596  0.75713674 -0.63176697 -0.02696915]
 [-0.04423753 -0.63430589 -0.77181544 -0.38309667]
 [ 0.          0.          0.          1.        ]]","[[-0.95105326 -0.00917239  0.30889085 -0.12468413]
 [-0.21656728  0.73282262 -0.64503459 -0.02310013]
 [-0.22044569 -0.6803579  -0.69893978 -0.38424843]
 [ 0.          0.          0.          1.        ]]"
single_object,99,165,37,108,30,0.34971180937942475,0.5142951129163746,0.0027035613097150663,0.0022569683435555835,"[[-0.86783436 -0.13834485  0.47720459 -0.11315007]
 [-0.4359252   0.67284592 -0.59770192 -0.01285792]
 [-0.23839618 -0.72673177 -0.64422682 -0.38415407]
 [ 0.          0.          0.          1.        ]]","[[-0.94904422 -0.02170071  0.31439489 -0.12367454]
 [-0.22181648  0.75465072 -0.61749472 -0.01870212]
 [-0.22385826 -0.65576777 -0.72101048 -0.38784672]
 [ 0.          0.          0.          1.        ]]"
single_object,99,166,37,236,26,0.40416767974370343,0.5782476866087902,0.0023725745622571698,0.0019866649852349834,"[[-0.8706438  -0.13361087  0.47342107 -0.13394854]
 [-0.42157494  0.69859358 -0.57813631  0.00121615]
 [-0.25348363 -0.70293325 -0.66455316 -0.37436795]
 [ 0.          0.          0.          1.        ]]","[[-9.89040311e-01  8.49635610e-03  1.47401070e-01 -1.26616565e-01]
 [-8.93418287e-02  7.60383272e-01 -6.43300332e-01  1.20575584e-04]
 [-1.17547016e-01 -6.49419042e-01 -7.51290628e-01 -3.71644033e-01]
 [ 0.00000000e+00  0.00000000e+00  0.00000000e+00  1.00000000e+00]]"
single_object,99,166,28,8,7,0.936463616160465,0.9847854578608468,0.0021758893011179616,0.0018030008555747759,"[[ 0.65689947 -0.62906563 -0.41564351 -0.16369322]
 [-0.24253827 -0.69826908  0.67349497  0.07562967]
 [-0.71390355 -0.34160903 -0.61126508 -0.38235535]
 [ 0.          0.          0.          1.        ]]","[[ 0.6685008  -0.69185628 -0.27283982 -0.16234892]
 [-0.38260793 -0.63452624  0.67155612  0.07343052]
 [-0.63774434 -0.34454513 -0.688891   -0.38109586]
 [ 0.          0.          0.          1.        ]]"
single_object,99,167,37,170,30,0.5156967347931177,0.5933866331040204,0.0022679814293151733,0.0020457808908000215,"[[-0.96817935  0.19973524 -0.15077988 -0.11283045]
 [ 0.24857365  0.69775238 -0.67182792  0.00126258]
 [-0.02898069 -0.68792983 -0.72519837 -0.37198686]
 [ 0.          0.          0.          1.        ]]","[[-9.89654847e-01  4.13667825e-04  1.43468156e-01 -1.24591440e-01]
 [-9.84255176e-02  7.25601767e-01 -6.81039274e-01  9.06695143e-04]
 [-1.04382471e-01 -6.88114747e-01 -7.18054591e-01 -3.72529610e-01]
 [ 0.00000000e+00  0.00000000e+00  0.00000000e+00  1.00000000e+00]]"
single_object,99,167,28,22,7,0.7489315630520258,0.9912815545045301,0.002954964268926827,0.0017213195514324089,"[[ 0.23676859 -0.58818686 -0.77328963 -0.17021162]
 [ 0.12118657 -0.77182564  0.62417865  0.0748215 ]
 [-0.96397845 -0.24149822 -0.11146372 -0.38998469]
 [ 0.          0.          0.          1.        ]]","[[ 0.63115595 -0.72947022 -0.26365765 -0.16036145]
 [-0.48551828 -0.63663414  0.59914019  0.07333669]
 [-0.60490839 -0.25014029 -0.75598655 -0.38588646]
 [ 0.          0.          0.          1.        ]]"
single_object,99,168,28,30,13,0.7169639295686364,0.9891161889566357,0.002595412833462499,0.0018152656304883084,"[[ 0.82614894 -0.54070372  0.15848474 -0.16287508]
 [-0.55733572 -0.74285893  0.37086049  0.07163927]
 [-0.08279385 -0.39471521 -0.91506562 -0.39472592]
 [ 0.          0.          0.          1.        ]]","[[ 0.65238474 -0.72596313 -0.21765039 -0.15957985]
 [-0.5087092  -0.63232259  0.58427999  0.07478475]
 [-0.56179098 -0.27045459 -0.78182172 -0.39055813]
 [ 0.          0.          0.          1.        ]]"
single_object,99,168,37,126,24,0.5467326477781432,0.5642600723694561,0.002228440877904626,0.0020354679282067975,"[[-0.99583273  0.01488553  0.08997555 -0.12445536]
 [-0.05546199  0.68433156 -0.72705866  0.00387532]
 [-0.07239576 -0.72901903 -0.68065418 -0.3765011 ]
 [ 0.          0.          0.          1.        ]]","[[-0.98111395 -0.00727667  0.19329374 -0.1254644 ]
 [-0.14576768  0.68469184 -0.71410705  0.00180562]
 [-0.12715032 -0.72879636 -0.67282142 -0.37302837]
 [ 0.          0.          0.          1.        ]]"
single_object,99,169,37,261,30,0.4962313534232469,0.530120568085928,0.002325918477924101,0.002038821168154774,"[[-0.9818341   0.17868072 -0.06383576 -0.11555682]
 [ 0.16465442  0.63516273 -0.7546239   0.00558481]
 [-0.09429064 -0.75142631 -0.653045   -0.37486782]
 [ 0.          0.          0.          1.        ]]","[[-0.97998951 -0.00670263  0.19893626 -0.12603178]
 [-0.15489883  0.65334784 -0.7410418   0.00287078]
 [-0.12500765 -0.75702819 -0.64131226 -0.37371206]
 [ 0.          0.          0.          1.        ]]"
single_object,99,169,28,7,7,0.959029004501681,0.9851843409880905,0.002159169361618187,0.0019286315821848143,"[[ 0.76727729 -0.53279338 -0.35695487 -0.15960559]
 [-0.43003774 -0.84035642  0.32995248  0.07426631]
 [-0.47576581 -0.09966097 -0.87390765 -0.39504864]
 [ 0.          0.          0.          1.        ]]","[[ 0.70051165 -0.61350855 -0.36454175 -0.16019769]
 [-0.45851289 -0.77836062  0.42885974  0.07573717]
 [-0.54685406 -0.13327415 -0.82655226 -0.39460086]
 [ 0.          0.          0.          1.        ]]"
single_object,99,170,37,200,30,0.33964301548935194,0.45544129635721337,0.002768852355364135,0.0024165508899557805,"[[-0.79244757  0.43421688 -0.42834863 -0.10583001]
 [ 0.60988352  0.55453157 -0.56615972 -0.00171407]
 [-0.00830327 -0.70989466 -0.70425892 -0.37416665]
 [ 0.          0.          0.          1.        ]]","[[-0.93818307  0.22603186 -0.26214906 -0.11312508]
 [ 0.34605076  0.59533929 -0.72513447  0.00340765]
 [-0.00783586 -0.77102576 -0.63675574 -0.37564067]
 [ 0.          0.          0.          1.        ]]"
single_object,99,170,28,13,30,0.5300586928030088,0.5043592227477349,0.0027882702132946352,0.002633341187451629,"[[-0.94964118  0.28166448 -0.13728349 -0.17157066]
 [-0.29897026 -0.9456534   0.12789224  0.07165312]
 [-0.0937999   0.16249542  0.98224071 -0.39222098]
 [ 0.          0.          0.          1.        ]]","[[-0.78281613  0.43882516  0.44117046 -0.17725317]
 [-0.00536154 -0.71371919  0.70041143  0.0627208 ]
 [ 0.62222999  0.54592802  0.56106367 -0.39177293]
 [ 0.          0.          0.          1.        ]]"
single_object,99,171,28,13,13,0.8344065188899652,0.9642144851558493,0.0026149324719470885,0.0022658496628806097,"[[ 0.5207272  -0.79514941  0.31077419 -0.1575543 ]
 [-0.85227454 -0.50537423  0.13499999  0.07827088]
 [ 0.04971211 -0.33516309 -0.94084771 -0.40114731]
 [ 0.          0.          0.          1.        ]]","[[ 0.7141179  -0.64512532 -0.27175161 -0.15999054]
 [-0.56040665 -0.75948881  0.33033488  0.07811814]
 [-0.4194997  -0.08360664 -0.90389708 -0.40272287]
 [ 0.          0.          0.          1.        ]]"
single_object,99,171,37,113,30,0.4182697120954247,0.4848467512407214,0.0025127245230743365,0.0022620606234471955,"[[-0.96243257  0.03996501  0.26856347 -0.12123407]
 [-0.19475592  0.5875882  -0.78537268  0.00816998]
 [-0.18919215 -0.80817257 -0.5577306  -0.37557692]
 [ 0.          0.          0.          1.        ]]","[[-0.99561335 -0.02294016  0.09070727 -0.12450645]
 [-0.08699711  0.58375246 -0.80725744  0.00648912]
 [-0.03443198 -0.81160755 -0.58318747 -0.3755067 ]
 [ 0.          0.          0.          1.        ]]"
single_object,99,172,28,14,18,0.6981024559803978,0.9615932531768192,0.0027826397273035047,0.0022890902505290343,"[[ 0.96650306 -0.25660744  0.0049446  -0.15888772]
 [-0.25627526 -0.96384595  0.07296559  0.07391698]
 [-0.01395768 -0.07178864 -0.9973222  -0.40758933]
 [ 0.          0.          0.          1.        ]]","[[ 0.6790264  -0.67326813 -0.29263146 -0.15835917]
 [-0.51868373 -0.7220879   0.45777314  0.0775402 ]
 [-0.51950971 -0.15905687 -0.83952997 -0.4057193 ]
 [ 0.          0.          0.          1.        ]]"
single_object,99,172,37,181,30,0.43171384030091964,0.3568629414036242,0.002566023965649326,0.002317489554258219,"[[-0.9739289   0.12341721 -0.19034362 -0.11581857]
 [ 0.22679438  0.54886882 -0.80455411  0.00825661]
 [ 0.00517785 -0.82674737 -0.56254954 -0.37746686]
 [ 0.          0.          0.          1.        ]]","[[-0.91822021 -0.15947404  0.36254611 -0.13169594]
 [-0.38925712  0.53240412 -0.75168128  0.00674155]
 [-0.0731474  -0.8313326  -0.55094063 -0.37660123]
 [ 0.          0.          0.          1.        ]]"
single_object,99,173,28,14,20,0.7031739700267822,0.6636845404296541,0.0027635436286275665,0.0021619318738812375,"[[ 0.4116919  -0.75527569  0.50996903 -0.15674408]
 [-0.54325009  0.24590578  0.80275132  0.0682123 ]
 [-0.73170289 -0.60752694 -0.30906617 -0.40200011]
 [ 0.          0.          0.          1.        ]]","[[ 0.34019952 -0.93879613  0.05409357 -0.1538343 ]
 [-0.69673765 -0.21301477  0.68496814  0.07257428]
 [-0.63152271 -0.27071487 -0.72656213 -0.4082674 ]
 [ 0.          0.          0.          1.        ]]"
single_object,99,173,37,70,30,0.3018349804774096,0.4672835709892876,0.0027770966115196424,0.002426017145664734,"[[-0.82670976  0.27415992 -0.49131183 -0.10735402]
 [ 0.56117316  0.4645714  -0.68502415  0.00431711]
 [ 0.04044326 -0.84202717 -0.5379169  -0.3800113 ]
 [ 0.          0.          0.          1.        ]]","[[-0.9970291   0.00234918  0.07699003 -0.1230758 ]
 [-0.06522222  0.50598339 -0.86007376  0.00917593]
 [-0.04097614 -0.86254002 -0.50432694 -0.37673619]
 [ 0.          0.          0.          1.        ]]"
single_object,99,174,37,71,30,0.29215234771664356,0.39480684792402637,0.0027808560537099384,0.002455124935046234,"[[-0.96748924  0.25288217 -0.00389509 -0.10696198]
 [ 0.14431721  0.53935759 -0.82961794  0.01464567]
 [-0.20769474 -0.80320857 -0.55831791 -0.37470198]
 [ 0.          0.          0.          1.        ]]","[[-0.99406982  0.10870098  0.00304684 -0.11885164]
 [ 0.04795524  0.46335306 -0.88487526  0.01146266]
 [-0.09759857 -0.87948168 -0.46581808 -0.37827742]
 [ 0.          0.          0.          1.        ]]"
single_object,99,174,28,32,30,0.7125762151689555,0.7326343381389253,0.0028227743044537948,0.002920739996294333,"[[-0.8332664  -0.54905653  0.06483855 -0.16413868]
 [ 0.53947789 -0.78181134  0.3126254   0.08140236]
 [-0.1209575   0.2954792   0.94766098 -0.40823676]
 [ 0.          0.          0.          1.        ]]","[[-0.6875341  -0.66107792  0.30045439 -0.16291442]
 [ 0.6236597  -0.74951192 -0.22199201  0.07852314]
 [ 0.37194817  0.03475422  0.92760267 -0.40707689]
 [ 0.          0.          0.          1.        ]]"
single_object,99,175,28,7,30,0.5931961935153001,0.7097270499743575,0.0028139603107103076,0.002343458759638677,"[[ 0.99023586 -0.10910276  0.08677286 -0.15507079]
 [-0.05452933 -0.87602262 -0.47917734  0.07557312]
 [ 0.12829456  0.46976692 -0.87341831 -0.42075885]
 [ 0.          0.          0.          1.        ]]","[[ 0.65773164  0.75151243  0.05116786 -0.17283473]
 [ 0.51170733 -0.39593644 -0.76248931  0.07321167]
 [-0.55276098  0.52769631 -0.64497434 -0.424437  ]
 [ 0.          0.          0.          1.        ]]"
single_object,99,176,37,100,22,0.3089002989173186,0.36112501609004705,0.0027363500638830215,0.0025353157108661322,"[[-0.99709632 -0.00543187  0.07595667 -0.12610625]
 [-0.07235735  0.3784674  -0.92278212  0.01439361]
 [-0.02373469 -0.92559868 -0.37776148 -0.38335774]
 [ 0.          0.          0.          1.        ]]","[[-9.93067409e-01 -3.24908623e-04  1.17545804e-01 -1.22244144e-01]
 [-1.09291403e-01  3.70682596e-01 -9.22306783e-01  1.53098725e-02]
 [-4.32725185e-02 -9.28759553e-01 -3.68148315e-01 -3.80847267e-01]
 [ 0.00000000e+00  0.00000000e+00  0.00000000e+00  1.00000000e+00]]"
single_object,99,176,28,26,30,0.5196307481907801,0.37466522308963474,0.0030038886289608696,0.0025232239975012125,"[[-0.94286175 -0.33240822  0.02272676 -0.15731649]
 [ 0.33297925 -0.9376948   0.09926373  0.08917208]
 [-0.01168532  0.10115951  0.99480159 -0.41130607]
 [ 0.          0.          0.          1.        ]]","[[-0.82958332 -0.55805456  0.01914753 -0.15005652]
 [ 0.54272807 -0.79778799  0.26264152  0.09163075]
 [-0.13129262  0.22827492  0.96470348 -0.40972127]
 [ 0.          0.          0.          1.        ]]"
single_object,99,177,28,2,30,0.3944954128440367,0.7014644709100234,0.0027812745683982866,0.002595789262942985,"[[-0.99782512 -0.06587759  0.00227546 -0.15767122]
 [ 0.06329435 -0.94791503  0.31217131  0.07080972]
 [-0.01840815  0.3116364   0.9500231  -0.41176874]
 [ 0.          0.          0.          1.        ]]","[[-0.78918248 -0.07833373  0.60914271 -0.15921482]
 [ 0.42061841 -0.7916519   0.44313365  0.08197106]
 [ 0.44751667  0.60592995  0.65770641 -0.41682939]
 [ 0.          0.          0.          1.        ]]"
single_object,99,178,28,3,23,0.747051114023591,0.7219214770072369,0.0026783149419010457,0.0022906627409880784,"[[ 0.70248518  0.48064862 -0.52487282 -0.16049574]
 [-0.00339398 -0.73522251 -0.67781734  0.08516993]
 [-0.71169028  0.47793804 -0.5148516  -0.43350279]
 [ 0.          0.          0.          1.        ]]","[[ 0.84182129 -0.10501563 -0.5294418  -0.15972368]
 [-0.24201235 -0.95020248 -0.19632948  0.08875614]
 [-0.48245925  0.29340579 -0.82531576 -0.43356709]
 [ 0.          0.          0.          1.        ]]"
single_object,99,179,28,8,22,0.5445894352954584,0.63564875491481,0.0027908535791117896,0.002288631504246352,"[[ 0.9511935   0.1521355  -0.26848783 -0.15456204]
 [ 0.19790271 -0.96829355  0.15245366  0.0971331 ]
 [-0.23678142 -0.1981474  -0.95114256 -0.4274502 ]
 [ 0.          0.          0.          1.        ]]","[[ 0.12772199 -0.96328896  0.23613869 -0.13895532]
 [-0.84822611  0.01729834  0.52935172  0.08266358]
 [-0.51400347 -0.26790886 -0.81487746 -0.4281495 ]
 [ 0.          0.          0.          1.        ]]"
single_object,99,180,28,22,22,0.6897259103082797,0.7628354892016639,0.002601273126564436,0.0022230543553244018,"[[ 0.55273818  0.83290992  0.02723163 -0.15809278]
 [ 0.46658227 -0.2822288  -0.83824095  0.09930147]
 [-0.69049365  0.47603358 -0.54461964 -0.44551372]
 [ 0.          0.          0.          1.        ]]","[[ 0.55902703  0.79057022 -0.24997503 -0.16073999]
 [ 0.0980655  -0.36240875 -0.92684576  0.09716548]
 [-0.82332979  0.4936179  -0.28012395 -0.44383328]
 [ 0.          0.          0.          1.        ]]"
single_object,99,181,28,5,30,0.5445324519915665,0.30560145877257966,0.003041933546076171,0.0026746701009798804,"[[-0.81384678  0.46691337 -0.34589784 -0.12833968]
 [-0.57090172 -0.53156989  0.62570335  0.13051997]
 [ 0.10828038  0.70670034  0.69917808 -0.42248491]
 [ 0.          0.          0.          1.        ]]","[[-0.4408348   0.89361568  0.08435455 -0.13397704]
 [-0.71298267 -0.40571006  0.57188728  0.15174206]
 [ 0.54527093  0.19196448  0.81598361 -0.4323766 ]
 [ 0.          0.          0.          1.        ]]"
single_object,99,182,28,10,29,0.4315915436777024,0.8012992193287367,0.002173242649693438,0.0021577641597669813,"[[ 0.6774667  -0.44884311 -0.58273384 -0.14340316]
 [-0.67969305 -0.68484071 -0.26269862  0.11538011]
 [-0.28116939  0.57404971 -0.76903232 -0.42251036]
 [ 0.          0.          0.          1.        ]]","[[ 0.5312214  -0.1596719  -0.83205091 -0.13605559]
 [-0.46325666 -0.87700953 -0.12746585  0.12743355]
 [-0.70936386  0.45316571 -0.5398553  -0.4321265 ]
 [ 0.          0.          0.          1.        ]]"
single_object,99,183,28,22,30,0.6926890421106616,0.6940566414040686,0.0027386171836107035,0.0025786041499359577,"[[-0.88514777 -0.41164504  0.21693729 -0.13672726]
 [ 0.46250947 -0.82942366  0.31327525  0.11678256]
 [ 0.05097472  0.37763043  0.92455223 -0.41268119]
 [ 0.          0.          0.          1.        ]]","[[-0.64326003 -0.14553456  0.75168891 -0.13127844]
 [ 0.54605718 -0.77538802  0.31716712  0.12980394]
 [ 0.5366918   0.61448605  0.57824632 -0.41993125]
 [ 0.          0.          0.          1.        ]]"
single_object,99,184,37,69,30,0.23539381284057267,0.31366295284543544,0.002857601820919512,0.0025195925718471787,"[[-0.86541432  0.05969206 -0.4974886  -0.11058857]
 [ 0.48821693  0.32378825 -0.81043532  0.04340293]
 [ 0.11270441 -0.94424469 -0.30935366 -0.37856675]
 [ 0.          0.          0.          1.        ]]","[[-0.99756884  0.01785356 -0.06736211 -0.11393833]
 [ 0.06937838  0.34543792 -0.93587354  0.0448954 ]
 [ 0.00656075 -0.93827176 -0.34583676 -0.37376024]
 [ 0.          0.          0.          1.        ]]"
single_object,99,184,28,20,11,0.7994187703003021,0.9750413128953217,0.0028025402816166,0.0019963518233166847,"[[ 0.50431646 -0.76540859 -0.39976818 -0.13301541]
 [-0.85443955 -0.50927487 -0.102821    0.11799083]
 [-0.12489181  0.39343206 -0.91083108 -0.418472  ]
 [ 0.          0.          0.          1.        ]]","[[ 0.36951374 -0.72429639 -0.58211196 -0.13616987]
 [-0.68938958 -0.63372525  0.35090499  0.11425832]
 [-0.62305827  0.2716377  -0.73349257 -0.41815478]
 [ 0.          0.          0.          1.        ]]"
single_object,99,185,37,54,30,0.23354166964630502,0.31826828186901984,0.002606405663932221,0.0023879607275379255,"[[ 9.06142288e-01  9.66858377e-04 -4.22971889e-01 -1.07279040e-01]
 [-3.92247221e-01 -3.72254444e-01 -8.41171057e-01  3.24741167e-02]
 [-1.58266459e-01  9.28130214e-01 -3.36936246e-01 -3.76927653e-01]
 [ 0.00000000e+00  0.00000000e+00  0.00000000e+00  1.00000000e+00]]","[[ 0.96577451  0.08586436  0.24475889 -0.12382641]
 [ 0.25510902 -0.48503025 -0.83645983  0.04097185]
 [ 0.04689338  0.87027178 -0.49033462 -0.37253637]
 [ 0.          0.          0.          1.        ]]"
single_object,99,185,28,8,30,0.6236252777936064,0.6791839990882671,0.0022558060527630213,0.002176677793773647,"[[ 0.04359748 -0.73172517  0.68020404 -0.13539537]
 [-0.91897416  0.23770737  0.31461358  0.10208597]
 [-0.39190019 -0.63880629 -0.66207308 -0.40291184]
 [ 0.          0.          0.          1.        ]]","[[-0.26676893 -0.84000565  0.47246676 -0.13679021]
 [-0.46885776  0.54142499  0.69787633  0.09884491]
 [-0.84202538 -0.03534799 -0.53827854 -0.4108591 ]
 [ 0.          0.          0.          1.        ]]"
single_object,99,186,28,37,30,0.6469884323893099,0.6816342811556214,0.0027757772122614342,0.0024832094923961322,"[[-0.60156007  0.73336124  0.31671245 -0.15631236]
 [-0.54375978 -0.66636332  0.51018157  0.10823802]
 [ 0.58519294  0.13468937  0.79962991 -0.39858591]
 [ 0.          0.          0.          1.        ]]","[[-0.73867292  0.50140853  0.45050174 -0.15773522]
 [-0.10917486 -0.74850703  0.65407804  0.11283441]
 [ 0.66516402  0.43396627  0.60764307 -0.40265711]
 [ 0.          0.          0.          1.        ]]"
single_object,99,186,37,134,30,0.3103019207940617,0.3770720405040118,0.002624214070174822,0.002481309958751733,"[[-0.9885629   0.05789535  0.13925345 -0.11007428]
 [-0.10161792  0.42656058 -0.89873237  0.04050622]
 [-0.11143246 -0.90260412 -0.41579876 -0.37060516]
 [ 0.          0.          0.          1.        ]]","[[-0.99907735 -0.03921044  0.01752112 -0.11659144]
 [-0.03238613  0.41990827 -0.90698852  0.03705949]
 [ 0.02820616 -0.90671913 -0.42079072 -0.37028296]
 [ 0.          0.          0.          1.        ]]"
single_object,99,187,37,76,30,0.34632217279995425,0.33076846064732046,0.0028164909931353514,0.0025719435058581077,"[[ 0.9339806  -0.31825319 -0.16246584 -0.10668798]
 [-0.30573518 -0.47642053 -0.82434791  0.03100597]
 [ 0.18494929  0.81959648 -0.54226873 -0.36662397]
 [ 0.          0.          0.          1.        ]]","[[ 0.99306919 -0.11224017  0.03486717 -0.11418832]
 [-0.03419745 -0.55976815 -0.82794333  0.03518946]
 [ 0.11244603  0.82101264 -0.55972683 -0.36885242]
 [ 0.          0.          0.          1.        ]]"
single_object,99,187,28,11,16,0.9454099948715027,0.9855262408114422,0.0024137121480140387,0.0018349339656474747,"[[ 0.41425986 -0.89600524 -0.15988551 -0.14090563]
 [-0.70932088 -0.42790199  0.56014621  0.10168698]
 [-0.57030927 -0.11863596 -0.81281784 -0.40084831]
 [ 0.          0.          0.          1.        ]]","[[ 0.41038424 -0.86361538 -0.29283656 -0.1399601 ]
 [-0.58670947 -0.49588461  0.64021125  0.10499699]
 [-0.69810943 -0.09092262 -0.71019456 -0.4003402 ]
 [ 0.          0.          0.          1.        ]]"
single_object,99,188,37,43,30,0.24816573463579283,0.3266065018092364,0.0025785433915345188,0.0025650611872296914,"[[-0.74169313 -0.12452679 -0.65907843 -0.10488539]
 [ 0.50217002  0.54831168 -0.66871487  0.00340654]
 [ 0.44465332 -0.82695065 -0.34414538 -0.3391493 ]
 [ 0.          0.          0.          1.        ]]","[[-0.96887336  0.01409123 -0.24715553 -0.11190059]
 [ 0.20887275  0.58241917 -0.78559537  0.01077114]
 [ 0.13287812 -0.81276647 -0.56723369 -0.34075431]
 [ 0.          0.          0.          1.        ]]"
single_object,99,188,28,15,14,0.8849507094421335,0.9108211294090831,0.0024091591148949904,0.002193135920185505,"[[-0.58390751 -0.68571181  0.4345703  -0.14599398]
 [ 0.62114185 -0.72203467 -0.3047109   0.10627733]
 [ 0.52271868  0.09200682  0.84752577 -0.38792625]
 [ 0.          0.          0.          1.        ]]","[[-0.55093223 -0.75026351  0.3654837  -0.14583419]
 [ 0.73703458 -0.64284884 -0.20862741  0.10933938]
 [ 0.3914763   0.15443456  0.9071363  -0.38910178]
 [ 0.          0.          0.          1.        ]]"
single_object,99,189,37,125,27,0.44148943777800026,0.4564210014445287,0.0027486273263543095,0.0023157708810574804,"[[-0.98100547  0.06456663 -0.18291917 -0.11363731]
 [ 0.19031925  0.5027021  -0.84324918  0.02601736]
 [ 0.03750809 -0.8620451  -0.50544178 -0.36290609]
 [ 0.          0.          0.          1.        ]]","[[-0.99981807  0.0077618   0.01742345 -0.11956157]
 [-0.01022343  0.55310111 -0.83305141  0.02882595]
 [-0.01610291 -0.83307798 -0.55292113 -0.36597353]
 [ 0.          0.          0.          1.        ]]"
single_object,99,189,28,13,9,0.8662601857655707,0.9129864949569776,0.002396286194041693,0.002157156341196472,"[[-0.34425648 -0.79974243  0.49183283 -0.14545205]
 [ 0.52078835 -0.59853306 -0.60871806  0.10385133]
 [ 0.78119586  0.04658567  0.62254542 -0.38413387]
 [ 0.          0.          0.          1.        ]]","[[-0.54737818 -0.76469424  0.34002919 -0.14625813]
 [ 0.73034688 -0.6348711  -0.2520558   0.10696025]
 [ 0.40862033  0.11036941  0.90600663 -0.38353039]
 [ 0.          0.          0.          1.        ]]"
single_object,99,190,37,182,30,0.4680844977759979,0.4972897209628284,0.0024146628690849057,0.0022822763191626995,"[[-9.96798414e-01 -4.63597424e-02  6.51436602e-02 -1.20014344e-01]
 [-7.99515072e-02  5.69535796e-01 -8.18068905e-01  2.82129562e-02]
 [ 8.23817315e-04 -8.20658121e-01 -5.71418909e-01 -3.64479285e-01]
 [ 0.00000000e+00  0.00000000e+00  0.00000000e+00  1.00000000e+00]]","[[-9.99947247e-01 -8.64545199e-03 -5.54608344e-03 -1.19703014e-01]
 [-5.23226747e-04  5.82123500e-01 -8.13100213e-01  2.69087476e-02]
 [ 1.02581244e-02 -8.13054418e-01 -5.82097315e-01 -3.63629019e-01]
 [ 0.00000000e+00  0.00000000e+00  0.00000000e+00  1.00000000e+00]]"
single_object,99,190,28,8,14,0.5977548578266568,0.6981594392842897,0.002907560166364751,0.0024254828235626648,"[[ 0.29460487 -0.85724407 -0.42230389 -0.14918586]
 [ 0.9312641   0.35667568 -0.07436155  0.09242139]
 [ 0.21437152 -0.37136918  0.90339902 -0.37328663]
 [ 0.          0.          0.          1.        ]]","[[ 0.219772   -0.95211935 -0.21253004 -0.14318538]
 [ 0.87757083  0.28810766 -0.38322763  0.0962413 ]
 [ 0.42610997 -0.10228746  0.89887016 -0.37597345]
 [ 0.          0.          0.          1.        ]]"
single_object,99,191,37,242,30,0.3947639411318812,0.4095024242337562,0.002536911147219446,0.002455221193382069,"[[-0.99751393  0.06952472  0.01150088 -0.11929129]
 [ 0.03613025  0.64469627 -0.76358453  0.01332777]
 [-0.06050257 -0.76127067 -0.64560545 -0.34983124]
 [ 0.          0.          0.          1.        ]]","[[-0.96787921 -0.11161015  0.2252843  -0.12495587]
 [-0.24358456  0.63818597 -0.73033227  0.01797194]
 [-0.06226079 -0.7617492  -0.64487344 -0.35555353]
 [ 0.          0.          0.          1.        ]]"
single_object,99,191,28,9,10,0.7311527722377343,0.7658556043079378,0.0021503966120506165,0.001974364838999725,"[[ 0.732513   -0.09016078 -0.67475606 -0.15274741]
 [-0.06210468 -0.99590801  0.0656524   0.10591727]
 [-0.67791424 -0.00618572 -0.73511497 -0.38395414]
 [ 0.          0.          0.          1.        ]]","[[ 0.66730204 -0.03525069 -0.74395254 -0.15547181]
 [-0.23698472 -0.95701366 -0.16722168  0.10377266]
 [-0.70607806  0.28789275 -0.64697104 -0.38633053]
 [ 0.          0.          0.          1.        ]]"
single_object,99,192,28,9,6,0.9051797823237792,0.9953273690808593,0.002350863154373034,0.0014611947612291568,"[[ 0.684648   -0.56159131 -0.46462062 -0.14646838]
 [-0.47796266 -0.82717902  0.2955107   0.09799352]
 [-0.55028066  0.01975049 -0.83474613 -0.37777648]
 [ 0.          0.          0.          1.        ]]","[[ 0.48248804 -0.78392603 -0.39072404 -0.14738134]
 [-0.48762371 -0.61096332  0.62365611  0.09870395]
 [-0.72761831 -0.11038031 -0.67704341 -0.37702392]
 [ 0.          0.          0.          1.        ]]"
single_object,99,192,37,313,30,0.42525636808306755,0.47443470301348706,0.002607126210644486,0.0023630095026685814,"[[-0.99727856 -0.07335511 -0.00738223 -0.12443636]
 [-0.03744903  0.59027457 -0.80633337  0.02041325]
 [ 0.06350621 -0.80386253 -0.59141525 -0.36226959]
 [ 0.          0.          0.          1.        ]]","[[-0.98585888 -0.08953058  0.14165642 -0.12483736]
 [-0.16554255  0.6516514  -0.74023382  0.01995504]
 [-0.02603704 -0.75321625 -0.65725745 -0.35929107]
 [ 0.          0.          0.          1.        ]]"
single_object,99,193,37,267,30,0.41761180794919833,0.5271671505599337,0.0024346579104867817,0.0022412014585052064,"[[-0.97301289 -0.12012868  0.19701525 -0.12752748]
 [-0.22626966  0.66415817 -0.71252787  0.0183133 ]
 [-0.04525425 -0.73787738 -0.67341593 -0.35960975]
 [ 0.          0.          0.          1.        ]]","[[-0.9997221   0.01343948 -0.01936774 -0.12127384]
 [ 0.02332591  0.68280105 -0.7302319   0.01950434]
 [ 0.00341038 -0.73048073 -0.68292479 -0.3598222 ]
 [ 0.          0.          0.          1.        ]]"
single_object,99,193,28,8,30,0.7503561456493247,0.930822269075161,0.002546043575925357,0.0025070784740158373,"[[-0.53216192 -0.8063631   0.25803535 -0.1558547 ]
 [ 0.68992212 -0.58967451 -0.41987074  0.09309527]
 [ 0.49072514 -0.04541492  0.87013006 -0.36176033]
 [ 0.          0.          0.          1.        ]]","[[-0.36849003 -0.92896727  0.03514121 -0.14901974]
 [ 0.8314111  -0.34623299 -0.43460131  0.10219164]
 [ 0.41589744 -0.13092946  0.89993711 -0.36342448]
 [ 0.          0.          0.          1.        ]]"
single_object,99,194,37,367,29,0.47806747808178035,0.5416839485690584,0.0025289055771430357,0.0022803122153027956,"[[-0.98699343  0.04725622 -0.15365815 -0.11396995]
 [ 0.14006339  0.72192414 -0.67764871  0.01478145]
 [ 0.07890641 -0.69035671 -0.71915325 -0.3565078 ]
 [ 0.          0.          0.          1.        ]]","[[-0.9984602   0.00116242 -0.05546057 -0.12035551]
 [ 0.03901786  0.72538424 -0.68723745  0.01713485]
 [ 0.03943136 -0.6883432  -0.72431265 -0.35786241]
 [ 0.          0.          0.          1.        ]]"
single_object,99,194,28,17,10,0.8463160294033848,0.992820103709613,0.0025485794894190747,0.0014649566483850487,"[[ 0.85051985 -0.51801623  0.09096798 -0.14649145]
 [-0.52535496 -0.82858839  0.19350309  0.09382874]
 [-0.02486273 -0.2123687  -0.97687327 -0.36658613]
 [ 0.          0.          0.          1.        ]]","[[ 0.43367017 -0.74972553 -0.49984178 -0.1484043 ]
 [-0.28932797 -0.64120553  0.71073539  0.09479884]
 [-0.85335778 -0.16360653 -0.49498828 -0.3672622 ]
 [ 0.          0.          0.          1.        ]]"
single_object,99,195,37,242,30,0.41816244511506173,0.45911697821765185,0.0027875543922187556,0.0023898930166003983,"[[ 0.9713298  -0.09845995 -0.21638866 -0.10975557]
 [-0.20024577 -0.82944866 -0.52145619  0.01289325]
 [-0.12814074  0.54983685 -0.82538439 -0.35817419]
 [ 0.          0.          0.          1.        ]]","[[ 0.95248981 -0.24040222 -0.18700249 -0.11423023]
 [-0.30443497 -0.7697923  -0.56101619  0.0144644 ]
 [-0.00908354  0.5912923  -0.80640617 -0.35811224]
 [ 0.          0.          0.          1.        ]]"
single_object,99,195,28,18,11,0.9029574334719928,0.9697988489372614,0.002673124560675311,0.0016803009413031403,"[[ 0.65398358 -0.49379214 -0.57312721 -0.15050691]
 [-0.28979706 -0.86332692  0.41313956  0.09461986]
 [-0.69880122 -0.1040959  -0.70770114 -0.36148022]
 [ 0.          0.          0.          1.        ]]","[[ 0.37293125 -0.80212387 -0.46638995 -0.14942761]
 [-0.26046069 -0.57294121  0.77710913  0.09231466]
 [-0.8905518  -0.16833203 -0.42258942 -0.36271743]
 [ 0.          0.          0.          1.        ]]"
single_object,99,196,28,14,10,0.8659752692461109,0.9830759587440879,0.0024137632223557074,0.0017202198327307976,"[[ 0.59805922 -0.76339616 -0.24403169 -0.13217171]
 [-0.56926013 -0.61895486  0.54114488  0.10741947]
 [-0.56415252 -0.18471918 -0.80474266 -0.34569269]
 [ 0.          0.          0.          1.        ]]","[[ 0.33623117 -0.85783829 -0.38866703 -0.13209344]
 [-0.43225909 -0.50722544  0.74556987  0.11011302]
 [-0.83672019 -0.08267898 -0.54135341 -0.3457886 ]
 [ 0.          0.          0.          1.        ]]"
single_object,99,196,37,141,30,0.4507787582774353,0.42772350863141634,0.002417978006120325,0.0023882435699108004,"[[-0.98853573 -0.1485839  -0.02683159 -0.12126923]
 [-0.09419417  0.74577345 -0.65950696  0.02897592]
 [ 0.11800241 -0.64941881 -0.75121944 -0.34366218]
 [ 0.          0.          0.          1.        ]]","[[-0.93838126 -0.24245982  0.24628001 -0.12673338]
 [-0.34313575  0.73860939 -0.58027065  0.02792029]
 [-0.04121241 -0.62902258 -0.77629384 -0.34281627]
 [ 0.          0.          0.          1.        ]]"
single_object,99,197,28,14,17,0.902615533648641,0.9304233859479173,0.0024429629006662095,0.002210146189682407,"[[-0.2490521  -0.82245701  0.51140739 -0.13197341]
 [ 0.37419907 -0.56875688 -0.73245523  0.11305438]
 [ 0.89327941  0.00894866  0.44941274 -0.34388911]
 [ 0.          0.          0.          1.        ]]","[[-0.06426457 -0.87494964  0.4799304  -0.12811483]
 [ 0.14804264 -0.48396181 -0.86247571  0.10947003]
 [ 0.9868908   0.01562353  0.16063145 -0.34355872]
 [ 0.          0.          0.          1.        ]]"
single_object,99,197,37,107,22,0.5229408315336318,0.5665770391452967,0.002175929779753124,0.0020724665208524833,"[[-0.99783222 -0.06457296 -0.01269595 -0.1152286 ]
 [-0.04014221  0.75009575 -0.66010982  0.03726629]
 [ 0.05214842 -0.65816921 -0.75106181 -0.34556315]
 [ 0.          0.          0.          1.        ]]","[[-0.98696604 -0.01783862 -0.15993693 -0.11409078]
 [ 0.09435147  0.74096383 -0.66488375  0.03432896]
 [ 0.13036809 -0.67130797 -0.72962303 -0.34533144]
 [ 0.          0.          0.          1.        ]]"
single_object,99,198,28,29,12,0.8212433756909225,0.9874066898398769,0.0025858328792817725,0.001514626715989141,"[[ 0.51449576 -0.85749293  0.         -0.13244708]
 [-0.85749293 -0.51449576  0.          0.11323651]
 [ 0.          0.         -1.         -0.35396702]
 [ 0.          0.          0.          1.        ]]","[[ 0.25564065 -0.88561963 -0.38771862 -0.12968787]
 [-0.52777081 -0.4638549   0.71154522  0.11648116]
 [-0.8100036   0.02272669 -0.58598435 -0.35635285]
 [ 0.          0.          0.          1.        ]]"
single_object,99,198,37,142,14,0.5381369870850555,0.5612422946552439,0.0022547556880040407,0.002067135670609735,"[[-0.98542112  0.06284608 -0.15809993 -0.11250042]
 [ 0.15537209  0.71103463 -0.6857764   0.03782772]
 [ 0.06931617 -0.70034286 -0.71043307 -0.34691728]
 [ 0.          0.          0.          1.        ]]","[[-0.98851258 -0.02280426 -0.14940835 -0.11266129]
 [ 0.0898144   0.70643886 -0.70205235  0.03745772]
 [ 0.12155765 -0.7074066  -0.69627555 -0.34681052]
 [ 0.          0.          0.          1.        ]]"
single_object,99,199,37,183,30,0.48958080064074144,0.5520173343440267,0.0024091163960692913,0.00222756428067528,"[[-0.99085991  0.00928043 -0.13457533 -0.11494198]
 [ 0.10669136  0.66438338 -0.73973758  0.04393649]
 [ 0.08254453 -0.74733433 -0.65930099 -0.35409845]
 [ 0.          0.          0.          1.        ]]","[[-0.97292814 -0.00361972 -0.23107951 -0.11134675]
 [ 0.16750737  0.67782817 -0.71588424  0.0393857 ]
 [ 0.1592235  -0.73521144 -0.65887177 -0.34906356]
 [ 0.          0.          0.          1.        ]]"
single_object,99,199,28,27,30,0.8759473474272038,0.9268334378027238,0.0025880499023435252,0.0023601161126286436,"[[ 0.0191269  -0.83594353  0.54848206 -0.12821126]
 [ 0.32314694 -0.51397054 -0.79461332  0.11704563]
 [ 0.94615549  0.19243879  0.26030193 -0.35322196]
 [ 0.          0.          0.          1.        ]]","[[-0.18658639 -0.84237185  0.50556423 -0.12602925]
 [ 0.43022187 -0.532695   -0.72879708  0.11587487]
 [ 0.88322968  0.08152117  0.46180043 -0.35351329]
 [ 0.          0.          0.          1.        ]]"
single_object,99,200,28,12,30,0.8144053792238874,0.922274773491367,0.0023881725336834295,0.0025855396567286506,"[[ 0.05313047 -0.89012028  0.45261799 -0.12537627]
 [ 0.25525772 -0.42609394 -0.86792134  0.12173294]
 [ 0.96541217  0.1616473   0.2045715  -0.35800759]
 [ 0.          0.          0.          1.        ]]","[[ 0.06331284 -0.92242568  0.38094928 -0.12490859]
 [ 0.05746166 -0.37771252 -0.9241382   0.11579355]
 [ 0.99633812  0.08039979  0.02909006 -0.36100849]
 [ 0.          0.          0.          1.        ]]"
single_object,99,200,37,169,30,0.4449005277535434,0.5357056021968277,0.002523148450739361,0.002247101716682115,"[[-0.99532722  0.08212308 -0.05078903 -0.10835631]
 [ 0.09151297  0.63445959 -0.76751964  0.04678386]
 [-0.03080749 -0.76858105 -0.63901023 -0.35471483]
 [ 0.          0.          0.          1.        ]]","[[-0.9974823  -0.04782523 -0.05236222 -0.11237148]
 [ 0.00832714  0.65427338 -0.75621227  0.042483  ]
 [ 0.07042523 -0.75474439 -0.65222787 -0.34996652]
 [ 0.          0.          0.          1.        ]]"
single_object,99,201,37,191,30,0.4567141978575208,0.5030463822423089,0.0024665760238689943,0.0022221771187996985,"[[-0.99364408 -0.08830205  0.06981539 -0.11206966]
 [-0.10882523  0.59494876 -0.79636238  0.04903002]
 [ 0.02878385 -0.79889844 -0.60077681 -0.35374626]
 [ 0.          0.          0.          1.        ]]","[[-0.99387284 -0.03172115 -0.10587984 -0.11160247]
 [ 0.06471957  0.60952494 -0.7901207   0.04540531]
 [ 0.08959994 -0.79213201 -0.6037373  -0.35214543]
 [ 0.          0.          0.          1.        ]]"
single_object,99,201,28,26,15,0.8994244686306913,0.9923072539745854,0.002398515013734894,0.0015962059030872795,"[[ 0.1919379  -0.55790061 -0.80740742 -0.12987584]
 [-0.26027108 -0.82218169  0.50623734  0.1256688 ]
 [-0.94626572  0.11297867 -0.30301322 -0.37278485]
 [ 0.          0.          0.          1.        ]]","[[ 0.16429389 -0.89369515 -0.41751227 -0.12616288]
 [-0.37626736 -0.44803994  0.81097663  0.12383354]
 [-0.91182805  0.02385773 -0.40987854 -0.37298744]
 [ 0.          0.          0.          1.        ]]"
single_object,99,202,37,254,30,0.5131080250003576,0.5315221899626711,0.002331508798859984,0.0021623748447373785,"[[-0.99255915 -0.03105368 -0.11773699 -0.1107361 ]
 [ 0.07507367  0.6052069  -0.79252038  0.04901817]
 [ 0.09586592 -0.79546231 -0.59837233 -0.35642629]
 [ 0.          0.          0.          1.        ]]","[[-0.95909423  0.00427743 -0.28305469 -0.10791534]
 [ 0.23695606  0.55920465 -0.79444445  0.04841847]
 [ 0.15488732 -0.82901861 -0.53734352 -0.35661352]
 [ 0.          0.          0.          1.        ]]"
single_object,99,202,28,23,13,0.6291526582711265,0.8002735198586814,0.002396762329990294,0.0019446828986776862,"[[-0.12630463  0.41417333 -0.90139203 -0.13822979]
 [-0.37020127 -0.86270219 -0.34452279  0.12966335]
 [-0.92032503  0.29018165  0.26229077 -0.38405217]
 [ 0.          0.          0.          1.        ]]","[[ 0.52463199  0.55014521 -0.64969341 -0.14204097]
 [ 0.09873278 -0.79732087 -0.59542528  0.12921741]
 [-0.84558448  0.24823312 -0.4726174  -0.38179113]
 [ 0.          0.          0.          1.        ]]"
single_object,99,203,28,15,12,0.9494558094478318,0.9937318365718845,0.0022604624107024456,0.0015249817299145985,"[[ 0.19525721 -0.90115676 -0.38702857 -0.12149077]
 [-0.20059218 -0.42297678  0.88365911  0.13058913]
 [-0.96001948 -0.09490591 -0.26335427 -0.38449571]
 [ 0.          0.          0.          1.        ]]","[[ 0.20513928 -0.93825467 -0.27856069 -0.12304135]
 [-0.61596812 -0.34494436  0.7082349   0.12787721]
 [-0.76059264  0.02629771 -0.6486966  -0.38592206]
 [ 0.          0.          0.          1.        ]]"
single_object,99,203,37,169,30,0.47542871036485074,0.5040761452537936,0.0025272436771322216,0.002284646637852839,"[[-0.98759244 -0.04530696 -0.15036108 -0.10509854]
 [ 0.10932772  0.48897659 -0.86541859  0.0534589 ]
 [ 0.11273253 -0.87111949 -0.47795628 -0.36083578]
 [ 0.          0.          0.          1.        ]]","[[-0.99818685 -0.05603736  0.02197321 -0.11109656]
 [-0.04908377  0.5465076  -0.83601449  0.05257153]
 [ 0.03483952 -0.8355772  -0.54826723 -0.35812395]
 [ 0.          0.          0.          1.        ]]"
single_object,99,204,37,137,30,0.4574507644560134,0.4937141549507287,0.0023279499101173484,0.002199427636256862,"[[-0.99102824 -0.13124449  0.02525702 -0.10846851]
 [-0.09323491  0.54347616 -0.83423074  0.05610283]
 [ 0.09576159 -0.82910105 -0.55083678 -0.36020574]
 [ 0.          0.          0.          1.        ]]","[[-0.99847536 -0.04079049 -0.03718992 -0.10870069]
 [ 0.01193642  0.4982463  -0.86695337  0.05559025]
 [ 0.0538932  -0.86607549 -0.49699976 -0.36023712]
 [ 0.          0.          0.          1.        ]]"
single_object,99,204,28,10,10,0.7832355119949854,0.9865519402814975,0.0026021616023918126,0.001640771484786498,"[[ 0.54230882 -0.64993797 -0.53243007 -0.12881994]
 [-0.58519149 -0.74691306  0.31570842  0.12924385]
 [-0.60286986  0.14036209 -0.7853957  -0.39273478]
 [ 0.          0.          0.          1.        ]]","[[ 0.20748908 -0.95364846 -0.21795161 -0.12041717]
 [-0.64195379 -0.30085452  0.70525307  0.1296304 ]
 [-0.73813523 -0.00641744 -0.67462227 -0.39126212]
 [ 0.          0.          0.          1.        ]]"
single_object,99,205,37,72,23,0.34834594316280265,0.3477023412806247,0.0027118325542100177,0.002495971954546098,"[[-0.99146775 -0.12980867 -0.01189143 -0.11415324]
 [-0.04287224  0.41087967 -0.91068099  0.06457358]
 [ 0.12310024 -0.90240102 -0.41293913 -0.37296866]
 [ 0.          0.          0.          1.        ]]","[[-0.99297617 -0.11253422 -0.03652902 -0.11260184]
 [-0.01569918  0.43133623 -0.90205465  0.06625345]
 [ 0.1172683  -0.8951453  -0.43007329 -0.37679188]
 [ 0.          0.          0.          1.        ]]"
single_object,99,205,28,11,18,0.6804946150777822,0.6225425950196593,0.0023072842637288393,0.0023593119898603783,"[[-0.30380166 -0.64169022  0.70422881 -0.12660129]
 [ 0.80234986 -0.57090494 -0.17407538  0.13517953]
 [ 0.51375018  0.5121535   0.68830193 -0.38702795]
 [ 0.          0.          0.          1.        ]]","[[-0.06566927 -0.9716317   0.22719898 -0.13431491]
 [ 0.86934569 -0.16747908 -0.4649611   0.1416569 ]
 [ 0.48982203  0.1669808   0.85568206 -0.39295687]
 [ 0.          0.          0.          1.        ]]"
single_object,99,206,37,74,30,0.3394713883207712,0.3552682389622277,0.002587512444383265,0.0024122686171519354,"[[-0.98671492  0.00728898 -0.16229771 -0.10081922]
 [ 0.15274844  0.38186377 -0.91150862  0.06167421]
 [ 0.05533164 -0.92418988 -0.37790406 -0.36796749]
 [ 0.          0.          0.          1.        ]]","[[-0.98272102  0.03677599 -0.18140266 -0.10504672]
 [ 0.18045618  0.40835875 -0.89480651  0.06378465]
 [ 0.04116997 -0.9120804  -0.40793918 -0.36708032]
 [ 0.          0.          0.          1.        ]]"
single_object,99,206,28,7,5,0.973217847170779,0.9889452390449598,0.002093842103781718,0.0016236935898066805,"[[ 0.25288573 -0.9332635  -0.2550844  -0.11789172]
 [-0.7535309  -0.35535796  0.55309304  0.13351892]
 [-0.60682781  0.05234464 -0.79310784 -0.40341308]
 [ 0.          0.          0.          1.        ]]","[[ 0.1275458  -0.95909937 -0.2527063  -0.11518574]
 [-0.69360246 -0.26837653  0.66849807  0.13435663]
 [-0.70897651  0.09001359 -0.69946398 -0.40337485]
 [ 0.          0.          0.          1.        ]]"
single_object,99,207,37,85,30,0.30201375877801456,0.35194296257097496,0.002790154119145595,0.0025249392439118945,"[[-0.94863833 -0.12362338 -0.29120882 -0.10462461]
 [ 0.22837539  0.36940137 -0.9007704   0.06309527]
 [ 0.21892922 -0.92101026 -0.32219576 -0.35967307]
 [ 0.          0.          0.          1.        ]]","[[-0.98175948  0.08268196 -0.17120755 -0.10003799]
 [ 0.18942519  0.3480602  -0.91813517  0.06766251]
 [-0.01632269 -0.93381893 -0.35737344 -0.37008326]
 [ 0.          0.          0.          1.        ]]"
single_object,99,207,28,22,11,0.8795942788762893,0.906718331528862,0.0025516162580808913,0.002125842964120419,"[[ 0.02424402 -0.8228259   0.56777616 -0.10966592]
 [ 0.71853567 -0.38053259 -0.58215242  0.14058915]
 [ 0.69506742  0.42208113  0.58200412 -0.40317668]
 [ 0.          0.          0.          1.        ]]","[[-0.15126397 -0.90537956  0.3967456  -0.11033338]
 [ 0.89782161 -0.29375917 -0.32805777  0.14202542]
 [ 0.41356446  0.30658345  0.85730451 -0.40162075]
 [ 0.          0.          0.          1.        ]]"
single_object,99,208,28,18,19,0.744315915436777,0.9093395635078921,0.00244821355471204,0.0022178204151120087,"[[-0.61821062 -0.43650462  0.65366608 -0.11114644]
 [ 0.70462489 -0.67628961  0.21479324  0.14975072]
 [ 0.34830934  0.59337685  0.72566144 -0.41171498]
 [ 0.          0.          0.          1.        ]]","[[-0.10921855 -0.95622886  0.27147316 -0.10476213]
 [ 0.95509704 -0.17662677 -0.23789204  0.14720585]
 [ 0.27542866  0.23330099  0.93258228 -0.40751744]
 [ 0.          0.          0.          1.        ]]"
single_object,99,209,28,11,30,0.7031739700267822,0.959029004501681,0.002327769627888064,0.0018924158717897417,"[[-0.40208416 -0.90899363 -0.10981305 -0.10183092]
 [-0.91537086  0.40177963  0.02587121  0.13840397]
 [ 0.02060388  0.11092207 -0.99361551 -0.41988959]
 [ 0.          0.          0.          1.        ]]","[[ 0.04622771 -0.92831761 -0.36890299 -0.10139081]
 [-0.82911883 -0.2416344   0.5041575   0.14680026]
 [-0.55715794  0.28255837 -0.78085581 -0.42309088]
 [ 0.          0.          0.          1.        ]]"
single_object,99,210,28,14,16,0.8039204513077668,0.8978289361217163,0.0029417424649543404,0.002324405881403759,"[[ 0.35624632 -0.77392175  0.52357777 -0.08701988]
 [ 0.33867469 -0.41529038 -0.84429459  0.15507234]
 [ 0.87085476  0.47809938  0.11416204 -0.42212168]
 [ 0.          0.          0.          1.        ]]","[[-0.07535301 -0.94151114  0.32844893 -0.08827781]
 [ 0.98396532 -0.12360724 -0.12858268  0.15927875]
 [ 0.16166069  0.31349327  0.93572848 -0.42070783]
 [ 0.          0.          0.          1.        ]]"
single_object,99,214,37,164,30,0.4347459202791802,0.44530099114689853,0.0027469879854940724,0.0025466100401061926,"[[-0.94962487 -0.17957828 -0.25683506 -0.09534971]
 [ 0.15650597  0.43827765 -0.88510936  0.08538504]
 [ 0.27151149 -0.88071808 -0.38809428 -0.35865521]
 [ 0.          0.          0.          1.        ]]","[[-0.96722633 -0.06078628 -0.24653246 -0.09031532]
 [ 0.20546506  0.38310137 -0.90056507  0.08453402]
 [ 0.14918892 -0.92170406 -0.35805628 -0.36214472]
 [ 0.          0.          0.          1.        ]]"
single_object,99,215,37,158,30,0.4658962513765929,0.4833807691757605,0.0025731352623340076,0.0024955059061032214,"[[-0.96958078  0.02575506 -0.24341279 -0.09037719]
 [ 0.23102039  0.42491298 -0.87525913  0.07983693]
 [ 0.0808869  -0.90486775 -0.4179374  -0.360733  ]
 [ 0.          0.          0.          1.        ]]","[[-0.9315811  -0.0025802  -0.36352441 -0.09022969]
 [ 0.32905675  0.41907127 -0.84622747  0.07991309]
 [ 0.15452607 -0.90794968 -0.38954984 -0.36010411]
 [ 0.          0.          0.          1.        ]]"
single_object,99,216,37,185,30,0.4710522175660407,0.517105507801885,0.0026785308134111875,0.0023143075655149134,"[[-0.98094944 -0.18778922 -0.04973333 -0.10250523]
 [-0.03889109  0.44066659 -0.89682799  0.0831118 ]
 [ 0.19033045 -0.87780873 -0.43957497 -0.36257177]
 [ 0.          0.          0.          1.        ]]","[[-0.97718089 -0.086001   -0.19421983 -0.0971549 ]
 [ 0.13168661  0.4721509  -0.87162616  0.07827151]
 [ 0.16666179 -0.87731258 -0.45005165 -0.3582857 ]
 [ 0.          0.          0.          1.        ]]"
single_object,99,217,37,180,30,0.5439222528926329,0.573256196455899,0.0023081921826252822,0.002118668404796748,"[[-0.92748006 -0.126458   -0.35183677 -0.09797489]
 [ 0.25023579  0.48922632 -0.83548768  0.07333097]
 [ 0.27778191 -0.86294031 -0.42210334 -0.35523012]
 [ 0.          0.          0.          1.        ]]","[[-0.9362183  -0.02034326 -0.35082964 -0.09269876]
 [ 0.2922991   0.50911322 -0.80954615  0.07200037]
 [ 0.19508081 -0.86045911 -0.4706948  -0.35371624]
 [ 0.          0.          0.          1.        ]]"
single_object,99,218,37,179,24,0.5536048856533989,0.5625438006836482,0.002345157503298819,0.0021050852147431846,"[[-0.97927596  0.01726467 -0.20179325 -0.09829343]
 [ 0.17684262  0.55853979 -0.8104073   0.07017791]
 [ 0.09871815 -0.82929804 -0.55001772 -0.35044473]
 [ 0.          0.          0.          1.        ]]","[[-0.94925953 -0.00836945 -0.31438241 -0.09510614]
 [ 0.26027608  0.54020775 -0.80026992  0.06935786]
 [ 0.17652964 -0.84149007 -0.51061898 -0.35111433]
 [ 0.          0.          0.          1.        ]]"
single_object,99,219,37,270,30,0.5395886668859681,0.5874511935239348,0.002297206671806978,0.002053729465993676,"[[-0.94991204 -0.13072224 -0.28386407 -0.1017349 ]
 [ 0.15720105  0.58516926 -0.79552798  0.06817667]
 [ 0.27010173 -0.80030534 -0.53530965 -0.35024877]
 [ 0.          0.          0.          1.        ]]","[[-0.96651636 -0.03373774 -0.25437747 -0.09734055]
 [ 0.18605582  0.59056221 -0.78525124  0.06544997]
 [ 0.17671832 -0.80628658 -0.56451093 -0.34786914]
 [ 0.          0.          0.          1.        ]]"
single_object,99,219,28,4,30,0.17140577810701466,0.35842498148042623,0.003159535001107697,0.002611493109950753,"[[-0.36713006 -0.92999421 -0.01806325 -0.08938315]
 [-0.63489303  0.26473192 -0.72582908  0.12521648]
 [ 0.67979876 -0.25500544 -0.68763789 -0.35658617]
 [ 0.          0.          0.          1.        ]]","[[-0.97814205  0.16732601  0.12345093 -0.11496866]
 [ 0.18434958  0.42316715  0.88709909  0.13797615]
 [ 0.09619437  0.89046705 -0.44476406 -0.37705089]
 [ 0.          0.          0.          1.        ]]"
single_object,99,220,28,8,30,0.4690865576386119,0.5445894352954584,0.0025596113943184245,0.0026839314223411747,"[[-0.27820227  0.07507918  0.95758374 -0.11504823]
 [ 0.91459616  0.32528986  0.240209    0.13562676]
 [-0.29345758  0.9426291  -0.1591635  -0.36854542]
 [ 0.          0.          0.          1.        ]]","[[-0.22302236  0.95483625 -0.19633838 -0.1263749 ]
 [ 0.86933921  0.28593976  0.40309776  0.13567252]
 [ 0.4410333  -0.08078484 -0.89384755 -0.35995537]
 [ 0.          0.          0.          1.        ]]"
single_object,99,220,37,300,24,0.5328165448590512,0.5800497718788884,0.002159082275070361,0.00202059957421436,"[[-0.95761177  0.0323467  -0.28624007 -0.09791333]
 [ 0.24823578  0.59679813 -0.76302752  0.06505438]
 [ 0.14614612 -0.80173916 -0.57953052 -0.3489705 ]
 [ 0.          0.          0.          1.        ]]","[[-0.95960468 -0.0132551  -0.28103944 -0.09811265]
 [ 0.21154157  0.62458142 -0.75176341  0.06152381]
 [ 0.1854967  -0.7808472  -0.59654725 -0.34453682]
 [ 0.          0.          0.          1.        ]]"
single_object,99,221,37,298,19,0.5292695833750483,0.5867646848496116,0.002641070501801716,0.0019934932938141894,"[[-0.82397531 -0.01916868 -0.56630138 -0.09934262]
 [ 0.41434073  0.66134413 -0.62525651  0.05708778]
 [ 0.38650543 -0.74983766 -0.53698887 -0.34387495]
 [ 0.          0.          0.          1.        ]]","[[-0.9595379  -0.01472869 -0.28119404 -0.09884651]
 [ 0.2022007   0.65895106 -0.72449871  0.05833472]
 [ 0.19596403 -0.7520416  -0.62931036 -0.34203875]
 [ 0.          0.          0.          1.        ]]"
single_object,99,222,28,8,30,0.4679468915607727,0.46618040914012193,0.003231629642919938,0.003041009014595139,"[[ 0.38283048  0.67928915 -0.62610468 -0.12342288]
 [-0.91709121  0.36108952 -0.16899135  0.12311908]
 [ 0.11128585  0.63889014  0.76120618 -0.35373578]
 [ 0.          0.          0.          1.        ]]","[[-0.11990095  0.83757982 -0.53299513 -0.13005261]
 [-0.982621   -0.17674928 -0.05670679  0.12675991]
 [-0.14170297  0.51693301  0.84421593 -0.35091936]
 [ 0.          0.          0.          1.        ]]"
single_object,99,222,37,357,30,0.49021725139089517,0.5968191764756361,0.002472772626729961,0.0018891538754170784,"[[-0.97643097 -0.19113259 -0.10025411 -0.10513088]
 [-0.0637275   0.69911216 -0.7121664   0.06499763]
 [ 0.20620708 -0.68899239 -0.69481517 -0.34577294]
 [ 0.          0.          0.          1.        ]]","[[-0.96283125  0.00106601 -0.27010156 -0.09923926]
 [ 0.19578217  0.69166538 -0.69517505  0.05579712]
 [ 0.18607883 -0.72221733 -0.66616575 -0.33955157]
 [ 0.          0.          0.          1.        ]]"
single_object,99,223,37,172,21,0.5517598935911555,0.6021682232297373,0.0021872905304513033,0.0019406010844027993,"[[-0.98187599 -0.0638617  -0.17844111 -0.10576336]
 [ 0.08230918  0.70440841 -0.70500638  0.05456006]
 [ 0.17071833 -0.70691617 -0.6863853  -0.33952711]
 [ 0.          0.          0.          1.        ]]","[[-0.96156015 -0.00866423 -0.27445765 -0.10063332]
 [ 0.18490105  0.71851632 -0.67048184  0.05238648]
 [ 0.20301151 -0.69545613 -0.68929464 -0.33765782]
 [ 0.          0.          0.          1.        ]]"
single_object,99,224,28,7,30,0.40953900507151403,0.4451535700039888,0.0029716780093169844,0.0023561526052,"[[-0.42982528  0.87843908 -0.20879416 -0.11072659]
 [ 0.90291094  0.41854185 -0.09784962  0.12303022]
 [ 0.00143416 -0.23058077 -0.97305213 -0.34028899]
 [ 0.          0.          0.          1.        ]]","[[-0.59471393  0.74199465  0.30944995 -0.11209642]
 [ 0.78098853  0.62453593  0.00343333  0.12806967]
 [-0.1907151   0.24371871 -0.95090953 -0.33485501]
 [ 0.          0.          0.          1.        ]]"
single_object,99,224,37,114,30,0.5613066548434618,0.588244969178621,0.0025786652110525153,0.0020762062996555874,"[[-0.88326236 -0.008032   -0.4688103  -0.09749765]
 [ 0.30272212  0.75377018 -0.58325794  0.04668201]
 [ 0.35805996 -0.65708903 -0.66334536 -0.33404664]
 [ 0.          0.          0.          1.        ]]","[[-0.98477962 -0.04640119 -0.16749936 -0.10401302]
 [ 0.07498985  0.75596134 -0.65030683  0.0475376 ]
 [ 0.15679805 -0.65296967 -0.7409757  -0.33333444]
 [ 0.          0.          0.          1.        ]]"
single_object,99,225,28,14,30,0.5425950196592398,0.37027750868995385,0.0029437126987240407,0.002425590843964799,"[[-0.48610796 -0.62075156 -0.61511507 -0.11656348]
 [ 0.77453381 -0.63200982  0.02570906  0.12648952]
 [-0.40471771 -0.46393004  0.78801808 -0.32396713]
 [ 0.          0.          0.          1.        ]]","[[ 0.565517   -0.09216865 -0.81957029 -0.11935764]
 [-0.28828027 -0.95314241 -0.091728    0.13417671]
 [-0.77271276  0.28813969 -0.56558864 -0.33406604]
 [ 0.          0.          0.          1.        ]]"
single_object,99,225,37,104,30,0.3656731360574379,0.3551323674537679,0.0024314850854706936,0.0023583221552376343,"[[-0.80591793 -0.47249619 -0.35671228 -0.09090434]
 [-0.12747643  0.72688884 -0.67482025  0.04641542]
 [ 0.57814017 -0.49837733 -0.64604488 -0.3367877 ]
 [ 0.          0.          0.          1.        ]]","[[-0.71259879 -0.6953319  -0.09336225 -0.08608419]
 [-0.47973434  0.58004217 -0.65833581  0.04849003]
 [ 0.51191593 -0.42434023 -0.74691194 -0.33459181]
 [ 0.          0.          0.          1.        ]]"
single_object,99,226,37,147,30,0.5837898139275447,0.6381384173114604,0.0023150125491906972,0.001882661956861876,"[[-0.96093165 -0.10744706 -0.2550794  -0.08588133]
 [ 0.08144852  0.77100319 -0.63160132  0.05809068]
 [ 0.26453073 -0.62770153 -0.73212996 -0.32411454]
 [ 0.          0.          0.          1.        ]]","[[-0.92741866 -0.04899293 -0.37080227 -0.08700749]
 [ 0.18985801  0.79249987 -0.57956698  0.05596954]
 [ 0.32225544 -0.60790101 -0.72567747 -0.32429273]
 [ 0.          0.          0.          1.        ]]"
single_object,99,227,37,144,30,0.5611564810709535,0.6147756689884009,0.0024347674751444997,0.0020489569821369995,"[[-0.98633455 -0.08915014 -0.1385511  -0.09057674]
 [ 0.02239196  0.76061266 -0.64881969  0.07043998]
 [ 0.16322609 -0.6430557  -0.7482223  -0.33225398]
 [ 0.          0.          0.          1.        ]]","[[-0.97242329 -0.17095657 -0.15864044 -0.09367905]
 [-0.03447666  0.77810778 -0.62718389  0.05993345]
 [ 0.23066056 -0.60441883 -0.76254415 -0.32439806]
 [ 0.          0.          0.          1.        ]]"
single_object,99,228,37,113,11,0.6642686537278851,0.6818461362433673,0.0017964479198451784,0.001747229224386798,"[[-0.90691913 -0.02438733 -0.42059832 -0.08482562]
 [ 0.27235818  0.72772802 -0.62947038  0.06470906]
 [ 0.32143228 -0.68543212 -0.65334837 -0.33112928]
 [ 0.          0.          0.          1.        ]]","[[-0.8899793  -0.00973967 -0.45589691 -0.08452636]
 [ 0.30728575  0.72587099 -0.61537531  0.06425157]
 [ 0.33691589 -0.68776191 -0.6430173  -0.32999696]
 [ 0.          0.          0.          1.        ]]"
single_object,99,229,37,334,28,0.5909623993478168,0.6778057466496946,0.0022355064351092134,0.001831644536826333,"[[-0.94363636 -0.16720796 -0.28564298 -0.08707774]
 [ 0.09798334  0.68320467 -0.72362327  0.07197801]
 [ 0.31614819 -0.71082549 -0.62831318 -0.33302199]
 [ 0.          0.          0.          1.        ]]","[[-0.88254957 -0.0023284  -0.47021361 -0.0836179 ]
 [ 0.33564655  0.69721297 -0.6334315   0.06760485]
 [ 0.3293139  -0.71686027 -0.61454349 -0.33288166]
 [ 0.          0.          0.          1.        ]]"
single_object,99,230,37,268,30,0.572505327593358,0.6791001015460747,0.0024320528913879267,0.0019080893455234056,"[[-0.972254   -0.18762178 -0.1397148  -0.08955267]
 [-0.02216947  0.66847003 -0.74340859  0.08133247]
 [ 0.2328748  -0.71968457 -0.65408214 -0.34082828]
 [ 0.          0.          0.          1.        ]]","[[-0.90485246 -0.01256023 -0.42553997 -0.08284194]
 [ 0.30881669  0.66867391 -0.67639297  0.0719564 ]
 [ 0.29304313 -0.74344969 -0.60117242 -0.33549874]
 [ 0.          0.          0.          1.        ]]"
single_object,99,231,37,147,30,0.6086757533717587,0.6600637880976559,0.0020916060864160607,0.0018908835680622764,"[[-0.82630126 -0.05694228 -0.56034257 -0.07840841]
 [ 0.40537007  0.63057602 -0.66185269  0.07204992]
 [ 0.39102599 -0.77403582 -0.49796307 -0.33865092]
 [ 0.          0.          0.          1.        ]]","[[-0.89607287 -0.0322722  -0.44273234 -0.08184642]
 [ 0.32197543  0.63933733 -0.698269    0.07544237]
 [ 0.30558999 -0.76824884 -0.56250198 -0.33894989]
 [ 0.          0.          0.          1.        ]]"
single_object,99,232,37,308,30,0.5344899097527138,0.5394527953775082,0.002371457352561399,0.002257745603803955,"[[-0.94098899 -0.19033625 -0.27984253 -0.09036933]
 [ 0.11793125  0.59063489 -0.79827479  0.0895334 ]
 [ 0.31722539 -0.78416997 -0.53333434 -0.34907562]
 [ 0.          0.          0.          1.        ]]","[[-0.96566031 -0.21935135 -0.1392306  -0.09354568]
 [-0.02715716  0.61818299 -0.78556494  0.0897983 ]
 [ 0.25838472 -0.75480777 -0.60291174 -0.35034925]
 [ 0.          0.          0.          1.        ]]"
single_object,99,233,37,116,30,0.5590826527839357,0.6180723408515568,0.0023177882390059664,0.002099913903761558,"[[-0.96111618 -0.15226187 -0.23037362 -0.09111826]
 [ 0.09696716  0.59503763 -0.79782679  0.08875597]
 [ 0.25855957 -0.78914292 -0.55713589 -0.34529144]
 [ 0.          0.          0.          1.        ]]","[[-0.93240491 -0.12034125 -0.34079184 -0.08373447]
 [ 0.21132498  0.58341343 -0.78420056  0.08421233]
 [ 0.29319421 -0.80321028 -0.51854643 -0.34393754]
 [ 0.          0.          0.          1.        ]]"
single_object,99,234,37,139,30,0.5611779344670261,0.6080536048856534,0.002361146131175006,0.0019332768987383889,"[[-0.93355379 -0.21946351 -0.28339564 -0.08565214]
 [ 0.10126031  0.59695756 -0.79585679  0.08594144]
 [ 0.34383669 -0.77167185 -0.53506905 -0.341289  ]
 [ 0.          0.          0.          1.        ]]","[[-0.86960704 -0.01247135 -0.49358694 -0.077394  ]
 [ 0.41797966  0.51354385 -0.74937689  0.0866629 ]
 [ 0.26282427 -0.85797272 -0.44136858 -0.34902811]
 [ 0.          0.          0.          1.        ]]"
single_object,99,235,37,105,30,0.5090747865387091,0.5851842846722636,0.0030481504215033274,0.002125299082655703,"[[-0.98145135 -0.1613174  -0.10358545 -0.08308017]
 [ 0.00732879  0.50835396 -0.86111703  0.09553119]
 [ 0.19157124 -0.84590362 -0.49774242 -0.35200111]
 [ 0.          0.          0.          1.        ]]","[[-0.85942198 -0.01939259 -0.510899   -0.07560198]
 [ 0.44160225  0.47541673 -0.76089841  0.09000608]
 [ 0.25764573 -0.87954696 -0.40001977 -0.35186493]
 [ 0.          0.          0.          1.        ]]"
single_object,99,236,37,124,30,0.5235558288877129,0.5438721949684635,0.0023578598003457037,0.0022120921359811293,"[[-0.8139607  -0.08298914 -0.57496154 -0.07589391]
 [ 0.47726046  0.46874299 -0.74330509  0.09623875]
 [ 0.33119545 -0.87942755 -0.34193094 -0.35777825]
 [ 0.          0.          0.          1.        ]]","[[-0.84030723  0.00282793 -0.54210309 -0.07265246]
 [ 0.49167986  0.42515751 -0.75992895  0.09431584]
 [ 0.22833017 -0.90511496 -0.35865336 -0.35643892]
 [ 0.          0.          0.          1.        ]]"
single_object,99,237,37,142,30,0.4677412434388364,0.4824797265407114,0.0026932101728171553,0.0024425952629139156,"[[-0.87104024  0.07426999 -0.48556448 -0.06357327]
 [ 0.47433546  0.38405638 -0.79215312  0.09632583]
 [ 0.12765093 -0.9203177  -0.36975746 -0.36135047]
 [ 0.          0.          0.          1.        ]]","[[-0.82037679  0.00660472 -0.57178519 -0.0682554 ]
 [ 0.53029749  0.38288342 -0.75642902  0.09758755]
 [ 0.21393107 -0.92377306 -0.31761113 -0.36202736]
 [ 0.          0.          0.          1.        ]]"
single_object,99,244,37,47,30,0.20621004304981477,0.3645432571976144,0.002947235742012798,0.0026554003554392245,"[[-0.69629336  0.28789968 -0.65748713 -0.03192179]
 [ 0.71636446  0.33578804 -0.61161128  0.10082346]
 [ 0.04469362 -0.89686129 -0.44004808 -0.35478169]
 [ 0.          0.          0.          1.        ]]","[[-0.5877843   0.13995632 -0.79681983 -0.04566839]
 [ 0.79480506  0.28370353 -0.53646735  0.10407649]
 [ 0.1509786  -0.94864352 -0.27799448 -0.3599172 ]
 [ 0.          0.          0.          1.        ]]"
single_object,99,245,37,158,30,0.3945708605672278,0.4662395057137545,0.0025755654094874146,0.0023000406613316975,"[[-0.58730958 -0.12302602 -0.79995754 -0.04617755]
 [ 0.62348776  0.56144768 -0.54409514  0.09685471]
 [ 0.51607216 -0.81831602 -0.25303838 -0.35671035]
 [ 0.          0.          0.          1.        ]]","[[-0.67103848 -0.02600085 -0.74096648 -0.05019353]
 [ 0.6483887   0.46411175 -0.60348353  0.10026703]
 [ 0.35958233 -0.88539496 -0.29457819 -0.35446595]
 [ 0.          0.          0.          1.        ]]"
single_object,99,246,37,138,30,0.43439551480999444,0.5511448962370743,0.00283991277207507,0.002340842913364627,"[[ 0.56207621  0.09188546 -0.82196557 -0.05824193]
 [-0.6243436  -0.60467486 -0.4945335   0.09647859]
 [-0.54246235  0.79115446 -0.28250526 -0.34999645]
 [ 0.          0.          0.          1.        ]]","[[ 0.7866036  -0.00944419 -0.61738609 -0.0570023 ]
 [-0.51207906 -0.56866608 -0.64373436  0.10072606]
 [-0.34500698  0.82251425 -0.45215095 -0.34872539]
 [ 0.          0.          0.          1.        ]]"
single_object,99,247,37,114,30,0.5692301091262747,0.5846121941103276,0.002030011796929983,0.0020261947976227285,"[[-0.82763282 -0.04996846 -0.5590412  -0.06076508]
 [ 0.44226667  0.55520268 -0.70437928  0.10013453]
 [ 0.34557792 -0.8302127  -0.43740458 -0.3477408 ]
 [ 0.          0.          0.          1.        ]]","[[-0.85180874 -0.04668245 -0.52176874 -0.0620816 ]
 [ 0.41743342  0.54128307 -0.72990546  0.09994045]
 [ 0.31649836 -0.83954356 -0.44158283 -0.34591057]
 [ 0.          0.          0.          1.        ]]"
single_object,99,248,37,221,30,0.5956964487478368,0.6310230409473819,0.002374500137371491,0.0018444040754917114,"[[-0.72348084  0.03048637 -0.68967098 -0.0639086 ]
 [ 0.57657679  0.57609184 -0.57937673  0.09447722]
 [ 0.37965073 -0.81681624 -0.43436914 -0.34188519]
 [ 0.          0.          0.          1.        ]]","[[-0.79511086 -0.01913836 -0.60616206 -0.06109997]
 [ 0.48859075  0.57189789 -0.65894755  0.09331865]
 [ 0.35927398 -0.82010153 -0.4453714  -0.34200696]
 [ 0.          0.          0.          1.        ]]"
single_object,99,249,37,210,30,0.4756575465896251,0.5032180094108898,0.002323986116471372,0.0018438334907735767,"[[ 0.85300927 -0.24109495 -0.46286975 -0.05750193]
 [-0.51821248 -0.49645861 -0.69640841  0.11278674]
 [-0.06189512  0.83390771 -0.54842221 -0.36927343]
 [ 0.          0.          0.          1.        ]]","[[ 0.85739664 -0.0735454  -0.50937419 -0.06360119]
 [-0.45595401 -0.56759015 -0.68552707  0.11132604]
 [-0.23869842  0.82001981 -0.52018321 -0.3652899 ]
 [ 0.          0.          0.          1.        ]]"
single_object,99,250,37,202,30,0.6056794290536192,0.528754701869306,0.0022482436915938625,0.002144696318841731,"[[-0.87564121 -0.03469326 -0.48171448 -0.06609197]
 [ 0.3418616   0.6600204  -0.66895718  0.09111073]
 [ 0.34114969 -0.75044616 -0.56608078 -0.33791139]
 [ 0.          0.          0.          1.        ]]","[[-0.950927   -0.21103661 -0.22627723 -0.07760465]
 [ 0.02059375  0.68651679 -0.72682226  0.10004729]
 [ 0.30872923 -0.69581481 -0.64848132 -0.34242225]
 [ 0.          0.          0.          1.        ]]"
single_object,99,251,37,130,30,0.6070810509303622,0.656445315293411,0.0027004991967001925,0.001910922365705746,"[[-0.86575582  0.04830604 -0.49812988 -0.06010591]
 [ 0.40566458  0.65063871 -0.64195445  0.08407612]
 [ 0.29309231 -0.75784945 -0.5828903  -0.33410451]
 [ 0.          0.          0.          1.        ]]","[[-0.86815739 -0.05618757 -0.49309806 -0.06692171]
 [ 0.32123899  0.69372898 -0.64462827  0.08217276]
 [ 0.37829651 -0.71804112 -0.58421631 -0.33076332]
 [ 0.          0.          0.          1.        ]]"
single_object,99,252,37,222,27,0.6763111600566369,0.7103147928317053,0.001767685064616827,0.0018529168782462956,"[[-0.77506194 -0.01637717 -0.631673   -0.0632762 ]
 [ 0.4406024   0.70254883 -0.55883331  0.07689339]
 [ 0.45293323 -0.71144707 -0.53730304 -0.32977685]
 [ 0.          0.          0.          1.        ]]","[[-0.83303501 -0.03146056 -0.55232499 -0.0658865 ]
 [ 0.36783189  0.71423248 -0.59545921  0.07718071]
 [ 0.41322193 -0.69920112 -0.58340846 -0.32774468]
 [ 0.          0.          0.          1.        ]]"
single_object,99,253,37,263,24,0.6474920979991132,0.6794219024871637,0.0019979790078552234,0.0018748578938420405,"[[-0.83354524 -0.04988564 -0.55019429 -0.06886173]
 [ 0.33339802  0.7486907  -0.57298168  0.07442697]
 [ 0.4405089  -0.66103984 -0.60743579 -0.32615354]
 [ 0.          0.          0.          1.        ]]","[[-0.83220102 -0.01613039 -0.55423936 -0.06677768]
 [ 0.36170297  0.74181683 -0.56469351  0.0725456 ]
 [ 0.42025281 -0.67040854 -0.61150631 -0.32470818]
 [ 0.          0.          0.          1.        ]]"
single_object,99,254,37,76,23,0.7112730445229479,0.7137544873353452,0.0020626133051715348,0.0018990976704076695,"[[-0.83896801  0.00676033 -0.54413874 -0.06991926]
 [ 0.34737134  0.77634969 -0.52594135  0.06929122]
 [ 0.41888641 -0.63026617 -0.6536809  -0.32161646]
 [ 0.          0.          0.          1.        ]]","[[-0.85704661 -0.03253619 -0.51421056 -0.0688139 ]
 [ 0.30697586  0.76929024 -0.56031987  0.06994753]
 [ 0.41380784 -0.63807047 -0.64932976 -0.32188318]
 [ 0.          0.          0.          1.        ]]"
single_object,99,255,37,75,30,0.6125659691929233,0.7152562250604271,0.0026004449508981384,0.0018717326658977953,"[[-0.72510582 -0.08058785 -0.68390581 -0.06781548]
 [ 0.34311147  0.81879875 -0.46026419  0.06744678]
 [ 0.59707292 -0.56839617 -0.56606512 -0.32006769]
 [ 0.          0.          0.          1.        ]]","[[-0.85683225 -0.02772182 -0.51484948 -0.06868521]
 [ 0.28769289  0.80294703 -0.52202383  0.06408923]
 [ 0.42786831 -0.59540539 -0.68001554 -0.3189914 ]
 [ 0.          0.          0.          1.        ]]"
