0 2 37
-0.141540420000 0.978716630000 0.148593610000 -0.303426370000
-0.960299280000 -0.172199830000 0.219482380000 -0.266636930000
0.240398850000 -0.111628710000 0.964234110000 0.460883520000
0.000000000000 0.000000000000 0.000000000000 1.000000000000
0 3 37
-0.249944858000 -0.000828089212 0.968259718000 -1.435775160000
-0.603405900000 -0.781940343000 -0.156430879000 -0.201236448000
0.757250875000 -0.623352720000 0.194942294000 1.170920830000
0.000000000000 0.000000000000 0.000000000000 1.000000000000
0 4 37
-0.628126360000 0.617902210000 0.472920850000 -1.374927100000
-0.685022030000 -0.727392920000 0.040550750000 -0.002766660000
0.369055680000 -0.298490210000 0.880171290000 0.617183080000
0.000000000000 0.000000000000 0.000000000000 1.000000000000
0 5 37
0.033770360000 0.398770380000 -0.916428800000 1.323470180000
0.934169180000 -0.338508060000 -0.112872660000 -0.292331370000
-0.355228810000 -0.852287790000 -0.383950540000 3.520213500000
0.000000000000 0.000000000000 0.000000000000 1.000000000000
0 6 37
-0.179414830000 0.880697120000 0.438386700000 -0.515495870000
0.882243330000 0.341201640000 -0.324388870000 0.089232730000
-0.435266610000 0.328563570000 -0.838205800000 3.662931910000
0.000000000000 0.000000000000 0.000000000000 1.000000000000
0 7 37
0.212750800000 -0.802387210000 -0.557594710000 0.329285340000
-0.975381250000 -0.140503300000 -0.169971290000 0.538501270000
0.058038890000 0.580028950000 -0.812525630000 4.058635400000
0.000000000000 0.000000000000 0.000000000000 1.000000000000
0 8 37
-0.718431390000 -0.677655890000 -0.156967610000 -0.386347480000
0.659597230000 -0.735332690000 0.155619170000 -1.089570060000
-0.220879670000 0.008266300000 0.975266040000 0.477861590000
0.000000000000 0.000000000000 0.000000000000 1.000000000000
0 9 37
-0.876386160000 0.288525020000 -0.385617180000 0.406735360000
-0.240772100000 -0.955924490000 -0.168039180000 0.756518080000
-0.417104420000 -0.054421350000 0.907227770000 0.193937290000
0.000000000000 0.000000000000 0.000000000000 1.000000000000
0 10 37
-0.553976530000 -0.409077080000 0.725097190000 -2.060596050000
0.059163200000 -0.888095840000 -0.455834940000 0.385799720000
0.830427430000 -0.209622790000 0.516186570000 0.975244960000
0.000000000000 0.000000000000 0.000000000000 1.000000000000
0 11 37
0.671539690000 0.735584430000 -0.089162700000 0.233890920000
-0.587901580000 0.602186390000 0.540132650000 -0.147157030000
0.451005730000 -0.310301630000 0.836843310000 0.371576790000
0.000000000000 0.000000000000 0.000000000000 1.000000000000
0 12 37
0.957038580000 0.278933930000 0.079202340000 -0.497001290000
-0.261390260000 0.948162560000 -0.180728800000 0.344140340000
-0.125508090000 0.152261720000 0.980338760000 0.529507490000
0.000000000000 0.000000000000 0.000000000000 1.000000000000
0 13 37
0.670891190000 0.728981920000 -0.135979340000 -0.255561940000
-0.324627150000 0.123846430000 -0.937698920000 1.355146720000
-0.666725000000 0.673236530000 0.319734800000 1.385600750000
0.000000000000 0.000000000000 0.000000000000 1.000000000000
0 14 37
-0.610890180000 0.769202250000 -0.187459560000 -0.554113650000
-0.685591750000 -0.395546040000 0.611152420000 -1.979794340000
0.395950930000 0.501867750000 0.768993910000 1.044782430000
0.000000000000 0.000000000000 0.000000000000 1.000000000000
0 15 37
-0.297282330000 -0.953338780000 0.052615480000 -1.089295740000
0.870715230000 -0.248081970000 0.424629640000 -1.033764790000
-0.391762950000 0.172047980000 0.903836980000 1.090981290000
0.000000000000 0.000000000000 0.000000000000 1.000000000000
0 16 37
-0.934178240000 0.269691310000 -0.233618510000 0.923224300000
-0.070523790000 -0.781393070000 -0.620041340000 0.539271500000
-0.349767650000 -0.562753470000 0.748980060000 1.089295370000
0.000000000000 0.000000000000 0.000000000000 1.000000000000
0 17 37
-0.329715020000 0.807734060000 0.488726610000 -0.914029420000
0.031994390000 -0.507817250000 0.860870490000 -1.955884620000
0.943538220000 0.299478440000 0.141592020000 1.985538940000
0.000000000000 0.000000000000 0.000000000000 1.000000000000
0 18 37
-0.638429510000 -0.426109420000 0.640966860000 -2.139111370000
-0.069412110000 -0.797502010000 -0.599310020000 0.928488100000
0.766544010000 -0.427108060000 0.479571670000 1.586134570000
0.000000000000 0.000000000000 0.000000000000 1.000000000000
0 19 37
0.158201420000 -0.976626510000 0.145509320000 -0.392146210000
0.890695200000 0.077542400000 -0.447938870000 0.318533570000
0.426185830000 0.200469020000 0.882143870000 0.931297750000
0.000000000000 0.000000000000 0.000000000000 1.000000000000
0 20 37
-0.604988480000 0.489671730000 0.627861870000 -1.180703830000
0.180506780000 -0.683663250000 0.707122240000 -2.170110220000
0.775503860000 0.541134130000 0.325219330000 1.560385970000
0.000000000000 0.000000000000 0.000000000000 1.000000000000
0 21 37
0.817384080000 0.571418490000 -0.073240510000 0.144714010000
-0.573461120000 0.819186190000 -0.008736360000 0.159065570000
0.055005500000 0.049141540000 0.997276040000 0.398237420000
0.000000000000 0.000000000000 0.000000000000 1.000000000000
0 22 37
-0.241079300000 0.668750444000 0.703316155000 -1.358809220000
-0.914921628000 0.085124418000 -0.394553227000 0.000123134906
-0.323727024000 -0.738597777000 0.591332510000 0.814798662000
0.000000000000 0.000000000000 0.000000000000 1.000000000000
0 23 37
-0.968949080000 0.057748240000 0.240422160000 0.174059140000
-0.041095470000 -0.996432250000 0.073715270000 -0.127436410000
0.243821320000 0.061546090000 0.967865300000 0.245475250000
0.000000000000 0.000000000000 0.000000000000 1.000000000000
0 24 37
0.850803980000 -0.096462050000 -0.516553640000 0.093493850000
0.460877200000 -0.335249410000 0.821705560000 -2.253269900000
-0.252437710000 -0.937178160000 -0.240774380000 2.913276610000
0.000000000000 0.000000000000 0.000000000000 1.000000000000
0 25 37
0.735920170000 -0.442130620000 -0.512778720000 0.918468150000
0.534710790000 -0.085066370000 0.840742580000 -1.804993070000
-0.415338270000 -0.892907740000 0.173809950000 1.177422480000
0.000000000000 0.000000000000 0.000000000000 1.000000000000
0 26 37
-0.673605130000 -0.715054330000 0.186958360000 -1.257924490000
0.735650920000 -0.673043220000 0.076357970000 0.229148250000
0.071230960000 0.188971210000 0.979395750000 2.259305350000
0.000000000000 0.000000000000 0.000000000000 1.000000000000
0 27 37
-0.520260950000 -0.531381130000 0.668552650000 -1.541993800000
-0.255617470000 0.843845340000 0.471788870000 -1.829781080000
-0.814854740000 0.074559590000 -0.574850080000 3.364441110000
0.000000000000 0.000000000000 0.000000000000 1.000000000000
0 28 37
-0.570483770000 -0.735578910000 -0.365338120000 -0.782674150000
0.813141870000 -0.568429550000 -0.125252320000 0.581258080000
-0.115536020000 -0.368526140000 0.922409840000 1.588970090000
0.000000000000 0.000000000000 0.000000000000 1.000000000000
0 29 37
-0.861896240000 -0.124571850000 0.491545240000 -0.694180900000
-0.216750760000 -0.785831950000 -0.579212610000 -0.375630700000
0.458425540000 -0.605763970000 0.650304570000 1.523346030000
0.000000000000 0.000000000000 0.000000000000 1.000000000000
0 30 37
0.950353760000 0.263357560000 0.165742380000 0.036674390000
-0.281901640000 0.954193720000 0.100228780000 -0.853172650000
-0.131754340000 -0.141975850000 0.981062510000 0.992944360000
0.000000000000 0.000000000000 0.000000000000 1.000000000000
0 31 37
-0.413206690000 -0.903955720000 -0.110110320000 -0.353577410000
0.861810330000 -0.427243890000 0.273396450000 0.126802110000
-0.294182240000 0.018075030000 0.955578410000 1.089627300000
0.000000000000 0.000000000000 0.000000000000 1.000000000000
0 32 37
-0.067324560000 -0.995422210000 0.067838240000 0.213754580000
0.996358070000 -0.063510460000 0.056894780000 -0.179804670000
-0.052325890000 0.071421590000 0.996072770000 0.993425270000
0.000000000000 0.000000000000 0.000000000000 1.000000000000
0 33 37
-0.605976430000 0.767262340000 0.210002560000 -1.317152480000
-0.044082090000 0.231199030000 -0.971907290000 0.278386660000
-0.794260240000 -0.598210260000 -0.106278630000 2.482931450000
0.000000000000 0.000000000000 0.000000000000 1.000000000000
0 34 37
-0.613614030000 0.243887090000 0.750997280000 -1.580873700000
-0.468058030000 -0.878336560000 -0.097193460000 -0.459006340000
0.635924140000 -0.411149580000 0.653112940000 2.113057160000
0.000000000000 0.000000000000 0.000000000000 1.000000000000
0 35 37
-0.648367540000 0.759954280000 -0.045705810000 -0.433378950000
0.760387740000 0.643417300000 -0.088457080000 -0.592183180000
-0.037815420000 -0.092106840000 -0.995030820000 4.420835420000
0.000000000000 0.000000000000 0.000000000000 1.000000000000
0 36 37
-0.315740330000 -0.758066530000 0.570651540000 -1.739283850000
0.330683910000 -0.651624700000 -0.682666390000 1.576658800000
0.889357180000 -0.026840030000 0.456424600000 2.271653010000
0.000000000000 0.000000000000 0.000000000000 1.000000000000
1 3 37
-0.572928780000 0.266495030000 0.775069680000 -1.307626270000
-0.524711280000 -0.845727180000 -0.097075280000 0.203065500000
0.629627420000 -0.462305030000 0.624374390000 0.666789910000
0.000000000000 0.000000000000 0.000000000000 1.000000000000
1 4 37
0.941704870000 -0.202973400000 0.268316480000 -0.824929650000
0.148661670000 0.966473400000 0.209353450000 -0.297812490000
-0.301813920000 -0.157260790000 0.940307080000 0.339686130000
0.000000000000 0.000000000000 0.000000000000 1.000000000000
1 5 37
0.270375330000 0.683029640000 -0.678504010000 1.224429360000
0.882355940000 -0.457740570000 -0.109185950000 0.338674460000
-0.385156050000 -0.569160860000 -0.726437010000 4.000884840000
0.000000000000 0.000000000000 0.000000000000 1.000000000000
1 6 37
0.631619940000 0.769421390000 0.095115550000 -0.471475810000
-0.426435180000 0.242333240000 0.871451450000 -1.127529560000
0.647463730000 -0.590986730000 0.481170860000 1.306600810000
0.000000000000 0.000000000000 0.000000000000 1.000000000000
1 7 37
0.239247279000 0.970953590000 0.003140926550 0.830985135000
0.731281687000 -0.178061131000 -0.658423365000 1.255180330000
-0.638739253000 0.159822901000 -0.752641221000 3.478851040000
0.000000000000 0.000000000000 0.000000000000 1.000000000000
1 8 37
0.535967910000 0.841028760000 -0.073546000000 0.430165120000
0.793311170000 -0.471922940000 0.384637660000 -0.820608120000
0.288783290000 -0.264498310000 -0.920133070000 4.232341130000
0.000000000000 0.000000000000 0.000000000000 1.000000000000
1 9 37
-0.548551690000 -0.836112700000 0.002567310000 0.199401490000
0.679581300000 -0.444062550000 0.583932970000 -1.010103700000
-0.487093730000 0.322062110000 0.811797820000 0.109204550000
0.000000000000 0.000000000000 0.000000000000 1.000000000000
1 10 37
-0.810594800000 0.489121860000 -0.322018440000 0.202894780000
-0.518267330000 -0.343171460000 0.783346880000 -1.872953110000
0.272644540000 0.801868540000 0.531668880000 1.117936870000
0.000000000000 0.000000000000 0.000000000000 1.000000000000
1 11 37
0.645904200000 0.187210490000 -0.740108100000 0.766027580000
-0.226820020000 0.972747840000 0.048107290000 0.666095840000
0.728944750000 0.136798630000 0.670765000000 0.662754510000
0.000000000000 0.000000000000 0.000000000000 1.000000000000
1 12 37
-0.943927496000 -0.330141707000 -0.002708407740 -0.319997801000
0.305837670000 -0.871289629000 -0.383819884000 0.804785593000
0.124355144000 -0.363126475000 0.923404008000 0.000219030846
0.000000000000 0.000000000000 0.000000000000 1.000000000000
1 13 37
0.996686900000 0.018339970000 -0.079239290000 0.715984750000
-0.045027930000 0.935744900000 -0.349791310000 1.087677740000
0.067732600000 0.352200400000 0.933470500000 -0.133001210000
0.000000000000 0.000000000000 0.000000000000 1.000000000000
1 14 37
-0.179396340000 0.735411870000 -0.653441910000 0.736156910000
-0.863386450000 0.200697670000 0.462908510000 -1.553332240000
0.471572680000 0.647216980000 0.598940220000 1.329275840000
0.000000000000 0.000000000000 0.000000000000 1.000000000000
1 15 37
-0.804692820000 0.549202230000 -0.225491400000 1.156954950000
-0.539992250000 -0.519214370000 0.662438530000 -1.164644910000
0.246734340000 0.654823140000 0.714373030000 0.811465180000
0.000000000000 0.000000000000 0.000000000000 1.000000000000
1 16 37
-0.650846250000 0.743457690000 0.153850020000 0.204675760000
-0.641386230000 -0.646861320000 0.412545920000 -0.047095560000
0.406230060000 0.169826680000 0.897850780000 0.415627280000
0.000000000000 0.000000000000 0.000000000000 1.000000000000
1 17 37
-0.863483910000 0.153806850000 0.480352980000 -0.044033850000
0.298416210000 -0.612002110000 0.732394150000 -1.500108730000
0.406624280000 0.775755680000 0.482555510000 1.141905880000
0.000000000000 0.000000000000 0.000000000000 1.000000000000
1 18 37
0.193616890000 -0.979940940000 -0.047204430000 -0.025466690000
0.979636760000 0.190502340000 0.063408790000 0.044793970000
-0.053144320000 -0.058520210000 0.996870640000 0.177334850000
0.000000000000 0.000000000000 0.000000000000 1.000000000000
1 19 37
-0.774489660000 0.324283460000 0.543144550000 -1.810647710000
-0.421163580000 -0.904982340000 -0.060234490000 0.605978970000
0.472003170000 -0.275403690000 0.837475860000 1.065656640000
0.000000000000 0.000000000000 0.000000000000 1.000000000000
1 20 37
0.716805280000 -0.695157050000 0.054285160000 0.448769460000
0.464279620000 0.533921620000 0.706662680000 -0.568031280000
-0.520225560000 -0.481336040000 0.705465080000 1.195808290000
0.000000000000 0.000000000000 0.000000000000 1.000000000000
1 21 37
-0.894372960000 -0.318198920000 0.314398580000 -0.472234610000
0.362257460000 -0.927550850000 0.091754870000 -0.602334340000
0.262424360000 0.195956310000 0.944846320000 0.159623430000
0.000000000000 0.000000000000 0.000000000000 1.000000000000
1 22 37
-0.749399020000 -0.650458560000 -0.123712460000 -0.427846930000
0.661053680000 -0.745610770000 -0.084098830000 0.168478350000
-0.037538540000 -0.144804160000 0.988748000000 0.303223800000
0.000000000000 0.000000000000 0.000000000000 1.000000000000
1 23 37
0.983867590000 -0.176738710000 0.027712640000 -0.402645650000
-0.177778440000 -0.983212190000 0.041092840000 0.838302230000
0.019984710000 -0.045356630000 -0.998770940000 4.574217360000
0.000000000000 0.000000000000 0.000000000000 1.000000000000
1 24 37
-0.284542940000 0.721970600000 0.630708940000 -0.308929710000
-0.730175970000 0.263090570000 -0.630576250000 1.682369240000
-0.621191080000 -0.639954530000 0.452305020000 1.309516990000
0.000000000000 0.000000000000 0.000000000000 1.000000000000
1 25 37
-0.285536050000 0.038973310000 0.957575190000 -1.944040640000
0.777755300000 -0.574388180000 0.255293770000 0.604968930000
0.559969510000 0.817654760000 0.133696830000 2.611630290000
0.000000000000 0.000000000000 0.000000000000 1.000000000000
1 26 37
-0.170852620000 0.926524050000 0.335205260000 -0.369514200000
-0.959017920000 -0.078328350000 -0.272303690000 -0.364024480000
-0.226039850000 -0.367991650000 0.901935770000 1.665641710000
0.000000000000 0.000000000000 0.000000000000 1.000000000000
1 27 37
-0.178289578000 0.774414507000 -0.607037888000 0.434335795000
-0.001369774380 -0.617116913000 -0.786870281000 2.146547470000
-0.983977108000 -0.139459266000 0.111086287000 1.686188820000
0.000000000000 0.000000000000 0.000000000000 1.000000000000
1 28 37
0.961447690000 0.272858230000 0.034157400000 -0.008972070000
0.273974950000 -0.961139310000 -0.033896130000 0.210127710000
0.023581190000 0.041947620000 -0.998841490000 3.912069920000
0.000000000000 0.000000000000 0.000000000000 1.000000000000
1 29 37
0.886683440000 -0.449819430000 0.107027850000 0.676818830000
0.157573480000 0.511583290000 0.844661550000 -0.198286890000
-0.434698840000 -0.732082660000 0.524492040000 0.990952240000
0.000000000000 0.000000000000 0.000000000000 1.000000000000
1 30 37
0.346639610000 -0.920868510000 0.178443750000 -0.259880790000
0.936140330000 0.327666930000 -0.127576110000 0.696765200000
0.059010710000 0.211271330000 0.975644490000 1.034198000000
0.000000000000 0.000000000000 0.000000000000 1.000000000000
1 31 37
0.979966370000 -0.152762570000 -0.127786960000 1.368220000000
0.196919960000 0.839215800000 0.506891880000 -0.003587650000
0.029806730000 -0.521900800000 0.852485260000 0.760605650000
0.000000000000 0.000000000000 0.000000000000 1.000000000000
1 32 37
-0.974784380000 0.222632250000 -0.015175420000 0.296482140000
0.188090720000 0.783144670000 -0.592710990000 1.870488960000
-0.120072030000 -0.580619770000 -0.805272250000 2.713266510000
0.000000000000 0.000000000000 0.000000000000 1.000000000000
1 33 37
0.774414900000 0.552120340000 0.308941240000 0.159542680000
-0.627147520000 0.734326870000 0.259711450000 -0.518185760000
-0.083471880000 -0.394876150000 0.914934570000 1.065949840000
0.000000000000 0.000000000000 0.000000000000 1.000000000000
1 34 37
-0.053086960000 0.693890070000 0.718121400000 -0.911516700000
-0.901026570000 0.276742710000 -0.334012860000 0.192401410000
-0.430503070000 -0.664778190000 0.610521960000 1.301753830000
0.000000000000 0.000000000000 0.000000000000 1.000000000000
1 35 37
-0.062079190000 -0.891873150000 -0.448004970000 1.248249110000
-0.899309930000 0.244668590000 -0.362462330000 1.400127570000
0.432883160000 0.380393950000 -0.817259210000 3.237958130000
0.000000000000 0.000000000000 0.000000000000 1.000000000000
1 36 37
-0.063044190000 -0.822370590000 0.565448530000 -1.164669140000
0.945321160000 -0.230866050000 -0.230366590000 1.138553120000
0.319989570000 0.520007190000 0.791959090000 0.742819240000
0.000000000000 0.000000000000 0.000000000000 1.000000000000
2 4 37
0.402047420000 0.914171150000 0.051468260000 0.107625420000
-0.462933740000 0.154454840000 0.872832200000 -1.899822310000
0.789968490000 -0.374746330000 0.485298840000 0.679850360000
0.000000000000 0.000000000000 0.000000000000 1.000000000000
2 5 37
0.837149130000 -0.504589060000 -0.211118950000 0.616572220000
0.517190060000 0.855854410000 0.005259780000 -0.494564740000
0.178033060000 -0.113591840000 0.977446230000 0.170068430000
0.000000000000 0.000000000000 0.000000000000 1.000000000000
2 6 37
-0.361003950000 -0.909938030000 0.204178660000 -0.202558620000
0.594902710000 -0.056096180000 0.801837880000 -1.546844960000
-0.718169140000 0.410933080000 0.561575550000 0.962275910000
0.000000000000 0.000000000000 0.000000000000 1.000000000000
2 7 37
-0.945744900000 0.321643440000 -0.045957280000 0.648464570000
0.234945100000 0.579298210000 -0.780521870000 1.176231420000
-0.224426770000 -0.748972020000 -0.623436880000 2.918958430000
0.000000000000 0.000000000000 0.000000000000 1.000000000000
2 8 37
-0.529809660000 -0.814828980000 0.235277400000 0.168242600000
0.675095900000 -0.237254780000 0.698538250000 -2.477503780000
-0.513368520000 0.528927130000 0.675787580000 0.713982960000
0.000000000000 0.000000000000 0.000000000000 1.000000000000
2 9 37
-0.454476240000 -0.890753720000 0.003024700000 0.891511520000
0.305869840000 -0.152868520000 0.939720630000 -2.497929470000
-0.836597260000 0.428005870000 0.341929810000 0.663177970000
0.000000000000 0.000000000000 0.000000000000 1.000000000000
2 10 37
0.520411970000 0.749808760000 0.408605190000 0.082929800000
-0.313928830000 0.612994270000 -0.725042560000 1.924284100000
-0.794115910000 0.249047880000 0.554396140000 0.222576370000
0.000000000000 0.000000000000 0.000000000000 1.000000000000
2 11 37
-0.847140080000 -0.386910150000 0.364217260000 -0.025012560000
-0.159174000000 -0.469180250000 -0.868638900000 1.634796420000
0.506968750000 -0.793832750000 0.335875360000 1.156068430000
0.000000000000 0.000000000000 0.000000000000 1.000000000000
2 12 37
-0.804402390000 -0.201733130000 0.558784870000 -1.027367610000
0.317183090000 -0.941140430000 0.116831420000 -0.828489120000
0.502326270000 0.271216590000 0.821041950000 0.007804740000
0.000000000000 0.000000000000 0.000000000000 1.000000000000
2 13 37
0.453896060000 -0.645763660000 0.613976930000 -0.596764230000
0.890144910000 0.359739250000 -0.279695750000 0.868328480000
-0.040254250000 0.673481230000 0.738107460000 0.063442160000
0.000000000000 0.000000000000 0.000000000000 1.000000000000
2 14 37
-0.974244390000 0.153173900000 -0.165486020000 1.050024840000
0.188030760000 0.956919850000 -0.221243850000 0.418833820000
0.124468070000 -0.246662040000 -0.961075200000 4.403828640000
0.000000000000 0.000000000000 0.000000000000 1.000000000000
2 15 37
-0.792556470000 -0.593849410000 0.138553670000 0.175838110000
0.596894560000 -0.801989610000 -0.023012090000 -0.865528340000
0.124784320000 0.064463550000 0.990087530000 0.225554160000
0.000000000000 0.000000000000 0.000000000000 1.000000000000
2 16 37
0.816936460000 0.281829860000 -0.503176660000 1.107018390000
0.370744470000 -0.924940670000 0.083864740000 -0.269883330000
-0.441772970000 -0.255062130000 -0.860104620000 4.198962280000
0.000000000000 0.000000000000 0.000000000000 1.000000000000
2 17 37
0.879741420000 0.312119111000 0.358659580000 -0.000114940468
-0.220159579000 0.936030371000 -0.274548545000 1.074037870000
-0.421408108000 0.162569385000 0.892180700000 -0.061097699400
0.000000000000 0.000000000000 0.000000000000 1.000000000000
2 18 37
0.548012110000 0.821460790000 0.157749450000 0.205783890000
-0.391021110000 0.084864810000 0.916460830000 -1.907739600000
0.739449260000 -0.563915000000 0.367715450000 0.786921730000
0.000000000000 0.000000000000 0.000000000000 1.000000000000
2 19 37
0.895227430000 -0.104471220000 0.433190040000 -0.555309980000
0.126718950000 0.991678520000 -0.022716160000 -0.425299540000
-0.427212080000 0.075229510000 0.901016290000 0.778476010000
0.000000000000 0.000000000000 0.000000000000 1.000000000000
2 20 37
-0.809587270000 -0.247897130000 -0.532085950000 1.595545270000
-0.472557510000 -0.262484450000 0.841303340000 -1.168634380000
-0.348220980000 0.932549690000 0.095358420000 2.217991460000
0.000000000000 0.000000000000 0.000000000000 1.000000000000
2 21 37
0.049334520000 -0.987540200000 0.149433760000 -0.217293720000
0.987323980000 0.070817550000 0.142043050000 -0.270325930000
-0.150855750000 0.140531910000 0.978515880000 0.175917710000
0.000000000000 0.000000000000 0.000000000000 1.000000000000
2 22 37
0.308011210000 -0.940159010000 -0.145705660000 0.330046780000
0.619257690000 0.081853540000 0.780909670000 -1.641636480000
-0.722252740000 -0.330758280000 0.607412500000 0.307093280000
0.000000000000 0.000000000000 0.000000000000 1.000000000000
2 23 37
0.612857680000 -0.662139430000 -0.431250310000 1.133051440000
0.785768010000 0.452988220000 0.421153550000 -0.952239130000
-0.083511070000 -0.596969890000 0.797905290000 0.881662290000
0.000000000000 0.000000000000 0.000000000000 1.000000000000
2 24 37
-0.273511770000 0.272409610000 0.922488110000 -1.172545850000
-0.466487620000 0.801153340000 -0.374890170000 0.400075600000
-0.841178110000 -0.532866150000 -0.092049160000 2.369480650000
0.000000000000 0.000000000000 0.000000000000 1.000000000000
2 25 37
0.156490540000 0.175113370000 0.972031900000 0.285020960000
0.861170310000 -0.506095270000 -0.047468560000 -0.284666630000
0.483628370000 0.844513400000 -0.230001560000 2.320669950000
0.000000000000 0.000000000000 0.000000000000 1.000000000000
2 26 37
0.553350860000 -0.782906590000 0.284359100000 0.606772410000
0.683424740000 0.621900910000 0.382321710000 -0.207915970000
-0.476165370000 -0.017220000000 0.879187130000 1.279463580000
0.000000000000 0.000000000000 0.000000000000 1.000000000000
2 27 37
-0.275079250000 -0.549081370000 -0.789202800000 2.403751080000
-0.846185700000 -0.251407340000 0.469855420000 -1.434614270000
-0.456400240000 0.797059590000 -0.395467860000 1.894510490000
0.000000000000 0.000000000000 0.000000000000 1.000000000000
2 28 37
-0.570014360000 0.547128110000 0.612971820000 -1.014283610000
-0.036727340000 0.728326560000 -0.684245230000 0.777463500000
-0.820813460000 -0.412542430000 -0.395062040000 2.124424490000
0.000000000000 0.000000000000 0.000000000000 1.000000000000
2 29 37
0.052173950000 0.943488430000 0.327272760000 0.340961120000
-0.757308160000 -0.176245700000 0.628825740000 -1.181116820000
0.650970220000 -0.280654660000 0.705316050000 1.299072440000
0.000000000000 0.000000000000 0.000000000000 1.000000000000
2 30 37
0.693471750000 -0.718838230000 0.048667490000 0.791528400000
-0.545189030000 -0.567711190000 -0.616824880000 0.992007000000
0.471026380000 0.401217650000 -0.785594390000 3.258379930000
0.000000000000 0.000000000000 0.000000000000 1.000000000000
2 31 37
0.425993870000 0.899553010000 -0.096610560000 1.147323150000
-0.899920880000 0.410317430000 -0.147587330000 -0.331303480000
-0.093121640000 0.149813150000 0.984319250000 0.809347840000
0.000000000000 0.000000000000 0.000000000000 1.000000000000
2 32 37
0.081050600000 0.722069320000 0.687056550000 0.209366650000
-0.929115020000 -0.194793430000 0.314325930000 -0.889686550000
0.360799210000 -0.663830870000 0.655097330000 1.236874150000
0.000000000000 0.000000000000 0.000000000000 1.000000000000
2 33 37
0.487320840000 0.824386130000 0.287933850000 -0.886234560000
0.703037390000 -0.174825370000 -0.689329040000 1.207416800000
-0.517935160000 0.538352670000 -0.664770320000 2.687671410000
0.000000000000 0.000000000000 0.000000000000 1.000000000000
2 34 37
0.847006480000 -0.224250210000 -0.481966660000 1.489134320000
-0.505700280000 -0.619379480000 -0.600530000000 0.473599810000
-0.163851290000 0.752383480000 -0.638021830000 3.006951320000
0.000000000000 0.000000000000 0.000000000000 1.000000000000
2 35 37
-0.617032160000 0.601364490000 0.507574690000 -0.165330150000
0.233917290000 0.756006380000 -0.611340370000 0.867035820000
-0.751368090000 -0.258486170000 -0.607149810000 2.970658770000
0.000000000000 0.000000000000 0.000000000000 1.000000000000
2 36 37
0.677070360000 0.293588550000 -0.674819600000 2.020186010000
0.321749460000 0.706597090000 0.630236330000 -1.392893500000
0.661855740000 -0.643837180000 0.383953990000 1.571878610000
0.000000000000 0.000000000000 0.000000000000 1.000000000000
3 5 37
-0.433456630000 -0.456060890000 0.777254020000 -1.424491530000
0.539148470000 -0.822344470000 -0.181847460000 0.055091550000
0.722104060000 0.340232330000 0.602335190000 0.741682240000
0.000000000000 0.000000000000 0.000000000000 1.000000000000
3 6 37
-0.036110990000 -0.975108210000 -0.218769240000 0.103611010000
-0.741481850000 -0.120623640000 0.660041370000 -1.676802480000
-0.670000500000 0.186048160000 -0.718669200000 3.553671600000
0.000000000000 0.000000000000 0.000000000000 1.000000000000
3 7 37
0.175576450000 0.925774410000 -0.334835250000 0.292194230000
0.977421820000 -0.204541660000 -0.053002730000 -0.454850380000
-0.117556330000 -0.317969250000 -0.940784810000 3.922815580000
0.000000000000 0.000000000000 0.000000000000 1.000000000000
3 8 37
0.869330650000 -0.456237860000 0.190029600000 -1.037721230000
0.488759870000 0.850671060000 -0.193578250000 -0.050283810000
-0.073334960000 0.261162350000 0.962505180000 -0.211891740000
0.000000000000 0.000000000000 0.000000000000 1.000000000000
3 9 37
-0.464825780000 -0.674348190000 0.573752140000 -0.566350590000
0.868144460000 -0.219805430000 0.444984020000 -1.598135340000
-0.173960330000 0.704939780000 0.687602870000 -0.388616030000
0.000000000000 0.000000000000 0.000000000000 1.000000000000
3 10 37
0.157239930000 -0.247069600000 0.956154910000 -1.947025950000
0.681190630000 -0.673868040000 -0.286148890000 0.171339230000
0.715020930000 0.696317800000 0.062342530000 1.806738830000
0.000000000000 0.000000000000 0.000000000000 1.000000000000
3 11 37
0.988616540000 0.144583840000 -0.041627570000 0.123430120000
-0.150348610000 0.959844870000 -0.236839860000 0.261223650000
0.005712800000 0.240402450000 0.970656490000 0.105996180000
0.000000000000 0.000000000000 0.000000000000 1.000000000000
3 12 37
-0.575223550000 0.600171030000 0.555799070000 -0.862132830000
-0.686749020000 -0.723469880000 0.070477730000 -1.174396820000
0.444402580000 -0.341154020000 0.828323780000 -0.041618930000
0.000000000000 0.000000000000 0.000000000000 1.000000000000
3 13 37
0.975741250000 -0.156056430000 0.153542850000 0.268799750000
0.218737960000 0.665794590000 -0.713352130000 0.955508770000
0.009095190000 0.729632750000 0.683778710000 0.043722630000
0.000000000000 0.000000000000 0.000000000000 1.000000000000
3 14 37
0.955075590000 0.199974260000 -0.218725670000 1.350194130000
-0.296268600000 0.662805180000 -0.687687590000 1.005594830000
0.007452690000 0.721595170000 0.692275140000 0.322658370000
0.000000000000 0.000000000000 0.000000000000 1.000000000000
3 15 37
-0.476631400000 -0.821793350000 0.312215000000 -0.149009950000
0.877423320000 -0.466653230000 0.111189370000 -1.184014510000
0.054321450000 0.326941060000 0.943482230000 -0.001717620000
0.000000000000 0.000000000000 0.000000000000 1.000000000000
3 16 37
-0.769664530000 -0.148385290000 0.620965630000 -0.257659510000
0.491848620000 -0.757931810000 0.428514060000 -1.959937440000
0.407064420000 0.635233160000 0.656336340000 0.050951850000
0.000000000000 0.000000000000 0.000000000000 1.000000000000
3 17 37
-0.823057320000 0.435376180000 -0.364724860000 1.449697830000
-0.478485010000 -0.877501800000 0.032290670000 -0.907150460000
-0.305988130000 0.201092460000 0.930555260000 -0.147243100000
0.000000000000 0.000000000000 0.000000000000 1.000000000000
3 18 37
-0.085018820000 -0.121578520000 0.988934000000 -1.538274360000
0.372478550000 0.916687640000 0.144718670000 -0.647700790000
-0.924138260000 0.380660520000 -0.032650310000 1.892120320000
0.000000000000 0.000000000000 0.000000000000 1.000000000000
3 19 37
0.767360540000 0.483865750000 0.420751400000 -0.621997950000
-0.488065640000 0.866327600000 -0.106152800000 -0.320384150000
-0.415872250000 -0.123896830000 0.900943860000 0.538903730000
0.000000000000 0.000000000000 0.000000000000 1.000000000000
3 20 37
-0.913013120000 -0.319109280000 0.254118690000 0.364834310000
0.018147530000 -0.654103070000 -0.756187700000 0.490015490000
0.407526330000 -0.685797670000 0.602995730000 0.973575080000
0.000000000000 0.000000000000 0.000000000000 1.000000000000
3 21 37
-0.468244050000 0.875352370000 -0.120439770000 0.970116070000
-0.883452160000 -0.461310200000 0.081885200000 -0.533271400000
0.016118310000 0.144745030000 0.989337700000 -0.026860980000
0.000000000000 0.000000000000 0.000000000000 1.000000000000
3 22 37
-0.974513950000 0.115417740000 0.192357250000 -0.685286730000
-0.223537820000 -0.571490170000 -0.789575730000 0.773327960000
0.018799230000 -0.812451680000 0.582725370000 0.534078290000
0.000000000000 0.000000000000 0.000000000000 1.000000000000
3 23 37
-0.994415475000 -0.083794625600 0.064158579100 0.137706935000
0.105535825000 -0.788237488000 0.606253950000 -0.628560058000
-0.000228625504 0.609639338000 0.792678891000 0.401211969000
0.000000000000 0.000000000000 0.000000000000 1.000000000000
3 24 37
-0.651607860000 -0.662828880000 0.368870000000 0.167809210000
-0.756920080000 0.600068560000 -0.258823720000 0.175931160000
-0.049791450000 -0.447856680000 -0.892717880000 3.208027240000
0.000000000000 0.000000000000 0.000000000000 1.000000000000
3 25 37
-0.781434840000 -0.445375970000 0.437035280000 -1.377337850000
-0.477028610000 0.877897590000 0.041707650000 -0.145120680000
-0.402247810000 -0.175886520000 -0.898476840000 2.943810540000
0.000000000000 0.000000000000 0.000000000000 1.000000000000
3 26 37
0.477685940000 0.797659950000 0.368177610000 -0.071612920000
0.860503590000 -0.340352450000 -0.379069640000 0.590198630000
-0.177058520000 0.497894390000 -0.848970820000 2.987961440000
0.000000000000 0.000000000000 0.000000000000 1.000000000000
3 27 37
0.055701310000 0.327280100000 0.943284210000 -2.012686080000
0.630991280000 0.720634630000 -0.287290320000 0.036008970000
-0.773787670000 0.611206560000 -0.166370600000 1.387382770000
0.000000000000 0.000000000000 0.000000000000 1.000000000000
3 28 37
-0.153947330000 -0.987888950000 0.019381710000 -0.490567870000
-0.683728750000 0.120668460000 0.719690290000 -1.600103670000
-0.713312840000 0.097542560000 -0.694024660000 2.923464710000
0.000000000000 0.000000000000 0.000000000000 1.000000000000
3 29 37
-0.289999660000 -0.942273510000 -0.167394230000 0.064892450000
0.931744680000 -0.238048010000 -0.274198840000 0.286124080000
0.218522440000 -0.235486250000 0.946992170000 0.890372620000
0.000000000000 0.000000000000 0.000000000000 1.000000000000
3 30 37
-0.788308890000 0.141413610000 0.598808230000 -0.651625260000
-0.372396770000 -0.884386580000 -0.281391240000 -0.064825380000
0.489785410000 -0.444817460000 0.749831770000 1.104660960000
0.000000000000 0.000000000000 0.000000000000 1.000000000000
3 31 37
0.784139180000 0.525235890000 0.330534420000 0.421938290000
-0.617378140000 0.714308010000 0.329557740000 -0.643929770000
-0.063007830000 -0.462483860000 0.884386050000 0.836038150000
0.000000000000 0.000000000000 0.000000000000 1.000000000000
3 32 37
0.084925930000 -0.992703510000 -0.085599760000 -0.162294230000
0.996195970000 0.082912360000 0.026816430000 0.022882350000
-0.019523480000 -0.087551540000 0.995968650000 1.008986650000
0.000000000000 0.000000000000 0.000000000000 1.000000000000
3 33 37
0.881279790000 -0.433576760000 0.188034900000 0.270178400000
0.470275930000 0.765185620000 -0.439694810000 -0.009489210000
0.046759850000 0.475922440000 0.878243330000 0.707972650000
0.000000000000 0.000000000000 0.000000000000 1.000000000000
3 34 37
0.968676970000 -0.187067920000 -0.163311090000 0.229446980000
0.203501540000 0.974896820000 0.090351050000 -0.131847410000
0.142309670000 -0.120755040000 0.982428710000 0.930985290000
0.000000000000 0.000000000000 0.000000000000 1.000000000000
3 35 37
-0.457943930000 -0.349045400000 0.817590770000 -1.254901790000
-0.420007520000 -0.725624150000 -0.545035110000 0.509934420000
0.783505610000 -0.592989790000 0.185693480000 2.040219960000
0.000000000000 0.000000000000 0.000000000000 1.000000000000
3 36 37
0.941135710000 0.078127570000 -0.328876340000 1.158509270000
-0.092200100000 0.995363760000 -0.027388580000 -0.849080640000
0.325211790000 0.056098810000 0.943975750000 0.107589830000
0.000000000000 0.000000000000 0.000000000000 1.000000000000
4 6 37
0.761011370000 -0.646531140000 -0.053471280000 0.549867420000
0.647810490000 0.761744180000 0.009347490000 0.018335810000
0.034688000000 -0.041752800000 0.998525640000 0.121270250000
0.000000000000 0.000000000000 0.000000000000 1.000000000000
4 7 37
-0.417797840000 0.087403770000 -0.904326020000 1.896621520000
0.897435140000 -0.115447340000 -0.425772330000 0.852896460000
-0.141616140000 -0.989460710000 -0.030205570000 1.979806850000
0.000000000000 0.000000000000 0.000000000000 1.000000000000
4 8 37
-0.380715650000 -0.502124810000 0.776483270000 -1.470624160000
0.782239900000 -0.622683550000 -0.019129690000 -0.633924560000
0.493108850000 0.600113220000 0.629847430000 0.117776120000
0.000000000000 0.000000000000 0.000000000000 1.000000000000
4 9 37
-0.317566680000 -0.931947670000 0.174999850000 0.112210440000
0.467018280000 0.006898510000 0.884220750000 -1.993006360000
-0.825254700000 0.362527180000 0.433045860000 0.728858790000
0.000000000000 0.000000000000 0.000000000000 1.000000000000
4 10 37
0.217460810000 0.797949480000 0.562127590000 -0.777961570000
-0.071871240000 0.587436600000 -0.806072430000 2.375590060000
-0.973419400000 0.134888350000 0.185094050000 0.996725640000
0.000000000000 0.000000000000 0.000000000000 1.000000000000
4 11 37
-0.902355250000 0.294524530000 -0.314659020000 0.718093040000
-0.427522190000 -0.704138030000 0.566934220000 -0.663845080000
-0.054587350000 0.646099790000 0.761298420000 1.177094010000
0.000000000000 0.000000000000 0.000000000000 1.000000000000
4 12 37
-0.494719100000 -0.638680490000 -0.589355790000 0.796638590000
-0.851143280000 0.493051620000 0.180153290000 0.060262210000
0.175522440000 0.590751500000 -0.787530660000 3.902785940000
0.000000000000 0.000000000000 0.000000000000 1.000000000000
4 13 37
0.690444240000 0.474490440000 -0.546027090000 1.300871840000
-0.696561810000 0.232446230000 -0.678800710000 1.100890990000
-0.195162510000 0.849015650000 0.491003070000 0.498280900000
0.000000000000 0.000000000000 0.000000000000 1.000000000000
4 15 37
-0.498722100000 0.670690380000 0.549045250000 -0.170074820000
-0.776382440000 -0.064034490000 -0.627000710000 1.436706070000
-0.385365510000 -0.738968200000 0.552647640000 0.632933920000
0.000000000000 0.000000000000 0.000000000000 1.000000000000
4 16 37
0.518711070000 0.343765080000 0.782792690000 -2.503028370000
-0.064638440000 0.928749130000 -0.365030030000 1.077596220000
-0.852502610000 0.138746620000 0.503972890000 1.836392720000
0.000000000000 0.000000000000 0.000000000000 1.000000000000
4 17 37
-0.862064900000 -0.283407700000 -0.420147810000 0.568356840000
0.247033220000 0.488884830000 -0.836639830000 2.114202470000
0.442514060000 -0.825028300000 -0.351439340000 2.440022410000
0.000000000000 0.000000000000 0.000000000000 1.000000000000
4 18 37
-0.949916610000 -0.010009810000 0.312343140000 -0.330652520000
-0.084525290000 -0.954002410000 -0.287636710000 1.034201410000
0.300855300000 -0.299631780000 0.905376650000 0.175288180000
0.000000000000 0.000000000000 0.000000000000 1.000000000000
4 19 37
0.807432556000 0.550507209000 -0.212119025000 -0.000087474778
-0.478939216000 0.821597129000 0.309185032000 -0.660711196000
0.344484971000 -0.148053941000 0.927043761000 0.520416566000
0.000000000000 0.000000000000 0.000000000000 1.000000000000
4 20 37
-0.135104710000 -0.990429840000 -0.028203600000 0.396760510000
0.879116180000 -0.106692890000 -0.464511970000 0.467855370000
0.457057400000 -0.087552000000 0.885117610000 0.897028840000
0.000000000000 0.000000000000 0.000000000000 1.000000000000
4 21 37
0.559943170000 -0.753821470000 -0.343826760000 -0.048466950000
0.150212230000 0.500469900000 -0.852623110000 1.634093720000
0.814800540000 0.425773510000 0.393467910000 1.550748580000
0.000000000000 0.000000000000 0.000000000000 1.000000000000
4 22 37
-0.800944230000 -0.596119600000 0.055944290000 -0.349099530000
0.595637660000 -0.802807550000 -0.026754630000 0.393596410000
0.060861450000 0.011893560000 0.998075360000 0.051445230000
0.000000000000 0.000000000000 0.000000000000 1.000000000000
4 23 37
0.902767050000 -0.355422380000 0.242253130000 -0.383927690000
-0.394763600000 -0.908281260000 0.138516600000 0.545068200000
0.170802070000 -0.220680940000 -0.960274220000 4.370273630000
0.000000000000 0.000000000000 0.000000000000 1.000000000000
4 24 37
-0.991232170000 0.132003860000 -0.005810920000 0.199425320000
0.079611690000 0.561557820000 -0.823598680000 1.530823000000
-0.105455030000 -0.816840130000 -0.567143230000 3.082047930000
0.000000000000 0.000000000000 0.000000000000 1.000000000000
4 25 37
-0.853642290000 -0.135247810000 0.502993900000 -0.394246290000
0.101425430000 0.904050490000 0.415217530000 0.039931480000
-0.510889140000 0.405463620000 -0.758018170000 3.217685870000
0.000000000000 0.000000000000 0.000000000000 1.000000000000
4 26 37
0.965068930000 -0.223289500000 0.137053880000 0.477401450000
0.222077470000 0.974726930000 0.024269440000 -0.114615690000
-0.139009220000 0.007014900000 0.990266240000 1.443284590000
0.000000000000 0.000000000000 0.000000000000 1.000000000000
4 27 37
-0.710649790000 -0.696778590000 -0.097347210000 0.731104010000
-0.520413700000 0.427500310000 0.739197580000 -1.648989450000
-0.473441080000 0.575971430000 -0.666416130000 2.764012430000
0.000000000000 0.000000000000 0.000000000000 1.000000000000
4 28 37
-0.253581990000 0.752370720000 0.607975720000 -0.973253120000
-0.806319320000 -0.511615180000 0.296814860000 -0.289598270000
0.534364420000 -0.414955670000 0.736387440000 1.466045470000
0.000000000000 0.000000000000 0.000000000000 1.000000000000
4 29 37
0.989260360000 0.101366600000 0.105303160000 0.331042860000
-0.136552530000 0.897890090000 0.418505430000 -0.084700370000
-0.052128190000 -0.428390240000 0.902088940000 1.065855470000
0.000000000000 0.000000000000 0.000000000000 1.000000000000
4 30 37
-0.932295470000 -0.309367960000 0.187394290000 -0.835687410000
0.296336350000 -0.950378510000 -0.094686040000 0.724996240000
0.207388340000 -0.032743620000 0.977710560000 0.913329870000
0.000000000000 0.000000000000 0.000000000000 1.000000000000
4 31 37
-0.206030700000 -0.509207390000 0.835619040000 -0.868219410000
-0.268372900000 0.850600570000 0.452166630000 0.086096970000
-0.941024620000 -0.131097300000 -0.311907290000 1.657404550000
0.000000000000 0.000000000000 0.000000000000 1.000000000000
4 32 37
0.903999860000 -0.423810680000 0.056291810000 0.351362800000
0.386668080000 0.866650710000 0.315284530000 -0.302549080000
-0.182406290000 -0.263250930000 0.947326180000 0.979945070000
0.000000000000 0.000000000000 0.000000000000 1.000000000000
4 33 37
-0.896557270000 0.426819560000 0.118364390000 -0.537585580000
-0.436371900000 -0.896971820000 -0.070859790000 0.796943600000
0.075925170000 -0.115180750000 0.990438670000 0.922477610000
0.000000000000 0.000000000000 0.000000000000 1.000000000000
4 34 37
-0.216430870000 -0.974017350000 -0.066692380000 0.020696150000
0.964689000000 -0.202854630000 -0.168003390000 0.412793440000
0.150109360000 -0.100698530000 0.983527830000 0.798505260000
0.000000000000 0.000000000000 0.000000000000 1.000000000000
4 35 37
-0.103021470000 -0.973595700000 -0.203710570000 0.537257540000
0.809131770000 0.037088570000 -0.586455650000 1.812470640000
0.578526030000 -0.225246220000 0.783946290000 1.099575600000
0.000000000000 0.000000000000 0.000000000000 1.000000000000
4 36 37
-0.092477970000 -0.688244480000 0.719560540000 -1.222701550000
0.825410010000 -0.457173850000 -0.331195390000 1.471605980000
0.556907660000 0.563304190000 0.610362390000 0.820032100000
0.000000000000 0.000000000000 0.000000000000 1.000000000000
5 7 37
0.548849440000 0.045150340000 -0.834700990000 1.608355610000
0.103244730000 -0.994556180000 0.014090390000 -0.011386290000
-0.829520840000 -0.093911980000 -0.550523140000 3.292767040000
0.000000000000 0.000000000000 0.000000000000 1.000000000000
5 8 37
-0.522479850000 -0.807737080000 -0.273085350000 0.910011790000
-0.310734480000 0.478631030000 -0.821192070000 1.984409260000
0.794014410000 -0.344199280000 -0.501066830000 2.752161160000
0.000000000000 0.000000000000 0.000000000000 1.000000000000
5 9 37
-0.980328410000 -0.184306510000 -0.070620980000 0.543110190000
0.182964940000 -0.982799670000 0.025072550000 0.143313360000
-0.074027310000 0.011658170000 0.997188070000 -0.568730190000
0.000000000000 0.000000000000 0.000000000000 1.000000000000
5 10 37
-0.524083440000 0.178671040000 0.832714360000 -1.484540310000
0.809992540000 0.406675250000 0.422524940000 -0.823015640000
-0.263151360000 0.895930740000 -0.357853970000 3.052341040000
0.000000000000 0.000000000000 0.000000000000 1.000000000000
5 11 37
0.963984410000 -0.247065420000 -0.098451730000 -0.455812690000
0.228619210000 0.958924830000 -0.167917930000 0.754789770000
0.135894520000 0.139362310000 0.980872480000 0.289800180000
0.000000000000 0.000000000000 0.000000000000 1.000000000000
5 12 37
0.689243140000 -0.431018430000 -0.582380470000 1.356889970000
-0.724225500000 -0.386547810000 -0.571032590000 1.122802790000
0.021007680000 0.815355080000 -0.578579970000 3.651061400000
0.000000000000 0.000000000000 0.000000000000 1.000000000000
5 13 37
-0.041995760000 0.970362030000 -0.237978740000 0.485340650000
-0.996735780000 -0.057127540000 -0.057045900000 -0.163806210000
-0.068950320000 0.234806240000 0.969593670000 0.064097400000
0.000000000000 0.000000000000 0.000000000000 1.000000000000
5 14 37
0.571540870000 -0.812060880000 0.117890410000 0.298813350000
-0.676490840000 -0.384982300000 0.627812690000 -1.213997510000
-0.464436410000 -0.438572400000 -0.769384870000 3.424241230000
0.000000000000 0.000000000000 0.000000000000 1.000000000000
5 15 37
-0.791706990000 0.244419330000 -0.559874300000 2.054981720000
0.473314080000 -0.334003490000 -0.815116830000 1.429361630000
-0.386230280000 -0.910330080000 0.148745790000 1.639661450000
0.000000000000 0.000000000000 0.000000000000 1.000000000000
5 16 37
-0.321722220000 0.147460560000 -0.935280810000 2.728938980000
0.946757340000 0.062679090000 -0.315787700000 0.189726170000
0.012056320000 -0.987079890000 -0.159774630000 2.276709990000
0.000000000000 0.000000000000 0.000000000000 1.000000000000
5 17 37
0.983139740000 0.150585670000 -0.103731450000 0.182017700000
-0.127004750000 0.970466530000 0.205096350000 0.118994620000
0.131552470000 -0.188463980000 0.973229300000 -0.417680850000
0.000000000000 0.000000000000 0.000000000000 1.000000000000
5 18 37
-0.074449720200 -0.985566955000 0.152036235000 -0.000200102004
0.997119524000 -0.071356684400 0.025707552200 -0.003956066480
-0.014487712300 0.153512218000 0.988040538000 -0.442265501000
0.000000000000 0.000000000000 0.000000000000 1.000000000000
5 19 37
0.915463950000 0.290345130000 0.278613470000 -0.795730860000
-0.362658230000 0.295277360000 0.883906270000 -1.717219920000
0.174369630000 -0.910225790000 0.375611830000 1.541914650000
0.000000000000 0.000000000000 0.000000000000 1.000000000000
5 20 37
-0.577675970000 0.099259860000 0.810208580000 -0.638222690000
-0.449783260000 -0.867003490000 -0.214476050000 0.671487000000
0.681164800000 -0.488315920000 0.545492510000 0.841966370000
0.000000000000 0.000000000000 0.000000000000 1.000000000000
5 21 37
0.699569200000 -0.714123130000 0.025121500000 0.004203310000
0.672903540000 0.670203720000 0.313093930000 -0.262830590000
-0.240424140000 -0.202126520000 0.949389860000 -0.378464860000
0.000000000000 0.000000000000 0.000000000000 1.000000000000
5 22 37
-0.952813020000 -0.302028960000 0.030427930000 0.179235580000
0.303396620000 -0.950777060000 0.063035550000 -0.544298750000
0.009891610000 0.069292820000 0.997547320000 -0.297066730000
0.000000000000 0.000000000000 0.000000000000 1.000000000000
5 23 37
0.309345860000 -0.948779730000 0.064204040000 0.125012360000
0.901002270000 0.270835840000 -0.338884730000 0.307875740000
0.304138210000 0.162680570000 0.938634640000 0.644895500000
0.000000000000 0.000000000000 0.000000000000 1.000000000000
5 24 37
-0.827585770000 0.453510090000 -0.330802650000 1.224069910000
0.293810050000 0.852097730000 0.433134070000 -0.370953260000
0.478306860000 0.261262450000 -0.838429770000 2.935128490000
0.000000000000 0.000000000000 0.000000000000 1.000000000000
5 25 37
-0.888649500000 -0.457427380000 -0.032592300000 0.627423110000
-0.457412290000 0.889215490000 -0.008355090000 0.110273510000
0.032803420000 0.007483370000 -0.999433810000 2.692654450000
0.000000000000 0.000000000000 0.000000000000 1.000000000000
5 26 37
-0.050654920000 -0.984926100000 -0.165392440000 -0.776591020000
0.996717410000 -0.039383350000 -0.070734470000 0.428129790000
0.063154510000 -0.168432580000 0.983687950000 1.747574400000
0.000000000000 0.000000000000 0.000000000000 1.000000000000
5 27 37
0.577090510000 -0.189838170000 -0.794309770000 2.024742020000
0.167286950000 0.979462880000 -0.112550200000 -0.085644620000
0.799363260000 -0.067926010000 0.596996180000 1.292109000000
0.000000000000 0.000000000000 0.000000000000 1.000000000000
5 28 37
-0.206633770000 0.978331810000 -0.013013480000 0.664321080000
0.976062380000 0.205195520000 -0.072090420000 1.023494490000
-0.067858040000 -0.027598280000 -0.997313200000 2.895398770000
0.000000000000 0.000000000000 0.000000000000 1.000000000000
5 29 37
0.516650110000 0.842217740000 -0.154084220000 0.741938340000
0.423075950000 -0.407584090000 -0.809247770000 0.925605680000
-0.744365100000 0.352908620000 -0.566900430000 2.663959330000
0.000000000000 0.000000000000 0.000000000000 1.000000000000
5 30 37
-0.678529240000 -0.710562990000 0.186274820000 0.562606240000
-0.725966200000 0.609954710000 -0.317692190000 0.301017610000
0.112121110000 -0.350792660000 -0.929716820000 3.124484580000
0.000000000000 0.000000000000 0.000000000000 1.000000000000
5 31 37
-0.619226020000 -0.355556150000 0.700099250000 -1.186347260000
0.269364490000 0.741312060000 0.614735070000 -0.429437650000
-0.737564850000 0.569241830000 -0.363265520000 2.333283010000
0.000000000000 0.000000000000 0.000000000000 1.000000000000
5 32 37
-0.180051120000 -0.565715510000 -0.804703400000 1.694505520000
-0.956048880000 0.293101940000 0.007860490000 0.034469120000
0.231413320000 0.770751070000 -0.593625010000 2.470403470000
0.000000000000 0.000000000000 0.000000000000 1.000000000000
5 33 37
0.248942440000 0.826787770000 -0.504430010000 0.534247800000
0.452813290000 -0.559754780000 -0.693999070000 1.461856890000
-0.856147060000 -0.055646790000 -0.513727210000 2.732650500000
0.000000000000 0.000000000000 0.000000000000 1.000000000000
5 34 37
-0.210744220000 0.641416260000 0.737680180000 -0.946569150000
-0.823641250000 -0.522949770000 0.219405170000 -0.537434510000
0.526499730000 -0.561345460000 0.638505530000 1.303910950000
0.000000000000 0.000000000000 0.000000000000 1.000000000000
5 35 37
-0.229979270000 0.107945100000 -0.967190460000 2.013707300000
-0.891847550000 -0.421144430000 0.165061560000 0.107337230000
-0.389509290000 0.900547180000 0.193125060000 1.636716830000
0.000000000000 0.000000000000 0.000000000000 1.000000000000
5 36 37
0.711674700000 -0.343860940000 -0.612600010000 1.852882960000
0.696560030000 0.232152250000 0.678903130000 -0.695478270000
-0.091231800000 -0.909870860000 0.404736680000 1.354627360000
0.000000000000 0.000000000000 0.000000000000 1.000000000000
6 8 37
-0.829482360000 0.397241450000 -0.392629910000 1.398849710000
-0.550554100000 -0.463123180000 0.694555320000 -1.506013710000
0.094070150000 0.792285400000 0.602855420000 0.133339640000
0.000000000000 0.000000000000 0.000000000000 1.000000000000
6 9 37
-0.219153940000 0.971288510000 -0.092575300000 -0.237606030000
-0.975090510000 -0.214704740000 0.055680950000 -0.082624240000
0.034205910000 0.102471990000 0.994147600000 -0.643583640000
0.000000000000 0.000000000000 0.000000000000 1.000000000000
6 10 37
-0.537972830000 -0.629735680000 0.560373270000 -1.743852110000
-0.535044540000 -0.258604250000 -0.804270590000 1.754314390000
0.651392800000 -0.732500390000 -0.197814570000 2.599159780000
0.000000000000 0.000000000000 0.000000000000 1.000000000000
6 11 37
-0.514497690000 -0.850682690000 0.107847540000 -0.068596770000
-0.848600490000 0.523184610000 0.078454240000 0.517953040000
-0.123163840000 -0.051154950000 -0.991067020000 3.854439310000
0.000000000000 0.000000000000 0.000000000000 1.000000000000
6 12 37
-0.805464600000 -0.329101720000 0.492867970000 -1.448609880000
-0.130976100000 -0.712227790000 -0.689620790000 1.041870660000
0.577989650000 -0.620019060000 0.530569810000 -0.020249130000
0.000000000000 0.000000000000 0.000000000000 1.000000000000
6 13 37
0.851282280000 0.272282890000 0.448531500000 -0.763607210000
-0.061380530000 0.900628200000 -0.430233970000 1.019727370000
-0.521105460000 0.338719450000 0.783401700000 -0.599520660000
0.000000000000 0.000000000000 0.000000000000 1.000000000000
6 14 37
-0.647834080000 0.699613490000 0.301416620000 -0.626513530000
-0.653658590000 -0.713713280000 0.251681970000 -0.548077690000
0.391205140000 -0.033975400000 0.919676140000 -0.143276970000
0.000000000000 0.000000000000 0.000000000000 1.000000000000
6 15 37
0.662669860000 0.746965020000 -0.053962160000 0.158373740000
0.698337240000 -0.590283810000 0.404833460000 -1.109451750000
0.270543440000 -0.305954720000 -0.912796780000 3.441223190000
0.000000000000 0.000000000000 0.000000000000 1.000000000000
6 16 37
0.116522020000 -0.777819370000 0.617591810000 -1.734922000000
-0.095371780000 0.610191260000 0.786492760000 -1.737645640000
-0.988598420000 -0.150544550000 -0.003081300000 2.128049620000
0.000000000000 0.000000000000 0.000000000000 1.000000000000
6 17 37
0.004965300000 -0.593366930000 0.804916790000 -2.143386290000
0.684616180000 0.588724820000 0.429771770000 -0.625577100000
-0.728886840000 0.548925110000 0.409151800000 1.099732610000
0.000000000000 0.000000000000 0.000000000000 1.000000000000
6 18 37
-0.811103630000 0.554975290000 -0.184697940000 0.549308630000
0.571486000000 0.819195460000 -0.048192860000 0.639601280000
0.124557860000 -0.144641690000 -0.981613020000 3.777707050000
0.000000000000 0.000000000000 0.000000000000 1.000000000000
6 19 37
-0.314579760000 -0.523667560000 0.791714510000 -0.721750290000
0.609258800000 -0.750974810000 -0.254638080000 0.819521510000
0.727903350000 0.402255050000 0.555290550000 0.051043440000
0.000000000000 0.000000000000 0.000000000000 1.000000000000
6 20 37
0.845069300000 -0.326126460000 0.423673710000 -1.208262930000
0.368660040000 0.929349920000 -0.019962720000 -0.056578190000
-0.387230750000 0.173061450000 0.905594880000 0.662546750000
0.000000000000 0.000000000000 0.000000000000 1.000000000000
6 21 37
0.774589540000 0.623471900000 -0.106272480000 0.852506840000
-0.364118960000 0.302212960000 -0.880956700000 2.149775530000
-0.517134830000 0.721075670000 0.461108940000 0.900527140000
0.000000000000 0.000000000000 0.000000000000 1.000000000000
6 22 37
0.802429200000 0.594874890000 -0.047236070000 0.637029700000
0.505244020000 -0.719376700000 -0.476681910000 0.411459200000
-0.317546630000 0.358637740000 -0.877805850000 3.665858800000
0.000000000000 0.000000000000 0.000000000000 1.000000000000
6 23 37
-0.443706830000 0.542455350000 -0.713348750000 0.991556370000
0.864250250000 0.469567810000 -0.180492590000 -0.023609990000
0.237056440000 -0.696597630000 -0.677167620000 3.428290840000
0.000000000000 0.000000000000 0.000000000000 1.000000000000
6 24 37
0.468887410000 -0.671364330000 0.573946460000 -1.401042660000
0.806558090000 0.590310430000 0.031585580000 0.136060120000
-0.360012010000 0.448111080000 0.818283460000 0.411481050000
0.000000000000 0.000000000000 0.000000000000 1.000000000000
6 25 37
0.974711970000 0.030084720000 -0.221430550000 0.118847060000
-0.222608550000 0.044053230000 -0.973912080000 0.691970630000
-0.019545140000 0.998576100000 0.049636330000 1.857708230000
0.000000000000 0.000000000000 0.000000000000 1.000000000000
6 26 37
0.931820110000 0.138338920000 0.335519930000 0.526295810000
0.054726260000 0.860367280000 -0.506727910000 0.697175140000
-0.358770560000 0.490541010000 0.794136760000 1.063691240000
0.000000000000 0.000000000000 0.000000000000 1.000000000000
6 27 37
0.652823700000 0.117458860000 0.748347930000 -1.099407750000
-0.420076670000 -0.765951080000 0.486677030000 -0.596835330000
0.630362440000 -0.632077810000 -0.450689290000 3.131749450000
0.000000000000 0.000000000000 0.000000000000 1.000000000000
6 28 37
-0.241381520000 0.703328550000 -0.668628390000 0.484613980000
-0.465128130000 0.520852420000 0.715799260000 -1.416396450000
0.851698760000 0.483778580000 0.201413740000 2.171625580000
0.000000000000 0.000000000000 0.000000000000 1.000000000000
6 29 37
0.238723800000 -0.941090890000 -0.239497150000 -0.137617210000
0.584654160000 -0.057633240000 0.809232920000 -0.571509450000
-0.775364730000 -0.333206160000 0.536454280000 1.090597390000
0.000000000000 0.000000000000 0.000000000000 1.000000000000
6 30 37
0.446816910000 0.894184460000 0.028085730000 -0.284275450000
-0.266906750000 0.103275640000 0.958172700000 -1.117160830000
0.853882570000 -0.435624040000 0.284809170000 1.745303900000
0.000000000000 0.000000000000 0.000000000000 1.000000000000
6 31 37
0.845631890000 0.049299100000 0.531485010000 -0.135994080000
-0.316629030000 0.847946410000 0.425126970000 -0.551095490000
-0.429712430000 -0.527784500000 0.732660050000 0.264015940000
0.000000000000 0.000000000000 0.000000000000 1.000000000000
6 32 37
-0.658741780000 -0.717383020000 0.226761690000 -0.941855430000
0.751158570000 -0.644189270000 0.144156120000 -0.169164670000
0.042662290000 0.265295650000 0.963222790000 1.010846500000
0.000000000000 0.000000000000 0.000000000000 1.000000000000
6 33 37
0.988643070000 0.140366970000 -0.053684210000 -0.140782280000
0.070653170000 -0.749410280000 -0.658325420000 1.252442420000
-0.132638640000 0.647055910000 -0.750816650000 2.523576950000
0.000000000000 0.000000000000 0.000000000000 1.000000000000
6 34 37
-0.713342500000 0.390786540000 0.581745960000 -0.874888930000
0.214953120000 0.912091930000 -0.349118120000 0.667333010000
-0.667036450000 -0.123992690000 -0.734634730000 2.658533560000
0.000000000000 0.000000000000 0.000000000000 1.000000000000
6 35 37
0.221807280000 0.807970010000 0.545880930000 -0.587136140000
-0.943941040000 0.318290590000 -0.087558030000 0.263000270000
-0.244493030000 -0.495858400000 0.833275220000 0.679999770000
0.000000000000 0.000000000000 0.000000000000 1.000000000000
6 36 37
-0.880504810000 -0.462926520000 0.102030940000 -0.027935710000
-0.471130200000 0.830793640000 -0.296341460000 -0.005721250000
0.052417670000 -0.308999940000 -0.949616460000 3.507237090000
0.000000000000 0.000000000000 0.000000000000 1.000000000000
7 9 37
-0.422913060000 0.905896550000 -0.022270920000 0.087535990000
0.905864390000 0.422004090000 -0.036362910000 -0.219245320000
-0.023542620000 -0.035552780000 -0.999090460000 4.271470180000
0.000000000000 0.000000000000 0.000000000000 1.000000000000
7 10 37
-0.688544200000 -0.344788220000 0.637987440000 -1.192939310000
-0.636851100000 0.708293530000 -0.304534000000 0.266834550000
-0.346882640000 -0.615988120000 -0.707270160000 3.106681140000
0.000000000000 0.000000000000 0.000000000000 1.000000000000
7 11 37
-0.962556510000 0.241754960000 -0.122635670000 0.539591160000
0.268132980000 0.915627670000 -0.299550780000 0.926306910000
0.039870720000 -0.321217220000 -0.946165850000 3.283324530000
0.000000000000 0.000000000000 0.000000000000 1.000000000000
7 12 37
0.250963020000 0.967901110000 -0.013601750000 0.808311780000
0.791114030000 -0.196986910000 0.579080950000 -1.167092110000
0.557813720000 -0.156088440000 -0.815156580000 4.037229600000
0.000000000000 0.000000000000 0.000000000000 1.000000000000
7 13 37
0.827124808000 -0.097485672200 -0.553498957000 2.022380950000
0.000186901575 -0.984793782000 0.173727292000 -0.237556445000
-0.562018253000 -0.143797603000 -0.814529148000 3.617689890000
0.000000000000 0.000000000000 0.000000000000 1.000000000000
7 14 37
0.670373720000 -0.568044180000 0.477414800000 -0.100110890000
0.619618200000 0.782527440000 0.061025350000 0.251645280000
-0.408255280000 0.254905110000 0.876556340000 -0.060787290000
0.000000000000 0.000000000000 0.000000000000 1.000000000000
7 15 37
-0.441937970000 0.580824460000 -0.683618150000 1.559556060000
0.750226700000 0.657105060000 0.073299730000 -0.017644560000
0.491783220000 -0.480474650000 -0.726149700000 3.070339430000
0.000000000000 0.000000000000 0.000000000000 1.000000000000
7 16 37
0.530094950000 0.258457850000 0.807588320000 -2.046009280000
-0.216865520000 0.962062260000 -0.165546260000 0.286811600000
-0.819736970000 -0.087382830000 0.566034930000 0.753481330000
0.000000000000 0.000000000000 0.000000000000 1.000000000000
7 17 37
0.727275830000 0.485560760000 -0.485077940000 1.887327080000
0.429055110000 -0.873277110000 -0.230865340000 -0.231538770000
-0.535706610000 -0.040222380000 -0.843445660000 3.728325550000
0.000000000000 0.000000000000 0.000000000000 1.000000000000
7 18 37
-0.137749720000 -0.725938140000 -0.673824030000 1.417913120000
-0.917502450000 -0.162753410000 0.362905750000 -0.850439180000
-0.373114280000 0.668225370000 -0.643630790000 3.192123250000
0.000000000000 0.000000000000 0.000000000000 1.000000000000
7 19 37
0.863455030000 0.327778700000 -0.383414320000 0.290792570000
0.419244070000 -0.889003210000 0.184140430000 -0.142687060000
-0.280499250000 -0.319741160000 -0.905033570000 3.394129870000
0.000000000000 0.000000000000 0.000000000000 1.000000000000
7 20 37
-0.539801190000 -0.345747950000 0.767510930000 -0.080693810000
-0.777298950000 0.554725520000 -0.296792770000 0.911492280000
-0.323142410000 -0.756794530000 -0.568191010000 2.767268550000
0.000000000000 0.000000000000 0.000000000000 1.000000000000
7 21 37
0.865115520000 -0.500106310000 -0.038325060000 -0.274887440000
0.227607240000 0.459520160000 -0.858508100000 2.080427470000
0.446956460000 0.733985630000 0.511365840000 1.059811990000
0.000000000000 0.000000000000 0.000000000000 1.000000000000
7 22 37
-0.351169260000 -0.848945430000 -0.394932670000 0.886648900000
-0.879686260000 0.154686150000 0.449693540000 -0.949335890000
-0.320674660000 0.505335390000 -0.801126650000 3.456369680000
0.000000000000 0.000000000000 0.000000000000 1.000000000000
7 23 37
-0.870567220000 0.382740010000 -0.309229370000 0.670600360000
0.332247740000 0.920795940000 0.204319060000 -1.004252410000
0.362938230000 0.075132720000 -0.928779260000 3.113443510000
0.000000000000 0.000000000000 0.000000000000 1.000000000000
7 24 37
0.277743840000 -0.530626460000 0.800808290000 -1.832343750000
-0.140517540000 0.802200080000 0.580284290000 -1.094105950000
-0.950322670000 -0.273698000000 0.148243810000 1.472137520000
0.000000000000 0.000000000000 0.000000000000 1.000000000000
7 25 37
0.606294807000 -0.001069261940 -0.795239249000 2.186556990000
0.656472333000 -0.563725450000 0.501256115000 -1.102601530000
-0.448832578000 -0.825961545000 -0.341081872000 1.794183410000
0.000000000000 0.000000000000 0.000000000000 1.000000000000
7 26 37
0.819096740000 0.325163100000 -0.472598650000 0.592007980000
0.477767900000 -0.842674610000 0.248268670000 -0.121343180000
-0.317519070000 -0.429148520000 -0.845584520000 2.058054210000
0.000000000000 0.000000000000 0.000000000000 1.000000000000
7 27 37
-0.364578770000 -0.085427920000 -0.927245590000 1.689241140000
-0.165493370000 -0.973985520000 0.154803570000 0.276147220000
-0.916348330000 0.209891100000 0.340956690000 0.122424190000
0.000000000000 0.000000000000 0.000000000000 1.000000000000
7 28 37
-0.421470020000 0.888605390000 -0.180951590000 -0.200101980000
0.886196590000 0.445927530000 0.125714950000 -0.013140520000
0.192402280000 -0.107373600000 -0.975424150000 3.133133360000
0.000000000000 0.000000000000 0.000000000000 1.000000000000
7 29 37
0.102055950000 -0.606451710000 -0.788543530000 0.741676660000
-0.939616390000 -0.319062180000 0.123775490000 -0.498070870000
-0.326658280000 0.728296400000 -0.602394160000 2.554296320000
0.000000000000 0.000000000000 0.000000000000 1.000000000000
7 30 37
-0.740645660000 -0.666905920000 -0.081734320000 0.048053940000
-0.610302170000 0.616873480000 0.496989300000 -1.221044300000
-0.281025370000 0.417975610000 -0.863898800000 2.568937210000
0.000000000000 0.000000000000 0.000000000000 1.000000000000
7 31 37
0.885432400000 -0.307708140000 0.348317610000 0.724730520000
-0.259582200000 -0.949070500000 -0.178556090000 -0.099352050000
0.385521130000 0.067682300000 -0.920213330000 3.001040270000
0.000000000000 0.000000000000 0.000000000000 1.000000000000
7 32 37
0.332578340000 -0.624169050000 -0.706968630000 0.527037510000
-0.942147540000 -0.253147900000 -0.219713820000 -0.284982260000
-0.041829060000 0.739140810000 -0.672250840000 2.715116170000
0.000000000000 0.000000000000 0.000000000000 1.000000000000
7 33 37
0.671022140000 0.741422470000 0.004691080000 -0.140988840000
0.710015480000 -0.644394000000 0.283961950000 0.123394120000
0.213558670000 -0.187214020000 -0.958824070000 3.071946150000
0.000000000000 0.000000000000 0.000000000000 1.000000000000
7 34 37
-0.245376090000 0.904136320000 0.349754320000 -0.347029360000
-0.182018530000 0.311399200000 -0.932684190000 1.241960750000
-0.952186870000 -0.292520170000 0.088159640000 1.281815220000
0.000000000000 0.000000000000 0.000000000000 1.000000000000
7 35 37
-0.933277310000 0.279041150000 -0.226118310000 -0.179332090000
-0.008791010000 -0.647140820000 -0.762319800000 0.833234120000
-0.359048990000 -0.709467970000 0.606414900000 0.818072480000
0.000000000000 0.000000000000 0.000000000000 1.000000000000
7 36 37
0.374291050000 -0.249783970000 -0.893036490000 2.450831220000
0.617462200000 -0.651365530000 0.440980020000 -0.207232460000
-0.691842930000 -0.716471160000 -0.089568130000 1.685365160000
0.000000000000 0.000000000000 0.000000000000 1.000000000000
8 10 37
0.447012010000 -0.805358620000 -0.389329880000 0.851138700000
-0.323746490000 0.260075150000 -0.909697270000 1.912754000000
0.833887570000 0.532689780000 -0.144475310000 2.547246400000
0.000000000000 0.000000000000 0.000000000000 1.000000000000
8 11 37
-0.996838820000 0.058751710000 0.053484560000 0.926114430000
-0.012277680000 -0.779007710000 0.626894130000 -1.730866770000
0.078495990000 0.624255740000 0.777266460000 1.188026490000
0.000000000000 0.000000000000 0.000000000000 1.000000000000
8 12 37
-0.867317370000 0.175012920000 -0.465973240000 1.369351370000
-0.385262800000 -0.828789060000 0.405809400000 -1.106477520000
-0.315171630000 0.531487690000 0.786249120000 0.559892940000
0.000000000000 0.000000000000 0.000000000000 1.000000000000
8 13 37
0.516550140000 0.332227480000 0.789177330000 -1.401137120000
-0.560034470000 -0.566105410000 0.604885160000 -1.169304470000
0.647717030000 -0.754420020000 -0.106362980000 3.309164500000
0.000000000000 0.000000000000 0.000000000000 1.000000000000
8 14 37
-0.882204090000 -0.470019650000 0.028239690000 -0.193367680000
0.410879500000 -0.739133830000 0.533722040000 -1.116782110000
-0.229986930000 0.482454870000 0.845188330000 0.323339240000
0.000000000000 0.000000000000 0.000000000000 1.000000000000
8 15 37
-0.739241690000 -0.135656110000 -0.659635620000 1.663841540000
-0.335784140000 -0.774809050000 0.535649090000 -1.277336130000
-0.583755720000 0.617469320000 0.527219980000 1.537293640000
0.000000000000 0.000000000000 0.000000000000 1.000000000000
8 16 37
0.991532370000 -0.129808870000 0.003634180000 0.102802590000
0.120644590000 0.931164400000 0.344060680000 -0.838997900000
-0.048046140000 -0.340708860000 0.938940380000 0.936295740000
0.000000000000 0.000000000000 0.000000000000 1.000000000000
8 17 37
-0.973254930000 0.215574160000 0.079389080000 0.283780260000
-0.157488300000 -0.877693900000 0.452604530000 -1.737961030000
0.167249150000 0.427996740000 0.888170320000 0.414313380000
0.000000000000 0.000000000000 0.000000000000 1.000000000000
8 18 37
-0.021972700000 0.423884610000 0.905449640000 -1.928542270000
0.888151130000 0.424101720000 -0.176989540000 0.072266220000
-0.459025890000 0.800287180000 -0.385792250000 3.315688950000
0.000000000000 0.000000000000 0.000000000000 1.000000000000
8 19 37
0.658294880000 0.481580670000 -0.578556750000 1.081247640000
-0.505375730000 0.852358860000 0.134460950000 -0.672341900000
0.557891770000 0.203873580000 0.804482650000 0.950486030000
0.000000000000 0.000000000000 0.000000000000 1.000000000000
8 20 37
0.940539010000 -0.303309180000 0.152937590000 -0.139113220000
0.269921600000 0.940675960000 0.205599310000 -0.326602710000
-0.206224870000 -0.152093010000 0.966612140000 1.043317670000
0.000000000000 0.000000000000 0.000000000000 1.000000000000
8 21 37
-0.905334030000 0.222507140000 -0.361746980000 1.125027430000
-0.318069260000 -0.919657970000 0.230350110000 -1.245315990000
-0.281428940000 0.323604380000 0.903370330000 0.665187670000
0.000000000000 0.000000000000 0.000000000000 1.000000000000
8 22 37
0.594779000000 0.780863640000 -0.191023330000 1.378526210000
-0.801997510000 0.592675640000 -0.074401460000 -0.532129380000
0.055117480000 0.197452660000 0.978761720000 0.531122290000
0.000000000000 0.000000000000 0.000000000000 1.000000000000
8 23 37
-0.726731660000 -0.329327850000 -0.602830210000 1.789273100000
0.429226750000 -0.902872360000 -0.024205250000 0.092582730000
-0.536307280000 -0.276341570000 0.797502250000 1.359689440000
0.000000000000 0.000000000000 0.000000000000 1.000000000000
8 24 37
-0.334954150000 0.003328950000 -0.942228550000 2.532270740000
-0.321443300000 -0.940406710000 0.110947820000 -0.145833030000
-0.885708710000 0.340035490000 0.316063200000 2.072870340000
0.000000000000 0.000000000000 0.000000000000 1.000000000000
8 25 37
0.181724650000 -0.561943920000 -0.806966660000 1.363077250000
-0.294784240000 0.751758410000 -0.589882650000 0.476504770000
0.938124940000 0.345077270000 -0.029039170000 2.822278450000
0.000000000000 0.000000000000 0.000000000000 1.000000000000
8 26 37
0.972830840000 0.124023690000 -0.195494960000 1.147481690000
-0.160215680000 0.970201660000 -0.181768190000 -0.290883690000
0.167125970000 0.208151060000 0.963712640000 2.078669710000
0.000000000000 0.000000000000 0.000000000000 1.000000000000
8 27 37
0.248598880000 0.746644710000 0.617025350000 -1.336713110000
-0.065271890000 0.648489220000 -0.758420270000 1.004461710000
-0.966404770000 0.148268020000 0.209948600000 1.252139470000
0.000000000000 0.000000000000 0.000000000000 1.000000000000
8 28 37
0.039665140000 -0.912483110000 -0.407187000000 1.136594660000
0.809385860000 -0.209620680000 0.548592480000 -0.155594910000
-0.585936180000 -0.351331400000 0.730236290000 1.221522170000
0.000000000000 0.000000000000 0.000000000000 1.000000000000
8 29 37
-0.203900520000 0.211121740000 0.955956160000 -0.867289890000
0.874896730000 0.477459970000 0.081164520000 0.016330210000
-0.439295210000 0.852912410000 -0.282064060000 3.006588300000
0.000000000000 0.000000000000 0.000000000000 1.000000000000
8 30 37
-0.687808230000 0.663562640000 -0.294286360000 0.393474680000
-0.697278260000 -0.716669150000 0.013724200000 -0.589441950000
-0.201799090000 0.214639100000 0.955618740000 0.966257990000
0.000000000000 0.000000000000 0.000000000000 1.000000000000
8 31 37
-0.573914810000 -0.787230180000 0.225589080000 0.104930970000
0.818534330000 -0.543054300000 0.187332810000 0.059197380000
-0.024966920000 0.292165480000 0.956041830000 1.330895490000
0.000000000000 0.000000000000 0.000000000000 1.000000000000
8 32 37
0.918986680000 -0.271650620000 -0.285778630000 1.058801410000
0.357564360000 0.879629710000 0.313686620000 -0.546674460000
0.166166210000 -0.390458080000 0.905500570000 1.457714860000
0.000000000000 0.000000000000 0.000000000000 1.000000000000
8 33 37
0.032164980000 0.748183410000 0.662711850000 -0.955250580000
0.745240470000 0.423883170000 -0.514722940000 0.695349290000
-0.666019570000 0.510435740000 -0.543942360000 2.875974470000
0.000000000000 0.000000000000 0.000000000000 1.000000000000
8 34 37
0.360664930000 0.432638870000 -0.826283500000 1.799974890000
-0.090049500000 0.897922750000 0.430843160000 -0.623212540000
0.928338250000 -0.080983600000 0.362808160000 2.256088600000
0.000000000000 0.000000000000 0.000000000000 1.000000000000
8 35 37
0.884203360000 0.334772170000 -0.325748380000 1.255328900000
0.263859640000 0.217483960000 0.939722740000 -1.071763550000
0.385438060000 -0.916857850000 0.103967180000 2.324076200000
0.000000000000 0.000000000000 0.000000000000 1.000000000000
8 36 37
-0.789353160000 0.609714290000 -0.071903200000 0.043592740000
-0.517381630000 -0.597579340000 0.612548100000 -1.837715590000
0.330511470000 0.520718180000 0.787156120000 0.554511040000
0.000000000000 0.000000000000 0.000000000000 1.000000000000
9 11 37
0.827690810000 0.164506930000 -0.536530890000 0.932119190000
-0.494863480000 0.664826270000 -0.559567830000 1.607620940000
0.264647040000 0.728658700000 0.631679070000 1.700572640000
0.000000000000 0.000000000000 0.000000000000 1.000000000000
9 12 37
-0.978825990000 0.203961940000 -0.017297770000 0.365798070000
-0.204541360000 -0.971332530000 0.121144310000 -0.134667660000
0.007906950000 0.122117300000 0.992484180000 0.342058110000
0.000000000000 0.000000000000 0.000000000000 1.000000000000
9 13 37
-0.988861420000 0.003959880000 -0.148786480000 0.336723060000
-0.038971120000 -0.971659890000 0.233148690000 -0.220556830000
-0.143646620000 0.236350120000 0.960991300000 0.364347550000
0.000000000000 0.000000000000 0.000000000000 1.000000000000
9 14 37
-0.719691300000 0.451833800000 0.527153340000 -0.930163300000
-0.036901360000 0.733298740000 -0.678904440000 1.599587410000
-0.693312860000 -0.508054300000 -0.511075440000 3.882025900000
0.000000000000 0.000000000000 0.000000000000 1.000000000000
9 15 37
-0.434040170000 0.838842410000 0.328561310000 0.010056230000
0.494870990000 -0.082753630000 0.865017080000 -1.796420350000
0.752802650000 0.538047620000 -0.379200380000 3.426922420000
0.000000000000 0.000000000000 0.000000000000 1.000000000000
9 16 37
-0.206271630000 0.547260910000 -0.811145800000 2.254624020000
-0.465111170000 -0.784172290000 -0.410786330000 1.154678780000
-0.860885370000 0.292539410000 0.416289660000 2.066580200000
0.000000000000 0.000000000000 0.000000000000 1.000000000000
9 17 37
-0.633512130000 -0.755845900000 -0.165406640000 -0.011658750000
0.506578070000 -0.566772660000 0.649728720000 -1.423246860000
-0.584842750000 0.327819650000 0.741952320000 0.961224990000
0.000000000000 0.000000000000 0.000000000000 1.000000000000
9 18 37
-0.196303760000 -0.391282290000 -0.899090100000 1.996506600000
0.944084230000 -0.323132460000 -0.065500970000 0.847594080000
-0.264895830000 -0.861674870000 0.432835560000 1.854004790000
0.000000000000 0.000000000000 0.000000000000 1.000000000000
9 19 37
-0.817942170000 0.045128070000 -0.573527740000 0.948554370000
0.120910880000 -0.961167490000 -0.248067760000 1.269207370000
-0.562451030000 -0.272250830000 0.780722950000 1.371214310000
0.000000000000 0.000000000000 0.000000000000 1.000000000000
9 20 37
0.764909960000 -0.639965710000 -0.073189080000 -0.118538470000
0.516330180000 0.677102330000 -0.524342990000 0.999576650000
0.385118030000 0.363285450000 0.848355930000 0.990672170000
0.000000000000 0.000000000000 0.000000000000 1.000000000000
9 21 37
0.426218860000 0.372397290000 -0.824413570000 1.742150050000
-0.711836690000 0.700445690000 -0.051617470000 0.635522370000
0.558234730000 0.608848170000 0.563629220000 1.611947630000
0.000000000000 0.000000000000 0.000000000000 1.000000000000
9 22 37
0.195596040000 0.855595710000 0.479268360000 -0.265054730000
-0.967045010000 0.087049880000 0.239261910000 -0.440871320000
0.162991210000 -0.510272760000 0.844426180000 0.563465310000
0.000000000000 0.000000000000 0.000000000000 1.000000000000
9 23 37
-0.704297110000 0.657837320000 0.266862560000 -0.711602080000
0.701492610000 0.587205820000 0.403853250000 -0.890016250000
0.108966490000 0.471634790000 -0.875035390000 3.984611930000
0.000000000000 0.000000000000 0.000000000000 1.000000000000
9 24 37
0.050064320000 0.994184960000 0.095340610000 -0.339736100000
0.806615750000 -0.096540870000 0.583138830000 -1.158648770000
0.588952110000 0.047708780000 -0.806758500000 3.659184250000
0.000000000000 0.000000000000 0.000000000000 1.000000000000
9 25 37
0.029708490000 -0.996682270000 -0.075775010000 0.515833440000
0.359820100000 -0.060062650000 0.931086450000 -1.255357870000
-0.932548600000 -0.054926550000 0.356841950000 2.130280780000
0.000000000000 0.000000000000 0.000000000000 1.000000000000
9 26 37
-0.396927540000 -0.902783430000 0.165621900000 0.076620290000
0.696376530000 -0.413755750000 -0.586400810000 0.517811450000
0.597919940000 -0.117423430000 0.792908240000 2.407871090000
0.000000000000 0.000000000000 0.000000000000 1.000000000000
9 27 37
0.709478000000 -0.688501300000 0.150355990000 0.240261390000
-0.046415730000 0.167237400000 0.984823450000 -1.701394130000
-0.703197370000 -0.705689460000 0.086693970000 2.327028630000
0.000000000000 0.000000000000 0.000000000000 1.000000000000
9 28 37
-0.760043680000 0.505886240000 -0.407937160000 -0.175871870000
-0.323239750000 -0.838843330000 -0.438015900000 0.910654830000
-0.563781580000 -0.201049710000 0.801080110000 1.217491980000
0.000000000000 0.000000000000 0.000000000000 1.000000000000
9 29 37
-0.874510800000 0.237436410000 0.422912290000 0.107688360000
-0.382731770000 0.197749970000 -0.902447420000 0.748492020000
-0.297904770000 -0.951061990000 -0.082060030000 2.130542100000
0.000000000000 0.000000000000 0.000000000000 1.000000000000
9 30 37
-0.797922540000 0.160150100000 0.581095150000 -1.187958700000
0.155974140000 0.986080820000 -0.057590660000 -0.169375260000
-0.582229930000 0.044682930000 -0.811795380000 3.680692500000
0.000000000000 0.000000000000 0.000000000000 1.000000000000
9 31 37
0.822726880000 0.447327090000 -0.350740580000 1.039212710000
-0.548485830000 0.786752470000 -0.283167530000 0.181879540000
0.149277510000 0.425345780000 0.892634970000 1.601011250000
0.000000000000 0.000000000000 0.000000000000 1.000000000000
9 32 37
0.256888020000 0.883750220000 0.391144600000 -0.011848710000
-0.657008070000 0.456513030000 -0.599946880000 0.457569870000
-0.708765790000 -0.102865990000 0.697903750000 1.433492880000
0.000000000000 0.000000000000 0.000000000000 1.000000000000
9 33 37
0.544709180000 0.318017320000 -0.775987690000 0.689020480000
-0.322880670000 0.933507190000 0.155924370000 -0.486528090000
0.773976730000 0.165617990000 0.611171580000 1.651318370000
0.000000000000 0.000000000000 0.000000000000 1.000000000000
9 34 37
0.936466830000 0.106285130000 -0.334265380000 0.799612300000
-0.181796150000 0.962068090000 -0.203408840000 0.519372600000
0.299966720000 0.251253790000 0.920267080000 1.532707060000
0.000000000000 0.000000000000 0.000000000000 1.000000000000
9 35 37
0.151393120000 0.972141570000 -0.178943820000 0.158118730000
-0.347906620000 0.221851430000 0.910902260000 -1.431624470000
0.925224900000 -0.075648600000 0.371801270000 2.134904480000
0.000000000000 0.000000000000 0.000000000000 1.000000000000
9 36 37
0.796559300000 -0.588685340000 0.137633060000 0.313104040000
-0.099935340000 -0.352741810000 -0.930368820000 2.206433910000
0.596243420000 0.727339530000 -0.339810240000 3.224834800000
0.000000000000 0.000000000000 0.000000000000 1.000000000000
10 12 37
0.941518310000 0.240051230000 0.236471320000 -0.543473220000
-0.324664310000 0.834116940000 0.445917050000 -0.951070690000
-0.090201790000 -0.496612860000 0.863272440000 0.007708590000
0.000000000000 0.000000000000 0.000000000000 1.000000000000
10 13 37
0.893579300000 0.447841700000 0.030884370000 0.476054020000
-0.416976640000 0.853539020000 -0.312412580000 0.130953480000
-0.166272390000 0.266287360000 0.949444330000 -0.285957740000
0.000000000000 0.000000000000 0.000000000000 1.000000000000
10 14 37
0.917020140000 0.237501090000 -0.320417370000 1.059232790000
-0.232886190000 0.971044920000 0.053252100000 -0.497321520000
0.323787090000 0.025787530000 0.945778480000 0.553797690000
0.000000000000 0.000000000000 0.000000000000 1.000000000000
10 15 37
0.934101450000 -0.231378270000 0.271879730000 -0.800015160000
0.187314190000 0.965946980000 0.178493210000 -0.456862960000
-0.303920850000 -0.115803840000 0.945632900000 0.959613120000
0.000000000000 0.000000000000 0.000000000000 1.000000000000
10 16 37
-0.872479600000 0.352962880000 -0.337929790000 0.717622260000
-0.160924880000 0.445435510000 0.880732870000 -1.770607560000
0.461391940000 0.822802780000 -0.331832890000 2.723560780000
0.000000000000 0.000000000000 0.000000000000 1.000000000000
10 17 37
0.204509120000 0.977987690000 -0.041425940000 0.650989790000
-0.913649780000 0.205901780000 0.350497560000 -0.999105710000
0.351311980000 -0.033831140000 0.935647020000 0.399552870000
0.000000000000 0.000000000000 0.000000000000 1.000000000000
10 18 37
-0.877541110000 -0.478014350000 0.037734330000 -0.195278650000
0.385166090000 -0.655838340000 0.649248140000 -1.533367000000
-0.285602310000 0.584275920000 0.759640030000 1.036090330000
0.000000000000 0.000000000000 0.000000000000 1.000000000000
10 19 37
0.727741050000 -0.621134200000 -0.290835470000 0.207700460000
0.469952850000 0.142747190000 0.871072650000 -1.623205830000
-0.499537070000 -0.770594280000 0.395786780000 2.167395340000
0.000000000000 0.000000000000 0.000000000000 1.000000000000
10 20 37
0.367596010000 0.330162970000 0.869405310000 -2.041849980000
0.861910210000 -0.472043040000 -0.185165220000 -0.654460360000
0.349262030000 0.817415310000 -0.458091970000 3.455737110000
0.000000000000 0.000000000000 0.000000000000 1.000000000000
10 21 37
0.789763620000 -0.563225510000 0.243002990000 -0.621594120000
0.546795570000 0.825940530000 0.137247390000 -0.358896920000
-0.278007250000 0.024479960000 0.960266990000 0.847670670000
0.000000000000 0.000000000000 0.000000000000 1.000000000000
10 22 37
-0.924693260000 -0.294892340000 -0.240792180000 -0.307642200000
0.088490910000 -0.781635610000 0.617426210000 -1.731191940000
-0.370286000000 0.549621940000 0.748868480000 1.438616810000
0.000000000000 0.000000000000 0.000000000000 1.000000000000
10 23 37
-0.154202370000 0.841198490000 -0.518272830000 0.079699510000
-0.982161530000 -0.073373160000 0.173133220000 -0.848789120000
0.107612090000 0.535725190000 0.837507110000 1.099405680000
0.000000000000 0.000000000000 0.000000000000 1.000000000000
10 24 37
-0.827164960000 0.233401160000 0.511196670000 -1.363589610000
-0.133914940000 0.801594440000 -0.582677560000 0.837694870000
-0.545770030000 -0.550427330000 -0.631794930000 3.741630130000
0.000000000000 0.000000000000 0.000000000000 1.000000000000
10 25 37
0.803435110000 0.411839470000 -0.429977060000 1.783426850000
-0.230812090000 0.881143130000 0.412689420000 -0.680537080000
0.548833130000 -0.232325260000 0.802998860000 1.006629940000
0.000000000000 0.000000000000 0.000000000000 1.000000000000
10 26 37
0.914161470000 0.172635450000 -0.366750320000 0.198877420000
-0.208808040000 0.976050380000 -0.061031640000 -0.457818310000
0.347430570000 0.132373190000 0.928315320000 2.387418540000
0.000000000000 0.000000000000 0.000000000000 1.000000000000
10 27 37
-0.495336450000 -0.110797740000 -0.861606440000 1.830109470000
0.350755700000 -0.932897760000 -0.081683610000 0.912223260000
-0.794740360000 -0.342674240000 0.500961200000 1.141341670000
0.000000000000 0.000000000000 0.000000000000 1.000000000000
10 28 37
0.208691720000 0.514962860000 0.831421090000 -1.291049440000
-0.974726810000 0.040222650000 0.219749350000 -1.223216880000
0.079720790000 -0.856268300000 0.510342240000 2.130832340000
0.000000000000 0.000000000000 0.000000000000 1.000000000000
10 29 37
-0.765641490000 -0.624110760000 -0.155816810000 -0.428603500000
0.433632620000 -0.679672170000 0.591615160000 -0.611082460000
-0.475137730000 0.385397860000 0.791019990000 1.465274910000
0.000000000000 0.000000000000 0.000000000000 1.000000000000
10 30 37
-0.929437560000 -0.143690110000 0.339851410000 -1.133389050000
0.366100070000 -0.473964290000 0.800829940000 -0.829461030000
0.046006090000 0.868741050000 0.493125170000 1.727302440000
0.000000000000 0.000000000000 0.000000000000 1.000000000000
10 31 37
0.998572280000 -0.003382490000 -0.053310030000 0.385190860000
0.037056090000 0.762673040000 0.645721830000 -0.881417370000
0.038473980000 -0.646775390000 0.761709490000 1.524611100000
0.000000000000 0.000000000000 0.000000000000 1.000000000000
10 32 37
-0.892920040000 0.447587350000 -0.048573330000 -0.746310390000
-0.413093950000 -0.771614820000 0.483698210000 -0.738170900000
0.179017300000 0.451969170000 0.873885960000 1.672654600000
0.000000000000 0.000000000000 0.000000000000 1.000000000000
10 33 37
0.815619790000 -0.509493610000 -0.274190840000 0.368814930000
-0.425652190000 -0.207387820000 -0.880801060000 1.618616310000
0.391898670000 0.835108710000 -0.386016680000 2.935638680000
0.000000000000 0.000000000000 0.000000000000 1.000000000000
10 34 37
0.271959160000 -0.567216480000 0.777369720000 -1.776263220000
-0.248291870000 0.739104440000 0.626159540000 -0.736361020000
-0.929725420000 -0.363304400000 0.060170990000 2.319625380000
0.000000000000 0.000000000000 0.000000000000 1.000000000000
10 35 37
-0.511079510000 0.215706670000 0.832026670000 -1.493762110000
0.594168910000 -0.610811090000 0.523328880000 -0.579624820000
0.621096640000 0.761827040000 0.184006830000 2.022379200000
0.000000000000 0.000000000000 0.000000000000 1.000000000000
10 36 37
0.545156240000 0.414650170000 -0.728608210000 1.718476250000
-0.676607970000 -0.295531160000 -0.674435310000 1.286641830000
-0.494981140000 0.860654740000 0.119444950000 1.379237460000
0.000000000000 0.000000000000 0.000000000000 1.000000000000
11 13 37
0.755617780000 -0.091243690000 0.648626520000 -0.555043390000
0.334443970000 0.905184120000 -0.262276460000 0.122683610000
-0.563195350000 0.415109980000 0.714489120000 -0.262951380000
0.000000000000 0.000000000000 0.000000000000 1.000000000000
11 14 37
0.507650720000 -0.710198220000 0.487759390000 -0.073757580000
0.861410520000 0.407739820000 -0.302853370000 0.512960860000
0.016207000000 0.573904810000 0.818761630000 0.034959910000
0.000000000000 0.000000000000 0.000000000000 1.000000000000
11 15 37
-0.853638110000 -0.314225610000 -0.415408520000 1.245056150000
-0.088788530000 -0.698076030000 0.710497330000 -2.264635640000
-0.513243190000 0.643391110000 0.568004670000 1.229805690000
0.000000000000 0.000000000000 0.000000000000 1.000000000000
11 16 37
0.027781470000 -0.712215130000 0.701411290000 -1.287788850000
0.365913890000 0.660226280000 0.655902650000 -1.763271520000
-0.930233960000 0.238434200000 0.278951460000 1.820566660000
0.000000000000 0.000000000000 0.000000000000 1.000000000000
11 17 37
0.183428380000 -0.880570480000 0.436977860000 -1.208166300000
0.878985170000 -0.052117770000 -0.473992420000 0.351376480000
0.440158050000 0.471040720000 0.764448510000 0.391688490000
0.000000000000 0.000000000000 0.000000000000 1.000000000000
11 18 37
-0.244438250000 0.954818330000 0.169032230000 0.149092170000
0.420536170000 0.261461050000 -0.868785040000 2.134352670000
-0.873727230000 -0.141280130000 -0.465446730000 2.670741880000
0.000000000000 0.000000000000 0.000000000000 1.000000000000
11 19 37
-0.760651280000 -0.623546480000 0.180553070000 0.287752170000
0.604351510000 -0.578662030000 0.547639950000 -1.263382490000
-0.236999760000 0.525680550000 0.817001270000 0.361161250000
0.000000000000 0.000000000000 0.000000000000 1.000000000000
11 20 37
-0.923095310000 -0.163504250000 -0.348082470000 1.132551420000
-0.064251280000 0.957966290000 -0.279593220000 0.273942860000
0.379165950000 -0.235726450000 -0.894799550000 3.186810060000
0.000000000000 0.000000000000 0.000000000000 1.000000000000
11 21 37
0.976508160000 0.034082220000 -0.212767970000 0.633921300000
-0.011612410000 0.994300850000 0.105976300000 -0.204218400000
0.215167280000 -0.101015970000 0.971338670000 -0.419844670000
0.000000000000 0.000000000000 0.000000000000 1.000000000000
11 22 37
0.618297680000 0.583922200000 0.526063540000 -0.065184530000
-0.642928820000 -0.009205350000 0.765870610000 -2.090165250000
0.452051460000 -0.811757430000 0.369728760000 0.807667330000
0.000000000000 0.000000000000 0.000000000000 1.000000000000
11 23 37
0.605964970000 0.783161460000 0.139515540000 -0.006021220000
-0.709999640000 0.453363190000 0.538852780000 -1.814311840000
0.358757520000 -0.425581890000 0.830766570000 0.791227370000
0.000000000000 0.000000000000 0.000000000000 1.000000000000
11 24 37
0.178844020000 -0.976092820000 -0.123521790000 0.779477780000
-0.843058370000 -0.087311860000 -0.530687500000 0.669389500000
0.507215340000 0.199046360000 -0.838518420000 2.871020820000
0.000000000000 0.000000000000 0.000000000000 1.000000000000
11 25 37
-0.709140210000 0.538270670000 0.455395270000 0.276901120000
0.344308450000 0.828013580000 -0.442544010000 0.895285090000
-0.615281930000 -0.157029310000 -0.772508860000 1.907369110000
0.000000000000 0.000000000000 0.000000000000 1.000000000000
11 26 37
0.770552980000 0.586267310000 0.250077480000 0.641344460000
-0.610284240000 0.791814050000 0.024159110000 -1.061492630000
-0.183851160000 -0.171234220000 0.967924370000 1.312185330000
0.000000000000 0.000000000000 0.000000000000 1.000000000000
11 27 37
-0.275091720000 -0.433779010000 0.857997860000 -1.182826380000
-0.461236380000 0.842569340000 0.278096950000 -1.853649310000
-0.843555310000 -0.319237660000 -0.431858500000 2.482050420000
0.000000000000 0.000000000000 0.000000000000 1.000000000000
11 28 37
-0.303164070000 -0.296314320000 -0.905698280000 1.661482200000
-0.450045660000 0.882276990000 -0.138008030000 -0.552276020000
0.839970510000 0.365766500000 -0.400829660000 3.262087330000
0.000000000000 0.000000000000 0.000000000000 1.000000000000
11 29 37
-0.389792926000 -0.697264057000 -0.601568208000 0.477809903000
-0.377922329000 0.716813584000 -0.585963308000 0.676022984000
0.839783417000 -0.001058294570 -0.542920521000 3.121074710000
0.000000000000 0.000000000000 0.000000000000 1.000000000000
11 30 37
0.724466320000 -0.221904110000 -0.652615600000 2.519159510000
-0.584397830000 -0.699809460000 -0.410786930000 0.353200640000
-0.365551260000 0.678988430000 -0.636668660000 2.315609050000
0.000000000000 0.000000000000 0.000000000000 1.000000000000
11 31 37
-0.371742480000 0.838049820000 0.399349500000 0.190392890000
-0.650400460000 -0.542067630000 0.532110830000 -1.392271920000
0.662409820000 -0.061928900000 0.746577550000 0.833574710000
0.000000000000 0.000000000000 0.000000000000 1.000000000000
11 32 37
0.823774100000 0.089590890000 0.559794340000 0.028866340000
-0.557870730000 0.303810590000 0.772320770000 -1.620528740000
-0.100878540000 -0.948510730000 0.300251430000 1.606762270000
0.000000000000 0.000000000000 0.000000000000 1.000000000000
11 33 37
-0.970554570000 0.235983010000 -0.048330560000 0.148788800000
0.187716060000 0.615227270000 -0.765674930000 0.878648490000
-0.150951990000 -0.752201720000 -0.641409440000 3.132461200000
0.000000000000 0.000000000000 0.000000000000 1.000000000000
11 34 37
0.552027570000 0.737599440000 0.388860680000 -0.035438060000
0.740666020000 -0.219559390000 -0.634986240000 0.259101630000
-0.382987480000 0.638545800000 -0.667517670000 3.000981730000
0.000000000000 0.000000000000 0.000000000000 1.000000000000
11 35 37
0.495706450000 0.400756390000 0.770499470000 -0.395523090000
-0.866118870000 0.293628230000 0.404500380000 -1.222017680000
-0.064134290000 -0.867857580000 0.492656080000 1.376979430000
0.000000000000 0.000000000000 0.000000000000 1.000000000000
11 36 37
-0.220741200000 -0.600192720000 0.768792570000 -1.441580490000
0.968305470000 -0.229307870000 0.099007200000 0.057935340000
0.116866780000 0.766281020000 0.631787590000 0.332442120000
0.000000000000 0.000000000000 0.000000000000 1.000000000000
12 14 37
0.850085530000 0.239361650000 -0.469106170000 1.552480790000
-0.526531430000 0.367813460000 -0.766471070000 0.593487820000
-0.010920210000 0.898565110000 0.438704330000 1.087415850000
0.000000000000 0.000000000000 0.000000000000 1.000000000000
12 15 37
0.677842950000 -0.031290990000 0.734540540000 -2.194063500000
0.719267100000 0.235137550000 -0.653731720000 0.070160180000
-0.152262150000 0.971458290000 0.181892910000 2.301209450000
0.000000000000 0.000000000000 0.000000000000 1.000000000000
12 16 37
-0.552852630000 -0.833170020000 0.013478910000 -0.136065890000
0.824932060000 -0.544959270000 0.150021650000 -0.869848170000
-0.117648090000 0.094059050000 0.988590830000 0.645531120000
0.000000000000 0.000000000000 0.000000000000 1.000000000000
12 17 37
0.994018440000 0.074096660000 -0.080231100000 -0.242871840000
-0.109171950000 0.654168350000 -0.748428520000 1.430520940000
-0.002971410000 0.752710740000 0.658344680000 1.171152300000
0.000000000000 0.000000000000 0.000000000000 1.000000000000
12 18 37
0.795472800000 -0.605974170000 0.004280220000 -0.867716180000
0.016743510000 0.029038900000 0.999438040000 -1.782860410000
-0.605757930000 -0.794954120000 0.033245790000 1.928409540000
0.000000000000 0.000000000000 0.000000000000 1.000000000000
12 19 37
0.540081340000 0.787650100000 0.296512190000 -0.614673910000
-0.661533650000 0.179504900000 0.728114840000 -0.844965800000
0.520274330000 -0.589394020000 0.618004290000 1.130005790000
0.000000000000 0.000000000000 0.000000000000 1.000000000000
12 20 37
0.299500230000 0.853852990000 -0.425716670000 -0.326856560000
-0.953109950000 0.247472680000 -0.174180080000 0.155691080000
-0.043370940000 0.457921770000 0.887933900000 1.249930200000
0.000000000000 0.000000000000 0.000000000000 1.000000000000
12 21 37
0.103276230000 0.900620680000 -0.422156870000 0.700228060000
-0.975464550000 0.174673520000 0.134007740000 -0.732224790000
0.194429760000 0.397959240000 0.896563160000 0.632616940000
0.000000000000 0.000000000000 0.000000000000 1.000000000000
12 22 37
-0.783470310000 0.378965720000 0.492503050000 -1.047847120000
-0.614444280000 -0.590906120000 -0.522769730000 0.410763880000
0.092911260000 -0.712190240000 0.695810720000 0.634805040000
0.000000000000 0.000000000000 0.000000000000 1.000000000000
12 23 37
0.638466390000 0.408067210000 0.652565570000 -1.440758240000
-0.353104380000 0.908680760000 -0.222747790000 -0.530109770000
-0.683869840000 -0.088206780000 0.724252440000 1.137235190000
0.000000000000 0.000000000000 0.000000000000 1.000000000000
12 24 37
0.730719480000 0.341899870000 0.590892140000 -1.908241570000
0.107619130000 -0.912418760000 0.394854560000 -1.325724540000
0.674141800000 -0.224936620000 -0.703517130000 3.356106210000
0.000000000000 0.000000000000 0.000000000000 1.000000000000
12 25 37
0.192705750000 -0.951302020000 0.240601240000 0.176665010000
-0.522751130000 -0.307033130000 -0.795274740000 -0.530187860000
0.830419020000 0.027479450000 -0.556461260000 2.201399470000
0.000000000000 0.000000000000 0.000000000000 1.000000000000
12 26 37
0.131706100000 -0.106133730000 0.985590750000 -1.817117460000
0.133883690000 -0.983237410000 -0.123771400000 -0.853995420000
0.982206020000 0.148255980000 -0.115288790000 3.171934670000
0.000000000000 0.000000000000 0.000000000000 1.000000000000
12 27 37
-0.266651770000 0.231124720000 0.935669920000 -2.441958920000
-0.004738610000 0.970494350000 -0.241077310000 -0.166166320000
-0.963781290000 -0.068717470000 -0.257688820000 2.405528160000
0.000000000000 0.000000000000 0.000000000000 1.000000000000
12 28 37
0.023282000000 0.413035110000 0.910417460000 -2.056263880000
0.775993650000 -0.581623480000 0.244024570000 -0.496563460000
0.630310880000 0.700796780000 -0.334053980000 3.323344560000
0.000000000000 0.000000000000 0.000000000000 1.000000000000
12 29 37
-0.817542540000 -0.473088730000 0.328346230000 -0.342557420000
0.193892550000 -0.763020400000 -0.616608100000 -0.159788330000
0.542245210000 -0.440439470000 0.715530010000 1.301815170000
0.000000000000 0.000000000000 0.000000000000 1.000000000000
12 30 37
-0.084306870000 0.925722670000 0.368686710000 -1.156260370000
-0.946002920000 -0.190585220000 0.262213160000 -0.969742420000
0.313002910000 -0.326672340000 0.891803990000 1.520938860000
0.000000000000 0.000000000000 0.000000000000 1.000000000000
12 31 37
0.369263820000 -0.929174420000 0.016707110000 -0.811459930000
0.802564940000 0.327908720000 0.498362700000 -0.677440510000
-0.468544280000 -0.170618770000 0.866807640000 1.145066980000
0.000000000000 0.000000000000 0.000000000000 1.000000000000
12 32 37
0.612922260000 0.611078400000 0.500908670000 -0.910696880000
-0.718173980000 0.166501990000 0.675650220000 -0.940426450000
0.329472970000 -0.773860630000 0.540913380000 1.930512660000
0.000000000000 0.000000000000 0.000000000000 1.000000000000
12 33 37
-0.705935710000 -0.691665980000 0.152489140000 -0.329547840000
0.708052070000 -0.694575160000 0.127387620000 0.261314560000
0.017805490000 0.197897720000 0.980060950000 0.973223610000
0.000000000000 0.000000000000 0.000000000000 1.000000000000
12 34 37
-0.540832800000 -0.691774240000 0.478485410000 -0.669220160000
0.055387000000 -0.596914810000 -0.800390520000 0.367476320000
0.839304570000 -0.406375580000 0.361146410000 1.675446340000
0.000000000000 0.000000000000 0.000000000000 1.000000000000
12 35 37
0.248768420000 0.557741180000 0.791857980000 -1.329919930000
-0.897954600000 -0.173624440000 0.404391010000 -1.483780460000
0.363031410000 -0.811652220000 0.457633980000 1.813588520000
0.000000000000 0.000000000000 0.000000000000 1.000000000000
12 36 37
0.917471540000 0.348525190000 -0.191771140000 0.789594380000
-0.239556660000 0.868927240000 0.433102820000 -1.626484240000
0.317582410000 -0.351419460000 0.880707540000 0.582561240000
0.000000000000 0.000000000000 0.000000000000 1.000000000000
13 15 37
0.749691710000 0.203238860000 0.629806570000 -1.638710040000
0.659895350000 -0.301485410000 -0.688218480000 1.895442930000
0.050004750000 0.931558110000 -0.360137490000 3.372845890000
0.000000000000 0.000000000000 0.000000000000 1.000000000000
13 16 37
-0.610832610000 0.716663240000 -0.336566970000 1.359418250000
-0.786726530000 -0.501526700000 0.359906000000 0.032689010000
0.089134080000 0.484628490000 0.870166850000 0.381917620000
0.000000000000 0.000000000000 0.000000000000 1.000000000000
13 17 37
-0.837029000000 0.337863020000 0.430384740000 -0.787172510000
0.170472860000 -0.586399230000 0.791880640000 -1.847535000000
0.519924470000 0.736195980000 0.433236690000 1.445969650000
0.000000000000 0.000000000000 0.000000000000 1.000000000000
13 18 37
0.092119260000 0.750008870000 0.654981480000 -0.853915780000
-0.972592440000 -0.073257000000 0.220674780000 0.007795610000
0.213490020000 -0.657358430000 0.722704570000 0.549884580000
0.000000000000 0.000000000000 0.000000000000 1.000000000000
13 19 37
0.685129260000 0.691182580000 0.229922890000 -0.881026900000
-0.698883660000 0.534767250000 0.474958550000 -0.694694770000
0.205327840000 -0.486097350000 0.849440900000 1.159965320000
0.000000000000 0.000000000000 0.000000000000 1.000000000000
13 20 37
0.932319710000 -0.211491240000 -0.293345210000 0.334989880000
-0.134043710000 0.551284960000 -0.823478710000 1.895801010000
0.335875330000 0.807066510000 0.485624760000 0.967232210000
0.000000000000 0.000000000000 0.000000000000 1.000000000000
13 21 37
0.910806940000 -0.354129420000 -0.212186410000 0.130816600000
0.375036070000 0.494919730000 0.783838250000 -0.827574800000
-0.172564950000 -0.793502880000 0.583587630000 0.323207920000
0.000000000000 0.000000000000 0.000000000000 1.000000000000
13 22 37
-0.151006760000 0.978006570000 -0.143875330000 0.420162440000
-0.546638140000 0.038652360000 0.836476390000 -1.363267320000
0.823640520000 0.204961330000 0.528778920000 1.208645620000
0.000000000000 0.000000000000 0.000000000000 1.000000000000
13 23 37
-0.024112180000 -0.996122080000 0.084613250000 0.036343940000
-0.836262630000 -0.026280390000 -0.547698960000 1.445627530000
0.547798700000 -0.083965120000 -0.832386000000 4.081316980000
0.000000000000 0.000000000000 0.000000000000 1.000000000000
13 24 37
-0.619539700000 0.615375170000 0.487323260000 -0.634237890000
-0.675457410000 -0.101647750000 -0.730359520000 1.724200120000
-0.399909800000 -0.781652820000 0.478634540000 1.211567830000
0.000000000000 0.000000000000 0.000000000000 1.000000000000
13 25 37
0.657981560000 0.710759650000 0.248758900000 0.184572420000
0.198434240000 0.155013550000 -0.967778200000 1.653509170000
-0.726418700000 0.686142490000 -0.039043000000 2.308504410000
0.000000000000 0.000000000000 0.000000000000 1.000000000000
13 26 37
-0.458556730000 -0.887761920000 -0.040056290000 0.145885380000
0.741245090000 -0.406961380000 0.533795980000 0.453193020000
-0.490185110000 0.215084210000 0.844664040000 1.192764170000
0.000000000000 0.000000000000 0.000000000000 1.000000000000
13 27 37
-0.633378156000 0.002130647040 0.773839500000 -1.921316260000
-0.106404290000 0.990258052000 -0.089817130700 -0.456115153000
-0.766492165000 -0.139228051000 -0.626981109000 3.806136550000
0.000000000000 0.000000000000 0.000000000000 1.000000000000
13 28 37
0.835080460000 0.538628020000 0.111894910000 0.627882190000
0.492723290000 -0.822769170000 0.283327800000 -0.131162720000
0.244671980000 -0.181468280000 -0.952473040000 4.018951780000
0.000000000000 0.000000000000 0.000000000000 1.000000000000
13 29 37
0.442837210000 0.821021220000 0.360304540000 -0.288674190000
0.163268450000 0.321295160000 -0.932798390000 1.958099620000
-0.881611380000 0.471904200000 0.008234590000 1.932320680000
0.000000000000 0.000000000000 0.000000000000 1.000000000000
13 30 37
0.749140940000 -0.605844100000 -0.267844690000 0.677007350000
-0.468351150000 -0.198497260000 -0.860956470000 1.751959820000
0.468438960000 0.770423100000 -0.432450210000 2.871639720000
0.000000000000 0.000000000000 0.000000000000 1.000000000000
13 31 37
0.475336740000 -0.564464660000 0.674858970000 -0.474616100000
0.336875140000 0.825370310000 0.453077250000 -0.005082780000
-0.812754650000 0.011978950000 0.582482940000 1.039489660000
0.000000000000 0.000000000000 0.000000000000 1.000000000000
13 32 37
0.632126650000 0.693106560000 0.346437870000 0.252771980000
-0.586216980000 0.135394100000 0.798760340000 -0.509221510000
0.506720390000 -0.708005460000 0.491897060000 1.657354460000
0.000000000000 0.000000000000 0.000000000000 1.000000000000
13 33 37
-0.513834490000 0.113485540000 0.850350020000 -0.749022970000
0.649488490000 -0.596123470000 0.472018550000 0.258858770000
0.560480880000 0.794831960000 0.232601250000 1.267600110000
0.000000000000 0.000000000000 0.000000000000 1.000000000000
13 34 37
-0.471322160000 0.392295380000 0.789911240000 -1.387067080000
0.163886040000 -0.841075980000 0.515492540000 -0.610803170000
0.866600710000 0.372418480000 0.332126010000 1.992367220000
0.000000000000 0.000000000000 0.000000000000 1.000000000000
13 35 37
-0.548153190000 0.200490130000 0.811992480000 -1.969624360000
-0.490925970000 -0.863132930000 -0.118292980000 0.091681270000
0.677140880000 -0.463470870000 0.571554880000 2.010852290000
0.000000000000 0.000000000000 0.000000000000 1.000000000000
13 36 37
0.952361050000 0.035654750000 -0.302881440000 0.691212330000
-0.014833960000 0.997382540000 0.070767420000 -0.591282630000
0.304611850000 -0.062903210000 0.950397180000 0.803370920000
0.000000000000 0.000000000000 0.000000000000 1.000000000000
14 16 37
0.038301080000 -0.253059340000 0.966692300000 -2.762156490000
0.591410310000 0.785517160000 0.182199440000 -0.680537250000
-0.805460660000 0.564733360000 0.179748060000 2.254990200000
0.000000000000 0.000000000000 0.000000000000 1.000000000000
14 17 37
-0.623497640000 0.159208910000 0.765443150000 -2.380962210000
0.781361320000 0.093169960000 0.617084960000 -1.215971810000
0.026929110000 0.982838690000 -0.182490940000 2.791743220000
0.000000000000 0.000000000000 0.000000000000 1.000000000000
14 18 37
0.905556510000 0.380158220000 0.188274080000 -1.483648950000
-0.266558830000 0.164639600000 0.949652670000 -1.662578020000
0.330020890000 -0.910150280000 0.250424990000 1.528106180000
0.000000000000 0.000000000000 0.000000000000 1.000000000000
14 19 37
-0.613931270000 0.625945380000 0.480916590000 -1.702280230000
-0.113251110000 -0.672793270000 0.731111070000 -0.569659260000
0.781193050000 0.394387610000 0.483937840000 0.797608630000
0.000000000000 0.000000000000 0.000000000000 1.000000000000
14 20 37
0.523863560000 0.266495270000 0.809040940000 -1.620618210000
-0.764739040000 -0.271170820000 0.584500290000 -0.588502680000
0.375154850000 -0.924903590000 0.061742830000 2.039999020000
0.000000000000 0.000000000000 0.000000000000 1.000000000000
14 21 37
0.533895650000 0.644049750000 0.547864360000 -1.711993680000
-0.404737190000 -0.374230450000 0.834349670000 -1.915785270000
0.742390220000 -0.667196740000 0.060870880000 1.832070390000
0.000000000000 0.000000000000 0.000000000000 1.000000000000
14 22 37
-0.046979690000 0.981658990000 -0.184766160000 0.435923750000
0.996795050000 0.034081880000 -0.072374400000 0.634443260000
-0.064749800000 -0.187574120000 -0.980113980000 4.076165210000
0.000000000000 0.000000000000 0.000000000000 1.000000000000
14 23 37
0.962021000000 -0.049547430000 0.268441130000 -1.053780310000
-0.160723410000 0.692054030000 0.703725240000 -1.164570270000
-0.220643540000 -0.720143230000 0.657807080000 1.160755010000
0.000000000000 0.000000000000 0.000000000000 1.000000000000
14 24 37
0.642475320000 -0.624101790000 0.444659900000 -1.806728930000
-0.656549860000 -0.747545540000 -0.100587950000 0.760217740000
0.395180640000 -0.227316120000 -0.890033500000 3.357219950000
0.000000000000 0.000000000000 0.000000000000 1.000000000000
14 25 37
0.714197940000 -0.370684540000 -0.593729120000 -0.142086470000
-0.694502060000 -0.269725160000 -0.667019660000 1.023060330000
0.087110190000 0.888730170000 -0.450078330000 2.657889420000
0.000000000000 0.000000000000 0.000000000000 1.000000000000
14 26 37
0.452372270000 -0.879934930000 0.145168330000 -0.777059390000
0.104408180000 0.213910370000 0.971257580000 -0.053220440000
-0.885696490000 -0.424213230000 0.188639530000 1.291167560000
0.000000000000 0.000000000000 0.000000000000 1.000000000000
14 27 37
-0.497779480000 0.853332910000 -0.155043680000 -1.138414290000
0.188333100000 -0.068149030000 -0.979737900000 1.890708700000
-0.846608670000 -0.516893280000 -0.126787640000 2.087853380000
0.000000000000 0.000000000000 0.000000000000 1.000000000000
14 28 37
0.249117920000 -0.153348530000 0.956255450000 -1.450271000000
-0.898016610000 0.333143600000 0.287369980000 -0.998254390000
-0.362638150000 -0.930322290000 -0.054717480000 1.887490360000
0.000000000000 0.000000000000 0.000000000000 1.000000000000
14 29 37
-0.565375920000 0.509678240000 0.648519980000 -1.470554730000
-0.454807910000 -0.848552190000 0.270386650000 -0.534890670000
0.688113240000 -0.142081920000 0.711556670000 1.507052410000
0.000000000000 0.000000000000 0.000000000000 1.000000000000
14 30 37
-0.668689910000 0.359493950000 0.650859360000 -2.289703520000
0.438056070000 -0.516831100000 0.735521920000 -0.294190320000
0.600800030000 0.776948980000 0.188121230000 1.525273220000
0.000000000000 0.000000000000 0.000000000000 1.000000000000
14 31 37
0.617288340000 0.031760440000 -0.786095660000 1.431475490000
-0.759941610000 -0.234479960000 -0.606224290000 0.400211660000
-0.203577630000 0.971601990000 -0.120605660000 2.501769020000
0.000000000000 0.000000000000 0.000000000000 1.000000000000
14 32 37
0.180121360000 0.980977670000 -0.072381690000 -0.077222620000
0.490480080000 -0.153355960000 -0.857852690000 1.336961360000
-0.852634500000 0.119015820000 -0.508772690000 2.586599360000
0.000000000000 0.000000000000 0.000000000000 1.000000000000
14 33 37
0.985126350000 0.042462780000 -0.166502200000 -0.491870330000
-0.139612560000 -0.367088360000 -0.919649100000 2.079439680000
-0.100171870000 0.929216360000 -0.355700090000 2.407163920000
0.000000000000 0.000000000000 0.000000000000 1.000000000000
14 34 37
0.893055780000 0.328841040000 0.307107400000 -0.918712730000
0.344735790000 -0.061442660000 -0.936686730000 1.446439050000
-0.289151540000 0.942384410000 -0.168235000000 2.372558250000
0.000000000000 0.000000000000 0.000000000000 1.000000000000
14 35 37
0.784296970000 -0.175317720000 -0.595098280000 0.917499110000
-0.610550100000 -0.388254310000 -0.690280490000 0.941656330000
-0.110031070000 0.904722220000 -0.411546930000 2.641420760000
0.000000000000 0.000000000000 0.000000000000 1.000000000000
14 36 37
0.560663130000 0.547055710000 -0.621600280000 1.017481980000
-0.630110530000 -0.205174760000 -0.748908560000 1.116135180000
-0.537231390000 0.811562300000 0.229671640000 1.902325070000
0.000000000000 0.000000000000 0.000000000000 1.000000000000
15 17 37
-0.936364420000 0.267417330000 0.227397540000 -0.267959080000
-0.258714140000 -0.963569430000 0.067830300000 -1.223821630000
0.237252320000 0.004682920000 0.971436770000 -0.503354470000
0.000000000000 0.000000000000 0.000000000000 1.000000000000
15 18 37
0.456774910000 -0.865404630000 0.205989100000 -0.303923700000
-0.888416020000 -0.455631130000 0.055832380000 -0.999150090000
0.045537450000 -0.208506850000 -0.976960200000 4.353381960000
0.000000000000 0.000000000000 0.000000000000 1.000000000000
15 19 37
0.704988350000 0.483360680000 -0.518993130000 0.541350010000
-0.218367000000 0.844168940000 0.489586210000 -1.368909460000
0.674764610000 -0.231821600000 0.700679290000 0.645348330000
0.000000000000 0.000000000000 0.000000000000 1.000000000000
15 20 37
0.960025210000 0.275868210000 0.047416620000 -0.264436420000
-0.191816530000 0.524999110000 0.829205860000 -1.230560010000
0.203857850000 -0.805153820000 0.556928460000 1.262025250000
0.000000000000 0.000000000000 0.000000000000 1.000000000000
15 21 37
-0.987434450000 -0.154297650000 0.034138410000 -0.155360400000
0.156507510000 -0.984741370000 0.076090900000 -0.978864390000
0.021876860000 0.080477690000 0.996516300000 -0.111717080000
0.000000000000 0.000000000000 0.000000000000 1.000000000000
15 22 37
-0.948057770000 -0.048392510000 0.314395650000 -0.406060200000
-0.008222180000 0.991758170000 0.127859810000 -0.310167580000
-0.317991910000 0.118633470000 -0.940641930000 4.534883860000
0.000000000000 0.000000000000 0.000000000000 1.000000000000
15 23 37
-0.655866440000 -0.740770220000 0.145253870000 0.310839250000
0.420180540000 -0.198390410000 0.885488320000 -1.511125950000
-0.627126400000 0.641794920000 0.441374840000 0.848710040000
0.000000000000 0.000000000000 0.000000000000 1.000000000000
15 24 37
0.647061590000 -0.558232320000 0.519314910000 -1.080707650000
-0.384562300000 0.349180090000 0.854508690000 -1.675220920000
-0.658348800000 -0.752628690000 0.011265920000 2.243028550000
0.000000000000 0.000000000000 0.000000000000 1.000000000000
15 25 37
0.603107720000 0.760464670000 -0.240737530000 1.569964740000
0.522936950000 -0.149055410000 0.839237410000 -1.793725720000
0.602327170000 -0.632041110000 -0.487571540000 3.326826610000
0.000000000000 0.000000000000 0.000000000000 1.000000000000
15 26 37
0.441488870000 -0.644196470000 -0.624578640000 0.001260940000
0.866402010000 0.487067660000 0.110057530000 0.366870560000
0.233313390000 -0.589725360000 0.773168070000 1.144819180000
0.000000000000 0.000000000000 0.000000000000 1.000000000000
15 27 37
-0.470296580000 0.206797340000 -0.857937060000 1.575155380000
-0.264260910000 0.894549300000 0.360482640000 -1.992968720000
0.842013840000 0.396252970000 -0.366055020000 3.246029890000
0.000000000000 0.000000000000 0.000000000000 1.000000000000
15 28 37
-0.007243510000 0.972665570000 0.232097420000 -0.033502270000
-0.971577630000 0.048073900000 -0.231788280000 -0.854487620000
-0.236610310000 -0.227179620000 0.944671890000 0.756622440000
0.000000000000 0.000000000000 0.000000000000 1.000000000000
15 29 37
0.432449150000 0.900071440000 -0.053470950000 0.427052140000
-0.897254300000 0.435433680000 0.073022080000 -0.322596580000
0.089008140000 0.016398700000 0.995895890000 0.764890490000
0.000000000000 0.000000000000 0.000000000000 1.000000000000
15 30 37
0.212827660000 0.817703420000 0.534850920000 -0.713485780000
0.969368070000 -0.245384820000 -0.010575530000 -0.209079340000
0.122596650000 0.520718160000 -0.844880260000 3.208147780000
0.000000000000 0.000000000000 0.000000000000 1.000000000000
15 31 37
0.998864520000 -0.012924140000 -0.045854470000 0.522447950000
0.014791120000 0.999065480000 0.040612620000 -0.285531370000
0.045286730000 -0.041244750000 0.998122230000 0.546655960000
0.000000000000 0.000000000000 0.000000000000 1.000000000000
15 32 37
0.167057710000 0.796833410000 0.580644670000 -0.202747460000
-0.893238870000 -0.126995200000 0.431273150000 -0.848920360000
0.417391940000 -0.590701900000 0.690547050000 1.201902790000
0.000000000000 0.000000000000 0.000000000000 1.000000000000
15 33 37
-0.010018410000 -0.999777290000 0.018574300000 0.894685520000
0.699916120000 0.006255070000 0.714197660000 -1.011558140000
-0.714154790000 0.020155580000 0.699697570000 0.948495210000
0.000000000000 0.000000000000 0.000000000000 1.000000000000
15 34 37
0.986533140000 0.023302200000 -0.161893100000 0.232470890000
-0.022119940000 0.999713890000 0.009101510000 -0.337365100000
0.162058870000 -0.005397870000 0.986766330000 0.633075920000
0.000000000000 0.000000000000 0.000000000000 1.000000000000
15 35 37
0.551819180000 -0.758726880000 -0.346163430000 0.753598320000
0.802076630000 0.369158550000 0.469462510000 -0.841297260000
-0.228404640000 -0.536708010000 0.812265860000 1.002012950000
0.000000000000 0.000000000000 0.000000000000 1.000000000000
15 36 37
0.029961380000 0.389975560000 -0.920337640000 2.000587720000
-0.544984010000 0.778227290000 0.312017170000 -1.464902610000
0.837910940000 0.492220830000 0.235847210000 1.457792850000
0.000000000000 0.000000000000 0.000000000000 1.000000000000
16 18 37
-0.002304281680 -0.807970304000 0.589218701000 -0.807963923000
-0.855435422000 0.306753207000 0.417292114000 -1.093301290000
-0.517904362000 -0.503076990000 -0.691873264000 3.860912700000
0.000000000000 0.000000000000 0.000000000000 1.000000000000
16 19 37
0.766508800000 -0.572353700000 -0.291334020000 1.394465830000
0.459562330000 0.171932490000 0.871344760000 -1.416121310000
-0.448627610000 -0.801779560000 0.394819970000 1.625437330000
0.000000000000 0.000000000000 0.000000000000 1.000000000000
16 20 37
0.990355690000 -0.096350390000 0.099560110000 -0.241689970000
0.073965350000 0.975305570000 0.208106180000 -0.001647910000
-0.117152640000 -0.198735140000 0.973026000000 0.376125420000
0.000000000000 0.000000000000 0.000000000000 1.000000000000
16 21 37
-0.907045820000 0.034293280000 0.419633000000 -0.537390510000
0.400881870000 0.374986320000 0.835870200000 -1.646121890000
-0.128691910000 0.926395830000 -0.353877330000 3.548256350000
0.000000000000 0.000000000000 0.000000000000 1.000000000000
16 22 37
0.381871140000 -0.504680020000 -0.774256100000 2.277600420000
0.694643370000 0.709317600000 -0.119746120000 0.338957530000
0.609626950000 -0.492104280000 0.621440550000 0.649718320000
0.000000000000 0.000000000000 0.000000000000 1.000000000000
16 23 37
-0.469179480000 -0.293070020000 -0.833054970000 2.157403280000
0.429687790000 -0.899892190000 0.074581780000 0.179345850000
-0.771517350000 -0.322961310000 0.548139560000 0.928144860000
0.000000000000 0.000000000000 0.000000000000 1.000000000000
16 24 37
0.985926380000 -0.049239700000 -0.159764300000 0.570486370000
-0.030538060000 0.886519850000 -0.461681690000 0.922021210000
0.164367290000 0.460063040000 0.872539620000 0.653725890000
0.000000000000 0.000000000000 0.000000000000 1.000000000000
16 25 37
-0.089001060000 -0.047616290000 -0.994892710000 2.051552820000
-0.755592870000 0.654035450000 0.036291170000 -0.509111360000
0.648967050000 0.754963790000 -0.094188380000 3.058796560000
0.000000000000 0.000000000000 0.000000000000 1.000000000000
16 26 37
0.651698690000 0.330180160000 0.682839570000 0.069611940000
0.603633820000 -0.770892960000 -0.203347630000 -0.068860470000
0.459254860000 0.544706440000 -0.701697840000 2.764217690000
0.000000000000 0.000000000000 0.000000000000 1.000000000000
16 27 37
-0.232048160000 -0.085573580000 -0.968932820000 2.142259460000
-0.618962630000 0.781414850000 0.079221870000 -1.007863690000
0.750359190000 0.618116490000 -0.234292730000 2.658730040000
0.000000000000 0.000000000000 0.000000000000 1.000000000000
16 28 37
0.532137470000 -0.846148040000 0.029380360000 1.281653590000
-0.303761930000 -0.158412780000 0.939486070000 -1.170005350000
-0.790290080000 -0.508860380000 -0.341324940000 1.654065880000
0.000000000000 0.000000000000 0.000000000000 1.000000000000
16 29 37
-0.347970790000 -0.898169250000 0.268716060000 -0.623145360000
-0.678277210000 0.439060170000 0.589208100000 -0.653001330000
-0.647191120000 0.022763230000 -0.761987850000 2.585805320000
0.000000000000 0.000000000000 0.000000000000 1.000000000000
16 30 37
0.693346850000 -0.686634510000 -0.218639410000 1.864198010000
-0.574088340000 -0.342950580000 -0.743510240000 1.492502520000
0.435537280000 0.641028820000 -0.631972570000 2.983960120000
0.000000000000 0.000000000000 0.000000000000 1.000000000000
16 31 37
-0.983741420000 0.078262350000 0.161641030000 -0.625532520000
0.179470050000 0.395422090000 0.900795140000 -0.980569140000
0.006581910000 0.915159210000 -0.403038830000 2.878197020000
0.000000000000 0.000000000000 0.000000000000 1.000000000000
16 32 37
0.200021150000 -0.319285660000 -0.926308920000 1.398173680000
0.976806300000 0.138727300000 0.163107880000 0.247694030000
0.076426330000 -0.937449410000 0.339628640000 1.110590370000
0.000000000000 0.000000000000 0.000000000000 1.000000000000
16 33 37
0.468402340000 0.879399890000 -0.085176740000 0.402057610000
-0.883430920000 0.467508190000 -0.031399010000 -0.150691740000
0.012208540000 0.089955130000 0.995870990000 0.411465640000
0.000000000000 0.000000000000 0.000000000000 1.000000000000
16 34 37
0.485356100000 0.324644710000 0.811809870000 -0.649510000000
0.568303150000 0.588465630000 -0.575099750000 1.084330580000
-0.664425300000 0.740482290000 0.101118770000 1.891203530000
0.000000000000 0.000000000000 0.000000000000 1.000000000000
16 35 37
-0.948183810000 0.150679910000 -0.279719560000 1.047851450000
-0.063104140000 -0.952162810000 -0.299004770000 0.416758880000
-0.311392580000 -0.265860010000 0.912333880000 0.608006920000
0.000000000000 0.000000000000 0.000000000000 1.000000000000
16 36 37
-0.194160250000 0.904187520000 0.380455940000 -0.646419580000
-0.544322150000 0.223349310000 -0.808596610000 0.852476330000
-0.816097540000 -0.364087910000 0.448803740000 1.333053560000
0.000000000000 0.000000000000 0.000000000000 1.000000000000
17 19 37
0.923379210000 0.241993910000 -0.298009700000 -0.053402130000
-0.321123850000 0.912286420000 -0.254190810000 -0.692650980000
0.210357570000 0.330412530000 0.920096330000 0.814635950000
0.000000000000 0.000000000000 0.000000000000 1.000000000000
17 20 37
-0.492598190000 -0.204682220000 0.845844080000 -1.531102610000
0.777897050000 0.332186490000 0.533411960000 -1.801009020000
-0.390157920000 0.920737380000 -0.004412770000 2.973030650000
0.000000000000 0.000000000000 0.000000000000 1.000000000000
17 21 37
-0.162201180000 0.793764010000 -0.586199180000 1.520317130000
-0.386421680000 0.495523460000 0.777904100000 -1.609843840000
0.907947720000 0.352697030000 0.226353130000 1.692380750000
0.000000000000 0.000000000000 0.000000000000 1.000000000000
17 22 37
0.523952910000 0.347932950000 -0.777441970000 1.482125810000
0.738256190000 0.269712630000 0.618249860000 -1.418164390000
0.424795420000 -0.897885160000 -0.115546940000 2.051542220000
0.000000000000 0.000000000000 0.000000000000 1.000000000000
17 23 37
0.962214180000 0.266152400000 0.057504580000 -0.269638250000
-0.243764960000 0.747866720000 0.617473890000 -1.739720300000
0.121336400000 -0.608159730000 0.784486590000 1.398456290000
0.000000000000 0.000000000000 0.000000000000 1.000000000000
17 24 37
0.285409690000 -0.925986460000 -0.247164680000 0.324069150000
-0.386744470000 -0.347237490000 0.854315420000 -2.011282950000
-0.876909360000 -0.148240330000 -0.457225090000 3.575839520000
0.000000000000 0.000000000000 0.000000000000 1.000000000000
17 25 37
0.843009580000 0.524672500000 0.118547940000 0.159311580000
-0.537809090000 0.818125180000 0.203549930000 -0.736124870000
0.009809990000 -0.235350700000 0.971861000000 2.017174280000
0.000000000000 0.000000000000 0.000000000000 1.000000000000
17 26 37
0.882872310000 -0.394150190000 0.255307860000 0.112501000000
0.469100250000 0.765593900000 -0.440239640000 -0.354452000000
-0.021941600000 0.508440370000 0.860817610000 2.128306270000
0.000000000000 0.000000000000 0.000000000000 1.000000000000
17 27 37
0.818090860000 -0.501913090000 -0.280732240000 0.941972050000
-0.568543910000 -0.779307140000 -0.263511290000 0.027786620000
-0.086516880000 0.375184790000 -0.922903680000 3.786754150000
0.000000000000 0.000000000000 0.000000000000 1.000000000000
17 28 37
-0.819860520000 -0.472208470000 -0.323802250000 -0.184936630000
0.572460250000 -0.665310540000 -0.479219310000 0.202148940000
0.010862360000 -0.578256910000 0.815782420000 1.505628460000
0.000000000000 0.000000000000 0.000000000000 1.000000000000
17 29 37
-0.819236360000 -0.012161800000 0.573327020000 -0.959303540000
-0.146700370000 -0.962062880000 -0.230030480000 -0.810241930000
0.554374230000 -0.272556620000 0.786372750000 1.684551480000
0.000000000000 0.000000000000 0.000000000000 1.000000000000
17 30 37
-0.695209180000 -0.602486440000 0.392038640000 -0.578111190000
0.688311060000 -0.400806120000 0.604634060000 -0.668744750000
-0.207152340000 0.690191670000 0.693342170000 1.014608670000
0.000000000000 0.000000000000 0.000000000000 1.000000000000
17 31 37
0.617146610000 0.694973890000 0.368973380000 -0.050666830000
-0.779737650000 0.603059920000 0.168309010000 -1.319959660000
-0.105542690000 -0.391573770000 0.914073690000 1.191944770000
0.000000000000 0.000000000000 0.000000000000 1.000000000000
17 32 37
0.640838180000 0.469738690000 0.607183650000 -0.652085230000
-0.693864520000 0.692825200000 0.196329520000 -1.151627420000
-0.328448560000 -0.547118640000 0.769923850000 1.651546900000
0.000000000000 0.000000000000 0.000000000000 1.000000000000
17 33 37
-0.572870120000 0.725751120000 0.380926690000 -0.662810070000
-0.356310760000 -0.639041040000 0.681666480000 -0.857328650000
0.738148000000 0.254778080000 0.624680450000 1.255344490000
0.000000000000 0.000000000000 0.000000000000 1.000000000000
17 34 37
0.871106500000 0.412020380000 -0.267231490000 0.133414710000
-0.371300980000 0.908714370000 0.190719100000 -0.961004960000
0.321417250000 -0.066913340000 0.944570570000 1.322856710000
0.000000000000 0.000000000000 0.000000000000 1.000000000000
17 35 37
0.936077390000 0.078583430000 -0.342904890000 0.448097510000
0.262129860000 0.494269840000 0.828845740000 -1.507602920000
0.234621090000 -0.865749370000 0.442075750000 1.846250710000
0.000000000000 0.000000000000 0.000000000000 1.000000000000
17 36 37
-0.393422110000 -0.724476960000 -0.565996620000 0.983100980000
-0.444933790000 0.688783770000 -0.572372990000 -0.086891520000
0.804520330000 0.026646830000 -0.593327050000 3.464872940000
0.000000000000 0.000000000000 0.000000000000 1.000000000000
18 20 37
-0.211296320000 0.855881110000 0.472039610000 -0.614257070000
-0.956414890000 -0.081457210000 -0.280419820000 0.471088780000
-0.201555000000 -0.510717390000 0.835789050000 1.136148410000
0.000000000000 0.000000000000 0.000000000000 1.000000000000
18 21 37
-0.647956840000 -0.717134110000 0.256652690000 -1.040091970000
0.425460060000 -0.620260450000 -0.658984600000 0.894170230000
0.631771850000 -0.317798110000 0.707013920000 0.544731660000
0.000000000000 0.000000000000 0.000000000000 1.000000000000
18 22 37
0.888138250000 0.216891190000 0.405177320000 -0.390534710000
-0.242863640000 0.969971630000 0.013125600000 -0.080664130000
-0.390163680000 -0.110060180000 0.914143890000 0.057892110000
0.000000000000 0.000000000000 0.000000000000 1.000000000000
18 23 37
0.913548600000 0.328147270000 0.240308810000 -0.369220040000
-0.195027550000 0.871894090000 -0.449182530000 -0.009596350000
-0.356921850000 0.363483240000 0.860515390000 0.392847800000
0.000000000000 0.000000000000 0.000000000000 1.000000000000
18 24 37
0.623358210000 0.054812670000 -0.780012890000 1.007855180000
0.072957270000 -0.997265560000 -0.011774520000 -0.526670620000
-0.778525380000 -0.049567870000 -0.625652660000 2.913038140000
0.000000000000 0.000000000000 0.000000000000 1.000000000000
18 25 37
0.087309610000 0.060401940000 -0.994348350000 1.490424680000
-0.217789590000 -0.972856300000 -0.078219610000 -0.616099460000
-0.972082670000 0.223388040000 -0.071784790000 2.199641380000
0.000000000000 0.000000000000 0.000000000000 1.000000000000
18 26 37
0.511578230000 0.784944810000 0.349498740000 0.189369670000
-0.735660680000 0.610293450000 -0.293845660000 -0.500827310000
-0.443949410000 -0.106787440000 0.889665870000 1.251309520000
0.000000000000 0.000000000000 0.000000000000 1.000000000000
18 27 37
-0.288502130000 0.621812660000 -0.728090330000 1.403954080000
0.231104920000 -0.692718200000 -0.683177880000 1.720932790000
-0.929170080000 -0.365363530000 0.056146710000 1.557886000000
0.000000000000 0.000000000000 0.000000000000 1.000000000000
18 28 37
0.818325980000 -0.552944590000 0.156827520000 0.390761420000
0.463295480000 0.473119990000 -0.749342900000 0.496998280000
0.340146860000 0.685864240000 0.643343110000 1.659195960000
0.000000000000 0.000000000000 0.000000000000 1.000000000000
18 29 37
0.943131750000 0.143882760000 0.299666900000 0.039672140000
-0.216474960000 0.949962800000 0.225187170000 -0.122759830000
-0.252271850000 -0.277251550000 0.927087100000 0.985255270000
0.000000000000 0.000000000000 0.000000000000 1.000000000000
18 30 37
-0.382088610000 -0.867313600000 0.319022590000 -0.001674690000
0.753155670000 -0.492298150000 -0.436347420000 1.077793850000
0.535504280000 0.073550300000 0.841323670000 1.199268590000
0.000000000000 0.000000000000 0.000000000000 1.000000000000
18 31 37
-0.979512880000 -0.149178530000 0.135278560000 -0.487121370000
0.043138490000 -0.811591790000 -0.582630100000 0.201659170000
0.196706870000 -0.564857980000 0.801399940000 1.047826770000
0.000000000000 0.000000000000 0.000000000000 1.000000000000
18 32 37
-0.333541110000 0.814355700000 0.474947490000 -0.471359990000
-0.800579260000 0.021359640000 -0.598846060000 0.122274990000
-0.497818410000 -0.579972890000 0.644831970000 1.134671360000
0.000000000000 0.000000000000 0.000000000000 1.000000000000
18 33 37
0.987285810000 -0.131459840000 0.089359070000 0.142379810000
0.146968440000 0.969101080000 -0.198099430000 -0.692992040000
-0.060555850000 0.208713720000 0.976100190000 0.591792380000
0.000000000000 0.000000000000 0.000000000000 1.000000000000
18 34 37
-0.047320170000 0.720508730000 -0.691829440000 0.941461060000
-0.992630990000 -0.111269530000 -0.047987550000 -0.324984460000
-0.111554980000 0.684460560000 0.720464590000 0.910625330000
0.000000000000 0.000000000000 0.000000000000 1.000000000000
18 35 37
0.749421800000 0.661265540000 -0.033088410000 0.031529890000
-0.645978020000 0.741226680000 0.182470300000 -0.206829530000
0.145187340000 -0.115372830000 0.982654440000 0.872242710000
0.000000000000 0.000000000000 0.000000000000 1.000000000000
18 36 37
-0.318671450000 -0.912181990000 -0.257628670000 0.672886820000
-0.621725210000 -0.004007080000 0.783225190000 -0.786509120000
-0.715476250000 0.409765750000 -0.565849600000 3.498169660000
0.000000000000 0.000000000000 0.000000000000 1.000000000000
19 21 37
0.142599670000 -0.873258320000 -0.465924070000 0.607602630000
0.927936310000 0.281737810000 -0.244045090000 0.805411250000
0.344382840000 -0.397547110000 0.850503830000 -0.525859330000
0.000000000000 0.000000000000 0.000000000000 1.000000000000
19 22 37
-0.356613120000 0.798004140000 0.485815270000 -1.093980670000
-0.813548210000 -0.009599090000 -0.581418240000 1.227597110000
-0.459310780000 -0.602575510000 0.652638000000 0.185267890000
0.000000000000 0.000000000000 0.000000000000 1.000000000000
19 23 37
0.860314450000 -0.006312700000 0.509724630000 -0.409511690000
0.261557330000 0.863732270000 -0.430760170000 0.661674550000
-0.437546350000 0.503911410000 0.744732490000 0.103957010000
0.000000000000 0.000000000000 0.000000000000 1.000000000000
19 24 37
-0.943321800000 0.158056700000 0.291825380000 -0.187191950000
0.132572070000 0.985568350000 -0.105260070000 0.528657390000
-0.304250920000 -0.060606220000 -0.950662010000 3.332322020000
0.000000000000 0.000000000000 0.000000000000 1.000000000000
19 25 37
0.770102460000 0.352936760000 0.531392360000 0.326824270000
-0.541917210000 0.801424460000 0.253070310000 0.415885430000
-0.336553020000 -0.482860730000 0.808441450000 1.020308170000
0.000000000000 0.000000000000 0.000000000000 1.000000000000
19 26 37
0.469431990000 -0.649805920000 -0.597817590000 1.195301040000
-0.817477440000 -0.575735130000 -0.016115230000 -0.330934870000
-0.333712820000 0.496267400000 -0.801470170000 2.371894680000
0.000000000000 0.000000000000 0.000000000000 1.000000000000
19 27 37
0.202766341000 0.977656821000 -0.055434214200 0.080277782900
-0.979160591000 0.203087446000 0.000162657103 -0.051363272800
0.011417015800 0.054246016500 0.998462329000 0.717823290000
0.000000000000 0.000000000000 0.000000000000 1.000000000000
19 28 37
-0.200793010000 0.712794530000 0.672016460000 -1.001129330000
-0.721980400000 0.355987300000 -0.593310490000 0.583569720000
-0.662137800000 -0.604315320000 0.443143920000 0.740110410000
0.000000000000 0.000000000000 0.000000000000 1.000000000000
19 29 37
-0.804517140000 -0.015608820000 0.593724290000 -0.477939220000
-0.351937160000 -0.792721600000 -0.497727530000 0.389020500000
0.478427010000 -0.609383970000 0.632264800000 0.860409530000
0.000000000000 0.000000000000 0.000000000000 1.000000000000
19 30 37
-0.553544580000 -0.254111760000 0.793105040000 -0.773247080000
0.255876500000 -0.958144060000 -0.128402440000 1.051516540000
0.792537450000 0.131860470000 0.595396680000 1.067941550000
0.000000000000 0.000000000000 0.000000000000 1.000000000000
19 31 37
0.994762710000 0.066851320000 0.077317820000 0.682018240000
-0.094679290000 0.887682950000 0.450616040000 0.087911510000
-0.038509430000 -0.455576430000 0.889363330000 0.373285700000
0.000000000000 0.000000000000 0.000000000000 1.000000000000
19 32 37
0.889233840000 -0.060136810000 0.453482900000 0.047849740000
0.023187280000 0.995972510000 0.086608990000 0.440939590000
-0.456864890000 -0.066500610000 0.887046870000 0.608719380000
0.000000000000 0.000000000000 0.000000000000 1.000000000000
19 33 37
-0.897641680000 0.168388790000 0.407289380000 -0.555496560000
-0.363857830000 -0.804610500000 -0.469264780000 1.096141320000
0.248690380000 -0.569427050000 0.783521490000 0.914735380000
0.000000000000 0.000000000000 0.000000000000 1.000000000000
19 34 37
0.589169810000 -0.520369090000 -0.618138290000 0.892165790000
0.555583700000 0.816368630000 -0.157699100000 0.528251620000
0.586690440000 -0.250516010000 0.770088340000 0.588509150000
0.000000000000 0.000000000000 0.000000000000 1.000000000000
19 35 37
0.944887480000 -0.181408750000 -0.272540870000 0.396955810000
0.100747120000 0.953169470000 -0.285163060000 0.509787940000
0.311508710000 0.241989300000 0.918914310000 0.484682590000
0.000000000000 0.000000000000 0.000000000000 1.000000000000
19 36 37
0.812041900000 0.481995140000 0.329042000000 -0.358756950000
-0.533402760000 0.841743780000 0.083360120000 0.041252420000
-0.236789890000 -0.243203820000 0.940628750000 0.387212120000
0.000000000000 0.000000000000 0.000000000000 1.000000000000
20 22 37
0.756759080000 0.492620250000 0.429698720000 0.111663920000
-0.625050100000 0.352848550000 0.696283180000 -1.296723340000
0.191384630000 -0.795501840000 0.574933680000 -0.096526520000
0.000000000000 0.000000000000 0.000000000000 1.000000000000
20 23 37
0.712773420000 -0.689096240000 -0.130768580000 0.331970980000
0.449237900000 0.591701410000 -0.669383860000 0.940283150000
0.538645850000 0.418372820000 0.731317190000 -0.127977710000
0.000000000000 0.000000000000 0.000000000000 1.000000000000
20 24 37
-0.148021910000 0.803945730000 0.575986790000 -0.578889640000
-0.966837870000 -0.240192490000 0.086787650000 -0.179539560000
0.208120260000 -0.544039360000 0.812838930000 0.340320210000
0.000000000000 0.000000000000 0.000000000000 1.000000000000
20 25 37
0.515941330000 0.665964070000 0.538791610000 -0.121941720000
-0.792467290000 0.609893840000 0.005009810000 0.271067500000
-0.325269330000 -0.429559500000 0.842424180000 0.755723830000
0.000000000000 0.000000000000 0.000000000000 1.000000000000
20 26 37
0.397577130000 0.816953500000 0.417755190000 0.072092940000
-0.860746000000 0.489788430000 -0.138649270000 0.160334190000
-0.317881660000 -0.304457330000 0.897918140000 0.705004950000
0.000000000000 0.000000000000 0.000000000000 1.000000000000
20 27 37
-0.024349180000 -0.205634060000 -0.978325990000 2.441535650000
0.317004700000 -0.929700430000 0.187523660000 0.432345420000
-0.948111350000 -0.305567890000 0.087824410000 0.840569120000
0.000000000000 0.000000000000 0.000000000000 1.000000000000
20 28 37
0.728275300000 0.125385590000 0.673716210000 -0.145537370000
0.044793730000 0.972306260000 -0.229377530000 0.426146960000
-0.683819130000 0.197228260000 0.702490150000 -0.028338830000
0.000000000000 0.000000000000 0.000000000000 1.000000000000
20 29 37
-0.957011020000 -0.183356950000 -0.224744580000 0.934773530000
-0.102778700000 0.938938810000 -0.328375480000 0.979393640000
0.271231340000 -0.291160000000 -0.917419980000 2.748641080000
0.000000000000 0.000000000000 0.000000000000 1.000000000000
20 30 37
0.558809760000 -0.692298720000 0.456567770000 0.301203040000
0.489301250000 -0.169264630000 -0.855531280000 1.558348550000
0.669563990000 0.701478410000 0.244155900000 0.761874130000
0.000000000000 0.000000000000 0.000000000000 1.000000000000
20 31 37
0.017805590000 0.812588020000 0.582566450000 -0.443439850000
-0.971612080000 0.151538430000 -0.181675740000 -0.071502940000
-0.235908730000 -0.562793750000 0.792218570000 0.054770590000
0.000000000000 0.000000000000 0.000000000000 1.000000000000
20 32 37
0.009876830000 -0.981477010000 -0.191325160000 0.589897570000
0.311044860000 -0.178826920000 0.933419530000 -1.160822140000
-0.950343910000 -0.068729930000 0.303517140000 1.272071090000
0.000000000000 0.000000000000 0.000000000000 1.000000000000
20 33 37
0.680760970000 -0.726452130000 0.093977690000 0.916052700000
-0.411353100000 -0.485291570000 -0.771544370000 1.503015420000
0.606096640000 0.486579270000 -0.629195900000 2.238582250000
0.000000000000 0.000000000000 0.000000000000 1.000000000000
20 34 37
0.374405170000 0.660153740000 0.651166500000 -0.328912790000
-0.271033590000 -0.593664540000 0.757695990000 -1.036301460000
0.886770300000 -0.460173290000 -0.043347240000 1.599776540000
0.000000000000 0.000000000000 0.000000000000 1.000000000000
20 35 37
0.438294190000 0.894487420000 0.088263570000 0.347531330000
-0.868276860000 0.446734660000 -0.215692920000 0.483964900000
-0.232364990000 0.017899740000 0.972463940000 0.040335570000
0.000000000000 0.000000000000 0.000000000000 1.000000000000
20 36 37
-0.454862310000 0.529056650000 0.716379330000 -1.418445100000
-0.882576630000 -0.375277470000 -0.283240740000 0.528544060000
0.118990620000 -0.761095190000 0.637632610000 0.433425960000
0.000000000000 0.000000000000 0.000000000000 1.000000000000
21 23 37
-0.707056170000 0.698581420000 -0.109797900000 0.374917190000
-0.536245110000 -0.428448830000 0.727236400000 -1.224157880000
0.460991060000 0.573075570000 0.677548260000 0.356123690000
0.000000000000 0.000000000000 0.000000000000 1.000000000000
21 24 37
0.182738040000 0.761791120000 0.621515160000 -0.904467800000
0.032015420000 0.627213660000 -0.778188950000 0.592405010000
-0.982640230000 0.162102790000 0.090226730000 2.071026050000
0.000000000000 0.000000000000 0.000000000000 1.000000000000
21 25 37
0.065707280000 0.673029760000 -0.736690900000 1.830574570000
-0.968351820000 -0.135144050000 -0.209835260000 -1.018510600000
-0.240784760000 0.727163680000 0.642849650000 1.328378410000
0.000000000000 0.000000000000 0.000000000000 1.000000000000
21 26 37
-0.959442340000 -0.222652890000 -0.172904840000 -0.244398870000
0.058523890000 -0.757298650000 0.650441170000 -0.612988540000
-0.275763210000 0.613941730000 0.739614900000 1.421753280000
0.000000000000 0.000000000000 0.000000000000 1.000000000000
21 27 37
0.027683010000 0.020309080000 -0.999410420000 1.837425730000
-0.881269750000 -0.471389780000 -0.033989730000 -0.713710800000
-0.471802160000 0.881691110000 0.004848290000 1.361673040000
0.000000000000 0.000000000000 0.000000000000 1.000000000000
21 28 37
0.993649570000 -0.070983960000 -0.087302990000 0.543146030000
-0.098933300000 -0.920761980000 -0.377371940000 -0.132451800000
-0.053597920000 0.383612630000 -0.921937420000 3.520008210000
0.000000000000 0.000000000000 0.000000000000 1.000000000000
21 29 37
0.011062800000 -0.956785640000 -0.290583640000 0.115952280000
0.721093140000 -0.193692890000 0.665212560000 -0.843878210000
-0.692749810000 -0.216896980000 0.687788770000 1.081953750000
0.000000000000 0.000000000000 0.000000000000 1.000000000000
21 30 37
-0.106379510000 -0.766190550000 0.633747140000 -0.507124940000
0.862768430000 -0.387961440000 -0.324216850000 0.091292420000
0.494281340000 0.512287000000 0.702316160000 0.957349160000
0.000000000000 0.000000000000 0.000000000000 1.000000000000
21 31 37
-0.544798440000 -0.462392260000 -0.699562770000 0.920390600000
0.817820660000 -0.477391830000 -0.321350910000 0.139604390000
-0.185375370000 -0.747188360000 0.638236260000 0.975500810000
0.000000000000 0.000000000000 0.000000000000 1.000000000000
21 32 37
0.375828440000 0.622259670000 0.686691990000 -0.347000400000
-0.874295520000 -0.007538410000 0.485335460000 -0.984267740000
0.307181250000 -0.782774600000 0.541205700000 1.327021530000
0.000000000000 0.000000000000 0.000000000000 1.000000000000
21 33 37
-0.983913450000 -0.117199840000 -0.134827740000 0.099086090000
0.129212410000 -0.988046790000 -0.084069520000 0.092198120000
-0.123363180000 -0.100138550000 0.987296210000 0.697060920000
0.000000000000 0.000000000000 0.000000000000 1.000000000000
21 34 37
0.019035960000 0.630009400000 0.776354160000 -0.763829570000
0.269511900000 -0.750985040000 0.602814070000 -1.513768770000
0.962808900000 0.197761540000 -0.184090750000 2.755299930000
0.000000000000 0.000000000000 0.000000000000 1.000000000000
21 35 37
0.847661950000 -0.171139270000 -0.502175830000 0.357332440000
0.507723390000 0.536261030000 0.674270760000 -1.109674560000
0.153903120000 -0.826520090000 0.541459490000 1.366972080000
0.000000000000 0.000000000000 0.000000000000 1.000000000000
21 36 37
0.325962030000 -0.911350230000 -0.251375260000 1.061837150000
0.916912310000 0.240001360000 0.318859160000 -1.050943490000
-0.230261970000 -0.334425040000 0.913859570000 0.916278950000
0.000000000000 0.000000000000 0.000000000000 1.000000000000
22 24 37
0.899973540000 0.045966160000 -0.433514400000 0.835883690000
0.179910600000 -0.944955090000 0.273298470000 -1.131226850000
-0.397089160000 -0.323955230000 -0.858704380000 3.450674700000
0.000000000000 0.000000000000 0.000000000000 1.000000000000
22 25 37
-0.452101750000 0.386770460000 0.803749110000 -1.122881760000
-0.067902790000 0.883559290000 -0.463370470000 0.762618870000
-0.889378000000 -0.264067410000 -0.373195910000 2.596152150000
0.000000000000 0.000000000000 0.000000000000 1.000000000000
22 26 37
0.623929060000 0.196254020000 0.756436970000 -0.081919470000
-0.777434560000 0.254251110000 0.575284170000 -0.796955970000
-0.079423110000 -0.947016750000 0.311209320000 1.500021230000
0.000000000000 0.000000000000 0.000000000000 1.000000000000
22 27 37
0.090298050000 -0.188976170000 -0.977821180000 1.888573900000
0.164851920000 -0.965451680000 0.201809060000 0.302871450000
-0.982176210000 -0.179418660000 -0.056025320000 1.832323860000
0.000000000000 0.000000000000 0.000000000000 1.000000000000
22 28 37
0.541685860000 -0.819553280000 -0.186839130000 0.363249410000
0.799141960000 0.571027630000 -0.187881800000 -0.084408560000
0.260669450000 -0.047538080000 0.964257000000 0.948713170000
0.000000000000 0.000000000000 0.000000000000 1.000000000000
22 29 37
0.813204630000 -0.373400850000 -0.446396730000 0.527744010000
0.464753060000 0.878336490000 0.111935740000 0.093998710000
0.350289630000 -0.298490910000 0.887806480000 1.228551050000
0.000000000000 0.000000000000 0.000000000000 1.000000000000
22 30 37
0.472265000000 -0.783805990000 -0.403254170000 1.505554600000
0.619948480000 0.620571010000 -0.480161940000 -0.072482550000
0.626601660000 -0.023233130000 0.778993310000 1.394043520000
0.000000000000 0.000000000000 0.000000000000 1.000000000000
22 31 37
0.081063870000 -0.905663480000 -0.416175810000 0.028386630000
0.488284590000 0.400097220000 -0.775564550000 0.476084630000
0.868911280000 -0.140341970000 0.474654950000 1.557795340000
0.000000000000 0.000000000000 0.000000000000 1.000000000000
22 32 37
0.877710000000 0.418160940000 0.234022620000 -0.402534540000
-0.400120810000 0.908269990000 -0.122265960000 -0.185178040000
-0.263682570000 0.013676730000 0.964512540000 0.861052540000
0.000000000000 0.000000000000 0.000000000000 1.000000000000
22 33 37
0.915291000000 0.339496340000 -0.216759380000 -0.050293120000
-0.357517480000 0.932622680000 -0.048950810000 -0.782686360000
0.185536100000 0.122299500000 0.974997020000 0.676939970000
0.000000000000 0.000000000000 0.000000000000 1.000000000000
22 34 37
-0.989813680000 0.140853760000 0.020714510000 -0.251209420000
-0.087736230000 -0.488905020000 -0.867913730000 0.337288010000
-0.112121490000 -0.860890290000 0.496282860000 1.004899990000
0.000000000000 0.000000000000 0.000000000000 1.000000000000
22 35 37
-0.938647470000 0.245203770000 0.242520180000 -1.168078810000
-0.305513580000 -0.917447090000 -0.254857410000 0.145026660000
0.160007440000 -0.313314470000 0.936072470000 0.657847390000
0.000000000000 0.000000000000 0.000000000000 1.000000000000
22 36 37
-0.462996190000 0.348898380000 -0.814803320000 0.888191240000
-0.816493570000 0.189846840000 0.545248960000 -1.961020050000
0.344924310000 0.917729860000 0.196974920000 1.663354590000
0.000000000000 0.000000000000 0.000000000000 1.000000000000
23 25 37
0.410153100000 -0.548578940000 -0.728584650000 0.625770360000
-0.852101120000 -0.515278950000 -0.091713070000 0.747592560000
-0.325112480000 0.658444190000 -0.678787980000 2.609865440000
0.000000000000 0.000000000000 0.000000000000 1.000000000000
23 26 37
-0.775201160000 -0.351349380000 -0.524992160000 0.235988340000
0.243821160000 -0.933074030000 0.264431630000 0.430915070000
-0.582764440000 0.076983510000 0.808986490000 1.021642280000
0.000000000000 0.000000000000 0.000000000000 1.000000000000
23 27 37
0.131293200000 0.658455110000 0.741079590000 -2.261335030000
-0.101267170000 0.752548330000 -0.650704210000 1.427886440000
-0.986157720000 0.010386000000 0.165484360000 0.752261180000
0.000000000000 0.000000000000 0.000000000000 1.000000000000
23 28 37
-0.524317910000 0.678764880000 -0.514168230000 -0.153436280000
-0.373560270000 -0.725966440000 -0.577430040000 0.907161550000
-0.765208110000 -0.110684090000 0.634196800000 0.255731330000
0.000000000000 0.000000000000 0.000000000000 1.000000000000
23 29 37
-0.854500300000 0.503391400000 0.128165300000 -0.126629770000
-0.519423390000 -0.825499010000 -0.220795680000 0.321802500000
-0.005346320000 -0.255242030000 0.966862410000 0.641658730000
0.000000000000 0.000000000000 0.000000000000 1.000000000000
23 30 37
0.062326420000 -0.994173610000 0.087944590000 0.110439120000
0.988635800000 0.049420130000 -0.141975010000 1.102241170000
0.136801570000 0.095793960000 0.985955800000 0.357113290000
0.000000000000 0.000000000000 0.000000000000 1.000000000000
23 31 37
0.785424570000 -0.279717810000 0.552146900000 -0.274247820000
0.032852390000 0.909641730000 0.414092550000 0.035935910000
-0.618084920000 -0.307099120000 0.723644360000 0.296639960000
0.000000000000 0.000000000000 0.000000000000 1.000000000000
23 32 37
-0.597032770000 -0.503194430000 -0.624777750000 0.246737210000
0.599514840000 -0.797357950000 0.069298360000 0.625876260000
-0.533042050000 -0.333190140000 0.777721350000 0.607593480000
0.000000000000 0.000000000000 0.000000000000 1.000000000000
23 33 37
-0.964773620000 0.139063890000 0.223322860000 -0.555290390000
-0.134198970000 -0.990267450000 0.036891960000 0.863014160000
0.226279700000 0.005622690000 0.974046140000 0.389657560000
0.000000000000 0.000000000000 0.000000000000 1.000000000000
23 34 37
0.952481220000 0.093841910000 -0.289781340000 0.361145920000
-0.048495210000 0.985943510000 0.159886230000 0.463858890000
0.300712060000 -0.138235620000 0.943643560000 0.274513270000
0.000000000000 0.000000000000 0.000000000000 1.000000000000
23 35 37
-0.202448930000 -0.946923660000 -0.249699850000 0.232288600000
0.881240960000 -0.064948060000 -0.468183860000 0.736453120000
0.427116850000 -0.314829060000 0.847616570000 0.615807550000
0.000000000000 0.000000000000 0.000000000000 1.000000000000
23 36 37
0.442199190000 -0.627479030000 -0.640882160000 0.928598580000
0.822334040000 0.568910230000 0.010386010000 0.037981020000
0.358087410000 -0.531611900000 0.767569010000 0.747984170000
0.000000000000 0.000000000000 0.000000000000 1.000000000000
24 26 37
0.286498770000 0.646915670000 0.706695530000 -0.394517710000
-0.787913370000 0.578741060000 -0.210359970000 -0.055007020000
-0.545078880000 -0.496546980000 0.675522100000 0.514807150000
0.000000000000 0.000000000000 0.000000000000 1.000000000000
24 27 37
-0.183246230000 -0.584203390000 0.790649870000 -0.749237620000
0.930205770000 -0.363222200000 -0.052790680000 0.507010560000
0.318022080000 0.725793380000 0.609988460000 0.426079860000
0.000000000000 0.000000000000 0.000000000000 1.000000000000
24 28 37
0.949872850000 -0.246340970000 0.192503780000 0.108206950000
0.200166500000 0.952188800000 0.230802660000 0.012942490000
-0.240156090000 -0.180700370000 0.953767490000 0.019940430000
0.000000000000 0.000000000000 0.000000000000 1.000000000000
24 29 37
0.406170730000 0.289990510000 0.866562660000 -0.542477610000
-0.761711800000 0.631307020000 0.145762100000 0.141065580000
-0.504797460000 -0.719275300000 0.477307620000 0.253178550000
0.000000000000 0.000000000000 0.000000000000 1.000000000000
24 30 37
-0.274777590000 -0.958110030000 -0.080761630000 0.446131190000
-0.662995670000 0.249633110000 -0.705776210000 0.821883030000
0.696372040000 -0.140386880000 -0.703816390000 2.663409310000
0.000000000000 0.000000000000 0.000000000000 1.000000000000
24 31 37
0.506548800000 0.240132570000 -0.828097010000 1.443757320000
0.445841380000 -0.895014880000 0.013184680000 0.162237580000
-0.737993070000 -0.375878590000 -0.560429750000 1.869830720000
0.000000000000 0.000000000000 0.000000000000 1.000000000000
24 32 37
0.492788720000 0.251931080000 0.832880550000 -0.816521310000
-0.867653040000 0.069820030000 0.492243200000 -0.742122870000
0.065859620000 -0.965223240000 0.252995280000 0.574727430000
0.000000000000 0.000000000000 0.000000000000 1.000000000000
24 33 37
-0.009820330000 0.956010710000 0.293167340000 -1.293842150000
-0.987339220000 0.037148000000 -0.154211870000 0.219420400000
-0.158318780000 -0.290970020000 0.943542060000 0.299844320000
0.000000000000 0.000000000000 0.000000000000 1.000000000000
24 34 37
0.636758010000 0.766475700000 -0.083989460000 0.235153680000
0.239146960000 -0.299871900000 -0.923518040000 1.211290040000
-0.733040220000 0.567971690000 -0.374246170000 2.175561600000
0.000000000000 0.000000000000 0.000000000000 1.000000000000
24 35 37
-0.961008810000 0.264899220000 -0.079312460000 -0.121863640000
-0.204141550000 -0.873131980000 -0.442681340000 0.674781880000
-0.186516190000 -0.409229700000 0.893164470000 0.379116160000
0.000000000000 0.000000000000 0.000000000000 1.000000000000
24 36 37
0.895212590000 -0.444745950000 -0.028203860000 0.896831890000
-0.425578370000 -0.871974740000 0.241956830000 -0.830805620000
-0.132202370000 -0.204599850000 -0.969877020000 4.251461470000
0.000000000000 0.000000000000 0.000000000000 1.000000000000
25 27 37
-0.724554240000 -0.634922850000 0.268130780000 -0.846854550000
-0.599529450000 0.772521270000 0.209225530000 -1.672996120000
-0.339978810000 -0.009157050000 -0.940388520000 3.711725130000
0.000000000000 0.000000000000 0.000000000000 1.000000000000
25 28 37
-0.480839060000 0.764290950000 -0.429712860000 0.084217330000
-0.072374540000 0.453818150000 0.888150330000 -1.908741360000
0.873816760000 0.458157640000 -0.162898280000 1.807287460000
0.000000000000 0.000000000000 0.000000000000 1.000000000000
25 29 37
0.641553000000 0.720150300000 -0.264184210000 0.416767410000
0.515767890000 -0.659906200000 -0.546358200000 0.891844850000
-0.567796820000 0.214260010000 -0.794795210000 1.878485900000
0.000000000000 0.000000000000 0.000000000000 1.000000000000
25 30 37
0.706007610000 -0.460625310000 -0.537938270000 1.168890680000
-0.301028220000 -0.882731930000 0.360785730000 -0.654522330000
-0.641042330000 -0.092782870000 -0.761876680000 1.815462090000
0.000000000000 0.000000000000 0.000000000000 1.000000000000
25 31 37
0.833866000000 0.529433940000 0.156099950000 0.456735380000
0.499585590000 -0.844170810000 0.194396220000 -0.211151890000
0.234694980000 -0.084115110000 -0.968422900000 2.396572430000
0.000000000000 0.000000000000 0.000000000000 1.000000000000
25 32 37
0.032015820000 0.992247740000 -0.120080880000 0.888276710000
0.850768610000 0.036000150000 0.524305970000 -0.375520150000
0.524564350000 -0.118947130000 -0.843020660000 1.779510330000
0.000000000000 0.000000000000 0.000000000000 1.000000000000
25 33 37
0.916307380000 0.215770860000 0.337377710000 -0.397378970000
-0.148354450000 0.965392890000 -0.214493660000 -0.763024180000
-0.371983530000 0.146490640000 0.916607190000 -0.982960700000
0.000000000000 0.000000000000 0.000000000000 1.000000000000
25 34 37
-0.251081150000 0.752390770000 -0.608988000000 0.782485450000
-0.930008680000 -0.361964260000 -0.063763030000 0.143768500000
-0.268406600000 0.550354430000 0.790612350000 -0.515931760000
0.000000000000 0.000000000000 0.000000000000 1.000000000000
25 35 37
0.992536790000 0.016426560000 0.120834100000 -0.210323870000
-0.032535760000 0.990638190000 0.132579810000 -0.138407770000
-0.117525040000 -0.135521760000 0.983779300000 -0.694804650000
0.000000000000 0.000000000000 0.000000000000 1.000000000000
25 36 37
-0.558559890000 0.822327790000 -0.108571890000 -0.997700280000
0.334966100000 0.343371000000 0.877436080000 -2.469417030000
0.758820510000 0.453732700000 -0.467245200000 3.080391830000
0.000000000000 0.000000000000 0.000000000000 1.000000000000
26 28 37
0.730297860000 -0.587058420000 -0.349324270000 0.335925440000
0.661870020000 0.481486480000 0.574542290000 -0.415487170000
-0.169094980000 -0.650794260000 0.740184920000 -0.557784910000
0.000000000000 0.000000000000 0.000000000000 1.000000000000
26 29 37
0.956555300000 0.168400460000 -0.237998430000 0.042503690000
-0.083435760000 0.940293170000 0.329980660000 0.053528710000
0.279357190000 -0.295787160000 0.913493030000 -0.342704920000
0.000000000000 0.000000000000 0.000000000000 1.000000000000
26 30 37
0.083547440000 0.981046110000 0.174838070000 -1.390816880000
0.992414810000 -0.066036010000 -0.103692270000 0.092722790000
-0.090181290000 0.182175110000 -0.979121830000 2.149810600000
0.000000000000 0.000000000000 0.000000000000 1.000000000000
26 31 37
0.250548370000 0.866059710000 0.432626960000 -0.665416310000
-0.424354780000 0.499909480000 -0.754992400000 0.478128660000
-0.870142830000 0.005574800000 0.492768080000 -0.715393010000
0.000000000000 0.000000000000 0.000000000000 1.000000000000
26 32 37
0.699520290000 0.677390790000 0.227624870000 -0.709746920000
-0.678190690000 0.729682110000 -0.087300640000 -0.356167910000
-0.225230440000 -0.093304500000 0.969827570000 -0.666906360000
0.000000000000 0.000000000000 0.000000000000 1.000000000000
26 33 37
0.940946870000 0.041862660000 -0.335956120000 0.010518650000
-0.029923620000 0.998725730000 0.040638580000 -0.422653220000
0.337229260000 -0.028185720000 0.941000530000 -0.585346270000
0.000000000000 0.000000000000 0.000000000000 1.000000000000
26 34 37
0.625871420000 -0.770626410000 0.120082890000 -0.449180540000
0.617330760000 0.395390530000 -0.680124300000 0.726678820000
0.476642110000 0.499801230000 0.723195020000 -0.524049060000
0.000000000000 0.000000000000 0.000000000000 1.000000000000
26 35 37
0.857806230000 0.282178600000 0.429585510000 -0.747695810000
-0.426510030000 0.857204440000 0.288599620000 -0.366549250000
-0.286805970000 -0.430785090000 0.855667310000 -0.502974510000
0.000000000000 0.000000000000 0.000000000000 1.000000000000
26 36 37
0.649656210000 -0.733986330000 0.198017360000 -0.616546610000
0.687725720000 0.456400820000 -0.564563220000 0.457335710000
0.324006400000 0.502953630000 0.801284900000 -0.412914760000
0.000000000000 0.000000000000 0.000000000000 1.000000000000
27 29 37
0.307570390000 -0.297149880000 0.903937170000 -1.850140850000
0.892017140000 -0.240639930000 -0.382619720000 1.201820960000
0.331218780000 0.924009940000 0.191049070000 3.182989070000
0.000000000000 0.000000000000 0.000000000000 1.000000000000
27 30 37
-0.459424258000 0.141757737000 -0.876831851000 0.464782371000
-0.888215220000 -0.071374574500 0.453849526000 -0.002715896120
0.001753181450 0.987324878000 0.158702591000 1.929621480000
0.000000000000 0.000000000000 0.000000000000 1.000000000000
27 31 37
0.258271400000 0.632945380000 0.729846580000 -1.024944790000
-0.931192750000 -0.038066250000 0.362534160000 -0.582817380000
0.257246840000 -0.773260050000 0.579562730000 0.207634790000
0.000000000000 0.000000000000 0.000000000000 1.000000000000
27 32 37
0.998057210000 0.061549440000 -0.009667790000 0.350791010000
0.043841290000 -0.804046460000 -0.592947920000 1.102788060000
-0.044268960000 0.591372100000 -0.805182770000 2.232791520000
0.000000000000 0.000000000000 0.000000000000 1.000000000000
27 33 37
0.920449530000 0.133345780000 0.367411990000 -0.574970580000
-0.264612990000 0.904419640000 0.334671610000 -0.776791490000
-0.287667570000 -0.405270310000 0.867757650000 -0.081199300000
0.000000000000 0.000000000000 0.000000000000 1.000000000000
27 34 37
-0.092545230000 0.519771780000 -0.849277740000 0.653514690000
0.941526600000 -0.231844980000 -0.244490420000 1.064714500000
-0.323980000000 -0.822244010000 -0.467922810000 2.350248320000
0.000000000000 0.000000000000 0.000000000000 1.000000000000
27 35 37
-0.343466740000 -0.939118500000 0.009330090000 -0.377152700000
0.088478680000 -0.022466120000 0.995824680000 -0.706580300000
-0.934987770000 0.342858170000 0.090808330000 0.783826100000
0.000000000000 0.000000000000 0.000000000000 1.000000000000
27 36 37
-0.664483450000 0.044314600000 -0.745987910000 0.660759340000
-0.325701220000 -0.915615900000 0.235724900000 -0.097641210000
-0.672592340000 0.399604470000 0.622844940000 0.289564840000
0.000000000000 0.000000000000 0.000000000000 1.000000000000
28 30 37
0.268021550000 0.541700460000 -0.796696340000 -0.259113920000
-0.963384780000 0.144376590000 -0.225931770000 -0.344788930000
-0.007363040000 0.828079710000 0.560562020000 -0.398589810000
0.000000000000 0.000000000000 0.000000000000 1.000000000000
28 31 37
0.969630520000 -0.018881800000 0.243844480000 -0.400780850000
0.083860490000 0.962241940000 -0.258955330000 0.591382450000
-0.229747840000 0.271539910000 0.934602590000 0.027071290000
0.000000000000 0.000000000000 0.000000000000 1.000000000000
28 32 37
0.922892490000 0.211101290000 -0.322033700000 -0.127932590000
-0.271060230000 0.950171460000 -0.153949810000 0.459966570000
0.273488230000 0.229369650000 0.934127270000 0.570062080000
0.000000000000 0.000000000000 0.000000000000 1.000000000000
28 33 37
0.529407640000 -0.752811880000 -0.391154490000 0.572183930000
-0.820896260000 -0.338184740000 -0.460174330000 0.848410490000
0.214142230000 0.564717060000 -0.797018040000 1.998838080000
0.000000000000 0.000000000000 0.000000000000 1.000000000000
28 34 37
-0.005970010000 0.928607560000 0.371015300000 -0.834381650000
0.319729880000 -0.349773210000 0.880585890000 -0.998705880000
0.947489930000 0.123881780000 -0.294815430000 1.784658610000
0.000000000000 0.000000000000 0.000000000000 1.000000000000
28 35 37
-0.944164200000 0.241957460000 -0.223630380000 -0.295092090000
-0.008853830000 -0.697134490000 -0.716885710000 0.800306570000
-0.329356300000 -0.674877830000 0.660351680000 0.523608060000
0.000000000000 0.000000000000 0.000000000000 1.000000000000
28 36 37
0.956601400000 -0.122244040000 -0.264518730000 -0.290490680000
0.088049610000 0.986578550000 -0.137513750000 -0.065117230000
0.277778740000 0.108255070000 0.954525960000 -0.159240530000
0.000000000000 0.000000000000 0.000000000000 1.000000000000
29 31 37
0.224339570000 -0.946173020000 -0.233298870000 -0.090041100000
0.885043180000 0.097616570000 0.455158840000 -0.451155730000
-0.407885180000 -0.308589720000 0.859303250000 -0.524579560000
0.000000000000 0.000000000000 0.000000000000 1.000000000000
29 32 37
0.084823490000 -0.905510990000 -0.415758130000 -0.133526300000
0.982366410000 0.145775400000 -0.117071630000 0.080072400000
0.166616950000 -0.398496400000 0.901908760000 0.019826450000
0.000000000000 0.000000000000 0.000000000000 1.000000000000
29 33 37
0.159482480000 -0.975805090000 -0.149565260000 0.442526390000
0.853444050000 0.212431230000 -0.475926710000 0.281473280000
0.496184040000 -0.051743610000 0.866674100000 -0.052688610000
0.000000000000 0.000000000000 0.000000000000 1.000000000000
29 34 37
-0.762567830000 0.345417730000 0.546970660000 -1.263053450000
-0.644556990000 -0.333671180000 -0.687902490000 0.336823820000
-0.055105370000 -0.877126070000 0.477088320000 0.146627040000
0.000000000000 0.000000000000 0.000000000000 1.000000000000
29 35 37
0.904388650000 0.414098690000 0.102973060000 -0.219108200000
-0.397887760000 0.905563920000 -0.147103070000 -0.223975750000
-0.154163880000 0.092066620000 0.983746530000 -0.354012070000
0.000000000000 0.000000000000 0.000000000000 1.000000000000
29 36 37
-0.094214620000 -0.932665820000 -0.348221290000 0.198229140000
0.350956780000 0.296207270000 -0.888307710000 1.836377490000
0.931639920000 -0.205902200000 0.299418340000 1.074495450000
0.000000000000 0.000000000000 0.000000000000 1.000000000000
30 32 37
0.439233700000 -0.897392970000 -0.041947840000 -0.615362300000
0.790217280000 0.363720970000 0.493217710000 0.368126900000
-0.427352790000 -0.249785740000 0.868893940000 0.282769950000
0.000000000000 0.000000000000 0.000000000000 1.000000000000
30 33 37
0.023330740000 0.915541150000 0.401547100000 -1.260208110000
-0.991150610000 -0.031318260000 0.128994670000 0.622956920000
0.130675690000 -0.401003200000 0.906708500000 0.293180610000
0.000000000000 0.000000000000 0.000000000000 1.000000000000
30 34 37
-0.445638070000 0.276355950000 -0.851489340000 0.754648490000
-0.486843970000 -0.873022300000 -0.028548440000 0.129724400000
-0.751258720000 0.401820180000 0.523594200000 0.736937850000
0.000000000000 0.000000000000 0.000000000000 1.000000000000
30 35 37
-0.548130360000 0.485101690000 0.681343860000 -1.437617420000
-0.503768410000 -0.841762910000 0.194042770000 0.255439200000
0.667660460000 -0.236878780000 0.705774720000 0.427745620000
0.000000000000 0.000000000000 0.000000000000 1.000000000000
30 36 37
-0.365332010000 -0.527818790000 0.766772360000 -2.176862450000
0.545747250000 -0.788743650000 -0.282919410000 1.584752070000
0.754117010000 0.315104390000 0.576208960000 0.540900900000
0.000000000000 0.000000000000 0.000000000000 1.000000000000
31 33 37
0.936268200000 -0.237317860000 0.259002090000 -0.198872970000
0.341912510000 0.784820650000 -0.516867860000 0.123976560000
-0.080608220000 0.572483000000 0.815944570000 -0.188694030000
0.000000000000 0.000000000000 0.000000000000 1.000000000000
31 34 37
0.998445701000 0.055727403200 -0.000798849766 -0.367177838000
-0.055646497100 0.995992432000 -0.070018160100 -0.052992198400
-0.003106281920 0.069953784200 0.997545397000 -0.019248123200
0.000000000000 0.000000000000 0.000000000000 1.000000000000
31 35 37
-0.775161810000 0.400809530000 -0.488339920000 -0.038768500000
-0.192414720000 -0.886038490000 -0.421796610000 0.183030030000
-0.601748070000 -0.232996830000 0.763944860000 0.301541380000
0.000000000000 0.000000000000 0.000000000000 1.000000000000
31 36 37
-0.295855850000 0.807918240000 -0.509644420000 -0.101906620000
-0.950891630000 -0.299898670000 0.076589170000 -0.162256040000
-0.090963890000 0.507275970000 0.856969470000 0.046416020000
0.000000000000 0.000000000000 0.000000000000 1.000000000000
32 34 37
-0.996923110000 -0.074093030000 -0.025584060000 -0.391750970000
0.051179420000 -0.368047730000 -0.928397290000 0.767932990000
0.059371620000 -0.926850090000 0.370707320000 0.294265880000
0.000000000000 0.000000000000 0.000000000000 1.000000000000
32 35 37
0.899848150000 -0.048138400000 0.433538920000 -0.604607930000
0.157850770000 0.962468780000 -0.220764530000 0.303047550000
-0.406640430000 0.267089010000 0.873674440000 0.045696930000
0.000000000000 0.000000000000 0.000000000000 1.000000000000
32 36 37
0.879861430000 -0.355402980000 -0.315487840000 -0.068321340000
-0.226660800000 -0.897326180000 0.378722350000 -0.924802880000
-0.417694550000 -0.261714460000 -0.870078620000 2.705565130000
0.000000000000 0.000000000000 0.000000000000 1.000000000000
33 35 37
-0.788964810000 -0.405722050000 0.461437040000 -0.674089910000
0.144979690000 -0.852709020000 -0.501864740000 1.057218050000
0.597089120000 -0.329054620000 0.731578870000 0.359740080000
0.000000000000 0.000000000000 0.000000000000 1.000000000000
33 36 37
-0.252221340000 0.856705620000 0.449933200000 -1.228144180000
-0.898221620000 -0.380241400000 0.220486710000 0.542322100000
0.359975430000 -0.348528280000 0.865416510000 0.206722020000
0.000000000000 0.000000000000 0.000000000000 1.000000000000
34 36 37
0.975523000000 0.154894070000 -0.156085580000 -0.061132290000
-0.204561090000 0.899662860000 -0.385696130000 -0.051850300000
0.080682350000 0.408184480000 0.909327110000 -0.192212380000
0.000000000000 0.000000000000 0.000000000000 1.000000000000
