Setting,Scene,Image,Object,RANSAC Iterations,ICP Iterations,RANSAC: Fitness,ICP: Fitness,RANSAC: Inlier RMSE,ICP: Inlier RMSE,RANSAC: Transformation,ICP: Transformation
full_scene,93,30,49,42,30,0.24706550962862575,0.32852084198561715,0.002846572078661367,0.0026811736799946134,"[[ 0.46455438 -0.88498842  0.03138029  0.10275888]
 [ 0.86340182  0.44477905 -0.23813628 -0.1189559 ]
 [ 0.19679056  0.13772105  0.97072467 -0.48598615]
 [ 0.          0.          0.          1.        ]]","[[ 0.64359546 -0.76408709 -0.04422435  0.08972745]
 [ 0.73261416  0.6317475  -0.25332112 -0.11738472]
 [ 0.22149802  0.13063694  0.96637085 -0.48619329]
 [ 0.          0.          0.          1.        ]]"
full_scene,93,38,49,38,30,0.40914555509410044,0.4100308203457999,0.0028881742065573813,0.002758150381622117,"[[-0.89572592 -0.08538641 -0.43633042  0.06668667]
 [ 0.34381916 -0.75525249 -0.55801618 -0.16130861]
 [-0.28189264 -0.64984832  0.70585671 -0.53658389]
 [ 0.          0.          0.          1.        ]]","[[-0.87977481 -0.06173098 -0.47136565  0.06801471]
 [ 0.32397612 -0.80348204 -0.49945578 -0.16533829]
 [-0.34790194 -0.59211983  0.72688262 -0.53950671]
 [ 0.          0.          0.          1.        ]]"
full_scene,93,44,49,21,30,0.31283743906970646,0.37500273230015957,0.0027446505585283455,0.002754258953531355,"[[-0.64905027  0.33717404 -0.68194385  0.05578228]
 [-0.27171549 -0.94003385 -0.2061724  -0.09047794]
 [-0.71056628  0.05147845  0.70174463 -0.54435229]
 [ 0.          0.          0.          1.        ]]","[[-0.66046556  0.54681358 -0.51456793  0.04736062]
 [-0.11999943 -0.75336928 -0.64655616 -0.09462453]
 [-0.74120536 -0.36528022  0.56319178 -0.54847005]
 [ 0.          0.          0.          1.        ]]"
full_scene,93,50,49,19,30,0.30497934381079367,0.34065225469409166,0.002885296901750628,0.0027926461993590464,"[[ 0.5144126   0.84096714  0.16779135  0.02218974]
 [-0.61817458  0.49926583 -0.60711928 -0.1199242 ]
 [-0.59433986  0.20858546  0.77669315 -0.5331127 ]
 [ 0.          0.          0.          1.        ]]","[[ 0.79128395  0.60519692  0.08721466  0.02091269]
 [-0.42189985  0.6436448  -0.63853104 -0.12650325]
 [-0.44257228  0.46846351  0.76463829 -0.54544256]
 [ 0.          0.          0.          1.        ]]"
full_scene,93,57,49,43,25,0.13675708758661392,0.33705654768410237,0.0030136801570400922,0.0026859736409917487,"[[-0.42833852  0.90193526  0.05512616  0.02630942]
 [-0.85614584 -0.38556588 -0.34402508 -0.13391104]
 [-0.28903359 -0.19455523  0.93734084 -0.50368452]
 [ 0.          0.          0.          1.        ]]","[[-0.46176235  0.86889916 -0.17829689  0.03977945]
 [-0.75766257 -0.49089861 -0.43007672 -0.13523144]
 [-0.46121899 -0.06350436  0.88501087 -0.49811196]
 [ 0.          0.          0.          1.        ]]"
full_scene,93,81,49,32,22,0.22898861177293492,0.39939670812476774,0.0031175492716349,0.002734007442976445,"[[-0.04365846 -0.99357427  0.10442272 -0.06480834]
 [-0.90616856  0.08339283  0.41461329 -0.10235237]
 [-0.4206572  -0.0765232  -0.90398657 -0.54623379]
 [ 0.          0.          0.          1.        ]]","[[-0.09295862 -0.92676405  0.36396029 -0.05136555]
 [-0.9479838   0.19415229  0.25225305 -0.09903868]
 [-0.30444278 -0.32157936 -0.89660544 -0.54661652]
 [ 0.          0.          0.          1.        ]]"
full_scene,93,83,49,37,30,0.14307416555553126,0.330531814903058,0.00326628677374704,0.003018530643802814,"[[-0.80933035  0.44752105 -0.38040676 -0.05168734]
 [-0.22341518 -0.83353788 -0.50527246 -0.18823977]
 [-0.5432035  -0.32394369  0.7745905  -0.54689739]
 [ 0.          0.          0.          1.        ]]","[[-0.68953986  0.6035804  -0.40028176 -0.04695299]
 [-0.3290071  -0.75341818 -0.56931132 -0.18324221]
 [-0.64520471 -0.2608673   0.7180941  -0.53537487]
 [ 0.          0.          0.          1.        ]]"
full_scene,93,85,49,43,30,0.32928588603029574,0.36493693851231723,0.002951381171145823,0.002915325521856241,"[[-0.86526373  0.24024395 -0.44000172 -0.03787794]
 [-0.12668989 -0.9539923  -0.27175055 -0.20478479]
 [-0.48504468 -0.17939213  0.85589142 -0.52215336]
 [ 0.          0.          0.          1.        ]]","[[-0.75568591  0.43239081 -0.49191156 -0.04029695]
 [-0.27617032 -0.89142161 -0.35930136 -0.20052421]
 [-0.5938592  -0.1356676   0.79304826 -0.51985112]
 [ 0.          0.          0.          1.        ]]"
full_scene,93,89,49,33,30,0.33904566220026666,0.3761393691665392,0.0028017201001606807,0.0028719617357870876,"[[-0.96472194  0.0999471   0.24356141 -0.00318193]
 [ 0.08138568  0.99303953 -0.08514021 -0.14349708]
 [-0.25037563 -0.06231422 -0.96614129 -0.50679762]
 [ 0.          0.          0.          1.        ]]","[[-0.99881224 -0.00381976  0.04857489 -0.00418323]
 [-0.00399852  0.99998559 -0.00358344 -0.14068757]
 [-0.0485605  -0.00377341 -0.99881312 -0.50704787]
 [ 0.          0.          0.          1.        ]]"
full_scene,93,100,49,35,30,0.3290017268137008,0.38257666834247744,0.0030290980602103944,0.0027804806880824783,"[[-7.03822020e-01 -7.09853266e-01 -2.72562875e-02 -6.21328570e-02]
 [-7.09343322e-01  7.04349474e-01 -2.69048128e-02 -1.06596237e-01]
 [ 3.82964210e-02  3.97865824e-04 -9.99266344e-01 -5.49101827e-01]
 [ 0.00000000e+00  0.00000000e+00  0.00000000e+00  1.00000000e+00]]","[[-0.79535512 -0.60247146 -0.06662108 -0.05700557]
 [-0.60585257  0.79356311  0.05657083 -0.10925582]
 [ 0.01878572  0.08535645 -0.99617337 -0.54404519]
 [ 0.          0.          0.          1.        ]]"
full_scene,93,102,49,20,30,0.25449736606264617,0.3557345515748978,0.003029508166743305,0.0029678896319612234,"[[-0.93149231  0.17808785 -0.31718574 -0.06184059]
 [-0.09822513 -0.96271234 -0.252065   -0.10146317]
 [-0.35024834 -0.203641    0.91425185 -0.51469196]
 [ 0.          0.          0.          1.        ]]","[[-0.97548536  0.06576297 -0.21000844 -0.05689057]
 [ 0.0079322  -0.94317717 -0.33219558 -0.10675368]
 [-0.21992134 -0.32571776  0.91953388 -0.5139538 ]
 [ 0.          0.          0.          1.        ]]"
full_scene,93,116,49,38,30,0.2886183304553105,0.3345319023366631,0.0030368098418856702,0.0027134539982149454,"[[-0.94412025 -0.27146256 -0.18693588 -0.10183048]
 [ 0.30525655 -0.93407467 -0.18526453 -0.10609101]
 [-0.12431969 -0.2319754   0.96474454 -0.4738559 ]
 [ 0.          0.          0.          1.        ]]","[[-0.90494839 -0.31476612 -0.2863402  -0.09670036]
 [ 0.35572354 -0.9288837  -0.1031302  -0.11078271]
 [-0.23351485 -0.19518545  0.95256152 -0.47296813]
 [ 0.          0.          0.          1.        ]]"
full_scene,93,117,49,30,30,0.3085422632188682,0.36958184878357997,0.0031027758452324135,0.002794370474315857,"[[-0.93724223 -0.3474935  -0.02872739 -0.11003397]
 [ 0.34255664 -0.93302661  0.11007401 -0.11630563]
 [-0.06505342  0.09332526  0.99350815 -0.46958935]
 [ 0.          0.          0.          1.        ]]","[[-0.94976184 -0.30487771 -0.0707251  -0.11384798]
 [ 0.28929479 -0.94142095  0.17330642 -0.11716089]
 [-0.11941935  0.14413942  0.98232522 -0.46724358]
 [ 0.          0.          0.          1.        ]]"
full_scene,93,127,49,30,30,0.2370325034426982,0.33652101685282737,0.0030916003817686804,0.0030054217250497523,"[[-0.93567451 -0.33833672 -0.10020717 -0.12017259]
 [ 0.348712   -0.93003272 -0.11592699 -0.0854375 ]
 [-0.05397359 -0.14341338  0.98818999 -0.4750422 ]
 [ 0.          0.          0.          1.        ]]","[[-0.98913866 -0.09593606 -0.11135971 -0.12641057]
 [ 0.13017812 -0.92358008 -0.3606293  -0.07540796]
 [-0.06825226 -0.37120898  0.92603754 -0.47026281]
 [ 0.          0.          0.          1.        ]]"
full_scene,93,136,49,28,30,0.33971234343920087,0.3576253032853177,0.0027768607946055232,0.002894478971856973,"[[-0.90447091 -0.19466013 -0.37952575 -0.1992283 ]
 [ 0.30966912 -0.91157346 -0.27044199 -0.06256263]
 [-0.29332133 -0.36213432  0.88477191 -0.48308267]
 [ 0.          0.          0.          1.        ]]","[[-0.90891156 -0.11310107 -0.4013576  -0.20019157]
 [ 0.24960274 -0.9185984  -0.306391   -0.06015734]
 [-0.33403329 -0.37866228  0.86315505 -0.48244977]
 [ 0.          0.          0.          1.        ]]"
full_scene,93,148,49,51,30,0.29943823908719314,0.3801941026033356,0.00335370523019998,0.0028619970055823794,"[[-0.29079004 -0.95062379 -0.10842311 -0.21312822]
 [ 0.95437873 -0.2962247   0.03757892 -0.0765591 ]
 [-0.06784102 -0.09254913  0.99339431 -0.45709068]
 [ 0.          0.          0.          1.        ]]","[[-0.22968152 -0.97032664 -0.0755818  -0.2145245 ]
 [ 0.97197325 -0.2326848   0.03355259 -0.07004529]
 [-0.0501437  -0.06575708  0.99657494 -0.45306267]
 [ 0.          0.          0.          1.        ]]"
full_scene,93,149,49,41,30,0.28365647336553806,0.32644429386434676,0.0029839283542038592,0.0028989239861954277,"[[-0.46509529 -0.88359146 -0.05433695 -0.17270998]
 [ 0.87604742 -0.46821942  0.11537545 -0.04473612]
 [-0.12738638  0.00605883  0.99183466 -0.44758235]
 [ 0.          0.          0.          1.        ]]","[[-0.5172997  -0.85293633 -0.07000453 -0.1710885 ]
 [ 0.83712922 -0.52131088  0.1656793  -0.04355296]
 [-0.17780802  0.02710301  0.98369189 -0.44567871]
 [ 0.          0.          0.          1.        ]]"
full_scene,93,154,49,45,30,0.4204026317515137,0.3334389822728366,0.0030446927393775656,0.0031357859011465036,"[[ 0.82714666 -0.53840286 -0.16109242 -0.21280059]
 [ 0.52374605  0.84244611 -0.1263908  -0.02260764]
 [ 0.20376085  0.02017221  0.97881285 -0.44165229]
 [ 0.          0.          0.          1.        ]]","[[ 0.96182621 -0.26448962 -0.0702537  -0.22333424]
 [ 0.24908952  0.95244356 -0.17551543 -0.00676694]
 [ 0.11333469  0.15131588  0.98196678 -0.44091544]
 [ 0.          0.          0.          1.        ]]"
full_scene,93,156,49,25,19,0.29491355002295133,0.4813766421123959,0.0032739146783218845,0.00303098969954201,"[[-0.83132772 -0.55519555  0.02553655 -0.21037967]
 [-0.53459664  0.81135886  0.23643865 -0.01657056]
 [-0.151989    0.18290625 -0.97131079 -0.47854622]
 [ 0.          0.          0.          1.        ]]","[[-0.83897453 -0.54333666 -0.0301166  -0.21031387]
 [-0.53910368  0.82235366  0.18193865 -0.01775255]
 [-0.07408744  0.16887787 -0.98284857 -0.47554728]
 [ 0.          0.          0.          1.        ]]"
full_scene,93,157,49,37,26,0.17370871494458895,0.3281929659664692,0.003283128804119817,0.0026883741645916804,"[[ 0.37517022 -0.91846524 -0.12517552 -0.16259771]
 [-0.91875824 -0.3863659   0.08126926  0.01557233]
 [-0.12300654  0.08451623 -0.98880048 -0.46929893]
 [ 0.          0.          0.          1.        ]]","[[ 0.40186007 -0.91351375 -0.06325442 -0.1606029 ]
 [-0.91538359 -0.40258003 -0.00148162  0.0165828 ]
 [-0.02411149  0.05849746 -0.99799633 -0.46568005]
 [ 0.          0.          0.          1.        ]]"
full_scene,93,159,49,39,30,0.4178779864040744,0.4595728868390566,0.002571404268945771,0.0024088498276388075,"[[ 0.486082   -0.86189467  0.14443636 -0.19582189]
 [-0.87195706 -0.4893762   0.01420626  0.01221997]
 [ 0.05843942 -0.13284771 -0.98941211 -0.4612537 ]
 [ 0.          0.          0.          1.        ]]","[[ 0.42507024 -0.89881623  0.10697975 -0.19814557]
 [-0.90354406 -0.42839714 -0.00916636  0.00683923]
 [ 0.0540687  -0.09276457 -0.99421894 -0.46353626]
 [ 0.          0.          0.          1.        ]]"
full_scene,93,162,49,38,24,0.39993223895604274,0.420785153773853,0.0028934168183887775,0.0028734758987625773,"[[ 0.93652452 -0.30681317 -0.16966879 -0.23115012]
 [ 0.27895131  0.94522415 -0.16952129 -0.02192493]
 [ 0.2123864   0.11143152  0.97081153 -0.44497431]
 [ 0.          0.          0.          1.        ]]","[[ 0.98246394 -0.17797718 -0.05557625 -0.23211554]
 [ 0.14827169  0.92649038 -0.34587726 -0.02771258]
 [ 0.11304912  0.33157156  0.93663237 -0.44797397]
 [ 0.          0.          0.          1.        ]]"
full_scene,93,164,49,29,30,0.2967059389276268,0.4151347570438698,0.002873375101646734,0.002688514594514285,"[[-0.60831523 -0.78656984  0.10611529 -0.18311373]
 [-0.77788907  0.61739753  0.11708498  0.02991028]
 [-0.15761083 -0.01132135 -0.9874364  -0.46076012]
 [ 0.          0.          0.          1.        ]]","[[-0.83133604 -0.55291911 -0.05622145 -0.17016094]
 [-0.54113952  0.7822406   0.3086546   0.02528329]
 [-0.12668232  0.28701934 -0.94951118 -0.45695531]
 [ 0.          0.          0.          1.        ]]"
full_scene,93,165,49,28,30,0.3575050820782968,0.304334520973136,0.0027886051030518813,0.0027873845907581472,"[[-0.90203694 -0.40919954 -0.13742308 -0.22119438]
 [ 0.41899048 -0.90657019 -0.05076865 -0.03298427]
 [-0.10380915 -0.10337416  0.98921051 -0.44603   ]
 [ 0.          0.          0.          1.        ]]","[[-0.82031247 -0.53235447 -0.20901238 -0.2281143 ]
 [ 0.57135388 -0.77901262 -0.25825197 -0.0337992 ]
 [-0.02534169 -0.33126735  0.94319656 -0.45655438]
 [ 0.          0.          0.          1.        ]]"
full_scene,93,170,49,35,30,0.30782093597674265,0.4110363068045203,0.0031502141623934938,0.0028259623645780696,"[[-0.97840941 -0.06876878 -0.19489967 -0.20488821]
 [ 0.09384422 -0.98802323 -0.12248822  0.00752915]
 [-0.18414203 -0.13813383  0.97314478 -0.41984616]
 [ 0.          0.          0.          1.        ]]","[[-0.93397948 -0.22077516 -0.28096382 -0.21870343]
 [ 0.28065326 -0.93992066 -0.19437822 -0.00110285]
 [-0.22116982 -0.26039868  0.93982788 -0.42401276]
 [ 0.          0.          0.          1.        ]]"
full_scene,93,172,49,57,22,0.331766814575182,0.41259918249579225,0.0029356439916588418,0.002664522112882101,"[[-0.60452639 -0.79276846  0.07788466 -0.15028621]
 [ 0.59653411 -0.51533573 -0.61528541 -0.00500427]
 [ 0.52791562 -0.32549541  0.78444747 -0.43752124]
 [ 0.          0.          0.          1.        ]]","[[-0.59010092 -0.80724278  0.01183214 -0.15427611]
 [ 0.59460377 -0.44448043 -0.66998769 -0.01084069]
 [ 0.54610188 -0.38832491  0.74227791 -0.44058697]
 [ 0.          0.          0.          1.        ]]"
full_scene,93,173,49,29,30,0.3781722004852565,0.45039235830291374,0.0030430121575885775,0.0028107985661912694,"[[-9.04323059e-01 -3.53157757e-01 -2.39748624e-01 -2.10914863e-01]
 [ 3.55262096e-01 -9.34077422e-01  3.58916854e-02  7.79654724e-04]
 [-2.36619204e-01 -5.27159199e-02  9.70171317e-01 -4.22596107e-01]
 [ 0.00000000e+00  0.00000000e+00  0.00000000e+00  1.00000000e+00]]","[[-0.96503662 -0.10112596 -0.24182195 -0.21390006]
 [ 0.14148261 -0.97760448 -0.15579524 -0.00300163]
 [-0.22065128 -0.18456172  0.95773169 -0.42814002]
 [ 0.          0.          0.          1.        ]]"
full_scene,93,183,49,42,30,0.18401495114647315,0.324640975759033,0.0031830124621210344,0.002968965570306652,"[[ 0.20698441 -0.9783413  -0.00239872 -0.16396419]
 [-0.97766061 -0.2069308   0.03686984  0.08555593]
 [-0.03656766 -0.00528635 -0.9993172  -0.45447052]
 [ 0.          0.          0.          1.        ]]","[[ 0.31062846 -0.95037695  0.01713489 -0.16583313]
 [-0.94862095 -0.30881142  0.06894784  0.08101454]
 [-0.06023499 -0.03767167 -0.9974731  -0.4518574 ]
 [ 0.          0.          0.          1.        ]]"
full_scene,93,184,49,41,30,0.3191435878379855,0.3118210234103478,0.0028465324670883196,0.0027706223975465746,"[[ 0.11262405 -0.94783945  0.2981882  -0.16921382]
 [ 0.99064297  0.08382765 -0.10770068  0.06689452]
 [ 0.07708653  0.30752773  0.94841149 -0.41169424]
 [ 0.          0.          0.          1.        ]]","[[ 0.04242684 -0.98172083  0.18553754 -0.17029746]
 [ 0.99732626  0.0526743   0.05065315  0.07547159]
 [-0.05950031  0.18289241  0.98133077 -0.41061718]
 [ 0.          0.          0.          1.        ]]"
full_scene,93,185,49,43,30,0.22163325974338238,0.36265273557891975,0.003184185403735174,0.002857615096377594,"[[-0.16920668 -0.97998083  0.10491273 -0.22465131]
 [ 0.96984864 -0.18450307 -0.15922384  0.07086654]
 [ 0.17539303  0.07480773  0.98165222 -0.41122041]
 [ 0.          0.          0.          1.        ]]","[[-0.1805433  -0.98289617  0.03632119 -0.2196879 ]
 [ 0.98310355 -0.1792016   0.03733884  0.07029793]
 [-0.03019138  0.04244877  0.99864237 -0.40719951]
 [ 0.          0.          0.          1.        ]]"
full_scene,93,189,49,34,30,0.2799842619510809,0.3255808870139238,0.002815086560808325,0.00268486459572817,"[[ 0.82077235 -0.55033385  0.15318419 -0.1675366 ]
 [ 0.56533817  0.82101808 -0.07951145  0.07629225]
 [-0.08200915  0.15186167  0.98499367 -0.39805151]
 [ 0.          0.          0.          1.        ]]","[[ 0.85012109 -0.4908677   0.19063849 -0.17294457]
 [ 0.51178785  0.85540949 -0.07967309  0.07655684]
 [-0.12396503  0.16529823  0.97842177 -0.39596294]
 [ 0.          0.          0.          1.        ]]"
full_scene,93,190,49,40,30,0.3077662899735513,0.3469802618636473,0.0028157443491426994,0.002724834100857412,"[[ 0.77383408 -0.6264447   0.09352998 -0.17594822]
 [ 0.62839787  0.77782067  0.01054145  0.06430625]
 [-0.07935319  0.0506167   0.99556066 -0.39588059]
 [ 0.          0.          0.          1.        ]]","[[ 0.85918139 -0.46241119  0.21905076 -0.17778511]
 [ 0.49570298  0.85835107 -0.13233292  0.07352744]
 [-0.12683023  0.2222821   0.96669787 -0.39218625]
 [ 0.          0.          0.          1.        ]]"
full_scene,93,196,49,26,30,0.23269361078930687,0.3097335460884391,0.003024851180405937,0.002921804221485682,"[[-0.70305811 -0.59583668  0.38818545 -0.1470556 ]
 [ 0.48745    -0.80123779 -0.34700216  0.06901032]
 [ 0.51778546 -0.05474169  0.85375732 -0.36367951]
 [ 0.          0.          0.          1.        ]]","[[-0.53150786 -0.81159774  0.24250464 -0.15094562]
 [ 0.60583177 -0.564323   -0.5608096   0.06377439]
 [ 0.59200275 -0.1511577   0.79163381 -0.37118551]
 [ 0.          0.          0.          1.        ]]"
full_scene,93,198,49,19,30,0.34675074865024375,0.4469387309012219,0.00297470217754255,0.0026513029084938656,"[[-0.85850856  0.27015124 -0.43586851 -0.19143424]
 [-0.29061984 -0.95661912 -0.02049293  0.07583222]
 [-0.42249634  0.10907868  0.89977702 -0.36530401]
 [ 0.          0.          0.          1.        ]]","[[-0.92341937  0.22996098 -0.30726962 -0.19599906]
 [-0.13762478 -0.94577568 -0.29422404  0.06566116]
 [-0.35826818 -0.22940427  0.90499591 -0.36963989]
 [ 0.          0.          0.          1.        ]]"
full_scene,93,199,49,34,25,0.3114385013880085,0.3476469431025815,0.003004245128541572,0.0030866092690774597,"[[ 0.19188325 -0.97981455  0.05607373 -0.16949438]
 [-0.84380274 -0.13553065  0.51925752  0.09882023]
 [-0.50117637 -0.14695199 -0.85277627 -0.40145756]
 [ 0.          0.          0.          1.        ]]","[[ 0.31628049 -0.94854791  0.0149504  -0.16811816]
 [-0.83913675 -0.27237826  0.47080739  0.0993096 ]
 [-0.4425112  -0.16145263 -0.88210934 -0.40268257]
 [ 0.          0.          0.          1.        ]]"
full_scene,93,201,49,42,18,0.2242671970972043,0.3233404008830794,0.0031201885518227133,0.0028599982331857076,"[[ 0.66122283  0.68515623  0.30552464 -0.17841433]
 [-0.6312986   0.7282098  -0.26678186  0.11998391]
 [-0.40527329 -0.01647502  0.91404712 -0.37309449]
 [ 0.          0.          0.          1.        ]]","[[ 0.68911962  0.67615548  0.26062985 -0.17965904]
 [-0.64123368  0.73652028 -0.21530733  0.11799207]
 [-0.3375404  -0.01875214  0.94112424 -0.37213975]
 [ 0.          0.          0.          1.        ]]"
full_scene,93,204,49,31,30,0.251688561498612,0.3257885418260508,0.002947133968577075,0.002682951043278648,"[[ 0.76623674 -0.62354469  0.15515562 -0.15504134]
 [ 0.63671795  0.76928714 -0.05279718  0.10459963]
 [-0.08643782  0.13924551  0.98647818 -0.39322008]
 [ 0.          0.          0.          1.        ]]","[[ 0.92128358 -0.24395636  0.30285616 -0.1490193 ]
 [ 0.2732947   0.9601856  -0.05791044  0.10993297]
 [-0.27667051  0.13612092  0.95127521 -0.39082757]
 [ 0.          0.          0.          1.        ]]"
full_scene,93,219,49,35,30,0.3644451244835953,0.3270016830968983,0.0030261832795482704,0.0028872830788181816,"[[ 1.          0.          0.         -0.17274684]
 [ 0.          1.          0.          0.13982918]
 [ 0.          0.          1.         -0.36448811]
 [ 0.          0.          0.          1.        ]]","[[ 0.97307082 -0.2143303  -0.08482745 -0.18217966]
 [ 0.20173327  0.96988777 -0.13646028  0.14306731]
 [ 0.11152068  0.115673    0.98700704 -0.36262679]
 [ 0.          0.          0.          1.        ]]"
full_scene,93,225,49,19,30,0.2535574548077554,0.37324313099739886,0.002646143711740467,0.0026049090819276395,"[[ 0.36545264  0.66405731 -0.65228235 -0.16131899]
 [ 0.49676411  0.45348022  0.73998723  0.0961665 ]
 [ 0.78719108 -0.59446074 -0.16415429 -0.40025448]
 [ 0.          0.          0.          1.        ]]","[[ 0.29347249  0.88536772 -0.36055221 -0.15279939]
 [ 0.59362798  0.12685099  0.79467896  0.08555843]
 [ 0.7493195  -0.4472503  -0.48835177 -0.39509539]
 [ 0.          0.          0.          1.        ]]"
full_scene,94,11,49,17,30,0.2689020525038799,0.3188703578220289,0.0027921887658464667,0.0025803535092874435,"[[-0.22276154 -0.85629822  0.46597281  0.0560176 ]
 [ 0.79805157 -0.43469894 -0.41731346 -0.02714054]
 [ 0.55990266  0.27890895  0.78020434 -0.48537699]
 [ 0.          0.          0.          1.        ]]","[[-0.11406035 -0.90302133  0.41417715  0.05348365]
 [ 0.81986014 -0.32101077 -0.47411121 -0.03742912]
 [ 0.56108786  0.28549005  0.77696579 -0.49046396]
 [ 0.          0.          0.          1.        ]]"
full_scene,94,17,49,28,30,0.256508338980087,0.39145117926074885,0.003182733644800375,0.002964667126279735,"[[-0.11090472 -0.82421518 -0.55531025 -0.0340799 ]
 [ 0.96143724  0.0525174  -0.26996361 -0.04307589]
 [ 0.25167156 -0.5638362   0.78660674 -0.50431604]
 [ 0.          0.          0.          1.        ]]","[[-0.13281546 -0.9576651  -0.25541656 -0.03244843]
 [ 0.74459351  0.07367908 -0.66343945 -0.04198052]
 [ 0.65417166 -0.27829653  0.70328549 -0.50827906]
 [ 0.          0.          0.          1.        ]]"
full_scene,94,23,49,30,30,0.17276880368969813,0.31718726092373606,0.00288807039127104,0.0028267721843271525,"[[-0.16322897  0.976215    0.14269052 -0.01191833]
 [-0.86834695 -0.07350066 -0.49048062  0.00434328]
 [-0.46832669 -0.20396552  0.85969075 -0.44224766]
 [ 0.          0.          0.          1.        ]]","[[-0.09185561  0.98287259  0.15976241 -0.00261549]
 [-0.90753444 -0.01660229 -0.41964938  0.00576195]
 [-0.40980945 -0.18353704  0.89351574 -0.43961726]
 [ 0.          0.          0.          1.        ]]"
full_scene,94,24,49,27,30,0.21719600428424665,0.3010011147784651,0.00318767746112872,0.0029855922139593177,"[[-0.70729966 -0.70434782  0.06017755 -0.03049705]
 [ 0.69030701 -0.70651995 -0.15590315 -0.06628923]
 [ 0.15232668 -0.06872927  0.98593756 -0.47175434]
 [ 0.          0.          0.          1.        ]]","[[-0.77709951 -0.56647744  0.27426203 -0.01846059]
 [ 0.57017831 -0.81815333 -0.07430892 -0.06275185]
 [ 0.26648272  0.09863283  0.9587797  -0.4676296 ]
 [ 0.          0.          0.          1.        ]]"
full_scene,94,30,49,34,23,0.3640844608625325,0.4139216157730224,0.0029630153807847434,0.0026807498889217384,"[[ 0.93304344  0.35780254 -0.03751374 -0.02498268]
 [ 0.34241181 -0.85120763  0.39774328 -0.04133947]
 [ 0.11038158 -0.38395691 -0.91672951 -0.47864466]
 [ 0.          0.          0.          1.        ]]","[[ 0.94877224  0.28975699  0.12598464 -0.02212276]
 [ 0.24169695 -0.92239751  0.30127299 -0.03836031]
 [ 0.20350387 -0.25538934 -0.94517853 -0.47942634]
 [ 0.          0.          0.          1.        ]]"
full_scene,94,37,49,27,30,0.3785875101095106,0.3867516229862948,0.002618532838080618,0.0024683173287948293,"[[-0.97117162 -0.08522351 -0.22262667  0.02099496]
 [-0.11615     0.98472378  0.12972373  0.00347029]
 [ 0.20817027  0.15184209 -0.9662345  -0.48171438]
 [ 0.          0.          0.          1.        ]]","[[-0.93745237  0.01500664 -0.34778996  0.01790345]
 [-0.01768539  0.99572719  0.09063439 -0.00133548]
 [ 0.34766403  0.09111622 -0.93318141 -0.48513919]
 [ 0.          0.          0.          1.        ]]"
full_scene,94,39,49,31,30,0.31283743906970646,0.32569017902030645,0.00294932822606357,0.0029747092748641183,"[[ 0.06339825  0.93926354  0.33729018 -0.02262626]
 [ 0.79654258 -0.2512375   0.54990875 -0.03351923]
 [ 0.60124918  0.23380274 -0.76409142 -0.50100427]
 [ 0.          0.          0.          1.        ]]","[[ 0.0559766   0.98537684  0.16093196 -0.02554215]
 [ 0.65309382 -0.1580553   0.74059907 -0.02946852]
 [ 0.75520533  0.06364745 -0.65239092 -0.50131332]
 [ 0.          0.          0.          1.        ]]"
full_scene,94,40,49,35,30,0.4404467857220923,0.4792891647904872,0.0025850922662691996,0.0025413527207520997,"[[-0.70239789 -0.6943159  -0.1567247  -0.03632777]
 [ 0.6256715  -0.49728581 -0.60103411 -0.05263479]
 [ 0.33937057 -0.52022327  0.78370617 -0.47753204]
 [ 0.          0.          0.          1.        ]]","[[-0.77474751 -0.59959075 -0.20064206 -0.03217689]
 [ 0.581468   -0.55104033 -0.5985395  -0.05179543]
 [ 0.24831688 -0.58038392  0.77555995 -0.47480769]
 [ 0.          0.          0.          1.        ]]"
full_scene,94,42,49,18,30,0.2665959911692059,0.43655599029486986,0.0029480397191181122,0.002780918594467749,"[[ 0.07478674 -0.99266706  0.09496872 -0.05388713]
 [ 0.90265277  0.02691214 -0.42952731 -0.04695904]
 [ 0.4238218   0.11784673  0.89804634 -0.47571673]
 [ 0.          0.          0.          1.        ]]","[[-0.30851179 -0.91196798 -0.27043459 -0.04211034]
 [ 0.79187618 -0.08871545 -0.60420335 -0.04774259]
 [ 0.52702238 -0.40055457  0.74953549 -0.48769801]
 [ 0.          0.          0.          1.        ]]"
full_scene,94,44,49,24,30,0.33675053006623096,0.8204223043126626,0.002743008313887525,0.002104512418199599,"[[ 0.19800226 -0.97624805 -0.08794803 -0.03309766]
 [-0.67072679 -0.20037067  0.71412686 -0.01014971]
 [-0.71478716 -0.08240964 -0.69446956 -0.48076188]
 [ 0.          0.          0.          1.        ]]","[[-0.12522706 -0.92494416 -0.35888226 -0.01464974]
 [-0.7864227  -0.12799143  0.60428266 -0.00120488]
 [-0.60486157  0.3579057  -0.7113691  -0.47729429]
 [ 0.          0.          0.          1.        ]]"
full_scene,94,46,49,12,30,0.3599204354193534,0.3452753065640779,0.00263768619231959,0.002464725473404271,"[[ 0.8866804  -0.44941582  0.10873496 -0.03474192]
 [-0.34504053 -0.48655883  0.8026254   0.00747221]
 [-0.3078066  -0.74919018 -0.58648885 -0.48215834]
 [ 0.          0.          0.          1.        ]]","[[ 0.79490583 -0.56198031  0.22869818 -0.03489428]
 [-0.45049215 -0.29418226  0.8429197   0.00322879]
 [-0.40642533 -0.77306852 -0.48701491 -0.48860018]
 [ 0.          0.          0.          1.        ]]"
full_scene,94,47,49,22,30,0.23651883101269974,0.35758158648276467,0.0030985007782290317,0.002877476909925235,"[[ 0.80900848 -0.58261314 -0.07789237 -0.05328672]
 [-0.49728969 -0.74905387  0.43774567  0.0156177 ]
 [-0.31338196 -0.31540489 -0.89571843 -0.46071184]
 [ 0.          0.          0.          1.        ]]","[[ 0.87787959 -0.45809851 -0.13954637 -0.05992038]
 [-0.27014005 -0.71433569  0.64556089  0.01292701]
 [-0.39541343 -0.52902767 -0.75085148 -0.45286367]
 [ 0.          0.          0.          1.        ]]"
full_scene,94,48,49,26,30,0.32752628472753503,0.34904588078427945,0.0029479322512789524,0.0027226407555596753,"[[-0.41523634 -0.8950549   0.16265147  0.01609841]
 [ 0.61296124 -0.40739036 -0.67698717 -0.02183615]
 [ 0.67220332 -0.18141063  0.71779724 -0.46961037]
 [ 0.          0.          0.          1.        ]]","[[-0.50492293 -0.85399348  0.12549091  0.01584666]
 [ 0.67520801 -0.48134808 -0.5589259  -0.0222139 ]
 [ 0.53772388 -0.19748204  0.81966693 -0.46776953]
 [ 0.          0.          0.          1.        ]]"
full_scene,94,56,49,47,30,0.45237054361843976,0.5113991562657108,0.0027846449051618567,0.0025346258004327977,"[[-9.54500187e-01 -2.31576125e-01  1.87887975e-01  3.21761948e-04]
 [-2.37913209e-01  9.71217275e-01 -1.15891909e-02 -3.54515355e-03]
 [-1.79796267e-01 -5.57629161e-02 -9.82122090e-01 -4.72911946e-01]
 [ 0.00000000e+00  0.00000000e+00  0.00000000e+00  1.00000000e+00]]","[[-0.99324206  0.04583525  0.10662708  0.00901945]
 [ 0.04914964  0.99838     0.02866523 -0.00616755]
 [-0.10514047  0.0337122  -0.99388579 -0.47457933]
 [ 0.          0.          0.          1.        ]]"
full_scene,94,60,49,45,30,0.29445452359614416,0.3418107499617478,0.0031135937985148072,0.003068701647056455,"[[-0.86685757  0.16860863 -0.46917915 -0.01687096]
 [-0.07706019 -0.9750806  -0.20803738 -0.09503513]
 [-0.49256438 -0.14418374  0.85824902 -0.46392687]
 [ 0.          0.          0.          1.        ]]","[[-0.79226789  0.41337586 -0.44881175 -0.01965783]
 [-0.31414088 -0.90691015 -0.2807659  -0.09100967]
 [-0.52309377 -0.08145169  0.84837405 -0.46418219]
 [ 0.          0.          0.          1.        ]]"
full_scene,94,62,49,31,30,0.21285711163085533,0.3074602723556799,0.003083477033172102,0.0026663928602736076,"[[-6.94389910e-01  7.15819544e-01 -7.36548227e-02  3.01008196e-02]
 [-7.02981746e-01 -6.96661486e-01 -1.43106388e-01  1.12634023e-04]
 [-1.53750828e-01 -4.75936359e-02  9.86962780e-01 -4.47682664e-01]
 [ 0.00000000e+00  0.00000000e+00  0.00000000e+00  1.00000000e+00]]","[[-0.67901642  0.7258954  -0.10960189  0.02691123]
 [-0.71915773 -0.68771101 -0.09932636  0.00654603]
 [-0.14747497  0.01137681  0.98900035 -0.44330446]
 [ 0.          0.          0.          1.        ]]"
full_scene,94,63,49,33,30,0.3993420621215764,0.34182167916238604,0.0029997540455765216,0.0030397267361520625,"[[ 0.69162039  0.62916411  0.35470237 -0.02269596]
 [ 0.54994414 -0.77709468  0.30608056 -0.05007344]
 [ 0.46821222 -0.01662507 -0.88345963 -0.48462334]
 [ 0.          0.          0.          1.        ]]","[[ 0.82170056  0.52663303  0.21786655 -0.02280574]
 [ 0.4202079  -0.81808145  0.3926424  -0.04522881]
 [ 0.38501104 -0.23108524 -0.89351335 -0.48982303]
 [ 0.          0.          0.          1.        ]]"
full_scene,94,64,49,28,30,0.30040000874336054,0.3295591160462524,0.0030717689727532507,0.003004212731942925,"[[ 0.94346383  0.32897747  0.04061805 -0.04331963]
 [ 0.31485674 -0.92772184  0.20049295 -0.02918003]
 [ 0.10363991 -0.17636899 -0.97885277 -0.48131798]
 [ 0.          0.          0.          1.        ]]","[[ 0.88941575  0.45590705  0.0329908  -0.0488131 ]
 [ 0.42629476 -0.85336072  0.30008043 -0.02974025]
 [ 0.16496183 -0.25283246 -0.95334324 -0.48032335]
 [ 0.          0.          0.          1.        ]]"
full_scene,94,65,49,41,30,0.49980327438851124,0.6756103958556471,0.002864029005519038,0.0025878731214975313,"[[-0.1277545  -0.99177693  0.00757094 -0.03769311]
 [-0.99113894  0.12794476  0.03568954 -0.03182419]
 [-0.03636472 -0.00294435 -0.99933425 -0.47942211]
 [ 0.          0.          0.          1.        ]]","[[-0.21840728 -0.94708442 -0.23522194 -0.03725185]
 [-0.97555682  0.20591692  0.07672758 -0.02277273]
 [-0.02423132  0.24623023 -0.96890842 -0.47230049]
 [ 0.          0.          0.          1.        ]]"
full_scene,94,66,49,35,30,0.2239283918774181,0.3162254912675687,0.0030012042013293576,0.0026745112456746625,"[[-0.64599645 -0.76308524  0.01973578  0.01444654]
 [ 0.72139671 -0.61874876 -0.31102532 -0.03260954]
 [ 0.24955032 -0.18668393  0.95019669 -0.45640781]
 [ 0.          0.          0.          1.        ]]","[[-0.3676651  -0.91935715  0.14001713  0.00725554]
 [ 0.86744801 -0.39331092 -0.30469735 -0.04417486]
 [ 0.33519596  0.009431    0.94210123 -0.45968512]
 [ 0.          0.          0.          1.        ]]"
full_scene,94,74,49,29,30,0.19002601149751908,0.45523399418566524,0.0030710039859416964,0.0025312698873200625,"[[-0.53049513  0.68998678 -0.49243595 -0.00555187]
 [ 0.28338812  0.69184799  0.66410656  0.01460091]
 [ 0.79891557  0.2127548  -0.56255604 -0.48264118]
 [ 0.          0.          0.          1.        ]]","[[-2.12171347e-01  7.99115184e-01 -5.62492882e-01  8.14940837e-04]
 [ 3.33084833e-01  6.00267170e-01  7.27140852e-01  9.43967806e-03]
 [ 9.18715306e-01 -3.30793937e-02 -3.93532642e-01 -4.81947514e-01]
 [ 0.00000000e+00  0.00000000e+00  0.00000000e+00  1.00000000e+00]]"
full_scene,94,83,49,38,30,0.28620297711425385,0.3970797175894555,0.003143634388461012,0.0027801139602575656,"[[-9.82602546e-01  7.11078698e-02 -1.71568961e-01 -1.61732884e-02]
 [-3.41284758e-02 -9.77202426e-01 -2.09548718e-01 -5.95631281e-04]
 [-1.82558168e-01 -2.00047716e-01  9.62628395e-01 -4.34383601e-01]
 [ 0.00000000e+00  0.00000000e+00  0.00000000e+00  1.00000000e+00]]","[[-0.97267428  0.16459446 -0.16374802 -0.01060504]
 [-0.13883224 -0.97762904 -0.15800972 -0.00352011]
 [-0.18609235 -0.13095849  0.97376564 -0.43511813]
 [ 0.          0.          0.          1.        ]]"
full_scene,94,84,49,40,30,0.3945987890445693,0.45413014492120046,0.0028296577216688585,0.0026674770928528323,"[[ 1.          0.          0.         -0.06069172]
 [ 0.          1.          0.         -0.00451372]
 [ 0.          0.          1.         -0.43404753]
 [ 0.          0.          0.          1.        ]]","[[ 0.99477053  0.10207409 -0.00353108 -0.0568253 ]
 [-0.10182764  0.98850179 -0.11178257 -0.00912813]
 [-0.00791962  0.11155757  0.99372642 -0.43668304]
 [ 0.          0.          0.          1.        ]]"
full_scene,94,98,49,35,28,0.27261798072089005,0.33347176987475136,0.003104851680152831,0.002905733810394069,"[[ 0.48349641 -0.8739814  -0.04886443 -0.08510312]
 [ 0.76076752  0.44716533 -0.47039978 -0.02606952]
 [ 0.43297114  0.19026213  0.88109949 -0.44908012]
 [ 0.          0.          0.          1.        ]]","[[ 0.61359763 -0.78179841 -0.11085666 -0.09078658]
 [ 0.65033911  0.57998513 -0.4905877  -0.02400892]
 [ 0.4478359   0.22892903  0.86431158 -0.44718659]
 [ 0.          0.          0.          1.        ]]"
full_scene,94,111,49,31,30,0.2665413451660146,0.34629172222343657,0.00313548464783871,0.002921963861451582,"[[ 0.03039493  0.93739807 -0.34693084 -0.09481607]
 [-0.75260756 -0.20694759 -0.62510363  0.02149835]
 [-0.65776744  0.28010276  0.69920272 -0.41323191]
 [ 0.          0.          0.          1.        ]]","[[-0.14344104  0.89758686 -0.41684829 -0.08978441]
 [-0.72870983 -0.38079172 -0.5691921   0.02408494]
 [-0.66963173  0.22211594  0.70870153 -0.4078715 ]
 [ 0.          0.          0.          1.        ]]"
full_scene,94,114,49,37,30,0.36196419593870904,0.33640079564580644,0.0029949284661238405,0.0027625113372129737,"[[ 0.87877163 -0.47348437  0.0597744  -0.10320039]
 [ 0.47470976  0.88011126 -0.00740344  0.0013564 ]
 [-0.04910271  0.03488143  0.99818446 -0.42977422]
 [ 0.          0.          0.          1.        ]]","[[ 0.79016862 -0.61018451 -0.05751879 -0.10826573]
 [ 0.61020049  0.79201124 -0.01932784 -0.00121899]
 [ 0.05734907 -0.01982574  0.99815731 -0.43090554]
 [ 0.          0.          0.          1.        ]]"
full_scene,94,122,49,39,30,0.21316312924872674,0.35402959627532843,0.0032634056174437234,0.002734777344174742,"[[-0.99718399 -0.04660569 -0.05875374 -0.02467463]
 [ 0.04948184 -0.9975974  -0.04848693 -0.00671575]
 [-0.05635281 -0.05125763  0.99709429 -0.4415515 ]
 [ 0.          0.          0.          1.        ]]","[[-0.97903425 -0.19377641 -0.0627904  -0.02054694]
 [ 0.19112461 -0.98049422  0.0458527   0.00268294]
 [-0.07045079  0.03289058  0.99697287 -0.43677528]
 [ 0.          0.          0.          1.        ]]"
full_scene,94,123,49,45,30,0.32445517934818247,0.3246519049596712,0.0028397264014599975,0.0027877222758463847,"[[ 0.45982737 -0.8853708  -0.06839099 -0.07102437]
 [-0.84215348 -0.45921636  0.28266206  0.05104393]
 [-0.281667   -0.07238004 -0.95677836 -0.43202248]
 [ 0.          0.          0.          1.        ]]","[[ 0.28497798 -0.94848408 -0.13843952 -0.05993849]
 [-0.85500095 -0.3168219   0.41060596  0.05792683]
 [-0.43331389  0.00135226 -0.90124206 -0.43244342]
 [ 0.          0.          0.          1.        ]]"
full_scene,94,139,49,38,30,0.358707294148506,0.41617303110450504,0.0029238564750291487,0.002708722989288117,"[[-0.6772391   0.73220637  0.07225667 -0.0774301 ]
 [ 0.44558632  0.33001216  0.83219277  0.04662709]
 [ 0.58549127  0.59579007 -0.54975828 -0.41868494]
 [ 0.          0.          0.          1.        ]]","[[-0.65155526  0.75118284  0.10583049 -0.0747141 ]
 [ 0.56730895  0.38987459  0.72536774  0.03796616]
 [ 0.50362318  0.53265575 -0.68017759 -0.42264213]
 [ 0.          0.          0.          1.        ]]"
full_scene,94,146,49,20,30,0.45070930512142343,0.4245447987934162,0.002948343590640627,0.0027954002727178296,"[[-0.78838774 -0.58587097  0.18761656 -0.02440723]
 [ 0.60266223 -0.79675928  0.04441707  0.00582835]
 [ 0.12346257  0.14808729  0.98123756 -0.42476167]
 [ 0.          0.          0.          1.        ]]","[[-0.69297143 -0.68796595  0.21562341 -0.02061843]
 [ 0.7114305  -0.70098722  0.04983537  0.00759975]
 [ 0.11686422  0.18793556  0.97520407 -0.42768886]
 [ 0.          0.          0.          1.        ]]"
full_scene,94,152,49,42,30,0.19579662943452317,0.36004065662637436,0.002794779075020535,0.0027940815939543444,"[[ 0.21179013 -0.97645277 -0.04104794 -0.06250388]
 [ 0.93380278  0.21457505 -0.2863039  -0.00248083]
 [ 0.2883701   0.02230566  0.95725918 -0.44624713]
 [ 0.          0.          0.          1.        ]]","[[ 0.13021032 -0.99030942 -0.04829627 -0.06228557]
 [ 0.86601208  0.13731517 -0.48079893 -0.00537278]
 [ 0.48277152  0.02077983  0.87549978 -0.44289817]
 [ 0.          0.          0.          1.        ]]"
full_scene,94,175,49,40,28,0.2889024896719054,0.3110231917637544,0.0029460767048887933,0.0028053420745352197,"[[ 0.29554323  0.94548488  0.1367938  -0.04572622]
 [-0.92251245  0.3196582  -0.21630863  0.09899747]
 [-0.2482438  -0.06226543  0.96669438 -0.39961051]
 [ 0.          0.          0.          1.        ]]","[[ 0.35429862  0.90423317  0.23840063 -0.05031713]
 [-0.87088561  0.41191857 -0.26810695  0.10151207]
 [-0.34063285 -0.11262976  0.93342584 -0.40271987]
 [ 0.          0.          0.          1.        ]]"
full_scene,94,180,49,40,30,0.34876172156768454,0.44405342193271985,0.0030497171103575625,0.0029473631835996495,"[[-0.29227122  0.956311   -0.00684211 -0.04889907]
 [-0.95575609 -0.29233568 -0.03271319  0.10148552]
 [-0.03328417 -0.00302174  0.99944136 -0.42547171]
 [ 0.          0.          0.          1.        ]]","[[ 0.00840273  0.99299495  0.11785766 -0.0504161 ]
 [-0.99560387  0.01930305 -0.09165327  0.09977417]
 [-0.09328625 -0.1165694   0.98879181 -0.42350395]
 [ 0.          0.          0.          1.        ]]"
full_scene,94,181,49,24,27,0.35843406413254936,0.34279437801919166,0.00276260742784573,0.0027501693335728523,"[[-0.40334631 -0.9150442  -0.0024207  -0.00307533]
 [-0.90206655  0.39806707 -0.16678893  0.08156233]
 [ 0.15358284 -0.06509007 -0.98598965 -0.4465611 ]
 [ 0.          0.          0.          1.        ]]","[[-0.41645752 -0.9088996   0.02155572  0.00275509]
 [-0.90099959  0.40943703 -0.14339128  0.08116271]
 [ 0.12150257 -0.07913807 -0.9894313  -0.44551385]
 [ 0.          0.          0.          1.        ]]"
full_scene,94,185,49,40,30,0.17626614789394304,0.33119849614199215,0.003274274331098865,0.002831171432832543,"[[-0.50585339 -0.85958788  0.07225668 -0.05931211]
 [-0.84895873  0.51094115  0.13493785  0.08236131]
 [-0.15290985  0.00691583 -0.98821594 -0.44502706]
 [ 0.          0.          0.          1.        ]]","[[-0.69935427 -0.70092836  0.14001083 -0.05316815]
 [-0.71335272  0.69679313 -0.07488139  0.08258689]
 [-0.0450721  -0.15224573 -0.98731441 -0.44224321]
 [ 0.          0.          0.          1.        ]]"
full_scene,94,190,49,25,30,0.29208288705764063,0.32546066580690286,0.0029498934392547895,0.0027162541572275803,"[[ 3.21925988e-01 -9.46764588e-01  6.87592238e-04 -7.55262100e-02]
 [-9.46760407e-01 -3.21926619e-01 -2.82567009e-03  9.49061272e-02]
 [ 2.89659863e-03  2.58671531e-04 -9.99995771e-01 -4.06908124e-01]
 [ 0.00000000e+00  0.00000000e+00  0.00000000e+00  1.00000000e+00]]","[[ 2.03160515e-01 -9.79144998e-01 -9.37040352e-04 -7.48300518e-02]
 [-9.78611401e-01 -2.03081217e-01  3.28290362e-02  9.24427376e-02]
 [-3.23346819e-02 -5.75256552e-03 -9.99460543e-01 -4.09956571e-01]
 [ 0.00000000e+00  0.00000000e+00  0.00000000e+00  1.00000000e+00]]"
full_scene,94,191,49,31,30,0.30438916697632734,0.32362456009967433,0.002988093513764798,0.0028017648562277423,"[[ 0.99243474 -0.07643017 -0.09608178 -0.07591674]
 [ 0.01961491  0.87124918 -0.4904489   0.07051509]
 [ 0.12119626  0.48485389  0.86615713 -0.3865116 ]
 [ 0.          0.          0.          1.        ]]","[[ 0.99015765  0.11696031 -0.07686427 -0.08183079]
 [-0.13984715  0.84852667 -0.51033838  0.07210413]
 [ 0.00553205  0.5160647   0.85653174 -0.38518384]
 [ 0.          0.          0.          1.        ]]"
full_scene,94,202,49,42,30,0.3150232791973595,0.3080723075914228,0.0029847657128556737,0.0029417333471248464,"[[-0.4237668   0.75649627 -0.49813161 -0.01195806]
 [-0.68690418 -0.62688299 -0.36766881  0.08792043]
 [-0.59041031  0.18636285  0.78529265 -0.37336213]
 [ 0.          0.          0.          1.        ]]","[[-0.51004104  0.65448446 -0.55812923 -0.01828771]
 [-0.5319563  -0.74991459 -0.39325641  0.08998325]
 [-0.67592946  0.09632345  0.73064435 -0.3743257 ]
 [ 0.          0.          0.          1.        ]]"
full_scene,94,207,49,40,30,0.366947911429758,0.33612756562984986,0.002877916379414862,0.0028165348781742736,"[[ 0.06205012  0.95140431 -0.3016283  -0.02896789]
 [-0.66741793 -0.18514848 -0.72129977  0.03446146]
 [-0.74209372  0.24606887  0.6234958  -0.41901953]
 [ 0.          0.          0.          1.        ]]","[[ 0.12911745  0.98250913 -0.1341808  -0.02722564]
 [-0.67086403 -0.01309919 -0.74146467  0.03463777]
 [-0.73025347  0.1857531   0.65743871 -0.42334353]
 [ 0.          0.          0.          1.        ]]"
full_scene,94,218,49,46,30,0.2627926293470896,0.3361384948304881,0.0030030424953564213,0.0028370737134901184,"[[-0.8399455   0.49663308 -0.21873987  0.00690188]
 [-0.45761128 -0.86486189 -0.20641179  0.10243313]
 [-0.2916907  -0.07327682  0.95370176 -0.3809818 ]
 [ 0.          0.          0.          1.        ]]","[[-0.90429505  0.37859953 -0.19726342  0.0101632 ]
 [-0.34164846 -0.91887062 -0.19736541  0.09455566]
 [-0.25598202 -0.11108182  0.9602781  -0.38571214]
 [ 0.          0.          0.          1.        ]]"
full_scene,94,239,49,23,30,0.31948239305777176,0.32087040153883145,0.0029842620452309268,0.0028483283335367475,"[[-0.96452342 -0.22333676 -0.14076671 -0.0089455 ]
 [-0.21558754  0.97409424 -0.06828195  0.08977232]
 [ 0.15236991 -0.03551199 -0.98768533 -0.4552271 ]
 [ 0.          0.          0.          1.        ]]","[[-0.98093414 -0.19043017 -0.03878875 -0.00528007]
 [-0.18853038  0.98089973 -0.04787508  0.09710929]
 [ 0.04716473 -0.03964944 -0.9980999  -0.45261558]
 [ 0.          0.          0.          1.        ]]"
full_scene,94,245,49,39,30,0.3582591969223371,0.45078580952589126,0.00313961046072955,0.0028310767525290136,"[[-0.28824054 -0.95593113 -0.05579488  0.01574268]
 [ 0.95221162 -0.27999545 -0.12204744  0.09738478]
 [ 0.10104664 -0.08830755  0.99095477 -0.404816  ]
 [ 0.          0.          0.          1.        ]]","[[-0.25185409 -0.96381159  0.08738848  0.03222243]
 [ 0.95528623 -0.26204526 -0.13696901  0.09956456]
 [ 0.15491205  0.04898481  0.9867131  -0.40361784]
 [ 0.          0.          0.          1.        ]]"
full_scene,96,3,62,30,30,0.26957063958667377,0.4498663816141101,0.0030595134395028922,0.0023953016992928878,"[[-0.87891459  0.43619053  0.19299474  0.07731635]
 [ 0.47411341  0.84321283  0.25339415 -0.12519349]
 [-0.05220752  0.31421321 -0.94791584 -0.50283946]
 [ 0.          0.          0.          1.        ]]","[[-0.69674214  0.33500598  0.63428809  0.07798202]
 [ 0.43145417  0.9021313  -0.00253367 -0.12192962]
 [-0.57305993  0.27190092 -0.77309262 -0.50165322]
 [ 0.          0.          0.          1.        ]]"
full_scene,96,3,71,204,30,0.4308164518109269,0.6193984039287906,0.0026643723769372574,0.0024750803626072946,"[[-0.04489064  0.65866061 -0.75109988  0.06090367]
 [ 0.52680725 -0.62321188 -0.57799747  0.07328571]
 [-0.84879854 -0.42163153 -0.31901081 -0.42052123]
 [ 0.          0.          0.          1.        ]]","[[-0.09691668  0.63587354 -0.76568401  0.05350647]
 [ 0.47697312 -0.64553863 -0.59647005  0.07690143]
 [-0.87355813 -0.42301859 -0.24073112 -0.41440639]
 [ 0.          0.          0.          1.        ]]"
full_scene,96,6,71,207,30,0.5665725393902189,0.8439042357274401,0.0025287762739222737,0.0021833017590554963,"[[ 0.06703025 -0.55344461 -0.83018432  0.05162049]
 [-0.57827484  0.65650652 -0.48435256  0.10247775]
 [ 0.81308373  0.51254098 -0.27603729 -0.40511063]
 [ 0.          0.          0.          1.        ]]","[[ 0.07988648 -0.47165112 -0.87815908  0.05943669]
 [-0.59201473  0.68632048 -0.4224722   0.08947259]
 [ 0.80195804  0.55363293 -0.22439668 -0.41494471]
 [ 0.          0.          0.          1.        ]]"
full_scene,96,7,71,225,30,0.7228974831184776,0.8678862287702067,0.002728771965591384,0.0021595855198621484,"[[ 0.10199111 -0.37462353 -0.92155034  0.05744685]
 [-0.56403386  0.74130536 -0.36377489  0.09422593]
 [ 0.81942884  0.5568874  -0.13569379 -0.406853  ]
 [ 0.          0.          0.          1.        ]]","[[ 0.07356408 -0.29880658 -0.9514741   0.0600221 ]
 [-0.62262371  0.73152408 -0.27787088  0.08841849]
 [ 0.77905586  0.61285165 -0.13223016 -0.41207736]
 [ 0.          0.          0.          1.        ]]"
full_scene,96,11,71,79,16,0.5767792101493759,0.8620339676693268,0.0025277649896018315,0.0022136598581900227,"[[ 0.04569928 -0.83796489 -0.54380734  0.07466906]
 [-0.74022899  0.33714344 -0.58171759  0.08220956]
 [ 0.67079999  0.42912603 -0.60487869 -0.4021241 ]
 [ 0.          0.          0.          1.        ]]","[[ 0.04756707 -0.7922848  -0.60829447  0.06399416]
 [-0.75473971  0.37040006 -0.54145338  0.08480592]
 [ 0.65429759  0.48485935 -0.58034996 -0.39885826]
 [ 0.          0.          0.          1.        ]]"
full_scene,96,12,71,112,30,0.4362185389809699,0.4850828729281768,0.0028160056911127824,0.002693740723802622,"[[-3.25536415e-04  4.80064618e-01  8.77233069e-01  8.40494090e-02]
 [ 8.00204309e-01  5.26225820e-01 -2.87679421e-01  6.69951322e-02]
 [-5.99727402e-01  7.01872032e-01 -3.84321081e-01 -3.91507916e-01]
 [ 0.00000000e+00  0.00000000e+00  0.00000000e+00  1.00000000e+00]]","[[-0.07063108  0.46382895  0.88310473  0.07752406]
 [ 0.79452064  0.56144406 -0.23133854  0.0630963 ]
 [-0.60311542  0.68530524 -0.40817707 -0.3968401 ]
 [ 0.          0.          0.          1.        ]]"
full_scene,96,15,71,72,18,0.46045426642111725,0.8343523634131369,0.0027298143622090766,0.00222264774331211,"[[-0.12373894 -0.80798496  0.57606335  0.06122803]
 [-0.72531609 -0.3225343  -0.60818434  0.07150449]
 [ 0.67720399 -0.4930841  -0.54613444 -0.38323535]
 [ 0.          0.          0.          1.        ]]","[[ 0.0422256  -0.81030757  0.58448151  0.0655629 ]
 [-0.84949789 -0.3370457  -0.40589843  0.08006594]
 [ 0.52589955 -0.4793765  -0.70258653 -0.38537518]
 [ 0.          0.          0.          1.        ]]"
full_scene,96,19,71,120,30,0.6804338039697155,0.7840883977900552,0.0023846845859804124,0.0023518555665512217,"[[-0.01489468  0.17761967 -0.98398648  0.07720339]
 [ 0.78416719 -0.60849693 -0.12170995  0.05930237]
 [-0.62037084 -0.77342274 -0.13022015 -0.3897104 ]
 [ 0.          0.          0.          1.        ]]","[[-0.03334766  0.00390292 -0.99943619  0.07620776]
 [ 0.78273443 -0.6217009  -0.0285449   0.06209127]
 [-0.62146179 -0.78324502  0.01767732 -0.38918813]
 [ 0.          0.          0.          1.        ]]"
full_scene,96,22,71,219,30,0.5648455084919173,0.8209699201964396,0.0028617835354293477,0.00234082150697315,"[[ 0.00358449  0.36652506 -0.93040127  0.07726139]
 [ 0.66868413 -0.69267608 -0.2702987   0.06599968]
 [-0.74353795 -0.62117569 -0.24757238 -0.40192747]
 [ 0.          0.          0.          1.        ]]","[[-0.05368496  0.3015651  -0.95193299  0.07548864]
 [ 0.68094746 -0.68620907 -0.25578832  0.06684193]
 [-0.73036188 -0.66194834 -0.16851088 -0.39640616]
 [ 0.          0.          0.          1.        ]]"
full_scene,96,25,71,162,30,0.6984653161448742,0.8667157765500307,0.0026113323885630394,0.0021784463949745306,"[[ 0.07157949 -0.78070945 -0.62078106  0.06198697]
 [-0.54527007  0.49051757 -0.67975956  0.08416763]
 [ 0.83519874  0.38715018 -0.3905865  -0.41361174]
 [ 0.          0.          0.          1.        ]]","[[ 0.04314523 -0.69805952 -0.71473869  0.07008634]
 [-0.57432969  0.56804891 -0.58946233  0.07971148]
 [ 0.81748633  0.43592814 -0.37640771 -0.41833101]
 [ 0.          0.          0.          1.        ]]"
full_scene,96,26,71,112,30,0.2388377327603847,0.31095559648045834,0.0031922418548159695,0.003053625611332198,"[[ 0.20741224  0.92361252 -0.32236636  0.04211993]
 [ 0.06487749 -0.3417942  -0.93753274  0.0855344 ]
 [-0.97609993  0.17354145 -0.13081397 -0.40660101]
 [ 0.          0.          0.          1.        ]]","[[ 0.18970832  0.90773435 -0.37420464  0.04482355]
 [ 0.03834461 -0.38768457 -0.92099422  0.09436726]
 [-0.98109145  0.16037154 -0.10835371 -0.40324357]
 [ 0.          0.          0.          1.        ]]"
full_scene,96,27,71,98,10,0.6340085942295887,0.8176140781665644,0.0027417383034422696,0.0022712602687144016,"[[ 0.08791041 -0.68830629 -0.72007375  0.06845185]
 [-0.58930603  0.54686829 -0.59468772  0.08141418]
 [ 0.8031128   0.47662304 -0.35754763 -0.42710935]
 [ 0.          0.          0.          1.        ]]","[[ 0.04364133 -0.69831532 -0.71445864  0.06765382]
 [-0.5055004   0.6014048  -0.61869348  0.08153107]
 [ 0.86172199  0.38815973 -0.32675257 -0.42514667]
 [ 0.          0.          0.          1.        ]]"
full_scene,96,28,71,169,26,0.7173153263760998,0.8317577245754041,0.0024783719017637085,0.0020772946268834,"[[ 0.0645989  -0.55866463  0.82687413  0.06228918]
 [-0.52817458 -0.72216865 -0.44665877  0.07957101]
 [ 0.84667502 -0.40788023 -0.34172376 -0.4299461 ]
 [ 0.          0.          0.          1.        ]]","[[ 0.06900471 -0.52198735  0.85015737  0.06410461]
 [-0.47493236 -0.76661107 -0.43214201  0.08289896]
 [ 0.87731272 -0.37394741 -0.30080846 -0.42835179]
 [ 0.          0.          0.          1.        ]]"
full_scene,96,29,71,128,14,0.7807980356046654,0.8333456108041744,0.0023770711026563597,0.0020347888718549216,"[[ 0.09681972 -0.35243701 -0.93081367  0.06100338]
 [-0.39432434  0.84509692 -0.36099793  0.0852592 ]
 [ 0.9138568   0.4019942  -0.05715244 -0.43227904]
 [ 0.          0.          0.          1.        ]]","[[ 0.07342957 -0.35652045 -0.93139748  0.06040181]
 [-0.43748779  0.8277483  -0.35133629  0.0847834 ]
 [ 0.89622125  0.4332735  -0.09519214 -0.43087051]
 [ 0.          0.          0.          1.        ]]"
full_scene,96,31,71,38,30,0.7168651524452629,0.8457376713730305,0.0024568498756732636,0.002036091710920623,"[[ 0.0449285  -0.57125944 -0.81953895  0.07159406]
 [-0.34409751  0.76131669 -0.54953963  0.07346315]
 [ 0.93785838  0.3066913  -0.16236413 -0.4368333 ]
 [ 0.          0.          0.          1.        ]]","[[ 0.05416079 -0.68124639 -0.73004792  0.06820187]
 [-0.38394046  0.66070676 -0.64502426  0.07726308]
 [ 0.92176805  0.31522995 -0.22577365 -0.43583677]
 [ 0.          0.          0.          1.        ]]"
full_scene,96,32,71,134,13,0.8418743605483937,0.8390259873132802,0.002435758486296939,0.0021588461311363096,"[[ 0.02200553 -0.83742584  0.54610779  0.07119558]
 [-0.37968297 -0.51231535 -0.77030762  0.07496765]
 [ 0.92485491 -0.1903968  -0.3292301  -0.43251902]
 [ 0.          0.          0.          1.        ]]","[[ 0.03034576 -0.84062393  0.54076848  0.07266078]
 [-0.43720064 -0.49768178 -0.74911177  0.07362959]
 [ 0.8988519  -0.21369196 -0.38262385 -0.43282345]
 [ 0.          0.          0.          1.        ]]"
full_scene,96,36,71,203,25,0.8028811131573562,0.8632944546756701,0.0025451034974469018,0.002183938621034465,"[[ 0.04569673 -0.98482313  0.16743721  0.08013632]
 [-0.52909323 -0.16603256 -0.83216197  0.07166624]
 [ 0.84733238 -0.05056281 -0.52865039 -0.42068294]
 [ 0.          0.          0.          1.        ]]","[[ 0.01109514 -0.99522185  0.09700705  0.08155789]
 [-0.58003378 -0.0854292  -0.81010041  0.06772952]
 [ 0.81451686 -0.04727919 -0.57821014 -0.42187172]
 [ 0.          0.          0.          1.        ]]"
full_scene,96,37,71,184,30,0.604780028647432,0.8089379987722529,0.002835226952132669,0.0025360581257568536,"[[ 0.08673114 -0.14205183 -0.98605222  0.0796066 ]
 [ 0.66177766 -0.73163018  0.16360811  0.05680192]
 [-0.7446664  -0.66673725  0.03055161 -0.4099211 ]
 [ 0.          0.          0.          1.        ]]","[[-0.02082988 -0.20058472 -0.97945489  0.08292684]
 [ 0.59471634 -0.7899819   0.14913441  0.05733316]
 [-0.80366572 -0.57939137  0.13574624 -0.40443294]
 [ 0.          0.          0.          1.        ]]"
full_scene,96,39,71,161,11,0.5220544301207285,0.8565091057908737,0.002964687594782013,0.0021016313542548863,"[[-0.09684031 -0.36727716  0.92505645  0.08800696]
 [-0.55727822 -0.75006973 -0.35614095  0.06388491]
 [ 0.82465928 -0.55000262 -0.13203858 -0.40917647]
 [ 0.          0.          0.          1.        ]]","[[ 0.00484642 -0.38073648  0.92467088  0.0830299 ]
 [-0.67391321 -0.68440147 -0.27827257  0.06584083]
 [ 0.73879463 -0.62179929 -0.25990024 -0.41240395]
 [ 0.          0.          0.          1.        ]]"
full_scene,96,41,71,151,30,0.3662369551872314,0.773889912011459,0.0031166660654562933,0.0024257836318756316,"[[ 0.20117471 -0.7175519  -0.66681932  0.06992867]
 [ 0.52103712 -0.49806187  0.69314839  0.06313588]
 [-0.82948722 -0.48688155  0.27367372 -0.39262805]
 [ 0.          0.          0.          1.        ]]","[[-0.01588789 -0.76979885 -0.63808879  0.08469669]
 [ 0.7407837  -0.4376828   0.50958148  0.05286866]
 [-0.67155572 -0.4645896   0.57720829 -0.39575109]
 [ 0.          0.          0.          1.        ]]"
full_scene,96,44,71,65,30,0.710841006752609,0.8075711070186208,0.00280385723371586,0.0022244000693411765,"[[ 0.04409687 -0.88678028 -0.46008282  0.08643685]
 [-0.83755045  0.21822336 -0.50088703  0.05943867]
 [ 0.54457756  0.40743012 -0.73310025 -0.40098966]
 [ 0.          0.          0.          1.        ]]","[[-0.00729054 -0.87333499 -0.48706555  0.08646794]
 [-0.83195425  0.27553395 -0.48159441  0.06300874]
 [ 0.55479634  0.40170517 -0.72858354 -0.39913379]
 [ 0.          0.          0.          1.        ]]"
full_scene,96,46,71,72,30,0.187878043789646,0.3788991201145897,0.002896291911537153,0.002810661168036314,"[[ 0.09551694  0.13398514 -0.98636935  0.06609388]
 [ 0.75224711 -0.65867127 -0.01662645  0.05339113]
 [-0.65192085 -0.74040539 -0.1637042  -0.36975787]
 [ 0.          0.          0.          1.        ]]","[[ 0.09983367 -0.09710343 -0.99025459  0.08454678]
 [ 0.52239577 -0.84191292  0.13522312  0.05220596]
 [-0.84683877 -0.53080463 -0.03332484 -0.37350363]
 [ 0.          0.          0.          1.        ]]"
full_scene,96,47,71,44,30,0.32788213627992635,0.7820830775526908,0.0027839669817323514,0.0022304236332787095,"[[ 0.10714845 -0.58454795 -0.80425301  0.0804947 ]
 [-0.59703646  0.60899959 -0.52217522  0.0496783 ]
 [ 0.79502621  0.53611863 -0.28374307 -0.39002775]
 [ 0.          0.          0.          1.        ]]","[[-0.02202028 -0.50876257 -0.86062521  0.09238456]
 [-0.81024527  0.51337469 -0.28275258  0.05248476]
 [ 0.58567713  0.69109122 -0.42352712 -0.40557812]
 [ 0.          0.          0.          1.        ]]"
full_scene,96,58,71,71,30,0.6452465725393902,0.8253406998158379,0.0027110595470549066,0.0021706997809960364,"[[ 0.04546125 -0.0775431   0.99595198  0.08905695]
 [-0.43239678 -0.90027619 -0.05035675  0.05681227]
 [ 0.90053667 -0.42835715 -0.07445706 -0.43678046]
 [ 0.          0.          0.          1.        ]]","[[ 6.72334771e-04 -9.88894174e-02  9.95098202e-01  8.49363119e-02]
 [-4.42021390e-01 -8.92637116e-01 -8.84085388e-02  5.71800757e-02]
 [ 8.97004258e-01 -4.39795250e-01 -4.43113887e-02 -4.34049573e-01]
 [ 0.00000000e+00  0.00000000e+00  0.00000000e+00  1.00000000e+00]]"
full_scene,96,60,71,239,18,0.547378759975445,0.8130714139553918,0.0025244723237875808,0.0023140871698237877,"[[-0.01934193 -0.66768902 -0.74418899  0.07907328]
 [-0.31410846  0.71069919 -0.62947799  0.05508354]
 [ 0.94919006  0.22158074 -0.22347306 -0.44227373]
 [ 0.          0.          0.          1.        ]]","[[ 0.00792322 -0.72156006 -0.69230651  0.07967595]
 [-0.35068018  0.64635428 -0.67767954  0.06398895]
 [ 0.93646176  0.24814757 -0.24791561 -0.43801309]
 [ 0.          0.          0.          1.        ]]"
full_scene,96,61,71,211,30,0.4138735420503376,0.8155842029875179,0.002902947930978426,0.0023715184608485394,"[[ 0.13025388  0.54893042  0.8256569   0.07415904]
 [ 0.24884037  0.78799798 -0.56314976  0.03754592]
 [-0.95974601  0.27880921 -0.03395625 -0.43006034]
 [ 0.          0.          0.          1.        ]]","[[ 0.01438419  0.57439067  0.81845492  0.08787814]
 [ 0.34593852  0.76513107 -0.54304787  0.04443681]
 [-0.93814692  0.29094638 -0.18769807 -0.42390521]
 [ 0.          0.          0.          1.        ]]"
full_scene,96,62,71,231,30,0.36183343564559034,0.790742786985881,0.0029458120079230775,0.002512025051924379,"[[-0.01620468 -0.74647036 -0.66522132  0.0915686 ]
 [ 0.48771238 -0.58669465  0.64647198  0.02426797]
 [-0.87285397 -0.3139608   0.37357003 -0.43368904]
 [ 0.          0.          0.          1.        ]]","[[ 0.0213348  -0.74898335 -0.66224524  0.09270441]
 [ 0.3844942  -0.60530497  0.6969721   0.03802845]
 [-0.92288084 -0.26949921  0.27506569 -0.42230846]
 [ 0.          0.          0.          1.        ]]"
full_scene,96,74,71,94,30,0.3661551053816247,0.6964927358297524,0.0029066143178147065,0.0022357457656056933,"[[-0.11758535  0.14551316 -0.98234393  0.08131765]
 [-0.78116416  0.59721829  0.18196945  0.05099813]
 [ 0.61315271  0.78876881  0.04344554 -0.39815144]
 [ 0.          0.          0.          1.        ]]","[[-0.05507391  0.39294993 -0.91790915  0.09564457]
 [-0.79486752  0.53910598  0.27847867  0.03948804]
 [ 0.60427849  0.74495308  0.28265247 -0.41371752]
 [ 0.          0.          0.          1.        ]]"
full_scene,96,78,71,151,30,0.2559852670349908,0.3691671782279517,0.0028965575730027743,0.0028543064034160072,"[[-0.12344544  0.47849912 -0.86936748  0.08161779]
 [ 0.8414288  -0.41396202 -0.34732264  0.00497104]
 [-0.52607869 -0.77438623 -0.35152122 -0.40914759]
 [ 0.          0.          0.          1.        ]]","[[ 1.79266981e-02  3.93259079e-01 -9.19252920e-01  8.71057519e-02]
 [ 7.75411897e-01 -5.85888408e-01 -2.35523169e-01  2.48291151e-04]
 [-6.31201254e-01 -7.08577497e-01 -3.15440813e-01 -4.26790303e-01]
 [ 0.00000000e+00  0.00000000e+00  0.00000000e+00  1.00000000e+00]]"
full_scene,96,81,71,163,30,0.23481072232453448,0.7905381624718641,0.00304737080350979,0.00209772839810812,"[[ 0.0816454  -0.34546372 -0.93487371  0.08340535]
 [-0.13684473  0.92523584 -0.35385331  0.01470272]
 [ 0.98722214  0.15682303  0.02826636 -0.41584838]
 [ 0.          0.          0.          1.        ]]","[[-0.09261089 -0.41683225 -0.90425334  0.09372897]
 [-0.65312152  0.71091847 -0.26082025  0.02249288]
 [ 0.75156869  0.56643252 -0.3380809  -0.43015807]
 [ 0.          0.          0.          1.        ]]"
full_scene,96,87,71,161,30,0.20169429097605893,0.3512011458972785,0.003111985632931471,0.0029111483649237567,"[[ 0.1748851   0.48787628 -0.85521456  0.09000421]
 [ 0.21746393  0.82800962  0.51682639  0.04757151]
 [ 0.96027321 -0.27636355  0.03871105 -0.43464147]
 [ 0.          0.          0.          1.        ]]","[[ 0.14026699  0.46483358 -0.87421675  0.09262009]
 [ 0.09718822  0.87221793  0.47936451  0.04277535]
 [ 0.98533224 -0.15220258  0.07716704 -0.43848586]
 [ 0.          0.          0.          1.        ]]"
full_scene,96,90,71,132,30,0.38471045631266626,0.7851033353795784,0.002756442960568945,0.0026527132424332416,"[[-0.02130149 -0.99540317 -0.0933744   0.08850424]
 [ 0.1800001  -0.0956878   0.97900144  0.0152889 ]
 [-0.98343592  0.00404679  0.18121096 -0.43550561]
 [ 0.          0.          0.          1.        ]]","[[ 0.06864104 -0.99110882 -0.11398123  0.09278732]
 [ 0.2898482  -0.08951055  0.95287769  0.02385757]
 [-0.954608   -0.09844377  0.281127   -0.4278531 ]
 [ 0.          0.          0.          1.        ]]"
full_scene,96,110,71,14,30,0.29092694904849603,0.6976304481276857,0.0030545133797313497,0.002475754932642462,"[[-0.07745414  0.08448265 -0.99341006  0.07880283]
 [ 0.84450833 -0.52403745 -0.11041033 -0.01221095]
 [-0.52991183 -0.8474948  -0.03075743 -0.42737131]
 [ 0.          0.          0.          1.        ]]","[[ 0.13217181  0.17411003 -0.97581572  0.08385155]
 [ 0.64200663 -0.76509599 -0.04955414 -0.01910309]
 [-0.75522056 -0.6199305  -0.21290391 -0.43295629]
 [ 0.          0.          0.          1.        ]]"
full_scene,96,118,71,119,30,0.555596480458359,0.7747657049314508,0.0028304795308138632,0.0025220904866579555,"[[-0.00565646 -0.55535607 -0.83159343  0.08428911]
 [ 0.39408333 -0.76554447  0.50856661 -0.02517436]
 [-0.91905731 -0.32484043  0.22318684 -0.43715006]
 [ 0.          0.          0.          1.        ]]","[[ 0.1276208  -0.64543114 -0.75308139  0.08532891]
 [ 0.34004718 -0.68479586  0.64453281 -0.02771359]
 [-0.93170856 -0.338339    0.13208284 -0.43482685]
 [ 0.          0.          0.          1.        ]]"
full_scene,96,149,71,171,30,0.8167382852465725,0.792780847145488,0.0023493537699046637,0.002100419225066811,"[[-0.10594936 -0.95154648 -0.28867633  0.05765511]
 [-0.25361028  0.30656765 -0.91744106 -0.05795971]
 [ 0.96148664 -0.02399101 -0.27380262 -0.45816908]
 [ 0.          0.          0.          1.        ]]","[[-0.14488413 -0.94720785 -0.28601728  0.05538634]
 [-0.24296553  0.31427516 -0.91771394 -0.05983324]
 [ 0.95915397 -0.06346984 -0.27567233 -0.45930034]
 [ 0.          0.          0.          1.        ]]"
full_scene,96,152,71,213,30,0.6581379169224473,0.7350767341927563,0.0027168068557012794,0.00244406316539481,"[[ 0.13532014  0.58868153  0.79695829  0.03437264]
 [ 0.27160476  0.75150517 -0.60122445 -0.0738497 ]
 [-0.952848    0.29781544 -0.05819492 -0.4471945 ]
 [ 0.          0.          0.          1.        ]]","[[ 0.14869772  0.47656997  0.86646988  0.03187987]
 [ 0.19976085  0.84367104 -0.49831192 -0.07208874]
 [-0.96849605  0.24718461  0.03025193 -0.44551901]
 [ 0.          0.          0.          1.        ]]"
full_scene,96,154,71,205,22,0.7674728872518928,0.7853816247186413,0.0021149654720371753,0.002155569177757657,"[[-0.12888175 -0.97966899  0.15374711  0.03895188]
 [-0.30580523 -0.10822055 -0.94592361 -0.06198991]
 [ 0.94333062 -0.16892896 -0.28564024 -0.46573058]
 [ 0.          0.          0.          1.        ]]","[[-0.15093437 -0.97802471  0.14382795  0.03799133]
 [-0.30669695 -0.09198598 -0.94735187 -0.06340088]
 [ 0.93976369 -0.18709955 -0.28607334 -0.46513956]
 [ 0.          0.          0.          1.        ]]"
full_scene,96,157,71,148,30,0.2577041129527317,0.6858522611008799,0.0028075949474139082,0.002462134470720258,"[[ 0.08781974 -0.98511221  0.14778912  0.04261626]
 [ 0.46634896  0.17175812  0.86776598 -0.02832059]
 [-0.88023084 -0.00728568  0.47448981 -0.44024777]
 [ 0.          0.          0.          1.        ]]","[[ 0.12136817 -0.92696611  0.35496986  0.04483337]
 [ 0.41803258  0.37208645  0.82873424 -0.05287358]
 [-0.90028802  0.04780701  0.43266149 -0.44837051]
 [ 0.          0.          0.          1.        ]]"
full_scene,96,166,71,99,30,0.17794147738899121,0.5426069163085737,0.0029634657318528502,0.0024805845092316444,"[[ 0.07243583  0.7796921  -0.62195923  0.03335658]
 [ 0.99287088 -0.11555581 -0.02922785 -0.01900482]
 [-0.09465973 -0.61540806 -0.78250396 -0.47891475]
 [ 0.          0.          0.          1.        ]]","[[ 0.11300009  0.72619965 -0.6781335   0.02697037]
 [ 0.70704512 -0.5382866  -0.45862264 -0.04395234]
 [-0.69808178 -0.42764659 -0.57428236 -0.47143727]
 [ 0.          0.          0.          1.        ]]"
full_scene,96,180,71,149,30,0.644804583589114,0.7728013095968898,0.002691294276944079,0.0022167820235727085,"[[-0.20285918  0.44424961  0.87263419  0.00324163]
 [-0.14037361 -0.89515232  0.42308105 -0.07205102]
 [ 0.96909411 -0.03666894  0.24395079 -0.46570325]
 [ 0.          0.          0.          1.        ]]","[[-0.15116984  0.50011262  0.8526635   0.00555153]
 [-0.14169326 -0.86463175  0.48201137 -0.07732626]
 [ 0.9782999  -0.04795109  0.20156883 -0.46485421]
 [ 0.          0.          0.          1.        ]]"
full_scene,96,184,71,74,30,0.49881727030898304,0.6674851647227338,0.0026852777562692606,0.002474957173876549,"[[-0.04153117  0.7464874  -0.66410219  0.01242148]
 [-0.11431659  0.65676053  0.74538401 -0.05671037]
 [ 0.99257588  0.10687457  0.05805986 -0.47004877]
 [ 0.          0.          0.          1.        ]]","[[-0.08128744  0.77138016 -0.63116163  0.00580145]
 [-0.22141373  0.60345815  0.76603801 -0.06178848]
 [ 0.97178615  0.20201712  0.12174059 -0.46994839]
 [ 0.          0.          0.          1.        ]]"
full_scene,96,192,71,76,30,0.2503867403314917,0.468500102312257,0.0029457584217342236,0.002694525103494099,"[[ 0.33832418  0.11986893  0.93336391  0.02794707]
 [-0.75620465 -0.55569948  0.34547449 -0.03545908]
 [ 0.56008149 -0.8226965  -0.09736113 -0.46420439]
 [ 0.          0.          0.          1.        ]]","[[-6.52702253e-04  1.64564545e-01  9.86366101e-01  2.26916755e-02]
 [-6.59190919e-01 -7.41794101e-01  1.23324142e-01 -3.75513252e-02]
 [ 7.51975336e-01 -6.50123082e-01  1.08963624e-01 -4.72722731e-01]
 [ 0.00000000e+00  0.00000000e+00  0.00000000e+00  1.00000000e+00]]"
full_scene,96,193,71,131,30,0.2147902598731328,0.34125639451606304,0.0031293430783337654,0.0027516639433160773,"[[ 0.01754117  0.91910611 -0.39361943  0.02883314]
 [ 0.78275578 -0.25756245 -0.56652887 -0.02360395]
 [-0.62208174 -0.29817031 -0.72395357 -0.45055983]
 [ 0.          0.          0.          1.        ]]","[[ 0.11749381  0.89899342 -0.42190761  0.02444495]
 [ 0.68442572 -0.38113974 -0.62152549 -0.02853986]
 [-0.71955309 -0.21573902 -0.66007578 -0.45265264]
 [ 0.          0.          0.          1.        ]]"
full_scene,96,201,71,68,30,0.2574340085942296,0.47359934520155517,0.0029624454772131294,0.00277430419335261,"[[ 0.14269635  0.5739579  -0.80635605  0.01368145]
 [ 0.60366556 -0.69609123 -0.38864493 -0.03468483]
 [-0.78436321 -0.43131117 -0.4458083  -0.45832645]
 [ 0.          0.          0.          1.        ]]","[[ 0.06042971  0.51230382 -0.85667558  0.00653525]
 [ 0.53549858 -0.74092281 -0.40530811 -0.0470559 ]
 [-0.84237137 -0.4342559  -0.31911172 -0.46241306]
 [ 0.          0.          0.          1.        ]]"
full_scene,96,206,71,185,30,0.6582606916308574,0.7295027624309393,0.0026123742153540013,0.00258427168426622,"[[ 0.07970069  0.53318328  0.84223714 -0.01808285]
 [ 0.37142626  0.76819504 -0.52145845 -0.06125529]
 [-0.92503532  0.35438958 -0.1368126  -0.45909713]
 [ 0.          0.          0.          1.        ]]","[[ 0.07712425  0.64272086  0.76220846 -0.01848613]
 [ 0.2868946   0.71784534 -0.63434183 -0.06630236]
 [-0.95485252  0.26759663 -0.12902986 -0.46062997]
 [ 0.          0.          0.          1.        ]]"
full_scene,96,209,71,104,30,0.6113607530182116,0.7558747697974217,0.002877914444449368,0.0021116668891977583,"[[ 0.01598786 -0.05906144 -0.99812631 -0.01941987]
 [-0.16617359  0.98421417 -0.06089997 -0.06157164]
 [ 0.9859669   0.1668359   0.00592102 -0.46967976]
 [ 0.          0.          0.          1.        ]]","[[-0.09593927 -0.11417963 -0.9888168  -0.02772541]
 [-0.14095182  0.98494729 -0.10005706 -0.06770314]
 [ 0.98535691  0.12977613 -0.11058896 -0.47076862]
 [ 0.          0.          0.          1.        ]]"
full_scene,96,215,71,149,30,0.444231634949867,0.7611622672396153,0.0027297909359442507,0.0023205506523039108,"[[-0.01525844 -0.71962455 -0.69419571 -0.02470306]
 [-0.49168563  0.6099348  -0.62146985 -0.05586958]
 [ 0.87063909  0.3318434  -0.3631357  -0.46732371]
 [ 0.          0.          0.          1.        ]]","[[-0.0825131  -0.65683394 -0.74950701 -0.0340002 ]
 [-0.30695801  0.732259   -0.60792561 -0.05559601]
 [ 0.94813942  0.17990536 -0.2620414  -0.47912397]
 [ 0.          0.          0.          1.        ]]"
full_scene,96,238,71,73,30,0.42383466339267445,0.7723756906077348,0.00272202539247199,0.0022649897076958718,"[[ 0.06358153 -0.97342058 -0.22002219 -0.05277341]
 [-0.50203597  0.15934291 -0.85004101 -0.04721775]
 [ 0.86250639  0.16450596 -0.47856087 -0.46835262]
 [ 0.          0.          0.          1.        ]]","[[-0.04651784 -0.97475767 -0.21836567 -0.05211747]
 [-0.23112467  0.22317322 -0.9469821  -0.04943998]
 [ 0.97181144  0.00641813 -0.23567208 -0.47508887]
 [ 0.          0.          0.          1.        ]]"
full_scene,96,239,71,144,22,0.6360302844280745,0.7631675874769798,0.0026621800070696883,0.002247089937715633,"[[-0.07387452  0.80720896  0.58562467 -0.05890689]
 [-0.19722138 -0.58745681  0.78485554 -0.04617178]
 [ 0.97757163 -0.05751687  0.20259696 -0.4742903 ]
 [ 0.          0.          0.          1.        ]]","[[-0.04696696  0.86733648  0.4955013  -0.05550516]
 [-0.17032294 -0.4957381   0.85160662 -0.04927321]
 [ 0.98426836 -0.04439786  0.17101062 -0.47262626]
 [ 0.          0.          0.          1.        ]]"
full_scene,96,241,71,128,30,0.36504194802537343,0.7371884591774095,0.002911291479982345,0.002627980772512561,"[[ 0.15121885  0.02042679  0.98828923 -0.06750537]
 [ 0.0965678   0.99469899 -0.03533518 -0.04022253]
 [-0.98377209  0.10078026  0.14844467 -0.46050451]
 [ 0.          0.          0.          1.        ]]","[[ 0.00388197 -0.06532089  0.99785676 -0.06330901]
 [ 0.16930944  0.98350077  0.06372246 -0.0429741 ]
 [-0.9855553   0.1686992   0.01487737 -0.45352749]
 [ 0.          0.          0.          1.        ]]"
full_scene,96,242,71,101,30,0.36101493758952324,0.47331287088193164,0.0029209867145986294,0.002558161346885092,"[[ 0.05418399  0.77061583  0.63499239 -0.05254177]
 [-0.16930868 -0.61962822  0.76641727 -0.05625009]
 [ 0.98407249 -0.14903727  0.09689802 -0.4754096 ]
 [ 0.          0.          0.          1.        ]]","[[ 0.02341713  0.86691683  0.49790245 -0.04661255]
 [-0.19341752 -0.48470044  0.85302705 -0.04837161]
 [ 0.98083704 -0.1162785   0.15632661 -0.4727734 ]
 [ 0.          0.          0.          1.        ]]"
full_scene,96,244,71,218,30,0.4291303458154287,0.7653939021894823,0.002772088203410322,0.002304513864768391,"[[ 0.25099524 -0.85470893 -0.45439413 -0.04849946]
 [-0.32271992  0.36867744 -0.87173895 -0.0415208 ]
 [ 0.91260793  0.36544437 -0.18329532 -0.48208202]
 [ 0.          0.          0.          1.        ]]","[[-0.01310092 -0.92143963 -0.38830062 -0.05982879]
 [-0.29658244  0.37443954 -0.87854077 -0.03748195]
 [ 0.95491739  0.10365346 -0.27818832 -0.47638909]
 [ 0.          0.          0.          1.        ]]"
full_scene,97,76,71,54,18,0.3725475751995089,0.8271413955391856,0.0028845631265650962,0.002148285650067179,"[[-0.63611743  0.04705369 -0.77015619 -0.03689082]
 [ 0.67458191  0.51844681 -0.52550182 -0.0231618 ]
 [ 0.37455822 -0.8538143  -0.36153462 -0.42316178]
 [ 0.          0.          0.          1.        ]]","[[-0.59184841 -0.06976932 -0.8030241  -0.04014094]
 [ 0.49985372  0.74978799 -0.43354841 -0.02181635]
 [ 0.63234621 -0.65798952 -0.40888638 -0.41984657]
 [ 0.          0.          0.          1.        ]]"
full_scene,97,77,71,137,30,0.4541354614282791,0.7742500511561285,0.002722846661784258,0.0024429339120876983,"[[ 0.64124116  0.49960477  0.58241295 -0.04506583]
 [-0.40538951  0.86500442 -0.29568006 -0.00214893]
 [-0.65151295 -0.04650188  0.75721097 -0.41054468]
 [ 0.          0.          0.          1.        ]]","[[ 0.59633741  0.58500182  0.54968588 -0.05172036]
 [-0.52683538  0.80187676 -0.28184773 -0.01416867]
 [-0.60566177 -0.12151763  0.78638876 -0.41044219]
 [ 0.          0.          0.          1.        ]]"
full_scene,97,80,71,17,30,0.37926744423981995,0.7415919787190506,0.0029505781808852266,0.002508147536841169,"[[ 0.7147258  -0.68336346  0.14893426 -0.04062878]
 [-0.61143559 -0.50710892  0.60744305 -0.02351843]
 [-0.33957849 -0.52521893 -0.78027657 -0.41889713]
 [ 0.          0.          0.          1.        ]]","[[ 0.62550997 -0.78019205 -0.00613576 -0.05138757]
 [-0.578234   -0.46884355  0.6677059  -0.01725333]
 [-0.52381554 -0.41410879 -0.74439989 -0.41209759]
 [ 0.          0.          0.          1.        ]]"
full_scene,97,81,71,25,20,0.4055657867812564,0.7394229588704727,0.0026828128532217234,0.0021820998746326266,"[[-0.78265782  0.52776274 -0.33002004 -0.0290141 ]
 [ 0.41462039  0.83747507  0.35598517 -0.02992733]
 [ 0.46425926  0.14178154 -0.8742776  -0.42527536]
 [ 0.          0.          0.          1.        ]]","[[-0.62768139  0.70359907 -0.33311323 -0.03896303]
 [ 0.61294623  0.71048166  0.34570613 -0.02857649]
 [ 0.47990935  0.01281281 -0.87722451 -0.41971923]
 [ 0.          0.          0.          1.        ]]"
full_scene,97,102,71,168,30,0.24135870677307142,0.3843830570902394,0.0028401883234801762,0.002772915637091559,"[[-0.32810311  0.34077623 -0.88103343 -0.04801507]
 [ 0.92989623  0.28066316 -0.23774185 -0.0253356 ]
 [ 0.16625686 -0.89727351 -0.40897299 -0.40697065]
 [ 0.          0.          0.          1.        ]]","[[-0.49563032  0.07345378 -0.86542194 -0.04234202]
 [ 0.82053889  0.36624483 -0.43884013 -0.02539034]
 [ 0.28472184 -0.92761483 -0.24179372 -0.41046397]
 [ 0.          0.          0.          1.        ]]"
full_scene,97,103,71,131,30,0.5779005524861879,0.7616861059954982,0.002521007367720883,0.0027085483681643114,"[[-0.58773393  0.04070222 -0.8080298  -0.04114536]
 [ 0.51236031  0.79166521 -0.3327959  -0.02236604]
 [ 0.62614355 -0.60959783 -0.48614271 -0.41206092]
 [ 0.          0.          0.          1.        ]]","[[-0.41891288 -0.07316992 -0.90507357 -0.04507565]
 [ 0.55695417  0.76652386 -0.31975496 -0.01907297]
 [ 0.71715692 -0.63803396 -0.28035443 -0.41260877]
 [ 0.          0.          0.          1.        ]]"
full_scene,97,104,71,100,30,0.4623368119500716,0.6831921424186618,0.0029492366028465973,0.002481672633120913,"[[ 4.83974757e-01  3.90347159e-01 -7.83196993e-01 -5.78307838e-02]
 [-4.94730484e-01 -6.16186430e-01 -6.12826266e-01 -2.55170898e-04]
 [-7.21810351e-01  6.84063871e-01 -1.05102038e-01 -4.04468990e-01]
 [ 0.00000000e+00  0.00000000e+00  0.00000000e+00  1.00000000e+00]]","[[ 0.41792971  0.30698833 -0.85503972 -0.05836183]
 [-0.61894693 -0.5927293  -0.51534131 -0.00577121]
 [-0.66501087  0.74460066 -0.0577097  -0.40072316]
 [ 0.          0.          0.          1.        ]]"
full_scene,97,105,71,88,30,0.5717045222017598,0.795915694700225,0.002947930703368934,0.0024251530223697157,"[[-3.69710524e-01  1.68618686e-01 -9.13718702e-01 -4.36212127e-02]
 [ 4.14877853e-01  9.09877116e-01  4.11233684e-05 -1.23929692e-02]
 [ 8.31378672e-01 -3.79066449e-01 -4.06347304e-01 -4.09478638e-01]
 [ 0.00000000e+00  0.00000000e+00  0.00000000e+00  1.00000000e+00]]","[[-0.4199274   0.22977077 -0.87798996 -0.04659685]
 [ 0.54643522  0.83642449 -0.04245746 -0.01416252]
 [ 0.72461682 -0.49759368 -0.47679241 -0.41120126]
 [ 0.          0.          0.          1.        ]]"
full_scene,97,108,71,161,30,0.5583957438101085,0.7444157970124821,0.00267146852682063,0.002213566315082825,"[[-0.15465791  0.47122207 -0.86834941 -0.04495826]
 [ 0.69556513  0.67611455  0.24301905 -0.01131826]
 [ 0.70161961 -0.56640875 -0.4323321  -0.40096879]
 [ 0.          0.          0.          1.        ]]","[[-0.2335875   0.42751129 -0.87331036 -0.05339042]
 [ 0.69546535  0.70115003  0.15721506 -0.00919195]
 [ 0.6795328  -0.57063362 -0.46109917 -0.40159433]
 [ 0.          0.          0.          1.        ]]"
full_scene,97,110,71,100,30,0.3167669326785349,0.333341518313894,0.002858510427915147,0.0025685662839185913,"[[-0.11132581 -0.48613572 -0.86676331 -0.05212192]
 [ 0.866393    0.37975412 -0.32426839 -0.02532959]
 [ 0.48679538 -0.7870571   0.37890815 -0.39829233]
 [ 0.          0.          0.          1.        ]]","[[ 0.00704195 -0.39850513 -0.91713907 -0.05025997]
 [ 0.92402757  0.35319706 -0.14637244 -0.02420331]
 [ 0.38226099 -0.84643104  0.37071692 -0.40883278]
 [ 0.          0.          0.          1.        ]]"
full_scene,97,112,71,121,30,0.269670554532433,0.34249232658072437,0.0030785964349055363,0.0026965439348048074,"[[ 0.3942715  -0.90422323  0.16410465 -0.05570895]
 [-0.91872578 -0.38350721  0.09415494  0.00390739]
 [-0.02220177 -0.18788978 -0.98193916 -0.4019717 ]
 [ 0.          0.          0.          1.        ]]","[[ 0.44721695 -0.89441741  0.00380785 -0.05912866]
 [-0.87953519 -0.43899414  0.18358102 -0.0018511 ]
 [-0.16252644 -0.08544968 -0.98299721 -0.39928491]
 [ 0.          0.          0.          1.        ]]"
full_scene,97,126,71,73,30,0.5948352772662165,0.7325148352772662,0.0029093446147858255,0.0026121157195044065,"[[-0.03043003  0.57202353 -0.81967255 -0.05689821]
 [ 0.75018391  0.55498935  0.35945921 -0.00474836]
 [ 0.66052867 -0.6039668  -0.44601119 -0.40979329]
 [ 0.          0.          0.          1.        ]]","[[-0.06546391  0.58785806 -0.80631097 -0.05574854]
 [ 0.8015543   0.51225467  0.30839238 -0.00883993]
 [ 0.5943275  -0.62611345 -0.50473435 -0.40460007]
 [ 0.          0.          0.          1.        ]]"
full_scene,97,127,71,167,30,0.3203519541641089,0.59634131368938,0.002988090202153774,0.0025001282142280376,"[[ 6.65396506e-02 -1.62959977e-01  9.84386368e-01 -8.06700590e-02]
 [-7.85389771e-01  5.99946004e-01  1.52406365e-01 -8.48593662e-04]
 [-6.15414805e-01 -7.83268050e-01 -8.80669013e-02 -3.97641409e-01]
 [ 0.00000000e+00  0.00000000e+00  0.00000000e+00  1.00000000e+00]]","[[ 0.08859749 -0.00844398  0.99603172 -0.0717513 ]
 [-0.78027796  0.62095945  0.07467035  0.00771044]
 [-0.61912583 -0.7837972   0.0484268  -0.39803569]
 [ 0.          0.          0.          1.        ]]"
full_scene,97,128,71,187,30,0.4767341927562922,0.7806998158379373,0.0027757287874891367,0.0026940847186490346,"[[-0.0929859   0.38407678 -0.91860691 -0.05097382]
 [-0.83723699 -0.52949471 -0.13663667  0.01035822]
 [-0.53887647  0.7563864   0.37079882 -0.40005835]
 [ 0.          0.          0.          1.        ]]","[[ 0.0604152   0.5150776  -0.85501174 -0.055342  ]
 [-0.7768935  -0.51355749 -0.36427352  0.00907419]
 [-0.62672681  0.68626072  0.36913376 -0.39253139]
 [ 0.          0.          0.          1.        ]]"
full_scene,97,130,71,64,23,0.41208103130755064,0.8136934724780028,0.0027714033793118675,0.0022878970083388284,"[[ 0.21571174 -0.96297724 -0.16168883 -0.06082579]
 [ 0.85694502  0.26607613 -0.44141672 -0.01158163]
 [ 0.46809579 -0.04333967  0.8826143  -0.40024756]
 [ 0.          0.          0.          1.        ]]","[[-0.06231852 -0.973279   -0.22100766 -0.05559668]
 [ 0.75093204  0.10014001 -0.65274272 -0.00341814]
 [ 0.65743249 -0.20663969  0.72462581 -0.39782619]
 [ 0.          0.          0.          1.        ]]"
full_scene,97,132,71,123,30,0.4388868426437487,0.7021812973194189,0.0028347698972006536,0.002419589891316636,"[[-0.05820429  0.99820308  0.01424325 -0.06643917]
 [ 0.63442219  0.02596913  0.77255038 -0.00794092]
 [ 0.77079228  0.05400198 -0.6347937  -0.39082115]
 [ 0.          0.          0.          1.        ]]","[[-0.11218602  0.99274864  0.04317906 -0.05495929]
 [ 0.66641559  0.0429338   0.7443433  -0.00540875]
 [ 0.73709196  0.11228011 -0.66639974 -0.39639476]
 [ 0.          0.          0.          1.        ]]"
full_scene,97,145,71,150,30,0.28680171884591776,0.5693226928586045,0.002836748113541049,0.002455222630000296,"[[-0.48596134  0.23753061  0.8410831  -0.06948791]
 [-0.85669165  0.06100666 -0.51220856  0.01974717]
 [-0.17297688 -0.96946243  0.17384361 -0.38799729]
 [ 0.          0.          0.          1.        ]]","[[-0.17124097  0.67721792  0.71557838 -0.06546929]
 [-0.81091713  0.31561275 -0.49274943  0.02002754]
 [-0.55954441 -0.66465366  0.49512178 -0.38886879]
 [ 0.          0.          0.          1.        ]]"
full_scene,97,163,71,69,17,0.3237405361162267,0.8102475956619603,0.0028091026004709065,0.0020201435265554076,"[[ 0.26456857 -0.95550276 -0.1304529  -0.05388438]
 [ 0.7663385   0.2904273  -0.57304214  0.00816895]
 [ 0.58543043  0.05163786  0.80907648 -0.38696675]
 [ 0.          0.          0.          1.        ]]","[[ 0.39235784 -0.91811021 -0.05593713 -0.05601248]
 [ 0.64618522  0.31840735 -0.69358591  0.01784807]
 [ 0.65459911  0.23598812  0.71819887 -0.3766537 ]
 [ 0.          0.          0.          1.        ]]"
full_scene,97,172,71,31,30,0.3267771639042357,0.35952527112748106,0.003036323207596887,0.0027676995453683045,"[[ 0.40940402 -0.72717542 -0.55100295 -0.06047655]
 [ 0.64996687  0.65628647 -0.38318551  0.0170217 ]
 [ 0.64025887 -0.20125598  0.74132626 -0.36782104]
 [ 0.          0.          0.          1.        ]]","[[ 0.39650537 -0.53788726 -0.74394946 -0.06259946]
 [ 0.64142287  0.7420777  -0.19467253  0.02118005]
 [ 0.65678017 -0.39999749  0.63925098 -0.37562959]
 [ 0.          0.          0.          1.        ]]"
full_scene,97,187,62,1,30,0.29777896549676347,0.34826889957835977,0.002916279016607027,0.0028777498061701803,"[[ 0.8676683   0.21717057  0.44720093 -0.13411818]
 [-0.45874775  0.69640112  0.55188403 -0.03772066]
 [-0.19157826 -0.68400469  0.70387169 -0.39181985]
 [ 0.          0.          0.          1.        ]]","[[ 0.96687669  0.15957527  0.19921144 -0.13726465]
 [-0.25419784  0.6725902   0.69498624 -0.03956657]
 [-0.02308505 -0.72260511  0.69087548 -0.39363937]
 [ 0.          0.          0.          1.        ]]"
full_scene,97,219,71,94,30,0.4354000409249028,0.6937343973808062,0.0028509861943775876,0.002324091472352478,"[[ 0.89696172 -0.30628193  0.31882761 -0.03283052]
 [ 0.41302354  0.32326908 -0.85141568  0.05339087]
 [ 0.15770613  0.89537058  0.41646164 -0.37720172]
 [ 0.          0.          0.          1.        ]]","[[ 0.93006555 -0.36043442  0.07116949 -0.02514739]
 [ 0.2770496   0.56084735 -0.78018829  0.05254882]
 [ 0.2412915   0.74534373  0.62148301 -0.37581203]
 [ 0.          0.          0.          1.        ]]"
full_scene,97,222,71,104,30,0.4235318191119296,0.6802291794556988,0.0029847830316609247,0.0026225362040390118,"[[-0.95961173 -0.19496607 -0.20281411 -0.01683617]
 [-0.28104814  0.69650695  0.66021967  0.05281055]
 [ 0.012541    0.69055507 -0.72317109 -0.36305577]
 [ 0.          0.          0.          1.        ]]","[[-0.91350022 -0.40548262  0.03318414 -0.01155535]
 [-0.27138871  0.66810259  0.69281101  0.0517098 ]
 [-0.30309323  0.62387721 -0.72035527 -0.36265245]
 [ 0.          0.          0.          1.        ]]"
full_scene,97,225,71,139,30,0.36072027828933906,0.6464906895846122,0.0031749523018015312,0.0026678295125693047,"[[-9.15756224e-01 -4.00658501e-01 -2.93820188e-02 -1.82421890e-02]
 [-4.01734339e-01  9.13347562e-01  6.63758367e-02  4.05633995e-02]
 [ 2.41952063e-04  7.25878515e-02 -9.97361993e-01 -3.56242556e-01]
 [ 0.00000000e+00  0.00000000e+00  0.00000000e+00  1.00000000e+00]]","[[-0.90541465 -0.37978845  0.18969724 -0.01225846]
 [-0.25872074  0.84791044  0.4627218   0.04540227]
 [-0.33658267  0.36987649 -0.86596968 -0.35667964]
 [ 0.          0.          0.          1.        ]]"
full_scene,97,226,71,86,16,0.3679230611827297,0.7192551667689789,0.0029405288089706266,0.0021726554391815747,"[[ 0.99932435  0.02045091 -0.03053866 -0.0237468 ]
 [ 0.03668369 -0.6063268   0.79436901  0.04890043]
 [-0.00227085 -0.79495256 -0.60666735 -0.35304811]
 [ 0.          0.          0.          1.        ]]","[[ 0.9673541   0.25300303 -0.01468018 -0.01778913]
 [ 0.14521137 -0.50587662  0.85029554  0.04490462]
 [ 0.20770099 -0.8246686  -0.52610074 -0.36263125]
 [ 0.          0.          0.          1.        ]]"
full_scene,97,233,71,111,15,0.39998363003887866,0.6097728667894414,0.0030790528992210063,0.0022545930197134813,"[[ 0.94208873  0.28746933 -0.17271425 -0.01738094]
 [ 0.33068638 -0.71056954  0.62107765  0.05692466]
 [ 0.05581529 -0.64222451 -0.76448175 -0.37702443]
 [ 0.          0.          0.          1.        ]]","[[ 0.98191318  0.18752795  0.02607244 -0.01292869]
 [ 0.14370895 -0.82785849  0.54221588  0.05625984]
 [ 0.12326492 -0.52866208 -0.83983461 -0.38033399]
 [ 0.          0.          0.          1.        ]]"
full_scene,98,9,71,130,30,0.227280540208717,0.3772948639246982,0.002692951075632342,0.0027500140568861766,"[[ 0.80599793  0.588593   -0.06265479 -0.00378206]
 [ 0.313342   -0.51407437 -0.79846373 -0.02668175]
 [-0.50217939  0.62392774 -0.59877378 -0.47740537]
 [ 0.          0.          0.          1.        ]]","[[ 0.67304013  0.73205715  0.1054007  -0.00641089]
 [ 0.44316825 -0.28507287 -0.84990314 -0.03880006]
 [-0.5921308   0.61872917 -0.51628997 -0.47128578]
 [ 0.          0.          0.          1.        ]]"
full_scene,98,10,71,84,9,0.5390710047063638,0.7528381420094127,0.0027110355587967603,0.0021496826521821676,"[[-0.41546012 -0.72243464 -0.55270342 -0.00848612]
 [-0.75571829  0.61231619 -0.23229025 -0.0439505 ]
 [ 0.50624378  0.32118075 -0.80035003 -0.4826856 ]
 [ 0.          0.          0.          1.        ]]","[[-0.41331037 -0.75783908 -0.50483112 -0.0091493 ]
 [-0.79191713  0.57281463 -0.21154352 -0.03829042]
 [ 0.4494906   0.31235128 -0.83689598 -0.47469916]
 [ 0.          0.          0.          1.        ]]"
full_scene,98,12,71,113,30,0.3063147125025578,0.5610149375895233,0.002905058172645589,0.0027045684775470332,"[[ 0.53035286 -0.52478298 -0.66582931 -0.00276738]
 [ 0.78157455 -0.00160169  0.62380979 -0.04421514]
 [-0.32843121 -0.85123455  0.40930756 -0.47132273]
 [ 0.          0.          0.          1.        ]]","[[ 0.42897297 -0.38800528 -0.81574144 -0.02168762]
 [ 0.82465963 -0.20034894  0.52895822 -0.04681125]
 [-0.36867151 -0.89961781  0.23402801 -0.47593105]
 [ 0.          0.          0.          1.        ]]"
full_scene,98,23,71,98,30,0.22346633926744425,0.8137507673419275,0.0030843593720402502,0.002046031094261505,"[[-0.78035527 -0.62463324  0.02964745 -0.0191148 ]
 [-0.53430187  0.64137037 -0.55060472 -0.03928606]
 [ 0.32491102 -0.44550798 -0.83423945 -0.46976491]
 [ 0.          0.          0.          1.        ]]","[[-0.45386279 -0.88995224 -0.04464956 -0.01955317]
 [-0.69537726  0.38507439 -0.60676865 -0.043439  ]
 [ 0.55718852 -0.24434142 -0.79362348 -0.46531958]
 [ 0.          0.          0.          1.        ]]"
full_scene,98,25,71,158,30,0.7417147534274606,0.8360712093308779,0.0027543900734329587,0.0019437847076341848,"[[-0.46293965 -0.8639863  -0.19802663 -0.01481545]
 [-0.69172414  0.49183672 -0.52878574 -0.04429801]
 [ 0.5542604  -0.10781609 -0.8253309  -0.45980415]
 [ 0.          0.          0.          1.        ]]","[[-0.44017122 -0.89768761  0.02015581 -0.01769033]
 [-0.66200074  0.30927568 -0.68271779 -0.0484507 ]
 [ 0.60663359 -0.31385588 -0.73040411 -0.46211464]
 [ 0.          0.          0.          1.        ]]"
full_scene,98,26,71,105,24,0.2722979332924084,0.44921628811131575,0.0028679725493949756,0.0026494317117440767,"[[-0.67261891  0.32156745 -0.66646694  0.0015922 ]
 [-0.23033367  0.76492233  0.60153157 -0.03918156]
 [ 0.70322841  0.55811128 -0.44043341 -0.47299063]
 [ 0.          0.          0.          1.        ]]","[[-0.67179571  0.24575613 -0.69878068 -0.00355786]
 [-0.26807421  0.79875269  0.53863749 -0.04187879]
 [ 0.69052642  0.54917944 -0.47071776 -0.47058566]
 [ 0.          0.          0.          1.        ]]"
full_scene,98,27,71,91,30,0.632281563331287,0.8450665029670554,0.0026090010950679757,0.0019461626177091748,"[[-0.37589107 -0.69274786 -0.61547243 -0.0070268 ]
 [-0.61780705  0.68237775 -0.39073655 -0.05850287]
 [ 0.6906666   0.23336883 -0.68448421 -0.46167914]
 [ 0.          0.          0.          1.        ]]","[[-0.42716507 -0.83482903 -0.34726142 -0.01412307]
 [-0.615106    0.54980715 -0.56511655 -0.05414597]
 [ 0.66270251 -0.02779547 -0.74836675 -0.45927236]
 [ 0.          0.          0.          1.        ]]"
full_scene,98,28,71,170,30,0.3591405770411295,0.8719787190505423,0.002861276149650294,0.0019039475289841028,"[[-0.36434931 -0.85850232  0.36086473 -0.0046221 ]
 [-0.80053053  0.09074283 -0.59238214 -0.05754875]
 [ 0.47581555 -0.50471726 -0.72031941 -0.46219165]
 [ 0.          0.          0.          1.        ]]","[[-0.41061069 -0.91013943  0.05518222 -0.01098642]
 [-0.6088535   0.22862882 -0.75962246 -0.05765986]
 [ 0.67874611 -0.34550699 -0.64801902 -0.45750969]
 [ 0.          0.          0.          1.        ]]"
full_scene,98,29,71,186,30,0.4300552486187845,0.484280744833231,0.0028705538803689137,0.002680754635168905,"[[-0.46658031 -0.87460499 -0.13179125 -0.00405869]
 [-0.74550424  0.46905908 -0.47350502 -0.04529165]
 [ 0.47594774 -0.12267719 -0.87087546 -0.45150481]
 [ 0.          0.          0.          1.        ]]","[[-0.51542828 -0.85494854  0.05828114 -0.0033071 ]
 [-0.72435074  0.39833428 -0.5627129  -0.04903762]
 [ 0.4578752  -0.33225413 -0.82459535 -0.4597528 ]
 [ 0.          0.          0.          1.        ]]"
full_scene,98,30,71,59,30,0.2055903417229384,0.49943932883159403,0.0031842069248734666,0.0025457058681297817,"[[-0.73591901  0.26201612 -0.62431624  0.01635983]
 [-0.30314332  0.69699247  0.64985046 -0.04929975]
 [ 0.60541502  0.6674946  -0.43350157 -0.47019641]
 [ 0.          0.          0.          1.        ]]","[[-0.63305384  0.27204714 -0.72472973  0.00835295]
 [-0.28190053  0.79091122  0.54313123 -0.05344517]
 [ 0.72095417  0.54813301 -0.42399915 -0.4643052 ]
 [ 0.          0.          0.          1.        ]]"
full_scene,98,31,71,198,28,0.5204829138530797,0.8507550644567219,0.002864230555577068,0.0020178846235568816,"[[-0.43510976  0.0564069  -0.89860879 -0.01211394]
 [-0.41472277  0.87330347  0.25562878 -0.06006223]
 [ 0.7991774   0.4839001  -0.35658964 -0.45699291]
 [ 0.          0.          0.          1.        ]]","[[-0.42917143 -0.12984777 -0.89384083 -0.01638672]
 [-0.50836359  0.85271035  0.12021446 -0.06028024]
 [ 0.74657776  0.50598874 -0.4319688  -0.44990851]
 [ 0.          0.          0.          1.        ]]"
full_scene,98,39,71,122,30,0.4032985471659505,0.7315571925516677,0.0028014448956388657,0.002488839978073605,"[[ 0.63583171 -0.24918679 -0.73049571 -0.03539492]
 [ 0.55656472 -0.50770224  0.65762767 -0.04395442]
 [-0.53474644 -0.82470866 -0.18412461 -0.45475183]
 [ 0.          0.          0.          1.        ]]","[[ 0.5261657  -0.06862618 -0.84760846 -0.04225269]
 [ 0.60594883 -0.66906551  0.43032239 -0.04627015]
 [-0.59663698 -0.74002823 -0.31045537 -0.44733329]
 [ 0.          0.          0.          1.        ]]"
full_scene,98,41,71,110,30,0.3549171270718232,0.7351012891344383,0.0027532724680914772,0.002520428581576753,"[[ 0.71319241 -0.05987051 -0.69840683 -0.0333416 ]
 [ 0.55675161 -0.55697478  0.61628462 -0.03568638]
 [-0.42589227 -0.82836865 -0.36389719 -0.45550589]
 [ 0.          0.          0.          1.        ]]","[[ 0.53200383  0.03779785 -0.84589789 -0.04586625]
 [ 0.66205796 -0.64136507  0.38772427 -0.04015318]
 [-0.52787421 -0.76630423 -0.36623304 -0.45063657]
 [ 0.          0.          0.          1.        ]]"
full_scene,98,43,71,115,30,0.31715162676488645,0.7511438510333538,0.002889713165150882,0.0020999936921533243,"[[-0.66513936 -0.71563858 -0.21319254 -0.03124878]
 [-0.61248754  0.68617985 -0.392449   -0.0102314 ]
 [ 0.42714007 -0.1304555  -0.89472494 -0.46043181]
 [ 0.          0.          0.          1.        ]]","[[-0.51877207 -0.85233467  0.06634112 -0.03368281]
 [-0.71351682  0.38892022 -0.58278196 -0.02541219]
 [ 0.47092387 -0.34966651 -0.80991607 -0.46058156]
 [ 0.          0.          0.          1.        ]]"
full_scene,98,51,71,127,30,0.2722406384284837,0.45916103949253123,0.002714447276296999,0.00261226961514033,"[[-0.68734062  0.39722738 -0.60808986 -0.02831271]
 [-0.69720688 -0.12611392  0.70568963 -0.0168429 ]
 [ 0.20363065  0.90901358  0.36363288 -0.45509403]
 [ 0.          0.          0.          1.        ]]","[[-0.5667777   0.69009547 -0.45003475 -0.03589204]
 [-0.70921727 -0.13070512  0.69276766 -0.0234046 ]
 [ 0.41925398  0.71181768  0.56350838 -0.45362667]
 [ 0.          0.          0.          1.        ]]"
full_scene,98,52,71,126,30,0.2737303048905259,0.8628852056476366,0.0027771576917663375,0.0019476446297004959,"[[-0.74534525 -0.41975107 -0.51794739 -0.04186549]
 [-0.56760223  0.80705607  0.16275201 -0.02426235]
 [ 0.34969725  0.41529453 -0.83978705 -0.45886995]
 [ 0.          0.          0.          1.        ]]","[[-0.53921388 -0.49892878 -0.67846773 -0.04386993]
 [-0.52441015  0.82928925 -0.19306304 -0.03144727]
 [ 0.6589707   0.25169309 -0.70880759 -0.44901686]
 [ 0.          0.          0.          1.        ]]"
full_scene,98,53,71,156,21,0.756365868631062,0.7637241661551054,0.0030347728591897994,0.002520883527489562,"[[ 0.53552753  0.812782   -0.22933749 -0.05259859]
 [ 0.51092548 -0.52803929 -0.67832858 -0.03504681]
 [-0.67243246  0.24608926 -0.69805061 -0.43675212]
 [ 0.          0.          0.          1.        ]]","[[ 0.54893545  0.8232245  -0.14481473 -0.05640346]
 [ 0.49143833 -0.45800434 -0.74075663 -0.03914656]
 [-0.67613478  0.33546007 -0.65597889 -0.43764136]
 [ 0.          0.          0.          1.        ]]"
full_scene,98,55,71,217,30,0.5978637200736648,0.8605443012072846,0.0029268908355665943,0.0019896697813913777,"[[-0.49009593 -0.60911109 -0.62352999 -0.0339824 ]
 [-0.26159244  0.7851349  -0.56136672 -0.03868701]
 [ 0.83148985 -0.11201281 -0.54413027 -0.45209942]
 [ 0.          0.          0.          1.        ]]","[[-0.53642151 -0.75042425 -0.38615464 -0.04183949]
 [-0.45479832  0.64247226 -0.61675594 -0.03884261]
 [ 0.71092226 -0.15521867 -0.68592763 -0.44792356]
 [ 0.          0.          0.          1.        ]]"
full_scene,98,56,71,101,30,0.3063474524248005,0.5559320646613465,0.002965742146149931,0.0025411594230497015,"[[ 0.90590447  0.22087004  0.36132191 -0.03716817]
 [ 0.1065196   0.70694018 -0.69920609 -0.04097663]
 [-0.40986666  0.67190178  0.61689328 -0.45484867]
 [ 0.          0.          0.          1.        ]]","[[ 0.63164696  0.36258104  0.68524237 -0.04324367]
 [ 0.24175165  0.74769658 -0.61847066 -0.04311796]
 [-0.73659911  0.55631359  0.38462571 -0.44054516]
 [ 0.          0.          0.          1.        ]]"
full_scene,98,57,71,127,21,0.3846695314098629,0.8979905872723553,0.0028807222662780387,0.0020089401287762924,"[[-0.62945723 -0.49364411 -0.60008257 -0.03517598]
 [-0.54074723  0.83287749 -0.11793014 -0.04829979]
 [ 0.55801078  0.25026101 -0.79119744 -0.45304347]
 [ 0.          0.          0.          1.        ]]","[[-0.52290228 -0.34425978 -0.779781   -0.03812285]
 [-0.4126661   0.90270186 -0.1218033  -0.04473132]
 [ 0.74584174  0.25809796 -0.6140892  -0.44751326]
 [ 0.          0.          0.          1.        ]]"
full_scene,98,59,71,261,15,0.8073664825046041,0.9070595457335788,0.0027859308790755704,0.001934883513771781,"[[-0.4271803  -0.27928105 -0.85995296 -0.0335137 ]
 [-0.4229314   0.90235604 -0.08296149 -0.04734593]
 [ 0.79915332  0.3282616  -0.50358545 -0.44517909]
 [ 0.          0.          0.          1.        ]]","[[-0.51107353 -0.1880159  -0.83872157 -0.03315608]
 [-0.39910231  0.91612589  0.0378247  -0.05162909]
 [ 0.76126289  0.35406692 -0.54324527 -0.44619057]
 [ 0.          0.          0.          1.        ]]"
full_scene,98,61,71,125,30,0.34363822385921833,0.7603846940863516,0.0029117091291238732,0.002470550846956843,"[[ 0.64154108 -0.75922981 -0.10952236 -0.04620211]
 [ 0.55371577  0.35953609  0.75108764 -0.0556198 ]
 [-0.53087088 -0.54249783  0.65105469 -0.4375148 ]
 [ 0.          0.          0.          1.        ]]","[[ 0.53921661 -0.83925265  0.07000311 -0.05329822]
 [ 0.2906944   0.26349333  0.91981956 -0.05415408]
 [-0.79040636 -0.47563247  0.38604602 -0.42951367]
 [ 0.          0.          0.          1.        ]]"
full_scene,98,62,71,109,30,0.7034172293840802,0.8629670554532433,0.002863062832512279,0.001941051877104648,"[[-0.54361441 -0.40718101 -0.733953   -0.04536109]
 [-0.17098366  0.90983241 -0.37811317 -0.04631677]
 [ 0.82173473 -0.0800538  -0.56421931 -0.44422508]
 [ 0.          0.          0.          1.        ]]","[[-0.52483407 -0.562049   -0.63925747 -0.04632041]
 [-0.29336434  0.8244275  -0.48400068 -0.04414969]
 [ 0.79905354 -0.06648471 -0.59757278 -0.44135367]
 [ 0.          0.          0.          1.        ]]"
full_scene,98,68,71,106,30,0.5762717413546142,0.8874237773685287,0.002588117897464822,0.0019669022827806548,"[[-0.59759861 -0.73196447 -0.32726736 -0.04823454]
 [-0.49814381  0.65877756 -0.56379506 -0.02472446]
 [ 0.62827434 -0.17389694 -0.75830812 -0.44353156]
 [ 0.          0.          0.          1.        ]]","[[-0.54153916 -0.74470469 -0.39006443 -0.05406065]
 [-0.41072937  0.63921783 -0.65015533 -0.0259268 ]
 [ 0.73350986 -0.19187365 -0.65203358 -0.44026162]
 [ 0.          0.          0.          1.        ]]"
full_scene,98,69,71,67,30,0.48275833844894617,0.8709719664415797,0.002799689164906965,0.0019625306002486152,"[[-0.45143934  0.85189985 -0.26546031 -0.04413621]
 [-0.49455446  0.00874624  0.86910263 -0.0199247 ]
 [ 0.74271018  0.5236317   0.41736247 -0.43996644]
 [ 0.          0.          0.          1.        ]]","[[-0.54425321  0.7656954  -0.34278126 -0.0539595 ]
 [-0.43117402  0.09519052  0.89723337 -0.02430394]
 [ 0.719637    0.63612052  0.27834022 -0.4397696 ]
 [ 0.          0.          0.          1.        ]]"
full_scene,98,70,71,162,29,0.7301330059341109,0.7551381215469614,0.0028607772771220017,0.0023994488136876058,"[[ 0.53862996 -0.52088548 -0.66223567 -0.05958039]
 [ 0.50138059 -0.43351866  0.74878507 -0.02967323]
 [-0.67712279 -0.73535018  0.02765573 -0.42751338]
 [ 0.          0.          0.          1.        ]]","[[ 0.562949   -0.55788252 -0.60979957 -0.06602534]
 [ 0.4446172  -0.4175402   0.7924492  -0.02914744]
 [-0.69670939 -0.71723586  0.01299032 -0.42836839]
 [ 0.          0.          0.          1.        ]]"
full_scene,98,72,71,41,30,0.4817597708205443,0.74292613055044,0.0025308361234219687,0.002450918132565438,"[[ 0.4144401  -0.85012452 -0.32485027 -0.05656919]
 [ 0.61013673 -0.00530126  0.79227841 -0.01806474]
 [-0.67525742 -0.52655502  0.51649514 -0.43455592]
 [ 0.          0.          0.          1.        ]]","[[ 0.5686167  -0.74524462 -0.34826068 -0.06687645]
 [ 0.50128251 -0.02175318  0.8650102  -0.02544166]
 [-0.65221997 -0.66643623  0.36120888 -0.42869499]
 [ 0.          0.          0.          1.        ]]"
full_scene,98,73,71,152,14,0.5832289748311847,0.8256680990382648,0.0028122689510171094,0.0020894371892841005,"[[-0.51140161 -0.8586402   0.03471893 -0.0518042 ]
 [-0.67069412  0.37355117 -0.64080334 -0.00718347]
 [ 0.53725021 -0.35099364 -0.7669196  -0.43768111]
 [ 0.          0.          0.          1.        ]]","[[-0.54839498 -0.83587818 -0.02388732 -0.05583004]
 [-0.53672808  0.37374924 -0.75646182 -0.01458386]
 [ 0.6412378  -0.40201887 -0.6536015  -0.4378072 ]
 [ 0.          0.          0.          1.        ]]"
full_scene,98,75,71,70,23,0.24097401268671986,0.42315531000613876,0.0030666776776825384,0.002657687839096311,"[[ 0.36087306 -0.8173465  -0.44912731 -0.05096242]
 [ 0.81932021  0.04779611  0.57134047 -0.01601923]
 [-0.4455166  -0.57416046  0.68691683 -0.44343654]
 [ 0.          0.          0.          1.        ]]","[[ 0.4820013  -0.76708244 -0.42339021 -0.05546046]
 [ 0.74505797  0.10456443  0.65875253 -0.01386274]
 [-0.46104594 -0.63296983  0.62192108 -0.43386647]
 [ 0.          0.          0.          1.        ]]"
full_scene,98,76,71,61,30,0.4743032535297729,0.7283323102107633,0.00291556568765117,0.0025360269635132733,"[[ 0.44238982  0.66075315 -0.60637985 -0.06210464]
 [ 0.52179752 -0.73955541 -0.42518837 -0.01556959]
 [-0.72939605 -0.12830849 -0.67195114 -0.41662379]
 [ 0.          0.          0.          1.        ]]","[[ 0.5372009   0.69745629 -0.47430995 -0.07396166]
 [ 0.51329186 -0.71655375 -0.47231578 -0.01198567]
 [-0.66928818  0.01026902 -0.74293195 -0.41332679]
 [ 0.          0.          0.          1.        ]]"
full_scene,98,77,71,131,30,0.3863392674442398,0.7196644157970125,0.0027146430756248728,0.0024928661321459863,"[[ 0.61286048 -0.67694108 -0.40761847 -0.06528049]
 [ 0.21860822 -0.35046492  0.91070565 -0.00680643]
 [-0.75935004 -0.64724425 -0.06680121 -0.42126252]
 [ 0.          0.          0.          1.        ]]","[[ 0.53375676 -0.60858777 -0.58713256 -0.07427751]
 [ 0.47692309 -0.35670713  0.8033084  -0.01233538]
 [-0.69831804 -0.70878837  0.09985471 -0.41316641]
 [ 0.          0.          0.          1.        ]]"
full_scene,98,78,71,79,26,0.3516595048086761,0.7965786781256394,0.0027838573972657063,0.001995148348801001,"[[-0.36753468 -0.91463088  0.16842986 -0.05004659]
 [-0.48836372  0.0356809  -0.8719104  -0.01405074]
 [ 0.79146645 -0.40271235 -0.4597865  -0.43079204]
 [ 0.          0.          0.          1.        ]]","[[-0.5113441  -0.80949553  0.28852071 -0.06362108]
 [-0.4683723  -0.01897336 -0.88332746 -0.00584437]
 [ 0.72052384 -0.58681939 -0.36944337 -0.42558365]
 [ 0.          0.          0.          1.        ]]"
full_scene,98,81,71,87,30,0.4984571311643135,0.76109678739513,0.0029413442207583155,0.0025062866832289946,"[[ 0.66392957 -0.57515467 -0.4779065  -0.06849269]
 [ 0.30131069 -0.37915432  0.87490221 -0.00914402]
 [-0.68440441 -0.72487178 -0.07843152 -0.42288572]
 [ 0.          0.          0.          1.        ]]","[[ 0.52138743 -0.56600078 -0.63859085 -0.07297497]
 [ 0.36931515 -0.5249645   0.7668237  -0.01699482]
 [-0.76926034 -0.63565351 -0.06467723 -0.41583097]
 [ 0.          0.          0.          1.        ]]"
full_scene,98,82,71,130,30,0.19503990178023328,0.5733988131778187,0.0030757460325140963,0.002533305690192904,"[[ 0.1656929  -0.74828926 -0.64234652 -0.08232196]
 [ 0.62014305 -0.42738997  0.65784528 -0.02179629]
 [-0.76679102 -0.50734702  0.3932309  -0.44942094]
 [ 0.          0.          0.          1.        ]]","[[ 0.50899521 -0.5580205  -0.65539072 -0.0802649 ]
 [ 0.28478998 -0.60934723  0.73999366 -0.01863983]
 [-0.81229215 -0.56330194 -0.15123618 -0.42472571]
 [ 0.          0.          0.          1.        ]]"
full_scene,98,83,71,43,14,0.38966236955187233,0.8456967464702271,0.002676111942506393,0.0019867643290987554,"[[-0.39598375 -0.84657423  0.35568096 -0.05353264]
 [-0.52632782 -0.10814823 -0.84337595 -0.0193566 ]
 [ 0.75244661 -0.52116796 -0.40275062 -0.4334168 ]
 [ 0.          0.          0.          1.        ]]","[[-0.52018495 -0.79558281  0.31057303 -0.06258701]
 [-0.31614841 -0.1584375  -0.93538641 -0.0153162 ]
 [ 0.79338377 -0.5847611  -0.16910543 -0.4304531 ]
 [ 0.          0.          0.          1.        ]]"
full_scene,98,84,71,123,30,0.227878043789646,0.4124902803355842,0.00281625032882327,0.002433251708743348,"[[-0.15286841 -0.84325564  0.51531657 -0.0510872 ]
 [-0.65229543 -0.30562198 -0.69361796 -0.01188158]
 [ 0.74238934 -0.44217092 -0.50333185 -0.45120496]
 [ 0.          0.          0.          1.        ]]","[[-0.57806061 -0.74291896  0.33751645 -0.05335946]
 [-0.51539176  0.01173546 -0.85687433 -0.01343113]
 [ 0.63262727 -0.66927849 -0.38967812 -0.43879711]
 [ 0.          0.          0.          1.        ]]"
full_scene,98,85,71,185,30,0.26135461428279105,0.3506281972580315,0.0027067968962203545,0.002668653653175869,"[[ 0.10965886  0.56708556  0.81632647 -0.04947146]
 [-0.39116621 -0.73038732  0.55993156 -0.00692821]
 [ 0.91376361 -0.38072079  0.14173127 -0.45810992]
 [ 0.          0.          0.          1.        ]]","[[ 0.05480459  0.8148838   0.5770276  -0.05702631]
 [-0.14009063 -0.56590485  0.81248158 -0.00524509]
 [ 0.98862079 -0.12536388  0.0831434  -0.45754421]
 [ 0.          0.          0.          1.        ]]"
full_scene,98,86,71,145,30,0.36773480662983427,0.8808103130755064,0.002942117839597829,0.002032484499907885,"[[-0.49298507 -0.86849328  0.05181836 -0.05060038]
 [-0.42179032  0.18648091 -0.8873093  -0.02406875]
 [ 0.76095903 -0.45928671 -0.45825437 -0.43986664]
 [ 0.          0.          0.          1.        ]]","[[-0.52734237 -0.84593965  0.07934811 -0.06097585]
 [-0.22816005  0.05103137 -0.97228535 -0.02163646]
 [ 0.81844549 -0.53083133 -0.21992063 -0.43357724]
 [ 0.          0.          0.          1.        ]]"
full_scene,98,98,71,206,30,0.38659300184162065,0.8455412318395744,0.0029387321799428856,0.002061264824538348,"[[-0.58718781 -0.79966022  0.12551494 -0.06333563]
 [-0.40419245  0.15531451 -0.90139108 -0.00719199]
 [ 0.7013123  -0.58001805 -0.41441541 -0.42675903]
 [ 0.          0.          0.          1.        ]]","[[-0.5076044  -0.85984594  0.05479715 -0.06783215]
 [-0.182788    0.04531895 -0.98210729 -0.00365159]
 [ 0.84197762 -0.50853825 -0.18017362 -0.42124973]
 [ 0.          0.          0.          1.        ]]"
full_scene,98,101,71,164,30,0.5175854307346021,0.7505381624718641,0.0028073846808197513,0.0024738681611129686,"[[ 0.58532899 -0.46531501 -0.66398187 -0.06933616]
 [ 0.36478502 -0.58022796  0.72819462  0.00867624]
 [-0.72410073 -0.66844405 -0.1698843  -0.39693368]
 [ 0.          0.          0.          1.        ]]","[[ 0.50131856 -0.42824128 -0.75185711 -0.07944913]
 [ 0.27980184 -0.74201504  0.60919997 -0.00296546]
 [-0.81877386 -0.51577425 -0.25216322 -0.40392148]
 [ 0.          0.          0.          1.        ]]"
full_scene,98,102,71,88,30,0.44112134233681194,0.8221321874360549,0.0030355414226121966,0.002001327973623539,"[[-5.36964221e-01 -7.20261604e-01 -4.39195454e-01 -6.29545651e-02]
 [-5.29022127e-01  6.93025916e-01 -4.89745514e-01  3.47741403e-04]
 [ 6.57118721e-01 -3.06317049e-02 -7.53164447e-01 -4.18446361e-01]
 [ 0.00000000e+00  0.00000000e+00  0.00000000e+00  1.00000000e+00]]","[[-0.4955587  -0.73796248 -0.45807526 -0.06826845]
 [-0.33122503  0.64809503 -0.68575711  0.00154538]
 [ 0.80293932 -0.18810691 -0.56560078 -0.41471661]
 [ 0.          0.          0.          1.        ]]"
full_scene,98,103,71,93,19,0.5248864333947207,0.7952117863720074,0.0027187632116294487,0.002473555740208438,"[[ 3.43205795e-01 -5.77163970e-01 -7.41007108e-01 -7.29655090e-02]
 [ 1.88099213e-01 -7.30709701e-01  6.56263680e-01  6.08881498e-04]
 [-9.20232834e-01 -3.64616352e-01 -1.42219715e-01 -4.01499095e-01]
 [ 0.00000000e+00  0.00000000e+00  0.00000000e+00  1.00000000e+00]]","[[ 0.48096591 -0.50984864 -0.71325042 -0.07802814]
 [ 0.34904893 -0.6349214   0.68923121 -0.00219792]
 [-0.80426155 -0.58045601 -0.12741343 -0.40063361]
 [ 0.          0.          0.          1.        ]]"
full_scene,98,104,71,124,30,0.5886556169429098,0.7286269695109474,0.0025560161355151763,0.0024756539190144973,"[[ 0.56694404 -0.70786191 -0.42131458 -0.07342575]
 [ 0.53181665 -0.07606273  0.84343672  0.00176856]
 [-0.62908307 -0.70224353  0.33332944 -0.40094232]
 [ 0.          0.          0.          1.        ]]","[[ 0.50135186 -0.72461619 -0.47284003 -0.0790134 ]
 [ 0.37759227 -0.30846852  0.87308147 -0.00198467]
 [-0.77850523 -0.61626175  0.1189582  -0.39914662]
 [ 0.          0.          0.          1.        ]]"
full_scene,98,105,71,52,16,0.29091057908737467,0.7762308164518109,0.003128452342498683,0.001989787940630558,"[[-0.55130299 -0.70263559  0.44985358 -0.06072064]
 [-0.69130064  0.08284551 -0.71780224  0.00645442]
 [ 0.46708505 -0.70671059 -0.5314054  -0.41901124]
 [ 0.          0.          0.          1.        ]]","[[-0.48575428 -0.83414418  0.26123987 -0.06845143]
 [-0.4269056  -0.03440172 -0.9036416   0.00496571]
 [ 0.76275448 -0.55047253 -0.33939004 -0.41102524]
 [ 0.          0.          0.          1.        ]]"
full_scene,98,106,71,58,28,0.37451197053407,0.7967341927562922,0.0029588932084313032,0.0019792907909193624,"[[-0.29738517 -0.95337364 -0.05138832 -0.07230568]
 [-0.15394981  0.10100145 -0.98290293  0.02585264]
 [ 0.94226404 -0.28438954 -0.17680803 -0.3928853 ]
 [ 0.          0.          0.          1.        ]]","[[-0.41917854 -0.88683942  0.19443556 -0.07150776]
 [-0.36690961 -0.03041993 -0.92975909  0.01605089]
 [ 0.83046173 -0.46107534 -0.31263853 -0.39804952]
 [ 0.          0.          0.          1.        ]]"
full_scene,98,107,71,107,30,0.3727767546552077,0.8118109269490486,0.002686183836450991,0.0019756521666667018,"[[-0.44091075 -0.86194416 -0.25029978 -0.06464446]
 [-0.09029563  0.32005187 -0.94308722  0.01851996]
 [ 0.89299743 -0.39321632 -0.2189441  -0.41007139]
 [ 0.          0.          0.          1.        ]]","[[-0.41903218 -0.89807244  0.13370838 -0.07191035]
 [-0.33631038  0.01672996 -0.94160259  0.01550321]
 [ 0.8433904  -0.4395293  -0.30904147 -0.39957987]
 [ 0.          0.          0.          1.        ]]"
full_scene,98,112,71,105,30,0.31788827501534683,0.652670349907919,0.002840905624536564,0.002500484053940024,"[[-0.37187335 -0.915948   -0.15082931 -0.06749875]
 [-0.21706467  0.24377865 -0.94522743  0.03538979]
 [ 0.90254814 -0.31876517 -0.28947473 -0.41246287]
 [ 0.          0.          0.          1.        ]]","[[-0.46092765 -0.86918167  0.17907799 -0.08036511]
 [-0.1293677  -0.13382631 -0.98252456  0.01564595]
 [ 0.87795769 -0.47603964 -0.05075978 -0.41391416]
 [ 0.          0.          0.          1.        ]]"
full_scene,98,113,71,87,30,0.4815060364231635,0.7585594434213219,0.002690251177466189,0.002433787148109264,"[[ 0.61426035 -0.5601621  -0.55579012 -0.07417322]
 [ 0.05211455 -0.67399577  0.73689469  0.01189099]
 [-0.78738066 -0.48160994 -0.38481627 -0.40469399]
 [ 0.          0.          0.          1.        ]]","[[ 0.43933575 -0.58763568 -0.67946185 -0.08139771]
 [ 0.08063671 -0.72751646  0.6813351   0.00768549]
 [-0.8946965  -0.35412444 -0.27223898 -0.39836333]
 [ 0.          0.          0.          1.        ]]"
full_scene,98,115,71,162,11,0.4196930632289748,0.8888234090444035,0.0027874647484543587,0.0018892338956780408,"[[-4.95765242e-01 -3.95219666e-01 -7.73316391e-01 -6.30497208e-02]
 [-2.12421161e-01  9.18586138e-01 -3.33281800e-01  3.31142473e-03]
 [ 8.42077238e-01 -9.60766428e-04 -5.39356099e-01 -4.23129292e-01]
 [ 0.00000000e+00  0.00000000e+00  0.00000000e+00  1.00000000e+00]]","[[-0.42263368 -0.28459657 -0.8604566  -0.07000488]
 [-0.01034524  0.95086941 -0.30941936  0.00864411]
 [ 0.90624155 -0.12186942 -0.40481366 -0.41779408]
 [ 0.          0.          0.          1.        ]]"
full_scene,98,116,71,41,30,0.5401596071209331,0.8552158788622877,0.002801266997586099,0.0023632690795937633,"[[ 0.56751086 -0.56029796 -0.60332216 -0.0744206 ]
 [-0.06584399 -0.76128748  0.64506274  0.00647946]
 [-0.82072894 -0.32635497 -0.46893117 -0.41187367]
 [ 0.          0.          0.          1.        ]]","[[ 0.44183668 -0.57114929 -0.69178669 -0.07886749]
 [-0.02174423 -0.77773229  0.62821944  0.0074903 ]
 [-0.89683194 -0.26252803 -0.35604986 -0.40499462]
 [ 0.          0.          0.          1.        ]]"
full_scene,98,117,71,103,30,0.24450992428892981,0.8731328013095969,0.002980016046084627,0.0020617645533456755,"[[-0.23205931  0.77706617 -0.58507832 -0.08857827]
 [ 0.19480161  0.62643954  0.75473561  0.00364891]
 [ 0.9529957   0.06116923 -0.29674486 -0.42480134]
 [ 0.          0.          0.          1.        ]]","[[-0.4260248   0.62058366 -0.65831512 -0.07049138]
 [ 0.05003426  0.74269989  0.66775253  0.00529749]
 [ 0.90332688  0.25154083 -0.34745901 -0.42229427]
 [ 0.          0.          0.          1.        ]]"
full_scene,98,118,71,52,30,0.4657253939021895,0.8528749744219357,0.0027389736619400414,0.0024086176671902068,"[[ 0.33016975 -0.64006043 -0.69376551 -0.07764651]
 [-0.06372455 -0.74841982  0.66015676 -0.00751109]
 [-0.94176808 -0.1737539  -0.28789315 -0.41124895]
 [ 0.          0.          0.          1.        ]]","[[ 0.45055978 -0.61623209 -0.64595193 -0.07908536]
 [-0.08221558 -0.74912265  0.65730956  0.00622629]
 [-0.88895246 -0.24304994 -0.38818841 -0.41027765]
 [ 0.          0.          0.          1.        ]]"
full_scene,98,122,71,154,29,0.3467730714139554,0.8219684878248414,0.0026587354475259123,0.0019279079428949572,"[[-0.18502589 -0.22058426 -0.95765756 -0.06152731]
 [ 0.16753825  0.95313743 -0.25191262  0.01317816]
 [ 0.96834723 -0.20705463 -0.1393988  -0.42769731]
 [ 0.          0.          0.          1.        ]]","[[-0.33145584 -0.2291831  -0.91521152 -0.06971933]
 [ 0.23727619  0.91862035 -0.3159694   0.01978034]
 [ 0.91314678 -0.32188781 -0.25010238 -0.42187136]
 [ 0.          0.          0.          1.        ]]"
full_scene,98,126,71,156,30,0.3301248209535502,0.7894004501739308,0.00279026294080636,0.002506277998659576,"[[ 0.39268044 -0.89939103 -0.19208813 -0.07329703]
 [ 0.20235747 -0.11925011  0.97202411  0.01920432]
 [-0.89713629 -0.42056532  0.13517131 -0.40796153]
 [ 0.          0.          0.          1.        ]]","[[ 0.3291653  -0.94306516 -0.04773154 -0.07740215]
 [-0.07160205 -0.07533092  0.99458454  0.02470964]
 [-0.94155369 -0.32396504 -0.09232173 -0.39522214]
 [ 0.          0.          0.          1.        ]]"
full_scene,98,129,71,155,21,0.5438019234704318,0.8013750767341927,0.002746090494982977,0.0024760067677719066,"[[ 0.3861537   0.23744006 -0.89135152 -0.06551613]
 [ 0.1349179  -0.97044979 -0.20006092  0.02173205]
 [-0.91251437 -0.04300501 -0.40677769 -0.38414577]
 [ 0.          0.          0.          1.        ]]","[[ 0.33021365  0.25162727 -0.90974868 -0.07947275]
 [ 0.06068416 -0.96747807 -0.24556796  0.02262309]
 [-0.94195349  0.02588256 -0.33474425 -0.38729642]
 [ 0.          0.          0.          1.        ]]"
full_scene,98,132,71,100,23,0.455158583998363,0.8621812973194188,0.002617598689858433,0.001954170324865253,"[[-0.45808022 -0.79241682 -0.40278791 -0.06669863]
 [-0.10979606  0.50009423 -0.8589823   0.02533635]
 [ 0.88210393 -0.34925827 -0.31608752 -0.40176277]
 [ 0.          0.          0.          1.        ]]","[[-0.33596566 -0.85660168 -0.39161285 -0.07054749]
 [-0.19402698  0.46980605 -0.8611828   0.02671134]
 [ 0.92167272 -0.21334439 -0.32404254 -0.3937906 ]
 [ 0.          0.          0.          1.        ]]"
full_scene,98,133,71,106,30,0.6376509105790874,0.7878125639451606,0.00273729123578013,0.0024537997091637954,"[[ 4.32066043e-01 -6.82560376e-01 -5.89432158e-01 -7.28880665e-02]
 [ 3.14728455e-01 -4.98373883e-01  8.07817722e-01  2.52090460e-02]
 [-8.45141961e-01 -5.34541679e-01 -5.09258806e-04 -3.76657048e-01]
 [ 0.00000000e+00  0.00000000e+00  0.00000000e+00  1.00000000e+00]]","[[ 0.34497754 -0.71043195 -0.61341417 -0.07831667]
 [ 0.21588484 -0.57595538  0.78845998  0.02258053]
 [-0.91344635 -0.4044278  -0.04532018 -0.37622905]
 [ 0.          0.          0.          1.        ]]"
full_scene,98,135,71,94,30,0.3942541436464088,0.7286269695109474,0.0027757533981485863,0.0024830065579867907,"[[ 0.32839402 -0.66653119 -0.66924849 -0.073723  ]
 [ 0.27855603 -0.60868908  0.74290252  0.04166435]
 [-0.90253194 -0.43038795 -0.01422357 -0.37248663]
 [ 0.          0.          0.          1.        ]]","[[ 0.3491708  -0.37067809 -0.86062623 -0.07944854]
 [ 0.27263033 -0.83851629  0.47176597  0.02236994]
 [-0.89652242 -0.39935972 -0.19172731 -0.37069597]
 [ 0.          0.          0.          1.        ]]"
full_scene,98,140,71,160,30,0.7884837323511357,0.8695232248823409,0.002689543739120546,0.0020796774296828954,"[[-0.17576871 -0.96777113 -0.18034524 -0.06269821]
 [-0.12624335  0.2038438  -0.97082971  0.04023544]
 [ 0.97630322 -0.1478741  -0.15800403 -0.38928542]
 [ 0.          0.          0.          1.        ]]","[[-0.2450474  -0.96137948 -0.12530467 -0.0666195 ]
 [-0.11444095  0.1570244  -0.98094169  0.03909462]
 [ 0.96273311 -0.22603723 -0.1484996  -0.38798817]
 [ 0.          0.          0.          1.        ]]"
full_scene,98,142,71,213,27,0.5612523020257827,0.8560916717822795,0.003072449911376309,0.0019353618152892003,"[[-0.33073751 -0.23287785 -0.91453847 -0.06919809]
 [ 0.03723166  0.96510103 -0.2592177   0.03101419]
 [ 0.94298807 -0.1197828  -0.31052468 -0.39607736]
 [ 0.          0.          0.          1.        ]]","[[-0.23510615 -0.28014256 -0.93072297 -0.066056  ]
 [-0.0242269   0.95895529 -0.28252047  0.03878994]
 [ 0.97166772 -0.04387377 -0.23224327 -0.39417199]
 [ 0.          0.          0.          1.        ]]"
full_scene,98,143,71,181,30,0.35110292613055044,0.8061796603233067,0.003058578623024383,0.0024515004108499328,"[[ 0.4890853  -0.85438558 -0.17555868 -0.07047826]
 [ 0.12541885 -0.13029631  0.98351054  0.03067287]
 [-0.86317187 -0.50303892  0.04343005 -0.39290766]
 [ 0.          0.          0.          1.        ]]","[[ 0.23810974 -0.97054988  0.03656074 -0.07232797]
 [-0.0414717   0.02744906  0.99876256  0.03917849]
 [-0.97035244 -0.23933133 -0.03371446 -0.38159965]
 [ 0.          0.          0.          1.        ]]"
full_scene,98,147,71,119,30,0.2099038264784121,0.8283200327399223,0.002726147302654914,0.0025627084032590407,"[[-0.23183714  0.8983287  -0.37317165 -0.05045881]
 [-0.30588742 -0.43148785 -0.8486761   0.04089531]
 [-0.92340913 -0.08260612  0.37482236 -0.41438245]
 [ 0.          0.          0.          1.        ]]","[[ 0.21710531  0.87996543 -0.42252353 -0.06983177]
 [-0.23972471 -0.37152838 -0.89693853  0.04312612]
 [-0.94625438  0.29601945  0.13028867 -0.39615374]
 [ 0.          0.          0.          1.        ]]"
full_scene,98,149,71,153,30,0.30147738899120113,0.8432085123797831,0.0028747945046158894,0.0021510395851023025,"[[-0.38133408 -0.81969575 -0.42741456 -0.06078254]
 [-0.05319778  0.48104281 -0.8750816   0.02777896]
 [ 0.92290537 -0.31096093 -0.22704401 -0.42715332]
 [ 0.          0.          0.          1.        ]]","[[-0.20754427 -0.77594584 -0.59567897 -0.06381026]
 [ 0.26280092  0.54232488 -0.79800965  0.03958322]
 [ 0.94226379 -0.32216731  0.09136286 -0.41850877]
 [ 0.          0.          0.          1.        ]]"
full_scene,98,150,71,93,30,0.2158461223654594,0.8070063433599345,0.003237564447013085,0.002430768183820881,"[[ 0.18968641 -0.8329547  -0.51981297 -0.0634644 ]
 [-0.39920687 -0.54911749  0.73423692  0.0345476 ]
 [-0.89702449  0.06823814 -0.43668137 -0.4147605 ]
 [ 0.          0.          0.          1.        ]]","[[ 0.20340553 -0.85385934 -0.47911421 -0.06788072]
 [-0.34532637 -0.52046194  0.78094114  0.04690237]
 [-0.9161746   0.00660302 -0.40072498 -0.4066203 ]
 [ 0.          0.          0.          1.        ]]"
full_scene,98,153,71,92,27,0.472707182320442,0.8743196234908942,0.0029700025713504307,0.0019826936253613684,"[[-0.06663959  0.16744245 -0.98362706 -0.05954139]
 [ 0.42497969  0.89669009  0.12385133  0.04678563]
 [ 0.9027466  -0.40976812 -0.1309147  -0.41069321]
 [ 0.          0.          0.          1.        ]]","[[-0.08041949  0.17694585 -0.9809296  -0.05494896]
 [ 0.26591033  0.95226018  0.14997418  0.05483332]
 [ 0.9606375  -0.24877846 -0.12363201 -0.41084219]
 [ 0.          0.          0.          1.        ]]"
full_scene,98,163,71,107,30,0.7601964395334561,0.8778309801514221,0.0028741850355637148,0.0019251901433113103,"[[-0.08215754 -0.95758424  0.27619299 -0.06165398]
 [-0.20367606 -0.25514821 -0.94520657  0.04623526]
 [ 0.97558506 -0.13390974 -0.17407463 -0.37726834]
 [ 0.          0.          0.          1.        ]]","[[-0.12492254 -0.97975132  0.15646631 -0.06132281]
 [-0.15766939 -0.13609409 -0.97806889  0.04804456]
 [ 0.97955843 -0.1468528  -0.13747557 -0.37382612]
 [ 0.          0.          0.          1.        ]]"
full_scene,98,166,71,44,30,0.15129118068344588,0.4099774913034582,0.002868187467073454,0.0027351230980005156,"[[-0.53237805  0.64198991 -0.55174502 -0.05839967]
 [ 0.60174017 -0.17142234 -0.78007894  0.07346918]
 [-0.59538424 -0.74730404 -0.29504962 -0.35896132]
 [ 0.          0.          0.          1.        ]]","[[-0.27100051  0.76509487 -0.58411348 -0.05131357]
 [ 0.33652821 -0.493221   -0.80217318  0.07100812]
 [-0.90183562 -0.41396    -0.12381287 -0.35174216]
 [ 0.          0.          0.          1.        ]]"
full_scene,98,167,71,132,30,0.5394065889093513,0.899987722529159,0.0027007464894952087,0.002003310575298205,"[[-0.00503782 -0.07976686  0.99680082 -0.04718204]
 [-0.27396668 -0.95856349 -0.07809163  0.07058352]
 [ 0.96172599 -0.27348362 -0.01702439 -0.36080729]
 [ 0.          0.          0.          1.        ]]","[[-0.02601296 -0.06978015  0.99722317 -0.05198004]
 [-0.20010142 -0.97700799 -0.07358533  0.05588752]
 [ 0.97942981 -0.20145995  0.01145176 -0.36393807]
 [ 0.          0.          0.          1.        ]]"
full_scene,98,169,71,81,21,0.3744546756701453,0.9258850010231225,0.002652650324070343,0.0019118591481473131,"[[ 0.30511794  0.61642413  0.72589554 -0.05152505]
 [-0.39486839 -0.61173875  0.68545945  0.06434788]
 [ 0.86659217 -0.49577918  0.05675394 -0.38952167]
 [ 0.          0.          0.          1.        ]]","[[-0.03177466  0.7635933   0.64491522 -0.05186048]
 [-0.11431456 -0.64378334  0.75662091  0.05920642]
 [ 0.99293633 -0.04968183  0.10774583 -0.37168024]
 [ 0.          0.          0.          1.        ]]"
full_scene,98,178,71,70,22,0.5669490484960098,0.8532842234499693,0.0027888263431694064,0.0023840095960118517,"[[ 0.07895136 -0.981052   -0.17692841 -0.04234688]
 [-0.22058243 -0.19027543  0.9566288   0.06779166]
 [-0.97216772 -0.03649984 -0.23142534 -0.39877871]
 [ 0.          0.          0.          1.        ]]","[[-0.02867582 -0.99113162 -0.12975287 -0.04344448]
 [-0.29281664 -0.11578273  0.94913264  0.07166008]
 [-0.95573852  0.06521096 -0.28689966 -0.39174043]
 [ 0.          0.          0.          1.        ]]"
full_scene,98,181,71,164,20,0.38766523429506855,0.8853857172089217,0.0027029792592177765,0.0021257833923376494,"[[ 0.23445685 -0.43793399 -0.86789619 -0.01447752]
 [ 0.50450216  0.81795755 -0.27644715  0.07450328]
 [ 0.83096784 -0.37304058  0.41271439 -0.40572546]
 [ 0.          0.          0.          1.        ]]","[[ 0.19496136 -0.32983634 -0.9236872  -0.01772888]
 [ 0.32838758  0.90935638 -0.25540669  0.07781525]
 [ 0.92420326 -0.25353297  0.28560352 -0.4147194 ]
 [ 0.          0.          0.          1.        ]]"
full_scene,98,183,71,283,30,0.7975199508901166,0.8945283404951914,0.0024772153969949595,0.0019805991539592932,"[[ 0.15627286  0.89295564 -0.4221481  -0.02455897]
 [ 0.25429708  0.37661694  0.89078206  0.07487488]
 [ 0.95441699 -0.24655609 -0.16822101 -0.40907166]
 [ 0.          0.          0.          1.        ]]","[[ 0.13697246  0.92457954 -0.35551542 -0.02618721]
 [ 0.26881221  0.31073668  0.91169223  0.07545147]
 [ 0.95340366 -0.22044361 -0.2059759  -0.40610823]
 [ 0.          0.          0.          1.        ]]"
full_scene,98,187,71,133,29,0.7014692040106405,0.8921792510742786,0.003065390207037835,0.0019535225049507813,"[[-0.00970755  0.71822118 -0.69574715 -0.03567729]
 [ 0.11251562  0.69214584  0.71293364  0.06750822]
 [ 0.99360254 -0.07136158 -0.08753014 -0.38859318]
 [ 0.          0.          0.          1.        ]]","[[ 0.08479679  0.73440214 -0.67339661 -0.03587604]
 [ 0.09231304  0.66713363  0.7391962   0.07328721]
 [ 0.9921128  -0.12484475 -0.0112241  -0.38781422]
 [ 0.          0.          0.          1.        ]]"
full_scene,98,188,71,123,30,0.333939021894823,0.5258440761203192,0.0027537669198199532,0.0025985170819243014,"[[ 0.29099528 -0.19332425 -0.93698852 -0.01462229]
 [ 0.13105165  0.97819419 -0.16112604  0.07504779]
 [ 0.94770629 -0.07590697  0.30998535 -0.39146812]
 [ 0.          0.          0.          1.        ]]","[[ 0.09776176 -0.40175789 -0.91051262 -0.02580078]
 [ 0.08263409  0.91501279 -0.39487113  0.08678908]
 [ 0.99177328 -0.03663609  0.12265216 -0.38555211]
 [ 0.          0.          0.          1.        ]]"
full_scene,98,189,71,37,30,0.788549212195621,0.7617843257622263,0.0022756945379845215,0.002338745583468674,"[[-0.04039252 -0.60618752  0.79429537 -0.03639741]
 [-0.0057776   0.79507254  0.60648683  0.06960774]
 [-0.99916719  0.01990841 -0.03561729 -0.36164165]
 [ 0.          0.          0.          1.        ]]","[[-0.08088654 -0.65768152  0.74894084 -0.04351169]
 [-0.00305566  0.75156305  0.65965419  0.06940723]
 [-0.99671863  0.05106864 -0.06280099 -0.36239387]
 [ 0.          0.          0.          1.        ]]"
full_scene,98,195,71,62,30,0.38891753632085124,0.9101370984243913,0.0028543909951784926,0.0020168790357571933,"[[-0.02267359  0.86118358  0.5077881  -0.0501585 ]
 [-0.08284663 -0.50779021  0.85748792  0.07660207]
 [ 0.99630434 -0.0226262   0.08285959 -0.35032481]
 [ 0.          0.          0.          1.        ]]","[[ 0.06620151  0.86609544  0.49547558 -0.04116942]
 [-0.24294573 -0.4676302   0.84988197  0.06036092]
 [ 0.96777824 -0.17663714  0.17945637 -0.35647647]
 [ 0.          0.          0.          1.        ]]"
full_scene,98,196,71,16,30,0.4109924288929814,0.793951299365664,0.0030130644074204205,0.002395256715698083,"[[-0.04650768 -0.97630418  0.21134611 -0.01527362]
 [ 0.25857652  0.19259739  0.94659623  0.0623226 ]
 [-0.96487057  0.09867313  0.24349208 -0.34486019]
 [ 0.          0.          0.          1.        ]]","[[-0.17166804 -0.96742964  0.18603755 -0.02550933]
 [ 0.28250801  0.13256711  0.95006062  0.05697002]
 [-0.94377927  0.21565214  0.25054909 -0.33942365]
 [ 0.          0.          0.          1.        ]]"
full_scene,98,206,71,152,30,0.3330550439942705,0.8420053202373644,0.0028851504382158256,0.0023767768110145937,"[[ 0.0391131   0.42374899  0.90493478 -0.02711927]
 [-0.1471782   0.89819338 -0.41423089  0.06916517]
 [-0.98833635 -0.11698481  0.09749774 -0.38648285]
 [ 0.          0.          0.          1.        ]]","[[-0.2129202   0.42961882  0.87754923 -0.01475801]
 [-0.14641159  0.87397425 -0.46339255  0.08125432]
 [-0.9660376  -0.22714901 -0.1231856  -0.38053472]
 [ 0.          0.          0.          1.        ]]"
full_scene,98,207,71,112,30,0.22615919787190505,0.38241047677511764,0.002743286721572337,0.002762874673252308,"[[ 0.11089901  0.96194139 -0.2497402  -0.03549223]
 [-0.04513368  0.25590571  0.96564756  0.07808246]
 [ 0.99280631 -0.09581767  0.07179565 -0.41041487]
 [ 0.          0.          0.          1.        ]]","[[-0.01513765  0.94665121 -0.32190423 -0.02873076]
 [ 0.11629279  0.3214231   0.93976762  0.07647535]
 [ 0.99309961 -0.02320926 -0.1149543  -0.40781023]
 [ 0.          0.          0.          1.        ]]"
full_scene,98,212,71,158,30,0.3985594434213219,0.8301043585021486,0.002716079326328355,0.0024552141258179787,"[[ 0.00554418 -0.99987577 -0.01475517  0.00791048]
 [-0.21475108 -0.01560163  0.97654419  0.0818305 ]
 [-0.97665308 -0.00224545 -0.2148109  -0.40606324]
 [ 0.          0.          0.          1.        ]]","[[-0.34929069 -0.93664097 -0.02645213  0.01244546]
 [-0.17961596  0.03922201  0.9829546   0.08620709]
 [-0.91963804  0.34808811 -0.18193555 -0.39401928]
 [ 0.          0.          0.          1.        ]]"
full_scene,98,218,71,156,15,0.5502435031716799,0.8713975854307346,0.002786913760166656,0.001993326339569495,"[[ 0.32282041  0.94185204  0.09328299 -0.01805516]
 [-0.10302891 -0.06300396  0.99268099  0.08392026]
 [ 0.94083581 -0.33006853  0.07669903 -0.38346118]
 [ 0.          0.          0.          1.        ]]","[[ 0.27425879  0.95518515  0.11137078 -0.00768907]
 [-0.04244122 -0.10367607  0.9937052   0.07983825]
 [ 0.96071893 -0.27725909  0.01210515 -0.38345753]
 [ 0.          0.          0.          1.        ]]"
full_scene,98,220,71,250,30,0.6912134233681195,0.9232739922242684,0.003007758163345373,0.0019045180818206794,"[[ 0.17321134  0.95319726  0.2478161  -0.00766436]
 [-0.11690371 -0.22994224  0.96615738  0.07345485]
 [ 0.97792196 -0.19632003  0.07160369 -0.37770613]
 [ 0.          0.          0.          1.        ]]","[[ 0.26629613  0.89196959  0.36534453 -0.01080325]
 [-0.1121753  -0.34777688  0.9308426   0.07782831]
 [ 0.95734167 -0.28886241  0.00744532 -0.37489669]
 [ 0.          0.          0.          1.        ]]"
full_scene,98,240,71,60,30,0.22259873132801308,0.9274237773685288,0.0028378887251740243,0.0019478868974337773,"[[ 0.02658779 -0.93949197 -0.34153759  0.01446136]
 [ 0.018012    0.34205315 -0.93950796  0.07431289]
 [ 0.9994842   0.01882766  0.02601657 -0.42059614]
 [ 0.          0.          0.          1.        ]]","[[ 0.43244551 -0.85409373 -0.28898923  0.02438631]
 [ 0.09137781  0.36037156 -0.92832238  0.0807992 ]
 [ 0.89701782  0.37504164  0.23388628 -0.41536324]
 [ 0.          0.          0.          1.        ]]"
full_scene,98,243,71,22,30,0.3083282177204829,0.8065643544096582,0.0029328399922287367,0.0025239304609175534,"[[-0.10078844 -0.98028686 -0.16993931  0.0209478 ]
 [ 0.22839169 -0.18904456  0.95503895  0.07942094]
 [-0.96833823  0.05744417  0.24294288 -0.40750877]
 [ 0.          0.          0.          1.        ]]","[[-0.47005932 -0.82870355 -0.30380037  0.03729941]
 [-0.00631959 -0.34102837  0.94003176  0.07854929]
 [-0.8826122   0.44379058  0.1550665  -0.39576081]
 [ 0.          0.          0.          1.        ]]"
full_scene,98,248,71,132,30,0.3698956414978514,0.8084223449969307,0.0029113859753639787,0.0025147729686073998,"[[-0.17158135 -0.94013387 -0.29446247  0.01195648]
 [-0.02939646 -0.29387624  0.95539134  0.08992499]
 [-0.98473128  0.17258349  0.02278708 -0.38306255]
 [ 0.          0.          0.          1.        ]]","[[-0.416205   -0.86808486 -0.27055884  0.02831454]
 [ 0.15637093 -0.36145704  0.91918276  0.07653709]
 [-0.89572403  0.34026092  0.28618346 -0.37548171]
 [ 0.          0.          0.          1.        ]]"
full_scene,99,0,71,89,21,0.5640433803969715,0.8585226110087989,0.0031178972313222948,0.002468040904010075,"[[-0.17032103 -0.97074788  0.16923148 -0.08421331]
 [-0.74046413  0.23939919  0.62801346 -0.00224004]
 [-0.65015661 -0.01834594 -0.7595787  -0.42454871]
 [ 0.          0.          0.          1.        ]]","[[-0.12882856 -0.98108253  0.14450011 -0.08761852]
 [-0.80564375  0.18850834  0.56160729  0.00881559]
 [-0.57822258 -0.04406455 -0.81468826 -0.42623715]
 [ 0.          0.          0.          1.        ]]"
full_scene,99,1,62,62,30,0.2062889720292179,0.3015202803016806,0.0029201867418137332,0.0025512813582070195,"[[ 0.11253858 -0.06829416 -0.99129762  0.08863803]
 [ 0.89976494  0.43030987  0.07250155  0.02135631]
 [ 0.42161372 -0.90009406  0.10987515 -0.39280677]
 [ 0.          0.          0.          1.        ]]","[[ 0.31747243 -0.07744115 -0.94510006  0.08888431]
 [ 0.9274854   0.23287304  0.29247389  0.01555064]
 [ 0.19743881 -0.96941891  0.1457563  -0.39056543]
 [ 0.          0.          0.          1.        ]]"
full_scene,99,2,62,19,30,0.3053269196508106,0.3184512144426629,0.002884519588377963,0.0024978570196355727,"[[-0.94786316  0.29014695 -0.13179597  0.09975563]
 [-0.20179326 -0.2263786   0.95290724  0.01278911]
 [ 0.24664734  0.9298212   0.27312564 -0.39770795]
 [ 0.          0.          0.          1.        ]]","[[-0.94957668  0.07764016 -0.30376988  0.09073734]
 [-0.31310158 -0.28573667  0.90571626  0.01048412]
 [-0.01647824  0.95515787  0.29563814 -0.39147214]
 [ 0.          0.          0.          1.        ]]"
full_scene,99,3,62,19,30,0.30732228754676644,0.6849694162361185,0.002681733994433581,0.00230859973354684,"[[-0.70140333 -0.32578553  0.6339536   0.08746784]
 [-0.7122421   0.28630754 -0.64088937 -0.03266946]
 [ 0.02728679 -0.90105038 -0.43285523 -0.41843604]
 [ 0.          0.          0.          1.        ]]","[[-0.44375794 -0.04611847  0.8949592   0.10873712]
 [-0.84736619  0.34659206 -0.40229899 -0.032649  ]
 [-0.29163234 -0.93688155 -0.19288221 -0.41464586]
 [ 0.          0.          0.          1.        ]]"
full_scene,99,5,62,44,30,0.5334580438268306,0.7372943761506028,0.0025104517542230225,0.00213114556204032,"[[ 0.98754423  0.14052071  0.07078359  0.10212659]
 [ 0.1309069  -0.48420687 -0.86510525 -0.03743512]
 [-0.0872913   0.86359576 -0.49657084 -0.42124416]
 [ 0.          0.          0.          1.        ]]","[[ 0.97658428  0.0164121  -0.21450825  0.10655464]
 [-0.18586692 -0.43773758 -0.87968136 -0.03772498]
 [-0.10833574  0.89895298 -0.42443717 -0.42165401]
 [ 0.          0.          0.          1.        ]]"
full_scene,99,6,62,79,30,0.42691371221568974,0.5879565294851238,0.00270146675129495,0.001878562197885655,"[[ 0.32000687  0.17105783 -0.93184485  0.09956143]
 [-0.75115247 -0.55360013 -0.35957873 -0.04164128]
 [-0.57737819  0.81502522 -0.04866534 -0.41660859]
 [ 0.          0.          0.          1.        ]]","[[ 0.43303796  0.0090428  -0.90133032  0.10593985]
 [-0.78908126 -0.47953769 -0.38391974 -0.03962266]
 [-0.43569357  0.87747469 -0.20052252 -0.42311712]
 [ 0.          0.          0.          1.        ]]"
full_scene,99,7,62,57,30,0.6681691311835619,0.7172694340519034,0.0024149041616577274,0.002183202888127691,"[[ 0.9916384   0.05836297 -0.1150958   0.10793936]
 [-0.06922561 -0.51212126 -0.85611894 -0.04784435]
 [-0.10890865  0.85692799 -0.50379889 -0.41270821]
 [ 0.          0.          0.          1.        ]]","[[ 0.93984868  0.00188643 -0.34158586  0.10553103]
 [-0.28896729 -0.52887113 -0.79799325 -0.04433602]
 [-0.18216026  0.84870005 -0.49651372 -0.41988889]
 [ 0.          0.          0.          1.        ]]"
full_scene,99,8,62,65,30,0.4792980580794584,0.7204584595284755,0.0028610315684366823,0.0022063032486990845,"[[-0.1773566  -0.13249363  0.9751872   0.10569432]
 [-0.73877951  0.67257518 -0.042982   -0.04308837]
 [-0.65019187 -0.72807147 -0.21716922 -0.42652638]
 [ 0.          0.          0.          1.        ]]","[[-6.14151331e-01 -6.49283960e-04  7.89188014e-01  1.05395465e-01]
 [-6.55645566e-01  5.57013467e-01 -5.09769446e-01 -3.98274970e-02]
 [-4.39257367e-01 -8.30503206e-01 -3.42516262e-01 -4.30764229e-01]
 [ 0.00000000e+00  0.00000000e+00  0.00000000e+00  1.00000000e+00]]"
full_scene,99,9,62,112,30,0.43781697250430546,0.6342656927370984,0.0026960584887942554,0.0019580098202728767,"[[ 0.9792274   0.1385592  -0.1480373   0.10197721]
 [-0.04913506 -0.54617965 -0.83622577 -0.06764058]
 [-0.19672173  0.82612901 -0.52802597 -0.39273971]
 [ 0.          0.          0.          1.        ]]","[[ 0.89526939 -0.00324166 -0.44551343  0.10530285]
 [-0.35648467 -0.60500322 -0.71196192 -0.05892862]
 [-0.26722912  0.79621643 -0.54279646 -0.40803626]
 [ 0.          0.          0.          1.        ]]"
full_scene,99,10,62,35,30,0.6236653007898332,0.7180652057723143,0.002578785795680222,0.002062528756038105,"[[ 0.99162588 -0.04292517 -0.12180129  0.10835219]
 [-0.11739744 -0.69262831 -0.71167679 -0.03682663]
 [-0.05381418  0.72001628 -0.69186746 -0.43449007]
 [ 0.          0.          0.          1.        ]]","[[ 8.62283620e-01  9.51888616e-04 -5.06424775e-01  1.05036825e-01]
 [-3.90472687e-01 -6.35540130e-01 -6.66047914e-01 -4.19411045e-02]
 [-3.22487271e-01  7.72067249e-01 -5.47644157e-01 -4.33815690e-01]
 [ 0.00000000e+00  0.00000000e+00  0.00000000e+00  1.00000000e+00]]"
full_scene,99,11,62,12,30,0.2842449076548489,0.8158560484589347,0.0030064728384297857,0.0018687371447933053,"[[ 0.18268914  0.07635354  0.98020142  0.11435956]
 [-0.54557296  0.83726969  0.03646368 -0.03950793]
 [-0.81790881 -0.54143291  0.1946165  -0.42997576]
 [ 0.          0.          0.          1.        ]]","[[-0.63313529 -0.01068457  0.77396741  0.10454748]
 [-0.57934334  0.66965146 -0.46468077 -0.04289824]
 [-0.51332349 -0.74259865 -0.43017    -0.43428576]
 [ 0.          0.          0.          1.        ]]"
full_scene,99,12,62,20,30,0.44630322465704614,0.7878674505611972,0.0027016399703034323,0.0018588302294006993,"[[ 0.97841433 -0.20648264 -0.00838518  0.10343725]
 [-0.17302377 -0.79633342 -0.57958249 -0.03922143]
 [ 0.11299632  0.56852265 -0.81487043 -0.43674631]
 [ 0.          0.          0.          1.        ]]","[[ 0.90210025  0.01854076 -0.43112803  0.10414861]
 [-0.29537246 -0.70182582 -0.64822498 -0.04273077]
 [-0.31459537  0.71210726 -0.62764082 -0.43652388]
 [ 0.          0.          0.          1.        ]]"
full_scene,99,20,62,30,30,0.3454183740127086,0.8033553061345685,0.002752562182013178,0.001920952036815409,"[[ 0.99055964 -0.13675047  0.00953426  0.09230739]
 [-0.11289417 -0.85325203 -0.50913247 -0.06985045]
 [ 0.07775923  0.50324972 -0.86063536 -0.43439278]
 [ 0.          0.          0.          1.        ]]","[[ 0.92055694  0.02098733 -0.39004418  0.09346005]
 [-0.27921901 -0.66293055 -0.69466526 -0.05673643]
 [-0.27315137  0.74838668 -0.60440526 -0.43850459]
 [ 0.          0.          0.          1.        ]]"
full_scene,99,22,62,22,30,0.40579013005522896,0.7395035334639825,0.002649398977461509,0.0017990486836455607,"[[-0.74884913  0.08486723  0.65728421  0.09981379]
 [-0.37025465  0.76898708 -0.52112414 -0.05364448]
 [-0.54966942 -0.6336059  -0.54443282 -0.43205245]
 [ 0.          0.          0.          1.        ]]","[[-0.83212808 -0.01876193  0.55426605  0.09522553]
 [-0.45572358  0.59266921 -0.6641229  -0.05681728]
 [-0.31603619 -0.80522742 -0.50172695 -0.43317452]
 [ 0.          0.          0.          1.        ]]"
full_scene,99,23,71,107,30,0.22426846736239,0.8104276652342951,0.003061985618703377,0.0021450098817100073,"[[-0.76692461  0.07991032 -0.63674247  0.00628157]
 [-0.40066248  0.71544874  0.57236586 -0.05440072]
 [ 0.50129454  0.69408029 -0.51667818 -0.46322226]
 [ 0.          0.          0.          1.        ]]","[[-0.89468766  0.26116743 -0.3623887   0.00322072]
 [ 0.02908782  0.84361273  0.53616365 -0.07010037]
 [ 0.4457442   0.4691579  -0.76236669 -0.46513482]
 [ 0.          0.          0.          1.        ]]"
full_scene,99,25,62,104,30,0.7003088069362788,0.7598075895243186,0.00199390946458077,0.0018763215779734465,"[[ 0.99468005 -0.01717364  0.10157099  0.0970448 ]
 [ 0.08107402 -0.47777035 -0.87473567 -0.05089493]
 [ 0.06355     0.87831689 -0.4738363  -0.43202455]
 [ 0.          0.          0.          1.        ]]","[[ 0.86788189  0.01584528 -0.49651782  0.09723436]
 [-0.42950509 -0.47828057 -0.76601115 -0.05613975]
 [-0.24961249  0.87806414 -0.40828541 -0.42392172]
 [ 0.          0.          0.          1.        ]]"
full_scene,99,26,62,84,30,0.7144426628659659,0.7439693568501693,0.002534757816512454,0.0018898761967687495,"[[ 0.9510363   0.04354221 -0.30599679  0.09442474]
 [-0.25970593 -0.4242043  -0.86752726 -0.05627959]
 [-0.16757921  0.90451909 -0.39212552 -0.41833433]
 [ 0.          0.          0.          1.        ]]","[[ 0.90589033  0.00589337 -0.42347134  0.09786441]
 [-0.3802267  -0.42905618 -0.81935246 -0.0543192 ]
 [-0.18652174  0.90325858 -0.38643703 -0.42113985]
 [ 0.          0.          0.          1.        ]]"
full_scene,99,27,62,56,19,0.6816913118356197,0.7303224657046143,0.0021987856727407502,0.0019729867808734123,"[[ 0.99860525 -0.01667632 -0.05009441  0.09816533]
 [-0.05274161 -0.35862938 -0.93198889 -0.05280507]
 [-0.00242318  0.93333106 -0.35900872 -0.42102991]
 [ 0.          0.          0.          1.        ]]","[[ 0.96743591  0.01097792 -0.25287793  0.09853702]
 [-0.22904526 -0.38725105 -0.89307049 -0.05259669]
 [-0.1077313   0.92190895 -0.37212614 -0.41796097]
 [ 0.          0.          0.          1.        ]]"
full_scene,99,28,62,81,30,0.5509590830809431,0.6113842864778194,0.0019933870255580194,0.0017024088388484637,"[[ 0.43734324  0.0404238  -0.89838567  0.09901534]
 [-0.8466095  -0.3184023  -0.42646492 -0.04928813]
 [-0.30328739  0.94709339 -0.10502792 -0.41921346]
 [ 0.          0.          0.          1.        ]]","[[ 0.51860856  0.00466218 -0.85499908  0.10058156]
 [-0.80298611 -0.34084073 -0.4889181  -0.04966166]
 [-0.29369793  0.9401095  -0.17301925 -0.41459326]
 [ 0.          0.          0.          1.        ]]"
full_scene,99,29,62,44,30,0.34342300611675275,0.6141991804738999,0.002708187532673429,0.0018995533456589138,"[[-0.99386499  0.06010852  0.09284044  0.11166954]
 [-0.06730541  0.33739601 -0.93895363 -0.03989511]
 [-0.08776311 -0.9394418  -0.33128046 -0.42005671]
 [ 0.          0.          0.          1.        ]]","[[-0.96740669 -0.01599113  0.25272234  0.10270898]
 [-0.24613946  0.29385887 -0.92361373 -0.04555049]
 [-0.05949507 -0.95571504 -0.28821709 -0.41148164]
 [ 0.          0.          0.          1.        ]]"
full_scene,99,31,62,100,30,0.4424609537383455,0.5411425856642318,0.0021585754474345137,0.001986286530753579,"[[-0.9476354  -0.04379363 -0.31633728  0.09695195]
 [ 0.29651678  0.24719485 -0.92248171 -0.05608933]
 [ 0.11859577 -0.96797563 -0.22126504 -0.40817345]
 [ 0.          0.          0.          1.        ]]","[[-0.99757342 -0.00409127  0.06950208  0.09708449]
 [-0.0685976   0.22840711 -0.971146   -0.05597945]
 [-0.01190155 -0.97355711 -0.22813351 -0.40936115]
 [ 0.          0.          0.          1.        ]]"
full_scene,99,31,71,94,30,0.32864333947206875,0.7894659300184163,0.003186891426246266,0.002150637056280325,"[[-0.80217621  0.54478352 -0.24438545  0.01323117]
 [ 0.2884396   0.71193824  0.64027068 -0.07078724]
 [ 0.52279626  0.44311946 -0.72823705 -0.43301545]
 [ 0.          0.          0.          1.        ]]","[[-0.91748303  0.383157   -0.10684382  0.0071918 ]
 [ 0.09536866  0.47265711  0.87607081 -0.08400533]
 [ 0.38617316  0.79359055 -0.47019605 -0.4394562 ]
 [ 0.          0.          0.          1.        ]]"
full_scene,99,32,62,59,30,0.3290337906051428,0.4494922501336184,0.002475108181724418,0.00195876202459949,"[[-0.9770074  -0.21213029 -0.02138417  0.0965219 ]
 [-0.03144794  0.24258392 -0.96962058 -0.06515305]
 [ 0.21087335 -0.94665399 -0.24367735 -0.39654562]
 [ 0.          0.          0.          1.        ]]","[[-0.98520859  0.00214388 -0.17134599  0.09254207]
 [ 0.16520784  0.27739686 -0.94644458 -0.06530857]
 [ 0.04550177 -0.96075303 -0.27364795 -0.40200915]
 [ 0.          0.          0.          1.        ]]"
full_scene,99,33,62,62,30,0.30478056891739413,0.5576043708058673,0.0025162771640271594,0.0019617690992486435,"[[-0.98389503  0.16048823 -0.0787026   0.10439077]
 [ 0.13512598  0.3795806  -0.91523742 -0.06053427]
 [-0.11701085 -0.91113232 -0.3951536  -0.41985186]
 [ 0.          0.          0.          1.        ]]","[[-0.99783877  0.00688731  0.0653479   0.09023368]
 [-0.05969272  0.32072664 -0.94528895 -0.06499289]
 [-0.02746931 -0.94714676 -0.31962235 -0.41769178]
 [ 0.          0.          0.          1.        ]]"
full_scene,99,34,62,126,30,0.3911752479363383,0.7044598847912584,0.0027313475211945834,0.0020665002373774443,"[[-0.38277343 -0.25464268  0.88805496  0.07634943]
 [-0.90475661  0.2977082  -0.3046068  -0.06483932]
 [-0.18681535 -0.92006898 -0.34434443 -0.42951066]
 [ 0.          0.          0.          1.        ]]","[[-5.37394133e-01  5.81902081e-04  8.43331019e-01  8.69326633e-02]
 [-7.85555479e-01  3.63418767e-01 -5.00828702e-01 -6.74107755e-02]
 [-3.06773752e-01 -9.31625709e-01 -1.94841997e-01 -4.21829078e-01]
 [ 0.00000000e+00  0.00000000e+00  0.00000000e+00  1.00000000e+00]]"
full_scene,99,35,62,97,30,0.6462854088722608,0.6960924045370865,0.0019539780909638787,0.002062808837844042,"[[-0.28012111  0.01456479  0.95985417  0.08498347]
 [-0.87576157  0.40563108 -0.26173479 -0.06880715]
 [-0.39315879 -0.91392084 -0.10087054 -0.42554048]
 [ 0.          0.          0.          1.        ]]","[[-0.72788266 -0.01922001  0.68543229  0.08653871]
 [-0.62971554  0.41434559 -0.6570967  -0.06964171]
 [-0.27137644 -0.90991666 -0.31369811 -0.42492384]
 [ 0.          0.          0.          1.        ]]"
full_scene,99,36,62,59,30,0.5461369439990498,0.7322643862462141,0.0024678334593703872,0.00207129303138126,"[[ 0.97448193 -0.16293006 -0.15439805  0.08643995]
 [-0.21027166 -0.4218857  -0.88192873 -0.06983181]
 [ 0.07855437  0.89188915 -0.44537957 -0.43147953]
 [ 0.          0.          0.          1.        ]]","[[ 0.89318564  0.00669914 -0.44963823  0.0848598 ]
 [-0.39693211 -0.45817151 -0.79531362 -0.07095638]
 [-0.21133935  0.88883856 -0.40657311 -0.42690932]
 [ 0.          0.          0.          1.        ]]"
full_scene,99,37,62,43,30,0.6518855038897797,0.6927192826177326,0.0022864906474437197,0.002145664534625617,"[[ 0.99757457 -0.0352783  -0.06000355  0.08350874]
 [-0.06959509 -0.49031489 -0.86876224 -0.07431928]
 [ 0.00122782  0.87083107 -0.49158086 -0.42541284]
 [ 0.          0.          0.          1.        ]]","[[ 0.91272687  0.00765068 -0.40849862  0.08375221]
 [-0.35121063 -0.49617121 -0.79401841 -0.07167027]
 [-0.20876003  0.86819099 -0.45018179 -0.43033138]
 [ 0.          0.          0.          1.        ]]"
full_scene,99,38,62,18,30,0.5149949521943108,0.742668804560841,0.0028645536632777983,0.0022601843685971686,"[[ 0.95376455 -0.11189683  0.27894852  0.09107497]
 [ 0.1606817  -0.59450659 -0.78787265 -0.07110899]
 [ 0.25399718  0.79626693 -0.54903954 -0.43263668]
 [ 0.          0.          0.          1.        ]]","[[ 0.96589595  0.00814923 -0.25880225  0.0831696 ]
 [-0.21392331 -0.53801134 -0.8153408  -0.07210145]
 [-0.14588295  0.84289821 -0.51791967 -0.43297995]
 [ 0.          0.          0.          1.        ]]"
full_scene,99,38,71,29,30,0.32744833231021075,0.7947943523634131,0.002874918782174912,0.0024350478302751577,"[[ 0.84060726 -0.52716192 -0.12441764 -0.01716728]
 [ 0.21337192  0.11115922  0.97062663 -0.06332514]
 [-0.49784723 -0.84246302  0.2059228  -0.45095438]
 [ 0.          0.          0.          1.        ]]","[[ 0.84574804 -0.52340965  0.10369475 -0.02986455]
 [-0.14327751 -0.03557078  0.98904311 -0.06774037]
 [-0.5139862  -0.85133839 -0.10507675 -0.45056759]
 [ 0.          0.          0.          1.        ]]"
full_scene,99,39,62,27,30,0.29420393134984263,0.31339153156363203,0.0029473820467170284,0.0025124246226748775,"[[-0.94848086 -0.30408984  0.08895751  0.0662107 ]
 [ 0.2557916  -0.56925987  0.78135386 -0.03617997]
 [-0.18696183  0.76385376  0.61771572 -0.41146409]
 [ 0.          0.          0.          1.        ]]","[[-0.87904655 -0.21068846  0.42765351  0.07414868]
 [ 0.46576791 -0.57085967  0.67615049 -0.03502834]
 [ 0.10167304  0.79355504  0.59994415 -0.40736179]
 [ 0.          0.          0.          1.        ]]"
full_scene,99,40,62,36,30,0.4377278935803789,0.7438921551160995,0.00263655908783418,0.002251237161462794,"[[ 0.96748925 -0.24154091  0.07498358  0.09109245]
 [-0.06958503 -0.53926035 -0.83925932 -0.06347536]
 [ 0.24315113  0.80675664 -0.53853622 -0.45010653]
 [ 0.          0.          0.          1.        ]]","[[ 0.88569221  0.02886657 -0.46337461  0.08233491]
 [-0.34597107 -0.62452647 -0.70019334 -0.07043943]
 [-0.30960189  0.78046999 -0.54315123 -0.4406082 ]
 [ 0.          0.          0.          1.        ]]"
full_scene,99,41,71,36,30,0.4562308164518109,0.7707305095150399,0.0031399341546127038,0.0025156230223022527,"[[ 0.81790252 -0.38204076  0.43020964 -0.01674535]
 [-0.25001684  0.4374444   0.86379047 -0.05853477]
 [-0.51819596 -0.81405605  0.26227025 -0.45847593]
 [ 0.          0.          0.          1.        ]]","[[ 0.8322947  -0.49414201  0.25121545 -0.03240544]
 [-0.10330456  0.30698271  0.94609185 -0.059084  ]
 [-0.54462253 -0.81337893  0.20445296 -0.4576194 ]
 [ 0.          0.          0.          1.        ]]"
full_scene,99,42,71,41,23,0.2559279721710661,0.8603887865766319,0.002969731262919418,0.0019742054444101733,"[[-0.83410784 -0.54753746  0.06683441 -0.00472925]
 [-0.28056489  0.31681219 -0.9060427  -0.06921634]
 [ 0.47491836 -0.77448871 -0.41787532 -0.47570811]
 [ 0.          0.          0.          1.        ]]","[[-0.82026069 -0.54112566 -0.18535214 -0.01730551]
 [ 0.0856033   0.20426322 -0.97516594 -0.0584661 ]
 [ 0.56554794 -0.81575705 -0.12122695 -0.4669263 ]
 [ 0.          0.          0.          1.        ]]"
full_scene,99,49,71,26,30,0.502950685492122,0.8358256599140577,0.0027798716124165746,0.0023978050887368926,"[[ 0.85449869 -0.49231123  0.16571555 -0.04109486]
 [-0.16209931  0.05036866  0.98548811 -0.05730114]
 [-0.49351374 -0.86896067 -0.03676335 -0.45360357]
 [ 0.          0.          0.          1.        ]]","[[ 0.73519637 -0.66472893  0.13274695 -0.04902189]
 [-0.19476165 -0.01957046  0.98065534 -0.05248908]
 [-0.64927206 -0.74682826 -0.14385183 -0.44943082]
 [ 0.          0.          0.          1.        ]]"
full_scene,99,54,71,89,30,0.40685901370984245,0.7251319828115408,0.0026340827686935123,0.002544032071636656,"[[ 0.7481954  -0.6421964   0.16669562 -0.03157175]
 [-0.5060923  -0.38993906  0.76929716 -0.06892423]
 [-0.42903873 -0.65994796 -0.61676126 -0.44624749]
 [ 0.          0.          0.          1.        ]]","[[ 0.74987051 -0.64631323 -0.1413274  -0.04480761]
 [-0.30082079 -0.52335303  0.79725056 -0.06423548]
 [-0.5892377  -0.55532047 -0.58687146 -0.44001277]
 [ 0.          0.          0.          1.        ]]"
full_scene,99,55,62,38,30,0.5007898331254825,0.6172694340519033,0.002716692106316731,0.002361561006687389,"[[ 0.94429717 -0.00647584 -0.32903026  0.06770568]
 [-0.31314815 -0.32512735 -0.89231745 -0.07843897]
 [-0.10119823  0.94564807 -0.30904474 -0.43978941]
 [ 0.          0.          0.          1.        ]]","[[ 0.86946502  0.03807313 -0.49252514  0.07010356]
 [-0.42471571 -0.45156912 -0.78466674 -0.08422061]
 [-0.25228387  0.89142345 -0.3764533  -0.43082991]
 [ 0.          0.          0.          1.        ]]"
full_scene,99,55,71,65,30,0.3954573357888275,0.7523224882340904,0.0031284542371138447,0.002495405834358592,"[[ 0.8397114  -0.54303173  0.00114464 -0.02914711]
 [-0.10152975 -0.15492807  0.98269477 -0.06771229]
 [-0.5334571  -0.82529621 -0.18522874 -0.44054405]
 [ 0.          0.          0.          1.        ]]","[[ 0.75739864 -0.64458761  0.10418308 -0.04327057]
 [-0.31951983 -0.22673389  0.92005371 -0.06664475]
 [-0.56943338 -0.73013599 -0.37768646 -0.43782325]
 [ 0.          0.          0.          1.        ]]"
full_scene,99,56,62,21,30,0.508153690836748,0.5656274125541897,0.002643139635002929,0.002312402289473412,"[[ 0.98762985  0.0336909  -0.15314115  0.07021813]
 [-0.12308053 -0.43854122 -0.8902431  -0.08913282]
 [-0.0971518   0.89807935 -0.42896971 -0.40896223]
 [ 0.          0.          0.          1.        ]]","[[ 0.87862373 -0.01317795 -0.47733289  0.07064283]
 [-0.44389373 -0.39099082 -0.8062782  -0.08634224]
 [-0.17600768  0.92030023 -0.34938343 -0.41983117]
 [ 0.          0.          0.          1.        ]]"
full_scene,99,58,62,50,30,0.5330126492071976,0.6595878615119662,0.002764020759483093,0.0021799874525937624,"[[ 0.96052332 -0.09467422 -0.26159462  0.07201421]
 [-0.27765793 -0.2675962  -0.92265831 -0.07402082]
 [ 0.01735023  0.95886864 -0.28331944 -0.42752008]
 [ 0.          0.          0.          1.        ]]","[[ 9.23976515e-01  2.42106574e-04 -3.82449134e-01  7.57009887e-02]
 [-3.63198526e-01 -3.12712569e-01 -8.77666041e-01 -7.91078901e-02]
 [-1.19809140e-01  9.49847772e-01 -2.88851137e-01 -4.19908268e-01]
 [ 0.00000000e+00  0.00000000e+00  0.00000000e+00  1.00000000e+00]]"
full_scene,99,61,71,54,30,0.3972089216288111,0.7514385103335379,0.002836349218106726,0.0024826102031781077,"[[ 0.88057517 -0.46225598  0.10443557 -0.03024935]
 [-0.16698422 -0.09641058  0.98123456 -0.07665381]
 [-0.44351285 -0.88148988 -0.16208622 -0.42746866]
 [ 0.          0.          0.          1.        ]]","[[ 0.77302671 -0.55882504  0.30024037 -0.04424886]
 [-0.42704459 -0.1084222   0.89770683 -0.07303269]
 [-0.46910833 -0.82216738 -0.32245647 -0.42628617]
 [ 0.          0.          0.          1.        ]]"
full_scene,99,62,71,110,23,0.4071209330877839,0.8274606097810517,0.0027565570297986095,0.0021024250096601726,"[[-0.8173524  -0.4906405  -0.30200488 -0.02945469]
 [ 0.34074607  0.01101093 -0.94009089 -0.0849857 ]
 [ 0.46457202 -0.87129252  0.15818401 -0.43514485]
 [ 0.          0.          0.          1.        ]]","[[-0.73592377 -0.5143457  -0.4403007  -0.03558763]
 [ 0.47295218  0.07482425 -0.87790522 -0.07680965]
 [ 0.48449194 -0.85431249  0.18819597 -0.43329717]
 [ 0.          0.          0.          1.        ]]"
full_scene,99,63,62,40,30,0.36775342953857115,0.4471465051368846,0.0027489869601405635,0.001955661650139715,"[[-0.97874095 -0.00475932 -0.20504513  0.05457783]
 [ 0.19078735  0.34579057 -0.91871055 -0.08466899]
 [ 0.07527511 -0.93829965 -0.33753137 -0.43023311]
 [ 0.          0.          0.          1.        ]]","[[-0.80984282 -0.00983114 -0.58656454  0.05728829]
 [ 0.55931502  0.28869615 -0.77705936 -0.09312364]
 [ 0.1769783  -0.9573703  -0.2282998  -0.41765792]
 [ 0.          0.          0.          1.        ]]"
full_scene,99,63,71,20,23,0.5571025168815225,0.8934561080417434,0.00298734407286347,0.002056108114766983,"[[-0.80233981 -0.56796095 -0.18349713 -0.03961072]
 [ 0.479495   -0.43026737 -0.7648232  -0.07149664]
 [ 0.35543688 -0.70163406  0.61755508 -0.43741037]
 [ 0.          0.          0.          1.        ]]","[[-0.71187717 -0.69450902 -0.10434618 -0.03915149]
 [ 0.47616821 -0.36808974 -0.7986074  -0.07349601]
 [ 0.51623128 -0.61819671  0.59273779 -0.43467344]
 [ 0.          0.          0.          1.        ]]"
full_scene,99,64,71,58,30,0.34358092899529363,0.7862819725803151,0.0029119162312162615,0.002454058313511189,"[[ 0.74892885  0.28685748  0.59734276 -0.06887915]
 [-0.46501653  0.86972108  0.16536285 -0.07852206]
 [-0.47208602 -0.40161926  0.78475267 -0.43698086]
 [ 0.          0.          0.          1.        ]]","[[ 0.68751801  0.35179445  0.63526345 -0.05689358]
 [-0.4839543   0.87419438  0.03965372 -0.06343913]
 [-0.54139378 -0.33470112  0.77127682 -0.43016484]
 [ 0.          0.          0.          1.        ]]"
full_scene,99,65,71,78,30,0.46021690198485776,0.8265684468999386,0.0025947207964026387,0.0023705018536404367,"[[ 0.48946996 -0.8691148  -0.07112396 -0.05451349]
 [-0.61502152 -0.40188653  0.67840677 -0.06672648]
 [-0.61819713 -0.28831697 -0.73123569 -0.4349378 ]
 [ 0.          0.          0.          1.        ]]","[[ 0.66879171 -0.7313987  -0.13331761 -0.05589569]
 [-0.47133352 -0.55580775  0.68477913 -0.06048237]
 [-0.57494553 -0.39513755 -0.71645234 -0.42849288]
 [ 0.          0.          0.          1.        ]]"
full_scene,99,66,71,70,16,0.5451851851851852,0.8604051565377532,0.002880563399994586,0.0019675805976492053,"[[-0.52598216  0.2953357  -0.79757106 -0.05021393]
 [ 0.54272847  0.83856957 -0.04740137 -0.0738994 ]
 [ 0.6548195  -0.4577968  -0.60135972 -0.44142806]
 [ 0.          0.          0.          1.        ]]","[[-0.65649339  0.26843451 -0.70495343 -0.0452482 ]
 [ 0.46088463  0.8825591  -0.09313862 -0.06586913]
 [ 0.59716144 -0.38604709 -0.70311155 -0.439042  ]
 [ 0.          0.          0.          1.        ]]"
full_scene,99,67,71,63,30,0.38651115203601394,0.8659218334356455,0.002618863444489107,0.001956932910345203,"[[-0.78054089  0.42545077 -0.45798205 -0.04051958]
 [ 0.24733394  0.88305508  0.39879774 -0.07211272]
 [ 0.57409218  0.19800344 -0.79448902 -0.44531249]
 [ 0.          0.          0.          1.        ]]","[[-0.64123584  0.56633631 -0.51776422 -0.04601201]
 [ 0.4472959   0.82412748  0.347477   -0.06375093]
 [ 0.62349256 -0.00877911 -0.78177999 -0.4408614 ]
 [ 0.          0.          0.          1.        ]]"
full_scene,99,68,71,55,21,0.41852261100879884,0.8455166768978923,0.003056251178529971,0.0023254722961056134,"[[ 0.52750525 -0.57251793  0.62766347 -0.05304299]
 [-0.57160078  0.30739505  0.76077646 -0.06165721]
 [-0.62849882 -0.76008651 -0.16509919 -0.438649  ]
 [ 0.          0.          0.          1.        ]]","[[ 0.63536476 -0.57718398  0.51300124 -0.06018159]
 [-0.43075585  0.28645757  0.85579873 -0.05404941]
 [-0.64090641 -0.76472263 -0.06662033 -0.43257792]
 [ 0.          0.          0.          1.        ]]"
full_scene,99,71,71,47,30,0.42840188254552897,0.8455494168201351,0.002934092586810875,0.002567296326537661,"[[ 0.54786534 -0.67047562  0.50030592 -0.04873245]
 [-0.38041676  0.33296501  0.86279626 -0.05214954]
 [-0.74506823 -0.66302092 -0.07264017 -0.44051663]
 [ 0.          0.          0.          1.        ]]","[[ 0.61266628 -0.58935867  0.52658939 -0.06023152]
 [-0.35207154  0.39300089  0.84946803 -0.04688853]
 [-0.70759144 -0.70583756  0.03328198 -0.43465778]
 [ 0.          0.          0.          1.        ]]"
full_scene,99,72,71,32,19,0.6008757929199918,0.8856476365868631,0.0026332513348318945,0.0020869804891178474,"[[-0.69860816  0.65621313  0.28518583 -0.04027402]
 [ 0.25446348 -0.14465591  0.95620239 -0.04745069]
 [ 0.66872638  0.74058017 -0.06592448 -0.44483913]
 [ 0.          0.          0.          1.        ]]","[[-0.6075385   0.71237897  0.35130211 -0.04930475]
 [ 0.30604242 -0.19818936  0.93116004 -0.05142793]
 [ 0.73296317  0.67322892 -0.09761051 -0.44700418]
 [ 0.          0.          0.          1.        ]]"
full_scene,99,73,71,89,23,0.5222263147125026,0.8480867607939431,0.002671802222104651,0.0025845661276013864,"[[ 0.73296746 -0.65784665 -0.17319495 -0.05593677]
 [-0.03655779 -0.29232388  0.95562036 -0.04967968]
 [-0.67928068 -0.694107   -0.23831331 -0.44162818]
 [ 0.          0.          0.          1.        ]]","[[ 0.60256021 -0.79474457 -0.0728166  -0.06249804]
 [-0.2694319  -0.28846119  0.91880172 -0.04378141]
 [-0.75121744 -0.53401424 -0.38794478 -0.43630197]
 [ 0.          0.          0.          1.        ]]"
full_scene,99,74,71,95,30,0.5699447513812155,0.8415224063842849,0.0027704423877203685,0.002561647690255862,"[[ 0.69089454 -0.54828698 -0.47121771 -0.0545953 ]
 [-0.13220351 -0.73661922  0.6632604  -0.04469269]
 [-0.71076506 -0.39594635 -0.58141166 -0.44332125]
 [ 0.          0.          0.          1.        ]]","[[ 0.59579736 -0.71173023 -0.37210964 -0.06178204]
 [-0.24906242 -0.60421609  0.75689552 -0.04235335]
 [-0.76354006 -0.35827783 -0.5372556  -0.4368185 ]
 [ 0.          0.          0.          1.        ]]"
full_scene,99,75,71,25,29,0.47697974217311234,0.811499897687743,0.0028348491184858973,0.0025018369578504963,"[[ 0.64236775 -0.70889087 -0.29126861 -0.05500337]
 [-0.25719534 -0.55740689  0.78939731 -0.0423295 ]
 [-0.72195168 -0.43217045 -0.54038364 -0.44370023]
 [ 0.          0.          0.          1.        ]]","[[ 0.59338179 -0.74653934 -0.30096023 -0.06351253]
 [-0.2053093  -0.50190756  0.84020051 -0.03911375]
 [-0.77829695 -0.43676975 -0.45109428 -0.43836143]
 [ 0.          0.          0.          1.        ]]"
full_scene,99,78,71,45,30,0.6262164927358298,0.8983098015142214,0.0024257946967460317,0.00195947058926357,"[[-0.49155753 -0.40054042 -0.77326488 -0.06077267]
 [ 0.29652401  0.75790377 -0.58108123 -0.04119187]
 [ 0.81880688 -0.51492645 -0.25378345 -0.43988503]
 [ 0.          0.          0.          1.        ]]","[[-0.42675625 -0.32903099 -0.8423881  -0.06487121]
 [ 0.36593166  0.7889855  -0.49355434 -0.03955785]
 [ 0.82702668 -0.51888388 -0.21630163 -0.43560512]
 [ 0.          0.          0.          1.        ]]"
full_scene,99,79,71,118,30,0.6385103335379578,0.8182033967669327,0.0028400094454888694,0.0025998823393966215,"[[ 0.55189903 -0.82019891  0.15060282 -0.06875691]
 [-0.37962464 -0.08631247  0.92110547 -0.04156445]
 [-0.7424908  -0.56552976 -0.35900349 -0.42383048]
 [ 0.          0.          0.          1.        ]]","[[ 0.43655726 -0.88662252  0.15270319 -0.07575825]
 [-0.42342145 -0.05272067  0.90439748 -0.03412517]
 [-0.79380856 -0.45947909 -0.39843059 -0.42399301]
 [ 0.          0.          0.          1.        ]]"
full_scene,99,80,71,59,30,0.48152240638428484,0.8627378759975445,0.003060231855461895,0.00248575201626192,"[[ 0.50867815 -0.75891721 -0.40656022 -0.07027256]
 [-0.44233771 -0.63550017  0.63283243 -0.04043503]
 [-0.73863651 -0.14207111 -0.65896275 -0.43009834]
 [ 0.          0.          0.          1.        ]]","[[ 0.45891746 -0.69635752 -0.55179794 -0.07402422]
 [-0.43482211 -0.71762927  0.54400181 -0.03692243]
 [-0.7748061  -0.00971799 -0.63212425 -0.42303453]
 [ 0.          0.          0.          1.        ]]"
full_scene,99,81,71,91,30,0.5558338448946184,0.8652752199713526,0.0026029470349516392,0.0024251351779856606,"[[ 0.44415973 -0.58496581 -0.67862886 -0.05265736]
 [-0.53013187 -0.78220734  0.32727951 -0.03185674]
 [-0.7222758   0.21439841 -0.65753402 -0.41984759]
 [ 0.          0.          0.          1.        ]]","[[ 0.46738801 -0.51814855 -0.71628942 -0.07274714]
 [-0.46591618 -0.83295047  0.29852241 -0.03842907]
 [-0.75131256  0.19420503 -0.63072485 -0.42222277]
 [ 0.          0.          0.          1.        ]]"
full_scene,99,82,71,72,30,0.7157601800695723,0.8751217515858399,0.0028108249223291115,0.001992912942233442,"[[-0.43523288 -0.16022124 -0.88594667 -0.05878074]
 [ 0.6004105   0.68161082 -0.41822712 -0.04445082]
 [ 0.6708797  -0.71395788 -0.20046093 -0.43452017]
 [ 0.          0.          0.          1.        ]]","[[-0.463092   -0.28606011 -0.83887747 -0.06240735]
 [ 0.48857897  0.70729581 -0.51090433 -0.04839939]
 [ 0.73948387 -0.6464536  -0.18778007 -0.43287767]
 [ 0.          0.          0.          1.        ]]"
full_scene,99,83,71,171,14,0.7368937998772253,0.8729363617761408,0.0024410039913793915,0.0021315368676180606,"[[-0.44830258  0.81610307  0.36469243 -0.05940691]
 [ 0.52371422 -0.09082913  0.84703807 -0.05316566]
 [ 0.72439507  0.57072396 -0.38668585 -0.43485556]
 [ 0.          0.          0.          1.        ]]","[[-0.46607469  0.81218097  0.35090805 -0.06144959]
 [ 0.5297495  -0.06148652  0.8459225  -0.05092307]
 [ 0.70861827  0.58015643 -0.40159514 -0.43244205]
 [ 0.          0.          0.          1.        ]]"
full_scene,99,84,71,219,30,0.3663269899733988,0.8451401677921015,0.0030603959402641092,0.002510384490499878,"[[ 0.55524202 -0.78592513 -0.27208084 -0.06072591]
 [-0.59774693 -0.60456619  0.52649627 -0.05080735]
 [-0.57827753 -0.12969737 -0.80546489 -0.42668229]
 [ 0.          0.          0.          1.        ]]","[[ 0.48665455 -0.64698816 -0.58700398 -0.07159453]
 [-0.54361353 -0.75027457  0.37626109 -0.0430668 ]
 [-0.68385063  0.13599413 -0.71683605 -0.42215608]
 [ 0.          0.          0.          1.        ]]"
full_scene,99,85,71,132,30,0.6306036423163495,0.8127849396357684,0.0026592885837859633,0.002548237097228287,"[[ 0.55454985 -0.79319933  0.25161337 -0.06713368]
 [-0.43535405 -0.01885773  0.9000618  -0.0485451 ]
 [-0.70918355 -0.60867004 -0.35578009 -0.42232157]
 [ 0.          0.          0.          1.        ]]","[[ 0.49859041 -0.844733    0.194509   -0.07158654]
 [-0.56426606 -0.14594112  0.81259153 -0.04451379]
 [-0.65803602 -0.51490518 -0.54941901 -0.42240728]
 [ 0.          0.          0.          1.        ]]"
full_scene,99,86,71,169,30,0.823621853898097,0.8854430120728464,0.002290396813445724,0.0019424142605905348,"[[-0.47935906 -0.85807832 -0.18416433 -0.05908858]
 [ 0.57088415 -0.14549614 -0.80803599 -0.0552722 ]
 [ 0.66656296 -0.49247586  0.55960821 -0.43070246]
 [ 0.          0.          0.          1.        ]]","[[-0.51484567 -0.84331907 -0.15410022 -0.05993908]
 [ 0.59154648 -0.2193662  -0.77585516 -0.0579527 ]
 [ 0.62048907 -0.49060311  0.61180217 -0.43031223]
 [ 0.          0.          0.          1.        ]]"
full_scene,99,87,62,29,30,0.42927727299720886,0.5715244373181305,0.002605223085353202,0.0025751396972415815,"[[ 0.97851232 -0.03769437  0.20271354  0.03624248]
 [ 0.18253322 -0.29886803 -0.93667471 -0.09945218]
 [ 0.09589197  0.9535497  -0.28556557 -0.43397446]
 [ 0.          0.          0.          1.        ]]","[[ 0.93737439  0.09209604 -0.33592793  0.0358347 ]
 [-0.28368645 -0.35775792 -0.88968043 -0.10478493]
 [-0.20211692  0.92926185 -0.30922671 -0.42433323]
 [ 0.          0.          0.          1.        ]]"
full_scene,99,87,71,146,21,0.4488643339472069,0.8441825250665029,0.002639411465729573,0.0023496700430964165,"[[ 0.69251871 -0.58018062  0.42872869 -0.06143411]
 [-0.3975081   0.18904409  0.89791405 -0.05392502]
 [-0.60200096 -0.7922454  -0.09970992 -0.42513317]
 [ 0.          0.          0.          1.        ]]","[[ 0.52511696 -0.63384921  0.56787971 -0.0681953 ]
 [-0.60920647  0.18596396  0.77089875 -0.04912163]
 [-0.59423872 -0.750768   -0.28849221 -0.42120505]
 [ 0.          0.          0.          1.        ]]"
full_scene,99,88,71,59,30,0.5395621035400041,0.8454675670145283,0.0027640666793580216,0.0023826315882600445,"[[ 0.42138133 -0.66573556  0.61581973 -0.06115279]
 [-0.79826521  0.04995941  0.60023055 -0.05937591]
 [-0.43036081 -0.74451341 -0.51038158 -0.42047344]
 [ 0.          0.          0.          1.        ]]","[[ 0.549683   -0.66926425  0.49993396 -0.06730859]
 [-0.63377513  0.05577127  0.77150415 -0.05281468]
 [-0.5442221  -0.74092842 -0.39350652 -0.42067126]
 [ 0.          0.          0.          1.        ]]"
full_scene,99,89,71,32,30,0.43859218334356453,0.8116881522406384,0.002668015060388547,0.0024036893037384832,"[[ 0.76699392 -0.63703993  0.07681437 -0.05655578]
 [-0.53911205 -0.57486757  0.61553673 -0.06237676]
 [-0.34796339 -0.51352449 -0.78435584 -0.4253313 ]
 [ 0.          0.          0.          1.        ]]","[[ 0.58573395 -0.81046299  0.00809206 -0.06567817]
 [-0.61969427 -0.44138287  0.64896854 -0.05616198]
 [-0.52239329 -0.38513751 -0.76077221 -0.42111376]
 [ 0.          0.          0.          1.        ]]"
full_scene,99,90,71,76,30,0.4974749334970329,0.875146306527522,0.003138285468569373,0.0019628513414223607,"[[-0.541861   -0.71300296 -0.444987   -0.05173449]
 [ 0.62907627  0.00704302 -0.77731168 -0.07873876]
 [ 0.55735958 -0.70112565  0.4447169  -0.42127398]
 [ 0.          0.          0.          1.        ]]","[[-0.63907141 -0.64850073 -0.41356322 -0.04851868]
 [ 0.60455348 -0.0911102  -0.79133685 -0.07029569]
 [ 0.4755027  -0.75574184  0.4502793  -0.42713719]
 [ 0.          0.          0.          1.        ]]"
full_scene,99,91,71,132,30,0.487865766318805,0.8681972580315122,0.0027245796463910986,0.001952845196137218,"[[-0.39955851 -0.5067263  -0.76392503 -0.05224934]
 [ 0.79481211  0.22372126 -0.56411215 -0.05342326]
 [ 0.45675673 -0.83257267  0.31336247 -0.41919527]
 [ 0.          0.          0.          1.        ]]","[[-0.42983314 -0.46284225 -0.77525514 -0.06729543]
 [ 0.74973442  0.29549428 -0.59209918 -0.05532836]
 [ 0.50313197 -0.8357393   0.21999553 -0.42185574]
 [ 0.          0.          0.          1.        ]]"
full_scene,99,92,71,161,22,0.6095682422754246,0.8370779619398404,0.0028263559057174776,0.00241058051773879,"[[ 0.27358518 -0.52585257  0.80537583 -0.06783956]
 [-0.82555122  0.30129682  0.47716392 -0.0440141 ]
 [-0.49357505 -0.79542397 -0.35168789 -0.41588276]
 [ 0.          0.          0.          1.        ]]","[[ 0.38799832 -0.51978957  0.7611019  -0.07893591]
 [-0.74249662  0.3129583   0.59224646 -0.03821887]
 [-0.54603669 -0.79490623 -0.26451471 -0.41580141]
 [ 0.          0.          0.          1.        ]]"
full_scene,99,93,71,129,30,0.8321997135256803,0.8591201145897278,0.0021068960485729118,0.0019422822968102765,"[[-0.37257812 -0.57883541 -0.72535171 -0.07036052]
 [ 0.74370488  0.28126728 -0.60645838 -0.04987375]
 [ 0.5550573  -0.76540073  0.32568869 -0.42152867]
 [ 0.          0.          0.          1.        ]]","[[-0.34937592 -0.37404265 -0.85908589 -0.07163819]
 [ 0.73154857  0.46400592 -0.49953499 -0.04884297]
 [ 0.58546832 -0.80298855  0.11151787 -0.42200801]
 [ 0.          0.          0.          1.        ]]"
full_scene,99,94,71,160,30,0.5325148352772662,0.849208103130755,0.0025438479579647896,0.0019674976006309993,"[[-0.43811597 -0.20785834 -0.87455663 -0.07233078]
 [ 0.69956234  0.53212507 -0.47692288 -0.05297444]
 [ 0.56450591 -0.82075442 -0.08772262 -0.42470576]
 [ 0.          0.          0.          1.        ]]","[[-0.32334669 -0.02631861 -0.9459145  -0.07258787]
 [ 0.71437715  0.64876058 -0.26224988 -0.04647216]
 [ 0.6205741  -0.76053733 -0.19097317 -0.422055  ]
 [ 0.          0.          0.          1.        ]]"
full_scene,99,95,71,205,30,0.7275874769797421,0.8894700225086966,0.002619754235172123,0.002112707658918332,"[[-0.23010657  0.96401435  0.13314393 -0.07291084]
 [ 0.66801735  0.05697795  0.74196114 -0.04853015]
 [ 0.70767492  0.25967259 -0.65708931 -0.42261735]
 [ 0.          0.          0.          1.        ]]","[[-0.31774657  0.91238842  0.2580397  -0.0725967 ]
 [ 0.68237995  0.0310922   0.73033614 -0.04459174]
 [ 0.65832722  0.40814292 -0.632475   -0.42208656]
 [ 0.          0.          0.          1.        ]]"
full_scene,99,96,71,162,28,0.5101289134438306,0.8605033763044813,0.0025358285669552973,0.0019850510057185097,"[[-0.19923654 -0.18921425 -0.96151067 -0.06259807]
 [ 0.67330683  0.68647543 -0.27460773 -0.04677541]
 [ 0.71201314 -0.70210359 -0.00937174 -0.41799229]
 [ 0.          0.          0.          1.        ]]","[[-0.28920539 -0.06692792 -0.95492455 -0.07458827]
 [ 0.67079868  0.69749851 -0.2520416  -0.04264139]
 [ 0.68292707 -0.71345391 -0.15682517 -0.42234056]
 [ 0.          0.          0.          1.        ]]"
full_scene,99,97,71,105,30,0.7227747084100675,0.8774462860650706,0.002798848424492022,0.002062172705955823,"[[-0.30145704  0.86651838  0.39783106 -0.06883097]
 [ 0.58484326 -0.16149007  0.79490837 -0.04221867]
 [ 0.75304848  0.47229954 -0.45809512 -0.42341295]
 [ 0.          0.          0.          1.        ]]","[[-0.3001972   0.84261295  0.44708507 -0.07467376]
 [ 0.63132429 -0.17584627  0.75531962 -0.04066757]
 [ 0.71506034  0.5090005  -0.47917346 -0.42180352]
 [ 0.          0.          0.          1.        ]]"
full_scene,99,98,71,123,30,0.47688970738694497,0.8511479435236341,0.0027133469373170167,0.0024116804784022105,"[[ 0.1226777  -0.66462336 -0.73703865 -0.06431149]
 [-0.62810898 -0.62698458  0.46083558 -0.03111831]
 [-0.76839397  0.40640634 -0.49437293 -0.41356963]
 [ 0.          0.          0.          1.        ]]","[[ 0.27918288 -0.66184902 -0.69571028 -0.08198963]
 [-0.62456153 -0.67548367  0.3919754  -0.02732848]
 [-0.72936946  0.32508106 -0.60194891 -0.41162939]
 [ 0.          0.          0.          1.        ]]"
full_scene,99,99,71,127,15,0.7128299570288521,0.8596357683650502,0.002734515782695319,0.0024773451853565952,"[[ 0.30435515 -0.94908284  0.08130004 -0.07834104]
 [-0.60077032 -0.12501987  0.78958537 -0.03207111]
 [-0.7392178  -0.28915702 -0.60823125 -0.40984186]
 [ 0.          0.          0.          1.        ]]","[[ 0.27695286 -0.95776028  0.07741033 -0.08213942]
 [-0.58522528 -0.1042336   0.80414347 -0.02587911]
 [-0.76210792 -0.26801232 -0.58937332 -0.41102205]
 [ 0.          0.          0.          1.        ]]"
full_scene,99,100,71,103,30,0.5303130755064457,0.8758665848168611,0.002825367617348006,0.0024444256476880907,"[[ 0.09958699 -0.97490158  0.19912141 -0.07740856]
 [-0.69895284  0.07389102  0.71134031 -0.03093414]
 [-0.70820008 -0.21001672 -0.67405165 -0.41117495]
 [ 0.          0.          0.          1.        ]]","[[ 0.26494746 -0.92520064  0.27167373 -0.08256425]
 [-0.55599949  0.08360837  0.82696687 -0.02443669]
 [-0.78782448 -0.37015322 -0.49225926 -0.41098057]
 [ 0.          0.          0.          1.        ]]"
full_scene,99,101,71,166,10,0.8857704112952731,0.9010517700020463,0.002460862907497556,0.002059414356020491,"[[-0.2382162  -0.76084809 -0.60362507 -0.07624105]
 [ 0.5036493   0.43463969 -0.74660948 -0.03139358]
 [ 0.83041581 -0.48186982  0.2796624  -0.42115661]
 [ 0.          0.          0.          1.        ]]","[[-0.25897932 -0.7478574  -0.6112602  -0.07603637]
 [ 0.50496938  0.43464165 -0.74571614 -0.0334204 ]
 [ 0.82336847 -0.50179274  0.26508188 -0.42255937]
 [ 0.          0.          0.          1.        ]]"
full_scene,99,102,71,74,30,0.6278043789646,0.8913934929404542,0.0027893297168286773,0.0023586343340568985,"[[ 0.22051381 -0.94094455 -0.25689884 -0.07757133]
 [-0.48035675 -0.33399205  0.81099118 -0.02906571]
 [-0.8488999  -0.05543166 -0.52563893 -0.41247217]
 [ 0.          0.          0.          1.        ]]","[[ 0.25731922 -0.91405244 -0.31352027 -0.0828329 ]
 [-0.47884996 -0.40242245  0.78023002 -0.02331555]
 [-0.83933875 -0.05063901 -0.54124501 -0.40960578]
 [ 0.          0.          0.          1.        ]]"
full_scene,99,105,71,58,30,0.22214855739717618,0.8750644567219152,0.002984881974786705,0.0024576096849664923,"[[ 0.38845972  0.38084887  0.83907877 -0.10181648]
 [-0.30273753  0.9127929  -0.27415162 -0.03009961]
 [-0.87031548 -0.14752377  0.46988052 -0.42205305]
 [ 0.          0.          0.          1.        ]]","[[ 0.26317747  0.41515993  0.87085008 -0.08319615]
 [-0.32737733  0.88754181 -0.32418147 -0.01931021]
 [-0.90750301 -0.19977932  0.36949495 -0.40829968]
 [ 0.          0.          0.          1.        ]]"
full_scene,99,107,71,101,30,0.5505299774913035,0.7785553509310416,0.002783458495166772,0.002520068221463956,"[[ 0.21410745 -0.74332861 -0.63373542 -0.08508273]
 [-0.24343098 -0.66891511  0.70234887 -0.0147575 ]
 [-0.94599121  0.00389271 -0.32416892 -0.40020745]
 [ 0.          0.          0.          1.        ]]","[[ 0.06306817 -0.79719004 -0.60042521 -0.09068191]
 [-0.39201137 -0.57305653  0.71967583 -0.00859399]
 [-0.917796    0.18998487 -0.34864919 -0.39245855]
 [ 0.          0.          0.          1.        ]]"
full_scene,99,108,71,143,26,0.3411090648659709,0.8785103335379578,0.003037825272940317,0.002237202656638186,"[[-0.24801573  0.49427622 -0.83317418 -0.08268635]
 [ 0.27594064  0.8604623   0.42832392 -0.02520103]
 [ 0.92862531 -0.12367555 -0.34979908 -0.41789978]
 [ 0.          0.          0.          1.        ]]","[[-0.06345296  0.48981758 -0.86951277 -0.08326885]
 [ 0.43785816  0.79659697  0.41678951 -0.01538515]
 [ 0.89680207 -0.35427673 -0.26501705 -0.40864959]
 [ 0.          0.          0.          1.        ]]"
full_scene,99,111,71,150,21,0.481121342336812,0.8712584407612032,0.0028790746014490673,0.0023724205357863936,"[[-0.10544665 -0.87039761  0.48092516 -0.07566171]
 [-0.51930819  0.46063594  0.71981493 -0.0173529 ]
 [-0.84805661 -0.17384631 -0.50057712 -0.39919417]
 [ 0.          0.          0.          1.        ]]","[[ 0.08545552 -0.88337744  0.46080544 -0.08826064]
 [-0.56702121  0.33717687  0.75153091 -0.00942727]
 [-0.81925839 -0.32550892 -0.47208012 -0.3986079 ]
 [ 0.          0.          0.          1.        ]]"
full_scene,99,112,71,215,30,0.48847963986085535,0.8714466953140986,0.002807302049353426,0.0024161668089057583,"[[ 0.17987071 -0.3271775  -0.92768605 -0.08330857]
 [-0.70736228 -0.69837283  0.10915128 -0.01404203]
 [-0.68358258  0.636577   -0.35704984 -0.40445172]
 [ 0.          0.          0.          1.        ]]","[[ 0.08335132 -0.28856955 -0.95382397 -0.08822511]
 [-0.61647614 -0.76695213  0.17816173 -0.00964412]
 [-0.78294938  0.5731597  -0.24182271 -0.39965907]
 [ 0.          0.          0.          1.        ]]"
full_scene,99,113,71,119,14,0.6353836709637815,0.9131409862901576,0.002396921117916931,0.002108394409337217,"[[-0.18315366  0.27459533 -0.94395558 -0.08172043]
 [ 0.55446368  0.82175817  0.13146689 -0.02719138]
 [ 0.81180341 -0.49931044 -0.30276115 -0.41469212]
 [ 0.          0.          0.          1.        ]]","[[-0.08222801  0.2578002  -0.9626929  -0.08298695]
 [ 0.64482348  0.7502883   0.1458429  -0.02250797]
 [ 0.75989555 -0.60877461 -0.22793033 -0.41199136]
 [ 0.          0.          0.          1.        ]]"
full_scene,99,114,71,113,18,0.26603642316349496,0.9124780028647432,0.0026227477232882547,0.0021226653484124093,"[[ 0.14099949  0.69361435 -0.70641226 -0.08370358]
 [ 0.86443098  0.26155584  0.42935723 -0.03525898]
 [ 0.48257459 -0.67118379 -0.56270249 -0.42602463]
 [ 0.          0.          0.          1.        ]]","[[-0.09584216  0.76159722 -0.6409243  -0.08314295]
 [ 0.67170161  0.52466947  0.52300946 -0.02339527]
 [ 0.73459596 -0.38038353 -0.56185153 -0.41298933]
 [ 0.          0.          0.          1.        ]]"
full_scene,99,115,71,248,30,0.4159852670349908,0.9046040515653775,0.002837133634460576,0.0022122351869359857,"[[ 0.0389274  -0.83434688 -0.54986357 -0.08141289]
 [ 0.64810665  0.4399174  -0.6216353  -0.03470063]
 [ 0.76055403 -0.33217158  0.5578706  -0.41678494]
 [ 0.          0.          0.          1.        ]]","[[-0.11059007 -0.82186238 -0.55884887 -0.08318124]
 [ 0.7111269   0.32738494 -0.62218778 -0.02466813]
 [ 0.69431144 -0.46622025  0.54824292 -0.41329409]
 [ 0.          0.          0.          1.        ]]"
full_scene,99,116,71,153,30,0.40864333947206877,0.8980888070390833,0.0028198020990606544,0.0021893467801211578,"[[ 0.08236669 -0.47256517 -0.87743825 -0.07809461]
 [ 0.77060706  0.58849813 -0.24461136 -0.03776156]
 [ 0.63196558 -0.65601228  0.4126347  -0.40765893]
 [ 0.          0.          0.          1.        ]]","[[-0.10950544 -0.42141296 -0.90023312 -0.08244341]
 [ 0.74081559  0.56924419 -0.35658565 -0.02608668]
 [ 0.66272229 -0.7059548   0.24985395 -0.41396664]
 [ 0.          0.          0.          1.        ]]"
full_scene,99,117,71,130,30,0.58536525475752,0.835269081235932,0.002709435564907045,0.0024330185042459596,"[[ 0.1538999  -0.96399907 -0.21684237 -0.07871345]
 [-0.72577492 -0.25920692  0.63723037 -0.01048794]
 [-0.67049653  0.05930907 -0.73953826 -0.40984361]
 [ 0.          0.          0.          1.        ]]","[[ 0.11177644 -0.95243589 -0.2834994  -0.08794458]
 [-0.77588168 -0.26189646  0.57394935 -0.01357951]
 [-0.62089745  0.15580798 -0.76825141 -0.40518595]
 [ 0.          0.          0.          1.        ]]"
full_scene,99,118,71,105,30,0.49380806220585227,0.8414814814814815,0.0030029961153539477,0.0023481484666434665,"[[ 0.26789668 -0.89693471  0.35176625 -0.08046617]
 [-0.76992442  0.02018196  0.63781586 -0.02171458]
 [-0.57917852 -0.44170218 -0.68516526 -0.41057042]
 [ 0.          0.          0.          1.        ]]","[[ 0.12399438 -0.93361477  0.33613814 -0.08748546]
 [-0.7997824   0.10648077  0.59077065 -0.01415158]
 [-0.58734445 -0.34208961 -0.73348565 -0.4074426 ]
 [ 0.          0.          0.          1.        ]]"
full_scene,99,119,71,108,30,0.6752363413136894,0.843609576427256,0.0026098037097814566,0.0020918945350254306,"[[-0.04684911 -0.55048036 -0.83353256 -0.07874561]
 [ 0.88277794  0.36767426 -0.29243587 -0.03390026]
 [ 0.46744867 -0.74952452  0.46872671 -0.4180423 ]
 [ 0.          0.          0.          1.        ]]","[[-0.13213146 -0.39348718 -0.9097852  -0.08167259]
 [ 0.8230836   0.46788163 -0.32190088 -0.0316599 ]
 [ 0.55233565 -0.79136251  0.26205096 -0.41602196]
 [ 0.          0.          0.          1.        ]]"
full_scene,99,120,71,180,27,0.6293186003683241,0.8576304481276857,0.002819062192441993,0.0020789835761245243,"[[-0.00402412 -0.73954759 -0.67309224 -0.08397262]
 [ 0.86963684  0.32970647 -0.36745803 -0.0376888 ]
 [ 0.49367557 -0.58682451  0.64181105 -0.41403033]
 [ 0.          0.          0.          1.        ]]","[[-0.15992953 -0.64135849 -0.75038778 -0.0810689 ]
 [ 0.84100537  0.3094891  -0.44376397 -0.03342111]
 [ 0.51684863 -0.70205112  0.48988949 -0.41677904]
 [ 0.          0.          0.          1.        ]]"
full_scene,99,121,71,64,30,0.38845099242889297,0.8774790259873133,0.003116705217543521,0.002340348231135067,"[[-3.86029264e-02 -7.33087794e-01  6.79037628e-01 -8.39687484e-02]
 [-8.13081969e-01  4.18063838e-01  4.05117686e-01 -8.93494450e-04]
 [-5.80867908e-01 -5.36474523e-01 -6.12198954e-01 -4.08499189e-01]
 [ 0.00000000e+00  0.00000000e+00  0.00000000e+00  1.00000000e+00]]","[[-0.10459239 -0.68037108  0.72536585 -0.0887248 ]
 [-0.84993222  0.43987827  0.29003848  0.00915917]
 [-0.51640648 -0.58617599 -0.62427723 -0.40384614]
 [ 0.          0.          0.          1.        ]]"
full_scene,99,126,71,81,30,0.5641170452220176,0.837708205443012,0.0028845979221941535,0.0025415864151917635,"[[-0.2382793  -0.6328265  -0.73671813 -0.08963033]
 [-0.64442434 -0.46449599  0.60742139 -0.00288909]
 [-0.72659497  0.61949503 -0.29712902 -0.39456359]
 [ 0.          0.          0.          1.        ]]","[[-0.12034451 -0.70403259 -0.69989665 -0.08931682]
 [-0.69845791 -0.44095749  0.56366039  0.00844463]
 [-0.70545995  0.55668178 -0.43867032 -0.39524608]
 [ 0.          0.          0.          1.        ]]"
full_scene,99,127,71,128,20,0.4588009003478617,0.8728463269899734,0.0027212949544401575,0.002405322171606072,"[[ 0.07954621 -0.37964945  0.92170423 -0.09745076]
 [-0.66771655  0.66625346  0.33205563 -0.00297488]
 [-0.74015337 -0.64185093 -0.20050029 -0.3921049 ]
 [ 0.          0.          0.          1.        ]]","[[-0.11646169 -0.35444838  0.92779471 -0.08916815]
 [-0.68528342  0.70484384  0.18325336  0.00748146]
 [-0.71890425 -0.61446033 -0.3249849  -0.39191199]
 [ 0.          0.          0.          1.        ]]"
full_scene,99,130,71,53,30,0.5578227951708614,0.7832780847145489,0.0028235024550672485,0.0025560398152048042,"[[-0.03701761 -0.93301472 -0.35792908 -0.07952587]
 [-0.55563369 -0.27848802  0.78340004  0.0034786 ]
 [-0.83060273  0.22787705 -0.50810546 -0.38980025]
 [ 0.          0.          0.          1.        ]]","[[-0.09801865 -0.90951621 -0.40394631 -0.08797629]
 [-0.54340041 -0.29113602  0.78737273  0.00676036]
 [-0.83373157  0.2966818  -0.46569472 -0.38749854]
 [ 0.          0.          0.          1.        ]]"
full_scene,99,136,71,142,17,0.35603846940863515,0.8662901575608758,0.00271113767636658,0.0020641475781424203,"[[ 0.57402581 -0.80874484  0.12816457 -0.09709544]
 [ 0.4338044   0.16760958 -0.88528005  0.00394292]
 [ 0.69448406  0.56377195  0.44704929 -0.38874677]
 [ 0.          0.          0.          1.        ]]","[[ 0.30876208 -0.94495526  0.10828447 -0.09073202]
 [ 0.31242847 -0.00676775 -0.94991718  0.01033957]
 [ 0.89836208  0.32712956  0.29314131 -0.37917696]
 [ 0.          0.          0.          1.        ]]"
full_scene,99,141,71,162,19,0.772048291385308,0.8822917945569879,0.00276632062342292,0.002090132337623723,"[[ 0.23451436 -0.49513568 -0.8365666  -0.09273305]
 [ 0.6074796   0.7464866  -0.27152585  0.00847676]
 [ 0.75892789 -0.44452043  0.47584665 -0.3865598 ]
 [ 0.          0.          0.          1.        ]]","[[ 0.29422495 -0.4416726  -0.84755943 -0.08976411]
 [ 0.52835067  0.81414847 -0.24084815  0.01169879]
 [ 0.79641525 -0.37694506  0.47290081 -0.3884455 ]
 [ 0.          0.          0.          1.        ]]"
full_scene,99,142,71,182,30,0.29541231839574383,0.8671250255780643,0.0027664413196632053,0.002351313706421748,"[[ 0.08344649 -0.51760373  0.85154158 -0.08894737]
 [-0.36161132  0.7805469   0.50988606  0.00833318]
 [-0.92858706 -0.35047528 -0.12203747 -0.38849109]
 [ 0.          0.          0.          1.        ]]","[[-0.30209645 -0.63942312  0.70701896 -0.0868366 ]
 [-0.56839992  0.71623141  0.40488776  0.02329384]
 [-0.76528378 -0.27955437 -0.57981901 -0.37749515]
 [ 0.          0.          0.          1.        ]]"
full_scene,99,143,71,152,30,0.5457008389605075,0.8740167792101494,0.002778684250932573,0.0020559539079570235,"[[ 0.51486783  0.7421779  -0.42904905 -0.08818128]
 [ 0.59366287  0.05237524  0.80300761  0.00751693]
 [ 0.61844605 -0.66815328 -0.41363714 -0.39588132]
 [ 0.          0.          0.          1.        ]]","[[ 0.31130174  0.79475611 -0.52101243 -0.08881079]
 [ 0.59281362  0.26609666  0.76010827  0.01243161]
 [ 0.74274036 -0.54548629 -0.38830589 -0.39235437]
 [ 0.          0.          0.          1.        ]]"
full_scene,99,144,71,51,30,0.5702967055453243,0.8801473296500921,0.002645609729223411,0.002058497711476225,"[[ 0.32095814  0.90068586  0.29283246 -0.0791849 ]
 [ 0.58371068 -0.43160635  0.68774836  0.0056578 ]
 [ 0.74583357 -0.049809   -0.66426753 -0.3938723 ]
 [ 0.          0.          0.          1.        ]]","[[ 0.30697807  0.91546827  0.26015823 -0.08889935]
 [ 0.62844435 -0.40027042  0.66696424  0.01271623]
 [ 0.71471825 -0.04124843 -0.6981951  -0.39403931]
 [ 0.          0.          0.          1.        ]]"
full_scene,99,145,71,119,20,0.6522611008798854,0.8487251892776755,0.002600323012828953,0.002080532573643666,"[[ 0.40629927 -0.45725043 -0.79110236 -0.09405012]
 [ 0.67098024  0.73699672 -0.08137163  0.00962795]
 [ 0.62024706 -0.49775282  0.60624723 -0.397321  ]
 [ 0.          0.          0.          1.        ]]","[[ 0.3253676  -0.40709744 -0.85346798 -0.08915328]
 [ 0.64608218  0.75475104 -0.11370433  0.0138914 ]
 [ 0.69044459 -0.51441475  0.50858994 -0.39590045]
 [ 0.          0.          0.          1.        ]]"
full_scene,99,146,71,92,21,0.39555555555555555,0.8826191937794148,0.0026932110453499808,0.002102687209641158,"[[ 0.53962891  0.831       0.13505418 -0.07948369]
 [ 0.64706981 -0.51200316  0.56493666  0.01022089]
 [ 0.53861053 -0.21746667 -0.81400672 -0.40883433]
 [ 0.          0.          0.          1.        ]]","[[ 0.33048505  0.93053106  0.15777067 -0.08916079]
 [ 0.67660854 -0.35013172  0.64777208  0.01351189]
 [ 0.65801255 -0.10733001 -0.74531856 -0.39770846]
 [ 0.          0.          0.          1.        ]]"
full_scene,99,147,71,160,30,0.6550194393288316,0.8808184980560672,0.002505911841337902,0.0019517326493896895,"[[ 0.47143331  0.71276233 -0.51934621 -0.09308001]
 [ 0.72428687  0.02305862  0.68911308  0.01101169]
 [ 0.50314925 -0.7010265  -0.5053738  -0.40099328]
 [ 0.          0.          0.          1.        ]]","[[ 0.32972122  0.70860132 -0.62383338 -0.08904272]
 [ 0.71442408  0.24468538  0.65553588  0.0148492 ]
 [ 0.6171565  -0.66182568 -0.42556388 -0.40000245]
 [ 0.          0.          0.          1.        ]]"
full_scene,99,148,71,90,30,0.3161203192142419,0.8317577245754041,0.0029122700759337096,0.002108361663084565,"[[ 0.68419168  0.45926986  0.56652709 -0.09364609]
 [ 0.46308549 -0.87369631  0.14901873  0.00447874]
 [ 0.56341244  0.1603931  -0.81045695 -0.40920534]
 [ 0.          0.          0.          1.        ]]","[[ 0.3527816   0.51997855  0.7779251  -0.08856061]
 [ 0.72377786 -0.67855548  0.12533184  0.01622959]
 [ 0.59303521  0.51883019 -0.61573085 -0.40176751]
 [ 0.          0.          0.          1.        ]]"
full_scene,99,149,71,177,28,0.3331123388581952,0.8015387763454062,0.002838505497126033,0.00246440193424381,"[[ 0.03109779 -0.39675433  0.91739791 -0.08857412]
 [-0.7837271   0.55995783  0.26873604  0.02036709]
 [-0.62032633 -0.7273467  -0.29353367 -0.4001787 ]
 [ 0.          0.          0.          1.        ]]","[[-0.36150734 -0.472852    0.80356918 -0.08447886]
 [-0.75825085  0.65062577  0.04173436  0.03231208]
 [-0.54255699 -0.59421974 -0.59374643 -0.39587322]
 [ 0.          0.          0.          1.        ]]"
full_scene,99,150,71,138,30,0.5316554123183957,0.8130468590137099,0.0028244016785867244,0.002196275618839631,"[[ 0.40812525  0.55665179 -0.72358314 -0.09484858]
 [ 0.80448833  0.15537301  0.5732868   0.01460687]
 [ 0.43154642 -0.81608701 -0.38440822 -0.39630273]
 [ 0.          0.          0.          1.        ]]","[[ 0.38271154  0.71763325 -0.58183709 -0.08728456]
 [ 0.76057983  0.1127728   0.63937518  0.0200059 ]
 [ 0.52445229 -0.68722981 -0.50265792 -0.4061337 ]
 [ 0.          0.          0.          1.        ]]"
full_scene,99,152,71,145,30,0.22440761203192142,0.5226846736239001,0.0029286643311005308,0.0025331233782962715,"[[-0.73218002 -0.4244486   0.53268735 -0.07100235]
 [-0.68071388  0.48271541 -0.5510122   0.04341375]
 [-0.02326004 -0.76604779 -0.64236263 -0.40493122]
 [ 0.          0.          0.          1.        ]]","[[-0.54952168 -0.41215894  0.72673993 -0.07792094]
 [-0.77154962  0.58405817 -0.2521651   0.04660293]
 [-0.3205263  -0.69928611 -0.6389537  -0.39437928]
 [ 0.          0.          0.          1.        ]]"
full_scene,99,153,71,182,30,0.352134233681195,0.6225496214446491,0.0029311794346627094,0.0026697042158206697,"[[-0.45954845  0.58340387  0.66966794 -0.06391931]
 [-0.57027091  0.38421778 -0.72606321  0.05065513]
 [-0.68088642 -0.71555337  0.15613157 -0.39250067]
 [ 0.          0.          0.          1.        ]]","[[-0.55076595  0.47650218  0.68527552 -0.07084909]
 [-0.60449931  0.33840576 -0.72115333  0.05242335]
 [-0.57553231 -0.81143528  0.10166287 -0.39416313]
 [ 0.          0.          0.          1.        ]]"
full_scene,99,158,71,191,30,0.5019521178637201,0.8509596889707387,0.0027393195424400443,0.00224378484293097,"[[ 0.52507076  0.84389643 -0.11017943 -0.08166626]
 [ 0.38088199 -0.1172392   0.91716077  0.03483378]
 [ 0.76107135 -0.52353967 -0.38298383 -0.38191826]
 [ 0.          0.          0.          1.        ]]","[[ 0.49596686  0.86420055  0.0847011  -0.08517735]
 [ 0.50596589 -0.366886    0.7806364   0.02984288]
 [ 0.70570205 -0.34431391 -0.6192193  -0.38329954]
 [ 0.          0.          0.          1.        ]]"
full_scene,99,159,71,92,30,0.5350603642316349,0.8068344587681604,0.0031008302775815447,0.0025061370402042226,"[[-0.42157802 -0.90664546 -0.01630885 -0.08400445]
 [-0.5217163   0.2278023   0.82214246  0.02988039]
 [-0.74167653  0.35510578 -0.56904815 -0.37277271]
 [ 0.          0.          0.          1.        ]]","[[-0.50015339 -0.8530958   0.1485737  -0.07883374]
 [-0.4778909   0.41501146  0.77420009  0.03935374]
 [-0.72212663  0.31621678 -0.61525611 -0.36971573]
 [ 0.          0.          0.          1.        ]]"
full_scene,99,173,71,103,30,0.2630161653366073,0.7698874565172907,0.002627476910814282,0.002243795749653646,"[[ 0.48392294  0.40122656 -0.77771192 -0.08834799]
 [ 0.18990921  0.81937379  0.54088916  0.03911497]
 [ 0.85425586 -0.40944333  0.32031716 -0.3898756 ]
 [ 0.          0.          0.          1.        ]]","[[ 0.65052162  0.19050868 -0.73520614 -0.07737093]
 [ 0.41830294  0.71810001  0.55619693  0.04782549]
 [ 0.63391188 -0.66935702  0.38744924 -0.37652207]
 [ 0.          0.          0.          1.        ]]"
full_scene,99,178,71,159,30,0.262975240433804,0.5106527521997135,0.0028798695318269325,0.0026888844485131675,"[[-0.87380352 -0.26125118  0.4101405  -0.07028399]
 [-0.48479863  0.53378264 -0.6928538   0.05885016]
 [-0.037917   -0.80425364 -0.59307536 -0.39404696]
 [ 0.          0.          0.          1.        ]]","[[-0.73557487 -0.33213005  0.59043986 -0.06568066]
 [-0.63499906  0.64168986 -0.43012825  0.06321336]
 [-0.23602076 -0.69132029 -0.68291321 -0.38728078]
 [ 0.          0.          0.          1.        ]]"
full_scene,99,179,71,164,30,0.5038837732760385,0.7984530386740332,0.002594801853460372,0.0022555108595007805,"[[ 0.6385275   0.01818688 -0.76938409 -0.07438652]
 [ 0.56476324  0.6680584   0.48450022  0.05791416]
 [ 0.52280505 -0.74388656  0.41630237 -0.39909413]
 [ 0.          0.          0.          1.        ]]","[[ 0.73146006 -0.00966147 -0.68181583 -0.06908849]
 [ 0.48871909  0.70472057  0.51431757  0.06152047]
 [ 0.47552058 -0.70941918  0.5201967  -0.39580616]
 [ 0.          0.          0.          1.        ]]"
full_scene,99,180,71,88,30,0.5218252506650297,0.773939021894823,0.002758544002683048,0.0021800812765506187,"[[ 0.72363199  0.46864718 -0.50668191 -0.05766093]
 [ 0.47433678  0.19558633  0.85834178  0.06379303]
 [ 0.50135951 -0.86146144 -0.08076406 -0.39878147]
 [ 0.          0.          0.          1.        ]]","[[ 0.76691204  0.24040474 -0.59502225 -0.06405785]
 [ 0.46299095  0.43478037  0.77240236  0.06584822]
 [ 0.44439319 -0.86785459  0.22213308 -0.39891074]
 [ 0.          0.          0.          1.        ]]"
full_scene,99,181,71,32,22,0.6050828729281768,0.8299488438714958,0.0027502368664506904,0.0021386147771811858,"[[ 0.81850213  0.20830613 -0.53540903 -0.04805247]
 [ 0.34308041  0.57029842  0.74636153  0.07485373]
 [ 0.4608146  -0.79458685  0.39532472 -0.39815899]
 [ 0.          0.          0.          1.        ]]","[[ 0.86990853  0.20873315 -0.44686645 -0.04977918]
 [ 0.2573899   0.58074438  0.77232532  0.07957819]
 [ 0.42072508 -0.78687129  0.45146868 -0.3957145 ]
 [ 0.          0.          0.          1.        ]]"
full_scene,99,182,71,188,30,0.3514466953140986,0.8059586658481687,0.0030549912797988633,0.002234725940050643,"[[ 0.87168184  0.04532439 -0.4879718  -0.0504531 ]
 [ 0.32300549  0.69569914  0.64161528  0.08906987]
 [ 0.36856238 -0.71690195  0.59178827 -0.40035974]
 [ 0.          0.          0.          1.        ]]","[[ 0.83750236  0.10041503 -0.53712811 -0.0541675 ]
 [ 0.31129392  0.72019257  0.62001513  0.07510212]
 [ 0.44909452 -0.68646885  0.57190439 -0.3925069 ]
 [ 0.          0.          0.          1.        ]]"
full_scene,99,184,71,77,10,0.79524452629425,0.8551176590955597,0.0024754989954949946,0.0022147246459955417,"[[ 0.80598179 -0.51186409  0.29730206 -0.06126762]
 [ 0.38272966  0.06748124 -0.92139258  0.06904227]
 [ 0.45156546  0.85641196  0.25029422 -0.38444882]
 [ 0.          0.          0.          1.        ]]","[[ 0.80695584 -0.5375522   0.24466283 -0.06095686]
 [ 0.32350234  0.05570999 -0.94458596  0.06999701]
 [ 0.4941341   0.84138816  0.21885489 -0.38419501]
 [ 0.          0.          0.          1.        ]]"
full_scene,99,185,71,147,30,0.6010313075506446,0.7239942705136075,0.0028541882443408975,0.0025009131864175685,"[[-0.72873583 -0.68354705 -0.04132228 -0.05955922]
 [-0.32644819  0.29371739  0.89842177  0.07342654]
 [-0.60197647  0.66820171 -0.43718508 -0.37101705]
 [ 0.          0.          0.          1.        ]]","[[-0.80142367 -0.59752656 -0.02611745 -0.04808997]
 [-0.32505596  0.39848973  0.85763894  0.07357576]
 [-0.50205451  0.69582178 -0.51358867 -0.37409303]
 [ 0.          0.          0.          1.        ]]"
full_scene,99,186,71,75,30,0.38343359934520155,0.48266011868221814,0.002879627168984789,0.002576467958335518,"[[-0.93340711  0.11739665  0.33907107 -0.05435182]
 [-0.32610785  0.11664717 -0.93810826  0.06733304]
 [-0.14968245 -0.98621066 -0.07059533 -0.37323733]
 [ 0.          0.          0.          1.        ]]","[[-0.82617738  0.16264554  0.53942319 -0.05777233]
 [-0.48750984  0.27356841 -0.82915287  0.06896067]
 [-0.28242716 -0.94800145 -0.14672473 -0.37247282]
 [ 0.          0.          0.          1.        ]]"
full_scene,99,187,71,110,26,0.3195252711274811,0.5536648250460405,0.0030100051192885288,0.002633811374636628,"[[-0.9752024   0.00677751 -0.22121108 -0.05204907]
 [-0.19096263 -0.53098333  0.82558463  0.06220012]
 [-0.11186399  0.84735516  0.51911047 -0.37009025]
 [ 0.          0.          0.          1.        ]]","[[-0.85120848  0.00137062 -0.52482591 -0.05826142]
 [-0.44062726 -0.54512288  0.71322413  0.0659442 ]
 [-0.28511706  0.83835503  0.46461716 -0.36914539]
 [ 0.          0.          0.          1.        ]]"
full_scene,99,188,71,206,30,0.24650705954573357,0.8761939840392879,0.0028582379454781706,0.0021614841186820078,"[[ 0.96886548  0.17176481 -0.17831582 -0.08037876]
 [ 0.24643228 -0.59951773  0.76147858  0.0569225 ]
 [ 0.02389173 -0.78171308 -0.62318043 -0.3701688 ]
 [ 0.          0.          0.          1.        ]]","[[ 0.77757867  0.61460781  0.13277297 -0.06667257]
 [ 0.28360887 -0.53127158  0.79832106  0.06042599]
 [ 0.56119286 -0.58310183 -0.58741368 -0.36980519]
 [ 0.          0.          0.          1.        ]]"
full_scene,99,190,71,155,30,0.4288438714958052,0.8780601596071209,0.0026421896197340567,0.0023074556464205394,"[[ 0.63159835  0.73503958 -0.24657724 -0.0831514 ]
 [ 0.3919143  -0.02828167  0.91956692  0.06938733]
 [ 0.66894447 -0.6774341  -0.30593518 -0.3541641 ]
 [ 0.          0.          0.          1.        ]]","[[ 0.75693235  0.64973668 -0.0699691  -0.06847673]
 [ 0.25544954 -0.19563262  0.9468228   0.05660653]
 [ 0.60149726 -0.73455437 -0.31405559 -0.36339516]
 [ 0.          0.          0.          1.        ]]"
full_scene,99,195,71,73,30,0.44202987517904646,0.8265029670554532,0.0029075823548546853,0.002308382516329592,"[[ 0.72805572 -0.20223144 -0.65500939 -0.06941061]
 [ 0.19489934  0.97712882 -0.08505007  0.04467864]
 [ 0.65722836 -0.06573971  0.75081901 -0.35672513]
 [ 0.          0.          0.          1.        ]]","[[ 0.74285543 -0.09267729 -0.66300583 -0.07160674]
 [ 0.10836444  0.99395678 -0.01752339  0.04761778]
 [ 0.66062316 -0.0588289   0.74840911 -0.34845114]
 [ 0.          0.          0.          1.        ]]"
full_scene,99,197,71,114,10,0.73097605893186,0.8307427869858809,0.003080160074785172,0.0022732906722925167,"[[ 0.85678247  0.50112418  0.12164852 -0.05443472]
 [ 0.05559466 -0.3242871   0.94432362  0.06173183]
 [ 0.51267245 -0.80231691 -0.30570333 -0.34539204]
 [ 0.          0.          0.          1.        ]]","[[ 0.84337033  0.50701399  0.17794184 -0.05774628]
 [ 0.02992589 -0.37496354  0.92655641  0.0583997 ]
 [ 0.53649877 -0.77610512 -0.33140598 -0.34595838]
 [ 0.          0.          0.          1.        ]]"
full_scene,99,200,71,141,30,0.42556169429097607,0.7179783098015142,0.0029558920619975945,0.002534871326347814,"[[-0.63773564  0.70433787  0.31177143 -0.04252351]
 [-0.12660924  0.3034026  -0.94441355  0.07111092]
 [-0.75977849 -0.64175933 -0.10431497 -0.33542938]
 [ 0.          0.          0.          1.        ]]","[[-0.84862686  0.48889544  0.20202402 -0.04003321]
 [-0.10486347  0.2188505  -0.97010727  0.0698398 ]
 [-0.51849408 -0.84444402 -0.13445514 -0.34955783]
 [ 0.          0.          0.          1.        ]]"
full_scene,99,201,71,49,30,0.6975076734192757,0.6626396562308164,0.0027463600268929356,0.002498232622911706,"[[-0.86910851  0.05639904  0.49139551 -0.04191703]
 [-0.08438155  0.96200795 -0.2596545   0.07450506]
 [-0.48737065 -0.26713265 -0.83133026 -0.35102435]
 [ 0.          0.          0.          1.        ]]","[[-0.85517563  0.04879429  0.51603658 -0.03764597]
 [-0.13166678  0.94245566 -0.30731286  0.07068014]
 [-0.50133671 -0.33075134 -0.79954053 -0.35528363]
 [ 0.          0.          0.          1.        ]]"
full_scene,99,203,71,89,30,0.4958870472682627,0.6310947411499898,0.002729109651162153,0.002593234043412615,"[[-0.83937349 -0.53666896 -0.08624715 -0.04384714]
 [-0.26873024  0.2717997   0.92407196  0.07522305]
 [-0.47247879  0.79881872 -0.37236064 -0.36227016]
 [ 0.          0.          0.          1.        ]]","[[-0.86263574 -0.5036357   0.04701759 -0.03556381]
 [-0.13011189  0.31075675  0.94154189  0.076449  ]
 [-0.48880515  0.80609014 -0.33359888 -0.36207872]
 [ 0.          0.          0.          1.        ]]"
full_scene,99,204,71,149,15,0.3043257622263147,0.7869204010640475,0.0028831393333523794,0.0022090614249818236,"[[ 0.7295772  -0.68385357  0.0078361  -0.0537155 ]
 [-0.10132906 -0.11942144 -0.98765932  0.07049931]
 [ 0.67635015  0.7197797  -0.1564214  -0.36937113]
 [ 0.          0.          0.          1.        ]]","[[ 0.8619026  -0.45297762  0.22789294 -0.05161812]
 [ 0.15761872 -0.18783218 -0.96947172  0.07416714]
 [ 0.48195462  0.87151038 -0.09049529 -0.36973859]
 [ 0.          0.          0.          1.        ]]"
full_scene,99,205,71,82,21,0.5658440761203192,0.8219684878248414,0.002768864209584928,0.002312803216341055,"[[ 0.8807294  -0.45505744 -0.13129527 -0.05767523]
 [ 0.28144414  0.72581497 -0.62767972  0.07498271]
 [ 0.3809264   0.51586369  0.76731983 -0.37328959]
 [ 0.          0.          0.          1.        ]]","[[ 0.86424996 -0.41312423 -0.28705464 -0.04987635]
 [ 0.15739353  0.76402303 -0.62569648  0.07651983]
 [ 0.47780673  0.49557762  0.72532996 -0.37443956]
 [ 0.          0.          0.          1.        ]]"
full_scene,99,207,71,132,30,0.35351749539594846,0.39724166155105384,0.002905812624958794,0.0030751656544181242,"[[ 0.96779048  0.24988919 -0.03060995 -0.05652801]
 [ 0.20308691 -0.70304787  0.68152726  0.08503345]
 [ 0.14878604 -0.66579208 -0.73115226 -0.36668367]
 [ 0.          0.          0.          1.        ]]","[[ 0.94953482  0.27930228 -0.14273701 -0.05591451]
 [ 0.29341392 -0.63008881  0.71895505  0.07950349]
 [ 0.11086879 -0.72455388 -0.68024245 -0.37825126]
 [ 0.          0.          0.          1.        ]]"
full_scene,99,210,71,143,30,0.5022304072027829,0.5993370165745856,0.0027001949941897457,0.0024977576419612213,"[[-0.91718731 -0.03735034 -0.39670189 -0.02582834]
 [ 0.11487972 -0.97810805 -0.17351455  0.08744249]
 [-0.38153649 -0.20471835  0.90139908 -0.38993181]
 [ 0.          0.          0.          1.        ]]","[[-0.92911177  0.09055543 -0.35854013 -0.01344298]
 [-0.06716051 -0.99475078 -0.07720327  0.09052545]
 [-0.36364925 -0.04765073  0.93031641 -0.3936479 ]
 [ 0.          0.          0.          1.        ]]"
full_scene,99,212,71,141,30,0.3221935747902599,0.3840311029261306,0.0031087173910753206,0.0031131602851975004,"[[ 1.          0.          0.         -0.02621475]
 [ 0.          1.          0.          0.09708317]
 [ 0.          0.          1.         -0.38693768]
 [ 0.          0.          0.          1.        ]]","[[ 0.99826088  0.01837835  0.05601299 -0.02815467]
 [-0.02546672  0.99137087  0.12858941  0.08996852]
 [-0.05316638 -0.12979225  0.9901148  -0.38671993]
 [ 0.          0.          0.          1.        ]]"
full_scene,99,214,71,135,30,0.41403724166155104,0.4471045631266626,0.0029161548116034912,0.002850438028306133,"[[-0.9999965   0.00232318 -0.00126358 -0.01769186]
 [ 0.00147218  0.09210344 -0.99574836  0.08688376]
 [-0.00219692 -0.99574673 -0.09210654 -0.37761481]
 [ 0.          0.          0.          1.        ]]","[[-0.99238935  0.0846748   0.08940664 -0.02059503]
 [-0.09872819 -0.11319067 -0.98865596  0.08854385]
 [-0.07359424 -0.98995861  0.120689   -0.37889684]
 [ 0.          0.          0.          1.        ]]"
full_scene,99,217,71,187,30,0.5796685082872928,0.7843503171679967,0.0029225273146799287,0.002180583945501208,"[[ 0.92033589 -0.38860117  0.04439573 -0.03587731]
 [-0.09506232 -0.33234145 -0.93835618  0.08279349]
 [ 0.37940086  0.8593825  -0.34280709 -0.37381589]
 [ 0.          0.          0.          1.        ]]","[[ 0.92068021 -0.37497535  0.10835793 -0.03613248]
 [-0.00358702 -0.28573138 -0.95830304  0.0821656 ]
 [ 0.39030128  0.88190196 -0.26441227 -0.36780383]
 [ 0.          0.          0.          1.        ]]"
full_scene,99,218,71,119,30,0.3579864947820749,0.6266748516472274,0.0028878860339380387,0.0026030641861363485,"[[-0.97991939  0.17334014 -0.09854535 -0.03466088]
 [ 0.09605616 -0.02271162 -0.99511678  0.08138165]
 [-0.17473181 -0.98460011  0.00560517 -0.3560249 ]
 [ 0.          0.          0.          1.        ]]","[[-0.92216236  0.36989854 -0.11310017 -0.01976547]
 [ 0.00769248 -0.27480165 -0.96147017  0.08002179]
 [-0.38672652 -0.88750162  0.2505663  -0.3607795 ]
 [ 0.          0.          0.          1.        ]]"
full_scene,99,219,71,96,30,0.3638633108246368,0.4018989154900757,0.0031613418814434736,0.002774596568226336,"[[-9.99970420e-01 -7.52424519e-03  1.59536696e-03 -2.90646668e-02]
 [ 7.69017306e-03 -9.81931995e-01  1.89077810e-01  7.35677839e-02]
 [ 1.43874062e-04  1.89084486e-01  9.81960812e-01 -3.62416920e-01]
 [ 0.00000000e+00  0.00000000e+00  0.00000000e+00  1.00000000e+00]]","[[-0.99853048  0.05298082 -0.01139756 -0.02628261]
 [-0.05418349 -0.97995026  0.19173324  0.07714522]
 [-0.00101086  0.19206905  0.98138089 -0.35764934]
 [ 0.          0.          0.          1.        ]]"
full_scene,99,220,71,123,30,0.4250051156128504,0.6780683445876816,0.002825010442219026,0.00248871079166428,"[[-0.93243501 -0.30524397  0.19336768 -0.02186126]
 [-0.03134727  0.60146065  0.79828719  0.09068255]
 [-0.35997541  0.73828937 -0.57039154 -0.357597  ]
 [ 0.          0.          0.          1.        ]]","[[-0.91272549 -0.29898268  0.2784628  -0.02236487]
 [ 0.02572749  0.63813904  0.76949117  0.07530993]
 [-0.40776252  0.70949835 -0.5747537  -0.35399353]
 [ 0.          0.          0.          1.        ]]"
full_scene,99,221,71,134,30,0.3777204829138531,0.6522283609576427,0.0029309764061135734,0.002551216747620626,"[[-0.86927055  0.0029728   0.4943277  -0.02505345]
 [ 0.1811689   0.93232143  0.31297696  0.08164304]
 [-0.45994189  0.36161846 -0.81097814 -0.34791886]
 [ 0.          0.          0.          1.        ]]","[[-0.91234495 -0.06556888  0.40413786 -0.02314728]
 [ 0.03797406  0.96928586  0.24298744  0.07281414]
 [-0.40765752  0.23703512 -0.88183315 -0.3501909 ]
 [ 0.          0.          0.          1.        ]]"
full_scene,99,222,71,77,30,0.3297155719255167,0.5722856558215674,0.0029290343356804106,0.0026434675914933487,"[[-0.99166692  0.02073061 -0.12714936 -0.0315313 ]
 [ 0.128646    0.10687096 -0.98591521  0.06458636]
 [-0.00685005 -0.99405676 -0.1086473  -0.34895692]
 [ 0.          0.          0.          1.        ]]","[[-0.91135649  0.40870889  0.04885076 -0.02227939]
 [ 0.04615541  0.21940107 -0.97454238  0.06832817]
 [-0.40902204 -0.88590079 -0.21881671 -0.34937592]
 [ 0.          0.          0.          1.        ]]"
full_scene,99,223,71,87,30,0.5233476570493145,0.6008348680171884,0.0028571691562196576,0.00264236530989415,"[[-0.97804321  0.20599271 -0.03159867 -0.0338884 ]
 [-0.07371103 -0.48375314 -0.87209494  0.06830145]
 [-0.19493115 -0.85061737  0.48831541 -0.34648227]
 [ 0.          0.          0.          1.        ]]","[[-0.96801972  0.24790618 -0.03847539 -0.03369218]
 [-0.04277742 -0.31422701 -0.94838361  0.06732511]
 [-0.24720016 -0.91640816  0.31478273 -0.34070621]
 [ 0.          0.          0.          1.        ]]"
full_scene,99,224,71,102,30,0.5795457335788827,0.6216410886024145,0.002871066138937724,0.002543138444923034,"[[-0.96618625 -0.1901962  -0.17409636 -0.03376467]
 [-0.06463948 -0.47497002  0.87762476  0.06301037]
 [-0.24961144  0.85920247  0.44661531 -0.3339082 ]
 [ 0.          0.          0.          1.        ]]","[[-0.90702144 -0.37933215 -0.18280929 -0.02511448]
 [ 0.06065605 -0.54731057  0.83472869  0.06433387]
 [-0.41669288  0.74602833  0.51943121 -0.34147792]
 [ 0.          0.          0.          1.        ]]"
full_scene,99,226,71,57,30,0.5123961530591364,0.8396398608553305,0.002984863623962232,0.002249847722952004,"[[ 0.99581846  0.02099414 -0.08890922 -0.03424338]
 [-0.08964517  0.41194305 -0.90678921  0.06329976]
 [ 0.01758827  0.91096771  0.41210251 -0.3361669 ]
 [ 0.          0.          0.          1.        ]]","[[ 0.9401297  -0.1739539  -0.29308051 -0.02861696]
 [-0.20191023  0.40850806 -0.89014236  0.06567229]
 [ 0.27456949  0.89602522  0.34892749 -0.33867411]
 [ 0.          0.          0.          1.        ]]"
full_scene,99,228,71,62,30,0.5784489461837529,0.7371066093718027,0.0027668214993278903,0.002598311225825584,"[[-0.88268588 -0.39769893  0.25040208 -0.01570842]
 [ 0.36327576 -0.23936216  0.90040906  0.06675128]
 [-0.29815493  0.88574337  0.35575598 -0.34084303]
 [ 0.          0.          0.          1.        ]]","[[-0.93876836 -0.33835076  0.06505952 -0.01040256]
 [ 0.18476194 -0.33497148  0.92393568  0.0691842 ]
 [-0.29082125  0.8793821   0.37697496 -0.34308343]
 [ 0.          0.          0.          1.        ]]"
full_scene,99,229,71,97,30,0.41466748516472274,0.6846736239001432,0.002802978145957228,0.0026029272960438462,"[[-0.99054577  0.13707029  0.00555057 -0.02222988]
 [ 0.12952864  0.94783932 -0.29124381  0.07505361]
 [-0.04518193 -0.28777137 -0.95663276 -0.34825971]
 [ 0.          0.          0.          1.        ]]","[[-0.9377298   0.25533207  0.23551722 -0.00905245]
 [ 0.17663477  0.93430729 -0.30962887  0.07248139]
 [-0.29910364 -0.24874769 -0.92122831 -0.3467967 ]
 [ 0.          0.          0.          1.        ]]"
full_scene,99,230,71,114,30,0.6659300184162062,0.62792715367301,0.002807872206830941,0.0025677021482378272,"[[-0.90865375  0.01437754 -0.41730283 -0.01150938]
 [ 0.27840079 -0.72398055 -0.63114592  0.07221948]
 [-0.31119346 -0.68967054  0.65384492 -0.34640559]
 [ 0.          0.          0.          1.        ]]","[[-0.93988525  0.09495179 -0.3280242  -0.00720588]
 [ 0.17094699 -0.7007244  -0.69264886  0.0761805 ]
 [-0.29562281 -0.70708519  0.64236881 -0.3512749 ]
 [ 0.          0.          0.          1.        ]]"
full_scene,99,232,71,58,30,0.36432166973603436,0.39643953345610805,0.003140674371524889,0.0031297472823607984,"[[ 1.          0.          0.         -0.02978939]
 [ 0.          1.          0.          0.07046103]
 [ 0.          0.          1.         -0.35265469]
 [ 0.          0.          0.          1.        ]]","[[ 0.99877022 -0.04682515  0.01629305 -0.03037885]
 [ 0.04796577  0.99575203 -0.07859497  0.08160395]
 [-0.01254361  0.07927983  0.99677348 -0.35884821]
 [ 0.          0.          0.          1.        ]]"
full_scene,99,235,71,104,30,0.4965336607325558,0.5212031921424186,0.002848220400824007,0.002721300093286248,"[[-0.97054294 -0.12520812  0.20583813 -0.00890209]
 [ 0.23093668 -0.23997788  0.94290979  0.08653497]
 [-0.06866336  0.96267001  0.26182398 -0.37229003]
 [ 0.          0.          0.          1.        ]]","[[-0.95555329 -0.04489739  0.29137972 -0.01151126]
 [ 0.29289652 -0.03190272  0.95561176  0.08295628]
 [-0.03360867  0.99848207  0.04363504 -0.37143642]
 [ 0.          0.          0.          1.        ]]"
full_scene,99,239,71,65,30,0.4104522201759771,0.6432330673214651,0.002985893318022882,0.002400599727485217,"[[ 0.98600789  0.15598968 -0.05878482 -0.00815645]
 [-0.16375557  0.97234724 -0.16650815  0.0961562 ]
 [ 0.03118571  0.17380469  0.98428623 -0.38379311]
 [ 0.          0.          0.          1.        ]]","[[ 0.92464531  0.28839561 -0.24871475 -0.00427029]
 [-0.22847149  0.94258598  0.24358254  0.09539036]
 [ 0.30468317 -0.16840323  0.93744787 -0.38904769]
 [ 0.          0.          0.          1.        ]]"
full_scene,99,240,71,167,14,0.44829138530795987,0.4754000409249028,0.0029472871638494902,0.0026870436297138575,"[[-0.96717781  0.20248341  0.15351728  0.01364151]
 [ 0.25407339  0.77945819  0.57261823  0.09517415]
 [-0.00371461  0.5928283  -0.80532031 -0.39293046]
 [ 0.          0.          0.          1.        ]]","[[-0.96557227  0.21475509  0.14680067  0.0096142 ]
 [ 0.25995666  0.81747317  0.51396512  0.09319611]
 [-0.00962898  0.53443229 -0.84515644 -0.39311143]
 [ 0.          0.          0.          1.        ]]"
full_scene,99,242,71,180,30,0.48921628811131573,0.47768365050133005,0.0028108806985050793,0.0025932517682277327,"[[-0.89427054  0.42146146 -0.1505006   0.02062211]
 [ 0.44691268  0.82341886 -0.3496433   0.08781056]
 [-0.02343615 -0.37993633 -0.9247157  -0.39186311]
 [ 0.          0.          0.          1.        ]]","[[-0.84418997  0.44861749 -0.29340355  0.01724387]
 [ 0.53599532  0.69905626 -0.47331741  0.08817286]
 [-0.00723288 -0.55683273 -0.83059316 -0.39017526]
 [ 0.          0.          0.          1.        ]]"
full_scene,99,243,71,146,30,0.5176754655207694,0.5960875792919992,0.0029641799567578053,0.002435295653666002,"[[ 0.89778487  0.34161516  0.27799533  0.0106672 ]
 [-0.34723451  0.16070875  0.92390524  0.09341909]
 [ 0.27094375 -0.92599772  0.26290246 -0.38380844]
 [ 0.          0.          0.          1.        ]]","[[ 0.90344683  0.29497878  0.31108093  0.0079881 ]
 [-0.35115508  0.09294992  0.93169224  0.09370306]
 [ 0.24591449 -0.95097204  0.18755861 -0.38591401]
 [ 0.          0.          0.          1.        ]]"
full_scene,99,244,71,97,30,0.4912052383875588,0.6988827501534683,0.0030397938089686658,0.002251780530873683,"[[ 9.02914475e-01  1.25775665e-03  4.29818414e-01 -2.44584596e-03]
 [-4.29820210e-01  3.10061901e-03  9.02909172e-01  9.59747283e-02]
 [-1.97063128e-04 -9.99994402e-01  3.34020301e-03 -3.77901398e-01]
 [ 0.00000000e+00  0.00000000e+00  0.00000000e+00  1.00000000e+00]]","[[ 0.91700315  0.12958411  0.37724419  0.00394439]
 [-0.32973272 -0.28593524  0.89973184  0.09257783]
 [ 0.22445836 -0.94944668 -0.21947539 -0.38104079]
 [ 0.          0.          0.          1.        ]]"
full_scene,99,246,71,146,30,0.38795989359525274,0.4791651319828115,0.0029209103600489083,0.0026697844185815055,"[[-0.99367061 -0.01808234  0.11086818  0.00733896]
 [ 0.10111975 -0.57382841  0.8127089   0.09089344]
 [ 0.04892364  0.8187759   0.57202491 -0.37334485]
 [ 0.          0.          0.          1.        ]]","[[-0.9714435  -0.0691939   0.22695756  0.00717523]
 [ 0.23695337 -0.33239506  0.91288916  0.08835383]
 [ 0.01227321  0.9405986   0.33929874 -0.3716254 ]
 [ 0.          0.          0.          1.        ]]"
full_scene,99,247,71,46,30,0.49256394516063023,0.5647309187640679,0.00287887161188536,0.00253478004627697,"[[-0.9342079   0.35178099  0.0592093   0.00886258]
 [ 0.35036741  0.9360269  -0.03311072  0.08357607]
 [-0.06706922 -0.01018729 -0.99769632 -0.37000922]
 [ 0.          0.          0.          1.        ]]","[[-0.93014328  0.3227578   0.17510247  0.0149644 ]
 [ 0.30162275  0.94353882 -0.13696061  0.08422916]
 [-0.20942108 -0.0745781  -0.97497739 -0.36874616]
 [ 0.          0.          0.          1.        ]]"
full_scene,99,248,71,82,30,0.49041129527317373,0.6957151626764887,0.002582003962853644,0.0022258265689554047,"[[ 0.95193945  0.08644579  0.293834   -0.01098488]
 [-0.28505782 -0.10088236  0.95318665  0.08910735]
 [ 0.11204164 -0.99113565 -0.07139185 -0.3641023 ]
 [ 0.          0.          0.          1.        ]]","[[ 0.92669017  0.09972283  0.36235437 -0.00453676]
 [-0.30926356 -0.34549232  0.88599724  0.08699227]
 [ 0.21354481 -0.93310793 -0.28932369 -0.36464356]
 [ 0.          0.          0.          1.        ]]"
full_scene,99,249,71,91,30,0.24658072437077963,0.5973153263760999,0.0030776822739643824,0.0027026351723532364,"[[-0.91150771  0.03170435  0.41005918  0.01770171]
 [ 0.24943846  0.83534115  0.48988326  0.07507048]
 [-0.32700787  0.5488169  -0.76932819 -0.36877426]
 [ 0.          0.          0.          1.        ]]","[[-0.93420504  0.09333373  0.34431057  0.01202958]
 [ 0.29823369  0.73394269  0.61023339  0.08013307]
 [-0.19574887  0.67276812 -0.71348822 -0.36148049]
 [ 0.          0.          0.          1.        ]]"
full_scene,99,251,71,138,30,0.44932269285860443,0.6786412932269286,0.0026657689161677495,0.0024081913623005854,"[[ 0.85213443 -0.34249617  0.39568079 -0.01673121]
 [-0.50978072 -0.71415221  0.47969807  0.08138093]
 [ 0.11828156 -0.61047768 -0.78315163 -0.35636994]
 [ 0.          0.          0.          1.        ]]","[[ 0.92294541 -0.18470043  0.33772404 -0.00937935]
 [-0.32717516 -0.83864661  0.43546329  0.07953186]
 [ 0.20280087 -0.51240376 -0.83445443 -0.35400477]
 [ 0.          0.          0.          1.        ]]"
