Setting,Scene,Image,Object,RANSAC Iterations,ICP Iterations,RANSAC: Fitness,ICP: Fitness,RANSAC: Inlier RMSE,ICP: Inlier RMSE,RANSAC: Transformation,ICP: Transformation
full_scene,90,0,12,41,30,0.749153672548215,0.9072373820270825,0.0027743986372017566,0.0019343717128950438,"[[-0.24430444 -0.96969192  0.00359439  0.04394394]
 [-0.57070352  0.14078446 -0.80899767  0.05738573]
 [ 0.78397247 -0.19969305 -0.58780086 -0.4540598 ]
 [ 0.          0.          0.          1.        ]]","[[-0.09076546 -0.9609006  -0.26159446  0.04927356]
 [ 0.14084478  0.24765235 -0.95855676  0.05729268]
 [ 0.98586225 -0.12384806  0.11285955 -0.45392521]
 [ 0.          0.          0.          1.        ]]"
full_scene,90,1,12,45,30,0.5786058678703324,0.8734612228149364,0.0026415715784927334,0.0015815536915392862,"[[ 1.          0.          0.         -0.04548238]
 [ 0.          1.          0.          0.048924  ]
 [ 0.          0.          1.         -0.43909202]
 [ 0.          0.          0.          1.        ]]","[[ 0.50878772  0.68597496 -0.52016671 -0.05159828]
 [-0.2430755   0.69410222  0.67759605  0.04679121]
 [ 0.82586279 -0.21831277  0.5198944  -0.44355717]
 [ 0.          0.          0.          1.        ]]"
full_scene,90,2,12,21,30,0.5659878949528109,0.8374794829708658,0.0021740535248955637,0.0017047014237040387,"[[ 1.          0.          0.         -0.04779859]
 [ 0.          1.          0.          0.04974303]
 [ 0.          0.          1.         -0.44219674]
 [ 0.          0.          0.          1.        ]]","[[ 0.48764237  0.81933503 -0.30148802 -0.05031403]
 [-0.39175254  0.51396565  0.76313122  0.05067725]
 [ 0.78021463 -0.25402643  0.571608   -0.44043223]
 [ 0.          0.          0.          1.        ]]"
full_scene,90,3,12,52,30,0.48835658596635206,0.837556421830119,0.002215206832570056,0.0017467730894374942,"[[ 0.09981758 -0.72203221  0.68462102 -0.04240334]
 [-0.67870063  0.45373617  0.57748502  0.05227552]
 [-0.7276001  -0.52229587 -0.44475287 -0.44517831]
 [ 0.          0.          0.          1.        ]]","[[ 0.35434029  0.57572853  0.73687151 -0.04514212]
 [-0.92475163  0.09874101  0.36753863  0.05231911]
 [ 0.13884303 -0.81165687  0.56739382 -0.43787663]
 [ 0.          0.          0.          1.        ]]"
full_scene,90,4,12,23,7,0.8820270824784571,0.9193167829298318,0.0021864878764719735,0.001561860244993363,"[[-0.46441262 -0.69936472 -0.54333223 -0.04557557]
 [ 0.08893347  0.5735764  -0.8143101   0.05165921]
 [ 0.8811423  -0.42649631 -0.20417919 -0.43584508]
 [ 0.          0.          0.          1.        ]]","[[-0.36627553 -0.62220816 -0.69188094 -0.04676928]
 [ 0.13128955  0.70155774 -0.70041401  0.05492706]
 [ 0.92119774 -0.34738126 -0.175274   -0.43534493]
 [ 0.          0.          0.          1.        ]]"
full_scene,90,5,12,31,30,0.7662853918752565,0.9427318424292163,0.002413215897406723,0.0018415578437226139,"[[ 0.89891211 -0.18103449 -0.3989781  -0.03845934]
 [ 0.36343267  0.81668939  0.44825789  0.06208516]
 [ 0.24469104 -0.54794613  0.79992583 -0.43166745]
 [ 0.          0.          0.          1.        ]]","[[ 0.14359266  0.25951309 -0.95500477 -0.04691831]
 [ 0.67236465  0.68250264  0.28655878  0.05880046]
 [ 0.72615902 -0.68325918 -0.07648506 -0.43204475]
 [ 0.          0.          0.          1.        ]]"
full_scene,90,6,12,34,30,0.8318372999589659,0.9505283135002052,0.0020747534356292106,0.0017920562195212657,"[[ 0.33440701 -0.79409857 -0.50752281 -0.04555112]
 [ 0.94056041  0.24732255  0.23276099  0.06190037]
 [-0.05931334 -0.55519277  0.82960407 -0.42871591]
 [ 0.          0.          0.          1.        ]]","[[-0.41362109 -0.56917492 -0.71060362 -0.04570516]
 [ 0.69529325  0.30641222 -0.65013756  0.0589068 ]
 [ 0.58777962 -0.76298851  0.26900493 -0.42825621]
 [ 0.          0.          0.          1.        ]]"
full_scene,90,7,12,11,30,0.6019952810832991,0.9668649979482971,0.0027865838683073514,0.0017198042289012653,"[[-0.62183548 -0.63899285 -0.45277894 -0.04113047]
 [ 0.7631151  -0.62432541 -0.16695247  0.0575072 ]
 [-0.17599996 -0.44933941  0.87585279 -0.4272081 ]
 [ 0.          0.          0.          1.        ]]","[[-0.51684736 -0.77638782 -0.36068096 -0.04391766]
 [ 0.60793874 -0.03623843 -0.79315652  0.06069728]
 [ 0.60272655 -0.62921278  0.49072597 -0.42466508]
 [ 0.          0.          0.          1.        ]]"
full_scene,90,8,12,25,22,0.48040623717685677,0.6274107509232663,0.002650785086335759,0.0019089918940465227,"[[-0.14437178 -0.49553989  0.85650278 -0.03943782]
 [-0.80567329  0.5613995   0.18900038  0.06607182]
 [-0.57449746 -0.66277509 -0.4802935  -0.42369827]
 [ 0.          0.          0.          1.        ]]","[[ 0.20374021 -0.11363334  0.97240804 -0.03566514]
 [-0.87301284  0.42844818  0.23298226  0.05810817]
 [-0.44310101 -0.89639256 -0.01191124 -0.42683641]
 [ 0.          0.          0.          1.        ]]"
full_scene,90,9,12,17,27,0.573194501436192,0.9684550677061962,0.002613423708417648,0.0017415417408885824,"[[ 0.36070801 -0.91176796  0.1963897  -0.04516592]
 [-0.72538465 -0.40660601 -0.55541755  0.06237175]
 [ 0.58626516  0.05788549 -0.80804853 -0.42069618]
 [ 0.          0.          0.          1.        ]]","[[-0.51662613 -0.52914907  0.67312607 -0.03981445]
 [-0.2291039  -0.6720686  -0.70415567  0.0631826 ]
 [ 0.82499021 -0.51800102  0.22597808 -0.4194863 ]
 [ 0.          0.          0.          1.        ]]"
full_scene,90,10,12,25,30,0.5305190808370948,0.49522979072630285,0.0027940495400506867,0.002709106437025813,"[[-0.38120744  0.588322    0.71313261 -0.0325394 ]
 [ 0.84907411  0.52795596  0.01832094  0.06273348]
 [-0.365724    0.61248651 -0.70078972 -0.40733704]
 [ 0.          0.          0.          1.        ]]","[[-0.29691492  0.29677276  0.90761636 -0.03717028]
 [ 0.93427111  0.28679998  0.21185671  0.05958329]
 [-0.19743105  0.91086316 -0.36242141 -0.40731235]
 [ 0.          0.          0.          1.        ]]"
full_scene,90,11,12,16,30,0.9041598276569552,0.8082940090274928,0.002442074286937408,0.0017055497540062455,"[[ 0.93596604  0.25171589 -0.24618426 -0.03955057]
 [ 0.22784131  0.10006623  0.96854276  0.06465184]
 [ 0.26843233 -0.96261408  0.03630731 -0.41617329]
 [ 0.          0.          0.          1.        ]]","[[ 0.78143485  0.54174829 -0.30962617 -0.0401562 ]
 [-0.17560866  0.66708539  0.72398804  0.06390424]
 [ 0.59876638 -0.51137645  0.61641945 -0.4123731 ]
 [ 0.          0.          0.          1.        ]]"
full_scene,90,12,12,24,30,0.4629667624128026,0.33483791546984,0.0029139708883444567,0.002894498062481704,"[[ 0.02898308  0.82288323  0.56747085 -0.03070647]
 [ 0.73957652  0.36426206 -0.56598562  0.06857397]
 [-0.67244817  0.43609213 -0.59802768 -0.40283403]
 [ 0.          0.          0.          1.        ]]","[[-0.1455193   0.91907594  0.36622882 -0.01519462]
 [ 0.71211572  0.35427435 -0.60611953  0.07172213]
 [-0.68681535  0.17259521 -0.70604218 -0.40481245]
 [ 0.          0.          0.          1.        ]]"
full_scene,90,13,12,26,30,0.3004975379565039,0.7027595404185474,0.0030553804657396624,0.0020186331433436,"[[ 0.          0.          1.         -0.02708139]
 [ 0.          1.          0.          0.06641046]
 [-1.          0.          0.         -0.42065927]
 [ 0.          0.          0.          1.        ]]","[[-0.14362971 -0.02137389  0.98940066 -0.03553445]
 [-0.87166743  0.47611037 -0.11625322  0.0615199 ]
 [-0.46857913 -0.87912574 -0.08701452 -0.41106845]
 [ 0.          0.          0.          1.        ]]"
full_scene,90,14,12,12,30,0.8212453836684448,0.8516105867870333,0.002506735376332751,0.001946183406982693,"[[ 0.28940845 -0.81334133 -0.50469657 -0.0378361 ]
 [ 0.79503218  0.49788216 -0.34646384  0.06691961]
 [ 0.53307278 -0.30098045  0.79072383 -0.40234517]
 [ 0.          0.          0.          1.        ]]","[[ 0.63275471  0.24887057 -0.73327002 -0.03918388]
 [ 0.30482285  0.79043739  0.53131136  0.06379421]
 [ 0.7118318  -0.55970722  0.42429154 -0.40453061]
 [ 0.          0.          0.          1.        ]]"
full_scene,90,15,12,25,30,0.46714710709889207,0.8325041034058268,0.002574043641884572,0.0016692192888403687,"[[-0.77026894 -0.59874013  0.2195359  -0.03766788]
 [-0.6305644   0.76649689 -0.12194694  0.06989304]
 [-0.09525906 -0.23236346 -0.96795296 -0.40127851]
 [ 0.          0.          0.          1.        ]]","[[-0.55940355 -0.73681539 -0.37969824 -0.03916237]
 [ 0.02363695  0.44371108 -0.89585812  0.06155009]
 [ 0.82855837 -0.51012112 -0.23079748 -0.40228932]
 [ 0.          0.          0.          1.        ]]"
full_scene,90,16,12,28,30,0.5520619614279852,0.8652031185884284,0.003092599852259644,0.0019691461418344896,"[[-0.00693786 -0.99907727 -0.04238492 -0.02930252]
 [ 0.99874134 -0.0048175  -0.04992515  0.07436029]
 [ 0.04967489 -0.04267795  0.99785319 -0.38752123]
 [ 0.          0.          0.          1.        ]]","[[ 0.66897078 -0.26879171 -0.69298565 -0.02910788]
 [ 0.57735574  0.7750869   0.25671122  0.06736931]
 [ 0.46812225 -0.57183154  0.67369893 -0.39100748]
 [ 0.          0.          0.          1.        ]]"
full_scene,90,17,12,21,30,0.8800010258514567,0.9233688961838326,0.0021742707044750133,0.0018963736020225859,"[[-0.40258113 -0.84139849 -0.36052326 -0.02785684]
 [ 0.39691727  0.19444504 -0.89702163  0.06709873]
 [ 0.82485461 -0.50422189  0.25568568 -0.39575859]
 [ 0.          0.          0.          1.        ]]","[[-0.22184208 -0.94449317 -0.24231951 -0.0293963 ]
 [ 0.37848653  0.14561812 -0.91408058  0.06608148]
 [ 0.89862898 -0.29449621  0.32517372 -0.39482746]
 [ 0.          0.          0.          1.        ]]"
full_scene,90,18,12,37,30,0.5897620024620435,0.7521799343455068,0.0028344240174639035,0.0018172727183836596,"[[ 1.          0.          0.         -0.02418184]
 [ 0.          1.          0.          0.06655824]
 [ 0.          0.          1.         -0.39849752]
 [ 0.          0.          0.          1.        ]]","[[ 0.65924478  0.74987429 -0.0555417  -0.03212333]
 [-0.40660396  0.41764626  0.8125545   0.06870889]
 [ 0.63251051 -0.51308884  0.58023297 -0.39694537]
 [ 0.          0.          0.          1.        ]]"
full_scene,90,20,12,31,30,0.7417931883463275,0.9777390233894132,0.003155683362410505,0.002017298227845649,"[[ 1.          0.          0.         -0.02250755]
 [ 0.          0.          1.          0.06943225]
 [ 0.         -1.          0.         -0.41061427]
 [ 0.          0.          0.          1.        ]]","[[ 0.48046369  0.79788845  0.36404486 -0.03165101]
 [-0.25861233 -0.26774261  0.92813445  0.07095562]
 [ 0.83801808 -0.54008139  0.07770319 -0.40534776]
 [ 0.          0.          0.          1.        ]]"
full_scene,90,21,12,12,30,0.8120896594173164,0.9953580221583914,0.002115891319594951,0.0018032536050277932,"[[-0.45360209 -0.81784692 -0.35407848 -0.02960688]
 [ 0.42471061  0.15091208 -0.89266256  0.07136195]
 [ 0.78349604 -0.55529448  0.27889423 -0.40686113]
 [ 0.          0.          0.          1.        ]]","[[-0.24601166 -0.96710574 -0.06468967 -0.03089543]
 [ 0.38229606 -0.03548479 -0.9233583   0.06826503]
 [ 0.89068961 -0.25188751  0.37845039 -0.40842991]
 [ 0.          0.          0.          1.        ]]"
full_scene,90,22,12,16,30,0.7442552318424293,0.8467377923676651,0.002491478327548565,0.001747807329860961,"[[ 0.94325837 -0.33098935 -0.02664017 -0.02673811]
 [ 0.3225821   0.89435155  0.30996143  0.06962314]
 [-0.07876825 -0.30096735  0.95037583 -0.41298262]
 [ 0.          0.          0.          1.        ]]","[[ 0.41082688  0.3624821  -0.83655723 -0.03458723]
 [ 0.24797195  0.83854989  0.48512266  0.06872413]
 [ 0.87734325 -0.40674416  0.25461344 -0.41146724]
 [ 0.          0.          0.          1.        ]]"
full_scene,90,23,12,44,30,0.6476456709068527,0.9881257693885925,0.002593755026913868,0.001686257413542859,"[[ 0.04653865 -0.7293726  -0.68253188 -0.03678783]
 [ 0.93822449  0.26645298 -0.22076595  0.07626966]
 [ 0.34288329 -0.63009397  0.6967156  -0.411016  ]
 [ 0.          0.          0.          1.        ]]","[[-0.13056905 -0.70782065 -0.69422017 -0.03418589]
 [ 0.72281492  0.41130375 -0.55530876  0.06815376]
 [ 0.67859437 -0.57429883  0.45791979 -0.41491917]
 [ 0.          0.          0.          1.        ]]"
full_scene,90,24,12,44,30,0.597968814115716,0.9357560525235946,0.0024717680573624855,0.0018731009549739829,"[[ 0.47753129  0.55581092  0.68046902 -0.03246435]
 [ 0.62587523 -0.75874271  0.18052619  0.06411899]
 [ 0.61663933  0.3396818  -0.71019167 -0.41932623]
 [ 0.          0.          0.          1.        ]]","[[ 0.29808632  0.89816055  0.32319061 -0.03559384]
 [-0.36697819 -0.20472826  0.90742126  0.0698784 ]
 [ 0.88117623 -0.38909377  0.26857864 -0.41880948]
 [ 0.          0.          0.          1.        ]]"
full_scene,90,25,12,19,30,0.5930190808370948,0.9030570373409931,0.0027048284213032382,0.0017303418592729948,"[[ 1.          0.          0.         -0.03060872]
 [ 0.          1.          0.          0.06878397]
 [ 0.          0.          1.         -0.42010158]
 [ 0.          0.          0.          1.        ]]","[[ 0.66786776  0.53772067 -0.51459609 -0.03751009]
 [ 0.28348866  0.45549864  0.84389287  0.06717153]
 [ 0.68817645 -0.70949099  0.15177515 -0.42235324]
 [ 0.          0.          0.          1.        ]]"
full_scene,90,26,12,54,30,0.7160956093557653,0.9485535494460402,0.0028944113262476955,0.001586049976396593,"[[ 0.47834663 -0.72850304 -0.4903752  -0.03899857]
 [ 0.70043055  0.65332667 -0.28733483  0.06962271]
 [ 0.52969949 -0.20602812  0.82278239 -0.42262633]
 [ 0.          0.          0.          1.        ]]","[[-0.56926536 -0.5026444  -0.650604   -0.03821195]
 [ 0.22995376  0.66241308 -0.71297277  0.0643019 ]
 [ 0.78934037 -0.55547954 -0.26150385 -0.42639022]
 [ 0.          0.          0.          1.        ]]"
full_scene,90,27,12,25,8,0.9078785391875257,0.9998461222814936,0.0018612854381761133,0.0015569279202757927,"[[ 0.2182164  -0.69471183 -0.68538826 -0.0391025 ]
 [ 0.97588871  0.15877721  0.14976988  0.06569064]
 [ 0.00477713 -0.70154491  0.71260923 -0.42964067]
 [ 0.          0.          0.          1.        ]]","[[-0.07717974 -0.59253775 -0.80183683 -0.03950847]
 [ 0.86635073  0.3581693  -0.34806777  0.06400422]
 [ 0.49343663 -0.7215357   0.4857021  -0.42893105]
 [ 0.          0.          0.          1.        ]]"
full_scene,90,28,12,53,30,0.2727482560525236,0.3111663931062782,0.0028266015699705926,0.0026327000359081735,"[[-0.23020383  0.96464056  0.12835414 -0.01479519]
 [ 0.62293775  0.2474047  -0.74211824  0.06418283]
 [-0.74763277 -0.09088182 -0.65786453 -0.43454884]
 [ 0.          0.          0.          1.        ]]","[[-1.49659236e-02  8.31714807e-01  5.55001353e-01 -4.92149701e-05]
 [ 5.35782376e-01  4.75320716e-01 -6.97859199e-01  7.02895496e-02]
 [-8.44223469e-01  2.86915836e-01 -4.52731749e-01 -4.32219388e-01]
 [ 0.00000000e+00  0.00000000e+00  0.00000000e+00  1.00000000e+00]]"
full_scene,90,29,12,12,30,0.426523389413213,0.8762823143208863,0.002670860508870691,0.0016655466603330785,"[[-0.68777895  0.71331934 -0.13466862 -0.03589951]
 [ 0.47685147  0.30407937 -0.82471111  0.05705769]
 [-0.54733243 -0.63143587 -0.54928676 -0.43544618]
 [ 0.          0.          0.          1.        ]]","[[-0.7378438  -0.51567953 -0.43550103 -0.04426865]
 [ 0.07808274  0.57566996 -0.81394544  0.05619538]
 [ 0.67043987 -0.63456971 -0.38448884 -0.438031  ]
 [ 0.          0.          0.          1.        ]]"
full_scene,90,30,12,25,30,0.6030724251128436,0.8437628231432088,0.0021086017429454286,0.0017125225543979216,"[[ 1.          0.          0.         -0.04210391]
 [ 0.          1.          0.          0.0528528 ]
 [ 0.          0.          1.         -0.44177102]
 [ 0.          0.          0.          1.        ]]","[[ 0.2712918   0.45372374 -0.84884364 -0.04712011]
 [ 0.15019299  0.85115827  0.50296288  0.0542319 ]
 [ 0.95070649 -0.26394007  0.16276613 -0.44060625]
 [ 0.          0.          0.          1.        ]]"
full_scene,90,32,12,33,30,0.47248153467377924,0.8292470250307755,0.00268028088034056,0.0017544984357384386,"[[-0.90569185  0.38681392 -0.17348565 -0.03915384]
 [ 0.26243554  0.83295559  0.48714739  0.06684411]
 [ 0.33294123  0.39567662 -0.8559148  -0.43874851]
 [ 0.          0.          0.          1.        ]]","[[ 0.0563435   0.13974839 -0.98858272 -0.03562991]
 [ 0.3766514   0.91401905  0.15067484  0.06308647]
 [ 0.92464    -0.38084061 -0.00113739 -0.43327592]
 [ 0.          0.          0.          1.        ]]"
full_scene,90,33,12,81,30,0.3390695527287649,0.3434294214197784,0.002716924777260159,0.00226018523543795,"[[ 0.10585497 -0.36155275  0.92632302 -0.02471621]
 [-0.97220301  0.15801984  0.17277453  0.04881567]
 [-0.20884452 -0.91886307 -0.33477548 -0.44031123]
 [ 0.          0.          0.          1.        ]]","[[ 0.01881878 -0.54571916  0.8377568  -0.02458549]
 [-0.88978001  0.37301265  0.26296978  0.05265291]
 [-0.45600153 -0.75036802 -0.47855035 -0.442179  ]
 [ 0.          0.          0.          1.        ]]"
full_scene,90,34,12,24,16,0.506385925318014,0.9872281493639721,0.002866529470734656,0.0017157916521655828,"[[ 0.46851182 -0.53669183  0.70175392 -0.02891032]
 [-0.76304184 -0.64616921  0.01524805  0.07773861]
 [ 0.44526827 -0.54261149 -0.71225623 -0.42522111]
 [ 0.          0.          0.          1.        ]]","[[-0.29843113 -0.19131718  0.93505968 -0.02879785]
 [-0.33718783 -0.89539359 -0.29081729  0.06852675]
 [ 0.89288478 -0.40207968  0.20270349 -0.42491048]
 [ 0.          0.          0.          1.        ]]"
full_scene,90,37,12,20,30,0.9174446040213378,0.9501949117767747,0.0022640042598460123,0.0017863669330729344,"[[-0.46535862 -0.7325665  -0.4967773  -0.02562948]
 [ 0.6681339   0.07739338 -0.74000497  0.07453611]
 [ 0.58055012 -0.67628144  0.45343683 -0.41164096]
 [ 0.          0.          0.          1.        ]]","[[-0.1885607  -0.60911134 -0.77034294 -0.02624281]
 [ 0.54196955  0.58960455 -0.59886182  0.07092018]
 [ 0.81897123 -0.53042422  0.21894355 -0.41266133]
 [ 0.          0.          0.          1.        ]]"
full_scene,90,38,12,25,30,0.4819193680755027,0.7047855970455478,0.0025910352138275405,0.0020003008131544127,"[[-0.93590572 -0.0948866   0.33923004 -0.01963395]
 [-0.09860713  0.99510653  0.00629454  0.07798783]
 [-0.33816729 -0.0275594  -0.94068239 -0.40538359]
 [ 0.          0.          0.          1.        ]]","[[-0.72893402  0.09727831  0.67763717 -0.02523418]
 [-0.66208453  0.15151034 -0.73395415  0.06902724]
 [-0.17406686 -0.98365723 -0.04603457 -0.41114026]
 [ 0.          0.          0.          1.        ]]"
full_scene,90,39,12,22,23,0.9694296265900697,0.9747127615921215,0.0019672495630250614,0.001537867170567352,"[[-0.60931832 -0.76480748  0.20928615 -0.02395917]
 [-0.01508398 -0.25271378 -0.96742349  0.07268431]
 [ 0.79278222 -0.59262573  0.1424468  -0.40306044]
 [ 0.          0.          0.          1.        ]]","[[-0.4889607  -0.67714349  0.54990375 -0.02232521]
 [-0.12716034 -0.56833734 -0.81291015  0.07302624]
 [ 0.86298765 -0.46740706  0.19178883 -0.40481053]
 [ 0.          0.          0.          1.        ]]"
full_scene,90,40,12,19,30,0.696783955683217,0.9517336889618383,0.0029168730942322413,0.001621049590577739,"[[ 0.5721051  -0.75124683 -0.32912604 -0.02318514]
 [ 0.7397973   0.64591866 -0.18838538  0.07868257]
 [ 0.35411257 -0.13571032  0.92530373 -0.39693196]
 [ 0.          0.          0.          1.        ]]","[[ 0.14041359 -0.43975882 -0.8870717  -0.02306315]
 [ 0.65577645  0.71255596 -0.24944189  0.07273575]
 [ 0.7417825  -0.5466957   0.38843602 -0.40066398]
 [ 0.          0.          0.          1.        ]]"
full_scene,90,41,12,33,20,0.9694552728764875,0.9918188346327452,0.0020938159728717603,0.001648878234438579,"[[ 0.07897348 -0.8115643  -0.57890119 -0.01985343]
 [ 0.87449464  0.33517916 -0.35059102  0.07595114]
 [ 0.47856277 -0.47855859  0.73617889 -0.39621931]
 [ 0.          0.          0.          1.        ]]","[[-0.0683203  -0.62395532 -0.77846779 -0.02272671]
 [ 0.78135973  0.4517069  -0.43062495  0.07395457]
 [ 0.62033001 -0.6376838   0.45667281 -0.39642386]
 [ 0.          0.          0.          1.        ]]"
full_scene,90,42,12,4,30,0.9367562576938859,0.9504257283545343,0.001960417256608691,0.0016574892260530056,"[[-0.17615019 -0.96782988 -0.17965645 -0.02172904]
 [ 0.73370701 -0.0074181  -0.67942549  0.07472825]
 [ 0.65623558 -0.25149613  0.71141026 -0.39096665]
 [ 0.          0.          0.          1.        ]]","[[ 0.02786305 -0.75310931 -0.65730511 -0.02169202]
 [ 0.61875547  0.5294382  -0.58037648  0.07232425]
 [ 0.78508937 -0.39054008  0.48074227 -0.3927241 ]
 [ 0.          0.          0.          1.        ]]"
full_scene,90,44,12,12,30,0.6434140336479278,0.9034673779236767,0.0024616266955867104,0.0017965868832667301,"[[ 0.73851684 -0.671787    0.05740297 -0.01991163]
 [ 0.67010379  0.74073709  0.04763897  0.0763407 ]
 [-0.07452375  0.00328377  0.99721383 -0.3850933 ]
 [ 0.          0.          0.          1.        ]]","[[ 0.80854949 -0.02423265 -0.58792899 -0.02063029]
 [ 0.42159464  0.72087697  0.55008577  0.07235785]
 [ 0.41049444 -0.69263928  0.59308107 -0.38561794]
 [ 0.          0.          0.          1.        ]]"
full_scene,90,45,12,18,30,0.6611099712761592,0.7715685268773081,0.0021658442513452416,0.001609608331533299,"[[ 0.99563507 -0.06441059  0.06754316 -0.01618724]
 [ 0.05381911  0.98747081  0.14834048  0.06895916]
 [-0.0762516  -0.14405787  0.98662709 -0.38433264]
 [ 0.          0.          0.          1.        ]]","[[ 0.71885365  0.64168007  0.26738758 -0.0193188 ]
 [-0.61571731  0.40915896  0.67341008  0.07101219]
 [ 0.3227098  -0.64871846  0.68921894 -0.38183213]
 [ 0.          0.          0.          1.        ]]"
full_scene,90,46,12,35,30,0.4308576118178088,0.64677369716865,0.002677090879572426,0.001988568472132632,"[[ 0.98251656 -0.04843457 -0.17976458 -0.01574138]
 [-0.00290844 -0.96944193  0.24530365  0.07250516]
 [-0.1861525  -0.24049206 -0.95263362 -0.37239106]
 [ 0.          0.          0.          1.        ]]","[[ 0.06260831 -0.5934635   0.80242213 -0.00633233]
 [-0.99216593  0.05007854  0.1144505   0.06982294]
 [-0.10810632 -0.80330145 -0.58567893 -0.37978366]
 [ 0.          0.          0.          1.        ]]"
full_scene,90,47,12,18,30,0.7995742716454657,0.89677369716865,0.0026420598114503618,0.0018050136025835352,"[[ 0.01946399  0.08344938 -0.99632191 -0.01440775]
 [ 0.18857745  0.97831837  0.08562547  0.07429188]
 [ 0.98186542 -0.18955046  0.0033053  -0.37702595]
 [ 0.          0.          0.          1.        ]]","[[-0.14129401 -0.17260899 -0.97480364 -0.01136574]
 [ 0.48856174  0.84425805 -0.22030835  0.07470678]
 [ 0.86101302 -0.50738002 -0.03495846 -0.37913502]
 [ 0.          0.          0.          1.        ]]"
full_scene,90,48,12,30,30,0.3227841608535084,0.7257129667624128,0.002962549311407743,0.0017272530475178158,"[[ 0.25648479  0.87824993  0.40359956 -0.01184779]
 [-0.8716126   0.39063504 -0.29613466  0.06399408]
 [-0.41774038 -0.27582843  0.86568566 -0.38941129]
 [ 0.          0.          0.          1.        ]]","[[ 0.21522979  0.92875008  0.30182681 -0.01046175]
 [-0.93648823  0.10866095  0.33344054  0.07561774]
 [ 0.27688614 -0.35442359  0.89315059 -0.38290969]
 [ 0.          0.          0.          1.        ]]"
full_scene,90,49,12,9,30,0.9293188346327452,0.9477328682806729,0.0021469840608933275,0.0017184045857249737,"[[-0.04550305 -0.93583192 -0.34949691 -0.01180029]
 [ 0.68814964  0.22424558 -0.69004637  0.07723141]
 [ 0.72414055 -0.27190539  0.63378854 -0.38617623]
 [ 0.          0.          0.          1.        ]]","[[-0.32201481 -0.90556487 -0.27614982 -0.01024011]
 [ 0.51043871  0.07959331 -0.85622265  0.07517306]
 [ 0.79734483 -0.41667393  0.43660514 -0.38734728]
 [ 0.          0.          0.          1.        ]]"
full_scene,90,50,12,78,22,0.7812628231432088,0.968096019696348,0.00279654451690639,0.001559183471284863,"[[-0.6847277  -0.72348615 -0.0878395  -0.00775924]
 [ 0.32549583 -0.19574556 -0.92506007  0.07525995]
 [ 0.65207396 -0.66200564  0.36952413 -0.39526295]
 [ 0.          0.          0.          1.        ]]","[[-0.18463577 -0.89857751 -0.3980805  -0.01135938]
 [ 0.58257843  0.22614474 -0.78067978  0.07585657]
 [ 0.79152511 -0.37605453  0.48173747 -0.39105913]
 [ 0.          0.          0.          1.        ]]"
full_scene,90,51,12,98,30,0.9034673779236767,0.9716864997948297,0.00235932045087602,0.0015016431434699271,"[[ 0.38830065 -0.45985981 -0.79859349 -0.01013324]
 [ 0.69758476  0.71294079 -0.07135069  0.08041486]
 [ 0.60216119 -0.52938113  0.59762657 -0.39356563]
 [ 0.          0.          0.          1.        ]]","[[ 0.50890872  0.00489978 -0.86080654 -0.01316843]
 [ 0.65849783  0.64184515  0.39295727  0.07836419]
 [ 0.55442991 -0.76681862  0.3234141  -0.39571492]
 [ 0.          0.          0.          1.        ]]"
full_scene,90,52,12,18,30,0.45886335658596633,0.9744819450143619,0.00289849119592959,0.0015891556817463877,"[[ 1.          0.          0.         -0.00187044]
 [ 0.          1.          0.          0.0739074 ]
 [ 0.          0.          1.         -0.40289479]
 [ 0.          0.          0.          1.        ]]","[[ 0.22483676 -0.49238633 -0.84083538 -0.01326979]
 [ 0.69197773  0.68822204 -0.21798452  0.07654172]
 [ 0.68601403 -0.53282842  0.49545799 -0.39948411]
 [ 0.          0.          0.          1.        ]]"
full_scene,90,53,12,21,30,0.6246922445629873,0.9699425523184243,0.0027761174435096316,0.0017836731371666775,"[[ 0.8348949   0.22643456  0.50167508 -0.00973748]
 [-0.18070589 -0.74817019  0.6384252   0.08662174]
 [ 0.51989987 -0.62367359 -0.58372542 -0.40736405]
 [ 0.          0.          0.          1.        ]]","[[-0.03338892  0.31482054  0.94856376 -0.01262373]
 [-0.53479162 -0.80741679  0.24915065  0.07867893]
 [ 0.84432405 -0.49896508  0.19532216 -0.40440922]
 [ 0.          0.          0.          1.        ]]"
full_scene,90,54,12,12,30,0.4186756257693886,0.5495999179318835,0.002912216447172626,0.002634682721885624,"[[-8.42259029e-02  9.92180894e-01 -9.21035917e-02  1.38438359e-05]
 [ 8.11391952e-01  1.46367742e-02 -5.84319147e-01  7.43110573e-02]
 [-5.78402194e-01 -1.23946921e-01 -8.06280387e-01 -4.06665974e-01]
 [ 0.00000000e+00  0.00000000e+00  0.00000000e+00  1.00000000e+00]]","[[-0.07616271  0.88489795  0.45951589 -0.00479962]
 [ 0.23884989  0.46362826 -0.85322891  0.08136315]
 [-0.96806506  0.04477109 -0.24666897 -0.40219913]
 [ 0.          0.          0.          1.        ]]"
full_scene,90,55,12,44,30,0.6925523184242922,0.9758924907673369,0.0030107900720553024,0.0018782013212997899,"[[-0.17803624 -0.98389622 -0.01585312 -0.01980545]
 [ 0.84822282 -0.14527956 -0.50932494  0.07322585]
 [ 0.49881975 -0.10412527  0.86042826 -0.40860745]
 [ 0.          0.          0.          1.        ]]","[[-0.0659494  -0.7598778  -0.64671199 -0.01609087]
 [ 0.85886991  0.28669054 -0.42444201  0.07574558]
 [ 0.50793027 -0.58343317  0.63372911 -0.41293856]
 [ 0.          0.          0.          1.        ]]"
full_scene,90,56,12,35,26,0.848635617562577,0.8661263848994666,0.0019339976657538577,0.0018253505722656248,"[[-0.73184677 -0.59011864 -0.34082297 -0.01818357]
 [ 0.01257941  0.48834602 -0.87255941  0.07312539]
 [ 0.68135311 -0.64286714 -0.34997111 -0.41728477]
 [ 0.          0.          0.          1.        ]]","[[-0.80537067 -0.46307623 -0.37005201 -0.01847626]
 [ 0.24331409  0.31100961 -0.91873352  0.0733489 ]
 [ 0.54053338 -0.8299599  -0.13780505 -0.41802289]
 [ 0.          0.          0.          1.        ]]"
full_scene,90,58,12,63,30,0.6695475995075914,0.9873563807960607,0.0026804464174499556,0.0017815639253609585,"[[-0.5974905  -0.8011973  -0.03298476 -0.02464367]
 [ 0.8011706  -0.59818463  0.0173441   0.07908326]
 [-0.03362702 -0.01606348  0.99930535 -0.42527535]
 [ 0.          0.          0.          1.        ]]","[[ 0.08313347 -0.79851492 -0.59620697 -0.02042977]
 [ 0.6599905   0.49237926 -0.56742859  0.07140178]
 [ 0.74666014 -0.34631863  0.56794546 -0.4256602 ]
 [ 0.          0.          0.          1.        ]]"
full_scene,90,59,12,36,30,0.7701066885514978,0.9321655724251129,0.0020858315209674157,0.001544924262314861,"[[ 9.90834017e-01  1.16445129e-01  6.84725021e-02 -1.91952915e-02]
 [-1.35081332e-01  8.57814460e-01  4.95890499e-01  6.87766547e-02]
 [-9.92669450e-04 -5.00594531e-01  8.65681310e-01 -4.31175667e-01]
 [ 0.00000000e+00  0.00000000e+00  0.00000000e+00  1.00000000e+00]]","[[ 0.75253059  0.655001   -0.06834765 -0.02452841]
 [ 0.03019203  0.06936079  0.99713466  0.0717317 ]
 [ 0.65786484 -0.75243789  0.0324203  -0.43028367]
 [ 0.          0.          0.          1.        ]]"
full_scene,90,61,12,71,30,0.8959786622897005,0.8397876487484612,0.0025271698434836073,0.0015787813086495612,"[[ 0.78160483 -0.45670633 -0.42486846 -0.01292314]
 [ 0.62375499  0.56694352  0.53805646  0.07540646]
 [-0.00485737 -0.68556136  0.72799865 -0.43302508]
 [ 0.          0.          0.          1.        ]]","[[-0.03572688 -0.10735827 -0.99357828 -0.01820464]
 [ 0.50431785  0.85639695 -0.11066968  0.07102293]
 [ 0.86277871 -0.50503314  0.0235463  -0.43329069]
 [ 0.          0.          0.          1.        ]]"
full_scene,90,62,12,60,30,0.28105765285186707,0.3449938448912597,0.0027874283099017625,0.0020879991203776307,"[[-0.066554    0.35662991  0.93187213 -0.00575381]
 [-0.94343361  0.28153885 -0.17512537  0.05589755]
 [-0.32481316 -0.89081478  0.31771911 -0.43806659]
 [ 0.          0.          0.          1.        ]]","[[-0.45397311  0.04180028  0.89003436 -0.01258784]
 [-0.77817341  0.4679465  -0.41889405  0.05886214]
 [-0.43399835 -0.8827677  -0.17990726 -0.43916829]
 [ 0.          0.          0.          1.        ]]"
full_scene,90,63,12,52,30,0.7228662289700452,0.9964608124743537,0.00288427233286619,0.001620536891981717,"[[ 0.68470406 -0.55933297 -0.46725474 -0.01158094]
 [ 0.72874167  0.51594674  0.45026051  0.0719484 ]
 [-0.01076699 -0.6488032   0.76088007 -0.42405335]
 [ 0.          0.          0.          1.        ]]","[[ 0.11827015 -0.45912937 -0.88046146 -0.0103459 ]
 [ 0.7533114   0.6191743  -0.22168699  0.07547164]
 [ 0.64694212 -0.63704271  0.41909723 -0.42335844]
 [ 0.          0.          0.          1.        ]]"
full_scene,90,64,12,29,30,0.9720968403775133,0.9122384078785392,0.0017512946480522948,0.00160678125769525,"[[ 0.27262667 -0.79083418 -0.5479562  -0.00514205]
 [ 0.87358549  0.44211115 -0.20343579  0.07816774]
 [ 0.40314152 -0.42322457  0.81139255 -0.41896291]
 [ 0.          0.          0.          1.        ]]","[[-0.01843189 -0.07194318 -0.99723841 -0.00829737]
 [ 0.52720812  0.84677877 -0.07083301  0.07662021]
 [ 0.84953626 -0.52705777  0.0223213  -0.41930587]
 [ 0.          0.          0.          1.        ]]"
full_scene,90,65,12,33,30,0.8342993434550677,0.886258719737382,0.002215461026343012,0.0017588026165593796,"[[ 0.94706148 -0.12400699 -0.29613648 -0.00259   ]
 [ 0.22143422  0.92018862  0.32283089  0.07812385]
 [ 0.23246813 -0.37131546  0.89893459 -0.41282102]
 [ 0.          0.          0.          1.        ]]","[[ 0.20249292  0.02901507 -0.97885379 -0.00572167]
 [ 0.24658235  0.96584405  0.07963928  0.07632433]
 [ 0.94773085 -0.25749446  0.18842198 -0.41376826]
 [ 0.          0.          0.          1.        ]]"
full_scene,90,66,12,14,30,0.7322527697989332,0.8766413623307345,0.0023644234136724956,0.0016719325815309526,"[[ 0.98097026 -0.07579399 -0.17875295  0.00239051]
 [ 0.14444742  0.90009489  0.41105247  0.07946108]
 [ 0.12973932 -0.42905065  0.89391457 -0.40965584]
 [ 0.          0.          0.          1.        ]]","[[ 0.21398065  0.09155329 -0.97253806 -0.00419834]
 [ 0.34610004  0.92390742  0.16312521  0.07748965]
 [ 0.91346978 -0.3715011   0.16601171 -0.40949362]
 [ 0.          0.          0.          1.        ]]"
full_scene,90,68,12,30,30,0.6883206811653673,0.8927728764874846,0.0019665217828135754,0.0015678785767239201,"[[ 8.70218673e-01 -4.92485568e-01 -1.33201347e-02  3.27113739e-04]
 [ 4.73005759e-01  8.27625494e-01  3.02161537e-01  7.87323881e-02]
 [-1.37786113e-01 -2.69247112e-01  9.53163669e-01 -4.00774361e-01]
 [ 0.00000000e+00  0.00000000e+00  0.00000000e+00  1.00000000e+00]]","[[ 0.59596049  0.32819308 -0.73288498 -0.00260236]
 [ 0.31431498  0.74451053  0.5889908   0.07841814]
 [ 0.73894329 -0.58137198  0.34054285 -0.40023488]
 [ 0.          0.          0.          1.        ]]"
full_scene,90,69,12,44,30,0.8222455888387361,0.9317039392695937,0.001703835591635204,0.0014429013352072948,"[[ 0.92890046 -0.0848002  -0.36048975  0.00179155]
 [ 0.30655016  0.72222241  0.62001757  0.07864363]
 [ 0.20777616 -0.6864428   0.69686824 -0.39571513]
 [ 0.          0.          0.          1.        ]]","[[ 0.64489392  0.758695   -0.09216142 -0.00112093]
 [-0.04600217  0.15890199  0.98622206  0.07996689]
 [ 0.76288638 -0.63176899  0.13737654 -0.3958277 ]
 [ 0.          0.          0.          1.        ]]"
full_scene,90,70,12,43,30,0.9553754616331556,0.943603816167419,0.0019143337937418798,0.0015784015212335228,"[[ 0.83460207  0.3175278  -0.45012829  0.0016683 ]
 [ 0.36471097  0.29387364  0.8835294   0.08124733]
 [ 0.41282598 -0.90156219  0.12946168 -0.39264208]
 [ 0.          0.          0.          1.        ]]","[[ 6.91771094e-01  4.91938426e-01 -5.28629680e-01 -6.88756042e-04]
 [ 3.14698745e-01  4.53504129e-01  8.33845732e-01  7.96533578e-02]
 [ 6.49936499e-01 -7.43189471e-01  1.58908642e-01 -3.91236976e-01]
 [ 0.00000000e+00  0.00000000e+00  0.00000000e+00  1.00000000e+00]]"
full_scene,90,71,12,20,30,0.8447373820270825,0.9529647107098892,0.002153696238244467,0.0017218708185798418,"[[ 7.10459896e-02 -9.60030298e-01 -2.70729190e-01 -8.83083728e-04]
 [ 8.88144926e-01  1.84429500e-01 -4.20932714e-01  7.77846546e-02]
 [ 4.54038608e-01 -2.10541175e-01  8.65749014e-01 -3.86244028e-01]
 [ 0.00000000e+00  0.00000000e+00  0.00000000e+00  1.00000000e+00]]","[[ 3.20052379e-01 -4.89553387e-01 -8.11112788e-01  1.81686650e-04]
 [ 6.24677433e-01  7.52720398e-01 -2.07822296e-01  7.71327274e-02]
 [ 7.12281250e-01 -4.40169834e-01  5.46722908e-01 -3.87132551e-01]
 [ 0.00000000e+00  0.00000000e+00  0.00000000e+00  1.00000000e+00]]"
full_scene,90,72,12,25,30,0.8364792778005745,0.9213941321296676,0.0023708671588060677,0.0019265840689862794,"[[ 0.20070084 -0.88892931 -0.41173274  0.00544541]
 [ 0.81842523  0.38313362 -0.42823915  0.07753789]
 [ 0.53842299 -0.25102451  0.80441742 -0.38435213]
 [ 0.          0.          0.          1.        ]]","[[ 3.69598797e-01 -3.75987137e-01 -8.49723721e-01  8.20538627e-04]
 [ 6.61533986e-01  7.48651242e-01 -4.35212890e-02  7.69686018e-02]
 [ 6.52510164e-01 -5.46035704e-01  5.25428868e-01 -3.82251916e-01]
 [ 0.00000000e+00  0.00000000e+00  0.00000000e+00  1.00000000e+00]]"
full_scene,90,73,12,10,30,0.6949630693475585,0.8868998768978252,0.002976416289108477,0.002092106716296727,"[[-0.50128137 -0.34977825  0.79143677 -0.00174871]
 [-0.5060119  -0.62345281 -0.5960357   0.07104196]
 [ 0.7019038  -0.69925802  0.13553333 -0.3767031 ]
 [ 0.          0.          0.          1.        ]]","[[-0.26215078 -0.05021667  0.96371949  0.00270887]
 [-0.52101336 -0.83322694 -0.18514302  0.07734988]
 [ 0.81229431 -0.55064612  0.19226754 -0.37828111]
 [ 0.          0.          0.          1.        ]]"
full_scene,90,74,12,65,30,0.8380180549856381,0.8946707016823964,0.002260815314757393,0.0019055017818863788,"[[ 0.23790733  0.3287616   0.91395619  0.00205475]
 [-0.95150212  0.2678472   0.15133269  0.07558009]
 [-0.19504823 -0.90563441  0.37654018 -0.37268289]
 [ 0.          0.          0.          1.        ]]","[[ 0.03542529  0.21154139  0.97672683  0.00356531]
 [-0.93098181 -0.34834703  0.10921182  0.07585617]
 [ 0.36334271 -0.91318376  0.18460089 -0.37323942]
 [ 0.          0.          0.          1.        ]]"
full_scene,90,76,12,67,30,0.6313346327451785,0.9209324989741485,0.002666967525335184,0.0016924770359959217,"[[ 1.          0.          0.          0.0163384 ]
 [ 0.          0.70710678  0.70710678  0.07005344]
 [ 0.         -0.70710678  0.70710678 -0.36888398]
 [ 0.          0.          0.          1.        ]]","[[ 0.64446823  0.764459    0.01622129  0.0139621 ]
 [-0.52395553  0.42606488  0.73752242  0.07515464]
 [ 0.55689433 -0.48380901  0.6751278  -0.36681535]
 [ 0.          0.          0.          1.        ]]"
full_scene,90,77,12,74,30,0.7842634386540829,0.8977739023389413,0.002382658845033835,0.0017296756746768263,"[[-0.15765443  0.2912969  -0.94355244  0.00917144]
 [ 0.16126221  0.9502693   0.26642589  0.07465766]
 [ 0.97423795 -0.11015613 -0.19678935 -0.37535714]
 [ 0.          0.          0.          1.        ]]","[[ 0.34177816  0.50564255 -0.79215737  0.01224076]
 [-0.13716879  0.86073075  0.49023188  0.07602963]
 [ 0.92971631 -0.05889128  0.36353734 -0.37100273]
 [ 0.          0.          0.          1.        ]]"
full_scene,90,78,12,62,30,0.8912597455888387,0.8889515798112433,0.0017273200462549368,0.0017428328479245669,"[[-0.68271698 -0.11105339  0.72219434  0.01404097]
 [-0.71685492 -0.0895779  -0.69144402  0.07503008]
 [ 0.14147986 -0.98976914 -0.01845281 -0.37670332]
 [ 0.          0.          0.          1.        ]]","[[-0.5324498  -0.09443358  0.84117745  0.01488967]
 [-0.80369343 -0.25548565 -0.53740484  0.07556217]
 [ 0.26565783 -0.96218989  0.06013763 -0.37576648]
 [ 0.          0.          0.          1.        ]]"
full_scene,90,79,12,10,30,0.4531442347148133,0.897799548625359,0.0025464973577221587,0.001902972766385797,"[[ 0.90521805 -0.14761514  0.3984847   0.01075936]
 [-0.05258576 -0.96943149 -0.23966087  0.07086628]
 [ 0.42168119  0.19599073 -0.88530933 -0.38014347]
 [ 0.          0.          0.          1.        ]]","[[ 0.13334098  0.15869849  0.97828164  0.0148141 ]
 [-0.50042974 -0.84123591  0.20467588  0.07859062]
 [ 0.8554474  -0.51685291 -0.03275378 -0.38053264]
 [ 0.          0.          0.          1.        ]]"
full_scene,90,80,12,23,30,0.7376641362330735,0.852482560525236,0.0021048822977010892,0.001767157522205466,"[[-0.38104981 -0.30770658  0.87184729  0.01364424]
 [-0.91813094  0.23690419 -0.31766646  0.07602438]
 [-0.10879622 -0.92151672 -0.37278723 -0.38787559]
 [ 0.          0.          0.          1.        ]]","[[-0.56448754 -0.13814209  0.81380008  0.01323119]
 [-0.52812088 -0.69725678 -0.48468682  0.07860152]
 [ 0.63438328 -0.70338449  0.32063705 -0.38459348]
 [ 0.          0.          0.          1.        ]]"
full_scene,90,81,12,18,30,0.5354431678292983,0.8708196553139106,0.002121386437504473,0.0017640435612082557,"[[-0.91146686  0.40839974 -0.04937417  0.00433551]
 [ 0.22188744  0.38700838 -0.89498071  0.07743966]
 [-0.34640167 -0.82670077 -0.44336409 -0.39549054]
 [ 0.          0.          0.          1.        ]]","[[-0.43015818  0.32198248  0.84338083  0.01268983]
 [-0.895647   -0.26920786 -0.35403896  0.07630863]
 [ 0.1130504  -0.90766426  0.4041846  -0.39002814]
 [ 0.          0.          0.          1.        ]]"
full_scene,90,82,12,41,24,0.6612125564218301,0.9588377102995487,0.002753750200334629,0.0016606240090028832,"[[ 0.65451865 -0.5007375  -0.56645149  0.00932871]
 [ 0.45449997  0.85933098 -0.23447822  0.08303126]
 [ 0.60418136 -0.10398182  0.79003333 -0.39109442]
 [ 0.          0.          0.          1.        ]]","[[ 0.62210128 -0.02885796 -0.78240476  0.01152874]
 [ 0.47194311  0.81118267  0.34532937  0.07869754]
 [ 0.62470769 -0.58408038  0.5182571  -0.39401806]
 [ 0.          0.          0.          1.        ]]"
full_scene,90,83,12,15,30,0.8292726713171933,0.9473738202708247,0.0020832043657788755,0.001560661030800224,"[[ 9.66068980e-01 -2.00986296e-01 -1.62219710e-01  1.12873710e-02]
 [ 2.58283660e-01  7.53031886e-01  6.05171488e-01  7.91126605e-02]
 [ 5.25438583e-04 -6.26536103e-01  7.79392222e-01 -3.97452378e-01]
 [ 0.00000000e+00  0.00000000e+00  0.00000000e+00  1.00000000e+00]]","[[ 0.57596871 -0.22149848 -0.78689165  0.01148291]
 [ 0.52574197  0.83747847  0.14908115  0.07850464]
 [ 0.62598357 -0.49956805  0.59881244 -0.3987756 ]
 [ 0.          0.          0.          1.        ]]"
full_scene,90,84,12,51,30,0.9519901518260155,0.9371922445629873,0.002094495243380141,0.0015003102990533122,"[[ 0.88309985 -0.18986316 -0.42905318  0.01380406]
 [ 0.40918377  0.75910659  0.5062863   0.08077818]
 [ 0.22957198 -0.62266296  0.74805584 -0.40442013]
 [ 0.          0.          0.          1.        ]]","[[ 0.72618822  0.5120567  -0.45874678  0.00936652]
 [ 0.21921458  0.45997853  0.86044449  0.07964629]
 [ 0.65161004 -0.72540863  0.2217807  -0.40414052]
 [ 0.          0.          0.          1.        ]]"
full_scene,90,85,12,55,23,0.7799292162494871,0.9326784981534674,0.0021585814945460865,0.0015400270198307946,"[[ 0.98216374 -0.11805166  0.14634953  0.01186023]
 [ 0.06714709  0.94722931  0.3134452   0.0793727 ]
 [-0.1756293  -0.29802757  0.93826111 -0.40986596]
 [ 0.          0.          0.          1.        ]]","[[ 0.89665693  0.27195867 -0.34934915  0.00903545]
 [ 0.09421449  0.6537989   0.75078002  0.07781642]
 [ 0.43258522 -0.70610586  0.56061086 -0.4088777 ]
 [ 0.          0.          0.          1.        ]]"
full_scene,90,88,12,22,30,0.8319398851046369,0.8992357406647518,0.002080712739328493,0.0018838033501426949,"[[-0.30709112 -0.07439012  0.94876823  0.00731695]
 [-0.95166661  0.0186931  -0.30656358  0.07151535]
 [ 0.00506988 -0.997054   -0.07653508 -0.42436141]
 [ 0.          0.          0.          1.        ]]","[[-0.5240745  -0.13706619  0.84057051  0.00636516]
 [-0.80718243 -0.23488411 -0.54155885  0.07366729]
 [ 0.27166607 -0.96231092  0.01245935 -0.42330198]
 [ 0.          0.          0.          1.        ]]"
full_scene,90,89,12,14,30,0.7572322527697989,0.9621204349610176,0.0017532045134704508,0.0014802184351726043,"[[ 0.63492955  0.63137002  0.44523742  0.00317526]
 [-0.76854632  0.45744127  0.44730755  0.07640325]
 [ 0.0787466  -0.62619436  0.77568008 -0.4275142 ]
 [ 0.          0.          0.          1.        ]]","[[ 7.38108340e-01  5.26668129e-01  4.21683247e-01  3.03453263e-03]
 [-3.43129835e-01 -2.45109604e-01  9.06743182e-01  7.76726221e-02]
 [ 5.80911349e-01 -8.13966808e-01 -2.01894966e-04 -4.27950204e-01]
 [ 0.00000000e+00  0.00000000e+00  0.00000000e+00  1.00000000e+00]]"
full_scene,90,90,12,23,30,0.8765644234714813,0.907750307755437,0.0023937823392164775,0.0019322433317618933,"[[ 7.04557129e-02 -6.89781280e-01  7.20581555e-01 -2.92854491e-04]
 [-5.85231330e-01 -6.13572989e-01 -5.30124964e-01  7.16092800e-02]
 [ 8.07799655e-01 -3.84356570e-01 -4.46911338e-01 -4.34132792e-01]
 [ 0.00000000e+00  0.00000000e+00  0.00000000e+00  1.00000000e+00]]","[[-2.50488466e-01 -9.33255326e-01  2.57468493e-01  4.82986169e-04]
 [ 1.48225291e-01 -2.99781663e-01 -9.42422526e-01  7.29239307e-02]
 [ 9.56705175e-01 -1.97902630e-01  2.13423891e-01 -4.32843865e-01]
 [ 0.00000000e+00  0.00000000e+00  0.00000000e+00  1.00000000e+00]]"
full_scene,90,91,12,99,30,0.6340531391054576,0.9051343865408289,0.0023339333550014057,0.002210644517638629,"[[ 0.98741958 -0.10463033 -0.11855411  0.0216133 ]
 [ 0.15801593  0.68040685  0.7155959   0.0753896 ]
 [ 0.00579199 -0.72532683  0.6883803  -0.43082136]
 [ 0.          0.          0.          1.        ]]","[[ 0.73882876 -0.39011054 -0.54949598  0.01440265]
 [ 0.67300243  0.46904765  0.57189338  0.07565827]
 [ 0.03463816 -0.7923434   0.60909123 -0.43247134]
 [ 0.          0.          0.          1.        ]]"
full_scene,90,92,12,20,30,0.9338069347558473,0.964531185884284,0.0019319281032559197,0.0015721312112469442,"[[ 0.98550085  0.12281716 -0.1170642   0.01968806]
 [ 0.02339718  0.58498778  0.81070455  0.07311748]
 [ 0.16804955 -0.80168899  0.57363238 -0.42748493]
 [ 0.          0.          0.          1.        ]]","[[ 0.34819691 -0.15781535 -0.92404179  0.01668538]
 [ 0.51879184  0.85345289  0.04973125  0.07291302]
 [ 0.78077778 -0.4967016   0.37904298 -0.42683443]
 [ 0.          0.          0.          1.        ]]"
full_scene,90,93,12,26,17,0.9532981124333196,0.8918496101764465,0.0017159061946973757,0.0013440192968175485,"[[ 0.23832781  0.63057133  0.73863364  0.02105849]
 [-0.54308261 -0.54399127  0.63963644  0.07653583]
 [ 0.80514665 -0.55358224  0.21280408 -0.42183495]
 [ 0.          0.          0.          1.        ]]","[[ 0.17081222  0.79561472  0.5812232   0.01927387]
 [-0.45311434 -0.46038634  0.76336873  0.07612926]
 [ 0.87493461 -0.39375327  0.28186483 -0.42308957]
 [ 0.          0.          0.          1.        ]]"
full_scene,90,94,12,24,30,0.8616895773491998,0.9522722609766106,0.0021490889860503837,0.0019548912716827503,"[[ 0.6160666   0.34115613  0.709982    0.02103668]
 [-0.78768945  0.26990859  0.55380022  0.07573872]
 [-0.0026979  -0.90042315  0.43500675 -0.41712806]
 [ 0.          0.          0.          1.        ]]","[[ 0.68104851  0.40215772  0.61191674  0.02296336]
 [-0.67547058  0.02242274  0.73704594  0.0743889 ]
 [ 0.28268787 -0.91529579  0.28691668 -0.41860014]
 [ 0.          0.          0.          1.        ]]"
full_scene,90,95,12,49,20,0.9178036520311859,0.9449887156339762,0.0024742955982701947,0.0017447266843790183,"[[-0.18968978 -0.95796306 -0.2152314   0.02495062]
 [-0.07481728  0.23267696 -0.96967201  0.07031784]
 [ 0.97898936 -0.16783384 -0.11580863 -0.41331795]
 [ 0.          0.          0.          1.        ]]","[[-0.11312563 -0.9922316  -0.0517594   0.02363666]
 [ 0.27277251  0.01907746 -0.9618894   0.07367611]
 [ 0.9554045  -0.12293289  0.26849535 -0.4138719 ]
 [ 0.          0.          0.          1.        ]]"
full_scene,90,96,12,78,30,0.6713171932704144,0.9208555601148953,0.0024154851117497373,0.0019199930730721545,"[[-0.14428819 -0.83645701 -0.52869707  0.02871791]
 [-0.1603457   0.54699058 -0.82163895  0.06829418]
 [ 0.97645797 -0.03377849 -0.21304656 -0.41188507]
 [ 0.          0.          0.          1.        ]]","[[-0.11888153 -0.98839138 -0.09460263  0.0246461 ]
 [ 0.34195885  0.04869274 -0.93845253  0.07409943]
 [ 0.93216486 -0.14391488  0.33220052 -0.40917449]
 [ 0.          0.          0.          1.        ]]"
full_scene,90,97,12,29,30,0.8413264259335248,0.9379103405826836,0.0021985864696205254,0.0015665266269779042,"[[ 0.00126186  0.29205461 -0.95640081  0.02129747]
 [-0.07388445  0.95381477  0.29116743  0.07093392]
 [ 0.99726601  0.07029574  0.02278188 -0.40584333]
 [ 0.          0.          0.          1.        ]]","[[ 0.12214285  0.06297642 -0.99051254  0.02147442]
 [ 0.37239047  0.92216826  0.10455161  0.07471347]
 [ 0.92000351 -0.38162766  0.08918444 -0.40400198]
 [ 0.          0.          0.          1.        ]]"
full_scene,90,98,12,21,30,0.5136438243742306,0.9263695116947066,0.0024934414983065452,0.0015361874300559757,"[[ 0.61524502 -0.4851602  -0.62136394  0.02678185]
 [ 0.78786358  0.35112755  0.50594509  0.08677999]
 [-0.02728642 -0.80083021  0.59826953 -0.39731346]
 [ 0.          0.          0.          1.        ]]","[[-0.23006985 -0.66086449 -0.71437105  0.02339888]
 [ 0.6935604   0.40359213 -0.59673057  0.07504428]
 [ 0.68267257 -0.63274918  0.36549506 -0.39856273]
 [ 0.          0.          0.          1.        ]]"
full_scene,90,99,12,41,30,0.8936704965121051,0.9526826015592942,0.002098407602848035,0.0015274946309971039,"[[ 0.98152675  0.1432572  -0.12681722  0.0279588 ]
 [ 0.01867109  0.58795223  0.80868014  0.07443777]
 [ 0.19041172 -0.796109    0.57441608 -0.39477648]
 [ 0.          0.          0.          1.        ]]","[[ 0.83578697  0.54902595 -0.00553623  0.02449815]
 [-0.04183928  0.07373971  0.99639948  0.07778735]
 [ 0.54745742 -0.83254607  0.08460154 -0.39437908]
 [ 0.          0.          0.          1.        ]]"
full_scene,90,100,12,62,29,0.7969583504308576,0.9688910545752975,0.002764705280051216,0.00162730274789339,"[[ 0.38519636  0.70900165  0.59071179  0.02787582]
 [-0.34033262 -0.48584604  0.80506356  0.07258112]
 [ 0.85778638 -0.51114605  0.05415026 -0.39044864]
 [ 0.          0.          0.          1.        ]]","[[ 0.8086342   0.54549688  0.22032678  0.02542669]
 [-0.2332199  -0.0465913   0.97130723  0.07682494]
 [ 0.54011038 -0.83681683  0.0895454  -0.38989552]
 [ 0.          0.          0.          1.        ]]"
full_scene,90,101,12,61,30,0.6415931473122691,0.8372999589659418,0.002578513256756078,0.001951957978711244,"[[ 0.93593569 -0.2834601   0.20898508  0.03087133]
 [ 0.24153549  0.94852658  0.20483638  0.07381439]
 [-0.25629084 -0.14123636  0.95622555 -0.38797143]
 [ 0.          0.          0.          1.        ]]","[[ 0.46433421 -0.51779888 -0.71852491  0.02607141]
 [ 0.69401895  0.71673702 -0.06801279  0.07508186]
 [ 0.55021035 -0.46708925  0.69216776 -0.38497429]
 [ 0.          0.          0.          1.        ]]"
full_scene,90,102,12,32,30,0.9151364382437424,0.9169316782929832,0.0017525782252588518,0.0018294879441161055,"[[ 0.42189351  0.33350323 -0.84307856  0.02342697]
 [ 0.11748488  0.90193783  0.41557846  0.07410456]
 [ 0.89900121 -0.27437884  0.34134013 -0.37956596]
 [ 0.          0.          0.          1.        ]]","[[ 0.48762932 -0.19323686 -0.85139718  0.02470039]
 [ 0.21242317  0.97215186 -0.0989806   0.07321841]
 [ 0.84681406 -0.13259064  0.51509773 -0.38015145]
 [ 0.          0.          0.          1.        ]]"
full_scene,90,103,12,33,30,0.9169829708658186,0.9329349610176446,0.0020944991682468957,0.0018082308007355019,"[[ 0.89293789  0.12209678 -0.43330623  0.02702178]
 [ 0.34637629  0.42846663  0.83452969  0.07623368]
 [ 0.28755066 -0.89527019  0.34030266 -0.37626777]
 [ 0.          0.          0.          1.        ]]","[[ 0.85596774  0.50033683 -0.13031613  0.02557671]
 [ 0.02517951  0.21140873  0.97707336  0.0750186 ]
 [ 0.51641575 -0.83962456  0.16836081 -0.37639782]
 [ 0.          0.          0.          1.        ]]"
full_scene,90,104,12,34,30,0.5464710709889208,0.8722302010668855,0.0022432564455242762,0.0018279992963257461,"[[-0.78142578  0.58610023 -0.21415011  0.0202215 ]
 [ 0.44317923  0.27968434 -0.85168588  0.07188642]
 [-0.43927886 -0.76043619 -0.4783     -0.37660051]
 [ 0.          0.          0.          1.        ]]","[[-0.90148528 -0.32367909 -0.28732583  0.02359   ]
 [ 0.18744244  0.30639854 -0.93326591  0.07186094]
 [ 0.39011488 -0.89518254 -0.21554257 -0.37250995]
 [ 0.          0.          0.          1.        ]]"
full_scene,90,105,12,35,30,0.6232816988100123,0.8407365613459171,0.0031531655422081147,0.0019505928907017933,"[[-0.13663213 -0.96473921 -0.22496648  0.02018151]
 [ 0.73621083  0.05305877 -0.67466909  0.07295847]
 [ 0.66281617 -0.25780423  0.70300193 -0.36381874]
 [ 0.          0.          0.          1.        ]]","[[-0.16896023 -0.97756374 -0.12578382  0.02699441]
 [ 0.35759465  0.05812367 -0.93206636  0.07097674]
 [ 0.9184653  -0.20246177  0.33975098 -0.36733575]
 [ 0.          0.          0.          1.        ]]"
full_scene,90,106,12,29,30,0.4231124333196553,0.8385309807139926,0.0028814102025165656,0.001825720612161912,"[[-0.72013021 -0.4202658   0.55207711  0.02755794]
 [-0.35322431 -0.46279899 -0.81304962  0.05973756]
 [ 0.59719768 -0.78050865  0.18482744 -0.36894931]
 [ 0.          0.          0.          1.        ]]","[[-0.55683015  0.26392681  0.78758036  0.03688768]
 [-0.80204505 -0.41743078 -0.42717125  0.06766284]
 [ 0.21601834 -0.86953677  0.44411923 -0.36894745]
 [ 0.          0.          0.          1.        ]]"
full_scene,90,107,12,71,30,0.6068424292162495,0.8312474353713583,0.0028963043567991585,0.0021543816381651274,"[[ 1.          0.          0.          0.0415143 ]
 [ 0.          0.70710678  0.70710678  0.07525442]
 [ 0.         -0.70710678  0.70710678 -0.37085832]
 [ 0.          0.          0.          1.        ]]","[[ 0.98030917  0.18667427  0.06439451  0.0395893 ]
 [-0.09744202  0.17366318  0.97997253  0.07092496]
 [ 0.1717527  -0.96695078  0.18843353 -0.37521151]
 [ 0.          0.          0.          1.        ]]"
full_scene,90,108,12,89,30,0.580144645055396,0.878846942962659,0.0018686246556397705,0.0017737703945188016,"[[ 0.29686988  0.9283158   0.22382592  0.03619033]
 [-0.93786551  0.32754431 -0.11455568  0.06615145]
 [-0.17965676 -0.17591048  0.96787342 -0.38060638]
 [ 0.          0.          0.          1.        ]]","[[ 0.4562943   0.81972287  0.34619347  0.03722571]
 [-0.47449852 -0.10497835  0.87397408  0.07114564]
 [ 0.75275937 -0.56305768  0.34105627 -0.37818036]
 [ 0.          0.          0.          1.        ]]"
full_scene,90,109,12,22,30,0.566911161263849,0.8787187115305704,0.00202706326299092,0.0017915453900311557,"[[-0.59687591 -0.3126713  -0.73890176  0.03752461]
 [-0.21660639  0.94954123 -0.2268328   0.06959934]
 [ 0.77254179  0.02465981 -0.63448489 -0.38441323]
 [ 0.          0.          0.          1.        ]]","[[-0.47192547 -0.36167362 -0.80403889  0.03506337]
 [ 0.62764035  0.50264337 -0.59448905  0.06926243]
 [ 0.61915582 -0.78520178 -0.01020925 -0.38286972]
 [ 0.          0.          0.          1.        ]]"
full_scene,90,110,12,15,30,0.323758719737382,0.8877974969224456,0.0025643007358317365,0.0018247851586741613,"[[-0.2549841   0.9085249   0.33100698  0.04104215]
 [ 0.39525974  0.41034889 -0.82181721  0.07214456]
 [-0.88246974 -0.07871659 -0.46373576 -0.38708817]
 [ 0.          0.          0.          1.        ]]","[[-0.95621226 -0.2878512   0.05291319  0.0344694 ]
 [ 0.00133192 -0.18507023 -0.9827244   0.06909705]
 [ 0.29267105 -0.93962264  0.17734981 -0.38799904]
 [ 0.          0.          0.          1.        ]]"
full_scene,90,111,12,64,30,0.5911469019286008,0.8995947886746,0.0025573237979060037,0.001608821505320192,"[[ 0.3341571   0.17517835 -0.9260948   0.03967236]
 [-0.16266798  0.97855025  0.12640623  0.07092885]
 [ 0.92837393  0.10840643  0.35548542 -0.38963658]
 [ 0.          0.          0.          1.        ]]","[[ 0.11891529  0.19901051 -0.97275586  0.03446307]
 [ 0.6509308   0.72417466  0.22772825  0.07131301]
 [ 0.74976546 -0.66027713 -0.04342663 -0.39168749]
 [ 0.          0.          0.          1.        ]]"
full_scene,90,112,12,42,30,0.5908135002051703,0.9143926959376283,0.0028611226958776136,0.0015763601593770345,"[[-0.63407356 -0.62042927 -0.46153899  0.03267847]
 [-0.45525763  0.78197692 -0.42573769  0.07372349]
 [ 0.62505297 -0.05982987 -0.77828605 -0.39689967]
 [ 0.          0.          0.          1.        ]]","[[-0.21990633 -0.1729233  -0.96007226  0.03453006]
 [ 0.70695206  0.64991139 -0.2789874   0.07054139]
 [ 0.67220532 -0.74007616 -0.02067115 -0.39654789]
 [ 0.          0.          0.          1.        ]]"
full_scene,90,113,12,43,30,0.6769593762823143,0.9258565859663521,0.0024464537919439014,0.0013841345077421385,"[[ 0.53186536  0.77409131  0.34336844  0.03903723]
 [ 0.24045395 -0.52683564  0.81524604  0.06839015]
 [ 0.81197361 -0.35103684 -0.46633894 -0.40287085]
 [ 0.          0.          0.          1.        ]]","[[ 0.48985255  0.85851802 -0.15162879  0.03495524]
 [-0.03936924  0.19553138  0.9799069   0.07233102]
 [ 0.87091592 -0.47404039  0.12958075 -0.40112492]
 [ 0.          0.          0.          1.        ]]"
full_scene,90,114,12,41,30,0.7865716044316783,0.9059807139926138,0.00209500550195604,0.0016091124670631106,"[[ 0.94176341  0.29484573  0.16170244  0.03797554]
 [-0.32046014  0.93263466  0.16582488  0.06846769]
 [-0.10191654 -0.20798699  0.9728075  -0.40675095]
 [ 0.          0.          0.          1.        ]]","[[ 0.50645224  0.80017218 -0.3212952   0.03447208]
 [-0.24501866  0.49080417  0.83610832  0.07045377]
 [ 0.82672364 -0.34472561  0.44462599 -0.40563917]
 [ 0.          0.          0.          1.        ]]"
full_scene,90,115,12,22,30,0.7504103405826836,0.8863356585966352,0.0021216045021499935,0.0016245731705513938,"[[ 1.          0.          0.          0.03780641]
 [ 0.          1.          0.          0.06950119]
 [ 0.          0.          1.         -0.41192347]
 [ 0.          0.          0.          1.        ]]","[[ 0.3023176   0.95121322 -0.06162375  0.03426949]
 [-0.26119674  0.14484178  0.95435692  0.07112755]
 [ 0.9167226  -0.27242297  0.29224201 -0.41053544]
 [ 0.          0.          0.          1.        ]]"
full_scene,90,116,12,43,30,0.5943526877308166,0.9210350841198195,0.002509431186813372,0.0015499297419165003,"[[ 0.92004395  0.34963101  0.17685386  0.03610135]
 [ 0.37021887 -0.92352163 -0.10022867  0.07281589]
 [ 0.12828532  0.15768942 -0.97912049 -0.41944716]
 [ 0.          0.          0.          1.        ]]","[[ 0.56605453  0.77619352  0.27767949  0.03441599]
 [-0.13845233 -0.24254163  0.96021066  0.07136167]
 [ 0.81265812 -0.58197696 -0.02982598 -0.41585782]
 [ 0.          0.          0.          1.        ]]"
full_scene,90,117,12,17,24,0.6037648748461223,0.951195116947066,0.0026665031829929855,0.0019196443477133794,"[[ 0.99779048 -0.06232032  0.02302893  0.03433564]
 [-0.06156437 -0.99758377 -0.03219407  0.06933625]
 [ 0.02497963  0.03070517 -0.9992163  -0.42172033]
 [ 0.          0.          0.          1.        ]]","[[ 0.7537297   0.65712478  0.00886285  0.03490458]
 [ 0.09180756 -0.11863903  0.98868405  0.07126529]
 [ 0.65074027 -0.74438686 -0.14975078 -0.42026078]
 [ 0.          0.          0.          1.        ]]"
full_scene,90,118,12,45,30,0.8716659827656955,0.9384489125974559,0.001737842965474161,0.0015299406317815416,"[[-0.25607636  0.43520416 -0.86314671  0.03176527]
 [ 0.60443666  0.7689198   0.20837148  0.06967222]
 [ 0.75437472 -0.4683585  -0.45995553 -0.42587113]
 [ 0.          0.          0.          1.        ]]","[[ 0.14405604  0.3111151  -0.9393909   0.03211495]
 [ 0.47387158  0.81168422  0.34148859  0.06884774]
 [ 0.86873102 -0.49434414 -0.03050059 -0.42457393]
 [ 0.          0.          0.          1.        ]]"
full_scene,90,119,12,15,30,0.929524004924087,0.9451682396389003,0.0014789585987036202,0.0013744683094667409,"[[ 0.40617781  0.48502869 -0.7744461   0.03200268]
 [ 0.2726426   0.74457915  0.60931758  0.06794694]
 [ 0.87217292 -0.45863828  0.17019204 -0.42977185]
 [ 0.          0.          0.          1.        ]]","[[ 0.23972142  0.38422488 -0.89157438  0.03151762]
 [ 0.42975475  0.78147888  0.45232911  0.06803278]
 [ 0.87054264 -0.4915913   0.02221476 -0.42935009]
 [ 0.          0.          0.          1.        ]]"
full_scene,90,120,12,89,30,0.489869716864998,0.9057498974148543,0.0025757833522810506,0.0019807945764124557,"[[ 0.9358851  -0.32904818  0.12588241  0.03103694]
 [-0.29095716 -0.92336767 -0.2504717   0.06737892]
 [ 0.198653    0.19778634 -0.95990497 -0.4357234 ]
 [ 0.          0.          0.          1.        ]]","[[ 0.3153807   0.08601898  0.9450586   0.0346231 ]
 [-0.87130533 -0.36832225  0.32429268  0.06808473]
 [ 0.37598143 -0.92571024 -0.04121293 -0.43302784]
 [ 0.          0.          0.          1.        ]]"
full_scene,90,122,12,37,30,0.7958555601148953,0.9328323758719738,0.002572481996140041,0.0016360125572654198,"[[ 0.94017766 -0.0855605  -0.32976563  0.04574712]
 [ 0.33183055  0.44922341  0.82950999  0.0582839 ]
 [ 0.07716515 -0.88931307  0.4507414  -0.43199615]
 [ 0.          0.          0.          1.        ]]","[[ 0.51278842  0.85134973 -0.1106873   0.04693824]
 [ 0.02577634  0.11360303  0.99319179  0.05994416]
 [ 0.85812797 -0.51215036  0.03630964 -0.43078445]
 [ 0.          0.          0.          1.        ]]"
full_scene,90,123,12,29,30,0.7645927369716865,0.9550933524825606,0.0023922872312282196,0.001401425718445348,"[[ 0.7614703  -0.64796406  0.01747997  0.05096277]
 [ 0.61604484  0.73182127  0.29142131  0.05964317]
 [-0.20162275 -0.21114023  0.95643508 -0.42867693]
 [ 0.          0.          0.          1.        ]]","[[ 0.31346762  0.6057382  -0.73131339  0.04548462]
 [ 0.27517651  0.67914059  0.68047479  0.05977007]
 [ 0.90885419 -0.41454709  0.04620366 -0.42632515]
 [ 0.          0.          0.          1.        ]]"
full_scene,90,124,12,26,12,0.7582324579400903,0.9710196963479688,0.0026998872600510265,0.0014771699996307631,"[[ 0.48914171  0.20903431 -0.84678512  0.04671043]
 [ 0.52059036  0.70898676  0.47573464  0.06519707]
 [ 0.69980431 -0.67352983  0.23797375 -0.41741147]
 [ 0.          0.          0.          1.        ]]","[[ 0.41292877  0.53465078 -0.73731837  0.0453861 ]
 [ 0.42522894  0.6027292   0.67520209  0.06093634]
 [ 0.80540063 -0.59233948  0.02153524 -0.42217381]
 [ 0.          0.          0.          1.        ]]"
full_scene,90,125,12,19,30,0.2847763643824374,0.3872332786212556,0.0030714416355712756,0.0027433560421529874,"[[ 0.50483188  0.41477423  0.75703838  0.04047569]
 [ 0.74540385 -0.65174918 -0.13998612  0.04328109]
 [ 0.43533651  0.63496878 -0.63819807 -0.41329344]
 [ 0.          0.          0.          1.        ]]","[[ 0.50439494 -0.0210662   0.86321605  0.03504752]
 [ 0.8612231  -0.05984803 -0.50469097  0.05116308]
 [ 0.0622937   0.99798518 -0.01204435 -0.41050287]
 [ 0.          0.          0.          1.        ]]"
full_scene,90,126,12,43,30,0.7738766926549036,0.8870024620434961,0.0026090554499627852,0.001442411837758855,"[[ 0.90851803  0.3974318   0.12900759  0.05204131]
 [-0.36008167  0.58804025  0.72425814  0.06143326]
 [ 0.21198156 -0.70445484  0.67735308 -0.41058761]
 [ 0.          0.          0.          1.        ]]","[[ 0.32803     0.94010068  0.09277411  0.04565465]
 [-0.3131837   0.01557133  0.9495649   0.06298446]
 [ 0.89124199 -0.34054112  0.29953208 -0.41314503]
 [ 0.          0.          0.          1.        ]]"
full_scene,90,127,12,14,30,0.38990049240869923,0.8879770209273697,0.0028725986049617036,0.0015621679626679115,"[[-0.66363254 -0.01061604 -0.74798339  0.04976863]
 [-0.55851431  0.67221729  0.48598938  0.06639983]
 [ 0.49764809  0.74027779 -0.45203448 -0.41107007]
 [ 0.          0.          0.          1.        ]]","[[-0.20998079  0.27431236 -0.93843529  0.043624  ]
 [ 0.67939894  0.73116982  0.06170717  0.06257017]
 [ 0.7030826  -0.62461463 -0.33989914 -0.40971595]
 [ 0.          0.          0.          1.        ]]"
full_scene,90,128,12,19,30,0.8868742306114075,0.9534776364382438,0.0027548910349166236,0.001597136544037369,"[[ 0.50454752  0.651998   -0.56597739  0.04677686]
 [ 0.49632659  0.31735863  0.80804914  0.06180045]
 [ 0.70646423 -0.68860882 -0.16348143 -0.40789426]
 [ 0.          0.          0.          1.        ]]","[[ 0.3369428   0.54471515 -0.76795504  0.04488448]
 [ 0.50063801  0.58713106  0.63611218  0.06426085]
 [ 0.7973902  -0.5988009  -0.07487553 -0.40468048]
 [ 0.          0.          0.          1.        ]]"
full_scene,90,129,12,19,22,0.6089967172753386,0.8968506360279032,0.0030526086992265947,0.0016848999460774862,"[[ 0.34425381  0.86987574 -0.35327823  0.05403293]
 [ 0.1769879   0.30940536  0.93431451  0.06759706]
 [ 0.92204371 -0.3841673  -0.04744351 -0.39865295]
 [ 0.          0.          0.          1.        ]]","[[ 0.29915128  0.92246599 -0.24405944  0.04456562]
 [-0.12667547  0.29190128  0.94802266  0.06456764]
 [ 0.94575993 -0.25268585  0.20417646 -0.40042906]
 [ 0.          0.          0.          1.        ]]"
full_scene,90,131,12,27,30,0.519619409109561,0.8313243742306115,0.0021505787259575165,0.00177386283979657,"[[ 1.          0.          0.          0.04931892]
 [ 0.          1.          0.          0.06208812]
 [ 0.          0.          1.         -0.39280374]
 [ 0.          0.          0.          1.        ]]","[[ 0.27625543  0.94564821  0.17155872  0.04500642]
 [-0.52137639 -0.00249773  0.85332316  0.06460711]
 [ 0.80737203 -0.32518182  0.49234864 -0.39083289]
 [ 0.          0.          0.          1.        ]]"
full_scene,90,132,12,52,30,0.6121768567911366,0.8938243742306115,0.0025795978945212317,0.001794493610724147,"[[ 0.1698499   0.17006167 -0.97068535  0.04689526]
 [ 0.88660808  0.40362923  0.22585295  0.07120857]
 [ 0.43020591 -0.89897857 -0.08222166 -0.38570562]
 [ 0.          0.          0.          1.        ]]","[[-0.21325876 -0.21322938 -0.9534432   0.0439914 ]
 [ 0.78448298  0.54429923 -0.2971949   0.06399453]
 [ 0.58232908 -0.81133938  0.05119824 -0.38795487]
 [ 0.          0.          0.          1.        ]]"
full_scene,90,133,12,85,30,0.3984407057858022,0.867024004924087,0.002857069333789596,0.0017169962844939264,"[[-0.89442719 -0.2981424  -0.33333333  0.04072325]
 [ 0.          0.74535599 -0.66666667  0.07082844]
 [ 0.4472136  -0.59628479 -0.66666667 -0.38821855]
 [ 0.          0.          0.          1.        ]]","[[-0.53387532 -0.27902761 -0.79819843  0.04403194]
 [ 0.68486096  0.41095913 -0.60172922  0.06373063]
 [ 0.495926   -0.86790332 -0.02830582 -0.38334386]
 [ 0.          0.          0.          1.        ]]"
full_scene,90,135,12,44,30,0.8043444809191629,0.8963120640131309,0.0019736928399704317,0.0019233098972510018,"[[-0.90731375  0.0901714  -0.41067126  0.04166994]
 [ 0.41277511  0.37685144 -0.82921632  0.06277382]
 [ 0.07999046 -0.92187424 -0.379143   -0.37633431]
 [ 0.          0.          0.          1.        ]]","[[-0.77808494 -0.29009966 -0.55715888  0.04356435]
 [ 0.50272466  0.24422647 -0.82922937  0.06274881]
 [ 0.3766321  -0.92530839 -0.04418869 -0.37521537]
 [ 0.          0.          0.          1.        ]]"
full_scene,90,139,12,27,30,0.445193885925318,0.9324476815757078,0.002282557232923185,0.0016189739759021016,"[[ 1.          0.          0.          0.05513227]
 [ 0.          1.          0.          0.0606216 ]
 [ 0.          0.          1.         -0.39467832]
 [ 0.          0.          0.          1.        ]]","[[ 0.30563629  0.49813261 -0.81144954  0.05235499]
 [ 0.46916807  0.66279781  0.58359265  0.05762736]
 [ 0.82853351 -0.55907331 -0.03113286 -0.39443295]
 [ 0.          0.          0.          1.        ]]"
full_scene,90,140,12,11,30,0.8208093967993435,0.9129565038982356,0.0022233328861341133,0.0016718122631855347,"[[-0.25805525  0.22081175 -0.94055816  0.05346968]
 [ 0.73211224  0.67993455 -0.0412392   0.0575703 ]
 [ 0.63041189 -0.69923614 -0.33711967 -0.40049627]
 [ 0.          0.          0.          1.        ]]","[[ 0.25136944  0.06850938 -0.96546355  0.05325342]
 [ 0.77488974  0.58345715  0.24315355  0.05719229]
 [ 0.57996491 -0.80924917  0.09357608 -0.39794176]
 [ 0.          0.          0.          1.        ]]"
full_scene,90,142,12,20,30,0.4562217890849405,0.9449374230611407,0.003021454900606207,0.0016257670655967188,"[[-0.70104996 -0.65092478 -0.29124885  0.04783582]
 [ 0.36078275  0.02854284 -0.93221302  0.04762396]
 [ 0.61511362 -0.75860546  0.21483248 -0.3995024 ]
 [ 0.          0.          0.          1.        ]]","[[-0.49824742 -0.25794366 -0.82777689  0.05265063]
 [ 0.76518666  0.31814177 -0.55970991  0.05514414]
 [ 0.40772403 -0.91227785  0.03886173 -0.406516  ]
 [ 0.          0.          0.          1.        ]]"
full_scene,90,143,12,17,30,0.658314526056627,0.8960812474353713,0.0022962596500909335,0.0017804662110239076,"[[ 0.97242148 -0.19617261 -0.12614584  0.05853479]
 [ 0.11270272 -0.07828784  0.99053981  0.05673655]
 [-0.20419247 -0.97743916 -0.05401959 -0.4100099 ]
 [ 0.          0.          0.          1.        ]]","[[ 7.27331774e-01  5.79168409e-01  3.68174476e-01  5.77789109e-02]
 [-2.88075821e-01 -2.29270090e-01  9.29756714e-01  5.58034393e-02]
 [ 6.22897112e-01 -7.82303764e-01  8.89939166e-05 -4.10489978e-01]
 [ 0.00000000e+00  0.00000000e+00  0.00000000e+00  1.00000000e+00]]"
full_scene,90,144,12,66,30,0.6784212146081248,0.9167778005744768,0.002445808709570369,0.0018373681054450908,"[[ 0.96605926  0.03322423 -0.25617506  0.05333147]
 [ 0.25387359 -0.30533     0.91778091  0.05556172]
 [-0.04772537 -0.95166682 -0.30340163 -0.41347736]
 [ 0.          0.          0.          1.        ]]","[[ 0.76119953  0.51467142  0.39457394  0.05818308]
 [-0.28647216 -0.27899549  0.91656708  0.05531954]
 [ 0.58181524 -0.81072489 -0.0649322  -0.41462784]
 [ 0.          0.          0.          1.        ]]"
full_scene,90,145,12,28,30,0.2655672958555601,0.8666136643414034,0.003474079859463531,0.0017508914308427045,"[[ 0.61395737 -0.77778155 -0.13458158  0.06377224]
 [-0.72769445 -0.49166705 -0.47825129  0.05027791]
 [ 0.30580571  0.39156017 -0.86784993 -0.42632674]
 [ 0.          0.          0.          1.        ]]","[[-0.15629295 -0.88423989 -0.44010491  0.05666398]
 [ 0.32823871  0.37375793 -0.86750467  0.0503079 ]
 [ 0.93157494 -0.28004433  0.23182603 -0.4185856 ]
 [ 0.          0.          0.          1.        ]]"
full_scene,90,146,12,18,30,0.3173984407057858,0.542136848584325,0.0030691969584176466,0.0027739110537163434,"[[ 0.15521086  0.92565863 -0.34505898  0.07075685]
 [ 0.68689907 -0.35215883 -0.63573094  0.04329745]
 [-0.7099854  -0.13834834 -0.69049292 -0.41906915]
 [ 0.          0.          0.          1.        ]]","[[ 0.85758917  0.29391173 -0.42208614  0.05329445]
 [-0.24218002 -0.49322842 -0.83550856  0.04866533]
 [-0.45375065  0.81874393 -0.35180781 -0.41128914]
 [ 0.          0.          0.          1.        ]]"
full_scene,90,147,12,65,30,0.3548420188756668,0.8269645055395979,0.0028517583627124437,0.0018577687369298683,"[[ 0.87238466 -0.34444187  0.34684982  0.0684214 ]
 [-0.19277045  0.409641    0.89164668  0.04727421]
 [-0.44920436 -0.84472129  0.29096631 -0.42798152]
 [ 0.          0.          0.          1.        ]]","[[ 0.85652061  0.31688954  0.40737386  0.06035026]
 [-0.37720788 -0.15436498  0.91317341  0.05044492]
 [ 0.35225936 -0.93581647 -0.01268355 -0.42689578]
 [ 0.          0.          0.          1.        ]]"
full_scene,90,148,12,50,30,0.6179985638079606,0.9736099712761592,0.0028066066414306227,0.0013458080615964983,"[[ 1.          0.          0.          0.06299482]
 [ 0.          1.          0.          0.0452632 ]
 [ 0.          0.          1.         -0.43244896]
 [ 0.          0.          0.          1.        ]]","[[ 0.48911262  0.71448583 -0.50027876  0.05592624]
 [ 0.30290412  0.39873018  0.86559999  0.04796521]
 [ 0.81793517 -0.57491237 -0.02139674 -0.43011608]
 [ 0.          0.          0.          1.        ]]"
full_scene,90,149,12,12,16,0.5519593762823143,0.9617613869511694,0.003051957433559858,0.0014125248398206092,"[[ 0.73562803  0.64619282 -0.20319016  0.05483339]
 [ 0.11801466  0.17311488  0.97780559  0.05362017]
 [ 0.66702619 -0.74328062  0.05108793 -0.43001532]
 [ 0.          0.          0.          1.        ]]","[[ 0.4107656   0.81203659 -0.41456989  0.05581472]
 [ 0.13951013  0.39336681  0.9087351   0.04595506]
 [ 0.90100419 -0.43111382  0.04829423 -0.43426   ]
 [ 0.          0.          0.          1.        ]]"
full_scene,90,150,12,14,30,0.40144132129667626,0.37343557652851866,0.0029025140981656862,0.0028673209086101476,"[[-0.34477892 -0.93839764  0.02318121  0.04379815]
 [-0.15872317  0.08262112  0.9838601   0.03786252]
 [-0.92516726  0.33553483 -0.17743147 -0.42776056]
 [ 0.          0.          0.          1.        ]]","[[-0.3042748  -0.90451856 -0.29876917  0.03782461]
 [-0.44220885 -0.14367451  0.88532986  0.04111319]
 [-0.84372281  0.40150194 -0.35626958 -0.42702175]
 [ 0.          0.          0.          1.        ]]"
full_scene,90,151,12,29,30,0.9593762823143209,0.9843044727123512,0.0014842233392363298,0.0014809314223694764,"[[ 0.54837199  0.62877599 -0.55129749  0.06310669]
 [ 0.40542669  0.37669136  0.83290625  0.02638775]
 [ 0.73138045 -0.68025317 -0.04835558 -0.44061314]
 [ 0.          0.          0.          1.        ]]","[[ 0.53261253  0.63867312 -0.55535623  0.0639994 ]
 [ 0.51696223  0.27404942  0.81095436  0.0272633 ]
 [ 0.6701298  -0.71902265 -0.18420772 -0.44138607]
 [ 0.          0.          0.          1.        ]]"
full_scene,90,152,12,8,30,0.5210043085761181,0.948861304883053,0.0024017783410392422,0.0017710559799461298,"[[ 0.91420038  0.25337369  0.31629012  0.07104853]
 [-0.38325754  0.7942072   0.47153853  0.0246012 ]
 [-0.13172443 -0.55230127  0.8231719  -0.43947207]
 [ 0.          0.          0.          1.        ]]","[[ 0.87561808  0.41825677 -0.24156626  0.06435059]
 [-0.09485528  0.63930148  0.76308328  0.03066545]
 [ 0.47359842 -0.64525568  0.5994578  -0.43753758]
 [ 0.          0.          0.          1.        ]]"
full_scene,90,153,12,17,30,0.602482560525236,0.9478354534263439,0.0025981185273287266,0.0016323711837788878,"[[ 0.8923624  -0.4177738   0.1707466   0.06529982]
 [-0.44250652 -0.73550451  0.51305077  0.03770793]
 [-0.08875427 -0.5333837  -0.8412042  -0.43602038]
 [ 0.          0.          0.          1.        ]]","[[-0.08522171  0.20832165  0.97434047  0.06537198]
 [-0.42810585 -0.8906847   0.15299066  0.03467244]
 [ 0.89970142 -0.40408272  0.16508939 -0.43375986]
 [ 0.          0.          0.          1.        ]]"
full_scene,90,154,12,9,30,0.7490254411161263,0.98048317603611,0.00251224283179746,0.0013511288237402078,"[[ 0.8837012   0.46249267  0.07192167  0.06754842]
 [-0.0682758  -0.02464157  0.99736213  0.04230204]
 [ 0.46304493 -0.88628061  0.00980127 -0.42892151]
 [ 0.          0.          0.          1.        ]]","[[ 0.58986505  0.73505218 -0.33430152  0.0619788 ]
 [ 0.22455837  0.2483464   0.94228319  0.03776216]
 [ 0.77564989 -0.63089013 -0.01857126 -0.43008336]
 [ 0.          0.          0.          1.        ]]"
full_scene,90,155,12,58,28,0.8377872384078785,0.975687320475995,0.0021585771510678874,0.0013696659376477966,"[[ 0.96417499  0.26254922  0.03787478  0.06080851]
 [ 0.00563445 -0.16301748  0.98660709  0.0396595 ]
 [ 0.26520717 -0.95104848 -0.1586567  -0.42808578]
 [ 0.          0.          0.          1.        ]]","[[ 0.49834978  0.81771041 -0.28809231  0.06115173]
 [ 0.16774518  0.23507332  0.95739338  0.03930481]
 [ 0.85059336 -0.52544287 -0.02001825 -0.42732193]
 [ 0.          0.          0.          1.        ]]"
full_scene,90,156,12,25,30,0.5883001641362331,0.9567347148132951,0.002403692571786945,0.0017267975812432662,"[[-0.53882669 -0.84241552 -0.00137414  0.06136223]
 [ 0.84222016 -0.53873552  0.02071829  0.04550209]
 [-0.01819371  0.01000623  0.99978441 -0.42457477]
 [ 0.          0.          0.          1.        ]]","[[-0.85348321 -0.37371572 -0.36318449  0.05953665]
 [ 0.46374175 -0.22675672 -0.85646073  0.03932338]
 [ 0.23771831 -0.89939866  0.36684063 -0.4232004 ]
 [ 0.          0.          0.          1.        ]]"
full_scene,90,157,12,36,19,0.7739023389413213,0.95758104226508,0.002223899959104567,0.0015468898641622449,"[[ 0.40189658 -0.42520858 -0.81097275  0.06205001]
 [ 0.91088062  0.09504074  0.40157659  0.04513184]
 [-0.09367836 -0.90009162  0.4255108  -0.41877443]
 [ 0.          0.          0.          1.        ]]","[[ 0.1330995   0.00611472 -0.99108382  0.06040609]
 [ 0.90599933  0.40465683  0.12416954  0.0434859 ]
 [ 0.40180809 -0.91444817  0.04831969 -0.42003994]
 [ 0.          0.          0.          1.        ]]"
full_scene,90,158,12,49,30,0.5152595404185474,0.9279082888797702,0.001957163251663754,0.0015921437586964896,"[[ 0.73256104 -0.66985679 -0.12102152  0.0640399 ]
 [ 0.6800068   0.72818414  0.08566574  0.04396635]
 [ 0.03074218 -0.14505084  0.9889465  -0.41617845]
 [ 0.          0.          0.          1.        ]]","[[ 0.24209768 -0.03407426 -0.96965337  0.06026912]
 [ 0.86302261  0.46424885  0.19916069  0.0452264 ]
 [ 0.44337421 -0.88504912  0.14180043 -0.41594124]
 [ 0.          0.          0.          1.        ]]"
full_scene,90,159,12,39,30,0.7239946655724251,0.9172650800164136,0.0024243950853799216,0.0016045213518744018,"[[ 0.09792922  0.14646251 -0.98435695  0.05677214]
 [ 0.98648322 -0.14486326  0.07658654  0.04995717]
 [-0.1313801  -0.97855167 -0.15866916 -0.41408643]
 [ 0.          0.          0.          1.        ]]","[[-0.04618741 -0.27395893 -0.96063168  0.05930951]
 [ 0.8570017   0.48322096 -0.17901282  0.04501598]
 [ 0.51323952 -0.83153112  0.21246455 -0.41227454]
 [ 0.          0.          0.          1.        ]]"
full_scene,90,162,12,19,30,0.27751846532622076,0.9111869101354124,0.0028468808687973726,0.0017473705753322075,"[[ 1.          0.          0.          0.04250366]
 [ 0.          1.          0.          0.04841569]
 [ 0.          0.          1.         -0.40778736]
 [ 0.          0.          0.          1.        ]]","[[ 0.33825862  0.86975973 -0.35930364  0.05812696]
 [ 0.15118479  0.32662474  0.93298416  0.04934268]
 [ 0.92882951 -0.36991118 -0.02101081 -0.40202358]
 [ 0.          0.          0.          1.        ]]"
full_scene,90,163,12,27,30,0.2900594993844891,0.8237074271645466,0.002955946722225605,0.0017907897935995666,"[[ 0.         -0.70710678  0.70710678  0.06370307]
 [-1.          0.          0.          0.0591822 ]
 [ 0.         -0.70710678 -0.70710678 -0.39875008]
 [ 0.          0.          0.          1.        ]]","[[-0.19527137  0.59777082  0.77752115  0.05969287]
 [-0.71052048 -0.63269784  0.3079839   0.04937991]
 [ 0.67603974 -0.49230426  0.54827619 -0.39739634]
 [ 0.          0.          0.          1.        ]]"
full_scene,90,164,12,14,30,0.48612535904800985,0.9186499794829709,0.00251427640675864,0.0017220792377343112,"[[ 1.          0.          0.          0.05557741]
 [ 0.          1.          0.          0.05133198]
 [ 0.          0.          1.         -0.39438928]
 [ 0.          0.          0.          1.        ]]","[[ 0.31360029  0.90568853 -0.28527731  0.05797999]
 [ 0.07073607  0.27731575  0.95817137  0.05115516]
 [ 0.94691672 -0.32066222  0.02290145 -0.39429278]
 [ 0.          0.          0.          1.        ]]"
full_scene,90,165,12,55,30,0.4393208863356586,0.8795393926959376,0.002438124828092161,0.0018975685628016736,"[[ 1.          0.          0.          0.06035813]
 [ 0.          1.          0.          0.05463088]
 [ 0.          0.          1.         -0.38948519]
 [ 0.          0.          0.          1.        ]]","[[ 0.44737064  0.43523057 -0.78130267  0.05814855]
 [ 0.63321638  0.46278623  0.62037563  0.0514429 ]
 [ 0.63158255 -0.77227149 -0.06855816 -0.39091124]
 [ 0.          0.          0.          1.        ]]"
full_scene,90,167,12,12,30,0.576477226097661,0.89338838736151,0.0022829953512869083,0.001758020438692278,"[[-0.40279105  0.0300275  -0.91479928  0.05538686]
 [ 0.9133147   0.07884528 -0.39954935  0.04750185]
 [ 0.06013014 -0.99643453 -0.05918273 -0.40700013]
 [ 0.          0.          0.          1.        ]]","[[-0.22598107 -0.10602623 -0.96834446  0.0613731 ]
 [ 0.88385462  0.39561419 -0.2495805   0.04205178]
 [ 0.40955289 -0.91227619  0.00431046 -0.4048533 ]
 [ 0.          0.          0.          1.        ]]"
full_scene,90,168,12,34,30,0.352944193680755,0.8994665572425112,0.0023865083890974607,0.001543064467232755,"[[-0.01256611  0.98792049 -0.15445129  0.06496676]
 [ 0.83897052 -0.07362278 -0.53917358  0.04184274]
 [-0.54403176 -0.13635539 -0.82791101 -0.41278403]
 [ 0.          0.          0.          1.        ]]","[[ 0.1044624  -0.02170868 -0.99429188  0.06236094]
 [ 0.84199468  0.53399089  0.07680295  0.04062923]
 [ 0.52927552 -0.84521149  0.07406056 -0.40835023]
 [ 0.          0.          0.          1.        ]]"
full_scene,90,169,12,70,30,0.49687115305703733,0.8940295445219533,0.002674402375935205,0.0016701676720931112,"[[-0.84026051  0.54143807 -0.02840946  0.06658781]
 [-0.40977172 -0.66849251 -0.62064877  0.03907244]
 [-0.35503439 -0.50986525  0.78357387 -0.41373968]
 [ 0.          0.          0.          1.        ]]","[[-0.66255474 -0.23278942  0.71192015  0.06454477]
 [-0.31377204 -0.77679584 -0.5460177   0.03911619]
 [ 0.68012376 -0.58514725  0.44162695 -0.41145594]
 [ 0.          0.          0.          1.        ]]"
full_scene,90,171,12,10,28,0.5867613869511694,0.9291649569142388,0.0023372437855086288,0.0016050467370586463,"[[ 0.57043363 -0.17662168 -0.80212858  0.06849647]
 [ 0.81442281  0.24814556  0.52453719  0.04355661]
 [ 0.10640001 -0.95248546  0.2853953  -0.41858967]
 [ 0.          0.          0.          1.        ]]","[[-0.1222962  -0.17715699 -0.97655468  0.06239578]
 [ 0.88498208  0.42594097 -0.1880984   0.03709499]
 [ 0.4492776  -0.88723711  0.1046898  -0.41760495]
 [ 0.          0.          0.          1.        ]]"
full_scene,90,172,12,24,30,0.5745794009027493,0.9125974558883874,0.002601796469979051,0.0016377701683363698,"[[ 0.64920506 -0.48136597 -0.58891391  0.07317988]
 [ 0.75778585  0.47603183  0.44626707  0.03464121]
 [ 0.06552399 -0.73598947  0.67381459 -0.42210957]
 [ 0.          0.          0.          1.        ]]","[[ 0.53912912  0.31359596 -0.7816632   0.06335787]
 [ 0.65550858  0.4264972   0.62322438  0.0368687 ]
 [ 0.52881782 -0.84838535  0.02437222 -0.42100472]
 [ 0.          0.          0.          1.        ]]"
full_scene,90,174,12,34,30,0.6321040213377103,0.9165469839967173,0.0024444004224770783,0.0015631597731155362,"[[ 0.29731859 -0.89449981 -0.33387385  0.06959692]
 [ 0.94032099  0.21370702  0.26481267  0.03512863]
 [-0.1655237  -0.39268232  0.90465601 -0.42799846]
 [ 0.          0.          0.          1.        ]]","[[-0.05522948 -0.27242087 -0.96059178  0.06399119]
 [ 0.89795809  0.40712741 -0.16708842  0.03206121]
 [ 0.43660162 -0.87179937  0.22213708 -0.42674875]
 [ 0.          0.          0.          1.        ]]"
full_scene,90,175,12,10,24,0.9409109560935577,0.9763541239228559,0.0017451314542342412,0.001366334007277697,"[[ 0.78900189  0.28727296 -0.54309323  0.06466386]
 [ 0.41260206  0.40721293  0.8148234   0.03100829]
 [ 0.45523132 -0.86697859  0.20276235 -0.42946825]
 [ 0.          0.          0.          1.        ]]","[[ 0.70724254  0.64935448 -0.2795474   0.06547431]
 [ 0.18902665  0.20733144  0.95983467  0.03076987]
 [ 0.68123191 -0.73167782  0.02388831 -0.43035592]
 [ 0.          0.          0.          1.        ]]"
full_scene,90,177,12,46,30,0.4495024620434961,0.4294983586376693,0.0029461666629030446,0.002913282703799316,"[[-0.43502266 -0.88472137 -0.16740183  0.04885427]
 [-0.43611304  0.04437415  0.89879717  0.02449516]
 [-0.78775675  0.46400326 -0.40514229 -0.42279708]
 [ 0.          0.          0.          1.        ]]","[[-0.38254712 -0.8895893  -0.2495768   0.04578302]
 [-0.35678569 -0.10693839  0.92804534  0.0257069 ]
 [-0.85226855  0.4440665  -0.27648376 -0.42374985]
 [ 0.          0.          0.          1.        ]]"
full_scene,90,178,12,35,30,0.4520670906852688,0.9566321296676241,0.0031031143577213926,0.0014515340883969852,"[[ 1.          0.          0.          0.06573419]
 [ 0.          1.          0.          0.02120462]
 [ 0.          0.          1.         -0.44288644]
 [ 0.          0.          0.          1.        ]]","[[ 0.59384575  0.79515819 -0.12276268  0.06561506]
 [-0.00965456  0.15961147  0.9871327   0.02060392]
 [ 0.80452099 -0.58501934  0.1024615  -0.43884461]
 [ 0.          0.          0.          1.        ]]"
full_scene,90,180,12,50,30,0.4354739433729996,0.9689936397209684,0.00243116627944737,0.00143737447484215,"[[ 1.          0.          0.          0.07314997]
 [ 0.          0.89442719  0.4472136   0.00408585]
 [ 0.         -0.4472136   0.89442719 -0.44538897]
 [ 0.          0.          0.          1.        ]]","[[ 0.65842172  0.75172293  0.03732935  0.06682279]
 [ 0.00528651 -0.05421503  0.99851529  0.01113397]
 [ 0.75263065 -0.65724681 -0.03967035 -0.44486506]
 [ 0.          0.          0.          1.        ]]"
full_scene,90,181,12,111,30,0.4151877308165778,0.9370640131308986,0.002289787956173064,0.0013473549988480705,"[[ 0.06466088  0.15367885  0.98600293  0.0658767 ]
 [-0.76214954  0.64541944 -0.05061451 -0.00903048]
 [-0.64416384 -0.7482089   0.15885965 -0.45400411]
 [ 0.          0.          0.          1.        ]]","[[ 7.17652222e-01  6.67893434e-01  1.97214730e-01  6.44033640e-02]
 [-2.65735723e-01  8.71178988e-04  9.64045521e-01 -3.00450038e-03]
 [ 6.43707864e-01 -7.44256409e-01  1.78108348e-01 -4.49542520e-01]
 [ 0.00000000e+00  0.00000000e+00  0.00000000e+00  1.00000000e+00]]"
full_scene,90,183,12,31,12,0.3627154288059089,0.952990356996307,0.0029499860894497093,0.0015758416777087942,"[[ 0.95985803  0.03519287  0.2782697   0.056206  ]
 [-0.26461115 -0.21541457  0.93998803  0.01488855]
 [ 0.09302423 -0.97588833 -0.19745498 -0.4468551 ]
 [ 0.          0.          0.          1.        ]]","[[ 0.7317916   0.66626246  0.14344127  0.06591647]
 [-0.00929128 -0.20069735  0.97960923  0.00964333]
 [ 0.68146514 -0.71820256 -0.14067821 -0.44466552]
 [ 0.          0.          0.          1.        ]]"
full_scene,90,184,12,12,30,0.5330837094788674,0.8781032006565449,0.0026975324592492652,0.0015365335985727635,"[[-0.59915015 -0.78973541 -0.13167034  0.05960941]
 [ 0.23486156 -0.01614163 -0.9718948   0.0112079 ]
 [ 0.76541436 -0.61323521  0.19514975 -0.43579966]
 [ 0.          0.          0.          1.        ]]","[[-0.58592032 -0.72660038  0.35881648  0.06746394]
 [ 0.16779083 -0.5419634  -0.82348158  0.0103138 ]
 [ 0.79280743 -0.42228847  0.43946425 -0.44155833]
 [ 0.          0.          0.          1.        ]]"
full_scene,90,185,12,48,30,0.812679524004924,0.8761540828887977,0.0017530304227108683,0.0016083328674580618,"[[-0.0751418  -0.95167678 -0.29776672  0.06834415]
 [ 0.75602406  0.14034139 -0.63932144  0.01428762]
 [ 0.65021637 -0.27315857  0.70894504 -0.43986465]
 [ 0.          0.          0.          1.        ]]","[[-0.35804469 -0.93369939  0.00307198  0.06723317]
 [ 0.25472973 -0.10084517 -0.96173958  0.01377229]
 [ 0.89828546 -0.34356323  0.27394808 -0.43972262]
 [ 0.          0.          0.          1.        ]]"
full_scene,90,186,12,39,30,0.27195322117357407,0.9450400082068117,0.0027296778576150625,0.001570964632409373,"[[-0.71748117 -0.40701968 -0.56529263  0.06451456]
 [ 0.46510129 -0.88405036  0.04621408  0.00366491]
 [-0.51855719 -0.2297606   0.82359487 -0.43993462]
 [ 0.          0.          0.          1.        ]]","[[-0.60553084 -0.33314741  0.72273453  0.06650436]
 [-0.16176511 -0.83767573 -0.52166217  0.01743795]
 [ 0.77920758 -0.43279576  0.45334686 -0.43664706]
 [ 0.          0.          0.          1.        ]]"
full_scene,90,187,12,39,30,0.3937474353713582,0.932242511284366,0.0026381279366355375,0.001644314005546806,"[[ 0.51970233 -0.08992027 -0.84960216  0.07283632]
 [ 0.85432257  0.06228006  0.5159982   0.0315778 ]
 [ 0.00651458 -0.99399977  0.10918801 -0.43822415]
 [ 0.          0.          0.          1.        ]]","[[-0.08228419 -0.28853522 -0.95392701  0.06389777]
 [ 0.91580067  0.35566713 -0.18657446  0.02035828]
 [ 0.39311379 -0.88895912  0.23497496 -0.4345527 ]
 [ 0.          0.          0.          1.        ]]"
full_scene,90,188,12,26,19,0.868716659827657,0.9207786212556421,0.0018771709463859735,0.0016962170467202085,"[[ 0.85397786  0.1353614  -0.50239338  0.06588336]
 [ 0.45837848  0.26115062  0.84952311  0.02610564]
 [ 0.24619298 -0.95576024  0.16097009 -0.43219797]
 [ 0.          0.          0.          1.        ]]","[[ 0.68350602  0.5360913  -0.49540452  0.06470434]
 [ 0.41568043  0.27202552  0.86787781  0.02458116]
 [ 0.60002442 -0.79912967 -0.03691158 -0.43240434]
 [ 0.          0.          0.          1.        ]]"
full_scene,90,189,12,31,24,0.47717480508822324,0.897620024620435,0.0025389704537553963,0.0015888703677514608,"[[-0.39735998  0.3926506  -0.82941579  0.06562672]
 [ 0.68643628 -0.47266535 -0.55262348  0.02197952]
 [-0.60902404 -0.78893154 -0.08171132 -0.4238225 ]
 [ 0.          0.          0.          1.        ]]","[[-0.01104121 -0.20588985 -0.97851288  0.06370701]
 [ 0.91558228  0.39130804 -0.09266663  0.02589259]
 [ 0.40197908 -0.89693221  0.18418859 -0.42928428]
 [ 0.          0.          0.          1.        ]]"
full_scene,90,190,12,95,30,0.7441013541239229,0.8995947886746,0.0018173437052525468,0.0016748136561471527,"[[-1.          0.          0.          0.06159558]
 [ 0.          0.         -1.          0.02407796]
 [ 0.         -1.          0.         -0.42857844]
 [ 0.          0.          0.          1.        ]]","[[-0.7357232  -0.48196845  0.47583377  0.06560522]
 [-0.04527793 -0.66599069 -0.74458466  0.02631082]
 [ 0.67576718 -0.56935298  0.46816227 -0.42639219]
 [ 0.          0.          0.          1.        ]]"
full_scene,90,192,12,11,30,0.7624640951990151,0.9098533032416906,0.0024215428052515395,0.0015830955806989575,"[[ 0.52937057  0.46012398 -0.71277817  0.06692566]
 [ 0.28588977  0.69426661  0.6605005   0.03204715]
 [ 0.79877021 -0.55342551  0.23597958 -0.42300672]
 [ 0.          0.          0.          1.        ]]","[[ 0.70062853  0.50485266 -0.5042256   0.06422254]
 [ 0.35219069  0.36989729  0.85973119  0.03189659]
 [ 0.62054926 -0.77993576  0.08135619 -0.42181233]
 [ 0.          0.          0.          1.        ]]"
full_scene,90,193,12,72,30,0.4312679524004924,0.8979277800574477,0.0025702586613825526,0.0017074017295212302,"[[ 0.90481288 -0.00551185  0.42577373  0.07036718]
 [-0.11078956  0.96243031  0.24789831  0.03280104]
 [-0.41114392 -0.27147287  0.87020869 -0.42138448]
 [ 0.          0.          0.          1.        ]]","[[ 0.49927746  0.40188588 -0.7676      0.06301865]
 [ 0.55851723  0.52801733  0.63973135  0.03313755]
 [ 0.6624051  -0.74812127  0.03916697 -0.41924591]
 [ 0.          0.          0.          1.        ]]"
full_scene,90,194,12,63,30,0.45383668444809194,0.886822938038572,0.0022175034028978,0.0017251925555870021,"[[ 0.05047513  0.92681204  0.37211786  0.06607   ]
 [-0.94841502  0.16124683 -0.27296228  0.0302111 ]
 [-0.31298755 -0.33914436  0.88714142 -0.41784178]
 [ 0.          0.          0.          1.        ]]","[[ 0.49437382  0.81067369  0.31369204  0.0638715 ]
 [-0.26468194 -0.20335002  0.94265171  0.0349727 ]
 [ 0.82797222 -0.54905095  0.11403976 -0.41655708]
 [ 0.          0.          0.          1.        ]]"
full_scene,90,196,12,25,30,0.5834017234304473,0.8783596635207221,0.0022999892472446984,0.0015240276696087908,"[[ 0.88701836 -0.26671977 -0.37690715  0.06854345]
 [ 0.45756337  0.61722408  0.64005484  0.02651042]
 [ 0.06192089 -0.74019929  0.66953029 -0.43065627]
 [ 0.          0.          0.          1.        ]]","[[ 0.4722509  -0.03060984 -0.88093253  0.06263049]
 [ 0.69213273  0.63173559  0.349088    0.02856343]
 [ 0.5458309  -0.77457936  0.31952377 -0.42744047]
 [ 0.          0.          0.          1.        ]]"
full_scene,90,197,12,21,30,0.7963171932704144,0.9207273286828067,0.0024559700284496875,0.0017436305679861775,"[[ 0.88004886  0.1149835  -0.46075243  0.06619648]
 [ 0.37695823  0.4209464   0.82504947  0.0323964 ]
 [ 0.28881915 -0.89976826  0.32710942 -0.42938874]
 [ 0.          0.          0.          1.        ]]","[[ 0.82736927  0.45714639 -0.32630854  0.06339915]
 [ 0.19727452  0.30743055  0.930897    0.02793821]
 [ 0.52587342 -0.83456793  0.16417526 -0.42933353]
 [ 0.          0.          0.          1.        ]]"
full_scene,90,198,12,30,30,0.3373512515387772,0.8732560525235946,0.0029540432899844947,0.0017339055565039256,"[[ 0.12759928 -0.99177363  0.01017303  0.05653716]
 [ 0.98749489  0.1279929   0.09204164  0.0254476 ]
 [-0.09258655 -0.00169863  0.99570319 -0.42562173]
 [ 0.          0.          0.          1.        ]]","[[-0.50391378 -0.56949558 -0.6494195   0.06156506]
 [ 0.72709558  0.12618375 -0.67484048  0.02477411]
 [ 0.46626486 -0.81225147  0.35049199 -0.43148757]
 [ 0.          0.          0.          1.        ]]"
full_scene,90,199,12,18,30,0.8699220352892901,0.9053908494050061,0.0019593467497572934,0.0016042819361930052,"[[ 0.72617638  0.26661072 -0.6337086   0.06372066]
 [ 0.58416775  0.24674658  0.77321676  0.026672  ]
 [ 0.36251331 -0.93168388  0.02343615 -0.43392316]
 [ 0.          0.          0.          1.        ]]","[[ 0.76652133  0.62885934 -0.13031111  0.0637015 ]
 [ 0.11208848  0.06879285  0.99131414  0.02447443]
 [ 0.63236163 -0.7744698  -0.0177567  -0.43340262]
 [ 0.          0.          0.          1.        ]]"
full_scene,90,200,12,33,30,0.7851610586787033,0.888413007796471,0.0020193771973073937,0.0015800256228224324,"[[-0.49120331 -0.75427266 -0.43565132  0.06088686]
 [ 0.86344169 -0.35570059 -0.35769475  0.02064903]
 [ 0.11483794 -0.55186036  0.82599177 -0.43572481]
 [ 0.          0.          0.          1.        ]]","[[-0.22744316 -0.53417883 -0.81420058  0.06263431]
 [ 0.77689094  0.40457371 -0.48245267  0.01894175]
 [ 0.58712015 -0.74227562  0.32298117 -0.43491095]
 [ 0.          0.          0.          1.        ]]"
full_scene,90,201,12,25,30,0.66967583093968,0.9163931062782109,0.0019452775088747306,0.001488576180377944,"[[ 0.44674035 -0.75111057 -0.4860617   0.0661693 ]
 [ 0.8919478   0.33162018  0.30733885  0.02151481]
 [-0.06965759 -0.57084233  0.81809954 -0.43840555]
 [ 0.          0.          0.          1.        ]]","[[ 0.65190814  0.1861033  -0.73510634  0.06355278]
 [ 0.60009991  0.46601637  0.65016063  0.01897092]
 [ 0.46356863 -0.86498226  0.19211929 -0.43736648]
 [ 0.          0.          0.          1.        ]]"
full_scene,90,202,12,20,30,0.5187987279441937,0.8944142388182191,0.002693137107390066,0.0016629213098783035,"[[ 0.82452818 -0.13628467  0.54916278  0.06781941]
 [-0.08526209 -0.98940316 -0.11752343  0.01252693]
 [ 0.55936004  0.05007861 -0.82741071 -0.44000073]
 [ 0.          0.          0.          1.        ]]","[[ 0.25157956  0.45078944  0.85644417  0.06523031]
 [-0.45913258 -0.72340705  0.51563505  0.017301  ]
 [ 0.85200059 -0.52294466  0.02497769 -0.43882872]
 [ 0.          0.          0.          1.        ]]"
full_scene,90,203,12,20,30,0.8222968814115716,0.9312935986869101,0.001940205934504457,0.0017053443990557168,"[[ 0.01371635  0.4641882  -0.88563038  0.061229  ]
 [ 0.92655988  0.32706808  0.18577746  0.0146132 ]
 [ 0.37589714 -0.82313777 -0.42561198 -0.44408111]
 [ 0.          0.          0.          1.        ]]","[[ 0.00642323 -0.10742675 -0.99419225  0.06194274]
 [ 0.88035114  0.4721515  -0.04533027  0.01347969]
 [ 0.47427905 -0.87494712  0.097606   -0.44128144]
 [ 0.          0.          0.          1.        ]]"
full_scene,90,204,12,20,25,0.6696501846532622,0.9492716454657366,0.0024016738181014408,0.001551444734157122,"[[ 0.89525223  0.37083267  0.24699508  0.07003292]
 [ 0.20255841 -0.83248728  0.51568888  0.01161491]
 [ 0.39685455 -0.41164069 -0.82040137 -0.44836246]
 [ 0.          0.          0.          1.        ]]","[[ 0.56605011  0.79926869  0.20188322  0.06325948]
 [-0.00766378 -0.23978105  0.97079674  0.01248072]
 [ 0.82433521 -0.55106679 -0.12960267 -0.4433728 ]
 [ 0.          0.          0.          1.        ]]"
full_scene,90,205,12,32,30,0.8692039392695937,0.870024620434961,0.001990304131672826,0.0015797392208837598,"[[ 0.26990615  0.05817137 -0.96112786  0.06289796]
 [ 0.95553911  0.10689455  0.2748064   0.01100958]
 [ 0.11872519 -0.9925672  -0.02673352 -0.44579111]
 [ 0.          0.          0.          1.        ]]","[[ 0.90648223  0.27420195 -0.32109696  0.0656465 ]
 [ 0.24991959  0.26452293  0.9314332   0.00936127]
 [ 0.34033831 -0.92457607  0.1712569  -0.44522463]
 [ 0.          0.          0.          1.        ]]"
full_scene,90,206,12,10,24,0.9596070988920804,0.9030826836274107,0.002196491963401389,0.0014958134651821449,"[[ 0.6972014   0.67333086 -0.24604015  0.06600089]
 [ 0.29548535  0.04278015  0.95438895  0.00665072]
 [ 0.65314517 -0.73810257 -0.16913302 -0.44830735]
 [ 0.          0.          0.          1.        ]]","[[ 0.88166011  0.47053225 -0.03570525  0.06526424]
 [ 0.02267894  0.03332631  0.99918718  0.00505985]
 [ 0.47133971 -0.88175323  0.01871131 -0.44726311]
 [ 0.          0.          0.          1.        ]]"
full_scene,90,207,12,51,30,0.6822681575707837,0.9511438243742306,0.0019490939978274236,0.0014970737054748743,"[[ 0.71561633 -0.6105606  -0.3392772   0.06549041]
 [ 0.6212507   0.33432778  0.70871187  0.00297848]
 [-0.31928175 -0.71794198  0.61856162 -0.44944365]
 [ 0.          0.          0.          1.        ]]","[[ 2.42724995e-01 -2.21522015e-02 -9.69842181e-01  6.21193587e-02]
 [ 9.20678836e-01  3.20272482e-01  2.23105397e-01  3.27286163e-04]
 [ 3.05671487e-01 -9.47066427e-01  9.81331998e-02 -4.48453399e-01]
 [ 0.00000000e+00  0.00000000e+00  0.00000000e+00  1.00000000e+00]]"
full_scene,90,208,12,22,12,0.8269388592531801,0.9902287648748461,0.0022134806959249473,0.001180871466627375,"[[ 0.21805643  0.91695329  0.33413777  0.05994736]
 [ 0.24058772 -0.38231658  0.89216118 -0.00398427]
 [ 0.94581655 -0.11415204 -0.30397429 -0.45291768]
 [ 0.          0.          0.          1.        ]]","[[ 0.62219109  0.73647621  0.26548267  0.06307697]
 [-0.1013075  -0.26052093  0.96013834 -0.00242273]
 [ 0.77628284 -0.6242849  -0.08748323 -0.45064624]
 [ 0.          0.          0.          1.        ]]"
full_scene,90,209,12,29,10,0.9636592121460813,0.9686089454247025,0.0016370927502123512,0.0014876499108740393,"[[-0.09015257 -0.20628096 -0.97433089  0.0583235 ]
 [ 0.87815024  0.44504005 -0.17547508 -0.00811247]
 [ 0.46981344 -0.87142843  0.14102417 -0.45029873]
 [ 0.          0.          0.          1.        ]]","[[-0.29643464 -0.41849316 -0.85848121  0.05883564]
 [ 0.8860098   0.21505677 -0.41077636 -0.00842388]
 [ 0.35652929 -0.88239111  0.30703876 -0.45120941]
 [ 0.          0.          0.          1.        ]]"
full_scene,90,210,12,26,30,0.6763951579811244,0.7444860484201887,0.0019180593095106944,0.0015549401994282394,"[[ 0.40131001 -0.87169019 -0.28125876  0.06408359]
 [ 0.8700057   0.45879205 -0.1805545  -0.01472426]
 [ 0.28642687 -0.1722384   0.94249328 -0.45505532]
 [ 0.          0.          0.          1.        ]]","[[-0.05116286 -0.86235371 -0.50371464  0.06089402]
 [ 0.46487659  0.42583546 -0.77624346 -0.01715461]
 [ 0.88389599 -0.27387998  0.3791011  -0.45344083]
 [ 0.          0.          0.          1.        ]]"
full_scene,90,211,12,38,30,0.8590736561345917,0.8376846532622076,0.0019940298864880436,0.0015561226900893275,"[[-0.32637124 -0.86290882 -0.38583698  0.05622882]
 [ 0.56910599  0.14652991 -0.80910281 -0.02385861]
 [ 0.75471861 -0.48365003  0.44326343 -0.45844973]
 [ 0.          0.          0.          1.        ]]","[[-0.30109236 -0.93456749 -0.1895442   0.05472756]
 [ 0.3706711   0.06843496 -0.92623949 -0.02563565]
 [ 0.87860476 -0.3491422   0.32581191 -0.4580698 ]
 [ 0.          0.          0.          1.        ]]"
full_scene,90,212,12,19,30,0.32316885514977434,0.9117767747230201,0.002513877051739356,0.0013367419246699765,"[[-0.08501697 -0.3744635   0.92333591  0.0577144 ]
 [-0.73770984  0.64655698  0.19428914 -0.02509611]
 [-0.66974347 -0.66463611 -0.33121372 -0.46490184]
 [ 0.          0.          0.          1.        ]]","[[ 0.73720543  0.47710572  0.47843316  0.05713025]
 [-0.43477472 -0.20705411  0.87641288 -0.01735114]
 [ 0.51720315 -0.85410698  0.05479209 -0.45709661]
 [ 0.          0.          0.          1.        ]]"
full_scene,90,214,12,29,26,0.9075707837505129,0.9250871973738203,0.0017665571590092968,0.0015615826569139175,"[[ 0.57488107 -0.20645206 -0.79176342  0.05816322]
 [ 0.81692629  0.19956588  0.5411145  -0.00670267]
 [ 0.04629476 -0.95788883  0.28338276 -0.45572249]
 [ 0.          0.          0.          1.        ]]","[[ 0.588018    0.29917288 -0.75148548  0.05653556]
 [ 0.62930276  0.41446645  0.65741585 -0.00822435]
 [ 0.50814651 -0.85948423  0.05544341 -0.45519528]
 [ 0.          0.          0.          1.        ]]"
full_scene,90,215,12,36,30,0.5600379565038982,0.9496306934755847,0.0027580967830879723,0.001517205607877922,"[[ 0.64660173 -0.59827514  0.47325792  0.06380766]
 [-0.27597765  0.39490785  0.87628998 -0.00293401]
 [-0.71115578 -0.69721923  0.09023753 -0.45548742]
 [ 0.          0.          0.          1.        ]]","[[ 0.72606919  0.55474429  0.40630322  0.06045664]
 [-0.26935996 -0.31420069  0.91034232 -0.00461744]
 [ 0.63266796 -0.77041333 -0.07870554 -0.45425431]
 [ 0.          0.          0.          1.        ]]"
full_scene,90,217,12,34,30,0.8301189987689782,0.8808986458760771,0.0018836781233244324,0.0015792861146723919,"[[ 0.85496235 -0.06477575 -0.51462946  0.06030851]
 [ 0.51868817  0.10944781  0.8479291   0.00264972]
 [ 0.00139983 -0.99187967  0.12717217 -0.45191843]
 [ 0.          0.          0.          1.        ]]","[[ 0.91269659  0.40160436 -0.0754909   0.06170945]
 [ 0.00640448  0.17065694  0.98530969  0.00206455]
 [ 0.40858772 -0.89977227  0.15318594 -0.45229562]
 [ 0.          0.          0.          1.        ]]"
full_scene,90,218,12,48,18,0.7984714813295035,0.9739433729995897,0.0021922348775539895,0.001454631894086821,"[[ 0.9084813   0.16499086  0.38397883  0.06179025]
 [-0.36619691 -0.12849571  0.92162285  0.00356933]
 [ 0.20139898 -0.97788898 -0.05631681 -0.45339588]
 [ 0.          0.          0.          1.        ]]","[[ 0.71061509  0.61322106  0.34494367  0.06050885]
 [-0.20833483 -0.28488847  0.93564692  0.00583956]
 [ 0.67202887 -0.7367486  -0.07469074 -0.45075747]
 [ 0.          0.          0.          1.        ]]"
full_scene,90,220,12,21,28,0.4046727533853098,0.8790521132540008,0.002075429064327903,0.0016988120354320484,"[[ 0.9535952  -0.23749792  0.18507009  0.06146883]
 [-0.13797451 -0.89101537 -0.43249814  0.01093457]
 [ 0.26761771  0.38689319 -0.88243664 -0.45129775]
 [ 0.          0.          0.          1.        ]]","[[-0.12509683 -0.06675382  0.98989631  0.06214079]
 [-0.51056389 -0.85115226 -0.12191942  0.01061689]
 [ 0.85069107 -0.52065705  0.07239436 -0.44749457]
 [ 0.          0.          0.          1.        ]]"
full_scene,90,221,12,18,30,0.5393926959376283,0.8848481739844071,0.0022503497074442317,0.0017729658564674634,"[[-0.93976489 -0.0011376   0.34181962  0.06077144]
 [-0.33323335  0.22579911 -0.91540718  0.01025127]
 [-0.0761412  -0.97417322 -0.21257716 -0.45015206]
 [ 0.          0.          0.          1.        ]]","[[-0.54619762 -0.8348789   0.06815699  0.06021452]
 [ 0.05792667 -0.11881762 -0.99122494  0.01010461]
 [ 0.83565104 -0.53745659  0.11325966 -0.44670631]
 [ 0.          0.          0.          1.        ]]"
full_scene,90,222,12,10,30,0.16021235125153876,0.9149056216659828,0.003224330373033607,0.0016008755333628338,"[[ 1.          0.          0.          0.07742362]
 [ 0.          1.          0.          0.02326069]
 [ 0.          0.          1.         -0.43863225]
 [ 0.          0.          0.          1.        ]]","[[ 0.86453038  0.47517689 -0.16368917  0.06052011]
 [ 0.00312814  0.32060351  0.94720832  0.01659016]
 [ 0.50257082 -0.81940242  0.27568505 -0.44470588]
 [ 0.          0.          0.          1.        ]]"
full_scene,90,224,12,49,30,0.5044368075502668,0.9337556421830119,0.0026800866378340732,0.0018390367055294448,"[[ 0.93645019 -0.07984318  0.34159347  0.0614216 ]
 [-0.03645417 -0.99063087 -0.13161142  0.01540894]
 [ 0.34890132  0.11079503 -0.93058709 -0.44374043]
 [ 0.          0.          0.          1.        ]]","[[ 0.56895136  0.53149184  0.62754345  0.06153189]
 [-0.43305072 -0.45508788  0.77805018  0.0207308 ]
 [ 0.69911474 -0.71443085 -0.02875995 -0.44273191]
 [ 0.          0.          0.          1.        ]]"
full_scene,90,225,12,32,30,0.3515592942141978,0.8474302421009438,0.0027887846791205873,0.0017631960060194036,"[[ 0.41883368 -0.90220926 -0.10294078  0.05266466]
 [ 0.85949967  0.43045492 -0.27562452  0.02422051]
 [ 0.29298236  0.02696327  0.95573758 -0.43465507]
 [ 0.          0.          0.          1.        ]]","[[ 0.6050345  -0.13511039 -0.78465179  0.06034851]
 [ 0.59714624  0.72885206  0.33494932  0.02242616]
 [ 0.52663994 -0.67120776  0.5216613  -0.43974044]
 [ 0.          0.          0.          1.        ]]"
full_scene,90,226,12,13,30,0.25256462864177265,0.8195527287648748,0.0028263618472380457,0.0018485525744972935,"[[-0.23846019 -0.94348884 -0.23014245  0.04535294]
 [ 0.38046596  0.12727581 -0.91599483  0.01797234]
 [ 0.89352246 -0.30598967  0.32861518 -0.43554166]
 [ 0.          0.          0.          1.        ]]","[[-0.07830017 -0.82306905 -0.56251794  0.05635495]
 [ 0.43666852  0.47892789 -0.76154361  0.01527811]
 [ 0.89620851 -0.30526287  0.32190821 -0.4538282 ]
 [ 0.          0.          0.          1.        ]]"
full_scene,90,228,12,27,30,0.5968660237997538,0.8664341403364793,0.002550851378002541,0.0018451982135497564,"[[-0.80886739 -0.50132817  0.3072517   0.05020005]
 [-0.3374846  -0.03206958 -0.94078461  0.00486276]
 [ 0.48149526 -0.86466272 -0.1432505  -0.45333982]
 [ 0.          0.          0.          1.        ]]","[[-0.30415645 -0.95261469 -0.00375659  0.05755584]
 [ 0.20086865 -0.06027877 -0.97776186  0.01115504]
 [ 0.93120386 -0.29814716  0.20968461 -0.45602726]
 [ 0.          0.          0.          1.        ]]"
full_scene,90,229,12,10,30,0.6583914649158802,0.9260361099712762,0.0028160428458489212,0.0014657457850563514,"[[ 0.99538732  0.09565281  0.00739095  0.05365393]
 [ 0.00779014 -0.15736953  0.98750906  0.00751417]
 [ 0.09562113 -0.98289642 -0.15738879 -0.46081301]
 [ 0.          0.          0.          1.        ]]","[[ 0.73975673  0.52554139  0.42019785  0.05611594]
 [-0.47136805 -0.04089415  0.88098799  0.00971913]
 [ 0.48017928 -0.84978463  0.21747169 -0.45699855]
 [ 0.          0.          0.          1.        ]]"
full_scene,90,230,12,35,30,0.8954400902749282,0.8482765695527288,0.0018019427862761388,0.001518351432173818,"[[ 0.92876665  0.29361903 -0.22623081  0.05623081]
 [ 0.12379219  0.32958475  0.9359751   0.00579233]
 [ 0.34938232 -0.89730806  0.26975958 -0.45886812]
 [ 0.          0.          0.          1.        ]]","[[ 0.88551969  0.29003808 -0.36295011  0.05516824]
 [ 0.13672417  0.58393283  0.80020557  0.00553672]
 [ 0.44402857 -0.75822184  0.47742881 -0.45736118]
 [ 0.          0.          0.          1.        ]]"
full_scene,90,231,12,21,28,0.6427215839146492,0.951477226097661,0.002514208971902981,0.0015629967772539297,"[[ 0.90825042 -0.12074771  0.40062596  0.05368619]
 [-0.38389836  0.14038923  0.91264063  0.00508511]
 [-0.16644283 -0.98270589  0.08115373 -0.45982093]
 [ 0.          0.          0.          1.        ]]","[[ 0.70856371  0.52021439  0.47677507  0.05669916]
 [-0.41371391 -0.24109285  0.87790377  0.00503223]
 [ 0.57164524 -0.81929923  0.04439028 -0.45903903]
 [ 0.          0.          0.          1.        ]]"
full_scene,90,232,12,25,30,0.5366741895773492,0.8810781698810012,0.0028003245170663362,0.0016797190604907952,"[[ 0.64367702 -0.7340145  -0.21657009  0.06357583]
 [ 0.75161414  0.55305406  0.3594543   0.00228413]
 [-0.1440697  -0.39414962  0.90768387 -0.4630549 ]
 [ 0.          0.          0.          1.        ]]","[[ 0.87292856  0.22079796 -0.43502183  0.05608028]
 [ 0.32361352  0.4052016   0.85503564  0.00131447]
 [ 0.36506167 -0.88716398  0.28225885 -0.45936341]
 [ 0.          0.          0.          1.        ]]"
full_scene,90,233,12,16,30,0.8647414854329093,0.9296522363561757,0.0017878558516327692,0.00153842601724216,"[[ 0.96378352  0.26582569 -0.02140184  0.05586447]
 [-0.04169647  0.2294662   0.97242309 -0.00235293]
 [ 0.26340604 -0.93631296  0.23223973 -0.46038285]
 [ 0.          0.          0.          1.        ]]","[[ 0.74785192  0.50808478  0.42727901  0.05610674]
 [-0.33712889 -0.26379321  0.90374624 -0.00258545]
 [ 0.57189301 -0.81991646 -0.0259882  -0.4604147 ]
 [ 0.          0.          0.          1.        ]]"
full_scene,90,234,12,19,28,0.8956965531391055,0.9210607304062371,0.002135202393472066,0.0013756380264086428,"[[ 0.81374189  0.5808982   0.01952997  0.05269852]
 [-0.08001254  0.07867633  0.99368407 -0.00141598]
 [ 0.57569274 -0.81016499  0.11050137 -0.46075307]
 [ 0.          0.          0.          1.        ]]","[[ 0.64942195  0.52918117  0.54609379  0.05470466]
 [-0.52710572 -0.20435138  0.82486367 -0.00630509]
 [ 0.54809734 -0.82353373  0.14622415 -0.46104995]
 [ 0.          0.          0.          1.        ]]"
full_scene,90,235,12,39,30,0.6244101354123923,0.9306780878128847,0.0026123381214440177,0.0016392540213919049,"[[ 0.58413183  0.13361154  0.80058601  0.05282591]
 [-0.80854021  0.1821699   0.55953272 -0.00726497]
 [-0.07108265 -0.97414685  0.21444154 -0.46239715]
 [ 0.          0.          0.          1.        ]]","[[ 0.68342658  0.37010594  0.62924534  0.05565515]
 [-0.48482266 -0.41431094  0.77025543 -0.00792461]
 [ 0.54577934 -0.83148544 -0.10371536 -0.46128072]
 [ 0.          0.          0.          1.        ]]"
full_scene,90,236,12,123,30,0.491459786622897,0.5987382027082478,0.002838514842502386,0.0017345303452113187,"[[-0.82549078 -0.23126305  0.51486152  0.05503642]
 [-0.5583397   0.20110712 -0.80486813 -0.01619179]
 [ 0.08259394 -0.95187884 -0.29513542 -0.46655236]
 [ 0.          0.          0.          1.        ]]","[[-0.74316788 -0.42607588  0.51590779  0.05084331]
 [-0.61191306  0.12087838 -0.78163343 -0.01955957]
 [ 0.27067305 -0.89657558 -0.35055433 -0.46354271]
 [ 0.          0.          0.          1.        ]]"
full_scene,90,237,12,14,25,0.9271901928600739,0.8947732868280673,0.0017245486138849377,0.001554187362718134,"[[-0.19890485 -0.90747649 -0.37003146  0.05332339]
 [ 0.85006069  0.0281335  -0.52593282 -0.01626018]
 [ 0.48768195 -0.41915978  0.7658142  -0.4624396 ]
 [ 0.          0.          0.          1.        ]]","[[-0.20108411 -0.95364711 -0.22388024  0.05380114]
 [ 0.39891338  0.12901871 -0.90786689 -0.01838673]
 [ 0.89466938 -0.27186643  0.35447898 -0.46184295]
 [ 0.          0.          0.          1.        ]]"
full_scene,90,238,12,22,17,0.8869511694706607,0.9622999589659418,0.0028168004817674197,0.001472144664777606,"[[ 0.54536789  0.73619223  0.4007429   0.05017821]
 [-0.50147496 -0.09652211  0.8597711  -0.01998207]
 [ 0.67163735 -0.66985408  0.31654191 -0.45765127]
 [ 0.          0.          0.          1.        ]]","[[ 0.67925498  0.53459624  0.50281163  0.05202678]
 [-0.33945864 -0.37856757  0.86107748 -0.01944141]
 [ 0.65067696 -0.75557492 -0.0756706  -0.46229552]
 [ 0.          0.          0.          1.        ]]"
full_scene,90,239,12,45,30,0.6196912187115305,0.9227020927369717,0.0019963074108108,0.001645106132553813,"[[ 0.97604135  0.09949983  0.19350211  0.05248425]
 [-0.17858567  0.87437516  0.45119312 -0.02673117]
 [-0.1242998  -0.47493985  0.87119556 -0.46301986]
 [ 0.          0.          0.          1.        ]]","[[ 0.88145756  0.15829848 -0.44494288  0.04911249]
 [ 0.35117457  0.41024428  0.84165079 -0.023635  ]
 [ 0.31576732 -0.89813207  0.30602252 -0.46175249]
 [ 0.          0.          0.          1.        ]]"
full_scene,90,240,12,49,30,0.6325656544932294,0.8511745999179319,0.0023519761771399516,0.001853185096688128,"[[-0.74226977 -0.09129491  0.66385302  0.04501447]
 [-0.66598225  0.21017864 -0.71574617 -0.03289632]
 [-0.07418374 -0.97339107 -0.21681004 -0.46355956]
 [ 0.          0.          0.          1.        ]]","[[-0.68908888 -0.72466047 -0.00487027  0.04564842]
 [-0.06110987  0.0648042  -0.9960251  -0.03337781]
 [ 0.72209563 -0.6860522  -0.08893976 -0.4630952 ]
 [ 0.          0.          0.          1.        ]]"
full_scene,90,241,12,25,22,0.816911161263849,0.9121871153057037,0.0016617637425006967,0.0014499921091789946,"[[-0.34273112 -0.91442685 -0.2153112   0.04308731]
 [-0.01528893  0.23459157 -0.97197379 -0.04144167]
 [ 0.93930912 -0.32983379 -0.09438244 -0.46873062]
 [ 0.          0.          0.          1.        ]]","[[-0.32024386 -0.9447964  -0.06930822  0.04341376]
 [ 0.30209704 -0.03250775 -0.95272274 -0.04007076]
 [ 0.89787596 -0.32604141  0.29583061 -0.4682045 ]
 [ 0.          0.          0.          1.        ]]"
full_scene,90,242,12,41,17,0.7768260155929422,0.9927421009437833,0.0023401043304517137,0.0014276783526894878,"[[ 0.6122201  -0.26522479  0.74487742  0.04642154]
 [-0.65283749 -0.70104199  0.28695529 -0.03436884]
 [ 0.44608269 -0.6619637  -0.60234068 -0.47258881]
 [ 0.          0.          0.          1.        ]]","[[ 0.37299361  0.34583909  0.86097102  0.04392914]
 [-0.45191492 -0.74271221  0.49411686 -0.03151145]
 [ 0.81033862 -0.57338808 -0.12073706 -0.46837677]
 [ 0.          0.          0.          1.        ]]"
full_scene,90,243,12,13,29,0.7296624948707428,0.9633771029954863,0.0020680975114957065,0.0014145194568066031,"[[ 0.50659771  0.51588502  0.69081213  0.04337656]
 [-0.862179    0.30081918  0.40762139 -0.03002442]
 [ 0.00247624 -0.80210378  0.59717954 -0.46898011]
 [ 0.          0.          0.          1.        ]]","[[ 0.56123317  0.43558435  0.70376389  0.04479501]
 [-0.51441947 -0.48253606  0.70889461 -0.02507987]
 [ 0.64837485 -0.75988501 -0.04674217 -0.46921775]
 [ 0.          0.          0.          1.        ]]"
full_scene,90,244,12,54,30,0.6686499794829709,0.9632488715633977,0.0024543410283964636,0.0015011655476049905,"[[ 0.60195745 -0.7830305  -0.15655816  0.05008224]
 [ 0.7104504   0.43565773  0.55268669 -0.01918432]
 [-0.36456476 -0.44392068  0.81855175 -0.47019455]
 [ 0.          0.          0.          1.        ]]","[[ 0.41172469 -0.01266093 -0.91122032  0.04288525]
 [ 0.84016542  0.39258494  0.37416457 -0.02171875]
 [ 0.35299411 -0.9196286   0.17227419 -0.46817621]
 [ 0.          0.          0.          1.        ]]"
full_scene,90,246,12,26,30,0.7913418137053755,0.9371153057037341,0.001836177471123133,0.0017955910085293272,"[[-0.49080333 -0.74163463 -0.45726379  0.04599336]
 [ 0.06193864  0.49379657 -0.86736875 -0.01829998]
 [ 0.86906599 -0.45402977 -0.19642116 -0.46990717]
 [ 0.          0.          0.          1.        ]]","[[-0.42218985 -0.87572402  0.23422887  0.04830612]
 [ 0.15232048 -0.32324384 -0.93397639 -0.0171194 ]
 [ 0.8936186  -0.3586375   0.26986097 -0.46914776]
 [ 0.          0.          0.          1.        ]]"
full_scene,90,247,12,51,30,0.7476148953631514,0.8728713582273286,0.0021054342036114864,0.0017406644407608966,"[[-0.27953853 -0.01136499  0.96006721  0.04787909]
 [-0.95022472 -0.14001875 -0.27833024 -0.01652093]
 [ 0.13759063 -0.99008363  0.02834134 -0.47070902]
 [ 0.          0.          0.          1.        ]]","[[-0.80206483 -0.58904257 -0.09859447  0.04439636]
 [ 0.08794953  0.04679249 -0.9950253  -0.01447939]
 [ 0.59072574 -0.80674613  0.01427541 -0.46904157]
 [ 0.          0.          0.          1.        ]]"
full_scene,90,248,12,69,30,0.5151313089864588,0.8941064833812064,0.0028859809525792735,0.0015292428366759387,"[[-0.41676144 -0.90137271  0.11763137  0.0572678 ]
 [-0.18388909 -0.04312994 -0.98200031 -0.01096111]
 [ 0.89022172 -0.43089099 -0.14777771 -0.47235512]
 [ 0.          0.          0.          1.        ]]","[[-0.23151339 -0.93358018 -0.27355     0.0489211 ]
 [ 0.2881945   0.20275059 -0.93586117 -0.0108106 ]
 [ 0.92916386 -0.29549999  0.2221132  -0.46891536]
 [ 0.          0.          0.          1.        ]]"
full_scene,90,249,12,57,30,0.8721789084940501,0.9248050882232253,0.0025468130956812717,0.0016103720677486933,"[[ 0.91482471  0.17244829 -0.36518125  0.04719197]
 [ 0.32953421  0.20397487  0.92184677 -0.00148751]
 [ 0.2334587  -0.96366791  0.12977364 -0.46642956]
 [ 0.          0.          0.          1.        ]]","[[ 0.77164554  0.19228528 -0.60629162  0.04822554]
 [ 0.45617578  0.49695732  0.73819854 -0.00463234]
 [ 0.44324577 -0.84620316  0.29575901 -0.46796709]
 [ 0.          0.          0.          1.        ]]"
full_scene,90,250,12,32,30,0.6830631924497332,0.8924651210504719,0.0018015152381098327,0.0017651884011533248,"[[-0.98324368 -0.06882245  0.16880563  0.0473426 ]
 [-0.17723471  0.14421036 -0.9735457  -0.0061841 ]
 [ 0.04265828 -0.98715087 -0.15399166 -0.47074081]
 [ 0.          0.          0.          1.        ]]","[[-0.74213317 -0.66894089 -0.04190993  0.04718224]
 [ 0.05000791  0.00709168 -0.99872364 -0.00522629]
 [ 0.6683843  -0.74328177  0.02818936 -0.46881994]
 [ 0.          0.          0.          1.        ]]"
full_scene,90,251,12,9,30,0.7889567090685269,0.9070322117357407,0.0022942372871660953,0.0016732177279074358,"[[ 0.60732561  0.20080545  0.76865648  0.05428579]
 [-0.75782975 -0.14394467  0.63637568 -0.00291319]
 [ 0.23843171 -0.96899799  0.06475506 -0.46932162]
 [ 0.          0.          0.          1.        ]]","[[ 0.11709032 -0.15719247  0.98060205  0.05072589]
 [-0.73189249 -0.68107182 -0.02178441  0.00114397]
 [ 0.67128477 -0.71514453 -0.19479491 -0.46862625]
 [ 0.          0.          0.          1.        ]]"
full_scene,90,252,12,31,30,0.12987279441936808,0.8808217070168239,0.002933472658753881,0.0018386710365360236,"[[ 1.          0.          0.          0.07322613]
 [ 0.          1.          0.          0.00843572]
 [ 0.          0.          1.         -0.46770676]
 [ 0.          0.          0.          1.        ]]","[[ 0.92165701  0.20912702 -0.32682448  0.04983229]
 [ 0.20896598  0.44219077  0.87223881  0.0052724 ]
 [ 0.32692747 -0.87220021  0.36384779 -0.46769109]
 [ 0.          0.          0.          1.        ]]"
full_scene,90,253,12,10,30,0.5218249897414854,0.8570475995075914,0.0024067087958288447,0.0016965431130634913,"[[-0.994547   -0.08627306 -0.05859378  0.04881883]
 [ 0.05949515 -0.00791177 -0.99819724  0.00382951]
 [ 0.08565395 -0.99624011  0.01300145 -0.47130933]
 [ 0.          0.          0.          1.        ]]","[[-0.19699372 -0.9483258  -0.24874012  0.05076696]
 [ 0.37792389  0.16065216 -0.91179187  0.00477741]
 [ 0.9046364  -0.27362211  0.32674751 -0.46764898]
 [ 0.          0.          0.          1.        ]]"
full_scene,90,254,12,43,26,0.5571912187115305,0.7847250718096019,0.002846194318954743,0.0018121604506296342,"[[ 0.89442719  0.          0.4472136   0.05799576]
 [-0.39036003  0.48795004  0.78072006  0.00682638]
 [-0.21821789 -0.87287156  0.43643578 -0.47217105]
 [ 0.          0.          0.          1.        ]]","[[ 0.62472338  0.35409034  0.69594593  0.05083978]
 [-0.69378615 -0.15726633  0.70280017  0.00968506]
 [ 0.35830361 -0.92189334  0.14741502 -0.46664084]
 [ 0.          0.          0.          1.        ]]"
full_scene,91,0,12,51,30,0.490895568321707,0.8580478046778827,0.0026182944367803057,0.0016884148811428723,"[[-0.12338701 -0.95729358 -0.26146633  0.15317675]
 [-0.29646993  0.28700638 -0.91089677  0.0331688 ]
 [ 0.94703814 -0.03487592 -0.31922162 -0.45666223]
 [ 0.          0.          0.          1.        ]]","[[-0.45204702 -0.88905188  0.07238958  0.16018578]
 [ 0.22259674 -0.19102324 -0.95601298  0.03125552]
 [ 0.86377323 -0.41604913  0.28425153 -0.4599347 ]
 [ 0.          0.          0.          1.        ]]"
full_scene,91,1,12,9,30,0.3149876897825195,0.5229534263438654,0.002180786659267461,0.0020444919245949673,"[[ 0.35613881 -0.93274001 -0.05622469 -0.04680194]
 [ 0.91271501  0.36012827 -0.19302573  0.15587128]
 [ 0.20029092  0.01742683  0.97958147 -0.41521976]
 [ 0.          0.          0.          1.        ]]","[[ 0.31486589 -0.57778834 -0.75300737 -0.05083112]
 [ 0.73432398  0.65095304 -0.19242774  0.15533774]
 [ 0.60135495 -0.49236244  0.62924674 -0.41210094]
 [ 0.          0.          0.          1.        ]]"
full_scene,91,56,12,76,30,0.16393106278210914,0.3002667213787444,0.0025756976621536844,0.0024343201505923544,"[[ 0.17932735  0.86975626  0.45974531  0.04509813]
 [-0.66696453  0.45101301 -0.59308143  0.1444914 ]
 [-0.7231874  -0.2002781   0.66097554 -0.39734396]
 [ 0.          0.          0.          1.        ]]","[[ 0.53782898  0.77987497  0.3202109   0.05103804]
 [-0.6945874   0.62516892 -0.35596653  0.14519763]
 [-0.47779529 -0.03096534  0.87792529 -0.39596669]
 [ 0.          0.          0.          1.        ]]"
full_scene,91,58,12,36,30,0.05293393516618793,0.42603610997127617,0.00397151353309181,0.0022674485842588345,"[[-0.61960885 -0.67611784  0.39868477  0.03712804]
 [-0.666938    0.7213265   0.18676667  0.1400794 ]
 [-0.41385816 -0.15017574 -0.89786896 -0.40942127]
 [ 0.          0.          0.          1.        ]]","[[-0.79141646 -0.28350427  0.54155823  0.04762934]
 [-0.61084863  0.33361863 -0.71802686  0.15349219]
 [ 0.02288977 -0.89906837 -0.43720947 -0.40316706]
 [ 0.          0.          0.          1.        ]]"
full_scene,91,61,12,19,30,0.466685473943373,0.5685781698810012,0.0025063437932523677,0.0021660182172825162,"[[ 1.          0.          0.          0.06451178]
 [ 0.          1.          0.          0.1510084 ]
 [ 0.          0.          1.         -0.42149797]
 [ 0.          0.          0.          1.        ]]","[[ 0.87468925 -0.01518451 -0.48444622  0.06118946]
 [ 0.03165197  0.9991651   0.02583115  0.15023075]
 [ 0.48364952 -0.03792791  0.8744396  -0.41846875]
 [ 0.          0.          0.          1.        ]]"
full_scene,91,62,12,26,30,0.6564936397209684,0.6389515798112433,0.0025011599388595793,0.002031507323197564,"[[ 0.54348314  0.82630181  0.14782218  0.06832636]
 [-0.83922495  0.53106851  0.11690904  0.14507138]
 [ 0.01809845 -0.18759416  0.98207987 -0.40967388]
 [ 0.          0.          0.          1.        ]]","[[ 0.33857999  0.93078551 -0.13784748  0.06827674]
 [-0.70586595  0.34812512  0.61689721  0.14790766]
 [ 0.62218715 -0.11156721  0.77487799 -0.41045736]
 [ 0.          0.          0.          1.        ]]"
full_scene,91,64,12,38,30,0.3737689782519491,0.6534417316372589,0.003327651474228382,0.0019905094277006988,"[[ 1.          0.          0.          0.08148598]
 [ 0.          1.          0.          0.13527949]
 [ 0.          0.          1.         -0.39766824]
 [ 0.          0.          0.          1.        ]]","[[ 0.26807024  0.68818933 -0.67419121  0.07934924]
 [-0.26572562  0.72547585  0.63488163  0.14184413]
 [ 0.92602821  0.00895701  0.37734802 -0.39726294]
 [ 0.          0.          0.          1.        ]]"
full_scene,91,65,12,63,30,0.31526979893311446,0.6574938448912597,0.0029154626452453456,0.0023044022424895515,"[[-0.4472136   0.         -0.89442719  0.07303054]
 [ 0.          1.          0.          0.13136079]
 [ 0.89442719  0.         -0.4472136  -0.40034486]
 [ 0.          0.          0.          1.        ]]","[[-0.22291757 -0.06697287 -0.972534    0.08243129]
 [-0.2133091   0.97681197 -0.01837421  0.1382396 ]
 [ 0.95121343  0.20335442 -0.23203448 -0.39187302]
 [ 0.          0.          0.          1.        ]]"
full_scene,91,67,12,55,30,0.6931678292983176,0.6696245383668444,0.002354994077949836,0.0018940763175970942,"[[ 0.68208058  0.63928476 -0.35507899  0.0871991 ]
 [-0.41337758  0.7376021   0.53391208  0.13651755]
 [ 0.60322886 -0.21738937  0.76737006 -0.37289571]
 [ 0.          0.          0.          1.        ]]","[[ 0.11509951  0.38001905 -0.91778953  0.08754418]
 [ 0.23389439  0.8875851   0.3968452   0.13722064]
 [ 0.96542505 -0.26034251  0.01327629 -0.37555884]
 [ 0.          0.          0.          1.        ]]"
full_scene,91,68,12,40,30,0.5556267952400492,0.5688602790315962,0.00217314946923186,0.002119101322489214,"[[-0.79715275 -0.60017757 -0.06583603  0.08933983]
 [-0.58025919  0.79167064 -0.19119852  0.13101885]
 [ 0.16687352 -0.11421247 -0.97934097 -0.3735971 ]
 [ 0.          0.          0.          1.        ]]","[[-0.83044264  0.40013113  0.38763397  0.08838687]
 [-0.34871821  0.1692832  -0.92181278  0.13067675]
 [-0.43446591 -0.90068767 -0.00104697 -0.37259589]
 [ 0.          0.          0.          1.        ]]"
full_scene,91,76,12,81,30,0.44686089454247024,0.8774876897825195,0.002567702369438353,0.0020651808661003796,"[[-0.69167705  0.71978551  0.05909039  0.12042503]
 [ 0.72068268  0.68259008  0.121191    0.09729076]
 [ 0.04689701  0.12641045 -0.99086884 -0.33910252]
 [ 0.          0.          0.          1.        ]]","[[-0.62608195  0.15555857 -0.76408306  0.11652203]
 [ 0.63101115  0.67674329 -0.37926699  0.10059121]
 [ 0.45808985 -0.71959715 -0.52185595 -0.33966123]
 [ 0.          0.          0.          1.        ]]"
full_scene,91,77,12,39,28,0.6901928600738613,0.9114946655724251,0.0018501878736164215,0.0016308129165027133,"[[-0.70455408 -0.70962076  0.00647586  0.11806305]
 [-0.50088823  0.49080614 -0.71289572  0.10074553]
 [ 0.50270721 -0.50551727 -0.70124015 -0.34483131]
 [ 0.          0.          0.          1.        ]]","[[-0.91261891 -0.40726235 -0.03555415  0.11895276]
 [ 0.10982589 -0.16047079 -0.98091152  0.1027353 ]
 [ 0.39378293 -0.89910317  0.19117663 -0.3422395 ]
 [ 0.          0.          0.          1.        ]]"
full_scene,91,78,12,37,30,0.597789290110792,0.9286263848994666,0.001648310701205038,0.0015443223413453499,"[[-0.88295857 -0.2613609  -0.38996749  0.11803982]
 [-0.16404224  0.95009618 -0.26534391  0.10486384]
 [ 0.43985715 -0.17031654 -0.88176979 -0.35180917]
 [ 0.          0.          0.          1.        ]]","[[-0.53426756 -0.40139703 -0.74393454  0.11815866]
 [ 0.67168314  0.33273861 -0.66191146  0.10606371]
 [ 0.51322504 -0.85332611  0.09184017 -0.34819514]
 [ 0.          0.          0.          1.        ]]"
full_scene,91,80,12,34,30,0.4404749692244563,0.8872332786212557,0.002690432710646645,0.0019158138002785012,"[[ 0.15304874 -0.98815254  0.01142979  0.10663562]
 [-0.64405662 -0.10851277 -0.7572424   0.11146069]
 [ 0.74951128  0.10853357 -0.65303392 -0.35872135]
 [ 0.          0.          0.          1.        ]]","[[-0.51509232 -0.49389875 -0.70053117  0.11715584]
 [ 0.67476454  0.27033321 -0.68674069  0.11107698]
 [ 0.52855721 -0.82642845  0.1940188  -0.35921637]
 [ 0.          0.          0.          1.        ]]"
full_scene,91,81,12,167,30,0.4078272466146902,0.946322322527698,0.0030524838814842115,0.0018492449580472378,"[[ 1.          0.          0.          0.11621322]
 [ 0.          1.          0.          0.11673684]
 [ 0.          0.          1.         -0.36842344]
 [ 0.          0.          0.          1.        ]]","[[ 0.32755687  0.62154565 -0.71160909  0.1158648 ]
 [ 0.3009933   0.64527529  0.70215584  0.11416876]
 [ 0.89560568 -0.44418554  0.02428328 -0.36538907]
 [ 0.          0.          0.          1.        ]]"
full_scene,91,82,12,12,26,0.5742972917521543,0.9477328682806729,0.0028956958625771597,0.001632658344825464,"[[-0.78467342  0.18256212 -0.59241767  0.11927934]
 [ 0.48064593 -0.42435482 -0.76739981  0.11157156]
 [-0.39149343 -0.88690138  0.24523221 -0.37023204]
 [ 0.          0.          0.          1.        ]]","[[-0.8554196  -0.3472221  -0.38430993  0.11508914]
 [ 0.3611983   0.13186746 -0.92311796  0.114369  ]
 [ 0.37120493 -0.92846528  0.01261402 -0.37150023]
 [ 0.          0.          0.          1.        ]]"
full_scene,91,83,12,20,30,0.4418085761181781,0.9369870742716455,0.0026987192913845294,0.0014517045861907238,"[[ 1.          0.          0.          0.11164364]
 [ 0.          1.          0.          0.11815337]
 [ 0.          0.          1.         -0.38014799]
 [ 0.          0.          0.          1.        ]]","[[ 0.24022341  0.75662711 -0.60811852  0.1134059 ]
 [ 0.25377933  0.5557235   0.79168646  0.11884573]
 [ 0.93695718 -0.34450953 -0.05851852 -0.37815475]
 [ 0.          0.          0.          1.        ]]"
full_scene,91,84,12,53,30,0.487330734509643,0.9516054575297497,0.003000228878065909,0.0016157787018569727,"[[-0.41686421 -0.75775226  0.50203161  0.12231462]
 [-0.55914011 -0.22168275 -0.79888616  0.12308772]
 [ 0.71664954 -0.61373306 -0.33127808 -0.38135134]
 [ 0.          0.          0.          1.        ]]","[[-0.58948114 -0.49765993 -0.63627556  0.11351583]
 [ 0.65374931  0.16874847 -0.73765561  0.11923754]
 [ 0.47447216 -0.85079877  0.2258708  -0.38325372]
 [ 0.          0.          0.          1.        ]]"
full_scene,91,85,12,19,30,0.8977739023389413,0.9512720558063192,0.001809927888219753,0.0015499871953468382,"[[-0.55572566 -0.30575169 -0.77310083  0.11103259]
 [ 0.46687268  0.65466421 -0.59451213  0.11775421]
 [ 0.68789453 -0.69132531 -0.22106659 -0.39094597]
 [ 0.          0.          0.          1.        ]]","[[-0.84680509 -0.34947642 -0.40098302  0.1110281 ]
 [ 0.35362952  0.19322734 -0.91521001  0.11979354]
 [ 0.39732519 -0.91680392 -0.04004071 -0.38971829]
 [ 0.          0.          0.          1.        ]]"
full_scene,91,86,12,36,30,0.4216762412802626,0.529005949938449,0.0027855297544272855,0.002913954565542845,"[[-0.49880815 -0.44914332 -0.74125617  0.10311903]
 [-0.64439829 -0.37975285  0.66373083  0.1157307 ]
 [-0.57960442  0.80873855 -0.10000337 -0.37814239]
 [ 0.          0.          0.          1.        ]]","[[-0.5247944  -0.78328709 -0.33324492  0.10773613]
 [-0.30511061 -0.19238322  0.93268227  0.12231919]
 [-0.79466871  0.59114299 -0.13802757 -0.38364787]
 [ 0.          0.          0.          1.        ]]"
full_scene,91,87,12,13,30,0.35102072219942554,0.33099097250718096,0.003021653578414381,0.002943729099903795,"[[-0.66157024 -0.70764607 -0.24811663  0.09403908]
 [-0.08253473 -0.26015008  0.96203428  0.11606558]
 [-0.74532733  0.65693149  0.11370217 -0.38865558]
 [ 0.          0.          0.          1.        ]]","[[-0.6823936  -0.70518465  0.19249308  0.08652119]
 [ 0.38058401 -0.11791795  0.91719746  0.10326426]
 [-0.62409518  0.69914946  0.34884845 -0.39027775]
 [ 0.          0.          0.          1.        ]]"
full_scene,91,88,12,150,30,0.8019080837094789,0.9168290931473123,0.0017762623267024563,0.0016394733216804477,"[[ 0.02906177 -0.03494383 -0.99896664  0.1021663 ]
 [ 0.11518524  0.99284829 -0.03137886  0.12750509]
 [ 0.99291881 -0.11415429  0.03287894 -0.40842307]
 [ 0.          0.          0.          1.        ]]","[[ 0.54492836  0.44251931 -0.71220064  0.10376481]
 [ 0.1238599   0.79759097  0.59034513  0.12888701]
 [ 0.82928391 -0.40990891  0.37981954 -0.40728754]
 [ 0.          0.          0.          1.        ]]"
full_scene,91,89,12,78,30,0.8104226508001642,0.9172137874435782,0.002009232566996365,0.0017587374283636232,"[[ 0.89219643  0.30037937  0.33727996  0.10033207]
 [-0.45164639  0.59508938  0.66474368  0.13097252]
 [-0.00103644 -0.74541322  0.66660188 -0.41442941]
 [ 0.          0.          0.          1.        ]]","[[ 0.88193982  0.45062395 -0.13827584  0.1007781 ]
 [-0.03756669  0.35961721  0.93234339  0.13498956]
 [ 0.46986264 -0.8170762   0.33408919 -0.414251  ]
 [ 0.          0.          0.          1.        ]]"
full_scene,91,90,12,89,30,0.6395927369716865,0.8294265490356997,0.002370491379233054,0.0015335343726837931,"[[-0.26900346  0.95744167 -0.10460679  0.09114711]
 [-0.65485674 -0.10217613  0.74881419  0.14181919]
 [ 0.70625759  0.26993607  0.65447287 -0.42090919]
 [ 0.          0.          0.          1.        ]]","[[ 0.28755855  0.90381749 -0.3168975   0.08898106]
 [-0.39666661  0.41354874  0.81953221  0.13720407]
 [ 0.87176011 -0.10996084  0.47743369 -0.4210706 ]
 [ 0.          0.          0.          1.        ]]"
full_scene,91,91,12,31,30,0.9213171932704144,0.9641721378744358,0.0023432340028760705,0.0018439843393239152,"[[-0.33488966  0.02712219 -0.94186693  0.11669805]
 [ 0.89074318  0.33509569 -0.30706264  0.1137661 ]
 [ 0.30728733 -0.94179364 -0.13637898 -0.42554687]
 [ 0.          0.          0.          1.        ]]","[[-0.63606832 -0.18093239 -0.75012036  0.11903934]
 [ 0.70907609  0.24637174 -0.66069059  0.11087116]
 [ 0.30434879 -0.95213677 -0.02841443 -0.42584487]
 [ 0.          0.          0.          1.        ]]"
full_scene,91,92,12,52,30,0.8284263438654083,0.9833299138284777,0.0030738495102321487,0.0015718130661290155,"[[-0.73998842  0.20019451  0.64213651  0.12190708]
 [-0.47713366 -0.82913164 -0.29134892  0.10408395]
 [ 0.47408925 -0.52197977  0.70906735 -0.41670648]
 [ 0.          0.          0.          1.        ]]","[[-0.59109294 -0.12771374  0.79642849  0.12742004]
 [-0.26245004 -0.90320401 -0.33962111  0.10605988]
 [ 0.76271169 -0.40977033  0.50035903 -0.41990816]
 [ 0.          0.          0.          1.        ]]"
full_scene,91,93,12,38,30,0.7744409109560936,0.9545547804677883,0.0024060441073368876,0.0019002316747658995,"[[ 0.72807416 -0.25163414 -0.63764275  0.12898582]
 [ 0.68549187  0.26321163  0.67883763  0.10843602]
 [-0.00298374 -0.93134306  0.36413074 -0.41593027]
 [ 0.          0.          0.          1.        ]]","[[-0.28212709 -0.16831456 -0.94449696  0.12724388]
 [ 0.86740009  0.37588236 -0.32608209  0.10239521]
 [ 0.40990411 -0.91125335  0.03994947 -0.41536319]
 [ 0.          0.          0.          1.        ]]"
full_scene,91,94,12,40,30,0.5778621255642183,0.9000820681165367,0.0029855399426853145,0.001704850947513111,"[[-0.29516013 -0.09268339 -0.95094179  0.12777697]
 [ 0.37528014  0.90404957 -0.20459518  0.10575184]
 [ 0.87866109 -0.41725791 -0.23205715 -0.40449594]
 [ 0.          0.          0.          1.        ]]","[[ 0.41894507  0.13811981 -0.89744523  0.13067352]
 [ 0.57606022  0.72356437  0.3802752   0.10046872]
 [ 0.70188293 -0.67629692  0.2235684  -0.40924603]
 [ 0.          0.          0.          1.        ]]"
full_scene,91,95,12,55,28,0.5787597455888387,0.87669265490357,0.002879937604753957,0.0014892437724695006,"[[-0.56774754 -0.82306241  0.01519875  0.12652161]
 [ 0.10860666 -0.09319277 -0.98970688  0.09401469]
 [ 0.81600694 -0.56025296  0.14230003 -0.4017987 ]
 [ 0.          0.          0.          1.        ]]","[[-0.6714681  -0.71187937 -0.20581144  0.13336383]
 [ 0.18641087  0.10653857 -0.97667831  0.09655222]
 [ 0.717204   -0.69417382  0.0611648  -0.40403999]
 [ 0.          0.          0.          1.        ]]"
full_scene,91,96,12,36,30,0.7789546573656134,0.9025441116126385,0.0020640189404983415,0.0017969334516518304,"[[-0.65743209  0.3676378   0.65774273  0.13255111]
 [-0.65356248 -0.71264885 -0.25492686  0.10056798]
 [ 0.37501885 -0.59747307  0.70879249 -0.39855907]
 [ 0.          0.          0.          1.        ]]","[[-0.65251793 -0.53466868  0.53698208  0.13521687]
 [ 0.02345386 -0.72254201 -0.69092905  0.09793697]
 [ 0.75741024 -0.4382493   0.48401166 -0.39845056]
 [ 0.          0.          0.          1.        ]]"
full_scene,91,97,12,25,30,0.5999179318834633,0.9406032006565449,0.002616188214754335,0.0018294103361894652,"[[ 0.68031366 -0.26248972 -0.68430438  0.13512976]
 [ 0.69424409  0.53008546  0.48686194  0.10277484]
 [ 0.23494355 -0.8062931   0.54285631 -0.39063445]
 [ 0.          0.          0.          1.        ]]","[[ 0.24155757  0.64712457 -0.72310423  0.13222047]
 [ 0.57594178  0.50412064  0.64354755  0.09618   ]
 [ 0.7809872  -0.57191972 -0.25093192 -0.3943941 ]
 [ 0.          0.          0.          1.        ]]"
full_scene,91,98,12,31,30,0.8202195322117357,0.8251179729175215,0.0025059468320809348,0.0020968334431797353,"[[-0.34535556  0.84742586  0.40323561  0.13678878]
 [-0.86924798 -0.45080879  0.20292703  0.09108109]
 [ 0.35374777 -0.28042976  0.89231254 -0.38656888]
 [ 0.          0.          0.          1.        ]]","[[-0.47893662  0.00598955  0.87782905  0.13780546]
 [-0.37838328 -0.90372304 -0.20027671  0.09447736]
 [ 0.79211477 -0.42807569  0.43509241 -0.38773464]
 [ 0.          0.          0.          1.        ]]"
full_scene,91,99,12,15,30,0.5809396799343455,0.8076528518670496,0.0025164963945149663,0.0019101934277924208,"[[ 0.09475711 -0.1596229  -0.98261977  0.13162262]
 [ 0.86962138  0.49370564  0.00365969  0.09988594]
 [ 0.48454075 -0.85485395  0.1855936  -0.37929362]
 [ 0.          0.          0.          1.        ]]","[[ 0.09916729 -0.19903659 -0.97496168  0.13565278]
 [ 0.82048827  0.57070698 -0.03305357  0.09337289]
 [ 0.56299631 -0.79666679  0.21990265 -0.3830854 ]
 [ 0.          0.          0.          1.        ]]"
full_scene,91,100,12,23,30,0.3235279031596225,0.44062884694296267,0.0029183744995255473,0.0030024554879128276,"[[ 0.4472136  -0.81649658  0.36514837  0.12026455]
 [-0.89442719 -0.40824829  0.18257419  0.10030239]
 [ 0.         -0.40824829 -0.91287093 -0.37930978]
 [ 0.          0.          0.          1.        ]]","[[ 0.69098054 -0.34547068 -0.63497709  0.12468925]
 [-0.71848895 -0.42482543 -0.55072404  0.09668054]
 [-0.07949541  0.83676362 -0.54176298 -0.36952056]
 [ 0.          0.          0.          1.        ]]"
full_scene,91,102,12,39,30,0.7221737792367665,0.9380129257283545,0.0020049336295336105,0.0017018736257170175,"[[-0.16521033 -0.63240547 -0.75681495  0.13737501]
 [ 0.96801224 -0.2508975  -0.00166048  0.09077291]
 [-0.18883288 -0.73288046  0.65362709 -0.36852307]
 [ 0.          0.          0.          1.        ]]","[[-0.42490127 -0.34701411 -0.83608619  0.13549712]
 [ 0.80421165  0.27930391 -0.52462648  0.08825392]
 [ 0.41557494 -0.89530471  0.16039621 -0.367503  ]
 [ 0.          0.          0.          1.        ]]"
full_scene,91,103,12,16,30,0.3888233483791547,0.9271389002872384,0.0028157592746791125,0.0017295949121731106,"[[-0.46607656 -0.83088337 -0.30398268  0.12722878]
 [-0.77929765  0.54820778 -0.30358426  0.09412806]
 [ 0.41888878  0.09539948 -0.90301225 -0.36065504]
 [ 0.          0.          0.          1.        ]]","[[-0.78060569 -0.57812135 -0.23755096  0.13688388]
 [ 0.34834963 -0.08684969 -0.93333256  0.08604034]
 [ 0.51894825 -0.8113155   0.26918372 -0.36256486]
 [ 0.          0.          0.          1.        ]]"
full_scene,91,104,12,30,30,0.8950041034058268,0.8720250307755437,0.00268218950777816,0.001962540543014323,"[[-0.55294953  0.28181739  0.78410827  0.13695099]
 [-0.71997652 -0.63527092 -0.27940055  0.08474443]
 [ 0.41938125 -0.71903395  0.55417466 -0.35365248]
 [ 0.          0.          0.          1.        ]]","[[-0.12183469  0.81809206  0.56203354  0.13595137]
 [-0.68188905 -0.48045669  0.55153304  0.08626668]
 [ 0.72123757 -0.31604866  0.6163843  -0.35742393]
 [ 0.          0.          0.          1.        ]]"
full_scene,91,105,12,25,30,0.7087607714402955,0.8464813295034879,0.002419620313532787,0.0018929180927299903,"[[ 0.59365606 -0.32434926 -0.73645777  0.13693192]
 [ 0.75180724  0.54991782  0.3638355   0.08848974]
 [ 0.28698147 -0.76966743  0.57031016 -0.35139009]
 [ 0.          0.          0.          1.        ]]","[[-0.50307225 -0.6103807  -0.61184452  0.13679975]
 [ 0.65013037  0.19917712 -0.73325233  0.08286889]
 [ 0.5694285  -0.7666576   0.29662655 -0.35281919]
 [ 0.          0.          0.          1.        ]]"
full_scene,91,106,12,37,30,0.5577810832991383,0.9488100123102174,0.0029144262984243307,0.0017089518168576993,"[[-0.74994118 -0.3885971  -0.53533216  0.15345097]
 [ 0.59687372 -0.0486203  -0.80086068  0.0720257 ]
 [ 0.28518412 -0.9201241   0.26840577 -0.36921413]
 [ 0.          0.          0.          1.        ]]","[[-0.86988483 -0.43962809 -0.22366836  0.14920775]
 [ 0.29820801 -0.10753202 -0.9484244   0.06351753]
 [ 0.3929025  -0.89171969  0.22464109 -0.37252309]
 [ 0.          0.          0.          1.        ]]"
full_scene,91,107,12,16,27,0.7414084940500616,0.9684550677061962,0.002034426768520864,0.0018332137574711934,"[[ 0.04897007 -0.30098504  0.95237069  0.15147973]
 [-0.7114215  -0.67978244 -0.1782562   0.0679126 ]
 [ 0.70105733 -0.66880777 -0.24741622 -0.37685633]
 [ 0.          0.          0.          1.        ]]","[[-0.30026185  0.46243942  0.83426171  0.15032013]
 [-0.65143688 -0.73829575  0.17478378  0.06599126]
 [ 0.69675879 -0.49098795  0.52293215 -0.37607419]
 [ 0.          0.          0.          1.        ]]"
full_scene,91,108,12,23,30,0.46363356585966353,0.9238561756257694,0.0028652763768947467,0.0019139819646594193,"[[-0.37708314 -0.83878013 -0.39275463  0.14837416]
 [ 0.89142174 -0.4437653   0.09186756  0.06157717]
 [-0.25134755 -0.31546831  0.91504325 -0.38263232]
 [ 0.          0.          0.          1.        ]]","[[-0.75863462 -0.58403461 -0.28875091  0.15006394]
 [ 0.46914438 -0.18216571 -0.86412916  0.06487561]
 [ 0.45208082 -0.79102417  0.41219377 -0.38031215]
 [ 0.          0.          0.          1.        ]]"
full_scene,91,109,12,33,29,0.49564013130898643,0.9348584324989742,0.0022929588425890323,0.0018863833089962016,"[[-0.55002102  0.83158748  0.07706583  0.15079597]
 [ 0.78614418  0.48439158  0.3838517   0.0712333 ]
 [ 0.28187623  0.27171136 -0.92017321 -0.38817693]
 [ 0.          0.          0.          1.        ]]","[[ 0.3511569   0.93431453 -0.06119797  0.1482082 ]
 [ 0.08270884  0.03415197  0.9959884   0.06822665]
 [ 0.93265646 -0.35480981 -0.06528337 -0.38532337]
 [ 0.          0.          0.          1.        ]]"
full_scene,91,110,12,15,27,0.4195475995075913,0.9188038572014773,0.002896244077074642,0.0018006033323575035,"[[-0.74650307 -0.63660558 -0.19356266  0.14778154]
 [-0.17784037  0.47121464 -0.86390368  0.05447956]
 [ 0.64117546 -0.61048349 -0.46497735 -0.39060101]
 [ 0.          0.          0.          1.        ]]","[[-0.05041002  0.08323205 -0.99525437  0.14714456]
 [ 0.66804092  0.74358435  0.02834862  0.06625201]
 [ 0.74241508 -0.66344159 -0.09308652 -0.38939966]
 [ 0.          0.          0.          1.        ]]"
full_scene,91,111,12,15,30,0.4955118998768978,0.9561192039392696,0.002891629317688088,0.0017798242895555407,"[[-0.72602851 -0.10634978 -0.67939114  0.15216797]
 [-0.00114709  0.98815469 -0.15345683  0.0752559 ]
 [ 0.68766364 -0.11063471 -0.71755047 -0.39357968]
 [ 0.          0.          0.          1.        ]]","[[ 0.23876785  0.32011316 -0.9167974   0.14764989]
 [ 0.70781513  0.58898446  0.38999365  0.06785773]
 [ 0.66482152 -0.74204102 -0.08595038 -0.39356601]
 [ 0.          0.          0.          1.        ]]"
full_scene,91,112,12,21,30,0.9188807960607304,0.9726354123922856,0.0022487193475569786,0.0015548202377628103,"[[ 0.22705811  0.34602398 -0.91033621  0.1451792 ]
 [ 0.61701948  0.67209207  0.40936441  0.06965243]
 [ 0.75347965 -0.65464468 -0.06089958 -0.39624556]
 [ 0.          0.          0.          1.        ]]","[[ 0.46002151  0.79870047 -0.38788886  0.1483359 ]
 [ 0.31283706  0.2630483   0.91265468  0.06939735]
 [ 0.83097123 -0.54118679 -0.12885523 -0.39751187]
 [ 0.          0.          0.          1.        ]]"
full_scene,91,113,12,79,30,0.5536263848994666,0.9586325400082069,0.0020034789378421893,0.0016316388969351168,"[[ 0.29670523 -0.95394499 -0.04421494  0.15071731]
 [ 0.95224916  0.29205089  0.08903826  0.0698494 ]
 [-0.07202458 -0.06852176  0.99504634 -0.40093568]
 [ 0.          0.          0.          1.        ]]","[[ 0.1347078  -0.05451004 -0.98938489  0.14880359]
 [ 0.85008838  0.51938297  0.08712681  0.06887372]
 [ 0.50912038 -0.85280126  0.11630328 -0.40114405]
 [ 0.          0.          0.          1.        ]]"
full_scene,91,114,12,74,30,0.7812371768567912,0.9132129667624128,0.002388822516796232,0.0015963686229225474,"[[-0.31483417 -0.27749621 -0.90767577  0.14455061]
 [ 0.23256614  0.90460168 -0.35722371  0.06755436]
 [ 0.92021325 -0.32356089 -0.2202633  -0.40512804]
 [ 0.          0.          0.          1.        ]]","[[ 0.1081911  -0.20011823 -0.97377994  0.14887006]
 [ 0.83297902  0.55290296 -0.02107771  0.0682944 ]
 [ 0.54262385 -0.80885784  0.22651347 -0.40544913]
 [ 0.          0.          0.          1.        ]]"
full_scene,91,115,12,20,22,0.7113254000820681,0.9442193270414444,0.0017879969779960399,0.0015029317695862024,"[[ 0.38675188 -0.76066518 -0.52135542  0.15059222]
 [ 0.92212003  0.32564     0.20893356  0.07094018]
 [ 0.01084569 -0.56155773  0.82736648 -0.41087677]
 [ 0.          0.          0.          1.        ]]","[[ 0.08370653 -0.16575927 -0.98260729  0.14860577]
 [ 0.84917591  0.52784585 -0.0167043   0.0686406 ]
 [ 0.52143407 -0.83300818  0.18494292 -0.4101058 ]
 [ 0.          0.          0.          1.        ]]"
full_scene,91,116,12,8,30,0.7624897414854329,0.9808678703323759,0.0018282113445978673,0.0015191459998598034,"[[-0.5099843  -0.84733529 -0.1481179   0.1466815 ]
 [-0.32019709  0.34682108 -0.88158321  0.06663014]
 [ 0.79836698 -0.40216668 -0.4481876  -0.41570435]
 [ 0.          0.          0.          1.        ]]","[[-0.74632671 -0.63789066  0.18997881  0.14931323]
 [ 0.21045893 -0.49696216 -0.84186439  0.06778408]
 [ 0.63142971 -0.58832314  0.50514592 -0.41440476]
 [ 0.          0.          0.          1.        ]]"
full_scene,91,117,12,10,30,0.7677215839146492,0.9635566270004103,0.002096047031141539,0.0017274761480714801,"[[-0.83625504 -0.42354173 -0.34826703  0.14484359]
 [-0.0677905   0.7101117  -0.70081797  0.06687226]
 [ 0.54413414 -0.56245336 -0.62254659 -0.42055067]
 [ 0.          0.          0.          1.        ]]","[[-0.46544183 -0.35174044 -0.81218383  0.14691663]
 [ 0.82030153  0.17316279 -0.54508719  0.06909363]
 [ 0.33236922 -0.91994202  0.20793602 -0.41905701]
 [ 0.          0.          0.          1.        ]]"
full_scene,91,118,12,19,30,0.7928036520311859,0.9344737382027083,0.0017567987437085834,0.00158000717891879,"[[ 0.89489897  0.38772179 -0.22096977  0.14947655]
 [ 0.03375627  0.43492036  0.89983598  0.07252614]
 [ 0.44499027 -0.81272141  0.37612175 -0.42299778]
 [ 0.          0.          0.          1.        ]]","[[ 0.56622246  0.73230562 -0.37831284  0.1475813 ]
 [ 0.20688022  0.31802121  0.92523677  0.07174623]
 [ 0.79786759 -0.60215529  0.02857121 -0.42298496]
 [ 0.          0.          0.          1.        ]]"
full_scene,91,119,12,33,30,0.9300369306524415,0.983201682396389,0.0022302934181674242,0.001674331088244579,"[[ 0.29799153  0.35987714 -0.88413206  0.14217086]
 [ 0.68906433  0.55987809  0.46013789  0.07330289]
 [ 0.66059928 -0.74634105 -0.08113957 -0.42898918]
 [ 0.          0.          0.          1.        ]]","[[ 0.46134785  0.77024499 -0.440319    0.14568919]
 [ 0.41457363  0.25162428  0.87453641  0.07330198]
 [ 0.78440223 -0.58601014 -0.20323694 -0.42847076]
 [ 0.          0.          0.          1.        ]]"
full_scene,91,120,12,13,30,0.7357406647517439,0.9894337299958966,0.0027410793347698056,0.001293270260973658,"[[ 0.38867886  0.64248829 -0.66040711  0.14296715]
 [ 0.62926933  0.33845192  0.69962161  0.07063817]
 [ 0.67301475 -0.68750207 -0.27274907 -0.43512548]
 [ 0.          0.          0.          1.        ]]","[[ 0.64131351  0.59236078 -0.48767375  0.1445513 ]
 [ 0.30607052  0.38532809  0.87054184  0.07622904]
 [ 0.70358924 -0.7075528   0.06581193 -0.43174321]
 [ 0.          0.          0.          1.        ]]"
full_scene,91,121,12,17,8,0.9106739844070578,0.8937730816577759,0.0019121014152304436,0.0016322496176458742,"[[ 0.83083883  0.54499546 -0.11263561  0.15648556]
 [-0.00174834  0.2049504   0.9787708   0.0307935 ]
 [ 0.55651036 -0.81300386  0.17123359 -0.43795217]
 [ 0.          0.          0.          1.        ]]","[[ 0.76982465  0.62421376 -0.13314351  0.15722822]
 [-0.06421237  0.28329211  0.95688158  0.03038898]
 [ 0.63501715 -0.72808156  0.25816749 -0.43878408]
 [ 0.          0.          0.          1.        ]]"
full_scene,91,122,12,20,25,0.8334017234304473,0.8732047599507591,0.002177773461884529,0.0017550407498239963,"[[-0.62399393 -0.78073673  0.0328897   0.15903198]
 [-0.0486414  -0.00320039 -0.99881118  0.02668598]
 [ 0.77991384 -0.62485191 -0.03597911 -0.43748737]
 [ 0.          0.          0.          1.        ]]","[[-0.40828703 -0.88649533 -0.21777909  0.15920307]
 [ 0.31170135  0.08884334 -0.94601751  0.03000195]
 [ 0.85798833 -0.45412872  0.24004821 -0.43589494]
 [ 0.          0.          0.          1.        ]]"
full_scene,91,123,12,39,17,0.9693783340172343,0.9383206811653673,0.002034220452628678,0.0015658412723902736,"[[-0.63468257 -0.74560421  0.20310687  0.15547569]
 [ 0.10656283 -0.34476136 -0.93262209  0.03268729]
 [ 0.76539036 -0.57027534  0.29826772 -0.43247647]
 [ 0.          0.          0.          1.        ]]","[[-0.53054899 -0.84124019  0.10408032  0.15909338]
 [ 0.23698447 -0.26509678 -0.93464542  0.03202237]
 [ 0.81385265 -0.47120976  0.34000769 -0.43267885]
 [ 0.          0.          0.          1.        ]]"
full_scene,91,124,12,56,23,0.944450143619204,0.9209324989741485,0.002298079653855651,0.0016134547024555294,"[[-0.42083667 -0.72911179 -0.5397152   0.15369472]
 [ 0.46846074  0.3348144  -0.81758415  0.03495013]
 [ 0.77681467 -0.59690478  0.20065807 -0.42796326]
 [ 0.          0.          0.          1.        ]]","[[-0.34222845 -0.7763165  -0.52935091  0.15758492]
 [ 0.31295292  0.43702857 -0.84324759  0.03228627]
 [ 0.88596849 -0.45424522  0.0933869  -0.42948322]
 [ 0.          0.          0.          1.        ]]"
full_scene,91,126,12,13,28,0.9609407057858023,0.9936910135412392,0.002001812179014574,0.0013123258123542184,"[[ 0.59546883  0.62220611 -0.50820904  0.15720256]
 [ 0.4162399   0.30211793  0.85759495  0.03553936]
 [ 0.68713988 -0.72220794 -0.0790852  -0.42498009]
 [ 0.          0.          0.          1.        ]]","[[ 0.52635148  0.84992614  0.02407654  0.15595357]
 [ 0.06916035 -0.07101864  0.99507447  0.03797811]
 [ 0.84744968 -0.52209378 -0.09616195 -0.42367631]
 [ 0.          0.          0.          1.        ]]"
full_scene,91,127,12,12,21,0.5626538777185064,0.9274723020106689,0.0022307722769378314,0.001460099861384529,"[[ 0.43753789 -0.8770918  -0.19816803  0.15725331]
 [ 0.89747432  0.41231447  0.15664171  0.03605959]
 [-0.05568161 -0.2463874   0.96757057 -0.41916403]
 [ 0.          0.          0.          1.        ]]","[[ 0.20234675 -0.15396692 -0.96713493  0.15656782]
 [ 0.83868294  0.53713888  0.08995968  0.03749057]
 [ 0.50563496 -0.82932262  0.23781774 -0.41946058]
 [ 0.          0.          0.          1.        ]]"
full_scene,91,128,12,31,30,0.759001846532622,0.9324476815757078,0.0019111609670113966,0.0015383331657338186,"[[-0.46543156  0.39719803 -0.79095334  0.15557739]
 [ 0.63132344  0.77531428  0.01784612  0.03952976]
 [ 0.62032586 -0.49104123 -0.61161617 -0.41914793]
 [ 0.          0.          0.          1.        ]]","[[ 0.01674677 -0.17462285 -0.98449297  0.15548073]
 [ 0.84173039  0.53388137 -0.08037805  0.0383974 ]
 [ 0.53963829 -0.82733158  0.15592615 -0.41619579]
 [ 0.          0.          0.          1.        ]]"
full_scene,91,129,12,12,17,0.9068270414443989,0.9516311038161674,0.0022429559351736556,0.001648269194702396,"[[-0.59045889 -0.40929285 -0.69558441  0.1577274 ]
 [ 0.75915146  0.01088368 -0.65082302  0.04150752]
 [ 0.27394773 -0.91233816  0.3042889  -0.4127149 ]
 [ 0.          0.          0.          1.        ]]","[[-0.624219   -0.39559988 -0.67368492  0.15497067]
 [ 0.70201339  0.09437042 -0.70588343  0.03900724]
 [ 0.34282333 -0.91356169  0.21880861 -0.41317293]
 [ 0.          0.          0.          1.        ]]"
full_scene,91,130,12,96,30,0.32963171932704144,0.36035597045547807,0.0030554036254875276,0.002800306292636418,"[[-0.46372338 -0.63408647  0.61878508  0.13981966]
 [ 0.23254575  0.58682175  0.77560473  0.05294028]
 [-0.85491701  0.50356189 -0.12466886 -0.40030762]
 [ 0.          0.          0.          1.        ]]","[[-0.63650671 -0.58112082  0.50710729  0.13929063]
 [ 0.02472971  0.6417803   0.76648972  0.05890624]
 [-0.7708746   0.50041646 -0.39412651 -0.3961166 ]
 [ 0.          0.          0.          1.        ]]"
full_scene,91,131,12,44,30,0.3872845711940911,0.8906185884283956,0.0022703454304120667,0.001791709863758159,"[[-0.46789746 -0.87692902 -0.10985202  0.15456877]
 [-0.87595464  0.4766637  -0.07412953  0.03958907]
 [ 0.11736881  0.06154036 -0.99117977 -0.41015352]
 [ 0.          0.          0.          1.        ]]","[[-0.59522165 -0.56470367 -0.57168256  0.15551229]
 [ 0.52630089  0.263641   -0.80839396  0.03854892]
 [ 0.60722199 -0.78205063  0.14027921 -0.4064914 ]
 [ 0.          0.          0.          1.        ]]"
full_scene,91,132,12,31,30,0.5003846942962659,0.9831247435371359,0.0018439696859169844,0.0013919133170663526,"[[ 0.76283699  0.6276698   0.15527505  0.15638958]
 [-0.6355585   0.77205124  0.00150885  0.03998074]
 [-0.11893324 -0.09983739  0.98787012 -0.40332482]
 [ 0.          0.          0.          1.        ]]","[[ 0.59073558  0.79699809 -0.12579948  0.1561037 ]
 [ 0.13479105  0.05624181  0.98927662  0.04310409]
 [ 0.79552677 -0.60135754 -0.07420417 -0.40347943]
 [ 0.          0.          0.          1.        ]]"
full_scene,91,133,12,28,30,0.6034314731226919,0.8909263438654083,0.0027126320174059217,0.0017117800977276521,"[[ 0.26660666 -0.94953156 -0.16525951  0.15490822]
 [ 0.94634669  0.29038873 -0.14178269  0.04648052]
 [ 0.18261664 -0.11859258  0.97600562 -0.39744894]
 [ 0.          0.          0.          1.        ]]","[[-0.12915317 -0.41320178 -0.90143427  0.15609609]
 [ 0.83061608  0.45147552 -0.3259552   0.04234086]
 [ 0.54166077 -0.79084395  0.28490254 -0.39991194]
 [ 0.          0.          0.          1.        ]]"
full_scene,91,134,12,15,30,0.8190910956093558,0.8774876897825195,0.0018464037462928814,0.001673267912578662,"[[-0.59579144 -0.79474381 -0.11582246  0.156047  ]
 [ 0.67687608 -0.41925546 -0.60503192  0.04373364]
 [ 0.43228618 -0.43887029  0.78773189 -0.3961605 ]
 [ 0.          0.          0.          1.        ]]","[[-0.62210671 -0.7422287   0.24915818  0.15780913]
 [ 0.1231322  -0.40702935 -0.90507766  0.04190545]
 [ 0.77318931 -0.53237549  0.34460794 -0.39606409]
 [ 0.          0.          0.          1.        ]]"
full_scene,91,135,12,19,30,0.47384078785391875,0.9068013951579811,0.002128887357647721,0.001895596780224007,"[[-0.5637579   0.12323651  0.81669443  0.15783545]
 [-0.59721272  0.62221942 -0.50614224  0.04246474]
 [-0.57053833 -0.77308199 -0.2771827  -0.39555518]
 [ 0.          0.          0.          1.        ]]","[[-0.74843406 -0.48450388  0.45288239  0.15649267]
 [-0.23604653 -0.44354772 -0.86460826  0.04094629]
 [ 0.61978101 -0.75400359  0.21760076 -0.39384548]
 [ 0.          0.          0.          1.        ]]"
full_scene,91,138,12,27,30,0.3249897414854329,0.8517131719327041,0.002611661615884382,0.0017575674871685902,"[[-0.96044169  0.27247917  0.05750525  0.16659353]
 [ 0.25335542  0.94067079 -0.22571996  0.02265935]
 [-0.11559749 -0.20222159 -0.97249352 -0.42041737]
 [ 0.          0.          0.          1.        ]]","[[-0.58098375 -0.74420827 -0.32956325  0.15652406]
 [ 0.45151821  0.04219649 -0.89126358  0.01611054]
 [ 0.67719213 -0.66661347  0.31150811 -0.42103355]
 [ 0.          0.          0.          1.        ]]"
full_scene,91,141,12,27,30,0.8318372999589659,0.9249589659417317,0.00235703773524049,0.0016945367165624183,"[[-0.61228738 -0.56086045 -0.55726091  0.15916867]
 [ 0.74835414 -0.18371286 -0.6373505   0.01579031]
 [ 0.2550887  -0.80727018  0.5322073  -0.42777801]
 [ 0.          0.          0.          1.        ]]","[[-0.28339262 -0.34254055 -0.89574248  0.15486009]
 [ 0.87085302  0.29925017 -0.3899543   0.01383276]
 [ 0.40162626 -0.89057021  0.21349719 -0.42818322]
 [ 0.          0.          0.          1.        ]]"
full_scene,91,142,12,11,29,0.2721070988920804,0.9941270004103406,0.002913306107353673,0.0013751866983897838,"[[-0.03178005  0.91115769 -0.4108305   0.17023629]
 [ 0.66861701  0.32490633  0.66887006  0.02301424]
 [ 0.74292753 -0.25343153 -0.61954107 -0.43083267]
 [ 0.          0.          0.          1.        ]]","[[ 0.57241946  0.8098167   0.12858023  0.1564812 ]
 [-0.04890748 -0.12281323  0.99122397  0.01342616]
 [ 0.81850108 -0.57368443 -0.03069459 -0.43027533]
 [ 0.          0.          0.          1.        ]]"
full_scene,91,143,12,30,23,0.7230201066885515,0.9811243331965531,0.0023065982455268553,0.0015017011378955754,"[[ 0.98033135  0.14593543  0.13286571  0.16285043]
 [-0.13309416 -0.00824149  0.99106913  0.01100326]
 [ 0.14572711 -0.98925979  0.01134377 -0.43489417]
 [ 0.          0.          0.          1.        ]]","[[ 0.55681159  0.81458721  0.16250701  0.15665821]
 [-0.0227102  -0.18063846  0.98328734  0.01124939]
 [ 0.83032831 -0.55119636 -0.08208215 -0.43290191]
 [ 0.          0.          0.          1.        ]]"
full_scene,91,144,12,13,30,0.3215274928190398,0.937782109150595,0.0026024075175867865,0.0015012817550654428,"[[-0.96377839  0.26090446  0.05531803  0.16553035]
 [ 0.25435201  0.96154425 -0.1036229   0.01278709]
 [-0.08022641 -0.08579926 -0.99307714 -0.43682702]
 [ 0.          0.          0.          1.        ]]","[[-0.01094761 -0.18235396 -0.983172    0.15488837]
 [ 0.86290367  0.49508418 -0.10143423  0.00642971]
 [ 0.50524984 -0.84949319  0.15193392 -0.4343256 ]
 [ 0.          0.          0.          1.        ]]"
full_scene,91,145,12,56,30,0.7025030775543701,0.9971789084940501,0.002026188897127358,0.001340701251208595,"[[ 0.77179073  0.37561447  0.5130817   0.16101412]
 [-0.63421306  0.3963789   0.66382042  0.00146039]
 [ 0.0459658  -0.83773357  0.54414117 -0.43790504]
 [ 0.          0.          0.          1.        ]]","[[ 0.68683034  0.71309631  0.14056224  0.1570295 ]
 [-0.08854232 -0.10986228  0.98999522  0.00567135]
 [ 0.72140442 -0.69240446 -0.01231754 -0.4372017 ]
 [ 0.          0.          0.          1.        ]]"
full_scene,91,146,12,27,30,0.4148543290931473,0.8361202297907263,0.003043775664965694,0.001503879331642685,"[[-0.39293123 -0.91470592  0.09443585  0.15713364]
 [ 0.07937504 -0.13605023 -0.98751706 -0.00320467]
 [ 0.91613572 -0.38053044  0.12606321 -0.43174055]
 [ 0.          0.          0.          1.        ]]","[[-5.77515317e-01 -8.08926782e-01  1.10061434e-01  1.58852783e-01]
 [ 2.95183710e-01 -3.32604663e-01 -8.95678913e-01  2.31486955e-04]
 [ 7.61145608e-01 -4.84779949e-01  4.30866296e-01 -4.38105528e-01]
 [ 0.00000000e+00  0.00000000e+00  0.00000000e+00  1.00000000e+00]]"
full_scene,91,147,12,22,30,0.5742972917521543,0.8655621665982766,0.002257225744511123,0.0015745305491083354,"[[-0.08144152 -0.92959347 -0.35947637  0.15569828]
 [ 0.93004385 -0.20054527  0.30789614 -0.00262977]
 [-0.35830953 -0.30925326  0.8808954  -0.44050683]
 [ 0.          0.          0.          1.        ]]","[[ 0.06378091 -0.37866689 -0.92333276  0.15665261]
 [ 0.84062238  0.51903133 -0.15479178 -0.00230688]
 [ 0.53785315 -0.76630142  0.35142015 -0.4398465 ]
 [ 0.          0.          0.          1.        ]]"
full_scene,91,148,12,25,30,0.27400492408699223,0.8494050061551087,0.002361697730272966,0.0016753624567831579,"[[ 0.78102208 -0.49604007  0.37940581  0.16468958]
 [ 0.17477525  0.75687128  0.62976145 -0.00398853]
 [-0.59954827 -0.42554685  0.67782871 -0.44615403]
 [ 0.          0.          0.          1.        ]]","[[ 0.71673058  0.40566499 -0.5672153   0.15732671]
 [ 0.43724265  0.37221678  0.81870235 -0.00451505]
 [ 0.54324593 -0.83479973  0.08940511 -0.44223733]
 [ 0.          0.          0.          1.        ]]"
full_scene,91,149,12,45,30,0.5279288059089043,0.983765900697579,0.002710250701890105,0.001431580163587505,"[[ 1.          0.          0.          0.15605368]
 [ 0.          1.          0.         -0.00488805]
 [ 0.          0.          1.         -0.44201476]
 [ 0.          0.          0.          1.        ]]","[[ 0.68251495  0.72776832 -0.06728006  0.15666739]
 [ 0.02224252  0.07132923  0.9972048  -0.00793592]
 [ 0.7305331  -0.68210366  0.03249587 -0.4448968 ]
 [ 0.          0.          0.          1.        ]]"
full_scene,91,150,12,13,30,0.7274312679524005,0.9113920804267542,0.002708410300257027,0.001863013095052276,"[[-0.54663804 -0.20580985 -0.81168292  0.14957874]
 [ 0.54120981  0.65282254 -0.53001384 -0.0115876 ]
 [ 0.63896697 -0.72901649 -0.24547133 -0.4453975 ]
 [ 0.          0.          0.          1.        ]]","[[ 0.32221367 -0.08196893 -0.94311158  0.15556216]
 [ 0.90493142  0.31921611  0.28142531 -0.0148408 ]
 [ 0.27798827 -0.94413038  0.17703206 -0.44622838]
 [ 0.          0.          0.          1.        ]]"
full_scene,91,151,12,16,30,0.5965582683627411,0.8348892080426754,0.0020727770778748004,0.0017478536277042412,"[[-0.30525152 -0.25086879  0.91863288  0.14518946]
 [-0.9498814   0.01190585 -0.31238369 -0.06134977]
 [ 0.06743022 -0.96794788 -0.24192987 -0.45783279]
 [ 0.          0.          0.          1.        ]]","[[-0.70692427 -0.18864047  0.68166917  0.14126237]
 [-0.57468695 -0.40862207 -0.70905776 -0.05993591]
 [ 0.41230206 -0.89299651  0.18045564 -0.45561974]
 [ 0.          0.          0.          1.        ]]"
full_scene,91,152,12,59,30,0.7988561756257694,0.857355354944604,0.0018745995225426572,0.001504746860570866,"[[ 0.71859402  0.61540976  0.32387262  0.14846528]
 [-0.3809538  -0.04127503  0.92367233 -0.04677034]
 [ 0.58180482 -0.78712591  0.20478269 -0.45268456]
 [ 0.          0.          0.          1.        ]]","[[ 0.61890031  0.62451678  0.47638346  0.14630874]
 [-0.39141383 -0.28061544  0.87638473 -0.04675133]
 [ 0.68099752 -0.72885786  0.07077152 -0.45423893]
 [ 0.          0.          0.          1.        ]]"
full_scene,91,153,12,30,30,0.4305755026672138,0.8810781698810012,0.0022261329847120025,0.0013519001233508706,"[[ 0.86217747  0.37292008  0.34290031  0.14648395]
 [ 0.44221738 -0.88423299 -0.15025248 -0.04261489]
 [ 0.2471716   0.28118078 -0.9272775  -0.45659727]
 [ 0.          0.          0.          1.        ]]","[[ 0.66056057  0.66644078  0.34571148  0.14784264]
 [-0.27525462 -0.2134333   0.93737992 -0.04012258]
 [ 0.69849455 -0.7143549   0.04245528 -0.45303837]
 [ 0.          0.          0.          1.        ]]"
full_scene,91,154,12,22,18,0.6282057858022159,0.886258719737382,0.0020324916512941167,0.001657609138496744,"[[-0.07502416 -0.99717066 -0.00469581  0.15192502]
 [-0.3253531   0.02892944 -0.94514996 -0.03622217]
 [ 0.94261165 -0.06938129 -0.32660298 -0.45454005]
 [ 0.          0.          0.          1.        ]]","[[-0.4934804  -0.84513621  0.20547963  0.14941991]
 [ 0.2483053  -0.36331208 -0.89796927 -0.03663538]
 [ 0.83355958 -0.39210855  0.38913919 -0.45293033]
 [ 0.          0.          0.          1.        ]]"
full_scene,91,155,12,23,30,0.7556165367254821,0.8527390233894132,0.002679729344199225,0.0016489126393739557,"[[-0.57230242 -0.16229945 -0.80382139  0.14103525]
 [ 0.3810413   0.81534212 -0.43591828 -0.03332094]
 [ 0.72613874 -0.55576624 -0.40477948 -0.45233768]
 [ 0.          0.          0.          1.        ]]","[[ 0.66111401  0.16352234 -0.73224907  0.148621  ]
 [ 0.58395884  0.50063394  0.63902874 -0.03041159]
 [ 0.47108422 -0.85007417  0.2354858  -0.45153913]
 [ 0.          0.          0.          1.        ]]"
full_scene,91,156,12,27,30,0.2910853508411982,0.828451990151826,0.0029211515253765854,0.0016708388771703882,"[[ 1.          0.          0.          0.15645165]
 [ 0.          1.          0.         -0.03440802]
 [ 0.          0.          1.         -0.45311608]
 [ 0.          0.          0.          1.        ]]","[[ 0.75782591  0.45864223 -0.46405516  0.14845241]
 [ 0.25422765  0.44746011  0.85740757 -0.02685125]
 [ 0.60088949 -0.76774133  0.22249733 -0.45061486]
 [ 0.          0.          0.          1.        ]]"
full_scene,91,157,12,75,30,0.4635309807139926,0.8723840787853919,0.0022506984183440198,0.0014569822488069016,"[[ 0.9398537  -0.05870688  0.33649446  0.15456559]
 [-0.19830554  0.7083236   0.67746039 -0.02273098]
 [-0.27811856 -0.70344238  0.65407866 -0.45204532]
 [ 0.          0.          0.          1.        ]]","[[ 0.67212234  0.70432236  0.22843287  0.15024851]
 [-0.30456    -0.01822932  0.9523187  -0.022478  ]
 [ 0.67490353 -0.70964618  0.20225609 -0.44988284]
 [ 0.          0.          0.          1.        ]]"
full_scene,91,158,12,85,30,0.551138695116947,0.9947938038572015,0.0024551287853752627,0.0013207641970700925,"[[ 0.76460347 -0.62204778  0.16863598  0.15003261]
 [-0.34718449 -0.17708833  0.92092489 -0.01725983]
 [-0.54299582 -0.76269016 -0.35136769 -0.44826514]
 [ 0.          0.          0.          1.        ]]","[[ 0.64281341  0.71732075  0.26877845  0.14958888]
 [-0.13616006 -0.23829257  0.96160132 -0.01798306]
 [ 0.75382449 -0.65472711 -0.05550722 -0.44967041]
 [ 0.          0.          0.          1.        ]]"
full_scene,91,160,12,35,30,0.6025594993844892,0.9509899466557242,0.0026500987504669282,0.0017340216145695175,"[[ 0.12849523 -0.93361752 -0.3344358   0.14648056]
 [-0.15174468  0.3147505  -0.93696621 -0.01453884]
 [ 0.9800319   0.17114454 -0.10122755 -0.44653468]
 [ 0.          0.          0.          1.        ]]","[[-0.58419623 -0.74704561  0.31723432  0.15111101]
 [ 0.18197387 -0.50148173 -0.84581415 -0.01331651]
 [ 0.79094897 -0.43639308  0.42890652 -0.44696249]
 [ 0.          0.          0.          1.        ]]"
full_scene,91,161,12,15,26,0.32157878539187523,0.8407109150594994,0.002815754088843762,0.001596787269739601,"[[ 0.71644555 -0.66310477 -0.21678985  0.16096404]
 [ 0.68855343  0.62210555  0.37266453 -0.00683011]
 [-0.11224946 -0.41626524  0.90228782 -0.44948266]
 [ 0.          0.          0.          1.        ]]","[[ 0.58184028  0.1774235  -0.79371455  0.14940271]
 [ 0.51775039  0.67181464  0.52971655 -0.00954285]
 [ 0.62721322 -0.71915644  0.29902773 -0.4456173 ]
 [ 0.          0.          0.          1.        ]]"
full_scene,91,162,12,25,30,0.3316064833812064,0.571783955683217,0.002169583469476731,0.0017909487728065237,"[[ 0.91439459 -0.4048021   0.00421759  0.15966749]
 [-0.22731637 -0.50480119  0.83276829 -0.00659717]
 [-0.33497731 -0.76243755 -0.55360563 -0.45248908]
 [ 0.          0.          0.          1.        ]]","[[-0.11817919 -0.05204098  0.99162766  0.15355034]
 [-0.98497806  0.13276223 -0.1104193  -0.0112603 ]
 [-0.12590437 -0.98978075 -0.06694895 -0.44713489]
 [ 0.          0.          0.          1.        ]]"
full_scene,91,163,12,26,27,0.5930447271235125,0.9138541239228559,0.002398264329775137,0.0016825425172095096,"[[ 0.15124434  0.16429549 -0.97474722  0.14928378]
 [ 0.8014921   0.55677303  0.21820677  0.00481867]
 [ 0.57856336 -0.81425474 -0.04747277 -0.44186426]
 [ 0.          0.          0.          1.        ]]","[[ 0.14250408 -0.25054965 -0.95755807  0.14884191]
 [ 0.83708487  0.54676059 -0.0184873  -0.00354123]
 [ 0.528187   -0.79892286  0.28764694 -0.4432442 ]
 [ 0.          0.          0.          1.        ]]"
full_scene,91,165,12,36,30,0.5246460812474354,0.8375820681165367,0.0029214823223114245,0.001765166274060698,"[[ 0.         -0.03123475 -0.99951208  0.14815088]
 [ 0.          0.99951208 -0.03123475  0.00744863]
 [ 1.          0.          0.         -0.43501431]
 [ 0.          0.          0.          1.        ]]","[[ 0.31715822 -0.20595263 -0.9257398   0.14981924]
 [ 0.73653591  0.66841234  0.10363294  0.00218859]
 [ 0.59743243 -0.71470865  0.36368397 -0.44047228]
 [ 0.          0.          0.          1.        ]]"
full_scene,91,166,12,14,30,0.5414956914238819,0.7131462864177267,0.002279785422306614,0.0019839858134806485,"[[-0.86486596 -0.24149473 -0.44009903  0.13527827]
 [ 0.08762198  0.79060836 -0.60602046 -0.01368164]
 [ 0.49429672 -0.56268882 -0.66261002 -0.46574986]
 [ 0.          0.          0.          1.        ]]","[[-0.13228875 -0.74929465 -0.64888921  0.13854341]
 [ 0.66955973  0.41515833 -0.61590042 -0.01779455]
 [ 0.73088265 -0.51594678  0.44677675 -0.46375716]
 [ 0.          0.          0.          1.        ]]"
full_scene,91,167,12,17,30,0.5104123922855971,0.7127359458350431,0.0023314151556684385,0.001853315310308033,"[[-0.65780779 -0.3575286  -0.66291946  0.14226263]
 [ 0.368975    0.61433777 -0.6974572  -0.02484431]
 [ 0.65661736 -0.70339349 -0.27219706 -0.4665652 ]
 [ 0.          0.          0.          1.        ]]","[[-0.13437409 -0.6668395  -0.73298614  0.13876814]
 [ 0.59771781  0.53543564 -0.59669263 -0.02084774]
 [ 0.79036512 -0.5182989   0.32663317 -0.46445243]
 [ 0.          0.          0.          1.        ]]"
full_scene,91,168,12,13,30,0.4761745999179319,0.7296881411571604,0.002594662519016676,0.001919554606807033,"[[ 0.14337814  0.49551585 -0.85668358  0.14194453]
 [ 0.71157471  0.55000084  0.43721906 -0.01445399]
 [ 0.68782566 -0.67228202 -0.27373845 -0.46320197]
 [ 0.          0.          0.          1.        ]]","[[ 0.70059199 -0.04671365 -0.71203139  0.13988273]
 [ 0.58106766  0.61651994  0.5312848  -0.02323287]
 [ 0.41416329 -0.78595229  0.45907273 -0.46478693]
 [ 0.          0.          0.          1.        ]]"
full_scene,91,170,12,17,30,0.4832273286828067,0.7977277390233894,0.003128841798705699,0.001592239101904305,"[[ 0.37349336  0.13846868 -0.91723995  0.13698885]
 [ 0.7243922  -0.66118942  0.19515248 -0.03559854]
 [-0.57944685 -0.73732962 -0.34725549 -0.46530219]
 [ 0.          0.          0.          1.        ]]","[[ 0.60325824  0.08828413 -0.79264456  0.13716188]
 [ 0.60164374  0.60204175  0.52494812 -0.0314479 ]
 [ 0.52354971 -0.79356893  0.31007106 -0.46521707]
 [ 0.          0.          0.          1.        ]]"
full_scene,91,171,12,29,30,0.8291444398851047,0.8868998768978252,0.0021398866499928513,0.0018459029235525842,"[[ 0.36035804  0.57507386 -0.73446044  0.13599201]
 [ 0.55953878  0.49672329  0.66346238 -0.03719245]
 [ 0.74636348 -0.6500431  -0.14277789 -0.4677705 ]
 [ 0.          0.          0.          1.        ]]","[[ 0.40547014 -0.04278723 -0.91310635  0.13655844]
 [ 0.76896988  0.55605971  0.31540912 -0.0349649 ]
 [ 0.49424617 -0.83004027  0.2583677  -0.46593073]
 [ 0.          0.          0.          1.        ]]"
full_scene,91,173,12,25,30,0.7456144850225688,0.7356124333196553,0.0021177851664841763,0.00183844219348881,"[[ 0.13397173  0.35749591 -0.92425551  0.13571123]
 [ 0.2916251   0.87714241  0.38154422 -0.04307048]
 [ 0.9471042  -0.32065225  0.01325751 -0.46666309]
 [ 0.          0.          0.          1.        ]]","[[ 0.24393457 -0.12601396 -0.96156976  0.1352782 ]
 [ 0.47775924  0.8784698   0.00607604 -0.04501644]
 [ 0.84394433 -0.46088099  0.27449349 -0.46538493]
 [ 0.          0.          0.          1.        ]]"
full_scene,91,174,12,25,28,0.5040521132540008,0.7721840377513336,0.002749438058203969,0.0017001714277239148,"[[-0.28392444 -0.9557897  -0.0765046   0.12982243]
 [-0.41916956  0.19548489 -0.88661296 -0.05105432]
 [ 0.86237103 -0.21966269 -0.45614089 -0.4658179 ]
 [ 0.          0.          0.          1.        ]]","[[-0.41006364 -0.90255835  0.13128686  0.13790345]
 [ 0.23528489 -0.24375682 -0.94086324 -0.04980659]
 [ 0.88118604 -0.35492399  0.31231415 -0.46572667]
 [ 0.          0.          0.          1.        ]]"
full_scene,91,175,12,10,30,0.37074271645465734,0.916572630283135,0.00322546869243615,0.0016726451149730328,"[[ 0.5028565   0.66160209 -0.55625355  0.14130668]
 [ 0.82793168 -0.18378816  0.52985946 -0.05853663]
 [ 0.24832331 -0.72698321 -0.6401804  -0.46726144]
 [ 0.          0.          0.          1.        ]]","[[ 0.28647282  0.15861263 -0.94486791  0.13306867]
 [ 0.79758384  0.50693758  0.32691637 -0.05309283]
 [ 0.53084211 -0.84726403  0.01871697 -0.46596595]
 [ 0.          0.          0.          1.        ]]"
full_scene,91,176,12,33,30,0.7590531391054576,0.9005180549856381,0.002776720850949617,0.0015179624824431328,"[[ 0.81291245  0.28854626 -0.50587983  0.1291269 ]
 [ 0.35795447  0.4376371   0.82482869 -0.05397781]
 [ 0.45939302 -0.85159546  0.25247423 -0.46215736]
 [ 0.          0.          0.          1.        ]]","[[ 0.30020563 -0.01382451 -0.95377432  0.13194058]
 [ 0.83914299  0.47926871  0.25717803 -0.05788645]
 [ 0.45355883 -0.87755933  0.15547991 -0.46460144]
 [ 0.          0.          0.          1.        ]]"
full_scene,91,177,12,47,24,0.8504821501846532,0.8931575707837505,0.001904558507505268,0.0016991710495658928,"[[ 0.16055216  0.80197566  0.57537643  0.12996121]
 [-0.79394741 -0.24139817  0.55800935 -0.06298014]
 [ 0.58640473 -0.54640824  0.5979695  -0.46417781]
 [ 0.          0.          0.          1.        ]]","[[ 0.14198767  0.6540133   0.74303842  0.13188987]
 [-0.74086853 -0.42760502  0.51794572 -0.06483888]
 [ 0.65647035 -0.62403569  0.42382323 -0.46395045]
 [ 0.          0.          0.          1.        ]]"
full_scene,91,179,12,9,30,0.8057037340993024,0.7225328272466147,0.0019830759107740256,0.0017230486449899614,"[[-0.12058745  0.8608823  -0.49430793  0.12183503]
 [ 0.3285688   0.50448831  0.79845732 -0.07577065]
 [ 0.93675034 -0.06613024 -0.34369403 -0.4646704 ]
 [ 0.          0.          0.          1.        ]]","[[ 0.04711223 -0.52487729 -0.84987309  0.12553519]
 [ 0.46387114  0.7650081  -0.44675068 -0.08058111]
 [ 0.88464908 -0.37318418  0.27951666 -0.46369511]
 [ 0.          0.          0.          1.        ]]"
full_scene,91,180,12,82,30,0.43775646286417724,0.8887464095199015,0.0019673708653043178,0.0015246376030812066,"[[ 0.00655599  0.42434342  0.9054776   0.12163096]
 [-0.89392117  0.40831799 -0.18488201 -0.09434352]
 [-0.44817626 -0.80821351  0.38200649 -0.46618836]
 [ 0.          0.          0.          1.        ]]","[[ 0.53224967  0.54627125  0.64675963  0.12041568]
 [-0.50584177 -0.4073843   0.76036973 -0.08765972]
 [ 0.67884784 -0.73186457  0.05949665 -0.46287273]
 [ 0.          0.          0.          1.        ]]"
full_scene,91,181,12,22,21,0.8232457940090275,0.9097250718096019,0.0025558518938881857,0.0016687143943860845,"[[-1.          0.          0.          0.09112356]
 [ 0.          0.         -1.         -0.11026849]
 [ 0.         -1.          0.         -0.46908765]
 [ 0.          0.          0.          1.        ]]","[[-0.86940054 -0.2946038  -0.39667531  0.08894565]
 [ 0.37533288  0.12836505 -0.91795841 -0.11205216]
 [ 0.32135328 -0.94695883 -0.00102615 -0.47243786]
 [ 0.          0.          0.          1.        ]]"
full_scene,91,182,12,48,29,0.5772466146901929,0.700451374640952,0.0020713266117548634,0.0015765690388575312,"[[-0.60922067 -0.52969099 -0.59015051  0.10078066]
 [ 0.17027523  0.63946291 -0.74972897 -0.10550159]
 [ 0.77450405 -0.5572384  -0.29938077 -0.47569941]
 [ 0.          0.          0.          1.        ]]","[[-0.34291597 -0.93629688 -0.07587349  0.10272211]
 [ 0.34197927 -0.04920349 -0.93841846 -0.10494475]
 [ 0.87490504 -0.34774583  0.33706678 -0.47332092]
 [ 0.          0.          0.          1.        ]]"
full_scene,91,183,12,29,30,0.7169162905211326,0.9185473943372999,0.0022901372373609736,0.0016348967927928566,"[[ 0.80136652  0.37953769  0.46234493  0.1074411 ]
 [-0.58685992  0.349229    0.73050293 -0.09432681]
 [ 0.11578914 -0.85673231  0.50259589 -0.47331105]
 [ 0.          0.          0.          1.        ]]","[[ 0.35696209  0.42075948  0.83399013  0.10741707]
 [-0.59317724 -0.58759442  0.55033949 -0.09422116]
 [ 0.72160851 -0.69115429  0.03983601 -0.47446776]
 [ 0.          0.          0.          1.        ]]"
full_scene,91,184,12,55,30,0.7685935576528519,0.8219891259745589,0.0023697712698421197,0.0017874389813850688,"[[-0.3692239   0.20965633 -0.90538275  0.10921782]
 [ 0.90772279 -0.12754691 -0.39971379 -0.0868704 ]
 [-0.1992813  -0.96942045 -0.14321646 -0.47979866]
 [ 0.          0.          0.          1.        ]]","[[-0.47248466 -0.71077451 -0.52111213  0.10857055]
 [ 0.50521928  0.26605101 -0.82095697 -0.0890861 ]
 [ 0.72215769 -0.65116546  0.23339196 -0.47587105]
 [ 0.          0.          0.          1.        ]]"
full_scene,91,185,12,18,30,0.3319911776774723,0.7841095609355765,0.0022239161637536966,0.0016517444856130566,"[[ 0.94676534  0.18268924  0.2650661   0.11812116]
 [-0.20666436  0.97622851  0.06532789 -0.08329224]
 [-0.24683038 -0.11662989  0.96201467 -0.48072687]
 [ 0.          0.          0.          1.        ]]","[[ 0.89441248  0.35596488 -0.27076802  0.11379406]
 [ 0.06699104  0.49195696  0.86803834 -0.08022846]
 [ 0.44219737 -0.79452335  0.41616598 -0.47812249]
 [ 0.          0.          0.          1.        ]]"
full_scene,91,186,12,22,30,0.35894542470250307,0.8909776364382438,0.002701124851790732,0.0017626648574273005,"[[-0.43412625  0.89154521  0.12915706  0.12597981]
 [ 0.82242844  0.45074649 -0.34704333 -0.07251859]
 [-0.36762191 -0.04443818 -0.92891301 -0.47787765]
 [ 0.          0.          0.          1.        ]]","[[-0.15737238  0.07401338 -0.98476188  0.11067686]
 [ 0.75958594  0.6463186  -0.07281113 -0.07451842]
 [ 0.63108092 -0.75946974 -0.15793222 -0.47988235]
 [ 0.          0.          0.          1.        ]]"
full_scene,91,187,12,31,15,0.9090582683627411,0.9310371358227328,0.002056406720004987,0.0015310976376569753,"[[ 0.32478168 -0.25390479 -0.91107037  0.11460508]
 [ 0.870858    0.45605895  0.18334826 -0.06647883]
 [ 0.3689488  -0.85296107  0.3692346  -0.47988704]
 [ 0.          0.          0.          1.        ]]","[[ 0.23778811 -0.02873347 -0.97089196  0.11369075]
 [ 0.81960409  0.5423475   0.18468438 -0.06919027]
 [ 0.52125421 -0.83966277  0.15251386 -0.48056312]
 [ 0.          0.          0.          1.        ]]"
full_scene,91,188,12,24,8,0.8048061140746819,0.749717890849405,0.0020283435415367626,0.0016574111989051032,"[[ 0.59449675  0.01570426 -0.80394464  0.11603102]
 [ 0.5532446   0.71755408  0.42312711 -0.06396964]
 [ 0.58351866 -0.69632572  0.41789528 -0.47990062]
 [ 0.          0.          0.          1.        ]]","[[ 0.66990222 -0.03700928 -0.74152635  0.11770875]
 [ 0.56956596  0.66629407  0.48129704 -0.0655759 ]
 [ 0.47626216 -0.74477012  0.4674311  -0.48118243]
 [ 0.          0.          0.          1.        ]]"
full_scene,91,189,12,33,30,0.36776774723020106,0.7786469019286008,0.0023646698116578427,0.001869010866081837,"[[ 1.          0.          0.          0.1148236 ]
 [ 0.          1.          0.         -0.05724491]
 [ 0.          0.          1.         -0.48475349]
 [ 0.          0.          0.          1.        ]]","[[ 0.69390473  0.71273323 -0.10250648  0.11825835]
 [-0.2528673   0.37448844  0.8920855  -0.05963677]
 [ 0.67420647 -0.59310181  0.44008622 -0.48228798]
 [ 0.          0.          0.          1.        ]]"
full_scene,91,190,12,14,30,0.5730919162905211,0.7088890028723841,0.002400992845225135,0.0018063797630655948,"[[ 0.19562404 -0.80556788 -0.55927777  0.12017119]
 [ 0.87587875  0.4000336  -0.26983243 -0.05709055]
 [ 0.44109824 -0.4370738   0.78383597 -0.48580704]
 [ 0.          0.          0.          1.        ]]","[[ 0.75063765 -0.04700965 -0.65903962  0.12054186]
 [ 0.51518455  0.66616199  0.53927088 -0.05462547]
 [ 0.4136762  -0.74432406  0.52426491 -0.48281585]
 [ 0.          0.          0.          1.        ]]"
full_scene,91,192,12,39,30,0.7438448912597456,0.8514054164956915,0.002008384354509234,0.0018166461695796167,"[[-0.18470123  0.49368747 -0.84979888  0.11712542]
 [ 0.6798779   0.68857356  0.25225481 -0.04531996]
 [ 0.70968408 -0.5311677  -0.46282758 -0.48842526]
 [ 0.          0.          0.          1.        ]]","[[-0.04835984  0.24101531 -0.96931571  0.11606161]
 [ 0.72775867  0.673191    0.13107705 -0.04476575]
 [ 0.68412619 -0.69908905 -0.2079564  -0.48610756]
 [ 0.          0.          0.          1.        ]]"
full_scene,91,193,12,60,30,0.5599097250718096,0.7217890849405006,0.0019711048378647377,0.0016688913508272072,"[[ 0.95658732 -0.22375572  0.18674603  0.12610731]
 [-0.26230818 -0.38172146  0.88627487 -0.04093249]
 [-0.1270241  -0.89678431 -0.42384286 -0.49031041]
 [ 0.          0.          0.          1.        ]]","[[ 0.55424419  0.18470403  0.811602    0.12407467]
 [-0.74297159 -0.32979783  0.58243163 -0.04219776]
 [ 0.37524204 -0.92580658 -0.04555868 -0.48685948]
 [ 0.          0.          0.          1.        ]]"
full_scene,91,194,12,31,30,0.5160032827246614,0.7086838325810423,0.0019868987237440477,0.0015944205850548813,"[[ 0.99005386 -0.04625212  0.13286871  0.12579745]
 [-0.12328064 -0.74025885  0.66092263 -0.03291031]
 [ 0.06778816 -0.67072914 -0.73859812 -0.48988572]
 [ 0.          0.          0.          1.        ]]","[[ 0.56825065  0.22702506  0.79091771  0.1239931 ]
 [-0.75516656 -0.2378851   0.61084707 -0.0362831 ]
 [ 0.32682513 -0.94438885  0.03626337 -0.48664753]
 [ 0.          0.          0.          1.        ]]"
full_scene,91,195,12,7,30,0.46845506770619616,0.36671624948707426,0.0030608263769565775,0.0027352631102741942,"[[ 0.72372522 -0.15028612 -0.67352497  0.11243442]
 [-0.10172374 -0.98856946  0.11127758 -0.02843692]
 [-0.6825497  -0.01202091 -0.73074032 -0.45578885]
 [ 0.          0.          0.          1.        ]]","[[ 0.18690067  0.45941979 -0.86833265  0.12731999]
 [-0.26532752 -0.82745137 -0.49489953 -0.01262929]
 [-0.94586968  0.3228896  -0.03275451 -0.45473592]
 [ 0.          0.          0.          1.        ]]"
full_scene,91,196,12,27,30,0.3939013130898646,0.6412853918752565,0.0030230938225998807,0.0019188792919762057,"[[ 0.5910699  -0.7058748   0.39035515  0.09912172]
 [-0.19556534  0.34409373  0.91834291 -0.0381694 ]
 [-0.78255387 -0.61914479  0.0653388  -0.50337148]
 [ 0.          0.          0.          1.        ]]","[[ 0.94022051  0.26550065 -0.2132951   0.10294376]
 [ 0.00711367  0.6108484   0.79171562 -0.04325575]
 [ 0.34049198 -0.74590457  0.57244351 -0.50732553]
 [ 0.          0.          0.          1.        ]]"
full_scene,91,197,12,6,30,0.22440500615510875,0.38551497743126795,0.002970222164549921,0.002776097811710573,"[[-0.34282636  0.87167355 -0.35022178  0.12036086]
 [ 0.90061283  0.41099711  0.14134326 -0.04335225]
 [ 0.26714532 -0.26695803 -0.92594103 -0.48117727]
 [ 0.          0.          0.          1.        ]]","[[-0.19096639  0.8443531   0.50059933  0.11917123]
 [ 0.96109659  0.26451747 -0.07952267 -0.03457203]
 [-0.19956248  0.46593815 -0.86201883 -0.47969583]
 [ 0.          0.          0.          1.        ]]"
full_scene,91,198,12,27,30,0.7942398440705786,0.7792624128026262,0.0021605635445038295,0.0017341274469523011,"[[-0.0749078  -0.30883965 -0.94815974  0.09880605]
 [ 0.99499071  0.03997289 -0.09162779 -0.05050712]
 [ 0.06619898 -0.95027377  0.3042983  -0.50834188]
 [ 0.          0.          0.          1.        ]]","[[ 0.68247461  0.27560201 -0.67695786  0.09905288]
 [ 0.40314749  0.6306179   0.66316903 -0.05368169]
 [ 0.60967246 -0.72550989  0.31927245 -0.50565266]
 [ 0.          0.          0.          1.        ]]"
full_scene,91,199,12,13,30,0.341967583093968,0.6742152236356176,0.002992777507978289,0.0016788544867619006,"[[ 0.46516618  0.78170777 -0.41539545  0.10955891]
 [ 0.42042814  0.21786124  0.88078184 -0.05358964]
 [ 0.77901258 -0.58435386 -0.22731027 -0.50037242]
 [ 0.          0.          0.          1.        ]]","[[ 0.96341162  0.1674026  -0.20931896  0.10096477]
 [ 0.06252173  0.61905748  0.78285303 -0.05914685]
 [ 0.2606321  -0.76729669  0.58594086 -0.50302097]
 [ 0.          0.          0.          1.        ]]"
full_scene,91,200,12,13,30,0.6711889618383258,0.800394952810833,0.002424911708647276,0.0017617619480063695,"[[ 0.88999519  0.26475946  0.37122902  0.10490214]
 [-0.17512931 -0.55322246  0.81441674 -0.06376209]
 [ 0.42099677 -0.78984007 -0.44599819 -0.50576033]
 [ 0.          0.          0.          1.        ]]","[[ 0.54883559  0.81206669  0.19831086  0.09834823]
 [-0.42377094  0.06579658  0.90337644 -0.06398349]
 [ 0.72055374 -0.57984352  0.38024177 -0.50182584]
 [ 0.          0.          0.          1.        ]]"
full_scene,91,201,12,35,30,0.41662392285597044,0.7163520722199426,0.0025172508767730404,0.0018003369550010063,"[[ 0.59185138  0.30531755 -0.74598468  0.10085492]
 [ 0.67476849 -0.69391163  0.25134465 -0.07062963]
 [-0.44090752 -0.65212563 -0.61671121 -0.50487718]
 [ 0.          0.          0.          1.        ]]","[[ 0.91037965  0.3077205   0.27661703  0.10088982]
 [-0.35442128  0.23493418  0.90509198 -0.06970518]
 [ 0.21352856 -0.92201628  0.32294199 -0.50099883]
 [ 0.          0.          0.          1.        ]]"
full_scene,91,202,12,58,30,0.4174958965941732,0.7098122691834222,0.002843803960861996,0.001772380583181142,"[[ 1.          0.          0.          0.09876537]
 [ 0.          1.          0.         -0.07533197]
 [ 0.          0.          1.         -0.49648521]
 [ 0.          0.          0.          1.        ]]","[[ 0.89390677  0.30504261 -0.32845044  0.09761833]
 [ 0.15764123  0.47199571  0.86739224 -0.07622921]
 [ 0.41961879 -0.82714513  0.37383287 -0.49812556]
 [ 0.          0.          0.          1.        ]]"
full_scene,91,204,12,40,30,0.8114228559704555,0.8942347148132951,0.002731561796428043,0.0018306932126188925,"[[ 0.3887251   0.4568095  -0.80013616  0.09042583]
 [ 0.83726981  0.18731303  0.51370526 -0.08763739]
 [ 0.38454137 -0.86961998 -0.30965953 -0.49831914]
 [ 0.          0.          0.          1.        ]]","[[ 0.15848708  0.32019475 -0.93400063  0.09083758]
 [ 0.62215792  0.70214564  0.34628171 -0.08555435]
 [ 0.76668206 -0.63597706 -0.08793069 -0.49504602]
 [ 0.          0.          0.          1.        ]]"
full_scene,91,205,12,33,22,0.9441167418957734,0.9143670496512105,0.0020323122179296414,0.0015699209731869436,"[[ 0.53931118  0.36401606 -0.75936537  0.09189883]
 [ 0.74283129  0.21911573  0.6326057  -0.08926571]
 [ 0.39666753 -0.90525168 -0.15223095 -0.49365636]
 [ 0.          0.          0.          1.        ]]","[[ 0.55394196  0.42294616 -0.71712262  0.09032581]
 [ 0.66780276  0.28865537  0.68608859 -0.09136532]
 [ 0.49717983 -0.85894972 -0.12254629 -0.49295044]
 [ 0.          0.          0.          1.        ]]"
full_scene,91,206,12,19,17,0.42939577349199837,0.5034622486663931,0.00281075654128294,0.0027367913869999045,"[[ 0.78323495 -0.14364376 -0.60490452  0.08171164]
 [-0.5724473  -0.54623806 -0.61149658 -0.09643076]
 [-0.24258421  0.82522145 -0.51006123 -0.48029015]
 [ 0.          0.          0.          1.        ]]","[[ 0.75689631  0.12229922 -0.64198978  0.08270585]
 [-0.53401423 -0.45055089 -0.71542483 -0.09392497]
 [-0.37674497  0.8843341  -0.27571078 -0.47755384]
 [ 0.          0.          0.          1.        ]]"
full_scene,91,207,12,56,30,0.8219634796881412,0.8214505539597866,0.002078676420321701,0.0017842266667517362,"[[ 0.77623451  0.04563424 -0.62879051  0.08313205]
 [ 0.63044271 -0.05395992  0.77435801 -0.10235779]
 [ 0.00140776 -0.9974998  -0.07065532 -0.48787653]
 [ 0.          0.          0.          1.        ]]","[[ 0.83307894  0.19091955 -0.51916202  0.08533271]
 [ 0.35844605  0.52850963  0.76954142 -0.10345899]
 [ 0.42130263 -0.82718033  0.37185589 -0.48643879]
 [ 0.          0.          0.          1.        ]]"
full_scene,91,208,12,24,30,0.6957324579400903,0.7993691013541239,0.0021177627741377474,0.0016613789184143303,"[[-0.80994433 -0.23483282  0.53744183  0.07900857]
 [-0.49722491 -0.21106146 -0.84155834 -0.11594784]
 [ 0.31105878 -0.94884488  0.05418331 -0.48490043]
 [ 0.          0.          0.          1.        ]]","[[-0.00115937  0.51870513  0.85495242  0.07969782]
 [-0.8781229  -0.40956669  0.24729596 -0.11156602]
 [ 0.47843372 -0.7504666   0.4559617  -0.48370198]
 [ 0.          0.          0.          1.        ]]"
full_scene,91,209,12,55,30,0.8319655313910546,0.7133514567090685,0.0018152909282959507,0.001633686806792156,"[[ 0.66180533  0.414137   -0.6249034   0.07277226]
 [ 0.42381046  0.48090094  0.76754087 -0.11607699]
 [ 0.6183837  -0.77280323  0.14274721 -0.48135836]
 [ 0.          0.          0.          1.        ]]","[[ 0.28075985 -0.12789833 -0.95121813  0.0733168 ]
 [ 0.5242045   0.850636    0.04034895 -0.11894697]
 [ 0.80397982 -0.50996118  0.30586931 -0.48132303]
 [ 0.          0.          0.          1.        ]]"
full_scene,91,210,12,47,30,0.6347712351251539,0.7733894132129667,0.00246720131730388,0.0015040853741338607,"[[ 0.65575828  0.30260797  0.69167152  0.07029353]
 [-0.4814818  -0.53803758  0.69187487 -0.12966602]
 [ 0.58151212 -0.78672993 -0.20712237 -0.47888805]
 [ 0.          0.          0.          1.        ]]","[[ 0.23855912  0.25232657  0.93777441  0.06600781]
 [-0.79778686 -0.49969657  0.33740103 -0.12633705]
 [ 0.5537379  -0.8286342   0.08209565 -0.47930333]
 [ 0.          0.          0.          1.        ]]"
full_scene,91,211,12,43,25,0.4633258104226508,0.9045188756668034,0.002752428849832733,0.0015987943451261208,"[[ 1.          0.          0.          0.03749027]
 [ 0.          0.          1.         -0.13405659]
 [ 0.         -1.          0.         -0.49235105]
 [ 0.          0.          0.          1.        ]]","[[ 0.75499537  0.6473637   0.10441376  0.03467828]
 [ 0.0798019  -0.24875933  0.96527222 -0.13001756]
 [ 0.65085609 -0.72044364 -0.239473   -0.48618443]
 [ 0.          0.          0.          1.        ]]"
full_scene,91,212,12,28,17,0.8217583093967994,0.799548625359048,0.0016667614739680995,0.0015646215130964032,"[[ 0.36440498  0.30896409  0.87849314  0.04717163]
 [-0.81748254 -0.34568857  0.46067527 -0.12579664]
 [ 0.44601716 -0.88602517  0.12660211 -0.48984031]
 [ 0.          0.          0.          1.        ]]","[[ 0.14020786  0.3688053   0.91887127  0.04718441]
 [-0.89124067 -0.35725967  0.2793843  -0.12725066]
 [ 0.43131406 -0.85810732  0.27860367 -0.48956261]
 [ 0.          0.          0.          1.        ]]"
full_scene,91,213,12,26,23,0.3940295445219532,0.9334991793188346,0.0023471683345453937,0.0017234327744846416,"[[ 0.52460968 -0.85043994 -0.03919944  0.05072   ]
 [-0.84421071 -0.51371547 -0.15298592 -0.12042074]
 [ 0.10996798  0.11335048 -0.98745061 -0.49475075]
 [ 0.          0.          0.          1.        ]]","[[ 0.07052866  0.23801867  0.96869645  0.05398128]
 [-0.48741549 -0.83906453  0.24165442 -0.11964644]
 [ 0.8703171  -0.48920121  0.05683589 -0.49331338]
 [ 0.          0.          0.          1.        ]]"
full_scene,91,214,12,74,30,0.5884283955683217,0.8380693475584735,0.0023536154494872346,0.0016628602448381206,"[[-0.98242965 -0.18282297 -0.03751995  0.05070829]
 [-0.01336439  0.26943291 -0.96292642 -0.11426475]
 [ 0.18615418 -0.94550604 -0.2671422  -0.49964579]
 [ 0.          0.          0.          1.        ]]","[[-0.76113433 -0.31012269 -0.56964765  0.05365415]
 [ 0.56864077  0.10337051 -0.81606508 -0.11491333]
 [ 0.31196507 -0.94506003  0.09766956 -0.49694471]
 [ 0.          0.          0.          1.        ]]"
full_scene,91,215,12,64,30,0.4173676651620845,0.7378180139515799,0.0022568583710728843,0.0014134418793939694,"[[ 0.8605057  -0.50660843  0.05364553  0.06167325]
 [-0.47352333 -0.83422888 -0.2825559  -0.11084126]
 [ 0.18789785  0.21773855 -0.95774961 -0.50252405]
 [ 0.          0.          0.          1.        ]]","[[ 0.14455004  0.22275174  0.96409903  0.06397101]
 [-0.91207329 -0.34782731  0.21711397 -0.11078279]
 [ 0.38370249 -0.91071281  0.15288746 -0.50021152]
 [ 0.          0.          0.          1.        ]]"
full_scene,91,216,12,81,30,0.3794881001231022,0.443039597866229,0.00290879211260333,0.0029686606940767363,"[[-0.25566454 -0.83784737  0.48233539  0.05254777]
 [ 0.20965265  0.43899376  0.87368773 -0.10027839]
 [-0.94375919  0.32449386  0.06342178 -0.49374932]
 [ 0.          0.          0.          1.        ]]","[[-0.58469344 -0.4040189   0.70349294  0.05638841]
 [ 0.47777868  0.52933379  0.70109434 -0.09947833]
 [-0.65563795  0.74603919 -0.11646637 -0.48584303]
 [ 0.          0.          0.          1.        ]]"
full_scene,91,217,12,20,30,0.85717583093968,0.7917265080016413,0.0022783583424649226,0.0015707628528729002,"[[ 0.91834195  0.36095092 -0.16236532  0.07141006]
 [ 0.13352991  0.10362394  0.98561242 -0.09401538]
 [ 0.37258265 -0.92680986  0.04696446 -0.50724221]
 [ 0.          0.          0.          1.        ]]","[[ 0.8690097   0.35042808 -0.34931691  0.06824233]
 [ 0.184202    0.42611528  0.88571745 -0.09690746]
 [ 0.45922954 -0.83404192  0.30574876 -0.50668638]
 [ 0.          0.          0.          1.        ]]"
full_scene,91,218,12,28,30,0.716505949938449,0.8379154698399671,0.002659917248884112,0.001656602057816196,"[[ 0.93729867  0.32820509 -0.11727153  0.06866517]
 [ 0.12632231 -0.0063131   0.99196916 -0.09274031]
 [ 0.32482898 -0.94458539 -0.04737688 -0.51180211]
 [ 0.          0.          0.          1.        ]]","[[ 0.6108572   0.15172153 -0.7770676   0.06918357]
 [ 0.56981962  0.59716553  0.56453426 -0.09115661]
 [ 0.54968998 -0.78763819  0.27832896 -0.50953575]
 [ 0.          0.          0.          1.        ]]"
full_scene,91,219,12,44,23,0.6353098071399261,0.7526672137874436,0.001965199483668443,0.001654841161383219,"[[ 0.76935798  0.32723377  0.54864046  0.07668413]
 [-0.59696384  0.06252715  0.79982781 -0.08973988]
 [ 0.22742575 -0.94287243  0.24345249 -0.51405266]
 [ 0.          0.          0.          1.        ]]","[[ 0.5043685   0.16000501  0.84853451  0.07497744]
 [-0.74872842 -0.40847351  0.52206815 -0.0877156 ]
 [ 0.43013738 -0.89863663 -0.08622087 -0.51344327]
 [ 0.          0.          0.          1.        ]]"
full_scene,91,220,12,10,30,0.6467993434550677,0.6833196553139106,0.0019615642571181413,0.0015761445678208557,"[[-0.39024221  0.22006671  0.89402554  0.07371442]
 [-0.91864709 -0.02806609 -0.39408098 -0.08352447]
 [-0.06163231 -0.97508099  0.21311622 -0.51568238]
 [ 0.          0.          0.          1.        ]]","[[ 0.38933524  0.11162123  0.91430781  0.07683191]
 [-0.89712737 -0.17901915  0.40387453 -0.08215139]
 [ 0.20875958 -0.97749314  0.03043999 -0.51629198]
 [ 0.          0.          0.          1.        ]]"
full_scene,91,221,12,6,30,0.41570065654493227,0.6586992203528929,0.0032173074760537294,0.0018347982641628655,"[[ 0.60166443 -0.79191885 -0.10423267  0.07863373]
 [ 0.7908709   0.60891878 -0.06116481 -0.06926995]
 [ 0.11190679 -0.0456339   0.99267035 -0.5156829 ]
 [ 0.          0.          0.          1.        ]]","[[ 0.89306499  0.08164855 -0.44245727  0.07620831]
 [ 0.22286547  0.77400122  0.5926661  -0.0751658 ]
 [ 0.3908528  -0.62789779  0.67303675 -0.51692748]
 [ 0.          0.          0.          1.        ]]"
full_scene,91,222,12,11,30,0.2710556011489536,0.7658237587197374,0.0029721960094652184,0.0020303059462475604,"[[ 0.30612164 -0.57716085 -0.75708315  0.07542197]
 [ 0.6276328   0.72031017 -0.2953478  -0.05606789]
 [ 0.71579788 -0.38475787  0.58274761 -0.50322118]
 [ 0.          0.          0.          1.        ]]","[[-0.34597166 -0.82313125 -0.4502872   0.07556984]
 [ 0.5310475   0.22385738 -0.81723707 -0.0691486 ]
 [ 0.77349348 -0.52186475  0.35967348 -0.51957609]
 [ 0.          0.          0.          1.        ]]"
full_scene,91,223,12,7,30,0.2534109560935576,0.5963530980713992,0.002995089287800331,0.0020529391796695645,"[[ 0.56016152 -0.7317852  -0.3882132   0.08447827]
 [ 0.78514921  0.61843502 -0.03284593 -0.05511681]
 [ 0.2641208  -0.28640626  0.92098407 -0.5189796 ]
 [ 0.          0.          0.          1.        ]]","[[ 0.76406881 -0.16501638 -0.62367335  0.07838252]
 [ 0.39729645  0.88202295  0.25335953 -0.06391408]
 [ 0.50828574 -0.44136732  0.73948665 -0.52193017]
 [ 0.          0.          0.          1.        ]]"
full_scene,91,224,12,29,30,0.3916444398851046,0.39223430447271235,0.002745325253703121,0.002775694480685646,"[[ 0.17241559 -0.13387164 -0.97588485  0.09077185]
 [-0.20210498 -0.97445157  0.0979679  -0.04757491]
 [-0.96406765  0.18033999 -0.19506677 -0.49495115]
 [ 0.          0.          0.          1.        ]]","[[-0.00437495  0.34187885 -0.93973385  0.09270649]
 [-0.17092262 -0.92616941 -0.33614832 -0.04851942]
 [-0.98527474  0.15915114  0.06248677 -0.49718182]
 [ 0.          0.          0.          1.        ]]"
full_scene,91,225,12,23,30,0.4764054164956914,0.6413623307345097,0.0024670489713503538,0.0019469009424477196,"[[ 0.90166547  0.1156131   0.41669291  0.08615408]
 [-0.42351153  0.04135343  0.90494634 -0.05056801]
 [ 0.08739197 -0.99243312  0.08625044 -0.52882969]
 [ 0.          0.          0.          1.        ]]","[[ 0.05399981  0.12054467  0.99123812  0.07948758]
 [-0.99085226 -0.11648242  0.06814424 -0.05277841]
 [ 0.12367624 -0.98585031  0.11315194 -0.52575994]
 [ 0.          0.          0.          1.        ]]"
full_scene,91,228,12,21,30,0.5159776364382438,0.4642747230201067,0.0027693440867902043,0.0027411746922581547,"[[ 0.57484817 -0.08153078 -0.81418813  0.05177561]
 [-0.070365   -0.99626325  0.05008293 -0.06522761]
 [-0.81522901  0.02850027 -0.57843702 -0.5061456 ]
 [ 0.          0.          0.          1.        ]]","[[ 1.99242657e-01  3.95983403e-01 -8.96381341e-01  6.53831390e-02]
 [-6.47596191e-04 -9.14667930e-01 -4.04205589e-01 -6.28035477e-02]
 [-9.79949970e-01  8.11154886e-02 -1.81984431e-01 -5.06140478e-01]
 [ 0.00000000e+00  0.00000000e+00  0.00000000e+00  1.00000000e+00]]"
full_scene,91,230,12,13,30,0.5500102585145671,0.48035494460402134,0.0027608308470226947,0.0018137205996191367,"[[-0.41245603 -0.74175113  0.5288528   0.05071871]
 [-0.61356447 -0.20291671 -0.76312741 -0.08969097]
 [ 0.67336369 -0.63924179 -0.37141792 -0.53102636]
 [ 0.          0.          0.          1.        ]]","[[-0.54223134 -0.41088004  0.73291389  0.0501278 ]
 [-0.83295318  0.14831484 -0.53309634 -0.08852427]
 [ 0.11033664 -0.8995445  -0.42266479 -0.53448518]
 [ 0.          0.          0.          1.        ]]"
full_scene,91,231,12,64,30,0.7963684858432499,0.7848020106688551,0.002568479040390145,0.0018878041275049889,"[[ 0.56307121  0.49607978 -0.66095057  0.04875465]
 [ 0.6954895   0.14753317  0.70322708 -0.08559843]
 [ 0.44636887 -0.8556511  -0.2619466  -0.5308983 ]
 [ 0.          0.          0.          1.        ]]","[[ 0.7387424   0.36827596 -0.5644754   0.04687634]
 [ 0.28770862  0.58506247  0.75823852 -0.08602499]
 [ 0.6094944  -0.72254738  0.32625428 -0.52710655]
 [ 0.          0.          0.          1.        ]]"
full_scene,91,232,12,30,30,0.6259745588838737,0.8265285186704965,0.002217985353531484,0.0018524929878080928,"[[-0.62365852 -0.47195509 -0.623144    0.04461194]
 [ 0.7693274  -0.5118328  -0.3823121  -0.0922492 ]
 [-0.1385114  -0.71783394  0.68229687 -0.5273981 ]
 [ 0.          0.          0.          1.        ]]","[[-0.5496411  -0.12143751 -0.82652743  0.04295807]
 [ 0.67121063  0.5248409  -0.52346759 -0.09175903]
 [ 0.497364   -0.8424933  -0.20696398 -0.5248214 ]
 [ 0.          0.          0.          1.        ]]"
full_scene,91,233,12,45,30,0.7449476815757078,0.8242459991793188,0.001966413611618856,0.001729523834860569,"[[-0.12685765  0.12036467 -0.98459102  0.04142171]
 [ 0.73785919  0.67483762 -0.01257016 -0.10039383]
 [ 0.66292606 -0.72808415 -0.17442049 -0.52229282]
 [ 0.          0.          0.          1.        ]]","[[-0.47945074 -0.19799327 -0.8549419   0.04113833]
 [ 0.73441804  0.4427493  -0.51439596 -0.09897667]
 [ 0.48037187 -0.87451228 -0.06686665 -0.52135369]
 [ 0.          0.          0.          1.        ]]"
full_scene,91,234,12,16,30,0.4743280672958556,0.8660494460402134,0.002704105516965058,0.001606025212592667,"[[-0.36701535  0.27366207 -0.88904938  0.04583358]
 [ 0.32426853  0.93343439  0.15346061 -0.0962653 ]
 [ 0.87186562 -0.23196834 -0.43132475 -0.51543485]
 [ 0.          0.          0.          1.        ]]","[[-0.29204009 -0.17661188 -0.93995789  0.03994491]
 [ 0.8346089   0.43288459 -0.34064486 -0.10323108]
 [ 0.46705522 -0.88397917  0.02098219 -0.51721265]
 [ 0.          0.          0.          1.        ]]"
full_scene,91,235,12,16,30,0.2949066475174395,0.8340941731637259,0.0028240903952873814,0.0017457948519637684,"[[ 0.40746429  0.47368793 -0.78076411  0.045964  ]
 [ 0.03831197 -0.86307029 -0.50362871 -0.12097195]
 [-0.91241714  0.1752981  -0.36981824 -0.5071553 ]
 [ 0.          0.          0.          1.        ]]","[[-0.78957505 -0.30094908 -0.53479051  0.03770855]
 [ 0.46321112  0.27932131 -0.8410797  -0.11136589]
 [ 0.40250055 -0.91181646 -0.08114217 -0.51414456]
 [ 0.          0.          0.          1.        ]]"
full_scene,91,236,12,32,30,0.22271235125153876,0.7204554780467788,0.0026758669781795272,0.0014692871467217952,"[[ 0.41329724  0.84526524  0.3386917   0.03382784]
 [-0.87530126  0.47132533 -0.10816715 -0.12567668]
 [-0.25106391 -0.25175209  0.93465919 -0.5117604 ]
 [ 0.          0.          0.          1.        ]]","[[ 0.04190314  0.15214903  0.98746889  0.03811843]
 [-0.89792485 -0.42768535  0.10400103 -0.11735461]
 [ 0.43814963 -0.89103082  0.11869703 -0.50898904]
 [ 0.          0.          0.          1.        ]]"
full_scene,91,237,12,49,30,0.3596635207221994,0.7493331965531391,0.0028153059769917884,0.0015693440955582185,"[[ 0.         -1.          0.          0.03057535]
 [-1.          0.          0.         -0.12253752]
 [ 0.          0.         -1.         -0.50605905]
 [ 0.          0.          0.          1.        ]]","[[-0.01628035  0.15448279  0.98786134  0.03354734]
 [-0.93270055 -0.35835149  0.0406681  -0.1221544 ]
 [ 0.3602841  -0.92071672  0.14992027 -0.50535808]
 [ 0.          0.          0.          1.        ]]"
full_scene,91,238,12,77,30,0.4630949938448913,0.9005693475584735,0.0024186312589952862,0.001808498528311273,"[[ 0.5726351  -0.81113601  0.11894288  0.02602229]
 [-0.61972644 -0.52327617 -0.58491128 -0.12694181]
 [ 0.53668257  0.26122868 -0.80232873 -0.50193544]
 [ 0.          0.          0.          1.        ]]","[[-0.22423542 -0.18532737  0.95675088  0.02771379]
 [-0.39418192 -0.88060827 -0.26296329 -0.12391561]
 [ 0.89125703 -0.43609959  0.12441087 -0.5005521 ]
 [ 0.          0.          0.          1.        ]]"
full_scene,91,239,12,15,30,0.6130488305293393,0.7256103816167419,0.001701388968574021,0.001607403043495005,"[[ 0.15952526 -0.97856291 -0.13025481  0.02235674]
 [ 0.88743154  0.19995064 -0.41531315 -0.12887358]
 [ 0.43245458 -0.04933929  0.90030477 -0.49667637]
 [ 0.          0.          0.          1.        ]]","[[-0.1958785  -0.89824796 -0.39342371  0.01987138]
 [ 0.52239429  0.24394873 -0.81706378 -0.13046932]
 [ 0.82990109 -0.36556753  0.42145529 -0.49528961]
 [ 0.          0.          0.          1.        ]]"
full_scene,91,240,12,58,30,0.25866844480919166,0.7291752154288059,0.0025555110929531416,0.0016907092734827183,"[[ 1.          0.          0.          0.01399812]
 [ 0.          1.          0.         -0.14421637]
 [ 0.          0.          1.         -0.49430825]
 [ 0.          0.          0.          1.        ]]","[[ 0.1972566  -0.23474812 -0.95183147  0.00966761]
 [ 0.42685662  0.89460801 -0.13217388 -0.13545172]
 [ 0.88254363 -0.3802234   0.27667112 -0.49144936]
 [ 0.          0.          0.          1.        ]]"
full_scene,91,241,12,36,30,0.6532109150594994,0.9213941321296676,0.0024102927822392075,0.0017605774588943847,"[[-0.14461971  0.13107606 -0.98076715 -0.00762791]
 [ 0.6968872   0.71714741 -0.00691577 -0.13878954]
 [ 0.70244813 -0.68448423 -0.19505888 -0.49756024]
 [ 0.          0.          0.          1.        ]]","[[-0.12098887 -0.09323564 -0.98826556 -0.01070164]
 [ 0.9503949   0.27651485 -0.1424397  -0.13404114]
 [ 0.28655056 -0.95647616  0.05515545 -0.49714385]
 [ 0.          0.          0.          1.        ]]"
full_scene,91,243,12,26,30,0.2898543290931473,0.9141105867870333,0.0020461398911184895,0.001593233141353954,"[[ 0.7309259  -0.54235163 -0.41424876  0.00745324]
 [ 0.24688566  0.77602084 -0.58037844 -0.12949761]
 [ 0.63623487  0.32194156  0.70111257 -0.50961531]
 [ 0.          0.          0.          1.        ]]","[[-2.39007023e-01 -1.50397307e-01 -9.59299897e-01 -5.80481339e-04]
 [ 8.57956905e-01  4.29949460e-01 -2.81164386e-01 -1.23427548e-01]
 [ 4.54736839e-01 -8.90238233e-01  2.62734677e-02 -5.06696393e-01]
 [ 0.00000000e+00  0.00000000e+00  0.00000000e+00  1.00000000e+00]]"
full_scene,91,244,12,38,19,0.4745332375871974,0.6825759130077965,0.002091336018997358,0.0017424323412827056,"[[ 0.88005584 -0.28599869 -0.37908636  0.01108849]
 [ 0.29285618  0.9552841  -0.04083557 -0.12092948]
 [ 0.3738141  -0.0750802   0.92445983 -0.51108832]
 [ 0.          0.          0.          1.        ]]","[[ 0.5962118   0.18785334 -0.78053995  0.00727934]
 [ 0.18314957  0.91477567  0.36005793 -0.12240861]
 [ 0.78165703 -0.35762634  0.5109948  -0.51128481]
 [ 0.          0.          0.          1.        ]]"
full_scene,91,245,12,28,30,0.6817808781288469,0.6932447681575707,0.0027997955672644276,0.0015946279321686506,"[[-0.4930986  -0.86536464  0.08943046  0.00722818]
 [ 0.5675639  -0.39789725 -0.72079748 -0.11805252]
 [ 0.65933678 -0.30466673  0.68735231 -0.51380152]
 [ 0.          0.          0.          1.        ]]","[[-0.13071211 -0.81180719 -0.56910757  0.01197268]
 [ 0.49652975  0.44324837 -0.74631702 -0.11795783]
 [ 0.85812152 -0.38013151  0.34514849 -0.51659507]
 [ 0.          0.          0.          1.        ]]"
full_scene,91,246,12,29,30,0.7918034468608945,0.872461017644645,0.0024087797665920175,0.0019384841770679329,"[[-0.84515261 -0.53144502 -0.05729973  0.01147366]
 [ 0.0587361   0.01421415 -0.99817234 -0.11126421]
 [ 0.53128819 -0.84697352  0.01920188 -0.51941297]
 [ 0.          0.          0.          1.        ]]","[[ 0.17060227  0.11348196 -0.97878328  0.01208993]
 [ 0.88492965  0.41922736  0.20284955 -0.10837391]
 [ 0.4333525  -0.90076093 -0.02890241 -0.52107207]
 [ 0.          0.          0.          1.        ]]"
full_scene,91,247,12,13,30,0.5895055395978662,0.8639977431267952,0.0024422130499720364,0.0015735843141131568,"[[-0.33040936 -0.70219229 -0.63067872  0.01956818]
 [ 0.94365681 -0.23268672 -0.23530557 -0.10714248]
 [ 0.01847919 -0.67289143  0.73951041 -0.52634239]
 [ 0.          0.          0.          1.        ]]","[[-0.40279461 -0.313708   -0.85985103  0.01548815]
 [ 0.69056123  0.51241949 -0.51044242 -0.10668705]
 [ 0.6007343  -0.79938323  0.01023477 -0.52487293]
 [ 0.          0.          0.          1.        ]]"
full_scene,91,248,12,31,27,0.46135104636848584,0.7947527697989332,0.002753470909331229,0.001722160092643684,"[[-0.39639075  0.18909992 -0.89839612  0.02103316]
 [ 0.62968548  0.76811777 -0.11615199 -0.10486187]
 [ 0.6681097  -0.61174857 -0.42354826 -0.534048  ]
 [ 0.          0.          0.          1.        ]]","[[-0.31366533 -0.26858465 -0.91075592  0.01827387]
 [ 0.60166604  0.68581223 -0.40946252 -0.10033286]
 [ 0.7345829  -0.6764051  -0.05351726 -0.52928949]
 [ 0.          0.          0.          1.        ]]"
full_scene,91,249,12,56,30,0.2587453836684448,0.6909622486663931,0.0023385570480754852,0.0017790064134837163,"[[ 0.25213629  0.14762657  0.95636483  0.02572701]
 [-0.6698239   0.73989498  0.06238075 -0.09952247]
 [-0.69840048 -0.65632448  0.28543818 -0.54000939]
 [ 0.          0.          0.          1.        ]]","[[ 0.09023144 -0.01747425  0.99576751  0.02406755]
 [-0.91606732 -0.39373783  0.07609989 -0.09701173]
 [ 0.39074155 -0.91905668 -0.05153512 -0.53374167]
 [ 0.          0.          0.          1.        ]]"
full_scene,91,254,12,20,30,0.4725328272466147,0.7585658596635207,0.002751341930034175,0.002100314692637202,"[[ 1.          0.          0.          0.03121725]
 [ 0.          0.          1.         -0.05684599]
 [ 0.         -1.          0.         -0.54976767]
 [ 0.          0.          0.          1.        ]]","[[ 0.56652487  0.71239513  0.41417719  0.02701918]
 [-0.46138474 -0.14222428  0.8757262  -0.06233394]
 [ 0.68276914 -0.68721571  0.24811465 -0.54989218]
 [ 0.          0.          0.          1.        ]]"
full_scene,96,110,37,41,14,0.506421716557731,0.5479197356941604,0.002448671944875494,0.0022906825012435606,"[[ 0.45340382 -0.78050433  0.43039281 -0.21446505]
 [-0.86954589 -0.28130048  0.40590637 -0.0332629 ]
 [-0.19574197 -0.5582858  -0.80622704 -0.44967126]
 [ 0.          0.          0.          1.        ]]","[[ 0.39138411 -0.73899301  0.54836832 -0.21441394]
 [-0.91886209 -0.28138763  0.27661068 -0.03630437]
 [-0.0501093  -0.61213588 -0.7891633  -0.45467081]
 [ 0.          0.          0.          1.        ]]"
full_scene,96,154,37,86,30,0.3901085541841273,0.36005234628641714,0.002925393067355529,0.002655813321681008,"[[ 0.5207882  -0.85182852  0.0562835  -0.17891349]
 [-0.85276121 -0.51602435  0.08072906  0.09632319]
 [-0.03972366 -0.09003912 -0.99514571 -0.40096312]
 [ 0.          0.          0.          1.        ]]","[[ 0.21879112 -0.9503569   0.22125144 -0.18111791]
 [-0.93125891 -0.27107513 -0.24346481  0.10303078]
 [ 0.29135423 -0.15277444 -0.94433717 -0.39917329]
 [ 0.          0.          0.          1.        ]]"
full_scene,97,0,28,62,30,0.29158356601515756,0.8029517351416036,0.003285801378580769,0.0023250505776582628,"[[ 1.          0.          0.          0.02135249]
 [ 0.         -1.          0.          0.07478207]
 [ 0.          0.         -1.         -0.47353492]
 [ 0.          0.          0.          1.        ]]","[[ 0.8549618   0.05975525 -0.51523745  0.02835838]
 [-0.25802218 -0.81272126 -0.52240665  0.07110429]
 [-0.44996096  0.57958042 -0.67942745 -0.46025363]
 [ 0.          0.          0.          1.        ]]"
full_scene,97,1,37,25,25,0.6927230080521747,0.8433186973497905,0.002591257355522087,0.0018272502759332928,"[[-0.96793515 -0.1213769   0.21992997  0.07842538]
 [-0.24577847  0.2766818  -0.92899953 -0.10147098]
 [ 0.05190846 -0.95326535 -0.29764187 -0.4373822 ]
 [ 0.          0.          0.          1.        ]]","[[-0.97864366  0.02223721  0.20435775  0.08570303]
 [-0.18825215  0.3023648  -0.93441782 -0.09904908]
 [-0.08256943 -0.95293286 -0.2917212  -0.43737518]
 [ 0.          0.          0.          1.        ]]"
full_scene,97,2,37,56,30,0.5597977659863557,0.8297744532959568,0.0021368773270504073,0.0018535747830201322,"[[-0.99666134  0.07131312 -0.03975694  0.09298243]
 [ 0.06300009  0.36197477 -0.93005659 -0.10062793]
 [-0.05193423 -0.92945613 -0.36525899 -0.44321745]
 [ 0.          0.          0.          1.        ]]","[[-9.85851910e-01 -7.92557821e-04  1.67616777e-01  7.92219028e-02]
 [-1.57719007e-01  3.42957131e-01 -9.26015724e-01 -1.02519165e-01]
 [-5.67514479e-02 -9.39350722e-01 -3.38229944e-01 -4.42705804e-01]
 [ 0.00000000e+00  0.00000000e+00  0.00000000e+00  1.00000000e+00]]"
full_scene,97,4,37,86,30,0.47336203320985715,0.7430526752384903,0.0026445037974257325,0.0022091179067183593,"[[ 0.89135206  0.27574883  0.35979728  0.05175529]
 [ 0.44711847 -0.40404861 -0.79801616 -0.10803831]
 [-0.07467644  0.87218536 -0.48344195 -0.45327446]
 [ 0.          0.          0.          1.        ]]","[[ 0.97599275 -0.053985    0.21100655  0.06983841]
 [ 0.15226509 -0.52359721 -0.83824895 -0.10593391]
 [ 0.15573531  0.85025383 -0.50280705 -0.45066237]
 [ 0.          0.          0.          1.        ]]"
full_scene,97,6,37,53,30,0.3628055321157339,0.8418241107567328,0.003037625273809334,0.0018128597805903755,"[[-0.96108769  0.09545562  0.25922706  0.05253771]
 [-0.15243381  0.59934059 -0.78584654 -0.10551891]
 [-0.23037877 -0.79478241 -0.5614682  -0.4569259 ]
 [ 0.          0.          0.          1.        ]]","[[-0.99947217  0.00349236  0.03229841  0.06548088]
 [-0.02624687  0.49905974 -0.86617001 -0.10511157]
 [-0.01914382 -0.86656055 -0.49870465 -0.46118186]
 [ 0.          0.          0.          1.        ]]"
full_scene,97,7,37,66,22,0.5616141535205023,0.7891059654743345,0.0028798459453868784,0.0017487710401871768,"[[-0.97248133 -0.02689298  0.23142348  0.06583719]
 [-0.20389748  0.57882493 -0.78954893 -0.10076382]
 [-0.11272035 -0.81500826 -0.56837985 -0.46378762]
 [ 0.          0.          0.          1.        ]]","[[-0.99758412  0.05505917 -0.04236041  0.06519127]
 [ 0.06523867  0.53298021 -0.84360892 -0.10240314]
 [-0.02387115 -0.8443344  -0.53528459 -0.46756912]
 [ 0.          0.          0.          1.        ]]"
full_scene,97,15,37,32,30,0.42534218166735793,0.4591884895378939,0.00294041627159163,0.0027432454659337578,"[[ 0.99687865  0.00187892 -0.0789267   0.05158876]
 [ 0.03736036  0.86946707  0.49257611 -0.06531815]
 [ 0.06954967 -0.49398734  0.86668296 -0.4856493 ]
 [ 0.          0.          0.          1.        ]]","[[ 0.99717808  0.05369482 -0.05246665  0.04433091]
 [-0.01923884  0.85831785  0.51275759 -0.06286852]
 [ 0.07256549 -0.51030123  0.85692876 -0.479585  ]
 [ 0.          0.          0.          1.        ]]"
full_scene,97,21,37,55,30,0.4122985168552182,0.3706074171541355,0.002381234872977087,0.0017801340788739057,"[[ 0.79364068 -0.51456296 -0.32459117  0.06736359]
 [-0.53186167 -0.32776835 -0.78082717 -0.09086946]
 [ 0.29539402  0.79233381 -0.53380662 -0.51309108]
 [ 0.          0.          0.          1.        ]]","[[ 0.71580816 -0.13713535 -0.68469889  0.06268285]
 [-0.62537418 -0.56214979 -0.54119751 -0.09190489]
 [-0.31068603  0.8155866  -0.48815232 -0.51460019]
 [ 0.          0.          0.          1.        ]]"
full_scene,97,22,37,48,30,0.31492155208169453,0.4558775154106895,0.0028781173688315295,0.0026475990905396535,"[[ 0.80445779  0.31231824  0.50527713  0.04532178]
 [-0.5656813   0.66234869  0.49122182 -0.08182406]
 [-0.18125211 -0.68099305  0.70950415 -0.46035835]
 [ 0.          0.          0.          1.        ]]","[[ 0.94009886  0.24448331  0.23757534  0.04656633]
 [-0.34012463  0.62563482  0.70206574 -0.07970835]
 [ 0.02300796 -0.74081643  0.67131338 -0.46380499]
 [ 0.          0.          0.          1.        ]]"
full_scene,97,23,37,41,29,0.5700596404410818,0.7503611321672221,0.002556131305810917,0.0018021037998825476,"[[-0.98141544 -0.14059391 -0.13060275  0.03168558]
 [ 0.02920498  0.56323311 -0.82578177 -0.11350642]
 [ 0.18965968 -0.81424923 -0.54865963 -0.46450966]
 [ 0.          0.          0.          1.        ]]","[[-9.95437742e-01 -3.06306983e-04 -9.54128270e-02  3.87382345e-02]
 [ 7.92248328e-02  5.54611107e-01 -8.28329612e-01 -1.09173809e-01]
 [ 5.31707367e-02 -8.32109624e-01 -5.52056561e-01 -4.70753096e-01]
 [ 0.00000000e+00  0.00000000e+00  0.00000000e+00  1.00000000e+00]]"
full_scene,97,24,37,96,30,0.412041076102347,0.4569144295541984,0.002674816910447502,0.0025894881792826955,"[[ 9.24451456e-01  2.44797118e-01  2.92342054e-01  5.43253968e-02]
 [-3.81299532e-01  5.94339105e-01  7.08076052e-01 -8.79055734e-02]
 [-4.15338046e-04 -7.66051825e-01  6.42778678e-01 -4.47295032e-01]
 [ 0.00000000e+00  0.00000000e+00  0.00000000e+00  1.00000000e+00]]","[[ 0.99016348  0.1385025   0.01983267  0.06259731]
 [-0.09906701  0.59390948  0.79840921 -0.09039849]
 [ 0.09880286 -0.7925204   0.60178851 -0.44802934]
 [ 0.          0.          0.          1.        ]]"
full_scene,97,25,37,82,25,0.4458873839728829,0.7827772136329181,0.0028433574965884487,0.0016946264299459223,"[[-0.99307728 -0.07333205 -0.09176019  0.05253485]
 [ 0.02903771  0.60367552 -0.79670112 -0.11111898]
 [ 0.11381711 -0.79385029 -0.59736705 -0.46129593]
 [ 0.          0.          0.          1.        ]]","[[-0.99512121 -0.0041626  -0.09857205  0.04355383]
 [ 0.0847332   0.47572661 -0.87550242 -0.11256372]
 [ 0.05053771 -0.87958335 -0.47305293 -0.46081527]
 [ 0.          0.          0.          1.        ]]"
full_scene,97,26,37,48,30,0.4901528912026774,0.8014059125559576,0.0027458700677346344,0.0016203345129840003,"[[-0.86546369  0.42332444 -0.2678974   0.04145693]
 [ 0.43319262  0.36378107 -0.82462567 -0.10979548]
 [-0.25162819 -0.82973475 -0.49822033 -0.46209652]
 [ 0.          0.          0.          1.        ]]","[[-0.9982227   0.0048991  -0.05939226  0.04626833]
 [ 0.05562207  0.43434382 -0.89902816 -0.1137376 ]
 [ 0.02139223 -0.90073384 -0.43384436 -0.45609698]
 [ 0.          0.          0.          1.        ]]"
full_scene,97,27,37,74,30,0.33824139361260885,0.4259071210972697,0.0027631790030341373,0.002621973733192774,"[[ 0.96117786  0.06334359  0.26856045  0.05467913]
 [-0.25868917  0.54550793  0.79718317 -0.084175  ]
 [-0.09600541 -0.8357085   0.54071644 -0.433756  ]
 [ 0.          0.          0.          1.        ]]","[[ 0.99336503 -0.10906343 -0.03648405  0.02799697]
 [ 0.08550359  0.48824407  0.86850841 -0.09000195]
 [-0.07690939 -0.8658654   0.4943299  -0.43769703]
 [ 0.          0.          0.          1.        ]]"
full_scene,97,28,37,71,25,0.7874683562407929,0.8401364435990217,0.002261744350265538,0.0017386155316756234,"[[-0.99757051  0.0695744   0.00353174  0.0561515 ]
 [ 0.02434575  0.39567677 -0.91806709 -0.11780091]
 [-0.0652714  -0.91575067 -0.39640932 -0.44228247]
 [ 0.          0.          0.          1.        ]]","[[-9.99999038e-01 -1.36447092e-03  2.50947909e-04  5.33925742e-02]
 [-7.22235111e-04  3.57557225e-01 -9.33890951e-01 -1.15017277e-01]
 [ 1.18453880e-03 -9.33890234e-01 -3.57557866e-01 -4.45335691e-01]
 [ 0.00000000e+00  0.00000000e+00  0.00000000e+00  1.00000000e+00]]"
full_scene,97,31,37,63,30,0.46180580385875086,0.47655858922467426,0.0024428901784883145,0.002245788017309484,"[[-0.66159321  0.47024878 -0.58408948  0.06419978]
 [ 0.67252431  0.02757617 -0.73956109 -0.12935268]
 [-0.33167075 -0.88210297 -0.33449794 -0.43142628]
 [ 0.          0.          0.          1.        ]]","[[-0.71177647  0.42249071 -0.561138    0.06748094]
 [ 0.65257279  0.10221091 -0.75080069 -0.12721327]
 [-0.25985189 -0.90058566 -0.34845726 -0.43563682]
 [ 0.          0.          0.          1.        ]]"
full_scene,97,32,37,53,23,0.6818604385074157,0.8020423633061113,0.0024028235800183607,0.0016609070098201786,"[[-0.98837431  0.03506489 -0.14794143  0.04503751]
 [ 0.15189029  0.27091865 -0.95054323 -0.123754  ]
 [ 0.0067494  -0.96196338 -0.27309505 -0.4365401 ]
 [ 0.          0.          0.          1.        ]]","[[-0.99495898 -0.0114294  -0.09962927  0.03655438]
 [ 0.0916929   0.29861552 -0.94995852 -0.12223066]
 [ 0.0406083  -0.95430506 -0.2960622  -0.43729952]
 [ 0.          0.          0.          1.        ]]"
full_scene,97,33,37,34,30,0.40756446745519814,0.46067592499892734,0.0023461206182147218,0.0022553945445137422,"[[-0.72611385 -0.64846268  0.22859316  0.01490232]
 [-0.47494761  0.23263845 -0.84870733 -0.12321358]
 [ 0.49717547 -0.72482792 -0.4769078  -0.44047007]
 [ 0.          0.          0.          1.        ]]","[[-0.83558918 -0.51275774  0.19715532  0.01543515]
 [-0.37840113  0.27704835 -0.88320824 -0.11867537]
 [ 0.3982503  -0.81260305 -0.42552671 -0.45142496]
 [ 0.          0.          0.          1.        ]]"
full_scene,97,34,37,81,30,0.662473719589811,0.7570116849497276,0.0020856364997647865,0.00171933998277844,"[[-0.88993265  0.09472017 -0.44614793  0.03540599]
 [ 0.44934521  0.34971486 -0.8220635  -0.12309556]
 [ 0.07815857 -0.93205558 -0.35378473 -0.45339442]
 [ 0.          0.          0.          1.        ]]","[[-0.98433746 -0.01433599 -0.17571069  0.02506637]
 [ 0.15675424  0.38490624 -0.90954675 -0.12131492]
 [ 0.08067139 -0.92284433 -0.37663041 -0.44805023]
 [ 0.          0.          0.          1.        ]]"
full_scene,97,35,37,83,30,0.4947081623020924,0.5912770491568815,0.0021220194997330763,0.002020684326008625,"[[-0.61853448  0.29894082 -0.72667013  0.04011446]
 [ 0.7855931   0.2163457  -0.57968786 -0.12963184]
 [-0.01608041 -0.92942397 -0.36866313 -0.4576182 ]
 [ 0.          0.          0.          1.        ]]","[[-0.74392992  0.23055658 -0.62722559  0.03624492]
 [ 0.66757287  0.2988813  -0.68192113 -0.12385725]
 [ 0.0302446  -0.92602032 -0.37626006 -0.45974599]
 [ 0.          0.          0.          1.        ]]"
full_scene,97,37,37,44,30,0.3643644788970094,0.3809837097212489,0.00288544704732188,0.002669968464184716,"[[ 0.95255932  0.25993316  0.15832083  0.03315534]
 [-0.28771053  0.59939109  0.7469625  -0.09291579]
 [ 0.09926423 -0.75707667  0.64574107 -0.44421836]
 [ 0.          0.          0.          1.        ]]","[[ 0.88557642 -0.23031299  0.40337369  0.01387453]
 [-0.18561881  0.62059039  0.76184856 -0.08533835]
 [-0.42579346 -0.74954886  0.50682979 -0.4472631 ]
 [ 0.          0.          0.          1.        ]]"
full_scene,97,40,37,49,30,0.5108768718088074,0.6260959109827086,0.00263407526140838,0.0018345821861144337,"[[-0.78661427  0.30083472 -0.53919984  0.01518852]
 [ 0.61494786  0.46016464 -0.64038086 -0.11578118]
 [ 0.0554719  -0.8353125  -0.54696974 -0.47023456]
 [ 0.          0.          0.          1.        ]]","[[-0.93256558 -0.00466272 -0.36097049  0.01404578]
 [ 0.28389594  0.60817577 -0.74129976 -0.10693338]
 [ 0.22298998 -0.7937887  -0.56584006 -0.47817006]
 [ 0.          0.          0.          1.        ]]"
full_scene,97,56,37,80,30,0.38232097140977417,0.5788769862269197,0.002611233078771666,0.0020462661029521604,"[[-0.92247518 -0.35239278  0.15766697 -0.00271245]
 [-0.29511344  0.38037838 -0.8764818  -0.12030976]
 [ 0.24889276 -0.85506235 -0.45488546 -0.44742874]
 [ 0.          0.          0.          1.        ]]","[[-8.72712304e-01 -2.34277012e-01 -4.28354428e-01 -4.41036161e-04]
 [ 2.48512956e-01  5.42041397e-01 -8.02765492e-01 -1.23941003e-01]
 [ 4.20255334e-01 -8.07034947e-01 -4.14825323e-01 -4.47569828e-01]
 [ 0.00000000e+00  0.00000000e+00  0.00000000e+00  1.00000000e+00]]"
full_scene,97,59,37,64,30,0.6612508760136729,0.7322473147499249,0.0020160454895369103,0.001751251433746078,"[[-8.18903216e-01  1.52839914e-01 -5.53206547e-01  1.95999225e-02]
 [ 5.73931361e-01  2.19021425e-01 -7.89070598e-01 -1.30054122e-01]
 [ 5.62603865e-04 -9.63675036e-01 -2.67076969e-01 -4.36930442e-01]
 [ 0.00000000e+00  0.00000000e+00  0.00000000e+00  1.00000000e+00]]","[[-0.96376052 -0.01684239 -0.26623671  0.01079122]
 [ 0.25024789  0.28867634 -0.92414391 -0.12574154]
 [ 0.09242103 -0.95727859 -0.27400008 -0.43592301]
 [ 0.          0.          0.          1.        ]]"
full_scene,97,60,37,66,30,0.19925199159026874,0.4700081522905076,0.0030656542400065157,0.0019380220915918111,"[[-0.83739208  0.15073721 -0.52540727  0.04839114]
 [ 0.54658037  0.23960787 -0.80239515 -0.13184791]
 [ 0.00494092 -0.95909664 -0.28303573 -0.42913743]
 [ 0.          0.          0.          1.        ]]","[[-0.70714894  0.11795888 -0.69715571  0.0372367 ]
 [ 0.70595176  0.17308469 -0.68678512 -0.13417014]
 [ 0.03965458 -0.97781767 -0.20566994 -0.43396687]
 [ 0.          0.          0.          1.        ]]"
full_scene,97,64,37,86,30,0.631237574908108,0.6433372902930534,0.002419711499887582,0.0017366295784397186,"[[-0.79821064  0.15263148 -0.58272069 -0.02456765]
 [ 0.59949362  0.29584359 -0.74369616 -0.12270495]
 [ 0.05888273 -0.94296352 -0.3276471  -0.43719181]
 [ 0.          0.          0.          1.        ]]","[[-0.77813958  0.02663401 -0.62752643 -0.02528942]
 [ 0.59772214  0.33831451 -0.72682291 -0.12209966]
 [ 0.19294308 -0.94065611 -0.27917565 -0.43802974]
 [ 0.          0.          0.          1.        ]]"
full_scene,97,90,28,59,30,0.2686762778505898,0.7333181377856288,0.0027575783416026022,0.002330630494192918,"[[-9.99969484e-01  7.80844980e-03  2.44014056e-04 -1.57870381e-02]
 [-7.81226159e-03 -9.99481575e-01 -3.12337992e-02  7.74978845e-02]
 [ 0.00000000e+00 -3.12347524e-02  9.99512076e-01 -4.46512107e-01]
 [ 0.00000000e+00  0.00000000e+00  0.00000000e+00  1.00000000e+00]]","[[ 0.15956796 -0.38891188 -0.90735088 -0.01588906]
 [-0.45525286 -0.84454698  0.28193127  0.07366195]
 [-0.87594686  0.36808688 -0.31181589 -0.44707387]
 [ 0.          0.          0.          1.        ]]"
full_scene,98,1,37,65,20,0.651210686651697,0.7685107052446403,0.0020537116835580263,0.0019580822042785918,"[[ 0.05852928 -0.99564418 -0.07257407  0.1573005 ]
 [-0.17589434  0.06127597 -0.98250009 -0.10193899]
 [ 0.98266755  0.07027039 -0.17154174 -0.47987835]
 [ 0.          0.          0.          1.        ]]","[[-0.03282894 -0.99446206 -0.09983726  0.15404907]
 [-0.26097698  0.10495492 -0.95962257 -0.10369993]
 [ 0.96478665 -0.00544817 -0.26297726 -0.47570279]
 [ 0.          0.          0.          1.        ]]"
full_scene,98,7,37,84,30,0.3802399919907321,0.5808721520616713,0.001954834213665481,0.0020425333406182858,"[[ 0.0728046  -0.95763232 -0.27863924  0.14952633]
 [-0.29599173  0.24604694 -0.92295709 -0.10950257]
 [ 0.95241188  0.14967043 -0.2655379  -0.52737235]
 [ 0.          0.          0.          1.        ]]","[[-0.0978496  -0.93546217 -0.33961151  0.13371834]
 [-0.48331739  0.34297237 -0.80546524 -0.10746555]
 [ 0.86995963  0.0853257  -0.48568484 -0.51956063]
 [ 0.          0.          0.          1.        ]]"
full_scene,98,19,37,44,30,0.3559618987685751,0.5026101631888328,0.0030916347237990712,0.0022288348897631103,"[[ 0.07246887 -0.82848243 -0.55530634  0.11719418]
 [-0.69159144  0.35943276 -0.62650568 -0.10747997]
 [ 0.71864424  0.42944727 -0.54692367 -0.55955759]
 [ 0.          0.          0.          1.        ]]","[[ 0.01254559 -0.80599549 -0.59178871  0.12155007]
 [-0.75925764  0.37744073 -0.5301569  -0.11875658]
 [ 0.65066923  0.45597123 -0.60722301 -0.56246505]
 [ 0.          0.          0.          1.        ]]"
full_scene,98,27,37,43,30,0.41136886969207226,0.6735722764913686,0.002514660801744312,0.001984147069447828,"[[-0.04284534 -0.90336763 -0.42672145  0.1364188 ]
 [-0.39850128  0.40711928 -0.82185803 -0.13997137]
 [ 0.91616647  0.13483626 -0.37743632 -0.50933251]
 [ 0.          0.          0.          1.        ]]","[[-0.03712903 -0.91508004 -0.4015594   0.11092746]
 [-0.3315396   0.39035677 -0.85889644 -0.13232075]
 [ 0.94271042  0.10124285 -0.31787884 -0.50150595]
 [ 0.          0.          0.          1.        ]]"
full_scene,98,28,37,81,28,0.5032537650710107,0.753479025729773,0.002536070410367742,0.001836551091700803,"[[ 0.17375156 -0.94551284 -0.27534681  0.11978678]
 [-0.15382603  0.25010972 -0.95591981 -0.13561126]
 [ 0.97270137  0.20844807 -0.10198753 -0.49740959]
 [ 0.          0.          0.          1.        ]]","[[-0.01904622 -0.93323147 -0.35877048  0.1153085 ]
 [-0.38185894  0.33842279 -0.86003126 -0.13341471]
 [ 0.92402434  0.12061937 -0.36280846 -0.49101322]
 [ 0.          0.          0.          1.        ]]"
full_scene,98,29,37,82,26,0.6781704543829288,0.7827700625008939,0.0020526518107903476,0.001925648742747037,"[[ 0.01661714 -0.94951067 -0.31329437  0.12572885]
 [-0.12501333  0.30890581 -0.94284085 -0.1331321 ]
 [ 0.9920159   0.05483329 -0.11356836 -0.48612802]
 [ 0.          0.          0.          1.        ]]","[[-0.03070911 -0.94718229 -0.31922195  0.12221754]
 [-0.34176457  0.31007335 -0.88715923 -0.1314185 ]
 [ 0.93928373  0.08185488 -0.33323543 -0.4842172 ]
 [ 0.          0.          0.          1.        ]]"
full_scene,98,31,37,57,20,0.7493099157596648,0.811245870221256,0.0022644744129071345,0.0018435771994201567,"[[ 0.11092524 -0.89934538 -0.42293438  0.10385736]
 [-0.30427824  0.3743912  -0.87592579 -0.14642868]
 [ 0.94610271  0.225852   -0.2321218  -0.4783642 ]
 [ 0.          0.          0.          1.        ]]","[[-0.02901525 -0.90849476 -0.41688775  0.10470787]
 [-0.26809048  0.40885598 -0.87233267 -0.14789613]
 [ 0.9629567   0.08645268 -0.25542185 -0.47777142]
 [ 0.          0.          0.          1.        ]]"
full_scene,98,32,37,75,17,0.49799768303322417,0.6867303594158956,0.0026668971700576057,0.0017475034616808102,"[[ 0.0747835  -0.86871454 -0.48963505  0.09921105]
 [-0.27952592  0.45306336 -0.84652162 -0.14856458]
 [ 0.95722134  0.20017154 -0.20894656 -0.49105865]
 [ 0.          0.          0.          1.        ]]","[[-0.01983385 -0.87604136 -0.48182793  0.09432345]
 [-0.31314701  0.46311763 -0.82913269 -0.15088526]
 [ 0.94949753  0.13443808 -0.28351514 -0.48496051]
 [ 0.          0.          0.          1.        ]]"
full_scene,98,60,37,94,30,0.40377436748237244,0.4818289735265092,0.00231138488569462,0.002419843927175091,"[[ 0.38949189 -0.74214485 -0.54545127  0.09578167]
 [-0.32486026  0.44346052 -0.83534937 -0.17800825]
 [ 0.86183634  0.50255725 -0.06836909 -0.49741541]
 [ 0.          0.          0.          1.        ]]","[[ 0.0788455  -0.78335203 -0.61655737  0.0905639 ]
 [-0.27209403  0.57808832 -0.76927156 -0.17844571]
 [ 0.95903505  0.22841518 -0.16756575 -0.48407876]
 [ 0.          0.          0.          1.        ]]"
full_scene,98,140,28,4,22,0.22126616901247934,0.4159211351074135,0.0038545482361047744,0.0025489659914337977,"[[-0.99550831  0.00906194  0.09423956 -0.1535578 ]
 [-0.02809325 -0.97885006 -0.20264087  0.0316607 ]
 [ 0.09041008 -0.20437817  0.97470795 -0.42928058]
 [ 0.          0.          0.          1.        ]]","[[-0.49190017 -0.05372967  0.86899214 -0.14814735]
 [-0.27599315 -0.93699636 -0.21416256  0.03181281]
 [ 0.82574936 -0.34518248  0.44607965 -0.4246329 ]
 [ 0.          0.          0.          1.        ]]"
full_scene,98,170,28,41,17,0.3257165650464414,0.44811670180637075,0.002880267201527955,0.0022217854425581793,"[[ 0.10872444  0.79861289  0.59194294 -0.14499315]
 [-0.53127589 -0.45661416  0.71361715  0.07882634]
 [ 0.84019338 -0.39207264  0.37463866 -0.39389333]
 [ 0.          0.          0.          1.        ]]","[[ 0.4489144   0.89335688  0.019732   -0.14755085]
 [-0.6290885   0.30028222  0.7169925   0.07128489]
 [ 0.63460501 -0.33428144  0.69680155 -0.39434536]
 [ 0.          0.          0.          1.        ]]"
full_scene,98,182,28,25,14,0.5747336030543051,0.8037495013960909,0.0024218075948500045,0.0023359194212263586,"[[ 0.94874536  0.30997422  0.06162979 -0.13662047]
 [ 0.30535283 -0.84877428 -0.43167333  0.12393061]
 [-0.08149782  0.4283669  -0.89992216 -0.43052932]
 [ 0.          0.          0.          1.        ]]","[[ 0.5773431   0.35337331 -0.73607218 -0.13986283]
 [-0.12581234 -0.85222729 -0.50781876  0.12395773]
 [-0.80675039  0.38579263 -0.44756882 -0.42899845]
 [ 0.          0.          0.          1.        ]]"
full_scene,98,188,28,37,13,0.38668870021083823,0.5052709556100062,0.0028465304851231646,0.002689604798297677,"[[ 1.          0.          0.         -0.13426905]
 [ 0.          1.          0.          0.10853425]
 [ 0.          0.          1.         -0.38546814]
 [ 0.          0.          0.          1.        ]]","[[ 0.6251266  -0.06990806 -0.77738639 -0.13694335]
 [-0.06671468  0.98755032 -0.14245535  0.10902628]
 [ 0.77766695  0.14091571  0.61268008 -0.38923625]
 [ 0.          0.          0.          1.        ]]"
full_scene,98,189,28,74,30,0.3386517750299162,0.30372100974414495,0.0034082940770678496,0.002921745425867518,"[[ 0.57314226 -0.81390345 -0.09523196 -0.12873125]
 [-0.81840329 -0.56263912 -0.11684721  0.09478646]
 [ 0.04152112  0.14490822 -0.98857352 -0.39343994]
 [ 0.          0.          0.          1.        ]]","[[ 0.15603873 -0.77510093  0.61226666 -0.12302392]
 [-0.15169822 -0.63131066 -0.76054882  0.10087549]
 [ 0.97603256  0.02579531 -0.21609034 -0.393711  ]
 [ 0.          0.          0.          1.        ]]"
full_scene,99,79,28,19,10,0.4174596843124964,0.5691492392728931,0.002712648957394244,0.0022610023699935057,"[[ 0.33256742  0.61948464 -0.71108206 -0.09378468]
 [ 0.30766539  0.64148022  0.70274116 -0.06819136]
 [ 0.89148243 -0.45248415  0.02274144 -0.5093727 ]
 [ 0.          0.          0.          1.        ]]","[[ 0.35953451  0.80024397 -0.47994221 -0.09373886]
 [-0.41109224  0.59756901  0.68841444 -0.06975779]
 [ 0.8376981  -0.05020823  0.54382077 -0.51017142]
 [ 0.          0.          0.          1.        ]]"
full_scene,99,81,28,60,21,0.5421961365319962,0.46857370790358427,0.0025813215460017813,0.00234481737614334,"[[ 1.          0.          0.         -0.09027623]
 [ 0.          1.          0.         -0.07489803]
 [ 0.          0.          1.         -0.50385703]
 [ 0.          0.          0.          1.        ]]","[[ 0.60212571  0.46434121 -0.64948585 -0.09060334]
 [-0.28107321  0.88468876  0.37191887 -0.07990685]
 [ 0.74729009 -0.04138884  0.66320772 -0.50345283]
 [ 0.          0.          0.          1.        ]]"
full_scene,99,198,37,34,30,0.41116863799539466,0.39931921223129624,0.0025232509897998414,0.002229616647830838,"[[-0.92437514 -0.34481785  0.16319084 -0.12367134]
 [-0.35030828  0.59787015 -0.72099611  0.04125675]
 [ 0.1510454  -0.72363798 -0.67344885 -0.35069506]
 [ 0.          0.          0.          1.        ]]","[[-0.87496703 -0.40368348  0.26734312 -0.13425611]
 [-0.47470309  0.60649105 -0.6378288   0.03968004]
 [ 0.09533975 -0.68498778 -0.72228947 -0.3517073 ]
 [ 0.          0.          0.          1.        ]]"
full_scene,99,202,37,81,30,0.45541269182911653,0.5301348703499764,0.0025543388345272288,0.0021432883787584215,"[[-0.95774495 -0.28086821  0.06194881 -0.11556247]
 [-0.2057422   0.51851473 -0.82994736  0.05042946]
 [ 0.20098446 -0.80762338 -0.55439131 -0.35627443]
 [ 0.          0.          0.          1.        ]]","[[-0.98975036 -0.02417568 -0.14074712 -0.11010475]
 [ 0.10198395  0.5702533  -0.81511376  0.04911014]
 [ 0.09996744 -0.82111309 -0.56194288 -0.35598061]
 [ 0.          0.          0.          1.        ]]"
full_scene,99,204,37,41,30,0.4747064460304066,0.4950585677712782,0.002463253618429266,0.002209389419391874,"[[-0.98488718 -0.10576779  0.1371511  -0.11245013]
 [-0.17260956  0.53423629 -0.82752494  0.05586307]
 [ 0.01425439 -0.83869229 -0.54441901 -0.35972802]
 [ 0.          0.          0.          1.        ]]","[[-0.99767734 -0.04839669 -0.04793412 -0.10886526]
 [ 0.01766265  0.49583211 -0.86823876  0.05538406]
 [ 0.06578716 -0.86706878 -0.49382565 -0.36016608]
 [ 0.          0.          0.          1.        ]]"
full_scene,99,230,37,28,30,0.5491497304023227,0.6168637995394671,0.002343329119050266,0.0020872061652891503,"[[-0.94766344 -0.20416666 -0.24545872 -0.08566043]
 [ 0.05928674  0.64290602 -0.76364713  0.07690787]
 [ 0.31371817 -0.73823291 -0.59715415 -0.33678387]
 [ 0.          0.          0.          1.        ]]","[[-0.97404338 -0.16857131 -0.15107353 -0.09162375]
 [-0.00408089  0.68036826 -0.73285904  0.07516126]
 [ 0.22632465 -0.71321998 -0.66339612 -0.33519653]
 [ 0.          0.          0.          1.        ]]"
