Scene,Target,Source,RANSAC Iterations,ICP Iterations,RANSAC: Fitness,ICP: Fitness,RANSAC: Inlier RMSE,ICP: Inlier RMSE,Initial Guess,Transformation
sun3d-hotel_umd-maryland_hotel3,0,12,0.0,30,0.6461629921237445,0.7002372263292781,0.021576867335992258,0.016782552731479012,"[[1. 0. 0. 0.]
 [0. 1. 0. 0.]
 [0. 0. 1. 0.]
 [0. 0. 0. 1.]]","[[ 0.99993585  0.00517675 -0.01007477  0.04392642]
 [-0.0050668   0.99992766  0.01090846  0.05717141]
 [ 0.01013051 -0.01085672  0.99988975  0.03497143]
 [ 0.          0.          0.          1.        ]]"
sun3d-hotel_umd-maryland_hotel3,0,13,0.0,30,0.5483070186518463,0.6118917098227443,0.022592891029167336,0.017815334987585103,"[[1. 0. 0. 0.]
 [0. 1. 0. 0.]
 [0. 0. 1. 0.]
 [0. 0. 0. 1.]]","[[ 0.99606616  0.0106922   0.0879652  -0.2299685 ]
 [-0.01528093  0.9985479   0.05165838 -0.13161986]
 [-0.08728513 -0.05279935  0.99478316  0.01539497]
 [ 0.          0.          0.          1.        ]]"
sun3d-hotel_umd-maryland_hotel3,0,14,2.0,30,0.498709869287525,0.5410108620225738,0.02438639315171423,0.023189960107507325,"[[ 0.99255193  0.08368475  0.08852983 -0.47823294]
 [ 0.0390638   0.46970244 -0.88196011  1.12035837]
 [-0.11538929  0.87884952  0.46293502  1.63497762]
 [ 0.          0.          0.          1.        ]]","[[ 0.99832414  0.03860633  0.04310994 -0.33356437]
 [ 0.02144264  0.44514445 -0.89520201  1.15703098]
 [-0.05375061  0.89462616  0.44357062  1.67068903]
 [ 0.          0.          0.          1.        ]]"
sun3d-hotel_umd-maryland_hotel3,0,18,0.0,30,0.4820499597099114,0.5706172441579371,0.02277410234833041,0.021020329179365943,"[[1. 0. 0. 0.]
 [0. 1. 0. 0.]
 [0. 0. 1. 0.]
 [0. 0. 0. 1.]]","[[ 0.99951404 -0.03020911  0.00768777  0.0152581 ]
 [ 0.02995867  0.99907536  0.03083665 -0.13721503]
 [-0.00861221 -0.03059135  0.99949487  0.05871784]
 [ 0.          0.          0.          1.        ]]"
sun3d-hotel_umd-maryland_hotel3,0,25,1.0,30,0.4902678980223118,0.5518654591341053,0.024272486485179354,0.023248308486851502,"[[ 0.08093228 -0.1059646   0.99107087 -1.87071881]
 [-0.46022551 -0.88596111 -0.05714366 -0.88764942]
 [ 0.88410545 -0.45149133 -0.12047046  2.9244836 ]
 [ 0.          0.          0.          1.        ]]","[[ 0.05760878 -0.06010852  0.99652807 -1.87572086]
 [-0.37915775 -0.92471241 -0.03385783 -0.97616208]
 [ 0.92353702 -0.37589083 -0.07606216  2.89966237]
 [ 0.          0.          0.          1.        ]]"
sun3d-hotel_umd-maryland_hotel3,0,32,2.0,30,0.5395304348846626,0.614020057155264,0.023912019904979365,0.02314562528989239,"[[-0.20379533  0.16021771  0.96581455 -0.5735299 ]
 [-0.88755065 -0.44658733 -0.11319717 -0.40102246]
 [ 0.41318435 -0.88027839  0.23321374  1.93667562]
 [ 0.          0.          0.          1.        ]]","[[-0.22389604  0.27153212  0.93602397 -0.56477489]
 [-0.91352817 -0.39313106 -0.10447129 -0.43152452]
 [ 0.33961278 -0.87847497  0.33607273  1.76694683]
 [ 0.          0.          0.          1.        ]]"
sun3d-hotel_umd-maryland_hotel3,1,4,2.0,30,0.4908446664067844,0.585200317742849,0.023954069731835767,0.02228638237853581,"[[1. 0. 0. 0.]
 [0. 1. 0. 0.]
 [0. 0. 1. 0.]
 [0. 0. 0. 1.]]","[[ 0.99748461 -0.00395544  0.07077296 -0.14187705]
 [ 0.00283296  0.99986872  0.01595373 -0.02919732]
 [-0.07082677 -0.01571311  0.99736486  0.08718374]
 [ 0.          0.          0.          1.        ]]"
sun3d-hotel_umd-maryland_hotel3,1,20,2.0,30,0.533074701002237,0.5901308720694697,0.022378132354909087,0.021521137987581082,"[[-0.69413232  0.54354955  0.47194726 -0.54968409]
 [-0.68208157 -0.70620254 -0.18984917  0.61909434]
 [ 0.23009792 -0.45368697  0.86094313  1.04367385]
 [ 0.          0.          0.          1.        ]]","[[-0.72235174  0.4865702   0.49138316 -0.5528478 ]
 [-0.656275   -0.70632685 -0.26534037  0.74167036]
 [ 0.2179704  -0.51415156  0.82954028  1.1477423 ]
 [ 0.          0.          0.          1.        ]]"
sun3d-hotel_umd-maryland_hotel3,2,15,2.0,30,0.4397158207948344,0.45800255387840166,0.023656153031311668,0.023870656513358998,"[[-0.39416588  0.91854464  0.03014955  0.8334472 ]
 [-0.86297956 -0.38120547  0.3315851  -0.97029784]
 [ 0.31606889  0.10468108  0.94294344  0.20365109]
 [ 0.          0.          0.          1.        ]]","[[-0.36961645  0.92895242  0.02076254  0.84371244]
 [-0.89442507 -0.36175534  0.2629389  -0.82898573]
 [ 0.25176868  0.07861601  0.96458906  0.14898705]
 [ 0.          0.          0.          1.        ]]"
sun3d-hotel_umd-maryland_hotel3,2,25,1.0,30,0.4511384828417961,0.4801952003930809,0.02373330339402825,0.02150932488271946,"[[ 0.85425823  0.13499086  0.50201628  0.26932429]
 [ 0.18520481  0.8233018  -0.53653828  0.76205802]
 [-0.48573867  0.55131807  0.67831138  1.93758403]
 [ 0.          0.          0.          1.        ]]","[[ 0.88594308  0.07437016  0.45779246  0.23560869]
 [ 0.23378466  0.78087747 -0.57928845  0.80745478]
 [-0.40056159  0.62024145  0.67442639  1.96315289]
 [ 0.          0.          0.          1.        ]]"
sun3d-hotel_umd-maryland_hotel3,2,26,2.0,30,0.6818257055367044,0.7699522745455047,0.02038447727285211,0.01608908074132425,"[[-0.2028149  -0.88070707 -0.42804342 -0.05562397]
 [ 0.97565116 -0.21901864 -0.01164677 -0.46298132]
 [-0.0834921  -0.41998319  0.90368312  1.44438941]
 [ 0.          0.          0.          1.        ]]","[[-0.15492522 -0.80098282 -0.57829465  0.09437234]
 [ 0.98790802 -0.12915802 -0.08576686 -0.31721411]
 [-0.00599361 -0.58458937  0.81130718  1.4879493 ]
 [ 0.          0.          0.          1.        ]]"
sun3d-hotel_umd-maryland_hotel3,2,28,1.0,30,0.5836113170249567,0.6161662960217446,0.0240592588440785,0.023350799678915096,"[[ 0.80200888 -0.39986594  0.44372174 -0.06221535]
 [ 0.127377   -0.61128267 -0.78109449  1.10149765]
 [ 0.5835725   0.68296466 -0.4393204   3.05484524]
 [ 0.          0.          0.          1.        ]]","[[ 0.79012325 -0.4309835   0.43584226 -0.06395411]
 [ 0.14805781 -0.55580745 -0.81802015  1.11714997]
 [ 0.59479756  0.71086659 -0.37534591  3.01178692]
 [ 0.          0.          0.          1.        ]]"
sun3d-hotel_umd-maryland_hotel3,2,31,1.0,30,0.46030729833546735,0.480502378647346,0.023835191478396158,0.023439627436444004,"[[ 0.15011443  0.96797519 -0.20122051  0.28924896]
 [-0.53130846  0.25062265  0.80925868 -1.49414706]
 [ 0.83377274 -0.01457125  0.55191548  1.62304868]
 [ 0.          0.          0.          1.        ]]","[[ 0.18173747  0.97019035 -0.16031901  0.26730689]
 [-0.54353618  0.23497461  0.80582588 -1.53394784]
 [ 0.81947539 -0.05930957  0.57003725  1.58703645]
 [ 0.          0.          0.          1.        ]]"
sun3d-hotel_umd-maryland_hotel3,3,5,1.0,30,0.5149643785339233,0.5234217744918597,0.02360062134703608,0.023095547198976052,"[[1. 0. 0. 0.]
 [0. 1. 0. 0.]
 [0. 0. 1. 0.]
 [0. 0. 0. 1.]]","[[ 0.99998114 -0.00490082  0.00370162 -0.00395702]
 [ 0.00495047  0.99989627 -0.01352596  0.06081549]
 [-0.00363495  0.01354403  0.99990167 -0.01379722]
 [ 0.          0.          0.          1.        ]]"
sun3d-hotel_umd-maryland_hotel3,3,11,1.0,30,0.4891421384558311,0.5050964087622942,0.02333768811680407,0.022835048172637387,"[[1. 0. 0. 0.]
 [0. 1. 0. 0.]
 [0. 0. 1. 0.]
 [0. 0. 0. 1.]]","[[ 0.99881135  0.04730326 -0.01175989  0.05085975]
 [-0.04768343  0.9982673  -0.03447733  0.09706989]
 [ 0.01010862  0.0349971   0.99933629  0.00760012]
 [ 0.          0.          0.          1.        ]]"
sun3d-hotel_umd-maryland_hotel3,3,18,0.0,30,0.6069202256244963,0.6161095890410959,0.02129579139091213,0.021069314978816395,"[[1. 0. 0. 0.]
 [0. 1. 0. 0.]
 [0. 0. 1. 0.]
 [0. 0. 0. 1.]]","[[ 0.99962231  0.00468584  0.02707898 -0.06517749]
 [-0.00447535  0.99995934 -0.00782842 -0.00980322]
 [-0.02711457  0.00770427  0.99960264 -0.00612419]
 [ 0.          0.          0.          1.        ]]"
sun3d-hotel_umd-maryland_hotel3,3,21,0.0,30,0.4968217008567162,0.5376090544682858,0.022794491331264405,0.022168334154067965,"[[1. 0. 0. 0.]
 [0. 1. 0. 0.]
 [0. 0. 1. 0.]
 [0. 0. 0. 1.]]","[[ 0.99986128  0.01352621 -0.00971888  0.02581077]
 [-0.01408713  0.99808851 -0.06017371  0.14543444]
 [ 0.00888638  0.06030228  0.99814061 -0.00599758]
 [ 0.          0.          0.          1.        ]]"
sun3d-hotel_umd-maryland_hotel3,3,22,0.0,30,0.47419862024707204,0.5220065244130703,0.023245116134448594,0.02207048187671136,"[[1. 0. 0. 0.]
 [0. 1. 0. 0.]
 [0. 0. 1. 0.]
 [0. 0. 0. 1.]]","[[ 0.99850021  0.01726833  0.05195317 -0.0783673 ]
 [-0.01928188  0.99907221  0.0385087  -0.14693324]
 [-0.05123999 -0.0394527   0.99790678 -0.0282438 ]
 [ 0.          0.          0.          1.        ]]"
sun3d-hotel_umd-maryland_hotel3,3,25,3.0,30,0.44459457950395875,0.5254776714424505,0.018994296085331784,0.015965797942408586,"[[-0.26076577 -0.93687098 -0.23296777 -0.24024917]
 [ 0.8828782  -0.13380413 -0.45013613 -0.41643392]
 [ 0.39054742 -0.32306226  0.8620345   1.31159932]
 [ 0.          0.          0.          1.        ]]","[[-0.20648671 -0.95545698 -0.21086771 -0.26244922]
 [ 0.83619142 -0.0604091  -0.54510058 -0.3431439 ]
 [ 0.50808183 -0.2888818   0.81141861  1.43890939]
 [ 0.          0.          0.          1.        ]]"
sun3d-hotel_umd-maryland_hotel3,3,26,1.0,30,0.7257579519435019,0.8469612954840133,0.020947969905720253,0.012956265494645288,"[[-0.121212   -0.97954229  0.16063792 -0.1199049 ]
 [ 0.99232527 -0.11559042  0.04392505 -0.43600975]
 [-0.02445824  0.16472932  0.98603552  1.11398988]
 [ 0.          0.          0.          1.        ]]","[[-0.06349344 -0.98197372  0.17803423 -0.07411953]
 [ 0.98699241 -0.08818863 -0.13442004 -0.28976441]
 [ 0.14769754  0.16718364  0.97480001  1.27752972]
 [ 0.          0.          0.          1.        ]]"
sun3d-hotel_umd-maryland_hotel3,3,29,1.0,30,0.4715965756926831,0.6200051637987334,0.022962572943109515,0.02207843704619226,"[[-0.88418348  0.1642582  -0.4373086   0.03430868]
 [ 0.06402261 -0.88469742 -0.4617484  -0.55340874]
 [-0.46273175 -0.43626795  0.77171861  0.92489426]
 [ 0.          0.          0.          1.        ]]","[[-0.95461291  0.10913304 -0.27713566 -0.2104353 ]
 [ 0.06880416 -0.82449112 -0.5616764  -0.35980673]
 [-0.28979335 -0.55525163  0.77956106  0.89367309]
 [ 0.          0.          0.          1.        ]]"
sun3d-hotel_umd-maryland_hotel3,4,11,1.0,30,0.48322007980528237,0.5187185008912495,0.022099084386750144,0.02171357753830165,"[[ 0.50494428  0.5151652  -0.69255764  1.2446613 ]
 [-0.73656962  0.67547752 -0.03457345  0.60197438]
 [ 0.44999608  0.52757458  0.72053354  0.76888959]
 [ 0.          0.          0.          1.        ]]","[[ 0.51712037  0.4968453  -0.69694424  1.21223189]
 [-0.75595702  0.64698838 -0.0996746   0.74683117]
 [ 0.40139196  0.57840365  0.71016456  0.83966202]
 [ 0.          0.          0.          1.        ]]"
sun3d-hotel_umd-maryland_hotel3,4,20,1.0,30,0.4142946471033766,0.4954555862822116,0.021614676239820697,0.02148139116748344,"[[-0.30345877  0.14750158 -0.94135862  2.38340981]
 [ 0.9460011  -0.07155518 -0.31616732 -0.10034488]
 [-0.11399426 -0.98647004 -0.11782261  2.62694805]
 [ 0.          0.          0.          1.        ]]","[[-0.2151205   0.28987908 -0.93257348  2.25352124]
 [ 0.97391335 -0.00694088 -0.22681403 -0.2651122 ]
 [-0.07222152 -0.95703811 -0.28082398  2.85156457]
 [ 0.          0.          0.          1.        ]]"
sun3d-hotel_umd-maryland_hotel3,5,16,0.0,30,0.4254321244073912,0.47891484063865297,0.02169008085975796,0.02118360703841365,"[[1. 0. 0. 0.]
 [0. 1. 0. 0.]
 [0. 0. 1. 0.]
 [0. 0. 0. 1.]]","[[ 0.99935431  0.01657072 -0.0318805  -0.00144096]
 [-0.01554038  0.9993574   0.03229981  0.00347742]
 [ 0.03239524 -0.03178352  0.99896965 -0.01118351]
 [ 0.          0.          0.          1.        ]]"
sun3d-hotel_umd-maryland_hotel3,5,26,1.0,30,0.5503875968992248,0.6274655852575244,0.02436227614559619,0.023840552470246173,"[[-0.66487943 -0.74222301 -0.08390674  0.12626122]
 [ 0.48525442 -0.34380411 -0.80394458  1.49375301]
 [ 0.56785869 -0.57524233  0.58875528  1.01391713]
 [ 0.          0.          0.          1.        ]]","[[-0.65783733 -0.7455333  -0.10691187  0.15403714]
 [ 0.52986816 -0.35723936 -0.76916823  1.42623364]
 [ 0.5352474  -0.56263677  0.63003975  1.02477984]
 [ 0.          0.          0.          1.        ]]"
sun3d-hotel_umd-maryland_hotel3,5,31,3.0,30,0.5788857312388744,0.5957548692004205,0.0241971857733497,0.023964090733373643,"[[ 4.50918783e-01 -5.30313672e-01 -7.17941265e-01  1.78488783e+00]
 [-8.71160471e-01 -4.36583182e-01 -2.24665437e-01  3.12352463e-04]
 [-1.94297929e-01  7.26747916e-01 -6.58851866e-01  2.65604070e+00]
 [ 0.00000000e+00  0.00000000e+00  0.00000000e+00  1.00000000e+00]]","[[ 0.4626368  -0.57340128 -0.67614951  1.70234484]
 [-0.87972402 -0.39136685 -0.27003266  0.06899331]
 [-0.10978543  0.71975201 -0.68549559  2.73015377]
 [ 0.          0.          0.          1.        ]]"
sun3d-hotel_umd-maryland_hotel3,6,26,1.0,30,0.5598913073464096,0.607465033518166,0.02707035463206191,0.0259381315380138,"[[-0.36407996 -0.88858861 -0.27902698  0.18635943]
 [ 0.76734635 -0.11639403 -0.63058069  0.86883491]
 [ 0.52784975 -0.44369213  0.72423197  0.82964198]
 [ 0.          0.          0.          1.        ]]","[[-0.34509436 -0.90180357 -0.26011575  0.1708618 ]
 [ 0.6918329  -0.05712755 -0.71979419  0.96616176]
 [ 0.6342532  -0.42835355  0.64361178  0.96090337]
 [ 0.          0.          0.          1.        ]]"
sun3d-hotel_umd-maryland_hotel3,7,20,489.0,30,0.45599140436475083,0.556276751272612,0.025567494547864927,0.0207043725512158,"[[1. 0. 0. 0.]
 [0. 1. 0. 0.]
 [0. 0. 1. 0.]
 [0. 0. 0. 1.]]","[[ 0.99765064 -0.0683236  -0.005009    0.05018477]
 [ 0.06833965  0.99765727  0.00310767  0.06796414]
 [ 0.00478494 -0.00344268  0.99998263  0.01282945]
 [ 0.          0.          0.          1.        ]]"
sun3d-hotel_umd-maryland_hotel3,7,21,4.0,30,0.37058132908905134,0.3980242474259216,0.024444583348165527,0.023946986356800908,"[[ 0.55467624 -0.74132104 -0.37785895  0.41740101]
 [-0.11947819 -0.52037598  0.84553758 -2.37012081]
 [-0.82344352 -0.4238537  -0.37721189  2.37963803]
 [ 0.          0.          0.          1.        ]]","[[ 0.60457202 -0.69216387 -0.39421042  0.48698243]
 [-0.15147732 -0.58576887  0.79619686 -2.26817295]
 [-0.78201489 -0.42164441 -0.4589866   2.5884653 ]
 [ 0.          0.          0.          1.        ]]"
sun3d-hotel_umd-maryland_hotel3,8,28,1.0,30,0.6520756115641215,0.6733320978502595,0.019950889662483148,0.020124487701906887,"[[-0.15290972  0.78281712  0.6031716  -0.04576418]
 [-0.90849661 -0.3515477   0.22593834 -0.87759599]
 [ 0.38891199 -0.51343118  0.76494176  1.80472728]
 [ 0.          0.          0.          1.        ]]","[[-0.14371743  0.78329192  0.60481326 -0.0690076 ]
 [-0.9235889  -0.32566479  0.20230175 -0.84202224]
 [ 0.3554277  -0.52952452  0.77024342  1.75640677]
 [ 0.          0.          0.          1.        ]]"
sun3d-hotel_umd-maryland_hotel3,8,29,2.0,30,0.613185911942044,0.6438852016665907,0.023947066757834843,0.023587144145812682,"[[-0.82682615  0.39957279  0.39585365  0.0476951 ]
 [ 0.55350459  0.70310497  0.44640349 -0.43992756]
 [-0.09995598  0.58820489 -0.80251094  3.67121799]
 [ 0.          0.          0.          1.        ]]","[[-0.82939016  0.42504985  0.36255287  0.10659714]
 [ 0.55672292  0.68295256  0.47290104 -0.48587889]
 [-0.04659989  0.59406096 -0.80306913  3.73151907]
 [ 0.          0.          0.          1.        ]]"
sun3d-hotel_umd-maryland_hotel3,8,31,2.0,30,0.5153909413613983,0.5677211829736736,0.022910876806697206,0.022260136515656198,"[[ 0.71425273 -0.43191662 -0.55071869  1.71696325]
 [ 0.18325267  0.87482654 -0.44843838  0.30551639]
 [ 0.67547132  0.21937767  0.70399711  1.91169369]
 [ 0.          0.          0.          1.        ]]","[[ 0.7205177  -0.49542074 -0.4851933   1.60097023]
 [ 0.31951893  0.85818288 -0.40178327  0.26124232]
 [ 0.61543635  0.13446351  0.77663226  1.76651406]
 [ 0.          0.          0.          1.        ]]"
sun3d-hotel_umd-maryland_hotel3,9,20,1.0,30,0.4812675039191165,0.5161080090888275,0.022954630602033604,0.022310576160686848,"[[-0.40603767  0.90646185  0.11601868 -0.17436222]
 [ 0.90684219  0.41536018 -0.07150636 -0.29514656]
 [-0.11300733  0.07617636 -0.99066973  4.367321  ]
 [ 0.          0.          0.          1.        ]]","[[-0.41273081  0.91067538  0.01798991 -0.01897081]
 [ 0.90363911  0.41186294 -0.11749585 -0.20444096]
 [-0.11440996 -0.03223777 -0.99291041  4.40285165]
 [ 0.          0.          0.          1.        ]]"
sun3d-hotel_umd-maryland_hotel3,9,28,1.0,30,0.5353904126513467,0.5487954040029651,0.022960859459701992,0.02194785088342354,"[[-0.51443683 -0.65433889 -0.55425208 -0.09555524]
 [ 0.83855215 -0.24863675 -0.48477836  1.03579193]
 [ 0.1794019  -0.71415712  0.67660518  1.70416517]
 [ 0.          0.          0.          1.        ]]","[[-0.46399104 -0.64576525 -0.60638235  0.02333358]
 [ 0.87231609 -0.2139238  -0.43966038  0.99826452]
 [ 0.15419778 -0.73295556  0.66257015  1.69754263]
 [ 0.          0.          0.          1.        ]]"
sun3d-hotel_umd-maryland_hotel3,9,29,1.0,30,0.47559598843714085,0.6084979926998061,0.024549904872441058,0.02394362280740891,"[[-0.47563444  0.87795588 -0.05445505  0.08047563]
 [-0.87523131 -0.47853358 -0.07053911 -0.10091808]
 [-0.0879888   0.01410994  0.99602153  1.0887323 ]
 [ 0.          0.          0.          1.        ]]","[[-0.44030724  0.89473719 -0.07466526  0.08638776]
 [-0.8873675  -0.44632935 -0.11562454 -0.0223044 ]
 [-0.13677887  0.01534521  0.99048274  1.17738359]
 [ 0.          0.          0.          1.        ]]"
sun3d-hotel_umd-maryland_hotel3,9,31,1.0,30,0.7353455544798726,0.7526519055203356,0.020252217002121386,0.01888723701806831,"[[-0.58207698 -0.13022761 -0.80263762  0.67178719]
 [ 0.81307115 -0.08097442 -0.57650537  1.06195975]
 [ 0.01008381 -0.98817201  0.15301766  2.16593981]
 [ 0.          0.          0.          1.        ]]","[[-0.59950072 -0.13029318 -0.78969777  0.64000407]
 [ 0.79760854 -0.01530341 -0.60298128  1.11904653]
 [ 0.06647928 -0.9913574   0.11309736  2.23457359]
 [ 0.          0.          0.          1.        ]]"
sun3d-hotel_umd-maryland_hotel3,10,26,1.0,30,0.6000441391486662,0.6579215978371817,0.022402068605849784,0.020238924200694928,"[[-0.46279307  0.16342088 -0.87127274  1.69835468]
 [ 0.72880309  0.62966456 -0.26901414  0.30044393]
 [ 0.50464704 -0.75948414 -0.41050604  2.13529947]
 [ 0.          0.          0.          1.        ]]","[[-0.6962655   0.13173761 -0.70559164  1.42833022]
 [ 0.59011437  0.66468363 -0.45821468  0.47121496]
 [ 0.4086311  -0.73541884 -0.54053654  2.24844878]
 [ 0.          0.          0.          1.        ]]"
sun3d-hotel_umd-maryland_hotel3,10,34,2.0,30,0.5109759748106921,0.5309821834429083,0.019838948459674717,0.0186013866009499,"[[-0.63387182  0.26164026  0.72783988 -0.68283379]
 [ 0.06204356 -0.92081118  0.38504203 -0.62824089]
 [ 0.77094559  0.28922507  0.56744317  1.59017912]
 [ 0.          0.          0.          1.        ]]","[[-0.58715128  0.25923043  0.76684611 -0.75011455]
 [ 0.09091241 -0.92022356  0.38068824 -0.63931507]
 [ 0.80435583  0.29323742  0.51674318  1.70096515]
 [ 0.          0.          0.          1.        ]]"
sun3d-hotel_umd-maryland_hotel3,11,19,1.0,30,0.5824404593045839,0.7145188954693644,0.021969332415374864,0.019783695354996342,"[[-0.56386822 -0.66273183  0.49278713  0.06569536]
 [ 0.8250266  -0.42515191  0.37225927 -1.45017854]
 [-0.03719868  0.61646766  0.78650104  0.38038541]
 [ 0.          0.          0.          1.        ]]","[[-0.56753451 -0.66542462  0.48488623  0.05562398]
 [ 0.81964472 -0.51241847  0.2561442  -1.13679402]
 [ 0.07802     0.54280511  0.83622694  0.329608  ]
 [ 0.          0.          0.          1.        ]]"
sun3d-hotel_umd-maryland_hotel3,11,26,2.0,30,0.7063505200143452,0.754572539932136,0.023401083192743567,0.022329586309411866,"[[ 0.99209807  0.12530786  0.00627382  1.52096102]
 [ 0.11617758 -0.8986304  -0.42304395  0.20332955]
 [-0.04737288  0.42042996 -0.90608745  2.21927427]
 [ 0.          0.          0.          1.        ]]","[[ 0.97738737  0.16106421  0.13701186  1.38685458]
 [ 0.20623474 -0.86918684 -0.44942348  0.26287029]
 [ 0.04670287  0.46751744 -0.88274928  2.26547323]
 [ 0.          0.          0.          1.        ]]"
sun3d-hotel_umd-maryland_hotel3,11,29,1.0,30,0.5641905745485473,0.5838028846397237,0.023565760106906093,0.023278401017644404,"[[-0.21149661  0.43257212  0.87644198 -0.1126178 ]
 [-0.88897071 -0.45782114  0.01143985 -0.9799765 ]
 [ 0.40620223 -0.77671176  0.48137157  1.00000571]
 [ 0.          0.          0.          1.        ]]","[[-0.18123517  0.41565602  0.89128216 -0.09978153]
 [-0.87185605 -0.48721053  0.0499292  -1.03557562]
 [ 0.45499542 -0.76802082  0.4506919   1.0604223 ]
 [ 0.          0.          0.          1.        ]]"
sun3d-hotel_umd-maryland_hotel3,11,30,1.0,30,0.4424756970777398,0.4857235721109809,0.024356477745538063,0.024087063913851906,"[[ 0.48070716 -0.86194884 -0.16113605  0.97741029]
 [ 0.86494249  0.49630769 -0.07451957 -0.11615527]
 [ 0.14420512 -0.10355133  0.98411483  0.73646913]
 [ 0.          0.          0.          1.        ]]","[[ 0.50133583 -0.84735923 -0.17505636  1.00943933]
 [ 0.86024907  0.5098557  -0.00432575 -0.27111196]
 [ 0.09291895 -0.14842341  0.98454891  0.69587749]
 [ 0.          0.          0.          1.        ]]"
sun3d-hotel_umd-maryland_hotel3,12,35,1.0,30,0.41791550135097616,0.4530205659879055,0.021872503349715484,0.02164435725057326,"[[-0.89918439  0.39825776 -0.1812683   0.77071451]
 [-0.32187174 -0.88263829 -0.34256129  0.36736405]
 [-0.29642203 -0.24968062  0.92184248  0.71979897]
 [ 0.          0.          0.          1.        ]]","[[-0.90279865  0.37779677 -0.20548527  0.81028569]
 [-0.26646232 -0.86642245 -0.42226765  0.5072367 ]
 [-0.33756841 -0.32646858  0.88287363  0.78638287]
 [ 0.          0.          0.          1.        ]]"
sun3d-hotel_umd-maryland_hotel3,13,32,2.0,30,0.4694418853021777,0.7296333026236261,0.024725678907488537,0.020671122894038874,"[[-0.81235566  0.52108124  0.26182556 -0.94042649]
 [ 0.03464406 -0.40506021  0.91363342 -0.51911036]
 [ 0.58213235  0.75126598  0.31100058  2.11843758]
 [ 0.          0.          0.          1.        ]]","[[-0.82726008  0.54807855  0.12349357 -0.78403103]
 [-0.2288283  -0.52945291  0.81689487 -0.6403575 ]
 [ 0.51310658  0.64752569  0.56341114  1.76486626]
 [ 0.          0.          0.          1.        ]]"
sun3d-hotel_umd-maryland_hotel3,15,21,0.0,30,0.38270258586811284,0.42797492729702113,0.023924447515354618,0.019593180904320915,"[[1. 0. 0. 0.]
 [0. 1. 0. 0.]
 [0. 0. 1. 0.]
 [0. 0. 0. 1.]]","[[ 0.99825448 -0.03716712 -0.04589777  0.12128849]
 [ 0.03621295  0.9991139  -0.02144856  0.10821817]
 [ 0.04665428  0.01974903  0.99871585  0.02140092]
 [ 0.          0.          0.          1.        ]]"
sun3d-hotel_umd-maryland_hotel3,15,25,1.0,30,0.4773922656869423,0.5071748428234821,0.021899398805199338,0.01965349427111605,"[[ 0.87834634  0.40403441 -0.25546802  0.15587582]
 [-0.41956936  0.90769634 -0.00699369 -0.71307119]
 [ 0.22906169  0.11332944  0.96679221  1.07598852]
 [ 0.          0.          0.          1.        ]]","[[ 0.80690223  0.53585002 -0.24854285  0.12802599]
 [-0.53626749  0.84096455  0.07208191 -0.75964263]
 [ 0.24764082  0.0751224   0.96593512  1.08543306]
 [ 0.          0.          0.          1.        ]]"
sun3d-hotel_umd-maryland_hotel3,15,28,3.0,30,0.4722634049913516,0.6668766987892266,0.02330581788848173,0.018863817960188357,"[[-0.5085382   0.68767847  0.51815753 -1.13281361]
 [-0.84153646 -0.52430604 -0.13007523 -0.33867993]
 [ 0.18222319 -0.50219667  0.84533615  0.636346  ]
 [ 0.          0.          0.          1.        ]]","[[-0.4447618   0.80976223  0.38271671 -0.84936412]
 [-0.88354561 -0.46668906 -0.03935068 -0.48364868]
 [ 0.14674501 -0.35564935  0.92302732  0.5908482 ]
 [ 0.          0.          0.          1.        ]]"
sun3d-hotel_umd-maryland_hotel3,15,32,1.0,30,0.560825758598229,0.6128053610933438,0.01787322682406493,0.016020437055816822,"[[-0.88486647  0.46384589 -0.04310831 -0.44083288]
 [-0.44334353 -0.8100998   0.38364675 -0.44138165]
 [ 0.14303093  0.35858794  0.92247322  0.78529359]
 [ 0.          0.          0.          1.        ]]","[[-0.87893423  0.47644315 -0.02182967 -0.3924792 ]
 [-0.45706207 -0.828337    0.32396307 -0.39354796]
 [ 0.13626766  0.29471975  0.94581784  0.72649135]
 [ 0.          0.          0.          1.        ]]"
sun3d-hotel_umd-maryland_hotel3,15,34,3.0,30,0.42406621062784794,0.6197711675554619,0.02357882153330244,0.0187500889668352,"[[ 0.89807388 -0.0022825   0.43983871 -0.49670707]
 [ 0.01064469  0.99980644 -0.01654618 -0.24700127]
 [-0.43971581  0.01954164  0.89792435  0.48792322]
 [ 0.          0.          0.          1.        ]]","[[ 0.96442578 -0.04648936  0.26023386 -0.21821671]
 [ 0.02972705  0.99724346  0.06798375 -0.37115341]
 [-0.26267703 -0.0578293   0.96314929  0.52210631]
 [ 0.          0.          0.          1.        ]]"
sun3d-hotel_umd-maryland_hotel3,15,35,1.0,30,0.474493976474731,0.4900759119935532,0.022761008729250284,0.022862132900338752,"[[-0.05454549  0.44473666  0.89399893 -1.23260036]
 [ 0.07300211 -0.89115955  0.44777823 -1.39664086]
 [ 0.99583908  0.08968809  0.01614202  2.03271009]
 [ 0.          0.          0.          1.        ]]","[[-0.06755965  0.41968802  0.90515063 -1.23140254]
 [ 0.11736766 -0.89758122  0.42493856 -1.34977982]
 [ 0.99078783  0.13494411  0.01138248  2.03154547]
 [ 0.          0.          0.          1.        ]]"
sun3d-hotel_umd-maryland_hotel3,16,19,2.0,30,0.4474073556817339,0.4923209196566127,0.024597251614127746,0.024031040900258347,"[[-0.69736088  0.64582809  0.31079554  0.09410727]
 [-0.54797975 -0.75993877  0.34958727 -0.09098956]
 [ 0.46195887  0.07347883  0.88385229  0.05953643]
 [ 0.          0.          0.          1.        ]]","[[-0.70005337  0.66697682  0.25508273  0.21957386]
 [-0.58777377 -0.7410583   0.32458372 -0.00463965]
 [ 0.405521    0.07729499  0.91081184  0.05368641]
 [ 0.          0.          0.          1.        ]]"
sun3d-hotel_umd-maryland_hotel3,17,24,1.0,30,0.4370710435327891,0.45858718351426453,0.023668254692992854,0.023286456515156862,"[[ 0.40717057  0.8876314   0.21522691 -0.42786873]
 [-0.52476376  0.03448197  0.85054923 -1.63952758]
 [ 0.74755275 -0.4592619   0.47983684  1.95719684]
 [ 0.          0.          0.          1.        ]]","[[ 0.430223    0.83927688  0.33244922 -0.60955399]
 [-0.5496976  -0.04855833  0.83395122 -1.61353964]
 [ 0.71605916 -0.54153154  0.44045757  2.01456347]
 [ 0.          0.          0.          1.        ]]"
sun3d-hotel_umd-maryland_hotel3,17,26,1.0,30,0.4853789070043312,0.5061518938453474,0.023261259721721085,0.02028384440735928,"[[ 0.12050587  0.12208292 -0.98517719  1.2586947 ]
 [-0.97265448  0.21300834 -0.09257817 -0.9572943 ]
 [ 0.19854874  0.96939322  0.14441325  2.15323068]
 [ 0.          0.          0.          1.        ]]","[[ 0.09252912  0.21070858 -0.97315993  1.3060992 ]
 [-0.98141098  0.18433901 -0.05340056 -1.03680475]
 [ 0.16813938  0.96001095  0.22384844  2.08465044]
 [ 0.          0.          0.          1.        ]]"
sun3d-hotel_umd-maryland_hotel3,18,22,0.0,30,0.3644066527621798,0.394070271137494,0.022337483414703905,0.021821467880674166,"[[1. 0. 0. 0.]
 [0. 1. 0. 0.]
 [0. 0. 1. 0.]
 [0. 0. 0. 1.]]","[[ 0.99995214  0.00872305 -0.00443097  0.06747594]
 [-0.00853899  0.99916373  0.03998659 -0.06754148]
 [ 0.00477607 -0.03994684  0.99919039 -0.0139175 ]
 [ 0.          0.          0.          1.        ]]"
sun3d-hotel_umd-maryland_hotel3,18,26,4.0,30,0.5862782421584044,0.6460454081491903,0.02201685454122715,0.02070064730084212,"[[ 0.07763055 -0.89708161 -0.43499206  0.72780153]
 [-0.87532773 -0.27019023  0.40099701 -0.13214552]
 [-0.47725765  0.34963099 -0.80621542  3.06046614]
 [ 0.          0.          0.          1.        ]]","[[ 0.09040889 -0.82434406 -0.55882296  0.82090537]
 [-0.92787382 -0.27355308  0.25341445 -0.04219065]
 [-0.36176843  0.49560627 -0.78961891  3.10655227]
 [ 0.          0.          0.          1.        ]]"
sun3d-hotel_umd-maryland_hotel3,18,29,2.0,30,0.4807547246227136,0.5634970055029894,0.02076081277935139,0.019196117176929522,"[[ 0.34970772  0.82953577  0.43540201 -0.56628858]
 [ 0.9265022  -0.37513635 -0.02943475  0.38485914]
 [ 0.13891794  0.41369448 -0.89975479  3.75031831]
 [ 0.          0.          0.          1.        ]]","[[ 0.34412567  0.87275737  0.34622549 -0.39820662]
 [ 0.92247046 -0.38299906  0.04857959  0.23028563]
 [ 0.17500223  0.30266531 -0.9368927   3.82671264]
 [ 0.          0.          0.          1.        ]]"
sun3d-hotel_umd-maryland_hotel3,18,36,1.0,30,0.4825686814533123,0.5555675347205207,0.021107860101659916,0.019746635181131057,"[[ 0.23828687 -0.89074753 -0.38702481  1.41652031]
 [ 0.47590091  0.4544735  -0.75297554  1.60385072]
 [ 0.84660362 -0.00476127  0.53220263  1.37597134]
 [ 0.          0.          0.          1.        ]]","[[ 0.22718792 -0.92693206 -0.29863457  1.2374836 ]
 [ 0.48832498  0.37374651 -0.78857609  1.75814973]
 [ 0.84257009  0.03332424  0.53755478  1.40086367]
 [ 0.          0.          0.          1.        ]]"
sun3d-hotel_umd-maryland_hotel3,19,23,0.0,30,0.382212654971596,0.43660009289363677,0.024543906480058875,0.023986942383022535,"[[1. 0. 0. 0.]
 [0. 1. 0. 0.]
 [0. 0. 1. 0.]
 [0. 0. 0. 1.]]","[[ 0.99984663 -0.01125651 -0.01341703  0.08055453]
 [ 0.00972022  0.99393633 -0.10952665  0.17708691]
 [ 0.01456856  0.10937943  0.9938933  -0.02607755]
 [ 0.          0.          0.          1.        ]]"
sun3d-hotel_umd-maryland_hotel3,19,26,1.0,30,0.5660294077077989,0.714930067036332,0.023624968951775002,0.021587956859798876,"[[ 0.68977222 -0.21936374 -0.68999553  0.70342874]
 [ 0.11895353  0.9743829  -0.19086129  0.84252767]
 [ 0.71418789  0.04957341  0.69819634  1.42399745]
 [ 0.          0.          0.          1.        ]]","[[ 0.66918325 -0.11176575 -0.73464426  0.71666964]
 [-0.00614765  0.98775793 -0.15587328  0.76540431]
 [ 0.74307199  0.10882412  0.66030396  1.55786795]
 [ 0.          0.          0.          1.        ]]"
sun3d-hotel_umd-maryland_hotel3,19,29,2.0,30,0.4877866034860704,0.614269297166492,0.02330877247253141,0.020117835805490418,"[[ 0.9156652   0.38519267  0.11482097  0.2135378 ]
 [-0.36314403  0.91525497 -0.17445557  0.85277457]
 [-0.17228947  0.11804635  0.97794754  0.87449446]
 [ 0.          0.          0.          1.        ]]","[[ 0.92521924  0.28424225  0.25134776  0.02710553]
 [-0.29625871  0.95505003  0.01049817  0.67330887]
 [-0.23706567 -0.08417707  0.96783991  0.75134917]
 [ 0.          0.          0.          1.        ]]"
sun3d-hotel_umd-maryland_hotel3,20,26,5.0,30,0.6511489972137162,0.7667521862672074,0.021111857316363572,0.017736969063099208,"[[-0.94658564 -0.13632277 -0.29221862  0.42567107]
 [-0.17572171 -0.5417664   0.82195563 -0.71766624]
 [-0.2703655   0.82940055  0.48887342  1.399674  ]
 [ 0.          0.          0.          1.        ]]","[[-0.95901988 -0.19703717 -0.20361048  0.33945144]
 [ 0.00899094 -0.73941208  0.67319309 -0.54757134]
 [-0.28319611  0.64377491  0.71088243  1.14593112]
 [ 0.          0.          0.          1.        ]]"
sun3d-hotel_umd-maryland_hotel3,20,28,1.0,30,0.4339757845317519,0.49054237706943415,0.020557449332700165,0.019179563424638217,"[[ 0.99920678 -0.01651222  0.03623749  0.80989176]
 [ 0.01263049  0.99440809  0.10484761  0.33824335]
 [-0.03776612 -0.10430675  0.99382786  0.46040448]
 [ 0.          0.          0.          1.        ]]","[[ 0.98628053 -0.13585965  0.09377034  0.69383075]
 [ 0.13620008  0.99067742  0.00278982  0.53290239]
 [-0.09327519  0.01001999  0.99558995  0.44135065]
 [ 0.          0.          0.          1.        ]]"
sun3d-hotel_umd-maryland_hotel3,20,34,1.0,30,0.6027251460691597,0.6139228577447143,0.020489904677989484,0.01839945812253409,"[[-0.38520328 -0.89570908 -0.22208934  0.33219351]
 [ 0.88708119 -0.42573424  0.17843014 -0.09719525]
 [-0.25437254 -0.1282794   0.9585609   0.25329886]
 [ 0.          0.          0.          1.        ]]","[[-0.40955959 -0.87803569 -0.24761718  0.37393213]
 [ 0.89411822 -0.44023051  0.08215667 -0.01439162]
 [-0.18114512 -0.18775098  0.96536833  0.22842844]
 [ 0.          0.          0.          1.        ]]"
sun3d-hotel_umd-maryland_hotel3,21,26,1.0,30,0.48904797373720654,0.6505558774035146,0.027792200828003964,0.024828705330161162,"[[ 0.78135951  0.25834638 -0.56809724  1.31443685]
 [ 0.04442142 -0.93100799 -0.3622856  -1.09791587]
 [-0.62249824  0.25783961 -0.73892806  2.15587735]
 [ 0.          0.          0.          1.        ]]","[[ 0.89044173  0.22514207 -0.39550547  1.27080883]
 [ 0.1249611  -0.95661019 -0.26321411 -1.14625875]
 [-0.43760513  0.18495403 -0.87993963  2.37802408]
 [ 0.          0.          0.          1.        ]]"
sun3d-hotel_umd-maryland_hotel3,21,28,1.0,30,0.5507536446750679,0.5877007659995058,0.025179091036612523,0.023687876624194585,"[[ 0.91568856 -0.38294624 -0.12192882  0.57857067]
 [-0.19198422 -0.15027763 -0.96982405  0.84043236]
 [ 0.3530673   0.9114652  -0.21112715  2.88947535]
 [ 0.          0.          0.          1.        ]]","[[ 0.89694257 -0.42120064 -0.13447693  0.59236204]
 [-0.26793849 -0.27585374 -0.92310004  0.70627643]
 [ 0.35171436  0.86399927 -0.36028083  3.09227021]
 [ 0.          0.          0.          1.        ]]"
sun3d-hotel_umd-maryland_hotel3,21,31,3.0,30,0.6151744167889822,0.684894288123419,0.022923414429447703,0.018638112011253843,"[[ 0.1388052  -0.49304361  0.85886036 -0.59874044]
 [ 0.58671606  0.73960859  0.32976263 -0.5089856 ]
 [-0.79780786  0.4581344   0.39193813  0.97463826]
 [ 0.          0.          0.          1.        ]]","[[ 0.17480802 -0.56210524  0.808381   -0.47922395]
 [ 0.63695137  0.69064273  0.34249901 -0.56008498]
 [-0.75082295  0.45502781  0.4787636   0.93649319]
 [ 0.          0.          0.          1.        ]]"
sun3d-hotel_umd-maryland_hotel3,21,32,4.0,30,0.529689636354034,0.5790285952362789,0.022668092253384068,0.021779861592769807,"[[ 0.01099302 -0.90726287 -0.42042032  0.37310652]
 [-0.9921508   0.04247867 -0.117611   -1.21490395]
 [ 0.12456299  0.41841326 -0.89967461  3.43562946]
 [ 0.          0.          0.          1.        ]]","[[ 0.04172624 -0.86034428 -0.50800261  0.51561256]
 [-0.99890526 -0.02516055 -0.03943646 -1.31839948]
 [ 0.02114731  0.50909201 -0.86045228  3.38060722]
 [ 0.          0.          0.          1.        ]]"
sun3d-hotel_umd-maryland_hotel3,21,33,1.0,30,0.6259589335227784,0.7827813446010784,0.022386567833810805,0.01770148942803266,"[[ 0.8364759   0.34829615  0.42308139 -0.70895634]
 [-0.5452323   0.45140557  0.7063673  -1.44187773]
 [ 0.05504371 -0.82153686  0.56749219  1.57562642]
 [ 0.          0.          0.          1.        ]]","[[ 0.89529578  0.37905542  0.2340138  -0.38350212]
 [-0.39667999  0.43933257  0.80599745 -1.53187848]
 [ 0.20270782 -0.8144347   0.54369629  1.689523  ]
 [ 0.          0.          0.          1.        ]]"
sun3d-hotel_umd-maryland_hotel3,21,34,1.0,30,0.5823475281882989,0.604050023836713,0.023913397357004835,0.023166931293087997,"[[-0.55163875 -0.12022568 -0.82537293  1.1602031 ]
 [-0.22679966  0.9738929   0.00972233 -0.24747779]
 [ 0.80265597  0.19255752 -0.5645042   2.95074589]
 [ 0.          0.          0.          1.        ]]","[[-0.5436462  -0.18446172 -0.81879343  1.12971594]
 [-0.25849352  0.96492882 -0.04575441 -0.19128774]
 [ 0.79851732  0.18677859 -0.57226205  2.93007368]
 [ 0.          0.          0.          1.        ]]"
sun3d-hotel_umd-maryland_hotel3,21,36,2.0,30,0.4305932626998206,0.4733997196875398,0.02261581782795732,0.019675426996837223,"[[-0.78127122 -0.38769161  0.48919372 -0.04538591]
 [ 0.43358463 -0.90085682 -0.0214791  -0.21005465]
 [ 0.44902077  0.19532588  0.87191063  0.6327823 ]
 [ 0.          0.          0.          1.        ]]","[[-0.74237952 -0.40328158  0.53501086 -0.10415165]
 [ 0.53424663 -0.83820746  0.10949335 -0.40679995]
 [ 0.40429344  0.36711337  0.83771987  0.6834193 ]
 [ 0.          0.          0.          1.        ]]"
sun3d-hotel_umd-maryland_hotel3,22,26,1.0,30,0.4366189412121714,0.9045077105575327,0.026812433289885883,0.01758866416771315,"[[ 0.1289624  -0.96939309  0.20891564 -0.29171607]
 [ 0.96084583  0.1742535   0.21543216 -0.21425873]
 [-0.24524273  0.17295307  0.95390945  1.65453131]
 [ 0.          0.          0.          1.        ]]","[[ 0.23161198 -0.96934753  0.08198323 -0.1933515 ]
 [ 0.96347412  0.24022001  0.11837217 -0.10647192]
 [-0.13443778  0.05157231  0.98957909  1.45019914]
 [ 0.          0.          0.          1.        ]]"
sun3d-hotel_umd-maryland_hotel3,22,29,1.0,30,0.8577170947050813,0.9646887292498822,0.01767394317340651,0.016187548954214242,"[[ 0.97072129  0.18927823 -0.1478984   0.13041287]
 [-0.17758737  0.98009672  0.08873071 -0.51796781]
 [ 0.16174953 -0.0598679   0.98501417  0.89659363]
 [ 0.          0.          0.          1.        ]]","[[ 0.9682      0.18619018 -0.16709871  0.11486775]
 [-0.17130764  0.9801729   0.09957296 -0.44856858]
 [ 0.18232513 -0.06778125  0.9808992   0.92460822]
 [ 0.          0.          0.          1.        ]]"
sun3d-hotel_umd-maryland_hotel3,22,32,4.0,30,0.7519262028131657,0.8822977120290119,0.020407050840823858,0.017350466852536314,"[[ 4.13093412e-01 -8.84069504e-01 -2.18574803e-01  2.10624662e-04]
 [ 9.05478747e-01  4.24360831e-01 -5.11113176e-03 -1.15839214e-01]
 [ 9.72731809e-02 -1.95803464e-01  9.75806811e-01  9.76683452e-01]
 [ 0.00000000e+00  0.00000000e+00  0.00000000e+00  1.00000000e+00]]","[[ 0.4700588  -0.80678585 -0.35796832  0.20118272]
 [ 0.8794119   0.46272385  0.11189887 -0.25524586]
 [ 0.07536205 -0.36740065  0.92700449  0.96914818]
 [ 0.          0.          0.          1.        ]]"
sun3d-hotel_umd-maryland_hotel3,23,28,4.0,30,0.4911106992834198,0.5684828267852731,0.024338774408485274,0.023369262940059445,"[[ 0.81840795 -0.24656437  0.51905148  0.0372255 ]
 [ 0.22473157 -0.69399334 -0.68400947  1.49662747]
 [ 0.52887064  0.67644605 -0.51255887  3.08051472]
 [ 0.          0.          0.          1.        ]]","[[ 0.85770214 -0.24656777  0.45116667  0.18186079]
 [ 0.10941647 -0.76986971 -0.62875168  1.339994  ]
 [ 0.50236945  0.58864673 -0.63334032  3.24613907]
 [ 0.          0.          0.          1.        ]]"
sun3d-hotel_umd-maryland_hotel3,25,34,1.0,30,0.2697650697916782,0.2853975187644822,0.022583181419385773,0.02242393034639805,"[[ 0.16777561 -0.88692222 -0.43037229  0.09031262]
 [ 0.6067621  -0.2511703   0.7541573  -1.07263865]
 [-0.77697561 -0.3876628   0.49601054 -0.18048118]
 [ 0.          0.          0.          1.        ]]","[[ 0.09849813 -0.89359615 -0.43793155  0.08395928]
 [ 0.69517277 -0.25310278  0.67281037 -0.95988362]
 [-0.71206245 -0.37070866  0.59627356 -0.2893653 ]
 [ 0.          0.          0.          1.        ]]"
sun3d-hotel_umd-maryland_hotel3,26,28,2.0,30,0.3147269582406721,0.38334568816407216,0.023596784882806074,0.0232351766390879,"[[-0.15486471 -0.75214524 -0.64054231  0.15397771]
 [ 0.98549343 -0.07205031 -0.1536602   0.95973487]
 [ 0.06942351 -0.65504678  0.75239224 -0.1021394 ]
 [ 0.          0.          0.          1.        ]]","[[-0.1661711  -0.67973605 -0.7143851   0.23984847]
 [ 0.98150144 -0.18387101 -0.05335136  0.80841924]
 [-0.09508987 -0.71003546  0.69771596 -0.25534409]
 [ 0.          0.          0.          1.        ]]"
sun3d-hotel_umd-maryland_hotel3,26,29,8.0,30,0.2579317467308598,0.43321740098922185,0.023702476007068336,0.021544960366767597,"[[ 0.12970435  0.87611421 -0.46432819  0.40353567]
 [-0.77673966  0.38084802  0.50162764 -0.70339328]
 [ 0.61632158  0.29559883  0.7299103  -0.11037936]
 [ 0.          0.          0.          1.        ]]","[[ 0.45811954  0.88377634 -0.09521481 -0.12708244]
 [-0.84238359  0.46584671  0.27088139 -0.38196706]
 [ 0.28375407 -0.04388867  0.95789217 -0.45063451]
 [ 0.          0.          0.          1.        ]]"
sun3d-hotel_umd-maryland_hotel3,26,31,5.0,30,0.23612629212079572,0.25417694637893884,0.02243720033055229,0.020983745143576146,"[[-0.30578032 -0.85626895  0.41629542 -1.00414995]
 [ 0.2019585  -0.48562146 -0.85052017  0.77261081]
 [ 0.93043601 -0.17599793  0.32142428  0.46870784]
 [ 0.          0.          0.          1.        ]]","[[-0.29269046 -0.85331818  0.43148624 -1.05334276]
 [ 0.19713962 -0.49540372 -0.84599712  0.78956762]
 [ 0.93566461 -0.16255225  0.31322276  0.43478735]
 [ 0.          0.          0.          1.        ]]"
sun3d-hotel_umd-maryland_hotel3,26,32,6.0,30,0.519567169171366,0.5761884363282144,0.01985806480386095,0.01750944478072703,"[[ 0.97846816  0.19774358 -0.05914003 -0.16741791]
 [-0.18142171  0.96063243  0.21040791 -0.58549515]
 [ 0.09841864 -0.19514816  0.97582323 -0.55938877]
 [ 0.          0.          0.          1.        ]]","[[ 0.99005687  0.13262976  0.04686932 -0.27789705]
 [-0.139978    0.96186034  0.23501245 -0.59369368]
 [-0.01391209 -0.23923636  0.97086169 -0.55623347]
 [ 0.          0.          0.          1.        ]]"
sun3d-hotel_umd-maryland_hotel3,26,33,3.0,30,0.24419338249717687,0.37966080128935803,0.02513708312177611,0.020554339207132347,"[[ 0.94519802  0.29958845 -0.12979782 -0.25353656]
 [-0.22234837  0.88175083  0.41602486 -1.63721075]
 [ 0.23908558 -0.36436554  0.90004213 -0.28317765]
 [ 0.          0.          0.          1.        ]]","[[ 0.93306563  0.26309095 -0.24529915 -0.04025535]
 [-0.25171286  0.96471593  0.07722576 -1.13333495]
 [ 0.25696139 -0.01031176  0.96636665 -0.68694298]
 [ 0.          0.          0.          1.        ]]"
sun3d-hotel_umd-maryland_hotel3,26,34,3.0,30,0.3841314012661175,0.4193376719846558,0.02024229582764762,0.019352179824625195,"[[ 0.31268966  0.93975459  0.13815388 -0.24678017]
 [-0.71068152  0.13496602  0.69044619 -0.92806405]
 [ 0.6302039  -0.3140788   0.7100687  -0.32541447]
 [ 0.          0.          0.          1.        ]]","[[ 0.3780053   0.91251956  0.15626916 -0.2881137 ]
 [-0.78697078  0.22780341  0.57339567 -0.74357415]
 [ 0.48763612 -0.33972587  0.80423712 -0.4509343 ]
 [ 0.          0.          0.          1.        ]]"
sun3d-hotel_umd-maryland_hotel3,26,35,1.0,30,0.24830196856525655,0.2772650012527849,0.019420854537324662,0.018283075230853152,"[[ 0.50114717 -0.34845766 -0.79210402  0.51878415]
 [ 0.22784449  0.936179   -0.26768595 -0.55043908]
 [ 0.83482837 -0.04632648  0.54855761 -0.38162699]
 [ 0.          0.          0.          1.        ]]","[[ 0.48759591 -0.37441899 -0.78870822  0.54810004]
 [ 0.32404855  0.91645726 -0.23473098 -0.57526507]
 [ 0.8107051  -0.14112589  0.56819074 -0.30686597]
 [ 0.          0.          0.          1.        ]]"
sun3d-hotel_umd-maryland_hotel3,28,31,0.0,30,0.47738983791886574,0.5849806897556812,0.02470110432663287,0.020287735419019536,"[[1. 0. 0. 0.]
 [0. 1. 0. 0.]
 [0. 0. 1. 0.]
 [0. 0. 0. 1.]]","[[ 0.99521486 -0.06935693  0.0688258  -0.13066593]
 [ 0.07740283  0.98949404 -0.12210792  0.29332593]
 [-0.05963369  0.12685093  0.9901276   0.02069405]
 [ 0.          0.          0.          1.        ]]"
sun3d-hotel_umd-maryland_hotel3,28,34,3.0,30,0.43833497788174774,0.45555284543831837,0.023011065165950403,0.02294154940018807,"[[-0.98088384 -0.09977268 -0.16706976 -0.35378757]
 [ 0.10438492 -0.99435481 -0.01903417  0.04332329]
 [-0.16422753 -0.03610987  0.98576133  0.07278683]
 [ 0.          0.          0.          1.        ]]","[[-0.96013886 -0.17229409 -0.22010933 -0.30518378]
 [ 0.18314257 -0.98263729 -0.02971112  0.06566862]
 [-0.21116859 -0.06883819  0.97502263  0.08477585]
 [ 0.          0.          0.          1.        ]]"
sun3d-hotel_umd-maryland_hotel3,29,32,0.0,30,0.6744849277930675,0.853696607653172,0.023144592365019395,0.016758944802063944,"[[1. 0. 0. 0.]
 [0. 1. 0. 0.]
 [0. 0. 1. 0.]
 [0. 0. 0. 1.]]","[[ 0.96868318 -0.13056149  0.21120273 -0.35066877]
 [ 0.13973506  0.98976289 -0.02904362  0.04078502]
 [-0.20524865  0.05764649  0.97701068  0.01286952]
 [ 0.          0.          0.          1.        ]]"
sun3d-hotel_umd-maryland_hotel3,29,33,4.0,30,0.5247029758086321,0.7888623217987393,0.022559739420275848,0.01717265584665382,"[[ 0.90850617  0.21191969 -0.360148    0.49851651]
 [-0.32881582  0.8944068  -0.30317755 -0.42101588]
 [ 0.25786953  0.39386104  0.88225665 -0.16718918]
 [ 0.          0.          0.          1.        ]]","[[ 0.98437087  0.16230759 -0.06833908  0.07658436]
 [-0.1753662   0.93898871 -0.29588325 -0.40003379]
 [ 0.01614553  0.30324321  0.9527764  -0.35316655]
 [ 0.          0.          0.          1.        ]]"
sun3d-hotel_umd-maryland_hotel3,30,32,1.0,30,0.5540128980770246,0.7043300687154149,0.023433204280782008,0.02144715279776923,"[[-0.64943438 -0.40798018 -0.64170644  0.18366333]
 [-0.33461678  0.91111722 -0.24061802  0.97842089]
 [ 0.68283717  0.05846012 -0.72822786  2.7020164 ]
 [ 0.          0.          0.          1.        ]]","[[-0.64009483 -0.32729291 -0.69509565  0.2671344 ]
 [-0.4059777   0.91218652 -0.05565846  0.73749172]
 [ 0.6522735   0.24656664 -0.7167595   2.7186783 ]
 [ 0.          0.          0.          1.        ]]"
sun3d-hotel_umd-maryland_hotel3,30,33,0.0,30,0.6548051383462075,0.8102809337242407,0.023411513067759886,0.01762142323940559,"[[1. 0. 0. 0.]
 [0. 1. 0. 0.]
 [0. 0. 1. 0.]
 [0. 0. 0. 1.]]","[[ 0.98649115 -0.03868823  0.15918047 -0.25155827]
 [ 0.01252769  0.98668303  0.16217167 -0.24952189]
 [-0.16333481 -0.15798676  0.97383876  0.05068524]
 [ 0.          0.          0.          1.        ]]"
sun3d-hotel_umd-maryland_hotel3,31,35,1.0,30,0.4550182500287802,0.5061792769060953,0.024601721892865934,0.023708981820291377,"[[ 0.31306381  0.48018646  0.81939735 -1.23358756]
 [-0.37301781  0.85560382 -0.35888692  0.19422155]
 [-0.87341214 -0.1932953   0.44697669  0.61841168]
 [ 0.          0.          0.          1.        ]]","[[ 0.35839553  0.52935502  0.76898368 -1.21153721]
 [-0.42006833  0.82704661 -0.37354585  0.23455067]
 [-0.83372372 -0.18914853  0.51877509  0.54962416]
 [ 0.          0.          0.          1.        ]]"
sun3d-home_md-home_md_scan9_2012_sep_30,0,10,0.0,30,0.5113795023994995,0.5844173679512318,0.02460856425278801,0.022246782380147684,"[[1. 0. 0. 0.]
 [0. 1. 0. 0.]
 [0. 0. 1. 0.]
 [0. 0. 0. 1.]]","[[ 0.99434258  0.01225772  0.10551102 -0.22002476]
 [-0.02187052  0.99566188  0.0904384  -0.23433006]
 [-0.10394473 -0.09223434  0.99029709  0.04123004]
 [ 0.          0.          0.          1.        ]]"
sun3d-home_md-home_md_scan9_2012_sep_30,0,11,0.0,30,0.6513896726503678,0.6709879461721089,0.0221277366549347,0.020178155692761608,"[[1. 0. 0. 0.]
 [0. 1. 0. 0.]
 [0. 0. 1. 0.]
 [0. 0. 0. 1.]]","[[ 0.99753008  0.02121052 -0.06696152  0.16062267]
 [-0.01747757  0.99828621  0.05584953 -0.15160051]
 [ 0.06803136 -0.05454126  0.99619124  0.01062352]
 [ 0.          0.          0.          1.        ]]"
sun3d-home_md-home_md_scan9_2012_sep_30,0,16,13.0,30,0.48252376363657995,0.5404427947702154,0.024496832200519975,0.022094312395450066,"[[1. 0. 0. 0.]
 [0. 1. 0. 0.]
 [0. 0. 1. 0.]
 [0. 0. 0. 1.]]","[[ 0.9999367  -0.0042623   0.01041338 -0.06386391]
 [ 0.00343229  0.99691114  0.07846273 -0.20759229]
 [-0.01071565 -0.07842202  0.99686266  0.04723592]
 [ 0.          0.          0.          1.        ]]"
sun3d-home_md-home_md_scan9_2012_sep_30,0,18,2.0,30,0.7423363875640696,0.8006372325898953,0.023295759304454596,0.02239380495986984,"[[-0.20061777  0.94209917 -0.26870366  0.91553117]
 [-0.9673951  -0.14722498  0.20608619 -0.18610984]
 [ 0.15459374  0.30128716  0.94091808  1.35763212]
 [ 0.          0.          0.          1.        ]]","[[-0.20263492  0.87399841 -0.44166261  1.06363234]
 [-0.96953291 -0.11566525  0.215934   -0.20284573]
 [ 0.13764095  0.47196221  0.87080804  1.46419951]
 [ 0.          0.          0.          1.        ]]"
sun3d-home_md-home_md_scan9_2012_sep_30,0,19,3.0,30,0.7360431883137504,0.782216576691013,0.022293208520188568,0.022128973466485433,"[[-0.24104953 -0.01976098  0.97031161 -1.08408774]
 [-0.71115008 -0.67675285 -0.19044984  0.31302946]
 [ 0.66042462 -0.73594503  0.14907794  2.22366337]
 [ 0.          0.          0.          1.        ]]","[[-0.32503688 -0.14633669  0.93431076 -1.06589536]
 [-0.70220688 -0.62440478 -0.34208796  0.461373  ]
 [ 0.63344813 -0.76727064  0.10019595  2.23646624]
 [ 0.          0.          0.          1.        ]]"
sun3d-home_md-home_md_scan9_2012_sep_30,0,20,1.0,30,0.7900154869272115,0.9741580881236525,0.02221069903538488,0.01750477482438469,"[[-0.38613459 -0.31341073  0.86756775 -1.37661349]
 [-0.6728534   0.73906232 -0.03248382  0.35047832]
 [-0.63100585 -0.59628903 -0.496257    2.29812512]
 [ 0.          0.          0.          1.        ]]","[[-0.59774199 -0.33129276  0.73003398 -1.29262361]
 [-0.67546633  0.69859224 -0.23603838  0.53040526]
 [-0.43179826 -0.63420343 -0.64135503  2.49427256]
 [ 0.          0.          0.          1.        ]]"
sun3d-home_md-home_md_scan9_2012_sep_30,0,22,1.0,30,0.9200966329457949,0.9644269968292315,0.02033723043574161,0.01806288166130666,"[[-0.91968703 -0.21678197 -0.32738561 -0.55155004]
 [-0.20541503 -0.44495122  0.87167831 -0.55933008]
 [-0.33463477  0.86892116  0.36468559  1.787909  ]
 [ 0.          0.          0.          1.        ]]","[[-0.92409291 -0.1283574  -0.3599676  -0.49647323]
 [-0.23060626 -0.56382025  0.79304948 -0.47144411]
 [-0.30475079  0.81586218  0.49142227  1.74151547]
 [ 0.          0.          0.          1.        ]]"
sun3d-home_md-home_md_scan9_2012_sep_30,0,24,2.0,30,0.6069060549566345,0.714079597957364,0.02251957532581504,0.022383572453156236,"[[ 0.56243992 -0.63159626 -0.53361737  0.0836205 ]
 [-0.37687615  0.37860459 -0.84535373  1.06968503]
 [ 0.73595224  0.67656835 -0.02509123  2.41884673]
 [ 0.          0.          0.          1.        ]]","[[ 0.47723458 -0.75605403 -0.4479168   0.01177701]
 [-0.41911426  0.25217946 -0.87220912  1.05631806]
 [ 0.77239264  0.60397667 -0.19652426  2.54028805]
 [ 0.          0.          0.          1.        ]]"
sun3d-home_md-home_md_scan9_2012_sep_30,0,25,2.0,30,0.792346212156016,0.8422841916662839,0.021568087071266413,0.020546033337434974,"[[ 0.56990234  0.46681979  0.67623265 -0.89343691]
 [-0.05788074 -0.79810547  0.59973117 -0.25538998]
 [ 0.81967136 -0.38092905 -0.42782231  2.72037519]
 [ 0.          0.          0.          1.        ]]","[[ 0.65914391  0.35596052  0.66243597 -0.851529  ]
 [-0.04734941 -0.85948686  0.50896008 -0.19482567]
 [ 0.75052471 -0.36684389 -0.54967101  2.79867862]
 [ 0.          0.          0.          1.        ]]"
sun3d-home_md-home_md_scan9_2012_sep_30,0,35,0.0,30,0.533262631340191,0.5854615450633253,0.02263503349347978,0.02226037186084277,"[[1. 0. 0. 0.]
 [0. 1. 0. 0.]
 [0. 0. 1. 0.]
 [0. 0. 0. 1.]]","[[ 9.96748314e-01  7.68624262e-03 -8.02104756e-02  1.81549607e-01]
 [ 8.76591907e-04  9.94346826e-01  1.06177309e-01 -2.45252889e-01]
 [ 8.05731364e-02 -1.05902366e-01  9.91106785e-01  1.14514898e-03]
 [ 0.00000000e+00  0.00000000e+00  0.00000000e+00  1.00000000e+00]]"
sun3d-home_md-home_md_scan9_2012_sep_30,0,54,2.0,30,0.41191743084644705,0.4277897279142609,0.020386447475302102,0.020094056839700013,"[[ 0.5904751  -0.80569054  0.04692451 -0.26015474]
 [ 0.08313906  0.00289154 -0.99653376  1.31175891]
 [ 0.80276214  0.59232963  0.06869174  2.20884817]
 [ 0.          0.          0.          1.        ]]","[[ 0.58742809 -0.80888808  0.02506607 -0.26119187]
 [ 0.10383146  0.04461436 -0.99359377  1.34299174]
 [ 0.80258786  0.58626754  0.11019576  2.14987068]
 [ 0.          0.          0.          1.        ]]"
sun3d-home_md-home_md_scan9_2012_sep_30,0,57,2.0,30,0.40851641927329824,0.41699794735884843,0.02185433490952038,0.021319033510679486,"[[ 0.32553225  0.89500718 -0.30494411  1.44716986]
 [ 0.89652991 -0.39464508 -0.20121976  0.54365361]
 [-0.30043782 -0.20788799 -0.9308704   4.04765907]
 [ 0.          0.          0.          1.        ]]","[[ 0.39363737  0.88653491 -0.24311617  1.35790947]
 [ 0.8755049  -0.44217691 -0.19486085  0.51892332]
 [-0.2802513  -0.13614488 -0.95022301  4.10025652]
 [ 0.          0.          0.          1.        ]]"
sun3d-home_md-home_md_scan9_2012_sep_30,1,7,0.0,30,0.4419652090613196,0.48235143637808475,0.021158628651708814,0.02003375563143034,"[[1. 0. 0. 0.]
 [0. 1. 0. 0.]
 [0. 0. 1. 0.]
 [0. 0. 0. 1.]]","[[ 0.99938053 -0.01619164 -0.03124719  0.12911082]
 [ 0.01591851  0.99983306 -0.00897004  0.02816099]
 [ 0.03138721  0.00846707  0.99947144  0.0331001 ]
 [ 0.          0.          0.          1.        ]]"
sun3d-home_md-home_md_scan9_2012_sep_30,1,18,3.0,30,0.8846450693633611,0.8932734361085274,0.019416081043506388,0.019217005625517224,"[[-0.84988557 -0.09159395 -0.51894612 -0.16061088]
 [ 0.15226028 -0.98545816 -0.07542556 -0.11523906]
 [-0.50449116 -0.14311798  0.85147279  1.40617258]
 [ 0.          0.          0.          1.        ]]","[[-0.82253048 -0.1692918  -0.54294004 -0.14468769]
 [ 0.21564283 -0.97621766 -0.02229924 -0.16744662]
 [-0.52625258 -0.13542293  0.83947534  1.43191936]
 [ 0.          0.          0.          1.        ]]"
sun3d-home_md-home_md_scan9_2012_sep_30,1,20,1.0,30,0.7151316388812973,0.8625914791533813,0.02269609330057089,0.01861061356869335,"[[ 0.4312591   0.9008681  -0.0495203   0.10586896]
 [-0.12366779  0.11339191  0.98582379 -0.10395947]
 [ 0.89371241 -0.41902141  0.16030966  2.38535032]
 [ 0.          0.          0.          1.        ]]","[[ 0.35831113  0.91231839 -0.19821275  0.12048591]
 [-0.03644264  0.22581545  0.97348822 -0.12330045]
 [ 0.93289071 -0.34158827  0.11415947  2.45193783]
 [ 0.          0.          0.          1.        ]]"
sun3d-home_md-home_md_scan9_2012_sep_30,1,21,1.0,30,0.9038407428249859,0.9606077658975802,0.020557066589943728,0.016674402070625885,"[[-0.1640879   0.17974415  0.96993155 -1.47197291]
 [ 0.97542593 -0.11699534  0.18669856 -0.04158631]
 [ 0.14703545  0.97673135 -0.15612958  2.4239669 ]
 [ 0.          0.          0.          1.        ]]","[[-0.07338858  0.46708984  0.88115901 -1.39397995]
 [ 0.9949838  -0.02593417  0.09661598  0.03967595]
 [ 0.06798046  0.88382945 -0.46284355  2.69026565]
 [ 0.          0.          0.          1.        ]]"
sun3d-home_md-home_md_scan9_2012_sep_30,1,22,1.0,30,0.8245508077910313,0.9228144345462781,0.02044547150344428,0.018096539529159957,"[[-0.02689679 -0.38272534  0.92347056  0.21564565]
 [ 0.92451884  0.3418209   0.16859238 -0.25119111]
 [-0.38018612  0.85830052  0.3446429   2.81985904]
 [ 0.          0.          0.          1.        ]]","[[ 1.45748750e-01 -4.04696813e-01  9.02761204e-01  3.09530642e-01]
 [ 9.41371764e-01  3.37370197e-01 -7.43402312e-04 -1.20973424e-01]
 [-3.04263873e-01  8.49942257e-01  4.30141437e-01  2.79201995e+00]
 [ 0.00000000e+00  0.00000000e+00  0.00000000e+00  1.00000000e+00]]"
sun3d-home_md-home_md_scan9_2012_sep_30,1,54,1.0,30,0.6671346088531642,0.6881995547001774,0.020554711710563715,0.019828220246713848,"[[-0.15403847  0.68825748 -0.70892439  1.92812638]
 [-0.46760641  0.58127365  0.66593182 -0.09400769]
 [ 0.87041163  0.4340767   0.23229511  2.07332195]
 [ 0.          0.          0.          1.        ]]","[[-0.13164523  0.67547193 -0.72553925  1.9400331 ]
 [-0.43162682  0.61982768  0.65537159 -0.0904723 ]
 [ 0.89239443  0.39943875  0.20995444  2.07656317]
 [ 0.          0.          0.          1.        ]]"
sun3d-home_md-home_md_scan9_2012_sep_30,2,8,2.0,30,0.5036757621304968,0.545279801133079,0.02377697887859647,0.023229467593028567,"[[-0.84591541  0.37090675  0.38321704 -0.88664563]
 [ 0.39552877 -0.04569174  0.91731633 -1.32773324]
 [ 0.35774868  0.92754539 -0.10805295  2.95693548]
 [ 0.          0.          0.          1.        ]]","[[-0.84663956  0.36035043  0.39159804 -0.92018   ]
 [ 0.36257006 -0.14805439  0.92012111 -1.37422782]
 [ 0.38954384  0.92099265 -0.00530357  2.7325511 ]
 [ 0.          0.          0.          1.        ]]"
sun3d-home_md-home_md_scan9_2012_sep_30,2,17,1.0,30,0.7498119727614595,0.776400040654538,0.023620971362368577,0.021982523253841518,"[[-0.0502122  -0.16334472 -0.98529043  1.60229846]
 [ 0.99499321 -0.09353883 -0.03519949  0.40803882]
 [-0.08641327 -0.98212473  0.16722368  2.0132342 ]
 [ 0.          0.          0.          1.        ]]","[[-0.11888511 -0.00308415 -0.99290323  1.57941403]
 [ 0.98040905 -0.15853476 -0.11689668  0.49488436]
 [-0.15704915 -0.98734858  0.02187115  2.17560651]
 [ 0.          0.          0.          1.        ]]"
sun3d-home_md-home_md_scan9_2012_sep_30,2,18,1.0,30,0.6317508064356534,0.7031129405711346,0.02391790926379533,0.023361504247110233,"[[ 0.45580375  0.6381892  -0.62044943  1.41061854]
 [-0.81733615  0.02409765 -0.57565695  0.96617459]
 [-0.35242667  0.76950234  0.5325989   1.63124849]
 [ 0.          0.          0.          1.        ]]","[[ 0.46183312  0.60150382 -0.65184609  1.44383873]
 [-0.74521163 -0.13540987 -0.65293476  1.01288485]
 [-0.48100914  0.78731018  0.38571088  1.75748053]
 [ 0.          0.          0.          1.        ]]"
sun3d-home_md-home_md_scan9_2012_sep_30,2,19,1.0,30,0.7834444797290145,0.8043611728591087,0.020051468417357873,0.019906232786819262,"[[-0.92785761  0.04187693  0.37057602 -1.28336313]
 [ 0.02885222 -0.98263657  0.18328374 -0.59639001]
 [ 0.3718169   0.18075315  0.91053857  2.34343221]
 [ 0.          0.          0.          1.        ]]","[[-0.91083957  0.03251833  0.41147762 -1.34743859]
 [ 0.0124588  -0.99427164  0.10615406 -0.5102404 ]
 [ 0.41257248  0.10181584  0.90521682  2.33863516]
 [ 0.          0.          0.          1.        ]]"
sun3d-home_md-home_md_scan9_2012_sep_30,2,22,2.0,30,0.8191152045900649,0.9437113090744376,0.018918866750095197,0.015970199457068082,"[[ 0.76074298  0.32771607  0.56024307 -1.29589902]
 [-0.46988346  0.87353488  0.12706829 -0.09456416]
 [-0.44774954 -0.35991526  0.81852388  2.59808931]
 [ 0.          0.          0.          1.        ]]","[[ 0.80813759  0.52680518  0.2634197  -1.05871705]
 [-0.48865496  0.84936476 -0.19948893  0.17714493]
 [-0.32883121  0.03249316  0.94382955  2.52626686]
 [ 0.          0.          0.          1.        ]]"
sun3d-home_md-home_md_scan9_2012_sep_30,3,5,0.0,30,0.6168633206538294,0.8800112781292403,0.023052397567517414,0.01903277501034142,"[[1. 0. 0. 0.]
 [0. 1. 0. 0.]
 [0. 0. 1. 0.]
 [0. 0. 0. 1.]]","[[ 0.99448564  0.02413722  0.10205732 -0.22449955]
 [-0.0246936   0.99968628  0.00419154  0.03198183]
 [-0.10192413 -0.00668858  0.99476969 -0.11039778]
 [ 0.          0.          0.          1.        ]]"
sun3d-home_md-home_md_scan9_2012_sep_30,3,7,0.0,30,0.5710405712855012,0.690043869675495,0.02592827589586676,0.019932772366115317,"[[1. 0. 0. 0.]
 [0. 1. 0. 0.]
 [0. 0. 1. 0.]
 [0. 0. 0. 1.]]","[[ 0.99933557  0.00840309  0.03546563 -0.15318535]
 [-0.01012687  0.99876173  0.04870792 -0.19571548]
 [-0.03501241 -0.04903472  0.99818321  0.03438722]
 [ 0.          0.          0.          1.        ]]"
sun3d-home_md-home_md_scan9_2012_sep_30,3,8,1.0,30,0.5118992561760511,0.5472308937449416,0.02158545312221887,0.01801848710544644,"[[-0.74822388  0.63879144  0.17918291 -1.00881646]
 [-0.66049348 -0.69175909 -0.29192076 -0.16677238]
 [-0.06252508 -0.33677122  0.93950825  0.63259941]
 [ 0.          0.          0.          1.        ]]","[[-0.76595957  0.63955283  0.06540731 -0.75649373]
 [-0.62110402 -0.70990418 -0.332063   -0.07828109]
 [-0.16593891 -0.29497158  0.94098674  0.59212245]
 [ 0.          0.          0.          1.        ]]"
sun3d-home_md-home_md_scan9_2012_sep_30,3,17,1.0,30,0.5685943693464783,0.6349222481959549,0.02410906809697452,0.022675568979601556,"[[-0.26438508 -0.73069784 -0.62942926  0.82239076]
 [ 0.94339947 -0.33145999 -0.01147649  0.77461728]
 [-0.20024477 -0.59683744  0.77697304  0.57419801]
 [ 0.          0.          0.          1.        ]]","[[-0.34147546 -0.55385993 -0.759364    1.00923891]
 [ 0.90282201 -0.41794988 -0.101145    0.84036612]
 [-0.26135593 -0.72010907  0.64275656  0.73520537]
 [ 0.          0.          0.          1.        ]]"
sun3d-home_md-home_md_scan9_2012_sep_30,3,21,1.0,30,0.7756401238041644,0.8342009003939224,0.022023952622400186,0.019289603655324578,"[[-0.20797111  0.28230025  0.93651192 -1.715475  ]
 [-0.88424754  0.3550501  -0.30339035  0.35425356]
 [-0.41815583 -0.8912048   0.17578314  2.28791792]
 [ 0.          0.          0.          1.        ]]","[[ 0.01075435  0.45607785  0.8898749  -1.66164375]
 [-0.95604942  0.26546067 -0.12449957  0.21954261]
 [-0.29300828 -0.84942547  0.43888782  2.12359726]
 [ 0.          0.          0.          1.        ]]"
sun3d-home_md-home_md_scan9_2012_sep_30,3,22,1.0,30,0.48594292616638984,0.6877547939000453,0.023765235529269825,0.020842511624780534,"[[ 0.09244311  0.86174482  0.49884882 -0.00602623]
 [-0.75218747  0.38870806 -0.53209028  1.07429126]
 [-0.65243259 -0.32603975  0.68412703  0.97427625]
 [ 0.          0.          0.          1.        ]]","[[ 0.27173681  0.34304477  0.89915482 -0.36138569]
 [-0.72724735  0.68511367 -0.04159994  0.64719602]
 [-0.6302939  -0.64260372  0.435649    1.13304511]
 [ 0.          0.          0.          1.        ]]"
sun3d-home_md-home_md_scan9_2012_sep_30,3,25,2.0,30,0.6950429549317775,0.7177148895116461,0.020736458690324627,0.020371648103500475,"[[-0.57760717  0.81546196 -0.0373063   0.56887824]
 [-0.55509859 -0.35885746  0.75039116 -0.59620397]
 [ 0.59852779  0.45413999  0.65994042  1.21544788]
 [ 0.          0.          0.          1.        ]]","[[-0.61516794  0.78836201  0.00733034  0.51415771]
 [-0.52785443 -0.41876153  0.73892387 -0.55203013]
 [ 0.58560917  0.45069293  0.67374905  1.22737241]
 [ 0.          0.          0.          1.        ]]"
sun3d-home_md-home_md_scan9_2012_sep_30,3,36,1.0,30,0.5287138207209519,0.5571237557569455,0.01791623111562248,0.01661653553608721,"[[-0.57675809 -0.51707779 -0.63244025  0.6118216 ]
 [ 0.7051414  -0.70600373 -0.06583572 -0.69462981]
 [-0.41246299 -0.48393108  0.77180632  1.13647536]
 [ 0.          0.          0.          1.        ]]","[[-0.61204579 -0.46950449 -0.63636899  0.63942458]
 [ 0.7073929  -0.68477988 -0.17513365 -0.44401606]
 [-0.35354664 -0.55735272  0.75124079  1.1918291 ]
 [ 0.          0.          0.          1.        ]]"
sun3d-home_md-home_md_scan9_2012_sep_30,3,40,0.0,30,0.5883526443494138,0.6320414453406781,0.024200473431338344,0.02343259035563169,"[[1. 0. 0. 0.]
 [0. 1. 0. 0.]
 [0. 0. 1. 0.]
 [0. 0. 0. 1.]]","[[ 0.99990785  0.01303553 -0.00379117  0.00524019]
 [-0.01310221  0.99974975 -0.01813208  0.09999846]
 [ 0.00355386  0.01818008  0.99982841  0.03386461]
 [ 0.          0.          0.          1.        ]]"
sun3d-home_md-home_md_scan9_2012_sep_30,3,54,4.0,30,0.5026000981169101,0.5342918600701914,0.024286889024048148,0.023724707672857906,"[[-0.96401774 -0.0977746  -0.2472042   0.503489  ]
 [-0.2531548   0.05384541  0.96592615 -1.7560788 ]
 [-0.08113223  0.99375087 -0.07666004  3.2021038 ]
 [ 0.          0.          0.          1.        ]]","[[-0.97412785 -0.08894303 -0.20775964  0.46771938]
 [-0.2125496   0.04817682  0.97596192 -1.76750223]
 [-0.07679581  0.99487091 -0.06583519  3.14595996]
 [ 0.          0.          0.          1.        ]]"
sun3d-home_md-home_md_scan9_2012_sep_30,4,8,0.0,30,0.5363674027825953,0.6050747677958916,0.021502018102611778,0.020196526859589867,"[[1. 0. 0. 0.]
 [0. 1. 0. 0.]
 [0. 0. 1. 0.]
 [0. 0. 0. 1.]]","[[ 0.99878819 -0.04373097  0.02257772 -0.03435334]
 [ 0.04146699  0.99484702  0.09251976 -0.12317627]
 [-0.02650735 -0.09147141  0.99545484  0.0509141 ]
 [ 0.          0.          0.          1.        ]]"
sun3d-home_md-home_md_scan9_2012_sep_30,4,11,2.0,30,0.603550566596001,0.6524064442987072,0.024249554697908005,0.021263953857093586,"[[ 0.88927842 -0.40974232 -0.20321202  0.21686582]
 [ 0.35581851  0.89895469 -0.2554871  -0.0737889 ]
 [ 0.28736228  0.15489256  0.9452149   1.09565444]
 [ 0.          0.          0.          1.        ]]","[[ 0.83164466 -0.50869944 -0.22269269  0.27436733]
 [ 0.42263244  0.83995041 -0.34038967  0.11031151]
 [ 0.36020685  0.1889661   0.91353316  1.1787739 ]
 [ 0.          0.          0.          1.        ]]"
sun3d-home_md-home_md_scan9_2012_sep_30,4,18,2.0,30,0.5699471611486019,0.5919534543151729,0.02354489574851654,0.023692976064895836,"[[ 0.55110917 -0.82435694 -0.12928389  0.3146937 ]
 [-0.24474876 -0.30781626  0.91942765 -0.55023232]
 [-0.79773224 -0.47506294 -0.3714007   2.00077394]
 [ 0.          0.          0.          1.        ]]","[[ 0.59898568 -0.7800812  -0.18080232  0.36950947]
 [-0.26918758 -0.40880662  0.87201789 -0.53526745]
 [-0.75415794 -0.47365649 -0.45485748  2.11021053]
 [ 0.          0.          0.          1.        ]]"
sun3d-home_md-home_md_scan9_2012_sep_30,4,21,1.0,30,0.717606921778278,0.881541924592009,0.02357164939016924,0.020158409969603653,"[[ 0.21632306 -0.95934416  0.18128185  0.67618869]
 [-0.54656807 -0.27285215 -0.79171652  0.13584358]
 [ 0.80899176  0.07218367 -0.5833711   2.6605821 ]
 [ 0.          0.          0.          1.        ]]","[[-0.03184983 -0.98482622 -0.17059571  0.89677687]
 [-0.75969794  0.13476699 -0.63615793  0.01926725]
 [ 0.64949568  0.10933969 -0.75246275  2.79632576]
 [ 0.          0.          0.          1.        ]]"
sun3d-home_md-home_md_scan9_2012_sep_30,4,23,1.0,30,0.6691230256563084,0.7395627319769175,0.024280385492573213,0.01965641480202564,"[[ 0.43660882 -0.05924087 -0.89769887  1.48857854]
 [-0.36987983  0.89777496 -0.23914229 -0.07742356]
 [ 0.82009856  0.43645234  0.37006446  1.78600902]
 [ 0.          0.          0.          1.        ]]","[[ 0.53180137 -0.10151013 -0.84076334  1.41223051]
 [-0.25996251  0.92529023 -0.27614757 -0.04852674]
 [ 0.80598188  0.3654226   0.46568178  1.66577438]
 [ 0.          0.          0.          1.        ]]"
sun3d-home_md-home_md_scan9_2012_sep_30,4,24,1.0,30,0.4804733727810651,0.5835778552322283,0.025425035334677836,0.020171361435036745,"[[ 0.0051362   0.02610616  0.99964598 -1.51590059]
 [ 0.96090096 -0.27688279  0.00229378  0.54439514]
 [ 0.27684465  0.960549   -0.02650756  1.589465  ]
 [ 0.          0.          0.          1.        ]]","[[-0.16542176  0.15641763  0.97373978 -1.57067756]
 [ 0.94715586 -0.24994475  0.20105572  0.28700517]
 [ 0.2748298   0.95554233 -0.10680557  1.74588041]
 [ 0.          0.          0.          1.        ]]"
sun3d-home_md-home_md_scan9_2012_sep_30,4,25,1.0,30,0.7335875407727294,0.7655855193641752,0.021677374760581715,0.02093783309101555,"[[ 0.3317312  -0.79254842  0.51168487 -1.26581977]
 [ 0.39797214  0.60934184  0.68579931 -0.55563403]
 [-0.85532017 -0.0238647   0.51754989  1.89829721]
 [ 0.          0.          0.          1.        ]]","[[ 0.35045042 -0.77697903  0.52296089 -1.30402626]
 [ 0.38045888  0.6283272   0.67856906 -0.59928599]
 [-0.85582448 -0.0388397   0.51580611  1.90300127]
 [ 0.          0.          0.          1.        ]]"
sun3d-home_md-home_md_scan9_2012_sep_30,4,39,0.0,30,0.4731710679869807,0.5558072315260263,0.024280519561104823,0.02298824479118006,"[[1. 0. 0. 0.]
 [0. 1. 0. 0.]
 [0. 0. 1. 0.]
 [0. 0. 0. 1.]]","[[ 0.99872161  0.04474702  0.02351268 -0.05959925]
 [-0.04626886  0.99656003  0.06875531 -0.26284653]
 [-0.0203552  -0.06975531  0.99735644 -0.03953153]
 [ 0.          0.          0.          1.        ]]"
sun3d-home_md-home_md_scan9_2012_sep_30,5,8,1.0,30,0.455052607237831,0.4593401934713069,0.02389310202624412,0.023600687922646073,"[[-6.71263361e-01  7.40831122e-01 -2.39739283e-02  3.08735397e-03]
 [ 5.33922325e-01  4.60843477e-01 -7.08907781e-01  1.23310360e+00]
 [-5.14132718e-01 -4.88664035e-01 -7.04893616e-01  3.78314815e+00]
 [ 0.00000000e+00  0.00000000e+00  0.00000000e+00  1.00000000e+00]]","[[-0.65725745  0.75365525 -0.00405061 -0.04801705]
 [ 0.52001898  0.44960159 -0.72624973  1.25022663]
 [-0.54552076 -0.47943944 -0.68741903  3.74263855]
 [ 0.          0.          0.          1.        ]]"
sun3d-home_md-home_md_scan9_2012_sep_30,5,18,3.0,30,0.6999663572856266,0.744909065722032,0.023519689896003528,0.022449414677918545,"[[-0.84672439 -0.48716117  0.21384993 -0.48845646]
 [-0.00298582 -0.39759207 -0.91755743  1.34084249]
 [ 0.53202339 -0.77755677  0.33519633  1.3695726 ]
 [ 0.          0.          0.          1.        ]]","[[-0.84271502 -0.39353466  0.36737156 -0.65105927]
 [-0.14956802 -0.48438422 -0.86197525  1.24354002]
 [ 0.51716613 -0.78134653  0.34933766  1.35208922]
 [ 0.          0.          0.          1.        ]]"
sun3d-home_md-home_md_scan9_2012_sep_30,5,20,1.0,30,0.8414563784883544,0.9168564574413167,0.022276705972753497,0.01989012030776397,"[[ 0.59644373 -0.58815188 -0.54619799  0.94164373]
 [-0.57306176  0.1644363  -0.80284552  0.74320328]
 [ 0.56200988  0.79185735 -0.23897035  2.54318597]
 [ 0.          0.          0.          1.        ]]","[[ 0.52424532 -0.68170683 -0.5103358   0.86554727]
 [-0.6782495   0.02811646 -0.73429359  0.69701505]
 [ 0.5149218   0.73108499 -0.44762739  2.68892516]
 [ 0.          0.          0.          1.        ]]"
sun3d-home_md-home_md_scan9_2012_sep_30,5,22,1.0,30,0.7005586592178771,0.8266646534802959,0.0232581965909465,0.01966933566650887,"[[ 0.24867304  0.55532352 -0.79358522  0.15916671]
 [-0.12929372  0.8310213   0.5410053  -0.41676326]
 [ 0.95991919 -0.03192785  0.27845243  2.46586464]
 [ 0.          0.          0.          1.        ]]","[[ 0.2920775   0.69298469 -0.65913804  0.02001221]
 [-0.33454194  0.71968007  0.6083932  -0.46582367]
 [ 0.89597568  0.04281136  0.4420348   2.36107131]
 [ 0.          0.          0.          1.        ]]"
sun3d-home_md-home_md_scan9_2012_sep_30,5,23,2.0,30,0.7134729484435535,0.7597193248625072,0.024247311643000573,0.023482174611697555,"[[ 0.77617754 -0.4745432   0.41515922 -0.44188308]
 [ 0.57983042  0.79586585 -0.17433942  0.47229823]
 [-0.24767946  0.37604028  0.89288778  0.90915835]
 [ 0.          0.          0.          1.        ]]","[[ 0.68904309 -0.62042242  0.37456061 -0.37738099]
 [ 0.64443399  0.76097525  0.07497671  0.30016913]
 [-0.33154858  0.1897174   0.92416603  0.90324618]
 [ 0.          0.          0.          1.        ]]"
sun3d-home_md-home_md_scan9_2012_sep_30,5,25,1.0,30,0.6346074332705471,0.7346441861533514,0.0221229527733493,0.019977088669994748,"[[ 0.39016637 -0.40946679 -0.82468609 -0.26817879]
 [ 0.9167135   0.25647039  0.30636465 -0.23383843]
 [ 0.08606141 -0.87553406  0.47542985  1.96739327]
 [ 0.          0.          0.          1.        ]]","[[ 0.3239499  -0.09314283 -0.94147803 -0.18439965]
 [ 0.92405054  0.24462269  0.29375218 -0.25109724]
 [ 0.20294598 -0.96513427  0.16531417  2.29364676]
 [ 0.          0.          0.          1.        ]]"
sun3d-home_md-home_md_scan9_2012_sep_30,5,36,2.0,30,0.6458786348104428,0.7464175254251023,0.0237172601408411,0.022204234402941097,"[[ 0.49933426  0.85645058 -0.13098742 -0.26923932]
 [ 0.4436392  -0.38260302 -0.81043148  1.92758048]
 [-0.74421069  0.34656506 -0.57100184  3.12609062]
 [ 0.          0.          0.          1.        ]]","[[ 0.447115    0.89440561  0.01125967 -0.58609018]
 [ 0.46257207 -0.22042993 -0.85874195  1.97484807]
 [-0.76558165  0.38916481 -0.51228458  3.00315189]
 [ 0.          0.          0.          1.        ]]"
sun3d-home_md-home_md_scan9_2012_sep_30,5,39,0.0,30,0.5028067341924238,0.6189218201425033,0.024451822655904072,0.02164821635060449,"[[1. 0. 0. 0.]
 [0. 1. 0. 0.]
 [0. 0. 1. 0.]
 [0. 0. 0. 1.]]","[[ 0.99994827 -0.00590771 -0.00828007  0.02964617]
 [ 0.00575096  0.99980617 -0.01882932  0.03469192]
 [ 0.00838971  0.01878073  0.99978843 -0.09799642]
 [ 0.          0.          0.          1.        ]]"
sun3d-home_md-home_md_scan9_2012_sep_30,5,40,1.0,30,0.4841732503598165,0.5507315406359692,0.024748322308635703,0.024451749579915204,"[[1. 0. 0. 0.]
 [0. 1. 0. 0.]
 [0. 0. 1. 0.]
 [0. 0. 0. 1.]]","[[ 0.99958503  0.00218246 -0.02872278  0.06132464]
 [-0.00164145  0.99982105  0.01884585 -0.00729899]
 [ 0.02875877 -0.01879089  0.99940974  0.06018361]
 [ 0.          0.          0.          1.        ]]"
sun3d-home_md-home_md_scan9_2012_sep_30,5,52,0.0,30,0.4928530588907947,0.5431170753035348,0.023006248250127204,0.021441344533340286,"[[1. 0. 0. 0.]
 [0. 1. 0. 0.]
 [0. 0. 1. 0.]
 [0. 0. 0. 1.]]","[[ 0.99698634 -0.07663658 -0.01204453  0.01787043]
 [ 0.07699625  0.99648675  0.03295047  0.03462401]
 [ 0.00947701 -0.03377855  0.99938441  0.04658356]
 [ 0.          0.          0.          1.        ]]"
sun3d-home_md-home_md_scan9_2012_sep_30,6,21,1.0,30,0.7487689926842994,0.9614167135621835,0.02126672051123351,0.015855390103278168,"[[-0.51123697  0.45039213 -0.73197246 -0.3022139 ]
 [-0.49723169 -0.84967604 -0.17553143 -0.74057767]
 [-0.70099744  0.27422174  0.65833504  1.9952164 ]
 [ 0.          0.          0.          1.        ]]","[[-0.73264137  0.43276922 -0.52530698 -0.40920923]
 [-0.5026873  -0.86439792 -0.01103223 -0.86551275]
 [-0.45884868  0.25598248  0.85084127  1.78335951]
 [ 0.          0.          0.          1.        ]]"
sun3d-home_md-home_md_scan9_2012_sep_30,6,31,2.0,30,0.6451329010984114,0.7812869014994541,0.0243356083913127,0.020005785544360184,"[[ 0.05295554 -0.26272673 -0.96341599  1.03815874]
 [ 0.09409114  0.96179027 -0.25711154  0.00692132]
 [ 0.9941542  -0.07703342  0.07565238  3.41130814]
 [ 0.          0.          0.          1.        ]]","[[ 0.13478072 -0.20130107 -0.97021237  1.18183418]
 [ 0.14709406  0.97236254 -0.18131307 -0.070587  ]
 [ 0.97989668 -0.11827497  0.16066592  3.21339335]
 [ 0.          0.          0.          1.        ]]"
sun3d-home_md-home_md_scan9_2012_sep_30,7,19,1.0,30,0.5121837620408596,0.5511167566423203,0.023522794804901173,0.022801168005807695,"[[-0.38285231  0.23583476  0.89319991 -1.12913211]
 [-0.37954002  0.84134353 -0.3848252   0.65778211]
 [-0.84224312 -0.48633633 -0.23260159  2.67864506]
 [ 0.          0.          0.          1.        ]]","[[-0.20983065  0.20286308  0.95646101 -1.1746771 ]
 [-0.29442429  0.91972265 -0.25966245  0.55533539]
 [-0.93235478 -0.33609049 -0.13325818  2.57102003]
 [ 0.          0.          0.          1.        ]]"
sun3d-home_md-home_md_scan9_2012_sep_30,7,29,1.0,30,0.4769679300291545,0.5481778425655977,0.023173713327433478,0.02204987315015815,"[[-0.99072285 -0.08635582 -0.10493286  1.58322594]
 [ 0.03877754 -0.91968155  0.39074562 -0.53195992]
 [-0.13024797  0.38305158  0.9144982  -0.93887242]
 [ 0.          0.          0.          1.        ]]","[[-0.99109111  0.00354359 -0.13313846  1.61404349]
 [-0.04928069 -0.93845391  0.34187084 -0.24896938]
 [-0.12373286  0.3453863   0.93026796 -0.90793193]
 [ 0.          0.          0.          1.        ]]"
sun3d-home_md-home_md_scan9_2012_sep_30,7,34,1.0,30,0.3865286131363571,0.4444887605494488,0.022243095916995578,0.021067822126660023,"[[ 0.3293332  -0.6549893   0.6800946  -1.6898068 ]
 [ 0.2490064   0.75502571  0.60657398 -1.59387409]
 [-0.91078837 -0.03041704  0.41175156  2.45616693]
 [ 0.          0.          0.          1.        ]]","[[ 0.34759537 -0.5993265   0.72109999 -1.73574462]
 [ 0.28218889  0.80026532  0.52909814 -1.44669608]
 [-0.89417386  0.01957435  0.4472918   2.35207301]
 [ 0.          0.          0.          1.        ]]"
sun3d-home_md-home_md_scan9_2012_sep_30,8,10,1.0,30,0.3936743242109118,0.4349159602957221,0.023957584014667615,0.023643948093405327,"[[ 0.00342837 -0.84932191  0.52786413 -1.41137129]
 [ 0.85973164 -0.26709821 -0.435339    0.70785456]
 [ 0.51073452  0.455314    0.72927321  0.7392927 ]
 [ 0.          0.          0.          1.        ]]","[[-0.03743468 -0.86859322  0.49410977 -1.38972892]
 [ 0.88813806 -0.25556318 -0.3819663   0.66997089]
 [ 0.4580496   0.42453891  0.78099762  0.63754587]
 [ 0.          0.          0.          1.        ]]"
sun3d-home_md-home_md_scan9_2012_sep_30,8,12,1.0,30,0.47474685786175813,0.5555385911983486,0.023856640400151233,0.02325159690838666,"[[ 0.88518523  0.24361098  0.39635944 -1.33557202]
 [ 0.1150117  -0.94008885  0.32094433 -0.61094103]
 [ 0.45079865 -0.2385092  -0.86017088  3.81834691]
 [ 0.          0.          0.          1.        ]]","[[ 0.92562495  0.27991008  0.25469354 -1.07859601]
 [ 0.21177687 -0.94087946  0.26437927 -0.50849652]
 [ 0.31363834 -0.19077785 -0.93017999  3.92939078]
 [ 0.          0.          0.          1.        ]]"
sun3d-home_md-home_md_scan9_2012_sep_30,8,17,2.0,30,0.8112206525053359,0.8736456957007827,0.021295283458045922,0.020442883278696613,"[[ 0.81421884  0.5056596  -0.28522982  0.80695907]
 [-0.52701439  0.84985348  0.00221411  0.02394765]
 [ 0.24352314  0.14851745  0.9584566   0.94060392]
 [ 0.          0.          0.          1.        ]]","[[ 0.72775126  0.6402671  -0.24583763  0.72865472]
 [-0.66191499  0.74954308 -0.00732882 -0.00860691]
 [ 0.17957349  0.16805717  0.96928332  0.92474678]
 [ 0.          0.          0.          1.        ]]"
sun3d-home_md-home_md_scan9_2012_sep_30,8,18,3.0,30,0.7374482990639409,0.8092458095030773,0.02280190970888438,0.021236591359478137,"[[ 0.59768805 -0.7687801   0.22747782  0.05555947]
 [ 0.60095935  0.24179485 -0.76182879  0.87253233]
 [ 0.53067584  0.59204089  0.60652349  1.47825805]
 [ 0.          0.          0.          1.        ]]","[[ 0.50460908 -0.78151661  0.36688072 -0.13037634]
 [ 0.74767768  0.18310286 -0.63831922  0.75942418]
 [ 0.43168016  0.5964102   0.6767179   1.40597943]
 [ 0.          0.          0.          1.        ]]"
sun3d-home_md-home_md_scan9_2012_sep_30,8,19,1.0,30,0.6970466814861861,0.7331427966550228,0.02302818873247003,0.022457373453867197,"[[-0.20461196  0.26373327 -0.94264453  1.00440938]
 [ 0.97761623  0.00685795 -0.21028426  0.15138952]
 [-0.04899434 -0.96457127 -0.25923314  2.24478216]
 [ 0.          0.          0.          1.        ]]","[[-0.20920455  0.26907727 -0.9401228   1.04132269]
 [ 0.97724311  0.0920006  -0.19113294  0.15733892]
 [ 0.03506233 -0.9587144  -0.28220086  2.2686606 ]
 [ 0.          0.          0.          1.        ]]"
sun3d-home_md-home_md_scan9_2012_sep_30,8,20,7.0,30,0.8244511250797121,0.8962072211593939,0.021264348976539726,0.018879716828354935,"[[-0.2792505   0.43443058 -0.85632309  1.12625816]
 [ 0.7985867  -0.3901132  -0.458335    0.29296564]
 [-0.53317768 -0.81183851 -0.23799117  2.02109223]
 [ 0.          0.          0.          1.        ]]","[[-0.08575153  0.44692894 -0.89044999  1.18799241]
 [ 0.86563385 -0.40907355 -0.28868127  0.18288052]
 [-0.49327956 -0.79555851 -0.35179814  2.07785224]
 [ 0.          0.          0.          1.        ]]"
sun3d-home_md-home_md_scan9_2012_sep_30,8,22,4.0,30,0.7870149479088027,0.8782122905027933,0.022512848944625352,0.021005155722519875,"[[-0.46752164  0.49801878 -0.73034294  0.94072519]
 [ 0.63215863  0.76586694  0.11757255 -0.14474226]
 [ 0.61789885 -0.40672488 -0.67288623  2.52288788]
 [ 0.          0.          0.          1.        ]]","[[-0.48554471  0.43726527 -0.75699763  0.9137081 ]
 [ 0.65944431  0.75166976  0.01121454 -0.05954334]
 [ 0.57391596 -0.49375263 -0.65332137  2.44121442]
 [ 0.          0.          0.          1.        ]]"
sun3d-home_md-home_md_scan9_2012_sep_30,8,23,3.0,30,0.631139768632657,0.7644062745523015,0.022481814680088717,0.02104707946147573,"[[-0.76227886 -0.64592497 -0.04137475 -0.92962976]
 [-0.64687458  0.76245333  0.01477148 -0.62924844]
 [ 0.02200505  0.03802426 -0.9990345   2.80640707]
 [ 0.          0.          0.          1.        ]]","[[-0.76560294 -0.63514143 -0.10221306 -0.87617763]
 [-0.64328344  0.75737577  0.11210868 -0.64955388]
 [ 0.00620882  0.1515827  -0.98842508  2.85604536]
 [ 0.          0.          0.          1.        ]]"
sun3d-home_md-home_md_scan9_2012_sep_30,8,25,3.0,30,0.5067992833187853,0.5572655855193642,0.02381271377440334,0.02199855788976062,"[[ 0.86946514 -0.01728951  0.49369164  0.10061581]
 [-0.47638296 -0.29381708  0.82869222 -0.60644568]
 [ 0.13072736 -0.95570529 -0.26370014  2.3498075 ]
 [ 0.          0.          0.          1.        ]]","[[ 0.87977148  0.1634752   0.44640564  0.10214072]
 [-0.35423347 -0.40082283  0.84490219 -0.60360509]
 [ 0.31705013 -0.90145267 -0.29472411  2.36526345]
 [ 0.          0.          0.          1.        ]]"
sun3d-home_md-home_md_scan9_2012_sep_30,8,29,2.0,30,0.5169825072886297,0.6773323615160349,0.0223728151715824,0.019057413444436934,"[[ 0.69013234 -0.18088687 -0.70071199  1.85126404]
 [-0.6913354   0.12146012 -0.71225193  2.76232069]
 [ 0.21394559  0.97597509 -0.04122994  1.40143852]
 [ 0.          0.          0.          1.        ]]","[[ 0.70997921 -0.03265615 -0.70346507  1.73151507]
 [-0.70400738 -0.05760987 -0.70785218  2.86402158]
 [-0.0174108   0.99780493 -0.06389198  1.59575435]
 [ 0.          0.          0.          1.        ]]"
sun3d-home_md-home_md_scan9_2012_sep_30,8,31,1.0,30,0.5137134327028051,0.6288238308490965,0.023245675065926428,0.023256871488618838,"[[-0.28853381  0.69098402  0.66278905 -1.87296445]
 [ 0.10597277 -0.66493008  0.73934955 -0.91364614]
 [ 0.9515871   0.28356493  0.11862933  2.42152227]
 [ 0.          0.          0.          1.        ]]","[[-0.23406949  0.63490944  0.73627541 -1.91689176]
 [-0.05519604 -0.76477053  0.64193414 -0.8403164 ]
 [ 0.97065178  0.10961771  0.21405393  2.3423305 ]
 [ 0.          0.          0.          1.        ]]"
sun3d-home_md-home_md_scan9_2012_sep_30,8,34,2.0,30,0.46053828113782486,0.5096121631754439,0.024210884800175126,0.0244708860667804,"[[-0.32216156 -0.42312152 -0.84686487  1.24320813]
 [-0.05180607  0.90109774 -0.43051015  0.21873526]
 [ 0.94526613 -0.09482108 -0.31221932  2.07646402]
 [ 0.          0.          0.          1.        ]]","[[-0.38519649 -0.40639096 -0.82853488  1.22286464]
 [-0.04689091  0.90527461 -0.42223112  0.20091735]
 [ 0.92164251 -0.12379118 -0.36776464  2.16416755]
 [ 0.          0.          0.          1.        ]]"
sun3d-home_md-home_md_scan9_2012_sep_30,8,40,0.0,30,0.25130897280580955,0.270609634454028,0.021065592560070776,0.02136754132651193,"[[1. 0. 0. 0.]
 [0. 1. 0. 0.]
 [0. 0. 1. 0.]
 [0. 0. 0. 1.]]","[[ 0.99867032  0.02435683  0.04543502 -0.11746749]
 [-0.02243031  0.9988472  -0.04244009  0.09620889]
 [-0.04641635  0.04136453  0.99806538 -0.03678624]
 [ 0.          0.          0.          1.        ]]"
sun3d-home_md-home_md_scan9_2012_sep_30,8,50,2.0,30,0.28231435858617127,0.3100824274041659,0.024387502811116263,0.023055595485943145,"[[ 0.71538084  0.66165619 -0.2245915   0.20453172]
 [-0.65961481  0.53345148 -0.52946939  1.57108954]
 [-0.23051803  0.52691613  0.81805918 -0.15505883]
 [ 0.          0.          0.          1.        ]]","[[ 0.74065977  0.60244151 -0.2974682   0.40653175]
 [-0.65235528  0.53885512 -0.53298007  1.58764314]
 [-0.16079705  0.58881185  0.79211421 -0.08955578]
 [ 0.          0.          0.          1.        ]]"
sun3d-home_md-home_md_scan9_2012_sep_30,8,57,0.0,30,0.3131187154103983,0.3533697834890445,0.024425366969762403,0.022401558337750198,"[[1. 0. 0. 0.]
 [0. 1. 0. 0.]
 [0. 0. 1. 0.]
 [0. 0. 0. 1.]]","[[ 0.99215656 -0.00290006 -0.12496776  0.23409285]
 [ 0.00621601  0.99963863  0.02615272 -0.05429499]
 [ 0.12484676 -0.0267244   0.99181606  0.0738803 ]
 [ 0.          0.          0.          1.        ]]"
sun3d-home_md-home_md_scan9_2012_sep_30,8,58,2.0,30,0.29727172045849637,0.3613658884481003,0.02561298359879758,0.023353989095927122,"[[-0.93242229  0.33038933 -0.14639522 -0.45952054]
 [ 0.35466615  0.9143403  -0.19543221  0.10233139]
 [ 0.06928634 -0.23414677 -0.96972918  3.6763484 ]
 [ 0.          0.          0.          1.        ]]","[[-0.93612919  0.27043584 -0.2247812  -0.30307303]
 [ 0.32852221  0.90056891 -0.28469071  0.27283143]
 [ 0.12544039 -0.34035291 -0.93189302  3.6874656 ]
 [ 0.          0.          0.          1.        ]]"
sun3d-home_md-home_md_scan9_2012_sep_30,8,59,0.0,30,0.3184991077721295,0.4041754764796737,0.02470367808113454,0.02380490365396199,"[[1. 0. 0. 0.]
 [0. 1. 0. 0.]
 [0. 0. 1. 0.]
 [0. 0. 0. 1.]]","[[ 0.99952183 -0.02090551  0.02278306  0.00666891]
 [ 0.01865366  0.99530951  0.09492642 -0.20794485]
 [-0.02466068 -0.09445605  0.99522355  0.09161922]
 [ 0.          0.          0.          1.        ]]"
sun3d-home_md-home_md_scan9_2012_sep_30,9,14,8.0,30,0.34988968604171294,0.367547855623631,0.024107901523033506,0.02339706548414579,"[[ 0.56006174 -0.82704582 -0.0482293  -0.70756235]
 [ 0.77780795  0.54497571 -0.31307551  0.88978901]
 [ 0.28521159  0.13782849  0.94850285 -0.22129154]
 [ 0.          0.          0.          1.        ]]","[[ 0.55045047 -0.83262761 -0.06111915 -0.68246261]
 [ 0.78796579  0.54232482 -0.29153679  0.8887152 ]
 [ 0.27588801  0.11231676  0.95460502 -0.21867704]
 [ 0.          0.          0.          1.        ]]"
sun3d-home_md-home_md_scan9_2012_sep_30,9,16,7.0,30,0.5504241169682478,0.6023769584924515,0.023198301266025022,0.02300798936372317,"[[ 7.11462610e-01 -6.10181596e-01 -3.48567604e-01 -1.77407490e-02]
 [-8.24952149e-04 -4.96748393e-01  8.67894207e-01 -1.96645178e+00]
 [-7.02723470e-01 -6.17186725e-01 -3.53921278e-01  2.55809091e+00]
 [ 0.00000000e+00  0.00000000e+00  0.00000000e+00  1.00000000e+00]]","[[ 0.6843184  -0.62940109 -0.36818826  0.0765874 ]
 [ 0.03309376 -0.47760444  0.87795148 -1.9474193 ]
 [-0.72843197 -0.61298309 -0.30600426  2.45157341]
 [ 0.          0.          0.          1.        ]]"
sun3d-home_md-home_md_scan9_2012_sep_30,9,17,1.0,30,0.45772944404919197,0.5742453501372091,0.02508585761175384,0.023295111934280733,"[[-0.75623163 -0.45066998  0.47435249 -1.75416451]
 [ 0.64509451 -0.39233613  0.65568699 -0.77421126]
 [-0.10939282  0.80185343  0.58742173  1.21569811]
 [ 0.          0.          0.          1.        ]]","[[-0.75745458 -0.43577364  0.4861727  -1.7587513 ]
 [ 0.65221553 -0.47126155  0.59374023 -0.68981264]
 [-0.02962184  0.76682064  0.64117755  1.26776633]
 [ 0.          0.          0.          1.        ]]"
sun3d-home_md-home_md_scan9_2012_sep_30,9,18,3.0,30,0.4475272604935584,0.6235776058261265,0.022638934862822622,0.022059429482971373,"[[ 0.42310436 -0.90605579  0.00675379 -0.72971813]
 [ 0.87915256  0.40871474 -0.2450368   0.53050312]
 [ 0.21925664  0.10961375  0.96949025  1.50005144]
 [ 0.          0.          0.          1.        ]]","[[ 0.59863597 -0.78639152  0.15239208 -0.875031  ]
 [ 0.78366167  0.53557348 -0.31469895  0.53281367]
 [ 0.16585943  0.30781394  0.93687845  1.46843777]
 [ 0.          0.          0.          1.        ]]"
sun3d-home_md-home_md_scan9_2012_sep_30,9,19,6.0,30,0.6985286334286017,0.7546946120461522,0.021741682774454683,0.02089268155739386,"[[ 0.83430762  0.53257596 -0.14245574 -0.57553436]
 [-0.08748401 -0.12722845 -0.98800783  1.17689622]
 [-0.54431364  0.83676506 -0.05955578  1.92079109]
 [ 0.          0.          0.          1.        ]]","[[ 0.84185038  0.53697993 -0.05422622 -0.64699387]
 [ 0.06363894 -0.19853459 -0.97802561  1.21622554]
 [-0.53594591  0.81990034 -0.20130925  2.04914502]
 [ 0.          0.          0.          1.        ]]"
sun3d-home_md-home_md_scan9_2012_sep_30,9,21,2.0,30,0.8828432751828925,0.9259285312324141,0.02223969782724752,0.02025408201795314,"[[ 0.65137844 -0.30505886 -0.69472673  0.04683035]
 [ 0.11688192 -0.86434496  0.48912822 -0.28623023]
 [-0.74969644 -0.39980856 -0.5273598   2.55981711]
 [ 0.          0.          0.          1.        ]]","[[ 0.69103212 -0.24883858 -0.67864127  0.07679512]
 [ 0.15454892 -0.86629827  0.47501782 -0.32090851]
 [-0.70610852 -0.43313585 -0.5601822   2.60079402]
 [ 0.          0.          0.          1.        ]]"
sun3d-home_md-home_md_scan9_2012_sep_30,9,22,8.0,30,0.6705118526347577,0.8394685187981278,0.025311952557950376,0.021734704192557342,"[[ 0.35931705  0.50917394 -0.78206979 -0.18545589]
 [-0.80424258  0.59405052  0.01725802 -0.22422364]
 [ 0.4733763   0.62277273  0.62295185  1.9932276 ]
 [ 0.          0.          0.          1.        ]]","[[ 0.33018004  0.69708203 -0.6364415  -0.39778923]
 [-0.86913584  0.48754271  0.08309633 -0.27625429]
 [ 0.36821737  0.52571737  0.76683585  1.88250642]
 [ 0.          0.          0.          1.        ]]"
sun3d-home_md-home_md_scan9_2012_sep_30,9,23,4.0,30,0.7475820216195714,0.7720733656633524,0.02041669968035065,0.019438346829093688,"[[-0.01800308  0.1573747   0.98737485 -1.14674729]
 [-0.88585959  0.4553887  -0.08873515 -0.39392351]
 [-0.46360402 -0.87627298  0.13121349  1.92723164]
 [ 0.          0.          0.          1.        ]]","[[ 0.02537289  0.19474194  0.98052628 -1.11185088]
 [-0.89170488  0.44779961 -0.06586283 -0.40579318]
 [-0.45190554 -0.87266894  0.18501431  1.91474116]
 [ 0.          0.          0.          1.        ]]"
sun3d-home_md-home_md_scan9_2012_sep_30,9,24,1.0,30,0.4694496230850288,0.5879873551106428,0.024768496407748107,0.0233861954996646,"[[-0.4495212   0.85050733  0.27307137 -1.13250748]
 [ 0.49750195 -0.01552445  0.86732393 -0.94484983]
 [ 0.74190464  0.52573403 -0.41615048  2.49715446]
 [ 0.          0.          0.          1.        ]]","[[-0.48075132  0.82465915  0.29801921 -1.18633239]
 [ 0.54050153  0.01107386  0.84127015 -0.91381873]
 [ 0.69046091  0.56552157 -0.45105331  2.62198911]
 [ 0.          0.          0.          1.        ]]"
sun3d-home_md-home_md_scan9_2012_sep_30,9,25,2.0,30,0.6703266412459227,0.814995176184132,0.02180150286706122,0.02072508419864152,"[[ 0.24102761 -0.96924328 -0.04973088 -0.69756515]
 [-0.88493866 -0.24052445  0.3987876  -0.67514596]
 [-0.39848369 -0.05211004 -0.91569388  2.99225911]
 [ 0.          0.          0.          1.        ]]","[[ 0.18776291 -0.9804636  -0.05861927 -0.71853019]
 [-0.96558234 -0.19519081  0.17190487 -0.54217066]
 [-0.17998841  0.02432437 -0.98336794  3.10109173]
 [ 0.          0.          0.          1.        ]]"
sun3d-home_md-home_md_scan9_2012_sep_30,9,36,6.0,30,0.7464445374859875,0.7609432611661107,0.016598809329637542,0.014944141949548538,"[[ 0.6925654  -0.17062994 -0.70088415  1.38843928]
 [-0.43040027 -0.87746811 -0.21167266  0.2737956 ]
 [-0.5788858   0.44825789 -0.68114323  2.86897811]
 [ 0.          0.          0.          1.        ]]","[[ 0.7258836  -0.19850623 -0.65855013  1.31597813]
 [-0.43305336 -0.87575411 -0.21335306  0.27651946]
 [-0.53437607  0.44005683 -0.72165934  2.9782014 ]
 [ 0.          0.          0.          1.        ]]"
sun3d-home_md-home_md_scan9_2012_sep_30,9,37,2.0,30,0.5691339818238614,0.5886686087480839,0.02159623189831948,0.019452261283934413,"[[-0.1175468  -0.34980088 -0.9294203   1.03508508]
 [-0.84607059  0.52529835 -0.0906984   0.43268812]
 [ 0.51994933  0.77569388 -0.35770337  2.52985461]
 [ 0.          0.          0.          1.        ]]","[[-1.32982574e-01 -2.27228615e-01 -9.64719022e-01  1.13501418e+00]
 [-8.66190842e-01  4.99710452e-01  1.69974192e-03  2.75873640e-01]
 [ 4.81693949e-01  8.35856818e-01 -2.63276128e-01  2.38737397e+00]
 [ 0.00000000e+00  0.00000000e+00  0.00000000e+00  1.00000000e+00]]"
sun3d-home_md-home_md_scan9_2012_sep_30,9,52,3.0,30,0.5035034025045124,0.5316819695288064,0.022003010813893147,0.021427400385188044,"[[-0.10002438 -0.9194557  -0.38025825 -0.081293  ]
 [ 0.62682644 -0.35503009  0.6935721  -1.09814222]
 [-0.77271194 -0.16898181  0.6118508  -0.00723345]
 [ 0.          0.          0.          1.        ]]","[[-0.15389588 -0.92545748 -0.34618566 -0.23967481]
 [ 0.61925697 -0.36335148  0.69605784 -1.09589014]
 [-0.769959   -0.10725744  0.62901429 -0.0249916 ]
 [ 0.          0.          0.          1.        ]]"
sun3d-home_md-home_md_scan9_2012_sep_30,9,59,4.0,30,0.4153733111401023,0.4546350862986789,0.023887158642419606,0.022738126823560755,"[[1. 0. 0. 0.]
 [0. 1. 0. 0.]
 [0. 0. 1. 0.]
 [0. 0. 0. 1.]]","[[ 0.99801657  0.00537625  0.06272179 -0.08321938]
 [-0.00390071  0.99971331 -0.02362386 -0.01058025]
 [-0.06283082  0.02333235  0.99775142 -0.00260093]
 [ 0.          0.          0.          1.        ]]"
sun3d-home_md-home_md_scan9_2012_sep_30,10,12,1.0,30,0.5282761905925175,0.5953145802543025,0.023574654215947302,0.02338905274072151,"[[-0.10104243 -0.98714363 -0.12384621 -0.31107005]
 [ 0.96531646 -0.12739906  0.22788945 -0.73822882]
 [-0.24073751 -0.09652428  0.96577871  0.47630102]
 [ 0.          0.          0.          1.        ]]","[[-0.09636044 -0.97863749 -0.18161311 -0.16378109]
 [ 0.98057105 -0.1246587   0.15146166 -0.5862207 ]
 [-0.17086571 -0.16348964  0.97163576  0.45223988]
 [ 0.          0.          0.          1.        ]]"
sun3d-home_md-home_md_scan9_2012_sep_30,10,16,3.0,30,0.6658993302164008,0.6744946881282939,0.023085521586381816,0.02139758799213397,"[[1. 0. 0. 0.]
 [0. 1. 0. 0.]
 [0. 0. 1. 0.]
 [0. 0. 0. 1.]]","[[ 0.99993166 -0.00239984  0.01144198  0.0015511 ]
 [ 0.00251995  0.99994176 -0.01049402  0.01567761]
 [-0.01141613  0.01052214  0.99987947 -0.04911116]
 [ 0.          0.          0.          1.        ]]"
sun3d-home_md-home_md_scan9_2012_sep_30,10,17,4.0,30,0.6628925703831691,0.8252464681370058,0.01935226472349719,0.0191061228336525,"[[-0.35046245 -0.90871339  0.22675106 -0.8386617 ]
 [ 0.93645428 -0.34390739  0.06914547  0.53073413]
 [ 0.01514795  0.23657489  0.97149517  1.14688157]
 [ 0.          0.          0.          1.        ]]","[[-0.33229896 -0.91731077  0.21935898 -0.81664685]
 [ 0.927244   -0.27516341  0.25397572  0.25705493]
 [-0.1726151   0.28779516  0.94200742  1.09587353]
 [ 0.          0.          0.          1.        ]]"
sun3d-home_md-home_md_scan9_2012_sep_30,10,18,2.0,30,0.7698442540222834,0.8618273930854327,0.02218654154376482,0.020659835045289583,"[[-0.44565871 -0.45119063  0.77318518 -1.21524435]
 [ 0.8835603  -0.36053833  0.29888677 -0.17080719]
 [ 0.14390798  0.81635723  0.55933118  1.77077002]
 [ 0.          0.          0.          1.        ]]","[[-0.48847051 -0.60070379  0.63289139 -1.09837728]
 [ 0.84436142 -0.50836344  0.16917565 -0.00794353]
 [ 0.22011439  0.61702639  0.75553166  1.53647303]
 [ 0.          0.          0.          1.        ]]"
sun3d-home_md-home_md_scan9_2012_sep_30,10,19,2.0,30,0.7625066158568858,0.8553403196782047,0.0219945508074785,0.021196422467318506,"[[-0.01418848 -0.09487476  0.9953881  -1.46557285]
 [-0.60167416  0.79590263  0.06728454 -0.06496917]
 [-0.79861561 -0.59794463 -0.06837634  1.98870716]
 [ 0.          0.          0.          1.        ]]","[[-0.11358322 -0.01428571  0.99342577 -1.5208398 ]
 [-0.65451593  0.75333445 -0.06400086  0.04667974]
 [-0.74746756 -0.65748242 -0.09491638  2.05289529]
 [ 0.          0.          0.          1.        ]]"
sun3d-home_md-home_md_scan9_2012_sep_30,10,20,2.0,30,0.9186784488779569,0.9601591205854666,0.01928622688406863,0.016140810438778776,"[[ 0.27838402 -0.80179795  0.52879333 -0.81953865]
 [-0.79836832  0.11290058  0.5914909  -0.46473504]
 [-0.53395726 -0.58683346 -0.60870037  2.77661667]
 [ 0.          0.          0.          1.        ]]","[[ 0.18614568 -0.83687988  0.51476388 -0.83046932]
 [-0.89877937  0.066615    0.43331061 -0.35774292]
 [-0.39691992 -0.54331805 -0.73977028  2.89264175]
 [ 0.          0.          0.          1.        ]]"
sun3d-home_md-home_md_scan9_2012_sep_30,10,21,1.0,30,0.8069428812605515,0.8999015194147439,0.019868990296242325,0.019939202385041904,"[[ 0.48988101  0.84402273  0.218271   -0.96373474]
 [-0.12730543  0.3169452  -0.9398612   0.85494737]
 [-0.86244416  0.43263307  0.26271411  1.82224279]
 [ 0.          0.          0.          1.        ]]","[[ 0.33518283  0.79018032  0.51309603 -1.15417656]
 [-0.07019719  0.5640309  -0.82276455  0.76189894]
 [-0.93953436  0.23975865  0.24452192  1.82715374]
 [ 0.          0.          0.          1.        ]]"
sun3d-home_md-home_md_scan9_2012_sep_30,10,22,2.0,30,0.7590215914238261,0.9045145704363582,0.0220697370379293,0.02015171091836589,"[[ 0.46611639 -0.0644376   0.88237368 -0.86535818]
 [-0.87247325  0.13191469  0.47051987 -0.50471607]
 [-0.14671722 -0.98916445  0.00526752  2.18562227]
 [ 0.          0.          0.          1.        ]]","[[ 0.31876977 -0.29909085  0.89940563 -0.97013202]
 [-0.9471873  -0.06552254  0.31391563 -0.43517551]
 [-0.03495795 -0.9519724  -0.30418166  2.44465855]
 [ 0.          0.          0.          1.        ]]"
sun3d-home_md-home_md_scan9_2012_sep_30,10,24,1.0,30,0.5203858312393612,0.6913350085109832,0.026128035381710327,0.02358357640363806,"[[-0.73361127  0.39703975  0.55151967 -0.80050521]
 [-0.67356358 -0.5324844  -0.51261337 -0.22617512]
 [ 0.09014774 -0.74754251  0.65806807  1.58427735]
 [ 0.          0.          0.          1.        ]]","[[-0.79711429  0.35085875  0.49143357 -0.77456379]
 [-0.59972065 -0.36524705 -0.71198998 -0.01818938]
 [-0.07031325 -0.86226025  0.50156088  1.65083649]
 [ 0.          0.          0.          1.        ]]"
sun3d-home_md-home_md_scan9_2012_sep_30,10,25,1.0,30,0.6811917122249277,0.7117195755042036,0.019828113832184836,0.019550540469116338,"[[ 0.10873859  0.44800805  0.88739208 -1.47171345]
 [-0.99323588  0.012395    0.11545067  0.06522913]
 [ 0.04072361 -0.89394359  0.44632549  1.50763769]
 [ 0.          0.          0.          1.        ]]","[[-0.01370306  0.32787495  0.94462175 -1.5178926 ]
 [-0.99181389 -0.12440343  0.02879235  0.13411263]
 [ 0.12695448 -0.93649442  0.32689563  1.63905071]
 [ 0.          0.          0.          1.        ]]"
sun3d-home_md-home_md_scan9_2012_sep_30,10,28,2.0,30,0.49207836992788345,0.5138952036540924,0.02141310809332515,0.020976850839627297,"[[-0.8884687  -0.16204856  0.42937587 -1.19403433]
 [ 0.02362905  0.91819448  0.39542455 -0.70488893]
 [-0.45832853  0.36146807 -0.811958    4.84738812]
 [ 0.          0.          0.          1.        ]]","[[-0.89335767 -0.14967366  0.42368605 -1.1961249 ]
 [ 0.03268456  0.918752    0.39347997 -0.74681267]
 [-0.44815599  0.36536634 -0.81588213  4.82031794]
 [ 0.          0.          0.          1.        ]]"
sun3d-home_md-home_md_scan9_2012_sep_30,10,34,2.0,30,0.5844035672691884,0.6831575756608861,0.024876071318264036,0.023688966765318332,"[[ 0.64935344  0.75972307 -0.03407297 -0.61400351]
 [ 0.61426538 -0.49755871  0.612465   -1.68589399]
 [ 0.44835049 -0.4186361  -0.78976304  2.79774498]
 [ 0.          0.          0.          1.        ]]","[[ 0.58953006  0.80545939 -0.06074109 -0.49536362]
 [ 0.63643274 -0.41687617  0.64897428 -1.79211086]
 [ 0.49740092 -0.42124747 -0.75838176  2.74574724]
 [ 0.          0.          0.          1.        ]]"
sun3d-home_md-home_md_scan9_2012_sep_30,10,35,2.0,30,0.6907176047962924,0.7997498865907335,0.02306395967819829,0.017303886295261285,"[[ 0.01898927 -0.49389356  0.869315   -1.96461669]
 [ 0.84310915 -0.45943445 -0.27944041 -0.36138321]
 [ 0.53740708  0.73823379  0.40768185  0.69238022]
 [ 0.          0.          0.          1.        ]]","[[ 0.01947646 -0.5831764   0.81211203 -1.81191728]
 [ 0.85577762 -0.41027887 -0.31514429 -0.28189003]
 [ 0.51697712  0.70112519  0.49107854  0.56667904]
 [ 0.          0.          0.          1.        ]]"
sun3d-home_md-home_md_scan9_2012_sep_30,10,36,4.0,30,0.7204859469753245,0.7345457246660634,0.02190536373299952,0.021273322785668607,"[[ 0.53038175  0.65941782 -0.53278827  0.46167446]
 [-0.79690117  0.60220193 -0.04797245 -0.64615125]
 [ 0.28921224  0.45002331  0.84488774  0.38820096]
 [ 0.          0.          0.          1.        ]]","[[ 0.55206137  0.63468332 -0.54074516  0.48355148]
 [-0.78929249  0.60685105 -0.09353695 -0.52086822]
 [ 0.26878543  0.47844423  0.8359698   0.39922298]
 [ 0.          0.          0.          1.        ]]"
sun3d-home_md-home_md_scan9_2012_sep_30,10,37,1.0,30,0.5406856370729297,0.5702164137359883,0.023096774018335525,0.022392671950145247,"[[ 0.63669976 -0.3590758  -0.68240603  0.21844154]
 [ 0.62180466  0.76245086  0.17896271 -0.94275254]
 [ 0.45603989 -0.53826876  0.70872728  0.47692595]
 [ 0.          0.          0.          1.        ]]","[[ 0.61499844 -0.406407   -0.67572943  0.19755687]
 [ 0.64445926  0.75285031  0.13374851 -0.83140358]
 [ 0.45436679 -0.51773521  0.72491453  0.4695937 ]
 [ 0.          0.          0.          1.        ]]"
sun3d-home_md-home_md_scan9_2012_sep_30,10,45,1.0,30,0.28548257595706633,0.31989932164891494,0.02437615917498927,0.023208441063781123,"[[-0.71180393  0.42054747 -0.5625611   0.32445186]
 [-0.53310698 -0.84496059  0.04287819 -0.72760523]
 [-0.45730965  0.33042612  0.82564306 -0.46014207]
 [ 0.          0.          0.          1.        ]]","[[-0.70356052  0.41177115 -0.57917796  0.41119662]
 [-0.52282272 -0.85193383  0.0294135  -0.68648978]
 [-0.48130967  0.32350158  0.81467032 -0.5206283 ]
 [ 0.          0.          0.          1.        ]]"
sun3d-home_md-home_md_scan9_2012_sep_30,10,54,2.0,30,0.4635873051813276,0.6427185931544587,0.025611388153646573,0.023581225313929456,"[[ 0.93310771  0.35491348 -0.05784834 -0.0980989 ]
 [ 0.31426437 -0.72666461  0.61089808 -1.78891976]
 [ 0.17477962 -0.58821337 -0.789593    2.63168505]
 [ 0.          0.          0.          1.        ]]","[[ 0.92769529  0.345372   -0.14177315  0.03181907]
 [ 0.36015831 -0.72789557  0.58348439 -1.76376518]
 [ 0.09832312 -0.5923565  -0.79965389  2.75265247]
 [ 0.          0.          0.          1.        ]]"
sun3d-home_md-home_md_scan9_2012_sep_30,11,17,2.0,30,0.7933123284886675,0.8643154792153674,0.019745571163271546,0.019894138936791924,"[[ 0.10721905  0.64093934 -0.76006634  0.70383098]
 [-0.9137323   0.36486841  0.17878573  0.1330026 ]
 [ 0.391915    0.67532793  0.62476781  1.61007572]
 [ 0.          0.          0.          1.        ]]","[[ 0.08264877  0.71213156 -0.69716413  0.64095177]
 [-0.83360277  0.43277287  0.34324052 -0.04182496]
 [ 0.54614613  0.55278954  0.62940299  1.65152328]
 [ 0.          0.          0.          1.        ]]"
sun3d-home_md-home_md_scan9_2012_sep_30,11,18,3.0,30,0.6167303239595496,0.7723971423482615,0.025453409420691676,0.022805350017395625,"[[ 0.33418709  0.84631331 -0.41481654  0.43332294]
 [ 0.44368628 -0.52956616 -0.72298144  1.00880211]
 [-0.83154162  0.05756266 -0.55247178  2.81940407]
 [ 0.          0.          0.          1.        ]]","[[ 0.37300094  0.79233522 -0.48277863  0.45177311]
 [ 0.61825143 -0.60023236 -0.50743106  0.80443558]
 [-0.69183485 -0.10920631 -0.71374962  2.9535469 ]
 [ 0.          0.          0.          1.        ]]"
sun3d-home_md-home_md_scan9_2012_sep_30,11,19,3.0,30,0.7421615327617233,0.7549910024346353,0.021288503076355825,0.02056184261094278,"[[-0.73962973 -0.11488064 -0.66313672  0.02509087]
 [ 0.66041512 -0.31364886 -0.68225821  1.1205199 ]
 [-0.12961381 -0.94256397  0.30785293  1.88445914]
 [ 0.          0.          0.          1.        ]]","[[-0.74887931 -0.04281473 -0.66132192 -0.00295559]
 [ 0.64026305 -0.30424606 -0.70533507  1.11398768]
 [-0.17100586 -0.95163083  0.25525627  1.90998709]
 [ 0.          0.          0.          1.        ]]"
sun3d-home_md-home_md_scan9_2012_sep_30,11,20,9.0,30,0.845646958792627,0.9447936594698005,0.020377379520618997,0.01866775715152366,"[[-0.97284747  0.16837938  0.15879602 -0.38320139]
 [ 0.01138314  0.72007923 -0.69379848  1.16931781]
 [-0.23116707 -0.6731525  -0.70244395  2.75678482]
 [ 0.          0.          0.          1.        ]]","[[-0.92438598  0.17993124  0.33635592 -0.52743545]
 [ 0.0478276   0.929474   -0.36577399  0.91596797]
 [-0.37844825 -0.32202925 -0.86779841  2.90231558]
 [ 0.          0.          0.          1.        ]]"
sun3d-home_md-home_md_scan9_2012_sep_30,11,21,9.0,30,0.9475590883511537,0.974148846370287,0.01727869344270446,0.015837174484153112,"[[-0.62112966  0.73393796  0.27483271 -0.77580092]
 [ 0.54335757  0.65600495 -0.52385117  0.77543854]
 [-0.56476588 -0.17604706 -0.80625488  2.76777956]
 [ 0.          0.          0.          1.        ]]","[[-0.57177358  0.78940737  0.22340766 -0.708999  ]
 [ 0.53556809  0.56543391 -0.62725697  0.86318348]
 [-0.62148354 -0.23899896 -0.74608157  2.74574804]
 [ 0.          0.          0.          1.        ]]"
sun3d-home_md-home_md_scan9_2012_sep_30,11,22,7.0,30,0.9222406764306206,0.9632190850067945,0.0186305827228231,0.016914091850565693,"[[-0.47467026 -0.74186815  0.47362409 -0.692758  ]
 [-0.77502306  0.09725065 -0.62440497  0.68068806]
 [ 0.41716591 -0.66345607 -0.62112692  2.73550048]
 [ 0.          0.          0.          1.        ]]","[[-0.50089298 -0.77331618  0.38870081 -0.67675511]
 [-0.79297709  0.23006629 -0.56414257  0.66569662]
 [ 0.34683362 -0.59080588 -0.7284606   2.81600738]
 [ 0.          0.          0.          1.        ]]"
sun3d-home_md-home_md_scan9_2012_sep_30,11,23,5.0,30,0.8129013031345669,0.8562759069112189,0.02161318077566835,0.0202993993800441,"[[-0.02761321 -0.46171191  0.88660004 -1.34364681]
 [ 0.4371297  -0.80321638 -0.40467403  0.88818242]
 [ 0.89897449  0.37638486  0.22400737  1.66503634]
 [ 0.          0.          0.          1.        ]]","[[ 0.00742094 -0.44514766  0.89542643 -1.36225349]
 [ 0.44156628 -0.80196024 -0.40234189  0.88857523]
 [ 0.89719794  0.39837588  0.1906109   1.74199215]
 [ 0.          0.          0.          1.        ]]"
sun3d-home_md-home_md_scan9_2012_sep_30,11,24,2.0,30,0.6709410715733161,0.7223311988327794,0.023451597290860923,0.022390118707156858,"[[ 0.16154903 -0.56269884 -0.81072309  0.66214855]
 [-0.42541308  0.70155728 -0.57170018  0.70984136]
 [ 0.89046371  0.43724982 -0.12604355  2.5255485 ]
 [ 0.          0.          0.          1.        ]]","[[ 0.05399644 -0.61454625 -0.78703068  0.62746621]
 [-0.53533702  0.64752034 -0.54233908  0.66557227]
 [ 0.84291082  0.45061104 -0.29402557  2.69499278]
 [ 0.          0.          0.          1.        ]]"
sun3d-home_md-home_md_scan9_2012_sep_30,11,25,3.0,30,0.6197914273900859,0.6572563972986631,0.021850488088009563,0.021035432971325943,"[[-0.08709621  0.13446804 -0.98708287  0.49493351]
 [-0.98671673  0.12474782  0.10405801 -0.13155884]
 [ 0.13712891  0.98303425  0.1218168   2.26218097]
 [ 0.          0.          0.          1.        ]]","[[-0.09167298  0.30090755 -0.94923691  0.44230751]
 [-0.99298109  0.04391429  0.1098184  -0.10198819]
 [ 0.07473025  0.95264169  0.29476976  2.11398364]
 [ 0.          0.          0.          1.        ]]"
sun3d-home_md-home_md_scan9_2012_sep_30,11,28,4.0,30,0.43546232241908744,0.46796024146107734,0.02330763596709812,0.02249871021487875,"[[ 0.63540608 -0.11400937 -0.76371524  1.52868832]
 [-0.77046746 -0.02780896 -0.63687249  2.77311044]
 [ 0.05137131  0.99309039 -0.10551049  2.50962911]
 [ 0.          0.          0.          1.        ]]","[[ 0.67254083 -0.18977815 -0.71531327  1.39061024]
 [-0.73888616 -0.11777195 -0.66345836  2.82443469]
 [ 0.04166606  0.97473792 -0.2194309   2.85513347]
 [ 0.          0.          0.          1.        ]]"
sun3d-home_md-home_md_scan9_2012_sep_30,11,53,3.0,30,0.6034556313993175,0.6310082480091013,0.023418610083299856,0.02286145892864968,"[[-0.30638242  0.20753082  0.92901064 -1.51798605]
 [-0.83982849 -0.51837424 -0.16117152  0.02117477]
 [ 0.44812713 -0.82958972  0.33311105  1.77889987]
 [ 0.          0.          0.          1.        ]]","[[-0.34198314  0.32528428  0.88161084 -1.46921347]
 [-0.83346383 -0.53832335 -0.12468365 -0.01240634]
 [ 0.43403407 -0.77743045  0.45521019  1.62735042]
 [ 0.          0.          0.          1.        ]]"
sun3d-home_md-home_md_scan9_2012_sep_30,12,15,561.0,30,0.4129580473237801,0.4703241326393065,0.024351779079845006,0.02267872637963705,"[[-0.03447683  0.99697021  0.06972625 -0.01120141]
 [-0.54073944  0.04006487 -0.84023548  1.70380225]
 [-0.84048332 -0.06667239  0.5377198  -0.28010885]
 [ 0.          0.          0.          1.        ]]","[[-0.03987776  0.99546812  0.08633074 -0.03409414]
 [-0.53645584  0.05156186 -0.84235177  1.70864298]
 [-0.8429857  -0.07990373  0.53196851 -0.18713699]
 [ 0.          0.          0.          1.        ]]"
sun3d-home_md-home_md_scan9_2012_sep_30,12,17,6.0,30,0.7325541213537962,0.798190873056205,0.02220728011138464,0.020970385105243062,"[[ 0.62256712 -0.41918752 -0.66082676  0.87714719]
 [-0.17161954 -0.89701295  0.40732605 -0.91177543]
 [-0.76351615 -0.14017702 -0.63039154  2.53445154]
 [ 0.          0.          0.          1.        ]]","[[ 0.68565332 -0.46433907 -0.56059679  0.81603486]
 [-0.22620853 -0.86791344  0.4422171  -0.93276239]
 [-0.69188816 -0.17639585 -0.70012519  2.61384103]
 [ 0.          0.          0.          1.        ]]"
sun3d-home_md-home_md_scan9_2012_sep_30,12,18,1.0,30,0.49336051136925846,0.6363024677920485,0.024768005054147314,0.02220715484325275,"[[-0.34241752  0.93252333  0.11467556 -0.18162924]
 [-0.7607705  -0.20356595 -0.61627035  0.55508554]
 [-0.55134244 -0.29826355  0.77914079  0.69182407]
 [ 0.          0.          0.          1.        ]]","[[-0.45470733  0.88991103  0.03605007 -0.20253935]
 [-0.80230206 -0.39169608 -0.45042823  0.31860059]
 [-0.38672037 -0.23373606  0.89208453  0.66970263]
 [ 0.          0.          0.          1.        ]]"
sun3d-home_md-home_md_scan9_2012_sep_30,12,20,6.0,30,0.8271841122346725,0.9275151073456621,0.02196761406045887,0.018996732502039128,"[[ 0.56499659  0.67457292 -0.47511075  0.37527947]
 [-0.6114095   0.72895392  0.30790356  0.2384675 ]
 [ 0.55403725  0.11652276  0.82429678  1.26838416]
 [ 0.          0.          0.          1.        ]]","[[ 0.56334659  0.70999938 -0.42254171  0.38356767]
 [-0.72575352  0.66965384  0.15762477  0.32572904]
 [ 0.39487017  0.21786375  0.89253175  1.18210284]
 [ 0.          0.          0.          1.        ]]"
sun3d-home_md-home_md_scan9_2012_sep_30,12,21,3.0,30,0.8506612267867192,0.949247326955543,0.01882602033834462,0.0162811885091764,"[[ 0.0563903   0.93436158  0.351836   -0.19645592]
 [ 0.99330808 -0.01692762 -0.11424759  0.4178782 ]
 [-0.10079282  0.355924   -0.92906346  2.72795963]
 [ 0.          0.          0.          1.        ]]","[[ 0.1289681   0.9844725   0.11908454  0.01014755]
 [ 0.98328343 -0.11138945 -0.14403503  0.43472489]
 [-0.12853377  0.13566977 -0.98238118  2.71129918]
 [ 0.          0.          0.          1.        ]]"
sun3d-home_md-home_md_scan9_2012_sep_30,12,22,5.0,30,0.8460818360259701,0.889476068247018,0.021152334431048893,0.01917274245966779,"[[-0.69575364 -0.58969495  0.41010577 -0.47488922]
 [ 0.71608569 -0.61405553  0.33189921  0.01527408]
 [ 0.05610843  0.52459095  0.84950349  1.31489986]
 [ 0.          0.          0.          1.        ]]","[[-0.6827002  -0.69922422  0.21214601 -0.35553504]
 [ 0.72717199 -0.62165005  0.29115651  0.06958356]
 [-0.07170311  0.35303925  0.93285688  1.2370381 ]
 [ 0.          0.          0.          1.        ]]"
sun3d-home_md-home_md_scan9_2012_sep_30,12,23,1.0,30,0.6605077077294031,0.7684971959578445,0.022285679994127817,0.021714138053091993,"[[ 0.73786768  0.59736291 -0.31417962 -0.06370636]
 [-0.17500709  0.61889938  0.76572585 -1.12433788]
 [ 0.6518618  -0.5100207   0.56120859  1.65559497]
 [ 0.          0.          0.          1.        ]]","[[ 0.64820233  0.59121163 -0.47989847  0.07530766]
 [-0.1835128   0.73293983  0.65507424 -1.03978801]
 [ 0.73902421 -0.33655314  0.58358821  1.55463599]
 [ 0.          0.          0.          1.        ]]"
sun3d-home_md-home_md_scan9_2012_sep_30,12,24,2.0,30,0.5814217394828565,0.637253789413958,0.024098366671400487,0.02388687330664344,"[[ 0.46413451 -0.40574149 -0.78737094  0.24761568]
 [ 0.80171852 -0.18550624  0.56818557 -0.53583106]
 [-0.37659868 -0.8949644   0.23919062  1.20294526]
 [ 0.          0.          0.          1.        ]]","[[ 0.39958793 -0.42022545 -0.81470244  0.29386157]
 [ 0.85461801 -0.15071371  0.49690385 -0.43475686]
 [-0.33159847 -0.89481615  0.29890886  1.19213149]
 [ 0.          0.          0.          1.        ]]"
sun3d-home_md-home_md_scan9_2012_sep_30,12,25,3.0,30,0.6014838976432214,0.7085726099140901,0.02319206674795074,0.021421553646600387,"[[ 0.52081946  0.6468436   0.55708208 -0.59954931]
 [ 0.04710797 -0.67335845  0.73781382 -0.76277501]
 [ 0.85236608 -0.35802479 -0.38116967  2.04689256]
 [ 0.          0.          0.          1.        ]]","[[ 0.4105582   0.61540603  0.67284276 -0.78282343]
 [ 0.00300472 -0.73880925  0.6739079  -0.71023751]
 [ 0.91182944 -0.27465671 -0.30517332  1.99619522]
 [ 0.          0.          0.          1.        ]]"
sun3d-home_md-home_md_scan9_2012_sep_30,12,28,1.0,30,0.5519050383665703,0.615550876800291,0.022178574631499973,0.020986564448640544,"[[-6.60915747e-01 -3.54786890e-01  6.61299205e-01 -1.84980293e+00]
 [ 4.71948156e-01 -8.81625319e-01 -1.31731131e-03 -5.59175164e-01]
 [ 5.83485487e-01  3.11228308e-01  7.50121074e-01 -7.05317590e-01]
 [ 0.00000000e+00  0.00000000e+00  0.00000000e+00  1.00000000e+00]]","[[-0.68045139 -0.23861181  0.69285663 -1.82870668]
 [ 0.36159494 -0.93170591  0.03425203 -0.6420264 ]
 [ 0.63736568  0.27384029  0.7202614  -0.69800852]
 [ 0.          0.          0.          1.        ]]"
sun3d-home_md-home_md_scan9_2012_sep_30,12,29,1.0,30,0.5578960155490768,0.6140184645286686,0.02371012888369342,0.021886009867573122,"[[ 0.7998106  -0.50352087 -0.32675639  0.61044303]
 [ 0.45817913  0.16044344  0.87425956 -3.16511671]
 [-0.38778201 -0.84895503  0.35902712  1.31825973]
 [ 0.          0.          0.          1.        ]]","[[ 0.84953228 -0.38726196 -0.3582221   0.6249559 ]
 [ 0.42710509  0.10634231  0.89792681 -3.15234105]
 [-0.30963873 -0.9158163   0.25574278  1.63062414]
 [ 0.          0.          0.          1.        ]]"
sun3d-home_md-home_md_scan9_2012_sep_30,12,47,1.0,30,0.3053769958368558,0.33915668415931605,0.024132009654542735,0.02359375672020114,"[[-0.98767592 -0.11338201 -0.10789248  0.01572854]
 [-0.04970214 -0.42645697  0.90314127 -2.37476046]
 [-0.14841147  0.89737338  0.41556595  0.83896681]
 [ 0.          0.          0.          1.        ]]","[[-0.9791317  -0.13753855 -0.14961371  0.08528635]
 [-0.05848139 -0.51436391  0.85557565 -2.26103324]
 [-0.19463053  0.84647086  0.49558656  0.67709674]
 [ 0.          0.          0.          1.        ]]"
sun3d-home_md-home_md_scan9_2012_sep_30,12,53,3.0,30,0.8186682309442548,0.8617925199089875,0.02019222983712306,0.018838999962180383,"[[-0.08495302  0.98364333 -0.15883574 -0.49769228]
 [-0.95237643 -0.03330896  0.30310006 -0.58874849]
 [ 0.2928517   0.17702068  0.93962842  0.57653863]
 [ 0.          0.          0.          1.        ]]","[[-0.18420193  0.95805413 -0.21954937 -0.43322825]
 [-0.92338333 -0.09213692  0.37265805 -0.63661515]
 [ 0.33679798  0.27137256  0.90162301  0.60215449]
 [ 0.          0.          0.          1.        ]]"
sun3d-home_md-home_md_scan9_2012_sep_30,12,57,0.0,30,0.2819467798031989,0.32313322865977007,0.023865383806031735,0.021318974848255595,"[[1. 0. 0. 0.]
 [0. 1. 0. 0.]
 [0. 0. 1. 0.]
 [0. 0. 0. 1.]]","[[ 0.9937474  -0.04954954 -0.10005468  0.2118069 ]
 [ 0.05961109  0.99317863  0.10021342 -0.18435786]
 [ 0.09440664 -0.10555119  0.98992239  0.06766013]
 [ 0.          0.          0.          1.        ]]"
sun3d-home_md-home_md_scan9_2012_sep_30,12,59,1.0,30,0.3623419856943632,0.3714442095160976,0.022747321422828207,0.022393234111494076,"[[-0.12844064 -0.51306737 -0.8486842   1.59313345]
 [ 0.89467405  0.3092592  -0.32236174  0.79585384]
 [ 0.42785669 -0.80070008  0.41930661  1.40711812]
 [ 0.          0.          0.          1.        ]]","[[-0.14201825 -0.57058325 -0.80886684  1.5191094 ]
 [ 0.89428551  0.27636054 -0.35196345  0.88566017]
 [ 0.42436333 -0.77334313  0.4710161   1.29649132]
 [ 0.          0.          0.          1.        ]]"
sun3d-home_md-home_md_scan9_2012_sep_30,13,17,3.0,30,0.7055188535420266,0.7701595690618965,0.02373742380254169,0.02226107298564607,"[[ 0.29266675 -0.68680346 -0.66531736 -0.18105413]
 [ 0.05724016 -0.68195146  0.72915415 -1.08726352]
 [-0.95449973 -0.25148205 -0.16027178  2.58034905]
 [ 0.          0.          0.          1.        ]]","[[ 0.4655895  -0.73802014 -0.48841856 -0.33345676]
 [ 0.07670163 -0.51615798  0.85305205 -1.24263439]
 [-0.88167073 -0.43463458 -0.18371039  2.61878587]
 [ 0.          0.          0.          1.        ]]"
sun3d-home_md-home_md_scan9_2012_sep_30,13,18,5.0,30,0.8286002651837486,0.8444321307712097,0.02176115555655738,0.021492125779599282,"[[ 0.32945917 -0.53616891  0.77716122 -1.72975019]
 [ 0.87488628  0.48285396 -0.03776312  0.29260244]
 [-0.35500796  0.69236909  0.62816749  1.8306503 ]
 [ 0.          0.          0.          1.        ]]","[[ 0.3315434  -0.60960809  0.72003955 -1.68946063]
 [ 0.88800592  0.4593994  -0.01994183  0.25650137]
 [-0.31862903  0.64601097  0.69364643  1.76623781]
 [ 0.          0.          0.          1.        ]]"
sun3d-home_md-home_md_scan9_2012_sep_30,13,19,7.0,30,0.7579549063194665,0.8390600190536678,0.021911974627954616,0.020276677155029985,"[[-0.43947069  0.82807459 -0.34807755 -0.97328197]
 [ 0.8686844   0.49040832  0.06990779 -0.60377909]
 [ 0.22858899 -0.27164711 -0.93485556  3.6211085 ]
 [ 0.          0.          0.          1.        ]]","[[-0.42182837  0.68191121 -0.59754324 -0.73495777]
 [ 0.86315627  0.50376048 -0.03444751 -0.4812295 ]
 [ 0.27752853 -0.53030413 -0.8010964   3.53415321]
 [ 0.          0.          0.          1.        ]]"
sun3d-home_md-home_md_scan9_2012_sep_30,13,20,5.0,30,0.8709119067140384,0.9169779235370927,0.021773963733288423,0.02142723734730337,"[[ 0.13051191  0.9360125   0.32687496 -1.29512179]
 [-0.98947731  0.14374043 -0.01653312 -0.21276322]
 [-0.06246035 -0.32127759  0.94492297  2.00053508]
 [ 0.          0.          0.          1.        ]]","[[ 0.10867223  0.86757841  0.48528142 -1.44766165]
 [-0.98319158  0.16585264 -0.07633622 -0.17116229]
 [-0.14671286 -0.46882898  0.87101936  2.03626586]
 [ 0.          0.          0.          1.        ]]"
sun3d-home_md-home_md_scan9_2012_sep_30,13,21,4.0,30,0.935530388294879,0.9483680360157569,0.020578055063659978,0.018179627424065908,"[[-0.04821729  0.90647287  0.41950212 -1.47451575]
 [-0.99688766 -0.06989872  0.03645768 -0.39345163]
 [ 0.06237056 -0.4164386   0.90702195  2.10972418]
 [ 0.          0.          0.          1.        ]]","[[-0.09339549  0.96507662  0.24475376 -1.38029672]
 [-0.98913511 -0.11797039  0.08771961 -0.42015809]
 [ 0.11352984 -0.23390192  0.96560907  2.06300042]
 [ 0.          0.          0.          1.        ]]"
sun3d-home_md-home_md_scan9_2012_sep_30,13,22,1.0,30,0.8498867582666465,0.9558508228899291,0.02312786819732839,0.01900775467977764,"[[ 0.91451924  0.39743969  0.07547347 -0.76717708]
 [-0.09230438  0.3866458  -0.91759737  0.57363203]
 [-0.39387112  0.83219392  0.39028044  2.47311154]
 [ 0.          0.          0.          1.        ]]","[[ 0.86315302  0.41519352  0.28736946 -0.95493695]
 [-0.11053772  0.71067857 -0.69477866  0.39197407]
 [-0.49269491  0.56793514  0.6593189   2.21014166]
 [ 0.          0.          0.          1.        ]]"
sun3d-home_md-home_md_scan9_2012_sep_30,13,24,3.0,30,0.5481559536354057,0.5955742887249736,0.024704898204695888,0.023043947354661056,"[[ 0.36724405  0.59497133 -0.7149412  -0.48705105]
 [-0.64310158 -0.39289512 -0.65730798  1.07385036]
 [-0.67197632  0.70117226  0.23833861  2.22032345]
 [ 0.          0.          0.          1.        ]]","[[ 0.45264727  0.59329997 -0.66566177 -0.4792199 ]
 [-0.62318891 -0.3234467  -0.71205183  1.07949566]
 [-0.63776644  0.73714135  0.2233307   2.23232107]
 [ 0.          0.          0.          1.        ]]"
sun3d-home_md-home_md_scan9_2012_sep_30,13,25,2.0,30,0.5664308356686728,0.7753480038590527,0.024069497412858014,0.02170255292097491,"[[ 0.66479216  0.47107225  0.57977782 -1.69373819]
 [ 0.65625026 -0.73908071 -0.15197135 -0.24541377]
 [ 0.35691312  0.48150871 -0.80047635  3.46602992]
 [ 0.          0.          0.          1.        ]]","[[ 0.72370705  0.59898387  0.34273375 -1.48174979]
 [ 0.5799182  -0.79706603  0.16846549 -0.44536069]
 [ 0.37408954  0.07683788 -0.92420396  3.62066844]
 [ 0.          0.          0.          1.        ]]"
sun3d-home_md-home_md_scan9_2012_sep_30,13,29,2.0,30,0.527648202137998,0.7409378036929057,0.026008564450313285,0.022606069924461417,"[[ 0.59989191  0.30280356 -0.74056714  0.70015776]
 [-0.53235246  0.84204731 -0.08693204  0.02687804]
 [ 0.59726924  0.44639257  0.6663356  -0.62709307]
 [ 0.          0.          0.          1.        ]]","[[ 0.56438203  0.39435351 -0.72522978  0.70670321]
 [-0.6438764   0.76007883 -0.08776875  0.21107915]
 [ 0.51661989  0.51649344  0.68288975 -0.58777198]
 [ 0.          0.          0.          1.        ]]"
sun3d-home_md-home_md_scan9_2012_sep_30,13,37,1.0,30,0.5313142466927709,0.580379650280052,0.02125867263645566,0.019826750300197038,"[[ 0.7351878  -0.13959435 -0.66333425  0.18003401]
 [-0.59232781 -0.60812984 -0.52851287  0.94783401]
 [-0.32961594  0.78146754 -0.52977526  2.75658782]
 [ 0.          0.          0.          1.        ]]","[[ 0.76721937 -0.10748984 -0.63231351  0.17098705]
 [-0.54686891 -0.62474341 -0.55734197  1.02015371]
 [-0.3351251   0.77339615 -0.5380981   2.79624207]
 [ 0.          0.          0.          1.        ]]"
sun3d-home_md-home_md_scan9_2012_sep_30,13,47,1.0,30,0.44846314580575186,0.45800567846490037,0.02368342805853051,0.023121138356317978,"[[ 0.82573921 -0.2140496  -0.52185968  0.40777467]
 [-0.1220233  -0.97107796  0.20522648 -0.88705696]
 [-0.55069508 -0.10578451 -0.82797619  4.22960319]
 [ 0.          0.          0.          1.        ]]","[[ 0.84896222 -0.21246985 -0.48385918  0.30558289]
 [-0.10988211 -0.96657524  0.23164247 -0.9314088 ]
 [-0.51690334 -0.14348823 -0.8439325   4.24293204]
 [ 0.          0.          0.          1.        ]]"
sun3d-home_md-home_md_scan9_2012_sep_30,13,53,3.0,30,0.5439953071672355,0.7026094994311718,0.02205426160800609,0.02037628736736564,"[[ 0.89947648  0.43695623 -0.0033637  -0.66122478]
 [-0.35203148  0.72917596  0.58683579 -1.4015639 ]
 [ 0.25887428 -0.52666086  0.80969898  1.83129543]
 [ 0.          0.          0.          1.        ]]","[[ 0.87735206  0.45640453  0.14814947 -0.90588024]
 [-0.47006987  0.75547789  0.45638524 -1.30770155]
 [ 0.09637264 -0.47005113  0.8773621   1.63216125]
 [ 0.          0.          0.          1.        ]]"
sun3d-home_md-home_md_scan9_2012_sep_30,14,18,6.0,30,0.7891789198709703,0.8098197146306227,0.021800329294273894,0.02167726987096771,"[[-0.91956352 -0.22921563 -0.31916003 -0.60959182]
 [ 0.20262922 -0.97252259  0.11463511 -0.17817367]
 [-0.3366665   0.04074312  0.94074208  1.44257091]
 [ 0.          0.          0.          1.        ]]","[[-0.9379213  -0.1537527  -0.31090792 -0.61732617]
 [ 0.15667609 -0.98752506  0.01571142 -0.05367549]
 [-0.30944503 -0.03397577  0.95031017  1.4434806 ]
 [ 0.          0.          0.          1.        ]]"
sun3d-home_md-home_md_scan9_2012_sep_30,14,22,1.0,30,0.7887060244602144,0.8455080779103126,0.024020143691435673,0.022077008855816083,"[[-0.81973652 -0.49505089 -0.28802197 -0.93191723]
 [-0.54082668  0.83458471  0.10476102 -0.23060667]
 [ 0.18851669  0.2416464  -0.95187629  3.21106682]
 [ 0.          0.          0.          1.        ]]","[[-0.77920635 -0.53917959 -0.31956662 -0.87757024]
 [-0.60944573  0.77083004  0.18546415 -0.339606  ]
 [ 0.14633307  0.33927336 -0.92923636  3.23750423]
 [ 0.          0.          0.          1.        ]]"
sun3d-home_md-home_md_scan9_2012_sep_30,14,25,1.0,30,0.5678550098773373,0.6067211834428263,0.024037556429196427,0.023525459092256475,"[[ 0.1890244   0.05978433  0.98015081 -1.06905439]
 [ 0.88571386  0.42060868 -0.19646705  0.63079743]
 [-0.42400559  0.90527022  0.0265535   2.21527634]
 [ 0.          0.          0.          1.        ]]","[[ 0.15796554  0.11299035  0.98095875 -1.07919282]
 [ 0.81896413  0.54002785 -0.1940816   0.59628463]
 [-0.55167439  0.83402824 -0.00722925  2.26426007]
 [ 0.          0.          0.          1.        ]]"
sun3d-home_md-home_md_scan9_2012_sep_30,14,29,4.0,30,0.5239310009718173,0.6118804664723032,0.021564937010510758,0.01831115058118996,"[[ 0.85886119 -0.27462632 -0.4323631   0.31523017]
 [ 0.4161175   0.86630564  0.27633451 -0.98863813]
 [ 0.29866986 -0.41724683  0.85831311 -0.84797129]
 [ 0.          0.          0.          1.        ]]","[[ 0.90376644 -0.11582143 -0.41205778  0.09042988]
 [ 0.22001478  0.95148248  0.21511526 -0.67901609]
 [ 0.36715081 -0.28507276  0.88540037 -1.0510423 ]
 [ 0.          0.          0.          1.        ]]"
sun3d-home_md-home_md_scan9_2012_sep_30,14,32,0.0,30,0.5412612729094611,0.5465623686847464,0.023597505713154537,0.021478569427152712,"[[1. 0. 0. 0.]
 [0. 1. 0. 0.]
 [0. 0. 1. 0.]
 [0. 0. 0. 1.]]","[[ 0.99990728  0.01160974  0.00711611 -0.04102691]
 [-0.01132234  0.99916812 -0.03917743  0.06728072]
 [-0.00756503  0.03909323  0.99920693  0.03509541]
 [ 0.          0.          0.          1.        ]]"
sun3d-home_md-home_md_scan9_2012_sep_30,14,36,7.0,30,0.5768560662335733,0.6174619467592279,0.023943003992377924,0.023014062388554093,"[[-0.89108278 -0.3272083  -0.31449356  0.03311015]
 [ 0.00865641  0.68058015 -0.7326225   1.4692343 ]
 [ 0.45375824 -0.65554968 -0.6036208   3.46269   ]
 [ 0.          0.          0.          1.        ]]","[[-0.87377984 -0.29434683 -0.38712882  0.18654676]
 [ 0.08198549  0.6954851  -0.71384792  1.39783572]
 [ 0.4793612  -0.65548487 -0.58356869  3.42739928]
 [ 0.          0.          0.          1.        ]]"
sun3d-home_md-home_md_scan9_2012_sep_30,15,17,6.0,30,0.695314564488261,0.809065961988007,0.022604184266619944,0.0219926172461446,"[[ 0.66649208 -0.49647796  0.55614561 -1.13973147]
 [ 0.40514615  0.86742881  0.28883188  0.11681402]
 [-0.62581539  0.03281609  0.77928057  1.32427154]
 [ 0.          0.          0.          1.        ]]","[[ 0.64325764 -0.67063665  0.36941317 -0.93251494]
 [ 0.57459633  0.74171467  0.34597458  0.12128812]
 [-0.5060224  -0.01028734  0.86245899  1.26694386]
 [ 0.          0.          0.          1.        ]]"
sun3d-home_md-home_md_scan9_2012_sep_30,15,18,3.0,30,0.7551206190259445,0.7831232312837664,0.022875939257679907,0.021326194253340383,"[[ 0.21154031  0.97736548  0.00272384 -0.34888692]
 [-0.64211202  0.13687613  0.75429243 -1.08085778]
 [ 0.73684656 -0.16131226  0.65653294  1.75864166]
 [ 0.          0.          0.          1.        ]]","[[ 0.22408285  0.96896075  0.10441239 -0.41708072]
 [-0.59263518  0.05042847  0.80389086 -1.17565341]
 [ 0.77367333 -0.24201661  0.58554038  1.83122047]
 [ 0.          0.          0.          1.        ]]"
sun3d-home_md-home_md_scan9_2012_sep_30,15,19,4.0,30,0.608997565364666,0.6605694929607283,0.025113696094980435,0.023391490316023382,"[[ 0.17395095  0.53336765  0.82780434 -0.9241845 ]
 [ 0.32586759  0.76208349 -0.55949895 -0.05030384]
 [-0.92927465  0.36707998 -0.04124208  2.144948  ]
 [ 0.          0.          0.          1.        ]]","[[ 0.08574371  0.38280269  0.91984244 -0.99780544]
 [ 0.38860123  0.83727122 -0.38466347 -0.19090693]
 [-0.91740782  0.39043438 -0.07696685  2.19064774]
 [ 0.          0.          0.          1.        ]]"
sun3d-home_md-home_md_scan9_2012_sep_30,15,21,4.0,30,0.7039954980303883,0.8401097355092854,0.02386330548591758,0.021212718079064323,"[[-0.51724559 -0.83890679  0.16938833 -0.72728206]
 [-0.75744784  0.54086212  0.36570608 -0.20486483]
 [-0.39840904  0.06085703 -0.91518668  3.45308402]
 [ 0.          0.          0.          1.        ]]","[[-0.44829728 -0.86649288  0.21958971 -0.81174422]
 [-0.88005639  0.47088022  0.06142121 -0.02286199]
 [-0.15662149 -0.16571636 -0.97365692  3.50930077]
 [ 0.          0.          0.          1.        ]]"
sun3d-home_md-home_md_scan9_2012_sep_30,15,22,2.0,30,0.8276309829382456,0.8919220896874528,0.02175003853866103,0.021208580360006873,"[[ 0.17076322  0.31571207  0.93336264 -1.57432815]
 [ 0.98477673 -0.02346326 -0.17223317  0.42195581]
 [-0.03247636  0.9485649  -0.31491256  2.50561987]
 [ 0.          0.          0.          1.        ]]","[[ 0.22199572  0.24836767  0.94288462 -1.57643013]
 [ 0.97191823  0.02104754 -0.23437567  0.45182639]
 [-0.07805674  0.96843714 -0.2367206   2.3937311 ]
 [ 0.          0.          0.          1.        ]]"
sun3d-home_md-home_md_scan9_2012_sep_30,15,23,2.0,30,0.6107664381891577,0.7978651350545908,0.02549480874765328,0.022486829871100608,"[[-0.5937883   0.21637259 -0.77498281 -0.22378921]
 [ 0.26600229 -0.85622103 -0.44286377  0.43509899]
 [-0.75938016 -0.46911453  0.45085843  2.24021747]
 [ 0.          0.          0.          1.        ]]","[[-0.51125455  0.24801151 -0.82286638 -0.14543201]
 [ 0.45455089 -0.7345475  -0.50380895  0.52378553]
 [-0.72938486 -0.63160926  0.2628069   2.38167411]
 [ 0.          0.          0.          1.        ]]"
sun3d-home_md-home_md_scan9_2012_sep_30,15,24,3.0,30,0.6310448245116317,0.7306314338980303,0.024123850611718022,0.02297876277346075,"[[-0.71439097  0.26536233  0.64747848 -1.04003059]
 [-0.49525881 -0.84542144 -0.19995324 -0.08512483]
 [ 0.49433213 -0.46351421  0.73538447  2.02442077]
 [ 0.          0.          0.          1.        ]]","[[-0.70905212  0.1867635   0.67997389 -1.09847639]
 [-0.50938923 -0.80246319 -0.31076588 -0.06134512]
 [ 0.4876143  -0.56672058  0.66412354  2.09292659]
 [ 0.          0.          0.          1.        ]]"
sun3d-home_md-home_md_scan9_2012_sep_30,15,25,2.0,30,0.6864749391280378,0.7664354297790233,0.022627525772861805,0.021987616939384263,"[[-0.13902668 -0.9720392   0.18923896 -0.48391965]
 [ 0.31478086 -0.22456135 -0.92221755  1.2045515 ]
 [ 0.93892736 -0.06864404  0.33719935  2.15154122]
 [ 0.          0.          0.          1.        ]]","[[-0.17690515 -0.97659887  0.12230789 -0.49501957]
 [ 0.22812973 -0.16156986 -0.96013124  1.21507243]
 [ 0.95742435 -0.14195009  0.25137378  2.21687533]
 [ 0.          0.          0.          1.        ]]"
sun3d-home_md-home_md_scan9_2012_sep_30,15,28,2.0,30,0.7304477382259745,0.7652749312759245,0.021215028759984367,0.020501325444565323,"[[ 0.87048491 -0.48478029  0.08511222 -1.43983823]
 [ 0.33090181  0.44839694 -0.83032775  2.5252617 ]
 [ 0.36436247  0.75095157  0.55073745  0.56819061]
 [ 0.          0.          0.          1.        ]]","[[ 0.85993066 -0.50469853  0.07614889 -1.39719288]
 [ 0.31538568  0.40810707 -0.85672662  2.55758326]
 [ 0.40131176  0.76074175  0.51011847  0.6525917 ]
 [ 0.          0.          0.          1.        ]]"
sun3d-home_md-home_md_scan9_2012_sep_30,15,31,1.0,30,0.5640999933159548,0.6604616447207183,0.02534629146422209,0.02204646689051333,"[[-0.01949686  0.19299005 -0.98100699  1.32803696]
 [-0.52475444 -0.83715944 -0.15426228 -0.19687755]
 [-0.85103035  0.51178014  0.11759436  0.79370746]
 [ 0.          0.          0.          1.        ]]","[[ 0.09669983  0.19787629 -0.9754456   1.47407449]
 [-0.53274686 -0.8175389  -0.21865709 -0.09586687]
 [-0.84073178  0.54080968  0.0263621   0.90413033]
 [ 0.          0.          0.          1.        ]]"
sun3d-home_md-home_md_scan9_2012_sep_30,15,36,5.0,30,0.632251050093867,0.6562242541294688,0.0240349342570023,0.023454115693591095,"[[ 0.45167599 -0.67514325 -0.58324129  0.93790639]
 [-0.63538702  0.21549903 -0.74151433  1.40094423]
 [ 0.62631633  0.70550816 -0.33164152  2.64083625]
 [ 0.          0.          0.          1.        ]]","[[ 0.43062318 -0.69118369 -0.58036952  0.92130913]
 [-0.67559297  0.17952754 -0.71508321  1.31348684]
 [ 0.59844617  0.70002497 -0.38965012  2.76152967]
 [ 0.          0.          0.          1.        ]]"
sun3d-home_md-home_md_scan9_2012_sep_30,15,52,2.0,30,0.5828820950907522,0.6176750860435655,0.023365283991074334,0.022767907463826915,"[[-0.00245664  0.75908649 -0.65098515  0.79865444]
 [-0.50023584  0.5627493   0.65808611 -1.78357086]
 [ 0.86588572  0.32726279  0.37833979  2.12640078]
 [ 0.          0.          0.          1.        ]]","[[-0.02781128  0.7302969  -0.68256352  0.87270239]
 [-0.49771408  0.5820524   0.64303631 -1.75978406]
 [ 0.86689517  0.35760514  0.34729143  2.15170059]
 [ 0.          0.          0.          1.        ]]"
sun3d-home_md-home_md_scan9_2012_sep_30,15,53,8.0,30,0.6257465870307167,0.6777410409556314,0.024181622438563394,0.022648860626766805,"[[-0.73189726 -0.44271985  0.51800148 -1.32711397]
 [-0.68072884  0.50914593 -0.52666752  0.77140839]
 [-0.03057218 -0.73808506 -0.67401468  2.72241149]
 [ 0.          0.          0.          1.        ]]","[[-0.74792941 -0.44677587  0.4909103  -1.3229559 ]
 [-0.64434245  0.66633265 -0.37526472  0.65555116]
 [-0.15945034 -0.59698586 -0.78624644  2.84421597]
 [ 0.          0.          0.          1.        ]]"
sun3d-home_md-home_md_scan9_2012_sep_30,16,18,238.0,30,0.6082009063743049,0.7647384773703271,0.025148796219311577,0.02200966664487572,"[[ 0.69779595  0.43978848 -0.56539094  0.19081685]
 [ 0.11761707 -0.84896033 -0.5152015   0.25094289]
 [-0.70657416  0.29300589 -0.64412771  2.4324818 ]
 [ 0.          0.          0.          1.        ]]","[[ 0.79753749  0.47208684 -0.37559016  0.06873367]
 [ 0.16003407 -0.76584776 -0.62278914  0.40147652]
 [-0.58165543  0.43659046 -0.68634228  2.56393921]
 [ 0.          0.          0.          1.        ]]"
sun3d-home_md-home_md_scan9_2012_sep_30,16,19,16.0,30,0.8111781517942204,0.8912247274266963,0.024784277690047075,0.020513472129679983,"[[ 0.84789412  0.46657994  0.25175131 -0.31073421]
 [-0.18743795  0.70800326 -0.68088061  0.3157491 ]
 [-0.49592598  0.53012691  0.68776659  1.30612337]
 [ 0.          0.          0.          1.        ]]","[[ 0.87087177  0.34460579  0.35046999 -0.38511703]
 [-0.17377085  0.88286494 -0.43629485  0.0441826 ]
 [-0.45976739  0.3190554   0.82874459  1.24024876]
 [ 0.          0.          0.          1.        ]]"
sun3d-home_md-home_md_scan9_2012_sep_30,16,20,13.0,30,0.8175579241444232,0.889192554128329,0.02093140298474402,0.018552338095265197,"[[ 0.22264006 -0.86888143 -0.4421272  -0.14600217]
 [ 0.79581412 -0.09998089  0.59723003 -0.03906918]
 [-0.56312635 -0.4848184   0.66920836  1.72508466]
 [ 0.          0.          0.          1.        ]]","[[ 0.26282019 -0.94239155 -0.20693894 -0.35415355]
 [ 0.66677501  0.02237748  0.74492304 -0.11456856]
 [-0.6973784  -0.33376252  0.63424439  1.73111925]
 [ 0.          0.          0.          1.        ]]"
sun3d-home_md-home_md_scan9_2012_sep_30,16,21,4.0,30,0.8254783342712436,0.880908835115363,0.02320770108005773,0.021732179559563847,"[[ 0.27874677 -0.9264152  -0.25309113 -0.25347841]
 [-0.47986682 -0.36263738  0.79888796 -0.62709617]
 [-0.83188225 -0.1012374  -0.54563991  2.63834558]
 [ 0.          0.          0.          1.        ]]","[[ 0.39583379 -0.9135764  -0.09324035 -0.37324025]
 [-0.61618158 -0.33951039  0.71067078 -0.59398873]
 [-0.68090812 -0.22385452 -0.69731864  2.77485553]
 [ 0.          0.          0.          1.        ]]"
sun3d-home_md-home_md_scan9_2012_sep_30,16,22,77.0,30,0.495817605314812,0.6623282500377472,0.02246657441389359,0.02096322646679359,"[[ 0.36525089  0.10331266  0.92515852 -1.2088671 ]
 [-0.76758963  0.59570481  0.23652049  0.12245789]
 [-0.52668582 -0.7965314   0.29688344  2.25541869]
 [ 0.          0.          0.          1.        ]]","[[ 0.52147803  0.22780714  0.82229226 -1.05309275]
 [-0.69964404  0.66580059  0.25924466  0.12195263]
 [-0.48842489 -0.71050228  0.50658429  2.02656923]
 [ 0.          0.          0.          1.        ]]"
sun3d-home_md-home_md_scan9_2012_sep_30,16,24,3.0,30,0.6830023506525087,0.7954770203453028,0.023881156509490502,0.022073108699670215,"[[-0.10829657 -0.69181027  0.71391205 -1.27381965]
 [ 0.24538131 -0.71451744 -0.65517391  0.71669251]
 [ 0.96335864  0.10422759  0.2471371   2.13462843]
 [ 0.          0.          0.          1.        ]]","[[-0.10293136 -0.68036501  0.72560911 -1.20822902]
 [ 0.2159438  -0.72737032 -0.65138368  0.76313101]
 [ 0.9709652   0.08964298  0.22178982  2.12335998]
 [ 0.          0.          0.          1.        ]]"
sun3d-home_md-home_md_scan9_2012_sep_30,16,25,14.0,30,0.6816511232599807,0.7370101529838746,0.024653821780543393,0.024481784897599935,"[[ 0.93562784  0.11034132 -0.33529888 -0.05759144]
 [ 0.3060967  -0.72669193  0.6149989  -0.69861811]
 [-0.17579919 -0.67804397 -0.71368832  2.7684209 ]
 [ 0.          0.          0.          1.        ]]","[[ 0.93374794  0.15864597 -0.32085236 -0.09704577]
 [ 0.33925525 -0.67804468  0.65204394 -0.70314736]
 [-0.11410809 -0.71769553 -0.6869443   2.73729578]
 [ 0.          0.          0.          1.        ]]"
sun3d-home_md-home_md_scan9_2012_sep_30,16,37,37.0,30,0.5150632387234568,0.6299826375015437,0.024864506106177277,0.022702328471484956,"[[-0.71585162  0.65823971 -0.23297413  0.34210029]
 [-0.60454485 -0.41730761  0.678513   -1.1903355 ]
 [ 0.34940232  0.62655794  0.69666575  0.47545871]
 [ 0.          0.          0.          1.        ]]","[[-0.71894316  0.67446316 -0.16798861  0.26646322]
 [-0.62652347 -0.52417625  0.57680811 -0.94189048]
 [ 0.30098018  0.51994105  0.79941993  0.37560239]
 [ 0.          0.          0.          1.        ]]"
sun3d-home_md-home_md_scan9_2012_sep_30,16,38,5.0,30,0.20740378681550334,0.2336313343418401,0.025381460635198264,0.02470044862111413,"[[-0.046133   -0.77420423 -0.63125238  0.92072705]
 [ 0.64563659  0.45908942 -0.6102379   1.03228436]
 [ 0.76225005 -0.43571174  0.47867541  0.83667843]
 [ 0.          0.          0.          1.        ]]","[[-0.10900763 -0.80608735 -0.58167045  0.80168608]
 [ 0.64311297  0.38900275 -0.65960789  1.16921547]
 [ 0.75797298 -0.44598211  0.47600096  0.85501128]
 [ 0.          0.          0.          1.        ]]"
sun3d-home_md-home_md_scan9_2012_sep_30,16,57,2.0,30,0.287688978467683,0.3016380299099139,0.023239796802794133,0.022681412922155423,"[[-0.72421115 -0.31958804  0.61104967 -1.88700915]
 [ 0.08013364  0.84111389  0.5348888  -1.14139002]
 [-0.68490643  0.43633806 -0.5835343   2.90079872]
 [ 0.          0.          0.          1.        ]]","[[-0.74939731 -0.33401647  0.57169632 -1.82531883]
 [-0.03789719  0.88365465  0.46660289 -1.03713539]
 [-0.66103516  0.32800527 -0.6748667   3.08512817]
 [ 0.          0.          0.          1.        ]]"
sun3d-home_md-home_md_scan9_2012_sep_30,16,58,37.0,30,0.35797482590374047,0.36310770823832755,0.02345467609623235,0.02354649614467171,"[[ 0.30508537 -0.72347921  0.61927438 -1.32508004]
 [ 0.92763262  0.37288199 -0.02137142  0.0570787 ]
 [-0.21545449  0.58097922  0.78488375  0.67033089]
 [ 0.          0.          0.          1.        ]]","[[ 0.30673934 -0.74053693  0.59792644 -1.27178469]
 [ 0.92973639  0.36758576 -0.02170149  0.04701861]
 [-0.20371849  0.56257067  0.80125715  0.631059  ]
 [ 0.          0.          0.          1.        ]]"
sun3d-home_md-home_md_scan9_2012_sep_30,17,19,9.0,30,0.6179951307293321,0.704583465650471,0.023035991812207068,0.021640235379935074,"[[-0.97670552 -0.17754124  0.12052149 -0.14223583]
 [ 0.16580953 -0.26790186  0.94907102 -0.97339459]
 [-0.13621132  0.94694652  0.29109925  0.75202415]
 [ 0.          0.          0.          1.        ]]","[[-0.94802057 -0.02717301  0.31704671 -0.36803292]
 [ 0.31054902 -0.29630359  0.90319626 -0.92898537]
 [ 0.06939952  0.95470719  0.28934045  0.75258317]
 [ 0.          0.          0.          1.        ]]"
sun3d-home_md-home_md_scan9_2012_sep_30,17,20,16.0,30,0.9636816373629711,0.9833591448786857,0.018768271940673004,0.014892356473473478,"[[ 0.93406475 -0.16709448  0.3155986  -0.41415105]
 [ 0.06633251  0.94957771  0.30643461 -0.29655525]
 [-0.35088893 -0.26529532  0.89805086  0.3381931 ]
 [ 0.          0.          0.          1.        ]]","[[ 0.88165677 -0.21241968  0.42137777 -0.50090032]
 [ 0.11255917  0.96184613  0.2493641  -0.24994774]
 [-0.45827042 -0.17242361  0.87192793  0.41577637]
 [ 0.          0.          0.          1.        ]]"
sun3d-home_md-home_md_scan9_2012_sep_30,17,21,8.0,30,0.8459482273494654,0.9471370287000562,0.02170170072096474,0.02020180412830435,"[[-0.89992182  0.21721172  0.37810023 -0.51587953]
 [ 0.36620591 -0.0942375   0.92574971 -0.73321951]
 [ 0.23671491  0.9715649   0.00526217  1.01206998]
 [ 0.          0.          0.          1.        ]]","[[-0.92340783  0.10629332  0.36880849 -0.51069815]
 [ 0.32591306 -0.29038388  0.89969877 -0.66875839]
 [ 0.20272801  0.9509884   0.23350037  0.88218044]
 [ 0.          0.          0.          1.        ]]"
sun3d-home_md-home_md_scan9_2012_sep_30,17,22,14.0,30,0.8587649101615582,0.9125773818511249,0.022116109568714713,0.019929586770555997,"[[ 0.95413311  0.18426577 -0.2359579   0.32323095]
 [ 0.0559148  -0.88395989 -0.46420733  0.29186617]
 [-0.29411484  0.42972205 -0.85371858  1.47058547]
 [ 0.          0.          0.          1.        ]]","[[ 0.95077168  0.15649957 -0.26747167  0.35036214]
 [ 0.0331186  -0.90948313 -0.41441958  0.24278366]
 [-0.30811746  0.38516012 -0.86989385  1.54841523]
 [ 0.          0.          0.          1.        ]]"
sun3d-home_md-home_md_scan9_2012_sep_30,17,23,11.0,30,0.7442767738614505,0.9017366096827504,0.022208593235312594,0.021464271726029986,"[[-0.98038135  0.12653165 -0.15113622 -0.33787452]
 [ 0.18957681  0.81524116 -0.54721338  0.13603928]
 [ 0.05397265 -0.56512971 -0.82323469  1.90853542]
 [ 0.          0.          0.          1.        ]]","[[-0.9338188   0.24434038 -0.26130486 -0.29642993]
 [ 0.3066736   0.92285214 -0.23301339 -0.07707394]
 [ 0.18421117 -0.29772759 -0.93670941  1.99123904]
 [ 0.          0.          0.          1.        ]]"
sun3d-home_md-home_md_scan9_2012_sep_30,17,24,4.0,13,0.5354786414849639,0.5366134392477911,0.024003970407072032,0.02395975665197409,"[[ 0.32109056  0.39974764  0.85854684 -0.97309681]
 [-0.176596    0.91592236 -0.36041655  0.23201224]
 [-0.93043791 -0.03588958  0.36468786  0.71480854]
 [ 0.          0.          0.          1.        ]]","[[ 0.29712735  0.3891302   0.87194783 -0.99145721]
 [-0.18901728  0.91908861 -0.34575799  0.22036447]
 [-0.9359422  -0.06207906  0.3466387   0.73393557]
 [ 0.          0.          0.          1.        ]]"
sun3d-home_md-home_md_scan9_2012_sep_30,17,25,11.0,30,0.6219276887030827,0.7460375798226674,0.0234115664423478,0.02269338799411563,"[[ 0.75635549 -0.58697715 -0.28876322  0.24283991]
 [-0.56246257 -0.80892981  0.17108019 -0.31858402]
 [-0.33400934  0.03302106 -0.94199117  1.96782411]
 [ 0.          0.          0.          1.        ]]","[[ 0.79929787 -0.5639558  -0.20754945  0.13128375]
 [-0.52579069 -0.82354754  0.2128699  -0.35491562]
 [-0.29097605 -0.06101889 -0.95478251  1.91408583]
 [ 0.          0.          0.          1.        ]]"
sun3d-home_md-home_md_scan9_2012_sep_30,17,27,2.0,30,0.21679375004184046,0.2560166558439385,0.024840966221947116,0.022900954839019813,"[[ 0.62065122  0.40041938  0.6741338  -1.55629432]
 [ 0.17443661  0.76770949 -0.61659874  1.97275909]
 [-0.764437    0.50028637  0.40663203  0.05514285]
 [ 0.          0.          0.          1.        ]]","[[ 0.68887989  0.32909616  0.64586393 -1.56277898]
 [ 0.20815851  0.76366018 -0.61114087  1.94567871]
 [-0.69434468  0.55544473  0.45756598 -0.09728499]
 [ 0.          0.          0.          1.        ]]"
sun3d-home_md-home_md_scan9_2012_sep_30,17,28,1.0,30,0.3151934416597301,0.36489161531305303,0.024780019450439304,0.023427636313706916,"[[ 0.33207899 -0.5144888   0.79058511 -2.77249988]
 [-0.37983913 -0.84012697 -0.38718073  1.17268319]
 [ 0.86339202 -0.17172057 -0.47441149  2.03968434]
 [ 0.          0.          0.          1.        ]]","[[ 0.27453962 -0.53813707  0.79689177 -2.74373194]
 [-0.50816359 -0.78475261 -0.35487056  1.18749271]
 [ 0.8163319  -0.30752536 -0.48890734  2.04295908]
 [ 0.          0.          0.          1.        ]]"
sun3d-home_md-home_md_scan9_2012_sep_30,17,30,2.0,30,0.4868032805070143,0.5483386701966382,0.023390276392636977,0.021552168864944498,"[[-0.07662376  0.79761731 -0.59827704  1.01151878]
 [-0.24240701  0.5671348   0.78714481 -2.44545595]
 [ 0.96714406  0.20534055  0.14989203 -0.24559006]
 [ 0.          0.          0.          1.        ]]","[[ 0.00957108  0.75847966 -0.65162642  1.17194294]
 [-0.36145381  0.61021782  0.70497188 -2.13117704]
 [ 0.93234089  0.22878551  0.2799958  -0.58532515]
 [ 0.          0.          0.          1.        ]]"
sun3d-home_md-home_md_scan9_2012_sep_30,17,31,7.0,30,0.3252790588864381,0.37545395806875653,0.024261247785901364,0.022751095789100898,"[[ 0.66787166 -0.56948237 -0.47920484  0.44768014]
 [ 0.72879577  0.63102733  0.26582182  0.17084083]
 [ 0.15101051 -0.52677732  0.83648161  0.3119907 ]
 [ 0.          0.          0.          1.        ]]","[[ 0.65256588 -0.52058857 -0.55058633  0.50464797]
 [ 0.74679461  0.56487724  0.35101498  0.01374278]
 [ 0.1282793  -0.6402353   0.75739235  0.34315249]
 [ 0.          0.          0.          1.        ]]"
sun3d-home_md-home_md_scan9_2012_sep_30,17,32,4.0,30,0.09517729579467951,0.11399376151533762,0.024102725192789477,0.02217317558243376,"[[ 0.74523374 -0.34247919 -0.57213169  0.4312898 ]
 [ 0.6557197   0.53219107  0.53554117 -0.73747928]
 [ 0.12107167 -0.77426137  0.6211771   0.1898533 ]
 [ 0.          0.          0.          1.        ]]","[[ 0.62776763 -0.37537947 -0.68190766  0.56366322]
 [ 0.74183566  0.55385979  0.37804653 -0.49684576]
 [ 0.23577033 -0.74318879  0.62616513  0.23618078]
 [ 0.          0.          0.          1.        ]]"
sun3d-home_md-home_md_scan9_2012_sep_30,17,34,12.0,30,0.44884414734927647,0.47839058087777797,0.022771981191360174,0.02287716888700794,"[[-0.90268649  0.419995   -0.09360185  0.03440987]
 [-0.33868191 -0.55929739  0.75662474 -0.92464418]
 [ 0.26542734  0.71469618  0.6471149   0.48380898]
 [ 0.          0.          0.          1.        ]]","[[-0.89895994  0.4286321  -0.09025275  0.04802507]
 [-0.3811721  -0.66396648  0.64331668 -0.80400856]
 [ 0.21582137  0.61271775  0.76026186  0.34093203]
 [ 0.          0.          0.          1.        ]]"
sun3d-home_md-home_md_scan9_2012_sep_30,17,35,134.0,30,0.20831749690423354,0.26697154346946533,0.024559481911411156,0.023503984106952286,"[[ 0.75814379  0.40817316 -0.50853973  0.96951472]
 [-0.06772931 -0.72635611 -0.68397335  1.89061375]
 [-0.64856051  0.55299319 -0.52303709  2.40171352]
 [ 0.          0.          0.          1.        ]]","[[ 0.7458438   0.56957472 -0.34540074  0.49148867]
 [-0.08897298 -0.42869683 -0.89905663  2.37289928]
 [-0.66015213  0.70128715 -0.26906411  1.7806281 ]
 [ 0.          0.          0.          1.        ]]"
sun3d-home_md-home_md_scan9_2012_sep_30,17,36,3.0,30,0.36362961062114235,0.4271822368687619,0.024804106289346393,0.023526339598995947,"[[ 0.27279984 -0.80626547 -0.52489641  0.94670892]
 [-0.8939105  -0.01072041 -0.44811727  0.51378708]
 [ 0.35567438  0.59145673 -0.72365369  2.57062952]
 [ 0.          0.          0.          1.        ]]","[[ 0.33536554 -0.68252858 -0.64937254  1.1640878 ]
 [-0.8643208   0.05132068 -0.50031565  0.58624028]
 [ 0.37480596  0.72905482 -0.57271246  2.24613256]
 [ 0.          0.          0.          1.        ]]"
sun3d-home_md-home_md_scan9_2012_sep_30,17,37,4.0,30,0.36362447603757275,0.45709864659687766,0.023241462353399255,0.021213307665400315,"[[-0.25588365  0.94690104  0.19468431 -0.45646549]
 [-0.84113194 -0.31734238  0.43793934 -0.3228899 ]
 [ 0.4764668  -0.05169367  0.87767144 -0.81808297]
 [ 0.          0.          0.          1.        ]]","[[-0.41782671  0.88886058  0.18800985 -0.31393658]
 [-0.76231736 -0.4555768   0.45969775 -0.36175394]
 [ 0.49426014  0.04875082  0.86794601 -0.75879979]
 [ 0.          0.          0.          1.        ]]"
sun3d-home_md-home_md_scan9_2012_sep_30,17,40,3.0,30,0.22555059693301718,0.23412061532939174,0.02175007202033519,0.021892581129127356,"[[ 0.90533998 -0.0309977  -0.4235548   0.46061429]
 [-0.07983029 -0.99197561 -0.09803828 -0.63272248]
 [-0.41711707  0.12257048 -0.90054974  3.97968642]
 [ 0.          0.          0.          1.        ]]","[[ 0.90326669 -0.06532399 -0.42407789  0.46331956]
 [-0.0899337  -0.99521281 -0.0382544  -0.78820832]
 [-0.41954882  0.07269281 -0.90481741  3.92456488]
 [ 0.          0.          0.          1.        ]]"
sun3d-home_md-home_md_scan9_2012_sep_30,17,44,2.0,30,0.08033632680743867,0.12058472662092687,0.02480752155789166,0.024310620575432228,"[[-0.94383761  0.33036543  0.00540924 -0.25797765]
 [ 0.03134581  0.07323197  0.99682221 -3.06003109]
 [ 0.32891946  0.94100785 -0.07947466  2.05975102]
 [ 0.          0.          0.          1.        ]]","[[-0.85087645  0.5151889  -0.10290612  0.17577572]
 [-0.02463546  0.15653329  0.98736539 -3.01807631]
 [ 0.52478792  0.8426611  -0.12049858  2.12196969]
 [ 0.          0.          0.          1.        ]]"
sun3d-home_md-home_md_scan9_2012_sep_30,17,47,2.0,30,0.1968521206514284,0.21830985915492956,0.023088235059982476,0.022346369388271146,"[[ 0.27732108  0.9039787   0.32544666 -0.66681488]
 [-0.86892412  0.38051575 -0.31651009  0.8222998 ]
 [-0.40995595 -0.19501354  0.89101394 -0.95663245]
 [ 0.          0.          0.          1.        ]]","[[ 0.46193108  0.84486485  0.26985747 -0.59502519]
 [-0.85840927  0.50240756 -0.10353824  0.3711668 ]
 [-0.22305426 -0.18382062  0.95731749 -1.15824012]
 [ 0.          0.          0.          1.        ]]"
sun3d-home_md-home_md_scan9_2012_sep_30,17,49,1.0,30,0.20704915822321532,0.2318160804407289,0.024976208946478312,0.02366335868870582,"[[ 0.96947768  0.03269091  0.24299038 -0.68269635]
 [-0.07988578  0.97910603  0.18700171  0.15083558]
 [-0.23180009 -0.20070546  0.95183299 -0.63732399]
 [ 0.          0.          0.          1.        ]]","[[ 0.93661449 -0.01641321  0.34997699 -0.86697349]
 [-0.06968834  0.97021569  0.23200227  0.04876484]
 [-0.34336107 -0.241686    0.90757427 -0.54198428]
 [ 0.          0.          0.          1.        ]]"
sun3d-home_md-home_md_scan9_2012_sep_30,17,53,12.0,30,0.5911902730375427,0.6612094709897611,0.02290520794465951,0.022454623387258874,"[[-0.69641616  0.58744121  0.41221033 -0.78410601]
 [ 0.34934141 -0.2242411   0.90976728 -0.89878623]
 [ 0.62686929  0.77757877 -0.04905242  1.37304939]
 [ 0.          0.          0.          1.        ]]","[[-0.66640813  0.58783479  0.4586398  -0.81285188]
 [ 0.28126469 -0.37148537  0.88481003 -0.93397109]
 [ 0.6905001   0.71864378  0.0822237   1.21119591]
 [ 0.          0.          0.          1.        ]]"
sun3d-home_md-home_md_scan9_2012_sep_30,17,54,1.0,30,0.26438733537114606,0.31148345220574364,0.02420574121400324,0.02136015955245437,"[[-0.89950038  0.15999519 -0.40657177 -0.03459989]
 [ 0.21420599  0.97252159 -0.09120062 -0.21810104]
 [ 0.38080816 -0.1691251  -0.90905547  2.24458364]
 [ 0.          0.          0.          1.        ]]","[[-0.95534473  0.08171719 -0.28396963 -0.14085405]
 [ 0.11798632  0.9865608  -0.11303545 -0.12407863]
 [ 0.27091637 -0.14149235 -0.95214717  2.3067678 ]
 [ 0.          0.          0.          1.        ]]"
sun3d-home_md-home_md_scan9_2012_sep_30,17,56,2.0,30,0.21511908103441885,0.22294660021925528,0.024755702836006276,0.024629236053113183,"[[ 0.75367305  0.58101105  0.30725086 -0.22013882]
 [-0.64305655  0.55523693  0.52743741 -1.537596  ]
 [ 0.13584993 -0.59509504  0.79209008  0.04001918]
 [ 0.          0.          0.          1.        ]]","[[ 0.78195741  0.56298194  0.26757045 -0.12515737]
 [-0.61100742  0.60734808  0.50773835 -1.43924099]
 [ 0.12333912 -0.5605173   0.81890648 -0.00812509]
 [ 0.          0.          0.          1.        ]]"
sun3d-home_md-home_md_scan9_2012_sep_30,17,57,1.0,30,0.11384549142753211,0.12796899880850307,0.0257479533447393,0.024607009704703097,"[[-0.46562728  0.50361596  0.72771025 -2.09370232]
 [ 0.32027658  0.86244603 -0.39193081  0.60662726]
 [-0.82499342  0.05057487 -0.56287479  1.68849391]
 [ 0.          0.          0.          1.        ]]","[[-0.62134275  0.59554482  0.50917537 -1.82266375]
 [ 0.32883509  0.78804196 -0.52043958  0.84755039]
 [-0.71119665 -0.15593663 -0.68548019  2.08157666]
 [ 0.          0.          0.          1.        ]]"
sun3d-home_md-home_md_scan9_2012_sep_30,17,58,7.0,30,0.21799834732846676,0.23673319641075402,0.024628121639405046,0.02343945188525683,"[[-0.97436756  0.06144255  0.21640859 -1.06829816]
 [ 0.16016261 -0.48605857  0.85912456 -1.67738136]
 [ 0.15797406  0.87176366  0.4637589   0.31024952]
 [ 0.          0.          0.          1.        ]]","[[-0.98935476  0.03338752  0.14164193 -0.96047969]
 [ 0.11105497 -0.45577196  0.88314139 -1.69421775]
 [ 0.09404233  0.88947018  0.4472123   0.33551342]
 [ 0.          0.          0.          1.        ]]"
sun3d-home_md-home_md_scan9_2012_sep_30,18,20,6.0,30,0.867480489508366,0.9144271355257964,0.02254690740287646,0.02106222198454489,"[[ 0.46101327  0.69976119  0.5457115  -0.47075853]
 [-0.15641364  0.66940944 -0.72624085  0.49969379]
 [-0.87349959  0.24944994  0.41805883  0.6283814 ]
 [ 0.          0.          0.          1.        ]]","[[ 0.59201908  0.67370318  0.4423092  -0.37436508]
 [-0.26789989  0.6821217  -0.68039668  0.42825851]
 [-0.76009411  0.28431323  0.58431407  0.49547059]
 [ 0.          0.          0.          1.        ]]"
sun3d-home_md-home_md_scan9_2012_sep_30,18,21,7.0,30,0.955156162070906,0.9677476083286438,0.01773805418092151,0.01677165421355876,"[[-0.74328836  0.61383582  0.26594736 -0.31131309]
 [-0.65755039 -0.74352945 -0.12162008 -0.0680013 ]
 [ 0.12308493 -0.26527257  0.95628477  0.27597867]
 [ 0.          0.          0.          1.        ]]","[[-0.7684177   0.58901778  0.25018454 -0.29051089]
 [-0.61573686 -0.78702224 -0.03826379 -0.10630688]
 [ 0.17436274 -0.18345042  0.96744177  0.2807721 ]
 [ 0.          0.          0.          1.        ]]"
sun3d-home_md-home_md_scan9_2012_sep_30,18,22,16.0,30,0.8226483466706931,0.9486335497508682,0.02283092566726341,0.019958301072874808,"[[ 0.98959954 -0.02168462 -0.14220597  0.1305045 ]
 [ 0.078025   -0.74960161  0.65727431 -0.64527724]
 [-0.12085056 -0.66153397 -0.74011347  1.6313431 ]
 [ 0.          0.          0.          1.        ]]","[[ 0.97380476 -0.03282851 -0.22500349  0.13951237]
 [ 0.11825459 -0.77206394  0.62444626 -0.6144803 ]
 [-0.19421672 -0.63469644 -0.74795742  1.55481362]
 [ 0.          0.          0.          1.        ]]"
sun3d-home_md-home_md_scan9_2012_sep_30,18,23,3.0,30,0.5674460188019832,0.6435479938229796,0.023815470696980572,0.022504748603063972,"[[ 0.5494694  -0.09782199  0.82976758 -0.93458517]
 [-0.78583735 -0.39784334  0.47347686 -0.43883039]
 [ 0.28380106 -0.9122234  -0.29547491  1.46118263]
 [ 0.          0.          0.          1.        ]]","[[ 0.35519343 -0.01139945  0.93472332 -1.03012382]
 [-0.89469141 -0.29387769  0.33639737 -0.36116489]
 [ 0.27085958 -0.95577506 -0.11458241  1.34825657]
 [ 0.          0.          0.          1.        ]]"
sun3d-home_md-home_md_scan9_2012_sep_30,18,24,16.0,30,0.6146388911404718,0.7075301937261895,0.025783908117869098,0.024993617844407214,"[[ 0.36405315 -0.470215   -0.80396714  0.65036493]
 [-0.84636925  0.19327083 -0.49629172  0.2367726 ]
 [ 0.38874721  0.86112963 -0.32761466  1.48924575]
 [ 0.          0.          0.          1.        ]]","[[ 0.35785508 -0.39350468 -0.84681392  0.73131022]
 [-0.85918542  0.21640901 -0.46364593  0.18265408]
 [ 0.365705    0.89348823 -0.26065042  1.35580447]
 [ 0.          0.          0.          1.        ]]"
sun3d-home_md-home_md_scan9_2012_sep_30,18,25,20.0,30,0.7815730233840217,0.8028896954104837,0.02171879398278839,0.020340153699931605,"[[ 0.98599568  0.05232944 -0.15834816  0.00719458]
 [ 0.03667453 -0.99428915 -0.1002201   0.13276696]
 [-0.16268832  0.09300924 -0.98228397  1.9138695 ]
 [ 0.          0.          0.          1.        ]]","[[ 0.99290486  0.09791054 -0.06747936 -0.09153229]
 [ 0.0835701  -0.97826598 -0.18976754  0.19886284]
 [-0.084593    0.18278185 -0.97950744  1.87113614]
 [ 0.          0.          0.          1.        ]]"
sun3d-home_md-home_md_scan9_2012_sep_30,18,26,5.0,30,0.21390901771336554,0.23921765968867417,0.023943633093401796,0.0227740572170801,"[[-0.97313104 -0.07049291 -0.21919564  0.10167646]
 [ 0.22944597 -0.3764721  -0.89756521  0.8024773 ]
 [-0.01924906 -0.92374212  0.382531    0.57016659]
 [ 0.          0.          0.          1.        ]]","[[-0.92781259  0.00359581 -0.37302932  0.24159559]
 [ 0.37072813 -0.10242467 -0.92307629  0.86153768]
 [-0.04152662 -0.99473426  0.09369783  0.84525658]
 [ 0.          0.          0.          1.        ]]"
sun3d-home_md-home_md_scan9_2012_sep_30,18,27,3.0,30,0.2469724254738012,0.2776531862334898,0.022089377349073094,0.021323949856525967,"[[-0.66142466 -0.65293478  0.36904415 -1.86681153]
 [-0.73314628  0.45910497 -0.50171621  1.24732064]
 [ 0.15815796 -0.60241082 -0.78236006  3.04825475]
 [ 0.          0.          0.          1.        ]]","[[-0.60255182 -0.67189956  0.43067654 -1.9756764 ]
 [-0.76890884  0.3441774  -0.53881454  1.31274217]
 [ 0.21380012 -0.65581468 -0.72401423  2.84233376]
 [ 0.          0.          0.          1.        ]]"
sun3d-home_md-home_md_scan9_2012_sep_30,18,28,4.0,30,0.3021690927023076,0.3671089722515616,0.023791944164649883,0.020969575948353737,"[[-0.82318734 -0.35550267  0.44269679 -0.76248247]
 [ 0.3849829  -0.92258499 -0.02500217 -0.39199063]
 [ 0.41731375  0.14984922  0.89632273 -1.61578395]
 [ 0.          0.          0.          1.        ]]","[[-0.71830233 -0.48074179  0.50292056 -1.05258332]
 [ 0.53106748 -0.84585036 -0.0500449  -0.46500307]
 [ 0.44945421  0.23113739  0.86288262 -1.60221003]
 [ 0.          0.          0.          1.        ]]"
sun3d-home_md-home_md_scan9_2012_sep_30,18,30,8.0,30,0.48576795367651954,0.5779416223571434,0.021600901182973708,0.021504847742167755,"[[ 0.85392176 -0.51932462 -0.0334598  -0.54639825]
 [-0.48843842 -0.77762953 -0.39587905  2.05836071]
 [ 0.17957041  0.35439279 -0.91769288  3.33223633]
 [ 0.          0.          0.          1.        ]]","[[ 0.80677385 -0.58769963 -0.06103355 -0.42206246]
 [-0.58954216 -0.79377181 -0.14955384  1.45271316]
 [ 0.03944602  0.15663798 -0.98686805  3.79813463]
 [ 0.          0.          0.          1.        ]]"
sun3d-home_md-home_md_scan9_2012_sep_30,18,31,6.0,30,0.2810083996167814,0.3383018069202148,0.022966131059907233,0.02057365590041611,"[[-4.27810851e-01 -8.18311333e-01  3.83854710e-01 -8.67121135e-01]
 [ 8.79940563e-01 -4.74131744e-01 -3.00615260e-02  6.38532494e-01]
 [ 2.06597391e-01  3.24908682e-01  9.22904040e-01 -6.79279274e-04]
 [ 0.00000000e+00  0.00000000e+00  0.00000000e+00  1.00000000e+00]]","[[-0.34152181 -0.72354956  0.59986572 -1.12825551]
 [ 0.91876953 -0.39150513  0.0508555   0.54189618]
 [ 0.19805404  0.56850661  0.79848283  0.20519225]
 [ 0.          0.          0.          1.        ]]"
sun3d-home_md-home_md_scan9_2012_sep_30,18,32,2.0,30,0.1892879076833565,0.239123056534247,0.025271335040730813,0.022697755597888877,"[[-0.38889602 -0.31721368  0.86494819 -2.78499857]
 [-0.25803751 -0.86377115 -0.43280024  0.59244449]
 [ 0.88440745 -0.39150337  0.25406414  0.75418091]
 [ 0.          0.          0.          1.        ]]","[[-0.58058032 -0.38970792  0.71488057 -2.54829797]
 [-0.1053657  -0.83466839 -0.54058001  1.03428741]
 [ 0.80735652 -0.38917401  0.4435302   0.15614295]
 [ 0.          0.          0.          1.        ]]"
sun3d-home_md-home_md_scan9_2012_sep_30,18,33,2.0,30,0.18939132374735076,0.2084393475016068,0.02114777722585972,0.019570419045924208,"[[ 0.01743715  0.9973708  -0.07033802 -0.19977293]
 [-0.77603116  0.05785864  0.62803504 -1.0871682 ]
 [ 0.63045347  0.04363335  0.77499971  0.41823504]
 [ 0.          0.          0.          1.        ]]","[[ 0.04204247  0.99754619  0.05598235 -0.33663597]
 [-0.8189196   0.00230659  0.57390362 -0.95885385]
 [ 0.57236624 -0.06997337  0.81700711  0.3620308 ]
 [ 0.          0.          0.          1.        ]]"
sun3d-home_md-home_md_scan9_2012_sep_30,18,34,9.0,30,0.44972160622836266,0.471945246565945,0.022906082101074733,0.02170788929017339,"[[ 0.80524877 -0.59048202 -0.05390182 -0.17832686]
 [-0.58408752 -0.80559334  0.09930333 -0.218272  ]
 [-0.10205978 -0.04848051 -0.99359622  1.90119593]
 [ 0.          0.          0.          1.        ]]","[[ 0.80493792 -0.58538906  0.09692565 -0.30450807]
 [-0.59053132 -0.77441298  0.22706232 -0.30532885]
 [-0.05785932 -0.2400087  -0.96904495  1.83089865]
 [ 0.          0.          0.          1.        ]]"
sun3d-home_md-home_md_scan9_2012_sep_30,18,36,6.0,30,0.38268661957564054,0.3971785902405424,0.02291744657049433,0.021606080863408476,"[[-0.35422771  0.88356558  0.30632434 -0.9536973 ]
 [-0.91296395 -0.39768355  0.09134884  0.03581936]
 [ 0.20253284 -0.2473048   0.94753406 -0.72536112]
 [ 0.          0.          0.          1.        ]]","[[-0.37667835  0.86910726  0.32057136 -0.99481762]
 [-0.88527042 -0.43963924  0.15170242 -0.09674503]
 [ 0.27278142 -0.22664932  0.93499753 -0.7438033 ]
 [ 0.          0.          0.          1.        ]]"
sun3d-home_md-home_md_scan9_2012_sep_30,18,37,3.0,30,0.21562915446811912,0.2292140381974966,0.024626143931331494,0.0238173130035668,"[[-0.23332449  0.10864608 -0.96631036  1.83848475]
 [ 0.44677425 -0.8706616  -0.20576965 -0.23198169]
 [-0.86368539 -0.47973369  0.1546064   1.84448258]
 [ 0.          0.          0.          1.        ]]","[[-0.30388717  0.18970395 -0.93363001  1.86830653]
 [ 0.37818989 -0.87543458 -0.30097625  0.07518178]
 [-0.87442838 -0.44455225  0.19428922  1.76412908]
 [ 0.          0.          0.          1.        ]]"
sun3d-home_md-home_md_scan9_2012_sep_30,18,39,1.0,30,0.11606338295179804,0.12461653609607894,0.024193961813025865,0.022604018555979356,"[[-0.86904365  0.49391659  0.02845245 -1.02357005]
 [ 0.20736293  0.41586225 -0.88547118  2.59847058]
 [-0.44918121 -0.76361311 -0.46382244  2.00067076]
 [ 0.          0.          0.          1.        ]]","[[-0.85112121  0.52149234  0.06031935 -1.04401167]
 [ 0.12372723  0.31093165 -0.94234446  2.66890792]
 [-0.51018062 -0.79458621 -0.32916333  1.54884794]
 [ 0.          0.          0.          1.        ]]"
sun3d-home_md-home_md_scan9_2012_sep_30,18,40,2.0,30,0.1400644045683755,0.17334354970645185,0.02626463925939207,0.02659162256647915,"[[ 0.44884626 -0.84978464 -0.27641112  0.54078339]
 [-0.42215214  0.07098595 -0.90374142  1.99932483]
 [ 0.78760688  0.52232851 -0.32687663  2.51258114]
 [ 0.          0.          0.          1.        ]]","[[ 0.26576242 -0.92905414 -0.25734945  0.32697988]
 [-0.52644817  0.08376865 -0.84607041  1.76037857]
 [ 0.80760304  0.36033486 -0.46683629  2.80087468]
 [ 0.          0.          0.          1.        ]]"
sun3d-home_md-home_md_scan9_2012_sep_30,18,41,1.0,30,0.17714450080328892,0.21365380702825193,0.024551901276587604,0.023646822240802747,"[[-0.93548865 -0.30591707  0.17684943 -1.16458848]
 [ 0.34597029 -0.69116856  0.63450026 -1.33744642]
 [-0.07187169  0.65475244  0.75241857 -0.4115483 ]
 [ 0.          0.          0.          1.        ]]","[[-0.93603677 -0.27213145  0.2231135  -1.26475751]
 [ 0.35147073 -0.75435158  0.55445651 -1.24521954]
 [ 0.01742097  0.59740955  0.80174706 -0.53266152]
 [ 0.          0.          0.          1.        ]]"
sun3d-home_md-home_md_scan9_2012_sep_30,18,46,1.0,30,0.11282994817032842,0.13795110453720072,0.025532768466053905,0.02287652713092031,"[[-0.22425445 -0.68046433  0.69762327 -2.40890585]
 [-0.39351693 -0.59166877 -0.70361388  2.38887879]
 [ 0.89154606 -0.43231511 -0.13508988  1.15952096]
 [ 0.          0.          0.          1.        ]]","[[-0.3309306  -0.77537192  0.53785065 -1.84784805]
 [-0.59229348 -0.27304135 -0.75804805  2.66287827]
 [ 0.73462464 -0.56942673 -0.36889     2.00944243]
 [ 0.          0.          0.          1.        ]]"
sun3d-home_md-home_md_scan9_2012_sep_30,18,48,1.0,30,0.16458606399178788,0.1663761033981056,0.021924352003977066,0.02201926005557827,"[[-0.80595418  0.5750415  -0.14058853  0.14318479]
 [-0.58415945 -0.81102651  0.03152362 -0.50944148]
 [-0.09589364  0.10753271  0.98956613 -0.75313869]
 [ 0.          0.          0.          1.        ]]","[[-0.841526    0.52462132 -0.12886604  0.09190437]
 [-0.52836098 -0.84899863 -0.00600062 -0.44486405]
 [-0.11255514  0.06303811  0.99164386 -0.77813488]
 [ 0.          0.          0.          1.        ]]"
sun3d-home_md-home_md_scan9_2012_sep_30,18,50,1.0,30,0.094604769884338,0.10745721344643218,0.02579425741042631,0.025046469252484556,"[[-0.86158545 -0.44772863  0.23918527 -0.61447635]
 [ 0.50646305 -0.72652886  0.46438239 -1.84826154]
 [-0.03414229  0.5212436   0.8527247  -1.42578725]
 [ 0.          0.          0.          1.        ]]","[[-0.83929197 -0.36770259  0.40047946 -1.13707173]
 [ 0.51728747 -0.76679518  0.38005108 -1.62301309]
 [ 0.16733995  0.52613683  0.83377298 -1.45463855]
 [ 0.          0.          0.          1.        ]]"
sun3d-home_md-home_md_scan9_2012_sep_30,18,51,1.0,30,0.15181346135964333,0.1697621040164829,0.024605867252986677,0.022753632536874832,"[[-0.71535793  0.51136435  0.47620325 -2.18849454]
 [-0.43293601 -0.85928945  0.27237484 -0.92316358]
 [ 0.54847921 -0.01132004  0.83608756 -0.88848047]
 [ 0.          0.          0.          1.        ]]","[[-0.66229208  0.65107186  0.37077571 -1.88386624]
 [-0.48423517 -0.74957625  0.4512779  -1.52082304]
 [ 0.57173901  0.11933514  0.81171031 -0.83820813]
 [ 0.          0.          0.          1.        ]]"
sun3d-home_md-home_md_scan9_2012_sep_30,18,52,1.0,30,0.18556261841500465,0.2545824504759022,0.025496551836046252,0.02450670555088522,"[[-0.72752131  0.6811741   0.08194257 -1.00010557]
 [ 0.60887026  0.69606829 -0.38048119  1.02407975]
 [-0.31621156 -0.22691579 -0.92115117  2.7213869 ]
 [ 0.          0.          0.          1.        ]]","[[-0.83950356  0.54321044 -0.01249735 -0.78756724]
 [ 0.46746528  0.71033709 -0.52621044  1.24232149]
 [-0.27696568 -0.44759762 -0.85026254  2.69447107]
 [ 0.          0.          0.          1.        ]]"
sun3d-home_md-home_md_scan9_2012_sep_30,18,53,13.0,30,0.5374893344709898,0.5824089874857793,0.022471092741047683,0.020561089699047106,"[[-0.36715293  0.8419873   0.39529245 -0.4869782 ]
 [-0.67331441 -0.53378154  0.51159063 -0.63614909]
 [ 0.64175262 -0.0783241   0.76290164  0.27597486]
 [ 0.          0.          0.          1.        ]]","[[-0.39323903  0.72460379  0.56596149 -0.6972316 ]
 [-0.66393526 -0.64961468  0.37039269 -0.46995741]
 [ 0.63604484 -0.23010893  0.73654385  0.27801536]
 [ 0.          0.          0.          1.        ]]"
sun3d-home_md-home_md_scan9_2012_sep_30,18,54,2.0,30,0.25690780784180534,0.30873617872372544,0.02521891200604399,0.022330402578178102,"[[ 0.4499469   0.88094839 -0.14655281  0.27698601]
 [-0.88163477  0.41201085 -0.23014601  0.34462473]
 [-0.14236541  0.23275954  0.96205774  0.12672978]
 [ 0.          0.          0.          1.        ]]","[[ 4.70149365e-01  8.82586850e-01  1.66578421e-04  8.79224417e-02]
 [-8.67069060e-01  4.61918340e-01 -1.86608393e-01  3.14474743e-01]
 [-1.64775059e-01  8.75893824e-02  9.82434364e-01  2.13713991e-03]
 [ 0.00000000e+00  0.00000000e+00  0.00000000e+00  1.00000000e+00]]"
sun3d-home_md-home_md_scan9_2012_sep_30,18,56,0.0,30,0.16475921640071814,0.17774506013631958,0.026108662977458345,0.02467485880230373,"[[1. 0. 0. 0.]
 [0. 1. 0. 0.]
 [0. 0. 1. 0.]
 [0. 0. 0. 1.]]","[[ 0.99809717  0.04660949 -0.04036832  0.02498211]
 [-0.04922692  0.996573   -0.06647526  0.10416806]
 [ 0.0371316   0.06833598  0.99697113 -0.03623583]
 [ 0.          0.          0.          1.        ]]"
sun3d-home_md-home_md_scan9_2012_sep_30,18,59,1.0,30,0.17269857693403512,0.2058572135498673,0.026274629043137602,0.024623648446691244,"[[ 0.61012885  0.77317159  0.1730563  -0.11704792]
 [ 0.59237896 -0.30011102 -0.74767676  1.51914304]
 [-0.52614632  0.55869407 -0.64111698  2.00217066]
 [ 0.          0.          0.          1.        ]]","[[ 0.66957184  0.73765526  0.08682326  0.04177653]
 [ 0.54890862 -0.41268829 -0.72690282  1.51083107]
 [-0.50037274  0.53437169 -0.68122978  2.14503593]
 [ 0.          0.          0.          1.        ]]"
sun3d-home_md-home_md_scan9_2012_sep_30,19,21,9.0,30,0.9465391108610017,0.9791080472706809,0.020886347204941768,0.017693120369222836,"[[-0.9752402  -0.21249803  0.06124661 -0.1074214 ]
 [ 0.22013648 -0.90634434  0.36066588 -0.11783046]
 [-0.02113027  0.36521847  0.930682    0.21246798]
 [ 0.          0.          0.          1.        ]]","[[-0.97941157 -0.16792122  0.11205101 -0.13339083]
 [ 0.20149367 -0.84719372  0.49159241 -0.26521143]
 [ 0.01238012  0.50404887  0.8635864   0.22730424]
 [ 0.          0.          0.          1.        ]]"
sun3d-home_md-home_md_scan9_2012_sep_30,19,22,7.0,30,0.850883285520157,0.8956666163370074,0.02124546114086621,0.02148938904873099,"[[ 0.84659536  0.52684125 -0.07559498  0.30292939]
 [ 0.49469703 -0.72650901  0.47692716 -0.30208256]
 [ 0.19634447 -0.44116093 -0.87568595  1.5195169 ]
 [ 0.          0.          0.          1.        ]]","[[ 0.89414332  0.42403581 -0.14387967  0.34778086]
 [ 0.44183194 -0.783277    0.43733474 -0.28456536]
 [ 0.07274795 -0.45461057 -0.88771446  1.48372523]
 [ 0.          0.          0.          1.        ]]"
sun3d-home_md-home_md_scan9_2012_sep_30,19,23,4.0,30,0.705318197827206,0.7241201809758608,0.021909838056709072,0.021170635271950983,"[[ 0.63358406 -0.64227585 -0.43133857  0.52356386]
 [ 0.44719614 -0.15092616  0.88161041 -0.64669441]
 [-0.63133735 -0.75146725  0.19159887  0.62774926]
 [ 0.          0.          0.          1.        ]]","[[ 0.638327   -0.61243211 -0.46633202  0.52175673]
 [ 0.36701353 -0.29037921  0.88373128 -0.63684455]
 [-0.67663854 -0.7352597   0.03941398  0.75675863]
 [ 0.          0.          0.          1.        ]]"
sun3d-home_md-home_md_scan9_2012_sep_30,19,24,12.0,30,0.5210991326902813,0.5305341655183594,0.02325843094343469,0.022419351441704958,"[[ 0.81367526 -0.25838975  0.52073728 -0.19988795]
 [ 0.33694032 -0.5203398  -0.78467682  0.81414973]
 [ 0.47371278  0.8139295  -0.3363257   1.29830671]
 [ 0.          0.          0.          1.        ]]","[[ 0.84659541 -0.14054548  0.51334509 -0.18669483]
 [ 0.3816222  -0.51202127 -0.76954449  0.78270148]
 [ 0.3709996   0.84739671 -0.37983958  1.31992203]
 [ 0.          0.          0.          1.        ]]"
sun3d-home_md-home_md_scan9_2012_sep_30,19,25,13.0,30,0.7165204208205082,0.7556392704552763,0.022324653181584685,0.021904434736975155,"[[ 0.90027691  0.34050244  0.27121866 -0.47834678]
 [ 0.29100446 -0.93410901  0.20677708 -0.10283535]
 [ 0.3237559  -0.10723079 -0.94004451  1.75227041]
 [ 0.          0.          0.          1.        ]]","[[ 0.92610401  0.28105916  0.25166867 -0.40891298]
 [ 0.21103034 -0.9388825   0.27196664 -0.17899742]
 [ 0.31272603 -0.19875967 -0.92881485  1.75442948]
 [ 0.          0.          0.          1.        ]]"
sun3d-home_md-home_md_scan9_2012_sep_30,19,26,8.0,30,0.24331052066559314,0.25140901771336555,0.023926399552542565,0.022827243859497377,"[[-0.51599589  0.32290829 -0.7933968   0.87213273]
 [-0.59005087  0.53744837  0.60248586 -0.46282554]
 [ 0.6209575   0.7790247  -0.08678884  0.93121743]
 [ 0.          0.          0.          1.        ]]","[[-0.4454583   0.27703165 -0.85136383  0.87794452]
 [-0.64129829  0.56482276  0.51933781 -0.41682204]
 [ 0.62474268  0.7773215  -0.07394506  0.92578047]
 [ 0.          0.          0.          1.        ]]"
sun3d-home_md-home_md_scan9_2012_sep_30,19,27,1.0,30,0.25639824069301165,0.3084410585297603,0.024538365113934056,0.021564882398255752,"[[ 0.11681594 -0.99293165 -0.02099446 -0.51141026]
 [ 0.84390929  0.11038453 -0.52500701  1.65657785]
 [ 0.52361354  0.04361177  0.85083892 -1.52243192]
 [ 0.          0.          0.          1.        ]]","[[ 0.13363766 -0.9886833  -0.06816378 -0.39981927]
 [ 0.69940086  0.14281865 -0.70031512  2.15028321]
 [ 0.70212493  0.04591467  0.7105719  -1.20016685]
 [ 0.          0.          0.          1.        ]]"
sun3d-home_md-home_md_scan9_2012_sep_30,19,30,13.0,30,0.4659118641059583,0.5153856962203176,0.021707871917452822,0.022065253997811122,"[[ 0.30257559 -0.94667547  0.11069583 -0.01327131]
 [-0.76572715 -0.3105964  -0.56319784  2.62201792]
 [ 0.56754731  0.08564712 -0.818874    2.55348001]
 [ 0.          0.          0.          1.        ]]","[[ 0.26023989 -0.94976099  0.17386565 -0.182146  ]
 [-0.81347325 -0.31267123 -0.49040593  2.43483673]
 [ 0.52013121 -0.01381187 -0.85397468  2.80061448]
 [ 0.          0.          0.          1.        ]]"
sun3d-home_md-home_md_scan9_2012_sep_30,19,31,5.0,30,0.20530044783102733,0.24706459015662946,0.022428975780083387,0.021104399940526056,"[[ 0.0708989   0.31423315  0.94669471 -0.90009937]
 [ 0.57311664 -0.78962004  0.21917462  0.16462892]
 [ 0.81640104  0.52702725 -0.23607544  1.47761401]
 [ 0.          0.          0.          1.        ]]","[[-0.22788608  0.28243321  0.93182585 -1.034596  ]
 [ 0.59466634 -0.71741988  0.3628783  -0.01986416]
 [ 0.77099927  0.63682038 -0.00446352  1.21203908]
 [ 0.          0.          0.          1.        ]]"
sun3d-home_md-home_md_scan9_2012_sep_30,19,32,0.0,30,0.08183566603096616,0.10984419950221418,0.025321540297793658,0.023090779363615723,"[[1. 0. 0. 0.]
 [0. 1. 0. 0.]
 [0. 0. 1. 0.]
 [0. 0. 0. 1.]]","[[ 0.99833012  0.0244268   0.05234783  0.03990289]
 [-0.01939961  0.99533794 -0.09447776  0.07653037]
 [-0.05441157  0.09330446  0.99414972 -0.07605307]
 [ 0.          0.          0.          1.        ]]"
sun3d-home_md-home_md_scan9_2012_sep_30,19,34,12.0,30,0.4732055965922688,0.48432539365996075,0.020401359467482155,0.01898952968439012,"[[ 0.83260877 -0.53343753  0.14902025 -0.20967026]
 [ 0.3536358   0.71908382  0.59821416 -0.43303207]
 [-0.42626793 -0.44537946  0.7873581   0.12279738]
 [ 0.          0.          0.          1.        ]]","[[ 0.81983824 -0.52966775  0.21752547 -0.30775533]
 [ 0.36592011  0.77684321  0.51246179 -0.38044781]
 [-0.44041767 -0.34053883  0.83070186  0.09223566]
 [ 0.          0.          0.          1.        ]]"
sun3d-home_md-home_md_scan9_2012_sep_30,19,35,6.0,30,0.31573752804580507,0.3296592817821806,0.022538254001368146,0.02123711089930323,"[[-0.7893935   0.40827692  0.45844068 -0.88139053]
 [-0.38717831 -0.91064124  0.14431039 -0.28425761]
 [ 0.47639359 -0.0635806   0.87693024 -1.3093628 ]
 [ 0.          0.          0.          1.        ]]","[[-0.71805869  0.44530927  0.53487509 -1.06619923]
 [-0.41869305 -0.89028757  0.17912056 -0.357084  ]
 [ 0.55595669 -0.09532941  0.82572663 -1.25558029]
 [ 0.          0.          0.          1.        ]]"
sun3d-home_md-home_md_scan9_2012_sep_30,19,36,9.0,30,0.3143798706122284,0.35905781931632474,0.025449857774012253,0.02280295360515186,"[[-0.65091074 -0.75912356 -0.00682844 -0.21215768]
 [ 0.65826895 -0.56886774  0.4930228  -0.67193881]
 [-0.3781497   0.31641889  0.86998959 -0.90308662]
 [ 0.          0.          0.          1.        ]]","[[-0.65908051 -0.74420372 -0.10850671  0.00153468]
 [ 0.62540252 -0.62247257  0.47053119 -0.59377155]
 [-0.41771351  0.24225757  0.87568642 -0.86038486]
 [ 0.          0.          0.          1.        ]]"
sun3d-home_md-home_md_scan9_2012_sep_30,19,37,9.0,30,0.2973636607992561,0.3237851699563395,0.026483708228908935,0.025059232433929317,"[[ 0.54481859 -0.81595748  0.19335485 -0.83950523]
 [ 0.69538803  0.56848706  0.43961113 -1.28409831]
 [-0.46862372 -0.10505167  0.87712938 -0.2135892 ]
 [ 0.          0.          0.          1.        ]]","[[ 0.59603231 -0.76172878  0.25399756 -0.98585095]
 [ 0.61292899  0.6359577   0.46890923 -1.33129419]
 [-0.51871335 -0.12380258  0.84593698 -0.12482004]
 [ 0.          0.          0.          1.        ]]"
sun3d-home_md-home_md_scan9_2012_sep_30,19,38,1.0,30,0.11483051078865594,0.12516588480085633,0.024078387832621954,0.024104327750625383,"[[-0.78986986  0.51564813 -0.33198285  0.999169  ]
 [-0.61102597 -0.70800907  0.35407686 -0.32354272]
 [-0.0524678   0.48252478  0.87430942 -0.7461484 ]
 [ 0.          0.          0.          1.        ]]","[[-0.80793038  0.47827461 -0.34424104  1.04737424]
 [-0.58205524 -0.73888451  0.33950167 -0.28724053]
 [-0.09197934  0.47466101  0.87534949 -0.78701816]
 [ 0.          0.          0.          1.        ]]"
sun3d-home_md-home_md_scan9_2012_sep_30,19,39,3.0,30,0.1209456232180931,0.131916507043918,0.023824329479110014,0.02376133248913924,"[[-0.17267093 -0.96307071  0.20659029 -0.97796718]
 [ 0.63833579 -0.26914827 -0.72117032  2.65508725]
 [ 0.75014144  0.00734883  0.66123658 -0.25033659]
 [ 0.          0.          0.          1.        ]]","[[-0.06857835 -0.95962304  0.27280144 -1.10096774]
 [ 0.56990735 -0.26211933 -0.7787805   2.74179502]
 [ 0.81884224  0.10206407  0.56487194  0.0892563 ]
 [ 0.          0.          0.          1.        ]]"
sun3d-home_md-home_md_scan9_2012_sep_30,19,40,1.0,30,0.16018306636155608,0.17477246135208177,0.0204072386433847,0.020651461894009304,"[[ 0.3400914  -0.41414315  0.84428863 -2.16183053]
 [ 0.66250804 -0.53165781 -0.52765809  1.67013005]
 [ 0.66739863  0.73879999  0.09356092  1.74786111]
 [ 0.          0.          0.          1.        ]]","[[ 0.46096166 -0.40442703  0.78990704 -1.8589023 ]
 [ 0.60890986 -0.50337286 -0.61306162  1.85406578]
 [ 0.64555645  0.76358008  0.01422402  1.91862495]
 [ 0.          0.          0.          1.        ]]"
sun3d-home_md-home_md_scan9_2012_sep_30,19,45,2.0,30,0.10999336026920796,0.11617590278529437,0.02311653836097546,0.022958000979722084,"[[ 0.74912744  0.32569008 -0.57683104  2.09845414]
 [-0.38132161  0.92406188  0.02652303 -1.03908866]
 [ 0.54166586  0.20008901  0.81643278 -0.68757288]
 [ 0.          0.          0.          1.        ]]","[[ 0.78547324  0.33699929 -0.51909852  1.93513885]
 [-0.4246686   0.90361795 -0.05595703 -0.85306246]
 [ 0.45020926  0.26439759  0.85288073 -0.91454634]
 [ 0.          0.          0.          1.        ]]"
sun3d-home_md-home_md_scan9_2012_sep_30,19,47,2.0,30,0.14802290526853076,0.18380042428979312,0.02649309615820458,0.022049646854238113,"[[-0.71272861  0.55980256  0.4226571  -1.33603028]
 [-0.41151443 -0.82167086  0.39435121 -1.58548395]
 [ 0.56804384  0.10713589  0.81599516 -0.60075413]
 [ 0.          0.          0.          1.        ]]","[[-0.77005814  0.6377881   0.01538849 -0.39006711]
 [-0.57789222 -0.70755345  0.40670468 -1.67611203]
 [ 0.27027958  0.30429336  0.91343007 -0.95477069]
 [ 0.          0.          0.          1.        ]]"
sun3d-home_md-home_md_scan9_2012_sep_30,19,48,6.0,30,0.27173392039838984,0.290181506602361,0.021622396120470358,0.02098670890915022,"[[-0.90915487  0.08671689 -0.40732986  1.86026085]
 [ 0.38893629  0.52645878 -0.7560223   2.54502587]
 [ 0.14888248 -0.84576671 -0.51235991  1.5618395 ]
 [ 0.          0.          0.          1.        ]]","[[-0.85756544  0.10999094 -0.50247738  2.1747389 ]
 [ 0.4556113   0.61584029 -0.64277452  2.24639171]
 [ 0.23874644 -0.78015558 -0.57823646  1.71449051]
 [ 0.          0.          0.          1.        ]]"
sun3d-home_md-home_md_scan9_2012_sep_30,19,49,6.0,30,0.22866664098316447,0.25210925761836883,0.024693995816507195,0.02340724192449771,"[[-0.55982339  0.82848566  0.01446643  0.06493449]
 [-0.73412807 -0.50400919  0.45500627 -1.09676026]
 [ 0.38425738  0.24410294  0.89037072 -0.52995632]
 [ 0.          0.          0.          1.        ]]","[[-0.5821858   0.80053809  0.1421213  -0.15838096]
 [-0.74770737 -0.59581057  0.29316113 -0.88817012]
 [ 0.31936403  0.0644091   0.94544068 -0.68623473]
 [ 0.          0.          0.          1.        ]]"
sun3d-home_md-home_md_scan9_2012_sep_30,19,50,1.0,30,0.14794191134909712,0.15412746188706228,0.02181914709159965,0.02225351839024739,"[[-0.89693239 -0.36632362  0.24762734 -1.31390111]
 [ 0.43467789 -0.62785522  0.64564151 -1.95901106]
 [-0.08103962  0.68673491  0.72237646 -1.30941472]
 [ 0.          0.          0.          1.        ]]","[[-0.88669024 -0.36499147  0.28383383 -1.43744775]
 [ 0.46226471 -0.71252361  0.52784604 -1.59859364]
 [ 0.009579    0.5992423   0.80051041 -1.52541496]
 [ 0.          0.          0.          1.        ]]"
sun3d-home_md-home_md_scan9_2012_sep_30,19,51,2.0,30,0.1280458858823587,0.14587952019497585,0.026141449595607946,0.025326483878399017,"[[-0.81286149 -0.38506157  0.43701692 -1.48997864]
 [-0.57258192  0.39069563 -0.72076825  2.53936549]
 [ 0.10679955 -0.83611274 -0.53806073  1.81706183]
 [ 0.          0.          0.          1.        ]]","[[-0.84666795 -0.40682914  0.34299188 -1.17602062]
 [-0.49235054  0.35442301 -0.79496873  2.71160564]
 [ 0.20185223 -0.84194678 -0.50038115  1.74092612]
 [ 0.          0.          0.          1.        ]]"
sun3d-home_md-home_md_scan9_2012_sep_30,19,52,2.0,30,0.2541115931792957,0.3550432179732957,0.024430960113053495,0.022968954112904404,"[[-0.78752809  0.38140562  0.48407567 -1.68723511]
 [-0.02248976  0.76717226 -0.64104675  1.51397868]
 [-0.61586826 -0.51572907 -0.59559199  1.95366786]
 [ 0.          0.          0.          1.        ]]","[[-0.81279068  0.43937536  0.38251875 -1.5055609 ]
 [ 0.0323273   0.68962783 -0.72344206  1.81800741]
 [-0.58165819 -0.57564117 -0.57472689  1.8386821 ]
 [ 0.          0.          0.          1.        ]]"
sun3d-home_md-home_md_scan9_2012_sep_30,19,53,13.0,30,0.5402268202502845,0.6206093572241184,0.02337949426076688,0.022434444741511725,"[[ 0.51714685 -0.62144344 -0.58852968  0.75329217]
 [ 0.81838062  0.56037617  0.1274037   0.06001861]
 [ 0.25062381 -0.54752771  0.79837404 -0.00449124]
 [ 0.          0.          0.          1.        ]]","[[ 0.64885254 -0.6728121  -0.35540718  0.48978851]
 [ 0.74053721  0.66573066  0.09169148  0.11950217]
 [ 0.17491431 -0.32268649  0.93020343 -0.14028801]
 [ 0.          0.          0.          1.        ]]"
sun3d-home_md-home_md_scan9_2012_sep_30,19,54,5.0,30,0.24507339899618855,0.2965093022378203,0.022756467054576353,0.020845038130842677,"[[-0.14178941  0.90029185 -0.41154629  0.52670626]
 [ 0.93882386 -0.00951493 -0.34426623  0.48290924]
 [-0.31385591 -0.43518277 -0.84386635  1.81243814]
 [ 0.          0.          0.          1.        ]]","[[-0.24976695  0.91387898 -0.32006512  0.41508231]
 [ 0.82051435  0.0242311  -0.57111212  0.70145911]
 [-0.51417183 -0.40526296 -0.75590295  1.65375161]
 [ 0.          0.          0.          1.        ]]"
sun3d-home_md-home_md_scan9_2012_sep_30,19,55,1.0,30,0.21369590072410957,0.22569753214364516,0.022258384036591555,0.02189865828205715,"[[ 0.41719264 -0.54032908  0.73074947 -2.08310909]
 [ 0.03601777 -0.79360393 -0.6073677   1.3119098 ]
 [ 0.90810408  0.2797093  -0.31162427  1.0860122 ]
 [ 0.          0.          0.          1.        ]]","[[ 0.47205695 -0.43903703  0.7644663  -2.16339995]
 [ 0.09631127 -0.83629202 -0.53975901  1.09058265]
 [ 0.87629126  0.32842371 -0.35249325  1.25622331]
 [ 0.          0.          0.          1.        ]]"
sun3d-home_md-home_md_scan9_2012_sep_30,19,56,9.0,30,0.2587529988719475,0.2896817620921402,0.02471653007263128,0.023678548770517116,"[[ 0.90731273 -0.27278553 -0.31995571  0.74988637]
 [ 0.39955522  0.79633083  0.45410663 -1.76905191]
 [ 0.13091688 -0.5398567   0.83151399 -0.99118065]
 [ 0.          0.          0.          1.        ]]","[[ 0.9114125  -0.27967034 -0.30184722  0.70954143]
 [ 0.41000779  0.67948744  0.60843276 -2.09341305]
 [ 0.0349408  -0.67829294  0.73396037 -0.69397716]
 [ 0.          0.          0.          1.        ]]"
sun3d-home_md-home_md_scan9_2012_sep_30,19,57,2.0,30,0.14545542279582346,0.1482244468447602,0.023596646412975285,0.02339465078462695,"[[-0.27662832  0.78330903  0.55668998 -1.53529004]
 [-0.82708004 -0.48902707  0.27711214 -0.90543251]
 [ 0.48930091 -0.38377011  0.783138   -0.17289357]
 [ 0.          0.          0.          1.        ]]","[[-0.31340389  0.7640096   0.56397458 -1.53337366]
 [-0.82017001 -0.51711946  0.24476238 -0.82703888]
 [ 0.47864304 -0.38584556  0.78868501 -0.19226212]
 [ 0.          0.          0.          1.        ]]"
sun3d-home_md-home_md_scan9_2012_sep_30,20,22,18.0,30,0.8948210780613015,0.9377019477578137,0.020225881545846598,0.015981048205797203,"[[ 0.98075926 -0.16414296  0.10568049 -0.04181983]
 [ 0.13527564  0.96171791  0.23832575 -0.20033218]
 [-0.14075431 -0.21944419  0.96541829  0.13003676]
 [ 0.          0.          0.          1.        ]]","[[ 0.98183929 -0.07154978  0.17570499 -0.09038064]
 [ 0.06759779  0.99730885  0.02838316 -0.01447936]
 [-0.17726295 -0.01599043  0.98403361  0.09725575]
 [ 0.          0.          0.          1.        ]]"
sun3d-home_md-home_md_scan9_2012_sep_30,20,23,19.0,30,0.6272384925902847,0.6778196201674298,0.022763597060589513,0.020558884547566388,"[[-0.94592422  0.1518895  -0.28663033  0.03073915]
 [ 0.14868698  0.98833216  0.03304137 -0.13729923]
 [ 0.2883046  -0.01136357 -0.95747132  1.62547513]
 [ 0.          0.          0.          1.        ]]","[[-0.96000356  0.14459215 -0.23976297 -0.02513507]
 [ 0.13041979  0.98869002  0.07404542 -0.16209604]
 [ 0.24775764  0.03981403 -0.96800361  1.55918532]
 [ 0.          0.          0.          1.        ]]"
sun3d-home_md-home_md_scan9_2012_sep_30,20,24,5.0,30,0.39870308827105455,0.44759666045229796,0.023224118443946874,0.023208564828982734,"[[ 0.98716623  0.09202354 -0.1305163   0.2436578 ]
 [-0.08449796  0.99448775  0.0620823   0.12737844]
 [ 0.13550989 -0.05025719  0.98950052 -0.02924071]
 [ 0.          0.          0.          1.        ]]","[[ 0.9937088   0.09658587  0.05669206  0.11244832]
 [-0.09342154  0.99404809 -0.05604299  0.19000854]
 [-0.0617676   0.05039416  0.99681753 -0.01454882]
 [ 0.          0.          0.          1.        ]]"
sun3d-home_md-home_md_scan9_2012_sep_30,20,25,6.0,30,0.5887122708687462,0.6226857169109202,0.02302153925194522,0.021802129510581785,"[[-0.429967   -0.8683241  -0.24726835  0.27474795]
 [-0.84719943  0.48270322 -0.22192505  0.15993466]
 [ 0.3120601   0.11406516 -0.94319014  1.66083791]
 [ 0.          0.          0.          1.        ]]","[[-0.49312505 -0.82697947 -0.27006045  0.27572597]
 [-0.75734037  0.56083774 -0.33450949  0.23113904]
 [ 0.42809257  0.03957267 -0.90286807  1.61044452]
 [ 0.          0.          0.          1.        ]]"
sun3d-home_md-home_md_scan9_2012_sep_30,20,26,5.0,30,0.19628958668813742,0.20751476113794953,0.019880399645621848,0.019477378209968466,"[[ 0.89875675  0.36917592 -0.23652788  1.71399061]
 [-0.00370107 -0.53305943 -0.8460697   1.83691543]
 [-0.43843198  0.76128627 -0.47772442  1.71360774]
 [ 0.          0.          0.          1.        ]]","[[ 0.8272147   0.45732418 -0.32645127  1.85083993]
 [-0.10809285 -0.44061811 -0.89116307  1.86714345]
 [-0.55139076  0.77247024 -0.3150523   1.19643035]
 [ 0.          0.          0.          1.        ]]"
sun3d-home_md-home_md_scan9_2012_sep_30,20,27,2.0,30,0.10836340266573836,0.13184091259029168,0.024636988240976487,0.022896825011469654,"[[ 0.43450434 -0.86276508  0.25853897 -0.83081494]
 [ 0.56447306  0.03717248 -0.82461408  2.75600812]
 [ 0.7018377   0.50423667  0.50315924 -0.05856062]
 [ 0.          0.          0.          1.        ]]","[[ 0.45992153 -0.70467965  0.54027658 -1.5540883 ]
 [ 0.71909209 -0.06137944 -0.69219876  2.46625321]
 [ 0.52094025  0.70686573  0.47849984  0.05347315]
 [ 0.          0.          0.          1.        ]]"
sun3d-home_md-home_md_scan9_2012_sep_30,20,28,5.0,30,0.25577946741464574,0.269237495016193,0.024303355170949947,0.023804601398024428,"[[ 0.22409711 -0.14016189  0.96443514 -2.99752528]
 [ 0.87966304  0.45505546 -0.13826592 -0.19507113]
 [-0.41949186  0.87936294  0.22527184  0.46646531]
 [ 0.          0.          0.          1.        ]]","[[ 0.17375102 -0.02867831  0.98437195 -2.98939009]
 [ 0.87232688  0.46835192 -0.14032921 -0.1872375 ]
 [-0.45700809  0.88307646  0.10639349  0.85014197]
 [ 0.          0.          0.          1.        ]]"
sun3d-home_md-home_md_scan9_2012_sep_30,20,29,3.0,30,0.3933430515063168,0.45811467444120507,0.021217344278105493,0.01794142813209285,"[[ 0.93762403 -0.13714017  0.31945854 -1.95966395]
 [ 0.2842881  -0.22645286 -0.93161117  2.96877915]
 [ 0.20010361  0.96431928 -0.17334032  0.63576454]
 [ 0.          0.          0.          1.        ]]","[[ 9.50188804e-01 -1.03024467e-03  3.11673186e-01 -1.98987843e+00]
 [ 3.06151163e-01 -1.84347333e-01 -9.33963343e-01  2.86821119e+00]
 [ 5.84183312e-02  9.82860621e-01 -1.74849361e-01  7.33583646e-01]
 [ 0.00000000e+00  0.00000000e+00  0.00000000e+00  1.00000000e+00]]"
sun3d-home_md-home_md_scan9_2012_sep_30,20,30,11.0,30,0.28089895949653537,0.31439178246304256,0.022015317683195722,0.02132557981103253,"[[ 0.55502308 -0.83157847  0.0206548  -0.0547933 ]
 [-0.63040463 -0.43669369 -0.64178549  2.77714103]
 [ 0.54271482  0.34318488 -0.766606    2.01654384]
 [ 0.          0.          0.          1.        ]]","[[ 4.92216555e-01 -8.70472665e-01  4.49047970e-04  6.97725723e-02]
 [-6.90785174e-01 -3.90924443e-01 -6.08271258e-01  2.71018536e+00]
 [ 5.29659047e-01  2.99090987e-01 -7.93729094e-01  2.19936740e+00]
 [ 0.00000000e+00  0.00000000e+00  0.00000000e+00  1.00000000e+00]]"
sun3d-home_md-home_md_scan9_2012_sep_30,20,31,7.0,30,0.15125994251721142,0.16721253035670522,0.021068382356530715,0.020093642725366453,"[[ 0.4361016  -0.85180827 -0.29023795  0.48836735]
 [-0.83296651 -0.26003741 -0.48841307  0.22229819]
 [ 0.34056157  0.45475622 -0.8229305   1.54848734]
 [ 0.          0.          0.          1.        ]]","[[ 0.44263792 -0.72190377 -0.53190847  0.66489209]
 [-0.89581599 -0.38234125 -0.22655878  0.01043648]
 [-0.03981691  0.57677562 -0.81593168  1.40860495]
 [ 0.          0.          0.          1.        ]]"
sun3d-home_md-home_md_scan9_2012_sep_30,20,32,1.0,30,0.1409315706112422,0.1921728027927724,0.023132045026907626,0.01950374407633769,"[[-0.94912767 -0.01699592  0.3144325  -1.27355267]
 [-0.24688807 -0.5796384  -0.77657299  1.57014382]
 [ 0.19545572 -0.81469655  0.54595476 -0.89451964]
 [ 0.          0.          0.          1.        ]]","[[-0.95605077  0.25501717  0.144683   -0.72463983]
 [-0.28921072 -0.90136142 -0.32234259  0.18307066]
 [ 0.04820878 -0.35001976  0.93550098 -1.86447122]
 [ 0.          0.          0.          1.        ]]"
sun3d-home_md-home_md_scan9_2012_sep_30,20,34,12.0,30,0.38928862015602816,0.4329541647389161,0.0216431894808423,0.02043074822924536,"[[ 0.98775379  0.15496687  0.01810303 -0.11959861]
 [-0.1559761   0.98357527  0.09083577 -0.08111073]
 [-0.00372916 -0.09254702  0.99570133 -0.23879796]
 [ 0.          0.          0.          1.        ]]","[[ 0.97634638  0.21036946  0.04992422 -0.10777926]
 [-0.20845812  0.97717666 -0.04087782  0.11839968]
 [-0.05738423  0.02950381  0.99791612 -0.19481209]
 [ 0.          0.          0.          1.        ]]"
sun3d-home_md-home_md_scan9_2012_sep_30,20,35,4.0,30,0.1893260424457168,0.23551119993134143,0.02312322000858541,0.022975062574415527,"[[-0.33628725 -0.66928453 -0.66254744  1.45926196]
 [-0.48857257  0.7254278  -0.48482095  1.30273541]
 [ 0.80511349  0.1606634  -0.57094618  2.18157515]
 [ 0.          0.          0.          1.        ]]","[[-0.39894916 -0.72488509 -0.56158808  1.2136664 ]
 [-0.77570557  0.59338825 -0.21487495  0.665316  ]
 [ 0.48899942  0.34990282 -0.79902915  2.75835498]
 [ 0.          0.          0.          1.        ]]"
sun3d-home_md-home_md_scan9_2012_sep_30,20,36,8.0,30,0.28603746572844774,0.29300657743682557,0.021891105389442396,0.021701409099896776,"[[ 0.52605922 -0.82988542 -0.18588139  0.37833497]
 [-0.81313809 -0.42679055 -0.39579828  1.03588896]
 [ 0.2491348   0.35936057 -0.89932855  2.49581978]
 [ 0.          0.          0.          1.        ]]","[[ 0.5199995  -0.80999024 -0.27113894  0.54305835]
 [-0.82910152 -0.402302   -0.38825735  1.00088861]
 [ 0.20540493  0.42669533 -0.88076098  2.44907197]
 [ 0.          0.          0.          1.        ]]"
sun3d-home_md-home_md_scan9_2012_sep_30,20,37,7.0,30,0.21417622572700923,0.23620989008594073,0.021928727565237876,0.022447059060340915,"[[ 0.40320885 -0.82389907 -0.39826241  0.40564539]
 [-0.71068981 -0.00776026 -0.7034627   1.5959305 ]
 [ 0.57649164  0.56668343 -0.58866568  1.53036159]
 [ 0.          0.          0.          1.        ]]","[[ 0.32890616 -0.85953774 -0.39117209  0.41647071]
 [-0.79094953 -0.02441767 -0.611394    1.43181619]
 [ 0.5159647   0.51048864 -0.6878821   1.70650547]
 [ 0.          0.          0.          1.        ]]"
sun3d-home_md-home_md_scan9_2012_sep_30,20,39,1.0,30,0.06824795773156789,0.07636779050929915,0.025687098507330284,0.025933509635011016,"[[ 0.94093394  0.18095245 -0.28618095  1.19161906]
 [ 0.0340829   0.79030154  0.61176943 -1.55922756]
 [ 0.33687042 -0.58538849  0.73745416 -0.95813837]
 [ 0.          0.          0.          1.        ]]","[[ 0.96563908  0.23559023 -0.10971968  0.70290358]
 [-0.16769337  0.8873657   0.42948928 -1.17868065]
 [ 0.19854496 -0.39633237  0.89638192 -1.47664849]
 [ 0.          0.          0.          1.        ]]"
sun3d-home_md-home_md_scan9_2012_sep_30,20,40,1.0,30,0.060469884133903515,0.06847386023587397,0.02433501422623265,0.023320698168583148,"[[ 0.02763123 -0.74298159  0.66874126 -0.72680353]
 [ 0.64736768 -0.49645363 -0.57831556  1.4483037 ]
 [ 0.76167684  0.44890105  0.46726464  0.25718923]
 [ 0.          0.          0.          1.        ]]","[[ 0.01306982 -0.66971982  0.74249885 -0.90103959]
 [ 0.726947   -0.50349978 -0.46694328  1.24809619]
 [ 0.68656918  0.54586018  0.48027017  0.1983257 ]
 [ 0.          0.          0.          1.        ]]"
sun3d-home_md-home_md_scan9_2012_sep_30,20,44,2.0,30,0.09561152255400061,0.109394018299957,0.022277362129006772,0.02184416084376968,"[[ 0.89623756 -0.26028992  0.35917598 -0.36249099]
 [-0.42037018 -0.23993735  0.8750537  -2.84480894]
 [-0.14158792 -0.93524287 -0.32445898  1.03982469]
 [ 0.          0.          0.          1.        ]]","[[ 0.83814394 -0.34616432  0.42152698 -0.62602233]
 [-0.45660572 -0.02253881  0.88938361 -2.85448668]
 [-0.29837215 -0.93790312 -0.17695137  0.53950306]
 [ 0.          0.          0.          1.        ]]"
sun3d-home_md-home_md_scan9_2012_sep_30,20,47,5.0,30,0.10998436827077983,0.11369690396056976,0.026209412182472372,0.024689509477829313,"[[ 0.69782467 -0.33078069  0.63531477 -1.03954668]
 [-0.70327504 -0.48459759  0.52016286 -1.06272241]
 [ 0.13581218 -0.80978349 -0.57079396  2.09811138]
 [ 0.          0.          0.          1.        ]]","[[ 0.72083123 -0.26952098  0.63856149 -1.04898199]
 [-0.67913736 -0.45871086  0.57302425 -1.21552695]
 [ 0.13847303 -0.84672474 -0.51369488  2.00139763]
 [ 0.          0.          0.          1.        ]]"
sun3d-home_md-home_md_scan9_2012_sep_30,20,48,5.0,30,0.23576770208993464,0.2598653652825675,0.022398462669264898,0.01989066633047168,"[[ 0.10944551  0.93581184 -0.33507891  1.72008052]
 [-0.99032008  0.07370662 -0.11761575  1.09842951]
 [-0.08536868  0.34470789  0.93482012 -1.68432573]
 [ 0.          0.          0.          1.        ]]","[[ 0.13208455  0.84711291 -0.51473623  2.20695814]
 [-0.98677086  0.16161775  0.01276634  0.80068503]
 [ 0.09400504  0.50624047  0.85725354 -1.42264724]
 [ 0.          0.          0.          1.        ]]"
sun3d-home_md-home_md_scan9_2012_sep_30,20,49,5.0,30,0.12839022229071156,0.14361251300227298,0.021162156860075082,0.020081951171687963,"[[ 0.94684011 -0.22668566  0.22827051 -1.79589819]
 [-0.12340023  0.39936979  0.90844711 -1.90273373]
 [-0.29709628 -0.88832279  0.35016627 -1.11062881]
 [ 0.          0.          0.          1.        ]]","[[ 0.95762835 -0.20332503  0.20397763 -1.71818258]
 [-0.17412302  0.15541219  0.97238276 -2.35844986]
 [-0.22941036 -0.9666985   0.11342355 -0.55897608]
 [ 0.          0.          0.          1.        ]]"
sun3d-home_md-home_md_scan9_2012_sep_30,20,50,1.0,30,0.10072640772704486,0.11495497150891881,0.024502777831416026,0.022793698685120503,"[[ 0.40512507  0.00758124 -0.91422984  2.22166035]
 [ 0.85735641 -0.35042603  0.37701669 -1.92550945]
 [-0.31751168 -0.93655973 -0.1484662   1.30635391]
 [ 0.          0.          0.          1.        ]]","[[ 0.34634083  0.16352831 -0.92374592  2.35629006]
 [ 0.79724688 -0.57027164  0.19795875 -1.40241073]
 [-0.49441424 -0.80501475 -0.32788079  2.0287    ]
 [ 0.          0.          0.          1.        ]]"
sun3d-home_md-home_md_scan9_2012_sep_30,20,53,8.0,30,0.4938673208191126,0.5062571103526735,0.02248137769371586,0.022618853287353757,"[[-0.82993373  0.05544834  0.55509952 -0.62814333]
 [-0.21395339 -0.95059491 -0.22492944  0.21035447]
 [ 0.51520282 -0.30544196  0.80079415  0.05799989]
 [ 0.          0.          0.          1.        ]]","[[-0.81154549  0.03187045  0.5834194  -0.6512976 ]
 [-0.13223671 -0.98262114 -0.13026568  0.12460019]
 [ 0.56912861 -0.18286598  0.8016562   0.0515902 ]
 [ 0.          0.          0.          1.        ]]"
sun3d-home_md-home_md_scan9_2012_sep_30,20,54,2.0,30,0.21407600286803274,0.23791086456092683,0.022009995341130666,0.021334888426540525,"[[-0.49814535  0.86283036 -0.08587772  0.14194048]
 [ 0.44856711  0.17167659 -0.87710586  0.85754963]
 [-0.74205037 -0.47544813 -0.47255721  1.3740638 ]
 [ 0.          0.          0.          1.        ]]","[[-0.4502884   0.86778882 -0.21019733  0.24310379]
 [ 0.71543436  0.20980813 -0.66643396  0.60191392]
 [-0.53422283 -0.45046987 -0.71532011  1.5506369 ]
 [ 0.          0.          0.          1.        ]]"
sun3d-home_md-home_md_scan9_2012_sep_30,20,55,4.0,30,0.19826427659247273,0.20342598102471868,0.02087383101162337,0.020585417333078285,"[[ 0.83275789  0.14023134 -0.5355833   0.95785167]
 [ 0.26871963 -0.94817649  0.16956154 -0.01693293]
 [-0.48404965 -0.28512545 -0.82728436  1.6964566 ]
 [ 0.          0.          0.          1.        ]]","[[ 0.84307634  0.17395935 -0.50888155  0.9341352 ]
 [ 0.30429444 -0.93450531  0.18467462 -0.01470474]
 [-0.44342663 -0.31054463 -0.84079418  1.76285114]
 [ 0.          0.          0.          1.        ]]"
sun3d-home_md-home_md_scan9_2012_sep_30,20,56,4.0,30,0.15013690214541814,0.19746744271029176,0.021610504578287355,0.02296164837442667,"[[-0.10291147  0.79840254 -0.59326437  1.20849204]
 [-0.73909917  0.3377789   0.58278455 -1.63818451]
 [ 0.66568885  0.49845642  0.55533733 -0.81701324]
 [ 0.          0.          0.          1.        ]]","[[-0.06457635  0.76551839 -0.6401652   1.3235516 ]
 [-0.91103481  0.21656837  0.35087563 -0.99251391]
 [ 0.40724129  0.60587105  0.68342871 -1.26416574]
 [ 0.          0.          0.          1.        ]]"
sun3d-home_md-home_md_scan9_2012_sep_30,20,57,4.0,30,0.09175640012026325,0.11806955224212999,0.022551116744415095,0.02112192845549733,"[[ 0.45701878 -0.87835553  0.14009066  0.36788154]
 [-0.8886845  -0.45748565  0.03076902 -0.62847246]
 [ 0.03706333 -0.13855842 -0.98966048  2.71018289]
 [ 0.          0.          0.          1.        ]]","[[ 0.30718253 -0.94043715 -0.14566011  0.77817907]
 [-0.91375668 -0.33423725  0.23094199 -1.00485918]
 [-0.26587146  0.06215656 -0.96200256  2.35406993]
 [ 0.          0.          0.          1.        ]]"
sun3d-home_md-home_md_scan9_2012_sep_30,20,59,4.0,30,0.10228755229654955,0.12238892137897942,0.024085967869539537,0.019704124180883013,"[[-0.21483409 -0.84920337  0.48238982 -1.55847732]
 [-0.72064423 -0.19553352 -0.66516054  2.45950484]
 [ 0.65917995 -0.4905306  -0.56996625  1.40645314]
 [ 0.          0.          0.          1.        ]]","[[-0.3777211  -0.89019179  0.25472603 -0.74217103]
 [-0.60777985  0.03082978 -0.79350689  2.81657512]
 [ 0.69852017 -0.45454164 -0.55268569  1.41844106]
 [ 0.          0.          0.          1.        ]]"
sun3d-home_md-home_md_scan9_2012_sep_30,21,23,20.0,30,0.5629758066700984,0.5975996315461516,0.019274772782375413,0.019484680802384934,"[[ 0.95147238  0.29061332  0.10121362 -0.0564004 ]
 [-0.30764934  0.89056856  0.33502167 -0.25678402]
 [ 0.00722409 -0.34990217  0.93675839  0.13704142]
 [ 0.          0.          0.          1.        ]]","[[ 0.97172477  0.23266862  0.04020298  0.01890966]
 [-0.23596596  0.95084757  0.20052175 -0.17042569]
 [ 0.00842822 -0.20433848  0.97886401  0.07004649]
 [ 0.          0.          0.          1.        ]]"
sun3d-home_md-home_md_scan9_2012_sep_30,21,24,4.0,30,0.3621463889114047,0.4202642457647726,0.02218420016577753,0.019473426272693568,"[[ 0.26753826 -0.44593784 -0.85414444  0.90101419]
 [ 0.89046964  0.45306516  0.04237668  0.12544447]
 [ 0.36808572 -0.77192707  0.51830637  0.04234422]
 [ 0.          0.          0.          1.        ]]","[[ 0.34513509 -0.55938275 -0.75363964  0.76227575]
 [ 0.90111211  0.42203389  0.09942011  0.0253112 ]
 [ 0.26244758 -0.71342717  0.64972528 -0.01305112]
 [ 0.          0.          0.          1.        ]]"
sun3d-home_md-home_md_scan9_2012_sep_30,21,25,8.0,30,0.5055588735241421,0.5984747553636238,0.023104003519544572,0.021927112205759464,"[[ 0.79674586  0.60303573 -0.03929312 -0.03120935]
 [-0.21692302  0.22470483 -0.94997481  0.88996016]
 [-0.5640394   0.76541208  0.30984497  0.51709655]
 [ 0.          0.          0.          1.        ]]","[[ 0.81834027  0.56364345  0.11236217 -0.16872586]
 [-0.25731686  0.534127   -0.80529273  0.70734595]
 [-0.51391365  0.63009079  0.5821326   0.23968727]
 [ 0.          0.          0.          1.        ]]"
sun3d-home_md-home_md_scan9_2012_sep_30,21,26,3.0,30,0.1609031132581857,0.22567096081588836,0.02262944269296309,0.020277073573830944,"[[ 0.84843526 -0.52702775  0.04898332 -0.15007294]
 [-0.1923828  -0.39326926 -0.89907071  0.81283401]
 [ 0.49309885  0.75337975 -0.43505458  0.94419318]
 [ 0.          0.          0.          1.        ]]","[[ 0.69030609 -0.68169847  0.24241431 -0.29658641]
 [-0.22921372 -0.52384346 -0.8203957   0.77729767]
 [ 0.68624965  0.51075946 -0.51786697  1.09669673]
 [ 0.          0.          0.          1.        ]]"
sun3d-home_md-home_md_scan9_2012_sep_30,21,27,4.0,30,0.10642200606519076,0.12321843389544575,0.025723540896578398,0.022883200032967475,"[[-0.66097346  0.10822588 -0.74256397  0.71630312]
 [ 0.47867969 -0.70126638 -0.52829084  0.36563666]
 [-0.57790989 -0.70463652  0.41171294  0.46078378]
 [ 0.          0.          0.          1.        ]]","[[-0.51089084  0.3277251  -0.79472436  0.77018517]
 [ 0.45794891 -0.67862319 -0.57424156  0.44502644]
 [-0.72751175 -0.65731791  0.19662101  0.68900817]
 [ 0.          0.          0.          1.        ]]"
sun3d-home_md-home_md_scan9_2012_sep_30,21,28,8.0,30,0.20680875471275784,0.2835209110049453,0.024069096925244754,0.02144215780820657,"[[ 0.85231757  0.50749911 -0.12648878 -0.00957605]
 [ 0.11253852 -0.41412453 -0.90323638  2.34152769]
 [-0.51077376  0.75560938 -0.41007881  2.15040837]
 [ 0.          0.          0.          1.        ]]","[[ 0.94881959  0.31531266  0.01786939 -0.563449  ]
 [ 0.13663495 -0.35882547 -0.92334997  2.40329309]
 [-0.28473194  0.87853413 -0.38354336  1.9767511 ]
 [ 0.          0.          0.          1.        ]]"
sun3d-home_md-home_md_scan9_2012_sep_30,21,30,7.0,30,0.47355109707668075,0.4921352136840626,0.019645840107879592,0.018061876928318888,"[[ 0.82471744 -0.44521175 -0.34875155  0.34910376]
 [ 0.21090332  0.81429495 -0.54078048  1.11218618]
 [ 0.52474845  0.37243824  0.76545988 -2.25592915]
 [ 0.          0.          0.          1.        ]]","[[ 0.89594131 -0.25928478 -0.36063911  0.28161763]
 [ 0.03089024  0.84634164 -0.53174394  1.2589457 ]
 [ 0.44309701  0.46527113  0.76628181 -2.19855599]
 [ 0.          0.          0.          1.        ]]"
sun3d-home_md-home_md_scan9_2012_sep_30,21,31,4.0,30,0.12972617694895616,0.13235523472138672,0.02057600025292297,0.020180948656241,"[[ 0.57321684 -0.80864247 -0.13236246  0.35353654]
 [-0.45997837 -0.18387143 -0.8686836   0.66457518]
 [ 0.67811677  0.55882794 -0.47735624  1.3776893 ]
 [ 0.          0.          0.          1.        ]]","[[ 0.46773988 -0.8789938  -0.09267852  0.27431689]
 [-0.47079087 -0.15902475 -0.86779438  0.66262125]
 [ 0.7480477   0.44953424 -0.48820447  1.40549708]
 [ 0.          0.          0.          1.        ]]"
sun3d-home_md-home_md_scan9_2012_sep_30,21,33,2.0,30,0.13170013969967226,0.19454905689441784,0.023307319918496522,0.01985769455048262,"[[-0.61504945  0.61297707 -0.49595693  1.49939549]
 [ 0.70908879  0.70507467 -0.00792421 -0.78478835]
 [ 0.34482931 -0.35655129 -0.86831096  3.09798627]
 [ 0.          0.          0.          1.        ]]","[[-0.80647548  0.59094737 -0.01945511  0.32292738]
 [ 0.57943731  0.78336221 -0.22493564 -0.16756047]
 [-0.11768473 -0.19267809 -0.97417938  3.562166  ]
 [ 0.          0.          0.          1.        ]]"
sun3d-home_md-home_md_scan9_2012_sep_30,21,34,16.0,30,0.3789346053828114,0.42146743032178813,0.01984140448513436,0.01920116787269061,"[[ 0.96813924  0.04439634 -0.24644548  0.18570757]
 [-0.01144064  0.99097242  0.13357685 -0.0220738 ]
 [ 0.250151   -0.1265015   0.95990721 -0.24328751]
 [ 0.          0.          0.          1.        ]]","[[ 0.96671328  0.20946951 -0.14692841  0.11065389]
 [-0.21880123  0.9744701  -0.05033934  0.16424417]
 [ 0.13263278  0.08081182  0.98786537 -0.22597782]
 [ 0.          0.          0.          1.        ]]"
sun3d-home_md-home_md_scan9_2012_sep_30,21,35,1.0,30,0.1329401812096171,0.1839130488088962,0.023686692992761493,0.02103234064690707,"[[-0.44287662 -0.8907163   0.10239519 -0.50435848]
 [ 0.25959484 -0.23670492 -0.93625921  2.24024458]
 [ 0.85817878 -0.38806605  0.33605643 -0.10762928]
 [ 0.          0.          0.          1.        ]]","[[-0.54542496 -0.83644702 -0.05355376 -0.07383497]
 [ 0.71639046 -0.43206506 -0.54781793  1.1884561 ]
 [ 0.43508197 -0.33715898  0.83488173 -1.36210541]
 [ 0.          0.          0.          1.        ]]"
sun3d-home_md-home_md_scan9_2012_sep_30,21,36,1.0,30,0.1481881660161262,0.1884563957807161,0.02477179994389709,0.023994549725502256,"[[-0.08996179 -0.77735713  0.62259358 -1.18426395]
 [ 0.97976067 -0.18131543 -0.08481588  0.41383189]
 [ 0.17881805  0.60236252  0.77793541 -0.8196794 ]
 [ 0.          0.          0.          1.        ]]","[[-0.05260126 -0.97931112  0.19540428 -0.33366953]
 [ 0.99664854 -0.0392071   0.07179481  0.08420042]
 [-0.06264822  0.19852589  0.97809134 -1.16927569]
 [ 0.          0.          0.          1.        ]]"
sun3d-home_md-home_md_scan9_2012_sep_30,21,37,5.0,30,0.15916107894488316,0.1782452979593616,0.023801093021567157,0.022978528281482648,"[[ 0.70270688  0.60262951 -0.37820725 -0.1248046 ]
 [ 0.42410127  0.07202792  0.90274586 -2.1183444 ]
 [ 0.57126277 -0.7947639  -0.20496142  0.26113656]
 [ 0.          0.          0.          1.        ]]","[[ 0.59789003  0.70378788 -0.38367973  0.05036032]
 [ 0.29323653  0.25343797  0.92183596 -1.95347063]
 [ 0.74601598 -0.66366544 -0.05484828 -0.17951086]
 [ 0.          0.          0.          1.        ]]"
sun3d-home_md-home_md_scan9_2012_sep_30,21,38,2.0,30,0.0631317958156071,0.07230119764730297,0.024621624852910525,0.024267828684463286,"[[ 0.67326609 -0.38296239 -0.6324971   0.93695833]
 [-0.64796456  0.10646553 -0.75419296  1.3871498 ]
 [ 0.35616668  0.91760825 -0.17646642  1.13218878]
 [ 0.          0.          0.          1.        ]]","[[ 0.61078445 -0.41544221 -0.67405499  1.08382629]
 [-0.71738761  0.06993822 -0.69315486  1.24709453]
 [ 0.33510799  0.90692691 -0.25531591  1.25934158]
 [ 0.          0.          0.          1.        ]]"
sun3d-home_md-home_md_scan9_2012_sep_30,21,41,1.0,30,0.04753085120563495,0.05555321701429083,0.02491571864311955,0.02316966408867768,"[[ 0.81960838  0.53002892  0.21751195 -0.47818811]
 [-0.57285342  0.75218407  0.32566559 -0.79092566]
 [ 0.00900316 -0.39152071  0.92012525 -0.47046615]
 [ 0.          0.          0.          1.        ]]","[[ 0.79885032  0.5589998   0.22216522 -0.44046881]
 [-0.58067638  0.81303764  0.04224619 -0.36931077]
 [-0.15701308 -0.16275448  0.97409336 -0.65796657]
 [ 0.          0.          0.          1.        ]]"
sun3d-home_md-home_md_scan9_2012_sep_30,21,44,1.0,30,0.03955806391057122,0.05194474890545426,0.023906953998365545,0.022988553213608754,"[[-0.71411893  0.61431039 -0.33564399  0.91494856]
 [ 0.69893629  0.65242828 -0.29295973  1.35966647]
 [ 0.03901542 -0.44380185 -0.89527522  2.92043762]
 [ 0.          0.          0.          1.        ]]","[[-0.77939106  0.29230701 -0.55417162  1.31730781]
 [ 0.62650284  0.37293881 -0.68440546  2.24242068]
 [ 0.00661559 -0.8806096  -0.47379634  1.52726679]
 [ 0.          0.          0.          1.        ]]"
sun3d-home_md-home_md_scan9_2012_sep_30,21,46,1.0,30,0.05371285640415118,0.059362410861382685,0.026884425995065516,0.025175054386579417,"[[ 0.55514037 -0.69792164 -0.45246497  1.92969689]
 [ 0.83160861  0.45546778  0.31776756 -0.42754623]
 [-0.01569364 -0.55267937  0.8332462  -1.58063236]
 [ 0.          0.          0.          1.        ]]","[[ 0.6812625  -0.57138905 -0.45759804  2.04836573]
 [ 0.70106908  0.68915685  0.1832075  -0.19362448]
 [ 0.21067406 -0.44562023  0.87007991 -1.57889024]
 [ 0.          0.          0.          1.        ]]"
sun3d-home_md-home_md_scan9_2012_sep_30,21,47,5.0,30,0.05643772031965291,0.07108449109150942,0.02412754772726694,0.022199375289794956,"[[ 0.91035883 -0.26621262  0.31682431 -0.1148789 ]
 [ 0.33629308  0.92207718 -0.19152189  0.10660497]
 [-0.24115092  0.28089947  0.92894657 -0.87115302]
 [ 0.          0.          0.          1.        ]]","[[ 0.87092333 -0.26762491  0.41215223 -0.29403126]
 [ 0.41285987  0.8533656  -0.31829841  0.38905182]
 [-0.26653196  0.44737462  0.8537076  -0.73539397]
 [ 0.          0.          0.          1.        ]]"
sun3d-home_md-home_md_scan9_2012_sep_30,21,48,2.0,30,0.16856487196128087,0.21500833513609813,0.022423206772140936,0.02086069594285022,"[[-0.44244067  0.23967815 -0.86417627  3.27296802]
 [ 0.87607755 -0.09042962 -0.47361442  0.31462997]
 [-0.19166216 -0.96663171 -0.16996691  0.78179629]
 [ 0.          0.          0.          1.        ]]","[[-0.43358204  0.43148543 -0.79109225  3.1619335 ]
 [ 0.87883556  0.00847574 -0.47704949  0.41544484]
 [-0.19913482 -0.90208009 -0.38287967  1.39216275]
 [ 0.          0.          0.          1.        ]]"
sun3d-home_md-home_md_scan9_2012_sep_30,21,49,10.0,30,0.15151018992949877,0.19583349385522208,0.02190988451929585,0.018452286763897305,"[[ 0.99871116  0.0367479   0.03500867 -1.12305386]
 [-0.0497773   0.84387616  0.53422397 -0.33981601]
 [-0.00991137 -0.53527808  0.84461775 -2.2975781 ]
 [ 0.          0.          0.          1.        ]]","[[ 0.99508833 -0.06067615 -0.07821526 -0.91140056]
 [ 0.07106001  0.98792672  0.13766364  0.8316073 ]
 [ 0.06891805 -0.14254546  0.98738599 -2.22894638]
 [ 0.          0.          0.          1.        ]]"
sun3d-home_md-home_md_scan9_2012_sep_30,21,51,1.0,30,0.16158427664645456,0.18105005065261118,0.02356779811784883,0.02166284530527314,"[[-0.95283841 -0.28532162  0.10339506 -0.56707416]
 [ 0.30050959 -0.93460599  0.19027778 -1.16099979]
 [ 0.04234328  0.21237518  0.97627037 -2.42261072]
 [ 0.          0.          0.          1.        ]]","[[-0.9292338  -0.31942391  0.18572268 -0.85624487]
 [ 0.31671601 -0.94745751 -0.04489146 -0.3467201 ]
 [ 0.19030375  0.01710669  0.9815762  -2.48497335]
 [ 0.          0.          0.          1.        ]]"
sun3d-home_md-home_md_scan9_2012_sep_30,21,53,18.0,30,0.44446814562002274,0.4570179180887372,0.0218791150929018,0.02118087272738686,"[[-0.29720924  0.94682022 -0.12328071  0.16742791]
 [ 0.65337212  0.10752449 -0.74936196  0.570143  ]
 [-0.69625537 -0.30326548 -0.65058321  1.36804602]
 [ 0.          0.          0.          1.        ]]","[[-0.21793776  0.95925268 -0.17982613  0.18560355]
 [ 0.75616318  0.04947406 -0.6525102   0.49951017]
 [-0.61702543 -0.27818451 -0.73613382  1.45625612]
 [ 0.          0.          0.          1.        ]]"
sun3d-home_md-home_md_scan9_2012_sep_30,21,54,8.0,30,0.2329748292388392,0.24406958753160496,0.021753587549442937,0.021797961112907178,"[[-0.97094567  0.2041409  -0.1248639   0.21660622]
 [ 0.23890632  0.85684547 -0.45688029  0.45072998]
 [ 0.01372111 -0.47343672 -0.88072096  1.61972653]
 [ 0.          0.          0.          1.        ]]","[[-0.97734121  0.21151498  0.00809739  0.05617911]
 [ 0.18580643  0.87561825 -0.44583478  0.45129632]
 [-0.10139096 -0.43422816 -0.89507864  1.64118334]
 [ 0.          0.          0.          1.        ]]"
sun3d-home_md-home_md_scan9_2012_sep_30,21,55,3.0,30,0.14753648963981733,0.17541771694871058,0.023446304059326562,0.0221298908239275,"[[ 0.76440928  0.52442883 -0.37503715  0.76178939]
 [ 0.46824658 -0.05170951  0.88208348 -0.94445791]
 [ 0.44319702 -0.84988266 -0.28508923  1.20852256]
 [ 0.          0.          0.          1.        ]]","[[ 0.76989184  0.62674883 -0.1202184   0.43709552]
 [ 0.18735505 -0.04190036  0.98139821 -1.1738844 ]
 [ 0.61005298 -0.778094   -0.1496833   1.11715339]
 [ 0.          0.          0.          1.        ]]"
sun3d-home_md-home_md_scan9_2012_sep_30,21,56,1.0,30,0.16890600092150768,0.2712622007086076,0.025774875932897554,0.021413858977350916,"[[ 0.95713187  0.16634052 -0.23712742  0.13672004]
 [-0.22625575  0.94050168 -0.25350528  0.4224908 ]
 [ 0.18085054  0.29628942  0.93781963 -1.78792289]
 [ 0.          0.          0.          1.        ]]","[[ 0.92481176  0.20274623 -0.32189621  0.36014164]
 [-0.31961907  0.87299078 -0.36841654  0.69146159]
 [ 0.20631736  0.44360012  0.8721537  -1.79500247]
 [ 0.          0.          0.          1.        ]]"
sun3d-home_md-home_md_scan9_2012_sep_30,21,57,3.0,30,0.12227505391430873,0.12655850398464788,0.025376745791215724,0.02459844361423081,"[[-0.51128988  0.77978415 -0.36127459  0.617536  ]
 [ 0.75037847  0.20013815 -0.62998164  1.57013767]
 [-0.41894487 -0.59319592 -0.68746185  1.827557  ]
 [ 0.          0.          0.          1.        ]]","[[-0.53904461  0.74545087 -0.39208916  0.65290265]
 [ 0.76214512  0.23351958 -0.603824    1.47427766]
 [-0.35856063 -0.62431691 -0.69401921  1.86611609]
 [ 0.          0.          0.          1.        ]]"
sun3d-home_md-home_md_scan9_2012_sep_30,21,58,1.0,30,0.06351470431923305,0.08391594005122596,0.024486685196851776,0.022412407855756412,"[[-0.92357156 -0.02972746  0.38227196 -0.18372677]
 [ 0.38168995 -0.1660502   0.9092525  -1.74976366]
 [ 0.03644656  0.98566912  0.16470592  0.15642752]
 [ 0.          0.          0.          1.        ]]","[[-0.92484545 -0.01906552  0.37986499 -0.19071084]
 [ 0.31461249 -0.59957761  0.73588428 -1.21982513]
 [ 0.21372852  0.80008949  0.56051488 -0.59628836]
 [ 0.          0.          0.          1.        ]]"
sun3d-home_md-home_md_scan9_2012_sep_30,21,59,10.0,30,0.11144975782386372,0.12455576049304962,0.021483985108995015,0.01721576804471528,"[[-0.84401955 -0.51732578 -0.14143916  0.81419145]
 [ 0.40999038 -0.79239407  0.45168521 -2.03482218]
 [-0.34574395  0.32324246  0.88089468 -1.23085129]
 [ 0.          0.          0.          1.        ]]","[[-0.81299826 -0.54736907 -0.19854703  1.01640452]
 [ 0.32224237 -0.70697964  0.62955512 -2.41401293]
 [-0.48496771  0.44784695  0.75115873 -0.64309695]
 [ 0.          0.          0.          1.        ]]"
sun3d-home_md-home_md_scan9_2012_sep_30,22,24,11.0,30,0.451065899327227,0.49485288157574775,0.021468459128793946,0.021855869300455716,"[[-0.2636382   0.64569877  0.71663658 -0.77810574]
 [-0.95789142 -0.08763694 -0.27342968  0.11524465]
 [-0.11374937 -0.75854654  0.64161376  0.0103456 ]
 [ 0.          0.          0.          1.        ]]","[[-1.76888498e-01  6.07213971e-01  7.74597736e-01 -8.68553419e-01]
 [-9.82510723e-01 -6.24297703e-02 -1.75428627e-01  8.62237118e-04]
 [-5.81647544e-02 -7.92081888e-01  6.07637346e-01  4.29028275e-02]
 [ 0.00000000e+00  0.00000000e+00  0.00000000e+00  1.00000000e+00]]"
sun3d-home_md-home_md_scan9_2012_sep_30,22,25,11.0,30,0.6722102264896402,0.6944686911379612,0.022903956872160357,0.022188967489912177,"[[ 0.9929178   0.00522354  0.11868846 -0.26428818]
 [-0.00456078  0.99997246 -0.00585493 -0.14404039]
 [-0.11871577  0.00527215  0.99291428 -0.1894501 ]
 [ 0.          0.          0.          1.        ]]","[[ 0.98850994  0.02008379  0.14981566 -0.27831944]
 [-0.01728556  0.99965141 -0.01995681 -0.09223801]
 [-0.15016425  0.01713786  0.98851251 -0.16173064]
 [ 0.          0.          0.          1.        ]]"
sun3d-home_md-home_md_scan9_2012_sep_30,22,26,4.0,30,0.15691089640365002,0.20738056897477186,0.022627177375980818,0.023089769102310573,"[[ 0.47099604 -0.86826309  0.15582666 -0.35979641]
 [-0.86535646 -0.42048204  0.27267756 -0.46337832]
 [-0.17123355 -0.26327565 -0.94940245  1.46941826]
 [ 0.          0.          0.          1.        ]]","[[ 0.55867521 -0.77186213  0.3034977  -0.49034235]
 [-0.8275851  -0.49469247  0.26529655 -0.41200325]
 [-0.05463433 -0.39938478 -0.91515402  1.50651019]
 [ 0.          0.          0.          1.        ]]"
sun3d-home_md-home_md_scan9_2012_sep_30,22,27,6.0,30,0.24973054754078605,0.2905668208626495,0.02418452783898177,0.0225507873416394,"[[ 0.10098996 -0.91721636  0.38537666 -1.67104191]
 [ 0.24738382  0.39834216  0.88324672 -2.36579682]
 [-0.96364012  0.0061369   0.26713305 -0.01194351]
 [ 0.          0.          0.          1.        ]]","[[ 0.15149684 -0.87225721  0.4649904  -1.92062444]
 [-0.04597767  0.46369253  0.8848024  -2.32885852]
 [-0.98738785 -0.15542395  0.0301436   0.5993565 ]
 [ 0.          0.          0.          1.        ]]"
sun3d-home_md-home_md_scan9_2012_sep_30,22,28,2.0,30,0.28625588438966726,0.31020613725229607,0.02212458049199727,0.019881997187406644,"[[-0.03866318 -0.97319284  0.22671756 -0.81947605]
 [-0.49940195  0.21533846  0.83918237 -2.14668736]
 [-0.86550728 -0.08077774 -0.49434007  2.88998506]
 [ 0.          0.          0.          1.        ]]","[[-6.91810041e-04 -9.73851783e-01  2.27183244e-01 -8.86645584e-01]
 [-3.05277225e-01  2.16544035e-01  9.27315748e-01 -2.53325005e+00]
 [-9.52263271e-01 -6.87123440e-02 -2.97444577e-01  2.40866515e+00]
 [ 0.00000000e+00  0.00000000e+00  0.00000000e+00  1.00000000e+00]]"
sun3d-home_md-home_md_scan9_2012_sep_30,22,30,13.0,30,0.33329389231121925,0.42750863388624716,0.025373333195044537,0.0233376147683644,"[[-0.57393042 -0.51805554  0.63421001 -0.95670276]
 [-0.68630728 -0.11821512 -0.71764024  2.77486655]
 [ 0.44675071 -0.8471385  -0.28769803  1.57359575]
 [ 0.          0.          0.          1.        ]]","[[-0.4579869  -0.46768173  0.75599061 -1.51811056]
 [-0.88200607  0.13290768 -0.45210711  2.09290146]
 [ 0.11096527 -0.87384744 -0.4733681   2.43660456]
 [ 0.          0.          0.          1.        ]]"
sun3d-home_md-home_md_scan9_2012_sep_30,22,31,4.0,30,0.19892832475547534,0.22670053249559968,0.022175873755889825,0.021381518571677197,"[[-0.11683148 -0.98705424  0.10988329 -0.39676286]
 [ 0.6445867  -0.15953317 -0.74770125  1.02719058]
 [ 0.75555172 -0.01652574  0.65488053  0.2686353 ]
 [ 0.          0.          0.          1.        ]]","[[-0.21737805 -0.96373555  0.15479201 -0.4682296 ]
 [ 0.56208812 -0.25324528 -0.78735238  1.10281081]
 [ 0.79799983 -0.08414638  0.59675427  0.36360139]
 [ 0.          0.          0.          1.        ]]"
sun3d-home_md-home_md_scan9_2012_sep_30,22,32,3.0,30,0.12628486925041213,0.17100882438504056,0.02245926626394094,0.020256608495383355,"[[-0.919899   -0.31663453 -0.23136207  0.10554507]
 [-0.37126326  0.51317836  0.77382915 -2.06663886]
 [-0.12629102  0.7977409  -0.58962703  2.72211476]
 [ 0.          0.          0.          1.        ]]","[[-0.94643452 -0.30538998 -0.10487453 -0.26457025]
 [-0.32246866  0.91064021  0.25835707 -0.44823836]
 [ 0.01660331  0.2783368  -0.96034002  3.52946367]
 [ 0.          0.          0.          1.        ]]"
sun3d-home_md-home_md_scan9_2012_sep_30,22,33,4.0,30,0.21451601765633882,0.28530603789420006,0.022724534347219903,0.02125370397749708,"[[ 0.50815044  0.6431477  -0.57283869  0.44015426]
 [-0.33373729  0.76018509  0.55743884 -1.51302719]
 [ 0.79397893 -0.09208516  0.60093076 -1.67855786]
 [ 0.          0.          0.          1.        ]]","[[ 0.49348212  0.7423123  -0.45326355  0.09893762]
 [-0.40043255  0.65652851  0.63923711 -1.64630835]
 [ 0.77209401 -0.1339506   0.62123109 -1.59400453]
 [ 0.          0.          0.          1.        ]]"
sun3d-home_md-home_md_scan9_2012_sep_30,22,34,14.0,30,0.3006333657727222,0.35473269411783476,0.02298183724025037,0.024011153279103543,"[[ 0.80211035 -0.40028431  0.44316075 -1.10040613]
 [ 0.28695358  0.90915637  0.30181507 -0.40908978]
 [-0.52371426 -0.11492243  0.84410675 -0.08289282]
 [ 0.          0.          0.          1.        ]]","[[ 0.88612854 -0.32181423  0.33348436 -0.94639131]
 [ 0.21879949  0.92484958  0.3110949  -0.38833485]
 [-0.40853763 -0.20270386  0.8899484  -0.20745265]
 [ 0.          0.          0.          1.        ]]"
sun3d-home_md-home_md_scan9_2012_sep_30,22,35,8.0,30,0.24726285202849332,0.25696700709880704,0.023434207792508266,0.02186592862131129,"[[-0.828188   -0.55942125  0.03394852 -0.22582258]
 [ 0.5238069  -0.79416113 -0.30811431  0.45520249]
 [ 0.19932629 -0.23739411  0.95074343 -1.75368549]
 [ 0.          0.          0.          1.        ]]","[[-0.86618072 -0.49406166 -0.07506027  0.07533543]
 [ 0.49689122 -0.83549853 -0.23460885  0.27706723]
 [ 0.05319849 -0.24051046  0.96918762 -1.73062587]
 [ 0.          0.          0.          1.        ]]"
sun3d-home_md-home_md_scan9_2012_sep_30,22,36,7.0,30,0.29121702840318203,0.29915182128820517,0.022776591801979485,0.02215354941168075,"[[-0.32100202  0.86894491  0.37668613 -0.80802725]
 [ 0.93409066  0.22483728  0.27734967 -0.67158949]
 [ 0.1563085   0.4408888  -0.88384655  2.35450114]
 [ 0.          0.          0.          1.        ]]","[[-0.29797194  0.85714392  0.42013929 -0.90859904]
 [ 0.9529612   0.24152748  0.18311043 -0.47271911]
 [ 0.0554768   0.45493821 -0.88879331  2.38235798]
 [ 0.          0.          0.          1.        ]]"
sun3d-home_md-home_md_scan9_2012_sep_30,22,37,8.0,30,0.25050670889846205,0.2815412668085694,0.024604623210239485,0.02301118935448697,"[[ 0.74940335 -0.36152707  0.55470064 -1.84101576]
 [ 0.22087465 -0.65328189 -0.72418033  0.99621496]
 [ 0.62418668  0.66522248 -0.40971947  0.9406784 ]
 [ 0.          0.          0.          1.        ]]","[[ 0.85138819 -0.24800846  0.4622012  -1.75478066]
 [ 0.13309112 -0.75018643 -0.64769366  0.97931996]
 [ 0.50737058  0.61295361 -0.60569214  1.3773442 ]
 [ 0.          0.          0.          1.        ]]"
sun3d-home_md-home_md_scan9_2012_sep_30,22,39,2.0,30,0.06077810550366106,0.090527025895816,0.024494233437406865,0.023718041302454113,"[[-1.01774477e-03  1.44409734e-01 -9.89517455e-01  2.20813448e+00]
 [ 9.63136833e-01  2.66331967e-01  3.78777563e-02 -2.87820965e-01]
 [ 2.69010046e-01 -9.53002158e-01 -1.39357392e-01  1.48994943e+00]
 [ 0.00000000e+00  0.00000000e+00  0.00000000e+00  1.00000000e+00]]","[[-0.07569111  0.26812478 -0.96040614  2.09279068]
 [ 0.88670638  0.45865958  0.05816519 -0.39234431]
 [ 0.456095   -0.84719566 -0.27246441  1.6820303 ]
 [ 0.          0.          0.          1.        ]]"
sun3d-home_md-home_md_scan9_2012_sep_30,22,47,2.0,30,0.09186033528464103,0.128774344823186,0.02277217707907713,0.02278820942871356,"[[-0.19170699  0.87754688 -0.4394996   1.25495511]
 [ 0.51642238 -0.29060774 -0.8055154   1.65906255]
 [-0.83459952 -0.38139036 -0.39747332  1.93033974]
 [ 0.          0.          0.          1.        ]]","[[-0.26300095  0.87558455 -0.40519402  1.22931891]
 [ 0.73280762 -0.09188604 -0.67420319  1.34843564]
 [-0.62755357 -0.47424535 -0.61746891  2.27319485]
 [ 0.          0.          0.          1.        ]]"
sun3d-home_md-home_md_scan9_2012_sep_30,22,48,5.0,30,0.29229816457333857,0.29827910192620116,0.02214315830506609,0.021189308473004223,"[[ 0.72498485  0.55672431 -0.40553054  0.90110977]
 [ 0.64327852 -0.75771817  0.10979951 -1.71411877]
 [-0.2461498  -0.34047206 -0.90746298  3.37101395]
 [ 0.          0.          0.          1.        ]]","[[ 0.70700905  0.59531233 -0.38176097  0.87122182]
 [ 0.69959447 -0.66772243  0.25439013 -2.13854035]
 [-0.10346879 -0.44693399 -0.88856301  3.09181377]
 [ 0.          0.          0.          1.        ]]"
sun3d-home_md-home_md_scan9_2012_sep_30,22,49,1.0,30,0.11839773471510576,0.14324652309588937,0.02627163099936979,0.023499557724986277,"[[-0.70421366 -0.16312257 -0.69099504  0.36841547]
 [ 0.345866    0.77114177 -0.53452509  1.05825225]
 [ 0.62004825 -0.61541156 -0.48663002  1.82282307]
 [ 0.          0.          0.          1.        ]]","[[-0.88491101 -0.23053887 -0.40470277 -0.16008705]
 [ 0.00424042  0.86488438 -0.50195322  0.81860761]
 [ 0.46574083 -0.44590004 -0.76436813  2.19574612]
 [ 0.          0.          0.          1.        ]]"
sun3d-home_md-home_md_scan9_2012_sep_30,22,51,1.0,30,0.12817557614286484,0.1616111934929747,0.022849750798135456,0.02228215059877967,"[[ 0.6432868   0.64314744  0.41538352 -0.93897088]
 [ 0.55406482 -0.01663041 -0.8323074   2.40978626]
 [-0.52838838  0.76556175 -0.36704349  2.42627331]
 [ 0.          0.          0.          1.        ]]","[[ 0.59783581  0.76493313  0.23972827 -0.34911381]
 [ 0.51873599 -0.1411628  -0.84319988  2.43256449]
 [-0.61115082  0.62845077 -0.48119052  2.71218341]
 [ 0.          0.          0.          1.        ]]"
sun3d-home_md-home_md_scan9_2012_sep_30,22,52,2.0,30,0.14815188511081961,0.17320821982309217,0.02254772060737763,0.022756175081523694,"[[-0.57118623  0.1901134  -0.79850059  1.25312159]
 [-0.73165048 -0.55888363  0.3903033  -1.87839691]
 [-0.37206702  0.80715921  0.45832319 -0.20396334]
 [ 0.          0.          0.          1.        ]]","[[-0.60094689  0.22691297 -0.76640286  1.1480193 ]
 [-0.6354192  -0.71730298  0.28586512 -1.61512732]
 [-0.48487655  0.65877685  0.57524586 -0.70673307]
 [ 0.          0.          0.          1.        ]]"
sun3d-home_md-home_md_scan9_2012_sep_30,22,53,14.0,30,0.480268771331058,0.5105410978384528,0.020716652574391863,0.020018959250963288,"[[-0.72415302  0.62857215  0.28372426 -0.47512548]
 [-0.6779052  -0.72436919 -0.12543447  0.06064096]
 [ 0.12667649 -0.2831719   0.95066647 -0.21393981]
 [ 0.          0.          0.          1.        ]]","[[-0.71751125  0.6443663   0.26451783 -0.43834564]
 [-0.62456849 -0.76329222  0.16522466 -0.24481902]
 [ 0.30836961 -0.04665895  0.95012164 -0.21099437]
 [ 0.          0.          0.          1.        ]]"
sun3d-home_md-home_md_scan9_2012_sep_30,22,54,5.0,30,0.24711875919846032,0.27047813125023584,0.019630773584127976,0.019010272540131202,"[[ 0.87341717 -0.48634637 -0.02469121 -0.22850555]
 [ 0.4780219   0.84658378  0.23407469 -0.20329109]
 [-0.0929382  -0.21624779  0.97190503 -0.21538848]
 [ 0.          0.          0.          1.        ]]","[[ 0.82729372 -0.53976622 -0.15568407 -0.06339365]
 [ 0.56170691  0.79894233  0.21488717 -0.21235779]
 [ 0.00839376 -0.26522363  0.96415039 -0.25292948]
 [ 0.          0.          0.          1.        ]]"
sun3d-home_md-home_md_scan9_2012_sep_30,22,55,3.0,30,0.14702834257135788,0.18480506542393507,0.023824627847236202,0.02097764646910263,"[[-0.6189511  -0.62390774  0.47711494 -1.53346337]
 [-0.71661477  0.69723968 -0.01789143 -0.0730843 ]
 [-0.32150087 -0.35298153 -0.87865877  2.6353362 ]
 [ 0.          0.          0.          1.        ]]","[[-0.62643677 -0.655506    0.42176872 -1.44313371]
 [-0.72707682  0.68643193 -0.01305789 -0.01061389]
 [-0.28095599 -0.3148382  -0.90660942  2.78687374]
 [ 0.          0.          0.          1.        ]]"
sun3d-home_md-home_md_scan9_2012_sep_30,22,58,1.0,30,0.18013776834482545,0.21598908276729906,0.02238384982110668,0.02124672820563128,"[[ 0.83275229  0.01777539  0.55336034 -2.32495474]
 [ 0.507513    0.37491985 -0.77580001  2.41522778]
 [-0.22125593  0.9268868   0.30319412 -0.44266852]
 [ 0.          0.          0.          1.        ]]","[[ 0.88783592 -0.11772429  0.44484646 -1.92357838]
 [ 0.44143766  0.49084484 -0.75113523  2.24729241]
 [-0.12992373  0.86325682  0.48775762 -1.11450969]
 [ 0.          0.          0.          1.        ]]"
sun3d-home_md-home_md_scan9_2012_sep_30,22,59,4.0,30,0.10350218183454046,0.11863256706704454,0.022115965481757222,0.01787825228834545,"[[-0.91598865 -0.21115747 -0.34114119  1.78875866]
 [-0.30826316  0.91463226  0.26157533 -0.06805987]
 [ 0.25678515  0.34476129 -0.90288484  3.05910426]
 [ 0.          0.          0.          1.        ]]","[[-0.95315697 -0.2851498  -0.10090288  1.10054968]
 [-0.28703938  0.95790858  0.00442153  0.66571227]
 [ 0.09539494  0.03317751 -0.99488645  3.39553994]
 [ 0.          0.          0.          1.        ]]"
sun3d-home_md-home_md_scan9_2012_sep_30,23,25,4.0,30,0.5051913446960996,0.6254651536729913,0.02238735485403884,0.022248067472667103,"[[-0.64118932  0.55266235  0.53239138 -0.75916217]
 [-0.41506836 -0.83330159  0.3651393  -0.28227304]
 [ 0.64544133  0.01314461  0.76369674  0.13986221]
 [ 0.          0.          0.          1.        ]]","[[-0.90090819  0.37678962  0.21539272 -0.49593568]
 [-0.29580589 -0.89623443  0.33054912 -0.22837933]
 [ 0.31758985  0.23407998  0.91888152 -0.03728352]
 [ 0.          0.          0.          1.        ]]"
sun3d-home_md-home_md_scan9_2012_sep_30,23,26,3.0,30,0.26581454643048846,0.28393048845947394,0.021928297019916335,0.021693753870640202,"[[-0.40858547  0.84111739 -0.3543719   0.69338564]
 [-0.70936241 -0.04832383  0.70318545 -2.26586048]
 [ 0.5743369   0.53868947  0.61640148 -0.17971814]
 [ 0.          0.          0.          1.        ]]","[[-0.46401995  0.83646342 -0.29157235  0.49825106]
 [-0.65501935 -0.10240637  0.74864049 -2.35873118]
 [ 0.59635152  0.53836965  0.59541833 -0.06224849]
 [ 0.          0.          0.          1.        ]]"
sun3d-home_md-home_md_scan9_2012_sep_30,23,27,5.0,30,0.14450015732006935,0.16276936877832598,0.021215664980380647,0.020105417922970718,"[[-0.40513536  0.85510193 -0.3235213   0.19724315]
 [-0.88025589 -0.46043596 -0.11466599  0.38588654]
 [-0.24701195  0.23832629  0.9392474  -0.07217835]
 [ 0.          0.          0.          1.        ]]","[[-0.50997859  0.79452225 -0.32963045  0.23156787]
 [-0.85949176 -0.48607217  0.15813842  0.16010369]
 [-0.03457969  0.36396186  0.93077173 -0.14028884]
 [ 0.          0.          0.          1.        ]]"
sun3d-home_md-home_md_scan9_2012_sep_30,23,28,4.0,30,0.4177234669110189,0.4349097318886705,0.022374468817317233,0.020994068209914306,"[[-0.5430882   0.25465312 -0.80012936  2.56303551]
 [ 0.45547162 -0.71118763 -0.53549767  1.16580795]
 [-0.70540826 -0.65525868  0.27025034  0.24429161]
 [ 0.          0.          0.          1.        ]]","[[-0.46782738  0.20042269 -0.86079515  2.67508977]
 [ 0.50522274 -0.73848838 -0.44652536  0.8708326 ]
 [-0.72518103 -0.64379008  0.24422698  0.37750825]
 [ 0.          0.          0.          1.        ]]"
sun3d-home_md-home_md_scan9_2012_sep_30,23,29,9.0,30,0.6278425655976676,0.6547619047619048,0.021416998045056524,0.01950475678182684,"[[ 0.60232201 -0.72149297 -0.34154953  0.85983147]
 [-0.74737341 -0.35938966 -0.55881308  2.75182125]
 [ 0.28043034  0.59185045 -0.75569297  2.55992439]
 [ 0.          0.          0.          1.        ]]","[[ 0.56182815 -0.72865881 -0.39167011  1.05693885]
 [-0.75177038 -0.25212347 -0.60932344  2.86260771]
 [ 0.34523966  0.63678105 -0.68943417  2.29007147]
 [ 0.          0.          0.          1.        ]]"
sun3d-home_md-home_md_scan9_2012_sep_30,23,31,2.0,30,0.20251542900430006,0.3060067286054854,0.027308032109600738,0.023507597064091005,"[[-0.72115211  0.08442373  0.68761346 -1.10830588]
 [ 0.40023505  0.86091895  0.31405488  0.15443518]
 [-0.56546577  0.50168835 -0.65464285  1.30550282]
 [ 0.          0.          0.          1.        ]]","[[-0.58996719  0.14746271  0.79384725 -1.26311046]
 [ 0.44051401  0.88274981  0.16340188  0.35322739]
 [-0.67667283  0.44610258 -0.58575282  1.13382782]
 [ 0.          0.          0.          1.        ]]"
sun3d-home_md-home_md_scan9_2012_sep_30,23,33,1.0,30,0.20021140862950904,0.25200121108461127,0.025792231715581534,0.022837063102967084,"[[-0.88021382 -0.46886146 -0.07343401  0.80703759]
 [-0.46554262  0.82300824  0.32546506 -0.90481125]
 [-0.09216123  0.32066551 -0.94269822  3.26048771]
 [ 0.          0.          0.          1.        ]]","[[-0.82241266 -0.55800064  0.11078223  0.33609752]
 [-0.47707724  0.78255727  0.40000179 -1.02001118]
 [-0.3098947   0.27611485 -0.90979441  3.27388913]
 [ 0.          0.          0.          1.        ]]"
sun3d-home_md-home_md_scan9_2012_sep_30,23,34,2.0,30,0.3460538281137825,0.38901740559340153,0.022169305553974394,0.02053765124207474,"[[ 0.28416819 -0.83427033 -0.47248434  0.36388924]
 [ 0.89799794  0.05892864  0.43603569 -0.91564768]
 [-0.33592878 -0.54819744  0.76591868  0.04495231]
 [ 0.          0.          0.          1.        ]]","[[ 0.27097855 -0.87015717 -0.41157883  0.33156482]
 [ 0.93048851  0.12729712  0.34349175 -0.78626153]
 [-0.24649901 -0.47604826  0.84416603 -0.12885502]
 [ 0.          0.          0.          1.        ]]"
sun3d-home_md-home_md_scan9_2012_sep_30,23,35,7.0,30,0.3059659404386793,0.33654966099824674,0.023912162113547904,0.02310163294752904,"[[-0.64991316 -0.49983509  0.57251879 -1.19839298]
 [-0.66949891  0.73305382 -0.12001376  0.42514072]
 [-0.3597     -0.46129923 -0.81106037  2.78351062]
 [ 0.          0.          0.          1.        ]]","[[-0.70663691 -0.5294597   0.46940037 -0.97942894]
 [-0.66807529  0.71779074 -0.19609143  0.64633902]
 [-0.23310873 -0.45216023 -0.86093638  2.8867412 ]
 [ 0.          0.          0.          1.        ]]"
sun3d-home_md-home_md_scan9_2012_sep_30,23,36,8.0,30,0.28715171323996164,0.3090855066787321,0.02406760762859601,0.024129878285131582,"[[-0.75331933  0.58932868  0.29189329 -0.68404631]
 [-0.63390574 -0.76887453 -0.08363891  0.44874502]
 [ 0.1751385  -0.24803964  0.95278688 -1.14013319]
 [ 0.          0.          0.          1.        ]]","[[-0.7577004   0.62695765  0.18114692 -0.45880226]
 [-0.6510167  -0.70681728 -0.27674283  0.81088913]
 [-0.04546826 -0.32761782  0.94371564 -1.07695929]
 [ 0.          0.          0.          1.        ]]"
sun3d-home_md-home_md_scan9_2012_sep_30,23,37,3.0,30,0.24188357681997485,0.24898839836400224,0.026147684879367927,0.02547082895618757,"[[ 0.0332694   0.51851185  0.85442297 -1.62167255]
 [-0.99400086  0.10628657 -0.0257964   0.97510174]
 [-0.10418943 -0.84843893  0.51893732  0.00720892]
 [ 0.          0.          0.          1.        ]]","[[-0.05513338  0.4902792   0.86981987 -1.59836233]
 [-0.98825104  0.09757533 -0.11763904  1.13685228]
 [-0.14254894 -0.86608623  0.47913927  0.118915  ]
 [ 0.          0.          0.          1.        ]]"
sun3d-home_md-home_md_scan9_2012_sep_30,23,41,1.0,30,0.0702930426058833,0.08215295462996092,0.02577705746692696,0.023256425648536697,"[[-0.49248427  0.7467061   0.44708975 -1.05029658]
 [-0.8608978  -0.34256882 -0.37616696  1.00094044]
 [-0.12772715 -0.57015489  0.81154739 -0.50371637]
 [ 0.          0.          0.          1.        ]]","[[-0.49787561  0.79502371  0.34649268 -0.88276294]
 [-0.86417615 -0.48839559 -0.121117    0.68593786]
 [ 0.07293461 -0.35973191  0.93020078 -0.81670591]
 [ 0.          0.          0.          1.        ]]"
sun3d-home_md-home_md_scan9_2012_sep_30,23,49,2.0,30,0.17569441769079633,0.19788977925029858,0.020804721303722733,0.021115161127033554,"[[ 0.16410983 -0.98278496  0.08486275 -1.69415414]
 [-0.54834896 -0.16240055 -0.82032889  2.58379948]
 [ 0.81998865  0.08808963 -0.56556064  1.61777764]
 [ 0.          0.          0.          1.        ]]","[[ 0.04064999 -0.99916407  0.00432987 -1.35795827]
 [-0.70778308 -0.03185364 -0.70571131  2.61587732]
 [ 0.7052593   0.02562255 -0.70848627  2.0089163 ]
 [ 0.          0.          0.          1.        ]]"
sun3d-home_md-home_md_scan9_2012_sep_30,23,51,1.0,30,0.055810857766489017,0.07552622434946876,0.025931090991568654,0.024231163242296627,"[[ 0.49032065 -0.78717597 -0.37408508  0.82669624]
 [-0.64494367 -0.61641187  0.45175665 -0.4169247 ]
 [-0.58620247  0.0197582  -0.80992363  2.72952302]
 [ 0.          0.          0.          1.        ]]","[[ 0.3188927  -0.7825259  -0.5347529   1.23753084]
 [-0.66636619 -0.58633014  0.46062248 -0.4868776 ]
 [-0.67399076  0.20945211 -0.7084252   2.38559068]
 [ 0.          0.          0.          1.        ]]"
sun3d-home_md-home_md_scan9_2012_sep_30,23,52,7.0,30,0.18124082108543818,0.189957286516665,0.022853073008260328,0.02265716944581438,"[[ 0.75451209 -0.44664038 -0.48085744  0.44031257]
 [ 0.27723291 -0.4472009   0.85038419 -1.02940508]
 [-0.59485579 -0.77493466 -0.21359507  1.08649975]
 [ 0.          0.          0.          1.        ]]","[[ 0.7006649  -0.46810286 -0.53846858  0.5015366 ]
 [ 0.26880853 -0.52589778  0.80695322 -0.95083815]
 [-0.66091654 -0.71014874 -0.24264808  1.14204856]
 [ 0.          0.          0.          1.        ]]"
sun3d-home_md-home_md_scan9_2012_sep_30,23,53,6.0,30,0.6235779294653014,0.6667199943117179,0.021969551739053603,0.02192813884827837,"[[ 0.71533048  0.66915102 -0.20134354  0.2255036 ]
 [-0.61404246  0.73945544  0.2759665  -0.15410395]
 [ 0.33354784 -0.07377377  0.93984215 -0.23052505]
 [ 0.          0.          0.          1.        ]]","[[ 0.65250415  0.6995345  -0.29135857  0.33063995]
 [-0.6819572   0.70971827  0.17673244 -0.10255353]
 [ 0.33041294  0.08337543  0.94014671 -0.21611757]
 [ 0.          0.          0.          1.        ]]"
sun3d-home_md-home_md_scan9_2012_sep_30,23,54,3.0,30,0.20298124457526698,0.30056983282388017,0.026867231207605927,0.022559754883315998,"[[ 0.7888586   0.59636608 -0.14849108  0.21725129]
 [-0.56663443  0.79932852  0.19999836 -0.21629151]
 [ 0.23796539 -0.07363027  0.96847873 -0.10382992]
 [ 0.          0.          0.          1.        ]]","[[ 0.78038038  0.56691874 -0.26383632  0.27288576]
 [-0.58974617  0.80753663 -0.0091674   0.01670697]
 [ 0.20786032  0.16275052  0.9645239  -0.21586981]
 [ 0.          0.          0.          1.        ]]"
sun3d-home_md-home_md_scan9_2012_sep_30,23,55,3.0,30,0.18954554268101068,0.23916342945782046,0.025614990728244764,0.02399822387925708,"[[ 0.05765913 -0.989823   -0.1300994  -0.09385043]
 [ 0.91974537  0.10334767 -0.3786657   0.96842539]
 [ 0.38825748 -0.09782479  0.91634406 -0.17367374]
 [ 0.          0.          0.          1.        ]]","[[-0.04295932 -0.99720886 -0.0610654  -0.20763984]
 [ 0.8321053  -0.00188418 -0.55461448  1.13630119]
 [ 0.55295141 -0.07463871  0.82986372 -0.03294497]
 [ 0.          0.          0.          1.        ]]"
sun3d-home_md-home_md_scan9_2012_sep_30,23,56,4.0,30,0.18839535856710854,0.2128682720671959,0.025177435273226804,0.02258870937152173,"[[-0.06179194  0.98413438  0.16631678 -0.60976902]
 [ 0.92634354 -0.00548802  0.37663979  0.23530493]
 [ 0.37157692  0.17733978 -0.91130741  2.27945166]
 [ 0.          0.          0.          1.        ]]","[[ 0.01763912  0.99561528  0.09186442 -0.44427938]
 [ 0.94573172 -0.04643037  0.32161425  0.28602596]
 [ 0.32446936  0.08120611 -0.94240395  2.25725283]
 [ 0.          0.          0.          1.        ]]"
sun3d-home_md-home_md_scan9_2012_sep_30,23,57,2.0,30,0.16688009680448687,0.17236246747510292,0.02536117172461785,0.024890712821724083,"[[-0.74470036 -0.26224985 -0.61371523  0.67608769]
 [ 0.52109883  0.34605743 -0.78019245  1.8945922 ]
 [ 0.41698607 -0.90081589 -0.121051    1.14604443]
 [ 0.          0.          0.          1.        ]]","[[-0.72750418 -0.30626639 -0.61395324  0.65678416]
 [ 0.52694621  0.32365635 -0.78585893  1.93360949]
 [ 0.43939204 -0.89523598 -0.07407544  1.04305418]
 [ 0.          0.          0.          1.        ]]"
sun3d-home_md-home_md_scan9_2012_sep_30,23,58,2.0,30,0.09893742135237905,0.12650823421304377,0.024607508156345482,0.02574986459907465,"[[ 0.95900605  0.27499165  0.06846161  0.56505593]
 [ 0.27081483 -0.96047442  0.06440668 -0.02314957]
 [ 0.08346692 -0.04322597 -0.99557259  2.42725994]
 [ 0.          0.          0.          1.        ]]","[[ 0.93199086  0.2759603   0.23502966  0.25863674]
 [ 0.24056519 -0.95590656  0.16843707 -0.19365942]
 [ 0.27114834 -0.10044186 -0.95728262  2.56241492]
 [ 0.          0.          0.          1.        ]]"
sun3d-home_md-home_md_scan9_2012_sep_30,24,26,2.0,30,0.30323403113258185,0.3327026301663983,0.025444687944010627,0.023380545716642456,"[[ 0.58373404  0.80386162  0.11428504  0.52586385]
 [-0.46972561  0.21953008  0.85508152 -2.77520778]
 [ 0.66227821 -0.5528228   0.50574157  0.07000231]
 [ 0.          0.          0.          1.        ]]","[[ 0.48784567  0.8704509   0.06574069  0.54083955]
 [-0.47906305  0.20401286  0.85374314 -2.74457364]
 [ 0.72972954 -0.44798883  0.51652765  0.11007759]
 [ 0.          0.          0.          1.        ]]"
sun3d-home_md-home_md_scan9_2012_sep_30,24,27,2.0,30,0.3080260013255053,0.3644603921621133,0.02495056113957967,0.024495673988580404,"[[-0.38935747  0.68288302  0.61811936 -1.82207798]
 [-0.77315064  0.12244766 -0.62228986  1.52214458]
 [-0.50063845 -0.72019258  0.48029553 -0.88998795]
 [ 0.          0.          0.          1.        ]]","[[-0.31964481  0.69322169  0.64596508 -1.897961  ]
 [-0.77679275  0.19867798 -0.59759525  1.56142909]
 [-0.54260502 -0.69279921  0.4749832  -0.83537862]
 [ 0.          0.          0.          1.        ]]"
sun3d-home_md-home_md_scan9_2012_sep_30,24,28,5.0,30,0.36565405034869164,0.41114833908074117,0.026728759710489124,0.026450540570455153,"[[-0.01476184  0.98142718  0.19126623 -0.58403978]
 [-0.96762798  0.03417806 -0.25005588  1.03429681]
 [-0.25194875 -0.18876585  0.94915188 -1.7297915 ]
 [ 0.          0.          0.          1.        ]]","[[ 0.09411244  0.97001739  0.22407388 -0.77142606]
 [-0.95091292  0.15423272 -0.26828509  1.14447837]
 [-0.29480073 -0.18782578  0.93691729 -1.65832314]
 [ 0.          0.          0.          1.        ]]"
sun3d-home_md-home_md_scan9_2012_sep_30,24,31,3.0,30,0.3390481919657777,0.35199295947240605,0.02279624805740524,0.022141793944058512,"[[ 0.47644152  0.52398085  0.70600818 -0.76848065]
 [ 0.86049337 -0.44269312 -0.25213879  0.81504962]
 [ 0.18042906  0.72764474 -0.66179943  2.0190881 ]
 [ 0.          0.          0.          1.        ]]","[[ 0.54444567  0.55799798  0.62627244 -0.62660874]
 [ 0.83175718 -0.45566959 -0.31708866  0.86977126]
 [ 0.10843847  0.69354414 -0.71220616  2.01190265]
 [ 0.          0.          0.          1.        ]]"
sun3d-home_md-home_md_scan9_2012_sep_30,24,32,4.0,30,0.12088276174160391,0.13716585318550603,0.02446889766950165,0.02398142797654581,"[[ 0.9461551  -0.32243984 -0.02868926  0.06353529]
 [ 0.31242793  0.93277311 -0.1797863  -0.0538668 ]
 [ 0.08473083  0.1611424   0.98328725 -0.35787774]
 [ 0.          0.          0.          1.        ]]","[[ 0.9687334  -0.22615394 -0.10202934  0.12996889]
 [ 0.2059236   0.96228312 -0.17778263 -0.04937149]
 [ 0.13838735  0.15121373  0.97876624 -0.29613285]
 [ 0.          0.          0.          1.        ]]"
sun3d-home_md-home_md_scan9_2012_sep_30,24,34,4.0,30,0.4269236291699239,0.4384103635870519,0.02426135674190698,0.024422425028970768,"[[ 0.94940984 -0.29069718 -0.11881117 -0.50562132]
 [ 0.31340871  0.90104594  0.29981861 -0.57089692]
 [ 0.01989789 -0.3218872   0.94656891 -0.1922392 ]
 [ 0.          0.          0.          1.        ]]","[[ 0.93556118 -0.29174871 -0.19901749 -0.4087144 ]
 [ 0.33762767  0.90417235  0.26168667 -0.5554676 ]
 [ 0.10359937 -0.31201771  0.94441099 -0.21612311]
 [ 0.          0.          0.          1.        ]]"
sun3d-home_md-home_md_scan9_2012_sep_30,24,35,1.0,30,0.3344592523570737,0.3642337824748967,0.024698601304436924,0.022591867792351422,"[[ 0.66858153  0.72049245  0.18409067 -1.07714396]
 [-0.5550786   0.64825625 -0.52120205  1.58715083]
 [-0.49486007  0.24628127  0.83334209 -0.64185108]
 [ 0.          0.          0.          1.        ]]","[[ 0.57461007  0.808252    0.12865449 -0.86475443]
 [-0.66860518  0.55424458 -0.4957621   1.55390233]
 [-0.47200676  0.19885083  0.85887599 -0.67345475]
 [ 0.          0.          0.          1.        ]]"
sun3d-home_md-home_md_scan9_2012_sep_30,24,36,2.0,30,0.3601247957212896,0.38721113977390903,0.02479398504446612,0.024012639757174707,"[[ 0.75351001 -0.37438363 -0.54042536  0.68001663]
 [ 0.04671521  0.85043128 -0.52400794  1.05356113]
 [ 0.65577463  0.36959915  0.65829789 -0.40542039]
 [ 0.          0.          0.          1.        ]]","[[ 0.78573776 -0.28220026 -0.55043545  0.6716771 ]
 [ 0.03894792  0.91067176 -0.41129066  0.79169827]
 [ 0.61733236  0.30172828  0.7265403  -0.53691531]
 [ 0.          0.          0.          1.        ]]"
sun3d-home_md-home_md_scan9_2012_sep_30,24,37,5.0,30,0.38216384677413495,0.39375095348448635,0.02302112093296368,0.022870951255647812,"[[-0.00375219 -0.97676879  0.21426303 -0.42927234]
 [ 0.48952692 -0.18862988 -0.85134139  1.18580578]
 [ 0.87198011  0.10169313  0.4788624  -0.52654026]
 [ 0.          0.          0.          1.        ]]","[[-0.04146998 -0.9729544   0.22724433 -0.43848439]
 [ 0.55453813 -0.21160694 -0.80480431  1.03573307]
 [ 0.83112436  0.09264043  0.54831564 -0.62220933]
 [ 0.          0.          0.          1.        ]]"
sun3d-home_md-home_md_scan9_2012_sep_30,24,40,1.0,30,0.101835840831668,0.12426008953132388,0.025813127090090857,0.025359637993416728,"[[-0.77410416  0.53603634 -0.33679043 -0.03733914]
 [ 0.13434784  0.65899048  0.74005554 -1.62460789]
 [ 0.61863835  0.527633   -0.5821426   1.9880661 ]
 [ 0.          0.          0.          1.        ]]","[[-0.66208605  0.56884001 -0.4879171   0.31432618]
 [ 0.16248734  0.74452536  0.64751822 -1.48926871]
 [ 0.73160093  0.34943243 -0.58536916  2.07490532]
 [ 0.          0.          0.          1.        ]]"
sun3d-home_md-home_md_scan9_2012_sep_30,24,42,1.0,30,0.15834449441158907,0.16568887749353106,0.02266330518431905,0.021655925024099045,"[[ 0.90392963 -0.27195064 -0.33008193  0.52759909]
 [-0.40726855 -0.31175757 -0.85845183  2.73651171]
 [ 0.13055098  0.91041203 -0.39256385  1.99668402]
 [ 0.          0.          0.          1.        ]]","[[ 0.93683312 -0.26701962 -0.2259297   0.19967067]
 [-0.32037483 -0.39584355 -0.86062062  2.73599928]
 [ 0.14036978  0.87864009 -0.45638571  2.19148056]
 [ 0.          0.          0.          1.        ]]"
sun3d-home_md-home_md_scan9_2012_sep_30,24,47,3.0,30,0.13505495031343212,0.14496435008693156,0.02694155207651184,0.025978275969868774,"[[ 0.10090125 -0.95966005 -0.26243383  0.50863473]
 [-0.41458342  0.19922906 -0.88793489  1.55823742]
 [ 0.90440009  0.19839445 -0.37775668  1.61899751]
 [ 0.          0.          0.          1.        ]]","[[ 0.20843182 -0.94606548 -0.24802475  0.47292992]
 [-0.40460906  0.14746783 -0.90252133  1.6179959 ]
 [ 0.89041995  0.28846722 -0.35204968  1.58339357]
 [ 0.          0.          0.          1.        ]]"
sun3d-home_md-home_md_scan9_2012_sep_30,24,52,4.0,30,0.1819022634782901,0.1895873272121885,0.023473986001675277,0.02313819098581762,"[[-0.2541499  -0.15345824 -0.95491277  1.16827829]
 [-0.67390719  0.73629054  0.06103552 -0.14940573]
 [ 0.69372684  0.65903476 -0.29054478  1.55317928]
 [ 0.          0.          0.          1.        ]]","[[-0.18775007 -0.15597332 -0.9697537   1.22415062]
 [-0.68883973  0.72471895  0.01680106 -0.05761111]
 [ 0.70017836  0.67115927 -0.24350666  1.46735146]
 [ 0.          0.          0.          1.        ]]"
sun3d-home_md-home_md_scan9_2012_sep_30,24,53,18.0,30,0.6144766780432309,0.6590052616609784,0.023383568683609447,0.02248524632722648,"[[-0.59864912 -0.77765167  0.19203416 -0.50631905]
 [-0.08890271  0.30276369  0.94891014 -1.32249262]
 [-0.79606252  0.55099187 -0.25038455  0.99024673]
 [ 0.          0.          0.          1.        ]]","[[-0.65418749 -0.74448328  0.1333543  -0.47011568]
 [-0.01806825  0.19164997  0.98129701 -1.31943981]
 [-0.75611657  0.63954275 -0.13882653  0.90153219]
 [ 0.          0.          0.          1.        ]]"
sun3d-home_md-home_md_scan9_2012_sep_30,24,54,6.0,30,0.26772331031359675,0.32491037397637645,0.02379017869673014,0.022289188327147737,"[[ 0.11568173 -0.84013993  0.52988928 -0.98462534]
 [-0.3288696   0.47098619  0.81854554 -0.75269142]
 [-0.93726332 -0.26895524 -0.22181198  1.28896578]
 [ 0.          0.          0.          1.        ]]","[[ 0.09240074 -0.72727593  0.68009693 -1.10874015]
 [-0.45195432  0.57797393  0.67947291 -0.6227864 ]
 [-0.88724258 -0.37015655 -0.27529028  1.24867351]
 [ 0.          0.          0.          1.        ]]"
sun3d-home_md-home_md_scan9_2012_sep_30,24,55,8.0,30,0.23428254314235472,0.24632429143571605,0.02404639246050447,0.02308374417332196,"[[-0.56887346  0.17654141  0.80325346 -1.36676737]
 [ 0.78986205  0.38938846  0.47380857 -0.22029514]
 [-0.22913079  0.90399655 -0.36095612  1.3722669 ]
 [ 0.          0.          0.          1.        ]]","[[-0.63993025  0.18240122  0.74647108 -1.3145637 ]
 [ 0.73365139  0.43397359  0.52289823 -0.32242868]
 [-0.22857146  0.88226794 -0.41153174  1.47776972]
 [ 0.          0.          0.          1.        ]]"
sun3d-home_md-home_md_scan9_2012_sep_30,24,56,2.0,30,0.1986961196053405,0.22058457480894603,0.025566878312796863,0.024688082056438306,"[[ 0.8855457   0.46351078  0.03108977  0.06155573]
 [ 0.31902548 -0.6554216   0.6845767  -0.67055077]
 [ 0.33768559 -0.59630552 -0.72827753  1.96809306]
 [ 0.          0.          0.          1.        ]]","[[ 0.86674864  0.49864999  0.00974599  0.07047404]
 [ 0.32228259 -0.5748879   0.75208898 -0.80328583]
 [ 0.38063202 -0.64873114 -0.65898952  1.9375488 ]
 [ 0.          0.          0.          1.        ]]"
sun3d-home_md-home_md_scan9_2012_sep_30,24,57,2.0,30,0.2047852892813529,0.2134524087910946,0.02306378094429807,0.02210621815970237,"[[-0.05556482 -0.93604567  0.34746374 -0.5882309 ]
 [-0.43960582  0.33539091  0.83322245 -1.82848665]
 [-0.89647045 -0.10644922 -0.43012707  1.48255891]
 [ 0.          0.          0.          1.        ]]","[[-0.08461046 -0.94607828  0.31269307 -0.5644838 ]
 [-0.44586569  0.31659546  0.83724017 -1.79747402]
 [-0.89109195 -0.06857984 -0.44861113  1.50206277]
 [ 0.          0.          0.          1.        ]]"
sun3d-home_md-home_md_scan9_2012_sep_30,24,58,1.0,30,0.13473387530901873,0.15387332032683124,0.027120190300892227,0.02649792924898054,"[[-0.32547199 -0.27520256 -0.90461679  1.26464495]
 [ 0.92469258 -0.29248276 -0.24371594  0.37804412]
 [-0.19751357 -0.91581515  0.34967272  0.09438904]
 [ 0.          0.          0.          1.        ]]","[[-0.40439925 -0.3228561  -0.85570158  1.19809448]
 [ 0.89735394 -0.32081532 -0.30304032  0.52742945]
 [-0.17668376 -0.89041646  0.41945367 -0.00966257]
 [ 0.          0.          0.          1.        ]]"
sun3d-home_md-home_md_scan9_2012_sep_30,25,27,0.0,30,0.15608828668402766,0.1754420024501764,0.023821160589291034,0.021238766675326006,"[[1. 0. 0. 0.]
 [0. 1. 0. 0.]
 [0. 0. 1. 0.]
 [0. 0. 0. 1.]]","[[ 0.97866437  0.16463256 -0.12293158  0.06707739]
 [-0.1794552   0.97627048 -0.12120968  0.12415806]
 [ 0.10005941  0.1406843   0.9849853  -0.00699882]
 [ 0.          0.          0.          1.        ]]"
sun3d-home_md-home_md_scan9_2012_sep_30,25,28,6.0,30,0.3641501647279366,0.3757615606835335,0.022484255127205043,0.020912214559507075,"[[ 0.50407473  0.41003008  0.76012105 -2.44871207]
 [ 0.15409183  0.82329679 -0.54629489  2.03819147]
 [-0.84980255  0.39250189  0.35182082  0.78237289]
 [ 0.          0.          0.          1.        ]]","[[ 0.49286589  0.38071081  0.78239536 -2.51823363]
 [ 0.06194762  0.88156095 -0.46798801  1.87617864]
 [-0.86789729  0.27912286  0.4109072   0.55438096]
 [ 0.          0.          0.          1.        ]]"
sun3d-home_md-home_md_scan9_2012_sep_30,25,30,11.0,30,0.34618371135087966,0.46819697832469326,0.024139197062424587,0.022025379229547136,"[[ 0.70304671 -0.70791082  0.0677318  -0.30224729]
 [ 0.70195373  0.70606897  0.09342142 -1.22553559]
 [-0.11395736 -0.01813504  0.99332011 -1.67806003]
 [ 0.          0.          0.          1.        ]]","[[ 0.73853354 -0.66617223  0.10384011 -0.53654935]
 [ 0.66217643  0.74566701  0.07418278 -1.23822833]
 [-0.12684865  0.013974    0.99182365 -1.74152928]
 [ 0.          0.          0.          1.        ]]"
sun3d-home_md-home_md_scan9_2012_sep_30,25,31,3.0,30,0.23749526546799457,0.24680836842457055,0.02207461957554011,0.020882388987711727,"[[-0.87267343  0.4422412   0.20703576 -0.59959236]
 [-0.36311485 -0.87120292  0.33038324 -0.34887328]
 [ 0.32647924  0.21313891  0.92085998  0.07643152]
 [ 0.          0.          0.          1.        ]]","[[-0.838888    0.43901984  0.32175845 -0.67491974]
 [-0.37123037 -0.89378968  0.25165058 -0.23822727]
 [ 0.39806398  0.09166014  0.91276694  0.12789516]
 [ 0.          0.          0.          1.        ]]"
sun3d-home_md-home_md_scan9_2012_sep_30,25,34,8.0,30,0.40315247044558955,0.4130916864759656,0.023480756453530732,0.023238745642223647,"[[-0.56230894 -0.76478602 -0.31450119  0.24258463]
 [ 0.73789287 -0.63573119  0.22662736 -0.31772411]
 [-0.37325965 -0.1046336   0.92180749 -0.08544558]
 [ 0.          0.          0.          1.        ]]","[[-0.57022746 -0.79690617 -0.19945223  0.10052761]
 [ 0.72799955 -0.60270186  0.3267524  -0.42377582]
 [-0.38060123  0.04112206  0.92382448 -0.08047613]
 [ 0.          0.          0.          1.        ]]"
sun3d-home_md-home_md_scan9_2012_sep_30,25,35,3.0,30,0.23479396294888613,0.27594620109608525,0.025418838992658715,0.025453994444631967,"[[-0.46870852  0.29938506  0.83107215 -1.98833423]
 [-0.38457109  0.77782027 -0.49709224  1.4396054 ]
 [-0.79524675 -0.55259769 -0.24943615  1.6705562 ]
 [ 0.          0.          0.          1.        ]]","[[-0.63301107  0.34429652  0.69336635 -1.5911483 ]
 [-0.19431792  0.79631528 -0.5728198   1.56009416]
 [-0.74935808 -0.49733478 -0.4371734   2.13789791]
 [ 0.          0.          0.          1.        ]]"
sun3d-home_md-home_md_scan9_2012_sep_30,25,36,7.0,30,0.29520806039896813,0.309220566983158,0.025113733750641833,0.025058214517212036,"[[-0.70842503  0.7057253  -0.00926189 -0.45921678]
 [-0.17048631 -0.15837484  0.97254914 -1.88752727]
 [ 0.68488568  0.69055718  0.23251321  0.32688192]
 [ 0.          0.          0.          1.        ]]","[[-0.70906463  0.70404735 -0.03930251 -0.3985991 ]
 [-0.25566526 -0.20474299  0.94483627 -1.86069519]
 [ 0.65716256  0.67999827  0.32517646  0.16515072]
 [ 0.          0.          0.          1.        ]]"
sun3d-home_md-home_md_scan9_2012_sep_30,25,37,4.0,30,0.2392465111548604,0.2989909409892992,0.02569044981024775,0.023466212041790602,"[[-0.65562262  0.09998265 -0.74844001  1.97903897]
 [ 0.45461227 -0.73915027 -0.49697542  0.22987148]
 [-0.60289855 -0.66607834  0.43915029  0.61261107]
 [ 0.          0.          0.          1.        ]]","[[-0.77430154 -0.08453909 -0.62714453  1.81630789]
 [ 0.40571325 -0.8268773  -0.38944921  0.09072258]
 [-0.4856479  -0.55599197  0.674551    0.09120852]
 [ 0.          0.          0.          1.        ]]"
sun3d-home_md-home_md_scan9_2012_sep_30,25,39,2.0,30,0.080464637611223,0.08630953846456868,0.0250878322650372,0.0243731238585744,"[[ 0.92560161  0.13209835  0.35469942 -0.73802586]
 [ 0.24780504 -0.91985133 -0.30408255  1.04740213]
 [ 0.28610193  0.3693556  -0.88415051  2.81007827]
 [ 0.          0.          0.          1.        ]]","[[ 0.91665677  0.20946095  0.34039166 -0.76691292]
 [ 0.30645549 -0.91506657 -0.2621797   0.9542231 ]
 [ 0.25656462  0.34464369 -0.90299243  2.89648018]
 [ 0.          0.          0.          1.        ]]"
sun3d-home_md-home_md_scan9_2012_sep_30,25,40,1.0,30,0.10878711632514297,0.11483755621593823,0.023630930435062116,0.022747991961054394,"[[ 0.89005185  0.43228149 -0.14470806  0.47394574]
 [-0.40236843  0.89418044  0.19631858 -0.67408925]
 [ 0.21426    -0.11650776  0.96980338 -0.47951999]
 [ 0.          0.          0.          1.        ]]","[[ 0.87526602  0.44917229 -0.1793144   0.46986101]
 [-0.39401958  0.87725201  0.27418513 -0.78345281]
 [ 0.28046028 -0.16933154  0.94481155 -0.43019956]
 [ 0.          0.          0.          1.        ]]"
sun3d-home_md-home_md_scan9_2012_sep_30,25,41,1.0,30,0.15207066136285508,0.1736226576586057,0.025958656330610518,0.02573318793131467,"[[-0.5047611  -0.16874503  0.84660578 -2.03125146]
 [-0.81337047  0.42152838 -0.40092681  1.10346852]
 [-0.28921395 -0.8909764  -0.35002335  1.60912407]
 [ 0.          0.          0.          1.        ]]","[[-0.54932677 -0.32901308  0.76810839 -1.87265364]
 [-0.79313684  0.49462646 -0.35535704  0.99224655]
 [-0.26300962 -0.80442219 -0.53266395  2.02723745]
 [ 0.          0.          0.          1.        ]]"
sun3d-home_md-home_md_scan9_2012_sep_30,25,44,2.0,30,0.104464777730006,0.14684474103320275,0.02540738038372067,0.024401505602672183,"[[ 0.23403785 -0.52244328 -0.8199264   2.41007242]
 [-0.9328542   0.11690171 -0.34075949  0.60496052]
 [ 0.2738783   0.84462241 -0.46000399  2.97403563]
 [ 0.          0.          0.          1.        ]]","[[ 0.20109757 -0.65530867 -0.72810048  2.01899963]
 [-0.92093026  0.12683511 -0.36851094  0.66048093]
 [ 0.33383712  0.74463642 -0.57798735  3.23477221]
 [ 0.          0.          0.          1.        ]]"
sun3d-home_md-home_md_scan9_2012_sep_30,25,48,4.0,30,0.15176310397923215,0.1572392671867113,0.025414002250323687,0.024445051638486974,"[[-0.62897001 -0.60622775 -0.48670797  0.65171889]
 [ 0.76100567 -0.60810395 -0.22600875  0.77572248]
 [-0.15895626 -0.51254025  0.8438219  -0.48657429]
 [ 0.          0.          0.          1.        ]]","[[-0.60754869 -0.68130018 -0.40830706  0.55496488]
 [ 0.78569191 -0.59089211 -0.18312491  0.7408872 ]
 [-0.11650238 -0.43206085  0.89428777 -0.5424441 ]
 [ 0.          0.          0.          1.        ]]"
sun3d-home_md-home_md_scan9_2012_sep_30,25,51,2.0,30,0.16357122931685045,0.1698134907234759,0.023667111868037265,0.02379674949799197,"[[-0.6566692   0.64060292  0.39801188 -1.79521646]
 [-0.75404509 -0.56761358 -0.33050088  0.34777174]
 [ 0.01419712 -0.51714865  0.85577784 -1.81424322]
 [ 0.          0.          0.          1.        ]]","[[-0.63725663  0.68002741  0.36258338 -1.65327949]
 [-0.77027243 -0.57680048 -0.27199558  0.15755459]
 [ 0.02417382 -0.45261897  0.89137629 -1.8864025 ]
 [ 0.          0.          0.          1.        ]]"
sun3d-home_md-home_md_scan9_2012_sep_30,25,52,6.0,30,0.2743192188253232,0.3265507460845974,0.025764622593674014,0.02556835004497056,"[[-0.21413685 -0.93100561 -0.29559086  0.6276744 ]
 [ 0.91942885 -0.2942928   0.26084925  0.13673434]
 [-0.32984238 -0.21591733  0.91901236 -1.37535805]
 [ 0.          0.          0.          1.        ]]","[[-0.20939305 -0.96563809 -0.15394032  0.27499721]
 [ 0.95938499 -0.2333159   0.15856904  0.397159  ]
 [-0.18903703 -0.11448477  0.97527342 -1.45415475]
 [ 0.          0.          0.          1.        ]]"
sun3d-home_md-home_md_scan9_2012_sep_30,25,53,18.0,30,0.5522966439135382,0.5661973833902162,0.021651377696584293,0.020450176571364203,"[[ 0.97832615 -0.0480885  -0.20140863  0.27704158]
 [-0.16607773 -0.76316753 -0.6244946   0.5623476 ]
 [-0.12367752  0.64440889 -0.75461318  1.56966489]
 [ 0.          0.          0.          1.        ]]","[[ 9.70013643e-01  5.10662021e-04 -2.43049938e-01  3.15820930e-01]
 [-1.22911778e-01 -8.61674063e-01 -4.92352013e-01  4.36086232e-01]
 [-2.09681253e-01  5.07461870e-01 -8.35772830e-01  1.64818201e+00]
 [ 0.00000000e+00  0.00000000e+00  0.00000000e+00  1.00000000e+00]]"
sun3d-home_md-home_md_scan9_2012_sep_30,25,54,0.0,30,0.22495188497679158,0.2614136382505,0.024591871867099917,0.022073595667486325,"[[1. 0. 0. 0.]
 [0. 1. 0. 0.]
 [0. 0. 1. 0.]
 [0. 0. 0. 1.]]","[[ 0.98814457 -0.06240088 -0.14027273  0.13989071]
 [ 0.09559366  0.96502444  0.24411    -0.28948396]
 [ 0.12013394 -0.25462515  0.95954878 -0.0058862 ]
 [ 0.          0.          0.          1.        ]]"
sun3d-home_md-home_md_scan9_2012_sep_30,25,55,2.0,30,0.32132947319858524,0.35096915681017365,0.02532372517500096,0.024174110022211415,"[[ 0.99419381 -0.01337038 -0.10677035 -0.07579561]
 [ 0.10492072  0.3406698   0.9343103  -2.41105065]
 [ 0.02388135 -0.94008793  0.34009464 -0.19375251]
 [ 0.          0.          0.          1.        ]]","[[ 0.99707042  0.04248024 -0.0636082  -0.17404536]
 [ 0.04068314  0.40968374  0.91131999 -2.32974978]
 [ 0.06477234 -0.91123798  0.40675531 -0.42612506]
 [ 0.          0.          0.          1.        ]]"
sun3d-home_md-home_md_scan9_2012_sep_30,25,56,4.0,30,0.31023032395761063,0.32378284195084234,0.022861217321025255,0.022501983117061083,"[[ 0.87657165 -0.34000004  0.3406202  -1.04201493]
 [-0.43060397 -0.8701681   0.23955728 -0.05005499]
 [ 0.21494735 -0.35666153 -0.90917005  3.3361002 ]
 [ 0.          0.          0.          1.        ]]","[[ 0.87375096 -0.24590959  0.4196281  -1.25512178]
 [-0.37833987 -0.88581733  0.26867563 -0.14245   ]
 [ 0.30564393 -0.39351763 -0.86702114  3.20447785]
 [ 0.          0.          0.          1.        ]]"
sun3d-home_md-home_md_scan9_2012_sep_30,25,57,3.0,30,0.09553132968831776,0.1269556696324176,0.02428282786068867,0.02261146897529533,"[[ 0.58375985  0.7040978  -0.40431513  0.36527465]
 [-0.76516817  0.64362949  0.01608559 -0.78566646]
 [ 0.27155497  0.29997895  0.91447828 -0.85066348]
 [ 0.          0.          0.          1.        ]]","[[ 0.57172781  0.67324653 -0.46889916  0.56159372]
 [-0.7387304   0.6710698   0.06279111 -0.78900366]
 [ 0.35693796  0.31049064  0.88101694 -0.78130106]
 [ 0.          0.          0.          1.        ]]"
sun3d-home_md-home_md_scan9_2012_sep_30,25,59,1.0,30,0.19855069203892814,0.2170587970668946,0.025341276259860344,0.024655028719929063,"[[ 0.04384255 -0.75910911  0.64948533 -0.83033167]
 [ 0.21269132 -0.62811429 -0.74848837  2.01737699]
 [ 0.97613535  0.17095554  0.13391779  1.1787764 ]
 [ 0.          0.          0.          1.        ]]","[[-1.89561045e-03 -8.28000516e-01  5.60724132e-01 -6.64611304e-01]
 [ 2.30005096e-01 -5.46052731e-01 -8.05558236e-01  2.12646862e+00]
 [ 9.73187578e-01  1.27442383e-01  1.91479441e-01  1.12651217e+00]
 [ 0.00000000e+00  0.00000000e+00  0.00000000e+00  1.00000000e+00]]"
sun3d-home_md-home_md_scan9_2012_sep_30,26,29,7.0,30,0.5148931000971817,0.6036200194363459,0.0268742531699106,0.024094478424377834,"[[-0.09698815 -0.58470686  0.80542609 -2.88677919]
 [ 0.99465723 -0.08569211  0.05756605 -1.38871354]
 [ 0.0353594   0.80670611  0.58989402  0.54468139]
 [ 0.          0.          0.          1.        ]]","[[-0.10944999 -0.66827111  0.73582228 -2.6851045 ]
 [ 0.99302726 -0.04090062  0.11056218 -1.53473534]
 [-0.04378992  0.74279261  0.668088    0.44047378]
 [ 0.          0.          0.          1.        ]]"
sun3d-home_md-home_md_scan9_2012_sep_30,26,48,2.0,30,0.3866866879605004,0.4220336035359641,0.024438138025904083,0.02392950689761536,"[[ 0.74931507 -0.62810383 -0.20979157 -0.38564392]
 [-0.55074109 -0.76699423  0.32924779 -1.37323594]
 [-0.36771072 -0.13116949 -0.92064292  4.06460014]
 [ 0.          0.          0.          1.        ]]","[[ 0.7352298  -0.64634001 -0.20416105 -0.45752983]
 [-0.56744488 -0.7516675   0.33615812 -1.35121523]
 [-0.37073367 -0.13130332 -0.91941067  4.03669297]
 [ 0.          0.          0.          1.        ]]"
sun3d-home_md-home_md_scan9_2012_sep_30,27,51,0.0,30,0.35231949807422197,0.38668986409439493,0.02424462837154432,0.0225913173040172,"[[1. 0. 0. 0.]
 [0. 1. 0. 0.]
 [0. 0. 1. 0.]
 [0. 0. 0. 1.]]","[[ 0.99979058  0.00428126  0.02001153 -0.11705134]
 [-0.00390282  0.99981353 -0.01891209  0.00324681]
 [-0.02008876  0.01883003  0.99962086 -0.0051313 ]
 [ 0.          0.          0.          1.        ]]"
sun3d-home_md-home_md_scan9_2012_sep_30,28,50,0.0,30,0.18478158835031347,0.19172610214447064,0.024664792760818743,0.023512191356156113,"[[1. 0. 0. 0.]
 [0. 1. 0. 0.]
 [0. 0. 1. 0.]
 [0. 0. 0. 1.]]","[[ 0.99679922 -0.07393905 -0.03040272  0.04206951]
 [ 0.07374827  0.9972498  -0.0073509  -0.03589044]
 [ 0.03086262  0.00508522  0.9995107  -0.01770785]
 [ 0.          0.          0.          1.        ]]"
sun3d-home_md-home_md_scan9_2012_sep_30,28,53,3.0,30,0.555478526734926,0.6150810580204779,0.02655210077522191,0.023933925292825946,"[[ 0.9515239  -0.10568583 -0.28884731  1.09399951]
 [ 0.25677617  0.78992666  0.55684995 -0.85611984]
 [ 0.16931704 -0.60402514  0.7787717   2.1947133 ]
 [ 0.          0.          0.          1.        ]]","[[ 0.93127246 -0.20989504 -0.29778461  1.09924332]
 [ 0.36272965  0.61055187  0.70402672 -0.93581444]
 [ 0.03404124 -0.763656    0.64472529  2.33232253]
 [ 0.          0.          0.          1.        ]]"
sun3d-home_md-home_md_scan9_2012_sep_30,29,32,4.0,30,0.0771406406568187,0.09340352975401622,0.02756574985365358,0.026364968257965266,"[[-0.50497251  0.20999153  0.83720148 -0.25742703]
 [ 0.82563091  0.40032868  0.39758086  0.43556325]
 [-0.25166715  0.89198683 -0.37553048  3.43722907]
 [ 0.          0.          0.          1.        ]]","[[-0.56187988  0.25784667  0.78600642 -0.27802787]
 [ 0.80634813  0.38281196  0.4508411   0.34474466]
 [-0.18464478  0.88711335 -0.42300852  3.50458819]
 [ 0.          0.          0.          1.        ]]"
sun3d-home_md-home_md_scan9_2012_sep_30,29,37,4.0,30,0.26754229838797555,0.2972401618562618,0.0237766807246957,0.020856254188396088,"[[-0.56039978  0.50723625  0.65472396 -0.17914419]
 [-0.25208543 -0.85747338  0.4485447   0.03646151]
 [ 0.7889265   0.08631798  0.60839476  2.18499098]
 [ 0.          0.          0.          1.        ]]","[[-0.52560071  0.67631197  0.51608722  0.02766149]
 [-0.38522151 -0.7300866   0.56442709 -0.05901972]
 [ 0.75851716  0.09785537  0.64426395  2.15740034]
 [ 0.          0.          0.          1.        ]]"
sun3d-home_md-home_md_scan9_2012_sep_30,29,38,3.0,30,0.06417762097985354,0.07154754818168413,0.02779151413018187,0.025355273066042745,"[[-0.83009532  0.16704587 -0.53201262  1.36488316]
 [-0.55139074 -0.1036648   0.82778129 -0.83784261]
 [ 0.08312646  0.98048421  0.17815921  2.73379793]
 [ 0.          0.          0.          1.        ]]","[[-0.69309575  0.25823819 -0.67300172  1.59518482]
 [-0.69594546  0.00354786  0.71808588 -0.72205382]
 [ 0.18782492  0.96607476  0.17726069  2.77355897]
 [ 0.          0.          0.          1.        ]]"
sun3d-home_md-home_md_scan9_2012_sep_30,29,48,3.0,30,0.13814692745250245,0.17664125828741586,0.028782231015997674,0.024748645958365716,"[[-0.53889574 -0.67256439 -0.50719673  1.52346252]
 [ 0.76599359 -0.1407282  -0.62725544  1.64701593]
 [ 0.35049279 -0.72653473  0.59101784  1.76711664]
 [ 0.          0.          0.          1.        ]]","[[-0.50151901 -0.71236747 -0.490929    1.54699251]
 [ 0.79635868 -0.15837888 -0.58371995  1.64223674]
 [ 0.33807032 -0.68370222  0.64673003  1.69462321]
 [ 0.          0.          0.          1.        ]]"
sun3d-home_md-home_md_scan9_2012_sep_30,29,51,3.0,30,0.04933857967141871,0.05953761751650492,0.0208097321100447,0.02058660103400658,"[[ 0.12332334  0.54026212  0.83241107 -0.48011277]
 [ 0.8829212  -0.44267083  0.15650139  0.33816984]
 [ 0.45303588  0.71565311 -0.53160053  3.65343686]
 [ 0.          0.          0.          1.        ]]","[[ 0.17215862  0.51216313  0.84145727 -0.53589902]
 [ 0.96448757 -0.26134235 -0.03826093  0.52794548]
 [ 0.20031259  0.81816203 -0.53896731  3.7434949 ]
 [ 0.          0.          0.          1.        ]]"
sun3d-home_md-home_md_scan9_2012_sep_30,29,53,4.0,30,0.4178220989761092,0.46606584186575656,0.026187642774535395,0.02575864031568157,"[[ 0.92800791 -0.18718967 -0.32212008  1.581794  ]
 [ 0.33190563  0.02264374  0.94304078 -0.32205387]
 [-0.16923349 -0.98206277  0.08314287  2.76850128]
 [ 0.          0.          0.          1.        ]]","[[ 0.93439386 -0.20859551 -0.28878371  1.51335793]
 [ 0.31197343  0.0877708   0.94602794 -0.31436167]
 [-0.1719904  -0.97405554  0.14708875  2.75075715]
 [ 0.          0.          0.          1.        ]]"
sun3d-home_md-home_md_scan9_2012_sep_30,29,55,4.0,30,0.16742777291174957,0.20162740784819774,0.025827840497441825,0.022343424582180443,"[[-0.90198858  0.29201063  0.31803522  0.27365941]
 [-0.18271905  0.40922364 -0.89395177  2.08515475]
 [-0.39119095 -0.86444538 -0.31575914  3.38605884]
 [ 0.          0.          0.          1.        ]]","[[-0.88484441  0.26235261  0.38499544  0.14776944]
 [-0.25957898  0.40858977 -0.87502752  1.99809542]
 [-0.38687094 -0.87419993 -0.29343715  3.36860428]
 [ 0.          0.          0.          1.        ]]"
sun3d-home_md-home_md_scan9_2012_sep_30,30,42,1.0,30,0.1945536187195741,0.2041819463795936,0.02557524886316517,0.023514551818243287,"[[ 0.75490267 -0.45973299 -0.46772592  1.40341961]
 [ 0.43838323  0.88415849 -0.16150516  0.65588262]
 [ 0.48779309 -0.08312252  0.86899283 -0.35504181]
 [ 0.          0.          0.          1.        ]]","[[ 0.72927497 -0.47845827 -0.48911726  1.48621663]
 [ 0.43175327  0.87635667 -0.21351372  0.78893234]
 [ 0.53079858 -0.05546777  0.84568091 -0.3709749 ]
 [ 0.          0.          0.          1.        ]]"
sun3d-home_md-home_md_scan9_2012_sep_30,30,50,2.0,30,0.15705346496685527,0.1715436713449428,0.023181089475286635,0.02299997070286736,"[[-0.14673816  0.0437544   0.9882072  -2.04085619]
 [-0.4222929  -0.90617807 -0.02258353  0.32790575]
 [ 0.89450356 -0.42062675  0.15144808  1.22558705]
 [ 0.          0.          0.          1.        ]]","[[-0.08679242  0.16786403  0.98198205 -1.95890285]
 [-0.49366017 -0.86341826  0.10396413  0.03442962]
 [ 0.86531307 -0.47574212  0.15780595  1.21348023]
 [ 0.          0.          0.          1.        ]]"
sun3d-home_md-home_md_scan9_2012_sep_30,31,33,1.0,30,0.25659058434832493,0.272913667727251,0.020432511797530483,0.020199829053638374,"[[-0.12637501 -0.75981078 -0.63774363  0.71703832]
 [ 0.94616716  0.10079799 -0.30758328  0.33880074]
 [ 0.29798837 -0.64228292  0.70616966  0.45939365]
 [ 0.          0.          0.          1.        ]]","[[-0.06480637 -0.74764921 -0.6609242   0.71083425]
 [ 0.93518009  0.18559689 -0.3016488   0.33114231]
 [ 0.34819296 -0.63763191  0.68715879  0.46954739]
 [ 0.          0.          0.          1.        ]]"
sun3d-home_md-home_md_scan9_2012_sep_30,31,38,3.0,30,0.1581162040096336,0.21038561730990832,0.025882091436503683,0.021748343535513855,"[[-0.90158578  0.13039418 -0.41248083  0.09752328]
 [-0.15697337 -0.98711435  0.03105838 -0.33677647]
 [-0.40311592  0.0927503   0.91043668 -0.57708144]
 [ 0.          0.          0.          1.        ]]","[[-9.09605439e-01  2.79462901e-02 -4.14532207e-01 -6.83346908e-03]
 [-5.15421030e-04 -9.97810362e-01 -6.61378480e-02 -9.80332597e-02]
 [-4.15472840e-01 -5.99456876e-02  9.07628136e-01 -6.07384051e-01]
 [ 0.00000000e+00  0.00000000e+00  0.00000000e+00  1.00000000e+00]]"
sun3d-home_md-home_md_scan9_2012_sep_30,31,44,0.0,30,0.1740827313079443,0.19623706377129294,0.01935975934299627,0.019034737104011018,"[[1. 0. 0. 0.]
 [0. 1. 0. 0.]
 [0. 0. 1. 0.]
 [0. 0. 0. 1.]]","[[ 0.99848294 -0.00636064 -0.05469341  0.12935863]
 [ 0.00692992  0.99992371  0.01022522  0.01234538]
 [ 0.0546242  -0.01058873  0.99845084  0.01645199]
 [ 0.          0.          0.          1.        ]]"
sun3d-home_md-home_md_scan9_2012_sep_30,31,51,2.0,30,0.11843167770257373,0.16269765529796948,0.02717147848460288,0.02482537924994435,"[[-0.68045882 -0.49228789 -0.54279686  0.61838043]
 [ 0.3717018  -0.87024156  0.32329151 -0.63366019]
 [-0.63151688  0.01822799  0.77514784 -0.03903439]
 [ 0.          0.          0.          1.        ]]","[[-0.62772591 -0.43534603 -0.64531699  0.81439504]
 [ 0.33535555 -0.89935967  0.28051531 -0.47811651]
 [-0.7024933  -0.04032391  0.71054707  0.14631989]
 [ 0.          0.          0.          1.        ]]"
sun3d-home_md-home_md_scan9_2012_sep_30,31,55,2.0,30,0.2787989007976572,0.27777592051510064,0.023081518884781053,0.022154135872841572,"[[-0.53133101 -0.56608086 -0.63026965  0.30959844]
 [-0.80198318  0.57582123  0.1589116  -0.40891789]
 [ 0.27296583  0.58990031 -0.759939    1.97884108]
 [ 0.          0.          0.          1.        ]]","[[-0.51530435 -0.56954925 -0.64037105  0.34863978]
 [-0.80531275  0.57739246  0.13449658 -0.42036532]
 [ 0.29314299  0.58500564 -0.75619812  1.974592  ]
 [ 0.          0.          0.          1.        ]]"
sun3d-home_md-home_md_scan9_2012_sep_30,32,53,0.0,30,0.5969674345847554,0.6192228384527872,0.02404523561914619,0.02350118743008285,"[[1. 0. 0. 0.]
 [0. 1. 0. 0.]
 [0. 0. 1. 0.]
 [0. 0. 0. 1.]]","[[ 0.99743778  0.04038817 -0.05904804  0.07054778]
 [-0.04183321  0.99884952 -0.02344385  0.03179273]
 [ 0.05803325  0.02585395  0.99797982  0.04386303]
 [ 0.          0.          0.          1.        ]]"
sun3d-home_md-home_md_scan9_2012_sep_30,34,41,2.0,30,0.15542412953647775,0.19212636541578093,0.025170982396623222,0.024121767765747044,"[[ 0.56820811 -0.82206507  0.03672283 -0.0983807 ]
 [ 0.81954428  0.56132048 -0.11518022 -0.13580036]
 [ 0.07407236  0.09554232  0.99266558 -1.39522363]
 [ 0.          0.          0.          1.        ]]","[[ 0.60270517 -0.79787849  0.01167862 -0.06363793]
 [ 0.79355793  0.59777722 -0.11370223 -0.04610886]
 [ 0.08373935  0.07779659  0.99344623 -1.33539776]
 [ 0.          0.          0.          1.        ]]"
sun3d-home_md-home_md_scan9_2012_sep_30,34,46,2.0,30,0.21449306733047127,0.23456113135394493,0.025409969390434457,0.024565109719366977,"[[-0.21339679  0.95042961  0.22615342 -0.07950584]
 [ 0.80616562  0.0405448   0.59029917 -1.16603231]
 [ 0.55186846  0.30828506 -0.77485581  4.22801527]
 [ 0.          0.          0.          1.        ]]","[[-0.24690106  0.95412484  0.16936841  0.02814375]
 [ 0.73135351  0.06880898  0.67851851 -1.50889557]
 [ 0.6357373   0.29139512 -0.71479156  4.0758575 ]
 [ 0.          0.          0.          1.        ]]"
sun3d-home_md-home_md_scan9_2012_sep_30,34,50,3.0,30,0.08598055056792421,0.09589301014813764,0.025003613521154624,0.024304086973527157,"[[-0.55915841 -0.78879196 -0.25524327  1.42064092]
 [-0.52643267  0.099966    0.84431951 -1.53513922]
 [-0.64047679  0.60647675 -0.47114269  2.43579223]
 [ 0.          0.          0.          1.        ]]","[[-0.54555163 -0.73224881 -0.40765807  1.70722669]
 [-0.5375627  -0.06743312  0.84052312 -1.45623803]
 [-0.64296171  0.67769053 -0.35684139  2.19870601]
 [ 0.          0.          0.          1.        ]]"
sun3d-home_md-home_md_scan9_2012_sep_30,34,58,5.0,30,0.20280885585069724,0.21822464675003173,0.02612822896025798,0.025876874035637695,"[[-0.81572816  0.3176202   0.48343043 -0.60560933]
 [ 0.49406146  0.81721898  0.296743   -0.34886062]
 [-0.30081695  0.48090597 -0.82355243  2.84224145]
 [ 0.          0.          0.          1.        ]]","[[-0.80381722  0.2556909   0.53712199 -0.69580652]
 [ 0.45868543  0.84134138  0.28592371 -0.3217464 ]
 [-0.37879486  0.47620043 -0.79356638  2.72136749]
 [ 0.          0.          0.          1.        ]]"
sun3d-home_md-home_md_scan9_2012_sep_30,35,53,7.0,30,0.59613196814562,0.6789675767918089,0.022997940583858952,0.021058992784124625,"[[-0.88394804 -0.14654343  0.44402802 -0.37520534]
 [-0.46490097  0.37704831 -0.80106283  1.09108688]
 [-0.05002952 -0.91452698 -0.4014193   2.81051877]
 [ 0.          0.          0.          1.        ]]","[[-0.8459801  -0.21369794  0.48851905 -0.40584706]
 [-0.5163419   0.55696748 -0.65052153  0.92205832]
 [-0.13307411 -0.80257113 -0.58152461  2.96973662]
 [ 0.          0.          0.          1.        ]]"
sun3d-home_md-home_md_scan9_2012_sep_30,35,55,3.0,30,0.5047170757473439,0.5204228318501234,0.023193069555118104,0.023255475797041496,"[[-0.60828683  0.67351698  0.41995476 -0.38535603]
 [-0.60485819 -0.73594609  0.30418733 -0.62568742]
 [ 0.5139394  -0.06897993  0.85504857  0.00904504]
 [ 0.          0.          0.          1.        ]]","[[-0.66216165  0.62944375  0.40662331 -0.37499846]
 [-0.56728454 -0.7756009   0.27682394 -0.59305754]
 [ 0.4896225  -0.04736892  0.87064688 -0.02054907]
 [ 0.          0.          0.          1.        ]]"
sun3d-home_md-home_md_scan9_2012_sep_30,36,44,,30,0.19699703882231118,0.2378267741329926,0.025112824740493575,0.025926212594019584,"[[ 0.78622991  0.05809441  0.61519717 -1.2823147 ]
 [-0.39847923  0.80858353  0.43290528 -1.26668371]
 [-0.47228893 -0.58550638  0.65888197 -0.58935926]
 [ 0.          0.          0.          1.        ]]","[[ 0.77988355  0.10152835  0.61763553 -1.24668297]
 [-0.42165088  0.81448492  0.39852835 -1.10617702]
 [-0.4625929  -0.57123227  0.67801291 -0.59748577]
 [ 0.          0.          0.          1.        ]]"
sun3d-home_md-home_md_scan9_2012_sep_30,36,49,3.0,30,0.2764283237662288,0.3249075393920715,0.023688726360310313,0.02291051974485341,"[[ 0.16957277 -0.37024564  0.91332537 -1.60941923]
 [-0.98550664 -0.05932198  0.15892626  0.20067562]
 [-0.00466148 -0.92703779 -0.37493893  2.45996667]
 [ 0.          0.          0.          1.        ]]","[[ 0.20109004 -0.44102649  0.87467618 -1.5558893 ]
 [-0.97940814 -0.07415062  0.18778016  0.12566792]
 [-0.01795825 -0.89442569 -0.44685589  2.51858854]
 [ 0.          0.          0.          1.        ]]"
sun3d-home_md-home_md_scan9_2012_sep_30,36,53,11.0,30,0.7085644197952219,0.7480979806598407,0.022477993446332376,0.021966381619093492,"[[-0.85801611  0.44928339  0.24890317 -0.46078857]
 [-0.29118059 -0.82469475  0.48486331 -0.27811268]
 [ 0.42311017  0.34354476  0.83842399  1.08849954]
 [ 0.          0.          0.          1.        ]]","[[-0.84312937  0.46229686  0.27461697 -0.4911456 ]
 [-0.34479399 -0.8567104   0.38362011 -0.21289124]
 [ 0.41261359  0.2287551   0.88171488  1.01119919]
 [ 0.          0.          0.          1.        ]]"
sun3d-home_md-home_md_scan9_2012_sep_30,36,57,1.0,30,0.24200008166022666,0.25958672501661045,0.024678162873197088,0.023845834784683724,"[[ 0.95968759  0.18071444  0.21527197  0.01473907]
 [-0.01245901 -0.73780031  0.67490405 -1.51158337]
 [ 0.28079264 -0.65037911 -0.70580628  3.26341471]
 [ 0.          0.          0.          1.        ]]","[[ 0.954087    0.16595533  0.2493528  -0.05561661]
 [-0.02208494 -0.79123947  0.61110748 -1.35039431]
 [ 0.29871432 -0.58855664 -0.75124618  3.36499878]
 [ 0.          0.          0.          1.        ]]"
sun3d-home_md-home_md_scan9_2012_sep_30,36,58,4.0,30,0.2582933594834887,0.3468724391305988,0.02506314454460952,0.024038063431963713,"[[1. 0. 0. 0.]
 [0. 1. 0. 0.]
 [0. 0. 1. 0.]
 [0. 0. 0. 1.]]","[[ 9.99983037e-01 -5.82440371e-03  3.58630490e-05  3.73067289e-02]
 [ 5.75098565e-03  9.86365297e-01 -1.64470141e-01  3.09241357e-01]
 [ 9.22566435e-04  1.64467558e-01  9.86382062e-01  5.81601886e-02]
 [ 0.00000000e+00  0.00000000e+00  0.00000000e+00  1.00000000e+00]]"
sun3d-home_md-home_md_scan9_2012_sep_30,37,53,3.0,30,0.6876066552901023,0.7236383674630261,0.021961428110468827,0.020900038143531263,"[[ 0.86348572 -0.49308385 -0.1061166   0.94490749]
 [-0.44624209 -0.84492407  0.294909   -0.44465593]
 [-0.23507534 -0.20729601 -0.94961463  2.72457656]
 [ 0.          0.          0.          1.        ]]","[[ 0.90161437 -0.41709698 -0.1145497   0.9399303 ]
 [-0.36282367 -0.87346438  0.32468285 -0.49351786]
 [-0.23547932 -0.25117738 -0.9388607   2.74430772]
 [ 0.          0.          0.          1.        ]]"
sun3d-home_md-home_md_scan9_2012_sep_30,37,56,1.0,30,0.28950699339586167,0.3564857722393166,0.02245625566425446,0.02160591861290044,"[[-0.58316962  0.19292815  0.78910831 -0.79844981]
 [ 0.08262871  0.9804385  -0.17864167  0.16473462]
 [-0.80813717 -0.0389754  -0.58770335  2.07435292]
 [ 0.          0.          0.          1.        ]]","[[-0.61623006  0.1314981   0.77651064 -0.78491865]
 [ 0.15184514  0.98730083 -0.04669175  0.06322584]
 [-0.77278947  0.08913651 -0.62837179  2.12621913]
 [ 0.          0.          0.          1.        ]]"
sun3d-home_md-home_md_scan9_2012_sep_30,37,58,2.0,30,0.24161577786997385,0.2539353812288059,0.02180723709042711,0.020609374138124317,"[[-0.6217421  -0.78040817 -0.0663313   0.18632546]
 [-0.35713573  0.35785853 -0.86278117  1.47367947]
 [ 0.6970587  -0.5127381  -0.50120736  3.03629863]
 [ 0.          0.          0.          1.        ]]","[[-0.62972059 -0.77450159 -0.05999391  0.19781309]
 [-0.43501003  0.41556724 -0.79879292  1.25021698]
 [ 0.64359789 -0.4769184  -0.59860721  3.17381801]
 [ 0.          0.          0.          1.        ]]"
sun3d-home_md-home_md_scan9_2012_sep_30,38,55,2.0,30,0.48631680295260193,0.538562344964998,0.022773793668558584,0.02293981083022022,"[[-0.87686846  0.17906012  0.44613807 -0.38177024]
 [-0.43377355 -0.69475344 -0.57372308  0.375296  ]
 [ 0.20722504 -0.69660257  0.68687892  0.59368147]
 [ 0.          0.          0.          1.        ]]","[[-0.89394377  0.11361265  0.43353974 -0.40053445]
 [-0.38338117 -0.69486723 -0.60842289  0.44032653]
 [ 0.23212802 -0.71010682  0.66472918  0.68749685]
 [ 0.          0.          0.          1.        ]]"
sun3d-home_md-home_md_scan9_2012_sep_30,38,59,2.0,30,0.5522815541259916,0.6038958117774079,0.023740234367646842,0.023254929003454494,"[[-0.61829848 -0.76337796  0.18697882 -0.03521565]
 [ 0.61086734 -0.31707946  0.72546655 -1.39056857]
 [-0.49451803  0.56277412  0.66237241  0.78182494]
 [ 0.          0.          0.          1.        ]]","[[-0.63454943 -0.76733729  0.09241485  0.16045885]
 [ 0.59634931 -0.41003841  0.69009855 -1.34885049]
 [-0.49164471  0.49301317  0.7177907   0.67194436]
 [ 0.          0.          0.          1.        ]]"
sun3d-home_md-home_md_scan9_2012_sep_30,39,46,2.0,30,0.5594117151893406,0.6909484469136693,0.023969024995183445,0.019195900404254326,"[[ 0.99887732  0.02935461  0.03718074 -0.47633976]
 [-0.02875621  0.99944979 -0.01652851 -0.26426087]
 [-0.03764547  0.01544078  0.99917186 -0.25743063]
 [ 0.          0.          0.          1.        ]]","[[ 9.99999122e-01 -1.00974185e-03  8.58246239e-04 -2.91673432e-01]
 [ 1.05846076e-03  9.98269167e-01 -5.88009273e-02 -9.01315913e-02]
 [-7.97387001e-04  5.88017841e-02  9.98269360e-01 -2.95525970e-01]
 [ 0.00000000e+00  0.00000000e+00  0.00000000e+00  1.00000000e+00]]"
sun3d-home_md-home_md_scan9_2012_sep_30,39,58,1.0,30,0.4194974095573789,0.4353966583118749,0.02232111384201947,0.022035494754647098,"[[ 0.79483965 -0.58175417  0.17260362  0.36698448]
 [ 0.46461489  0.76640184  0.44357775 -0.75363271]
 [-0.39033694 -0.27237897  0.87945822  1.02166834]
 [ 0.          0.          0.          1.        ]]","[[ 0.78541608 -0.60226915  0.14280561  0.38177317]
 [ 0.48088329  0.73899704  0.47184175 -0.78768895]
 [-0.38970866 -0.30191927  0.87004133  1.03677375]
 [ 0.          0.          0.          1.        ]]"
sun3d-home_md-home_md_scan9_2012_sep_30,40,47,0.0,30,0.6812522929194647,0.7031247507696234,0.020150594903897735,0.01960179606068575,"[[1. 0. 0. 0.]
 [0. 1. 0. 0.]
 [0. 0. 1. 0.]
 [0. 0. 0. 1.]]","[[ 0.99918159  0.00691237  0.03985446 -0.06277676]
 [-0.00793062  0.99964469  0.02544807 -0.0690365 ]
 [-0.03966439 -0.02574331  0.99888138  0.01895102]
 [ 0.          0.          0.          1.        ]]"
sun3d-home_md-home_md_scan9_2012_sep_30,40,55,0.0,30,0.5122055588614831,0.6056645025841952,0.02491885718833724,0.02371467019932864,"[[1. 0. 0. 0.]
 [0. 1. 0. 0.]
 [0. 0. 1. 0.]
 [0. 0. 0. 1.]]","[[ 0.99668401  0.01839315  0.07926337 -0.14912777]
 [-0.01206498  0.99675476 -0.07958885  0.15292126]
 [-0.08047003  0.07836862  0.99367144 -0.00439769]
 [ 0.          0.          0.          1.        ]]"
sun3d-home_md-home_md_scan9_2012_sep_30,41,47,7.0,30,0.8833920852407765,0.9909240266058411,0.019858728583791573,0.012637153673243211,"[[ 0.99693941  0.06506914 -0.04333391  0.19540751]
 [-0.06521769  0.99786901 -0.00202165  0.15001946]
 [ 0.04311002  0.0048416   0.9990586  -0.10388155]
 [ 0.          0.          0.          1.        ]]","[[ 0.99832621  0.04728164 -0.03330504  0.13500506]
 [-0.04817536  0.99848562 -0.02656326  0.11171659]
 [ 0.03199865  0.02812328  0.99909217 -0.04127652]
 [ 0.          0.          0.          1.        ]]"
sun3d-home_md-home_md_scan9_2012_sep_30,41,53,2.0,30,0.5732366325369739,0.6180318543799772,0.02465461474828701,0.02304719736199491,"[[ 0.98863441 -0.14694285  0.03177726 -0.00824616]
 [ 0.14534515  0.88016677 -0.45186419  0.61531362]
 [ 0.03842893  0.45134716  0.89152059  1.24473137]
 [ 0.          0.          0.          1.        ]]","[[ 0.98097284 -0.13518419  0.13934676 -0.14266165]
 [ 0.17881209  0.90867832 -0.37726641  0.59348522]
 [-0.07562093  0.39500499  0.91556132  1.20109817]
 [ 0.          0.          0.          1.        ]]"
sun3d-home_md-home_md_scan9_2012_sep_30,42,46,0.0,30,0.3210313022355304,0.344740671260387,0.02467089883317864,0.024109325339601084,"[[1. 0. 0. 0.]
 [0. 1. 0. 0.]
 [0. 0. 1. 0.]
 [0. 0. 0. 1.]]","[[ 0.99908158 -0.01808996  0.03884263 -0.08715379]
 [ 0.0175366   0.9997405   0.0145399  -0.00693915]
 [-0.03909558 -0.01384538  0.99913955  0.02811289]
 [ 0.          0.          0.          1.        ]]"
sun3d-home_md-home_md_scan9_2012_sep_30,42,53,1.0,30,0.5190379692832765,0.5558695961319682,0.024196792260520406,0.0226847746714716,"[[ 0.91345314  0.15652633 -0.37563663  0.46381323]
 [-0.34379135 -0.19707424 -0.91813357  1.34415225]
 [-0.21774038  0.96781261 -0.12620568  1.96017794]
 [ 0.          0.          0.          1.        ]]","[[ 0.94507095  0.14068213 -0.2950414   0.39166486]
 [-0.28328645 -0.09777369 -0.95403831  1.47516572]
 [-0.16306343  0.98521513 -0.05254973  1.90004159]
 [ 0.          0.          0.          1.        ]]"
sun3d-home_md-home_md_scan9_2012_sep_30,46,48,2.0,30,0.5205493978765552,0.5355229502564168,0.022676410791330842,0.022596287846370314,"[[ 0.29326155 -0.70090161  0.65018043 -2.09612227]
 [ 0.64864613  0.64547589  0.40326056 -0.62624739]
 [-0.70232177  0.3034762   0.64393038  1.63066324]
 [ 0.          0.          0.          1.        ]]","[[ 0.29045606 -0.699577    0.65286085 -2.11635973]
 [ 0.65914943  0.64086325  0.39346706 -0.60855245]
 [-0.69365504  0.31604796  0.6472684   1.65713099]
 [ 0.          0.          0.          1.        ]]"
sun3d-home_md-home_md_scan9_2012_sep_30,46,51,0.0,30,0.49004566075964234,0.5211933461555402,0.02342810833544806,0.02249229045622733,"[[1. 0. 0. 0.]
 [0. 1. 0. 0.]
 [0. 0. 1. 0.]
 [0. 0. 0. 1.]]","[[ 0.99402812 -0.07281172 -0.08128064  0.22646593]
 [ 0.0745113   0.99705639  0.01807249 -0.02433753]
 [ 0.0797255  -0.02402089  0.99652739  0.04119361]
 [ 0.          0.          0.          1.        ]]"
sun3d-home_md-home_md_scan9_2012_sep_30,46,53,2.0,30,0.6654045790671217,0.6819717007963595,0.02507330264550762,0.024336577398767222,"[[-0.98647971  0.05231527  0.15530902 -0.43314185]
 [ 0.15939217  0.08593429  0.98346807 -0.50344594]
 [ 0.03810403  0.99492633 -0.09311108  2.67359904]
 [ 0.          0.          0.          1.        ]]","[[-0.97148084  0.04881181  0.23203963 -0.52992251]
 [ 0.23641087  0.12386409  0.96372589 -0.49047926]
 [ 0.01829982  0.99109792 -0.13187123  2.71656017]
 [ 0.          0.          0.          1.        ]]"
sun3d-home_md-home_md_scan9_2012_sep_30,47,52,637.0,30,0.529837778450431,0.5901579614121234,0.023169553173955054,0.02283257478062522,"[[ 0.77576317 -0.54408242 -0.31963387  1.277229  ]
 [ 0.52100534  0.83803683 -0.16201147  0.46480963]
 [ 0.35601255 -0.04084843  0.93358796  0.48553369]
 [ 0.          0.          0.          1.        ]]","[[ 0.73518958 -0.55663921 -0.38684502  1.35126579]
 [ 0.54311222  0.82519004 -0.15521121  0.46343954]
 [ 0.4056173  -0.09599059  0.90898867  0.59648972]
 [ 0.          0.          0.          1.        ]]"
sun3d-home_md-home_md_scan9_2012_sep_30,47,53,1.0,30,0.6385807736063709,0.7979593287827076,0.022587216944054113,0.022177720246529666,"[[ 0.02459993 -0.99803199  0.05768014  0.2927919 ]
 [-0.94778778 -0.00493312  0.31886359 -0.59236132]
 [-0.31795152 -0.06251255 -0.94604387  3.31331001]
 [ 0.          0.          0.          1.        ]]","[[-1.26682671e-03 -9.97104308e-01  7.60354731e-02  2.51217860e-01]
 [-9.92142799e-01  1.07656083e-02  1.24646576e-01 -3.97658342e-01]
 [-1.25104206e-01 -7.52801415e-02 -9.89283497e-01  3.38933016e+00]
 [ 0.00000000e+00  0.00000000e+00  0.00000000e+00  1.00000000e+00]]"
sun3d-home_md-home_md_scan9_2012_sep_30,48,53,3.0,30,0.6441624004550626,0.705311433447099,0.02434705363497396,0.02369061070819071,"[[ 0.59069478 -0.76634058 -0.25259014  0.44564905]
 [ 0.49879998  0.5928611  -0.63222963  1.11646529]
 [ 0.63425409  0.24746278  0.73245063  0.70493132]
 [ 0.          0.          0.          1.        ]]","[[ 0.68625866 -0.69071323 -0.22795675  0.42334992]
 [ 0.43248885  0.63947658 -0.63562811  1.08132444]
 [ 0.58480975  0.33761655  0.73757212  0.71761623]
 [ 0.          0.          0.          1.        ]]"
sun3d-home_md-home_md_scan9_2012_sep_30,49,53,3.0,30,0.5714057167235495,0.6928149886234357,0.023994850678630098,0.020849256782656013,"[[-0.50105904 -0.85576226  0.12888286 -0.19028577]
 [ 0.66431618 -0.4757843  -0.57646623  0.60767305]
 [ 0.55463848 -0.20322465  0.80689274  1.13689927]
 [ 0.          0.          0.          1.        ]]","[[-0.59206657 -0.79754805  0.11564726 -0.27769033]
 [ 0.60915761 -0.53685312 -0.58370861  0.53137715]
 [ 0.52762125 -0.27514694  0.80368524  1.09933651]
 [ 0.          0.          0.          1.        ]]"
sun3d-home_md-home_md_scan9_2012_sep_30,50,53,2.0,30,0.7625853242320819,0.7945463594994312,0.019306074642606193,0.017265820116943588,"[[ 0.28669366  0.94322754  0.16771568  0.86414674]
 [ 0.23674528 -0.23938817  0.94161827 -0.87399019]
 [ 0.92830944 -0.23025009 -0.29193574  2.87095961]
 [ 0.          0.          0.          1.        ]]","[[ 0.32989276  0.91936477  0.21433426  0.81327677]
 [ 0.13807474 -0.27159381  0.95245586 -0.89465682]
 [ 0.93386623 -0.28461415 -0.21653789  2.82166453]
 [ 0.          0.          0.          1.        ]]"
sun3d-home_md-home_md_scan9_2012_sep_30,51,55,2.0,30,0.4767756731277121,0.4969945775358879,0.02372384190745764,0.023617992693955214,"[[-0.33080488 -0.39133906 -0.85873272  0.98370176]
 [ 0.83307916  0.30638838 -0.46054888  1.05100158]
 [ 0.44333649 -0.86774415  0.22466164  2.18905035]
 [ 0.          0.          0.          1.        ]]","[[-0.3525499  -0.36904548 -0.85995     1.03269691]
 [ 0.84382742  0.2719036  -0.46262697  1.02853783]
 [ 0.40455389 -0.88874848  0.2155511   2.2084724 ]
 [ 0.          0.          0.          1.        ]]"
sun3d-home_md-home_md_scan9_2012_sep_30,52,55,3.0,30,0.5155620039715705,0.5786792187907437,0.020842420608901336,0.020150079448703555,"[[-0.55759674  0.79345736 -0.24394935  0.07635756]
 [-0.81420147 -0.58002122 -0.02552178  0.07240071]
 [-0.16174625  0.18439306  0.96945209  0.00530636]
 [ 0.          0.          0.          1.        ]]","[[-0.48077263  0.82860276 -0.28683645  0.19468566]
 [-0.87314072 -0.48244014  0.06983397 -0.18209678]
 [-0.0805168   0.28402285  0.95543083  0.04779277]
 [ 0.          0.          0.          1.        ]]"
sun3d-home_md-home_md_scan9_2012_sep_30,53,55,5.0,30,0.18140850344002193,0.1931894920535159,0.024017046389300637,0.023260706405870166,"[[-0.13695204  0.92812791 -0.3461542   0.29137026]
 [-0.24034678 -0.37013888 -0.89734644  1.20947884]
 [-0.9609774  -0.03969638  0.27376383  0.40832998]
 [ 0.          0.          0.          1.        ]]","[[-0.06344305  0.86753154 -0.49331937  0.49085224]
 [-0.15397878 -0.49690515 -0.85403501  1.1580001 ]
 [-0.98603525  0.02177813  0.16510663  0.5556229 ]
 [ 0.          0.          0.          1.        ]]"
sun3d-home_md-home_md_scan9_2012_sep_30,53,59,2.0,30,0.16315773689024848,0.17997510759218438,0.025354656110166483,0.02499527442281582,"[[-0.60493448 -0.08261386  0.79197805 -1.71224797]
 [-0.72615385 -0.35087787 -0.59125739  0.86923519]
 [ 0.32673362 -0.93276989  0.15226775  0.58941061]
 [ 0.          0.          0.          1.        ]]","[[-0.61753425 -0.00322924  0.78653736 -1.71271893]
 [-0.701402   -0.45026018 -0.5525405   0.83373133]
 [ 0.35593074 -0.89289156  0.27578609  0.40132895]
 [ 0.          0.          0.          1.        ]]"
sun3d-home_md-home_md_scan9_2012_sep_30,54,58,1.0,30,0.37544788427184733,0.4176870141848592,0.020848338274978968,0.019757484061580545,"[[ 0.75652432 -0.51072699  0.40844693 -0.86361867]
 [ 0.65082753  0.64909899 -0.39381979 -0.12251356]
 [-0.06398809  0.56376275  0.82345436 -0.6529591 ]
 [ 0.          0.          0.          1.        ]]","[[ 0.82715302 -0.42902985  0.36297557 -0.77181345]
 [ 0.5585842   0.69852463 -0.44726617  0.02245974]
 [-0.06165684  0.57270999  0.81743606 -0.63809774]
 [ 0.          0.          0.          1.        ]]"
sun3d-home_md-home_md_scan9_2012_sep_30,55,57,11.0,30,0.5107364638894766,0.6201685912497356,0.022890587864836883,0.01844855745737577,"[[ 0.96081862 -0.2711091   0.05768388 -0.510691  ]
 [ 0.27711456  0.94401511 -0.17900556 -0.15796285]
 [-0.00592442  0.18797691  0.98215558 -0.41470196]
 [ 0.          0.          0.          1.        ]]","[[ 0.9898852  -0.13641689 -0.03895798 -0.32715867]
 [ 0.12445229  0.96680091 -0.22317625 -0.00424776]
 [ 0.06810962  0.21607045  0.9739993  -0.4687868 ]
 [ 0.          0.          0.          1.        ]]"
sun3d-home_md-home_md_scan9_2012_sep_30,55,58,3.0,30,0.3752730165370017,0.40410562011184675,0.02458677525161653,0.024484430608094694,"[[-0.89348861 -0.37715709  0.243784   -0.72289286]
 [ 0.40661644 -0.90985233  0.08265471 -0.2295051 ]
 [ 0.19063363  0.17297763  0.96630097 -0.53935694]
 [ 0.          0.          0.          1.        ]]","[[-0.90854362 -0.31451208  0.27501025 -0.79313426]
 [ 0.34413645 -0.93661344  0.0657675  -0.20895667]
 [ 0.23689363  0.15439369  0.95918924 -0.5377429 ]
 [ 0.          0.          0.          1.        ]]"
sun3d-home_md-home_md_scan9_2012_sep_30,56,58,3.0,30,0.357834245960041,0.3595760657502683,0.02497446225127839,0.024869412952544315,"[[-0.85011496  0.51573301  0.10641441 -0.84473147]
 [-0.50234327 -0.85485161  0.12992288 -0.36384496]
 [ 0.15797404  0.05699282  0.98579715 -0.40234151]
 [ 0.          0.          0.          1.        ]]","[[-0.86501932  0.49302414  0.09310621 -0.81153608]
 [-0.479325   -0.86686832  0.13706518 -0.36090931]
 [ 0.14828727  0.0739359   0.98617664 -0.40561865]
 [ 0.          0.          0.          1.        ]]"
sun3d-hotel_umd-maryland_hotel1,0,3,0.0,30,0.4259221036262105,0.485784972078886,0.024873619433648367,0.024122614797638962,"[[1. 0. 0. 0.]
 [0. 1. 0. 0.]
 [0. 0. 1. 0.]
 [0. 0. 0. 1.]]","[[ 0.99900002  0.01146214 -0.04321546  0.09365068]
 [-0.00993819  0.9993268   0.0353154  -0.13264428]
 [ 0.04359116 -0.03485061  0.99844141 -0.03743683]
 [ 0.          0.          0.          1.        ]]"
sun3d-hotel_umd-maryland_hotel1,0,14,0.0,30,0.5294149710467421,0.6844607896576269,0.023753452853415243,0.02083570387710596,"[[1. 0. 0. 0.]
 [0. 1. 0. 0.]
 [0. 0. 1. 0.]
 [0. 0. 0. 1.]]","[[ 0.99233651  0.02304977 -0.12139584  0.31984668]
 [-0.02478019  0.99961144 -0.01276386  0.05427669]
 [ 0.12105447  0.01567426  0.99252211  0.02453547]
 [ 0.          0.          0.          1.        ]]"
sun3d-hotel_umd-maryland_hotel1,0,16,0.0,30,0.5620924843722771,0.610456900612341,0.0222770592393076,0.01914730839388514,"[[1. 0. 0. 0.]
 [0. 1. 0. 0.]
 [0. 0. 1. 0.]
 [0. 0. 0. 1.]]","[[ 0.99710667  0.03598037 -0.06696051  0.12173927]
 [-0.03546157  0.99933122  0.00892086 -0.04404952]
 [ 0.0672367  -0.00652052  0.99771575  0.02247266]
 [ 0.          0.          0.          1.        ]]"
sun3d-hotel_umd-maryland_hotel1,0,46,1.0,30,0.5471057080750342,0.6469044360357459,0.021540958867654194,0.020756864462096562,"[[ 0.78442651 -0.49433049  0.37458298  0.61272268]
 [-0.51178611 -0.17473307  0.84115595 -0.98661507]
 [-0.350357   -0.85153139 -0.39005674  2.21393838]
 [ 0.          0.          0.          1.        ]]","[[ 0.67232793 -0.39147463  0.62826966  0.45492401]
 [-0.70180029 -0.06709707  0.70920684 -0.84982346]
 [-0.23548143 -0.91773939 -0.31984825  2.18663172]
 [ 0.          0.          0.          1.        ]]"
sun3d-hotel_umd-maryland_hotel1,0,47,2.0,30,0.47839213318381785,0.5175536961959804,0.023872999172318728,0.02304081944335351,"[[ 0.73128297  0.05386511  0.67994395  1.06926904]
 [ 0.02838036  0.99361051 -0.10923697 -0.61483123]
 [-0.68148351  0.09918019  0.72508173  0.867478  ]
 [ 0.          0.          0.          1.        ]]","[[ 0.66318454  0.08396476  0.74373126  0.91300694]
 [ 0.01331613  0.99220651 -0.12389076 -0.61253208]
 [-0.74833746  0.09206607  0.65689793  0.87690042]
 [ 0.          0.          0.          1.        ]]"
sun3d-hotel_umd-maryland_hotel1,0,52,1.0,30,0.5186267461366606,0.6375457068423046,0.02320336969444504,0.021386397478900837,"[[-0.28081384  0.92063766  0.2712377   0.07107915]
 [-0.87521848 -0.36161746  0.32128714 -1.6077495 ]
 [ 0.39387332 -0.14717037  0.90730628  0.9357439 ]
 [ 0.          0.          0.          1.        ]]","[[-0.24418993  0.88359698  0.39953429 -0.12127896]
 [-0.81807937 -0.40893056  0.40437846 -1.65364785]
 [ 0.52068936 -0.22810561  0.82270919  1.14557674]
 [ 0.          0.          0.          1.        ]]"
sun3d-hotel_umd-maryland_hotel1,1,15,1.0,30,0.7541809673144233,0.791478351206109,0.019488176100265094,0.018517479450989048,"[[ 0.92098901 -0.32861239  0.20926809  0.10526668]
 [ 0.33913531  0.94060989 -0.0155008  -0.41617898]
 [-0.19174588  0.08524626  0.97773544  0.52277385]
 [ 0.          0.          0.          1.        ]]","[[ 0.91258378 -0.30701776  0.27005727  0.03755646]
 [ 0.32364227  0.94600479 -0.01818287 -0.38146915]
 [-0.24989301  0.10399534  0.96267256  0.55979299]
 [ 0.          0.          0.          1.        ]]"
sun3d-hotel_umd-maryland_hotel1,1,38,1.0,30,0.4948171149367551,0.5639907453917226,0.024215265404621513,0.022715196294608185,"[[ 0.98257587  0.15443895  0.10340828  0.88694069]
 [-0.05068846  0.75794573 -0.65034525  0.8916464 ]
 [-0.1788165   0.63377194  0.75256746  0.32655755]
 [ 0.          0.          0.          1.        ]]","[[ 0.99884073  0.02947102  0.0380613   0.97329389]
 [ 0.00348438  0.7443431  -0.6677883   0.94644394]
 [-0.04801107  0.66714677  0.74337751  0.31475893]
 [ 0.          0.          0.          1.        ]]"
sun3d-hotel_umd-maryland_hotel1,1,40,1.0,30,0.5323393353650393,0.5775549106980246,0.023362273932754994,0.02257413857732936,"[[-0.39500716 -0.85348195  0.33990868  0.14322857]
 [-0.55758282 -0.07132293 -0.82705166  1.2149202 ]
 [ 0.73011694 -0.51621856 -0.4477138   2.58175333]
 [ 0.          0.          0.          1.        ]]","[[-0.45404804 -0.83089087  0.32165314  0.20747856]
 [-0.51113785 -0.05278373 -0.85787644  1.29738986]
 [ 0.72977975 -0.55392621 -0.40073342  2.53556315]
 [ 0.          0.          0.          1.        ]]"
sun3d-hotel_umd-maryland_hotel1,1,44,1.0,30,0.539654047675438,0.5622992574864233,0.02341752890748246,0.022062040417567413,"[[ 0.11458857  0.99034577  0.07800453  0.22458188]
 [-0.81796053  0.04949922  0.57314082 -1.448273  ]
 [ 0.56374643 -0.12948001  0.8157358   0.60975625]
 [ 0.          0.          0.          1.        ]]","[[ 0.08265729  0.99385384  0.07363635  0.20588352]
 [-0.81784692  0.02542567  0.57487385 -1.40241727]
 [ 0.56946833 -0.10774078  0.81492192  0.63713594]
 [ 0.          0.          0.          1.        ]]"
sun3d-hotel_umd-maryland_hotel1,1,46,2.0,30,0.6981402463569761,0.8211094114805572,0.0224623869474897,0.02066237390363994,"[[ 0.58489297 -0.70160566  0.40700087  1.01866145]
 [ 0.76926278  0.6389194  -0.00409565  0.19797147]
 [-0.25716722  0.31548614  0.91341859  0.99572834]
 [ 0.          0.          0.          1.        ]]","[[ 0.60936638 -0.52798027  0.59153144  0.90154008]
 [ 0.72101717  0.67936347 -0.13638008  0.32189115]
 [-0.32985886  0.50960976  0.79466409  1.12137978]
 [ 0.          0.          0.          1.        ]]"
sun3d-hotel_umd-maryland_hotel1,1,49,2.0,30,0.5240668232837379,0.5691986426520491,0.023693838464978457,0.02276882087408584,"[[-0.74928194 -0.57391013  0.33045989 -0.43579409]
 [ 0.59031598 -0.35262473  0.72607358 -1.12319778]
 [-0.30017266  0.73910958  0.60300366  0.65001745]
 [ 0.          0.          0.          1.        ]]","[[-0.76262984 -0.62805119  0.15474954 -0.14746442]
 [ 0.52841282 -0.46693342  0.70905083 -1.11693881]
 [-0.37306248  0.62251496  0.68796766  0.50719249]
 [ 0.          0.          0.          1.        ]]"
sun3d-hotel_umd-maryland_hotel1,2,4,0.0,30,0.5046967717290805,0.6525647759483616,0.025276461075881003,0.02291112183793342,"[[1. 0. 0. 0.]
 [0. 1. 0. 0.]
 [0. 0. 1. 0.]
 [0. 0. 0. 1.]]","[[ 0.99224561  0.00559649 -0.12416654  0.35575989]
 [-0.00955934  0.99946298 -0.03134278  0.07929833]
 [ 0.12392445  0.03228669  0.99176625  0.03301775]
 [ 0.          0.          0.          1.        ]]"
sun3d-hotel_umd-maryland_hotel1,2,15,1.0,30,0.5111872733539489,0.5571791274460782,0.022449051841180415,0.021601793910076404,"[[-0.01746264  0.99549584  0.09318307  0.19930352]
 [-0.99980725 -0.01654955 -0.01056278  0.08625061]
 [-0.00897307 -0.09334956  0.99559296  0.6613564 ]
 [ 0.          0.          0.          1.        ]]","[[ 0.02104556  0.97912438  0.20216955 -0.0151245 ]
 [-0.99976406  0.01952288  0.00952302  0.06360312]
 [ 0.00537729 -0.20232227  0.97930423  0.6900442 ]
 [ 0.          0.          0.          1.        ]]"
sun3d-hotel_umd-maryland_hotel1,2,16,1.0,30,0.5089987732474779,0.5796776625792169,0.02166843557671214,0.019784328386343798,"[[1. 0. 0. 0.]
 [0. 1. 0. 0.]
 [0. 0. 1. 0.]
 [0. 0. 0. 1.]]","[[ 0.99842442 -0.002411    0.05606133 -0.17226365]
 [ 0.00292674  0.99995414 -0.00911928  0.06536016]
 [-0.05603677  0.00926899  0.99838568 -0.02976879]
 [ 0.          0.          0.          1.        ]]"
sun3d-hotel_umd-maryland_hotel1,2,19,0.0,30,0.49114182316074884,0.5127518561973459,0.018694989708843448,0.0174229984812041,"[[1. 0. 0. 0.]
 [0. 1. 0. 0.]
 [0. 0. 1. 0.]
 [0. 0. 0. 1.]]","[[ 9.99844527e-01 -1.42745411e-02 -1.03517964e-02 -2.11217944e-04]
 [ 1.42806025e-02  9.99897896e-01  5.11855499e-04  1.50298262e-02]
 [ 1.03434329e-02 -6.59605809e-04  9.99946288e-01 -4.30878941e-02]
 [ 0.00000000e+00  0.00000000e+00  0.00000000e+00  1.00000000e+00]]"
sun3d-hotel_umd-maryland_hotel1,3,5,0.0,30,0.4984066160912422,0.5527687464519792,0.02373900711812725,0.021399336869415274,"[[1. 0. 0. 0.]
 [0. 1. 0. 0.]
 [0. 0. 1. 0.]
 [0. 0. 0. 1.]]","[[ 0.99847097 -0.00973546  0.05441448 -0.16012929]
 [ 0.00849617  0.99970028  0.02296016 -0.09139226]
 [-0.0546217  -0.02246274  0.99825442  0.02176188]
 [ 0.          0.          0.          1.        ]]"
sun3d-hotel_umd-maryland_hotel1,3,7,0.0,30,0.4878605658864901,0.5157032136058947,0.022159115432944968,0.02109299949002859,"[[1. 0. 0. 0.]
 [0. 1. 0. 0.]
 [0. 0. 1. 0.]
 [0. 0. 0. 1.]]","[[ 0.99852578  0.05087369  0.01892435 -0.02390849]
 [-0.04931393  0.99593763 -0.07534167  0.14494049]
 [-0.02268038  0.07429736  0.99697819  0.01302092]
 [ 0.          0.          0.          1.        ]]"
sun3d-hotel_umd-maryland_hotel1,3,14,0.0,30,0.48899263182870445,0.5096286416016313,0.02516421094918532,0.02427929806366785,"[[1. 0. 0. 0.]
 [0. 1. 0. 0.]
 [0. 0. 1. 0.]
 [0. 0. 0. 1.]]","[[ 0.9989672  -0.04176538 -0.01789394  0.0303498 ]
 [ 0.04242794  0.99836118  0.0384034  -0.10599499]
 [ 0.01626068 -0.03912294  0.99910209 -0.04427411]
 [ 0.          0.          0.          1.        ]]"
sun3d-hotel_umd-maryland_hotel1,3,20,2.0,30,0.6361816540408997,0.7015052792714997,0.024525446600081633,0.022822450322428415,"[[ 0.86267021 -0.26044898 -0.43355097  0.97893465]
 [ 0.45881506  0.76369022  0.45416516 -0.76108403]
 [ 0.21281178 -0.59071447  0.77831071  0.69735136]
 [ 0.          0.          0.          1.        ]]","[[ 0.91577047 -0.20471796 -0.34562264  0.839883  ]
 [ 0.34606519  0.83893784  0.42002641 -0.76627003]
 [ 0.20396896 -0.50425574  0.83912026  0.62871328]
 [ 0.          0.          0.          1.        ]]"
sun3d-hotel_umd-maryland_hotel1,3,40,2.0,30,0.5041342382923957,0.5501997304549483,0.0240424995008016,0.02287072963741951,"[[ 0.43960258  0.09822053 -0.89280586  0.99643544]
 [ 0.69584143  0.59127877  0.40766914 -1.24594753]
 [ 0.56793862 -0.80046371  0.19158176  2.18779517]
 [ 0.          0.          0.          1.        ]]","[[ 0.43175777  0.10173735 -0.89623364  1.06463193]
 [ 0.71955225  0.56030593  0.41024605 -1.25005689]
 [ 0.54390237 -0.82201386  0.1687111   2.23167588]
 [ 0.          0.          0.          1.        ]]"
sun3d-hotel_umd-maryland_hotel1,3,47,2.0,30,0.5732194715201702,0.6674429972109607,0.024218847316927614,0.023820468681943235,"[[-0.75320605  0.54082051 -0.37442464 -0.20513475]
 [-0.05414894 -0.61826752 -0.78410022  0.90767263]
 [-0.65555208 -0.57031434  0.4949677   1.19191304]
 [ 0.          0.          0.          1.        ]]","[[-0.78203306  0.50321462 -0.36769462 -0.21930367]
 [ 0.00499476 -0.58489627 -0.81109272  1.01511641]
 [-0.62321693 -0.63613787  0.45489479  1.25086569]
 [ 0.          0.          0.          1.        ]]"
sun3d-hotel_umd-maryland_hotel1,3,51,2.0,30,0.566913720610949,0.5795220525141582,0.022510668833214207,0.021920660312689216,"[[ 0.16658329 -0.93998277 -0.29779589  0.83921979]
 [-0.79246779  0.05208026 -0.60768615  0.20585112]
 [ 0.5867238   0.33722401 -0.73623037  3.16954173]
 [ 0.          0.          0.          1.        ]]","[[ 0.18252772 -0.93893028 -0.29170802  0.85689328]
 [-0.8112607   0.02379129 -0.58420035  0.20961996]
 [ 0.5554635   0.34328401 -0.75737467  3.19040739]
 [ 0.          0.          0.          1.        ]]"
sun3d-hotel_umd-maryland_hotel1,4,35,4.0,30,0.5343822326879188,0.556607501431417,0.024317097009673973,0.02385572926668227,"[[ 0.31469663  0.44292626 -0.83951317  0.65150284]
 [-0.61642512 -0.57719535 -0.53559836  1.32910672]
 [-0.72179368  0.686048    0.09138944  2.50534898]
 [ 0.          0.          0.          1.        ]]","[[ 0.29720905  0.38489354 -0.87379846  0.75010008]
 [-0.62209575 -0.61619046 -0.4830178   1.26564819]
 [-0.72433671  0.68714356  0.05630325  2.55994116]
 [ 0.          0.          0.          1.        ]]"
sun3d-hotel_umd-maryland_hotel1,4,36,1.0,30,0.7244830202997534,0.749822140011383,0.02025049723344959,0.017633278589756263,"[[ 0.58024966  0.79714458 -0.16694565  0.34489022]
 [-0.80929894  0.54135189 -0.22797668  1.12427915]
 [-0.09135403  0.26739233  0.95924751  0.2889261 ]
 [ 0.          0.          0.          1.        ]]","[[ 0.53913449  0.83485256 -0.11115402  0.23084001]
 [-0.82166179  0.49239203 -0.2870923   1.25037652]
 [-0.18494839  0.24611237  0.95143197  0.34891358]
 [ 0.          0.          0.          1.        ]]"
sun3d-hotel_umd-maryland_hotel1,4,38,2.0,30,0.470440050535032,0.5078618506172276,0.024012459121123323,0.023009005474079584,"[[-0.65303764 -0.41456774 -0.6337787   0.93516364]
 [ 0.35124625 -0.90721071  0.23150552  0.51605166]
 [-0.67094554 -0.07143057  0.7380581   0.78715558]
 [ 0.          0.          0.          1.        ]]","[[-0.6485847  -0.45162265 -0.61267844  0.83139249]
 [ 0.37596259 -0.88998299  0.25803566  0.45492238]
 [-0.66180814 -0.06298619  0.74702257  0.81021204]
 [ 0.          0.          0.          1.        ]]"
sun3d-hotel_umd-maryland_hotel1,4,43,1.0,30,0.5582245957701358,0.588400846116979,0.023656754386037343,0.023247867565257537,"[[-0.55849598 -0.66977667  0.48936842 -1.42262427]
 [ 0.68218946 -0.70648995 -0.18838653  0.57578434]
 [ 0.47191077  0.22862886  0.85148639  1.14413504]
 [ 0.          0.          0.          1.        ]]","[[-0.56798411 -0.66850064  0.48010513 -1.40501038]
 [ 0.70552236 -0.69585557 -0.13425061  0.53366681]
 [ 0.42383045  0.26247269  0.86687706  1.12028726]
 [ 0.          0.          0.          1.        ]]"
sun3d-hotel_umd-maryland_hotel1,4,46,1.0,30,0.478544400611867,0.5669430802672892,0.024114295627457087,0.022638591207705245,"[[-0.33898747  0.04770029 -0.93958085  1.35800694]
 [-0.8381814   0.43823832  0.3246523  -0.42168989]
 [ 0.42724634  0.89759225 -0.10857581  2.24328577]
 [ 0.          0.          0.          1.        ]]","[[-0.33872403 -0.0836968  -0.93715574  1.30476254]
 [-0.81740388  0.51944699  0.24904963 -0.33129649]
 [ 0.46595807  0.85039383 -0.24436327  2.4426945 ]
 [ 0.          0.          0.          1.        ]]"
sun3d-hotel_umd-maryland_hotel1,4,52,2.0,30,0.4873644255819167,0.5240845103086806,0.024666725634530193,0.023558180871981926,"[[ 0.04039999  0.1883882  -0.98126333  1.65839141]
 [ 0.06944136 -0.98021993 -0.18532889  0.54051649]
 [-0.99676765 -0.06065297 -0.05268281  1.88665048]
 [ 0.          0.          0.          1.        ]]","[[ 1.49057860e-01  2.24655022e-01 -9.62970340e-01  1.69911555e+00]
 [ 1.69179031e-03 -9.73906240e-01 -2.26944428e-01  5.71333281e-01]
 [-9.88827028e-01  3.21987069e-02 -1.45548449e-01  2.02848171e+00]
 [ 0.00000000e+00  0.00000000e+00  0.00000000e+00  1.00000000e+00]]"
sun3d-hotel_umd-maryland_hotel1,5,15,0.0,30,0.404241891714767,0.4289854509619259,0.022552250458190995,0.022495799951143012,"[[1. 0. 0. 0.]
 [0. 1. 0. 0.]
 [0. 0. 1. 0.]
 [0. 0. 0. 1.]]","[[ 0.99897025 -0.01650842 -0.04226011  0.05586967]
 [ 0.0174682   0.99959549  0.02244363 -0.0253533 ]
 [ 0.04187251 -0.02315872  0.99885453  0.01845879]
 [ 0.          0.          0.          1.        ]]"
sun3d-hotel_umd-maryland_hotel1,5,33,2.0,30,0.5189129573144462,0.5574856250035901,0.024664180706178394,0.02462399874658965,"[[ 0.5841917  -0.39817649 -0.70723089  0.80625319]
 [-0.37664313 -0.9048773   0.19833562 -0.41733503]
 [-0.71892976  0.15050764 -0.67859225  2.97703566]
 [ 0.          0.          0.          1.        ]]","[[ 0.60790385 -0.44974893 -0.65435374  0.7154979 ]
 [-0.38557089 -0.88763142  0.25188402 -0.52967028]
 [-0.6941095   0.09917849 -0.71300464  3.00335592]
 [ 0.          0.          0.          1.        ]]"
sun3d-hotel_umd-maryland_hotel1,5,36,1.0,30,0.5517533042433441,0.566946499715424,0.020966319115650268,0.018624433855796204,"[[ 0.16172752 -0.55326391  0.81715559 -1.38135792]
 [ 0.72270438  0.63025432  0.28368622 -0.69287423]
 [-0.67196918  0.54468206  0.50177572  1.61005088]
 [ 0.          0.          0.          1.        ]]","[[ 0.15512493 -0.60432013  0.78149436 -1.31463586]
 [ 0.68714907  0.63435705  0.35414303 -0.82448118]
 [-0.70976222  0.48206671  0.51366261  1.58563371]
 [ 0.          0.          0.          1.        ]]"
sun3d-hotel_umd-maryland_hotel1,6,12,2.0,30,0.4917561262163404,0.5104262099486527,0.022880127805122535,0.022630736190873413,"[[ 0.76859142  0.63903128 -0.03010399  0.30320048]
 [-0.63973103  0.76797799 -0.03088709  0.95171818]
 [ 0.00338138  0.04299801  0.99906944  0.70944699]
 [ 0.          0.          0.          1.        ]]","[[ 0.78239851  0.62085108 -0.04895421  0.32590481]
 [-0.62184718  0.78310803 -0.00692157  0.85915462]
 [ 0.03403917  0.03585747  0.99877704  0.71416226]
 [ 0.          0.          0.          1.        ]]"
sun3d-hotel_umd-maryland_hotel1,6,33,1.0,30,0.624980613141705,0.6394044357131778,0.022855347953019387,0.02244956459316232,"[[ 0.70633059 -0.40680209 -0.57931784  1.20008999]
 [ 0.55092117  0.82979617  0.0890179   0.40125437]
 [ 0.44450305 -0.38203453  0.8102263   1.56029751]
 [ 0.          0.          0.          1.        ]]","[[ 0.67584312 -0.40293414 -0.61715488  1.25386034]
 [ 0.55839708  0.82645068  0.07191652  0.46148466]
 [ 0.48107045 -0.39322177  0.78354825  1.615293  ]
 [ 0.          0.          0.          1.        ]]"
sun3d-hotel_umd-maryland_hotel1,6,37,1.0,30,0.6204110642896883,0.6665726097338277,0.020781653712986944,0.018940601364851366,"[[ 0.98903652  0.146657   -0.01727694  0.67904786]
 [-0.10034764  0.75330223  0.64997392 -0.34992018]
 [ 0.10833798 -0.64111424  0.7597601   0.21910624]
 [ 0.          0.          0.          1.        ]]","[[ 0.99436581  0.09627076 -0.04436867  0.71581736]
 [-0.04913411  0.78947009  0.61181927 -0.2005562 ]
 [ 0.09392805 -0.60619215  0.78975224  0.19266176]
 [ 0.          0.          0.          1.        ]]"
sun3d-hotel_umd-maryland_hotel1,7,35,2.0,30,0.48137545059393727,0.5145520672886946,0.02163438415068933,0.01868023118347678,"[[1. 0. 0. 0.]
 [0. 1. 0. 0.]
 [0. 0. 1. 0.]
 [0. 0. 0. 1.]]","[[ 9.99523541e-01 -3.08652748e-02  1.62611815e-04  1.17304608e-02]
 [ 3.08469324e-02  9.99085532e-01  2.96068717e-02  1.30407567e-02]
 [-1.07628734e-03 -2.95877492e-02  9.99561607e-01  4.58741285e-02]
 [ 0.00000000e+00  0.00000000e+00  0.00000000e+00  1.00000000e+00]]"
sun3d-hotel_umd-maryland_hotel1,7,36,1.0,30,0.5059602858407639,0.5923528109783089,0.024630575602206828,0.023872720774816756,"[[ 0.49615071  0.84550222 -0.19738404  0.13289511]
 [-0.86692522  0.49491904 -0.05912544  0.52279347]
 [ 0.04769843  0.20045233  0.97854163  0.22625766]
 [ 0.          0.          0.          1.        ]]","[[ 0.52895059  0.84029964 -0.11877621 -0.06201638]
 [-0.8450583   0.53439369  0.01731611  0.33143097]
 [ 0.07802398  0.09121346  0.99277005  0.13967696]
 [ 0.          0.          0.          1.        ]]"
sun3d-hotel_umd-maryland_hotel1,7,38,0.0,30,0.5105027626832276,0.559782029620835,0.019851426871191888,0.018765993362070015,"[[1. 0. 0. 0.]
 [0. 1. 0. 0.]
 [0. 0. 1. 0.]
 [0. 0. 0. 1.]]","[[ 0.99597858 -0.02865851  0.0848844  -0.19674251]
 [ 0.02404369  0.99820243  0.05489813 -0.05470129]
 [-0.08630511 -0.05263642  0.9948773   0.01552232]
 [ 0.          0.          0.          1.        ]]"
sun3d-hotel_umd-maryland_hotel1,7,42,0.0,30,0.5821817733729998,0.6541588184554721,0.023210435463430754,0.019466870720034987,"[[1. 0. 0. 0.]
 [0. 1. 0. 0.]
 [0. 0. 1. 0.]
 [0. 0. 0. 1.]]","[[ 0.99926258 -0.02598494 -0.02826785  0.04826603]
 [ 0.03026301  0.98610882  0.16332039 -0.38265952]
 [ 0.02363131 -0.16405543  0.98616803 -0.08439126]
 [ 0.          0.          0.          1.        ]]"
sun3d-hotel_umd-maryland_hotel1,7,46,1.0,30,0.6204009339022623,0.6711697930923436,0.022212267708587627,0.02189280916603397,"[[ 0.38523037  0.91686966  0.10463074 -0.4241021 ]
 [ 0.45439847 -0.08978133 -0.88626257  0.22466874]
 [-0.80319337  0.38895931 -0.45121066  3.43188518]
 [ 0.          0.          0.          1.        ]]","[[ 0.30139086  0.94668167  0.11383042 -0.45467003]
 [ 0.38652427 -0.01216944 -0.92219894  0.31286803]
 [-0.87164359  0.32194055 -0.3695832   3.34189249]
 [ 0.          0.          0.          1.        ]]"
sun3d-hotel_umd-maryland_hotel1,9,16,0.0,30,0.37861102627942006,0.43508995322466826,0.02392996982626659,0.023767579727010137,"[[1. 0. 0. 0.]
 [0. 1. 0. 0.]
 [0. 0. 1. 0.]
 [0. 0. 0. 1.]]","[[ 9.97609559e-01 -2.34332773e-02  6.50080681e-02 -2.11089832e-01]
 [ 2.35009521e-02  9.99723776e-01 -2.76426096e-04 -1.00993522e-02]
 [-6.49836338e-02  1.80351681e-03  9.97884700e-01  1.08511808e-02]
 [ 0.00000000e+00  0.00000000e+00  0.00000000e+00  1.00000000e+00]]"
sun3d-hotel_umd-maryland_hotel1,9,26,0.0,30,0.33746074134623205,0.3904557079056959,0.023573184757917393,0.020989625664940753,"[[1. 0. 0. 0.]
 [0. 1. 0. 0.]
 [0. 0. 1. 0.]
 [0. 0. 0. 1.]]","[[ 0.99683026  0.01114991  0.07877255 -0.23622807]
 [-0.00971708  0.99978072 -0.01854952  0.09514366]
 [-0.0789621   0.01772529  0.99672002  0.0319204 ]
 [ 0.          0.          0.          1.        ]]"
sun3d-hotel_umd-maryland_hotel1,9,34,1.0,30,0.6421099942796437,0.6846176895208521,0.021927651949861817,0.021597071430729545,"[[ 0.48846633  0.63473169 -0.59876233  0.26608433]
 [ 0.1590591   0.60992929  0.77632884 -0.81774481]
 [ 0.8579632  -0.4744491   0.19697007  1.83077022]
 [ 0.          0.          0.          1.        ]]","[[ 0.52214392  0.6217328  -0.58379282  0.28162502]
 [ 0.09492207  0.63789598  0.7642503  -0.81440731]
 [ 0.84755857 -0.45446347  0.27405734  1.74740358]
 [ 0.          0.          0.          1.        ]]"
sun3d-hotel_umd-maryland_hotel1,9,46,1.0,30,0.622574671926576,0.6782384671121487,0.022566552558395694,0.021473391051116234,"[[-0.24388835 -0.74563667  0.62011646 -1.17613184]
 [-0.96814871  0.22453028 -0.11078916  0.45349241]
 [-0.05662646 -0.62738514 -0.7766475   2.71099966]
 [ 0.          0.          0.          1.        ]]","[[-0.13494733 -0.75282181  0.64424261 -1.21235759]
 [-0.95837665  0.26426778  0.10805895  0.25682012]
 [-0.25160169 -0.6028448  -0.75714908  2.64132678]
 [ 0.          0.          0.          1.        ]]"
sun3d-hotel_umd-maryland_hotel1,9,47,2.0,30,0.43401669589886616,0.4762931654159119,0.021713759321229584,0.020060646315414855,"[[ 0.99669165  0.05877053  0.05614065  0.26962384]
 [-0.06863553  0.97857757  0.19410073 -0.1865225 ]
 [-0.04353058 -0.19731182  0.97937385  0.88482912]
 [ 0.          0.          0.          1.        ]]","[[ 0.99855066  0.00644329  0.05343286  0.32147222]
 [-0.01519485  0.98616954  0.1650417  -0.129282  ]
 [-0.05163044 -0.1656144   0.98483814  0.92179275]
 [ 0.          0.          0.          1.        ]]"
sun3d-hotel_umd-maryland_hotel1,9,50,2.0,30,0.5160976453544942,0.5237086207269346,0.021694988548806388,0.021297220614479757,"[[ 0.94240006  0.33433169  0.01021981 -0.73621593]
 [-0.13683722  0.357471    0.92384526 -1.58414592]
 [ 0.30521746 -0.87203028  0.38262971  1.69390064]
 [ 0.          0.          0.          1.        ]]","[[ 0.94134711  0.33566335  0.03457932 -0.76572023]
 [-0.18042226  0.41407219  0.89218386 -1.50084142]
 [ 0.28515509 -0.84609358  0.4503468   1.60356103]
 [ 0.          0.          0.          1.        ]]"
sun3d-hotel_umd-maryland_hotel1,10,34,2.0,30,0.6301108659529842,0.6775966331617227,0.02122633393717653,0.018762323605106913,"[[ 0.99896881  0.04001961  0.02144182  0.27519304]
 [-0.0334503   0.32942723  0.94358825 -1.20629528]
 [ 0.03069851 -0.94333246  0.33042619  1.25838862]
 [ 0.          0.          0.          1.        ]]","[[ 0.99728699  0.05049287  0.05356418  0.22094185]
 [-0.06564973  0.28093044  0.95748013 -1.17769792]
 [ 0.03329811 -0.95839896  0.28348312  1.35297011]
 [ 0.          0.          0.          1.        ]]"
sun3d-hotel_umd-maryland_hotel1,11,50,1.0,30,0.5367845791260352,0.5710555903911436,0.024625633794967277,0.024320894617359055,"[[-0.92358539  0.02540972 -0.38254983 -0.13886384]
 [ 0.00465102 -0.99698534 -0.07745066 -0.06301356]
 [-0.38336457 -0.07331154  0.92068291  0.84980916]
 [ 0.          0.          0.          1.        ]]","[[-0.89462382  0.03037719 -0.44578632 -0.06485407]
 [ 0.0101137  -0.99605404 -0.08817068 -0.05152705]
 [-0.44670564 -0.08338814  0.89078644  0.93386386]
 [ 0.          0.          0.          1.        ]]"
sun3d-hotel_umd-maryland_hotel1,12,33,2.0,30,0.5800318231688754,0.5989246755932378,0.021910797209675023,0.020678780435847807,"[[-0.30167602 -0.59700968  0.74335121 -1.02782555]
 [ 0.57051785  0.51163638  0.64244657 -0.48434377]
 [-0.76387235  0.61790586  0.18625625  1.9280581 ]
 [ 0.          0.          0.          1.        ]]","[[-0.32958    -0.6629098   0.67225562 -0.90033313]
 [ 0.57052497  0.42748933  0.70125183 -0.58426761]
 [-0.75224882  0.6146572   0.23731465  1.8434135 ]
 [ 0.          0.          0.          1.        ]]"
sun3d-hotel_umd-maryland_hotel1,12,40,3.0,30,0.5359150568837192,0.5768689063998738,0.02412617187623579,0.023032234413852572,"[[ 0.0874934  -0.99605236  0.01498638  0.65022489]
 [ 0.2608467   0.03742679  0.96465446 -1.35481513]
 [-0.96140725 -0.08049175  0.26309157  1.7093326 ]
 [ 0.          0.          0.          1.        ]]","[[ 0.08379187 -0.99640803 -0.01224558  0.72582289]
 [ 0.21682836  0.00623685  0.97618982 -1.31978275]
 [-0.97260701 -0.08445196  0.21657211  1.81520775]
 [ 0.          0.          0.          1.        ]]"
sun3d-hotel_umd-maryland_hotel1,12,41,2.0,30,0.552354574370586,0.6497654860100275,0.025094980818547396,0.024334450956420815,"[[-0.37228685 -0.88922199  0.26586982 -0.09219032]
 [ 0.8220371  -0.18292707  0.53925198 -0.48340003]
 [-0.43087993  0.41931127  0.79907481  0.93874469]
 [ 0.          0.          0.          1.        ]]","[[-0.36502617 -0.91150836  0.18949515  0.02727333]
 [ 0.8684145  -0.25999525  0.42220696 -0.27879266]
 [-0.33557734  0.31867693  0.88647215  0.86080026]
 [ 0.          0.          0.          1.        ]]"
sun3d-hotel_umd-maryland_hotel1,12,48,2.0,30,0.45566337820394615,0.483340632491241,0.02195606756751262,0.02032340906494271,"[[ 0.21058822  0.97746003 -0.01498288  0.0369365 ]
 [ 0.87172792 -0.18082825  0.45540266 -0.02322849]
 [ 0.44242857 -0.10896343 -0.8901595   2.77503686]
 [ 0.          0.          0.          1.        ]]","[[ 0.17888465  0.97681322 -0.11762742  0.15588131]
 [ 0.82948499 -0.08543805  0.55195561 -0.12341958]
 [ 0.52910768 -0.19630656 -0.82553546  2.70879878]
 [ 0.          0.          0.          1.        ]]"
sun3d-hotel_umd-maryland_hotel1,13,26,1.0,30,0.4334433137775803,0.44125437226826236,0.02132702958373819,0.0213943615137947,"[[1. 0. 0. 0.]
 [0. 1. 0. 0.]
 [0. 0. 1. 0.]
 [0. 0. 0. 1.]]","[[ 0.99992249  0.00220421  0.01225379 -0.03645083]
 [-0.00240101  0.99986799  0.0160695  -0.01724599]
 [-0.01221675 -0.01609768  0.99979579  0.01040672]
 [ 0.          0.          0.          1.        ]]"
sun3d-hotel_umd-maryland_hotel1,13,36,2.0,30,0.45894991462720547,0.5364336305571366,0.024395865947142596,0.02180615233304385,"[[ 0.39467038 -0.6708304   0.6278709  -1.31657032]
 [ 0.33975235  0.74145815  0.57862609 -0.8980525 ]
 [-0.85369997 -0.01504597  0.52054777  1.37594602]
 [ 0.          0.          0.          1.        ]]","[[ 0.40038523 -0.61747229  0.67706694 -1.42690841]
 [ 0.43850351  0.77789085  0.45011164 -0.62025684]
 [-0.80461565  0.11667818  0.58221977  1.29266186]
 [ 0.          0.          0.          1.        ]]"
sun3d-hotel_umd-maryland_hotel1,13,53,1.0,30,0.5573315923445398,0.6030105412959118,0.0224870850016143,0.0226168259321083,"[[ 0.03796545 -0.47980924  0.87655104 -1.93144297]
 [-0.99441176  0.06833162  0.08047385 -0.20735095]
 [-0.09850825 -0.87470788 -0.47453371  3.13346484]
 [ 0.          0.          0.          1.        ]]","[[ 2.68927308e-03 -5.50441651e-01  8.34869305e-01 -1.83720622e+00]
 [-9.90964213e-01  1.10489509e-01  7.60394481e-02 -2.46063719e-01]
 [-1.34099579e-01 -8.27530094e-01 -5.45170841e-01  3.23425719e+00]
 [ 0.00000000e+00  0.00000000e+00  0.00000000e+00  1.00000000e+00]]"
sun3d-hotel_umd-maryland_hotel1,14,16,0.0,30,0.41272371842320027,0.5195236542386802,0.0252234808260907,0.021663495616112863,"[[1. 0. 0. 0.]
 [0. 1. 0. 0.]
 [0. 0. 1. 0.]
 [0. 0. 0. 1.]]","[[ 0.99217105 -0.03239508  0.12061167 -0.24776988]
 [ 0.03084899  0.99941648  0.01466437 -0.00993403]
 [-0.12101634 -0.01082882  0.99259145  0.0040038 ]
 [ 0.          0.          0.          1.        ]]"
sun3d-hotel_umd-maryland_hotel1,14,20,2.0,30,0.46596930564823175,0.5184283863877223,0.02420498709586737,0.02351745589335853,"[[-0.68326796 -0.34433594 -0.64387705  1.31774713]
 [ 0.2664155  -0.93859466  0.2192324  -0.18587661]
 [-0.67982916 -0.02174435  0.73304809  0.47962369]
 [ 0.          0.          0.          1.        ]]","[[-0.61036498 -0.32178581 -0.72381523  1.52675866]
 [ 0.24949049 -0.94535722  0.20989096 -0.21162456]
 [-0.75180389 -0.05247492  0.65729544  0.56239538]
 [ 0.          0.          0.          1.        ]]"
sun3d-hotel_umd-maryland_hotel1,14,32,0.0,30,0.4243132770492202,0.48155276027347266,0.02303597181305579,0.02085465501704267,"[[1. 0. 0. 0.]
 [0. 1. 0. 0.]
 [0. 0. 1. 0.]
 [0. 0. 0. 1.]]","[[ 0.99845219 -0.02961252 -0.04707787  0.08804456]
 [ 0.03375532  0.99538855  0.08978984 -0.18161808]
 [ 0.04420187 -0.09123999  0.99484746 -0.08745717]
 [ 0.          0.          0.          1.        ]]"
sun3d-hotel_umd-maryland_hotel1,14,41,3.0,30,0.5694511833522022,0.6406477438136827,0.02169839051448449,0.021157368803598624,"[[ 0.94319974  0.2536279  -0.21458599  0.65024055]
 [-0.24677139  0.96729904  0.05862128 -0.3051923 ]
 [ 0.22243681 -0.0023379   0.97494431  0.2441607 ]
 [ 0.          0.          0.          1.        ]]","[[ 0.97459659  0.15320509 -0.16336981  0.58325297]
 [-0.13266771  0.98259573  0.1300189  -0.37390072]
 [ 0.18044603 -0.10504207  0.97795981  0.26651881]
 [ 0.          0.          0.          1.        ]]"
sun3d-hotel_umd-maryland_hotel1,15,17,1.0,30,0.3552997308373798,0.4002187791649196,0.02425868875562512,0.023527651511336758,"[[ 0.95796919  0.02467303  0.2858081  -0.03903009]
 [ 0.13896939  0.83167407 -0.53759256  1.30707002]
 [-0.25096322  0.55471568  0.79328934 -0.42269836]
 [ 0.          0.          0.          1.        ]]","[[ 0.957494    0.05998555  0.28214706 -0.06388159]
 [ 0.10842287  0.83156766 -0.5447382   1.387314  ]
 [-0.26730079  0.55217476  0.78971724 -0.4136747 ]
 [ 0.          0.          0.          1.        ]]"
sun3d-hotel_umd-maryland_hotel1,15,20,1.0,30,0.6585744004396122,0.6883561643835616,0.022830764695796694,0.021917243959791742,"[[-0.44977768 -0.65238359  0.60999647 -0.88828527]
 [ 0.30282953 -0.75391587 -0.58301384  0.62124257]
 [ 0.84023468 -0.07750167  0.53665555  1.07917506]
 [ 0.          0.          0.          1.        ]]","[[-0.42541168 -0.59703953  0.68012403 -0.97988278]
 [ 0.3259013  -0.80216343 -0.50032206  0.48479942]
 [ 0.84428268  0.00881046  0.53582565  1.09748973]
 [ 0.          0.          0.          1.        ]]"
sun3d-hotel_umd-maryland_hotel1,15,33,0.0,30,0.5967590917185086,0.7091856370665242,0.023024260711215855,0.02068422050464814,"[[1. 0. 0. 0.]
 [0. 1. 0. 0.]
 [0. 0. 1. 0.]
 [0. 0. 0. 1.]]","[[ 0.99354271 -0.07284006 -0.08698971  0.19621236]
 [ 0.07910963  0.99433851  0.07094076 -0.17148868]
 [ 0.08132989 -0.0773644   0.99368013  0.00851421]
 [ 0.          0.          0.          1.        ]]"
sun3d-hotel_umd-maryland_hotel1,15,34,0.0,30,0.7195254828253113,0.7580016888670971,0.02274833161302496,0.022004047875038433,"[[1. 0. 0. 0.]
 [0. 1. 0. 0.]
 [0. 0. 1. 0.]
 [0. 0. 0. 1.]]","[[ 9.99515787e-01 -3.11116982e-02 -5.02925615e-04  3.16910005e-02]
 [ 3.10633872e-02  9.96765592e-01  7.41176146e-02 -1.11478701e-01]
 [-1.80462591e-03 -7.40973485e-02  9.97249380e-01  9.23200098e-03]
 [ 0.00000000e+00  0.00000000e+00  0.00000000e+00  1.00000000e+00]]"
sun3d-hotel_umd-maryland_hotel1,15,38,0.0,30,0.6075163249463446,0.6710580391798713,0.023016228158681745,0.01930564617656471,"[[1. 0. 0. 0.]
 [0. 1. 0. 0.]
 [0. 0. 1. 0.]
 [0. 0. 0. 1.]]","[[ 0.99815662  0.04454171 -0.04122378  0.0718343 ]
 [-0.04753328  0.99607359 -0.07468589  0.19352609]
 [ 0.03773528  0.07650772  0.99635466  0.05027784]
 [ 0.          0.          0.          1.        ]]"
sun3d-hotel_umd-maryland_hotel1,15,39,2.0,30,0.5244152669089639,0.5606179671043297,0.02323165633990041,0.022943477101327374,"[[-0.49264803  0.84131677  0.22245001  0.28848193]
 [-0.12606294  0.18393125 -0.97482174  1.44842386]
 [-0.86104939 -0.50828672  0.0154455   1.25679671]
 [ 0.          0.          0.          1.        ]]","[[-0.46320135  0.85256034  0.24204419  0.24098676]
 [-0.18689461  0.17300057 -0.96702699  1.45210362]
 [-0.86632264 -0.49316496  0.07920484  1.17794491]
 [ 0.          0.          0.          1.        ]]"
sun3d-hotel_umd-maryland_hotel1,15,41,1.0,30,0.5868106097363739,0.6183150035042321,0.023335174363593867,0.02293358931060842,"[[-0.29736512 -0.71357279 -0.63434049  1.53481125]
 [-0.67696172 -0.31093343  0.66711561 -1.02485263]
 [-0.67327321  0.62780114 -0.39060071  2.10511799]
 [ 0.          0.          0.          1.        ]]","[[-0.32423022 -0.72004207 -0.61352602  1.48056354]
 [-0.71566999 -0.23741852  0.65684771 -1.00059682]
 [-0.61862043  0.65205204 -0.43833424  2.17359495]
 [ 0.          0.          0.          1.        ]]"
sun3d-hotel_umd-maryland_hotel1,15,44,0.0,30,0.5772077002023526,0.5982282720250635,0.023259497013969718,0.022967980504992293,"[[1. 0. 0. 0.]
 [0. 1. 0. 0.]
 [0. 0. 1. 0.]
 [0. 0. 0. 1.]]","[[ 0.99939095 -0.01170753  0.03287332 -0.04271045]
 [ 0.01177321  0.99992906 -0.00180504 -0.03407518]
 [-0.03284986  0.00219097  0.9994579  -0.02068845]
 [ 0.          0.          0.          1.        ]]"
sun3d-hotel_umd-maryland_hotel1,15,46,1.0,30,0.6586587231301828,0.6830045890024957,0.02209606371192796,0.017177593890787723,"[[-0.80299666 -0.45021684 -0.39051398  0.71953774]
 [ 0.55809435 -0.79793657 -0.22765747 -0.17981537]
 [-0.20911016 -0.40075183  0.89200387  0.48135554]
 [ 0.          0.          0.          1.        ]]","[[-0.8167036  -0.50893482 -0.27199372  0.59064269]
 [ 0.57432717 -0.67108624 -0.46881933  0.09020362]
 [ 0.05606724 -0.53909982  0.84037364  0.5423366 ]
 [ 0.          0.          0.          1.        ]]"
sun3d-hotel_umd-maryland_hotel1,15,47,9.0,30,0.4521694125765548,0.5214161802620355,0.023639858111560344,0.02326206776768892,"[[ 0.12141197 -0.21082322  0.969955    0.34565684]
 [-0.02332537  0.97630819  0.21512381 -0.70682489]
 [-0.9923281  -0.04874316  0.11361797  0.52260171]
 [ 0.          0.          0.          1.        ]]","[[ 0.21660643 -0.21758196  0.9517036   0.39062332]
 [-0.04676559  0.97141577  0.23273241 -0.74010109]
 [-0.97513826 -0.09491832  0.20023955  0.43882257]
 [ 0.          0.          0.          1.        ]]"
sun3d-hotel_umd-maryland_hotel1,15,53,7.0,30,0.5288620241928976,0.6039054877825133,0.022874834915007976,0.02247154649719468,"[[-0.50308961  0.6616935   0.55593395 -1.34181994]
 [ 0.35209032 -0.43053822  0.83106513 -1.10985847]
 [ 0.78926121  0.61383919 -0.01637657  2.21176162]
 [ 0.          0.          0.          1.        ]]","[[-0.55799126  0.61821202  0.55358798 -1.35171264]
 [ 0.36761338 -0.41392484  0.83278246 -1.0972538 ]
 [ 0.74397994  0.66819168  0.00370344  2.09794963]
 [ 0.          0.          0.          1.        ]]"
sun3d-hotel_umd-maryland_hotel1,15,55,18.0,30,0.43665429656729743,0.438724245978259,0.021413839184171213,0.021167847021812257,"[[ 0.95841904 -0.05917388 -0.27916194  1.28326772]
 [ 0.08657297  0.99245239  0.08685255 -0.38459994]
 [ 0.27191554 -0.10740902  0.95630813  0.21110822]
 [ 0.          0.          0.          1.        ]]","[[ 0.96229701 -0.08338152 -0.25890537  1.26060931]
 [ 0.11128717  0.98923287  0.09504466 -0.37498853]
 [ 0.24819274 -0.12027403  0.96121513  0.20029857]
 [ 0.          0.          0.          1.        ]]"
sun3d-hotel_umd-maryland_hotel1,16,26,0.0,30,0.46942537036559406,0.5279557327058562,0.023903034308411557,0.02289575194383538,"[[1. 0. 0. 0.]
 [0. 1. 0. 0.]
 [0. 0. 1. 0.]
 [0. 0. 0. 1.]]","[[ 0.99941548  0.02316949  0.02513701 -0.05455119]
 [-0.02104961  0.99644713 -0.08154767  0.23687588]
 [-0.02693712  0.08097088  0.9963524   0.01386943]
 [ 0.          0.          0.          1.        ]]"
sun3d-hotel_umd-maryland_hotel1,17,26,0.0,30,0.5014235292016928,0.5036912558602779,0.023339425514736712,0.02311092037278504,"[[1. 0. 0. 0.]
 [0. 1. 0. 0.]
 [0. 0. 1. 0.]
 [0. 0. 0. 1.]]","[[ 0.99998111 -0.00407343 -0.00460233  0.01488827]
 [ 0.003977    0.99977635 -0.02077097  0.0435294 ]
 [ 0.00468591  0.02075227  0.99977367 -0.01643558]
 [ 0.          0.          0.          1.        ]]"
sun3d-hotel_umd-maryland_hotel1,17,41,2.0,30,0.5192328427408486,0.5400830233435765,0.024854663423683837,0.024415198106781538,"[[-0.94249036  0.33265713 -0.03242156  0.0541894 ]
 [-0.22572674 -0.70505417 -0.67226934  1.390913  ]
 [-0.24649415 -0.62628895  0.73959636  1.38412774]
 [ 0.          0.          0.          1.        ]]","[[-0.96773702  0.24605844 -0.05422452  0.13496396]
 [-0.16782558 -0.79000169 -0.58968798  1.26627904]
 [-0.18793516 -0.56156262  0.80580878  1.28848727]
 [ 0.          0.          0.          1.        ]]"
sun3d-hotel_umd-maryland_hotel1,17,46,2.0,30,0.6360840512036068,0.7413090733435311,0.0217624862903631,0.020797442157117374,"[[ 0.49212766  0.86649903 -0.08360508  0.91987882]
 [ 0.86705797 -0.49646348 -0.04164725  0.27848001]
 [-0.07759417 -0.05199468 -0.99562829  3.58173592]
 [ 0.          0.          0.          1.        ]]","[[ 0.30698378  0.94340468 -0.12549332  0.93192441]
 [ 0.93546876 -0.32336856 -0.14258669  0.40633781]
 [-0.17509754 -0.07362328 -0.98179451  3.49379546]
 [ 0.          0.          0.          1.        ]]"
sun3d-hotel_umd-maryland_hotel1,18,22,2.0,30,0.595928759448769,0.6128221731113019,0.021095148765285055,0.01977469111463536,"[[1. 0. 0. 0.]
 [0. 1. 0. 0.]
 [0. 0. 1. 0.]
 [0. 0. 0. 1.]]","[[ 0.99997793 -0.00655687  0.00106939  0.02515973]
 [ 0.00654958  0.99995622  0.00668362  0.02477997]
 [-0.00111317 -0.00667647  0.99997709 -0.00534515]
 [ 0.          0.          0.          1.        ]]"
sun3d-hotel_umd-maryland_hotel1,19,34,3.0,30,0.7459480809566615,0.7711721282449402,0.018401031458722635,0.012415307762839525,"[[ 0.94917351  0.24218282  0.20104012  0.08023875]
 [-0.18736994  0.94797875 -0.25734956  0.26436308]
 [-0.2529074   0.20660051  0.9451741   0.78472736]
 [ 0.          0.          0.          1.        ]]","[[ 0.952265    0.19971658  0.23087801  0.01864375]
 [-0.1675915   0.97415594 -0.15143743  0.12905525]
 [-0.25515575  0.10551537  0.96112541  0.72001319]
 [ 0.          0.          0.          1.        ]]"
sun3d-hotel_umd-maryland_hotel1,19,49,2.0,30,0.49796397807361004,0.5374249543200209,0.02051823971012439,0.019826322643525098,"[[-0.91547867  0.40199407  0.01730839  0.45879546]
 [-0.31089018 -0.67938568 -0.66466713  1.52035783]
 [-0.25543317 -0.61386959  0.7469391   0.70741598]
 [ 0.          0.          0.          1.        ]]","[[-0.90018685  0.43348366 -0.04189927  0.52445982]
 [-0.29252008 -0.67310965 -0.67923148  1.50713281]
 [-0.32263855 -0.59917887  0.73272713  0.7266012 ]
 [ 0.          0.          0.          1.        ]]"
sun3d-hotel_umd-maryland_hotel1,20,24,1.0,30,0.1552887838176673,0.17058892760831632,0.024214687661266526,0.02473769652852641,"[[-0.98203662 -0.17871218  0.06054774 -0.40592466]
 [ 0.14598067 -0.51626176  0.84389777 -1.50091814]
 [-0.11955633  0.83757731  0.53307648  0.98469975]
 [ 0.          0.          0.          1.        ]]","[[-0.9797227  -0.17272873  0.10152938 -0.47893089]
 [ 0.18372679 -0.57236596  0.79915059 -1.46108988]
 [-0.07992431  0.80159964  0.59249482  0.86994009]
 [ 0.          0.          0.          1.        ]]"
sun3d-hotel_umd-maryland_hotel1,20,27,1.0,30,0.16192287532759267,0.18774092100336953,0.024013892814946893,0.023423708538219463,"[[ 0.04395297 -0.26637548  0.96286668 -2.39530936]
 [ 0.91349949  0.40090952  0.0692115  -0.90534152]
 [-0.40445867  0.87653617  0.26095503  0.98831781]
 [ 0.          0.          0.          1.        ]]","[[ 0.02098495 -0.19001173  0.98155752 -2.44534128]
 [ 0.91855446  0.39129205  0.05610905 -0.8024336 ]
 [-0.39473704  0.9004366   0.18274737  1.12291024]
 [ 0.          0.          0.          1.        ]]"
sun3d-hotel_umd-maryland_hotel1,20,29,1.0,30,0.13842175041547625,0.15140141542023788,0.024642406870983208,0.02448816444208525,"[[-0.79415015  0.60108283 -0.08958222 -0.0472158 ]
 [-0.49035183 -0.54669787  0.67873156 -1.14698449]
 [ 0.35899948  0.58294157  0.72890226 -0.86378416]
 [ 0.          0.          0.          1.        ]]","[[-0.79874442  0.60038996 -0.03923333 -0.15695514]
 [-0.46730433 -0.57797311  0.66900953 -1.16252556]
 [ 0.37899079  0.55270153  0.74221762 -0.87496663]
 [ 0.          0.          0.          1.        ]]"
sun3d-hotel_umd-maryland_hotel1,20,32,1.0,30,0.13852704313763656,0.17039244787231453,0.02291398524148825,0.021974640408027987,"[[ 0.48518756 -0.70076763  0.52298926 -1.20569269]
 [ 0.3363897   0.70166262  0.62810153 -1.14041336]
 [-0.80711523 -0.12881885  0.57616899  1.02660474]
 [ 0.          0.          0.          1.        ]]","[[ 0.49295312 -0.70686418  0.50728715 -1.18909156]
 [ 0.40212347  0.70214152  0.58761723 -1.22059206]
 [-0.77155294 -0.08567568  0.63036953  0.88690711]
 [ 0.          0.          0.          1.        ]]"
sun3d-hotel_umd-maryland_hotel1,20,39,1.0,30,0.3857219257173417,0.4849710225598376,0.02538285099331933,0.02360268566652711,"[[-0.96457183 -0.05168485 -0.25870808  0.15619692]
 [ 0.10395197 -0.97574764 -0.19264096 -0.26035533]
 [-0.24247717 -0.21270926  0.94655142  0.21868443]
 [ 0.          0.          0.          1.        ]]","[[-0.96953905 -0.19523475 -0.14791019 -0.03789692]
 [ 0.21711325 -0.96455391 -0.14999196 -0.25111379]
 [-0.11338371 -0.17753632  0.97756073  0.13487691]
 [ 0.          0.          0.          1.        ]]"
sun3d-hotel_umd-maryland_hotel1,20,40,1.0,30,0.3168004273867486,0.3359053435485242,0.022615670089873925,0.019362004794203507,"[[-0.06523209  0.96137643  0.26739509 -0.48255291]
 [-0.89943018 -0.17270037  0.40149712 -0.78175284]
 [ 0.4321691  -0.21431272  0.87595658 -0.39477936]
 [ 0.          0.          0.          1.        ]]","[[ 0.0028216   0.99617368  0.08735006 -0.18728597]
 [-0.86864041 -0.04083502  0.49375736 -0.95223692]
 [ 0.49543503 -0.07726898  0.8652015  -0.39005328]
 [ 0.          0.          0.          1.        ]]"
sun3d-hotel_umd-maryland_hotel1,20,41,4.0,30,0.623847646773411,0.7563547900156342,0.022468647894986656,0.020625960080541975,"[[ 0.35848587 -0.92460966  0.12878221 -0.31673551]
 [ 0.63928467  0.3436732   0.68789813 -1.19267182]
 [-0.68029625 -0.16427327  0.71429077  0.50867374]
 [ 0.          0.          0.          1.        ]]","[[ 0.47623567 -0.87439207  0.09294137 -0.25887693]
 [ 0.70205253  0.44174183  0.55855743 -1.06000137]
 [-0.52945428 -0.20075525  0.82424238  0.34898757]
 [ 0.          0.          0.          1.        ]]"
sun3d-hotel_umd-maryland_hotel1,20,42,3.0,30,0.3828331015543859,0.4228845036703223,0.02486541102476989,0.024635870323102656,"[[-0.77414057  0.16307166 -0.6116486   1.27457768]
 [ 0.63026114  0.28857132 -0.72076174  1.19625354]
 [ 0.05896844 -0.94346925 -0.3261725   1.66593069]
 [ 0.          0.          0.          1.        ]]","[[-0.84095562  0.19637965 -0.50421094  1.09818444]
 [ 0.53863954  0.21497863 -0.81464817  1.39298102]
 [-0.05158575 -0.95667091 -0.28656533  1.59906613]
 [ 0.          0.          0.          1.        ]]"
sun3d-hotel_umd-maryland_hotel1,20,43,1.0,30,0.21026439353808787,0.24072172192733052,0.026227886967733677,0.025137532678193658,"[[-0.85321354  0.01260187 -0.52140948  0.27683849]
 [-0.13646899  0.95948578  0.24650205  0.17706963]
 [ 0.50339136  0.28147511 -0.81692649  3.2959576 ]
 [ 0.          0.          0.          1.        ]]","[[-0.79063914  0.05790291 -0.60953835  0.48774014]
 [-0.15264734  0.9454431   0.28781268  0.02021271]
 [ 0.59294902  0.32060038 -0.73866559  3.2741742 ]
 [ 0.          0.          0.          1.        ]]"
sun3d-hotel_umd-maryland_hotel1,20,44,1.0,30,0.41568295044230874,0.47258683087560094,0.02214608395456829,0.02176718329685783,"[[ 0.97607644  0.05744359 -0.20970219  0.17778267]
 [ 0.1337671   0.60168805  0.78745023 -1.63171344]
 [ 0.17140927 -0.79666287  0.57960947  0.64190637]
 [ 0.          0.          0.          1.        ]]","[[ 0.99885986  0.04350205 -0.01966073 -0.15949717]
 [-0.01355388  0.65332117  0.75695953 -1.58279454]
 [ 0.04577406 -0.75583002  0.65316592  0.50981538]
 [ 0.          0.          0.          1.        ]]"
sun3d-hotel_umd-maryland_hotel1,20,52,5.0,30,0.5129061434634384,0.5921751432083304,0.0227814808728829,0.01933248006693474,"[[ 0.28752047  0.77791227  0.55873471 -0.79745365]
 [-0.89510311  0.01068894  0.44573104 -1.2312501 ]
 [ 0.34076736 -0.62828198  0.69938499  0.45184975]
 [ 0.          0.          0.          1.        ]]","[[ 0.42334133  0.77261461  0.4731266  -0.63335186]
 [-0.85924034  0.17684907  0.48003171 -1.27225582]
 [ 0.28720751 -0.60974672  0.73872917  0.36812083]
 [ 0.          0.          0.          1.        ]]"
sun3d-hotel_umd-maryland_hotel1,20,53,6.0,30,0.40692923320691604,0.4426757432823996,0.02219054883804505,0.022148935109543178,"[[ 4.06944878e-01 -6.24484721e-01 -6.66644357e-01  1.46426424e+00]
 [-5.50848945e-04 -7.29974825e-01  6.83473812e-01 -1.09075737e+00]
 [-9.13452551e-01 -2.77768947e-01 -2.97403513e-01  1.77849237e+00]
 [ 0.00000000e+00  0.00000000e+00  0.00000000e+00  1.00000000e+00]]","[[ 0.3615399  -0.57808886 -0.73150678  1.54662052]
 [ 0.0398798  -0.774272    0.63159518 -0.97674474]
 [-0.93150336 -0.2575192  -0.25687615  1.68039366]
 [ 0.          0.          0.          1.        ]]"
sun3d-hotel_umd-maryland_hotel1,20,55,2.0,30,0.24615330754284315,0.26770616346036025,0.022794097258566504,0.02071916641382982,"[[ 0.64078672 -0.47005333 -0.60699444  1.80071131]
 [ 0.29503326 -0.57915782  0.759955   -0.87730538]
 [-0.70876495 -0.66605262 -0.23243527  1.2937559 ]
 [ 0.          0.          0.          1.        ]]","[[ 0.52757337 -0.47424369 -0.70481151  1.90001249]
 [ 0.27985688 -0.68633061  0.67129011 -0.69276718]
 [-0.80208882 -0.55140113 -0.22936939  1.17889913]
 [ 0.          0.          0.          1.        ]]"
sun3d-hotel_umd-maryland_hotel1,21,51,3.0,30,0.6889050969624163,0.734844259481723,0.016083727199385053,0.014167032615552036,"[[ 0.014696    0.99960027 -0.02415199 -0.75406901]
 [-0.9856303   0.01041708 -0.16859535 -0.33466904]
 [-0.16827636  0.02628261  0.98538941  0.45185218]
 [ 0.          0.          0.          1.        ]]","[[ 0.04929166  0.99842415 -0.02682442 -0.77979637]
 [-0.97809715  0.04281543 -0.20369782 -0.2303563 ]
 [-0.20222832  0.03627749  0.97866626  0.44836239]
 [ 0.          0.          0.          1.        ]]"
sun3d-hotel_umd-maryland_hotel1,22,27,0.0,30,0.5514129539498315,0.6132384874578809,0.025129309608966487,0.018512480929061333,"[[1. 0. 0. 0.]
 [0. 1. 0. 0.]
 [0. 0. 1. 0.]
 [0. 0. 0. 1.]]","[[ 0.99724462 -0.07409371 -0.0036443   0.01064112]
 [ 0.07401412  0.99708493 -0.01853497  0.11266486]
 [ 0.005007    0.01821417  0.99982157  0.055709  ]
 [ 0.          0.          0.          1.        ]]"
sun3d-hotel_umd-maryland_hotel1,22,36,6.0,30,0.6141465882501739,0.7282813191677734,0.022136254564441737,0.01756467850089497,"[[ 0.93855061 -0.28557727  0.19382563 -0.94274415]
 [ 0.30148633  0.95172783 -0.05762055  0.1153381 ]
 [-0.16801413  0.11251558  0.97934238  0.74302915]
 [ 0.          0.          0.          1.        ]]","[[ 0.93832499 -0.29935827  0.17300532 -0.89411725]
 [ 0.28953238  0.95381164  0.08008965 -0.22193224]
 [-0.18898999 -0.02505948  0.98165921  0.70366385]
 [ 0.          0.          0.          1.        ]]"
sun3d-hotel_umd-maryland_hotel1,22,44,1.0,30,0.4712239632025728,0.49100216479895625,0.023412506055305427,0.023475356500852744,"[[-0.27056328 -0.82906191 -0.48933818  0.81888408]
 [ 0.9626781  -0.22940261 -0.14361515  0.23288708]
 [ 0.0068104  -0.50993214  0.86018767  1.26605835]
 [ 0.          0.          0.          1.        ]]","[[-0.26542367 -0.82007092 -0.50698516  0.86759407]
 [ 0.96371909 -0.2410532  -0.11462493  0.16403441]
 [-0.02820982 -0.51901545  0.85429923  1.25465633]
 [ 0.          0.          0.          1.        ]]"
sun3d-hotel_umd-maryland_hotel1,22,47,1.0,30,0.5145058799850485,0.5759030832782235,0.02086190673105385,0.01965726704697472,"[[-0.81299138  0.52114022  0.25972655 -1.32839466]
 [ 0.50012237  0.3965341   0.76983006 -0.84841952]
 [ 0.29819898  0.75576026 -0.58301269  2.89437413]
 [ 0.          0.          0.          1.        ]]","[[-0.76657518  0.53379392  0.35696856 -1.37349685]
 [ 0.605601    0.4160705   0.67833086 -0.72255035]
 [ 0.2135648   0.73617212 -0.64221545  2.8633725 ]
 [ 0.          0.          0.          1.        ]]"
sun3d-hotel_umd-maryland_hotel1,22,50,4.0,30,0.5086380246059374,0.537465674933512,0.02488560989230065,0.024250546995897855,"[[ 0.68860754 -0.66178398  0.29641462 -1.40472931]
 [-0.26852683 -0.61243398 -0.74351729  0.57562135]
 [ 0.67358221  0.43239633 -0.59943341  3.17214749]
 [ 0.          0.          0.          1.        ]]","[[ 0.75108294 -0.59501208  0.28606825 -1.36150745]
 [-0.23193991 -0.64348953 -0.72946905  0.50115133]
 [ 0.61812483  0.48154112 -0.62132106  3.2427773 ]
 [ 0.          0.          0.          1.        ]]"
sun3d-hotel_umd-maryland_hotel1,23,46,1.0,30,0.5019402624587392,0.5835762015940745,0.0249949214288517,0.024067512136184327,"[[ 0.73459918 -0.63586557  0.23672563 -1.38710251]
 [-0.01083102 -0.35984005 -0.93295114  0.3910886 ]
 [ 0.67841487  0.68278116 -0.27122528  1.88983933]
 [ 0.          0.          0.          1.        ]]","[[ 0.82385563 -0.56633889  0.02285094 -1.1536268 ]
 [-0.15707948 -0.26686941 -0.95084529  0.43973963]
 [ 0.54459888  0.77976983 -0.30882208  1.97565192]
 [ 0.          0.          0.          1.        ]]"
sun3d-hotel_umd-maryland_hotel1,24,46,1.0,30,0.634618790757588,0.688060542629418,0.022678610805913345,0.021661412224796023,"[[-0.10315692 -0.99028393 -0.09325447 -0.30230435]
 [-0.89275747  0.13351865 -0.43029858  0.60276372]
 [ 0.43856898  0.03886535 -0.89785675  2.0361224 ]
 [ 0.          0.          0.          1.        ]]","[[-0.08165545 -0.97765372 -0.19371526 -0.19202808]
 [-0.91620259  0.15013816 -0.37152569  0.51186502]
 [ 0.39230753  0.14714532 -0.90798847  2.07884263]
 [ 0.          0.          0.          1.        ]]"
sun3d-hotel_umd-maryland_hotel1,24,52,4.0,30,0.5217576165186267,0.6340437703409944,0.022906079326943624,0.021729128671895543,"[[-0.62628592 -0.35255866 -0.69531888  1.083056  ]
 [ 0.7644723  -0.10292156 -0.63638765  0.09939745]
 [ 0.15280067 -0.93011265  0.33397966  1.59309782]
 [ 0.          0.          0.          1.        ]]","[[-0.61632078 -0.46555378 -0.63514437  0.9662195 ]
 [ 0.74381979 -0.07928389 -0.6636612   0.15639046]
 [ 0.25861327 -0.88146114  0.39515242  1.60390692]
 [ 0.          0.          0.          1.        ]]"
sun3d-hotel_umd-maryland_hotel1,25,49,0.0,30,0.48867789089010705,0.5092795614722004,0.023585538100126823,0.023538009010548377,"[[1. 0. 0. 0.]
 [0. 1. 0. 0.]
 [0. 0. 1. 0.]
 [0. 0. 0. 1.]]","[[ 0.99900392  0.02344022 -0.03797001  0.07894826]
 [-0.02128699  0.99819524  0.05615276 -0.10050246]
 [ 0.03921772 -0.05528856  0.99769993  0.00388876]
 [ 0.          0.          0.          1.        ]]"
sun3d-hotel_umd-maryland_hotel1,25,51,3.0,30,0.5605264286940106,0.6210957611120645,0.023894568254819143,0.022549962314671712,"[[ 0.37444853 -0.92088638 -0.10842775  0.2532855 ]
 [-0.88477286 -0.31985864 -0.33892098  0.84344225]
 [ 0.27742616  0.22284239 -0.93454588  2.89088364]
 [ 0.          0.          0.          1.        ]]","[[ 0.36807142 -0.91711428 -0.15305172  0.3066132 ]
 [-0.88768859 -0.29763258 -0.35131726  0.86270369]
 [ 0.2766449   0.26517211 -0.92366193  2.92133809]
 [ 0.          0.          0.          1.        ]]"
sun3d-hotel_umd-maryland_hotel1,26,36,2.0,30,0.5103751660026561,0.6020481565800291,0.02357034083782229,0.022342240363133065,"[[-0.65858976 -0.52784392 -0.53632109  1.47198796]
 [ 0.43798215  0.31067413 -0.84359541  1.57805419]
 [ 0.6119078  -0.79048237  0.02657941  1.74481589]
 [ 0.          0.          0.          1.        ]]","[[-0.69136041 -0.46243942 -0.55513112  1.61873625]
 [ 0.45034419  0.32500923 -0.83160033  1.58369958]
 [ 0.56498751 -0.82493563 -0.01644161  1.84700772]
 [ 0.          0.          0.          1.        ]]"
sun3d-hotel_umd-maryland_hotel1,26,51,2.0,30,0.5270990646988158,0.5834370173331045,0.02340180045034222,0.022539176040870502,"[[ 0.60387024 -0.53157906 -0.59393976  1.86091152]
 [-0.65110654 -0.758793    0.0171307   0.81577254]
 [-0.45978365  0.37637334 -0.80432711  2.89886789]
 [ 0.          0.          0.          1.        ]]","[[ 0.63704025 -0.4270171  -0.64174459  1.85097212]
 [-0.64216168 -0.75451682 -0.13539849  1.05902434]
 [-0.42638961  0.49835807 -0.7548716   2.75038745]
 [ 0.          0.          0.          1.        ]]"
sun3d-hotel_umd-maryland_hotel1,27,33,2.0,30,0.5718807263035149,0.72294887039239,0.02428614872050256,0.01857629913782614,"[[ 0.42527094 -0.80278932  0.41794012 -0.63779391]
 [ 0.7149211   0.58113761  0.38880187 -0.34359691]
 [-0.55500671  0.13344808  0.82107196  0.45539688]
 [ 0.          0.          0.          1.        ]]","[[ 0.41249738 -0.80546169  0.42553187 -0.57841317]
 [ 0.68290535  0.58257594  0.44073298 -0.35162185]
 [-0.60289816  0.1087968   0.79036515  0.5492654 ]
 [ 0.          0.          0.          1.        ]]"
sun3d-hotel_umd-maryland_hotel1,27,37,0.0,30,0.5746434931680061,0.5761129109112253,0.019983535624469875,0.019485389029940348,"[[1. 0. 0. 0.]
 [0. 1. 0. 0.]
 [0. 0. 1. 0.]
 [0. 0. 0. 1.]]","[[ 0.99966126 -0.00827084  0.02467707 -0.05091811]
 [ 0.00781996  0.99980174  0.01831207 -0.05457056]
 [-0.02482363 -0.0181129   0.99952774 -0.01324811]
 [ 0.          0.          0.          1.        ]]"
sun3d-hotel_umd-maryland_hotel1,27,41,3.0,30,0.5244083238988625,0.5495848832821176,0.02361199145895593,0.022711852218282258,"[[ 0.92054215  0.23912324 -0.3089049   0.10327808]
 [-0.03266187 -0.74087719 -0.67084587  0.91572114]
 [-0.38927543  0.62763131 -0.67419847  2.95431466]
 [ 0.          0.          0.          1.        ]]","[[ 0.93336982  0.17025005 -0.31596789  0.09254447]
 [-0.11845736 -0.6848879  -0.71895509  1.00060938]
 [-0.33880472  0.7084797  -0.61908632  2.87273166]
 [ 0.          0.          0.          1.        ]]"
sun3d-hotel_umd-maryland_hotel1,27,48,1.0,30,0.6956885026737968,0.7433500829799005,0.021474509540027494,0.01871843222794806,"[[ 0.46986201 -0.86247814  0.1880456  -0.07145411]
 [ 0.50855774  0.43860045  0.74094445 -0.4834753 ]
 [-0.72152528 -0.2525096   0.64470162  0.85210394]
 [ 0.          0.          0.          1.        ]]","[[ 0.45084359 -0.87015775  0.1989109  -0.0735055 ]
 [ 0.40975081  0.39973272  0.81995002 -0.58199153]
 [-0.79299706 -0.2881653   0.53676477  1.00913432]
 [ 0.          0.          0.          1.        ]]"
sun3d-hotel_umd-maryland_hotel1,29,46,4.0,30,0.6278882537637871,0.7890669028258595,0.02376975802854632,0.01861659666411553,"[[ 0.73199833 -0.00921573  0.68124409 -0.97074368]
 [ 0.63810118  0.35968271 -0.68077546  1.38639634]
 [-0.23875788  0.93302916  0.26916772  1.411094  ]
 [ 0.          0.          0.          1.        ]]","[[ 0.80063538  0.00440799  0.59913567 -0.82313123]
 [ 0.58757671  0.1898334  -0.78658559  1.44468346]
 [-0.11720323  0.98180642  0.1493973   1.52135768]
 [ 0.          0.          0.          1.        ]]"
sun3d-hotel_umd-maryland_hotel1,30,34,0.0,30,0.47408133801857755,0.5362425431069706,0.02448860064996763,0.022352153776645803,"[[1. 0. 0. 0.]
 [0. 1. 0. 0.]
 [0. 0. 1. 0.]
 [0. 0. 0. 1.]]","[[ 0.99676565  0.02498419 -0.07638086  0.13956454]
 [-0.01579839  0.99281844  0.11858309 -0.16785245]
 [ 0.07879503 -0.11699285  0.99000203 -0.02794926]
 [ 0.          0.          0.          1.        ]]"
sun3d-hotel_umd-maryland_hotel1,30,35,3.0,30,0.46857737312806946,0.5343338467617719,0.022424723057282908,0.020262180391197752,"[[-0.40702429 -0.86945592 -0.27996006  0.66514296]
 [ 0.69111603 -0.49354598  0.52798768 -0.71382552]
 [-0.59723518  0.02141892  0.80178013  0.55012514]
 [ 0.          0.          0.          1.        ]]","[[-0.31049637 -0.88762681 -0.34016267  0.7199766 ]
 [ 0.72350571 -0.45277996  0.52108521 -0.74841884]
 [-0.61654804 -0.08431456  0.78278961  0.5648266 ]
 [ 0.          0.          0.          1.        ]]"
sun3d-hotel_umd-maryland_hotel1,30,40,2.0,30,0.6007515693107175,0.6546180838017994,0.02307057982442405,0.022259469447590198,"[[ 0.95653894 -0.04234939 -0.28851307  0.3197164 ]
 [-0.17271617 -0.87945846 -0.44353347  0.59691157]
 [-0.23495189  0.4740879  -0.84855069  2.84008121]
 [ 0.          0.          0.          1.        ]]","[[ 0.92067462 -0.07162664 -0.38370285  0.48674509]
 [-0.25803676 -0.84926706 -0.460611    0.59682062]
 [-0.29287418  0.52308229 -0.80038093  2.72485311]
 [ 0.          0.          0.          1.        ]]"
sun3d-hotel_umd-maryland_hotel1,30,51,2.0,30,0.4924650334649048,0.6161779217436073,0.02337847673267414,0.02131661596593266,"[[-0.99362044 -0.07217214  0.086658   -0.01255724]
 [ 0.09328985 -0.95776543  0.27199703 -0.28894672]
 [ 0.06336743  0.27834612  0.95838823 -0.34617139]
 [ 0.          0.          0.          1.        ]]","[[-0.99921894 -0.02203586  0.03280146  0.06645976]
 [ 0.03359559 -0.91076069  0.41156568 -0.5199205 ]
 [ 0.02080508  0.4123462   0.91078963 -0.26788008]
 [ 0.          0.          0.          1.        ]]"
sun3d-hotel_umd-maryland_hotel1,30,52,1.0,30,0.514622324265405,0.6238549131473364,0.02373330788569702,0.02314072493345189,"[[ 0.3005044   0.92178953  0.24495136 -0.11464684]
 [ 0.79322224 -0.09892662 -0.60084275  0.89530333]
 [-0.52961834  0.37485676 -0.76091184  2.29626814]
 [ 0.          0.          0.          1.        ]]","[[ 0.30106254  0.90519848  0.29996177 -0.20765074]
 [ 0.78261186 -0.0548068  -0.62009264  0.98845868]
 [-0.54486697  0.4214403  -0.72491934  2.27740884]
 [ 0.          0.          0.          1.        ]]"
sun3d-hotel_umd-maryland_hotel1,30,53,0.0,30,0.5270647955927553,0.5690465885666919,0.02417930714287152,0.02287000864647928,"[[1. 0. 0. 0.]
 [0. 1. 0. 0.]
 [0. 0. 1. 0.]
 [0. 0. 0. 1.]]","[[ 0.99806301 -0.05761727  0.02346228 -0.0341214 ]
 [ 0.05548944  0.99500331  0.08300198 -0.15061604]
 [-0.02812739 -0.08153929  0.99627315  0.03249363]
 [ 0.          0.          0.          1.        ]]"
sun3d-hotel_umd-maryland_hotel1,30,55,11.0,30,0.5907320531447476,0.6935993488192973,0.02436426595395405,0.017589345607873435,"[[-0.10743491 -0.77689477 -0.62039685  0.95078313]
 [ 0.96267146  0.07464167 -0.26017741  0.49007932]
 [ 0.24843792 -0.62519048  0.7398753   0.13309537]
 [ 0.          0.          0.          1.        ]]","[[-0.05724894 -0.7797872  -0.62342159  0.91364174]
 [ 0.97711989  0.08435735 -0.19524487  0.34039978]
 [ 0.20483964 -0.62033519  0.75711622  0.10516107]
 [ 0.          0.          0.          1.        ]]"
sun3d-hotel_umd-maryland_hotel1,31,34,1.0,30,0.44421290621339654,0.4492386478167307,0.023350494883591175,0.022918289544491377,"[[ 0.3752995  -0.91524988  0.1465194   0.25771775]
 [-0.8637095  -0.40268302 -0.3030714   1.22604057]
 [ 0.33638694 -0.01280765 -0.94163676  3.6219094 ]
 [ 0.          0.          0.          1.        ]]","[[ 0.38328158 -0.90868065  0.1655135   0.25602083]
 [-0.84887445 -0.41718199 -0.32460954  1.23235088]
 [ 0.36401565 -0.01608333 -0.93125396  3.60551571]
 [ 0.          0.          0.          1.        ]]"
sun3d-hotel_umd-maryland_hotel1,31,45,4.0,30,0.48172671507070336,0.49790705816095104,0.024743695559477658,0.024487702237767285,"[[-0.21020145  0.53386895  0.81902338 -0.97470761]
 [-0.96176066 -0.26337824 -0.07515539  0.53992853]
 [ 0.17558981 -0.80350224  0.56881664  0.50194473]
 [ 0.          0.          0.          1.        ]]","[[-0.14693387  0.54912507  0.82272237 -0.98393834]
 [-0.97447595 -0.22307959 -0.02514206  0.49074638]
 [ 0.16972643 -0.80541738  0.56788712  0.50069097]
 [ 0.          0.          0.          1.        ]]"
sun3d-hotel_umd-maryland_hotel1,31,46,1.0,30,0.6272280814749215,0.6345382819418727,0.018901164931154936,0.016807432716514976,"[[-0.6988339   0.69568895 -0.16627707  0.89397454]
 [-0.60858345 -0.45615221  0.64926986 -0.02545653]
 [ 0.37584222  0.55492526  0.74215941  1.02147779]
 [ 0.          0.          0.          1.        ]]","[[-0.73471066  0.67680747 -0.04617253  0.77836621]
 [-0.50313194 -0.49799193  0.70630184 -0.06550343]
 [ 0.45503681  0.54215837  0.70640343  1.08833031]
 [ 0.          0.          0.          1.        ]]"
sun3d-hotel_umd-maryland_hotel1,31,51,2.0,30,0.4660685172472971,0.5881617899433671,0.02327719575312135,0.021562561352614636,"[[ 0.02144221 -0.53903816 -0.84200837  2.01913398]
 [ 0.38101083  0.78305059 -0.49159183  0.65637953]
 [ 0.9243219  -0.31027349  0.22216972  1.97952492]
 [ 0.          0.          0.          1.        ]]","[[ 0.08393693 -0.4020367  -0.91176811  2.06582121]
 [ 0.50931885  0.80375644 -0.30752219  0.34350264]
 [ 0.85647469 -0.43856822  0.27222972  2.03233992]
 [ 0.          0.          0.          1.        ]]"
sun3d-hotel_umd-maryland_hotel1,32,35,2.0,30,0.48809303000733856,0.5008507858680838,0.019615840763671795,0.019255658885314615,"[[1. 0. 0. 0.]
 [0. 1. 0. 0.]
 [0. 0. 1. 0.]
 [0. 0. 0. 1.]]","[[ 0.99957437  0.02805263  0.00800774 -0.02912187]
 [-0.02868817  0.99504474  0.09519955 -0.13939192]
 [-0.00529746 -0.09538876  0.995426    0.03456123]
 [ 0.          0.          0.          1.        ]]"
sun3d-hotel_umd-maryland_hotel1,32,46,1.0,30,0.618565332903953,0.6717494565654939,0.0230325914330533,0.022140823723030306,"[[-0.27387179 -0.62559866 -0.73049337  0.33308694]
 [ 0.65357629 -0.67826975  0.33583952 -1.5386559 ]
 [-0.70557231 -0.38545617  0.5946354   2.47189345]
 [ 0.          0.          0.          1.        ]]","[[-0.25470861 -0.65576291 -0.71070284  0.34198406]
 [ 0.54181148 -0.7055265   0.45680705 -1.63088631]
 [-0.8009768  -0.26871427  0.53500355  2.5049911 ]
 [ 0.          0.          0.          1.        ]]"
sun3d-hotel_umd-maryland_hotel1,33,39,5.0,30,0.5236348951682438,0.5569234799122491,0.023078935834084793,0.020884873424584983,"[[ 0.00529874 -0.87775118 -0.47908746  0.42028397]
 [ 0.99786669  0.03581588 -0.05458292 -0.08138421]
 [ 0.06506917 -0.4777762   0.87606844  0.16980382]
 [ 0.          0.          0.          1.        ]]","[[ 0.01845457 -0.87542617 -0.48299944  0.38186429]
 [ 0.9881783   0.08950481 -0.12446898  0.02546769]
 [ 0.15219418 -0.47499254  0.86672892  0.21873058]
 [ 0.          0.          0.          1.        ]]"
sun3d-hotel_umd-maryland_hotel1,33,43,2.0,30,0.34695480769577264,0.35969340871990574,0.02446690389959813,0.02416305101407705,"[[ 0.89222313  0.29731369  0.33991537 -0.02994139]
 [-0.36317174  0.91976761  0.14877444 -0.4537232 ]
 [-0.26841047 -0.25618766  0.92861386 -0.36284269]
 [ 0.          0.          0.          1.        ]]","[[ 0.89930778  0.29191387  0.32562527 -0.00866788]
 [-0.34907485  0.9276914   0.13242136 -0.4191538 ]
 [-0.26342413 -0.23275515  0.93617988 -0.32831681]
 [ 0.          0.          0.          1.        ]]"
sun3d-hotel_umd-maryland_hotel1,33,46,5.0,30,0.5444328153932856,0.5781016021254327,0.023791499344580344,0.024126887701793928,"[[ 0.84625656  0.52771471  0.07325992 -0.53959958]
 [ 0.50605999 -0.75318958 -0.42024844  0.11473541]
 [-0.16659268  0.39271191 -0.90444692  2.75020881]
 [ 0.          0.          0.          1.        ]]","[[ 0.85472867  0.51046982  0.09412475 -0.55743185]
 [ 0.49240941 -0.74000635 -0.45817418  0.16266353]
 [-0.16423117  0.43796252 -0.88386478  2.69539111]
 [ 0.          0.          0.          1.        ]]"
sun3d-hotel_umd-maryland_hotel1,33,47,4.0,30,0.4862896192146602,0.5070301043733287,0.020947261471214416,0.01998786879782782,"[[ 0.82966396 -0.5115158   0.22362759 -0.09800972]
 [ 0.50735813  0.85799295  0.08022355  0.0413562 ]
 [-0.23290651  0.04690069  0.97136753  0.86025475]
 [ 0.          0.          0.          1.        ]]","[[ 0.84329628 -0.43574472  0.31460756 -0.16157672]
 [ 0.47483023  0.87827329 -0.05632295  0.15191144]
 [-0.25176899  0.19688211  0.94754937  0.84053047]
 [ 0.          0.          0.          1.        ]]"
sun3d-hotel_umd-maryland_hotel1,33,49,4.0,30,0.6577394936048029,0.7524275646045419,0.023232926248817568,0.01905103498400562,"[[ 0.62696937 -0.53468562  0.56658689 -0.23538533]
 [ 0.74211274  0.63118403 -0.22555577  0.49273227]
 [-0.23701917  0.5618879   0.79253006  0.01689592]
 [ 0.          0.          0.          1.        ]]","[[ 0.56354021 -0.53433458  0.63000713 -0.44349144]
 [ 0.76340526  0.62825823 -0.15001332  0.32052537]
 [-0.31564986  0.5654893   0.76196261 -0.00748726]
 [ 0.          0.          0.          1.        ]]"
sun3d-hotel_umd-maryland_hotel1,33,52,2.0,30,0.5937599047596961,0.6476727196827384,0.021193813797926588,0.020322119864713405,"[[-0.48867488 -0.78531055 -0.38011076  0.37901156]
 [ 0.08389952 -0.47595332  0.87545949 -1.52946805]
 [-0.86842255  0.39592395  0.29847361  1.06689659]
 [ 0.          0.          0.          1.        ]]","[[-0.48776282 -0.77948805 -0.39304682  0.36004607]
 [ 0.02184749 -0.46099642  0.88713301 -1.58243977]
 [-0.87270276  0.42412342  0.24188678  1.09661385]
 [ 0.          0.          0.          1.        ]]"
sun3d-hotel_umd-maryland_hotel1,34,40,2.0,30,0.41959179708842775,0.4931703111909763,0.023687830931501383,0.019464407097906665,"[[ 0.83456422  0.16851017  0.52450633 -1.01180188]
 [-0.0940417   0.98167324 -0.16575223 -0.55771124]
 [-0.54282476  0.08900541  0.83511635  0.57019429]
 [ 0.          0.          0.          1.        ]]","[[ 0.87967967  0.08624318  0.4676813  -0.89009289]
 [-0.01358779  0.98757547 -0.15655693 -0.58147296]
 [-0.47537255  0.13136519  0.86992191  0.42250529]
 [ 0.          0.          0.          1.        ]]"
sun3d-hotel_umd-maryland_hotel1,34,41,2.0,30,0.5575637500673891,0.6137123295056337,0.023141742450015837,0.018700621454302534,"[[ 0.94817953 -0.29462119 -0.11897033 -0.29953099]
 [ 0.1784882   0.80366416 -0.56768467  0.38998499]
 [ 0.26286412  0.51703218  0.81460431  0.30414252]
 [ 0.          0.          0.          1.        ]]","[[ 0.90995234 -0.39414468 -0.12898337 -0.22673691]
 [ 0.28393675  0.8187982  -0.49894833  0.242342  ]
 [ 0.30226918  0.41739608  0.8569795   0.20481465]
 [ 0.          0.          0.          1.        ]]"
sun3d-hotel_umd-maryland_hotel1,34,44,6.0,30,0.42794460441519266,0.5060477252990622,0.024769491182984826,0.02312411616616978,"[[-0.92410633  0.37706267 -0.06205827 -0.38055686]
 [ 0.35000848  0.90035631  0.25855867 -0.88083395]
 [ 0.15336738  0.21721478 -0.9640001   3.15839162]
 [ 0.          0.          0.          1.        ]]","[[-0.93782131  0.34598118 -0.02807526 -0.40148271]
 [ 0.33797496  0.92856813  0.15340844 -0.71105943]
 [ 0.07914623  0.13438097 -0.98776395  3.29005058]
 [ 0.          0.          0.          1.        ]]"
sun3d-hotel_umd-maryland_hotel1,34,48,5.0,30,0.4497913977503227,0.5054974184030979,0.019922804414305238,0.01713667528164353,"[[-0.2682729   0.94343363 -0.19484005 -1.06257712]
 [-0.96306059 -0.26754815  0.03053341 -0.37381193]
 [-0.02332285  0.19583406  0.98035966  0.24752454]
 [ 0.          0.          0.          1.        ]]","[[-0.23293381  0.97089234 -0.05576659 -1.18515774]
 [-0.96758999 -0.23712892 -0.0868302  -0.25013642]
 [-0.09752665  0.03373351  0.99466105  0.29426107]
 [ 0.          0.          0.          1.        ]]"
sun3d-hotel_umd-maryland_hotel1,34,52,10.0,30,0.5267747396739256,0.5492551620708581,0.023678929619259232,0.023625965238034237,"[[ 0.71384483 -0.68162122  0.16068003  0.00876835]
 [ 0.67383864  0.60606333 -0.42264491  0.56223711]
 [ 0.19070147  0.4099753   0.89193789  0.44420363]
 [ 0.          0.          0.          1.        ]]","[[ 0.70851197 -0.70116681  0.07984922  0.08333835]
 [ 0.66630682  0.62739222 -0.40300648  0.51597075]
 [ 0.23247799  0.33873899  0.91170712  0.41044417]
 [ 0.          0.          0.          1.        ]]"
sun3d-hotel_umd-maryland_hotel1,34,56,0.0,30,0.15806320304556695,0.19061691379919413,0.01970111964596185,0.015190379640579286,"[[1. 0. 0. 0.]
 [0. 1. 0. 0.]
 [0. 0. 1. 0.]
 [0. 0. 0. 1.]]","[[ 0.99942845  0.02659813 -0.02086414  0.0318993 ]
 [-0.0242852   0.99425942  0.10420384 -0.27021672]
 [ 0.02351599 -0.1036376   0.99433709  0.03841664]
 [ 0.          0.          0.          1.        ]]"
sun3d-hotel_umd-maryland_hotel1,35,38,5.0,30,0.5125804831270834,0.5992282752637107,0.025287112696496347,0.021657138697788552,"[[ 8.48231595e-01  5.29624743e-01  8.90176010e-04 -3.20547716e-01]
 [-5.28233559e-01  8.46122901e-01 -7.10305822e-02  2.25830837e-01]
 [-3.83727522e-02  5.97801632e-02  9.97473741e-01 -2.00913182e-01]
 [ 0.00000000e+00  0.00000000e+00  0.00000000e+00  1.00000000e+00]]","[[ 0.89252014  0.44897397 -0.04278045 -0.22761433]
 [-0.45064576  0.88398463 -0.12445711  0.36131729]
 [-0.01806074  0.13035931  0.99130231 -0.24803006]
 [ 0.          0.          0.          1.        ]]"
sun3d-hotel_umd-maryland_hotel1,35,40,2.0,30,0.37039375432546956,0.4921929068369738,0.02568970670008571,0.02407773643245149,"[[ 0.91970976  0.35136764  0.17514203 -0.11564951]
 [-0.08165249  0.60754636 -0.79007613  1.22573627]
 [-0.38401409  0.71233995  0.58745636  0.46980578]
 [ 0.          0.          0.          1.        ]]","[[ 0.88431911  0.41762875  0.20872457 -0.18808423]
 [-0.04108394  0.51493286 -0.85624544  1.38668053]
 [-0.46507185  0.74861898  0.4725228   0.581106  ]
 [ 0.          0.          0.          1.        ]]"
sun3d-hotel_umd-maryland_hotel1,35,44,1.0,30,0.33266851983429524,0.37416119234301054,0.023760029017723696,0.023287417595805753,"[[-0.5427925  -0.33589782  0.76977202 -1.22749825]
 [ 0.36652865 -0.91939305 -0.14273463  0.81534461]
 [ 0.75566729  0.20466821  0.62215582  0.55675861]
 [ 0.          0.          0.          1.        ]]","[[-0.56479587 -0.39127089  0.72657602 -1.09627091]
 [ 0.35000384 -0.91091636 -0.21846899  0.93573847]
 [ 0.74733054  0.13091402  0.65142811  0.50257477]
 [ 0.          0.          0.          1.        ]]"
sun3d-hotel_umd-maryland_hotel1,35,46,3.0,30,0.5753643023911118,0.6006279687625795,0.02343864539826069,0.023382490123822233,"[[-0.04146613 -0.5571991  -0.82934295  0.30741079]
 [ 0.16878854 -0.82203335  0.54384888 -0.44630938]
 [-0.98477967 -0.11743228  0.12813537  1.18742941]
 [ 0.          0.          0.          1.        ]]","[[-0.09075134 -0.5931007  -0.79999735  0.30198317]
 [ 0.21987216 -0.79542157  0.56476611 -0.41249887]
 [-0.97129832 -0.12464386  0.2025919   1.13966634]
 [ 0.          0.          0.          1.        ]]"
sun3d-hotel_umd-maryland_hotel1,35,48,1.0,30,0.3719343536787756,0.38723377281947263,0.021304571507401195,0.0212153665162873,"[[-0.28524677 -0.95793842 -0.03143681  0.40082461]
 [ 0.90517046 -0.2584602  -0.33743853  1.21080579]
 [ 0.31512017 -0.12470892  0.94082249  0.67180077]
 [ 0.          0.          0.          1.        ]]","[[-0.25965548 -0.96569487 -0.0035285   0.37736171]
 [ 0.90133898 -0.24103669 -0.3598463   1.19130307]
 [ 0.34665122 -0.09661644  0.93300493  0.66320613]
 [ 0.          0.          0.          1.        ]]"
sun3d-hotel_umd-maryland_hotel1,35,52,3.0,30,0.44180059834411745,0.5025858670191795,0.024092624824755594,0.02338174390643637,"[[ 0.02534481 -0.35499601 -0.9345242   1.27931673]
 [ 0.39745992 -0.85418313  0.33525632 -0.28071545]
 [-0.91726946 -0.37993292  0.11944758  0.94121933]
 [ 0.          0.          0.          1.        ]]","[[ 0.09359394 -0.39042128 -0.91586647  1.32751899]
 [ 0.4127211  -0.82192678  0.39255275 -0.3657881 ]
 [-0.90603613 -0.41473798  0.08420773  0.9466281 ]
 [ 0.          0.          0.          1.        ]]"
sun3d-hotel_umd-maryland_hotel1,35,54,3.0,30,0.42566904424037455,0.44819243969068623,0.02355361881091522,0.020812425782274886,"[[ 0.58477562  0.80924429  0.05622408  0.37635005]
 [ 0.23005399 -0.23190738  0.94514238 -0.9135576 ]
 [ 0.77788986 -0.53976165 -0.32178366  1.61769962]
 [ 0.          0.          0.          1.        ]]","[[ 0.56393333  0.8252498   0.03069151  0.40276849]
 [ 0.14069429 -0.13263199  0.98112888 -0.94320585]
 [ 0.81374709 -0.54897315 -0.19090353  1.42460543]
 [ 0.          0.          0.          1.        ]]"
sun3d-hotel_umd-maryland_hotel1,36,38,4.0,30,0.5595080445073596,0.692748527330015,0.022610277403411674,0.01981801822631152,"[[ 0.86597853  0.09851897  0.49028074 -0.60949089]
 [-0.05100371  0.99268976 -0.10938765  0.33225086]
 [-0.49747343  0.06972122  0.86467285  0.05486578]
 [ 0.          0.          0.          1.        ]]","[[ 0.90882612 -0.03883634  0.41536347 -0.47878392]
 [ 0.08250544  0.9927239  -0.08770472  0.21040458]
 [-0.40893511  0.11397809  0.90541762 -0.06965588]
 [ 0.          0.          0.          1.        ]]"
sun3d-hotel_umd-maryland_hotel1,36,44,1.0,30,0.45764930256908865,0.4727738096722054,0.023144298690179983,0.022832323218147925,"[[ 0.87573597  0.04703709 -0.48049353  0.75690255]
 [ 0.28080982  0.75995102  0.58619134 -1.23840341]
 [ 0.39272428 -0.64827614  0.65230797  0.88913354]
 [ 0.          0.          0.          1.        ]]","[[ 0.90565679  0.08450644 -0.41550505  0.6566078 ]
 [ 0.21067757  0.76073183  0.61392348 -1.26483324]
 [ 0.36796841 -0.64354156  0.67115833  0.86030195]
 [ 0.          0.          0.          1.        ]]"
sun3d-hotel_umd-maryland_hotel1,36,47,1.0,30,0.6043206149304657,0.772861017663916,0.022660264532268767,0.02040068588749733,"[[-0.17091596 -0.96445293  0.20153977  0.44358641]
 [-0.4428594  -0.10752507 -0.89012017  0.62538943]
 [ 0.88014958 -0.24138952 -0.4087393   2.93928537]
 [ 0.          0.          0.          1.        ]]","[[-0.1736129  -0.93327967  0.31440042  0.33044972]
 [-0.62392195 -0.14276949 -0.76833474  0.36765623]
 [ 0.76195798 -0.32955414 -0.55750704  2.99557678]
 [ 0.          0.          0.          1.        ]]"
sun3d-hotel_umd-maryland_hotel1,36,49,2.0,30,0.4810950143565649,0.6203536935525973,0.023589079956430555,0.02208168092151012,"[[-0.16596775  0.97223399 -0.16497206  0.41230421]
 [-0.95924293 -0.12036796  0.25566492 -0.63331568]
 [ 0.22870877  0.20068042  0.95258578  0.22651523]
 [ 0.          0.          0.          1.        ]]","[[-0.31066073  0.94993749 -0.03329677  0.14252941]
 [-0.93401556 -0.29857922  0.19612594 -0.57061171]
 [ 0.17636566  0.09202833  0.98001324  0.12920292]
 [ 0.          0.          0.          1.        ]]"
sun3d-hotel_umd-maryland_hotel1,36,53,2.0,30,0.4807183045899018,0.5315835417873989,0.02259746944577961,0.02213212499861229,"[[-0.86180364 -0.36955482  0.34745321  0.01132905]
 [ 0.50666941 -0.59462528  0.62426508 -0.87312062]
 [-0.02409571  0.71403783  0.69969235  0.48006605]
 [ 0.          0.          0.          1.        ]]","[[-0.83388242 -0.33709167  0.43704613 -0.16779026]
 [ 0.55187851 -0.52124634  0.65094728 -0.89060204]
 [ 0.00837979  0.78400986  0.6206918   0.63623883]
 [ 0.          0.          0.          1.        ]]"
sun3d-hotel_umd-maryland_hotel1,36,56,1.0,30,0.2284444189411885,0.26873936409623733,0.02360724458336724,0.022997635594242664,"[[ 0.33791426  0.85655712  0.39003059 -0.05777603]
 [-0.9411333   0.31150743  0.13126778 -0.18511012]
 [-0.00905908 -0.41142803  0.91139723 -0.08475096]
 [ 0.          0.          0.          1.        ]]","[[ 0.22764646  0.88493093  0.40629341 -0.10645965]
 [-0.97226338  0.22956853  0.04474606 -0.03517113]
 [-0.05367501 -0.40521049  0.9126464  -0.09443377]
 [ 0.          0.          0.          1.        ]]"
sun3d-hotel_umd-maryland_hotel1,37,39,8.0,30,0.46787924429455485,0.4982537135871997,0.024201883372748235,0.023954631098437148,"[[ 0.92051273  0.11761343 -0.37259011  0.34213295]
 [-0.3049667  -0.37982777 -0.87334196  0.76382154]
 [-0.24423681  0.91754997 -0.31376812  3.1942016 ]
 [ 0.          0.          0.          1.        ]]","[[ 0.94206551  0.08895477 -0.32341864  0.29479824]
 [-0.26241119 -0.40513163 -0.87579035  0.78675069]
 [-0.20893285  0.90992055 -0.35831781  3.24284951]
 [ 0.          0.          0.          1.        ]]"
sun3d-hotel_umd-maryland_hotel1,37,47,2.0,30,0.43220525796218023,0.4814878710332864,0.024142263232892893,0.024259097594446867,"[[-0.26377284  0.71006058 -0.65286895  0.29809025]
 [ 0.39916674 -0.53581345 -0.74402276  0.86137283]
 [-0.87811719 -0.45685657 -0.14209953  2.10173334]
 [ 0.          0.          0.          1.        ]]","[[-0.292478    0.6544058  -0.69728737  0.30083927]
 [ 0.389426   -0.58446241 -0.71186451  0.87811859]
 [-0.87338652 -0.47974654 -0.08390024  2.0847578 ]
 [ 0.          0.          0.          1.        ]]"
sun3d-hotel_umd-maryland_hotel1,37,49,2.0,30,0.7199034194727225,0.7668559122944401,0.020039140052224,0.019188562478561415,"[[-0.78656651 -0.23104954 -0.57265106  0.29993301]
 [ 0.45922907 -0.83884125 -0.29232518  0.27432642]
 [-0.41282174 -0.49291121  0.7659091   1.14537285]
 [ 0.          0.          0.          1.        ]]","[[-0.77727456 -0.23929168 -0.58187949  0.33405825]
 [ 0.48160394 -0.82140597 -0.30553212  0.28688197]
 [-0.404848   -0.5177178   0.75370179  1.22423488]
 [ 0.          0.          0.          1.        ]]"
sun3d-hotel_umd-maryland_hotel1,37,50,2.0,30,0.5719042573893489,0.6213431641765227,0.019477139570792775,0.014391058099760904,"[[-0.82308721  0.4712366   0.3169598   0.31930583]
 [ 0.21816237  0.77764898 -0.58963314  1.28723876]
 [-0.52434018 -0.41617079 -0.74287903  3.35162246]
 [ 0.          0.          0.          1.        ]]","[[-0.80779731  0.38853082  0.44329145  0.0517721 ]
 [ 0.10140952  0.83241719 -0.54479146  1.27155277]
 [-0.5806717  -0.3951271  -0.71182509  3.32052048]
 [ 0.          0.          0.          1.        ]]"
sun3d-hotel_umd-maryland_hotel1,38,41,7.0,30,0.6622189875464984,0.8153404496199256,0.02221281514838204,0.014396185339799274,"[[ 0.97838401 -0.01037288  0.20653601  0.05653901]
 [ 0.00764001  0.99987245  0.01402512 -0.07320891]
 [-0.20665515 -0.01214402  0.97833848  0.52501449]
 [ 0.          0.          0.          1.        ]]","[[ 0.97561821 -0.19449519  0.10168934  0.1700159 ]
 [ 0.17537968  0.96943558  0.17157103 -0.33140843]
 [-0.13195101 -0.14955358  0.97990952  0.54918261]
 [ 0.          0.          0.          1.        ]]"
sun3d-hotel_umd-maryland_hotel1,38,42,2.0,30,0.3013537064094214,0.3542626788952066,0.024387743083857532,0.020752533092819637,"[[ 0.86174386 -0.03584594 -0.50607568  0.45948841]
 [ 0.18322927  0.95216481  0.2445592  -0.0638634 ]
 [ 0.473101   -0.30347527  0.8270902   0.16534617]
 [ 0.          0.          0.          1.        ]]","[[ 0.91001921  0.16784677 -0.37906794  0.31241772]
 [-0.02983154  0.93851493  0.34394739 -0.13410997]
 [ 0.41349138 -0.30169055  0.85907374  0.12800631]
 [ 0.          0.          0.          1.        ]]"
sun3d-hotel_umd-maryland_hotel1,38,46,5.0,30,0.564366798164399,0.5789710973351582,0.0232288475274636,0.02308285281545225,"[[-0.48784065  0.55850492 -0.67088282  0.49714796]
 [-0.81178814 -0.00768802  0.58390145 -0.49904799]
 [ 0.32095407  0.82946558  0.4571382   1.6870899 ]
 [ 0.          0.          0.          1.        ]]","[[-0.49806073  0.61517616 -0.6111414   0.46467576]
 [-0.78764225 -0.02615309  0.61557753 -0.53643405]
 [ 0.36270539  0.78795578  0.49756456  1.64566051]
 [ 0.          0.          0.          1.        ]]"
sun3d-hotel_umd-maryland_hotel1,38,49,6.0,30,0.5947663795353694,0.6165296267293134,0.022363883338109382,0.02149660285684355,"[[ 2.58859822e-01 -1.98864528e-01  9.45221927e-01 -1.39247815e+00]
 [ 6.08379771e-01  7.93645968e-01  3.62826958e-04  1.30824834e-01]
 [-7.50243725e-01  5.74959978e-01  3.26428210e-01  8.55724981e-01]
 [ 0.00000000e+00  0.00000000e+00  0.00000000e+00  1.00000000e+00]]","[[ 0.31262834 -0.18544311  0.93159775 -1.32487993]
 [ 0.58917366  0.80715679 -0.03704465  0.174402  ]
 [-0.74507578  0.56045407  0.36159829  0.83184895]
 [ 0.          0.          0.          1.        ]]"
sun3d-hotel_umd-maryland_hotel1,38,51,4.0,30,0.4191586579715119,0.5015445340655569,0.02226764176809589,0.018759005209624396,"[[ 0.6800076  -0.72354712  0.11861377  0.45747216]
 [ 0.33514662  0.45062059  0.82741636 -1.50087483]
 [-0.65212453 -0.5228964   0.5489198   1.41423151]
 [ 0.          0.          0.          1.        ]]","[[ 0.70643253 -0.70607964  0.04903704  0.57003958]
 [ 0.44992411  0.50147111  0.73898242 -1.30473769]
 [-0.5463711  -0.49997827  0.67193776  1.19842972]
 [ 0.          0.          0.          1.        ]]"
sun3d-hotel_umd-maryland_hotel1,38,53,4.0,30,0.48717365629653536,0.5117259996625612,0.022495137611565436,0.02022909508340888,"[[-0.89608204 -0.24289955  0.37153303 -0.71061005]
 [ 0.37287328 -0.86601891  0.33313176 -0.41041259]
 [ 0.24083707  0.43704813  0.86659474  0.70372528]
 [ 0.          0.          0.          1.        ]]","[[-0.87963503 -0.22814799  0.41736162 -0.77106897]
 [ 0.35493943 -0.89896861  0.2566582  -0.30994871]
 [ 0.31663894  0.37390364  0.871743    0.64877302]
 [ 0.          0.          0.          1.        ]]"
sun3d-hotel_umd-maryland_hotel1,38,55,3.0,30,0.26402139093598476,0.28314544786178164,0.021623483548019334,0.017820505081857937,"[[-0.02047018  0.80200562 -0.59696562  0.57109216]
 [-0.81696622  0.33077079  0.47239484 -1.37936435]
 [ 0.57632211  0.49737075  0.64844056  1.28374549]
 [ 0.          0.          0.          1.        ]]","[[-0.02986346  0.80074116 -0.59826563  0.56208834]
 [-0.68249351  0.42095722  0.59749279 -1.52324512]
 [ 0.73028131  0.42615561  0.5339294   1.60473122]
 [ 0.          0.          0.          1.        ]]"
sun3d-hotel_umd-maryland_hotel1,39,41,6.0,30,0.4859089438783762,0.5150547199309936,0.022690501520236155,0.022656303934705403,"[[-0.07763326 -0.98224729  0.17077279  0.09544526]
 [ 0.99695715 -0.07527505  0.020251    0.22299293]
 [-0.00703656  0.1718253   0.98510231  0.45091618]
 [ 0.          0.          0.          1.        ]]","[[-0.08143523 -0.99152032  0.10127072  0.20329214]
 [ 0.99664828 -0.08021833  0.01603801  0.21970126]
 [-0.00777825  0.10223735  0.99472962  0.40645777]
 [ 0.          0.          0.          1.        ]]"
sun3d-hotel_umd-maryland_hotel1,39,46,5.0,30,0.5930762418484824,0.680315594557604,0.02482892184155391,0.02197689322419083,"[[-0.60362257  0.64461475 -0.46916054  0.65132329]
 [-0.42821028  0.23425047  0.87279016 -0.82575424]
 [ 0.67251449  0.72773521  0.13463179  2.09610277]
 [ 0.          0.          0.          1.        ]]","[[-0.63396232  0.59505736 -0.49396206  0.67743015]
 [-0.47462238  0.20492171  0.85600274 -0.83170275]
 [ 0.61059428  0.77711893  0.1525149   1.9929629 ]
 [ 0.          0.          0.          1.        ]]"
sun3d-hotel_umd-maryland_hotel1,39,50,0.0,30,0.5420333412614327,0.6477437349996756,0.023945487686878566,0.02217950244961274,"[[1. 0. 0. 0.]
 [0. 1. 0. 0.]
 [0. 0. 1. 0.]
 [0. 0. 0. 1.]]","[[ 0.98417369 -0.10315099  0.14409034 -0.25469308]
 [ 0.11374361  0.99122806 -0.0673002   0.06236752]
 [-0.13588431  0.08262444  0.98727334  0.04979465]
 [ 0.          0.          0.          1.        ]]"
sun3d-hotel_umd-maryland_hotel1,39,51,1.0,30,0.48945104685086666,0.5165072078256393,0.023522336419125888,0.02148044463121204,"[[-0.74164611 -0.30162177  0.59915387 -0.61772532]
 [-0.07116401  0.92354272  0.37683488 -1.92540511]
 [-0.66700579  0.23683993 -0.70640648  2.07109742]
 [ 0.          0.          0.          1.        ]]","[[-0.81789853 -0.32728542  0.47320845 -0.40379975]
 [-0.13552467  0.90889903  0.39438005 -1.92824875]
 [-0.55917354  0.25843144 -0.78774243  2.21045235]
 [ 0.          0.          0.          1.        ]]"
sun3d-hotel_umd-maryland_hotel1,39,52,6.0,30,0.5494175034980713,0.5883253322201349,0.024710005353305947,0.024320307610345603,"[[ 0.7959131   0.49431774 -0.34953155  0.89216536]
 [-0.60530114  0.63875263 -0.47497958 -0.00725416]
 [-0.01152663  0.58961432  0.80760268  0.13551317]
 [ 0.          0.          0.          1.        ]]","[[ 0.78054148  0.48037412 -0.39999463  0.95006884]
 [-0.62144978  0.66540476 -0.41356582 -0.06928867]
 [ 0.06749201  0.57138184  0.81790441  0.17608917]
 [ 0.          0.          0.          1.        ]]"
sun3d-hotel_umd-maryland_hotel1,40,46,4.0,30,0.6656146848079865,0.7829804363577811,0.023576064110056458,0.022215999382471607,"[[-0.51356061  0.24371673  0.82271359 -0.84125504]
 [ 0.63806223  0.74954015  0.17625593  0.45539673]
 [-0.57370035  0.61546057 -0.54044074  1.76177706]
 [ 0.          0.          0.          1.        ]]","[[-0.34465314  0.30826955  0.88667023 -0.86396414]
 [ 0.60998247  0.79149948 -0.03807821  0.66891884]
 [-0.71353738  0.52772953 -0.4608318   1.65218306]
 [ 0.          0.          0.          1.        ]]"
sun3d-hotel_umd-maryland_hotel1,40,52,1.0,30,0.49594532959175,0.5134859342749136,0.024301219603542333,0.023997938798258258,"[[ 0.28312003  0.90328734  0.32235854 -0.30647826]
 [ 0.70644597  0.03091809 -0.70709134  1.24751021]
 [-0.64867337  0.42792061 -0.62937017  2.00501757]
 [ 0.          0.          0.          1.        ]]","[[ 0.33224153  0.88545922  0.32492696 -0.29055125]
 [ 0.68032386  0.01363102 -0.73278485  1.26295224]
 [-0.65328019  0.46451712 -0.59787025  1.97688177]
 [ 0.          0.          0.          1.        ]]"
sun3d-hotel_umd-maryland_hotel1,41,46,4.0,30,0.7272683358827792,0.8586104178407535,0.02154242255120843,0.016435533223773963,"[[-0.53624009  0.68315936  0.49572155 -0.39296958]
 [-0.80148271 -0.22793298 -0.55287614  0.40151513]
 [-0.26471122 -0.6937866   0.66976722  0.77410738]
 [ 0.          0.          0.          1.        ]]","[[-0.35958945  0.73996815  0.5684563  -0.40451645]
 [-0.92023393 -0.18036559 -0.34732947  0.18194695]
 [-0.15448279 -0.64800879  0.74580137  0.68747277]
 [ 0.          0.          0.          1.        ]]"
sun3d-hotel_umd-maryland_hotel1,41,47,4.0,30,0.5325244160748345,0.640626048285843,0.022456092901766086,0.01743436299818986,"[[ 0.94189328 -0.21910441  0.25461795  0.43846458]
 [ 0.28050828  0.93004464 -0.23734378  0.35535654]
 [-0.18480299  0.29497495  0.9374634   0.42728775]
 [ 0.          0.          0.          1.        ]]","[[ 0.91541876 -0.22178079  0.33588953  0.3925494 ]
 [ 0.33677034  0.87906322 -0.33739234  0.50168653]
 [-0.220441    0.42197291  0.87940015  0.50894874]
 [ 0.          0.          0.          1.        ]]"
sun3d-hotel_umd-maryland_hotel1,41,49,6.0,30,0.569185591229444,0.6144152962672932,0.02032485328520091,0.019208024575418793,"[[-0.86793059  0.28443526 -0.40717696  0.475056  ]
 [-0.39024979 -0.89764336  0.20479624 -0.09640068]
 [-0.30724843  0.33664965  0.89009293 -0.47002431]
 [ 0.          0.          0.          1.        ]]","[[-0.90269858  0.32040555 -0.28718559  0.21537397]
 [-0.35937865 -0.92847084  0.09374908  0.10349431]
 [-0.23660572  0.18783553  0.95327622 -0.49943652]
 [ 0.          0.          0.          1.        ]]"
sun3d-hotel_umd-maryland_hotel1,41,51,0.0,30,0.35490496825124423,0.3924671786511069,0.02349391568246967,0.022883335406107895,"[[1. 0. 0. 0.]
 [0. 1. 0. 0.]
 [0. 0. 1. 0.]
 [0. 0. 0. 1.]]","[[ 0.99773052  0.00468187  0.06717063 -0.08103473]
 [-0.01348882  0.9912553   0.13126685 -0.20035935]
 [-0.06596867 -0.13187499  0.98906882 -0.00727766]
 [ 0.          0.          0.          1.        ]]"
sun3d-hotel_umd-maryland_hotel1,41,55,1.0,30,0.35144502599471356,0.35966355663696675,0.017505578240261183,0.017264449851964788,"[[ 0.85305782  0.49288987 -0.17132408  0.77270731]
 [-0.49095846  0.86934971  0.05648777 -0.37271791]
 [ 0.17678279  0.03592567  0.98359402 -0.11133775]
 [ 0.          0.          0.          1.        ]]","[[ 0.87900186  0.4449289  -0.17144682  0.81493446]
 [-0.45022521  0.89287129  0.00883914 -0.27444532]
 [ 0.15701273  0.06942006  0.98515372 -0.13758699]
 [ 0.          0.          0.          1.        ]]"
sun3d-hotel_umd-maryland_hotel1,42,51,2.0,30,0.5394124334992277,0.726124077569933,0.02386624596038747,0.01679852983998403,"[[-0.1448492  -0.96539516 -0.21686608  1.4694994 ]
 [ 0.69790706 -0.25505151  0.66923424 -1.12791711]
 [-0.70138751 -0.05441432  0.7107001   0.45344114]
 [ 0.          0.          0.          1.        ]]","[[-0.11532563 -0.99319245 -0.01639362  1.15587495]
 [ 0.80435192 -0.10305664  0.58514726 -1.01307317]
 [-0.58285331  0.05429623  0.81076133  0.33085114]
 [ 0.          0.          0.          1.        ]]"
sun3d-hotel_umd-maryland_hotel1,42,52,1.0,30,0.4821076555578747,0.5811513872461482,0.023152016997589012,0.022201067746517446,"[[-0.54852486 -0.60991556 -0.5719471   1.06596166]
 [-0.46919014  0.79071514 -0.39323044 -0.14411845]
 [ 0.6920846   0.05265527 -0.71989328  3.3422885 ]
 [ 0.          0.          0.          1.        ]]","[[-0.61298818 -0.66981851 -0.419033    0.81769548]
 [-0.53286076  0.74206928 -0.40668489 -0.11964284]
 [ 0.58335658 -0.02600679 -0.81179969  3.46849216]
 [ 0.          0.          0.          1.        ]]"
sun3d-hotel_umd-maryland_hotel1,43,49,2.0,30,0.49829026363873663,0.5617593317671626,0.02405054506285306,0.023364157244514936,"[[-0.97015729 -0.24229793 -0.00930294 -1.01816813]
 [ 0.10109449 -0.36931223 -0.92379023  0.98325706]
 [ 0.22039677 -0.8971623   0.38278594  1.6005763 ]
 [ 0.          0.          0.          1.        ]]","[[-0.97836867 -0.19654855 -0.06452453 -0.88073771]
 [ 0.14186373 -0.41044546 -0.90078255  0.98546107]
 [ 0.15056371 -0.89045112  0.42945009  1.46634737]
 [ 0.          0.          0.          1.        ]]"
sun3d-hotel_umd-maryland_hotel1,44,48,2.0,30,0.7264371657754011,0.7877731421722294,0.020926744279703258,0.017700812547399067,"[[-0.91032624 -0.38906308  0.14119508 -0.18192162]
 [ 0.40708566 -0.90325704  0.13567606  0.7607737 ]
 [ 0.0747489   0.18098797  0.98064058  0.48354602]
 [ 0.          0.          0.          1.        ]]","[[-0.91492036 -0.40344316  0.01242396 -0.01797086]
 [ 0.40193913 -0.90782786  0.11955548  0.75651669]
 [-0.03695502  0.11437742  0.99274978  0.4099158 ]
 [ 0.          0.          0.          1.        ]]"
sun3d-hotel_umd-maryland_hotel1,44,51,0.0,30,0.5979438390252274,0.8047129740861507,0.02355442106257081,0.018333743483949342,"[[1. 0. 0. 0.]
 [0. 1. 0. 0.]
 [0. 0. 1. 0.]
 [0. 0. 0. 1.]]","[[ 0.99806485  0.01017498 -0.06134353  0.08396135]
 [-0.00282143  0.99291554  0.11878877 -0.22162079]
 [ 0.06211762 -0.11838582  0.9910228   0.18443681]
 [ 0.          0.          0.          1.        ]]"
sun3d-hotel_umd-maryland_hotel1,44,53,0.0,30,0.4747397686343263,0.5373786870694904,0.02313435173996085,0.022535201433663395,"[[1. 0. 0. 0.]
 [0. 1. 0. 0.]
 [0. 0. 1. 0.]
 [0. 0. 0. 1.]]","[[ 0.99791535  0.04404331 -0.04717131  0.09939805]
 [-0.04606416  0.99802774 -0.04264647  0.04297274]
 [ 0.04519999  0.04473048  0.99797602  0.0550105 ]
 [ 0.          0.          0.          1.        ]]"
sun3d-hotel_umd-maryland_hotel1,44,55,3.0,30,0.5578141684317398,0.5835813188159714,0.02048940666785859,0.019207162192550472,"[[-0.75772437  0.5568015  -0.34033199  0.28980225]
 [-0.61702893 -0.44152949  0.65140387 -1.42611971]
 [ 0.21243604  0.70357927  0.6781203   0.55420543]
 [ 0.          0.          0.          1.        ]]","[[-0.75922615  0.5667769  -0.31990561  0.22039843]
 [-0.62185401 -0.48671723  0.61351767 -1.34971209]
 [ 0.19202407  0.66473324  0.72198094  0.43284396]
 [ 0.          0.          0.          1.        ]]"
sun3d-hotel_umd-maryland_hotel1,46,48,1.0,30,0.33822953162456204,0.3801631938041674,0.02371927006129295,0.021820530586006696,"[[-0.97891078 -0.13570021  0.15270606 -0.44730524]
 [ 0.11005345 -0.98006188 -0.16542958  0.06805996]
 [ 0.17211022 -0.14513497  0.97432742 -0.41093709]
 [ 0.          0.          0.          1.        ]]","[[-0.96284316 -0.17236779  0.20789994 -0.49106798]
 [ 0.11068837 -0.95407106 -0.27838193  0.20895015]
 [ 0.24633539 -0.24502603  0.93769991 -0.41541813]
 [ 0.          0.          0.          1.        ]]"
sun3d-hotel_umd-maryland_hotel1,46,51,5.0,30,0.29145036039128197,0.3323483353355071,0.023495211358469673,0.023241962906009692,"[[ 0.70079902 -0.4937313  -0.51488847  0.98077347]
 [ 0.58395373  0.81161857  0.01653311 -0.67363197]
 [ 0.40973013 -0.31225743  0.85709773 -0.45553988]
 [ 0.          0.          0.          1.        ]]","[[ 0.73806474 -0.57146198 -0.35873617  0.74857466]
 [ 0.55392544  0.81676315 -0.16144523 -0.40096905]
 [ 0.3852623  -0.07955606  0.91937141 -0.69802491]
 [ 0.          0.          0.          1.        ]]"
sun3d-hotel_umd-maryland_hotel1,46,52,5.0,30,0.31869941325169876,0.39007552741637486,0.024997304078803056,0.022594349488698783,"[[ 0.82477104  0.21379867  0.52349104 -0.6965219 ]
 [-0.19223356  0.97664215 -0.09600188 -0.40143617]
 [-0.53178849 -0.02145298  0.84660544 -0.66041692]
 [ 0.          0.          0.          1.        ]]","[[ 0.87163293  0.25449198  0.4189151  -0.53311713]
 [-0.26299871  0.96403043 -0.03843184 -0.4923592 ]
 [-0.4136275  -0.07667568  0.90721173 -0.76763547]
 [ 0.          0.          0.          1.        ]]"
sun3d-hotel_umd-maryland_hotel1,46,53,1.0,30,0.29418798277594793,0.3230169966476185,0.022783990508279728,0.02145040507319904,"[[ 0.21209709  0.12068904 -0.96976749  1.26305611]
 [ 0.68509854  0.68929155  0.23562075 -0.55548934]
 [ 0.69688938 -0.71436077  0.06351284  0.50288751]
 [ 0.          0.          0.          1.        ]]","[[ 0.2670359  -0.06965419 -0.96116602  1.18758672]
 [ 0.57832661  0.80940148  0.10201751 -0.34219575]
 [ 0.77086326 -0.58311022  0.25642213  0.23659813]
 [ 0.          0.          0.          1.        ]]"
sun3d-hotel_umd-maryland_hotel1,47,49,2.0,30,0.36364526233359434,0.3739624119028974,0.023833655829365818,0.023701372841176852,"[[ 0.88071607  0.30479135 -0.36254854  0.01664484]
 [-0.08211588  0.85210924  0.51688183 -0.67232566]
 [ 0.46647207 -0.42545514  0.77549451 -0.0139648 ]
 [ 0.          0.          0.          1.        ]]","[[ 0.87030906  0.27647602 -0.40758208  0.08650018]
 [-0.05905584  0.88017969  0.47095236 -0.5796903 ]
 [ 0.4889525  -0.38580401  0.78235588 -0.03701278]
 [ 0.          0.          0.          1.        ]]"
sun3d-hotel_umd-maryland_hotel1,48,52,3.0,30,0.3991357251636943,0.5704136614176272,0.02322381537135555,0.019674633505893206,"[[-0.27381248  0.37692818  0.88484568 -1.78048697]
 [-0.13468215 -0.92596721  0.35276827 -0.19613533]
 [ 0.95230638 -0.02258057  0.30430687  1.05678487]
 [ 0.          0.          0.          1.        ]]","[[-0.50208888  0.4525436   0.73696068 -1.57004969]
 [-0.32307462 -0.88861358  0.32555904 -0.20971813]
 [ 0.80220293 -0.07463372  0.59236835  0.62327804]
 [ 0.          0.          0.          1.        ]]"
sun3d-hotel_umd-maryland_hotel1,49,51,3.0,30,0.5178211343744638,0.5504923202333962,0.021446009681581148,0.01762869589279529,"[[-0.54120472  0.63885608 -0.54677268 -0.05951198]
 [-0.46664956 -0.76909668 -0.43672472  0.92296113]
 [-0.6995253   0.01879375  0.71436066  0.3959811 ]
 [ 0.          0.          0.          1.        ]]","[[-0.58056228  0.67378592 -0.4571214  -0.25669744]
 [-0.51169436 -0.73863168 -0.4388532   0.90891825]
 [-0.63333745 -0.02087517  0.77359415  0.35286513]
 [ 0.          0.          0.          1.        ]]"
sun3d-hotel_umd-maryland_hotel1,49,52,1.0,30,0.5338868402946884,0.5779045587018871,0.024652835458644516,0.02364470238176124,"[[ 0.95858206 -0.00242673  0.28480616 -0.1090851 ]
 [-0.12987972  0.88621691  0.44469185 -0.34179941]
 [-0.25347919 -0.46326417  0.84919645  0.14710509]
 [ 0.          0.          0.          1.        ]]","[[ 0.95894062  0.12753755  0.25331218 -0.05056873]
 [-0.23209638  0.86620945  0.44250702 -0.41585766]
 [-0.16298515 -0.4831308   0.86024443  0.17244954]
 [ 0.          0.          0.          1.        ]]"
sun3d-hotel_umd-maryland_hotel1,49,53,7.0,30,0.5646305411491993,0.6375099947917049,0.021370599654980362,0.020107571940839657,"[[ 0.54146039  0.82448999 -0.164429   -0.16096351]
 [-0.83802573  0.54496139 -0.02701793  0.24357132]
 [ 0.06733144  0.15242487  0.98601883  0.23236671]
 [ 0.          0.          0.          1.        ]]","[[ 0.43381944  0.88965445 -0.14253297 -0.22961026]
 [-0.89288063  0.44568616  0.06424976  0.06478882]
 [ 0.12068506  0.09939213  0.98770255  0.20286746]
 [ 0.          0.          0.          1.        ]]"
sun3d-hotel_umd-maryland_hotel1,50,52,2.0,30,0.5242468517358937,0.5868256066544524,0.022128131198256844,0.020661097482438995,"[[ 0.96876873 -0.04180792  0.24441614 -0.15141795]
 [ 0.09970226  0.96817146 -0.22957238 -0.17514577]
 [-0.22703879  0.24677139  0.94210258 -0.02941298]
 [ 0.          0.          0.          1.        ]]","[[ 0.96452068 -0.04809177  0.25959014 -0.13634238]
 [ 0.12080678  0.95468448 -0.27199865 -0.07482004]
 [-0.23474578  0.29370858  0.92662273 -0.06435989]
 [ 0.          0.          0.          1.        ]]"
sun3d-hotel_umd-maryland_hotel1,52,56,0.0,30,0.14612229966843776,0.1673322418736764,0.023021197409671436,0.021748250348606,"[[1. 0. 0. 0.]
 [0. 1. 0. 0.]
 [0. 0. 1. 0.]
 [0. 0. 0. 1.]]","[[ 0.98874925 -0.05935324  0.13730303 -0.26525886]
 [ 0.06214138  0.99793739 -0.01610619 -0.00770202]
 [-0.13606388  0.02445718  0.99039814 -0.05856531]
 [ 0.          0.          0.          1.        ]]"
sun3d-hotel_umd-maryland_hotel1,53,55,1.0,30,0.3851331244420327,0.4119374376389448,0.022124975178789592,0.020443540406103085,"[[ 0.90428562 -0.11971746  0.40979903 -0.52937126]
 [ 0.12840149  0.99170178  0.00637484  0.05992948]
 [-0.40716161  0.04685413  0.91215356 -0.05952062]
 [ 0.          0.          0.          1.        ]]","[[ 0.9340103  -0.13603353  0.33033261 -0.40375788]
 [ 0.15258943  0.98798383 -0.02458483  0.15507815]
 [-0.32301892  0.07336775  0.94354436 -0.04833573]
 [ 0.          0.          0.          1.        ]]"
sun3d-hotel_uc-scan3,0,27,0.0,30,0.48133497144554405,0.5201973835207712,0.02497816311153586,0.023451429600821846,"[[1. 0. 0. 0.]
 [0. 1. 0. 0.]
 [0. 0. 1. 0.]
 [0. 0. 0. 1.]]","[[ 0.99979091  0.01579494  0.012987   -0.02202361]
 [-0.01659138  0.99783139  0.06369656 -0.216242  ]
 [-0.01195275 -0.06389872  0.99788481 -0.00579072]
 [ 0.          0.          0.          1.        ]]"
sun3d-hotel_uc-scan3,0,28,1.0,30,0.5023223488760223,0.5349575908261102,0.02308163230661645,0.02313562412217011,"[[ 0.18509979  0.96960582 -0.1600082   0.39839389]
 [-0.90564723  0.23151503  0.35525185 -0.32288118]
 [ 0.38149856  0.07915394  0.92097421  0.44925691]
 [ 0.          0.          0.          1.        ]]","[[ 0.21944619  0.96885133 -0.1147627   0.32343604]
 [-0.87779732  0.24741086  0.41019474 -0.4333285 ]
 [ 0.42581126  0.01072271  0.90474847  0.48762095]
 [ 0.          0.          0.          1.        ]]"
sun3d-hotel_uc-scan3,0,41,1.0,30,0.5138338144371086,0.5325119610056234,0.023123536440982362,0.02284197728865112,"[[-0.29052464 -0.06683141 -0.95453077  2.22666538]
 [ 0.47623603 -0.87532837 -0.08366297  0.4521172 ]
 [-0.82993655 -0.4788881   0.28613198  1.31424626]
 [ 0.          0.          0.          1.        ]]","[[-0.23868568 -0.04690188 -0.96996359  2.28833957]
 [ 0.49155262 -0.86725497 -0.07902429  0.418717  ]
 [-0.83749936 -0.49565011  0.23005609  1.41299381]
 [ 0.          0.          0.          1.        ]]"
sun3d-hotel_uc-scan3,1,27,2.0,30,0.6076327478432273,0.6389582686414019,0.023708751013972514,0.02227499663979263,"[[-0.99789814 -0.06444294 -0.0068124   0.39918605]
 [ 0.02795803 -0.52298413  0.85188377 -1.84227472]
 [-0.05846067  0.84990277  0.52368658  1.21486875]
 [ 0.          0.          0.          1.        ]]","[[-0.99843999 -0.04494907 -0.03312352  0.47583118]
 [-0.00280158 -0.55215862  0.83373438 -1.73956369]
 [-0.05576502  0.83252654  0.55117132  1.14693022]
 [ 0.          0.          0.          1.        ]]"
sun3d-hotel_uc-scan3,1,31,1.0,30,0.4233189825161036,0.5445642171683975,0.02236606378670764,0.019784849999470975,"[[-0.7549651   0.35321805 -0.55250765  1.09822342]
 [-0.48888097 -0.8647085   0.11521546  0.13065617]
 [-0.43706188  0.35709413  0.82550633  2.0234703 ]
 [ 0.          0.          0.          1.        ]]","[[-0.74338764  0.38809167 -0.54475653  1.08049133]
 [-0.51734854 -0.84984795  0.10054327  0.12599887]
 [-0.42394021  0.35657162  0.83254512  1.90860998]
 [ 0.          0.          0.          1.        ]]"
sun3d-hotel_uc-scan3,1,39,1.0,30,0.5475588543904002,0.5889312197629627,0.022561537614521003,0.02075817187221118,"[[ 0.65922928  0.32141717 -0.67978509  0.2654247 ]
 [ 0.07726916 -0.92820979 -0.36394513  0.16524557]
 [-0.74796139  0.18739686 -0.63673871  3.98584523]
 [ 0.          0.          0.          1.        ]]","[[ 0.61545735  0.37553995 -0.69295166  0.28176099]
 [ 0.07911934 -0.90418665 -0.41974592  0.2597081 ]
 [-0.784189    0.20350983 -0.58620079  3.95677954]
 [ 0.          0.          0.          1.        ]]"
sun3d-hotel_uc-scan3,3,7,1.0,30,0.5275253066864503,0.5604670705422786,0.0228524048001327,0.021705902650605777,"[[ 0.90353161  0.29671205  0.30918051 -0.2166437 ]
 [-0.38988047  0.86861555  0.3057781  -0.09510794]
 [-0.17783095 -0.39682363  0.90050384  0.88154702]
 [ 0.          0.          0.          1.        ]]","[[ 0.91551854  0.26997919  0.29822314 -0.18205595]
 [-0.36862087  0.85986297  0.35320578 -0.17543579]
 [-0.16107282 -0.43329772  0.88674046  0.95394385]
 [ 0.          0.          0.          1.        ]]"
sun3d-hotel_uc-scan3,3,15,0.0,30,0.48777491693797664,0.5010203332272573,0.024149345742626456,0.023735347823508817,"[[1. 0. 0. 0.]
 [0. 1. 0. 0.]
 [0. 0. 1. 0.]
 [0. 0. 0. 1.]]","[[ 0.9993025   0.00460681  0.03705799 -0.08116088]
 [-0.00492657  0.99995138  0.00854192 -0.02601076]
 [-0.03701684 -0.00871853  0.99927661 -0.00636012]
 [ 0.          0.          0.          1.        ]]"
sun3d-hotel_uc-scan3,3,47,0.0,30,0.5002475690994674,0.5584149062657785,0.02366478191442189,0.022989510196737062,"[[1. 0. 0. 0.]
 [0. 1. 0. 0.]
 [0. 0. 1. 0.]
 [0. 0. 0. 1.]]","[[ 0.99632011 -0.01335969  0.08466259 -0.23382859]
 [ 0.01223896  0.99983066  0.01374284  0.01427754]
 [-0.08483186 -0.01265609  0.9963149   0.00220365]
 [ 0.          0.          0.          1.        ]]"
sun3d-hotel_uc-scan3,3,48,0.0,30,0.4879162979151946,0.5449297748522842,0.023498157697514798,0.022500294381035176,"[[1. 0. 0. 0.]
 [0. 1. 0. 0.]
 [0. 0. 1. 0.]
 [0. 0. 0. 1.]]","[[ 0.99719856 -0.02754996  0.06954159 -0.19443778]
 [ 0.02610682  0.99942628  0.02157665 -0.02021106]
 [-0.07009612 -0.01970069  0.99734569  0.01091838]
 [ 0.          0.          0.          1.        ]]"
sun3d-hotel_uc-scan3,4,28,2.0,30,0.47996515253109107,0.5190021486009622,0.02460926101199133,0.0247615774739754,"[[-0.91285497 -0.22385284  0.3414465  -0.81536429]
 [ 0.25655999 -0.96506223  0.05321521  0.05556344]
 [ 0.31760475  0.13617929  0.93839354  0.16567541]
 [ 0.          0.          0.          1.        ]]","[[-0.89282507 -0.1793998   0.41313329 -0.9279917 ]
 [ 0.23952358 -0.96591195  0.09819651 -0.03873568]
 [ 0.38143394  0.18662747  0.90536089  0.20482831]
 [ 0.          0.          0.          1.        ]]"
sun3d-hotel_uc-scan3,4,31,1.0,30,0.5111985671092415,0.5793019587222296,0.025453000154828438,0.02336368133558248,"[[-0.59215424  0.79897365  0.10485444 -0.01926858]
 [-0.76574129 -0.51738742 -0.38203472  1.11182281]
 [-0.25098531 -0.30651485  0.91818028  0.65213365]
 [ 0.          0.          0.          1.        ]]","[[-0.69089816  0.72108644  0.05190451  0.10461869]
 [-0.66858842 -0.60998179 -0.42533721  1.12785113]
 [-0.27504408 -0.32856745  0.90354534  0.70656659]
 [ 0.          0.          0.          1.        ]]"
sun3d-hotel_uc-scan3,4,32,0.0,30,0.5474213659682552,0.5539219131185559,0.02379837835321043,0.023435678671255504,"[[1. 0. 0. 0.]
 [0. 1. 0. 0.]
 [0. 0. 1. 0.]
 [0. 0. 0. 1.]]","[[ 0.99991113  0.00202845  0.01317658 -0.02489737]
 [-0.0026777   0.99877332  0.0494437  -0.09218729]
 [-0.01306012 -0.04947459  0.99868999  0.01103878]
 [ 0.          0.          0.          1.        ]]"
sun3d-hotel_uc-scan3,4,38,0.0,30,0.5307149467838963,0.6420204766311892,0.023513494970708978,0.021246099645513106,"[[1. 0. 0. 0.]
 [0. 1. 0. 0.]
 [0. 0. 1. 0.]
 [0. 0. 0. 1.]]","[[ 0.98683178 -0.08971556  0.13458885 -0.22110453]
 [ 0.0871539   0.99588567  0.02481778 -0.0500789 ]
 [-0.13626165 -0.01276103  0.99059069  0.06987164]
 [ 0.          0.          0.          1.        ]]"
sun3d-hotel_uc-scan3,4,47,1.0,30,0.3894082772773914,0.408852224050035,0.023034292538422603,0.02064898170002515,"[[-0.70368255 -0.54054779  0.46112792 -1.27372177]
 [-0.70354176  0.62079718 -0.34588995  0.93914263]
 [-0.09929686 -0.56781947 -0.81714208  4.23517426]
 [ 0.          0.          0.          1.        ]]","[[-0.64849509 -0.63834713  0.41468911 -1.11510901]
 [-0.76107112  0.53298156 -0.36973153  1.00380607]
 [ 0.01499541 -0.55537699 -0.83146349  4.29962299]
 [ 0.          0.          0.          1.        ]]"
sun3d-hotel_uc-scan3,5,9,1.0,30,0.23994452553046736,0.25235940943531177,0.023652786654209418,0.02253765954930408,"[[-0.46563211  0.88459371 -0.02609026  0.17907599]
 [-0.63465043 -0.35432315 -0.68678523  1.21200786]
 [-0.61677028 -0.30323106  0.72639201 -0.72475693]
 [ 0.          0.          0.          1.        ]]","[[-0.43466096  0.89959494  0.04241224  0.03321799]
 [-0.71252609 -0.31470853 -0.62710853  1.00136328]
 [-0.55079617 -0.30279943  0.77777638 -0.8340436 ]
 [ 0.          0.          0.          1.        ]]"
sun3d-hotel_uc-scan3,5,10,1.0,30,0.3125880812114995,0.3196370680596985,0.02548645630309228,0.024947699558267228,"[[-0.61286915 -0.78074798  0.12175382 -0.03645172]
 [-0.77006892  0.55558966 -0.31355061  1.01131569]
 [ 0.17715884 -0.28592434 -0.94173352  4.2108262 ]
 [ 0.          0.          0.          1.        ]]","[[-6.04722468e-01 -7.89407580e-01  1.05576556e-01  7.59036859e-04]
 [-7.63490652e-01  5.36858745e-01 -3.58977314e-01  1.15359204e+00]
 [ 2.26699715e-01 -2.97688361e-01 -9.27355853e-01  4.20201133e+00]
 [ 0.00000000e+00  0.00000000e+00  0.00000000e+00  1.00000000e+00]]"
sun3d-hotel_uc-scan3,5,23,1.0,30,0.23829426532796288,0.25533826007618715,0.024754168202017774,0.024821482204011397,"[[ 0.65119163  0.75845693  0.02631619  0.70152909]
 [-0.64986914  0.53938142  0.53547902 -1.44144152]
 [ 0.39194331 -0.36580154  0.84413842 -0.96864769]
 [ 0.          0.          0.          1.        ]]","[[ 0.6521086   0.75618342  0.0542311   0.64661234]
 [-0.64251284  0.51327821  0.56896637 -1.56376161]
 [ 0.40240729 -0.40587204  0.82057069 -0.88024235]
 [ 0.          0.          0.          1.        ]]"
sun3d-hotel_uc-scan3,5,31,2.0,30,0.515520244511634,0.5451886420402261,0.02364438766297057,0.023660293100374045,"[[ 0.99633694  0.05232027 -0.06764095  0.50163913]
 [ 0.08298009 -0.40038301  0.91258301 -0.66012606]
 [ 0.0206643  -0.91485301 -0.40325792  2.14155824]
 [ 0.          0.          0.          1.        ]]","[[ 0.99748613  0.01989117 -0.06801297  0.49119777]
 [ 0.06882552 -0.50039674  0.86305629 -0.61103539]
 [-0.01686627 -0.8655677  -0.50050783  2.24085033]
 [ 0.          0.          0.          1.        ]]"
sun3d-hotel_uc-scan3,5,32,3.0,30,0.4635316795004367,0.5108175128254039,0.022575122832591776,0.021174230438233785,"[[-0.76346297  0.61526903 -0.19638817  0.56024957]
 [-0.49778693 -0.36683125  0.78590267 -1.35745517]
 [ 0.41150026  0.69776705  0.58633495  0.61973566]
 [ 0.          0.          0.          1.        ]]","[[-0.78425731  0.59303276 -0.18235302  0.56498483]
 [-0.51437944 -0.45713758  0.72556118 -1.24702458]
 [ 0.34692113  0.6628253   0.66355735  0.44683351]
 [ 0.          0.          0.          1.        ]]"
sun3d-hotel_uc-scan3,5,38,5.0,30,0.5593186024988431,0.7452495950948634,0.024758351923255238,0.018578204731973375,"[[ 0.93723453 -0.28241838 -0.20452699  0.73158929]
 [ 0.34567234  0.82961447  0.43846375 -0.26010166]
 [ 0.04584833 -0.48164269  0.87516756  0.42759529]
 [ 0.          0.          0.          1.        ]]","[[ 0.9811284  -0.1756281  -0.08088156  0.59717265]
 [ 0.191119    0.94431463  0.26784959 -0.04037851]
 [ 0.02933573 -0.27825284  0.96005978  0.21370852]
 [ 0.          0.          0.          1.        ]]"
sun3d-hotel_uc-scan3,5,39,2.0,30,0.5807975887833355,0.6480003943578657,0.023821917724250234,0.021660268805831197,"[[-0.47811382 -0.20451963  0.85415391 -0.81903633]
 [-0.61241428 -0.61947038 -0.49112646  0.98636229]
 [ 0.62956805 -0.7579104   0.17092661  1.39423463]
 [ 0.          0.          0.          1.        ]]","[[-0.50544279 -0.12478657  0.85378914 -0.84241423]
 [-0.49325968 -0.77008102 -0.40456162  0.86682551]
 [ 0.70797067 -0.62562251  0.32767971  1.15268598]
 [ 0.          0.          0.          1.        ]]"
sun3d-hotel_uc-scan3,5,48,2.0,30,0.27376657034134844,0.28639371624016696,0.02380037774631154,0.02385468676063507,"[[ 0.49081276 -0.72599318  0.48170191 -0.65112465]
 [ 0.78273542  0.61024306  0.12218297 -0.37551886]
 [-0.38265925  0.31707619  0.86777566 -0.87967219]
 [ 0.          0.          0.          1.        ]]","[[ 0.46257761 -0.73103827  0.50160244 -0.72882363]
 [ 0.80990985  0.57858855  0.09633965 -0.31503372]
 [-0.3606494   0.36168819  0.8597172  -0.88763833]
 [ 0.          0.          0.          1.        ]]"
sun3d-hotel_uc-scan3,5,52,1.0,30,0.27965037523359404,0.34435270969081544,0.020329611018203977,0.019850897272547668,"[[-0.72296378 -0.06330497  0.68797955 -0.66948132]
 [-0.28570827 -0.87926165 -0.38114267  1.37941858]
 [ 0.62904226 -0.47211379  0.61758757 -0.8474069 ]
 [ 0.          0.          0.          1.        ]]","[[-0.63356575 -0.04363655  0.77245731 -1.03005683]
 [-0.22195674 -0.94619004 -0.23549866  0.92896374]
 [ 0.74116776 -0.32065599  0.58978817 -0.85604737]
 [ 0.          0.          0.          1.        ]]"
sun3d-hotel_uc-scan3,6,28,2.0,30,0.44820599161115704,0.508973712674788,0.02357803896790818,0.02306548356036556,"[[ 0.84492871  0.45681323 -0.27823938  0.58880999]
 [-0.52304099  0.81447634 -0.25111034  0.76715754]
 [ 0.11190887  0.35770094  0.92710649  0.27222916]
 [ 0.          0.          0.          1.        ]]","[[ 0.88267473  0.44627587 -0.14738782  0.31298088]
 [-0.46844667  0.86075304 -0.19915299  0.67547705]
 [ 0.03798734  0.24483065  0.96882141  0.20097898]
 [ 0.          0.          0.          1.        ]]"
sun3d-hotel_uc-scan3,6,31,4.0,30,0.5705353621664256,0.7139969764690417,0.024189246147310026,0.022875191808531176,"[[ 0.95315274 -0.24393623 -0.17887138  0.01487217]
 [-0.14195019 -0.88288348  0.44762361 -0.45318352]
 [-0.2671142  -0.40126284 -0.87614961  3.17415039]
 [ 0.          0.          0.          1.        ]]","[[ 0.97018497 -0.21532264 -0.11125328 -0.03420736]
 [-0.18352013 -0.95248721  0.24308121 -0.19047892]
 [-0.15830822 -0.21541652 -0.96360481  3.2783488 ]
 [ 0.          0.          0.          1.        ]]"
sun3d-hotel_uc-scan3,6,35,1.0,30,0.24675570771208308,0.26711681978820906,0.023048458028573682,0.021838367709717352,"[[-0.84925758  0.06326277 -0.52417495  0.84886826]
 [ 0.11005389 -0.9497772  -0.29293586  1.14905546]
 [-0.51638135 -0.30646549  0.79964317 -1.00794139]
 [ 0.          0.          0.          1.        ]]","[[-0.84683128  0.10111416 -0.52216157  0.85650077]
 [ 0.12912808 -0.91330086 -0.38627383  1.47892591]
 [-0.51594837 -0.39453449  0.76035506 -0.88279693]
 [ 0.          0.          0.          1.        ]]"
sun3d-hotel_uc-scan3,6,38,103.0,30,0.49477961591855624,0.5587112447940769,0.024958513302254272,0.024402562987979205,"[[-0.96741398  0.04100575 -0.24985738  0.18823656]
 [ 0.24650125 -0.07295501 -0.96639262  1.74473656]
 [-0.057856   -0.99649189  0.06046973  1.91016091]
 [ 0.          0.          0.          1.        ]]","[[-0.98425759 -0.01857678 -0.17576094  0.03590943]
 [ 0.17604052 -0.19142808 -0.96559051  1.71212374]
 [-0.01570802 -0.98133083  0.1916848   1.69110173]
 [ 0.          0.          0.          1.        ]]"
sun3d-hotel_uc-scan3,6,40,5.0,30,0.5113657072738097,0.6695804833007326,0.02522762532697769,0.020813767126092664,"[[ 0.87053054 -0.30509337 -0.38612773  0.72851979]
 [ 0.41999692  0.86953162  0.259841    0.00126148]
 [ 0.2564745  -0.38837198  0.8850921   0.56746665]
 [ 0.          0.          0.          1.        ]]","[[ 0.88605155 -0.19310301 -0.42145448  0.85160401]
 [ 0.32147488  0.91095873  0.25847261 -0.00115155]
 [ 0.3340158  -0.36450709  0.86923416  0.52602278]
 [ 0.          0.          0.          1.        ]]"
sun3d-hotel_uc-scan3,7,26,2.0,30,0.29284392599507364,0.3452906063909891,0.022971116511463323,0.021804725390271503,"[[-0.97725427  0.1392368  -0.15996002 -0.19257798]
 [-0.17984416 -0.943839    0.27717145 -1.22172171]
 [-0.11238404  0.29963486  0.94741162 -0.554849  ]
 [ 0.          0.          0.          1.        ]]","[[-0.96062336  0.15924047 -0.2276955   0.04197118]
 [-0.24078925 -0.88601895  0.39622085 -1.52481921]
 [-0.13864813  0.43544563  0.88947389 -0.36995997]
 [ 0.          0.          0.          1.        ]]"
sun3d-hotel_uc-scan3,7,31,2.0,30,0.5825473248323912,0.5960546207440516,0.023245437816911598,0.022792725552596576,"[[-0.59091291 -0.22864153  0.77365689 -0.64852878]
 [ 0.13599692 -0.9735047  -0.1838299   0.54078508]
 [ 0.79518977 -0.0034125   0.60635104  0.77595056]
 [ 0.          0.          0.          1.        ]]","[[-0.61388141 -0.27820097  0.73875154 -0.61010644]
 [ 0.19454427 -0.96029412 -0.19996932  0.53525783]
 [ 0.76505042  0.02096244  0.64362911  0.73050332]
 [ 0.          0.          0.          1.        ]]"
sun3d-hotel_uc-scan3,7,37,4.0,30,0.5279633155307536,0.5639242252259993,0.024962198774001576,0.023193357343412793,"[[-0.89270796  0.27571553 -0.35644557  0.48154436]
 [-0.4504635  -0.56784502  0.68893735 -1.68159426]
 [-0.01245511  0.77558557  0.63111955  0.81455882]
 [ 0.          0.          0.          1.        ]]","[[-0.90169452  0.26320625 -0.34302981  0.48307317]
 [-0.43233425 -0.53814255  0.72352587 -1.76300217]
 [ 0.0058376   0.80070286  0.59903327  0.82883398]
 [ 0.          0.          0.          1.        ]]"
sun3d-hotel_uc-scan3,7,38,1.0,30,0.721063743637205,0.8870893105043961,0.022708208859579606,0.018279622427019776,"[[ 0.84110947 -0.43461207  0.32194285 -0.31959422]
 [ 0.34546302  0.88969338  0.29849791 -0.55859214]
 [-0.41616122 -0.13985007  0.89847192  0.29042237]
 [ 0.          0.          0.          1.        ]]","[[ 0.84690334 -0.34414251  0.40536485 -0.54087446]
 [ 0.32219087  0.93856117  0.12367691 -0.30199941]
 [-0.42302219  0.02586247  0.90575016  0.28534897]
 [ 0.          0.          0.          1.        ]]"
sun3d-hotel_uc-scan3,7,39,4.0,30,0.49029950071477363,0.515728540946318,0.022984096674134823,0.02306161951184963,"[[-0.08163405  0.78396499 -0.61541431  0.71415541]
 [ 0.99512805  0.098363   -0.00669984 -0.12411157]
 [ 0.05528156 -0.61296298 -0.78817532  3.39670526]
 [ 0.          0.          0.          1.        ]]","[[-0.06949946  0.8099793  -0.58232581  0.67716013]
 [ 0.99757557  0.05433521 -0.04348179 -0.05013837]
 [-0.00357856 -0.58393597 -0.81179183  3.40044217]
 [ 0.          0.          0.          1.        ]]"
sun3d-hotel_uc-scan3,7,40,1.0,30,0.6558395801188206,0.7245562453680643,0.021569751872291404,0.02093911979198885,"[[ 0.85249027  0.52239767  0.01900031 -0.23671217]
 [-0.47908974  0.76624317  0.42818737 -0.94973516]
 [ 0.20912523 -0.37412842  0.90349021  0.47967016]
 [ 0.          0.          0.          1.        ]]","[[ 0.88042481  0.47134834 -0.05179664 -0.06538623]
 [-0.41668985  0.82117739  0.38991957 -0.85372013]
 [ 0.22632217 -0.32171173  0.91939101  0.46578036]
 [ 0.          0.          0.          1.        ]]"
sun3d-hotel_uc-scan3,7,41,2.0,30,0.6175224986765484,0.7121767531987575,0.02312055000410596,0.020621503632281383,"[[ 0.88615514  0.31377404 -0.34099108  0.47329272]
 [-0.30600412  0.94883991  0.07787362 -0.3893879 ]
 [ 0.34798067  0.03533657  0.93683551  0.18844841]
 [ 0.          0.          0.          1.        ]]","[[ 0.91707412  0.22928789 -0.32619339  0.41225519]
 [-0.21319505  0.97332403  0.08478327 -0.34448177]
 [ 0.33693164 -0.00820973  0.94149332  0.24344045]
 [ 0.          0.          0.          1.        ]]"
sun3d-hotel_uc-scan3,7,44,3.0,30,0.3553029791555977,0.3754810416036775,0.023352382689888828,0.022874553743378094,"[[-0.33975517  0.92922089  0.14530992 -0.48773253]
 [-0.87864945 -0.36870463  0.30336783 -1.92996521]
 [ 0.33547217 -0.02460569  0.94172872 -0.52185431]
 [ 0.          0.          0.          1.        ]]","[[-0.39299261  0.91347419  0.1054595  -0.42401336]
 [-0.8693353  -0.40646166  0.28114954 -1.85126663]
 [ 0.29968809  0.01881003  0.95385179 -0.60226019]
 [ 0.          0.          0.          1.        ]]"
sun3d-hotel_uc-scan3,8,12,2.0,30,0.4526693270232139,0.4739405018583217,0.02365030034778616,0.022366656753292743,"[[-0.64526827  0.75094687  0.14038395 -0.34016662]
 [-0.55071331 -0.58459178  0.59579132 -1.12131483]
 [ 0.52947493  0.30713392  0.79077497 -0.02497725]
 [ 0.          0.          0.          1.        ]]","[[-0.63634873  0.75556798  0.1554906  -0.37208546]
 [-0.57714263 -0.60006887  0.55391672 -1.0845142 ]
 [ 0.51182681  0.26274395  0.81792355 -0.09949439]
 [ 0.          0.          0.          1.        ]]"
sun3d-hotel_uc-scan3,8,27,2.0,30,0.3630466186933805,0.37895070812350645,0.023016606839393466,0.021858091458284126,"[[-0.1011555  -0.52519045  0.84495121 -2.03288932]
 [ 0.33758743 -0.81703667 -0.46742466  1.14254822]
 [ 0.93584309  0.23796234  0.25994545  1.6712832 ]
 [ 0.          0.          0.          1.        ]]","[[-0.11717384 -0.54141383  0.83255111 -1.96598496]
 [ 0.38310867 -0.79807931 -0.46507759  1.14230774]
 [ 0.91624125  0.26446262  0.30093435  1.54136309]
 [ 0.          0.          0.          1.        ]]"
sun3d-hotel_uc-scan3,8,37,3.0,30,0.6001338585169742,0.6784275242053281,0.022209889557069602,0.021901022064131418,"[[ 0.99163205 -0.12649917  0.02576519 -0.26614911]
 [ 0.12885612  0.98204485 -0.13778246  0.24317851]
 [-0.00787321  0.13994951  0.99012734  0.02261769]
 [ 0.          0.          0.          1.        ]]","[[ 0.99000285 -0.12304678  0.06894813 -0.34836849]
 [ 0.12739954  0.98986477 -0.0627462   0.05936045]
 [-0.06052861  0.07090288  0.99564505 -0.03010455]
 [ 0.          0.          0.          1.        ]]"
sun3d-hotel_uc-scan3,8,40,1.0,30,0.5460095493809911,0.6128734403285181,0.024558177060267344,0.02198099603870303,"[[ 0.81944317 -0.38216598 -0.42715578  0.7832121 ]
 [ 0.43158486  0.90182558  0.02109818  0.07022616]
 [ 0.377157   -0.20164273  0.90393186  0.4092895 ]
 [ 0.          0.          0.          1.        ]]","[[ 0.84054765 -0.36487076 -0.40043598  0.7996023 ]
 [ 0.42182799  0.90460898  0.06118619 -0.0565842 ]
 [ 0.33991293 -0.22034501  0.91427965  0.42561465]
 [ 0.          0.          0.          1.        ]]"
sun3d-hotel_uc-scan3,8,41,3.0,30,0.5712566297432005,0.6644076430576226,0.023581779829752157,0.021532045879209382,"[[ 0.96852933  0.16289988 -0.1881876   0.87897076]
 [-0.18242225  0.97895846 -0.09144643  0.16337005]
 [ 0.16933124  0.12289815  0.97786654  0.18286519]
 [ 0.          0.          0.          1.        ]]","[[ 0.97063977  0.22114482 -0.09462248  0.65178911]
 [-0.22453372  0.97410119 -0.02667371 -0.01078201]
 [ 0.08627312  0.0471365   0.99515582  0.14554811]
 [ 0.          0.          0.          1.        ]]"
sun3d-hotel_uc-scan3,8,42,1.0,30,0.4899025260427765,0.5911025333487571,0.022165914932492252,0.02047791067655383,"[[ 0.81852292  0.46951305 -0.33102526  0.30634551]
 [-0.43368054  0.88291768  0.17993765 -0.14926807]
 [ 0.37675113 -0.00372388  0.92630703  0.17524095]
 [ 0.          0.          0.          1.        ]]","[[ 0.79363496  0.54625335 -0.26786345  0.16275824]
 [-0.48898236  0.83468012  0.25338775 -0.21925189]
 [ 0.3619942  -0.07011687  0.92953958  0.2071903 ]
 [ 0.          0.          0.          1.        ]]"
sun3d-hotel_uc-scan3,9,30,1.0,30,0.44021375537158874,0.47892613372844695,0.02149735275354962,0.018887311682560144,"[[-0.71366307  0.02994924  0.6998486  -1.34481759]
 [ 0.11336834 -0.98097619  0.15758593 -0.610634  ]
 [ 0.6912544   0.19180393  0.69669118  0.97864819]
 [ 0.          0.          0.          1.        ]]","[[-0.69845786  0.08111908  0.7110389  -1.40701443]
 [ 0.14980702 -0.95497036  0.25610442 -0.75945978]
 [ 0.69979603  0.28539676  0.65485434  1.04556054]
 [ 0.          0.          0.          1.        ]]"
sun3d-hotel_uc-scan3,9,38,3.0,30,0.48075977556686716,0.5441057380842202,0.025686777113937534,0.024670757747592326,"[[-0.04657229 -0.35769362 -0.93267695  1.56819592]
 [ 0.97074579 -0.23637569  0.0421799  -0.22419038]
 [-0.23554964 -0.90342781  0.35823813  1.21813221]
 [ 0.          0.          0.          1.        ]]","[[-0.03140964 -0.51566547 -0.85621409  1.49423729]
 [ 0.97744989 -0.19481712  0.08147391 -0.25769613]
 [-0.20881844 -0.8343473   0.51015629  0.95390163]
 [ 0.          0.          0.          1.        ]]"
sun3d-hotel_uc-scan3,10,18,0.0,30,0.4445538171828733,0.47025938279893753,0.022449030389665767,0.02054790512678828,"[[1. 0. 0. 0.]
 [0. 1. 0. 0.]
 [0. 0. 1. 0.]
 [0. 0. 0. 1.]]","[[ 0.99789194 -0.0114349   0.06388208 -0.1737376 ]
 [ 0.01477621  0.99853364 -0.05207918  0.11345918]
 [-0.06319288  0.05291333  0.99659763 -0.03296994]
 [ 0.          0.          0.          1.        ]]"
sun3d-hotel_uc-scan3,10,28,1.0,30,0.48068951003088306,0.5244935615385745,0.023735534166202454,0.021549174149114156,"[[ 0.07861872 -0.80224814  0.59179137 -1.3539326 ]
 [ 0.99488349  0.10092216  0.00464379  0.21004458]
 [-0.06345033  0.58839837  0.8060778   1.45990143]
 [ 0.          0.          0.          1.        ]]","[[ 0.09731251 -0.7984252   0.59417798 -1.28827789]
 [ 0.98799364  0.1494779   0.03905022  0.12525776]
 [-0.11999516  0.58324399  0.8033851   1.44128521]
 [ 0.          0.          0.          1.        ]]"
sun3d-hotel_uc-scan3,10,36,0.0,30,0.5311846069850688,0.5544321440616854,0.022997133478889365,0.022437345937311563,"[[1. 0. 0. 0.]
 [0. 1. 0. 0.]
 [0. 0. 1. 0.]
 [0. 0. 0. 1.]]","[[ 0.99833027 -0.03813792  0.04338398 -0.12494644]
 [ 0.03957356  0.99868052 -0.0327285   0.1072464 ]
 [-0.04207854  0.03439071  0.99852225  0.01881201]
 [ 0.          0.          0.          1.        ]]"
sun3d-hotel_uc-scan3,10,41,3.0,30,0.499940070117962,0.5252504569653506,0.025602860572452944,0.024819511477673552,"[[-0.59967114  0.80024023  0.00317807 -0.32845741]
 [-0.76919287 -0.57749186  0.273579   -0.7615631 ]
 [ 0.22076424  0.16161288  0.96184428  1.3645877 ]
 [ 0.          0.          0.          1.        ]]","[[-0.585654    0.80842118  0.05886066 -0.39250444]
 [-0.74922348 -0.5676174   0.34128385 -0.88006962]
 [ 0.30931143  0.15577446  0.93811554  1.41189022]
 [ 0.          0.          0.          1.        ]]"
sun3d-hotel_uc-scan3,10,49,0.0,30,0.3794476963453991,0.38938043005462436,0.021862219822607554,0.020820022494084798,"[[1. 0. 0. 0.]
 [0. 1. 0. 0.]
 [0. 0. 1. 0.]
 [0. 0. 0. 1.]]","[[ 0.99979613 -0.01000063  0.01754091 -0.07240781]
 [ 0.01096376  0.9983874  -0.05569915  0.13345209]
 [-0.0169556   0.05588011  0.9982935  -0.00213818]
 [ 0.          0.          0.          1.        ]]"
sun3d-hotel_uc-scan3,11,54,0.0,30,0.3919150280865755,0.5829862797904001,0.024437124716157905,0.021022599314212517,"[[1. 0. 0. 0.]
 [0. 1. 0. 0.]
 [0. 0. 1. 0.]
 [0. 0. 0. 1.]]","[[ 0.99427801 -0.07996381 -0.07083098  0.09005474]
 [ 0.07247571  0.99207607 -0.10262716  0.22834267]
 [ 0.07847618  0.0969064   0.99219486 -0.07084341]
 [ 0.          0.          0.          1.        ]]"
sun3d-hotel_uc-scan3,12,28,5.0,30,0.5590326890793318,0.6029346267356438,0.019916300540088704,0.017743512460415882,"[[ 0.01341522  0.98934573 -0.14496571 -0.38159393]
 [-0.96745243 -0.02379639 -0.2519316   0.48608387]
 [-0.25269711  0.14362715  0.9568257   0.53522135]
 [ 0.          0.          0.          1.        ]]","[[ 0.01549751  0.99238431 -0.12220153 -0.38041853]
 [-0.94430177 -0.02565285 -0.3280794   0.63359864]
 [-0.32871566  0.12047953  0.93671271  0.61242467]
 [ 0.          0.          0.          1.        ]]"
sun3d-hotel_uc-scan3,12,32,1.0,30,0.4514391558826187,0.559825112692883,0.023348563912077652,0.019015026702117455,"[[-0.98755446  0.10967514 -0.11272778  0.32433877]
 [-0.12655276 -0.97969548  0.15550296  0.11199814]
 [-0.09338409  0.16783366  0.98138233  0.64900918]
 [ 0.          0.          0.          1.        ]]","[[-0.96935404  0.24530963 -0.01326367  0.1575049 ]
 [-0.23882706 -0.92833464  0.28487969 -0.08050131]
 [ 0.05757061  0.27931701  0.95847151  0.60743822]
 [ 0.          0.          0.          1.        ]]"
sun3d-hotel_uc-scan3,12,34,0.0,30,0.31322524364630444,0.38630246591174283,0.024348709016175522,0.02124677071518273,"[[1. 0. 0. 0.]
 [0. 1. 0. 0.]
 [0. 0. 1. 0.]
 [0. 0. 0. 1.]]","[[ 0.9986872   0.00556305 -0.05092088  0.15348788]
 [-0.0069829   0.99959056 -0.02774814  0.06947897]
 [ 0.05074566  0.02806729  0.99831714  0.11282904]
 [ 0.          0.          0.          1.        ]]"
sun3d-hotel_uc-scan3,12,37,0.0,30,0.4872133460559221,0.5328654314902161,0.02301908649645625,0.02204183260841048,"[[1. 0. 0. 0.]
 [0. 1. 0. 0.]
 [0. 0. 1. 0.]
 [0. 0. 0. 1.]]","[[ 0.9986774   0.04641919 -0.02210661  0.02165669]
 [-0.04812682  0.99527933 -0.08427844  0.22061441]
 [ 0.01809012  0.08523089  0.99619699  0.00838202]
 [ 0.          0.          0.          1.        ]]"
sun3d-hotel_uc-scan3,12,47,1.0,30,0.35108555792628304,0.38336075052526997,0.021210538009119973,0.02037084152937535,"[[-0.82779749 -0.46479709  0.3141894  -1.15004707]
 [-0.55815512  0.62570666 -0.5449349   0.68558032]
 [ 0.05669375 -0.62646216 -0.77738728  4.62720686]
 [ 0.          0.          0.          1.        ]]","[[-0.86160357 -0.44633093  0.24171883 -0.94203944]
 [-0.50581665  0.71531663 -0.48215312  0.5486721 ]
 [ 0.04229435 -0.53769026 -0.84208098  4.76037561]
 [ 0.          0.          0.          1.        ]]"
sun3d-hotel_uc-scan3,13,34,2.0,30,0.39939769077755677,0.46377365619478367,0.024392758150626505,0.021518963069867912,"[[1. 0. 0. 0.]
 [0. 1. 0. 0.]
 [0. 0. 1. 0.]
 [0. 0. 0. 1.]]","[[ 0.99766318 -0.00601074  0.06805914 -0.11999902]
 [ 0.00840924  0.99935158 -0.03500996  0.05865269]
 [-0.06780457  0.03550047  0.99706683 -0.03468832]
 [ 0.          0.          0.          1.        ]]"
sun3d-hotel_uc-scan3,14,17,0.0,30,0.5080159246054414,0.5358796068312093,0.021200239627937857,0.019270162712227142,"[[1. 0. 0. 0.]
 [0. 1. 0. 0.]
 [0. 0. 1. 0.]
 [0. 0. 0. 1.]]","[[ 0.99968691 -0.02060151 -0.01420061  0.05661081]
 [ 0.02018129  0.99937201 -0.0291255   0.12914238]
 [ 0.01479173  0.02882979  0.99947489 -0.0229902 ]
 [ 0.          0.          0.          1.        ]]"
sun3d-hotel_uc-scan3,14,24,0.0,30,0.4941910165986106,0.5401325767619451,0.021760439731212545,0.020302501116577998,"[[1. 0. 0. 0.]
 [0. 1. 0. 0.]
 [0. 0. 1. 0.]
 [0. 0. 0. 1.]]","[[ 0.99641803 -0.02740251 -0.08000134  0.23754122]
 [ 0.02594915  0.99947982 -0.01915039  0.05757464]
 [ 0.08048449  0.01700582  0.99661078  0.0702884 ]
 [ 0.          0.          0.          1.        ]]"
sun3d-hotel_uc-scan3,14,36,0.0,30,0.5878034282477327,0.6239138819995566,0.020055799772272755,0.018734915987171957,"[[1. 0. 0. 0.]
 [0. 1. 0. 0.]
 [0. 0. 1. 0.]
 [0. 0. 0. 1.]]","[[ 0.99777681  0.04394168 -0.05010551  0.10742787]
 [-0.04130655  0.997768    0.05246692 -0.15692744]
 [ 0.05229916 -0.05028059  0.99736486  0.01308755]
 [ 0.          0.          0.          1.        ]]"
sun3d-hotel_uc-scan3,14,41,2.0,30,0.4820809652706334,0.542660087697394,0.024558785013582,0.0233353607271083,"[[ 0.8862599   0.36918837 -0.27972011  0.55764948]
 [-0.39576538  0.91733543 -0.0431911  -0.17036031]
 [ 0.24065151  0.14898208  0.95910958  1.11847442]
 [ 0.          0.          0.          1.        ]]","[[ 0.8601498   0.44999425 -0.24009893  0.53117148]
 [-0.48712486  0.86430753 -0.12522724 -0.04511305]
 [ 0.15116777  0.22467234  0.96263734  1.12090167]
 [ 0.          0.          0.          1.        ]]"
sun3d-hotel_uc-scan3,14,47,0.0,30,0.5498542274052478,0.6216411225304168,0.02569213557876437,0.02102591866722819,"[[1. 0. 0. 0.]
 [0. 1. 0. 0.]
 [0. 0. 1. 0.]
 [0. 0. 0. 1.]]","[[ 0.99949611  0.0284142   0.01414748 -0.0713356 ]
 [-0.02801165  0.99921865 -0.02788266  0.15906256]
 [-0.01492869  0.02747232  0.99951108 -0.0276243 ]
 [ 0.          0.          0.          1.        ]]"
sun3d-hotel_uc-scan3,14,48,0.0,30,0.42088373588865385,0.4791625096540505,0.023444915139564582,0.02080746913613694,"[[1. 0. 0. 0.]
 [0. 1. 0. 0.]
 [0. 0. 1. 0.]
 [0. 0. 0. 1.]]","[[ 0.99738653 -0.05184245 -0.0503236   0.14560399]
 [ 0.0506567   0.9984141  -0.02455964  0.14404248]
 [ 0.05151702  0.02194623  0.99843095  0.02360114]
 [ 0.          0.          0.          1.        ]]"
sun3d-hotel_uc-scan3,15,17,0.0,30,0.4394017986312193,0.4884778607275505,0.02097628600564737,0.021628398045776234,"[[1. 0. 0. 0.]
 [0. 1. 0. 0.]
 [0. 0. 1. 0.]
 [0. 0. 0. 1.]]","[[ 0.99789032  0.02408622  0.06028907 -0.17881741]
 [-0.01980791  0.99730934 -0.0705814   0.19681423]
 [-0.06182689  0.06923829  0.99568243 -0.04006289]
 [ 0.          0.          0.          1.        ]]"
sun3d-hotel_uc-scan3,15,24,0.0,30,0.47137720740308636,0.48044545792013577,0.021228147977832686,0.020944481300253396,"[[1. 0. 0. 0.]
 [0. 1. 0. 0.]
 [0. 0. 1. 0.]
 [0. 0. 0. 1.]]","[[ 0.99938812 -0.02979416 -0.01832208  0.06622315]
 [ 0.02936444  0.99929737 -0.0232917   0.06724231]
 [ 0.01900316  0.02273943  0.9995608   0.00258107]
 [ 0.          0.          0.          1.        ]]"
sun3d-hotel_uc-scan3,15,40,2.0,30,0.4879539297039206,0.5388596629773171,0.025044575749184395,0.023082860536029707,"[[ 0.45193881 -0.55814523 -0.69586293  0.64198174]
 [-0.85177447 -0.03826028 -0.52250972  1.22806492]
 [ 0.2650124   0.8288607  -0.49270516  3.473512  ]
 [ 0.          0.          0.          1.        ]]","[[ 0.53761578 -0.53247582 -0.65378802  0.5793455 ]
 [-0.81994943 -0.14935805 -0.55260755  1.3207281 ]
 [ 0.19660165  0.83316366 -0.51690049  3.53093492]
 [ 0.          0.          0.          1.        ]]"
sun3d-hotel_uc-scan3,15,47,0.0,30,0.5611837711940323,0.6292603873153412,0.02556472493024737,0.018896100442592566,"[[1. 0. 0. 0.]
 [0. 1. 0. 0.]
 [0. 0. 1. 0.]
 [0. 0. 0. 1.]]","[[ 0.99987873  0.01161598 -0.01037229  0.01703154]
 [-0.0116049   0.99993203  0.00112763  0.08758833]
 [ 0.01038469 -0.00100712  0.99994557  0.0239311 ]
 [ 0.          0.          0.          1.        ]]"
sun3d-hotel_uc-scan3,15,48,0.0,30,0.5593809200750257,0.5790998316850045,0.023788682138481662,0.022429584716584957,"[[1. 0. 0. 0.]
 [0. 1. 0. 0.]
 [0. 0. 1. 0.]
 [0. 0. 0. 1.]]","[[ 9.99655711e-01  9.71429803e-05  2.62383411e-02 -9.38890974e-02]
 [-9.32702224e-05  9.99999985e-01 -1.48822987e-04  3.74145594e-02]
 [-2.62383551e-02  1.46324493e-04  9.99655704e-01  1.65224284e-02]
 [ 0.00000000e+00  0.00000000e+00  0.00000000e+00  1.00000000e+00]]"
sun3d-hotel_uc-scan3,16,23,0.0,30,0.37283156891741803,0.39559465840193075,0.020899480945777153,0.020543686245525567,"[[1. 0. 0. 0.]
 [0. 1. 0. 0.]
 [0. 0. 1. 0.]
 [0. 0. 0. 1.]]","[[ 9.99902466e-01 -7.15607384e-03  1.19937419e-02 -4.90641142e-02]
 [ 7.15311561e-03  9.99974374e-01  2.89528061e-04  4.25182026e-02]
 [-1.19955064e-02 -2.03707200e-04  9.99928031e-01  1.69124876e-02]
 [ 0.00000000e+00  0.00000000e+00  0.00000000e+00  1.00000000e+00]]"
sun3d-hotel_uc-scan3,16,44,0.0,30,0.4979877710491477,0.5136012587071832,0.022680874111012248,0.02215023927984519,"[[1. 0. 0. 0.]
 [0. 1. 0. 0.]
 [0. 0. 1. 0.]
 [0. 0. 0. 1.]]","[[ 0.99805968 -0.0233686  -0.05771297  0.16497576]
 [ 0.02549091  0.99901523  0.0363152  -0.09596853]
 [ 0.0568075  -0.03771589  0.9976725   0.04775791]
 [ 0.          0.          0.          1.        ]]"
sun3d-hotel_uc-scan3,16,48,0.0,30,0.46793211999427214,0.5046116430783099,0.020599984548730705,0.017983827987352843,"[[1. 0. 0. 0.]
 [0. 1. 0. 0.]
 [0. 0. 1. 0.]
 [0. 0. 0. 1.]]","[[ 0.99585165 -0.06420828 -0.06447318  0.1939682 ]
 [ 0.06473706  0.99788344  0.00614414  0.01144027]
 [ 0.06394221 -0.01029245  0.99790053  0.02109407]
 [ 0.          0.          0.          1.        ]]"
sun3d-hotel_uc-scan3,17,21,0.0,30,0.4617039681550608,0.49820762255243345,0.020907237845377985,0.020119607684123318,"[[1. 0. 0. 0.]
 [0. 1. 0. 0.]
 [0. 0. 1. 0.]
 [0. 0. 0. 1.]]","[[ 9.99589145e-01  2.23964668e-02  1.78868258e-02 -9.21697391e-02]
 [-2.18012374e-02  9.99223917e-01 -3.28065474e-02  8.57712071e-02]
 [-1.86076949e-02  3.24031137e-02  9.99301652e-01  4.97970505e-04]
 [ 0.00000000e+00  0.00000000e+00  0.00000000e+00  1.00000000e+00]]"
sun3d-hotel_uc-scan3,17,47,0.0,30,0.4918709383194619,0.5072967734579865,0.025108233797001746,0.020607658958187045,"[[1. 0. 0. 0.]
 [0. 1. 0. 0.]
 [0. 0. 1. 0.]
 [0. 0. 0. 1.]]","[[ 0.99979337  0.00728455  0.01897748 -0.0461118 ]
 [-0.00757064  0.99985812  0.0150475   0.03390302]
 [-0.01886518 -0.01518806  0.99970667 -0.00381037]
 [ 0.          0.          0.          1.        ]]"
sun3d-hotel_uc-scan3,18,35,0.0,30,0.3353472316530494,0.3982591833447556,0.02294043792496834,0.0221188335688128,"[[1. 0. 0. 0.]
 [0. 1. 0. 0.]
 [0. 0. 1. 0.]
 [0. 0. 0. 1.]]","[[ 0.9986671  -0.05139139  0.00479033 -0.01311395]
 [ 0.05133457  0.99861744  0.01131197 -0.03676521]
 [-0.00536504 -0.01105098  0.99992454 -0.0825888 ]
 [ 0.          0.          0.          1.        ]]"
sun3d-hotel_uc-scan3,18,49,0.0,30,0.28731454525608924,0.2921497680950232,0.024851913093571463,0.024574725176511342,"[[1. 0. 0. 0.]
 [0. 1. 0. 0.]
 [0. 0. 1. 0.]
 [0. 0. 0. 1.]]","[[ 0.99997954 -0.00318393 -0.00554857 -0.00141253]
 [ 0.00310144  0.99988549 -0.01481197  0.05411019]
 [ 0.0055951   0.01479446  0.9998749   0.02719882]
 [ 0.          0.          0.          1.        ]]"
sun3d-hotel_uc-scan3,19,39,3.0,30,0.5255874875882904,0.587403083033457,0.02289179432526289,0.02077553103104737,"[[ 0.92274045 -0.38135795  0.05582266  0.60771834]
 [ 0.35340349  0.89496113  0.27230598 -0.98157186]
 [-0.15380516 -0.23153983  0.96059007  1.13211865]
 [ 0.          0.          0.          1.        ]]","[[ 0.93805015 -0.34193016 -0.05608633  0.81883211]
 [ 0.3464896   0.92442963  0.15929472 -0.78367329]
 [-0.0026198  -0.16885977  0.9856366   1.07356627]
 [ 0.          0.          0.          1.        ]]"
sun3d-hotel_uc-scan3,19,44,2.0,30,0.46643496434934995,0.5068263142599665,0.02003699615909193,0.018871531801527997,"[[ 0.09594063 -0.95887226 -0.26713177  0.76445023]
 [ 0.81386157  0.23007763 -0.53356689  1.59207815]
 [ 0.57308354 -0.16621754  0.80246308  0.5689008 ]
 [ 0.          0.          0.          1.        ]]","[[ 0.07453014 -0.97069586 -0.22846181  0.66159097]
 [ 0.83158312  0.18694031 -0.5229941   1.60584078]
 [ 0.55037693 -0.15100616  0.82114699  0.47102456]
 [ 0.          0.          0.          1.        ]]"
sun3d-hotel_uc-scan3,21,36,0.0,30,0.33547373658133006,0.34669315151707136,0.025863499177268746,0.023869726644063356,"[[1. 0. 0. 0.]
 [0. 1. 0. 0.]
 [0. 0. 1. 0.]
 [0. 0. 0. 1.]]","[[ 9.99488265e-01  3.19600631e-02  1.32788444e-03  1.44052969e-02]
 [-3.19831435e-02  9.97790646e-01  5.82314841e-02 -1.51513160e-01]
 [ 5.36131229e-04 -5.82441549e-02  9.98302224e-01  1.07742657e-02]
 [ 0.00000000e+00  0.00000000e+00  0.00000000e+00  1.00000000e+00]]"
sun3d-hotel_uc-scan3,22,26,0.0,30,0.5075475238658524,0.5470345535262554,0.023380588876332712,0.02033536467852854,"[[1. 0. 0. 0.]
 [0. 1. 0. 0.]
 [0. 0. 1. 0.]
 [0. 0. 0. 1.]]","[[ 0.99975501  0.00247322  0.02199572 -0.05351514]
 [-0.00169336  0.99937168 -0.03540312  0.01888767]
 [-0.02206946  0.0353572   0.99913103  0.00517685]
 [ 0.          0.          0.          1.        ]]"
sun3d-hotel_uc-scan3,22,29,0.0,30,0.5331035613358522,0.5608674608502865,0.020507425089975346,0.017816711700296667,"[[1. 0. 0. 0.]
 [0. 1. 0. 0.]
 [0. 0. 1. 0.]
 [0. 0. 0. 1.]]","[[ 9.99650135e-01  2.64114785e-02 -1.42868587e-03 -7.04092104e-03]
 [-2.64424041e-02  9.99202864e-01 -2.99071102e-02  3.66839205e-02]
 [ 6.37656015e-04  2.99344246e-02  9.99551661e-01  2.82848074e-02]
 [ 0.00000000e+00  0.00000000e+00  0.00000000e+00  1.00000000e+00]]"
sun3d-hotel_uc-scan3,22,31,1.0,30,0.4973790587616669,0.5638556592612067,0.025503843132714046,0.022637344377149614,"[[ 0.67500642 -0.6755906   0.29655298 -0.6328414 ]
 [ 0.57779071  0.7339835   0.35696795 -0.88984997]
 [-0.45882919 -0.06961011  0.88579355  1.45954075]
 [ 0.          0.          0.          1.        ]]","[[ 0.71976804 -0.58747871  0.36986854 -0.78576652]
 [ 0.4984      0.8081749   0.31376866 -0.8601601 ]
 [-0.48325088 -0.04149817  0.87449785  1.43393803]
 [ 0.          0.          0.          1.        ]]"
sun3d-hotel_uc-scan3,22,33,0.0,30,0.4706969419402529,0.5599800735991258,0.02306623077716852,0.018479323807386885,"[[1. 0. 0. 0.]
 [0. 1. 0. 0.]
 [0. 0. 1. 0.]
 [0. 0. 0. 1.]]","[[ 0.9996405   0.02213355 -0.01513178  0.02649092]
 [-0.02181667  0.99954569  0.02079515  0.01915797]
 [ 0.01558518 -0.02045755  0.99966924  0.06534567]
 [ 0.          0.          0.          1.        ]]"
sun3d-hotel_uc-scan3,22,35,0.0,30,0.40796442569157354,0.5091746596217072,0.02449903490095512,0.022249723791059998,"[[1. 0. 0. 0.]
 [0. 1. 0. 0.]
 [0. 0. 1. 0.]
 [0. 0. 0. 1.]]","[[ 9.99794537e-01  7.26175772e-04 -2.02572677e-02  5.61605699e-02]
 [-3.04742735e-03  9.93384549e-01 -1.14794821e-01  3.00558188e-01]
 [ 2.00398955e-02  1.14832968e-01  9.93182658e-01  4.04107965e-02]
 [ 0.00000000e+00  0.00000000e+00  0.00000000e+00  1.00000000e+00]]"
sun3d-hotel_uc-scan3,22,38,1.0,30,0.607986753817677,0.6757866728366497,0.024796269678668506,0.0231853139563801,"[[-0.39462244  0.71939449  0.57161586 -0.43888906]
 [ 0.28177175  0.68687691 -0.66992894  0.91639334]
 [-0.87457293 -0.10330379 -0.47376209  3.29349501]
 [ 0.          0.          0.          1.        ]]","[[-0.38846606  0.70515648  0.59316816 -0.48982532]
 [ 0.29386193  0.70491656 -0.64555233  0.93259664]
 [-0.87334947 -0.07646563 -0.4810548   3.33668122]
 [ 0.          0.          0.          1.        ]]"
sun3d-hotel_uc-scan3,23,33,1.0,30,0.4841445842506441,0.49226780654250163,0.024574355006120506,0.024266242373333916,"[[-0.80218687  0.37127271 -0.46760324  1.35340091]
 [ 0.59667086  0.5272211  -0.60499735  0.65278011]
 [ 0.02191129 -0.76432616 -0.64445746  4.17348132]
 [ 0.          0.          0.          1.        ]]","[[-8.09896917e-01  3.82183819e-01 -4.44974732e-01  1.31053325e+00]
 [ 5.86572004e-01  5.28361205e-01 -6.13814076e-01  6.60643037e-01]
 [ 5.17577785e-04 -7.58135849e-01 -6.52096440e-01  4.22481924e+00]
 [ 0.00000000e+00  0.00000000e+00  0.00000000e+00  1.00000000e+00]]"
sun3d-hotel_uc-scan3,23,39,2.0,30,0.5553685485517912,0.5778399047907439,0.024467275799647116,0.023763082929617114,"[[-0.1695137   0.55128936  0.81691196 -1.87080864]
 [-0.92994546 -0.36391338  0.05261654 -0.29963741]
 [ 0.32629213 -0.75076434  0.57435734  2.05964441]
 [ 0.          0.          0.          1.        ]]","[[-0.205267    0.54566206  0.81247669 -1.84042053]
 [-0.91680586 -0.39775159  0.03550621 -0.30182191]
 [ 0.34253829 -0.73759514  0.58191145  2.07501485]
 [ 0.          0.          0.          1.        ]]"
sun3d-hotel_uc-scan3,23,40,1.0,30,0.5072835291401913,0.536083538859663,0.024003985109022106,0.02301688540476461,"[[ 0.75785224 -0.05124675 -0.65041045  1.375771  ]
 [-0.12428487  0.96731498 -0.22103168 -0.04383849]
 [ 0.64047893  0.24834553  0.72671262  1.88138265]
 [ 0.          0.          0.          1.        ]]","[[ 0.81375775 -0.04156202 -0.57971625  1.27399247]
 [-0.13170049  0.95830826 -0.25357495 -0.0036845 ]
 [ 0.56608596  0.28269749  0.77435703  1.79072427]
 [ 0.          0.          0.          1.        ]]"
sun3d-hotel_uc-scan3,23,47,0.0,30,0.49494763587797447,0.5550124598921772,0.02006550428553058,0.019717533347496402,"[[1. 0. 0. 0.]
 [0. 1. 0. 0.]
 [0. 0. 1. 0.]
 [0. 0. 0. 1.]]","[[ 0.9947888   0.01444706  0.10092829 -0.28397113]
 [-0.01094094  0.99932017 -0.03520633  0.12041884]
 [-0.10136831  0.03391861  0.99427058 -0.00609751]
 [ 0.          0.          0.          1.        ]]"
sun3d-hotel_uc-scan3,23,48,0.0,30,0.5454297901109658,0.5760363579170257,0.019166449952543706,0.018977570901624195,"[[1. 0. 0. 0.]
 [0. 1. 0. 0.]
 [0. 0. 1. 0.]
 [0. 0. 0. 1.]]","[[ 0.99838126 -0.03217712 -0.04689873  0.14323023]
 [ 0.03194147  0.99947311 -0.00576563  0.02253473]
 [ 0.04705954  0.00425828  0.99888301 -0.01412031]
 [ 0.          0.          0.          1.        ]]"
sun3d-hotel_uc-scan3,25,32,0.0,30,0.5577820835885028,0.6249811760217655,0.022394699406752493,0.017622763959670357,"[[1. 0. 0. 0.]
 [0. 1. 0. 0.]
 [0. 0. 1. 0.]
 [0. 0. 0. 1.]]","[[ 0.99937474  0.03294229 -0.01284234  0.00679965]
 [-0.03307889  0.99939682 -0.0105731   0.06502454]
 [ 0.0124863   0.0109913   0.99986163  0.05813202]
 [ 0.          0.          0.          1.        ]]"
sun3d-hotel_uc-scan3,26,29,3.0,30,0.5098557354525441,0.5425728738934253,0.019865308261455827,0.01965351013351805,"[[1. 0. 0. 0.]
 [0. 1. 0. 0.]
 [0. 0. 1. 0.]
 [0. 0. 0. 1.]]","[[ 0.99879909  0.03103285  0.03791225 -0.10285671]
 [-0.03022716  0.99930871 -0.02164317  0.08726282]
 [-0.03855769  0.0204712   0.99904666  0.03994961]
 [ 0.          0.          0.          1.        ]]"
sun3d-hotel_uc-scan3,26,35,0.0,30,0.3858647077215578,0.43994782603203075,0.0227659188106224,0.019836872480498535,"[[1. 0. 0. 0.]
 [0. 1. 0. 0.]
 [0. 0. 1. 0.]
 [0. 0. 0. 1.]]","[[ 0.99982515  0.01285334  0.01358174 -0.02707297]
 [-0.01123641  0.99352371 -0.113068    0.35270111]
 [-0.01494708  0.11289562  0.99349442  0.08634805]
 [ 0.          0.          0.          1.        ]]"
sun3d-hotel_uc-scan3,26,41,1.0,30,0.4966039733511791,0.5595653085889509,0.023490798109582055,0.0225856988498608,"[[ 0.41482581 -0.85651542 -0.3070845   0.8271704 ]
 [ 0.75125056  0.1319897   0.64668487 -1.03581946]
 [-0.51336357 -0.49895898  0.69821042  1.21886901]
 [ 0.          0.          0.          1.        ]]","[[ 0.34846159 -0.83366747 -0.42845429  1.01307669]
 [ 0.84398337  0.08021223  0.5303377  -0.81968946]
 [-0.40775801 -0.54641061  0.73155236  1.19801494]
 [ 0.          0.          0.          1.        ]]"
sun3d-hotel_uc-scan3,26,47,2.0,30,0.5344283922667231,0.5672296692020783,0.023096437697947843,0.02206975250869711,"[[-0.79096275 -0.60247382 -0.10678588  0.40970799]
 [ 0.29832651 -0.53210616  0.79237891 -2.5959964 ]
 [-0.53420897  0.59488514  0.60061006  0.95958703]
 [ 0.          0.          0.          1.        ]]","[[-0.79447878 -0.60376248 -0.06537849  0.26417771]
 [ 0.34447861 -0.53669925  0.77025217 -2.48271123]
 [-0.50013794  0.58942751  0.63437942  0.86539496]
 [ 0.          0.          0.          1.        ]]"
sun3d-hotel_uc-scan3,26,50,0.0,30,0.38826133995460865,0.42184092979926474,0.023405125685390517,0.02202470606231289,"[[1. 0. 0. 0.]
 [0. 1. 0. 0.]
 [0. 0. 1. 0.]
 [0. 0. 0. 1.]]","[[ 0.99751595  0.05596635  0.04277507 -0.08233038]
 [-0.05707134  0.99805548  0.02506249 -0.08050305]
 [-0.04128924 -0.02744147  0.99877033 -0.04662804]
 [ 0.          0.          0.          1.        ]]"
sun3d-hotel_uc-scan3,27,38,2.0,30,0.541893220731143,0.6424543035631652,0.02424836493242889,0.02083266437939388,"[[ 0.6978966  -0.16003533 -0.69808956  0.95637969]
 [ 0.70364978 -0.02844928  0.70997721 -1.19149261]
 [-0.13348158 -0.98670124  0.09275417  2.55854493]
 [ 0.          0.          0.          1.        ]]","[[ 0.63333134 -0.12158405 -0.76427006  1.10158484]
 [ 0.77358904  0.12657813  0.62091704 -1.07068175]
 [ 0.02124626 -0.98447717  0.17422199  2.41169417]
 [ 0.          0.          0.          1.        ]]"
sun3d-hotel_uc-scan3,28,31,1.0,30,0.5292822400420665,0.6083377152622584,0.0228530074859885,0.02190660652418819,"[[-0.18767844 -0.95802825 -0.21669952  0.43774061]
 [ 0.77331355 -0.28014567  0.56877461 -0.69414115]
 [-0.60560958 -0.06082994  0.79343352  0.826363  ]
 [ 0.          0.          0.          1.        ]]","[[-0.16008129 -0.93976823 -0.30200935  0.52378585]
 [ 0.82462266 -0.29548601  0.48237484 -0.65367715]
 [-0.54256009 -0.17182457  0.82225596  0.79587657]
 [ 0.          0.          0.          1.        ]]"
sun3d-hotel_uc-scan3,28,33,1.0,30,0.32072667084478296,0.36345058841804734,0.020946898780789085,0.019620945170097586,"[[1. 0. 0. 0.]
 [0. 1. 0. 0.]
 [0. 0. 1. 0.]
 [0. 0. 0. 1.]]","[[ 0.99957191 -0.02583637 -0.01372869  0.04907954]
 [ 0.02554437  0.99945236 -0.02103505  0.0710585 ]
 [ 0.01426464  0.02067535  0.99968448 -0.07668499]
 [ 0.          0.          0.          1.        ]]"
sun3d-hotel_uc-scan3,28,35,1.0,30,0.22992075999658912,0.2466293784918186,0.024606327467910142,0.024001951881309304,"[[-0.96039456 -0.21504055  0.17720002 -1.07234743]
 [ 0.1175197  -0.88920593 -0.442156    1.25265075]
 [ 0.25264878 -0.40381973  0.87926004 -0.53980656]
 [ 0.          0.          0.          1.        ]]","[[-0.9716914  -0.15476603  0.17850296 -1.10790088]
 [ 0.08084111 -0.9277573  -0.36432281  1.0030162 ]
 [ 0.22199222 -0.33957896  0.91400524 -0.70112877]
 [ 0.          0.          0.          1.        ]]"
sun3d-hotel_uc-scan3,28,38,4.0,30,0.5489356779268857,0.5704173415085608,0.023388832062250127,0.023132228430539106,"[[-0.41940484  0.20534525  0.88426971 -1.67281138]
 [-0.19209754  0.93194699 -0.30752781  0.26618075]
 [-0.88724186 -0.29884468 -0.35141676  2.3389256 ]
 [ 0.          0.          0.          1.        ]]","[[-0.46720247  0.21229744  0.85828413 -1.65016547]
 [-0.18069136  0.92732993 -0.32773438  0.29431199]
 [-0.86548974 -0.30820284 -0.39489052  2.38116371]
 [ 0.          0.          0.          1.        ]]"
sun3d-hotel_uc-scan3,28,41,4.0,30,0.5611384679924488,0.6189358450612783,0.023293591521738988,0.022739186289894228,"[[ 0.57288346  0.23925593 -0.7839395   1.66266596]
 [ 0.81347497 -0.04891155  0.57953959 -0.8544928 ]
 [ 0.10031459 -0.96972381 -0.22264933  2.31590087]
 [ 0.          0.          0.          1.        ]]","[[ 0.53525708  0.29928801 -0.78989021  1.7064606 ]
 [ 0.83109444 -0.01950189  0.55578927 -0.78145578]
 [ 0.15093671 -0.9539635  -0.25917513  2.35087922]
 [ 0.          0.          0.          1.        ]]"
sun3d-hotel_uc-scan3,28,44,1.0,30,0.4033733822178256,0.431224626981774,0.02285592106337463,0.02232507333097317,"[[ 0.00787839  0.7763939  -0.63019873  2.17069602]
 [-0.93343988  0.23174309  0.27383413 -1.2142541 ]
 [ 0.35864735  0.58609526  0.72654279  0.24011673]
 [ 0.          0.          0.          1.        ]]","[[-0.02358969  0.74459007 -0.66710505  2.23343527]
 [-0.91598843  0.25123342  0.31280499 -1.32970509]
 [ 0.40051057  0.61843949  0.67610937  0.3813654 ]
 [ 0.          0.          0.          1.        ]]"
sun3d-hotel_uc-scan3,28,47,2.0,30,0.42827499714969786,0.4620926103881297,0.022382395778702352,0.021800812649991057,"[[-0.88224701 -0.27439267  0.38255571 -1.17790345]
 [ 0.46919023 -0.57932856  0.66651253 -1.71082599]
 [ 0.03873929  0.76752009  0.63985325 -0.00619344]
 [ 0.          0.          0.          1.        ]]","[[-0.89609073 -0.2590238   0.36045539 -1.12085395]
 [ 0.43521556 -0.67230962  0.5988215  -1.52991638]
 [ 0.0872286   0.69347419  0.7151816  -0.18306423]
 [ 0.          0.          0.          1.        ]]"
sun3d-hotel_uc-scan3,29,38,0.0,30,0.5526665895418787,0.5818197593706618,0.024123926352303426,0.022941688996454025,"[[1. 0. 0. 0.]
 [0. 1. 0. 0.]
 [0. 0. 1. 0.]
 [0. 0. 0. 1.]]","[[ 0.99979364 -0.00852239  0.01844022 -0.08356811]
 [ 0.00898507  0.99964318 -0.0251552   0.03818565]
 [-0.01821926  0.02531569  0.99951347 -0.04332   ]
 [ 0.          0.          0.          1.        ]]"
sun3d-hotel_uc-scan3,31,34,3.0,30,0.1650527298387545,0.18253525509240223,0.023143703085241853,0.022031920818439757,"[[-0.87758471 -0.46071641  0.13261018  0.7889604 ]
 [ 0.47699231 -0.81126119  0.33813253 -0.5352279 ]
 [-0.04820171  0.35999398  0.93170861 -0.35016307]
 [ 0.          0.          0.          1.        ]]","[[-0.91123544 -0.41057358  0.03285269  0.9703983 ]
 [ 0.39975554 -0.86236643  0.31067611 -0.391307  ]
 [-0.09922435  0.29623213  0.94994792 -0.36643531]
 [ 0.          0.          0.          1.        ]]"
sun3d-hotel_uc-scan3,31,35,1.0,30,0.19779366016808103,0.2314493435617892,0.024218148153269344,0.02191578259823072,"[[ 0.96161501  0.2114825  -0.17484773  1.68870529]
 [-0.27386884  0.77938879 -0.56351484  1.78336482]
 [ 0.01710084  0.58976967  0.80739043 -1.07207261]
 [ 0.          0.          0.          1.        ]]","[[ 0.94542909  0.23401281 -0.22671976  1.85229533]
 [-0.32171275  0.78068093 -0.53575946  1.73509795]
 [ 0.05162121  0.57946121  0.81336336 -1.03653949]
 [ 0.          0.          0.          1.        ]]"
sun3d-hotel_uc-scan3,31,38,4.0,30,0.4454607242017584,0.4744692850532161,0.024513793598350275,0.02418258602930927,"[[ 0.75141319  0.14411981  0.64390037 -0.87960676]
 [-0.56822288 -0.35471877  0.74249401 -1.08843352]
 [ 0.33541165 -0.92379872 -0.18464819  1.69304545]
 [ 0.          0.          0.          1.        ]]","[[ 0.77378837  0.22024895  0.59392084 -0.78524795]
 [-0.54576483 -0.244138    0.8015843  -1.21047334]
 [ 0.32154675 -0.94439771 -0.06870701  1.49431987]
 [ 0.          0.          0.          1.        ]]"
sun3d-hotel_uc-scan3,31,43,1.0,30,0.23180075545100878,0.2487927485750475,0.02440446094593344,0.023771339834738517,"[[ 0.55146754 -0.80616026 -0.21445089  1.033041  ]
 [ 0.51937733  0.53297846 -0.66796793  2.2571823 ]
 [ 0.65278691  0.2569817   0.71262168  0.38204753]
 [ 0.          0.          0.          1.        ]]","[[ 0.58162417 -0.77948279 -0.23263687  1.04843025]
 [ 0.50552196  0.57040971 -0.64736413  2.19915797]
 [ 0.63730752  0.25891958  0.72580974  0.33812339]
 [ 0.          0.          0.          1.        ]]"
sun3d-hotel_uc-scan3,31,49,1.0,30,0.13501968789353386,0.15626013107885095,0.027336892365081612,0.026390679531185623,"[[-0.76842105  0.63308382  0.09345568  0.41297998]
 [-0.5752564  -0.61935856 -0.53429865  1.4137256 ]
 [-0.28037326 -0.46432731  0.84011367 -1.49797466]
 [ 0.          0.          0.          1.        ]]","[[-0.80467105  0.59338014  0.02011224  0.61122732]
 [-0.53753615 -0.71372145 -0.44906189  1.12929227]
 [-0.25210988 -0.37215816  0.89327427 -1.65462081]
 [ 0.          0.          0.          1.        ]]"
sun3d-hotel_uc-scan3,32,53,2.0,30,0.31701422792030853,0.3324512620223489,0.023103164625078842,0.0223161334451816,"[[ 0.3583413   0.33261332 -0.87233015  2.57425388]
 [ 0.56648949 -0.82017459 -0.08002063  0.49406902]
 [-0.74207895 -0.46549117 -0.48232438  2.93099901]
 [ 0.          0.          0.          1.        ]]","[[ 0.40273302  0.30746561 -0.86213167  2.55532454]
 [ 0.59322251 -0.80497684 -0.00996646  0.29855801]
 [-0.69706038 -0.50742209 -0.50658627  3.01755572]
 [ 0.          0.          0.          1.        ]]"
sun3d-hotel_uc-scan3,34,46,3.0,30,0.561531693508282,0.6905270137587187,0.025147063421672135,0.02169861770177912,"[[ 0.98763404  0.08428796 -0.13219133  0.6481651 ]
 [-0.08591465  0.99628037 -0.00664028 -0.40250516]
 [ 0.13113993  0.01791533  0.99120198  0.26496333]
 [ 0.          0.          0.          1.        ]]","[[ 0.98774472  0.0792755  -0.13444614  0.68615996]
 [-0.08536631  0.9955403  -0.0401511  -0.38886762]
 [ 0.13066355  0.05113621  0.99010713  0.20637863]
 [ 0.          0.          0.          1.        ]]"
sun3d-hotel_uc-scan3,35,39,1.0,30,0.5594107166749999,0.5867340830827518,0.023687096607453818,0.022817786027617,"[[-0.68016394  0.64181001  0.354199   -1.49604803]
 [-0.68992345 -0.72375832 -0.01339844 -0.26348087]
 [ 0.24775522 -0.25348334  0.93507409  1.65562621]
 [ 0.          0.          0.          1.        ]]","[[-0.70046148  0.56858107  0.43135749 -1.60538165]
 [-0.62751765 -0.77856858  0.00725017 -0.30915937]
 [ 0.3399637  -0.26560597  0.90215196  1.71041468]
 [ 0.          0.          0.          1.        ]]"
sun3d-hotel_uc-scan3,35,46,0.0,30,0.5682848144039376,0.742769340627112,0.025305356308086866,0.020179093258728797,"[[1. 0. 0. 0.]
 [0. 1. 0. 0.]
 [0. 0. 1. 0.]
 [0. 0. 0. 1.]]","[[ 0.99990523 -0.0074627  -0.01156899  0.01317318]
 [ 0.00693215  0.99895207 -0.04524061  0.23141648]
 [ 0.01189449  0.04515613  0.99890913  0.04590586]
 [ 0.          0.          0.          1.        ]]"
sun3d-hotel_uc-scan3,35,53,0.0,30,0.713108271501864,0.7433785689690143,0.02153784189719122,0.020275142261582273,"[[1. 0. 0. 0.]
 [0. 1. 0. 0.]
 [0. 0. 1. 0.]
 [0. 0. 0. 1.]]","[[ 0.99938168 -0.02586086  0.02382175 -0.09011546]
 [ 0.02639488  0.99940098 -0.02238268  0.06177512]
 [-0.02322865  0.02299761  0.99946563  0.02528476]
 [ 0.          0.          0.          1.        ]]"
sun3d-hotel_uc-scan3,36,44,0.0,30,0.4421708002242659,0.4849779990430538,0.022537584353476425,0.022075903125446515,"[[1. 0. 0. 0.]
 [0. 1. 0. 0.]
 [0. 0. 1. 0.]
 [0. 0. 0. 1.]]","[[ 0.99626919 -0.07620515 -0.04050269  0.09336215]
 [ 0.0773825   0.99659861  0.02834022 -0.01999475]
 [ 0.03820525 -0.03136869  0.99877743 -0.03163822]
 [ 0.          0.          0.          1.        ]]"
sun3d-hotel_uc-scan3,37,47,1.0,30,0.2561884131146473,0.266890890434386,0.025102123904909533,0.024953999323093192,"[[-0.04387644 -0.75948008  0.6490492  -1.56165183]
 [-0.9950241   0.09139303  0.03967814  0.3686601 ]
 [-0.08945333 -0.64407866 -0.75971099  3.75899593]
 [ 0.          0.          0.          1.        ]]","[[-0.0265138  -0.72922266  0.68376262 -1.66945842]
 [-0.99625942  0.07555113  0.04194287  0.34490069]
 [-0.08224473 -0.68009289 -0.72849809  3.66372945]
 [ 0.          0.          0.          1.        ]]"
sun3d-hotel_uc-scan3,37,49,1.0,30,0.2299695843630718,0.23870002883539226,0.024393566193694965,0.02345627635759345,"[[-0.19782061  0.70896438 -0.67693169  2.01924351]
 [ 0.24778577 -0.63198443 -0.73430095  2.11383164]
 [-0.94840351 -0.3129939  -0.05065174  1.15400037]
 [ 0.          0.          0.          1.        ]]","[[-0.19826805  0.69920749 -0.68687602  2.08148168]
 [ 0.27646439 -0.63243844 -0.72359455  2.13055716]
 [-0.94034952 -0.33336244 -0.06791363  1.17664684]
 [ 0.          0.          0.          1.        ]]"
sun3d-hotel_uc-scan3,37,50,1.0,30,0.21459761092213506,0.22371856610790378,0.024447360191923964,0.022467006079287317,"[[-0.13378722 -0.70824142 -0.69317751  1.64234922]
 [-0.91929281 -0.17255311  0.35373174 -1.04017347]
 [-0.37013741  0.68455789 -0.62799585  2.81600978]
 [ 0.          0.          0.          1.        ]]","[[-0.11985298 -0.67803002 -0.72519691  1.69839599]
 [-0.93594816 -0.16645492  0.31031242 -1.00603405]
 [-0.33111373  0.71593858 -0.61465083  2.80329345]
 [ 0.          0.          0.          1.        ]]"
sun3d-hotel_uc-scan3,38,40,4.0,30,0.41743916218153543,0.42954597917603177,0.02271269186392421,0.022681307446200005,"[[ 0.58436453  0.78385711  0.20996699 -0.56337407]
 [ 0.66055302 -0.60976837  0.43800942 -0.57826981]
 [ 0.47136802 -0.11726284 -0.87410618  3.08349619]
 [ 0.          0.          0.          1.        ]]","[[ 0.55286279  0.80209097  0.22581589 -0.61023756]
 [ 0.6892147  -0.59248017  0.41707354 -0.51673743]
 [ 0.46832236 -0.07494881 -0.88037313  3.0811263 ]
 [ 0.          0.          0.          1.        ]]"
sun3d-hotel_uc-scan3,38,41,4.0,30,0.3793711357711478,0.4185103428988084,0.02213132283256892,0.022169746973480137,"[[ 0.95045127 -0.09556608 -0.29582005  0.57713299]
 [ 0.11378085  0.99248884  0.04494246 -0.05755886]
 [ 0.28930312 -0.07637427  0.95418587  0.21356836]
 [ 0.          0.          0.          1.        ]]","[[ 0.97393588 -0.06086437 -0.21850499  0.45965262]
 [ 0.06769017  0.9974205   0.02388279 -0.01073647]
 [ 0.21648774 -0.03805095  0.97554353  0.13436171]
 [ 0.          0.          0.          1.        ]]"
sun3d-hotel_uc-scan3,38,44,1.0,30,0.29523258783504125,0.34790572611964177,0.023217198567122403,0.02277606455536106,"[[ 0.91086163  0.39936587 -0.10410571  0.49121225]
 [-0.32657463  0.85168288  0.40986008 -0.9410588 ]
 [ 0.25234918 -0.33932754  0.90618801 -1.26553532]
 [ 0.          0.          0.          1.        ]]","[[ 0.88725311  0.45662264 -0.06540405  0.43189896]
 [-0.40206732  0.83504145  0.37556311 -0.95292539]
 [ 0.22610571 -0.3069227   0.92448616 -1.33009847]
 [ 0.          0.          0.          1.        ]]"
sun3d-hotel_uc-scan3,38,45,1.0,30,0.1941620415375701,0.20330854359912462,0.024101916236977116,0.02272340990011314,"[[ 0.24314161 -0.42234157  0.87321804 -2.01244921]
 [-0.94320979 -0.31302116  0.11123418 -0.85899038]
 [ 0.22635691 -0.85067347 -0.47446518  3.06394115]
 [ 0.          0.          0.          1.        ]]","[[ 0.23727486 -0.46982019  0.85027621 -1.9388417 ]
 [-0.94843954 -0.301382    0.0981393  -0.82513537]
 [ 0.21015012 -0.82972157 -0.51710642  3.09857862]
 [ 0.          0.          0.          1.        ]]"
sun3d-hotel_uc-scan3,40,48,2.0,30,0.28800174653217114,0.3031829609823774,0.025207246607663557,0.02503814301194612,"[[ 0.24646579 -0.91191041 -0.3281372   0.62605801]
 [-0.60588457 -0.40924175  0.6822207  -1.79023144]
 [-0.7564116   0.0306692  -0.65337653  3.80829657]
 [ 0.          0.          0.          1.        ]]","[[ 2.59935009e-01 -9.15605840e-01 -3.06756803e-01  5.09267934e-01]
 [-5.91784365e-01 -4.02077032e-01  6.98659663e-01 -1.84114471e+00]
 [-7.63036733e-01 -7.22262940e-05 -6.46355118e-01  3.80047297e+00]
 [ 0.00000000e+00  0.00000000e+00  0.00000000e+00  1.00000000e+00]]"
sun3d-hotel_uc-scan3,44,47,0.0,30,0.38999951137677735,0.4256054856100461,0.02357707198786609,0.023027758419507716,"[[1. 0. 0. 0.]
 [0. 1. 0. 0.]
 [0. 0. 1. 0.]
 [0. 0. 0. 1.]]","[[ 0.99614284  0.024769   -0.08417803  0.22314153]
 [-0.027055    0.9992925  -0.02612521  0.06392429]
 [ 0.08347138  0.02830188  0.99610819  0.04915384]
 [ 0.          0.          0.          1.        ]]"
sun3d-hotel_uc-scan3,45,49,0.0,30,0.35984940431292756,0.38422101269245995,0.022632771873296584,0.022825380918329058,"[[1. 0. 0. 0.]
 [0. 1. 0. 0.]
 [0. 0. 1. 0.]
 [0. 0. 0. 1.]]","[[ 0.99918676  0.01265342  0.03828466 -0.0822119 ]
 [-0.01421643  0.99906484  0.040833   -0.12498571]
 [-0.03773218 -0.04134407  0.99843225 -0.00105053]
 [ 0.          0.          0.          1.        ]]"
sun3d-hotel_uc-scan3,47,49,0.0,30,0.36534604914397983,0.38213085403263775,0.023140067401375666,0.022568647503878485,"[[1. 0. 0. 0.]
 [0. 1. 0. 0.]
 [0. 0. 1. 0.]
 [0. 0. 0. 1.]]","[[ 0.99881668  0.01486804  0.04630522 -0.15345893]
 [-0.01287723  0.99899214 -0.04299867  0.13302562]
 [-0.04689785  0.04235151  0.99800147  0.01712541]
 [ 0.          0.          0.          1.        ]]"
sun3d-hotel_uc-scan3,48,52,3.0,30,0.5479893609658186,0.7380424572609431,0.022523726286025097,0.018387280514396333,"[[ 0.98759062 -0.10953454 -0.11254753  0.37658365]
 [ 0.10285867  0.9926658  -0.06351929 -0.31249988]
 [ 0.11867964  0.05115456  0.99161401 -0.2927661 ]
 [ 0.          0.          0.          1.        ]]","[[ 9.99277112e-01 -3.78576414e-02  3.47170100e-03  2.74068791e-03]
 [ 3.80043224e-02  9.92472528e-01 -1.16421447e-01 -7.99576810e-02]
 [ 9.61873545e-04  1.16469227e-01  9.93193835e-01 -2.79197287e-01]
 [ 0.00000000e+00  0.00000000e+00  0.00000000e+00  1.00000000e+00]]"
sun3d-hotel_uc-scan3,48,54,1.0,30,0.38817015135150434,0.4277012399598157,0.022469787261331517,0.02021826850931015,"[[ 0.85812747 -0.45353638  0.24066988 -0.32786348]
 [-0.43976316 -0.89117885 -0.11139399  0.59985319]
 [ 0.26500114 -0.0102475  -0.96419365  4.74166351]
 [ 0.          0.          0.          1.        ]]","[[ 0.89128012 -0.36289081  0.27190074 -0.4255177 ]
 [-0.3672448  -0.92940359 -0.03660905  0.45964926]
 [ 0.26599061 -0.06722521 -0.96162871  4.74950022]
 [ 0.          0.          0.          1.        ]]"
7-scenes-redkitchen,0,55,0.0,30,0.4544664077444786,0.5449573255770339,0.025153650188598817,0.023485572825230932,"[[1. 0. 0. 0.]
 [0. 1. 0. 0.]
 [0. 0. 1. 0.]
 [0. 0. 0. 1.]]","[[ 0.99942441  0.01795921 -0.02878053  0.10700777]
 [-0.01952973  0.9982815  -0.05525071  0.10906098]
 [ 0.02773881  0.05578098  0.99805763 -0.04809675]
 [ 0.          0.          0.          1.        ]]"
7-scenes-redkitchen,1,43,674.0,30,0.47760203276583474,0.505781085919179,0.022144281651859967,0.021198342251518093,"[[-0.91949386 -0.38043231 -0.0990066   0.6175084 ]
 [ 0.37209608 -0.92353041  0.09293062 -0.77631435]
 [-0.12678941  0.04860917  0.9907379   0.55315169]
 [ 0.          0.          0.          1.        ]]","[[-0.92112176 -0.37695346 -0.09716373  0.58762762]
 [ 0.35268783 -0.91377762  0.20154839 -0.99870488]
 [-0.1647604   0.15138214  0.97464735  0.58174744]
 [ 0.          0.          0.          1.        ]]"
7-scenes-redkitchen,1,45,1.0,30,0.5201838387000384,0.5539065723758164,0.0246818756195995,0.02439680950162595,"[[ 0.93578622  0.34909911  0.04933526  0.19899649]
 [-0.34411678  0.87391454  0.34330311 -1.21325758]
 [ 0.07673201 -0.33823541  0.93792804  1.11046165]
 [ 0.          0.          0.          1.        ]]","[[ 0.91005692  0.41102928  0.05339794  0.15990276]
 [-0.40372157  0.84987472  0.33870614 -1.19532043]
 [ 0.09383658 -0.32979977  0.93937576  1.081641  ]
 [ 0.          0.          0.          1.        ]]"
7-scenes-redkitchen,1,50,1.0,30,0.4378496998939092,0.5237541600662704,0.024439088911382557,0.023518331066618672,"[[-0.07361112 -0.52508271  0.84786175 -1.55757798]
 [ 0.99316091 -0.11585241  0.0144783  -0.2248056 ]
 [ 0.09062452  0.84312892  0.53001965  1.02282079]
 [ 0.          0.          0.          1.        ]]","[[ 0.06896886 -0.63793368  0.76699668 -1.49034559]
 [ 0.99694617  0.07230097 -0.02951123 -0.15368961]
 [-0.03662839  0.76668976  0.64097205  0.93073853]
 [ 0.          0.          0.          1.        ]]"
7-scenes-redkitchen,1,51,2.0,30,0.5288328498103102,0.7664583798259317,0.024262578450957622,0.02330072003245507,"[[ 0.14760444 -0.79815574  0.58408933 -1.38013145]
 [-0.93796353  0.07437409  0.33866342 -0.46029619]
 [-0.31374726 -0.59784271 -0.73766303  2.40954588]
 [ 0.          0.          0.          1.        ]]","[[ 0.10011034 -0.61521032  0.78198094 -1.64932374]
 [-0.94930483  0.17632325  0.26025074 -0.41420229]
 [-0.29799036 -0.76839207 -0.56637035  2.27288684]
 [ 0.          0.          0.          1.        ]]"
7-scenes-redkitchen,2,13,2.0,30,0.7274705540590504,0.7972112185073681,0.0198287789924881,0.013973334340214869,"[[ 0.95741565 -0.258554    0.12847219  0.34649781]
 [ 0.27872427  0.94377522 -0.17776705 -0.08701572]
 [-0.07528649  0.20600527  0.97565044  0.28093596]
 [ 0.          0.          0.          1.        ]]","[[ 0.96653558 -0.23743241  0.09713298  0.35560023]
 [ 0.24738831  0.96287744 -0.10800955 -0.16814931]
 [-0.06788219  0.12842464  0.98939331  0.24899846]
 [ 0.          0.          0.          1.        ]]"
7-scenes-redkitchen,2,43,0.0,30,0.5456637774839626,0.6284924560229393,0.02342389688825238,0.020949390743786506,"[[1. 0. 0. 0.]
 [0. 1. 0. 0.]
 [0. 0. 1. 0.]
 [0. 0. 0. 1.]]","[[ 0.99710776  0.06817705  0.03358568 -0.04750852]
 [-0.06946212  0.9968333   0.03870891 -0.07462086]
 [-0.03084026 -0.04092989  0.99868595  0.092088  ]
 [ 0.          0.          0.          1.        ]]"
7-scenes-redkitchen,2,51,3.0,30,0.6046195045748717,0.6641597857621067,0.021375283367662954,0.02077867035304281,"[[ 0.41686573 -0.90896644  0.00172219 -0.22210751]
 [ 0.88872358  0.40718294 -0.21064768  0.65549775]
 [ 0.19077042  0.08934235  0.97756053  0.80282649]
 [ 0.          0.          0.          1.        ]]","[[ 0.55511734 -0.82265063 -0.12284418 -0.09427549]
 [ 0.80239409  0.56854315 -0.18144534  0.61636067]
 [ 0.21910834  0.00215401  0.97569816  0.7886031 ]
 [ 0.          0.          0.          1.        ]]"
7-scenes-redkitchen,2,52,2.0,30,0.5431971410676786,0.6156406194353363,0.021366702229467592,0.02026060788616651,"[[ 0.79152465 -0.57503649 -0.20693421 -0.28580605]
 [ 0.20687285  0.57072302 -0.79465644  1.07835893]
 [ 0.57505857  0.58618109  0.57070077  1.37255493]
 [ 0.          0.          0.          1.        ]]","[[ 0.81134227 -0.45207525 -0.3706099  -0.07516363]
 [ 0.10647758  0.73766727 -0.66671547  0.97855377]
 [ 0.57479236  0.50147279  0.64663652  1.21682995]
 [ 0.          0.          0.          1.        ]]"
7-scenes-redkitchen,3,12,5.0,30,0.47042860092622635,0.5135120329362387,0.022792662259605637,0.022330657024626825,"[[ 0.9962225   0.01900622  0.08473191  1.16808098]
 [-0.02948069  0.99182694  0.12413788 -0.01994606]
 [-0.08168    -0.1261669   0.98864063 -0.27708018]
 [ 0.          0.          0.          1.        ]]","[[ 9.92404157e-01 -8.27959973e-04  1.23017495e-01  1.03749414e+00]
 [-1.32708287e-02  9.93421421e-01  1.13744298e-01  5.66314570e-02]
 [-1.22302391e-01 -1.14512859e-01  9.85864560e-01 -2.92270507e-01]
 [ 0.00000000e+00  0.00000000e+00  0.00000000e+00  1.00000000e+00]]"
7-scenes-redkitchen,3,44,2.0,30,0.5129629382660069,0.5332808769987863,0.024157179575422953,0.022871413453457886,"[[ 0.59059501  0.60893132  0.52952827 -0.7292218 ]
 [-0.63147173 -0.05982249  0.77308779 -1.50825374]
 [ 0.50243506 -0.79096392  0.34919205  1.27863489]
 [ 0.          0.          0.          1.        ]]","[[ 0.61379298  0.63217832  0.47287287 -0.60388073]
 [-0.63613522  0.04131863  0.77047048 -1.52553539]
 [ 0.46753627 -0.77372045  0.42751198  1.15727592]
 [ 0.          0.          0.          1.        ]]"
7-scenes-redkitchen,3,51,1.0,30,0.7717473778174515,0.8128765900468645,0.023283336595410733,0.021236433476188445,"[[ 0.2482125  -0.86729094 -0.43150548  0.21465001]
 [ 0.92571852  0.0811423   0.36940649 -0.4664969 ]
 [-0.28536956 -0.49114392  0.82300781  0.93846143]
 [ 0.          0.          0.          1.        ]]","[[ 0.25805066 -0.81448314 -0.5196413   0.27115517]
 [ 0.89184147 -0.00601325  0.45230811 -0.58699845]
 [-0.37152206 -0.58015607  0.72483812  1.0445411 ]
 [ 0.          0.          0.          1.        ]]"
7-scenes-redkitchen,4,9,1.0,30,0.46307711501689364,0.5262621864743819,0.022995599196222852,0.02160968610722155,"[[1. 0. 0. 0.]
 [0. 1. 0. 0.]
 [0. 0. 1. 0.]
 [0. 0. 0. 1.]]","[[ 9.98568364e-01  5.26369618e-02  9.51700764e-03  5.91394809e-02]
 [-5.30419779e-02  9.97388219e-01  4.90233442e-02 -1.15316295e-01]
 [-6.91171141e-03 -4.94579615e-02  9.98752291e-01 -6.85411719e-04]
 [ 0.00000000e+00  0.00000000e+00  0.00000000e+00  1.00000000e+00]]"
7-scenes-redkitchen,4,11,2.0,30,0.8340868873949452,0.9531127579314272,0.02080152362535623,0.012965283985711817,"[[ 0.9642798  -0.15371631 -0.21572151  0.83908133]
 [ 0.14040901  0.98718722 -0.07580703  0.39980947]
 [ 0.2246103   0.04280994  0.97350784  0.05747514]
 [ 0.          0.          0.          1.        ]]","[[ 0.97947743 -0.14509059 -0.1399024   0.64041911]
 [ 0.14796093  0.98893975  0.01028245  0.24414552]
 [ 0.13686316 -0.03077151  0.99011191 -0.03821717]
 [ 0.          0.          0.          1.        ]]"
7-scenes-redkitchen,4,24,0.0,30,0.4092769516060833,0.41593729877322483,0.02333989216296816,0.02233088898854551,"[[1. 0. 0. 0.]
 [0. 1. 0. 0.]
 [0. 0. 1. 0.]
 [0. 0. 0. 1.]]","[[ 0.9990178  -0.01303994  0.04234849 -0.09585373]
 [ 0.01179659  0.9994958   0.02947848 -0.07873384]
 [-0.04271154 -0.02894996  0.99866792  0.01055554]
 [ 0.          0.          0.          1.        ]]"
7-scenes-redkitchen,4,47,1.0,30,0.4614586036854399,0.6334265747709817,0.02415462174186907,0.022717107753141483,"[[-0.55966315 -0.80623804 -0.19172217  0.2680919 ]
 [-0.22471643  0.37032132 -0.90131273  1.06282286]
 [ 0.79767142 -0.4613484  -0.38843013  2.5416596 ]
 [ 0.          0.          0.          1.        ]]","[[-0.64259971 -0.74013986 -0.19813783  0.30984997]
 [-0.33000855  0.5007398  -0.80022122  1.03168275]
 [ 0.69149112 -0.44883475 -0.56602773  2.89975292]
 [ 0.          0.          0.          1.        ]]"
7-scenes-redkitchen,4,48,2.0,30,0.4564291110551498,0.5265676152102745,0.024616787358844316,0.023861948707483628,"[[-0.25506509  0.73932373 -0.6231711   0.72882743]
 [ 0.80687821  0.51788365  0.28415504 -0.79535055]
 [ 0.53281269 -0.43034514 -0.72863825  3.12192772]
 [ 0.          0.          0.          1.        ]]","[[-0.28875399  0.67823614 -0.67573432  0.81973135]
 [ 0.84315668  0.51450508  0.15611324 -0.56782248]
 [ 0.45355038 -0.52467158 -0.72042472  3.16347398]
 [ 0.          0.          0.          1.        ]]"
7-scenes-redkitchen,4,51,3.0,30,0.7878375362642267,0.8456148181209552,0.020070458407862923,0.018851335789932935,"[[ 0.71923758 -0.69328976  0.04523946 -0.85016847]
 [ 0.69388397  0.71352518 -0.09698896  0.30098076]
 [ 0.03496196  0.10114904  0.99425677  1.33000013]
 [ 0.          0.          0.          1.        ]]","[[ 0.64280037 -0.75048872  0.15353946 -0.92490745]
 [ 0.76378454  0.61255883 -0.20348181  0.37106528]
 [ 0.05865885  0.24806925  0.96696473  1.40482316]
 [ 0.          0.          0.          1.        ]]"
7-scenes-redkitchen,5,7,2.0,30,0.517625734063843,0.575100062333913,0.022571426423473744,0.020156574247545862,"[[-0.93984867 -0.03869885  0.33939193 -0.35244665]
 [-0.2715622  -0.51806732 -0.81108583  1.19082317]
 [ 0.20721596 -0.85446395  0.47639574  0.73301251]
 [ 0.          0.          0.          1.        ]]","[[-0.95210555 -0.06204071  0.29940937 -0.25876965]
 [-0.2271329  -0.51206074 -0.82837458  1.29051752]
 [ 0.20470873 -0.85670575  0.47344439  0.7218125 ]
 [ 0.          0.          0.          1.        ]]"
7-scenes-redkitchen,5,9,0.0,30,0.45133430595975566,0.6109672540617338,0.023816058308263673,0.020867723435735647,"[[1. 0. 0. 0.]
 [0. 1. 0. 0.]
 [0. 0. 1. 0.]
 [0. 0. 0. 1.]]","[[ 0.99424933  0.09771687 -0.04381419  0.16959799]
 [-0.09583303  0.99445885  0.04321603 -0.13600143]
 [ 0.04779435 -0.03876866  0.99810455  0.0764538 ]
 [ 0.          0.          0.          1.        ]]"
7-scenes-redkitchen,5,10,0.0,30,0.5611755072331908,0.6785697388772632,0.022979561283485352,0.021525439921506694,"[[1. 0. 0. 0.]
 [0. 1. 0. 0.]
 [0. 0. 1. 0.]
 [0. 0. 0. 1.]]","[[ 0.99450637  0.02171737 -0.10239846  0.26534064]
 [-0.02434027  0.99940506 -0.02443501  0.03934001]
 [ 0.10180687  0.02679318  0.9944433   0.01789891]
 [ 0.          0.          0.          1.        ]]"
7-scenes-redkitchen,5,15,2.0,30,0.5528129997544278,0.5698712842228837,0.024256700094880488,0.024086116592229163,"[[-0.89533295 -0.1004407  -0.43392463  1.30385579]
 [ 0.34250409 -0.77806164 -0.5266033   0.62621096]
 [-0.2847277  -0.62010624  0.73102557  0.97615568]
 [ 0.          0.          0.          1.        ]]","[[-0.91297119 -0.06553487 -0.4027267   1.24760108]
 [ 0.29325429 -0.7916652  -0.535974    0.63801206]
 [-0.28369972 -0.60743016  0.7419859   0.95129855]
 [ 0.          0.          0.          1.        ]]"
7-scenes-redkitchen,5,19,0.0,30,0.4149454629844512,0.5647042958484129,0.024649600803472876,0.021159183778571695,"[[1. 0. 0. 0.]
 [0. 1. 0. 0.]
 [0. 0. 1. 0.]
 [0. 0. 0. 1.]]","[[ 0.99098203 -0.02715229  0.13121496 -0.29625929]
 [ 0.03303807  0.99853344 -0.04288886  0.11636866]
 [-0.129858    0.04683717  0.99042576  0.02636099]
 [ 0.          0.          0.          1.        ]]"
7-scenes-redkitchen,5,49,3.0,30,0.6234980819833243,0.6510900463916981,0.02223568678814572,0.021490826412475374,"[[ 0.7517363   0.16017046  0.63971709 -0.66408276]
 [ 0.49935672 -0.7718599  -0.39354181  0.18123349]
 [ 0.4307382   0.61528669 -0.66021731  3.38216788]
 [ 0.          0.          0.          1.        ]]","[[ 0.75655243  0.15117524  0.63621889 -0.66816799]
 [ 0.44450538 -0.83246947 -0.33077114  0.06443583]
 [ 0.47962839  0.53304843 -0.69700501  3.39443292]
 [ 0.          0.          0.          1.        ]]"
7-scenes-redkitchen,5,51,1.0,30,0.4367105556795358,0.7724168712340995,0.02302353042704159,0.020216364442814615,"[[-0.68002294  0.3217471  -0.6588229   1.71039239]
 [ 0.06162491 -0.87030799 -0.48863727 -0.00906286]
 [-0.73059645 -0.37288445  0.57200176  2.30786505]
 [ 0.          0.          0.          1.        ]]","[[-0.77467393  0.56598171 -0.28203726  1.39365996]
 [-0.45640317 -0.80913387 -0.37013312  0.02946875]
 [-0.43769448 -0.15800978  0.88513076  1.89247446]
 [ 0.          0.          0.          1.        ]]"
7-scenes-redkitchen,6,8,2.0,30,0.4282938640682251,0.4613561106760776,0.023225745150371357,0.022539502851982272,"[[-0.8130699  -0.54144575 -0.21390146  0.48014616]
 [ 0.4393251  -0.3295755  -0.83568741  1.26380789]
 [ 0.38198272 -0.77344456  0.50583863  0.6000884 ]
 [ 0.          0.          0.          1.        ]]","[[-0.82053441 -0.54992684 -0.15589659  0.35466678]
 [ 0.42253214 -0.3998728  -0.81336851  1.17130266]
 [ 0.38495437 -0.73326817  0.56047116  0.49615079]
 [ 0.          0.          0.          1.        ]]"
7-scenes-redkitchen,6,21,2.0,30,0.40882145190413854,0.4362848264373552,0.022850974355068405,0.022355307030938836,"[[-0.95625159 -0.24443329  0.1607335  -0.33584334]
 [ 0.06651911 -0.7167126  -0.69418892  1.43337329]
 [ 0.28488261 -0.65312741  0.70161705  0.04036563]
 [ 0.          0.          0.          1.        ]]","[[-0.96495633 -0.21898819  0.14458025 -0.30851304]
 [ 0.04960205 -0.69325488 -0.71898352  1.47498607]
 [ 0.25767986 -0.68661622  0.67982296  0.10776858]
 [ 0.          0.          0.          1.        ]]"
7-scenes-redkitchen,6,49,2.0,30,0.45446956007143685,0.6487863128639212,0.02511443448844498,0.02077705401112623,"[[ 0.74149094 -0.02342018  0.67055401 -1.2241638 ]
 [-0.06900858  0.99142876  0.11093614 -0.49063353]
 [-0.66740468 -0.12853213  0.73351925  1.79420342]
 [ 0.          0.          0.          1.        ]]","[[ 0.81372065 -0.03291706  0.58032333 -1.08817271]
 [ 0.05150147  0.99855146 -0.01557481 -0.42964931]
 [-0.57897003  0.04256105  0.81423723  1.64354153]
 [ 0.          0.          0.          1.        ]]"
7-scenes-redkitchen,6,51,3.0,30,0.6494086141486275,0.7126087926802053,0.02244741356666339,0.020506954883576956,"[[ 0.66278132  0.65788891  0.35763544 -0.43579064]
 [-0.67143106  0.31068474  0.67279664 -1.39206848]
 [ 0.33151357 -0.68604459  0.64764309  1.7403175 ]
 [ 0.          0.          0.          1.        ]]","[[ 0.71883168  0.68294978  0.12984845 -0.1726402 ]
 [-0.64341319  0.58286095  0.49627873 -1.15689851]
 [ 0.26324985 -0.44028707  0.85839781  1.53234167]
 [ 0.          0.          0.          1.        ]]"
7-scenes-redkitchen,7,19,1.0,30,0.4390402237930667,0.5579459710348548,0.024878031201145682,0.021506123820730368,"[[1. 0. 0. 0.]
 [0. 1. 0. 0.]
 [0. 0. 1. 0.]
 [0. 0. 0. 1.]]","[[ 0.9985866   0.0091464   0.05235604 -0.10207171]
 [-0.01220663  0.99821674  0.05843242 -0.18407132]
 [-0.05172823 -0.05898892  0.9969175  -0.0944029 ]
 [ 0.          0.          0.          1.        ]]"
7-scenes-redkitchen,7,48,2.0,30,0.4869201712415009,0.6006849660035256,0.021910168909938122,0.021393495153175953,"[[ 0.69304322  0.71854752 -0.05814258  0.5850928 ]
 [ 0.21242295 -0.12647815  0.96895808 -2.12408329]
 [ 0.68888866 -0.68388065 -0.24029081  2.82544081]
 [ 0.          0.          0.          1.        ]]","[[ 0.73836545  0.66756617 -0.0957699   0.62924697]
 [ 0.31620716 -0.21725946  0.92347786 -2.03548409]
 [ 0.59567566 -0.71214727 -0.37150608  3.01529338]
 [ 0.          0.          0.          1.        ]]"
7-scenes-redkitchen,7,51,1.0,30,0.5818790448560589,0.7590493193483597,0.021997706534346118,0.019986965267921986,"[[-0.79155301 -0.45964643 -0.40270212  1.19568873]
 [-0.14095788 -0.50387762  0.85219611 -1.64180399]
 [-0.59462149  0.73132243  0.33405506  2.34364945]
 [ 0.          0.          0.          1.        ]]","[[-0.95771902 -0.15099064 -0.24490019  1.08373135]
 [-0.10973034 -0.59517736  0.79606731 -1.5612688 ]
 [-0.26595776  0.78928179  0.55344442  2.1077735 ]
 [ 0.          0.          0.          1.        ]]"
7-scenes-redkitchen,8,14,1.0,30,0.4971091541513012,0.5109410081315946,0.021721576979565713,0.021628621221675772,"[[-0.95828102 -0.26494382 -0.1072486   0.50694455]
 [ 0.21730259 -0.43155756 -0.87552136  0.39572489]
 [ 0.18568003 -0.8623009   0.4711264   1.25475726]
 [ 0.          0.          0.          1.        ]]","[[-0.95937846 -0.27513971 -0.0623788   0.4080886 ]
 [ 0.19410996 -0.48329725 -0.85366568  0.3819176 ]
 [ 0.20472983 -0.83109681  0.51707233  1.17069663]
 [ 0.          0.          0.          1.        ]]"
7-scenes-redkitchen,8,32,1.0,30,0.4649907984622352,0.5198531608004856,0.02370103787331313,0.021709266367953867,"[[-0.85733843  0.17595865 -0.48374515  0.87293148]
 [-0.37397879  0.43283428  0.82024042 -2.18040654]
 [ 0.35370989  0.88413406 -0.30528066  2.88700666]
 [ 0.          0.          0.          1.        ]]","[[-0.85828688  0.24883963 -0.44880116  0.82012979]
 [-0.34486688  0.36794286  0.86353048 -2.24614897]
 [ 0.38001378  0.89593353 -0.22998398  2.75194698]
 [ 0.          0.          0.          1.        ]]"
7-scenes-redkitchen,8,46,3.0,30,0.46897762104083585,0.609670083385518,0.02428122254423963,0.021611167348330067,"[[-0.517478    0.72178532 -0.45961121  1.02412265]
 [ 0.48939675  0.69024534  0.53296547 -2.0596202 ]
 [ 0.70193115  0.05086568 -0.71042617  3.06552024]
 [ 0.          0.          0.          1.        ]]","[[-0.57434669  0.6899338  -0.44058737  1.02857901]
 [ 0.46972818  0.71855106  0.51287407 -2.04914593]
 [ 0.67043368  0.08761122 -0.73677877  3.22158735]
 [ 0.          0.          0.          1.        ]]"
7-scenes-redkitchen,8,47,1.0,30,0.6668781420922609,0.6961867135757611,0.02112157929699426,0.021009730026444545,"[[-8.52485130e-01 -4.34490708e-01  2.90666352e-01 -2.10207430e-01]
 [ 4.53866176e-01 -8.91069454e-01 -8.50568024e-04 -1.22025388e+00]
 [ 2.59373472e-01  1.31198529e-01  9.56824095e-01  1.04750014e+00]
 [ 0.00000000e+00  0.00000000e+00  0.00000000e+00  1.00000000e+00]]","[[-0.83606599 -0.49673511  0.23291177 -0.13648061]
 [ 0.48736799 -0.86739966 -0.10045034 -1.08746315]
 [ 0.2519248   0.02953063  0.96729615  1.06098803]
 [ 0.          0.          0.          1.        ]]"
7-scenes-redkitchen,8,48,1.0,30,0.5503701838327877,0.5887383530596827,0.021488388947248284,0.021406838443643373,"[[-0.83715957  0.28757322 -0.46525853  1.0740915 ]
 [ 0.50577316  0.08317869 -0.85864708  0.15158276]
 [-0.20822431 -0.9541399  -0.21508066  2.63087103]
 [ 0.          0.          0.          1.        ]]","[[-0.84805797  0.23485701 -0.47501565  1.04779012]
 [ 0.49196292  0.01586251 -0.87047164  0.16226142]
 [-0.19690143 -0.97190049 -0.12899327  2.54402904]
 [ 0.          0.          0.          1.        ]]"
7-scenes-redkitchen,9,24,0.0,30,0.5359313293334402,0.5567635687300846,0.02149866791726805,0.019276966037767185,"[[1. 0. 0. 0.]
 [0. 1. 0. 0.]
 [0. 0. 1. 0.]
 [0. 0. 0. 1.]]","[[ 0.99790739 -0.06096585  0.02154069 -0.05036264]
 [ 0.05971267  0.99671657  0.05468532 -0.12497515]
 [-0.0248039  -0.05328464  0.99827126 -0.00380049]
 [ 0.          0.          0.          1.        ]]"
7-scenes-redkitchen,9,30,2.0,30,0.5714915128466747,0.6159389203227901,0.022313011409077835,0.020698195729776523,"[[ 0.69977267  0.3998129  -0.59200325  0.77372394]
 [ 0.66192565 -0.67454737  0.32686431 -1.41149424]
 [-0.26864967 -0.62059285 -0.73667623  3.5802195 ]
 [ 0.          0.          0.          1.        ]]","[[ 0.74868529  0.32450157 -0.57807359  0.73775469]
 [ 0.62716349 -0.62924749  0.45903546 -1.59700643]
 [-0.21479363 -0.70621974 -0.67462388  3.50218114]
 [ 0.          0.          0.          1.        ]]"
7-scenes-redkitchen,9,45,2.0,30,0.4863045860071999,0.5198352281620399,0.022128610233165653,0.022032896685753398,"[[ 8.57967927e-01  1.91643775e-01 -4.76616932e-01  1.29304257e+00]
 [ 4.85378609e-01  1.40004394e-03  8.74302949e-01 -1.42065784e+00]
 [ 1.68222003e-01 -9.81463552e-01 -9.18185963e-02  2.94491779e+00]
 [ 0.00000000e+00  0.00000000e+00  0.00000000e+00  1.00000000e+00]]","[[ 0.82839464  0.22588711 -0.51257909  1.32284397]
 [ 0.54154415 -0.08911025  0.83593618 -1.33577653]
 [ 0.14315116 -0.97006926 -0.1961463   3.09881005]
 [ 0.          0.          0.          1.        ]]"
7-scenes-redkitchen,9,48,4.0,30,0.5349383026945354,0.607746159657517,0.020803839081532306,0.020502786057188947,"[[ 0.8663057   0.26509765  0.4233647  -0.24907245]
 [ 0.33274571  0.32586609 -0.88492462  0.65591614]
 [-0.37255163  0.90748803  0.19408955  2.29817134]
 [ 0.          0.          0.          1.        ]]","[[ 0.87003415  0.24711359  0.42658581 -0.24882367]
 [ 0.25453402  0.51588298 -0.81797138  0.5859831 ]
 [-0.4222002   0.82024364  0.38593699  2.07016558]
 [ 0.          0.          0.          1.        ]]"
7-scenes-redkitchen,9,49,2.0,30,0.4892897526128354,0.6836487757452789,0.022542898598822612,0.02089287672707536,"[[ 0.82353304  0.25257575  0.50793584 -1.30847884]
 [ 0.44251939 -0.84626934 -0.29665602 -0.45645658]
 [ 0.35492241  0.4690775  -0.80870043  3.79289912]
 [ 0.          0.          0.          1.        ]]","[[ 0.83353273  0.29385833  0.46783594 -1.24624765]
 [ 0.33676891 -0.941548   -0.00860598 -0.88566817]
 [ 0.43796106  0.16472597 -0.88377342  3.75578899]
 [ 0.          0.          0.          1.        ]]"
7-scenes-redkitchen,9,52,2.0,30,0.5743285561654938,0.5979810632575618,0.02180041687847774,0.021369730261819403,"[[-0.59458552 -0.42302255 -0.68375433  0.90292413]
 [ 0.63881137 -0.76495485 -0.08224423 -0.44098564]
 [-0.48825002 -0.48569127  0.72506269  2.08597481]
 [ 0.          0.          0.          1.        ]]","[[-0.62802084 -0.35636481 -0.69180485  0.96815268]
 [ 0.5911564  -0.79660658 -0.1263015  -0.37983189]
 [-0.50608688 -0.48828484  0.71095287  2.11497121]
 [ 0.          0.          0.          1.        ]]"
7-scenes-redkitchen,10,28,0.0,30,0.4741665897128082,0.5444012769943142,0.024129225476382087,0.021770619877831823,"[[1. 0. 0. 0.]
 [0. 1. 0. 0.]
 [0. 0. 1. 0.]
 [0. 0. 0. 1.]]","[[ 0.99714739 -0.0531073   0.0536348  -0.15616508]
 [ 0.05004408  0.99712338  0.05692581 -0.13417343]
 [-0.05650369 -0.05407931  0.99693669 -0.07946356]
 [ 0.          0.          0.          1.        ]]"
7-scenes-redkitchen,10,45,1.0,30,0.6172683162822464,0.660133183454517,0.023043845313316373,0.02299539981962377,"[[-0.94449718  0.2980035  -0.13827145  0.67593433]
 [ 0.32126638  0.74989283 -0.57831536  0.56706137]
 [-0.06865123 -0.5906392  -0.80401017  3.77688541]
 [ 0.          0.          0.          1.        ]]","[[-9.63648418e-01  2.24568388e-01 -1.44743790e-01  6.72682469e-01]
 [ 2.67168148e-01  8.06505521e-01 -5.27418263e-01  5.10046010e-01]
 [-1.70480343e-03 -5.46916706e-01 -8.37185291e-01  3.81622120e+00]
 [ 0.00000000e+00  0.00000000e+00  0.00000000e+00  1.00000000e+00]]"
7-scenes-redkitchen,10,46,2.0,30,0.5581968293727959,0.657756830691144,0.024750603320160772,0.02344936878265905,"[[ 0.98970331  0.14159043  0.02096456  0.03601801]
 [ 0.12043503 -0.90291941  0.41259175 -1.31965762]
 [ 0.07734835 -0.40581855 -0.91067477  3.898425  ]
 [ 0.          0.          0.          1.        ]]","[[ 0.9964453   0.0837408  -0.00917796  0.05024554]
 [ 0.08332861 -0.96376969  0.25338572 -1.02206478]
 [ 0.01237329 -0.2532498  -0.96732179  4.01835277]
 [ 0.          0.          0.          1.        ]]"
7-scenes-redkitchen,10,50,2.0,30,0.5094391722013109,0.5804037262567396,0.023442846567419254,0.02164538014137423,"[[-0.65707771  0.29694939 -0.6928708   1.72717961]
 [ 0.71217566  0.5458208  -0.44145835 -0.10396251]
 [ 0.24709251 -0.78351816 -0.57012681  3.0577521 ]
 [ 0.          0.          0.          1.        ]]","[[-0.6220783   0.29758418 -0.72419766  1.71281925]
 [ 0.73114794  0.55166241 -0.40136177 -0.15294571]
 [ 0.28007371 -0.77917407 -0.56075528  2.96515639]
 [ 0.          0.          0.          1.        ]]"
7-scenes-redkitchen,11,30,2.0,30,0.5701639458306279,0.5842686207216399,0.022292068186988208,0.02181470516477695,"[[ 0.47100694  0.87143017  0.13697417 -0.67697464]
 [-0.80324095  0.35949872  0.47493646 -1.12319329]
 [ 0.36463192 -0.33372163  0.86929479  1.0301947 ]
 [ 0.          0.          0.          1.        ]]","[[ 0.4750196   0.87650681  0.07805253 -0.53972758]
 [-0.80259623  0.3951719   0.44685396 -1.06027891]
 [ 0.36082637 -0.27490905  0.89119546  1.00382883]
 [ 0.          0.          0.          1.        ]]"
7-scenes-redkitchen,11,46,1.0,30,0.5612619887281236,0.5935285587159289,0.023153809719575952,0.022140227228178457,"[[ 0.46672452  0.85480561  0.22688231 -1.08108768]
 [-0.87580005  0.48241163 -0.0159149   0.08589158]
 [-0.12305481 -0.19127567  0.97379214  1.1684533 ]
 [ 0.          0.          0.          1.        ]]","[[ 4.27536150e-01  8.90588013e-01  1.55131659e-01 -9.41899097e-01]
 [-9.01518498e-01  4.32740497e-01  2.46552423e-04  8.24649747e-02]
 [-6.69121745e-02 -1.39959470e-01  9.87893773e-01  1.10206460e+00]
 [ 0.00000000e+00  0.00000000e+00  0.00000000e+00  1.00000000e+00]]"
7-scenes-redkitchen,12,14,2.0,30,0.5834390014076151,0.834512162492293,0.022078957164219096,0.01796117564525926,"[[ 0.9225153   0.02687513  0.38502371 -0.97939383]
 [-0.10808759  0.97564509  0.19087621 -0.43476157]
 [-0.37051667 -0.21770251  0.90295239  0.3890861 ]
 [ 0.          0.          0.          1.        ]]","[[ 0.97908882  0.03563275  0.20028828 -0.65845126]
 [-0.05538702  0.99403912  0.09390693 -0.25370044]
 [-0.19574822 -0.1030366   0.97522618  0.31595047]
 [ 0.          0.          0.          1.        ]]"
7-scenes-redkitchen,12,48,1.0,30,0.6821153361873583,0.7205137245026442,0.023972308088181037,0.023469929002772533,"[[ 0.47134682 -0.83889916  0.2721771  -1.15131507]
 [ 0.66406719  0.54066674  0.51642448 -1.29265595]
 [-0.58038517 -0.06267116  0.81192696  1.37477897]
 [ 0.          0.          0.          1.        ]]","[[ 0.42930791 -0.86607158  0.25615372 -1.11269817]
 [ 0.66822396  0.49539483  0.55503216 -1.34478061]
 [-0.60759481 -0.06711164  0.7914067   1.37348881]
 [ 0.          0.          0.          1.        ]]"
7-scenes-redkitchen,12,50,2.0,30,0.6243223996860876,0.739002165414408,0.02493758140530776,0.02245496798688048,"[[ 0.54098395 -0.82604813  0.15805329 -0.62562724]
 [ 0.50122635  0.46757103  0.72811365 -1.07572806]
 [-0.67535806 -0.31467732  0.66698551  1.55263453]
 [ 0.          0.          0.          1.        ]]","[[ 0.42968449 -0.86548059  0.25751619 -0.78181381]
 [ 0.6414014   0.49327413  0.58760946 -0.96622905]
 [-0.63559065 -0.08731542  0.76707271  1.43770117]
 [ 0.          0.          0.          1.        ]]"
7-scenes-redkitchen,12,51,2.0,30,0.6606337871010936,0.7617496094621736,0.02220311406552732,0.0208925181770591,"[[-0.91303874 -0.37124703 -0.16892576 -0.16649153]
 [ 0.29635188 -0.88838801  0.3506313  -0.84848932]
 [-0.28024244  0.2700785   0.92115242  1.55407149]
 [ 0.          0.          0.          1.        ]]","[[-0.89050437 -0.44347604 -0.10164141 -0.21692508]
 [ 0.38748704 -0.85632607  0.34140805 -0.88743821]
 [-0.23844448  0.26464063  0.93440332  1.48905796]
 [ 0.          0.          0.          1.        ]]"
7-scenes-redkitchen,13,37,0.0,30,0.2729014659615771,0.3218226342682464,0.024634623921897723,0.022699649960563097,"[[1. 0. 0. 0.]
 [0. 1. 0. 0.]
 [0. 0. 1. 0.]
 [0. 0. 0. 1.]]","[[ 0.99710822  0.07573209 -0.00631214 -0.00437216]
 [-0.07454873  0.99088195  0.11222941 -0.27492959]
 [ 0.01475396 -0.11143431  0.99366227 -0.00560497]
 [ 0.          0.          0.          1.        ]]"
7-scenes-redkitchen,13,47,4.0,30,0.487710394017168,0.5140871471003835,0.02547012609540825,0.02515841048870472,"[[-0.820354   -0.16649566 -0.54708181  1.35513727]
 [ 0.23988173 -0.96862915 -0.06491786 -0.20628618]
 [-0.51911085 -0.18449055  0.83455806  1.1586637 ]
 [ 0.          0.          0.          1.        ]]","[[-0.84484453 -0.14043569 -0.51625143  1.29757403]
 [ 0.24636811 -0.95865829 -0.14239749 -0.09770804]
 [-0.47491102 -0.24749163  0.84451608  1.13171809]
 [ 0.          0.          0.          1.        ]]"
7-scenes-redkitchen,13,48,3.0,30,0.6409367917401159,0.6718307731050114,0.022283892561292772,0.019655621419286805,"[[ 0.71471684  0.6854921  -0.13885398  0.46254813]
 [ 0.6438832  -0.56734907  0.5133512  -1.32794519]
 [ 0.27311951 -0.45630649 -0.84687078  3.29318902]
 [ 0.          0.          0.          1.        ]]","[[ 0.76033134  0.64939311 -0.01359605  0.23009825]
 [ 0.56423345 -0.64996467  0.50910367 -1.27826198]
 [ 0.32177146 -0.39475882 -0.86059782  3.30502846]
 [ 0.          0.          0.          1.        ]]"
7-scenes-redkitchen,13,51,3.0,30,0.7335416201740683,0.7837982593171167,0.02251117788254865,0.021232487332970403,"[[ 0.91992871  0.1972426  -0.33886064  0.37134971]
 [-0.16129677  0.97811233  0.13145196 -0.28280405]
 [ 0.3573717  -0.06626931  0.93160821  1.09610118]
 [ 0.          0.          0.          1.        ]]","[[ 0.88215327  0.2204489  -0.41618252  0.42909886]
 [-0.25858388  0.96528773 -0.03679634 -0.12165202]
 [ 0.39362417  0.1400781   0.90853626  1.14842037]
 [ 0.          0.          0.          1.        ]]"
7-scenes-redkitchen,13,52,4.0,30,0.48011150818504467,0.539255056552334,0.024266797443208928,0.02357521716205943,"[[-0.82274672  0.54367099  0.16586046  0.51667393]
 [ 0.14076322 -0.08782729  0.98613999 -1.49372199]
 [ 0.55070278  0.83469049 -0.00426927  2.04948208]
 [ 0.          0.          0.          1.        ]]","[[-0.88294428  0.38564214  0.26774901  0.4149417 ]
 [ 0.18777433 -0.23262476  0.95426753 -1.48749511]
 [ 0.43029083  0.89284145  0.13298101  1.97147343]
 [ 0.          0.          0.          1.        ]]"
7-scenes-redkitchen,14,25,2.0,30,0.32549941617434397,0.33547982874447424,0.0255356702483314,0.025517245430688177,"[[ 0.84598113  0.15559106 -0.5100072   2.18758914]
 [ 0.2387565   0.74470037  0.62323085 -1.60338039]
 [ 0.4767717  -0.64900907  0.59285409  0.15259148]
 [ 0.          0.          0.          1.        ]]","[[ 0.84464928  0.16997213 -0.50761902  2.17297998]
 [ 0.21920566  0.755288    0.61764789 -1.56545239]
 [ 0.48838148 -0.63296881  0.60069461  0.12337985]
 [ 0.          0.          0.          1.        ]]"
7-scenes-redkitchen,14,30,2.0,30,0.5229396623689825,0.5544534366014284,0.024293624263122936,0.02187515373547321,"[[ 0.71960382  0.17298138 -0.6724937   1.82137526]
 [-0.19769869 -0.87735402 -0.43722438  0.67812651]
 [-0.66564673  0.44757946 -0.59714911  2.45291891]
 [ 0.          0.          0.          1.        ]]","[[ 0.72323957  0.18729905 -0.66471316  1.73439477]
 [-0.14497032 -0.89989667 -0.41130232  0.65576885]
 [-0.67520969  0.39383379 -0.62368808  2.52106652]
 [ 0.          0.          0.          1.        ]]"
7-scenes-redkitchen,14,33,2.0,30,0.400900866914644,0.42236247444148517,0.020153260502889372,0.01677476912876907,"[[ 0.36806614  0.46801227 -0.80342506  2.47385743]
 [ 0.84993706  0.18100897  0.49481588 -1.46711939]
 [ 0.37700704 -0.8649857  -0.3311577   2.00897789]
 [ 0.          0.          0.          1.        ]]","[[ 0.38375418  0.53297981 -0.75409897  2.3783709 ]
 [ 0.86131064  0.08787559  0.50042168 -1.52775921]
 [ 0.33298154 -0.84155238 -0.42533855  2.26570844]
 [ 0.          0.          0.          1.        ]]"
7-scenes-redkitchen,14,45,0.0,30,0.5377708846170264,0.6755858791388608,0.023228928848411688,0.019402453813740304,"[[1. 0. 0. 0.]
 [0. 1. 0. 0.]
 [0. 0. 1. 0.]
 [0. 0. 0. 1.]]","[[ 0.9979022  -0.01266837  0.06348792 -0.05280454]
 [ 0.02416193  0.9826869  -0.18369174  0.30949981]
 [-0.06006168  0.18484038  0.98093151  0.16470915]
 [ 0.          0.          0.          1.        ]]"
7-scenes-redkitchen,14,46,2.0,30,0.6229771596189974,0.6312909923865396,0.023664160005050148,0.023025005920766763,"[[ 0.64828396  0.74661043  0.14933444  0.13582148]
 [-0.6985391   0.66124603 -0.27349007  0.53750442]
 [-0.30293734  0.07298328  0.95021177  0.48709462]
 [ 0.          0.          0.          1.        ]]","[[ 0.61486139  0.75288648  0.2347497   0.00119924]
 [-0.69555703  0.6579991  -0.28850925  0.56848154]
 [-0.37167981  0.0141114   0.92825373  0.53751455]
 [ 0.          0.          0.          1.        ]]"
7-scenes-redkitchen,14,48,2.0,30,0.4956635608159154,0.6073533115084362,0.025289216762659363,0.019617785172795475,"[[-0.65313727  0.75635598  0.03656978  0.74900447]
 [-0.49487382 -0.38978881 -0.77663671  1.03435591]
 [-0.57315933 -0.52534781  0.62888637  1.1013221 ]
 [ 0.          0.          0.          1.        ]]","[[-0.67332286  0.73657992  0.06392451  0.65680665]
 [-0.56742015 -0.45938335 -0.68337494  0.92946349]
 [-0.4739944  -0.49640403  0.7272636   0.8825431 ]
 [ 0.          0.          0.          1.        ]]"
7-scenes-redkitchen,14,51,2.0,30,0.514594956482928,0.5903146619058246,0.022087751506565192,0.020057326483760136,"[[-0.85333848  0.49660991  0.15871998 -0.29080333]
 [-0.36462007 -0.78606804  0.49914851 -0.42301009]
 [ 0.3726468   0.36807015  0.85185605  1.34486866]
 [ 0.          0.          0.          1.        ]]","[[-0.8889929   0.45671582  0.03320066 -0.12738805]
 [-0.41393725 -0.83249458  0.36825091 -0.29466729]
 [ 0.19582538  0.31362945  0.92913346  1.29141572]
 [ 0.          0.          0.          1.        ]]"
7-scenes-redkitchen,14,52,3.0,30,0.5594812658880742,0.6171142958896707,0.023622408602066092,0.022226806241227727,"[[ 0.75301838 -0.61270763  0.23990139 -0.60001293]
 [-0.65779851 -0.7099824   0.25144804 -0.35521258]
 [ 0.01626163 -0.34715177 -0.93766796  2.81351162]
 [ 0.          0.          0.          1.        ]]","[[ 0.76952117 -0.58521635  0.25565405 -0.5630717 ]
 [-0.63839959 -0.69437711  0.33209396 -0.44505845]
 [-0.0168265  -0.41876277 -0.90793976  2.8192644 ]
 [ 0.          0.          0.          1.        ]]"
7-scenes-redkitchen,15,46,4.0,30,0.6134768135526185,0.7193978445008404,0.024022694188516786,0.022541791589274947,"[[-0.87286586  0.34986637  0.34014513  0.28891   ]
 [ 0.30702217  0.93557737 -0.17444875 -0.25992772]
 [-0.37926584 -0.04783826 -0.92405028  3.25017743]
 [ 0.          0.          0.          1.        ]]","[[-0.91525943  0.33379436  0.22556927  0.43708704]
 [ 0.31874678  0.94241718 -0.10124401 -0.39178596]
 [-0.24637504 -0.02076506 -0.96895209  3.33585749]
 [ 0.          0.          0.          1.        ]]"
7-scenes-redkitchen,15,47,3.0,30,0.5619863309974912,0.6304755313320068,0.020786672535731247,0.019332601048910925,"[[ 0.54887384  0.60276934  0.57914301 -0.59751944]
 [ 0.42576871 -0.79782079  0.42685243 -0.93316918]
 [ 0.71934589  0.01229283 -0.69454329  2.73688277]
 [ 0.          0.          0.          1.        ]]","[[ 0.66943396  0.60525863  0.43072052 -0.39930826]
 [ 0.43142585 -0.78876474  0.43786062 -0.92563285]
 [ 0.60475608 -0.1072948  -0.78915012  2.86343514]
 [ 0.          0.          0.          1.        ]]"
7-scenes-redkitchen,15,48,2.0,30,0.6092873331654495,0.6881188617476706,0.02106369954963328,0.019088881946571788,"[[ 0.89000851  0.04256881  0.45395236 -1.2409405 ]
 [-0.00490137 -0.99468124  0.10288448 -0.75357958]
 [ 0.45591757 -0.09379305 -0.88506612  2.80920746]
 [ 0.          0.          0.          1.        ]]","[[ 0.88365492 -0.07324636  0.46237318 -1.24937848]
 [-0.13806135 -0.98452976  0.10788983 -0.63364516]
 [ 0.44731762 -0.15917324 -0.88009706  2.83031749]
 [ 0.          0.          0.          1.        ]]"
7-scenes-redkitchen,15,50,1.0,30,0.47777180310715167,0.5379819500356058,0.023668478602128437,0.024046523067326107,"[[ 0.03838353 -0.20866889  0.97723283 -1.64410137]
 [-0.96853302 -0.24843232 -0.01500602 -0.14525025]
 [ 0.2459075  -0.94590627 -0.21163842  2.12202699]
 [ 0.          0.          0.          1.        ]]","[[ 0.04698229 -0.23604653  0.97060533 -1.64962671]
 [-0.98480422 -0.1735825   0.00545516 -0.14356517]
 [ 0.16719243 -0.95611252 -0.24061492  2.1103403 ]
 [ 0.          0.          0.          1.        ]]"
7-scenes-redkitchen,15,51,1.0,30,0.7051550993081901,0.7650747600981924,0.02275607101337021,0.02000590781076762,"[[ 0.55340561 -0.75148577  0.35918152 -1.12269185]
 [ 0.78926447  0.3353723  -0.51438023  0.35380417]
 [ 0.26608989  0.56815011  0.77871793  1.01579742]
 [ 0.          0.          0.          1.        ]]","[[ 0.50197239 -0.78597053  0.36093497 -1.0954747 ]
 [ 0.78976417  0.24643595 -0.56173115  0.36951885]
 [ 0.35255678  0.56702703  0.7444354   1.0836733 ]
 [ 0.          0.          0.          1.        ]]"
7-scenes-redkitchen,15,53,2.0,30,0.49894500624528076,0.5896250714502459,0.024532871034707648,0.024285262495442612,"[[ 0.83048742 -0.00720848  0.55699074 -0.95058743]
 [ 0.2887934   0.860611   -0.41946046  0.09680189]
 [-0.47632868  0.50921188  0.71680837  0.95529381]
 [ 0.          0.          0.          1.        ]]","[[ 0.84303097  0.06961161  0.53334136 -0.94105771]
 [ 0.16471055  0.91053931 -0.37919468  0.03448365]
 [-0.51202462  0.40751981  0.75614707  0.89580881]
 [ 0.          0.          0.          1.        ]]"
7-scenes-redkitchen,16,18,1.0,30,0.47721598308088475,0.7079078260699284,0.02354236254860552,0.020247043781534857,"[[ 0.9796      0.18034622 -0.08865147  0.5048007 ]
 [-0.1951831   0.95885766 -0.20614448  0.03725117]
 [ 0.04782676  0.2192424   0.9744975  -0.14804877]
 [ 0.          0.          0.          1.        ]]","[[ 0.99334964  0.11511006 -0.00248149  0.37055718]
 [-0.11295341  0.97010852 -0.21478125  0.10781079]
 [-0.02231617  0.21363317  0.97665903 -0.20502651]
 [ 0.          0.          0.          1.        ]]"
7-scenes-redkitchen,16,46,5.0,30,0.5596305329422234,0.7348554760884611,0.024756626369404355,0.020174966733374735,"[[ 0.72828406  0.43077052 -0.53295317  1.02117941]
 [-0.50607248  0.86247303  0.0055604  -0.24560017]
 [ 0.46205299  0.26566339  0.84612647  1.13181405]
 [ 0.          0.          0.          1.        ]]","[[ 0.84906217  0.18207793 -0.49592446  0.89154935]
 [-0.337217    0.90940292 -0.24345642  0.04852565]
 [ 0.40666711  0.37394379  0.83353938  1.23724439]
 [ 0.          0.          0.          1.        ]]"
7-scenes-redkitchen,16,50,2.0,30,0.5535613073871151,0.6390297780813556,0.023494343985599266,0.019571608135282442,"[[ 0.97205866 -0.19814575 -0.12585796  1.27130131]
 [ 0.11264387  0.86414463 -0.49047469 -0.37365747]
 [ 0.20594495  0.46259304  0.86231917  1.87570762]
 [ 0.          0.          0.          1.        ]]","[[ 0.9511958  -0.27992597 -0.12987686  1.1879821 ]
 [ 0.14787459  0.78287907 -0.60434548 -0.26870624]
 [ 0.27084988  0.5556454   0.78606522  2.02499633]
 [ 0.          0.          0.          1.        ]]"
7-scenes-redkitchen,16,51,1.0,30,0.5031912519526891,0.6417763891988395,0.026966504545328663,0.023814145767536675,"[[ 0.10171874  0.82693003  0.55302806 -0.48780483]
 [ 0.3976169  -0.54337137  0.73935672 -1.21385411]
 [ 0.91189588  0.14468687 -0.3840724   2.69693092]
 [ 0.          0.          0.          1.        ]]","[[ 0.35495643  0.73514017  0.57755941 -0.48636268]
 [ 0.48334628 -0.67312038  0.55971897 -1.0831398 ]
 [ 0.8002389   0.08048535 -0.59425567  2.89879212]
 [ 0.          0.          0.          1.        ]]"
7-scenes-redkitchen,17,59,1.0,30,0.5075834541358637,0.5231960936276497,0.023769165210100533,0.02387034117454251,"[[ 0.75613096 -0.58740836  0.28847424 -1.05183504]
 [ 0.50125588  0.80324993  0.32176402 -0.56906479]
 [-0.42072379 -0.09869633  0.90180404  0.23935982]
 [ 0.          0.          0.          1.        ]]","[[ 0.78102094 -0.55562121  0.28511641 -1.03059048]
 [ 0.46839498  0.82313778  0.32101456 -0.56526572]
 [-0.41305258 -0.117172    0.90313802  0.2373996 ]
 [ 0.          0.          0.          1.        ]]"
7-scenes-redkitchen,18,36,5.0,30,0.4680393771816292,0.5081826620125244,0.022865053283702894,0.022607632857998182,"[[ 0.95195967  0.09717635  0.2903955  -0.87400997]
 [-0.11463218  0.99244749  0.04367418 -0.19155636]
 [-0.28395819 -0.07486473  0.95590952  0.59315002]
 [ 0.          0.          0.          1.        ]]","[[ 0.95574772  0.04220156  0.29114485 -0.87076148]
 [-0.05842292  0.99717331  0.04724559 -0.20633964]
 [-0.28832804 -0.06216439  0.95551166  0.57181345]
 [ 0.          0.          0.          1.        ]]"
7-scenes-redkitchen,19,39,2.0,30,0.442557614617358,0.560847743912204,0.02204358846698779,0.01968849665117589,"[[ 0.86176005 -0.50714376 -0.01322162 -0.30540337]
 [ 0.45683911  0.76441993  0.45492878 -0.95032285]
 [-0.22060742 -0.3980796   0.89042967 -0.1993024 ]
 [ 0.          0.          0.          1.        ]]","[[ 0.92213132 -0.38657538  0.01527439 -0.28227995]
 [ 0.34516744  0.83990618  0.41882818 -0.779648  ]
 [-0.17473772 -0.38094236  0.90793703 -0.2070763 ]
 [ 0.          0.          0.          1.        ]]"
7-scenes-redkitchen,19,51,2.0,30,0.5900022316447222,0.7991296585583575,0.021839252901417215,0.01766609812451455,"[[ 0.78363215 -0.54839559  0.29186114  0.55352959]
 [-0.47503009 -0.22620654  0.85039815 -1.86119106]
 [-0.4003337  -0.80504216 -0.43776712  3.12154242]
 [ 0.          0.          0.          1.        ]]","[[ 0.77868868 -0.47727488  0.40725007  0.45080765]
 [-0.62204984 -0.50262228  0.60035393 -1.5808219 ]
 [-0.08184089 -0.72081865 -0.68827505  3.40986266]
 [ 0.          0.          0.          1.        ]]"
7-scenes-redkitchen,19,52,1.0,30,0.5557479522037603,0.6494860553365509,0.02116106754013103,0.02028390555453421,"[[-0.51242895  0.60317473 -0.61122567  1.2868508 ]
 [-0.26447218 -0.78803331 -0.55592983  0.25853592]
 [-0.81698901 -0.12322235  0.56333402  2.78752619]
 [ 0.          0.          0.          1.        ]]","[[-0.5435503   0.54848875 -0.63538427  1.36105722]
 [-0.38233341 -0.8356686  -0.39430845  0.12998715]
 [-0.74724443  0.02860216  0.66393349  2.60181347]
 [ 0.          0.          0.          1.        ]]"
7-scenes-redkitchen,20,39,3.0,30,0.48984586749015707,0.5962036446703268,0.022678453733549105,0.021713438421822853,"[[ 0.99973041 -0.00258373 -0.02307437 -0.40565008]
 [ 0.00287864  0.99991449  0.0127568   0.09620401]
 [ 0.02303943 -0.01281979  0.99965236  0.22377288]
 [ 0.          0.          0.          1.        ]]","[[ 0.9963432  -0.02652564  0.08121958 -0.68975864]
 [ 0.02213685  0.99827011  0.05446778  0.00141476]
 [-0.08252388 -0.05247066  0.99520683  0.24517804]
 [ 0.          0.          0.          1.        ]]"
7-scenes-redkitchen,20,48,1.0,30,0.49805086879879124,0.678962477965248,0.023405400419145808,0.023326444971519488,"[[-0.48292442  0.77877164  0.40037325 -1.03664443]
 [ 0.73117333  0.61021246 -0.30500215 -0.4155967 ]
 [-0.48183977  0.14544926 -0.86410355  4.1140326 ]
 [ 0.          0.          0.          1.        ]]","[[-0.40947767  0.89003092  0.20043202 -0.82040172]
 [ 0.82321852  0.45515523 -0.3393302  -0.31901198]
 [-0.39324206  0.02605121 -0.91906584  4.23299872]
 [ 0.          0.          0.          1.        ]]"
7-scenes-redkitchen,20,51,1.0,30,0.7424458826154876,0.7881276500781076,0.022442552996140605,0.02135514348604904,"[[ 0.40608817  0.67693939 -0.6138774   0.19539616]
 [-0.82736059  0.55759282  0.06756267 -0.62711256]
 [ 0.38802946  0.48046157  0.78650481  2.42169063]
 [ 0.          0.          0.          1.        ]]","[[ 0.42444909  0.65876925 -0.62118117  0.16414986]
 [-0.86114414  0.50568047 -0.05213472 -0.54237394]
 [ 0.27977444  0.55705506  0.78193089  2.43587195]
 [ 0.          0.          0.          1.        ]]"
7-scenes-redkitchen,21,50,1.0,30,0.6477495676437676,0.6953014867241204,0.023129805457580366,0.022154652496434207,"[[ 0.93554094 -0.35317308  0.00565011 -0.03710861]
 [ 0.25618614  0.68946527  0.67750003 -0.5345513 ]
 [-0.24317033 -0.63238154  0.73550104  1.1783091 ]
 [ 0.          0.          0.          1.        ]]","[[ 0.93219624 -0.36194138  0.00293486 -0.03816802]
 [ 0.24316445  0.63224582  0.73561965 -0.63751048]
 [-0.26810674 -0.68502822  0.67738845  1.2085173 ]
 [ 0.          0.          0.          1.        ]]"
7-scenes-redkitchen,21,51,1.0,30,0.7270698504798037,0.8098638696719482,0.022384447211745533,0.020530009201339457,"[[-0.99763178 -0.05755108  0.03766566 -0.10090811]
 [ 0.06875028 -0.81800325  0.57109025 -0.38537487]
 [-0.00205623  0.57232731  0.8200227   0.8599469 ]
 [ 0.          0.          0.          1.        ]]","[[-0.98286387 -0.17421175  0.06024016 -0.12285556]
 [ 0.15654362 -0.61631015  0.77178747 -0.55069348]
 [-0.09732782  0.76799223  0.63302072  1.09219557]
 [ 0.          0.          0.          1.        ]]"
7-scenes-redkitchen,22,49,2.0,30,0.5174100962706992,0.565418634879371,0.023424489708292175,0.02362848373169897,"[[ 0.91586859  0.39746265  0.05664069 -1.08013664]
 [ 0.23349548 -0.64209835  0.73019831 -1.4569435 ]
 [ 0.32659545 -0.65554035 -0.68088344  4.14778729]
 [ 0.          0.          0.          1.        ]]","[[ 0.91794356  0.39465955  0.04029221 -1.02126419]
 [ 0.21594674 -0.58229163  0.78377514 -1.51521017]
 [ 0.33278616 -0.71076037 -0.61973629  4.03448219]
 [ 0.          0.          0.          1.        ]]"
7-scenes-redkitchen,23,26,0.0,30,0.5020869060496531,0.5251510434530249,0.021619830372443586,0.02029386268516546,"[[1. 0. 0. 0.]
 [0. 1. 0. 0.]
 [0. 0. 1. 0.]
 [0. 0. 0. 1.]]","[[ 0.99733583 -0.06722768 -0.02831387  0.09243068]
 [ 0.06614822  0.99710576 -0.03747694  0.13762855]
 [ 0.03075141  0.03550418  0.99889629 -0.00761528]
 [ 0.          0.          0.          1.        ]]"
7-scenes-redkitchen,23,48,1.0,30,0.5903399647443969,0.628133971291866,0.023590101604001826,0.022045214523045607,"[[ 0.3352051   0.68935094  0.64220933 -1.51731527]
 [ 0.6305627  -0.67061843  0.39071934 -1.21229507]
 [ 0.70002016  0.27398213 -0.65947371  3.86830879]
 [ 0.          0.          0.          1.        ]]","[[ 0.36232848  0.74038304  0.56617226 -1.41376601]
 [ 0.53938796 -0.66195779  0.52045414 -1.39861066]
 [ 0.76011756  0.11681114 -0.63919985  3.82901316]
 [ 0.          0.          0.          1.        ]]"
7-scenes-redkitchen,23,49,1.0,30,0.4475477919031164,0.672204081201323,0.02548379226751779,0.017004957085540787,"[[ 0.86913695  0.10801592  0.48263187 -1.91799364]
 [-0.45763776  0.54567546  0.70200141 -0.70161017]
 [-0.18753304 -0.83100593  0.52369887  2.02727651]
 [ 0.          0.          0.          1.        ]]","[[ 0.80136682  0.11457073  0.5870986  -2.01822259]
 [-0.58175331  0.37766233  0.72037091 -0.61243849]
 [-0.1391916  -0.9188279   0.36929797  2.30235077]
 [ 0.          0.          0.          1.        ]]"
7-scenes-redkitchen,23,50,2.0,30,0.5978723713467715,0.6322574081878825,0.024049660447621503,0.02330187052997224,"[[ 0.43056213  0.02932239  0.9020845  -1.24744176]
 [ 0.8321989   0.37398841 -0.4093625  -0.15152622]
 [-0.34937264  0.92696972  0.13662319  2.67543378]
 [ 0.          0.          0.          1.        ]]","[[ 0.39607961  0.12511252  0.90965257 -1.25181963]
 [ 0.8456893   0.33619278 -0.41446837 -0.1151753 ]
 [-0.3576738   0.93344591  0.02735279  2.7914248 ]
 [ 0.          0.          0.          1.        ]]"
7-scenes-redkitchen,23,51,1.0,30,0.7873019415309083,0.8705199732202633,0.02212638765334262,0.0172038117849073,"[[-0.86181056  0.44673443 -0.24023096 -0.81629114]
 [-0.48080374 -0.87035759  0.10632702 -0.3914112 ]
 [-0.1615869   0.20713769  0.96487494  2.10777257]
 [ 0.          0.          0.          1.        ]]","[[-0.82122964  0.38840445 -0.41799984 -0.63018209]
 [-0.43047784 -0.90257341  0.00707569 -0.26555632]
 [-0.37452731  0.18575043  0.90841954  2.19735183]
 [ 0.          0.          0.          1.        ]]"
7-scenes-redkitchen,23,52,2.0,30,0.4697343698191062,0.685812179935895,0.023691775049775692,0.021660361105242266,"[[ 0.06809361 -0.672712    0.73676443 -1.84527118]
 [-0.77271549 -0.50269126 -0.38757227  0.32926466]
 [ 0.63108956 -0.54291809 -0.55404505  3.29201417]
 [ 0.          0.          0.          1.        ]]","[[ 0.21241691 -0.56858534  0.79472622 -1.92946276]
 [-0.85956222 -0.49555811 -0.12479961  0.10242738]
 [ 0.46479226 -0.65660709 -0.5939994   3.40229961]
 [ 0.          0.          0.          1.        ]]"
7-scenes-redkitchen,24,30,1.0,30,0.5409226880623319,0.5751727576291624,0.022519001053931564,0.02223803187465963,"[[ 0.12547213 -0.98553127  0.11395118 -0.37741869]
 [-0.64745331  0.00568527  0.76208391 -1.90873998]
 [-0.75170537 -0.16939836 -0.63737213  3.41667625]
 [ 0.          0.          0.          1.        ]]","[[ 0.16036837 -0.98151786  0.10442544 -0.33806709]
 [-0.65322009 -0.02622026  0.75671395 -1.88024602]
 [-0.7399902  -0.18956578 -0.64535209  3.4829133 ]
 [ 0.          0.          0.          1.        ]]"
7-scenes-redkitchen,24,47,2.0,30,0.5816150955003797,0.640434101373629,0.02217382852089714,0.021954113719711718,"[[-0.81829054  0.04524207 -0.5730216   1.55145805]
 [ 0.13382667  0.9844977  -0.11337858 -0.2874145 ]
 [ 0.55900896 -0.16946219 -0.81165975  3.56788186]
 [ 0.          0.          0.          1.        ]]","[[-0.79612213  0.09734219 -0.59725543  1.53559214]
 [ 0.10688339  0.99407943  0.01954547 -0.46568236]
 [ 0.59562194 -0.0482761  -0.8018129   3.51887416]
 [ 0.          0.          0.          1.        ]]"
7-scenes-redkitchen,24,48,2.0,30,0.5225182573659028,0.7110047846889952,0.02345359106614652,0.01829578801367136,"[[-0.92537076  0.36042254  0.11740763 -0.09353216]
 [-0.36180401 -0.93219973  0.01007556  0.34337026]
 [ 0.11307882 -0.03315493  0.99303269  1.09456163]
 [ 0.          0.          0.          1.        ]]","[[-0.82627616  0.54725431 -0.13334328  0.27525086]
 [-0.55438833 -0.74827448  0.36433348 -0.09432169]
 [ 0.09960569  0.37496403  0.92167276  1.23407787]
 [ 0.          0.          0.          1.        ]]"
7-scenes-redkitchen,24,51,3.0,30,0.6377594286989511,0.9167373354162017,0.021121530494667303,0.02003083917517996,"[[ 0.48216765  0.87577339  0.02313694  0.30365488]
 [ 0.37919777 -0.2324339   0.89564699 -1.3420577 ]
 [ 0.78976161 -0.42307853 -0.44416343  2.76678713]
 [ 0.          0.          0.          1.        ]]","[[ 0.58602393  0.78058534 -0.21739934  0.51312129]
 [ 0.57785631 -0.21451628  0.78744196 -1.30641418]
 [ 0.56802996 -0.58708542 -0.57677784  2.95628206]
 [ 0.          0.          0.          1.        ]]"
7-scenes-redkitchen,25,28,0.0,30,0.5348897800878594,0.6253215571943063,0.024289343593179052,0.01960632430074808,"[[1. 0. 0. 0.]
 [0. 1. 0. 0.]
 [0. 0. 1. 0.]
 [0. 0. 0. 1.]]","[[ 0.99695445 -0.07745545  0.00908148 -0.03390432]
 [ 0.07741262  0.99698672  0.00497691 -0.08015736]
 [-0.00943961 -0.00425873  0.99994638 -0.03459912]
 [ 0.          0.          0.          1.        ]]"
7-scenes-redkitchen,25,46,2.0,30,0.5196104281335486,0.5792080023730266,0.024757956217398007,0.023469452224385606,"[[-0.75937346  0.5868237  -0.2810514   0.3695455 ]
 [ 0.56697647  0.38488796 -0.72828493  1.08229405]
 [-0.31920156 -0.71238978 -0.62498893  3.68693339]
 [ 0.          0.          0.          1.        ]]","[[-0.76036517  0.50082446 -0.41354524  0.53646363]
 [ 0.60592601  0.31770837 -0.72932507  1.05276144]
 [-0.23387705 -0.8051312  -0.54503695  3.51653308]
 [ 0.          0.          0.          1.        ]]"
7-scenes-redkitchen,25,49,4.0,30,0.5001743651523317,0.5603144913292966,0.024688018408111693,0.02397606688983834,"[[-0.4264596  -0.77654134 -0.46380574  1.32929421]
 [ 0.48127638  0.23934775 -0.84325897  1.27540847]
 [ 0.76583631 -0.58283463  0.27165886  1.78146463]
 [ 0.          0.          0.          1.        ]]","[[-0.40717144 -0.74041511 -0.53478676  1.40112339]
 [ 0.4316558   0.36000816 -0.82708367  1.30611013]
 [ 0.80491285 -0.56760865  0.17301944  1.92447123]
 [ 0.          0.          0.          1.        ]]"
7-scenes-redkitchen,25,51,1.0,30,0.6956482927917875,0.8027895559027003,0.022336564624410003,0.021642868628712626,"[[-0.08344989  0.93215363 -0.3523148  -0.80923335]
 [-0.99030292 -0.11697954 -0.07493934 -0.34608875]
 [-0.1110686   0.3426447   0.9328764   2.22032828]
 [ 0.          0.          0.          1.        ]]","[[-0.11035447  0.993853    0.00883809 -1.13106562]
 [-0.98446668 -0.10808184 -0.13836065 -0.26490799]
 [-0.13655491 -0.02396952  0.99034248  2.11761613]
 [ 0.          0.          0.          1.        ]]"
7-scenes-redkitchen,26,43,3.0,30,0.49485007263764424,0.5145792185604144,0.024625881858848776,0.024082875836093042,"[[ 0.71738331 -0.00574583  0.69665498 -1.74181908]
 [-0.13554978  0.97970496  0.14766329 -0.10640297]
 [-0.68336479 -0.20036261  0.70204515  1.40052372]
 [ 0.          0.          0.          1.        ]]","[[ 0.67768965  0.00786038  0.73530603 -1.76997062]
 [-0.11751864  0.9882485   0.09774591 -0.01060077]
 [-0.72589676 -0.15265355  0.67064952  1.48512   ]
 [ 0.          0.          0.          1.        ]]"
7-scenes-redkitchen,26,45,4.0,30,0.5453193699398113,0.6545696438480911,0.02491023583587366,0.02262909039882914,"[[ 0.94570901 -0.02851997  0.32376084 -0.70193913]
 [ 0.22416887  0.77852055 -0.58622016  1.04413295]
 [-0.23533548  0.62697079  0.74264718  0.9443678 ]
 [ 0.          0.          0.          1.        ]]","[[ 0.94248327 -0.09908144  0.31923055 -0.62972531]
 [ 0.24865374  0.84607714 -0.4715133   0.82441999]
 [-0.22337546  0.52377127  0.82205053  0.86982907]
 [ 0.          0.          0.          1.        ]]"
7-scenes-redkitchen,26,47,2.0,30,0.5764051100152839,0.6081360363737732,0.023740598582241167,0.022661642884483316,"[[ 0.63102709 -0.37111568  0.68123268 -1.65075575]
 [ 0.35319517 -0.6444125  -0.67822246  1.08552255]
 [ 0.69069384  0.66858484 -0.27556548  2.41986738]
 [ 0.          0.          0.          1.        ]]","[[ 0.67080732 -0.38964753  0.63102483 -1.61206116]
 [ 0.37032924 -0.56120129 -0.740209    1.20944666]
 [ 0.64255256  0.73022457 -0.23216006  2.36794402]
 [ 0.          0.          0.          1.        ]]"
7-scenes-redkitchen,27,45,1.0,30,0.5942529062735667,0.6391880931715022,0.023561048645564783,0.023490750269164085,"[[ 0.1568424  -0.98736711 -0.02250884  0.12526197]
 [ 0.21693046  0.01220698  0.97611073 -1.3625641 ]
 [-0.96350487 -0.1579784   0.21610457  2.35264253]
 [ 0.          0.          0.          1.        ]]","[[ 0.17538242 -0.98063576 -0.08714647  0.21573146]
 [ 0.27590582 -0.03601338  0.96050977 -1.38852789]
 [-0.94504867 -0.19250074  0.264247    2.26404493]
 [ 0.          0.          0.          1.        ]]"
7-scenes-redkitchen,27,49,1.0,30,0.4518170962389965,0.6006192604804024,0.023797091107625745,0.02349344578716327,"[[ 0.09173087 -0.77349614 -0.62712771  1.01156087]
 [-0.4127773   0.54358987 -0.73083852  0.42634272]
 [ 0.90620105  0.32590454 -0.26941768  3.19134747]
 [ 0.          0.          0.          1.        ]]","[[-0.10751457 -0.82305062 -0.55769911  1.01626387]
 [-0.41124605  0.54752797 -0.72875909  0.44719336]
 [ 0.90516148  0.15099934 -0.39734355  3.3865172 ]
 [ 0.          0.          0.          1.        ]]"
7-scenes-redkitchen,27,52,1.0,30,0.4103820506207862,0.6222844441169608,0.024916065010527285,0.022359775546407615,"[[ 0.83961212  0.53908781 -0.066602   -0.2635265 ]
 [ 0.54296692 -0.8364255   0.07469476 -0.67307069]
 [-0.01544057 -0.0988773  -0.99497983  3.83800212]
 [ 0.          0.          0.          1.        ]]","[[ 0.86239957  0.4775107  -0.16807893 -0.15630765]
 [ 0.4983912  -0.85907989  0.11656736 -0.70601025]
 [-0.08873107 -0.18429669 -0.97885726  3.96093226]
 [ 0.          0.          0.          1.        ]]"
7-scenes-redkitchen,28,45,1.0,30,0.4625492679178702,0.4754834303276939,0.024752077472096592,0.02418645629410492,"[[-0.19592418 -0.5214194   0.83050318 -1.10255965]
 [-0.52246151 -0.66119837 -0.53837783  0.68433988]
 [ 0.82984799 -0.53938718 -0.14287682  2.46283689]
 [ 0.          0.          0.          1.        ]]","[[-0.18039011 -0.54751024  0.81712419 -1.05929397]
 [-0.57177629 -0.61759583 -0.54004376  0.70772601]
 [ 0.80033198 -0.5646308  -0.2016452   2.58029743]
 [ 0.          0.          0.          1.        ]]"
7-scenes-redkitchen,28,48,1.0,30,0.5679979853941073,0.6091060186351045,0.024636224171041263,0.02424960541881961,"[[-0.58806255 -0.50604394 -0.63095322  1.03073377]
 [-0.40681764  0.85929518 -0.31001806  0.81634418]
 [ 0.69905782  0.07437289 -0.71118692  3.33202516]
 [ 0.          0.          0.          1.        ]]","[[-0.61356771 -0.5364859  -0.57941138  0.94028712]
 [-0.42795707  0.84258026 -0.32697285  0.79517021]
 [ 0.66361692  0.04734321 -0.74657298  3.4127902 ]
 [ 0.          0.          0.          1.        ]]"
7-scenes-redkitchen,28,49,1.0,30,0.47566813556098025,0.5114711135064304,0.024326411633514462,0.023272197657863168,"[[-0.02557617 -0.99073431  0.13338439 -0.83041114]
 [ 0.95081626  0.01709372  0.30928343 -1.47805569]
 [-0.30869774  0.13473433  0.9415691   1.34575453]
 [ 0.          0.          0.          1.        ]]","[[-0.08033733 -0.97497988  0.2072683  -0.93812308]
 [ 0.9434084  -0.00725174  0.33155392 -1.49747238]
 [-0.32175535  0.22217481  0.92038679  1.3442416 ]
 [ 0.          0.          0.          1.        ]]"
7-scenes-redkitchen,28,50,1.0,30,0.6777747097036725,0.7679663997442195,0.024476589767367177,0.024424219569204333,"[[ 0.76362484  0.5478237   0.34171083 -0.55625423]
 [ 0.60441811 -0.79264577 -0.07994639 -0.62446369]
 [ 0.22705912  0.26758526 -0.93639857  3.7758555 ]
 [ 0.          0.          0.          1.        ]]","[[ 0.83549287  0.48604918  0.25633544 -0.45634471]
 [ 0.51413745 -0.85610114 -0.05247388 -0.68008704]
 [ 0.19394418  0.1756332  -0.96516249  3.76622067]
 [ 0.          0.          0.          1.        ]]"
7-scenes-redkitchen,28,52,2.0,30,0.5521988480762382,0.691141976445738,0.023509776501815988,0.021613529052526403,"[[-0.70308154  0.52349148 -0.48128268  0.44449475]
 [ 0.58196293  0.81252012  0.03361844 -0.06777611]
 [ 0.40865082 -0.25645217 -0.87592054  3.51097017]
 [ 0.          0.          0.          1.        ]]","[[-0.65524479  0.55225013 -0.5154358   0.46546983]
 [ 0.52951021  0.8224059   0.20800836 -0.27087361]
 [ 0.53877009 -0.13663212 -0.83129926  3.3896957 ]
 [ 0.          0.          0.          1.        ]]"
7-scenes-redkitchen,29,44,2.0,30,0.5161636637637864,0.5582398677033461,0.023359216777414447,0.022881978082582487,"[[-0.97587573  0.07281418 -0.20582675  0.52953148]
 [-0.14027145 -0.93153145  0.33551911 -0.17295514]
 [-0.16730354  0.35629657  0.91927269  0.3781464 ]
 [ 0.          0.          0.          1.        ]]","[[-0.9774391   0.11141576 -0.17944174  0.47314881]
 [-0.17609593 -0.89897671  0.40103753 -0.32183895]
 [-0.11663204  0.42358873  0.89831484  0.40765394]
 [ 0.          0.          0.          1.        ]]"
7-scenes-redkitchen,29,47,1.0,30,0.5125875940825331,0.6021762743797522,0.02541794295829313,0.023450063145394707,"[[-0.68272524 -0.72040305 -0.12208888 -0.61371421]
 [ 0.69435627 -0.69169303  0.1985702  -0.53964888]
 [-0.2274986   0.05079571  0.97245266  1.11603753]
 [ 0.          0.          0.          1.        ]]","[[-0.62016863 -0.78191068 -0.06329748 -0.70463248]
 [ 0.76542432 -0.62081128  0.16946673 -0.49923724]
 [-0.17180363  0.05664852  0.98350112  1.02802809]
 [ 0.          0.          0.          1.        ]]"
7-scenes-redkitchen,29,49,1.0,30,0.4994029314480762,0.5649536611398197,0.023896258511454986,0.02110878433227394,"[[ 0.74059194 -0.66063569  0.12281719 -0.11579589]
 [-0.35068819 -0.53590828 -0.76799746  0.39337877]
 [ 0.57318529  0.52570219 -0.62856649  2.90570633]
 [ 0.          0.          0.          1.        ]]","[[ 0.70615118 -0.67886932  0.20121373 -0.19956613]
 [-0.37141867 -0.59708543 -0.71101136  0.39015336]
 [ 0.60282558  0.42734697 -0.67377732  2.98631136]
 [ 0.          0.          0.          1.        ]]"
7-scenes-redkitchen,29,51,3.0,30,0.7426244141932604,0.7641821022093283,0.02528613866057696,0.024284956292784706,"[[ 0.93266256 -0.02828099  0.35963973 -0.52818077]
 [ 0.31013015  0.57211453 -0.75927877  0.2319892 ]
 [-0.18428196  0.819686    0.54236059  1.62999149]
 [ 0.          0.          0.          1.        ]]","[[ 0.9480056  -0.02248735  0.31745818 -0.49760157]
 [ 0.28091716  0.52792001 -0.80148987  0.22919685]
 [-0.14956915  0.84899634  0.50678821  1.68435834]
 [ 0.          0.          0.          1.        ]]"
7-scenes-redkitchen,30,45,5.0,30,0.5195791061341226,0.533146459112964,0.025332330267651762,0.025263716880948382,"[[ 0.31526041  0.51471131 -0.7972974   0.77100119]
 [ 0.94182137 -0.27287123  0.19624934 -0.7601877 ]
 [-0.11654777 -0.81278138 -0.5707916   2.65409078]
 [ 0.          0.          0.          1.        ]]","[[ 0.27025245  0.53332953 -0.80157547  0.81299023]
 [ 0.95819594 -0.23022027  0.16987986 -0.69422485]
 [-0.09393697 -0.81397681 -0.57325178  2.66541103]
 [ 0.          0.          0.          1.        ]]"
7-scenes-redkitchen,30,46,0.0,30,0.5640634784614877,0.624682772486075,0.02408769362929134,0.02336520472815342,"[[1. 0. 0. 0.]
 [0. 1. 0. 0.]
 [0. 0. 1. 0.]
 [0. 0. 0. 1.]]","[[ 0.99607929  0.04560374  0.07580462 -0.13522435]
 [-0.05736095  0.98528904  0.16098205 -0.27389808]
 [-0.06734807 -0.16469911  0.98404189  0.02109692]
 [ 0.          0.          0.          1.        ]]"
7-scenes-redkitchen,30,47,2.0,30,0.551931635762417,0.5634762714959964,0.023417927083291563,0.023392867408870043,"[[-0.73272251  0.61296791 -0.29561474  0.45844288]
 [ 0.6002765   0.78679818  0.1435853  -0.63902626]
 [ 0.32060232 -0.0722424  -0.94445497  3.12336836]
 [ 0.          0.          0.          1.        ]]","[[-0.75684789  0.5810776  -0.29921579  0.49411773]
 [ 0.57070825  0.81067486  0.13076071 -0.59788024]
 [ 0.31854884 -0.07179895 -0.94518334  3.11615933]
 [ 0.          0.          0.          1.        ]]"
7-scenes-redkitchen,30,48,2.0,30,0.6157038529337698,0.7147620246789221,0.023134909027382612,0.02268035696514969,"[[ 0.79153899  0.5814128   0.18821578 -0.47328037]
 [-0.3601184   0.69259412 -0.6250025   1.26513267]
 [-0.4937416   0.42693388  0.75759269  0.66478646]
 [ 0.          0.          0.          1.        ]]","[[ 0.73798273  0.61880239  0.26919342 -0.58517508]
 [-0.38150541  0.7116254  -0.58995162  1.16625171]
 [-0.55662835  0.33267536  0.76124371  0.70482296]
 [ 0.          0.          0.          1.        ]]"
7-scenes-redkitchen,30,49,1.0,30,0.5299749548235742,0.6117891978146234,0.023770852029837128,0.022737746588795335,"[[ 0.91611547  0.37598308 -0.1391732  -0.37522081]
 [ 0.36878283 -0.65411926  0.66039929 -0.99731345]
 [ 0.15726308 -0.65632669 -0.73790487  2.73117069]
 [ 0.          0.          0.          1.        ]]","[[ 0.86355     0.50212084 -0.0464334  -0.5012216 ]
 [ 0.45926469 -0.74512558  0.48359469 -0.78022447]
 [ 0.20822426 -0.43893341 -0.87405956  2.87872423]
 [ 0.          0.          0.          1.        ]]"
7-scenes-redkitchen,30,50,1.0,30,0.6873664782223255,0.6960862677847375,0.023017596623845147,0.022046174793379975,"[[-0.82241031  0.56883185 -0.00846207  0.15926778]
 [-0.54256221 -0.78872949 -0.28901909  0.37744095]
 [-0.17107755 -0.23310108  0.95728593  0.39246902]
 [ 0.          0.          0.          1.        ]]","[[-0.74526267  0.66426291 -0.05777826  0.21810866]
 [-0.63910845 -0.73635738 -0.22207702  0.31875561]
 [-0.19006298 -0.12857914  0.97331571  0.3962943 ]
 [ 0.          0.          0.          1.        ]]"
7-scenes-redkitchen,30,51,2.0,30,0.6085025663914305,0.8156661459495649,0.026084681135992417,0.021346062338549063,"[[ 0.67624023  0.63561264 -0.37241875  0.0095918 ]
 [ 0.60157402 -0.76825386 -0.21884859 -0.19693556]
 [-0.42521508 -0.07604322 -0.90189221  2.90123441]
 [ 0.          0.          0.          1.        ]]","[[ 0.72491694  0.55689757 -0.40541401  0.00565549]
 [ 0.54741619 -0.82299904 -0.15168418 -0.29598419]
 [-0.4181279  -0.11197176 -0.9014607   2.78439306]
 [ 0.          0.          0.          1.        ]]"
7-scenes-redkitchen,30,55,1.0,30,0.3547177145740912,0.37318552718171494,0.025368705407843743,0.024623573441736206,"[[ 0.65007505 -0.75839955  0.04724991 -0.515636  ]
 [-0.26191588 -0.28200857 -0.92296871  2.26605788]
 [ 0.71330393  0.58762343 -0.38196362  3.59697853]
 [ 0.          0.          0.          1.        ]]","[[ 0.65978264 -0.74159825  0.1213215  -0.72129863]
 [-0.24223606 -0.36272446 -0.89986258  2.17379899]
 [ 0.71134278  0.56432527 -0.41896114  3.72480989]
 [ 0.          0.          0.          1.        ]]"
7-scenes-redkitchen,31,37,1.0,30,0.30943057321998346,0.3604352143159962,0.023134539906109062,0.019774761056748528,"[[-0.46041962 -0.67640681  0.57488052 -1.87652415]
 [ 0.3431127   0.4616734   0.81800449 -1.5246091 ]
 [-0.81871085  0.57387412  0.01952027  1.4295364 ]
 [ 0.          0.          0.          1.        ]]","[[-0.42252167 -0.61916176  0.66190191 -2.02363187]
 [ 0.51592468  0.43612642  0.73730284 -1.2892878 ]
 [-0.74518264  0.65301796  0.13516797  1.21681194]
 [ 0.          0.          0.          1.        ]]"
7-scenes-redkitchen,31,45,2.0,30,0.525491256278547,0.5430996456978614,0.02311731095844297,0.022941418670314163,"[[ 0.14218922  0.98615978 -0.08527088 -0.18206847]
 [-0.93718959  0.10640432 -0.33219542  1.02540656]
 [-0.31852457  0.12714959  0.93934822  0.10672453]
 [ 0.          0.          0.          1.        ]]","[[ 0.20821563  0.97741887 -0.03603612 -0.26738166]
 [-0.93522374  0.18816952 -0.29991463  0.97151406]
 [-0.28636132  0.09614875  0.95328517  0.0555041 ]
 [ 0.          0.          0.          1.        ]]"
7-scenes-redkitchen,31,48,2.0,30,0.5342936288088642,0.5732158146562578,0.023291407543144845,0.022414333345788948,"[[ 0.75135369 -0.65813832  0.04818271 -0.71449072]
 [-0.6009669  -0.65226595  0.4619393   0.01421719]
 [-0.27259202 -0.37603601 -0.88560178  2.9942164 ]
 [ 0.          0.          0.          1.        ]]","[[ 0.81316717 -0.582016    0.00406635 -0.64569015]
 [-0.54946233 -0.76534286  0.33517377  0.14378142]
 [-0.19196434 -0.27478661 -0.94214755  3.05040018]
 [ 0.          0.          0.          1.        ]]"
7-scenes-redkitchen,31,50,2.0,30,0.43561162057289016,0.48586667441759074,0.022734052824452303,0.0219077933044734,"[[-0.51680851  0.83962355 -0.1671564   0.36073182]
 [-0.35286473 -0.38681228 -0.85197579  1.65534582]
 [-0.77999708 -0.38132474  0.49618142  1.07576601]
 [ 0.          0.          0.          1.        ]]","[[-0.56729049  0.81629181 -0.1088539   0.31746626]
 [-0.41597404 -0.39811393 -0.81760069  1.58224845]
 [-0.71073701 -0.4185367   0.56540245  0.97682261]
 [ 0.          0.          0.          1.        ]]"
7-scenes-redkitchen,31,51,5.0,30,0.6044856058915421,0.7079892881053337,0.023695002083504613,0.023062448300655236,"[[ 0.70494626 -0.19034666  0.68324147 -0.88290748]
 [-0.70033139 -0.33918361  0.62808472  0.18328484]
 [ 0.11219048 -0.92126143 -0.37241196  1.70329158]
 [ 0.          0.          0.          1.        ]]","[[ 0.80162885 -0.26746709  0.53465179 -0.76433281]
 [-0.59278467 -0.47148318  0.65292414  0.08541907]
 [ 0.07744361 -0.84033622 -0.53650492  1.85311421]
 [ 0.          0.          0.          1.        ]]"
7-scenes-redkitchen,31,52,5.0,30,0.609193284947623,0.6725368112097656,0.021437988126216462,0.021134754771095613,"[[-0.94928105 -0.09851539 -0.29859706  0.33700651]
 [ 0.27876106  0.17562914 -0.94416454  1.67002425]
 [ 0.14545708 -0.97951474 -0.13925916  1.59251717]
 [ 0.          0.          0.          1.        ]]","[[-0.92172682 -0.14848158 -0.35829163  0.3486427 ]
 [ 0.29107769  0.34567315 -0.89206718  1.60669718]
 [ 0.25630734 -0.92653294 -0.27539654  1.68876052]
 [ 0.          0.          0.          1.        ]]"
7-scenes-redkitchen,32,40,1.0,30,0.290218376081727,0.3135961760754788,0.024701736705295425,0.024623746153357103,"[[ 0.42601929  0.89746635 -0.11428789 -0.31499875]
 [ 0.89837367 -0.40471524  0.17067607 -0.56609013]
 [ 0.10692198 -0.17538453 -0.97867664  4.60967818]
 [ 0.          0.          0.          1.        ]]","[[ 0.34146551  0.93748985 -0.06718692 -0.43105205]
 [ 0.93423629 -0.3307099   0.13354219 -0.49828478]
 [ 0.10297507 -0.10836851 -0.98876307  4.61255058]
 [ 0.          0.          0.          1.        ]]"
7-scenes-redkitchen,32,50,1.0,30,0.45478062462759233,0.6133063988722406,0.024732972241184887,0.022086307599678924,"[[ 0.28778204 -0.10820542 -0.9515635   1.41180726]
 [ 0.59866962  0.79586071  0.09055615 -0.3482529 ]
 [ 0.74751333 -0.59573259  0.29381371  1.0580379 ]
 [ 0.          0.          0.          1.        ]]","[[ 0.20708425 -0.10146441 -0.97304732  1.36932373]
 [ 0.53170546  0.84656374  0.02488238 -0.19286246]
 [ 0.82122191 -0.52252732  0.2292592   1.10460271]
 [ 0.          0.          0.          1.        ]]"
7-scenes-redkitchen,33,44,0.0,30,0.4686929037248443,0.5350012669538429,0.0240536967620486,0.02263488108248042,"[[1. 0. 0. 0.]
 [0. 1. 0. 0.]
 [0. 0. 1. 0.]
 [0. 0. 0. 1.]]","[[ 0.98528646 -0.10320218 -0.1362347   0.2523028 ]
 [ 0.1060172   0.99427194  0.01355221 -0.06263096]
 [ 0.13405572 -0.02779603  0.99058389  0.00987378]
 [ 0.          0.          0.          1.        ]]"
7-scenes-redkitchen,33,47,2.0,30,0.6686180080937413,0.8131614614874413,0.025821922085454124,0.01738836034462077,"[[ 0.81110435 -0.55589173  0.1819179  -0.378002  ]
 [ 0.26583235  0.62740012  0.73191683 -1.67003198]
 [-0.52100183 -0.54530126  0.65666097  1.56247681]
 [ 0.          0.          0.          1.        ]]","[[ 0.80719285 -0.57250022  0.14381653 -0.34078196]
 [ 0.2712841   0.57617433  0.77099162 -1.80447157]
 [-0.52425627 -0.58332379  0.62039401  1.54821995]
 [ 0.          0.          0.          1.        ]]"
7-scenes-redkitchen,33,48,3.0,30,0.46251322085117097,0.5000856207504407,0.024507476306195958,0.023007127570184936,"[[ 0.09922068  0.97281893  0.20923335 -0.76421961]
 [-0.9447074   0.02604871  0.32687825 -0.24123553]
 [ 0.31254308 -0.23009737  0.92161381  0.1769563 ]
 [ 0.          0.          0.          1.        ]]","[[ 0.03401914  0.92867943  0.36931994 -0.97226224]
 [-0.91979593 -0.11544902  0.37502928 -0.3027938 ]
 [ 0.3909196  -0.35245715  0.85026809  0.26577444]
 [ 0.          0.          0.          1.        ]]"
7-scenes-redkitchen,33,50,1.0,30,0.5097298318533913,0.6592451568835472,0.02448162653445923,0.0224496340155647,"[[ 0.13649485  0.90673017 -0.39901072 -0.32300955]
 [-0.94226948  0.24315612  0.23022453 -0.47747072]
 [ 0.30577342  0.34455116  0.88757372  0.2777283 ]
 [ 0.          0.          0.          1.        ]]","[[ 0.05647453  0.96396776 -0.25995537 -0.45884395]
 [-0.95111733  0.13112491  0.27961059 -0.49711615]
 [ 0.30362222  0.23145718  0.92425166  0.31599709]
 [ 0.          0.          0.          1.        ]]"
7-scenes-redkitchen,33,51,3.0,30,0.7950903816112475,0.869024771256416,0.0215280975947614,0.020629248350142355,"[[-0.60001236  0.78572979 -0.15037907 -0.53913735]
 [-0.74910678 -0.48586233  0.45030748 -0.70601102]
 [ 0.28075648  0.38284004  0.88011892  0.46503375]
 [ 0.          0.          0.          1.        ]]","[[-0.63355964  0.75723516 -0.15873592 -0.51371841]
 [-0.66998061 -0.4343506   0.60205111 -0.8376317 ]
 [ 0.38694722  0.48778527  0.78251989  0.56971662]
 [ 0.          0.          0.          1.        ]]"
7-scenes-redkitchen,35,44,2.0,30,0.6436192203566141,0.6654641718789592,0.02229453923372511,0.022038282850847416,"[[-0.67693261  0.57024891 -0.46537987  0.51321213]
 [-0.65948566 -0.75068212  0.03943379 -0.7341713 ]
 [-0.32686527  0.33360537  0.88423218  1.40235703]
 [ 0.          0.          0.          1.        ]]","[[-0.67007745  0.57877602 -0.46477364  0.50643874]
 [-0.6763323  -0.73406973  0.060961   -0.77054143]
 [-0.30589349  0.35519002  0.88332849  1.44308084]
 [ 0.          0.          0.          1.        ]]"
7-scenes-redkitchen,35,46,1.0,30,0.46243531854586206,0.5144441514781978,0.02444641866003757,0.024830937223011496,"[[-0.40245442 -0.71925545 -0.5663056   0.12121256]
 [ 0.87672893 -0.48082563 -0.01237315 -0.7181448 ]
 [-0.26339479 -0.50147613  0.82410247  1.3982866 ]
 [ 0.          0.          0.          1.        ]]","[[-0.34789969 -0.67523086 -0.65040687  0.26273129]
 [ 0.89613877 -0.44336468 -0.01905405 -0.70211279]
 [-0.27550156 -0.58948371  0.75934699  1.52194624]
 [ 0.          0.          0.          1.        ]]"
7-scenes-redkitchen,35,48,2.0,30,0.660206497104004,0.7433392092671871,0.02055342725201856,0.017751080509763387,"[[ 0.24965253  0.96702137  0.05043094 -0.1213115 ]
 [ 0.83604011 -0.18897481 -0.51509752  0.35419462]
 [-0.48858014  0.17075769 -0.85564669  4.34451098]
 [ 0.          0.          0.          1.        ]]","[[ 0.24751773  0.96870888  0.01838675 -0.08562736]
 [ 0.88137291 -0.21723967 -0.41951009  0.19247864]
 [-0.40238882  0.12004177 -0.90756444  4.34790967]
 [ 0.          0.          0.          1.        ]]"
7-scenes-redkitchen,35,50,1.0,30,0.6926710168727928,0.7319972677992704,0.02224006752192847,0.02175191586387331,"[[-0.37590208  0.17336631  0.91029761 -1.95397185]
 [-0.89580346 -0.31937124 -0.30909251 -0.17643283]
 [ 0.23713665 -0.93163627  0.27535446  2.58082559]
 [ 0.          0.          0.          1.        ]]","[[-0.39744609  0.09587617  0.91260307 -1.93597538]
 [-0.88869561 -0.28797187 -0.35678048 -0.11324129]
 [ 0.22859727 -0.95282735  0.19965802  2.62326876]
 [ 0.          0.          0.          1.        ]]"
7-scenes-redkitchen,35,58,0.0,30,0.4797391330847919,0.5320445749230504,0.02379001407819293,0.023298179906254334,"[[1. 0. 0. 0.]
 [0. 1. 0. 0.]
 [0. 0. 1. 0.]
 [0. 0. 0. 1.]]","[[ 0.99866183 -0.03867084  0.03433819 -0.05736551]
 [ 0.03875327  0.9992473  -0.00173802  0.03964591]
 [-0.03424514  0.00306642  0.99940876 -0.06128599]
 [ 0.          0.          0.          1.        ]]"
7-scenes-redkitchen,36,41,0.0,30,0.47358966218104753,0.5722922789279018,0.025511980005687877,0.02313282308154794,"[[1. 0. 0. 0.]
 [0. 1. 0. 0.]
 [0. 0. 1. 0.]
 [0. 0. 0. 1.]]","[[ 0.99395363  0.10769871  0.02138151 -0.08825657]
 [-0.10880358  0.99225621  0.05991149 -0.14689121]
 [-0.01476355 -0.06187563  0.99797467 -0.04327403]
 [ 0.          0.          0.          1.        ]]"
7-scenes-redkitchen,36,42,0.0,30,0.5079266464789528,0.533550850881728,0.02510769795582601,0.02491484881378955,"[[1. 0. 0. 0.]
 [0. 1. 0. 0.]
 [0. 0. 1. 0.]
 [0. 0. 0. 1.]]","[[ 0.9996579   0.01385128 -0.02218596  0.05632182]
 [-0.01260712  0.99839188  0.0552695  -0.11055701]
 [ 0.02291583 -0.05497089  0.99822496  0.02120277]
 [ 0.          0.          0.          1.        ]]"
7-scenes-redkitchen,36,48,2.0,30,0.6566104255854949,0.7088995215311005,0.022944618174373682,0.02124965483221551,"[[ 0.36469402  0.92669286 -0.09076681 -0.28512688]
 [-0.91333167  0.37498741  0.15877564  0.209211  ]
 [ 0.18117266  0.02499567  0.9831336  -0.03017361]
 [ 0.          0.          0.          1.        ]]","[[ 0.38196211  0.89664623 -0.22389838 -0.07890341]
 [-0.91143969  0.40556079  0.0692686   0.30469772]
 [ 0.15291383  0.17761189  0.97214782 -0.01977033]
 [ 0.          0.          0.          1.        ]]"
7-scenes-redkitchen,36,52,2.0,30,0.6271966989647423,0.6686561298800182,0.024210222641624944,0.023107642941656948,"[[ 0.30891447  0.79316742 -0.52484025  0.48644806]
 [-0.92579041  0.37720052  0.02513738  0.67460411]
 [ 0.21790817  0.47812677  0.85082949  0.86869207]
 [ 0.          0.          0.          1.        ]]","[[ 0.35663954  0.7123891  -0.60440881  0.56887797]
 [-0.89371352  0.44863579  0.00143887  0.70097921]
 [ 0.27218445  0.53965516  0.79667304  0.89225889]
 [ 0.          0.          0.          1.        ]]"
7-scenes-redkitchen,37,49,2.0,30,0.6347736951674434,0.6697946718236482,0.02075818816138597,0.020784694256342492,"[[ 0.12995468 -0.05479511  0.99000469 -2.10111676]
 [-0.0259635  -0.99831747 -0.05184707  0.13267036]
 [ 0.99117994 -0.01896622 -0.1311587   1.64464419]
 [ 0.          0.          0.          1.        ]]","[[ 0.12067545 -0.05037623  0.99141297 -2.06336182]
 [-0.06937691 -0.99669754 -0.04220015  0.12885693]
 [ 0.99026475 -0.06368865 -0.12377187  1.63121255]
 [ 0.          0.          0.          1.        ]]"
7-scenes-redkitchen,38,46,0.0,30,0.47163903628753173,0.5334860419893873,0.024366554766694044,0.023087900198279044,"[[1. 0. 0. 0.]
 [0. 1. 0. 0.]
 [0. 0. 1. 0.]
 [0. 0. 0. 1.]]","[[ 0.99817993  0.04287959  0.04240486 -0.03518579]
 [-0.05004068  0.98135393  0.18558121 -0.25171709]
 [-0.03365653 -0.1873654   0.98171352  0.00952515]
 [ 0.          0.          0.          1.        ]]"
7-scenes-redkitchen,38,47,0.0,30,0.5069354327075584,0.5965145004854322,0.022772126309844983,0.022627222526354913,"[[1. 0. 0. 0.]
 [0. 1. 0. 0.]
 [0. 0. 1. 0.]
 [0. 0. 0. 1.]]","[[ 0.99124025  0.12371734  0.04622529 -0.04186996]
 [-0.13040019  0.97229319  0.1940148  -0.20803986]
 [-0.02094154 -0.19834307  0.97990891  0.04291948]
 [ 0.          0.          0.          1.        ]]"
7-scenes-redkitchen,38,51,2.0,30,0.8300156215130551,0.8699843784869449,0.02180919526868402,0.020212871270029298,"[[ 0.9473358   0.09426584  0.30605365  0.57760415]
 [ 0.08514186 -0.99543806  0.04305739 -1.12594691]
 [ 0.30871629 -0.01473183 -0.95104008  4.14824058]
 [ 0.          0.          0.          1.        ]]","[[ 0.94546818  0.11253747  0.30565541  0.54781396]
 [ 0.0621555  -0.98350791  0.16984958 -1.22927231]
 [ 0.31972896 -0.14158921 -0.93687026  4.15025266]
 [ 0.          0.          0.          1.        ]]"
7-scenes-redkitchen,39,45,2.0,30,0.5283512855902901,0.5977674696566542,0.024159576934978024,0.01981997785849452,"[[-0.73143429  0.40314325  0.54998128 -0.95690325]
 [ 0.67968414  0.49614872  0.54024617 -1.63096819]
 [-0.05507591  0.76896812 -0.63691025  3.65459787]
 [ 0.          0.          0.          1.        ]]","[[-0.72901063  0.29559391  0.61738784 -1.12659943]
 [ 0.67584111  0.45385944  0.58073264 -1.74823113]
 [-0.10854627  0.84061635 -0.53064287  3.54559362]
 [ 0.          0.          0.          1.        ]]"
7-scenes-redkitchen,39,51,1.0,30,0.544498995759875,0.6198393215800044,0.024562280911257166,0.02134693767913189,"[[-0.38317171 -0.88966051 -0.24836186  0.71422246]
 [ 0.90473793 -0.30732276 -0.294961   -0.55735714]
 [ 0.1860879  -0.33772311  0.922667    2.6014468 ]
 [ 0.          0.          0.          1.        ]]","[[-0.38247046 -0.83410678 -0.39746978  0.81724514]
 [ 0.90397288 -0.24879303 -0.34775718 -0.51715981]
 [ 0.19117891 -0.49230876  0.84916589  2.57800416]
 [ 0.          0.          0.          1.        ]]"
7-scenes-redkitchen,41,47,1.0,30,0.5227191894723688,0.6361853678230528,0.025354753502760292,0.022870570335972756,"[[-0.02230995 -0.99909397 -0.03624239  0.09039574]
 [ 0.06103507  0.03482266 -0.997528    1.73696652]
 [ 0.99788626 -0.02446685  0.06020288  1.90570975]
 [ 0.          0.          0.          1.        ]]","[[-0.00783741 -0.97262733  0.23223835 -0.31410758]
 [-0.05943701 -0.23138175 -0.97104569  1.76177578]
 [ 0.99820129 -0.02141403 -0.05599663  2.10977086]
 [ 0.          0.          0.          1.        ]]"
7-scenes-redkitchen,41,49,1.0,30,0.5685994779613015,0.6732608397003033,0.025650842009197147,0.02378582033502975,"[[ 0.26106108  0.40547427  0.87603523 -1.40233282]
 [ 0.68291423 -0.71897039  0.1292661  -0.21326353]
 [ 0.68225747  0.56451058 -0.46459934  2.43791001]
 [ 0.          0.          0.          1.        ]]","[[ 0.17730368  0.32647147  0.92842866 -1.43121082]
 [ 0.68942411 -0.714423    0.11955824 -0.18467749]
 [ 0.70232315  0.61888299 -0.35174713  2.24485857]
 [ 0.          0.          0.          1.        ]]"
7-scenes-redkitchen,41,50,4.0,30,0.7111860367103141,0.8138906247729222,0.02468234771187835,0.020263247364109813,"[[ 0.04910621 -0.39342222  0.9180455  -1.11074771]
 [-0.11619119 -0.91516392 -0.38597228  0.76199175]
 [ 0.99201219 -0.08771517 -0.09065243  2.1049299 ]
 [ 0.          0.          0.          1.        ]]","[[ 0.11599891 -0.5231063   0.84433645 -0.97807393]
 [ 0.0113062  -0.84932453 -0.52774995  0.93237912]
 [ 0.99318499  0.07076466 -0.09260638  2.10583054]
 [ 0.          0.          0.          1.        ]]"
7-scenes-redkitchen,41,54,0.0,30,0.5900335815526785,0.6590535811726125,0.024864685927356044,0.022796771143609444,"[[1. 0. 0. 0.]
 [0. 1. 0. 0.]
 [0. 0. 1. 0.]
 [0. 0. 0. 1.]]","[[ 0.99676981 -0.07449874 -0.02999795  0.09370253]
 [ 0.07354335  0.99678541 -0.0317841   0.01861926]
 [ 0.03226939  0.02947528  0.99904449  0.0507392 ]
 [ 0.          0.          0.          1.        ]]"
7-scenes-redkitchen,42,46,1.0,30,0.6215022576711381,0.6749695131999605,0.023763016101518753,0.022937569389829302,"[[ 0.66591499  0.70738948 -0.23697542  0.87681652]
 [-0.70914161  0.5015599  -0.49553592  0.64026419]
 [-0.23167953  0.49803393  0.83563557  1.52585517]
 [ 0.          0.          0.          1.        ]]","[[ 0.67769622  0.72845497 -0.10040513  0.62934876]
 [-0.6884576   0.58056973 -0.43470096  0.5263197 ]
 [-0.2583679   0.36371987  0.89496027  1.44049721]
 [ 0.          0.          0.          1.        ]]"
7-scenes-redkitchen,42,52,2.0,30,0.6790087069717177,0.7017647275540655,0.022552617510108938,0.021766048752284124,"[[-0.27798961  0.28634944 -0.916911    1.51065189]
 [ 0.84197285 -0.38684098 -0.37607947 -0.34165366]
 [-0.4623889  -0.87656035 -0.13356068  2.84765737]
 [ 0.          0.          0.          1.        ]]","[[-0.32284935  0.29155944 -0.90042289  1.48109239]
 [ 0.85031    -0.32842823 -0.4112272  -0.301881  ]
 [-0.41562147 -0.89840302 -0.14188306  2.84573121]
 [ 0.          0.          0.          1.        ]]"
7-scenes-redkitchen,43,46,3.0,30,0.4763768498071916,0.5174598727794074,0.024646670340971674,0.02386875486540154,"[[ 0.91632594 -0.00685039  0.40037464 -0.72939068]
 [ 0.16756561 -0.90154216 -0.39892794  0.34639444]
 [ 0.36368742  0.43263704 -0.82495858  3.05787212]
 [ 0.          0.          0.          1.        ]]","[[ 0.90980847 -0.02460045  0.41429865 -0.69670709]
 [ 0.1245239  -0.93606986 -0.32903954  0.25922526]
 [ 0.395907    0.35095304 -0.84858094  3.07837622]
 [ 0.          0.          0.          1.        ]]"
7-scenes-redkitchen,43,47,4.0,30,0.5793946035316396,0.7055300823792908,0.022940632600172595,0.021348701411390232,"[[-0.55658121 -0.70464246  0.44010948 -0.4278349 ]
 [-0.480556    0.70518911  0.52131972 -0.97496306]
 [-0.67770442  0.07865951 -0.73111517  3.0734466 ]
 [ 0.          0.          0.          1.        ]]","[[-0.6408448  -0.51029696  0.57351107 -0.61131303]
 [-0.34101123  0.85855576  0.38287512 -0.74597682]
 [-0.68777124  0.04978981 -0.72421799  3.09319793]
 [ 0.          0.          0.          1.        ]]"
7-scenes-redkitchen,43,50,3.0,30,0.6833699080062201,0.7041666061125725,0.02479324957360978,0.02467300469653766,"[[-0.72595329  0.58065823 -0.36854829  0.98661164]
 [ 0.68233155  0.6751926  -0.28024739  0.29902728]
 [ 0.08611313 -0.45491864 -0.88635973  2.98806199]
 [ 0.          0.          0.          1.        ]]","[[-0.69458737  0.59111029 -0.41004512  1.03867503]
 [ 0.7178154   0.60736129 -0.3403723   0.3517767 ]
 [ 0.04784796 -0.53075501 -0.84617356  2.96529997]
 [ 0.          0.          0.          1.        ]]"
7-scenes-redkitchen,44,50,6.0,30,0.5803746602915316,0.7344388088767457,0.02454420475505163,0.022112426751945434,"[[-0.47484182  0.23779859  0.84733528 -1.15792654]
 [ 0.47716288  0.87856785  0.02083555 -0.02192784]
 [-0.73948687  0.41421053 -0.53064942  2.1714131 ]
 [ 0.          0.          0.          1.        ]]","[[-0.67534578  0.01234823  0.73739786 -1.06364545]
 [ 0.33163869  0.89814988  0.28869114 -0.34794027]
 [-0.65872897  0.43951601 -0.61065688  2.27906925]
 [ 0.          0.          0.          1.        ]]"
7-scenes-redkitchen,44,51,2.0,30,0.5350145056906941,0.6578219147511716,0.026410994249015822,0.024386353205123994,"[[ 0.38153601 -0.67904179  0.62716228 -0.90049968]
 [-0.20192101 -0.72332723 -0.66032236  0.3372429 ]
 [ 0.90203003  0.12529952 -0.41308819  2.04985042]
 [ 0.          0.          0.          1.        ]]","[[ 0.29833243 -0.8744891   0.38244814 -0.74125543]
 [-0.09792374 -0.42662363 -0.89911246  0.56335905]
 [ 0.94942546  0.23078366 -0.2129089   1.89443006]
 [ 0.          0.          0.          1.        ]]"
7-scenes-redkitchen,44,55,1.0,30,0.3758827280259968,0.473742357646786,0.025479424480366417,0.02303844219176356,"[[ 0.73509116 -0.57179908 -0.36426198  1.21290323]
 [ 0.67572411  0.57424434  0.46221247 -0.73331812]
 [-0.05511729 -0.58590891  0.80850036 -0.83471504]
 [ 0.          0.          0.          1.        ]]","[[ 0.76517566 -0.57693457 -0.28574939  0.99245152]
 [ 0.64076169  0.63920203  0.42525901 -0.65413338]
 [-0.06269504 -0.5084951   0.8587794  -1.03652187]
 [ 0.          0.          0.          1.        ]]"
7-scenes-redkitchen,45,47,4.0,30,0.6323019100075938,0.6759523603541252,0.019935053920246967,0.019424446660352805,"[[-0.8187475  -0.5498288  -0.16535062  0.55525504]
 [ 0.57407854 -0.77929553 -0.25126145  0.09007557]
 [ 0.00929378 -0.30064392  0.95369117  0.33681517]
 [ 0.          0.          0.          1.        ]]","[[-0.87921305 -0.45792426 -0.1314906   0.52739874]
 [ 0.47520382 -0.82311279 -0.31091262  0.16430247]
 [ 0.03414283 -0.33584327  0.94129887  0.36133178]
 [ 0.          0.          0.          1.        ]]"
7-scenes-redkitchen,45,48,0.0,30,0.4757693276252833,0.5703047091412743,0.024681151170345094,0.023955237508538403,"[[1. 0. 0. 0.]
 [0. 1. 0. 0.]
 [0. 0. 1. 0.]
 [0. 0. 0. 1.]]","[[ 0.99540813  0.02105699  0.09337697 -0.15897216]
 [-0.01976765  0.99969636 -0.01471148  0.07938515]
 [-0.09365839  0.01279809  0.99552213  0.07625457]
 [ 0.          0.          0.          1.        ]]"
7-scenes-redkitchen,45,52,6.0,30,0.6572965405445235,0.6938559972491373,0.02411962605669792,0.023398651506743893,"[[-0.90588893  0.28704298 -0.31140259  1.23409233]
 [-0.42035922 -0.6990007   0.57852929 -0.38083179]
 [-0.05160786  0.65498423  0.75387816  0.745415  ]
 [ 0.          0.          0.          1.        ]]","[[-0.9124697   0.27616589 -0.30187986  1.19541877]
 [-0.40914034 -0.61913591  0.67027972 -0.51871726]
 [-0.00179627  0.73512117  0.67793336  0.84307627]
 [ 0.          0.          0.          1.        ]]"
7-scenes-redkitchen,45,54,1.0,30,0.3493458791335579,0.3618283350119585,0.023543902594749463,0.02323488315864704,"[[ 0.9521384  -0.15389288  0.26410121 -0.79705241]
 [ 0.05586899  0.93707816  0.34462034 -1.02389577]
 [-0.30051809 -0.31337119  0.90082594 -0.95258184]
 [ 0.          0.          0.          1.        ]]","[[ 0.9504927  -0.11715008  0.2878185  -0.86516949]
 [ 0.0246984   0.95176548  0.30583076 -0.93108572]
 [-0.30976381 -0.28358125  0.90753956 -0.98695128]
 [ 0.          0.          0.          1.        ]]"
7-scenes-redkitchen,45,55,3.0,30,0.30832995188684714,0.3773046404811997,0.025129651369146806,0.023317466059870562,"[[-0.24894349 -0.75030323  0.61243139 -1.62277543]
 [-0.06702911  0.64416954  0.76194009 -1.78311598]
 [-0.96619575  0.14862929 -0.21065398  1.45409815]
 [ 0.          0.          0.          1.        ]]","[[-0.15688778 -0.72187577  0.67400415 -1.72520119]
 [ 0.02392638  0.67947695  0.73330662 -1.70698255]
 [-0.98732657  0.13117332 -0.08932975  1.10662944]
 [ 0.          0.          0.          1.        ]]"
7-scenes-redkitchen,46,50,6.0,30,0.7368658169716171,0.8007528084988882,0.02158681276891263,0.018226756643317917,"[[ 0.90043314  0.07027055  0.42928104 -0.13407426]
 [-0.24169324  0.90133403  0.35941807 -0.20997777]
 [-0.3616691  -0.42738627  0.82857494  0.59629867]
 [ 0.          0.          0.          1.        ]]","[[ 0.88588487 -0.02572107  0.46319157 -0.17629522]
 [-0.08619777  0.97194793  0.21883135 -0.07778457]
 [-0.45582666 -0.23378547  0.85881687  0.5747186 ]
 [ 0.          0.          0.          1.        ]]"
7-scenes-redkitchen,46,51,2.0,30,0.7883954474447668,0.861727293014952,0.02096642826334179,0.020654231353716378,"[[ 0.67986475 -0.60396715  0.41594183  0.15466879]
 [-0.48379186 -0.79564494 -0.36454707  0.30456216]
 [ 0.55111647  0.04661343 -0.83312533  2.27139339]
 [ 0.          0.          0.          1.        ]]","[[ 0.63120841 -0.6189187   0.46745651  0.10639415]
 [-0.57254417 -0.77839046 -0.25749072  0.25630427]
 [ 0.52322951 -0.10510919 -0.84568489  2.23958268]
 [ 0.          0.          0.          1.        ]]"
7-scenes-redkitchen,46,52,2.0,30,0.45902565425094255,0.6074003119281828,0.023896784642775636,0.02304834263370544,"[[-0.85187476 -0.41011631 -0.32575143  0.65900826]
 [ 0.19495555  0.32896958 -0.92399748  1.07115885]
 [ 0.48610875 -0.85063719 -0.20028643  1.23502272]
 [ 0.          0.          0.          1.        ]]","[[-0.91589694 -0.36574039 -0.16542899  0.54397123]
 [ 0.07665597  0.24517108 -0.96644452  1.21455908]
 [ 0.3940262  -0.8978447  -0.19651526  1.32412992]
 [ 0.          0.          0.          1.        ]]"
7-scenes-redkitchen,46,55,1.0,30,0.24277535488138796,0.2804202313932355,0.024694568094345167,0.023774510474874187,"[[-0.90149576  0.41923942 -0.10744159  0.30646315]
 [ 0.42373363  0.90551943 -0.02200848  0.37101147]
 [ 0.08806363 -0.06536717 -0.99396777  4.60130332]
 [ 0.          0.          0.          1.        ]]","[[-0.87977823  0.47398041 -0.0365079   0.16462157]
 [ 0.4743795   0.87033536 -0.1322137   0.75295174]
 [-0.03089259 -0.13363733 -0.99054869  4.52824418]
 [ 0.          0.          0.          1.        ]]"
7-scenes-redkitchen,47,49,5.0,30,0.6038212387323125,0.6677868306755858,0.022107232417843244,0.019743949883393192,"[[ 0.84483436 -0.40096692  0.35423218 -0.41231807]
 [ 0.29533722  0.90156994  0.31614486 -0.35132931]
 [-0.44612871 -0.1624721   0.88009772  0.21327934]
 [ 0.          0.          0.          1.        ]]","[[ 0.90495531 -0.28693103  0.31420769 -0.37134772]
 [ 0.19762506  0.93737852  0.28682025 -0.30549306]
 [-0.37682917 -0.19746419  0.90499043  0.22299332]
 [ 0.          0.          0.          1.        ]]"
7-scenes-redkitchen,47,50,11.0,30,0.6879913964742984,0.7423447514133326,0.0222049124492072,0.021834595885470546,"[[ 0.79357916  0.10818844  0.59877155 -0.41444351]
 [-0.24948258 -0.83968954  0.48236907 -0.5403636 ]
 [ 0.55496897 -0.53218111 -0.63936899  2.0940743 ]
 [ 0.          0.          0.          1.        ]]","[[ 0.81876551  0.05475882  0.57151073 -0.40992759]
 [-0.28009085 -0.8308482   0.4808746  -0.55014072]
 [ 0.50117079 -0.55379847 -0.6649324   2.16571468]
 [ 0.          0.          0.          1.        ]]"
7-scenes-redkitchen,47,51,7.0,30,0.8213345235438518,0.9604329390760991,0.024999163307950684,0.018118881578703477,"[[ 0.99488829  0.10003948  0.01376166 -0.05389277]
 [-0.10078554  0.97520533  0.19701989  0.00149956]
 [ 0.00628932 -0.19739976  0.9803029   0.24604604]
 [ 0.          0.          0.          1.        ]]","[[ 0.99643714  0.04690044 -0.07009542  0.03846843]
 [-0.02697722  0.96469627  0.26197966 -0.05324079]
 [ 0.07990775 -0.25915529  0.96252444  0.35309379]
 [ 0.          0.          0.          1.        ]]"
7-scenes-redkitchen,47,52,2.0,30,0.4920974100136315,0.5940144174679782,0.024458636342510873,0.02189805291762852,"[[ 0.54920324 -0.75474517  0.35879733 -0.7707262 ]
 [-0.40836861 -0.61697057 -0.67274245  0.86004968]
 [ 0.72911651  0.22295076 -0.64705647  1.62769209]
 [ 0.          0.          0.          1.        ]]","[[ 0.46697588 -0.71895596  0.51481633 -0.85693872]
 [-0.49710834 -0.69492854 -0.51957446  0.74795931]
 [ 0.73131172 -0.01329075 -0.68191387  1.67891821]
 [ 0.          0.          0.          1.        ]]"
7-scenes-redkitchen,47,54,1.0,30,0.12582901913089747,0.13467912921432199,0.02276609986082679,0.022076218785848586,"[[-0.05694184 -0.9900003  -0.12906215  0.71422716]
 [ 0.69564726 -0.13206795  0.70613947 -1.02921253]
 [-0.71612326 -0.04957285  0.69621118  0.314548  ]
 [ 0.          0.          0.          1.        ]]","[[-0.11617206 -0.98842385 -0.09758254  0.69042951]
 [ 0.66306944 -0.1503284   0.73330777 -1.08335971]
 [-0.73948832  0.02048588  0.67285761  0.3157533 ]
 [ 0.          0.          0.          1.        ]]"
7-scenes-redkitchen,47,59,2.0,30,0.29832268530974304,0.31167454392861876,0.02342663529443601,0.022286338519387612,"[[ 0.73491367 -0.66972624 -0.10662397 -0.26522177]
 [ 0.43046171  0.58217466 -0.68976473  2.57703983]
 [ 0.52402731  0.46101999  0.71613961 -0.59321542]
 [ 0.          0.          0.          1.        ]]","[[ 0.71204887 -0.68822177 -0.13905828 -0.20053321]
 [ 0.50053322  0.63644084 -0.58686417  2.30660568]
 [ 0.49239507  0.34827268  0.79765483 -0.92391744]
 [ 0.          0.          0.          1.        ]]"
7-scenes-redkitchen,48,50,20.0,30,0.9439317531136915,0.9764275022162798,0.01732433731104904,0.012585793396290764,"[[ 0.99758332  0.04186938  0.05544786  0.12190958]
 [-0.04943607  0.98848667  0.14300412 -0.15646445]
 [-0.04882198 -0.14539965  0.98816768  0.22859405]
 [ 0.          0.          0.          1.        ]]","[[ 0.9976558  -0.00291695  0.06836952  0.08957669]
 [-0.00370269  0.99532657  0.0964951  -0.05351998]
 [-0.06833147 -0.09652204  0.99298253  0.26754022]
 [ 0.          0.          0.          1.        ]]"
7-scenes-redkitchen,48,51,5.0,30,0.8641374693148851,0.944387413523767,0.01931183161254455,0.01906878273774666,"[[ 0.78284048  0.26043209  0.56509814 -0.11333762]
 [ 0.04039908 -0.92755076  0.37150706 -0.679304  ]
 [ 0.62090957 -0.26800132 -0.7366455   2.26167965]
 [ 0.          0.          0.          1.        ]]","[[ 0.85291356  0.31167086  0.41880753  0.04698516]
 [ 0.04360721 -0.84196304  0.53777008 -0.84926552]
 [ 0.52022772 -0.44040836 -0.73171279  2.21297195]
 [ 0.          0.          0.          1.        ]]"
7-scenes-redkitchen,48,52,6.0,30,0.7025506883297106,0.8939198565621584,0.020947920911146365,0.014907798079132298,"[[ 0.99696021 -0.07787446  0.00243277  0.03607816]
 [ 0.07765752  0.99573746  0.04976158  0.1943739 ]
 [-0.00629756 -0.04942139  0.99875816  0.2783045 ]
 [ 0.          0.          0.          1.        ]]","[[ 0.9933098   0.05869327 -0.09945217  0.11541714]
 [-0.04101681  0.98436945  0.17127293  0.04280013]
 [ 0.10795024 -0.16604787  0.98019123  0.28037112]
 [ 0.          0.          0.          1.        ]]"
7-scenes-redkitchen,48,54,1.0,30,0.23821998767500008,0.25571388625708213,0.02290301838253395,0.02260083230502547,"[[-0.56083548  0.40893545 -0.71988566  2.77031657]
 [-0.09805487 -0.8961915  -0.43269624  1.46664227]
 [-0.82210024 -0.17208311  0.5427141   0.41112149]
 [ 0.          0.          0.          1.        ]]","[[-0.56047026  0.45269332 -0.69349971  2.69487243]
 [-0.12002966 -0.87294388 -0.47282329  1.54212856]
 [-0.81943027 -0.18176286  0.54359571  0.39019647]
 [ 0.          0.          0.          1.        ]]"
7-scenes-redkitchen,48,56,1.0,30,0.3179182973188154,0.34410591669750423,0.023327743864924075,0.02255115768456637,"[[-0.4163401  -0.85377066 -0.31262851  0.1988918 ]
 [ 0.85016507 -0.48745549  0.1990138  -0.2222349 ]
 [-0.32230463 -0.18292841  0.92879326 -2.04692537]
 [ 0.          0.          0.          1.        ]]","[[-0.37097542 -0.84083452 -0.39417578  0.55061518]
 [ 0.80275891 -0.50375567  0.31907422 -0.67176185]
 [-0.4668569  -0.19805943  0.86186837 -2.03551839]
 [ 0.          0.          0.          1.        ]]"
7-scenes-redkitchen,49,51,4.0,30,0.7717027449230083,0.7837536264226735,0.022153363790581002,0.020757400375683802,"[[ 0.10246234  0.98780485 -0.11723076  0.12428835]
 [ 0.94470174 -0.1335367  -0.29951054  0.25734967]
 [-0.31151257 -0.08005955 -0.94686345  1.98306431]
 [ 0.          0.          0.          1.        ]]","[[ 0.10155916  0.98563919 -0.13491153  0.13985952]
 [ 0.94091028 -0.13920732 -0.30872182  0.2900398 ]
 [-0.32306899 -0.09558612 -0.94153583  2.01718128]
 [ 0.          0.          0.          1.        ]]"
7-scenes-redkitchen,49,52,6.0,30,0.821402694371784,0.9410160999152636,0.019301816293394062,0.01688373399709938,"[[ 0.95553562  0.17779161 -0.23524843  0.10356065]
 [-0.09527782  0.94114955  0.32428332 -0.23004438]
 [ 0.2790588  -0.2874503   0.91624151  0.12337442]
 [ 0.          0.          0.          1.        ]]","[[ 0.97433913  0.0659219  -0.21521513  0.03605353]
 [-0.02861122  0.98466747  0.17207955 -0.01272056]
 [ 0.22325915 -0.16150628  0.96128616  0.12806792]
 [ 0.          0.          0.          1.        ]]"
7-scenes-redkitchen,49,53,4.0,30,0.36768825816649847,0.5784329637914852,0.024097552373036173,0.02148553551373772,"[[ 0.97336765 -0.06719978  0.21917939 -0.77773801]
 [ 0.02619185  0.98241065  0.18488725 -0.07520976]
 [-0.22774855 -0.17422255  0.95800684  0.11514276]
 [ 0.          0.          0.          1.        ]]","[[ 0.97654583 -0.11113481  0.18441065 -0.62601731]
 [ 0.09284422  0.99012442  0.10504084  0.02190992]
 [-0.19426318 -0.08545573  0.9772201  -0.02649818]
 [ 0.          0.          0.          1.        ]]"
7-scenes-redkitchen,50,52,11.0,30,0.8936128406341721,0.9296442299426494,0.017558961781913105,0.013420345603891774,"[[ 0.97301842  0.13324722 -0.18836224  0.0049143 ]
 [-0.12187988  0.99002027  0.0707471   0.15969371]
 [ 0.1959093  -0.04588067  0.97954812  0.003579  ]
 [ 0.          0.          0.          1.        ]]","[[ 0.97449401  0.13004234 -0.18289456 -0.00897718]
 [-0.12182372  0.99099748  0.05552459  0.10871939]
 [ 0.18846859 -0.03182748  0.98156335 -0.01108802]
 [ 0.          0.          0.          1.        ]]"
7-scenes-redkitchen,50,53,1.0,30,0.2845237003112055,0.2947772516530588,0.023088022856035097,0.0227651422431584,"[[ 0.9474895   0.14586813  0.28458063 -0.94686508]
 [ 0.27128125  0.10455855 -0.95680405  1.51069977]
 [-0.16932256  0.98376318  0.05949684  1.31925245]
 [ 0.          0.          0.          1.        ]]","[[ 0.94290357  0.14190938  0.30132141 -0.96409151]
 [ 0.30002865  0.03093737 -0.95342839  1.50818256]
 [-0.14462252  0.98939608 -0.01340592  1.40800602]
 [ 0.          0.          0.          1.        ]]"
7-scenes-redkitchen,50,55,1.0,30,0.11842450736018713,0.14527035090889873,0.0253833205638312,0.023189012523394358,"[[-0.109726    0.68586055 -0.71941331  1.59395406]
 [ 0.99352882  0.09704387 -0.05901668  0.16603853]
 [ 0.02933744 -0.72123353 -0.69207046  3.00294329]
 [ 0.          0.          0.          1.        ]]","[[ 0.02749897  0.73974341 -0.67232693  1.49539131]
 [ 0.99384587 -0.09243039 -0.06104921  0.30030841]
 [-0.10730419 -0.66651055 -0.73773267  3.07084917]
 [ 0.          0.          0.          1.        ]]"
7-scenes-redkitchen,50,56,2.0,30,0.277395890569691,0.3182883478923938,0.02261793030780772,0.021804430819487974,"[[ 0.66303974 -0.23086348  0.71209574 -1.66057298]
 [ 0.43175277  0.89503179 -0.11183761  1.41823472]
 [-0.61152911  0.38160209  0.69311759 -1.79161701]
 [ 0.          0.          0.          1.        ]]","[[ 0.54897624 -0.29751152  0.78109665 -2.07462535]
 [ 0.40151367  0.91349028  0.065744    0.81510316]
 [-0.7330838   0.27752909  0.6209394  -1.73862557]
 [ 0.          0.          0.          1.        ]]"
7-scenes-redkitchen,50,58,1.0,30,0.23706077752156113,0.25747909915583955,0.022378560639600795,0.020194633836816998,"[[ 0.75437384 -0.03262111 -0.65563402  2.51845145]
 [-0.03648828  0.99513667 -0.09149657  1.25455801]
 [ 0.65543017  0.09294558  0.74951478 -0.98412048]
 [ 0.          0.          0.          1.        ]]","[[ 0.74881093 -0.16446387 -0.64205438  2.27037602]
 [-0.04778051  0.95280814 -0.29978937  1.90270597]
 [ 0.66105916  0.25516324  0.70561498 -0.6508038 ]
 [ 0.          0.          0.          1.        ]]"
7-scenes-redkitchen,50,59,2.0,30,0.2512960337952608,0.27941324102815335,0.025532359822912017,0.02475985514481743,"[[-0.92384541  0.34945356  0.15617898 -0.1352798 ]
 [ 0.37492862  0.90831863  0.18543409  0.50779778]
 [-0.07705967  0.2298684  -0.97016613  4.23037101]
 [ 0.          0.          0.          1.        ]]","[[-0.92033066  0.37542325  0.10976731  0.01561176]
 [ 0.38995545  0.90250479  0.18281096  0.48974218]
 [-0.03043404  0.21105089 -0.97700117  4.2889025 ]
 [ 0.          0.          0.          1.        ]]"
7-scenes-redkitchen,51,53,3.0,30,0.21717346355508196,0.2431778246663891,0.022471733065183984,0.02132007789821869,"[[ 0.48365466  0.81817142 -0.31092395  0.47426672]
 [-0.84558147  0.52849943  0.07536798 -0.29114117]
 [ 0.22598706  0.22645946  0.9474418  -0.09158037]
 [ 0.          0.          0.          1.        ]]","[[ 0.51201095  0.83788981 -0.18917045  0.36661973]
 [-0.85251973  0.52264141  0.00748785 -0.19397806]
 [ 0.1051423   0.15743768  0.98191572 -0.09272972]
 [ 0.          0.          0.          1.        ]]"
7-scenes-redkitchen,51,55,2.0,30,0.16473725308336773,0.21645803994312351,0.027083247150515747,0.02440583071037516,"[[ 0.82833822  0.42826404  0.36117267 -0.21230315]
 [ 0.45193145 -0.89180599  0.02097705 -0.26368476]
 [ 0.33107967  0.1458492  -0.93226298  4.03321851]
 [ 0.          0.          0.          1.        ]]","[[ 0.84974282  0.38724292  0.357743   -0.24466828]
 [ 0.43253665 -0.90004955 -0.05313059 -0.02245223]
 [ 0.30141198  0.1998843  -0.9323074   4.14360448]
 [ 0.          0.          0.          1.        ]]"
7-scenes-redkitchen,51,56,13.0,30,0.24573974604812152,0.2796386213186509,0.02477549483560943,0.024541373208631735,"[[ 0.31560787  0.84942058 -0.42293776  2.39109389]
 [-0.7224647  -0.07385488 -0.68745197  1.11250707]
 [-0.61517187  0.52252286  0.5903672  -1.18596507]
 [ 0.          0.          0.          1.        ]]","[[ 0.24423204  0.88579477 -0.39461161  2.24888344]
 [-0.8239702  -0.02499722 -0.56608149  0.62611437]
 [-0.51129622  0.46340345  0.72376337 -1.57587421]
 [ 0.          0.          0.          1.        ]]"
7-scenes-redkitchen,51,57,3.0,30,0.27658385489845444,0.29245965853450845,0.02223708670570236,0.020752324243090963,"[[ 0.53134408 -0.73256301  0.42547021 -1.23641342]
 [ 0.45575072 -0.17617791 -0.87249792  3.25921674]
 [ 0.71411816  0.65750496  0.24025503  1.55578637]
 [ 0.          0.          0.          1.        ]]","[[ 0.50257465 -0.75202823  0.42646485 -1.30475891]
 [ 0.5327754  -0.11907628 -0.83783723  3.29965387]
 [ 0.68085909  0.64828573  0.34081742  1.23631742]
 [ 0.          0.          0.          1.        ]]"
7-scenes-redkitchen,51,58,2.0,30,0.17472394632317836,0.21030363364858137,0.023797381258035228,0.02200893218948823,"[[-0.70622128  0.70605154  0.05237111  0.40152578]
 [ 0.60692791  0.64183953 -0.46870089  2.49070556]
 [-0.36454084 -0.29922105 -0.88180312  3.61593604]
 [ 0.          0.          0.          1.        ]]","[[-0.72271145  0.6893612   0.04969196  0.34101793]
 [ 0.60744555  0.66783761 -0.43011954  2.35320911]
 [-0.32969388 -0.28066716 -0.90140329  3.63616937]
 [ 0.          0.          0.          1.        ]]"
sun3d-home_at-home_at_scan1_2013_jan_1,0,23,1.0,30,0.5269379229354972,0.5874604137187521,0.024083919883335456,0.020642476872169066,"[[1. 0. 0. 0.]
 [0. 1. 0. 0.]
 [0. 0. 1. 0.]
 [0. 0. 0. 1.]]","[[ 0.99534024 -0.08745296 -0.04061745  0.12430248]
 [ 0.08772867  0.99613159  0.00505251 -0.01818072]
 [ 0.04001847 -0.00859228  0.999162   -0.00993378]
 [ 0.          0.          0.          1.        ]]"
sun3d-home_at-home_at_scan1_2013_jan_1,0,26,0.0,30,0.4970206370404858,0.5106901748410257,0.023221161341086802,0.02261554374987259,"[[1. 0. 0. 0.]
 [0. 1. 0. 0.]
 [0. 0. 1. 0.]
 [0. 0. 0. 1.]]","[[ 0.9996058   0.01515802 -0.02363219  0.03837754]
 [-0.01377914  0.9982529   0.05745685 -0.13574939]
 [ 0.02446183 -0.05710857  0.99806825  0.04429973]
 [ 0.          0.          0.          1.        ]]"
sun3d-home_at-home_at_scan1_2013_jan_1,0,36,0.0,30,0.4075421492945678,0.4185339136143036,0.022849846293640667,0.02198091166775027,"[[1. 0. 0. 0.]
 [0. 1. 0. 0.]
 [0. 0. 1. 0.]
 [0. 0. 0. 1.]]","[[ 0.99984974 -0.01173173  0.0127618  -0.03647154]
 [ 0.01096824  0.99823685  0.05833426 -0.14067145]
 [-0.01342366 -0.05818552  0.99821553  0.02205887]
 [ 0.          0.          0.          1.        ]]"
sun3d-home_at-home_at_scan1_2013_jan_1,0,47,,30,0.43124316285733194,0.47222514199845056,0.023824570753317103,0.0229673492018539,"[[ 0.97686618  0.13086276  0.16913726  0.71238467]
 [-0.14122458  0.98867814  0.05070654 -0.36157084]
 [-0.16058671 -0.07341984  0.98428727  0.16258489]
 [ 0.          0.          0.          1.        ]]","[[ 0.97998334  0.13968289  0.14184972  0.71762155]
 [-0.15123768  0.98570949  0.07418877 -0.38793892]
 [-0.12945971 -0.09415678  0.98710419  0.15815865]
 [ 0.          0.          0.          1.        ]]"
sun3d-home_at-home_at_scan1_2013_jan_1,0,50,0.0,30,0.41441515525961,0.42783441571791203,0.021091126366166144,0.021009292258717904,"[[1. 0. 0. 0.]
 [0. 1. 0. 0.]
 [0. 0. 1. 0.]
 [0. 0. 0. 1.]]","[[ 9.99406970e-01  2.41210911e-02  2.45739796e-02 -5.02697722e-02]
 [-2.41882722e-02  9.99704443e-01  2.44022072e-03  3.46089425e-02]
 [-2.45078558e-02 -3.03317570e-03  9.99695036e-01  4.85574108e-05]
 [ 0.00000000e+00  0.00000000e+00  0.00000000e+00  1.00000000e+00]]"
sun3d-home_at-home_at_scan1_2013_jan_1,1,8,1.0,30,0.536888379204893,0.5668158725461182,0.021098126979928838,0.020903741139753487,"[[ 0.68501283 -0.56000146  0.46599978 -0.37361578]
 [ 0.38900011  0.82198012  0.41596587 -0.74557213]
 [-0.61598404 -0.10366799  0.78090755  0.74032101]
 [ 0.          0.          0.          1.        ]]","[[ 0.65894209 -0.56269579  0.49916808 -0.38937107]
 [ 0.37213845  0.82058518  0.433766   -0.76646559]
 [-0.65368823 -0.10006704  0.75011885  0.79728785]
 [ 0.          0.          0.          1.        ]]"
sun3d-home_at-home_at_scan1_2013_jan_1,1,20,1.0,30,0.48229025557662786,0.6875282218007767,0.023358697341049332,0.022901334666616254,"[[-0.07707457  0.0847781   0.99341441 -0.35281804]
 [-0.06713386  0.99367571 -0.09000901  0.28966445]
 [-0.99476256 -0.07362915 -0.07089565  1.85926963]
 [ 0.          0.          0.          1.        ]]","[[ 0.08025177 -0.12789535  0.9885355  -0.36673893]
 [ 0.04087347  0.99132232  0.12493769 -0.00463392]
 [-0.99593625  0.03037841  0.08478289  1.64028474]
 [ 0.          0.          0.          1.        ]]"
sun3d-home_at-home_at_scan1_2013_jan_1,1,21,2.0,30,0.5152187296298979,0.624121822264069,0.023494165699584263,0.020814478301734822,"[[-0.50676742 -0.35772251 -0.7843605   1.72671325]
 [ 0.78109693  0.19447436 -0.59335259  1.04648736]
 [ 0.36479359 -0.91335334  0.18086269  3.09257257]
 [ 0.          0.          0.          1.        ]]","[[-0.64381577 -0.25070757 -0.72294327  1.54966367]
 [ 0.70655856  0.16789642 -0.68744876  1.16032448]
 [ 0.29372819 -0.95339211  0.06904521  3.17949686]
 [ 0.          0.          0.          1.        ]]"
sun3d-home_at-home_at_scan1_2013_jan_1,1,22,3.0,30,0.5389023659351009,0.5669511116184822,0.024535023811941514,0.02424955555635117,"[[-0.3108502  -0.93835816  0.15118242 -0.51359801]
 [-0.66209826  0.09966459 -0.7427603   1.40310788]
 [ 0.68190765 -0.33098481 -0.65226606  3.0685912 ]
 [ 0.          0.          0.          1.        ]]","[[-0.2829095  -0.94101227  0.18562898 -0.567151  ]
 [-0.62755686  0.0352436  -0.77777264  1.40933244]
 [ 0.72535136 -0.33653201 -0.60050945  2.9939951 ]
 [ 0.          0.          0.          1.        ]]"
sun3d-home_at-home_at_scan1_2013_jan_1,1,30,0.0,30,0.5930362996765375,0.619294481534323,0.022258341676862043,0.021829967002998524,"[[1. 0. 0. 0.]
 [0. 1. 0. 0.]
 [0. 0. 1. 0.]
 [0. 0. 0. 1.]]","[[ 0.99703651  0.06456373 -0.04182957  0.09118063]
 [-0.0635929   0.99768393  0.02413967 -0.07347016]
 [ 0.04329123 -0.02140806  0.9988331   0.01264228]
 [ 0.          0.          0.          1.        ]]"
sun3d-home_at-home_at_scan1_2013_jan_1,1,56,2.0,30,0.48377913972553993,0.5013179887912428,0.02435929568188874,0.02421607373872567,"[[-0.92347284  0.17797996  0.33988388 -0.45235606]
 [ 0.17341806 -0.59659051  0.78358531 -1.24049644]
 [ 0.34223398  0.78256175  0.52007019  1.25486397]
 [ 0.          0.          0.          1.        ]]","[[-0.9240069   0.16082407  0.34691046 -0.44764493]
 [ 0.18661063 -0.60220984  0.77622148 -1.19262811]
 [ 0.33374799  0.78197118  0.52643457  1.25677421]
 [ 0.          0.          0.          1.        ]]"
sun3d-home_at-home_at_scan1_2013_jan_1,2,13,1.0,30,0.45521474478865576,0.4908581856927489,0.024611479029173412,0.024434149708143674,"[[ 0.82893808 -0.0302566   0.55852143 -1.12217189]
 [-0.46849036  0.50796319  0.72283483 -0.920797  ]
 [-0.30557885 -0.86084722  0.4068951   1.03096658]
 [ 0.          0.          0.          1.        ]]","[[ 0.83987078 -0.1063572   0.53226423 -1.11410873]
 [-0.40995128  0.51841118  0.75045972 -0.94733851]
 [-0.35574853 -0.8484916   0.39179713  1.08842475]
 [ 0.          0.          0.          1.        ]]"
sun3d-home_at-home_at_scan1_2013_jan_1,2,21,1.0,30,0.5866679944955457,0.7325269790685884,0.022806272092090456,0.02226671664954069,"[[-0.90903964 -0.00907655 -0.41661079  0.26741848]
 [ 0.26974295  0.74922366 -0.60489888  0.92035462]
 [ 0.31762506 -0.66225488 -0.67862567  3.59555422]
 [ 0.          0.          0.          1.        ]]","[[-0.86990582 -0.17560357 -0.46089831  0.3910964 ]
 [ 0.24980766  0.64887939 -0.71871529  1.07326558]
 [ 0.42527639 -0.74035054 -0.52059684  3.44861719]
 [ 0.          0.          0.          1.        ]]"
sun3d-home_at-home_at_scan1_2013_jan_1,2,23,0.0,30,0.6115827774408733,0.6166507840249502,0.02169824971160233,0.021518481526284744,"[[1. 0. 0. 0.]
 [0. 1. 0. 0.]
 [0. 0. 1. 0.]
 [0. 0. 0. 1.]]","[[ 0.99980559 -0.01905443  0.00507064 -0.00154899]
 [ 0.01913232  0.99969235 -0.0157847   0.01751962]
 [-0.00476832  0.01587864  0.99986256  0.00282679]
 [ 0.          0.          0.          1.        ]]"
sun3d-home_at-home_at_scan1_2013_jan_1,2,24,1.0,30,0.5763234335171024,0.6106877887066399,0.02525746449661772,0.024561248283771066,"[[ 0.78394305  0.48289706  0.39018421 -0.92402707]
 [-0.61488758  0.69069712  0.38059263 -1.23649341]
 [-0.08571205 -0.53828238  0.83839461  0.52086672]
 [ 0.          0.          0.          1.        ]]","[[ 0.81291411  0.4846153   0.32298399 -0.76574515]
 [-0.58074822  0.716078    0.3872516  -1.2455548 ]
 [-0.04361368 -0.50237467  0.86354939  0.4579938 ]
 [ 0.          0.          0.          1.        ]]"
sun3d-home_at-home_at_scan1_2013_jan_1,2,47,0.0,30,0.5742109791372256,0.6088823485901373,0.02421818071547084,0.022529895120366808,"[[1. 0. 0. 0.]
 [0. 1. 0. 0.]
 [0. 0. 1. 0.]
 [0. 0. 0. 1.]]","[[ 0.99888269  0.01077281  0.04601432 -0.11427239]
 [-0.0091508   0.99933428 -0.03531645  0.12998154]
 [-0.04636415  0.03485592  0.9983163  -0.04817551]
 [ 0.          0.          0.          1.        ]]"
sun3d-home_at-home_at_scan1_2013_jan_1,2,56,1.0,30,0.5398416540642279,0.5961289053904103,0.02428483003576608,0.02355342126879019,"[[-0.09012158  0.9908173  -0.10079277 -0.21435757]
 [-0.41182721  0.05507192  0.9095963  -1.57140651]
 [ 0.9067946   0.12348346  0.40308236  2.12287314]
 [ 0.          0.          0.          1.        ]]","[[-0.15503265  0.977787   -0.14105839 -0.14695141]
 [-0.47077993  0.05240696  0.88069278 -1.52067052]
 [ 0.86852239  0.20294359  0.4521977   2.0250421 ]
 [ 0.          0.          0.          1.        ]]"
sun3d-home_at-home_at_scan1_2013_jan_1,2,59,0.0,30,0.44400174717854274,0.5146031071445436,0.023220464512672317,0.021854956492118858,"[[1. 0. 0. 0.]
 [0. 1. 0. 0.]
 [0. 0. 1. 0.]
 [0. 0. 0. 1.]]","[[ 0.99549169 -0.05263879 -0.07890148  0.1408781 ]
 [ 0.06470497  0.98513184  0.15914935 -0.31182904]
 [ 0.06935093 -0.16353718  0.98409656  0.07207187]
 [ 0.          0.          0.          1.        ]]"
sun3d-home_at-home_at_scan1_2013_jan_1,3,19,5.0,30,0.5221151979813664,0.5742551436335404,0.025350082836527555,0.02399962850189835,"[[-0.32104367  0.10314456  0.94143091 -0.50448906]
 [ 0.34106478 -0.9147617   0.21653143  0.10257229]
 [ 0.88351897  0.39060497  0.25849948  1.89321482]
 [ 0.          0.          0.          1.        ]]","[[-0.32853071  0.21498017  0.91970164 -0.49372242]
 [ 0.35947399 -0.87200608  0.33224065 -0.08264061]
 [ 0.87341057  0.43976007  0.20920099  1.96493906]
 [ 0.          0.          0.          1.        ]]"
sun3d-home_at-home_at_scan1_2013_jan_1,4,34,0.0,30,0.3131686156091445,0.35942920611754936,0.024908556559358638,0.02417795677345429,"[[1. 0. 0. 0.]
 [0. 1. 0. 0.]
 [0. 0. 1. 0.]
 [0. 0. 0. 1.]]","[[ 0.99787384 -0.05550157 -0.03416698  0.13193324]
 [ 0.0531368   0.99636312 -0.06661098  0.20627009]
 [ 0.03773973  0.06465383  0.99719386 -0.00721599]
 [ 0.          0.          0.          1.        ]]"
sun3d-home_at-home_at_scan1_2013_jan_1,4,51,1.0,30,0.3606001159444295,0.41056750657363505,0.023999401464066223,0.021688663026259124,"[[1. 0. 0. 0.]
 [0. 1. 0. 0.]
 [0. 0. 1. 0.]
 [0. 0. 0. 1.]]","[[ 9.97522073e-01 -8.50129871e-04  7.03490630e-02 -1.60729328e-01]
 [ 9.44137698e-04  9.99998705e-01 -1.30306532e-03  6.02659778e-02]
 [-7.03478641e-02  1.36625562e-03  9.97521584e-01  5.22908564e-02]
 [ 0.00000000e+00  0.00000000e+00  0.00000000e+00  1.00000000e+00]]"
sun3d-home_at-home_at_scan1_2013_jan_1,5,14,2.0,30,0.508599637863835,0.6022245507275605,0.025201922270479696,0.023912328068954235,"[[ 0.12902029  0.64205633  0.75572312 -2.12610798]
 [ 0.91691968  0.21298065 -0.33748711  0.72900871]
 [-0.37764014  0.73648009 -0.56123525  3.77657296]
 [ 0.          0.          0.          1.        ]]","[[ 0.12579357  0.5168023   0.84681247 -2.39531372]
 [ 0.9134546   0.27265527 -0.30209237  0.66759405]
 [-0.38700991  0.81152602 -0.43777716  3.54004519]
 [ 0.          0.          0.          1.        ]]"
sun3d-home_at-home_at_scan1_2013_jan_1,5,19,2.0,30,0.587502426242236,0.6061117041925466,0.024738494366824862,0.02440471019627112,"[[-0.59056024  0.11003041  0.79945726 -1.60026027]
 [-0.38571425  0.83169025 -0.39939435  0.95273337]
 [-0.70884633 -0.54422848 -0.4487229   3.1071995 ]
 [ 0.          0.          0.          1.        ]]","[[-0.52008935  0.0860547   0.84976565 -1.64982593]
 [-0.42482409  0.83705085 -0.34477582  0.91272707]
 [-0.74096663 -0.54031515 -0.39878312  3.03362055]
 [ 0.          0.          0.          1.        ]]"
sun3d-home_at-home_at_scan1_2013_jan_1,6,42,2.0,30,0.3141287952040224,0.3485515374202282,0.023802285631081856,0.02303015436853418,"[[-0.63051919 -0.39587238  0.66763059 -0.61730423]
 [ 0.39038248  0.58169932  0.71360172 -1.02250771]
 [-0.67085548  0.71057087 -0.21223094  2.9366689 ]
 [ 0.          0.          0.          1.        ]]","[[-0.59005424 -0.42345776  0.68740056 -0.64285871]
 [ 0.32577252  0.65414998  0.68261268 -0.95054935]
 [-0.73872069  0.62671472 -0.24803306  3.02930717]
 [ 0.          0.          0.          1.        ]]"
sun3d-home_at-home_at_scan1_2013_jan_1,7,29,4.0,30,0.37433440438483145,0.3985988664387347,0.024454094552628525,0.023402037369759845,"[[ 0.04938224 -0.74191021  0.66867827 -0.44399784]
 [ 0.93063512  0.2772355   0.23886974 -0.35496503]
 [-0.36260125  0.61049956  0.70413821  1.23520008]
 [ 0.          0.          0.          1.        ]]","[[ 0.06431188 -0.77920885  0.62345613 -0.38854765]
 [ 0.95603627  0.22722578  0.18537287 -0.22691752]
 [-0.28610948  0.584125    0.75956524  1.13025879]
 [ 0.          0.          0.          1.        ]]"
sun3d-home_at-home_at_scan1_2013_jan_1,7,30,1.0,30,0.5324442653481306,0.5851675579128502,0.02382845381010341,0.022189726195813154,"[[-0.94435201  0.32701771  0.03547809  0.68893185]
 [ 0.31836003  0.88152509  0.34865513 -0.9778504 ]
 [ 0.08274158  0.34054798 -0.93657936  4.92339684]
 [ 0.          0.          0.          1.        ]]","[[-0.96767528  0.23847279  0.0820687   0.54346829]
 [ 0.25038585  0.86947245  0.42582225 -1.19872423]
 [ 0.03019055  0.43260651 -0.90107721  4.79682549]
 [ 0.          0.          0.          1.        ]]"
sun3d-home_at-home_at_scan1_2013_jan_1,7,51,0.0,30,0.23730563779788402,0.2944988509078863,0.02152084404746345,0.02212690787768727,"[[1. 0. 0. 0.]
 [0. 1. 0. 0.]
 [0. 0. 1. 0.]
 [0. 0. 0. 1.]]","[[ 0.99701956 -0.03504744  0.06872894 -0.15867753]
 [ 0.03821653  0.99823988 -0.04535028  0.08666403]
 [-0.06701855  0.0478417   0.99660408 -0.01156513]
 [ 0.          0.          0.          1.        ]]"
sun3d-home_at-home_at_scan1_2013_jan_1,8,15,1.0,30,0.3890093974312123,0.4100974610507823,0.0251308068906348,0.021869341636565568,"[[ 0.83269967  0.09433368 -0.54563029  1.5650799 ]
 [ 0.54647675 -0.29891662  0.78231197 -1.26597769]
 [-0.08929959 -0.94960519 -0.30045894  2.4195254 ]
 [ 0.          0.          0.          1.        ]]","[[ 0.8161247   0.11324459 -0.56667111  1.60963081]
 [ 0.57456119 -0.26389518  0.77475078 -1.26409497]
 [-0.06180544 -0.95788047 -0.28043732  2.37023894]
 [ 0.          0.          0.          1.        ]]"
sun3d-home_at-home_at_scan1_2013_jan_1,8,19,2.0,30,0.6229134316770186,0.6353843167701864,0.021115921709391285,0.020788455615528813,"[[ 0.14231063  0.79580173  0.58859773 -0.02889626]
 [-0.63328142  0.53021887 -0.56375757  0.88464772]
 [-0.76072487 -0.29251931  0.57942223  1.05893442]
 [ 0.          0.          0.          1.        ]]","[[ 0.18135653  0.76674526  0.61580153 -0.07096003]
 [-0.67431162  0.55275581 -0.4896579   0.79208856]
 [-0.71583074 -0.32643947  0.61727111  1.02492472]
 [ 0.          0.          0.          1.        ]]"
sun3d-home_at-home_at_scan1_2013_jan_1,8,20,1.0,30,0.47218459315452,0.545507089316355,0.02367964741999977,0.021899960346491304,"[[ 0.26519866 -0.9020233  -0.34062244  0.5855221 ]
 [ 0.86044417  0.38081671 -0.33854759  0.89982633]
 [ 0.43509253 -0.20330423  0.87713276  0.88906089]
 [ 0.          0.          0.          1.        ]]","[[ 0.19067203 -0.97324265 -0.12822995  0.33647664]
 [ 0.93631759  0.2195467  -0.27405952  0.80809812]
 [ 0.29487888 -0.06780847  0.95312563  0.77709978]
 [ 0.          0.          0.          1.        ]]"
sun3d-home_at-home_at_scan1_2013_jan_1,8,34,0.0,30,0.24095661797166187,0.30410154793269645,0.02526295870334533,0.01985897679705659,"[[1. 0. 0. 0.]
 [0. 1. 0. 0.]
 [0. 0. 1. 0.]
 [0. 0. 0. 1.]]","[[ 0.99644116  0.05815795  0.06101371 -0.16392242]
 [-0.06157567  0.9965461   0.05571625 -0.10451358]
 [-0.05756263 -0.05927492  0.99658067  0.02546572]
 [ 0.          0.          0.          1.        ]]"
sun3d-home_at-home_at_scan1_2013_jan_1,8,43,0.0,30,0.44127416744740655,0.4480405795455621,0.018690944837518837,0.017765676558522563,"[[1. 0. 0. 0.]
 [0. 1. 0. 0.]
 [0. 0. 1. 0.]
 [0. 0. 0. 1.]]","[[ 9.99733765e-01  7.22471196e-04  2.30624692e-02 -4.80383589e-02]
 [-1.79424233e-03  9.98917343e-01  4.64857261e-02 -1.06223453e-01]
 [-2.30039159e-02 -4.65147297e-02  9.98652692e-01  8.15220207e-04]
 [ 0.00000000e+00  0.00000000e+00  0.00000000e+00  1.00000000e+00]]"
sun3d-home_at-home_at_scan1_2013_jan_1,9,20,1.0,30,0.47711550618621873,0.6495619976519462,0.02405139406197921,0.019850345082076504,"[[ 0.95606826  0.18170842  0.23003378 -0.59473762]
 [ 0.28928663 -0.45794679 -0.84059383  1.78220184]
 [-0.04739975  0.87021077 -0.49039421  3.19879843]
 [ 0.          0.          0.          1.        ]]","[[ 0.98907071  0.13979208 -0.04687539 -0.20453721]
 [ 0.01987409 -0.44142526 -0.8970779   1.672099  ]
 [-0.14609637  0.88634187 -0.43937904  3.05951499]
 [ 0.          0.          0.          1.        ]]"
sun3d-home_at-home_at_scan1_2013_jan_1,9,36,0.0,30,0.33259921276217247,0.3524956341123029,0.02090679073791107,0.019356956078638212,"[[1. 0. 0. 0.]
 [0. 1. 0. 0.]
 [0. 0. 1. 0.]
 [0. 0. 0. 1.]]","[[ 0.99743375  0.05690123  0.04345312 -0.13960397]
 [-0.05725088  0.99833637  0.00684389 -0.0297293 ]
 [-0.04299141 -0.00931405  0.99903203 -0.03908557]
 [ 0.          0.          0.          1.        ]]"
sun3d-home_at-home_at_scan1_2013_jan_1,10,19,1.0,30,0.47282608695652173,0.5355565799689441,0.023778429120149915,0.021598603095822094,"[[ 0.63643701 -0.51187705  0.57700071 -1.50287935]
 [-0.31543804 -0.85537193 -0.41089866  0.63854796]
 [ 0.7038798   0.07950315 -0.70585584  4.02052733]
 [ 0.          0.          0.          1.        ]]","[[ 0.6214922  -0.56174925  0.54606339 -1.4475821 ]
 [-0.30607836 -0.81573435 -0.49080904  0.67568878]
 [ 0.72115427  0.1378958  -0.67891182  3.94318127]
 [ 0.          0.          0.          1.        ]]"
sun3d-home_at-home_at_scan1_2013_jan_1,10,20,1.0,30,0.49032782443782175,0.5513772238779012,0.024558607903428176,0.024070649448993675,"[[ 0.82504086  0.55107535 -0.12499418 -0.65095405]
 [-0.39538902  0.72102207  0.5690296  -0.82313136]
 [ 0.40370175 -0.42005134  0.81276181  2.11257296]
 [ 0.          0.          0.          1.        ]]","[[ 0.83840728  0.50079474 -0.21512292 -0.49235262]
 [-0.2671487   0.72160378  0.63868581 -0.86995913]
 [ 0.475084   -0.47800902  0.73878452  2.23706828]
 [ 0.          0.          0.          1.        ]]"
sun3d-home_at-home_at_scan1_2013_jan_1,10,21,3.0,30,0.6272542913015138,0.6767762729050482,0.02355637818274737,0.023194482595994208,"[[ 0.80625724 -0.41337577 -0.42316632  0.77852128]
 [ 0.58525879  0.66156457  0.46883309 -0.1505539 ]
 [ 0.0861476  -0.62566188  0.77532303  1.60887934]
 [ 0.          0.          0.          1.        ]]","[[ 0.81838054 -0.40308673 -0.40960271  0.74204159]
 [ 0.57341131  0.62003325  0.53549812 -0.21803686]
 [ 0.03811511 -0.67311207  0.73855764  1.67462355]
 [ 0.          0.          0.          1.        ]]"
sun3d-home_at-home_at_scan1_2013_jan_1,10,34,0.0,30,0.41647230996550966,0.47132827098800395,0.02195147008597212,0.019741146076323476,"[[1. 0. 0. 0.]
 [0. 1. 0. 0.]
 [0. 0. 1. 0.]
 [0. 0. 0. 1.]]","[[ 0.99876296 -0.04391117 -0.02333135  0.07253799]
 [ 0.04444612  0.99874867  0.02292671 -0.13214712]
 [ 0.02229542 -0.02393533  0.99946486  0.0083757 ]
 [ 0.          0.          0.          1.        ]]"
sun3d-home_at-home_at_scan1_2013_jan_1,10,35,2.0,30,0.30200233128795806,0.30395344964637944,0.022546759015279028,0.02157284268762368,"[[1. 0. 0. 0.]
 [0. 1. 0. 0.]
 [0. 0. 1. 0.]
 [0. 0. 0. 1.]]","[[ 0.99992022 -0.00582869 -0.01120664  0.05510516]
 [ 0.0056463   0.99985222 -0.01623778  0.07845714]
 [ 0.01129963  0.01617321  0.99980535  0.00505175]
 [ 0.          0.          0.          1.        ]]"
sun3d-home_at-home_at_scan1_2013_jan_1,10,50,0.0,30,0.38750522076533717,0.4062285624014006,0.018978003899213006,0.01867861772090932,"[[1. 0. 0. 0.]
 [0. 1. 0. 0.]
 [0. 0. 1. 0.]
 [0. 0. 0. 1.]]","[[ 9.99857488e-01 -8.85457399e-04  1.68587972e-02 -6.89282299e-02]
 [ 1.04965127e-03  9.99952082e-01 -9.73300231e-03  6.07573300e-02]
 [-1.68493712e-02  9.74931110e-03  9.99810507e-01  2.67910610e-02]
 [ 0.00000000e+00  0.00000000e+00  0.00000000e+00  1.00000000e+00]]"
sun3d-home_at-home_at_scan1_2013_jan_1,11,20,3.0,30,0.6440711640928385,0.7755079924139799,0.023853724079021067,0.02135763984659647,"[[-0.67972662 -0.57310279  0.45773891 -1.59422369]
 [-0.73134904  0.48220436 -0.48229404 -0.01571649]
 [ 0.05568036 -0.66259501 -0.74690531  3.81861752]
 [ 0.          0.          0.          1.        ]]","[[-0.68140734 -0.52818323  0.50666212 -1.68182634]
 [-0.72368041  0.38273326 -0.57428383  0.16213929]
 [ 0.10941065 -0.75798267 -0.64303311  3.76654938]
 [ 0.          0.          0.          1.        ]]"
sun3d-home_at-home_at_scan1_2013_jan_1,11,23,1.0,30,0.48774630126964874,0.5324679700058718,0.0226112749840813,0.021166716353665682,"[[1. 0. 0. 0.]
 [0. 1. 0. 0.]
 [0. 0. 1. 0.]
 [0. 0. 0. 1.]]","[[ 0.99759691  0.05703478  0.03933753 -0.10323897]
 [-0.06048318  0.99383636  0.09290356 -0.21698381]
 [-0.03379634 -0.09505956  0.99489773  0.05003667]
 [ 0.          0.          0.          1.        ]]"
sun3d-home_at-home_at_scan1_2013_jan_1,11,40,2.0,30,0.47039815471777335,0.5093154332453742,0.02286799864737943,0.022446973088424624,"[[ 0.13249151 -0.90966867  0.3936355  -1.2739813 ]
 [ 0.85702167  0.30465203  0.41557309 -1.65065891]
 [-0.49795568  0.28229425  0.81996957  0.67924435]
 [ 0.          0.          0.          1.        ]]","[[ 0.15768127 -0.88640896  0.43521922 -1.41983284]
 [ 0.87581186  0.32912911  0.35302638 -1.47423999]
 [-0.45616906  0.32550451  0.82822497  0.6250947 ]
 [ 0.          0.          0.          1.        ]]"
sun3d-home_at-home_at_scan1_2013_jan_1,11,49,0.0,30,0.4581210844711218,0.4727233575807331,0.02334949359249024,0.02275833574953128,"[[1. 0. 0. 0.]
 [0. 1. 0. 0.]
 [0. 0. 1. 0.]
 [0. 0. 0. 1.]]","[[ 9.98177058e-01  2.05862991e-03 -6.03185135e-02  1.66341469e-01]
 [-5.77062707e-04  9.99697957e-01  2.45695272e-02 -7.96731909e-02]
 [ 6.03508743e-02 -2.44899308e-02  9.97876754e-01 -2.09050385e-03]
 [ 0.00000000e+00  0.00000000e+00  0.00000000e+00  1.00000000e+00]]"
sun3d-home_at-home_at_scan1_2013_jan_1,12,14,0.0,30,0.5451420704894099,0.6131763199775528,0.02302506066423155,0.02256360780120387,"[[1. 0. 0. 0.]
 [0. 1. 0. 0.]
 [0. 0. 1. 0.]
 [0. 0. 0. 1.]]","[[ 0.99923567 -0.00132019 -0.03906827  0.14156056]
 [ 0.00426189  0.99715112  0.07530923 -0.1639168 ]
 [ 0.03885754 -0.07541817  0.9963946   0.02672162]
 [ 0.          0.          0.          1.        ]]"
sun3d-home_at-home_at_scan1_2013_jan_1,12,15,0.0,30,0.3852678586395685,0.4260023535485947,0.022295245614650145,0.021822047467571624,"[[1. 0. 0. 0.]
 [0. 1. 0. 0.]
 [0. 0. 1. 0.]
 [0. 0. 0. 1.]]","[[ 0.99577036 -0.02946074 -0.0870256   0.19974715]
 [ 0.03465418  0.99766917  0.05878187 -0.13242586]
 [ 0.085091   -0.06154905  0.99447033 -0.00551749]
 [ 0.          0.          0.          1.        ]]"
sun3d-home_at-home_at_scan1_2013_jan_1,12,17,1.0,30,0.5195152228210203,0.5529520856286798,0.023705907880731954,0.023294632928502132,"[[-0.79563672  0.53731494  0.27974071 -0.41770209]
 [ 0.04666349  0.51478091 -0.8560509   1.42216372]
 [-0.60397411 -0.66805185 -0.43465158  3.02372155]
 [ 0.          0.          0.          1.        ]]","[[-0.80072555  0.54884858  0.24000799 -0.33178887]
 [ 0.02675553  0.43302833 -0.90098313  1.51565915]
 [-0.59843357 -0.71501867 -0.36142158  2.86288741]
 [ 0.          0.          0.          1.        ]]"
sun3d-home_at-home_at_scan1_2013_jan_1,12,36,0.0,30,0.3055920945487163,0.3077142792714918,0.02431804827186716,0.023777986479652378,"[[1. 0. 0. 0.]
 [0. 1. 0. 0.]
 [0. 0. 1. 0.]
 [0. 0. 0. 1.]]","[[ 0.99922808 -0.03558899  0.01663308 -0.06073058]
 [ 0.03525895  0.9991834   0.01973194 -0.03555179]
 [-0.01732174 -0.01913024  0.99966694  0.00322518]
 [ 0.          0.          0.          1.        ]]"
sun3d-home_at-home_at_scan1_2013_jan_1,12,55,2.0,30,0.37431080681112766,0.3988297139504488,0.02381708294611846,0.023181470962402414,"[[-0.89550222  0.36125939  0.25993734 -0.32826277]
 [-0.41129115 -0.44859162 -0.79347662  1.31997771]
 [-0.17004517 -0.81747001  0.55029758  1.20120862]
 [ 0.          0.          0.          1.        ]]","[[-0.88036834  0.35548581  0.3139768  -0.44550756]
 [-0.44831102 -0.40761328 -0.79553042  1.29406571]
 [-0.15481866 -0.84111905  0.51821803  1.29369304]
 [ 0.          0.          0.          1.        ]]"
sun3d-home_at-home_at_scan1_2013_jan_1,13,18,0.0,30,0.47980417650972707,0.6322632629516363,0.02457752653167317,0.021501149567117208,"[[1. 0. 0. 0.]
 [0. 1. 0. 0.]
 [0. 0. 1. 0.]
 [0. 0. 0. 1.]]","[[ 0.99913537  0.0275971  -0.03109516  0.01432951]
 [-0.01889616  0.96764084  0.25162302 -0.43792075]
 [ 0.03703302 -0.25081788  0.96732567  0.05372786]
 [ 0.          0.          0.          1.        ]]"
sun3d-home_at-home_at_scan1_2013_jan_1,13,20,3.0,30,0.6276257563442608,0.6709925042897137,0.022934367803575044,0.022132913951753506,"[[-0.76797515  0.57448902 -0.28315462  0.00858519]
 [-0.62519116 -0.76842385  0.13660453 -0.49083051]
 [-0.13910496  0.28193465  0.94929588  0.64199274]
 [ 0.          0.          0.          1.        ]]","[[-0.76988871  0.57161615 -0.28377166 -0.00451344]
 [-0.63727369 -0.71227747  0.29418199 -0.67787029]
 [-0.03396498  0.40732761  0.91265032  0.68963996]
 [ 0.          0.          0.          1.        ]]"
sun3d-home_at-home_at_scan1_2013_jan_1,13,21,1.0,30,0.5009506047656985,0.5776508292894909,0.023863689810242318,0.02297872944692715,"[[-0.01055647 -0.99874004  0.04906013 -0.35061095]
 [ 0.99232464 -0.00441811  0.12358108 -0.10767405]
 [-0.12320862  0.04998815  0.99112099  0.37114213]
 [ 0.          0.          0.          1.        ]]","[[ 0.0651737  -0.98619197  0.15224254 -0.48711055]
 [ 0.99343267  0.07850233  0.08324009 -0.01644895]
 [-0.0940421   0.14581765  0.98483161  0.4280314 ]
 [ 0.          0.          0.          1.        ]]"
sun3d-home_at-home_at_scan1_2013_jan_1,13,31,1.0,30,0.31141357073560466,0.365068766763682,0.024903299953204394,0.02227405620983362,"[[ 0.99618831  0.02895236  0.08228376  0.51720826]
 [ 0.01641598 -0.98868084  0.14913317 -0.51573831]
 [ 0.08567014 -0.14721395 -0.98538758  4.54831959]
 [ 0.          0.          0.          1.        ]]","[[ 0.99362956 -0.01432891  0.11178095  0.39485475]
 [-0.02582162 -0.99444354  0.10205528 -0.45877784]
 [ 0.1096975  -0.10429151 -0.9884785   4.51854442]
 [ 0.          0.          0.          1.        ]]"
sun3d-home_at-home_at_scan1_2013_jan_1,13,37,0.0,30,0.2546129766647695,0.26692373363688104,0.02425752447257812,0.02409660085983169,"[[1. 0. 0. 0.]
 [0. 1. 0. 0.]
 [0. 0. 1. 0.]
 [0. 0. 0. 1.]]","[[ 0.99988724 -0.01006963  0.01114013 -0.04345572]
 [ 0.00958019  0.99902273  0.04314852 -0.08314965]
 [-0.01156373 -0.04303693  0.99900656 -0.02527822]
 [ 0.          0.          0.          1.        ]]"
sun3d-home_at-home_at_scan1_2013_jan_1,13,48,2.0,30,0.3067696498480576,0.3112594792892929,0.02393364037923688,0.02374058598486992,"[[ 0.14119448 -0.9892832  -0.03718688  0.66384035]
 [ 0.19317942 -0.00930866  0.98111929 -2.52444244]
 [-0.97095099 -0.14571237  0.18979482  1.66746561]
 [ 0.          0.          0.          1.        ]]","[[ 0.15159396 -0.98720535 -0.04944564  0.71417141]
 [ 0.16812296 -0.02354272  0.98548486 -2.54363875]
 [-0.97404001 -0.1577065   0.16240295  1.71704801]
 [ 0.          0.          0.          1.        ]]"
sun3d-home_at-home_at_scan1_2013_jan_1,13,54,6.0,30,0.2770060729078609,0.31379908776870674,0.0252145074473813,0.025279650869614558,"[[ 0.48087396  0.86608781 -0.13657287  0.16178349]
 [-0.76301289  0.49010091  0.4214409  -1.15233591]
 [ 0.43193932 -0.0984531   0.89651292 -0.06453034]
 [ 0.          0.          0.          1.        ]]","[[ 0.49287314  0.86425183 -0.10072159  0.03554844]
 [-0.77478742  0.48860974  0.4012044  -1.05891994]
 [ 0.39595519 -0.11970505  0.91043407 -0.10689662]
 [ 0.          0.          0.          1.        ]]"
sun3d-home_at-home_at_scan1_2013_jan_1,13,55,0.0,30,0.33623984053935835,0.3856076817702017,0.023462069791056618,0.02283817756781141,"[[1. 0. 0. 0.]
 [0. 1. 0. 0.]
 [0. 0. 1. 0.]
 [0. 0. 0. 1.]]","[[ 0.99819391 -0.05303338  0.02822007 -0.0956129 ]
 [ 0.05470084  0.99657454 -0.06202429  0.09691419]
 [-0.02483405  0.06345593  0.99767561 -0.01491243]
 [ 0.          0.          0.          1.        ]]"
sun3d-home_at-home_at_scan1_2013_jan_1,13,56,0.0,30,0.3852553808121433,0.4237650000234101,0.024294946387248967,0.0229128900913782,"[[1. 0. 0. 0.]
 [0. 1. 0. 0.]
 [0. 0. 1. 0.]
 [0. 0. 0. 1.]]","[[ 0.99828935 -0.03872419 -0.04380425  0.05567202]
 [ 0.04238398  0.99539638  0.0859631  -0.15488451]
 [ 0.04027374 -0.08767264  0.99533489  0.06249301]
 [ 0.          0.          0.          1.        ]]"
sun3d-home_at-home_at_scan1_2013_jan_1,14,16,2.0,30,0.6483854305100726,0.849696343585603,0.023002824758688752,0.01948504455626074,"[[ 0.92701328 -0.27220171 -0.25797794  0.37006941]
 [ 0.31391492  0.93956653  0.13664612 -0.50863498]
 [ 0.20519212 -0.2076559   0.95643882  0.17098575]
 [ 0.          0.          0.          1.        ]]","[[ 0.97063107 -0.13005301 -0.20238956  0.29540053]
 [ 0.16025039  0.97699209  0.14073476 -0.51550846]
 [ 0.17943002 -0.16903454  0.96913992  0.19827317]
 [ 0.          0.          0.          1.        ]]"
sun3d-home_at-home_at_scan1_2013_jan_1,14,17,0.0,30,0.5497115964643771,0.6807519929008361,0.02270757585577619,0.020654126262079704,"[[1. 0. 0. 0.]
 [0. 1. 0. 0.]
 [0. 0. 1. 0.]
 [0. 0. 0. 1.]]","[[ 0.99061086 -0.02554168 -0.13430467  0.22391882]
 [ 0.0403437   0.99325846  0.1086739  -0.23210931]
 [ 0.13062353 -0.11307189  0.98496307  0.02280399]
 [ 0.          0.          0.          1.        ]]"
sun3d-home_at-home_at_scan1_2013_jan_1,14,19,3.0,30,0.6520889945652174,0.6625097049689441,0.02407310953010185,0.023384157888106657,"[[-0.90294854  0.41851912  0.09759961  0.34579864]
 [-0.30667434 -0.78661725  0.53589565 -0.80630368]
 [ 0.30105611  0.45395489  0.83862397  1.19780208]
 [ 0.          0.          0.          1.        ]]","[[-0.87866088  0.45342153  0.14954589  0.2955806 ]
 [-0.29068701 -0.75651844  0.58581645 -0.87659402]
 [ 0.37875602  0.47126295  0.7965269   1.26944598]
 [ 0.          0.          0.          1.        ]]"
sun3d-home_at-home_at_scan1_2013_jan_1,14,20,1.0,30,0.5232637948162197,0.5375869231463921,0.022064897721926394,0.022108815386712367,"[[-0.18734209  0.25287635  0.94918728 -0.57523289]
 [-0.71752948 -0.69516336  0.04358139 -0.38175678]
 [ 0.67086093 -0.67290523  0.31167959  1.92002714]
 [ 0.          0.          0.          1.        ]]","[[-0.2211106   0.33134223  0.9172363  -0.53274903]
 [-0.70896719 -0.70044364  0.08212321 -0.42328436]
 [ 0.66968322 -0.63213213  0.38978629  1.79065401]
 [ 0.          0.          0.          1.        ]]"
sun3d-home_at-home_at_scan1_2013_jan_1,14,29,2.0,30,0.429369680475989,0.4465560548713785,0.021563071171459874,0.021680858515816328,"[[1. 0. 0. 0.]
 [0. 1. 0. 0.]
 [0. 0. 1. 0.]
 [0. 0. 0. 1.]]","[[ 0.99920141  0.00747204 -0.03925199  0.10335986]
 [-0.00711161  0.99993133  0.009314   -0.0378863 ]
 [ 0.03931888 -0.00902741  0.99918593 -0.00714376]
 [ 0.          0.          0.          1.        ]]"
sun3d-home_at-home_at_scan1_2013_jan_1,15,27,1.0,30,0.7327866406641304,0.7834862580858297,0.02126384167499858,0.019948786986614845,"[[ 0.83143192 -0.20214028  0.51755219 -0.65605813]
 [-0.17199328  0.79209206  0.58566927 -1.18637861]
 [-0.52833632 -0.57595962  0.62380385  0.90874227]
 [ 0.          0.          0.          1.        ]]","[[ 0.8397161  -0.19902145  0.50523988 -0.67194643]
 [-0.15823718  0.80035667  0.57826481 -1.20051882]
 [-0.51945921 -0.56552601  0.64057979  0.84411947]
 [ 0.          0.          0.          1.        ]]"
sun3d-home_at-home_at_scan1_2013_jan_1,15,28,1.0,30,0.5420414855743854,0.5704472371026732,0.02266178880864209,0.022745889682302938,"[[ 0.93970257  0.33766071 -0.05426158 -0.71675462]
 [ 0.29868557 -0.88758864 -0.35067553  0.3017269 ]
 [-0.16657131  0.31332355 -0.93492372  3.97082665]
 [ 0.          0.          0.          1.        ]]","[[ 0.93840954  0.33979038 -0.06269007 -0.68851848]
 [ 0.297687   -0.8871774  -0.35256024  0.33203019]
 [-0.17541378  0.31218387 -0.9336869   4.00404272]
 [ 0.          0.          0.          1.        ]]"
sun3d-home_at-home_at_scan1_2013_jan_1,15,53,2.0,30,0.5244800682736181,0.5798699503949493,0.023985226412946543,0.02236831211827627,"[[-0.6218291   0.77690355  0.09873929  0.03427819]
 [-0.74212621 -0.54427924 -0.39116337  0.58528231]
 [-0.25015447 -0.31651379  0.91500916  0.38486946]
 [ 0.          0.          0.          1.        ]]","[[-0.65995953  0.74585723  0.09027966  0.06102624]
 [-0.70022696 -0.56708915 -0.43369586  0.67771783]
 [-0.27227857 -0.34943797  0.89652523  0.48719027]
 [ 0.          0.          0.          1.        ]]"
sun3d-home_at-home_at_scan1_2013_jan_1,16,19,7.0,30,0.6393026979813664,0.6730153338509317,0.019618864889084143,0.01850643657830152,"[[-0.57685088 -0.59238383 -0.5624273  -0.34138237]
 [ 0.7878885  -0.58521871 -0.1917049  -0.00815158]
 [-0.21558009 -0.55371514  0.80431633  0.99686396]
 [ 0.          0.          0.          1.        ]]","[[-0.5741823  -0.67806721 -0.45884589 -0.48387189]
 [ 0.7951565  -0.59535496 -0.11523284 -0.10260406]
 [-0.19504057 -0.43101895  0.88101183  0.92366486]
 [ 0.          0.          0.          1.        ]]"
sun3d-home_at-home_at_scan1_2013_jan_1,16,20,2.0,30,0.7293777657364761,0.7808272374243656,0.021132449420719665,0.0206298854101563,"[[-0.96623149 -0.01960341 -0.25692882 -0.28374341]
 [ 0.18682914  0.63339642 -0.75093532  1.14194406]
 [ 0.17745869 -0.77357914 -0.60834507  2.83457539]
 [ 0.          0.          0.          1.        ]]","[[-0.96555286  0.08458376 -0.24607573 -0.3062817 ]
 [ 0.23690684  0.6769062  -0.69690254  1.10936449]
 [ 0.10762355 -0.73119326 -0.67362718  2.8783194 ]
 [ 0.          0.          0.          1.        ]]"
sun3d-home_at-home_at_scan1_2013_jan_1,16,28,5.0,30,0.4060884441599377,0.44795585653373465,0.023704613084924848,0.02282467969543717,"[[-0.87273551  0.46787045  0.13939147 -1.18318363]
 [-0.14545419 -0.52175913  0.84060127 -0.99585095]
 [ 0.46602126  0.7133475   0.52341144  0.570473  ]
 [ 0.          0.          0.          1.        ]]","[[-0.92460097  0.3681465   0.09788356 -1.03588524]
 [-0.13011224 -0.54670312  0.82715567 -0.98977115]
 [ 0.35802772  0.75205309  0.5533826   0.49279582]
 [ 0.          0.          0.          1.        ]]"
sun3d-home_at-home_at_scan1_2013_jan_1,16,54,2.0,30,0.35371215028975234,0.41620493885883963,0.023633703009488652,0.02265656978286396,"[[ 0.42261359  0.79756128  0.43045762 -1.37751338]
 [-0.89970201  0.42644172  0.09318662  0.2674115 ]
 [-0.10924305 -0.42666552  0.89778755 -0.14241375]
 [ 0.          0.          0.          1.        ]]","[[ 0.4587024   0.76280279  0.45576749 -1.46391614]
 [-0.86712441  0.49631396  0.04204419  0.41279863]
 [-0.19413235 -0.41449288  0.88910533 -0.09301816]
 [ 0.          0.          0.          1.        ]]"
sun3d-home_at-home_at_scan1_2013_jan_1,16,56,0.0,30,0.4398758328144094,0.5628256930560953,0.024050146553858554,0.02015398625687196,"[[1. 0. 0. 0.]
 [0. 1. 0. 0.]
 [0. 0. 1. 0.]
 [0. 0. 0. 1.]]","[[ 0.99051612  0.03544018  0.13274716 -0.25181265]
 [-0.03042952  0.99875268 -0.0395869   0.0909104 ]
 [-0.13398455  0.03517203  0.99035906  0.05327235]
 [ 0.          0.          0.          1.        ]]"
sun3d-home_at-home_at_scan1_2013_jan_1,17,19,2.0,30,0.6636985636645962,0.7911733307453416,0.025685038905550777,0.021203620611389556,"[[-0.79828437  0.60171632  0.02606791  0.1509977 ]
 [ 0.60207416  0.79839623  0.00837639  0.24562214]
 [-0.01577231  0.02238156 -0.99962508  2.83347774]
 [ 0.          0.          0.          1.        ]]","[[-8.16800539e-01  5.74962904e-01  4.74819756e-02  1.45862045e-01]
 [ 5.73905265e-01  8.18178539e-01 -3.48801689e-02  3.54193804e-01]
 [-5.89035367e-02 -1.23998500e-03 -9.98262909e-01  2.90265563e+00]
 [ 0.00000000e+00  0.00000000e+00  0.00000000e+00  1.00000000e+00]]"
sun3d-home_at-home_at_scan1_2013_jan_1,17,21,1.0,30,0.574382559571232,0.6426178749909466,0.022455233922605625,0.021921965425695546,"[[ 0.80414663 -0.07049597 -0.59023598  0.80984457]
 [-0.03207651 -0.99664228  0.07533436 -0.65526998]
 [-0.5935649  -0.04164716 -0.8037078   3.18301611]
 [ 0.          0.          0.          1.        ]]","[[ 0.77227828 -0.05799052 -0.63263209  0.84526098]
 [-0.00928226 -0.99674873  0.08003624 -0.65341096]
 [-0.63521658 -0.055938   -0.77030568  3.06624324]
 [ 0.          0.          0.          1.        ]]"
sun3d-home_at-home_at_scan1_2013_jan_1,17,52,1.0,30,0.447074978418489,0.5105715857602283,0.023585642578305893,0.022885418316267784,"[[ 0.11613228 -0.52199892  0.84500321 -1.92963345]
 [-0.14466031  0.8327985   0.53434076 -1.07392436]
 [-0.98264271 -0.18429264  0.02120226  2.11439487]
 [ 0.          0.          0.          1.        ]]","[[ 0.11824018 -0.54499644  0.83005912 -1.932341  ]
 [-0.12733312  0.82070006  0.55698985 -1.14125624]
 [-0.98478705 -0.1715526   0.02764362  2.16858838]
 [ 0.          0.          0.          1.        ]]"
sun3d-home_at-home_at_scan1_2013_jan_1,18,20,4.0,30,0.569944911044884,0.8383906800325115,0.024493931258253936,0.01681396474585864,"[[ 0.99145105 -0.0598787   0.11592826  0.10936579]
 [ 0.11399538  0.82977768 -0.54632779  0.26668814]
 [-0.06348129  0.55487254  0.82950985  0.4272512 ]
 [ 0.          0.          0.          1.        ]]","[[ 0.99115527 -0.08116055  0.10499615  0.18735896]
 [ 0.10017373  0.97650244 -0.19080937 -0.31653858]
 [-0.0870428   0.19963957  0.97599569  0.34989052]
 [ 0.          0.          0.          1.        ]]"
sun3d-home_at-home_at_scan1_2013_jan_1,18,21,2.0,30,0.6370772072137322,0.658198739769682,0.02350283295183451,0.022634375470601525,"[[-0.8093557  -0.4851693   0.33098959 -0.9403972 ]
 [ 0.57627225 -0.76480104  0.28807927 -0.49424213]
 [ 0.11337397  0.42389871  0.89858568  0.45190916]
 [ 0.          0.          0.          1.        ]]","[[-0.7990612  -0.45693092  0.39078809 -1.00572265]
 [ 0.57893298 -0.76015867  0.29494982 -0.5461895 ]
 [ 0.16228926  0.46192307  0.87194568  0.51950499]
 [ 0.          0.          0.          1.        ]]"
sun3d-home_at-home_at_scan1_2013_jan_1,18,24,2.0,30,0.3626542998764233,0.41398195141748406,0.02532965381579895,0.024562333036998202,"[[ 0.56800535  0.71237961  0.41217135 -0.41055592]
 [ 0.66033222 -0.69338031  0.2884183   0.00540659]
 [ 0.49125481  0.10834688 -0.86425093  3.79364929]
 [ 0.          0.          0.          1.        ]]","[[ 5.37703032e-01  7.55965359e-01  3.73352147e-01 -3.88543490e-01]
 [ 6.21453922e-01 -6.54611372e-01  4.30440442e-01 -3.53064066e-01]
 [ 5.69798625e-01  5.72025090e-04 -8.21784157e-01  3.83605144e+00]
 [ 0.00000000e+00  0.00000000e+00  0.00000000e+00  1.00000000e+00]]"
sun3d-home_at-home_at_scan1_2013_jan_1,18,26,2.0,30,0.45263445932424207,0.5272676035629832,0.02440223209610799,0.022703229420359395,"[[ 0.98909548 -0.05325585  0.13730965  0.25853973]
 [-0.0035867   0.92334385  0.38395737 -0.77066466]
 [-0.147232   -0.38026299  0.91308422 -0.03720341]
 [ 0.          0.          0.          1.        ]]","[[ 0.97038458 -0.12425215  0.20715979  0.13966171]
 [ 0.06948719  0.96490354  0.25324432 -0.52292714]
 [-0.23135537 -0.23134943  0.94496145 -0.12003828]
 [ 0.          0.          0.          1.        ]]"
sun3d-home_at-home_at_scan1_2013_jan_1,18,27,3.0,30,0.5733612540895382,0.6303270564915758,0.024313383452687885,0.022590200787921545,"[[-0.97748507  0.02377503 -0.2096609   0.39617279]
 [ 0.00739801  0.9968825   0.07855288  0.29288083]
 [ 0.21087488  0.07523319 -0.97461364  3.27306809]
 [ 0.          0.          0.          1.        ]]","[[-9.78474222e-01  2.59863432e-03 -2.06352715e-01  4.00373864e-01]
 [-3.19795898e-02  9.85932616e-01  1.64055426e-01  1.13447827e-01]
 [ 2.03876192e-01  1.67123081e-01 -9.64626546e-01  3.34062369e+00]
 [ 0.00000000e+00  0.00000000e+00  0.00000000e+00  1.00000000e+00]]"
sun3d-home_at-home_at_scan1_2013_jan_1,18,29,1.0,30,0.4403279475832733,0.48516727080069677,0.02308983215075024,0.02265387640101912,"[[-0.98172925 -0.15453363  0.11102716  0.1662752 ]
 [-0.18865794  0.86657391 -0.46201497  0.90943505]
 [-0.02481639 -0.47451977 -0.87989496  3.56095621]
 [ 0.          0.          0.          1.        ]]","[[-0.98065002 -0.11518587  0.15829644  0.03845016]
 [-0.18021532  0.8470029  -0.50010851  0.97683136]
 [-0.07647211 -0.51895886 -0.85137167  3.46919601]
 [ 0.          0.          0.          1.        ]]"
sun3d-home_at-home_at_scan1_2013_jan_1,18,37,0.0,30,0.1641064314171884,0.17984348321001709,0.022333416659039172,0.01999349717262527,"[[1. 0. 0. 0.]
 [0. 1. 0. 0.]
 [0. 0. 1. 0.]
 [0. 0. 0. 1.]]","[[ 0.99985472  0.01213164 -0.0119735   0.02076054]
 [-0.01433663  0.97849525 -0.20577053  0.28780336]
 [ 0.00921968  0.20591229  0.97852702  0.04187348]
 [ 0.          0.          0.          1.        ]]"
sun3d-home_at-home_at_scan1_2013_jan_1,18,50,0.0,30,0.16794742229445334,0.1785858813192901,0.02559993042644469,0.025056226590822833,"[[1. 0. 0. 0.]
 [0. 1. 0. 0.]
 [0. 0. 1. 0.]
 [0. 0. 0. 1.]]","[[ 9.99941798e-01  1.07888290e-02 -5.25902460e-05  2.42009275e-02]
 [-1.07889567e-02  9.99928417e-01 -5.17297328e-03  5.68597990e-02]
 [-3.22384266e-06  5.17323959e-03  9.99986619e-01 -3.80468061e-02]
 [ 0.00000000e+00  0.00000000e+00  0.00000000e+00  1.00000000e+00]]"
sun3d-home_at-home_at_scan1_2013_jan_1,18,57,2.0,30,0.42623500589526897,0.4656309349825966,0.024415941294086477,0.022855158052972547,"[[-0.34936345 -0.84864875 -0.39716557  0.60129761]
 [-0.83681298  0.47328927 -0.27521138  0.58424322]
 [ 0.42153199  0.23620451 -0.87551026  3.49623367]
 [ 0.          0.          0.          1.        ]]","[[-0.3523517  -0.87890011 -0.32153206  0.43306337]
 [-0.86653817  0.436162   -0.24264028  0.50595735]
 [ 0.35349664  0.19312509 -0.91528292  3.61942226]
 [ 0.          0.          0.          1.        ]]"
sun3d-home_at-home_at_scan1_2013_jan_1,18,58,1.0,30,0.4473696479912969,0.5435970160851659,0.023845974311153928,0.022467031788317795,"[[-0.26160637  0.93032652  0.25701105 -0.59639912]
 [ 0.85095115  0.34797713 -0.39343876  0.49887276]
 [-0.45546048  0.11577776 -0.88269545  3.60678811]
 [ 0.          0.          0.          1.        ]]","[[-0.21400135  0.95834149  0.18916925 -0.45713739]
 [ 0.93332522  0.25775079 -0.24993712  0.2017973 ]
 [-0.28828364  0.12306954 -0.9496033   3.6731978 ]
 [ 0.          0.          0.          1.        ]]"
sun3d-home_at-home_at_scan1_2013_jan_1,19,21,4.0,30,0.3952614615774607,0.4523882813065836,0.02551307313335036,0.024230586291831602,"[[-0.70692164 -0.31131638  0.63509362 -1.39630241]
 [ 0.30475905 -0.94436358 -0.12369056  0.3519228 ]
 [ 0.63826618  0.10611099  0.76246753  0.48394857]
 [ 0.          0.          0.          1.        ]]","[[-0.67675378 -0.26931498  0.68518156 -1.46815807]
 [ 0.18097458 -0.96298716 -0.19975967  0.40190376]
 [ 0.71361932 -0.01118767  0.70044437  0.57318294]
 [ 0.          0.          0.          1.        ]]"
sun3d-home_at-home_at_scan1_2013_jan_1,19,24,4.0,30,0.373630282220003,0.38082600309169756,0.02153953237130313,0.021439836268390376,"[[-0.72207948 -0.44574586 -0.52906697  0.20879575]
 [ 0.39557853 -0.89343095  0.21283507 -0.12823302]
 [-0.56755515 -0.05560369  0.82145565 -1.11969901]
 [ 0.          0.          0.          1.        ]]","[[-0.68678961 -0.44831613 -0.57212995  0.35189551]
 [ 0.4074707  -0.88928429  0.2077043  -0.08827343]
 [-0.60190337 -0.09047704  0.7934269  -1.08561521]
 [ 0.          0.          0.          1.        ]]"
sun3d-home_at-home_at_scan1_2013_jan_1,19,25,1.0,30,0.23829531215815747,0.24667356152668113,0.023319376456933185,0.022474817161746354,"[[ 0.96104678 -0.18983035  0.20088185 -0.59747522]
 [-0.02570174  0.66228551  0.74881061 -1.30985217]
 [-0.27518812 -0.72480504  0.63160839 -0.29473501]
 [ 0.          0.          0.          1.        ]]","[[ 0.9450573  -0.28568786  0.15889979 -0.52673482]
 [ 0.12735982  0.76943348  0.62590063 -1.01365217]
 [-0.30107503 -0.57127451  0.76354388 -0.51983427]
 [ 0.          0.          0.          1.        ]]"
sun3d-home_at-home_at_scan1_2013_jan_1,19,26,4.0,30,0.19700960992603664,0.2445078843868312,0.024835046585601348,0.024690097819614818,"[[ 0.32702829  0.5261307   0.78500891 -1.60478667]
 [-0.93702369  0.28832882  0.19711191 -0.86428488]
 [-0.12263406 -0.80003311  0.5872886   0.13768167]
 [ 0.          0.          0.          1.        ]]","[[ 0.34922177  0.69889915  0.62416675 -1.30192572]
 [-0.90639224  0.42091623  0.035814   -0.6044128 ]
 [-0.23769154 -0.57824693  0.78046987 -0.34018316]
 [ 0.          0.          0.          1.        ]]"
sun3d-home_at-home_at_scan1_2013_jan_1,19,28,3.0,30,0.38426378266680145,0.38935121233561315,0.023885403630617582,0.023542722563041872,"[[ 0.2053513  -0.97469762  0.08829155 -0.2069095 ]
 [ 0.95900367  0.18239784 -0.21689397  0.15423482]
 [ 0.19530185  0.12921138  0.97219422 -0.81622812]
 [ 0.          0.          0.          1.        ]]","[[ 0.21701982 -0.97605831  0.01458006 -0.05134393]
 [ 0.95969444  0.21060151 -0.186101    0.09142102]
 [ 0.17857485  0.05438001  0.98242243 -0.8217933 ]
 [ 0.          0.          0.          1.        ]]"
sun3d-home_at-home_at_scan1_2013_jan_1,19,29,2.0,30,0.2029890341097504,0.22103682358905163,0.02374096094780761,0.02425965448150114,"[[-0.94462731  0.21305768  0.24957095 -0.04103693]
 [-0.13474754 -0.94532284  0.29699804 -0.62535146]
 [ 0.29920283  0.24692339  0.92168677 -1.00116167]
 [ 0.          0.          0.          1.        ]]","[[-0.92759229  0.24960386  0.27797565 -0.14626196]
 [-0.12835034 -0.91168347  0.39033248 -0.85075023]
 [ 0.3508543   0.32639112  0.87770729 -0.94049616]
 [ 0.          0.          0.          1.        ]]"
sun3d-home_at-home_at_scan1_2013_jan_1,19,32,1.0,30,0.17049085100203312,0.1903177138800142,0.023661828346240914,0.022480179408316495,"[[-0.41742906  0.82888771 -0.37242199  0.86181679]
 [ 0.80619716  0.52690853  0.26909764 -0.9386591 ]
 [ 0.41928405 -0.18791638 -0.88819385  2.57747362]
 [ 0.          0.          0.          1.        ]]","[[-0.37651602  0.76944646 -0.51593394  1.09464853]
 [ 0.75325372  0.57847456  0.31301121 -0.96380648]
 [ 0.53930003 -0.27077542 -0.79739334  2.40048923]
 [ 0.          0.          0.          1.        ]]"
sun3d-home_at-home_at_scan1_2013_jan_1,19,41,2.0,30,0.1653095965707488,0.17467440572635723,0.02262054074703221,0.022482032017681803,"[[-0.15596777 -0.88901462 -0.43049629  0.72436203]
 [ 0.4323137  -0.45330839  0.77949751 -0.84502277]
 [-0.88813226 -0.06453296  0.4550347   0.08972256]
 [ 0.          0.          0.          1.        ]]","[[-0.16774026 -0.87002594 -0.46359257  0.80180928]
 [ 0.42770962 -0.48791804  0.7609208  -0.80874719]
 [-0.88821601 -0.07064595  0.45396196  0.0602384 ]
 [ 0.          0.          0.          1.        ]]"
sun3d-home_at-home_at_scan1_2013_jan_1,19,42,2.0,30,0.19077547863082575,0.19908721717269387,0.023062038956364356,0.022526237062415307,"[[ 0.45663108  0.27177451 -0.84712849  1.47594419]
 [ 0.72355366 -0.66748551  0.17587833 -0.84213917]
 [-0.51764675 -0.69325443 -0.50143807  2.56256565]
 [ 0.          0.          0.          1.        ]]","[[ 0.38461417  0.29188226 -0.87571496  1.58257757]
 [ 0.79264513 -0.59061864  0.15127233 -0.80204138]
 [-0.47305987 -0.75231268 -0.45851935  2.47435641]
 [ 0.          0.          0.          1.        ]]"
sun3d-home_at-home_at_scan1_2013_jan_1,19,43,4.0,30,0.19136643670329045,0.2878611513310432,0.025112973579856628,0.021869995192588098,"[[ 0.07576641 -0.18750897 -0.97933643  2.37200229]
 [ 0.35900965  0.92142098 -0.14864537 -0.0807206 ]
 [ 0.93025347 -0.3403289   0.13713029  0.88536149]
 [ 0.          0.          0.          1.        ]]","[[-0.01053782  0.10616522 -0.99429266  2.34583432]
 [ 0.38968926  0.91616801  0.09369344 -0.62632688]
 [ 0.92088611 -0.38647785 -0.05102586  1.4236968 ]
 [ 0.          0.          0.          1.        ]]"
sun3d-home_at-home_at_scan1_2013_jan_1,19,44,1.0,30,0.17553910574490914,0.19456226589040088,0.023771170926244957,0.02351019272953731,"[[-0.27118113  0.59938876  0.75312277 -2.7274588 ]
 [-0.10304188 -0.79602389  0.59642966 -1.64925558]
 [ 0.95699695  0.08413728  0.27762881  0.88746956]
 [ 0.          0.          0.          1.        ]]","[[-0.33861347  0.65702662  0.6735406  -2.53536056]
 [-0.01480644 -0.71945981  0.69437623 -1.91120384]
 [ 0.94080906  0.2251524   0.25334701  0.90375102]
 [ 0.          0.          0.          1.        ]]"
sun3d-home_at-home_at_scan1_2013_jan_1,19,45,4.0,30,0.23190432539597944,0.25181521669615636,0.021865598259358923,0.021310995932781546,"[[-0.66123471 -0.67829411  0.3204462  -0.39189238]
 [-0.61776558  0.25000239 -0.7455632   1.69519467]
 [ 0.42559881 -0.6909529  -0.58433701  2.68594074]
 [ 0.          0.          0.          1.        ]]","[[-0.67160913 -0.65882061  0.33896398 -0.42290424]
 [-0.68166141  0.37018655 -0.63110985  1.3940995 ]
 [ 0.29030827 -0.6549178  -0.69771325  2.95951436]
 [ 0.          0.          0.          1.        ]]"
sun3d-home_at-home_at_scan1_2013_jan_1,19,47,1.0,30,0.14144174657120945,0.16495957083182478,0.024114845195455172,0.023572171944871705,"[[ 0.60633234 -0.07592046  0.79157892 -1.14979567]
 [-0.47774354 -0.83054367  0.28628365 -0.77377681]
 [ 0.63570607 -0.55175475 -0.53985599  3.32939875]
 [ 0.          0.          0.          1.        ]]","[[ 0.49872386 -0.04644598  0.86551562 -1.42734941]
 [-0.42331603 -0.88442451  0.19646075 -0.45392973]
 [ 0.75635841 -0.4643663  -0.46074493  3.18392577]
 [ 0.          0.          0.          1.        ]]"
sun3d-home_at-home_at_scan1_2013_jan_1,19,48,1.0,30,0.16139088893147535,0.19730268020916034,0.024985286998023014,0.022669114627202246,"[[-0.78136151 -0.6236147   0.02406028  0.24170068]
 [ 0.12793205 -0.12232039  0.98421091 -2.5611903 ]
 [-0.61082532  0.7721026   0.17535675  0.38413694]
 [ 0.          0.          0.          1.        ]]","[[-0.84898597 -0.52420303 -0.06658834  0.39598076]
 [ 0.10782677 -0.29522402  0.94932406 -2.3636699 ]
 [-0.51729703  0.7987828   0.30716417  0.07968233]
 [ 0.          0.          0.          1.        ]]"
sun3d-home_at-home_at_scan1_2013_jan_1,19,51,2.0,30,0.2302118056274457,0.23879635189134352,0.024048131261222974,0.023654927849510766,"[[ 0.87049584 -0.1251136   0.47600795 -2.35037475]
 [-0.47353816  0.05072401  0.87931149 -2.4055325 ]
 [-0.13415886 -0.99084492 -0.01509103  0.94800003]
 [ 0.          0.          0.          1.        ]]","[[ 0.90484691 -0.04462955  0.42339138 -2.16926579]
 [-0.41883034  0.08509201  0.90406885 -2.53545485]
 [-0.07637541 -0.99537307  0.05830303  0.63778522]
 [ 0.          0.          0.          1.        ]]"
sun3d-home_at-home_at_scan1_2013_jan_1,19,53,1.0,30,0.20991713095636405,0.24616809469085338,0.02355997905284524,0.02227329314343398,"[[-0.26981415 -0.8660781   0.42084326 -1.02685451]
 [-0.70547709 -0.11966096 -0.69855803  2.31946431]
 [ 0.65536432 -0.48537612 -0.57871204  2.08623017]
 [ 0.          0.          0.          1.        ]]","[[-0.04031181 -0.93730842  0.34616165 -1.04769872]
 [-0.78551562 -0.18438357 -0.59073506  2.15146442]
 [ 0.61752747 -0.29572898 -0.72883757  2.48037566]
 [ 0.          0.          0.          1.        ]]"
sun3d-home_at-home_at_scan1_2013_jan_1,19,56,2.0,30,0.30013156477809566,0.3097343889729052,0.024023581297503857,0.023634944496787522,"[[ 0.94866334  0.26699465  0.16956333  0.04970824]
 [-0.30113885  0.9263864   0.22610534 -0.03835028]
 [-0.09671225 -0.26555995  0.95923128 -0.84578396]
 [ 0.          0.          0.          1.        ]]","[[ 0.94650282  0.24963343  0.20448854 -0.0226165 ]
 [-0.28498132  0.94391321  0.16677379  0.06501444]
 [-0.15138712 -0.21612728  0.96455738 -0.82877174]
 [ 0.          0.          0.          1.        ]]"
sun3d-home_at-home_at_scan1_2013_jan_1,19,57,2.0,30,0.17029208057102915,0.19402495075508863,0.022931209405808915,0.022029648066349754,"[[ 0.34043874 -0.88171266  0.32662556 -0.65465022]
 [ 0.89440559  0.19650343 -0.40177735  0.20902005]
 [ 0.29006913  0.4289163   0.85550611 -1.11073063]
 [ 0.          0.          0.          1.        ]]","[[ 0.47159754 -0.84718442  0.24469229 -0.54134947]
 [ 0.80257563  0.29740257 -0.5171306   0.4761266 ]
 [ 0.36533287  0.44026159  0.8201839  -0.99813763]
 [ 0.          0.          0.          1.        ]]"
sun3d-home_at-home_at_scan1_2013_jan_1,19,58,3.0,30,0.21265832621027275,0.27091848628487064,0.023542308095773512,0.023251133330141054,"[[-0.24816379 -0.96814951 -0.03318534  0.65029186]
 [ 0.68466434 -0.15105792 -0.71303313  1.27680109]
 [ 0.68530977 -0.19966982  0.70034455 -0.58438725]
 [ 0.          0.          0.          1.        ]]","[[-0.29650838 -0.95052728 -0.09263186  0.7639911 ]
 [ 0.72471593 -0.16077212 -0.67002922  1.104962  ]
 [ 0.62198843 -0.26580106  0.73653254 -0.53611971]
 [ 0.          0.          0.          1.        ]]"
sun3d-home_at-home_at_scan1_2013_jan_1,19,59,5.0,30,0.2468243849459319,0.3340652594796241,0.024500191165614423,0.02281707521964941,"[[-0.47396288  0.84528099  0.24669667 -0.79337281]
 [-0.86530275 -0.49900825  0.04734886 -0.58848274]
 [ 0.16312676 -0.1910257   0.96793535 -0.69325755]
 [ 0.          0.          0.          1.        ]]","[[-0.56907964  0.82039593  0.05566769 -0.36358991]
 [-0.81469736 -0.57171075  0.09703102 -0.64977762]
 [ 0.11142967  0.00986606  0.99372335 -0.75197666]
 [ 0.          0.          0.          1.        ]]"
sun3d-home_at-home_at_scan1_2013_jan_1,20,24,2.0,30,0.3011486705244486,0.32667569551795056,0.02319498750870459,0.021838589757363136,"[[ 0.88341623 -0.41444894  0.21865004 -0.68537095]
 [ 0.44097181  0.57747354 -0.68707218  1.32917906]
 [ 0.15849172  0.70338921  0.6929098  -0.47664673]
 [ 0.          0.          0.          1.        ]]","[[ 0.85656022 -0.48972632  0.16270438 -0.55817644]
 [ 0.49238494  0.68122139 -0.54175131  0.96369333]
 [ 0.15447218  0.54415581  0.82464101 -0.72532489]
 [ 0.          0.          0.          1.        ]]"
sun3d-home_at-home_at_scan1_2013_jan_1,20,26,2.0,30,0.32709280337838115,0.3924386667810219,0.026047883240092322,0.024778312804548022,"[[ 0.9409589   0.28460225  0.18329729 -0.53709058]
 [-0.10118414  0.75316802 -0.64999977  1.32024707]
 [-0.32304506  0.59307629  0.73749739 -0.12232369]
 [ 0.          0.          0.          1.        ]]","[[ 0.91232075  0.29409507  0.28491917 -0.76976442]
 [-0.12588199  0.8635556  -0.48828828  0.97491929]
 [-0.38964672  0.40960934  0.82486097 -0.34090817]
 [ 0.          0.          0.          1.        ]]"
sun3d-home_at-home_at_scan1_2013_jan_1,20,28,5.0,30,0.2466186748724399,0.3490560740316476,0.027211145490740243,0.025308956703091103,"[[ 0.82425817 -0.38631274  0.41395766 -0.77274041]
 [ 0.5610029   0.65615559 -0.50471337  0.34593667]
 [-0.07664343  0.64824557  0.75756417 -0.27281756]
 [ 0.          0.          0.          1.        ]]","[[ 0.81526168 -0.42048087  0.39817613 -0.72892467]
 [ 0.57889473  0.57378212 -0.57935738  0.55866605]
 [ 0.01514235  0.70282993  0.71119673 -0.33083056]
 [ 0.          0.          0.          1.        ]]"
sun3d-home_at-home_at_scan1_2013_jan_1,20,29,3.0,30,0.22777186984246775,0.2489146551099829,0.024479956487612885,0.02350506139282432,"[[ 0.21353577  0.94568076 -0.2451334   0.74145826]
 [ 0.76778167 -0.31760572 -0.55645117  1.33395404]
 [-0.60408094 -0.0693867  -0.79389653  2.94646578]
 [ 0.          0.          0.          1.        ]]","[[ 2.41610532e-01  9.61414554e-01 -1.31553812e-01  4.85657307e-01]
 [ 8.38898188e-01 -2.75086094e-01 -4.69656758e-01  1.21401743e+00]
 [-4.87723468e-01  3.11376465e-03 -8.72992625e-01  3.19323650e+00]
 [ 0.00000000e+00  0.00000000e+00  0.00000000e+00  1.00000000e+00]]"
sun3d-home_at-home_at_scan1_2013_jan_1,20,31,1.0,30,0.16076299720367518,0.1792900759002454,0.022316784437836117,0.020763432598131067,"[[ 0.28787646  0.93007798 -0.22821501 -0.34220754]
 [-0.95558433  0.29468455 -0.00442841  0.30740878]
 [ 0.06313267  0.21935352  0.97360069 -0.27401476]
 [ 0.          0.          0.          1.        ]]","[[ 0.29494514  0.87812111 -0.37671034 -0.10481557]
 [-0.95518583  0.2812974  -0.09215101  0.49497233]
 [ 0.02504789  0.38700787  0.92173614 -0.21946548]
 [ 0.          0.          0.          1.        ]]"
sun3d-home_at-home_at_scan1_2013_jan_1,20,32,2.0,30,0.2354253396585665,0.2803191661019137,0.023596531623388595,0.021300807963479714,"[[-0.81632385 -0.56588078  0.11573381 -0.48974991]
 [-0.4290834   0.4599982  -0.77736034  1.51008372]
 [ 0.38665593 -0.68423724 -0.61831755  2.34257246]
 [ 0.          0.          0.          1.        ]]","[[-0.80581777 -0.56862887  0.16528442 -0.59376459]
 [-0.47180761  0.44784646 -0.75949399  1.52708324]
 [ 0.35784816 -0.6899962  -0.62916606  2.44046307]
 [ 0.          0.          0.          1.        ]]"
sun3d-home_at-home_at_scan1_2013_jan_1,20,40,3.0,30,0.13335512382045703,0.1643374761832633,0.023607551719008326,0.02180295612467716,"[[ 0.65184024 -0.03777884  0.75741472 -1.98244677]
 [-0.4430078  -0.82959418  0.33987879 -0.04352473]
 [ 0.61550661 -0.5570873  -0.55749919  2.909597  ]
 [ 0.          0.          0.          1.        ]]","[[ 0.69450499 -0.11800039  0.70974554 -1.84944235]
 [-0.61266303 -0.61420343  0.49739135 -0.52744252]
 [ 0.37723578 -0.78027563 -0.49886182  2.97917005]
 [ 0.          0.          0.          1.        ]]"
sun3d-home_at-home_at_scan1_2013_jan_1,20,49,0.0,30,0.09408035960620967,0.1086534730306558,0.02467832925726045,0.022982037637280583,"[[1. 0. 0. 0.]
 [0. 1. 0. 0.]
 [0. 0. 1. 0.]
 [0. 0. 0. 1.]]","[[ 0.99930661  0.03648817  0.00741011  0.01432093]
 [-0.03720552  0.986238    0.16109116 -0.22531001]
 [-0.00143021 -0.16125516  0.98691171  0.08295779]
 [ 0.          0.          0.          1.        ]]"
sun3d-home_at-home_at_scan1_2013_jan_1,20,51,0.0,30,0.10926209652373756,0.11683471707488768,0.02101948190847686,0.02078588179453751,"[[1. 0. 0. 0.]
 [0. 1. 0. 0.]
 [0. 0. 1. 0.]
 [0. 0. 0. 1.]]","[[ 0.99997166  0.00567345 -0.00494944  0.01946881]
 [-0.00517733  0.99545794  0.09506143 -0.14351734]
 [ 0.00546629 -0.09503311  0.9954591  -0.02231329]
 [ 0.          0.          0.          1.        ]]"
sun3d-home_at-home_at_scan1_2013_jan_1,20,53,1.0,30,0.2571170882853527,0.31831119774619476,0.025429804860523344,0.022021132089656226,"[[ 0.75625701 -0.29650267  0.58323366 -1.77802522]
 [ 0.39124152 -0.50954668 -0.76634995  1.75336672]
 [ 0.52440958  0.80774275 -0.26934409  1.53888917]
 [ 0.          0.          0.          1.        ]]","[[ 0.72700639 -0.23127674  0.64650814 -1.9787047 ]
 [ 0.31949397 -0.71948397 -0.61665746  1.46390759]
 [ 0.60777077  0.65486937 -0.44917792  1.88645443]
 [ 0.          0.          0.          1.        ]]"
sun3d-home_at-home_at_scan1_2013_jan_1,20,55,0.0,30,0.10389562766673564,0.11395621118581827,0.02339452259626331,0.022310641811122748,"[[1. 0. 0. 0.]
 [0. 1. 0. 0.]
 [0. 0. 1. 0.]
 [0. 0. 0. 1.]]","[[ 0.99239974  0.06099834 -0.10687352  0.14765994]
 [-0.04172934  0.98385251  0.17404856 -0.2676638 ]
 [ 0.11576445 -0.16826598  0.9789204   0.13968619]
 [ 0.          0.          0.          1.        ]]"
sun3d-home_at-home_at_scan1_2013_jan_1,20,56,4.0,30,0.3805593141776265,0.49726335897519935,0.02359139904989153,0.019824204349050804,"[[-0.91324244  0.39936281 -0.08060757 -0.43665096]
 [-0.40293167 -0.91461118  0.03365197 -0.28424367]
 [-0.06028524  0.06321175  0.99617768 -0.55166205]
 [ 0.          0.          0.          1.        ]]","[[-0.91333232  0.33811166 -0.22694622 -0.17172055]
 [-0.38597088 -0.89643697  0.21777795 -0.65593576]
 [-0.12980971  0.28649827  0.94924611 -0.43744074]
 [ 0.          0.          0.          1.        ]]"
sun3d-home_at-home_at_scan1_2013_jan_1,21,26,1.0,30,0.2670154502125783,0.35606960968098966,0.026554399666603015,0.024898162064484048,"[[ 9.40007361e-01 -3.06327565e-03  3.41140408e-01 -1.80276874e+00]
 [ 1.86651722e-01 -8.32403540e-01 -5.21790649e-01  1.14232469e+00]
 [ 2.85564872e-01  5.54161495e-01 -7.81893689e-01  3.09186720e+00]
 [ 0.00000000e+00  0.00000000e+00  0.00000000e+00  1.00000000e+00]]","[[ 0.94972228 -0.04511407  0.30982626 -1.67268993]
 [ 0.07117634 -0.93254511 -0.35396828  0.80676331]
 [ 0.30489592  0.35822386 -0.88244782  3.33813613]
 [ 0.          0.          0.          1.        ]]"
sun3d-home_at-home_at_scan1_2013_jan_1,21,27,2.0,30,0.6854172661103829,0.7275701482357705,0.021228860241397227,0.02144914806073447,"[[ 0.58510824 -0.64750327 -0.48824979  0.40038104]
 [-0.77528458 -0.2700287  -0.57098014  1.09848927]
 [ 0.23787005  0.71261772 -0.65999532  2.64928575]
 [ 0.          0.          0.          1.        ]]","[[ 0.58438299 -0.66254132 -0.46854618  0.33900185]
 [-0.77164938 -0.2750375  -0.57350816  1.07334119]
 [ 0.25110508  0.69670178 -0.67197683  2.64252196]
 [ 0.          0.          0.          1.        ]]"
sun3d-home_at-home_at_scan1_2013_jan_1,21,28,1.0,30,0.32264935667785977,0.32628056107723236,0.025608639752266852,0.02548294965423479,"[[ 8.82724184e-01  1.37725197e-01 -4.49254700e-01  5.50634926e-02]
 [ 1.94187534e-04 -9.56188630e-01 -2.92751203e-01  1.31412493e+00]
 [-4.69891453e-01  2.58331327e-01 -8.44077572e-01  2.79293654e+00]
 [ 0.00000000e+00  0.00000000e+00  0.00000000e+00  1.00000000e+00]]","[[ 0.88764551  0.1743144  -0.42626275 -0.02730329]
 [ 0.04905558 -0.95611993 -0.28883947  1.29331101]
 [-0.45790718  0.23547649 -0.85724666  2.83562356]
 [ 0.          0.          0.          1.        ]]"
sun3d-home_at-home_at_scan1_2013_jan_1,21,29,1.0,30,0.23263924622368587,0.30374410635808186,0.025624556556390857,0.022222485400262244,"[[-0.76264876  0.30090099 -0.57256045  0.74903192]
 [ 0.37083159 -0.52186584 -0.76820569  1.7277073 ]
 [-0.52995359 -0.79819461  0.28641675  0.9991921 ]
 [ 0.          0.          0.          1.        ]]","[[-0.78401239  0.29318451 -0.54714479  0.72500885]
 [ 0.4559329  -0.3261736  -0.82809176  1.86768777]
 [-0.42124787 -0.89869551  0.12205168  1.38392215]
 [ 0.          0.          0.          1.        ]]"
sun3d-home_at-home_at_scan1_2013_jan_1,21,34,1.0,30,0.15607128674551132,0.1642614814919338,0.026543820220090386,0.026067961947466377,"[[ 0.72367523 -0.61229633  0.31841382 -0.69979098]
 [ 0.62837861  0.77536488  0.06284602 -0.01770787]
 [-0.28536728  0.15460432  0.94586628 -1.02714825]
 [ 0.          0.          0.          1.        ]]","[[ 0.68790435 -0.62812091  0.36366431 -0.80536691]
 [ 0.63764322  0.76235411  0.11057728 -0.14147537]
 [-0.34669689  0.15582149  0.92494375 -0.98355185]
 [ 0.          0.          0.          1.        ]]"
sun3d-home_at-home_at_scan1_2013_jan_1,21,42,2.0,30,0.3716727905627538,0.4134364726358538,0.023178713345952503,0.02257537588725047,"[[-0.35654601 -0.10670576  0.92816422 -3.05306173]
 [ 0.92642014  0.08819556  0.36601538 -0.75047155]
 [-0.12091591  0.99037136  0.06740859  1.07563122]
 [ 0.          0.          0.          1.        ]]","[[-0.35678529 -0.03051078  0.93368804 -3.0770879 ]
 [ 0.91688881  0.18000618  0.35624807 -0.7451551 ]
 [-0.17893903  0.98319218 -0.03624856  1.3052139 ]
 [ 0.          0.          0.          1.        ]]"
sun3d-home_at-home_at_scan1_2013_jan_1,21,54,1.0,30,0.23136154170385215,0.2550362278741526,0.025189505778585846,0.024337689403511203,"[[-0.97786961  0.20094375  0.05824625 -0.39271187]
 [-0.1815038  -0.95327261  0.24151131 -0.60632921]
 [ 0.10405475  0.22559465  0.96864837 -0.62378345]
 [ 0.          0.          0.          1.        ]]","[[-0.98768349  0.14544754  0.05767444 -0.43309301]
 [-0.13406382 -0.97673996  0.16734975 -0.47851781]
 [ 0.08067354  0.15755653  0.98420919 -0.68385059]
 [ 0.          0.          0.          1.        ]]"
sun3d-home_at-home_at_scan1_2013_jan_1,21,55,0.0,30,0.13322873748975214,0.14251663885884014,0.02437667637820445,0.023636713582319505,"[[1. 0. 0. 0.]
 [0. 1. 0. 0.]
 [0. 0. 1. 0.]
 [0. 0. 0. 1.]]","[[ 0.99630217  0.01607761  0.0844008  -0.09973126]
 [-0.00994044  0.99730888 -0.07263741  0.11087709]
 [-0.0853415   0.07152983  0.99378082 -0.05469356]
 [ 0.          0.          0.          1.        ]]"
sun3d-home_at-home_at_scan1_2013_jan_1,21,56,2.0,30,0.32076522944241814,0.3550984863027488,0.02488662825579979,0.024129213738779916,"[[ 0.88180812  0.46890424 -0.0504306   0.11093304]
 [ 0.3259619  -0.6832651  -0.65337405  0.84087437]
 [-0.34082733  0.55971209 -0.75535363  2.84318493]
 [ 0.          0.          0.          1.        ]]","[[ 0.88983127  0.44916235 -0.08033364  0.13623195]
 [ 0.2597659  -0.64341114 -0.72009985  0.96823602]
 [-0.3751293   0.61989942 -0.68920441  2.71084307]
 [ 0.          0.          0.          1.        ]]"
sun3d-home_at-home_at_scan1_2013_jan_1,22,27,1.0,30,0.5605411511450707,0.6070313415816788,0.024769113502248717,0.02263644297789883,"[[-0.2317828   0.97122656 -0.05473303 -0.04736458]
 [-0.97045519 -0.23474275 -0.05579043 -0.57243878]
 [-0.06703333  0.04018469  0.99694118  0.09800826]
 [ 0.          0.          0.          1.        ]]","[[-0.23316569  0.9723468   0.01324581 -0.15525906]
 [-0.9723269  -0.23332264  0.01187164 -0.68440645]
 [ 0.0146339  -0.0101112   0.99984179  0.13152058]
 [ 0.          0.          0.          1.        ]]"
sun3d-home_at-home_at_scan1_2013_jan_1,23,27,1.0,30,0.5471775525645535,0.5863785074117885,0.02418300768344524,0.02376602012746809,"[[ 0.99126401 -0.1200435  -0.05463717  0.3680231 ]
 [-0.11843898 -0.62790628 -0.76922423  1.54394573]
 [ 0.05803335  0.76897546 -0.63663872  3.39229397]
 [ 0.          0.          0.          1.        ]]","[[ 0.99072382 -0.07569018 -0.11285969  0.45703299]
 [-0.1350449  -0.64091477 -0.75563955  1.49774617]
 [-0.01513895  0.76387123 -0.6451911   3.37464362]
 [ 0.          0.          0.          1.        ]]"
sun3d-home_at-home_at_scan1_2013_jan_1,23,34,2.0,30,0.1924564738419734,0.22065952939136954,0.025783904958285645,0.02519894559392497,"[[-0.90431803 -0.07764365  0.41973845 -1.57458195]
 [ 0.31745323 -0.77969784  0.53971727 -0.61734677]
 [ 0.28536354  0.62132338  0.72974304  0.30986176]
 [ 0.          0.          0.          1.        ]]","[[-0.90712055 -0.09999623  0.4088191  -1.52988769]
 [ 0.30253757 -0.83020006  0.46822951 -0.43253192]
 [ 0.29258045  0.54842375  0.78334416  0.26941637]
 [ 0.          0.          0.          1.        ]]"
sun3d-home_at-home_at_scan1_2013_jan_1,23,48,0.0,30,0.29462794645057083,0.348078133983081,0.025211545694601906,0.02150780153182616,"[[1. 0. 0. 0.]
 [0. 1. 0. 0.]
 [0. 0. 1. 0.]
 [0. 0. 0. 1.]]","[[ 0.99994398 -0.0077881   0.00716756 -0.02658583]
 [ 0.00857811  0.99300573 -0.11775411  0.2171012 ]
 [-0.00620035  0.117809    0.99301692 -0.02906035]
 [ 0.          0.          0.          1.        ]]"
sun3d-home_at-home_at_scan1_2013_jan_1,24,28,1.0,30,0.4889285700916037,0.5091435224180078,0.02290877433142235,0.021337081920647108,"[[ 0.63612889  0.75012532 -0.18069877 -0.35561403]
 [-0.37839497  0.50738695  0.77419359 -0.85854503]
 [ 0.67242642 -0.4241114   0.60660715  1.03644672]
 [ 0.          0.          0.          1.        ]]","[[ 0.63688994  0.73034902 -0.24690384 -0.2199378 ]
 [-0.37086443  0.57100476  0.73240231 -0.82578207]
 [ 0.67589258 -0.37489181  0.63452766  0.96240394]
 [ 0.          0.          0.          1.        ]]"
sun3d-home_at-home_at_scan1_2013_jan_1,24,56,2.0,30,0.43462728775230236,0.4567076967736196,0.024115389262843744,0.023852445887267537,"[[ 0.97692624  0.20910045  0.04349849 -0.12894995]
 [-0.15889525  0.57547978  0.80223146 -0.99719815]
 [ 0.14271446 -0.79063267  0.59542637  0.84166969]
 [ 0.          0.          0.          1.        ]]","[[ 0.97784821  0.20686832 -0.03191205  0.00834751]
 [-0.0991402   0.59200789  0.79981115 -0.97562653]
 [ 0.18434777 -0.77893014  0.59940282  0.84874992]
 [ 0.          0.          0.          1.        ]]"
sun3d-home_at-home_at_scan1_2013_jan_1,25,27,6.0,30,0.7406619989982629,0.813469100674574,0.02304262280052685,0.01918665516167661,"[[ 0.3755273   0.92444715 -0.06615678  0.27993153]
 [-0.86536063  0.32417511 -0.38217991  0.6539395 ]
 [-0.33185874  0.20076846  0.92171677  0.58115728]
 [ 0.          0.          0.          1.        ]]","[[ 0.37801006  0.90050898 -0.21492316  0.51359723]
 [-0.90277773  0.30708825 -0.30114644  0.51618568]
 [-0.2051847   0.30786423  0.9290419   0.57077949]
 [ 0.          0.          0.          1.        ]]"
sun3d-home_at-home_at_scan1_2013_jan_1,25,28,0.0,30,0.3892651116127414,0.5386161742079669,0.023449106797112502,0.022482547948702584,"[[1. 0. 0. 0.]
 [0. 1. 0. 0.]
 [0. 0. 1. 0.]
 [0. 0. 0. 1.]]","[[ 0.99624308 -0.03633919 -0.0786078   0.09752529]
 [ 0.03986917  0.99824391  0.04381257 -0.05512505]
 [ 0.07687764 -0.046782    0.9959424   0.09861682]
 [ 0.          0.          0.          1.        ]]"
sun3d-home_at-home_at_scan1_2013_jan_1,25,47,2.0,30,0.32662952711304205,0.39308363407028485,0.023344445670969834,0.0225286509050581,"[[-0.52615691 -0.62975982  0.57145557 -1.3660258 ]
 [ 0.80613849 -0.58331763  0.09940464 -0.28193656]
 [ 0.27073906  0.51297476  0.81459024 -0.18365821]
 [ 0.          0.          0.          1.        ]]","[[-0.50514172 -0.70249348  0.50133297 -1.1409928 ]
 [ 0.83830957 -0.53744805  0.09157863 -0.2439343 ]
 [ 0.20510704  0.46653242  0.86039445 -0.33539251]
 [ 0.          0.          0.          1.        ]]"
sun3d-home_at-home_at_scan1_2013_jan_1,25,54,0.0,30,0.2514876151768537,0.3442460434263539,0.026869683550663943,0.021558151435816818,"[[1. 0. 0. 0.]
 [0. 1. 0. 0.]
 [0. 0. 1. 0.]
 [0. 0. 0. 1.]]","[[ 0.99371453 -0.03942847 -0.10477039  0.28619356]
 [ 0.03802226  0.99915843 -0.01538618  0.10263817]
 [ 0.10528887  0.01130586  0.99437741 -0.03035201]
 [ 0.          0.          0.          1.        ]]"
sun3d-home_at-home_at_scan1_2013_jan_1,26,28,3.0,30,0.6113151323892202,0.9098300820951675,0.02261115931269851,0.013138682840982846,"[[ 0.96551655  0.09570951 -0.24211045 -0.11770993]
 [-0.06114549  0.98732507  0.14645968 -0.3377322 ]
 [ 0.2530593  -0.12660528  0.9591309   0.16673502]
 [ 0.          0.          0.          1.        ]]","[[ 0.97330122  0.02667203 -0.22797663 -0.03393425]
 [-0.0393108   0.99792067 -0.05107836  0.0090111 ]
 [ 0.22614023  0.05867657  0.9723259   0.00515103]
 [ 0.          0.          0.          1.        ]]"
sun3d-home_at-home_at_scan1_2013_jan_1,26,49,0.0,30,0.23653439384865227,0.24277905257939847,0.02268260260951825,0.02249643742302578,"[[1. 0. 0. 0.]
 [0. 1. 0. 0.]
 [0. 0. 1. 0.]
 [0. 0. 0. 1.]]","[[ 0.99977682  0.01258004  0.01697227  0.00647798]
 [-0.01288389  0.99975652  0.01791376 -0.02599816]
 [-0.01674278 -0.01812843  0.99969547  0.01226156]
 [ 0.          0.          0.          1.        ]]"
sun3d-home_at-home_at_scan1_2013_jan_1,26,50,0.0,30,0.25766884442011095,0.26698290618636344,0.022345901931645023,0.02176683030991929,"[[1. 0. 0. 0.]
 [0. 1. 0. 0.]
 [0. 0. 1. 0.]
 [0. 0. 0. 1.]]","[[ 0.99990894  0.00967145  0.00941094 -0.00868449]
 [-0.01020117  0.99826617  0.05797051 -0.08430764]
 [-0.00883396 -0.05806124  0.99827394  0.03921781]
 [ 0.          0.          0.          1.        ]]"
sun3d-home_at-home_at_scan1_2013_jan_1,26,54,0.0,30,0.3121201489145766,0.34340068711691113,0.026206596158805533,0.023426354853953134,"[[1. 0. 0. 0.]
 [0. 1. 0. 0.]
 [0. 0. 1. 0.]
 [0. 0. 0. 1.]]","[[ 0.99377974  0.10847214 -0.02521138  0.03053357]
 [-0.10625283  0.9913509   0.07703064 -0.16595556]
 [ 0.033349   -0.07387271  0.99670992 -0.02144972]
 [ 0.          0.          0.          1.        ]]"
sun3d-home_at-home_at_scan1_2013_jan_1,26,55,2.0,30,0.40121062267704244,0.42267809013926616,0.024515191525852294,0.024085819529863738,"[[ 3.09373643e-01 -9.05032223e-02  9.46624063e-01 -2.24411062e+00]
 [-2.83396664e-01 -9.59002326e-01  9.32426846e-04  1.31420767e-01]
 [ 9.07730290e-01 -2.68558570e-01 -3.22338355e-01  2.90713796e+00]
 [ 0.00000000e+00  0.00000000e+00  0.00000000e+00  1.00000000e+00]]","[[ 0.27482921 -0.12676145  0.95310044 -2.29627943]
 [-0.26815441 -0.96204471 -0.05062794  0.21956244]
 [ 0.92334291 -0.24166404 -0.29838962  2.84327442]
 [ 0.          0.          0.          1.        ]]"
sun3d-home_at-home_at_scan1_2013_jan_1,27,40,1.0,30,0.2060370278838514,0.22494160415188502,0.018465519693178986,0.016126020680423347,"[[-0.16554086 -0.43367791  0.88573116 -2.15429168]
 [ 0.97514151 -0.20611727  0.08133084  0.51406756]
 [ 0.14729311  0.8771768   0.45701816  0.18749168]
 [ 0.          0.          0.          1.        ]]","[[-0.1689638  -0.49335019  0.85326246 -2.0219425 ]
 [ 0.95073711 -0.30986459  0.00910435  0.7036448 ]
 [ 0.25990419  0.81276658  0.52140224  0.11386807]
 [ 0.          0.          0.          1.        ]]"
sun3d-home_at-home_at_scan1_2013_jan_1,27,50,0.0,30,0.17451747143997906,0.1949222782229705,0.024326017354297385,0.022754683815017034,"[[1. 0. 0. 0.]
 [0. 1. 0. 0.]
 [0. 0. 1. 0.]
 [0. 0. 0. 1.]]","[[ 0.9964246   0.00903669  0.08400209 -0.14122566]
 [-0.01718447  0.99515699  0.09678456 -0.18460869]
 [-0.08272065 -0.09788205  0.9917542   0.01061327]
 [ 0.          0.          0.          1.        ]]"
sun3d-home_at-home_at_scan1_2013_jan_1,27,56,1.0,30,0.33249369097727816,0.3463431078316158,0.022363503183571873,0.019297563357820166,"[[ 0.64050557  0.47042135  0.60700606 -0.2504329 ]
 [ 0.6096716  -0.79210697 -0.0294462  -0.19299758]
 [ 0.46696161  0.38893482 -0.79415147  3.53357461]
 [ 0.          0.          0.          1.        ]]","[[ 0.65337508  0.46685838  0.59593981 -0.26314314]
 [ 0.63692073 -0.76449409 -0.09940209 -0.01541206]
 [ 0.40918576  0.44451327 -0.79685316  3.55936655]
 [ 0.          0.          0.          1.        ]]"
sun3d-home_at-home_at_scan1_2013_jan_1,27,59,3.0,30,0.3884520942531992,0.4386008405345422,0.02159349089887724,0.017489051468427327,"[[ 0.96150276 -0.25460737  0.10338053  0.27903562]
 [-0.2100867  -0.4385812   0.87379066 -1.7911461 ]
 [-0.17713278 -0.861871   -0.47518665  2.71962663]
 [ 0.          0.          0.          1.        ]]","[[ 9.70229681e-01 -8.63104478e-02  2.26284935e-01 -2.50227824e-03]
 [-2.42118423e-01 -3.67846747e-01  8.97812586e-01 -1.88685073e+00]
 [ 5.74757095e-03 -9.25872171e-01 -3.77793182e-01  2.63818767e+00]
 [ 0.00000000e+00  0.00000000e+00  0.00000000e+00  1.00000000e+00]]"
sun3d-home_at-home_at_scan1_2013_jan_1,28,50,0.0,30,0.20525127841124266,0.2374609659876606,0.024340088226101824,0.022787660582138852,"[[1. 0. 0. 0.]
 [0. 1. 0. 0.]
 [0. 0. 1. 0.]
 [0. 0. 0. 1.]]","[[ 0.99836083  0.03281134  0.04689414 -0.08127958]
 [-0.03838133  0.99162763  0.12329443 -0.18901594]
 [-0.04245607 -0.12489219  0.99126153  0.07884249]
 [ 0.          0.          0.          1.        ]]"
sun3d-home_at-home_at_scan1_2013_jan_1,28,56,3.0,30,0.44446421297575184,0.519797923992078,0.020367341666220916,0.020614644301403955,"[[ 0.98879017  0.08517911 -0.12263164  0.26237476]
 [-0.04714049  0.95739647  0.28490308  0.11320629]
 [ 0.14167489 -0.27592845  0.95067961  0.30018868]
 [ 0.          0.          0.          1.        ]]","[[ 0.98808439  0.09937646 -0.11753106  0.31871337]
 [-0.06534312  0.96223487  0.26426185  0.1548344 ]
 [ 0.13935389 -0.25343317  0.95726283  0.23414732]
 [ 0.          0.          0.          1.        ]]"
sun3d-home_at-home_at_scan1_2013_jan_1,30,46,1.0,30,0.4496820103506086,0.508578431372549,0.023653531711587773,0.02204534625869773,"[[ 0.73330931 -0.67964658 -0.01838437  0.60478048]
 [ 0.18196462  0.22224201 -0.95786083  2.69968885]
 [ 0.65509261  0.69906296  0.28664377  1.29746869]
 [ 0.          0.          0.          1.        ]]","[[ 0.71658447 -0.69716532 -0.02161525  0.57312938]
 [ 0.17138918  0.20603344 -0.9634189   2.71614682]
 [ 0.67611571  0.6866664   0.26712695  1.43423327]
 [ 0.          0.          0.          1.        ]]"
sun3d-home_at-home_at_scan1_2013_jan_1,30,51,0.0,30,0.22862015776724157,0.2930598977204497,0.023600743167069668,0.021957375930532097,"[[1. 0. 0. 0.]
 [0. 1. 0. 0.]
 [0. 0. 1. 0.]
 [0. 0. 0. 1.]]","[[ 0.99921699 -0.02490442  0.03074387 -0.11551372]
 [ 0.02392657  0.99920864  0.03177453 -0.04163657]
 [-0.03151086 -0.03101406  0.99902212  0.09128701]
 [ 0.          0.          0.          1.        ]]"
sun3d-home_at-home_at_scan1_2013_jan_1,31,33,1.0,30,0.4643603846359226,0.48150962616707266,0.024386802319550864,0.024225511157438963,"[[-0.3039757  -0.52605112 -0.79427262  1.61144018]
 [ 0.89570887 -0.44179923 -0.05019026  0.3027605 ]
 [-0.32450639 -0.72669365  0.60548489  1.16896086]
 [ 0.          0.          0.          1.        ]]","[[-0.3137284  -0.54636894 -0.77656647  1.55593514]
 [ 0.87471994 -0.48446686 -0.01252546  0.18896132]
 [-0.36937719 -0.68320777  0.62991082  1.0742681 ]
 [ 0.          0.          0.          1.        ]]"
sun3d-home_at-home_at_scan1_2013_jan_1,32,36,0.0,30,0.2826163756492457,0.3245865247533931,0.025002063351387965,0.024162363480907754,"[[1. 0. 0. 0.]
 [0. 1. 0. 0.]
 [0. 0. 1. 0.]
 [0. 0. 0. 1.]]","[[ 0.99755394 -0.04124343 -0.0564368   0.14842592]
 [ 0.04434513  0.99750899  0.05485729 -0.1486309 ]
 [ 0.05403371 -0.05722581  0.99689797 -0.03395743]
 [ 0.          0.          0.          1.        ]]"
sun3d-home_at-home_at_scan1_2013_jan_1,33,39,0.0,30,0.3213266135090878,0.34493428307302076,0.021772236331044147,0.020969539201910393,"[[1. 0. 0. 0.]
 [0. 1. 0. 0.]
 [0. 0. 1. 0.]
 [0. 0. 0. 1.]]","[[ 0.99845708 -0.01377307 -0.05379368  0.13813303]
 [ 0.01489449  0.99967886  0.02050174 -0.05346402]
 [ 0.05349403 -0.02127134  0.99834158  0.00519412]
 [ 0.          0.          0.          1.        ]]"
sun3d-home_at-home_at_scan1_2013_jan_1,34,43,0.0,30,0.6075622935771134,0.6867340468822455,0.023801124230712453,0.01834763051581913,"[[1. 0. 0. 0.]
 [0. 1. 0. 0.]
 [0. 0. 1. 0.]
 [0. 0. 0. 1.]]","[[ 0.99868994 -0.04011024 -0.03177385  0.10004913]
 [ 0.03724416  0.99558455 -0.08616419  0.18919313]
 [ 0.03508962  0.08486792  0.99577415 -0.04484179]
 [ 0.          0.          0.          1.        ]]"
sun3d-home_at-home_at_scan1_2013_jan_1,34,46,0.0,30,0.561411181573001,0.6812222100736205,0.0233081354360688,0.019197831029124243,"[[1. 0. 0. 0.]
 [0. 1. 0. 0.]
 [0. 0. 1. 0.]
 [0. 0. 0. 1.]]","[[ 0.99916578 -0.03974212  0.00939728 -0.00579779]
 [ 0.040758    0.98484612 -0.16857317  0.41782701]
 [-0.00255542  0.16881556  0.98564435 -0.06016753]
 [ 0.          0.          0.          1.        ]]"
sun3d-home_at-home_at_scan1_2013_jan_1,34,48,0.0,30,0.43614312700194374,0.4907465710296493,0.023971039731489358,0.021572724589025517,"[[1. 0. 0. 0.]
 [0. 1. 0. 0.]
 [0. 0. 1. 0.]
 [0. 0. 0. 1.]]","[[ 0.99968363 -0.02152386 -0.01301403  0.03180643]
 [ 0.02109338  0.9992538  -0.03235613  0.15332706]
 [ 0.01370075  0.03207138  0.99939167  0.04550984]
 [ 0.          0.          0.          1.        ]]"
sun3d-home_at-home_at_scan1_2013_jan_1,34,56,1.0,30,0.47789852188610515,0.5469161871497263,0.0249328494514,0.02397257051303157,"[[ 0.81304159 -0.12454096  0.56872922 -0.88907154]
 [ 0.24043927  0.96148439 -0.13317926  0.95687791]
 [-0.530238    0.24502512  0.81167134  0.78146559]
 [ 0.          0.          0.          1.        ]]","[[ 0.8505183  -0.1934566   0.48907379 -0.75868336]
 [ 0.243904    0.96893703 -0.04088863  0.74886882]
 [-0.46597152  0.15406358  0.87128351  0.66326804]
 [ 0.          0.          0.          1.        ]]"
sun3d-home_at-home_at_scan1_2013_jan_1,35,39,0.0,30,0.5366555546783678,0.5977273479699187,0.02305494458792457,0.022376562050532636,"[[1. 0. 0. 0.]
 [0. 1. 0. 0.]
 [0. 0. 1. 0.]
 [0. 0. 0. 1.]]","[[ 0.99838139  0.05140812  0.02432714 -0.08970523]
 [-0.05069729  0.99829333 -0.02898641  0.03641556]
 [-0.02577576  0.02770617  0.99928373 -0.00599973]
 [ 0.          0.          0.          1.        ]]"
sun3d-home_at-home_at_scan1_2013_jan_1,35,44,0.0,30,0.4751025530777544,0.4975422123575006,0.025229109179665546,0.02420778663541964,"[[1. 0. 0. 0.]
 [0. 1. 0. 0.]
 [0. 0. 1. 0.]
 [0. 0. 0. 1.]]","[[ 0.99989509 -0.00493818 -0.0136171   0.05647769]
 [ 0.00483537  0.99995964 -0.0075728   0.07946693]
 [ 0.01365395  0.00750616  0.99987861  0.0065505 ]
 [ 0.          0.          0.          1.        ]]"
sun3d-home_at-home_at_scan1_2013_jan_1,36,52,1.0,30,0.4649708593690595,0.49387890200428497,0.02467339083227326,0.02355473816468658,"[[-0.2844526   0.40476106 -0.8690542   1.89740355]
 [ 0.87458411  0.48085411 -0.06230532 -0.46480879]
 [ 0.39266952 -0.77778391 -0.4907778   3.4171442 ]
 [ 0.          0.          0.          1.        ]]","[[-0.249443    0.40178998 -0.88110329  1.96116287]
 [ 0.89984546  0.43239255 -0.05757458 -0.48246395]
 [ 0.35784961 -0.80721837 -0.46940618  3.37957257]
 [ 0.          0.          0.          1.        ]]"
sun3d-home_at-home_at_scan1_2013_jan_1,38,53,1.0,30,0.4846069175528175,0.5190249673906192,0.022690787751422716,0.021958435216056064,"[[ 5.26661096e-02  6.14092892e-01  7.87474572e-01 -1.96740939e+00]
 [ 9.98609525e-01 -3.05693202e-02 -4.29480235e-02 -2.90763392e-01]
 [-2.30151358e-03  7.88641514e-01 -6.14848978e-01  3.00719078e+00]
 [ 0.00000000e+00  0.00000000e+00  0.00000000e+00  1.00000000e+00]]","[[ 0.0952459   0.6502321   0.75374162 -1.89586295]
 [ 0.99472121 -0.03312546 -0.09712066 -0.21617157]
 [-0.03818293  0.75901312 -0.64995473  3.10079203]
 [ 0.          0.          0.          1.        ]]"
sun3d-home_at-home_at_scan1_2013_jan_1,40,49,0.0,30,0.42327750375150563,0.46351786927937444,0.021183907863502577,0.02004194127156099,"[[1. 0. 0. 0.]
 [0. 1. 0. 0.]
 [0. 0. 1. 0.]
 [0. 0. 0. 1.]]","[[ 0.99972879  0.00535018  0.02266554 -0.05387254]
 [-0.00410556  0.99849944 -0.05460775  0.15466287]
 [-0.02292369  0.05449988  0.9982506   0.06161695]
 [ 0.          0.          0.          1.        ]]"
sun3d-home_at-home_at_scan1_2013_jan_1,43,46,0.0,30,0.5697162694073912,0.7180415846636052,0.022409715402457037,0.01856885444199921,"[[1. 0. 0. 0.]
 [0. 1. 0. 0.]
 [0. 0. 1. 0.]
 [0. 0. 0. 1.]]","[[ 0.99947066  0.01691059 -0.0277927  -0.01397976]
 [-0.02038968  0.99129256 -0.13008964  0.34525179]
 [ 0.0253508   0.13058746  0.99111263  0.01621374]
 [ 0.          0.          0.          1.        ]]"
sun3d-home_at-home_at_scan1_2013_jan_1,44,48,2.0,30,0.3543132477345525,0.41733854409067267,0.023374998604428043,0.018769417267841242,"[[1. 0. 0. 0.]
 [0. 1. 0. 0.]
 [0. 0. 1. 0.]
 [0. 0. 0. 1.]]","[[ 0.99916787  0.02653624  0.03097426 -0.05841629]
 [-0.02632789  0.99962804 -0.0071153   0.10207439]
 [-0.03115156  0.00629389  0.99949486  0.03366161]
 [ 0.          0.          0.          1.        ]]"
sun3d-home_at-home_at_scan1_2013_jan_1,46,48,0.0,30,0.33226448928190105,0.41956292605469925,0.02626907674111049,0.02025468340128281,"[[1. 0. 0. 0.]
 [0. 1. 0. 0.]
 [0. 0. 1. 0.]
 [0. 0. 0. 1.]]","[[ 0.99914031 -0.03304952  0.02502729 -0.04111243]
 [ 0.03247093  0.99920379  0.02318238  0.02927983]
 [-0.02577353 -0.02234979  0.99941794  0.05647091]
 [ 0.          0.          0.          1.        ]]"
sun3d-home_at-home_at_scan1_2013_jan_1,47,49,0.0,30,0.33562797625055796,0.3517173933035905,0.023429062425373258,0.02122175177144999,"[[1. 0. 0. 0.]
 [0. 1. 0. 0.]
 [0. 0. 1. 0.]
 [0. 0. 0. 1.]]","[[ 9.98809711e-01  8.27399908e-03  4.80697716e-02 -1.25766160e-01]
 [-7.58565886e-03  9.99866321e-01 -1.44844308e-02 -1.25144700e-02]
 [-4.81831899e-02  1.41025493e-02  9.98738954e-01 -8.26051043e-04]
 [ 0.00000000e+00  0.00000000e+00  0.00000000e+00  1.00000000e+00]]"
sun3d-home_at-home_at_scan1_2013_jan_1,47,50,0.0,30,0.31334113833242805,0.32033750489615814,0.022093326397631896,0.0215072603383294,"[[1. 0. 0. 0.]
 [0. 1. 0. 0.]
 [0. 0. 1. 0.]
 [0. 0. 0. 1.]]","[[ 0.9990432   0.04104146 -0.01510905  0.00287353]
 [-0.04042216  0.99841209  0.03923459 -0.07890883]
 [ 0.0166953  -0.03858631  0.99911579  0.00966213]
 [ 0.          0.          0.          1.        ]]"
sun3d-home_at-home_at_scan1_2013_jan_1,47,53,1.0,30,0.4923313404031441,0.532926988929782,0.025146720606592985,0.024123689453996303,"[[ 0.72587279 -0.3295828   0.60372499 -1.56192848]
 [ 0.27206959 -0.66856624 -0.69209632  1.66129497]
 [ 0.63173319  0.66662911 -0.39562459  2.4685682 ]
 [ 0.          0.          0.          1.        ]]","[[ 0.70254878 -0.31909136  0.63608641 -1.58085042]
 [ 0.26097971 -0.71603368 -0.64744526  1.57853347]
 [ 0.66205348  0.62086752 -0.41977222  2.55549919]
 [ 0.          0.          0.          1.        ]]"
sun3d-home_at-home_at_scan1_2013_jan_1,47,55,0.0,30,0.3224808597464031,0.3552242480754976,0.023756399389996657,0.02343009445748981,"[[1. 0. 0. 0.]
 [0. 1. 0. 0.]
 [0. 0. 1. 0.]
 [0. 0. 0. 1.]]","[[ 0.99946897  0.02413029  0.02189765 -0.10871904]
 [-0.02531291  0.99814101  0.05544164 -0.1234276 ]
 [-0.02051912 -0.05596649  0.99822178  0.04362214]
 [ 0.          0.          0.          1.        ]]"
sun3d-home_at-home_at_scan1_2013_jan_1,49,51,1.0,30,0.6006257893538168,0.6548298101409967,0.02438880654943233,0.02156619653174061,"[[ 0.94889583 -0.06920649 -0.30790773  0.00222535]
 [ 0.07569258  0.99708916  0.00915642  0.00174189]
 [ 0.30637778 -0.03199482  0.95137216 -0.02778118]
 [ 0.          0.          0.          1.        ]]","[[ 0.95559159 -0.0359291  -0.29249582 -0.07509283]
 [ 0.04989368  0.99793624  0.04042121 -0.10067065]
 [ 0.29043988 -0.05321986  0.95541212  0.01055494]
 [ 0.          0.          0.          1.        ]]"
sun3d-home_at-home_at_scan1_2013_jan_1,52,55,3.0,30,0.45713447550597586,0.5992556058744798,0.02443361556622385,0.020480211350143485,"[[ 0.92508899 -0.13840164 -0.35363166  1.30483719]
 [ 0.23050605  0.9446973   0.23326801 -0.29590876]
 [ 0.3017902  -0.2973079   0.90583149 -0.1285746 ]
 [ 0.          0.          0.          1.        ]]","[[ 0.94338756 -0.06899696 -0.32443693  1.37906347]
 [ 0.15030665  0.96086011  0.23271392 -0.29634718]
 [ 0.29568195 -0.26830444  0.91683418 -0.12035308]
 [ 0.          0.          0.          1.        ]]"
sun3d-home_at-home_at_scan1_2013_jan_1,53,56,2.0,30,0.48552085137862094,0.5436481367899131,0.024474780071433833,0.023898261483962735,"[[-0.33349287 -0.71516366 -0.61426659  1.3204084 ]
 [ 0.04024827 -0.66177354  0.74862264 -1.1006224 ]
 [-0.94189308  0.22493715  0.24948086  1.15853409]
 [ 0.          0.          0.          1.        ]]","[[-0.40457787 -0.6412213  -0.65203681  1.40331207]
 [ 0.04164459 -0.7251738   0.68730538 -1.00250328]
 [-0.91355486  0.25091474  0.32009266  1.00594011]
 [ 0.          0.          0.          1.        ]]"
sun3d-home_at-home_at_scan1_2013_jan_1,56,59,0.0,30,0.5727558199933891,0.5757720640317325,0.020572220226768093,0.017849912807570194,"[[1. 0. 0. 0.]
 [0. 1. 0. 0.]
 [0. 0. 1. 0.]
 [0. 0. 0. 1.]]","[[ 0.99996722 -0.00148594  0.00795909 -0.01006983]
 [ 0.00170683  0.99961152 -0.02781892  0.00693501]
 [-0.00791466  0.02783159  0.99958129 -0.01829035]
 [ 0.          0.          0.          1.        ]]"
sun3d-mit_lab_hj-lab_hj_tea_nov_2_2012_scan1_erika,0,8,0.0,30,0.1768049241858236,0.18684522485248362,0.024629269024783237,0.023576257725008976,"[[1. 0. 0. 0.]
 [0. 1. 0. 0.]
 [0. 0. 1. 0.]
 [0. 0. 0. 1.]]","[[ 0.99972538  0.00360631 -0.0231553   0.06312578]
 [-0.00256262  0.99898614  0.04494572 -0.1870174 ]
 [ 0.02329392 -0.04487404  0.99872104  0.07133266]
 [ 0.          0.          0.          1.        ]]"
sun3d-mit_lab_hj-lab_hj_tea_nov_2_2012_scan1_erika,0,25,1.0,30,0.5257328247692941,0.5810493407528322,0.0219274953148641,0.020245997883198023,"[[-0.77978036  0.16769365 -0.60317612  1.53973782]
 [ 0.2749368   0.95730745 -0.08928725  0.61557762]
 [ 0.56245209 -0.23545975 -0.7925947   4.62191223]
 [ 0.          0.          0.          1.        ]]","[[-0.81983533  0.11778485 -0.56035413  1.48377033]
 [ 0.23195658  0.96303874 -0.13693988  0.79623392]
 [ 0.52351329 -0.24224598 -0.81685416  4.7258994 ]
 [ 0.          0.          0.          1.        ]]"
sun3d-mit_lab_hj-lab_hj_tea_nov_2_2012_scan1_erika,1,14,0.0,30,0.3456575011880026,0.37595622559935893,0.02263081093328282,0.02141797514225259,"[[1. 0. 0. 0.]
 [0. 1. 0. 0.]
 [0. 0. 1. 0.]
 [0. 0. 0. 1.]]","[[ 0.99744936 -0.04815827 -0.05268353  0.17814345]
 [ 0.05078657  0.99747001  0.04974228 -0.10252739]
 [ 0.05015474 -0.05229102  0.99737162  0.05070258]
 [ 0.          0.          0.          1.        ]]"
sun3d-mit_lab_hj-lab_hj_tea_nov_2_2012_scan1_erika,1,30,0.0,30,0.29912199336730155,0.3135347708415395,0.02400280520346623,0.023646008035035092,"[[1. 0. 0. 0.]
 [0. 1. 0. 0.]
 [0. 0. 1. 0.]
 [0. 0. 0. 1.]]","[[ 0.99940641 -0.03313084  0.00944292 -0.03100776]
 [ 0.03314748  0.99944917 -0.00161106  0.03875494]
 [-0.00938434  0.00192311  0.99995412 -0.02315242]
 [ 0.          0.          0.          1.        ]]"
sun3d-mit_lab_hj-lab_hj_tea_nov_2_2012_scan1_erika,1,36,0.0,30,0.2672323923463876,0.27247231052740956,0.024710177676218956,0.020489483537833,"[[1. 0. 0. 0.]
 [0. 1. 0. 0.]
 [0. 0. 1. 0.]
 [0. 0. 0. 1.]]","[[ 0.99870843 -0.03905423 -0.03249991  0.14778011]
 [ 0.03896071  0.99923459 -0.00350613  0.0159781 ]
 [ 0.03261196  0.00223538  0.99946559  0.04612153]
 [ 0.          0.          0.          1.        ]]"
sun3d-mit_lab_hj-lab_hj_tea_nov_2_2012_scan1_erika,2,10,0.0,30,0.5292259994708385,0.5765350773050752,0.021446979750142217,0.015808148440678845,"[[1. 0. 0. 0.]
 [0. 1. 0. 0.]
 [0. 0. 1. 0.]
 [0. 0. 0. 1.]]","[[ 0.99831547  0.03089099 -0.04911182  0.16391788]
 [-0.03442335  0.99675332 -0.07278635  0.32320545]
 [ 0.04670393  0.07435434  0.99613763 -0.02323468]
 [ 0.          0.          0.          1.        ]]"
sun3d-mit_lab_hj-lab_hj_tea_nov_2_2012_scan1_erika,3,15,1.0,30,0.573370152595928,0.6295243854753352,0.016855659440467536,0.015103754266373424,"[[1. 0. 0. 0.]
 [0. 1. 0. 0.]
 [0. 0. 1. 0.]
 [0. 0. 0. 1.]]","[[ 0.99899312  0.01244666 -0.0431024   0.1299089 ]
 [-0.012191    0.99990653  0.00618945 -0.08746813]
 [ 0.04317541 -0.00565776  0.99905149 -0.03672066]
 [ 0.          0.          0.          1.        ]]"
sun3d-mit_lab_hj-lab_hj_tea_nov_2_2012_scan1_erika,3,16,3.0,30,0.5755064761269937,0.5872782457595425,0.016472211929717744,0.016420885643512115,"[[-0.07770925 -0.90711393 -0.41364911  1.35351781]
 [-0.86968073 -0.14118495  0.47299285 -1.4851152 ]
 [-0.48745943  0.39649858 -0.77792813  5.09166901]
 [ 0.          0.          0.          1.        ]]","[[-0.10295734 -0.91141235 -0.39840597  1.32580685]
 [-0.87894368 -0.10415667  0.46541314 -1.46377108]
 [-0.46567992  0.39809411 -0.79035643  5.1241553 ]
 [ 0.          0.          0.          1.        ]]"
sun3d-mit_lab_hj-lab_hj_tea_nov_2_2012_scan1_erika,3,19,0.0,30,0.542537939354876,0.6497225562014783,0.024173599479396183,0.021041660790543606,"[[1. 0. 0. 0.]
 [0. 1. 0. 0.]
 [0. 0. 1. 0.]
 [0. 0. 0. 1.]]","[[ 0.99367456  0.02255546 -0.11000966  0.36508448]
 [-0.01743051  0.99872733  0.04732761 -0.15500625]
 [ 0.11093715 -0.04511072  0.99280309  0.07136822]
 [ 0.          0.          0.          1.        ]]"
sun3d-mit_lab_hj-lab_hj_tea_nov_2_2012_scan1_erika,3,20,2.0,30,0.4803304200510864,0.5467214083563704,0.024045685538145366,0.0232249504472844,"[[1. 0. 0. 0.]
 [0. 1. 0. 0.]
 [0. 0. 1. 0.]
 [0. 0. 0. 1.]]","[[ 0.99847641  0.01650436 -0.05265417  0.17943605]
 [-0.01566684  0.99974473  0.01627938 -0.09093872]
 [ 0.05290941 -0.01542965  0.99848011  0.029215  ]
 [ 0.          0.          0.          1.        ]]"
sun3d-mit_lab_hj-lab_hj_tea_nov_2_2012_scan1_erika,4,14,1.0,30,0.3975918489047082,0.4128308936574639,0.02434178295420657,0.024082529498450453,"[[-0.90933421  0.24246561  0.33811496 -1.53877426]
 [ 0.20573189  0.96837791 -0.14113334  0.27204056]
 [-0.36164304 -0.05877634 -0.93046206  4.83885399]
 [ 0.          0.          0.          1.        ]]","[[-0.92823838  0.22094251  0.29926231 -1.4114637 ]
 [ 0.19780618  0.97450185 -0.1059191   0.15967012]
 [-0.3150337  -0.03912224 -0.94827381  4.93673524]
 [ 0.          0.          0.          1.        ]]"
sun3d-mit_lab_hj-lab_hj_tea_nov_2_2012_scan1_erika,4,20,1.0,30,0.407471551175053,0.4298382701538502,0.0225914710621143,0.02136439011272081,"[[-0.97895421 -0.19323276 -0.06564878 -0.84176687]
 [-0.20383775  0.91015007  0.36066191 -1.2400868 ]
 [-0.00994145  0.3664532  -0.93038337  4.82895321]
 [ 0.          0.          0.          1.        ]]","[[-0.97935473 -0.19314369 -0.05966422 -0.82946946]
 [-0.20121791  0.90311596  0.3793322  -1.30448051]
 [-0.01938191  0.38350629 -0.92333486  4.84503295]
 [ 0.          0.          0.          1.        ]]"
sun3d-mit_lab_hj-lab_hj_tea_nov_2_2012_scan1_erika,4,31,2.0,30,0.4558556268322498,0.4649884791380448,0.023373275027803703,0.023214910294058696,"[[ 0.02265859 -0.91546285 -0.40176407  0.14062062]
 [ 0.99943329  0.0307484  -0.01369776 -0.21438397]
 [ 0.02489339 -0.40122601  0.91564076 -0.103012  ]
 [ 0.          0.          0.          1.        ]]","[[ 0.0179733  -0.89874383 -0.43810557  0.23939292]
 [ 0.99916258  0.0322539  -0.025176   -0.16389335]
 [ 0.03675738 -0.4372862   0.89857091 -0.090425  ]
 [ 0.          0.          0.          1.        ]]"
sun3d-mit_lab_hj-lab_hj_tea_nov_2_2012_scan1_erika,4,32,1.0,30,0.5743786788750818,0.660903095705254,0.024918582926687985,0.02225831954078594,"[[ 0.55601058  0.02295697 -0.83085812  1.79835192]
 [ 0.18813022 -0.97715212  0.09889768 -0.27828474]
 [-0.80960438 -0.21129768 -0.54762581  3.25597751]
 [ 0.          0.          0.          1.        ]]","[[ 0.47261613  0.07970944 -0.87765619  1.84785504]
 [ 0.20621041 -0.97825586  0.02219792 -0.07416209]
 [-0.85680293 -0.19147294 -0.47877642  3.05722086]
 [ 0.          0.          0.          1.        ]]"
sun3d-mit_lab_hj-lab_hj_tea_nov_2_2012_scan1_erika,4,36,0.0,30,0.24166482041558682,0.2952593424598247,0.024980795768383537,0.024814126969426652,"[[1. 0. 0. 0.]
 [0. 1. 0. 0.]
 [0. 0. 1. 0.]
 [0. 0. 0. 1.]]","[[ 0.99934441  0.03565205  0.00629947  0.01812741]
 [-0.03519003  0.9974277  -0.06244713  0.13673526]
 [-0.00850963  0.06218451  0.99802839 -0.07072786]
 [ 0.          0.          0.          1.        ]]"
sun3d-mit_lab_hj-lab_hj_tea_nov_2_2012_scan1_erika,5,11,1.0,30,0.42278870010957315,0.4356352095114548,0.023277623589770237,0.023521527437516475,"[[-0.59886888 -0.3450716   0.72269057 -2.20385026]
 [ 0.23219998 -0.93846142 -0.2556821   0.63232657]
 [ 0.76644584  0.01468868  0.64214096 -0.19765271]
 [ 0.          0.          0.          1.        ]]","[[-0.59609345 -0.33540009  0.72950625 -2.22447749]
 [ 0.25720257 -0.94045925 -0.22222338  0.49837501]
 [ 0.76060465  0.05516498  0.64686737 -0.20667653]
 [ 0.          0.          0.          1.        ]]"
sun3d-mit_lab_hj-lab_hj_tea_nov_2_2012_scan1_erika,5,19,2.0,30,0.5133433320525057,0.5800248728468668,0.023576670778471708,0.022893984413335473,"[[ 0.92897856  0.36140486 -0.07990843  0.09016258]
 [-0.34896222  0.92715587  0.13640878 -0.69837914]
 [ 0.12338637 -0.09883581  0.98742457 -0.67605231]
 [ 0.          0.          0.          1.        ]]","[[ 0.94300448  0.31667282 -0.10227843  0.168083  ]
 [-0.31274935  0.94836808  0.05278105 -0.42184593]
 [ 0.11371193 -0.01778525  0.99335456 -0.6531928 ]
 [ 0.          0.          0.          1.        ]]"
sun3d-mit_lab_hj-lab_hj_tea_nov_2_2012_scan1_erika,5,34,2.0,30,0.38189251588829215,0.41533792465183594,0.02389510078477259,0.02342113717257134,"[[-0.12829736  0.98066632  0.14776114 -0.62407936]
 [-0.95512435 -0.08207274 -0.28460771  0.26635657]
 [-0.26697804 -0.17764468  0.94718799 -0.54749876]
 [ 0.          0.          0.          1.        ]]","[[-0.1269889   0.98436515  0.12206177 -0.51422687]
 [-0.97284628 -0.09959575 -0.20892776  0.04002142]
 [-0.19350437 -0.14527884  0.97028352 -0.56971448]
 [ 0.          0.          0.          1.        ]]"
sun3d-mit_lab_hj-lab_hj_tea_nov_2_2012_scan1_erika,6,17,1.0,30,0.451902011030172,0.5003415845860283,0.023764974574113192,0.02366677590031067,"[[ 0.96749845  0.02051246 -0.25204361  0.79226401]
 [-0.11510889  0.92318032 -0.36672611  0.78385606]
 [ 0.22515925  0.38381941  0.8955367  -0.08945581]
 [ 0.          0.          0.          1.        ]]","[[ 0.95163257 -0.00559792 -0.30718743  0.95877415]
 [-0.09815303  0.94190034 -0.32123158  0.65311639]
 [ 0.29113817  0.33584581  0.89579359 -0.08731524]
 [ 0.          0.          0.          1.        ]]"
sun3d-mit_lab_hj-lab_hj_tea_nov_2_2012_scan1_erika,6,19,1.0,30,0.46228582289045617,0.8098177506187224,0.027782263485421455,0.017019947684792,"[[1. 0. 0. 0.]
 [0. 1. 0. 0.]
 [0. 0. 1. 0.]
 [0. 0. 0. 1.]]","[[ 0.99396114  0.00411538 -0.10965546  0.32966007]
 [-0.00599217  0.99984106 -0.0167913  -0.00322561]
 [ 0.10956893  0.01734697  0.99382782 -0.06171213]
 [ 0.          0.          0.          1.        ]]"
sun3d-mit_lab_hj-lab_hj_tea_nov_2_2012_scan1_erika,7,14,1.0,30,0.5185538048694129,0.7140501104143566,0.02225778205582191,0.01986394094978159,"[[ 0.82873833 -0.11963785 -0.54669879  1.25539166]
 [ 0.04245698  0.98750774 -0.15174274  0.11172482]
 [ 0.55802346  0.10254385  0.82346498  0.47242767]
 [ 0.          0.          0.          1.        ]]","[[ 0.89570488 -0.07531105 -0.43822484  0.95441387]
 [ 0.07302848  0.99708523 -0.02208814 -0.25969897]
 [ 0.438611   -0.01221844  0.89859396  0.21810596]
 [ 0.          0.          0.          1.        ]]"
sun3d-mit_lab_hj-lab_hj_tea_nov_2_2012_scan1_erika,7,15,1.0,30,0.4833281116041395,0.5683184331897965,0.02398177582546829,0.023084824234288613,"[[1. 0. 0. 0.]
 [0. 1. 0. 0.]
 [0. 0. 1. 0.]
 [0. 0. 0. 1.]]","[[ 0.99353203  0.00312794 -0.1135091   0.31989853]
 [-0.00394357  0.99996799 -0.00696176  0.04650675]
 [ 0.11348369  0.00736436  0.99351257  0.03590886]
 [ 0.          0.          0.          1.        ]]"
sun3d-mit_lab_hj-lab_hj_tea_nov_2_2012_scan1_erika,7,20,2.0,30,0.5955834553584913,0.8356025635132739,0.023751881605531554,0.018129126740947146,"[[1. 0. 0. 0.]
 [0. 1. 0. 0.]
 [0. 0. 1. 0.]
 [0. 0. 0. 1.]]","[[ 0.99664941 -0.00243976 -0.08175571  0.23568819]
 [ 0.00670899  0.99862531  0.05198536 -0.12648581]
 [ 0.08151649 -0.05235967  0.9952957   0.15552513]
 [ 0.          0.          0.          1.        ]]"
sun3d-mit_lab_hj-lab_hj_tea_nov_2_2012_scan1_erika,8,11,0.0,30,0.49787570792243396,0.5354937299798066,0.024473589779023208,0.02343211996224986,"[[1. 0. 0. 0.]
 [0. 1. 0. 0.]
 [0. 0. 1. 0.]
 [0. 0. 0. 1.]]","[[ 0.99622699 -0.02147834 -0.08408611  0.2693387 ]
 [ 0.01698922  0.99841024 -0.05374342  0.16240279]
 [ 0.08510675  0.05211209  0.99500813 -0.01295325]
 [ 0.          0.          0.          1.        ]]"
sun3d-mit_lab_hj-lab_hj_tea_nov_2_2012_scan1_erika,8,21,0.0,30,0.6015186253212441,0.7123877583404924,0.023756120165370806,0.02089132144759645,"[[1. 0. 0. 0.]
 [0. 1. 0. 0.]
 [0. 0. 1. 0.]
 [0. 0. 0. 1.]]","[[ 0.99105721 -0.00329986 -0.13339681  0.41959356]
 [ 0.00701404  0.99960041  0.02738277 -0.07473322]
 [ 0.13325315 -0.02807354  0.99068435  0.0216147 ]
 [ 0.          0.          0.          1.        ]]"
sun3d-mit_lab_hj-lab_hj_tea_nov_2_2012_scan1_erika,8,22,0.0,30,0.5825955450022614,0.6382321347806422,0.022738813012372443,0.021195814331468162,"[[1. 0. 0. 0.]
 [0. 1. 0. 0.]
 [0. 0. 1. 0.]
 [0. 0. 0. 1.]]","[[ 0.99862423  0.01800367  0.0492496  -0.16819887]
 [-0.01754732  0.99979915 -0.00968286  0.05577887]
 [-0.04941404  0.00880534  0.99873957 -0.01495651]
 [ 0.          0.          0.          1.        ]]"
sun3d-mit_lab_hj-lab_hj_tea_nov_2_2012_scan1_erika,8,30,1.0,30,0.6729241051574948,0.8154712138346399,0.022169985787743485,0.013994342866751741,"[[1. 0. 0. 0.]
 [0. 1. 0. 0.]
 [0. 0. 1. 0.]
 [0. 0. 0. 1.]]","[[ 0.99354129 -0.01775663  0.11207324 -0.37397035]
 [ 0.00754622  0.9958333   0.09087951 -0.29978345]
 [-0.11321998 -0.08944682  0.9895355   0.02288487]
 [ 0.          0.          0.          1.        ]]"
sun3d-mit_lab_hj-lab_hj_tea_nov_2_2012_scan1_erika,9,13,0.0,30,0.3841553780711522,0.44143682258413375,0.02264136455925021,0.01835041460431765,"[[1. 0. 0. 0.]
 [0. 1. 0. 0.]
 [0. 0. 1. 0.]
 [0. 0. 0. 1.]]","[[ 0.99993664  0.00918542  0.00650711  0.04337107]
 [-0.00938406  0.99946961  0.03118397 -0.0446575 ]
 [-0.00621722 -0.03124306  0.99949248  0.05823935]
 [ 0.          0.          0.          1.        ]]"
sun3d-mit_lab_hj-lab_hj_tea_nov_2_2012_scan1_erika,10,30,0.0,30,0.2561365166897498,0.32605811870243073,0.02348154230436267,0.020192816561323948,"[[1. 0. 0. 0.]
 [0. 1. 0. 0.]
 [0. 0. 1. 0.]
 [0. 0. 0. 1.]]","[[ 9.99868249e-01 -5.25393244e-04 -1.62236936e-02  7.31336863e-02]
 [ 1.71395615e-03  9.97305946e-01  7.33342579e-02 -1.35232892e-01]
 [ 1.61414567e-02 -7.33524027e-02  9.97175450e-01  7.24326140e-02]
 [ 0.00000000e+00  0.00000000e+00  0.00000000e+00  1.00000000e+00]]"
sun3d-mit_lab_hj-lab_hj_tea_nov_2_2012_scan1_erika,11,15,0.0,30,0.43658999225241113,0.485773823835858,0.021940407405028,0.020525527332622168,"[[1. 0. 0. 0.]
 [0. 1. 0. 0.]
 [0. 0. 1. 0.]
 [0. 0. 0. 1.]]","[[ 0.99943297 -0.02622912  0.02111328 -0.02128482]
 [ 0.02368416  0.99332595  0.11288318 -0.33661155]
 [-0.0239332  -0.11231912  0.99338392  0.07555312]
 [ 0.          0.          0.          1.        ]]"
sun3d-mit_lab_hj-lab_hj_tea_nov_2_2012_scan1_erika,11,21,0.0,30,0.6277051539509612,0.7134438285554819,0.019661106056295816,0.018673088468219398,"[[1. 0. 0. 0.]
 [0. 1. 0. 0.]
 [0. 0. 1. 0.]
 [0. 0. 0. 1.]]","[[ 0.99219528  0.01281581  0.1240334  -0.35741117]
 [-0.020024    0.99817084  0.05704389 -0.16192698]
 [-0.12307546 -0.05908232  0.99063702  0.09271653]
 [ 0.          0.          0.          1.        ]]"
sun3d-mit_lab_hj-lab_hj_tea_nov_2_2012_scan1_erika,11,30,0.0,30,0.4063340999479041,0.4588061142806318,0.024984484198178652,0.02151837485773837,"[[1. 0. 0. 0.]
 [0. 1. 0. 0.]
 [0. 0. 1. 0.]
 [0. 0. 0. 1.]]","[[ 0.99436547 -0.02905649  0.10194621 -0.31864672]
 [ 0.02103472  0.99666082  0.07889706 -0.29924492]
 [-0.10389826 -0.07630811  0.9916563   0.05144396]
 [ 0.          0.          0.          1.        ]]"
sun3d-mit_lab_hj-lab_hj_tea_nov_2_2012_scan1_erika,12,15,0.0,30,0.41810992832873095,0.4464044144255734,0.021357653398394738,0.020309361790632193,"[[1. 0. 0. 0.]
 [0. 1. 0. 0.]
 [0. 0. 1. 0.]
 [0. 0. 0. 1.]]","[[ 0.99685705 -0.02719023  0.07440915 -0.20670183]
 [ 0.01996613  0.99516535  0.09616283 -0.27155509]
 [-0.0766641  -0.09437493  0.99258047  0.05714401]
 [ 0.          0.          0.          1.        ]]"
sun3d-mit_lab_hj-lab_hj_tea_nov_2_2012_scan1_erika,12,16,2.0,30,0.42003363362752155,0.4641720454181179,0.024427724738994332,0.023403233532942193,"[[ 0.79839645 -0.50648004  0.32563948 -0.299446  ]
 [ 0.44605919  0.86077295  0.2451553  -0.64894676]
 [-0.40446793 -0.05047664  0.91315815  0.21590342]
 [ 0.          0.          0.          1.        ]]","[[ 0.79296852 -0.44101542  0.42036452 -0.57069982]
 [ 0.38863653  0.89749743  0.20847067 -0.54609246]
 [-0.46921485 -0.00194167  0.8830819   0.25758815]
 [ 0.          0.          0.          1.        ]]"
sun3d-mit_lab_hj-lab_hj_tea_nov_2_2012_scan1_erika,12,20,1.0,30,0.34420615794761344,0.3703436184672765,0.02335612611710325,0.023112429750223398,"[[-0.89661752  0.00597253  0.44276558 -1.01950608]
 [ 0.19405272 -0.89347922  0.40501657 -1.0758307 ]
 [ 0.39802082  0.44906481  0.79995014  0.90199769]
 [ 0.          0.          0.          1.        ]]","[[-0.85361815 -0.00146053  0.52089723 -1.24685931]
 [ 0.24934861 -0.87912694  0.40615402 -1.04881002]
 [ 0.45734159  0.47658544  0.75080289  1.0647552 ]
 [ 0.          0.          0.          1.        ]]"
sun3d-mit_lab_hj-lab_hj_tea_nov_2_2012_scan1_erika,12,21,0.0,30,0.4228494197085684,0.451631436966835,0.021663243577320766,0.02018433274605496,"[[1. 0. 0. 0.]
 [0. 1. 0. 0.]
 [0. 0. 1. 0.]
 [0. 0. 0. 1.]]","[[ 0.99767983  0.03112504  0.06054901 -0.21737883]
 [-0.03323821  0.99886174  0.03421167 -0.06789899]
 [-0.05941525 -0.03614484  0.99757876  0.00947221]
 [ 0.          0.          0.          1.        ]]"
sun3d-mit_lab_hj-lab_hj_tea_nov_2_2012_scan1_erika,12,28,1.0,30,0.5520038150164113,0.577926553482879,0.023425198762962073,0.019181440421470068,"[[-0.31699847  0.94842    -0.00338844  0.3203746 ]
 [-0.66685822 -0.2203464   0.71186205 -2.09849156]
 [ 0.67439757  0.22791879  0.70231114  1.06730697]
 [ 0.          0.          0.          1.        ]]","[[-0.34508791  0.93850685  0.01091938  0.22080951]
 [-0.67065798 -0.25470578  0.69666551 -2.03669677]
 [ 0.65660658  0.23308768  0.71731299  1.0156683 ]
 [ 0.          0.          0.          1.        ]]"
sun3d-mit_lab_hj-lab_hj_tea_nov_2_2012_scan1_erika,12,30,0.0,30,0.27378432294379995,0.2936684413158664,0.02546292127388153,0.023739635145885566,"[[1. 0. 0. 0.]
 [0. 1. 0. 0.]
 [0. 0. 1. 0.]
 [0. 0. 0. 1.]]","[[ 0.99973341  0.00465761  0.02261469 -0.10261591]
 [-0.00598115  0.99825098  0.05881506 -0.2234737 ]
 [-0.0223012  -0.05893464  0.99801271  0.02967079]
 [ 0.          0.          0.          1.        ]]"
sun3d-mit_lab_hj-lab_hj_tea_nov_2_2012_scan1_erika,12,32,1.0,30,0.42900861129278395,0.47496457379550905,0.024698628491223285,0.02444676907562884,"[[-0.06348603 -0.00302814  0.99797813 -1.43795683]
 [ 0.88449336 -0.46331607  0.05486091  0.38528399]
 [ 0.46221318  0.88618793  0.03209246  2.82092502]
 [ 0.          0.          0.          1.        ]]","[[-0.11519759 -0.03979314  0.99254522 -1.49856385]
 [ 0.8741398  -0.47865657  0.08226482  0.32451388]
 [ 0.47181472  0.87709999  0.08992485  2.69691879]
 [ 0.          0.          0.          1.        ]]"
sun3d-mit_lab_hj-lab_hj_tea_nov_2_2012_scan1_erika,12,37,1.0,30,0.3826179415511754,0.3920154817208156,0.022532590054008338,0.02174080001610139,"[[-0.41414758  0.74077549 -0.52889835  1.47934306]
 [ 0.87171217  0.15559339 -0.46465964  1.14829502]
 [-0.26191539 -0.65348479 -0.71018163  4.67419329]
 [ 0.          0.          0.          1.        ]]","[[-0.39681025  0.74330384 -0.53855458  1.54234744]
 [ 0.87276783  0.12381631 -0.47217141  1.1940272 ]
 [-0.28428497 -0.65739556 -0.69786326  4.65484498]
 [ 0.          0.          0.          1.        ]]"
sun3d-mit_lab_hj-lab_hj_tea_nov_2_2012_scan1_erika,13,30,1.0,30,0.4099299881831235,0.6203364633232107,0.025695706245910124,0.01829321773145752,"[[1. 0. 0. 0.]
 [0. 1. 0. 0.]
 [0. 0. 1. 0.]
 [0. 0. 0. 1.]]","[[ 0.99628604 -0.01208869  0.08525251 -0.29905595]
 [ 0.00765435  0.9986099   0.05215052 -0.12384291]
 [-0.08576443 -0.05130428  0.99499364  0.09541106]
 [ 0.          0.          0.          1.        ]]"
sun3d-mit_lab_hj-lab_hj_tea_nov_2_2012_scan1_erika,14,16,2.0,30,0.527841876155997,0.7452011021246174,0.022514795186272963,0.01699197057507111,"[[ 0.85254418  0.48973076 -0.1825711   0.45030772]
 [-0.44907929  0.86509107  0.22348432 -0.53024668]
 [ 0.26738777 -0.10854135  0.95745629  0.09168865]
 [ 0.          0.          0.          1.        ]]","[[ 0.89287247  0.44624215 -0.06038794  0.12216434]
 [-0.42341238  0.87761033  0.22477116 -0.54377892]
 [ 0.15329945 -0.17512298  0.97253854  0.16003142]
 [ 0.          0.          0.          1.        ]]"
sun3d-mit_lab_hj-lab_hj_tea_nov_2_2012_scan1_erika,14,28,2.0,30,0.39825939876235505,0.5096437206841695,0.022732034296250016,0.012400608030815692,"[[ 0.51877152  0.08097711 -0.85106922  2.51509129]
 [ 0.84371071  0.11213417  0.5249554  -2.02264078]
 [ 0.13794331 -0.99038812 -0.01014924  3.4815634 ]
 [ 0.          0.          0.          1.        ]]","[[ 5.03190928e-01 -4.84254766e-02 -8.62817399e-01  2.60165776e+00]
 [ 8.63860307e-01  1.23315497e-03  5.03729937e-01 -1.87217265e+00]
 [-2.33293747e-02 -9.98826037e-01  4.24533595e-02  3.31946247e+00]
 [ 0.00000000e+00  0.00000000e+00  0.00000000e+00  1.00000000e+00]]"
sun3d-mit_lab_hj-lab_hj_tea_nov_2_2012_scan1_erika,14,30,0.0,30,0.32958920471150305,0.38115144661440137,0.026009880463073398,0.022029778929829415,"[[1. 0. 0. 0.]
 [0. 1. 0. 0.]
 [0. 0. 1. 0.]
 [0. 0. 0. 1.]]","[[ 0.99483563  0.01093392  0.10090845 -0.30553412]
 [-0.01002884  0.99990484 -0.00947228  0.02452254]
 [-0.10100241  0.00841137  0.99485062  0.00846315]
 [ 0.          0.          0.          1.        ]]"
sun3d-mit_lab_hj-lab_hj_tea_nov_2_2012_scan1_erika,15,17,34.0,30,0.5628424025567803,0.5994927272584499,0.018199602486744244,0.018292976789622273,"[[1. 0. 0. 0.]
 [0. 1. 0. 0.]
 [0. 0. 1. 0.]
 [0. 0. 0. 1.]]","[[ 0.99764107  0.009362    0.06800482 -0.1877675 ]
 [-0.00737614  0.99954068 -0.02939433  0.08670869]
 [-0.06824878  0.02882337  0.99725188 -0.01387342]
 [ 0.          0.          0.          1.        ]]"
sun3d-mit_lab_hj-lab_hj_tea_nov_2_2012_scan1_erika,15,20,0.0,30,0.4727905785634082,0.6703022502971285,0.020445059506815605,0.017537250864762675,"[[1. 0. 0. 0.]
 [0. 1. 0. 0.]
 [0. 0. 1. 0.]
 [0. 0. 0. 1.]]","[[ 0.99273832  0.0031721   0.12025209 -0.28277119]
 [-0.00484138  0.99989591  0.01359188 -0.04420016]
 [-0.12019646 -0.01407537  0.99265034  0.1280535 ]
 [ 0.          0.          0.          1.        ]]"
sun3d-mit_lab_hj-lab_hj_tea_nov_2_2012_scan1_erika,15,32,2.0,30,0.4689693699585786,0.4713783518639634,0.023905079490638383,0.023583464578012633,"[[ 0.79501042 -0.60405139 -0.05550092  0.43012771]
 [ 0.46468597  0.66527859 -0.5843555   1.114183  ]
 [ 0.38990433  0.43877821  0.80959762  1.2978698 ]
 [ 0.          0.          0.          1.        ]]","[[ 0.80908054 -0.58721746 -0.02375594  0.36591226]
 [ 0.46042583  0.65846882 -0.59533761  1.15555056]
 [ 0.36523519  0.47073823  0.80312439  1.29522015]
 [ 0.          0.          0.          1.        ]]"
sun3d-mit_lab_hj-lab_hj_tea_nov_2_2012_scan1_erika,16,19,0.0,30,0.39219975953493563,0.5004441579797629,0.02320567815784252,0.018755253061605744,"[[1. 0. 0. 0.]
 [0. 1. 0. 0.]
 [0. 0. 1. 0.]
 [0. 0. 0. 1.]]","[[ 0.99363079  0.03072888  0.10841395 -0.24928723]
 [-0.03173667  0.99946751  0.00758221 -0.01547996]
 [-0.10812323 -0.01097461  0.99407692  0.09619392]
 [ 0.          0.          0.          1.        ]]"
sun3d-mit_lab_hj-lab_hj_tea_nov_2_2012_scan1_erika,16,20,4.0,30,0.4936765797059577,0.6090445265971068,0.02164408545283774,0.018614238794365048,"[[1. 0. 0. 0.]
 [0. 1. 0. 0.]
 [0. 0. 1. 0.]
 [0. 0. 0. 1.]]","[[ 0.99354054  0.01277168  0.11275669 -0.27834787]
 [-0.01380562  0.99986947  0.00839357 -0.07651852]
 [-0.11263477 -0.00989603  0.99358718  0.09042733]
 [ 0.          0.          0.          1.        ]]"
sun3d-mit_lab_hj-lab_hj_tea_nov_2_2012_scan1_erika,17,30,0.0,30,0.4009745746559764,0.41193377466614145,0.01882180905563511,0.015516764163806127,"[[1. 0. 0. 0.]
 [0. 1. 0. 0.]
 [0. 0. 1. 0.]
 [0. 0. 0. 1.]]","[[ 0.99957375 -0.02012055  0.02115391 -0.09107579]
 [ 0.01942764  0.999284    0.03246621 -0.11443874]
 [-0.021792   -0.0320414   0.99924895  0.02401454]
 [ 0.          0.          0.          1.        ]]"
sun3d-mit_lab_hj-lab_hj_tea_nov_2_2012_scan1_erika,18,31,1.0,30,0.4487619130039701,0.4732450968725998,0.02393102752524487,0.023782455584127938,"[[-0.45725894 -0.6955331   0.55420932 -1.94992512]
 [ 0.55559959 -0.7100111  -0.43265844  0.84507708]
 [ 0.69442304  0.11008153  0.71109683  1.03756295]
 [ 0.          0.          0.          1.        ]]","[[-0.50269737 -0.66675411  0.55021297 -1.9405443 ]
 [ 0.5586194  -0.73628975 -0.38186616  0.74254428]
 [ 0.65972701  0.11539652  0.7425927   0.94699631]
 [ 0.          0.          0.          1.        ]]"
sun3d-mit_lab_hj-lab_hj_tea_nov_2_2012_scan1_erika,18,32,2.0,30,0.5785671462829736,0.6169882275997384,0.023608395909190893,0.023219544762430083,"[[ 0.78132347  0.59446631  0.19011429 -0.64539443]
 [-0.59188162  0.80238756 -0.07648756 -0.18513913]
 [-0.19801462 -0.05276363  0.97877792  0.53083924]
 [ 0.          0.          0.          1.        ]]","[[ 0.80565107  0.57678095  0.1350929  -0.4926033 ]
 [-0.56549664  0.81674265 -0.11465165 -0.07499305]
 [-0.17646502  0.01597464  0.98417728  0.52226121]
 [ 0.          0.          0.          1.        ]]"
sun3d-mit_lab_hj-lab_hj_tea_nov_2_2012_scan1_erika,18,33,6.0,30,0.46314384105960266,0.46348503311258277,0.02287463322142415,0.02273384668435604,"[[ 0.97916419 -0.16597315  0.11700603 -0.48485024]
 [ 0.15612812  0.98373107  0.0888662   0.59470278]
 [-0.12985187 -0.06874667  0.9891473   0.19814647]
 [ 0.          0.          0.          1.        ]]","[[ 0.98161438 -0.16227827  0.10049362 -0.44961039]
 [ 0.15572324  0.98531679  0.07000782  0.63831455]
 [-0.1103788  -0.05307149  0.99247163  0.21366928]
 [ 0.          0.          0.          1.        ]]"
sun3d-mit_lab_hj-lab_hj_tea_nov_2_2012_scan1_erika,18,35,0.0,30,0.39996719429180677,0.42714467317313215,0.02338133127427393,0.02319321672576145,"[[1. 0. 0. 0.]
 [0. 1. 0. 0.]
 [0. 0. 1. 0.]
 [0. 0. 0. 1.]]","[[ 0.99987797 -0.01458002  0.00560959 -0.02161489]
 [ 0.01453037  0.99985577  0.00879295  0.01530897]
 [-0.00573698 -0.00871037  0.99994561  0.03682493]
 [ 0.          0.          0.          1.        ]]"
sun3d-mit_lab_hj-lab_hj_tea_nov_2_2012_scan1_erika,18,36,0.0,30,0.42123892893393167,0.4717317491640347,0.0247293445361928,0.023525553846008594,"[[1. 0. 0. 0.]
 [0. 1. 0. 0.]
 [0. 0. 1. 0.]
 [0. 0. 0. 1.]]","[[ 0.99893894  0.01816607  0.04232003 -0.18984849]
 [-0.01895932  0.99965059  0.0184186  -0.07657445]
 [-0.04197065 -0.01920141  0.99893432  0.01794541]
 [ 0.          0.          0.          1.        ]]"
sun3d-mit_lab_hj-lab_hj_tea_nov_2_2012_scan1_erika,19,32,2.0,30,0.5114235884020056,0.5201656856333116,0.02210957441090543,0.022048663492061627,"[[ 0.0753524  -0.99666984  0.03116487 -0.69301873]
 [ 0.99411506  0.07264647 -0.08036008  0.97068768]
 [ 0.07782845  0.03703679  0.99627858  0.40132327]
 [ 0.          0.          0.          1.        ]]","[[ 0.06462822 -0.99778355 -0.01584875 -0.5688763 ]
 [ 0.99429649  0.06573635 -0.08398351  0.98655003]
 [ 0.0848392  -0.01033065  0.9963411   0.39605488]
 [ 0.          0.          0.          1.        ]]"
sun3d-mit_lab_hj-lab_hj_tea_nov_2_2012_scan1_erika,20,31,0.0,30,0.5044974632468278,0.6743247044060536,0.022712268836381617,0.019899383639446818,"[[1. 0. 0. 0.]
 [0. 1. 0. 0.]
 [0. 0. 1. 0.]
 [0. 0. 0. 1.]]","[[ 0.97887727  0.00216864  0.20443722 -0.56170354]
 [ 0.00252923  0.99973877 -0.0227154   0.07364172]
 [-0.20443308  0.02275266  0.97861608  0.11689739]
 [ 0.          0.          0.          1.        ]]"
sun3d-mit_lab_hj-lab_hj_tea_nov_2_2012_scan1_erika,21,28,3.0,30,0.4255047259260915,0.5586316609106117,0.023803965199584477,0.013617820589027434,"[[ 0.98158524 -0.16907867  0.0888978  -0.54663425]
 [ 0.15608554  0.97819411  0.13701677 -0.01789372]
 [-0.11012591 -0.12061798  0.98657163  0.1177433 ]
 [ 0.          0.          0.          1.        ]]","[[ 0.99438046 -0.02015142  0.10392988 -0.64921838]
 [ 0.01286484  0.99744221  0.07031021  0.09238246]
 [-0.1050809  -0.06857806  0.99209629  0.08936101]
 [ 0.          0.          0.          1.        ]]"
sun3d-mit_lab_hj-lab_hj_tea_nov_2_2012_scan1_erika,21,30,0.0,30,0.40417910827054293,0.5096758618060762,0.02215822076598274,0.019360673160564338,"[[1. 0. 0. 0.]
 [0. 1. 0. 0.]
 [0. 0. 1. 0.]
 [0. 0. 0. 1.]]","[[ 0.99810098 -0.01040382  0.06071402 -0.22701342]
 [ 0.01139946  0.9998058  -0.01607551 -0.02080871]
 [-0.06053498  0.01673709  0.99802574 -0.05778671]
 [ 0.          0.          0.          1.        ]]"
sun3d-mit_lab_hj-lab_hj_tea_nov_2_2012_scan1_erika,22,34,1.0,30,0.3572392030993861,0.3800710850312843,0.023070526232940206,0.02296044853265044,"[[-0.99701807 -0.07601463 -0.01329451 -0.05740378]
 [ 0.06125797 -0.88439243  0.4627067  -1.22066574]
 [-0.04693005  0.46051255  0.88641174  0.86468151]
 [ 0.          0.          0.          1.        ]]","[[-0.99286093 -0.11864471  0.01227189 -0.14095902]
 [ 0.1116421  -0.88815145  0.44578363 -1.14012149]
 [-0.04199057  0.44397121  0.89505662  0.81777568]
 [ 0.          0.          0.          1.        ]]"
sun3d-mit_lab_hj-lab_hj_tea_nov_2_2012_scan1_erika,23,25,0.0,30,0.9318649021611258,0.9505696921342186,0.015870903470348797,0.014056853850581964,"[[1. 0. 0. 0.]
 [0. 1. 0. 0.]
 [0. 0. 1. 0.]
 [0. 0. 0. 1.]]","[[ 0.99994937 -0.00930973 -0.00381987  0.04597478]
 [ 0.00933621  0.9999321   0.00697332 -0.01879355]
 [ 0.0037547  -0.00700863  0.99996839  0.03234136]
 [ 0.          0.          0.          1.        ]]"
sun3d-mit_lab_hj-lab_hj_tea_nov_2_2012_scan1_erika,23,26,2.0,30,0.64556594178331,0.7076296106663714,0.023291540516585177,0.0146053842882794,"[[ 0.99353732  0.02603977  0.11047862 -0.73236577]
 [-0.02988637  0.99899827  0.03330548 -0.00565975]
 [-0.10950068 -0.03639204  0.9933203   0.12278254]
 [ 0.          0.          0.          1.        ]]","[[ 0.99430765 -0.0399305   0.09878184 -0.66398367]
 [ 0.03833166  0.99910237  0.01803164 -0.0441253 ]
 [-0.09941319 -0.01414253  0.99494573  0.08651319]
 [ 0.          0.          0.          1.        ]]"
sun3d-mit_lab_hj-lab_hj_tea_nov_2_2012_scan1_erika,23,27,1.0,30,0.5568659870467842,0.5617919267419336,0.014662130364615122,0.014177385448163974,"[[ 9.96154769e-01 -5.73567883e-02  6.62259381e-02  1.87365170e-01]
 [ 5.71803858e-02  9.98353460e-01  4.55764146e-03 -3.70580599e-02]
 [-6.63783062e-02 -7.53291582e-04  9.97794244e-01 -6.14089757e-02]
 [ 0.00000000e+00  0.00000000e+00  0.00000000e+00  1.00000000e+00]]","[[ 9.96982822e-01 -3.35053676e-02  7.00188784e-02  1.51482569e-01]
 [ 3.35967909e-02  9.99435460e-01 -1.28121218e-04 -3.18019256e-02]
 [-6.99750572e-02  2.48014427e-03  9.97545658e-01 -4.75921666e-02]
 [ 0.00000000e+00  0.00000000e+00  0.00000000e+00  1.00000000e+00]]"
sun3d-mit_lab_hj-lab_hj_tea_nov_2_2012_scan1_erika,23,28,0.0,30,0.5847108746595732,0.7420952040325915,0.028673757687807083,0.014951347779588965,"[[1. 0. 0. 0.]
 [0. 1. 0. 0.]
 [0. 0. 1. 0.]
 [0. 0. 0. 1.]]","[[ 0.99944204 -0.03314595 -0.00411851  0.01873494]
 [ 0.03316904  0.99943366  0.00567178 -0.12868432]
 [ 0.00392818 -0.00580523  0.99997543 -0.01210369]
 [ 0.          0.          0.          1.        ]]"
sun3d-mit_lab_hj-lab_hj_tea_nov_2_2012_scan1_erika,24,27,0.0,30,0.6150331657111551,0.6309605337820651,0.02114150676148043,0.014252056666501572,"[[1. 0. 0. 0.]
 [0. 1. 0. 0.]
 [0. 0. 1. 0.]
 [0. 0. 0. 1.]]","[[ 0.99985352 -0.00173071 -0.0170279   0.03613579]
 [ 0.00159935  0.99996888 -0.00772476 -0.03754183]
 [ 0.01704074  0.0076964   0.99982517 -0.02436782]
 [ 0.          0.          0.          1.        ]]"
sun3d-mit_lab_hj-lab_hj_tea_nov_2_2012_scan1_erika,25,27,0.0,30,0.5677989316531982,0.5831637544759035,0.01775529728095707,0.01459339139731926,"[[1. 0. 0. 0.]
 [0. 1. 0. 0.]
 [0. 0. 1. 0.]
 [0. 0. 0. 1.]]","[[ 0.9997097  -0.02358556  0.00492413 -0.00387376]
 [ 0.02366159  0.99959196 -0.0160012   0.00441622]
 [-0.00454472  0.01611306  0.99985985 -0.04257336]
 [ 0.          0.          0.          1.        ]]"
sun3d-mit_lab_hj-lab_hj_tea_nov_2_2012_scan1_erika,26,28,0.0,30,0.3655225343034801,0.49041216334529253,0.029437913419548992,0.01681653462007425,"[[1. 0. 0. 0.]
 [0. 1. 0. 0.]
 [0. 0. 1. 0.]
 [0. 0. 0. 1.]]","[[ 0.99810538  0.00587649  0.06124629 -0.19254554]
 [-0.00366714  0.99934061 -0.03612335 -0.02023549]
 [-0.06141819  0.03583031  0.99746879 -0.00127036]
 [ 0.          0.          0.          1.        ]]"
sun3d-mit_lab_hj-lab_hj_tea_nov_2_2012_scan1_erika,26,30,1.0,30,0.1652469473068957,0.1971194775161688,0.025588126689585964,0.02573794853423727,"[[-0.23370193  0.95487048  0.18331877 -0.82925868]
 [ 0.94939263  0.18340954  0.25497954 -1.04185952]
 [ 0.20985003  0.2336307  -0.94941017  4.83538115]
 [ 0.          0.          0.          1.        ]]","[[-0.20709698  0.95599603  0.20780384 -0.89580724]
 [ 0.93812905  0.13380054  0.31939209 -1.22007278]
 [ 0.27753331  0.26109196 -0.92455733  4.66281518]
 [ 0.          0.          0.          1.        ]]"
sun3d-mit_lab_hj-lab_hj_tea_nov_2_2012_scan1_erika,26,32,1.0,30,0.24917974711140178,0.2830253978635274,0.025084958787117976,0.02464981651388907,"[[ 0.40347875 -0.43253055 -0.80630157  1.65153138]
 [ 0.90465819  0.05653119  0.42237161 -0.3753233 ]
 [-0.13710744 -0.89984529  0.41410144  1.41935096]
 [ 0.          0.          0.          1.        ]]","[[ 0.45720687 -0.46005974 -0.76112214  1.57317957]
 [ 0.88493001  0.15001558  0.44090158 -0.35451974]
 [-0.08866088 -0.87512305  0.47570883  1.33785457]
 [ 0.          0.          0.          1.        ]]"
sun3d-mit_lab_hj-lab_hj_tea_nov_2_2012_scan1_erika,26,33,1.0,30,0.2945207947019868,0.3079692715231788,0.020660877774699993,0.020027425391294977,"[[ 0.9700731  -0.14505248 -0.19472535 -0.20155226]
 [-0.21133348 -0.10947191 -0.97126416  2.24110234]
 [ 0.11956732  0.98334922 -0.1368502   3.33589548]
 [ 0.          0.          0.          1.        ]]","[[ 0.96304136 -0.13531997 -0.2328945  -0.11752585]
 [-0.24545564 -0.08483932 -0.96568826  2.28165794]
 [ 0.11091829  0.987163   -0.11491882  3.26546555]
 [ 0.          0.          0.          1.        ]]"
sun3d-mit_lab_hj-lab_hj_tea_nov_2_2012_scan1_erika,26,35,2.0,30,0.21063109981136718,0.25495776265070125,0.02710044197282454,0.024274453703522925,"[[ 9.43868208e-01  3.30024833e-01  1.40148488e-02  7.96510000e-01]
 [ 1.27716442e-02  5.93503820e-03 -9.99900825e-01  3.14698202e+00]
 [-3.30075282e-01  9.43953593e-01  1.38693413e-03  2.41540986e+00]
 [ 0.00000000e+00  0.00000000e+00  0.00000000e+00  1.00000000e+00]]","[[ 0.92485541  0.3693428  -0.09071034  1.07076651]
 [-0.12329456  0.06554335 -0.99020327  2.98849267]
 [-0.35977899  0.92697894  0.10615608  2.14440994]
 [ 0.          0.          0.          1.        ]]"
sun3d-mit_lab_hj-lab_hj_tea_nov_2_2012_scan1_erika,26,37,1.0,30,0.2640272819310492,0.3794838134636717,0.024395231897632628,0.020224769974142742,"[[-0.42541153 -0.90256416 -0.06635491  0.19994992]
 [ 0.03874934 -0.09141889  0.99505833 -1.76715154]
 [-0.90417007  0.42073807  0.07386441  2.16837292]
 [ 0.          0.          0.          1.        ]]","[[-0.42448117 -0.90448531 -0.04149766  0.17767555]
 [ 0.29184612 -0.18006323  0.93936312 -1.66653466]
 [-0.85711235  0.38663103  0.34040398  1.56974136]
 [ 0.          0.          0.          1.        ]]"
sun3d-mit_lab_hj-lab_hj_tea_nov_2_2012_scan1_erika,28,36,0.0,30,0.29534349716020825,0.3149910435354592,0.02356527073575315,0.022883486565320448,"[[1. 0. 0. 0.]
 [0. 1. 0. 0.]
 [0. 0. 1. 0.]
 [0. 0. 0. 1.]]","[[ 0.99987454 -0.01419786 -0.00702298  0.05812698]
 [ 0.01476188  0.99599911  0.08813548 -0.25299136]
 [ 0.00574355 -0.08822809  0.99608374  0.04110493]
 [ 0.          0.          0.          1.        ]]"
sun3d-mit_lab_hj-lab_hj_tea_nov_2_2012_scan1_erika,31,34,1.0,30,0.3743729601205098,0.4146831941005331,0.02374320765909318,0.023698558199099468,"[[ 0.291022   -0.95661855 -0.01367993  0.39230693]
 [ 0.80592233  0.25283247 -0.53531761  1.78510706]
 [ 0.51555349  0.14476424  0.84454006  0.93459293]
 [ 0.          0.          0.          1.        ]]","[[ 2.57971198e-01 -9.66151478e-01  1.47711527e-03  3.06710755e-01]
 [ 8.37265662e-01  2.22794081e-01 -4.99348585e-01  1.74571679e+00]
 [ 4.82117281e-01  1.30054291e-01  8.66399913e-01  8.07963007e-01]
 [ 0.00000000e+00  0.00000000e+00  0.00000000e+00  1.00000000e+00]]"
sun3d-mit_lab_hj-lab_hj_tea_nov_2_2012_scan1_erika,32,35,2.0,30,0.5294308209628475,0.5940601164602641,0.021746165907505395,0.019179924953391436,"[[ 0.81931995 -0.13593435  0.55698894 -1.03419378]
 [ 0.35847829  0.87963075 -0.31263885  1.12975746]
 [-0.44744624  0.45581969  0.76942854 -0.06494172]
 [ 0.          0.          0.          1.        ]]","[[ 0.82364814 -0.20904826  0.52716465 -1.02667467]
 [ 0.37927869  0.89414599 -0.23801391  0.94023958]
 [-0.42160576  0.39598203  0.81574923 -0.22157753]
 [ 0.          0.          0.          1.        ]]"
sun3d-mit_lab_hj-lab_hj_tea_nov_2_2012_scan1_erika,32,37,3.0,30,0.5088816442788842,0.5549441233887336,0.021751286581816204,0.02059257036889384,"[[ 0.82302232  0.37331654  0.4280993  -0.85802342]
 [-0.50506764  0.82582095  0.25085143 -0.59723811]
 [-0.25988638 -0.42267543  0.86821918 -0.36549583]
 [ 0.          0.          0.          1.        ]]","[[ 0.79148823  0.40525424  0.45750997 -0.95275646]
 [-0.52080796  0.83895018  0.15786597 -0.36806248]
 [-0.31985222 -0.3632239   0.87507883 -0.43923216]
 [ 0.          0.          0.          1.        ]]"
sun3d-mit_lab_hj-lab_hj_tea_nov_2_2012_scan1_erika,33,35,0.0,30,0.4573976871975724,0.5351267120478963,0.024045409980614434,0.023861862692866168,"[[1. 0. 0. 0.]
 [0. 1. 0. 0.]
 [0. 0. 1. 0.]
 [0. 0. 0. 1.]]","[[ 0.99846768 -0.03163713  0.0454024  -0.11129676]
 [ 0.02834794  0.99704874  0.07134563 -0.159314  ]
 [-0.04752558 -0.06994924  0.9964178  -0.07929936]
 [ 0.          0.          0.          1.        ]]"
sun3d-mit_lab_hj-lab_hj_tea_nov_2_2012_scan1_erika,33,36,1.0,30,0.515566043406651,0.5648360443168957,0.021500902387006655,0.018876422728632457,"[[ 0.86455797  0.49494216  0.08701598 -0.68252829]
 [-0.46953516  0.85729721 -0.21113556  0.13890616]
 [-0.17909845  0.14168187  0.97357588 -0.22266796]
 [ 0.          0.          0.          1.        ]]","[[ 0.8854568   0.45665293  0.08622271 -0.60104792]
 [-0.43552541  0.880146   -0.18884022  0.06649058]
 [-0.16212301  0.12965768  0.97821522 -0.19007663]
 [ 0.          0.          0.          1.        ]]"
sun3d-mit_lab_hj-lab_hj_tea_nov_2_2012_scan1_erika,33,37,3.0,30,0.7920988001181959,0.9099749560398572,0.020571896446545168,0.017725023598785385,"[[ 0.9825462   0.05042368  0.17905421 -0.09077419]
 [-0.05663122  0.99795258  0.02972478 -0.01946173]
 [-0.17718878 -0.03934603  0.98339007 -0.29782562]
 [ 0.          0.          0.          1.        ]]","[[ 0.97642026  0.08318371  0.19920831 -0.18929787]
 [-0.07565569  0.99611257 -0.04512157  0.09660362]
 [-0.20218729  0.02898637  0.97891782 -0.28274324]
 [ 0.          0.          0.          1.        ]]"
sun3d-mit_76_studyroom-76-1studyroom2,0,10,0.0,30,0.2299949545913219,0.26088389253279515,0.022336307448323146,0.019683193735616118,"[[1. 0. 0. 0.]
 [0. 1. 0. 0.]
 [0. 0. 1. 0.]
 [0. 0. 0. 1.]]","[[ 0.99850016  0.05204395  0.01699556 -0.04555591]
 [-0.05192458  0.99862365 -0.00739171  0.0649314 ]
 [-0.01735686  0.00649814  0.99982824 -0.06006299]
 [ 0.          0.          0.          1.        ]]"
sun3d-mit_76_studyroom-76-1studyroom2,0,13,2.0,30,0.5280155100204587,0.5650767467517861,0.02254485646081722,0.022071679481969957,"[[ 0.97188673 -0.21379137 -0.09863791  0.47477267]
 [ 0.20991393  0.97652789 -0.04826409  0.22093916]
 [ 0.10664111  0.02620176  0.99395228 -0.18872884]
 [ 0.          0.          0.          1.        ]]","[[ 0.96837174 -0.23971096 -0.06924472  0.40312288]
 [ 0.23143792  0.9666434  -0.10971338  0.41998352]
 [ 0.09323445  0.09021748  0.99154836 -0.23441394]
 [ 0.          0.          0.          1.        ]]"
sun3d-mit_76_studyroom-76-1studyroom2,0,20,0.0,30,0.32793705937437834,0.3440894909727849,0.01924448072222033,0.01555045120839997,"[[1. 0. 0. 0.]
 [0. 1. 0. 0.]
 [0. 0. 1. 0.]
 [0. 0. 0. 1.]]","[[ 0.99876682  0.03902167  0.03069434 -0.07151707]
 [-0.03862138  0.99916234 -0.01352786  0.05100383]
 [-0.03119651  0.01232572  0.99943727  0.00386139]
 [ 0.          0.          0.          1.        ]]"
sun3d-mit_76_studyroom-76-1studyroom2,0,24,0.0,30,0.3643378513031682,0.4140500258112537,0.020367868158476417,0.016638912730679693,"[[1. 0. 0. 0.]
 [0. 1. 0. 0.]
 [0. 0. 1. 0.]
 [0. 0. 0. 1.]]","[[ 0.99738962  0.06241453  0.03630938 -0.16798636]
 [-0.06086045  0.99724368 -0.04243868  0.10120053]
 [-0.03885809  0.0401181   0.99843908 -0.09306135]
 [ 0.          0.          0.          1.        ]]"
sun3d-mit_76_studyroom-76-1studyroom2,0,44,0.0,30,0.25704357226973495,0.2852140002702755,0.023408000993028165,0.017944523882785862,"[[1. 0. 0. 0.]
 [0. 1. 0. 0.]
 [0. 0. 1. 0.]
 [0. 0. 0. 1.]]","[[ 0.99848696 -0.03465651 -0.0426932   0.10471589]
 [ 0.03330481  0.99893361 -0.03197548  0.04684278]
 [ 0.04375583  0.03050521  0.99857642 -0.06347393]
 [ 0.          0.          0.          1.        ]]"
sun3d-mit_76_studyroom-76-1studyroom2,0,53,1.0,30,0.2430975861492363,0.2632363936196998,0.02421092990793736,0.024210355827704325,"[[-0.50210025 -0.32450091 -0.80161992  1.74217817]
 [ 0.47860299  0.66777852 -0.57009738  2.04235548]
 [ 0.72030169 -0.66990373 -0.17998466  3.42018986]
 [ 0.          0.          0.          1.        ]]","[[-0.56249176 -0.32537891 -0.76008656  1.63379406]
 [ 0.51110945  0.58577209 -0.62899776  2.24934653]
 [ 0.64990011 -0.74229348 -0.16318774  3.39595694]
 [ 0.          0.          0.          1.        ]]"
sun3d-mit_76_studyroom-76-1studyroom2,0,65,0.0,30,0.3604180371784525,0.4696034614889014,0.027105819503794683,0.01720879607683467,"[[1. 0. 0. 0.]
 [0. 1. 0. 0.]
 [0. 0. 1. 0.]
 [0. 0. 0. 1.]]","[[ 0.99918835 -0.03769816 -0.01419496  0.04556463]
 [ 0.03815336  0.99871711  0.0332934   0.0566861 ]
 [ 0.01292165 -0.03380797  0.99934481  0.04099618]
 [ 0.          0.          0.          1.        ]]"
sun3d-mit_76_studyroom-76-1studyroom2,1,3,2.0,30,0.30656363992573865,0.3305283191372249,0.024680499077820474,0.017324124753157838,"[[1. 0. 0. 0.]
 [0. 1. 0. 0.]
 [0. 0. 1. 0.]
 [0. 0. 0. 1.]]","[[ 0.99983604  0.00352863 -0.01776092  0.04559723]
 [-0.00387363  0.99980375 -0.01942802 -0.020023  ]
 [ 0.01768888  0.01949363  0.99965349 -0.04858619]
 [ 0.          0.          0.          1.        ]]"
sun3d-mit_76_studyroom-76-1studyroom2,1,7,2.0,30,0.40368930228119976,0.45061448612824945,0.02457843915386313,0.023286705980378634,"[[-0.83106606  0.272989   -0.48456807  1.24205362]
 [ 0.46206009  0.82382499 -0.32834868  0.73747612]
 [ 0.30956371 -0.49677901 -0.81079031  4.77212901]
 [ 0.          0.          0.          1.        ]]","[[-0.80966718  0.22545623 -0.54185658  1.46643227]
 [ 0.48765419  0.7721535  -0.40739705  1.0244352 ]
 [ 0.32654625 -0.59409465 -0.73513202  4.61417828]
 [ 0.          0.          0.          1.        ]]"
sun3d-mit_76_studyroom-76-1studyroom2,1,11,5.0,30,0.22615122318389344,0.2575887186153515,0.02410301049834658,0.02358271973561575,"[[ 0.94231099 -0.09404978  0.32125479 -0.37367929]
 [ 0.26754913  0.78836782 -0.55397982  1.37687992]
 [-0.20116526  0.60797271  0.7680506   0.25908512]
 [ 0.          0.          0.          1.        ]]","[[ 0.96347117 -0.05589308  0.26191461 -0.21430652]
 [ 0.17311405  0.87617349 -0.44983501  1.08522273]
 [-0.20433997  0.47874416  0.85384378  0.06767664]
 [ 0.          0.          0.          1.        ]]"
sun3d-mit_76_studyroom-76-1studyroom2,1,18,6.0,30,0.36209689261891304,0.4117491311525745,0.02418441936693919,0.021993111693310658,"[[ 0.66995395  0.69186773 -0.26922249  1.28114501]
 [-0.07612014  0.42474156  0.90210883 -2.40413844]
 [ 0.73848997 -0.58387812  0.33722235  2.20239003]
 [ 0.          0.          0.          1.        ]]","[[ 0.6913453   0.69519689 -0.19683234  1.07509801]
 [-0.06747144  0.33335066  0.94038553 -2.48389235]
 [ 0.71936728 -0.63685055  0.27736635  2.3688827 ]
 [ 0.          0.          0.          1.        ]]"
sun3d-mit_76_studyroom-76-1studyroom2,1,20,3.0,30,0.3330438284513753,0.342529561036201,0.017759360334958636,0.016762876952075612,"[[1. 0. 0. 0.]
 [0. 1. 0. 0.]
 [0. 0. 1. 0.]
 [0. 0. 0. 1.]]","[[ 9.99513823e-01  2.12914378e-02  2.27770260e-02 -4.48115355e-02]
 [-2.06936134e-02  9.99443346e-01 -2.61681758e-02  5.01571091e-02]
 [-2.33215051e-02  2.56841145e-02  9.99398036e-01 -1.78656454e-04]
 [ 0.00000000e+00  0.00000000e+00  0.00000000e+00  1.00000000e+00]]"
sun3d-mit_76_studyroom-76-1studyroom2,1,24,3.0,30,0.34079408622159263,0.407805803330252,0.02232255750966355,0.01776764531542655,"[[1. 0. 0. 0.]
 [0. 1. 0. 0.]
 [0. 0. 1. 0.]
 [0. 0. 0. 1.]]","[[ 0.99845802  0.0427643   0.03539497 -0.1400693 ]
 [-0.04132316  0.99832497 -0.04049249  0.05117903]
 [-0.03706731  0.03896742  0.99855273 -0.08708622]
 [ 0.          0.          0.          1.        ]]"
sun3d-mit_76_studyroom-76-1studyroom2,1,25,4.0,30,0.20580629913111093,0.2223379870806418,0.02025856663244389,0.018571267685274066,"[[1. 0. 0. 0.]
 [0. 1. 0. 0.]
 [0. 0. 1. 0.]
 [0. 0. 0. 1.]]","[[ 0.99919478  0.03870008  0.01058706 -0.03315858]
 [-0.03865153  0.99924145 -0.00475287  0.0641525 ]
 [-0.01076297  0.00433983  0.99993266 -0.04677447]
 [ 0.          0.          0.          1.        ]]"
sun3d-mit_76_studyroom-76-1studyroom2,1,33,3.0,30,0.25129913926002057,0.294814683967112,0.025555165729674277,0.02463762423253669,"[[ 0.8292756   0.5327446  -0.16877551  0.20265869]
 [ 0.37788086 -0.75706192 -0.53297589  1.38609685]
 [-0.41171354  0.37820687 -0.82912697  5.29873745]
 [ 0.          0.          0.          1.        ]]","[[ 0.83115243  0.50442223 -0.23397404  0.44440997]
 [ 0.32888648 -0.78525289 -0.52460612  1.40631878]
 [-0.44835178  0.35907675 -0.8185625   5.27696197]
 [ 0.          0.          0.          1.        ]]"
sun3d-mit_76_studyroom-76-1studyroom2,1,34,4.0,30,0.263140469946593,0.28030679247365226,0.02330503317680217,0.023475618921671538,"[[ 0.74199887  0.22823166 -0.63035544  1.3597276 ]
 [ 0.46618363 -0.85137228  0.24049546  0.21860367]
 [-0.48177847 -0.47230875 -0.73811513  3.92034306]
 [ 0.          0.          0.          1.        ]]","[[ 0.73507298  0.22649966 -0.63903491  1.39849461]
 [ 0.466392   -0.85302909  0.23413644  0.18586019]
 [-0.49208354 -0.47014814 -0.73267627  3.91889304]
 [ 0.          0.          0.          1.        ]]"
sun3d-mit_76_studyroom-76-1studyroom2,1,36,4.0,30,0.4866111420913457,0.5212354517817632,0.019000936209483822,0.01451461216078831,"[[ 0.95451602  0.22647237 -0.19393154  1.18345113]
 [-0.19205146  0.96452864  0.18110975 -0.29641257]
 [ 0.22806888 -0.13562732  0.96415238  0.45144686]
 [ 0.          0.          0.          1.        ]]","[[ 0.96187045  0.14873349 -0.22952907  1.23275179]
 [-0.11507439  0.98139346  0.15370352 -0.25942652]
 [ 0.24811918 -0.12142996  0.96108878  0.49585254]
 [ 0.          0.          0.          1.        ]]"
sun3d-mit_76_studyroom-76-1studyroom2,1,53,9.0,30,0.18167979718963884,0.1982686545362289,0.024437724370832015,0.023428431929821435,"[[ 0.4448773   0.32680985  0.83383422 -1.34642189]
 [ 0.23253043 -0.94126336  0.24485279  0.40116585]
 [ 0.8648779   0.08496238 -0.49473994  3.96852337]
 [ 0.          0.          0.          1.        ]]","[[ 0.46262915  0.39567989  0.79335471 -1.28136114]
 [ 0.1200249  -0.91459158  0.38615575 -0.03018108]
 [ 0.8783896  -0.08342459 -0.47060816  4.01821778]
 [ 0.          0.          0.          1.        ]]"
sun3d-mit_76_studyroom-76-1studyroom2,1,56,4.0,30,0.33789833819680665,0.37378608446410116,0.02408440267914093,0.023287155188652927,"[[ 0.70949563 -0.47035745  0.52476645 -1.25351728]
 [ 0.2244115   0.85669049  0.46445762 -0.76006444]
 [-0.66802353 -0.21176703  0.71337178  0.8740213 ]
 [ 0.          0.          0.          1.        ]]","[[ 0.7131445  -0.49047588  0.5008576  -1.22106134]
 [ 0.32269186  0.86395705  0.38658527 -0.53823151]
 [-0.6223302  -0.11406849  0.7743988   0.72876156]
 [ 0.          0.          0.          1.        ]]"
sun3d-mit_76_studyroom-76-1studyroom2,1,65,4.0,30,0.3890444961377,0.45678394856596427,0.021303751408324897,0.01744697547621715,"[[1. 0. 0. 0.]
 [0. 1. 0. 0.]
 [0. 0. 1. 0.]
 [0. 0. 0. 1.]]","[[ 0.99823697 -0.05596805 -0.01976156  0.07150803]
 [ 0.05649697  0.99802929  0.02730613  0.0397006 ]
 [ 0.01819435 -0.02837446  0.99943177  0.04294027]
 [ 0.          0.          0.          1.        ]]"
sun3d-mit_76_studyroom-76-1studyroom2,2,6,0.0,30,0.5382990055267914,0.7515621407512827,0.025437827909407316,0.016305507459532305,"[[1. 0. 0. 0.]
 [0. 1. 0. 0.]
 [0. 0. 1. 0.]
 [0. 0. 0. 1.]]","[[ 0.99571361 -0.08613717 -0.0336866   0.21226174]
 [ 0.08596447  0.99627671 -0.0065444   0.09569812]
 [ 0.03412489  0.0036205   0.99941102 -0.00171443]
 [ 0.          0.          0.          1.        ]]"
sun3d-mit_76_studyroom-76-1studyroom2,2,7,1.0,30,0.5295228759729093,0.643708646612465,0.022795001951237424,0.017788962463853357,"[[ 0.9985284  -0.0302826   0.04498881  0.09962106]
 [ 0.03542458  0.99234737 -0.1182869   0.3095803 ]
 [-0.04106249  0.11970654  0.99195979  0.33326786]
 [ 0.          0.          0.          1.        ]]","[[ 0.99664704  0.04256188  0.06987958  0.04385457]
 [-0.03794288  0.99708825 -0.06614651  0.13098351]
 [-0.07249142  0.06327329  0.99535998  0.28530212]
 [ 0.          0.          0.          1.        ]]"
sun3d-mit_76_studyroom-76-1studyroom2,2,11,0.0,30,0.3135116233585352,0.4056786235699229,0.024607093101288908,0.01925530058407561,"[[1. 0. 0. 0.]
 [0. 1. 0. 0.]
 [0. 0. 1. 0.]
 [0. 0. 0. 1.]]","[[ 0.99943877 -0.03292843 -0.00615301  0.03098958]
 [ 0.03261788  0.99844802 -0.0451401   0.22718241]
 [ 0.00762985  0.04491407  0.99896172  0.00543318]
 [ 0.          0.          0.          1.        ]]"
sun3d-mit_76_studyroom-76-1studyroom2,2,36,1.0,30,0.6186109262290659,0.6506269000377759,0.021416058070298616,0.018288893934727598,"[[ 0.9935318  -0.06516532 -0.09299486  0.47349269]
 [ 0.08905506  0.95525687  0.28205232 -0.15511826]
 [ 0.07045395 -0.28850962  0.95488138  0.12041662]
 [ 0.          0.          0.          1.        ]]","[[ 0.9964943  -0.05187031 -0.06563976  0.35565667]
 [ 0.0655405   0.97164842  0.22716468 -0.00457345]
 [ 0.05199567 -0.23067037  0.97164172  0.10533497]
 [ 0.          0.          0.          1.        ]]"
sun3d-mit_76_studyroom-76-1studyroom2,2,53,0.0,30,0.3195992996200189,0.35783381928120717,0.02392964443410607,0.016929656087963648,"[[1. 0. 0. 0.]
 [0. 1. 0. 0.]
 [0. 0. 1. 0.]
 [0. 0. 0. 1.]]","[[ 0.99909831 -0.04220111 -0.00465197  0.05847573]
 [ 0.04229616  0.99884745  0.0226893   0.00249864]
 [ 0.00368909 -0.0228656   0.99973174  0.01505063]
 [ 0.          0.          0.          1.        ]]"
sun3d-mit_76_studyroom-76-1studyroom2,2,58,1.0,30,0.3133949943022066,0.3726266009708967,0.022400217047570437,0.021841789133943714,"[[ 0.47468774 -0.61068541  0.63382559 -1.12975359]
 [ 0.73060769 -0.1281692  -0.67066017  2.9783446 ]
 [ 0.4907993   0.78143201  0.38533111  2.16962634]
 [ 0.          0.          0.          1.        ]]","[[ 0.43157829 -0.5928751   0.67988182 -1.29256293]
 [ 0.68385264 -0.27648786 -0.6752037   2.95339611]
 [ 0.58829053  0.75634223  0.28611304  2.50408252]
 [ 0.          0.          0.          1.        ]]"
sun3d-mit_76_studyroom-76-1studyroom2,3,6,0.0,30,0.8137363612816102,0.8172928326333895,0.018241145933375717,0.013729132138318166,"[[1. 0. 0. 0.]
 [0. 1. 0. 0.]
 [0. 0. 1. 0.]
 [0. 0. 0. 1.]]","[[ 0.99999323  0.0032904   0.00164784 -0.03126024]
 [-0.0032574   0.99980171 -0.01964521  0.0138462 ]
 [-0.00171215  0.01963971  0.99980566 -0.02837694]
 [ 0.          0.          0.          1.        ]]"
sun3d-mit_76_studyroom-76-1studyroom2,3,7,1.0,30,0.5411945341420941,0.638863889208162,0.023125609393955596,0.02089042081720301,"[[1. 0. 0. 0.]
 [0. 1. 0. 0.]
 [0. 0. 1. 0.]
 [0. 0. 0. 1.]]","[[ 0.99932476 -0.03326122 -0.01561118  0.04412586]
 [ 0.03332981  0.99943578  0.00415362 -0.12909383]
 [ 0.01546422 -0.00467113  0.99986951 -0.02302937]
 [ 0.          0.          0.          1.        ]]"
sun3d-mit_76_studyroom-76-1studyroom2,3,8,0.0,30,0.6636151970696648,0.7514559236448933,0.020331553104294926,0.01625662589957835,"[[1. 0. 0. 0.]
 [0. 1. 0. 0.]
 [0. 0. 1. 0.]
 [0. 0. 0. 1.]]","[[ 0.99873814  0.04055786 -0.02961725  0.13801341]
 [-0.04015795  0.99909561  0.01397503 -0.03756227]
 [ 0.03015727 -0.01276803  0.99946361  0.03742001]
 [ 0.          0.          0.          1.        ]]"
sun3d-mit_76_studyroom-76-1studyroom2,3,10,0.0,30,0.5359769172552977,0.6188414480322906,0.021824062867693,0.01771045762968927,"[[1. 0. 0. 0.]
 [0. 1. 0. 0.]
 [0. 0. 1. 0.]
 [0. 0. 0. 1.]]","[[ 0.9992574   0.03474631  0.01665374 -0.02126641]
 [-0.03546277  0.99836394  0.04485342 -0.05606675]
 [-0.015068   -0.0454107   0.99885476  0.06917906]
 [ 0.          0.          0.          1.        ]]"
sun3d-mit_76_studyroom-76-1studyroom2,3,11,0.0,30,0.3998210119345133,0.4222340318345882,0.024516841716439395,0.021061056969984917,"[[1. 0. 0. 0.]
 [0. 1. 0. 0.]
 [0. 0. 1. 0.]
 [0. 0. 0. 1.]]","[[ 0.99992206 -0.00880178 -0.00885434  0.0643926 ]
 [ 0.00904451  0.99957375  0.02775825 -0.14768322]
 [ 0.00860624 -0.02783617  0.99957545  0.03416217]
 [ 0.          0.          0.          1.        ]]"
sun3d-mit_76_studyroom-76-1studyroom2,3,19,0.0,30,0.5345011133784737,0.5333412022671609,0.02178706172811245,0.01706560261613606,"[[1. 0. 0. 0.]
 [0. 1. 0. 0.]
 [0. 0. 1. 0.]
 [0. 0. 0. 1.]]","[[ 0.9998267   0.00993915  0.015741   -0.04454195]
 [-0.01040705  0.9994979   0.02992741 -0.13407986]
 [-0.01543564 -0.03008605  0.99942812  0.02010671]
 [ 0.          0.          0.          1.        ]]"
sun3d-mit_76_studyroom-76-1studyroom2,3,20,1.0,30,0.4748737257337493,0.5173872750474287,0.02085833563536321,0.01772468555287307,"[[1. 0. 0. 0.]
 [0. 1. 0. 0.]
 [0. 0. 1. 0.]
 [0. 0. 0. 1.]]","[[ 0.99945371  0.02492884  0.02169894 -0.03708574]
 [-0.02441617  0.99942377 -0.02357939  0.12154266]
 [-0.02227424  0.02303671  0.99948645  0.02941591]
 [ 0.          0.          0.          1.        ]]"
sun3d-mit_76_studyroom-76-1studyroom2,3,22,0.0,30,0.5930597584773325,0.6053692129302299,0.016576031834312076,0.01667649239522521,"[[1. 0. 0. 0.]
 [0. 1. 0. 0.]
 [0. 0. 1. 0.]
 [0. 0. 0. 1.]]","[[ 9.99996556e-01 -2.59856338e-03  3.66990277e-04  2.78086064e-02]
 [ 2.59723642e-03  9.99990251e-01  3.57112606e-03 -5.08293137e-03]
 [-3.76266497e-04 -3.57016060e-03  9.99993556e-01  1.01898629e-02]
 [ 0.00000000e+00  0.00000000e+00  0.00000000e+00  1.00000000e+00]]"
sun3d-mit_76_studyroom-76-1studyroom2,3,24,0.0,30,0.7619677179250153,0.7721046376220032,0.016302388552315063,0.014884959616796773,"[[1. 0. 0. 0.]
 [0. 1. 0. 0.]
 [0. 0. 1. 0.]
 [0. 0. 0. 1.]]","[[ 9.99338680e-01  3.58405771e-02  6.13634843e-03 -8.45698281e-03]
 [-3.58389570e-02  9.99357508e-01 -3.73821337e-04 -4.09717461e-03]
 [-6.14580384e-03  1.53653795e-04  9.99981103e-01  4.78178474e-03]
 [ 0.00000000e+00  0.00000000e+00  0.00000000e+00  1.00000000e+00]]"
sun3d-mit_76_studyroom-76-1studyroom2,3,25,0.0,30,0.47017905016565253,0.6049778267564132,0.026953700181684644,0.016304218502909938,"[[1. 0. 0. 0.]
 [0. 1. 0. 0.]
 [0. 0. 1. 0.]
 [0. 0. 0. 1.]]","[[ 0.99943869  0.02764186  0.0189271  -0.01722876]
 [-0.02855501  0.99835056  0.04980726 -0.04527994]
 [-0.01751912 -0.05031976  0.99857949  0.09370576]
 [ 0.          0.          0.          1.        ]]"
sun3d-mit_76_studyroom-76-1studyroom2,3,26,0.0,30,0.24716657150016638,0.33364108399436393,0.025619871094531288,0.022986038999748444,"[[1. 0. 0. 0.]
 [0. 1. 0. 0.]
 [0. 0. 1. 0.]
 [0. 0. 0. 1.]]","[[ 0.99929889 -0.00840038 -0.03648508  0.15589832]
 [ 0.01138268  0.99654113  0.08231779 -0.26250461]
 [ 0.03566738 -0.08267538  0.99593806  0.04340249]
 [ 0.          0.          0.          1.        ]]"
sun3d-mit_76_studyroom-76-1studyroom2,3,46,0.0,30,0.5198736930412375,0.5343450209802723,0.019206736558985048,0.01583495345023537,"[[1. 0. 0. 0.]
 [0. 1. 0. 0.]
 [0. 0. 1. 0.]
 [0. 0. 0. 1.]]","[[ 0.99975795 -0.02029636  0.00849061 -0.00642296]
 [ 0.02022625  0.99976128  0.00826353 -0.08208625]
 [-0.0086563  -0.0080898   0.99992981  0.04139091]
 [ 0.          0.          0.          1.        ]]"
sun3d-mit_76_studyroom-76-1studyroom2,3,51,0.0,30,0.6434023746207723,0.712030413124087,0.021845607742932163,0.01699798829085015,"[[1. 0. 0. 0.]
 [0. 1. 0. 0.]
 [0. 0. 1. 0.]
 [0. 0. 0. 1.]]","[[ 0.9993754   0.02846354 -0.0209435   0.08308618]
 [-0.02826977  0.99955527  0.00949068 -0.10751366]
 [ 0.02120432 -0.00889268  0.99973561 -0.00485154]
 [ 0.          0.          0.          1.        ]]"
sun3d-mit_76_studyroom-76-1studyroom2,3,52,0.0,30,0.7837624423423221,0.809760959372402,0.01879382553579187,0.0163201472046598,"[[1. 0. 0. 0.]
 [0. 1. 0. 0.]
 [0. 0. 1. 0.]
 [0. 0. 0. 1.]]","[[ 0.99973247  0.01205548 -0.01973989  0.07937973]
 [-0.01135786  0.99932     0.03507894 -0.14325508]
 [ 0.02014936 -0.03484536  0.99918957  0.02170414]
 [ 0.          0.          0.          1.        ]]"
sun3d-mit_76_studyroom-76-1studyroom2,3,53,0.0,30,0.5594986632429284,0.6897954790510659,0.025537440033016154,0.0195830255558014,"[[1. 0. 0. 0.]
 [0. 1. 0. 0.]
 [0. 0. 1. 0.]
 [0. 0. 0. 1.]]","[[ 0.99982449  0.0178836   0.00558323  0.02023485]
 [-0.0182592   0.99689004  0.0766606  -0.307332  ]
 [-0.0041949  -0.07674909  0.99704161  0.07432045]
 [ 0.          0.          0.          1.        ]]"
sun3d-mit_76_studyroom-76-1studyroom2,4,6,0.0,30,0.5109240713738981,0.523656937301913,0.02185951970726621,0.01901292655282942,"[[1. 0. 0. 0.]
 [0. 1. 0. 0.]
 [0. 0. 1. 0.]
 [0. 0. 0. 1.]]","[[ 0.99965211 -0.01288491  0.023014   -0.06498276]
 [ 0.01275662  0.99990231  0.00571222  0.02659879]
 [-0.02308535 -0.00541665  0.99971882  0.0421679 ]
 [ 0.          0.          0.          1.        ]]"
sun3d-mit_76_studyroom-76-1studyroom2,4,7,0.0,30,0.5434520956720311,0.5576393843644888,0.021108811838896627,0.018948047373920564,"[[1. 0. 0. 0.]
 [0. 1. 0. 0.]
 [0. 0. 1. 0.]
 [0. 0. 0. 1.]]","[[ 0.99929065  0.03330132  0.01758466 -0.04965538]
 [-0.03389011  0.99883611  0.03432021 -0.13063317]
 [-0.01642129 -0.03489181  0.99925617  0.04637077]
 [ 0.          0.          0.          1.        ]]"
sun3d-mit_76_studyroom-76-1studyroom2,4,10,1.0,30,0.37747067356205855,0.42978367810292634,0.024664014103542325,0.02425927035790859,"[[ 0.94975835 -0.16942229  0.26316375 -0.74690636]
 [ 0.07164079  0.93617741  0.34415032 -0.58760562]
 [-0.3046747  -0.30800639  0.90127987  0.68060095]
 [ 0.          0.          0.          1.        ]]","[[ 0.94299344 -0.13667901  0.30345053 -0.86784872]
 [ 0.0154414   0.92876561  0.3703458  -0.70505744]
 [-0.33245291 -0.34454796  0.87793039  0.73301435]
 [ 0.          0.          0.          1.        ]]"
sun3d-mit_76_studyroom-76-1studyroom2,4,12,1.0,30,0.45248681772837396,0.5241176191154815,0.020025701407794978,0.016269375019434616,"[[1. 0. 0. 0.]
 [0. 1. 0. 0.]
 [0. 0. 1. 0.]
 [0. 0. 0. 1.]]","[[ 0.99982269 -0.00847829 -0.01681378  0.08756208]
 [ 0.00540828  0.98457691 -0.17486869  0.48139567]
 [ 0.01803705  0.17474675  0.98444819 -0.0358639 ]
 [ 0.          0.          0.          1.        ]]"
sun3d-mit_76_studyroom-76-1studyroom2,4,19,1.0,30,0.5391679964408207,0.5834647974922313,0.020163128805716347,0.017645481635425196,"[[1. 0. 0. 0.]
 [0. 1. 0. 0.]
 [0. 0. 1. 0.]
 [0. 0. 0. 1.]]","[[ 0.99998809 -0.00158173 -0.00461758  0.01538461]
 [ 0.00168484  0.99974744  0.02241022 -0.0133039 ]
 [ 0.00458097 -0.02241773  0.9997382   0.05846206]
 [ 0.          0.          0.          1.        ]]"
sun3d-mit_76_studyroom-76-1studyroom2,4,22,0.0,30,0.5148971973189287,0.6654776718798608,0.026848317901210127,0.015915062174574567,"[[1. 0. 0. 0.]
 [0. 1. 0. 0.]
 [0. 0. 1. 0.]
 [0. 0. 0. 1.]]","[[ 0.99949473 -0.02829746 -0.01447517  0.10671949]
 [ 0.02784061  0.9991364  -0.03084395  0.22283742]
 [ 0.01533548  0.03042537  0.99941939  0.00153986]
 [ 0.          0.          0.          1.        ]]"
sun3d-mit_76_studyroom-76-1studyroom2,4,24,0.0,30,0.5684658511110844,0.7171881940526069,0.027016100092098465,0.015590415441265342,"[[1. 0. 0. 0.]
 [0. 1. 0. 0.]
 [0. 0. 1. 0.]
 [0. 0. 0. 1.]]","[[ 0.9995193   0.03098543  0.00103127 -0.00461888]
 [-0.03098204  0.99951498 -0.00314989  0.12107236]
 [-0.00112837  0.00311642  0.99999451  0.03002637]
 [ 0.          0.          0.          1.        ]]"
sun3d-mit_76_studyroom-76-1studyroom2,4,25,1.0,30,0.283291681292663,0.33572150797635414,0.024968755829918938,0.023634843024720825,"[[ 0.90887598  0.41562563 -0.03463811  0.04360338]
 [-0.40747683  0.86720303 -0.28621937  1.05932885]
 [-0.08892183  0.27425214  0.95753782  0.38459053]
 [ 0.          0.          0.          1.        ]]","[[ 0.93433122  0.35506474 -0.03089002  0.0726249 ]
 [-0.35433069  0.91605628 -0.18785808  0.80366239]
 [-0.03840479  0.18646695  0.98171032  0.30144424]
 [ 0.          0.          0.          1.        ]]"
sun3d-mit_76_studyroom-76-1studyroom2,4,26,0.0,30,0.21048707447223672,0.22318255947221619,0.024884542400393745,0.023733448186159925,"[[1. 0. 0. 0.]
 [0. 1. 0. 0.]
 [0. 0. 1. 0.]
 [0. 0. 0. 1.]]","[[ 9.99734584e-01 -9.25806677e-03 -2.10962037e-02  7.95596359e-02]
 [ 9.01711574e-03  9.99893351e-01 -1.14881783e-02  9.84174137e-02]
 [ 2.12003121e-02  1.12949022e-02  9.99711444e-01 -5.34962586e-04]
 [ 0.00000000e+00  0.00000000e+00  0.00000000e+00  1.00000000e+00]]"
sun3d-mit_76_studyroom-76-1studyroom2,4,48,2.0,30,0.3404572509068802,0.3881134432839457,0.024291268061365865,0.023690006129951965,"[[ 0.51556185  0.67999274 -0.52135002  0.99437729]
 [-0.63867132  0.71058831  0.29523414  0.43816039]
 [ 0.5712223   0.18075985  0.80064409  1.02365782]
 [ 0.          0.          0.          1.        ]]","[[ 0.4591148   0.69113769 -0.55815974  1.15562359]
 [-0.67755542  0.67877538  0.28316539  0.45263775]
 [ 0.57457136  0.24817874  0.77991991  1.06480643]
 [ 0.          0.          0.          1.        ]]"
sun3d-mit_76_studyroom-76-1studyroom2,4,51,0.0,30,0.674416644818158,0.6896662796359414,0.019412353414923207,0.015668870104399754,"[[1. 0. 0. 0.]
 [0. 1. 0. 0.]
 [0. 0. 1. 0.]
 [0. 0. 0. 1.]]","[[ 0.99991248  0.00998766  0.00867627 -0.02188976]
 [-0.0100829   0.99988862  0.01100349  0.01332289]
 [-0.0085654  -0.01109001  0.99990182  0.02286154]
 [ 0.          0.          0.          1.        ]]"
sun3d-mit_76_studyroom-76-1studyroom2,4,52,0.0,30,0.5941397009023005,0.6329376606951983,0.022492229740333297,0.016328572242997483,"[[1. 0. 0. 0.]
 [0. 1. 0. 0.]
 [0. 0. 1. 0.]
 [0. 0. 0. 1.]]","[[ 0.9997725  -0.01896208  0.00976716 -0.01925039]
 [ 0.01882682  0.99972808  0.01375925  0.03074408]
 [-0.01002541 -0.01357224  0.99985763  0.04411312]
 [ 0.          0.          0.          1.        ]]"
sun3d-mit_76_studyroom-76-1studyroom2,4,53,0.0,30,0.420923755835699,0.44285387544230226,0.019001775417167032,0.018478458429952428,"[[1. 0. 0. 0.]
 [0. 1. 0. 0.]
 [0. 0. 1. 0.]
 [0. 0. 0. 1.]]","[[ 0.99998576  0.00461048  0.00268936 -0.00887813]
 [-0.00469978  0.99940387  0.03420262 -0.06712583]
 [-0.00253007 -0.03421477  0.9994113   0.0558533 ]
 [ 0.          0.          0.          1.        ]]"
sun3d-mit_76_studyroom-76-1studyroom2,5,9,0.0,30,0.7317819597099464,0.7573102276145229,0.018307336171045168,0.015499940387582173,"[[1. 0. 0. 0.]
 [0. 1. 0. 0.]
 [0. 0. 1. 0.]
 [0. 0. 0. 1.]]","[[ 0.99953801  0.02913447  0.00865698 -0.046799  ]
 [-0.02934388  0.99925325  0.02513708 -0.02866853]
 [-0.00791816 -0.0253795   0.99964653  0.03810275]
 [ 0.          0.          0.          1.        ]]"
sun3d-mit_76_studyroom-76-1studyroom2,5,17,0.0,30,0.5513727763669475,0.5699306207583196,0.021450125004757348,0.01868364587300786,"[[1. 0. 0. 0.]
 [0. 1. 0. 0.]
 [0. 0. 1. 0.]
 [0. 0. 0. 1.]]","[[ 0.99991429  0.01304744 -0.00108244  0.02258781]
 [-0.01303673  0.99987112  0.00936971  0.01014667]
 [ 0.00120455 -0.0093548   0.99995552  0.04317688]
 [ 0.          0.          0.          1.        ]]"
sun3d-mit_76_studyroom-76-1studyroom2,5,26,2.0,30,0.1936025518315101,0.3242031688390645,0.023192854209989823,0.021622765440270107,"[[1. 0. 0. 0.]
 [0. 1. 0. 0.]
 [0. 0. 1. 0.]
 [0. 0. 0. 1.]]","[[ 0.99823598 -0.04262313 -0.04133024  0.12764495]
 [ 0.04415763  0.99834088  0.03695391 -0.0215591 ]
 [ 0.03968658 -0.03871377  0.99846193  0.10050881]
 [ 0.          0.          0.          1.        ]]"
sun3d-mit_76_studyroom-76-1studyroom2,5,33,1.0,30,0.2830421377183967,0.3756278905447071,0.024624857168223085,0.02149915561990267,"[[ 0.97074367 -0.078294    0.22699509 -0.62484069]
 [-0.08961008  0.75892573  0.64498199 -0.53700585]
 [-0.22277063 -0.64645323  0.72970642  1.16663947]
 [ 0.          0.          0.          1.        ]]","[[ 0.96701608 -0.06888364  0.24522429 -0.67818542]
 [-0.06535021  0.8634192   0.50023658 -0.250378  ]
 [-0.24618947 -0.49976227  0.83043869  0.89829125]
 [ 0.          0.          0.          1.        ]]"
sun3d-mit_76_studyroom-76-1studyroom2,6,8,0.0,30,0.5830685324058561,0.6898276001525253,0.024182552455885742,0.016738350539423696,"[[1. 0. 0. 0.]
 [0. 1. 0. 0.]
 [0. 0. 1. 0.]
 [0. 0. 0. 1.]]","[[ 0.99970666 -0.0019765  -0.02413896  0.13407518]
 [ 0.00201389  0.99999681  0.00152451 -0.00966378]
 [ 0.02413587 -0.00157267  0.99970745  0.06453931]
 [ 0.          0.          0.          1.        ]]"
sun3d-mit_76_studyroom-76-1studyroom2,6,10,0.0,30,0.42324672048435924,0.6020418138244198,0.026430643011797195,0.01959358862108195,"[[1. 0. 0. 0.]
 [0. 1. 0. 0.]
 [0. 0. 1. 0.]
 [0. 0. 0. 1.]]","[[ 0.99890347  0.04046031 -0.02355483  0.0875045 ]
 [-0.03844132  0.99600199  0.0806368  -0.09504935]
 [ 0.02672325 -0.0796429   0.99646519  0.06324548]
 [ 0.          0.          0.          1.        ]]"
sun3d-mit_76_studyroom-76-1studyroom2,6,11,0.0,30,0.37779125566252253,0.3876336236785801,0.020634920571483265,0.020811484390285916,"[[1. 0. 0. 0.]
 [0. 1. 0. 0.]
 [0. 0. 1. 0.]
 [0. 0. 0. 1.]]","[[ 0.99936484  0.03342055 -0.01236831 -0.00299185]
 [-0.03324646  0.9993488   0.01402311 -0.00739762]
 [ 0.01282892 -0.013603    0.99982517  0.00755512]
 [ 0.          0.          0.          1.        ]]"
sun3d-mit_76_studyroom-76-1studyroom2,6,14,1.0,30,0.48776407018000717,0.5824777839263044,0.025196137966586783,0.022336996583568792,"[[ 0.85389646 -0.49250133 -0.16823577  1.3710476 ]
 [ 0.32934891  0.76165002 -0.55804888  1.26671106]
 [ 0.40297659  0.42110769  0.81257503  0.31974956]
 [ 0.          0.          0.          1.        ]]","[[ 0.80162504 -0.57347436 -0.16889184  1.48906111]
 [ 0.4069032   0.73036201 -0.54863569  1.30809895]
 [ 0.43798069  0.37107747  0.81882503  0.33932662]
 [ 0.          0.          0.          1.        ]]"
sun3d-mit_76_studyroom-76-1studyroom2,6,18,0.0,30,0.4304343569639067,0.4515114162769276,0.016773240518732392,0.013801637279456441,"[[1. 0. 0. 0.]
 [0. 1. 0. 0.]
 [0. 0. 1. 0.]
 [0. 0. 0. 1.]]","[[ 0.99860908  0.05256149 -0.0041474  -0.01873901]
 [-0.05248466  0.99847944  0.01685738  0.02857415]
 [ 0.00502714 -0.01661626  0.9998493   0.0155458 ]
 [ 0.          0.          0.          1.        ]]"
sun3d-mit_76_studyroom-76-1studyroom2,6,24,0.0,30,0.4887991164147568,0.5171689856777555,0.017643047171543844,0.015405301636812769,"[[1. 0. 0. 0.]
 [0. 1. 0. 0.]
 [0. 0. 1. 0.]
 [0. 0. 0. 1.]]","[[ 9.98428810e-01  5.60307436e-02  6.83920538e-04  1.01793348e-02]
 [-5.60338454e-02  9.98410838e-01  6.00050376e-03  3.59181017e-02]
 [-3.46620990e-04 -6.02939853e-03  9.99981763e-01  2.10804915e-02]
 [ 0.00000000e+00  0.00000000e+00  0.00000000e+00  1.00000000e+00]]"
sun3d-mit_76_studyroom-76-1studyroom2,6,25,0.0,30,0.2839769470988783,0.48037552566180597,0.029254317591211734,0.017513886522280798,"[[1. 0. 0. 0.]
 [0. 1. 0. 0.]
 [0. 0. 1. 0.]
 [0. 0. 0. 1.]]","[[ 0.99983777  0.01778365 -0.00285775  0.06315664]
 [-0.01756615  0.99782332  0.06356139 -0.0261431 ]
 [ 0.00398189 -0.06350088  0.99797384  0.07757762]
 [ 0.          0.          0.          1.        ]]"
sun3d-mit_76_studyroom-76-1studyroom2,6,46,1.0,30,0.49792250572355906,0.5353834014587192,0.015644877463927682,0.01620676633922694,"[[1. 0. 0. 0.]
 [0. 1. 0. 0.]
 [0. 0. 1. 0.]
 [0. 0. 0. 1.]]","[[ 0.99992343 -0.00253597 -0.01211181  0.0539959 ]
 [ 0.00298757  0.99929539  0.03741397 -0.10222208]
 [ 0.01200839 -0.03744729  0.99922645  0.07580711]
 [ 0.          0.          0.          1.        ]]"
sun3d-mit_76_studyroom-76-1studyroom2,6,51,0.0,30,0.4110210120229222,0.4540226225701337,0.022296044319123326,0.019071197577388295,"[[1. 0. 0. 0.]
 [0. 1. 0. 0.]
 [0. 0. 1. 0.]
 [0. 0. 0. 1.]]","[[ 0.99954015  0.02654741 -0.01465331  0.11143303]
 [-0.02599768  0.99899504  0.03651071 -0.1415871 ]
 [ 0.01560785 -0.03611297  0.99922582  0.01720122]
 [ 0.          0.          0.          1.        ]]"
sun3d-mit_76_studyroom-76-1studyroom2,6,52,0.0,30,0.5629122704526268,0.6460500678892074,0.016510313967924874,0.017040776332650855,"[[1. 0. 0. 0.]
 [0. 1. 0. 0.]
 [0. 0. 1. 0.]
 [0. 0. 0. 1.]]","[[ 0.99945808 -0.00131921 -0.03289089  0.15418237]
 [ 0.00323691  0.99829269  0.05831997 -0.16684252]
 [ 0.0327578  -0.05839483  0.99775597  0.03444608]
 [ 0.          0.          0.          1.        ]]"
sun3d-mit_76_studyroom-76-1studyroom2,6,53,0.0,30,0.47902800174518395,0.552931159413326,0.02072239065417737,0.020215666466375973,"[[1. 0. 0. 0.]
 [0. 1. 0. 0.]
 [0. 0. 1. 0.]
 [0. 0. 0. 1.]]","[[ 0.99807789  0.05371838 -0.0309009   0.12289812]
 [-0.05159421  0.99649435  0.06585628 -0.20138725]
 [ 0.03433027 -0.06413539  0.99735053  0.05050499]
 [ 0.          0.          0.          1.        ]]"
sun3d-mit_76_studyroom-76-1studyroom2,7,10,1.0,30,0.3852989404641776,0.40456609485368317,0.02364709923355555,0.023726113491121765,"[[ 0.81515373  0.57469217 -0.07247966  0.71947471]
 [-0.57649277  0.79272236 -0.19810943  0.81760964]
 [-0.05639569  0.20327365  0.97749647  0.08528502]
 [ 0.          0.          0.          1.        ]]","[[ 0.81106723  0.57933477 -0.08087749  0.75018909]
 [-0.5841978   0.79521717 -0.16230398  0.72856614]
 [-0.02971317  0.17888789  0.98342069  0.1035006 ]
 [ 0.          0.          0.          1.        ]]"
sun3d-mit_76_studyroom-76-1studyroom2,7,11,0.0,30,0.3250431171581595,0.39313958105729396,0.02346669621297968,0.02109785508665741,"[[1. 0. 0. 0.]
 [0. 1. 0. 0.]
 [0. 0. 1. 0.]
 [0. 0. 0. 1.]]","[[ 0.99786562 -0.06224747 -0.0197347   0.06737328]
 [ 0.06104834  0.99653761 -0.05644377  0.22038038]
 [ 0.02317985  0.05511853  0.99821072  0.00840821]
 [ 0.          0.          0.          1.        ]]"
sun3d-mit_76_studyroom-76-1studyroom2,7,24,0.0,30,0.3796310191243382,0.4670336266612243,0.026570304714885386,0.01891799067857081,"[[1. 0. 0. 0.]
 [0. 1. 0. 0.]
 [0. 0. 1. 0.]
 [0. 0. 0. 1.]]","[[ 0.99862572 -0.02435994 -0.04640319  0.15051359]
 [ 0.0222993   0.99876409 -0.04441893  0.24711072]
 [ 0.04742788  0.04332313  0.99793472 -0.01929828]
 [ 0.          0.          0.          1.        ]]"
sun3d-mit_76_studyroom-76-1studyroom2,7,25,0.0,30,0.28127224491679614,0.3189199092092732,0.0237731528993605,0.023039872261149546,"[[1. 0. 0. 0.]
 [0. 1. 0. 0.]
 [0. 0. 1. 0.]
 [0. 0. 0. 1.]]","[[ 0.9997759  -0.01934008 -0.00860902  0.07690636]
 [ 0.01961152  0.99927444  0.03264933 -0.11774882]
 [ 0.00797133 -0.03281085  0.99942979  0.03561073]
 [ 0.          0.          0.          1.        ]]"
sun3d-mit_76_studyroom-76-1studyroom2,7,26,0.0,30,0.216303870058702,0.3167401297276869,0.02691925230168056,0.0229018199237445,"[[1. 0. 0. 0.]
 [0. 1. 0. 0.]
 [0. 0. 1. 0.]
 [0. 0. 0. 1.]]","[[ 0.99859739 -0.05160759  0.01182862 -0.00674215]
 [ 0.05038673  0.9949281   0.08705888 -0.34778217]
 [-0.01626153 -0.08634076  0.99613294  0.11002016]
 [ 0.          0.          0.          1.        ]]"
sun3d-mit_76_studyroom-76-1studyroom2,7,46,0.0,30,0.3618169311750272,0.560002405288114,0.022928230450655444,0.017496544190401496,"[[1. 0. 0. 0.]
 [0. 1. 0. 0.]
 [0. 0. 1. 0.]
 [0. 0. 0. 1.]]","[[ 0.97795722 -0.19315339 -0.07931866  0.34809694]
 [ 0.19326887  0.98112566 -0.00629186  0.07076448]
 [ 0.07903687 -0.00917666  0.99682946  0.05638274]
 [ 0.          0.          0.          1.        ]]"
sun3d-mit_76_studyroom-76-1studyroom2,7,53,0.0,30,0.44477204015460636,0.6341763904291653,0.024265009429968943,0.019228918085731062,"[[1. 0. 0. 0.]
 [0. 1. 0. 0.]
 [0. 0. 1. 0.]
 [0. 0. 0. 1.]]","[[ 0.99335709 -0.10142936 -0.05434862  0.21910461]
 [ 0.10384176  0.99363921  0.04356614 -0.09459472]
 [ 0.04958404 -0.04892039  0.99757116  0.03686403]
 [ 0.          0.          0.          1.        ]]"
sun3d-mit_76_studyroom-76-1studyroom2,7,55,0.0,30,0.37325805359991654,0.44859970027199425,0.02221305374600669,0.01922231954930458,"[[1. 0. 0. 0.]
 [0. 1. 0. 0.]
 [0. 0. 1. 0.]
 [0. 0. 0. 1.]]","[[ 0.99945635 -0.02977745 -0.01415333  0.03272423]
 [ 0.02999448  0.99943177  0.01537758 -0.16012435]
 [ 0.01368738 -0.01579374  0.99978158 -0.00104435]
 [ 0.          0.          0.          1.        ]]"
sun3d-mit_76_studyroom-76-1studyroom2,8,10,0.0,30,0.3164180751765893,0.38891586781029264,0.024897101901992725,0.01976162640596113,"[[1. 0. 0. 0.]
 [0. 1. 0. 0.]
 [0. 0. 1. 0.]
 [0. 0. 0. 1.]]","[[ 0.99887629 -0.01269251  0.04566234 -0.05764006]
 [ 0.01119255  0.99939413  0.03295601 -0.0522065 ]
 [-0.04605297 -0.0324079   0.99841317  0.07503753]
 [ 0.          0.          0.          1.        ]]"
sun3d-mit_76_studyroom-76-1studyroom2,8,19,0.0,30,0.36407135609725094,0.4032404874804506,0.024120898385506656,0.021772540127333186,"[[1. 0. 0. 0.]
 [0. 1. 0. 0.]
 [0. 0. 1. 0.]
 [0. 0. 0. 1.]]","[[ 0.99915691 -0.01062205  0.03965659 -0.11446037]
 [ 0.01007502  0.99985167  0.01396886 -0.10698166]
 [-0.03979908 -0.01355754  0.99911572  0.01680677]
 [ 0.          0.          0.          1.        ]]"
sun3d-mit_76_studyroom-76-1studyroom2,8,24,0.0,30,0.37456931222012796,0.3885689160473967,0.0203703800383369,0.02018066310882244,"[[1. 0. 0. 0.]
 [0. 1. 0. 0.]
 [0. 0. 1. 0.]
 [0. 0. 0. 1.]]","[[ 0.99938011  0.00271201  0.03510037 -0.10304251]
 [-0.00196442  0.99977087 -0.02131551  0.0488094 ]
 [-0.03515014  0.02123335  0.99915645  0.01246161]
 [ 0.          0.          0.          1.        ]]"
sun3d-mit_76_studyroom-76-1studyroom2,8,25,0.0,30,0.2955285706893634,0.3701680020026544,0.02550137399878815,0.020562349823421984,"[[1. 0. 0. 0.]
 [0. 1. 0. 0.]
 [0. 0. 1. 0.]
 [0. 0. 0. 1.]]","[[ 0.99970164 -0.00247033  0.02430072 -0.04578658]
 [ 0.00209093  0.99987572  0.01562591  0.05416407]
 [-0.0243363  -0.01557043  0.99958257  0.0624253 ]
 [ 0.          0.          0.          1.        ]]"
sun3d-mit_76_studyroom-76-1studyroom2,8,26,0.0,30,0.20472368167011046,0.2527081373519613,0.02411652747731005,0.023720368540511735,"[[1. 0. 0. 0.]
 [0. 1. 0. 0.]
 [0. 0. 1. 0.]
 [0. 0. 0. 1.]]","[[ 0.99929186 -0.02044601  0.03158694 -0.06222945]
 [ 0.01866061  0.99826647  0.05581965 -0.18228342]
 [-0.03267347 -0.05519069  0.9979411   0.08405559]
 [ 0.          0.          0.          1.        ]]"
sun3d-mit_76_studyroom-76-1studyroom2,8,47,1.0,30,0.33337184279861504,0.3597726677058475,0.02526808755345506,0.025389385028270584,"[[ 0.67479427 -0.6833139  -0.27880962  1.0096741 ]
 [ 0.63871493  0.72999132 -0.24321989  0.67570864]
 [ 0.36972413 -0.01395648  0.92903675  0.39365165]
 [ 0.          0.          0.          1.        ]]","[[ 0.6977464  -0.66481382 -0.26678182  0.96911228]
 [ 0.62621867  0.74692634 -0.22349771  0.6142611 ]
 [ 0.34785073 -0.01111903  0.93748399  0.34424416]
 [ 0.          0.          0.          1.        ]]"
sun3d-mit_76_studyroom-76-1studyroom2,8,50,11.0,30,0.9165239712118012,0.9624031322600036,0.016669484808705358,0.013735719561172463,"[[ 9.98758826e-01  2.72222712e-02 -4.17103849e-02  3.59019774e-01]
 [-2.71956037e-02  9.99629403e-01  1.20673732e-03 -1.27700649e-01]
 [ 4.17277773e-02 -7.09004450e-05  9.99129014e-01  1.73498292e-02]
 [ 0.00000000e+00  0.00000000e+00  0.00000000e+00  1.00000000e+00]]","[[ 0.99981514  0.01434504  0.01280288  0.17687522]
 [-0.01403137  0.99960716 -0.02426191 -0.08746517]
 [-0.01314589  0.02407779  0.99962365  0.03096558]
 [ 0.          0.          0.          1.        ]]"
sun3d-mit_76_studyroom-76-1studyroom2,8,53,0.0,30,0.32218440136155096,0.47704833275352737,0.025698626489378734,0.021155520193718788,"[[1. 0. 0. 0.]
 [0. 1. 0. 0.]
 [0. 0. 1. 0.]
 [0. 0. 0. 1.]]","[[ 0.99705233 -0.05739021  0.05092167 -0.07138116]
 [ 0.05291478  0.99495241  0.08526275 -0.36641097]
 [-0.05555788 -0.08231692  0.9950564   0.07854721]
 [ 0.          0.          0.          1.        ]]"
sun3d-mit_76_studyroom-76-1studyroom2,9,16,0.0,30,0.4821677754340419,0.5232732976364325,0.022399559986810237,0.021195880843263015,"[[1. 0. 0. 0.]
 [0. 1. 0. 0.]
 [0. 0. 1. 0.]
 [0. 0. 0. 1.]]","[[ 0.99990211  0.00915167  0.01058344  0.01492097]
 [-0.00978767  0.99804729  0.06169125 -0.22299326]
 [-0.0099982  -0.0617888   0.99803917  0.04893727]
 [ 0.          0.          0.          1.        ]]"
sun3d-mit_76_studyroom-76-1studyroom2,9,17,0.0,30,0.6239342630109709,0.6655681094944327,0.021164402574643193,0.02063506959506565,"[[1. 0. 0. 0.]
 [0. 1. 0. 0.]
 [0. 0. 1. 0.]
 [0. 0. 0. 1.]]","[[ 0.99986863  0.00689163  0.01467092 -0.04990445]
 [-0.00705956  0.9999098   0.01142614 -0.06742453]
 [-0.01459085 -0.01152821  0.99982709  0.05163917]
 [ 0.          0.          0.          1.        ]]"
sun3d-mit_76_studyroom-76-1studyroom2,9,26,0.0,30,0.28453722379463753,0.3948211622910616,0.02310248423296805,0.019525396468185748,"[[1. 0. 0. 0.]
 [0. 1. 0. 0.]
 [0. 0. 1. 0.]
 [0. 0. 0. 1.]]","[[ 0.9980983  -0.04425315 -0.04291198  0.17824279]
 [ 0.04646811  0.99756166  0.05207161 -0.10174297]
 [ 0.04050301 -0.05396662  0.99772096  0.08607132]
 [ 0.          0.          0.          1.        ]]"
sun3d-mit_76_studyroom-76-1studyroom2,9,32,1.0,30,0.37601066430872904,0.39485239444544923,0.019735076705185414,0.01794247050163937,"[[ 0.6588133   0.27728386 -0.69934162  0.68584621]
 [ 0.0803567   0.89834154  0.43188573 -0.06211109]
 [ 0.74800257 -0.34072885  0.56955773  0.44782873]
 [ 0.          0.          0.          1.        ]]","[[ 0.64792765  0.33860159 -0.68230398  0.72103391]
 [-0.0077043   0.89862993  0.43863982 -0.01145492]
 [ 0.76166292 -0.27895019  0.58485586  0.41950248]
 [ 0.          0.          0.          1.        ]]"
sun3d-mit_76_studyroom-76-1studyroom2,9,51,2.0,30,0.6918573729353159,0.8750721000786547,0.02024959623586374,0.0162355016741858,"[[ 0.97727077 -0.12894126 -0.16827354  0.8347835 ]
 [ 0.12438798  0.99152969 -0.03736982  0.5572785 ]
 [ 0.17166672  0.01558923  0.98503173  0.03498489]
 [ 0.          0.          0.          1.        ]]","[[ 0.9948581  -0.0327834  -0.09582597  0.51554372]
 [ 0.0357572   0.99892553  0.02948224  0.35205435]
 [ 0.09475648 -0.03275711  0.9949614  -0.01848968]
 [ 0.          0.          0.          1.        ]]"
sun3d-mit_76_studyroom-76-1studyroom2,10,15,0.0,30,0.6853708543895275,0.7137590542655787,0.016757309013753167,0.015832628961235596,"[[1. 0. 0. 0.]
 [0. 1. 0. 0.]
 [0. 0. 1. 0.]
 [0. 0. 0. 1.]]","[[ 0.99985712 -0.01394435 -0.00955442  0.077755  ]
 [ 0.01399401  0.99988881  0.00515032  0.01150937]
 [ 0.00948154 -0.00528329  0.99994109  0.02139347]
 [ 0.          0.          0.          1.        ]]"
sun3d-mit_76_studyroom-76-1studyroom2,10,18,0.0,30,0.6170908184742995,0.6546948910436404,0.021040015243526968,0.01376510898456602,"[[1. 0. 0. 0.]
 [0. 1. 0. 0.]
 [0. 0. 1. 0.]
 [0. 0. 0. 1.]]","[[ 0.99986488 -0.01607552 -0.00343448  0.01421225]
 [ 0.01594096  0.9992192  -0.03615077  0.03140414]
 [ 0.00401294  0.03609114  0.99934045 -0.04083462]
 [ 0.          0.          0.          1.        ]]"
sun3d-mit_76_studyroom-76-1studyroom2,10,19,0.0,30,0.48443880504186804,0.6618756965708851,0.028641393825440224,0.017491344691284483,"[[1. 0. 0. 0.]
 [0. 1. 0. 0.]
 [0. 0. 1. 0.]
 [0. 0. 0. 1.]]","[[ 0.99988042 -0.01347857 -0.00758057  0.02544207]
 [ 0.01337304  0.9998153  -0.01380314 -0.0911536 ]
 [ 0.00776522  0.01370011  0.999876   -0.02470743]
 [ 0.          0.          0.          1.        ]]"
sun3d-mit_76_studyroom-76-1studyroom2,10,20,0.0,30,0.508381894138254,0.5178166803332379,0.018971579284245105,0.018869319437707255,"[[1. 0. 0. 0.]
 [0. 1. 0. 0.]
 [0. 0. 1. 0.]
 [0. 0. 0. 1.]]","[[ 0.99986888 -0.01462578 -0.00695095  0.03852202]
 [ 0.01436839  0.99925783 -0.03573974  0.09071821]
 [ 0.00746851  0.03563518  0.99933696 -0.02154341]
 [ 0.          0.          0.          1.        ]]"
sun3d-mit_76_studyroom-76-1studyroom2,10,22,0.0,30,0.5375929749144489,0.5799796374331854,0.022625937241353377,0.016501055973268897,"[[1. 0. 0. 0.]
 [0. 1. 0. 0.]
 [0. 0. 1. 0.]
 [0. 0. 0. 1.]]","[[ 0.99799276 -0.04528057 -0.04427319  0.15788089]
 [ 0.04502232  0.99896275 -0.00681339 -0.03713314]
 [ 0.04453578  0.00480643  0.99899623 -0.03295666]
 [ 0.          0.          0.          1.        ]]"
sun3d-mit_76_studyroom-76-1studyroom2,10,24,0.0,30,0.6931507137111781,0.7471637634008428,0.02318326243656816,0.015177879125014993,"[[1. 0. 0. 0.]
 [0. 1. 0. 0.]
 [0. 0. 1. 0.]
 [0. 0. 0. 1.]]","[[ 0.99987694  0.00400881 -0.0151669   0.06440349]
 [-0.00453701  0.99937863 -0.0349537   0.0218653 ]
 [ 0.01501735  0.03501821  0.99927384 -0.04466881]
 [ 0.          0.          0.          1.        ]]"
sun3d-mit_76_studyroom-76-1studyroom2,10,25,0.0,30,0.6750553457026143,0.6831400837143085,0.018598506867774565,0.017246992714472015,"[[1. 0. 0. 0.]
 [0. 1. 0. 0.]
 [0. 0. 1. 0.]
 [0. 0. 0. 1.]]","[[ 9.99938030e-01 -1.11016234e-02 -8.30994515e-04  1.34846028e-02]
 [ 1.11076200e-02  9.99909445e-01  7.59752604e-03  1.27323189e-02]
 [ 7.46574391e-04 -7.60628559e-03  9.99970793e-01  3.08731692e-03]
 [ 0.00000000e+00  0.00000000e+00  0.00000000e+00  1.00000000e+00]]"
sun3d-mit_76_studyroom-76-1studyroom2,10,27,0.0,30,0.39250051248169443,0.4538257680220271,0.024843253336018615,0.019869583165714515,"[[1. 0. 0. 0.]
 [0. 1. 0. 0.]
 [0. 0. 1. 0.]
 [0. 0. 0. 1.]]","[[ 0.998965   -0.04241078 -0.01643965  0.07858767]
 [ 0.04268116  0.99895313  0.01646078  0.02838227]
 [ 0.01572433 -0.01714541  0.99972935  0.04973911]
 [ 0.          0.          0.          1.        ]]"
sun3d-mit_76_studyroom-76-1studyroom2,10,30,1.0,30,0.4826628559102675,0.5886925305065943,0.022741917403277908,0.02128779324199806,"[[-0.40902258  0.78650503 -0.46272061  1.4677121 ]
 [ 0.15274051 -0.44091533 -0.8844569   2.20735536]
 [-0.89965041 -0.43243903  0.06021315  2.91675526]
 [ 0.          0.          0.          1.        ]]","[[-0.413166    0.80094501 -0.43333699  1.40931373]
 [ 0.31325523 -0.32181014 -0.89348161  2.11775195]
 [-0.85508188 -0.5049013  -0.1179392   3.23692815]
 [ 0.          0.          0.          1.        ]]"
sun3d-mit_76_studyroom-76-1studyroom2,10,31,1.0,30,0.4791300923965978,0.524910963547603,0.024699796851221287,0.02423012549749682,"[[-0.77050043  0.51304517 -0.37830376  1.67238838]
 [ 0.32050308 -0.2011966  -0.92563368  2.32151413]
 [-0.55100532 -0.83444867 -0.00941049  3.12162916]
 [ 0.          0.          0.          1.        ]]","[[-0.75135552  0.49744084 -0.43360984  1.79468241]
 [ 0.37524751 -0.21843724 -0.90081878  2.22731154]
 [-0.54282059 -0.83954618 -0.02253941  3.09480122]
 [ 0.          0.          0.          1.        ]]"
sun3d-mit_76_studyroom-76-1studyroom2,10,35,3.0,30,0.5676705841587018,0.5879089544050129,0.02178041065332723,0.02159568376717894,"[[ 0.98344133  0.00408924 -0.18118064  0.37266042]
 [-0.12855632  0.72040099 -0.6815392   1.65620053]
 [ 0.12773574  0.69354574  0.70899781  1.07970492]
 [ 0.          0.          0.          1.        ]]","[[ 0.98151019 -0.01542044 -0.19078774  0.37795436]
 [-0.13250023  0.66459166 -0.73536495  1.76457497]
 [ 0.13813559  0.74704761  0.65026027  1.21394047]
 [ 0.          0.          0.          1.        ]]"
sun3d-mit_76_studyroom-76-1studyroom2,10,50,1.0,30,0.5395967702630253,0.6465387552190794,0.019221581129252797,0.020290964842763954,"[[1. 0. 0. 0.]
 [0. 1. 0. 0.]
 [0. 0. 1. 0.]
 [0. 0. 0. 1.]]","[[ 0.99817494 -0.05857828 -0.01467557  0.02579093]
 [ 0.05889122  0.99802446  0.02188615 -0.1821377 ]
 [ 0.01336453 -0.02271047  0.99965275 -0.02190617]
 [ 0.          0.          0.          1.        ]]"
sun3d-mit_76_studyroom-76-1studyroom2,10,52,0.0,30,0.7091485120547479,0.895712226798101,0.025182982040861283,0.013855073823956671,"[[1. 0. 0. 0.]
 [0. 1. 0. 0.]
 [0. 0. 1. 0.]
 [0. 0. 0. 1.]]","[[ 0.99924171 -0.0352693  -0.0164948   0.052996  ]
 [ 0.03501248  0.99926499 -0.01560767 -0.06322797]
 [ 0.01703315  0.01501831  0.99974213 -0.04928186]
 [ 0.          0.          0.          1.        ]]"
sun3d-mit_76_studyroom-76-1studyroom2,10,54,0.0,30,0.5652140110952948,0.638991983029419,0.02350775266661038,0.020682109745676518,"[[1. 0. 0. 0.]
 [0. 1. 0. 0.]
 [0. 0. 1. 0.]
 [0. 0. 0. 1.]]","[[ 0.99966666  0.01216736 -0.02277109  0.12691409]
 [-0.01176354  0.99977264  0.01778445 -0.01848536]
 [ 0.0229823  -0.01751066  0.99958251  0.05063347]
 [ 0.          0.          0.          1.        ]]"
sun3d-mit_76_studyroom-76-1studyroom2,10,55,3.0,30,0.5884871877727258,0.6655004923375986,0.021785773372791518,0.019281693770100996,"[[ 0.97782638  0.01981161  0.20847799 -0.85404826]
 [-0.03409094  0.99729465  0.06512442 -0.54845555]
 [-0.20662376 -0.07078759  0.97585641  0.29575047]
 [ 0.          0.          0.          1.        ]]","[[ 0.98810236 -0.03220422  0.15038823 -0.70320908]
 [ 0.03615276  0.99906769 -0.02359513 -0.41341489]
 [-0.14948816  0.02875135  0.98834541  0.19212295]
 [ 0.          0.          0.          1.        ]]"
sun3d-mit_76_studyroom-76-1studyroom2,11,19,0.0,30,0.5130507024158384,0.5197786408384046,0.02101835846855465,0.020508464778304095,"[[1. 0. 0. 0.]
 [0. 1. 0. 0.]
 [0. 0. 1. 0.]
 [0. 0. 0. 1.]]","[[ 0.99982312  0.00858549  0.01673355 -0.02129244]
 [-0.00884813  0.99983784  0.01568459 -0.03834861]
 [-0.01659618 -0.01582987  0.99973696  0.00786475]
 [ 0.          0.          0.          1.        ]]"
sun3d-mit_76_studyroom-76-1studyroom2,11,23,1.0,30,0.5056101589029572,0.5667899623309066,0.023847468464431122,0.01914630878112579,"[[ 0.76207255 -0.06785753  0.64392607 -1.42087327]
 [-0.3161435  -0.90688827  0.27858025  0.45303082]
 [ 0.56506523 -0.41587141 -0.71256737  5.14315434]
 [ 0.          0.          0.          1.        ]]","[[ 0.77092136 -0.12368924  0.62480495 -1.29450936]
 [-0.28314379 -0.94525673  0.16223224  0.89997644]
 [ 0.57053471 -0.30197795 -0.76374045  5.17862209]
 [ 0.          0.          0.          1.        ]]"
sun3d-mit_76_studyroom-76-1studyroom2,11,24,0.0,30,0.47258754817100257,0.507224149729282,0.022553504867858256,0.019025700373378508,"[[1. 0. 0. 0.]
 [0. 1. 0. 0.]
 [0. 0. 1. 0.]
 [0. 0. 0. 1.]]","[[ 0.99936915  0.0347965   0.00710711 -0.0089425 ]
 [-0.03497482  0.99903063  0.02673142 -0.00253429]
 [-0.00617006 -0.02696313  0.99961739  0.00334295]
 [ 0.          0.          0.          1.        ]]"
sun3d-mit_76_studyroom-76-1studyroom2,11,46,0.0,30,0.522588442003957,0.6255010405804371,0.021919934363057152,0.017962789209614385,"[[1. 0. 0. 0.]
 [0. 1. 0. 0.]
 [0. 0. 1. 0.]
 [0. 0. 0. 1.]]","[[ 0.99792714 -0.06132232 -0.0195189   0.14480168]
 [ 0.06205004  0.99730445  0.03916153 -0.12663169]
 [ 0.01706481 -0.0402915   0.99904223  0.05304779]
 [ 0.          0.          0.          1.        ]]"
sun3d-mit_76_studyroom-76-1studyroom2,11,50,1.0,30,0.6299481747437168,0.7464558997936738,0.02505284826753263,0.018724043705942016,"[[1. 0. 0. 0.]
 [0. 1. 0. 0.]
 [0. 0. 1. 0.]
 [0. 0. 0. 1.]]","[[ 0.99538446  0.07729145  0.05688425 -0.22868874]
 [-0.07504609  0.99635296 -0.04060619  0.12108838]
 [-0.0598153   0.03614983  0.99755467  0.01911123]
 [ 0.          0.          0.          1.        ]]"
sun3d-mit_76_studyroom-76-1studyroom2,11,52,3.0,30,0.5689420518269098,0.6202601938132549,0.021519423792225732,0.01933588259056064,"[[1. 0. 0. 0.]
 [0. 1. 0. 0.]
 [0. 0. 1. 0.]
 [0. 0. 0. 1.]]","[[ 0.99942799  0.03331556  0.0058113  -0.03985909]
 [-0.03326787  0.9994135  -0.00811791  0.07919448]
 [-0.00607835  0.00791993  0.99995016 -0.03771162]
 [ 0.          0.          0.          1.        ]]"
sun3d-mit_76_studyroom-76-1studyroom2,11,53,2.0,30,0.45269071612123263,0.6477284739827288,0.02722494267242407,0.021044913154789003,"[[ 0.97759335 -0.10924461  0.1799357  -0.16116271]
 [ 0.10274903  0.99368614  0.04506098  0.09293898]
 [-0.18372228 -0.0255631   0.98264574 -0.11569397]
 [ 0.          0.          0.          1.        ]]","[[ 0.97661842 -0.07708654  0.20068416 -0.29748383]
 [ 0.07474506  0.99701724  0.01923023  0.07553183]
 [-0.20156796 -0.00378045  0.97946724 -0.16364098]
 [ 0.          0.          0.          1.        ]]"
sun3d-mit_76_studyroom-76-1studyroom2,13,22,1.0,30,0.3692412115727255,0.3958716309850392,0.02050853050419684,0.018896488548101144,"[[-0.72910801 -0.27719818  0.62574969 -1.36481078]
 [-0.14254758 -0.83274725 -0.53498805  2.13410482]
 [ 0.66938905 -0.47926317  0.56764876  2.11925247]
 [ 0.          0.          0.          1.        ]]","[[-0.73430382 -0.29299257  0.61233427 -1.36419388]
 [-0.10033661 -0.84530028 -0.52478568  2.14261582]
 [ 0.67136463 -0.44679167  0.59130934  1.99080002]
 [ 0.          0.          0.          1.        ]]"
sun3d-mit_76_studyroom-76-1studyroom2,13,26,0.0,30,0.12426314427378375,0.17316469007899504,0.027526173061809666,0.02404539106707955,"[[1. 0. 0. 0.]
 [0. 1. 0. 0.]
 [0. 0. 1. 0.]
 [0. 0. 0. 1.]]","[[ 0.99209098  0.12035144  0.03565135 -0.1759802 ]
 [-0.12080783  0.99261575  0.01092855  0.0239987 ]
 [-0.03407282 -0.01514908  0.99930453  0.01730443]
 [ 0.          0.          0.          1.        ]]"
sun3d-mit_76_studyroom-76-1studyroom2,13,33,0.0,30,0.18066225590955806,0.2587952852004111,0.02518340929351805,0.017888810220975254,"[[1. 0. 0. 0.]
 [0. 1. 0. 0.]
 [0. 0. 1. 0.]
 [0. 0. 0. 1.]]","[[ 0.99855553  0.02764952  0.04606906 -0.12532603]
 [-0.03855975  0.96588348  0.25609031 -0.63700244]
 [-0.03741657 -0.25749681  0.96555445  0.144413  ]
 [ 0.          0.          0.          1.        ]]"
sun3d-mit_76_studyroom-76-1studyroom2,13,38,1.0,30,0.29564948783434186,0.3235165950498927,0.023625672533580763,0.021111774950915402,"[[ 0.48431542  0.57601949 -0.65851357  1.11665788]
 [ 0.77870076  0.05930646  0.62458616 -1.82240712]
 [ 0.3988279  -0.81528173 -0.41982378  2.9428836 ]
 [ 0.          0.          0.          1.        ]]","[[ 0.40330567  0.55112375 -0.73048419  1.38729931]
 [ 0.87133649  0.01253164  0.49052592 -1.54398484]
 [ 0.27949464 -0.83432942 -0.47516015  3.20384309]
 [ 0.          0.          0.          1.        ]]"
sun3d-mit_76_studyroom-76-1studyroom2,13,46,1.0,30,0.26676405150249843,0.2789386226205614,0.024691115727414586,0.024196854481023905,"[[-0.61638957  0.02743893 -0.78696315  1.6387734 ]
 [ 0.41448399 -0.83843485 -0.35387853  1.62165546]
 [-0.66952739 -0.54431066  0.5054295   2.09083432]
 [ 0.          0.          0.          1.        ]]","[[-0.61300135  0.00217993 -0.79007885  1.68365268]
 [ 0.41317019 -0.85147806 -0.3229172   1.59757526]
 [-0.67343874 -0.52438571  0.52105651  2.03632645]
 [ 0.          0.          0.          1.        ]]"
sun3d-mit_76_studyroom-76-1studyroom2,13,54,2.0,30,0.2625923450980973,0.28414801871058387,0.017925849970997023,0.01552757135765313,"[[-0.63360119 -0.10234796  0.76686011 -1.64289606]
 [-0.19968865 -0.93598997 -0.28990897  1.30510162]
 [ 0.74744496 -0.33681993  0.57260664  1.67687005]
 [ 0.          0.          0.          1.        ]]","[[-0.64842362 -0.13271549  0.74962217 -1.64642556]
 [-0.14532894 -0.94499823 -0.29301511  1.38342198]
 [ 0.74727927 -0.29893971  0.59347177  1.64465262]
 [ 0.          0.          0.          1.        ]]"
sun3d-mit_76_studyroom-76-1studyroom2,13,56,2.0,30,0.6331822902149219,0.6575802349760609,0.015068997794482904,0.014564062723390813,"[[ 0.97657925 -0.10107634  0.18993827 -0.34151314]
 [ 0.06187938  0.97743142  0.20198706  0.07533423]
 [-0.20606775 -0.1855031   0.96079378  0.01043616]
 [ 0.          0.          0.          1.        ]]","[[ 0.97418111 -0.10738648  0.19859334 -0.41662092]
 [ 0.0635768   0.9745228   0.21508905  0.03792891]
 [-0.2166314  -0.19690976  0.95618899  0.01857659]
 [ 0.          0.          0.          1.        ]]"
sun3d-mit_76_studyroom-76-1studyroom2,13,58,0.0,30,0.1890122552538744,0.26159687248392893,0.02490149788453318,0.016443026419791257,"[[1. 0. 0. 0.]
 [0. 1. 0. 0.]
 [0. 0. 1. 0.]
 [0. 0. 0. 1.]]","[[ 0.99964219 -0.02445745  0.01083188  0.00179812]
 [ 0.02130672  0.97287728  0.23033849 -0.59935508]
 [-0.01617158 -0.23002528  0.97305028  0.06946237]
 [ 0.          0.          0.          1.        ]]"
sun3d-mit_76_studyroom-76-1studyroom2,14,30,2.0,30,0.4109569518057439,0.4488013065450511,0.024183790450492505,0.02315960024978038,"[[-0.93019931  0.02363985  0.36629278 -0.36475027]
 [ 0.36049465  0.24666373  0.89955579 -0.94826265]
 [-0.06908578  0.96881276 -0.23796847  3.31930918]
 [ 0.          0.          0.          1.        ]]","[[-0.94752487  0.06064945  0.3138762  -0.24543331]
 [ 0.31818274  0.27390013  0.90760039 -0.8750933 ]
 [-0.03092527  0.95984393 -0.27882479  3.38827433]
 [ 0.          0.          0.          1.        ]]"
sun3d-mit_76_studyroom-76-1studyroom2,14,33,3.0,30,0.23837840441932168,0.2937243062692703,0.022198108299288217,0.017061772763782283,"[[ 0.53033275  0.33106102 -0.78047791  1.02697343]
 [-0.13200354  0.94162081  0.30971812  0.24296604]
 [ 0.83744984 -0.06122782  0.54307359  1.02979614]
 [ 0.          0.          0.          1.        ]]","[[ 0.52461286  0.45265863 -0.7210281   0.8635952 ]
 [-0.12300826  0.87834804  0.46192389 -0.08367392]
 [ 0.84240745 -0.1536388   0.51647343  1.10554374]
 [ 0.          0.          0.          1.        ]]"
sun3d-mit_76_studyroom-76-1studyroom2,14,44,2.0,30,0.3711365084268036,0.37604007799378364,0.023346636372955105,0.0233914164221971,"[[ 5.38657891e-01 -9.36838040e-02 -8.37299840e-01  1.77238055e+00]
 [-8.41020341e-01 -4.29557992e-04 -5.41003329e-01  2.66293964e+00]
 [ 5.03235809e-02  9.95601909e-01 -7.90213696e-02  2.76275995e+00]
 [ 0.00000000e+00  0.00000000e+00  0.00000000e+00  1.00000000e+00]]","[[ 0.54559303 -0.06069193 -0.83584971  1.77455328]
 [-0.83758795 -0.00636577 -0.54626542  2.68116337]
 [ 0.02783308  0.99813625 -0.05430795  2.70511272]
 [ 0.          0.          0.          1.        ]]"
sun3d-mit_76_studyroom-76-1studyroom2,14,46,3.0,30,0.2778914423075513,0.28681447455454506,0.025191057113927467,0.02423854248458558,"[[-0.06896984  0.15916487  0.98483994 -2.52209699]
 [-0.10531379  0.98051304 -0.16584086  0.63386083]
 [-0.99204444 -0.11515525 -0.05086357  2.22333103]
 [ 0.          0.          0.          1.        ]]","[[-0.06948177  0.16072456  0.98455061 -2.52787035]
 [-0.14927803  0.97414837 -0.16956129  0.63002768]
 [-0.98635103 -0.1587532  -0.04369291  2.28142183]
 [ 0.          0.          0.          1.        ]]"
sun3d-mit_76_studyroom-76-1studyroom2,14,57,3.0,30,0.4560772828570171,0.5202469402534219,0.024686421693811654,0.013432706929299414,"[[ 0.68638151 -0.36735387  0.62763967 -2.73069673]
 [ 0.13671389  0.91283291  0.38476666 -0.00422027]
 [-0.71427567 -0.17828966  0.67677401  1.16212044]
 [ 0.          0.          0.          1.        ]]","[[ 7.16912828e-01 -3.30149532e-01  6.14033617e-01 -2.68204191e+00]
 [ 1.26833321e-01  9.27827402e-01  3.50784293e-01  1.06472460e-03]
 [-6.85528486e-01 -1.73601837e-01  7.07045328e-01  1.01847881e+00]
 [ 0.00000000e+00  0.00000000e+00  0.00000000e+00  1.00000000e+00]]"
sun3d-mit_76_studyroom-76-1studyroom2,15,24,0.0,30,0.4831536549935772,0.5961679292171387,0.02742620292097793,0.014761053288999128,"[[1. 0. 0. 0.]
 [0. 1. 0. 0.]
 [0. 0. 1. 0.]
 [0. 0. 0. 1.]]","[[ 0.99941188  0.03416408 -0.00295181 -0.0181145 ]
 [-0.03423446  0.99900689 -0.02851745 -0.04382304]
 [ 0.0019746   0.02860174  0.99958894 -0.02850865]
 [ 0.          0.          0.          1.        ]]"
sun3d-mit_76_studyroom-76-1studyroom2,15,52,0.0,30,0.3281568481432382,0.5933099439231937,0.029685288694420317,0.017112458333319987,"[[1. 0. 0. 0.]
 [0. 1. 0. 0.]
 [0. 0. 1. 0.]
 [0. 0. 0. 1.]]","[[ 0.99954997 -0.00284371 -0.0298626   0.04619672]
 [ 0.00245736  0.99991292 -0.01296617 -0.11486717]
 [ 0.02989687  0.01288695  0.99946991 -0.02547019]
 [ 0.          0.          0.          1.        ]]"
sun3d-mit_76_studyroom-76-1studyroom2,16,51,0.0,30,0.2996853814749616,0.3196468032510581,0.022362441322494576,0.021206896799749176,"[[1. 0. 0. 0.]
 [0. 1. 0. 0.]
 [0. 0. 1. 0.]
 [0. 0. 0. 1.]]","[[ 0.9996319  -0.02686105 -0.0038142  -0.03811438]
 [ 0.02695338  0.99928091  0.02666805 -0.08328548]
 [ 0.00309512 -0.02676104  0.99963707  0.02065668]
 [ 0.          0.          0.          1.        ]]"
sun3d-mit_76_studyroom-76-1studyroom2,16,52,0.0,30,0.2124579102963693,0.21860003787672092,0.022178099549106774,0.02192913782726556,"[[1. 0. 0. 0.]
 [0. 1. 0. 0.]
 [0. 0. 1. 0.]
 [0. 0. 0. 1.]]","[[ 0.99996139 -0.0033695  -0.00811585  0.00805817]
 [ 0.00380804  0.99849884  0.05464035 -0.18073572]
 [ 0.00791956 -0.05466915  0.99847312  0.0144909 ]
 [ 0.          0.          0.          1.        ]]"
sun3d-mit_76_studyroom-76-1studyroom2,18,20,0.0,30,0.5148739198152344,0.534415499347401,0.01982432421586851,0.016851316785123853,"[[1. 0. 0. 0.]
 [0. 1. 0. 0.]
 [0. 0. 1. 0.]
 [0. 0. 0. 1.]]","[[ 0.9998769  -0.00331003 -0.01533741  0.01542129]
 [ 0.00322011  0.99997751 -0.00588384  0.07156661]
 [ 0.01535654  0.00583372  0.99986506  0.01714531]
 [ 0.          0.          0.          1.        ]]"
sun3d-mit_76_studyroom-76-1studyroom2,18,22,0.0,30,0.5087954976102266,0.5245623462201985,0.014944263787930784,0.0147664877809214,"[[1. 0. 0. 0.]
 [0. 1. 0. 0.]
 [0. 0. 1. 0.]
 [0. 0. 0. 1.]]","[[ 0.99913017 -0.04008754 -0.01148454  0.07152904]
 [ 0.04025839  0.99907591  0.01505293 -0.02408382]
 [ 0.01087049 -0.01550219  0.99982074 -0.00544726]
 [ 0.          0.          0.          1.        ]]"
sun3d-mit_76_studyroom-76-1studyroom2,18,24,1.0,30,0.73093268665138,0.734522251701742,0.01513174700022116,0.014555711230754833,"[[1. 0. 0. 0.]
 [0. 1. 0. 0.]
 [0. 0. 1. 0.]
 [0. 0. 0. 1.]]","[[ 0.9996219   0.0273098   0.00319922 -0.02961269]
 [-0.02729146  0.99961159 -0.00564267  0.01626444]
 [-0.00335208  0.00555322  0.99997896 -0.01659569]
 [ 0.          0.          0.          1.        ]]"
sun3d-mit_76_studyroom-76-1studyroom2,18,25,0.0,30,0.41490467113534557,0.496372985982818,0.02713429776849234,0.017500599891480784,"[[1. 0. 0. 0.]
 [0. 1. 0. 0.]
 [0. 0. 1. 0.]
 [0. 0. 0. 1.]]","[[ 0.99988122 -0.00966904 -0.01200243  0.02239629]
 [ 0.01011101  0.99925202  0.03732521  0.00475697]
 [ 0.01163255 -0.03744214  0.99923109  0.03466062]
 [ 0.          0.          0.          1.        ]]"
sun3d-mit_76_studyroom-76-1studyroom2,18,26,0.0,30,0.27235214617574444,0.28060698426261027,0.02297503836521218,0.022670181104451098,"[[1. 0. 0. 0.]
 [0. 1. 0. 0.]
 [0. 0. 1. 0.]
 [0. 0. 0. 1.]]","[[ 0.99975157 -0.012684   -0.01832806  0.04638091]
 [ 0.01341872  0.99908796  0.04053612 -0.10629389]
 [ 0.01779718 -0.04077199  0.99900996  0.0263871 ]
 [ 0.          0.          0.          1.        ]]"
sun3d-mit_76_studyroom-76-1studyroom2,18,44,0.0,30,0.39872970520666423,0.42018764841020095,0.024458728506448667,0.020696505657752006,"[[1. 0. 0. 0.]
 [0. 1. 0. 0.]
 [0. 0. 1. 0.]
 [0. 0. 0. 1.]]","[[ 0.99629468 -0.07570228 -0.04081756  0.105045  ]
 [ 0.07756698  0.99591528  0.04621823 -0.14079952]
 [ 0.03715201 -0.04921307  0.99809709  0.02614858]
 [ 0.          0.          0.          1.        ]]"
sun3d-mit_76_studyroom-76-1studyroom2,18,51,0.0,30,0.5862860032210945,0.6351960747593542,0.02209696900115331,0.014857805193929968,"[[1. 0. 0. 0.]
 [0. 1. 0. 0.]
 [0. 0. 1. 0.]
 [0. 0. 0. 1.]]","[[ 0.99961431  0.02269979  0.01599818 -0.059631  ]
 [-0.02249328  0.99966283 -0.01297207 -0.05069231]
 [-0.01628724  0.01260721  0.99978787 -0.03817413]
 [ 0.          0.          0.          1.        ]]"
sun3d-mit_76_studyroom-76-1studyroom2,18,53,0.0,30,0.45134146599293856,0.4642419885871122,0.02371131231928582,0.016139191497634507,"[[1. 0. 0. 0.]
 [0. 1. 0. 0.]
 [0. 0. 1. 0.]
 [0. 0. 0. 1.]]","[[ 9.99905482e-01  8.56652883e-03  1.07536973e-02 -3.48161004e-02]
 [-8.56699002e-03  9.99963303e-01 -3.17838542e-06 -7.21422480e-02]
 [-1.07533299e-02 -8.89487322e-05  9.99942177e-01 -1.53258535e-02]
 [ 0.00000000e+00  0.00000000e+00  0.00000000e+00  1.00000000e+00]]"
sun3d-mit_76_studyroom-76-1studyroom2,19,22,0.0,30,0.5249406091801239,0.5406756412794479,0.02138080816991326,0.018767693297246403,"[[1. 0. 0. 0.]
 [0. 1. 0. 0.]
 [0. 0. 1. 0.]
 [0. 0. 0. 1.]]","[[ 0.99954697  0.02374006 -0.01850045  0.05065528]
 [-0.02389185  0.99968232 -0.00802716  0.06863562]
 [ 0.018304    0.00846554  0.99979663  0.03306583]
 [ 0.          0.          0.          1.        ]]"
sun3d-mit_76_studyroom-76-1studyroom2,19,24,0.0,30,0.6825500918400422,0.709785466463378,0.019731045388351128,0.01625830003546388,"[[1. 0. 0. 0.]
 [0. 1. 0. 0.]
 [0. 0. 1. 0.]
 [0. 0. 0. 1.]]","[[ 0.99964077  0.02319444  0.01342928 -0.03351216]
 [-0.02321775  0.99972918  0.00158256  0.05432863]
 [-0.01338894 -0.00189379  0.99990857  0.01135292]
 [ 0.          0.          0.          1.        ]]"
sun3d-mit_76_studyroom-76-1studyroom2,19,26,0.0,30,0.24710803383271784,0.2811841451241204,0.02425755980319064,0.025339291116839475,"[[1. 0. 0. 0.]
 [0. 1. 0. 0.]
 [0. 0. 1. 0.]
 [0. 0. 0. 1.]]","[[ 0.99972036 -0.023049   -0.00528664  0.03325244]
 [ 0.02334162  0.99765507  0.06433923 -0.20812159]
 [ 0.00379129 -0.06444464  0.99791408  0.03567262]
 [ 0.          0.          0.          1.        ]]"
sun3d-mit_76_studyroom-76-1studyroom2,19,46,0.0,30,0.5552108953685004,0.5674338655766605,0.018723884101201873,0.017819510974582158,"[[1. 0. 0. 0.]
 [0. 1. 0. 0.]
 [0. 0. 1. 0.]
 [0. 0. 0. 1.]]","[[ 0.99797827 -0.05736482 -0.02736148  0.09218881]
 [ 0.05680878  0.99817078 -0.02068456  0.04755777]
 [ 0.02849799  0.01908837  0.99941158 -0.00760318]
 [ 0.          0.          0.          1.        ]]"
sun3d-mit_76_studyroom-76-1studyroom2,19,51,1.0,30,0.5866680400014982,0.6174875463500505,0.018163098448660778,0.01846205077125351,"[[1. 0. 0. 0.]
 [0. 1. 0. 0.]
 [0. 0. 1. 0.]
 [0. 0. 0. 1.]]","[[ 0.99942178  0.03211306  0.01117397 -0.0391452 ]
 [-0.03248655  0.9988583   0.03502465 -0.13345434]
 [-0.01003647 -0.0353674   0.99932398  0.04117351]
 [ 0.          0.          0.          1.        ]]"
sun3d-mit_76_studyroom-76-1studyroom2,19,52,0.0,30,0.6427888180216154,0.6694838815293207,0.017886211480540516,0.017557002637520806,"[[1. 0. 0. 0.]
 [0. 1. 0. 0.]
 [0. 0. 1. 0.]
 [0. 0. 0. 1.]]","[[ 0.99995596 -0.00782411  0.00518227 -0.01430888]
 [ 0.00756159  0.99877632  0.04887415 -0.12334722]
 [-0.00555832 -0.04883282  0.9987915   0.04817525]
 [ 0.          0.          0.          1.        ]]"
sun3d-mit_76_studyroom-76-1studyroom2,19,53,0.0,30,0.5211911072500092,0.5392176271264624,0.019238424450087877,0.019612037333695695,"[[1. 0. 0. 0.]
 [0. 1. 0. 0.]
 [0. 0. 1. 0.]
 [0. 0. 0. 1.]]","[[ 0.99948235  0.01077434  0.03031406 -0.09492709]
 [-0.01199953  0.99910629  0.04052947 -0.11810787]
 [-0.02985029 -0.04087224  0.99871839  0.04066047]
 [ 0.          0.          0.          1.        ]]"
sun3d-mit_76_studyroom-76-1studyroom2,20,22,0.0,30,0.4786829378658899,0.5060451370231058,0.02395731609191494,0.01998052794489223,"[[1. 0. 0. 0.]
 [0. 1. 0. 0.]
 [0. 0. 1. 0.]
 [0. 0. 0. 1.]]","[[ 0.99943006 -0.03054143 -0.01437943  0.08339335]
 [ 0.03052255  0.99953291 -0.00153032 -0.04314434]
 [ 0.01441945  0.00109055  0.99989544 -0.02557952]
 [ 0.          0.          0.          1.        ]]"
sun3d-mit_76_studyroom-76-1studyroom2,20,25,0.0,30,0.49862737063510154,0.5998984687805485,0.02277716963392769,0.021078430209118884,"[[1. 0. 0. 0.]
 [0. 1. 0. 0.]
 [0. 0. 1. 0.]
 [0. 0. 0. 1.]]","[[ 9.99564628e-01  2.32443361e-03 -2.94134415e-02  4.07555012e-02]
 [-5.17457927e-04  9.98119699e-01  6.12927370e-02 -1.36756365e-01]
 [ 2.95006063e-02 -6.12508317e-02  9.97686348e-01  5.51630276e-02]
 [ 0.00000000e+00  0.00000000e+00  0.00000000e+00  1.00000000e+00]]"
sun3d-mit_76_studyroom-76-1studyroom2,20,27,0.0,30,0.2931410039921955,0.39388384436483975,0.027186986788992097,0.021641608173077625,"[[1. 0. 0. 0.]
 [0. 1. 0. 0.]
 [0. 0. 1. 0.]
 [0. 0. 0. 1.]]","[[ 0.99846751 -0.04186986 -0.03618765  0.13816489]
 [ 0.04322418  0.99836175  0.03748982 -0.01398885]
 [ 0.03455867 -0.03899655  0.99864156  0.05621135]
 [ 0.          0.          0.          1.        ]]"
sun3d-mit_76_studyroom-76-1studyroom2,20,36,1.0,30,0.5077332661761796,0.5491644330916875,0.023033162333983875,0.019094829374281665,"[[ 0.10008143  0.39935321 -0.91131812  2.00639944]
 [-0.18320017  0.9076534   0.37762813 -0.49670139]
 [ 0.977968    0.12916007  0.16400083  1.82708192]
 [ 0.          0.          0.          1.        ]]","[[ 0.07541582  0.44848063 -0.89060517  1.9840382 ]
 [-0.21545343  0.87937975  0.42458342 -0.62492182]
 [ 0.97359759  0.15986363  0.16294583  1.77470048]
 [ 0.          0.          0.          1.        ]]"
sun3d-mit_76_studyroom-76-1studyroom2,21,27,2.0,30,0.3278703030499666,0.33059124902481,0.022768765956124398,0.02198446162357469,"[[1. 0. 0. 0.]
 [0. 1. 0. 0.]
 [0. 0. 1. 0.]
 [0. 0. 0. 1.]]","[[ 0.99995373 -0.00350407 -0.00895931  0.02036146]
 [ 0.00358219  0.99995558  0.00871849 -0.05321763]
 [ 0.00892836 -0.00875018  0.99992186  0.02552555]
 [ 0.          0.          0.          1.        ]]"
sun3d-mit_76_studyroom-76-1studyroom2,21,54,0.0,30,0.4523433580944377,0.48072391522854196,0.02185300340413442,0.019541555972302185,"[[1. 0. 0. 0.]
 [0. 1. 0. 0.]
 [0. 0. 1. 0.]
 [0. 0. 0. 1.]]","[[ 0.99960649 -0.02646091 -0.00931039 -0.00728096]
 [ 0.02573272  0.99713339 -0.07115357  0.15935472]
 [ 0.01116648  0.07088599  0.99742192 -0.01435429]
 [ 0.          0.          0.          1.        ]]"
sun3d-mit_76_studyroom-76-1studyroom2,21,56,0.0,30,0.5101047599549091,0.5335160321951243,0.023386623204928472,0.017705752798584034,"[[1. 0. 0. 0.]
 [0. 1. 0. 0.]
 [0. 0. 1. 0.]
 [0. 0. 0. 1.]]","[[ 0.99998185 -0.00581655 -0.00157261  0.01131717]
 [ 0.00583898  0.9998756   0.01465203  0.03150652]
 [ 0.00148719 -0.01466094  0.99989142  0.03905655]
 [ 0.          0.          0.          1.        ]]"
sun3d-mit_76_studyroom-76-1studyroom2,21,57,0.0,30,0.5687367717723124,0.5971497045279048,0.02255440154713624,0.016253383521387804,"[[1. 0. 0. 0.]
 [0. 1. 0. 0.]
 [0. 0. 1. 0.]
 [0. 0. 0. 1.]]","[[ 0.99996386 -0.00481268 -0.00700789  0.0254403 ]
 [ 0.00484066  0.99998036  0.00398164  0.05681049]
 [ 0.00698859 -0.00401542  0.99996752  0.03487879]
 [ 0.          0.          0.          1.        ]]"
sun3d-mit_76_studyroom-76-1studyroom2,22,24,0.0,30,0.6661509418106294,0.6939805755309315,0.01698386355705959,0.015696703094597256,"[[1. 0. 0. 0.]
 [0. 1. 0. 0.]
 [0. 0. 1. 0.]
 [0. 0. 0. 1.]]","[[ 0.9983269   0.05704133  0.00946999 -0.06300888]
 [-0.05718057  0.99824892  0.01514866 -0.06919763]
 [-0.00858931 -0.01566481  0.99984041  0.03285157]
 [ 0.          0.          0.          1.        ]]"
sun3d-mit_76_studyroom-76-1studyroom2,22,25,0.0,30,0.28566913408973627,0.38427468809917054,0.02904267056426047,0.01942075678397506,"[[1. 0. 0. 0.]
 [0. 1. 0. 0.]
 [0. 0. 1. 0.]
 [0. 0. 0. 1.]]","[[ 0.99874187  0.04879514  0.01156335 -0.02263925]
 [-0.04922496  0.99797127  0.0403764  -0.01300638]
 [-0.00956972 -0.04089481  0.99911763  0.06707646]
 [ 0.          0.          0.          1.        ]]"
sun3d-mit_76_studyroom-76-1studyroom2,22,27,1.0,30,0.21113065997318872,0.23387304906698836,0.026615891690860156,0.026389518140759866,"[[-0.22417246 -0.48593583  0.84475622 -2.59469352]
 [ 0.70723476  0.51525809  0.48407447 -0.99433629]
 [-0.67049661  0.70595713  0.22816404  2.29911659]
 [ 0.          0.          0.          1.        ]]","[[-0.27202977 -0.45530701  0.84775901 -2.62454834]
 [ 0.69730465  0.513849    0.49972536 -1.05528978]
 [-0.66314857  0.72708647  0.17770547  2.43133928]
 [ 0.          0.          0.          1.        ]]"
sun3d-mit_76_studyroom-76-1studyroom2,22,51,0.0,30,0.6495411813176524,0.6725176972920334,0.01990213003737831,0.01497893214111901,"[[1. 0. 0. 0.]
 [0. 1. 0. 0.]
 [0. 0. 1. 0.]
 [0. 0. 0. 1.]]","[[ 0.99984233  0.01678245 -0.00580254  0.00289779]
 [-0.01693496  0.99948336 -0.02731698  0.00988148]
 [ 0.0053411   0.02741094  0.99960998 -0.01554083]
 [ 0.          0.          0.          1.        ]]"
sun3d-mit_76_studyroom-76-1studyroom2,22,53,0.0,30,0.3737019233541359,0.39908973666558395,0.023935616832062342,0.01900844780480017,"[[1. 0. 0. 0.]
 [0. 1. 0. 0.]
 [0. 0. 1. 0.]
 [0. 0. 0. 1.]]","[[ 0.99970176 -0.00843073  0.02291952 -0.10220031]
 [ 0.00910343  0.99952608 -0.02940664  0.01426566]
 [-0.02266074  0.02960651  0.99930473 -0.00562328]
 [ 0.          0.          0.          1.        ]]"
sun3d-mit_76_studyroom-76-1studyroom2,24,26,0.0,30,0.275529611843916,0.2868119770121553,0.024261109758663763,0.02427499731701439,"[[1. 0. 0. 0.]
 [0. 1. 0. 0.]
 [0. 0. 1. 0.]
 [0. 0. 0. 1.]]","[[ 0.99944094 -0.02080515 -0.02617149  0.06774135]
 [ 0.02141806  0.99949765  0.02336073 -0.06521638]
 [ 0.02567232 -0.02390822  0.99938448  0.00868537]
 [ 0.          0.          0.          1.        ]]"
sun3d-mit_76_studyroom-76-1studyroom2,24,46,0.0,30,0.5550847644064292,0.5873478911929789,0.018884524544935548,0.016539099111156388,"[[1. 0. 0. 0.]
 [0. 1. 0. 0.]
 [0. 0. 1. 0.]
 [0. 0. 0. 1.]]","[[ 0.99636865 -0.08200908 -0.02289171  0.09947654]
 [ 0.08245069  0.99641281  0.01906301 -0.10683949]
 [ 0.02124626 -0.02088122  0.99955619  0.04070277]
 [ 0.          0.          0.          1.        ]]"
sun3d-mit_76_studyroom-76-1studyroom2,24,47,4.0,30,0.5435024761011408,0.635163050225539,0.021026005815740698,0.014498425068529303,"[[ 0.92136663  0.05040242 -0.38541293  0.81475983]
 [-0.01381246  0.99517641  0.0971243   0.64091074]
 [ 0.38844916 -0.08416358  0.91761852 -0.03659327]
 [ 0.          0.          0.          1.        ]]","[[ 0.92285807  0.10361254 -0.37094128  0.80322473]
 [ 0.00736404  0.95820992  0.2859712   0.10313135]
 [ 0.38506981 -0.26664246  0.88352874  0.02604513]
 [ 0.          0.          0.          1.        ]]"
sun3d-mit_76_studyroom-76-1studyroom2,24,50,1.0,30,0.5087095673647101,0.5652299644209056,0.026723561719058538,0.021533417045629014,"[[1. 0. 0. 0.]
 [0. 1. 0. 0.]
 [0. 0. 1. 0.]
 [0. 0. 0. 1.]]","[[ 0.999148   -0.04026071  0.00907414  0.01357622]
 [ 0.0396432   0.99739728  0.0602252  -0.27952341]
 [-0.01147523 -0.05981416  0.99814357  0.00806084]
 [ 0.          0.          0.          1.        ]]"
sun3d-mit_76_studyroom-76-1studyroom2,24,51,0.0,30,0.7448499943818121,0.7712498595453013,0.020624314736641624,0.01578815092339386,"[[1. 0. 0. 0.]
 [0. 1. 0. 0.]
 [0. 0. 1. 0.]
 [0. 0. 0. 1.]]","[[ 9.99997558e-01  2.20271357e-03  1.80946558e-04  7.64990289e-03]
 [-2.20877455e-03  9.98898082e-01  4.68801016e-02 -2.13946907e-01]
 [-7.74837342e-05 -4.68803867e-02  9.98900507e-01  2.54417947e-02]
 [ 0.00000000e+00  0.00000000e+00  0.00000000e+00  1.00000000e+00]]"
sun3d-mit_76_studyroom-76-1studyroom2,24,52,0.0,30,0.7160289147035505,0.7213573347628051,0.016191417545460874,0.014964801985762366,"[[1. 0. 0. 0.]
 [0. 1. 0. 0.]
 [0. 0. 1. 0.]
 [0. 0. 0. 1.]]","[[ 9.99632205e-01 -2.70125510e-02 -2.40362164e-03  1.66741994e-02]
 [ 2.70647477e-02  9.99313825e-01  2.52859199e-02 -8.94183411e-02]
 [ 1.71893513e-03 -2.53416733e-02  9.99677370e-01 -1.13648558e-04]
 [ 0.00000000e+00  0.00000000e+00  0.00000000e+00  1.00000000e+00]]"
sun3d-mit_76_studyroom-76-1studyroom2,25,27,0.0,30,0.49099138293369593,0.5983839498107136,0.023690497032845127,0.020487540538182032,"[[1. 0. 0. 0.]
 [0. 1. 0. 0.]
 [0. 0. 1. 0.]
 [0. 0. 0. 1.]]","[[ 0.99969689  0.00214465 -0.02452605  0.00248568]
 [-0.00183     0.99991583  0.01284427 -0.01491685]
 [ 0.02455153 -0.01279549  0.99961668  0.07783021]
 [ 0.          0.          0.          1.        ]]"
sun3d-mit_76_studyroom-76-1studyroom2,25,48,2.0,30,0.5284133451643113,0.6460987946259943,0.021656487049317587,0.01680935728344937,"[[ 0.83864566 -0.2659203   0.47535235 -1.6735698 ]
 [ 0.03223863  0.89542686  0.44403987 -0.08173681]
 [-0.54372247 -0.3570674   0.75951876  0.806151  ]
 [ 0.          0.          0.          1.        ]]","[[ 0.83529972 -0.34676764  0.42664573 -1.60705864]
 [ 0.15569881  0.89343976  0.42133512 -0.14994416]
 [-0.52728765 -0.28551287  0.80028129  0.71279713]
 [ 0.          0.          0.          1.        ]]"
sun3d-mit_76_studyroom-76-1studyroom2,25,50,0.0,30,0.5279482722206879,0.5380403879583449,0.022254201535126784,0.021127182230650268,"[[1. 0. 0. 0.]
 [0. 1. 0. 0.]
 [0. 0. 1. 0.]
 [0. 0. 0. 1.]]","[[ 0.99826552  0.00808576 -0.0583144   0.20029738]
 [-0.00943949  0.99969144 -0.0229764   0.10368559]
 [ 0.05811063  0.02348701  0.99803382 -0.0164665 ]
 [ 0.          0.          0.          1.        ]]"
sun3d-mit_76_studyroom-76-1studyroom2,25,52,0.0,30,0.5170172403277942,0.7908434632162472,0.027503266418471922,0.01715468114973293,"[[1. 0. 0. 0.]
 [0. 1. 0. 0.]
 [0. 0. 1. 0.]
 [0. 0. 0. 1.]]","[[ 9.99991527e-01 -3.99462633e-03 -9.94069998e-04 -1.32792449e-03]
 [ 4.00898874e-03  9.99881074e-01  1.48918136e-02 -1.87794598e-01]
 [ 9.34464547e-04 -1.48956726e-02  9.99888617e-01 -2.54817114e-02]
 [ 0.00000000e+00  0.00000000e+00  0.00000000e+00  1.00000000e+00]]"
sun3d-mit_76_studyroom-76-1studyroom2,25,53,3.0,30,0.5128495893628349,0.7498121236466656,0.024618154442846152,0.022488768140014586,"[[1. 0. 0. 0.]
 [0. 1. 0. 0.]
 [0. 0. 1. 0.]
 [0. 0. 0. 1.]]","[[ 0.99982698  0.01770762  0.00569682 -0.01709369]
 [-0.01812171  0.99634238  0.08350722 -0.34687747]
 [-0.00419727 -0.08359601  0.99649089 -0.01125774]
 [ 0.          0.          0.          1.        ]]"
sun3d-mit_76_studyroom-76-1studyroom2,25,54,0.0,30,0.5490653037878381,0.5570045295606123,0.021564058421341632,0.021138161293180007,"[[1. 0. 0. 0.]
 [0. 1. 0. 0.]
 [0. 0. 1. 0.]
 [0. 0. 0. 1.]]","[[ 9.99955274e-01 -9.15365469e-03 -2.37915892e-03  2.75047080e-02]
 [ 9.15140232e-03  9.99957668e-01 -9.55875104e-04  6.85044949e-03]
 [ 2.38780795e-03  9.34059712e-04  9.99996713e-01  2.13488270e-02]
 [ 0.00000000e+00  0.00000000e+00  0.00000000e+00  1.00000000e+00]]"
sun3d-mit_76_studyroom-76-1studyroom2,26,41,1.0,30,0.5030217705546293,0.5134918028328707,0.0249125746158233,0.024462179167446942,"[[ 0.35506403 -0.83856792  0.41319895 -0.90757546]
 [ 0.41939324  0.53790928  0.73127486 -0.64928753]
 [-0.83548719 -0.08635656  0.54268195  1.30693955]
 [ 0.          0.          0.          1.        ]]","[[ 0.37723198 -0.84887408  0.37028209 -0.80974183]
 [ 0.43915791  0.51597182  0.73546816 -0.69177752]
 [-0.81537498 -0.1148298   0.56743084  1.24560375]
 [ 0.          0.          0.          1.        ]]"
sun3d-mit_76_studyroom-76-1studyroom2,26,46,1.0,30,0.6595710667306122,0.6747317150437572,0.022394464216623264,0.02061129644209383,"[[-0.05851349 -0.21473015  0.97491904 -2.23158792]
 [ 0.98606198 -0.16479699  0.02288502 -0.14667719]
 [ 0.15574962  0.96266968  0.22138009  2.09395198]
 [ 0.          0.          0.          1.        ]]","[[-0.03938648 -0.17009685  0.98463992 -2.28897107]
 [ 0.98669807 -0.16215944  0.01145572 -0.13312413]
 [ 0.15772007  0.97199351  0.17422113  2.17387513]
 [ 0.          0.          0.          1.        ]]"
sun3d-mit_76_studyroom-76-1studyroom2,26,50,0.0,30,0.5624973599987003,0.6531801861810147,0.02364247285322316,0.020660930337573956,"[[1. 0. 0. 0.]
 [0. 1. 0. 0.]
 [0. 0. 1. 0.]
 [0. 0. 0. 1.]]","[[ 0.99786134  0.02644709 -0.05977703  0.19395171]
 [-0.03141237  0.9959948  -0.08371159  0.32979856]
 [ 0.05732368  0.0854103   0.99469547 -0.05600755]
 [ 0.          0.          0.          1.        ]]"
sun3d-mit_76_studyroom-76-1studyroom2,26,51,0.0,30,0.6102325929810105,0.6367017491291809,0.0211723920276879,0.020819859659814047,"[[1. 0. 0. 0.]
 [0. 1. 0. 0.]
 [0. 0. 1. 0.]
 [0. 0. 0. 1.]]","[[ 9.99724736e-01 -9.15198696e-04  2.34438745e-02 -7.96295281e-02]
 [ 1.23233324e-03  9.99907888e-01 -1.35165210e-02  5.32021224e-02]
 [-2.34293448e-02  1.35416910e-02  9.99633777e-01 -3.89129067e-02]
 [ 0.00000000e+00  0.00000000e+00  0.00000000e+00  1.00000000e+00]]"
sun3d-mit_76_studyroom-76-1studyroom2,26,52,0.0,30,0.5897598038114253,0.6213852608197421,0.02369190873814021,0.022752413740124308,"[[1. 0. 0. 0.]
 [0. 1. 0. 0.]
 [0. 0. 1. 0.]
 [0. 0. 0. 1.]]","[[ 0.99933557  0.01738135  0.03203597 -0.09885283]
 [-0.01675931  0.99966774 -0.01958426  0.06574959]
 [-0.03236573  0.01903435  0.99929483 -0.02492517]
 [ 0.          0.          0.          1.        ]]"
sun3d-mit_76_studyroom-76-1studyroom2,26,53,2.0,30,0.6178566143047421,0.6296116196959767,0.022105965365839655,0.022149008344716052,"[[1. 0. 0. 0.]
 [0. 1. 0. 0.]
 [0. 0. 1. 0.]
 [0. 0. 0. 1.]]","[[ 0.99981225 -0.01084686 -0.01605677  0.03799177]
 [ 0.01049913  0.9997119  -0.02158436  0.07023913]
 [ 0.01628627  0.02141172  0.99963808 -0.01802568]
 [ 0.          0.          0.          1.        ]]"
sun3d-mit_76_studyroom-76-1studyroom2,26,54,0.0,30,0.6364430639599133,0.6424034992567966,0.022454594140807686,0.021850533602784886,"[[1. 0. 0. 0.]
 [0. 1. 0. 0.]
 [0. 0. 1. 0.]
 [0. 0. 0. 1.]]","[[ 9.99873717e-01  1.38998232e-02 -7.70355149e-03  1.26026105e-02]
 [-1.38941468e-02  9.99903160e-01  7.89885630e-04 -2.32274940e-02]
 [ 7.71378474e-03 -6.82751605e-04  9.99970015e-01 -1.60663949e-02]
 [ 0.00000000e+00  0.00000000e+00  0.00000000e+00  1.00000000e+00]]"
sun3d-mit_76_studyroom-76-1studyroom2,26,55,0.0,30,0.5254883301995049,0.5645852787241459,0.02115954493508607,0.020359455546213285,"[[1. 0. 0. 0.]
 [0. 1. 0. 0.]
 [0. 0. 1. 0.]
 [0. 0. 0. 1.]]","[[ 0.99862164  0.03231641  0.04135779 -0.12729847]
 [-0.03168425  0.99937223 -0.01585071  0.07283243]
 [-0.04184406  0.01451848  0.99901866 -0.01570017]
 [ 0.          0.          0.          1.        ]]"
sun3d-mit_76_studyroom-76-1studyroom2,27,57,0.0,30,0.5463913194819536,0.7702339370806477,0.028910939781028874,0.014565959532198785,"[[1. 0. 0. 0.]
 [0. 1. 0. 0.]
 [0. 0. 1. 0.]
 [0. 0. 0. 1.]]","[[ 0.99979239  0.01944561  0.00608605  0.00853703]
 [-0.01962732  0.99931492  0.03137619  0.0482523 ]
 [-0.00547175 -0.03148913  0.99948912  0.03932991]
 [ 0.          0.          0.          1.        ]]"
sun3d-mit_76_studyroom-76-1studyroom2,28,30,1.0,30,0.44295420929372614,0.4574641008258351,0.02359740370697159,0.023562543370970603,"[[ 0.24494473 -0.9695298   0.00374828 -0.81458339]
 [ 0.94824641  0.2403698   0.2074876  -0.82903074]
 [-0.20206638 -0.0472687   0.97823047 -0.09218824]
 [ 0.          0.          0.          1.        ]]","[[ 0.25779243 -0.96598827 -0.0202416  -0.77163973]
 [ 0.92854855  0.24190082  0.28156986 -0.95926458]
 [-0.26709673 -0.09138189  0.95932721 -0.02067667]
 [ 0.          0.          0.          1.        ]]"
sun3d-mit_76_studyroom-76-1studyroom2,28,32,3.0,30,0.5280122318013437,0.550382494992732,0.0212024245276086,0.020213751135495537,"[[1. 0. 0. 0.]
 [0. 1. 0. 0.]
 [0. 0. 1. 0.]
 [0. 0. 0. 1.]]","[[ 0.99995968  0.00771485 -0.00459628  0.02769937]
 [-0.00762015  0.99976537  0.02027663  0.00193251]
 [ 0.00475164 -0.02024078  0.99978384 -0.00481649]
 [ 0.          0.          0.          1.        ]]"
sun3d-mit_76_studyroom-76-1studyroom2,28,35,0.0,30,0.4958490947417054,0.6080643065461581,0.024581713466173254,0.019157766644183075,"[[1. 0. 0. 0.]
 [0. 1. 0. 0.]
 [0. 0. 1. 0.]
 [0. 0. 0. 1.]]","[[ 0.99848437  0.04273107 -0.03468468  0.02433072]
 [-0.04419328  0.99811662 -0.04254615  0.03609101]
 [ 0.03280132  0.04401449  0.99849226 -0.06387036]
 [ 0.          0.          0.          1.        ]]"
sun3d-mit_76_studyroom-76-1studyroom2,28,36,0.0,30,0.6247522080912378,0.8172366030472559,0.02734463139290237,0.018091249429249622,"[[1. 0. 0. 0.]
 [0. 1. 0. 0.]
 [0. 0. 1. 0.]
 [0. 0. 0. 1.]]","[[ 0.99913901  0.0172965  -0.03771037  0.0562161 ]
 [-0.01781255  0.99975165 -0.01339188 -0.0607696 ]
 [ 0.03746937  0.01405207  0.99919897 -0.06924301]
 [ 0.          0.          0.          1.        ]]"
sun3d-mit_76_studyroom-76-1studyroom2,28,37,0.0,30,0.6862080405203349,0.7540814705442583,0.02520344190866061,0.01729834223514014,"[[1. 0. 0. 0.]
 [0. 1. 0. 0.]
 [0. 0. 1. 0.]
 [0. 0. 0. 1.]]","[[ 0.9997798   0.0154275  -0.01422457  0.03964302]
 [-0.01594655  0.99918324 -0.03712887  0.04448061]
 [ 0.01364015  0.03734753  0.99920924 -0.07378568]
 [ 0.          0.          0.          1.        ]]"
sun3d-mit_76_studyroom-76-1studyroom2,28,38,0.0,30,0.5177272200740255,0.6008831203216963,0.02569540788785085,0.01767768898934936,"[[1. 0. 0. 0.]
 [0. 1. 0. 0.]
 [0. 0. 1. 0.]
 [0. 0. 0. 1.]]","[[ 0.99952648  0.00457847 -0.03042789  0.08216628]
 [-0.0053539   0.99966171 -0.02545196 -0.03341241]
 [ 0.03030106  0.02560281  0.99921286 -0.04828187]
 [ 0.          0.          0.          1.        ]]"
sun3d-mit_76_studyroom-76-1studyroom2,28,47,1.0,30,0.4596029961513525,0.5036882871449657,0.024998299635755294,0.023186761223269927,"[[-0.33651942 -0.11142039  0.93506159 -2.07665964]
 [-0.90422521 -0.2390181  -0.35390271  1.16760779]
 [ 0.26292862 -0.96460139 -0.02031489  1.92967115]
 [ 0.          0.          0.          1.        ]]","[[-0.36260759 -0.15648105  0.91871074 -2.07014821]
 [-0.87909488 -0.26981417 -0.39292811  1.28082522]
 [ 0.30936698 -0.95011262 -0.03972503  2.01043759]
 [ 0.          0.          0.          1.        ]]"
sun3d-mit_76_studyroom-76-1studyroom2,28,48,1.0,30,0.6495475097952004,0.7076973623922416,0.023684171938374847,0.022366262915432568,"[[ 0.94099437 -0.33519168 -0.04664895  0.03429363]
 [ 0.33412904  0.94207493 -0.0291997   0.54171547]
 [ 0.0537343   0.01188998  0.99848448 -0.05793633]
 [ 0.          0.          0.          1.        ]]","[[ 0.96691975 -0.25504836  0.00406479 -0.04958801]
 [ 0.25475     0.96635461  0.0355135   0.43149773]
 [-0.01298569 -0.0333032   0.99936093 -0.06119409]
 [ 0.          0.          0.          1.        ]]"
sun3d-mit_76_studyroom-76-1studyroom2,28,58,0.0,30,0.5402053386597554,0.6130516727158392,0.024369531156161185,0.020059800447942686,"[[1. 0. 0. 0.]
 [0. 1. 0. 0.]
 [0. 0. 1. 0.]
 [0. 0. 0. 1.]]","[[ 0.99989418  0.01088445 -0.00965223  0.07490642]
 [-0.01062879  0.99960142  0.0261541  -0.11523883]
 [ 0.00993306 -0.02604874  0.99961132 -0.07520507]
 [ 0.          0.          0.          1.        ]]"
sun3d-mit_76_studyroom-76-1studyroom2,28,59,0.0,30,0.6420953540225701,0.6883987076811067,0.024485630879063542,0.019959093681707684,"[[1. 0. 0. 0.]
 [0. 1. 0. 0.]
 [0. 0. 1. 0.]
 [0. 0. 0. 1.]]","[[ 0.99859381  0.05292308 -0.00309062 -0.00499871]
 [-0.05270287  0.99735813  0.0499917  -0.16959851]
 [ 0.00572817 -0.04975852  0.99874485 -0.00668447]
 [ 0.          0.          0.          1.        ]]"
sun3d-mit_76_studyroom-76-1studyroom2,28,61,1.0,30,0.5852381061772071,0.6055199487466149,0.0215967930415561,0.01989845090820764,"[[1. 0. 0. 0.]
 [0. 1. 0. 0.]
 [0. 0. 1. 0.]
 [0. 0. 0. 1.]]","[[ 0.99872597 -0.04289815  0.02657414 -0.05640067]
 [ 0.04193286  0.99847616  0.0358747  -0.08069078]
 [-0.02807261 -0.03471466  0.99900291 -0.04030515]
 [ 0.          0.          0.          1.        ]]"
sun3d-mit_76_studyroom-76-1studyroom2,29,31,7.0,30,0.6481616896054567,0.7560712054780732,0.023132551358574966,0.022030633593144958,"[[ 0.96292326 -0.26967703  0.00728649 -0.43507838]
 [ 0.26513616  0.95100622  0.15902826 -0.40269365]
 [-0.04981577 -0.1512001   0.98724714 -0.00724677]
 [ 0.          0.          0.          1.        ]]","[[ 0.97240786 -0.23262773  0.01752986 -0.40703798]
 [ 0.2304914   0.96963631  0.08172604 -0.2121166 ]
 [-0.03600933 -0.07543057  0.99650066 -0.04145757]
 [ 0.          0.          0.          1.        ]]"
sun3d-mit_76_studyroom-76-1studyroom2,29,32,0.0,30,0.33100721448523945,0.35597991733821,0.023495411604785996,0.021293248177621706,"[[1. 0. 0. 0.]
 [0. 1. 0. 0.]
 [0. 0. 1. 0.]
 [0. 0. 0. 1.]]","[[ 9.99413561e-01 -4.31787656e-05 -3.42422595e-02  1.13388048e-01]
 [-3.61292177e-04  9.99930244e-01 -1.18057646e-02 -6.12062144e-03]
 [ 3.42403807e-02  1.18112127e-02  9.99343831e-01 -5.45639614e-02]
 [ 0.00000000e+00  0.00000000e+00  0.00000000e+00  1.00000000e+00]]"
sun3d-mit_76_studyroom-76-1studyroom2,29,39,1.0,30,0.43827361274564886,0.4698932934341851,0.02410414289926343,0.023405285597278752,"[[ 0.86432758  0.34364773 -0.3672112   0.30923271]
 [ 0.29771541 -0.93807781 -0.17713149  0.11532637]
 [-0.40534352  0.0437752  -0.91311575  4.01878938]
 [ 0.          0.          0.          1.        ]]","[[ 0.89488591  0.31547599 -0.3156804   0.20221191]
 [ 0.26522267 -0.94480685 -0.19234594  0.14387633]
 [-0.35893753  0.08840208 -0.92916571  4.04842516]
 [ 0.          0.          0.          1.        ]]"
sun3d-mit_76_studyroom-76-1studyroom2,29,59,0.0,30,0.4540208636694576,0.683652052238806,0.02516796370910219,0.02131598054077987,"[[1. 0. 0. 0.]
 [0. 1. 0. 0.]
 [0. 0. 1. 0.]
 [0. 0. 0. 1.]]","[[ 0.99564596  0.08767404 -0.03166055  0.10190865]
 [-0.08492704  0.99320121  0.07961634 -0.26316274]
 [ 0.03842559 -0.07658085  0.99632266 -0.06498741]
 [ 0.          0.          0.          1.        ]]"
sun3d-mit_76_studyroom-76-1studyroom2,29,60,0.0,30,0.6137704844464057,0.6874957927882781,0.024468887218209907,0.021578754407930154,"[[1. 0. 0. 0.]
 [0. 1. 0. 0.]
 [0. 0. 1. 0.]
 [0. 0. 0. 1.]]","[[ 0.99795989  0.03024743 -0.05622417  0.14034809]
 [-0.02492184  0.99534299  0.09311948 -0.23047464]
 [ 0.05877896 -0.0915283   0.9940662   0.00706558]
 [ 0.          0.          0.          1.        ]]"
sun3d-mit_76_studyroom-76-1studyroom2,30,41,1.0,30,0.4306687223213557,0.46170855028230384,0.025277342042474754,0.02388214381790818,"[[-0.60475555  0.7725094  -0.19364904  1.05804868]
 [-0.78293556 -0.53213982  0.32224078 -1.51734543]
 [ 0.14588566  0.34649162  0.92663959  0.15001546]
 [ 0.          0.          0.          1.        ]]","[[-0.60158615  0.76760452 -0.22108237  1.0986313 ]
 [-0.79265612 -0.53935246  0.28424498 -1.39168826]
 [ 0.09894641  0.34624014  0.93291338  0.13359339]
 [ 0.          0.          0.          1.        ]]"
sun3d-mit_76_studyroom-76-1studyroom2,30,60,3.0,30,0.47419576810596936,0.6512838540303219,0.024996806933994697,0.02195644361418441,"[[ 0.81681612  0.38623401 -0.42852621  0.85260917]
 [-0.33907808  0.92238238  0.18503188 -0.65711692]
 [ 0.46673063 -0.00583318  0.88438029  0.07933469]
 [ 0.          0.          0.          1.        ]]","[[ 0.86280681  0.32438105 -0.38773876  0.8045072 ]
 [-0.31395971  0.94497507  0.09193157 -0.38718635]
 [ 0.39622432  0.04241516  0.91717351  0.06037642]
 [ 0.          0.          0.          1.        ]]"
sun3d-mit_76_studyroom-76-1studyroom2,31,47,1.0,30,0.3449884816465038,0.37685190294235305,0.02395325282437323,0.02378468332863243,"[[-0.2420598  -0.42552758  0.87197095 -1.75688359]
 [-0.91475863 -0.19951108 -0.35130042  0.35227973]
 [ 0.32345588 -0.88267865 -0.34096141  3.10950835]
 [ 0.          0.          0.          1.        ]]","[[-0.21563733 -0.35725371  0.90877408 -1.84167221]
 [-0.92665865 -0.21859147 -0.30581288  0.23349753]
 [ 0.30790305 -0.90806803 -0.28391576  2.92414211]
 [ 0.          0.          0.          1.        ]]"
sun3d-mit_76_studyroom-76-1studyroom2,31,49,0.0,30,0.4945431122857843,0.5524989189042073,0.020462836838910183,0.019806905949081875,"[[1. 0. 0. 0.]
 [0. 1. 0. 0.]
 [0. 0. 1. 0.]
 [0. 0. 0. 1.]]","[[ 0.99906705 -0.04211676 -0.00954999  0.07390306]
 [ 0.04189984  0.99888226 -0.02187764  0.06781545]
 [ 0.01046073  0.02145708  0.99971504 -0.01943534]
 [ 0.          0.          0.          1.        ]]"
sun3d-mit_76_studyroom-76-1studyroom2,31,60,3.0,30,0.4847381057449944,0.5094428529757141,0.02384539475038302,0.022345242341083777,"[[-0.63611228  0.7331317  -0.24058073  0.9527325 ]
 [-0.76463244 -0.64074293  0.06917898 -0.6586553 ]
 [-0.1034331   0.22796142  0.96816072  0.23923803]
 [ 0.          0.          0.          1.        ]]","[[-0.68697842  0.71164961 -0.14702203  0.72507552]
 [-0.72429737 -0.68693016  0.05933184 -0.65925354]
 [-0.05877039  0.14724737  0.98735214  0.19188863]
 [ 0.          0.          0.          1.        ]]"
sun3d-mit_76_studyroom-76-1studyroom2,32,36,0.0,30,0.5166735622672735,0.7974708136209099,0.02692125210592021,0.01708784204390397,"[[1. 0. 0. 0.]
 [0. 1. 0. 0.]
 [0. 0. 1. 0.]
 [0. 0. 0. 1.]]","[[ 0.99924276 -0.03505282 -0.01688799  0.04699538]
 [ 0.03436399  0.99862913 -0.03948394 -0.0516625 ]
 [ 0.01824886  0.0388737   0.99907748 -0.08340033]
 [ 0.          0.          0.          1.        ]]"
sun3d-mit_76_studyroom-76-1studyroom2,32,38,0.0,30,0.466386543033499,0.690768607030763,0.027155679255464013,0.017401385563233535,"[[1. 0. 0. 0.]
 [0. 1. 0. 0.]
 [0. 0. 1. 0.]
 [0. 0. 0. 1.]]","[[ 0.99868308 -0.03796529 -0.03450717  0.09525467]
 [ 0.03638943  0.99831487 -0.04520214 -0.03899765]
 [ 0.03616514  0.04388692  0.9983817  -0.06426962]
 [ 0.          0.          0.          1.        ]]"
sun3d-mit_76_studyroom-76-1studyroom2,32,42,1.0,30,0.5060594418029357,0.5420575964761686,0.02426071351870014,0.024161401512028273,"[[ 0.93685589  0.08490113  0.33925336 -0.61140579]
 [-0.22428837  0.89016805  0.39660506 -1.3641986 ]
 [-0.26832028 -0.44765237  0.85300151  0.59429858]
 [ 0.          0.          0.          1.        ]]","[[ 0.95438936  0.05922173  0.29263241 -0.44905628]
 [-0.18000999  0.89608821  0.40573676 -1.39923596]
 [-0.23819602 -0.43990761  0.86587756  0.57710054]
 [ 0.          0.          0.          1.        ]]"
sun3d-mit_76_studyroom-76-1studyroom2,32,49,0.0,30,0.6975865103437431,0.8150131697123831,0.023699935374161884,0.019915811295347398,"[[1. 0. 0. 0.]
 [0. 1. 0. 0.]
 [0. 0. 1. 0.]
 [0. 0. 0. 1.]]","[[ 9.98137867e-01 -6.09439432e-02  2.57558659e-03 -4.56837753e-02]
 [ 6.09973863e-02  9.97468553e-01 -3.65486585e-02  1.33238499e-01]
 [-3.41647258e-04  3.66377041e-02  9.99328556e-01  8.53399962e-02]
 [ 0.00000000e+00  0.00000000e+00  0.00000000e+00  1.00000000e+00]]"
sun3d-mit_76_studyroom-76-1studyroom2,32,59,0.0,30,0.6171419958136148,0.7278195531488897,0.026171351044478684,0.02008195879055626,"[[1. 0. 0. 0.]
 [0. 1. 0. 0.]
 [0. 0. 1. 0.]
 [0. 0. 0. 1.]]","[[ 0.99949559  0.02709538  0.01656533 -0.03640852]
 [-0.02788694  0.99838059  0.04958343 -0.19598586]
 [-0.01519502 -0.05002038  0.9986326  -0.03628445]
 [ 0.          0.          0.          1.        ]]"
sun3d-mit_76_studyroom-76-1studyroom2,32,60,2.0,30,0.5007741269568209,0.5419861031122147,0.022750404743250508,0.020503644666870654,"[[1. 0. 0. 0.]
 [0. 1. 0. 0.]
 [0. 0. 1. 0.]
 [0. 0. 0. 1.]]","[[ 0.99896667  0.00955134 -0.04443388  0.12751483]
 [-0.00535436  0.99559251  0.09363169 -0.22534529]
 [ 0.04513235 -0.09329702  0.99461487  0.06080101]
 [ 0.          0.          0.          1.        ]]"
sun3d-mit_76_studyroom-76-1studyroom2,33,35,0.0,30,0.49523548266004447,0.548388726863215,0.019494366363647743,0.015121213441737594,"[[1. 0. 0. 0.]
 [0. 1. 0. 0.]
 [0. 0. 1. 0.]
 [0. 0. 0. 1.]]","[[ 0.99703511 -0.07616007 -0.01098324  0.05741561]
 [ 0.07570243  0.99643061 -0.03735202  0.02200649]
 [ 0.01378877  0.03640982  0.99924181 -0.00528795]
 [ 0.          0.          0.          1.        ]]"
sun3d-mit_76_studyroom-76-1studyroom2,33,37,0.0,30,0.6025927968002392,0.6129681892942583,0.018382534030020527,0.017131015515845106,"[[1. 0. 0. 0.]
 [0. 1. 0. 0.]
 [0. 0. 1. 0.]
 [0. 0. 0. 1.]]","[[ 0.99943861 -0.03144377 -0.01156532 -0.01590783]
 [ 0.03129028  0.99942289 -0.01322162  0.01297247]
 [ 0.01197438  0.01285231  0.9998457  -0.01006408]
 [ 0.          0.          0.          1.        ]]"
sun3d-mit_76_studyroom-76-1studyroom2,33,38,0.0,30,0.611941430533568,0.6211077340599815,0.01945061692339782,0.015841078502347818,"[[1. 0. 0. 0.]
 [0. 1. 0. 0.]
 [0. 0. 1. 0.]
 [0. 0. 0. 1.]]","[[ 0.99709985 -0.04895825 -0.05826644  0.15149987]
 [ 0.04561164  0.9973063  -0.05744317  0.10038843]
 [ 0.06092181  0.05461895  0.99664703 -0.03894065]
 [ 0.          0.          0.          1.        ]]"
sun3d-mit_76_studyroom-76-1studyroom2,33,58,0.0,30,0.680334706740844,0.6866540776026738,0.02249150055056691,0.02059459198090791,"[[1. 0. 0. 0.]
 [0. 1. 0. 0.]
 [0. 0. 1. 0.]
 [0. 0. 0. 1.]]","[[ 0.99929874 -0.03740955 -0.00159915  0.01308168]
 [ 0.03739442  0.99926333 -0.0086289  -0.00523543]
 [ 0.00192077  0.00856305  0.99996149 -0.02423749]
 [ 0.          0.          0.          1.        ]]"
sun3d-mit_76_studyroom-76-1studyroom2,33,59,0.0,30,0.6425447078631235,0.6553512923188933,0.019797778027719926,0.01855582984108456,"[[1. 0. 0. 0.]
 [0. 1. 0. 0.]
 [0. 0. 1. 0.]
 [0. 0. 0. 1.]]","[[ 9.98823004e-01 -4.85009562e-02 -5.13366905e-04  1.70449801e-02]
 [ 4.85017389e-02  9.98632712e-01  1.95009887e-02 -5.68907416e-02]
 [-4.33151613e-04 -1.95029353e-02  9.99809706e-01  1.91581422e-03]
 [ 0.00000000e+00  0.00000000e+00  0.00000000e+00  1.00000000e+00]]"
sun3d-mit_76_studyroom-76-1studyroom2,33,63,0.0,30,0.4524376951356944,0.6164216171421182,0.024851614323038566,0.02208836881280954,"[[1. 0. 0. 0.]
 [0. 1. 0. 0.]
 [0. 0. 1. 0.]
 [0. 0. 0. 1.]]","[[ 0.99536393 -0.07277967 -0.06287904  0.17679892]
 [ 0.07679338  0.99499305  0.06396571 -0.24640289]
 [ 0.05790881 -0.06849785  0.99596918  0.00154616]
 [ 0.          0.          0.          1.        ]]"
sun3d-mit_76_studyroom-76-1studyroom2,34,39,0.0,30,0.6074408757311065,0.636574744864266,0.020747634637883126,0.018038473476284768,"[[1. 0. 0. 0.]
 [0. 1. 0. 0.]
 [0. 0. 1. 0.]
 [0. 0. 0. 1.]]","[[ 0.99754377 -0.06993199  0.00399205  0.00365085]
 [ 0.06980945  0.99723965  0.02529268 -0.06708456]
 [-0.0057498  -0.02495187  0.99967212  0.01342939]
 [ 0.          0.          0.          1.        ]]"
sun3d-mit_76_studyroom-76-1studyroom2,34,40,0.0,30,0.48349826467286827,0.4895203013921323,0.021495116172346715,0.02010243933042495,"[[1. 0. 0. 0.]
 [0. 1. 0. 0.]
 [0. 0. 1. 0.]
 [0. 0. 0. 1.]]","[[ 0.99823555 -0.05429443  0.02403973 -0.02570355]
 [ 0.05399903  0.99845931  0.01277169 -0.03259573]
 [-0.02469613 -0.01145104  0.99962942 -0.0029241 ]
 [ 0.          0.          0.          1.        ]]"
sun3d-mit_76_studyroom-76-1studyroom2,34,58,0.0,30,0.4114497476431855,0.44621810098998027,0.02036655446034719,0.019909755876435807,"[[1. 0. 0. 0.]
 [0. 1. 0. 0.]
 [0. 0. 1. 0.]
 [0. 0. 0. 1.]]","[[ 9.99886063e-01  1.43448814e-03 -1.50267556e-02  9.25187465e-03]
 [-7.62252099e-04  9.99002557e-01  4.46465017e-02 -8.14597745e-02]
 [ 1.50758121e-02 -4.46299606e-02  9.98889827e-01  3.38089060e-02]
 [ 0.00000000e+00  0.00000000e+00  0.00000000e+00  1.00000000e+00]]"
sun3d-mit_76_studyroom-76-1studyroom2,35,38,0.0,30,0.36457672555974163,0.38993264897484126,0.018388762435380093,0.018258078657750153,"[[1. 0. 0. 0.]
 [0. 1. 0. 0.]
 [0. 0. 1. 0.]
 [0. 0. 0. 1.]]","[[ 9.98799379e-01 -1.76444123e-02  4.56998322e-02 -8.90403582e-02]
 [ 1.60566022e-02  9.99262464e-01  3.48814095e-02 -4.76162488e-02]
 [-4.62815889e-02 -3.41057461e-02  9.98346039e-01  2.12110596e-04]
 [ 0.00000000e+00  0.00000000e+00  0.00000000e+00  1.00000000e+00]]"
sun3d-mit_76_studyroom-76-1studyroom2,35,39,0.0,30,0.25671671801907825,0.31586957078846156,0.022130706892102395,0.020467062265343065,"[[1. 0. 0. 0.]
 [0. 1. 0. 0.]
 [0. 0. 1. 0.]
 [0. 0. 0. 1.]]","[[ 0.99628716  0.02532465 -0.08228338  0.12382225]
 [-0.03273406  0.99540507 -0.08998457  0.17094193]
 [ 0.07962646  0.09234394  0.99253827 -0.05710796]
 [ 0.          0.          0.          1.        ]]"
sun3d-mit_76_studyroom-76-1studyroom2,35,40,0.0,30,0.6118415110893209,0.617141032422878,0.017853010627856918,0.01625897655637542,"[[1. 0. 0. 0.]
 [0. 1. 0. 0.]
 [0. 0. 1. 0.]
 [0. 0. 0. 1.]]","[[ 0.9995583  -0.02969089 -0.00128348  0.01380984]
 [ 0.02961222  0.99870165 -0.0414503   0.07253017]
 [ 0.00251251  0.04139398  0.99913974 -0.03322599]
 [ 0.          0.          0.          1.        ]]"
sun3d-mit_76_studyroom-76-1studyroom2,35,58,1.0,30,0.2123141401602652,0.2498450600040348,0.021068071744936967,0.020950002569393014,"[[1. 0. 0. 0.]
 [0. 1. 0. 0.]
 [0. 0. 1. 0.]
 [0. 0. 0. 1.]]","[[ 9.99976142e-01 -8.09370301e-04 -6.86008039e-03  9.22016862e-02]
 [ 1.11811466e-03  9.98980845e-01  4.51222932e-02 -7.80358295e-02]
 [ 6.81656826e-03 -4.51288870e-02  9.98957916e-01 -3.74536138e-03]
 [ 0.00000000e+00  0.00000000e+00  0.00000000e+00  1.00000000e+00]]"
sun3d-mit_76_studyroom-76-1studyroom2,35,59,1.0,30,0.3643093602111394,0.40490762650163814,0.021064524501568906,0.02066034190327393,"[[1. 0. 0. 0.]
 [0. 1. 0. 0.]
 [0. 0. 1. 0.]
 [0. 0. 0. 1.]]","[[ 0.99986196  0.01067807  0.0127297   0.0178936 ]
 [-0.01138834  0.9983038   0.05709489 -0.09060183]
 [-0.01209844 -0.05723198  0.9982876   0.01385599]
 [ 0.          0.          0.          1.        ]]"
sun3d-mit_76_studyroom-76-1studyroom2,35,60,0.0,30,0.443163374445583,0.48564686347691455,0.02345405376568164,0.02076626060250185,"[[1. 0. 0. 0.]
 [0. 1. 0. 0.]
 [0. 0. 1. 0.]
 [0. 0. 0. 1.]]","[[ 0.99965009 -0.01262152  0.02324647 -0.0319195 ]
 [ 0.01268546  0.99991614 -0.00260518  0.0744287 ]
 [-0.02321164  0.00289916  0.99972637  0.02106122]
 [ 0.          0.          0.          1.        ]]"
sun3d-mit_76_studyroom-76-1studyroom2,35,64,0.0,30,0.27301578162124446,0.3598138517215159,0.025064142572961315,0.01991253709982772,"[[1. 0. 0. 0.]
 [0. 1. 0. 0.]
 [0. 0. 1. 0.]
 [0. 0. 0. 1.]]","[[ 0.99795973 -0.06336449 -0.0078303   0.03770548]
 [ 0.06272349  0.99590671 -0.06508144  0.11165302]
 [ 0.0119221   0.06445752  0.99784923 -0.07817328]
 [ 0.          0.          0.          1.        ]]"
sun3d-mit_76_studyroom-76-1studyroom2,36,38,0.0,30,0.553167870085885,0.605818610064593,0.018910935321983142,0.01715540360119787,"[[1. 0. 0. 0.]
 [0. 1. 0. 0.]
 [0. 0. 1. 0.]
 [0. 0. 0. 1.]]","[[ 0.99920586 -0.00788632  0.03905712 -0.0331413 ]
 [ 0.00689251  0.99965069  0.02551464 -0.02482207]
 [-0.0392447  -0.02522518  0.99891118  0.03145699]
 [ 0.          0.          0.          1.        ]]"
sun3d-mit_76_studyroom-76-1studyroom2,36,40,0.0,30,0.5148728501941761,0.5780897209284322,0.019433004669609854,0.01692096936306594,"[[1. 0. 0. 0.]
 [0. 1. 0. 0.]
 [0. 0. 1. 0.]
 [0. 0. 0. 1.]]","[[ 0.99536682  0.03713043 -0.0886917   0.15052096]
 [-0.0410287   0.9982519  -0.04254155  0.10171107]
 [ 0.08695707  0.04598335  0.99515024 -0.02142368]
 [ 0.          0.          0.          1.        ]]"
sun3d-mit_76_studyroom-76-1studyroom2,36,58,1.0,30,0.32061946918738743,0.3862286060125806,0.020556787885325417,0.01866233194264848,"[[1. 0. 0. 0.]
 [0. 1. 0. 0.]
 [0. 0. 1. 0.]
 [0. 0. 0. 1.]]","[[ 0.99948711  0.02176358 -0.0234918   0.14108942]
 [-0.02131597  0.99958958  0.01913888  0.01847983]
 [ 0.02389869 -0.01862832  0.99954081 -0.03128556]
 [ 0.          0.          0.          1.        ]]"
sun3d-mit_76_studyroom-76-1studyroom2,36,59,0.0,30,0.5613709273753186,0.6249573398252639,0.019567111077100442,0.018184243631239834,"[[1. 0. 0. 0.]
 [0. 1. 0. 0.]
 [0. 0. 1. 0.]
 [0. 0. 0. 1.]]","[[ 0.99856448  0.04989674  0.01947526 -0.02247948]
 [-0.05123685  0.99580762  0.07577583 -0.11065939]
 [-0.01561264 -0.0766649   0.99693467  0.04364603]
 [ 0.          0.          0.          1.        ]]"
sun3d-mit_76_studyroom-76-1studyroom2,36,62,0.0,30,0.3071297600895563,0.3294126729845014,0.021535732909684416,0.020198995552004818,"[[1. 0. 0. 0.]
 [0. 1. 0. 0.]
 [0. 0. 1. 0.]
 [0. 0. 0. 1.]]","[[ 9.99624579e-01 -2.67749615e-02 -5.81403018e-03  6.91567108e-02]
 [ 2.67753255e-02  9.99641477e-01 -1.52240422e-05 -1.76845315e-02]
 [ 5.81235334e-03 -1.40454224e-04  9.99983098e-01 -3.36106672e-02]
 [ 0.00000000e+00  0.00000000e+00  0.00000000e+00  1.00000000e+00]]"
sun3d-mit_76_studyroom-76-1studyroom2,37,40,0.0,30,0.4856916149509077,0.5730030835924497,0.022918621362797296,0.017809309219066444,"[[1. 0. 0. 0.]
 [0. 1. 0. 0.]
 [0. 0. 1. 0.]
 [0. 0. 0. 1.]]","[[ 0.99296996 -0.02495891 -0.11570526  0.21314385]
 [ 0.02449973  0.99968531 -0.00538921 -0.01623608]
 [ 0.11580336  0.00251658  0.99326897 -0.01173581]
 [ 0.          0.          0.          1.        ]]"
sun3d-mit_76_studyroom-76-1studyroom2,37,41,0.0,30,0.35485355552254977,0.36105189830785034,0.020895020166816197,0.017700051138263725,"[[1. 0. 0. 0.]
 [0. 1. 0. 0.]
 [0. 0. 1. 0.]
 [0. 0. 0. 1.]]","[[ 0.99981352 -0.01751248 -0.00813917  0.04641066]
 [ 0.01761158  0.99976964  0.0122682  -0.05493516]
 [ 0.00792244 -0.01240925  0.99989162 -0.03627301]
 [ 0.          0.          0.          1.        ]]"
sun3d-mit_76_studyroom-76-1studyroom2,37,47,2.0,30,0.439442428924172,0.5016742995875464,0.022228305455640904,0.01934105791695948,"[[ 0.89373179 -0.13310238  0.42840079 -0.51721533]
 [ 0.03704116  0.97360373  0.22521927 -0.41472702]
 [-0.44706983 -0.18541717  0.87507088  0.51504497]
 [ 0.          0.          0.          1.        ]]","[[ 0.91597739 -0.22252848  0.33386598 -0.33161189]
 [ 0.18915523  0.97333195  0.12978909 -0.16816006]
 [-0.3538442  -0.05573138  0.93364249  0.36807623]
 [ 0.          0.          0.          1.        ]]"
sun3d-mit_76_studyroom-76-1studyroom2,37,58,0.0,30,0.40899615239916176,0.443457351970964,0.01791807213512501,0.017443351183136155,"[[1. 0. 0. 0.]
 [0. 1. 0. 0.]
 [0. 0. 1. 0.]
 [0. 0. 0. 1.]]","[[ 0.99864526 -0.01051155 -0.05096225  0.14748846]
 [ 0.0103412   0.99994003 -0.00360506  0.02046291]
 [ 0.05099709  0.00307317  0.99869407 -0.05642525]
 [ 0.          0.          0.          1.        ]]"
sun3d-mit_76_studyroom-76-1studyroom2,37,59,0.0,30,0.6359266927557335,0.6534315844557699,0.019573174253325002,0.019609625284191582,"[[1. 0. 0. 0.]
 [0. 1. 0. 0.]
 [0. 0. 1. 0.]
 [0. 0. 0. 1.]]","[[ 0.99989349  0.01137501  0.00914461 -0.03350236]
 [-0.01181613  0.99869301  0.04972569 -0.09293178]
 [-0.00856703 -0.04982845  0.99872105  0.00473982]
 [ 0.          0.          0.          1.        ]]"
sun3d-mit_76_studyroom-76-1studyroom2,37,61,0.0,30,0.46196963083779374,0.4792395712889154,0.022122857234215407,0.021711649344473095,"[[1. 0. 0. 0.]
 [0. 1. 0. 0.]
 [0. 0. 1. 0.]
 [0. 0. 0. 1.]]","[[ 0.99881036 -0.0172727  -0.0456017   0.11832879]
 [ 0.01843501  0.99951264  0.025192   -0.02259787]
 [ 0.04514434 -0.0260027   0.998642    0.01766779]
 [ 0.          0.          0.          1.        ]]"
sun3d-mit_76_studyroom-76-1studyroom2,38,40,0.0,30,0.48463687150837986,0.5227689111951178,0.021935812714430233,0.020381649765166834,"[[1. 0. 0. 0.]
 [0. 1. 0. 0.]
 [0. 0. 1. 0.]
 [0. 0. 0. 1.]]","[[ 0.99676469 -0.02544436 -0.07624137  0.17386454]
 [ 0.02679197  0.99950144  0.01670513 -0.05302749]
 [ 0.07577831 -0.01869374  0.99694944 -0.02366145]
 [ 0.          0.          0.          1.        ]]"
sun3d-mit_76_studyroom-76-1studyroom2,38,57,0.0,30,0.46889641072421673,0.5282608956585407,0.022066676639039162,0.015726345150184128,"[[1. 0. 0. 0.]
 [0. 1. 0. 0.]
 [0. 0. 1. 0.]
 [0. 0. 0. 1.]]","[[ 0.9964731  -0.05149941 -0.06625078  0.21686467]
 [ 0.0485971   0.99781779 -0.04469879  0.04543724]
 [ 0.06840816  0.04132155  0.99680131 -0.0508238 ]
 [ 0.          0.          0.          1.        ]]"
sun3d-mit_76_studyroom-76-1studyroom2,38,59,1.0,30,0.4115853658536585,0.4264111985802694,0.020772196999357166,0.020600847994279817,"[[-0.03243491  0.03684181  0.9987946  -1.24765203]
 [-0.98485511  0.16911421 -0.03822023 -0.61532353]
 [-0.17031847 -0.98490764  0.03079864  2.27046099]
 [ 0.          0.          0.          1.        ]]","[[-0.05930574  0.06956042  0.99581332 -1.25101158]
 [-0.97836652  0.19401285 -0.07181905 -0.50208078]
 [-0.19819635 -0.97852969  0.05654951  2.20926751]
 [ 0.          0.          0.          1.        ]]"
sun3d-mit_76_studyroom-76-1studyroom2,38,60,0.0,30,0.4994016409995587,0.5541739280024532,0.021769021781259425,0.020133616000973856,"[[1. 0. 0. 0.]
 [0. 1. 0. 0.]
 [0. 0. 1. 0.]
 [0. 0. 0. 1.]]","[[ 0.99997526  0.00373669  0.00595992  0.01585836]
 [-0.00404492  0.99860895  0.05257183 -0.06249776]
 [-0.00575518 -0.05259464  0.99859936  0.06974736]
 [ 0.          0.          0.          1.        ]]"
sun3d-mit_76_studyroom-76-1studyroom2,39,44,5.0,30,0.5314002200814687,0.54283673429989,0.024911253636673483,0.02431224886318316,"[[-0.45473623 -0.27691767  0.84648188 -2.80697789]
 [ 0.82481833 -0.48949505  0.28296525 -0.84318988]
 [ 0.33599061  0.82686831  0.4509979   1.42666478]
 [ 0.          0.          0.          1.        ]]","[[-0.43763031 -0.25847342  0.86120335 -2.85225753]
 [ 0.81046137 -0.52818674  0.25332022 -0.78633106]
 [ 0.38939964  0.80883265  0.44063325  1.46270014]
 [ 0.          0.          0.          1.        ]]"
sun3d-mit_76_studyroom-76-1studyroom2,39,51,1.0,30,0.5759934829019814,0.6205794224502791,0.01860933621100826,0.014964280493772951,"[[ 0.68184449 -0.03175254  0.73080768 -1.65212848]
 [ 0.34135211  0.89742069 -0.27949031  0.95181401]
 [-0.64696741  0.44003167  0.62274015 -0.52124018]
 [ 0.          0.          0.          1.        ]]","[[ 0.67121367 -0.11545435  0.73221753 -1.61999167]
 [ 0.28198247  0.95330165 -0.10817505  0.39911334]
 [-0.6855349   0.27908108  0.6724252  -0.57671542]
 [ 0.          0.          0.          1.        ]]"
sun3d-mit_76_studyroom-76-1studyroom2,39,56,2.0,30,0.5734417357542988,0.5884514914788495,0.02288320376355144,0.01851087751640171,"[[1. 0. 0. 0.]
 [0. 1. 0. 0.]
 [0. 0. 1. 0.]
 [0. 0. 0. 1.]]","[[ 0.99982266 -0.01153962 -0.01488238  0.04044516]
 [ 0.01111646  0.99954021 -0.02820985  0.02330767]
 [ 0.01520107  0.02803941  0.99949123 -0.01672276]
 [ 0.          0.          0.          1.        ]]"
sun3d-mit_76_studyroom-76-1studyroom2,39,62,0.0,30,0.5352338306537222,0.6063731639999228,0.022934041153752166,0.020464316390291653,"[[1. 0. 0. 0.]
 [0. 1. 0. 0.]
 [0. 0. 1. 0.]
 [0. 0. 0. 1.]]","[[ 0.99759818 -0.04859111  0.04936373 -0.08216549]
 [ 0.04650249  0.99800882  0.04261342 -0.14775237]
 [-0.05133607 -0.04021553  0.99787139  0.00174276]
 [ 0.          0.          0.          1.        ]]"
sun3d-mit_76_studyroom-76-1studyroom2,39,63,0.0,30,0.5562927715008854,0.6101482437457608,0.02196351746620176,0.020458193920008052,"[[1. 0. 0. 0.]
 [0. 1. 0. 0.]
 [0. 0. 1. 0.]
 [0. 0. 0. 1.]]","[[ 0.99799823  0.02791557  0.05674729 -0.17188352]
 [-0.02639392  0.99927632 -0.02738961  0.03803173]
 [-0.05747082  0.025837    0.9980128  -0.05498086]
 [ 0.          0.          0.          1.        ]]"
sun3d-mit_76_studyroom-76-1studyroom2,39,64,0.0,30,0.5416572819167582,0.5801062494813691,0.023485497953026666,0.019866532768649803,"[[1. 0. 0. 0.]
 [0. 1. 0. 0.]
 [0. 0. 1. 0.]
 [0. 0. 0. 1.]]","[[ 9.99923826e-01 -1.23414267e-02 -1.78390990e-04 -2.69371062e-02]
 [ 1.23284864e-02  9.99360535e-01 -3.35638156e-02  3.98535462e-02]
 [ 5.92502285e-04  3.35590597e-02  9.99436560e-01 -3.67959890e-02]
 [ 0.00000000e+00  0.00000000e+00  0.00000000e+00  1.00000000e+00]]"
sun3d-mit_76_studyroom-76-1studyroom2,40,42,1.0,30,0.4011114808747306,0.4252292732811824,0.02322448492305319,0.021788105601224003,"[[ 0.46051586  0.85432385  0.24094794 -0.11506794]
 [-0.87426735  0.3895826   0.28962388 -0.81294543]
 [ 0.15356347 -0.34402931  0.92631641 -0.37502521]
 [ 0.          0.          0.          1.        ]]","[[ 0.41828316  0.86809183  0.26731213 -0.18700256]
 [-0.90597054  0.37758843  0.19142715 -0.57148638]
 [ 0.06524237 -0.32224767  0.94440451 -0.44407623]
 [ 0.          0.          0.          1.        ]]"
sun3d-mit_76_studyroom-76-1studyroom2,40,60,0.0,30,0.47378813603691877,0.5408940979364094,0.024699330612495955,0.02070015127739745,"[[1. 0. 0. 0.]
 [0. 1. 0. 0.]
 [0. 0. 1. 0.]
 [0. 0. 0. 1.]]","[[ 0.99857033  0.03477662  0.04059422 -0.06555084]
 [-0.03646347  0.99846956  0.04158066 -0.00283881]
 [-0.03908606 -0.04300142  0.99831015  0.04857487]
 [ 0.          0.          0.          1.        ]]"
sun3d-mit_76_studyroom-76-1studyroom2,40,62,1.0,30,0.3267414255659995,0.3601513192179267,0.022169960627387273,0.02081713538135278,"[[1. 0. 0. 0.]
 [0. 1. 0. 0.]
 [0. 0. 1. 0.]
 [0. 0. 0. 1.]]","[[ 0.99980501 -0.0049878   0.01910687 -0.00833126]
 [ 0.00515529  0.99994863 -0.00872661 -0.00147697]
 [-0.01906236  0.00882341  0.99977936 -0.06453244]
 [ 0.          0.          0.          1.        ]]"
sun3d-mit_76_studyroom-76-1studyroom2,41,59,0.0,30,0.4082436521659993,0.47928137513651253,0.023776749116664102,0.021969703740938772,"[[1. 0. 0. 0.]
 [0. 1. 0. 0.]
 [0. 0. 1. 0.]
 [0. 0. 0. 1.]]","[[ 0.99847931  0.05511741  0.00106265 -0.05235849]
 [-0.05505394  0.99596246  0.07090723 -0.12613698]
 [ 0.00284986 -0.0708579   0.99748235  0.06797632]
 [ 0.          0.          0.          1.        ]]"
sun3d-mit_76_studyroom-76-1studyroom2,42,45,0.0,30,0.4645083122006199,0.536531417300648,0.02226417748811109,0.020301053717740238,"[[1. 0. 0. 0.]
 [0. 1. 0. 0.]
 [0. 0. 1. 0.]
 [0. 0. 0. 1.]]","[[ 0.99924923 -0.01183919 -0.03688922  0.06818528]
 [ 0.0105945   0.99937395 -0.03375592  0.02775926]
 [ 0.03726577  0.03333976  0.99874908 -0.0966572 ]
 [ 0.          0.          0.          1.        ]]"
sun3d-mit_76_studyroom-76-1studyroom2,42,48,1.0,30,0.4605878684794586,0.5697845167663881,0.024105062751084236,0.021392824185001078,"[[ 0.64783214  0.47415439 -0.59623077  0.67405795]
 [-0.74823597  0.54300651 -0.38116514  1.43471776]
 [ 0.14302607  0.69305234  0.70655644  0.83494534]
 [ 0.          0.          0.          1.        ]]","[[ 0.65004232  0.35121363 -0.67386495  0.8600707 ]
 [-0.72688113  0.54594144 -0.41664345  1.51707094]
 [ 0.22155994  0.76065559  0.6101756   1.04348912]
 [ 0.          0.          0.          1.        ]]"
sun3d-mit_76_studyroom-76-1studyroom2,46,50,2.0,30,0.4818481633714035,0.5397397364872549,0.021930211472417662,0.020007746506931077,"[[ 7.76312349e-01  6.26121750e-01 -7.28744882e-02 -6.19144960e-05]
 [-6.12833945e-01  7.76744698e-01  1.45266066e-01  3.86056247e-03]
 [ 1.47559116e-01 -6.81118811e-02  9.86705163e-01  1.54434539e-02]
 [ 0.00000000e+00  0.00000000e+00  0.00000000e+00  1.00000000e+00]]","[[ 0.85427784  0.51080466 -0.09637413  0.01890395]
 [-0.5007301   0.85842218  0.11126872 -0.00306328]
 [ 0.13956627 -0.04679697  0.98910631 -0.02935196]
 [ 0.          0.          0.          1.        ]]"
sun3d-mit_76_studyroom-76-1studyroom2,46,53,0.0,30,0.46979467180739937,0.5565541458689305,0.02122515899120542,0.019286722763691998,"[[1. 0. 0. 0.]
 [0. 1. 0. 0.]
 [0. 0. 1. 0.]
 [0. 0. 0. 1.]]","[[ 9.96147086e-01  8.76969418e-02 -4.79262084e-04 -5.58930583e-02]
 [-8.76977448e-02  9.96145031e-01 -2.04506806e-03  3.31894150e-02]
 [ 2.98068329e-04  2.07921879e-03  9.99997794e-01 -5.47525223e-02]
 [ 0.00000000e+00  0.00000000e+00  0.00000000e+00  1.00000000e+00]]"
sun3d-mit_76_studyroom-76-1studyroom2,47,49,0.0,30,0.6429390080530296,0.7261607037555604,0.018425761972709728,0.019120919373737926,"[[1. 0. 0. 0.]
 [0. 1. 0. 0.]
 [0. 0. 1. 0.]
 [0. 0. 0. 1.]]","[[ 9.97079079e-01  4.12744467e-02  6.42629785e-02 -1.93775109e-01]
 [-4.13505758e-02  9.99144689e-01 -1.45497562e-04  1.86486038e-02]
 [-6.42140190e-02 -2.51223859e-03  9.97932988e-01  8.52829444e-03]
 [ 0.00000000e+00  0.00000000e+00  0.00000000e+00  1.00000000e+00]]"
sun3d-mit_76_studyroom-76-1studyroom2,47,60,1.0,30,0.55521357676572,0.5574985601986552,0.025474513686109795,0.020264467819273668,"[[ 0.17266596  0.78990168  0.58842315 -1.22526551]
 [-0.64849547 -0.3584834   0.6715231  -1.32845946]
 [ 0.74137716 -0.49753893  0.45034978  1.26062441]
 [ 0.          0.          0.          1.        ]]","[[ 0.19769924  0.78212151  0.59093227 -1.2261693 ]
 [-0.6931566  -0.31472303  0.64844687 -1.32053535]
 [ 0.69314424 -0.53780606  0.47991218  1.17242296]
 [ 0.          0.          0.          1.        ]]"
sun3d-mit_76_studyroom-76-1studyroom2,49,57,3.0,30,0.5427464301289515,0.57292579389371,0.019726252213053803,0.014924174765204572,"[[ 0.82352044  0.19726408 -0.53188436  1.69487775]
 [-0.24127349  0.97036073 -0.01368029 -0.32493499]
 [ 0.51342107  0.13959559  0.84670649  0.19404207]
 [ 0.          0.          0.          1.        ]]","[[ 0.80407128  0.25276185 -0.53812714  1.74602723]
 [-0.3234795   0.94541977 -0.03927422 -0.25925841]
 [ 0.49882902  0.20565237  0.84194817  0.16870664]
 [ 0.          0.          0.          1.        ]]"
sun3d-mit_76_studyroom-76-1studyroom2,50,52,0.0,30,0.3611786079984079,0.40881179442570226,0.023640844928513805,0.018281659000415385,"[[1. 0. 0. 0.]
 [0. 1. 0. 0.]
 [0. 0. 1. 0.]
 [0. 0. 0. 1.]]","[[ 0.99893303 -0.00483058  0.04592896 -0.15272748]
 [ 0.00505115  0.99997626 -0.00468744  0.10581362]
 [-0.04590522  0.00491443  0.99893371  0.04067764]
 [ 0.          0.          0.          1.        ]]"
sun3d-mit_76_studyroom-76-1studyroom2,50,53,0.0,30,0.48964517796839835,0.5385641441583428,0.02162058036239897,0.01862866641247057,"[[1. 0. 0. 0.]
 [0. 1. 0. 0.]
 [0. 0. 1. 0.]
 [0. 0. 0. 1.]]","[[ 0.99796578 -0.02740664  0.05756016 -0.16295309]
 [ 0.0251064   0.99887166  0.04031226 -0.09323836]
 [-0.05860003 -0.03878513  0.99752782  0.08357031]
 [ 0.          0.          0.          1.        ]]"
sun3d-mit_76_studyroom-76-1studyroom2,51,53,1.0,30,0.5125708980970192,0.6415972661347827,0.0208024065713612,0.018600799246114807,"[[1. 0. 0. 0.]
 [0. 1. 0. 0.]
 [0. 0. 1. 0.]
 [0. 0. 0. 1.]]","[[ 0.99962987 -0.02701434  0.00321551  0.05053274]
 [ 0.02670783  0.99697522  0.07298707 -0.22874021]
 [-0.00517748 -0.07287417  0.9973277   0.0926725 ]
 [ 0.          0.          0.          1.        ]]"
sun3d-mit_76_studyroom-76-1studyroom2,56,62,3.0,30,0.5012391191059814,0.5122097624056667,0.018421412912313237,0.01825399092394306,"[[1. 0. 0. 0.]
 [0. 1. 0. 0.]
 [0. 0. 1. 0.]
 [0. 0. 0. 1.]]","[[ 0.99935279 -0.03080817  0.01857034 -0.04225466]
 [ 0.03019669  0.99902019  0.03235472 -0.05611806]
 [-0.01954894 -0.03177302  0.99930391  0.01514919]
 [ 0.          0.          0.          1.        ]]"
sun3d-mit_76_studyroom-76-1studyroom2,56,63,0.0,30,0.5287501022689184,0.5673510106808339,0.017992648152832778,0.017568715871544023,"[[1. 0. 0. 0.]
 [0. 1. 0. 0.]
 [0. 0. 1. 0.]
 [0. 0. 0. 1.]]","[[ 0.9996274  -0.01035445  0.0252558  -0.06355631]
 [ 0.00948735  0.9993695   0.034214   -0.03110095]
 [-0.02559415 -0.03396164  0.99909536 -0.01302684]
 [ 0.          0.          0.          1.        ]]"
sun3d-mit_76_studyroom-76-1studyroom2,56,64,1.0,30,0.5977100645727244,0.624624680565693,0.016910244731030078,0.016360190297640673,"[[1. 0. 0. 0.]
 [0. 1. 0. 0.]
 [0. 0. 1. 0.]
 [0. 0. 0. 1.]]","[[ 0.99878614 -0.04605703  0.0174644  -0.02120063]
 [ 0.04590307  0.9989043   0.00911637  0.0200618 ]
 [-0.01786514 -0.00830363  0.99980592 -0.02125463]
 [ 0.          0.          0.          1.        ]]"
sun3d-mit_76_studyroom-76-1studyroom2,56,65,0.0,30,0.45109222724837406,0.5996110572325721,0.02554650194917788,0.01685455383002081,"[[1. 0. 0. 0.]
 [0. 1. 0. 0.]
 [0. 0. 1. 0.]
 [0. 0. 0. 1.]]","[[ 0.99561438 -0.09109909 -0.0212828   0.06751837]
 [ 0.09141973  0.99570526  0.0146107  -0.09538905]
 [ 0.01986037 -0.01649229  0.99966673 -0.00956845]
 [ 0.          0.          0.          1.        ]]"
sun3d-mit_76_studyroom-76-1studyroom2,57,62,0.0,30,0.4745999884194476,0.4921966377796221,0.017144369314105973,0.017184795860185606,"[[1. 0. 0. 0.]
 [0. 1. 0. 0.]
 [0. 0. 1. 0.]
 [0. 0. 0. 1.]]","[[ 0.99969664 -0.01852563 -0.01623061  0.04111743]
 [ 0.01930542  0.99859822  0.04928373 -0.10084504]
 [ 0.01529485 -0.04958212  0.99865293  0.05434464]
 [ 0.          0.          0.          1.        ]]"
sun3d-mit_76_studyroom-76-1studyroom2,57,63,0.0,30,0.5268287662013761,0.5461344988031237,0.017462880334910856,0.01668125635223733,"[[1. 0. 0. 0.]
 [0. 1. 0. 0.]
 [0. 0. 1. 0.]
 [0. 0. 0. 1.]]","[[ 0.99983466 -0.00552903  0.01732285 -0.04116305]
 [ 0.00517901  0.99978283  0.02018613 -0.01707953]
 [-0.01743069 -0.02009308  0.99964616  0.02434238]
 [ 0.          0.          0.          1.        ]]"
sun3d-mit_76_studyroom-76-1studyroom2,57,64,0.0,30,0.587928473811044,0.6034899415238351,0.015010763445738571,0.014988375596154558,"[[1. 0. 0. 0.]
 [0. 1. 0. 0.]
 [0. 0. 1. 0.]
 [0. 0. 0. 1.]]","[[ 0.99957402 -0.02646383 -0.01230656  0.04461867]
 [ 0.0265775   0.99960473  0.00916662  0.00782941]
 [ 0.01205911 -0.00948979  0.99988225  0.01598616]
 [ 0.          0.          0.          1.        ]]"
sun3d-mit_76_studyroom-76-1studyroom2,58,61,1.0,30,0.5080976775171717,0.5474923362405846,0.019857106671582355,0.019308674181151696,"[[1. 0. 0. 0.]
 [0. 1. 0. 0.]
 [0. 0. 1. 0.]
 [0. 0. 0. 1.]]","[[ 0.99943304 -0.01863299 -0.02804305  0.08226004]
 [ 0.01949133  0.99934003  0.03065264 -0.04336479]
 [ 0.0274534  -0.03118186  0.99913663  0.07539752]
 [ 0.          0.          0.          1.        ]]"
sun3d-mit_76_studyroom-76-1studyroom2,59,61,0.0,30,0.5142082653741012,0.5563366081387721,0.02078784429556087,0.019877992593884754,"[[1. 0. 0. 0.]
 [0. 1. 0. 0.]
 [0. 0. 1. 0.]
 [0. 0. 0. 1.]]","[[ 0.9940519   0.01195899 -0.10824883  0.22028298]
 [-0.0085078   0.9994424   0.03228793 -0.06054549]
 [ 0.1085746  -0.03117492  0.99359936  0.07979032]
 [ 0.          0.          0.          1.        ]]"
sun3d-mit_76_studyroom-76-1studyroom2,59,62,0.0,30,0.393364343479184,0.4641350292408948,0.025498744266477885,0.020384774799207687,"[[1. 0. 0. 0.]
 [0. 1. 0. 0.]
 [0. 0. 1. 0.]
 [0. 0. 0. 1.]]","[[ 0.99758194 -0.05593692 -0.04124717  0.16297639]
 [ 0.05645196  0.9983399   0.01142856 -0.08221271]
 [ 0.04053941 -0.01372941  0.99908361 -0.03726803]
 [ 0.          0.          0.          1.        ]]"
sun3d-mit_76_studyroom-76-1studyroom2,59,63,1.0,30,0.41147998300356553,0.42824152883455663,0.02329608694461867,0.01986949523291376,"[[1. 0. 0. 0.]
 [0. 1. 0. 0.]
 [0. 0. 1. 0.]
 [0. 0. 0. 1.]]","[[ 0.99972667  0.00945714 -0.02138083  0.05586977]
 [-0.00803908  0.99782256  0.06546375 -0.19404094]
 [ 0.02195337 -0.06527397  0.99762586 -0.01463914]
 [ 0.          0.          0.          1.        ]]"
sun3d-mit_76_studyroom-76-1studyroom2,59,64,0.0,30,0.38374623410449166,0.453448535724991,0.024485543601282547,0.018807737284205216,"[[1. 0. 0. 0.]
 [0. 1. 0. 0.]
 [0. 0. 1. 0.]
 [0. 0. 0. 1.]]","[[ 0.99768045 -0.05285993 -0.04288986  0.16601358]
 [ 0.05007299  0.99671596 -0.06363951  0.10833085]
 [ 0.04611299  0.06134427  0.99705089 -0.08092032]
 [ 0.          0.          0.          1.        ]]"
sun3d-mit_76_studyroom-76-1studyroom2,61,63,1.0,30,0.3544073285247148,0.4393815831492493,0.024428243264728852,0.017689345840288313,"[[1. 0. 0. 0.]
 [0. 1. 0. 0.]
 [0. 0. 1. 0.]
 [0. 0. 0. 1.]]","[[ 0.99916561  0.01271651  0.03881211 -0.13509793]
 [-0.01162728  0.99953575 -0.02816197  0.00118356]
 [-0.03915222  0.0276872   0.9988496  -0.10418133]
 [ 0.          0.          0.          1.        ]]"
sun3d-mit_76_studyroom-76-1studyroom2,62,64,0.0,30,0.6004823055832629,0.6287466320743373,0.01707517100316392,0.01720497400298469,"[[1. 0. 0. 0.]
 [0. 1. 0. 0.]
 [0. 0. 1. 0.]
 [0. 0. 0. 1.]]","[[ 0.99976467  0.01868714 -0.0110179  -0.01133375]
 [-0.01912373  0.99897815 -0.04095037  0.11058971]
 [ 0.0102414   0.04115144  0.99910043 -0.01698092]
 [ 0.          0.          0.          1.        ]]"
sun3d-mit_76_studyroom-76-1studyroom2,62,65,0.0,30,0.5077737689130627,0.6023509504852459,0.025243016599027477,0.018395910551031517,"[[1. 0. 0. 0.]
 [0. 1. 0. 0.]
 [0. 0. 1. 0.]
 [0. 0. 0. 1.]]","[[ 0.99879956 -0.02823937 -0.0400248   0.07629628]
 [ 0.02661366  0.99882161 -0.04058445  0.02280025]
 [ 0.04112371  0.03947052  0.99837414 -0.03529134]
 [ 0.          0.          0.          1.        ]]"
