0 2 66
-0.397709140000 0.153724930000 -0.904541920000 2.828687140000
-0.830810660000 0.358001070000 0.426132470000 -0.464620870000
0.389334160000 0.920979850000 -0.014663990000 1.331022950000
0.000000000000 0.000000000000 0.000000000000 1.000000000000
0 3 66
-0.905634610000 0.066022770000 0.418887740000 -0.722196200000
0.320585830000 0.753192200000 0.574392060000 -1.456594010000
-0.277580020000 0.654478810000 -0.703282890000 3.931153230000
0.000000000000 0.000000000000 0.000000000000 1.000000000000
0 4 66
0.940160360000 -0.270598610000 0.207062530000 -0.298141360000
-0.338653530000 -0.675064850000 0.655439730000 -1.298973140000
-0.037580440000 -0.686340910000 -0.726308390000 5.076305080000
0.000000000000 0.000000000000 0.000000000000 1.000000000000
0 5 66
-0.714573972000 0.233444507000 -0.659460158000 0.830627316000
0.000146741582 0.942728629000 0.333560655000 -1.578058670000
0.699559873000 0.238256992000 -0.673683597000 4.507622010000
0.000000000000 0.000000000000 0.000000000000 1.000000000000
0 6 66
-0.641073980000 0.535037320000 -0.550235600000 2.093722130000
0.613205000000 -0.074051580000 -0.786445160000 2.322427420000
-0.461523330000 -0.841576750000 -0.280615020000 3.888118470000
0.000000000000 0.000000000000 0.000000000000 1.000000000000
0 7 66
-0.728448820000 0.514935110000 -0.451889530000 1.799628270000
0.525215110000 -0.003783150000 -0.850961090000 2.906719540000
-0.439899310000 -0.857220810000 -0.267695870000 3.736522990000
0.000000000000 0.000000000000 0.000000000000 1.000000000000
0 8 66
0.937299340000 0.086891380000 0.337520140000 -0.977678940000
-0.048162840000 0.991424240000 -0.121483780000 0.361117080000
-0.345181540000 0.097610740000 0.933446220000 0.097937020000
0.000000000000 0.000000000000 0.000000000000 1.000000000000
0 9 66
-0.892092540000 0.166616700000 -0.420011640000 0.868496520000
0.044928380000 0.957633850000 0.284462390000 -1.387711340000
0.449613540000 0.234896330000 -0.861783830000 5.170524040000
0.000000000000 0.000000000000 0.000000000000 1.000000000000
0 10 66
-0.963534330000 0.264515970000 0.040409050000 0.143464780000
-0.221573630000 -0.704038230000 -0.674711270000 2.660313680000
-0.150022390000 -0.659061050000 0.736974770000 0.593677100000
0.000000000000 0.000000000000 0.000000000000 1.000000000000
0 11 66
0.904514510000 0.052066600000 0.423252360000 -1.240772960000
-0.426388050000 0.094513500000 0.899589030000 -1.674134670000
0.006835480000 -0.994161090000 0.107689410000 2.683768440000
0.000000000000 0.000000000000 0.000000000000 1.000000000000
0 12 66
-0.308271780000 0.180406890000 -0.934035260000 1.912555480000
-0.391872780000 0.870595390000 0.297488480000 -1.159507970000
0.866835760000 0.457730300000 -0.197683440000 2.203515920000
0.000000000000 0.000000000000 0.000000000000 1.000000000000
0 13 66
0.821709920000 0.238212440000 -0.517733180000 1.133814820000
-0.568747090000 0.284859650000 -0.771609830000 2.231081210000
-0.036325770000 0.928498690000 0.369554630000 1.252221770000
0.000000000000 0.000000000000 0.000000000000 1.000000000000
0 14 66
0.229485150000 -0.465946670000 -0.854535120000 2.478253370000
0.186225530000 -0.840726420000 0.508428110000 -0.015449930000
-0.955330630000 -0.275812950000 -0.106163070000 2.846065560000
0.000000000000 0.000000000000 0.000000000000 1.000000000000
0 15 66
-0.808102750000 0.111741350000 0.578345750000 -2.407831930000
0.462465490000 0.728459640000 0.505442590000 -0.835063680000
-0.364822700000 0.675914510000 -0.640346760000 3.765739080000
0.000000000000 0.000000000000 0.000000000000 1.000000000000
0 17 66
-0.575419470000 0.707177090000 0.410844250000 -2.217168010000
0.401610680000 -0.193283510000 0.895181740000 -1.364569540000
0.712461430000 0.680104440000 -0.172790780000 2.418978920000
0.000000000000 0.000000000000 0.000000000000 1.000000000000
0 18 66
0.932520700000 -0.037493510000 0.359164850000 -0.434702990000
0.054910740000 0.997752150000 -0.038411810000 0.102742330000
-0.356917300000 0.055541820000 0.932483320000 -0.251714190000
0.000000000000 0.000000000000 0.000000000000 1.000000000000
0 19 66
0.960040930000 -0.174507750000 -0.218788610000 0.564368260000
0.100692030000 -0.514038410000 0.851836620000 -1.821310500000
-0.261117840000 -0.839828290000 -0.475926370000 4.317371900000
0.000000000000 0.000000000000 0.000000000000 1.000000000000
0 20 66
-0.104043590000 0.392585640000 -0.913811500000 2.265534960000
0.856644500000 -0.431435110000 -0.282885030000 0.674068260000
-0.505306970000 -0.812243970000 -0.291418270000 3.944462940000
0.000000000000 0.000000000000 0.000000000000 1.000000000000
0 21 66
0.298438300000 -0.221189210000 0.928444890000 -2.588416670000
0.556617330000 0.830552870000 0.018949320000 0.565514190000
-0.775313960000 0.511133310000 0.370986530000 1.505724440000
0.000000000000 0.000000000000 0.000000000000 1.000000000000
0 22 66
0.986683650000 -0.034302920000 0.158992720000 -0.671454670000
0.027796150000 0.998689610000 0.042970270000 -0.010651510000
-0.160258380000 -0.037978680000 0.986344200000 -0.500211850000
0.000000000000 0.000000000000 0.000000000000 1.000000000000
0 23 66
-0.982019170000 -0.132976530000 0.133998480000 -0.524356410000
0.111572450000 0.163752540000 0.980171770000 -2.608648980000
-0.152282430000 0.977498000000 -0.145971610000 1.520277340000
0.000000000000 0.000000000000 0.000000000000 1.000000000000
0 24 66
0.712942840000 0.197539140000 -0.672823010000 1.414891380000
0.470634460000 -0.846084040000 0.250289830000 -0.318530160000
-0.519822770000 -0.495096040000 -0.696178280000 4.770701390000
0.000000000000 0.000000000000 0.000000000000 1.000000000000
0 25 66
0.946676700000 -0.070753890000 0.314320090000 -1.566450570000
-0.067998020000 0.909736080000 0.409580920000 -0.887263180000
-0.314927770000 -0.409113860000 0.856414820000 -0.129540980000
0.000000000000 0.000000000000 0.000000000000 1.000000000000
0 26 66
-0.250981960000 0.884797260000 -0.392609040000 0.869693060000
0.494137180000 -0.231655500000 -0.837952370000 3.074680580000
-0.832368010000 -0.404313650000 -0.379069870000 3.905342020000
0.000000000000 0.000000000000 0.000000000000 1.000000000000
0 27 66
-0.560289650000 0.625769330000 -0.542667720000 1.451058900000
0.378408260000 -0.389412220000 -0.839741220000 2.566167910000
-0.736805740000 -0.675848260000 -0.018612650000 2.842399650000
0.000000000000 0.000000000000 0.000000000000 1.000000000000
0 28 66
0.262685600000 -0.541544800000 0.798577180000 -1.918772030000
0.220708800000 0.839423820000 0.496644020000 -0.699464270000
-0.939299690000 0.045791780000 0.340028250000 2.047175800000
0.000000000000 0.000000000000 0.000000000000 1.000000000000
0 29 66
0.985811590000 -0.082549310000 0.146154480000 0.154815150000
0.036850990000 0.955907940000 0.291345190000 -0.262759990000
-0.163760570000 -0.281825530000 0.945387140000 0.673096790000
0.000000000000 0.000000000000 0.000000000000 1.000000000000
0 30 66
-0.794712140000 0.484974610000 -0.365009920000 1.002844650000
0.605850060000 0.670557030000 -0.428134300000 1.014855940000
0.037125700000 -0.561384810000 -0.826721710000 3.884769520000
0.000000000000 0.000000000000 0.000000000000 1.000000000000
0 31 66
0.824510770000 -0.498964420000 0.266864190000 -0.666788680000
-0.364412710000 -0.829029150000 -0.424162760000 1.448511410000
0.432880320000 0.252478060000 -0.865372440000 3.973706970000
0.000000000000 0.000000000000 0.000000000000 1.000000000000
0 32 66
-0.980532480000 -0.064196810000 -0.185566200000 0.343115380000
-0.072279310000 0.996693550000 0.037117020000 1.272492430000
0.182569840000 0.049807040000 -0.981930500000 5.450924820000
0.000000000000 0.000000000000 0.000000000000 1.000000000000
0 33 66
0.960477670000 0.200041420000 -0.193561540000 0.201397500000
0.248901900000 -0.928527320000 0.275472060000 -0.530076100000
-0.124621360000 -0.312762600000 -0.941620450000 5.054398620000
0.000000000000 0.000000000000 0.000000000000 1.000000000000
0 34 66
0.721432190000 0.239101800000 -0.649896860000 0.684415680000
-0.286959410000 0.957350810000 0.033670790000 0.267794830000
0.630230030000 0.162202830000 0.759276200000 0.494112500000
0.000000000000 0.000000000000 0.000000000000 1.000000000000
0 35 66
0.945292050000 0.022756790000 0.325430580000 -1.156501400000
-0.085753780000 0.979815620000 0.180575870000 0.071790270000
-0.314752640000 -0.198603830000 0.928163400000 0.455231090000
0.000000000000 0.000000000000 0.000000000000 1.000000000000
0 36 66
0.830768380000 -0.364440090000 0.420722380000 -1.054454250000
-0.168477490000 0.555759730000 0.814092410000 -1.418844260000
-0.530508470000 -0.747204480000 0.400307660000 1.910152800000
0.000000000000 0.000000000000 0.000000000000 1.000000000000
0 37 66
-0.487385360000 0.344077680000 -0.802537270000 1.441882240000
-0.083574230000 0.896488610000 0.435113230000 -0.630710100000
0.869178270000 0.279139250000 -0.408179390000 3.553513140000
0.000000000000 0.000000000000 0.000000000000 1.000000000000
0 38 66
0.707237120000 -0.681128170000 0.189420350000 -1.078249300000
-0.463645590000 -0.244592290000 0.851591090000 -1.331280800000
-0.533711920000 -0.690100740000 -0.488786820000 3.871173980000
0.000000000000 0.000000000000 0.000000000000 1.000000000000
0 39 66
-0.778020950000 0.453682560000 0.434575130000 -1.471499060000
0.478929470000 -0.019360020000 0.877639880000 -1.498228340000
0.406583290000 0.890953040000 -0.202219450000 2.796610290000
0.000000000000 0.000000000000 0.000000000000 1.000000000000
0 40 66
-0.974763070000 0.020378020000 0.222309910000 -0.511164320000
0.166194210000 0.731122750000 0.661694050000 -1.073694130000
-0.149051810000 0.681941540000 -0.716058160000 3.672899930000
0.000000000000 0.000000000000 0.000000000000 1.000000000000
0 41 66
-0.465116950000 -0.875255430000 -0.132642940000 0.027245620000
-0.708018140000 0.457741730000 -0.537757210000 1.775832820000
0.531391130000 -0.156206390000 -0.832600160000 4.288847740000
0.000000000000 0.000000000000 0.000000000000 1.000000000000
0 42 66
0.528653170000 0.596059120000 -0.604350360000 1.011968320000
0.804305540000 -0.579327190000 0.132183940000 0.769795600000
-0.271327150000 -0.555961800000 -0.785676810000 4.415936490000
0.000000000000 0.000000000000 0.000000000000 1.000000000000
0 43 66
-0.586854200000 -0.797306200000 -0.141084980000 0.769161670000
0.264237110000 -0.353291190000 0.897420800000 -1.888343580000
-0.765363240000 0.489375280000 0.418008310000 1.553173290000
0.000000000000 0.000000000000 0.000000000000 1.000000000000
0 44 66
-0.927113070000 -0.128901920000 0.351917120000 -1.204999870000
-0.280276600000 0.861841270000 -0.422699240000 1.413546260000
-0.248809950000 -0.490524120000 -0.835152500000 4.921731830000
0.000000000000 0.000000000000 0.000000000000 1.000000000000
0 45 66
-0.545680830000 0.646030270000 -0.533739000000 1.215810460000
0.489581120000 -0.271147120000 -0.828727680000 2.964473100000
-0.680104960000 -0.713529350000 -0.168324440000 3.674954610000
0.000000000000 0.000000000000 0.000000000000 1.000000000000
0 46 66
-0.119125330000 0.471276400000 -0.873903720000 1.891790400000
0.348684140000 -0.804252470000 -0.481245600000 1.907688190000
-0.929638920000 -0.362044910000 -0.068519760000 3.193185110000
0.000000000000 0.000000000000 0.000000000000 1.000000000000
0 47 66
0.338046200000 -0.681040370000 0.649545060000 -1.765383290000
-0.110004870000 -0.714038280000 -0.691410340000 1.960615040000
0.934678390000 0.162275520000 -0.316295690000 3.213376860000
0.000000000000 0.000000000000 0.000000000000 1.000000000000
0 48 66
0.653929440000 -0.633223810000 0.414009540000 -1.523249300000
-0.319374080000 -0.727129870000 -0.607686070000 1.879435970000
0.685839990000 0.265159890000 -0.677726900000 4.377735580000
0.000000000000 0.000000000000 0.000000000000 1.000000000000
0 49 66
0.954212980000 -0.275820700000 0.115760690000 -1.033242900000
-0.267416950000 -0.959995300000 -0.083049320000 0.382302960000
0.134036440000 0.048290370000 -0.989799110000 4.968394830000
0.000000000000 0.000000000000 0.000000000000 1.000000000000
0 50 66
0.415805060000 0.418546030000 -0.807418960000 1.974525080000
-0.234117480000 0.907146810000 0.349676530000 -0.747121170000
0.878803260000 0.043633620000 0.475185170000 0.020787690000
0.000000000000 0.000000000000 0.000000000000 1.000000000000
0 51 66
-0.843564200000 -0.207798170000 -0.495196290000 0.987714970000
0.181627660000 0.757371490000 -0.627215930000 2.340299800000
0.505381870000 -0.619038240000 -0.601149580000 4.770895820000
0.000000000000 0.000000000000 0.000000000000 1.000000000000
0 52 66
-0.669370890000 0.596031480000 -0.443496430000 1.494257790000
0.683512090000 0.260145200000 -0.682008580000 2.388614110000
-0.291125120000 -0.759651860000 -0.581528350000 4.418483060000
0.000000000000 0.000000000000 0.000000000000 1.000000000000
0 53 66
0.882522280000 -0.450128190000 0.136158150000 -0.468094150000
-0.457051170000 -0.752810920000 0.473687600000 -0.505621110000
-0.110718800000 -0.480271100000 -0.870104020000 5.295016880000
0.000000000000 0.000000000000 0.000000000000 1.000000000000
0 54 66
0.123176860000 -0.933616870000 0.336432760000 -1.099210890000
0.991014330000 0.097912270000 -0.091125150000 -0.217355840000
0.052135080000 0.344634200000 0.937288220000 -0.535370850000
0.000000000000 0.000000000000 0.000000000000 1.000000000000
0 55 66
-0.004166850000 0.434278010000 -0.900769250000 1.917757110000
-0.986749310000 0.144320580000 0.074144280000 -0.090583950000
0.162198770000 0.889142380000 0.427922170000 0.890231610000
0.000000000000 0.000000000000 0.000000000000 1.000000000000
0 56 66
0.396920287000 -0.647508495000 0.650528274000 -1.745294450000
0.338507159000 0.762057414000 0.551979529000 -0.810522112000
-0.853151328000 0.001116604700 0.521662309000 1.073383100000
0.000000000000 0.000000000000 0.000000000000 1.000000000000
0 57 66
-0.959634730000 0.156720170000 0.233537970000 -0.404672260000
-0.279853110000 -0.614718350000 -0.737430400000 2.606211400000
0.027989860000 -0.773020140000 0.633763700000 0.855761090000
0.000000000000 0.000000000000 0.000000000000 1.000000000000
0 58 66
-0.831536380000 -0.191401370000 -0.521452550000 1.556314200000
0.329248940000 0.586235420000 -0.740218320000 3.025204920000
0.447372760000 -0.787206160000 -0.424457380000 3.523699210000
0.000000000000 0.000000000000 0.000000000000 1.000000000000
0 59 66
-0.995181820000 -0.069175870000 -0.069482630000 0.097512610000
-0.097848970000 0.655752680000 0.748608050000 -1.185108500000
-0.006222200000 0.751799920000 -0.659361930000 4.094740070000
0.000000000000 0.000000000000 0.000000000000 1.000000000000
0 60 66
0.845423900000 0.318611240000 -0.428655240000 0.683944560000
0.263696930000 -0.946940240000 -0.183761000000 0.918290670000
-0.464459220000 0.042320870000 -0.884582710000 4.076462840000
0.000000000000 0.000000000000 0.000000000000 1.000000000000
0 61 66
-0.943147310000 0.265604470000 -0.199818470000 -0.020948020000
-0.003532360000 0.593139990000 0.805091590000 -1.219432320000
0.332356250000 0.760025800000 -0.558480170000 3.165331560000
0.000000000000 0.000000000000 0.000000000000 1.000000000000
0 62 66
0.998157180000 -0.012958050000 -0.059281850000 0.691098080000
0.010762360000 0.999249570000 -0.037208550000 0.360370940000
0.059719510000 0.036501970000 0.997547590000 -0.224058650000
0.000000000000 0.000000000000 0.000000000000 1.000000000000
0 63 66
0.897194840000 -0.105655140000 0.428810470000 -1.554305530000
0.142400580000 0.988311320000 -0.054431710000 0.336267340000
-0.418047250000 0.109898710000 0.901753170000 0.445088330000
0.000000000000 0.000000000000 0.000000000000 1.000000000000
0 64 66
-0.334199090000 -0.827165390000 0.451783560000 -1.476712830000
-0.813212520000 0.010755690000 -0.581867440000 1.971302190000
0.476441360000 -0.561855620000 -0.676255790000 3.896782290000
0.000000000000 0.000000000000 0.000000000000 1.000000000000
0 65 66
0.898015200000 -0.438789640000 -0.032130340000 -0.107225760000
0.287935630000 0.530920800000 0.797004510000 -1.640629170000
-0.332658660000 -0.724973630000 0.603118110000 1.148647240000
0.000000000000 0.000000000000 0.000000000000 1.000000000000
1 3 66
-0.850883130000 0.420165640000 0.315370800000 -0.195118520000
-0.081951030000 0.486797020000 -0.869662400000 2.882905430000
-0.518923820000 -0.765826030000 -0.379774360000 4.064960690000
0.000000000000 0.000000000000 0.000000000000 1.000000000000
1 4 66
-0.832287920000 0.325662690000 0.448598530000 -1.146104260000
-0.436285200000 0.114416710000 -0.892504370000 3.037628550000
-0.341982540000 -0.938537500000 0.046854170000 2.615966350000
0.000000000000 0.000000000000 0.000000000000 1.000000000000
1 5 66
-0.786766870000 0.050581990000 -0.615174250000 1.947823340000
-0.237885310000 0.894800330000 0.377813380000 -1.583134940000
0.569568670000 0.443591970000 -0.691966540000 4.124101540000
0.000000000000 0.000000000000 0.000000000000 1.000000000000
1 6 66
0.491891880000 -0.627285200000 0.603784450000 -1.894665380000
-0.797554030000 -0.602789590000 0.023500700000 1.211969170000
0.349213340000 -0.493110520000 -0.796801140000 4.629554450000
0.000000000000 0.000000000000 0.000000000000 1.000000000000
1 7 66
0.667954800000 -0.101191700000 0.737290050000 -2.208554010000
-0.648696770000 -0.564713890000 0.510186950000 -0.444601710000
0.364731250000 -0.819059500000 -0.442846080000 3.960336040000
0.000000000000 0.000000000000 0.000000000000 1.000000000000
1 8 66
-0.066988750000 -0.951741190000 0.299501620000 -0.969111550000
-0.410761150000 -0.247251530000 -0.877577330000 3.282058880000
0.909278720000 -0.181811430000 -0.374375230000 2.713174650000
0.000000000000 0.000000000000 0.000000000000 1.000000000000
1 9 66
0.413786830000 0.011095840000 0.910306180000 -1.996062710000
-0.669354750000 -0.674034680000 0.312476360000 -0.506502610000
0.617045120000 -0.738616370000 -0.271479620000 4.352204030000
0.000000000000 0.000000000000 0.000000000000 1.000000000000
1 10 66
-0.798072350000 0.445353530000 -0.405882700000 1.041502150000
0.444774670000 -0.019043850000 -0.895440020000 2.952627320000
-0.406516940000 -0.895152260000 -0.182883600000 3.339061950000
0.000000000000 0.000000000000 0.000000000000 1.000000000000
1 11 66
-0.892486900000 0.032288740000 -0.449916190000 1.460691230000
0.162562470000 -0.907384780000 -0.387590390000 1.611313250000
-0.420761900000 -0.419058830000 0.804580090000 0.922802890000
0.000000000000 0.000000000000 0.000000000000 1.000000000000
1 12 66
0.832804770000 0.305454960000 0.461663820000 -0.617026810000
0.168826970000 -0.934398050000 0.313684130000 0.535544770000
0.527194150000 -0.183296340000 -0.829740190000 4.348609300000
0.000000000000 0.000000000000 0.000000000000 1.000000000000
1 13 66
-0.456990620000 0.620134370000 -0.637646410000 2.299647540000
0.528809490000 -0.387009760000 -0.755370090000 2.095847470000
-0.715206340000 -0.682390510000 -0.151073110000 3.301871140000
0.000000000000 0.000000000000 0.000000000000 1.000000000000
1 14 66
-0.306024730000 0.228947180000 -0.924084440000 2.117039850000
0.859515560000 -0.350935080000 -0.371587920000 2.279175930000
-0.409367650000 -0.907980040000 -0.089388850000 3.385050940000
0.000000000000 0.000000000000 0.000000000000 1.000000000000
1 15 66
-0.938649040000 0.242569390000 -0.245149080000 0.807099340000
0.101920100000 -0.483977070000 -0.869125130000 2.868939110000
-0.329469680000 -0.840789090000 0.429561910000 1.340487110000
0.000000000000 0.000000000000 0.000000000000 1.000000000000
1 17 66
0.573823560000 0.566217260000 -0.591713230000 1.795451170000
0.714501040000 -0.699229510000 0.023798200000 1.886549380000
-0.400268400000 -0.436435680000 -0.805797180000 4.570684490000
0.000000000000 0.000000000000 0.000000000000 1.000000000000
1 18 66
-0.844545310000 0.258402450000 -0.469011070000 1.130378000000
-0.065957070000 0.818996040000 0.569995750000 -1.387028940000
0.531406510000 0.512321830000 -0.674635800000 3.824034510000
0.000000000000 0.000000000000 0.000000000000 1.000000000000
1 19 66
-0.790926210000 -0.031286400000 0.611111200000 -1.901810080000
-0.570634910000 0.398293490000 -0.718149070000 2.038584850000
-0.220933310000 -0.916724310000 -0.332873870000 3.732874640000
0.000000000000 0.000000000000 0.000000000000 1.000000000000
1 20 66
0.841945970000 -0.427240270000 -0.329534120000 0.861383400000
-0.463403490000 -0.885414250000 -0.036039000000 0.515431320000
-0.276376900000 0.183050150000 -0.943455590000 5.667848930000
0.000000000000 0.000000000000 0.000000000000 1.000000000000
1 21 66
0.881534580000 -0.334830340000 0.332844450000 -0.916601620000
-0.463358490000 -0.748774440000 0.473957540000 -0.287580700000
0.090530060000 -0.572036260000 -0.815217040000 4.805548950000
0.000000000000 0.000000000000 0.000000000000 1.000000000000
1 22 66
-0.649326760000 0.601334460000 -0.465587390000 1.204477490000
0.755276530000 0.438194850000 -0.487383470000 1.621252750000
-0.089062480000 -0.668118360000 -0.738705450000 4.825008630000
0.000000000000 0.000000000000 0.000000000000 1.000000000000
1 23 66
-0.512677700000 0.432229320000 -0.741848630000 2.277588010000
-0.010461690000 -0.867120900000 -0.497987850000 2.753491240000
-0.858517400000 -0.247546280000 0.449075400000 1.818383850000
0.000000000000 0.000000000000 0.000000000000 1.000000000000
1 24 66
0.827109110000 -0.495855720000 0.264608430000 -0.639809130000
-0.560539510000 -0.693364640000 0.452814460000 -0.429716090000
-0.041060510000 -0.522850450000 -0.851434930000 5.247586540000
0.000000000000 0.000000000000 0.000000000000 1.000000000000
1 25 66
-0.820594420000 0.488276250000 -0.297003540000 1.684939130000
0.283287730000 -0.103830900000 -0.953397720000 3.079239510000
-0.496359600000 -0.866490310000 -0.053119620000 2.913962620000
0.000000000000 0.000000000000 0.000000000000 1.000000000000
1 26 66
0.020015130000 0.790869250000 -0.611657770000 1.456643640000
0.068201100000 -0.611435290000 -0.788349860000 3.007199020000
-0.997470800000 -0.025936810000 -0.066176110000 3.311031540000
0.000000000000 0.000000000000 0.000000000000 1.000000000000
1 27 66
0.998657200000 -0.048967150000 -0.016911870000 0.168061120000
-0.006346980000 -0.439639270000 0.898152010000 -1.964744640000
-0.051415060000 -0.896838630000 -0.439359720000 3.680712250000
0.000000000000 0.000000000000 0.000000000000 1.000000000000
1 28 66
0.989767180000 -0.118508900000 0.079476890000 -0.813251720000
-0.079710660000 -0.921175330000 -0.380896600000 0.984101090000
0.118351790000 0.370663800000 -0.921195530000 4.905225420000
0.000000000000 0.000000000000 0.000000000000 1.000000000000
1 29 66
-0.787344590000 0.046212580000 -0.614778730000 1.334975920000
-0.511616910000 -0.605384660000 0.609719240000 -1.015285100000
-0.344000910000 0.794590340000 0.500289480000 1.435753220000
0.000000000000 0.000000000000 0.000000000000 1.000000000000
1 30 66
-0.824518550000 -0.506897910000 -0.251443180000 0.884892940000
0.067997690000 -0.529918870000 0.845317870000 -1.518671110000
-0.561734350000 0.679882710000 0.471395820000 1.628308220000
0.000000000000 0.000000000000 0.000000000000 1.000000000000
1 31 66
-0.916684667000 -0.399605483000 0.002163063140 -0.009465118690
-0.302610542000 0.690625200000 -0.656858959000 1.632378730000
0.260990576000 -0.602787102000 -0.754010364000 3.734010720000
0.000000000000 0.000000000000 0.000000000000 1.000000000000
1 32 66
0.891632030000 -0.448338760000 0.063124410000 -0.775078110000
-0.019087140000 0.102075540000 0.994593520000 -2.500225120000
-0.452358280000 -0.888016300000 0.082456310000 1.816505220000
0.000000000000 0.000000000000 0.000000000000 1.000000000000
1 33 66
0.918986340000 0.316554180000 -0.235069260000 1.639408190000
-0.246165200000 0.926349290000 0.285095940000 -0.180746130000
0.308004550000 -0.204133400000 0.929226960000 -0.389676600000
0.000000000000 0.000000000000 0.000000000000 1.000000000000
1 34 66
0.783340310000 0.475695470000 -0.400114710000 1.309961170000
-0.053911920000 0.693260560000 0.718667730000 -1.357774630000
0.619250730000 -0.541390450000 0.568704600000 1.264210370000
0.000000000000 0.000000000000 0.000000000000 1.000000000000
1 35 66
0.710434700000 0.344983340000 -0.613407710000 1.108069820000
-0.160541520000 0.928072760000 0.336016930000 -0.390884630000
0.685207230000 -0.140240680000 0.714719250000 0.617925590000
0.000000000000 0.000000000000 0.000000000000 1.000000000000
1 36 66
0.840741360000 -0.073178900000 0.536468840000 -1.577650050000
-0.401102220000 0.581370760000 0.707901870000 -1.062849570000
-0.363690780000 -0.810341220000 0.459430220000 1.354907580000
0.000000000000 0.000000000000 0.000000000000 1.000000000000
1 37 66
0.845302990000 -0.197453580000 0.496462420000 -1.310260570000
-0.280274950000 0.627215900000 0.726667850000 -1.172724970000
-0.454872300000 -0.753400490000 0.474846180000 1.491406380000
0.000000000000 0.000000000000 0.000000000000 1.000000000000
1 38 66
0.781329810000 -0.616190270000 0.099162900000 -0.846319520000
-0.614690910000 -0.732240930000 0.293220570000 -0.168006490000
-0.108068530000 -0.290056510000 -0.950888220000 4.925655830000
0.000000000000 0.000000000000 0.000000000000 1.000000000000
1 39 66
0.553619990000 0.331966570000 -0.763742830000 1.158550190000
-0.278506100000 0.938109990000 0.205873760000 -0.200605290000
0.784817980000 0.098731210000 0.611811160000 0.837085870000
0.000000000000 0.000000000000 0.000000000000 1.000000000000
1 40 66
-0.578103640000 -0.389611380000 0.716937340000 -0.992054150000
-0.814853450000 0.321473490000 -0.482357380000 1.204320300000
-0.042544420000 -0.863051430000 -0.503321180000 3.564495480000
0.000000000000 0.000000000000 0.000000000000 1.000000000000
1 41 66
0.943340090000 0.278772650000 0.179986930000 0.285518350000
-0.311685580000 0.930506490000 0.192379220000 0.040287660000
-0.113848950000 -0.237578360000 0.964673490000 -0.132912970000
0.000000000000 0.000000000000 0.000000000000 1.000000000000
1 42 66
0.003973270000 0.879530740000 -0.475825490000 0.820189000000
0.700350800000 -0.342091260000 -0.626484100000 2.288977510000
-0.713787760000 -0.330755570000 -0.617339280000 3.802068560000
0.000000000000 0.000000000000 0.000000000000 1.000000000000
1 43 66
0.983480380000 0.026437870000 -0.179073700000 0.693710400000
-0.100809280000 0.901660440000 -0.420530550000 1.240865830000
0.150345740000 0.431635830000 0.889430530000 0.220635170000
0.000000000000 0.000000000000 0.000000000000 1.000000000000
1 44 66
-0.637326580000 0.769071280000 0.048416880000 -0.052709520000
0.492445500000 0.454804090000 -0.742058400000 2.549871440000
-0.592716000000 -0.449090870000 -0.668584430000 4.359752710000
0.000000000000 0.000000000000 0.000000000000 1.000000000000
1 45 66
0.608025800000 -0.404090900000 0.683385080000 -1.409168990000
-0.772278850000 -0.500635890000 0.391087050000 -0.041379690000
0.184092380000 -0.765554870000 -0.616470390000 4.722651300000
0.000000000000 0.000000000000 0.000000000000 1.000000000000
1 46 66
0.984302130000 -0.127983720000 0.121529760000 -0.530160830000
-0.042491970000 -0.840178320000 -0.540642970000 2.099590970000
0.171300170000 0.526991990000 -0.832427590000 4.226273370000
0.000000000000 0.000000000000 0.000000000000 1.000000000000
1 47 66
0.041133410000 0.451953830000 -0.891092460000 1.561783680000
-0.133848650000 0.886301090000 0.443345150000 -0.503216220000
0.990147760000 0.101035230000 0.096950000000 2.536406260000
0.000000000000 0.000000000000 0.000000000000 1.000000000000
1 48 66
0.322939250000 -0.930370240000 0.173555370000 -1.401130080000
-0.923958940000 -0.349643030000 -0.155079410000 0.512335400000
0.204963690000 -0.110276800000 -0.972537360000 4.903773640000
0.000000000000 0.000000000000 0.000000000000 1.000000000000
1 49 66
0.614400500000 -0.377806000000 0.692657670000 -1.703569870000
-0.445925120000 0.557959680000 0.699879830000 -1.041864230000
-0.650893860000 -0.738879970000 0.174337520000 2.311020240000
0.000000000000 0.000000000000 0.000000000000 1.000000000000
1 50 66
0.603980150000 -0.265410780000 0.751508540000 -2.380234970000
-0.616199430000 -0.753529960000 0.229108840000 0.629358910000
0.505476240000 -0.601456330000 -0.618663110000 3.761869660000
0.000000000000 0.000000000000 0.000000000000 1.000000000000
1 51 66
-0.938018198000 0.346464643000 0.009171223890 -0.151008528000
0.346474060000 0.938059367000 -0.000592075304 0.321721083000
-0.008808285630 0.002622213770 -0.999957768000 5.540069000000
0.000000000000 0.000000000000 0.000000000000 1.000000000000
1 52 66
-0.869583710000 -0.026795790000 -0.493057960000 1.983144530000
-0.409279130000 0.597744560000 0.689341740000 -1.962812080000
0.276251260000 0.801238680000 -0.530755890000 3.232863450000
0.000000000000 0.000000000000 0.000000000000 1.000000000000
1 53 66
0.865298570000 -0.260656160000 0.428155060000 -1.324469440000
-0.293779930000 -0.955799670000 0.011846840000 0.626574350000
0.406142510000 -0.136034420000 -0.903627630000 4.925373720000
0.000000000000 0.000000000000 0.000000000000 1.000000000000
1 54 66
-0.275362100000 0.959190670000 -0.064257050000 -0.050579030000
-0.150032110000 -0.108900490000 -0.982665280000 3.812420300000
-0.949560990000 -0.260948150000 0.173896470000 2.953969120000
0.000000000000 0.000000000000 0.000000000000 1.000000000000
1 55 66
0.990652480000 0.018320940000 0.135174020000 0.182838770000
-0.037889740000 0.988902750000 0.143651400000 -0.700037630000
-0.131042130000 -0.147430330000 0.980353130000 0.538803240000
0.000000000000 0.000000000000 0.000000000000 1.000000000000
1 56 66
0.951075120000 -0.214244360000 -0.222610580000 0.136605170000
0.260053470000 0.944147310000 0.202380950000 -0.169413470000
0.166818210000 -0.250370150000 0.953670000000 0.219865520000
0.000000000000 0.000000000000 0.000000000000 1.000000000000
1 57 66
0.914460400000 -0.355365880000 0.193590470000 -0.347274600000
-0.369085730000 -0.928581470000 0.038886790000 0.543122390000
0.165945490000 -0.107011910000 -0.980311450000 4.533517230000
0.000000000000 0.000000000000 0.000000000000 1.000000000000
1 58 66
-0.710093080000 0.664931350000 -0.231590430000 0.774343800000
0.373076560000 0.634260570000 0.677146520000 -1.055894580000
0.597144620000 0.394436090000 -0.698454340000 4.891036240000
0.000000000000 0.000000000000 0.000000000000 1.000000000000
1 59 66
0.801965060000 -0.538673830000 0.258229640000 -0.136535650000
0.549236510000 0.834895870000 0.035890810000 -0.093024690000
-0.234928290000 0.113045970000 0.965416650000 -0.033831290000
0.000000000000 0.000000000000 0.000000000000 1.000000000000
1 60 66
0.996408750000 0.081050900000 -0.024502140000 0.608950230000
0.001932910000 0.267523850000 0.963549300000 -1.535583590000
0.084651450000 -0.960136310000 0.266406440000 1.800320410000
0.000000000000 0.000000000000 0.000000000000 1.000000000000
1 61 66
0.984523580000 -0.078835610000 -0.156519250000 0.511494930000
-0.054823510000 -0.986828090000 0.152199530000 0.135091500000
-0.166456330000 -0.141263090000 -0.975877570000 4.346169880000
0.000000000000 0.000000000000 0.000000000000 1.000000000000
1 62 66
0.926615410000 0.123339160000 -0.355206040000 1.204265250000
0.290180610000 0.366189220000 0.884138380000 -1.595455670000
0.239121510000 -0.922330150000 0.303525940000 2.074329670000
0.000000000000 0.000000000000 0.000000000000 1.000000000000
1 63 66
0.937062440000 -0.317432010000 -0.145433470000 1.187403280000
0.322381890000 0.946543440000 0.011199470000 0.085116550000
0.134104030000 -0.057379720000 0.989304640000 -0.036714520000
0.000000000000 0.000000000000 0.000000000000 1.000000000000
1 64 66
0.815325940000 -0.576466040000 0.054134300000 -0.211314610000
-0.440500010000 -0.678254440000 -0.588158700000 1.859712350000
0.375770340000 0.455694880000 -0.806931730000 4.823000790000
0.000000000000 0.000000000000 0.000000000000 1.000000000000
1 65 66
0.835330850000 0.510521420000 -0.203936860000 -0.008589420000
-0.339823800000 0.771114100000 0.538426260000 -0.707606680000
0.432136730000 -0.380461460000 0.817622730000 0.536255330000
0.000000000000 0.000000000000 0.000000000000 1.000000000000
2 4 66
0.496586070000 0.092525360000 -0.863041910000 3.109053950000
-0.386912120000 0.913649410000 -0.124674620000 0.397593780000
0.776982170000 0.395833050000 0.489504750000 1.110752550000
0.000000000000 0.000000000000 0.000000000000 1.000000000000
2 5 66
-0.993373400000 -0.108002980000 0.039302030000 0.299601070000
-0.078483020000 0.887263860000 0.454536310000 -1.529399110000
-0.083962550000 0.448439740000 -0.889860710000 4.757026050000
0.000000000000 0.000000000000 0.000000000000 1.000000000000
2 6 66
0.763943860000 -0.070963500000 0.641368820000 -1.203548930000
0.003456170000 0.994370330000 0.105904250000 -0.097081230000
-0.645273460000 -0.078688220000 0.759888360000 0.522889430000
0.000000000000 0.000000000000 0.000000000000 1.000000000000
2 7 66
0.547144320000 -0.252540830000 0.798032720000 -1.829255070000
0.134354270000 0.967535530000 0.214065220000 -0.572190790000
-0.826185220000 -0.009905470000 0.563311510000 1.331515130000
0.000000000000 0.000000000000 0.000000000000 1.000000000000
2 8 66
0.964694610000 -0.121280910000 0.233784610000 -0.525484380000
0.171650570000 0.962766340000 -0.208846990000 0.375059730000
-0.199750800000 0.241602820000 0.949593440000 0.821555760000
0.000000000000 0.000000000000 0.000000000000 1.000000000000
2 9 66
0.984374390000 -0.103469860000 -0.142481730000 0.659659970000
0.107694230000 0.993935230000 0.022242150000 -0.466179020000
0.139316220000 -0.037239060000 0.989547490000 -0.379825300000
0.000000000000 0.000000000000 0.000000000000 1.000000000000
2 10 66
-0.998482920000 -0.033793660000 -0.043472320000 0.195644120000
0.054888050000 -0.673622200000 -0.737034890000 2.745138150000
-0.004376810000 -0.738302860000 0.674455130000 1.124216810000
0.000000000000 0.000000000000 0.000000000000 1.000000000000
2 11 66
0.994847720000 0.096078960000 0.032355060000 0.072614550000
-0.092143160000 0.990015860000 -0.106668820000 0.380101090000
-0.042280650000 0.103137940000 0.993768040000 0.457262220000
0.000000000000 0.000000000000 0.000000000000 1.000000000000
2 12 66
-0.901730980000 -0.014114430000 -0.432067150000 0.633215140000
0.161369560000 -0.938212690000 -0.306132020000 2.386323260000
-0.401050010000 -0.345771210000 0.848293090000 0.727695500000
0.000000000000 0.000000000000 0.000000000000 1.000000000000
2 13 66
-0.767762570000 0.125722470000 -0.628279000000 2.450167010000
-0.179701510000 0.898955210000 0.399483290000 -0.203417730000
0.615018710000 0.419611000000 -0.667591640000 3.716855300000
0.000000000000 0.000000000000 0.000000000000 1.000000000000
2 14 66
-0.724203110000 0.086069330000 0.684194360000 -1.514353960000
0.439763940000 0.821887710000 0.362088770000 -1.055228610000
-0.531166200000 0.563109810000 -0.633063820000 3.601952840000
0.000000000000 0.000000000000 0.000000000000 1.000000000000
2 15 66
0.415945600000 0.082431970000 -0.905645750000 2.578648050000
-0.140541370000 0.989745370000 0.025538780000 0.076723470000
0.898463900000 0.116657950000 0.423265340000 1.892389930000
0.000000000000 0.000000000000 0.000000000000 1.000000000000
2 17 66
-0.558307400000 -0.328482610000 0.761834640000 -1.859307250000
0.787756620000 0.078165520000 0.611007080000 -0.436100100000
-0.260254400000 0.941270060000 0.215123960000 0.740093450000
0.000000000000 0.000000000000 0.000000000000 1.000000000000
2 18 66
0.771674370000 0.621101390000 -0.136936990000 0.709667030000
0.561234130000 -0.766262800000 -0.312821960000 1.943070890000
-0.299223870000 0.164542980000 -0.939888650000 4.933634460000
0.000000000000 0.000000000000 0.000000000000 1.000000000000
2 19 66
0.585159870000 -0.223167150000 0.779605250000 -1.365422930000
0.351680660000 0.936111480000 0.004001920000 0.145883540000
-0.730690520000 0.271830330000 0.626258440000 0.713211620000
0.000000000000 0.000000000000 0.000000000000 1.000000000000
2 20 66
0.823211380000 0.493221610000 -0.281168060000 0.796590940000
-0.474944050000 0.869613220000 0.134911070000 0.139550250000
0.311048510000 0.022478760000 0.950128160000 -0.084471110000
0.000000000000 0.000000000000 0.000000000000 1.000000000000
2 21 66
-0.955775160000 0.063391000000 0.287185350000 -0.646605510000
0.195543690000 0.866357180000 0.459551860000 -0.506037630000
-0.219673630000 0.495385530000 -0.840438380000 4.248542220000
0.000000000000 0.000000000000 0.000000000000 1.000000000000
2 22 66
0.855071200000 0.254443900000 -0.451787060000 1.755563460000
-0.105077470000 0.938270940000 0.329554810000 -0.672568990000
0.507751880000 -0.234320180000 0.829024770000 0.171775480000
0.000000000000 0.000000000000 0.000000000000 1.000000000000
2 23 66
-0.892100500000 -0.093190170000 -0.442122480000 1.622828610000
-0.243107070000 0.923791560000 0.295817690000 -1.497277060000
0.380861710000 0.371382210000 -0.846770110000 4.687966580000
0.000000000000 0.000000000000 0.000000000000 1.000000000000
2 24 66
-0.632843040000 -0.245523220000 0.734321480000 -1.254583270000
0.200029130000 0.864355470000 0.461387000000 -0.914604760000
-0.747996020000 0.438871230000 -0.497889550000 3.460139250000
0.000000000000 0.000000000000 0.000000000000 1.000000000000
2 25 66
0.976740960000 -0.069350910000 0.202897870000 -0.046276540000
0.039580110000 0.988304430000 0.147267670000 -0.039573230000
-0.210738010000 -0.135811640000 0.968062340000 -0.151021290000
0.000000000000 0.000000000000 0.000000000000 1.000000000000
2 26 66
0.966807500000 0.121985700000 0.224505570000 0.459004860000
-0.138073210000 0.988760160000 0.057350960000 -0.255240050000
-0.214986170000 -0.086445540000 0.972783690000 0.015318450000
0.000000000000 0.000000000000 0.000000000000 1.000000000000
2 27 66
-0.432223680000 -0.778582100000 0.454964400000 -0.835735640000
0.615813490000 0.113719750000 0.779641950000 -1.427822530000
-0.658753700000 0.617152920000 0.430308990000 1.196391020000
0.000000000000 0.000000000000 0.000000000000 1.000000000000
2 28 66
0.040941700000 -0.820178170000 0.570641350000 -0.018881680000
-0.104027790000 0.564517250000 0.818839720000 -0.760034920000
-0.993731350000 -0.092887240000 -0.062209030000 2.093746370000
0.000000000000 0.000000000000 0.000000000000 1.000000000000
2 29 66
0.721574820000 0.652554600000 -0.231305600000 0.819833620000
-0.380663390000 0.653004900000 0.654736570000 -0.669609120000
0.578295050000 -0.384391850000 0.719595540000 1.498016360000
0.000000000000 0.000000000000 0.000000000000 1.000000000000
2 30 66
-0.880385390000 -0.392652320000 -0.265980690000 1.454721320000
-0.196249000000 -0.208947070000 0.958033120000 -1.007605100000
-0.431749810000 0.895636800000 0.106896320000 2.682124190000
0.000000000000 0.000000000000 0.000000000000 1.000000000000
2 31 66
0.780898340000 -0.588026760000 0.210766020000 0.094971940000
0.161425120000 0.515916000000 0.841292230000 -0.877565240000
-0.603439910000 -0.622940770000 0.497800240000 1.437665060000
0.000000000000 0.000000000000 0.000000000000 1.000000000000
2 32 66
0.851459700000 -0.254154250000 -0.458717770000 1.207973710000
0.489265280000 0.699857630000 0.520402510000 -0.886901560000
0.188774620000 -0.667536450000 0.720249420000 0.394106960000
0.000000000000 0.000000000000 0.000000000000 1.000000000000
2 33 66
0.875549140000 0.073566960000 -0.477495130000 1.457432890000
0.251807490000 0.773994250000 0.580969780000 -0.782771020000
0.412318670000 -0.628904440000 0.659145290000 0.678087180000
0.000000000000 0.000000000000 0.000000000000 1.000000000000
2 34 66
0.334762110000 0.376593240000 -0.863777670000 2.811794050000
0.074666930000 0.903183360000 0.422711100000 -0.494951460000
0.939339760000 -0.206003280000 0.274232510000 2.176353690000
0.000000000000 0.000000000000 0.000000000000 1.000000000000
2 35 66
0.800838940000 0.565347730000 0.197582770000 -0.268376210000
0.591314070000 -0.694172150000 -0.410454250000 1.421855790000
-0.094892920000 0.445541210000 -0.890218150000 4.360392210000
0.000000000000 0.000000000000 0.000000000000 1.000000000000
2 36 66
0.933993830000 0.128564270000 -0.333356780000 0.438930860000
0.174671680000 0.649614340000 0.739926360000 -1.105146560000
0.311681440000 -0.749314640000 0.584279250000 1.143352870000
0.000000000000 0.000000000000 0.000000000000 1.000000000000
2 37 66
0.921015630000 -0.384180710000 -0.064307040000 0.134373320000
0.387901300000 0.919650840000 0.061440340000 0.442254420000
0.035535830000 -0.081532300000 0.996036990000 0.145902520000
0.000000000000 0.000000000000 0.000000000000 1.000000000000
2 38 66
-0.364147320000 0.388096060000 -0.846627530000 2.913337350000
-0.459209910000 0.716041290000 0.525748160000 -0.339288930000
0.810261060000 0.580229530000 -0.082526960000 2.336768680000
0.000000000000 0.000000000000 0.000000000000 1.000000000000
2 39 66
-0.532562940000 0.135419460000 0.835486860000 -1.787372770000
-0.737750440000 0.409555610000 -0.536645590000 2.010330550000
-0.414850580000 -0.902178350000 -0.118208370000 2.577169830000
0.000000000000 0.000000000000 0.000000000000 1.000000000000
2 40 66
-0.985688830000 0.067280480000 -0.154566720000 0.570569000000
-0.147909240000 0.094703460000 0.984456250000 -1.350270280000
0.080872690000 0.993229380000 -0.083396740000 2.695621630000
0.000000000000 0.000000000000 0.000000000000 1.000000000000
2 41 66
0.834404040000 -0.351915680000 0.424175960000 -0.330530220000
0.140002540000 -0.609037850000 -0.780687000000 2.407014180000
0.533075210000 0.710794100000 -0.458914550000 3.718592980000
0.000000000000 0.000000000000 0.000000000000 1.000000000000
2 42 66
-0.750017620000 -0.492968810000 -0.440970900000 1.475942010000
-0.542814060000 0.077819720000 0.836239790000 -1.474430480000
-0.377923900000 0.866559780000 -0.325956560000 2.126865810000
0.000000000000 0.000000000000 0.000000000000 1.000000000000
2 43 66
0.926561770000 0.330726000000 -0.179174760000 1.600992880000
-0.058983250000 0.598206440000 0.799168330000 -1.134674790000
0.371489250000 -0.729910520000 0.573782520000 1.304517760000
0.000000000000 0.000000000000 0.000000000000 1.000000000000
2 44 66
0.581916890000 -0.258259230000 -0.771151680000 2.931922580000
0.527104900000 0.841871450000 0.115814010000 0.282815430000
0.619300540000 -0.473871960000 0.626028920000 0.953973250000
0.000000000000 0.000000000000 0.000000000000 1.000000000000
2 45 66
0.682279440000 -0.074809650000 -0.727253930000 2.468221030000
-0.119160470000 0.970069750000 -0.211578530000 0.079476130000
0.721315150000 0.231015600000 0.652944290000 0.718121940000
0.000000000000 0.000000000000 0.000000000000 1.000000000000
2 46 66
0.330843140000 0.191852240000 -0.923978100000 2.590459030000
0.292825680000 0.909914820000 0.293782460000 -0.616800190000
0.897104200000 -0.367760430000 0.244859820000 1.665554300000
0.000000000000 0.000000000000 0.000000000000 1.000000000000
2 47 66
0.034358900000 0.419444810000 -0.907130380000 3.288374560000
-0.491856420000 0.797231350000 0.349999200000 0.447963250000
0.869998120000 0.434152310000 0.233698620000 2.001262440000
0.000000000000 0.000000000000 0.000000000000 1.000000000000
2 48 66
0.261563980000 0.864323540000 -0.429568500000 1.612353970000
0.471793020000 -0.502762650000 -0.724321110000 2.087929400000
-0.842018790000 -0.013211110000 -0.539286410000 3.888007020000
0.000000000000 0.000000000000 0.000000000000 1.000000000000
2 49 66
-0.087243760000 0.669240750000 -0.737906050000 2.012131940000
0.252726590000 -0.701627990000 -0.666218760000 1.957747990000
-0.963596280000 -0.244611910000 -0.107922270000 3.197282030000
0.000000000000 0.000000000000 0.000000000000 1.000000000000
2 50 66
0.311628680000 0.928412810000 -0.202329460000 0.899514040000
-0.163233100000 -0.157461030000 -0.973940950000 3.787584270000
-0.936078270000 0.336534800000 0.102478330000 3.310923090000
0.000000000000 0.000000000000 0.000000000000 1.000000000000
2 51 66
0.207718370000 -0.478718140000 0.853042800000 -1.085588530000
0.048211300000 0.876014080000 0.479869780000 -1.023521260000
-0.976999870000 -0.058551460000 0.205043840000 1.425507640000
0.000000000000 0.000000000000 0.000000000000 1.000000000000
2 52 66
0.740545680000 -0.579613430000 0.340059360000 -0.942271590000
-0.080348740000 -0.578776080000 -0.811518540000 3.476257610000
0.667185270000 0.573643200000 -0.475181330000 3.837381200000
0.000000000000 0.000000000000 0.000000000000 1.000000000000
2 53 66
-0.099051600000 0.799714020000 -0.592153920000 2.140968210000
-0.591043520000 0.431454750000 0.681552900000 -0.872711260000
0.800535030000 0.417497640000 0.429929510000 0.334454290000
0.000000000000 0.000000000000 0.000000000000 1.000000000000
2 54 66
-0.868722340000 0.297981920000 -0.395636530000 1.570096730000
0.070621790000 0.865141390000 0.496530910000 -0.842951640000
0.490238770000 0.403406930000 -0.772611670000 4.640633720000
0.000000000000 0.000000000000 0.000000000000 1.000000000000
2 55 66
0.986204510000 -0.129696790000 0.102856230000 -0.036844960000
0.157036980000 0.929549680000 -0.333581740000 0.514575630000
-0.052345490000 0.345132050000 0.937093280000 0.430620640000
0.000000000000 0.000000000000 0.000000000000 1.000000000000
2 56 66
0.974445440000 -0.215200620000 -0.064379920000 0.604848710000
-0.210273490000 -0.974722700000 0.075503090000 0.454408930000
-0.079000880000 -0.060036260000 -0.995065080000 4.810177390000
0.000000000000 0.000000000000 0.000000000000 1.000000000000
2 57 66
-0.078618690000 0.175090740000 0.981408340000 -1.872545440000
-0.417936090000 -0.899554640000 0.127007380000 0.555644300000
0.905068250000 -0.400180810000 0.143898550000 2.167358020000
0.000000000000 0.000000000000 0.000000000000 1.000000000000
2 58 66
-0.476803040000 0.493271720000 -0.727558840000 2.107995700000
-0.206909150000 0.741462950000 0.638295620000 -1.157559130000
0.854311100000 0.454879870000 -0.251469360000 3.778476440000
0.000000000000 0.000000000000 0.000000000000 1.000000000000
2 59 66
0.885903490000 -0.436434210000 0.157162920000 -0.521340920000
0.338269650000 0.839656400000 0.424912670000 -0.616213380000
-0.317409280000 -0.323268170000 0.891486980000 0.463765860000
0.000000000000 0.000000000000 0.000000000000 1.000000000000
2 60 66
-0.742768600000 0.040396380000 -0.668328470000 1.791065980000
-0.621205440000 -0.413981830000 0.665374210000 -0.582634830000
-0.249797130000 0.909388350000 0.332587160000 1.905520150000
0.000000000000 0.000000000000 0.000000000000 1.000000000000
2 61 66
-0.231902730000 0.436079780000 -0.869514550000 2.187043900000
-0.321054640000 0.809478960000 0.491597130000 -0.676460190000
0.918229300000 0.393164390000 -0.047714940000 2.880384320000
0.000000000000 0.000000000000 0.000000000000 1.000000000000
2 62 66
0.239857350000 0.363140950000 -0.900331660000 2.593713260000
-0.171448530000 0.928672480000 0.328896370000 -0.363493410000
0.955548980000 0.075472320000 0.285008910000 2.010510060000
0.000000000000 0.000000000000 0.000000000000 1.000000000000
2 63 66
0.473442580000 -0.846995510000 0.241765850000 0.194725230000
0.844932750000 0.514262490000 0.147046760000 0.579749050000
-0.248879050000 0.134657690000 0.959128000000 -0.006439400000
0.000000000000 0.000000000000 0.000000000000 1.000000000000
2 64 66
0.452320970000 0.327539990000 -0.829531970000 2.403098940000
0.431386910000 0.733723480000 0.524933510000 -0.403260800000
0.780583800000 -0.595287670000 0.190582060000 1.993728850000
0.000000000000 0.000000000000 0.000000000000 1.000000000000
2 65 66
0.979879690000 -0.022816290000 -0.198280650000 0.792711720000
-0.179418110000 -0.535900590000 -0.824996790000 2.727325910000
-0.087435350000 0.843972730000 -0.529211760000 3.466549140000
0.000000000000 0.000000000000 0.000000000000 1.000000000000
3 5 66
0.994560570000 -0.054519680000 0.088751730000 0.022973580000
0.066911230000 0.987422700000 -0.143245620000 -0.262069470000
-0.079825770000 0.148404940000 0.985699660000 -0.012950180000
0.000000000000 0.000000000000 0.000000000000 1.000000000000
3 6 66
0.976499180000 0.021141080000 0.214481710000 -0.759107950000
-0.044564930000 0.993476200000 0.104971470000 -0.319733460000
-0.210863270000 -0.112062920000 0.971070840000 0.083098850000
0.000000000000 0.000000000000 0.000000000000 1.000000000000
3 7 66
0.717914920000 0.676855580000 0.162679700000 0.029858040000
-0.617351060000 0.727027920000 -0.300513010000 0.720193960000
-0.321676590000 0.115312290000 0.939801710000 0.644264750000
0.000000000000 0.000000000000 0.000000000000 1.000000000000
3 8 66
0.182408180000 -0.245876150000 0.951983290000 -2.467930620000
-0.124444000000 0.954667470000 0.270413950000 -0.662305930000
-0.975315820000 -0.167794330000 0.143541350000 3.768587070000
0.000000000000 0.000000000000 0.000000000000 1.000000000000
3 9 66
0.825628920000 0.102561210000 -0.554813560000 1.755165300000
-0.463470640000 0.684068950000 -0.563244740000 1.104739510000
0.321763670000 0.722170940000 0.612321220000 0.790426080000
0.000000000000 0.000000000000 0.000000000000 1.000000000000
3 10 66
0.938248890000 0.097420150000 -0.331961350000 1.152377370000
-0.156944040000 0.974974420000 -0.157459330000 0.511397540000
0.308314120000 0.199835400000 0.930058180000 0.228573630000
0.000000000000 0.000000000000 0.000000000000 1.000000000000
3 11 66
0.817955470000 -0.161043570000 0.552280560000 -1.247632860000
-0.247504250000 0.768112670000 0.590545990000 -1.388168750000
-0.519317330000 -0.619732110000 0.588423000000 1.383118800000
0.000000000000 0.000000000000 0.000000000000 1.000000000000
3 12 66
-0.504592000000 -0.063291590000 0.861034890000 -2.115614630000
-0.355340280000 -0.893697000000 -0.273932410000 1.809849930000
0.786841920000 -0.444184480000 0.428462300000 2.646823880000
0.000000000000 0.000000000000 0.000000000000 1.000000000000
3 13 66
0.510774490000 -0.345150000000 0.787388660000 -1.437807130000
-0.445100300000 -0.889734930000 -0.101279250000 1.317522600000
0.735523720000 -0.298736070000 -0.608080270000 3.779798630000
0.000000000000 0.000000000000 0.000000000000 1.000000000000
3 14 66
0.635073930000 -0.317644850000 -0.704118500000 2.446112590000
0.012933240000 0.915782380000 -0.401466510000 0.746831140000
0.772343080000 0.245854380000 0.585697690000 1.099054720000
0.000000000000 0.000000000000 0.000000000000 1.000000000000
3 15 66
0.398690650000 -0.347598820000 0.848658250000 -1.587347660000
0.385875850000 0.903066250000 0.188603210000 -0.164320490000
-0.831952880000 0.252282380000 0.494174060000 0.670994570000
0.000000000000 0.000000000000 0.000000000000 1.000000000000
3 16 66
-0.431694790000 0.877234270000 -0.209999140000 0.770398240000
0.890414820000 0.377207000000 -0.254708310000 0.208625060000
-0.144225710000 -0.296942600000 -0.943940700000 6.125613070000
0.000000000000 0.000000000000 0.000000000000 1.000000000000
3 17 66
0.596387190000 0.071502810000 -0.799505890000 2.463847990000
0.235813740000 0.936467170000 0.259655780000 -0.764891450000
0.767277140000 -0.343389850000 0.541635680000 2.008233390000
0.000000000000 0.000000000000 0.000000000000 1.000000000000
3 18 66
-0.972127522000 0.159640074000 -0.171706518000 0.515604580000
0.003877281980 0.743218107000 0.669037976000 -1.730488570000
0.234420665000 0.649724474000 -0.723121746000 4.414052100000
0.000000000000 0.000000000000 0.000000000000 1.000000000000
3 19 66
0.890798150000 0.364507640000 -0.271316860000 0.817599410000
-0.440773190000 0.548023740000 -0.710907150000 2.353686480000
-0.110443010000 0.752863970000 0.648843730000 0.634543330000
0.000000000000 0.000000000000 0.000000000000 1.000000000000
3 20 66
0.822192170000 0.250814220000 0.510971870000 -0.622062400000
0.154881610000 0.765237550000 -0.624838520000 0.939857130000
-0.547733250000 0.592877490000 0.590325820000 1.630250650000
0.000000000000 0.000000000000 0.000000000000 1.000000000000
3 21 66
-0.512456530000 0.284007160000 0.810387710000 -1.906541310000
0.767390330000 0.574969740000 0.283763760000 -0.128715840000
-0.385357470000 0.767300280000 -0.512591350000 3.896371800000
0.000000000000 0.000000000000 0.000000000000 1.000000000000
3 22 66
-0.486366430000 -0.015642560000 0.873614910000 -1.796505560000
0.851745070000 0.214513140000 0.478031840000 -0.703900230000
-0.194879510000 0.976595830000 -0.091008510000 2.700816380000
0.000000000000 0.000000000000 0.000000000000 1.000000000000
3 23 66
0.997540250000 -0.057003070000 0.040793380000 0.411567790000
-0.050085320000 -0.986780650000 -0.154127900000 2.300396310000
0.049039880000 0.151705630000 -0.987208430000 5.193891810000
0.000000000000 0.000000000000 0.000000000000 1.000000000000
3 24 66
0.628243250000 -0.049707460000 0.776427450000 -1.838748410000
0.452145260000 0.835459680000 -0.312364830000 1.045890500000
-0.633146970000 0.547299090000 0.547346900000 0.753714360000
0.000000000000 0.000000000000 0.000000000000 1.000000000000
3 25 66
0.237024310000 0.472573900000 -0.848818820000 2.042841680000
-0.178060920000 0.880047850000 0.440238680000 -0.905437270000
0.955046480000 0.046794190000 0.292739670000 1.617137160000
0.000000000000 0.000000000000 0.000000000000 1.000000000000
3 26 66
0.703654680000 -0.312327600000 0.638217490000 -1.217376750000
0.163532530000 0.945285300000 0.282299150000 -1.081606040000
-0.691467430000 -0.094271800000 0.716230150000 1.130810800000
0.000000000000 0.000000000000 0.000000000000 1.000000000000
3 27 66
0.818539310000 0.571179250000 0.061218190000 0.268697940000
-0.571280090000 0.820567070000 -0.017571020000 -0.099648420000
-0.060269830000 -0.020590160000 0.997969740000 0.834048610000
0.000000000000 0.000000000000 0.000000000000 1.000000000000
3 28 66
-0.196159590000 0.366150140000 -0.909645810000 2.186497530000
0.679472750000 -0.618093650000 -0.395318890000 1.622234570000
-0.706992360000 -0.695625130000 -0.127544050000 2.852610770000
0.000000000000 0.000000000000 0.000000000000 1.000000000000
3 29 66
0.745094250000 -0.390512020000 0.540680060000 0.098434530000
0.266627820000 0.917471260000 0.295222100000 -0.346254810000
-0.611346190000 -0.075807940000 0.787723930000 1.274013900000
0.000000000000 0.000000000000 0.000000000000 1.000000000000
3 30 66
0.844787480000 -0.496765970000 0.198891120000 -0.755149100000
0.050234070000 -0.296421930000 -0.953735070000 2.198973850000
0.532738820000 0.815694550000 -0.225458960000 3.467339920000
0.000000000000 0.000000000000 0.000000000000 1.000000000000
3 31 66
-0.675913990000 0.357663180000 -0.644373590000 2.557190960000
0.670641580000 -0.064037710000 -0.739012210000 1.870920660000
-0.305581660000 -0.931652410000 -0.196579820000 2.988993970000
0.000000000000 0.000000000000 0.000000000000 1.000000000000
3 32 66
0.996846800000 0.033326500000 0.072012570000 0.438338240000
-0.054194260000 0.948835840000 0.311084440000 -0.257308270000
-0.057960750000 -0.314006200000 0.947650070000 0.079146080000
0.000000000000 0.000000000000 0.000000000000 1.000000000000
3 33 66
0.349620610000 -0.396338510000 0.848929450000 -1.864548990000
0.192941080000 0.917149170000 0.348727870000 -0.495674380000
-0.916809230000 0.041870910000 0.397124240000 1.891909700000
0.000000000000 0.000000000000 0.000000000000 1.000000000000
3 34 66
0.670617183000 -0.141790312000 -0.728126432000 1.746406150000
-0.741803194000 -0.127145448000 -0.658454293000 2.103135210000
0.000784478587 0.981697276000 -0.190446429000 3.178606710000
0.000000000000 0.000000000000 0.000000000000 1.000000000000
3 35 66
-0.965717760000 0.247975830000 0.076793130000 0.095730530000
-0.057260770000 0.085051350000 -0.994729850000 2.542214060000
-0.253200320000 -0.965025520000 -0.067936320000 3.336670370000
0.000000000000 0.000000000000 0.000000000000 1.000000000000
3 36 66
-0.037921380000 0.877796230000 -0.477530880000 1.640118890000
0.990632010000 0.095759240000 0.097356980000 -0.812381730000
0.131187580000 -0.469365460000 -0.873204370000 5.284738800000
0.000000000000 0.000000000000 0.000000000000 1.000000000000
3 37 66
-0.770180920000 0.637165790000 -0.029001830000 0.177858230000
0.636262720000 0.770680260000 0.034952550000 -0.075250420000
0.044621700000 0.008467010000 -0.998968070000 5.461023360000
0.000000000000 0.000000000000 0.000000000000 1.000000000000
3 38 66
0.796964210000 -0.233328530000 0.557140770000 -1.052708390000
0.170036120000 0.971740390000 0.163732520000 -0.173074510000
-0.579599660000 -0.035754900000 0.814116590000 1.028562270000
0.000000000000 0.000000000000 0.000000000000 1.000000000000
3 39 66
0.821375790000 0.270237040000 -0.502308420000 0.862033180000
-0.210863840000 0.962119790000 0.172806080000 -0.340281650000
0.529979480000 -0.036020050000 0.847245130000 1.467661690000
0.000000000000 0.000000000000 0.000000000000 1.000000000000
3 40 66
0.945724170000 -0.322990150000 -0.035821290000 0.188145310000
-0.228344200000 -0.582043480000 -0.780438540000 2.282031080000
0.231224420000 0.746259170000 -0.624205510000 4.053332550000
0.000000000000 0.000000000000 0.000000000000 1.000000000000
3 41 66
-0.998002100000 0.046654550000 0.042604810000 -0.161989320000
0.053094260000 0.253788520000 0.965801420000 -1.450755290000
0.034246420000 0.966133920000 -0.255758560000 3.388513430000
0.000000000000 0.000000000000 0.000000000000 1.000000000000
3 42 66
0.535052150000 -0.639709540000 0.551806940000 -0.691631110000
-0.168368780000 0.559318420000 0.811674110000 -1.679474540000
-0.827871460000 -0.527195040000 0.191557410000 1.940976550000
0.000000000000 0.000000000000 0.000000000000 1.000000000000
3 43 66
-0.407095350000 0.821921060000 -0.398395710000 0.659641420000
0.039031440000 -0.420122000000 -0.906627850000 2.872499480000
-0.912551330000 -0.384633940000 0.138948950000 2.286970360000
0.000000000000 0.000000000000 0.000000000000 1.000000000000
3 44 66
0.795916890000 -0.527045220000 -0.297892010000 1.596520820000
0.557051170000 0.444858260000 0.701281060000 -1.367228100000
-0.237087110000 -0.724102530000 0.647661350000 0.694160890000
0.000000000000 0.000000000000 0.000000000000 1.000000000000
3 45 66
0.454984340000 -0.219101990000 -0.863124310000 2.858119810000
-0.228086730000 0.908252430000 -0.350790490000 0.361571370000
0.860793640000 0.356471380000 0.363266380000 1.441598930000
0.000000000000 0.000000000000 0.000000000000 1.000000000000
3 46 66
-0.586377940000 0.280055940000 -0.760085250000 1.594510420000
-0.203189970000 0.857480650000 0.472695220000 -1.178213790000
0.784139500000 0.431619740000 -0.445903180000 3.533953450000
0.000000000000 0.000000000000 0.000000000000 1.000000000000
3 47 66
0.669846680000 -0.373453880000 0.641745770000 -1.365819290000
0.143212260000 0.913058420000 0.381856750000 -0.366470160000
-0.728557260000 -0.163879610000 0.665092320000 1.835684430000
0.000000000000 0.000000000000 0.000000000000 1.000000000000
3 48 66
0.908762420000 -0.344617250000 0.235350430000 -0.842839070000
0.387104670000 0.906798350000 -0.166933310000 1.064210020000
-0.155887280000 0.242807970000 0.957467200000 0.892622930000
0.000000000000 0.000000000000 0.000000000000 1.000000000000
3 49 66
0.780313420000 0.102744300000 0.616891050000 -1.424866690000
-0.176227840000 0.982563680000 0.059265140000 0.357708590000
-0.600045590000 -0.154958760000 0.784814040000 1.406580080000
0.000000000000 0.000000000000 0.000000000000 1.000000000000
3 50 66
0.914109614000 0.405467077000 -0.000252380407 0.613015717000
-0.402154278000 0.906720093000 0.127006339000 -0.307983534000
0.051725727600 -0.115996220000 0.991901873000 -0.033744285600
0.000000000000 0.000000000000 0.000000000000 1.000000000000
3 51 66
0.876789750000 -0.037961970000 -0.479373150000 1.632772230000
-0.118294890000 0.949217480000 -0.291534710000 0.804833890000
0.466096610000 0.312322040000 0.827773460000 0.439853520000
0.000000000000 0.000000000000 0.000000000000 1.000000000000
3 52 66
0.940527440000 0.329996980000 -0.080685310000 0.067407120000
-0.330842550000 0.943681070000 0.003041540000 0.052064290000
0.077144900000 0.023833490000 0.996734980000 0.014043940000
0.000000000000 0.000000000000 0.000000000000 1.000000000000
3 53 66
0.968879380000 0.239950920000 0.060797230000 -0.573021190000
-0.242723280000 0.872766300000 0.423514340000 -0.971442420000
0.048560890000 -0.425091220000 0.903846940000 0.342332730000
0.000000000000 0.000000000000 0.000000000000 1.000000000000
3 54 66
0.963378920000 0.232182890000 -0.134134850000 0.418221280000
-0.252615430000 0.953631590000 -0.163622250000 0.221389660000
0.089924940000 0.191514760000 0.977361550000 0.335635370000
0.000000000000 0.000000000000 0.000000000000 1.000000000000
3 55 66
0.972472980000 0.230138060000 0.036507130000 -0.304349830000
-0.220254590000 0.959000230000 -0.178343680000 -0.127698610000
-0.076054020000 0.165393550000 0.983290780000 0.380404850000
0.000000000000 0.000000000000 0.000000000000 1.000000000000
3 56 66
0.954587110000 0.117337680000 -0.273852730000 1.580046250000
-0.082989900000 0.987521920000 0.133839960000 -0.054691380000
0.286140040000 -0.105034880000 0.952413540000 0.155793120000
0.000000000000 0.000000000000 0.000000000000 1.000000000000
3 57 66
-0.499747000000 -0.257622600000 0.826972510000 -2.049225670000
0.383573930000 0.790202750000 0.477965110000 -0.748110540000
-0.776610570000 0.556066720000 -0.296084140000 2.843558290000
0.000000000000 0.000000000000 0.000000000000 1.000000000000
3 58 66
0.232037030000 -0.427888630000 0.873538860000 -1.846751620000
0.250523700000 0.894041820000 0.371385370000 -0.443393630000
-0.939891850000 0.132667030000 0.314647050000 1.775496420000
0.000000000000 0.000000000000 0.000000000000 1.000000000000
3 59 66
0.907637000000 0.152570640000 0.391046390000 -1.028602040000
-0.401134450000 0.589668040000 0.700986990000 -1.166309500000
-0.123637520000 -0.793103900000 0.596405870000 1.262224220000
0.000000000000 0.000000000000 0.000000000000 1.000000000000
3 60 66
0.997767650000 0.014358790000 0.065219250000 0.078213540000
-0.032136210000 0.959335760000 0.280432090000 -0.377204300000
-0.058540490000 -0.281901960000 0.957655620000 1.103546710000
0.000000000000 0.000000000000 0.000000000000 1.000000000000
3 61 66
-0.982394400000 0.058695970000 0.177358470000 -0.409965910000
0.155604520000 0.782458670000 0.602947480000 -0.986398660000
-0.103385090000 0.619930000000 -0.777816380000 4.077370090000
0.000000000000 0.000000000000 0.000000000000 1.000000000000
3 62 66
-0.788662190000 -0.256495830000 0.558768140000 -1.244130520000
0.579447730000 -0.006240160000 0.814985520000 -1.370370190000
-0.205553580000 0.966525190000 0.153547300000 2.167901290000
0.000000000000 0.000000000000 0.000000000000 1.000000000000
3 63 66
-0.793374450000 0.546244570000 -0.268651900000 0.780577700000
-0.073622940000 0.351985250000 0.933105590000 -1.961396710000
0.604265370000 0.760081080000 -0.239039980000 3.565117600000
0.000000000000 0.000000000000 0.000000000000 1.000000000000
3 64 66
-0.322182420000 0.469678180000 -0.821949450000 2.821138160000
-0.134925780000 0.836600540000 0.530937440000 -1.161458120000
0.937013090000 0.281960870000 -0.206166290000 3.267190660000
0.000000000000 0.000000000000 0.000000000000 1.000000000000
3 65 66
-0.833708010000 0.532993900000 0.144389960000 -0.479921580000
-0.103894500000 0.105408510000 -0.988986840000 2.967463310000
-0.542343890000 -0.839527570000 -0.032504790000 3.099999330000
0.000000000000 0.000000000000 0.000000000000 1.000000000000
4 6 66
-0.867334980000 0.417430350000 -0.271075520000 0.844468570000
-0.404316880000 -0.273273490000 0.872839880000 -1.742628510000
0.290272110000 0.866644970000 0.405793790000 1.320708360000
0.000000000000 0.000000000000 0.000000000000 1.000000000000
4 7 66
-0.995413511000 -0.000146266428 0.095665673200 0.204014062000
0.093706773700 0.199844509000 0.975336461000 -2.712094750000
-0.019260918500 0.979827613000 -0.198914218000 3.228862640000
0.000000000000 0.000000000000 0.000000000000 1.000000000000
4 8 66
0.224789900000 0.968504380000 -0.107092350000 0.867167970000
0.842741790000 -0.138067000000 0.520311240000 -2.077127140000
0.489137790000 -0.207211910000 -0.847235180000 5.022136550000
0.000000000000 0.000000000000 0.000000000000 1.000000000000
4 9 66
0.997182130000 0.074267050000 -0.010592790000 -0.341548900000
-0.073864530000 0.996676620000 0.034347390000 -0.527808880000
0.013108470000 -0.033468170000 0.999353820000 0.036597580000
0.000000000000 0.000000000000 0.000000000000 1.000000000000
4 10 66
0.992084280000 0.004413470000 -0.125496210000 0.299136780000
-0.030416620000 0.978067460000 -0.206055500000 0.571932110000
0.121834340000 0.208241590000 0.970459600000 0.193344000000
0.000000000000 0.000000000000 0.000000000000 1.000000000000
4 11 66
0.872408870000 -0.220691500000 0.436116990000 -1.336457120000
-0.216348360000 -0.974450760000 -0.060325030000 1.039806710000
0.438287750000 -0.041725100000 -0.897865720000 5.385809930000
0.000000000000 0.000000000000 0.000000000000 1.000000000000
4 12 66
0.979296080000 0.062512550000 0.192539280000 -0.346239380000
0.086106330000 -0.989425840000 -0.116714180000 1.717926860000
0.183207240000 0.130876590000 -0.974323570000 5.141464140000
0.000000000000 0.000000000000 0.000000000000 1.000000000000
4 13 66
0.172326910000 -0.121123100000 0.977564640000 -3.099056540000
0.446112100000 0.894398470000 0.032177100000 0.201816160000
-0.878229710000 0.430558440000 0.208163410000 2.698559900000
0.000000000000 0.000000000000 0.000000000000 1.000000000000
4 14 66
-0.352535570000 0.076656530000 -0.932653440000 1.873906980000
-0.738355630000 0.589528570000 0.327547000000 -1.627620070000
0.574934460000 0.804101890000 -0.151230010000 2.980322770000
0.000000000000 0.000000000000 0.000000000000 1.000000000000
4 15 66
0.255487910000 0.435439990000 -0.863202150000 2.487802490000
-0.393966430000 0.862233220000 0.318346240000 -0.831220270000
0.882902250000 0.258739050000 0.391838900000 2.277113610000
0.000000000000 0.000000000000 0.000000000000 1.000000000000
4 17 66
0.290020000000 0.350207630000 0.890641910000 -2.457232280000
0.326501100000 -0.911012610000 0.251898890000 1.368371030000
0.899602930000 0.217739850000 -0.378555060000 4.564820420000
0.000000000000 0.000000000000 0.000000000000 1.000000000000
4 18 66
0.940433450000 0.032228970000 0.338446770000 -0.863006440000
-0.193309620000 0.869603710000 0.454335540000 -1.121490530000
-0.279671800000 -0.492697350000 0.824034590000 0.674072050000
0.000000000000 0.000000000000 0.000000000000 1.000000000000
4 19 66
-0.541044970000 -0.289097860000 0.789742210000 -2.656004630000
0.188697790000 0.873384140000 0.448991420000 -1.045663290000
-0.819550780000 0.391947160000 -0.417987970000 3.594350960000
0.000000000000 0.000000000000 0.000000000000 1.000000000000
4 20 66
-0.871568940000 -0.059578790000 -0.486639450000 1.706994270000
-0.488500800000 0.021212680000 0.872305560000 -1.525546910000
-0.041647990000 0.997998190000 -0.047592600000 2.969048900000
0.000000000000 0.000000000000 0.000000000000 1.000000000000
4 21 66
0.748999730000 -0.112350680000 0.652975300000 -1.600796680000
-0.007163900000 0.984087660000 0.177539140000 -0.250433060000
-0.662531580000 -0.137654620000 0.736276520000 1.174099590000
0.000000000000 0.000000000000 0.000000000000 1.000000000000
4 22 66
0.859935990000 0.194613720000 -0.471842770000 1.163840940000
-0.374960850000 0.868083670000 -0.325323080000 0.763486450000
0.346286670000 0.456679590000 0.819468910000 0.506675620000
0.000000000000 0.000000000000 0.000000000000 1.000000000000
4 23 66
-0.896343380000 0.112745660000 0.428785450000 -1.191228240000
0.438805140000 0.087314970000 0.894330000000 -2.366015820000
0.063392440000 0.989780030000 -0.127737570000 2.316725620000
0.000000000000 0.000000000000 0.000000000000 1.000000000000
4 24 66
0.882288510000 -0.181997460000 0.434101270000 -1.792505420000
0.223433140000 0.973637090000 -0.045917910000 0.102735750000
-0.414300150000 0.137505450000 0.899693080000 0.697229630000
0.000000000000 0.000000000000 0.000000000000 1.000000000000
4 25 66
0.888458650000 0.457631150000 0.034856250000 0.252598620000
-0.457490590000 0.876997270000 0.146895040000 -0.224752020000
0.036654920000 -0.146456580000 0.988537750000 0.346145960000
0.000000000000 0.000000000000 0.000000000000 1.000000000000
4 26 66
-0.912964916000 0.001279862150 0.408036057000 -0.632114219000
0.369880170000 -0.419641237000 0.828908856000 -2.224049850000
0.172289645000 0.907689150000 0.382644331000 1.719237500000
0.000000000000 0.000000000000 0.000000000000 1.000000000000
4 27 66
-0.246451030000 -0.361493630000 0.899213130000 -1.888563600000
0.277917890000 0.862503420000 0.422906010000 -0.934424420000
-0.928452230000 0.354133030000 -0.112099310000 3.456834080000
0.000000000000 0.000000000000 0.000000000000 1.000000000000
4 28 66
0.592817400000 -0.548414250000 0.589753630000 -1.618391340000
-0.209435750000 -0.812094410000 -0.544646060000 1.636075290000
0.777627290000 0.199360160000 -0.596281250000 4.353289850000
0.000000000000 0.000000000000 0.000000000000 1.000000000000
4 29 66
0.973151530000 -0.009543360000 0.229967460000 -0.337110500000
-0.081065600000 0.920906260000 0.381261100000 -0.434089080000
-0.215416990000 -0.389667270000 0.895407690000 1.542205330000
0.000000000000 0.000000000000 0.000000000000 1.000000000000
4 30 66
0.729595740000 -0.514822330000 0.450164440000 -1.382293990000
0.003927210000 0.661395080000 0.750027420000 -0.533576120000
-0.683867410000 -0.545448920000 0.484572850000 1.969221950000
0.000000000000 0.000000000000 0.000000000000 1.000000000000
4 31 66
-0.977987250000 -0.097009370000 -0.184743410000 0.508765300000
-0.184425160000 -0.012315440000 0.982769400000 -1.278126070000
-0.097613040000 0.995207270000 -0.005846630000 2.943444970000
0.000000000000 0.000000000000 0.000000000000 1.000000000000
4 32 66
0.804487050000 0.449078170000 0.388753620000 -0.612248520000
-0.558196810000 0.795317680000 0.236402440000 0.291578000000
-0.203019450000 -0.407183730000 0.890496780000 0.359909010000
0.000000000000 0.000000000000 0.000000000000 1.000000000000
4 33 66
0.729609340000 -0.405964790000 0.550329730000 -1.915622530000
-0.170320220000 0.671506410000 0.721158900000 -1.285229500000
-0.662315060000 -0.619896550000 0.420793340000 1.759296240000
0.000000000000 0.000000000000 0.000000000000 1.000000000000
4 34 66
0.605698310000 0.200578980000 -0.769998460000 1.631633350000
-0.034414940000 0.973404560000 0.226493220000 -0.054239900000
0.794949790000 -0.110687110000 0.596492410000 1.903986990000
0.000000000000 0.000000000000 0.000000000000 1.000000000000
4 35 66
-0.879578590000 -0.154598460000 0.449934240000 -0.920547290000
0.149958090000 0.807428990000 0.570588280000 -0.920906160000
-0.451502020000 0.569348520000 -0.687013970000 4.436266600000
0.000000000000 0.000000000000 0.000000000000 1.000000000000
4 36 66
0.937767290000 -0.178297250000 0.297997640000 -0.925882860000
0.192447040000 0.981131400000 -0.018582390000 0.320074480000
-0.289061660000 0.074774720000 0.954385720000 0.562287190000
0.000000000000 0.000000000000 0.000000000000 1.000000000000
4 37 66
0.834831210000 -0.231520040000 0.499455030000 -1.298161470000
0.282233820000 0.958959170000 -0.027228340000 0.486281650000
-0.472653070000 0.163694170000 0.865911830000 0.878773720000
0.000000000000 0.000000000000 0.000000000000 1.000000000000
4 38 66
0.374148460000 -0.690880010000 0.618625690000 -1.758303030000
0.918458570000 0.183809140000 -0.350211450000 0.573901550000
0.128245030000 0.699213140000 0.703316570000 1.393195220000
0.000000000000 0.000000000000 0.000000000000 1.000000000000
4 39 66
-0.760162980000 -0.268791000000 0.591526530000 -2.274578740000
0.649053080000 -0.355768870000 0.672427400000 -1.251657310000
0.029704290000 0.895086540000 0.444901950000 1.895980430000
0.000000000000 0.000000000000 0.000000000000 1.000000000000
4 40 66
-0.925716000000 0.321922030000 0.198534880000 -0.213283530000
0.160798740000 -0.140134230000 0.976988310000 -1.617062930000
0.342335590000 0.936337870000 0.077959840000 3.272554380000
0.000000000000 0.000000000000 0.000000000000 1.000000000000
4 41 66
-0.636672430000 0.630604270000 -0.443831580000 0.856977980000
0.717417680000 0.273323990000 -0.640785360000 2.502963830000
-0.282772170000 -0.726382990000 -0.626424500000 4.055582820000
0.000000000000 0.000000000000 0.000000000000 1.000000000000
4 42 66
-0.208768220000 0.977308760000 0.035824940000 0.232098870000
-0.352691370000 -0.109406210000 0.929321840000 -1.844055700000
0.912153840000 0.181377720000 0.367528900000 2.008955400000
0.000000000000 0.000000000000 0.000000000000 1.000000000000
4 43 66
-0.998837080000 -0.048126090000 0.002891790000 -0.162367380000
0.031498830000 -0.605984170000 0.794852820000 -1.354091000000
-0.036500780000 0.794019560000 0.606795380000 1.259708070000
0.000000000000 0.000000000000 0.000000000000 1.000000000000
4 44 66
-0.863269390000 -0.233532440000 0.447469060000 -1.223087400000
-0.501077340000 0.289856580000 -0.815416860000 2.833497710000
0.060724440000 -0.928141020000 -0.367242130000 4.000744750000
0.000000000000 0.000000000000 0.000000000000 1.000000000000
4 45 66
0.167018950000 -0.165186050000 -0.972017610000 3.128052200000
-0.640792850000 -0.767445000000 0.020315120000 1.490177800000
-0.749325830000 0.619468920000 -0.234027890000 3.492670760000
0.000000000000 0.000000000000 0.000000000000 1.000000000000
4 46 66
0.625624030000 -0.067903230000 0.777163900000 -1.226675480000
0.423047300000 0.866538060000 -0.264844810000 0.231581360000
-0.655458280000 0.494470370000 0.570853310000 1.468509720000
0.000000000000 0.000000000000 0.000000000000 1.000000000000
4 47 66
-0.507887630000 0.342639050000 -0.790347160000 1.510275290000
0.255308520000 -0.816393400000 -0.517995530000 1.991519660000
-0.822719700000 -0.464865890000 0.327157440000 2.427471410000
0.000000000000 0.000000000000 0.000000000000 1.000000000000
4 48 66
0.809209210000 -0.095534400000 0.579701330000 -1.519025360000
0.013479570000 0.989450260000 0.144244530000 0.633062680000
-0.587365940000 -0.108909880000 0.801960030000 1.101859010000
0.000000000000 0.000000000000 0.000000000000 1.000000000000
4 49 66
0.728927630000 -0.380666260000 0.568997120000 -2.042195980000
-0.091266840000 0.769694520000 0.631854970000 -0.610835630000
-0.678479830000 -0.512507110000 0.526309390000 1.697868210000
0.000000000000 0.000000000000 0.000000000000 1.000000000000
4 50 66
-0.023885470000 0.778349810000 -0.627376330000 1.745161760000
0.871976400000 0.323160480000 0.367728780000 -1.318288860000
0.488964860000 -0.538273980000 -0.686421510000 4.780382920000
0.000000000000 0.000000000000 0.000000000000 1.000000000000
4 51 66
-0.935599080000 0.351469540000 0.033518990000 0.144220210000
-0.128011320000 -0.426167550000 0.895541360000 -2.149580750000
0.329040210000 0.833576860000 0.443714050000 1.634396040000
0.000000000000 0.000000000000 0.000000000000 1.000000000000
4 52 66
0.951229960000 -0.019317150000 -0.307877250000 0.858154500000
-0.042614560000 0.980240050000 -0.193166880000 0.506179770000
0.305525050000 0.196866180000 0.931610520000 0.358212450000
0.000000000000 0.000000000000 0.000000000000 1.000000000000
4 53 66
0.915270480000 -0.256528720000 0.310600980000 -0.677064220000
0.218094690000 0.963805460000 0.153341910000 -0.531675630000
-0.338695530000 -0.072608900000 0.938090230000 0.276655910000
0.000000000000 0.000000000000 0.000000000000 1.000000000000
4 54 66
0.287194200000 -0.956216090000 0.056305250000 -0.551825750000
0.957834110000 0.287211590000 -0.007957730000 -0.361678900000
-0.008562210000 0.056216510000 0.998381890000 0.074886950000
0.000000000000 0.000000000000 0.000000000000 1.000000000000
4 55 66
-0.778721720000 0.028168760000 -0.626736800000 1.170025620000
-0.397555120000 0.750653920000 0.527701260000 -1.477323430000
0.485327120000 0.660094850000 -0.573351880000 3.810640140000
0.000000000000 0.000000000000 0.000000000000 1.000000000000
4 56 66
-0.751603480000 -0.263089300000 0.604877040000 -1.316240040000
0.657292120000 -0.375617920000 0.653359210000 -1.013261340000
0.055310840000 0.888647960000 0.455242260000 1.852607290000
0.000000000000 0.000000000000 0.000000000000 1.000000000000
4 57 66
0.677096880000 0.325366170000 -0.660058080000 2.116953460000
-0.536220720000 0.832432380000 -0.139727160000 0.089853550000
0.503991220000 0.448545640000 0.738105450000 1.409521350000
0.000000000000 0.000000000000 0.000000000000 1.000000000000
4 58 66
-0.790041330000 0.269423270000 -0.550677590000 1.297893710000
0.299076690000 -0.614728180000 -0.729837250000 2.653619910000
-0.535152160000 -0.741296410000 0.405082450000 2.146099490000
0.000000000000 0.000000000000 0.000000000000 1.000000000000
4 59 66
0.835263930000 -0.306740390000 0.456338140000 -1.147435570000
-0.360182320000 0.321848990000 0.875603750000 -1.489251080000
-0.415455000000 -0.895725160000 0.158346390000 2.509779460000
0.000000000000 0.000000000000 0.000000000000 1.000000000000
4 60 66
0.854454810000 -0.313133470000 0.414553260000 -1.218646990000
0.130375080000 0.901651960000 0.412342180000 -0.484950690000
-0.502900900000 -0.298280340000 0.811245660000 1.585556550000
0.000000000000 0.000000000000 0.000000000000 1.000000000000
4 61 66
-0.947861600000 0.223485840000 -0.227183790000 0.223184960000
-0.318656220000 -0.673778360000 0.666694040000 -0.641278310000
-0.004074850000 0.704327200000 0.709863780000 1.670998810000
0.000000000000 0.000000000000 0.000000000000 1.000000000000
4 62 66
0.690580160000 -0.622601600000 0.368057460000 -0.311225520000
-0.619739320000 -0.771734480000 -0.142650120000 1.123853570000
0.372856830000 -0.129588340000 -0.918795220000 5.056027790000
0.000000000000 0.000000000000 0.000000000000 1.000000000000
4 63 66
-0.931568530000 0.022614510000 0.362861770000 -0.774751100000
0.358325700000 -0.111731620000 0.926886580000 -1.680884040000
0.061504220000 0.993481070000 0.095982300000 2.798138480000
0.000000000000 0.000000000000 0.000000000000 1.000000000000
4 64 66
0.780306930000 0.315620140000 -0.539912050000 1.168485290000
-0.348582450000 0.936266660000 0.043531730000 -0.002673040000
0.519241140000 0.154235750000 0.840595010000 0.980603920000
0.000000000000 0.000000000000 0.000000000000 1.000000000000
4 65 66
0.644965250000 -0.178262960000 -0.743129960000 1.511751520000
0.225100750000 0.973587170000 -0.038179550000 0.508036770000
0.730307800000 -0.142654630000 0.668057020000 1.485116410000
0.000000000000 0.000000000000 0.000000000000 1.000000000000
5 7 66
0.996745610000 0.060700520000 0.053043660000 -0.096483180000
-0.055459350000 0.993908230000 -0.095240160000 0.431527830000
-0.058501660000 0.091988450000 0.994040080000 0.164806810000
0.000000000000 0.000000000000 0.000000000000 1.000000000000
5 8 66
0.514402440000 -0.850054650000 -0.113124800000 -1.362316760000
0.459462620000 0.161816830000 0.873332360000 -2.116722910000
-0.724074740000 -0.501220910000 0.473807310000 1.875093490000
0.000000000000 0.000000000000 0.000000000000 1.000000000000
5 9 66
0.990650180000 0.136419290000 -0.001414440000 0.048652880000
-0.134738460000 0.976713170000 -0.166963860000 0.428934720000
-0.021395590000 0.165593350000 0.985962000000 0.053905180000
0.000000000000 0.000000000000 0.000000000000 1.000000000000
5 10 66
0.999707200000 0.021264150000 -0.011547780000 0.337215340000
-0.023497920000 0.967041890000 -0.253530750000 1.014652710000
0.005776080000 0.253727860000 0.967258400000 0.234544110000
0.000000000000 0.000000000000 0.000000000000 1.000000000000
5 11 66
0.819473770000 -0.112522930000 0.561962030000 -1.740309030000
0.139703650000 -0.911740110000 -0.386280810000 2.318386060000
0.555828770000 0.395055140000 -0.731427250000 4.209921060000
0.000000000000 0.000000000000 0.000000000000 1.000000000000
5 12 66
0.163677260000 0.278144820000 0.946491000000 -3.034456140000
0.083595870000 -0.959889610000 0.267625980000 1.348131860000
0.982965660000 0.035318450000 -0.180363860000 2.802516630000
0.000000000000 0.000000000000 0.000000000000 1.000000000000
5 13 66
0.539477570000 -0.320538030000 0.778600880000 -2.916221810000
-0.151061520000 -0.946545960000 -0.285010830000 2.270798680000
0.828338320000 0.036140320000 -0.559061270000 3.511082480000
0.000000000000 0.000000000000 0.000000000000 1.000000000000
5 14 66
-0.036306990000 -0.011372990000 0.999275970000 -2.880729190000
0.301985350000 0.953062840000 0.021819150000 0.115954540000
-0.952620940000 0.302558890000 -0.031168370000 1.801698000000
0.000000000000 0.000000000000 0.000000000000 1.000000000000
5 15 66
0.933373470000 0.219622900000 0.283865730000 0.170315430000
-0.228421380000 0.973559960000 -0.002161600000 0.354734800000
-0.276835040000 -0.062823420000 0.958861600000 0.067094520000
0.000000000000 0.000000000000 0.000000000000 1.000000000000
5 18 66
0.829960480000 0.140103680000 0.539941260000 -1.151182290000
-0.241851780000 0.962615640000 0.121978870000 0.239462290000
-0.502666220000 -0.231823400000 0.832817260000 0.405322420000
0.000000000000 0.000000000000 0.000000000000 1.000000000000
5 19 66
-0.816003890000 0.125757110000 0.564201030000 -1.864134330000
0.115126410000 0.991850780000 -0.054570420000 0.814180070000
-0.566465850000 0.020424760000 -0.823832060000 5.169494410000
0.000000000000 0.000000000000 0.000000000000 1.000000000000
5 20 66
-0.800953380000 -0.206433600000 0.562013210000 -1.577616270000
0.063203980000 0.904283400000 0.422228370000 -0.445760680000
-0.595381340000 0.373706710000 -0.711241420000 4.252098200000
0.000000000000 0.000000000000 0.000000000000 1.000000000000
5 21 66
0.825038020000 -0.222616270000 0.519378730000 -1.151985000000
0.220095020000 0.973141280000 0.067485080000 0.691683930000
-0.520452160000 0.058634920000 0.851875280000 0.599109690000
0.000000000000 0.000000000000 0.000000000000 1.000000000000
5 22 66
-0.987290060000 0.127664940000 0.094657300000 -0.780825760000
0.140275850000 0.420027560000 0.896604450000 -1.847057190000
0.074706280000 0.898486790000 -0.432597350000 3.721120460000
0.000000000000 0.000000000000 0.000000000000 1.000000000000
5 23 66
0.978426440000 -0.205745870000 0.018717240000 -0.177245290000
0.206562170000 0.972618310000 -0.106516170000 0.259859480000
0.003710530000 0.108084510000 0.994134780000 -0.403456170000
0.000000000000 0.000000000000 0.000000000000 1.000000000000
5 24 66
0.901619570000 -0.424482120000 -0.083048650000 0.302762270000
0.048714610000 0.290442440000 -0.955651650000 3.399128330000
0.429777890000 0.857588550000 0.282547070000 1.803396940000
0.000000000000 0.000000000000 0.000000000000 1.000000000000
5 25 66
0.616800310000 -0.724227210000 0.308305580000 -0.754036540000
-0.330662130000 -0.593858860000 -0.733480880000 3.423494860000
0.714296810000 0.350466260000 -0.605766840000 4.513359870000
0.000000000000 0.000000000000 0.000000000000 1.000000000000
5 26 66
-0.529113370000 -0.121914920000 0.839747460000 -2.235528980000
0.264603490000 0.916575070000 0.299791820000 -0.676230360000
-0.806240680000 0.380823970000 -0.452713010000 3.931475680000
0.000000000000 0.000000000000 0.000000000000 1.000000000000
5 27 66
-0.789718930000 -0.613293890000 0.014649820000 -0.152279090000
0.390574680000 -0.484228670000 0.782926570000 -1.161286550000
-0.473070210000 0.624013780000 0.621941620000 1.064476460000
0.000000000000 0.000000000000 0.000000000000 1.000000000000
5 28 66
0.001932841080 0.500840555000 -0.865537407000 2.217311870000
0.642424072000 -0.663926287000 -0.382744297000 1.989511410000
-0.766346903000 -0.555302282000 -0.323035293000 3.779480460000
0.000000000000 0.000000000000 0.000000000000 1.000000000000
5 29 66
0.154346890000 -0.854675780000 0.495687750000 -1.417364730000
0.293878370000 -0.439279150000 -0.848922450000 2.673691500000
0.943298760000 0.276700450000 0.183369360000 2.496700310000
0.000000000000 0.000000000000 0.000000000000 1.000000000000
5 30 66
0.994731770000 -0.080594020000 -0.063350710000 -0.649313640000
0.102011710000 0.839212090000 0.534150430000 -0.035760230000
0.010115350000 -0.537798920000 0.843012460000 1.237604550000
0.000000000000 0.000000000000 0.000000000000 1.000000000000
5 31 66
0.926891130000 0.193590320000 -0.321551900000 -0.121300510000
-0.172305310000 -0.541630360000 -0.822768150000 2.755226130000
-0.333442220000 0.818021600000 -0.468675730000 3.938310780000
0.000000000000 0.000000000000 0.000000000000 1.000000000000
5 32 66
0.737931260000 0.554526870000 -0.384652320000 1.044776170000
-0.577956580000 0.813548980000 0.064064470000 1.013961370000
0.348458970000 0.175037170000 0.920835670000 0.364937590000
0.000000000000 0.000000000000 0.000000000000 1.000000000000
5 33 66
-0.205277720000 0.678116910000 -0.705704260000 1.497002830000
-0.434661190000 0.582878920000 0.686528820000 -0.486443050000
0.876886940000 0.447671330000 0.175099040000 1.764655390000
0.000000000000 0.000000000000 0.000000000000 1.000000000000
5 34 66
0.316359560000 0.843817810000 -0.433460640000 1.739740810000
-0.782103550000 0.490595380000 0.384226770000 -0.372237430000
0.536871180000 0.217457300000 0.815157450000 1.360444250000
0.000000000000 0.000000000000 0.000000000000 1.000000000000
5 35 66
0.984208830000 0.131867580000 0.118084360000 -0.359684770000
-0.174081900000 0.600208740000 0.780669560000 -0.617636340000
0.032069750000 -0.788898220000 0.613686500000 2.230993900000
0.000000000000 0.000000000000 0.000000000000 1.000000000000
5 36 66
0.971029030000 -0.236683680000 -0.032916060000 -0.329721400000
0.238268610000 0.969466340000 0.057992180000 0.757688880000
0.018185210000 -0.064154950000 0.997774240000 0.151870980000
0.000000000000 0.000000000000 0.000000000000 1.000000000000
5 37 66
-0.965234870000 0.253784090000 -0.062572160000 -0.012676170000
0.145849940000 0.324276940000 -0.934650880000 2.927855690000
-0.216908810000 -0.911283770000 -0.350017810000 3.639492720000
0.000000000000 0.000000000000 0.000000000000 1.000000000000
5 38 66
-0.711277830000 0.620367230000 0.330497130000 -0.417956350000
0.688662250000 0.520835620000 0.504454720000 -0.533599440000
0.140812500000 0.586408350000 -0.797682320000 4.585994570000
0.000000000000 0.000000000000 0.000000000000 1.000000000000
5 39 66
0.873258540000 0.375904850000 -0.310024310000 0.681862340000
0.145794240000 -0.808693170000 -0.569876650000 2.548243480000
-0.464933940000 0.452449890000 -0.761002970000 4.317879630000
0.000000000000 0.000000000000 0.000000000000 1.000000000000
5 40 66
-0.945768190000 0.324787000000 0.005995110000 0.495624780000
-0.052581110000 -0.171274240000 0.983819270000 -0.735175260000
0.320558520000 0.930149740000 0.179063380000 2.137643390000
0.000000000000 0.000000000000 0.000000000000 1.000000000000
5 41 66
-0.809494641000 0.576654530000 -0.110399183000 0.062077322000
0.091433208800 -0.061924912500 -0.993883934000 3.435442470000
-0.579964132000 -0.814637870000 -0.002597489250 2.337348810000
0.000000000000 0.000000000000 0.000000000000 1.000000000000
5 42 66
0.963992420000 0.256004700000 0.071973630000 -0.200768400000
-0.242924940000 0.737619880000 0.630003480000 -1.119460680000
0.108194670000 -0.624802770000 0.773249900000 2.049497490000
0.000000000000 0.000000000000 0.000000000000 1.000000000000
5 43 66
-0.708243130000 -0.705746680000 0.017699990000 -0.786641270000
-0.119607410000 0.144664510000 0.982225150000 -1.290645110000
-0.695762700000 0.693537170000 -0.186870180000 3.154433780000
0.000000000000 0.000000000000 0.000000000000 1.000000000000
5 44 66
-0.043148510000 -0.998501200000 0.033668260000 -0.607003410000
0.946572450000 -0.030077880000 0.321085540000 0.169489290000
-0.319591630000 0.045723810000 0.946451540000 0.027472580000
0.000000000000 0.000000000000 0.000000000000 1.000000000000
5 45 66
-0.954471980000 0.261957940000 0.142692930000 -0.154843130000
0.290506410000 0.707651950000 0.644076660000 -1.271197070000
0.067744070000 0.656206330000 -0.751534420000 4.026172230000
0.000000000000 0.000000000000 0.000000000000 1.000000000000
5 46 66
0.504892270000 -0.219235110000 0.834877090000 -2.221549650000
-0.002553910000 0.966824590000 0.255428440000 -0.310537110000
-0.863178580000 -0.131096050000 0.487582360000 1.999066460000
0.000000000000 0.000000000000 0.000000000000 1.000000000000
5 47 66
-0.432713270000 0.418656050000 -0.798427410000 1.781034190000
-0.807089440000 0.214725970000 0.549999450000 -0.418971000000
0.401703700000 0.882394390000 0.244978100000 2.458777180000
0.000000000000 0.000000000000 0.000000000000 1.000000000000
5 48 66
-0.770902200000 0.384156120000 -0.508068770000 1.481728070000
-0.143464620000 0.672436490000 0.726117810000 -0.298858580000
0.620586580000 0.632655710000 -0.463269950000 3.657132470000
0.000000000000 0.000000000000 0.000000000000 1.000000000000
5 49 66
0.870465480000 -0.390090800000 0.300198310000 -1.931939240000
0.260555430000 0.882583820000 0.391352360000 0.250593180000
-0.417613130000 -0.262440420000 0.869899020000 0.614923190000
0.000000000000 0.000000000000 0.000000000000 1.000000000000
5 50 66
-0.046996080000 -0.903412550000 0.426189070000 -1.419006590000
0.977965790000 -0.128494850000 -0.164535650000 0.528638550000
0.203406670000 0.409065800000 0.889545330000 0.016437680000
0.000000000000 0.000000000000 0.000000000000 1.000000000000
5 51 66
0.976489310000 -0.073024970000 0.202820090000 -0.550113860000
-0.068795980000 -0.997242420000 -0.027832840000 1.964328540000
0.204293290000 0.013225260000 -0.978820380000 5.610509440000
0.000000000000 0.000000000000 0.000000000000 1.000000000000
5 52 66
0.921007620000 0.134703260000 -0.365513330000 0.636121810000
-0.118160160000 0.990706480000 0.067370970000 0.211997490000
0.371191520000 -0.018860060000 0.928364770000 0.286669220000
0.000000000000 0.000000000000 0.000000000000 1.000000000000
5 53 66
0.957865990000 0.011371710000 -0.286990290000 -0.021411160000
-0.048695010000 0.991180080000 -0.123251170000 0.852371170000
0.283057480000 0.132033100000 0.949971430000 -0.328445800000
0.000000000000 0.000000000000 0.000000000000 1.000000000000
5 54 66
0.997409690000 -0.009436570000 0.071308230000 0.242736660000
0.024731250000 0.975907880000 -0.216776790000 1.161918350000
-0.067544640000 0.217978810000 0.973613350000 0.423812970000
0.000000000000 0.000000000000 0.000000000000 1.000000000000
5 55 66
0.515264700000 -0.799092340000 0.309763960000 -0.139740130000
-0.359538910000 -0.529643600000 -0.768250890000 2.987012630000
0.777967910000 0.284480370000 -0.560211440000 4.419036610000
0.000000000000 0.000000000000 0.000000000000 1.000000000000
5 56 66
0.972185310000 -0.017937120000 -0.233525110000 0.199541630000
-0.200164140000 -0.581352240000 -0.788646870000 3.191292840000
-0.121614300000 0.813454260000 -0.568772480000 4.249302930000
0.000000000000 0.000000000000 0.000000000000 1.000000000000
5 57 66
0.700733900000 0.212481340000 -0.681046020000 2.069647130000
0.010807330000 0.951346690000 0.307932910000 0.026164770000
0.713340870000 -0.223139320000 0.664344520000 1.169426230000
0.000000000000 0.000000000000 0.000000000000 1.000000000000
5 58 66
-0.890553840000 -0.371157980000 -0.262974540000 0.303111410000
-0.234108870000 -0.121697730000 0.964563480000 -1.833757480000
-0.390008840000 0.920560380000 0.021487010000 3.132149550000
0.000000000000 0.000000000000 0.000000000000 1.000000000000
5 59 66
-0.484241370000 0.774434230000 -0.407138700000 0.760656970000
0.303849800000 -0.287522010000 -0.908298630000 3.066743880000
-0.820478880000 -0.563544780000 -0.096081630000 3.264808070000
0.000000000000 0.000000000000 0.000000000000 1.000000000000
5 60 66
0.548489700000 -0.835641370000 -0.029369160000 -0.726375680000
0.183488480000 0.086019870000 0.979251020000 -0.882125060000
-0.815776330000 -0.542498000000 0.200511580000 2.394425700000
0.000000000000 0.000000000000 0.000000000000 1.000000000000
5 61 66
0.941269740000 -0.213109180000 0.261907910000 -0.257678130000
0.065589940000 0.876290890000 0.477296800000 -0.146223840000
-0.331223850000 -0.432086510000 0.838803920000 0.999568620000
0.000000000000 0.000000000000 0.000000000000 1.000000000000
5 62 66
0.992612290000 -0.081473080000 -0.089905350000 0.250703130000
0.112537380000 0.895179670000 0.431264060000 -0.206961420000
0.045345030000 -0.438195720000 0.897735120000 0.789342230000
0.000000000000 0.000000000000 0.000000000000 1.000000000000
5 63 66
-0.891099080000 0.446814080000 -0.079370090000 -0.132182540000
0.198967030000 0.541861100000 0.816577410000 -1.013012210000
0.407865850000 0.711859350000 -0.571753200000 4.160516390000
0.000000000000 0.000000000000 0.000000000000 1.000000000000
5 64 66
0.622438010000 -0.763840270000 0.170642790000 -0.262636240000
-0.769711750000 -0.636915460000 -0.043387870000 0.708947340000
0.141826430000 -0.104339500000 -0.984377230000 5.732285980000
0.000000000000 0.000000000000 0.000000000000 1.000000000000
5 65 66
0.771779210000 -0.049613960000 -0.633952140000 2.003132800000
-0.581184010000 -0.459583890000 -0.671571140000 2.395412110000
-0.258034880000 0.886747480000 -0.383532130000 3.798572050000
0.000000000000 0.000000000000 0.000000000000 1.000000000000
6 8 66
0.691364310000 -0.090939060000 0.716760410000 -1.846662720000
0.118301460000 0.992906830000 0.011865340000 -0.269126180000
-0.712755330000 0.076590520000 0.697218570000 1.907408240000
0.000000000000 0.000000000000 0.000000000000 1.000000000000
6 9 66
0.902842680000 0.152409460000 -0.402052810000 1.535713770000
-0.248437210000 0.948094370000 -0.198484310000 0.129681290000
0.350933120000 0.279084980000 0.893844240000 0.021803910000
0.000000000000 0.000000000000 0.000000000000 1.000000000000
6 10 66
-0.628282467000 -0.691087542000 0.357294207000 -0.001257244150
0.361802975000 0.147023858000 0.920588177000 -2.267326870000
-0.688737794000 0.707659518000 0.157665016000 2.537067440000
0.000000000000 0.000000000000 0.000000000000 1.000000000000
6 11 66
-0.706825260000 -0.317639540000 -0.632062630000 2.383843500000
0.701773220000 -0.427224060000 -0.570082410000 2.147045610000
-0.088951650000 -0.846513270000 0.524883680000 1.901485550000
0.000000000000 0.000000000000 0.000000000000 1.000000000000
6 12 66
-0.735436580000 -0.189045540000 0.650687960000 -0.850781620000
-0.075272640000 -0.931555270000 -0.355722930000 2.283634660000
0.673399630000 -0.310590660000 0.670869870000 1.487425830000
0.000000000000 0.000000000000 0.000000000000 1.000000000000
6 13 66
-0.913765840000 -0.302275660000 0.271406370000 0.370458690000
0.105945990000 -0.822290230000 -0.559119150000 2.118163060000
0.392182910000 -0.482149560000 0.783405620000 0.966120250000
0.000000000000 0.000000000000 0.000000000000 1.000000000000
6 14 66
-0.692274890000 0.079263150000 0.717267610000 -1.909963560000
0.326153720000 0.921004800000 0.213011550000 -0.824373430000
-0.643722940000 0.381402040000 -0.663440470000 3.763366680000
0.000000000000 0.000000000000 0.000000000000 1.000000000000
6 15 66
-0.855229140000 0.025024000000 0.517645550000 -1.368024830000
0.251857540000 0.893020770000 0.372936560000 -0.605251730000
-0.452935870000 0.449319150000 -0.770039870000 4.262580840000
0.000000000000 0.000000000000 0.000000000000 1.000000000000
6 16 66
0.868661880000 0.217392930000 -0.445159350000 1.659785640000
-0.400232860000 0.837516350000 -0.371994650000 0.787876540000
0.291959230000 0.501304980000 0.814526320000 -0.188270770000
0.000000000000 0.000000000000 0.000000000000 1.000000000000
6 17 66
0.105634880000 -0.484671720000 0.868294070000 -1.192403980000
0.772683400000 -0.509627270000 -0.378471140000 2.725801930000
0.625940600000 0.710896170000 0.320663380000 1.938505400000
0.000000000000 0.000000000000 0.000000000000 1.000000000000
6 18 66
0.620167930000 0.094410710000 0.778767200000 -2.213246480000
-0.390416580000 -0.823909310000 0.410789910000 -0.129251350000
0.680416510000 -0.558802360000 -0.474102630000 4.288344540000
0.000000000000 0.000000000000 0.000000000000 1.000000000000
6 19 66
0.695511470000 -0.212094830000 -0.686498060000 2.633332280000
-0.700014870000 0.015395750000 -0.713962290000 2.115917670000
0.161996860000 0.977127810000 -0.137761610000 2.943194690000
0.000000000000 0.000000000000 0.000000000000 1.000000000000
6 20 66
-0.737140500000 0.670707680000 0.082310920000 0.459459500000
0.465762890000 0.416049350000 0.781004400000 -2.044015740000
0.489580250000 0.614047340000 -0.619077570000 3.798686990000
0.000000000000 0.000000000000 0.000000000000 1.000000000000
6 21 66
0.343444910000 -0.141488150000 -0.928453930000 2.407545720000
-0.423934870000 0.858786370000 -0.287689410000 0.547808350000
0.838048220000 0.492409460000 0.234964050000 2.215124820000
0.000000000000 0.000000000000 0.000000000000 1.000000000000
6 22 66
-0.986235790000 -0.089763720000 -0.138857620000 0.770317470000
-0.159619720000 0.297795100000 0.941190540000 -2.280973680000
-0.043133640000 0.950400210000 -0.308024250000 3.306362330000
0.000000000000 0.000000000000 0.000000000000 1.000000000000
6 23 66
-0.831135310000 0.258375770000 -0.492398270000 1.593293940000
0.071704330000 0.927901560000 0.365864980000 -1.603506720000
0.551427770000 0.268776210000 -0.789738410000 4.438667600000
0.000000000000 0.000000000000 0.000000000000 1.000000000000
6 24 66
0.955218730000 0.135325020000 -0.263143150000 1.039709720000
-0.225841390000 0.908014570000 -0.352852940000 0.932790420000
0.191187980000 0.396480360000 0.897914520000 0.329123390000
0.000000000000 0.000000000000 0.000000000000 1.000000000000
6 25 66
0.954451410000 -0.107311560000 -0.278400300000 0.964807180000
0.020532670000 0.954493540000 -0.297523940000 1.110888870000
0.297659040000 0.278255840000 0.913221100000 -0.166204190000
0.000000000000 0.000000000000 0.000000000000 1.000000000000
6 26 66
-0.810576240000 0.446608560000 -0.378823120000 1.153091380000
-0.273867210000 0.282697130000 0.919281830000 -2.512788550000
0.517651340000 0.848895240000 -0.106836140000 2.711431900000
0.000000000000 0.000000000000 0.000000000000 1.000000000000
6 27 66
0.923503790000 -0.094218580000 0.371838150000 -0.099429760000
0.056273280000 0.992154500000 0.111636750000 -0.236826400000
-0.379439150000 -0.082172410000 0.921560430000 0.781778030000
0.000000000000 0.000000000000 0.000000000000 1.000000000000
6 28 66
0.199301090000 -0.326085300000 0.924092770000 -1.909514330000
0.466272000000 -0.797863690000 -0.382104640000 1.459462380000
0.861898770000 0.507032460000 -0.006970660000 3.184600320000
0.000000000000 0.000000000000 0.000000000000 1.000000000000
6 29 66
0.880235610000 -0.377033920000 0.288150460000 -0.174154320000
0.321788480000 0.920538490000 0.221497300000 0.316926100000
-0.348765590000 -0.102246320000 0.931615940000 0.732929380000
0.000000000000 0.000000000000 0.000000000000 1.000000000000
6 30 66
-0.811248320000 -0.537148020000 -0.230972210000 0.846237100000
0.112504670000 -0.531044310000 0.839842040000 -1.397320140000
-0.573775970000 0.655334990000 0.491240460000 2.173398360000
0.000000000000 0.000000000000 0.000000000000 1.000000000000
6 31 66
0.066612560000 0.866640200000 -0.494466920000 1.442555780000
-0.604555390000 0.429299830000 0.670980200000 -0.694467690000
0.793772980000 0.254236940000 0.552528770000 1.519314780000
0.000000000000 0.000000000000 0.000000000000 1.000000000000
6 32 66
0.968269590000 -0.247220470000 0.036551970000 -0.083941510000
0.247672970000 0.968807730000 -0.008347110000 0.502757950000
-0.033348260000 0.017135190000 0.999296890000 0.404454140000
0.000000000000 0.000000000000 0.000000000000 1.000000000000
6 33 66
0.317953630000 -0.902205510000 0.291428720000 -0.873482090000
0.631136520000 0.430786800000 0.645049940000 -1.255517960000
-0.707511260000 -0.021164660000 0.706385080000 0.858295970000
0.000000000000 0.000000000000 0.000000000000 1.000000000000
6 34 66
-0.446148260000 0.688267670000 -0.572048370000 2.284806610000
-0.805672940000 -0.030572810000 0.591571140000 -1.986589870000
0.389670160000 0.724812330000 0.568158650000 1.906108030000
0.000000000000 0.000000000000 0.000000000000 1.000000000000
6 35 66
0.982355690000 -0.173999330000 -0.068567650000 0.767721740000
-0.186847290000 -0.897246100000 -0.400046900000 1.357011710000
0.008085830000 0.405800030000 -0.913926120000 4.780812390000
0.000000000000 0.000000000000 0.000000000000 1.000000000000
6 36 66
0.995799969000 -0.026136441500 -0.087745700800 0.469548426000
0.035321762100 0.993863938000 0.104818160000 0.000504237080
0.084467713900 -0.107477254000 0.990612863000 0.657960746000
0.000000000000 0.000000000000 0.000000000000 1.000000000000
6 37 66
-0.151898370000 0.611172930000 -0.776784740000 2.220650260000
0.853588810000 -0.315106310000 -0.414842330000 1.244805080000
-0.498310180000 -0.726068630000 -0.473826240000 4.296717960000
0.000000000000 0.000000000000 0.000000000000 1.000000000000
6 38 66
0.987387280000 0.128706290000 -0.092201130000 0.193997410000
-0.015750210000 0.659321360000 0.751696260000 -1.229833980000
0.157538210000 -0.740763140000 0.653032680000 1.261670580000
0.000000000000 0.000000000000 0.000000000000 1.000000000000
6 39 66
0.117904730000 0.937137240000 -0.328439130000 1.242721640000
0.619980670000 0.188895220000 0.761539600000 -1.193100790000
0.775707700000 -0.293415030000 -0.558735340000 3.974363930000
0.000000000000 0.000000000000 0.000000000000 1.000000000000
6 40 66
-0.973127950000 0.059724580000 0.222384720000 0.297151520000
-0.202186360000 0.240549360000 -0.949345390000 2.756198840000
-0.110193760000 -0.968797700000 -0.222009810000 3.223285840000
0.000000000000 0.000000000000 0.000000000000 1.000000000000
6 41 66
0.438814380000 -0.879344200000 0.184920840000 -0.521688260000
0.039463370000 0.224453430000 0.973685420000 -1.622184290000
-0.897710750000 -0.419969560000 0.133195270000 2.461813440000
0.000000000000 0.000000000000 0.000000000000 1.000000000000
6 42 66
-0.913147200000 0.387451210000 0.126663900000 0.073210750000
0.017217270000 -0.273795470000 0.961633820000 -1.781517560000
0.407266190000 0.880294040000 0.243344710000 1.942735280000
0.000000000000 0.000000000000 0.000000000000 1.000000000000
6 43 66
-0.811496890000 -0.556354710000 -0.178723890000 0.283930330000
-0.161421630000 -0.080522000000 0.983595070000 -2.022586770000
-0.561618960000 0.827034240000 -0.024464330000 2.575135680000
0.000000000000 0.000000000000 0.000000000000 1.000000000000
6 44 66
0.515207130000 0.238774940000 -0.823133130000 2.825601940000
-0.150300580000 0.970696350000 0.187505560000 -0.655438160000
0.843783950000 0.027113180000 0.535997690000 1.725455660000
0.000000000000 0.000000000000 0.000000000000 1.000000000000
6 45 66
0.858601730000 -0.345590910000 -0.378642290000 1.726093600000
0.343296920000 0.936148660000 -0.075979740000 -0.174688580000
0.380723380000 -0.064750400000 0.922419150000 0.384794640000
0.000000000000 0.000000000000 0.000000000000 1.000000000000
6 46 66
0.881358640000 -0.161780200000 0.443885250000 -0.563472740000
0.285218010000 0.931212550000 -0.226922610000 0.440314570000
-0.376639930000 0.326604270000 0.866874850000 0.453990320000
0.000000000000 0.000000000000 0.000000000000 1.000000000000
6 47 66
0.972438920000 -0.142128670000 0.184829620000 -0.285610500000
0.130644310000 0.988741190000 0.072958340000 0.472740810000
-0.193118130000 -0.046800590000 0.980058720000 0.764379360000
0.000000000000 0.000000000000 0.000000000000 1.000000000000
6 48 66
0.913287690000 -0.200877240000 0.354335910000 -0.872459080000
0.011053570000 0.881833340000 0.471431630000 0.004951140000
-0.407165100000 -0.426636020000 0.807587940000 -0.200065980000
0.000000000000 0.000000000000 0.000000000000 1.000000000000
6 49 66
0.353261850000 -0.850194930000 0.390351960000 -1.605145180000
0.646621350000 0.523439160000 0.554880420000 -1.134715770000
-0.676082020000 0.056391820000 0.734665270000 1.239292820000
0.000000000000 0.000000000000 0.000000000000 1.000000000000
6 50 66
0.831402160000 0.130773740000 0.540063590000 -1.312960330000
-0.101337790000 0.991296690000 -0.084032910000 0.112428670000
-0.546352540000 0.015136290000 0.837418530000 1.118498290000
0.000000000000 0.000000000000 0.000000000000 1.000000000000
6 51 66
-0.694553970000 0.677946640000 0.240796870000 -0.557386990000
0.536681070000 0.711137330000 -0.454155400000 1.371779770000
-0.479132770000 -0.186204310000 -0.857764380000 5.617346440000
0.000000000000 0.000000000000 0.000000000000 1.000000000000
6 52 66
0.923818670000 0.338030220000 -0.179707080000 0.851924190000
-0.294387510000 0.927349540000 0.230995300000 -0.496231090000
0.244734670000 -0.160494250000 0.956214690000 -0.092766730000
0.000000000000 0.000000000000 0.000000000000 1.000000000000
6 53 66
0.856444300000 0.443331490000 0.264500200000 -0.087052710000
-0.513949710000 0.780430420000 0.356067470000 -0.768427860000
-0.048568080000 -0.440891760000 0.896245280000 0.244674510000
0.000000000000 0.000000000000 0.000000000000 1.000000000000
6 54 66
-0.969932480000 -0.171766700000 -0.172415730000 1.239895090000
-0.162185050000 -0.072020370000 0.984128590000 -2.432729820000
-0.181457970000 0.982501540000 0.041996900000 2.456090680000
0.000000000000 0.000000000000 0.000000000000 1.000000000000
6 55 66
0.685642670000 -0.421721230000 0.593334070000 -0.512115320000
-0.356094890000 -0.905217030000 -0.231902050000 1.442595410000
0.634894120000 -0.052281290000 -0.770828200000 5.128632200000
0.000000000000 0.000000000000 0.000000000000 1.000000000000
6 56 66
-0.648298670000 0.474667360000 -0.595314810000 1.573448300000
-0.034549380000 0.762737730000 0.645784410000 -1.082244060000
0.760601850000 0.439228930000 -0.478082400000 3.539275750000
0.000000000000 0.000000000000 0.000000000000 1.000000000000
6 57 66
0.779391380000 -0.625584330000 -0.034544560000 0.427279290000
0.625375640000 0.780118900000 -0.017883290000 0.543003640000
0.038136370000 -0.007665240000 0.999243140000 -0.029762450000
0.000000000000 0.000000000000 0.000000000000 1.000000000000
6 58 66
-0.785164520000 -0.616929970000 0.053982320000 0.175718500000
0.216350900000 -0.191580770000 0.957334370000 -2.408124320000
-0.580266290000 0.763344110000 0.283895780000 2.339372550000
0.000000000000 0.000000000000 0.000000000000 1.000000000000
6 59 66
0.743983250000 -0.393355830000 0.540148240000 -1.103596070000
0.225232190000 -0.613430300000 -0.756950280000 2.105364360000
0.629094100000 0.684817100000 -0.367785470000 3.784721250000
0.000000000000 0.000000000000 0.000000000000 1.000000000000
6 60 66
0.998557600000 -0.045488020000 0.028522920000 0.730604750000
0.035597170000 0.958595600000 0.282537280000 -0.287667120000
-0.040194000000 -0.281114410000 0.958832170000 1.252084180000
0.000000000000 0.000000000000 0.000000000000 1.000000000000
6 61 66
0.974119420000 0.200792710000 -0.103796130000 0.516378190000
-0.013942770000 0.511709390000 0.859045460000 -1.374374800000
0.225603520000 -0.835365660000 0.501265660000 1.919507880000
0.000000000000 0.000000000000 0.000000000000 1.000000000000
6 62 66
-0.943483660000 -0.280053820000 0.177224270000 -0.375118300000
-0.049705190000 0.648265680000 0.759790100000 -1.530799230000
-0.327670530000 0.708040580000 -0.625548200000 3.397123330000
0.000000000000 0.000000000000 0.000000000000 1.000000000000
6 63 66
0.888933240000 -0.436567330000 0.138588100000 0.311992230000
0.336949210000 0.828234550000 0.447764180000 -0.732594480000
-0.310262670000 -0.351335310000 0.883346240000 0.551752770000
0.000000000000 0.000000000000 0.000000000000 1.000000000000
6 64 66
-0.704514540000 0.019150950000 0.709431110000 -1.823224880000
0.390390440000 0.845261610000 0.364867260000 -0.225587900000
-0.592667330000 0.534009410000 -0.602975440000 3.581361990000
0.000000000000 0.000000000000 0.000000000000 1.000000000000
6 65 66
-0.986554220000 0.120318330000 0.110608640000 -0.890065760000
0.140443060000 0.277992840000 0.950260870000 -1.898033870000
0.083585390000 0.953018090000 -0.291152880000 3.332215910000
0.000000000000 0.000000000000 0.000000000000 1.000000000000
7 9 66
0.439434000000 0.896055650000 -0.063103430000 0.058426790000
-0.898229960000 0.437623840000 -0.040845070000 -0.437568910000
-0.008983890000 0.074630100000 0.997170820000 -0.005796480000
0.000000000000 0.000000000000 0.000000000000 1.000000000000
7 10 66
0.965801020000 0.086317730000 -0.244494650000 1.072512600000
-0.072605580000 0.995268450000 0.064568960000 0.146757500000
0.248911260000 -0.044609090000 0.967498430000 -0.068272000000
0.000000000000 0.000000000000 0.000000000000 1.000000000000
7 11 66
0.569060210000 -0.763158430000 -0.306202030000 0.939578700000
0.643385250000 0.645120250000 -0.412159290000 0.665944070000
0.512079970000 0.037537580000 0.858117140000 0.201062100000
0.000000000000 0.000000000000 0.000000000000 1.000000000000
7 12 66
-0.986898400000 0.040494150000 0.156178660000 -0.011235170000
0.037107110000 0.999009860000 -0.024543090000 -0.514853120000
-0.157017880000 -0.018426200000 -0.987423850000 4.880037190000
0.000000000000 0.000000000000 0.000000000000 1.000000000000
7 13 66
0.843436890000 -0.102557300000 -0.527348290000 1.782819620000
0.281052120000 -0.752331880000 0.595824170000 -0.645440300000
-0.457847050000 -0.650752440000 -0.605720510000 4.672164170000
0.000000000000 0.000000000000 0.000000000000 1.000000000000
7 14 66
0.164308620000 0.340807810000 -0.925663390000 2.918003440000
-0.771311940000 0.629356890000 0.094803950000 -0.844631130000
0.614882560000 0.698398120000 0.366277890000 1.589805680000
0.000000000000 0.000000000000 0.000000000000 1.000000000000
7 15 66
-0.510616820000 -0.333672390000 0.792422360000 -1.563485370000
0.100549370000 0.892129480000 0.440448420000 -0.799678980000
-0.853908830000 0.304577940000 -0.421985770000 3.553661150000
0.000000000000 0.000000000000 0.000000000000 1.000000000000
7 16 66
-0.587090570000 0.809398220000 0.014113210000 0.126031470000
0.339092320000 0.261713980000 -0.903616180000 3.204894510000
-0.735078950000 -0.525718860000 -0.428110520000 3.973319680000
0.000000000000 0.000000000000 0.000000000000 1.000000000000
7 17 66
0.926933980000 0.202964450000 -0.315592810000 2.299924300000
-0.337377070000 0.818936080000 -0.464241750000 0.708000280000
0.164225770000 0.536795230000 0.827575240000 0.336893240000
0.000000000000 0.000000000000 0.000000000000 1.000000000000
7 18 66
-0.895537724000 0.444985380000 0.000443504449 0.192325505000
0.285966075000 0.576272757000 -0.765593308000 2.148252780000
-0.340933409000 -0.685490861000 -0.643324716000 4.813658650000
0.000000000000 0.000000000000 0.000000000000 1.000000000000
7 19 66
-0.418234410000 0.899355640000 0.127433960000 0.340275180000
0.641221400000 0.391690730000 -0.659858690000 2.006505980000
-0.643362330000 -0.194262230000 -0.740504620000 5.251465930000
0.000000000000 0.000000000000 0.000000000000 1.000000000000
7 20 66
-0.872061400000 0.163255840000 -0.461363680000 2.329446290000
-0.489115590000 -0.258805480000 0.832937970000 -1.842486090000
0.016578540000 0.952033220000 0.305545250000 2.012789090000
0.000000000000 0.000000000000 0.000000000000 1.000000000000
7 21 66
0.940810220000 0.335255060000 0.049801320000 -0.074462760000
0.148718920000 -0.540367240000 0.828182310000 -2.125871700000
0.304563310000 -0.771755980000 -0.558241790000 4.531695540000
0.000000000000 0.000000000000 0.000000000000 1.000000000000
7 22 66
0.535343450000 -0.577947790000 -0.615941340000 1.793427420000
0.474587850000 0.809064330000 -0.346671730000 1.118849990000
0.698694330000 -0.106729840000 0.707414290000 0.252532570000
0.000000000000 0.000000000000 0.000000000000 1.000000000000
7 23 66
0.902757560000 -0.115175720000 0.414443400000 -0.806972630000
0.189694600000 0.971335140000 -0.143262040000 -0.322751180000
-0.386063130000 0.207948570000 0.898728350000 0.519117850000
0.000000000000 0.000000000000 0.000000000000 1.000000000000
7 24 66
-0.828126880000 0.204912790000 0.521743830000 -0.789061140000
0.560495970000 0.314466230000 0.766130050000 -2.135958750000
-0.007080970000 0.926888200000 -0.375270730000 3.791731560000
0.000000000000 0.000000000000 0.000000000000 1.000000000000
7 25 66
0.881576230000 -0.039207880000 -0.470410560000 1.595564410000
0.061600960000 0.997578170000 0.032297350000 0.370184920000
0.468004990000 -0.057450320000 0.881856440000 -0.082338720000
0.000000000000 0.000000000000 0.000000000000 1.000000000000
7 26 66
0.048588520000 0.673041520000 -0.738006960000 2.898111530000
-0.985877190000 -0.086241090000 -0.143557110000 -0.044334980000
-0.160266420000 0.734559450000 0.659345960000 1.043458190000
0.000000000000 0.000000000000 0.000000000000 1.000000000000
7 27 66
0.765883507000 0.425389168000 0.482147809000 -0.521033254000
-0.642978332000 0.508039485000 0.573127164000 -1.378771780000
-0.001148037160 -0.748959237000 0.662615080000 0.750781890000
0.000000000000 0.000000000000 0.000000000000 1.000000000000
7 28 66
0.884275500000 -0.456929910000 0.096290720000 -0.312135470000
0.463291780000 0.884279010000 -0.058406820000 0.758152320000
-0.058460040000 0.096258420000 0.993638130000 0.356170270000
0.000000000000 0.000000000000 0.000000000000 1.000000000000
7 29 66
0.899355090000 0.388112860000 -0.201317750000 0.515276480000
-0.186639400000 0.757185690000 0.625967700000 -0.700363520000
0.395381030000 -0.525393420000 0.753415950000 0.991783820000
0.000000000000 0.000000000000 0.000000000000 1.000000000000
7 30 66
0.964448580000 0.107553470000 -0.241394250000 0.162052530000
0.121964230000 0.629189740000 0.767622950000 -0.917120470000
0.234443300000 -0.769774330000 0.593703480000 1.392937040000
0.000000000000 0.000000000000 0.000000000000 1.000000000000
7 31 66
0.955845530000 -0.042495570000 -0.290780760000 0.951738150000
-0.209449740000 0.595550580000 -0.775532280000 2.408453090000
0.206131340000 0.802193010000 0.560353680000 1.985853040000
0.000000000000 0.000000000000 0.000000000000 1.000000000000
7 32 66
0.795295370000 -0.585088040000 0.158673470000 -0.566035450000
0.375321870000 0.680760240000 0.629046100000 -0.945012010000
-0.476065930000 -0.440723830000 0.761001800000 0.530317670000
0.000000000000 0.000000000000 0.000000000000 1.000000000000
7 33 66
0.985617550000 -0.081561310000 0.148006100000 0.162892030000
-0.043976050000 0.721858270000 0.690642270000 -1.257378020000
-0.163169110000 -0.687217870000 0.707889430000 0.547871280000
0.000000000000 0.000000000000 0.000000000000 1.000000000000
7 34 66
-0.461280880000 -0.298576750000 0.835506950000 -1.705099020000
0.364271790000 0.794921470000 0.485186490000 -0.508928170000
-0.809027820000 0.528158860000 -0.257918990000 3.332250190000
0.000000000000 0.000000000000 0.000000000000 1.000000000000
7 35 66
0.865248630000 -0.178457410000 0.468505890000 -0.256797640000
-0.021853480000 -0.947038810000 -0.320374640000 1.447905710000
0.500866490000 0.266965230000 -0.823323950000 4.583328150000
0.000000000000 0.000000000000 0.000000000000 1.000000000000
7 36 66
0.810517050000 0.266260790000 -0.521696560000 1.782123000000
-0.569479130000 0.566502780000 -0.595624150000 1.620770300000
0.136951190000 0.779858830000 0.610790130000 1.458290900000
0.000000000000 0.000000000000 0.000000000000 1.000000000000
7 37 66
0.704446110000 -0.667210060000 -0.242046290000 0.149764350000
0.457844970000 0.687763850000 -0.563346140000 1.864956600000
0.542340900000 0.286027320000 0.789971340000 0.284908180000
0.000000000000 0.000000000000 0.000000000000 1.000000000000
7 38 66
0.786143430000 -0.617973990000 0.009308630000 -0.153061120000
0.570936200000 0.720373060000 -0.393820400000 1.078348750000
0.236665080000 0.314913960000 0.919140270000 0.670735930000
0.000000000000 0.000000000000 0.000000000000 1.000000000000
7 39 66
0.252675590000 0.517130970000 -0.817759500000 2.779292710000
-0.651140510000 0.716036300000 0.251610940000 -0.428317460000
0.715661290000 0.468900390000 0.517649820000 1.711064900000
0.000000000000 0.000000000000 0.000000000000 1.000000000000
7 40 66
-0.854532010000 -0.388195330000 0.345078870000 0.349318760000
0.519049720000 -0.613891090000 0.594747940000 -0.972852690000
-0.019037530000 0.687344250000 0.726082270000 1.704402800000
0.000000000000 0.000000000000 0.000000000000 1.000000000000
7 41 66
0.770516450000 -0.123684090000 0.625305240000 -0.686931960000
-0.492078680000 0.508140470000 0.706860550000 -1.051407280000
-0.405170310000 -0.852347060000 0.330668290000 1.902778000000
0.000000000000 0.000000000000 0.000000000000 1.000000000000
7 42 66
-0.028548150000 -0.949120630000 -0.313616050000 0.948151540000
0.998535490000 -0.012654010000 -0.052599830000 0.099363090000
0.045955080000 -0.314658390000 0.948091890000 0.509581230000
0.000000000000 0.000000000000 0.000000000000 1.000000000000
7 43 66
-0.934844380000 0.211060980000 -0.285515750000 1.316761500000
-0.351043080000 -0.670010310000 0.654106210000 -1.245503920000
-0.053242200000 0.711715850000 0.700446870000 1.426314040000
0.000000000000 0.000000000000 0.000000000000 1.000000000000
7 44 66
-0.838500870000 0.242078680000 0.488174370000 -0.771466010000
0.521362910000 0.095956810000 0.847922760000 -1.535043600000
0.158420370000 0.965499980000 -0.206670710000 3.157516390000
0.000000000000 0.000000000000 0.000000000000 1.000000000000
7 45 66
0.801620850000 -0.385569920000 -0.456880570000 1.361251700000
0.292853600000 0.919513470000 -0.262167400000 0.059170450000
0.521191700000 0.076359730000 0.850016710000 0.590891410000
0.000000000000 0.000000000000 0.000000000000 1.000000000000
7 46 66
0.992220400000 0.111269200000 -0.055837650000 0.686693140000
-0.117905530000 0.983863090000 -0.134579750000 0.253158300000
0.039962020000 0.140116340000 0.989328280000 0.335603990000
0.000000000000 0.000000000000 0.000000000000 1.000000000000
7 47 66
0.539790090000 -0.714798930000 0.444622480000 -1.141722950000
0.744593680000 0.651816700000 0.143927920000 -0.009950400000
-0.392691880000 0.253372220000 0.884078960000 0.485066940000
0.000000000000 0.000000000000 0.000000000000 1.000000000000
7 48 66
-0.613473820000 -0.122289050000 -0.780189250000 2.350817200000
-0.604794100000 -0.562523730000 0.563729680000 -1.190453480000
-0.507812940000 0.817687250000 0.271133880000 2.802982950000
0.000000000000 0.000000000000 0.000000000000 1.000000000000
7 49 66
0.962543950000 -0.254236380000 -0.094196700000 -0.115742200000
0.269646390000 0.933902820000 0.234768690000 0.239040310000
0.028283820000 -0.251374980000 0.967476430000 0.092332180000
0.000000000000 0.000000000000 0.000000000000 1.000000000000
7 50 66
0.973854640000 -0.126930230000 -0.188403460000 0.807977620000
0.134301970000 0.990576950000 0.026838330000 -0.097994660000
0.183221520000 -0.051439590000 0.981724930000 -0.110772090000
0.000000000000 0.000000000000 0.000000000000 1.000000000000
7 51 66
0.996070410000 -0.084647060000 0.026050180000 -0.018763650000
0.080936650000 0.989432290000 0.120303810000 -0.176502180000
-0.035958260000 -0.117722650000 0.992395270000 -0.144168190000
0.000000000000 0.000000000000 0.000000000000 1.000000000000
7 52 66
0.907781290000 -0.378632330000 -0.180473480000 0.798577370000
0.285475060000 0.872961170000 -0.395528490000 1.125599860000
0.307306210000 0.307532680000 0.900547910000 -0.018622600000
0.000000000000 0.000000000000 0.000000000000 1.000000000000
7 53 66
0.953662460000 -0.054946730000 -0.295818820000 1.002988720000
0.024258980000 0.994024400000 -0.106428350000 0.316341020000
0.299899010000 0.094320460000 0.949296700000 0.096940280000
0.000000000000 0.000000000000 0.000000000000 1.000000000000
7 54 66
0.939084420000 0.188224940000 0.287561850000 -0.511724530000
-0.133001690000 0.970535230000 -0.200927650000 0.491356110000
-0.316908500000 0.150441810000 0.936448750000 0.795971570000
0.000000000000 0.000000000000 0.000000000000 1.000000000000
7 55 66
0.965484940000 -0.259310840000 0.024427800000 -0.086772200000
0.254145350000 0.958453890000 0.129523320000 -0.817877880000
-0.056999720000 -0.118844600000 0.991275440000 0.075147190000
0.000000000000 0.000000000000 0.000000000000 1.000000000000
7 56 66
0.116030530000 -0.236663600000 -0.964638410000 2.446999860000
-0.354154460000 0.897504810000 -0.262792200000 0.620762480000
0.927960950000 0.372122920000 0.020322490000 2.822251710000
0.000000000000 0.000000000000 0.000000000000 1.000000000000
7 57 66
0.943477030000 -0.174154070000 -0.281995490000 1.061548740000
0.247763780000 0.935723930000 0.251065380000 -0.183227850000
0.220145870000 -0.306742690000 0.925983110000 0.615044220000
0.000000000000 0.000000000000 0.000000000000 1.000000000000
7 58 66
0.731160240000 0.476918130000 -0.487805080000 1.826889520000
-0.552341690000 0.833516770000 -0.012978590000 0.407802620000
0.400403990000 0.278924510000 0.872856090000 0.826817570000
0.000000000000 0.000000000000 0.000000000000 1.000000000000
7 59 66
-0.926852120000 0.043137130000 -0.372940110000 1.455787770000
-0.159829600000 0.853519590000 0.495942350000 -0.655715380000
0.339705220000 0.519272090000 -0.784191850000 4.442517470000
0.000000000000 0.000000000000 0.000000000000 1.000000000000
7 60 66
-0.786260610000 0.256243490000 -0.562257530000 1.070623330000
-0.531923370000 -0.743716120000 0.404899820000 -0.480479410000
-0.314407040000 0.617434700000 0.721056590000 1.345853510000
0.000000000000 0.000000000000 0.000000000000 1.000000000000
7 61 66
0.757259640000 -0.609349790000 -0.235054620000 0.940520180000
0.607925630000 0.526090410000 0.594689260000 -0.584404480000
-0.238713790000 -0.593229900000 0.768826390000 1.383541910000
0.000000000000 0.000000000000 0.000000000000 1.000000000000
7 62 66
0.991990352000 0.011306788200 -0.125806587000 1.791570320000
-0.000638942633 0.996422026000 0.084514715400 0.052322913200
0.126312044000 -0.083757399200 0.988448261000 0.665753251000
0.000000000000 0.000000000000 0.000000000000 1.000000000000
7 63 66
0.974655480000 -0.223280270000 -0.013878790000 0.504352890000
0.152094750000 0.615868440000 0.773028620000 -1.347323590000
-0.164054530000 -0.755547470000 0.634219300000 1.189955600000
0.000000000000 0.000000000000 0.000000000000 1.000000000000
7 64 66
0.536998700000 -0.601325960000 -0.591641350000 1.640814350000
0.128635760000 0.751511330000 -0.647057620000 1.841986700000
0.833717720000 0.271362870000 0.480912630000 1.617829660000
0.000000000000 0.000000000000 0.000000000000 1.000000000000
7 65 66
0.195477690000 0.426528950000 -0.883097690000 2.716527340000
-0.435805710000 0.844455440000 0.311397490000 -0.476573640000
0.878556690000 0.323987750000 0.350955950000 2.094921930000
0.000000000000 0.000000000000 0.000000000000 1.000000000000
8 10 66
0.953182456000 0.301934458000 -0.016696983100 0.391798372000
-0.297453113000 0.946114641000 0.128018480000 -0.062838140700
0.054450450600 -0.117058400000 0.991631221000 0.000243008932
0.000000000000 0.000000000000 0.000000000000 1.000000000000
8 11 66
0.965436900000 0.253807860000 0.059271890000 0.046172920000
-0.258691170000 0.905387150000 0.336679360000 -0.733286460000
0.031787860000 -0.340375790000 0.939752020000 0.290819460000
0.000000000000 0.000000000000 0.000000000000 1.000000000000
8 12 66
-0.757335010000 0.049045970000 -0.651182140000 1.694177340000
-0.276331970000 0.879428700000 0.387615530000 -1.634976710000
0.591679250000 0.473497250000 -0.652469170000 3.886342830000
0.000000000000 0.000000000000 0.000000000000 1.000000000000
8 13 66
-0.350304097000 0.254912062000 -0.901280689000 4.029472080000
0.731648143000 -0.526310215000 -0.433230368000 0.986193236000
-0.584788880000 -0.811182716000 -0.002137312020 3.384906760000
0.000000000000 0.000000000000 0.000000000000 1.000000000000
8 14 66
-0.516367500000 0.158371110000 0.841595620000 -2.366383030000
-0.340035970000 -0.939875760000 -0.031766280000 1.448045490000
0.785964470000 -0.302575860000 0.539173170000 2.245033620000
0.000000000000 0.000000000000 0.000000000000 1.000000000000
8 15 66
-0.869484840000 0.215081560000 0.444675210000 -1.215057990000
0.017661970000 0.913187130000 -0.407157620000 1.211826970000
-0.493643770000 -0.346163540000 -0.797801120000 4.846116280000
0.000000000000 0.000000000000 0.000000000000 1.000000000000
8 16 66
0.979366539000 -0.185777041000 -0.079549192200 0.304072484000
-0.184768079000 -0.982580116000 0.019926699700 -0.000166863039
-0.081865377800 -0.004817391510 -0.996631754000 6.716596030000
0.000000000000 0.000000000000 0.000000000000 1.000000000000
8 17 66
-0.887621160000 0.455160790000 0.070408330000 -0.472796130000
-0.456212360000 -0.889870010000 0.001280950000 0.947611110000
0.063237300000 -0.030984150000 0.997517430000 0.045644260000
0.000000000000 0.000000000000 0.000000000000 1.000000000000
8 18 66
0.760919290000 -0.605891510000 -0.232157940000 1.821796970000
0.604666960000 0.791934400000 -0.084957550000 0.576363920000
0.235328920000 -0.075732400000 0.968960730000 0.120540000000
0.000000000000 0.000000000000 0.000000000000 1.000000000000
8 19 66
0.017636800000 0.240336290000 0.970529450000 -1.792622920000
0.726044720000 0.664291690000 -0.177695290000 0.200782110000
-0.687421270000 0.707781760000 -0.162778910000 2.981440580000
0.000000000000 0.000000000000 0.000000000000 1.000000000000
8 20 66
0.729529160000 -0.237098970000 0.641538220000 -1.390081410000
-0.181958410000 -0.971468440000 -0.152119070000 1.009340080000
0.659301410000 -0.005757970000 -0.751856700000 5.062654150000
0.000000000000 0.000000000000 0.000000000000 1.000000000000
8 21 66
0.908421700000 0.295272440000 0.295946290000 -0.130072300000
-0.397642790000 0.391788080000 0.829688080000 -2.318477460000
0.129035800000 -0.871387570000 0.473321740000 0.978456700000
0.000000000000 0.000000000000 0.000000000000 1.000000000000
8 23 66
0.510548440000 -0.529887860000 0.677169950000 -0.905153620000
-0.296712520000 -0.847740930000 -0.439655540000 2.813975590000
0.807032820000 0.023540650000 -0.590037170000 4.539984930000
0.000000000000 0.000000000000 0.000000000000 1.000000000000
8 24 66
0.613628100000 0.230836000000 0.755099520000 -1.487115800000
-0.578775080000 -0.519013490000 0.629002710000 -1.547878080000
0.537103300000 -0.823006530000 -0.184879140000 3.309578720000
0.000000000000 0.000000000000 0.000000000000 1.000000000000
8 25 66
0.401002010000 0.915014240000 -0.044117150000 1.249420420000
-0.724202130000 0.346135630000 0.596423840000 -1.960932570000
0.561006820000 -0.207217430000 0.801456350000 0.447053870000
0.000000000000 0.000000000000 0.000000000000 1.000000000000
8 26 66
-0.762995680000 0.455603580000 0.458544400000 -0.277811500000
0.522561400000 0.017199000000 0.852428170000 -2.862995710000
0.380482830000 0.890016610000 -0.251203610000 2.965163160000
0.000000000000 0.000000000000 0.000000000000 1.000000000000
8 27 66
-0.596538410000 0.676416400000 0.431975440000 -0.110334850000
0.775287700000 0.624839370000 0.092221200000 -0.545130620000
-0.207535330000 0.389918730000 -0.897158000000 4.389146850000
0.000000000000 0.000000000000 0.000000000000 1.000000000000
8 28 66
0.837463790000 -0.284793610000 0.466419330000 -1.324421870000
-0.040808730000 0.818504910000 0.573048300000 -0.942596810000
-0.544967010000 -0.498941190000 0.673846160000 1.424832200000
0.000000000000 0.000000000000 0.000000000000 1.000000000000
8 29 66
0.953499390000 -0.136891720000 -0.268513610000 0.806461790000
0.028581330000 0.927956430000 -0.371591130000 0.746342270000
0.300036690000 0.346637440000 0.888718440000 0.502740310000
0.000000000000 0.000000000000 0.000000000000 1.000000000000
8 30 66
-0.295429160000 -0.817042440000 -0.495139650000 1.958735520000
0.839740720000 -0.469226280000 0.273243900000 -0.993394230000
-0.455584390000 -0.335064710000 0.824726920000 1.046729510000
0.000000000000 0.000000000000 0.000000000000 1.000000000000
8 31 66
-0.373052420000 0.898864650000 -0.229943970000 1.848359290000
-0.873032810000 -0.256180060000 0.414952390000 -0.525890220000
0.314078970000 0.355547620000 0.880306930000 0.963594320000
0.000000000000 0.000000000000 0.000000000000 1.000000000000
8 32 66
-0.466733130000 0.420901330000 0.777818910000 -0.914311290000
0.751852800000 0.651952880000 0.098360650000 -0.235706950000
-0.465701150000 0.630713500000 -0.620743850000 5.518427990000
0.000000000000 0.000000000000 0.000000000000 1.000000000000
8 33 66
-0.074094400000 -0.656492530000 0.750684740000 -1.734795240000
0.852587840000 0.348775460000 0.389165320000 -1.212232330000
-0.517304540000 0.668859660000 0.533875240000 1.714044040000
0.000000000000 0.000000000000 0.000000000000 1.000000000000
8 34 66
-0.806890530000 -0.118620320000 0.578668200000 -1.418541850000
-0.212395110000 0.972373890000 -0.096836670000 0.398562100000
-0.551195050000 -0.201042890000 -0.809793660000 5.218843320000
0.000000000000 0.000000000000 0.000000000000 1.000000000000
8 35 66
0.158144050000 -0.905785800000 0.393118990000 0.362310970000
-0.829161980000 -0.338005940000 -0.445244200000 1.293188850000
0.536172430000 -0.255546600000 -0.804496780000 4.456991820000
0.000000000000 0.000000000000 0.000000000000 1.000000000000
8 36 66
0.875045000000 -0.103238700000 -0.472903820000 1.304153350000
0.086682870000 0.994618950000 -0.056738300000 0.313649640000
0.476216690000 0.008655900000 0.879285360000 0.252025420000
0.000000000000 0.000000000000 0.000000000000 1.000000000000
8 38 66
0.554685320000 0.336863930000 -0.760819880000 2.303858400000
-0.416092660000 0.904137810000 0.096962400000 -0.139601360000
0.720549160000 0.262787950000 0.641678590000 1.277472750000
0.000000000000 0.000000000000 0.000000000000 1.000000000000
8 39 66
0.300039880000 -0.006102930000 -0.953907140000 2.648641550000
-0.383575070000 0.914804630000 -0.126501630000 0.470969430000
0.873410690000 0.403850530000 0.272136940000 1.711150870000
0.000000000000 0.000000000000 0.000000000000 1.000000000000
8 40 66
-0.070560870000 0.996991060000 0.032093540000 1.047758130000
-0.829615220000 -0.076518500000 0.553067370000 -1.546592140000
0.553858970000 0.012399620000 0.832518160000 1.500535610000
0.000000000000 0.000000000000 0.000000000000 1.000000000000
8 41 66
0.803223190000 0.573207720000 -0.162066110000 1.288469440000
-0.142452220000 0.449014820000 0.882095830000 -1.536194460000
0.578394220000 -0.685433150000 0.442313830000 1.573639260000
0.000000000000 0.000000000000 0.000000000000 1.000000000000
8 42 66
-0.385448320000 0.853459860000 0.350764670000 -0.785495840000
0.799108820000 0.498817500000 -0.335568470000 0.698123370000
-0.461361780000 0.150954840000 -0.874275670000 4.446693260000
0.000000000000 0.000000000000 0.000000000000 1.000000000000
8 43 66
0.728607040000 0.515554840000 0.450926810000 0.570165000000
-0.654167520000 0.718889400000 0.235080610000 -1.243926580000
-0.202969560000 -0.466263060000 0.861047100000 0.903985440000
0.000000000000 0.000000000000 0.000000000000 1.000000000000
8 44 66
0.752937230000 0.253556250000 0.607284740000 -0.321801640000
-0.556654260000 0.737606440000 0.382194680000 -1.651367550000
-0.351029280000 -0.625816240000 0.696514520000 0.616462960000
0.000000000000 0.000000000000 0.000000000000 1.000000000000
8 45 66
0.912176040000 0.202268660000 -0.356401840000 1.577364750000
-0.158580500000 0.976170300000 0.148134260000 -0.861597740000
0.377871810000 -0.078606140000 0.922515020000 0.342925170000
0.000000000000 0.000000000000 0.000000000000 1.000000000000
8 46 66
0.913806050000 0.107259700000 -0.391731870000 1.397772730000
-0.151732640000 0.984820210000 -0.084299200000 0.028357270000
0.376743560000 0.136471630000 0.916209460000 0.344182370000
0.000000000000 0.000000000000 0.000000000000 1.000000000000
8 47 66
0.462564030000 -0.012960280000 0.886491140000 -1.774965740000
-0.839919190000 -0.326531370000 0.433489350000 -0.825386520000
0.283849020000 -0.945097510000 -0.161927260000 2.529731150000
0.000000000000 0.000000000000 0.000000000000 1.000000000000
8 48 66
0.984930760000 0.114521160000 0.129600550000 0.220434340000
-0.164748580000 0.849275130000 0.501587140000 -0.589335700000
-0.052624180000 -0.515380110000 0.855344400000 -0.095100140000
0.000000000000 0.000000000000 0.000000000000 1.000000000000
8 49 66
0.720750130000 0.108888860000 0.684589260000 -1.363171570000
-0.621788290000 0.538119540000 0.569040140000 -1.038343490000
-0.306428730000 -0.835805350000 0.455555550000 0.926074750000
0.000000000000 0.000000000000 0.000000000000 1.000000000000
8 50 66
0.998215870000 -0.025471790000 -0.054002500000 0.389277230000
0.019363770000 0.993659080000 -0.110755070000 0.094998620000
0.056481210000 0.109511780000 0.992379490000 -0.008750880000
0.000000000000 0.000000000000 0.000000000000 1.000000000000
8 51 66
0.711004980000 0.503062900000 -0.491324370000 2.211151810000
-0.511851730000 0.849344380000 0.128926080000 -0.673387880000
0.482161520000 0.159818140000 0.861381700000 -0.091901680000
0.000000000000 0.000000000000 0.000000000000 1.000000000000
8 52 66
0.984817690000 -0.053532500000 -0.165131410000 0.726402730000
0.085742540000 0.977130420000 0.194587670000 -0.656540860000
0.150938160000 -0.205792170000 0.966885340000 -0.252850400000
0.000000000000 0.000000000000 0.000000000000 1.000000000000
8 53 66
0.979191010000 0.004753460000 -0.202885120000 1.203926360000
0.049831210000 0.963487390000 0.263075840000 -0.873740400000
0.196727770000 -0.267711510000 0.943201320000 -0.174958530000
0.000000000000 0.000000000000 0.000000000000 1.000000000000
8 54 66
0.770377520000 -0.232221840000 0.593794150000 -1.404408130000
0.057407500000 0.952794080000 0.298140610000 -0.640440080000
-0.634998310000 -0.195592590000 0.747342410000 1.266931780000
0.000000000000 0.000000000000 0.000000000000 1.000000000000
8 55 66
0.272291550000 0.893831730000 -0.356261340000 1.125828980000
0.912768690000 -0.122779480000 0.389587630000 -0.114019120000
0.304484200000 -0.431265620000 -0.849293430000 5.223740430000
0.000000000000 0.000000000000 0.000000000000 1.000000000000
8 57 66
-0.862697640000 -0.477440860000 -0.166742360000 1.038658260000
-0.333939510000 0.290198230000 0.896810680000 -2.285413410000
-0.379785720000 0.829358310000 -0.409789690000 3.158052280000
0.000000000000 0.000000000000 0.000000000000 1.000000000000
8 58 66
0.740204650000 0.611540580000 0.279490960000 0.127757320000
-0.656502960000 0.567525710000 0.496908870000 -1.442565930000
0.145261630000 -0.551300900000 0.821563370000 -0.155615010000
0.000000000000 0.000000000000 0.000000000000 1.000000000000
8 59 66
-0.455008980000 0.875892220000 0.160560420000 0.168625440000
0.834037530000 0.482355960000 -0.267794940000 0.936818980000
-0.312006780000 0.012064310000 -0.950003280000 4.747213070000
0.000000000000 0.000000000000 0.000000000000 1.000000000000
8 60 66
0.172718820000 0.366261350000 0.914341750000 -0.652704710000
-0.930640570000 0.364727550000 0.029697360000 -0.528492910000
-0.322608630000 -0.856052820000 0.403852990000 2.090455760000
0.000000000000 0.000000000000 0.000000000000 1.000000000000
8 61 66
-0.449132210000 0.477089260000 0.755424450000 -1.057690930000
-0.110767500000 0.809244260000 -0.576935250000 1.471243410000
-0.886572510000 -0.342796690000 -0.310611680000 3.152830290000
0.000000000000 0.000000000000 0.000000000000 1.000000000000
8 62 66
-0.733828090000 0.342025750000 0.586953770000 -1.546641670000
-0.656077850000 -0.132670400000 -0.742940390000 1.431691580000
-0.176233360000 -0.930277890000 0.321752790000 1.779820480000
0.000000000000 0.000000000000 0.000000000000 1.000000000000
8 63 66
-0.028435770000 0.555598520000 -0.830964320000 3.253345860000
-0.918614180000 0.313249170000 0.240879510000 -0.852972150000
0.394131180000 0.770185200000 0.501473200000 1.716207440000
0.000000000000 0.000000000000 0.000000000000 1.000000000000
8 64 66
0.887953440000 0.459867260000 0.007796810000 0.823073020000
0.102756380000 -0.214877880000 0.971220170000 -2.553620800000
0.448307720000 -0.861597120000 -0.238055850000 3.294068750000
0.000000000000 0.000000000000 0.000000000000 1.000000000000
8 65 66
0.697275480000 -0.035673750000 0.715915000000 -0.828471030000
-0.701015100000 -0.242404680000 0.670684580000 -1.705496050000
0.149615310000 -0.969519140000 -0.194030670000 3.221250760000
0.000000000000 0.000000000000 0.000000000000 1.000000000000
9 11 66
-0.815985180000 -0.093541060000 -0.570454430000 1.765834990000
-0.457150500000 -0.499566160000 0.735830870000 -0.701377220000
-0.353810130000 0.861210620000 0.364876240000 2.095894480000
0.000000000000 0.000000000000 0.000000000000 1.000000000000
9 12 66
0.098006200000 -0.062157570000 0.993242780000 -2.767017750000
0.091349090000 -0.993272240000 -0.071173100000 2.192712160000
0.990984420000 0.097707230000 -0.091668800000 3.491351160000
0.000000000000 0.000000000000 0.000000000000 1.000000000000
9 13 66
-0.949642770000 0.312813350000 -0.018067280000 -0.301515950000
-0.279408810000 -0.819316560000 0.500650660000 -0.005208980000
0.141807390000 0.480487430000 0.865460850000 0.535880190000
0.000000000000 0.000000000000 0.000000000000 1.000000000000
9 14 66
0.872367260000 -0.185108880000 -0.452448970000 1.813171890000
0.186855250000 0.981519370000 -0.041289860000 0.173484420000
0.451730550000 -0.048522540000 0.890833920000 0.656995390000
0.000000000000 0.000000000000 0.000000000000 1.000000000000
9 15 66
-0.738225520000 -0.381435000000 0.556354590000 -1.594974080000
-0.015919860000 0.834396060000 0.550935360000 -0.916459180000
-0.674366110000 0.397857450000 -0.622044850000 4.042228350000
0.000000000000 0.000000000000 0.000000000000 1.000000000000
9 16 66
0.999457989000 -0.032725373700 -0.003574614750 0.005180355710
0.032845251300 0.998606086000 0.041316756300 -0.284775301000
0.002217525760 -0.041411771300 0.999139704000 0.000693586592
0.000000000000 0.000000000000 0.000000000000 1.000000000000
9 17 66
-0.333216480000 0.409717800000 -0.849174950000 0.602973630000
0.368785070000 0.885530580000 0.282547630000 -0.240579840000
0.867735180000 -0.219013520000 -0.446171190000 5.163990030000
0.000000000000 0.000000000000 0.000000000000 1.000000000000
9 18 66
0.998554170000 0.053206440000 0.007657780000 -0.178356420000
0.038954040000 -0.618066850000 -0.785159830000 3.552342670000
-0.037042540000 0.784322920000 -0.619245830000 4.516359830000
0.000000000000 0.000000000000 0.000000000000 1.000000000000
9 19 66
0.813399750000 -0.226237540000 -0.535908040000 1.462973250000
0.296192370000 0.953979550000 0.046830450000 0.361723400000
0.500650510000 -0.196823750000 0.842976560000 0.577400330000
0.000000000000 0.000000000000 0.000000000000 1.000000000000
9 20 66
-0.942373390000 -0.007363330000 0.334481940000 -0.672493830000
0.334047850000 -0.076166250000 0.939473650000 -2.041760240000
0.018558580000 0.997067940000 0.074236760000 2.499103710000
0.000000000000 0.000000000000 0.000000000000 1.000000000000
9 22 66
-0.971123460000 0.173750930000 0.163492630000 -0.436166690000
0.184303800000 0.111203330000 0.976558200000 -2.177296120000
0.151496970000 0.978490900000 -0.140015120000 3.129641080000
0.000000000000 0.000000000000 0.000000000000 1.000000000000
9 23 66
-0.973602400000 0.119131570000 0.194694710000 -1.319557010000
0.130030330000 0.990526790000 0.044145130000 -0.305802050000
-0.187591250000 0.068296020000 -0.979869980000 5.586206320000
0.000000000000 0.000000000000 0.000000000000 1.000000000000
9 24 66
-0.993581780000 -0.028514320000 -0.109463110000 0.226716980000
-0.104308660000 -0.143405840000 0.984151650000 -1.910201580000
-0.043760070000 0.989253100000 0.139511140000 2.358055660000
0.000000000000 0.000000000000 0.000000000000 1.000000000000
9 25 66
-0.978073260000 -0.079467480000 0.192503530000 -0.845109630000
0.165707370000 0.262945680000 0.950473900000 -2.136204220000
-0.126149740000 0.961532360000 -0.244011790000 3.837021450000
0.000000000000 0.000000000000 0.000000000000 1.000000000000
9 26 66
-0.978340700000 0.111001240000 -0.174723180000 -0.105339570000
-0.064500350000 0.638578320000 0.766849030000 -1.713738420000
0.196695630000 0.761509330000 -0.617587540000 4.296153850000
0.000000000000 0.000000000000 0.000000000000 1.000000000000
9 27 66
0.933979600000 0.190031470000 -0.302605590000 1.289377090000
0.186412160000 0.463364860000 0.866339150000 -1.372770590000
0.304848500000 -0.865552450000 0.397349150000 1.478049000000
0.000000000000 0.000000000000 0.000000000000 1.000000000000
9 28 66
-0.754392810000 -0.183594470000 -0.630225800000 1.368766010000
-0.620082050000 -0.115706530000 0.775957630000 -1.118379490000
-0.215382780000 0.976168570000 -0.026555460000 3.304369300000
0.000000000000 0.000000000000 0.000000000000 1.000000000000
9 29 66
-0.996663090000 0.035598810000 -0.073453450000 -0.059840930000
-0.030489930000 0.672384200000 0.739574100000 -0.585082220000
0.075716900000 0.739345800000 -0.669055110000 4.498279240000
0.000000000000 0.000000000000 0.000000000000 1.000000000000
9 30 66
0.610518080000 0.785961390000 -0.097633880000 -0.079914880000
-0.332821060000 0.366461370000 0.868870650000 -0.488872100000
0.718677830000 -0.497966630000 0.485315790000 1.447321770000
0.000000000000 0.000000000000 0.000000000000 1.000000000000
9 31 66
-0.776693920000 0.585006860000 -0.233481330000 1.080085290000
0.592641720000 0.553158880000 -0.585483600000 2.133581270000
-0.213359650000 -0.593112330000 -0.776334610000 4.697413690000
0.000000000000 0.000000000000 0.000000000000 1.000000000000
9 32 66
-0.585052560000 0.263155300000 -0.767113280000 2.128011140000
0.304968420000 -0.805077110000 -0.508768220000 1.518069490000
-0.751470400000 -0.531601480000 0.390758370000 1.766497720000
0.000000000000 0.000000000000 0.000000000000 1.000000000000
9 33 66
0.914488190000 -0.327008550000 0.238278740000 -0.716979960000
0.089024970000 0.737092900000 0.669901940000 -0.655724970000
-0.394697230000 -0.591404650000 0.703174680000 0.784525520000
0.000000000000 0.000000000000 0.000000000000 1.000000000000
9 34 66
-0.722097442000 -0.000739721209 0.691790963000 -1.484487830000
-0.376748546000 0.839116901000 -0.392356164000 1.545210690000
-0.580203255000 -0.543950622000 -0.606202857000 4.507426800000
0.000000000000 0.000000000000 0.000000000000 1.000000000000
9 35 66
-0.690665040000 -0.031284210000 0.722497820000 -2.395789120000
-0.183015720000 0.974102900000 -0.132773440000 0.646465420000
-0.699633510000 -0.223930430000 -0.678504320000 4.331410920000
0.000000000000 0.000000000000 0.000000000000 1.000000000000
9 36 66
-0.929637120000 0.284781570000 -0.233825310000 0.997283060000
0.246370710000 0.952262800000 0.180269340000 0.289668210000
0.274000530000 0.109977360000 -0.955420690000 5.173446690000
0.000000000000 0.000000000000 0.000000000000 1.000000000000
9 37 66
0.866051980000 -0.298030450000 0.401412280000 -1.207309740000
0.482890960000 0.706617570000 -0.517211690000 2.052635760000
-0.129500130000 0.641770570000 0.755883750000 1.085267120000
0.000000000000 0.000000000000 0.000000000000 1.000000000000
9 38 66
0.919532730000 -0.197586410000 0.339733970000 -0.842466250000
0.121995390000 0.965233120000 0.231175560000 0.175363450000
-0.373599630000 -0.171127520000 0.911668080000 0.953995940000
0.000000000000 0.000000000000 0.000000000000 1.000000000000
9 39 66
-0.397833920000 -0.888455760000 0.228854850000 -1.574289150000
0.381825760000 0.066479830000 0.921840290000 -1.393713280000
-0.834228540000 0.454122010000 0.312787360000 1.651685760000
0.000000000000 0.000000000000 0.000000000000 1.000000000000
9 40 66
0.947179280000 0.288109740000 -0.140869400000 -0.296302620000
0.165629280000 -0.815593650000 -0.554413150000 2.306319400000
-0.274624020000 0.501796550000 -0.820232810000 4.144324150000
0.000000000000 0.000000000000 0.000000000000 1.000000000000
9 41 66
-0.713550040000 0.601787080000 0.358745950000 -1.555216450000
0.201662030000 0.666800560000 -0.717432530000 2.654617570000
-0.670953630000 -0.439578570000 -0.597153170000 4.516085740000
0.000000000000 0.000000000000 0.000000000000 1.000000000000
9 42 66
0.465586790000 -0.644996780000 0.605976980000 -0.952200250000
-0.479165800000 0.391954800000 0.785348060000 -0.954065920000
-0.744062550000 -0.656011120000 -0.126571420000 3.849475690000
0.000000000000 0.000000000000 0.000000000000 1.000000000000
9 43 66
0.734499120000 -0.651797460000 0.188867970000 -0.545018080000
-0.279595450000 -0.544261430000 -0.790952520000 3.001123910000
0.618334390000 0.528147300000 -0.581999150000 4.339179240000
0.000000000000 0.000000000000 0.000000000000 1.000000000000
9 44 66
0.878349400000 0.031577760000 -0.476975020000 0.961043370000
0.420163570000 0.424838300000 0.801857220000 -1.186463420000
0.227958110000 -0.904718330000 0.359888640000 2.079328030000
0.000000000000 0.000000000000 0.000000000000 1.000000000000
9 45 66
-0.080108700000 0.089891510000 0.992724590000 -2.981273690000
-0.662609460000 -0.748827860000 0.014336790000 2.008080200000
0.744668580000 -0.656640200000 0.119550590000 3.189112200000
0.000000000000 0.000000000000 0.000000000000 1.000000000000
9 46 66
0.509068800000 -0.847784680000 -0.148694630000 -0.158014730000
0.799183430000 0.529713170000 -0.284094700000 0.892258020000
0.319616640000 0.025789470000 0.947195920000 0.482605680000
0.000000000000 0.000000000000 0.000000000000 1.000000000000
9 47 66
0.046255020000 0.245854240000 -0.968202540000 2.034645050000
-0.809016900000 0.577766730000 0.108061380000 0.779739660000
0.585962560000 0.778293840000 0.225624850000 2.296651730000
0.000000000000 0.000000000000 0.000000000000 1.000000000000
9 48 66
-0.138942730000 0.776224500000 -0.614955640000 1.334267710000
-0.610785420000 0.421630110000 0.670200890000 -0.468625830000
0.779510160000 0.468725480000 0.415524170000 2.257721630000
0.000000000000 0.000000000000 0.000000000000 1.000000000000
9 49 66
0.209337430000 -0.505765080000 0.836886800000 -2.419437300000
0.186636370000 0.860781590000 0.473520780000 -0.052533180000
-0.959867020000 0.057067890000 0.274587970000 2.604997660000
0.000000000000 0.000000000000 0.000000000000 1.000000000000
9 50 66
-0.218281860000 -0.974424370000 0.053387010000 -0.224379350000
0.614638490000 -0.094781490000 0.783093860000 -2.106907660000
-0.758005640000 0.203748890000 0.619607810000 1.727204410000
0.000000000000 0.000000000000 0.000000000000 1.000000000000
9 51 66
0.972634060000 -0.083381470000 -0.216865220000 0.699078400000
0.125089600000 0.974488310000 0.186346790000 0.011609490000
0.195794760000 -0.208374820000 0.958250670000 -0.151687390000
0.000000000000 0.000000000000 0.000000000000 1.000000000000
9 52 66
0.994605040000 -0.021148190000 -0.101555700000 0.438856450000
0.065362940000 0.887970780000 0.455231350000 -0.905432720000
0.080551180000 -0.459413380000 0.884562520000 0.289088800000
0.000000000000 0.000000000000 0.000000000000 1.000000000000
9 53 66
0.974271390000 -0.127591820000 0.185783690000 -0.591990670000
0.105517290000 0.986625120000 0.124245630000 0.038705210000
-0.199151580000 -0.101445570000 0.974703770000 0.551553160000
0.000000000000 0.000000000000 0.000000000000 1.000000000000
9 54 66
0.970005840000 0.138400930000 -0.199834590000 0.790932700000
-0.140986770000 0.990010620000 0.001303070000 0.384380810000
0.198018710000 0.026910050000 0.979828780000 0.306442970000
0.000000000000 0.000000000000 0.000000000000 1.000000000000
9 56 66
-0.941104050000 0.121781830000 0.315424080000 -1.008945170000
0.335762060000 0.226689610000 0.914262360000 -1.473970670000
0.039837180000 0.966323450000 -0.254228230000 3.379356730000
0.000000000000 0.000000000000 0.000000000000 1.000000000000
9 57 66
-0.773205090000 -0.149641920000 0.616247670000 -1.475323580000
-0.345326680000 -0.715691810000 -0.607070610000 2.896239350000
0.531886620000 -0.682196840000 0.501701190000 1.846095030000
0.000000000000 0.000000000000 0.000000000000 1.000000000000
9 58 66
0.898593630000 -0.410555700000 0.154833780000 -0.712578100000
0.117926970000 0.565859050000 0.816024980000 -1.333710150000
-0.422637800000 -0.715015770000 0.556892930000 1.215120640000
0.000000000000 0.000000000000 0.000000000000 1.000000000000
9 59 66
0.885743440000 -0.347263520000 0.308004240000 -0.940669030000
-0.374751440000 -0.143446640000 0.915960930000 -1.131483360000
-0.273897640000 -0.926731410000 -0.257194430000 3.593627260000
0.000000000000 0.000000000000 0.000000000000 1.000000000000
9 60 66
0.952410080000 -0.293444260000 0.082495500000 -0.066983060000
-0.035834750000 -0.376547760000 -0.925703870000 2.913313550000
0.302705990000 0.878693490000 -0.369143380000 3.555171600000
0.000000000000 0.000000000000 0.000000000000 1.000000000000
9 61 66
-0.697853010000 -0.684802860000 0.209871900000 -1.051065530000
-0.328414520000 0.045537920000 -0.943435320000 2.899700310000
0.636510080000 -0.727304150000 -0.256677980000 3.437926800000
0.000000000000 0.000000000000 0.000000000000 1.000000000000
9 62 66
-0.033460910000 0.649261310000 -0.759829000000 1.154645930000
0.218423990000 0.746627310000 0.628361860000 -0.843726650000
0.975280130000 -0.144939320000 -0.166797070000 3.011923850000
0.000000000000 0.000000000000 0.000000000000 1.000000000000
9 63 66
-0.824860450000 0.363593700000 0.432902830000 -1.507235720000
-0.564710210000 -0.565949020000 -0.600669700000 2.379365270000
0.026601210000 -0.739933320000 0.672154040000 1.352781480000
0.000000000000 0.000000000000 0.000000000000 1.000000000000
9 64 66
-0.734806220000 0.561766780000 0.380102500000 -1.396416780000
-0.626785380000 -0.348208620000 -0.697058710000 2.524698810000
-0.259229460000 -0.750445760000 0.607973060000 1.325910780000
0.000000000000 0.000000000000 0.000000000000 1.000000000000
9 65 66
0.469113890000 0.483049500000 -0.739320860000 2.433715160000
-0.229035120000 0.875054590000 0.426406360000 -0.081277150000
0.852921490000 -0.030702700000 0.521135560000 1.595014510000
0.000000000000 0.000000000000 0.000000000000 1.000000000000
10 12 66
0.974546610000 0.039326460000 0.220708720000 -1.187390200000
0.074854430000 0.870912590000 -0.485703680000 0.475221130000
-0.211319010000 0.489861900000 0.845801160000 0.035969580000
0.000000000000 0.000000000000 0.000000000000 1.000000000000
10 13 66
0.920413190000 -0.234872690000 0.312529010000 -0.697599660000
0.317630450000 0.915332040000 -0.247544260000 0.689606910000
-0.227926430000 0.327111730000 0.917086400000 0.541628640000
0.000000000000 0.000000000000 0.000000000000 1.000000000000
10 14 66
0.874546420000 -0.479428750000 -0.072915250000 0.919380100000
0.385065620000 0.777931510000 -0.496535040000 0.975059450000
0.294776250000 0.406165780000 0.864948740000 0.328162970000
0.000000000000 0.000000000000 0.000000000000 1.000000000000
10 15 66
0.709102400000 -0.158121670000 0.687147230000 -1.208764970000
0.100871990000 0.987256170000 0.123085730000 -0.246072870000
-0.697852870000 -0.017966480000 0.716015770000 0.332301300000
0.000000000000 0.000000000000 0.000000000000 1.000000000000
10 16 66
0.926787560000 0.347431220000 0.142675760000 -0.519328070000
-0.238179520000 0.249947340000 0.938507770000 -2.897023060000
0.290405480000 -0.903779770000 0.314399090000 1.765350010000
0.000000000000 0.000000000000 0.000000000000 1.000000000000
10 17 66
0.609394010000 -0.663419380000 0.434181600000 -0.506329230000
-0.782194820000 -0.592585210000 0.192390290000 -0.585317610000
0.129654150000 -0.456856090000 -0.880041090000 5.655004250000
0.000000000000 0.000000000000 0.000000000000 1.000000000000
10 18 66
0.904201860000 0.397178710000 -0.157060710000 0.096779160000
-0.253348490000 0.794821090000 0.551429030000 -1.619354940000
0.343851040000 -0.458812060000 0.819303340000 0.549955340000
0.000000000000 0.000000000000 0.000000000000 1.000000000000
10 19 66
0.460059990000 0.286372760000 -0.840437650000 2.644546780000
-0.436109730000 0.897392050000 0.067050780000 -0.313285540000
0.773403580000 0.335675660000 0.537744130000 1.227370350000
0.000000000000 0.000000000000 0.000000000000 1.000000000000
10 20 66
-0.918812560000 -0.255545630000 -0.300798780000 0.652774330000
-0.366347070000 0.268557820000 0.890879630000 -2.211169410000
-0.146878530000 0.928748150000 -0.340372690000 3.118908870000
0.000000000000 0.000000000000 0.000000000000 1.000000000000
10 21 66
0.800257780000 -0.528456320000 0.283410320000 -0.428500430000
0.369285190000 0.806675630000 0.461413990000 -0.993742450000
-0.472457340000 -0.264590900000 0.840699540000 0.837472450000
0.000000000000 0.000000000000 0.000000000000 1.000000000000
10 22 66
0.881494200000 -0.400981520000 0.249362770000 -0.553536720000
0.346874200000 0.908198320000 0.234209530000 -0.598415750000
-0.320384540000 -0.119956830000 0.939661700000 0.104426620000
0.000000000000 0.000000000000 0.000000000000 1.000000000000
10 23 66
-0.859393000000 0.290755430000 -0.420600710000 0.351462930000
0.011723070000 -0.811164780000 -0.584700150000 3.342872460000
-0.511181230000 -0.507417950000 0.693700790000 1.145211200000
0.000000000000 0.000000000000 0.000000000000 1.000000000000
10 24 66
-0.739833980000 -0.438869330000 0.509940580000 -0.931493660000
0.634358560000 -0.202534680000 0.746035470000 -2.075587260000
-0.224131440000 0.875427560000 0.428242550000 1.280433350000
0.000000000000 0.000000000000 0.000000000000 1.000000000000
10 25 66
-0.772641940000 0.587486000000 -0.240592250000 0.859754060000
0.376651230000 0.729284720000 0.571207190000 -1.597611670000
0.511036470000 0.350719270000 -0.784753290000 4.867015190000
0.000000000000 0.000000000000 0.000000000000 1.000000000000
10 26 66
0.958664270000 -0.059850650000 -0.278173890000 1.009911130000
0.002381350000 0.979281230000 -0.202490980000 -0.075379510000
0.284529680000 0.193458440000 0.938944460000 -0.059561630000
0.000000000000 0.000000000000 0.000000000000 1.000000000000
10 27 66
-0.055037300000 0.901268750000 -0.429750550000 1.096068200000
0.797256340000 -0.219452620000 -0.562336970000 1.445836550000
-0.601126630000 -0.373570860000 -0.706464150000 4.530158830000
0.000000000000 0.000000000000 0.000000000000 1.000000000000
10 28 66
0.481378060000 0.025230100000 0.876149880000 -2.035106660000
-0.452508220000 -0.848923880000 0.273065120000 -0.405206980000
0.750674010000 -0.527912580000 -0.397236500000 3.608120070000
0.000000000000 0.000000000000 0.000000000000 1.000000000000
10 29 66
-0.748897090000 -0.016942530000 -0.662469690000 2.072777950000
-0.496000720000 -0.648621380000 0.577298530000 -1.146998360000
-0.439472910000 0.760922630000 0.477347160000 1.725215550000
0.000000000000 0.000000000000 0.000000000000 1.000000000000
10 30 66
-0.835791430000 -0.077552370000 -0.543542380000 1.155797560000
-0.513036450000 -0.242309790000 0.823455870000 -1.223999520000
-0.195566590000 0.967094410000 0.162733250000 2.728994300000
0.000000000000 0.000000000000 0.000000000000 1.000000000000
10 31 66
0.729451320000 -0.529481790000 0.433070220000 -1.280233180000
0.409760260000 0.845186570000 0.343156220000 -0.632781510000
-0.547720100000 -0.072860790000 0.833483050000 1.321015640000
0.000000000000 0.000000000000 0.000000000000 1.000000000000
10 32 66
-0.920122490000 -0.040771770000 -0.389502600000 1.107943730000
-0.327629300000 0.625009410000 0.708535310000 -1.239856660000
0.214554550000 0.779551730000 -0.588443230000 4.482389320000
0.000000000000 0.000000000000 0.000000000000 1.000000000000
10 33 66
0.962854650000 0.155003730000 -0.221099010000 1.007518790000
-0.073108870000 0.937891010000 0.339139410000 -0.389895630000
0.259934650000 -0.310377660000 0.914384870000 0.457352680000
0.000000000000 0.000000000000 0.000000000000 1.000000000000
10 34 66
-0.446796450000 -0.510592190000 0.734621360000 -1.769690120000
0.429277450000 0.598077420000 0.676774900000 -1.385989950000
-0.784916430000 0.617737010000 -0.048033150000 3.039264520000
0.000000000000 0.000000000000 0.000000000000 1.000000000000
10 35 66
-0.785393070000 -0.066767950000 0.615385860000 -1.068115650000
-0.403804940000 0.808757930000 -0.427612180000 0.997588010000
-0.469147410000 -0.584339500000 -0.662154110000 4.247369330000
0.000000000000 0.000000000000 0.000000000000 1.000000000000
10 36 66
0.435970310000 -0.574790810000 0.692492180000 -2.040658580000
0.495689230000 -0.488866910000 -0.717844920000 1.791122230000
0.751147170000 0.656219990000 0.071786150000 2.127700470000
0.000000000000 0.000000000000 0.000000000000 1.000000000000
10 37 66
-0.826238480000 -0.125655710000 -0.549127140000 1.958379500000
-0.560314170000 0.082743850000 0.824136810000 -1.453364270000
-0.058120610000 0.988617270000 -0.138772830000 3.317924710000
0.000000000000 0.000000000000 0.000000000000 1.000000000000
10 38 66
-0.728489410000 0.226837270000 -0.646411660000 2.271992570000
-0.541909460000 -0.768064470000 0.341190720000 -0.891079980000
-0.419091050000 0.598850420000 0.682452090000 1.331733160000
0.000000000000 0.000000000000 0.000000000000 1.000000000000
10 39 66
-0.816861040000 -0.497833810000 0.291375260000 -0.739862930000
0.506891320000 -0.378413320000 0.774509230000 -1.461886560000
-0.275316600000 0.780362010000 0.561458730000 1.233522030000
0.000000000000 0.000000000000 0.000000000000 1.000000000000
10 40 66
-0.861579380000 0.353704550000 0.364107220000 -0.448732000000
0.048449430000 0.771302860000 -0.634621580000 1.741896340000
-0.505305480000 -0.529136080000 -0.681675420000 4.270181340000
0.000000000000 0.000000000000 0.000000000000 1.000000000000
10 41 66
0.962353720000 -0.154625160000 0.223531610000 -0.087051650000
-0.106726220000 0.541382740000 0.833974970000 -1.301535970000
-0.249969670000 -0.826435590000 0.504499130000 1.669534410000
0.000000000000 0.000000000000 0.000000000000 1.000000000000
10 42 66
0.983284210000 0.166007640000 -0.074790580000 0.325374700000
-0.130049120000 0.927816310000 0.349634250000 -1.230237860000
0.127433870000 -0.334063390000 0.933896280000 0.943417230000
0.000000000000 0.000000000000 0.000000000000 1.000000000000
10 43 66
-0.882234230000 0.470266320000 -0.022635170000 0.246127220000
0.114921740000 0.168475660000 -0.978983630000 2.852775220000
-0.456569550000 -0.866294140000 -0.202678820000 3.274599840000
0.000000000000 0.000000000000 0.000000000000 1.000000000000
10 44 66
0.357775410000 0.626501280000 -0.692454260000 1.880781100000
0.539515830000 0.466566590000 0.700883930000 -1.510123730000
0.762180700000 -0.624349070000 -0.171081310000 2.655521270000
0.000000000000 0.000000000000 0.000000000000 1.000000000000
10 45 66
0.514767407000 -0.855714255000 0.052608262200 0.103929404000
0.857324196000 0.513570573000 -0.035220583800 -0.174022526000
0.003120700360 0.063232744700 0.997993928000 0.000771299216
0.000000000000 0.000000000000 0.000000000000 1.000000000000
10 46 66
0.954449920000 -0.005626680000 0.298318100000 -0.744374610000
-0.068181800000 0.969254640000 0.236424820000 -0.818873980000
-0.290476490000 -0.245995510000 0.924721370000 0.733702200000
0.000000000000 0.000000000000 0.000000000000 1.000000000000
10 47 66
-0.329587430000 0.699202060000 -0.634419890000 1.808089360000
-0.637752420000 0.330604050000 0.695681550000 -1.188979570000
0.696163760000 0.633890710000 0.336954870000 1.977361700000
0.000000000000 0.000000000000 0.000000000000 1.000000000000
10 48 66
-0.978947040000 0.196123810000 -0.056552130000 0.717524880000
0.081412120000 0.629241440000 0.772934200000 -1.162049300000
0.187175750000 0.752057620000 -0.631960890000 4.926296670000
0.000000000000 0.000000000000 0.000000000000 1.000000000000
10 49 66
-0.816911530000 0.382486190000 -0.431694180000 1.993688550000
-0.452214230000 0.039816340000 0.891020170000 -1.748209180000
0.357991400000 0.923102900000 0.140439270000 2.542883140000
0.000000000000 0.000000000000 0.000000000000 1.000000000000
10 50 66
0.950132740000 0.220525160000 0.220491350000 -0.474765830000
-0.205735660000 0.974622680000 -0.088224020000 0.252091990000
-0.234351480000 0.038461600000 0.971390800000 0.285138010000
0.000000000000 0.000000000000 0.000000000000 1.000000000000
10 51 66
0.781616690000 -0.173481980000 -0.599148850000 1.927048710000
0.061970060000 0.977390320000 -0.202158060000 0.506525730000
0.620673070000 0.120880820000 0.774695280000 0.204185830000
0.000000000000 0.000000000000 0.000000000000 1.000000000000
10 52 66
0.943461700000 -0.013825010000 -0.331193140000 1.121660730000
0.001835540000 0.999332470000 -0.036486320000 0.130845920000
0.331476480000 0.033815530000 0.942857280000 -0.244961560000
0.000000000000 0.000000000000 0.000000000000 1.000000000000
10 53 66
0.946613600000 -0.088791500000 0.309901200000 -0.649693410000
0.127024120000 0.986281810000 -0.105418500000 0.006847340000
-0.296289650000 0.139155510000 0.944906440000 0.291383450000
0.000000000000 0.000000000000 0.000000000000 1.000000000000
10 54 66
0.921613160000 -0.387533890000 -0.021134560000 0.175738890000
0.353705300000 0.861084420000 -0.365275490000 0.562322310000
0.159755270000 0.329167300000 0.930659520000 0.212192010000
0.000000000000 0.000000000000 0.000000000000 1.000000000000
10 55 66
0.904857450000 0.187488990000 0.382205270000 -1.175751260000
-0.249228790000 0.961161590000 0.118547060000 -0.491260990000
-0.345134760000 -0.202524750000 0.916441880000 0.748294340000
0.000000000000 0.000000000000 0.000000000000 1.000000000000
10 56 66
-0.982809690000 0.138128690000 -0.122497220000 0.034961070000
0.053978180000 0.849496890000 0.524825110000 -1.161574720000
0.176554420000 0.509191030000 -0.842349710000 4.884341600000
0.000000000000 0.000000000000 0.000000000000 1.000000000000
10 57 66
-0.933639260000 -0.246521360000 -0.259894130000 0.606986470000
-0.130563320000 -0.441427290000 0.887747240000 -1.963643170000
-0.333573020000 0.862768310000 0.379947200000 1.541991700000
0.000000000000 0.000000000000 0.000000000000 1.000000000000
10 58 66
-0.063477170000 0.572398830000 -0.817514660000 2.288148330000
-0.552143360000 0.662230510000 0.506545610000 -0.973727930000
0.831329270000 0.483539380000 0.274009700000 2.202857730000
0.000000000000 0.000000000000 0.000000000000 1.000000000000
10 59 66
0.801062380000 -0.287111600000 0.525229470000 -1.549987500000
0.215792430000 -0.679936130000 -0.700799880000 1.766974850000
0.558330270000 0.674724970000 -0.482714740000 4.142461290000
0.000000000000 0.000000000000 0.000000000000 1.000000000000
10 60 66
0.985963060000 -0.087083480000 0.142454570000 0.514692550000
0.048304000000 0.965497860000 0.255891780000 -0.430703450000
-0.159823530000 -0.245418720000 0.956151710000 1.297077200000
0.000000000000 0.000000000000 0.000000000000 1.000000000000
10 61 66
0.961952760000 0.264456080000 0.068628550000 -0.057104800000
0.044555870000 -0.399670360000 0.915575430000 -1.643309750000
0.269558290000 -0.877682510000 -0.396247080000 4.108790240000
0.000000000000 0.000000000000 0.000000000000 1.000000000000
10 62 66
0.938946300000 -0.124534080000 0.320735280000 0.110163940000
0.125600000000 0.991927470000 0.017450900000 -0.056639610000
-0.320319360000 0.023898890000 0.947008100000 0.843726550000
0.000000000000 0.000000000000 0.000000000000 1.000000000000
10 63 66
0.768055410000 0.369665630000 -0.522913200000 1.106323150000
-0.047670070000 0.847301210000 0.528969010000 -0.880541050000
0.638606650000 -0.381350200000 0.668396270000 1.089294790000
0.000000000000 0.000000000000 0.000000000000 1.000000000000
10 64 66
0.897275780000 0.155405440000 -0.413213410000 1.182641840000
-0.179456120000 0.983567270000 -0.019771680000 0.039546630000
0.403350560000 0.091894320000 0.910419550000 0.727987890000
0.000000000000 0.000000000000 0.000000000000 1.000000000000
10 65 66
0.977790960000 -0.176197830000 -0.113486390000 0.394386650000
-0.198657730000 -0.606644020000 -0.769752000000 2.211093080000
0.066782800000 0.775201500000 -0.628174100000 4.300272630000
0.000000000000 0.000000000000 0.000000000000 1.000000000000
11 13 66
-0.980539550000 0.103252450000 -0.166976440000 -0.180798340000
0.010322010000 0.876462330000 0.481359790000 -1.345272000000
0.196050140000 0.470268770000 -0.860471750000 4.728519960000
0.000000000000 0.000000000000 0.000000000000 1.000000000000
11 14 66
0.865174070000 0.011993110000 -0.501328230000 1.233192170000
0.133527660000 -0.969131870000 0.207252960000 0.904648180000
-0.483367560000 -0.246251080000 -0.840069170000 4.673573420000
0.000000000000 0.000000000000 0.000000000000 1.000000000000
11 15 66
-0.756179710000 0.653159870000 -0.039679130000 0.290926990000
0.572583700000 0.631103670000 -0.523312590000 1.103053430000
-0.316765140000 -0.418437980000 -0.851216480000 4.633871050000
0.000000000000 0.000000000000 0.000000000000 1.000000000000
11 17 66
-0.353360430000 -0.350919080000 0.867174840000 -2.977347190000
-0.321180630000 0.916139420000 0.239857370000 -1.732144140000
-0.878623590000 -0.193763660000 -0.436435830000 3.055630200000
0.000000000000 0.000000000000 0.000000000000 1.000000000000
11 18 66
0.506317820000 0.286910620000 -0.813218640000 2.832444940000
-0.410561790000 0.909494600000 0.065257860000 -0.228586160000
0.758341140000 0.300835290000 0.578287860000 1.201430430000
0.000000000000 0.000000000000 0.000000000000 1.000000000000
11 19 66
0.828592500000 0.559788860000 -0.008419580000 0.531864090000
0.445829380000 -0.650665430000 0.614711860000 -1.110310120000
0.338630520000 -0.513099340000 -0.788706820000 5.081213050000
0.000000000000 0.000000000000 0.000000000000 1.000000000000
11 20 66
0.411614970000 -0.317163370000 0.854388970000 -1.533289070000
0.905347180000 0.249795430000 -0.343436650000 0.869291670000
-0.104496930000 0.914882310000 0.389962490000 1.822809630000
0.000000000000 0.000000000000 0.000000000000 1.000000000000
11 21 66
-0.597223570000 0.644233750000 -0.477793770000 1.531502750000
-0.120253590000 0.517044200000 0.847469390000 -2.311887490000
0.793008880000 0.563585110000 -0.231319560000 3.844112630000
0.000000000000 0.000000000000 0.000000000000 1.000000000000
11 22 66
0.461132310000 -0.541130720000 0.703231490000 -1.726862430000
-0.262273380000 -0.840234530000 -0.474572020000 1.888311260000
0.847684890000 0.034401590000 -0.529383470000 4.282757200000
0.000000000000 0.000000000000 0.000000000000 1.000000000000
11 23 66
-0.448972220000 0.889227140000 0.087744190000 -0.848130310000
0.583455950000 0.366120840000 -0.724937710000 1.768377450000
-0.676759260000 -0.274282020000 -0.683202950000 5.182130550000
0.000000000000 0.000000000000 0.000000000000 1.000000000000
11 24 66
-0.996854030000 -0.079215650000 -0.002631160000 0.324612750000
0.035499810000 -0.475920060000 0.878771790000 -2.140059400000
-0.070864700000 0.875913800000 0.477234970000 1.088420910000
0.000000000000 0.000000000000 0.000000000000 1.000000000000
11 25 66
0.969239020000 0.187600660000 0.159316370000 -0.144021900000
-0.216591010000 0.957574130000 0.190105530000 -0.305314230000
-0.116893320000 -0.218764190000 0.968750840000 -0.078838380000
0.000000000000 0.000000000000 0.000000000000 1.000000000000
11 26 66
-0.790773090000 0.600787970000 0.117182480000 -0.496285110000
-0.127097390000 0.026110190000 -0.991546530000 3.354088500000
-0.598768880000 -0.798981900000 0.055711340000 2.779367070000
0.000000000000 0.000000000000 0.000000000000 1.000000000000
11 27 66
0.980361630000 -0.068815730000 -0.184811980000 0.679769920000
-0.002519500000 0.932694410000 -0.360658820000 0.601932370000
0.197192100000 0.354041700000 0.914204430000 0.449481500000
0.000000000000 0.000000000000 0.000000000000 1.000000000000
11 28 66
-0.050921470000 0.724138080000 -0.687772530000 2.006758860000
-0.901980580000 0.262312060000 0.342962700000 -0.968330950000
0.428763380000 0.637821630000 0.639801170000 1.635148080000
0.000000000000 0.000000000000 0.000000000000 1.000000000000
11 29 66
0.848202210000 0.333736800000 0.411306170000 -0.886836430000
-0.529670030000 0.532035220000 0.660596840000 -1.142242750000
0.001636110000 -0.778176250000 0.628043830000 1.188212440000
0.000000000000 0.000000000000 0.000000000000 1.000000000000
11 30 66
-0.627369470000 0.712483380000 -0.314284870000 0.766414250000
0.026040800000 -0.384170010000 -0.922895050000 2.123391300000
-0.778286210000 -0.587180410000 0.222462900000 1.833338300000
0.000000000000 0.000000000000 0.000000000000 1.000000000000
11 31 66
-0.757634380000 0.447565410000 -0.475052990000 1.339409450000
-0.497661850000 0.074776650000 0.864141850000 -1.515870380000
0.422282870000 0.891119330000 0.166082870000 2.227328640000
0.000000000000 0.000000000000 0.000000000000 1.000000000000
11 32 66
0.898352590000 -0.435405690000 -0.058176520000 -0.217007590000
0.384359930000 0.843241870000 -0.375779980000 1.399118490000
0.212673630000 0.315222200000 0.924881020000 0.305231910000
0.000000000000 0.000000000000 0.000000000000 1.000000000000
11 33 66
0.317754390000 -0.582041830000 0.748504820000 -1.593026910000
0.409805860000 0.796181470000 0.445145180000 -1.352947380000
-0.855038780000 0.165294830000 0.491514300000 2.175627420000
0.000000000000 0.000000000000 0.000000000000 1.000000000000
11 34 66
-0.669242380000 -0.442297390000 0.597065870000 -1.330892240000
-0.727943270000 0.229095390000 -0.646230530000 1.598849700000
0.149041040000 -0.867114940000 -0.475287750000 4.110888800000
0.000000000000 0.000000000000 0.000000000000 1.000000000000
11 35 66
0.951486430000 -0.007091600000 0.307608960000 -0.865868240000
0.295898590000 -0.253028260000 -0.921097570000 2.306672710000
0.084365810000 0.967432900000 -0.238654560000 2.906320870000
0.000000000000 0.000000000000 0.000000000000 1.000000000000
11 36 66
0.955632940000 0.240878070000 -0.169538900000 0.188578840000
-0.285192940000 0.900617570000 -0.327952730000 0.813090850000
0.073693100000 0.361753730000 0.929356540000 0.500225630000
0.000000000000 0.000000000000 0.000000000000 1.000000000000
11 37 66
-0.569853360000 0.559062990000 -0.602258850000 2.024143300000
0.777725340000 0.603583300000 -0.175586150000 0.264566090000
0.265349670000 -0.568450330000 -0.778751420000 4.509909390000
0.000000000000 0.000000000000 0.000000000000 1.000000000000
11 38 66
0.966781980000 0.234427772000 0.101863751000 -0.000803764618
-0.247747290000 0.761402323000 0.599072436000 -1.182874870000
0.062879920000 -0.604408903000 0.794188890000 0.581229162000
0.000000000000 0.000000000000 0.000000000000 1.000000000000
11 39 66
-0.245215750000 -0.935790490000 0.253308890000 -0.656247960000
0.358424950000 0.155263160000 0.920556840000 -1.583775140000
-0.900777880000 0.316527260000 0.297337690000 2.196985640000
0.000000000000 0.000000000000 0.000000000000 1.000000000000
11 40 66
-0.966501450000 0.067751390000 0.247557460000 -0.322972680000
0.191569310000 0.832329510000 0.520123830000 -0.386412650000
-0.170810270000 0.550124840000 -0.817426760000 4.527932550000
0.000000000000 0.000000000000 0.000000000000 1.000000000000
11 41 66
0.899912760000 0.304532810000 -0.312116640000 1.389480260000
-0.205448810000 0.927424840000 0.312528330000 0.133894010000
0.384639850000 -0.217124240000 0.897167350000 0.867269430000
0.000000000000 0.000000000000 0.000000000000 1.000000000000
11 42 66
0.470838550000 -0.698026890000 0.539508590000 -0.858528450000
0.509748570000 0.714372970000 0.479403430000 -1.296922220000
-0.720046840000 0.049292110000 0.692172540000 1.256523750000
0.000000000000 0.000000000000 0.000000000000 1.000000000000
11 43 66
-0.949261200000 -0.063235210000 -0.308065700000 0.423271540000
-0.304460820000 -0.060610710000 0.950594530000 -1.890300640000
-0.078783130000 0.996156440000 0.038282750000 2.566601380000
0.000000000000 0.000000000000 0.000000000000 1.000000000000
11 44 66
0.895684160000 -0.426597240000 -0.125557510000 1.361522950000
0.411828520000 0.902266580000 -0.127719570000 0.499354140000
0.167771160000 0.062688230000 0.983830790000 0.026210430000
0.000000000000 0.000000000000 0.000000000000 1.000000000000
11 45 66
0.951747240000 -0.305342190000 -0.030713800000 0.122589170000
0.286130800000 0.919110810000 -0.270858780000 0.087141580000
0.110934000000 0.249000930000 0.962128980000 0.403107300000
0.000000000000 0.000000000000 0.000000000000 1.000000000000
11 46 66
0.991803050000 0.126326920000 0.019188810000 0.193112550000
-0.114864980000 0.947258800000 -0.299176880000 0.734493650000
-0.055970860000 0.294520420000 0.954004710000 0.301716820000
0.000000000000 0.000000000000 0.000000000000 1.000000000000
11 47 66
-0.165269350000 0.679123490000 -0.715176430000 1.744055550000
-0.067135000000 -0.731213050000 -0.678837520000 1.971039470000
-0.983960840000 -0.064177670000 0.166440060000 2.366436010000
0.000000000000 0.000000000000 0.000000000000 1.000000000000
11 48 66
-0.806207350000 0.418567910000 -0.418127510000 1.597833490000
-0.521722930000 -0.169710490000 0.836064310000 -1.618197520000
0.278989070000 0.892187900000 0.355198320000 2.444716630000
0.000000000000 0.000000000000 0.000000000000 1.000000000000
11 49 66
0.904450490000 0.414380570000 -0.101282060000 0.689530550000
-0.422636480000 0.838264470000 -0.344515720000 1.378506130000
-0.057859470000 0.354402910000 0.933301060000 0.703913830000
0.000000000000 0.000000000000 0.000000000000 1.000000000000
11 50 66
0.869134050000 0.037683370000 0.493138890000 -1.382676450000
0.164023390000 0.918700010000 -0.359286260000 0.723324540000
-0.466585820000 0.393154240000 0.792292510000 1.137369390000
0.000000000000 0.000000000000 0.000000000000 1.000000000000
11 51 66
0.964796160000 0.002310300000 0.262988670000 -0.867878570000
-0.025497270000 0.996072680000 0.084788570000 -0.863668710000
-0.261759940000 -0.088509180000 0.961066000000 -0.123920050000
0.000000000000 0.000000000000 0.000000000000 1.000000000000
11 52 66
0.923207920000 -0.384210590000 -0.008328720000 -0.183460100000
0.382360410000 0.920505780000 -0.080434040000 -0.060777310000
0.038570240000 0.071072770000 0.996725140000 -0.354510210000
0.000000000000 0.000000000000 0.000000000000 1.000000000000
11 53 66
0.961843420000 0.018912150000 0.272946080000 -0.476259420000
-0.012455830000 0.999600580000 -0.025367820000 0.089113460000
-0.273316820000 0.021000100000 0.961694810000 -0.178265400000
0.000000000000 0.000000000000 0.000000000000 1.000000000000
11 54 66
0.974572530000 0.103373830000 -0.198801980000 0.674423270000
-0.156664060000 0.948680050000 -0.274704460000 0.457640580000
0.160202220000 0.298864550000 0.940752480000 -0.034537480000
0.000000000000 0.000000000000 0.000000000000 1.000000000000
11 55 66
0.653524870000 -0.351061060000 0.670567950000 -1.763888710000
-0.243912090000 0.740996100000 0.625645010000 -1.768719200000
-0.716527830000 -0.572434200000 0.398631340000 2.371264160000
0.000000000000 0.000000000000 0.000000000000 1.000000000000
11 56 66
0.910029190000 -0.291737170000 0.294510260000 -0.912327200000
-0.286956620000 -0.956040680000 -0.060350020000 0.538923260000
0.299170130000 -0.029591390000 -0.953740840000 5.490206900000
0.000000000000 0.000000000000 0.000000000000 1.000000000000
11 57 66
-0.845358130000 -0.091437040000 0.526316350000 -1.674472950000
0.152847820000 0.902650190000 0.402318510000 -0.609826060000
-0.511866370000 0.420549530000 -0.749086720000 4.523272510000
0.000000000000 0.000000000000 0.000000000000 1.000000000000
11 58 66
0.922840670000 -0.151450500000 -0.354157930000 1.107229080000
0.010857490000 0.929319080000 -0.369118090000 1.787542040000
0.385028840000 0.336791920000 0.859257820000 0.326988900000
0.000000000000 0.000000000000 0.000000000000 1.000000000000
11 59 66
-0.811037300000 0.328395120000 -0.484123070000 1.233929390000
0.215940330000 -0.601061840000 -0.769476730000 2.177193920000
-0.543680300000 -0.728616020000 0.416569820000 1.421832040000
0.000000000000 0.000000000000 0.000000000000 1.000000000000
11 60 66
-0.755523770000 -0.562392170000 -0.336004290000 0.890247680000
-0.091303930000 -0.417490420000 0.904082600000 -1.344313890000
-0.648727540000 0.713734400000 0.264075330000 2.083208940000
0.000000000000 0.000000000000 0.000000000000 1.000000000000
11 61 66
-0.280128060000 0.888588410000 0.363233950000 -0.059551720000
-0.929545330000 -0.345579880000 0.128530230000 -0.497180170000
0.239736820000 -0.301637500000 0.922789830000 1.024474760000
0.000000000000 0.000000000000 0.000000000000 1.000000000000
11 62 66
0.414375894000 -0.519284280000 0.747419865000 -1.632447860000
-0.254335729000 -0.854597938000 -0.452742422000 1.589216770000
0.873845499000 -0.002490029870 -0.486197331000 3.752548750000
0.000000000000 0.000000000000 0.000000000000 1.000000000000
11 63 66
0.602670300000 -0.538724870000 0.588696890000 -1.403043080000
-0.359454610000 -0.841913400000 -0.402460200000 1.094811730000
0.712447110000 0.030941000000 -0.701043340000 4.837987750000
0.000000000000 0.000000000000 0.000000000000 1.000000000000
11 64 66
0.904275190000 -0.391845640000 -0.169538700000 1.048734190000
-0.315836630000 -0.881133210000 0.351925400000 -1.078996430000
-0.287286610000 -0.264690880000 -0.920546110000 5.205226690000
0.000000000000 0.000000000000 0.000000000000 1.000000000000
11 65 66
0.798785660000 -0.314027750000 -0.513154980000 1.532756700000
-0.315934690000 -0.944837950000 0.086409050000 -0.105377410000
-0.511983140000 0.093101150000 -0.853935270000 4.870164030000
0.000000000000 0.000000000000 0.000000000000 1.000000000000
12 14 66
0.924693930000 -0.025808060000 -0.379835600000 1.625276190000
-0.150606880000 -0.941110520000 -0.302702090000 2.746131530000
-0.349655130000 0.337112640000 -0.874126060000 4.039536010000
0.000000000000 0.000000000000 0.000000000000 1.000000000000
12 15 66
-0.170345300000 0.310002310000 -0.935350760000 2.380392000000
-0.195854640000 0.919633880000 0.340462170000 -0.652199270000
0.965724310000 0.241188910000 -0.095939910000 3.078315430000
0.000000000000 0.000000000000 0.000000000000 1.000000000000
12 17 66
-0.847339270000 -0.520076820000 -0.107406970000 -0.072912000000
0.527128300000 -0.848236870000 -0.051283240000 2.583405810000
-0.064435330000 -0.100071550000 0.992891620000 -0.341755680000
0.000000000000 0.000000000000 0.000000000000 1.000000000000
12 18 66
-0.840059940000 -0.252128450000 0.480344200000 -2.060046220000
0.115911140000 -0.948409990000 -0.295098470000 2.262002070000
0.529965950000 -0.192223160000 0.825945730000 0.108301820000
0.000000000000 0.000000000000 0.000000000000 1.000000000000
12 19 66
-0.337870090000 -0.149603640000 0.929226860000 -2.913598990000
-0.367437720000 -0.887976280000 -0.276564000000 2.031351380000
0.866506390000 -0.434875700000 0.245050600000 2.407038480000
0.000000000000 0.000000000000 0.000000000000 1.000000000000
12 21 66
0.424200440000 -0.655132420000 0.625184370000 -2.361717200000
0.529444890000 0.739514450000 0.415699990000 -0.434316650000
-0.734671420000 0.154660550000 0.660558870000 0.832641230000
0.000000000000 0.000000000000 0.000000000000 1.000000000000
12 22 66
-0.954980220000 -0.021574740000 0.295883960000 -1.483005690000
0.007367700000 0.995319810000 0.096354550000 0.017180260000
-0.296577990000 0.094196670000 -0.950351770000 4.843597700000
0.000000000000 0.000000000000 0.000000000000 1.000000000000
12 23 66
0.884017240000 -0.036789900000 0.466004320000 -1.399157230000
-0.133489300000 -0.975254340000 0.176237300000 1.653563560000
0.447988980000 -0.218003400000 -0.867052700000 5.307961520000
0.000000000000 0.000000000000 0.000000000000 1.000000000000
12 24 66
0.876875070000 0.277195770000 -0.392750070000 1.438300840000
-0.241006160000 0.960408510000 0.139755260000 -0.228122350000
0.415940070000 -0.027892720000 0.908964160000 -0.147204340000
0.000000000000 0.000000000000 0.000000000000 1.000000000000
12 25 66
0.761856820000 -0.456603220000 0.459442790000 -2.154828110000
-0.297813520000 -0.876796700000 -0.377537610000 2.394069680000
0.575222820000 0.150801330000 -0.803976160000 4.562878340000
0.000000000000 0.000000000000 0.000000000000 1.000000000000
12 26 66
0.191752990000 0.728549620000 -0.657606450000 1.556325520000
0.285852080000 0.599532200000 0.747562530000 -1.295833930000
0.938892640000 -0.331325520000 -0.093295330000 1.678887100000
0.000000000000 0.000000000000 0.000000000000 1.000000000000
12 27 66
-0.876943110000 0.135717730000 0.461033060000 -1.146999730000
-0.323668080000 0.542340220000 -0.775310300000 3.187021530000
-0.355260130000 -0.829124710000 -0.431674020000 3.633551260000
0.000000000000 0.000000000000 0.000000000000 1.000000000000
12 28 66
-0.347861550000 -0.931505240000 0.106255970000 -0.880440670000
-0.257912170000 0.204039120000 0.944377760000 -1.208490670000
-0.901373200000 0.301108010000 -0.311223900000 3.383074030000
0.000000000000 0.000000000000 0.000000000000 1.000000000000
12 30 66
0.218695400000 -0.681897820000 0.697988310000 -1.763521780000
-0.283508450000 -0.728849750000 -0.623218260000 2.318774230000
0.933699780000 -0.061590620000 -0.352719880000 2.595960360000
0.000000000000 0.000000000000 0.000000000000 1.000000000000
12 31 66
-0.917810430000 -0.078078930000 0.389265570000 -0.859365650000
-0.360322380000 -0.247885190000 -0.899289000000 2.826474760000
0.166708700000 -0.965637930000 0.199378030000 1.425201870000
0.000000000000 0.000000000000 0.000000000000 1.000000000000
12 32 66
-0.879936410000 0.350984860000 -0.320189860000 0.855290710000
-0.099230400000 -0.794867750000 -0.598613890000 2.503589180000
-0.464613010000 -0.494969580000 0.734261440000 0.323662310000
0.000000000000 0.000000000000 0.000000000000 1.000000000000
12 33 66
0.377479990000 -0.884538100000 0.274046000000 -1.345596590000
0.130289150000 0.343728250000 0.929986900000 -1.437500910000
-0.916806190000 -0.315346220000 0.244996250000 1.351088330000
0.000000000000 0.000000000000 0.000000000000 1.000000000000
12 34 66
0.303524150000 0.077383990000 -0.949676160000 2.138641480000
0.326839200000 0.927768710000 0.180059310000 0.599129690000
0.895013540000 -0.365043740000 0.256308090000 1.870170590000
0.000000000000 0.000000000000 0.000000000000 1.000000000000
12 35 66
0.688235360000 0.087984270000 -0.720132530000 1.204559770000
0.604598320000 0.479079930000 0.636351540000 -0.278365470000
0.400989970000 -0.873350550000 0.276524610000 1.580004160000
0.000000000000 0.000000000000 0.000000000000 1.000000000000
12 36 66
0.673527810000 -0.428928650000 0.601980490000 -2.444102390000
-0.206326680000 -0.891136060000 -0.404111150000 2.157754680000
0.709781370000 0.147975460000 -0.688704340000 3.650807550000
0.000000000000 0.000000000000 0.000000000000 1.000000000000
12 37 66
-0.438557630000 0.454209860000 -0.775474440000 2.182544850000
-0.388072680000 -0.873998480000 -0.292448700000 2.064284160000
-0.810596570000 0.172684840000 0.559565140000 0.877660800000
0.000000000000 0.000000000000 0.000000000000 1.000000000000
12 38 66
0.894271600000 -0.427552180000 -0.132202270000 -0.355687300000
-0.447177670000 -0.842068640000 -0.301583370000 1.885115710000
0.017619240000 0.328815340000 -0.944229860000 4.681133590000
0.000000000000 0.000000000000 0.000000000000 1.000000000000
12 39 66
-0.359320340000 -0.466629720000 0.808174230000 -2.425551630000
-0.422698300000 -0.690700020000 -0.586736420000 2.230348440000
0.831994610000 -0.552440210000 0.050938980000 2.342188170000
0.000000000000 0.000000000000 0.000000000000 1.000000000000
12 40 66
-0.976134050000 -0.192206250000 0.101089390000 -0.811717670000
-0.135479810000 0.175159300000 -0.975174060000 3.093203520000
0.169727810000 -0.965596180000 -0.197019030000 2.403889150000
0.000000000000 0.000000000000 0.000000000000 1.000000000000
12 41 66
-0.037279140000 0.997138490000 -0.065765520000 0.008641100000
0.793076780000 -0.010518110000 -0.609030860000 2.523397830000
-0.607979840000 -0.074861260000 -0.790415270000 3.842106490000
0.000000000000 0.000000000000 0.000000000000 1.000000000000
12 42 66
0.962950750000 0.019012970000 0.269006250000 -0.416455180000
-0.269641050000 0.051522840000 0.961581560000 -1.722751940000
0.004422550000 -0.998490810000 0.054740640000 2.137429660000
0.000000000000 0.000000000000 0.000000000000 1.000000000000
12 43 66
-0.955638460000 -0.260748410000 -0.136986860000 -0.179591580000
0.060416110000 0.281665580000 -0.957608690000 3.436574270000
0.288279430000 -0.923403900000 -0.253417050000 2.682538190000
0.000000000000 0.000000000000 0.000000000000 1.000000000000
12 45 66
-0.663785880000 0.093289790000 -0.742081740000 1.158176150000
-0.149700350000 0.955540920000 0.254030220000 -0.775154490000
0.732787900000 0.279711570000 -0.620309060000 3.482584160000
0.000000000000 0.000000000000 0.000000000000 1.000000000000
12 46 66
-0.948076290000 0.096703370000 0.302984820000 -1.299465750000
-0.270094760000 -0.747818310000 -0.606478850000 2.830683530000
0.167929040000 -0.656822830000 0.735107890000 1.407494620000
0.000000000000 0.000000000000 0.000000000000 1.000000000000
12 47 66
0.411693150000 0.463900370000 -0.784413920000 0.868317960000
0.095485790000 0.834046610000 0.543367940000 -0.604161810000
0.906306360000 -0.298601240000 0.299075390000 2.018154250000
0.000000000000 0.000000000000 0.000000000000 1.000000000000
12 48 66
0.998870953000 0.042266260200 0.021688281500 -0.279637121000
0.047489419200 -0.900443959000 -0.432371867000 1.526740590000
0.001254340250 0.432913663000 -0.901434516000 4.796232440000
0.000000000000 0.000000000000 0.000000000000 1.000000000000
12 49 66
-0.253973942000 0.726533922000 -0.638471375000 1.807898900000
-0.000294328558 -0.660173898000 -0.751112733000 2.749559390000
-0.967211016000 -0.190575142000 0.167880807000 2.169076010000
0.000000000000 0.000000000000 0.000000000000 1.000000000000
12 50 66
-0.608599740000 0.293663590000 0.737135030000 -2.329249010000
-0.789294370000 -0.319318160000 -0.524452390000 3.262047490000
0.081368030000 -0.900998120000 0.426123970000 1.119798940000
0.000000000000 0.000000000000 0.000000000000 1.000000000000
12 51 66
-0.946912330000 -0.150537000000 0.284069780000 -1.826144130000
0.104153350000 -0.979587750000 -0.171929980000 2.078240760000
0.304153110000 -0.133215800000 0.943262660000 0.016639630000
0.000000000000 0.000000000000 0.000000000000 1.000000000000
12 52 66
0.685837810000 -0.445430050000 -0.575515920000 2.299831320000
0.293763430000 0.892965790000 -0.341050050000 1.463722920000
0.665829970000 0.064839490000 0.743280760000 0.415194570000
0.000000000000 0.000000000000 0.000000000000 1.000000000000
12 53 66
0.544791390000 -0.441178440000 0.713136680000 -1.847117560000
-0.117238720000 -0.882137590000 -0.456167030000 2.863338760000
0.830335730000 0.164908640000 -0.532304160000 3.239604620000
0.000000000000 0.000000000000 0.000000000000 1.000000000000
12 54 66
0.838621710000 -0.403366530000 -0.366072490000 1.425178560000
0.298062830000 0.902316920000 -0.311420510000 1.464610060000
0.455930000000 0.152051400000 0.876931130000 0.055104230000
0.000000000000 0.000000000000 0.000000000000 1.000000000000
12 55 66
0.964305610000 -0.153229160000 -0.215952560000 0.516328790000
0.237684600000 0.860355680000 0.450881500000 -0.464615820000
0.116707820000 -0.486116160000 0.866066030000 0.478845010000
0.000000000000 0.000000000000 0.000000000000 1.000000000000
12 56 66
-0.854128710000 0.455196580000 0.251515820000 -0.227531400000
-0.473218430000 -0.479666340000 -0.738907660000 2.825211920000
-0.215704570000 -0.750144170000 0.625104200000 1.087967390000
0.000000000000 0.000000000000 0.000000000000 1.000000000000
12 57 66
0.875866230000 0.227255260000 -0.425691670000 1.089685420000
0.023179000000 0.861332340000 0.507512890000 -0.931758930000
0.481996980000 -0.454380500000 0.749144360000 0.521972520000
0.000000000000 0.000000000000 0.000000000000 1.000000000000
12 58 66
0.642495880000 0.303050050000 0.703817950000 -2.032766870000
0.714744220000 -0.568170440000 -0.407827250000 2.183918050000
0.276296490000 0.765077140000 -0.581650430000 3.847448130000
0.000000000000 0.000000000000 0.000000000000 1.000000000000
12 59 66
0.950693390000 0.290458910000 0.108700030000 -0.401540750000
-0.225985820000 0.408761920000 0.884219490000 -0.979879000000
0.212397000000 -0.865186290000 0.454246850000 0.969617200000
0.000000000000 0.000000000000 0.000000000000 1.000000000000
12 60 66
-0.613834414000 0.534740978000 -0.580740388000 0.721994998000
-0.438679978000 0.380552551000 0.814088222000 -0.932861352000
0.656328569000 0.754474547000 0.000983908508 2.482815570000
0.000000000000 0.000000000000 0.000000000000 1.000000000000
12 61 66
-0.526391630000 0.449540380000 0.721682270000 -1.794631540000
0.473657900000 0.859931650000 -0.190172950000 1.455084230000
-0.706087850000 0.241725060000 -0.665589170000 3.441309660000
0.000000000000 0.000000000000 0.000000000000 1.000000000000
12 62 66
0.086448170000 -0.602062890000 0.793755000000 -2.287345550000
0.548500210000 0.693875310000 0.466566800000 -0.027781290000
-0.831669550000 0.395040930000 0.390215870000 0.939268970000
0.000000000000 0.000000000000 0.000000000000 1.000000000000
12 63 66
0.970097760000 -0.095075730000 -0.223318040000 0.181644020000
0.226772040000 0.027084100000 0.973571210000 -1.485731370000
-0.086514620000 -0.995101530000 0.047834750000 1.853792780000
0.000000000000 0.000000000000 0.000000000000 1.000000000000
12 64 66
0.866162100000 -0.301733210000 0.398397140000 -1.416486520000
-0.048764410000 -0.844394540000 -0.533497790000 2.456913610000
0.497378370000 0.442667970000 -0.746096390000 4.023390670000
0.000000000000 0.000000000000 0.000000000000 1.000000000000
12 65 66
0.061056490000 -0.814215590000 0.577343120000 -2.150505880000
-0.777938370000 -0.401220860000 -0.483563550000 2.013154480000
0.625367090000 -0.419612670000 -0.657906690000 3.874668050000
0.000000000000 0.000000000000 0.000000000000 1.000000000000
13 15 66
-0.340900930000 -0.410684670000 0.845650430000 -1.498143510000
-0.095215870000 -0.879824090000 -0.465664580000 2.064746140000
0.935264930000 -0.239264830000 0.260829160000 1.570937600000
0.000000000000 0.000000000000 0.000000000000 1.000000000000
13 18 66
-0.984146160000 0.047576730000 -0.170858970000 0.269302200000
0.084128750000 -0.722851260000 -0.685863260000 2.638701320000
-0.156136750000 -0.689363850000 0.707388720000 0.922160930000
0.000000000000 0.000000000000 0.000000000000 1.000000000000
13 19 66
-0.998239676000 -0.001570658320 -0.059288121200 0.005335704730
0.035621803600 -0.815136151000 -0.578173108000 2.493267570000
-0.047419778500 -0.579267286000 0.813757197000 0.326151723000
0.000000000000 0.000000000000 0.000000000000 1.000000000000
13 20 66
0.785058180000 -0.495260150000 0.372022910000 -0.663065000000
0.023892200000 -0.575938580000 -0.817143750000 2.889163460000
0.618961080000 0.650393830000 -0.440312440000 3.799976800000
0.000000000000 0.000000000000 0.000000000000 1.000000000000
13 21 66
0.526007940000 -0.618756930000 0.583485660000 -1.402012760000
-0.568455840000 -0.766089780000 -0.299940660000 1.463140640000
0.632592760000 -0.173914660000 -0.754705300000 4.760044630000
0.000000000000 0.000000000000 0.000000000000 1.000000000000
13 22 66
-0.956287835000 -0.179924920000 -0.230522449000 0.586840990000
0.186779963000 -0.982368538000 -0.008080885910 0.975277321000
-0.225004049000 -0.050784627400 0.973033453000 0.000270283584
0.000000000000 0.000000000000 0.000000000000 1.000000000000
13 23 66
-0.628412200000 0.497007460000 -0.598399280000 0.587171960000
0.126175780000 0.824208060000 0.552051390000 -2.279978080000
0.767579170000 0.271412340000 -0.580652710000 4.270166830000
0.000000000000 0.000000000000 0.000000000000 1.000000000000
13 24 66
-0.761761740000 -0.616181770000 0.200097680000 -0.607714670000
0.473122870000 -0.740101390000 -0.477917030000 2.327031360000
0.442576330000 -0.269388120000 0.855310600000 0.808668700000
0.000000000000 0.000000000000 0.000000000000 1.000000000000
13 25 66
-0.893226900000 0.090952240000 -0.440310570000 2.430610630000
-0.440865280000 0.014987860000 0.897448140000 -2.194562590000
0.088224230000 0.995742460000 0.026710130000 2.237238800000
0.000000000000 0.000000000000 0.000000000000 1.000000000000
13 26 66
0.199467490000 -0.959267010000 -0.200048830000 0.774013690000
-0.433142430000 0.096811570000 -0.896111130000 3.498359090000
0.878976880000 0.265394670000 -0.396188480000 3.295124710000
0.000000000000 0.000000000000 0.000000000000 1.000000000000
13 27 66
0.869768620000 -0.032503230000 -0.492388150000 0.951383550000
-0.108812130000 -0.985899750000 -0.127128260000 1.137522950000
-0.481313280000 0.164149970000 -0.861041410000 5.081329650000
0.000000000000 0.000000000000 0.000000000000 1.000000000000
13 28 66
0.725054260000 0.501397410000 0.472119640000 -0.288785400000
0.666012170000 -0.684965890000 -0.295380300000 1.325615600000
0.175282930000 0.528604170000 -0.830574210000 3.933263680000
0.000000000000 0.000000000000 0.000000000000 1.000000000000
13 29 66
-0.571724980000 0.253512740000 -0.780295990000 1.427350760000
0.625608470000 -0.480594320000 -0.614526770000 1.751210390000
-0.530796180000 -0.839500090000 0.116168060000 2.052059350000
0.000000000000 0.000000000000 0.000000000000 1.000000000000
13 30 66
-0.481093940000 -0.858202390000 0.178989590000 -0.075702690000
-0.028830660000 0.219547910000 0.975175630000 -1.688750240000
-0.876194850000 0.463990700000 -0.130365710000 2.998448070000
0.000000000000 0.000000000000 0.000000000000 1.000000000000
13 31 66
0.188121920000 -0.854015580000 0.485043850000 -0.732131260000
0.114323100000 -0.471463370000 -0.874444120000 1.941306690000
0.975469310000 0.219953820000 0.008941110000 2.532938650000
0.000000000000 0.000000000000 0.000000000000 1.000000000000
13 32 66
-0.188798110000 -0.190215960000 0.963417440000 -2.681490000000
0.083192420000 0.974436070000 0.208694440000 -0.010358710000
-0.978485720000 0.119550140000 -0.168147160000 3.239507350000
0.000000000000 0.000000000000 0.000000000000 1.000000000000
13 33 66
0.736987580000 -0.278024980000 0.616077440000 -1.938363840000
-0.090953250000 0.862400050000 0.497989620000 -0.589126910000
-0.669758770000 -0.423046410000 0.610290850000 0.813718980000
0.000000000000 0.000000000000 0.000000000000 1.000000000000
13 34 66
0.958030780000 0.217960990000 -0.186198910000 0.299801010000
0.066389120000 0.463179340000 0.883774510000 -1.694077430000
0.278871860000 -0.859044770000 0.429269820000 1.991114630000
0.000000000000 0.000000000000 0.000000000000 1.000000000000
13 35 66
0.861661600000 -0.425890310000 -0.275965080000 0.945825660000
0.453565650000 0.402374770000 0.795218680000 -1.504072690000
-0.227634540000 -0.810377680000 0.539880110000 1.760037240000
0.000000000000 0.000000000000 0.000000000000 1.000000000000
13 36 66
0.927247140000 -0.135091050000 0.349232240000 -0.964228770000
0.002578180000 0.934935230000 0.354809070000 -0.847751790000
-0.374441050000 -0.328095310000 0.867264300000 0.301734570000
0.000000000000 0.000000000000 0.000000000000 1.000000000000
13 37 66
0.842485400000 -0.524888470000 0.121286610000 -0.624824050000
-0.503559230000 -0.847284750000 -0.168927930000 1.283388040000
0.191432620000 0.081244320000 -0.978137470000 4.830300930000
0.000000000000 0.000000000000 0.000000000000 1.000000000000
13 38 66
-0.438063210000 0.358538340000 -0.824348760000 2.276377650000
0.317788160000 -0.796041400000 -0.515100750000 1.697253440000
-0.840899110000 -0.487614970000 0.234777210000 2.637326880000
0.000000000000 0.000000000000 0.000000000000 1.000000000000
13 39 66
0.926652530000 0.294258400000 -0.233938210000 0.095944740000
0.039247320000 0.543179340000 0.838698900000 -1.441756760000
0.373864600000 -0.786363900000 0.491789660000 0.915207410000
0.000000000000 0.000000000000 0.000000000000 1.000000000000
13 40 66
-0.602655990000 -0.722688850000 0.338417760000 -0.208192280000
-0.330494940000 -0.159965720000 -0.930152710000 2.103335900000
0.726346230000 -0.672407460000 -0.142440700000 2.862153140000
0.000000000000 0.000000000000 0.000000000000 1.000000000000
13 41 66
-0.889537420000 0.436037090000 0.136362910000 -0.378045980000
0.101454320000 -0.102491370000 0.989546630000 -1.770827440000
0.445455050000 0.894073360000 0.046932060000 3.045553500000
0.000000000000 0.000000000000 0.000000000000 1.000000000000
13 42 66
-0.072222670000 -0.938952310000 -0.336381410000 0.502117950000
0.176822570000 0.319865890000 -0.930816630000 2.861499150000
0.981589360000 -0.126705880000 0.142926390000 2.197226660000
0.000000000000 0.000000000000 0.000000000000 1.000000000000
13 43 66
-0.294948130000 0.843865250000 -0.448215390000 1.001455280000
0.259205520000 -0.380831220000 -0.887569760000 2.580407070000
-0.919683690000 -0.377966950000 -0.106409080000 2.332244720000
0.000000000000 0.000000000000 0.000000000000 1.000000000000
13 44 66
-0.069872540000 -0.963388380000 0.258844870000 -0.343138560000
-0.609172850000 -0.164271270000 -0.775837220000 2.432070380000
0.789953330000 -0.211890980000 -0.575391990000 4.362513670000
0.000000000000 0.000000000000 0.000000000000 1.000000000000
13 45 66
0.352085960000 -0.780576240000 0.516465110000 -0.495125580000
-0.845806910000 -0.501641590000 -0.181566500000 1.685768680000
0.400806870000 -0.372902740000 -0.836837730000 4.795639830000
0.000000000000 0.000000000000 0.000000000000 1.000000000000
13 46 66
0.979351480000 -0.027544200000 -0.200279820000 1.002062130000
0.038733910000 0.997886880000 0.052167580000 -0.676958170000
0.198419690000 -0.058848020000 0.978348880000 0.176507310000
0.000000000000 0.000000000000 0.000000000000 1.000000000000
13 47 66
-0.794600640000 0.002866050000 -0.607125700000 1.564283590000
0.602592000000 -0.118345840000 -0.789225660000 2.111711260000
-0.074112760000 -0.992968300000 0.092310620000 2.538900130000
0.000000000000 0.000000000000 0.000000000000 1.000000000000
13 48 66
-0.996845610000 0.046731120000 -0.064148510000 0.993107910000
0.019162930000 -0.642634080000 -0.765933560000 1.961586610000
-0.077016950000 -0.764746780000 0.639711460000 0.541508060000
0.000000000000 0.000000000000 0.000000000000 1.000000000000
13 49 66
0.823701830000 -0.496868100000 0.273198430000 -1.232371350000
-0.131312480000 -0.635867370000 -0.760545670000 2.121346000000
0.551608850000 0.590588500000 -0.589010100000 4.603265360000
0.000000000000 0.000000000000 0.000000000000 1.000000000000
13 50 66
0.939859410000 -0.052873160000 0.337444390000 -1.534147680000
0.183590030000 -0.754897380000 -0.629622630000 2.238685660000
0.288026020000 0.653708180000 -0.699790420000 4.274811780000
0.000000000000 0.000000000000 0.000000000000 1.000000000000
13 51 66
-0.027974850000 -0.179137530000 -0.983426230000 3.202419500000
-0.290509960000 0.942804430000 -0.163474070000 -0.049317450000
0.956462950000 0.281121950000 -0.078416050000 2.888927080000
0.000000000000 0.000000000000 0.000000000000 1.000000000000
13 52 66
0.509841580000 -0.535598220000 0.673198410000 -0.748905160000
-0.344041970000 -0.844185710000 -0.411078600000 1.840205490000
0.788477450000 -0.022023540000 -0.614669240000 4.357164810000
0.000000000000 0.000000000000 0.000000000000 1.000000000000
13 53 66
0.618066060000 -0.381877050000 0.687142100000 -1.309600380000
-0.206885040000 -0.922288040000 -0.326471070000 1.780029820000
0.758414740000 0.059621270000 -0.649039580000 4.688770250000
0.000000000000 0.000000000000 0.000000000000 1.000000000000
13 54 66
0.290966170000 -0.840622610000 0.456828540000 -1.517727710000
0.152812170000 0.512191600000 0.845167560000 -2.489888340000
-0.944450700000 -0.176106210000 0.277487800000 2.750929550000
0.000000000000 0.000000000000 0.000000000000 1.000000000000
13 55 66
-0.191380960000 -0.151090350000 0.969817010000 -2.332943390000
-0.069587810000 0.987683100000 0.140141500000 -0.790257980000
-0.979045900000 -0.040667020000 -0.199537790000 2.480587030000
0.000000000000 0.000000000000 0.000000000000 1.000000000000
13 56 66
0.884684090000 -0.096033810000 0.456192480000 -0.935026720000
0.048924720000 0.992274580000 0.114006690000 0.210412190000
-0.463616700000 -0.078540810000 0.882547960000 0.391595360000
0.000000000000 0.000000000000 0.000000000000 1.000000000000
13 57 66
0.213461590000 -0.483006800000 0.849198790000 -1.838389400000
-0.382257710000 -0.841225940000 -0.382384570000 1.553365510000
0.899062400000 -0.242988360000 -0.364202500000 3.582402530000
0.000000000000 0.000000000000 0.000000000000 1.000000000000
13 58 66
-0.715912910000 -0.276683880000 0.641026320000 -0.844798070000
-0.140818520000 -0.842036990000 -0.520714750000 1.932952270000
0.683841250000 -0.463054780000 0.563862940000 0.469816540000
0.000000000000 0.000000000000 0.000000000000 1.000000000000
13 59 66
0.899465870000 0.322563840000 -0.294811340000 1.191290520000
-0.212279190000 0.912216020000 0.350427550000 -0.878218430000
0.381966880000 -0.252615310000 0.888980770000 0.570447820000
0.000000000000 0.000000000000 0.000000000000 1.000000000000
13 60 66
-0.419962050000 0.894561080000 0.152945590000 -0.124705390000
-0.391305040000 -0.330542510000 0.858849240000 -1.580433500000
0.818848120000 0.300835700000 0.488861570000 1.799032120000
0.000000000000 0.000000000000 0.000000000000 1.000000000000
13 61 66
0.324611720000 -0.847603260000 -0.419757020000 1.156793270000
-0.540674880000 0.197850090000 -0.817634400000 1.985904920000
0.776078540000 0.492365780000 -0.394053330000 3.964850160000
0.000000000000 0.000000000000 0.000000000000 1.000000000000
13 62 66
-0.092148250000 0.632288240000 -0.769233570000 1.560350630000
-0.054128350000 -0.774558940000 -0.630181380000 2.197142450000
-0.994273010000 -0.016432770000 0.105598970000 1.968452180000
0.000000000000 0.000000000000 0.000000000000 1.000000000000
13 63 66
-0.940623440000 0.017601200000 0.338995210000 -0.477171590000
0.214958380000 0.803790580000 0.554719380000 -1.375515360000
-0.262717430000 0.594651910000 -0.759847790000 3.991617680000
0.000000000000 0.000000000000 0.000000000000 1.000000000000
13 64 66
-0.884446400000 0.172037810000 -0.433771320000 0.647346000000
0.083941450000 -0.855741400000 -0.510549200000 1.876565510000
-0.459029840000 -0.487964790000 0.742416300000 0.891915740000
0.000000000000 0.000000000000 0.000000000000 1.000000000000
13 65 66
0.952189560000 -0.168602010000 0.254771270000 -0.645127600000
0.151723030000 0.984790840000 0.084658830000 0.185625470000
-0.265170060000 -0.041956590000 0.963288370000 0.170503470000
0.000000000000 0.000000000000 0.000000000000 1.000000000000
14 17 66
0.857335520000 -0.053483860000 -0.511971960000 1.994840570000
0.514541020000 0.117916080000 0.849319340000 -0.965214180000
0.014944850000 -0.991582210000 0.128613290000 2.970572860000
0.000000000000 0.000000000000 0.000000000000 1.000000000000
14 18 66
-0.842920447000 -0.528537133000 -0.100665882000 0.002892342480
0.449600858000 -0.589159716000 -0.671379101000 3.181460780000
0.295540503000 -0.611178639000 0.734245520000 0.445430052000
0.000000000000 0.000000000000 0.000000000000 1.000000000000
14 19 66
-0.202091390000 -0.388386300000 0.899063490000 -2.472315520000
0.154556820000 0.893853850000 0.420877050000 -0.443420690000
-0.967094240000 0.224012020000 -0.120612410000 2.642556460000
0.000000000000 0.000000000000 0.000000000000 1.000000000000
14 20 66
0.412305620000 -0.694328110000 0.589841130000 -2.170112160000
0.202416980000 0.701066170000 0.683764280000 -0.966063790000
-0.888274420000 -0.162526000000 0.429597320000 1.122108860000
0.000000000000 0.000000000000 0.000000000000 1.000000000000
14 21 66
-0.730404030000 -0.267637360000 0.628394940000 -1.691019650000
0.042640310000 -0.936103590000 -0.349130180000 1.978758010000
0.681683040000 -0.228211130000 0.695145970000 0.875076210000
0.000000000000 0.000000000000 0.000000000000 1.000000000000
14 22 66
0.987835180000 -0.061109890000 0.142993870000 -0.527763840000
0.022104190000 0.965390930000 0.259868740000 -0.093320520000
-0.153925540000 -0.253546720000 0.954997900000 -0.103156730000
0.000000000000 0.000000000000 0.000000000000 1.000000000000
14 23 66
0.214959010000 0.134458160000 0.967322920000 -3.632045640000
0.107753000000 0.981164870000 -0.160327130000 0.325303090000
-0.970660560000 0.138695710000 0.196421960000 2.122888910000
0.000000000000 0.000000000000 0.000000000000 1.000000000000
14 24 66
0.711980210000 -0.189611870000 0.676115020000 -2.440408350000
0.081337090000 0.978641030000 0.188801540000 0.090251500000
-0.697472910000 -0.079429730000 0.712195520000 0.410942740000
0.000000000000 0.000000000000 0.000000000000 1.000000000000
14 25 66
-0.665376630000 -0.170551270000 -0.726764200000 2.163453720000
0.426127170000 -0.886129060000 -0.182183740000 1.629393480000
-0.612935210000 -0.430914780000 0.662286100000 1.149895130000
0.000000000000 0.000000000000 0.000000000000 1.000000000000
14 26 66
-0.192241560000 0.937942380000 0.288630010000 -1.404570650000
0.215783400000 -0.246516400000 0.944810660000 -2.004610500000
0.957329990000 0.243913440000 -0.155001700000 2.873611780000
0.000000000000 0.000000000000 0.000000000000 1.000000000000
14 27 66
0.716359690000 0.674300800000 -0.179296450000 0.343374410000
-0.524512000000 0.689893970000 0.498932340000 -0.605876100000
0.460126020000 -0.263371870000 0.847891090000 0.616892240000
0.000000000000 0.000000000000 0.000000000000 1.000000000000
14 28 66
0.001240912110 0.404777734000 -0.914414264000 1.912871250000
0.562287336000 -0.756450241000 -0.334089785000 1.853875440000
-0.826940997000 -0.513748985000 -0.228540082000 2.656289600000
0.000000000000 0.000000000000 0.000000000000 1.000000000000
14 29 66
0.372378360000 -0.634515870000 0.677291640000 -2.064508090000
0.262140620000 -0.628150420000 -0.732604490000 2.662808140000
0.890290210000 0.450351710000 -0.067577250000 2.966348020000
0.000000000000 0.000000000000 0.000000000000 1.000000000000
14 30 66
0.966544070000 0.242743990000 -0.082872880000 -0.141769970000
-0.046054220000 -0.153606030000 -0.987058350000 2.800884770000
-0.252332260000 0.957852050000 -0.137287620000 3.171785170000
0.000000000000 0.000000000000 0.000000000000 1.000000000000
14 31 66
0.804948510000 0.521634530000 0.282763710000 -1.506706550000
-0.526161950000 0.407269490000 0.746515350000 0.038408080000
0.274247150000 -0.749685930000 0.602295210000 0.406032330000
0.000000000000 0.000000000000 0.000000000000 1.000000000000
14 32 66
-0.691455390000 -0.714015540000 0.109869210000 -0.067682520000
0.508236560000 -0.588877320000 -0.628425890000 2.401975550000
0.513405340000 -0.378688930000 0.770071200000 0.037031430000
0.000000000000 0.000000000000 0.000000000000 1.000000000000
14 33 66
0.691245860000 -0.125995690000 0.711550590000 -1.864757870000
-0.507800590000 0.615870730000 0.602363520000 -0.791139570000
-0.514118390000 -0.777707100000 0.361737400000 1.073069810000
0.000000000000 0.000000000000 0.000000000000 1.000000000000
14 34 66
0.801381600000 0.506782900000 -0.317739870000 0.573737160000
0.285029830000 0.143475070000 0.947719840000 -1.416450130000
0.525875960000 -0.850050580000 -0.029469960000 2.573095590000
0.000000000000 0.000000000000 0.000000000000 1.000000000000
14 35 66
0.677198680000 -0.080792440000 -0.731351160000 1.470199810000
-0.724952730000 0.096781410000 -0.681965470000 2.162035470000
0.125878850000 0.992021140000 0.006969550000 2.114629600000
0.000000000000 0.000000000000 0.000000000000 1.000000000000
14 36 66
0.397090180000 0.872891350000 -0.283513800000 -0.249905780000
-0.165851270000 0.372075190000 0.913265250000 -0.712521540000
0.902669790000 -0.315627540000 0.292517550000 2.319904910000
0.000000000000 0.000000000000 0.000000000000 1.000000000000
14 37 66
-0.818487870000 0.408379600000 -0.404108540000 1.154120310000
0.282701550000 0.898612710000 0.335522030000 0.100735930000
0.500157430000 0.160378600000 -0.850953150000 4.119210460000
0.000000000000 0.000000000000 0.000000000000 1.000000000000
14 38 66
0.667133990000 -0.070408200000 -0.741602940000 0.473368300000
0.508722430000 0.770296420000 0.384506070000 0.128005250000
0.544181710000 -0.633787120000 0.549709150000 0.531654100000
0.000000000000 0.000000000000 0.000000000000 1.000000000000
14 39 66
-0.535578390000 0.094756120000 0.839152590000 -2.499945040000
0.844043870000 0.092196570000 0.528289450000 -0.153046730000
-0.027308340000 0.991222010000 -0.129356810000 3.213038590000
0.000000000000 0.000000000000 0.000000000000 1.000000000000
14 40 66
-0.839806550000 -0.498215120000 -0.215654000000 0.164998460000
0.240383880000 0.014913050000 -0.970563340000 2.970405940000
0.486765390000 -0.866925200000 0.107238810000 1.799270940000
0.000000000000 0.000000000000 0.000000000000 1.000000000000
14 41 66
0.294444510000 0.936010080000 -0.192840760000 0.200895190000
0.843939230000 -0.159991950000 0.512024560000 -0.526272440000
0.448407180000 -0.313508700000 -0.837044380000 3.515325870000
0.000000000000 0.000000000000 0.000000000000 1.000000000000
14 42 66
0.258379760000 0.859854300000 0.440329970000 -1.392240460000
-0.465888860000 -0.288388650000 0.836528280000 -1.095357310000
0.846278600000 -0.421286800000 0.326082760000 1.526318350000
0.000000000000 0.000000000000 0.000000000000 1.000000000000
14 43 66
0.847786460000 -0.133740960000 0.513197310000 -1.457263460000
-0.445379020000 0.345799740000 0.825869280000 -1.024507620000
-0.287916040000 -0.928728110000 0.233598920000 1.616369320000
0.000000000000 0.000000000000 0.000000000000 1.000000000000
14 44 66
0.978357470000 0.133650070000 -0.157969380000 0.567688890000
0.146968480000 0.088578490000 0.985167050000 -1.893052920000
0.145660330000 -0.987062060000 0.067019080000 2.257189760000
0.000000000000 0.000000000000 0.000000000000 1.000000000000
14 45 66
0.557851050000 -0.664050490000 0.497834460000 -1.747625730000
0.618789570000 0.732531570000 0.283719890000 -0.454405790000
-0.553083780000 0.149781330000 0.819551020000 0.272856990000
0.000000000000 0.000000000000 0.000000000000 1.000000000000
14 46 66
-0.455362550000 0.708431390000 -0.539230850000 0.348219980000
0.543500570000 0.700911710000 0.461876500000 -0.563747460000
0.705161030000 -0.082751010000 -0.704201810000 3.614407360000
0.000000000000 0.000000000000 0.000000000000 1.000000000000
14 47 66
0.947152520000 -0.284568410000 0.148063890000 -0.997833780000
-0.041678390000 -0.566824480000 -0.822783640000 2.677998770000
0.318064470000 0.773130540000 -0.548729590000 3.475450900000
0.000000000000 0.000000000000 0.000000000000 1.000000000000
14 48 66
-0.003059180000 -0.922468450000 0.386060370000 -1.472758840000
-0.402934680000 -0.352197780000 -0.844748700000 2.723047730000
0.915223620000 -0.158141350000 -0.370617100000 2.680454580000
0.000000000000 0.000000000000 0.000000000000 1.000000000000
14 49 66
-0.126030400000 -0.374400960000 0.918662210000 -2.608237800000
-0.293343540000 0.898698860000 0.326021360000 0.706756270000
-0.947663390000 -0.228395020000 -0.223091480000 2.892288150000
0.000000000000 0.000000000000 0.000000000000 1.000000000000
14 51 66
0.490864190000 0.411261220000 -0.768060260000 1.570816290000
-0.346367470000 0.901031030000 0.261098950000 -0.009110740000
0.799426000000 0.137866970000 0.584731370000 0.552427900000
0.000000000000 0.000000000000 0.000000000000 1.000000000000
14 52 66
0.420533100000 0.220894890000 -0.879975770000 1.260716760000
-0.099845510000 0.975284940000 0.197104420000 0.105752910000
0.901766480000 0.004972700000 0.432194960000 1.008441590000
0.000000000000 0.000000000000 0.000000000000 1.000000000000
14 53 66
-0.637974470000 -0.266692660000 0.722401280000 -2.444328190000
0.096435810000 0.903058280000 0.418552130000 -0.618769950000
-0.763995230000 0.336690920000 -0.550409400000 3.702516680000
0.000000000000 0.000000000000 0.000000000000 1.000000000000
14 54 66
0.886464560000 0.449129670000 0.111638370000 -0.499524230000
-0.432961590000 0.890036820000 -0.142754080000 0.801870180000
-0.163477350000 0.078211300000 0.983441990000 -0.035783350000
0.000000000000 0.000000000000 0.000000000000 1.000000000000
14 55 66
-0.117479902000 0.332284185000 -0.935834223000 1.898850460000
-0.040499507300 -0.943178936000 -0.329807950000 2.493312490000
-0.992249093000 -0.000844980522 0.124261914000 1.844258820000
0.000000000000 0.000000000000 0.000000000000 1.000000000000
14 56 66
0.890848520000 -0.244450770000 0.382926530000 -1.361327740000
0.001796460000 0.844781600000 0.535108240000 -0.476668780000
-0.454296910000 -0.476012470000 0.753011590000 0.593663660000
0.000000000000 0.000000000000 0.000000000000 1.000000000000
14 57 66
0.979007290000 -0.061741700000 0.194249030000 -0.778161640000
-0.028891320000 0.901359610000 0.432106630000 -0.154892890000
-0.201767230000 -0.428647650000 0.880653830000 0.637373310000
0.000000000000 0.000000000000 0.000000000000 1.000000000000
14 58 66
-0.441282730000 -0.464108240000 0.768031960000 -2.353247530000
-0.054578620000 0.868168100000 0.493259890000 -0.148567950000
-0.895706830000 0.175748950000 -0.408437980000 3.667054940000
0.000000000000 0.000000000000 0.000000000000 1.000000000000
14 59 66
-0.989831140000 -0.096710230000 0.104314120000 -0.959726550000
-0.026583410000 0.846173590000 0.532243910000 -0.232033520000
-0.139741290000 0.524058570000 -0.840139860000 4.217337040000
0.000000000000 0.000000000000 0.000000000000 1.000000000000
14 60 66
0.749693840000 0.087175680000 0.656017950000 -1.523166890000
-0.606711240000 0.486449060000 0.628704050000 -0.420344260000
-0.264311610000 -0.869349020000 0.417578330000 1.506869540000
0.000000000000 0.000000000000 0.000000000000 1.000000000000
14 61 66
0.760228790000 0.618441680000 0.198952450000 -0.750955900000
-0.416526580000 0.228986090000 0.879813040000 -0.898695820000
0.498555710000 -0.751728180000 0.431679210000 1.491082840000
0.000000000000 0.000000000000 0.000000000000 1.000000000000
14 62 66
-0.808650850000 0.403599630000 0.428008340000 -2.073741600000
0.549369480000 0.778309430000 0.304019080000 0.272830830000
-0.210420940000 0.480980010000 -0.851105900000 4.008717490000
0.000000000000 0.000000000000 0.000000000000 1.000000000000
14 63 66
-0.022939070000 -0.435890350000 0.899707400000 -2.712345080000
0.289657370000 0.858445410000 0.423284880000 0.067520390000
-0.956855480000 0.270316640000 0.106566910000 1.658331980000
0.000000000000 0.000000000000 0.000000000000 1.000000000000
14 64 66
0.151486250000 -0.972106710000 -0.179054370000 -0.403110110000
-0.477590780000 0.086615230000 -0.874302490000 3.475432210000
0.865424150000 0.217959530000 -0.451148180000 3.509336360000
0.000000000000 0.000000000000 0.000000000000 1.000000000000
14 65 66
0.721169040000 0.266022310000 -0.639646260000 1.485505340000
-0.634340390000 -0.117531610000 -0.764067140000 2.912003590000
-0.278437560000 0.956775030000 0.083988540000 1.902114980000
0.000000000000 0.000000000000 0.000000000000 1.000000000000
15 17 66
0.359595680000 -0.917355750000 0.170731870000 -0.303403900000
0.927776240000 0.331972620000 -0.170368500000 1.416592800000
0.099610220000 0.219664740000 0.970476790000 -0.126291660000
0.000000000000 0.000000000000 0.000000000000 1.000000000000
15 18 66
0.762930140000 -0.101916800000 0.638396870000 -1.019560130000
0.049656980000 0.993816330000 0.099314040000 -0.312281810000
-0.644571000000 -0.044068820000 0.763273320000 0.002444680000
0.000000000000 0.000000000000 0.000000000000 1.000000000000
15 19 66
0.980694250000 -0.188360790000 0.052526150000 -0.089572950000
0.191353680000 0.979724800000 -0.059355630000 0.153258070000
-0.040280900000 0.068260800000 0.996854010000 -0.668570010000
0.000000000000 0.000000000000 0.000000000000 1.000000000000
15 21 66
0.867817420000 0.343640700000 -0.358892730000 1.395320420000
-0.406557290000 0.906325260000 -0.115263560000 0.136604030000
0.285664300000 0.245938180000 0.926234480000 0.026025400000
0.000000000000 0.000000000000 0.000000000000 1.000000000000
15 22 66
0.074257870000 -0.652463750000 0.754172940000 -2.534996990000
0.319345650000 0.731994420000 0.601832640000 -1.536993280000
-0.944724360000 0.196151040000 0.262717810000 1.709678750000
0.000000000000 0.000000000000 0.000000000000 1.000000000000
15 24 66
0.966196040000 -0.043036130000 0.254191060000 -1.416874470000
0.008209880000 -0.980332400000 -0.197182620000 1.633918670000
0.257677710000 0.192603950000 -0.946839960000 5.604319410000
0.000000000000 0.000000000000 0.000000000000 1.000000000000
15 25 66
0.966636030000 -0.068230930000 0.246899440000 -0.542486700000
0.024375740000 0.983999510000 0.176495870000 -0.351359170000
-0.254991410000 -0.164588910000 0.952832550000 -0.255475650000
0.000000000000 0.000000000000 0.000000000000 1.000000000000
15 26 66
0.970450650000 -0.035809790000 -0.238627740000 0.320576320000
0.194569000000 0.701033940000 0.686071660000 -1.840793950000
0.142718060000 -0.712228250000 0.687286310000 1.157396260000
0.000000000000 0.000000000000 0.000000000000 1.000000000000
15 27 66
-0.344166690000 -0.572793830000 0.743946580000 -2.211450410000
-0.177561530000 0.817761730000 0.547483010000 -0.970723330000
-0.921965940000 0.056329130000 -0.383152500000 2.672225630000
0.000000000000 0.000000000000 0.000000000000 1.000000000000
15 28 66
-0.962481790000 -0.056818600000 -0.265330830000 0.042079150000
-0.256677370000 0.507794500000 0.822351190000 -1.108046330000
0.088008700000 0.859602460000 -0.503327000000 3.156950820000
0.000000000000 0.000000000000 0.000000000000 1.000000000000
15 29 66
0.893915540000 -0.092480050000 0.438591430000 -2.199266920000
0.308882510000 -0.581973390000 -0.752262300000 1.861801600000
0.324817800000 0.807932180000 -0.491669590000 3.670602390000
0.000000000000 0.000000000000 0.000000000000 1.000000000000
15 30 66
-0.225305090000 0.810171240000 -0.541165580000 0.930013000000
0.104051060000 0.572279120000 0.813430990000 -1.069942830000
0.968716160000 0.126961290000 -0.213236580000 2.419188080000
0.000000000000 0.000000000000 0.000000000000 1.000000000000
15 31 66
-0.939922910000 0.306776800000 -0.149776220000 0.016615090000
0.177893960000 0.065676420000 -0.981855560000 2.684418750000
-0.291373750000 -0.949512820000 -0.116304510000 2.695703840000
0.000000000000 0.000000000000 0.000000000000 1.000000000000
15 32 66
-0.990541040000 -0.061988980000 -0.122416570000 0.368783890000
-0.126496480000 0.758222470000 0.639607170000 -1.156709150000
0.053170400000 0.649042420000 -0.758891860000 4.385230780000
0.000000000000 0.000000000000 0.000000000000 1.000000000000
15 33 66
-0.413357870000 0.854475680000 -0.314653130000 1.360990760000
-0.442714950000 0.113372030000 0.889466280000 -2.013401390000
0.795700160000 0.506969530000 0.331425930000 1.649936900000
0.000000000000 0.000000000000 0.000000000000 1.000000000000
15 34 66
-0.817423730000 -0.291999100000 0.496543020000 -1.765435800000
0.134882290000 0.741009510000 0.657808240000 -1.110221450000
-0.560022510000 0.604682920000 -0.566333250000 3.346237630000
0.000000000000 0.000000000000 0.000000000000 1.000000000000
15 35 66
0.913678870000 0.165288390000 0.371309400000 -1.353003450000
-0.192461040000 0.980604110000 0.037071820000 -0.262331490000
-0.357979990000 -0.105334340000 0.927768830000 0.599480310000
0.000000000000 0.000000000000 0.000000000000 1.000000000000
15 36 66
0.847945010000 0.448345720000 0.282799190000 -1.310030330000
0.516143850000 -0.576786300000 -0.633176980000 2.133012130000
-0.120767490000 0.682864320000 -0.720493950000 3.880206270000
0.000000000000 0.000000000000 0.000000000000 1.000000000000
15 37 66
0.696538810000 -0.359492570000 0.620966000000 -2.239231590000
0.372949740000 0.920734980000 0.114697770000 0.026830840000
-0.612978120000 0.151697660000 0.775400310000 0.448679800000
0.000000000000 0.000000000000 0.000000000000 1.000000000000
15 38 66
-0.195903650000 -0.363209850000 0.910878900000 -2.931617940000
0.341169900000 0.845603780000 0.410557370000 -0.819889390000
-0.919361120000 0.391194140000 -0.041740600000 2.950096530000
0.000000000000 0.000000000000 0.000000000000 1.000000000000
15 39 66
0.328544770000 -0.848142390000 0.415587320000 -1.751037660000
0.650581550000 0.522202730000 0.551405440000 -0.862412380000
-0.684691160000 0.089212070000 0.723352770000 0.997649370000
0.000000000000 0.000000000000 0.000000000000 1.000000000000
15 40 66
-0.520366500000 0.840350080000 0.151757870000 -0.266287150000
0.292781780000 0.008629750000 0.956140340000 -1.636047090000
0.802182980000 0.541975340000 -0.250529830000 2.655599010000
0.000000000000 0.000000000000 0.000000000000 1.000000000000
15 41 66
-0.815023170000 -0.572576810000 0.088842700000 -0.560968940000
0.137444160000 -0.042090640000 0.989614810000 -1.826027360000
-0.562891040000 0.818769920000 0.113002190000 2.562066880000
0.000000000000 0.000000000000 0.000000000000 1.000000000000
15 42 66
0.044187090000 0.985398140000 -0.164432350000 -0.027183530000
-0.175668140000 0.169692430000 0.969713970000 -2.038553690000
0.983457270000 -0.013963310000 0.180601280000 2.139284460000
0.000000000000 0.000000000000 0.000000000000 1.000000000000
15 43 66
0.197309460000 0.968643940000 -0.150989730000 -0.065585550000
-0.418102780000 0.222453730000 0.880740830000 -1.854296750000
0.886712490000 -0.110649270000 0.448884950000 2.048180220000
0.000000000000 0.000000000000 0.000000000000 1.000000000000
15 44 66
0.354713670000 0.927684350000 -0.116533060000 0.331800720000
-0.053281020000 0.144491370000 0.988070530000 -2.331809840000
0.933455600000 -0.344273120000 0.100681030000 2.148288420000
0.000000000000 0.000000000000 0.000000000000 1.000000000000
15 45 66
0.066766280000 0.962863930000 -0.261601450000 0.333053830000
0.626876840000 0.163497640000 0.761770280000 -2.075670700000
0.776252340000 -0.214852460000 -0.592680970000 3.736753200000
0.000000000000 0.000000000000 0.000000000000 1.000000000000
15 46 66
-0.126094290000 0.088100150000 -0.988098470000 1.293839520000
-0.260882550000 0.958043660000 0.118712450000 -0.508362300000
0.957100060000 0.272746610000 -0.097820040000 2.691091290000
0.000000000000 0.000000000000 0.000000000000 1.000000000000
15 47 66
-0.735760570000 0.162142620000 -0.657545560000 1.214659270000
-0.242351880000 0.843584940000 0.479197260000 -0.510881790000
0.632393830000 0.511931850000 -0.581380960000 4.300282950000
0.000000000000 0.000000000000 0.000000000000 1.000000000000
15 48 66
0.493289720000 -0.545027690000 0.677945470000 -2.681882800000
0.301282770000 0.838179260000 0.454625370000 -0.231011460000
-0.816023250000 -0.020008730000 0.577672670000 1.198856760000
0.000000000000 0.000000000000 0.000000000000 1.000000000000
15 49 66
-0.281955130000 0.632537840000 -0.721385610000 2.375603520000
-0.230567960000 0.685184260000 0.690913130000 -0.985111520000
0.931310750000 0.361134910000 -0.047348260000 2.351565220000
0.000000000000 0.000000000000 0.000000000000 1.000000000000
15 50 66
-0.207106560000 -0.973102460000 -0.100888450000 -0.350744760000
0.707907040000 -0.220241350000 0.671089690000 -2.521390780000
-0.675258830000 0.067567430000 0.734479510000 0.689618970000
0.000000000000 0.000000000000 0.000000000000 1.000000000000
15 52 66
0.955994160000 0.263894270000 0.128198960000 -0.826856650000
-0.292583160000 0.889842210000 0.350108460000 -1.093398880000
-0.021685230000 -0.372210510000 0.927894980000 0.188676340000
0.000000000000 0.000000000000 0.000000000000 1.000000000000
15 53 66
0.405976380000 -0.154908050000 0.900659020000 -2.306372840000
0.314729040000 0.948941490000 0.021346730000 -0.287318670000
-0.857979500000 0.274797280000 0.434001890000 1.548178820000
0.000000000000 0.000000000000 0.000000000000 1.000000000000
15 54 66
-0.106026630000 -0.002081760000 -0.994361111000 2.043546210000
-0.338259875000 0.940434745000 0.034099076200 -0.255964599000
0.935060753000 0.339967875000 -0.100415303000 3.205053070000
0.000000000000 0.000000000000 0.000000000000 1.000000000000
15 55 66
-0.975720450000 0.023031100000 -0.217805370000 -0.608322540000
-0.095448190000 0.850340990000 0.517503470000 -1.167026520000
0.197127510000 0.525727840000 -0.827496820000 4.578606680000
0.000000000000 0.000000000000 0.000000000000 1.000000000000
15 56 66
0.232944900000 -0.460998360000 0.856281020000 -2.346026860000
0.336367500000 0.864351170000 0.373836820000 -0.631034560000
-0.912465660000 0.200941730000 0.356411060000 1.082542310000
0.000000000000 0.000000000000 0.000000000000 1.000000000000
15 57 66
-0.561814840000 0.260644150000 -0.785129740000 1.582273080000
-0.083861220000 0.926236220000 0.367496620000 -0.905867960000
0.823001450000 0.272306990000 -0.498515310000 4.659869860000
0.000000000000 0.000000000000 0.000000000000 1.000000000000
15 58 66
0.847438040000 -0.313675760000 0.428317970000 -1.167999650000
0.268669700000 0.949237740000 0.163597970000 0.023764690000
-0.457892310000 -0.023563080000 0.888695350000 0.178041770000
0.000000000000 0.000000000000 0.000000000000 1.000000000000
15 59 66
0.253736990000 -0.958925290000 -0.126806240000 -0.423885030000
-0.423580050000 -0.228013600000 0.876692500000 -1.872234020000
-0.869596160000 -0.168736720000 -0.464037110000 3.430285020000
0.000000000000 0.000000000000 0.000000000000 1.000000000000
15 60 66
0.473091830000 0.876090470000 -0.093003250000 -0.457208040000
-0.302120660000 0.260491040000 0.916988290000 -1.449453070000
0.827591220000 -0.405721470000 0.387921210000 2.131961530000
0.000000000000 0.000000000000 0.000000000000 1.000000000000
15 61 66
0.594653950000 -0.483070010000 0.642674140000 -1.166998110000
0.144973300000 0.850688330000 0.505284190000 -0.910468770000
-0.790803030000 -0.207298650000 0.575897430000 1.236810270000
0.000000000000 0.000000000000 0.000000000000 1.000000000000
15 62 66
-0.221656820000 0.968742060000 -0.111387010000 -0.326003480000
-0.197275390000 0.067317050000 0.978034170000 -1.804535400000
0.954961080000 0.238761860000 0.176187680000 2.067539090000
0.000000000000 0.000000000000 0.000000000000 1.000000000000
15 63 66
0.723652740000 -0.108767490000 -0.681539680000 1.263698310000
0.507765780000 0.752730070000 0.419012350000 -0.506401670000
0.467440500000 -0.649281960000 0.599943590000 1.253391620000
0.000000000000 0.000000000000 0.000000000000 1.000000000000
15 64 66
0.285627720000 -0.558778260000 0.778577970000 -2.179991260000
0.512265970000 0.775638290000 0.368739500000 -0.348805650000
-0.809938500000 0.293516780000 0.507786880000 0.801005220000
0.000000000000 0.000000000000 0.000000000000 1.000000000000
15 65 66
-0.936999340000 0.134523390000 -0.322390590000 0.474538170000
-0.315781910000 -0.720810330000 0.617020470000 -0.630553690000
-0.149378790000 0.679952890000 0.717878850000 1.148756840000
0.000000000000 0.000000000000 0.000000000000 1.000000000000
16 19 66
0.637303360000 -0.368514500000 -0.676787620000 1.593102980000
0.687560920000 -0.124687540000 0.715341170000 -1.302281440000
-0.348000580000 -0.921222060000 0.173912380000 2.567252870000
0.000000000000 0.000000000000 0.000000000000 1.000000000000
16 20 66
-0.992404220000 0.005324600000 -0.122904490000 -0.068107140000
-0.122609990000 0.038665800000 0.991701440000 -2.339207870000
0.010032620000 0.999238010000 -0.037719260000 2.996484650000
0.000000000000 0.000000000000 0.000000000000 1.000000000000
16 24 66
0.830152680000 -0.048320470000 -0.555438250000 1.793000970000
-0.503402710000 0.363258780000 -0.783982630000 2.627735860000
0.239650230000 0.930434410000 0.277235600000 2.076158810000
0.000000000000 0.000000000000 0.000000000000 1.000000000000
16 25 66
-0.992736558000 0.058695221800 0.105019032000 -0.321925337000
-0.002759240080 0.861577197000 -0.507619070000 2.692344310000
-0.120276817000 -0.504221781000 -0.855157227000 5.419486930000
0.000000000000 0.000000000000 0.000000000000 1.000000000000
16 26 66
0.949594660000 0.306097730000 -0.067632500000 0.266880910000
0.308289390000 -0.872776720000 0.378442150000 -1.286142780000
0.056812210000 -0.380217020000 -0.923150790000 5.787605580000
0.000000000000 0.000000000000 0.000000000000 1.000000000000
16 27 66
0.876210190000 -0.267347060000 0.400975380000 -0.689576860000
0.059920240000 0.886000610000 0.459796130000 -0.486353480000
-0.478189570000 -0.378851510000 0.792342260000 1.777636690000
0.000000000000 0.000000000000 0.000000000000 1.000000000000
16 28 66
-0.635801620000 0.635390010000 -0.438218930000 1.180953700000
0.623209970000 0.757556720000 0.194209030000 0.215654330000
0.455374180000 -0.149623990000 -0.877637180000 5.090425060000
0.000000000000 0.000000000000 0.000000000000 1.000000000000
16 29 66
0.032876008900 -0.999459420000 -0.000191322426 -0.538576985000
-0.999094492000 -0.032858831200 -0.027027643400 0.315542904000
0.027006746100 0.001079710230 -0.999634668000 4.809874380000
0.000000000000 0.000000000000 0.000000000000 1.000000000000
16 32 66
-0.571836400000 -0.819513810000 0.037419950000 -1.001618200000
-0.778639530000 0.527822550000 -0.339299030000 1.620880070000
0.258309150000 -0.223160190000 -0.939933990000 5.378223110000
0.000000000000 0.000000000000 0.000000000000 1.000000000000
16 33 66
0.900218260000 -0.060320170000 0.431240720000 -1.381709940000
-0.243188500000 -0.891159750000 0.383006080000 -1.038695430000
0.361201380000 -0.449661850000 -0.816907450000 5.228475760000
0.000000000000 0.000000000000 0.000000000000 1.000000000000
16 34 66
0.570433740000 0.329149760000 -0.752506340000 1.679564050000
-0.818709350000 0.301185190000 -0.488878800000 1.397387910000
0.065729430000 0.894956940000 0.441284180000 2.143804200000
0.000000000000 0.000000000000 0.000000000000 1.000000000000
16 37 66
0.791599150000 -0.420032020000 0.443783600000 -1.913612020000
0.203999290000 0.866271430000 0.456024230000 -0.394393900000
-0.575981830000 -0.270456850000 0.771425970000 1.163730930000
0.000000000000 0.000000000000 0.000000000000 1.000000000000
16 38 66
0.950341860000 0.266771920000 0.160259440000 -2.656023710000
0.012131820000 0.482810630000 -0.875640740000 1.947678740000
-0.310971320000 0.834102290000 0.455598730000 2.543329700000
0.000000000000 0.000000000000 0.000000000000 1.000000000000
16 39 66
0.796867600000 -0.057798910000 -0.601382840000 1.445368790000
0.006873810000 -0.994481380000 0.104687800000 -0.517525560000
-0.604114880000 -0.087556110000 -0.792072690000 5.407652650000
0.000000000000 0.000000000000 0.000000000000 1.000000000000
16 40 66
0.962972300000 -0.030680970000 -0.267848900000 0.322195980000
0.175451450000 -0.683012870000 0.709020600000 -0.822414060000
-0.204697690000 -0.729761680000 -0.652339450000 4.242364850000
0.000000000000 0.000000000000 0.000000000000 1.000000000000
16 41 66
-0.589134840000 0.295004260000 -0.752258360000 0.891111590000
0.177725490000 0.955482570000 0.235513700000 -0.268628070000
0.788247290000 0.005053840000 -0.615337840000 4.267575580000
0.000000000000 0.000000000000 0.000000000000 1.000000000000
16 42 66
-0.858323700000 0.323198910000 -0.398525900000 0.726334890000
-0.321535600000 -0.944069980000 -0.073121390000 0.540545470000
-0.399869090000 0.065378450000 0.914237590000 1.163918340000
0.000000000000 0.000000000000 0.000000000000 1.000000000000
16 46 66
-0.786182610000 0.441884480000 -0.432035880000 0.941528020000
0.569900720000 0.788782490000 -0.230294070000 0.307195130000
0.239018960000 -0.427270750000 -0.871957360000 5.291907350000
0.000000000000 0.000000000000 0.000000000000 1.000000000000
16 47 66
0.974188000000 0.087621010000 -0.208039180000 -0.403323580000
0.132291880000 0.525148920000 0.840664900000 -0.772356840000
0.182911450000 -0.846487550000 0.500002220000 2.123242000000
0.000000000000 0.000000000000 0.000000000000 1.000000000000
16 48 66
-0.440897010000 0.491555270000 -0.750988180000 2.112014530000
-0.763756100000 -0.644971780000 0.026230110000 -0.040209800000
-0.471472630000 0.585136580000 0.659794470000 2.092277740000
0.000000000000 0.000000000000 0.000000000000 1.000000000000
16 49 66
-0.404732750000 0.401156000000 -0.821745250000 1.924588060000
-0.865190700000 -0.458911900000 0.202101260000 0.054041650000
-0.296034540000 0.792763350000 0.532813120000 2.423386490000
0.000000000000 0.000000000000 0.000000000000 1.000000000000
16 51 66
0.987775930000 -0.103051390000 -0.116957750000 0.227634260000
0.107664370000 0.993611990000 0.033817090000 0.460874200000
0.112725720000 -0.045995880000 0.992560980000 0.151198270000
0.000000000000 0.000000000000 0.000000000000 1.000000000000
16 52 66
-0.656285068000 0.754513021000 0.000099607490 0.327978722000
0.718970158000 0.625409462000 -0.303224202000 1.201198950000
-0.228848904000 -0.198929902000 -0.952919237000 6.285182750000
0.000000000000 0.000000000000 0.000000000000 1.000000000000
16 53 66
0.268643540000 -0.887239520000 0.375015570000 -1.566604140000
-0.944668350000 -0.318758380000 -0.077426070000 -0.063443520000
0.188234820000 -0.333465330000 -0.923779480000 5.263526600000
0.000000000000 0.000000000000 0.000000000000 1.000000000000
16 54 66
-0.938678230000 0.314456340000 0.141422760000 -0.685863270000
0.290049080000 0.498387080000 0.816995620000 -2.105191040000
0.186426180000 0.807915540000 -0.559032880000 4.425368020000
0.000000000000 0.000000000000 0.000000000000 1.000000000000
16 55 66
0.384209060000 -0.367406570000 0.846992210000 -2.168017360000
0.914911290000 0.028521970000 -0.402646030000 1.600138360000
0.123776910000 0.929622990000 0.347102810000 1.534696010000
0.000000000000 0.000000000000 0.000000000000 1.000000000000
16 56 66
-0.670400560000 -0.366368900000 0.645241750000 -2.430955700000
0.040799670000 0.850081860000 0.525067820000 -0.423067090000
-0.740876830000 0.378331410000 -0.554947630000 4.214077300000
0.000000000000 0.000000000000 0.000000000000 1.000000000000
16 58 66
-0.641566500000 -0.696388740000 -0.321613350000 -0.091160010000
-0.272225070000 0.598691550000 -0.753300690000 2.222190910000
0.717137320000 -0.395741270000 -0.573674920000 4.547722020000
0.000000000000 0.000000000000 0.000000000000 1.000000000000
16 59 66
0.834644300000 -0.377481690000 0.401094080000 -1.213104810000
-0.165412000000 -0.866389910000 -0.471176600000 1.453668900000
0.525364400000 0.326919090000 -0.785567410000 5.282145990000
0.000000000000 0.000000000000 0.000000000000 1.000000000000
16 62 66
-0.385949690000 -0.726357560000 0.568724470000 -2.331163580000
0.915280160000 -0.224414510000 0.334515090000 -0.686453580000
-0.115347540000 0.649648230000 0.751433380000 1.329093270000
0.000000000000 0.000000000000 0.000000000000 1.000000000000
17 19 66
0.791614480000 -0.533821710000 -0.297289250000 0.934433790000
0.242062690000 -0.172752210000 0.954757730000 -1.643668990000
-0.561027780000 -0.827762680000 -0.007534830000 2.423776980000
0.000000000000 0.000000000000 0.000000000000 1.000000000000
17 20 66
-0.724665710000 0.688467350000 0.029534950000 -0.679288820000
0.186709470000 0.154908370000 0.970125230000 -1.862021660000
0.663324340000 0.708530950000 -0.240800160000 2.788591890000
0.000000000000 0.000000000000 0.000000000000 1.000000000000
17 21 66
-0.557210530000 0.645509860000 -0.522334610000 1.471439370000
0.739113620000 0.672250360000 0.042314530000 0.629546210000
0.378454080000 -0.362486520000 -0.851690100000 5.496826660000
0.000000000000 0.000000000000 0.000000000000 1.000000000000
17 23 66
-0.732880620000 -0.666416530000 0.137021930000 -0.097672570000
0.211746640000 -0.414814370000 -0.884925080000 4.034375430000
0.646567370000 -0.619530510000 0.445120870000 1.883267430000
0.000000000000 0.000000000000 0.000000000000 1.000000000000
17 24 66
0.209687720000 0.669819440000 0.712301180000 -3.333059090000
0.571972340000 0.506817210000 -0.644968180000 2.285637470000
-0.793018720000 0.542658490000 -0.276844850000 3.760361070000
0.000000000000 0.000000000000 0.000000000000 1.000000000000
17 25 66
0.010937550000 -0.986671560000 -0.162356380000 -0.475901470000
-0.123492310000 0.159790260000 -0.979396100000 3.829538070000
0.992285250000 0.030761960000 -0.120098630000 3.095869160000
0.000000000000 0.000000000000 0.000000000000 1.000000000000
17 26 66
-0.206570160000 -0.168104350000 0.963882620000 -3.768823960000
-0.591128860000 -0.763572030000 -0.259854630000 2.181898610000
0.779676490000 -0.623457050000 0.058359860000 3.119078880000
0.000000000000 0.000000000000 0.000000000000 1.000000000000
17 27 66
-0.521048930000 0.840197930000 0.150251290000 -0.530786850000
0.418238440000 0.097879940000 0.903048240000 -1.866965340000
0.744032670000 0.533373190000 -0.402403310000 3.608580050000
0.000000000000 0.000000000000 0.000000000000 1.000000000000
17 28 66
-0.271315010000 0.060788540000 -0.960569060000 2.069066680000
0.108569210000 -0.989701090000 -0.093297760000 0.953424920000
-0.956347680000 -0.129601310000 0.261921000000 2.437539920000
0.000000000000 0.000000000000 0.000000000000 1.000000000000
17 29 66
0.369233980000 -0.841884380000 0.393569500000 -1.290364570000
-0.276000220000 -0.503726300000 -0.818586400000 2.499233700000
0.887406410000 0.193624650000 -0.418353140000 3.852941800000
0.000000000000 0.000000000000 0.000000000000 1.000000000000
17 30 66
-0.553669390000 0.615738100000 0.560639640000 -1.696796660000
-0.130749100000 -0.729178360000 0.671716900000 -0.120354810000
0.822407980000 0.298605960000 0.484230930000 1.443181110000
0.000000000000 0.000000000000 0.000000000000 1.000000000000
17 31 66
0.262895020000 -0.417942150000 0.869603680000 -2.933512150000
-0.090042550000 0.886746120000 0.453402310000 0.388230910000
-0.960613630000 -0.197498540000 0.195488560000 2.304397370000
0.000000000000 0.000000000000 0.000000000000 1.000000000000
17 32 66
-0.369775260000 0.897690110000 -0.239622030000 0.774724790000
0.735963490000 0.440411730000 0.514193790000 -0.988078660000
0.567119030000 0.013783070000 -0.823520510000 5.130399030000
0.000000000000 0.000000000000 0.000000000000 1.000000000000
17 33 66
-0.249367150000 0.968157250000 0.022080870000 -0.349197400000
-0.043068640000 0.011691250000 -0.999003710000 4.166916700000
-0.967450840000 -0.250069700000 0.038781800000 2.792904130000
0.000000000000 0.000000000000 0.000000000000 1.000000000000
17 34 66
-0.834171060000 -0.019475360000 -0.551161820000 -0.018352450000
-0.232766390000 0.918436840000 0.319833660000 -0.023778360000
0.499978450000 0.395087930000 -0.770666640000 5.203605000000
0.000000000000 0.000000000000 0.000000000000 1.000000000000
17 35 66
-0.130005600000 -0.260367630000 -0.956716910000 1.213577880000
0.608450760000 -0.782811700000 0.130359170000 0.863178520000
-0.782870500000 -0.565167710000 0.260190790000 2.144629530000
0.000000000000 0.000000000000 0.000000000000 1.000000000000
17 36 66
0.122866630000 0.497682610000 0.858612730000 -2.936392520000
-0.354035330000 0.830224250000 -0.430565530000 1.670531490000
-0.927126080000 -0.251077100000 0.278204080000 2.435313440000
0.000000000000 0.000000000000 0.000000000000 1.000000000000
17 37 66
-0.468354350000 0.780014530000 0.414995820000 -1.583697710000
0.872142310000 0.332939050000 0.358496000000 -0.880906140000
0.141463780000 0.529838570000 -0.836217130000 4.971136510000
0.000000000000 0.000000000000 0.000000000000 1.000000000000
17 38 66
0.037188260000 0.998924050000 0.027708900000 -0.788510220000
0.870195910000 -0.046003270000 0.490553550000 -0.813084320000
0.491300430000 0.005869330000 -0.870970400000 4.539074380000
0.000000000000 0.000000000000 0.000000000000 1.000000000000
17 39 66
-0.511625600000 0.455565060000 0.728491400000 -3.065766240000
0.859198070000 0.267089780000 0.436396300000 0.341364740000
0.004234300000 0.849189930000 -0.528070580000 4.158157290000
0.000000000000 0.000000000000 0.000000000000 1.000000000000
17 40 66
0.149564530000 -0.290101650000 0.945236210000 -2.851084320000
0.150441840000 -0.938181670000 -0.311740930000 1.595714450000
0.977239840000 0.188828460000 -0.096675270000 2.679256500000
0.000000000000 0.000000000000 0.000000000000 1.000000000000
17 41 66
0.384184750000 0.877452260000 0.287192630000 -1.834796630000
-0.798580910000 0.159714470000 0.580310100000 -0.035425550000
0.463325590000 -0.452292850000 0.762076490000 0.846335190000
0.000000000000 0.000000000000 0.000000000000 1.000000000000
17 42 66
0.561618170000 0.791940220000 -0.239615780000 -0.883707510000
-0.215484150000 -0.139610340000 -0.966475830000 3.573393470000
-0.798843920000 0.594423790000 0.092242860000 2.705966970000
0.000000000000 0.000000000000 0.000000000000 1.000000000000
17 43 66
-0.248394800000 0.965769650000 -0.074759730000 -0.340425640000
-0.395386590000 -0.030630750000 0.918003920000 -1.176492750000
0.884290380000 0.257586390000 0.389460880000 1.888788670000
0.000000000000 0.000000000000 0.000000000000 1.000000000000
17 44 66
-0.168810490000 -0.841637100000 -0.512981490000 0.965228420000
-0.940524680000 0.293217950000 -0.171570850000 1.036273310000
0.294815780000 0.453508790000 -0.841078730000 4.990269800000
0.000000000000 0.000000000000 0.000000000000 1.000000000000
17 45 66
-0.208741890000 0.031110830000 0.977475800000 -3.501992710000
0.175669570000 0.984429770000 0.006182430000 -0.300646260000
-0.962063940000 0.173003290000 -0.210956960000 3.502994740000
0.000000000000 0.000000000000 0.000000000000 1.000000000000
17 46 66
-0.179223350000 0.973331910000 0.143192130000 -1.792971160000
0.641023470000 0.005122420000 0.767504190000 -1.282590310000
0.746302820000 0.229344190000 -0.624846650000 3.900143140000
0.000000000000 0.000000000000 0.000000000000 1.000000000000
17 47 66
0.150610710000 0.929900940000 0.335560220000 -1.761273950000
-0.909088660000 0.263641030000 -0.322569690000 1.337776520000
-0.388425300000 -0.256471540000 0.885069560000 1.124408600000
0.000000000000 0.000000000000 0.000000000000 1.000000000000
17 48 66
-0.351057330000 -0.437623990000 0.827794660000 -3.743695070000
0.268303470000 0.799977480000 0.536702230000 0.105888350000
-0.897090850000 0.410513430000 -0.163421920000 3.616665990000
0.000000000000 0.000000000000 0.000000000000 1.000000000000
17 49 66
0.034838670000 -0.352970660000 -0.934985550000 1.687850740000
0.355542580000 -0.869970180000 0.341674350000 -0.932217140000
-0.934010570000 -0.344330660000 0.095187490000 2.840979030000
0.000000000000 0.000000000000 0.000000000000 1.000000000000
17 51 66
0.969442020000 0.086586240000 0.229532130000 -0.753057890000
-0.209052960000 -0.198019110000 0.957645700000 -2.476122930000
0.128370690000 -0.976366350000 -0.173866940000 4.137545430000
0.000000000000 0.000000000000 0.000000000000 1.000000000000
17 52 66
0.918317500000 0.367813540000 -0.146308450000 0.213407200000
-0.392664940000 0.893187830000 -0.219156910000 1.139543590000
0.050072040000 0.258705830000 0.964657500000 -0.027257470000
0.000000000000 0.000000000000 0.000000000000 1.000000000000
17 53 66
0.836047230000 -0.423020550000 0.349397540000 -1.030269760000
0.018019500000 0.657649730000 0.753108320000 -1.379425890000
-0.548361490000 -0.623338150000 0.557448850000 1.248111530000
0.000000000000 0.000000000000 0.000000000000 1.000000000000
17 54 66
-0.685323470000 0.702865740000 -0.190555750000 0.811986190000
0.126150540000 -0.143130520000 -0.981631140000 3.933516430000
-0.717229240000 -0.696773570000 0.009423810000 2.784477440000
0.000000000000 0.000000000000 0.000000000000 1.000000000000
17 55 66
0.130861610000 -0.954909400000 0.266501930000 -0.570940510000
-0.642160310000 0.123157780000 0.756612380000 -0.689790650000
-0.755318060000 -0.270148470000 -0.597088290000 3.831327130000
0.000000000000 0.000000000000 0.000000000000 1.000000000000
17 56 66
-0.431156680000 -0.517683490000 -0.738991010000 0.949051450000
0.786423220000 0.185891400000 -0.589052550000 2.414025550000
0.442314860000 -0.835133640000 0.326970000000 1.932021650000
0.000000000000 0.000000000000 0.000000000000 1.000000000000
17 57 66
0.176160230000 -0.811629420000 0.556978690000 -2.007006130000
-0.873284840000 -0.389967530000 -0.292059760000 1.993336970000
0.454247900000 -0.434951730000 -0.777480440000 4.476109470000
0.000000000000 0.000000000000 0.000000000000 1.000000000000
17 58 66
0.144151760000 -0.748952380000 0.646753900000 -3.056605020000
0.268269190000 0.658681940000 0.702972080000 -1.063420750000
-0.952497720000 0.072169480000 0.295871010000 2.119453910000
0.000000000000 0.000000000000 0.000000000000 1.000000000000
17 59 66
0.719308260000 0.646539740000 0.254129860000 -2.252342190000
0.493509190000 -0.218117390000 -0.841946250000 3.001377990000
-0.488921570000 0.731034310000 -0.475966950000 4.769951130000
0.000000000000 0.000000000000 0.000000000000 1.000000000000
17 60 66
0.207997340000 0.807301240000 0.552269690000 -2.198242230000
-0.105283220000 0.579816150000 -0.807916260000 2.749891680000
-0.972446680000 0.109899700000 0.205595490000 1.859245770000
0.000000000000 0.000000000000 0.000000000000 1.000000000000
17 61 66
0.425969490000 -0.509852410000 0.747395820000 -2.257623300000
0.749077680000 -0.264524430000 -0.607379170000 2.959971030000
0.507378190000 0.818582520000 0.269239720000 2.531607390000
0.000000000000 0.000000000000 0.000000000000 1.000000000000
17 62 66
0.212179180000 0.530256090000 -0.820858380000 1.221449730000
0.199264350000 0.798860310000 0.567552580000 -0.215859300000
0.956699380000 -0.283990650000 0.063840390000 3.161564990000
0.000000000000 0.000000000000 0.000000000000 1.000000000000
17 63 66
-0.623870960000 -0.419918410000 0.659130910000 -2.189184510000
0.353188710000 0.600863090000 0.717092240000 -0.923182120000
-0.697167670000 0.680170620000 -0.226550590000 3.193295800000
0.000000000000 0.000000000000 0.000000000000 1.000000000000
17 64 66
0.056391820000 -0.489895690000 -0.869955270000 1.370069910000
0.547096160000 -0.713714390000 0.437375770000 0.103296820000
-0.835168100000 -0.500613600000 0.227772400000 2.293232310000
0.000000000000 0.000000000000 0.000000000000 1.000000000000
17 65 66
-0.639763860000 -0.738960510000 -0.211280780000 -0.052658890000
0.565677500000 -0.266632870000 -0.780330620000 2.520404630000
0.520299110000 -0.618744120000 0.588595410000 1.362253110000
0.000000000000 0.000000000000 0.000000000000 1.000000000000
18 20 66
0.276779820000 0.236979360000 -0.931253840000 2.272516080000
-0.156018340000 0.967337460000 0.199791160000 -0.333478700000
0.948183110000 0.089994520000 0.304712610000 1.110331900000
0.000000000000 0.000000000000 0.000000000000 1.000000000000
18 22 66
0.147340680000 0.376980130000 -0.914426980000 1.597804240000
0.794079790000 -0.596275040000 -0.117870090000 0.308623760000
-0.589684670000 -0.708760930000 -0.387207870000 4.485409030000
0.000000000000 0.000000000000 0.000000000000 1.000000000000
18 23 66
-0.937060200000 0.153889220000 -0.313426680000 0.765395260000
0.235066580000 0.941786800000 -0.240377460000 0.045287280000
0.258189610000 -0.298924290000 -0.918685150000 5.995536990000
0.000000000000 0.000000000000 0.000000000000 1.000000000000
18 24 66
0.757651470000 -0.186748080000 0.625371410000 -2.871767880000
0.307964980000 0.947104330000 -0.090282670000 0.046771480000
-0.575431860000 0.260995290000 0.775086860000 0.565942480000
0.000000000000 0.000000000000 0.000000000000 1.000000000000
18 25 66
0.523900950000 -0.684102110000 0.507476200000 -1.505065960000
0.597428590000 0.719784270000 0.353538800000 -0.909652480000
-0.607130020000 0.117961480000 0.785797830000 0.578518400000
0.000000000000 0.000000000000 0.000000000000 1.000000000000
18 26 66
-0.581814920000 -0.518604160000 0.626531020000 -2.186085880000
0.812773660000 -0.398999390000 0.424497890000 -1.259602040000
0.029839130000 0.756207120000 0.653651600000 0.533086450000
0.000000000000 0.000000000000 0.000000000000 1.000000000000
18 27 66
0.880849820000 -0.188609670000 -0.434200390000 0.466492660000
0.209912090000 0.977719600000 0.001136920000 0.132726240000
0.424311800000 -0.092145360000 0.900815590000 0.135113380000
0.000000000000 0.000000000000 0.000000000000 1.000000000000
18 28 66
-0.091577820000 0.528607590000 -0.843912030000 1.984054180000
0.670059470000 -0.594203230000 -0.444907660000 1.716332980000
-0.736636830000 -0.606214920000 -0.299782690000 3.611445210000
0.000000000000 0.000000000000 0.000000000000 1.000000000000
18 29 66
0.730484260000 -0.409156350000 0.546794130000 -1.369205480000
0.356614210000 -0.454297350000 -0.816357910000 2.318240550000
0.582425140000 0.791331160000 -0.185946100000 3.381095370000
0.000000000000 0.000000000000 0.000000000000 1.000000000000
18 30 66
-0.436609440000 -0.807425970000 0.396781430000 -1.454957250000
0.559691860000 0.101519770000 0.822458970000 -1.308955380000
-0.704355890000 0.581168690000 0.407585250000 2.325996680000
0.000000000000 0.000000000000 0.000000000000 1.000000000000
18 31 66
0.537302020000 0.707688300000 -0.458785150000 0.419430860000
0.734231080000 -0.660157010000 -0.158421740000 0.164788790000
-0.414983440000 -0.251733990000 -0.874310440000 4.571218850000
0.000000000000 0.000000000000 0.000000000000 1.000000000000
18 32 66
0.792902560000 -0.608525760000 0.031653340000 -0.911639150000
0.597916380000 0.766961360000 -0.232951210000 1.146572550000
0.117479930000 0.203633660000 0.971973150000 0.200413510000
0.000000000000 0.000000000000 0.000000000000 1.000000000000
18 33 66
-0.284669150000 0.889077790000 -0.358474770000 0.678733880000
-0.567679770000 0.144982530000 0.810382470000 -2.271046870000
0.772465630000 0.434189760000 0.463439420000 2.075114130000
0.000000000000 0.000000000000 0.000000000000 1.000000000000
18 34 66
-0.625047390000 -0.180985080000 0.759315590000 -1.649652890000
-0.576722320000 -0.548453210000 -0.605467130000 2.136624700000
0.526029590000 -0.816359900000 0.238431110000 2.679820260000
0.000000000000 0.000000000000 0.000000000000 1.000000000000
18 35 66
0.992198250000 -0.034802710000 -0.119713850000 -0.124433900000
-0.113361350000 -0.651473100000 -0.750154660000 2.288833130000
-0.051882940000 0.757873060000 -0.650335750000 3.820613640000
0.000000000000 0.000000000000 0.000000000000 1.000000000000
18 36 66
0.886047780000 -0.280396510000 0.369184410000 -1.012077340000
0.262818970000 0.959832210000 0.098225830000 -0.289115530000
-0.381897270000 0.009995890000 0.924150720000 1.084486240000
0.000000000000 0.000000000000 0.000000000000 1.000000000000
18 37 66
0.800236760000 -0.344409330000 0.490920910000 -1.680888330000
-0.444085400000 0.209796810000 0.871076040000 -1.503793560000
-0.403000360000 -0.915077870000 0.014939960000 2.794034110000
0.000000000000 0.000000000000 0.000000000000 1.000000000000
18 38 66
-0.263827530000 0.859658090000 -0.437473440000 1.020434200000
0.211505700000 -0.390946190000 -0.895782570000 2.564826400000
-0.941095310000 -0.328860230000 -0.078680210000 3.659733880000
0.000000000000 0.000000000000 0.000000000000 1.000000000000
18 39 66
0.696940430000 -0.017925870000 -0.716904950000 1.581847310000
-0.396618220000 0.823243420000 -0.406157930000 1.339030590000
0.597468010000 0.567405440000 0.566641890000 1.513520840000
0.000000000000 0.000000000000 0.000000000000 1.000000000000
18 40 66
-0.755292490000 -0.639522290000 0.143333520000 -0.918267820000
0.267885680000 -0.101650920000 0.958073250000 -1.351760850000
-0.598139210000 0.762022530000 0.248095040000 2.202388630000
0.000000000000 0.000000000000 0.000000000000 1.000000000000
18 41 66
-0.836689070000 0.545759720000 -0.045801050000 -0.085706590000
0.493415630000 0.714858830000 -0.495497610000 1.625553820000
-0.237681350000 -0.437176390000 -0.867400940000 4.765030930000
0.000000000000 0.000000000000 0.000000000000 1.000000000000
18 42 66
0.177055410000 0.945339460000 -0.273833310000 0.797203570000
-0.389830010000 0.322833870000 0.862444700000 -1.497619890000
0.903705670000 -0.045952060000 0.425681180000 1.533177610000
0.000000000000 0.000000000000 0.000000000000 1.000000000000
18 43 66
-0.245065130000 0.805409780000 -0.539683390000 1.110277720000
-0.757694490000 0.188176040000 0.624891060000 -1.496141770000
0.604848860000 0.562054140000 0.564139170000 1.735806550000
0.000000000000 0.000000000000 0.000000000000 1.000000000000
18 44 66
-0.898327670000 -0.103283740000 0.427012720000 -1.685146850000
0.437262040000 -0.116093830000 0.891809470000 -1.737650700000
-0.042535870000 0.987853580000 0.149452360000 2.000315340000
0.000000000000 0.000000000000 0.000000000000 1.000000000000
18 45 66
-0.713501350000 -0.240927120000 0.657928520000 -1.849397280000
0.655025670000 0.103956700000 0.748421260000 -2.022438370000
-0.248711050000 0.964959650000 0.083640200000 1.986724930000
0.000000000000 0.000000000000 0.000000000000 1.000000000000
18 46 66
-0.486191050000 0.867985000000 -0.101095460000 0.081808650000
0.257819850000 0.031942230000 -0.965664860000 2.746569160000
-0.834953400000 -0.495562030000 -0.239313790000 3.932038210000
0.000000000000 0.000000000000 0.000000000000 1.000000000000
18 47 66
-0.131063770000 -0.771073480000 0.623111520000 -1.462336230000
0.652536400000 0.406081370000 0.639761020000 -1.400764850000
-0.746336740000 0.490452440000 0.449930960000 2.238157370000
0.000000000000 0.000000000000 0.000000000000 1.000000000000
18 48 66
0.371540780000 0.808768990000 -0.455905880000 0.884306070000
-0.914508990000 0.403488770000 -0.029497710000 0.133702130000
0.160096070000 0.427889630000 0.889539050000 1.284279460000
0.000000000000 0.000000000000 0.000000000000 1.000000000000
18 49 66
0.671751270000 -0.351897510000 0.651857630000 -1.937945660000
0.249579620000 -0.721005020000 -0.646422290000 1.982553160000
0.697467020000 0.596925370000 -0.396509590000 3.713081280000
0.000000000000 0.000000000000 0.000000000000 1.000000000000
18 50 66
-0.437820050000 0.743519520000 -0.505462490000 1.538926260000
0.830789370000 0.119678100000 -0.543568000000 1.427483990000
-0.343660630000 -0.657917840000 -0.670105580000 4.940938930000
0.000000000000 0.000000000000 0.000000000000 1.000000000000
18 51 66
0.818363930000 -0.562077100000 0.119790720000 -0.054479240000
0.315798490000 0.613964880000 0.723407520000 -1.998792550000
-0.480158100000 -0.554180890000 0.679949810000 0.695625950000
0.000000000000 0.000000000000 0.000000000000 1.000000000000
18 52 66
0.997992730000 -0.003372040000 0.063238760000 0.023466470000
0.001269250000 0.999445850000 0.033262280000 -0.109795020000
-0.063315880000 -0.033115240000 0.997443970000 -0.128399050000
0.000000000000 0.000000000000 0.000000000000 1.000000000000
18 53 66
0.313347040000 0.605484500000 -0.731575120000 1.116972620000
-0.132738700000 0.790735250000 0.597593670000 -1.570390780000
0.940315940000 -0.090145880000 0.328145780000 1.074937150000
0.000000000000 0.000000000000 0.000000000000 1.000000000000
18 54 66
-0.970228540000 -0.078017290000 -0.229281250000 0.236161270000
0.085074510000 -0.996152370000 -0.021042290000 1.251067910000
-0.226757390000 -0.039921810000 0.973132740000 0.484192750000
0.000000000000 0.000000000000 0.000000000000 1.000000000000
18 55 66
0.862045840000 -0.257420100000 0.436591190000 -0.251180470000
0.098526430000 0.930095470000 0.353857260000 -0.950116360000
-0.497161460000 -0.262025400000 0.827147610000 1.182546310000
0.000000000000 0.000000000000 0.000000000000 1.000000000000
18 56 66
0.886124993000 -0.208212416000 0.414041166000 -2.288088620000
-0.190311670000 -0.978075959000 -0.084551088000 0.628653145000
0.422568297000 -0.003874033470 -0.906322805000 4.738735520000
0.000000000000 0.000000000000 0.000000000000 1.000000000000
18 57 66
0.765025640000 0.153379370000 -0.625468250000 1.164746540000
-0.134807600000 0.987847580000 0.077356720000 0.022144870000
0.629732230000 0.025138000000 0.776405440000 0.726000680000
0.000000000000 0.000000000000 0.000000000000 1.000000000000
18 58 66
0.631462060000 -0.391125980000 0.669534270000 -2.421628480000
0.226049760000 0.918811950000 0.323552330000 -0.366703930000
-0.741725810000 -0.052962960000 0.668608820000 0.784879100000
0.000000000000 0.000000000000 0.000000000000 1.000000000000
18 59 66
0.988363080000 -0.084446140000 -0.126519810000 -0.830004480000
0.086923940000 0.996113980000 0.014183030000 0.315239730000
0.124830450000 -0.025015590000 0.991862680000 0.269665730000
0.000000000000 0.000000000000 0.000000000000 1.000000000000
18 60 66
0.677484360000 -0.614642450000 0.404016830000 -1.006634360000
0.203789140000 -0.370924840000 -0.906026900000 2.237464020000
0.706742470000 0.696153300000 -0.126038320000 3.186120040000
0.000000000000 0.000000000000 0.000000000000 1.000000000000
18 61 66
0.989874190000 0.010435170000 0.141563390000 -0.754105070000
-0.066774230000 0.914289580000 0.399519410000 -0.462252410000
-0.125260880000 -0.404926740000 0.905728460000 0.631554570000
0.000000000000 0.000000000000 0.000000000000 1.000000000000
18 62 66
-0.970387970000 0.213636020000 -0.112724590000 0.157886020000
0.027592370000 0.561650910000 0.826914090000 -1.623498570000
0.239970500000 0.799317150000 -0.550914010000 3.759989500000
0.000000000000 0.000000000000 0.000000000000 1.000000000000
18 63 66
-0.865649670000 -0.027807980000 0.499877350000 -2.138678040000
0.259089190000 0.829476620000 0.494814450000 -0.892037900000
-0.428396360000 0.557848780000 -0.710831410000 4.571213000000
0.000000000000 0.000000000000 0.000000000000 1.000000000000
18 64 66
0.261427610000 -0.808915670000 0.526603310000 -1.764670320000
-0.616838660000 -0.559646450000 -0.553449110000 1.698106630000
0.742405330000 -0.180142400000 -0.645277490000 4.772338130000
0.000000000000 0.000000000000 0.000000000000 1.000000000000
18 65 66
0.931596380000 -0.007735980000 -0.363412090000 0.746605300000
-0.006343460000 0.999275260000 -0.037532910000 0.139073340000
0.363439060000 0.037270810000 0.930872140000 0.693439650000
0.000000000000 0.000000000000 0.000000000000 1.000000000000
19 21 66
0.818004020000 -0.112697330000 0.564064470000 -1.839913230000
0.269483820000 0.941427880000 -0.202711660000 0.747071560000
-0.508180960000 0.317825210000 0.800461900000 0.469468870000
0.000000000000 0.000000000000 0.000000000000 1.000000000000
19 22 66
0.764627870000 -0.452120000000 0.459273040000 -1.676850390000
0.644390370000 0.525000180000 -0.555999880000 1.345794710000
0.010260240000 0.721084130000 0.692771540000 0.786662350000
0.000000000000 0.000000000000 0.000000000000 1.000000000000
19 23 66
0.989682800000 -0.142355250000 0.016215550000 0.365663160000
0.133391740000 0.956795850000 0.258357030000 -1.553363020000
-0.052293450000 -0.253528480000 0.965913400000 0.476930160000
0.000000000000 0.000000000000 0.000000000000 1.000000000000
19 24 66
-0.963738070000 -0.250533210000 0.091880600000 -0.152311960000
-0.213785790000 0.518822010000 -0.827719370000 2.186660280000
0.159701510000 -0.817347440000 -0.553568960000 4.958660910000
0.000000000000 0.000000000000 0.000000000000 1.000000000000
19 25 66
0.401313150000 -0.898101340000 0.179893700000 -0.985105690000
-0.658060010000 -0.419322130000 -0.625400660000 2.864709520000
0.637106580000 0.132600660000 -0.759284060000 4.855391200000
0.000000000000 0.000000000000 0.000000000000 1.000000000000
19 26 66
0.887371210000 0.442457150000 -0.129630240000 0.649192720000
0.064173270000 0.159894010000 0.985046040000 -2.579485430000
0.456567760000 -0.882420290000 0.113491420000 2.319607830000
0.000000000000 0.000000000000 0.000000000000 1.000000000000
19 27 66
-0.788638400000 0.611620750000 0.063004270000 0.322497490000
0.481765820000 0.678346290000 -0.554750400000 2.170068650000
-0.382035570000 -0.407144160000 -0.829627900000 5.598584130000
0.000000000000 0.000000000000 0.000000000000 1.000000000000
19 28 66
-0.431096070000 0.821078940000 -0.374146440000 0.732324190000
-0.881530820000 -0.471723410000 -0.019504890000 0.496844390000
-0.192508690000 0.321413140000 0.927164490000 0.856396770000
0.000000000000 0.000000000000 0.000000000000 1.000000000000
19 29 66
-0.501666410000 0.065533790000 -0.862575290000 1.778310270000
0.264701240000 0.960927500000 -0.080941920000 0.887015360000
0.823567890000 -0.268930590000 -0.499411930000 3.721289660000
0.000000000000 0.000000000000 0.000000000000 1.000000000000
19 30 66
0.965595020000 -0.258361380000 0.029591530000 -0.950653550000
0.057270110000 0.322266520000 0.944915040000 -1.212791340000
-0.253665910000 -0.910710540000 0.325975330000 1.685039490000
0.000000000000 0.000000000000 0.000000000000 1.000000000000
19 31 66
-0.973965393000 -0.200715487000 -0.105378872000 0.780841983000
-0.000678892906 -0.462260554000 0.886743886000 -1.312235460000
-0.226695726000 0.863729399000 0.450089517000 2.113283420000
0.000000000000 0.000000000000 0.000000000000 1.000000000000
19 32 66
0.518363410000 0.569052840000 -0.638340220000 1.345903570000
-0.180132350000 0.802366700000 0.568999130000 -0.674789880000
0.835973510000 -0.179962600000 0.518422370000 0.994204460000
0.000000000000 0.000000000000 0.000000000000 1.000000000000
19 33 66
-0.981604190000 -0.172825840000 -0.081144580000 0.194865720000
0.164841850000 -0.552703440000 -0.816912530000 2.399039440000
0.096334710000 -0.815260780000 0.571024940000 1.158963500000
0.000000000000 0.000000000000 0.000000000000 1.000000000000
19 34 66
-0.938125810000 -0.081818500000 0.336490250000 -1.359631240000
0.249009840000 0.515881690000 0.819670780000 -1.617041870000
-0.240653390000 0.852743700000 -0.463588320000 3.804114810000
0.000000000000 0.000000000000 0.000000000000 1.000000000000
19 35 66
-0.867038820000 -0.449943600000 -0.213996370000 0.175763230000
-0.108843700000 0.590179640000 -0.799900650000 1.963791370000
0.486206470000 -0.670252750000 -0.560682180000 4.315036950000
0.000000000000 0.000000000000 0.000000000000 1.000000000000
19 36 66
0.034685150000 0.440984200000 -0.896844400000 1.935878430000
-0.141299550000 0.890533770000 0.432416510000 -0.549750080000
0.989359070000 0.111725280000 0.093199170000 2.077306590000
0.000000000000 0.000000000000 0.000000000000 1.000000000000
19 37 66
0.573758480000 -0.262790950000 0.775720390000 -1.911602900000
0.063419390000 0.958538490000 0.277816370000 -0.296720700000
-0.816565480000 -0.110203790000 0.566635630000 2.060174830000
0.000000000000 0.000000000000 0.000000000000 1.000000000000
19 38 66
-0.532843310000 0.353366340000 -0.768901970000 2.035912840000
-0.088220610000 0.880489300000 0.465785050000 -0.647957160000
0.841602720000 0.316023450000 -0.437988640000 3.343965320000
0.000000000000 0.000000000000 0.000000000000 1.000000000000
19 39 66
-0.094085000000 -0.447705470000 0.889217540000 -2.275611610000
0.943787930000 0.244181360000 0.222799940000 0.116062300000
-0.316879100000 0.860194910000 0.399565210000 1.726207500000
0.000000000000 0.000000000000 0.000000000000 1.000000000000
19 40 66
-0.977260250000 -0.199966650000 0.070538960000 -0.097809020000
0.106970830000 -0.177696170000 0.978254220000 -1.495016730000
-0.183083720000 0.963554570000 0.195046000000 2.715831450000
0.000000000000 0.000000000000 0.000000000000 1.000000000000
19 41 66
0.906887270000 -0.339923990000 0.249012350000 -0.387989290000
0.100768830000 0.748762590000 0.655133750000 -0.995549110000
-0.409146810000 -0.569039780000 0.713297000000 1.047511370000
0.000000000000 0.000000000000 0.000000000000 1.000000000000
19 42 66
0.175335920000 -0.962554970000 0.206749250000 -0.501366460000
-0.136375480000 -0.231724100000 -0.963174790000 3.178671290000
0.975017460000 0.140683610000 -0.171898450000 2.844560130000
0.000000000000 0.000000000000 0.000000000000 1.000000000000
19 43 66
0.371074220000 -0.582149200000 0.723468200000 -1.867664170000
0.665789720000 0.709891680000 0.229734320000 0.186378980000
-0.647323710000 0.396429200000 0.651011450000 0.873201480000
0.000000000000 0.000000000000 0.000000000000 1.000000000000
19 44 66
0.962369340000 0.132628460000 -0.237181240000 1.221498780000
-0.132895380000 0.991017520000 0.014936660000 -0.224156550000
0.237031780000 0.017145710000 0.971350580000 0.008616080000
0.000000000000 0.000000000000 0.000000000000 1.000000000000
19 45 66
0.426920680000 -0.820794050000 0.379520580000 -0.913490700000
0.744516160000 0.557245290000 0.367659320000 -1.207717490000
-0.513258640000 0.125597830000 0.848993970000 0.927283880000
0.000000000000 0.000000000000 0.000000000000 1.000000000000
19 46 66
0.931706600000 -0.274225250000 0.238166580000 -0.805747160000
0.296504370000 0.952973070000 -0.062669620000 0.064896920000
-0.209780750000 0.129007130000 0.969200290000 0.241473110000
0.000000000000 0.000000000000 0.000000000000 1.000000000000
19 47 66
-0.839156480000 0.542036820000 -0.044860880000 0.564147320000
0.102603080000 0.238765290000 0.965641620000 -2.105094860000
0.534124530000 0.805721550000 -0.255976090000 3.653694520000
0.000000000000 0.000000000000 0.000000000000 1.000000000000
19 48 66
-0.856055000000 0.299962520000 -0.420942190000 0.996406450000
-0.515438920000 -0.434532960000 0.738582310000 -1.392192420000
0.038633750000 0.849237060000 0.526596470000 2.233271650000
0.000000000000 0.000000000000 0.000000000000 1.000000000000
19 49 66
0.276521540000 -0.580868980000 0.765589350000 -2.368440830000
-0.678708640000 -0.682044820000 -0.272340680000 0.996245030000
0.680360510000 -0.444304040000 -0.582840880000 4.228839740000
0.000000000000 0.000000000000 0.000000000000 1.000000000000
19 50 66
0.271919640000 0.956322160000 -0.107273620000 -0.883347850000
-0.738986810000 0.278915540000 0.613273690000 -0.902941920000
0.616407500000 -0.087487370000 0.782552070000 0.230156680000
0.000000000000 0.000000000000 0.000000000000 1.000000000000
19 51 66
0.993223620000 -0.113700030000 0.024065550000 -0.243793170000
0.115135490000 0.990846750000 -0.070473660000 0.336495030000
-0.015832410000 0.072766900000 0.997223300000 -0.774088310000
0.000000000000 0.000000000000 0.000000000000 1.000000000000
19 52 66
0.986295229000 -0.005285590180 -0.164905377000 0.469502516000
-0.038275686100 -0.979549479000 -0.197529214000 1.131312690000
-0.160488917000 0.201133988000 -0.966327287000 5.869283440000
0.000000000000 0.000000000000 0.000000000000 1.000000000000
19 53 66
0.991201000000 -0.019804050000 0.130875390000 -0.358678400000
-0.038707970000 -0.988890010000 0.143520900000 0.453031120000
0.126579070000 -0.147323990000 -0.980955340000 5.635443000000
0.000000000000 0.000000000000 0.000000000000 1.000000000000
19 54 66
-0.274745180000 0.148158640000 -0.950033740000 2.203399000000
-0.687119970000 0.660904460000 0.301780450000 -0.718584470000
0.672592920000 0.735699880000 -0.079777550000 2.503588240000
0.000000000000 0.000000000000 0.000000000000 1.000000000000
19 55 66
0.991924140000 0.126044430000 0.014117710000 0.391227260000
-0.120254800000 0.970017390000 -0.211199050000 0.161220730000
-0.040314890000 0.207795710000 0.977341110000 0.342574850000
0.000000000000 0.000000000000 0.000000000000 1.000000000000
19 56 66
-0.887063450000 0.429994820000 -0.167996720000 0.699569250000
-0.117526140000 -0.562261400000 -0.818565650000 2.409805260000
-0.446437060000 -0.706375660000 0.549297160000 1.566430000000
0.000000000000 0.000000000000 0.000000000000 1.000000000000
19 57 66
0.968524330000 -0.155275110000 0.194551440000 -0.331005310000
0.238458220000 0.802971710000 -0.546236310000 1.031992840000
-0.071402400000 0.575435550000 0.814724270000 0.897128340000
0.000000000000 0.000000000000 0.000000000000 1.000000000000
19 58 66
-0.472586680000 -0.428913470000 0.769866910000 -2.333324150000
0.183695680000 0.806443640000 0.562053870000 -0.882821640000
-0.861926750000 0.407040390000 -0.302324980000 3.314267740000
0.000000000000 0.000000000000 0.000000000000 1.000000000000
19 59 66
-0.837794250000 0.004377090000 -0.545968530000 1.611745720000
0.496151850000 -0.411275900000 -0.764647290000 2.260538090000
-0.227890630000 -0.911500400000 0.342392880000 2.301875060000
0.000000000000 0.000000000000 0.000000000000 1.000000000000
19 60 66
-0.728780200000 0.626154840000 0.277145350000 -0.919457070000
-0.538668330000 -0.774128120000 0.332508770000 -0.520344270000
0.422747980000 0.093036390000 0.901459030000 1.023175740000
0.000000000000 0.000000000000 0.000000000000 1.000000000000
19 61 66
0.797572200000 -0.402059320000 0.449696450000 -0.534424540000
0.372752690000 0.914617100000 0.156623740000 0.136552540000
-0.474272090000 0.042706820000 0.879341860000 0.550076740000
0.000000000000 0.000000000000 0.000000000000 1.000000000000
19 62 66
0.188872810000 -0.409729470000 0.892439820000 -1.831868590000
0.249797960000 0.898948310000 0.359851240000 -0.430968550000
-0.949698920000 0.154963530000 0.272136480000 1.285770470000
0.000000000000 0.000000000000 0.000000000000 1.000000000000
19 63 66
0.996903800000 0.045136380000 0.064385770000 0.194290860000
-0.065633360000 0.928593490000 0.365248400000 -0.431838220000
-0.043302210000 -0.368343370000 0.928680830000 0.224507740000
0.000000000000 0.000000000000 0.000000000000 1.000000000000
19 64 66
0.959010590000 -0.084947210000 0.270338030000 -0.178910150000
0.074370620000 0.996018780000 0.049148820000 0.360351900000
-0.273436810000 -0.027029030000 0.961510140000 -0.116423880000
0.000000000000 0.000000000000 0.000000000000 1.000000000000
19 65 66
-0.826407360000 -0.279136530000 0.489012970000 -1.447909010000
0.429867660000 -0.873699970000 0.227732650000 -0.189804840000
0.363682110000 0.398410800000 0.842023850000 0.780293610000
0.000000000000 0.000000000000 0.000000000000 1.000000000000
20 22 66
0.864074300000 0.290997930000 -0.410725960000 0.921914600000
-0.115995990000 0.909112640000 0.400073920000 -1.151740010000
0.489816840000 -0.298051030000 0.819295460000 -0.282020930000
0.000000000000 0.000000000000 0.000000000000 1.000000000000
20 23 66
-0.643796070000 0.479872340000 -0.596027820000 1.637607540000
-0.419052460000 0.430630330000 0.799345080000 -2.905828550000
0.640251250000 0.764382140000 -0.076146430000 2.503505050000
0.000000000000 0.000000000000 0.000000000000 1.000000000000
20 24 66
0.081067040000 -0.711880150000 0.697606470000 -1.592115220000
0.330688000000 0.679475220000 0.654949520000 -1.745471160000
-0.940251870000 0.177595270000 0.290493260000 1.132214350000
0.000000000000 0.000000000000 0.000000000000 1.000000000000
20 25 66
0.986126530000 -0.131037050000 0.101900740000 -0.638750690000
0.087490780000 0.931982700000 0.351786310000 -0.932123190000
-0.141066760000 -0.337990430000 0.930517400000 0.125664960000
0.000000000000 0.000000000000 0.000000000000 1.000000000000
20 26 66
-0.296538240000 -0.882621680000 0.364752040000 -1.161285520000
0.399183780000 0.232414850000 0.886924830000 -2.020668580000
-0.867592870000 0.408610220000 0.283408370000 1.478038910000
0.000000000000 0.000000000000 0.000000000000 1.000000000000
20 27 66
-0.845208770000 -0.233696840000 -0.480632830000 1.801733370000
-0.362373820000 0.911620850000 0.193991360000 -0.484492860000
0.392819740000 0.338131950000 -0.855195550000 5.379184080000
0.000000000000 0.000000000000 0.000000000000 1.000000000000
20 28 66
0.768035240000 -0.125770770000 0.627935970000 -1.627329670000
-0.247973620000 0.845629880000 0.472672390000 -0.530166350000
-0.590449790000 -0.518740610000 0.618285720000 0.983389610000
0.000000000000 0.000000000000 0.000000000000 1.000000000000
20 29 66
-0.526774050000 0.188698460000 -0.828795500000 1.790246650000
0.814204620000 -0.167980700000 -0.555745740000 1.341440540000
-0.244090020000 -0.967561560000 -0.065151290000 3.049399170000
0.000000000000 0.000000000000 0.000000000000 1.000000000000
20 30 66
0.997889080000 0.023326820000 -0.060607290000 0.010488590000
0.012430510000 0.847395870000 0.530816090000 -0.553209570000
0.063740620000 -0.530448960000 0.845317120000 1.059344410000
0.000000000000 0.000000000000 0.000000000000 1.000000000000
20 31 66
-0.355218320000 0.735438890000 -0.577017840000 2.091272300000
-0.816858090000 0.055907130000 0.574123030000 -0.922403340000
0.454491810000 0.675280710000 0.580889970000 1.551441350000
0.000000000000 0.000000000000 0.000000000000 1.000000000000
20 32 66
0.906331930000 -0.142324970000 0.397876900000 -1.447504400000
0.024675380000 0.957791160000 0.286403960000 -0.133963150000
-0.421845410000 -0.249759290000 0.871588630000 0.667673620000
0.000000000000 0.000000000000 0.000000000000 1.000000000000
20 33 66
-0.630683900000 -0.407777980000 0.660268840000 -0.962368780000
0.775488490000 -0.299097960000 0.556019790000 -2.155063550000
-0.029247560000 0.862703620000 0.504863400000 1.806445710000
0.000000000000 0.000000000000 0.000000000000 1.000000000000
20 34 66
0.361401560000 0.458382770000 -0.811956990000 1.562065750000
-0.332763520000 0.876877810000 0.346920370000 -0.585577590000
0.871009390000 0.144812100000 0.469438070000 1.558695710000
0.000000000000 0.000000000000 0.000000000000 1.000000000000
20 35 66
0.002817350000 0.499625010000 -0.866237210000 2.005071630000
-0.349009500000 0.812261570000 0.467358020000 -0.539327430000
0.937114950000 0.301008300000 0.176662300000 1.441873810000
0.000000000000 0.000000000000 0.000000000000 1.000000000000
20 36 66
0.106321410000 -0.402065270000 0.909417000000 -2.676955030000
0.494834450000 0.814697190000 0.302336500000 -0.573448960000
-0.862458480000 0.417866020000 0.285575500000 1.996300800000
0.000000000000 0.000000000000 0.000000000000 1.000000000000
20 37 66
-0.261322920000 0.333657910000 0.905749820000 -1.475188650000
0.965072910000 0.072268330000 0.251816520000 -1.215418530000
0.018563540000 0.939920040000 -0.340889580000 3.729881830000
0.000000000000 0.000000000000 0.000000000000 1.000000000000
20 38 66
-0.017765200000 -0.874860920000 0.484048310000 -1.650251670000
0.971502420000 0.099343280000 0.215206800000 -1.179733900000
-0.236362970000 0.474077300000 0.848164640000 1.110377180000
0.000000000000 0.000000000000 0.000000000000 1.000000000000
20 39 66
0.608135930000 0.236913640000 -0.757656010000 1.349295320000
0.420914540000 -0.905448220000 0.054721700000 0.137319770000
-0.673053970000 -0.352186660000 -0.650355990000 4.665621670000
0.000000000000 0.000000000000 0.000000000000 1.000000000000
20 40 66
0.979684200000 -0.200047770000 0.014133300000 -0.111218820000
0.151870020000 0.786077570000 0.599180730000 -0.934245780000
-0.130974640000 -0.584861470000 0.800489040000 1.327506490000
0.000000000000 0.000000000000 0.000000000000 1.000000000000
20 41 66
0.637753530000 0.711712790000 0.294508650000 -0.859019780000
-0.585167100000 0.199068370000 0.786098750000 -1.467216090000
0.500849170000 -0.673674030000 0.543427470000 1.093500830000
0.000000000000 0.000000000000 0.000000000000 1.000000000000
20 42 66
0.637663349000 -0.667281606000 0.384864536000 -0.487189036000
-0.267240018000 0.276959265000 0.922971472000 -1.795797390000
-0.722473685000 -0.691396286000 -0.001717575790 2.460831600000
0.000000000000 0.000000000000 0.000000000000 1.000000000000
20 43 66
-0.694217860000 0.531180650000 -0.485704310000 1.287616680000
-0.656063020000 -0.189429360000 0.730546250000 -1.572965210000
0.296045380000 0.825810900000 0.479993230000 1.350315840000
0.000000000000 0.000000000000 0.000000000000 1.000000000000
20 44 66
0.976731750000 -0.026033250000 -0.212878720000 0.418179770000
0.024472400000 0.999650850000 -0.009964350000 -0.035023920000
0.213063800000 0.004522840000 0.977027820000 0.045260440000
0.000000000000 0.000000000000 0.000000000000 1.000000000000
20 45 66
0.888896000000 0.024178270000 -0.457470560000 1.430788970000
-0.099601620000 0.984918060000 -0.141477670000 -0.360764750000
0.447150330000 0.171323750000 0.877897920000 0.158015940000
0.000000000000 0.000000000000 0.000000000000 1.000000000000
20 47 66
0.645538070000 0.304345840000 -0.700467140000 0.943967930000
-0.071477260000 0.937218350000 0.341339650000 -0.089175120000
0.760375960000 -0.170280270000 0.626763930000 0.496901470000
0.000000000000 0.000000000000 0.000000000000 1.000000000000
20 48 66
0.209461560000 0.634128290000 -0.744316580000 1.388882940000
-0.302647600000 0.765867560000 0.567319410000 -0.255450330000
0.929801210000 0.106434020000 0.352337220000 1.408822720000
0.000000000000 0.000000000000 0.000000000000 1.000000000000
20 49 66
0.047913430000 0.936377280000 -0.347709500000 0.988448510000
0.878242850000 -0.205316920000 -0.431896360000 0.714171130000
-0.475808580000 -0.284679750000 -0.832204080000 4.669236900000
0.000000000000 0.000000000000 0.000000000000 1.000000000000
20 50 66
0.852807600000 0.341109910000 -0.395427900000 1.185475060000
-0.163005810000 0.893239440000 0.418989750000 -1.299861220000
0.496133350000 -0.292860600000 0.817364280000 0.099688520000
0.000000000000 0.000000000000 0.000000000000 1.000000000000
20 53 66
0.786307500000 0.562264880000 -0.256083450000 0.613378670000
-0.316730370000 0.722717720000 0.614297130000 -1.351181840000
0.530473750000 -0.401917040000 0.746364720000 -0.037285990000
0.000000000000 0.000000000000 0.000000000000 1.000000000000
20 54 66
0.702749100000 0.696070470000 -0.147070030000 -0.165624800000
-0.213085570000 0.403168740000 0.889971630000 -2.435522780000
0.678777010000 -0.594088270000 0.431649040000 1.204763790000
0.000000000000 0.000000000000 0.000000000000 1.000000000000
20 55 66
0.991442240000 0.080040530000 0.103129970000 0.427339700000
0.092656800000 -0.987946760000 -0.123999680000 1.403752050000
0.091961920000 0.132494220000 -0.986908450000 5.261021850000
0.000000000000 0.000000000000 0.000000000000 1.000000000000
20 56 66
0.913285340000 0.346388590000 -0.214300800000 0.780972070000
0.234843650000 -0.877664890000 -0.417795180000 1.250901230000
-0.332803770000 0.331239030000 -0.882905630000 4.931168350000
0.000000000000 0.000000000000 0.000000000000 1.000000000000
20 57 66
-0.384341790000 0.050010130000 0.921835330000 -1.612311900000
0.919504190000 0.109885760000 0.377408500000 -1.096220310000
-0.082422330000 0.992685300000 -0.088218210000 3.086754480000
0.000000000000 0.000000000000 0.000000000000 1.000000000000
20 58 66
0.573389860000 -0.462813170000 0.676038490000 -2.049892040000
0.013287320000 0.830303740000 0.557152720000 -1.082042240000
-0.819174900000 -0.310482970000 0.482237290000 1.365887560000
0.000000000000 0.000000000000 0.000000000000 1.000000000000
20 59 66
0.967108330000 -0.050938830000 0.249212180000 -0.207548940000
0.010968600000 0.987183120000 0.159214240000 -0.148748740000
-0.254128240000 -0.151243910000 0.955271750000 0.611479770000
0.000000000000 0.000000000000 0.000000000000 1.000000000000
20 60 66
-0.043908178600 -0.928075996000 -0.369793210000 1.327186650000
-0.001153344720 -0.370102857000 0.928990067000 -1.426014330000
-0.999034905000 0.041216760800 0.015180150800 2.744387310000
0.000000000000 0.000000000000 0.000000000000 1.000000000000
20 61 66
-0.987184380000 -0.019906990000 -0.158337360000 0.529228640000
-0.111256710000 -0.625456030000 0.772286670000 -1.342503630000
-0.114406960000 0.780005430000 0.615225630000 1.360003420000
0.000000000000 0.000000000000 0.000000000000 1.000000000000
20 62 66
-0.811571130000 0.582880290000 0.040035970000 -0.683922320000
-0.035694180000 0.018931700000 -0.999183420000 3.010654950000
-0.583162270000 -0.812337470000 0.005441010000 2.351159470000
0.000000000000 0.000000000000 0.000000000000 1.000000000000
20 63 66
0.990357740000 -0.138337370000 -0.007369620000 0.050486330000
0.131211530000 0.919619730000 0.370247330000 -0.569889960000
-0.044441800000 -0.367644290000 0.928903980000 0.345116040000
0.000000000000 0.000000000000 0.000000000000 1.000000000000
20 64 66
0.889935850000 -0.322162840000 0.322839420000 -1.048096890000
0.234126780000 0.930160150000 0.282819300000 -0.350940280000
-0.391406230000 -0.176105680000 0.903209810000 -0.124342150000
0.000000000000 0.000000000000 0.000000000000 1.000000000000
20 65 66
0.951287070000 -0.077303610000 -0.298457790000 0.260137270000
-0.216791730000 -0.856030460000 -0.469268790000 1.274658440000
-0.219212790000 0.511112520000 -0.831089490000 4.720561960000
0.000000000000 0.000000000000 0.000000000000 1.000000000000
21 23 66
-0.975638849000 0.186301057000 0.115847967000 -0.777864248000
-0.001101636430 -0.532216766000 0.846607406000 -2.164880000000
0.219380085000 0.825855454000 0.519456589000 0.747884544000
0.000000000000 0.000000000000 0.000000000000 1.000000000000
21 24 66
-0.921412820000 0.094460010000 0.376929330000 -1.159300230000
0.379604980000 0.011476380000 0.925077490000 -2.657218970000
0.083057050000 0.995462500000 -0.046431970000 2.894854740000
0.000000000000 0.000000000000 0.000000000000 1.000000000000
21 25 66
-0.069548660000 -0.649566120000 0.757117460000 -2.684772050000
0.307120070000 0.708150640000 0.635767210000 -1.712917320000
-0.949126040000 0.276742720000 0.150243860000 1.995277310000
0.000000000000 0.000000000000 0.000000000000 1.000000000000
21 26 66
-0.574072000000 -0.695307120000 0.432422650000 -1.363338880000
-0.046837610000 -0.499364300000 -0.865125160000 3.321756580000
0.817464120000 -0.516897770000 0.254104540000 2.006814740000
0.000000000000 0.000000000000 0.000000000000 1.000000000000
21 27 66
0.271808720000 0.765423060000 -0.583307430000 1.311828640000
-0.714464300000 0.566570100000 0.410535120000 -1.337381010000
0.644717600000 0.305165310000 0.700866140000 1.291729500000
0.000000000000 0.000000000000 0.000000000000 1.000000000000
21 28 66
0.770509780000 0.147876300000 0.620038120000 -1.584448360000
-0.600608440000 0.494233560000 0.628492400000 -1.077712250000
-0.213504520000 -0.856659670000 0.469627550000 1.168398410000
0.000000000000 0.000000000000 0.000000000000 1.000000000000
21 29 66
-0.566330490000 0.540154900000 -0.622496960000 0.138240300000
-0.262118890000 0.598033930000 0.757396270000 -1.183461450000
0.781385610000 0.592104810000 -0.197100040000 2.722277870000
0.000000000000 0.000000000000 0.000000000000 1.000000000000
21 30 66
-0.959212960000 0.158486870000 -0.234077780000 0.934958330000
0.188546110000 -0.258266740000 -0.947495990000 2.091569770000
-0.210620180000 -0.952984890000 0.217850720000 2.080489640000
0.000000000000 0.000000000000 0.000000000000 1.000000000000
21 31 66
-0.822214960000 0.415808540000 -0.388671870000 2.143223930000
-0.494171900000 -0.182687020000 0.849952700000 -1.805643010000
0.282412280000 0.890914540000 0.355688890000 2.252143930000
0.000000000000 0.000000000000 0.000000000000 1.000000000000
21 32 66
-0.513809170000 0.371666410000 -0.773216800000 1.949207480000
0.696091750000 -0.346200070000 -0.628968820000 1.580444610000
-0.501454290000 -0.861399790000 -0.080833150000 2.492917430000
0.000000000000 0.000000000000 0.000000000000 1.000000000000
21 33 66
0.742685150000 0.556563590000 -0.372365060000 1.300407720000
-0.598144020000 0.801374320000 0.004788550000 0.175292710000
0.301068930000 0.219171550000 0.928073990000 0.247090400000
0.000000000000 0.000000000000 0.000000000000 1.000000000000
21 34 66
0.735028070000 0.195793870000 -0.649152140000 0.814478190000
-0.125224690000 0.980129980000 0.153831090000 -0.381550250000
0.666372650000 -0.031780300000 0.744941270000 0.951670310000
0.000000000000 0.000000000000 0.000000000000 1.000000000000
21 35 66
0.704216940000 0.245756190000 0.666094890000 -2.375917930000
-0.326286410000 0.945263340000 -0.003795100000 0.117220640000
-0.630567750000 -0.214665130000 0.745857360000 1.288396410000
0.000000000000 0.000000000000 0.000000000000 1.000000000000
21 36 66
-0.842462780000 -0.169450320000 0.511412810000 -1.060624820000
0.294516720000 0.650006780000 0.700536290000 -1.568125290000
-0.451127890000 0.740795370000 -0.497700570000 3.866016720000
0.000000000000 0.000000000000 0.000000000000 1.000000000000
21 37 66
0.535974770000 -0.343886700000 0.771020740000 -1.952164470000
0.121986160000 0.935240350000 0.332332450000 -0.666322810000
-0.835374420000 -0.084067950000 0.543214650000 1.270096640000
0.000000000000 0.000000000000 0.000000000000 1.000000000000
21 38 66
-0.122646470000 0.712455820000 -0.690915730000 1.490539630000
-0.413174990000 0.596317750000 0.688252550000 -1.606413830000
0.902354850000 0.369880850000 0.221232660000 1.854037900000
0.000000000000 0.000000000000 0.000000000000 1.000000000000
21 39 66
0.948639570000 0.070704500000 -0.308356680000 0.678835140000
-0.013991020000 0.983127940000 0.182383390000 -0.531797090000
0.316049390000 -0.168701870000 0.933623300000 1.067776840000
0.000000000000 0.000000000000 0.000000000000 1.000000000000
21 40 66
-0.951316290000 0.308184990000 -0.004395800000 -0.081271450000
-0.061376840000 -0.175445240000 0.982574090000 -1.513281270000
0.302043370000 0.935008540000 0.185819340000 2.022169620000
0.000000000000 0.000000000000 0.000000000000 1.000000000000
21 41 66
0.592702370000 -0.735980810000 0.327163790000 -0.700499630000
0.512078480000 0.657876590000 0.552244530000 -0.724511240000
-0.621674780000 -0.159783110000 0.766804950000 0.987287870000
0.000000000000 0.000000000000 0.000000000000 1.000000000000
21 42 66
0.791884940000 -0.368611920000 0.486871120000 -1.412576660000
-0.021094430000 0.780286000000 0.625067020000 -1.545254310000
-0.610305870000 -0.505251430000 0.610121080000 1.202711960000
0.000000000000 0.000000000000 0.000000000000 1.000000000000
21 43 66
0.984088150000 -0.033712320000 0.174453410000 -0.396429080000
-0.149241740000 0.375987260000 0.914527470000 -2.009053100000
-0.096423100000 -0.926011370000 0.364973320000 1.725751930000
0.000000000000 0.000000000000 0.000000000000 1.000000000000
21 44 66
0.864479970000 -0.326405090000 -0.382274900000 1.032196660000
-0.496088240000 -0.676637760000 -0.544111930000 1.926139330000
-0.081060730000 0.660015950000 -0.746865520000 4.705521520000
0.000000000000 0.000000000000 0.000000000000 1.000000000000
21 45 66
0.843979900000 -0.082689210000 -0.529962670000 2.010790600000
0.006958810000 0.989650280000 -0.143331420000 -0.605997020000
0.536329660000 0.117280920000 0.835820360000 0.560972990000
0.000000000000 0.000000000000 0.000000000000 1.000000000000
21 46 66
-0.757304990000 -0.032775850000 0.652238370000 -0.905717800000
0.477459000000 0.653613240000 0.587216010000 -1.695105620000
-0.445558130000 0.756118690000 -0.479335440000 3.278641320000
0.000000000000 0.000000000000 0.000000000000 1.000000000000
21 47 66
0.828187730000 -0.210477820000 0.519426770000 -1.686310970000
0.141270520000 -0.818476180000 -0.556901590000 1.452087340000
0.542353870000 0.534598750000 -0.648117620000 3.636623770000
0.000000000000 0.000000000000 0.000000000000 1.000000000000
21 48 66
-0.067948870000 -0.807563820000 0.585852910000 -1.456087120000
0.243616380000 -0.582865050000 -0.775189910000 1.822821040000
0.967488510000 0.090050080000 0.236340800000 1.961153880000
0.000000000000 0.000000000000 0.000000000000 1.000000000000
21 49 66
0.341046830000 0.026198970000 0.939681150000 -2.453923900000
-0.236733700000 0.969788700000 0.058881480000 -0.004865860000
-0.909749530000 -0.242535530000 0.336945540000 2.427254290000
0.000000000000 0.000000000000 0.000000000000 1.000000000000
21 50 66
0.649690030000 0.334160750000 0.682817300000 -1.949875710000
-0.566315010000 0.811954660000 0.141481230000 -0.347942800000
-0.507139220000 -0.478608630000 0.716759090000 1.541322880000
0.000000000000 0.000000000000 0.000000000000 1.000000000000
21 51 66
0.364227710000 -0.531768600000 0.764565460000 -2.090408080000
-0.581973880000 -0.770886610000 -0.258921290000 1.404303360000
0.727079480000 -0.350650820000 -0.590253700000 4.202696270000
0.000000000000 0.000000000000 0.000000000000 1.000000000000
21 52 66
0.829491720000 -0.460137540000 0.316570570000 -0.861437720000
-0.166962400000 -0.745172960000 -0.645632110000 2.358269750000
0.532979400000 0.482691110000 -0.694940470000 4.802452480000
0.000000000000 0.000000000000 0.000000000000 1.000000000000
21 53 66
0.917838590000 0.165078490000 0.361000560000 -0.911022760000
-0.193630670000 0.980081430000 0.044131070000 -0.176394420000
-0.346524860000 -0.110405980000 0.931520820000 -0.141867360000
0.000000000000 0.000000000000 0.000000000000 1.000000000000
21 54 66
0.908965430000 0.180831900000 -0.375608400000 1.044645460000
-0.193481970000 0.981095210000 0.004113030000 -0.243934240000
0.369251370000 0.068934850000 0.926769340000 -0.213886820000
0.000000000000 0.000000000000 0.000000000000 1.000000000000
21 55 66
0.837577620000 -0.276288320000 0.471305100000 -0.574079150000
-0.029677080000 -0.884429400000 -0.465729430000 1.960586550000
0.545511690000 0.376097590000 -0.748977700000 4.284954970000
0.000000000000 0.000000000000 0.000000000000 1.000000000000
21 56 66
-0.577183660000 0.242055960000 0.779915340000 -1.804045140000
0.698434790000 0.641203880000 0.317878000000 -0.901969350000
-0.423140480000 0.728193990000 -0.539152710000 4.216067000000
0.000000000000 0.000000000000 0.000000000000 1.000000000000
21 57 66
0.892298920000 -0.256215090000 -0.371694060000 1.205133630000
0.273875360000 0.961749590000 -0.005477810000 0.156776650000
0.358880110000 -0.096910000000 0.928339120000 0.672763190000
0.000000000000 0.000000000000 0.000000000000 1.000000000000
21 58 66
-0.041697580000 -0.781322720000 0.622732790000 -1.708161380000
-0.441192920000 -0.544818000000 -0.713107390000 2.233533650000
0.896443040000 -0.304480150000 -0.321996460000 3.327613350000
0.000000000000 0.000000000000 0.000000000000 1.000000000000
21 59 66
0.638937610000 -0.490782520000 0.592360740000 -1.490177060000
0.651839290000 0.754322550000 -0.078121860000 -0.228408240000
-0.408490220000 0.436039000000 0.801876380000 1.478357230000
0.000000000000 0.000000000000 0.000000000000 1.000000000000
21 60 66
0.788631510000 -0.564999940000 0.242560130000 -0.632180780000
-0.029641160000 0.359099260000 0.932828560000 -1.426540060000
-0.614151240000 -0.742847760000 0.266449740000 1.939195850000
0.000000000000 0.000000000000 0.000000000000 1.000000000000
21 61 66
0.202876170000 0.978457680000 0.038233910000 -0.836020180000
-0.211594700000 0.005682360000 0.977340980000 -1.633902430000
0.956069530000 -0.206369290000 0.208189280000 2.293399960000
0.000000000000 0.000000000000 0.000000000000 1.000000000000
21 63 66
-0.603150690000 -0.348669750000 0.717383200000 -2.090607300000
0.602532040000 0.390168080000 0.696221240000 -1.507588060000
-0.522651310000 0.852172680000 -0.025245450000 2.579755000000
0.000000000000 0.000000000000 0.000000000000 1.000000000000
21 64 66
-0.941937560000 0.237621700000 -0.237254210000 0.475519470000
-0.027139900000 0.650372930000 0.759130080000 -1.793644200000
0.334689500000 0.721492190000 -0.606161660000 4.151788750000
0.000000000000 0.000000000000 0.000000000000 1.000000000000
21 65 66
0.880722190000 0.084781050000 -0.465983470000 1.255821330000
-0.412546010000 -0.345988440000 -0.842673000000 2.441238370000
-0.232667600000 0.934400430000 -0.269743620000 3.451611740000
0.000000000000 0.000000000000 0.000000000000 1.000000000000
22 24 66
0.485567270000 0.873566840000 0.033247700000 0.094540630000
-0.508819410000 0.251489120000 0.823320130000 -2.453632650000
0.710863730000 -0.416694380000 0.566602650000 1.293928540000
0.000000000000 0.000000000000 0.000000000000 1.000000000000
22 25 66
-0.947089720000 0.113006220000 0.300417480000 -0.338075890000
0.311608180000 0.099330800000 0.945004620000 -2.913032180000
0.076950690000 0.988616700000 -0.129288840000 3.477016660000
0.000000000000 0.000000000000 0.000000000000 1.000000000000
22 26 66
0.671835760000 0.489254930000 -0.556117180000 1.334379270000
-0.597649770000 0.801581180000 -0.016803910000 -0.271512650000
0.437551670000 0.343652770000 0.830934000000 0.575662700000
0.000000000000 0.000000000000 0.000000000000 1.000000000000
22 27 66
-0.425430220000 0.621472240000 -0.657861220000 1.462343780000
-0.641904560000 0.305199270000 0.703428710000 -1.645962290000
0.637940180000 0.721543940000 0.269084880000 2.127112220000
0.000000000000 0.000000000000 0.000000000000 1.000000000000
22 28 66
0.093820880000 0.994854690000 0.038233410000 -0.451066540000
-0.877336690000 0.064463210000 0.475525840000 -0.781170420000
0.470614460000 -0.078157830000 0.878870510000 1.587755670000
0.000000000000 0.000000000000 0.000000000000 1.000000000000
22 29 66
-0.964634780000 -0.127620320000 -0.230635610000 0.307459550000
-0.261433890000 0.351532460000 0.898931170000 -1.086076240000
-0.033645990000 0.927436240000 -0.372464710000 3.263567510000
0.000000000000 0.000000000000 0.000000000000 1.000000000000
22 30 66
-0.692166090000 0.670712360000 -0.266553980000 0.601394280000
0.005648120000 0.374344670000 0.927272430000 -1.094943390000
0.721716150000 0.640321010000 -0.262896950000 2.797488820000
0.000000000000 0.000000000000 0.000000000000 1.000000000000
22 31 66
-0.774889180000 0.558339140000 -0.296317670000 0.285850160000
-0.428301020000 -0.119023290000 0.895763190000 -1.031232090000
0.464870940000 0.821030370000 0.331367080000 1.995653130000
0.000000000000 0.000000000000 0.000000000000 1.000000000000
22 32 66
0.931605950000 -0.004492840000 0.363442120000 -0.997190260000
-0.070546350000 0.978673450000 0.192928720000 -0.032512560000
-0.356557950000 -0.205373050000 0.911421050000 0.939405850000
0.000000000000 0.000000000000 0.000000000000 1.000000000000
22 33 66
0.523598720000 -0.842359810000 0.127570870000 -0.614131310000
-0.279705410000 -0.311400170000 -0.908182150000 2.510212330000
0.804741740000 0.439840750000 -0.398661330000 4.180040910000
0.000000000000 0.000000000000 0.000000000000 1.000000000000
22 34 66
0.410248850000 -0.350798490000 0.841805380000 -1.527365200000
0.208196730000 0.934709190000 0.288050080000 -0.374530300000
-0.887890760000 0.057088920000 0.456498470000 1.676172670000
0.000000000000 0.000000000000 0.000000000000 1.000000000000
22 35 66
-0.916717650000 0.343708230000 -0.203699270000 0.507062410000
0.264626980000 0.140358790000 -0.954081740000 2.125551210000
-0.299334760000 -0.928527900000 -0.219623850000 3.896379790000
0.000000000000 0.000000000000 0.000000000000 1.000000000000
22 36 66
0.827176620000 -0.137960210000 0.544743810000 -1.476437300000
-0.027171610000 0.958441760000 0.283991370000 -0.614819410000
-0.561284730000 -0.249712590000 0.789052010000 1.409974840000
0.000000000000 0.000000000000 0.000000000000 1.000000000000
22 37 66
-0.102085840000 0.091649700000 0.990544710000 -2.620797500000
0.340128290000 0.938950050000 -0.051822210000 0.391886630000
-0.934821490000 0.331621970000 -0.127026160000 3.041925620000
0.000000000000 0.000000000000 0.000000000000 1.000000000000
22 38 66
0.241486550000 0.135607720000 -0.960882300000 2.005906460000
-0.702802910000 -0.658344500000 -0.269537740000 1.627481560000
-0.669142970000 0.740400610000 -0.063675850000 4.095405300000
0.000000000000 0.000000000000 0.000000000000 1.000000000000
22 39 66
0.455521140000 -0.576275750000 0.678532800000 -1.517339940000
0.521271380000 0.790534480000 0.321451980000 -0.188861520000
-0.721648550000 0.207271550000 0.660501220000 0.888427450000
0.000000000000 0.000000000000 0.000000000000 1.000000000000
22 40 66
0.718301800000 0.641306680000 -0.269755950000 0.221852500000
0.102238050000 0.286223120000 0.952692870000 -1.461915750000
0.688178690000 -0.711900320000 0.140028640000 2.359620000000
0.000000000000 0.000000000000 0.000000000000 1.000000000000
22 41 66
-0.981501100000 0.162424860000 0.101359570000 -0.473665660000
0.014133390000 -0.466500510000 0.884408010000 -1.847912910000
0.190934140000 0.869479980000 0.455575150000 2.228066210000
0.000000000000 0.000000000000 0.000000000000 1.000000000000
22 42 66
-0.982930630000 0.059067790000 0.174236550000 -0.732990760000
0.163769880000 -0.150592460000 0.974936580000 -1.836099350000
0.083826060000 0.986829730000 0.138348420000 1.889910580000
0.000000000000 0.000000000000 0.000000000000 1.000000000000
22 43 66
0.089763850000 -0.798359900000 0.595452700000 -1.921891250000
0.222102000000 0.598856710000 0.769442230000 -1.230336380000
-0.970882670000 0.063183130000 0.231073010000 1.774297440000
0.000000000000 0.000000000000 0.000000000000 1.000000000000
22 44 66
0.440625340000 0.368434160000 -0.818599770000 1.849151280000
-0.419950010000 -0.721357890000 -0.550712970000 2.221328080000
-0.793404880000 0.586429070000 -0.163124630000 2.910749460000
0.000000000000 0.000000000000 0.000000000000 1.000000000000
22 45 66
-0.485523930000 0.338448850000 0.806051420000 -2.332909710000
0.857149930000 0.365627670000 0.362781480000 -1.280477160000
-0.171931730000 0.867046010000 -0.467622390000 3.157879900000
0.000000000000 0.000000000000 0.000000000000 1.000000000000
22 46 66
0.973733930000 0.116031070000 -0.195905660000 -0.546580450000
-0.132364250000 0.988553040000 -0.072405740000 0.031512400000
0.185261820000 0.096434830000 0.977946000000 0.498571670000
0.000000000000 0.000000000000 0.000000000000 1.000000000000
22 47 66
0.924511620000 0.103946820000 -0.366706050000 -0.014012810000
-0.017311480000 0.972553060000 0.232036340000 0.024882100000
0.380760530000 -0.208172070000 0.900936070000 0.769658840000
0.000000000000 0.000000000000 0.000000000000 1.000000000000
22 48 66
-0.691727120000 0.511838060000 -0.509446160000 1.717638670000
-0.686376720000 -0.685282780000 0.243463580000 -1.095276290000
-0.224500750000 0.518082340000 0.825342410000 1.604972260000
0.000000000000 0.000000000000 0.000000000000 1.000000000000
22 49 66
-0.940401880000 0.265737150000 -0.212198200000 1.464757120000
0.016424720000 0.658757280000 0.752176220000 -1.396173650000
0.339668280000 0.703862630000 -0.623861240000 4.835201620000
0.000000000000 0.000000000000 0.000000000000 1.000000000000
22 50 66
-0.228624810000 -0.921508270000 0.313931850000 -1.107223420000
-0.011379990000 0.324980400000 0.945652280000 -2.328885080000
-0.973448090000 0.212627030000 -0.084785340000 3.676812220000
0.000000000000 0.000000000000 0.000000000000 1.000000000000
22 51 66
0.899466630000 0.388492830000 0.200082760000 -0.712098840000
-0.284273280000 0.867932100000 -0.407286840000 0.765832670000
-0.331886270000 0.309462740000 0.891114090000 0.421881470000
0.000000000000 0.000000000000 0.000000000000 1.000000000000
22 52 66
0.975138550000 0.110173990000 -0.192266730000 0.489881630000
-0.110026350000 0.993862390000 0.011478070000 -0.080360830000
0.192351260000 0.009961700000 0.981275580000 0.330265970000
0.000000000000 0.000000000000 0.000000000000 1.000000000000
22 53 66
0.046595950000 -0.271626030000 0.961274220000 -3.019828340000
0.388593700000 0.891447430000 0.233058820000 -0.738998110000
-0.920230270000 0.362685510000 0.147090000000 2.299010710000
0.000000000000 0.000000000000 0.000000000000 1.000000000000
22 54 66
0.712384920000 0.083726130000 0.696776620000 -1.384047960000
0.036687180000 -0.995943200000 0.082165620000 0.937936340000
0.700829350000 -0.032970780000 -0.712566590000 5.187838230000
0.000000000000 0.000000000000 0.000000000000 1.000000000000
22 55 66
0.555280130000 -0.796799310000 0.238274710000 0.048922010000
-0.709863980000 -0.603362000000 -0.363383310000 1.129141630000
0.433309470000 0.032636900000 -0.900654060000 5.116191610000
0.000000000000 0.000000000000 0.000000000000 1.000000000000
22 56 66
-0.651708060000 0.444570630000 -0.614518970000 2.106248020000
0.030275990000 -0.794314930000 -0.606751320000 2.047658730000
-0.757865400000 -0.414029890000 0.504201620000 1.590837690000
0.000000000000 0.000000000000 0.000000000000 1.000000000000
22 57 66
0.457523680000 -0.367030940000 0.809913810000 -2.065469580000
0.269277380000 0.925257540000 0.267185670000 -0.458121890000
-0.847444260000 0.095847700000 0.522160360000 1.542818620000
0.000000000000 0.000000000000 0.000000000000 1.000000000000
22 58 66
-0.305885980000 0.503512710000 -0.808027670000 1.693573020000
0.020232880000 0.851954020000 0.523225550000 -0.927533350000
0.951853140000 0.143698640000 -0.270788300000 3.385712730000
0.000000000000 0.000000000000 0.000000000000 1.000000000000
22 59 66
0.842277040000 -0.093251570000 0.530917630000 -1.607859040000
0.016019640000 0.988818090000 0.148263790000 -0.082545750000
-0.538806790000 -0.116374070000 0.834352630000 1.350712260000
0.000000000000 0.000000000000 0.000000000000 1.000000000000
22 60 66
-0.880411920000 -0.367590160000 -0.299586910000 -0.233069450000
0.169499180000 0.346088690000 -0.922763590000 2.462721260000
0.442882460000 -0.863191810000 -0.242394370000 3.283473120000
0.000000000000 0.000000000000 0.000000000000 1.000000000000
22 61 66
-0.976799370000 0.052943770000 0.207508930000 -1.301824700000
0.200956800000 -0.108318360000 0.973593090000 -1.374864550000
0.074022720000 0.992705440000 0.095165900000 2.516840640000
0.000000000000 0.000000000000 0.000000000000 1.000000000000
22 62 66
0.743345740000 0.482156850000 -0.463639810000 1.306011800000
-0.555933970000 0.830775940000 -0.027363560000 -0.344006760000
0.371987270000 0.278093710000 0.885601130000 1.106294920000
0.000000000000 0.000000000000 0.000000000000 1.000000000000
22 63 66
-0.074772330000 -0.442863710000 0.893465630000 -1.629951830000
0.588921090000 0.703424690000 0.397951820000 -0.711892960000
-0.804724200000 0.555936540000 0.208215080000 1.997158650000
0.000000000000 0.000000000000 0.000000000000 1.000000000000
22 64 66
0.757734860000 0.429332370000 -0.491438300000 1.875729960000
0.016968800000 0.739871930000 0.672533710000 -1.319379130000
0.652341890000 -0.517941350000 0.553341500000 1.719057840000
0.000000000000 0.000000000000 0.000000000000 1.000000000000
22 65 66
-0.365782250000 -0.922012140000 -0.126873810000 0.463567560000
-0.514176680000 0.313822890000 -0.798208960000 2.204938490000
0.775774260000 -0.226735110000 -0.588867980000 4.356169120000
0.000000000000 0.000000000000 0.000000000000 1.000000000000
23 25 66
-0.815404370000 -0.178437220000 0.550704890000 -1.541590000000
0.050477180000 0.925769580000 0.374703530000 -0.104515810000
-0.576686890000 0.333332920000 -0.745869550000 4.994462800000
0.000000000000 0.000000000000 0.000000000000 1.000000000000
23 26 66
0.854144580000 0.469953820000 0.222666640000 -0.611480540000
-0.494966080000 0.603336500000 0.625294840000 -0.751204500000
0.159516790000 -0.644304640000 0.747947810000 1.137248200000
0.000000000000 0.000000000000 0.000000000000 1.000000000000
23 27 66
-0.016182540000 0.441779560000 -0.896977670000 2.031602030000
-0.069598620000 -0.895416880000 -0.439755200000 3.000339710000
-0.997443810000 0.055312050000 0.045237360000 2.923367070000
0.000000000000 0.000000000000 0.000000000000 1.000000000000
23 28 66
-0.238173960000 0.217097090000 -0.946647780000 2.192044810000
0.314821840000 -0.904811590000 -0.286711000000 1.718379230000
-0.918782010000 -0.366312490000 0.147155650000 2.746015730000
0.000000000000 0.000000000000 0.000000000000 1.000000000000
23 29 66
0.604624100000 -0.758337340000 0.243627150000 0.330967700000
0.161886990000 -0.182486380000 -0.969789320000 3.042748570000
0.779886090000 0.625798050000 0.012429280000 3.124006840000
0.000000000000 0.000000000000 0.000000000000 1.000000000000
23 30 66
0.998499080000 0.051165150000 -0.019537430000 -0.252657150000
-0.003041170000 0.407974120000 0.912988430000 -0.353934280000
0.054683960000 -0.911558690000 0.407517390000 1.787129070000
0.000000000000 0.000000000000 0.000000000000 1.000000000000
23 31 66
-0.084198650000 0.886488840000 -0.455025410000 1.555155430000
-0.264750180000 0.420331580000 0.867887490000 -0.309378440000
0.960634130000 0.193543010000 0.199306730000 1.807410370000
0.000000000000 0.000000000000 0.000000000000 1.000000000000
23 32 66
0.615834940000 0.536867630000 -0.576645880000 2.288140970000
-0.097363900000 0.778147800000 0.620488740000 -0.292471230000
0.781836050000 -0.325974150000 0.531482120000 0.682402690000
0.000000000000 0.000000000000 0.000000000000 1.000000000000
23 33 66
-0.729929100000 -0.287002140000 -0.620349320000 2.064735520000
0.433132210000 -0.896313570000 -0.094965670000 1.009609230000
-0.528772160000 -0.338011480000 0.778555230000 0.799938280000
0.000000000000 0.000000000000 0.000000000000 1.000000000000
23 34 66
-0.392381390000 -0.529893320000 0.751831040000 -2.290120820000
0.542998790000 0.526306630000 0.654334500000 -0.169989380000
-0.742421150000 0.664992030000 0.081218510000 2.136134120000
0.000000000000 0.000000000000 0.000000000000 1.000000000000
23 35 66
-0.997663470000 0.067886900000 -0.007679640000 0.104672600000
-0.011293710000 -0.274735380000 -0.961453550000 3.427903640000
-0.067379970000 -0.959120350000 0.274860150000 2.394340060000
0.000000000000 0.000000000000 0.000000000000 1.000000000000
23 36 66
0.827423550000 0.190383040000 0.528322410000 -1.604722620000
-0.346374160000 0.913531210000 0.213273720000 0.659838610000
-0.442035310000 -0.359464930000 0.821821000000 1.223199360000
0.000000000000 0.000000000000 0.000000000000 1.000000000000
23 37 66
-0.795148680000 0.257871300000 -0.548854240000 1.525878670000
0.573298790000 0.614664450000 -0.541771270000 2.542393160000
0.197653930000 -0.745446180000 -0.636586930000 4.713195700000
0.000000000000 0.000000000000 0.000000000000 1.000000000000
23 38 66
-0.571032440000 0.799363380000 -0.186922810000 1.215082850000
-0.443508430000 -0.492005920000 -0.749153160000 3.530506770000
-0.690812730000 -0.344888910000 0.635475740000 1.939167770000
0.000000000000 0.000000000000 0.000000000000 1.000000000000
23 39 66
-0.169539140000 -0.296749100000 0.939785320000 -1.898614760000
0.079448540000 0.946370940000 0.313161270000 0.312686300000
-0.982315840000 0.127757670000 -0.136870630000 3.371196350000
0.000000000000 0.000000000000 0.000000000000 1.000000000000
23 40 66
0.991677930000 0.041390130000 -0.121908760000 -0.102792330000
0.059984400000 0.689308210000 0.721980650000 -0.104463800000
0.113915590000 -0.723284900000 0.681088980000 1.383296620000
0.000000000000 0.000000000000 0.000000000000 1.000000000000
23 41 66
-0.635395310000 0.690011450000 -0.346636700000 0.910579850000
-0.146201730000 0.333283210000 0.931422220000 -0.797933210000
0.758220190000 0.642500190000 -0.110885720000 2.984548780000
0.000000000000 0.000000000000 0.000000000000 1.000000000000
23 42 66
-0.527873910000 0.746896720000 -0.404344450000 0.179710650000
-0.275500430000 0.299756080000 0.913370570000 -1.088593350000
0.803398190000 0.593541570000 0.047536950000 2.534707940000
0.000000000000 0.000000000000 0.000000000000 1.000000000000
23 43 66
-0.979499070000 0.050202830000 -0.195092910000 0.424441200000
0.151582660000 -0.454178270000 -0.877920720000 3.513254970000
-0.132681070000 -0.889495230000 0.437257320000 1.927703560000
0.000000000000 0.000000000000 0.000000000000 1.000000000000
23 44 66
-0.251119110000 0.952370180000 -0.173003550000 0.440291950000
-0.504241430000 0.023853910000 0.863233210000 -1.287788120000
0.826244380000 0.304009920000 0.474234330000 1.887028240000
0.000000000000 0.000000000000 0.000000000000 1.000000000000
23 45 66
-0.767367410000 0.523399100000 0.370406060000 -1.188131650000
0.640801910000 0.646530600000 0.413969920000 -0.691923350000
-0.022807370000 0.555023940000 -0.831521650000 4.368813760000
0.000000000000 0.000000000000 0.000000000000 1.000000000000
23 46 66
-0.618010300000 -0.110980560000 0.778297230000 -1.741804060000
0.141809360000 0.958010450000 0.249210930000 -0.015720010000
-0.773274450000 0.264384750000 -0.576322240000 4.193879620000
0.000000000000 0.000000000000 0.000000000000 1.000000000000
23 47 66
0.714069130000 0.057931910000 0.697674110000 -1.979658150000
-0.591204150000 0.583640370000 0.556634140000 -0.077094090000
-0.374943900000 -0.809943090000 0.451009160000 1.518542300000
0.000000000000 0.000000000000 0.000000000000 1.000000000000
23 48 66
-0.590727860000 0.530765980000 -0.607723670000 1.154028500000
0.203041600000 -0.631164880000 -0.748602030000 2.835993480000
-0.780906330000 -0.565613270000 0.265079110000 2.139515530000
0.000000000000 0.000000000000 0.000000000000 1.000000000000
23 49 66
0.399013470000 -0.598506670000 0.694678350000 -2.242222010000
-0.660530670000 -0.713085110000 -0.234965670000 1.776904300000
0.635993310000 -0.365101890000 -0.679862570000 4.111514690000
0.000000000000 0.000000000000 0.000000000000 1.000000000000
23 50 66
-0.980047060000 0.147727300000 -0.132982730000 2.069798200000
-0.074643850000 0.346534950000 0.935062470000 -1.720678910000
0.184217420000 0.926331570000 -0.328593630000 3.357315680000
0.000000000000 0.000000000000 0.000000000000 1.000000000000
23 51 66
0.994817390000 -0.097739480000 -0.028024190000 -0.498228230000
0.099854810000 0.991097010000 0.088066630000 0.509460340000
0.019167100000 -0.090408560000 0.995720300000 0.202612490000
0.000000000000 0.000000000000 0.000000000000 1.000000000000
23 52 66
-0.763606040000 -0.412430600000 0.496796560000 -0.897911790000
-0.043692070000 0.800654960000 0.597530450000 -0.804845530000
-0.644202470000 0.434571790000 -0.629404900000 4.383395610000
0.000000000000 0.000000000000 0.000000000000 1.000000000000
23 53 66
0.996663120000 -0.060014070000 -0.055325700000 -0.199679600000
0.066191340000 0.990854950000 0.117580550000 0.388798250000
0.047763260000 -0.120850280000 0.991520990000 0.319898950000
0.000000000000 0.000000000000 0.000000000000 1.000000000000
23 54 66
0.867793140000 -0.121937280000 0.481732670000 -1.058521280000
-0.127446990000 -0.991614130000 -0.021416670000 1.878808970000
0.480304410000 -0.042810140000 -0.876056480000 4.804939160000
0.000000000000 0.000000000000 0.000000000000 1.000000000000
23 55 66
0.170285040000 -0.637611480000 0.751301940000 -0.928083900000
0.012327620000 -0.760999340000 -0.648635520000 3.243394440000
0.985317730000 0.119714690000 -0.121726570000 3.268984830000
0.000000000000 0.000000000000 0.000000000000 1.000000000000
23 56 66
0.805296810000 0.189248010000 -0.561856060000 1.250735230000
0.019835790000 -0.955755260000 -0.293493470000 1.721624930000
-0.592539940000 0.225204490000 -0.773420550000 4.923446220000
0.000000000000 0.000000000000 0.000000000000 1.000000000000
23 57 66
0.559751640000 0.044476270000 -0.827465990000 1.675348120000
-0.012223220000 0.998893110000 0.045421890000 1.092505860000
0.828570270000 -0.015310680000 0.559675700000 1.570319090000
0.000000000000 0.000000000000 0.000000000000 1.000000000000
23 58 66
-0.969014060000 0.123024670000 -0.214188410000 0.995211470000
-0.244272860000 -0.348662000000 0.904856660000 -1.505658120000
0.036640340000 0.929139250000 0.367909970000 1.982902520000
0.000000000000 0.000000000000 0.000000000000 1.000000000000
23 59 66
0.760424580000 -0.137976100000 0.634599920000 -1.765205520000
0.193182440000 0.980994120000 -0.018195600000 0.816629950000
-0.620028230000 0.136429940000 0.772626600000 1.430680360000
0.000000000000 0.000000000000 0.000000000000 1.000000000000
23 60 66
-0.970927540000 -0.090211960000 -0.221723970000 0.349471330000
-0.149409260000 -0.495294450000 0.855780510000 -0.431056860000
-0.187020280000 0.864028480000 0.467416520000 2.376155210000
0.000000000000 0.000000000000 0.000000000000 1.000000000000
23 61 66
0.934588760000 -0.002793270000 -0.355719060000 0.617496950000
0.124277820000 0.939523530000 0.319140360000 0.326810670000
0.333314980000 -0.342472980000 0.878415270000 1.355193230000
0.000000000000 0.000000000000 0.000000000000 1.000000000000
23 62 66
-0.976842250000 0.210303360000 0.039391700000 -0.030745180000
-0.124740760000 -0.709352350000 0.693728320000 -0.515128210000
0.173836000000 0.672749380000 0.719158750000 1.336669590000
0.000000000000 0.000000000000 0.000000000000 1.000000000000
23 63 66
-0.476431640000 0.847884910000 -0.232602820000 0.273760930000
0.607708200000 0.126387140000 -0.784038920000 3.208219100000
-0.635376770000 -0.514895590000 -0.575481450000 4.305370420000
0.000000000000 0.000000000000 0.000000000000 1.000000000000
23 64 66
-0.088075770000 0.718745920000 -0.689671630000 1.934663740000
0.732552350000 -0.422423860000 -0.533783790000 2.790802050000
-0.674988680000 -0.552233990000 -0.489313700000 4.129023050000
0.000000000000 0.000000000000 0.000000000000 1.000000000000
23 65 66
0.419572300000 -0.618331380000 0.664549010000 -1.250070540000
0.468571520000 0.774559200000 0.424851480000 0.350533500000
-0.777431550000 0.133132830000 0.614716060000 1.047662990000
0.000000000000 0.000000000000 0.000000000000 1.000000000000
24 26 66
-0.551014210000 -0.833639190000 -0.037802520000 -0.249942190000
0.395578340000 -0.300817460000 0.867771070000 -2.290287310000
-0.734779630000 0.463200330000 0.495524310000 1.115178280000
0.000000000000 0.000000000000 0.000000000000 1.000000000000
24 27 66
0.132865950000 -0.871558910000 0.471944600000 -1.379933150000
0.932173380000 0.271668560000 0.239267610000 -0.889561380000
-0.336748330000 0.408143670000 0.848539520000 1.048007200000
0.000000000000 0.000000000000 0.000000000000 1.000000000000
24 28 66
0.556878400000 -0.675321520000 0.483556930000 -1.594799030000
0.014839780000 -0.573999630000 -0.818721080000 2.215406410000
0.830461460000 0.463103960000 -0.309626370000 3.769628530000
0.000000000000 0.000000000000 0.000000000000 1.000000000000
24 29 66
0.768176170000 0.139766920000 0.624796430000 -1.413797530000
-0.600423240000 0.496038770000 0.627245940000 -1.109751010000
-0.222255020000 -0.856977680000 0.464964470000 1.991195610000
0.000000000000 0.000000000000 0.000000000000 1.000000000000
24 30 66
-0.492319850000 0.808275900000 -0.322972490000 1.033672110000
0.404566930000 -0.116045890000 -0.907115730000 2.193762420000
-0.770679420000 -0.577255070000 -0.269870000000 3.229827400000
0.000000000000 0.000000000000 0.000000000000 1.000000000000
24 31 66
-0.746979920000 0.551385470000 -0.371476870000 1.414730570000
0.469346250000 0.041598970000 -0.882033800000 2.492207430000
-0.470887570000 -0.833212810000 -0.289864300000 3.552303680000
0.000000000000 0.000000000000 0.000000000000 1.000000000000
24 32 66
-0.917713780000 -0.375586580000 0.129368230000 -0.114623070000
0.132207680000 0.018323140000 0.991052670000 -2.449437340000
-0.374596510000 0.926606160000 0.032840030000 3.369610150000
0.000000000000 0.000000000000 0.000000000000 1.000000000000
24 33 66
0.949668980000 0.143594000000 -0.278405440000 0.196492200000
-0.065865220000 0.960412910000 0.270682120000 -0.039495620000
0.306252510000 -0.238721180000 0.921532200000 -0.172423120000
0.000000000000 0.000000000000 0.000000000000 1.000000000000
24 34 66
0.856278810000 0.237296640000 -0.458777620000 1.322470140000
-0.515962140000 0.351927250000 -0.780980330000 2.037731000000
-0.023867660000 0.905448790000 0.423783930000 2.230544330000
0.000000000000 0.000000000000 0.000000000000 1.000000000000
24 35 66
0.904132830000 -0.119344230000 0.410244770000 -1.160543770000
0.126321770000 0.991937230000 0.010165470000 0.124076150000
-0.408150260000 0.042631910000 0.911918800000 1.033181850000
0.000000000000 0.000000000000 0.000000000000 1.000000000000
24 36 66
0.713294920000 -0.429812160000 0.553599000000 -1.829029170000
0.220868860000 0.887485640000 0.404457880000 -0.627587100000
-0.665152080000 -0.166224970000 0.727971130000 1.563700190000
0.000000000000 0.000000000000 0.000000000000 1.000000000000
24 37 66
0.956294720000 -0.288540340000 0.047380100000 -0.649623060000
-0.291822080000 -0.931555320000 0.216897550000 0.169289030000
-0.018446510000 -0.221244540000 -0.975043880000 5.508059400000
0.000000000000 0.000000000000 0.000000000000 1.000000000000
24 38 66
0.941616520000 -0.169168120000 -0.291102160000 0.597127720000
0.213785330000 0.968354650000 0.128783190000 -0.064226570000
0.260104120000 -0.183497750000 0.947984400000 0.371148970000
0.000000000000 0.000000000000 0.000000000000 1.000000000000
24 39 66
-0.738224160000 -0.289222960000 0.609405590000 -1.132998740000
-0.647449220000 0.557328460000 -0.519802370000 1.712573360000
-0.189300290000 -0.778289840000 -0.598690510000 4.303459230000
0.000000000000 0.000000000000 0.000000000000 1.000000000000
24 40 66
0.943763550000 0.300554710000 -0.137757880000 0.219007080000
-0.258252330000 0.930307170000 0.260450200000 -0.305948780000
0.206436680000 -0.210227110000 0.955608950000 1.024929160000
0.000000000000 0.000000000000 0.000000000000 1.000000000000
24 41 66
-0.986338490000 -0.065460160000 -0.151166640000 0.126527950000
0.039447140000 -0.984814190000 0.169070790000 -0.452304690000
-0.159938450000 0.160797930000 0.973942360000 0.811574090000
0.000000000000 0.000000000000 0.000000000000 1.000000000000
24 42 66
-0.235658690000 -0.942841300000 0.235616770000 -0.273377210000
0.429399950000 0.116477590000 0.895571690000 -1.747228050000
-0.871826050000 0.312223090000 0.377407050000 1.998590820000
0.000000000000 0.000000000000 0.000000000000 1.000000000000
24 43 66
0.944104180000 -0.310222380000 -0.111487120000 0.716114640000
-0.266174210000 -0.517881580000 -0.812988290000 2.693528420000
0.194470030000 0.797220640000 -0.571507350000 4.037120660000
0.000000000000 0.000000000000 0.000000000000 1.000000000000
24 44 66
0.325196700000 -0.628593710000 0.706482160000 -1.491273570000
0.579106200000 0.722992880000 0.376719140000 -0.460435640000
-0.747584850000 0.286620380000 0.599137420000 0.889988390000
0.000000000000 0.000000000000 0.000000000000 1.000000000000
24 45 66
0.828007510000 0.044346820000 0.558960570000 -0.953139940000
-0.425152630000 0.699598470000 0.574288450000 -1.672029940000
-0.365580090000 -0.713158710000 0.598126950000 2.084150240000
0.000000000000 0.000000000000 0.000000000000 1.000000000000
24 46 66
0.672272320000 -0.032711360000 0.739580890000 -1.228618460000
0.130415570000 0.988632280000 -0.074819780000 -0.091236260000
-0.728726080000 0.146752130000 0.668896190000 1.125361610000
0.000000000000 0.000000000000 0.000000000000 1.000000000000
24 47 66
-0.544136740000 0.629525510000 -0.554628560000 1.475704310000
-0.801394910000 -0.194299080000 0.565697860000 -1.160894150000
0.248357410000 0.752293500000 0.610223800000 1.626770260000
0.000000000000 0.000000000000 0.000000000000 1.000000000000
24 48 66
-0.889199580000 -0.444040020000 0.110238690000 -0.124220010000
0.056844370000 -0.346305040000 -0.936398170000 2.378815330000
0.453974480000 -0.826378410000 0.333175470000 1.928293400000
0.000000000000 0.000000000000 0.000000000000 1.000000000000
24 49 66
0.311438640000 -0.566533750000 0.762919060000 -2.270515580000
0.050726310000 0.811614510000 0.581986880000 -0.809891440000
-0.948911390000 -0.142553130000 0.281506280000 2.850857260000
0.000000000000 0.000000000000 0.000000000000 1.000000000000
24 50 66
-0.640253460000 0.014503980000 -0.768026790000 1.779668950000
-0.660012950000 0.501147230000 0.559673440000 -0.714362450000
0.393011990000 0.865240480000 -0.311288430000 2.912020800000
0.000000000000 0.000000000000 0.000000000000 1.000000000000
24 51 66
0.997940050000 0.033134230000 -0.054934340000 -0.545958520000
-0.055494720000 0.875473870000 -0.480068570000 1.398508040000
0.032186880000 0.482128220000 0.875509210000 0.219218960000
0.000000000000 0.000000000000 0.000000000000 1.000000000000
24 52 66
-0.919490360000 -0.358718780000 0.160805190000 -0.612951640000
-0.162638020000 0.719534810000 0.675143340000 -1.773223100000
-0.357891530000 0.594634760000 -0.719946640000 4.726406080000
0.000000000000 0.000000000000 0.000000000000 1.000000000000
24 53 66
-0.932062360000 0.247492920000 -0.264588390000 0.453379690000
-0.266941060000 0.024639750000 0.963397820000 -2.306648250000
0.244953530000 0.968576340000 0.043100240000 2.335056510000
0.000000000000 0.000000000000 0.000000000000 1.000000000000
24 54 66
0.868732210000 -0.028191860000 0.494479090000 -1.366327680000
-0.320366270000 -0.793378070000 0.517606700000 -0.677081940000
0.377716570000 -0.608076030000 -0.698264800000 4.934967810000
0.000000000000 0.000000000000 0.000000000000 1.000000000000
24 55 66
-0.798623640000 0.304993230000 -0.518825040000 0.714213760000
0.539216150000 -0.020263660000 -0.841923590000 2.458812250000
-0.267294290000 -0.952138920000 -0.148274240000 3.820118550000
0.000000000000 0.000000000000 0.000000000000 1.000000000000
24 56 66
0.970432480000 0.189696680000 -0.149251390000 0.485827430000
-0.198494270000 0.979007690000 -0.046302910000 0.253675050000
0.137334750000 0.074559400000 0.987714560000 0.266028860000
0.000000000000 0.000000000000 0.000000000000 1.000000000000
24 57 66
-0.879853410000 0.108965710000 -0.462584530000 1.506673750000
-0.183391570000 0.820121260000 0.542004280000 -1.137703540000
0.438435290000 0.561718420000 -0.701603100000 4.599151360000
0.000000000000 0.000000000000 0.000000000000 1.000000000000
24 58 66
-0.601686500000 0.573719410000 -0.555715210000 1.325279170000
-0.786937860000 -0.544925020000 0.289457310000 -0.928785700000
-0.136755850000 0.611475890000 0.779355550000 0.922199260000
0.000000000000 0.000000000000 0.000000000000 1.000000000000
24 59 66
0.914750070000 -0.220100360000 0.338803990000 -0.914640640000
0.304274810000 -0.176387090000 -0.936111340000 2.835322770000
0.265799090000 0.959397430000 -0.094379110000 3.325825070000
0.000000000000 0.000000000000 0.000000000000 1.000000000000
24 60 66
0.931383990000 -0.220669150000 0.289532350000 -0.208019070000
0.352295200000 0.746743840000 -0.564146910000 0.984593080000
-0.091716680000 0.627438260000 0.773245940000 1.562658690000
0.000000000000 0.000000000000 0.000000000000 1.000000000000
24 61 66
-0.890917010000 0.452258430000 0.041583600000 -0.413383420000
-0.021640430000 -0.133729060000 0.990781630000 -1.563283110000
0.453650280000 0.881804320000 0.128928560000 2.467854930000
0.000000000000 0.000000000000 0.000000000000 1.000000000000
24 62 66
-0.846136280000 0.368557460000 0.384991930000 -0.934737680000
0.235615170000 -0.389263770000 0.890482570000 -1.500453850000
0.478057410000 0.844179550000 0.242532470000 2.364287230000
0.000000000000 0.000000000000 0.000000000000 1.000000000000
24 63 66
0.921577120000 -0.083150750000 -0.379185390000 1.051315120000
0.202190960000 0.936651700000 0.286011200000 -0.199737430000
0.331382590000 -0.340249240000 0.880009110000 0.919981940000
0.000000000000 0.000000000000 0.000000000000 1.000000000000
24 64 66
-0.636898600000 -0.227367760000 0.736657360000 -2.251246260000
-0.742965090000 0.436115790000 -0.507745900000 1.610308970000
-0.205822860000 -0.870693360000 -0.446687840000 3.858417690000
0.000000000000 0.000000000000 0.000000000000 1.000000000000
24 65 66
0.942952180000 -0.237001640000 -0.233819160000 0.933434820000
0.327431200000 0.787272250000 0.522485610000 -0.862573630000
0.060249390000 -0.569238640000 0.819961820000 1.041782640000
0.000000000000 0.000000000000 0.000000000000 1.000000000000
25 27 66
0.992047820000 -0.053431280000 -0.113957060000 0.179075500000
0.060996530000 0.996086260000 0.063965430000 -0.511081440000
0.110093310000 -0.070407750000 0.991424340000 0.103580150000
0.000000000000 0.000000000000 0.000000000000 1.000000000000
25 28 66
-0.407988760000 0.422041720000 -0.809583820000 1.653842920000
-0.700532550000 0.423948560000 0.574039860000 -0.948281950000
0.585490670000 0.801341630000 0.122687710000 2.588019990000
0.000000000000 0.000000000000 0.000000000000 1.000000000000
25 29 66
-0.481661040000 0.789198790000 -0.381009080000 1.479081380000
0.874199830000 0.402198680000 -0.272049390000 0.574123290000
-0.061459700000 -0.464113670000 -0.883640880000 4.601610820000
0.000000000000 0.000000000000 0.000000000000 1.000000000000
25 30 66
-0.916649230000 -0.391994770000 0.078066000000 0.908704080000
0.285588500000 -0.505704900000 0.814064960000 -1.828832830000
-0.279630840000 0.768506770000 0.575503200000 2.063821900000
0.000000000000 0.000000000000 0.000000000000 1.000000000000
25 31 66
0.779138220000 0.489822000000 0.391175210000 -1.197781560000
-0.384575860000 0.866304420000 -0.318775860000 0.814077830000
-0.495020250000 0.097933910000 0.863344600000 1.622265070000
0.000000000000 0.000000000000 0.000000000000 1.000000000000
25 32 66
0.494741120000 -0.502141710000 0.709284800000 -1.864965950000
0.852609310000 0.438421970000 -0.284329980000 0.450014120000
-0.168192100000 0.745412560000 0.645036070000 1.622959660000
0.000000000000 0.000000000000 0.000000000000 1.000000000000
25 33 66
0.910353350000 -0.060964770000 0.409316590000 -1.419113670000
-0.092681620000 0.933929290000 0.345233530000 -0.465992650000
-0.403319840000 -0.352220630000 0.844555350000 0.374240910000
0.000000000000 0.000000000000 0.000000000000 1.000000000000
25 34 66
0.948633440000 -0.217579320000 0.229682030000 0.597605270000
0.175544580000 0.965958110000 0.190023780000 -0.147405940000
-0.263208460000 -0.139943480000 0.954535030000 0.227186570000
0.000000000000 0.000000000000 0.000000000000 1.000000000000
25 35 66
0.945491840000 0.294937310000 -0.138047680000 0.667127300000
0.322215660000 -0.785944830000 0.527700480000 -1.161752070000
0.047140700000 -0.543417620000 -0.838137850000 4.894010540000
0.000000000000 0.000000000000 0.000000000000 1.000000000000
25 36 66
-0.713429530000 0.090286290000 -0.694886100000 2.033239430000
0.650530740000 -0.283232460000 -0.704690810000 1.560869530000
-0.260438220000 -0.954792000000 0.143332400000 3.093751430000
0.000000000000 0.000000000000 0.000000000000 1.000000000000
25 37 66
0.016837340000 0.999036900000 0.040518940000 0.724022450000
0.959446760000 -0.027548270000 0.280540550000 -1.219259660000
0.281386590000 0.034152210000 -0.958986560000 5.208930780000
0.000000000000 0.000000000000 0.000000000000 1.000000000000
25 38 66
0.993907740000 0.096382010000 0.053459410000 -0.099336980000
-0.071082720000 0.931246830000 -0.357388560000 0.636122350000
-0.084229740000 0.351411210000 0.932424530000 1.006282430000
0.000000000000 0.000000000000 0.000000000000 1.000000000000
25 39 66
0.249740030000 0.635563070000 -0.730540550000 1.917595990000
0.781983310000 -0.577325440000 -0.234941350000 0.592097490000
-0.571079690000 -0.512596260000 -0.641180990000 4.661492290000
0.000000000000 0.000000000000 0.000000000000 1.000000000000
25 40 66
0.710771620000 -0.659220540000 0.245422040000 -0.561364540000
-0.675882480000 -0.736699020000 -0.021387820000 -0.212933880000
0.194901460000 -0.150674600000 -0.969180370000 5.135045350000
0.000000000000 0.000000000000 0.000000000000 1.000000000000
25 41 66
0.998932520000 -0.036807240000 0.027911520000 -0.062270160000
-0.022940930000 0.129156500000 0.991358820000 -1.726435350000
-0.040094140000 -0.990940880000 0.128174240000 1.924544210000
0.000000000000 0.000000000000 0.000000000000 1.000000000000
25 42 66
0.052916540000 -0.962977100000 0.264338700000 -0.619527100000
0.832890440000 0.188594830000 0.520312880000 -1.828336190000
-0.550902300000 0.192632020000 0.812034210000 1.264752670000
0.000000000000 0.000000000000 0.000000000000 1.000000000000
25 43 66
0.986791560000 0.156842240000 0.040533080000 0.198133990000
0.153478690000 -0.985235390000 0.075865150000 -0.354556270000
0.051833490000 -0.068642130000 -0.996293910000 5.615365240000
0.000000000000 0.000000000000 0.000000000000 1.000000000000
25 44 66
-0.931610310000 0.283821570000 0.227040860000 -0.600519470000
0.103039180000 0.805279050000 -0.583873770000 1.724134360000
-0.348547220000 -0.520548720000 -0.779451010000 5.136992500000
0.000000000000 0.000000000000 0.000000000000 1.000000000000
25 45 66
-0.461570440000 -0.216215360000 0.860350890000 -1.447792780000
0.879285420000 0.016968010000 0.475992890000 -1.375222470000
-0.117515420000 0.976198240000 0.182283080000 1.465410350000
0.000000000000 0.000000000000 0.000000000000 1.000000000000
25 46 66
-0.833688305000 0.358797534000 0.419795354000 -0.708531384000
0.552221067000 0.547103626000 0.629070358000 -1.607259550000
-0.003962667130 0.756268439000 -0.654249452000 4.157039930000
0.000000000000 0.000000000000 0.000000000000 1.000000000000
25 47 66
0.545640630000 -0.696706960000 0.465699170000 -1.200549780000
0.835799320000 0.412006910000 -0.362890880000 0.339445570000
0.060957330000 0.587239060000 0.807114920000 1.304840000000
0.000000000000 0.000000000000 0.000000000000 1.000000000000
25 48 66
0.078147160000 -0.713207650000 0.696583000000 -1.865936130000
-0.966143500000 -0.226511220000 -0.123528940000 0.035926000000
0.245885650000 -0.663345700000 -0.706762140000 4.550119390000
0.000000000000 0.000000000000 0.000000000000 1.000000000000
25 49 66
-0.486582270000 0.514988270000 -0.705708700000 1.940961560000
0.870686650000 0.352167240000 -0.343340940000 0.913211550000
0.071710930000 -0.781514760000 -0.619751750000 4.418258540000
0.000000000000 0.000000000000 0.000000000000 1.000000000000
25 50 66
-0.644462860000 0.189675610000 -0.740736660000 1.901756920000
-0.085669880000 0.944733760000 0.316447150000 -0.810680660000
0.759821230000 0.267397260000 -0.592596330000 4.320177670000
0.000000000000 0.000000000000 0.000000000000 1.000000000000
25 51 66
0.967641270000 -0.176759830000 0.180073160000 -0.464781560000
0.227561320000 0.919649020000 -0.320096120000 0.647401270000
-0.109023970000 0.350715910000 0.930114040000 -0.041094220000
0.000000000000 0.000000000000 0.000000000000 1.000000000000
25 52 66
-0.819091990000 0.254614350000 -0.514062100000 1.394308920000
-0.571620280000 -0.286711840000 0.768795540000 -2.865877350000
0.048358690000 0.923562590000 0.380386100000 1.687029580000
0.000000000000 0.000000000000 0.000000000000 1.000000000000
25 53 66
0.766956820000 -0.623882550000 0.150159250000 -1.198775140000
0.442504890000 0.683663150000 0.580339660000 -1.781993080000
-0.464722130000 -0.378649260000 0.800411190000 0.664369270000
0.000000000000 0.000000000000 0.000000000000 1.000000000000
25 54 66
0.892768180000 -0.448733580000 0.040039430000 -0.495231040000
0.449628110000 0.893060240000 -0.016672300000 -0.151550170000
-0.028276200000 0.032887350000 0.999059000000 0.220357400000
0.000000000000 0.000000000000 0.000000000000 1.000000000000
25 55 66
-0.971685190000 -0.236160770000 -0.007482300000 -0.327373910000
-0.006014910000 0.056380460000 -0.998391240000 2.379544540000
0.236202700000 -0.970076970000 -0.056204550000 4.040108180000
0.000000000000 0.000000000000 0.000000000000 1.000000000000
25 56 66
0.997857950000 0.003572180000 -0.065320390000 0.286751870000
0.004323190000 0.992724310000 0.120331830000 -0.153421230000
0.065274980000 -0.120356470000 0.990582400000 0.238385260000
0.000000000000 0.000000000000 0.000000000000 1.000000000000
25 57 66
-0.489373700000 0.633227390000 -0.599613590000 1.241256480000
-0.565221890000 0.293293540000 0.771040280000 -2.156523210000
0.664106620000 0.716241560000 0.214383840000 2.388622590000
0.000000000000 0.000000000000 0.000000000000 1.000000000000
25 58 66
-0.963195350000 -0.138686220000 -0.230262570000 0.407888380000
-0.203236940000 -0.184902340000 0.961512280000 -2.719412810000
-0.175924600000 0.972922020000 0.149910910000 2.664485980000
0.000000000000 0.000000000000 0.000000000000 1.000000000000
25 59 66
0.961108040000 -0.018780250000 0.275533380000 -0.528437730000
0.018725530000 0.999820660000 0.002829510000 -0.034402280000
-0.275537110000 0.002440050000 0.961287340000 0.735264390000
0.000000000000 0.000000000000 0.000000000000 1.000000000000
25 60 66
0.795468120000 0.600775690000 0.079366470000 0.157826870000
-0.605950870000 0.786970110000 0.116196330000 -0.548445950000
0.007348890000 -0.140522660000 0.990050190000 1.318434030000
0.000000000000 0.000000000000 0.000000000000 1.000000000000
25 61 66
0.112884820000 -0.967770300000 -0.225117000000 0.889975560000
0.707681600000 -0.080725920000 0.701904610000 -1.029910540000
-0.697455210000 -0.238545530000 0.675760500000 1.196287540000
0.000000000000 0.000000000000 0.000000000000 1.000000000000
25 62 66
-0.135922970000 -0.356053310000 0.924527440000 -2.168967130000
0.423436090000 0.822780940000 0.379121870000 -0.630766260000
-0.895671160000 0.443009660000 0.038930990000 2.020880620000
0.000000000000 0.000000000000 0.000000000000 1.000000000000
25 63 66
0.768824080000 -0.636159450000 0.064889830000 0.435915220000
-0.615792150000 -0.709193460000 0.343285110000 -1.482711470000
-0.172364620000 -0.303884500000 -0.936987000000 5.440131410000
0.000000000000 0.000000000000 0.000000000000 1.000000000000
25 64 66
0.897515800000 0.023613920000 -0.440349600000 1.013797800000
-0.015026220000 0.999623020000 0.022978900000 -0.035928890000
0.440726220000 -0.014007140000 0.897532280000 0.702698020000
0.000000000000 0.000000000000 0.000000000000 1.000000000000
25 65 66
0.786272770000 -0.578337030000 -0.217488880000 0.849541840000
-0.600983290000 -0.797581210000 -0.051800590000 0.330969100000
-0.143506840000 0.171436580000 -0.974687280000 5.452384220000
0.000000000000 0.000000000000 0.000000000000 1.000000000000
26 28 66
0.763744990000 -0.350657440000 0.541971350000 -1.432162100000
0.632050840000 0.576829680000 -0.517473920000 1.378182400000
-0.131169080000 0.737771560000 0.662184110000 1.444633630000
0.000000000000 0.000000000000 0.000000000000 1.000000000000
26 29 66
0.939217770000 0.068823100000 0.336353030000 0.070987270000
-0.182611590000 0.929764820000 0.319672310000 -0.023060950000
-0.290728380000 -0.361663880000 0.885819540000 0.997615760000
0.000000000000 0.000000000000 0.000000000000 1.000000000000
26 30 66
0.505948290000 -0.836581090000 0.210115240000 -0.392422990000
-0.861457500000 -0.502411850000 0.073981800000 0.334735230000
0.043672610000 -0.218436310000 -0.974873470000 4.998514740000
0.000000000000 0.000000000000 0.000000000000 1.000000000000
26 31 66
0.095186450000 0.988259830000 -0.119507550000 1.085707190000
-0.966613000000 0.120451060000 0.226165530000 -0.444563960000
0.237905120000 0.093989660000 0.966730110000 1.037103490000
0.000000000000 0.000000000000 0.000000000000 1.000000000000
26 32 66
0.894171730000 -0.361161720000 0.264611270000 -1.108627560000
0.444649590000 0.785484100000 -0.430466580000 1.632439250000
-0.052379900000 0.502570340000 0.862948090000 1.023936510000
0.000000000000 0.000000000000 0.000000000000 1.000000000000
26 33 66
0.915160320000 -0.267815720000 0.301257910000 -0.889210730000
-0.398076880000 -0.717980410000 0.570998190000 -1.328632130000
0.063374990000 -0.642478690000 -0.763678430000 5.112747480000
0.000000000000 0.000000000000 0.000000000000 1.000000000000
26 34 66
0.941324220000 0.223376520000 -0.253005210000 0.362576050000
-0.315042820000 0.312653000000 -0.896100510000 2.670493860000
-0.121064980000 0.923228590000 0.364681010000 2.070331520000
0.000000000000 0.000000000000 0.000000000000 1.000000000000
26 35 66
-0.985308470000 0.143267260000 -0.092960830000 0.489093860000
0.144731180000 0.989428550000 -0.009166680000 0.460688860000
0.090664820000 -0.022486340000 -0.995627570000 4.726667920000
0.000000000000 0.000000000000 0.000000000000 1.000000000000
26 36 66
-0.971788170000 -0.199365800000 0.126019960000 -0.175794250000
0.180635110000 -0.285561530000 0.941183070000 -2.667277210000
-0.151653270000 0.937394200000 0.313517780000 2.515027410000
0.000000000000 0.000000000000 0.000000000000 1.000000000000
26 37 66
-0.977682850000 -0.180208860000 0.107986140000 0.880693910000
0.187349780000 -0.515302450000 0.836279530000 -2.372359380000
-0.095059460000 0.837847330000 0.537564460000 1.808141610000
0.000000000000 0.000000000000 0.000000000000 1.000000000000
26 38 66
0.960394880000 -0.276699360000 -0.032850140000 -0.192201170000
0.116148880000 0.504700450000 -0.855445440000 2.789837250000
0.253280690000 0.817749910000 0.516850050000 1.745329750000
0.000000000000 0.000000000000 0.000000000000 1.000000000000
26 39 66
0.786107120000 0.121654470000 -0.605999830000 1.299527680000
0.217992230000 0.862868310000 0.456001820000 -0.496349190000
0.578372710000 -0.490569530000 0.651787190000 1.225977810000
0.000000000000 0.000000000000 0.000000000000 1.000000000000
26 40 66
0.769425470000 -0.638519140000 -0.016665790000 -0.101421120000
0.632438840000 0.765234710000 -0.120153840000 0.239813790000
0.089473770000 0.081909330000 0.992615390000 1.195564550000
0.000000000000 0.000000000000 0.000000000000 1.000000000000
26 41 66
-0.593100350000 -0.787115510000 0.169355110000 -1.019025160000
0.585118420000 -0.276896740000 0.762210360000 -1.378730010000
-0.553053720000 0.551160020000 0.624783340000 1.645667890000
0.000000000000 0.000000000000 0.000000000000 1.000000000000
26 42 66
0.221255140000 0.973443690000 -0.058766950000 0.263440680000
-0.973746120000 0.217212930000 -0.068095800000 0.115017160000
-0.053522490000 0.072290640000 0.995946490000 0.665968840000
0.000000000000 0.000000000000 0.000000000000 1.000000000000
26 43 66
-0.314052560000 0.906084160000 -0.283518060000 0.397597180000
-0.942000920000 -0.334608680000 -0.025909530000 -0.255315760000
-0.118343820000 0.258937320000 0.958616820000 1.099806330000
0.000000000000 0.000000000000 0.000000000000 1.000000000000
26 44 66
-0.172238350000 0.973125480000 -0.152842230000 0.571503530000
-0.786190030000 -0.042316850000 0.616534290000 -2.071058390000
0.593497420000 0.226353880000 0.772350130000 1.291149480000
0.000000000000 0.000000000000 0.000000000000 1.000000000000
26 45 66
-0.616259040000 0.079495390000 0.783521070000 -1.353355000000
0.748948010000 -0.248477250000 0.614276750000 -1.371026950000
0.243519330000 0.965370160000 0.093588440000 1.836754930000
0.000000000000 0.000000000000 0.000000000000 1.000000000000
26 46 66
-0.697087210000 0.708232620000 0.111695890000 -0.065177560000
0.378445760000 0.231133850000 0.896301260000 -2.012264110000
0.608973090000 0.667070980000 -0.429148080000 3.672471170000
0.000000000000 0.000000000000 0.000000000000 1.000000000000
26 47 66
-0.312275860000 0.739663480000 -0.596139010000 1.422158980000
-0.706969810000 0.238226950000 0.665914110000 -0.756833850000
0.634568730000 0.629401190000 0.448527220000 1.915716000000
0.000000000000 0.000000000000 0.000000000000 1.000000000000
26 48 66
-0.954115990000 0.272916800000 -0.123203510000 1.259000040000
-0.278298470000 -0.656371250000 0.701232300000 -2.117927300000
0.110510830000 0.703344300000 0.702206630000 1.786796450000
0.000000000000 0.000000000000 0.000000000000 1.000000000000
26 49 66
0.583400880000 0.788669060000 -0.194021960000 0.903985150000
0.754470660000 -0.437809650000 0.488975190000 -1.497179720000
0.300694920000 -0.431652430000 -0.850446200000 5.140118910000
0.000000000000 0.000000000000 0.000000000000 1.000000000000
26 50 66
-0.859705950000 -0.029009130000 0.509964850000 -0.657654190000
0.497731120000 0.176728600000 0.849135290000 -2.161066960000
-0.114758050000 0.983832040000 -0.137495880000 3.094208640000
0.000000000000 0.000000000000 0.000000000000 1.000000000000
26 51 66
0.611948240000 0.789162270000 -0.052366560000 -0.103241070000
-0.784642310000 0.614087000000 0.085050640000 -0.366966650000
0.099276380000 -0.010957570000 0.994999560000 0.133843400000
0.000000000000 0.000000000000 0.000000000000 1.000000000000
26 52 66
0.906604510000 0.116589530000 0.405555350000 -1.230829470000
-0.246711970000 0.926151890000 0.285264570000 -0.221257450000
-0.342346990000 -0.358677500000 0.868417520000 0.343350550000
0.000000000000 0.000000000000 0.000000000000 1.000000000000
26 53 66
0.452161020000 -0.763595450000 0.460947290000 -1.496206070000
0.183138690000 0.585264840000 0.789889420000 -1.849533210000
-0.872932200000 -0.272739920000 0.404477820000 1.580001550000
0.000000000000 0.000000000000 0.000000000000 1.000000000000
26 54 66
0.951075900000 -0.023402180000 -0.308069740000 0.714633830000
0.041021340000 0.997864000000 0.050839820000 -0.289993250000
0.306221940000 -0.060989960000 0.950004390000 -0.291605540000
0.000000000000 0.000000000000 0.000000000000 1.000000000000
26 55 66
-0.617376440000 -0.445521790000 0.648349180000 -0.648073560000
-0.503436320000 -0.409540690000 -0.760807660000 2.447867250000
0.604481760000 -0.796107260000 0.028548920000 3.414049190000
0.000000000000 0.000000000000 0.000000000000 1.000000000000
26 56 66
-0.747668890000 0.322825610000 -0.580323060000 1.479759980000
0.096305650000 -0.811936940000 -0.575746150000 2.223139370000
-0.657051330000 -0.486355880000 0.575970060000 1.065495080000
0.000000000000 0.000000000000 0.000000000000 1.000000000000
26 57 66
0.958410160000 0.261465440000 0.114393150000 0.333126910000
-0.143298690000 0.787511890000 -0.599408460000 2.046871860000
-0.246810560000 0.558086770000 0.792227050000 0.651569230000
0.000000000000 0.000000000000 0.000000000000 1.000000000000
26 58 66
-0.489150060000 0.484413760000 -0.725310640000 1.706711400000
-0.817764110000 0.034467460000 0.574520550000 -1.079048140000
0.303305270000 0.874159770000 0.379276430000 1.978433900000
0.000000000000 0.000000000000 0.000000000000 1.000000000000
26 59 66
0.465171950000 0.877292410000 0.118207800000 0.234635820000
-0.820009420000 0.477348440000 -0.315789500000 0.815833560000
-0.333466050000 0.049964910000 0.941437150000 0.779773670000
0.000000000000 0.000000000000 0.000000000000 1.000000000000
26 60 66
0.315917350000 -0.944766520000 0.087249360000 0.391344290000
0.870585480000 0.325209290000 0.369215160000 -0.528106580000
-0.377196430000 -0.040683450000 0.925239270000 1.325677180000
0.000000000000 0.000000000000 0.000000000000 1.000000000000
26 61 66
-0.098415150000 -0.883044110000 0.458854610000 -1.051749110000
0.068690430000 0.453965340000 0.888367660000 -1.034678840000
-0.992771920000 0.118947760000 0.015979610000 2.317645780000
0.000000000000 0.000000000000 0.000000000000 1.000000000000
26 62 66
-0.978251590000 0.112380590000 -0.174339990000 -0.144406750000
-0.202307100000 -0.702446690000 0.682378550000 -1.549934730000
-0.045778450000 0.702808110000 0.709904980000 1.225722890000
0.000000000000 0.000000000000 0.000000000000 1.000000000000
26 63 66
-0.092578200000 0.692627250000 -0.715329830000 1.623254670000
0.888778740000 -0.266396710000 -0.372968030000 1.054226280000
-0.448889330000 -0.670298650000 -0.590929850000 4.498957880000
0.000000000000 0.000000000000 0.000000000000 1.000000000000
26 64 66
0.282065720000 -0.515234260000 0.809303770000 -1.201440830000
0.959369440000 0.145309380000 -0.241858340000 1.343693540000
0.007014280000 0.844641250000 0.535286800000 1.292548010000
0.000000000000 0.000000000000 0.000000000000 1.000000000000
26 65 66
-0.771684290000 0.270819910000 0.575464980000 -1.602217330000
0.261758720000 0.959864460000 -0.100710410000 0.670109410000
-0.579642770000 0.072916330000 -0.811601790000 4.977771000000
0.000000000000 0.000000000000 0.000000000000 1.000000000000
27 29 66
-0.593613390000 0.642023170000 -0.485210670000 1.809140310000
-0.804687400000 -0.466000840000 0.367860580000 -0.941259820000
0.010066440000 0.608809880000 0.793252290000 1.345935640000
0.000000000000 0.000000000000 0.000000000000 1.000000000000
27 30 66
0.911909310000 -0.028621150000 0.409392530000 -1.110987010000
-0.392833140000 -0.349549800000 0.850586310000 -1.665119360000
0.118758320000 -0.936480520000 -0.330001050000 3.287042720000
0.000000000000 0.000000000000 0.000000000000 1.000000000000
27 31 66
0.776885520000 0.417016470000 -0.471747980000 0.027281140000
-0.268051880000 0.896995370000 0.351493230000 0.057078070000
0.569734220000 -0.146617060000 0.808644760000 0.032167620000
0.000000000000 0.000000000000 0.000000000000 1.000000000000
27 32 66
0.837077390000 0.395496980000 -0.377999450000 1.079994070000
-0.412112960000 0.910264020000 0.039778420000 0.448093500000
0.359811540000 0.122480850000 0.924950860000 0.084683560000
0.000000000000 0.000000000000 0.000000000000 1.000000000000
27 33 66
0.916364870000 -0.092857440000 0.389426390000 -1.033471210000
0.134313370000 0.987659620000 -0.080550560000 0.514797740000
-0.377141000000 0.126118870000 0.917528580000 0.689062700000
0.000000000000 0.000000000000 0.000000000000 1.000000000000
27 34 66
0.444640690000 0.650347750000 -0.615907830000 1.656454210000
-0.760554140000 0.637340360000 0.123913920000 -0.357589320000
0.473130060000 0.413334080000 0.778012140000 0.800142750000
0.000000000000 0.000000000000 0.000000000000 1.000000000000
27 35 66
0.971821310000 0.235609060000 0.007191170000 -0.321306680000
0.126019470000 -0.493529570000 -0.860550780000 2.072017200000
-0.199204510000 0.837207820000 -0.509313890000 3.853663290000
0.000000000000 0.000000000000 0.000000000000 1.000000000000
27 36 66
-0.975784030000 0.218707297000 0.003556078090 -0.077684633300
0.178359306000 0.786146015000 0.591745216000 -1.288236360000
0.126623400000 0.578049791000 -0.806117208000 4.234417620000
0.000000000000 0.000000000000 0.000000000000 1.000000000000
27 37 66
-0.612744330000 0.436200730000 -0.658994160000 1.566278010000
-0.360292120000 0.587980910000 0.724201650000 -1.566029560000
0.703373280000 0.681180860000 -0.203122280000 3.292519700000
0.000000000000 0.000000000000 0.000000000000 1.000000000000
27 38 66
-0.902208760000 0.421379370000 0.091971640000 0.116125890000
0.214108770000 0.252467460000 0.943619420000 -2.073638500000
0.374401910000 0.871033640000 -0.317999370000 3.115342280000
0.000000000000 0.000000000000 0.000000000000 1.000000000000
27 39 66
-0.171093790000 0.555239154000 -0.813901958000 2.276497170000
-0.235999136000 0.778938895000 0.580997939000 -1.273363810000
0.956572696000 0.291485298000 -0.002235647020 2.776475670000
0.000000000000 0.000000000000 0.000000000000 1.000000000000
27 40 66
-0.901772680000 -0.388585570000 0.189228150000 -0.363239710000
-0.417276150000 0.668642500000 -0.615465530000 0.948794850000
0.112635040000 -0.633970400000 -0.765111030000 4.744888310000
0.000000000000 0.000000000000 0.000000000000 1.000000000000
27 41 66
0.975989660000 -0.026118050000 0.216245320000 -0.216419300000
-0.011147630000 0.985494500000 0.169340860000 -0.395714420000
-0.217531420000 -0.167685550000 0.961541280000 0.594917360000
0.000000000000 0.000000000000 0.000000000000 1.000000000000
27 42 66
0.059611740000 0.920620350000 0.385881600000 -0.767388180000
-0.651964220000 -0.256821980000 0.713431940000 -1.536560050000
0.755902840000 -0.294109920000 0.584901920000 1.227478530000
0.000000000000 0.000000000000 0.000000000000 1.000000000000
27 43 66
0.969142570000 0.202226500000 0.140950770000 0.208954570000
-0.246348870000 0.814660350000 0.525015000000 -1.094452570000
-0.008655060000 -0.543537450000 0.839340290000 0.548031430000
0.000000000000 0.000000000000 0.000000000000 1.000000000000
27 44 66
0.862371780000 0.013268560000 -0.506101620000 1.329259610000
0.204513510000 0.905333870000 0.372216070000 -1.331746030000
0.463129710000 -0.424493260000 0.778020790000 0.892635580000
0.000000000000 0.000000000000 0.000000000000 1.000000000000
27 45 66
0.173906510000 -0.771226230000 -0.612345180000 1.280396010000
0.984694760000 0.128912000000 0.117294150000 -0.804094330000
-0.011521680000 -0.623371310000 0.781841070000 0.396743510000
0.000000000000 0.000000000000 0.000000000000 1.000000000000
27 46 66
0.990984330000 -0.019376830000 -0.132569210000 -0.126138130000
0.052565270000 0.966380050000 0.251687270000 -0.981054290000
0.123235340000 -0.256386680000 0.958686040000 0.110589670000
0.000000000000 0.000000000000 0.000000000000 1.000000000000
27 47 66
-0.670949240000 0.168390550000 -0.722130000000 1.605124320000
-0.740710240000 -0.197234290000 0.642220350000 -1.115299340000
-0.034284960000 0.965786340000 0.257062800000 1.917041300000
0.000000000000 0.000000000000 0.000000000000 1.000000000000
27 48 66
-0.214832990000 0.641505760000 -0.736421860000 1.987368030000
0.626500840000 -0.487925420000 -0.607803810000 1.533404010000
-0.749228590000 -0.591945220000 -0.297081420000 2.891128650000
0.000000000000 0.000000000000 0.000000000000 1.000000000000
27 49 66
0.556883920000 -0.397768430000 0.729150590000 -2.208082840000
0.480740240000 0.870239490000 0.107573500000 0.053792420000
-0.677324970000 0.290626070000 0.675845670000 1.500663020000
0.000000000000 0.000000000000 0.000000000000 1.000000000000
27 50 66
-0.879369460000 0.175628360000 -0.442565290000 1.658045780000
-0.345374870000 0.404544510000 0.846793920000 -1.880690900000
0.327758390000 0.897495640000 -0.295086470000 2.861631240000
0.000000000000 0.000000000000 0.000000000000 1.000000000000
27 51 66
-0.656633490000 0.035446660000 0.753376400000 -2.015687810000
-0.680029950000 0.404172410000 -0.611722100000 0.770747810000
-0.326177460000 -0.913995730000 -0.241288350000 3.896314290000
0.000000000000 0.000000000000 0.000000000000 1.000000000000
27 52 66
-0.938354470000 0.224074570000 -0.263213730000 0.588470410000
0.119317870000 0.924606850000 0.361753270000 -1.198394140000
0.324428920000 0.308046700000 -0.894345070000 5.436866500000
0.000000000000 0.000000000000 0.000000000000 1.000000000000
27 53 66
-0.889664710000 0.346693240000 -0.297154000000 0.920896120000
-0.252731910000 0.168122440000 0.952817630000 -3.005780510000
0.380293680000 0.922788520000 -0.061952160000 2.854839920000
0.000000000000 0.000000000000 0.000000000000 1.000000000000
27 54 66
-0.789806200000 0.612900540000 0.023645350000 -0.236292830000
0.536007830000 0.670952670000 0.512365220000 -2.252576080000
0.298164010000 0.417343320000 -0.858442060000 4.883652290000
0.000000000000 0.000000000000 0.000000000000 1.000000000000
27 55 66
0.896667050000 -0.398313350000 0.193221840000 0.803180120000
-0.408264390000 -0.912771430000 0.012980800000 0.511779370000
0.171196950000 -0.090525050000 -0.981069220000 5.047328330000
0.000000000000 0.000000000000 0.000000000000 1.000000000000
27 56 66
0.589865280000 0.435137470000 -0.680231090000 1.318736000000
0.362289790000 -0.895457380000 -0.258654580000 0.417500290000
-0.721668240000 -0.093869420000 -0.685845080000 4.875755760000
0.000000000000 0.000000000000 0.000000000000 1.000000000000
27 57 66
-0.884605890000 -0.330069190000 -0.329433990000 -0.096822690000
-0.465903350000 0.656069030000 0.593723410000 -1.693675900000
0.020161630000 0.678695630000 -0.734142870000 3.833510890000
0.000000000000 0.000000000000 0.000000000000 1.000000000000
27 58 66
0.982841870000 0.095033110000 0.158084070000 -0.592257420000
-0.184367350000 0.480475280000 0.857410170000 -2.123845440000
0.005526870000 -0.871844150000 0.489752220000 0.864204990000
0.000000000000 0.000000000000 0.000000000000 1.000000000000
27 59 66
0.568985760000 0.479381600000 -0.668168000000 0.631772910000
-0.348731620000 0.876494010000 0.331880270000 -0.293487870000
0.744742550000 0.044176160000 0.665888130000 0.515645240000
0.000000000000 0.000000000000 0.000000000000 1.000000000000
27 60 66
0.788495710000 -0.603829720000 -0.116893930000 0.041962480000
-0.561672540000 -0.629513050000 -0.536877340000 0.909594100000
0.250596240000 0.488981590000 -0.835522910000 4.629231480000
0.000000000000 0.000000000000 0.000000000000 1.000000000000
27 61 66
0.836428130000 -0.423895770000 0.347419580000 -0.506011440000
-0.407374110000 -0.904897280000 -0.123317660000 0.297090320000
0.366652870000 -0.038383380000 -0.929565700000 4.908061290000
0.000000000000 0.000000000000 0.000000000000 1.000000000000
27 62 66
0.639094130000 0.513797440000 -0.572338090000 1.822362330000
-0.425979020000 0.856037960000 0.292815440000 -0.726438550000
0.640390950000 0.056667390000 0.765955770000 0.995843220000
0.000000000000 0.000000000000 0.000000000000 1.000000000000
27 63 66
0.901543450000 0.057518220000 -0.428848520000 0.627545110000
0.208587810000 0.810581400000 0.547219260000 -0.994460270000
0.379091710000 -0.582794520000 0.718776750000 0.611509890000
0.000000000000 0.000000000000 0.000000000000 1.000000000000
27 64 66
0.853816630000 0.134705000000 -0.502843630000 1.249684630000
-0.459432100000 0.649191370000 -0.606195280000 0.935085600000
0.244784210000 0.748602120000 0.616178190000 1.409766690000
0.000000000000 0.000000000000 0.000000000000 1.000000000000
27 65 66
-0.146998450000 -0.944036950000 -0.295272240000 -0.068881960000
0.572551320000 -0.324630490000 0.752861230000 -1.470865680000
-0.806583190000 -0.058389080000 0.588229780000 0.676067510000
0.000000000000 0.000000000000 0.000000000000 1.000000000000
28 30 66
0.677585450000 0.520440100000 -0.519634540000 1.127811340000
-0.391768860000 0.853391260000 0.343861190000 -0.338997070000
0.622410730000 -0.029418710000 0.782137730000 0.577729110000
0.000000000000 0.000000000000 0.000000000000 1.000000000000
28 31 66
0.742113000000 0.278848080000 -0.609517880000 0.930358260000
-0.127396880000 0.951458840000 0.280171590000 -0.443247600000
0.658056480000 -0.130268300000 0.741614350000 0.424592530000
0.000000000000 0.000000000000 0.000000000000 1.000000000000
28 32 66
0.227851290000 -0.472616710000 0.851303260000 -1.572102140000
0.563755110000 0.776884150000 0.280412530000 -0.889502270000
-0.793891660000 0.416034210000 0.443454140000 1.692092190000
0.000000000000 0.000000000000 0.000000000000 1.000000000000
28 33 66
0.694893000000 0.689474300000 -0.204325500000 0.298693130000
0.635856170000 -0.721825350000 -0.273230860000 0.502693240000
-0.335872980000 0.059944580000 -0.939997870000 4.675204690000
0.000000000000 0.000000000000 0.000000000000 1.000000000000
28 34 66
-0.925995950000 0.346257290000 -0.150457300000 -0.033351060000
-0.074226750000 -0.557725910000 -0.826699580000 2.063936150000
-0.370164690000 -0.754352510000 0.542153480000 1.016115320000
0.000000000000 0.000000000000 0.000000000000 1.000000000000
28 35 66
0.627997880000 -0.773026570000 -0.089713870000 0.703781130000
-0.511011150000 -0.322677090000 -0.796710180000 1.717219900000
0.586929520000 0.546177090000 -0.597665720000 3.577139640000
0.000000000000 0.000000000000 0.000000000000 1.000000000000
28 36 66
-0.931718499000 -0.360405454000 -0.044816821400 0.703247590000
0.002276440070 -0.129193696000 0.991616764000 -2.648988110000
-0.363174141000 0.923805660000 0.121192598000 2.602868280000
0.000000000000 0.000000000000 0.000000000000 1.000000000000
28 37 66
0.833099120000 -0.443713070000 -0.330249260000 0.630050570000
0.137107880000 0.744088080000 -0.653861110000 1.801387680000
0.535861260000 0.499451340000 0.680735680000 0.703221340000
0.000000000000 0.000000000000 0.000000000000 1.000000000000
28 38 66
0.708693300000 -0.667108350000 -0.229608930000 -0.513958050000
0.692120570000 0.720507270000 0.042876340000 -0.192966720000
0.136831740000 -0.189303240000 0.972338090000 -0.692172600000
0.000000000000 0.000000000000 0.000000000000 1.000000000000
28 39 66
0.992737830000 0.080207430000 -0.089656930000 0.323393560000
0.076719630000 -0.996180360000 -0.041698810000 -0.215337720000
-0.092659030000 0.034517540000 -0.995099410000 4.778935500000
0.000000000000 0.000000000000 0.000000000000 1.000000000000
28 40 66
-0.694913480000 -0.669123890000 -0.263378960000 0.170968750000
0.313430660000 -0.611486070000 0.726530110000 -1.340248450000
-0.647191220000 0.422324530000 0.634653860000 0.683887690000
0.000000000000 0.000000000000 0.000000000000 1.000000000000
28 41 66
0.038009850000 0.998981930000 -0.024297380000 1.324308700000
-0.743871720000 0.044522190000 0.666837790000 -1.768471980000
0.667240670000 -0.007272270000 0.744806690000 1.262953340000
0.000000000000 0.000000000000 0.000000000000 1.000000000000
28 42 66
0.719311390000 -0.494294500000 0.488123020000 -1.371604980000
0.048020270000 0.736349380000 0.674895280000 -1.952371670000
-0.693026110000 -0.462020060000 0.553400650000 1.283823490000
0.000000000000 0.000000000000 0.000000000000 1.000000000000
28 43 66
-0.805952280000 0.580895290000 0.114024490000 -0.893036980000
0.415939190000 0.692734480000 -0.589163420000 1.578006580000
-0.421230950000 -0.427410340000 -0.799928050000 3.772025660000
0.000000000000 0.000000000000 0.000000000000 1.000000000000
28 44 66
-0.600586690000 -0.747420390000 0.284004220000 -0.843646950000
0.762200510000 -0.427883040000 0.485763820000 -1.003851930000
-0.241549200000 0.508211440000 0.826665060000 -0.364271920000
0.000000000000 0.000000000000 0.000000000000 1.000000000000
28 45 66
-0.362366070000 -0.093046440000 0.927379750000 -2.665699260000
-0.885209110000 0.345777710000 -0.311195460000 1.320069290000
-0.291711610000 -0.933691670000 -0.207663660000 3.476795170000
0.000000000000 0.000000000000 0.000000000000 1.000000000000
28 46 66
-0.057438200000 -0.996311400000 0.063752950000 -0.446914740000
0.973574260000 -0.041760580000 0.224519970000 -0.957839820000
-0.221029440000 0.074964250000 0.972381790000 -0.981356240000
0.000000000000 0.000000000000 0.000000000000 1.000000000000
28 47 66
0.922684392000 -0.333217541000 -0.193957684000 0.231257774000
0.325963702000 0.942849793000 -0.069151526500 0.348144866000
0.205915464000 0.000581869500 0.978569611000 0.082202356300
0.000000000000 0.000000000000 0.000000000000 1.000000000000
28 48 66
-0.571914580000 -0.021798910000 -0.820023490000 1.798673600000
-0.812350890000 0.153992700000 0.562469800000 -0.998205550000
0.114016400000 0.987831490000 -0.105779030000 2.658667870000
0.000000000000 0.000000000000 0.000000000000 1.000000000000
28 49 66
0.384497100000 0.817752870000 -0.428301540000 1.172412290000
0.644693680000 -0.569948210000 -0.509439980000 1.155134410000
-0.660705710000 -0.080245100000 -0.746343550000 4.293917250000
0.000000000000 0.000000000000 0.000000000000 1.000000000000
28 50 66
0.953830120000 -0.274780120000 -0.121259970000 0.204393100000
0.279526030000 0.959845570000 0.023700040000 -0.708114750000
0.109878540000 -0.056501120000 0.992337810000 -0.105106850000
0.000000000000 0.000000000000 0.000000000000 1.000000000000
28 51 66
-0.122804600000 -0.166252570000 0.978406410000 -2.470895080000
0.497472490000 0.842752850000 0.205642290000 -0.995187680000
-0.858743350000 0.511984100000 -0.020787850000 2.151854030000
0.000000000000 0.000000000000 0.000000000000 1.000000000000
28 52 66
-0.900851600000 -0.076546010000 0.427325530000 -1.099514950000
0.225271220000 0.759015450000 0.610858760000 -2.586702680000
-0.371105480000 0.646557230000 -0.666516670000 4.087937290000
0.000000000000 0.000000000000 0.000000000000 1.000000000000
28 53 66
-0.710212530000 -0.692855460000 0.124697500000 -0.056093790000
0.151862530000 0.022177070000 0.988152800000 -2.884628670000
-0.687412490000 0.720735380000 0.089468350000 2.109721690000
0.000000000000 0.000000000000 0.000000000000 1.000000000000
28 54 66
-0.289328200000 -0.680289530000 0.673420630000 -1.661972270000
-0.419333330000 -0.542337350000 -0.728031420000 2.073579740000
0.860493310000 -0.493027740000 -0.128354590000 2.757832120000
0.000000000000 0.000000000000 0.000000000000 1.000000000000
28 55 66
0.075081060000 -0.663333610000 0.744547760000 -1.709443250000
-0.356297150000 -0.715212210000 -0.601268520000 2.404188630000
0.931351260000 -0.220136370000 -0.290042760000 2.407241980000
0.000000000000 0.000000000000 0.000000000000 1.000000000000
28 56 66
0.445986320000 0.048437850000 -0.893728130000 2.638764940000
-0.174112790000 0.984154130000 -0.033546680000 -0.654059660000
0.877941300000 0.170570860000 0.447352930000 2.092286450000
0.000000000000 0.000000000000 0.000000000000 1.000000000000
28 57 66
-0.654872790000 -0.277791910000 0.702832330000 -1.594389990000
0.704612510000 0.111817220000 0.700726850000 -2.326619550000
-0.273245000000 0.954111400000 0.122509600000 2.240410940000
0.000000000000 0.000000000000 0.000000000000 1.000000000000
28 58 66
0.831062090000 -0.297087320000 -0.470186060000 1.248415030000
0.025467110000 0.864825220000 -0.501426730000 1.798458890000
0.555596280000 0.404742470000 0.726289410000 -0.051522790000
0.000000000000 0.000000000000 0.000000000000 1.000000000000
28 59 66
-0.723014270000 -0.078680630000 -0.686337900000 1.685837660000
-0.423951420000 -0.733882110000 0.530737450000 -1.418557000000
-0.545449860000 0.674704680000 0.497250480000 1.216222060000
0.000000000000 0.000000000000 0.000000000000 1.000000000000
28 60 66
0.896159460000 0.133834620000 -0.423067970000 0.270694420000
0.125977240000 0.837463070000 0.531775650000 -0.823148800000
0.425473790000 -0.529852710000 0.733640340000 0.178103490000
0.000000000000 0.000000000000 0.000000000000 1.000000000000
28 61 66
0.009594930000 0.672566640000 -0.739974360000 1.246072260000
-0.548595570000 0.622240330000 0.558444150000 -1.338612130000
0.836032790000 0.400588430000 0.374937430000 1.697711350000
0.000000000000 0.000000000000 0.000000000000 1.000000000000
28 62 66
0.987058550000 0.130814620000 -0.092752140000 1.028643730000
0.076040150000 -0.891048160000 -0.447494210000 0.577070540000
-0.141185410000 0.434650090000 -0.889463870000 5.026227580000
0.000000000000 0.000000000000 0.000000000000 1.000000000000
28 63 66
0.813057120000 0.581136660000 -0.034904070000 -0.159382690000
0.520665250000 -0.752657970000 -0.403005810000 1.184698240000
-0.260472280000 0.309493400000 -0.914531590000 4.079038480000
0.000000000000 0.000000000000 0.000000000000 1.000000000000
28 64 66
0.009248030000 -0.194631070000 0.980832920000 -2.610072750000
0.511738790000 0.843618300000 0.162577910000 -0.276750920000
-0.859091320000 0.500426720000 0.107402070000 1.582694250000
0.000000000000 0.000000000000 0.000000000000 1.000000000000
28 65 66
-0.666284722000 0.001792151900 0.745695284000 -1.531247540000
-0.727201943000 0.219776232000 -0.650288968000 1.951977060000
-0.165051517000 -0.975548664000 -0.145130290000 2.487829130000
0.000000000000 0.000000000000 0.000000000000 1.000000000000
29 31 66
0.997088140000 -0.043205860000 -0.062837050000 -0.412670110000
0.036244960000 0.993491960000 -0.107981630000 0.374400600000
0.067093540000 0.105389670000 0.992165040000 -0.089188850000
0.000000000000 0.000000000000 0.000000000000 1.000000000000
29 32 66
0.401075680000 0.815598660000 -0.417057700000 1.595512200000
0.871503930000 -0.479973570000 -0.100529900000 -0.592344690000
-0.282168720000 -0.323147330000 -0.903303170000 4.977098240000
0.000000000000 0.000000000000 0.000000000000 1.000000000000
29 33 66
0.958771340000 -0.265350360000 -0.101718690000 0.086875980000
0.181831500000 0.847900130000 -0.497998660000 1.043432700000
0.218391420000 0.458971180000 0.861191410000 -0.382318510000
0.000000000000 0.000000000000 0.000000000000 1.000000000000
29 34 66
0.428507350000 0.870908950000 -0.240622220000 0.337646200000
0.048389860000 0.243808480000 0.968615430000 -2.461607870000
0.902241580000 -0.426702510000 0.062330560000 2.110095720000
0.000000000000 0.000000000000 0.000000000000 1.000000000000
29 35 66
-0.827455340000 -0.561405620000 0.011890790000 0.048355870000
0.458832010000 -0.663761490000 0.590672390000 -1.046020410000
-0.323714150000 0.494210900000 0.806823860000 0.371646940000
0.000000000000 0.000000000000 0.000000000000 1.000000000000
29 36 66
-0.673813250000 -0.287576010000 0.680643630000 -1.568239470000
0.414800310000 0.615096700000 0.670519760000 -1.765946070000
-0.611487050000 0.734136280000 -0.295173690000 2.763730280000
0.000000000000 0.000000000000 0.000000000000 1.000000000000
29 37 66
0.971564120000 0.152831130000 -0.180847450000 0.024413710000
-0.224105990000 0.840059250000 -0.494041450000 0.925013090000
0.076417660000 0.520521950000 0.850421800000 -0.157832550000
0.000000000000 0.000000000000 0.000000000000 1.000000000000
29 38 66
0.891243750000 -0.269979370000 -0.364411460000 0.239530430000
0.020033370000 0.826161260000 -0.563077480000 1.235160520000
0.453081930000 0.494538900000 0.741719650000 -0.087311470000
0.000000000000 0.000000000000 0.000000000000 1.000000000000
29 39 66
0.171561650000 0.565178790000 -0.806932180000 2.425931020000
-0.304588540000 0.809375920000 0.502131900000 -1.235171520000
0.936905770000 0.159635720000 0.311004860000 1.695199800000
0.000000000000 0.000000000000 0.000000000000 1.000000000000
29 40 66
0.696818170000 -0.406930160000 0.590637180000 -1.217363600000
-0.336672240000 -0.912691030000 -0.231617960000 0.253722350000
0.633321590000 -0.037455540000 -0.772981790000 3.725708630000
0.000000000000 0.000000000000 0.000000000000 1.000000000000
29 41 66
0.040568940000 0.947968380000 -0.315769080000 0.805826980000
-0.860316510000 0.193861140000 0.471458770000 -1.234668840000
0.508143360000 0.252534770000 0.823417590000 0.364709650000
0.000000000000 0.000000000000 0.000000000000 1.000000000000
29 42 66
-0.153084110000 -0.918914300000 0.363540590000 -0.204296740000
-0.616166200000 -0.198853230000 -0.762100130000 1.589964020000
0.772595930000 -0.340666840000 -0.535762660000 3.819471590000
0.000000000000 0.000000000000 0.000000000000 1.000000000000
29 43 66
-0.524668740000 -0.790005990000 -0.317195930000 1.228814270000
0.451751890000 -0.574180830000 0.682815210000 -2.053625360000
-0.721555920000 0.214957930000 0.658141420000 0.817707270000
0.000000000000 0.000000000000 0.000000000000 1.000000000000
29 44 66
-0.603968500000 -0.733077640000 0.312760660000 -0.557469880000
0.758698640000 -0.408620280000 0.507351800000 -1.162544350000
-0.244127910000 0.543715590000 0.802978780000 -0.478182210000
0.000000000000 0.000000000000 0.000000000000 1.000000000000
29 45 66
0.653414890000 -0.691258060000 -0.308563260000 0.623020840000
0.576215380000 0.718526520000 -0.389481030000 -0.103563050000
0.490942780000 0.076693810000 0.867809450000 -0.581783440000
0.000000000000 0.000000000000 0.000000000000 1.000000000000
29 46 66
-0.889054210000 0.333547490000 0.313574030000 -0.935716650000
-0.358762810000 -0.082134980000 -0.929808090000 2.449668480000
-0.284379760000 -0.939148500000 0.192686890000 2.063067950000
0.000000000000 0.000000000000 0.000000000000 1.000000000000
29 47 66
0.960659080000 -0.206807680000 -0.185377220000 0.423761270000
0.116223130000 0.905568910000 -0.407967070000 0.804257380000
0.252242570000 0.370372150000 0.893978830000 -0.044792090000
0.000000000000 0.000000000000 0.000000000000 1.000000000000
29 48 66
-0.035602450000 0.181693710000 -0.982710470000 2.820372930000
-0.961772910000 0.260938850000 0.083088990000 -0.453643460000
0.271524090000 0.948102480000 0.165458030000 2.336561680000
0.000000000000 0.000000000000 0.000000000000 1.000000000000
29 49 66
0.927026860000 -0.374675750000 -0.015468860000 -0.524263410000
0.311508600000 0.792391630000 -0.524478680000 1.550700890000
0.208766840000 0.481387140000 0.851283050000 -0.265026110000
0.000000000000 0.000000000000 0.000000000000 1.000000000000
29 50 66
-0.263898670000 0.957975830000 -0.112426880000 0.574817460000
0.961308630000 0.270767250000 0.050703260000 -0.646956500000
0.079014010000 -0.094696410000 -0.992365550000 4.545447590000
0.000000000000 0.000000000000 0.000000000000 1.000000000000
29 51 66
-0.744885350000 0.649676740000 0.151874790000 -0.904542110000
0.542088100000 0.722028020000 -0.429902360000 0.865738030000
-0.388955420000 -0.237898450000 -0.890010120000 4.672755050000
0.000000000000 0.000000000000 0.000000000000 1.000000000000
29 52 66
-0.972994040000 -0.230727140000 0.006898340000 -0.265698710000
0.009657820000 -0.010832660000 0.999894680000 -3.052836280000
-0.230628110000 0.972958190000 0.012768440000 1.417185890000
0.000000000000 0.000000000000 0.000000000000 1.000000000000
29 53 66
-0.796870580000 0.603003280000 -0.037206590000 0.690766270000
-0.401329710000 -0.482313530000 0.778657900000 -2.370378620000
0.451588020000 0.635421680000 0.626344590000 -0.242617400000
0.000000000000 0.000000000000 0.000000000000 1.000000000000
29 54 66
-0.025440540000 0.148576260000 0.988573660000 -1.911007400000
-0.727457300000 -0.681036800000 0.083634640000 -0.041650600000
0.685681170000 -0.717017410000 0.125408830000 2.636590390000
0.000000000000 0.000000000000 0.000000000000 1.000000000000
29 55 66
-0.718037150000 0.675275180000 -0.168600390000 -0.586493680000
0.045648440000 -0.196027850000 -0.979535250000 2.605753860000
-0.694506210000 -0.711039040000 0.109930020000 1.675928020000
0.000000000000 0.000000000000 0.000000000000 1.000000000000
29 56 66
0.171953140000 -0.551584490000 0.816202590000 -2.231389970000
-0.407474120000 -0.794166640000 -0.450848300000 1.500563760000
0.896881800000 -0.255056650000 -0.361315860000 2.229879930000
0.000000000000 0.000000000000 0.000000000000 1.000000000000
29 57 66
0.407907800000 0.181975500000 0.894704500000 -1.561770030000
-0.706178900000 -0.558256300000 0.435501160000 -1.334916070000
0.578724970000 -0.809465760000 -0.099209840000 3.104672760000
0.000000000000 0.000000000000 0.000000000000 1.000000000000
29 58 66
0.907498780000 0.419958360000 -0.008996420000 0.315915100000
-0.411355170000 0.892836420000 0.183384970000 -0.497410640000
0.085046380000 -0.162720910000 0.983000010000 -0.710529780000
0.000000000000 0.000000000000 0.000000000000 1.000000000000
29 59 66
0.881651000000 0.468271210000 0.058425900000 -0.320876880000
-0.467965610000 0.883528060000 -0.019655850000 -0.214410630000
-0.060825190000 -0.010011710000 0.998098220000 -0.363440800000
0.000000000000 0.000000000000 0.000000000000 1.000000000000
29 60 66
-0.572616765000 0.439429279000 0.692106891000 -1.950514560000
0.609021614000 0.793153572000 0.000290539241 -0.101714664000
-0.548819382000 0.421674424000 -0.721794962000 3.224608790000
0.000000000000 0.000000000000 0.000000000000 1.000000000000
29 61 66
-0.687196550000 -0.724509700000 -0.053353520000 -0.386609630000
0.666176580000 -0.657754100000 0.351522840000 -0.363793480000
-0.289775200000 0.206022410000 0.934657740000 -0.068939550000
0.000000000000 0.000000000000 0.000000000000 1.000000000000
29 62 66
-0.909139830000 0.087418270000 0.407213470000 -1.395338000000
-0.336672410000 0.421331000000 -0.842099680000 1.571454220000
-0.245186560000 -0.902683900000 -0.353617480000 2.651614410000
0.000000000000 0.000000000000 0.000000000000 1.000000000000
29 63 66
0.874610220000 -0.237090120000 -0.422900980000 0.981629110000
0.052658400000 0.913566080000 -0.403266790000 0.691754100000
0.481958560000 0.330431970000 0.811499020000 -0.222882760000
0.000000000000 0.000000000000 0.000000000000 1.000000000000
29 64 66
-0.215825100000 -0.218698350000 -0.951625220000 1.911691250000
-0.665578540000 0.746046150000 -0.020502310000 -0.251804150000
0.714440150000 0.628956410000 -0.306576410000 2.510371560000
0.000000000000 0.000000000000 0.000000000000 1.000000000000
29 65 66
0.915285860000 0.048293350000 -0.399899420000 0.597813650000
-0.137740300000 -0.895414230000 -0.423392210000 0.847840220000
-0.378522670000 0.442607170000 -0.812908040000 4.055457380000
0.000000000000 0.000000000000 0.000000000000 1.000000000000
30 32 66
0.987010760000 -0.097577130000 0.127626260000 -0.709941300000
0.125846560000 0.963404770000 -0.236672550000 0.570911090000
-0.099861920000 0.249659680000 0.963170620000 -0.327419170000
0.000000000000 0.000000000000 0.000000000000 1.000000000000
30 33 66
0.993792370000 -0.017570260000 0.109854460000 -0.112700620000
0.038109470000 0.981472010000 -0.187777440000 0.369013860000
-0.104519780000 0.190798280000 0.976048990000 -0.443288360000
0.000000000000 0.000000000000 0.000000000000 1.000000000000
30 34 66
-0.881352020000 0.231563820000 0.411821350000 -0.578373430000
-0.445271220000 -0.115683550000 -0.887891240000 1.869136140000
-0.157962530000 -0.965916930000 0.205066630000 1.755755450000
0.000000000000 0.000000000000 0.000000000000 1.000000000000
30 35 66
0.965419380000 0.095492730000 -0.242583090000 1.349643830000
0.035051040000 -0.969596270000 -0.242186900000 0.674621370000
-0.258334750000 0.225309140000 -0.939414150000 3.891589790000
0.000000000000 0.000000000000 0.000000000000 1.000000000000
30 36 66
0.655985300000 -0.463590990000 0.595622930000 -1.252261020000
-0.480860490000 -0.864953530000 -0.143626530000 0.236630800000
0.581770120000 -0.192194640000 -0.790319400000 3.583122820000
0.000000000000 0.000000000000 0.000000000000 1.000000000000
30 37 66
0.927663230000 0.350831010000 -0.127900480000 0.464143140000
-0.365003040000 0.924214770000 -0.112248980000 -0.111755950000
0.078827090000 0.150813310000 0.985414450000 -0.081999240000
0.000000000000 0.000000000000 0.000000000000 1.000000000000
30 38 66
0.919610680000 -0.244502760000 -0.307464800000 0.803444870000
0.154018810000 0.944436690000 -0.290374820000 0.114290130000
0.361378480000 0.219676430000 0.906172090000 -0.227667000000
0.000000000000 0.000000000000 0.000000000000 1.000000000000
30 39 66
0.334316470000 0.334786900000 -0.880993890000 2.576500800000
-0.620243130000 0.781972170000 0.061789920000 -0.407227000000
0.709599150000 0.525773010000 0.469075450000 0.787918150000
0.000000000000 0.000000000000 0.000000000000 1.000000000000
30 40 66
0.955562150000 -0.080091250000 0.283701200000 -0.169205210000
-0.142996710000 -0.967511070000 0.208504840000 -0.741681280000
0.257784640000 -0.239807680000 -0.935969740000 3.943318300000
0.000000000000 0.000000000000 0.000000000000 1.000000000000
30 41 66
0.982039660000 -0.023649910000 -0.187186520000 0.927487080000
0.071030180000 0.965464250000 0.250666100000 -0.483108330000
0.174793670000 -0.259459940000 0.949804040000 -0.246979440000
0.000000000000 0.000000000000 0.000000000000 1.000000000000
30 42 66
-0.129902250000 0.900906410000 -0.414117190000 0.805672150000
0.944914980000 -0.014069450000 -0.327013340000 0.775383450000
-0.300434810000 -0.433785310000 -0.849452310000 4.181910720000
0.000000000000 0.000000000000 0.000000000000 1.000000000000
30 43 66
0.012633580000 -0.827153220000 0.561834450000 -0.958622140000
-0.920573880000 -0.228976460000 -0.316407200000 0.091085090000
0.390364100000 -0.513212760000 -0.764348440000 4.184057700000
0.000000000000 0.000000000000 0.000000000000 1.000000000000
30 44 66
-0.897666950000 -0.089334030000 0.431524600000 -0.448398660000
0.301860960000 -0.838071400000 0.454440640000 -1.455500890000
0.321051410000 0.538196770000 0.779275450000 -0.160637150000
0.000000000000 0.000000000000 0.000000000000 1.000000000000
30 45 66
0.058864370000 0.903695200000 -0.424110800000 0.497360220000
0.607583330000 -0.369527220000 -0.703059120000 1.560899870000
-0.792071640000 -0.216297520000 -0.570822130000 4.085158820000
0.000000000000 0.000000000000 0.000000000000 1.000000000000
30 46 66
0.637338660000 -0.726743430000 0.256209720000 -0.194936920000
0.768510750000 0.623834100000 -0.142204920000 -0.782044120000
-0.056485870000 0.287532620000 0.956103730000 -0.468723510000
0.000000000000 0.000000000000 0.000000000000 1.000000000000
30 47 66
0.614282560000 -0.399281620000 0.680610850000 -1.249644090000
0.719978690000 0.636601170000 -0.276350580000 0.357018290000
-0.322935960000 0.659782650000 0.678527250000 0.289614610000
0.000000000000 0.000000000000 0.000000000000 1.000000000000
30 48 66
0.992862200000 -0.070813180000 0.095969510000 0.043068090000
0.116312720000 0.752885960000 -0.647791690000 2.258667310000
-0.026381900000 0.654330360000 0.755748490000 0.440258650000
0.000000000000 0.000000000000 0.000000000000 1.000000000000
30 49 66
0.843200395000 -0.484333197000 0.233311912000 -0.998998508000
0.537599343000 0.759816773000 -0.365602816000 0.826889607000
-0.000200723453 0.433704769000 0.901055011000 -0.041650441200
0.000000000000 0.000000000000 0.000000000000 1.000000000000
30 50 66
-0.330213550000 -0.705986390000 0.626531900000 -1.441847880000
-0.920796590000 0.094955600000 -0.378308180000 1.940449000000
0.207587710000 -0.701830920000 -0.681425490000 3.902254370000
0.000000000000 0.000000000000 0.000000000000 1.000000000000
30 51 66
-0.902275380000 0.362869860000 -0.232861780000 0.693830230000
0.349327430000 0.298672640000 -0.888124430000 2.704038700000
-0.252724140000 -0.882677810000 -0.396245370000 3.403971930000
0.000000000000 0.000000000000 0.000000000000 1.000000000000
30 52 66
-0.421066050000 0.619542180000 -0.662473300000 1.779010090000
0.763141310000 -0.152765210000 -0.627915700000 1.859988330000
-0.490223130000 -0.769954730000 -0.408473990000 3.343772730000
0.000000000000 0.000000000000 0.000000000000 1.000000000000
30 53 66
0.903017490000 -0.391089580000 0.177787400000 -0.417754730000
0.424058640000 0.877727910000 -0.223087410000 -0.102289970000
-0.068801800000 0.276844120000 0.958448560000 -0.793990270000
0.000000000000 0.000000000000 0.000000000000 1.000000000000
30 54 66
0.212398210000 -0.904265770000 0.370392250000 -1.088979970000
-0.751287240000 0.091266360000 0.653634400000 -1.702510720000
-0.624863570000 -0.417101750000 -0.659978530000 4.554644680000
0.000000000000 0.000000000000 0.000000000000 1.000000000000
30 55 66
-0.934284390000 0.019710540000 -0.355983380000 1.135307440000
0.348535070000 0.260738400000 -0.900299280000 1.465319620000
0.075073160000 -0.965208260000 -0.250473630000 3.400934850000
0.000000000000 0.000000000000 0.000000000000 1.000000000000
30 56 66
-0.286718650000 -0.387796200000 0.876017420000 -1.797008150000
-0.928963120000 0.336021140000 -0.155297520000 0.283244430000
-0.234136580000 -0.858314570000 -0.456591890000 3.124673230000
0.000000000000 0.000000000000 0.000000000000 1.000000000000
30 57 66
-0.604381230000 -0.136087810000 0.784986260000 -1.771737840000
0.735399330000 0.283702620000 0.615386590000 -1.719929430000
-0.306449270000 0.949206470000 -0.071385660000 1.671237660000
0.000000000000 0.000000000000 0.000000000000 1.000000000000
30 58 66
0.921053400000 0.168660540000 -0.351018900000 1.109861440000
-0.256999600000 0.940455450000 -0.222474170000 0.870818010000
0.292595020000 0.295122310000 0.909555370000 -0.815594030000
0.000000000000 0.000000000000 0.000000000000 1.000000000000
30 59 66
0.889716990000 -0.294149400000 0.349112890000 -0.796075730000
0.190681650000 0.934287810000 0.301242080000 -0.814514080000
-0.414782100000 -0.201450770000 0.887340630000 -0.209022020000
0.000000000000 0.000000000000 0.000000000000 1.000000000000
30 60 66
0.557653900000 -0.616720950000 0.555587440000 -0.701998280000
-0.558544070000 -0.773920170000 -0.298456180000 0.304472550000
0.614044500000 -0.143884820000 -0.776045430000 3.486627020000
0.000000000000 0.000000000000 0.000000000000 1.000000000000
30 61 66
0.269682640000 0.642365450000 -0.717382670000 1.756168540000
-0.321254060000 0.762321740000 0.561837520000 -1.301972510000
0.907781420000 0.078944270000 0.411947450000 1.144640010000
0.000000000000 0.000000000000 0.000000000000 1.000000000000
30 62 66
-0.176858890000 -0.582278360000 0.793519280000 -1.727585980000
-0.966968020000 -0.047565690000 -0.250420340000 0.184095090000
0.183558640000 -0.811596830000 -0.554632140000 3.397572160000
0.000000000000 0.000000000000 0.000000000000 1.000000000000
30 63 66
0.603727230000 0.311616590000 -0.733763270000 2.195354760000
-0.420854610000 0.906305600000 0.038620740000 -0.406132990000
0.677048620000 0.285491260000 0.678306640000 0.390045970000
0.000000000000 0.000000000000 0.000000000000 1.000000000000
30 64 66
-0.924376800000 0.379496730000 0.038855810000 -0.253020960000
0.035836680000 0.187790060000 -0.981555210000 2.261449240000
-0.379793720000 -0.905934390000 -0.187188670000 2.602924260000
0.000000000000 0.000000000000 0.000000000000 1.000000000000
30 65 66
0.748214890000 0.278588280000 -0.602132090000 1.508011350000
-0.315201450000 0.947866350000 0.046876810000 -0.311178090000
0.583800070000 0.154718980000 0.797019140000 -0.204617270000
0.000000000000 0.000000000000 0.000000000000 1.000000000000
31 33 66
0.955024290000 -0.135906070000 -0.263549120000 1.112859150000
0.060922320000 0.959753140000 -0.274157570000 0.906528660000
0.290201770000 0.245771120000 0.924867280000 -0.566512870000
0.000000000000 0.000000000000 0.000000000000 1.000000000000
31 34 66
-0.451193320000 0.565689320000 0.690231980000 -1.167016410000
0.169443170000 0.813666580000 -0.556089660000 0.401664580000
-0.876192670000 -0.133948850000 -0.462973110000 3.478496220000
0.000000000000 0.000000000000 0.000000000000 1.000000000000
31 35 66
-0.677175670000 -0.599212960000 0.427056140000 0.142070250000
-0.547961740000 0.023315990000 -0.836178390000 1.970097570000
0.491091690000 -0.800250080000 -0.344134790000 2.775317990000
0.000000000000 0.000000000000 0.000000000000 1.000000000000
31 36 66
0.002884430000 -0.523340700000 0.852118650000 -1.382389210000
0.712124020000 0.599307950000 0.365662900000 -0.994261110000
-0.702047760000 0.605759430000 0.374412150000 1.005321330000
0.000000000000 0.000000000000 0.000000000000 1.000000000000
31 37 66
-0.566368810000 0.368974370000 -0.736942530000 2.378598420000
-0.823874020000 -0.276697740000 0.494641250000 -1.032578870000
-0.021400390000 0.887297180000 0.460701360000 0.960127120000
0.000000000000 0.000000000000 0.000000000000 1.000000000000
31 38 66
0.652726210000 -0.678810530000 -0.336399700000 0.845022900000
0.521403170000 0.724656540000 -0.450568120000 0.759200160000
0.549624630000 0.118697750000 0.826936280000 -0.307963800000
0.000000000000 0.000000000000 0.000000000000 1.000000000000
31 39 66
-0.543723230000 -0.807172750000 0.229863440000 0.316534150000
0.802634030000 -0.420075780000 0.423455960000 -1.453321850000
-0.245242050000 0.414739060000 0.876269280000 0.486524820000
0.000000000000 0.000000000000 0.000000000000 1.000000000000
31 40 66
-0.634979400000 -0.762843300000 0.121947790000 0.267414640000
0.678061770000 -0.474703380000 0.561149660000 -1.110027460000
-0.370180230000 0.439006600000 0.818681750000 0.421347070000
0.000000000000 0.000000000000 0.000000000000 1.000000000000
31 41 66
-0.920547600000 -0.314967290000 0.231057840000 -0.613188110000
-0.388178160000 0.803756450000 -0.450880570000 0.999558270000
-0.043701600000 -0.504748630000 -0.862159490000 3.743788210000
0.000000000000 0.000000000000 0.000000000000 1.000000000000
31 42 66
-0.396789540000 0.916946990000 -0.042027130000 1.133417760000
-0.727015890000 -0.285990250000 0.624225490000 -1.531943770000
0.560362340000 0.278240540000 0.780112980000 0.117287190000
0.000000000000 0.000000000000 0.000000000000 1.000000000000
31 43 66
-0.731022070000 0.681052100000 -0.042127870000 0.086155430000
0.494016870000 0.485654250000 -0.721170770000 1.614411600000
-0.470695290000 -0.548003630000 -0.691475200000 3.698277280000
0.000000000000 0.000000000000 0.000000000000 1.000000000000
31 44 66
0.046122250000 -0.954137930000 0.295793100000 -0.236192890000
0.997918640000 0.057368240000 0.029449520000 0.053954220000
-0.045068040000 0.293819160000 0.954797970000 -0.671703220000
0.000000000000 0.000000000000 0.000000000000 1.000000000000
31 45 66
0.315490070000 0.302579390000 -0.899395200000 2.884834910000
-0.260640740000 0.938978320000 0.224468530000 -1.382513750000
0.912432140000 0.163601440000 0.375102850000 0.619815370000
0.000000000000 0.000000000000 0.000000000000 1.000000000000
31 46 66
-0.212918090000 -0.415316290000 0.884408430000 -1.518291520000
0.963190240000 0.062809920000 0.261379930000 -0.956552210000
-0.164104960000 0.907506090000 0.386655230000 0.438988740000
0.000000000000 0.000000000000 0.000000000000 1.000000000000
31 47 66
-0.961937500000 -0.158223530000 -0.222803850000 0.985806720000
-0.217966630000 -0.047518980000 0.974798690000 -2.786166850000
-0.164823500000 0.986259230000 0.011222840000 2.463604380000
0.000000000000 0.000000000000 0.000000000000 1.000000000000
31 48 66
-0.123216410000 0.835024970000 -0.536237830000 2.113771330000
0.847269550000 -0.192812950000 -0.494931780000 0.826097410000
-0.516674000000 -0.515321700000 -0.683733520000 3.585029730000
0.000000000000 0.000000000000 0.000000000000 1.000000000000
31 49 66
0.263856570000 -0.568284450000 0.779379550000 -1.538771170000
0.369577250000 0.805912780000 0.462511890000 -0.821547880000
-0.890950260000 0.166004150000 0.422670390000 1.079472570000
0.000000000000 0.000000000000 0.000000000000 1.000000000000
31 50 66
-0.658884620000 -0.743478020000 0.114505430000 1.104984200000
0.680288790000 -0.523949080000 0.512527580000 -2.381593180000
-0.321057980000 0.415593300000 0.851001750000 -0.261279100000
0.000000000000 0.000000000000 0.000000000000 1.000000000000
31 51 66
-0.507001650000 0.561063230000 -0.654337360000 2.653643510000
0.564801920000 -0.357203370000 -0.743911650000 1.787866870000
-0.651112990000 -0.746735430000 -0.135786890000 3.532419950000
0.000000000000 0.000000000000 0.000000000000 1.000000000000
31 52 66
0.683797310000 0.497795690000 -0.533498530000 1.694963340000
0.620613260000 -0.781296630000 0.066443640000 0.651573770000
-0.383745250000 -0.376530250000 -0.843187140000 4.199721260000
0.000000000000 0.000000000000 0.000000000000 1.000000000000
31 53 66
0.699645860000 -0.714266670000 -0.017854840000 0.428490680000
0.435889050000 0.406899440000 0.802766210000 -2.675729770000
-0.566124020000 -0.569434790000 0.596026530000 0.344926260000
0.000000000000 0.000000000000 0.000000000000 1.000000000000
31 54 66
-0.242561210000 -0.881900880000 0.404246080000 -0.206253260000
0.969871070000 -0.210700350000 0.122292550000 -1.140551950000
-0.022675120000 0.421730000000 0.906437890000 -0.917616180000
0.000000000000 0.000000000000 0.000000000000 1.000000000000
31 55 66
0.785029950000 -0.232117150000 0.574325350000 -0.858696940000
-0.495963630000 -0.791006960000 0.358229060000 -0.486242660000
0.371144240000 -0.566065030000 -0.736085820000 4.355801030000
0.000000000000 0.000000000000 0.000000000000 1.000000000000
31 56 66
0.532299280000 -0.345497430000 0.772844750000 -1.265794450000
-0.828764080000 -0.398861390000 0.392504370000 -1.448792920000
0.172648680000 -0.849435760000 -0.498649490000 3.868202900000
0.000000000000 0.000000000000 0.000000000000 1.000000000000
31 57 66
0.995305610000 -0.059153320000 0.076600390000 0.490240350000
0.081656270000 0.938116850000 -0.336554640000 0.733182470000
-0.051951790000 0.341229620000 0.938543210000 -0.475814930000
0.000000000000 0.000000000000 0.000000000000 1.000000000000
31 58 66
0.901737520000 0.283767910000 -0.326106140000 1.472513470000
-0.327071090000 0.941127130000 -0.085464800000 0.092864580000
0.282655170000 0.183726710000 0.941461920000 -0.137814820000
0.000000000000 0.000000000000 0.000000000000 1.000000000000
31 59 66
0.823654450000 -0.483510960000 0.296328370000 -0.499367150000
0.167849630000 0.706983860000 0.687022800000 -1.627445540000
-0.541682430000 -0.516130780000 0.663467530000 0.577380970000
0.000000000000 0.000000000000 0.000000000000 1.000000000000
31 60 66
0.594105980000 0.786251000000 0.169845370000 -0.036835530000
0.795350840000 -0.542628070000 -0.270132980000 0.477801790000
-0.120229460000 0.295574270000 -0.947723970000 3.892426980000
0.000000000000 0.000000000000 0.000000000000 1.000000000000
31 61 66
0.981259920000 -0.074341390000 -0.177770450000 1.050162980000
0.065989490000 0.996440890000 -0.052449390000 -0.188351250000
0.181036910000 0.039735500000 0.982673260000 0.167052740000
0.000000000000 0.000000000000 0.000000000000 1.000000000000
31 62 66
-0.701339480000 -0.628621560000 0.336092060000 -0.527716730000
0.647562690000 -0.364775030000 0.669030450000 -1.426734870000
-0.297968970000 0.686858140000 0.662903000000 0.450560100000
0.000000000000 0.000000000000 0.000000000000 1.000000000000
31 63 66
0.826230000000 0.257373200000 -0.501101810000 2.249494550000
-0.313490370000 0.949136110000 -0.029401110000 -0.368779280000
0.468046770000 0.181382670000 0.864888750000 0.238420630000
0.000000000000 0.000000000000 0.000000000000 1.000000000000
31 64 66
-0.812596630000 -0.353097390000 0.463690580000 -0.871913810000
0.234777560000 0.529873070000 0.814931920000 -2.373018420000
-0.533447480000 0.771075070000 -0.347673730000 2.619954100000
0.000000000000 0.000000000000 0.000000000000 1.000000000000
31 65 66
-0.982501830000 0.184469320000 -0.025714470000 0.312903450000
0.071271330000 0.499916700000 0.863135960000 -2.050767050000
0.172077200000 0.846199960000 -0.504316440000 2.795852190000
0.000000000000 0.000000000000 0.000000000000 1.000000000000
32 34 66
0.009902010000 0.059077650000 -0.998204280000 2.718226260000
-0.955074940000 0.296254810000 0.008059350000 -0.606775200000
0.296198950000 0.953280080000 0.059357100000 2.609304860000
0.000000000000 0.000000000000 0.000000000000 1.000000000000
32 35 66
-0.738931220000 0.666929640000 -0.095841120000 0.334409310000
0.268601240000 0.161125630000 -0.949679900000 1.805717740000
-0.617927210000 -0.727491160000 -0.298198880000 3.481135490000
0.000000000000 0.000000000000 0.000000000000 1.000000000000
32 36 66
0.584209810000 0.425715880000 -0.690988340000 0.800496640000
-0.374504200000 0.896730520000 0.235841020000 -0.650254760000
0.720031600000 0.120997400000 0.683311150000 0.644162670000
0.000000000000 0.000000000000 0.000000000000 1.000000000000
32 37 66
0.965972440000 0.078305600000 -0.246506550000 0.060410260000
-0.085702990000 0.996131690000 -0.019407360000 0.011810670000
0.244033280000 0.039873330000 0.968946790000 -0.113416950000
0.000000000000 0.000000000000 0.000000000000 1.000000000000
32 38 66
0.597947380000 0.341164560000 -0.725303850000 1.155935270000
-0.487114950000 0.873289500000 0.009191080000 -0.281143830000
0.636535910000 0.347810560000 0.688367520000 0.966830030000
0.000000000000 0.000000000000 0.000000000000 1.000000000000
32 39 66
0.458996990000 0.340523120000 -0.820588670000 1.085248680000
-0.406436210000 0.901795670000 0.146881480000 -0.879257770000
0.790019850000 0.266098790000 0.552322430000 1.499397090000
0.000000000000 0.000000000000 0.000000000000 1.000000000000
32 40 66
-0.054991050000 0.884065450000 -0.464116650000 1.445103870000
-0.579719780000 0.350182900000 0.735728830000 -1.632083740000
0.812958160000 0.309516100000 0.493253300000 1.510589550000
0.000000000000 0.000000000000 0.000000000000 1.000000000000
32 41 66
0.902242430000 -0.354572400000 -0.245432280000 0.540850310000
0.429705520000 0.787037240000 0.442634780000 -0.694216640000
0.036218270000 -0.504827490000 0.862460110000 0.309219390000
0.000000000000 0.000000000000 0.000000000000 1.000000000000
32 42 66
0.841847130000 -0.507403120000 -0.183944250000 0.663959750000
0.538371900000 0.813512910000 0.219891900000 -0.973661070000
0.038067190000 -0.284145770000 0.958025090000 0.417540660000
0.000000000000 0.000000000000 0.000000000000 1.000000000000
32 43 66
0.795610330000 0.327892850000 0.509402080000 -1.308725960000
0.600895620000 -0.320257360000 -0.732365810000 1.525705800000
-0.076997750000 0.888775280000 -0.451829440000 3.575214250000
0.000000000000 0.000000000000 0.000000000000 1.000000000000
32 44 66
-0.531239300000 0.841761780000 0.096030790000 0.185932000000
0.155533020000 0.208317920000 -0.965615410000 2.794756420000
-0.832823080000 -0.498036900000 -0.241588420000 2.958458370000
0.000000000000 0.000000000000 0.000000000000 1.000000000000
32 45 66
0.730718270000 -0.511260560000 -0.452397440000 1.566452280000
0.624841280000 0.767816450000 0.141531920000 -0.971557340000
0.274998510000 -0.386096550000 0.880514210000 -0.134633080000
0.000000000000 0.000000000000 0.000000000000 1.000000000000
32 46 66
-0.804562860000 0.193911380000 0.561317180000 -0.805315090000
0.566078810000 0.536162740000 0.626166350000 -2.175690880000
-0.179536580000 0.821539950000 -0.541145750000 3.500497490000
0.000000000000 0.000000000000 0.000000000000 1.000000000000
32 47 66
0.354509050000 -0.618837300000 0.700973420000 -1.782838700000
0.534427710000 0.749246500000 0.391173490000 -1.293136850000
-0.767274630000 0.235945070000 0.596338470000 1.820143970000
0.000000000000 0.000000000000 0.000000000000 1.000000000000
32 48 66
-0.046069700000 -0.793022150000 0.607448310000 -1.229415690000
0.585999950000 0.471016530000 0.659353850000 -1.564440680000
-0.809000400000 0.386340910000 0.443011350000 1.723114830000
0.000000000000 0.000000000000 0.000000000000 1.000000000000
32 49 66
0.960742860000 -0.216132920000 -0.173953210000 0.187653300000
0.139280850000 0.917992220000 -0.371336950000 0.716413580000
0.239945840000 0.332530970000 0.912057650000 0.192009500000
0.000000000000 0.000000000000 0.000000000000 1.000000000000
32 50 66
0.315903230000 -0.089425760000 0.944567720000 -2.098492030000
0.738846810000 0.647759840000 -0.185775640000 -0.864733300000
-0.595239910000 0.756577970000 0.270701360000 2.263583960000
0.000000000000 0.000000000000 0.000000000000 1.000000000000
32 51 66
-0.889931960000 -0.341210940000 0.302648650000 -0.834207180000
0.152547170000 0.402673790000 0.902542620000 -2.890998310000
-0.429826100000 0.849369710000 -0.306301510000 3.098974440000
0.000000000000 0.000000000000 0.000000000000 1.000000000000
32 52 66
0.848406850000 -0.157556890000 0.505352990000 -1.142063580000
0.456537060000 0.700982000000 -0.547903410000 0.646568060000
-0.267917400000 0.695557370000 0.666648490000 0.691323550000
0.000000000000 0.000000000000 0.000000000000 1.000000000000
32 53 66
0.989885280000 0.070178450000 0.123296890000 -0.392465670000
-0.045181020000 0.979774720000 -0.194936350000 -0.459516880000
-0.134483510000 0.187393940000 0.973035300000 0.173580650000
0.000000000000 0.000000000000 0.000000000000 1.000000000000
32 54 66
-0.554148530000 -0.292702900000 -0.779258890000 2.723748380000
-0.744384470000 0.593245310000 0.306515510000 -1.583643350000
0.372573700000 0.749923340000 -0.546629510000 3.867387610000
0.000000000000 0.000000000000 0.000000000000 1.000000000000
32 55 66
0.509903830000 -0.156458750000 0.845883410000 -1.740922780000
0.627418770000 0.740360640000 -0.241271240000 -0.489559490000
-0.588509780000 0.653748260000 0.475677890000 1.123809380000
0.000000000000 0.000000000000 0.000000000000 1.000000000000
32 56 66
0.852872990000 -0.254714520000 0.455772060000 -1.656457740000
-0.381939480000 -0.899546060000 0.211988470000 -1.080498740000
0.355991420000 -0.354876590000 -0.864484070000 5.239980110000
0.000000000000 0.000000000000 0.000000000000 1.000000000000
32 57 66
0.799341030000 -0.303340960000 0.518688900000 -0.270411110000
0.377832430000 0.924950720000 -0.041337940000 -0.237455300000
-0.467222180000 0.229020610000 0.853963110000 0.241509180000
0.000000000000 0.000000000000 0.000000000000 1.000000000000
32 58 66
-0.671908810000 -0.613491290000 0.414930100000 -0.614622570000
0.267304950000 0.321604460000 0.908360410000 -2.629498510000
-0.690714570000 0.721248230000 -0.052099610000 2.716445570000
0.000000000000 0.000000000000 0.000000000000 1.000000000000
32 59 66
0.370391070000 -0.395761280000 0.840347230000 -1.883085940000
0.493512920000 0.850285180000 0.182921030000 -1.013626740000
-0.786927860000 0.346969900000 0.510251340000 1.622148120000
0.000000000000 0.000000000000 0.000000000000 1.000000000000
32 60 66
0.759716280000 0.644430260000 -0.086837870000 0.650430040000
-0.600460060000 0.746507790000 0.286659790000 -0.749846540000
0.249557390000 -0.165637430000 0.954088750000 0.923924910000
0.000000000000 0.000000000000 0.000000000000 1.000000000000
32 61 66
-0.316506920000 -0.887286850000 -0.335477900000 0.465094710000
0.364340950000 -0.440242540000 0.820635230000 -1.561810590000
-0.875830490000 0.137508390000 0.462614740000 1.292132890000
0.000000000000 0.000000000000 0.000000000000 1.000000000000
32 62 66
0.987465860000 0.010554170000 -0.157479500000 0.542031760000
-0.039895780000 0.982051040000 -0.184347700000 -0.270439980000
0.152707270000 0.188319820000 0.970162940000 0.624077250000
0.000000000000 0.000000000000 0.000000000000 1.000000000000
32 63 66
0.864258960000 -0.245103860000 0.439295510000 -0.035346700000
0.296512130000 0.953652300000 -0.051262530000 -0.210021600000
-0.406370530000 0.174560550000 0.896878810000 0.346055310000
0.000000000000 0.000000000000 0.000000000000 1.000000000000
32 64 66
-0.803403970000 0.222913130000 -0.552133860000 0.686084140000
-0.285283580000 0.669814650000 0.685537460000 -2.294093420000
0.522642650000 0.708278240000 -0.474538290000 4.052970890000
0.000000000000 0.000000000000 0.000000000000 1.000000000000
32 65 66
-0.928635140000 -0.025257650000 0.370133520000 -0.580520350000
-0.370856740000 0.036032390000 -0.927990810000 2.183585600000
0.010102070000 -0.999031390000 -0.042827910000 2.715583690000
0.000000000000 0.000000000000 0.000000000000 1.000000000000
33 35 66
-0.831213250000 -0.530659740000 0.165785340000 -0.149418900000
0.539860810000 -0.841658520000 0.012698160000 -0.090921340000
0.132796240000 0.100055880000 0.986080110000 0.828126040000
0.000000000000 0.000000000000 0.000000000000 1.000000000000
33 36 66
0.483296170000 -0.581490910000 0.654441090000 -2.134750370000
0.670851670000 0.726281950000 0.149908540000 -1.043056200000
-0.562479200000 0.366582670000 0.741103430000 1.352325610000
0.000000000000 0.000000000000 0.000000000000 1.000000000000
33 37 66
0.741236210000 -0.296612860000 0.602154210000 -0.391687730000
0.231379930000 0.954996190000 0.185595270000 -0.674476230000
-0.630104920000 0.001756470000 0.776508020000 1.010681100000
0.000000000000 0.000000000000 0.000000000000 1.000000000000
33 38 66
0.748226430000 0.520673930000 -0.411164040000 0.658521320000
0.547083420000 -0.834809610000 -0.061584490000 -0.353548870000
-0.375309130000 -0.178861890000 -0.909478690000 5.024758940000
0.000000000000 0.000000000000 0.000000000000 1.000000000000
33 39 66
0.868389620000 0.183246150000 -0.460782290000 0.505539050000
0.022496270000 -0.942817970000 -0.332548030000 0.967392240000
-0.495371970000 0.278415370000 -0.822855690000 4.371994720000
0.000000000000 0.000000000000 0.000000000000 1.000000000000
33 40 66
0.997790350000 0.053467850000 -0.039441280000 0.017549970000
0.008193080000 -0.688112600000 -0.725557670000 1.749953720000
-0.065934050000 0.723631290000 -0.687030170000 4.030545660000
0.000000000000 0.000000000000 0.000000000000 1.000000000000
33 41 66
-0.864876010000 0.494393180000 -0.086976270000 0.360044790000
-0.495692840000 -0.813768820000 0.303428590000 -1.555720260000
0.079234450000 0.305541620000 0.948876290000 0.763832080000
0.000000000000 0.000000000000 0.000000000000 1.000000000000
33 42 66
0.812221670000 -0.405557650000 0.419307710000 -0.942927900000
0.241686280000 0.888150380000 0.390866520000 -1.422696730000
-0.530927210000 -0.216129340000 0.819392710000 0.816497840000
0.000000000000 0.000000000000 0.000000000000 1.000000000000
33 43 66
0.837378540000 0.546581380000 0.006780380000 0.047862500000
0.538619330000 -0.822938550000 -0.180724520000 -0.242771460000
-0.093200820000 0.154986880000 -0.983510380000 5.349996680000
0.000000000000 0.000000000000 0.000000000000 1.000000000000
33 44 66
-0.469934520000 -0.762226910000 0.445164790000 -0.953832200000
0.876594020000 -0.343766070000 0.336760780000 -0.996874530000
-0.103655580000 0.548484300000 0.829711090000 0.314381690000
0.000000000000 0.000000000000 0.000000000000 1.000000000000
33 45 66
-0.631186900000 0.728837130000 0.265329100000 -0.998370920000
-0.048719960000 -0.378661260000 0.924252140000 -3.013474430000
0.774099130000 0.570449020000 0.274514940000 1.357639750000
0.000000000000 0.000000000000 0.000000000000 1.000000000000
33 46 66
0.417738930000 0.840501930000 -0.345037240000 0.487371000000
-0.839390750000 0.502364770000 0.207491720000 -0.703081350000
0.347731740000 0.202943700000 0.915366860000 0.090658490000
0.000000000000 0.000000000000 0.000000000000 1.000000000000
33 47 66
0.810829090000 0.025642510000 -0.584721000000 1.419343660000
0.063697980000 0.989239370000 0.131711970000 -0.129398600000
0.581806450000 -0.144041450000 0.800470680000 0.142130550000
0.000000000000 0.000000000000 0.000000000000 1.000000000000
33 48 66
0.546323780000 -0.445321810000 0.709379170000 -1.638597380000
0.265318890000 0.895341450000 0.357728370000 -0.402543720000
-0.794440820000 -0.007223820000 0.607298610000 1.494429040000
0.000000000000 0.000000000000 0.000000000000 1.000000000000
33 49 66
-0.922047120000 -0.072662820000 -0.380196300000 1.206499540000
-0.379635390000 -0.021921510000 0.924876430000 -2.126109340000
-0.075538600000 0.997115620000 -0.007372710000 3.167791630000
0.000000000000 0.000000000000 0.000000000000 1.000000000000
33 50 66
-0.338556600000 0.428107730000 -0.837915990000 2.223358490000
-0.311880440000 0.789109220000 0.529185440000 -1.976643450000
0.887755610000 0.440488830000 -0.133639700000 2.395043970000
0.000000000000 0.000000000000 0.000000000000 1.000000000000
33 51 66
0.747265640000 -0.258940840000 0.611999760000 -1.739786910000
0.633234950000 0.556745360000 -0.537631930000 1.387555180000
-0.201513160000 0.789293510000 0.580007070000 0.505073680000
0.000000000000 0.000000000000 0.000000000000 1.000000000000
33 52 66
-0.123811250000 -0.962154150000 0.242755360000 -0.403622690000
0.795419060000 0.050033790000 0.603991000000 -2.043787370000
-0.593278420000 0.267873130000 0.759121010000 0.290866690000
0.000000000000 0.000000000000 0.000000000000 1.000000000000
33 53 66
0.967067460000 0.083975490000 0.240267870000 -0.786099980000
0.205901940000 -0.813040360000 -0.544582190000 1.600695630000
0.149615920000 0.576119340000 -0.803555590000 5.056295570000
0.000000000000 0.000000000000 0.000000000000 1.000000000000
33 54 66
0.869179130000 -0.416075120000 0.267224890000 -0.532934860000
-0.469367120000 -0.864250640000 0.181012010000 -0.349603080000
0.155634690000 -0.282758440000 -0.946480590000 5.601433020000
0.000000000000 0.000000000000 0.000000000000 1.000000000000
33 55 66
0.983606810000 0.175759530000 0.040326530000 -0.017860440000
0.166780060000 -0.971715600000 0.167192090000 0.090462850000
0.068571530000 -0.157725620000 -0.985099270000 5.291640140000
0.000000000000 0.000000000000 0.000000000000 1.000000000000
33 56 66
-0.872916190000 -0.127073480000 -0.471030410000 1.445348280000
-0.352789730000 0.831291170000 0.429528110000 -1.165550000000
0.336981800000 0.541116730000 -0.770477740000 4.366864750000
0.000000000000 0.000000000000 0.000000000000 1.000000000000
33 57 66
-0.964951920000 0.238163650000 -0.110208290000 0.455178970000
-0.035290560000 -0.533910640000 -0.844804120000 2.653188480000
-0.260043010000 -0.811306050000 0.523603020000 1.477205640000
0.000000000000 0.000000000000 0.000000000000 1.000000000000
33 58 66
-0.551219220000 0.754453760000 -0.356310100000 1.271842170000
0.802826360000 0.363296440000 -0.472742560000 1.273555100000
-0.227216210000 -0.546639930000 -0.805951350000 4.542695710000
0.000000000000 0.000000000000 0.000000000000 1.000000000000
33 59 66
0.930302920000 0.296797210000 0.215517720000 -0.808750890000
-0.192251550000 0.894957120000 -0.402605380000 0.268407990000
-0.312371270000 0.333111350000 0.889640950000 1.015001620000
0.000000000000 0.000000000000 0.000000000000 1.000000000000
33 60 66
0.896830110000 -0.240188570000 0.371490510000 -0.827035260000
-0.173057560000 0.582349060000 0.794305140000 -2.243927820000
-0.407120160000 -0.776646010000 0.480701720000 1.811434700000
0.000000000000 0.000000000000 0.000000000000 1.000000000000
33 61 66
0.665923100000 0.737640270000 -0.111504500000 0.365925210000
-0.743471260000 0.668538270000 -0.017523370000 -0.854821250000
0.061619080000 0.094569600000 0.993609420000 0.968071870000
0.000000000000 0.000000000000 0.000000000000 1.000000000000
33 62 66
-0.949668330000 -0.223110270000 0.219890590000 -0.727258210000
0.300467660000 -0.450238080000 0.840835810000 -2.208140420000
-0.088595990000 0.864585150000 0.494614260000 1.825839880000
0.000000000000 0.000000000000 0.000000000000 1.000000000000
33 63 66
-0.986379590000 0.162194560000 -0.027353980000 -0.193081110000
0.046251210000 0.433086870000 0.900164760000 -2.290524860000
0.157848470000 0.886638990000 -0.434689740000 3.628544390000
0.000000000000 0.000000000000 0.000000000000 1.000000000000
33 64 66
-0.543472980000 -0.040868650000 0.838431200000 -2.168219580000
0.813130780000 0.222410490000 0.537914410000 -1.618174340000
-0.208459730000 0.974096160000 -0.087642530000 2.930803240000
0.000000000000 0.000000000000 0.000000000000 1.000000000000
33 65 66
-0.748457990000 -0.251154800000 0.613784900000 -1.916925790000
0.630758010000 0.016261290000 0.775809190000 -1.679578590000
-0.204829140000 0.967810330000 0.146247010000 2.112370230000
0.000000000000 0.000000000000 0.000000000000 1.000000000000
34 36 66
-0.773711120000 -0.317859480000 -0.548029620000 1.206350360000
0.083931840000 0.805977440000 -0.585965720000 1.397488300000
0.627954260000 -0.499365320000 -0.596915170000 3.414974340000
0.000000000000 0.000000000000 0.000000000000 1.000000000000
34 37 66
-0.264678830000 0.424298120000 -0.865977030000 1.481574440000
-0.318577630000 0.809112370000 0.493807110000 -1.002008780000
0.910194160000 0.406581200000 -0.078983030000 2.326742450000
0.000000000000 0.000000000000 0.000000000000 1.000000000000
34 38 66
0.594336060000 -0.613910050000 -0.519498900000 0.889879900000
-0.349608150000 -0.778967230000 0.520561420000 -1.035642440000
-0.724250510000 -0.127767370000 -0.677596270000 4.423192820000
0.000000000000 0.000000000000 0.000000000000 1.000000000000
34 39 66
0.890857530000 0.324668330000 -0.317747270000 1.304403280000
-0.362776260000 0.929433810000 -0.067425400000 0.315809660000
0.273434170000 0.175337590000 0.945775070000 -0.345638640000
0.000000000000 0.000000000000 0.000000000000 1.000000000000
34 40 66
0.824656890000 0.260364580000 -0.502146700000 0.920374860000
0.250437380000 -0.964071040000 -0.088589730000 0.688681320000
-0.507170720000 -0.052700170000 -0.860232850000 3.817450460000
0.000000000000 0.000000000000 0.000000000000 1.000000000000
34 41 66
-0.105403520000 -0.885876870000 0.451787870000 -1.551295350000
0.708823360000 0.251717410000 0.658944450000 -1.551438320000
-0.697466510000 0.389692860000 0.601398320000 1.304864120000
0.000000000000 0.000000000000 0.000000000000 1.000000000000
34 42 66
-0.207767060000 -0.895830650000 0.392836230000 -1.080852470000
0.969942970000 -0.136671730000 0.201324290000 -0.797041520000
-0.126662870000 0.422857290000 0.897300520000 0.015840300000
0.000000000000 0.000000000000 0.000000000000 1.000000000000
34 43 66
0.214544840000 -0.945941040000 0.243240750000 -0.820190490000
0.213475920000 0.288433310000 0.933399300000 -1.882352240000
-0.953099440000 -0.148329960000 0.263817510000 1.697327870000
0.000000000000 0.000000000000 0.000000000000 1.000000000000
34 44 66
0.447881871000 -0.004659315250 -0.894080601000 2.669171790000
-0.002871365030 -0.999988760000 0.003772848370 0.223228452000
-0.894088130000 0.000877441381 -0.447890216000 3.350081890000
0.000000000000 0.000000000000 0.000000000000 1.000000000000
34 45 66
0.467803430000 -0.614303790000 0.635445360000 -1.646271540000
0.853236490000 0.126355190000 -0.505986030000 0.664866140000
0.230537320000 0.778887170000 0.583255800000 0.438621360000
0.000000000000 0.000000000000 0.000000000000 1.000000000000
34 46 66
0.090704310000 0.479224780000 -0.872992750000 1.736971860000
-0.025110520000 0.877428080000 0.479050540000 -1.334339990000
0.995561240000 -0.021530650000 0.091620090000 1.849457950000
0.000000000000 0.000000000000 0.000000000000 1.000000000000
34 47 66
0.694758937000 0.354905592000 -0.625581362000 0.790990223000
-0.263454400000 0.934902058000 0.237802272000 -0.157326688000
0.669254659000 -0.000403090696 0.743033000000 0.378195015000
0.000000000000 0.000000000000 0.000000000000 1.000000000000
34 48 66
-0.004048310000 -0.234559320000 0.972093380000 -2.698333350000
0.595644420000 0.780269550000 0.190754150000 0.006643970000
-0.803238030000 0.579794230000 0.136555180000 2.649416440000
0.000000000000 0.000000000000 0.000000000000 1.000000000000
34 49 66
-0.113534160000 -0.950628540000 0.288817190000 -1.513706760000
0.118663920000 0.275641470000 0.953908100000 -2.659357740000
-0.986422260000 0.142573340000 0.081510590000 2.945780340000
0.000000000000 0.000000000000 0.000000000000 1.000000000000
34 50 66
-0.871739680000 0.443758480000 -0.207721760000 1.883626730000
0.240793970000 0.018788660000 -0.970394380000 3.185964230000
-0.426717920000 -0.895949440000 -0.123233190000 2.733782710000
0.000000000000 0.000000000000 0.000000000000 1.000000000000
34 51 66
0.642820850000 -0.550993650000 0.532153510000 -1.305548340000
-0.036352360000 0.671976800000 0.739679440000 -2.308820820000
-0.765153490000 -0.494826400000 0.411930780000 0.935082120000
0.000000000000 0.000000000000 0.000000000000 1.000000000000
34 52 66
-0.528054790000 0.435200520000 -0.729217830000 1.783462990000
-0.362231480000 0.661232400000 0.656932310000 -2.216990400000
0.768079740000 0.611041910000 -0.191523600000 2.897708410000
0.000000000000 0.000000000000 0.000000000000 1.000000000000
34 53 66
0.686922150000 0.002972180000 0.726724930000 -2.580811740000
0.303677040000 0.907326590000 -0.290755430000 0.656403610000
-0.660241030000 0.420416020000 0.622360140000 0.267779310000
0.000000000000 0.000000000000 0.000000000000 1.000000000000
34 54 66
-0.051214740000 0.318790520000 -0.946440520000 2.419831350000
0.216036230000 0.928781850000 0.301152170000 -0.631866510000
0.975041230000 -0.189042010000 -0.116437630000 2.305913080000
0.000000000000 0.000000000000 0.000000000000 1.000000000000
34 55 66
0.994165820000 -0.071405210000 0.080843210000 -0.006585990000
-0.069229760000 -0.997167320000 -0.029403570000 0.995681870000
0.082713780000 0.023635270000 -0.996293030000 4.733755610000
0.000000000000 0.000000000000 0.000000000000 1.000000000000
34 56 66
-0.990389070000 0.114486740000 -0.077603330000 -0.320851740000
-0.003508610000 -0.581701060000 -0.813395080000 2.089095250000
-0.138264890000 -0.805305320000 0.576512060000 0.954993440000
0.000000000000 0.000000000000 0.000000000000 1.000000000000
34 57 66
-0.875399450000 0.204956670000 -0.437799680000 0.898867920000
-0.078218780000 0.833674910000 0.546688180000 -1.191599890000
0.477030000000 0.512814690000 -0.713767100000 3.582987870000
0.000000000000 0.000000000000 0.000000000000 1.000000000000
34 58 66
0.545371420000 -0.173788680000 0.819980190000 -2.381121960000
0.154581960000 0.982343080000 0.105387340000 -0.243909500000
-0.823816990000 0.069278900000 0.562606430000 0.746208430000
0.000000000000 0.000000000000 0.000000000000 1.000000000000
34 59 66
-0.177584020000 -0.369763130000 0.911997340000 -1.823840350000
0.475148550000 0.779335550000 0.408497180000 -0.889964770000
-0.861799150000 0.505876790000 0.037294880000 2.374211760000
0.000000000000 0.000000000000 0.000000000000 1.000000000000
34 60 66
0.458982740000 -0.563671130000 0.686738450000 -0.807155840000
0.366152460000 0.824281690000 0.431847280000 -0.729721570000
-0.809485770000 0.053240530000 0.584720640000 0.903998260000
0.000000000000 0.000000000000 0.000000000000 1.000000000000
34 61 66
0.079703820000 -0.855759090000 0.511198270000 -1.044953230000
0.880188430000 0.301129840000 0.366863930000 -0.684617770000
-0.467884200000 0.420710350000 0.777230450000 0.875110240000
0.000000000000 0.000000000000 0.000000000000 1.000000000000
34 62 66
-0.827748600000 -0.509133510000 0.235829030000 -0.391956050000
-0.354307530000 0.148370770000 -0.923283430000 2.419541100000
0.435084390000 -0.847802560000 -0.303203540000 3.196766990000
0.000000000000 0.000000000000 0.000000000000 1.000000000000
34 63 66
-0.755522570000 0.648863120000 -0.090345410000 0.183484270000
0.160508620000 0.317041480000 0.934730810000 -2.068140890000
0.635155590000 0.691709000000 -0.343680120000 2.819862210000
0.000000000000 0.000000000000 0.000000000000 1.000000000000
34 64 66
-0.601531570000 0.102797660000 0.792207300000 -2.103003530000
0.705436100000 -0.396993200000 0.587159520000 -1.830456990000
0.374859530000 0.912046620000 0.166286760000 2.182977010000
0.000000000000 0.000000000000 0.000000000000 1.000000000000
34 65 66
-0.936693390000 -0.301757350000 0.177617560000 -0.305428350000
-0.292958440000 0.953219880000 0.074479540000 -0.305564580000
-0.191783340000 0.017729930000 -0.981277130000 4.512153060000
0.000000000000 0.000000000000 0.000000000000 1.000000000000
35 37 66
-0.927511930000 0.216246430000 -0.304891940000 0.628446890000
0.049983230000 -0.736592890000 -0.674486910000 1.937477210000
-0.370436620000 -0.640834150000 0.672390000000 0.486533300000
0.000000000000 0.000000000000 0.000000000000 1.000000000000
35 38 66
-0.115815490000 0.907228240000 -0.404380640000 1.798796070000
0.014746850000 -0.405504850000 -0.913973930000 2.377523630000
-0.993161270000 -0.111815680000 0.033584980000 2.993228410000
0.000000000000 0.000000000000 0.000000000000 1.000000000000
35 39 66
0.913174160000 0.141797690000 -0.382107800000 0.495167640000
0.014488040000 0.925641750000 0.378123580000 -0.696791900000
0.407311990000 -0.350828680000 0.843217760000 0.221061990000
0.000000000000 0.000000000000 0.000000000000 1.000000000000
35 40 66
-0.915634860000 0.401355890000 0.022940040000 0.176313030000
-0.245148000000 -0.602673840000 0.759398910000 -1.181663660000
0.318614590000 0.689708410000 0.650220770000 0.566074180000
0.000000000000 0.000000000000 0.000000000000 1.000000000000
35 41 66
-0.100415920000 0.988877640000 -0.109716260000 0.289750410000
-0.977709980000 -0.118511300000 -0.173315530000 0.365997660000
-0.184390470000 0.089867040000 0.978735950000 -0.240945700000
0.000000000000 0.000000000000 0.000000000000 1.000000000000
35 42 66
-0.898002760000 -0.171452900000 -0.405209760000 0.713497710000
0.288445790000 0.466035720000 -0.836426770000 1.805999090000
0.332250010000 -0.867994590000 -0.369046490000 3.539355530000
0.000000000000 0.000000000000 0.000000000000 1.000000000000
35 43 66
0.942320000000 -0.333950420000 0.022586000000 0.521672130000
0.321316030000 0.921440780000 0.218409910000 0.195526470000
-0.093749750000 -0.198554780000 0.975595710000 -0.480439200000
0.000000000000 0.000000000000 0.000000000000 1.000000000000
35 44 66
0.959504760000 -0.281635390000 -0.005666870000 0.282900960000
0.281031200000 0.958436410000 -0.049204700000 0.169130850000
0.019289120000 0.045619580000 0.998772640000 -0.878234520000
0.000000000000 0.000000000000 0.000000000000 1.000000000000
35 45 66
-0.688688910000 -0.090639580000 0.719369210000 -1.417396180000
-0.594822040000 0.637962550000 -0.489071090000 1.541538090000
-0.414601420000 -0.764714490000 -0.493272150000 4.090357210000
0.000000000000 0.000000000000 0.000000000000 1.000000000000
35 46 66
-0.646642350000 0.332345470000 -0.686585870000 1.807286350000
0.591224640000 -0.350368260000 -0.726426530000 2.408534800000
-0.481982470000 -0.875664640000 0.030072130000 2.442603220000
0.000000000000 0.000000000000 0.000000000000 1.000000000000
35 47 66
-0.140331070000 0.607811070000 -0.781583580000 2.290920080000
0.464085000000 -0.656928940000 -0.594196500000 1.385375500000
-0.874604080000 -0.446105450000 -0.189888460000 2.525362150000
0.000000000000 0.000000000000 0.000000000000 1.000000000000
35 48 66
0.989999180000 -0.055804410000 0.129566590000 0.185578690000
0.030436240000 0.981295580000 0.190085830000 0.049333100000
-0.137750750000 -0.184241290000 0.973180290000 0.233473630000
0.000000000000 0.000000000000 0.000000000000 1.000000000000
35 49 66
0.654590730000 -0.564791550000 0.502515150000 -1.580456260000
-0.640677560000 -0.767305440000 -0.027832070000 0.353606390000
0.401301930000 -0.303731570000 -0.864120300000 4.094851250000
0.000000000000 0.000000000000 0.000000000000 1.000000000000
35 50 66
-0.830421530000 0.196949990000 -0.521162920000 1.971167890000
0.490627260000 0.701736140000 -0.516576500000 1.149739080000
0.263979120000 -0.684672980000 -0.679365830000 3.994475970000
0.000000000000 0.000000000000 0.000000000000 1.000000000000
35 51 66
-0.935754490000 0.093439280000 0.340047980000 -0.920193620000
-0.350888380000 -0.150380320000 -0.924263550000 2.805318530000
-0.035226000000 -0.984202650000 0.173505820000 2.233564930000
0.000000000000 0.000000000000 0.000000000000 1.000000000000
35 52 66
-0.793654780000 0.472242240000 -0.383535350000 1.341473580000
0.392306400000 -0.084572900000 -0.915938380000 2.692347160000
-0.464981480000 -0.877402240000 -0.118141960000 3.161015240000
0.000000000000 0.000000000000 0.000000000000 1.000000000000
35 53 66
-0.633338580000 0.736274700000 -0.238289320000 1.030923070000
0.496682700000 0.150605180000 -0.854765680000 2.495740450000
-0.593454750000 -0.659710270000 -0.461078980000 3.854004440000
0.000000000000 0.000000000000 0.000000000000 1.000000000000
35 54 66
0.025519970000 0.996823500000 0.075442970000 0.064369690000
-0.759832630000 0.068382930000 -0.646512300000 3.223308820000
-0.649617660000 -0.040825050000 0.759164150000 0.468957890000
0.000000000000 0.000000000000 0.000000000000 1.000000000000
35 55 66
0.879096270000 -0.091518980000 0.467775610000 -0.434224750000
-0.318410260000 0.617535460000 0.719211280000 -2.005040230000
-0.354689510000 -0.781200500000 0.513732540000 1.516548610000
0.000000000000 0.000000000000 0.000000000000 1.000000000000
35 56 66
0.749547180000 0.188154940000 -0.634646940000 2.101073290000
-0.305184980000 0.949003550000 -0.079084650000 0.517950210000
0.587402030000 0.252962390000 0.768745000000 -0.208601880000
0.000000000000 0.000000000000 0.000000000000 1.000000000000
35 57 66
-0.916960440000 -0.148964990000 -0.370125640000 0.995350140000
0.336825900000 0.208204150000 -0.918258870000 2.512256600000
0.213850120000 -0.966674950000 -0.140739700000 2.750401420000
0.000000000000 0.000000000000 0.000000000000 1.000000000000
35 58 66
0.976116360000 0.210844100000 -0.052360400000 0.584736440000
-0.152320520000 0.836066120000 0.527059680000 -1.134999910000
0.154904180000 -0.506496010000 0.848213700000 -0.493820760000
0.000000000000 0.000000000000 0.000000000000 1.000000000000
35 59 66
0.987009600000 -0.013149500000 0.160122280000 0.065483720000
0.008770250000 0.999568730000 0.028025500000 0.041083670000
-0.160421750000 -0.026257120000 0.986699260000 -0.060624160000
0.000000000000 0.000000000000 0.000000000000 1.000000000000
35 60 66
0.851837070000 0.498153480000 0.161915740000 0.187623180000
0.435340900000 -0.501396620000 -0.747716340000 1.963605110000
-0.291293490000 0.707421050000 -0.643974820000 3.163606180000
0.000000000000 0.000000000000 0.000000000000 1.000000000000
35 61 66
-0.744259760000 -0.511547870000 0.429413780000 -0.804630830000
-0.665287270000 0.511110420000 -0.544204910000 1.143278340000
0.058909000000 -0.690713340000 -0.720725200000 3.672065180000
0.000000000000 0.000000000000 0.000000000000 1.000000000000
35 62 66
0.934360110000 -0.017828840000 -0.355883870000 1.272041880000
0.328381280000 0.430822200000 0.840570020000 -1.760128920000
0.138336280000 -0.902260700000 0.408397740000 1.607654640000
0.000000000000 0.000000000000 0.000000000000 1.000000000000
35 63 66
0.951026550000 -0.274313370000 -0.142480440000 0.947463500000
0.297699560000 0.688741570000 0.661067330000 -1.236262050000
-0.083207400000 -0.671108950000 0.736674490000 0.357819410000
0.000000000000 0.000000000000 0.000000000000 1.000000000000
35 64 66
0.896911650000 -0.252962450000 0.362711300000 -0.197054650000
-0.433590570000 -0.664224390000 0.608937750000 -1.287346320000
0.086883310000 -0.703431560000 -0.705432720000 4.027593880000
0.000000000000 0.000000000000 0.000000000000 1.000000000000
35 65 66
0.960187810000 -0.270949690000 0.068012010000 -0.946497250000
0.219518570000 0.882391170000 0.416169930000 -0.897750800000
-0.172774310000 -0.384671390000 0.906739740000 0.313461710000
0.000000000000 0.000000000000 0.000000000000 1.000000000000
36 38 66
-0.383698860000 0.773780880000 -0.504022160000 1.953282400000
-0.129472860000 0.495330680000 0.859001920000 -1.780738320000
0.914336900000 0.394855250000 -0.089874200000 1.857843030000
0.000000000000 0.000000000000 0.000000000000 1.000000000000
36 39 66
0.777688910000 -0.364858100000 -0.511936060000 1.933790770000
-0.554354850000 -0.782050750000 -0.284758350000 0.987710080000
-0.296463590000 0.505247650000 -0.810453060000 4.218076460000
0.000000000000 0.000000000000 0.000000000000 1.000000000000
36 40 66
-0.894977530000 -0.409331890000 0.177377070000 0.003801290000
0.315415180000 -0.299429050000 0.900475160000 -1.370037230000
-0.315481350000 0.861852450000 0.397091760000 1.045945490000
0.000000000000 0.000000000000 0.000000000000 1.000000000000
36 41 66
0.673854890000 -0.638758190000 0.371359070000 -0.779046210000
-0.406792160000 0.098838430000 0.908158080000 -2.108110790000
-0.616797970000 -0.763032720000 -0.193239060000 2.764549970000
0.000000000000 0.000000000000 0.000000000000 1.000000000000
36 42 66
0.904751020000 -0.266425190000 -0.332329970000 1.076378820000
0.425884780000 0.553189510000 0.715963350000 -1.948381170000
-0.006909210000 -0.789302850000 0.613965210000 1.069183850000
0.000000000000 0.000000000000 0.000000000000 1.000000000000
36 43 66
0.944193950000 -0.005387210000 -0.329345960000 1.168798890000
0.022805350000 0.998536090000 0.049046750000 -0.554215240000
0.328599600000 -0.053820500000 0.942934600000 0.245190990000
0.000000000000 0.000000000000 0.000000000000 1.000000000000
36 44 66
0.635797820000 0.653105780000 -0.411356250000 1.568757060000
0.134438760000 -0.618501540000 -0.774197690000 2.564990870000
-0.760057460000 0.436930990000 -0.481044660000 3.359088970000
0.000000000000 0.000000000000 0.000000000000 1.000000000000
36 45 66
0.357702510000 0.832178330000 -0.423707610000 1.334807440000
0.345019140000 -0.539396290000 -0.768123320000 2.340731310000
-0.867761890000 0.128572410000 -0.480060860000 4.057788060000
0.000000000000 0.000000000000 0.000000000000 1.000000000000
36 46 66
0.374015350000 -0.321509630000 0.869910380000 -1.906115300000
-0.461585300000 -0.878091040000 -0.126075910000 1.053240500000
0.804395130000 -0.354383520000 -0.476823640000 3.333645630000
0.000000000000 0.000000000000 0.000000000000 1.000000000000
36 47 66
-0.382747480000 0.679809660000 -0.625590270000 2.175007990000
0.780185680000 -0.124818910000 -0.612968630000 1.842090650000
-0.494787490000 -0.722688770000 -0.482603640000 3.281886540000
0.000000000000 0.000000000000 0.000000000000 1.000000000000
36 48 66
0.081510230000 -0.580690550000 0.810033680000 -1.976929710000
-0.350722200000 -0.777466980000 -0.522052720000 1.184848170000
0.932925520000 -0.241544160000 -0.267032580000 2.984871160000
0.000000000000 0.000000000000 0.000000000000 1.000000000000
36 49 66
-0.586428320000 0.599532880000 -0.544667010000 2.178041620000
0.026049990000 0.686038950000 0.727098310000 -1.449707160000
0.809582130000 0.412202470000 -0.417930490000 3.380807390000
0.000000000000 0.000000000000 0.000000000000 1.000000000000
36 50 66
-0.493515000000 0.771602850000 -0.401337730000 1.474821550000
0.833642830000 0.551216190000 0.034645980000 -0.595474360000
0.247956790000 -0.317474010000 -0.915274650000 4.420711090000
0.000000000000 0.000000000000 0.000000000000 1.000000000000
36 51 66
0.769176140000 0.516174350000 -0.376738770000 1.632667150000
-0.504067130000 0.852438560000 0.138797790000 -0.729297510000
0.392790510000 0.083141680000 0.915861930000 -0.428912940000
0.000000000000 0.000000000000 0.000000000000 1.000000000000
36 52 66
-0.448973220000 0.740653130000 -0.499855970000 1.845912030000
0.364448100000 -0.358973950000 -0.859252750000 2.654977290000
-0.815843510000 -0.567953030000 -0.108759930000 3.137153640000
0.000000000000 0.000000000000 0.000000000000 1.000000000000
36 53 66
0.880252000000 0.392962760000 -0.265963690000 0.646526080000
-0.337838090000 0.912606690000 0.230248680000 -0.984410120000
0.333199400000 -0.112824190000 0.936081650000 -0.290647730000
0.000000000000 0.000000000000 0.000000000000 1.000000000000
36 54 66
-0.190782730000 0.951396810000 0.241756190000 -0.610508020000
0.116410140000 0.266469650000 -0.956787650000 3.150645660000
-0.974705410000 -0.154395680000 -0.161590040000 3.438645020000
0.000000000000 0.000000000000 0.000000000000 1.000000000000
36 55 66
-0.508807870000 -0.293389070000 -0.809343810000 2.462830400000
0.586618740000 -0.806239740000 -0.076524100000 0.965360170000
-0.630073810000 -0.513712310000 0.582328650000 1.486124540000
0.000000000000 0.000000000000 0.000000000000 1.000000000000
36 56 66
0.771477030000 0.225995990000 -0.594768030000 1.670636730000
0.247424420000 -0.967776580000 -0.046793650000 0.296574180000
-0.586177740000 -0.111059910000 -0.802534330000 4.209691730000
0.000000000000 0.000000000000 0.000000000000 1.000000000000
36 57 66
0.040952630000 0.226954140000 0.973044040000 -1.977022710000
0.240819780000 0.942909240000 -0.230060870000 0.590933060000
-0.969705480000 0.243749850000 -0.016040430000 2.414796320000
0.000000000000 0.000000000000 0.000000000000 1.000000000000
36 58 66
-0.558193460000 0.436087720000 -0.705866530000 1.755700810000
-0.741034440000 -0.644696800000 0.187707180000 -0.849390760000
-0.373213100000 0.627848330000 0.683021560000 0.023353190000
0.000000000000 0.000000000000 0.000000000000 1.000000000000
36 59 66
-0.872876170000 -0.107869980000 -0.475868940000 1.528608450000
-0.426456450000 -0.305267580000 0.851437960000 -1.729229600000
-0.237111950000 0.946137290000 0.220458950000 1.622539750000
0.000000000000 0.000000000000 0.000000000000 1.000000000000
36 60 66
0.393558690000 0.828758320000 -0.397833130000 1.345337920000
-0.626113380000 0.558514010000 0.544099390000 -0.909591520000
0.673122270000 0.034953600000 0.738704710000 0.999350620000
0.000000000000 0.000000000000 0.000000000000 1.000000000000
36 61 66
0.697776020000 -0.353489690000 0.623019790000 -0.304346810000
-0.362086400000 -0.924514940000 -0.119019160000 0.204401670000
0.618063150000 -0.142538270000 -0.773098170000 4.166040600000
0.000000000000 0.000000000000 0.000000000000 1.000000000000
36 62 66
-0.970300970000 0.219756290000 0.101109810000 -0.248965370000
0.059410630000 0.621667940000 -0.781024550000 2.302905000000
-0.234491790000 -0.751821890000 -0.616260860000 3.671695770000
0.000000000000 0.000000000000 0.000000000000 1.000000000000
36 63 66
-0.896442600000 -0.114551800000 0.428098760000 -0.997258800000
0.290228910000 0.578269940000 0.762476920000 -1.733011740000
-0.334899750000 0.807763430000 -0.485139570000 3.171704870000
0.000000000000 0.000000000000 0.000000000000 1.000000000000
36 64 66
-0.509335000000 -0.319923820000 0.798890860000 -1.480044480000
0.524346800000 0.620735850000 0.582878580000 -1.400071310000
-0.682376940000 0.715776320000 -0.148411470000 2.730277090000
0.000000000000 0.000000000000 0.000000000000 1.000000000000
36 65 66
0.699132720000 -0.714935910000 0.008949200000 0.633184160000
-0.662008470000 -0.652002240000 -0.369645590000 1.122509830000
0.270107800000 0.252506880000 -0.929129730000 4.927939980000
0.000000000000 0.000000000000 0.000000000000 1.000000000000
37 39 66
0.563257950000 0.798654760000 -0.211875090000 0.181626480000
0.400296330000 -0.039429530000 0.915537090000 -1.802220630000
0.722843920000 -0.600496370000 -0.341907570000 2.647361470000
0.000000000000 0.000000000000 0.000000000000 1.000000000000
37 40 66
0.848022800000 0.210072250000 -0.486545980000 1.011529390000
-0.058826370000 0.949720660000 0.307522550000 -0.696983430000
0.526684720000 -0.232164400000 0.817742560000 0.640107710000
0.000000000000 0.000000000000 0.000000000000 1.000000000000
37 41 66
0.880159430000 -0.450075480000 0.150835820000 -0.219840540000
0.317566150000 0.794497360000 0.517615380000 -0.787304960000
-0.352804650000 -0.407683710000 0.842213080000 0.124742380000
0.000000000000 0.000000000000 0.000000000000 1.000000000000
37 42 66
0.729548120000 -0.096811470000 0.677042890000 -1.067890980000
-0.427176850000 0.708586850000 0.561626760000 -1.719438380000
-0.534115600000 -0.698950800000 0.475592590000 1.579942180000
0.000000000000 0.000000000000 0.000000000000 1.000000000000
37 43 66
0.017724540000 -0.926733120000 0.375301960000 -0.373279800000
-0.311843000000 -0.361760930000 -0.878568710000 2.187887150000
0.949968310000 -0.101463060000 -0.295407280000 3.641731260000
0.000000000000 0.000000000000 0.000000000000 1.000000000000
37 44 66
-0.353236470000 -0.672602950000 0.650253240000 -1.296876980000
0.823132880000 0.106877070000 0.557700240000 -1.431997660000
-0.444607990000 0.732244880000 0.515888720000 1.238625170000
0.000000000000 0.000000000000 0.000000000000 1.000000000000
37 45 66
0.986582580000 -0.153275180000 0.056227430000 0.594222070000
0.152013080000 0.736774100000 -0.658829220000 0.915366660000
0.059555250000 0.658536740000 0.750188330000 -0.248856460000
0.000000000000 0.000000000000 0.000000000000 1.000000000000
37 46 66
0.869221220000 -0.395072140000 0.297275090000 -0.710515070000
0.336958290000 0.913352930000 0.228572820000 -0.843606410000
-0.361819830000 -0.098511040000 0.927028580000 -0.052354170000
0.000000000000 0.000000000000 0.000000000000 1.000000000000
37 47 66
0.971022380000 -0.238928090000 -0.005375830000 0.303834260000
0.236632590000 0.958056000000 0.161659240000 -0.393497400000
-0.033474590000 -0.158246840000 0.986832000000 0.369305560000
0.000000000000 0.000000000000 0.000000000000 1.000000000000
37 48 66
0.749615700000 -0.170610130000 0.639506440000 -1.385761000000
-0.050466270000 0.948660860000 0.312243070000 0.035460300000
-0.659946560000 -0.266335810000 0.702521010000 0.763096470000
0.000000000000 0.000000000000 0.000000000000 1.000000000000
37 49 66
-0.152555070000 0.821564890000 -0.549325120000 2.234902300000
0.966246270000 0.007235440000 -0.257518520000 0.061586130000
-0.207593560000 -0.570069110000 -0.794937810000 4.230410500000
0.000000000000 0.000000000000 0.000000000000 1.000000000000
37 50 66
-0.442848150000 -0.837092290000 0.321188430000 -0.465313340000
0.798827980000 -0.205703560000 0.565296300000 -2.289771740000
-0.407135570000 0.506914730000 0.759788180000 0.125144910000
0.000000000000 0.000000000000 0.000000000000 1.000000000000
37 51 66
0.994717610000 0.071595280000 -0.073559410000 0.596712650000
-0.094224250000 0.921165970000 -0.377591120000 0.849759300000
0.040726680000 0.382527620000 0.923046020000 -0.781480780000
0.000000000000 0.000000000000 0.000000000000 1.000000000000
37 52 66
0.992563380000 0.094045320000 0.077287930000 -0.028798410000
-0.108877820000 0.969820840000 0.218158580000 -0.933741290000
-0.054438650000 -0.224951150000 0.972848090000 -0.159176210000
0.000000000000 0.000000000000 0.000000000000 1.000000000000
37 53 66
0.872896920000 0.227596210000 0.431567990000 -0.885948500000
-0.487816800000 0.390326770000 0.780819940000 -2.274692400000
0.009259120000 -0.892101440000 0.451740290000 1.244346800000
0.000000000000 0.000000000000 0.000000000000 1.000000000000
37 54 66
0.589422810000 0.583026830000 -0.559160500000 1.542218110000
-0.492316930000 -0.289531150000 -0.820850630000 3.209357960000
-0.640472320000 0.759112260000 0.116377720000 3.238672940000
0.000000000000 0.000000000000 0.000000000000 1.000000000000
37 55 66
0.496439450000 -0.857631320000 0.134225170000 1.205590190000
0.047159600000 -0.127750590000 -0.990684490000 2.103754580000
0.866789390000 0.498144860000 -0.022974880000 2.227017830000
0.000000000000 0.000000000000 0.000000000000 1.000000000000
37 56 66
0.234421050000 -0.877016940000 0.419390100000 -0.675618290000
-0.649433840000 -0.462302440000 -0.603748410000 1.521609740000
0.723382650000 -0.130834790000 -0.677937900000 4.090363180000
0.000000000000 0.000000000000 0.000000000000 1.000000000000
37 57 66
0.991676540000 -0.079790880000 -0.101049730000 0.823381550000
0.006750940000 0.815970300000 -0.578054410000 1.367406200000
0.128577050000 0.572560820000 0.809717270000 -0.082904860000
0.000000000000 0.000000000000 0.000000000000 1.000000000000
37 58 66
-0.370330580000 0.585254680000 -0.721340570000 2.362069270000
0.754885170000 -0.262904110000 -0.600857560000 1.694779490000
-0.541298100000 -0.767045230000 -0.344438650000 3.242549650000
0.000000000000 0.000000000000 0.000000000000 1.000000000000
37 59 66
-0.756544320000 0.391885140000 -0.523513840000 1.800812450000
0.521408220000 -0.121680100000 -0.844587130000 1.987120260000
-0.394682360000 -0.911932010000 -0.112275740000 2.641481530000
0.000000000000 0.000000000000 0.000000000000 1.000000000000
37 60 66
0.980595810000 -0.002928790000 -0.196018550000 -0.042292180000
-0.021087650000 0.992510930000 -0.120321890000 0.362157350000
0.194902960000 0.122120710000 0.973190300000 0.181704540000
0.000000000000 0.000000000000 0.000000000000 1.000000000000
37 61 66
0.998239700000 -0.016228870000 0.057044950000 -0.248283870000
-0.003511980000 0.943971050000 0.330009590000 -0.520455460000
-0.059204460000 -0.329629020000 0.942252380000 0.055523590000
0.000000000000 0.000000000000 0.000000000000 1.000000000000
37 62 66
0.935766950000 -0.232285260000 0.265299400000 -0.096657130000
-0.098758540000 0.549613490000 0.829561190000 -1.904736430000
-0.338506970000 -0.802476520000 0.491369980000 1.262720790000
0.000000000000 0.000000000000 0.000000000000 1.000000000000
37 63 66
0.706598330000 -0.365280170000 0.606043890000 -0.728572050000
0.343051700000 0.925914860000 0.158105020000 -0.432296480000
-0.618897680000 0.096187640000 0.779559880000 0.465832770000
0.000000000000 0.000000000000 0.000000000000 1.000000000000
37 64 66
0.746103160000 -0.350007380000 0.566414080000 -0.945673800000
0.441865390000 0.896645100000 -0.027973820000 0.091837270000
-0.498081370000 0.271150140000 0.823645890000 0.306656200000
0.000000000000 0.000000000000 0.000000000000 1.000000000000
37 65 66
0.053340520000 -0.201853940000 0.977962050000 -1.297025630000
0.547747420000 0.824785530000 0.140362380000 -0.898580540000
-0.834941650000 0.528189190000 0.154559460000 2.420327770000
0.000000000000 0.000000000000 0.000000000000 1.000000000000
38 40 66
0.722360260000 0.591230930000 0.358666470000 0.318301270000
-0.671516880000 0.475901030000 0.567964160000 -1.340456650000
0.165108240000 -0.651125330000 0.740793540000 0.610627210000
0.000000000000 0.000000000000 0.000000000000 1.000000000000
38 41 66
-0.903819860000 0.358204620000 0.234092120000 0.093303320000
-0.302276640000 -0.921663380000 0.243239500000 -1.480540880000
0.302883640000 0.149084110000 0.941294550000 0.777848070000
0.000000000000 0.000000000000 0.000000000000 1.000000000000
38 42 66
-0.818668170000 0.548646980000 0.169614010000 0.069217400000
-0.157400510000 -0.498424190000 0.852524720000 -1.687127520000
0.552274850000 0.671237530000 0.494401330000 0.807885010000
0.000000000000 0.000000000000 0.000000000000 1.000000000000
38 43 66
-0.007641990000 -0.541741990000 0.840510100000 -1.238937920000
0.425280190000 0.758970080000 0.493052910000 -1.040979130000
-0.905029480000 0.361220200000 0.224592090000 1.702679710000
0.000000000000 0.000000000000 0.000000000000 1.000000000000
38 44 66
0.893162620000 -0.269181950000 -0.360279900000 1.520305130000
0.439951960000 0.689134750000 0.575791250000 -1.572195140000
0.093288790000 -0.672781080000 0.733936530000 0.457515310000
0.000000000000 0.000000000000 0.000000000000 1.000000000000
38 45 66
-0.468221700000 -0.652187800000 0.596170710000 -0.095928630000
-0.878522580000 0.271297740000 -0.393186470000 1.368079970000
0.094691650000 -0.707847870000 -0.699989200000 4.738357370000
0.000000000000 0.000000000000 0.000000000000 1.000000000000
38 46 66
-0.441850960000 -0.895655150000 -0.050691040000 1.781677860000
0.052575760000 0.030554820000 -0.998149380000 1.849125710000
0.895546490000 -0.443698380000 0.033589070000 2.766947370000
0.000000000000 0.000000000000 0.000000000000 1.000000000000
38 47 66
-0.368044700000 0.092330240000 0.925212530000 -1.211308210000
0.661895700000 0.724863870000 0.190961900000 -0.681606750000
-0.653021580000 0.682676710000 -0.327895290000 3.423044720000
0.000000000000 0.000000000000 0.000000000000 1.000000000000
38 48 66
0.666969870000 0.204877280000 -0.716363380000 2.549601740000
0.342985220000 -0.937950630000 0.051085850000 -0.718466420000
-0.661447150000 -0.279774770000 -0.695854690000 4.329824520000
0.000000000000 0.000000000000 0.000000000000 1.000000000000
38 49 66
0.872105480000 0.186918740000 0.452209490000 -0.831545480000
-0.305621980000 0.929806370000 0.205073920000 -0.192062020000
-0.382135110000 -0.317051250000 0.868015700000 0.239630200000
0.000000000000 0.000000000000 0.000000000000 1.000000000000
38 50 66
0.888456170000 -0.131151370000 0.439823780000 -1.215550100000
0.216577390000 0.964699890000 -0.149827750000 0.014665850000
-0.404647840000 0.228371280000 0.885497990000 -0.201169560000
0.000000000000 0.000000000000 0.000000000000 1.000000000000
38 51 66
0.672331900000 0.316356300000 -0.669244720000 2.030495300000
-0.364336600000 0.928413560000 0.072849830000 -0.502416870000
0.644382380000 0.194851090000 0.739462240000 0.098343410000
0.000000000000 0.000000000000 0.000000000000 1.000000000000
38 52 66
0.958729680000 -0.284183130000 0.008794390000 0.150837680000
0.244333750000 0.807686650000 -0.536603480000 1.337219090000
0.145390550000 0.516606450000 0.843788690000 -0.529597860000
0.000000000000 0.000000000000 0.000000000000 1.000000000000
38 53 66
-0.691623940000 0.295832030000 -0.658892810000 2.000641190000
-0.139222490000 0.840553460000 0.523533180000 -1.568307830000
0.708712510000 0.453820780000 -0.540160420000 3.230167100000
0.000000000000 0.000000000000 0.000000000000 1.000000000000
38 54 66
0.994094580000 -0.108471920000 -0.003132980000 0.055208030000
0.086442260000 0.774089210000 0.627147220000 -2.038307680000
-0.065602660000 -0.623714470000 0.778894440000 -0.208590180000
0.000000000000 0.000000000000 0.000000000000 1.000000000000
38 55 66
0.374519680000 0.514894730000 -0.771115060000 2.365214020000
-0.313824710000 0.852951310000 0.417118820000 -1.792874550000
0.872495880000 0.085775750000 0.481033740000 1.901648580000
0.000000000000 0.000000000000 0.000000000000 1.000000000000
38 56 66
0.816295620000 -0.577570952000 0.008558979360 0.121101503000
-0.577585081000 -0.816329920000 -0.000967008938 0.287347364000
0.007545467210 -0.004154173630 -0.999962904000 4.710386320000
0.000000000000 0.000000000000 0.000000000000 1.000000000000
38 57 66
0.332524430000 0.822998780000 -0.460543710000 1.943529380000
-0.851901190000 0.471615850000 0.227690250000 -1.318081240000
0.404588510000 0.316625160000 0.857937440000 0.307829240000
0.000000000000 0.000000000000 0.000000000000 1.000000000000
38 58 66
-0.184728520000 -0.343422020000 0.920834780000 -1.705357440000
0.392906550000 0.833018740000 0.389492260000 -0.759574600000
-0.900832850000 0.433752350000 -0.018949560000 1.966537300000
0.000000000000 0.000000000000 0.000000000000 1.000000000000
38 59 66
-0.245023400000 0.432236170000 -0.867833750000 2.540699430000
0.881149410000 -0.274086270000 -0.385295260000 0.864184930000
-0.404399860000 -0.859097550000 -0.313707100000 3.352676180000
0.000000000000 0.000000000000 0.000000000000 1.000000000000
38 60 66
-0.905538340000 0.392634920000 -0.160742430000 0.518926100000
-0.311048980000 -0.356740490000 0.880899970000 -1.564701260000
0.288528760000 0.847687470000 0.445170880000 1.391195370000
0.000000000000 0.000000000000 0.000000000000 1.000000000000
38 61 66
0.475599580000 0.442705150000 0.760142870000 -0.770417870000
-0.802092110000 -0.136558970000 0.581377580000 -1.473707060000
0.361183180000 -0.886207540000 0.290142920000 1.699552790000
0.000000000000 0.000000000000 0.000000000000 1.000000000000
38 62 66
0.778886430000 -0.319645640000 0.539594850000 -0.141706940000
0.349424140000 0.935636470000 0.049871490000 -0.107343330000
-0.520805820000 0.149703240000 0.840446450000 0.161934400000
0.000000000000 0.000000000000 0.000000000000 1.000000000000
38 63 66
-0.279306060000 0.154740840000 -0.947651520000 3.307361360000
0.862238970000 -0.393872440000 -0.318446940000 0.781609130000
-0.422530560000 -0.906046230000 -0.023412620000 2.391457920000
0.000000000000 0.000000000000 0.000000000000 1.000000000000
38 64 66
0.565815670000 -0.436742040000 0.699363290000 -1.068330550000
0.512539480000 0.850711530000 0.116589790000 -0.251257420000
-0.645876080000 0.292482970000 0.705193450000 0.606691330000
0.000000000000 0.000000000000 0.000000000000 1.000000000000
38 65 66
-0.938594790000 -0.294381900000 0.179941960000 0.236528470000
-0.275902880000 0.327249560000 -0.903761760000 2.350067010000
0.207165180000 -0.897912590000 -0.388375550000 3.231031510000
0.000000000000 0.000000000000 0.000000000000 1.000000000000
39 41 66
-0.107884520000 -0.969954060000 -0.218059740000 -0.379197890000
-0.456220320000 0.243183500000 -0.855993460000 2.034951100000
0.883302870000 0.007134840000 -0.468748480000 3.874192270000
0.000000000000 0.000000000000 0.000000000000 1.000000000000
39 42 66
0.367469980000 0.781209290000 0.504656170000 -1.174684960000
-0.928463260000 0.339681970000 0.150240240000 -0.607910040000
-0.054053540000 -0.523763490000 0.850147060000 0.135242220000
0.000000000000 0.000000000000 0.000000000000 1.000000000000
39 43 66
-0.836198410000 -0.373568440000 -0.401520660000 0.903783730000
0.030689640000 0.699110410000 -0.714354800000 1.315648060000
0.547567670000 -0.609664880000 -0.573130330000 4.092265550000
0.000000000000 0.000000000000 0.000000000000 1.000000000000
39 44 66
0.982785780000 0.128036440000 0.133187020000 -0.380082580000
-0.079118140000 0.943136760000 -0.322851940000 0.414652650000
-0.166950390000 0.306756790000 0.937031400000 0.016365220000
0.000000000000 0.000000000000 0.000000000000 1.000000000000
39 45 66
-0.614955860000 0.777847540000 -0.129547280000 -0.149556960000
-0.270086040000 -0.053417010000 0.961353290000 -2.447106330000
0.740866260000 0.626178760000 0.242934870000 0.715036120000
0.000000000000 0.000000000000 0.000000000000 1.000000000000
39 46 66
-0.543791980000 -0.210260610000 0.812453540000 -2.103828540000
0.497121250000 0.699270940000 0.513702840000 -1.539842680000
-0.676136630000 0.683235410000 -0.275732910000 2.433172600000
0.000000000000 0.000000000000 0.000000000000 1.000000000000
39 47 66
0.016185500000 0.122771570000 0.992302960000 -1.806542950000
0.997319330000 -0.072811080000 -0.007258860000 -0.277643740000
0.071359470000 0.989760420000 -0.123620940000 2.480191810000
0.000000000000 0.000000000000 0.000000000000 1.000000000000
39 48 66
0.364097126000 -0.308053045000 0.878940615000 -2.061040570000
0.647741033000 0.761859468000 -0.001305571260 0.214805933000
-0.669227044000 0.569801257000 0.476929440000 1.348929400000
0.000000000000 0.000000000000 0.000000000000 1.000000000000
39 49 66
0.962899210000 -0.242788880000 0.117807740000 -0.178443620000
-0.187109450000 -0.915229870000 -0.356853390000 0.455617290000
0.194461200000 0.321570910000 -0.926702210000 4.570532910000
0.000000000000 0.000000000000 0.000000000000 1.000000000000
39 50 66
0.547168320000 -0.589398840000 0.594319640000 -2.683479970000
0.837005090000 0.389879570000 -0.383948440000 0.240401600000
-0.005414320000 0.707532990000 0.706659570000 0.701682740000
0.000000000000 0.000000000000 0.000000000000 1.000000000000
39 51 66
0.712346740000 0.228108260000 0.663723390000 -1.602546710000
0.627034290000 0.217959500000 -0.747878100000 2.065475920000
-0.315261990000 0.948925850000 0.012231040000 1.659693810000
0.000000000000 0.000000000000 0.000000000000 1.000000000000
39 52 66
0.657625220000 -0.523642070000 0.541597680000 -2.230219950000
0.346473150000 0.848608220000 0.399775490000 -1.588867040000
-0.668943510000 -0.075253390000 0.739494090000 0.412795910000
0.000000000000 0.000000000000 0.000000000000 1.000000000000
39 53 66
0.719861920000 -0.013568800000 0.693984650000 -1.812352830000
0.196007700000 0.963091840000 -0.184486040000 0.381927320000
-0.665867700000 0.268830810000 0.695952730000 -0.051564270000
0.000000000000 0.000000000000 0.000000000000 1.000000000000
39 54 66
0.812880960000 0.311470930000 0.492148750000 -1.079593480000
0.320131580000 0.466965070000 -0.824293270000 1.759743900000
-0.486559670000 0.827604670000 0.279875330000 1.121421130000
0.000000000000 0.000000000000 0.000000000000 1.000000000000
39 55 66
0.878225470000 -0.471104000000 -0.082347080000 0.571707480000
-0.404099240000 -0.823071890000 0.399069490000 -0.908129810000
-0.255780800000 -0.317196600000 -0.913215470000 4.756782040000
0.000000000000 0.000000000000 0.000000000000 1.000000000000
39 56 66
-0.512446320000 0.845634310000 0.149336450000 -0.990097120000
-0.062432570000 -0.210135110000 0.975676900000 -2.403954110000
0.856446700000 0.490658580000 0.160478090000 2.424031250000
0.000000000000 0.000000000000 0.000000000000 1.000000000000
39 57 66
0.361352620000 -0.178217480000 -0.915239210000 2.955911810000
0.686967590000 -0.612814680000 0.390555630000 -0.305334060000
-0.630475870000 -0.769867970000 -0.099012560000 2.454155070000
0.000000000000 0.000000000000 0.000000000000 1.000000000000
39 58 66
-0.168895880000 -0.825395720000 0.538698510000 -2.415470340000
0.230919380000 0.498201890000 0.835745840000 -2.269415550000
-0.958201660000 0.265549960000 0.106455620000 1.944694190000
0.000000000000 0.000000000000 0.000000000000 1.000000000000
39 59 66
-0.064201840000 -0.432583750000 0.899304970000 -2.325683410000
0.313974500000 0.846643870000 0.429667500000 -0.941253190000
-0.947258220000 0.309944280000 0.081464170000 2.388559340000
0.000000000000 0.000000000000 0.000000000000 1.000000000000
39 60 66
0.001500550000 -0.909197520000 0.416362350000 -1.123988610000
0.600096620000 0.333878590000 0.726917560000 -1.098932270000
-0.799926120000 0.248766860000 0.546107360000 1.189721990000
0.000000000000 0.000000000000 0.000000000000 1.000000000000
39 61 66
-0.630353170000 0.760600260000 0.155377340000 -0.995105910000
-0.615543060000 -0.611658500000 0.496971450000 -1.413581200000
0.473034490000 0.217626080000 0.853743090000 1.125492070000
0.000000000000 0.000000000000 0.000000000000 1.000000000000
39 62 66
0.983173850000 0.056096430000 0.173845850000 -0.012372310000
-0.051226570000 0.998162080000 -0.032377540000 0.020465500000
-0.175342600000 0.022927230000 0.984240480000 -0.075832760000
0.000000000000 0.000000000000 0.000000000000 1.000000000000
39 63 66
0.932297460000 -0.307287840000 0.190776390000 -0.175076640000
0.296136430000 0.951340870000 0.085169040000 -0.175085570000
-0.207664790000 -0.022907040000 0.977931800000 -0.412347210000
0.000000000000 0.000000000000 0.000000000000 1.000000000000
39 64 66
0.467904560000 -0.879908050000 0.082626490000 -0.535067390000
-0.882052140000 -0.470786530000 -0.018548970000 -0.226471170000
0.055220830000 -0.064201720000 -0.996407950000 5.029432420000
0.000000000000 0.000000000000 0.000000000000 1.000000000000
39 65 66
-0.625891750000 -0.779616750000 0.021383260000 0.549754320000
-0.769277260000 0.612614850000 -0.181426430000 0.564557980000
0.128343380000 -0.130002960000 -0.983172010000 4.558124770000
0.000000000000 0.000000000000 0.000000000000 1.000000000000
40 42 66
-0.959485010000 -0.263197930000 -0.100575160000 0.114301950000
0.168960640000 -0.823116300000 0.542154830000 -1.011391970000
-0.225479080000 0.503196190000 0.834237840000 -0.253015610000
0.000000000000 0.000000000000 0.000000000000 1.000000000000
40 43 66
0.987024070000 0.009009630000 0.160319410000 -0.334658040000
0.023620960000 0.979415800000 -0.200466290000 0.362956550000
-0.158825490000 0.201651960000 0.966494150000 -0.265609110000
0.000000000000 0.000000000000 0.000000000000 1.000000000000
40 44 66
-0.525660490000 -0.392131000000 0.754926710000 -2.383295350000
0.843800430000 -0.353091000000 0.404138060000 -0.442231750000
0.108082760000 0.849446890000 0.516486300000 0.360644820000
0.000000000000 0.000000000000 0.000000000000 1.000000000000
40 45 66
-0.290853210000 0.953549480000 0.078407940000 -0.494054520000
-0.483894620000 -0.217303970000 0.847717510000 -2.297645180000
0.825378950000 0.208620180000 0.524621020000 0.081933830000
0.000000000000 0.000000000000 0.000000000000 1.000000000000
40 46 66
0.281870660000 -0.255667030000 0.924761210000 -1.694985680000
0.934891000000 0.289877740000 -0.204816290000 0.022330720000
-0.215702920000 0.922282640000 0.320728830000 0.566109380000
0.000000000000 0.000000000000 0.000000000000 1.000000000000
40 47 66
-0.299957510000 0.478827790000 -0.825075410000 1.993981980000
-0.904821520000 0.131181240000 0.405079620000 -0.618326140000
0.302197800000 0.868052670000 0.393904890000 1.054877030000
0.000000000000 0.000000000000 0.000000000000 1.000000000000
40 48 66
0.021471063300 -0.624493729000 0.780734639000 -1.738506280000
0.999768502000 0.012324903200 -0.017636297000 -0.163876761000
0.001391278020 0.780932570000 0.624613789000 0.964444970000
0.000000000000 0.000000000000 0.000000000000 1.000000000000
40 49 66
-0.362541280000 0.545358410000 -0.755743360000 2.460000230000
0.881664990000 0.463507900000 -0.088471860000 0.331708660000
0.302044140000 -0.698387160000 -0.648864170000 3.317051680000
0.000000000000 0.000000000000 0.000000000000 1.000000000000
40 50 66
0.224151830000 -0.959906480000 0.168331540000 -0.727078010000
0.911172940000 0.145150300000 -0.385610250000 0.305306290000
0.345716410000 0.239814390000 0.907176510000 -1.015652460000
0.000000000000 0.000000000000 0.000000000000 1.000000000000
40 51 66
0.788904640000 0.211039720000 0.577140970000 -1.676137590000
0.571972630000 0.091196870000 -0.815187360000 2.354647060000
-0.224670370000 0.973213940000 -0.048763310000 1.682242070000
0.000000000000 0.000000000000 0.000000000000 1.000000000000
40 52 66
0.442301310000 -0.353165060000 0.824405240000 -2.034657890000
0.824958970000 0.520837980000 -0.219477810000 0.313196260000
-0.351869660000 0.777175810000 0.521714000000 0.058756110000
0.000000000000 0.000000000000 0.000000000000 1.000000000000
40 53 66
-0.433198130000 0.469102600000 -0.769598680000 2.172416520000
0.888290580000 0.077666590000 -0.452667370000 0.789243660000
-0.152575340000 -0.879721920000 -0.450344440000 3.955470870000
0.000000000000 0.000000000000 0.000000000000 1.000000000000
40 54 66
0.379551930000 0.375316340000 -0.845622830000 2.053575140000
-0.894632440000 -0.084006460000 -0.438834490000 0.489084790000
-0.235739530000 0.923082100000 0.303885360000 0.762122600000
0.000000000000 0.000000000000 0.000000000000 1.000000000000
40 55 66
-0.788946890000 -0.543950470000 0.285798340000 0.058163560000
-0.354407550000 0.022871960000 -0.934811300000 1.854357450000
0.501954280000 -0.838805560000 -0.210824920000 3.325624070000
0.000000000000 0.000000000000 0.000000000000 1.000000000000
40 56 66
0.308673210000 0.225538320000 -0.924041840000 2.619641790000
0.478887270000 -0.876220450000 -0.053895420000 0.324136110000
-0.821819830000 -0.425875800000 -0.378473210000 2.766546400000
0.000000000000 0.000000000000 0.000000000000 1.000000000000
40 57 66
0.965979850000 -0.143295460000 0.215288950000 -0.228455100000
0.243055990000 0.787434430000 -0.566454600000 0.697591560000
-0.088355560000 0.599511000000 0.795474610000 -0.033829170000
0.000000000000 0.000000000000 0.000000000000 1.000000000000
40 58 66
-0.965061010000 0.018094110000 -0.261399790000 0.735826510000
0.259990800000 0.190200450000 -0.946693490000 2.490146000000
0.032588790000 -0.981578520000 -0.188259340000 2.763517110000
0.000000000000 0.000000000000 0.000000000000 1.000000000000
40 59 66
-0.588257830000 0.592680860000 -0.550165540000 1.791696160000
-0.784218870000 -0.252056530000 0.566981720000 -1.063329080000
0.197366400000 0.764981640000 0.613065740000 0.468469000000
0.000000000000 0.000000000000 0.000000000000 1.000000000000
40 60 66
-0.924050980000 -0.322938410000 -0.204549680000 0.518740300000
0.321130500000 -0.946061980000 0.042917660000 -0.182424710000
-0.207376430000 -0.026029030000 0.977914880000 0.210905690000
0.000000000000 0.000000000000 0.000000000000 1.000000000000
40 61 66
0.823379150000 0.553945870000 -0.123250750000 0.562691720000
0.484526460000 -0.799289260000 -0.355486680000 0.867087480000
-0.295433380000 0.232982070000 -0.926519550000 3.806455370000
0.000000000000 0.000000000000 0.000000000000 1.000000000000
40 62 66
-0.932181400000 -0.087157100000 0.351342390000 -1.567427930000
0.356214670000 -0.393564720000 0.847477390000 -1.779087830000
0.064412300000 0.915155970000 0.397920350000 0.956106430000
0.000000000000 0.000000000000 0.000000000000 1.000000000000
40 63 66
0.808388900000 -0.193541220000 0.555921930000 -1.239788850000
0.573785140000 0.469964240000 -0.670749010000 2.128576190000
-0.131445840000 0.861205790000 0.490964940000 0.563672230000
0.000000000000 0.000000000000 0.000000000000 1.000000000000
40 64 66
-0.715530560000 0.468332840000 0.518343870000 -1.530200300000
0.138073890000 -0.632546130000 0.762116130000 -1.809559310000
0.684800420000 0.616887140000 0.387941550000 1.158926310000
0.000000000000 0.000000000000 0.000000000000 1.000000000000
40 65 66
-0.730386530000 -0.308308980000 0.609492480000 -0.906030890000
0.519771000000 -0.829809010000 0.203113530000 -0.263788520000
0.443140630000 0.465147900000 0.766331400000 0.134735040000
0.000000000000 0.000000000000 0.000000000000 1.000000000000
41 43 66
-0.205097960000 -0.874019620000 0.440482150000 -1.073432720000
-0.942851510000 0.055680890000 -0.328528030000 0.072912170000
0.262613510000 -0.482689690000 -0.835490760000 4.447038670000
0.000000000000 0.000000000000 0.000000000000 1.000000000000
41 44 66
0.608992620000 0.095774710000 -0.787372330000 1.776843670000
-0.508477680000 0.809011270000 -0.294874900000 0.212151540000
0.608751540000 0.579937900000 0.541381200000 0.701384200000
0.000000000000 0.000000000000 0.000000000000 1.000000000000
41 45 66
-0.481757250000 0.842958370000 -0.239439220000 0.085975100000
-0.407080610000 0.026685230000 0.913002340000 -2.775771990000
0.776012450000 0.537316570000 0.330296210000 0.539457600000
0.000000000000 0.000000000000 0.000000000000 1.000000000000
41 46 66
0.914379730000 -0.295975990000 0.276238890000 -0.783189340000
0.352585400000 0.246816340000 -0.902643470000 1.854965680000
0.198980520000 0.922756690000 0.330040670000 1.031628070000
0.000000000000 0.000000000000 0.000000000000 1.000000000000
41 47 66
-0.425385450000 -0.823481840000 0.375399640000 -0.740577090000
0.827511700000 -0.185968510000 0.529754750000 -1.529541150000
-0.366430900000 0.535997550000 0.760549150000 0.756933560000
0.000000000000 0.000000000000 0.000000000000 1.000000000000
41 48 66
0.999540237000 -0.000659460772 -0.030313042600 -0.046462285700
-0.014831994900 0.861342741000 -0.507807734000 0.847328410000
0.026444798500 0.508023866000 0.860936946000 0.621464008000
0.000000000000 0.000000000000 0.000000000000 1.000000000000
41 49 66
0.942667640000 0.323961750000 0.080165460000 -0.526007690000
-0.227565250000 0.799668810000 -0.555647230000 1.111446500000
-0.244114270000 0.505547790000 0.827544350000 0.484588560000
0.000000000000 0.000000000000 0.000000000000 1.000000000000
41 50 66
0.989328540000 -0.038425870000 0.140543550000 -1.023211420000
0.098667020000 0.886450770000 -0.452183430000 0.758559220000
-0.107209390000 0.461224990000 0.880782410000 -0.399631280000
0.000000000000 0.000000000000 0.000000000000 1.000000000000
41 51 66
0.340133970000 0.938737040000 -0.055512680000 0.160821690000
-0.930994170000 0.327834650000 -0.160543730000 -0.572943570000
-0.132509370000 0.106288360000 0.985466410000 -0.775062380000
0.000000000000 0.000000000000 0.000000000000 1.000000000000
41 52 66
-0.981641580000 -0.143237410000 0.125947850000 -0.263927260000
0.161293910000 -0.270951490000 0.948983440000 -3.302215420000
-0.101804170000 0.951876220000 0.289080570000 0.838987130000
0.000000000000 0.000000000000 0.000000000000 1.000000000000
41 53 66
-0.916920100000 0.344120140000 0.202086280000 -0.895348880000
0.289174020000 0.921909360000 -0.257801310000 0.658054350000
-0.275019850000 -0.177945100000 -0.944827830000 5.177414750000
0.000000000000 0.000000000000 0.000000000000 1.000000000000
41 54 66
0.887291800000 -0.459694230000 -0.037342710000 -0.044383740000
-0.173070810000 -0.256817390000 -0.950837170000 2.453167980000
0.427504100000 0.850132960000 -0.307431620000 2.294173020000
0.000000000000 0.000000000000 0.000000000000 1.000000000000
41 55 66
-0.543354990000 0.825306820000 -0.153733550000 -0.706374130000
0.622786400000 0.273475490000 -0.733040420000 1.606752320000
-0.562940900000 -0.494044340000 -0.662584130000 4.000293970000
0.000000000000 0.000000000000 0.000000000000 1.000000000000
41 56 66
-0.541135590000 0.709406280000 -0.451569490000 1.014549700000
0.814445850000 0.575834510000 -0.071362250000 -0.832681090000
0.209404470000 -0.406395550000 -0.889377550000 4.125943320000
0.000000000000 0.000000000000 0.000000000000 1.000000000000
41 57 66
0.874722560000 -0.378762180000 0.302323760000 -0.706639520000
0.247424110000 -0.187365820000 -0.950618410000 1.925271870000
0.416703440000 0.906329550000 -0.070178220000 2.251033890000
0.000000000000 0.000000000000 0.000000000000 1.000000000000
41 58 66
0.687069380000 0.422604240000 0.591051040000 -1.164320710000
-0.070895120000 0.848566810000 -0.524316940000 1.265213530000
-0.723124850000 0.318339480000 0.612984850000 0.483055820000
0.000000000000 0.000000000000 0.000000000000 1.000000000000
41 59 66
0.997373500000 0.060750120000 0.039440160000 -0.997054320000
-0.067097920000 0.980015930000 0.187260880000 -0.720257290000
-0.027275860000 -0.189415390000 0.981518130000 -0.350494800000
0.000000000000 0.000000000000 0.000000000000 1.000000000000
41 60 66
0.958631270000 -0.281126460000 0.044654170000 -0.106423270000
0.284626890000 0.948716050000 -0.137569590000 -0.311949900000
-0.003689680000 0.144588290000 0.989485020000 0.448888730000
0.000000000000 0.000000000000 0.000000000000 1.000000000000
41 61 66
0.636349490000 -0.514285730000 0.574951750000 -0.566879680000
0.466604050000 0.850141760000 0.244007480000 -0.928162410000
-0.614280050000 0.113000780000 0.780955080000 0.444586100000
0.000000000000 0.000000000000 0.000000000000 1.000000000000
41 62 66
-0.245762520000 0.968822570000 -0.031362490000 0.139600520000
-0.966123180000 -0.247450870000 -0.073308030000 -0.224256040000
-0.078783150000 0.012283660000 0.996816100000 0.119159290000
0.000000000000 0.000000000000 0.000000000000 1.000000000000
41 63 66
-0.707356370000 0.244612850000 0.663182880000 -1.777737080000
0.226691520000 0.967160320000 -0.114942880000 0.045649090000
-0.669520670000 0.069032360000 -0.739578670000 3.939213940000
0.000000000000 0.000000000000 0.000000000000 1.000000000000
41 64 66
0.779665100000 -0.509810410000 -0.363614740000 0.864961570000
-0.364728180000 0.102295850000 -0.925477670000 1.945138160000
0.509014430000 0.854183180000 -0.106185710000 2.511599360000
0.000000000000 0.000000000000 0.000000000000 1.000000000000
41 65 66
0.415682720000 0.541925760000 -0.730427510000 1.502870680000
-0.581756110000 0.775751370000 0.244478310000 -0.801842620000
0.699119230000 0.323305260000 0.637735060000 0.553729660000
0.000000000000 0.000000000000 0.000000000000 1.000000000000
42 44 66
-0.801864800000 0.578564160000 -0.149252650000 0.261293000000
-0.550964400000 -0.619312730000 0.559365690000 -1.665631780000
0.231194880000 0.530768550000 0.815373330000 0.250381800000
0.000000000000 0.000000000000 0.000000000000 1.000000000000
42 45 66
-0.931019380000 0.363068840000 0.037201340000 -0.090002550000
-0.276105660000 -0.767322700000 0.578775900000 -1.358974670000
0.238680920000 0.528580080000 0.814637660000 -0.278802590000
0.000000000000 0.000000000000 0.000000000000 1.000000000000
42 46 66
-0.778053010000 -0.228424590000 -0.585197170000 1.416139820000
-0.617355470000 0.105698460000 0.779551190000 -1.404372410000
-0.116214230000 0.967806820000 -0.223258180000 2.243881340000
0.000000000000 0.000000000000 0.000000000000 1.000000000000
42 47 66
0.788690310000 -0.610332560000 0.073903740000 -1.005497450000
0.584268020000 0.706692600000 -0.399019350000 0.916917620000
0.191307270000 0.357882290000 0.913959410000 0.262602030000
0.000000000000 0.000000000000 0.000000000000 1.000000000000
42 48 66
0.873370080000 -0.104393090000 0.475738140000 -1.250035860000
0.293922800000 0.891822040000 -0.343893630000 1.299607380000
-0.388373640000 0.440176700000 0.809574200000 0.658748080000
0.000000000000 0.000000000000 0.000000000000 1.000000000000
42 49 66
-0.861526440000 -0.076652850000 -0.501892960000 1.295226020000
-0.391177020000 -0.529954660000 0.752415180000 -1.141204730000
-0.323655280000 0.844554560000 0.426585110000 1.685052800000
0.000000000000 0.000000000000 0.000000000000 1.000000000000
42 50 66
-0.979570390000 -0.176145640000 -0.097028720000 1.492221460000
0.125823670000 -0.913213160000 0.387569520000 -1.322854590000
-0.156876580000 0.367443110000 0.916719860000 -0.300523990000
0.000000000000 0.000000000000 0.000000000000 1.000000000000
42 51 66
0.532402470000 -0.543815230000 -0.648700710000 2.018518430000
-0.506968570000 0.408854540000 -0.758828590000 2.436567750000
0.677886770000 0.732873090000 -0.058022060000 2.127164570000
0.000000000000 0.000000000000 0.000000000000 1.000000000000
42 52 66
0.703315730000 0.691412150000 -0.165215650000 0.634546450000
-0.710311220000 0.674236680000 -0.202145660000 0.796080770000
-0.028371520000 0.259526750000 0.965319080000 -0.556363120000
0.000000000000 0.000000000000 0.000000000000 1.000000000000
42 53 66
-0.104886100000 0.180800300000 -0.977911120000 2.437289270000
-0.991846240000 -0.090593880000 0.089631340000 0.024032930000
-0.072387390000 0.979338550000 0.188828140000 1.469276510000
0.000000000000 0.000000000000 0.000000000000 1.000000000000
42 54 66
0.157350960000 0.896051040000 -0.415130350000 1.226818790000
-0.365629430000 0.443354320000 0.818383810000 -2.177142930000
0.917363500000 0.023010390000 0.397384860000 0.415591690000
0.000000000000 0.000000000000 0.000000000000 1.000000000000
42 55 66
0.539873100000 0.429026520000 -0.724205280000 1.702295070000
-0.815345530000 0.480322640000 -0.323267410000 0.889218220000
0.209161900000 0.765000920000 0.609118130000 0.372420430000
0.000000000000 0.000000000000 0.000000000000 1.000000000000
42 56 66
-0.578743820000 0.411885360000 -0.703850870000 2.021398480000
0.784649440000 0.046061300000 -0.618226190000 1.754890150000
-0.222218030000 -0.910070770000 -0.349843310000 3.095625650000
0.000000000000 0.000000000000 0.000000000000 1.000000000000
42 57 66
-0.277201410000 0.190366240000 -0.941764340000 2.289839020000
-0.901133060000 0.288551910000 0.323569160000 -0.633248850000
0.333344540000 0.938348810000 0.091558320000 1.868158900000
0.000000000000 0.000000000000 0.000000000000 1.000000000000
42 58 66
-0.908231910000 -0.358319440000 0.216152680000 -0.892298750000
0.286270290000 -0.155253250000 0.945487040000 -2.135075550000
-0.305227980000 0.920599590000 0.243582160000 1.483886470000
0.000000000000 0.000000000000 0.000000000000 1.000000000000
42 59 66
-0.695618090000 0.084292940000 -0.713449490000 1.612783530000
-0.672485370000 -0.425778430000 0.605372740000 -1.040445670000
-0.252742750000 0.900892570000 0.352864950000 1.617513200000
0.000000000000 0.000000000000 0.000000000000 1.000000000000
42 60 66
-0.779085640000 0.494417780000 -0.385456380000 0.513245420000
-0.521127890000 -0.852530410000 -0.040219700000 -0.280560230000
-0.348498620000 0.169537480000 0.921849090000 0.832817630000
0.000000000000 0.000000000000 0.000000000000 1.000000000000
42 61 66
0.811112460000 -0.557548430000 0.176738020000 -0.052783610000
0.536800160000 0.829612930000 0.153583780000 0.333701220000
-0.232254540000 -0.029700720000 0.972201470000 0.367055850000
0.000000000000 0.000000000000 0.000000000000 1.000000000000
42 62 66
0.803434840000 0.124982350000 -0.582127030000 1.667401400000
-0.298186790000 0.930730170000 -0.211721500000 0.745160410000
0.515341740000 0.343687020000 0.785049120000 0.566638740000
0.000000000000 0.000000000000 0.000000000000 1.000000000000
42 63 66
-0.962547700000 -0.262757350000 0.066787050000 -0.106151490000
0.247247440000 -0.749703710000 0.613851000000 -0.997169150000
-0.111223360000 0.607373800000 0.786591660000 0.472738720000
0.000000000000 0.000000000000 0.000000000000 1.000000000000
42 64 66
-0.930521400000 -0.342062010000 0.130856810000 -1.426337080000
0.292302910000 -0.478376150000 0.828079260000 -1.564097840000
-0.220655680000 0.808795300000 0.545124970000 0.664200110000
0.000000000000 0.000000000000 0.000000000000 1.000000000000
42 65 66
0.764912800000 0.522261200000 -0.377030030000 1.084670060000
0.486158880000 -0.852070190000 -0.193974060000 1.326595090000
-0.422561170000 -0.034923250000 -0.905661320000 4.683028150000
0.000000000000 0.000000000000 0.000000000000 1.000000000000
43 45 66
0.270652810000 0.685869740000 -0.675521840000 0.941628050000
-0.856259940000 0.492208970000 0.156681950000 -0.898093260000
0.439961320000 0.536015880000 0.720500520000 -0.290247930000
0.000000000000 0.000000000000 0.000000000000 1.000000000000
43 46 66
0.766959870000 -0.155076260000 0.622674810000 -1.503485320000
0.545285310000 0.669049110000 -0.505012100000 0.784555140000
-0.338284640000 0.726859440000 0.597694620000 0.825682180000
0.000000000000 0.000000000000 0.000000000000 1.000000000000
43 47 66
-0.987570570000 -0.152067060000 -0.039749020000 0.363851980000
0.019460660000 -0.369249240000 0.929126620000 -1.753717180000
-0.155966860000 0.916804560000 0.367619010000 1.636681190000
0.000000000000 0.000000000000 0.000000000000 1.000000000000
43 48 66
-0.358386220000 0.546940700000 -0.756581250000 1.946770920000
-0.848807890000 0.146519080000 0.507993430000 -1.007525770000
0.388695880000 0.824249980000 0.411737160000 1.749074990000
0.000000000000 0.000000000000 0.000000000000 1.000000000000
43 49 66
-0.111491580000 0.607463770000 -0.786484200000 1.992903820000
-0.956657600000 -0.279856340000 -0.080539850000 0.310025350000
-0.269027630000 0.743416570000 0.612336460000 1.144155740000
0.000000000000 0.000000000000 0.000000000000 1.000000000000
43 50 66
-0.653759490000 0.440123060000 -0.615540600000 1.519627880000
0.534098900000 0.844626670000 0.036662820000 -0.470920230000
0.536038150000 -0.304790890000 -0.787251940000 4.413006780000
0.000000000000 0.000000000000 0.000000000000 1.000000000000
43 51 66
-0.917927790000 0.045667860000 0.394110420000 -1.228460100000
0.348837550000 0.566106420000 0.746884120000 -2.164106850000
-0.188999840000 0.823066200000 -0.535575480000 3.291378080000
0.000000000000 0.000000000000 0.000000000000 1.000000000000
43 52 66
0.844118590000 0.297309310000 -0.446173710000 1.076775860000
-0.529774900000 0.334496950000 -0.779391010000 1.877745060000
-0.082476460000 0.894270070000 0.439862100000 0.724469270000
0.000000000000 0.000000000000 0.000000000000 1.000000000000
43 53 66
0.994999380000 0.067309840000 -0.073794440000 -0.547066640000
-0.099095260000 0.757750650000 -0.644976030000 1.797332120000
0.012504550000 0.649063430000 0.760631510000 -0.322510020000
0.000000000000 0.000000000000 0.000000000000 1.000000000000
43 54 66
0.336912720000 0.933870080000 -0.119902010000 -0.014651210000
0.617550320000 -0.315308940000 -0.720563580000 1.919275390000
-0.710718940000 0.168721510000 -0.682943360000 5.340019220000
0.000000000000 0.000000000000 0.000000000000 1.000000000000
43 55 66
-0.855543390000 -0.502859250000 -0.123199350000 0.617404560000
0.204953680000 -0.547474820000 0.811335510000 -0.878472070000
-0.475436100000 0.668882580000 0.571451320000 0.578656090000
0.000000000000 0.000000000000 0.000000000000 1.000000000000
43 56 66
-0.929270130000 0.359765480000 -0.083820210000 0.023503950000
-0.105373170000 -0.040683080000 0.993600210000 -2.559129930000
0.354053000000 0.932155400000 0.075715200000 2.265402730000
0.000000000000 0.000000000000 0.000000000000 1.000000000000
43 57 66
0.996714239000 0.001741089550 0.080979589700 0.044305547400
-0.064568429100 -0.586552624000 0.807333226000 -2.155895150000
0.048904430200 -0.809909247000 -0.584512933000 4.451957750000
0.000000000000 0.000000000000 0.000000000000 1.000000000000
43 58 66
-0.510989390000 0.213845040000 -0.832562400000 2.047142430000
-0.855766910000 -0.217769220000 0.469296890000 -1.505401060000
-0.080949650000 0.952285080000 0.294279270000 1.562354180000
0.000000000000 0.000000000000 0.000000000000 1.000000000000
43 59 66
-0.774777700000 0.197476670000 -0.600601770000 1.336886560000
-0.533652930000 -0.713662290000 0.453762800000 -1.092508830000
-0.339019270000 0.672078190000 0.658313630000 0.881008820000
0.000000000000 0.000000000000 0.000000000000 1.000000000000
43 60 66
-0.862526651000 -0.163828815000 -0.478756614000 1.099543170000
0.000811000122 -0.946583915000 0.322456563000 -0.278184297000
-0.506010986000 0.277739108000 0.816586719000 0.871763325000
0.000000000000 0.000000000000 0.000000000000 1.000000000000
43 61 66
0.797362530000 0.235246100000 -0.555762790000 1.239938440000
-0.442527130000 0.854066020000 -0.273387960000 0.087665710000
0.410344660000 0.463929430000 0.785103020000 0.796664300000
0.000000000000 0.000000000000 0.000000000000 1.000000000000
43 62 66
0.813199720000 -0.312802670000 0.490775620000 -1.029606070000
-0.581453470000 -0.472699240000 0.662168620000 -1.792820690000
0.024861150000 -0.823838520000 -0.566279090000 4.005105280000
0.000000000000 0.000000000000 0.000000000000 1.000000000000
43 63 66
0.700746310000 0.667095420000 -0.252860250000 0.321486110000
0.697179100000 -0.715521320000 0.044390860000 0.055271620000
-0.151313960000 -0.207395610000 -0.966483910000 4.896972350000
0.000000000000 0.000000000000 0.000000000000 1.000000000000
43 64 66
-0.954851620000 0.279415730000 0.100921930000 -0.730753420000
0.101556230000 0.626243380000 -0.772984840000 2.084336990000
-0.279185810000 -0.727836570000 -0.626345920000 4.010559910000
0.000000000000 0.000000000000 0.000000000000 1.000000000000
43 65 66
0.780598130000 0.286075590000 -0.555722340000 1.169284110000
-0.433379760000 0.888400170000 -0.151417020000 -0.231065880000
0.450387110000 0.359034660000 0.817462890000 0.381449270000
0.000000000000 0.000000000000 0.000000000000 1.000000000000
44 46 66
0.983479240000 -0.076477920000 -0.164072280000 -0.233205470000
0.045896310000 0.982102440000 -0.182670010000 0.542969830000
0.175106010000 0.172121850000 0.969387410000 -0.134538380000
0.000000000000 0.000000000000 0.000000000000 1.000000000000
44 47 66
0.896327920000 0.338614250000 0.286245780000 -0.799334360000
-0.186185020000 0.873344250000 -0.450116600000 0.935204430000
-0.402407000000 0.350157400000 0.845847740000 0.995839830000
0.000000000000 0.000000000000 0.000000000000 1.000000000000
44 48 66
0.696562870000 0.716592600000 0.035989070000 0.399317670000
-0.640903500000 0.643971530000 -0.417783880000 1.036691520000
-0.322556780000 0.267947220000 0.907833360000 0.695939400000
0.000000000000 0.000000000000 0.000000000000 1.000000000000
44 49 66
0.891022890000 0.092295940000 0.444476840000 -1.359828230000
0.151606550000 0.862397780000 -0.482996400000 1.522712040000
-0.427894450000 0.497746450000 0.754423490000 0.882460830000
0.000000000000 0.000000000000 0.000000000000 1.000000000000
44 50 66
-0.265474570000 0.232896870000 -0.935565230000 2.765697460000
0.874636040000 0.466443140000 -0.132070410000 -0.134749220000
0.405629200000 -0.853340400000 -0.327528790000 3.455932670000
0.000000000000 0.000000000000 0.000000000000 1.000000000000
44 51 66
0.838136620000 0.505970680000 0.203766220000 -1.754503100000
-0.505637350000 0.860815500000 -0.057684890000 0.207099760000
-0.204591990000 -0.054684000000 0.977318670000 0.012491890000
0.000000000000 0.000000000000 0.000000000000 1.000000000000
44 52 66
0.840640200000 0.541449460000 -0.012511370000 -0.187363670000
-0.498508850000 0.764529310000 -0.408636580000 0.917052360000
-0.211690750000 0.349753370000 0.912611420000 0.015039910000
0.000000000000 0.000000000000 0.000000000000 1.000000000000
44 53 66
0.782350630000 0.221388080000 0.582163900000 -2.160229630000
-0.026625500000 0.945728550000 -0.323865070000 0.824754450000
-0.622268890000 0.237875640000 0.745785900000 0.880520940000
0.000000000000 0.000000000000 0.000000000000 1.000000000000
44 54 66
0.882903660000 0.469441230000 -0.010297950000 -1.273133970000
-0.452816340000 0.857030090000 0.245879620000 -0.384865970000
0.124251680000 -0.212424940000 0.969245670000 -0.088297170000
0.000000000000 0.000000000000 0.000000000000 1.000000000000
44 55 66
0.126264150000 0.689012820000 -0.713665680000 1.496513380000
-0.753158840000 0.534797060000 0.383071620000 -1.688961510000
0.645607570000 0.489135400000 0.586461790000 1.475358590000
0.000000000000 0.000000000000 0.000000000000 1.000000000000
44 56 66
0.751567090000 0.501896810000 -0.428073010000 0.760690230000
-0.656325810000 0.634069610000 -0.408891390000 0.734742730000
0.066206800000 0.588264670000 0.805953680000 0.765280150000
0.000000000000 0.000000000000 0.000000000000 1.000000000000
44 57 66
0.593462840000 -0.005166040000 0.804844810000 -2.369394280000
0.700287180000 0.496229140000 -0.513180770000 0.979708430000
-0.396736340000 0.868176220000 0.298111270000 1.903701480000
0.000000000000 0.000000000000 0.000000000000 1.000000000000
44 58 66
-0.888089390000 0.133860260000 0.439748400000 -1.273937630000
0.436065370000 -0.057287270000 0.898089730000 -2.285944300000
0.145410510000 0.989343010000 -0.007495600000 2.659621500000
0.000000000000 0.000000000000 0.000000000000 1.000000000000
44 59 66
-0.957097800000 0.289569740000 0.010637680000 0.470625300000
-0.146283860000 -0.514541640000 0.844895220000 -1.849345830000
0.250129620000 0.807091240000 0.534826050000 1.175900500000
0.000000000000 0.000000000000 0.000000000000 1.000000000000
44 60 66
0.578176810000 -0.591696970000 0.561788460000 -1.251318120000
0.265156650000 0.787429560000 0.556459020000 -0.523719340000
-0.771623960000 -0.172769760000 0.612165890000 1.297535970000
0.000000000000 0.000000000000 0.000000000000 1.000000000000
44 61 66
0.722188210000 0.341147300000 0.601716470000 -1.063943730000
-0.506993640000 0.852841350000 0.124976310000 -0.428297610000
-0.470533360000 -0.395322840000 0.788871480000 1.087505060000
0.000000000000 0.000000000000 0.000000000000 1.000000000000
44 62 66
0.868922250000 0.398060920000 0.294145580000 -0.528058650000
-0.294408040000 0.893407850000 -0.339332160000 0.425744310000
-0.397866840000 0.208254440000 0.893494300000 0.689210390000
0.000000000000 0.000000000000 0.000000000000 1.000000000000
44 63 66
-0.548084210000 0.768715320000 -0.329667180000 0.243155740000
-0.268029010000 0.211940410000 0.939809400000 -2.177686580000
0.792315690000 0.603455060000 0.089876820000 2.586616940000
0.000000000000 0.000000000000 0.000000000000 1.000000000000
44 64 66
0.982934340000 0.183846640000 -0.006363450000 0.147853450000
-0.183606310000 0.982608920000 0.027720600000 0.255995500000
0.011349120000 -0.026079160000 0.999595460000 0.026123310000
0.000000000000 0.000000000000 0.000000000000 1.000000000000
44 65 66
-0.970454940000 -0.221222010000 -0.096322530000 0.435371210000
-0.172898270000 0.916043420000 -0.361898650000 1.104491570000
0.168295560000 -0.334552340000 -0.927227770000 5.006372350000
0.000000000000 0.000000000000 0.000000000000 1.000000000000
45 47 66
-0.075589950000 0.330459720000 0.940788250000 -1.480491310000
0.980004120000 0.198777230000 0.008918680000 0.323173720000
-0.184060020000 0.922650520000 -0.338877450000 3.772405990000
0.000000000000 0.000000000000 0.000000000000 1.000000000000
45 48 66
-0.803724530000 0.419871310000 0.421586240000 0.008606060000
0.504809010000 0.106132840000 0.856681790000 -1.563474830000
0.314951960000 0.901356700000 -0.297256390000 3.773975670000
0.000000000000 0.000000000000 0.000000000000 1.000000000000
45 49 66
0.704468220000 -0.550620900000 0.447818220000 -1.705917350000
0.557123650000 0.819916310000 0.131721200000 0.609521260000
-0.439701900000 0.156696730000 0.884368910000 0.308400420000
0.000000000000 0.000000000000 0.000000000000 1.000000000000
45 50 66
0.994208180000 -0.066492360000 0.084432520000 -0.881524780000
0.081738730000 0.977914190000 -0.192360650000 0.905728730000
-0.069777250000 0.198147940000 0.977685290000 0.229814670000
0.000000000000 0.000000000000 0.000000000000 1.000000000000
45 51 66
0.231580170000 0.598143800000 0.767199210000 -2.126225610000
-0.954084060000 0.293663210000 0.059038290000 0.298026720000
-0.189984790000 -0.745644630000 0.638686040000 0.936535720000
0.000000000000 0.000000000000 0.000000000000 1.000000000000
45 52 66
0.219587410000 0.722824740000 -0.655214290000 1.797067520000
-0.950830100000 0.308920750000 0.022138170000 0.144248190000
0.218411300000 0.618136200000 0.755118630000 0.519923360000
0.000000000000 0.000000000000 0.000000000000 1.000000000000
45 53 66
0.697328620000 0.674185930000 0.243323110000 -0.481335770000
-0.690052040000 0.723277130000 -0.026426700000 0.400981550000
-0.193806550000 -0.149477510000 0.969585220000 -0.147551170000
0.000000000000 0.000000000000 0.000000000000 1.000000000000
45 54 66
0.769425870000 0.428818230000 0.473390710000 -1.548933820000
-0.625504800000 0.655926760000 0.422497140000 -0.520251640000
-0.129335160000 -0.621188390000 0.772914870000 0.575710310000
0.000000000000 0.000000000000 0.000000000000 1.000000000000
45 55 66
-0.874492320000 0.482389650000 -0.050630110000 -0.496418530000
0.408077140000 0.675293640000 -0.614370850000 1.778910210000
-0.262175950000 -0.557923590000 -0.787391290000 4.401493260000
0.000000000000 0.000000000000 0.000000000000 1.000000000000
45 56 66
-0.234565460000 0.900377440000 -0.366468980000 1.062872210000
0.665995470000 0.423458380000 0.614111580000 -0.506205740000
0.708116570000 -0.100017310000 -0.698976000000 4.028984570000
0.000000000000 0.000000000000 0.000000000000 1.000000000000
45 57 66
-0.224938790000 0.360820630000 0.905102760000 -1.425903290000
0.962603220000 -0.061652380000 0.263806790000 -0.019697890000
0.150988670000 0.930595220000 -0.333459090000 3.071495250000
0.000000000000 0.000000000000 0.000000000000 1.000000000000
45 58 66
0.379159520000 0.365361100000 0.850146650000 -1.626464910000
-0.436814180000 0.880608360000 -0.183636300000 1.109020950000
-0.815739810000 -0.301728660000 0.493485950000 1.145342440000
0.000000000000 0.000000000000 0.000000000000 1.000000000000
45 59 66
-0.060892840000 -0.749114360000 0.659636060000 -1.491170190000
-0.217906580000 0.654898770000 0.723618910000 -0.603835600000
-0.974068160000 -0.099675830000 -0.203115590000 3.598664800000
0.000000000000 0.000000000000 0.000000000000 1.000000000000
45 60 66
0.745917900000 0.408462910000 0.526084160000 -0.534427660000
-0.665539170000 0.487670100000 0.565009280000 -0.311196180000
-0.025770180000 -0.771580150000 0.635609920000 1.374228420000
0.000000000000 0.000000000000 0.000000000000 1.000000000000
45 61 66
-0.123118400000 0.817639120000 0.562412780000 -0.510318070000
-0.926637990000 -0.297574370000 0.229764090000 -0.098529870000
0.355223730000 -0.492864860000 0.794292340000 1.508639460000
0.000000000000 0.000000000000 0.000000000000 1.000000000000
45 62 66
0.910336890000 0.035408710000 0.412350540000 -0.210086360000
-0.126162400000 0.972654430000 0.195003620000 0.217283800000
-0.394169750000 -0.229542130000 0.889910460000 0.535124360000
0.000000000000 0.000000000000 0.000000000000 1.000000000000
45 63 66
0.115502990000 0.992782110000 0.032291560000 0.196379660000
-0.902703760000 0.091347200000 0.420454050000 -0.827030600000
0.414469510000 -0.077713410000 0.906739020000 0.837894230000
0.000000000000 0.000000000000 0.000000000000 1.000000000000
45 64 66
0.952610410000 0.278518860000 0.122313720000 0.091123420000
-0.188793240000 0.226044610000 0.955646870000 -1.763297610000
0.238517320000 -0.933451170000 0.267914930000 1.698817050000
0.000000000000 0.000000000000 0.000000000000 1.000000000000
45 65 66
0.993622350000 0.012949540000 0.112013120000 0.302721590000
-0.035971300000 0.977883000000 0.206036180000 0.213115720000
-0.106867650000 -0.208751410000 0.972112210000 0.217256360000
0.000000000000 0.000000000000 0.000000000000 1.000000000000
46 48 66
-0.839148890000 -0.378497330000 0.390600710000 -0.756570510000
0.245971910000 0.376426330000 0.893197090000 -1.404916340000
-0.485105110000 0.845602140000 -0.222778020000 3.344506940000
0.000000000000 0.000000000000 0.000000000000 1.000000000000
46 49 66
0.756881590000 -0.258909480000 0.600080110000 -1.610256700000
-0.039521570000 0.898370070000 0.437457720000 -0.231292800000
-0.652355960000 -0.354819800000 0.669727270000 0.288096100000
0.000000000000 0.000000000000 0.000000000000 1.000000000000
46 50 66
0.830671860000 -0.554810760000 0.046575460000 -0.311964010000
0.400276680000 0.536960990000 -0.742597790000 1.723709240000
0.386992040000 0.635498160000 0.668116200000 0.600375980000
0.000000000000 0.000000000000 0.000000000000 1.000000000000
46 51 66
0.926016310000 -0.116516580000 -0.359051080000 1.158913680000
0.021373880000 0.965828590000 -0.258298860000 0.948359230000
0.376877900000 0.231514640000 0.896863440000 -0.688121190000
0.000000000000 0.000000000000 0.000000000000 1.000000000000
46 52 66
0.825856260000 0.039454110000 -0.562498710000 1.584138560000
0.087571340000 0.976472110000 0.197062110000 -0.290117190000
0.557039220000 -0.212003740000 0.802970560000 -0.154329020000
0.000000000000 0.000000000000 0.000000000000 1.000000000000
46 53 66
0.975708510000 0.109549800000 -0.189714900000 0.416421380000
-0.106691400000 0.993971600000 0.025246740000 -0.070319210000
0.191337000000 -0.004392510000 0.981514570000 -0.078272210000
0.000000000000 0.000000000000 0.000000000000 1.000000000000
46 54 66
0.457276260000 -0.084769640000 -0.885275400000 2.486681540000
-0.594663970000 0.711029090000 -0.375249780000 1.203641420000
0.661266350000 0.698034200000 0.274727270000 1.192234700000
0.000000000000 0.000000000000 0.000000000000 1.000000000000
46 55 66
0.795742980000 -0.554125520000 -0.244413610000 0.756923820000
-0.127868420000 0.240751490000 -0.962127010000 2.755557320000
0.591982070000 0.796858600000 0.120721160000 1.650432940000
0.000000000000 0.000000000000 0.000000000000 1.000000000000
46 56 66
0.806835630000 -0.560082870000 0.187945340000 -0.268364310000
-0.588795680000 -0.788379760000 0.178261070000 0.031924910000
0.048331330000 -0.254488790000 -0.965867250000 4.713908470000
0.000000000000 0.000000000000 0.000000000000 1.000000000000
46 57 66
-0.339306920000 -0.300935990000 0.891239780000 -2.081935620000
0.408278620000 0.806441000000 0.427739970000 -0.473680510000
-0.847454650000 0.509009280000 -0.150765280000 2.080864570000
0.000000000000 0.000000000000 0.000000000000 1.000000000000
46 58 66
-0.372226250000 0.431434200000 -0.821773780000 2.381212890000
0.419004120000 -0.711928130000 -0.563554700000 2.321551030000
-0.828180640000 -0.554096450000 0.084225630000 2.193860440000
0.000000000000 0.000000000000 0.000000000000 1.000000000000
46 59 66
-0.255467120000 -0.858827970000 0.444016970000 -0.541050260000
0.773632760000 0.093852680000 0.626645060000 -2.164787380000
-0.579852480000 0.503593280000 0.640441180000 1.779734330000
0.000000000000 0.000000000000 0.000000000000 1.000000000000
46 60 66
0.983590190000 -0.045724090000 0.174526890000 0.142955190000
0.175863710000 0.027026670000 -0.984043450000 2.732860710000
0.040277610000 0.998588440000 0.034624370000 2.404403920000
0.000000000000 0.000000000000 0.000000000000 1.000000000000
46 61 66
-0.744828550000 -0.666836410000 0.023656690000 0.334318550000
0.244606810000 -0.239886660000 0.939479590000 -1.331757430000
-0.620804270000 0.705537810000 0.341787160000 1.775117760000
0.000000000000 0.000000000000 0.000000000000 1.000000000000
46 62 66
0.048714680000 0.998796090000 0.005766170000 0.136205450000
-0.610465880000 0.025204260000 0.791641430000 -1.458411240000
0.790543030000 -0.042084610000 0.610958750000 1.591235330000
0.000000000000 0.000000000000 0.000000000000 1.000000000000
46 63 66
0.065415720000 0.887490930000 -0.456158570000 1.758603290000
-0.557153200000 0.411729250000 0.721151400000 -1.787849820000
0.827829150000 0.206975570000 0.521401970000 1.366648710000
0.000000000000 0.000000000000 0.000000000000 1.000000000000
46 64 66
-0.004707490000 0.774461550000 -0.632603470000 1.571334300000
-0.209397960000 0.617822070000 0.757923730000 -1.234705000000
0.977819170000 0.136033790000 0.159262280000 1.978314880000
0.000000000000 0.000000000000 0.000000000000 1.000000000000
46 65 66
0.367346910000 -0.921399320000 -0.126805110000 0.287496810000
-0.800038740000 -0.243502660000 -0.548310550000 1.826363780000
0.474335590000 0.302869190000 -0.826605110000 4.262759820000
0.000000000000 0.000000000000 0.000000000000 1.000000000000
47 49 66
0.967054350000 0.001423840000 0.254566030000 -0.587079970000
-0.023976160000 0.996048760000 0.085510340000 -0.033207920000
-0.253438420000 -0.088796660000 0.963267420000 -0.137701560000
0.000000000000 0.000000000000 0.000000000000 1.000000000000
47 50 66
0.984574560000 -0.110505760000 -0.135651810000 -0.657099350000
0.151401850000 0.926689450000 0.343982780000 -1.605166630000
0.087695020000 -0.359214630000 0.929125630000 0.044657690000
0.000000000000 0.000000000000 0.000000000000 1.000000000000
47 51 66
0.979308818000 -0.176367843000 -0.099240226000 0.786953382000
0.056907150700 0.710596292000 -0.701294864000 1.477619010000
0.194205599000 0.681136766000 0.705929807000 -0.000457573605
0.000000000000 0.000000000000 0.000000000000 1.000000000000
47 52 66
-0.511011540000 0.356339350000 -0.782233640000 2.393754160000
0.619792000000 -0.477797460000 -0.622549170000 2.137128170000
-0.595588010000 -0.802951960000 0.023303740000 2.432386290000
0.000000000000 0.000000000000 0.000000000000 1.000000000000
47 53 66
-0.949347890000 0.072679090000 -0.305706290000 1.124669780000
-0.280752290000 0.240757300000 0.929093150000 -3.219659410000
0.141126670000 0.967860360000 -0.208157610000 2.854603880000
0.000000000000 0.000000000000 0.000000000000 1.000000000000
47 54 66
-0.897342800000 0.175232730000 0.405054790000 -1.073582840000
0.440710390000 0.404570070000 0.801309810000 -2.465008820000
-0.023457340000 0.897561450000 -0.440264920000 3.481554780000
0.000000000000 0.000000000000 0.000000000000 1.000000000000
47 55 66
0.800265930000 0.009789670000 -0.599565340000 1.806322640000
0.231606110000 -0.927322190000 0.293993480000 0.203123930000
-0.553112150000 -0.374135960000 -0.744371700000 3.660260670000
0.000000000000 0.000000000000 0.000000000000 1.000000000000
47 56 66
0.415480100000 0.058637530000 -0.907710270000 2.784955160000
-0.356218900000 0.928702070000 -0.103056080000 -0.536906710000
0.836949450000 0.366161300000 0.406745030000 1.864669930000
0.000000000000 0.000000000000 0.000000000000 1.000000000000
47 57 66
-0.235494880000 -0.568615220000 0.788174410000 -1.668340760000
-0.491718350000 -0.629814660000 -0.601287420000 1.622922420000
0.838304970000 -0.529159930000 -0.131280410000 3.316092180000
0.000000000000 0.000000000000 0.000000000000 1.000000000000
47 58 66
0.728229310000 0.551167650000 -0.407303690000 1.098323500000
-0.604079550000 0.796922320000 -0.001646500000 -0.448719000000
0.323681910000 0.247242850000 0.913291300000 0.094874610000
0.000000000000 0.000000000000 0.000000000000 1.000000000000
47 59 66
-0.745037300000 -0.654391260000 -0.129195610000 0.482125760000
-0.118288220000 -0.060998900000 0.991103950000 -1.980192680000
-0.656450550000 0.753691730000 -0.031960320000 2.011919480000
0.000000000000 0.000000000000 0.000000000000 1.000000000000
47 60 66
0.738647950000 0.553611550000 -0.384595190000 0.657502660000
-0.452231090000 0.830067480000 0.326305110000 -1.112432020000
0.499886230000 -0.067098700000 0.863487990000 0.775218880000
0.000000000000 0.000000000000 0.000000000000 1.000000000000
47 61 66
0.603866120000 0.671358540000 -0.429678270000 1.207311200000
-0.554325130000 0.741073090000 0.378859240000 -1.229177360000
0.572773390000 0.009401210000 0.819659840000 0.763805520000
0.000000000000 0.000000000000 0.000000000000 1.000000000000
47 62 66
-0.241913760000 -0.791159190000 0.561733810000 -1.029204810000
0.739404340000 0.224562080000 0.634707100000 -1.492741390000
-0.628298470000 0.568892790000 0.530661880000 0.625709600000
0.000000000000 0.000000000000 0.000000000000 1.000000000000
47 63 66
-0.763685440000 -0.068880850000 0.641903410000 -1.441431170000
0.634901850000 0.100031460000 0.766089640000 -2.055393570000
-0.116979450000 0.992597170000 -0.032659990000 2.478926690000
0.000000000000 0.000000000000 0.000000000000 1.000000000000
47 64 66
-0.361569460000 0.417579640000 -0.833603490000 2.441051800000
-0.200465000000 0.838362720000 0.506913940000 -1.367510160000
0.910539020000 0.350392920000 -0.219416250000 3.128215760000
0.000000000000 0.000000000000 0.000000000000 1.000000000000
47 65 66
0.750907588000 -0.659309440000 -0.038063858700 0.677142031000
-0.660398123000 -0.749952635000 -0.038017959200 -0.249015735000
-0.003480491720 0.053685274900 -0.998551840000 4.901399070000
0.000000000000 0.000000000000 0.000000000000 1.000000000000
48 50 66
0.712892080000 -0.357507990000 0.603301680000 -1.546827430000
0.371702920000 0.922138880000 0.107223220000 -1.458750820000
-0.594661090000 0.147810410000 0.790272270000 0.646134710000
0.000000000000 0.000000000000 0.000000000000 1.000000000000
48 51 66
0.177158880000 -0.180431470000 0.967501530000 -3.422718950000
-0.568343920000 -0.821324690000 -0.049101370000 -0.003987300000
0.803492330000 -0.541174870000 -0.248052090000 3.168087920000
0.000000000000 0.000000000000 0.000000000000 1.000000000000
48 52 66
-0.253218470000 -0.794165250000 0.552432760000 -1.528976320000
-0.667010880000 -0.270284670000 -0.694292940000 1.808377010000
0.700697430000 -0.544286460000 -0.461275790000 3.819087810000
0.000000000000 0.000000000000 0.000000000000 1.000000000000
48 53 66
0.909052190000 0.412311920000 -0.060191280000 0.119119180000
-0.410472630000 0.910958170000 0.040834300000 -1.293757120000
0.071668210000 -0.012413640000 0.997351280000 -0.213859630000
0.000000000000 0.000000000000 0.000000000000 1.000000000000
48 54 66
0.961314660000 0.220723860000 -0.164788060000 0.297004130000
-0.233936600000 0.970051360000 -0.065376100000 -0.544851170000
0.145422820000 0.101396960000 0.984159980000 -0.350207890000
0.000000000000 0.000000000000 0.000000000000 1.000000000000
48 55 66
-0.079537120000 0.622623870000 -0.778468600000 1.811277190000
0.884729470000 -0.315710080000 -0.342900740000 0.577610610000
-0.459268570000 -0.716007450000 -0.525743010000 4.116986680000
0.000000000000 0.000000000000 0.000000000000 1.000000000000
48 56 66
-0.089416950000 -0.710864160000 0.697622220000 -1.426824570000
0.891667180000 0.254946810000 0.374074540000 -1.053230430000
-0.443772740000 0.655495440000 0.611057680000 0.809334800000
0.000000000000 0.000000000000 0.000000000000 1.000000000000
48 57 66
0.026176100000 -0.446989440000 0.894156170000 -1.561157160000
-0.732523790000 -0.617232750000 -0.287110820000 0.195845720000
0.680237980000 -0.647475230000 -0.343587150000 3.970434490000
0.000000000000 0.000000000000 0.000000000000 1.000000000000
48 58 66
-0.958439370000 0.029875690000 0.283727720000 -0.974402930000
0.274096040000 0.372344790000 0.886696520000 -2.835623540000
-0.079153870000 0.927613500000 -0.365058720000 3.292470870000
0.000000000000 0.000000000000 0.000000000000 1.000000000000
48 59 66
-0.335363250000 -0.696188650000 0.634706900000 -1.194129410000
-0.389302560000 -0.511098230000 -0.766304190000 1.717162560000
0.857889860000 -0.504083290000 -0.099624460000 2.470848410000
0.000000000000 0.000000000000 0.000000000000 1.000000000000
48 60 66
0.383318990000 -0.922988800000 0.034032740000 0.286698970000
0.649244830000 0.295474190000 0.700839610000 -1.746559780000
-0.656922910000 -0.246549550000 0.712506570000 1.013406770000
0.000000000000 0.000000000000 0.000000000000 1.000000000000
48 61 66
0.833637700000 0.527460440000 0.163809870000 -0.171686460000
-0.326294940000 0.231038930000 0.916598400000 -2.819502040000
0.445622940000 -0.817561310000 0.364710440000 2.073086260000
0.000000000000 0.000000000000 0.000000000000 1.000000000000
48 62 66
0.658995770000 0.255954670000 -0.707256520000 1.697987090000
-0.063881400000 0.955966210000 0.286439830000 -1.158434820000
0.749428940000 -0.143582100000 0.646328430000 0.790681600000
0.000000000000 0.000000000000 0.000000000000 1.000000000000
48 63 66
0.241987950000 0.935132750000 -0.258782870000 0.699045170000
0.610677790000 -0.354045060000 -0.708325310000 1.353242700000
-0.753998990000 0.013373240000 -0.656739440000 3.735391410000
0.000000000000 0.000000000000 0.000000000000 1.000000000000
48 64 66
0.823805910000 -0.550711110000 -0.134391550000 0.931569180000
0.556224330000 0.831021440000 0.004227540000 -0.572637110000
0.109354100000 -0.078234520000 0.990919290000 0.017233000000
0.000000000000 0.000000000000 0.000000000000 1.000000000000
48 65 66
0.040618620000 0.915527490000 0.400199390000 -1.092174750000
0.290166660000 0.372460070000 -0.881519600000 1.730078880000
-0.956113710000 0.151930630000 -0.250526740000 2.999667340000
0.000000000000 0.000000000000 0.000000000000 1.000000000000
49 51 66
0.876730000000 0.474500770000 -0.078698950000 0.116643150000
-0.211927590000 0.527975260000 0.822392130000 -3.157945480000
0.431776800000 -0.704337380000 0.563451560000 1.139941820000
0.000000000000 0.000000000000 0.000000000000 1.000000000000
49 52 66
0.674608370000 -0.018412860000 -0.737946150000 2.583420840000
-0.407446810000 0.824320150000 -0.393043750000 0.179403920000
0.615540940000 0.565824410000 0.548591010000 1.078918770000
0.000000000000 0.000000000000 0.000000000000 1.000000000000
49 53 66
-0.816361050000 0.374838880000 0.439375070000 -0.035225390000
0.282549480000 -0.404296370000 0.869890930000 -3.097459250000
0.503706690000 0.834290270000 0.224141280000 1.516055390000
0.000000000000 0.000000000000 0.000000000000 1.000000000000
49 54 66
-0.114885670000 0.833250290000 0.540828290000 -0.952841350000
0.240344300000 -0.504942290000 0.829016230000 -3.185127840000
0.963865090000 0.225227080000 -0.142256320000 2.159463490000
0.000000000000 0.000000000000 0.000000000000 1.000000000000
49 55 66
-0.993801690000 0.062982380000 0.091604730000 0.115922600000
0.110026700000 0.675010940000 0.729557640000 -2.837800360000
-0.015884920000 0.735114580000 -0.677756760000 3.812186570000
0.000000000000 0.000000000000 0.000000000000 1.000000000000
49 56 66
-0.150335400000 0.428510340000 -0.890942290000 2.229077450000
-0.340244390000 0.823707720000 0.453584990000 -1.450809580000
0.928241900000 0.371328000000 0.021965810000 2.503317610000
0.000000000000 0.000000000000 0.000000000000 1.000000000000
49 57 66
0.444269190000 0.381687530000 -0.810518060000 2.127406960000
-0.215366170000 0.923674760000 0.316926420000 -1.312383000000
0.869621930000 0.033757530000 0.492562820000 1.278856240000
0.000000000000 0.000000000000 0.000000000000 1.000000000000
49 58 66
0.980695260000 -0.194826260000 0.016719390000 0.486736880000
0.194754350000 0.980834650000 0.005842200000 -0.114007750000
-0.017537170000 -0.002473240000 0.999843150000 -0.377730500000
0.000000000000 0.000000000000 0.000000000000 1.000000000000
49 59 66
0.717002410000 0.623345470000 -0.312006370000 0.770776060000
-0.488574700000 0.768647260000 0.412887570000 -1.137387010000
0.497194440000 -0.143602960000 0.855672760000 0.084503920000
0.000000000000 0.000000000000 0.000000000000 1.000000000000
49 60 66
0.684891630000 0.715176610000 -0.139448450000 0.655218490000
-0.484481310000 0.589919030000 0.645967020000 -1.616783500000
0.544243800000 -0.374857230000 0.750520310000 1.144797230000
0.000000000000 0.000000000000 0.000000000000 1.000000000000
49 61 66
0.509033400000 0.769887450000 -0.384913380000 1.261617950000
-0.630037580000 0.637950290000 0.442800270000 -1.608928200000
0.586461970000 0.017109760000 0.809796030000 1.202297360000
0.000000000000 0.000000000000 0.000000000000 1.000000000000
49 62 66
0.493558180000 0.869664050000 0.009207140000 0.507378840000
-0.714452470000 0.399389160000 0.574496280000 -2.013997490000
0.495941530000 -0.290125400000 0.818455410000 1.135123930000
0.000000000000 0.000000000000 0.000000000000 1.000000000000
49 63 66
-0.861919900000 0.258433300000 -0.436241130000 1.175445730000
0.242553460000 -0.545383590000 -0.802324470000 2.136646650000
-0.445266110000 -0.797351220000 0.407393080000 1.773967830000
0.000000000000 0.000000000000 0.000000000000 1.000000000000
49 64 66
0.652337980000 0.329374990000 -0.682617960000 2.048837300000
-0.056935780000 0.919387660000 0.389210280000 -1.105008080000
0.755786660000 -0.215031260000 0.618504710000 1.074092490000
0.000000000000 0.000000000000 0.000000000000 1.000000000000
49 65 66
0.707055580000 -0.674229230000 0.213277660000 -0.158627810000
-0.682054600000 -0.729846420000 -0.046105560000 -0.178479100000
0.186745650000 -0.112867820000 -0.975903130000 5.080635270000
0.000000000000 0.000000000000 0.000000000000 1.000000000000
50 52 66
-0.762774930000 0.605352660000 -0.227425950000 0.717900790000
-0.335444470000 -0.069723590000 0.939476250000 -2.638563650000
0.552857490000 0.792897710000 0.256245600000 2.354294390000
0.000000000000 0.000000000000 0.000000000000 1.000000000000
50 53 66
0.908916030000 -0.289176820000 -0.300413730000 1.060128270000
0.185104260000 0.925391860000 -0.330736030000 0.681929970000
0.373641620000 0.245003420000 0.894631360000 0.069441850000
0.000000000000 0.000000000000 0.000000000000 1.000000000000
50 54 66
0.979253900000 -0.202458710000 -0.008501170000 0.168299610000
0.202589270000 0.979072340000 0.019363630000 -0.184997090000
0.004402930000 -0.020684160000 0.999776360000 -0.003569690000
0.000000000000 0.000000000000 0.000000000000 1.000000000000
50 55 66
-0.875194350000 0.482420230000 -0.036132700000 -0.228182990000
0.198176470000 0.289385910000 -0.936473110000 1.996376960000
-0.441317280000 -0.826756620000 -0.348873250000 3.991221240000
0.000000000000 0.000000000000 0.000000000000 1.000000000000
50 56 66
-0.103275490000 -0.779155940000 0.618263850000 -0.637387670000
-0.949811740000 -0.107277600000 -0.293852300000 0.588099570000
0.295282620000 -0.617582000000 -0.728972320000 4.801425690000
0.000000000000 0.000000000000 0.000000000000 1.000000000000
50 57 66
0.286570930000 -0.825623430000 -0.486027830000 2.428403090000
-0.235786380000 -0.552479420000 0.799481880000 -1.661199790000
-0.928591340000 -0.114509520000 -0.352995300000 4.381001720000
0.000000000000 0.000000000000 0.000000000000 1.000000000000
50 58 66
0.795138710000 -0.497226150000 0.347160760000 -0.136292850000
0.339024760000 0.839129440000 0.425351630000 -0.666189980000
-0.502808760000 -0.220517450000 0.835796270000 0.528089290000
0.000000000000 0.000000000000 0.000000000000 1.000000000000
50 59 66
0.362022590000 -0.828511390000 -0.427210160000 1.920445430000
-0.591992220000 0.149670280000 -0.791924250000 2.006479390000
0.720058920000 0.539599560000 -0.436288270000 4.146297760000
0.000000000000 0.000000000000 0.000000000000 1.000000000000
50 60 66
0.748914530000 0.507378880000 -0.426255450000 1.351052570000
-0.292245180000 0.830194760000 0.474730880000 -0.438168500000
0.594743460000 -0.230961750000 0.770023950000 1.211667320000
0.000000000000 0.000000000000 0.000000000000 1.000000000000
50 61 66
0.235814570000 0.640486240000 0.730868570000 -0.680517030000
-0.454327250000 -0.592167240000 0.665525890000 -1.103144410000
0.859056600000 -0.488994210000 0.151348690000 2.597223410000
0.000000000000 0.000000000000 0.000000000000 1.000000000000
50 62 66
-0.738215630000 0.590124220000 0.326789050000 -0.172063470000
0.201300700000 -0.269652010000 0.941682440000 -2.162126430000
0.643828940000 0.760947560000 0.080268910000 2.804182610000
0.000000000000 0.000000000000 0.000000000000 1.000000000000
50 63 66
0.913537100000 -0.060517910000 0.402228230000 0.581409510000
0.235729330000 0.884645730000 -0.402285500000 1.232515420000
-0.331484010000 0.462319720000 0.822422540000 0.632678620000
0.000000000000 0.000000000000 0.000000000000 1.000000000000
50 64 66
0.968242720000 0.227167820000 -0.104406980000 1.621702000000
-0.231651630000 0.972243060000 -0.032877790000 0.461182020000
0.094040180000 0.056019730000 0.993991060000 0.215499070000
0.000000000000 0.000000000000 0.000000000000 1.000000000000
50 65 66
0.241061480000 -0.817468190000 -0.523101450000 2.027958130000
-0.485787860000 0.364978180000 -0.794229860000 2.249575560000
0.840178260000 0.445574560000 -0.309133940000 3.537609930000
0.000000000000 0.000000000000 0.000000000000 1.000000000000
51 53 66
0.935152310000 -0.086737360000 0.343462920000 -0.809325190000
-0.024658820000 0.951270320000 0.307370670000 -0.908965330000
-0.353386600000 -0.295907780000 0.887443800000 0.575741590000
0.000000000000 0.000000000000 0.000000000000 1.000000000000
51 54 66
0.909795450000 -0.172942090000 0.377310570000 -0.793478240000
0.157055910000 0.984907730000 0.072733850000 -0.223678280000
-0.384194840000 -0.006914070000 0.923226150000 0.536867960000
0.000000000000 0.000000000000 0.000000000000 1.000000000000
51 55 66
0.669572350000 -0.171757290000 0.722614910000 -1.671056780000
-0.165178960000 -0.982965860000 -0.080585500000 1.330679260000
0.724146940000 -0.065402960000 -0.686537450000 4.678141470000
0.000000000000 0.000000000000 0.000000000000 1.000000000000
51 56 66
0.797050670000 -0.253057860000 -0.548335620000 1.752327060000
-0.408424280000 0.442962820000 -0.798106230000 2.133838390000
0.444859340000 0.860084690000 0.249708840000 2.649109440000
0.000000000000 0.000000000000 0.000000000000 1.000000000000
51 57 66
0.992588320000 0.005431210000 -0.121404000000 0.425069110000
-0.017992690000 0.994558580000 -0.102613340000 0.615112880000
0.120186070000 0.104037190000 0.987284950000 0.448481640000
0.000000000000 0.000000000000 0.000000000000 1.000000000000
51 59 66
0.909171190000 -0.283768340000 0.304767560000 -1.077982120000
0.141030140000 0.898443980000 0.415823190000 -0.544528740000
-0.391814040000 -0.335073050000 0.856859270000 1.084815430000
0.000000000000 0.000000000000 0.000000000000 1.000000000000
51 60 66
0.970084240000 0.242437870000 -0.012666430000 -0.439172250000
-0.182128470000 0.761277800000 0.622322530000 -0.790193620000
0.160517230000 -0.601398370000 0.782658440000 1.787899520000
0.000000000000 0.000000000000 0.000000000000 1.000000000000
51 61 66
0.870681730000 -0.445919540000 -0.207530920000 0.138553720000
0.042182180000 -0.352688100000 0.934789690000 -1.386393540000
-0.490034680000 -0.822658410000 -0.288269230000 3.128062540000
0.000000000000 0.000000000000 0.000000000000 1.000000000000
51 62 66
-0.901095230000 -0.414341430000 0.127861530000 -0.388543170000
0.307264830000 -0.402065570000 0.862514700000 -1.374437420000
-0.305966860000 0.816495230000 0.489611910000 1.708882480000
0.000000000000 0.000000000000 0.000000000000 1.000000000000
51 64 66
-0.590251620000 -0.328425610000 0.737387040000 -2.717760690000
0.287004010000 0.768417080000 0.571982430000 -0.992848960000
-0.754474470000 0.549246590000 -0.359299950000 3.601577670000
0.000000000000 0.000000000000 0.000000000000 1.000000000000
51 65 66
-0.647220210000 -0.077930090000 0.758309240000 -2.011084770000
0.633517910000 0.498285040000 0.591918140000 -0.707321510000
-0.423982380000 0.863503860000 -0.273130040000 3.271150800000
0.000000000000 0.000000000000 0.000000000000 1.000000000000
52 54 66
-0.945217850000 -0.085840240000 -0.314951850000 1.179298880000
-0.293791120000 -0.196886730000 0.935372860000 -2.134983400000
-0.142302470000 0.976661180000 0.160881750000 2.099842140000
0.000000000000 0.000000000000 0.000000000000 1.000000000000
52 55 66
-0.327608580000 -0.137471060000 0.934758970000 -2.945765210000
-0.392575120000 -0.880104970000 -0.267020640000 1.563058500000
0.859393620000 -0.454441360000 0.234362220000 2.854372330000
0.000000000000 0.000000000000 0.000000000000 1.000000000000
52 56 66
0.585187430000 -0.340514080000 0.735938740000 -2.423069490000
-0.206493250000 -0.940216780000 -0.270837490000 1.193492170000
0.784165930000 0.006524320000 -0.620516900000 3.643936200000
0.000000000000 0.000000000000 0.000000000000 1.000000000000
52 57 66
-0.521005040000 -0.447931230000 0.726575090000 -1.616695510000
0.682344900000 0.292830220000 0.669817810000 -0.931035610000
-0.512795460000 0.844753260000 0.153077570000 1.955104480000
0.000000000000 0.000000000000 0.000000000000 1.000000000000
52 58 66
-0.643801720000 -0.759901090000 -0.089831440000 -0.428280920000
-0.487240820000 0.316588940000 0.813859830000 -1.905138700000
-0.590013330000 0.567733900000 -0.574075330000 4.118352030000
0.000000000000 0.000000000000 0.000000000000 1.000000000000
52 59 66
0.995935090000 -0.002480330000 0.090039650000 -0.318909480000
0.048942140000 0.854085510000 -0.517824890000 1.044851310000
-0.075617180000 0.520126710000 0.850735120000 1.262980480000
0.000000000000 0.000000000000 0.000000000000 1.000000000000
52 60 66
0.581293380000 -0.782391270000 -0.223521590000 -0.002465480000
0.408580380000 0.043097990000 0.911704250000 -1.204935870000
-0.703676120000 -0.621294180000 0.344722290000 2.005678080000
0.000000000000 0.000000000000 0.000000000000 1.000000000000
52 61 66
0.943667590000 -0.135262610000 -0.301985920000 0.762783590000
0.268699930000 0.845859710000 0.460783790000 -0.337417270000
0.193110910000 -0.515970330000 0.834555450000 1.616686160000
0.000000000000 0.000000000000 0.000000000000 1.000000000000
52 62 66
0.955657020000 0.094421440000 -0.278934140000 1.362526140000
0.028286150000 0.913390250000 0.406101150000 -0.830519260000
0.293120380000 -0.395983390000 0.870216980000 0.926845390000
0.000000000000 0.000000000000 0.000000000000 1.000000000000
52 63 66
-0.121162140000 -0.528932310000 0.839970450000 -2.402078530000
-0.506276230000 0.760795550000 0.406047420000 -0.951751810000
-0.853817380000 -0.376059500000 -0.359965470000 3.684179220000
0.000000000000 0.000000000000 0.000000000000 1.000000000000
52 64 66
0.995258010000 -0.038330740000 -0.089399400000 -0.149916280000
-0.057884330000 -0.972021660000 -0.227647290000 0.903786260000
-0.078172270000 0.231742610000 -0.969631090000 5.504169500000
0.000000000000 0.000000000000 0.000000000000 1.000000000000
52 65 66
0.800443750000 0.186896070000 -0.569525830000 0.622571220000
0.238128210000 0.772799980000 0.588281510000 -1.291091630000
0.550077050000 -0.606506430000 0.574077690000 1.692834420000
0.000000000000 0.000000000000 0.000000000000 1.000000000000
53 55 66
0.798058630000 -0.162462880000 0.580265650000 -1.973981240000
0.202161910000 0.979344570000 -0.003842920000 -0.479901330000
-0.567655690000 0.120374490000 0.814418200000 1.406392860000
0.000000000000 0.000000000000 0.000000000000 1.000000000000
53 56 66
0.951231410000 -0.255184554000 0.173319498000 -0.662276266000
-0.251109845000 -0.966892312000 -0.045421385500 0.392229657000
0.179172127000 -0.000315983796 -0.983817691000 5.446529550000
0.000000000000 0.000000000000 0.000000000000 1.000000000000
53 57 66
-0.284181720000 -0.295668290000 0.912042220000 -2.089779460000
0.310477270000 0.871625030000 0.379306840000 -0.474027760000
-0.907107830000 0.390960450000 -0.155901610000 2.570774370000
0.000000000000 0.000000000000 0.000000000000 1.000000000000
53 58 66
0.235761600000 -0.321989040000 0.916918490000 -1.567652790000
0.052920700000 0.946369110000 0.318723880000 -0.381635930000
-0.970368930000 -0.026618890000 0.240157380000 2.128423810000
0.000000000000 0.000000000000 0.000000000000 1.000000000000
53 59 66
-0.640521540000 -0.764346080000 0.074210700000 0.229525930000
0.340229900000 -0.195815620000 0.919728140000 -1.845290080000
-0.688458990000 0.614354380000 0.385477520000 2.129971820000
0.000000000000 0.000000000000 0.000000000000 1.000000000000
53 60 66
0.573389910000 0.713419510000 0.402810890000 -0.050832930000
-0.791317960000 0.609616840000 0.046724630000 -0.281824230000
-0.212226040000 -0.345542920000 0.914089820000 1.172421520000
0.000000000000 0.000000000000 0.000000000000 1.000000000000
53 61 66
0.979517966000 -0.201325678000 0.003539306940 0.223933297000
0.001962345030 0.027120983700 0.999630232000 -1.255485370000
-0.201347224000 -0.979148826000 0.026960561200 2.679479780000
0.000000000000 0.000000000000 0.000000000000 1.000000000000
53 62 66
0.994184630000 -0.054306630000 0.092993050000 0.233055300000
-0.079764000000 0.208813110000 0.974697280000 -2.140317900000
-0.072350690000 -0.976446560000 0.203267070000 2.435929370000
0.000000000000 0.000000000000 0.000000000000 1.000000000000
53 63 66
0.888621850000 -0.402949080000 -0.219050780000 0.593954590000
-0.389482400000 -0.915198080000 0.103517760000 -0.279874080000
-0.242187230000 -0.006671720000 -0.970206590000 5.682424520000
0.000000000000 0.000000000000 0.000000000000 1.000000000000
53 64 66
0.806393090000 -0.398497560000 -0.436955250000 1.742876210000
0.264811890000 0.903976670000 -0.335709470000 1.361116620000
0.528776750000 0.155002850000 0.834487420000 0.875577750000
0.000000000000 0.000000000000 0.000000000000 1.000000000000
53 65 66
0.597891853000 0.343553064000 -0.724221392000 1.981322400000
-0.217247522000 0.939131555000 0.266149276000 -0.338753167000
0.771575561000 -0.001793181390 0.636135157000 0.977239038000
0.000000000000 0.000000000000 0.000000000000 1.000000000000
54 57 66
0.764836940000 -0.516622810000 0.384870540000 -1.786578410000
-0.293311450000 -0.811158100000 -0.505955460000 2.271253830000
0.573578990000 0.274086490000 -0.771935060000 4.369873380000
0.000000000000 0.000000000000 0.000000000000 1.000000000000
54 59 66
0.829571710000 0.212923790000 0.516211430000 -1.431706710000
-0.474706080000 -0.217893630000 0.852746450000 -1.517073290000
0.294049190000 -0.952463030000 -0.079682180000 2.323586610000
0.000000000000 0.000000000000 0.000000000000 1.000000000000
54 60 66
0.200967980000 -0.297398360000 -0.933362780000 3.149987340000
0.969022270000 -0.079273440000 0.233905020000 -0.781262850000
-0.143553850000 -0.951456740000 0.272254210000 2.886206140000
0.000000000000 0.000000000000 0.000000000000 1.000000000000
54 61 66
-0.656905070000 -0.640611100000 0.397609290000 -0.348152700000
0.024220720000 0.509150110000 0.860336870000 -1.050337020000
-0.753584160000 0.574790040000 -0.318947220000 3.228756720000
0.000000000000 0.000000000000 0.000000000000 1.000000000000
54 62 66
-0.984924680000 -0.072093580000 0.157244700000 -0.737349870000
0.166365870000 -0.643806420000 0.746883990000 -1.437250500000
0.047389610000 0.761784630000 0.646094740000 1.381441630000
0.000000000000 0.000000000000 0.000000000000 1.000000000000
54 63 66
0.715310380000 -0.673064890000 0.187922100000 0.098626280000
0.648253610000 0.538696840000 -0.538119850000 1.740923090000
0.260956540000 0.506743890000 0.821652180000 1.006479340000
0.000000000000 0.000000000000 0.000000000000 1.000000000000
54 64 66
0.902125070000 -0.098235560000 0.420143000000 -0.381658700000
-0.392110630000 -0.592993290000 0.703283880000 -0.875201320000
0.180054490000 -0.799192550000 -0.573473320000 4.525676560000
0.000000000000 0.000000000000 0.000000000000 1.000000000000
54 65 66
0.457242070000 0.228490380000 0.859489290000 -0.936120270000
-0.867068990000 -0.100402570000 0.487965870000 -1.680942880000
0.197790440000 -0.968355030000 0.152208640000 2.861379090000
0.000000000000 0.000000000000 0.000000000000 1.000000000000
55 57 66
0.176043650000 0.405735260000 -0.896876540000 1.542551130000
-0.035280250000 0.913121080000 0.406159080000 -0.252328360000
0.983749940000 -0.039859690000 0.175063610000 1.531201620000
0.000000000000 0.000000000000 0.000000000000 1.000000000000
55 58 66
-0.303798370000 0.501976670000 -0.809769080000 2.873776390000
-0.032779600000 0.843930010000 0.535450880000 -0.540256400000
0.952172280000 0.189213010000 -0.239929970000 3.371082300000
0.000000000000 0.000000000000 0.000000000000 1.000000000000
55 59 66
0.329046130000 -0.630396240000 0.703085500000 -1.998421400000
-0.065610110000 -0.758009050000 -0.648935730000 2.111365590000
0.942031820000 0.167400270000 -0.290780320000 3.203042620000
0.000000000000 0.000000000000 0.000000000000 1.000000000000
55 60 66
-0.967258000000 -0.153283060000 -0.202277700000 -0.062282310000
-0.098169450000 -0.509005630000 0.855146790000 -0.748570770000
-0.234040010000 0.847005060000 0.477292050000 1.459205830000
0.000000000000 0.000000000000 0.000000000000 1.000000000000
55 61 66
0.636006260000 -0.092589670000 0.766109130000 -1.800128540000
0.116024700000 -0.970016900000 -0.213554410000 1.431379670000
0.762911730000 0.224709520000 -0.606194130000 3.635702780000
0.000000000000 0.000000000000 0.000000000000 1.000000000000
55 62 66
-0.845449840000 -0.139781240000 0.515437460000 -1.468705210000
0.204599960000 0.806727860000 0.554372640000 -0.440191520000
-0.493308660000 0.574152740000 -0.653448700000 3.466798220000
0.000000000000 0.000000000000 0.000000000000 1.000000000000
55 63 66
0.768442030000 0.238005300000 -0.594012060000 1.200316090000
-0.070546430000 0.954110800000 0.291025390000 0.027247830000
0.636018910000 -0.181730710000 0.749969260000 0.592040030000
0.000000000000 0.000000000000 0.000000000000 1.000000000000
55 64 66
-0.618326540000 -0.550817700000 0.560599810000 -1.833705920000
0.130734630000 -0.775451870000 -0.617723930000 2.338084060000
0.774971450000 -0.308665290000 0.551493420000 0.865700830000
0.000000000000 0.000000000000 0.000000000000 1.000000000000
55 65 66
0.986033730000 -0.157929690000 -0.052874390000 0.505044780000
-0.158655990000 -0.987285220000 -0.009806320000 0.985464220000
-0.050653400000 0.018058200000 -0.998553020000 4.515425570000
0.000000000000 0.000000000000 0.000000000000 1.000000000000
56 58 66
-0.632744240000 -0.312506690000 0.708501440000 -2.288108120000
0.286906020000 0.755222000000 0.589342570000 -1.305861610000
-0.719249370000 0.576176440000 -0.388202320000 3.543203540000
0.000000000000 0.000000000000 0.000000000000 1.000000000000
56 59 66
0.026086540000 0.733995300000 -0.678653360000 1.813287430000
0.890078420000 -0.326092820000 -0.318471160000 0.399736610000
-0.455060320000 -0.595746900000 -0.661820010000 4.122535430000
0.000000000000 0.000000000000 0.000000000000 1.000000000000
56 60 66
0.194761575000 -0.919564535000 0.341275541000 -0.247420926000
-0.449071943000 -0.392927319000 -0.802460287000 1.428166150000
0.872010504000 0.003031159040 -0.489477776000 3.750394930000
0.000000000000 0.000000000000 0.000000000000 1.000000000000
56 61 66
-0.226174930000 -0.965935980000 0.125748070000 0.192347060000
-0.701692490000 0.072024680000 -0.708830090000 1.246973210000
0.675627530000 -0.248556070000 -0.694080200000 4.073690910000
0.000000000000 0.000000000000 0.000000000000 1.000000000000
56 62 66
0.960639080000 -0.205591100000 -0.186828390000 0.905228030000
-0.263155940000 -0.888933280000 -0.374895410000 0.871483960000
-0.089002820000 0.409304190000 -0.908046570000 4.748344650000
0.000000000000 0.000000000000 0.000000000000 1.000000000000
56 63 66
0.855628040000 0.180622100000 -0.485052900000 1.206094390000
0.255315960000 -0.962473280000 0.091972540000 0.034197210000
-0.450238180000 -0.202536030000 -0.869634830000 4.459771910000
0.000000000000 0.000000000000 0.000000000000 1.000000000000
56 64 66
0.705131990000 0.593556680000 -0.387916670000 1.163463720000
-0.026236680000 0.568538960000 0.822237860000 -2.058756690000
0.708590510000 -0.569608570000 0.416467970000 1.419835580000
0.000000000000 0.000000000000 0.000000000000 1.000000000000
56 65 66
0.166188040000 0.449027280000 -0.877927130000 2.632638710000
-0.283076260000 0.874558730000 0.393719280000 -1.097844390000
0.944589520000 0.183088890000 0.272450160000 1.892061170000
0.000000000000 0.000000000000 0.000000000000 1.000000000000
57 59 66
-0.629812690000 0.398180510000 -0.666924480000 1.676067550000
0.773965600000 0.249105140000 -0.582171690000 1.521071050000
-0.065675100000 -0.882835720000 -0.465067600000 3.794176180000
0.000000000000 0.000000000000 0.000000000000 1.000000000000
57 60 66
-0.976705660000 0.130992350000 -0.169961960000 -0.055693610000
-0.209255750000 -0.756826290000 0.619214010000 -0.933825600000
-0.047519380000 0.640355340000 0.766607420000 0.917135360000
0.000000000000 0.000000000000 0.000000000000 1.000000000000
57 61 66
-0.991611580000 -0.058359410000 0.115328450000 -0.758352280000
0.086169620000 0.366567080000 0.926392670000 -1.671500460000
-0.096339340000 0.928559500000 -0.358463360000 2.769235540000
0.000000000000 0.000000000000 0.000000000000 1.000000000000
57 62 66
0.434633140000 -0.643188990000 0.630398250000 -1.370393140000
0.069690510000 0.721890620000 0.688489050000 -1.532325770000
-0.897907160000 -0.255307380000 0.358581760000 1.193937150000
0.000000000000 0.000000000000 0.000000000000 1.000000000000
57 63 66
-0.589138730000 -0.335496780000 0.735090100000 -1.952918280000
0.248356940000 0.790508030000 0.559835580000 -1.224957770000
-0.768917670000 0.512385560000 -0.382395950000 2.916914420000
0.000000000000 0.000000000000 0.000000000000 1.000000000000
57 64 66
0.994932540000 -0.091899750000 0.040788130000 -0.129148830000
0.086919790000 0.990066730000 0.110511670000 -0.197934120000
-0.050538970000 -0.106406360000 0.993037510000 0.038354540000
0.000000000000 0.000000000000 0.000000000000 1.000000000000
57 65 66
0.918508730000 -0.377504380000 -0.117610210000 0.188781140000
0.362460360000 0.922737600000 -0.131064170000 0.676398820000
0.158000660000 0.077754550000 0.984372910000 -0.021655360000
0.000000000000 0.000000000000 0.000000000000 1.000000000000
58 60 66
-0.798289550000 -0.468672990000 -0.378258410000 0.475842020000
0.159334700000 -0.770016990000 0.617807640000 -1.477290990000
-0.580815160000 0.432919690000 0.689372390000 1.648648140000
0.000000000000 0.000000000000 0.000000000000 1.000000000000
58 61 66
0.802496570000 0.184266820000 -0.567490080000 1.338085900000
-0.111240350000 0.980646640000 0.161114080000 -0.706640740000
0.586195220000 -0.066165700000 0.807463470000 1.169652500000
0.000000000000 0.000000000000 0.000000000000 1.000000000000
58 62 66
0.937587550000 -0.230244140000 0.260609320000 0.415767040000
0.238853990000 0.971054470000 -0.001407940000 -0.411061930000
-0.252741680000 0.063567640000 0.965443320000 0.460556820000
0.000000000000 0.000000000000 0.000000000000 1.000000000000
58 63 66
0.472825600000 0.829823590000 -0.296359180000 0.381148370000
0.647123000000 -0.555287210000 -0.522386760000 1.837387980000
-0.598053320000 0.055216990000 -0.799551940000 4.053793260000
0.000000000000 0.000000000000 0.000000000000 1.000000000000
58 64 66
0.052302400000 -0.197892020000 -0.978827470000 2.251779910000
-0.205746910000 0.957005020000 -0.204473940000 -0.005744500000
0.977206560000 0.212085200000 0.009337990000 2.847152450000
0.000000000000 0.000000000000 0.000000000000 1.000000000000
58 65 66
0.684370460000 -0.288153400000 -0.669779580000 1.485972330000
0.677734590000 0.590181870000 0.438590000000 -0.819862300000
0.268910570000 -0.754090830000 0.599194560000 0.895635790000
0.000000000000 0.000000000000 0.000000000000 1.000000000000
59 61 66
0.752051290000 -0.637607420000 0.166959960000 0.084615500000
-0.395984310000 -0.639589410000 -0.658879210000 1.311164340000
0.526892100000 0.429397440000 -0.733486570000 3.982923790000
0.000000000000 0.000000000000 0.000000000000 1.000000000000
59 62 66
-0.147173040000 0.963742410000 -0.222577310000 0.892219110000
0.529795680000 -0.113217270000 -0.840534580000 2.191754320000
-0.835258420000 -0.241624530000 -0.493924040000 3.257588600000
0.000000000000 0.000000000000 0.000000000000 1.000000000000
59 63 66
0.517826220000 0.358082840000 -0.776938020000 2.288347490000
-0.483107570000 0.871910880000 0.079865510000 -0.414802410000
0.706019180000 0.333988180000 0.624490850000 0.811565090000
0.000000000000 0.000000000000 0.000000000000 1.000000000000
59 64 66
0.975723450000 -0.091864790000 -0.198807990000 0.907521850000
-0.085539000000 -0.995523690000 0.040195400000 -0.107754650000
-0.201610610000 -0.022213750000 -0.979213820000 4.964192780000
0.000000000000 0.000000000000 0.000000000000 1.000000000000
59 65 66
-0.950620610000 -0.309148670000 -0.027341530000 0.611761830000
0.290934380000 -0.918343910000 0.268331230000 -0.437645340000
-0.108063170000 0.247126600000 0.962938620000 0.185458080000
0.000000000000 0.000000000000 0.000000000000 1.000000000000
60 62 66
-0.769024080000 0.241635160000 -0.591789160000 0.591557170000
-0.532507560000 -0.754310790000 0.383993400000 -0.617452690000
-0.353606640000 0.610432370000 0.708755720000 0.047352290000
0.000000000000 0.000000000000 0.000000000000 1.000000000000
60 63 66
0.770713970000 0.032848930000 -0.636333970000 1.552390960000
-0.123050500000 0.987544130000 -0.098056960000 0.395764040000
0.625186810000 0.153875080000 0.765156140000 -0.259559130000
0.000000000000 0.000000000000 0.000000000000 1.000000000000
60 64 66
-0.926595820000 0.333108010000 0.174525770000 -1.003256710000
-0.106013080000 -0.676647930000 0.728634900000 -1.620816640000
0.360806620000 0.656648030000 0.662292940000 0.447826590000
0.000000000000 0.000000000000 0.000000000000 1.000000000000
60 65 66
-0.565655360000 -0.247681440000 0.786567170000 -2.368260880000
-0.722652430000 0.608365200000 -0.328123840000 1.031605920000
-0.397249910000 -0.754019690000 -0.523112630000 3.006617990000
0.000000000000 0.000000000000 0.000000000000 1.000000000000
61 63 66
0.983098430000 0.061876640000 -0.172304240000 0.181542850000
-0.101123040000 0.968084950000 -0.229315640000 0.530057380000
0.152615860000 0.242863770000 0.957979950000 -0.255578900000
0.000000000000 0.000000000000 0.000000000000 1.000000000000
61 64 66
-0.746320610000 -0.040883750000 0.664329790000 -2.236814250000
0.244731840000 0.911334920000 0.331021140000 -0.659945270000
-0.618960320000 0.409630550000 -0.670142470000 3.709562080000
0.000000000000 0.000000000000 0.000000000000 1.000000000000
61 65 66
0.799767660000 0.257187580000 -0.542426260000 0.963494730000
-0.125594240000 0.955266560000 0.267753410000 -0.411236910000
0.587024510000 -0.146014900000 0.796292580000 -0.166894160000
0.000000000000 0.000000000000 0.000000000000 1.000000000000
62 64 66
-0.033888410000 -0.925233500000 0.377881660000 -1.493587520000
-0.999049830000 0.041728540000 0.012576510000 -0.468239980000
-0.027404660000 -0.377096400000 -0.925768480000 4.877240810000
0.000000000000 0.000000000000 0.000000000000 1.000000000000
62 65 66
-0.987198630000 0.150566420000 -0.052617650000 -0.146324550000
0.138307110000 0.643822560000 -0.752571360000 1.655364130000
-0.079435540000 -0.750214810000 -0.656405160000 4.257722660000
0.000000000000 0.000000000000 0.000000000000 1.000000000000
63 65 66
-0.651522590000 -0.283863750000 0.703519500000 -1.886496940000
0.757642390000 -0.290755340000 0.584328120000 -1.356988820000
0.038682480000 0.913719160000 0.404500880000 1.859324400000
0.000000000000 0.000000000000 0.000000000000 1.000000000000
