0 2 37
-0.156445340000 0.973709670000 0.165572720000 -0.374789090000
-0.957707370000 -0.190538810000 0.215619010000 -0.287670660000
0.241498350000 -0.124837630000 0.962337840000 0.398920740000
0.000000000000 0.000000000000 0.000000000000 1.000000000000
0 3 37
-0.113313850000 -0.111966620000 0.987230190000 -1.623284140000
-0.584743500000 -0.795807000000 -0.157372980000 -0.245043960000
0.803265220000 -0.595108970000 0.024704210000 1.444071330000
0.000000000000 0.000000000000 0.000000000000 1.000000000000
0 4 37
-0.633572970000 0.649316710000 0.420681710000 -1.339620780000
-0.699566430000 -0.713023400000 0.046951480000 0.002303670000
0.330442290000 -0.264547610000 0.905992520000 0.406364040000
0.000000000000 0.000000000000 0.000000000000 1.000000000000
0 5 37
0.032195720000 0.423983130000 -0.905097640000 1.280134780000
0.933598080000 -0.336096980000 -0.124231440000 -0.285929100000
-0.356872620000 -0.840997700000 -0.406650720000 3.554340600000
0.000000000000 0.000000000000 0.000000000000 1.000000000000
0 6 37
-0.116017980000 0.912655300000 0.391918520000 -0.444261770000
0.911580710000 0.254525330000 -0.322858280000 0.030157380000
-0.394411520000 0.319808000000 -0.861488480000 3.737411840000
0.000000000000 0.000000000000 0.000000000000 1.000000000000
0 7 37
0.253970130000 -0.794265230000 -0.551943760000 0.313500080000
-0.960991210000 -0.142598530000 -0.236984300000 0.635541150000
0.109522030000 0.590600030000 -0.799497670000 4.038743310000
0.000000000000 0.000000000000 0.000000000000 1.000000000000
0 8 37
-0.758155640000 -0.638985380000 -0.129991200000 -0.435902670000
0.604638300000 -0.763535900000 0.226771830000 -1.249550780000
-0.244156840000 0.093330680000 0.965234080000 0.565210820000
0.000000000000 0.000000000000 0.000000000000 1.000000000000
0 9 37
-0.815181070000 0.296888470000 -0.497329920000 0.689095460000
-0.263711720000 -0.954724810000 -0.137683210000 0.735380550000
-0.515689770000 0.018914980000 0.856566570000 0.229152080000
0.000000000000 0.000000000000 0.000000000000 1.000000000000
0 10 37
-0.582849260000 -0.400343820000 0.707114960000 -2.050002190000
0.064346490000 -0.890216170000 -0.450970850000 0.449836860000
0.810028560000 -0.217347660000 0.544622550000 0.840079220000
0.000000000000 0.000000000000 0.000000000000 1.000000000000
0 11 37
0.636527680000 0.771046120000 -0.017899410000 0.266650890000
-0.674355280000 0.567668210000 0.472226390000 0.055673130000
0.374269250000 -0.288514610000 0.881295550000 0.391612300000
0.000000000000 0.000000000000 0.000000000000 1.000000000000
0 12 37
0.938352830000 0.334537560000 0.087055130000 -0.478699640000
-0.309677730000 0.925436860000 -0.218326190000 0.400918560000
-0.153602330000 0.177907960000 0.971985120000 0.624898430000
0.000000000000 0.000000000000 0.000000000000 1.000000000000
0 13 37
0.597481450000 0.776375560000 -0.200641230000 -0.159859430000
-0.334290460000 0.013722790000 -0.942370190000 1.471495430000
-0.728879830000 0.630121160000 0.267734060000 1.536749570000
0.000000000000 0.000000000000 0.000000000000 1.000000000000
0 14 37
-0.642759020000 0.750930930000 -0.151537410000 -0.622532650000
-0.697163780000 -0.491396120000 0.522008150000 -1.767072490000
0.317527170000 0.441171840000 0.839371130000 0.901075840000
0.000000000000 0.000000000000 0.000000000000 1.000000000000
0 15 37
-0.252443010000 -0.967584530000 -0.007259730000 -0.967347700000
0.889951740000 -0.235120560000 0.390773870000 -0.933221390000
-0.379813660000 0.092187320000 0.920458080000 1.014528210000
0.000000000000 0.000000000000 0.000000000000 1.000000000000
0 16 37
-0.942194500000 0.329534760000 -0.060633040000 0.550289560000
-0.196019650000 -0.688861080000 -0.697887320000 0.723340910000
-0.271745870000 -0.645660330000 0.713636410000 1.080777330000
0.000000000000 0.000000000000 0.000000000000 1.000000000000
0 17 37
-0.396167140000 0.787390870000 0.472299930000 -0.846951230000
0.022688490000 -0.505835910000 0.862331300000 -1.874313370000
0.917898050000 0.352343090000 0.182530860000 1.894882240000
0.000000000000 0.000000000000 0.000000000000 1.000000000000
0 18 37
-0.622129760000 -0.523850230000 0.581838030000 -2.066996330000
-0.082567560000 -0.695124770000 -0.714131750000 1.223676160000
0.778548110000 -0.492323560000 0.389204770000 1.724154950000
0.000000000000 0.000000000000 0.000000000000 1.000000000000
0 19 37
0.240890150000 -0.958232540000 0.154150370000 -0.472452410000
0.816788390000 0.114362560000 -0.565489110000 0.535956070000
0.524241040000 0.262128990000 0.810222020000 0.953313990000
0.000000000000 0.000000000000 0.000000000000 1.000000000000
0 20 37
-0.520075580000 0.532668160000 0.667672090000 -1.295530370000
0.166942150000 -0.703235870000 0.691078600000 -2.102372180000
0.837646530000 0.470875720000 0.276811030000 1.628684230000
0.000000000000 0.000000000000 0.000000000000 1.000000000000
0 21 37
0.836278730000 0.529051090000 -0.144023720000 0.288010460000
-0.531085660000 0.846883350000 0.027140760000 0.057339530000
0.136330140000 0.053791690000 0.989201970000 0.401439600000
0.000000000000 0.000000000000 0.000000000000 1.000000000000
0 22 37
-0.320667730000 0.665678280000 0.673828340000 -1.345783850000
-0.865789080000 0.082534290000 -0.493555830000 0.205412620000
-0.384163350000 -0.741660650000 0.549870900000 0.846281620000
0.000000000000 0.000000000000 0.000000000000 1.000000000000
0 23 37
-0.991273050000 0.033326560000 0.127542500000 0.372594290000
-0.015425110000 -0.990193320000 0.138849720000 -0.245579530000
0.130919110000 0.135670630000 0.982066020000 0.071597140000
0.000000000000 0.000000000000 0.000000000000 1.000000000000
0 24 37
0.857427760000 -0.043495410000 -0.512762890000 0.003259120000
0.465048420000 -0.361139540000 0.808274830000 -2.189198210000
-0.220335200000 -0.931496850000 -0.289423600000 2.916434990000
0.000000000000 0.000000000000 0.000000000000 1.000000000000
0 25 37
0.730615960000 -0.486867510000 -0.478706960000 0.827859010000
0.506086230000 -0.084491120000 0.858334420000 -1.850209220000
-0.458341630000 -0.869379830000 0.184666380000 1.189142350000
0.000000000000 0.000000000000 0.000000000000 1.000000000000
0 26 37
-0.792253390000 -0.446432260000 0.415972110000 -1.413795400000
0.605115050000 -0.662567690000 0.441406650000 -0.148978980000
0.078551510000 0.601416900000 0.795064380000 2.572688070000
0.000000000000 0.000000000000 0.000000000000 1.000000000000
0 27 37
-0.521980370000 -0.533253890000 0.665715240000 -1.512751910000
-0.265565050000 0.843288800000 0.467267800000 -1.876677470000
-0.810562580000 0.067113920000 -0.581793800000 3.438808680000
0.000000000000 0.000000000000 0.000000000000 1.000000000000
0 28 37
-0.564750970000 -0.721623930000 -0.400393870000 -0.708413740000
0.820621250000 -0.542429200000 -0.179864760000 0.627552170000
-0.087390610000 -0.430150510000 0.898517340000 1.706030290000
0.000000000000 0.000000000000 0.000000000000 1.000000000000
0 29 37
-0.864781100000 -0.166529020000 0.473731700000 -0.674364030000
-0.215781300000 -0.728626230000 -0.650032500000 -0.318779600000
0.453422620000 -0.664358260000 0.594168350000 1.571044080000
0.000000000000 0.000000000000 0.000000000000 1.000000000000
0 30 37
0.963404930000 0.254805830000 -0.083216130000 0.429976760000
-0.239834050000 0.958047100000 0.156924760000 -0.914903610000
0.119710320000 -0.131224030000 0.984098420000 1.008379210000
0.000000000000 0.000000000000 0.000000000000 1.000000000000
0 31 37
-0.418650400000 -0.902151030000 -0.104189100000 -0.303917280000
0.868777420000 -0.431270450000 0.243375420000 0.170924390000
-0.264495060000 0.011372080000 0.964319990000 1.152702780000
0.000000000000 0.000000000000 0.000000000000 1.000000000000
0 32 37
0.110103120000 -0.993531770000 0.027783670000 0.279959000000
0.976698220000 0.102971870000 -0.188301310000 0.147428770000
0.184222390000 0.047868820000 0.981718230000 1.023953030000
0.000000000000 0.000000000000 0.000000000000 1.000000000000
0 33 37
-0.614923280000 0.726537450000 0.306614890000 -1.477228960000
-0.203244220000 0.229664830000 -0.951811880000 0.229457920000
-0.761945630000 -0.647608990000 0.006438290000 2.359015890000
0.000000000000 0.000000000000 0.000000000000 1.000000000000
0 34 37
-0.672480940000 0.286933080000 0.682230750000 -1.490270930000
-0.518333950000 -0.840568440000 -0.157399550000 -0.386451470000
0.528298500000 -0.459471550000 0.713993410000 2.056726820000
0.000000000000 0.000000000000 0.000000000000 1.000000000000
0 35 37
-0.618978220000 0.780826350000 -0.084712360000 -0.375175290000
0.784904000000 0.618836250000 -0.031103260000 -0.703759060000
0.028136830000 -0.085743310000 -0.995919880000 4.419738980000
0.000000000000 0.000000000000 0.000000000000 1.000000000000
0 36 37
-0.316268040000 -0.807775520000 0.497466820000 -1.591609780000
0.316837820000 -0.584213250000 -0.747200560000 1.737445260000
0.894197030000 -0.078699350000 0.440701810000 2.320437480000
0.000000000000 0.000000000000 0.000000000000 1.000000000000
1 3 37
-0.545015260000 0.213760010000 0.810718830000 -1.408894570000
-0.529717730000 -0.837306750000 -0.135338590000 0.305261150000
0.649890370000 -0.503213740000 0.569577420000 0.817210190000
0.000000000000 0.000000000000 0.000000000000 1.000000000000
1 4 37
0.911180760000 -0.233288610000 0.339596900000 -0.998877680000
0.104424610000 0.928102020000 0.357382350000 -0.668118140000
-0.398553800000 -0.290177650000 0.870029770000 0.489269520000
0.000000000000 0.000000000000 0.000000000000 1.000000000000
1 5 37
0.249256790000 0.660825490000 -0.707941190000 1.289452710000
0.885153150000 -0.452036980000 -0.110301700000 0.318438190000
-0.392905770000 -0.599142930000 -0.697605050000 3.949847860000
0.000000000000 0.000000000000 0.000000000000 1.000000000000
1 6 37
0.542558160000 0.836229150000 0.079696020000 -0.393177300000
-0.447978040000 0.207781940000 0.869564460000 -1.116613210000
0.710595750000 -0.507491350000 0.487346080000 1.228565810000
0.000000000000 0.000000000000 0.000000000000 1.000000000000
1 7 37
0.299349854000 0.954141439000 0.001944068420 0.838203732000
0.707284435000 -0.220533089000 -0.671650121000 1.337360870000
-0.640420481000 0.202433375000 -0.740865937000 3.494285130000
0.000000000000 0.000000000000 0.000000000000 1.000000000000
1 8 37
0.538991860000 0.839975750000 -0.062677880000 0.439354140000
0.785678510000 -0.474534850000 0.396895390000 -0.844233450000
0.303639670000 -0.263168050000 -0.915721320000 4.205339380000
0.000000000000 0.000000000000 0.000000000000 1.000000000000
1 9 37
-0.520999760000 -0.853160650000 -0.026002880000 0.290049860000
0.733923040000 -0.463322800000 0.496677930000 -0.726228480000
-0.435793790000 0.239684970000 0.867545320000 0.029746880000
0.000000000000 0.000000000000 0.000000000000 1.000000000000
1 10 37
-0.808874480000 0.442570430000 -0.387109140000 0.380923320000
-0.517042350000 -0.221882550000 0.826701490000 -2.010496590000
0.279980870000 0.868849550000 0.408302780000 1.520335020000
0.000000000000 0.000000000000 0.000000000000 1.000000000000
1 11 37
0.587265850000 0.198954930000 -0.784560870000 0.877485210000
-0.285238080000 0.958004770000 0.029429450000 0.752001760000
0.757468190000 0.206503730000 0.619353010000 0.737236050000
0.000000000000 0.000000000000 0.000000000000 1.000000000000
1 12 37
-0.936944850000 -0.340486520000 -0.078760910000 -0.161911610000
0.340597050000 -0.839163990000 -0.424025290000 0.956239140000
0.078281580000 -0.424114040000 0.902219080000 -0.015271640000
0.000000000000 0.000000000000 0.000000000000 1.000000000000
1 13 37
0.996971800000 0.037267570000 -0.068252190000 0.662111110000
-0.065191600000 0.879028300000 -0.472291550000 1.466599370000
0.042394450000 0.475310820000 0.878795960000 -0.066244410000
0.000000000000 0.000000000000 0.000000000000 1.000000000000
1 14 37
-0.152671050000 0.774488710000 -0.613888260000 0.658578280000
-0.815625360000 0.252028420000 0.520804140000 -1.648186850000
0.558074210000 0.580214540000 0.593215190000 1.514345260000
0.000000000000 0.000000000000 0.000000000000 1.000000000000
1 15 37
-0.820992800000 0.546231460000 -0.166138540000 1.055208180000
-0.497343570000 -0.541308230000 0.677963690000 -1.237449590000
0.280392940000 0.639231250000 0.716074870000 0.911237770000
0.000000000000 0.000000000000 0.000000000000 1.000000000000
1 16 37
-0.644103960000 0.748331370000 0.158525220000 0.173006560000
-0.640530550000 -0.640926430000 0.423005830000 -0.027217560000
0.418151530000 0.170919480000 0.892152360000 0.430551910000
0.000000000000 0.000000000000 0.000000000000 1.000000000000
1 17 37
-0.881086330000 0.176197210000 0.438909360000 0.124963440000
0.267456820000 -0.579754890000 0.769643500000 -1.569139320000
0.390068880000 0.795511670000 0.463688960000 1.238999220000
0.000000000000 0.000000000000 0.000000000000 1.000000000000
1 18 37
0.206254540000 -0.978171120000 -0.025304590000 -0.068386660000
0.978218070000 0.206745450000 -0.018593960000 0.248164970000
0.023419680000 -0.020918320000 0.999506850000 0.159202520000
0.000000000000 0.000000000000 0.000000000000 1.000000000000
1 19 37
-0.733605540000 0.308051290000 0.605745260000 -1.962603940000
-0.460707180000 -0.880700120000 -0.110073560000 0.677989240000
0.499571620000 -0.359821760000 0.788007930000 1.194344140000
0.000000000000 0.000000000000 0.000000000000 1.000000000000
1 20 37
0.719618780000 -0.675700540000 0.159929960000 0.328949200000
0.412184570000 0.601041840000 0.684728110000 -0.513784540000
-0.558795750000 -0.426822550000 0.711034330000 1.245049790000
0.000000000000 0.000000000000 0.000000000000 1.000000000000
1 21 37
-0.903609450000 -0.360188860000 0.231848960000 -0.289409520000
0.394904830000 -0.910161770000 0.125122860000 -0.721519600000
0.165952200000 0.204620480000 0.964671100000 0.136178510000
0.000000000000 0.000000000000 0.000000000000 1.000000000000
1 22 37
-0.722827930000 -0.690681330000 -0.021887960000 -0.649872670000
0.682714070000 -0.708874430000 -0.177196340000 0.356141300000
0.106870390000 -0.143025680000 0.983932100000 0.386176530000
0.000000000000 0.000000000000 0.000000000000 1.000000000000
1 23 37
0.972777520000 -0.230449020000 0.024436570000 -0.380532800000
-0.231551590000 -0.962300920000 0.142691260000 0.637525850000
-0.009367730000 -0.144465180000 -0.989465540000 4.540975940000
0.000000000000 0.000000000000 0.000000000000 1.000000000000
1 24 37
-0.273480080000 0.716018940000 0.642281490000 -0.333010130000
-0.705761860000 0.304313780000 -0.639760360000 1.669139580000
-0.653535650000 -0.628259500000 0.422115100000 1.405494310000
0.000000000000 0.000000000000 0.000000000000 1.000000000000
1 25 37
-0.212028420000 0.014132920000 0.977161300000 -1.933209920000
0.730871460000 -0.661476350000 0.168154550000 0.657682320000
0.648745610000 0.749832850000 0.129922430000 2.646086140000
0.000000000000 0.000000000000 0.000000000000 1.000000000000
1 26 37
-0.230742130000 0.941514970000 0.245576110000 -0.328780050000
-0.941027440000 -0.151750230000 -0.302389210000 -0.397028130000
-0.247437730000 -0.300867790000 0.921006590000 1.613173190000
0.000000000000 0.000000000000 0.000000000000 1.000000000000
1 27 37
-0.120944150000 0.801182130000 -0.586071410000 0.420317890000
0.056845550000 -0.583846510000 -0.809871490000 2.257171220000
-0.991030320000 -0.131264770000 0.025069180000 1.844037500000
0.000000000000 0.000000000000 0.000000000000 1.000000000000
1 28 37
0.948892821000 0.314647730000 0.024478990700 0.003878910090
0.310926653000 -0.945326403000 0.098400243100 0.070839729500
0.054102049400 -0.085760113600 -0.994845803000 3.895419960000
0.000000000000 0.000000000000 0.000000000000 1.000000000000
1 29 37
0.872988620000 -0.475235820000 0.109735030000 0.671792190000
0.138855560000 0.457836830000 0.878125600000 -0.315763530000
-0.467557480000 -0.751356340000 0.465675480000 1.006396890000
0.000000000000 0.000000000000 0.000000000000 1.000000000000
1 30 37
0.390737150000 -0.901676860000 0.185211540000 -0.285486660000
0.897120520000 0.327962080000 -0.295999390000 0.989157170000
0.206153440000 0.281815030000 0.937059790000 1.100416790000
0.000000000000 0.000000000000 0.000000000000 1.000000000000
1 31 37
0.992197340000 -0.071596160000 -0.102070740000 1.375267720000
0.111941170000 0.872037750000 0.476465450000 0.013506630000
0.054896450000 -0.484173670000 0.873248090000 0.742377070000
0.000000000000 0.000000000000 0.000000000000 1.000000000000
1 32 37
-0.972980100000 0.230269960000 0.016895620000 0.267563530000
0.168408100000 0.757839120000 -0.630332120000 1.865108110000
-0.157950710000 -0.610455260000 -0.776141710000 2.658186090000
0.000000000000 0.000000000000 0.000000000000 1.000000000000
1 33 37
0.773456490000 0.537307790000 0.336251970000 0.148638470000
-0.625595300000 0.732446300000 0.268612980000 -0.530199420000
-0.101958660000 -0.418118110000 0.902652580000 1.105482090000
0.000000000000 0.000000000000 0.000000000000 1.000000000000
1 34 37
-0.126826540000 0.766770960000 0.629267290000 -0.753395760000
-0.892704950000 0.188328480000 -0.409402320000 0.284944050000
-0.432426760000 -0.613673100000 0.660615180000 1.278812930000
0.000000000000 0.000000000000 0.000000000000 1.000000000000
1 35 37
-0.021646910000 -0.860140900000 -0.509596940000 1.273443150000
-0.979428030000 0.120532940000 -0.161841090000 1.096258730000
0.200629360000 0.495610170000 -0.845055280000 3.363301320000
0.000000000000 0.000000000000 0.000000000000 1.000000000000
1 36 37
-0.040702770000 -0.869235850000 0.492719310000 -1.002936260000
0.925982920000 -0.218072460000 -0.308220770000 1.239008830000
0.375365050000 0.443704230000 0.813773700000 0.696650980000
0.000000000000 0.000000000000 0.000000000000 1.000000000000
2 4 37
0.356138950000 0.926904140000 0.118379730000 -0.077769340000
-0.541171950000 0.101316470000 0.834786140000 -1.796935680000
0.761772910000 -0.361363650000 0.537697260000 0.508492680000
0.000000000000 0.000000000000 0.000000000000 1.000000000000
2 5 37
0.864901460000 -0.484293820000 -0.131927900000 0.485283800000
0.486682310000 0.873438310000 -0.015679270000 -0.480232560000
0.122824250000 -0.050645950000 0.991135300000 0.175309390000
0.000000000000 0.000000000000 0.000000000000 1.000000000000
2 6 37
-0.348864850000 -0.912070520000 0.215454610000 -0.190902110000
0.540646770000 -0.008080390000 0.841210900000 -1.619625310000
-0.765502700000 0.409953750000 0.495926950000 1.103720290000
0.000000000000 0.000000000000 0.000000000000 1.000000000000
2 7 37
-0.938081960000 0.310568140000 -0.153459020000 0.770307020000
0.291792710000 0.469646620000 -0.833240100000 1.267991120000
-0.186706320000 -0.826425730000 -0.531188540000 2.712590410000
0.000000000000 0.000000000000 0.000000000000 1.000000000000
2 8 37
-0.526905880000 -0.808110640000 0.263300950000 0.122296890000
0.684923600000 -0.220296830000 0.694513480000 -2.502484970000
-0.503239370000 0.546284270000 0.669569740000 0.718339680000
0.000000000000 0.000000000000 0.000000000000 1.000000000000
2 9 37
-0.417970250000 -0.908375560000 -0.012438290000 0.981259910000
0.362624190000 -0.179376310000 0.914509610000 -2.426867610000
-0.832949320000 0.377727390000 0.404372910000 0.485773020000
0.000000000000 0.000000000000 0.000000000000 1.000000000000
2 10 37
0.554121490000 0.765737190000 0.326490330000 0.355369410000
-0.277745090000 0.539806240000 -0.794648910000 2.132545840000
-0.784733740000 0.349650950000 0.511797980000 0.360680580000
0.000000000000 0.000000000000 0.000000000000 1.000000000000
2 11 37
-0.840835380000 -0.395339040000 0.369733560000 -0.038359340000
-0.123956000000 -0.524274590000 -0.842479120000 1.577826580000
0.526906790000 -0.754216940000 0.391823980000 1.037379840000
0.000000000000 0.000000000000 0.000000000000 1.000000000000
2 12 37
-0.738636760000 -0.218246030000 0.637796530000 -1.228527110000
0.318426880000 -0.946890180000 0.044758440000 -0.655706440000
0.594154910000 0.236151790000 0.768903290000 0.111801850000
0.000000000000 0.000000000000 0.000000000000 1.000000000000
2 13 37
0.478764160000 -0.635755910000 0.605474450000 -0.592976830000
0.877890380000 0.339082450000 -0.338129510000 1.001403490000
0.009662070000 0.693424480000 0.720464520000 0.095822240000
0.000000000000 0.000000000000 0.000000000000 1.000000000000
2 14 37
-0.958696620000 0.211266070000 -0.190440110000 1.144256820000
0.237041460000 0.963498120000 -0.124429600000 0.209527780000
0.157200940000 -0.164432440000 -0.973781210000 4.443132440000
0.000000000000 0.000000000000 0.000000000000 1.000000000000
2 15 37
-0.776252180000 -0.616911200000 0.129819600000 0.139842930000
0.593920200000 -0.784686600000 -0.177554900000 -0.567150310000
0.211403310000 -0.060724900000 0.975510700000 0.143524530000
0.000000000000 0.000000000000 0.000000000000 1.000000000000
2 16 37
0.829852980000 0.284087710000 -0.480248060000 1.033021610000
0.350932900000 -0.934877920000 0.053379460000 -0.224669120000
-0.433808860000 -0.212831950000 -0.875506960000 4.174702580000
0.000000000000 0.000000000000 0.000000000000 1.000000000000
2 17 37
0.905226000000 0.266285310000 0.331146520000 0.079043120000
-0.152448450000 0.930930400000 -0.331855490000 1.231806860000
-0.396642600000 0.249921440000 0.883297180000 0.089362540000
0.000000000000 0.000000000000 0.000000000000 1.000000000000
2 18 37
0.560965990000 0.818491240000 0.124053410000 0.298419570000
-0.306251750000 0.065960310000 0.949662620000 -2.043164400000
0.769107940000 -0.570720010000 0.287665870000 0.923688780000
0.000000000000 0.000000000000 0.000000000000 1.000000000000
2 19 37
0.906136040000 -0.108541440000 0.408822990000 -0.483686940000
0.143800540000 0.987997280000 -0.056416110000 -0.366820050000
-0.397792520000 0.109909640000 0.910868260000 0.727784470000
0.000000000000 0.000000000000 0.000000000000 1.000000000000
2 20 37
-0.779714020000 -0.307302530000 -0.545537530000 1.595182230000
-0.465519860000 -0.298159430000 0.833301990000 -1.211498780000
-0.418732970000 0.903695810000 0.089423660000 2.189492520000
0.000000000000 0.000000000000 0.000000000000 1.000000000000
2 21 37
0.059042760000 -0.993313690000 0.099206130000 -0.067422240000
0.980686250000 0.076279450000 0.180099780000 -0.314478150000
-0.186462960000 0.086656500000 0.978632830000 0.210517930000
0.000000000000 0.000000000000 0.000000000000 1.000000000000
2 22 37
0.275305230000 -0.956486640000 -0.096645420000 0.170037200000
0.661408910000 0.115492820000 0.741080060000 -1.558567890000
-0.697671330000 -0.267945360000 0.664424560000 0.239279790000
0.000000000000 0.000000000000 0.000000000000 1.000000000000
2 23 37
0.577902010000 -0.633318880000 -0.514719800000 1.306439880000
0.814597420000 0.409304400000 0.410975610000 -0.930620470000
-0.049601530000 -0.656793050000 0.752437760000 1.012518860000
0.000000000000 0.000000000000 0.000000000000 1.000000000000
2 24 37
-0.277687340000 0.202009210000 0.939192220000 -1.144755330000
-0.468642430000 0.824936870000 -0.315995930000 0.244414770000
-0.838608380000 -0.527893390000 -0.134404430000 2.497076070000
0.000000000000 0.000000000000 0.000000000000 1.000000000000
2 25 37
0.214805260000 0.243799940000 0.945737960000 0.270959370000
0.898119940000 -0.429760200000 -0.093202740000 -0.214619330000
0.383717710000 0.869406560000 -0.311276340000 2.329085750000
0.000000000000 0.000000000000 0.000000000000 1.000000000000
2 26 37
0.531327690000 -0.794107110000 0.295101310000 0.573061330000
0.684833370000 0.607667300000 0.402173720000 -0.259367560000
-0.498692430000 -0.011590810000 0.866701520000 1.273297310000
0.000000000000 0.000000000000 0.000000000000 1.000000000000
2 27 37
-0.226266770000 -0.534620810000 -0.814238260000 2.498689340000
-0.839899910000 -0.316277960000 0.441062810000 -1.379373020000
-0.493326970000 0.783676490000 -0.377464770000 1.843374330000
0.000000000000 0.000000000000 0.000000000000 1.000000000000
2 28 37
-0.566781630000 0.537769910000 0.624149100000 -1.016804170000
0.028784100000 0.770046860000 -0.637337670000 0.720370420000
-0.823365080000 -0.343265720000 -0.451927640000 2.184427990000
0.000000000000 0.000000000000 0.000000000000 1.000000000000
2 29 37
0.052178510000 0.948379330000 0.312816320000 0.379020220000
-0.792975020000 -0.151055290000 0.590231240000 -1.145266950000
0.607015670000 -0.278852920000 0.744159280000 1.269436910000
0.000000000000 0.000000000000 0.000000000000 1.000000000000
2 30 37
0.701648460000 -0.702922330000 0.116574570000 0.679104810000
-0.498596900000 -0.601248920000 -0.624420420000 1.020930830000
0.509009390000 0.379999910000 -0.772340280000 3.274748860000
0.000000000000 0.000000000000 0.000000000000 1.000000000000
2 31 37
0.506727440000 0.841495850000 -0.187382050000 1.306086300000
-0.861817390000 0.488820550000 -0.135370790000 -0.332228360000
-0.022317760000 0.230085210000 0.972914550000 0.880030590000
0.000000000000 0.000000000000 0.000000000000 1.000000000000
2 32 37
0.047640980000 0.716285640000 0.696179020000 0.188242460000
-0.915824500000 -0.246904670000 0.316707400000 -0.917973020000
0.398742810000 -0.652666050000 0.644229150000 1.263674870000
0.000000000000 0.000000000000 0.000000000000 1.000000000000
2 33 37
0.492448480000 0.845449020000 0.206665080000 -0.788282530000
0.736388920000 -0.278168690000 -0.616728090000 1.174370440000
-0.463924400000 0.455892680000 -0.759563040000 2.899679730000
0.000000000000 0.000000000000 0.000000000000 1.000000000000
2 34 37
0.849274410000 -0.205663770000 -0.486246220000 1.506859800000
-0.478700530000 -0.688405180000 -0.544925790000 0.322733320000
-0.222662930000 0.695557850000 -0.683096260000 2.984352120000
0.000000000000 0.000000000000 0.000000000000 1.000000000000
2 35 37
-0.608664150000 0.538687340000 0.582532320000 -0.271531830000
0.171659940000 0.806214030000 -0.566172950000 0.797539710000
-0.774635930000 -0.244611720000 -0.583184610000 2.896875210000
0.000000000000 0.000000000000 0.000000000000 1.000000000000
2 36 37
0.660171470000 0.338933820000 -0.670296570000 1.975457850000
0.324579250000 0.676048430000 0.661518580000 -1.427001440000
0.677363970000 -0.654280050000 0.336297000000 1.694496270000
0.000000000000 0.000000000000 0.000000000000 1.000000000000
3 5 37
-0.413361220000 -0.462735950000 0.784224420000 -1.464553390000
0.518176220000 -0.827736140000 -0.215281890000 0.117338020000
0.748749560000 0.317377260000 0.581932790000 0.810644840000
0.000000000000 0.000000000000 0.000000000000 1.000000000000
3 6 37
-0.059279540000 -0.984054760000 -0.167696670000 -0.022799890000
-0.745705810000 -0.068027870000 0.662793380000 -1.677480820000
-0.663633020000 0.164342460000 -0.729782690000 3.548608060000
0.000000000000 0.000000000000 0.000000000000 1.000000000000
3 7 37
0.160361940000 0.919092780000 -0.359934030000 0.325358220000
0.973902440000 -0.206667520000 -0.093822050000 -0.381711550000
-0.160617840000 -0.335495140000 -0.928248310000 3.947763620000
0.000000000000 0.000000000000 0.000000000000 1.000000000000
3 8 37
0.917758200000 -0.388188620000 0.083841990000 -0.784008280000
0.396935280000 0.889839890000 -0.225005220000 0.086290270000
0.012738520000 0.239780230000 0.970743620000 -0.270355160000
0.000000000000 0.000000000000 0.000000000000 1.000000000000
3 9 37
-0.563672210000 -0.550000820000 0.616257050000 -0.707299010000
0.813271400000 -0.239079470000 0.530500360000 -1.843805060000
-0.144441230000 0.800212540000 0.582062390000 -0.106864030000
0.000000000000 0.000000000000 0.000000000000 1.000000000000
3 10 37
0.170532970000 -0.244136300000 0.954628710000 -1.912139150000
0.657243120000 -0.693632280000 -0.294797800000 0.143118980000
0.734132130000 0.677695890000 0.042169730000 1.937452950000
0.000000000000 0.000000000000 0.000000000000 1.000000000000
3 11 37
0.989269640000 0.134848350000 -0.056227140000 0.134385990000
-0.144770550000 0.956582130000 -0.252966630000 0.226593480000
0.019673740000 0.258392240000 0.965839730000 0.138722940000
0.000000000000 0.000000000000 0.000000000000 1.000000000000
3 12 37
-0.558015720000 0.605669040000 0.567259620000 -0.896842280000
-0.679328750000 -0.726005360000 0.106904920000 -1.316936200000
0.476582530000 -0.325701140000 0.816570790000 0.038793820000
0.000000000000 0.000000000000 0.000000000000 1.000000000000
3 13 37
0.970364590000 -0.151387970000 0.188346100000 0.209272910000
0.241047760000 0.661208320000 -0.710422080000 0.902531990000
-0.016986650000 0.734768840000 0.678104870000 0.101600970000
0.000000000000 0.000000000000 0.000000000000 1.000000000000
3 14 37
0.963186940000 0.254572760000 -0.086392260000 1.023484570000
-0.247834930000 0.716346560000 -0.652246460000 1.001727810000
-0.104157390000 0.649646300000 0.753067680000 0.190049770000
0.000000000000 0.000000000000 0.000000000000 1.000000000000
3 15 37
-0.468977330000 -0.843884580000 0.260612900000 -0.025245490000
0.883157660000 -0.451287790000 0.127952640000 -1.211236010000
0.009634160000 0.290169170000 0.956926870000 -0.026936460000
0.000000000000 0.000000000000 0.000000000000 1.000000000000
3 16 37
-0.714642540000 -0.122075170000 0.688755180000 -0.434128970000
0.517025660000 -0.755394000000 0.402572190000 -1.892096330000
0.471137460000 0.643799320000 0.602952680000 0.164080390000
0.000000000000 0.000000000000 0.000000000000 1.000000000000
3 17 37
-0.828958920000 0.367567080000 -0.421570330000 1.600687070000
-0.386413280000 -0.921301490000 -0.043455050000 -0.777261460000
-0.404366020000 0.126877920000 0.905753890000 -0.103887870000
0.000000000000 0.000000000000 0.000000000000 1.000000000000
3 18 37
-0.075666010000 -0.037134310000 0.996441520000 -1.493959100000
0.435500710000 0.897726820000 0.066525800000 -0.517231960000
-0.897002670000 0.438984730000 -0.051755390000 1.992057720000
0.000000000000 0.000000000000 0.000000000000 1.000000000000
3 19 37
0.765215760000 0.511185240000 0.391324030000 -0.596025760000
-0.507754340000 0.852922450000 -0.121279920000 -0.236731440000
-0.395765550000 -0.105891170000 0.912226230000 0.489457130000
0.000000000000 0.000000000000 0.000000000000 1.000000000000
3 20 37
-0.925833390000 -0.296306590000 0.234595270000 0.425734680000
0.034967150000 -0.685231100000 -0.727485840000 0.430439500000
0.376310820000 -0.665327550000 0.644770830000 0.959883150000
0.000000000000 0.000000000000 0.000000000000 1.000000000000
3 21 37
-0.397018760000 0.905638910000 -0.148977450000 1.107015430000
-0.912069720000 -0.371176920000 0.174231250000 -0.769663750000
0.102493610000 0.205050890000 0.973370020000 0.052176170000
0.000000000000 0.000000000000 0.000000000000 1.000000000000
3 22 37
-0.953864060000 0.018659570000 0.299658430000 -1.005492370000
-0.254995560000 -0.577224000000 -0.775751070000 0.744828180000
0.158494850000 -0.816372630000 0.555351340000 0.550088590000
0.000000000000 0.000000000000 0.000000000000 1.000000000000
3 23 37
-0.990188480000 -0.104530520000 0.092736930000 0.105454970000
0.139571000000 -0.772276000000 0.619765860000 -0.648053230000
0.006834060000 0.626628400000 0.779288230000 0.425420070000
0.000000000000 0.000000000000 0.000000000000 1.000000000000
3 24 37
-0.617186710000 -0.702652100000 0.354062980000 0.140345960000
-0.786646340000 0.541683360000 -0.296254400000 0.225765670000
0.016373750000 -0.461366630000 -0.887058470000 3.207731180000
0.000000000000 0.000000000000 0.000000000000 1.000000000000
3 25 37
-0.800871770000 -0.443213160000 0.402699020000 -1.335513040000
-0.448275840000 0.889594540000 0.087580400000 -0.220215830000
-0.397055640000 -0.110379570000 -0.911132910000 2.992799630000
0.000000000000 0.000000000000 0.000000000000 1.000000000000
3 26 37
0.431078340000 0.819587150000 0.377423330000 -0.084319740000
0.894338980000 -0.332603360000 -0.299220310000 0.528570540000
-0.119704860000 0.466531790000 -0.876366840000 3.014701920000
0.000000000000 0.000000000000 0.000000000000 1.000000000000
3 27 37
0.242977450000 0.275747370000 0.930013630000 -1.809440570000
0.712448560000 0.599926330000 -0.364012990000 0.358580610000
-0.658315290000 0.751033810000 -0.050687240000 1.102625450000
0.000000000000 0.000000000000 0.000000000000 1.000000000000
3 28 37
-0.206442470000 -0.977840100000 0.034788650000 -0.512628310000
-0.615977650000 0.157506130000 0.771857080000 -1.592920330000
-0.760232230000 0.137915050000 -0.634843600000 2.802008040000
0.000000000000 0.000000000000 0.000000000000 1.000000000000
3 29 37
-0.295686300000 -0.935810010000 -0.191909430000 0.081197550000
0.938196180000 -0.246648190000 -0.242801540000 0.303435990000
0.179882000000 -0.251841790000 0.950903880000 0.773218480000
0.000000000000 0.000000000000 0.000000000000 1.000000000000
3 30 37
-0.865246400000 0.150263460000 0.478298620000 -0.470619070000
-0.304167120000 -0.915722110000 -0.262555490000 -0.062051220000
0.398536120000 -0.372657910000 0.838030460000 0.889341050000
0.000000000000 0.000000000000 0.000000000000 1.000000000000
3 31 37
0.822137910000 0.508155920000 0.256645290000 0.575940850000
-0.568098740000 0.761449190000 0.312184160000 -0.569347990000
-0.036784120000 -0.402458300000 0.914698990000 0.835467960000
0.000000000000 0.000000000000 0.000000000000 1.000000000000
3 32 37
0.123163610000 -0.990011490000 -0.068614730000 -0.153771090000
0.991352430000 0.125896200000 -0.037020290000 0.160860340000
0.045288850000 -0.063461830000 0.996956130000 1.011578540000
0.000000000000 0.000000000000 0.000000000000 1.000000000000
3 33 37
0.904057650000 -0.414409620000 0.104615610000 0.387728050000
0.398943510000 0.730342860000 -0.554475770000 0.179409800000
0.153374830000 0.543013780000 0.825598080000 0.777646110000
0.000000000000 0.000000000000 0.000000000000 1.000000000000
3 34 37
0.952965580000 -0.279380740000 -0.117486210000 0.118165770000
0.294886820000 0.944226050000 0.146556940000 -0.213060620000
0.069988350000 -0.174308850000 0.982200620000 0.952673110000
0.000000000000 0.000000000000 0.000000000000 1.000000000000
3 35 37
-0.392514450000 -0.418726280000 0.818902140000 -1.347189200000
-0.455161890000 -0.685253500000 -0.568555450000 0.602519130000
0.799224660000 -0.595899270000 0.078383660000 2.214421780000
0.000000000000 0.000000000000 0.000000000000 1.000000000000
3 36 37
0.932177500000 0.060706600000 -0.356875080000 1.180409280000
-0.068350470000 0.997622260000 -0.008833670000 -0.866674620000
0.355490260000 0.032627130000 0.934110350000 0.106333060000
0.000000000000 0.000000000000 0.000000000000 1.000000000000
4 6 37
0.785012480000 -0.619475650000 0.002309470000 0.426321760000
0.619477190000 0.784992410000 -0.005909680000 0.062253540000
0.001847990000 0.006069830000 0.999979870000 0.118409480000
0.000000000000 0.000000000000 0.000000000000 1.000000000000
4 7 37
-0.435806900000 0.117544430000 -0.892331580000 1.827854970000
0.890828870000 -0.085146590000 -0.446289120000 0.879492210000
-0.128437790000 -0.989410620000 -0.067604500000 2.028105070000
0.000000000000 0.000000000000 0.000000000000 1.000000000000
4 8 37
-0.286265790000 -0.485938070000 0.825782110000 -1.705974340000
0.765604790000 -0.634214210000 -0.107803710000 -0.378655760000
0.576108680000 0.601362230000 0.553590340000 0.230925440000
0.000000000000 0.000000000000 0.000000000000 1.000000000000
4 9 37
-0.350927930000 -0.927815200000 0.126524850000 0.265721150000
0.371566210000 -0.013946450000 0.928301700000 -2.100104110000
-0.859527860000 0.372779350000 0.349638970000 0.967952670000
0.000000000000 0.000000000000 0.000000000000 1.000000000000
4 10 37
0.151887140000 0.788316480000 0.596227660000 -0.928734090000
-0.058608250000 0.609348150000 -0.790733780000 2.350150030000
-0.986658690000 0.085158430000 0.138754000000 1.080233270000
0.000000000000 0.000000000000 0.000000000000 1.000000000000
4 11 37
-0.873822160000 0.283089960000 -0.395341510000 0.836866630000
-0.461426740000 -0.739205830000 0.490571200000 -0.470468840000
-0.153362960000 0.611093130000 0.776559710000 1.190658270000
0.000000000000 0.000000000000 0.000000000000 1.000000000000
4 12 37
-0.466053200000 -0.639601120000 -0.611314020000 0.815487890000
-0.859978460000 0.489853870000 0.143109160000 0.133573260000
0.207921750000 0.592413370000 -0.778341150000 3.892660250000
0.000000000000 0.000000000000 0.000000000000 1.000000000000
4 13 37
0.668890190000 0.492752080000 -0.556580000000 1.293756920000
-0.702288040000 0.173452690000 -0.690438760000 1.222798280000
-0.243674840000 0.852707190000 0.462074700000 0.487590400000
0.000000000000 0.000000000000 0.000000000000 1.000000000000
4 15 37
-0.503532200000 0.645988220000 0.573719920000 -0.232512500000
-0.788471390000 -0.072098420000 -0.610831150000 1.373682850000
-0.353225420000 -0.759934890000 0.545647100000 0.589022460000
0.000000000000 0.000000000000 0.000000000000 1.000000000000
4 16 37
0.404544600000 0.365727620000 0.838204610000 -2.532311320000
-0.091648630000 0.928152110000 -0.360741160000 1.084175160000
-0.909914390000 0.069115590000 0.408997360000 2.099983660000
0.000000000000 0.000000000000 0.000000000000 1.000000000000
4 17 37
-0.886450380000 -0.186986390000 -0.423369590000 0.632344240000
0.289421930000 0.489873410000 -0.822349670000 2.111855860000
0.361165700000 -0.851504630000 -0.380130510000 2.482863460000
0.000000000000 0.000000000000 0.000000000000 1.000000000000
4 18 37
-0.946007060000 -0.024207050000 0.323240880000 -0.315587780000
-0.088878140000 -0.939618780000 -0.330480310000 1.181159520000
0.311723160000 -0.341365750000 0.886734510000 0.245721790000
0.000000000000 0.000000000000 0.000000000000 1.000000000000
4 19 37
0.702146070000 0.619092890000 -0.351731270000 0.283685100000
-0.482570680000 0.776982960000 0.404256130000 -0.800834680000
0.523561300000 -0.114111660000 0.844311610000 0.585665230000
0.000000000000 0.000000000000 0.000000000000 1.000000000000
4 20 37
-0.065558680000 -0.996118160000 0.058742420000 0.185339830000
0.833015490000 -0.087043760000 -0.546359390000 0.594218570000
0.549351670000 0.013114740000 0.835488330000 0.940338570000
0.000000000000 0.000000000000 0.000000000000 1.000000000000
4 21 37
0.529693390000 -0.786631790000 -0.317230730000 -0.144254960000
0.118239950000 0.438839220000 -0.890752190000 1.649950630000
0.839907270000 0.434316200000 0.325461530000 1.717161380000
0.000000000000 0.000000000000 0.000000000000 1.000000000000
4 22 37
-0.775253300000 -0.618411760000 0.128643770000 -0.524144260000
0.623396150000 -0.781903770000 -0.001932190000 0.397368180000
0.101781930000 0.078698090000 0.991688990000 0.068238720000
0.000000000000 0.000000000000 0.000000000000 1.000000000000
4 23 37
0.880647370000 -0.321568230000 0.347928270000 -0.594111920000
-0.392689330000 -0.906289240000 0.156316680000 0.516538160000
0.265057170000 -0.274287590000 -0.924397650000 4.350893310000
0.000000000000 0.000000000000 0.000000000000 1.000000000000
4 24 37
-0.995239640000 0.063007510000 -0.074351280000 0.275378960000
0.096736600000 0.546016490000 -0.832170670000 1.508114990000
-0.011835970000 -0.835401730000 -0.549512380000 3.030859710000
0.000000000000 0.000000000000 0.000000000000 1.000000000000
4 25 37
-0.771523550000 -0.189029700000 0.607469490000 -0.501166480000
0.215131340000 0.821075240000 0.528728620000 -0.091549220000
-0.598723570000 0.538612310000 -0.592812670000 3.176206390000
0.000000000000 0.000000000000 0.000000000000 1.000000000000
4 26 37
0.953966860000 -0.298242340000 0.031602740000 0.550565140000
0.284114490000 0.932434440000 0.223259880000 -0.307668850000
-0.096053030000 -0.204003730000 0.974246530000 1.418329750000
0.000000000000 0.000000000000 0.000000000000 1.000000000000
4 27 37
-0.654170380000 -0.755535380000 -0.035034260000 0.747179320000
-0.537725160000 0.432008890000 0.724030360000 -1.576452540000
-0.531895450000 0.492478020000 -0.688877810000 2.894213830000
0.000000000000 0.000000000000 0.000000000000 1.000000000000
4 28 37
-0.215707270000 0.717515370000 0.662300580000 -1.080509090000
-0.823379290000 -0.498260630000 0.271630080000 -0.238737320000
0.524897060000 -0.486732000000 0.698265730000 1.504401790000
0.000000000000 0.000000000000 0.000000000000 1.000000000000
4 29 37
0.990429990000 0.016574670000 0.137017200000 0.301244610000
-0.071935360000 0.909246250000 0.409995810000 -0.046738200000
-0.117786830000 -0.415928530000 0.901737060000 1.093775200000
0.000000000000 0.000000000000 0.000000000000 1.000000000000
4 30 37
-0.922788420000 -0.366662770000 0.118405890000 -0.727062070000
0.360357520000 -0.930058310000 -0.071651900000 0.695844360000
0.136396470000 -0.023451090000 0.990376720000 0.797322570000
0.000000000000 0.000000000000 0.000000000000 1.000000000000
4 31 37
-0.207094780000 -0.619379480000 0.757285160000 -0.803378380000
-0.418114060000 0.755846780000 0.503861380000 -0.129833860000
-0.884472940000 -0.212284510000 -0.415503180000 1.776606680000
0.000000000000 0.000000000000 0.000000000000 1.000000000000
4 32 37
0.897375250000 -0.437870390000 -0.054655160000 0.508462360000
0.439206730000 0.874346660000 0.206434900000 -0.145941490000
-0.042604180000 -0.209254480000 0.976932670000 0.883423020000
0.000000000000 0.000000000000 0.000000000000 1.000000000000
4 33 37
-0.893601860000 0.437505030000 0.100324780000 -0.477435720000
-0.442282510000 -0.896355490000 -0.030545240000 0.758756900000
0.076562970000 -0.071667180000 0.994485760000 0.891255710000
0.000000000000 0.000000000000 0.000000000000 1.000000000000
4 34 37
-0.211238450000 -0.973223980000 -0.090627780000 0.065028500000
0.976605720000 -0.206332540000 -0.060565300000 0.274150120000
0.040244140000 -0.101301330000 0.994041470000 0.810402780000
0.000000000000 0.000000000000 0.000000000000 1.000000000000
4 35 37
-0.198299730000 -0.922666710000 -0.330701330000 0.739147310000
0.886618780000 -0.025025990000 -0.461823390000 1.675151420000
0.417832940000 -0.384785460000 0.823016270000 1.008741460000
0.000000000000 0.000000000000 0.000000000000 1.000000000000
4 36 37
-0.142643120000 -0.681193290000 0.718072870000 -1.195063730000
0.797674040000 -0.508631370000 -0.324052860000 1.480896470000
0.585977020000 0.526564180000 0.615922970000 0.796072550000
0.000000000000 0.000000000000 0.000000000000 1.000000000000
5 7 37
0.451829420000 -0.022219720000 -0.891827600000 1.728587130000
0.098652400000 -0.992313980000 0.074703890000 -0.084085200000
-0.886632890000 -0.121734350000 -0.446164620000 3.114758440000
0.000000000000 0.000000000000 0.000000000000 1.000000000000
5 8 37
-0.524065830000 -0.825211190000 -0.210669180000 0.755002590000
-0.406044840000 0.459524600000 -0.789914380000 1.856773770000
0.748653850000 -0.328426010000 -0.575893880000 2.910986450000
0.000000000000 0.000000000000 0.000000000000 1.000000000000
5 9 37
-0.976295170000 -0.184519120000 -0.113139010000 0.660865290000
0.179012950000 -0.982187030000 0.057122680000 0.075923900000
-0.121663890000 0.035515250000 0.991935770000 -0.564152500000
0.000000000000 0.000000000000 0.000000000000 1.000000000000
5 10 37
-0.512481730000 0.225207420000 0.828639910000 -1.462033310000
0.837475310000 0.344301540000 0.424371950000 -0.883131650000
-0.189730280000 0.911448340000 -0.365053900000 3.002310100000
0.000000000000 0.000000000000 0.000000000000 1.000000000000
5 11 37
0.941137030000 -0.254531210000 -0.222429660000 -0.256921390000
0.219242450000 0.960487250000 -0.171455510000 0.777733950000
0.257281630000 0.112597110000 0.959754160000 0.224662790000
0.000000000000 0.000000000000 0.000000000000 1.000000000000
5 12 37
0.671313220000 -0.463434140000 -0.578417980000 1.274179720000
-0.740902780000 -0.398497340000 -0.540613490000 1.037454510000
0.020040720000 0.791472470000 -0.610876170000 3.731718090000
0.000000000000 0.000000000000 0.000000000000 1.000000000000
5 13 37
-0.044687350000 0.962643050000 -0.267060650000 0.551299030000
-0.998673150000 -0.049895340000 -0.012743750000 -0.248925420000
-0.025592760000 0.266136810000 0.963595460000 0.131395150000
0.000000000000 0.000000000000 0.000000000000 1.000000000000
5 14 37
0.552413490000 -0.819014720000 0.155094260000 0.195864020000
-0.707941540000 -0.362739470000 0.606002350000 -1.192511230000
-0.440066030000 -0.444561540000 -0.780196720000 3.526198520000
0.000000000000 0.000000000000 0.000000000000 1.000000000000
5 15 37
-0.752160890000 0.263381400000 -0.604056490000 2.162670230000
0.542835380000 -0.272058500000 -0.794552660000 1.353797950000
-0.373609100000 -0.925534660000 0.061659020000 1.838047310000
0.000000000000 0.000000000000 0.000000000000 1.000000000000
5 16 37
-0.352443373000 0.171139542000 -0.920051589000 2.728982920000
0.935832878000 0.065190453000 -0.346362569000 0.255632959000
0.000702248560 -0.983087718000 -0.183133953000 2.374867880000
0.000000000000 0.000000000000 0.000000000000 1.000000000000
5 17 37
0.978835430000 0.204077640000 -0.015281080000 -0.044177820000
-0.193600530000 0.947608420000 0.254080930000 -0.047277840000
0.066332710000 -0.245744990000 0.967062240000 -0.540463140000
0.000000000000 0.000000000000 0.000000000000 1.000000000000
5 18 37
-0.011368700000 -0.972862760000 0.231103450000 -0.151836790000
0.999476630000 -0.004055840000 0.032093730000 0.011061940000
-0.030285470000 0.231347370000 0.972399710000 -0.382550170000
0.000000000000 0.000000000000 0.000000000000 1.000000000000
5 19 37
0.903371150000 0.304525330000 0.301968360000 -0.869902300000
-0.394108970000 0.311834760000 0.864544510000 -1.658238890000
0.169111470000 -0.900013000000 0.401718690000 1.473763050000
0.000000000000 0.000000000000 0.000000000000 1.000000000000
5 20 37
-0.551681650000 -0.002998750000 0.834049380000 -0.667360780000
-0.444360290000 -0.845197150000 -0.296960780000 0.822424010000
0.705826670000 -0.534446230000 0.464947240000 0.962139470000
0.000000000000 0.000000000000 0.000000000000 1.000000000000
5 21 37
0.685545560000 -0.727962650000 0.009882620000 0.044656420000
0.684629780000 0.649235570000 0.331323460000 -0.290532790000
-0.247607250000 -0.220371390000 0.943465470000 -0.363175150000
0.000000000000 0.000000000000 0.000000000000 1.000000000000
5 22 37
-0.947659700000 -0.311290630000 0.070987530000 0.091284320000
0.315661570000 -0.946850800000 0.061897780000 -0.570938520000
0.047946400000 0.081066070000 0.995554840000 -0.224988480000
0.000000000000 0.000000000000 0.000000000000 1.000000000000
5 23 37
0.390994720000 -0.919689560000 0.035975470000 0.217203940000
0.857396420000 0.349742550000 -0.377559970000 0.343205820000
0.334655810000 0.178469200000 0.925286030000 0.616865470000
0.000000000000 0.000000000000 0.000000000000 1.000000000000
5 24 37
-0.871191150000 0.429432760000 -0.237935880000 1.053239960000
0.296112230000 0.846192910000 0.443029470000 -0.388098380000
0.391591030000 0.315507630000 -0.864356060000 2.965773360000
0.000000000000 0.000000000000 0.000000000000 1.000000000000
5 25 37
-0.895533900000 -0.444937820000 -0.007026690000 0.565566750000
-0.444869940000 0.895545800000 -0.009405030000 0.148421700000
0.010477370000 -0.005296560000 -0.999931080000 2.749468840000
0.000000000000 0.000000000000 0.000000000000 1.000000000000
5 26 37
-0.070914890000 -0.996371970000 0.047052900000 -0.926201290000
0.996172740000 -0.068326500000 0.054510220000 0.387148770000
-0.051097500000 0.050738400000 0.997403960000 1.759144740000
0.000000000000 0.000000000000 0.000000000000 1.000000000000
5 27 37
0.586696350000 -0.166059330000 -0.792598060000 1.989484040000
0.144142170000 0.984534270000 -0.099575590000 -0.121109800000
0.796875420000 -0.055826170000 0.601558820000 1.270940820000
0.000000000000 0.000000000000 0.000000000000 1.000000000000
5 28 37
-0.167051900000 0.985696820000 -0.022258400000 0.744133810000
0.983328510000 0.164921010000 -0.076590520000 1.000363490000
-0.071824150000 -0.034681910000 -0.996814150000 2.795413780000
0.000000000000 0.000000000000 0.000000000000 1.000000000000
5 29 37
0.546949590000 0.835837110000 -0.047143170000 0.607700740000
0.457152170000 -0.345375030000 -0.819590130000 0.988410240000
-0.701325920000 0.426722880000 -0.571007480000 2.737048200000
0.000000000000 0.000000000000 0.000000000000 1.000000000000
5 30 37
-0.645211960000 -0.728714280000 0.229514780000 0.513204660000
-0.759562000000 0.579485810000 -0.295401020000 0.273055670000
0.082262380000 -0.364926970000 -0.927394850000 3.087592020000
0.000000000000 0.000000000000 0.000000000000 1.000000000000
5 31 37
-0.605405030000 -0.403006640000 0.686345680000 -1.136315250000
0.211018190000 0.750200890000 0.626633820000 -0.462661350000
-0.767434740000 0.524198690000 -0.369133660000 2.287065270000
0.000000000000 0.000000000000 0.000000000000 1.000000000000
5 32 37
-0.262734190000 -0.607923150000 -0.749266430000 1.635196380000
-0.958040650000 0.256584010000 0.127760530000 -0.158988260000
0.114581200000 0.751394760000 -0.649828480000 2.538849740000
0.000000000000 0.000000000000 0.000000000000 1.000000000000
5 33 37
0.184073200000 0.792972040000 -0.580786020000 0.656840010000
0.353654060000 -0.604741970000 -0.713593690000 1.521553050000
-0.917085530000 -0.074043860000 -0.391754570000 2.554683430000
0.000000000000 0.000000000000 0.000000000000 1.000000000000
5 34 37
-0.232619810000 0.627417520000 0.743125340000 -0.975512290000
-0.755525930000 -0.597723930000 0.268154180000 -0.621479290000
0.612428430000 -0.499072490000 0.613072640000 1.331883830000
0.000000000000 0.000000000000 0.000000000000 1.000000000000
5 35 37
0.007075990000 0.037187530000 -0.999283250000 2.074580960000
-0.918270990000 -0.395383680000 -0.021216220000 0.391609370000
-0.395889270000 0.917762950000 0.031350500000 1.858628100000
0.000000000000 0.000000000000 0.000000000000 1.000000000000
5 36 37
0.712487000000 -0.321835150000 -0.623525780000 1.863779310000
0.701553590000 0.343944940000 0.624118930000 -0.578774940000
0.013595130000 -0.882113380000 0.470840910000 1.323677980000
0.000000000000 0.000000000000 0.000000000000 1.000000000000
6 8 37
-0.849312420000 0.389464970000 -0.356350170000 1.335555210000
-0.518176030000 -0.486163540000 0.703660870000 -1.554237300000
0.100806800000 0.782280030000 0.614716150000 0.078512850000
0.000000000000 0.000000000000 0.000000000000 1.000000000000
6 9 37
-0.282757510000 0.959175260000 -0.005568230000 -0.476506470000
-0.958845010000 -0.282806630000 -0.025232080000 0.132768100000
-0.025776710000 -0.001795490000 0.999666110000 -0.617310490000
0.000000000000 0.000000000000 0.000000000000 1.000000000000
6 10 37
-0.526304600000 -0.663427780000 0.531852470000 -1.677280970000
-0.571788460000 -0.186810070000 -0.798849140000 1.668990150000
0.629334110000 -0.724545090000 -0.281021350000 2.804477730000
0.000000000000 0.000000000000 0.000000000000 1.000000000000
6 11 37
-0.518195560000 -0.848051590000 0.110823520000 -0.020511640000
-0.850894250000 0.524281740000 0.033281190000 0.607602050000
-0.086326910000 -0.077052930000 -0.993282690000 3.858908770000
0.000000000000 0.000000000000 0.000000000000 1.000000000000
6 12 37
-0.829116360000 -0.360821360000 0.427052710000 -1.300444220000
-0.056403020000 -0.705972760000 -0.705989490000 1.108183890000
0.556223660000 -0.609434500000 0.564982150000 -0.136985910000
0.000000000000 0.000000000000 0.000000000000 1.000000000000
6 13 37
0.810458900000 0.338466950000 0.478117660000 -0.919175730000
-0.073704620000 0.868617410000 -0.489970850000 1.184606660000
-0.581140260000 0.361861750000 0.728925290000 -0.497019180000
0.000000000000 0.000000000000 0.000000000000 1.000000000000
6 14 37
-0.605538280000 0.700908630000 0.376895850000 -0.783501440000
-0.656555790000 -0.707634880000 0.261127130000 -0.559077680000
0.449730900000 -0.089330680000 0.888685630000 -0.075293550000
0.000000000000 0.000000000000 0.000000000000 1.000000000000
6 15 37
0.650754000000 0.755002570000 -0.080562660000 0.215482530000
0.696504370000 -0.551327690000 0.459259660000 -1.215067760000
0.302325800000 -0.354977310000 -0.884641300000 3.356986750000
0.000000000000 0.000000000000 0.000000000000 1.000000000000
6 16 37
0.153038680000 -0.801418650000 0.578193140000 -1.783332450000
-0.134717000000 0.562704210000 0.815607320000 -1.838999980000
-0.978994630000 -0.202711910000 -0.021849210000 2.177392410000
0.000000000000 0.000000000000 0.000000000000 1.000000000000
6 17 37
0.026941830000 -0.723834450000 0.689447480000 -1.867936440000
0.668672910000 0.525728330000 0.525819610000 -0.808479490000
-0.743068420000 0.446848310000 0.498172580000 0.888976410000
0.000000000000 0.000000000000 0.000000000000 1.000000000000
6 18 37
-0.812971110000 0.533614930000 -0.233094560000 0.601780810000
0.567180920000 0.816283340000 -0.109486580000 0.791255750000
0.131847530000 -0.221216220000 -0.966270980000 3.681490440000
0.000000000000 0.000000000000 0.000000000000 1.000000000000
6 19 37
-0.284871820000 -0.538414880000 0.793068380000 -0.738326720000
0.563648560000 -0.763290180000 -0.315734700000 0.994005200000
0.775337570000 0.357067940000 0.520916640000 0.109861110000
0.000000000000 0.000000000000 0.000000000000 1.000000000000
6 20 37
0.847193660000 -0.278649210000 0.452346670000 -1.239610730000
0.404720710000 0.890070130000 -0.209705270000 0.186462010000
-0.344186060000 0.360735050000 0.866836880000 0.712915560000
0.000000000000 0.000000000000 0.000000000000 1.000000000000
6 21 37
0.805399600000 0.588455530000 -0.071074430000 0.794495680000
-0.358117830000 0.387546770000 -0.849446360000 2.117194420000
-0.472316740000 0.709596780000 0.522866430000 0.782447050000
0.000000000000 0.000000000000 0.000000000000 1.000000000000
6 22 37
0.803303240000 0.595549130000 -0.005013830000 0.575479490000
0.525211360000 -0.712347710000 -0.465525270000 0.428795770000
-0.280814760000 0.371324640000 -0.885020390000 3.723651930000
0.000000000000 0.000000000000 0.000000000000 1.000000000000
6 23 37
-0.462716420000 0.584819910000 -0.666242590000 0.899380330000
0.847692820000 0.511827850000 -0.139460110000 -0.134530530000
0.259442460000 -0.629299550000 -0.732578790000 3.506681590000
0.000000000000 0.000000000000 0.000000000000 1.000000000000
6 24 37
0.418747090000 -0.719122620000 0.554539040000 -1.362054800000
0.817319170000 0.564595410000 0.114984340000 0.071106440000
-0.395778030000 0.405086030000 0.824175380000 0.441499820000
0.000000000000 0.000000000000 0.000000000000 1.000000000000
6 25 37
0.975701560000 0.036089370000 -0.216111120000 0.084701130000
-0.218037740000 0.062750870000 -0.973920870000 0.779449890000
-0.021587030000 0.997376500000 0.069094970000 1.841560660000
0.000000000000 0.000000000000 0.000000000000 1.000000000000
6 26 37
0.919956130000 0.201933570000 0.336011250000 0.570245680000
0.075839060000 0.749258210000 -0.657921400000 0.813006380000
-0.384615600000 0.630741600000 0.673970230000 1.199564540000
0.000000000000 0.000000000000 0.000000000000 1.000000000000
6 27 37
0.598657970000 0.164572270000 0.783916200000 -1.251518800000
-0.418459870000 -0.770241110000 0.481269130000 -0.600339730000
0.683008040000 -0.616153060000 -0.392244090000 3.059865710000
0.000000000000 0.000000000000 0.000000000000 1.000000000000
6 28 37
-0.300150260000 0.576430970000 -0.760024450000 0.592651550000
-0.516402940000 0.571715680000 0.637549360000 -1.379494830000
0.802021090000 0.583839460000 0.126070030000 2.239097740000
0.000000000000 0.000000000000 0.000000000000 1.000000000000
6 29 37
0.288162380000 -0.957110020000 -0.030047460000 -0.393425890000
0.570673500000 0.146449100000 0.808012630000 -0.494840090000
-0.768956570000 -0.249986130000 0.588398450000 1.055564910000
0.000000000000 0.000000000000 0.000000000000 1.000000000000
6 30 37
0.514513590000 0.857329910000 -0.016161450000 -0.207617580000
-0.116518280000 0.088574590000 0.989231030000 -1.216629680000
0.849528840000 -0.507089710000 0.145467440000 1.954017550000
0.000000000000 0.000000000000 0.000000000000 1.000000000000
6 31 37
0.813451230000 -0.003256880000 0.581624010000 -0.239650250000
-0.289162440000 0.865383000000 0.409264390000 -0.542660670000
-0.504660460000 -0.501100440000 0.703005100000 0.303605700000
0.000000000000 0.000000000000 0.000000000000 1.000000000000
6 32 37
-0.711374670000 -0.662368650000 0.234976290000 -0.970988110000
0.701820320000 -0.687254060000 0.187430220000 -0.244686000000
0.037340510000 0.298244250000 0.953758910000 1.060709370000
0.000000000000 0.000000000000 0.000000000000 1.000000000000
6 33 37
0.990280760000 0.131111880000 0.046407930000 -0.304946730000
0.125734940000 -0.701301680000 -0.701688450000 1.286661450000
-0.059453730000 0.700703670000 -0.710970900000 2.424558530000
0.000000000000 0.000000000000 0.000000000000 1.000000000000
6 34 37
-0.679862940000 0.393643720000 0.618733390000 -0.910896180000
0.165837900000 0.904391200000 -0.393159440000 0.759270050000
-0.714341780000 -0.164685090000 -0.680143110000 2.578696890000
0.000000000000 0.000000000000 0.000000000000 1.000000000000
6 35 37
0.235036010000 0.824164290000 0.515277890000 -0.542665920000
-0.905562480000 0.378282200000 -0.191987440000 0.425659630000
-0.353149650000 -0.421492360000 0.835242190000 0.641593020000
0.000000000000 0.000000000000 0.000000000000 1.000000000000
6 36 37
-0.877298170000 -0.476586810000 -0.056682660000 0.236790930000
-0.448852800000 0.856538430000 -0.254701950000 -0.090807440000
0.169938470000 -0.198007380000 -0.965356930000 3.451953720000
0.000000000000 0.000000000000 0.000000000000 1.000000000000
7 9 37
-0.492906100000 0.869402580000 -0.034390700000 0.130350620000
0.865394710000 0.485769890000 -0.122961810000 0.027125850000
-0.090197350000 -0.090370150000 -0.991815340000 4.252259050000
0.000000000000 0.000000000000 0.000000000000 1.000000000000
7 10 37
-0.671343520000 -0.404625590000 0.620947670000 -1.106299580000
-0.666779980000 0.695525330000 -0.267673240000 0.159110440000
-0.323577390000 -0.593736170000 -0.736732670000 3.124442810000
0.000000000000 0.000000000000 0.000000000000 1.000000000000
7 11 37
-0.970372950000 0.230352211000 -0.072898536800 0.369018256000
0.241602281000 0.927814314000 -0.284233947000 0.928037116000
0.002162387600 -0.293425387000 -0.955979532000 3.283677520000
0.000000000000 0.000000000000 0.000000000000 1.000000000000
7 12 37
0.227253050000 0.973698700000 -0.016336740000 0.765969830000
0.741315440000 -0.162089400000 0.651289840000 -1.378492610000
0.631512050000 -0.160118280000 -0.758653190000 3.933817780000
0.000000000000 0.000000000000 0.000000000000 1.000000000000
7 13 37
0.810392060000 -0.079599380000 -0.580455550000 2.049555900000
-0.007702330000 -0.992089710000 0.125294370000 -0.070359010000
-0.585837330000 -0.097066700000 -0.804594730000 3.565193290000
0.000000000000 0.000000000000 0.000000000000 1.000000000000
7 14 37
0.674392890000 -0.565198930000 0.475125680000 -0.045484590000
0.592530360000 0.798208500000 0.108494090000 0.121848770000
-0.440570100000 0.208358740000 0.873203660000 -0.061637580000
0.000000000000 0.000000000000 0.000000000000 1.000000000000
7 15 37
-0.467419750000 0.584039090000 -0.663639300000 1.531907780000
0.699699840000 0.703227450000 0.126060650000 -0.067857020000
0.540313720000 -0.405425070000 -0.737354460000 3.156618430000
0.000000000000 0.000000000000 0.000000000000 1.000000000000
7 16 37
0.543927120000 0.280379940000 0.790904780000 -2.046592960000
-0.240556330000 0.955068250000 -0.173139510000 0.322475720000
-0.803912890000 -0.096081870000 0.586934700000 0.645933840000
0.000000000000 0.000000000000 0.000000000000 1.000000000000
7 17 37
0.743324050000 0.470110560000 -0.475883830000 1.843115980000
0.446013250000 -0.878504200000 -0.171179860000 -0.443961940000
-0.498539410000 -0.085008380000 -0.862688840000 3.693547310000
0.000000000000 0.000000000000 0.000000000000 1.000000000000
7 18 37
-0.128056800000 -0.660367540000 -0.739943350000 1.581434080000
-0.935026580000 -0.168349880000 0.312063490000 -0.772204130000
-0.330645970000 0.731828550000 -0.595902860000 3.028651890000
0.000000000000 0.000000000000 0.000000000000 1.000000000000
7 19 37
0.889903000000 0.305246530000 -0.338964910000 0.211342460000
0.402291990000 -0.875477440000 0.267769320000 -0.336489840000
-0.215020480000 -0.374651590000 -0.901888230000 3.454217650000
0.000000000000 0.000000000000 0.000000000000 1.000000000000
7 20 37
-0.549534320000 -0.357042290000 0.755336240000 -0.063960330000
-0.754761280000 0.599836740000 -0.265577290000 0.887278130000
-0.358256100000 -0.716042380000 -0.599112570000 2.869343090000
0.000000000000 0.000000000000 0.000000000000 1.000000000000
7 21 37
0.873318530000 -0.483180110000 -0.062062360000 -0.223597020000
0.189564610000 0.454423190000 -0.870382000000 2.070996020000
0.448753840000 0.748355900000 0.488450040000 1.150527880000
0.000000000000 0.000000000000 0.000000000000 1.000000000000
7 22 37
-0.373185360000 -0.844087930000 -0.385030200000 0.915569490000
-0.866322010000 0.168537210000 0.470192920000 -1.026365420000
-0.331992260000 0.509029250000 -0.794147570000 3.504724670000
0.000000000000 0.000000000000 0.000000000000 1.000000000000
7 23 37
-0.860427234000 0.359193110000 -0.361448868000 0.793964817000
0.332329205000 0.933258995000 0.136326619000 -0.936640719000
0.386292990000 -0.002820879610 -0.922371817000 3.115128980000
0.000000000000 0.000000000000 0.000000000000 1.000000000000
7 24 37
0.211653810000 -0.525806170000 0.823851040000 -1.882876080000
-0.099844870000 0.826905280000 0.553406410000 -1.016540130000
-0.972231280000 -0.199387880000 0.122518600000 1.545071820000
0.000000000000 0.000000000000 0.000000000000 1.000000000000
7 25 37
0.545093170000 -0.005039760000 -0.838360330000 2.266653180000
0.578051430000 -0.722022930000 0.380183430000 -1.015419900000
-0.607231410000 -0.691850770000 -0.390656520000 1.836189020000
0.000000000000 0.000000000000 0.000000000000 1.000000000000
7 26 37
0.659743880000 0.444105410000 -0.606224720000 0.664562670000
0.619833090000 -0.777700280000 0.104829420000 0.024342380000
-0.424905820000 -0.444918710000 -0.788354230000 1.919019810000
0.000000000000 0.000000000000 0.000000000000 1.000000000000
7 27 37
-0.349622310000 -0.053116260000 -0.935383830000 1.667678360000
-0.188041160000 -0.974097160000 0.125599550000 0.332228870000
-0.917826110000 0.219803070000 0.330578060000 0.111368560000
0.000000000000 0.000000000000 0.000000000000 1.000000000000
7 28 37
-0.366726780000 0.892140280000 -0.263812790000 -0.027444740000
0.916984350000 0.394485570000 0.059336570000 0.052594670000
0.157006880000 -0.220151900000 -0.962747100000 3.104133170000
0.000000000000 0.000000000000 0.000000000000 1.000000000000
7 29 37
0.179495982000 -0.579516526000 -0.794947664000 0.849631748000
-0.954483401000 -0.298257915000 0.001911390470 -0.355217853000
-0.238207115000 0.758421263000 -0.606675002000 2.654355210000
0.000000000000 0.000000000000 0.000000000000 1.000000000000
7 30 37
-0.795020810000 -0.594992640000 -0.118007070000 0.043435170000
-0.531022160000 0.588659040000 0.609504710000 -1.329286510000
-0.293184890000 0.547233300000 -0.783950470000 2.366621970000
0.000000000000 0.000000000000 0.000000000000 1.000000000000
7 31 37
0.902076840000 -0.276274340000 0.331556720000 0.750030200000
-0.219232800000 -0.955086520000 -0.199365780000 -0.023786990000
0.371745000000 0.107155150000 -0.922129830000 2.966915600000
0.000000000000 0.000000000000 0.000000000000 1.000000000000
7 32 37
0.365494170000 -0.666916250000 -0.649335600000 0.433331680000
-0.924360330000 -0.178053930000 -0.337423740000 -0.109001590000
0.109416620000 0.723546480000 -0.681548600000 2.800375350000
0.000000000000 0.000000000000 0.000000000000 1.000000000000
7 33 37
0.664135970000 0.745437170000 -0.056980950000 -0.053496640000
0.742348370000 -0.648513850000 0.168370680000 0.336587380000
0.088556830000 -0.154120740000 -0.984075450000 3.046614690000
0.000000000000 0.000000000000 0.000000000000 1.000000000000
7 34 37
-0.129711000000 0.965352620000 0.226427400000 -0.165392310000
-0.026724330000 0.224870040000 -0.974022220000 1.361102300000
-0.991191640000 -0.132392510000 -0.003369720000 1.374534690000
0.000000000000 0.000000000000 0.000000000000 1.000000000000
7 35 37
-0.865244820000 0.360084110000 -0.348842130000 -0.055204060000
0.056447600000 -0.621412570000 -0.781447430000 0.765655360000
-0.498161680000 -0.695834640000 0.517348130000 0.979379910000
0.000000000000 0.000000000000 0.000000000000 1.000000000000
7 36 37
0.358675050000 -0.297000690000 -0.884953550000 2.405833900000
0.657313190000 -0.592777060000 0.465354410000 -0.183021440000
-0.662790750000 -0.748602660000 -0.017391870000 1.569664300000
0.000000000000 0.000000000000 0.000000000000 1.000000000000
8 10 37
0.402596450000 -0.854551970000 -0.328111300000 0.681235450000
-0.300757450000 0.215055990000 -0.929137170000 1.933362560000
0.864558300000 0.472749240000 -0.170432090000 2.576198300000
0.000000000000 0.000000000000 0.000000000000 1.000000000000
8 11 37
-0.997351940000 -0.048850490000 0.053876980000 0.937396450000
0.072340980000 -0.742524900000 0.665900560000 -1.806995210000
0.007475430000 0.668034730000 0.744092540000 1.300048670000
0.000000000000 0.000000000000 0.000000000000 1.000000000000
8 12 37
-0.861693050000 0.101672200000 -0.497139670000 1.485115900000
-0.383476510000 -0.772089900000 0.506777030000 -1.284364170000
-0.332311380000 0.627327630000 0.704293400000 0.768014130000
0.000000000000 0.000000000000 0.000000000000 1.000000000000
8 13 37
0.499003560000 0.359485160000 0.788521320000 -1.461020660000
-0.553526620000 -0.567887650000 0.609189540000 -1.122733010000
0.666786120000 -0.740455290000 -0.084393350000 3.271454210000
0.000000000000 0.000000000000 0.000000000000 1.000000000000
8 14 37
-0.917708160000 -0.396778850000 -0.019449260000 -0.071726620000
0.339980860000 -0.809780350000 0.478193270000 -1.012631660000
-0.205486600000 0.432229490000 0.878039250000 0.234817280000
0.000000000000 0.000000000000 0.000000000000 1.000000000000
8 15 37
-0.745805150000 -0.287067560000 -0.601138000000 1.567253200000
-0.303229230000 -0.657190710000 0.690037980000 -1.593860280000
-0.593149820000 0.696916490000 0.403088940000 1.721986790000
0.000000000000 0.000000000000 0.000000000000 1.000000000000
8 16 37
0.967303330000 -0.249250380000 -0.046888320000 0.198229100000
0.244578550000 0.867802230000 0.432551290000 -1.048986410000
-0.067123790000 -0.429876180000 0.900389290000 0.981162810000
0.000000000000 0.000000000000 0.000000000000 1.000000000000
8 17 37
-0.944573710000 0.298813100000 0.135982460000 0.136235760000
-0.218891870000 -0.881924220000 0.417487740000 -1.695648030000
0.244677040000 0.364582490000 0.898450200000 0.365714850000
0.000000000000 0.000000000000 0.000000000000 1.000000000000
8 18 37
-0.003614920000 0.359173530000 0.933263790000 -2.017379860000
0.877682270000 0.448392830000 -0.169167690000 0.052789640000
-0.479229350000 0.818497560000 -0.316861140000 3.168773730000
0.000000000000 0.000000000000 0.000000000000 1.000000000000
8 19 37
0.609289300000 0.569271090000 -0.551993640000 0.992894170000
-0.579575620000 0.794802830000 0.179946000000 -0.692448670000
0.541164160000 0.210282890000 0.814200500000 0.965072510000
0.000000000000 0.000000000000 0.000000000000 1.000000000000
8 20 37
0.921439910000 -0.281382970000 0.267903180000 -0.339803830000
0.282284090000 0.958655570000 0.035988850000 -0.102680080000
-0.266953520000 0.042463250000 0.962773440000 1.023241470000
0.000000000000 0.000000000000 0.000000000000 1.000000000000
8 21 37
-0.877240860000 0.326771680000 -0.351665670000 1.096574860000
-0.393123460000 -0.909431290000 0.135604860000 -1.014230130000
-0.275503940000 0.257206150000 0.926251900000 0.629050500000
0.000000000000 0.000000000000 0.000000000000 1.000000000000
8 22 37
0.554582790000 0.801944740000 -0.222086840000 1.451916620000
-0.813466900000 0.578685700000 0.058261970000 -0.826853960000
0.175241360000 0.148349210000 0.973284630000 0.603768920000
0.000000000000 0.000000000000 0.000000000000 1.000000000000
8 23 37
-0.596555850000 -0.434139360000 -0.675014180000 1.945553300000
0.474371800000 -0.869158120000 0.139769620000 -0.273784050000
-0.647373550000 -0.236827310000 0.724444830000 1.505545200000
0.000000000000 0.000000000000 0.000000000000 1.000000000000
8 24 37
-0.405264120000 -0.054090670000 -0.912598050000 2.500376630000
-0.385000870000 -0.895311170000 0.224036220000 -0.309414980000
-0.829177500000 0.442144890000 0.342012540000 2.078277410000
0.000000000000 0.000000000000 0.000000000000 1.000000000000
8 25 37
0.193681290000 -0.570401400000 -0.798204110000 1.316932750000
-0.319508990000 0.732579590000 -0.601033410000 0.512271650000
0.927578330000 0.371442310000 -0.040361420000 2.862265840000
0.000000000000 0.000000000000 0.000000000000 1.000000000000
8 26 37
0.954970610000 0.156183660000 -0.252265330000 1.228899060000
-0.174975900000 0.983106090000 -0.053720180000 -0.371590110000
0.239613370000 0.095441540000 0.966165800000 2.071567920000
0.000000000000 0.000000000000 0.000000000000 1.000000000000
8 27 37
0.183138830000 0.776330150000 0.603134870000 -1.371464080000
-0.160548200000 0.628892900000 -0.760735170000 0.967570520000
-0.969888880000 0.042487940000 0.239813120000 1.194509760000
0.000000000000 0.000000000000 0.000000000000 1.000000000000
8 28 37
-0.027425040000 -0.903768430000 -0.427142240000 1.103606000000
0.774054870000 -0.289581270000 0.563011320000 -0.245716970000
-0.632524250000 -0.315190920000 0.707508130000 1.189392220000
0.000000000000 0.000000000000 0.000000000000 1.000000000000
8 29 37
-0.180351770000 0.163558530000 0.969908160000 -0.889500360000
0.852524470000 0.517814660000 0.071203950000 0.008861450000
-0.490586650000 0.839712200000 -0.232826440000 2.928056640000
0.000000000000 0.000000000000 0.000000000000 1.000000000000
8 30 37
-0.734893660000 0.646353470000 -0.205325350000 0.276333180000
-0.674499100000 -0.728110300000 0.122091610000 -0.745985510000
-0.070585170000 0.228216120000 0.971048470000 0.910017310000
0.000000000000 0.000000000000 0.000000000000 1.000000000000
8 31 37
-0.528635810000 -0.787626020000 0.316527130000 0.026982440000
0.846986010000 -0.464742100000 0.258126880000 -0.063100720000
-0.056203970000 0.404549170000 0.912787540000 1.377315510000
0.000000000000 0.000000000000 0.000000000000 1.000000000000
8 32 37
0.941708141000 -0.293552828000 -0.164354841000 0.933535814000
0.336428856000 0.819963412000 0.463115134000 -0.720449326000
-0.001183801490 -0.491413003000 0.870925863000 1.338727240000
0.000000000000 0.000000000000 0.000000000000 1.000000000000
8 33 37
0.052964450000 0.753986170000 0.654751570000 -0.932611860000
0.708749350000 0.433510240000 -0.556545810000 0.739035100000
-0.703469350000 0.493531890000 -0.511426580000 2.817794380000
0.000000000000 0.000000000000 0.000000000000 1.000000000000
8 34 37
0.232729220000 0.389517280000 -0.891130400000 1.800917870000
-0.103149610000 0.921008170000 0.375638260000 -0.568798650000
0.967055980000 0.004497750000 0.254524070000 2.545029560000
0.000000000000 0.000000000000 0.000000000000 1.000000000000
8 35 37
0.871229790000 0.323410490000 -0.369275390000 1.377096450000
0.340849000000 0.142782480000 0.929212100000 -1.055264990000
0.353243000000 -0.935424400000 0.014162210000 2.485030770000
0.000000000000 0.000000000000 0.000000000000 1.000000000000
8 36 37
-0.807881060000 0.580068390000 -0.104157840000 0.160219880000
-0.488938260000 -0.561017440000 0.667981140000 -1.844740860000
0.329040380000 0.590576070000 0.736853000000 0.646980090000
0.000000000000 0.000000000000 0.000000000000 1.000000000000
9 11 37
0.875188020000 0.197826750000 -0.441486700000 0.751674230000
-0.434359450000 0.723143830000 -0.537024090000 1.554893560000
0.213020650000 0.661760970000 0.718814730000 1.508688010000
0.000000000000 0.000000000000 0.000000000000 1.000000000000
9 12 37
-0.958864140000 0.258386910000 -0.117540530000 0.608592960000
-0.271568680000 -0.955543810000 0.114832380000 -0.048205530000
-0.082643940000 0.142028970000 0.986406480000 0.341731340000
0.000000000000 0.000000000000 0.000000000000 1.000000000000
9 13 37
-0.989866180000 0.012636260000 -0.141440000000 0.334122580000
-0.042025910000 -0.977482450000 0.206789440000 -0.162572660000
-0.135642070000 0.210638020000 0.968107870000 0.375476360000
0.000000000000 0.000000000000 0.000000000000 1.000000000000
9 14 37
-0.778971810000 0.359688780000 0.513640830000 -0.849718420000
-0.029987340000 0.796821380000 -0.603470330000 1.453163280000
-0.626341510000 -0.485489100000 -0.609915280000 4.092504050000
0.000000000000 0.000000000000 0.000000000000 1.000000000000
9 15 37
-0.425080010000 0.820762350000 0.381649250000 -0.072644580000
0.562584060000 -0.090739170000 0.821745450000 -1.732934670000
0.709088260000 0.564017350000 -0.423176400000 3.532221500000
0.000000000000 0.000000000000 0.000000000000 1.000000000000
9 16 37
-0.202792780000 0.447525560000 -0.870974150000 2.407012640000
-0.471508700000 -0.824180150000 -0.313698310000 1.063630610000
-0.858227610000 0.347056130000 0.378149970000 2.095593670000
0.000000000000 0.000000000000 0.000000000000 1.000000000000
9 17 37
-0.673456250000 -0.726853340000 -0.134688150000 -0.100761400000
0.494857370000 -0.578635990000 0.648302850000 -1.429993160000
-0.549156500000 0.369952180000 0.749374750000 0.996888790000
0.000000000000 0.000000000000 0.000000000000 1.000000000000
9 18 37
-0.147573320000 -0.254974790000 -0.955620200000 2.145123320000
0.925402420000 -0.376604130000 -0.042422870000 0.856278660000
-0.349073750000 -0.890593730000 0.291531010000 2.195728540000
0.000000000000 0.000000000000 0.000000000000 1.000000000000
9 19 37
-0.854024320000 0.110629660000 -0.508334080000 0.802700820000
0.093097050000 -0.928854590000 -0.358555560000 1.492946700000
-0.511835320000 -0.353539570000 0.782965120000 1.405111120000
0.000000000000 0.000000000000 0.000000000000 1.000000000000
9 20 37
0.758712680000 -0.645477420000 -0.087829230000 -0.101767100000
0.499851940000 0.663319150000 -0.556916270000 1.072897060000
0.417735690000 0.378637820000 0.825911790000 0.985673920000
0.000000000000 0.000000000000 0.000000000000 1.000000000000
9 21 37
0.402682110000 0.369220250000 -0.837570010000 1.738621580000
-0.702579620000 0.711191050000 -0.024272720000 0.588625790000
0.586710320000 0.598233810000 0.545790530000 1.661314250000
0.000000000000 0.000000000000 0.000000000000 1.000000000000
9 22 37
0.222096890000 0.837973340000 0.498471320000 -0.373964350000
-0.964388850000 0.113490630000 0.238901690000 -0.428982770000
0.143621420000 -0.533779510000 0.833338060000 0.524148770000
0.000000000000 0.000000000000 0.000000000000 1.000000000000
9 23 37
-0.706377470000 0.667134780000 0.236563010000 -0.650909380000
0.694472680000 0.588559950000 0.413889930000 -0.905821240000
0.136888850000 0.456649070000 -0.879052370000 3.962870430000
0.000000000000 0.000000000000 0.000000000000 1.000000000000
9 24 37
0.008155740000 0.998303370000 0.057653050000 -0.232330160000
0.773084240000 -0.042863730000 0.632853420000 -1.222299400000
0.634250930000 0.039409280000 -0.772122190000 3.593820440000
0.000000000000 0.000000000000 0.000000000000 1.000000000000
9 25 37
0.198605110000 -0.974054190000 0.108510150000 0.360566970000
0.493136400000 0.194995450000 0.847816760000 -1.107724630000
-0.846978450000 -0.114870430000 0.519068670000 1.958599100000
0.000000000000 0.000000000000 0.000000000000 1.000000000000
9 26 37
-0.371178560000 -0.902401240000 0.218857210000 0.052753250000
0.662763780000 -0.422546120000 -0.618222420000 0.627383340000
0.650361940000 -0.084420280000 0.754918910000 2.470416510000
0.000000000000 0.000000000000 0.000000000000 1.000000000000
9 27 37
0.705579880000 -0.667909910000 0.236755960000 0.032431860000
-0.143731550000 0.192269870000 0.970759260000 -1.767483110000
-0.693900760000 -0.718977510000 0.039662030000 2.408088100000
0.000000000000 0.000000000000 0.000000000000 1.000000000000
9 28 37
-0.693578570000 0.569019550000 -0.441775410000 -0.052134340000
-0.361821620000 -0.805452910000 -0.469394010000 0.929956220000
-0.622923650000 -0.165717730000 0.764528450000 1.232043780000
0.000000000000 0.000000000000 0.000000000000 1.000000000000
9 29 37
-0.830835180000 0.201066000000 0.518927130000 -0.010774470000
-0.506138070000 0.114680860000 -0.854793870000 0.688470520000
-0.231381000000 -0.972841590000 0.006486260000 1.980597480000
0.000000000000 0.000000000000 0.000000000000 1.000000000000
9 30 37
-0.881770840000 0.166934600000 0.441149670000 -0.978023740000
0.152086630000 0.985948710000 -0.069099900000 -0.188793570000
-0.446486110000 0.006162690000 -0.894769340000 3.823587680000
0.000000000000 0.000000000000 0.000000000000 1.000000000000
9 31 37
0.766300780000 0.449610520000 -0.458948250000 1.182752240000
-0.609277330000 0.735218390000 -0.297043870000 0.214686020000
0.203873140000 0.507251710000 0.837335920000 1.720250780000
0.000000000000 0.000000000000 0.000000000000 1.000000000000
9 32 37
0.254639900000 0.874901210000 0.411954350000 -0.026615760000
-0.628573730000 0.473475940000 -0.617021560000 0.502452690000
-0.734883390000 -0.101825370000 0.670505780000 1.415113800000
0.000000000000 0.000000000000 0.000000000000 1.000000000000
9 33 37
0.561122430000 0.083617860000 -0.823498430000 0.899112810000
-0.346567650000 0.927214870000 -0.141998030000 -0.028461310000
0.751686420000 0.365076200000 0.549260310000 1.597190450000
0.000000000000 0.000000000000 0.000000000000 1.000000000000
9 34 37
0.966983080000 0.072690840000 -0.244253490000 0.662809450000
-0.118933540000 0.976400460000 -0.180269100000 0.536230700000
0.225385310000 0.203367100000 0.952808100000 1.473930300000
0.000000000000 0.000000000000 0.000000000000 1.000000000000
9 35 37
0.197299138000 0.975823600000 -0.094028461500 0.001927509040
-0.356385440000 0.160745305000 0.920407717000 -1.411143160000
0.913270205000 -0.148085275000 0.379484234000 2.080578650000
0.000000000000 0.000000000000 0.000000000000 1.000000000000
9 36 37
0.792543510000 -0.603960040000 0.084303320000 0.390892800000
-0.110766360000 -0.278519050000 -0.954021990000 2.237304300000
0.599671240000 0.746765960000 -0.287636920000 3.120207990000
0.000000000000 0.000000000000 0.000000000000 1.000000000000
10 12 37
0.937639810000 0.246558910000 0.245031200000 -0.609953910000
-0.327094720000 0.864392180000 0.381883750000 -0.743089320000
-0.117646210000 -0.438217820000 0.891136640000 -0.021075760000
0.000000000000 0.000000000000 0.000000000000 1.000000000000
10 13 37
0.895621540000 0.444796620000 0.004245260000 0.592107380000
-0.416299480000 0.841526930000 -0.344277740000 0.204628390000
-0.156706080000 0.306575260000 0.938858250000 -0.292939330000
0.000000000000 0.000000000000 0.000000000000 1.000000000000
10 14 37
0.911392190000 0.278484450000 -0.303002800000 1.018438240000
-0.304768670000 0.951490800000 -0.042205520000 -0.356027550000
0.276550790000 0.130811540000 0.952054620000 0.484864390000
0.000000000000 0.000000000000 0.000000000000 1.000000000000
10 15 37
0.924417210000 -0.238854780000 0.297323420000 -0.795060190000
0.214523370000 0.970224220000 0.112448570000 -0.317565960000
-0.315329260000 -0.040166570000 0.948131900000 0.927633360000
0.000000000000 0.000000000000 0.000000000000 1.000000000000
10 16 37
-0.850671770000 0.309895730000 -0.424643590000 0.828049790000
-0.249673290000 0.472690090000 0.845119710000 -1.749236060000
0.462623800000 0.824941640000 -0.324731430000 2.676446730000
0.000000000000 0.000000000000 0.000000000000 1.000000000000
10 17 37
0.185518220000 0.980266670000 -0.068265950000 0.761209710000
-0.901858580000 0.197440360000 0.384276460000 -1.084550040000
0.390171860000 -0.009724060000 0.920690700000 0.473791260000
0.000000000000 0.000000000000 0.000000000000 1.000000000000
10 18 37
-0.870609150000 -0.491895770000 -0.008846370000 -0.089553150000
0.428335810000 -0.766714120000 0.478202780000 -1.168525740000
-0.242008560000 0.412538500000 0.878204900000 0.734294640000
0.000000000000 0.000000000000 0.000000000000 1.000000000000
10 19 37
0.650125990000 -0.645886100000 -0.400209120000 0.455825620000
0.565103180000 0.058912090000 0.822914190000 -1.513240660000
-0.507931680000 -0.761157350000 0.403292570000 2.152063550000
0.000000000000 0.000000000000 0.000000000000 1.000000000000
10 20 37
0.330490000000 0.309225180000 0.891715280000 -1.976917180000
0.855515940000 -0.497154180000 -0.144672710000 -0.762947930000
0.398583530000 0.810689530000 -0.428851560000 3.357145040000
0.000000000000 0.000000000000 0.000000000000 1.000000000000
10 21 37
0.742325860000 -0.650985320000 0.158651940000 -0.444386800000
0.628965530000 0.758632380000 0.169939030000 -0.548459590000
-0.230986320000 -0.026363530000 0.972599760000 0.803032010000
0.000000000000 0.000000000000 0.000000000000 1.000000000000
10 22 37
-0.907216610000 -0.370733020000 -0.198783910000 -0.442797690000
0.237588790000 -0.841534540000 0.485150680000 -1.448027250000
-0.347144910000 0.392907930000 0.851536120000 1.119543930000
0.000000000000 0.000000000000 0.000000000000 1.000000000000
10 23 37
-0.157238960000 0.847245220000 -0.507396730000 0.121389790000
-0.982304760000 -0.081243150000 0.168751010000 -0.882806430000
0.101750980000 0.524952460000 0.845027610000 1.051550710000
0.000000000000 0.000000000000 0.000000000000 1.000000000000
10 24 37
-0.768483370000 0.186665260000 0.612037090000 -1.521987830000
-0.283703890000 0.757948140000 -0.587389750000 0.828112110000
-0.573537630000 -0.625036560000 -0.529512880000 3.541561030000
0.000000000000 0.000000000000 0.000000000000 1.000000000000
10 25 37
0.759615780000 0.526305110000 -0.382082190000 1.681294230000
-0.482789190000 0.849950590000 0.210946900000 -0.520574780000
0.435773410000 0.024226560000 0.899730300000 0.852436060000
0.000000000000 0.000000000000 0.000000000000 1.000000000000
10 26 37
0.896965680000 0.360364520000 -0.256105420000 0.180634940000
-0.350412620000 0.932715910000 0.085158820000 -0.684225950000
0.269561820000 0.013358030000 0.962890440000 2.302921600000
0.000000000000 0.000000000000 0.000000000000 1.000000000000
10 27 37
-0.486338310000 -0.131804600000 -0.863772310000 1.869794050000
0.334333720000 -0.941399170000 -0.044593410000 0.857165220000
-0.807276910000 -0.310475690000 0.501905200000 1.078749970000
0.000000000000 0.000000000000 0.000000000000 1.000000000000
10 28 37
0.113624660000 0.544596200000 0.830965950000 -1.407056890000
-0.990064050000 -0.007672280000 0.140407660000 -1.208867340000
0.082840880000 -0.838663290000 0.538313360000 2.094189420000
0.000000000000 0.000000000000 0.000000000000 1.000000000000
10 29 37
-0.743580120000 -0.668407320000 -0.017895780000 -0.594310020000
0.556378270000 -0.633352560000 0.537873360000 -0.508492520000
-0.370852830000 0.389995120000 0.842835680000 1.388486500000
0.000000000000 0.000000000000 0.000000000000 1.000000000000
10 30 37
-0.944562380000 -0.174445430000 0.278155890000 -1.055740040000
0.323647460000 -0.637291060000 0.699365730000 -0.604472520000
0.055265110000 0.750619000000 0.658419990000 1.625262150000
0.000000000000 0.000000000000 0.000000000000 1.000000000000
10 31 37
0.998924250000 0.030779520000 0.034683730000 0.262522490000
-0.045935390000 0.759170950000 0.649268360000 -0.899470390000
-0.006346710000 -0.650163120000 0.759768150000 1.491490790000
0.000000000000 0.000000000000 0.000000000000 1.000000000000
10 32 37
-0.876307870000 0.477790810000 -0.061647940000 -0.740959720000
-0.449638270000 -0.765230580000 0.460703360000 -0.724035620000
0.172944940000 0.431437250000 0.885410610000 1.641203530000
0.000000000000 0.000000000000 0.000000000000 1.000000000000
10 33 37
0.782156710000 -0.465831850000 -0.413801360000 0.563760810000
-0.502633820000 -0.079241830000 -0.860860020000 1.543998610000
0.368225640000 0.881318000000 -0.296122370000 2.774214070000
0.000000000000 0.000000000000 0.000000000000 1.000000000000
10 34 37
0.293340200000 -0.530953790000 0.795009180000 -1.757403140000
-0.255805660000 0.757676890000 0.600407530000 -0.669299580000
-0.921148730000 -0.379491510000 0.086436100000 2.243437400000
0.000000000000 0.000000000000 0.000000000000 1.000000000000
10 35 37
-0.515675970000 0.195200270000 0.834251250000 -1.463845130000
0.575458010000 -0.642476010000 0.506036220000 -0.561419310000
0.634764820000 0.741027280000 0.218979880000 1.919830220000
0.000000000000 0.000000000000 0.000000000000 1.000000000000
10 36 37
0.572229110000 0.380508530000 -0.726475820000 1.712607940000
-0.693115620000 -0.249092230000 -0.676419840000 1.332187030000
-0.438343000000 0.890598860000 0.121198580000 1.366638400000
0.000000000000 0.000000000000 0.000000000000 1.000000000000
11 13 37
0.685564190000 -0.031787410000 0.727317890000 -0.817993430000
0.337755740000 0.898908150000 -0.279079180000 0.077966770000
-0.644920770000 0.436982480000 0.626995620000 -0.008238870000
0.000000000000 0.000000000000 0.000000000000 1.000000000000
11 14 37
0.499611690000 -0.763011470000 0.410123960000 0.054550520000
0.861141290000 0.386133610000 -0.330660720000 0.548187640000
0.093935270000 0.518376640000 0.849977550000 -0.051577640000
0.000000000000 0.000000000000 0.000000000000 1.000000000000
11 15 37
-0.823888490000 -0.361084760000 -0.436835840000 1.359427460000
-0.108860670000 -0.655595070000 0.747224500000 -2.336246340000
-0.556198810000 0.663183910000 0.500829300000 1.383535210000
0.000000000000 0.000000000000 0.000000000000 1.000000000000
11 16 37
0.079575870000 -0.671152440000 0.737036010000 -1.403675500000
0.371505250000 0.706081190000 0.602854210000 -1.620744820000
-0.925014340000 0.225840100000 0.305523680000 1.805822110000
0.000000000000 0.000000000000 0.000000000000 1.000000000000
11 17 37
0.186023800000 -0.890309310000 0.415625410000 -1.054358200000
0.901155620000 -0.013974700000 -0.433270420000 0.218181220000
0.391552930000 0.455141780000 0.799707610000 0.248340130000
0.000000000000 0.000000000000 0.000000000000 1.000000000000
11 18 37
-0.266228540000 0.953604910000 0.140570390000 0.221352770000
0.413215860000 0.244662380000 -0.877150490000 2.192696070000
-0.870847300000 -0.175436580000 -0.459180780000 2.635624040000
0.000000000000 0.000000000000 0.000000000000 1.000000000000
11 19 37
-0.722462110000 -0.654235380000 0.223661700000 0.258373460000
0.665548210000 -0.570399730000 0.481341590000 -1.142711570000
-0.187334130000 0.496608710000 0.847517380000 0.195369210000
0.000000000000 0.000000000000 0.000000000000 1.000000000000
11 20 37
-0.920782510000 -0.160903080000 -0.355344580000 1.165487610000
0.024163180000 0.885684620000 -0.463658160000 0.534084960000
0.389327260000 -0.435514580000 -0.811634980000 3.041472780000
0.000000000000 0.000000000000 0.000000000000 1.000000000000
11 21 37
0.961565380000 -0.048803930000 -0.270204010000 0.723353140000
0.019276860000 0.993647770000 -0.110871600000 0.240837200000
0.273898580000 0.101401600000 0.956398080000 -0.343844410000
0.000000000000 0.000000000000 0.000000000000 1.000000000000
11 22 37
0.599212020000 0.631758060000 0.491758790000 0.071149180000
-0.612372430000 -0.033983260000 0.789838680000 -2.106286870000
0.515698520000 -0.774420360000 0.366508040000 0.885354250000
0.000000000000 0.000000000000 0.000000000000 1.000000000000
11 23 37
0.583257020000 0.801698270000 -0.130733080000 0.510163350000
-0.617919820000 0.542375060000 0.569213830000 -1.947445130000
0.527244110000 -0.251215400000 0.811729310000 0.767943000000
0.000000000000 0.000000000000 0.000000000000 1.000000000000
11 24 37
0.232455810000 -0.943529160000 -0.236044510000 0.933444170000
-0.841964350000 -0.073723420000 -0.534472540000 0.617829070000
0.486888420000 0.322982310000 -0.811555360000 2.872679470000
0.000000000000 0.000000000000 0.000000000000 1.000000000000
11 25 37
-0.744135750000 0.441476190000 0.501358920000 0.207929560000
0.302631730000 0.891858950000 -0.336157180000 0.878356340000
-0.595546830000 -0.098419460000 -0.797268830000 1.943949230000
0.000000000000 0.000000000000 0.000000000000 1.000000000000
11 26 37
0.739892370000 0.629885150000 0.236228660000 0.638193990000
-0.632715070000 0.770866960000 -0.073727720000 -0.978811340000
-0.228540860000 -0.094914850000 0.968896410000 1.203183070000
0.000000000000 0.000000000000 0.000000000000 1.000000000000
11 27 37
-0.256418920000 -0.402840730000 0.878617480000 -1.223490420000
-0.455286680000 0.852189440000 0.257851110000 -1.782265200000
-0.852621470000 -0.333904930000 -0.401925520000 2.476027740000
0.000000000000 0.000000000000 0.000000000000 1.000000000000
11 28 37
-0.310891330000 -0.202725860000 -0.928573530000 1.681489330000
-0.443008140000 0.895277640000 -0.047135240000 -0.648410630000
0.840886650000 0.396711700000 -0.368143260000 3.218046840000
0.000000000000 0.000000000000 0.000000000000 1.000000000000
11 29 37
-0.386495140000 -0.627102930000 -0.676286500000 0.607630220000
-0.374658090000 0.776793550000 -0.506184850000 0.591993220000
0.842764990000 0.057738220000 -0.535176120000 3.192026930000
0.000000000000 0.000000000000 0.000000000000 1.000000000000
11 30 37
0.632315820000 -0.283045400000 -0.721153240000 2.625106490000
-0.657137690000 -0.688964400000 -0.305774610000 0.129875830000
-0.410300820000 0.667243100000 -0.621642890000 2.224223750000
0.000000000000 0.000000000000 0.000000000000 1.000000000000
11 31 37
-0.327450510000 0.865512900000 0.379029780000 0.239088980000
-0.629130360000 -0.499010880000 0.595972430000 -1.499546110000
0.704961810000 -0.043307670000 0.707921810000 0.930446800000
0.000000000000 0.000000000000 0.000000000000 1.000000000000
11 32 37
0.887921950000 0.122392400000 0.443412570000 0.183132180000
-0.456341510000 0.355613330000 0.815654080000 -1.702042480000
-0.057853560000 -0.926584730000 0.371609620000 1.519537300000
0.000000000000 0.000000000000 0.000000000000 1.000000000000
11 33 37
-0.954396350000 0.250123210000 -0.162990760000 0.312593740000
0.296317870000 0.727123870000 -0.619262950000 0.560901080000
-0.036377560000 -0.639319370000 -0.768080340000 3.275679470000
0.000000000000 0.000000000000 0.000000000000 1.000000000000
11 34 37
0.559933900000 0.729096370000 0.393563860000 -0.035826370000
0.743784190000 -0.233042400000 -0.626479300000 0.225551910000
-0.365046710000 0.643513570000 -0.672778700000 2.966646470000
0.000000000000 0.000000000000 0.000000000000 1.000000000000
11 35 37
0.374973200000 0.475222940000 0.795963730000 -0.468460400000
-0.923339230000 0.268053370000 0.274940110000 -1.019824340000
-0.082702920000 -0.838039710000 0.539304810000 1.341129930000
0.000000000000 0.000000000000 0.000000000000 1.000000000000
11 36 37
-0.127271710000 -0.481337810000 0.867246120000 -1.637676120000
0.988920300000 -0.128937060000 0.073565390000 0.119918340000
0.076410360000 0.867000090000 0.492414770000 0.638073730000
0.000000000000 0.000000000000 0.000000000000 1.000000000000
12 14 37
0.817215160000 0.224631520000 -0.530754230000 1.684278260000
-0.575951020000 0.284797120000 -0.766270860000 0.615210740000
-0.020971310000 0.931896610000 0.362117270000 1.197985380000
0.000000000000 0.000000000000 0.000000000000 1.000000000000
12 15 37
0.694295630000 0.042074420000 0.718458990000 -2.149605040000
0.713168620000 0.093862810000 -0.694679990000 0.114673130000
-0.096664840000 0.994695690000 0.035162380000 2.607587500000
0.000000000000 0.000000000000 0.000000000000 1.000000000000
12 16 37
-0.577536680000 -0.816234570000 -0.014577870000 -0.018416630000
0.792181660000 -0.564653190000 0.231549120000 -0.979834990000
-0.197229830000 0.122179790000 0.972713980000 0.679583190000
0.000000000000 0.000000000000 0.000000000000 1.000000000000
12 17 37
0.990670190000 -0.031457500000 -0.132600880000 -0.172735970000
-0.069201770000 0.722100460000 -0.688318270000 1.221695390000
0.117403930000 0.691072610000 0.713186480000 1.046586600000
0.000000000000 0.000000000000 0.000000000000 1.000000000000
12 18 37
0.748675860000 -0.661003790000 0.050581140000 -0.992067190000
-0.121135500000 -0.061389480000 0.990735850000 -1.861696640000
-0.651775000000 -0.747867180000 -0.126031850000 2.265690540000
0.000000000000 0.000000000000 0.000000000000 1.000000000000
12 19 37
0.524533130000 0.835630570000 0.163053780000 -0.358003420000
-0.598190450000 0.225439350000 0.768989780000 -0.930197760000
0.605832630000 -0.500897840000 0.618116640000 1.071330300000
0.000000000000 0.000000000000 0.000000000000 1.000000000000
12 20 37
0.396983870000 0.744343350000 -0.536988630000 -0.300716060000
-0.917487990000 0.305962640000 -0.254170510000 0.298957270000
-0.024891670000 0.593582210000 0.804388310000 1.329903920000
0.000000000000 0.000000000000 0.000000000000 1.000000000000
12 21 37
0.101837420000 0.910446910000 -0.400893450000 0.688489940000
-0.954274140000 0.203257680000 0.219196670000 -0.924218590000
0.281051610000 0.360239820000 0.889515180000 0.519632750000
0.000000000000 0.000000000000 0.000000000000 1.000000000000
12 22 37
-0.766025040000 0.280471520000 0.578395510000 -1.315129770000
-0.612874720000 -0.590058500000 -0.525562120000 0.453110500000
0.193881980000 -0.757077730000 0.623893490000 0.764025420000
0.000000000000 0.000000000000 0.000000000000 1.000000000000
12 23 37
0.609641440000 0.299501310000 0.733918440000 -1.504020500000
-0.391079680000 0.918988450000 -0.050168880000 -0.844406710000
-0.689488210000 -0.256435560000 0.677382320000 1.319222730000
0.000000000000 0.000000000000 0.000000000000 1.000000000000
12 24 37
0.687987700000 0.374186350000 0.621817890000 -1.980562170000
0.145770250000 -0.910615520000 0.386691610000 -1.315333640000
0.710931750000 -0.175396520000 -0.681037520000 3.275919000000
0.000000000000 0.000000000000 0.000000000000 1.000000000000
12 25 37
0.173940110000 -0.974739170000 0.140101380000 0.265862870000
-0.637157220000 -0.219875060000 -0.738705370000 -0.543117310000
0.750849860000 0.039223890000 -0.659307190000 2.304549820000
0.000000000000 0.000000000000 0.000000000000 1.000000000000
12 26 37
0.263745450000 -0.233874000000 0.935810500000 -1.675418010000
0.224302130000 -0.928697410000 -0.295312830000 -0.654204080000
0.938150780000 0.287791700000 -0.192481280000 3.237250630000
0.000000000000 0.000000000000 0.000000000000 1.000000000000
12 27 37
-0.314126430000 0.200774460000 0.927908510000 -2.467189670000
-0.236441430000 0.930041720000 -0.281278940000 -0.178328510000
-0.919467260000 -0.307753170000 -0.244679280000 2.567819090000
0.000000000000 0.000000000000 0.000000000000 1.000000000000
12 28 37
-0.083157510000 0.399208580000 0.913081240000 -2.119852850000
0.726675140000 -0.602701400000 0.329688150000 -0.621275070000
0.681929670000 0.690929480000 -0.239975800000 3.193540580000
0.000000000000 0.000000000000 0.000000000000 1.000000000000
12 29 37
-0.806136000000 -0.496841620000 0.321392530000 -0.369978420000
0.196432180000 -0.737034090000 -0.646680100000 -0.121006040000
0.558174840000 -0.458180270000 0.691745390000 1.248046020000
0.000000000000 0.000000000000 0.000000000000 1.000000000000
12 30 37
-0.052513270000 0.958418890000 0.280491680000 -1.071106280000
-0.861229970000 -0.185644570000 0.473095170000 -1.284642160000
0.505495110000 -0.216724070000 0.835167870000 1.591294240000
0.000000000000 0.000000000000 0.000000000000 1.000000000000
12 31 37
0.387275460000 -0.921902510000 -0.010652780000 -0.782732980000
0.778071160000 0.320612280000 0.540197210000 -0.748477180000
-0.494593750000 -0.217493750000 0.841471030000 1.185847760000
0.000000000000 0.000000000000 0.000000000000 1.000000000000
12 32 37
0.594171780000 0.662468780000 0.456174310000 -0.843206980000
-0.753395020000 0.259747910000 0.604091850000 -0.866675880000
0.281701670000 -0.702613790000 0.653435560000 1.839016990000
0.000000000000 0.000000000000 0.000000000000 1.000000000000
12 33 37
-0.739843550000 -0.663224660000 0.112980460000 -0.271011150000
0.668885460000 -0.707075460000 0.229426540000 0.092975480000
-0.072275630000 0.245310730000 0.966746540000 0.887858160000
0.000000000000 0.000000000000 0.000000000000 1.000000000000
12 34 37
-0.411452550000 -0.731734180000 0.543389260000 -0.737215130000
0.016824170000 -0.602189430000 -0.798175950000 0.376521930000
0.911275890000 -0.319269450000 0.260083200000 1.933436410000
0.000000000000 0.000000000000 0.000000000000 1.000000000000
12 35 37
0.254816230000 0.434256830000 0.863996350000 -1.316616650000
-0.937914370000 -0.106460720000 0.330125350000 -1.397933340000
0.235340860000 -0.894475890000 0.380167800000 1.957926280000
0.000000000000 0.000000000000 0.000000000000 1.000000000000
12 36 37
0.891618750000 0.385650740000 -0.237254090000 0.903249740000
-0.209967300000 0.816399420000 0.537964420000 -1.855208030000
0.401160480000 -0.429843560000 0.808891080000 0.824396950000
0.000000000000 0.000000000000 0.000000000000 1.000000000000
13 15 37
0.718029870000 0.235169640000 0.655078880000 -1.693879470000
0.695703790000 -0.270520900000 -0.665443220000 1.837068990000
0.020720490000 0.933548970000 -0.357850500000 3.340253370000
0.000000000000 0.000000000000 0.000000000000 1.000000000000
13 16 37
-0.645725140000 0.743981050000 -0.171846570000 0.989629050000
-0.758990320000 -0.600774130000 0.251006250000 0.184793190000
0.083502920000 0.292510920000 0.952609380000 0.194533230000
0.000000000000 0.000000000000 0.000000000000 1.000000000000
13 17 37
-0.821261670000 0.284318810000 0.494663600000 -1.030343800000
0.211282940000 -0.653802600000 0.726568430000 -1.713346590000
0.529989420000 0.701216780000 0.476871300000 1.310783290000
0.000000000000 0.000000000000 0.000000000000 1.000000000000
13 18 37
0.087595310000 0.762023280000 0.641597680000 -0.788336920000
-0.967178130000 -0.089161520000 0.237942600000 -0.011966140000
0.238523620000 -0.641381910000 0.729202120000 0.500429490000
0.000000000000 0.000000000000 0.000000000000 1.000000000000
13 19 37
0.717931540000 0.663066760000 0.211935760000 -0.821718140000
-0.673595150000 0.584915140000 0.451822810000 -0.687576860000
0.175624260000 -0.467136750000 0.866567580000 1.190902380000
0.000000000000 0.000000000000 0.000000000000 1.000000000000
13 20 37
0.946065180000 -0.139346210000 -0.292477890000 0.354629840000
-0.156488390000 0.593927130000 -0.789152680000 1.777845960000
0.283675990000 0.792359260000 0.540087710000 0.851237590000
0.000000000000 0.000000000000 0.000000000000 1.000000000000
13 21 37
0.946536690000 -0.283487080000 -0.153959020000 0.007073720000
0.302564470000 0.614580990000 0.728522450000 -0.583815910000
-0.111906410000 -0.736155750000 0.667496570000 0.127740440000
0.000000000000 0.000000000000 0.000000000000 1.000000000000
13 22 37
-0.120751770000 0.974104660000 -0.191152080000 0.490058240000
-0.579949580000 0.087055190000 0.809987580000 -1.315141280000
0.805653460000 0.208666000000 0.554419520000 1.103081110000
0.000000000000 0.000000000000 0.000000000000 1.000000000000
13 23 37
-0.059013520000 -0.994742140000 0.083698790000 0.075059570000
-0.891952830000 0.014893520000 -0.451883100000 1.251590380000
0.448260590000 -0.101322580000 -0.888141980000 4.210212920000
0.000000000000 0.000000000000 0.000000000000 1.000000000000
13 24 37
-0.602775400000 0.629360190000 0.490476880000 -0.682151010000
-0.694137500000 -0.110469760000 -0.711315370000 1.717482160000
-0.393490720000 -0.769221800000 0.503450970000 1.162689690000
0.000000000000 0.000000000000 0.000000000000 1.000000000000
13 25 37
0.681729560000 0.717146790000 0.144724890000 0.227514870000
0.147043140000 0.059470540000 -0.987340650000 1.712199230000
-0.716675050000 0.694380110000 -0.064908690000 2.334073320000
0.000000000000 0.000000000000 0.000000000000 1.000000000000
13 26 37
-0.460110710000 -0.887459020000 -0.026732500000 0.132584830000
0.711253380000 -0.386442750000 0.587180230000 0.385088370000
-0.531428970000 0.251154340000 0.809014680000 1.125274490000
0.000000000000 0.000000000000 0.000000000000 1.000000000000
13 27 37
-0.631207530000 -0.002192219310 0.775610887000 -1.905118980000
-0.125009892000 0.987209383000 -0.098945240700 -0.422329058000
-0.765473436000 -0.159414015000 -0.623408046000 3.869074130000
0.000000000000 0.000000000000 0.000000000000 1.000000000000
13 28 37
0.818407870000 0.551687640000 0.160777190000 0.559571050000
0.509694840000 -0.826129450000 0.240252590000 -0.054825020000
0.265367150000 -0.114677310000 -0.957303190000 4.030553940000
0.000000000000 0.000000000000 0.000000000000 1.000000000000
13 29 37
0.451215470000 0.786399070000 0.421878080000 -0.360351480000
0.072010230000 0.439112070000 -0.895541800000 1.977917810000
-0.889504990000 0.434461850000 0.141505380000 1.736464210000
0.000000000000 0.000000000000 0.000000000000 1.000000000000
13 30 37
0.704991160000 -0.642451360000 -0.300405900000 0.731078200000
-0.566378920000 -0.255069980000 -0.783679930000 1.565969760000
0.426851710000 0.722630990000 -0.543692990000 3.047728790000
0.000000000000 0.000000000000 0.000000000000 1.000000000000
13 31 37
0.594389840000 -0.463587530000 0.657105260000 -0.343467980000
0.244376210000 0.882599000000 0.401620820000 0.018953890000
-0.766146840000 -0.078138440000 0.637897640000 0.976464510000
0.000000000000 0.000000000000 0.000000000000 1.000000000000
13 32 37
0.656006880000 0.691531610000 0.302388830000 0.331935380000
-0.540930110000 0.151370220000 0.827334080000 -0.463586500000
0.526355010000 -0.706308070000 0.473370170000 1.757570770000
0.000000000000 0.000000000000 0.000000000000 1.000000000000
13 33 37
-0.465501100000 0.173373290000 0.867900010000 -0.775896980000
0.670166190000 -0.571469080000 0.473603600000 0.202258730000
0.578088240000 0.802100240000 0.149830570000 1.437171590000
0.000000000000 0.000000000000 0.000000000000 1.000000000000
13 34 37
-0.389374530000 0.376238500000 0.840733050000 -1.458294900000
0.117714610000 -0.884957720000 0.450547570000 -0.527299700000
0.913526540000 0.274398310000 0.300291230000 2.022153040000
0.000000000000 0.000000000000 0.000000000000 1.000000000000
13 35 37
-0.652789360000 0.194624290000 0.732111630000 -1.841019880000
-0.509451890000 -0.828035070000 -0.234129650000 0.272277530000
0.560646790000 -0.525813000000 0.639684200000 1.892640920000
0.000000000000 0.000000000000 0.000000000000 1.000000000000
13 36 37
0.953115310000 0.066423990000 -0.295227150000 0.537130910000
-0.071950960000 0.997377000000 -0.007884800000 -0.490366490000
0.293929030000 0.028757010000 0.955394560000 0.739083660000
0.000000000000 0.000000000000 0.000000000000 1.000000000000
14 16 37
-0.014939280000 -0.114089320000 0.993358170000 -2.813279380000
0.624576500000 0.774743030000 0.098374010000 -0.531577540000
-0.780820730000 0.621897800000 0.059683410000 2.467857010000
0.000000000000 0.000000000000 0.000000000000 1.000000000000
14 17 37
-0.609250040000 0.132774450000 0.781783430000 -2.412299010000
0.792969770000 0.097472080000 0.601413440000 -1.165162980000
0.003650280000 0.986341800000 -0.164670990000 2.743029230000
0.000000000000 0.000000000000 0.000000000000 1.000000000000
14 18 37
0.906887910000 0.382397610000 0.176992630000 -1.442326690000
-0.306401460000 0.310103850000 0.899974300000 -1.567919930000
0.289261930000 -0.870406620000 0.398396610000 1.213958440000
0.000000000000 0.000000000000 0.000000000000 1.000000000000
14 19 37
-0.727185840000 0.626858930000 0.279729580000 -1.277233060000
-0.125884290000 -0.522377660000 0.843371050000 -0.755383720000
0.674799160000 0.578073920000 0.458777330000 0.880989000000
0.000000000000 0.000000000000 0.000000000000 1.000000000000
14 20 37
0.541148120000 0.362458910000 0.758803170000 -1.525600530000
-0.697558520000 -0.310467470000 0.645772460000 -0.726225940000
0.469649690000 -0.878768160000 0.084827410000 1.955612760000
0.000000000000 0.000000000000 0.000000000000 1.000000000000
14 21 37
0.513044720000 0.662899860000 0.545297070000 -1.741547020000
-0.421727740000 -0.358645650000 0.832777890000 -1.867542900000
0.747616760000 -0.657219200000 0.095562000000 1.799160470000
0.000000000000 0.000000000000 0.000000000000 1.000000000000
14 22 37
-0.055642780000 0.987783540000 -0.145559500000 0.349672570000
0.998133390000 0.051355460000 -0.033050610000 0.549656870000
-0.025171570000 -0.147126830000 -0.988797290000 4.123715870000
0.000000000000 0.000000000000 0.000000000000 1.000000000000
14 23 37
0.972554790000 -0.065387720000 0.223297180000 -0.963930760000
-0.096520450000 0.759849910000 0.642893400000 -1.048936810000
-0.211709670000 -0.646801790000 0.732684420000 1.008990790000
0.000000000000 0.000000000000 0.000000000000 1.000000000000
14 24 37
0.653464860000 -0.601355040000 0.459734490000 -1.804679190000
-0.632275930000 -0.767555890000 -0.105285770000 0.789444850000
0.416186040000 -0.221878500000 -0.881793120000 3.410422910000
0.000000000000 0.000000000000 0.000000000000 1.000000000000
14 25 37
0.665869520000 -0.258564020000 -0.699830290000 -0.036404130000
-0.745037770000 -0.279734580000 -0.605530580000 0.942289520000
-0.039198310000 0.924604350000 -0.378906690000 2.591808010000
0.000000000000 0.000000000000 0.000000000000 1.000000000000
14 26 37
0.431775430000 -0.887774230000 0.159458160000 -0.805207000000
0.018418370000 0.185427660000 0.982485290000 -0.122005970000
-0.901793070000 -0.421276050000 0.096414460000 1.336363450000
0.000000000000 0.000000000000 0.000000000000 1.000000000000
14 27 37
-0.549658130000 0.801897490000 -0.234171660000 -1.022937350000
0.239434890000 -0.117329960000 -0.963796980000 1.834967830000
-0.800341730000 -0.585827710000 -0.127510860000 2.085308960000
0.000000000000 0.000000000000 0.000000000000 1.000000000000
14 28 37
0.226888370000 -0.112773840000 0.967369490000 -1.448565360000
-0.915961020000 0.312831620000 0.251300180000 -0.998417390000
-0.330963850000 -0.943089840000 -0.032318590000 1.899189660000
0.000000000000 0.000000000000 0.000000000000 1.000000000000
14 29 37
-0.675225870000 0.510971890000 0.531956520000 -1.420622540000
-0.534161030000 -0.836079310000 0.125073530000 -0.413526950000
0.508666900000 -0.199697560000 0.837483650000 1.239488630000
0.000000000000 0.000000000000 0.000000000000 1.000000000000
14 30 37
-0.722611250000 0.432574050000 0.539177780000 -2.224429750000
0.412224710000 -0.356464280000 0.838453340000 -0.577469130000
0.554890780000 0.828138220000 0.079267390000 1.616737720000
0.000000000000 0.000000000000 0.000000000000 1.000000000000
14 31 37
0.540253760000 0.074175940000 -0.838226580000 1.437948350000
-0.786285980000 -0.310384250000 -0.534243370000 0.252621630000
-0.299800340000 0.947712800000 -0.109362750000 2.492817970000
0.000000000000 0.000000000000 0.000000000000 1.000000000000
14 32 37
0.101299110000 0.991508830000 -0.081539780000 -0.075225810000
0.354870730000 -0.112582100000 -0.928112080000 1.349813530000
-0.929411240000 0.065080850000 -0.363261920000 2.366708880000
0.000000000000 0.000000000000 0.000000000000 1.000000000000
14 33 37
0.998454620000 0.010235120000 -0.054622460000 -0.684067050000
-0.046689150000 -0.378600240000 -0.924381940000 2.093016370000
-0.030141240000 0.925503700000 -0.377537290000 2.478315610000
0.000000000000 0.000000000000 0.000000000000 1.000000000000
14 34 37
0.923651820000 0.295868170000 0.243576140000 -0.831334260000
0.270641150000 -0.053590940000 -0.961187480000 1.492179190000
-0.271331310000 0.953724300000 -0.129573470000 2.317651400000
0.000000000000 0.000000000000 0.000000000000 1.000000000000
14 35 37
0.892726280000 -0.231204940000 -0.386760980000 0.575821950000
-0.449033120000 -0.527973170000 -0.720842270000 0.934182740000
-0.037537120000 0.817183340000 -0.575154200000 2.883386350000
0.000000000000 0.000000000000 0.000000000000 1.000000000000
14 36 37
0.638490360000 0.548617750000 -0.539767200000 0.870049430000
-0.583859130000 -0.111661800000 -0.804139390000 1.160873350000
-0.501436520000 0.828583260000 0.249020500000 1.895159080000
0.000000000000 0.000000000000 0.000000000000 1.000000000000
15 17 37
-0.917004420000 0.275880380000 0.288084910000 -0.364702740000
-0.301629280000 -0.952203430000 -0.048253620000 -0.961707770000
0.261003210000 -0.131143630000 0.956388350000 -0.479567570000
0.000000000000 0.000000000000 0.000000000000 1.000000000000
15 18 37
0.420986590000 -0.895278580000 0.145762020000 -0.170000180000
-0.903952100000 -0.427394350000 -0.014306170000 -0.836487800000
0.075105870000 -0.125739180000 -0.989216240000 4.404104120000
0.000000000000 0.000000000000 0.000000000000 1.000000000000
15 19 37
0.715989840000 0.506379210000 -0.480560760000 0.473860140000
-0.128468240000 0.772189080000 0.622269990000 -1.618620820000
0.686188360000 -0.383802190000 0.617933180000 0.890381730000
0.000000000000 0.000000000000 0.000000000000 1.000000000000
15 20 37
0.960200480000 0.278238260000 0.024464320000 -0.227172860000
-0.179777280000 0.548618760000 0.816515520000 -1.163948850000
0.213764280000 -0.788416720000 0.576804920000 1.238690600000
0.000000000000 0.000000000000 0.000000000000 1.000000000000
15 21 37
-0.967779030000 -0.240719280000 0.073878090000 -0.267609330000
0.237912130000 -0.970251600000 -0.044829100000 -0.608300460000
0.082471570000 -0.025808170000 0.996259190000 -0.096449700000
0.000000000000 0.000000000000 0.000000000000 1.000000000000
15 22 37
-0.951251153000 -0.003490351300 0.308397570000 -0.392311317000
0.037819209600 0.991069630000 0.127869840000 -0.303034204000
-0.306089777000 0.133299685000 -0.942624126000 4.615461920000
0.000000000000 0.000000000000 0.000000000000 1.000000000000
15 23 37
-0.652060930000 -0.750767520000 0.105663030000 0.407246420000
0.396918400000 -0.219296290000 0.891271520000 -1.518351390000
-0.645966200000 0.623102940000 0.440987980000 0.861833000000
0.000000000000 0.000000000000 0.000000000000 1.000000000000
15 24 37
0.662433080000 -0.602629510000 0.444994480000 -0.981420620000
-0.307263430000 0.323180450000 0.895066250000 -1.704393020000
-0.683206850000 -0.729652020000 0.028919410000 2.257757450000
0.000000000000 0.000000000000 0.000000000000 1.000000000000
15 25 37
0.645586350000 0.728155780000 -0.230233410000 1.565927550000
0.548076800000 -0.231820260000 0.803661120000 -1.775404520000
0.531817720000 -0.645018240000 -0.548745280000 3.476519420000
0.000000000000 0.000000000000 0.000000000000 1.000000000000
15 26 37
0.506142340000 -0.719663990000 -0.475293240000 -0.132063730000
0.860709970000 0.456482940000 0.225392270000 0.233162400000
0.054756550000 -0.523170200000 0.850467320000 1.030703380000
0.000000000000 0.000000000000 0.000000000000 1.000000000000
15 27 37
-0.385284540000 0.261502190000 -0.884970300000 1.624898540000
-0.161593270000 0.925070560000 0.343703480000 -1.870081900000
0.908539180000 0.275428880000 -0.314158390000 3.293184840000
0.000000000000 0.000000000000 0.000000000000 1.000000000000
15 28 37
0.056398510000 0.976410540000 0.208426620000 -0.003167900000
-0.949205000000 0.117164700000 -0.292031320000 -0.717286150000
-0.309562700000 -0.181369460000 0.933421690000 0.722280010000
0.000000000000 0.000000000000 0.000000000000 1.000000000000
15 29 37
0.509480400000 0.854445690000 -0.101746170000 0.446147410000
-0.858740790000 0.512401340000 0.003022370000 -0.138633060000
0.054717320000 0.085833750000 0.994805800000 0.802415740000
0.000000000000 0.000000000000 0.000000000000 1.000000000000
15 30 37
0.229918060000 0.823251550000 0.519032340000 -0.625560230000
0.972470390000 -0.215131160000 -0.089554030000 -0.079608650000
0.037934530000 0.525333670000 -0.850050300000 3.180400510000
0.000000000000 0.000000000000 0.000000000000 1.000000000000
15 31 37
0.999385940000 0.009090400000 -0.033839420000 0.493565580000
-0.008242230000 0.999650460000 0.025120370000 -0.312169390000
0.034055950000 -0.024826030000 0.999111540000 0.486513430000
0.000000000000 0.000000000000 0.000000000000 1.000000000000
15 32 37
0.199707550000 0.785824030000 0.585318280000 -0.198703890000
-0.938550460000 -0.018199120000 0.344661910000 -0.788062990000
0.281495890000 -0.618182320000 0.733901000000 1.037455190000
0.000000000000 0.000000000000 0.000000000000 1.000000000000
15 33 37
-0.029796580000 -0.982075660000 0.186117060000 0.654682070000
0.583658470000 0.134064850000 0.800855420000 -1.238376810000
-0.811452380000 0.132491550000 0.569202100000 1.095447470000
0.000000000000 0.000000000000 0.000000000000 1.000000000000
15 34 37
0.981293530000 -0.059210200000 -0.183186120000 0.227963270000
0.067998070000 0.996798340000 0.042063450000 -0.470390060000
0.180109030000 -0.053732890000 0.982177940000 0.695044330000
0.000000000000 0.000000000000 0.000000000000 1.000000000000
15 35 37
0.503739810000 -0.695859410000 -0.511884640000 1.000004710000
0.862609100000 0.373371960000 0.341319380000 -0.654639260000
-0.046386920000 -0.613492510000 0.788336980000 1.030852140000
0.000000000000 0.000000000000 0.000000000000 1.000000000000
15 36 37
-0.076798880000 0.296627450000 -0.951900250000 2.166119450000
-0.578530010000 0.764307380000 0.284846020000 -1.398385340000
0.812037540000 0.572578710000 0.112909930000 1.562987130000
0.000000000000 0.000000000000 0.000000000000 1.000000000000
16 18 37
0.065399990000 -0.826223040000 0.559534030000 -0.847393290000
-0.814922640000 0.279378360000 0.507788170000 -1.321264100000
-0.575867990000 -0.489186290000 -0.655036520000 3.788672310000
0.000000000000 0.000000000000 0.000000000000 1.000000000000
16 19 37
0.819523520000 -0.528892790000 -0.220575640000 1.241098540000
0.426642740000 0.306166150000 0.851021890000 -1.414961280000
-0.382566550000 -0.791539450000 0.476558630000 1.471462370000
0.000000000000 0.000000000000 0.000000000000 1.000000000000
16 20 37
0.982303800000 -0.124990910000 0.139486590000 -0.257812520000
0.131348520000 0.990633990000 -0.037307580000 0.484566090000
-0.133517050000 0.054968730000 0.989520910000 0.387742410000
0.000000000000 0.000000000000 0.000000000000 1.000000000000
16 21 37
-0.906454850000 -0.018409320000 0.421901290000 -0.579925810000
0.390822810000 0.341924530000 0.854602340000 -1.774128680000
-0.159991050000 0.939547080000 -0.302744360000 3.460519360000
0.000000000000 0.000000000000 0.000000000000 1.000000000000
16 22 37
0.341033050000 -0.555319020000 -0.758496700000 2.233384590000
0.712734480000 0.678851530000 -0.176550740000 0.454089440000
0.612948630000 -0.480397110000 0.627305820000 0.638386680000
0.000000000000 0.000000000000 0.000000000000 1.000000000000
16 23 37
-0.240118150000 -0.244858700000 -0.939354830000 2.382466500000
0.383612780000 -0.912837750000 0.139887370000 0.028519800000
-0.891731190000 -0.326759020000 0.313119840000 1.300725160000
0.000000000000 0.000000000000 0.000000000000 1.000000000000
16 24 37
0.992579700000 0.043413270000 -0.113581780000 0.502700780000
-0.089361540000 0.893908680000 -0.439251400000 0.852200910000
0.082462400000 0.446141870000 0.891155090000 0.661270210000
0.000000000000 0.000000000000 0.000000000000 1.000000000000
16 25 37
-0.036186620000 -0.265393080000 -0.963460970000 1.915013900000
-0.892607410000 0.442111500000 -0.088257740000 -0.439723880000
0.449380170000 0.856798650000 -0.252890350000 3.221066370000
0.000000000000 0.000000000000 0.000000000000 1.000000000000
16 26 37
0.714665920000 0.220460520000 0.663814570000 0.125100550000
0.593581580000 -0.693191260000 -0.408835890000 0.085628010000
0.370018290000 0.686209180000 -0.626261470000 2.676898240000
0.000000000000 0.000000000000 0.000000000000 1.000000000000
16 27 37
-0.234581780000 -0.137346290000 -0.962344730000 2.099451700000
-0.739514260000 0.667757560000 0.084961810000 -0.961449500000
0.630943780000 0.731598140000 -0.258213290000 2.579606100000
0.000000000000 0.000000000000 0.000000000000 1.000000000000
16 28 37
0.554549430000 -0.829006240000 0.072274300000 1.195634460000
-0.242530320000 -0.077930860000 0.967008700000 -1.093714970000
-0.796023850000 -0.553782840000 -0.244275660000 1.496850580000
0.000000000000 0.000000000000 0.000000000000 1.000000000000
16 29 37
-0.298628360000 -0.948548570000 0.105245960000 -0.434092190000
-0.665415230000 0.285995260000 0.689513800000 -0.807529210000
-0.684137180000 0.135876110000 -0.716584960000 2.509345890000
0.000000000000 0.000000000000 0.000000000000 1.000000000000
16 30 37
0.672629570000 -0.680578080000 -0.290487420000 1.984325540000
-0.614200880000 -0.294539650000 -0.732122720000 1.409414080000
0.412706620000 0.670865010000 -0.616127730000 2.948022940000
0.000000000000 0.000000000000 0.000000000000 1.000000000000
16 31 37
-0.972655230000 -0.076239990000 0.219383820000 -0.668013180000
0.166382500000 0.430315130000 0.887212350000 -0.911842520000
-0.162045230000 0.899453370000 -0.405863260000 2.748900200000
0.000000000000 0.000000000000 0.000000000000 1.000000000000
16 32 37
0.103301720000 -0.343129000000 -0.933590510000 1.327878660000
0.993561890000 0.079490720000 0.080721770000 0.335052090000
0.046513800000 -0.935918650000 0.349131430000 1.044426920000
0.000000000000 0.000000000000 0.000000000000 1.000000000000
16 33 37
0.485930820000 0.873699280000 -0.022821230000 0.331670080000
-0.873657840000 0.484848820000 -0.040541220000 -0.158385640000
-0.024355990000 0.039638170000 0.998917210000 0.440172500000
0.000000000000 0.000000000000 0.000000000000 1.000000000000
16 34 37
0.478901210000 0.335582940000 0.811195240000 -0.613230620000
0.637324740000 0.502566790000 -0.584160760000 1.075434350000
-0.603714170000 0.796750090000 0.026804540000 1.978796530000
0.000000000000 0.000000000000 0.000000000000 1.000000000000
16 35 37
-0.947136190000 -0.015285610000 -0.320467460000 1.074693790000
0.073666710000 -0.982538310000 -0.170855760000 0.277811630000
-0.312259920000 -0.185431460000 0.931723630000 0.610873830000
0.000000000000 0.000000000000 0.000000000000 1.000000000000
16 36 37
-0.150686920000 0.911765490000 0.382069560000 -0.650762880000
-0.512678650000 0.258375070000 -0.818781360000 0.784114150000
-0.845253840000 -0.319258550000 0.428508960000 1.345966650000
0.000000000000 0.000000000000 0.000000000000 1.000000000000
17 19 37
0.904099260000 0.247474480000 -0.348368920000 0.058100070000
-0.359713990000 0.880824310000 -0.307821990000 -0.509517460000
0.230673730000 0.403614810000 0.885372640000 0.730604400000
0.000000000000 0.000000000000 0.000000000000 1.000000000000
17 20 37
-0.456863810000 -0.122335010000 0.881084340000 -1.598475040000
0.806167670000 0.361723120000 0.468241480000 -1.639862580000
-0.375990900000 0.924224290000 -0.066635680000 3.033293230000
0.000000000000 0.000000000000 0.000000000000 1.000000000000
17 21 37
-0.203951120000 0.708945040000 -0.675130260000 1.694622280000
-0.402155430000 0.568080870000 0.718021680000 -1.423291690000
0.892566500000 0.417948630000 0.169245370000 1.829396290000
0.000000000000 0.000000000000 0.000000000000 1.000000000000
17 22 37
0.554506660000 0.256084980000 -0.791797230000 1.483918410000
0.755965000000 0.242770710000 0.607930340000 -1.367508220000
0.347907000000 -0.935672410000 -0.058973310000 1.931118370000
0.000000000000 0.000000000000 0.000000000000 1.000000000000
17 23 37
0.957474230000 0.274340590000 -0.089332700000 0.027045520000
-0.188778350000 0.829840150000 0.525098140000 -1.440458660000
0.218187600000 -0.485903860000 0.846340130000 1.245757600000
0.000000000000 0.000000000000 0.000000000000 1.000000000000
17 24 37
0.321546420000 -0.911457700000 -0.256617920000 0.342381830000
-0.437021190000 -0.383269620000 0.813705650000 -1.877766610000
-0.840012130000 -0.149496670000 -0.521565300000 3.671933810000
0.000000000000 0.000000000000 0.000000000000 1.000000000000
17 25 37
0.776774100000 0.595772640000 0.204149330000 0.166664590000
-0.629763620000 0.732522600000 0.258473270000 -0.759325760000
0.004447300000 -0.329341160000 0.944200520000 1.976088680000
0.000000000000 0.000000000000 0.000000000000 1.000000000000
17 26 37
0.771458860000 -0.463833280000 0.435557030000 -0.035000010000
0.621457850000 0.696165080000 -0.359366560000 -0.403573970000
-0.136533430000 0.547916850000 0.825315550000 2.095642650000
0.000000000000 0.000000000000 0.000000000000 1.000000000000
17 27 37
0.897654300000 -0.365782300000 -0.245804950000 0.838636240000
-0.424002310000 -0.868904380000 -0.255396210000 0.196768870000
-0.120161590000 0.333479370000 -0.935068290000 3.841870180000
0.000000000000 0.000000000000 0.000000000000 1.000000000000
17 28 37
-0.853963100000 -0.447169580000 -0.266057120000 -0.308082150000
0.518639030000 -0.690265020000 -0.504527270000 0.178444500000
0.041959330000 -0.568835280000 0.821380450000 1.518553620000
0.000000000000 0.000000000000 0.000000000000 1.000000000000
17 29 37
-0.814713490000 -0.125465500000 0.566127490000 -0.991948150000
-0.084663850000 -0.940110750000 -0.330187550000 -0.683555720000
0.573649680000 -0.316938790000 0.755298510000 1.711896510000
0.000000000000 0.000000000000 0.000000000000 1.000000000000
17 30 37
-0.705100640000 -0.637294410000 0.310948430000 -0.443534880000
0.681090150000 -0.486612670000 0.547105400000 -0.548802110000
-0.197355760000 0.597548280000 0.777165850000 0.949231600000
0.000000000000 0.000000000000 0.000000000000 1.000000000000
17 31 37
0.658809260000 0.648680670000 0.381029850000 -0.030406740000
-0.742364130000 0.642633790000 0.189518620000 -1.361431650000
-0.121925600000 -0.407719510000 0.904930360000 1.225255320000
0.000000000000 0.000000000000 0.000000000000 1.000000000000
17 32 37
0.684912830000 0.484950180000 0.543799350000 -0.583140680000
-0.639158290000 0.758201870000 0.128866620000 -1.049443480000
-0.349815790000 -0.435836270000 0.829262120000 1.559911030000
0.000000000000 0.000000000000 0.000000000000 1.000000000000
17 33 37
-0.576054930000 0.736225160000 0.355152420000 -0.612737980000
-0.405094410000 -0.634504590000 0.658257120000 -0.834612370000
0.709971290000 0.235322000000 0.663750190000 1.168092550000
0.000000000000 0.000000000000 0.000000000000 1.000000000000
17 34 37
0.865578180000 0.394340240000 -0.308658700000 0.216114990000
-0.335698780000 0.914287830000 0.226680600000 -1.035474600000
0.371592180000 -0.092593430000 0.923767130000 1.300329460000
0.000000000000 0.000000000000 0.000000000000 1.000000000000
17 35 37
0.898549580000 0.108447940000 -0.425261920000 0.583604810000
0.325303820000 0.485857870000 0.811245680000 -1.528253310000
0.294594770000 -0.867283790000 0.401288860000 1.853691580000
0.000000000000 0.000000000000 0.000000000000 1.000000000000
17 36 37
-0.384246500000 -0.651661050000 -0.653982030000 1.121696540000
-0.410756710000 0.755060330000 -0.511040920000 -0.200138740000
0.826821350000 0.072261820000 -0.557803440000 3.400639240000
0.000000000000 0.000000000000 0.000000000000 1.000000000000
18 20 37
-0.249246170000 0.903605440000 0.348387070000 -0.424703760000
-0.957182620000 -0.175164370000 -0.230475320000 0.388745160000
-0.147233750000 -0.390915140000 0.908574470000 1.033510370000
0.000000000000 0.000000000000 0.000000000000 1.000000000000
18 21 37
-0.652141980000 -0.715108760000 0.251655110000 -1.033856580000
0.430616390000 -0.622630530000 -0.653376420000 0.908278830000
0.623923360000 -0.317727380000 0.713981060000 0.520889780000
0.000000000000 0.000000000000 0.000000000000 1.000000000000
18 22 37
0.882594120000 0.244961090000 0.401275070000 -0.399999840000
-0.266595360000 0.963806490000 -0.001992610000 -0.114442160000
-0.387239630000 -0.105219400000 0.915955430000 0.132989440000
0.000000000000 0.000000000000 0.000000000000 1.000000000000
18 23 37
0.862915560000 0.370152630000 0.344040350000 -0.572147100000
-0.203336240000 0.877577280000 -0.434180250000 -0.051998960000
-0.462634960000 0.304705020000 0.832540540000 0.528658110000
0.000000000000 0.000000000000 0.000000000000 1.000000000000
18 24 37
0.665777400000 0.064453220000 -0.743361450000 0.995980330000
0.084674990000 -0.996352760000 -0.010551330000 -0.561251360000
-0.741330290000 -0.055919290000 -0.668806720000 2.981747750000
0.000000000000 0.000000000000 0.000000000000 1.000000000000
18 25 37
-0.046424590000 0.162764670000 -0.985572130000 1.507942930000
-0.258089940000 -0.955090530000 -0.145573590000 -0.551247120000
-0.965004840000 0.247608060000 0.086347610000 2.045993630000
0.000000000000 0.000000000000 0.000000000000 1.000000000000
18 26 37
0.530443000000 0.773350850000 0.347215610000 0.163332990000
-0.755032690000 0.617223600000 -0.221270580000 -0.522172530000
-0.385429460000 -0.144787710000 0.911307110000 1.240265230000
0.000000000000 0.000000000000 0.000000000000 1.000000000000
18 27 37
-0.215042680000 0.622090080000 -0.752835020000 1.487410460000
0.284858510000 -0.697393810000 -0.657645430000 1.722593680000
-0.934137180000 -0.355873300000 -0.027238220000 1.639765660000
0.000000000000 0.000000000000 0.000000000000 1.000000000000
18 28 37
0.859585990000 -0.472093420000 0.195549800000 0.348608890000
0.461011690000 0.551410480000 -0.695280310000 0.450545970000
0.220409050000 0.687803960000 0.691625310000 1.492042770000
0.000000000000 0.000000000000 0.000000000000 1.000000000000
18 29 37
0.874926710000 0.059452250000 0.480592020000 -0.277061880000
-0.168559290000 0.967762240000 0.187147040000 0.015824870000
-0.453972490000 -0.244748190000 0.856742260000 0.994692620000
0.000000000000 0.000000000000 0.000000000000 1.000000000000
18 30 37
-0.367329910000 -0.882189520000 0.294636030000 0.056132210000
0.768538920000 -0.466313290000 -0.438063740000 1.050616800000
0.523847940000 0.065525340000 0.849287800000 1.178022710000
0.000000000000 0.000000000000 0.000000000000 1.000000000000
18 31 37
-0.989646920000 -0.099754160000 0.103189520000 -0.449708670000
0.030832120000 -0.849951750000 -0.525957610000 0.123210610000
0.140172570000 -0.517330780000 0.844227760000 1.021993420000
0.000000000000 0.000000000000 0.000000000000 1.000000000000
18 32 37
-0.320057360000 0.692199750000 0.646856080000 -0.725916900000
-0.818796560000 0.141365250000 -0.556406390000 0.118172780000
-0.476587340000 -0.707725490000 0.521525790000 1.244224250000
0.000000000000 0.000000000000 0.000000000000 1.000000000000
18 33 37
0.991412700000 -0.113586820000 0.064798940000 0.159893680000
0.127399170000 0.950726300000 -0.282646350000 -0.600538680000
-0.029501160000 0.288474510000 0.957032990000 0.589013650000
0.000000000000 0.000000000000 0.000000000000 1.000000000000
18 34 37
0.118231220000 0.710560390000 -0.693631970000 0.952974050000
-0.977672240000 -0.038906400000 -0.206502480000 -0.036430510000
-0.173719210000 0.702559760000 0.690095220000 0.970493320000
0.000000000000 0.000000000000 0.000000000000 1.000000000000
18 35 37
0.747642790000 0.656958970000 0.097134790000 -0.154567770000
-0.663794800000 0.743702860000 0.079262350000 -0.018361850000
-0.020167310000 -0.123737490000 0.992110030000 0.838145150000
0.000000000000 0.000000000000 0.000000000000 1.000000000000
18 36 37
-0.348901620000 -0.866756810000 -0.356371000000 0.764433510000
-0.738634360000 0.020291330000 0.673800820000 -0.579518190000
-0.576790210000 0.498318060000 -0.647296040000 3.516588600000
0.000000000000 0.000000000000 0.000000000000 1.000000000000
19 21 37
0.195395370000 -0.873739870000 -0.445420350000 0.529213870000
0.938484460000 0.298438400000 -0.173728070000 0.626210250000
0.284723680000 -0.384074410000 0.878304770000 -0.511758140000
0.000000000000 0.000000000000 0.000000000000 1.000000000000
19 22 37
-0.344641790000 0.734860030000 0.584125650000 -1.296458670000
-0.821427370000 0.065124320000 -0.566582650000 1.164122780000
-0.454399730000 -0.675084860000 0.581189570000 0.412381390000
0.000000000000 0.000000000000 0.000000000000 1.000000000000
19 23 37
0.808543500000 0.046127080000 0.586625700000 -0.565882940000
0.268686000000 0.857988820000 -0.437793360000 0.717999080000
-0.523512420000 0.511593090000 0.681327580000 0.164219150000
0.000000000000 0.000000000000 0.000000000000 1.000000000000
19 24 37
-0.948157667000 0.078595136600 0.307928308000 -0.201267147000
0.075211123400 0.996905515000 -0.022862210500 0.340228758000
-0.308772287000 0.001482653810 -0.951134836000 3.388806190000
0.000000000000 0.000000000000 0.000000000000 1.000000000000
19 25 37
0.846500940000 0.302612530000 0.438020340000 0.385255890000
-0.493466000000 0.754779290000 0.432203120000 0.248127210000
-0.199818600000 -0.582008490000 0.788250370000 0.971992510000
0.000000000000 0.000000000000 0.000000000000 1.000000000000
19 26 37
0.460818950000 -0.553490990000 -0.693753290000 1.270034210000
-0.782557890000 -0.622135900000 -0.023453420000 -0.289237260000
-0.418627570000 0.553709890000 -0.719830750000 2.244613610000
0.000000000000 0.000000000000 0.000000000000 1.000000000000
19 27 37
0.223676430000 0.953409260000 -0.202434270000 0.249868550000
-0.954351570000 0.256420120000 0.153172480000 -0.219246520000
0.197944290000 0.158932390000 0.967242760000 0.670171300000
0.000000000000 0.000000000000 0.000000000000 1.000000000000
19 28 37
-0.232506990000 0.777921700000 0.583762220000 -0.957311430000
-0.757427630000 0.231691290000 -0.610428150000 0.558364300000
-0.610117930000 -0.584086450000 0.535349550000 0.669598550000
0.000000000000 0.000000000000 0.000000000000 1.000000000000
19 29 37
-0.754605650000 0.138558650000 0.641382730000 -0.404748110000
-0.419589940000 -0.853391670000 -0.309300730000 0.143456550000
0.504494390000 -0.502517820000 0.702112000000 0.875331760000
0.000000000000 0.000000000000 0.000000000000 1.000000000000
19 30 37
-0.504484890000 -0.174281030000 0.845648340000 -0.866264340000
0.206824440000 -0.975294550000 -0.077615640000 0.996289110000
0.838283150000 0.135744830000 0.528066940000 1.173742010000
0.000000000000 0.000000000000 0.000000000000 1.000000000000
19 31 37
0.995757410000 0.011170470000 0.091336740000 0.707299450000
-0.046941400000 0.915397710000 0.399804380000 0.251138450000
-0.079143440000 -0.402395650000 0.912038410000 0.316202900000
0.000000000000 0.000000000000 0.000000000000 1.000000000000
19 32 37
0.940085380000 0.028515900000 0.339744480000 0.192785590000
-0.072608570000 0.990381140000 0.117784540000 0.376922430000
-0.333117800000 -0.135395880000 0.933113330000 0.601336990000
0.000000000000 0.000000000000 0.000000000000 1.000000000000
19 33 37
-0.826448360000 0.191398550000 0.529480600000 -0.753673290000
-0.448855260000 -0.791699280000 -0.414416700000 0.982243160000
0.339870650000 -0.580154150000 0.740208820000 0.956828670000
0.000000000000 0.000000000000 0.000000000000 1.000000000000
19 34 37
0.533678350000 -0.419847130000 -0.734108850000 1.093714570000
0.497463770000 0.857844170000 -0.128969660000 0.481632850000
0.683898540000 -0.296364240000 0.666671600000 0.696818170000
0.000000000000 0.000000000000 0.000000000000 1.000000000000
19 35 37
0.968027040000 -0.190249690000 -0.163489150000 0.243783980000
0.115145750000 0.916041650000 -0.384199370000 0.670641600000
0.222856680000 0.353090300000 0.908659530000 0.508820880000
0.000000000000 0.000000000000 0.000000000000 1.000000000000
19 36 37
0.769197190000 0.549461540000 0.326232580000 -0.378613480000
-0.562856700000 0.824285680000 -0.061200150000 0.277939540000
-0.302535970000 -0.136547210000 0.943306340000 0.364653770000
0.000000000000 0.000000000000 0.000000000000 1.000000000000
20 22 37
0.789135450000 0.434546280000 0.434090730000 0.083377580000
-0.603111360000 0.414400100000 0.681563820000 -1.304671030000
0.116283780000 -0.799651230000 0.589097610000 -0.196119130000
0.000000000000 0.000000000000 0.000000000000 1.000000000000
20 23 37
0.696713830000 -0.693829820000 -0.182181300000 0.454094170000
0.448541620000 0.619550560000 -0.644179730000 0.881283850000
0.559821630000 0.367093030000 0.742860990000 -0.145222350000
0.000000000000 0.000000000000 0.000000000000 1.000000000000
20 24 37
-0.152640660000 0.750995080000 0.642422930000 -0.727011220000
-0.974706190000 -0.221771820000 0.027660520000 -0.104900410000
0.163244220000 -0.621951480000 0.765850950000 0.346464050000
0.000000000000 0.000000000000 0.000000000000 1.000000000000
20 25 37
0.538930660000 0.684263280000 0.491261130000 -0.030923910000
-0.838001650000 0.494710470000 0.230249390000 0.071310060000
-0.085480820000 -0.535766100000 0.840028400000 0.677642600000
0.000000000000 0.000000000000 0.000000000000 1.000000000000
20 26 37
0.393023550000 0.855051150000 0.338260270000 0.154515020000
-0.841913860000 0.482536880000 -0.241535130000 0.253831860000
-0.369747950000 -0.189857020000 0.909527770000 0.739291560000
0.000000000000 0.000000000000 0.000000000000 1.000000000000
20 27 37
-0.039818260000 -0.150168390000 -0.987858270000 2.402081330000
0.182704610000 -0.973068910000 0.140555800000 0.503324950000
-0.982361200000 -0.174889570000 0.066182370000 0.764521370000
0.000000000000 0.000000000000 0.000000000000 1.000000000000
20 28 37
0.692603680000 0.007331470000 0.721281080000 -0.193413250000
-0.003413680000 0.999970460000 -0.006886260000 0.079079800000
-0.721310260000 0.002307230000 0.692608250000 0.006830160000
0.000000000000 0.000000000000 0.000000000000 1.000000000000
20 29 37
-0.947660650000 -0.204067320000 -0.245552070000 0.951469820000
-0.126263730000 0.945919440000 -0.298820810000 0.899058090000
0.293252040000 -0.252176400000 -0.922176940000 2.769517210000
0.000000000000 0.000000000000 0.000000000000 1.000000000000
20 30 37
0.596664000000 -0.640510160000 0.483465420000 0.242870710000
0.434472890000 -0.248689070000 -0.865671450000 1.614116970000
0.674703920000 0.726567600000 0.129900480000 0.904849110000
0.000000000000 0.000000000000 0.000000000000 1.000000000000
20 31 37
0.107545050000 0.831913340000 0.544384300000 -0.288400970000
-0.926677250000 0.282228820000 -0.248226060000 0.160654940000
-0.360143510000 -0.477773060000 0.801267470000 0.032484490000
0.000000000000 0.000000000000 0.000000000000 1.000000000000
20 32 37
-0.022808800000 -0.980545970000 -0.194959890000 0.548960250000
0.252791330000 -0.194330130000 0.947803960000 -1.183067710000
-0.967251930000 -0.027665900000 0.252305960000 1.377051460000
0.000000000000 0.000000000000 0.000000000000 1.000000000000
20 33 37
0.689113070000 -0.724144530000 0.027163750000 1.015139070000
-0.483875280000 -0.487724120000 -0.726629130000 1.416331720000
0.539432930000 0.487585760000 -0.686492710000 2.283170980000
0.000000000000 0.000000000000 0.000000000000 1.000000000000
20 34 37
0.399995340000 0.683838130000 0.610220570000 -0.284003570000
-0.298522170000 -0.532288080000 0.792183000000 -1.003651230000
0.866538080000 -0.499033870000 -0.008771910000 1.588121570000
0.000000000000 0.000000000000 0.000000000000 1.000000000000
20 35 37
0.438687946000 0.894621992000 0.084878607200 0.387820284000
-0.878106764000 0.446823468000 -0.171106106000 0.415136502000
-0.191001039000 0.000529707016 0.981589692000 0.016789522300
0.000000000000 0.000000000000 0.000000000000 1.000000000000
20 36 37
-0.356631050000 0.515785360000 0.778960690000 -1.587296600000
-0.926977350000 -0.299160330000 -0.226309730000 0.349014090000
0.116306890000 -0.802787990000 0.584811210000 0.536465290000
0.000000000000 0.000000000000 0.000000000000 1.000000000000
21 23 37
-0.691749170000 0.711193580000 -0.125246900000 0.419863090000
-0.596904380000 -0.465505110000 0.653460140000 -1.115170070000
0.406433590000 0.526790930000 0.746527330000 0.145552370000
0.000000000000 0.000000000000 0.000000000000 1.000000000000
21 24 37
0.304104200000 0.760680190000 0.573486070000 -0.797766010000
0.032440210000 0.593379290000 -0.804269010000 0.606852730000
-0.952086270000 0.263185590000 0.155772510000 1.997969280000
0.000000000000 0.000000000000 0.000000000000 1.000000000000
21 25 37
0.020991970000 0.645857690000 -0.763169170000 1.794812240000
-0.965832940000 -0.184123750000 -0.182387450000 -1.054373230000
-0.258313900000 0.740922600000 0.619925510000 1.410676720000
0.000000000000 0.000000000000 0.000000000000 1.000000000000
21 26 37
-0.942230140000 -0.192158410000 -0.274367450000 -0.176341460000
0.014923920000 -0.842358860000 0.538710330000 -0.579598480000
-0.334633580000 0.503494480000 0.796563670000 1.301376660000
0.000000000000 0.000000000000 0.000000000000 1.000000000000
21 27 37
-0.013776440000 0.074980410000 -0.997089840000 1.680015290000
-0.894935500000 -0.445693940000 -0.021150850000 -0.796778150000
-0.445982800000 0.892039710000 0.073242710000 1.258760920000
0.000000000000 0.000000000000 0.000000000000 1.000000000000
21 28 37
0.992925470000 -0.110454090000 -0.043576490000 0.503934090000
-0.118453690000 -0.946859490000 -0.299041520000 -0.276773400000
-0.008230450000 0.302087740000 -0.953244590000 3.585838030000
0.000000000000 0.000000000000 0.000000000000 1.000000000000
21 29 37
0.031015430000 -0.959682100000 -0.279371270000 0.063811070000
0.740193350000 -0.165775290000 0.651638220000 -0.901826890000
-0.671678390000 -0.226999590000 0.705208710000 1.010657530000
0.000000000000 0.000000000000 0.000000000000 1.000000000000
21 30 37
-0.061855030000 -0.744409230000 0.664852510000 -0.543463520000
0.856290720000 -0.381810130000 -0.347832180000 0.113558980000
0.512776910000 0.547791860000 0.661047590000 1.015464290000
0.000000000000 0.000000000000 0.000000000000 1.000000000000
21 31 37
-0.617706750000 -0.411049800000 -0.670430040000 0.846821520000
0.770451290000 -0.487187160000 -0.411161130000 0.277261600000
-0.157617200000 -0.770510690000 0.617632650000 0.996309330000
0.000000000000 0.000000000000 0.000000000000 1.000000000000
21 32 37
0.351357250000 0.544870640000 0.761356730000 -0.456519990000
-0.900408700000 -0.026170410000 0.434257160000 -0.949023980000
0.256539000000 -0.838111630000 0.481411100000 1.348706770000
0.000000000000 0.000000000000 0.000000000000 1.000000000000
21 33 37
-0.965024420000 -0.190223800000 -0.180396180000 0.178632780000
0.209273050000 -0.973419950000 -0.093050530000 0.111458440000
-0.157900820000 -0.127548090000 0.979182730000 0.718405370000
0.000000000000 0.000000000000 0.000000000000 1.000000000000
21 34 37
-0.015915250000 0.627630080000 0.778349020000 -0.764976550000
0.422316010000 -0.701383860000 0.574203680000 -1.449761840000
0.906308940000 0.337847840000 -0.253895530000 2.860409590000
0.000000000000 0.000000000000 0.000000000000 1.000000000000
21 35 37
0.809913300000 -0.214613040000 -0.545876990000 0.338688860000
0.580111330000 0.430599530000 0.691415140000 -1.188035310000
0.086667670000 -0.876655740000 0.473247740000 1.438628530000
0.000000000000 0.000000000000 0.000000000000 1.000000000000
21 36 37
0.405022600000 -0.910768750000 -0.080355340000 0.798617150000
0.882488360000 0.366431280000 0.294860000000 -1.068107910000
-0.239104560000 -0.190337620000 0.952155760000 0.858846690000
0.000000000000 0.000000000000 0.000000000000 1.000000000000
22 24 37
0.857342330000 -0.036212240000 -0.513471330000 1.029356740000
0.171438890000 -0.920483510000 0.351167780000 -1.188442110000
-0.485358470000 -0.389099950000 -0.782961290000 3.361873080000
0.000000000000 0.000000000000 0.000000000000 1.000000000000
22 25 37
-0.536932840000 0.415926460000 0.733967510000 -1.040039180000
-0.134460660000 0.816702280000 -0.561175300000 0.818248710000
-0.832840590000 -0.400003200000 -0.382588530000 2.575904820000
0.000000000000 0.000000000000 0.000000000000 1.000000000000
22 26 37
0.487126650000 0.188404320000 0.852766930000 -0.179948770000
-0.868263840000 0.209515410000 0.449690100000 -0.641887350000
-0.093944260000 -0.959482730000 0.265645200000 1.532112300000
0.000000000000 0.000000000000 0.000000000000 1.000000000000
22 27 37
0.136410480000 -0.143651510000 -0.980181830000 1.891808330000
0.188061220000 -0.967683650000 0.167992040000 0.426160280000
-0.972638250000 -0.207250070000 -0.104986910000 2.001174180000
0.000000000000 0.000000000000 0.000000000000 1.000000000000
22 28 37
0.554537230000 -0.817676390000 -0.154576100000 0.336882950000
0.812463100000 0.572164200000 -0.111945650000 -0.253860630000
0.179978220000 -0.063509350000 0.981618260000 0.903175990000
0.000000000000 0.000000000000 0.000000000000 1.000000000000
22 29 37
0.832902930000 -0.373947910000 -0.407965280000 0.523500280000
0.477315230000 0.858474190000 0.187595930000 0.008797320000
0.280076560000 -0.350977240000 0.893516700000 1.158660790000
0.000000000000 0.000000000000 0.000000000000 1.000000000000
22 30 37
0.427860810000 -0.776921470000 -0.461874600000 1.590506270000
0.570585780000 0.628487770000 -0.528616100000 -0.011735660000
0.700975740000 -0.037364970000 0.712205640000 1.558937640000
0.000000000000 0.000000000000 0.000000000000 1.000000000000
22 31 37
-0.006276600000 -0.974543550000 -0.224110410000 -0.339599050000
0.458632500000 0.196347740000 -0.866662450000 0.515460450000
0.888603870000 -0.108224010000 0.445724940000 1.593780410000
0.000000000000 0.000000000000 0.000000000000 1.000000000000
22 32 37
0.861333260000 0.443240930000 0.248279080000 -0.409588100000
-0.417930560000 0.896046920000 -0.149779740000 -0.147111480000
-0.288858210000 0.025246860000 0.957038940000 0.840438340000
0.000000000000 0.000000000000 0.000000000000 1.000000000000
22 33 37
0.926960350000 0.338229780000 -0.162311820000 -0.138508100000
-0.327650430000 0.940610690000 0.088863480000 -0.933844860000
0.182728510000 -0.029191380000 0.982729950000 0.763856040000
0.000000000000 0.000000000000 0.000000000000 1.000000000000
22 34 37
-0.980359710000 0.196928160000 0.010683730000 -0.225305110000
-0.109747060000 -0.499736440000 -0.859196760000 0.313930930000
-0.163860990000 -0.843494400000 0.511533750000 0.914831290000
0.000000000000 0.000000000000 0.000000000000 1.000000000000
22 35 37
-0.935333730000 0.219601430000 0.277355400000 -1.227728130000
-0.277695060000 -0.941481830000 -0.191042980000 0.078493480000
0.219171760000 -0.255709170000 0.941581950000 0.628459530000
0.000000000000 0.000000000000 0.000000000000 1.000000000000
22 36 37
-0.403302980000 0.409573520000 -0.818288610000 0.896765330000
-0.818205530000 0.239007470000 0.522891130000 -1.920293980000
0.409739450000 0.880411810000 0.238722890000 1.635900750000
0.000000000000 0.000000000000 0.000000000000 1.000000000000
23 25 37
0.225623750000 -0.551336870000 -0.803194610000 0.715594650000
-0.879847740000 -0.469302550000 0.074987130000 0.623265180000
-0.418284450000 0.689770090000 -0.590978300000 2.548642500000
0.000000000000 0.000000000000 0.000000000000 1.000000000000
23 26 37
-0.746311600000 -0.371089480000 -0.552550080000 0.255304730000
0.261319590000 -0.926861220000 0.269518750000 0.496450670000
-0.612152820000 0.056752810000 0.788700230000 1.010806510000
0.000000000000 0.000000000000 0.000000000000 1.000000000000
23 27 37
0.075632600000 0.672697780000 0.736041710000 -2.268527050000
-0.123517640000 0.738791280000 -0.662518560000 1.404196030000
-0.989455960000 -0.040806140000 0.138966750000 0.851312290000
0.000000000000 0.000000000000 0.000000000000 1.000000000000
23 28 37
-0.452382090000 0.666601220000 -0.592446840000 0.022186180000
-0.394191790000 -0.745351620000 -0.537646540000 0.850640510000
-0.799977050000 -0.009683990000 0.599952450000 0.366643460000
0.000000000000 0.000000000000 0.000000000000 1.000000000000
23 29 37
-0.845263520000 0.530191640000 0.066531220000 0.012017840000
-0.525053230000 -0.800970870000 -0.287688660000 0.427957800000
-0.099240560000 -0.278105160000 0.955410290000 0.622993040000
0.000000000000 0.000000000000 0.000000000000 1.000000000000
23 30 37
0.070243470000 -0.968195580000 0.240131560000 -0.140032370000
0.989705040000 0.037550430000 -0.138108270000 1.086769700000
0.124698780000 0.247360620000 0.960865720000 0.322416030000
0.000000000000 0.000000000000 0.000000000000 1.000000000000
23 31 37
0.770356900000 -0.254293110000 0.584709550000 -0.372533570000
0.082782490000 0.949156080000 0.303726500000 0.207391910000
-0.632216190000 -0.185574090000 0.752239950000 0.345929200000
0.000000000000 0.000000000000 0.000000000000 1.000000000000
23 32 37
-0.595301880000 -0.491456500000 -0.635677730000 0.272160110000
0.650159110000 -0.759488540000 -0.021686080000 0.793065470000
-0.472132190000 -0.426201430000 0.771649880000 0.622765050000
0.000000000000 0.000000000000 0.000000000000 1.000000000000
23 33 37
-0.901278060000 0.153936460000 0.404970880000 -0.796520350000
-0.141327290000 -0.988078290000 0.061056460000 0.826824760000
0.409541750000 -0.002204590000 0.912288710000 0.533951910000
0.000000000000 0.000000000000 0.000000000000 1.000000000000
23 34 37
0.943460620000 0.103414120000 -0.314940590000 0.398135350000
-0.062136850000 0.988422830000 0.138417230000 0.511890930000
0.325608770000 -0.111021790000 0.938963840000 0.302975340000
0.000000000000 0.000000000000 0.000000000000 1.000000000000
23 35 37
-0.291668600000 -0.905094560000 -0.309407930000 0.367321520000
0.861516010000 -0.108031350000 -0.496104220000 0.771390570000
0.415595470000 -0.411257910000 0.811262810000 0.596627540000
0.000000000000 0.000000000000 0.000000000000 1.000000000000
23 36 37
0.426225840000 -0.612937570000 -0.665311260000 0.972561770000
0.880662310000 0.449277500000 0.150278500000 -0.152098510000
0.206798040000 -0.649967130000 0.731284690000 0.865568210000
0.000000000000 0.000000000000 0.000000000000 1.000000000000
24 26 37
0.282142250000 0.707916210000 0.647495480000 -0.323050580000
-0.633173790000 0.644451990000 -0.428687050000 0.252902980000
-0.720754260000 -0.289026440000 0.630061130000 0.552505190000
0.000000000000 0.000000000000 0.000000000000 1.000000000000
24 27 37
-0.106070480000 -0.609914460000 0.785336490000 -0.627890980000
0.956813660000 -0.277582030000 -0.086347200000 0.512195650000
0.270659710000 0.742261790000 0.613017740000 0.425754720000
0.000000000000 0.000000000000 0.000000000000 1.000000000000
24 28 37
0.941272560000 -0.307066340000 0.140414480000 0.127591440000
0.231073080000 0.889049060000 0.395217670000 -0.255512090000
-0.246193400000 -0.339561540000 0.907792250000 -0.026415810000
0.000000000000 0.000000000000 0.000000000000 1.000000000000
24 29 37
0.485445120000 0.282251210000 0.827452290000 -0.455373400000
-0.778445020000 0.570355800000 0.262140450000 -0.051675410000
-0.397952750000 -0.771380920000 0.496593480000 0.212128100000
0.000000000000 0.000000000000 0.000000000000 1.000000000000
24 30 37
-0.319344000000 -0.945443600000 -0.064465540000 0.395303720000
-0.647774830000 0.267439840000 -0.713346830000 0.829531600000
0.691669850000 -0.186043880000 -0.697839870000 2.646766860000
0.000000000000 0.000000000000 0.000000000000 1.000000000000
24 31 37
0.549039250000 0.178249430000 -0.816567850000 1.413854450000
0.402387400000 -0.912686870000 0.071323610000 0.028180070000
-0.732557360000 -0.367736080000 -0.572826240000 1.875951810000
0.000000000000 0.000000000000 0.000000000000 1.000000000000
24 32 37
0.418993350000 0.146453790000 0.896100360000 -0.965004930000
-0.904392760000 -0.020439470000 0.426211180000 -0.644053560000
0.080736060000 -0.989006330000 0.123887750000 0.717562000000
0.000000000000 0.000000000000 0.000000000000 1.000000000000
24 33 37
0.003974560000 0.899147150000 0.437628390000 -1.465784060000
-0.998957030000 0.023476730000 -0.039162480000 0.051986010000
-0.045486910000 -0.437016310000 0.898302670000 0.580377890000
0.000000000000 0.000000000000 0.000000000000 1.000000000000
24 34 37
0.707308930000 0.706752540000 -0.014659960000 0.111071620000
0.311355140000 -0.330084570000 -0.891124090000 1.155613780000
-0.634643250000 0.625735580000 -0.453522800000 2.236869690000
0.000000000000 0.000000000000 0.000000000000 1.000000000000
24 35 37
-0.953400320000 0.271341130000 -0.131915960000 -0.092430370000
-0.188273290000 -0.876717520000 -0.442628020000 0.680081070000
-0.235756220000 -0.397165440000 0.886949050000 0.452175550000
0.000000000000 0.000000000000 0.000000000000 1.000000000000
24 36 37
0.902627560000 -0.430370300000 -0.006699760000 0.843875020000
-0.415457370000 -0.875207910000 0.247802920000 -0.812681040000
-0.112510700000 -0.220890280000 -0.968787300000 4.238470840000
0.000000000000 0.000000000000 0.000000000000 1.000000000000
25 27 37
-0.773379710000 -0.603091100000 0.195358520000 -0.643256840000
-0.556197690000 0.793378030000 0.247377090000 -1.793929120000
-0.304184080000 0.082658470000 -0.949020350000 3.669978600000
0.000000000000 0.000000000000 0.000000000000 1.000000000000
25 28 37
-0.514585850000 0.780316520000 -0.355397720000 -0.059751860000
-0.026638980000 0.399738230000 0.916242170000 -1.941978380000
0.857024950000 0.480952690000 -0.184912800000 1.757405680000
0.000000000000 0.000000000000 0.000000000000 1.000000000000
25 29 37
0.636161870000 0.713190710000 -0.294375760000 0.440605120000
0.512005230000 -0.675644800000 -0.530428840000 0.877447740000
-0.577190370000 0.186716680000 -0.794976830000 1.873035880000
0.000000000000 0.000000000000 0.000000000000 1.000000000000
25 30 37
0.778600880000 -0.516894710000 -0.355809680000 0.916192040000
-0.395855000000 -0.844531830000 0.360644990000 -0.675669770000
-0.486908090000 -0.139949470000 -0.862168580000 1.995802360000
0.000000000000 0.000000000000 0.000000000000 1.000000000000
25 31 37
0.891528470000 0.440619500000 0.105030700000 0.497610000000
0.421376640000 -0.891825790000 0.164585810000 -0.236161170000
0.166188800000 -0.102475450000 -0.980754840000 2.308268320000
0.000000000000 0.000000000000 0.000000000000 1.000000000000
25 32 37
0.062814520000 0.929457650000 -0.363542030000 1.079692860000
0.932119650000 0.075539080000 0.354184690000 -0.141734540000
0.356661310000 -0.361112610000 -0.861620800000 1.442957300000
0.000000000000 0.000000000000 0.000000000000 1.000000000000
25 33 37
0.841120140000 0.222067400000 0.493156140000 -0.661429000000
-0.198280030000 0.974945040000 -0.100832520000 -1.000040560000
-0.503191740000 -0.012970750000 0.864077440000 -0.841006190000
0.000000000000 0.000000000000 0.000000000000 1.000000000000
25 34 37
-0.300289220000 0.751426990000 -0.587523500000 0.695155500000
-0.950751710000 -0.285386360000 0.120937250000 -0.184229070000
-0.076795680000 0.594905120000 0.800118940000 -0.475594220000
0.000000000000 0.000000000000 0.000000000000 1.000000000000
25 35 37
0.997285510000 -0.051172590000 0.052943230000 -0.070330260000
0.039884090000 0.979837330000 0.195775540000 -0.251882700000
-0.061894090000 -0.193132520000 0.979218540000 -0.679694600000
0.000000000000 0.000000000000 0.000000000000 1.000000000000
25 36 37
-0.643180880000 0.736086210000 -0.210939450000 -0.753685680000
0.274148780000 0.478586930000 0.834144470000 -2.509418720000
0.714955100000 0.478676980000 -0.509615100000 3.193250800000
0.000000000000 0.000000000000 0.000000000000 1.000000000000
26 28 37
0.708021430000 -0.616860340000 -0.343786230000 0.238853200000
0.693334210000 0.514729930000 0.504322090000 -0.293739220000
-0.134139230000 -0.595429600000 0.792130200000 -0.578165070000
0.000000000000 0.000000000000 0.000000000000 1.000000000000
26 29 37
0.967981160000 0.162055120000 -0.191704500000 0.014824640000
-0.108522000000 0.958798000000 0.262544050000 0.200825860000
0.226352490000 -0.233333540000 0.945684940000 -0.349708190000
0.000000000000 0.000000000000 0.000000000000 1.000000000000
26 30 37
0.143883800000 0.970004440000 0.195930680000 -1.437469830000
0.978446850000 -0.109812150000 -0.174880090000 0.208172730000
-0.148118890000 0.216870170000 -0.964897980000 2.094033390000
0.000000000000 0.000000000000 0.000000000000 1.000000000000
26 31 37
0.183876560000 0.918520380000 0.350013890000 -0.544549210000
-0.539710140000 0.391951060000 -0.745041830000 0.235371900000
-0.821524420000 -0.051910310000 0.567805380000 -0.776269490000
0.000000000000 0.000000000000 0.000000000000 1.000000000000
26 32 37
0.702344760000 0.672926780000 0.232123640000 -0.737787040000
-0.666678600000 0.736129360000 -0.116846930000 -0.330901650000
-0.249502450000 -0.072685030000 0.965642490000 -0.672998210000
0.000000000000 0.000000000000 0.000000000000 1.000000000000
26 33 37
0.970301090000 -0.025572960000 -0.240544860000 -0.097839580000
0.001083540000 0.994845770000 -0.101393930000 -0.195320540000
0.241897970000 0.098122000000 0.965327640000 -0.585457780000
0.000000000000 0.000000000000 0.000000000000 1.000000000000
26 34 37
0.717980940000 -0.680009130000 0.148630280000 -0.529050150000
0.436921580000 0.274062640000 -0.856731700000 1.090266230000
0.541851370000 0.680056800000 0.493882410000 -0.268922310000
0.000000000000 0.000000000000 0.000000000000 1.000000000000
26 35 37
0.809799560000 0.411487420000 0.418213800000 -0.647938140000
-0.546946210000 0.787406250000 0.284325960000 -0.391392210000
-0.212307600000 -0.458987480000 0.862702710000 -0.504985020000
0.000000000000 0.000000000000 0.000000000000 1.000000000000
26 36 37
0.558992960000 -0.817941530000 0.136009280000 -0.523792840000
0.706708850000 0.384185260000 -0.594107980000 0.466262240000
0.433692830000 0.428221140000 0.792803370000 -0.391495380000
0.000000000000 0.000000000000 0.000000000000 1.000000000000
27 29 37
0.233433470000 -0.383348580000 0.893617750000 -1.925625720000
0.899983300000 -0.262773340000 -0.347822110000 1.134846840000
0.368156040000 0.885434380000 0.283667220000 3.085863950000
0.000000000000 0.000000000000 0.000000000000 1.000000000000
27 30 37
-0.222361060000 0.072330430000 -0.972277670000 0.615690590000
-0.974292990000 -0.053488250000 0.218842830000 0.389097670000
-0.036176440000 0.995945440000 0.082364730000 2.015841700000
0.000000000000 0.000000000000 0.000000000000 1.000000000000
27 31 37
0.356381700000 0.633394090000 0.686879910000 -0.924915570000
-0.907378050000 0.059289180000 0.416112800000 -0.655110590000
0.222838840000 -0.771554740000 0.595857480000 0.178583920000
0.000000000000 0.000000000000 0.000000000000 1.000000000000
27 32 37
0.998186227000 0.047472049500 0.037022435300 0.348820943000
0.060187711400 -0.773632620000 -0.630769379000 1.230744310000
-0.001302151520 0.631853602000 -0.775086660000 2.268601460000
0.000000000000 0.000000000000 0.000000000000 1.000000000000
27 33 37
0.879541610000 0.168567100000 0.444962570000 -0.684381730000
-0.286590390000 0.934166920000 0.212598480000 -0.659078430000
-0.379832210000 -0.314511200000 0.869948390000 -0.140821330000
0.000000000000 0.000000000000 0.000000000000 1.000000000000
27 34 37
0.119660650000 0.478716020000 -0.869777150000 0.654891220000
0.937215310000 -0.343527570000 -0.060135360000 0.790567550000
-0.327580190000 -0.807972630000 -0.489766720000 2.357970350000
0.000000000000 0.000000000000 0.000000000000 1.000000000000
27 35 37
-0.224345260000 -0.973658990000 -0.040710960000 -0.312516390000
-0.010202710000 -0.039426800000 0.999170370000 -0.662641040000
-0.974456320000 0.224574490000 -0.001088740000 0.873665990000
0.000000000000 0.000000000000 0.000000000000 1.000000000000
27 36 37
-0.695442290000 -0.033737280000 -0.717789530000 0.618435920000
-0.267668380000 -0.914848400000 0.302334320000 -0.194691970000
-0.666868550000 0.402385640000 0.627193860000 0.274241250000
0.000000000000 0.000000000000 0.000000000000 1.000000000000
28 30 37
0.238845120000 0.615263400000 -0.751268230000 -0.452954610000
-0.963046510000 0.249256920000 -0.102041180000 -0.649766500000
0.124476600000 0.747878290000 0.652061070000 -0.449726970000
0.000000000000 0.000000000000 0.000000000000 1.000000000000
28 31 37
0.969493150000 -0.023626530000 0.243977100000 -0.401645610000
0.101985570000 0.943980620000 -0.313846360000 0.629784330000
-0.222894550000 0.329154040000 0.917592310000 0.057918090000
0.000000000000 0.000000000000 0.000000000000 1.000000000000
28 32 37
0.871642370000 0.375375040000 -0.315171640000 -0.067451110000
-0.402728110000 0.915004890000 -0.024002440000 0.281236350000
0.279373680000 0.147850020000 0.948731110000 0.570319490000
0.000000000000 0.000000000000 0.000000000000 1.000000000000
28 33 37
0.525191750000 -0.747604230000 -0.406523720000 0.600176850000
-0.834116140000 -0.357602440000 -0.419965190000 0.824531350000
0.168593880000 0.559650250000 -0.811398610000 1.947488730000
0.000000000000 0.000000000000 0.000000000000 1.000000000000
28 34 37
-0.007054440000 0.914979860000 0.403437850000 -0.873405810000
0.378874860000 -0.370922810000 0.847862080000 -0.959746240000
0.925421030000 0.158833650000 -0.344046210000 1.819723560000
0.000000000000 0.000000000000 0.000000000000 1.000000000000
28 35 37
-0.864629890000 0.411318250000 -0.288500350000 -0.070081600000
-0.029419430000 -0.614698540000 -0.788213300000 0.910817970000
-0.501547250000 -0.673025260000 0.543587480000 0.709832410000
0.000000000000 0.000000000000 0.000000000000 1.000000000000
28 36 37
0.971188530000 -0.095891400000 -0.218168930000 -0.342999030000
0.082268100000 0.994098310000 -0.070714240000 -0.183002770000
0.223662250000 0.050728520000 0.973345680000 -0.188905350000
0.000000000000 0.000000000000 0.000000000000 1.000000000000
29 31 37
0.333095690000 -0.909697750000 -0.247986400000 0.044631420000
0.877782870000 0.203139010000 0.433856850000 -0.414542550000
-0.344302890000 -0.362194060000 0.866181840000 -0.482376960000
0.000000000000 0.000000000000 0.000000000000 1.000000000000
29 32 37
0.102496000000 -0.853331770000 -0.511194150000 -0.043148260000
0.972207670000 0.194679690000 -0.130046400000 0.073472260000
0.210491840000 -0.483657630000 0.849569580000 0.114203850000
0.000000000000 0.000000000000 0.000000000000 1.000000000000
29 33 37
0.152941500000 -0.965572860000 -0.210423260000 0.539212170000
0.869296290000 0.232724300000 -0.436077240000 0.267161820000
0.470034960000 -0.116225850000 0.874962110000 -0.076050130000
0.000000000000 0.000000000000 0.000000000000 1.000000000000
29 34 37
-0.778115430000 0.467595230000 0.419393700000 -1.063469770000
-0.565091320000 -0.229610210000 -0.792433560000 0.512059730000
-0.274241080000 -0.853600520000 0.442897250000 0.227394820000
0.000000000000 0.000000000000 0.000000000000 1.000000000000
29 35 37
0.865037480000 0.400967350000 0.301554860000 -0.496795800000
-0.369648380000 0.915762230000 -0.157288310000 -0.181987640000
-0.339220030000 0.024591020000 0.940385590000 -0.328911520000
0.000000000000 0.000000000000 0.000000000000 1.000000000000
29 36 37
-0.227622790000 -0.846261770000 -0.481693770000 0.377999930000
0.339583220000 0.394635800000 -0.853783240000 1.643160880000
0.912617720000 -0.357915640000 0.197548200000 1.215069970000
0.000000000000 0.000000000000 0.000000000000 1.000000000000
30 32 37
0.506045820000 -0.832671000000 -0.224892500000 -0.381717790000
0.830750490000 0.400452390000 0.386641310000 0.512298980000
-0.231886270000 -0.382487770000 0.894389100000 0.284961380000
0.000000000000 0.000000000000 0.000000000000 1.000000000000
30 33 37
0.007113460000 0.890141510000 0.455628670000 -1.306442450000
-0.994088680000 -0.043069450000 0.099663000000 0.724869430000
0.108337850000 -0.453644250000 0.884573230000 0.312385700000
0.000000000000 0.000000000000 0.000000000000 1.000000000000
30 34 37
-0.497195030000 0.273778590000 -0.823311840000 0.688997940000
-0.523423580000 -0.851434780000 0.032963190000 0.047212990000
-0.691971720000 0.447329960000 0.566631310000 0.680429540000
0.000000000000 0.000000000000 0.000000000000 1.000000000000
30 35 37
-0.522349490000 0.502475270000 0.688962710000 -1.459395830000
-0.477879980000 -0.841646910000 0.251517810000 0.129157340000
0.706244810000 -0.197861290000 0.679756700000 0.449323930000
0.000000000000 0.000000000000 0.000000000000 1.000000000000
30 36 37
-0.244753410000 -0.405992710000 0.880491730000 -2.431257630000
0.615301470000 -0.766861020000 -0.182560310000 1.359498500000
0.749332940000 0.497085600000 0.437499760000 0.743722070000
0.000000000000 0.000000000000 0.000000000000 1.000000000000
31 33 37
0.948577360000 -0.287545180000 0.132358430000 0.072805250000
0.316172750000 0.840376470000 -0.440229690000 0.025027990000
0.015355010000 0.459440040000 0.888076050000 -0.179781330000
0.000000000000 0.000000000000 0.000000000000 1.000000000000
31 34 37
0.999218570000 -0.013840280000 0.037022840000 -0.420663300000
0.015652450000 0.998670540000 -0.049113760000 -0.108145140000
-0.036293870000 0.049654880000 0.998106780000 -0.057941770000
0.000000000000 0.000000000000 0.000000000000 1.000000000000
31 35 37
-0.791506220000 0.472053330000 -0.388179800000 -0.223575580000
-0.253620590000 -0.831578480000 -0.494119250000 0.253827250000
-0.556052600000 -0.292648070000 0.777921980000 0.269075640000
0.000000000000 0.000000000000 0.000000000000 1.000000000000
31 36 37
-0.085488610000 0.850815360000 -0.518464000000 -0.052107640000
-0.972967430000 -0.183338350000 -0.140432990000 0.156329730000
-0.214536880000 0.492443160000 0.843488980000 0.118432940000
0.000000000000 0.000000000000 0.000000000000 1.000000000000
32 34 37
-0.992980200000 0.008011360000 -0.118009050000 -0.265328230000
0.104658830000 -0.405324580000 -0.908162160000 0.746722440000
-0.055107580000 -0.914137740000 0.401640820000 0.265100000000
0.000000000000 0.000000000000 0.000000000000 1.000000000000
32 35 37
0.896926430000 -0.127966100000 0.423258380000 -0.650175390000
0.191993510000 0.974974740000 -0.112083650000 0.140444250000
-0.398323330000 0.181793650000 0.899049270000 0.063549950000
0.000000000000 0.000000000000 0.000000000000 1.000000000000
32 36 37
0.824356730000 -0.268952640000 -0.498096830000 0.262497720000
0.028815370000 -0.858841480000 0.511430330000 -1.269679800000
-0.565336760000 -0.435953880000 -0.700241790000 2.515643580000
0.000000000000 0.000000000000 0.000000000000 1.000000000000
33 35 37
-0.866639420000 -0.352667920000 0.352932650000 -0.512314500000
0.180673980000 -0.881189760000 -0.436877010000 0.915278420000
0.465073150000 -0.314849090000 0.827391690000 0.308939690000
0.000000000000 0.000000000000 0.000000000000 1.000000000000
33 36 37
-0.227423800000 0.885339970000 0.405526260000 -1.249252050000
-0.908331730000 -0.342975450000 0.239376930000 0.520642590000
0.351015520000 -0.313912350000 0.882183170000 0.130339050000
0.000000000000 0.000000000000 0.000000000000 1.000000000000
34 36 37
0.984121920000 0.100903320000 -0.146022460000 -0.096496390000
-0.150568910000 0.910216050000 -0.385792350000 -0.100080800000
0.093984260000 0.401653150000 0.910956480000 -0.201093720000
0.000000000000 0.000000000000 0.000000000000 1.000000000000
