0 5 60
0.107164711723 -0.876390344975 0.469527089525 -1.346755541087
-0.943758590587 -0.238233747812 -0.229269282934 0.152042150973
0.312786584200 -0.418550647640 -0.852631167683 4.489476120981
0.000000000000 0.000000000000 0.000000000000 1.000000000000
0 9 60
0.684916656362 0.543543666615 -0.485231343092 1.285645182955
-0.638771817234 0.768302490676 -0.041010344180 -0.669073011728
0.350513536607 0.338040774617 0.873423548658 0.866053993818
0.000000000000 0.000000000000 0.000000000000 1.000000000000
0 10 60
0.996823625303 -0.020008395228 0.077086471961 -0.224839643122
0.005118994317 0.982022100244 0.188696556747 -0.062174853375
-0.079476134380 -0.187702580568 0.979005252954 0.141681655385
0.000000000000 0.000000000000 0.000000000000 1.000000000000
0 12 60
0.216306718052 0.941678955262 -0.257783143247 -0.059509503885
-0.952462545144 0.145512589145 -0.267658712724 0.112958769497
-0.214537884353 0.303425166420 0.928389285031 0.596019691680
0.000000000000 0.000000000000 0.000000000000 1.000000000000
0 17 60
0.558740255776 0.297722600657 -0.774061095544 0.697095992478
-0.269730376068 0.947835802384 0.169861166676 -0.804543422374
0.784254327883 0.113879518685 0.609898847696 1.746926499158
0.000000000000 0.000000000000 0.000000000000 1.000000000000
0 18 60
0.761858128295 0.464826128579 -0.451119565683 0.115631504662
-0.429937926884 0.883793523902 0.184559979778 -0.899055140266
0.484484851547 0.053344890095 0.873171662002 1.400895795992
0.000000000000 0.000000000000 0.000000000000 1.000000000000
0 19 60
0.278970011976 -0.959663437599 0.034954526942 1.199587754836
0.785426788156 0.248960680964 0.566677456567 0.155285580855
-0.552521938808 -0.130631795017 0.823197935654 1.771210148660
0.000000000000 0.000000000000 0.000000000000 1.000000000000
0 20 60
0.913577842686 0.098835075875 -0.394470725316 -0.346336763224
-0.155431479228 0.981232266289 -0.114124032784 -0.519120516061
0.375787946347 0.165574356017 0.911794139052 1.513942787016
0.000000000000 0.000000000000 0.000000000000 1.000000000000
0 21 60
0.523940218412 0.843134310125 -0.120876724893 -0.672192834569
0.772737882637 -0.410829155956 0.483834237476 -0.959857312662
0.358277563167 -0.346906240512 -0.866771739286 2.887436544326
0.000000000000 0.000000000000 0.000000000000 1.000000000000
0 22 60
0.085406148257 -0.014212906825 0.996244840950 -1.617978519752
0.794978955410 0.603708159216 -0.059539221958 -0.104698183447
-0.600594913644 0.797078698609 0.062859350372 2.011120228199
0.000000000000 0.000000000000 0.000000000000 1.000000000000
0 23 60
0.243384639939 0.834794291635 0.493844517733 -1.128335133542
-0.964300207782 0.263036963735 0.030604982959 -0.544453074812
-0.104350497431 -0.483663153819 0.869011465588 1.606231926194
0.000000000000 0.000000000000 0.000000000000 1.000000000000
0 24 60
0.996588515116 -0.059513327072 0.057179501921 -0.221374193737
-0.005755441551 0.641023507780 0.767499666036 -1.250201178444
-0.082329863547 -0.765210445808 0.638494140297 1.624899452938
0.000000000000 0.000000000000 0.000000000000 1.000000000000
0 25 60
0.586478296220 0.603282264126 0.540456952823 -1.280765644756
-0.809956255546 0.439909463410 0.387879527823 -0.753505801111
-0.003751288360 -0.665229414409 0.746629596280 1.381005157051
0.000000000000 0.000000000000 0.000000000000 1.000000000000
0 34 60
0.889143976622 0.393291604422 0.233975859281 -0.656976330881
-0.292798042940 0.095979308323 0.951344983917 -1.747125568995
0.351699153946 -0.914390335832 0.200494435956 1.992899437690
0.000000000000 0.000000000000 0.000000000000 1.000000000000
0 37 60
0.497870255496 0.863515203117 0.080415811118 -0.922110567659
-0.867249025960 0.495946512736 0.043774233005 0.342974214449
-0.002082225388 -0.091534422435 0.995799735814 0.494871474676
0.000000000000 0.000000000000 0.000000000000 1.000000000000
0 39 60
0.987072598251 -0.112546885573 0.114109089595 -0.412602288239
0.114561360050 0.993352679406 -0.011231611660 0.575453113932
-0.112086486982 0.024158908602 0.993404734522 -0.760372165972
0.000000000000 0.000000000000 0.000000000000 1.000000000000
0 41 60
0.345397510652 0.645718381847 -0.680990698159 1.520306793798
-0.933702344276 0.309400844233 -0.180197252700 0.272859017417
0.094342418499 0.698082293811 0.709775048265 0.904063800688
0.000000000000 0.000000000000 0.000000000000 1.000000000000
0 45 60
0.693861793220 -0.538811198558 0.477742926916 -0.569088736235
0.675386051812 0.717086538522 -0.172164390305 0.702479939053
-0.249818920276 0.442119201777 0.861464519579 -0.513455088833
0.000000000000 0.000000000000 0.000000000000 1.000000000000
0 46 60
0.928500105916 0.257812434458 -0.267245770689 0.959697585530
-0.289966792134 0.952972472906 -0.088106329753 0.372354648954
0.231962955603 0.159299135346 0.959592086621 -0.661873285633
0.000000000000 0.000000000000 0.000000000000 1.000000000000
0 47 60
0.249178502988 0.711668226178 -0.656839713703 1.421618104895
-0.964988005239 0.239811150209 -0.106248585772 0.017755276300
0.081903744675 0.660317308636 0.746507085381 0.727223915239
0.000000000000 0.000000000000 0.000000000000 1.000000000000
0 48 60
0.889388580913 0.137943615133 0.435843448025 -1.049939632247
-0.239589925395 -0.671313891436 0.701380301130 -1.911223553930
0.389338695472 -0.728223329899 -0.564009008793 3.107426274209
0.000000000000 0.000000000000 0.000000000000 1.000000000000
0 50 60
0.750963253411 -0.593941162163 -0.288596756591 0.022858915526
0.532770089444 0.803165953278 -0.266609233313 0.944048672868
0.390141286998 0.046458017416 0.919582203393 -0.714211158169
0.000000000000 0.000000000000 0.000000000000 1.000000000000
0 52 60
0.968207775483 -0.068284119225 -0.240647008202 2.385116808272
0.123923990722 0.966605565185 0.224313454517 0.085618766456
0.217293690701 -0.247003968420 0.944337064594 0.381779839561
0.000000000000 0.000000000000 0.000000000000 1.000000000000
0 58 60
0.606520738588 0.738640442224 -0.294181730866 0.216897607742
-0.769847577557 0.638055292182 0.014837501389 -0.533024213024
0.198663788829 0.217475840568 0.955634322206 0.545706706077
0.000000000000 0.000000000000 0.000000000000 1.000000000000
0 59 60
0.796058534051 -0.358552684875 -0.487576437632 1.620949149421
0.553248089639 0.757732787112 0.346060073753 -0.114909971199
0.245371884446 -0.545234807678 0.801568239653 1.050430542696
0.000000000000 0.000000000000 0.000000000000 1.000000000000
1 3 60
0.791832461485 -0.020849368158 -0.610382385711 1.490188719105
-0.118086599059 0.975331301985 -0.186505781387 0.417982445333
0.599213574664 0.219759312011 0.769836954636 0.779830295019
0.000000000000 0.000000000000 0.000000000000 1.000000000000
1 4 60
0.989622418901 0.112985593432 -0.088779072338 0.974245519432
-0.100196657937 0.985455076122 0.137254955042 0.031253096368
0.102995620037 -0.126935214273 0.986549215007 0.013476834283
0.000000000000 0.000000000000 0.000000000000 1.000000000000
1 5 60
0.850366994689 0.223095605137 -0.476554640426 1.488774092208
-0.228672983220 0.972360420209 0.047158031721 -0.039756360616
0.473903620042 0.068873537584 0.877879145858 0.532633355949
0.000000000000 0.000000000000 0.000000000000 1.000000000000
1 6 60
0.981852601586 0.063438097740 -0.178720666160 0.764490395552
-0.074062489038 0.995822363264 -0.053409442422 -0.244479404902
0.174585842711 0.065676697370 0.982449161508 0.029522746904
0.000000000000 0.000000000000 0.000000000000 1.000000000000
1 7 60
0.999361893473 -0.012840084604 -0.033330738096 0.138494121941
0.012625055549 0.999898161972 -0.006653845365 0.022867157420
0.033412779697 0.006228797083 0.999422227209 0.036537131173
0.000000000000 0.000000000000 0.000000000000 1.000000000000
1 12 60
0.253534255826 0.591018315727 0.765779166338 -0.518919387771
-0.895441470783 -0.156078446237 0.416922164224 -0.599285151338
0.365930257732 -0.791414473645 0.489651077177 1.931921419933
0.000000000000 0.000000000000 0.000000000000 1.000000000000
1 17 60
0.050423175668 -0.895858612184 -0.441468968706 1.596684061492
-0.987567582960 -0.110621326223 0.111683442242 -0.210731025544
-0.148888456376 0.430349008550 -0.890298802874 3.536406182805
0.000000000000 0.000000000000 0.000000000000 1.000000000000
1 18 60
-0.010282955951 0.742645337133 0.669605976715 0.315725011485
-0.401257922157 0.610297350539 -0.683029445801 1.170217003891
-0.915907386543 -0.275708264584 0.291716664105 1.541654798159
0.000000000000 0.000000000000 0.000000000000 1.000000000000
1 19 60
0.698633797840 -0.074500622542 -0.711590102346 0.014268033964
-0.149948985964 0.957230509213 -0.247436969427 0.594150945745
0.699589964282 0.279570043946 0.657582293255 1.721551913386
0.000000000000 0.000000000000 0.000000000000 1.000000000000
1 20 60
0.155562974897 0.891492513573 -0.425489434751 1.445321999273
0.520486806397 -0.440064463084 -0.731735439006 0.973350859386
-0.839579445441 -0.107630695320 -0.532467828340 2.634192968913
0.000000000000 0.000000000000 0.000000000000 1.000000000000
1 21 60
-0.637999238828 0.756358139656 0.144496836750 0.999029127184
-0.724260724443 -0.653146983265 0.221010002673 0.276219672051
0.261540387483 0.036350829815 0.964507772331 1.455321945225
0.000000000000 0.000000000000 0.000000000000 1.000000000000
1 22 60
-0.152896206813 0.954159232882 -0.257299258156 1.321781472681
-0.871049934769 -0.007136752151 0.491142624813 -0.083061763693
0.466791989094 0.299214346371 0.832211519894 1.671861049252
0.000000000000 0.000000000000 0.000000000000 1.000000000000
1 24 60
0.824169260886 0.476346901902 0.306330962292 0.764418305008
-0.536909951151 0.829279137473 0.154996182233 0.188433378541
-0.180201924978 -0.292215230951 0.939221765631 0.920001473500
0.000000000000 0.000000000000 0.000000000000 1.000000000000
1 25 60
-0.618432386771 -0.301003790624 0.725905022039 -0.936101201089
0.553070701941 0.489504561814 0.674164729586 -0.036206370176
-0.558259958841 0.818402102878 -0.136249096730 2.865732003657
0.000000000000 0.000000000000 0.000000000000 1.000000000000
1 29 60
0.092612733495 0.193466370953 -0.976725982507 2.956167577050
-0.038276864295 -0.979525029469 -0.197650191763 2.071484926174
-0.994966212117 0.055690932421 -0.083311204478 3.817815804217
0.000000000000 0.000000000000 0.000000000000 1.000000000000
1 30 60
-0.337457254748 0.713365750874 0.614192076389 -2.169850172606
-0.864853530869 0.022672282634 -0.501512051445 2.815958860736
-0.371686657499 -0.700425065999 0.609305962187 1.498346984075
0.000000000000 0.000000000000 0.000000000000 1.000000000000
1 52 60
0.985443515677 -0.011319536869 -0.169625898656 0.795430202168
0.017958829040 0.999129307909 0.037657755332 0.228104341493
0.169051938378 -0.040155873322 0.984788783429 0.322495764674
0.000000000000 0.000000000000 0.000000000000 1.000000000000
1 53 60
0.793077240490 -0.560040101470 0.239548691003 0.760700464895
0.302641372616 0.703583107794 0.642945573130 -0.458413503520
-0.528617716499 -0.437408156271 0.727487054614 1.813190609200
0.000000000000 0.000000000000 0.000000000000 1.000000000000
1 59 60
0.875777254309 0.111416751608 -0.469681283739 1.155582990659
-0.113611612141 0.993240806743 0.023771861685 -0.298931204192
0.469155200781 0.032542392081 0.882515943368 1.208899214444
0.000000000000 0.000000000000 0.000000000000 1.000000000000
2 7 60
0.810412919546 -0.261013347303 0.524502557061 -0.939591664096
0.310957993004 0.950393987212 -0.007509704299 -0.011348715490
-0.496523943451 0.169184223855 0.851375752519 0.388781968137
0.000000000000 0.000000000000 0.000000000000 1.000000000000
2 8 60
0.907414572285 -0.420074915644 0.011655867662 0.654756478083
0.420207916895 0.906679548271 -0.036844311979 -0.091903145368
0.004909234419 0.038330953466 0.999253039737 0.535587786868
0.000000000000 0.000000000000 0.000000000000 1.000000000000
2 9 60
-0.533262289290 0.830949615558 -0.158600338036 0.607694189998
-0.311084511391 -0.018276156536 0.950206508542 -2.054244025691
0.786675128369 0.556047406708 0.268241540220 2.298347290302
0.000000000000 0.000000000000 0.000000000000 1.000000000000
2 10 60
0.693539227371 -0.719963864231 0.025600279288 0.755651057309
0.676650989857 0.663190202849 0.319878403103 -0.560904347467
-0.247278745595 -0.204525766220 0.947112682276 0.359331838649
0.000000000000 0.000000000000 0.000000000000 1.000000000000
2 11 60
0.295179173233 0.927688476179 -0.228611781967 1.037318300632
-0.431180549449 0.342863885113 0.834582344686 -1.894400287318
0.852615147336 -0.147778372740 0.501207505016 1.487711059167
0.000000000000 0.000000000000 0.000000000000 1.000000000000
2 12 60
0.875248561689 0.431837376857 0.217844979771 -0.221146996695
-0.482137056247 0.814834768380 0.321851144526 -0.728403884545
-0.038520309644 -0.386730888590 0.921387760693 0.723429286141
0.000000000000 0.000000000000 0.000000000000 1.000000000000
2 14 60
0.983395528671 0.076593800006 0.164519372686 0.827339661165
-0.103168090113 0.981776261431 0.159598614260 -0.606279118235
-0.149296950307 -0.173921713112 0.973376421708 -0.095959772589
0.000000000000 0.000000000000 0.000000000000 1.000000000000
2 15 60
0.333443731815 0.826722272512 -0.453150705445 1.695580905978
-0.600158169624 0.556823730152 0.574245161036 -1.456476520442
0.727066330638 0.080483648471 0.681833508403 1.359811807996
0.000000000000 0.000000000000 0.000000000000 1.000000000000
2 17 60
0.306535712238 0.950490312355 -0.051029631019 0.601697356949
-0.457266003139 0.100026420937 -0.883686888829 1.328555311566
-0.834831515635 0.294215705280 0.465288576337 1.080447763510
0.000000000000 0.000000000000 0.000000000000 1.000000000000
2 18 60
0.382164192675 0.148325370991 -0.912112994183 1.790372506105
-0.417281172192 -0.852975053091 -0.313544226768 0.545369497822
-0.824516193395 0.500432955675 -0.264083137864 2.362984644622
0.000000000000 0.000000000000 0.000000000000 1.000000000000
2 19 60
0.937022144455 -0.318976464390 -0.142279710308 -0.625023984292
-0.336158886572 -0.934192896641 -0.119502447029 0.521849190610
-0.094798226667 0.159805028182 -0.982586204456 3.990006206769
0.000000000000 0.000000000000 0.000000000000 1.000000000000
2 20 60
-0.840684168202 0.541021137408 -0.023372167501 0.089253554851
-0.215983770664 -0.374566992773 -0.901693173277 1.113143728698
-0.496589508694 -0.752991166484 0.431744326022 1.205496140595
0.000000000000 0.000000000000 0.000000000000 1.000000000000
2 21 60
-0.145283395046 0.551870602289 -0.821176944059 1.087292740370
0.681051832441 -0.546265340053 -0.487609043995 0.871406919771
-0.717677599381 -0.630105559876 -0.296489201760 2.165055900742
0.000000000000 0.000000000000 0.000000000000 1.000000000000
2 22 60
0.985899682537 0.046902760805 0.160629844676 -0.723054746176
-0.090766475579 0.956324219144 0.277858659737 0.097219945116
-0.140581872525 -0.288520569299 0.947096942350 2.454749454644
0.000000000000 0.000000000000 0.000000000000 1.000000000000
2 23 60
0.489562834227 0.871577957933 -0.026078623210 0.286520915561
-0.392353901862 0.193477886215 -0.899235632768 1.206697221296
-0.778708319615 0.450464394589 0.436686594907 1.284491222995
0.000000000000 0.000000000000 0.000000000000 1.000000000000
2 24 60
0.701402333760 -0.705105447315 0.104216478369 0.540276945132
-0.590277915970 -0.492671113359 0.639411570101 -0.395525237301
-0.399508132726 -0.510001453163 -0.761768842667 2.433583265701
0.000000000000 0.000000000000 0.000000000000 1.000000000000
2 25 60
0.688801920720 0.359472896776 0.629548370260 -0.207335284721
0.695520105116 -0.572601565767 -0.434026762147 0.765597429921
0.204459525070 0.736822016069 -0.644429685260 2.797336112644
0.000000000000 0.000000000000 0.000000000000 1.000000000000
2 34 60
-0.324551293773 0.812643662653 -0.484021420249 0.655762469894
0.898280190542 0.425078912417 0.111358059866 -0.727312614269
0.296241720542 -0.398645451205 -0.867941615112 3.582936703638
0.000000000000 0.000000000000 0.000000000000 1.000000000000
2 37 60
0.718769871593 -0.474062115905 0.508561679598 -0.747250513032
0.190966436480 0.837965501379 0.511219755719 -1.232567811654
-0.668507061914 -0.270331146491 0.692834308769 1.767719636820
0.000000000000 0.000000000000 0.000000000000 1.000000000000
2 39 60
0.856172617466 -0.140130542656 0.497324723008 -0.949067544793
0.123568422810 0.990121750219 0.066255298874 -0.001311405111
-0.501696416157 0.004727658989 0.865030840638 -0.133337151622
0.000000000000 0.000000000000 0.000000000000 1.000000000000
2 40 60
0.934635595176 -0.122000275928 0.334024305857 -0.519656548497
0.055952999743 0.978060156842 0.200667863437 -0.056017941562
-0.351177399684 -0.168861666076 0.920956118217 0.023189100036
0.000000000000 0.000000000000 0.000000000000 1.000000000000
2 41 60
0.742075760977 -0.225653846841 0.631192447971 -0.638067185826
0.063287319967 0.961013551990 0.269161044772 -0.238739079923
-0.667321721586 -0.159791408709 0.727425890110 0.311411299895
0.000000000000 0.000000000000 0.000000000000 1.000000000000
2 53 60
0.952451463252 0.303951470410 0.021206456207 0.324389220193
-0.015137883648 0.116719818204 -0.993049509600 1.420359411943
-0.304314072345 0.945510437634 0.115771143633 1.863439151352
0.000000000000 0.000000000000 0.000000000000 1.000000000000
3 5 60
0.975579807729 0.003642772716 0.219615047205 -0.460878099812
-0.015746831607 0.998449590488 0.053389629602 -0.047555726383
-0.219080067661 -0.055544085748 0.974124621643 -0.164638505427
0.000000000000 0.000000000000 0.000000000000 1.000000000000
3 6 60
0.981436307986 0.122542185969 0.147533677593 -0.473317614351
-0.091130211125 0.974829997440 -0.203474226163 -0.063996694205
-0.168754431012 0.186252218109 0.967900848880 -0.006424373208
0.000000000000 0.000000000000 0.000000000000 1.000000000000
3 7 60
0.999764678952 0.019932408575 -0.008560713102 -0.367524524058
-0.019869502704 0.999775407041 0.007371454264 -0.137644392742
0.008705721265 -0.007199622493 0.999936185891 -0.010431791280
0.000000000000 0.000000000000 0.000000000000 1.000000000000
3 8 60
0.962548462146 0.262384158967 0.068227642077 -0.166464587145
-0.270659186889 0.944523170011 0.186063392062 -0.447173453422
-0.015622502137 -0.197561470019 0.980166007874 0.247614605842
0.000000000000 0.000000000000 0.000000000000 1.000000000000
3 9 60
0.654607885026 -0.078475659362 0.751884357963 -1.756421613400
0.165874601859 0.985269884775 -0.041579689901 0.291741711086
-0.737546021153 0.151936911387 0.657982554205 0.411475939061
0.000000000000 0.000000000000 0.000000000000 1.000000000000
3 11 60
0.746261440834 -0.572266948401 0.340006473015 -0.396351320755
0.163746022506 0.652911698893 0.739522517278 -1.800566243671
-0.645198498168 -0.496202431691 0.580949261766 1.052404662066
0.000000000000 0.000000000000 0.000000000000 1.000000000000
3 12 60
0.842573101183 0.256263030942 -0.473708589890 0.666907106201
-0.420272528491 0.862878281865 -0.280734879348 0.144451520210
0.336810883076 0.435626364743 0.834738341866 1.169682891042
0.000000000000 0.000000000000 0.000000000000 1.000000000000
3 15 60
0.900842686073 0.334086381443 -0.277252131972 1.261738495957
-0.229977043007 0.908870571073 0.347943737876 -1.058596305438
0.368229567850 -0.249680945952 0.895581604651 0.673916712765
0.000000000000 0.000000000000 0.000000000000 1.000000000000
3 16 60
0.158868793816 0.534095985454 -0.830362682612 1.285635847677
-0.767839560422 0.595531909121 0.236144351341 -0.685482026027
0.620631223677 0.600069348942 0.504711462774 1.827970096657
0.000000000000 0.000000000000 0.000000000000 1.000000000000
3 17 60
0.822548539055 0.387924693424 -0.415846525933 0.875102201623
-0.178603110431 0.870445697201 0.458721284843 -0.082175543248
0.539921132984 -0.303049039687 0.785268393418 0.442778194970
0.000000000000 0.000000000000 0.000000000000 1.000000000000
3 18 60
0.755955854924 0.334738145864 -0.562566546384 0.653563269425
0.373538257242 0.485159351904 0.790626064355 -0.338977642393
0.537587123900 -0.807818529723 0.241721549004 1.251597694259
0.000000000000 0.000000000000 0.000000000000 1.000000000000
3 19 60
-0.198701888877 -0.586250307822 0.785384069061 -0.544757311836
-0.292771006697 0.800278245172 0.523297112491 -0.149341660251
-0.935308877855 -0.125957559847 -0.330653891740 1.823280342817
0.000000000000 0.000000000000 0.000000000000 1.000000000000
3 20 60
0.805550032424 0.511958472848 0.298308007503 -1.215328046158
-0.562741917822 0.818640637928 0.114669262919 0.145613834505
-0.185501156834 -0.260242248706 0.947556485283 1.694483439439
0.000000000000 0.000000000000 0.000000000000 1.000000000000
3 21 60
0.460346917902 -0.479308176266 0.747224455798 -1.597210746192
0.646573284429 0.757788597248 0.087746394472 0.270660689264
-0.608295736498 0.442741588339 0.658753506947 1.948605889738
0.000000000000 0.000000000000 0.000000000000 1.000000000000
3 22 60
-0.845184911072 -0.515094190877 -0.142619916635 -0.117511105471
-0.079424598264 -0.142835705651 0.986554455862 -0.437941227827
-0.528539685632 0.845148469629 0.079811434000 1.444700064471
0.000000000000 0.000000000000 0.000000000000 1.000000000000
3 23 60
0.753715115023 0.372831175263 0.541212010342 -1.409358315487
0.569786258389 -0.781087950493 -0.255431465067 0.462864852768
0.327501366619 0.500897722441 -0.801151874812 3.179596592569
0.000000000000 0.000000000000 0.000000000000 1.000000000000
3 24 60
0.112685031911 0.727248496812 0.677061081046 -0.251607869863
0.374802721427 0.599955658916 -0.706806994409 1.077967427990
-0.920230951226 0.333410904468 -0.204968693189 1.288519393025
0.000000000000 0.000000000000 0.000000000000 1.000000000000
3 25 60
0.918735173512 -0.360873169611 -0.160300456664 0.118391493718
0.360648279363 0.932168768372 -0.031531030182 0.496654637347
0.160805782061 -0.028843417392 0.986564522841 0.785386123754
0.000000000000 0.000000000000 0.000000000000 1.000000000000
3 36 60
0.994972466841 -0.001030558130 -0.100143537883 -0.171171332751
0.055097488563 0.840650454690 0.538768113183 -1.384671702383
0.083630478796 -0.541577096062 0.836480837818 1.054649901765
0.000000000000 0.000000000000 0.000000000000 1.000000000000
3 37 60
0.990773131623 0.054491867300 0.124093666445 -0.797784763554
-0.079880971379 0.974460294099 0.209871783801 -0.813714645159
-0.109488045308 -0.217848047093 0.969821940519 1.240163363133
0.000000000000 0.000000000000 0.000000000000 1.000000000000
3 39 60
0.945832021870 -0.032980962804 0.322976845140 -0.856889278577
-0.067909627787 0.952721180131 0.296159813925 -0.624474080864
-0.317474516864 -0.302050672938 0.898874475174 -0.305900482443
0.000000000000 0.000000000000 0.000000000000 1.000000000000
3 53 60
-0.033698366287 0.016205467103 0.999300656933 -0.726834103337
-0.228841196315 -0.973430325564 0.008068961635 0.461259453110
0.972880325106 -0.228409246985 0.036511490145 1.583682951294
0.000000000000 0.000000000000 0.000000000000 1.000000000000
3 55 60
0.314619150303 0.166791800428 -0.934449188331 2.000333041503
-0.206888811042 0.972822883328 0.103983929233 0.136724181792
0.926397220488 0.160611746093 0.340576066230 1.410044385180
0.000000000000 0.000000000000 0.000000000000 1.000000000000
4 6 60
0.997259135500 -0.006247544377 -0.073723706174 -0.288177512950
-0.016364191261 0.953126706309 -0.302128606664 -0.172003194723
0.072155595121 0.302506941921 0.950412079145 0.276923513915
0.000000000000 0.000000000000 0.000000000000 1.000000000000
4 7 60
0.949671214451 -0.042806819367 -0.310309781767 -0.063058110983
-0.002674399742 0.989474673935 -0.144681433601 -0.118809820366
0.313237022126 0.138229685156 0.939561132716 0.361452640146
0.000000000000 0.000000000000 0.000000000000 1.000000000000
4 9 60
0.998039604880 0.046917279746 -0.041421201729 0.580952829732
-0.016495496637 0.835627960916 0.549048094000 -1.551838798088
0.060372557359 -0.547288479502 0.834763723769 1.079194635968
0.000000000000 0.000000000000 0.000000000000 1.000000000000
4 13 60
0.723568899048 0.263311216126 -0.638055837519 1.695207413724
0.125463541053 0.858811660771 0.496690478255 -1.323043166522
0.678753967352 -0.439442527283 0.588373450301 1.523483906272
0.000000000000 0.000000000000 0.000000000000 1.000000000000
4 17 60
-0.873400101060 0.099537312539 0.476722756832 -0.938322491892
-0.276577799149 -0.907090191369 -0.317320194348 0.509510960738
0.400845337365 -0.408998420700 0.819782475647 0.968956929489
0.000000000000 0.000000000000 0.000000000000 1.000000000000
4 18 60
0.326263398047 -0.888435038012 -0.322855042283 -0.048386832187
-0.944663309542 -0.318768177955 -0.077447274500 -0.366188381822
-0.034109041308 0.330257523694 -0.943274372251 4.078526076933
0.000000000000 0.000000000000 0.000000000000 1.000000000000
4 19 60
0.682217599243 -0.716178928240 -0.147196773163 -0.842564632258
0.730247910485 0.657432322582 0.185797552344 -0.528601924675
-0.036292375450 -0.234244496138 0.971500066657 1.722864590308
0.000000000000 0.000000000000 0.000000000000 1.000000000000
4 20 60
-0.374856375810 0.886890687800 -0.270014083722 -1.043028689892
-0.542635564767 0.026251333209 0.839557926146 -0.564704809572
0.751684336250 0.461232886294 0.471417949634 2.096289923237
0.000000000000 0.000000000000 0.000000000000 1.000000000000
4 21 60
0.766156422573 -0.208705372132 0.607821029411 -1.555392377941
0.412043399200 0.885342075110 -0.215382560147 0.246096927818
-0.493178034108 0.415465374830 0.764306187983 1.789963529935
0.000000000000 0.000000000000 0.000000000000 1.000000000000
4 22 60
0.873989606621 0.166852354794 0.456401642436 -1.377305708118
-0.166284583468 0.985193928700 -0.041741587822 0.041799687649
-0.456608809397 -0.039410843087 0.888794228508 1.761602416482
0.000000000000 0.000000000000 0.000000000000 1.000000000000
4 24 60
0.262575974687 0.013303804495 0.964819602984 -0.403473387177
-0.214059485933 0.975792695507 0.044801248624 0.167217220377
-0.940867894021 -0.218292519757 0.259067523667 1.502290072776
0.000000000000 0.000000000000 0.000000000000 1.000000000000
4 25 60
0.224236014507 -0.970926470200 -0.083785435865 -0.978464138609
0.599891383065 0.069765755347 0.797033918918 -0.840262125322
-0.768015975304 -0.228985870407 0.598094417991 1.936085998567
0.000000000000 0.000000000000 0.000000000000 1.000000000000
4 34 60
-0.909432886233 -0.175744271372 -0.376889607867 0.067973953917
0.075315668694 -0.960930179022 0.266347031324 0.078757077036
-0.408973563311 0.213839056596 0.887137803493 0.982471488879
0.000000000000 0.000000000000 0.000000000000 1.000000000000
4 36 60
0.993738890759 0.105017016394 0.038137163767 0.163991468592
-0.103648381576 0.993953107386 -0.036252355998 0.133075178537
-0.041713666697 0.032072520735 0.998614702188 -0.264499510251
0.000000000000 0.000000000000 0.000000000000 1.000000000000
4 37 60
0.947991215227 -0.257885984322 0.186567614936 -0.712299945932
0.202318448252 0.940706997690 0.272282188172 -0.320380315138
-0.245723221023 -0.220375052101 0.943957062086 0.458546219622
0.000000000000 0.000000000000 0.000000000000 1.000000000000
4 40 60
0.614627161806 -0.392533532698 0.684215519904 -1.891911172098
0.297428171458 0.918695219307 0.259876079788 -0.554869577307
-0.730595602774 0.043778073627 0.681405566074 0.903520539957
0.000000000000 0.000000000000 0.000000000000 1.000000000000
4 41 60
0.935342853110 -0.308908847756 0.172363194778 -1.063595953775
0.237104138278 0.909076752077 0.342580043851 -0.671025106762
-0.262517379896 -0.279561768865 0.923542009138 0.188740567105
0.000000000000 0.000000000000 0.000000000000 1.000000000000
4 46 60
0.505107472242 -0.365798096240 0.781702113514 -2.319286135856
0.331339664555 0.918519432686 0.215722225261 -1.007185033573
-0.796919361151 0.150046008165 0.585154447353 0.703720307372
0.000000000000 0.000000000000 0.000000000000 1.000000000000
4 52 60
0.993984615343 -0.003880670684 -0.109451015781 -0.030890006655
0.029631017624 0.971629266529 0.234645629022 -0.463783602516
0.105435227770 -0.236477290282 0.965899530969 0.144973885854
0.000000000000 0.000000000000 0.000000000000 1.000000000000
4 53 60
0.396263146565 -0.797519730198 -0.454904164214 0.144106205266
-0.849551798937 -0.130594728195 -0.511083904941 0.712197361534
0.348191412296 0.588988367383 -0.729284199397 3.096419609193
0.000000000000 0.000000000000 0.000000000000 1.000000000000
5 7 60
0.973954457511 0.000355357382 -0.226743441836 0.072377129539
-0.012893456667 0.998467528879 -0.053817771693 -0.091990790656
0.226376839517 0.055339565375 0.972466482216 0.174278416897
0.000000000000 0.000000000000 0.000000000000 1.000000000000
5 9 60
0.975608782898 -0.101559905822 0.194610092910 -0.536339680749
0.095369436531 0.994599534682 0.040944305893 0.092836622002
-0.197717407703 -0.021385769534 0.980025752495 0.150509633757
0.000000000000 0.000000000000 0.000000000000 1.000000000000
5 10 60
0.768410091593 -0.582778612634 -0.264414484841 0.434307110389
0.579782381312 0.459041471312 0.673151779272 -1.493481048668
-0.270921245859 -0.670559480041 0.690616870826 1.212110430316
0.000000000000 0.000000000000 0.000000000000 1.000000000000
5 13 60
0.690334135213 0.041604414945 -0.722293468348 2.085908177475
0.075244759524 0.988802572956 0.128870857371 -0.377639859259
0.719567236556 -0.143312750209 0.679473654900 1.492246769522
0.000000000000 0.000000000000 0.000000000000 1.000000000000
5 17 60
0.833431189192 -0.462032626961 0.303180316816 0.117962632241
0.336115204454 0.859289512420 0.385549093087 -0.027851295332
-0.438655926913 -0.219425124971 0.871454871072 0.877513200011
0.000000000000 0.000000000000 0.000000000000 1.000000000000
5 18 60
0.431792915730 0.608306221242 -0.665971785531 0.835579250038
0.609099805218 0.347914492828 0.712708168160 -0.176728901969
0.665246048623 -0.713385622843 -0.220292187589 1.977750214314
0.000000000000 0.000000000000 0.000000000000 1.000000000000
5 19 60
0.976959559956 0.095216642757 0.191007353664 -1.183851804051
-0.113657626218 0.989613862177 0.088013338701 0.091459461709
-0.180643190335 -0.107694915056 0.977634820910 1.543864773070
0.000000000000 0.000000000000 0.000000000000 1.000000000000
5 20 60
0.793242793277 -0.287664154767 0.536670480813 -1.429291096257
0.171570379433 0.951251014269 0.256291070374 0.161448193258
-0.584234093335 -0.111224286531 0.803927659849 1.658771380841
0.000000000000 0.000000000000 0.000000000000 1.000000000000
5 21 60
0.727773091590 -0.546175368014 0.414775595391 -1.408756607552
0.384784477150 0.825813179496 0.412278423780 0.051365343271
-0.567703473040 -0.140445932463 0.811164414131 1.748732902390
0.000000000000 0.000000000000 0.000000000000 1.000000000000
5 22 60
0.153596394714 -0.816468137982 0.556585956695 -1.236041909904
0.776943308704 0.447820407833 0.442510991263 -0.061951027543
-0.610546675195 0.364467641894 0.703133056698 1.789090170860
0.000000000000 0.000000000000 0.000000000000 1.000000000000
5 23 60
0.834579430005 0.351972929880 -0.423783236626 -0.676409751248
0.364989147125 -0.929490832363 -0.053195065895 0.235841314877
-0.412625856552 -0.110280774328 -0.904200228555 3.003819150998
0.000000000000 0.000000000000 0.000000000000 1.000000000000
5 24 60
0.112901998255 -0.252049630838 -0.961105677012 1.074478530548
0.859377052935 -0.460742923727 0.221781512133 0.226263917495
-0.498722587897 -0.850991740165 0.164586872172 1.521153401809
0.000000000000 0.000000000000 0.000000000000 1.000000000000
5 25 60
-0.112193916284 -0.988617670853 -0.100237847274 -0.617435888394
0.544850099407 -0.145562381978 0.825802616930 -0.615799663868
-0.830993919547 0.038035428619 0.554979649938 1.895959420554
0.000000000000 0.000000000000 0.000000000000 1.000000000000
5 36 60
0.947267642779 0.050965916464 -0.316364486476 -0.139962854312
-0.028384074235 0.996735343542 0.075584385052 -0.711976540257
0.319183892566 -0.062618929189 0.945621759708 0.944959628282
0.000000000000 0.000000000000 0.000000000000 1.000000000000
5 37 60
-0.854697545102 0.259742173006 0.449473147095 -1.026875355282
0.509380238230 0.586599256653 0.629629323487 -1.534723004955
-0.100119325301 0.767095375853 -0.633672474584 3.789630989543
0.000000000000 0.000000000000 0.000000000000 1.000000000000
5 38 60
0.649982054967 -0.488170731122 0.582419664414 -1.921430734958
0.517912809452 0.845404257640 0.130606136799 -0.349159785840
-0.556138157320 0.216750959488 0.802327471507 1.006377096647
0.000000000000 0.000000000000 0.000000000000 1.000000000000
5 39 60
0.986156341211 -0.133008500438 -0.099017218200 -0.101335732489
0.144566586528 0.982127526895 0.120523951866 -0.286955307413
0.081216825527 -0.133170040643 0.987759873413 -0.319913056592
0.000000000000 0.000000000000 0.000000000000 1.000000000000
5 41 60
0.871555539925 0.083246002849 0.483178066384 -1.711351367626
-0.119512069396 0.991826187303 0.044695407465 0.075845205412
-0.475507945352 -0.096700140586 0.874380510257 0.219241644863
0.000000000000 0.000000000000 0.000000000000 1.000000000000
5 47 60
0.741033759004 0.668215145708 -0.066011264661 0.031061644813
-0.653983763131 0.740530168803 0.154661910801 -0.316794662225
0.152230764224 -0.071439401863 0.985759710216 0.167252847772
0.000000000000 0.000000000000 0.000000000000 1.000000000000
5 50 60
-0.557581798513 0.778057146717 -0.289360699491 1.077367853335
-0.111578778339 0.275167554101 0.954899467690 -2.762823820122
0.822589031164 0.564721075942 -0.066613753800 2.698659318260
0.000000000000 0.000000000000 0.000000000000 1.000000000000
5 52 60
0.599028756478 0.432009090520 -0.674190399383 1.139476528982
-0.326943922832 -0.636628731056 -0.698435057910 1.368742806214
-0.730939272604 0.638805138130 -0.240116170349 2.614215100739
0.000000000000 0.000000000000 0.000000000000 1.000000000000
5 53 60
0.797002553928 -0.171481158374 -0.579121007524 0.876012087497
-0.483982918594 0.392277930156 -0.782226667930 1.152404090993
0.361313525269 0.903721327532 0.229652560671 1.617515879488
0.000000000000 0.000000000000 0.000000000000 1.000000000000
6 8 60
-0.287738041714 -0.788451426201 0.543646178935 -0.678127680719
0.920958173146 -0.072052379180 0.382941898948 -0.338774622606
-0.262760085754 0.610862343884 0.746862995575 1.194143145407
0.000000000000 0.000000000000 0.000000000000 1.000000000000
6 9 60
0.970261334843 0.199435356566 -0.137180467485 0.960214428882
-0.077548821983 0.792957447086 0.604321658820 -0.740500400349
0.229301378795 -0.575711755709 0.784841928048 1.182352534742
0.000000000000 0.000000000000 0.000000000000 1.000000000000
6 10 60
0.774780222913 -0.508767870856 -0.375327669867 0.815452860725
0.604421328300 0.770187710326 0.203680506578 0.246103881522
0.185446661009 -0.384663677059 0.904236358190 0.797049453164
0.000000000000 0.000000000000 0.000000000000 1.000000000000
6 11 60
0.727329133891 0.070592048529 -0.682648587252 1.440862218221
-0.269781438563 0.944027034606 -0.189818158611 0.172722030698
0.631039068839 0.322226194801 0.705662789854 1.322290047581
0.000000000000 0.000000000000 0.000000000000 1.000000000000
6 12 60
0.664691762981 -0.668453280512 0.333699074016 -0.135037523751
0.597005084927 0.743753852666 0.300691096001 -0.389115896070
-0.449187921473 -0.000646850690 0.893437067054 0.988938249462
0.000000000000 0.000000000000 0.000000000000 1.000000000000
6 16 60
0.934736894833 -0.103715379893 -0.339867705750 1.170031061601
0.297905248226 0.750101500513 0.590423747835 -0.770179811430
0.193699252754 -0.653139233932 0.732044903392 1.177938688192
0.000000000000 0.000000000000 0.000000000000 1.000000000000
6 17 60
0.981296774305 -0.138737712033 -0.133448446965 0.786937443958
0.191136938239 0.784601568931 0.589802550750 0.010259599663
0.022876004418 -0.604278268094 0.796444890203 1.472520023224
0.000000000000 0.000000000000 0.000000000000 1.000000000000
6 18 60
0.975374151859 0.068386376952 -0.209686831566 -0.222076787374
-0.079015104203 0.995957318747 -0.042727421424 0.549044667348
0.205917160995 0.058243649279 0.976834581762 1.316188874212
0.000000000000 0.000000000000 0.000000000000 1.000000000000
6 19 60
-0.834534289460 0.413859806528 0.363692975262 -0.651101749716
-0.392407516835 0.016884460142 -0.919636480213 1.446521186708
-0.386741335321 -0.910184033889 0.148311038049 2.373017576674
0.000000000000 0.000000000000 0.000000000000 1.000000000000
6 20 60
0.933981184670 -0.285948998276 -0.214271596501 -0.394731457483
0.352231237020 0.837638643369 0.417486118097 0.252677309301
0.060102432142 -0.465397328657 0.883058901845 1.534599663043
0.000000000000 0.000000000000 0.000000000000 1.000000000000
6 21 60
0.818974186424 -0.570740512850 -0.059468890720 -0.545603494510
0.526367562960 0.705919855361 0.473934960171 0.246123083356
-0.228513611491 -0.419442993504 0.878549432055 1.538480712654
0.000000000000 0.000000000000 0.000000000000 1.000000000000
6 22 60
0.896840266798 0.380296892685 0.225946474335 -0.215042090098
0.356392492134 -0.318623704247 -0.878329850706 1.375138683691
-0.262034210361 0.868247204721 -0.421289525260 2.636522285078
0.000000000000 0.000000000000 0.000000000000 1.000000000000
6 23 60
0.947058140327 0.304523640249 -0.101716426253 -0.848569105128
0.256681853567 -0.908457243625 -0.329878557284 0.893558086928
-0.192860843330 0.286305412166 -0.938527520147 2.843484621259
0.000000000000 0.000000000000 0.000000000000 1.000000000000
6 24 60
0.988932334630 0.129124787909 0.073072749173 -0.153300900148
-0.146549138575 0.773259660343 0.616922075848 -0.163810695286
0.023155722994 -0.620802937198 0.783624607615 1.925523213676
0.000000000000 0.000000000000 0.000000000000 1.000000000000
6 25 60
0.964961961931 -0.249503617025 0.081217960567 -0.318047736874
0.073803781026 0.555125323231 0.828485894517 -0.149068613944
-0.251796373948 -0.793463181628 0.554089131339 2.014189618724
0.000000000000 0.000000000000 0.000000000000 1.000000000000
6 36 60
0.923363724973 0.301236387175 -0.238025356727 -0.273882087906
-0.260467006007 0.946990791146 0.188056853815 -0.874499811253
0.282057388106 -0.111647125025 0.952879084295 0.738266799420
0.000000000000 0.000000000000 0.000000000000 1.000000000000
6 37 60
0.713802555914 -0.516085114269 -0.473436443464 0.070117685274
0.700178776202 0.511058680327 0.498566652132 -1.322052002237
-0.015349023621 -0.687368300180 0.726146835965 1.512531265471
0.000000000000 0.000000000000 0.000000000000 1.000000000000
6 39 60
0.796613496460 -0.553836893370 -0.242222279733 0.067895712635
0.552985036277 0.829526752881 -0.078057132338 0.569463520173
0.244160780862 -0.071763931029 0.967075721592 -0.277719221739
0.000000000000 0.000000000000 0.000000000000 1.000000000000
6 40 60
0.951681089134 -0.300845884656 -0.061602420969 -0.112421924943
0.248981038590 0.873342256688 -0.418666627647 1.231021770979
0.179754129318 0.383099277430 0.906048230849 0.764183044648
0.000000000000 0.000000000000 0.000000000000 1.000000000000
6 53 60
-0.192239092020 0.905778359325 0.377636988757 -0.502412615585
0.360964794673 -0.292571733826 0.885497711783 -0.257253944711
0.912550573122 0.306540934206 -0.270710375032 2.992277988542
0.000000000000 0.000000000000 0.000000000000 1.000000000000
6 59 60
0.943811896670 0.038417865758 -0.328242549488 0.993760449881
0.124840087372 0.878184931520 0.461742545837 -0.776582065911
0.305996823984 -0.476775936517 0.824045296127 1.474147781175
0.000000000000 0.000000000000 0.000000000000 1.000000000000
7 9 60
0.820423828415 0.559418042379 0.118136343392 -0.375289696366
-0.468119185913 0.775852874944 -0.422985513015 0.709333146445
-0.328282149301 0.291725505057 0.898402504532 0.252827244230
0.000000000000 0.000000000000 0.000000000000 1.000000000000
7 10 60
0.982337288837 -0.123490673454 -0.140582731977 0.603504533469
0.151877975044 0.965056533213 0.213539149572 -0.033868049642
0.109300190562 -0.231118889909 0.966766531832 0.517156900516
0.000000000000 0.000000000000 0.000000000000 1.000000000000
7 12 60
0.853678726914 -0.352326945065 0.383534033687 -1.147501951937
0.343485292023 0.934453805090 0.093882587937 -0.243921385942
-0.391472202563 0.051592731412 0.918742458301 0.722520597157
0.000000000000 0.000000000000 0.000000000000 1.000000000000
7 15 60
0.745426912166 -0.581609566569 0.325682407717 -0.444627419536
0.492338436680 0.809758221123 0.319209158846 0.003478086901
-0.449379107644 -0.077601130143 0.889964315135 0.063968532158
0.000000000000 0.000000000000 0.000000000000 1.000000000000
7 17 60
0.954230527791 0.271952621162 0.124442242323 0.909824205756
-0.298083020991 0.898644421380 0.321845796181 -0.156689717284
-0.024302518966 -0.344209203488 0.938578399392 1.295833236416
0.000000000000 0.000000000000 0.000000000000 1.000000000000
7 18 60
-0.278573530422 0.944549414316 -0.173848186830 -0.520615688994
-0.860781564659 -0.165265106250 0.481396450548 -0.407565431214
0.425971696350 0.283749623034 0.859089206856 1.641770408630
0.000000000000 0.000000000000 0.000000000000 1.000000000000
7 19 60
0.836832619130 0.478230044517 0.266471747246 -0.515232367029
-0.457176944326 0.342695074678 0.820700510156 -0.244962790446
0.301165086185 -0.808613696590 0.505414167343 1.900846830339
0.000000000000 0.000000000000 0.000000000000 1.000000000000
7 20 60
0.608031604024 0.081687454444 0.789699137833 -1.007168375537
0.270232662318 0.914002308579 -0.302612108363 0.666835269038
-0.746506447878 0.397400226093 0.533667671475 1.862020993821
0.000000000000 0.000000000000 0.000000000000 1.000000000000
7 21 60
-0.819797547408 -0.294204055596 -0.491300269628 -0.051449854148
0.362312851794 0.397915271310 -0.842848049344 1.215726531932
0.443465194451 -0.868969165465 -0.219616053103 2.427717191486
0.000000000000 0.000000000000 0.000000000000 1.000000000000
7 22 60
0.558959001236 -0.064880573820 0.826653098995 -1.003869140744
0.237437390205 0.967712199241 -0.084596602603 0.558839146567
-0.794473612318 0.243564386929 0.556316518495 1.906706653541
0.000000000000 0.000000000000 0.000000000000 1.000000000000
7 23 60
-0.754127231283 0.302118481214 -0.583109374257 -0.048390625792
0.636149468738 0.556584580892 -0.534347693676 0.971274766668
0.163113373031 -0.773910865424 -0.611928100284 2.691525643099
0.000000000000 0.000000000000 0.000000000000 1.000000000000
7 24 60
0.699205555154 -0.712961659247 0.052889167959 0.715671641220
-0.543404531259 -0.481930434663 0.687353309116 -0.516217858700
-0.464567656052 -0.509341465610 -0.724395033362 2.751114474500
0.000000000000 0.000000000000 0.000000000000 1.000000000000
7 25 60
0.996863494897 -0.022758889471 0.075797133795 -0.011133416445
0.019081539451 0.998621809807 0.048891469914 0.157072537211
-0.076805386487 -0.047291795571 0.995923902052 1.602198716585
0.000000000000 0.000000000000 0.000000000000 1.000000000000
7 36 60
0.974034122220 0.225988022274 -0.013672693219 -0.599072793422
-0.223920957570 0.970519676761 0.089168165742 -0.470290524224
0.033420555229 -0.083791233490 0.995922735798 0.701945756109
0.000000000000 0.000000000000 0.000000000000 1.000000000000
7 37 60
0.995031254971 0.024251482671 0.096564316491 -0.982813660770
-0.046257871575 0.971451908988 0.232683041587 -0.659913836956
-0.088164680845 -0.235993758632 0.967746834114 1.094128284329
0.000000000000 0.000000000000 0.000000000000 1.000000000000
7 38 60
0.376957852184 -0.655313362363 0.654574040721 -2.039769472489
0.394418257214 0.752999948203 0.526711796321 -0.710251654283
-0.838055497000 0.059627804898 0.542316797481 1.366286270852
0.000000000000 0.000000000000 0.000000000000 1.000000000000
7 51 60
0.938974764413 0.314707065817 -0.138873519867 0.832960490192
-0.231181860781 0.876290622399 0.422693378634 -1.050451714415
0.254718156089 -0.364793376887 0.895569345801 -0.101832976751
0.000000000000 0.000000000000 0.000000000000 1.000000000000
7 52 60
0.737981988992 -0.351786036763 -0.575872527789 1.883355075993
0.671462265075 0.467827029984 0.574696699659 -0.540225833248
0.067238460012 -0.810792485384 0.581458971158 1.001895116932
0.000000000000 0.000000000000 0.000000000000 1.000000000000
7 53 60
-0.779766859539 -0.595084875969 0.194518984053 -0.424045862688
-0.508164919780 0.420110557802 -0.751848078755 1.154868673184
0.365693941801 -0.685113939148 -0.629989548576 2.766722944437
0.000000000000 0.000000000000 0.000000000000 1.000000000000
7 54 60
0.772907732166 -0.245995508365 0.584893022204 -0.974707865001
0.312078601369 0.949969290139 -0.012856685406 0.472964697805
-0.552467722248 0.192469627881 0.811008543862 1.479120606683
0.000000000000 0.000000000000 0.000000000000 1.000000000000
8 10 60
0.187221533204 0.977097049286 0.101140762216 -0.345765802022
-0.486483298369 0.002778573344 0.873685458239 -1.610823574564
0.853394456223 -0.212776022632 0.475861604125 1.063897192719
0.000000000000 0.000000000000 0.000000000000 1.000000000000
8 12 60
0.019808223967 0.994075570966 0.106870919670 -0.131845871860
-0.846928617894 -0.040123508905 0.530190550864 -0.753379754370
0.531337510867 -0.101014173466 0.841116273950 0.367256529803
0.000000000000 0.000000000000 0.000000000000 1.000000000000
8 13 60
0.832957200896 0.251519836818 -0.492869225213 1.540392954902
-0.103589797384 0.945854392961 0.307617654229 -0.557650942292
0.543554464017 -0.205176117035 0.813911116551 0.490674738724
0.000000000000 0.000000000000 0.000000000000 1.000000000000
8 14 60
0.048767609952 0.981137172219 -0.187060336551 0.110173367244
-0.956506517403 0.099803619333 0.274106767033 -1.019645979112
0.287605636915 0.165556899159 0.943331283673 -0.084794756702
0.000000000000 0.000000000000 0.000000000000 1.000000000000
8 15 60
-0.334880599446 0.719025005829 0.608981136906 -1.947275630138
-0.231049906685 -0.689227902871 0.686717437178 -1.548283921775
0.913493801148 0.089263312158 0.396939713769 1.538138409408
0.000000000000 0.000000000000 0.000000000000 1.000000000000
8 17 60
0.734993195266 0.624544718572 -0.264062298363 0.662168363512
-0.536964368748 0.773897387428 0.335785795451 -0.244661527577
0.414070367942 -0.105008229372 0.904167574156 1.044857641049
0.000000000000 0.000000000000 0.000000000000 1.000000000000
8 18 60
0.912135430924 0.345109451758 0.221152485763 0.144058479262
-0.407080403322 0.699665234324 0.587157649281 -0.333983876310
0.047900948667 -0.625594138548 0.778676744825 1.049608692234
0.000000000000 0.000000000000 0.000000000000 1.000000000000
8 19 60
-0.201319229108 0.675809748789 0.709049893472 -0.316979432663
-0.617683852753 -0.649392774252 0.443571508098 -0.211801677747
0.760221826863 -0.348669195929 0.548172022062 1.359190977386
0.000000000000 0.000000000000 0.000000000000 1.000000000000
8 20 60
0.718335221155 0.287012468541 0.633733660894 -0.193051881349
-0.285317110722 0.952340085577 -0.107900452891 0.377106637232
-0.634498744189 -0.103306361404 0.765988994253 1.247328453108
0.000000000000 0.000000000000 0.000000000000 1.000000000000
8 21 60
0.160439517956 0.003064968792 0.987040914575 -0.390984289656
0.264131255505 0.963392741140 -0.045925006074 0.388752075258
-0.951048811020 0.268076541838 0.153756712936 1.645902430420
0.000000000000 0.000000000000 0.000000000000 1.000000000000
8 22 60
0.657473575540 -0.140155048041 0.740327670681 -0.159700104961
-0.191365632294 0.919269682491 0.343980298315 0.137127362310
-0.728771358002 -0.367831229453 0.577574665645 1.322951270212
0.000000000000 0.000000000000 0.000000000000 1.000000000000
8 23 60
0.319317705910 -0.800302117992 -0.507496524746 0.750192415313
-0.310045132316 -0.594287800375 0.742087613596 -0.031482420135
-0.895493282286 -0.079614887192 -0.437896393132 1.762627536236
0.000000000000 0.000000000000 0.000000000000 1.000000000000
8 24 60
0.443333332843 -0.412098204012 -0.796009187284 1.168818862410
-0.065845031044 0.870677758338 -0.487426582188 0.737100925378
0.893935113908 0.268505700846 0.358865853399 1.713471582686
0.000000000000 0.000000000000 0.000000000000 1.000000000000
8 25 60
0.618317263981 0.699803413227 -0.357713494153 0.697425968874
-0.774065376185 0.621032051885 -0.123052768858 0.178762093056
0.136038797607 0.352979281783 0.925688431481 0.919744963350
0.000000000000 0.000000000000 0.000000000000 1.000000000000
8 31 60
0.402980537937 -0.842552029531 -0.357369225840 1.099158958571
0.865563978163 0.477722614375 -0.150266774174 0.653294823860
0.297330936416 -0.248771343300 0.921795602616 0.700924561710
0.000000000000 0.000000000000 0.000000000000 1.000000000000
8 35 60
0.999795837605 -0.003704364390 -0.019863554384 -1.204501228608
0.005909226973 0.993677238805 0.112118803586 -0.240477019342
0.019322632970 -0.112213291394 0.993496257209 -0.102746443424
0.000000000000 0.000000000000 0.000000000000 1.000000000000
8 36 60
0.787848958792 0.203589252419 0.581244728518 -0.985182674861
-0.280828411094 0.958709602057 0.044847546707 -0.441493657512
-0.548114423869 -0.198563126543 0.812492008037 0.425822676809
0.000000000000 0.000000000000 0.000000000000 1.000000000000
8 37 60
0.780735204358 -0.456040305540 0.427176521358 -1.451463488210
0.335555740521 0.882684901631 0.329043628472 -0.656082750856
-0.527119422598 -0.113554410561 0.842170119491 1.027401860591
0.000000000000 0.000000000000 0.000000000000 1.000000000000
8 38 60
0.719591322158 -0.215022690021 0.660267803130 -1.701707776996
0.404992720713 0.902339967446 -0.147524504129 0.075270827498
-0.564064912260 0.373561006965 0.736398634458 0.959562914870
0.000000000000 0.000000000000 0.000000000000 1.000000000000
8 42 60
-0.280564788093 0.574370463128 -0.769013634969 1.051138701744
-0.948239822166 -0.290022460539 0.129337589435 -0.436288762581
-0.148743535458 0.765496925838 0.626011035998 0.208191438336
0.000000000000 0.000000000000 0.000000000000 1.000000000000
8 51 60
0.974697540232 -0.194801168414 0.109623035223 -0.301348314496
0.195545715753 0.980686339068 0.004022115882 0.003640265381
-0.108289325963 0.017515968428 0.993965096335 -0.372579627058
0.000000000000 0.000000000000 0.000000000000 1.000000000000
8 53 60
0.265014804568 -0.543665716805 0.796363448264 -0.452262849391
0.960937300605 0.217252497549 -0.171466779914 0.402984586923
-0.079791338283 0.810696577445 0.580003794518 1.267898450610
0.000000000000 0.000000000000 0.000000000000 1.000000000000
8 57 60
0.861497635351 0.419788759332 -0.285655775058 -0.222579369217
-0.456851844645 0.886354356282 -0.075248569055 -0.008040115086
0.221603737175 0.195328832073 0.955373451081 0.443623283948
0.000000000000 0.000000000000 0.000000000000 1.000000000000
8 59 60
0.999688577202 -0.015666374706 0.019424554422 0.008746343046
0.013777269095 0.995492088731 0.093838628133 -0.207520657814
-0.020807101364 -0.093541787332 0.995397909660 0.096426484429
0.000000000000 0.000000000000 0.000000000000 1.000000000000
9 11 60
0.724146787586 0.672985147325 -0.150673227578 0.017181180401
-0.408914835484 0.594929163074 0.691988401814 -1.296445781670
0.555337813723 -0.439488660153 0.706009653083 0.368445512146
0.000000000000 0.000000000000 0.000000000000 1.000000000000
9 12 60
0.983578292053 -0.038435821089 0.176341801796 -1.138565881150
0.088965009065 0.953361468354 -0.288421805380 0.326190382611
-0.157031750183 0.299373676722 0.941125087924 0.383202624957
0.000000000000 0.000000000000 0.000000000000 1.000000000000
9 14 60
0.863891816319 -0.074597067303 -0.498122682928 0.745744623797
-0.047242407582 0.972611072246 -0.227587031860 -0.065740034287
0.501456961885 0.220143089136 0.836706600717 0.375601408555
0.000000000000 0.000000000000 0.000000000000 1.000000000000
9 15 60
0.874470633649 0.360361678825 -0.324716139605 0.595676420819
-0.382320243894 0.924020585942 -0.004145825082 -0.211234084717
0.298550401096 0.127770955976 0.945802432231 0.021332391467
0.000000000000 0.000000000000 0.000000000000 1.000000000000
9 16 60
0.976881337126 0.213634276302 -0.007952934222 -0.427412544862
-0.207717854531 0.939715085434 -0.271641033567 0.155288673002
-0.050558343358 0.267013022522 0.962365782704 0.138818386007
0.000000000000 0.000000000000 0.000000000000 1.000000000000
9 17 60
0.961914041167 -0.247298396540 -0.116468366836 -0.295589159682
0.244700126503 0.968917921504 -0.036330558452 0.389497770464
0.121832776767 0.006447050200 0.992529702351 1.023354200095
0.000000000000 0.000000000000 0.000000000000 1.000000000000
9 18 60
0.859914674076 0.473172421652 0.191453944061 -1.114361500501
0.429785370779 -0.873532531634 0.228528884918 -0.211143854344
0.275374814340 -0.114231237256 -0.954526026917 3.258011761986
0.000000000000 0.000000000000 0.000000000000 1.000000000000
9 19 60
-0.101129174403 0.273696596895 -0.956484742656 -0.300918029626
-0.395470733157 0.871132404437 0.291086298471 -0.230993188181
0.912894182970 0.407699039476 0.020142092980 2.086154752344
0.000000000000 0.000000000000 0.000000000000 1.000000000000
9 20 60
-0.718692079862 -0.294854306180 -0.629716311104 -0.655970270916
-0.683930605083 0.136460867861 0.716671025628 -0.448663249603
-0.125381903701 0.945748047669 -0.299733228978 2.233209577431
0.000000000000 0.000000000000 0.000000000000 1.000000000000
9 21 60
-0.479020171756 -0.165435420659 -0.862073544799 -0.592017179286
-0.877175661759 0.053065150187 0.477228402606 -0.360559865851
-0.033204419408 0.984791963526 -0.170535201952 2.116301308309
0.000000000000 0.000000000000 0.000000000000 1.000000000000
9 22 60
0.421036862467 0.598074998549 -0.681934202511 -0.499869277428
-0.362896349085 0.800097963217 0.477649965014 -0.254463630252
0.831284668610 0.046363189780 0.553909969551 2.033808943302
0.000000000000 0.000000000000 0.000000000000 1.000000000000
9 23 60
-0.274323020095 0.837758133260 0.472131539723 -1.657101698975
0.827881983672 0.455527528349 -0.327270670894 -0.314354638466
-0.489242579665 0.301091316832 -0.818526552514 2.439714621500
0.000000000000 0.000000000000 0.000000000000 1.000000000000
9 24 60
0.060513814998 -0.988822936384 0.136261801966 -1.169788705738
-0.605765951823 -0.144879736089 -0.782341021347 0.457360153719
0.793338319890 -0.035200320334 -0.607762492790 2.849117012275
0.000000000000 0.000000000000 0.000000000000 1.000000000000
9 25 60
0.998506712643 0.017214583383 -0.051845953811 -0.932766045810
0.037286074193 0.478865913490 0.877095881628 -0.772769644795
0.039926100222 -0.877719257517 0.477508964842 1.783456833512
0.000000000000 0.000000000000 0.000000000000 1.000000000000
9 28 60
0.775716261228 -0.212933117288 -0.594073875565 0.485560016198
-0.103496438293 0.885688487615 -0.452597381970 1.591599116977
0.622537363801 0.412571679187 0.665005142991 -0.136881846659
0.000000000000 0.000000000000 0.000000000000 1.000000000000
9 33 60
0.698237435536 -0.606540593180 0.380227553498 -1.851995810612
0.711582964258 0.530048142475 -0.461192640485 0.145114734614
0.078193149280 0.592585416191 0.801703408951 -0.253647027155
0.000000000000 0.000000000000 0.000000000000 1.000000000000
9 34 60
0.909207573799 0.036126680526 0.414772769961 -1.721272462289
-0.400257254797 0.350087357487 0.846896081057 -0.853701464913
-0.114611158835 -0.936020141387 0.332762042891 1.656294074856
0.000000000000 0.000000000000 0.000000000000 1.000000000000
9 35 60
0.882746180713 -0.288041784393 0.371202250640 -1.767841158715
0.233550558318 0.954528012056 0.185284675320 -0.464125094588
-0.407692674874 -0.076864846598 0.909878276591 0.121226971509
0.000000000000 0.000000000000 0.000000000000 1.000000000000
9 36 60
0.585642415100 -0.295268484087 0.754877131684 -1.780871428875
0.196617546663 0.955226597693 0.221096556746 -0.669601224324
-0.786361559323 0.018938568201 0.617476176589 0.818572193777
0.000000000000 0.000000000000 0.000000000000 1.000000000000
9 37 60
0.435409294215 -0.655032976890 0.617535865920 -1.588969326791
0.524495426274 0.742104009077 0.417356187840 -0.912491486725
-0.731657907993 0.142173974053 0.666680783264 1.288161859888
0.000000000000 0.000000000000 0.000000000000 1.000000000000
9 42 60
0.241148194539 0.901159502160 -0.360220904362 0.250681162739
-0.909020670516 0.079741698472 -0.409050952939 1.299680642316
-0.339895526370 0.426090146792 0.838402181510 -0.375725013885
0.000000000000 0.000000000000 0.000000000000 1.000000000000
9 44 60
0.610857658082 -0.776867432435 -0.152741330304 0.010411903382
0.539334550636 0.267065273927 0.798620298986 -2.017910612508
-0.579630195946 -0.570222002278 0.582130315363 -0.228116082223
0.000000000000 0.000000000000 0.000000000000 1.000000000000
9 50 60
-0.496374945469 0.454515109191 0.739613364555 -1.719665748472
0.375690848885 -0.655595338033 0.655019952988 -1.584576592145
0.782603539204 0.603001466221 0.154663932963 0.946712875905
0.000000000000 0.000000000000 0.000000000000 1.000000000000
9 51 60
0.849559369218 -0.495106330341 0.181985163767 -0.889751987616
0.453924501279 0.861928842022 0.225900904002 -0.420812454717
-0.268703229071 -0.109308704807 0.957000617419 -0.744916880992
0.000000000000 0.000000000000 0.000000000000 1.000000000000
9 52 60
0.988764749129 -0.149076790578 0.010971845395 -0.033490930132
0.146348220557 0.980383868933 0.132021467479 -0.210259072100
-0.030437956897 -0.128932463121 0.991186133243 -0.156312755065
0.000000000000 0.000000000000 0.000000000000 1.000000000000
9 53 60
-0.299813903783 -0.886592797769 0.352228383358 -1.266906032837
-0.903699248584 0.145637364410 -0.402638083393 0.469835409901
0.305678411421 -0.439025020964 -0.844877351903 3.191091539787
0.000000000000 0.000000000000 0.000000000000 1.000000000000
9 55 60
-0.114554390934 0.522447030059 -0.844941650234 1.418631291877
-0.900362768057 0.304813113348 0.310541224040 -0.643966815944
0.419790635215 0.796327863832 0.435474173599 1.367748008842
0.000000000000 0.000000000000 0.000000000000 1.000000000000
9 57 60
0.992244290591 -0.052084067109 0.112865042167 -0.577908413784
0.074630905465 0.975736372591 -0.205836729355 0.317110238824
-0.099405712811 0.212663539788 0.972055925915 0.144482871576
0.000000000000 0.000000000000 0.000000000000 1.000000000000
9 58 60
0.350846885396 -0.799013891080 0.488347483735 -1.564838933252
0.929028030833 0.231541465975 -0.288609541529 0.350263880199
0.117530340491 0.554946259917 0.823541904015 0.628156497467
0.000000000000 0.000000000000 0.000000000000 1.000000000000
10 12 60
0.936818174093 -0.046832442325 -0.346667608863 0.195489259098
-0.068560854828 0.947197389314 -0.313235558106 0.000889653451
0.343032240284 0.317212591210 0.884140856483 0.388417291064
0.000000000000 0.000000000000 0.000000000000 1.000000000000
10 15 60
0.973733683015 0.126493473095 0.189320141104 -0.016605811886
-0.057455452132 0.941080156789 -0.333267174378 0.655946683575
-0.220321550428 0.313635998830 0.923629186771 -0.178181847846
0.000000000000 0.000000000000 0.000000000000 1.000000000000
10 16 60
0.666533487919 0.224335130729 -0.710919727257 1.400839293729
-0.073576967006 0.968787065457 0.236723576623 -0.500103562572
0.741835250854 -0.105476873883 0.662234920302 0.864178789808
0.000000000000 0.000000000000 0.000000000000 1.000000000000
10 17 60
0.875974040977 -0.410746822027 -0.252896278597 0.138983414181
0.372048620447 0.909030693232 -0.187731251489 0.714586559034
0.307000494394 0.070357991416 0.949105078211 1.133097358071
0.000000000000 0.000000000000 0.000000000000 1.000000000000
10 18 60
-0.753326563001 -0.094149662957 -0.650872437919 0.496124516140
-0.646349347864 0.288651481424 0.706337626626 -0.528411915466
0.121373843942 0.952793872376 -0.278302401659 2.612012161370
0.000000000000 0.000000000000 0.000000000000 1.000000000000
10 19 60
0.479941257981 -0.364814735440 -0.797851237822 0.080293186352
0.140261277491 0.929648596267 -0.340705534877 0.448759246822
0.866015682840 0.051611009144 0.497346097613 1.602615138819
0.000000000000 0.000000000000 0.000000000000 1.000000000000
10 20 60
0.134097694853 -0.935573335609 0.326680795170 -0.415636313747
0.555439812858 0.343967950031 0.757081675675 -0.111593790669
-0.820673152069 0.079928612210 0.565779987648 1.725544962241
0.000000000000 0.000000000000 0.000000000000 1.000000000000
10 21 60
-0.427252766948 -0.886268179093 -0.178840118155 -0.192863155315
0.258442562536 -0.309265284210 0.915184367137 -0.203838784855
-0.866407822566 0.344795154707 0.361183867699 1.885210549911
0.000000000000 0.000000000000 0.000000000000 1.000000000000
10 22 60
0.962927100771 0.181276203661 -0.199775715712 0.000919363537
-0.145579279154 0.972667561155 0.180899112653 0.248842755244
0.227108062567 -0.145109453393 0.962998013732 1.639217575065
0.000000000000 0.000000000000 0.000000000000 1.000000000000
10 23 60
0.692004014215 -0.474176853900 0.544322290133 -0.662326099100
-0.642220824808 -0.748719583168 0.164229710966 -0.792935153425
0.329670830514 -0.463222729373 -0.822643207290 2.776991526999
0.000000000000 0.000000000000 0.000000000000 1.000000000000
10 24 60
0.710446532056 0.699811992431 -0.074356575628 -0.065812230318
-0.528068901175 0.599951233480 0.601000626503 -1.468098987958
0.465197765151 -0.387713415676 0.795782223101 1.305037438579
0.000000000000 0.000000000000 0.000000000000 1.000000000000
10 25 60
0.905957859042 0.383031235088 -0.180353626488 -0.418009376928
-0.281951986369 0.863643766229 0.417878597723 -0.431755363808
0.315821840636 -0.327729336495 0.890421275003 1.319186153911
0.000000000000 0.000000000000 0.000000000000 1.000000000000
10 28 60
0.955933668180 -0.289793879098 -0.047014143386 -0.583991792851
0.119504050966 0.530366843349 -0.839303159340 2.694855970297
0.268159661104 0.796699767235 0.541627064541 0.349991238424
0.000000000000 0.000000000000 0.000000000000 1.000000000000
10 35 60
0.393883936392 0.821469115621 -0.412363840236 0.349823417892
-0.830495501542 0.125821231831 -0.542629007278 1.245847670683
-0.393868844377 0.556199163701 0.731785367254 0.658096168727
0.000000000000 0.000000000000 0.000000000000 1.000000000000
10 36 60
0.968270584382 -0.240950470332 0.066294390917 -0.315552082898
0.223219771102 0.953166938929 0.204072830926 -1.146374129375
-0.112361066252 -0.182799500491 0.976708417805 0.284197461359
0.000000000000 0.000000000000 0.000000000000 1.000000000000
10 37 60
0.038778239570 -0.909473173884 -0.413950231455 0.386312239352
0.970124977885 -0.065019114328 0.233730704137 -1.100371973381
-0.239486482751 -0.410647124375 0.879781315909 0.808321875443
0.000000000000 0.000000000000 0.000000000000 1.000000000000
10 39 60
-0.032353718270 -0.748262975906 -0.662612824961 1.029864918556
0.978593255817 0.111098098154 -0.173241023592 0.522261806355
0.203244868527 -0.654033432994 0.728650665231 -0.599364300819
0.000000000000 0.000000000000 0.000000000000 1.000000000000
10 41 60
0.738721448868 0.253168429657 -0.624656999646 1.228331692261
-0.621317324974 0.615015091708 -0.485511296119 1.035488674509
0.261257349504 0.746767824158 0.611622771104 0.965493402486
0.000000000000 0.000000000000 0.000000000000 1.000000000000
10 45 60
0.881376501958 -0.441889599268 -0.167060000762 0.540980651518
0.462107612516 0.879905456952 0.110557411690 -0.305476443970
0.098142835961 -0.174642402879 0.979728541417 -0.771080197746
0.000000000000 0.000000000000 0.000000000000 1.000000000000
10 46 60
0.787096432800 -0.584962269158 -0.195699640103 0.255189920510
0.549343430438 0.809060330965 -0.208909493062 0.669427396958
0.280536986702 0.056925605137 0.958153680039 -0.815411458937
0.000000000000 0.000000000000 0.000000000000 1.000000000000
10 52 60
-0.038706062724 0.897955184287 -0.438381486515 0.669227108084
-0.773783173501 0.250655781047 0.581748467841 -1.693074662502
0.632266906548 0.361729410525 0.685120713776 1.073734649657
0.000000000000 0.000000000000 0.000000000000 1.000000000000
10 53 60
0.310146696821 -0.939395106417 -0.146102226166 -0.424426214190
0.776752778320 0.339001385554 -0.530785438728 -0.004841239478
0.548146100801 0.051136040449 0.834817918797 1.237305547263
0.000000000000 0.000000000000 0.000000000000 1.000000000000
10 55 60
0.852800715825 0.192334225943 -0.485529077007 0.730614388862
0.435605415095 0.250842651996 0.864480124860 -1.942945477774
0.288060516957 -0.948728364428 0.130136962853 1.532090295603
0.000000000000 0.000000000000 0.000000000000 1.000000000000
10 58 60
0.851567182296 0.360297965416 -0.380813222137 0.337392449058
-0.436836334696 0.889281514372 -0.135471048147 -0.447855599704
0.289840215854 0.281715750915 0.914674196072 0.426933830626
0.000000000000 0.000000000000 0.000000000000 1.000000000000
11 14 60
0.908692419715 0.397166443879 -0.128595887214 0.504592081832
-0.353016229467 0.895468911383 0.271136442551 -0.878241945648
0.222839915825 -0.200983194825 0.953912012354 -0.273311769398
0.000000000000 0.000000000000 0.000000000000 1.000000000000
11 15 60
0.954129093031 0.273246334189 0.122368765145 0.062204509329
-0.265817641476 0.961200933030 -0.073713959482 0.284329752966
-0.137763040437 0.037804856764 0.989743470549 -0.045835097494
0.000000000000 0.000000000000 0.000000000000 1.000000000000
11 16 60
0.282002071073 -0.150621658272 0.947516727013 -2.377606418872
-0.851423351841 0.415916103491 0.319518498362 -0.654962858532
-0.442213871164 -0.896842745924 -0.010953594569 2.100417007046
0.000000000000 0.000000000000 0.000000000000 1.000000000000
11 17 60
0.525818133295 0.605997178684 -0.596894220214 0.642504919909
-0.570182100008 0.771845718879 0.281329982547 0.267059501536
0.631195424198 0.192409993701 0.751379219034 1.439934908133
0.000000000000 0.000000000000 0.000000000000 1.000000000000
11 18 60
0.800625282760 -0.240491844756 -0.548783043844 0.275052557961
-0.014429700080 0.907907662349 -0.418921783158 1.044740196401
0.598991602913 0.343318145826 0.723423603697 1.477561900185
0.000000000000 0.000000000000 0.000000000000 1.000000000000
11 19 60
-0.668217449512 -0.145453177990 -0.729608671262 0.064812854117
-0.576041875643 -0.519468726537 0.631132315491 -0.330490496296
-0.470809088350 0.842018773640 0.263330946081 1.907056192648
0.000000000000 0.000000000000 0.000000000000 1.000000000000
11 20 60
0.908238895253 -0.208648915354 -0.362722675429 -0.060887926685
0.177718989983 0.977094732899 -0.117054874059 0.839493915302
0.378837788174 0.041851081978 0.924516315264 1.409831732088
0.000000000000 0.000000000000 0.000000000000 1.000000000000
11 21 60
0.608042862920 -0.779588478406 -0.150085579554 -0.420490822103
0.746384982063 0.625763045801 -0.226561402406 0.894551928335
0.270542668360 0.025737421144 0.962363886349 1.388665686495
0.000000000000 0.000000000000 0.000000000000 1.000000000000
11 22 60
-0.247719159462 -0.238514030117 0.939013458622 -1.476945932520
0.714959435908 0.609069283570 0.343318529673 0.426161843948
-0.653810540632 0.756403110284 0.019649725448 1.943222289945
0.000000000000 0.000000000000 0.000000000000 1.000000000000
11 23 60
0.810034183780 -0.059950214151 -0.583310031571 0.265730388086
0.586360695250 0.074203154612 0.806644300116 -0.085689616551
-0.005075054076 -0.995439532904 0.095259541030 2.222689628260
0.000000000000 0.000000000000 0.000000000000 1.000000000000
11 24 60
0.355768447568 0.693834582448 0.626116909143 -0.964707002673
-0.762026345637 0.603218090278 -0.235465037993 0.513349669032
-0.541058832540 -0.393346549192 0.743326194863 1.208335360396
0.000000000000 0.000000000000 0.000000000000 1.000000000000
11 25 60
0.869076698051 0.312320232422 -0.383616690624 -0.193318064767
-0.406523686419 0.892780315498 -0.194118006996 0.526926622925
0.281858449023 0.324652707796 0.902860140905 1.367519809704
0.000000000000 0.000000000000 0.000000000000 1.000000000000
11 28 60
0.675423664911 0.223090150964 -0.702875278709 1.451502823391
0.048238717804 0.937734047823 0.343988199880 -0.312172336425
0.735850459660 -0.266243572870 0.622606184456 -0.235462915888
0.000000000000 0.000000000000 0.000000000000 1.000000000000
11 29 60
0.061050743641 0.997901810745 0.021558822155 -0.636231043481
-0.418899630929 0.006011063166 0.908012646568 -2.203916464164
0.905977872747 -0.064465829953 0.418387680101 -0.378975094453
0.000000000000 0.000000000000 0.000000000000 1.000000000000
11 30 60
0.890633727143 0.147072515149 -0.430280419451 -0.152811459475
0.357024248018 -0.812190391750 0.461389698494 -1.026375985306
-0.281611879015 -0.564549770026 -0.775872609879 5.040450554139
0.000000000000 0.000000000000 0.000000000000 1.000000000000
11 34 60
-0.912761909494 0.284640381364 0.292994112353 -0.734486507560
0.342180696764 0.924524969441 0.167827148109 -0.753931154065
-0.223109989329 0.253443157685 -0.941269620505 3.320607238504
0.000000000000 0.000000000000 0.000000000000 1.000000000000
11 35 60
0.080792929148 0.944504908044 -0.318406942889 0.521683377488
-0.972397112401 0.144847110153 0.182929413914 0.320807524741
0.218898054798 0.294838588656 0.930136467539 -0.135899243915
0.000000000000 0.000000000000 0.000000000000 1.000000000000
11 51 60
-0.575338356620 -0.632129154656 0.519036132880 -2.734483788699
-0.810656319164 0.525064443096 -0.259120942411 0.499304942133
-0.108729515778 -0.569842138167 -0.814529207560 4.399224048132
0.000000000000 0.000000000000 0.000000000000 1.000000000000
11 52 60
-0.213659112632 0.974594391269 -0.067197887594 -0.234229593133
-0.923817996665 -0.179201805904 0.338300194794 -1.128180400378
0.317663489602 0.134359537320 0.938635936934 0.261139037677
0.000000000000 0.000000000000 0.000000000000 1.000000000000
11 53 60
-0.582683136012 -0.006394020239 -0.812674276395 0.047062593059
0.804405686124 0.137957908205 -0.577840036425 0.963059663087
0.115809564111 -0.990417453435 -0.075242360353 2.098792456220
0.000000000000 0.000000000000 0.000000000000 1.000000000000
11 57 60
0.579669465069 -0.763916080500 0.283576326971 -0.831422936360
0.814795396874 0.547488676567 -0.190695071423 0.733074980663
-0.009579796426 0.341596795922 0.939797774267 0.545428949684
0.000000000000 0.000000000000 0.000000000000 1.000000000000
11 58 60
0.853939784122 0.472332025962 -0.218378804706 0.166238893896
-0.489304539002 0.871662209807 -0.028036763460 0.014535387786
0.177109890199 0.130795448101 0.975461243489 0.572076714790
0.000000000000 0.000000000000 0.000000000000 1.000000000000
12 14 60
0.963830616075 -0.112359222034 0.241673227192 0.022222500031
0.080787598079 0.987295844043 0.136822075455 -0.037870214537
-0.253976194778 -0.112349105734 0.960663193282 -0.964117268481
0.000000000000 0.000000000000 0.000000000000 1.000000000000
12 15 60
-0.231739065039 -0.591754782901 0.772090203699 -1.972775350835
-0.085413806934 0.803008525376 0.589815047076 -1.172415352529
-0.969020891065 0.070736023962 -0.236632473668 1.814538597077
0.000000000000 0.000000000000 0.000000000000 1.000000000000
12 16 60
0.288131884333 0.894254281402 -0.342475250822 0.688664128980
-0.627588489012 0.446473096829 0.637804407532 -1.097651647338
0.723265307954 0.031161739409 0.689866827951 0.677223819560
0.000000000000 0.000000000000 0.000000000000 1.000000000000
12 17 60
0.736794572782 -0.056236277914 -0.673773877919 1.035652170982
-0.383412774280 0.786055607410 -0.484882693625 0.663354704940
0.556891732779 0.615592448869 0.557599798114 1.348629583031
0.000000000000 0.000000000000 0.000000000000 1.000000000000
12 18 60
-0.114653228079 -0.903187320334 0.413651183581 -0.913059434699
-0.736039954624 0.356881437211 0.575222413483 -0.452776363353
-0.667158019130 -0.238512691824 -0.705699563093 2.262280679239
0.000000000000 0.000000000000 0.000000000000 1.000000000000
12 19 60
-0.479310686261 0.737590044836 -0.475628207526 0.206904295508
-0.810714752525 -0.164527525130 0.561847206554 -0.203697582837
0.336158974407 0.654898174706 0.676834931643 1.206294266753
0.000000000000 0.000000000000 0.000000000000 1.000000000000
12 20 60
0.903693751172 -0.416808648504 -0.098021194767 0.029327235626
0.378070356365 0.884209675596 -0.274291916070 0.762904477053
0.200998531660 0.210816982512 0.956637752838 1.105222755213
0.000000000000 0.000000000000 0.000000000000 1.000000000000
12 21 60
0.962978717182 -0.266885365747 -0.038002523667 0.005976152259
0.245549341742 0.926565148535 -0.284925510073 0.742664851683
0.111254262953 0.265045707511 0.957796044002 1.148740699297
0.000000000000 0.000000000000 0.000000000000 1.000000000000
12 22 60
0.863089565671 -0.475691245044 -0.169688659074 0.125943899325
0.466896113742 0.879612090257 -0.091052675126 0.630870755487
0.192573156497 -0.000640361641 0.981282410590 1.146829477373
0.000000000000 0.000000000000 0.000000000000 1.000000000000
12 23 60
0.646789991332 -0.158368871833 -0.746044239671 0.135544569455
0.220443149357 0.975270006919 -0.015913249423 -0.215456348609
0.730114734144 -0.154167811296 0.665706212188 1.316989686849
0.000000000000 0.000000000000 0.000000000000 1.000000000000
12 24 60
-0.072881780861 0.513176046396 0.855183367135 -0.848498639407
0.987835928192 -0.080953800683 0.132765436495 0.279008064964
0.137362385648 0.854457036696 -0.501033678956 2.433521316089
0.000000000000 0.000000000000 0.000000000000 1.000000000000
12 25 60
0.949642837249 -0.080018177703 -0.302944834745 0.123558173088
-0.074668815583 0.881195104672 -0.466818760850 0.745516302589
0.304307491924 0.465931624532 0.830845756816 1.110135961403
0.000000000000 0.000000000000 0.000000000000 1.000000000000
12 36 60
-0.282769827713 0.942925639156 -0.175876273434 0.034085113111
-0.958605678196 -0.271419895340 0.086060409856 -0.254729023735
0.033412247241 0.192931281642 0.980643228854 -0.102475957005
0.000000000000 0.000000000000 0.000000000000 1.000000000000
12 37 60
0.946227174013 0.259042979219 0.193780468769 -0.837326261961
-0.305565713163 0.912363326560 0.272438534882 -0.360636855203
-0.106224903378 -0.317001412090 0.942457624848 0.205798850185
0.000000000000 0.000000000000 0.000000000000 1.000000000000
12 38 60
0.958242308440 -0.187537542228 0.215873454993 -0.585258821886
0.190694187089 0.981629244201 0.006305072546 0.234698509037
-0.213090134276 0.035124025742 0.976400992159 0.070365301027
0.000000000000 0.000000000000 0.000000000000 1.000000000000
12 39 60
0.903847746987 -0.343912450247 0.254525984590 -0.448079435664
0.347280938023 0.937177737148 0.033073238118 0.732819995538
-0.249910384642 0.058498850921 0.966500224567 -1.092947083347
0.000000000000 0.000000000000 0.000000000000 1.000000000000
12 42 60
-0.067519919304 -0.835987127568 0.544579271583 -1.637273127501
0.994126934378 -0.010103288220 0.107747677062 -0.681804528323
-0.084573629710 0.548656036246 0.831759493513 -0.830180459722
0.000000000000 0.000000000000 0.000000000000 1.000000000000
12 44 60
0.282676603509 -0.956140972820 0.076735766918 0.045188713708
0.408173169824 0.192295591284 0.892422024049 -2.180429198863
-0.868037211912 -0.220945345433 0.444628556288 -0.273172333478
0.000000000000 0.000000000000 0.000000000000 1.000000000000
12 46 60
0.904649381045 -0.079502286329 0.418675153125 -0.936020838939
-0.072283709028 0.939582486265 0.334603970259 -0.646321251663
-0.419981621961 -0.332962667535 0.844245994508 -1.286770048861
0.000000000000 0.000000000000 0.000000000000 1.000000000000
12 49 60
0.787044272791 -0.146948615286 -0.599138896361 0.847957592308
0.065895163276 0.985683923724 -0.155193524247 0.451007920401
0.613367051710 0.082663819032 0.785460089947 0.644518703526
0.000000000000 0.000000000000 0.000000000000 1.000000000000
12 52 60
0.556750975621 -0.614349785864 0.559108837126 -1.308073901321
-0.710351876701 -0.003200530727 0.703839447509 -1.715102894481
-0.430614168847 -0.789027310814 -0.438186421944 2.496883801965
0.000000000000 0.000000000000 0.000000000000 1.000000000000
12 53 60
0.566278803474 -0.008472518855 -0.824170208853 0.771819166824
-0.324955802937 0.916654689469 -0.232697027081 0.636889249733
0.757451016816 0.399590286041 0.516328926583 1.352153304236
0.000000000000 0.000000000000 0.000000000000 1.000000000000
12 57 60
0.998584215984 0.002602013246 -0.053129964366 0.516887229439
-0.005679466275 0.998308864872 -0.057854593430 0.194151461064
0.052889575998 0.058074433662 0.996910253185 -0.013013378702
0.000000000000 0.000000000000 0.000000000000 1.000000000000
12 58 60
0.989743887382 -0.066900866549 -0.126219299016 0.200260249825
0.071135174289 0.997035123218 0.029338542025 -0.180655709265
0.123882300462 -0.038016274469 0.991568423513 0.104106016546
0.000000000000 0.000000000000 0.000000000000 1.000000000000
13 15 60
0.927533106201 0.119304446276 -0.354187501192 0.002464430748
-0.046163422759 0.976996230941 0.208200151596 -0.002750171907
0.370879057511 -0.176762025967 0.911703850422 0.436951224076
0.000000000000 0.000000000000 0.000000000000 1.000000000000
13 16 60
0.902881061776 0.219456284866 -0.369654875957 -0.295273652705
-0.092942438584 0.939194509522 0.330568262836 -0.379534481386
0.419723112774 -0.264107198534 0.868377738249 0.892061200889
0.000000000000 0.000000000000 0.000000000000 1.000000000000
13 17 60
0.969158122618 -0.102663056998 -0.224037564019 -0.362436801532
0.121636474577 0.989918756355 0.072563240492 -0.032662049354
0.214329422656 -0.097576393386 0.971875375775 1.566338554093
0.000000000000 0.000000000000 0.000000000000 1.000000000000
13 18 60
0.993630780476 0.040808595993 -0.105035853808 -0.752463415503
-0.020424320368 0.981903505577 0.188277329682 -0.273298013744
0.110818406547 -0.184932864110 0.976483034436 1.741888873891
0.000000000000 0.000000000000 0.000000000000 1.000000000000
13 19 60
0.992295342511 0.121825932205 -0.022547626767 -1.051654464019
-0.111910009394 0.959426779540 0.258797999410 -0.386547919238
0.053161104465 -0.254280744342 0.965668266036 1.967683739160
0.000000000000 0.000000000000 0.000000000000 1.000000000000
13 20 60
0.398437297342 0.734823202572 0.548892139722 -1.594005836113
-0.784538864122 0.583052994504 -0.211063915161 -0.241842789131
-0.475127867811 -0.346531479899 0.808807420013 2.164062363379
0.000000000000 0.000000000000 0.000000000000 1.000000000000
13 21 60
0.300093209743 0.586856116091 -0.752026571653 -0.660465272266
0.602370760567 0.494709325025 0.626428088887 -0.779618270546
0.739657712918 -0.640985633801 -0.205046055757 3.146469123506
0.000000000000 0.000000000000 0.000000000000 1.000000000000
13 22 60
0.891973715232 0.294613427461 0.342907888063 -1.293116506570
-0.212795977233 0.942824888240 -0.256513356744 0.006325037083
-0.398874370459 0.155833752680 0.903667570579 2.065423581119
0.000000000000 0.000000000000 0.000000000000 1.000000000000
13 24 60
0.230166701313 0.116328755687 -0.966173333418 -0.010756797915
0.825183463684 0.502945287946 0.257134767381 0.337306786648
0.515844492914 -0.856454118990 0.019768692323 2.547328844716
0.000000000000 0.000000000000 0.000000000000 1.000000000000
13 25 60
0.192996014638 -0.114580459664 0.974486457883 -1.868539303948
0.894736793016 0.428198731986 -0.126853920508 0.029340996913
-0.402738885082 0.896391189263 0.185160001768 2.592808231468
0.000000000000 0.000000000000 0.000000000000 1.000000000000
13 30 60
0.961818650668 -0.115454853461 0.248143224852 -2.679892477283
0.106817795476 0.993117359414 0.048040285184 -0.643820203551
-0.251981828308 -0.019699930033 0.967531431509 0.132730256178
0.000000000000 0.000000000000 0.000000000000 1.000000000000
13 37 60
0.326222914492 -0.574607318849 0.750603116957 -2.177390653779
0.323424773310 0.813967232507 0.482549231079 -1.171621801265
-0.888242661703 0.085345026398 0.451377004731 2.043845933669
0.000000000000 0.000000000000 0.000000000000 1.000000000000
13 51 60
0.775835992675 0.628984663741 0.049566170412 -0.751279981188
-0.554001918852 0.716723472134 -0.423543785695 0.744073958890
-0.301927783383 0.301140759897 0.904518577118 -0.174539657294
0.000000000000 0.000000000000 0.000000000000 1.000000000000
13 52 60
0.944683214639 0.013151919401 0.327720385383 -1.002885701623
0.110643453498 0.927845387655 -0.356175466315 0.777762250598
-0.308758239044 0.372733099715 0.875064789715 0.446769698397
0.000000000000 0.000000000000 0.000000000000 1.000000000000
13 53 60
0.992523803626 0.060810591480 -0.105823301776 -0.666565498532
0.004953222767 0.846256920274 0.532751997155 -0.448215140242
0.121950665514 -0.529293204994 0.839628928949 1.636486695892
0.000000000000 0.000000000000 0.000000000000 1.000000000000
13 55 60
0.969562196150 0.030756671239 0.242905691517 -1.803765370365
-0.064826450724 0.988921077327 0.133538886116 -0.163876077151
-0.236107346526 -0.145220969536 0.960814337385 0.253970577476
0.000000000000 0.000000000000 0.000000000000 1.000000000000
13 57 60
0.433792187903 -0.418186982566 0.798087705285 -2.357396500124
0.823302206943 0.543834211062 -0.162535617395 0.278445800189
-0.366057118163 0.727574050177 0.580205297934 1.521356099834
0.000000000000 0.000000000000 0.000000000000 1.000000000000
14 16 60
0.999592699441 0.007423333950 -0.027555931053 -0.106636113753
-0.004025370008 0.992598308769 0.121377072900 -0.015791471550
0.028252993106 -0.121216713133 0.992223904589 0.569049638441
0.000000000000 0.000000000000 0.000000000000 1.000000000000
14 18 60
0.962071437081 -0.084401834116 0.259412567833 -0.169958931435
0.044251630479 0.986623956919 0.156891557561 -0.268577169183
-0.269184589366 -0.139461457156 0.952937646866 1.517987790558
0.000000000000 0.000000000000 0.000000000000 1.000000000000
14 19 60
0.237607801062 -0.774254065401 -0.586577509868 -0.473326018377
0.940125766573 0.031397224086 0.339378486862 -0.467641812140
-0.244348267641 -0.632095607111 0.735356422133 1.858313588793
0.000000000000 0.000000000000 0.000000000000 1.000000000000
14 20 60
0.045102192013 0.490340913431 0.870362901836 -1.797577380570
-0.196874098029 0.858525816808 -0.473470180054 0.280670470909
-0.979390821787 -0.149997368283 0.135256821296 2.174311344284
0.000000000000 0.000000000000 0.000000000000 1.000000000000
14 21 60
0.264074517948 0.445183820103 0.855614408065 -1.787136576370
0.435608560920 0.736424805477 -0.517613453777 0.262693223556
-0.860528808712 0.509401484289 0.000545142292 2.260573216674
0.000000000000 0.000000000000 0.000000000000 1.000000000000
14 22 60
0.510818408724 -0.787782272079 -0.344185480674 -0.725707877650
0.858639897825 0.447751770561 0.249511277949 -0.110046577548
-0.042450903079 -0.422986339919 0.905141136547 1.687126541326
0.000000000000 0.000000000000 0.000000000000 1.000000000000
14 23 60
-0.238489600964 0.828446667140 0.506753223904 -1.366107084114
-0.512795279334 -0.550560074861 0.658729538932 0.342078034106
0.824720383964 -0.102760516122 0.556126392650 1.763198710958
0.000000000000 0.000000000000 0.000000000000 1.000000000000
14 24 60
0.927638531474 -0.010672529679 0.373326736299 -0.719895683842
-0.364829032893 0.187994898197 0.911897853386 -0.466626592465
-0.079915778689 -0.982112017726 0.170497662607 2.157726958194
0.000000000000 0.000000000000 0.000000000000 1.000000000000
14 25 60
0.830930094563 -0.285127226552 -0.477763165836 -0.486524145865
0.341519872745 0.939280349368 0.033415592341 0.074840572049
0.439225858153 -0.190931636902 0.877852923649 1.752483965212
0.000000000000 0.000000000000 0.000000000000 1.000000000000
14 32 60
0.999912519492 0.012038542340 0.005479677084 -0.039760995718
-0.011823061489 0.999215777086 -0.037789496418 0.064383796347
-0.005930310248 0.037721404014 0.999270697609 0.036553381558
0.000000000000 0.000000000000 0.000000000000 1.000000000000
14 34 60
0.029064161978 0.779205679111 -0.626094069714 0.653712000437
0.981421282512 0.096594818166 0.165776075885 -0.754825400007
0.189651102609 -0.619280187593 -0.761921589492 3.443685767564
0.000000000000 0.000000000000 0.000000000000 1.000000000000
14 36 60
0.753593379073 -0.386853867900 0.531451882967 -1.561650112733
0.150327815378 0.888486187425 0.433582567315 -0.529454586698
-0.639920750516 -0.246852951465 0.727712205072 0.863736635031
0.000000000000 0.000000000000 0.000000000000 1.000000000000
14 37 60
-0.472338220758 0.713143439835 -0.517999072810 0.558443381261
-0.843380273757 -0.194890104280 0.500727032514 -0.608131972349
0.256137305068 0.673382715456 0.693505154615 1.220256195108
0.000000000000 0.000000000000 0.000000000000 1.000000000000
14 52 60
0.977013013536 -0.206447895685 -0.053149202692 0.217362718360
0.212912512570 0.932497375967 0.291748017656 -0.015346281882
-0.010669272271 -0.296357740209 0.955017411594 0.340088582080
0.000000000000 0.000000000000 0.000000000000 1.000000000000
14 53 60
-0.660655696474 0.720453035966 -0.210906314945 -0.340202983157
0.636851993240 0.686639297856 0.350636583013 0.389490776653
0.397433754760 0.097333948900 -0.912454115542 3.395966060498
0.000000000000 0.000000000000 0.000000000000 1.000000000000
15 17 60
0.986724215557 -0.071049981793 0.146038428227 0.088921079561
0.079793748073 0.995298041455 -0.054906888869 -0.392188187469
-0.141450628137 0.065830910399 0.987754023548 1.103316694819
0.000000000000 0.000000000000 0.000000000000 1.000000000000
15 18 60
0.936647661743 -0.122518529430 0.328146869098 -0.179674852091
0.133765165659 0.990942444642 -0.011830125274 -0.546223694997
-0.323725251114 0.054975279481 0.944552635080 1.296796772260
0.000000000000 0.000000000000 0.000000000000 1.000000000000
15 19 60
0.865514037561 0.500293876635 0.024320521931 -0.159378670974
-0.493353677974 0.843106987137 0.213945686260 -0.773916478890
0.086530914798 -0.197171613679 0.976542756639 1.563788203754
0.000000000000 0.000000000000 0.000000000000 1.000000000000
15 20 60
0.770760586385 -0.621936545188 0.138286124520 -0.845592292013
0.576058534166 0.772997044638 0.265767067551 0.201307649861
-0.272185017386 -0.125181878642 0.954067509964 1.199590646160
0.000000000000 0.000000000000 0.000000000000 1.000000000000
15 21 60
0.451555704948 0.583713368999 -0.674815640142 -0.282539379481
0.153589946493 0.694172092015 0.703231992307 -0.243335633990
0.878924100060 -0.421193316090 0.223804863253 2.296724748161
0.000000000000 0.000000000000 0.000000000000 1.000000000000
15 22 60
0.825883427127 -0.441588183308 -0.350594411195 -0.489884150096
0.538975017676 0.435670488878 0.720900239592 -0.036695325793
-0.165597388624 -0.784341189461 0.597818035355 1.492422599934
0.000000000000 0.000000000000 0.000000000000 1.000000000000
15 23 60
-0.297600925115 0.439240230023 0.847644801612 -1.387573201412
-0.481269186432 -0.835826818878 0.264146737697 -0.160771686172
0.824508131895 -0.329335010551 0.460135622686 2.154552086005
0.000000000000 0.000000000000 0.000000000000 1.000000000000
15 24 60
0.989002263277 -0.064390861525 -0.133147813297 -0.322829276542
0.108886040831 0.926244287535 0.360853640581 -0.610677914408
0.100091724662 -0.371383005481 0.923068962696 1.661803783783
0.000000000000 0.000000000000 0.000000000000 1.000000000000
15 25 60
-0.182001436616 -0.401590721290 0.897552432810 -1.700077361549
0.448812807355 -0.846095055005 -0.287559075408 0.383691176214
0.874895731516 0.350496862282 0.334229574553 2.005184027992
0.000000000000 0.000000000000 0.000000000000 1.000000000000
15 34 60
0.692224443455 0.670354832449 -0.267300801524 -0.301572657202
0.699531995927 -0.714317007063 0.020154406362 -0.533384266927
-0.177426904831 -0.200936835930 -0.963402346586 3.763211265396
0.000000000000 0.000000000000 0.000000000000 1.000000000000
15 35 60
0.901058328861 0.038953376678 -0.431945045620 0.102855560325
-0.085209196247 0.992447113652 -0.088250322834 0.314146668030
0.425244965714 0.116324378574 0.897571923628 -0.062820352504
0.000000000000 0.000000000000 0.000000000000 1.000000000000
15 36 60
-0.364180239544 -0.612956155202 0.701182932569 -1.620567850847
0.861661454027 -0.507468444509 0.003913626491 0.164994514655
0.353429330660 0.605607570649 0.712970671628 0.990843861702
0.000000000000 0.000000000000 0.000000000000 1.000000000000
15 37 60
0.016708103670 0.170810232505 -0.985162272797 1.337318188611
-0.177908563142 0.970084798442 0.165178772826 -0.037337970791
0.983905169431 0.172508980355 0.046596880416 1.616552071527
0.000000000000 0.000000000000 0.000000000000 1.000000000000
15 51 60
0.675214994589 0.730852232229 0.099698173141 -0.035605917260
0.675848864873 -0.667137109378 0.313299200670 -0.884845779834
0.295487771204 -0.144163420939 -0.944406631241 5.360132803467
0.000000000000 0.000000000000 0.000000000000 1.000000000000
15 52 60
0.906244025096 -0.051135553763 -0.419650952720 0.924247751258
0.033278090341 0.998206181339 -0.049769350407 0.142821669961
0.421443158304 0.031137994123 0.906320081230 0.352715168487
0.000000000000 0.000000000000 0.000000000000 1.000000000000
15 53 60
-0.826336090013 -0.170028752087 -0.536897466754 0.081402888377
-0.293580141332 0.943607948217 0.153018759233 -0.247595367170
0.480603128329 0.284067357373 -0.829654367502 3.358526793857
0.000000000000 0.000000000000 0.000000000000 1.000000000000
15 54 60
-0.624588625749 -0.731049622863 0.274691640749 -1.094465221417
-0.055083980027 0.392102233202 0.918270980627 -1.472632655435
-0.779008859853 0.558410501002 -0.285171717813 2.604184104200
0.000000000000 0.000000000000 0.000000000000 1.000000000000
15 57 60
0.871634765146 -0.476778749476 0.113731527011 -0.529331538921
0.475080772023 0.878873322611 0.043358307805 -0.348386170638
-0.120627924804 0.016239053216 0.992564958534 0.502667389027
0.000000000000 0.000000000000 0.000000000000 1.000000000000
15 58 60
0.845531326961 -0.512220900271 0.150686842337 -0.654195116744
0.478867641766 0.852333011358 0.210271775135 -0.690182311251
-0.236140968062 -0.105632320217 0.965960276682 0.597398235875
0.000000000000 0.000000000000 0.000000000000 1.000000000000
16 18 60
0.933523131583 -0.088399007396 0.347448094382 -0.090710112709
0.087935337588 0.995978782179 0.017135981190 -0.335877936697
-0.347565733641 0.014556130650 0.937542628289 0.909183384435
0.000000000000 0.000000000000 0.000000000000 1.000000000000
16 19 60
0.896605981227 -0.187410256407 0.401217036307 -0.260190576878
0.201482398941 0.979465253733 0.007256696696 -0.490358720505
-0.394338125657 0.074331773310 0.915954272947 1.224780269624
0.000000000000 0.000000000000 0.000000000000 1.000000000000
16 20 60
0.362665973503 -0.840841817588 0.401818901322 -0.762646407032
0.293149156866 0.512218092787 0.807277026336 -0.093899855975
-0.884611193402 -0.174979036508 0.432256143151 1.760972306164
0.000000000000 0.000000000000 0.000000000000 1.000000000000
16 21 60
-0.341582167837 0.934574647745 -0.099457782032 -0.424716980501
-0.335210698590 -0.022282582006 0.941879649472 -0.181348706045
0.878040665440 0.355068605105 0.320890753222 1.993271112552
0.000000000000 0.000000000000 0.000000000000 1.000000000000
16 22 60
-0.257364753889 0.297119030098 0.919501857208 -1.366255857876
-0.885669398522 0.308030341592 -0.347429165703 0.212998709849
-0.386462287912 -0.903790678539 0.183873079621 1.912347655298
0.000000000000 0.000000000000 0.000000000000 1.000000000000
16 23 60
-0.543569596580 0.403275772468 -0.736139079940 0.115780667010
0.702732438692 0.698261065518 -0.136376698858 0.447277924301
0.459019839750 -0.591439038044 -0.662948452743 2.685553445902
0.000000000000 0.000000000000 0.000000000000 1.000000000000
16 24 60
0.987681596364 0.055329617501 -0.146368362805 -0.197049807856
0.012423846368 0.904716635542 0.425832663630 -0.418548887032
0.155983051145 -0.422405543052 0.892884564182 1.313384190635
0.000000000000 0.000000000000 0.000000000000 1.000000000000
16 25 60
-0.603640028320 0.551417950732 -0.575809829563 0.016986429903
0.733030004554 0.667875926300 -0.128874976208 -0.211714937773
0.313505548010 -0.499879976275 -0.807362546001 2.872325054333
0.000000000000 0.000000000000 0.000000000000 1.000000000000
16 28 60
0.966556671996 0.229983799336 0.113470929590 -1.272658892605
-0.013703265288 -0.395514390667 0.918357548723 -2.614916799754
0.256086743780 -0.889199538247 -0.379135544156 2.605531586973
0.000000000000 0.000000000000 0.000000000000 1.000000000000
16 30 60
0.573027145881 -0.364470799516 0.734030603166 -2.479928664140
0.802102051152 0.433182607188 -0.411078007643 -0.172837582436
-0.168143360326 0.824326309862 0.540568168919 0.255301245803
0.000000000000 0.000000000000 0.000000000000 1.000000000000
16 34 60
-0.522026601800 0.227226033355 0.822104954844 -1.080416822693
0.300073630884 0.951167974904 -0.072355369982 -0.291435731297
-0.798400928771 0.208920590854 -0.564719526540 2.903975096634
0.000000000000 0.000000000000 0.000000000000 1.000000000000
16 35 60
0.871048630987 0.036866651195 -0.489811323353 0.204719911479
-0.047210653730 0.998846401364 -0.008776141378 -0.045684915512
0.488922730735 0.030768758713 0.871784289178 -0.023095347545
0.000000000000 0.000000000000 0.000000000000 1.000000000000
16 36 60
0.455614938846 -0.761749204033 -0.460600887597 0.561103100553
0.872188078579 0.278507899367 0.402145875989 -0.776736266212
-0.178053315289 -0.584954271841 0.791280934163 0.557881529656
0.000000000000 0.000000000000 0.000000000000 1.000000000000
16 37 60
-0.347725563302 -0.932516343825 -0.097468975204 0.033513338396
0.854163877564 -0.357935536157 0.377208459901 -1.280574265449
-0.386640663785 0.047910546399 0.920985112069 0.679154703230
0.000000000000 0.000000000000 0.000000000000 1.000000000000
16 46 60
0.642193930212 -0.132337337684 0.755032307291 -2.404178050199
0.675959306831 0.562256210725 -0.476389513958 0.581420232264
-0.361477484094 0.816305569352 0.450532180802 0.499581747405
0.000000000000 0.000000000000 0.000000000000 1.000000000000
16 52 60
0.945315714264 -0.169962398414 0.278372023542 -0.414830017084
0.205947080647 0.972873131365 -0.105373954288 0.480553381671
-0.252911052226 0.156941560444 0.954675518838 -0.066365438494
0.000000000000 0.000000000000 0.000000000000 1.000000000000
16 53 60
0.522191677014 -0.531666623536 0.666818156527 -1.248551325934
-0.830338102022 -0.138578938116 0.539754123877 -0.881593693708
-0.194562300533 -0.835539633607 -0.513827823189 2.694817683219
0.000000000000 0.000000000000 0.000000000000 1.000000000000
16 55 60
0.694510148461 -0.169166219145 0.699312836994 -1.809121314883
0.188703135773 0.980768417585 0.049844133234 -0.264939227551
-0.694295888101 0.097345268855 0.713075815322 0.173044171612
0.000000000000 0.000000000000 0.000000000000 1.000000000000
16 57 60
0.962255556637 0.109776560973 0.249024798730 -0.440032789278
0.026942831973 0.872114157580 -0.488560108845 0.719474644304
-0.270810501139 0.476829112797 0.836239002715 0.402092982139
0.000000000000 0.000000000000 0.000000000000 1.000000000000
16 59 60
0.801703931656 0.500749164801 0.326375672988 -0.504574208574
-0.536432428326 0.843620456277 0.023340428215 -0.415235847587
-0.263649494229 -0.193790607874 0.944951927080 0.339477677810
0.000000000000 0.000000000000 0.000000000000 1.000000000000
17 19 60
0.950898808820 0.223296012074 0.214313663534 -0.515743987780
-0.267584512496 0.941098688024 0.206716685518 -0.309744062910
-0.155531296072 -0.253913667199 0.954640175957 0.350353236233
0.000000000000 0.000000000000 0.000000000000 1.000000000000
17 20 60
-0.367009251569 0.930140880835 0.011922712052 -0.456337661273
-0.612777047031 -0.251389227852 0.749204742878 -0.799842708240
0.699863200843 0.267659107671 0.662231154648 0.817787162499
0.000000000000 0.000000000000 0.000000000000 1.000000000000
17 21 60
-0.865494825117 -0.200528008157 0.459028567347 -0.689218663362
0.480398710834 -0.591874940336 0.647225720772 -0.558299338672
0.141900621297 0.780687244002 0.608598094582 0.768765996273
0.000000000000 0.000000000000 0.000000000000 1.000000000000
17 22 60
0.774870960986 -0.242944363853 0.583569216026 -0.633831822833
0.161523689061 0.968644362839 0.188780815265 -0.220998234604
-0.611134266502 -0.052020519146 0.789815658173 0.626517446122
0.000000000000 0.000000000000 0.000000000000 1.000000000000
17 23 60
0.037387910166 0.650297333930 0.758759198729 -0.937618892734
-0.671516728161 -0.545952778246 0.500999848028 -0.374180535145
0.740045558039 -0.528250831904 0.416273504585 0.900937128590
0.000000000000 0.000000000000 0.000000000000 1.000000000000
17 24 60
0.693633635038 -0.199066436209 0.692275186843 -0.658861311197
-0.327388589646 0.768934742756 0.549141213854 -0.466361702950
-0.641630027129 -0.607545813382 0.468186920929 0.486419214453
0.000000000000 0.000000000000 0.000000000000 1.000000000000
17 25 60
-0.939982984245 0.340458132221 0.022808979252 -0.413312802687
-0.329858996187 -0.923756344215 0.194595115966 -0.293334093556
0.087321429011 0.175392350825 0.980618422888 0.398736467989
0.000000000000 0.000000000000 0.000000000000 1.000000000000
17 26 60
0.383017899485 -0.825130803291 0.415278757144 -1.403287090610
-0.652972950740 -0.559835482648 -0.510108378651 0.383088232524
0.653393919681 -0.075785155732 -0.753215105993 3.738700853842
0.000000000000 0.000000000000 0.000000000000 1.000000000000
17 27 60
0.946895636885 0.289325480757 0.140283352657 -0.206951898902
-0.197552264178 0.867706195605 -0.456134915379 1.493613007540
-0.253696187923 0.404198867259 0.878784114524 -1.177548371922
0.000000000000 0.000000000000 0.000000000000 1.000000000000
17 28 60
0.370321266000 -0.669304037847 0.644122864732 -2.722220564196
0.573716725550 -0.380556114741 -0.725276610928 1.394688931050
0.730555459068 0.638129413564 0.243062898795 0.052123349529
0.000000000000 0.000000000000 0.000000000000 1.000000000000
17 30 60
0.421935246154 -0.896798098068 -0.133130835476 0.014740028866
-0.859641940862 -0.442390508956 0.255551112495 0.072973441812
-0.288073569709 0.006618828242 -0.957585405877 4.472570894841
0.000000000000 0.000000000000 0.000000000000 1.000000000000
17 31 60
0.677542436320 -0.395266335475 -0.620242509850 0.590712638598
0.715191320588 0.550809169045 0.430244853834 -0.201617513406
0.171573954724 -0.735101206186 0.655887638796 0.521605096017
0.000000000000 0.000000000000 0.000000000000 1.000000000000
17 32 60
0.533085080390 -0.766203150262 -0.358821723972 0.194868206393
0.536924756986 0.634134936837 -0.556403349395 0.469283034724
0.653859390390 0.103950057296 0.749441314038 0.138295706634
0.000000000000 0.000000000000 0.000000000000 1.000000000000
17 33 60
0.668497323934 0.405900278456 0.623182390510 -0.772837558294
0.156522134536 0.742378593230 -0.651440592621 0.432547832856
-0.727057184335 0.533028130837 0.432745724927 0.338417775357
0.000000000000 0.000000000000 0.000000000000 1.000000000000
17 34 60
0.870218798891 -0.161711362683 0.465369398689 -0.688805393328
0.172193357293 0.984855330902 0.020234250625 -0.026498339535
-0.461593641378 0.062525293866 0.884885245592 0.282142043845
0.000000000000 0.000000000000 0.000000000000 1.000000000000
17 35 60
0.940404358167 -0.038674810209 0.337851893878 -1.461691689803
-0.026295639709 0.982266651630 0.185636107554 -0.631353582163
-0.339040089774 -0.183457036253 0.922710861199 -0.921780051228
0.000000000000 0.000000000000 0.000000000000 1.000000000000
17 36 60
0.694082125109 -0.390517993293 0.604769129933 -1.143025850614
0.282198859153 0.920437017379 0.270480130382 -1.071614735619
-0.662279251901 -0.017070265177 0.749062613237 -0.440456687454
0.000000000000 0.000000000000 0.000000000000 1.000000000000
17 37 60
-0.712366525062 -0.700990432509 0.033857753933 0.412056383747
-0.207435734871 0.164223381062 -0.964365644873 1.892833224520
0.670450855671 -0.694005111396 -0.262397704805 1.059739297170
0.000000000000 0.000000000000 0.000000000000 1.000000000000
17 38 60
0.457463472621 -0.741922189253 0.490182248059 -1.306495710007
0.771073369374 0.605534746555 0.196909953421 -1.208866888503
-0.442914247072 0.287887366533 0.849086470232 0.080540374856
0.000000000000 0.000000000000 0.000000000000 1.000000000000
17 39 60
0.841887260761 0.532758374861 0.085990430762 -0.922838270123
-0.440679683893 0.770673640779 -0.460286384345 0.818701921552
-0.311491984442 0.349615007436 0.883596112601 -1.097385583502
0.000000000000 0.000000000000 0.000000000000 1.000000000000
17 41 60
0.319239675993 -0.455358017688 0.831104749715 -2.007405157972
0.822894576145 0.568173922655 -0.004786456513 -0.291302507203
-0.470032494434 0.685439617575 0.556095301936 -0.044115872115
0.000000000000 0.000000000000 0.000000000000 1.000000000000
17 42 60
0.980757394025 0.170825873806 0.094516955637 0.054158886303
-0.153542414824 0.973928113958 -0.166999268536 -0.070821852990
-0.120580516313 0.149273405804 0.981416216193 -0.855384313366
0.000000000000 0.000000000000 0.000000000000 1.000000000000
17 43 60
-0.780392945091 -0.624023483662 -0.039768619413 1.303855189702
0.133339940013 -0.228215552367 0.964436686390 -3.320288253300
-0.610906958259 0.747336840719 0.261305060906 0.655526105526
0.000000000000 0.000000000000 0.000000000000 1.000000000000
17 45 60
-0.545911446903 0.836017672234 0.055273355719 -0.558679867206
-0.532408863989 -0.397083664295 0.747572983123 -2.342891412786
0.646932371803 0.378680624355 0.661875736866 -1.237066913722
0.000000000000 0.000000000000 0.000000000000 1.000000000000
17 46 60
0.204532363087 -0.372023665127 -0.905408695030 2.119187581781
0.978840764236 0.071963856080 0.191551459635 -0.285423768372
-0.006104975051 -0.925429411681 0.378870866227 0.804729895917
0.000000000000 0.000000000000 0.000000000000 1.000000000000
17 47 60
0.154809266747 -0.386062826428 0.909389677189 -2.032227167540
0.903352540337 0.427989566786 0.027912695833 -0.422908475858
-0.399985348227 0.817178331071 0.415007585993 0.222013889329
0.000000000000 0.000000000000 0.000000000000 1.000000000000
17 48 60
0.936181917567 -0.350913736437 0.020566156688 -0.066040194258
-0.281080982525 -0.782445810457 -0.555672596914 0.552981828931
0.211085050356 0.514429881789 -0.831146797044 2.801002186126
0.000000000000 0.000000000000 0.000000000000 1.000000000000
17 50 60
0.029209099287 0.897966996901 -0.439092360438 0.947078394531
-0.758051041349 0.306230640807 0.575831063196 -0.802915827484
0.651540825451 0.316034914381 0.689649538290 -1.354157452740
0.000000000000 0.000000000000 0.000000000000 1.000000000000
17 52 60
0.961619755334 0.262142820609 -0.081046824453 0.402117853440
-0.267751731499 0.961059711276 -0.068361112044 -0.439718646092
0.059970462977 0.087437823418 0.994363198538 -0.974929652355
0.000000000000 0.000000000000 0.000000000000 1.000000000000
17 53 60
-0.880401117484 -0.468976466181 0.070391380881 -0.453411201279
-0.473153650715 0.858678882450 -0.196967509121 -0.014736498311
0.031929534111 -0.206716353981 -0.977879774742 2.160052135156
0.000000000000 0.000000000000 0.000000000000 1.000000000000
17 54 60
0.854801060715 0.455998144468 -0.247751566781 -0.058408263557
0.059626644775 -0.560541682659 -0.825976806717 0.797371193926
-0.515518971362 0.691273255843 -0.506341264289 1.709475249335
0.000000000000 0.000000000000 0.000000000000 1.000000000000
17 55 60
0.946991552934 -0.069450879999 0.313661559550 -1.430187568503
0.110116086300 0.987378728155 -0.113831870430 0.318850903826
-0.301797028167 0.142337003112 0.942686974204 -1.094660563160
0.000000000000 0.000000000000 0.000000000000 1.000000000000
17 56 60
0.758924190926 0.493728442719 0.424577787076 -0.424240247695
-0.556102164976 0.830638876241 0.028096964000 -0.706131375528
-0.338798545652 -0.257432092265 0.904955393009 -0.391794143796
0.000000000000 0.000000000000 0.000000000000 1.000000000000
17 57 60
0.220751555053 -0.958734626146 0.179155428529 -0.331120441147
0.908093004245 0.269056342889 0.320898395120 -0.960991256082
-0.355859307285 0.091850971583 0.930014813021 -0.371458598005
0.000000000000 0.000000000000 0.000000000000 1.000000000000
17 58 60
-0.396850499973 -0.633174818577 0.664529404760 -1.101081733962
0.890637336908 -0.440715812749 0.111958503465 -0.455515582722
0.221979311595 0.636285487429 0.738827424850 -0.479137152381
0.000000000000 0.000000000000 0.000000000000 1.000000000000
18 20 60
0.895649903327 -0.426422579046 0.126392384068 -0.288627309989
0.365707087744 0.867823264526 0.336364545578 -0.236370113092
-0.253119688378 -0.255042282039 0.933211582509 0.264998953541
0.000000000000 0.000000000000 0.000000000000 1.000000000000
18 21 60
0.553194199081 -0.736664043443 0.388975918537 -0.370748888661
0.536162582076 0.672211239838 0.510550423188 -0.322157052834
-0.637578123593 -0.073879199597 0.766835054090 0.457529825405
0.000000000000 0.000000000000 0.000000000000 1.000000000000
18 22 60
0.840078480934 -0.315251111090 0.441457679545 -0.262820969149
0.205172504548 0.937997489155 0.279401062481 -0.127528816996
-0.502167690368 -0.144143842376 0.852672365833 0.351385810771
0.000000000000 0.000000000000 0.000000000000 1.000000000000
18 23 60
0.754190048984 -0.620863245918 0.213836853422 -0.249779899887
0.471216832793 0.738504216634 0.482251198554 -0.209404923413
-0.457331462406 -0.262945530256 0.849533743657 0.399818762776
0.000000000000 0.000000000000 0.000000000000 1.000000000000
18 24 60
0.637345227873 -0.546756297096 0.542999642811 -0.506617229309
-0.080831105039 0.653340894748 0.752736346744 -0.636582676690
-0.766327210117 -0.523644179608 0.372208785761 0.480287297833
0.000000000000 0.000000000000 0.000000000000 1.000000000000
18 25 60
0.427198071718 0.886157312408 0.179518871391 -0.387487536679
0.874415784936 -0.354413964137 -0.331342386479 0.294100949145
-0.229997483843 0.298522963421 -0.926274903977 1.867765054664
0.000000000000 0.000000000000 0.000000000000 1.000000000000
18 26 60
0.620084260970 -0.029377032942 0.783985012123 -1.564193709950
0.559244463845 0.717390960271 -0.415446554662 1.742278203975
-0.550219173563 0.696051147587 0.461271786463 -0.431942361068
0.000000000000 0.000000000000 0.000000000000 1.000000000000
18 27 60
0.404516657922 0.863296613147 -0.301803298840 1.183208586101
-0.908339723940 0.417603636283 -0.022937935308 0.112121143609
0.106231913174 0.283418702083 0.953094234551 -1.571475051041
0.000000000000 0.000000000000 0.000000000000 1.000000000000
18 28 60
0.827845573399 0.343974577496 -0.443117587825 0.729938915144
-0.553832381969 0.626673193128 -0.548224772970 1.980585707170
0.089114529039 0.699258320688 0.709292888490 -0.966391195751
0.000000000000 0.000000000000 0.000000000000 1.000000000000
18 30 60
-0.643785714275 -0.750212001093 0.150737876832 0.553634468954
-0.659208206780 0.443709757344 -0.607096525563 2.016513013416
0.388567232548 -0.490207715823 -0.780199911008 3.204872018349
0.000000000000 0.000000000000 0.000000000000 1.000000000000
18 31 60
-0.046662764189 -0.697317950665 0.715241401290 -1.089426458998
0.776147354951 -0.476051413129 -0.413485592809 0.908251567147
0.628822606020 0.535838341049 0.563435357801 0.810955545859
0.000000000000 0.000000000000 0.000000000000 1.000000000000
18 32 60
0.826466503254 -0.274392117511 0.491591379956 -0.884073279078
0.360068119837 0.928871860590 -0.086879316752 -0.657645703170
-0.432786400059 0.248809229030 0.866481332443 -1.802168352284
0.000000000000 0.000000000000 0.000000000000 1.000000000000
18 33 60
0.632103891796 -0.770611604486 -0.081255307576 0.215259737517
-0.759332325214 -0.595100249413 -0.263192159902 0.251687416152
0.154463878826 0.228064570201 -0.961315485134 2.092751260566
0.000000000000 0.000000000000 0.000000000000 1.000000000000
18 34 60
0.655523402098 0.086975591773 0.750149528919 -0.974056184134
0.085094152088 0.978511755427 -0.187813018110 0.142920500545
-0.750365280768 0.186949166692 0.634036240675 0.501888526635
0.000000000000 0.000000000000 0.000000000000 1.000000000000
18 35 60
0.952168471847 -0.048371372492 0.301720750934 -1.267034751433
0.033199157293 0.997922370015 0.055215571879 -0.257236317373
-0.303764739849 -0.042557652030 0.951796106883 -1.163890101981
0.000000000000 0.000000000000 0.000000000000 1.000000000000
18 36 60
0.565373369260 -0.704202573158 0.429478392109 -0.433597012286
0.715217210202 0.677907154409 0.170018329105 -0.457187196128
-0.410873819516 0.211046501885 0.886928451725 -0.963462730292
0.000000000000 0.000000000000 0.000000000000 1.000000000000
18 37 60
0.427649259442 -0.773353034941 0.468018369562 -1.530028881097
0.812690734277 0.555628861143 0.175528741476 -1.242332478662
-0.395790198614 0.305289456111 0.866111116814 -0.155906011330
0.000000000000 0.000000000000 0.000000000000 1.000000000000
18 38 60
0.949875728556 -0.056105953986 0.307551982969 -1.047522852160
0.018687705841 0.992195126866 0.123286657321 -0.481408926049
-0.312068694282 -0.111359562455 0.943510560565 -0.509642133328
0.000000000000 0.000000000000 0.000000000000 1.000000000000
18 39 60
0.031529652965 0.878009640750 -0.477603341420 0.743688775638
-0.961152387094 0.157729057796 0.226511882931 -0.557981496221
0.274211542001 0.451907750628 0.848874204553 -1.256718487352
0.000000000000 0.000000000000 0.000000000000 1.000000000000
18 40 60
0.580752918292 0.393701639380 -0.712548291025 0.971888107860
-0.697153079715 0.692483973709 -0.185589680746 0.194674946929
0.420361310467 0.604536984233 0.676632398986 -0.564199557438
0.000000000000 0.000000000000 0.000000000000 1.000000000000
18 41 60
0.093113610521 0.995620968441 -0.008291123981 0.370055392628
-0.921068440228 0.082972923163 -0.380458174361 1.061757444772
-0.378104197215 0.043062526900 0.924760960912 -1.206025791740
0.000000000000 0.000000000000 0.000000000000 1.000000000000
18 42 60
-0.466775113137 0.821012742767 -0.328723394314 1.359595810679
0.869901886326 0.359266286795 -0.337932601770 0.410864705972
-0.159347738992 -0.443695629218 -0.881897095296 3.905676913831
0.000000000000 0.000000000000 0.000000000000 1.000000000000
18 43 60
0.668966168892 0.052715594651 0.741421156266 -3.354385776884
-0.220937586912 0.966500383246 0.130627684185 -0.799811387476
-0.709697715627 -0.251193302592 0.658202914888 -0.112702483715
0.000000000000 0.000000000000 0.000000000000 1.000000000000
18 44 60
0.591369260504 -0.147349391688 0.792824415934 -1.535910813608
-0.003690951115 0.982659225212 0.185383990641 -1.398460973663
-0.806392444540 -0.112556669617 0.580570599939 -1.191706754938
0.000000000000 0.000000000000 0.000000000000 1.000000000000
18 45 60
0.868566687412 -0.375379026747 -0.323546744377 1.829588850118
0.314695038909 0.922127963843 -0.225048996410 0.333934824948
0.382830173843 0.093651506007 0.919059548353 -0.542641401639
0.000000000000 0.000000000000 0.000000000000 1.000000000000
18 46 60
0.499503897978 0.604478858613 -0.620565198344 1.709766582236
-0.854966628245 0.459519480982 -0.240569971493 0.024607135503
0.139742336074 0.650728173731 0.746341023541 -1.110422245928
0.000000000000 0.000000000000 0.000000000000 1.000000000000
18 47 60
-0.658332135638 -0.615740252161 0.432969676831 -0.973699080098
-0.339983915016 0.756420570921 0.558783372531 -1.388961527578
-0.671572584845 0.220662325185 -0.707317751458 2.315442368223
0.000000000000 0.000000000000 0.000000000000 1.000000000000
18 48 60
0.949577774353 0.081474029323 0.302760686022 -1.933164273012
-0.009219304398 0.972484790977 -0.232783882054 1.625006363100
-0.313396003294 0.218255157701 0.924201077285 -1.277459711368
0.000000000000 0.000000000000 0.000000000000 1.000000000000
18 49 60
0.631475544982 -0.699077216202 0.335454440835 -0.455817208233
0.278524840241 0.608252449669 0.743271734186 -1.187585448650
-0.723645320207 -0.375925528874 0.578806917100 -0.193348113171
0.000000000000 0.000000000000 0.000000000000 1.000000000000
18 50 60
-0.114557687401 -0.919259374264 0.376614841830 -1.934709103063
0.540913252565 0.260263605808 0.799797292251 -2.841552242807
-0.833240295147 0.295338887248 0.467424381289 0.825209494118
0.000000000000 0.000000000000 0.000000000000 1.000000000000
18 51 60
0.719779894154 -0.690517343763 -0.071433199103 0.453746622482
-0.001827257672 0.101014797446 -0.994883245324 2.781317047156
0.694199946053 0.716227483876 0.071446667100 1.466573584552
0.000000000000 0.000000000000 0.000000000000 1.000000000000
18 52 60
0.900217075564 0.269988046631 -0.341636753789 1.202890869062
-0.261357050574 0.962552716811 0.072005273944 -0.628007065026
0.348283948781 0.024468797203 0.937069671361 -0.839095989728
0.000000000000 0.000000000000 0.000000000000 1.000000000000
18 53 60
0.991927277107 -0.002590967155 -0.126781559466 0.146531177086
-0.007840134772 0.996625473963 -0.081707997986 0.106695752265
0.126565434532 0.082042376472 0.988559679152 -0.034322252255
0.000000000000 0.000000000000 0.000000000000 1.000000000000
18 54 60
0.949183165852 -0.144178548115 0.279756794244 -1.183089999363
0.080676064071 0.970658543428 0.226524534554 0.518926523491
-0.304208300920 -0.192443597794 0.932964506999 -1.202033132439
0.000000000000 0.000000000000 0.000000000000 1.000000000000
18 55 60
0.948832619954 -0.027533472933 0.314576806488 -1.164472641859
0.045730644546 0.997670850701 -0.050612071788 0.328999269327
-0.312450584031 0.062408184795 0.947881770586 -1.323205604047
0.000000000000 0.000000000000 0.000000000000 1.000000000000
18 56 60
0.968913807927 0.015940335672 0.246884463883 -1.083095051742
0.061267864463 0.951376382410 -0.301876179547 0.269694427266
-0.239692055756 0.307618082519 0.920825083127 -1.440961048815
0.000000000000 0.000000000000 0.000000000000 1.000000000000
18 57 60
0.925425360629 -0.114411114354 0.361245067533 -0.471205299537
0.103034840735 0.993386441943 0.050667529628 -0.375193872246
-0.364652880833 -0.009668188878 0.931093337225 -0.813414404259
0.000000000000 0.000000000000 0.000000000000 1.000000000000
18 58 60
0.792024060200 -0.457071138144 0.404702190185 -0.686612069074
0.590957632401 0.740356792417 -0.320376179872 0.310070331094
-0.153189310241 0.492907490913 0.856490070363 -0.721066845895
0.000000000000 0.000000000000 0.000000000000 1.000000000000
18 59 60
0.921015024413 0.347683623205 0.175634344480 -0.591914719176
-0.263971448246 0.888668830845 -0.374949041331 0.502125011345
-0.286444408772 0.298971248181 0.910255894485 -0.444911554689
0.000000000000 0.000000000000 0.000000000000 1.000000000000
19 21 60
0.906006005395 -0.384588826024 0.176761288422 -0.120743546850
0.374128855574 0.922951948135 0.090483704948 0.073290611325
-0.197941197364 -0.015847281527 0.980085785049 0.095706863165
0.000000000000 0.000000000000 0.000000000000 1.000000000000
19 22 60
0.961036466134 -0.064100813591 0.268886586607 0.040503349673
0.094976999771 0.990091820403 -0.103428993455 0.224995039121
-0.259592527387 0.124937075640 0.957602447186 0.099854929783
0.000000000000 0.000000000000 0.000000000000 1.000000000000
19 23 60
0.011542113586 0.747190873178 0.664509276574 -0.629651055912
-0.999186467087 -0.017062917928 0.036541220865 -0.176631568406
0.038641733974 -0.664390439329 0.746386066673 0.374297026917
0.000000000000 0.000000000000 0.000000000000 1.000000000000
19 24 60
0.860970909661 -0.371788599196 0.347134455544 -0.077634056662
0.255856956573 0.906380760755 0.336171287154 -0.018443555420
-0.439620643840 -0.200616933586 0.875492167566 0.048261783015
0.000000000000 0.000000000000 0.000000000000 1.000000000000
19 25 60
0.793829592276 -0.202895762689 0.573295637441 -0.475358261582
-0.148779812692 0.849261982928 0.506575415599 -0.465804651741
-0.589660195164 -0.487429373178 0.643982500075 0.357904520171
0.000000000000 0.000000000000 0.000000000000 1.000000000000
19 26 60
0.586089088314 0.726011632522 -0.359731413701 0.349791775177
-0.374071952357 0.636282833665 0.674695731454 -0.574603476033
0.718727872717 -0.260866373890 0.644499014704 0.227785918802
0.000000000000 0.000000000000 0.000000000000 1.000000000000
19 27 60
0.950733413341 -0.288584589473 0.113247125682 -0.258733190968
0.290531377416 0.956865195767 -0.000718238378 0.579289569306
-0.108154960558 0.033584696638 0.993566591960 -1.873621312314
0.000000000000 0.000000000000 0.000000000000 1.000000000000
19 28 60
0.597337944813 0.522745800288 -0.608213949172 1.602330746464
-0.801632440484 0.366546063902 -0.472259900268 1.855635877481
-0.023933450430 0.769662790655 0.638001864129 -0.930573900585
0.000000000000 0.000000000000 0.000000000000 1.000000000000
19 30 60
0.219740283479 -0.921854730832 0.319214760088 -0.611089524380
-0.937090850565 -0.290435143548 -0.193670248567 1.702716745510
0.271247019533 -0.256576075722 -0.927681934588 3.440674439676
0.000000000000 0.000000000000 0.000000000000 1.000000000000
19 31 60
0.917395546844 0.037234462165 -0.396231000121 1.044745430494
0.055064060527 0.974162305268 0.219033678310 -0.087571405507
0.394148905704 -0.222758608864 0.891641880078 0.076905182100
0.000000000000 0.000000000000 0.000000000000 1.000000000000
19 32 60
0.940852196963 -0.161458873243 0.297872750888 -0.186405863567
0.189948855379 0.979358172723 -0.069115858239 -0.678956826477
-0.280564744418 0.121608395149 0.952100216583 -2.089289369439
0.000000000000 0.000000000000 0.000000000000 1.000000000000
19 33 60
0.728683153438 0.507204774551 0.460178420364 -0.326974267358
-0.202405489229 0.801419676821 -0.562813041369 0.450351919927
-0.654257502689 0.316969743474 0.686642047866 -0.085679770270
0.000000000000 0.000000000000 0.000000000000 1.000000000000
19 34 60
0.739097958650 -0.258660020171 0.621955948186 -0.674914545318
0.185699624742 0.965795705364 0.180981504222 -0.083162464074
-0.647495063217 -0.018266074140 0.761850702990 0.157985343220
0.000000000000 0.000000000000 0.000000000000 1.000000000000
19 35 60
0.978081906661 0.143375608401 0.150994101800 -0.802617309076
0.001365581227 0.720731846779 -0.693212622668 1.510186023477
-0.208216039369 0.678224918411 0.704738987850 -0.906841533554
0.000000000000 0.000000000000 0.000000000000 1.000000000000
19 36 60
0.613212511476 -0.682211752842 0.398192842796 -0.384371439570
0.706566906501 0.699100607884 0.109642814144 -0.511388610571
-0.353176474878 0.214115539699 0.910725487319 -1.131045297533
0.000000000000 0.000000000000 0.000000000000 1.000000000000
19 37 60
-0.631895302236 -0.750038115219 0.195323200701 0.273369672788
0.739563727590 -0.508112676635 0.441437425549 -1.458433760248
-0.231848700330 0.423396189831 0.875774997698 -0.406780844579
0.000000000000 0.000000000000 0.000000000000 1.000000000000
19 38 60
0.996008545171 -0.039868200174 0.079859279747 -0.415539655738
0.028213628948 0.989452528355 0.142083374372 -0.377645005030
-0.084681574669 -0.139263134914 0.986627999889 -0.916826672139
0.000000000000 0.000000000000 0.000000000000 1.000000000000
19 39 60
-0.874464736756 0.163110325912 0.456844005925 -0.969862731963
0.402157318848 -0.282864307709 0.870779693332 -2.195276386808
0.271258023045 0.945189295858 0.181758851034 0.171011528391
0.000000000000 0.000000000000 0.000000000000 1.000000000000
19 40 60
0.873907430987 -0.176604180249 0.452876104012 -0.558928482748
-0.186577180003 0.738436980060 0.647996745658 -1.166979299861
-0.448859396658 -0.650785517663 0.612375254261 0.019601919801
0.000000000000 0.000000000000 0.000000000000 1.000000000000
19 41 60
0.592490649996 0.802772864630 -0.067160684048 0.825351463168
-0.784748416771 0.556326480970 -0.273259526728 0.386244389014
-0.182002066042 0.214607955084 0.959592972864 -1.335202281802
0.000000000000 0.000000000000 0.000000000000 1.000000000000
19 42 60
0.047798546061 0.993180299531 0.106339981272 -0.103516632754
-0.901846452231 -0.002856426175 0.432047239809 -0.424115580909
0.429404559351 -0.116553564734 0.895559596540 -2.554592563333
0.000000000000 0.000000000000 0.000000000000 1.000000000000
19 43 60
0.952729749677 -0.112002623221 0.282420672881 -1.803550494358
0.024847527485 0.955179059708 0.294984006809 -1.558601922538
-0.302801295335 -0.274022583534 0.912810494713 -1.701898475289
0.000000000000 0.000000000000 0.000000000000 1.000000000000
19 44 60
0.626974865847 0.150988911005 0.764267535847 -1.413466102743
-0.351863262253 0.930155755787 0.104892872268 -1.293419444845
-0.695050186874 -0.334682862916 0.636311730992 -1.281765791367
0.000000000000 0.000000000000 0.000000000000 1.000000000000
19 45 60
0.761582407673 -0.140720904409 -0.632605614413 2.521251187691
0.180746112079 0.983529072895 -0.001185638285 -0.323244644314
0.622352857543 -0.113438044025 0.774473195711 -0.081780633669
0.000000000000 0.000000000000 0.000000000000 1.000000000000
19 46 60
-0.969524454546 -0.207005250758 0.131038766004 -0.123571763711
0.084797602807 0.218266395062 0.972198100874 -2.518188096947
-0.229851470727 0.953681606693 -0.194061058585 0.658613020919
0.000000000000 0.000000000000 0.000000000000 1.000000000000
19 47 60
0.668186895927 0.743969533552 -0.005967014120 0.750876823078
-0.693167640547 0.619606276224 -0.368248129068 0.723161582876
-0.270268189415 0.250194715390 0.929708400619 -1.394172868701
0.000000000000 0.000000000000 0.000000000000 1.000000000000
19 48 60
0.978248211001 0.025742317980 0.205834328375 -1.547544706824
0.022926855061 0.972773648706 -0.230620440765 1.661227007140
-0.206166915362 0.230323167412 0.951023891164 -1.633946084647
0.000000000000 0.000000000000 0.000000000000 1.000000000000
19 49 60
0.354871122529 0.932733890073 0.063827711096 0.100951089887
-0.932601927856 0.357966805145 -0.045971845442 -0.209469265398
-0.065727700054 -0.043211766021 0.996901506029 -0.850931658389
0.000000000000 0.000000000000 0.000000000000 1.000000000000
19 50 60
0.956023078592 -0.158597711604 -0.246711651676 -0.234377367092
-0.099314405071 0.616431443495 -0.781120300860 2.894973173502
0.275964711773 0.771271055689 0.573571648979 -0.856261146555
0.000000000000 0.000000000000 0.000000000000 1.000000000000
19 51 60
0.895848996142 0.328796278739 -0.298910660900 1.536852392589
-0.444272225329 0.676004243183 -0.587911943236 1.399200093135
0.008761615938 0.659478028660 0.751672777079 -1.523676241543
0.000000000000 0.000000000000 0.000000000000 1.000000000000
19 52 60
0.116274085156 0.987697906356 -0.104561861600 0.833740208877
0.405937435468 0.048823340285 0.912595792193 -1.795173266411
0.906474012648 -0.148556814799 -0.395266665897 2.520012072212
0.000000000000 0.000000000000 0.000000000000 1.000000000000
19 53 60
0.942655495010 0.152401843617 -0.296941569657 0.248862753103
-0.068040374313 0.958729255881 0.276059271497 -0.128042000189
0.326758512042 -0.240024773677 0.914120879769 -0.009738934166
0.000000000000 0.000000000000 0.000000000000 1.000000000000
19 54 60
0.963447460118 -0.149630947010 0.222215146397 -0.840043079543
0.078677363688 0.950938945529 0.299207276516 0.444113424465
-0.256083705132 -0.270787188718 0.927952280234 -1.526736592714
0.000000000000 0.000000000000 0.000000000000 1.000000000000
19 55 60
0.945206470510 -0.183375803883 0.270107465014 -0.808467562605
0.191150329585 0.981557519713 -0.002527250141 0.323507150028
-0.264662576889 0.054019904147 0.962826864161 -1.639502344215
0.000000000000 0.000000000000 0.000000000000 1.000000000000
19 56 60
0.991299131657 0.077320735083 0.106524811672 -0.551553024553
-0.040313735719 0.948736675128 -0.313486082592 0.449635064149
-0.125302969989 0.306464068355 0.943598929906 -1.728731680534
0.000000000000 0.000000000000 0.000000000000 1.000000000000
19 57 60
0.897290155884 0.434969466632 0.075312278233 0.238796813967
-0.440137870912 0.868424474907 0.228292763730 -0.803942548242
0.033897355996 -0.237992635350 0.970675267418 -0.883552678548
0.000000000000 0.000000000000 0.000000000000 1.000000000000
19 58 60
0.889926125964 0.357366560011 0.283408948540 -0.238808720357
-0.367885280271 0.929713199937 -0.017140199039 -0.536954852746
-0.269614374406 -0.089008469536 0.958845963366 -0.851945518868
0.000000000000 0.000000000000 0.000000000000 1.000000000000
19 59 60
0.906973504892 0.085243425133 0.412471356455 -1.949198059742
-0.031640246185 0.990327591360 -0.135093140509 0.847852190507
-0.419997566951 0.109475203871 0.900898009484 -1.224992218591
0.000000000000 0.000000000000 0.000000000000 1.000000000000
20 22 60
0.980467330767 -0.026138419733 0.194937416398 -0.058024081211
0.017454089561 0.998782717477 0.046134997867 -0.010342911987
-0.195906018427 -0.041831403089 0.979730047339 0.084506873211
0.000000000000 0.000000000000 0.000000000000 1.000000000000
20 23 60
0.935488874847 -0.212563490980 0.282271726070 -0.086033624349
0.199246637870 0.977042349806 0.075425618880 -0.103335567656
-0.291824163381 -0.014318134956 0.956364809410 0.100120648580
0.000000000000 0.000000000000 0.000000000000 1.000000000000
20 24 60
0.990788654470 0.102373752596 0.088642297770 0.243025434295
-0.130191132133 0.900212950209 0.415532084671 -0.259776776654
-0.037257365556 -0.423244916161 0.905248932424 0.132040859134
0.000000000000 0.000000000000 0.000000000000 1.000000000000
20 25 60
0.824062548243 0.107325914979 0.556239215228 -0.483438171274
-0.027386113914 0.988288822083 -0.150117303830 0.120323258376
-0.565836475802 0.108472817418 0.817351044860 0.084872685959
0.000000000000 0.000000000000 0.000000000000 1.000000000000
20 26 60
0.660581678270 -0.597381000260 0.454717260352 -0.490562025190
0.392624085762 0.791141717321 0.468978795250 -0.456493937344
-0.639904816058 -0.131265851013 0.757159892456 0.187444107428
0.000000000000 0.000000000000 0.000000000000 1.000000000000
20 27 60
0.972408874393 -0.072896462215 -0.221601188622 0.904230868822
0.075763367778 0.997115883170 0.004452823043 0.417445504069
0.220637469857 -0.021119216997 0.975127215069 -1.728961073889
0.000000000000 0.000000000000 0.000000000000 1.000000000000
20 28 60
0.885988973763 0.368062415571 -0.282052471384 0.557936927449
-0.448170060577 0.523553857229 -0.724592958415 2.234146253470
-0.119025775246 0.768388844808 0.628817499758 -0.891934542884
0.000000000000 0.000000000000 0.000000000000 1.000000000000
20 30 60
0.987672858361 -0.131276615826 -0.085257111111 -0.666667796271
0.132592947042 0.991120729877 0.009940281821 -0.904343548877
0.083195163634 -0.021122238177 0.996309397628 -2.011425145918
0.000000000000 0.000000000000 0.000000000000 1.000000000000
20 31 60
0.507822705570 0.284463006329 -0.813140146431 1.154294806386
0.588690622835 0.574535561039 0.568640694716 -0.408463276359
0.628935171773 -0.767456635343 0.124301498683 1.005455600543
0.000000000000 0.000000000000 0.000000000000 1.000000000000
20 32 60
0.922659058310 -0.152384140435 0.354230625246 -0.379398816553
0.177503419100 0.983334109365 -0.039326397845 -0.931724679101
-0.342334337054 0.099162004333 0.934330829294 -2.057323462842
0.000000000000 0.000000000000 0.000000000000 1.000000000000
20 33 60
0.978350451846 0.075076246588 -0.192857332166 -0.333057487187
-0.075672864293 0.997123506284 0.004281451231 -0.766438453741
0.192624014551 0.010405306980 0.981217467540 -1.944299319759
0.000000000000 0.000000000000 0.000000000000 1.000000000000
20 34 60
0.699144248425 0.714102513260 -0.035424856388 0.122974984323
-0.664466419808 0.630658126772 -0.400942270263 0.427622700741
-0.263972909296 0.303855109701 0.915418142417 -0.094927404845
0.000000000000 0.000000000000 0.000000000000 1.000000000000
20 35 60
0.998258896749 -0.001758697094 0.058958307702 -0.639023409149
0.002197814022 0.999970323346 -0.007383904253 -0.164486253436
-0.058943571966 0.007500627509 0.998233137053 -1.562796007149
0.000000000000 0.000000000000 0.000000000000 1.000000000000
20 36 60
0.900753342337 -0.281217890213 0.330998360256 -0.088782998445
0.182973389180 0.936856374556 0.298028307892 -1.000644958156
-0.393908815743 -0.207886102656 0.895331901142 -0.994691744820
0.000000000000 0.000000000000 0.000000000000 1.000000000000
20 37 60
-0.686936536555 0.583529734532 0.433141135962 0.086411219729
-0.240619035705 0.379772318436 -0.893238750730 1.933674359998
-0.685726384501 -0.717820336203 -0.120471119077 1.799916764330
0.000000000000 0.000000000000 0.000000000000 1.000000000000
20 38 60
0.885714905496 -0.169605737219 0.432137709630 -1.451745737129
0.402382986582 0.744707549679 -0.532445863503 0.461108861628
-0.231510341654 0.645480099890 0.727845040069 -0.550765760348
0.000000000000 0.000000000000 0.000000000000 1.000000000000
20 39 60
0.505421636518 0.792598730043 0.341080961757 -0.739108319832
-0.025089344920 0.408617385441 -0.912360869990 1.453730631694
-0.862507677711 0.452569426109 0.226409850580 -0.094003985011
0.000000000000 0.000000000000 0.000000000000 1.000000000000
20 40 60
0.906574789697 -0.419235211266 0.048620863022 -0.212999225695
0.276812619548 0.677611156451 0.681335375796 -1.519438561240
-0.318585819435 -0.604222606568 0.730354788694 -0.104349668975
0.000000000000 0.000000000000 0.000000000000 1.000000000000
20 41 60
0.695177834727 -0.467391266274 0.546143920881 -1.066156248199
0.439646123521 0.877543669052 0.191385461775 0.512495478665
-0.568717033486 0.107063126785 0.815535666116 -1.490880309495
0.000000000000 0.000000000000 0.000000000000 1.000000000000
20 42 60
0.936955707917 0.270728480886 0.220952689595 -1.459156066853
-0.169025724532 0.904511971467 -0.391520622597 1.886954033054
-0.305850136258 0.329490793664 0.893247732178 -1.661107411745
0.000000000000 0.000000000000 0.000000000000 1.000000000000
20 43 60
0.821577171164 0.554479383196 -0.132527602536 0.768338957640
-0.547622201695 0.702939176450 -0.453857288607 0.199319575229
-0.158495665663 0.445453844772 0.881164000709 -1.705655677654
0.000000000000 0.000000000000 0.000000000000 1.000000000000
20 44 60
0.444246796814 -0.061893639437 0.893763929076 -1.815103375710
0.178850265844 0.983656857842 -0.020779038198 -0.548414033631
-0.877870927830 0.169080937478 0.448056102127 -1.450833999255
0.000000000000 0.000000000000 0.000000000000 1.000000000000
20 45 60
-0.670330280905 -0.705834930056 -0.229029181579 1.867293339652
0.272296868208 0.053142350931 -0.960744662281 2.405953805864
0.690298290644 -0.706380168218 0.156573713899 0.698423323735
0.000000000000 0.000000000000 0.000000000000 1.000000000000
20 47 60
-0.065468998305 0.697700502668 -0.713391770935 0.958388280182
-0.985603967861 0.066468355084 0.155456670196 -0.520734748982
0.155880174483 0.713299352550 0.683304767183 -0.377516474579
0.000000000000 0.000000000000 0.000000000000 1.000000000000
20 48 60
0.940861978937 0.077621691848 0.329778121690 -1.814733571253
0.071508696675 0.905970087167 -0.417258561875 2.213679663026
-0.331157429164 0.416164719928 0.846842183053 -1.207490718777
0.000000000000 0.000000000000 0.000000000000 1.000000000000
20 49 60
0.940842514491 -0.022350316725 0.338106235183 -0.130477254276
-0.121777296767 0.908851899596 0.398946756590 -0.833248406245
-0.316205080476 -0.416519732959 0.852364745362 -0.727766079359
0.000000000000 0.000000000000 0.000000000000 1.000000000000
20 50 60
0.947277750819 -0.201392035717 0.249210976390 -0.524054272062
0.224279514522 0.972230448701 -0.066833030641 0.559897295830
-0.228830859303 0.119202359745 0.966140380722 -2.431060105844
0.000000000000 0.000000000000 0.000000000000 1.000000000000
20 51 60
0.132715951856 -0.687856178884 -0.713610785578 2.128776846146
-0.212455369277 0.683502181645 -0.698346249185 1.955067782206
0.968116311291 0.244292130156 -0.055427095861 1.897392467193
0.000000000000 0.000000000000 0.000000000000 1.000000000000
20 52 60
0.071789162376 0.635960989404 0.768374866924 -1.482107048072
0.757088674404 0.466789456771 -0.457082423788 1.959906419985
-0.649355877200 0.614541473786 -0.447968438334 1.681314120068
0.000000000000 0.000000000000 0.000000000000 1.000000000000
20 53 60
0.966268669001 -0.180306353896 -0.183887134002 0.227325750323
0.181478943747 0.983337966071 -0.010575323246 0.009549803771
0.182729998311 -0.023153039331 0.982890474309 -0.150323113105
0.000000000000 0.000000000000 0.000000000000 1.000000000000
20 54 60
0.992714219694 -0.105474594847 0.058254509345 -0.082716847840
0.092431878291 0.976760990277 0.193376099218 -0.209587337604
-0.077296997954 -0.186582629725 0.979393739205 -0.175591412488
0.000000000000 0.000000000000 0.000000000000 1.000000000000
20 55 60
0.847157085916 0.414460393499 -0.332486772675 0.671878081268
-0.355196192855 0.907122798602 0.225751839053 -0.517803364775
0.395171527774 -0.073149234284 0.915690260492 -0.219233256857
0.000000000000 0.000000000000 0.000000000000 1.000000000000
20 57 60
0.578468808286 -0.810265450075 0.094041151922 0.490836047202
0.688530246876 0.423208254455 -0.588914995987 1.320125286045
0.437378482527 0.405419133460 0.802705044987 -0.499826519685
0.000000000000 0.000000000000 0.000000000000 1.000000000000
20 58 60
0.982655225984 -0.134744020617 0.127407832391 -0.386192672984
0.158476688574 0.966971140173 -0.199629540030 -0.232247954919
-0.096300810096 0.216358182146 0.971553030459 -1.012206764981
0.000000000000 0.000000000000 0.000000000000 1.000000000000
20 59 60
0.938392957419 0.291586466261 0.185461559786 -1.394019373120
-0.320110359534 0.935646801477 0.148641920755 0.260941983391
-0.130184542799 -0.198852698197 0.971344217688 -1.811654159232
0.000000000000 0.000000000000 0.000000000000 1.000000000000
21 23 60
0.983523296472 0.067286485713 0.167792890599 -0.054708969278
-0.084099154961 0.991900421629 0.095188684757 -0.106393373863
-0.160028926855 -0.107731529327 0.981215909043 0.043104588440
0.000000000000 0.000000000000 0.000000000000 1.000000000000
21 24 60
0.660945551758 -0.495921179115 0.563216798148 -0.380412718761
0.574691990058 0.817127158004 0.045081306715 0.372633399302
-0.482576516393 0.293879893421 0.825078489641 0.014478667824
0.000000000000 0.000000000000 0.000000000000 1.000000000000
21 25 60
0.890937986086 -0.034152962751 0.452838911848 -0.438410155782
-0.033246808433 0.989586701271 0.140045743946 -0.094704676402
-0.452906342060 -0.139827521624 0.880524905677 -0.026689863600
0.000000000000 0.000000000000 0.000000000000 1.000000000000
21 26 60
0.810203641680 0.451461031462 0.373835520088 -0.407847810067
-0.529908519842 0.836760329895 0.137946043487 -0.004262908402
-0.250533470036 -0.309863013902 0.917179313442 -0.122116374860
0.000000000000 0.000000000000 0.000000000000 1.000000000000
21 27 60
-0.152663116072 0.986754371980 0.054861483474 -0.017321550707
-0.945871237911 -0.129800106730 -0.297455095075 0.480583874964
-0.286394089123 -0.097302320993 0.953158268099 -0.060617573273
0.000000000000 0.000000000000 0.000000000000 1.000000000000
21 28 60
0.728689725197 -0.102055240300 -0.677197173885 1.661085786197
0.317987259799 0.926198148685 0.202586011311 -0.595518708806
0.606543804681 -0.362962418579 0.707363340655 -1.364345043310
0.000000000000 0.000000000000 0.000000000000 1.000000000000
21 29 60
-0.761478541748 0.644987669118 0.064353221700 0.359395764603
-0.441509056155 -0.443422840500 -0.780029446788 3.373181761929
-0.474573686366 -0.622388215834 0.622424874985 -0.422587527862
0.000000000000 0.000000000000 0.000000000000 1.000000000000
21 30 60
-0.384868487798 -0.922895601188 0.011830317305 1.019574016982
-0.901375611576 0.378588907936 0.210219993446 -0.059982934603
-0.198489934142 0.070243491486 -0.977582527436 3.583335151404
0.000000000000 0.000000000000 0.000000000000 1.000000000000
21 31 60
0.290811493743 0.956014031367 0.038286380553 0.210462341503
0.174411221898 -0.092314864217 0.980336009499 -1.046153688004
0.940749382558 -0.278415404878 -0.193585798920 1.383978682021
0.000000000000 0.000000000000 0.000000000000 1.000000000000
21 32 60
0.986593450330 0.071295359451 0.146800325226 -0.036308572372
-0.047684952194 0.986208388919 -0.158490248785 -0.729438152959
-0.156075331491 0.149365274902 0.976386452975 -2.180866035655
0.000000000000 0.000000000000 0.000000000000 1.000000000000
21 33 60
0.927464861393 0.088537365263 -0.363276844615 0.056324199674
-0.167760352136 0.966816880753 -0.192669622260 -0.216018954376
0.334163725039 0.239637755880 0.911541743874 -2.100233694571
0.000000000000 0.000000000000 0.000000000000 1.000000000000
21 34 60
0.803804440315 0.572708049059 -0.160946923778 0.165023830770
-0.593865871547 0.756594743596 -0.273656208727 0.345485864764
-0.034953516885 0.315546960856 0.948265979117 -0.150797541904
0.000000000000 0.000000000000 0.000000000000 1.000000000000
21 35 60
0.982546998755 0.118688122741 -0.143228924307 -0.243576849162
-0.124041059032 0.991852943635 -0.029009548032 -0.055195791630
0.138618941390 0.046269511808 0.989264333413 -1.698621229980
0.000000000000 0.000000000000 0.000000000000 1.000000000000
21 36 60
0.980229766807 -0.055089159760 0.190038913758 0.191196137292
0.030698699609 0.991172019756 0.128979134338 -0.828664237749
-0.195466606119 -0.120595239248 0.973267483358 -1.143930457679
0.000000000000 0.000000000000 0.000000000000 1.000000000000
21 37 60
0.837195144576 -0.451089680252 0.309228702205 -1.466894295117
0.450967019231 0.889273214354 0.076301361703 -0.686616989053
-0.309407558834 0.075572816552 0.947921785769 -0.680637954692
0.000000000000 0.000000000000 0.000000000000 1.000000000000
21 38 60
0.183290919913 0.982314748671 -0.038238373657 -0.308436445819
-0.982734215662 0.184091098546 0.018545317528 0.792394709607
0.025256683140 0.034178969834 0.999096540870 -1.036678857895
0.000000000000 0.000000000000 0.000000000000 1.000000000000
21 39 60
-0.834835992145 0.454141547966 -0.311133927159 0.378175912637
-0.546122601208 -0.754357440865 0.364273188502 -0.933080495338
-0.069274603348 0.474025638360 0.877781706069 -1.713847603449
0.000000000000 0.000000000000 0.000000000000 1.000000000000
21 40 60
-0.910236495681 0.113468459303 -0.398239162658 0.937817189125
-0.384807575298 -0.587004868067 0.712283942582 -0.931906082774
-0.152946565583 0.801592286396 0.577976776753 -0.580507198297
0.000000000000 0.000000000000 0.000000000000 1.000000000000
21 41 60
-0.728149111515 0.266293271342 -0.631574829326 0.956408871867
-0.677778010309 -0.416942794507 0.605620074675 -1.821546290310
-0.102058023404 0.869049250472 0.484084248981 -0.168624703382
0.000000000000 0.000000000000 0.000000000000 1.000000000000
21 42 60
0.760070492327 0.606858746696 -0.232411936554 1.103318165718
-0.647118210865 0.674121321580 -0.356087720873 0.102200053078
-0.059421106182 0.421049765883 0.905089071191 -1.332938331594
0.000000000000 0.000000000000 0.000000000000 1.000000000000
21 43 60
0.888956774042 0.429991188015 -0.157681426029 0.875239115007
-0.439483919499 0.703999983115 -0.557887003144 0.473322806650
-0.128878773998 0.565235881737 0.814799766574 -1.626838287895
0.000000000000 0.000000000000 0.000000000000 1.000000000000
21 44 60
0.669205886554 0.331609099467 0.664980365538 -1.306268012761
-0.060530447962 0.916254148805 -0.395997979373 0.185416989979
-0.740607552129 0.224752619447 0.633235117300 -1.875696046535
0.000000000000 0.000000000000 0.000000000000 1.000000000000
21 45 60
0.999648339479 -0.007664646493 0.025386031035 1.062010060887
-0.025477766320 -0.012118102117 0.999601938285 -2.274913758600
-0.007353964975 -0.999897197113 -0.012309118731 1.635745823218
0.000000000000 0.000000000000 0.000000000000 1.000000000000
21 46 60
0.844921442660 0.534842662241 -0.007147193861 -0.215121399272
-0.529566606995 0.838317725153 0.129547676362 -0.810645501492
0.075279243412 -0.105672694402 0.991547435662 -2.108813956581
0.000000000000 0.000000000000 0.000000000000 1.000000000000
21 47 60
0.825055022305 0.555936709644 0.101087017168 0.763026882402
-0.524235314359 0.819866775053 -0.230208180441 0.559384428361
-0.210859065133 0.136941031225 0.967876856123 -1.610958885812
0.000000000000 0.000000000000 0.000000000000 1.000000000000
21 48 60
0.040161971387 0.645535027479 -0.762673943670 2.328091399821
0.987045442237 -0.144291197701 -0.070152300218 -0.919439481557
-0.155332903836 -0.749976385337 -0.642967425631 2.213387378480
0.000000000000 0.000000000000 0.000000000000 1.000000000000
21 49 60
-0.014724327690 -0.738383791449 0.674219972041 -2.647316121476
0.989796494590 0.084811223110 0.114498714976 -1.212218364989
-0.141725415754 0.669026481509 0.729600900197 -0.290124021509
0.000000000000 0.000000000000 0.000000000000 1.000000000000
21 50 60
-0.639483838295 -0.048413981593 0.767278637097 -2.247151879707
0.732899008835 -0.339824745447 0.589387975133 -2.423122771847
0.232205648958 0.939241837212 0.252794991689 0.765288279114
0.000000000000 0.000000000000 0.000000000000 1.000000000000
21 51 60
-0.997005471345 -0.072417250360 -0.027126222734 -0.864168022437
0.030121961145 -0.040601153878 -0.998721289330 2.822146170752
0.071223293706 -0.996547684837 0.042660922161 0.948618826563
0.000000000000 0.000000000000 0.000000000000 1.000000000000
21 52 60
-0.376873898537 0.740683310948 0.556196276043 -1.353940562939
0.655406124059 0.637554001676 -0.404929262332 1.854028803220
-0.654529508232 0.211927175770 -0.725725840124 2.006776258211
0.000000000000 0.000000000000 0.000000000000 1.000000000000
21 53 60
0.704843649624 0.569266255107 -0.423239129077 0.359507106837
0.522140490311 -0.820224028679 -0.233670389983 0.181377418778
-0.480171571381 -0.056289195890 -0.875366659442 1.586089583418
0.000000000000 0.000000000000 0.000000000000 1.000000000000
21 54 60
0.998137024982 0.023992875400 0.056096535461 -0.156323968853
-0.030707615051 0.992044822497 0.122082400593 -0.138068825830
-0.052721169738 -0.123577554947 0.990933431758 -0.234676748757
0.000000000000 0.000000000000 0.000000000000 1.000000000000
21 55 60
0.828583056416 0.161510713556 -0.536063809659 1.419762637282
-0.144548759855 0.986736639407 0.073867858204 0.105703487864
0.540884252538 0.016281703169 0.840939433906 -1.509812756286
0.000000000000 0.000000000000 0.000000000000 1.000000000000
21 57 60
0.504695037543 -0.364256868649 0.782687583089 -1.351846664636
0.358709006579 0.913138614393 0.193663934442 0.129674437303
-0.785245673455 0.183015858728 0.591518746766 -0.962617873807
0.000000000000 0.000000000000 0.000000000000 1.000000000000
21 58 60
0.982235235900 0.184917938955 -0.031926434355 0.176513180860
-0.187462899132 0.974602333239 -0.122506952839 0.087404290909
0.008461844188 0.126315667664 0.991954005636 -2.546374533482
0.000000000000 0.000000000000 0.000000000000 1.000000000000
21 59 60
0.660364050513 0.718323419522 0.218931006842 -1.036219706559
-0.578094346836 0.672356891774 -0.462323627170 2.171967048758
-0.479297660068 0.178739125684 0.859259028468 -1.080191660657
0.000000000000 0.000000000000 0.000000000000 1.000000000000
22 24 60
-0.972309887931 -0.157162063003 -0.172955392467 -0.295225774676
0.214594477726 -0.307393618883 -0.927069777956 0.726789595790
0.092534814855 -0.938514384025 0.332607965955 0.338741719684
0.000000000000 0.000000000000 0.000000000000 1.000000000000
22 25 60
0.967220386875 -0.059656301274 0.246831620610 -0.394663140594
0.021655541442 0.987850091791 0.153893579051 -0.168760980272
-0.253013360793 -0.143503734678 0.956760637461 -0.153502845183
0.000000000000 0.000000000000 0.000000000000 1.000000000000
22 26 60
0.707824939354 -0.677570212724 0.199705938966 -0.438966775166
0.543360111044 0.702907137677 0.459000376393 -0.505366645839
-0.451379712608 -0.216379672411 0.865699828124 -0.059523629760
0.000000000000 0.000000000000 0.000000000000 1.000000000000
22 27 60
0.996402659121 -0.071255938737 0.045872999591 0.000650786734
0.082591407999 0.695248536465 -0.714008495656 2.200855034896
0.018984209796 0.715228679331 0.698632618792 -0.895003141524
0.000000000000 0.000000000000 0.000000000000 1.000000000000
22 28 60
-0.681051380251 0.646370807091 -0.344054933404 1.305915635125
-0.217671293221 -0.627343089363 -0.747703053582 2.145837611283
-0.699133911040 -0.434333314367 0.567949246381 -0.490051444703
0.000000000000 0.000000000000 0.000000000000 1.000000000000
22 30 60
0.803960551603 -0.570235142389 0.168758151953 -0.997342852596
0.402674436053 0.730825670191 0.551132595970 -2.445119640863
-0.437607963840 -0.375134272195 0.817174123311 -0.848467219307
0.000000000000 0.000000000000 0.000000000000 1.000000000000
22 31 60
-0.676659218228 -0.364990539231 0.639464001066 -1.041172503143
0.059591593043 -0.892785742133 -0.446522631770 0.487912447547
0.733880878908 -0.264036976417 0.625862069995 0.312013910135
0.000000000000 0.000000000000 0.000000000000 1.000000000000
22 32 60
0.958005469509 -0.179889501630 0.223305368483 -0.120382707426
0.211033178600 0.969541280329 -0.124316946823 -0.695497207291
-0.194140459254 0.166221156719 0.966788502797 -2.233380567669
0.000000000000 0.000000000000 0.000000000000 1.000000000000
22 33 60
0.966355427664 0.100256798842 -0.236866548316 -0.397935843758
-0.073854012350 0.990281981166 0.117843890967 -1.002884772096
0.246379326010 -0.096385538669 0.964368734276 -1.975151731896
0.000000000000 0.000000000000 0.000000000000 1.000000000000
22 34 60
0.952691379992 0.215555204447 0.214278063094 -0.482201115522
-0.099901189001 0.887910754649 -0.449037018758 0.449261234890
-0.287052063090 0.406387063788 0.867439143377 -0.164434559227
0.000000000000 0.000000000000 0.000000000000 1.000000000000
22 35 60
0.993366924002 -0.052419215313 -0.102344419307 -0.243474835941
0.021440195120 0.958874483627 -0.283019509367 0.445766690880
0.112971112815 0.278947935133 0.953638074510 -1.674270776881
0.000000000000 0.000000000000 0.000000000000 1.000000000000
22 36 60
0.917036518434 -0.379728852830 0.121860667104 0.215305849672
0.361679968560 0.920634689485 0.147035263998 -0.658097882588
-0.168022689543 -0.090762144337 0.981595949948 -1.198193996217
0.000000000000 0.000000000000 0.000000000000 1.000000000000
22 37 60
0.763320320619 -0.613297557930 0.202998013703 -1.185859732142
0.641754911064 0.755920675132 -0.129362154566 -0.520582803160
-0.074112902085 0.229019733530 0.970596331849 -0.990343781758
0.000000000000 0.000000000000 0.000000000000 1.000000000000
22 38 60
-0.162690387514 0.472090336910 -0.866407843690 1.506560149036
-0.746225668988 -0.633349321502 -0.204977774153 0.853213822983
-0.645506846404 0.613187859265 0.455325774029 0.018376941154
0.000000000000 0.000000000000 0.000000000000 1.000000000000
22 39 60
-0.258321417149 -0.581992388864 0.771073864650 -2.009058949626
-0.964848424137 0.195373814414 -0.175774261712 0.479729910575
-0.048348359658 -0.789375659585 -0.612003679869 2.524599952256
0.000000000000 0.000000000000 0.000000000000 1.000000000000
22 40 60
-0.891146815992 -0.285994259872 -0.352228101756 0.356392170267
0.074968800919 0.672833620682 -0.735985460298 0.989130098617
0.447478526005 -0.682277217999 -0.578152892031 1.906748558341
0.000000000000 0.000000000000 0.000000000000 1.000000000000
22 41 60
0.639781878011 0.744038163984 0.192578189585 -0.033160225249
-0.504813099973 0.595763421352 -0.624683663845 1.096059841082
-0.579519527423 0.302445294746 0.756758852622 -1.224641547126
0.000000000000 0.000000000000 0.000000000000 1.000000000000
22 42 60
0.584347169466 0.215076023164 -0.782483667431 1.715897891811
0.780318420909 -0.413658573799 0.469030645387 -2.247577637698
-0.222803831939 -0.884663149783 -0.409547999495 2.358004196914
0.000000000000 0.000000000000 0.000000000000 1.000000000000
22 43 60
0.955241618530 0.280269510922 0.094670224856 -1.710852237696
-0.232106166976 0.908481585444 -0.347545588609 0.750740209278
-0.183412588114 0.310016467557 0.932871701985 -2.407123449833
0.000000000000 0.000000000000 0.000000000000 1.000000000000
22 44 60
0.776484905607 0.069007131116 0.626345916583 -1.006136508360
0.193950020226 0.919558866914 -0.341752658999 0.289834084952
-0.599545311898 0.386845584353 0.700639645501 -2.109829182393
0.000000000000 0.000000000000 0.000000000000 1.000000000000
22 46 60
0.880672972706 -0.435471638991 0.186492806239 -1.091326603457
0.469812075987 0.853364824525 -0.225931603630 0.436082904050
-0.060759595138 0.286588429454 0.956125171566 -2.395503351358
0.000000000000 0.000000000000 0.000000000000 1.000000000000
22 47 60
0.069908854348 0.768161928633 -0.636427531996 1.608175372405
0.647852953962 0.450172151509 0.614517358623 -0.753746149786
0.758550790737 -0.455271661105 -0.466184955214 2.236255036645
0.000000000000 0.000000000000 0.000000000000 1.000000000000
22 48 60
0.918765240073 0.196437523726 -0.342465666754 0.026221034733
-0.338384838828 0.838674988182 -0.426755158200 2.437535546481
0.203386662503 0.507972994825 0.837016906666 -1.623090027369
0.000000000000 0.000000000000 0.000000000000 1.000000000000
22 49 60
0.338165811779 0.925543694555 0.170331304266 -0.177116849444
0.868937941341 -0.237582265220 -0.434167618957 1.100175905447
-0.361373404999 0.294827978188 -0.884582232151 2.062601959669
0.000000000000 0.000000000000 0.000000000000 1.000000000000
22 50 60
-0.797736698811 -0.394733854472 0.455852326422 -2.124560816355
-0.557941763241 0.196431031625 -0.806297611708 2.342933386434
0.228729421374 -0.897552245804 -0.376938745487 1.834206928898
0.000000000000 0.000000000000 0.000000000000 1.000000000000
22 51 60
0.941228807690 0.267874394020 -0.205746544572 1.146218665791
0.306885853140 -0.423746114785 0.852209072556 -2.167948217465
0.141100689996 -0.865264433126 -0.481048912325 2.411766841354
0.000000000000 0.000000000000 0.000000000000 1.000000000000
22 52 60
-0.080571118255 -0.959855729847 -0.268673170943 -0.117432148050
0.951380881522 0.006339006805 -0.307951676837 1.537465943886
0.297292302587 -0.280422529184 0.912677649529 -1.289087132016
0.000000000000 0.000000000000 0.000000000000 1.000000000000
22 53 60
0.854394105485 -0.370266433999 -0.364573011024 0.160469427458
0.335134703118 0.928837938854 -0.157939273492 0.147571174923
0.397108855705 0.012761316482 0.917682791341 -0.161359039103
0.000000000000 0.000000000000 0.000000000000 1.000000000000
22 54 60
0.805279841832 -0.580754261207 -0.119368607383 -0.060118808882
0.587319727374 0.808918082405 0.026590859270 -0.048274778013
0.081116670153 -0.091520620891 0.992493859817 -0.302972226614
0.000000000000 0.000000000000 0.000000000000 1.000000000000
22 55 60
0.171583747199 -0.960514073849 -0.219024500080 0.215293224413
0.978934968980 0.191203074818 -0.071608035076 0.469252614602
0.110658683367 -0.202123967205 0.973088155141 -0.511337924706
0.000000000000 0.000000000000 0.000000000000 1.000000000000
22 56 60
0.762933778270 -0.377075297782 0.525115482324 -1.449347971507
0.539395986143 0.819030887474 -0.195551465081 0.130398506052
-0.356348172587 0.432438001527 0.828259231599 -1.700482757462
0.000000000000 0.000000000000 0.000000000000 1.000000000000
22 57 60
0.990646924157 -0.018643835311 -0.135170555460 0.562242141229
-0.011450517545 0.975768569394 -0.218505342341 -0.102132054744
0.135968957142 0.218009418119 0.966428650395 -1.131955667807
0.000000000000 0.000000000000 0.000000000000 1.000000000000
22 58 60
0.982155586660 -0.043960616418 0.182860241161 -0.736410359312
0.020321255318 0.991411119819 0.129193800476 -0.761308363835
-0.186969115566 -0.123172463251 0.974613304917 -2.475927650528
0.000000000000 0.000000000000 0.000000000000 1.000000000000
22 59 60
0.957454969053 0.038764661755 0.285967276511 -1.874576893145
0.010445213695 0.985632528303 -0.168580593966 0.853908914037
-0.288393619463 0.164395316691 0.943293856708 -1.538808764284
0.000000000000 0.000000000000 0.000000000000 1.000000000000
23 25 60
0.588037585648 0.800284758969 0.117286411947 -0.251331395918
-0.725061052417 0.585827385125 -0.362067321233 0.471946049170
-0.358466550926 0.127869384140 0.924743830727 -0.158879805732
0.000000000000 0.000000000000 0.000000000000 1.000000000000
23 26 60
0.547424401984 0.830066603882 0.106376488153 0.457045347158
-0.263749222414 0.050494278281 0.963268745231 -2.684424761446
0.794205811983 -0.555373532842 0.246571221416 0.842029043410
0.000000000000 0.000000000000 0.000000000000 1.000000000000
23 27 60
-0.226445756550 -0.880622357068 0.416204977834 -0.555185174635
-0.966066177553 0.148549482702 -0.211303553632 0.395341852474
0.124251599301 -0.449930345078 -0.884377874356 1.582355243400
0.000000000000 0.000000000000 0.000000000000 1.000000000000
23 29 60
-0.601425159212 0.694609233294 0.394722422582 -1.077971863245
-0.327610039302 0.236196530961 -0.914813019644 3.339261560257
-0.728669637088 -0.679506594365 0.085506421980 1.605974431541
0.000000000000 0.000000000000 0.000000000000 1.000000000000
23 30 60
0.991302982245 0.130533632057 -0.016714314032 0.047131135081
-0.131598615263 0.983702849590 -0.122517379053 0.050468465923
0.000449279865 0.123651423814 0.992325613665 -0.019595894164
0.000000000000 0.000000000000 0.000000000000 1.000000000000
23 31 60
-0.598435918924 0.569124780097 0.563889559773 -1.106957592228
0.526265262788 0.809933194136 -0.258946122235 0.952700822268
-0.604085527161 0.141792826746 -0.784203717256 1.378869443767
0.000000000000 0.000000000000 0.000000000000 1.000000000000
23 32 60
0.977112599657 0.126141616407 0.171287069569 -0.230308382555
-0.160980735811 0.964838110450 0.207780228415 -0.338752169605
-0.139054558677 -0.230598597638 0.963061844576 -0.286118214013
0.000000000000 0.000000000000 0.000000000000 1.000000000000
23 33 60
0.929341313826 0.286135261146 -0.233348097797 -0.487821266133
0.364212849126 -0.814188513980 0.452157123392 -0.798028255573
-0.060611244405 -0.505196670646 -0.860873161982 3.411547124171
0.000000000000 0.000000000000 0.000000000000 1.000000000000
23 34 60
-0.123859099193 -0.991753667889 0.032917864094 -0.074369623548
0.921244463457 -0.102599491697 0.375209252090 -0.393014959707
-0.368737795863 0.076798480018 0.926355456274 -0.178359510436
0.000000000000 0.000000000000 0.000000000000 1.000000000000
23 35 60
0.611487025204 -0.727306196795 -0.311623673858 0.186261063572
-0.547704386298 -0.104827756619 -0.830078940025 2.480121510216
0.571054746269 0.678260154767 -0.462449607221 1.365713074360
0.000000000000 0.000000000000 0.000000000000 1.000000000000
23 36 60
-0.564001761564 0.627097330263 -0.537262460377 0.900456217714
0.173465557641 -0.546128446388 -0.819544642078 1.947267283801
-0.807348569866 -0.555421154101 0.199237617714 0.911330877890
0.000000000000 0.000000000000 0.000000000000 1.000000000000
23 37 60
-0.008306752213 0.885657329015 -0.464265111148 0.683756749831
-0.093388667935 -0.462939056668 -0.881456741147 1.734881376936
-0.995595075605 0.036035057564 0.086555878237 1.708370962641
0.000000000000 0.000000000000 0.000000000000 1.000000000000
23 38 60
0.401229287678 0.796378443226 -0.452544399891 0.253621916730
-0.829965313102 0.107064332927 -0.547443885400 1.699978928593
-0.387521144915 0.595246674731 0.703923830016 -0.423105377264
0.000000000000 0.000000000000 0.000000000000 1.000000000000
23 39 60
0.810248991864 0.572447502421 0.125699754006 -0.988375949553
-0.433386044545 0.440819267338 0.786037473621 -1.521345016290
0.394554315118 -0.691362589757 0.605264125739 -0.410141841158
0.000000000000 0.000000000000 0.000000000000 1.000000000000
23 40 60
0.746396829676 0.425229711297 0.511929160411 -1.363840357850
-0.604390570722 0.111126753834 0.788899792500 -1.177834053451
0.278574605218 -0.898237461483 0.339949484652 0.339448607829
0.000000000000 0.000000000000 0.000000000000 1.000000000000
23 41 60
0.751176269351 0.178724678029 0.635446065239 -1.495646139333
0.578131682921 -0.642734673305 -0.502648880368 1.081896607339
0.318587459839 0.744949413850 -0.586133432964 1.409015995620
0.000000000000 0.000000000000 0.000000000000 1.000000000000
23 43 60
0.335071173280 -0.614054156823 0.714608145297 -3.144067616245
0.645154268909 0.702282326250 0.300957644106 0.525722305564
-0.686660963028 0.360190264617 0.631474223646 -1.415118988105
0.000000000000 0.000000000000 0.000000000000 1.000000000000
23 44 60
-0.179503245794 0.983121728483 -0.035358898930 0.075051805309
0.692386098887 0.151788964011 0.705380465049 -1.567688510978
0.698841952674 0.102136072904 -0.707946430031 3.504422301522
0.000000000000 0.000000000000 0.000000000000 1.000000000000
23 45 60
0.799935520172 0.045626439078 0.598348887877 -2.980762562557
0.573827194117 -0.349891274797 -0.740471773339 2.379393181870
0.175571964898 0.935678536613 -0.306072150423 0.252260257860
0.000000000000 0.000000000000 0.000000000000 1.000000000000
23 46 60
0.171067054290 -0.520090002741 -0.836804906765 2.173710614144
0.984948503453 0.068938533782 0.158505281001 -0.902641976269
-0.024748908696 -0.851324772111 0.524054981761 0.171080402846
0.000000000000 0.000000000000 0.000000000000 1.000000000000
23 47 60
0.966458069364 0.175706540239 0.187312604698 -0.743728219093
-0.191325775864 0.979118462025 0.068713061438 -0.335892126736
-0.171327895135 -0.102246022120 0.979894128622 -0.859086753349
0.000000000000 0.000000000000 0.000000000000 1.000000000000
23 48 60
0.929880112792 0.265684032134 -0.254430679956 -0.149374004095
-0.304441446427 0.167569590097 -0.937675763882 3.045126611051
-0.206490633035 0.949385289302 0.236704860376 0.815333193144
0.000000000000 0.000000000000 0.000000000000 1.000000000000
23 49 60
0.909349527438 -0.401084350898 0.110520497702 -1.741728466023
0.253779477600 0.324266338204 -0.911288822853 2.500158226451
0.329665608908 0.856727894592 0.396658418455 0.248040149938
0.000000000000 0.000000000000 0.000000000000 1.000000000000
23 52 60
0.897738778735 0.149299378348 -0.414457212243 0.418393034813
-0.146265472511 0.988466243746 0.039254254880 -0.058100315475
0.415537599630 0.025380713148 0.909221822601 -0.594899156512
0.000000000000 0.000000000000 0.000000000000 1.000000000000
23 53 60
0.439577039742 0.750324713141 -0.493745735153 0.486050667249
-0.809564220944 0.569080305212 0.144060328983 -0.221003813885
0.389072998677 0.336393268465 0.857590677789 -0.082867755778
0.000000000000 0.000000000000 0.000000000000 1.000000000000
23 54 60
0.807202441914 0.559020292463 -0.189527123081 0.103535982007
-0.564905324445 0.824726145290 0.026622540971 -0.015417982374
0.171190514287 0.085575100874 0.981514498074 -0.260772067102
0.000000000000 0.000000000000 0.000000000000 1.000000000000
23 55 60
0.998300468238 0.016255799099 -0.055963596320 0.197763241791
0.043781975606 -0.842996796175 0.536133882768 -0.501061921870
-0.038461847712 -0.537672903013 -0.842275807343 1.836906757990
0.000000000000 0.000000000000 0.000000000000 1.000000000000
23 57 60
0.128964833919 -0.876416212599 -0.463964108425 0.580717296273
-0.031103701477 0.464066006018 -0.885254371248 2.012288164356
0.991161253968 0.128597684088 0.032588407147 1.496243140903
0.000000000000 0.000000000000 0.000000000000 1.000000000000
23 58 60
-0.546553499682 -0.810785376482 0.209538410007 -0.940167281722
0.718560264482 -0.325558261247 0.614559163011 -0.456690575343
-0.430058621926 0.486455436619 0.760533161598 -0.990734975012
0.000000000000 0.000000000000 0.000000000000 1.000000000000
24 26 60
0.786672426870 -0.121695368050 0.605257573432 -1.237644640646
-0.483928391441 0.487211461157 0.726937620483 -2.223859432926
-0.383353368002 -0.864763106008 0.324383978842 -0.724238174649
0.000000000000 0.000000000000 0.000000000000 1.000000000000
24 27 60
0.998816782623 0.010951603005 0.047382456069 -0.170594680555
-0.047423301161 0.003500351676 0.998868749159 -2.908255625849
0.010773358736 -0.999933902780 0.004015571166 0.329451294952
0.000000000000 0.000000000000 0.000000000000 1.000000000000
24 28 60
0.971435840773 0.217956174781 0.093848351814 -0.963663755636
-0.035157994300 -0.258924068234 0.965257604128 -2.938178260930
0.234683452123 -0.940985352046 -0.243865217970 1.236962652840
0.000000000000 0.000000000000 0.000000000000 1.000000000000
24 29 60
0.306687960212 0.346738538498 0.886405596204 -3.420331677954
-0.142799230860 0.937505335071 -0.317320226867 0.553806096045
-0.941037127177 -0.029259744256 0.337035595508 0.720931705507
0.000000000000 0.000000000000 0.000000000000 1.000000000000
24 30 60
0.897295844328 -0.417925903437 -0.142120044286 -0.674033723366
-0.047210437153 0.229252194962 -0.972221479772 2.799154253851
0.438897872375 0.879079842984 0.185976577243 -0.553482674444
0.000000000000 0.000000000000 0.000000000000 1.000000000000
24 31 60
0.099374452662 -0.173071102173 0.979883213322 -1.262898310610
-0.885954887609 0.432924573262 0.166313712569 -0.725967032452
-0.452999619515 -0.884659656285 -0.110311546361 0.706269161347
0.000000000000 0.000000000000 0.000000000000 1.000000000000
24 33 60
0.750248239791 0.598244177570 -0.281480874472 0.109773818154
0.042740953398 0.380964454084 0.923601264414 -1.155829885059
0.659773286510 -0.704960983834 0.260248384585 0.845776426251
0.000000000000 0.000000000000 0.000000000000 1.000000000000
24 34 60
0.912678573304 -0.383595146626 -0.140970157539 -0.279611163382
0.356817809851 0.916125525582 -0.182743185785 0.046230349307
0.199245758813 0.116485127216 0.973001717743 -0.133638521356
0.000000000000 0.000000000000 0.000000000000 1.000000000000
24 35 60
0.823200263240 0.566619481862 0.035828611118 -0.751587693613
0.173346858622 -0.190747293346 -0.966212366246 2.026017856018
-0.540640539736 0.801597051426 -0.255244929309 1.535653891988
0.000000000000 0.000000000000 0.000000000000 1.000000000000
24 36 60
0.430232104979 -0.764849767262 -0.479484274367 0.950078389604
0.571698608247 0.641917857025 -0.510981571253 0.679684189208
0.698613653728 -0.054279815327 0.713437218313 -0.489586289671
0.000000000000 0.000000000000 0.000000000000 1.000000000000
24 37 60
0.887859768524 0.440081241938 -0.134288986634 -0.901701299521
-0.332835129356 0.815808871735 0.472944670617 -0.411345633168
0.317688224685 -0.375212453541 0.870798373106 -1.104177004218
0.000000000000 0.000000000000 0.000000000000 1.000000000000
24 38 60
0.904853676422 0.049317369946 -0.422856502005 -0.211149835941
0.363901932315 0.425885889027 0.828369840823 -1.965672902120
0.220941639179 -0.903431794077 0.367417726202 -0.096592434653
0.000000000000 0.000000000000 0.000000000000 1.000000000000
24 39 60
0.927501328100 -0.071962217968 -0.366827923635 0.201030998872
0.373467503378 0.220976681680 0.900939137830 -2.273750939314
0.016226838700 -0.972620555683 0.231831715619 0.789048964962
0.000000000000 0.000000000000 0.000000000000 1.000000000000
24 40 60
0.853592813044 -0.320159821651 -0.410946466245 0.184500767781
0.490392542276 0.227674510052 0.841236870300 -1.882411474125
-0.175768211001 -0.919598828877 0.351345314369 0.569071683703
0.000000000000 0.000000000000 0.000000000000 1.000000000000
24 41 60
0.005342356988 0.552387882384 0.833570085005 -1.935385450088
0.822532326524 -0.476486630272 0.310485205759 -0.537991327379
0.568693266221 0.683979618532 -0.456902451720 1.642948858344
0.000000000000 0.000000000000 0.000000000000 1.000000000000
24 42 60
0.870773903517 0.075437325317 -0.485862139812 0.245886552506
-0.489168852986 0.232731241582 -0.840565287447 3.179323802382
0.049665301996 0.969610942152 0.239557881600 0.417680603623
0.000000000000 0.000000000000 0.000000000000 1.000000000000
24 43 60
0.921173005216 -0.386929808098 0.041540559303 -0.851096922560
-0.164910217005 -0.291444579939 0.942265714728 -2.656509365388
-0.352483921320 -0.874840202797 -0.332279558175 3.074450841599
0.000000000000 0.000000000000 0.000000000000 1.000000000000
24 44 60
0.016779681140 -0.091806107501 0.995635516103 -3.288804343070
-0.163960086161 0.982043381977 0.093316054679 -0.040196802296
-0.986324253198 -0.164810298648 0.001425837520 0.497917782653
0.000000000000 0.000000000000 0.000000000000 1.000000000000
24 45 60
0.700228423534 -0.103411635793 0.706389544414 -1.349609992645
0.481897754837 0.798497800511 -0.360798858733 1.788627755555
-0.526739697345 0.593049151558 0.608964691159 -0.941788298933
0.000000000000 0.000000000000 0.000000000000 1.000000000000
24 46 60
0.683228955429 -0.179263071890 -0.707857998133 1.470436997721
-0.470760307801 -0.849180013019 -0.239328306075 1.237207862941
-0.558196136733 0.496747477644 -0.664574312166 2.254200627762
0.000000000000 0.000000000000 0.000000000000 1.000000000000
24 47 60
-0.955568702111 0.231929387522 -0.181926399262 -0.408685164921
0.289271193641 0.856477035442 -0.427515221122 0.619765576866
0.056662439717 -0.461146231650 -0.885513139914 2.682437519867
0.000000000000 0.000000000000 0.000000000000 1.000000000000
24 48 60
0.924305250634 0.253964653932 -0.284889027876 0.700220904955
-0.378264811834 0.510340968361 -0.772313296623 1.139955591644
-0.050749736742 0.821616729726 0.567776728701 0.143706736633
0.000000000000 0.000000000000 0.000000000000 1.000000000000
24 49 60
0.630685878547 -0.530229684942 -0.566649630555 0.442327418779
0.527780820096 0.828378826134 -0.187712350022 0.648497091388
0.568931216001 -0.180679278334 0.802291885687 -0.565013897852
0.000000000000 0.000000000000 0.000000000000 1.000000000000
24 50 60
0.379246551632 0.747319996115 0.545605055404 -1.701191109516
0.780377379876 0.058502145135 -0.622566176395 0.569942398879
-0.497175218664 0.661883919144 -0.561004883692 2.711802842960
0.000000000000 0.000000000000 0.000000000000 1.000000000000
24 52 60
-0.120930952429 -0.966255170979 0.227434934215 -0.775298258001
-0.111143078174 -0.214495961418 -0.970380697824 1.410437407168
0.986419241964 -0.142626880680 -0.081453373097 1.022242680215
0.000000000000 0.000000000000 0.000000000000 1.000000000000
24 53 60
-0.855594099614 -0.517441595667 0.014592182168 -0.386877651511
-0.070432333043 0.144295194984 0.987024915170 -1.327859768284
-0.512833328840 0.843464932157 -0.159902736227 1.001943347571
0.000000000000 0.000000000000 0.000000000000 1.000000000000
24 54 60
0.482228234516 -0.567714295648 0.667200425923 -0.966794775253
-0.589804022017 0.352741215185 0.726432963681 -0.732761716170
-0.647755467324 -0.743823980272 -0.164738401490 0.969953830625
0.000000000000 0.000000000000 0.000000000000 1.000000000000
24 55 60
-0.113436195068 -0.984274107359 -0.135413113218 -0.041296834824
0.300999250896 0.095842406011 -0.948795912813 1.122435498107
0.946853568726 -0.148387043885 0.285393771128 0.777745097097
0.000000000000 0.000000000000 0.000000000000 1.000000000000
24 56 60
-0.994754207522 -0.095538851427 -0.036556729682 -1.092975424841
0.098357374569 -0.795123727697 -0.598417984792 0.869092217219
0.028105043763 -0.598874432183 0.800349624223 -0.385994966227
0.000000000000 0.000000000000 0.000000000000 1.000000000000
24 57 60
0.505429556602 -0.292759076737 -0.811685337000 1.498136412255
-0.103015151938 0.913482183228 -0.393621873626 0.564415404083
0.856696470043 0.282564017372 0.431542274062 0.434090082783
0.000000000000 0.000000000000 0.000000000000 1.000000000000
24 58 60
0.998405648835 0.055595878933 -0.009760052229 0.432937753593
-0.045991441877 0.700986996083 -0.711689552120 0.966219883875
-0.032725336485 0.711003747929 0.702426311284 -0.578130039312
0.000000000000 0.000000000000 0.000000000000 1.000000000000
25 27 60
0.794536285621 0.370713449322 0.480919566375 -1.140143295593
-0.597585784591 0.336880843757 0.727600527188 -1.924157437942
0.107718711863 -0.865495716685 0.489197141767 -0.711119337437
0.000000000000 0.000000000000 0.000000000000 1.000000000000
25 28 60
0.629648708262 0.507652776896 0.588074112927 -2.073418359203
-0.358047699294 -0.482155911329 0.799579590910 -2.118999828548
0.689452209522 -0.714012839717 -0.121824937941 0.863365284939
0.000000000000 0.000000000000 0.000000000000 1.000000000000
25 30 60
0.991862923331 0.090253028305 0.089790490609 -1.328726672869
-0.101741924068 0.985891846505 0.132912933462 -0.927800602199
-0.076527917840 -0.140966868010 0.987052085716 -1.691192332915
0.000000000000 0.000000000000 0.000000000000 1.000000000000
25 31 60
0.247303427072 0.671327975742 -0.698684309216 0.766294711620
0.966721656565 -0.122206995533 0.224754730698 0.187760988014
0.065500028142 -0.731015867974 -0.679209501616 1.578367603696
0.000000000000 0.000000000000 0.000000000000 1.000000000000
25 32 60
0.355763604834 0.922941816061 -0.147005651737 -0.499908527022
-0.868374765686 0.384595166517 0.313068401811 -1.720786561047
0.345481582427 0.016277655192 0.938284346105 -1.575149348659
0.000000000000 0.000000000000 0.000000000000 1.000000000000
25 33 60
0.906471863734 0.387069149594 -0.168778652945 0.290663029363
-0.398458795757 0.651755615470 -0.645325658708 0.501739276320
-0.139783219099 0.652220891367 0.745029234677 -0.213808361690
0.000000000000 0.000000000000 0.000000000000 1.000000000000
25 34 60
0.908042157196 0.307379425190 -0.284565159013 0.275310335854
-0.299530217064 0.951377097219 0.071855883216 0.038266595646
0.292815795031 0.019987692645 0.955959937614 -0.097760868190
0.000000000000 0.000000000000 0.000000000000 1.000000000000
25 35 60
0.934959776614 -0.170062438460 0.311334198473 -1.187411616946
-0.092319210853 -0.964006787701 -0.249335269412 0.666964881300
0.342530844482 0.204376320277 -0.917007600998 2.927479159389
0.000000000000 0.000000000000 0.000000000000 1.000000000000
25 36 60
0.546453378814 -0.622187596595 -0.560599054072 1.552324452186
0.832973074513 0.334357570521 0.440863779609 -0.600912813708
-0.086859437705 -0.707875419604 0.700976339403 -0.168769847748
0.000000000000 0.000000000000 0.000000000000 1.000000000000
25 37 60
-0.648825570570 0.712351038170 -0.267546962966 1.141140125727
-0.020405625626 -0.367763711659 -0.929695360228 1.709368784040
-0.760663519184 -0.597750659392 0.253150468653 1.281167011293
0.000000000000 0.000000000000 0.000000000000 1.000000000000
25 38 60
0.604713563045 -0.745156674770 -0.281181501374 0.236286846353
0.281518546128 0.530239834450 -0.799745600893 1.291824889877
0.745029405363 0.404459204381 0.530418643278 -0.683172411425
0.000000000000 0.000000000000 0.000000000000 1.000000000000
25 39 60
0.552282934250 0.769069470995 -0.321738572943 0.333171519157
0.831950783372 -0.483775021789 0.271697667163 -0.317010607599
0.053305296019 -0.417724642650 -0.907008637412 2.987573715426
0.000000000000 0.000000000000 0.000000000000 1.000000000000
25 40 60
0.906361208365 0.225350865772 -0.357388230454 0.789773002851
-0.077994020682 0.920584710114 0.382675742949 -0.829255956920
0.415242450514 -0.318968303754 0.851958290347 -0.163367806002
0.000000000000 0.000000000000 0.000000000000 1.000000000000
25 41 60
0.979522582434 -0.133067459703 -0.151091236244 0.685234152837
0.063210527186 0.915758844908 -0.396724296238 1.161541723500
0.191154230282 0.379049850469 0.905417732930 -0.965393943010
0.000000000000 0.000000000000 0.000000000000 1.000000000000
25 42 60
0.953179069190 0.236505374904 -0.188453892770 -0.228876025190
-0.224498107271 0.970932386324 0.083011451137 0.382011594626
0.202608642192 -0.036817235492 0.978567437268 -2.494957481869
0.000000000000 0.000000000000 0.000000000000 1.000000000000
25 43 60
-0.236336838656 -0.512182157874 0.825720494992 -2.114469124142
-0.971512362139 0.139920554329 -0.191274589760 1.509969569230
-0.017567837250 -0.847402900415 -0.530659679515 3.209437300971
0.000000000000 0.000000000000 0.000000000000 1.000000000000
25 44 60
0.804347108897 0.376545193113 0.459607926339 -0.755212543541
-0.501906306515 0.844593607535 0.186418072062 -1.667538516720
-0.317987087614 -0.380624954062 0.868336833525 -1.496273681927
0.000000000000 0.000000000000 0.000000000000 1.000000000000
25 46 60
-0.055370764331 0.747820218479 -0.661588239989 1.306555669958
0.303613325067 -0.618617654612 -0.724659331164 2.244708209480
-0.951185064695 -0.240991946415 -0.192794850720 1.576386708768
0.000000000000 0.000000000000 0.000000000000 1.000000000000
25 47 60
0.947431565022 0.280406537720 -0.154096084326 0.417641444122
-0.255343976454 0.952848375356 0.163949465599 -0.374501446060
0.192802705608 -0.115983391848 0.974358747857 -1.338255767164
0.000000000000 0.000000000000 0.000000000000 1.000000000000
25 48 60
0.389788978677 0.172207464228 -0.904659682625 2.514891894294
-0.894165058899 0.305778213182 -0.327060440573 2.119250337938
0.220302972170 0.936399633494 0.273170874811 0.707979884812
0.000000000000 0.000000000000 0.000000000000 1.000000000000
25 49 60
0.387470552129 0.814722204874 -0.431386485787 0.707556226951
0.180032095880 0.392058861687 0.902152034540 -1.368496587082
0.904132189277 -0.427220760098 0.005235117502 1.325980510225
0.000000000000 0.000000000000 0.000000000000 1.000000000000
25 51 60
0.029921398584 0.700022946315 -0.713493226694 2.124563768430
-0.932150316638 -0.238140640326 -0.272735811025 0.115093643052
-0.360833059872 0.673243574093 0.645401110044 -1.364562103380
0.000000000000 0.000000000000 0.000000000000 1.000000000000
25 52 60
-0.156950578486 0.908249640417 -0.387877695408 0.613566827461
-0.699050785417 0.175264506099 0.693260666928 -2.144647334878
0.697634944164 0.379953870337 0.607404758868 -0.076877050354
0.000000000000 0.000000000000 0.000000000000 1.000000000000
25 53 60
0.743473465355 0.484662688344 -0.460813720325 0.427429036130
-0.386904553616 0.873747242924 0.294738226012 -0.268385572071
0.545483338612 -0.040839123503 0.837126091630 0.033987530362
0.000000000000 0.000000000000 0.000000000000 1.000000000000
25 54 60
0.846615619125 0.304498944249 -0.436488701350 1.153642507378
-0.266059221563 0.952465241510 0.148399643991 0.801332733972
0.460927851270 -0.009505612374 0.887386702208 -1.266996435035
0.000000000000 0.000000000000 0.000000000000 1.000000000000
25 55 60
0.473629913140 0.444344630487 -0.760416040557 1.878714236535
-0.544801371405 0.826203576568 0.143454228873 -0.192348471770
0.692001568708 0.346331487773 0.633394292272 -0.658866370910
0.000000000000 0.000000000000 0.000000000000 1.000000000000
25 56 60
0.812778007213 -0.000321064917 -0.582573435637 1.300928687571
-0.299037741525 0.857976364086 -0.417675696939 0.717358375022
0.499968339134 0.513689065084 0.697248308910 -1.316350824563
0.000000000000 0.000000000000 0.000000000000 1.000000000000
25 57 60
0.667372193088 0.575871598636 -0.472214207513 0.874467289489
-0.550139582670 0.808600121831 0.208595979234 -0.737158607376
0.501956965756 0.120572570922 0.856446997584 -0.568589662617
0.000000000000 0.000000000000 0.000000000000 1.000000000000
25 58 60
0.903608294277 0.008436232140 -0.428276640154 1.168063295073
-0.229079276382 0.854342811318 -0.466498709410 0.296160766241
0.361959577365 0.519641405909 0.773923816417 -0.551712840084
0.000000000000 0.000000000000 0.000000000000 1.000000000000
25 59 60
-0.406509623814 0.782650760646 0.471389130769 -0.758901871434
0.242050022567 -0.405252595258 0.881579333136 -1.611375858927
0.881000404269 0.472470232815 -0.024701554229 0.702813062720
0.000000000000 0.000000000000 0.000000000000 1.000000000000
26 28 60
0.746306636830 -0.257673670670 -0.613702438700 0.213736926921
0.184960369869 0.965996733406 -0.180665360893 0.179239616923
0.639387257771 0.021321127828 0.768589190730 0.225235174945
0.000000000000 0.000000000000 0.000000000000 1.000000000000
26 34 60
-0.490749188688 -0.494347416061 0.717485795007 -1.773649429158
-0.412574059409 -0.593453123647 -0.691083233435 0.245527407699
0.767429396951 -0.635164563139 0.087281718751 2.563564209604
0.000000000000 0.000000000000 0.000000000000 1.000000000000
26 50 60
-0.699229469422 -0.678822126195 -0.224229057170 0.275463423279
-0.636115293354 0.733913538218 -0.238176934194 0.491535862962
0.326244513600 -0.023904798845 -0.944983109869 4.311967247697
0.000000000000 0.000000000000 0.000000000000 1.000000000000
26 53 60
0.723234108432 0.312703237084 0.615750850521 -1.573799500934
0.568078596248 0.237632451457 -0.787919746230 0.469532447914
-0.392707439305 0.919645313983 -0.005776121801 2.681589596227
0.000000000000 0.000000000000 0.000000000000 1.000000000000
27 53 60
0.782098108886 -0.597749584494 0.176119227555 -0.510150180095
0.498853424009 0.769941893279 0.397912983361 -0.838321252816
-0.373453891975 -0.223349312089 0.900359525611 1.836736651140
0.000000000000 0.000000000000 0.000000000000 1.000000000000
28 42 60
-0.057718923000 0.985481301132 0.159671948214 0.163070860970
-0.763003598957 -0.146687766662 0.629530147881 -1.745142896439
0.643812110717 -0.085494469008 0.760392439378 0.122742947766
0.000000000000 0.000000000000 0.000000000000 1.000000000000
28 51 60
0.542644947628 -0.446846440481 0.711241674428 -1.572768241997
0.290289279486 0.894346340933 0.340406751804 -0.463855396447
-0.788205934404 0.021745829205 0.615027254586 0.402894064192
0.000000000000 0.000000000000 0.000000000000 1.000000000000
28 53 60
0.946938302104 -0.225658264017 -0.228880317828 0.788358173952
0.321400452048 0.671657489598 0.667516266537 -0.802493383749
0.003098617782 -0.705658957676 0.708544870858 2.207728620851
0.000000000000 0.000000000000 0.000000000000 1.000000000000
29 32 60
-0.299759081067 0.308882941602 0.902627177579 -0.336068223630
0.946149948249 -0.024985727928 0.322763053690 0.384462358716
0.122248798543 0.950771813732 -0.284759880369 3.313267985944
0.000000000000 0.000000000000 0.000000000000 1.000000000000
29 37 60
0.661550235419 0.110165450324 0.741764692859 -0.796713716007
-0.649464536643 -0.410333806865 0.640173400405 0.051241259824
0.374896121160 -0.905256726293 -0.199907873384 2.853638906942
0.000000000000 0.000000000000 0.000000000000 1.000000000000
29 38 60
-0.203069049672 -0.713764163962 0.670301185520 -0.748640368301
-0.943747552224 0.325123270040 0.060294418893 0.487320313016
-0.260966508841 -0.620351172742 -0.739635656078 3.986270971717
0.000000000000 0.000000000000 0.000000000000 1.000000000000
29 42 60
0.946832224493 0.310682927251 -0.083575459171 0.755280245235
-0.089178802959 0.503031816456 0.859654658998 -1.958631329902
0.309121140920 -0.806495573669 0.503993065318 2.044643167541
0.000000000000 0.000000000000 0.000000000000 1.000000000000
29 48 60
0.986330723687 0.151257443757 -0.065367340621 0.396484106203
-0.024417681390 -0.258153037724 -0.965795416198 2.681876660573
-0.162958523395 0.954189810689 -0.250930916452 3.975630556666
0.000000000000 0.000000000000 0.000000000000 1.000000000000
29 57 60
-0.198611949114 0.889586075522 -0.411327008483 1.685237169013
-0.180587858198 -0.445718963556 -0.876768288088 2.413269558064
-0.963297108446 -0.099855995137 0.249173556170 2.123330733438
0.000000000000 0.000000000000 0.000000000000 1.000000000000
30 41 60
0.925644789759 0.299030243653 0.231867713520 0.942902781789
-0.367690930720 0.855520229490 0.364538772147 -0.194537574135
-0.089359401627 -0.422689070492 0.901858551563 0.745672511173
0.000000000000 0.000000000000 0.000000000000 1.000000000000
30 43 60
0.929410399613 -0.354897385905 -0.101213411014 0.637860399311
0.317353961341 0.628594709040 0.710038840479 -2.482092651094
-0.188368713731 -0.692037959396 0.696850551009 1.280891081756
0.000000000000 0.000000000000 0.000000000000 1.000000000000
30 50 60
-0.294982745849 -0.010993240588 -0.955439337850 4.152372288738
0.562035671281 -0.810651366978 -0.164195814276 0.242485275766
-0.772723161203 -0.585425921769 0.245306759511 2.714426051769
0.000000000000 0.000000000000 0.000000000000 1.000000000000
30 55 60
0.551422440757 0.481185857935 -0.681464204455 2.856539976459
-0.736162490613 0.664941760703 -0.126163553719 1.196729155068
0.392425890131 0.571237800742 0.720894788272 1.127757901512
0.000000000000 0.000000000000 0.000000000000 1.000000000000
30 56 60
0.627027964624 0.649517803692 -0.430072731369 1.645447690782
-0.630515154491 0.747378783769 0.209465017435 -0.319452556373
0.457478492977 0.139826951119 0.878158215929 0.455914725683
0.000000000000 0.000000000000 0.000000000000 1.000000000000
31 34 60
0.237697911402 0.277891575062 -0.930739477741 0.518375392162
-0.274055297261 0.938459814658 0.210206732323 -0.154817714974
0.931876277710 0.205108383009 0.299227596090 0.384932192338
0.000000000000 0.000000000000 0.000000000000 1.000000000000
31 35 60
0.415534604178 0.875030777340 -0.248298472486 -0.412501736269
-0.740517825520 0.483966391552 0.466272325937 -0.732566229206
0.528170751574 -0.009882841471 0.849080671448 -0.982543004513
0.000000000000 0.000000000000 0.000000000000 1.000000000000
31 51 60
-0.907770733472 -0.295561935261 0.297649857846 -1.446641557935
-0.179239842741 0.914862551589 0.361800484346 -0.425823202386
-0.379243159761 0.275081177334 -0.883461924280 3.674047035240
0.000000000000 0.000000000000 0.000000000000 1.000000000000
31 53 60
0.840231498747 -0.117993207791 0.529234004414 -0.872163544418
0.380385363162 0.823836338639 -0.420238816185 0.462411581502
-0.386416878520 0.554410759322 0.737096130734 0.238831536155
0.000000000000 0.000000000000 0.000000000000 1.000000000000
31 58 60
0.780211708103 0.170091408615 0.601945681315 -1.667122226668
0.150381194754 0.883090548512 -0.444450873992 1.010186493462
-0.607169817105 0.437287086298 0.663419036020 0.256733844363
0.000000000000 0.000000000000 0.000000000000 1.000000000000
32 35 60
0.943767004336 0.249725132392 -0.216659178848 -0.251944866571
-0.167810576041 0.926471104387 0.336884109605 -0.660980347690
0.284856897574 -0.281582405323 0.916279377110 0.435427009312
0.000000000000 0.000000000000 0.000000000000 1.000000000000
32 36 60
0.962843584929 0.223922740272 0.150966345091 -0.863201313454
-0.250455589317 0.949496299562 0.189020567391 -0.608321543565
-0.101015982605 -0.219807605659 0.970299122824 0.928077561689
0.000000000000 0.000000000000 0.000000000000 1.000000000000
32 40 60
0.976592532354 0.074952533754 -0.201616327304 -0.461306560830
-0.179852303230 0.798674693600 -0.574257679814 1.943943496886
0.117983790304 0.597076922587 0.793460127379 0.995859337308
0.000000000000 0.000000000000 0.000000000000 1.000000000000
32 53 60
0.678232129229 -0.340327689623 0.651289676378 -0.358169107467
0.727441172976 0.436459042400 -0.529464676977 0.854364508759
-0.104069778225 0.832874881349 0.543588919385 0.342054875481
0.000000000000 0.000000000000 0.000000000000 1.000000000000
33 35 60
0.979856434658 -0.179059267593 0.088425935954 0.205658319967
0.151771408370 0.955481797008 0.253021689164 0.041019808922
-0.129795250535 -0.234504401399 0.963411064220 0.372286403373
0.000000000000 0.000000000000 0.000000000000 1.000000000000
33 44 60
-0.604525627218 -0.738934434702 0.297530951750 -0.847798641652
0.404512518682 0.037000227986 0.913783675363 -1.926328060955
-0.686234936641 0.672760644168 0.276540643291 1.362082029627
0.000000000000 0.000000000000 0.000000000000 1.000000000000
34 36 60
0.868889552113 -0.334533368812 -0.364853904158 0.856160414781
0.468081997878 0.795044383561 0.385750789280 -1.123731728917
0.161028536261 -0.505956374916 0.847394805973 -0.518487462654
0.000000000000 0.000000000000 0.000000000000 1.000000000000
34 38 60
0.219493532554 -0.190028955315 0.956928202797 -1.826297157316
-0.240693578765 0.939981090600 0.241872177926 -0.226700224075
-0.945457132983 -0.283415852512 0.160581020787 1.669924268478
0.000000000000 0.000000000000 0.000000000000 1.000000000000
34 39 60
0.601519802888 -0.798819388745 0.007842888396 0.087073227356
0.774477433340 0.585540789100 0.239429926174 -1.341723219604
-0.195853598334 -0.137947701923 0.970881969940 -0.892449750934
0.000000000000 0.000000000000 0.000000000000 1.000000000000
34 40 60
0.590505565215 -0.798990202980 -0.113656645177 0.371206025370
0.759285109351 0.502307559917 0.413730876256 -1.276800671138
-0.273476324692 -0.330608183192 0.903276773220 -0.296183223323
0.000000000000 0.000000000000 0.000000000000 1.000000000000
34 41 60
0.418745935648 -0.878939079426 0.228293530429 -0.204878033872
0.901162821074 0.371177718670 -0.223903262766 0.088211906941
0.112059855845 0.299488223175 0.947496381464 -0.853355298755
0.000000000000 0.000000000000 0.000000000000 1.000000000000
34 44 60
0.574521330539 -0.747219229001 0.334048895474 -0.829767238288
0.010321913312 -0.401481631473 -0.915808908941 2.783347906481
0.818424522398 0.529599776625 -0.222947028993 2.426025083438
0.000000000000 0.000000000000 0.000000000000 1.000000000000
34 46 60
-0.905341285377 0.411271586534 -0.105890694128 0.477490460370
0.256468694730 0.330732918156 -0.908206774623 1.694555545265
-0.338498102824 -0.849394736833 -0.404904452218 2.709177374018
0.000000000000 0.000000000000 0.000000000000 1.000000000000
34 47 60
0.437884488960 -0.874749700992 0.207533454994 -0.124427473272
0.895269699357 0.403180736421 -0.189571778468 -0.003285433609
0.082154365314 0.268808955195 0.959683492547 -0.838159871693
0.000000000000 0.000000000000 0.000000000000 1.000000000000
34 48 60
0.193644758322 -0.981016433989 -0.010414596334 0.304283137220
0.863400639911 0.165368196601 0.476647348209 -1.066314348964
-0.465876638797 -0.101292229688 0.879032901335 -0.329913700407
0.000000000000 0.000000000000 0.000000000000 1.000000000000
34 49 60
0.298133698032 -0.954150955804 -0.026688042959 0.231034190530
0.953933843991 0.298815983726 -0.026818448079 -0.097753325106
0.033563661678 -0.017463144308 0.999284003277 -0.295561046339
0.000000000000 0.000000000000 0.000000000000 1.000000000000
34 51 60
0.609758881050 0.045525903655 -0.791278395432 1.710088357037
-0.771642576706 -0.193893199391 -0.605783097358 1.632816882618
-0.181002322626 0.979965723547 -0.083098374702 1.833844889764
0.000000000000 0.000000000000 0.000000000000 1.000000000000
34 53 60
-0.162787588635 -0.490477080194 0.856114732259 -0.675508037204
-0.046440289908 0.870535930991 0.489908657126 -0.526992496551
-0.985567603191 0.039992832584 -0.164490342823 1.136867446522
0.000000000000 0.000000000000 0.000000000000 1.000000000000
34 55 60
0.679254341007 -0.402187482825 -0.613888238104 1.078265656620
0.517091271693 0.855853811195 0.011439868965 -0.002213010775
0.520797616126 -0.325206830373 0.789310053475 0.236914074423
0.000000000000 0.000000000000 0.000000000000 1.000000000000
34 56 60
-0.186817576216 -0.040981191582 0.981539472030 -0.909168769940
-0.725611137966 0.679297160836 -0.109744447422 0.311306002568
-0.662259518374 -0.732718164929 -0.156641058177 1.197006431515
0.000000000000 0.000000000000 0.000000000000 1.000000000000
35 37 60
0.793526461409 -0.477124941244 0.377713575988 -0.394337030071
0.440256708417 0.878618355213 0.184942738642 -0.563342777548
-0.420106874185 0.019533978730 0.907264370477 1.062473430282
0.000000000000 0.000000000000 0.000000000000 1.000000000000
35 53 60
0.814079822911 0.311026757793 -0.490445101785 1.117949929548
0.193512837418 -0.941512922926 -0.275873517606 0.402651215486
-0.547564447059 0.129675641114 -0.826654343979 3.183940904196
0.000000000000 0.000000000000 0.000000000000 1.000000000000
36 38 60
-0.289341648619 0.895285744866 -0.338740085339 0.747716467453
0.264052603118 0.414797234757 0.870757989814 -1.244205299495
0.920085666207 0.162501351007 -0.356420647214 2.675711209554
0.000000000000 0.000000000000 0.000000000000 1.000000000000
36 42 60
-0.899646997143 0.068116983232 -0.431271790320 1.597667784734
-0.365330160129 -0.658352853346 0.658107433928 -1.199668386576
-0.239100720682 0.749620968949 0.617170355965 0.101106110589
0.000000000000 0.000000000000 0.000000000000 1.000000000000
36 44 60
-0.471186279018 -0.003790392846 0.882025579781 -2.820139253919
0.829902828065 -0.340595055037 0.441878155665 -0.529042423855
0.298738659089 0.940202447033 0.163629374377 2.189014377638
0.000000000000 0.000000000000 0.000000000000 1.000000000000
36 45 60
0.880172748273 0.412055822583 0.235596969996 -0.310265479642
-0.282521754237 0.853656293381 -0.437552729568 2.079780514522
-0.381414986044 0.318560719242 0.867779739667 -0.690499846400
0.000000000000 0.000000000000 0.000000000000 1.000000000000
36 48 60
0.982692221927 -0.184267726287 -0.019010576361 -0.307547832502
0.048384295310 0.354375193925 -0.933850727845 1.851535844201
0.178815426996 0.916768033354 0.357157410799 1.106257757103
0.000000000000 0.000000000000 0.000000000000 1.000000000000
36 49 60
-0.172211872563 0.954383067113 -0.243918084929 0.413930562369
0.970461220107 0.206848549017 0.124172050146 0.119486286259
0.168961804014 -0.215329141032 -0.961813531724 3.308273001090
0.000000000000 0.000000000000 0.000000000000 1.000000000000
36 53 60
-0.802570276045 -0.581269929698 0.134187260343 -0.234581801413
0.303268003975 -0.591243745491 -0.747301379085 1.049830226967
0.513721198486 -0.559067171498 0.650795227379 1.313011707863
0.000000000000 0.000000000000 0.000000000000 1.000000000000
36 55 60
0.862010918108 0.168344156275 -0.478118627655 0.786632572647
-0.236780685295 0.967735118456 -0.086160591795 0.364269789651
0.448187554639 0.187480627147 0.874058882634 0.973644763220
0.000000000000 0.000000000000 0.000000000000 1.000000000000
36 57 60
0.975182412881 -0.001563189917 -0.221397421044 0.399993170753
-0.050538270297 0.972003427163 -0.229467254352 0.444848184211
0.215557752918 0.234961473484 0.947801646514 0.180282927232
0.000000000000 0.000000000000 0.000000000000 1.000000000000
36 58 60
0.891705480797 -0.303942977572 -0.335380383893 0.568628313883
0.189453587073 0.923590299395 -0.333299110722 0.859662444295
0.411057993306 0.233665627013 0.881153619349 0.291486434583
0.000000000000 0.000000000000 0.000000000000 1.000000000000
36 59 60
0.604301104450 -0.353632364099 -0.713977819140 0.976276354305
0.146984475149 0.930205247573 -0.336323893669 0.654656745694
0.783080927635 0.098297245383 0.614102525906 0.824532338045
0.000000000000 0.000000000000 0.000000000000 1.000000000000
37 39 60
0.966502804091 -0.128177081402 0.222357742134 -0.154974291073
0.131341730911 0.991336994198 0.000560049680 0.722162424976
-0.220503241258 0.028663561148 0.974964984426 -1.283800132827
0.000000000000 0.000000000000 0.000000000000 1.000000000000
37 40 60
-0.543853610090 0.706973787715 -0.452118694897 1.918290037537
-0.584153362131 0.067866878040 0.808800925059 -1.340861453170
0.602484937823 0.703975958643 0.376071468405 0.615254546469
0.000000000000 0.000000000000 0.000000000000 1.000000000000
37 44 60
0.735923283287 0.376592755134 0.562667590942 0.060863418634
-0.527610973745 0.839786683754 0.128003852179 -0.722828733625
-0.424315426893 -0.391070610721 0.816713043811 -1.121793403452
0.000000000000 0.000000000000 0.000000000000 1.000000000000
37 45 60
-0.650082641575 0.248105466163 -0.718217402171 2.269169574202
0.235801806061 -0.832661164135 -0.501071745362 1.350671198720
-0.722350377158 -0.495095004421 0.482794852103 -0.413021410626
0.000000000000 0.000000000000 0.000000000000 1.000000000000
37 47 60
-0.417502077954 0.040278787447 -0.907782812233 2.868598717803
-0.612836389419 -0.750096366178 0.248569912197 -0.239522216660
-0.670912494077 0.660100795885 0.337851098214 1.033948283764
0.000000000000 0.000000000000 0.000000000000 1.000000000000
37 53 60
0.588831743881 -0.216779525485 -0.778642289326 1.820504852839
0.218877069250 0.970132874886 -0.104570711107 0.027742771535
0.778055271785 -0.108852388102 0.618693099727 1.245422939911
0.000000000000 0.000000000000 0.000000000000 1.000000000000
37 56 60
0.510323539466 0.478062275154 -0.714861067720 1.968447961424
-0.791722969313 0.585727017466 -0.173489483464 -0.093452968024
0.335774663918 0.654507694443 0.677403168716 0.970058517464
0.000000000000 0.000000000000 0.000000000000 1.000000000000
37 58 60
0.811124649209 0.325504389034 -0.485925607647 1.922066158084
-0.534608718423 0.749592083832 -0.390263021618 0.704268219695
0.237213662409 0.576332022862 0.782030100310 0.493287540624
0.000000000000 0.000000000000 0.000000000000 1.000000000000
38 40 60
0.935421518587 -0.072814131750 0.345954743834 -0.128364596079
0.095095603797 0.994317431242 -0.047850517936 -0.231483015981
-0.340504638297 0.077659179404 0.937030225314 0.323162962857
0.000000000000 0.000000000000 0.000000000000 1.000000000000
38 46 60
0.928173710521 0.016373165615 0.371786877856 -0.298260410388
0.083540610576 0.964367419216 -0.251030769306 -0.156244467869
-0.362649320256 0.264059463382 0.893732661547 -0.176041986151
0.000000000000 0.000000000000 0.000000000000 1.000000000000
38 47 60
0.844485428026 -0.134862975568 0.518320691921 -0.146449711225
0.154925316140 0.987915324313 0.004632321982 -0.364030145016
-0.512681683183 0.076389068646 0.855173784631 0.439072232364
0.000000000000 0.000000000000 0.000000000000 1.000000000000
38 51 60
0.660371460194 -0.541614865633 0.520156584008 -1.097780450699
0.628367979578 0.777821253387 0.012156480608 -0.251882676127
-0.411172976742 0.318821948907 0.853984395696 0.085944146727
0.000000000000 0.000000000000 0.000000000000 1.000000000000
38 52 60
0.923096953999 0.237256228497 -0.302657389730 1.377529369958
-0.041949999828 -0.720188216371 -0.692509299948 1.321192911066
-0.382272430386 0.651949702844 -0.654850650093 3.148835275721
0.000000000000 0.000000000000 0.000000000000 1.000000000000
38 53 60
-0.330785620902 0.197804934212 -0.922742694908 0.727157005970
0.081089033711 0.980127549079 0.181037444049 -0.850426431437
0.940215635701 -0.014939730158 -0.340251910865 2.621899882281
0.000000000000 0.000000000000 0.000000000000 1.000000000000
38 54 60
0.552939034695 -0.737078877128 0.388552638393 -0.861307628625
0.489340799404 0.664698034072 0.564554785243 -0.758693434494
-0.674391582057 -0.122029719302 0.728220256281 0.709679189292
0.000000000000 0.000000000000 0.000000000000 1.000000000000
38 55 60
0.145840461605 -0.392290190139 0.908206455868 -1.349017329767
0.358290513776 0.876645724841 0.321123310983 -0.938133095065
-0.922148831533 0.278568985781 0.268404270949 1.897328458610
0.000000000000 0.000000000000 0.000000000000 1.000000000000
38 57 60
0.859842070061 0.408599292456 -0.306134337763 1.069190851688
-0.466619811603 0.385552818619 -0.795999356453 1.519127353169
-0.207213817042 0.827282081432 0.522175058545 0.975334862470
0.000000000000 0.000000000000 0.000000000000 1.000000000000
38 59 60
0.808960419995 0.585930824468 -0.047624655584 0.854792270423
-0.218800929256 0.375295695110 0.900710438814 -1.821177291218
0.545627338242 -0.718218775979 0.431801572011 1.599688321745
0.000000000000 0.000000000000 0.000000000000 1.000000000000
39 41 60
0.986308805379 -0.044461561335 0.158802109541 -0.127411937296
0.011738172458 0.979454453201 0.201323593777 -0.242025521096
-0.164490594681 -0.196703186725 0.966566449135 0.465745292138
0.000000000000 0.000000000000 0.000000000000 1.000000000000
39 45 60
0.978192268221 0.007273848291 0.207574029021 -0.151976251799
0.042415348805 0.971330255760 -0.233919799144 -0.261641669025
-0.203324431830 0.237622863750 0.949839223261 0.067866311810
0.000000000000 0.000000000000 0.000000000000 1.000000000000
39 46 60
0.999040863209 0.043576597906 0.004293454733 -0.043110588597
-0.043220330462 0.997078398968 -0.062981500031 -0.069239155160
-0.007025430474 0.062735527625 0.998005459354 -0.249273678430
0.000000000000 0.000000000000 0.000000000000 1.000000000000
39 47 60
0.988292185043 -0.019344493457 0.151341823551 -0.068913937967
-0.005950567396 0.986288058740 0.164925607270 -0.147762652232
-0.152457035687 -0.163895258499 0.974625669943 0.431175481329
0.000000000000 0.000000000000 0.000000000000 1.000000000000
39 48 60
0.941584117300 -0.129821291054 0.310750353880 0.186852882000
-0.002886745387 0.919570920194 0.392913463034 -0.284081497610
-0.336765521911 -0.370858133417 0.865478612174 0.902533195947
0.000000000000 0.000000000000 0.000000000000 1.000000000000
39 49 60
0.947590395575 -0.289669731381 0.134773472667 0.187633070437
0.192065560640 0.853597421884 0.484233685084 -0.421098878299
-0.255310130291 -0.432969846612 0.864496298023 1.054695726319
0.000000000000 0.000000000000 0.000000000000 1.000000000000
39 52 60
-0.890829369393 0.367347812114 0.267354856998 -1.173782112130
-0.305607056879 -0.919914882904 0.245684625075 -1.087052253720
0.336195421461 0.137157548636 0.931751278744 0.872622299196
0.000000000000 0.000000000000 0.000000000000 1.000000000000
39 53 60
-0.733944708400 0.272238480528 0.622263107321 -0.502326246287
0.678811342811 0.325359189990 0.658298229043 -0.053114699330
-0.023244910949 0.905553757216 -0.423594224354 2.489140548882
0.000000000000 0.000000000000 0.000000000000 1.000000000000
40 46 60
0.998857898531 0.046103190955 -0.012545689569 0.083683155314
-0.047730455385 0.974733534077 -0.218211688905 0.088705268304
0.002168449169 0.218561280490 0.975820815775 -0.522324202473
0.000000000000 0.000000000000 0.000000000000 1.000000000000
40 47 60
0.985636600913 -0.050681250634 0.161095939658 -0.014811860421
0.050089847667 0.998714779386 0.007732825870 -0.087747012756
-0.161280805122 0.000447514871 0.986908456560 0.130725761988
0.000000000000 0.000000000000 0.000000000000 1.000000000000
40 49 60
0.846859045931 -0.498991990838 0.183947681157 0.154837492532
0.427428869354 0.844428646337 0.322869668580 -0.496399628668
-0.316440070102 -0.194800550116 0.928395620254 0.756679901962
0.000000000000 0.000000000000 0.000000000000 1.000000000000
40 53 60
0.147907373754 -0.952020969159 -0.267916933154 0.985827859755
0.988813396716 0.147629095648 0.021300624261 -0.506040643476
0.019273693597 -0.268070372103 0.963206520086 1.535039014661
0.000000000000 0.000000000000 0.000000000000 1.000000000000
41 46 60
0.985059351471 0.010478118707 -0.171896140467 0.228614327254
-0.055553208948 0.964122084347 -0.259581292569 0.284838021039
0.163008941641 0.265252361920 0.950299568263 -0.648479795891
0.000000000000 0.000000000000 0.000000000000 1.000000000000
41 47 60
0.999321996386 0.023798572740 -0.028092267192 0.101473810161
-0.024909233653 0.998894276719 -0.039871719504 0.096527711614
0.027112314902 0.040544443181 0.998809826998 -0.011158131274
0.000000000000 0.000000000000 0.000000000000 1.000000000000
41 48 60
0.986025109846 -0.043022458238 0.160945800940 0.190239245311
0.007761710107 0.976894270897 0.213582160645 -0.162550328033
-0.166415860451 -0.209348158761 0.963576208617 0.454775293824
0.000000000000 0.000000000000 0.000000000000 1.000000000000
41 49 60
0.968663705637 -0.243993029444 0.046454568824 0.087019877525
0.216221186069 0.920418515308 0.325696415967 -0.327915457038
-0.122225300477 -0.305445835234 0.944332471993 0.553997469920
0.000000000000 0.000000000000 0.000000000000 1.000000000000
41 52 60
0.874555319990 -0.174183955039 -0.452562638851 1.370751079106
-0.258092591598 -0.957292414108 -0.130305211149 -0.416742566220
-0.410537704040 0.230762179955 -0.882160761915 4.218302527143
0.000000000000 0.000000000000 0.000000000000 1.000000000000
41 53 60
-0.820715322907 0.254941174927 0.511303585037 -0.329192550485
0.263004080114 -0.625885267048 0.734231902286 -0.515016817529
0.507203324702 0.737070301816 0.446623059853 1.778920077546
0.000000000000 0.000000000000 0.000000000000 1.000000000000
41 57 60
0.749153099389 -0.660175925898 0.054197606409 0.133765969341
0.645813760867 0.746142540337 0.161851462073 -0.381619206678
-0.147289578557 -0.086249964427 0.985325694217 0.506252900731
0.000000000000 0.000000000000 0.000000000000 1.000000000000
41 58 60
0.374957066435 -0.855997151574 0.355915825482 -0.490531980471
-0.747154267305 -0.506314600541 -0.430588000445 0.392922169460
0.548787480888 -0.104472014321 -0.829408161911 3.832588184844
0.000000000000 0.000000000000 0.000000000000 1.000000000000
42 50 60
0.992935419496 -0.107050785418 0.051179898911 -0.146175898894
0.102842528227 0.991572080331 0.078792283232 -0.038037838406
-0.059183334639 -0.072972178606 0.995576412964 0.365283114772
0.000000000000 0.000000000000 0.000000000000 1.000000000000
42 52 60
-0.292753934929 -0.681783773523 0.670422269726 -0.921578007837
0.937124034067 -0.065270044178 0.342838688170 -0.136293042717
-0.189983363367 0.728636196941 0.658024022472 1.642241759709
0.000000000000 0.000000000000 0.000000000000 1.000000000000
42 53 60
0.726815680922 -0.358164973729 -0.586051889819 1.349848283963
0.677944213667 0.237282047652 0.695764955295 -0.241510316160
-0.110139044488 -0.903003367355 0.415276184513 2.279247381510
0.000000000000 0.000000000000 0.000000000000 1.000000000000
44 53 60
0.484283985353 -0.574807820773 -0.659594565403 -0.244990845588
-0.387679463856 0.534863488910 -0.750750079278 0.371429477762
0.784330067533 0.619287507873 0.036184634251 3.015522650665
0.000000000000 0.000000000000 0.000000000000 1.000000000000
44 55 60
-0.430349449688 -0.751808749716 -0.499582780933 0.021075837442
-0.451542700735 -0.299932428759 0.840327155096 -1.463344993263
-0.781606384676 0.587217286896 -0.210397997623 3.272978247390
0.000000000000 0.000000000000 0.000000000000 1.000000000000
44 56 60
0.089068883324 -0.886034888322 0.454982319108 -1.746655690456
0.239872668269 0.462434789158 0.853589578659 -1.472477907916
-0.966709799806 0.033109552312 0.253724103122 1.909100411556
0.000000000000 0.000000000000 0.000000000000 1.000000000000
45 47 60
0.929454959286 -0.368399541107 0.019881065631 -0.449114625233
0.368927089863 0.928449113913 -0.043301792576 0.876393193384
-0.002506197254 0.047581729542 0.998864203979 0.647312034878
0.000000000000 0.000000000000 0.000000000000 1.000000000000
45 54 60
0.585506739593 -0.100207980134 0.804450258630 -2.109820652977
-0.799297762867 -0.236974694154 0.552237340830 -1.021183167246
0.135295765522 -0.966333976971 -0.218846294883 2.700282882719
0.000000000000 0.000000000000 0.000000000000 1.000000000000
46 48 60
0.887370632644 0.380347380992 -0.260593994738 0.565484771270
-0.394097543865 0.919068449569 -0.000557607158 1.165768603842
0.239291634289 0.103194257489 0.965448320202 0.223592335061
0.000000000000 0.000000000000 0.000000000000 1.000000000000
46 49 60
0.923297702701 0.382772225541 -0.031729726453 0.068764176928
0.384041054221 -0.921287099552 0.061176375107 -0.808630621702
-0.005815570403 -0.068669524193 -0.997622511568 4.956327050364
0.000000000000 0.000000000000 0.000000000000 1.000000000000
46 51 60
0.992478997415 -0.074938313662 -0.096797153030 0.265895593522
0.076758365488 0.996933663592 0.015212617256 -0.017850625229
0.095360332512 -0.022528194372 0.995187865401 0.053610710724
0.000000000000 0.000000000000 0.000000000000 1.000000000000
46 52 60
0.215641997109 0.974391693678 -0.063713078508 -0.129809676050
-0.251431014425 -0.007640974635 -0.967845060168 2.080357154051
-0.943547017412 0.224727485628 0.243344576959 1.976451990753
0.000000000000 0.000000000000 0.000000000000 1.000000000000
46 53 60
-0.742494218960 0.318570370623 0.589249738034 -0.539469011002
0.664566407778 0.460625337281 0.588367052365 0.264844995929
-0.083987049390 0.828454716696 -0.553722816867 2.865747846666
0.000000000000 0.000000000000 0.000000000000 1.000000000000
46 55 60
-0.801955478464 -0.208781011081 0.559712336807 -1.294723228744
-0.243261107740 -0.741606787023 -0.625174701106 1.379407630933
0.545611073956 -0.637518519616 0.543947325689 1.572897310886
0.000000000000 0.000000000000 0.000000000000 1.000000000000
46 59 60
0.921896093441 0.176298255869 -0.345002199812 0.567961489304
-0.086927058965 0.961890348327 0.259250157598 -1.116973528438
0.377559636770 -0.209011680947 0.902088043325 1.673434824790
0.000000000000 0.000000000000 0.000000000000 1.000000000000
47 49 60
0.969686960577 -0.242605420389 0.029151474862 0.087641612633
0.217258945983 0.910617764380 0.351530706464 -0.405385983250
-0.111829105688 -0.334541323598 0.935722370111 0.602894474727
0.000000000000 0.000000000000 0.000000000000 1.000000000000
47 52 60
0.499879078130 -0.746305747143 -0.439486790505 1.178180574644
0.768959281209 0.615922894131 -0.171291016481 0.561516902079
0.398525445974 -0.252322651117 0.881765699404 0.700016515206
0.000000000000 0.000000000000 0.000000000000 1.000000000000
47 53 60
0.597140198792 -0.180761981077 -0.781504119748 0.379814076412
0.247552494047 0.968249181588 -0.034803520604 0.220531934046
0.762981877687 -0.172680712739 0.622928588017 1.555578404891
0.000000000000 0.000000000000 0.000000000000 1.000000000000
47 55 60
0.930438506687 0.273187693884 -0.244238959185 0.694412970238
-0.363156029289 0.776550791257 -0.514865581476 0.931083766922
0.049009016147 0.567747613388 0.821742516747 0.616421165982
0.000000000000 0.000000000000 0.000000000000 1.000000000000
48 54 60
0.931789908387 0.237130162967 0.274839684980 0.459540551019
-0.247156702159 0.968973638602 0.001911092388 0.206555564029
-0.265859231938 -0.069709206764 0.961488167002 0.794543439775
0.000000000000 0.000000000000 0.000000000000 1.000000000000
48 55 60
0.988355921900 0.022450045489 0.150494408875 0.370793947107
0.052984096913 0.876377648921 -0.478701265870 0.452772036058
-0.142636801421 0.481101041288 0.864983543746 0.956805019484
0.000000000000 0.000000000000 0.000000000000 1.000000000000
49 53 60
-0.914235228872 0.292037983622 0.280869653774 -0.495237824010
0.381766402418 0.853099519468 0.355634115162 -0.189601290193
-0.135751096768 0.432359833940 -0.891423924809 2.380947085251
0.000000000000 0.000000000000 0.000000000000 1.000000000000
49 57 60
0.984612044311 -0.111274531723 -0.134748286769 0.334484877981
0.107760774313 0.993625083137 -0.033118117109 -0.040525964533
0.137574480616 0.018087917270 0.990326254086 -0.163686371347
0.000000000000 0.000000000000 0.000000000000 1.000000000000
50 52 60
0.303678295859 -0.896523530615 -0.322529148571 1.646223685695
0.947277155146 0.247788367540 0.203142600780 0.066472927623
-0.102203150461 -0.367214493130 0.924504208790 0.548103059007
0.000000000000 0.000000000000 0.000000000000 1.000000000000
50 55 60
0.787033003963 0.355683127314 -0.504052143748 2.245201523210
-0.463322276027 0.880267954486 -0.102278036943 0.219405885893
0.407322377496 0.314034777132 0.857595848604 0.858250111265
0.000000000000 0.000000000000 0.000000000000 1.000000000000
51 53 60
-0.701505471910 0.493986189200 -0.513680560036 0.779560576523
0.568522531632 -0.046730860654 -0.821339368160 1.100604471055
-0.429735039189 -0.868213033502 -0.248060324420 2.504468716992
0.000000000000 0.000000000000 0.000000000000 1.000000000000
51 55 60
-0.066634561814 0.688643656568 -0.722031681743 1.264742161123
-0.977230392508 0.101056660495 0.186569856430 -0.175855484485
0.201446258666 0.718023304383 0.666229644516 1.273020099939
0.000000000000 0.000000000000 0.000000000000 1.000000000000
51 56 60
-0.179872037644 0.226655939123 -0.957221570659 1.637006392983
-0.704733513713 0.649206587515 0.286149403944 -0.556340299254
0.686292011263 0.726056397249 0.042957924634 2.025516788059
0.000000000000 0.000000000000 0.000000000000 1.000000000000
51 59 60
0.660225292715 -0.131624023652 0.739444169128 -0.853857731709
0.210552489758 0.977482306831 -0.013999603136 -0.458171931027
-0.720950908118 0.164934702925 0.673072308044 1.225684599432
0.000000000000 0.000000000000 0.000000000000 1.000000000000
52 54 60
0.857784437224 -0.160857333783 0.488191332803 -0.315175658313
0.069698689038 0.977398701658 0.199584244726 -0.167976890453
-0.509262164314 -0.137173963145 0.849608940533 0.425077886485
0.000000000000 0.000000000000 0.000000000000 1.000000000000
52 57 60
-0.254299737469 0.749163626831 -0.611625296858 0.881351543880
-0.966825134439 -0.212686036350 0.141470171268 0.194701095679
-0.024099853525 0.627310537274 0.778396227435 -0.127772495597
0.000000000000 0.000000000000 0.000000000000 1.000000000000
52 58 60
0.457605693033 -0.184301244335 0.869844860328 -1.578377249270
0.813334497941 0.482059239458 -0.325738981565 0.491373419649
-0.359282652186 0.856534845170 0.370491612387 0.878381175339
0.000000000000 0.000000000000 0.000000000000 1.000000000000
52 59 60
0.953663294292 0.028266310509 0.299545216638 -0.804118026371
0.018081233905 0.988393708859 -0.150834164795 -0.129815841848
-0.300332132981 0.149261153617 0.942083710675 0.218163044986
0.000000000000 0.000000000000 0.000000000000 1.000000000000
53 55 60
-0.974039101306 -0.220813308984 -0.049893002531 -0.298502009159
-0.194885807825 0.930050514996 -0.311489263802 0.301358659570
0.115183987752 -0.293679284478 -0.948938947896 2.303224972439
0.000000000000 0.000000000000 0.000000000000 1.000000000000
53 56 60
0.317624911268 0.881543931493 0.349277414943 -0.501018762998
-0.946404149384 0.271964129254 0.174225998135 -0.814034500648
0.058596943341 -0.385896111986 0.920679417053 -0.260381851725
0.000000000000 0.000000000000 0.000000000000 1.000000000000
53 57 60
0.084985795484 0.972241208598 0.218001024929 -0.622208772612
-0.974421528299 0.035416376474 0.221919727524 -1.057461176665
0.208038697729 -0.231284916459 0.950382653286 -0.568553632743
0.000000000000 0.000000000000 0.000000000000 1.000000000000
53 58 60
-0.200037116377 0.726975684230 -0.656880131082 0.887586656659
0.906042805193 -0.117925849445 -0.406423337410 0.478514943822
-0.372923031242 -0.676461269084 -0.635081541378 2.443346918941
0.000000000000 0.000000000000 0.000000000000 1.000000000000
53 59 60
0.974803349078 -0.221008943866 -0.030223787948 -0.022716742837
0.218133181036 0.972792912371 -0.078050400201 -0.281246218187
0.046651323218 0.069490980504 0.996491172901 -0.653706277945
0.000000000000 0.000000000000 0.000000000000 1.000000000000
54 56 60
0.942392152487 0.190432313287 -0.275013754179 0.639338708164
-0.334337793021 0.562602679663 -0.756106120194 0.629374662069
0.010736437486 0.804495965740 0.593861069627 0.354400694110
0.000000000000 0.000000000000 0.000000000000 1.000000000000
54 57 60
0.793905310030 0.534770121260 -0.289370482453 0.371713465495
-0.606651312725 0.728802486363 -0.317523417467 -0.082013509581
0.041091890630 0.427630510229 0.903019159955 -0.644664442437
0.000000000000 0.000000000000 0.000000000000 1.000000000000
54 58 60
0.800127066090 0.574634371893 0.172023302924 -0.339531858747
-0.499832013358 0.797276742333 -0.338404720056 -0.277563810593
-0.331609162316 0.184784021966 0.925143355753 -0.878106651968
0.000000000000 0.000000000000 0.000000000000 1.000000000000
54 59 60
0.786710708533 0.610600272954 -0.090849148309 -0.148861911044
-0.591366971094 0.787652695558 0.172882436007 -0.692466930128
0.177119639170 -0.082283278062 0.980743644165 -0.638058004390
0.000000000000 0.000000000000 0.000000000000 1.000000000000
55 57 60
0.986577274166 -0.008792279693 -0.163058204075 -0.152215855881
-0.030617445908 0.970880284214 -0.237600601283 0.104657465743
0.160399046458 0.239403779297 0.957579227194 -0.460989667604
0.000000000000 0.000000000000 0.000000000000 1.000000000000
55 58 60
0.976570873845 0.021814032366 0.214087543657 -0.650111437613
0.016690899293 0.984174023665 -0.176416850175 -0.002447849284
-0.214547762137 0.175856871167 0.960751590488 -0.558311636687
0.000000000000 0.000000000000 0.000000000000 1.000000000000
55 59 60
0.871278585460 0.359572923295 -0.334037332275 0.047644916731
-0.311986252213 0.931178941073 0.188601055490 -0.136452290149
0.378864362206 -0.060109005447 0.923498079324 -0.353684736141
0.000000000000 0.000000000000 0.000000000000 1.000000000000
56 58 60
0.943645551722 -0.046996651459 0.327604010148 -0.765414322778
0.024103958533 0.996996899520 0.073594711290 -0.098328337314
-0.330078887384 -0.061550768464 0.941944494652 -0.436895126393
0.000000000000 0.000000000000 0.000000000000 1.000000000000
57 59 60
0.952918353194 0.011723025240 -0.303000301692 0.365271801761
0.189874879907 0.756026191194 0.626395983552 -1.280833621473
0.236419419943 -0.654436374989 0.718205325074 0.552492311274
0.000000000000 0.000000000000 0.000000000000 1.000000000000
