0 2 60
0.054306910000 -0.831642570000 0.552649430000 -1.387040900000
0.185646080000 0.552225700000 0.812762150000 -1.796941520000
-0.981114820000 0.058458600000 0.184380850000 2.159571460000
0.000000000000 0.000000000000 0.000000000000 1.000000000000
0 3 60
-0.472938820000 -0.490952810000 -0.731638040000 1.263058790000
0.844574190000 -0.016009380000 -0.535199160000 0.081021790000
0.251044460000 -0.871039060000 0.422217530000 1.281460030000
0.000000000000 0.000000000000 0.000000000000 1.000000000000
0 4 60
0.964136530000 0.007349720000 -0.265304980000 0.615189420000
0.094320400000 -0.943851580000 0.316619400000 -0.812104160000
-0.248081460000 -0.330288010000 -0.910695020000 4.028191230000
0.000000000000 0.000000000000 0.000000000000 1.000000000000
0 5 60
-0.169133410000 -0.971401770000 0.166650790000 -1.121200280000
0.685431500000 0.005571030000 0.728115800000 -2.251749220000
-0.708221400000 0.237376410000 0.664887130000 0.540005860000
0.000000000000 0.000000000000 0.000000000000 1.000000000000
0 6 60
0.967346150000 -0.111724180000 0.227506350000 -0.125136820000
0.131461700000 0.988593560000 -0.073488780000 -0.145127090000
-0.216700840000 0.100997450000 0.970999620000 0.466813280000
0.000000000000 0.000000000000 0.000000000000 1.000000000000
0 7 60
0.760781920000 0.437326220000 -0.479537960000 0.828270870000
-0.432573230000 0.892512910000 0.127675820000 -0.179118240000
0.483829800000 0.110301830000 0.868183290000 0.365126760000
0.000000000000 0.000000000000 0.000000000000 1.000000000000
0 8 60
-0.605101080000 0.323907120000 -0.727280460000 1.869521820000
-0.596933930000 0.419872560000 0.683649710000 -1.428445910000
0.526804110000 0.847815560000 -0.060714190000 2.515404010000
0.000000000000 0.000000000000 0.000000000000 1.000000000000
0 9 60
0.905341430000 0.423808630000 -0.027260440000 0.112858460000
-0.419978820000 0.902992660000 0.090675530000 -0.562172750000
0.063045050000 -0.070643500000 0.995507320000 0.257384900000
0.000000000000 0.000000000000 0.000000000000 1.000000000000
0 11 60
0.517356660000 -0.071621290000 -0.852767540000 1.934615090000
-0.127470940000 -0.991824360000 0.005966230000 -0.319824240000
-0.846222930000 0.105616410000 -0.522256570000 2.861616960000
0.000000000000 0.000000000000 0.000000000000 1.000000000000
0 12 60
0.995780090000 -0.091452380000 0.007646950000 0.157854130000
0.091474690000 0.995803960000 -0.002619760000 -0.351711190000
-0.007375280000 0.003308210000 0.999967330000 0.633395840000
0.000000000000 0.000000000000 0.000000000000 1.000000000000
0 13 60
0.993330840000 -0.003733280000 -0.115238440000 -0.220929600000
0.006002880000 0.999794670000 0.019354060000 -0.532308610000
0.115142520000 -0.019916750000 0.993149300000 0.664078750000
0.000000000000 0.000000000000 0.000000000000 1.000000000000
0 14 60
0.086424610000 -0.820614170000 0.564909880000 -1.296721550000
0.633712210000 0.482810780000 0.604402660000 -1.493743570000
-0.768725970000 0.305755030000 0.561759950000 1.646565130000
0.000000000000 0.000000000000 0.000000000000 1.000000000000
0 15 60
0.603503980000 0.198848280000 -0.772167280000 1.044328390000
0.042674430000 -0.975071850000 -0.217747080000 0.209935810000
-0.796217210000 0.098459430000 -0.596945480000 2.679018410000
0.000000000000 0.000000000000 0.000000000000 1.000000000000
0 16 60
0.955947100000 -0.009219340000 -0.293394170000 -0.491556670000
0.032522370000 0.996679560000 0.074646800000 -0.087519200000
0.291731780000 -0.080900270000 0.953072780000 0.006008630000
0.000000000000 0.000000000000 0.000000000000 1.000000000000
0 17 60
0.500441370000 -0.865703840000 0.010737710000 0.238529300000
0.241817500000 0.127858150000 -0.961861000000 2.225924200000
0.831313860000 0.483951610000 0.273327850000 2.176305240000
0.000000000000 0.000000000000 0.000000000000 1.000000000000
0 18 60
0.786210140000 -0.061342740000 -0.614907050000 0.915310200000
0.040710850000 0.998040710000 -0.047511690000 0.017589920000
0.616616770000 0.012320780000 0.787167040000 -0.218370330000
0.000000000000 0.000000000000 0.000000000000 1.000000000000
0 19 60
0.876147710000 -0.259964970000 0.405935230000 -1.032614870000
0.423062750000 0.818326050000 -0.389050630000 0.505145060000
-0.231047840000 0.512601890000 0.826955980000 0.973518170000
0.000000000000 0.000000000000 0.000000000000 1.000000000000
0 21 60
-0.848947030000 0.114803520000 -0.515857640000 1.519636980000
-0.528029420000 -0.224471450000 0.819022280000 -2.503295700000
-0.021768670000 0.967694540000 0.251184000000 2.159485790000
0.000000000000 0.000000000000 0.000000000000 1.000000000000
0 22 60
0.192195900000 -0.979508540000 0.060197670000 -0.645917320000
0.974458420000 0.197745860000 0.106430060000 -0.798782440000
-0.116152990000 0.038204700000 0.992496290000 -0.306590470000
0.000000000000 0.000000000000 0.000000000000 1.000000000000
0 23 60
0.183101980000 0.855709430000 -0.483978350000 1.152275040000
-0.050695350000 0.499864830000 0.864618490000 -2.432417660000
0.981785950000 -0.133777910000 0.134906730000 2.335178810000
0.000000000000 0.000000000000 0.000000000000 1.000000000000
0 24 60
0.365628500000 -0.822525930000 0.435622420000 -1.347181070000
0.532894690000 0.568719420000 0.626563220000 -1.365337600000
-0.763111430000 0.003051500000 0.646259730000 0.210831790000
0.000000000000 0.000000000000 0.000000000000 1.000000000000
0 25 60
0.104355450000 0.786580530000 -0.608605790000 1.457127210000
0.324922040000 -0.605331580000 -0.726635630000 1.790219710000
-0.939965750000 -0.121921050000 -0.318747000000 2.619273790000
0.000000000000 0.000000000000 0.000000000000 1.000000000000
0 26 60
-0.618044400000 -0.575453440000 0.535606630000 -1.324664730000
0.343847720000 0.414807930000 0.842438800000 -1.812928160000
-0.706958180000 0.704831700000 -0.058501360000 2.109324130000
0.000000000000 0.000000000000 0.000000000000 1.000000000000
0 27 60
-0.847444730000 -0.526822150000 0.065542750000 -0.511516990000
0.107018200000 -0.290450470000 -0.950886760000 1.832919250000
0.519985130000 -0.798809700000 0.302520280000 1.228552540000
0.000000000000 0.000000000000 0.000000000000 1.000000000000
0 28 60
-0.956373950000 -0.268658600000 0.114766830000 -0.525480450000
-0.265457080000 0.635107420000 -0.725376520000 1.708934720000
0.121989380000 -0.724196880000 -0.678717520000 3.555911560000
0.000000000000 0.000000000000 0.000000000000 1.000000000000
0 29 60
-0.957978460000 -0.059204890000 0.280663580000 -0.839780560000
-0.248677240000 0.659079300000 -0.709770460000 0.881071960000
-0.142957680000 -0.749739460000 -0.646106690000 3.737447410000
0.000000000000 0.000000000000 0.000000000000 1.000000000000
0 30 60
-0.218921880000 0.311824980000 0.924574710000 -2.373737760000
0.246535860000 0.934492620000 -0.256794880000 0.196164750000
-0.944083300000 0.171722800000 -0.281456920000 2.708431430000
0.000000000000 0.000000000000 0.000000000000 1.000000000000
0 31 60
-0.747635150000 0.632063860000 -0.203806180000 -0.089785960000
0.061723310000 -0.239424680000 -0.968951010000 1.696608250000
-0.661235140000 -0.737001430000 0.139989230000 1.609750200000
0.000000000000 0.000000000000 0.000000000000 1.000000000000
0 32 60
-0.979595070000 0.123241610000 -0.158760850000 -0.017811330000
-0.108510920000 0.340588770000 0.933929690000 -2.288709710000
0.169171170000 0.932100200000 -0.320266020000 3.082275240000
0.000000000000 0.000000000000 0.000000000000 1.000000000000
0 33 60
0.938347470000 0.326922900000 -0.112363000000 0.325131560000
-0.341573430000 0.926853440000 -0.155789280000 -0.145221390000
0.053212950000 0.184564690000 0.981378750000 0.733610150000
0.000000000000 0.000000000000 0.000000000000 1.000000000000
0 34 60
0.731223070000 0.111557530000 -0.672954480000 1.666906910000
0.300770510000 -0.938188610000 0.171286960000 -1.495097610000
-0.612249880000 -0.327653840000 -0.719578380000 3.770794380000
0.000000000000 0.000000000000 0.000000000000 1.000000000000
0 35 60
0.982445010000 0.173681260000 -0.068092760000 0.310664090000
-0.179119840000 0.776216110000 -0.604487080000 0.981393720000
-0.052133380000 0.606072080000 0.793699410000 0.696978270000
0.000000000000 0.000000000000 0.000000000000 1.000000000000
0 36 60
-0.448779390000 -0.202968750000 -0.870287730000 2.288859610000
0.539718520000 -0.837750380000 -0.082935100000 -0.891677430000
-0.712250640000 -0.506929970000 0.485511100000 1.366091320000
0.000000000000 0.000000000000 0.000000000000 1.000000000000
0 37 60
0.409301860000 0.540895490000 -0.734781640000 0.751834460000
-0.469064610000 0.815499260000 0.339027060000 -1.334249010000
0.782592090000 0.205895650000 0.587500300000 1.621861860000
0.000000000000 0.000000000000 0.000000000000 1.000000000000
0 38 60
0.937467740000 -0.035738100000 0.346232610000 -1.634641900000
0.161796490000 0.925459770000 -0.342558190000 0.723654980000
-0.308181970000 0.377156470000 0.873370980000 0.589337280000
0.000000000000 0.000000000000 0.000000000000 1.000000000000
0 39 60
0.897697170000 -0.289506580000 0.332153170000 -0.145895570000
0.203467840000 0.941029950000 0.270302570000 -0.591182560000
-0.390820450000 -0.175067360000 0.903665200000 0.303205170000
0.000000000000 0.000000000000 0.000000000000 1.000000000000
0 40 60
0.563695090000 -0.812964570000 -0.146070010000 0.293232160000
-0.030756640000 0.156062050000 -0.987268280000 2.359849310000
0.825410120000 0.561010910000 0.062967350000 1.735194200000
0.000000000000 0.000000000000 0.000000000000 1.000000000000
0 41 60
-0.290719990000 0.707966380000 -0.643634590000 1.466993820000
0.947057600000 0.117128270000 -0.298936220000 0.066496960000
-0.136248990000 -0.696465770000 -0.704536470000 4.117553460000
0.000000000000 0.000000000000 0.000000000000 1.000000000000
0 42 60
-0.207618090000 -0.873497420000 -0.440337360000 0.608916110000
-0.086235170000 -0.432049920000 0.897717310000 -2.576128850000
-0.974401470000 0.224354920000 0.014375180000 2.779498950000
0.000000000000 0.000000000000 0.000000000000 1.000000000000
0 43 60
-0.176176600000 0.920680340000 -0.348295150000 0.918981910000
0.981948150000 0.139629740000 -0.127598470000 -0.352669340000
-0.068845040000 -0.364487640000 -0.928659850000 3.693726110000
0.000000000000 0.000000000000 0.000000000000 1.000000000000
0 44 60
0.943462890000 0.229547230000 0.239135630000 -0.680328820000
-0.320066880000 0.818513390000 0.477067110000 -1.034396900000
-0.086226280000 -0.526634510000 0.845707470000 0.991802960000
0.000000000000 0.000000000000 0.000000000000 1.000000000000
0 45 60
0.987871010000 -0.024842280000 -0.153276650000 -0.103298260000
-0.140649320000 -0.561411060000 -0.815497020000 0.438361120000
-0.065792400000 0.827164120000 -0.558095760000 3.875715040000
0.000000000000 0.000000000000 0.000000000000 1.000000000000
0 46 60
0.954213690000 0.120620200000 -0.273727970000 0.443853430000
0.178788940000 -0.963629590000 0.198626590000 -1.098001750000
-0.239813990000 -0.238471750000 -0.941074110000 4.264238680000
0.000000000000 0.000000000000 0.000000000000 1.000000000000
0 47 60
-0.950559030000 0.308424410000 -0.036220370000 0.180318350000
0.304725400000 0.903910390000 -0.300147350000 -0.394111790000
-0.059832800000 -0.296345040000 -0.953204940000 4.107670050000
0.000000000000 0.000000000000 0.000000000000 1.000000000000
0 48 60
0.040960770000 0.391990710000 -0.919056850000 0.715232900000
0.612093060000 -0.736865650000 -0.287003660000 -0.363447220000
-0.789724190000 -0.550792430000 -0.270117380000 3.153263010000
0.000000000000 0.000000000000 0.000000000000 1.000000000000
0 49 60
-0.710854230000 0.423260360000 -0.561726740000 1.592304760000
0.651188550000 0.697864100000 -0.298226720000 -0.448552860000
0.265781380000 -0.577785740000 -0.771701950000 3.580300280000
0.000000000000 0.000000000000 0.000000000000 1.000000000000
0 50 60
0.687517060000 0.625775510000 -0.368409150000 0.483416320000
0.545594720000 -0.779941560000 -0.306622830000 0.370560280000
-0.479214660000 0.009806340000 -0.877642950000 2.397637780000
0.000000000000 0.000000000000 0.000000000000 1.000000000000
0 51 60
-0.599288560000 -0.709103140000 0.371518450000 -1.045494890000
-0.344641430000 -0.190343050000 -0.919234360000 1.196513390000
0.722547930000 -0.678927290000 -0.130315900000 2.161495360000
0.000000000000 0.000000000000 0.000000000000 1.000000000000
0 52 60
-0.874048950000 -0.233609420000 -0.425987170000 1.229074570000
0.259981100000 0.515810280000 -0.816302390000 -0.057755190000
0.410424490000 -0.824236860000 -0.390109400000 2.982573010000
0.000000000000 0.000000000000 0.000000000000 1.000000000000
0 53 60
-0.989238770000 -0.098545930000 -0.108145090000 0.409417150000
0.041992710000 -0.899285290000 0.435341920000 -0.788061540000
-0.140154460000 0.426115800000 0.893746080000 0.473431590000
0.000000000000 0.000000000000 0.000000000000 1.000000000000
0 54 60
0.948790730000 -0.054173560000 -0.311225610000 -0.315670310000
0.043973660000 0.998243450000 -0.039703050000 -0.241400920000
0.312829790000 0.023984150000 0.949506340000 -0.198493810000
0.000000000000 0.000000000000 0.000000000000 1.000000000000
0 55 60
0.758167620000 -0.487520590000 0.433019090000 -1.194153310000
-0.640891050000 -0.679528020000 0.357071890000 -1.335732730000
0.120168700000 -0.548238410000 -0.827643720000 4.298306850000
0.000000000000 0.000000000000 0.000000000000 1.000000000000
0 56 60
0.596802130000 0.374362930000 -0.709703890000 2.292814040000
-0.480838330000 0.874942830000 0.057179940000 -0.193390380000
0.642356380000 0.307127720000 0.702175790000 0.982763370000
0.000000000000 0.000000000000 0.000000000000 1.000000000000
0 57 60
0.986131150000 -0.103738050000 0.129552180000 0.099838340000
0.114256180000 0.990496350000 -0.076566980000 0.249152560000
-0.120378050000 0.090307220000 0.988612020000 0.184776850000
0.000000000000 0.000000000000 0.000000000000 1.000000000000
0 58 60
0.971079450000 -0.234662420000 0.044025550000 0.079537350000
0.237232080000 0.927529040000 -0.288809310000 0.966466560000
0.026937720000 0.290901060000 0.956373840000 -0.073224410000
0.000000000000 0.000000000000 0.000000000000 1.000000000000
0 59 60
0.926496550000 -0.119231920000 0.356914410000 -0.868750810000
0.239662640000 0.918199160000 -0.315392010000 0.909211130000
-0.290113710000 0.377748650000 0.879283790000 0.653593400000
0.000000000000 0.000000000000 0.000000000000 1.000000000000
1 3 60
0.959125560000 -0.033156390000 -0.281031690000 -0.148341270000
0.085111270000 0.980928600000 0.174743090000 -0.777502620000
0.269878170000 -0.191519530000 0.943655680000 0.583840270000
0.000000000000 0.000000000000 0.000000000000 1.000000000000
1 4 60
0.263781630000 -0.856193770000 -0.444242590000 1.057480290000
-0.665812840000 0.171621110000 -0.726112560000 1.607147660000
0.697934460000 0.487317580000 -0.524794310000 3.660527830000
0.000000000000 0.000000000000 0.000000000000 1.000000000000
1 5 60
0.755464470000 0.401149030000 -0.518027890000 0.842731240000
-0.391840950000 0.910299440000 0.133475100000 -0.322335700000
0.525103910000 0.102148840000 0.844885500000 0.177019920000
0.000000000000 0.000000000000 0.000000000000 1.000000000000
1 6 60
-0.771966420000 0.023549850000 -0.635226930000 1.628953890000
-0.603466670000 0.286855280000 0.744004050000 -1.492296490000
0.199739390000 0.957684420000 -0.207231090000 2.651633280000
0.000000000000 0.000000000000 0.000000000000 1.000000000000
1 7 60
0.338531460000 0.493683270000 -0.801045110000 1.789199450000
-0.704454930000 0.697353280000 0.132066840000 -0.143262940000
0.623810630000 0.519591400000 0.583853640000 0.681329510000
0.000000000000 0.000000000000 0.000000000000 1.000000000000
1 8 60
0.173500830000 -0.862443480000 -0.475487870000 0.592974320000
-0.713359580000 0.222811220000 -0.664434550000 1.662537620000
0.678981280000 0.454473770000 -0.576574380000 3.777773060000
0.000000000000 0.000000000000 0.000000000000 1.000000000000
1 10 60
-0.880523200000 0.205845030000 -0.426973920000 1.077852090000
0.437179910000 0.004579940000 -0.899362410000 1.962276580000
-0.183173760000 -0.978573890000 -0.094024060000 2.230267490000
0.000000000000 0.000000000000 0.000000000000 1.000000000000
1 11 60
0.871438850000 -0.200221530000 0.447778590000 -1.337046010000
-0.152661070000 -0.978265400000 -0.140326070000 -0.113034730000
0.466142600000 0.053927230000 -0.883064510000 4.439664780000
0.000000000000 0.000000000000 0.000000000000 1.000000000000
1 12 60
0.978146540000 -0.207832450000 0.005917610000 0.295789120000
0.207909900000 0.977488690000 -0.035907320000 -0.336440640000
0.001678310000 0.036352950000 0.999337600000 0.511387030000
0.000000000000 0.000000000000 0.000000000000 1.000000000000
1 13 60
-0.891173950000 0.194465640000 -0.409868390000 1.023575440000
-0.354390330000 0.265626030000 0.896576990000 -1.987271010000
0.283225130000 0.944259460000 -0.167802250000 2.528764760000
0.000000000000 0.000000000000 0.000000000000 1.000000000000
1 14 60
-0.941678970000 -0.321934390000 0.097974340000 -0.351404820000
-0.026454910000 0.361068000000 0.932164170000 -1.690517050000
-0.335471100000 0.875207490000 -0.348526890000 2.564194320000
0.000000000000 0.000000000000 0.000000000000 1.000000000000
1 15 60
-0.216267340000 0.666338170000 -0.713597840000 0.704973830000
-0.410840870000 -0.725144280000 -0.552607960000 0.532967070000
-0.885685170000 0.173664100000 0.430583980000 1.369168340000
0.000000000000 0.000000000000 0.000000000000 1.000000000000
1 16 60
0.704821860000 0.626479440000 -0.332790700000 0.195120750000
-0.707548420000 0.654568730000 -0.266298720000 1.369424230000
0.051003710000 0.423158700000 0.904618890000 -0.107645410000
0.000000000000 0.000000000000 0.000000000000 1.000000000000
1 17 60
0.959365120000 0.266454980000 -0.092845600000 0.432820900000
-0.279467500000 0.942684740000 -0.182327700000 0.194585270000
0.038942010000 0.200866170000 0.978844370000 -0.017382600000
0.000000000000 0.000000000000 0.000000000000 1.000000000000
1 18 60
0.834376770000 0.184671480000 -0.519337890000 0.806259540000
-0.298195050000 0.943651600000 -0.143531770000 0.381563760000
0.463567810000 0.274623560000 0.842429100000 -0.440699180000
0.000000000000 0.000000000000 0.000000000000 1.000000000000
1 19 60
0.989914160000 0.093550640000 -0.106387220000 0.392859640000
-0.102333720000 0.991501390000 -0.080329300000 0.334429690000
0.097968220000 0.090406110000 0.991074650000 -0.276183740000
0.000000000000 0.000000000000 0.000000000000 1.000000000000
1 20 60
0.999446820000 0.032586880000 -0.006645230000 0.048575440000
0.032763440000 -0.999057740000 0.028463710000 -0.878149580000
-0.005711430000 -0.028665680000 -0.999572740000 4.543058460000
0.000000000000 0.000000000000 0.000000000000 1.000000000000
1 21 60
-0.687056920000 -0.703655340000 -0.181168330000 0.303438810000
0.382049310000 -0.137759210000 -0.913816570000 2.054405170000
0.618054300000 -0.697059230000 0.363479450000 0.976709700000
0.000000000000 0.000000000000 0.000000000000 1.000000000000
1 22 60
-0.835707910000 0.099180000000 -0.540144060000 1.163757680000
-0.525719650000 0.139889550000 0.839076730000 -2.475922190000
0.158780140000 0.985187410000 -0.064765930000 2.630183120000
0.000000000000 0.000000000000 0.000000000000 1.000000000000
1 23 60
0.487352240000 -0.759937060000 0.430097040000 -1.091409850000
0.532261330000 0.648999010000 0.543597430000 -1.277684700000
-0.692232380000 -0.035999410000 0.720776230000 -0.026212800000
0.000000000000 0.000000000000 0.000000000000 1.000000000000
1 24 60
0.207828480000 0.491005390000 -0.846002970000 1.766771830000
-0.429109830000 0.822987050000 0.372232540000 -1.174937470000
0.879017680000 0.285667670000 0.381735390000 1.376552410000
0.000000000000 0.000000000000 0.000000000000 1.000000000000
1 25 60
0.894226230000 0.417034390000 -0.162609260000 0.351791230000
-0.186284140000 0.677049950000 0.711970210000 -2.023172020000
0.407010660000 -0.606370910000 0.683122720000 0.770099730000
0.000000000000 0.000000000000 0.000000000000 1.000000000000
1 26 60
0.381614460000 -0.832648720000 0.401330920000 -0.929764660000
0.842103260000 0.134173940000 -0.522359500000 1.229944860000
0.381093820000 0.537302020000 0.752378920000 0.815220040000
0.000000000000 0.000000000000 0.000000000000 1.000000000000
1 27 60
0.257600240000 -0.775198820000 0.576809240000 -1.743260650000
0.732100970000 0.546179890000 0.407081930000 -1.167088150000
-0.630611050000 0.317418200000 0.708219880000 0.285723450000
0.000000000000 0.000000000000 0.000000000000 1.000000000000
1 28 60
-0.411109340000 -0.692948860000 0.592292980000 -1.727445030000
0.634574270000 0.248920180000 0.731679050000 -1.780252550000
-0.654449850000 0.676653980000 0.337394110000 1.037745590000
0.000000000000 0.000000000000 0.000000000000 1.000000000000
1 29 60
0.209542870000 0.493102680000 -0.844358650000 1.067045710000
-0.701192800000 0.677621620000 0.221715120000 -0.833788370000
0.681484000000 0.545599390000 0.487750820000 1.375579820000
0.000000000000 0.000000000000 0.000000000000 1.000000000000
1 30 60
-0.413547800000 0.630234050000 0.657102170000 -1.499477460000
0.737453760000 0.655127950000 -0.164223400000 -0.054994010000
-0.533985170000 0.416668240000 -0.735695190000 3.707403330000
0.000000000000 0.000000000000 0.000000000000 1.000000000000
1 31 60
0.980053630000 0.068272920000 -0.186637850000 0.956509040000
-0.033259910000 0.982240150000 0.184656630000 -1.008637660000
0.195930240000 -0.174765840000 0.964918780000 1.291464380000
0.000000000000 0.000000000000 0.000000000000 1.000000000000
1 32 60
0.487665120000 -0.863480320000 0.128780730000 -0.359712330000
0.691847670000 0.472199240000 0.546236830000 -0.846443310000
-0.532474910000 -0.177284000000 0.827671950000 0.633709340000
0.000000000000 0.000000000000 0.000000000000 1.000000000000
1 33 60
-0.661310710000 -0.499652650000 0.559477770000 -2.187319850000
-0.563433100000 -0.161505510000 -0.810221640000 0.841300520000
0.495188130000 -0.851036540000 -0.174715520000 2.391505820000
0.000000000000 0.000000000000 0.000000000000 1.000000000000
1 34 60
-0.604559390000 -0.489658700000 0.628285200000 -1.561717290000
-0.596668780000 -0.244176080000 -0.764437320000 1.240873850000
0.527725600000 -0.837025930000 -0.144545120000 2.226950060000
0.000000000000 0.000000000000 0.000000000000 1.000000000000
1 35 60
0.837873790000 -0.542370650000 0.061657030000 -0.386504970000
0.524096040000 0.830892350000 0.186925780000 -0.172707340000
-0.152613410000 -0.124306000000 0.980437230000 -0.445376120000
0.000000000000 0.000000000000 0.000000000000 1.000000000000
1 36 60
0.976953030000 -0.156707690000 -0.144932640000 -0.470013120000
0.166853700000 0.984114650000 0.060648110000 -0.202169700000
0.133126310000 -0.083432900000 0.987581050000 -0.478008840000
0.000000000000 0.000000000000 0.000000000000 1.000000000000
1 37 60
-0.519840560000 -0.412513310000 -0.748063210000 2.224390490000
0.493028450000 -0.859998550000 0.131626120000 -1.796256200000
-0.697630800000 -0.300391850000 0.650442930000 0.731629330000
0.000000000000 0.000000000000 0.000000000000 1.000000000000
1 38 60
-0.811375360000 0.300690820000 0.501253480000 -1.064240140000
-0.522270130000 0.012166570000 -0.852693320000 0.992541540000
-0.262495590000 -0.953644070000 0.147170180000 1.832829640000
0.000000000000 0.000000000000 0.000000000000 1.000000000000
1 39 60
0.577254330000 -0.341972940000 0.741506540000 -1.436973250000
-0.029634380000 0.898709170000 0.437542730000 -1.260849350000
-0.816026490000 -0.274547530000 0.508649600000 0.837710890000
0.000000000000 0.000000000000 0.000000000000 1.000000000000
1 40 60
0.829040500000 0.555916210000 0.060407098500 -0.476100502000
-0.554484648000 0.831238218000 -0.039872298500 -0.117313000000
-0.072378345900 -0.000439058512 0.997377151000 -0.370710609000
0.000000000000 0.000000000000 0.000000000000 1.000000000000
1 41 60
0.738997770000 0.595852260000 0.314392080000 -1.347470960000
-0.621027760000 0.783391040000 -0.024959890000 0.289768350000
-0.261164340000 -0.176800900000 0.948965030000 -0.263304580000
0.000000000000 0.000000000000 0.000000000000 1.000000000000
1 42 60
0.846762660000 0.430554350000 0.312435510000 -0.961133510000
-0.473369560000 0.877813150000 0.073248390000 -0.168709490000
-0.242722590000 -0.209921470000 0.947110720000 0.112421260000
0.000000000000 0.000000000000 0.000000000000 1.000000000000
1 43 60
0.402930520000 0.292570860000 -0.867207750000 1.430311790000
-0.384448010000 0.913986190000 0.129726570000 -0.215772080000
0.830570120000 0.281125500000 0.480751210000 1.040269360000
0.000000000000 0.000000000000 0.000000000000 1.000000000000
1 44 60
0.297350970000 0.718240120000 -0.629057650000 0.762017750000
0.927810250000 -0.372829960000 0.012882510000 -0.433115930000
-0.225278800000 -0.587476760000 -0.777251900000 3.349715760000
0.000000000000 0.000000000000 0.000000000000 1.000000000000
1 45 60
0.686569690000 0.552881590000 -0.472169470000 0.479650450000
-0.581988270000 0.807162720000 0.098883780000 -0.415838130000
0.435788610000 0.206906480000 0.875944060000 1.026403410000
0.000000000000 0.000000000000 0.000000000000 1.000000000000
1 46 60
0.864759950000 0.498067980000 0.064175600000 -0.607827760000
-0.171356450000 0.172532410000 0.969984290000 -1.173082570000
0.472045750000 -0.849800480000 0.234546290000 1.434716960000
0.000000000000 0.000000000000 0.000000000000 1.000000000000
1 47 60
-0.266116360000 -0.473588920000 -0.839580620000 0.815437600000
0.448275370000 -0.831876230000 0.327156140000 -0.822374410000
-0.853364680000 -0.289301710000 0.433674120000 2.047184890000
0.000000000000 0.000000000000 0.000000000000 1.000000000000
1 48 60
0.713773770000 0.487713250000 -0.502655730000 -0.084046690000
-0.572004880000 0.820083330000 -0.016545280000 0.330930670000
0.404150230000 0.299331120000 0.864328340000 0.780699780000
0.000000000000 0.000000000000 0.000000000000 1.000000000000
1 49 60
-0.776895300000 0.535280130000 0.331525080000 -0.426278010000
-0.547191730000 -0.834475320000 0.065055010000 0.194864590000
0.311472150000 -0.130866850000 0.941200810000 0.316219790000
0.000000000000 0.000000000000 0.000000000000 1.000000000000
1 50 60
-0.919936260000 0.038733170000 0.390149990000 -0.815349630000
0.059278100000 0.997409350000 0.040751630000 -0.380023900000
-0.387560800000 0.060616250000 -0.919849060000 3.494063250000
0.000000000000 0.000000000000 0.000000000000 1.000000000000
1 51 60
0.566469430000 -0.486849120000 -0.664898730000 -0.295826180000
-0.280826150000 0.644499430000 -0.711166060000 0.462024590000
0.774757420000 0.589574780000 0.228369260000 1.505969010000
0.000000000000 0.000000000000 0.000000000000 1.000000000000
1 52 60
-0.142331640000 0.984688520000 0.100648980000 -0.311246750000
0.986431320000 0.149514940000 -0.067812490000 -0.714003570000
-0.081822710000 0.089631450000 -0.992608310000 3.745941550000
0.000000000000 0.000000000000 0.000000000000 1.000000000000
1 53 60
0.007720040000 0.813750900000 -0.581162520000 0.689301490000
-0.953673880000 0.180782670000 0.240465720000 -0.102002370000
0.300743310000 0.552383110000 0.777448620000 0.314045950000
0.000000000000 0.000000000000 0.000000000000 1.000000000000
1 54 60
0.954748780000 0.283445180000 -0.090075530000 -0.438626810000
-0.250519880000 0.929674010000 0.270085210000 -1.011806180000
0.160295230000 -0.235297810000 0.958613780000 -0.433165120000
0.000000000000 0.000000000000 0.000000000000 1.000000000000
1 55 60
0.406029230000 0.354771330000 -0.842186190000 2.473465160000
0.282046940000 -0.925228660000 -0.253774400000 0.025599810000
-0.869246680000 -0.134496210000 -0.475732050000 3.308248580000
0.000000000000 0.000000000000 0.000000000000 1.000000000000
1 56 60
0.680843220000 -0.440981100000 0.584797550000 -1.284965820000
0.467598090000 0.876248780000 0.116361910000 0.228454990000
-0.563741550000 0.194226000000 0.802789960000 -0.190107720000
0.000000000000 0.000000000000 0.000000000000 1.000000000000
1 57 60
-0.614019390000 0.777887070000 0.133685820000 -0.193963940000
0.280840960000 0.057030090000 0.958058410000 -2.314685810000
0.737637140000 0.625810890000 -0.253480140000 3.478813740000
0.000000000000 0.000000000000 0.000000000000 1.000000000000
1 58 60
0.170262580000 0.679426060000 -0.713716250000 2.185751680000
0.766413230000 -0.546559430000 -0.337466360000 0.766060160000
-0.619371790000 -0.489543690000 -0.613779740000 3.037529170000
0.000000000000 0.000000000000 0.000000000000 1.000000000000
1 59 60
0.974962980000 -0.006621640000 -0.222268610000 0.370385790000
0.014105390000 0.999385150000 0.032099290000 0.533168950000
0.221919400000 -0.034430800000 0.974456930000 -0.633377790000
0.000000000000 0.000000000000 0.000000000000 1.000000000000
2 4 60
-0.845592270000 -0.351097310000 -0.402124850000 0.976387120000
0.304484810000 -0.935945320000 0.176904960000 -1.172297100000
-0.438477730000 0.027148560000 0.898331920000 0.063640890000
0.000000000000 0.000000000000 0.000000000000 1.000000000000
2 5 60
-0.671766590000 0.259391160000 0.693863010000 -1.534084010000
0.142631430000 0.964452530000 -0.222458080000 0.512906270000
-0.726901590000 -0.050473240000 -0.684884310000 3.786674580000
0.000000000000 0.000000000000 0.000000000000 1.000000000000
2 6 60
-0.865019880000 -0.150921820000 0.478501000000 -1.043870620000
-0.231477990000 0.966170200000 -0.113723690000 0.395222340000
-0.445150020000 -0.209135700000 -0.870691520000 4.195282970000
0.000000000000 0.000000000000 0.000000000000 1.000000000000
2 7 60
0.828445460000 -0.260507500000 -0.495796300000 1.156525730000
0.097563720000 0.938830940000 -0.330269260000 1.392329370000
0.551506520000 0.225238340000 0.803186310000 -0.069333580000
0.000000000000 0.000000000000 0.000000000000 1.000000000000
2 8 60
0.561810240000 0.820495620000 0.105622870000 0.504332510000
-0.721839120000 0.423829830000 0.547098310000 -1.206210230000
0.404125640000 -0.383608150000 0.830377780000 -0.236729850000
0.000000000000 0.000000000000 0.000000000000 1.000000000000
2 9 60
0.167604050000 0.868795120000 -0.465944120000 1.790129480000
-0.842543880000 0.371636430000 0.389879700000 -1.467821270000
0.511887390000 0.327232950000 0.794285780000 0.262721470000
0.000000000000 0.000000000000 0.000000000000 1.000000000000
2 10 60
-0.900464030000 -0.434259400000 -0.024151800000 0.293442360000
-0.067709230000 0.085113160000 0.994068010000 -2.507811460000
-0.429627740000 0.896757790000 -0.106044710000 2.318094120000
0.000000000000 0.000000000000 0.000000000000 1.000000000000
2 11 60
-0.929461540000 0.254548590000 0.267032330000 -0.570693420000
-0.185271520000 0.303858350000 -0.934529060000 1.429000550000
-0.319023060000 -0.918082300000 -0.235264050000 2.214062270000
0.000000000000 0.000000000000 0.000000000000 1.000000000000
2 12 60
0.940478610000 -0.188487030000 -0.282794300000 1.093729790000
0.166609640000 0.980965240000 -0.099741830000 0.183190070000
0.296211420000 0.046688800000 0.953980580000 0.080448710000
0.000000000000 0.000000000000 0.000000000000 1.000000000000
2 13 60
-0.723626190000 0.226526390000 0.651959310000 -1.223777400000
-0.466405700000 0.535794100000 -0.703839760000 1.145313130000
-0.508754230000 -0.813394420000 -0.282061450000 2.306710980000
0.000000000000 0.000000000000 0.000000000000 1.000000000000
2 14 60
0.981371110000 -0.179742740000 0.067847570000 0.394612800000
0.180750720000 0.983488020000 -0.008971600000 -0.369989580000
-0.065114690000 0.021067960000 0.997655360000 0.452823270000
0.000000000000 0.000000000000 0.000000000000 1.000000000000
2 15 60
0.588201230000 -0.512337770000 0.625723040000 -1.205198970000
-0.482663180000 -0.843214260000 -0.236698060000 0.090961870000
0.648887940000 -0.162787380000 -0.743266240000 3.235312440000
0.000000000000 0.000000000000 0.000000000000 1.000000000000
2 16 60
-0.886984588000 -0.002766001870 0.461790742000 -0.703649907000
0.417221336000 0.423844818000 0.803916617000 -2.317094200000
-0.197951248000 0.905730600000 -0.374789787000 3.840253980000
0.000000000000 0.000000000000 0.000000000000 1.000000000000
2 17 60
-0.926141540000 0.358452750000 0.117360420000 -0.197327550000
0.351036180000 0.932986520000 -0.079433910000 0.650199550000
-0.137968990000 -0.032369290000 -0.989907460000 4.840565930000
0.000000000000 0.000000000000 0.000000000000 1.000000000000
2 18 60
-0.555179150000 0.703877860000 0.443093740000 -0.388452400000
0.811724930000 0.574677920000 0.104153340000 -0.975259720000
-0.181324950000 0.417494000000 -0.890404410000 5.076240540000
0.000000000000 0.000000000000 0.000000000000 1.000000000000
2 19 60
-0.219723887000 0.955300752000 -0.197792535000 0.760467374000
0.675094495000 0.002530624970 -0.737726927000 1.212439460000
-0.704250549000 -0.295624879000 -0.645474318000 3.228457930000
0.000000000000 0.000000000000 0.000000000000 1.000000000000
2 20 60
-0.028061110000 -0.045058790000 -0.998590150000 2.478662870000
-0.963656160000 -0.264282890000 0.039004520000 -0.730524080000
-0.265667780000 0.963392060000 -0.036005110000 2.431842480000
0.000000000000 0.000000000000 0.000000000000 1.000000000000
2 21 60
0.333930790000 -0.907974580000 0.253125250000 -0.832715970000
0.832784500000 0.409983680000 0.371999130000 -1.389360610000
-0.441542980000 0.086576820000 0.893053330000 -0.146108560000
0.000000000000 0.000000000000 0.000000000000 1.000000000000
2 22 60
0.143376540000 -0.072833870000 0.986984500000 -2.720305890000
-0.133541420000 0.986743650000 0.092215290000 -0.126211630000
-0.980617080000 -0.145024820000 0.131749550000 1.503714500000
0.000000000000 0.000000000000 0.000000000000 1.000000000000
2 23 60
0.902504550000 0.321866430000 -0.286159980000 0.989564560000
0.310701170000 -0.946705700000 -0.084929980000 -0.043090820000
-0.298245400000 -0.012260550000 -0.954410480000 4.400461920000
0.000000000000 0.000000000000 0.000000000000 1.000000000000
2 24 60
0.639671180000 0.062328040000 -0.766117480000 2.015835320000
-0.361290620000 0.904122410000 -0.228104720000 0.061352470000
0.678446660000 0.422703080000 0.600859580000 0.677762180000
0.000000000000 0.000000000000 0.000000000000 1.000000000000
2 25 60
0.948629080000 0.147464240000 0.279923500000 -0.548625520000
0.079826820000 -0.967671650000 0.239247260000 -0.973739930000
0.306154460000 -0.204611500000 -0.929733070000 4.319488830000
0.000000000000 0.000000000000 0.000000000000 1.000000000000
2 26 60
0.714650470000 -0.091542510000 -0.693465700000 1.727674530000
0.056469050000 0.995713850000 -0.073247340000 -0.228392100000
0.697198650000 0.013186900000 0.716756690000 0.566520070000
0.000000000000 0.000000000000 0.000000000000 1.000000000000
2 27 60
-0.468010140000 0.656508480000 -0.591576810000 2.210714850000
-0.491347030000 0.363098020000 0.791667810000 -2.205881090000
0.734537000000 0.661178070000 0.152639940000 1.618455540000
0.000000000000 0.000000000000 0.000000000000 1.000000000000
2 28 60
0.669740500000 -0.692635000000 0.267776820000 -0.582198010000
-0.710721880000 -0.702380640000 -0.039190040000 -0.659796720000
0.215225640000 -0.164067680000 -0.962683600000 4.424125870000
0.000000000000 0.000000000000 0.000000000000 1.000000000000
2 29 60
-0.908708570000 -0.204984900000 -0.363634330000 0.708812460000
0.176956640000 -0.978143860000 0.109183060000 -0.654810190000
-0.378067560000 0.034868080000 0.925121150000 -0.001177930000
0.000000000000 0.000000000000 0.000000000000 1.000000000000
2 30 60
-0.050596620000 -0.687375520000 0.724537700000 -0.933038470000
-0.949139870000 0.258831960000 0.179274980000 -1.027853050000
-0.310762740000 -0.678616910000 -0.665511530000 3.281265240000
0.000000000000 0.000000000000 0.000000000000 1.000000000000
2 31 60
0.766478370000 0.214189490000 -0.605502910000 1.401711170000
-0.130424950000 0.975018210000 0.179802190000 -1.014123390000
0.628888100000 -0.058841800000 0.775266020000 1.384731590000
0.000000000000 0.000000000000 0.000000000000 1.000000000000
2 32 60
-0.878487630000 0.376032710000 0.294718320000 -1.159409140000
-0.182115740000 0.306734680000 -0.934209660000 1.090062260000
-0.441693710000 -0.874364480000 -0.200981140000 2.061900600000
0.000000000000 0.000000000000 0.000000000000 1.000000000000
2 33 60
0.725665870000 -0.655434690000 0.209318900000 -0.729396210000
0.686567090000 0.669838780000 -0.282739530000 0.598494500000
0.045107380000 0.348885900000 0.936079030000 0.289813960000
0.000000000000 0.000000000000 0.000000000000 1.000000000000
2 34 60
0.716173220000 -0.689138410000 -0.110381920000 -0.159469130000
0.432626640000 0.562458510000 -0.704609550000 1.432626200000
0.547658760000 0.456868330000 0.700957360000 0.801428970000
0.000000000000 0.000000000000 0.000000000000 1.000000000000
2 35 60
-0.070653910000 0.996971100000 0.032506070000 0.324831830000
0.723545620000 0.028789880000 0.689675930000 -1.596476380000
0.686651120000 0.072247930000 -0.723388190000 4.306866330000
0.000000000000 0.000000000000 0.000000000000 1.000000000000
2 36 60
-0.312203100000 -0.420241830000 -0.852012930000 1.818449480000
-0.142024940000 -0.866116390000 0.479240350000 -1.365534540000
-0.939339200000 0.270627410000 0.210719400000 1.835560740000
0.000000000000 0.000000000000 0.000000000000 1.000000000000
2 37 60
0.975921010000 0.195602890000 -0.096528160000 0.770243080000
-0.192986000000 0.980547050000 0.035831430000 -0.750432910000
0.101659140000 -0.016340060000 0.994685090000 0.347207980000
0.000000000000 0.000000000000 0.000000000000 1.000000000000
2 38 60
-0.421434980000 0.872271260000 0.248063290000 -0.066664500000
0.501677900000 0.452120100000 -0.737500300000 0.861701250000
-0.755454720000 -0.186360550000 -0.628138450000 3.338571540000
0.000000000000 0.000000000000 0.000000000000 1.000000000000
2 39 60
0.862700850000 0.501527460000 -0.064941960000 1.176387330000
-0.503961200000 0.863275920000 -0.027889090000 0.530116970000
0.042075690000 0.056788170000 0.997499240000 -0.514263160000
0.000000000000 0.000000000000 0.000000000000 1.000000000000
2 40 60
-0.155847570000 -0.134217700000 0.978620020000 -2.508742180000
-0.197524460000 -0.966480790000 -0.164009050000 -0.017658040000
0.967830370000 -0.218861800000 0.124112410000 1.793921720000
0.000000000000 0.000000000000 0.000000000000 1.000000000000
2 41 60
0.904067380000 -0.420872220000 -0.074355500000 -0.255882310000
0.426806880000 0.898150270000 0.105650300000 -0.983498280000
0.022317140000 -0.127250430000 0.991619520000 -0.784842990000
0.000000000000 0.000000000000 0.000000000000 1.000000000000
2 42 60
0.987256570000 -0.110385320000 0.114627870000 -0.079247380000
0.149890790000 0.886971910000 -0.436822140000 -0.176017340000
-0.053452950000 0.448437190000 0.892214590000 0.128685730000
0.000000000000 0.000000000000 0.000000000000 1.000000000000
2 43 60
-0.650413700000 0.758879190000 -0.032625200000 0.154088420000
0.682202520000 0.564730620000 -0.464412590000 0.285188850000
-0.334008600000 -0.324317300000 -0.885017820000 3.874914260000
0.000000000000 0.000000000000 0.000000000000 1.000000000000
2 44 60
-0.933776060000 0.003247400000 -0.357843170000 0.609885920000
0.212461770000 0.809680980000 -0.547061880000 0.907546170000
0.287962280000 -0.586861280000 -0.756750670000 2.921399610000
0.000000000000 0.000000000000 0.000000000000 1.000000000000
2 45 60
0.880458660000 0.461949260000 -0.106749410000 0.080090300000
-0.013532280000 0.249544160000 0.968268860000 -1.479523780000
0.473929770000 -0.851076140000 0.225964540000 1.523933390000
0.000000000000 0.000000000000 0.000000000000 1.000000000000
2 46 60
-0.693355080000 -0.617766850000 -0.370975550000 0.637085230000
0.312305950000 -0.721572930000 0.617897650000 -0.796127160000
-0.649402600000 0.312564600000 0.693238520000 0.952762290000
0.000000000000 0.000000000000 0.000000000000 1.000000000000
2 47 60
0.732227900000 -0.470119310000 -0.492777980000 0.458253000000
0.653032570000 0.690069180000 0.312014400000 -1.269031980000
0.193366900000 -0.550265720000 0.812291130000 0.838307680000
0.000000000000 0.000000000000 0.000000000000 1.000000000000
2 48 60
0.154170410000 0.623813810000 -0.766216560000 1.479017200000
-0.926516320000 -0.178106660000 -0.331429530000 0.366983130000
-0.343218590000 0.761008770000 0.550514890000 1.649797960000
0.000000000000 0.000000000000 0.000000000000 1.000000000000
2 49 60
0.610331420000 0.598840730000 -0.518541550000 0.103908950000
-0.714112840000 0.132631860000 -0.687351180000 0.976002030000
-0.342838750000 0.789809200000 0.508589250000 1.157097560000
0.000000000000 0.000000000000 0.000000000000 1.000000000000
2 50 60
0.750773200000 0.659262880000 -0.041376920000 -0.388014080000
-0.656480400000 0.737720180000 -0.157487840000 -0.295805710000
-0.073301290000 0.145400790000 0.986653700000 0.638656560000
0.000000000000 0.000000000000 0.000000000000 1.000000000000
2 51 60
-0.660184970000 0.315279410000 -0.681729190000 0.435380290000
-0.182356770000 -0.947760600000 -0.261717120000 0.173221610000
-0.728630090000 -0.048463780000 0.683190640000 1.078019950000
0.000000000000 0.000000000000 0.000000000000 1.000000000000
2 52 60
0.833258340000 -0.276034550000 -0.479046410000 0.151221330000
0.136755570000 0.942427750000 -0.305168560000 0.073855320000
0.535703700000 0.188771980000 0.823035040000 0.762276230000
0.000000000000 0.000000000000 0.000000000000 1.000000000000
2 53 60
0.631559020000 -0.768345000000 -0.103822750000 0.128143470000
0.455812770000 0.259624450000 0.851369410000 -2.341210420000
-0.627190500000 -0.585013770000 0.514189620000 1.724836490000
0.000000000000 0.000000000000 0.000000000000 1.000000000000
2 54 60
0.998297030000 -0.050137090000 -0.029821200000 -0.206898350000
0.040160310000 0.961449430000 -0.272033360000 0.337042370000
0.042310530000 0.270372470000 0.961825630000 -0.490147980000
0.000000000000 0.000000000000 0.000000000000 1.000000000000
2 55 60
0.807981750000 -0.313555490000 0.498847120000 -0.509269930000
0.482968990000 0.837409970000 -0.255901330000 0.463745910000
-0.337500290000 0.447691290000 0.828049550000 0.116127100000
0.000000000000 0.000000000000 0.000000000000 1.000000000000
2 56 60
0.985000850000 0.092612710000 -0.145589200000 0.693088580000
0.160361990000 -0.802814270000 0.574258890000 -2.221455730000
-0.063697420000 -0.588992470000 -0.805624300000 3.671348670000
0.000000000000 0.000000000000 0.000000000000 1.000000000000
2 57 60
-0.899597770000 -0.142705990000 -0.412745510000 0.723945880000
-0.435386180000 0.219269120000 0.873132250000 -2.766969410000
-0.034098860000 0.965171510000 -0.259386230000 3.322040170000
0.000000000000 0.000000000000 0.000000000000 1.000000000000
2 58 60
-0.668194430000 -0.376715120000 -0.641562090000 0.864697270000
-0.728749440000 0.157778850000 0.666355830000 -2.126637960000
-0.149801390000 0.912793270000 -0.379957880000 3.016548380000
0.000000000000 0.000000000000 0.000000000000 1.000000000000
2 59 60
-0.964972430000 0.037511880000 0.259655670000 -0.796412230000
-0.262185780000 -0.173040510000 -0.949376430000 1.368894360000
0.009318060000 -0.984200100000 0.176814400000 1.518878140000
0.000000000000 0.000000000000 0.000000000000 1.000000000000
3 6 60
0.521031180000 0.661506950000 -0.539383970000 2.876703540000
0.742338730000 -0.663091110000 -0.096142570000 -0.091906390000
-0.421259690000 -0.350312330000 -0.836553370000 3.964919250000
0.000000000000 0.000000000000 0.000000000000 1.000000000000
3 7 60
0.766251872000 -0.000583006205 -0.642540060000 1.393115820000
0.175700225000 0.962077011000 0.208655830000 0.113521304000
0.618051373000 -0.272777353000 0.737295745000 -0.518174834000
0.000000000000 0.000000000000 0.000000000000 1.000000000000
3 8 60
-0.995741210000 0.091406210000 0.012014780000 0.621343790000
-0.075935100000 -0.739251880000 -0.669134160000 1.298600300000
-0.052281070000 -0.667196800000 0.743044490000 -0.395252380000
0.000000000000 0.000000000000 0.000000000000 1.000000000000
3 9 60
0.932663970000 0.294802280000 -0.207917120000 1.295149560000
-0.286621730000 0.955545760000 0.069139580000 0.001433400000
0.219056830000 -0.004890430000 0.975699850000 -0.344715750000
0.000000000000 0.000000000000 0.000000000000 1.000000000000
3 10 60
0.381638310000 -0.738988800000 0.555200650000 -1.258671340000
-0.891955640000 -0.451975980000 0.011526020000 -0.611992320000
0.242419760000 -0.499613120000 -0.831636570000 4.263588090000
0.000000000000 0.000000000000 0.000000000000 1.000000000000
3 11 60
0.837562260000 -0.466943360000 0.283643000000 0.767803060000
0.478688550000 0.877438610000 0.030963800000 0.492541710000
-0.263337660000 0.109842550000 0.958429910000 -0.487144850000
0.000000000000 0.000000000000 0.000000000000 1.000000000000
3 12 60
0.948314850000 -0.276660330000 0.155428440000 0.586961080000
0.266445130000 0.960224270000 0.083524550000 0.213309920000
-0.172354090000 -0.037794420000 0.984309730000 -0.118572260000
0.000000000000 0.000000000000 0.000000000000 1.000000000000
3 13 60
0.988830440000 -0.118033700000 0.091007710000 0.274450010000
0.116758250000 0.992974130000 0.019232370000 0.186899580000
-0.092638370000 -0.008391650000 0.995664460000 -0.018845920000
0.000000000000 0.000000000000 0.000000000000 1.000000000000
3 14 60
0.939323860000 -0.164692860000 -0.300910190000 0.642324350000
0.222260120000 0.960372410000 0.168182250000 -0.175350790000
0.261287430000 -0.224857930000 0.938705380000 0.221360070000
0.000000000000 0.000000000000 0.000000000000 1.000000000000
3 15 60
-0.303912840000 -0.952651010000 -0.009646220000 0.156029230000
-0.947518350000 0.303299010000 -0.101087530000 0.195490230000
0.099226830000 -0.021581820000 -0.994830770000 3.971535980000
0.000000000000 0.000000000000 0.000000000000 1.000000000000
3 16 60
-0.106168720000 -0.993058830000 0.050619780000 0.168627620000
0.747108400000 -0.046073190000 0.663103540000 -2.427072030000
-0.656168610000 0.108219320000 0.746814120000 0.636307460000
0.000000000000 0.000000000000 0.000000000000 1.000000000000
3 17 60
0.664998760000 -0.387703290000 0.638328130000 -1.368234100000
0.188068700000 0.914088610000 0.359266170000 -0.546461680000
-0.722777150000 -0.118862020000 0.680782650000 -0.017156320000
0.000000000000 0.000000000000 0.000000000000 1.000000000000
3 18 60
-0.645333390000 0.763161620000 -0.033602840000 0.988199960000
-0.573010490000 -0.512693150000 -0.639378380000 1.191008740000
-0.505176980000 -0.393357440000 0.768157630000 -0.199458690000
0.000000000000 0.000000000000 0.000000000000 1.000000000000
3 22 60
-0.795329710000 -0.421245330000 -0.435893370000 1.282793220000
0.537340550000 -0.157106620000 -0.828602820000 2.065618180000
0.280563330000 -0.893235630000 0.351303760000 0.636999920000
0.000000000000 0.000000000000 0.000000000000 1.000000000000
3 23 60
-0.168298730000 0.423614740000 -0.890070840000 2.572834890000
-0.405726620000 0.793149080000 0.454203080000 -1.027232660000
0.898365990000 0.437567240000 0.038385790000 2.114036740000
0.000000000000 0.000000000000 0.000000000000 1.000000000000
3 24 60
-0.085279710000 -0.988924870000 -0.121470050000 0.901242030000
0.988452400000 -0.099298450000 0.114462530000 -0.171317090000
-0.125256630000 -0.110306030000 0.985973300000 -0.385348940000
0.000000000000 0.000000000000 0.000000000000 1.000000000000
3 25 60
0.693429460000 -0.169042660000 -0.700414280000 2.111158200000
0.435262010000 0.872950360000 0.220237730000 -0.129048620000
0.574197330000 -0.457583060000 0.678907340000 0.208610980000
0.000000000000 0.000000000000 0.000000000000 1.000000000000
3 26 60
0.615864350000 -0.696001270000 -0.369179260000 1.275227480000
-0.786008750000 -0.574828050000 -0.227514720000 0.365506560000
-0.053864060000 0.430296340000 -0.901079200000 4.180288660000
0.000000000000 0.000000000000 0.000000000000 1.000000000000
3 27 60
0.323212060000 0.605904640000 -0.726920590000 2.508500340000
-0.114088560000 0.787495960000 0.605668160000 -1.482063390000
0.939424170000 -0.112825930000 0.323654970000 0.800249950000
0.000000000000 0.000000000000 0.000000000000 1.000000000000
3 28 60
0.600893040000 -0.762460020000 0.239963060000 -0.243041180000
-0.780563110000 -0.495050790000 0.381635870000 -1.447673890000
-0.172188190000 -0.416628660000 -0.892620740000 4.165186590000
0.000000000000 0.000000000000 0.000000000000 1.000000000000
3 29 60
0.936722250000 0.317233980000 -0.148033910000 1.148083730000
-0.274432850000 0.927974910000 0.252089630000 -0.760862730000
0.217343150000 -0.195512590000 0.956314170000 0.280580410000
0.000000000000 0.000000000000 0.000000000000 1.000000000000
3 30 60
0.564264510000 -0.825252800000 0.023735620000 0.722840010000
0.820727260000 0.563823420000 0.092249170000 -0.239418310000
-0.089511580000 -0.032572460000 0.995453020000 0.654500000000
0.000000000000 0.000000000000 0.000000000000 1.000000000000
3 31 60
-0.045972400000 0.587575420000 -0.807862410000 1.537806520000
-0.487595470000 0.692634490000 0.531514930000 -1.024767610000
0.871858470000 0.418345070000 0.254657040000 2.034202860000
0.000000000000 0.000000000000 0.000000000000 1.000000000000
3 32 60
0.285468060000 0.337257910000 -0.897087000000 2.626270760000
-0.650362730000 0.755696230000 0.077146070000 -0.565218460000
0.703943390000 0.561409210000 0.435067110000 1.664281560000
0.000000000000 0.000000000000 0.000000000000 1.000000000000
3 33 60
-0.625564200000 -0.171728630000 -0.761037910000 2.014323010000
-0.323165220000 -0.830815160000 0.453111910000 -1.192156030000
-0.710094120000 0.529391580000 0.464231510000 1.397618750000
0.000000000000 0.000000000000 0.000000000000 1.000000000000
3 34 60
0.685117230000 -0.727758350000 0.031339680000 0.794207050000
-0.714668920000 -0.663225330000 0.222217240000 -1.058647950000
-0.140935180000 -0.174642360000 -0.974493370000 3.690597660000
0.000000000000 0.000000000000 0.000000000000 1.000000000000
3 35 60
0.789372830000 -0.096830770000 0.606229600000 -0.737925620000
0.074015210000 0.995290490000 0.062598640000 -0.169128020000
-0.609436030000 -0.004543450000 0.792822220000 -0.288910160000
0.000000000000 0.000000000000 0.000000000000 1.000000000000
3 36 60
-0.430154080000 -0.896616220000 -0.105103870000 0.954280670000
0.421194250000 -0.302307000000 0.855105770000 -2.034353910000
-0.798475340000 0.323558090000 0.507688190000 1.049086520000
0.000000000000 0.000000000000 0.000000000000 1.000000000000
3 37 60
0.907310220000 0.342994240000 0.243193590000 -0.351562660000
-0.235036320000 0.893326290000 -0.383048390000 1.029410210000
-0.348634620000 0.290384400000 0.891140170000 -0.184825630000
0.000000000000 0.000000000000 0.000000000000 1.000000000000
3 38 60
0.909102090000 -0.399475530000 -0.118121490000 0.852603380000
-0.357283920000 -0.893512690000 0.271998670000 -0.550320000000
-0.214199860000 -0.205071650000 -0.955020440000 3.621823130000
0.000000000000 0.000000000000 0.000000000000 1.000000000000
3 39 60
0.461433500000 0.390622170000 -0.796550970000 2.211429700000
-0.856280300000 0.430971000000 -0.284689370000 0.489986920000
0.232084390000 0.813436120000 0.533346530000 1.089499510000
0.000000000000 0.000000000000 0.000000000000 1.000000000000
3 40 60
0.812770160000 0.556693460000 0.171747080000 -0.379813070000
-0.578807100000 0.738097420000 0.346690840000 -0.619557210000
0.066234450000 -0.381188400000 0.922121690000 -0.815736660000
0.000000000000 0.000000000000 0.000000000000 1.000000000000
3 41 60
0.876422970000 0.450456940000 0.170209630000 -0.290228090000
-0.470153430000 0.876876160000 0.100219480000 0.167115950000
-0.104108210000 -0.167859300000 0.980298290000 -0.605340390000
0.000000000000 0.000000000000 0.000000000000 1.000000000000
3 42 60
0.857554310000 0.499910870000 -0.121201180000 0.619407620000
-0.321135200000 0.336234310000 -0.885335340000 1.700291580000
-0.401836770000 0.798145110000 0.448878160000 1.257532990000
0.000000000000 0.000000000000 0.000000000000 1.000000000000
3 43 60
0.942526220000 -0.332618910000 0.031764710000 -0.026284840000
0.322219290000 0.879646920000 -0.349851450000 0.087689970000
0.088425470000 0.339979360000 0.936266500000 0.362086070000
0.000000000000 0.000000000000 0.000000000000 1.000000000000
3 44 60
0.879739300000 -0.183870320000 0.438463760000 -0.150317170000
0.298781840000 0.931154600000 -0.208998880000 -0.243427610000
-0.369848860000 0.314869540000 0.874110400000 0.729223880000
0.000000000000 0.000000000000 0.000000000000 1.000000000000
3 45 60
-0.221299140000 0.961948670000 -0.160254350000 1.047000930000
-0.887916930000 -0.130797460000 0.441016510000 -0.711431790000
0.403274380000 0.239889120000 0.883075870000 0.790022310000
0.000000000000 0.000000000000 0.000000000000 1.000000000000
3 46 60
-0.729952030000 0.676471010000 0.097759920000 0.837983930000
-0.509027980000 -0.633485630000 0.582740490000 -1.432153600000
0.456136550000 0.375610070000 0.806756790000 1.114689870000
0.000000000000 0.000000000000 0.000000000000 1.000000000000
3 47 60
0.487977940000 0.778260530000 -0.395206380000 1.290473200000
0.869461130000 -0.393506930000 0.298646340000 -0.937559110000
0.076908210000 -0.489349410000 -0.868689980000 3.397220520000
0.000000000000 0.000000000000 0.000000000000 1.000000000000
3 48 60
0.603481880000 0.091740980000 0.792081570000 -1.348628930000
0.061313770000 -0.995757190000 0.068616660000 -0.283271200000
0.795015880000 0.007156600000 -0.606546400000 2.455283890000
0.000000000000 0.000000000000 0.000000000000 1.000000000000
3 49 60
0.914507760000 -0.386227580000 0.120431810000 -0.371104020000
0.384281340000 0.922351900000 0.039935230000 -0.333417380000
-0.126504600000 0.009758620000 0.991918020000 0.422611290000
0.000000000000 0.000000000000 0.000000000000 1.000000000000
3 50 60
-0.288562900000 -0.919694500000 -0.266258300000 0.398959780000
0.286287050000 -0.348244510000 0.892617210000 -1.319150980000
-0.913658130000 0.181349910000 0.363787070000 1.737721600000
0.000000000000 0.000000000000 0.000000000000 1.000000000000
3 51 60
-0.810049360000 0.462674980000 0.360210910000 -0.473350640000
-0.013476540000 0.599462510000 -0.800289370000 0.538295230000
-0.586206810000 -0.653128290000 -0.479358960000 2.152855170000
0.000000000000 0.000000000000 0.000000000000 1.000000000000
3 52 60
0.542698430000 0.154203760000 0.825651030000 -1.303110260000
0.207537290000 -0.977141040000 0.046083230000 -0.418213900000
0.813883710000 0.146344080000 -0.562295930000 2.098226020000
0.000000000000 0.000000000000 0.000000000000 1.000000000000
3 53 60
0.204381590000 0.956246610000 -0.209333660000 0.605167790000
-0.848588090000 0.066473030000 -0.524861490000 1.317561410000
-0.487981980000 0.284910080000 0.825045350000 0.990704880000
0.000000000000 0.000000000000 0.000000000000 1.000000000000
3 54 60
0.828259450000 0.401483270000 0.390893180000 -0.850343410000
-0.081569000000 0.776550270000 -0.624752890000 1.117370640000
-0.554376040000 0.485572710000 0.675933690000 0.434329430000
0.000000000000 0.000000000000 0.000000000000 1.000000000000
3 55 60
0.749095280000 -0.592895600000 0.295518320000 -0.090539360000
0.648403460000 0.747617740000 -0.143668600000 0.494175950000
-0.135754250000 0.299236570000 0.944472470000 -0.514316860000
0.000000000000 0.000000000000 0.000000000000 1.000000000000
3 56 60
-0.777203040000 -0.510952600000 0.367264040000 -1.413964640000
0.617396780000 -0.506452260000 0.601936310000 -1.170911630000
-0.121559210000 0.694574370000 0.709076730000 0.228279570000
0.000000000000 0.000000000000 0.000000000000 1.000000000000
3 57 60
-0.967369980000 -0.237541190000 0.088144820000 -0.503536870000
0.103950570000 -0.054831290000 0.993069890000 -2.529446170000
-0.231061910000 0.969828700000 0.077734690000 2.090185550000
0.000000000000 0.000000000000 0.000000000000 1.000000000000
3 58 60
0.859802290000 -0.491834910000 0.137253230000 0.156645470000
0.503128680000 0.861893510000 -0.063254400000 0.687668430000
-0.087186950000 0.123442320000 0.988514250000 -0.830160590000
0.000000000000 0.000000000000 0.000000000000 1.000000000000
4 6 60
-0.998559950000 -0.050434160000 -0.018287080000 0.222762020000
0.049112180000 -0.996564730000 0.066683880000 -1.122440710000
-0.021587410000 0.065689730000 0.997606560000 -0.159492620000
0.000000000000 0.000000000000 0.000000000000 1.000000000000
4 7 60
0.930978720000 -0.308832610000 -0.194681890000 0.575258480000
0.337377890000 0.931552610000 0.135594620000 0.276242030000
0.139480380000 -0.191917070000 0.971448950000 -0.122599450000
0.000000000000 0.000000000000 0.000000000000 1.000000000000
4 8 60
0.993511300000 -0.022351480000 0.111515470000 0.182926410000
0.011689310000 0.995373790000 0.095364460000 0.383426520000
-0.113131110000 -0.093442130000 0.989176380000 -0.112383280000
0.000000000000 0.000000000000 0.000000000000 1.000000000000
4 9 60
0.957446700000 0.284631110000 -0.047759330000 0.911482070000
-0.277528370000 0.953405350000 0.118305740000 -0.086191140000
0.079207490000 -0.100016870000 0.991828010000 -0.139588250000
0.000000000000 0.000000000000 0.000000000000 1.000000000000
4 10 60
0.907944300000 -0.265782240000 -0.324032320000 1.017583590000
0.242106690000 0.963750450000 -0.112113390000 0.784227980000
0.342084050000 0.023342320000 0.939379390000 0.026209150000
0.000000000000 0.000000000000 0.000000000000 1.000000000000
4 11 60
0.954365520000 -0.252684910000 -0.159175370000 0.694738390000
0.252974840000 0.967290570000 -0.018779740000 0.286683670000
0.158714190000 -0.022344630000 0.987071690000 -0.050645280000
0.000000000000 0.000000000000 0.000000000000 1.000000000000
4 12 60
0.947845870000 -0.205083120000 0.243985910000 -0.394310190000
0.219411340000 0.975081960000 -0.032769470000 0.302942750000
-0.231185790000 0.084593680000 0.969224970000 0.076651410000
0.000000000000 0.000000000000 0.000000000000 1.000000000000
4 13 60
0.948973410000 -0.090354650000 -0.302134920000 -0.090308670000
0.117396700000 0.990432380000 0.072537720000 0.068878440000
0.292690090000 -0.104306010000 0.950501330000 0.177692870000
0.000000000000 0.000000000000 0.000000000000 1.000000000000
4 14 60
-0.948429220000 -0.299071290000 0.105063690000 0.089873230000
-0.315164750000 0.925177160000 -0.211467280000 0.303215050000
-0.033958730000 -0.233674110000 -0.971721780000 4.241017360000
0.000000000000 0.000000000000 0.000000000000 1.000000000000
4 15 60
0.921953240000 -0.384849930000 0.043505850000 -0.187710890000
0.360850070000 0.894351450000 0.264429020000 -0.166004420000
-0.140675010000 -0.228092110000 0.963423340000 0.535186470000
0.000000000000 0.000000000000 0.000000000000 1.000000000000
4 16 60
0.764386480000 -0.079924880000 0.639785370000 -1.681603010000
-0.097240950000 0.966646320000 0.236936900000 0.022031800000
-0.637383330000 -0.243324700000 0.731119400000 0.717841760000
0.000000000000 0.000000000000 0.000000000000 1.000000000000
4 17 60
-0.576814260000 0.206238280000 -0.790411970000 2.329107820000
0.076278710000 0.976975060000 0.199251800000 -0.444121210000
0.813306140000 0.054639670000 -0.579264740000 4.314130210000
0.000000000000 0.000000000000 0.000000000000 1.000000000000
4 18 60
0.904657350000 -0.220623780000 0.364582260000 -1.078493230000
0.085529060000 0.932141030000 0.351849220000 -1.032344120000
-0.417468390000 -0.287120600000 0.862137980000 -0.023787160000
0.000000000000 0.000000000000 0.000000000000 1.000000000000
4 19 60
0.903472560000 -0.340819100000 0.259960900000 -0.708458780000
0.346564870000 0.937695500000 0.024898710000 0.081786900000
-0.252250120000 0.067598020000 0.965298080000 -0.079762860000
0.000000000000 0.000000000000 0.000000000000 1.000000000000
4 20 60
-0.990406440000 0.027319550000 0.135457460000 -0.110363510000
-0.137034870000 -0.320384150000 -0.937323550000 2.333848930000
0.017791160000 -0.946893680000 0.321054260000 0.521381630000
0.000000000000 0.000000000000 0.000000000000 1.000000000000
4 21 60
0.863468190000 -0.327709930000 0.383443450000 -0.228532100000
0.293181480000 0.944664960000 0.147148690000 0.238095140000
-0.410447680000 -0.014639690000 0.911766630000 -0.720024090000
0.000000000000 0.000000000000 0.000000000000 1.000000000000
4 22 60
0.448820330000 0.269982820000 -0.851862420000 2.249328850000
0.835829960000 0.210419450000 0.507062060000 -1.290067130000
0.316146470000 -0.939591900000 -0.131219200000 2.917596940000
0.000000000000 0.000000000000 0.000000000000 1.000000000000
4 23 60
0.733258560000 0.006655950000 -0.679917330000 2.003314410000
0.152565620000 0.972845020000 0.174058310000 0.036381080000
0.662612710000 -0.231361760000 0.712331470000 0.741001080000
0.000000000000 0.000000000000 0.000000000000 1.000000000000
4 24 60
0.903133360000 -0.346042940000 -0.254174000000 0.938466310000
0.428865700000 0.698640160000 0.572692020000 -1.511230660000
-0.020599870000 -0.626223770000 0.779371180000 0.089746100000
0.000000000000 0.000000000000 0.000000000000 1.000000000000
4 25 60
0.869397640000 0.062402610000 -0.490156780000 1.623460360000
0.008583610000 0.989936010000 0.141255130000 -0.013534400000
0.494038530000 -0.127014190000 0.860112390000 0.353403430000
0.000000000000 0.000000000000 0.000000000000 1.000000000000
4 26 60
0.427252040000 -0.903983820000 0.016399850000 -0.354902670000
-0.835079980000 -0.401508510000 -0.376074910000 1.009294600000
0.346550310000 0.146983590000 -0.926444120000 4.236388400000
0.000000000000 0.000000000000 0.000000000000 1.000000000000
4 27 60
0.146576660000 0.908539270000 -0.391243760000 1.560404710000
0.962259460000 -0.222634630000 -0.156494580000 0.252865340000
-0.229285890000 -0.353539560000 -0.906883550000 4.983605260000
0.000000000000 0.000000000000 0.000000000000 1.000000000000
4 28 60
0.973953010000 -0.205956950000 -0.094853930000 0.906965880000
0.214188670000 0.972933770000 0.086735720000 0.179712140000
0.074422770000 -0.104793150000 0.991705420000 -0.385316370000
0.000000000000 0.000000000000 0.000000000000 1.000000000000
4 29 60
0.174036740000 0.934585600000 -0.310259510000 1.060803970000
-0.451871780000 0.355731640000 0.818087340000 -1.738187700000
0.874941770000 -0.002179740000 0.484223230000 1.126414640000
0.000000000000 0.000000000000 0.000000000000 1.000000000000
4 30 60
0.959118710000 0.117839460000 -0.257303650000 0.919365760000
-0.030619060000 0.947058610000 0.319597350000 -0.850266820000
0.281342820000 -0.298653400000 0.911949760000 0.895083450000
0.000000000000 0.000000000000 0.000000000000 1.000000000000
4 31 60
-0.142732780000 -0.855394050000 0.497924060000 -1.110621900000
-0.971057700000 0.023686580000 -0.237667590000 -0.038729410000
0.191505320000 -0.517435950000 -0.834017840000 3.400309420000
0.000000000000 0.000000000000 0.000000000000 1.000000000000
4 32 60
-0.590358990000 -0.597286510000 0.542885880000 -1.555912450000
-0.678818210000 0.003526730000 -0.734297900000 0.837301530000
0.436671620000 -0.802020190000 -0.407531000000 3.392009430000
0.000000000000 0.000000000000 0.000000000000 1.000000000000
4 33 60
0.758537300000 0.559446900000 -0.334126210000 1.424519030000
-0.590749380000 0.806796320000 0.009739620000 0.125611530000
0.275020590000 0.189996990000 0.942478020000 0.255785150000
0.000000000000 0.000000000000 0.000000000000 1.000000000000
4 34 60
0.818260130000 -0.297447730000 -0.491909760000 0.700418030000
-0.195712680000 -0.948749720000 0.248134080000 -0.750845510000
-0.540506170000 -0.106765240000 -0.834538360000 3.640423510000
0.000000000000 0.000000000000 0.000000000000 1.000000000000
4 35 60
0.245624050000 -0.350802470000 0.903662800000 -1.852117620000
-0.792477080000 -0.609532500000 -0.021218180000 -0.452916600000
0.558255230000 -0.710920360000 -0.427718760000 3.768953700000
0.000000000000 0.000000000000 0.000000000000 1.000000000000
4 36 60
-0.559112920000 0.042004260000 -0.828026800000 2.546566870000
0.296976700000 0.942594050000 -0.152713100000 0.356068960000
0.774078540000 -0.331288530000 -0.539490800000 3.492697790000
0.000000000000 0.000000000000 0.000000000000 1.000000000000
4 37 60
0.650029380000 0.073697120000 0.756327000000 -1.382212030000
0.268147890000 -0.953507490000 -0.137550620000 0.077289650000
0.711026380000 0.292219430000 -0.639569620000 4.017306430000
0.000000000000 0.000000000000 0.000000000000 1.000000000000
4 39 60
-0.979978950000 0.145339190000 -0.136080030000 0.433810930000
0.092754850000 -0.271508790000 -0.957955900000 1.941101410000
-0.176175460000 -0.951398710000 0.252591980000 0.783544420000
0.000000000000 0.000000000000 0.000000000000 1.000000000000
4 40 60
0.588585110000 0.707339210000 0.391457290000 -0.862064820000
-0.504676600000 0.699760490000 -0.505605360000 1.503160260000
-0.631560840000 0.100032450000 0.768846160000 0.460212140000
0.000000000000 0.000000000000 0.000000000000 1.000000000000
4 41 60
0.827552600000 -0.213792230000 0.519085330000 -1.482067310000
-0.321402150000 -0.938543500000 0.125844210000 -0.418189650000
0.460279640000 -0.270977840000 -0.845407390000 4.288820990000
0.000000000000 0.000000000000 0.000000000000 1.000000000000
4 42 60
0.846858420000 0.301994570000 0.437755750000 -1.172454330000
0.136014880000 0.672764340000 -0.727246930000 1.411333100000
-0.514131080000 0.675416480000 0.528660390000 1.094376330000
0.000000000000 0.000000000000 0.000000000000 1.000000000000
4 43 60
-0.854298510000 -0.439374690000 -0.277711980000 0.444532960000
0.218812920000 -0.788636410000 0.574607280000 -1.405712630000
-0.471481670000 0.430119170000 0.769871760000 1.201820300000
0.000000000000 0.000000000000 0.000000000000 1.000000000000
4 44 60
0.928792200000 0.364929050000 -0.064589860000 0.239710610000
-0.369829240000 0.923914340000 -0.098023580000 -0.041712120000
0.023903850000 0.114930750000 0.993085860000 0.461687810000
0.000000000000 0.000000000000 0.000000000000 1.000000000000
4 45 60
0.972880040000 0.227525010000 -0.041675000000 -0.374295610000
0.223388220000 -0.970933330000 -0.085942880000 -0.098473140000
-0.060017800000 0.074302410000 -0.995428060000 3.909055740000
0.000000000000 0.000000000000 0.000000000000 1.000000000000
4 46 60
0.955287820000 -0.145566010000 0.257363010000 -0.143298590000
0.160453600000 0.986322900000 -0.037706580000 -0.376806810000
-0.248354230000 0.077315460000 0.965578840000 0.989855190000
0.000000000000 0.000000000000 0.000000000000 1.000000000000
4 47 60
0.874267830000 -0.190341490000 0.446571250000 -0.361592230000
0.223705410000 0.974393800000 -0.022641130000 -0.499910680000
-0.430826710000 0.119694820000 0.894461570000 1.227952780000
0.000000000000 0.000000000000 0.000000000000 1.000000000000
4 48 60
-0.473710190000 -0.879117530000 -0.052450260000 -0.283156290000
0.745319320000 -0.431915080000 0.507886280000 -0.974796760000
-0.469145790000 0.201498710000 0.859825850000 1.314271100000
0.000000000000 0.000000000000 0.000000000000 1.000000000000
4 49 60
0.856925060000 -0.216513390000 0.467762110000 -0.564913960000
-0.114369790000 -0.964746480000 -0.237031160000 0.308527750000
0.502592270000 0.149620090000 -0.851478030000 3.420046940000
0.000000000000 0.000000000000 0.000000000000 1.000000000000
4 50 60
-0.841015000000 -0.053823950000 -0.538327740000 0.655774540000
0.030370930000 0.988772650000 -0.146308750000 0.307723520000
0.540158660000 -0.139397370000 -0.829937950000 3.155471660000
0.000000000000 0.000000000000 0.000000000000 1.000000000000
4 51 60
0.933087170000 -0.177159130000 0.312990380000 0.352223680000
0.319617030000 0.807490820000 -0.495785780000 -0.098764220000
-0.164903880000 0.562648400000 0.810082390000 1.656158070000
0.000000000000 0.000000000000 0.000000000000 1.000000000000
4 52 60
-0.922976930000 0.026508180000 -0.383941290000 1.039867400000
-0.063681020000 0.973353780000 0.220288770000 -0.612194010000
0.379550160000 0.227771220000 -0.896695010000 3.425451270000
0.000000000000 0.000000000000 0.000000000000 1.000000000000
4 53 60
0.658363780000 0.413789320000 0.628757130000 -1.465701990000
-0.350481420000 0.907779820000 -0.230431290000 0.532304400000
-0.666123040000 -0.068660080000 0.742674820000 1.658805780000
0.000000000000 0.000000000000 0.000000000000 1.000000000000
4 54 60
0.598885920000 0.474350590000 0.645234200000 -2.225295180000
-0.424861570000 0.871163830000 -0.246102060000 0.920557610000
-0.678843350000 -0.126748150000 0.723261090000 0.525028030000
0.000000000000 0.000000000000 0.000000000000 1.000000000000
4 55 60
0.666826900000 -0.744516190000 0.032210670000 -0.456835780000
0.745173200000 0.666613150000 -0.018542190000 0.280420930000
-0.007667100000 0.036366950000 0.999309090000 -0.754439780000
0.000000000000 0.000000000000 0.000000000000 1.000000000000
4 56 60
0.381895850000 0.371603520000 -0.846207060000 2.581351640000
-0.799025770000 0.592881810000 -0.100244570000 0.114522170000
0.464449540000 0.714424240000 0.523339890000 1.606927720000
0.000000000000 0.000000000000 0.000000000000 1.000000000000
4 57 60
-0.267974540000 -0.336660580000 0.902690040000 -2.668802950000
0.932465670000 -0.326251680000 0.155137400000 -0.333192270000
0.242275490000 0.883300340000 0.401351570000 2.088208580000
0.000000000000 0.000000000000 0.000000000000 1.000000000000
4 58 60
-0.088300020000 0.414069830000 -0.905952140000 2.809005970000
0.779219970000 0.595274060000 0.196125030000 0.477156540000
0.620499270000 -0.688618160000 -0.375214200000 3.611583600000
0.000000000000 0.000000000000 0.000000000000 1.000000000000
5 7 60
0.968750860000 0.247998360000 0.004310560000 0.666736250000
-0.247002490000 0.962984650000 0.107936720000 0.145817640000
0.022617120000 -0.105628510000 0.994148420000 -0.106564510000
0.000000000000 0.000000000000 0.000000000000 1.000000000000
5 8 60
0.998300440000 0.056532080000 -0.014155030000 0.518231310000
-0.052651310000 0.979036740000 0.196761020000 0.108679890000
0.024981610000 -0.195681330000 0.980349290000 0.004555420000
0.000000000000 0.000000000000 0.000000000000 1.000000000000
5 9 60
0.884975010000 0.465549090000 -0.009125840000 0.201016130000
-0.462862650000 0.881667140000 0.091767200000 -0.331064830000
0.050768090000 -0.076987670000 0.995738670000 0.138438650000
0.000000000000 0.000000000000 0.000000000000 1.000000000000
5 10 60
0.971067510000 0.127166770000 -0.202129900000 0.547050750000
-0.104574240000 0.987394700000 0.118810470000 -0.107728560000
0.214690740000 -0.094235410000 0.972125290000 -0.047945660000
0.000000000000 0.000000000000 0.000000000000 1.000000000000
5 11 60
0.988061480000 0.038273110000 -0.149230300000 0.342068700000
-0.031195430000 0.998287610000 0.049484360000 0.089504830000
0.150868680000 -0.044238290000 0.987563470000 0.149482700000
0.000000000000 0.000000000000 0.000000000000 1.000000000000
5 12 60
-0.945619850000 -0.191639560000 0.262825760000 -1.023054240000
-0.322576230000 0.448656010000 -0.833458070000 1.641350630000
0.041805180000 -0.872915840000 -0.486076390000 3.062423010000
0.000000000000 0.000000000000 0.000000000000 1.000000000000
5 13 60
-0.973689340000 0.060230600000 -0.219775680000 0.585608530000
0.111060100000 0.967571950000 -0.226870400000 0.222818470000
0.198984240000 -0.245309600000 -0.948803710000 4.496336090000
0.000000000000 0.000000000000 0.000000000000 1.000000000000
5 14 60
0.821659210000 0.526627470000 -0.218035870000 1.042609700000
-0.568726830000 0.782840440000 -0.252409660000 0.347466760000
0.037761440000 0.331397570000 0.942735240000 0.831611770000
0.000000000000 0.000000000000 0.000000000000 1.000000000000
5 15 60
0.818003540000 -0.546191490000 -0.180402520000 -0.356377450000
0.574493600000 0.791443130000 0.208745960000 -0.461558880000
0.028763070000 -0.274395020000 0.961186800000 0.603941110000
0.000000000000 0.000000000000 0.000000000000 1.000000000000
5 16 60
0.605671810000 0.437871690000 0.664402020000 -1.504024690000
-0.448598000000 0.877534200000 -0.169391750000 0.885792890000
-0.657207340000 -0.195453610000 0.727926090000 0.965194120000
0.000000000000 0.000000000000 0.000000000000 1.000000000000
5 18 60
0.862547080000 0.226917140000 0.452240140000 -1.022438120000
-0.221236370000 0.972968010000 -0.066239870000 0.333398020000
-0.455046150000 -0.042916960000 0.889433040000 0.097951450000
0.000000000000 0.000000000000 0.000000000000 1.000000000000
5 19 60
0.896885090000 -0.299810330000 0.325132120000 -0.962533690000
0.305718810000 0.951511950000 0.034073750000 -0.037964470000
-0.319582760000 0.068838770000 0.945054540000 0.198431020000
0.000000000000 0.000000000000 0.000000000000 1.000000000000
5 20 60
0.283940560000 0.573536550000 -0.768396760000 2.005283190000
0.944689700000 -0.304511460000 0.121795500000 -0.846303400000
-0.164131450000 -0.760479190000 -0.628277230000 3.858178620000
0.000000000000 0.000000000000 0.000000000000 1.000000000000
5 21 60
0.589559390000 -0.796930010000 -0.131614170000 -0.170017940000
0.725307300000 0.450620280000 0.520452390000 -1.636285300000
-0.355456110000 -0.402298310000 0.843686560000 -0.723360860000
0.000000000000 0.000000000000 0.000000000000 1.000000000000
5 22 60
0.861773640000 -0.496476570000 0.104197960000 0.405124580000
0.350631400000 0.731380280000 0.584927780000 -1.494590160000
-0.366611270000 -0.467540260000 0.804364520000 -0.533262750000
0.000000000000 0.000000000000 0.000000000000 1.000000000000
5 24 60
0.873718570000 -0.425215370000 -0.236236640000 1.743013600000
0.462813240000 0.876171070000 0.134640880000 -0.290294130000
0.149732340000 -0.226971680000 0.962322230000 0.054714470000
0.000000000000 0.000000000000 0.000000000000 1.000000000000
5 25 60
-0.356102010000 0.925264920000 0.130675860000 -0.335865170000
0.587593510000 0.330457340000 -0.738601250000 2.257432040000
-0.726584630000 -0.186233100000 -0.661356190000 3.766642110000
0.000000000000 0.000000000000 0.000000000000 1.000000000000
5 26 60
0.609249570000 0.328726120000 -0.721632940000 2.337012490000
-0.295051260000 0.938662200000 0.178488150000 -0.442269780000
0.736043280000 0.104174880000 0.668870600000 0.899933820000
0.000000000000 0.000000000000 0.000000000000 1.000000000000
5 27 60
0.127391890000 -0.762021740000 0.634896980000 -1.827388400000
-0.707546860000 0.378771500000 0.596581590000 -1.282113540000
-0.695089020000 -0.525219020000 -0.490913670000 4.050538880000
0.000000000000 0.000000000000 0.000000000000 1.000000000000
5 28 60
0.993602740000 -0.024553610000 -0.110230270000 -0.063177670000
0.037049940000 0.992927760000 0.112790830000 -0.286053050000
0.106681280000 -0.116153300000 0.987485450000 -0.186801550000
0.000000000000 0.000000000000 0.000000000000 1.000000000000
5 29 60
0.751364070000 0.656165180000 -0.069995000000 0.511868430000
-0.567980340000 0.697065580000 0.437604750000 -1.467293450000
0.335932100000 -0.289044700000 0.896438950000 0.734999690000
0.000000000000 0.000000000000 0.000000000000 1.000000000000
5 30 60
0.520361810000 -0.778884100000 -0.350090200000 0.598030920000
0.740458320000 0.615763130000 -0.269364530000 0.404049950000
0.425376390000 -0.119060190000 0.897150820000 1.049097120000
0.000000000000 0.000000000000 0.000000000000 1.000000000000
5 31 60
0.730408740000 0.274904150000 -0.625244570000 1.646946350000
0.361138720000 -0.932436010000 0.011912690000 0.042977080000
-0.579725700000 -0.234501160000 -0.780337950000 3.802784510000
0.000000000000 0.000000000000 0.000000000000 1.000000000000
5 32 60
-0.782255500000 0.539394850000 -0.311656120000 0.303895480000
-0.195021680000 0.263095670000 0.944853010000 -2.177632960000
0.591644220000 0.799896160000 -0.100614350000 2.654060690000
0.000000000000 0.000000000000 0.000000000000 1.000000000000
5 33 60
0.843664650000 0.319833580000 -0.431203490000 1.117087510000
-0.526868660000 0.647551260000 -0.550533170000 1.329669370000
0.103147370000 0.691652980000 0.714826400000 1.318121570000
0.000000000000 0.000000000000 0.000000000000 1.000000000000
5 34 60
-0.880036390000 -0.251997470000 0.402533510000 -1.167214600000
0.262442450000 0.448366910000 0.854453670000 -1.908142810000
-0.395802870000 0.857592200000 -0.328444360000 3.147011870000
0.000000000000 0.000000000000 0.000000000000 1.000000000000
5 35 60
-0.119437600000 0.509722710000 -0.852007870000 2.107115880000
0.390834740000 -0.764724670000 -0.512293260000 0.558587410000
-0.912678950000 -0.394181350000 -0.107880470000 1.806496640000
0.000000000000 0.000000000000 0.000000000000 1.000000000000
5 36 60
0.605719780000 0.789397110000 0.099778520000 0.064778320000
-0.782323740000 0.567974010000 0.255685520000 -0.210607820000
0.145165810000 -0.232932880000 0.961597190000 -0.563898400000
0.000000000000 0.000000000000 0.000000000000 1.000000000000
5 37 60
0.739770980000 0.197507670000 0.643218170000 -1.600643620000
0.031140290000 -0.964973740000 0.260491770000 -1.544032370000
0.672137770000 -0.172674250000 -0.720010020000 4.169677270000
0.000000000000 0.000000000000 0.000000000000 1.000000000000
5 40 60
-0.240385360000 -0.958503320000 -0.153252270000 0.564577690000
0.562640300000 -0.008934730000 -0.826653530000 2.160981920000
0.790980890000 -0.284941310000 0.541440370000 0.282627600000
0.000000000000 0.000000000000 0.000000000000 1.000000000000
5 41 60
0.326495010000 -0.830693170000 0.450943320000 -1.079452640000
0.087002040000 0.501474830000 0.860786640000 -2.437866310000
-0.941186300000 -0.241809550000 0.236001030000 1.930269740000
0.000000000000 0.000000000000 0.000000000000 1.000000000000
5 42 60
0.664065560000 0.720138810000 -0.201039870000 0.242755370000
-0.668515900000 0.692303050000 0.271667040000 -0.512909640000
0.334818500000 -0.046006370000 0.941158850000 -0.205577580000
0.000000000000 0.000000000000 0.000000000000 1.000000000000
5 43 60
0.574243260000 0.784126140000 -0.235352680000 0.919753070000
-0.774902620000 0.613341450000 0.152768430000 0.029273100000
0.264141280000 0.094649160000 0.959828590000 0.236787450000
0.000000000000 0.000000000000 0.000000000000 1.000000000000
5 44 60
0.874004870000 -0.475035530000 0.102258130000 -1.005234970000
-0.465244590000 -0.878811190000 -0.106011160000 -0.185061580000
0.140224660000 0.045079230000 -0.989092970000 4.255516620000
0.000000000000 0.000000000000 0.000000000000 1.000000000000
5 45 60
-0.839655680000 0.476904330000 -0.259885750000 1.281224900000
-0.537338900000 -0.799067140000 0.269738050000 -0.672576820000
-0.079026920000 0.366133810000 0.927200510000 1.155005730000
0.000000000000 0.000000000000 0.000000000000 1.000000000000
5 46 60
0.966860240000 -0.229497210000 -0.111858460000 -0.404341750000
-0.234551710000 -0.971503140000 -0.034163360000 -0.145075220000
-0.100830450000 0.059267790000 -0.993136720000 3.970196760000
0.000000000000 0.000000000000 0.000000000000 1.000000000000
5 47 60
0.970681640000 -0.198860650000 0.135024450000 -0.484683110000
-0.054042900000 -0.727911040000 -0.683538500000 0.451993480000
0.234214700000 0.656201160000 -0.717316880000 3.642611620000
0.000000000000 0.000000000000 0.000000000000 1.000000000000
5 48 60
-0.748692140000 -0.264568290000 -0.607835260000 1.378011170000
0.043780000000 -0.934640340000 0.352889130000 -0.853632970000
-0.661470630000 0.237594290000 0.711340680000 1.775667160000
0.000000000000 0.000000000000 0.000000000000 1.000000000000
5 49 60
0.773290290000 0.238573420000 0.587456250000 -0.884011840000
-0.238886550000 0.967860740000 -0.078605330000 -0.404886870000
-0.587328990000 -0.079550650000 0.805429300000 1.583049470000
0.000000000000 0.000000000000 0.000000000000 1.000000000000
5 50 60
0.901357960000 -0.008474290000 0.432991940000 -0.073377920000
-0.325933570000 -0.671622170000 0.665350260000 -1.212956360000
0.285168620000 -0.740845360000 -0.608134040000 3.273019430000
0.000000000000 0.000000000000 0.000000000000 1.000000000000
5 51 60
0.863201920000 0.426305950000 -0.270454600000 1.058669650000
0.490968770000 -0.584043680000 0.646407490000 -1.194693040000
0.117610060000 -0.690764950000 -0.713450530000 3.293706620000
0.000000000000 0.000000000000 0.000000000000 1.000000000000
5 52 60
0.903698120000 -0.063537450000 0.423429690000 -0.582656370000
0.047070280000 0.997676880000 0.049246720000 -0.528079670000
-0.425575020000 -0.024573220000 0.904589440000 1.698951610000
0.000000000000 0.000000000000 0.000000000000 1.000000000000
5 53 60
-0.527078990000 0.506477520000 -0.682398900000 1.435362970000
0.835446450000 0.455863560000 -0.306948950000 -0.171096470000
0.155618050000 -0.731894070000 -0.663410950000 3.259015820000
0.000000000000 0.000000000000 0.000000000000 1.000000000000
5 54 60
0.560487962000 0.043441612100 0.827022413000 -2.062420130000
0.000835079923 -0.998652405000 0.051890997800 -0.520493711000
0.828162150000 -0.028393649800 -0.559768928000 3.629782400000
0.000000000000 0.000000000000 0.000000000000 1.000000000000
5 55 60
0.829965120000 -0.556353720000 -0.040353890000 0.233711240000
0.557108130000 0.823099480000 0.110171590000 -0.233134720000
-0.028079110000 -0.113920060000 0.993093040000 -0.675864020000
0.000000000000 0.000000000000 0.000000000000 1.000000000000
5 56 60
-0.838750980000 0.235281470000 0.491059480000 -1.074075590000
-0.541943750000 -0.273166860000 -0.794781000000 1.523966550000
-0.052856060000 -0.932749960000 0.356628300000 0.543066870000
0.000000000000 0.000000000000 0.000000000000 1.000000000000
5 57 60
-0.356222060000 -0.352844770000 0.865220440000 -2.054283890000
0.829107870000 -0.546378410000 0.118535970000 -0.151728370000
0.430912970000 0.759586210000 0.487178420000 1.897482780000
0.000000000000 0.000000000000 0.000000000000 1.000000000000
5 58 60
0.053522280000 -0.573248480000 0.817631670000 -2.245469560000
-0.910469270000 0.308258250000 0.275721900000 -1.277516140000
-0.410098870000 -0.759185770000 -0.505426440000 3.213108370000
0.000000000000 0.000000000000 0.000000000000 1.000000000000
6 8 60
-0.953990240000 -0.298920500000 0.023434150000 -0.136695290000
0.188270400000 -0.658013520000 -0.729090160000 0.993382350000
0.233359980000 -0.691132940000 0.684016360000 0.339450160000
0.000000000000 0.000000000000 0.000000000000 1.000000000000
6 9 60
-0.850459670000 -0.525929790000 0.010780110000 -0.127733420000
-0.524443310000 0.846104180000 -0.095220450000 -0.074328440000
0.040958180000 -0.086634700000 -0.995397840000 5.107878280000
0.000000000000 0.000000000000 0.000000000000 1.000000000000
6 10 60
-0.246012200000 -0.929807530000 -0.273744330000 0.286063660000
-0.819077190000 0.350438190000 -0.454208800000 1.314809260000
0.518257230000 0.112476830000 -0.847796200000 4.189664990000
0.000000000000 0.000000000000 0.000000000000 1.000000000000
6 11 60
0.965359600000 -0.196539440000 -0.171619040000 1.120363620000
0.217827560000 0.969138690000 0.115418180000 -0.149270320000
0.143638430000 -0.148803410000 0.978379040000 -0.028382680000
0.000000000000 0.000000000000 0.000000000000 1.000000000000
6 12 60
0.667491800000 0.626187100000 -0.402919870000 1.483217630000
-0.689515900000 0.724071450000 -0.016981080000 -0.599638970000
0.281109440000 0.289154380000 0.915077720000 0.671432450000
0.000000000000 0.000000000000 0.000000000000 1.000000000000
6 13 60
-0.865115800000 -0.492387660000 0.095546080000 -0.225612330000
-0.496704450000 0.814557120000 -0.299635440000 0.265400260000
0.069709050000 -0.306677510000 -0.949257370000 4.457224430000
0.000000000000 0.000000000000 0.000000000000 1.000000000000
6 14 60
-0.521573690000 -0.841567050000 0.140448510000 0.256598690000
0.581029710000 -0.229800250000 0.780766490000 -1.845293400000
-0.624792250000 0.488832020000 0.608833230000 1.241363970000
0.000000000000 0.000000000000 0.000000000000 1.000000000000
6 15 60
0.984336350000 0.012003640000 0.175891600000 -0.608418260000
-0.039812550000 0.987042520000 0.155441400000 -0.263511640000
-0.171746630000 -0.160009310000 0.972059730000 0.643592190000
0.000000000000 0.000000000000 0.000000000000 1.000000000000
6 16 60
0.588575130000 0.394523700000 0.705641810000 -1.292155620000
-0.329115340000 0.914169160000 -0.236596380000 0.756694260000
-0.738418860000 -0.092982800000 0.667901030000 1.080934170000
0.000000000000 0.000000000000 0.000000000000 1.000000000000
6 17 60
-0.738598740000 0.218265160000 -0.637834010000 1.269071080000
0.365006420000 0.924932580000 -0.106160410000 0.046902190000
0.566782340000 -0.311223450000 -0.762822220000 4.843954590000
0.000000000000 0.000000000000 0.000000000000 1.000000000000
6 18 60
0.810066760000 -0.294508160000 0.507007680000 -1.415660890000
0.273174190000 0.954688350000 0.118093230000 -0.455943540000
-0.518813750000 0.042838020000 0.853813330000 0.298418380000
0.000000000000 0.000000000000 0.000000000000 1.000000000000
6 19 60
0.953192930000 -0.192090180000 0.233505020000 -0.616716690000
0.188602900000 0.981341340000 0.037391420000 -0.159507980000
-0.236330650000 0.008398490000 0.971636400000 -0.047082670000
0.000000000000 0.000000000000 0.000000000000 1.000000000000
6 20 60
0.938161090000 -0.215196990000 0.271190030000 -0.162687540000
0.179168110000 0.972075610000 0.151551280000 -0.225051950000
-0.296230600000 -0.093590910000 0.950519950000 -0.720645280000
0.000000000000 0.000000000000 0.000000000000 1.000000000000
6 21 60
-0.971843460000 -0.161561410000 0.171517360000 -0.588460420000
0.004387840000 -0.740200260000 -0.672372160000 1.375508650000
0.235586590000 -0.652687900000 0.720067680000 0.067375480000
0.000000000000 0.000000000000 0.000000000000 1.000000000000
6 22 60
0.748744940000 -0.102597960000 0.654869970000 -1.083981060000
-0.140887960000 0.940742860000 0.308469550000 -0.981288330000
-0.647712590000 -0.323228310000 0.689921630000 -0.296115840000
0.000000000000 0.000000000000 0.000000000000 1.000000000000
6 23 60
-0.790794180000 -0.306262310000 -0.529950910000 1.254817490000
0.612038130000 -0.385269770000 -0.690634870000 1.605862580000
0.007341360000 -0.870500200000 0.492113300000 0.570684270000
0.000000000000 0.000000000000 0.000000000000 1.000000000000
6 24 60
-0.900807280000 -0.374768480000 -0.219305330000 0.488977460000
0.416327450000 -0.601954250000 -0.681412160000 1.565085470000
0.123360020000 -0.705123860000 0.698271180000 0.629665400000
0.000000000000 0.000000000000 0.000000000000 1.000000000000
6 25 60
0.592855490000 0.755003747000 -0.280163720000 1.402988180000
-0.174084339000 -0.219517704000 -0.959951364000 1.856974680000
-0.786267773000 0.617884552000 0.001292052280 2.303741230000
0.000000000000 0.000000000000 0.000000000000 1.000000000000
6 26 60
0.543721260000 0.401819970000 -0.736822840000 1.804691020000
-0.267410870000 0.915124610000 0.301725670000 -0.796519130000
0.795524120000 0.032979780000 0.605023730000 0.960701160000
0.000000000000 0.000000000000 0.000000000000 1.000000000000
6 27 60
0.496067310000 0.790372350000 -0.359484020000 1.501537220000
0.335563720000 -0.556360100000 -0.760171320000 1.636534030000
-0.800820960000 0.256466350000 -0.541212350000 3.836947870000
0.000000000000 0.000000000000 0.000000000000 1.000000000000
6 28 60
0.497232720000 -0.811471520000 -0.307040040000 0.702148190000
0.846080370000 0.375151060000 0.378694720000 -1.227723540000
-0.192113580000 -0.448079960000 0.873107510000 -0.011212150000
0.000000000000 0.000000000000 0.000000000000 1.000000000000
6 29 60
0.819420450000 -0.238139470000 -0.521382510000 1.694558780000
0.206596610000 0.971176380000 -0.118887660000 -0.415889450000
0.534666220000 -0.010296880000 0.845000590000 0.796821700000
0.000000000000 0.000000000000 0.000000000000 1.000000000000
6 30 60
-0.761450170000 -0.519199110000 0.388105550000 -0.927127890000
-0.630274260000 0.453083400000 -0.630452060000 0.520386380000
0.151485970000 -0.724670760000 -0.672238270000 3.439613790000
0.000000000000 0.000000000000 0.000000000000 1.000000000000
6 31 60
-0.756476335000 0.648542762000 -0.084473896700 0.000421801099
-0.477310321000 -0.459157677000 0.749232330000 -1.469464340000
0.447122367000 0.607096790000 0.656898071000 1.613779790000
0.000000000000 0.000000000000 0.000000000000 1.000000000000
6 32 60
0.780464780000 0.398827450000 -0.481467960000 1.504918500000
-0.468427240000 0.883063540000 -0.027833600000 -0.437678050000
0.414066000000 0.247255850000 0.876021630000 0.749459780000
0.000000000000 0.000000000000 0.000000000000 1.000000000000
6 33 60
-0.720935360000 0.022365650000 -0.692641310000 1.136854800000
-0.643803660000 0.348255260000 0.681348020000 -1.633355170000
0.256454770000 0.937132890000 -0.236670440000 2.795547510000
0.000000000000 0.000000000000 0.000000000000 1.000000000000
6 35 60
0.090246770000 -0.973205730000 -0.211485530000 0.561199230000
0.870057180000 0.180375030000 -0.458765030000 1.688053040000
0.484619470000 -0.142602440000 0.863022890000 0.177506070000
0.000000000000 0.000000000000 0.000000000000 1.000000000000
6 36 60
0.931363230000 -0.209700140000 0.297638010000 -0.416283450000
0.117000070000 0.946501840000 0.300741160000 -0.586098400000
-0.344780380000 -0.245275590000 0.906071950000 0.256879980000
0.000000000000 0.000000000000 0.000000000000 1.000000000000
6 37 60
0.732909670000 -0.186095940000 0.654378870000 -0.925604820000
0.379194200000 -0.686856130000 -0.620032590000 0.927320900000
0.564849690000 0.702564560000 -0.432837010000 3.313463050000
0.000000000000 0.000000000000 0.000000000000 1.000000000000
6 38 60
-0.849471420000 0.511263550000 -0.130414310000 0.924890690000
0.056706080000 0.334198220000 0.940795390000 -2.029544170000
0.524578630000 0.791783510000 -0.312883590000 2.577676000000
0.000000000000 0.000000000000 0.000000000000 1.000000000000
6 39 60
0.872119170000 -0.314286270000 0.375009730000 -1.240262460000
0.193260430000 0.925373960000 0.326088080000 -0.517262880000
-0.449509240000 -0.211913120000 0.867775470000 -0.139018550000
0.000000000000 0.000000000000 0.000000000000 1.000000000000
6 40 60
-0.095006790000 -0.974516060000 0.203204700000 -0.057159110000
0.185574750000 -0.217887850000 -0.958168510000 2.535376820000
0.978026440000 -0.053322850000 0.201546400000 0.711903230000
0.000000000000 0.000000000000 0.000000000000 1.000000000000
6 41 60
0.676109670000 0.673133700000 -0.299610970000 0.015839640000
-0.371839100000 0.662782030000 0.649965890000 -1.893805560000
0.636090710000 -0.328041150000 0.698410780000 -0.635303000000
0.000000000000 0.000000000000 0.000000000000 1.000000000000
6 42 60
0.889841130000 -0.219215790000 -0.400158980000 1.186092240000
0.062996270000 0.927649430000 -0.368100520000 0.854548160000
0.451900700000 0.302342460000 0.839270390000 0.103903070000
0.000000000000 0.000000000000 0.000000000000 1.000000000000
6 43 60
0.899447490000 -0.228478880000 -0.372547460000 0.678172050000
-0.027183570000 0.821555630000 -0.569479940000 0.870336440000
0.436182600000 0.522344470000 0.732735280000 0.653256850000
0.000000000000 0.000000000000 0.000000000000 1.000000000000
6 44 60
-0.996132810000 0.080458540000 0.035296510000 -0.037493970000
0.036858400000 0.747359500000 -0.663396740000 0.662582900000
-0.079755120000 -0.659530290000 -0.747434890000 3.861425950000
0.000000000000 0.000000000000 0.000000000000 1.000000000000
6 45 60
0.617684590000 -0.758569450000 -0.207456340000 0.729072380000
0.686638070000 0.648810640000 -0.327983100000 0.201325610000
0.383397840000 0.060142680000 0.921623000000 1.061207050000
0.000000000000 0.000000000000 0.000000000000 1.000000000000
6 46 60
0.943405410000 0.274009890000 0.186828280000 -0.280931720000
-0.214430760000 0.933727790000 -0.286656350000 -0.080135240000
-0.252993440000 0.230371420000 0.939640000000 1.216407360000
0.000000000000 0.000000000000 0.000000000000 1.000000000000
6 47 60
-0.679606510000 0.252891180000 -0.688608050000 1.451455710000
-0.680136520000 -0.568937350000 0.462303590000 -0.736639470000
-0.274862340000 0.782532010000 0.558654050000 1.880385610000
0.000000000000 0.000000000000 0.000000000000 1.000000000000
6 48 60
0.879805800000 0.018805030000 0.474961190000 -1.453166470000
0.262945740000 -0.851662790000 -0.453354190000 -0.100115020000
0.395981440000 0.523752670000 -0.754242560000 3.497205100000
0.000000000000 0.000000000000 0.000000000000 1.000000000000
6 49 60
0.823183220000 0.056676300000 0.564939980000 -1.132508390000
-0.064972950000 0.997872220000 -0.005436100000 -0.704154530000
-0.564046010000 -0.032230910000 0.825114090000 1.547630380000
0.000000000000 0.000000000000 0.000000000000 1.000000000000
6 50 60
-0.457285220000 0.281633280000 -0.843547820000 1.307465660000
-0.606454980000 -0.792525040000 0.064159350000 -0.383160140000
-0.650463360000 0.540912900000 0.533207890000 2.139332360000
0.000000000000 0.000000000000 0.000000000000 1.000000000000
6 51 60
-0.960412750000 0.196102540000 -0.197866480000 0.745802700000
0.214073630000 0.974030830000 -0.073732140000 -0.485984980000
0.178268990000 -0.113171280000 -0.977452010000 3.465374490000
0.000000000000 0.000000000000 0.000000000000 1.000000000000
6 52 60
-0.923313290000 0.008180790000 -0.383960470000 1.515663590000
-0.013535780000 0.998458740000 0.053823130000 -0.517270800000
0.383809000000 0.054892810000 -0.921779490000 3.443078370000
0.000000000000 0.000000000000 0.000000000000 1.000000000000
6 53 60
-0.751550900000 0.176439100000 -0.635641800000 2.244087620000
-0.443567110000 0.578058030000 0.684906660000 -1.334970750000
0.488282160000 0.796692010000 -0.356177450000 3.151420150000
0.000000000000 0.000000000000 0.000000000000 1.000000000000
6 54 60
0.057152830000 -0.990291940000 -0.126710040000 0.466048000000
0.584656190000 0.136076920000 -0.799787600000 1.427721110000
0.809265530000 -0.028371690000 0.586757490000 0.106295490000
0.000000000000 0.000000000000 0.000000000000 1.000000000000
6 55 60
0.936523090000 -0.338824620000 0.090124200000 0.136581300000
0.309323140000 0.919500320000 0.242566190000 -0.701749770000
-0.165056630000 -0.199291340000 0.965939580000 -0.718529070000
0.000000000000 0.000000000000 0.000000000000 1.000000000000
6 56 60
-0.886834030000 0.424855220000 0.181723520000 -0.223175480000
-0.378377770000 -0.441924820000 -0.813346620000 1.374650610000
-0.265246420000 -0.790063600000 0.552669740000 -0.056337140000
0.000000000000 0.000000000000 0.000000000000 1.000000000000
6 57 60
0.398650400000 -0.740727520000 0.540740790000 -1.152054770000
0.841979520000 0.529321390000 0.104352110000 0.414778390000
-0.363522150000 0.413692660000 0.834691580000 -0.232906300000
0.000000000000 0.000000000000 0.000000000000 1.000000000000
6 58 60
-0.205763270000 0.575622980000 -0.791403600000 1.771246720000
0.183984970000 -0.771532240000 -0.609005360000 0.776546620000
-0.961150880000 -0.270917310000 0.052847020000 1.419803450000
0.000000000000 0.000000000000 0.000000000000 1.000000000000
6 59 60
0.382065960000 -0.140197490000 0.913438710000 -1.547012280000
0.218669220000 0.974071400000 0.058040340000 -0.015053160000
-0.897891630000 0.177565690000 0.402816400000 1.065284830000
0.000000000000 0.000000000000 0.000000000000 1.000000000000
7 9 60
0.988950470000 0.145766730000 0.027000660000 0.841374590000
-0.146919900000 0.988018290000 0.047269490000 -0.331725310000
-0.019786820000 -0.050714120000 0.998517180000 0.028518560000
0.000000000000 0.000000000000 0.000000000000 1.000000000000
7 10 60
0.973275000000 0.158139050000 -0.166516740000 0.598634270000
-0.158003970000 0.987337170000 0.014144200000 -0.237879660000
0.166644910000 0.012544110000 0.985937180000 -0.039819920000
0.000000000000 0.000000000000 0.000000000000 1.000000000000
7 11 60
0.990420180000 -0.063996540000 -0.122361370000 0.430089120000
0.071932170000 0.995507220000 0.061572180000 -0.261873070000
0.117871220000 -0.069784050000 0.990573860000 0.124979240000
0.000000000000 0.000000000000 0.000000000000 1.000000000000
7 13 60
-0.748344330000 -0.605842310000 0.270066400000 -0.840760270000
-0.638887260000 0.767807410000 -0.047904680000 -0.257680350000
-0.178336300000 -0.208391180000 -0.961649250000 4.712386510000
0.000000000000 0.000000000000 0.000000000000 1.000000000000
7 14 60
0.979313380000 0.112030980000 -0.168506300000 -0.061537800000
0.032792130000 0.733874210000 0.678493420000 -1.899359510000
0.199674710000 -0.669983360000 0.715019100000 1.054027380000
0.000000000000 0.000000000000 0.000000000000 1.000000000000
7 15 60
-0.745938940000 0.656762610000 0.110625310000 0.317954750000
-0.389431000000 -0.295358840000 -0.872414270000 0.915271400000
-0.540294910000 -0.693848700000 0.476083380000 1.529339970000
0.000000000000 0.000000000000 0.000000000000 1.000000000000
7 16 60
0.318343270000 0.678206110000 0.662339820000 -1.237012650000
0.833250540000 0.132988750000 -0.536663320000 1.005876370000
-0.452052090000 0.722738170000 -0.522779540000 3.639442690000
0.000000000000 0.000000000000 0.000000000000 1.000000000000
7 17 60
0.829275240000 -0.208140840000 0.518632780000 -0.987861700000
0.151131610000 0.976998840000 0.150441040000 -0.344704440000
-0.538016550000 -0.046375220000 0.841657610000 0.149859040000
0.000000000000 0.000000000000 0.000000000000 1.000000000000
7 18 60
-0.859723300000 0.394116840000 -0.324881150000 1.464378460000
0.468871190000 0.356707170000 -0.808034530000 1.868448500000
-0.202572580000 -0.847013520000 -0.491459500000 3.533034020000
0.000000000000 0.000000000000 0.000000000000 1.000000000000
7 19 60
0.998139680000 0.035548810000 -0.049532450000 -0.154343940000
-0.032325940000 0.997399580000 0.064413610000 -0.190754960000
0.051693480000 -0.062692590000 0.996693240000 -0.132618830000
0.000000000000 0.000000000000 0.000000000000 1.000000000000
7 20 60
0.943627050000 -0.094050570000 0.317368060000 -0.543450020000
0.059860600000 0.991463310000 0.115832710000 -0.276940570000
-0.325552920000 -0.090305040000 0.941201520000 -0.592775500000
0.000000000000 0.000000000000 0.000000000000 1.000000000000
7 21 60
0.793490960000 -0.353618780000 0.495303800000 -0.448423120000
0.185156590000 0.915558000000 0.357030220000 -0.560577240000
-0.579731950000 -0.191591490000 0.791961850000 -0.371031930000
0.000000000000 0.000000000000 0.000000000000 1.000000000000
7 22 60
0.327210520000 -0.737906180000 0.590277690000 -1.491170070000
0.276964860000 0.672122260000 0.686689260000 -2.145151180000
-0.903451020000 -0.061205770000 0.424299550000 0.633088820000
0.000000000000 0.000000000000 0.000000000000 1.000000000000
7 23 60
0.510927130000 -0.808898720000 0.290923250000 -0.437632610000
0.582171410000 0.574606590000 0.575242310000 -1.755574960000
-0.632479190000 -0.124539700000 0.764499800000 -0.181000460000
0.000000000000 0.000000000000 0.000000000000 1.000000000000
7 24 60
0.998356910000 -0.023821520000 0.052115330000 0.309556690000
0.022308540000 0.999318080000 0.029422940000 -0.359890910000
-0.052780690000 -0.028211980000 0.998207540000 0.086154270000
0.000000000000 0.000000000000 0.000000000000 1.000000000000
7 25 60
0.875557090000 -0.194453790000 -0.442252760000 1.379457110000
0.186561910000 0.980499660000 -0.061766210000 -0.179615390000
0.445639350000 -0.028427680000 0.894761100000 0.423922580000
0.000000000000 0.000000000000 0.000000000000 1.000000000000
7 26 60
0.821887170000 -0.244091790000 -0.514704460000 1.368695780000
0.059240670000 -0.862021180000 0.503398470000 -1.904183920000
-0.566561580000 -0.444228180000 -0.694023990000 4.362354100000
0.000000000000 0.000000000000 0.000000000000 1.000000000000
7 27 60
0.996493780000 -0.077484500000 0.031564160000 0.148188080000
0.069456090000 0.976450220000 0.204256730000 -0.275309100000
-0.046647560000 -0.201348240000 0.978408350000 -0.807628060000
0.000000000000 0.000000000000 0.000000000000 1.000000000000
7 28 60
0.982800600000 -0.117556240000 -0.142420180000 0.447847910000
-0.184495700000 -0.658527470000 -0.729590920000 1.467247870000
-0.008019640000 0.743318300000 -0.668889820000 3.669290400000
0.000000000000 0.000000000000 0.000000000000 1.000000000000
7 29 60
-0.357094480000 0.916851260000 0.178514140000 -0.117736100000
0.098463210000 0.226998530000 -0.968904880000 1.879495220000
-0.928864110000 -0.328413510000 -0.171336040000 1.984696070000
0.000000000000 0.000000000000 0.000000000000 1.000000000000
7 30 60
-0.825267820000 -0.507092780000 0.248575820000 -0.760158770000
0.558100680000 -0.799613270000 0.221680520000 -0.989270350000
0.086351940000 0.321676130000 0.942903920000 1.077681660000
0.000000000000 0.000000000000 0.000000000000 1.000000000000
7 31 60
0.275838090000 -0.695181310000 0.663804410000 -0.683033420000
-0.680643000000 -0.628895310000 -0.375786910000 0.350831560000
0.678703510000 -0.348157480000 -0.646643570000 3.424985140000
0.000000000000 0.000000000000 0.000000000000 1.000000000000
7 32 60
0.618032970000 -0.660820030000 0.425854590000 -0.756391870000
-0.454620290000 -0.742354480000 -0.492168890000 0.651020380000
0.641370120000 0.110574460000 -0.759221740000 3.482481540000
0.000000000000 0.000000000000 0.000000000000 1.000000000000
7 33 60
0.580961760000 -0.717416240000 0.384444240000 -1.170607040000
0.382048660000 0.657424260000 0.649486080000 -1.163588080000
-0.718694830000 -0.230450170000 0.656026260000 -0.230848020000
0.000000000000 0.000000000000 0.000000000000 1.000000000000
7 34 60
0.896253700000 0.255375740000 -0.362646580000 1.423062240000
-0.240410290000 0.966795080000 0.086661230000 -0.064794760000
0.372736100000 0.009513520000 0.927888620000 0.054208580000
0.000000000000 0.000000000000 0.000000000000 1.000000000000
7 35 60
0.911902350000 -0.386391770000 -0.138331120000 0.782475800000
0.396849730000 0.916098310000 0.057220380000 0.132976220000
0.104615420000 -0.107076070000 0.988731680000 -0.494153380000
0.000000000000 0.000000000000 0.000000000000 1.000000000000
7 36 60
0.771203730000 0.182348760000 -0.609912900000 1.223469850000
0.106397760000 0.907697020000 0.405913330000 -1.362253270000
0.627633910000 -0.377935240000 0.680617830000 -0.387388440000
0.000000000000 0.000000000000 0.000000000000 1.000000000000
7 37 60
-0.727506410000 -0.425748270000 0.538026800000 -0.618523460000
-0.354286470000 -0.438427890000 -0.825991570000 1.852678710000
0.587550440000 -0.791529780000 0.168122250000 1.615071960000
0.000000000000 0.000000000000 0.000000000000 1.000000000000
7 39 60
-0.619939700000 0.196777040000 -0.759574590000 2.321521310000
0.659634200000 -0.393535950000 -0.640321930000 0.751061190000
-0.424920560000 -0.898002370000 0.114167690000 1.332026000000
0.000000000000 0.000000000000 0.000000000000 1.000000000000
7 40 60
-0.261970280000 -0.954126030000 -0.144965820000 0.513662570000
0.476136040000 0.002876620000 -0.879366930000 2.109060890000
0.839443890000 -0.299391450000 0.453540200000 0.253081020000
0.000000000000 0.000000000000 0.000000000000 1.000000000000
7 41 60
0.351062610000 0.921195100000 0.167793460000 -0.325592670000
-0.910452360000 0.293971000000 0.290959720000 -0.789813160000
0.218704260000 -0.254913030000 0.941906470000 -0.092913620000
0.000000000000 0.000000000000 0.000000000000 1.000000000000
7 42 60
0.229833330000 0.940532880000 -0.250149040000 0.310645800000
-0.949223300000 0.273369330000 0.155705940000 -0.548508810000
0.214829630000 0.201660880000 0.955605110000 0.220919990000
0.000000000000 0.000000000000 0.000000000000 1.000000000000
7 43 60
0.764335760000 -0.598318550000 -0.240428300000 0.523971810000
0.324765850000 0.679317880000 -0.658068660000 1.020262230000
0.557061930000 0.424902500000 0.713540380000 0.827782380000
0.000000000000 0.000000000000 0.000000000000 1.000000000000
7 44 60
0.038817250000 -0.996423980000 0.075049840000 0.376238630000
0.697688520000 -0.026741610000 -0.715901960000 0.602369030000
0.715348830000 0.080150760000 0.694155540000 1.040865840000
0.000000000000 0.000000000000 0.000000000000 1.000000000000
7 45 60
0.817148240000 -0.567417610000 -0.101518520000 0.182043970000
0.508562170000 0.792580190000 -0.336424100000 0.018622560000
0.271354520000 0.223279880000 0.936222630000 1.141227030000
0.000000000000 0.000000000000 0.000000000000 1.000000000000
7 46 60
-0.976914510000 -0.129515300000 -0.169893580000 1.099816980000
-0.103355340000 0.982538610000 -0.154711220000 -0.439045510000
0.186964470000 -0.133580230000 -0.973242320000 4.033097700000
0.000000000000 0.000000000000 0.000000000000 1.000000000000
7 47 60
-0.806805840000 0.415866440000 -0.419665860000 0.598017270000
-0.264181140000 -0.889282100000 -0.373343900000 -0.198434570000
-0.528462540000 -0.190348230000 0.827342070000 1.533622690000
0.000000000000 0.000000000000 0.000000000000 1.000000000000
7 48 60
-0.137969450000 0.980582380000 0.139365080000 -0.516989130000
0.848689370000 0.189585260000 -0.493744650000 0.067694370000
-0.510578870000 0.050155980000 -0.858366820000 3.559921380000
0.000000000000 0.000000000000 0.000000000000 1.000000000000
7 49 60
0.701974240000 -0.033700880000 0.711404540000 -1.189976480000
-0.352380570000 -0.884482050000 0.305809500000 -0.893229120000
0.618918490000 -0.465355520000 -0.632759150000 3.335008790000
0.000000000000 0.000000000000 0.000000000000 1.000000000000
7 50 60
-0.876815910000 0.023483700000 -0.480252400000 1.205451870000
-0.106784110000 0.964353250000 0.242115600000 -0.920478410000
0.468818730000 0.263574140000 -0.843052590000 3.531104830000
0.000000000000 0.000000000000 0.000000000000 1.000000000000
7 51 60
0.973553440000 -0.184061090000 -0.135333730000 0.111886950000
0.228291930000 0.806458400000 0.545442610000 -1.200684630000
0.008746260000 -0.561913130000 0.827150010000 1.753649950000
0.000000000000 0.000000000000 0.000000000000 1.000000000000
7 52 60
0.880055860000 -0.279407060000 0.383970550000 -1.188744530000
0.235629450000 0.958954400000 0.157750510000 -0.971358490000
-0.412286850000 -0.048354500000 0.909769970000 1.823253770000
0.000000000000 0.000000000000 0.000000000000 1.000000000000
7 53 60
-0.936542630000 0.073675200000 -0.342724180000 0.785493980000
0.219595610000 0.885372270000 -0.409748360000 0.018231160000
0.273250190000 -0.459007530000 -0.845367620000 3.744635540000
0.000000000000 0.000000000000 0.000000000000 1.000000000000
7 54 60
0.679933090000 0.726888930000 -0.096558130000 0.253950330000
-0.706928500000 0.614815700000 -0.349648030000 1.163049030000
-0.194789830000 0.305996960000 0.931892040000 -0.037072180000
0.000000000000 0.000000000000 0.000000000000 1.000000000000
7 55 60
0.971488550000 -0.070780180000 0.226274550000 0.079700240000
0.092440100000 0.991945560000 -0.086595770000 0.381414960000
-0.218322770000 0.105043640000 0.970206680000 -0.426628040000
0.000000000000 0.000000000000 0.000000000000 1.000000000000
7 56 60
0.676353650000 -0.733597790000 -0.066181710000 0.506103520000
0.731394170000 0.658238040000 0.178284160000 -0.052032760000
-0.087225540000 -0.168988060000 0.981750850000 -0.501859110000
0.000000000000 0.000000000000 0.000000000000 1.000000000000
7 57 60
0.677877380000 -0.706015190000 0.204999530000 -0.225761550000
0.712319810000 0.699739980000 0.054446800000 0.355920080000
-0.181886630000 0.109116970000 0.977246510000 -0.592886270000
0.000000000000 0.000000000000 0.000000000000 1.000000000000
7 58 60
-0.930782640000 0.184152320000 -0.315803090000 1.266042110000
0.115643550000 -0.671176840000 -0.732221420000 1.132043840000
-0.346800000000 -0.718059580000 0.603423730000 -0.200817920000
0.000000000000 0.000000000000 0.000000000000 1.000000000000
7 59 60
-0.626693490000 0.580906760000 -0.519425260000 2.075478460000
-0.057426420000 -0.699172040000 -0.712643430000 0.953954590000
-0.777147010000 -0.416780270000 0.471525970000 0.789300310000
0.000000000000 0.000000000000 0.000000000000 1.000000000000
8 10 60
0.959166360000 -0.280148170000 -0.038947420000 0.454865280000
0.280411940000 0.959878780000 0.001371380000 -0.105487470000
0.037000620000 -0.012236700000 0.999240320000 -0.257028350000
0.000000000000 0.000000000000 0.000000000000 1.000000000000
8 11 60
-0.984111110000 -0.177107410000 0.012581420000 -0.122467820000
-0.176959350000 0.984144390000 0.012050120000 -0.649946070000
-0.014516100000 0.009632250000 -0.999848240000 4.826017780000
0.000000000000 0.000000000000 0.000000000000 1.000000000000
8 12 60
-0.726346140000 0.599674280000 0.335875050000 0.205944130000
-0.674527030000 -0.715787870000 -0.180723550000 -0.623242090000
0.132040020000 -0.357824650000 0.924406270000 0.344108940000
0.000000000000 0.000000000000 0.000000000000 1.000000000000
8 13 60
-0.690395430000 0.301345670000 0.657681480000 -0.261358270000
-0.657122280000 -0.641445080000 -0.395902170000 0.503073600000
0.302563150000 -0.705506200000 0.640871700000 1.150154490000
0.000000000000 0.000000000000 0.000000000000 1.000000000000
8 14 60
-0.940576410000 -0.275291020000 0.198823700000 -0.025848390000
0.142187840000 -0.850969430000 -0.505602270000 -0.010350100000
0.308380660000 -0.447287250000 0.839544810000 0.691568560000
0.000000000000 0.000000000000 0.000000000000 1.000000000000
8 15 60
0.923289930000 -0.162127290000 0.348210340000 -0.997799450000
-0.128108720000 -0.984624080000 -0.118758510000 -0.503899170000
0.362110280000 0.065039760000 -0.929863420000 4.298735470000
0.000000000000 0.000000000000 0.000000000000 1.000000000000
8 16 60
0.768883490000 -0.610760200000 0.189182880000 -1.378043090000
0.591513300000 0.791799050000 0.152204740000 -0.880946220000
-0.242755420000 -0.005123520000 0.970073990000 0.308255130000
0.000000000000 0.000000000000 0.000000000000 1.000000000000
8 17 60
0.595607660000 -0.534400650000 0.599722820000 -1.338739420000
0.580837530000 0.802236030000 0.138004050000 -0.664484340000
-0.554868710000 0.266145250000 0.788217880000 0.294250900000
0.000000000000 0.000000000000 0.000000000000 1.000000000000
8 18 60
-0.628234730000 0.693070460000 -0.353517280000 1.323394250000
-0.235970640000 -0.602710780000 -0.762271320000 0.777344950000
-0.741376410000 -0.395465620000 0.542188120000 0.898081690000
0.000000000000 0.000000000000 0.000000000000 1.000000000000
8 19 60
0.171052460000 -0.458524620000 0.872064350000 -1.789547990000
0.981902920000 0.152358500000 -0.112488010000 -0.642368130000
-0.081287900000 0.875523870000 0.476287960000 1.492628740000
0.000000000000 0.000000000000 0.000000000000 1.000000000000
8 20 60
0.136356670000 -0.836586250000 0.530594300000 -1.160687120000
-0.767150190000 0.249711340000 0.590867860000 -2.259457020000
-0.626807340000 -0.487614290000 -0.607737490000 3.773413160000
0.000000000000 0.000000000000 0.000000000000 1.000000000000
8 21 60
0.914251180000 -0.398049620000 0.075506770000 0.071188150000
0.388927090000 0.914477760000 0.111651920000 -0.186652370000
-0.113492260000 -0.072711280000 0.990874650000 -0.642857100000
0.000000000000 0.000000000000 0.000000000000 1.000000000000
8 22 60
0.600775480000 0.550381500000 -0.579783610000 2.138824330000
-0.736062070000 0.663805640000 -0.132569630000 -0.255597260000
0.311899750000 0.506401310000 0.803913090000 0.623469410000
0.000000000000 0.000000000000 0.000000000000 1.000000000000
8 23 60
0.376307770000 -0.926331620000 -0.017383480000 0.763921570000
0.912370740000 0.367242240000 0.180866720000 -0.079709970000
-0.161158620000 -0.083921730000 0.983353980000 -0.389172400000
0.000000000000 0.000000000000 0.000000000000 1.000000000000
8 24 60
0.996802580000 -0.079847400000 0.003000810000 0.734788840000
0.079841700000 0.996805600000 0.001974700000 -0.358632620000
-0.003148900000 -0.001728790000 0.999993550000 -0.015633900000
0.000000000000 0.000000000000 0.000000000000 1.000000000000
8 25 60
0.689317950000 0.712983920000 0.128431680000 0.571069290000
-0.698755750000 0.607527520000 0.377691290000 -1.122103800000
0.191262040000 -0.350091760000 0.916981240000 0.266608360000
0.000000000000 0.000000000000 0.000000000000 1.000000000000
8 26 60
0.281996830000 0.498771420000 -0.819576030000 2.254243300000
-0.785313800000 -0.370729990000 -0.495824070000 0.558642030000
-0.551144290000 0.783445180000 0.287147390000 1.562770010000
0.000000000000 0.000000000000 0.000000000000 1.000000000000
8 27 60
0.902260790000 0.147125890000 -0.405314010000 1.585142180000
-0.184495240000 0.981321810000 -0.054488570000 0.055730130000
0.389726800000 0.123941410000 0.912552220000 -0.169792040000
0.000000000000 0.000000000000 0.000000000000 1.000000000000
8 28 60
0.945286390000 0.264768740000 -0.190607340000 0.927669270000
-0.325222880000 0.718635250000 -0.614649050000 1.226335470000
-0.025762700000 0.643009250000 0.765424970000 0.955888850000
0.000000000000 0.000000000000 0.000000000000 1.000000000000
8 29 60
0.961952800000 0.272370540000 0.021473300000 0.692002340000
-0.258057460000 0.931587230000 -0.256030430000 -0.151732770000
-0.089739400000 0.240747850000 0.966430190000 0.701985960000
0.000000000000 0.000000000000 0.000000000000 1.000000000000
8 30 60
-0.925623320000 0.033040920000 0.377001010000 -0.684296830000
0.209851890000 0.873811520000 0.438652040000 -1.546521940000
-0.314934360000 0.485140930000 -0.815754020000 3.999211330000
0.000000000000 0.000000000000 0.000000000000 1.000000000000
8 31 60
0.541691250000 0.209576470000 -0.814032120000 2.152287200000
0.731405060000 -0.594788450000 0.333576580000 -0.505095000000
-0.414267100000 -0.776082730000 -0.475476990000 3.159348290000
0.000000000000 0.000000000000 0.000000000000 1.000000000000
8 32 60
-0.047456810000 0.732775670000 -0.678813420000 2.766014000000
0.849182570000 0.387433620000 0.358865090000 -0.918458610000
0.525962750000 -0.559405930000 -0.640646690000 4.213217030000
0.000000000000 0.000000000000 0.000000000000 1.000000000000
8 33 60
0.725417920000 0.453336110000 -0.517933600000 1.746694850000
0.616669180000 -0.093789050000 0.781615470000 -3.299705340000
0.305758020000 -0.886391550000 -0.347594670000 2.492905670000
0.000000000000 0.000000000000 0.000000000000 1.000000000000
8 34 60
0.740080350000 0.283752040000 -0.609726050000 1.797536310000
0.664975320000 -0.173346530000 0.726470090000 -1.497322280000
0.100443480000 -0.943099020000 -0.316978460000 3.073933550000
0.000000000000 0.000000000000 0.000000000000 1.000000000000
8 35 60
-0.530299100000 -0.368917730000 0.763336470000 -1.766272400000
-0.221741290000 -0.808668300000 -0.544872810000 0.172627680000
0.818299250000 -0.458208770000 0.347031780000 1.511708360000
0.000000000000 0.000000000000 0.000000000000 1.000000000000
8 36 60
-0.497547700000 0.749831510000 -0.436118100000 1.115195870000
0.116923640000 -0.440205300000 -0.890251740000 1.279931240000
-0.859520300000 -0.493935220000 0.131350100000 2.332018170000
0.000000000000 0.000000000000 0.000000000000 1.000000000000
8 38 60
-0.310430130000 -0.711797510000 0.630061450000 -1.343856570000
0.904107460000 -0.016339750000 0.426992630000 -2.047475570000
-0.293637250000 0.702194640000 0.648613790000 1.519727880000
0.000000000000 0.000000000000 0.000000000000 1.000000000000
8 39 60
0.575574270000 -0.355191900000 0.736581950000 -1.810676530000
0.274109030000 0.932432940000 0.235442270000 -0.822160190000
-0.770440460000 0.066389250000 0.634045710000 0.767455420000
0.000000000000 0.000000000000 0.000000000000 1.000000000000
8 40 60
-0.203520720000 0.928619820000 -0.310233050000 1.369341110000
-0.944963730000 -0.269215240000 -0.185921240000 0.973572790000
-0.256169610000 0.255320160000 0.932302930000 -0.048010690000
0.000000000000 0.000000000000 0.000000000000 1.000000000000
8 41 60
0.811472690000 -0.104201770000 0.575025270000 -1.454568510000
-0.042737690000 -0.991921470000 -0.119437370000 -0.448979600000
0.582825490000 0.072344910000 -0.809370530000 4.101785880000
0.000000000000 0.000000000000 0.000000000000 1.000000000000
8 42 60
-0.231241300000 -0.957020930000 0.175038270000 -0.556596470000
0.431244710000 -0.262101460000 -0.863325450000 1.256890960000
0.872098310000 -0.124152170000 0.473318890000 0.766892680000
0.000000000000 0.000000000000 0.000000000000 1.000000000000
8 43 60
-0.550907310000 0.623839880000 -0.554368960000 1.332991390000
-0.777555270000 -0.624972130000 0.069409260000 -0.299266930000
-0.303164880000 0.469290570000 0.829371700000 1.171561350000
0.000000000000 0.000000000000 0.000000000000 1.000000000000
8 44 60
-0.849203700000 -0.377849170000 0.368894400000 0.419466700000
0.238904600000 -0.897899360000 -0.369731420000 -0.130855880000
0.470932760000 -0.225846720000 0.852769370000 0.795196200000
0.000000000000 0.000000000000 0.000000000000 1.000000000000
8 45 60
0.976453150000 -0.183543630000 -0.113362150000 0.299217320000
0.038951540000 -0.366844440000 0.929466480000 -2.499783430000
-0.212183920000 -0.911996100000 -0.351057100000 3.127117830000
0.000000000000 0.000000000000 0.000000000000 1.000000000000
8 46 60
0.444759120000 -0.895000070000 -0.034120220000 -0.286142610000
0.798075960000 0.413309490000 -0.438463250000 -0.304639410000
0.406526850000 0.167780000000 0.898101210000 1.217247630000
0.000000000000 0.000000000000 0.000000000000 1.000000000000
8 47 60
-0.896856770000 0.334404580000 -0.289519440000 0.694605110000
0.211615630000 0.899167070000 0.383037080000 -1.620417020000
0.388415700000 0.282262560000 -0.877189310000 3.565445710000
0.000000000000 0.000000000000 0.000000000000 1.000000000000
8 48 60
0.470344720000 0.881613970000 -0.039149070000 0.197051360000
0.462970880000 -0.208743530000 0.861443030000 -2.220934100000
0.751288100000 -0.423300060000 -0.506343020000 3.142671720000
0.000000000000 0.000000000000 0.000000000000 1.000000000000
8 49 60
-0.835735940000 -0.061447520000 -0.545682720000 1.114733060000
-0.221803500000 0.946824000000 0.233082640000 -1.184041320000
0.502343150000 0.315829870000 -0.804924130000 3.494281230000
0.000000000000 0.000000000000 0.000000000000 1.000000000000
8 50 60
0.699705430000 -0.051594830000 0.712565980000 -1.287759400000
-0.544734860000 -0.683859110000 0.485387120000 -1.422954550000
0.462251270000 -0.727787530000 -0.506605430000 3.061635070000
0.000000000000 0.000000000000 0.000000000000 1.000000000000
8 51 60
0.242636390000 0.970108980000 0.004019450000 -0.097435830000
-0.735113930000 0.186561660000 -0.651768560000 -0.301171470000
-0.633036410000 0.155188010000 0.758407270000 1.917691020000
0.000000000000 0.000000000000 0.000000000000 1.000000000000
8 52 60
-0.881667400000 -0.224524810000 -0.415031580000 1.404951490000
-0.332994900000 0.919221250000 0.210111160000 -0.881642100000
0.334330680000 0.323451560000 -0.885213020000 3.441413640000
0.000000000000 0.000000000000 0.000000000000 1.000000000000
8 53 60
0.540872130000 -0.135840750000 0.830063030000 -1.621903280000
0.596247460000 0.757986600000 -0.264471680000 -0.828483270000
-0.593250620000 0.637968340000 0.490968530000 2.012129280000
0.000000000000 0.000000000000 0.000000000000 1.000000000000
8 54 60
0.382164570000 -0.666648240000 0.639945590000 -1.307183730000
0.639613730000 0.690644850000 0.337496620000 -1.623850630000
-0.666966660000 0.280338730000 0.690337360000 0.946369900000
0.000000000000 0.000000000000 0.000000000000 1.000000000000
8 56 60
-0.555258910000 -0.563096910000 0.612053430000 -1.758828520000
0.292612540000 0.556602880000 0.777541730000 -1.885592000000
-0.778502050000 0.610831480000 -0.144289490000 2.448353680000
0.000000000000 0.000000000000 0.000000000000 1.000000000000
8 57 60
0.054334360000 -0.581093830000 0.812020770000 -2.195872990000
0.786727420000 0.525706990000 0.323561630000 -0.440679380000
-0.614904660000 0.621258490000 0.485726400000 0.693277550000
0.000000000000 0.000000000000 0.000000000000 1.000000000000
8 58 60
-0.630495780000 0.625519350000 -0.459565690000 1.496426410000
-0.034616710000 -0.614148210000 -0.788431140000 1.162735760000
-0.775420380000 -0.481193850000 0.408871270000 0.566224260000
0.000000000000 0.000000000000 0.000000000000 1.000000000000
8 59 60
0.062987900000 -0.376576200000 0.924241790000 -1.217400510000
0.822423830000 0.544212230000 0.165686750000 -0.711825730000
-0.565377370000 0.749682210000 0.343984020000 1.409166030000
0.000000000000 0.000000000000 0.000000000000 1.000000000000
9 11 60
0.925133430000 -0.249263120000 -0.286349480000 -0.017923790000
0.262258430000 0.964970000000 0.007307880000 0.073008280000
0.274497080000 -0.081858330000 0.958097370000 0.133327520000
0.000000000000 0.000000000000 0.000000000000 1.000000000000
9 12 60
0.598188320000 -0.557098330000 0.576031410000 -1.023417670000
0.772993750000 0.211593980000 -0.598087490000 1.586251300000
0.211308760000 0.803037630000 0.557206580000 1.856246240000
0.000000000000 0.000000000000 0.000000000000 1.000000000000
9 13 60
-0.438459720000 -0.776887210000 0.451884200000 -1.068421580000
0.827364460000 -0.545281210000 -0.134671680000 -0.139735750000
0.351028670000 0.314824820000 0.881852710000 0.752622660000
0.000000000000 0.000000000000 0.000000000000 1.000000000000
9 14 60
-0.337581760000 0.641676330000 0.688687180000 -0.625073600000
-0.941100080000 -0.245014170000 -0.233020790000 0.909598730000
0.019214200000 -0.726787130000 0.686593970000 1.386042300000
0.000000000000 0.000000000000 0.000000000000 1.000000000000
9 15 60
0.566352320000 -0.816456070000 0.112447920000 -1.067935910000
0.817169330000 0.574032040000 0.052168080000 -0.694287840000
-0.107141650000 0.062343480000 0.992287240000 0.814649990000
0.000000000000 0.000000000000 0.000000000000 1.000000000000
9 16 60
0.702328640000 -0.651039190000 0.287893120000 -1.416576030000
0.569475210000 0.756518600000 0.321523870000 -0.552687280000
-0.427121140000 -0.061867430000 0.902075360000 0.567233700000
0.000000000000 0.000000000000 0.000000000000 1.000000000000
9 17 60
0.690075700000 -0.432527730000 0.580271740000 -1.350814870000
0.390201380000 0.897611020000 0.205030090000 -0.335560180000
-0.609539510000 0.084936550000 0.788192470000 0.432549410000
0.000000000000 0.000000000000 0.000000000000 1.000000000000
9 18 60
0.656078540000 -0.685209790000 0.316304440000 -1.101548310000
0.611909810000 0.728292180000 0.308475100000 -0.472532710000
-0.441732210000 -0.008834110000 0.897103460000 0.258499650000
0.000000000000 0.000000000000 0.000000000000 1.000000000000
9 19 60
0.900292350000 -0.385301780000 0.202524610000 -1.150973140000
0.378177850000 0.922740370000 0.074375550000 -0.098127020000
-0.215534660000 0.009630580000 0.976448700000 -0.031827040000
0.000000000000 0.000000000000 0.000000000000 1.000000000000
9 20 60
0.811989560000 -0.582608950000 0.035210370000 -0.567075390000
0.569862310000 0.804378940000 0.168022220000 -0.040405950000
-0.126213730000 -0.116367230000 0.985154180000 -0.687419420000
0.000000000000 0.000000000000 0.000000000000 1.000000000000
9 22 60
0.586034270000 0.642197070000 -0.494112090000 0.878142740000
-0.462270390000 -0.235847340000 -0.854799470000 1.881942610000
-0.665484730000 0.729355160000 0.158654070000 2.064305380000
0.000000000000 0.000000000000 0.000000000000 1.000000000000
9 23 60
-0.949010745000 0.001792797720 -0.315238628000 -0.008612336810
0.247292217000 -0.615951242000 -0.747964322000 1.967500350000
-0.195512573000 -0.787782238000 0.584101002000 0.459891345000
0.000000000000 0.000000000000 0.000000000000 1.000000000000
9 24 60
0.953327090000 0.231292230000 0.194091130000 -0.102902890000
-0.263620670000 0.951000500000 0.161561750000 -0.539835070000
-0.147212780000 -0.205187630000 0.967587950000 -0.070021050000
0.000000000000 0.000000000000 0.000000000000 1.000000000000
9 25 60
0.891459230000 -0.013987160000 -0.452884980000 1.035196560000
-0.021974630000 0.997012600000 -0.074047190000 0.413040180000
0.452567740000 0.075962030000 0.888488720000 0.440611030000
0.000000000000 0.000000000000 0.000000000000 1.000000000000
9 26 60
-0.652542760000 -0.019175890000 0.757509230000 -2.666908170000
-0.477519060000 -0.765795110000 -0.430735880000 0.477138170000
0.588356610000 -0.642798670000 0.490557200000 1.351875830000
0.000000000000 0.000000000000 0.000000000000 1.000000000000
9 27 60
-0.131233490000 0.365067450000 -0.921685150000 1.987134730000
-0.455529010000 0.803554000000 0.383137430000 -0.629034110000
0.880494800000 0.470134790000 0.060845620000 1.949512910000
0.000000000000 0.000000000000 0.000000000000 1.000000000000
9 28 60
0.510143610000 0.806213370000 -0.299622250000 0.890939580000
-0.860045660000 0.474657510000 -0.187140860000 0.737733530000
-0.008657520000 0.353157530000 0.935523810000 0.476896080000
0.000000000000 0.000000000000 0.000000000000 1.000000000000
9 29 60
0.914304750000 0.014299790000 -0.404774430000 1.058831320000
0.125305450000 -0.960333790000 0.249113540000 -0.464420830000
-0.385156290000 -0.278486130000 -0.879829590000 4.556184040000
0.000000000000 0.000000000000 0.000000000000 1.000000000000
9 30 60
0.968125200000 -0.078620010000 -0.237807660000 0.873900480000
-0.034555830000 0.898452130000 -0.437709560000 0.176257580000
0.248071530000 0.431975300000 0.867097370000 1.042047110000
0.000000000000 0.000000000000 0.000000000000 1.000000000000
9 31 60
0.520042740000 0.159227090000 -0.839167610000 1.802996130000
-0.840253220000 0.271811120000 -0.469140960000 -0.056263840000
0.153395140000 0.949086640000 0.275144470000 1.941025110000
0.000000000000 0.000000000000 0.000000000000 1.000000000000
9 32 60
-0.893535790000 -0.438519160000 0.096409240000 -0.954824880000
0.324410080000 -0.482100270000 0.813841150000 -1.447738090000
-0.310406020000 0.758472330000 0.573033890000 1.479517600000
0.000000000000 0.000000000000 0.000000000000 1.000000000000
9 33 60
-0.340085650000 -0.675021430000 0.654742560000 -1.739142890000
0.792654500000 -0.580396120000 -0.186652580000 0.032509720000
0.506004530000 0.455506780000 0.732443160000 1.252071990000
0.000000000000 0.000000000000 0.000000000000 1.000000000000
9 34 60
0.474683070000 0.682705150000 -0.555508470000 2.018134300000
-0.808038870000 0.087815800000 -0.582547490000 1.935923270000
-0.348925750000 0.725397860000 0.593336970000 1.788720760000
0.000000000000 0.000000000000 0.000000000000 1.000000000000
9 35 60
0.665261900000 -0.075558780000 -0.742776870000 1.805861960000
-0.525269070000 0.659641800000 -0.537554750000 1.050851660000
0.530583650000 0.747772400000 0.399145870000 1.649821400000
0.000000000000 0.000000000000 0.000000000000 1.000000000000
9 36 60
-0.517662860000 0.256964760000 -0.816084720000 1.618109440000
0.076705480000 0.963930440000 0.254861500000 -0.603088110000
0.852139330000 0.069334160000 -0.518701590000 3.674717540000
0.000000000000 0.000000000000 0.000000000000 1.000000000000
9 37 60
-0.464713300000 0.609496680000 -0.642304720000 1.112904170000
0.096582510000 0.755953110000 0.647461750000 -1.825778410000
0.880178030000 0.238848680000 -0.410168180000 3.647166310000
0.000000000000 0.000000000000 0.000000000000 1.000000000000
9 38 60
-0.120429080000 -0.975439930000 0.184428240000 -0.648129490000
0.916869270000 -0.038066680000 0.397368440000 -1.244618880000
-0.380588470000 0.216951300000 0.898935230000 0.343325500000
0.000000000000 0.000000000000 0.000000000000 1.000000000000
9 39 60
-0.718479480000 0.625941220000 -0.303290010000 0.330506460000
-0.115236730000 -0.537141870000 -0.835583100000 1.715803240000
-0.685935660000 -0.565399160000 0.458056830000 0.795319470000
0.000000000000 0.000000000000 0.000000000000 1.000000000000
9 40 60
0.532123340000 0.825316430000 0.188937930000 -1.070504120000
-0.844198490000 0.500164980000 0.192779410000 -0.671591210000
0.064603880000 -0.262083540000 0.962880340000 -0.437379370000
0.000000000000 0.000000000000 0.000000000000 1.000000000000
9 41 60
0.522936280000 -0.490280900000 0.697253390000 -2.011402090000
-0.668782410000 -0.743162150000 -0.020978920000 -0.343174760000
0.528457890000 -0.455340160000 -0.716517690000 4.187522620000
0.000000000000 0.000000000000 0.000000000000 1.000000000000
9 42 60
0.527807440000 0.847345220000 0.058526700000 -0.809512800000
-0.841871610000 0.512775760000 0.168265290000 -0.290633560000
0.112567720000 -0.138083640000 0.984002750000 -0.220477750000
0.000000000000 0.000000000000 0.000000000000 1.000000000000
9 43 60
0.911270950000 -0.352011670000 -0.213712520000 -0.302013680000
0.106079520000 0.702103080000 -0.704129540000 1.311948560000
0.397910030000 0.618982270000 0.677147370000 0.918514620000
0.000000000000 0.000000000000 0.000000000000 1.000000000000
9 44 60
0.931965000000 0.352390160000 -0.085219850000 -0.104400400000
-0.311502630000 0.658047690000 -0.685521220000 1.122289910000
-0.185492200000 0.665427990000 0.723047880000 1.449876500000
0.000000000000 0.000000000000 0.000000000000 1.000000000000
9 45 60
-0.972620490000 0.203192550000 0.112792580000 -0.200975560000
-0.215088070000 -0.970850670000 -0.105764320000 0.024055190000
0.088014230000 -0.127128880000 0.987973550000 1.053509270000
0.000000000000 0.000000000000 0.000000000000 1.000000000000
9 46 60
-0.966017980000 -0.096808230000 -0.239661080000 0.770667060000
-0.125035830000 0.986527760000 0.105494170000 -0.746018250000
0.226219600000 0.131875480000 -0.965108050000 3.823479360000
0.000000000000 0.000000000000 0.000000000000 1.000000000000
9 47 60
0.438631410000 -0.890913220000 0.117796960000 -0.739124470000
0.898541070000 0.436980720000 -0.040887620000 -0.748719350000
-0.015047680000 0.123780010000 0.992195580000 1.172073120000
0.000000000000 0.000000000000 0.000000000000 1.000000000000
9 48 60
-0.906341570000 0.253670030000 -0.337929690000 0.924263540000
-0.153663510000 -0.942861180000 -0.295635450000 -0.326484680000
-0.393614640000 -0.216019240000 0.893534110000 1.239411870000
0.000000000000 0.000000000000 0.000000000000 1.000000000000
9 49 60
0.644356420000 -0.458728180000 0.611860490000 -1.181584030000
0.544121890000 0.837223230000 0.054668420000 -0.865083790000
-0.537341760000 0.297700740000 0.789074210000 1.501680430000
0.000000000000 0.000000000000 0.000000000000 1.000000000000
9 50 60
0.430072900000 -0.809512240000 0.399658890000 -0.615637570000
-0.866753990000 -0.494073520000 -0.068035910000 0.272515410000
0.252536770000 -0.317145540000 -0.914135600000 3.795766660000
0.000000000000 0.000000000000 0.000000000000 1.000000000000
9 51 60
-0.263158000000 -0.908359600000 0.325008770000 0.082727770000
-0.926002040000 0.332342530000 0.179077250000 -0.645854290000
-0.270680770000 -0.253833170000 -0.928601440000 3.294484130000
0.000000000000 0.000000000000 0.000000000000 1.000000000000
9 52 60
0.989339890000 -0.114020470000 0.090586540000 -0.520239650000
-0.145183890000 -0.723911400000 0.674443420000 -1.248152740000
-0.011323730000 -0.680405480000 -0.732748350000 3.323139250000
0.000000000000 0.000000000000 0.000000000000 1.000000000000
9 53 60
-0.662536770000 -0.440826420000 -0.605571720000 1.367165760000
-0.462248970000 0.876790770000 -0.132528640000 0.208094930000
0.589381820000 0.192119800000 -0.784677680000 3.557860440000
0.000000000000 0.000000000000 0.000000000000 1.000000000000
9 54 60
0.206958770000 -0.732076510000 0.649023920000 -1.710154070000
0.736070020000 0.553520310000 0.389635980000 -1.436358400000
-0.644491270000 0.397088470000 0.653415460000 1.101214180000
0.000000000000 0.000000000000 0.000000000000 1.000000000000
9 55 60
-0.395344650000 -0.856648650000 -0.331444860000 0.204401680000
0.248158630000 -0.447036590000 0.859404200000 -2.700863260000
-0.884375430000 0.257509950000 0.389318270000 1.036116920000
0.000000000000 0.000000000000 0.000000000000 1.000000000000
9 56 60
-0.192472710000 0.622328410000 -0.758723670000 2.316935170000
-0.958620950000 0.046031940000 0.280939380000 -1.178923910000
0.209762080000 0.781401570000 0.587717160000 1.469036340000
0.000000000000 0.000000000000 0.000000000000 1.000000000000
9 57 60
-0.375223130000 -0.317990840000 0.870683310000 -2.576454600000
-0.892568200000 -0.129448760000 -0.431931740000 0.035648110000
0.250059210000 -0.939215010000 -0.235256340000 2.495739290000
0.000000000000 0.000000000000 0.000000000000 1.000000000000
9 58 60
-0.003015300000 -0.663424300000 0.748237340000 -2.689501130000
0.673399650000 0.551809220000 0.491975110000 -0.772095170000
-0.739272500000 0.505346210000 0.445085820000 0.909068060000
0.000000000000 0.000000000000 0.000000000000 1.000000000000
9 59 60
-0.335793140000 0.243737280000 -0.909854440000 1.610130360000
-0.452706630000 0.805304660000 0.382806890000 -0.941973390000
0.826014330000 0.540441070000 -0.160074290000 3.632704630000
0.000000000000 0.000000000000 0.000000000000 1.000000000000
10 12 60
0.927125770000 -0.344176420000 -0.148257870000 -0.442105030000
0.342481560000 0.938770590000 -0.037631880000 -0.116711430000
0.152132130000 -0.015886100000 0.988232490000 0.503140590000
0.000000000000 0.000000000000 0.000000000000 1.000000000000
10 13 60
0.938369370000 0.237007360000 -0.251575910000 0.870948340000
-0.296136270000 0.926642510000 -0.231596550000 0.668048310000
0.178230850000 0.291823870000 0.939719420000 0.492751450000
0.000000000000 0.000000000000 0.000000000000 1.000000000000
10 14 60
0.965054850000 -0.254820050000 -0.061121780000 -0.902119220000
0.260838950000 0.956486290000 0.130755580000 -0.536899620000
0.025143000000 -0.142129250000 0.989528730000 0.749668640000
0.000000000000 0.000000000000 0.000000000000 1.000000000000
10 15 60
0.861757070000 -0.421360240000 0.282542570000 -1.385827310000
0.356719450000 0.899272280000 0.253101940000 -0.518540120000
-0.360729790000 -0.117323950000 0.925261640000 1.108575030000
0.000000000000 0.000000000000 0.000000000000 1.000000000000
10 16 60
0.894103390000 -0.094923390000 0.437685590000 -1.507038710000
0.075447280000 -0.931389650000 -0.356119400000 -0.189362790000
0.441459890000 0.351429750000 -0.825596930000 4.611455010000
0.000000000000 0.000000000000 0.000000000000 1.000000000000
10 17 60
0.358711430000 -0.710502580000 0.605402500000 -1.777624840000
0.060527100000 0.664904960000 0.744471530000 -2.136732200000
-0.931484070000 -0.230407190000 0.281513670000 1.368460840000
0.000000000000 0.000000000000 0.000000000000 1.000000000000
10 18 60
0.557372670000 -0.361305570000 0.747525250000 -1.118867050000
0.313710070000 0.925251460000 0.213297260000 -0.323118840000
-0.768714310000 0.115620140000 0.629055080000 0.649380650000
0.000000000000 0.000000000000 0.000000000000 1.000000000000
10 19 60
0.684933030000 -0.689539870000 0.235375260000 -0.884050840000
0.676716880000 0.721774670000 0.145243240000 -0.263033340000
-0.270038900000 0.059800520000 0.960990580000 0.204825560000
0.000000000000 0.000000000000 0.000000000000 1.000000000000
10 21 60
0.988168330000 0.040377350000 -0.147962930000 0.341526340000
0.028225670000 0.900371510000 0.434205550000 -1.262655720000
0.150753680000 -0.433244530000 0.888578930000 -0.357677550000
0.000000000000 0.000000000000 0.000000000000 1.000000000000
10 22 60
-0.908918750000 -0.143388100000 0.391543820000 -1.101185080000
-0.133365640000 -0.789719480000 -0.598796080000 1.293350020000
0.395070020000 -0.596475480000 0.698667790000 0.577187050000
0.000000000000 0.000000000000 0.000000000000 1.000000000000
10 23 60
-0.879596650000 -0.170473650000 0.444126630000 -1.286785140000
0.438582130000 -0.652220140000 0.618267420000 -1.885878700000
0.184270030000 0.738611950000 0.648457350000 0.672427960000
0.000000000000 0.000000000000 0.000000000000 1.000000000000
10 24 60
-0.943166260000 0.111947290000 -0.312898070000 0.552752200000
0.050678800000 0.978992280000 0.197498800000 -0.920425590000
0.328434250000 0.170416910000 -0.929025840000 5.191967400000
0.000000000000 0.000000000000 0.000000000000 1.000000000000
10 25 60
0.927109670000 0.108457070000 -0.358754420000 1.254410070000
-0.287054530000 0.820925270000 -0.493640960000 0.715353190000
0.240971710000 0.560641390000 0.792220850000 0.388319110000
0.000000000000 0.000000000000 0.000000000000 1.000000000000
10 26 60
-0.581343190000 -0.692649380000 0.426939030000 -1.616230900000
-0.644203390000 0.712347120000 0.278502370000 -1.229691730000
-0.497033280000 -0.113130120000 -0.860325220000 4.862373290000
0.000000000000 0.000000000000 0.000000000000 1.000000000000
10 27 60
0.978171270000 0.160390820000 -0.132120240000 0.326973110000
0.077049890000 -0.870427990000 -0.486228780000 0.877605520000
-0.192987790000 0.465435170000 -0.863785740000 4.572837610000
0.000000000000 0.000000000000 0.000000000000 1.000000000000
10 28 60
-0.464698770000 -0.773230570000 0.431473690000 -1.598683820000
0.870527870000 -0.488085530000 0.062878870000 -0.309215300000
0.161976200000 0.404829610000 0.899931500000 0.379695000000
0.000000000000 0.000000000000 0.000000000000 1.000000000000
10 29 60
-0.645590650000 0.749113870000 -0.148462540000 -0.221324910000
0.731165780000 0.550184770000 -0.403352590000 0.680549100000
-0.220475190000 -0.368951390000 -0.902920570000 4.630414070000
0.000000000000 0.000000000000 0.000000000000 1.000000000000
10 30 60
-0.746145950000 0.300353430000 0.594183500000 -1.326260430000
-0.204258040000 -0.952690230000 0.225077730000 -0.653996570000
0.633675680000 0.046574080000 0.772195560000 1.353517870000
0.000000000000 0.000000000000 0.000000000000 1.000000000000
10 31 60
-0.099348530000 -0.899099360000 0.426321720000 -1.313430680000
-0.952628500000 -0.037827740000 -0.301774760000 -0.205559980000
0.287452280000 -0.436107100000 -0.852749550000 3.773374630000
0.000000000000 0.000000000000 0.000000000000 1.000000000000
10 32 60
-0.248514100000 0.815548290000 -0.522610500000 1.057393480000
0.479282910000 -0.365326410000 -0.798012850000 1.647024740000
-0.841741430000 -0.448795730000 -0.300089590000 2.394400060000
0.000000000000 0.000000000000 0.000000000000 1.000000000000
10 33 60
0.247219530000 0.912021710000 -0.327259690000 1.220472710000
-0.899648090000 0.341489480000 0.272062950000 -0.915904290000
0.359883060000 0.227159280000 0.904921460000 0.555374600000
0.000000000000 0.000000000000 0.000000000000 1.000000000000
10 34 60
0.719766450000 -0.581201960000 -0.379658450000 0.259736460000
-0.484405750000 -0.812219090000 0.325040340000 -1.073881810000
-0.497279920000 -0.050044400000 -0.866145620000 3.857025950000
0.000000000000 0.000000000000 0.000000000000 1.000000000000
10 35 60
0.750903250000 0.566392820000 -0.339622560000 1.221137090000
-0.649178340000 0.727495780000 -0.222075160000 -0.068860070000
0.121292200000 0.387232570000 0.913968890000 0.200590930000
0.000000000000 0.000000000000 0.000000000000 1.000000000000
10 36 60
0.339066050000 -0.642222290000 0.687447990000 -1.894334750000
0.470077560000 -0.517312160000 -0.715133000000 1.364899660000
0.814899560000 0.565631200000 0.126491300000 1.730610900000
0.000000000000 0.000000000000 0.000000000000 1.000000000000
10 37 60
0.995435520000 0.095002910000 -0.009086700000 -0.471601030000
0.092149800000 -0.981559600000 -0.167478870000 0.396720440000
-0.024830120000 0.165877080000 -0.985833790000 4.549145420000
0.000000000000 0.000000000000 0.000000000000 1.000000000000
10 38 60
-0.998284780000 -0.024548430000 -0.053149610000 0.234180470000
0.058489890000 -0.378844600000 -0.923610150000 1.576603250000
0.002537740000 -0.925134660000 0.379630630000 0.823029020000
0.000000000000 0.000000000000 0.000000000000 1.000000000000
10 39 60
-0.897905870000 0.293079080000 -0.328435240000 0.826113690000
0.079229110000 -0.626337280000 -0.775515540000 1.593143160000
-0.432998610000 -0.722361590000 0.539171530000 0.429190970000
0.000000000000 0.000000000000 0.000000000000 1.000000000000
10 40 60
0.697891170000 0.684419780000 0.210991650000 -1.039515070000
0.609206820000 -0.722186160000 0.327588480000 -1.400104760000
0.376583280000 -0.100083550000 -0.920960540000 5.079911090000
0.000000000000 0.000000000000 0.000000000000 1.000000000000
10 41 60
-0.378091700000 -0.604854500000 -0.700854980000 1.642686340000
0.080082440000 0.732845750000 -0.675665540000 1.052607010000
0.922297930000 -0.311589710000 -0.228644670000 3.154463860000
0.000000000000 0.000000000000 0.000000000000 1.000000000000
10 42 60
0.401008940000 -0.874892600000 0.271578280000 -0.766979860000
0.635222330000 0.051957390000 -0.770579670000 1.625872000000
0.660063950000 0.481521920000 0.576586690000 0.855036120000
0.000000000000 0.000000000000 0.000000000000 1.000000000000
10 43 60
-0.556658340000 0.830733340000 0.003688780000 -0.127489580000
-0.746315440000 -0.502032030000 0.437009280000 -0.951651420000
0.364890060000 0.240511870000 0.899449430000 0.645104440000
0.000000000000 0.000000000000 0.000000000000 1.000000000000
10 44 60
0.278918060000 0.890864910000 -0.358558820000 -0.045848770000
-0.916683990000 0.358256760000 0.177038320000 -0.484618450000
0.286173350000 0.279305950000 0.916565880000 0.998823770000
0.000000000000 0.000000000000 0.000000000000 1.000000000000
10 45 60
-0.814391830000 0.561755530000 -0.145590780000 0.939331690000
0.475748910000 0.789958120000 0.386819260000 -0.912187870000
0.332308480000 0.245757790000 -0.910590020000 3.747230740000
0.000000000000 0.000000000000 0.000000000000 1.000000000000
10 46 60
-0.957468200000 0.279813670000 0.070419800000 0.285197280000
-0.134691650000 -0.649270380000 0.748535990000 -1.660881210000
0.255172090000 0.707214450000 0.659344310000 1.481840010000
0.000000000000 0.000000000000 0.000000000000 1.000000000000
10 47 60
0.971026950000 0.096532130000 0.218605140000 -0.412229630000
0.039906630000 -0.967438260000 0.249941340000 -0.765829600000
0.235614350000 -0.233975980000 -0.943260900000 3.868607890000
0.000000000000 0.000000000000 0.000000000000 1.000000000000
10 48 60
0.852045250000 0.441776890000 0.280806130000 -1.315031370000
0.501816910000 -0.842017800000 -0.197954060000 -0.482198180000
0.148992230000 0.309579080000 -0.939128380000 4.110855130000
0.000000000000 0.000000000000 0.000000000000 1.000000000000
10 49 60
0.586264510000 -0.102724520000 0.803580480000 -1.043031620000
0.155611270000 0.987736250000 0.012737190000 -0.658850660000
-0.795033990000 0.117578820000 0.595059800000 1.994589070000
0.000000000000 0.000000000000 0.000000000000 1.000000000000
10 50 60
-0.906465640000 0.422241030000 -0.005706100000 0.596678630000
-0.310596240000 -0.675820030000 -0.668428950000 0.169540270000
-0.286094430000 -0.604135580000 0.743754110000 1.663290930000
0.000000000000 0.000000000000 0.000000000000 1.000000000000
10 51 60
0.746026610000 -0.406400270000 0.527525470000 -0.676050590000
0.413881030000 0.903564540000 0.110786330000 -0.768500150000
-0.521676900000 0.135683230000 0.842284550000 1.910966970000
0.000000000000 0.000000000000 0.000000000000 1.000000000000
10 52 60
-0.858008230000 0.496010530000 -0.133399490000 1.073424530000
-0.499297480000 -0.744498270000 0.443197860000 -1.014777300000
0.120515120000 0.446873450000 0.886442460000 1.497184250000
0.000000000000 0.000000000000 0.000000000000 1.000000000000
10 53 60
-0.637111270000 -0.164227010000 -0.753072850000 0.914597000000
0.184737880000 0.916022800000 -0.356053570000 -0.176647140000
0.748305510000 -0.365966820000 -0.553269500000 3.290009490000
0.000000000000 0.000000000000 0.000000000000 1.000000000000
10 54 60
0.727649970000 0.379790580000 0.571213310000 -1.599587690000
0.042195060000 -0.855940330000 0.515350110000 -1.604548920000
0.684649620000 -0.350892110000 -0.638850230000 4.072340870000
0.000000000000 0.000000000000 0.000000000000 1.000000000000
10 56 60
-0.880178020000 -0.222412460000 0.419308180000 -1.798797310000
-0.401531800000 -0.122161680000 -0.907661140000 1.753402560000
0.253098540000 -0.967268950000 0.018218350000 1.732349910000
0.000000000000 0.000000000000 0.000000000000 1.000000000000
10 57 60
-0.296903390000 -0.803823550000 0.515476550000 -2.325309000000
-0.904617830000 0.409638350000 0.117741250000 -1.434855540000
-0.305802150000 -0.431351500000 -0.848776140000 4.403560070000
0.000000000000 0.000000000000 0.000000000000 1.000000000000
10 58 60
0.279763520000 0.070293520000 -0.957492140000 2.375155640000
0.935426390000 0.204551710000 0.288333270000 -0.229149710000
0.216124610000 -0.976328540000 -0.008528310000 2.518581160000
0.000000000000 0.000000000000 0.000000000000 1.000000000000
10 59 60
-0.477442670000 0.535511900000 -0.696617190000 1.296496230000
-0.024133960000 -0.800508300000 -0.598835550000 0.886977480000
-0.878331400000 -0.269097510000 0.395120850000 1.272304740000
0.000000000000 0.000000000000 0.000000000000 1.000000000000
11 13 60
0.867533850000 -0.169946130000 0.467443410000 -1.420123610000
0.227112750000 0.971469880000 -0.068308700000 -0.002323430000
-0.442498390000 0.165422470000 0.881379930000 0.724424760000
0.000000000000 0.000000000000 0.000000000000 1.000000000000
11 14 60
0.998808960000 0.026005260000 -0.041284290000 -0.872769470000
-0.021867260000 0.994975830000 0.097698090000 -0.130639960000
0.043617530000 -0.096678950000 0.994359440000 0.565096230000
0.000000000000 0.000000000000 0.000000000000 1.000000000000
11 15 60
0.943102950000 -0.224258610000 0.245489100000 -0.766249320000
0.185878990000 0.967760090000 0.169968860000 -0.257389440000
-0.275691530000 -0.114666870000 0.954382360000 0.666576100000
0.000000000000 0.000000000000 0.000000000000 1.000000000000
11 16 60
0.403525950000 0.555457370000 -0.727072150000 0.828152470000
-0.357567060000 0.827183830000 0.433488990000 -0.380794180000
0.842206990000 0.085053000000 0.532403400000 0.654335600000
0.000000000000 0.000000000000 0.000000000000 1.000000000000
11 17 60
-0.519311970000 0.269596950000 -0.810945470000 1.963464610000
0.186961870000 0.961788950000 0.200018180000 -0.526009420000
0.833882690000 -0.047744050000 -0.549872860000 4.221519390000
0.000000000000 0.000000000000 0.000000000000 1.000000000000
11 18 60
0.818376590000 0.115357910000 0.562985170000 -1.170702230000
-0.081419220000 0.993038220000 -0.085123430000 0.112374740000
-0.568885460000 0.023825210000 0.822071590000 0.178163250000
0.000000000000 0.000000000000 0.000000000000 1.000000000000
11 19 60
-0.983328880000 -0.046637070000 -0.175753490000 0.635139650000
0.109073130000 -0.924635590000 -0.364900100000 0.014218310000
-0.145490060000 -0.377986790000 0.914307730000 -0.271605530000
0.000000000000 0.000000000000 0.000000000000 1.000000000000
11 21 60
-0.673405080000 -0.611849450000 0.414928720000 -0.963974150000
0.130531260000 -0.650853890000 -0.747897590000 1.687835910000
0.727658700000 -0.449476870000 0.518153800000 0.348892190000
0.000000000000 0.000000000000 0.000000000000 1.000000000000
11 22 60
0.645486520000 0.454542820000 -0.613789850000 1.574871120000
0.321707300000 -0.890669730000 -0.321266000000 0.502131410000
-0.692713200000 0.009912200000 -0.721145050000 4.552621640000
0.000000000000 0.000000000000 0.000000000000 1.000000000000
11 23 60
-0.364934863000 -0.197004919000 0.909951431000 -2.995935310000
0.927953632000 0.002461475870 0.372687534000 -0.622733142000
-0.075661100800 0.980399410000 0.181913152000 1.556688580000
0.000000000000 0.000000000000 0.000000000000 1.000000000000
11 24 60
-0.870956370000 0.447748950000 0.202375580000 -1.054356280000
0.325075020000 0.833915240000 -0.445995080000 1.010616170000
-0.368457910000 -0.322655010000 -0.871855790000 4.494500920000
0.000000000000 0.000000000000 0.000000000000 1.000000000000
11 25 60
-0.782925400000 -0.576639060000 0.233484930000 -1.005903930000
-0.053713060000 -0.311250540000 -0.948808730000 2.129681700000
0.619792490000 -0.755387640000 0.212712900000 1.551639260000
0.000000000000 0.000000000000 0.000000000000 1.000000000000
11 26 60
0.857456640000 0.174330680000 -0.484124900000 1.649800620000
-0.145079780000 0.984595410000 0.097589620000 -0.127882980000
0.493680020000 -0.013442130000 0.869539730000 0.036404320000
0.000000000000 0.000000000000 0.000000000000 1.000000000000
11 27 60
0.725789430000 0.685431230000 -0.058427170000 0.577356550000
-0.682527000000 0.728111970000 0.063323350000 -0.232918560000
0.085945320000 -0.006081290000 0.996281300000 -0.748819360000
0.000000000000 0.000000000000 0.000000000000 1.000000000000
11 28 60
0.777244030000 0.544586800000 -0.315145890000 0.758725380000
0.080140510000 -0.582472900000 -0.808889870000 1.731016090000
-0.624074690000 0.603448870000 -0.496367050000 3.494337100000
0.000000000000 0.000000000000 0.000000000000 1.000000000000
11 29 60
0.013978680000 0.977058970000 0.212509700000 -1.020977260000
-0.956504090000 -0.048867500000 0.287596740000 -1.282487630000
0.291383790000 -0.207286620000 0.933877800000 0.526902430000
0.000000000000 0.000000000000 0.000000000000 1.000000000000
11 30 60
0.998132860000 -0.054824120000 -0.026927870000 -0.051280930000
0.054894860000 0.998490340000 0.001894370000 -0.480459440000
0.026783360000 -0.003369040000 0.999635580000 0.720303200000
0.000000000000 0.000000000000 0.000000000000 1.000000000000
11 31 60
0.867368920000 0.148007510000 -0.475147280000 0.930507180000
-0.017781750000 0.963359190000 0.267624510000 -0.863898770000
0.497347940000 -0.223680240000 0.838219650000 1.187288420000
0.000000000000 0.000000000000 0.000000000000 1.000000000000
11 32 60
-0.805135880000 0.181476140000 -0.564643810000 -0.051075320000
-0.591944070000 -0.186719130000 0.784052410000 -2.018129570000
0.036857010000 0.965506280000 0.257757990000 1.959722780000
0.000000000000 0.000000000000 0.000000000000 1.000000000000
11 33 60
-0.143680810000 0.662436300000 -0.735210150000 1.592654260000
0.857586170000 0.454092830000 0.241548480000 -0.918857720000
0.493864140000 -0.595800170000 -0.633340640000 3.263574030000
0.000000000000 0.000000000000 0.000000000000 1.000000000000
11 34 60
-0.891632540000 -0.244151930000 0.381288930000 -1.614846090000
0.187814600000 0.566816480000 0.802150080000 -1.634948750000
-0.411967340000 0.786834740000 -0.459536720000 3.246230030000
0.000000000000 0.000000000000 0.000000000000 1.000000000000
11 35 60
0.597701430000 0.511222390000 -0.617579680000 1.187244570000
-0.436158090000 0.853694610000 0.284555160000 -0.618209840000
0.672695410000 0.099283350000 0.733228270000 0.700498430000
0.000000000000 0.000000000000 0.000000000000 1.000000000000
11 36 60
0.547497710000 -0.070085950000 0.833867030000 -1.778912320000
0.278330150000 0.955002950000 -0.102477760000 0.405633200000
-0.789163220000 0.288196680000 0.542368960000 1.300649140000
0.000000000000 0.000000000000 0.000000000000 1.000000000000
11 39 60
-0.713114090000 0.137203130000 -0.687490800000 1.541602170000
0.476170720000 -0.624939160000 -0.618637600000 1.114842110000
-0.514518940000 -0.768522180000 0.380320810000 0.672110590000
0.000000000000 0.000000000000 0.000000000000 1.000000000000
11 40 60
0.486091380000 0.873669280000 0.020424340000 -0.656009880000
-0.854692920000 0.470399590000 0.219600180000 -0.621736550000
0.182250330000 -0.124202290000 0.975376140000 -0.723577060000
0.000000000000 0.000000000000 0.000000000000 1.000000000000
11 41 60
0.517989000000 -0.105056380000 0.848911400000 -2.304092820000
-0.747990360000 0.425818810000 0.509105850000 -0.996201580000
-0.414967260000 -0.898688770000 0.141988300000 1.775502090000
0.000000000000 0.000000000000 0.000000000000 1.000000000000
11 42 60
-0.085185690000 -0.589276410000 -0.803428100000 0.947065500000
0.406798870000 0.715519590000 -0.567931680000 1.452049300000
0.909537290000 -0.375213300000 0.178764950000 1.188335380000
0.000000000000 0.000000000000 0.000000000000 1.000000000000
11 43 60
-0.618578860000 -0.046024290000 -0.784373610000 1.074754570000
0.692932880000 -0.502572210000 -0.516976980000 0.539825470000
-0.370410880000 -0.863309300000 0.342772290000 1.854327850000
0.000000000000 0.000000000000 0.000000000000 1.000000000000
11 44 60
0.996320240000 0.083988430000 -0.017085910000 -1.031003910000
-0.085691780000 0.980092810000 -0.179094940000 0.597154630000
0.001703870000 0.179900030000 0.983683420000 0.565125900000
0.000000000000 0.000000000000 0.000000000000 1.000000000000
11 45 60
0.894700930000 0.233708350000 -0.380645040000 0.265089050000
0.355870190000 -0.887988390000 0.291261110000 -0.837191360000
-0.269938220000 -0.396051810000 -0.877653870000 3.895568250000
0.000000000000 0.000000000000 0.000000000000 1.000000000000
11 46 60
-0.329649720000 0.944087760000 -0.005418540000 -1.096928040000
0.875713010000 0.303620410000 -0.375421600000 0.204517680000
-0.352785760000 -0.128502710000 -0.926838320000 3.915650250000
0.000000000000 0.000000000000 0.000000000000 1.000000000000
11 47 60
-0.893107440000 0.134871820000 -0.429148800000 0.663424980000
-0.013720120000 0.945385180000 0.325666430000 -0.578218680000
0.449634140000 0.296743080000 -0.842480080000 3.511450320000
0.000000000000 0.000000000000 0.000000000000 1.000000000000
11 48 60
0.627010990000 0.555587830000 0.546058050000 -1.481397950000
-0.605265730000 0.788731350000 -0.107500070000 0.071194880000
-0.490418830000 -0.263106500000 0.830821490000 1.366199610000
0.000000000000 0.000000000000 0.000000000000 1.000000000000
11 49 60
0.681528720000 -0.029220680000 0.731207730000 -1.280606070000
0.126640340000 0.988836090000 -0.078520190000 -0.667806080000
-0.720750180000 0.146114160000 0.677620710000 1.709753620000
0.000000000000 0.000000000000 0.000000000000 1.000000000000
11 50 60
-0.940341380000 0.095247120000 -0.326628350000 0.613081600000
-0.187647870000 -0.945990300000 0.264368370000 -0.949601960000
-0.283806920000 0.309887630000 0.907426740000 1.246074510000
0.000000000000 0.000000000000 0.000000000000 1.000000000000
11 51 60
-0.240987910000 -0.970526210000 -0.001923200000 -0.928482980000
0.944637200000 -0.235013230000 0.228974560000 -0.811910390000
-0.222677790000 0.053363370000 0.973430510000 1.667856890000
0.000000000000 0.000000000000 0.000000000000 1.000000000000
11 52 60
0.931791440000 0.264824030000 0.248259820000 -1.192298190000
0.263770690000 -0.963831430000 0.038131240000 -0.540797300000
0.249378690000 0.029953300000 -0.967942700000 3.513496440000
0.000000000000 0.000000000000 0.000000000000 1.000000000000
11 53 60
0.251755990000 0.768349160000 0.588437330000 -1.808244470000
-0.643094540000 0.587184470000 -0.491572800000 1.072653190000
-0.723220810000 -0.254664430000 0.641948350000 1.738311170000
0.000000000000 0.000000000000 0.000000000000 1.000000000000
11 54 60
-0.187966880000 -0.498828720000 -0.846072310000 1.655171260000
0.157726960000 0.834916080000 -0.527292470000 0.599000160000
0.969428010000 -0.232561940000 -0.078257830000 2.684709120000
0.000000000000 0.000000000000 0.000000000000 1.000000000000
11 56 60
0.615583860000 0.520767470000 -0.591487750000 1.655952230000
-0.036428840000 0.768552450000 0.638748840000 -1.343040270000
0.787228970000 -0.371656260000 0.492079430000 1.131188560000
0.000000000000 0.000000000000 0.000000000000 1.000000000000
11 57 60
0.725883440000 -0.316562800000 0.610640010000 -1.766058820000
0.431392390000 0.901005370000 -0.045715670000 0.850471680000
-0.535718050000 0.296609700000 0.790587660000 -0.155250260000
0.000000000000 0.000000000000 0.000000000000 1.000000000000
11 58 60
0.761651210000 0.487081210000 -0.427363230000 0.984946580000
-0.529295130000 0.848117390000 0.023314520000 0.173020990000
0.373810260000 0.208443740000 0.903779340000 0.229270070000
0.000000000000 0.000000000000 0.000000000000 1.000000000000
11 59 60
-0.231133730000 -0.185466640000 -0.955080790000 1.588198190000
0.287165470000 -0.950932610000 0.115165810000 -0.398710100000
-0.929576890000 -0.247647520000 0.273052220000 1.100822720000
0.000000000000 0.000000000000 0.000000000000 1.000000000000
12 14 60
0.998475920000 -0.040909250000 0.037044260000 -0.480117040000
0.038173700000 0.996691050000 0.071761580000 -0.191210220000
-0.039857400000 -0.070238090000 0.996733660000 0.309296440000
0.000000000000 0.000000000000 0.000000000000 1.000000000000
12 15 60
0.883890190000 -0.134379230000 0.447973600000 -0.637565190000
0.078716630000 0.986913590000 0.140731120000 -0.178926520000
-0.461022580000 -0.089127880000 0.882901130000 0.559561510000
0.000000000000 0.000000000000 0.000000000000 1.000000000000
12 16 60
0.750255680000 -0.488911890000 0.445063570000 -1.594589480000
0.383808320000 0.870200350000 0.308937730000 -0.541771770000
-0.538337800000 -0.060963190000 0.840521210000 0.435045780000
0.000000000000 0.000000000000 0.000000000000 1.000000000000
12 17 60
-0.540648590000 -0.434823720000 -0.720157920000 1.292435420000
-0.242214570000 -0.739347520000 0.628249430000 -2.603163900000
-0.805624730000 0.514094910000 0.294406560000 1.083094480000
0.000000000000 0.000000000000 0.000000000000 1.000000000000
12 18 60
-0.855524110000 -0.379298590000 -0.352435910000 1.241509460000
0.420217050000 -0.906324160000 -0.044655910000 -0.821195710000
-0.302483260000 -0.186303790000 0.934769910000 -0.616483980000
0.000000000000 0.000000000000 0.000000000000 1.000000000000
12 19 60
0.925211900000 -0.145650840000 0.350383750000 -1.597055980000
0.121086320000 0.988448090000 0.091150880000 0.066535480000
-0.359612350000 -0.041907200000 0.932160260000 -0.394460860000
0.000000000000 0.000000000000 0.000000000000 1.000000000000
12 20 60
-0.998567120000 0.027909140000 -0.045659500000 -0.388059220000
-0.033889410000 0.330525020000 0.943188590000 -2.397897200000
0.041415190000 0.943384490000 -0.329105590000 2.667096010000
0.000000000000 0.000000000000 0.000000000000 1.000000000000
12 21 60
0.320301230000 -0.581159190000 0.748105020000 -2.461173710000
-0.391957720000 -0.800245010000 -0.453846970000 0.444839300000
0.862424640000 -0.147857790000 -0.484109290000 2.952601200000
0.000000000000 0.000000000000 0.000000000000 1.000000000000
12 22 60
0.672194870000 0.552095240000 -0.493300020000 1.599748100000
-0.494189790000 0.830710450000 0.256313480000 -0.915781550000
0.551298940000 0.071491230000 0.831239130000 0.101973540000
0.000000000000 0.000000000000 0.000000000000 1.000000000000
12 23 60
-0.567969530000 -0.032116790000 0.822422720000 -2.610049210000
0.708616920000 -0.527358390000 0.468780530000 -0.826516300000
0.418655800000 0.849035710000 0.322282000000 1.280286220000
0.000000000000 0.000000000000 0.000000000000 1.000000000000
12 24 60
-0.015558990000 -0.946697100000 -0.321749140000 0.417657300000
0.999074710000 -0.001815780000 -0.042970120000 0.557543210000
0.040095460000 -0.322120000000 0.945849380000 -0.391782460000
0.000000000000 0.000000000000 0.000000000000 1.000000000000
12 25 60
0.349934420000 0.723556850000 -0.594988560000 1.073824260000
-0.895275720000 0.445262170000 0.014932570000 -0.134412790000
0.275730460000 0.527453390000 0.803595440000 0.116126190000
0.000000000000 0.000000000000 0.000000000000 1.000000000000
12 26 60
-0.999537130000 0.022643990000 0.020317080000 -0.652237250000
0.022945800000 0.122630400000 0.992187120000 -2.225780200000
0.019975590000 0.992194050000 -0.123093220000 2.147423410000
0.000000000000 0.000000000000 0.000000000000 1.000000000000
12 27 60
0.029934390000 0.585779950000 -0.809917150000 2.017441520000
-0.575769130000 0.672452930000 0.465077380000 -0.990326640000
0.817064160000 0.452403480000 0.357403480000 1.010565240000
0.000000000000 0.000000000000 0.000000000000 1.000000000000
12 28 60
0.946703210000 -0.318075900000 0.050801230000 -0.954554810000
0.320205420000 0.946448320000 -0.041280420000 -0.063746150000
-0.034950430000 0.055347140000 0.997855280000 -0.130415180000
0.000000000000 0.000000000000 0.000000000000 1.000000000000
12 29 60
-0.371927474000 -0.850017538000 0.373014932000 -1.422984040000
-0.925421920000 0.308126457000 -0.220572792000 -0.003191558700
0.072554972000 -0.427233276000 -0.901225557000 4.170911880000
0.000000000000 0.000000000000 0.000000000000 1.000000000000
12 30 60
-0.818929890000 -0.526979000000 0.227259700000 -0.709225440000
-0.544967010000 0.589945510000 -0.595798000000 0.415066390000
0.179902190000 -0.611765830000 -0.770310180000 3.406635300000
0.000000000000 0.000000000000 0.000000000000 1.000000000000
12 31 60
0.966755430000 0.131020630000 -0.219584930000 0.631074390000
-0.109434410000 0.988132130000 0.107791460000 -0.524192690000
0.231101830000 -0.080177830000 0.969620260000 0.789524990000
0.000000000000 0.000000000000 0.000000000000 1.000000000000
12 32 60
-0.215988130000 -0.416368940000 -0.883168180000 0.854306360000
-0.975806410000 0.123477790000 0.180430280000 -0.598048620000
0.033926090000 0.900771970000 -0.432965220000 2.891479080000
0.000000000000 0.000000000000 0.000000000000 1.000000000000
12 33 60
-0.594098040000 -0.645340500000 0.480190750000 -1.598095840000
0.308823270000 0.368225840000 0.876948070000 -1.865057150000
-0.742748750000 0.669287210000 -0.019466080000 2.204857340000
0.000000000000 0.000000000000 0.000000000000 1.000000000000
12 35 60
0.595029300000 -0.448420780000 0.666977460000 -1.696178880000
0.693209990000 0.706289100000 -0.143581380000 0.729594500000
-0.406694030000 0.547790570000 0.731112480000 0.048562430000
0.000000000000 0.000000000000 0.000000000000 1.000000000000
12 36 60
0.093338690000 0.779017550000 -0.620015770000 0.752609930000
-0.659431180000 -0.418193990000 -0.624711380000 0.732667730000
-0.745947990000 0.467167470000 0.474674780000 1.311869750000
0.000000000000 0.000000000000 0.000000000000 1.000000000000
12 37 60
0.615564530000 -0.413859500000 0.670671770000 -1.315019760000
0.381272090000 0.901182480000 0.206159490000 -0.492743920000
-0.689718710000 0.128803950000 0.712529050000 0.629414270000
0.000000000000 0.000000000000 0.000000000000 1.000000000000
12 38 60
0.024522870000 -0.877707080000 0.478569650000 -0.778596920000
-0.999033420000 -0.038985200000 -0.020307210000 0.247750480000
0.036480910000 -0.477609080000 -0.877814740000 3.557606920000
0.000000000000 0.000000000000 0.000000000000 1.000000000000
12 39 60
-0.197701810000 -0.759768250000 0.619407940000 -1.548811100000
0.688458220000 0.342192590000 0.639475970000 -1.184373910000
-0.697810350000 0.552862040000 0.455416600000 0.810949850000
0.000000000000 0.000000000000 0.000000000000 1.000000000000
12 40 60
-0.606554020000 0.544475430000 -0.579343350000 1.183023800000
-0.788385820000 -0.506010700000 0.349858500000 -0.936747820000
-0.102664580000 0.668954160000 0.736179540000 -0.146059680000
0.000000000000 0.000000000000 0.000000000000 1.000000000000
12 41 60
-0.746310540000 0.337507110000 -0.573680680000 1.953578210000
-0.647939590000 -0.565610540000 0.510155870000 -1.167521470000
-0.152298600000 0.752445130000 0.640805330000 0.267344990000
0.000000000000 0.000000000000 0.000000000000 1.000000000000
12 42 60
0.690290920000 0.710419720000 0.137121360000 -0.724526950000
-0.707355100000 0.702478190000 -0.078569470000 0.214995320000
-0.152142060000 -0.042757710000 0.987433320000 -0.145544770000
0.000000000000 0.000000000000 0.000000000000 1.000000000000
12 43 60
-0.852381910000 -0.271324940000 -0.447021100000 0.822043140000
0.171047420000 -0.952497220000 0.251975850000 -1.040174750000
-0.494153690000 0.138317850000 0.858300820000 0.757925980000
0.000000000000 0.000000000000 0.000000000000 1.000000000000
12 44 60
0.950939190000 0.276061260000 -0.139659680000 -0.359848550000
0.300966330000 -0.930011530000 0.210945060000 -0.772013610000
-0.071651360000 -0.242628790000 -0.967469560000 4.017689810000
0.000000000000 0.000000000000 0.000000000000 1.000000000000
12 45 60
-0.708525260000 0.692333200000 -0.136626150000 0.020889270000
-0.681331350000 -0.620705680000 0.387958830000 -0.796225510000
0.183792150000 0.367966310000 0.911493960000 0.804751860000
0.000000000000 0.000000000000 0.000000000000 1.000000000000
12 46 60
0.964484240000 -0.125963210000 -0.232171110000 0.042908140000
-0.133289770000 -0.990946670000 -0.016078900000 -0.495383820000
-0.228043840000 0.046453880000 -0.972542050000 3.722759000000
0.000000000000 0.000000000000 0.000000000000 1.000000000000
12 47 60
-0.965860020000 -0.221071000000 0.135063060000 0.335884090000
0.252439690000 -0.920280880000 0.298926910000 -0.581317350000
0.058211880000 0.322816830000 0.944669610000 0.783613980000
0.000000000000 0.000000000000 0.000000000000 1.000000000000
12 48 60
0.841167040000 0.309043360000 0.443768190000 -1.571089970000
0.242726770000 -0.949074530000 0.200851320000 -0.827395480000
0.483240860000 -0.061235090000 -0.873343310000 3.327059700000
0.000000000000 0.000000000000 0.000000000000 1.000000000000
12 49 60
0.968958900000 0.117389630000 0.217573750000 -0.895516940000
0.077121260000 -0.979684870000 0.185121200000 -0.764457880000
0.234885020000 -0.162595280000 -0.958327610000 3.529197570000
0.000000000000 0.000000000000 0.000000000000 1.000000000000
12 50 60
0.540025110000 -0.746689470000 -0.388365430000 -0.422683520000
0.620301320000 0.041221330000 0.783279690000 -1.286615840000
-0.568857760000 -0.663894300000 0.485433020000 1.719992730000
0.000000000000 0.000000000000 0.000000000000 1.000000000000
12 51 60
0.764238050000 -0.188494460000 0.616773900000 -0.200229320000
0.198917440000 0.978603750000 0.052598050000 -0.654702620000
-0.613491690000 0.082489660000 0.785381050000 1.447555390000
0.000000000000 0.000000000000 0.000000000000 1.000000000000
12 52 60
0.206594890000 -0.784617220000 0.584546300000 -1.122594670000
0.877352510000 0.413008790000 0.244287340000 -0.868478790000
-0.433094810000 0.462384650000 0.773711390000 1.691560750000
0.000000000000 0.000000000000 0.000000000000 1.000000000000
12 53 60
0.708157840000 -0.704104060000 -0.052439950000 -1.284557940000
0.291394950000 0.223804460000 0.930054060000 -2.366999770000
-0.643118540000 -0.673905810000 0.363661240000 2.018309990000
0.000000000000 0.000000000000 0.000000000000 1.000000000000
12 54 60
0.978625550000 0.123022850000 0.164795070000 -1.282637490000
-0.111394980000 0.990705000000 -0.078068970000 0.350342600000
-0.172867560000 0.058042950000 0.983233350000 -0.651909670000
0.000000000000 0.000000000000 0.000000000000 1.000000000000
12 55 60
0.946963290000 0.120233750000 0.298000630000 -0.743581880000
-0.250516070000 0.857017830000 0.450291170000 -0.921449080000
-0.201251660000 -0.501063150000 0.841684910000 -0.924278210000
0.000000000000 0.000000000000 0.000000000000 1.000000000000
12 56 60
0.561587340000 -0.791690390000 -0.240511930000 -0.135479820000
0.825954130000 0.519108220000 0.219832720000 -0.116959390000
-0.049187730000 -0.322107100000 0.945424550000 -0.956786520000
0.000000000000 0.000000000000 0.000000000000 1.000000000000
12 57 60
0.623848270000 -0.227615780000 -0.747665960000 2.275902850000
-0.204644670000 -0.970847110000 0.124805600000 -1.369069880000
-0.754277070000 0.075146100000 -0.652241650000 3.130243240000
0.000000000000 0.000000000000 0.000000000000 1.000000000000
12 58 60
0.972531780000 0.219669960000 0.076987380000 -0.183244460000
-0.134916660000 0.801488640000 -0.582592020000 1.262121790000
-0.189682470000 0.556202370000 0.809110310000 0.137028360000
0.000000000000 0.000000000000 0.000000000000 1.000000000000
13 15 60
0.519340400000 -0.632385550000 0.574781760000 -1.320044000000
-0.840240790000 -0.500515470000 0.208517810000 -0.522224430000
0.155823510000 -0.591246810000 -0.791294030000 3.239378730000
0.000000000000 0.000000000000 0.000000000000 1.000000000000
13 16 60
-0.479453830000 -0.597485840000 0.642755550000 -1.101946610000
0.526181760000 0.390440980000 0.755439340000 -1.834275430000
-0.702322410000 0.700404530000 0.127187730000 2.290235940000
0.000000000000 0.000000000000 0.000000000000 1.000000000000
13 17 60
-0.427489030000 0.879604810000 -0.208682790000 1.302030280000
-0.627726960000 -0.122704600000 0.768701790000 -2.096645530000
0.650547450000 0.459607400000 0.604606520000 0.143759530000
0.000000000000 0.000000000000 0.000000000000 1.000000000000
13 18 60
0.944088310000 -0.271311720000 -0.187315800000 -0.024762800000
0.297486550000 0.456101130000 0.838733280000 -2.444985700000
-0.142123220000 -0.847562220000 0.511311330000 0.246969720000
0.000000000000 0.000000000000 0.000000000000 1.000000000000
13 19 60
0.979625260000 -0.176392370000 0.096021220000 -0.132254670000
0.193790030000 0.704710560000 -0.682516270000 1.422765620000
0.052723490000 0.687218140000 0.724535350000 0.759767980000
0.000000000000 0.000000000000 0.000000000000 1.000000000000
13 21 60
0.486912161000 -0.780775114000 0.391544082000 -1.284922470000
0.607700421000 0.624811698000 0.490214790000 -1.778105290000
-0.627388831000 -0.000750039328 0.778705780000 0.777690602000
0.000000000000 0.000000000000 0.000000000000 1.000000000000
13 22 60
0.754814250000 0.522758810000 -0.396205340000 1.865420050000
-0.377080400000 0.840061330000 0.390009400000 -0.970214840000
0.536717640000 -0.144983380000 0.831212370000 -0.374519190000
0.000000000000 0.000000000000 0.000000000000 1.000000000000
13 23 60
-0.913975010000 -0.087113870000 -0.396309040000 0.501689750000
0.050153030000 -0.993446330000 0.102708590000 -0.729687540000
-0.402659110000 0.073996980000 0.912354150000 -0.739129820000
0.000000000000 0.000000000000 0.000000000000 1.000000000000
13 24 60
0.431016910000 -0.788323090000 -0.439057090000 1.160621930000
-0.522871890000 0.178360800000 -0.833542090000 2.199197540000
0.735411050000 0.588841350000 -0.335315460000 2.507185470000
0.000000000000 0.000000000000 0.000000000000 1.000000000000
13 25 60
0.825564870000 0.148781350000 -0.544340660000 1.460102760000
0.024209320000 0.954391530000 0.297574740000 -0.362283610000
0.563787680000 -0.258845370000 0.784310220000 0.016662840000
0.000000000000 0.000000000000 0.000000000000 1.000000000000
13 26 60
-0.125482570000 0.646160710000 -0.752815030000 1.587416980000
-0.222771680000 0.721083580000 0.656057360000 -1.402377170000
0.966761040000 0.250029630000 0.053462890000 1.658043990000
0.000000000000 0.000000000000 0.000000000000 1.000000000000
13 27 60
0.332225440000 0.525230320000 -0.783427960000 2.409567410000
-0.435894520000 0.822083790000 0.366297980000 -0.877392040000
0.836434230000 0.219798450000 0.502062170000 0.623731600000
0.000000000000 0.000000000000 0.000000000000 1.000000000000
13 28 60
0.306025600000 0.494602340000 -0.813459810000 1.743272040000
-0.329257890000 0.856711350000 0.397032630000 -0.788273170000
0.893273520000 0.146335910000 0.425027320000 0.717244160000
0.000000000000 0.000000000000 0.000000000000 1.000000000000
13 29 60
-0.925881460000 0.270962770000 0.263292060000 -0.746508190000
-0.202418500000 -0.944187300000 0.259878980000 -0.913898120000
0.319014550000 0.187321950000 0.929053390000 0.284791650000
0.000000000000 0.000000000000 0.000000000000 1.000000000000
13 30 60
-0.658421490000 0.666768190000 0.349143700000 -0.763273340000
-0.569069610000 -0.744619830000 0.348856830000 -1.143294830000
0.492585960000 0.031007760000 0.869711210000 0.964737290000
0.000000000000 0.000000000000 0.000000000000 1.000000000000
13 31 60
0.503825600000 0.533523950000 -0.679346710000 1.453443210000
0.385134270000 -0.842705740000 -0.376189630000 0.778227160000
-0.773195550000 -0.072105730000 -0.630055080000 2.899400030000
0.000000000000 0.000000000000 0.000000000000 1.000000000000
13 32 60
-0.975678800000 -0.200928910000 -0.087626770000 0.028740490000
0.129569700000 -0.206190330000 -0.969895480000 1.588625540000
0.176812250000 -0.957660230000 0.227209840000 1.337008990000
0.000000000000 0.000000000000 0.000000000000 1.000000000000
13 33 60
0.135487050000 0.152668350000 -0.978946190000 1.897388860000
-0.468785830000 0.880338930000 0.072409990000 0.003171050000
0.872859160000 0.449105490000 0.190843280000 1.780082670000
0.000000000000 0.000000000000 0.000000000000 1.000000000000
13 34 60
0.984861360000 0.006038340000 -0.173238700000 0.753941380000
0.020931640000 0.987937570000 0.153431500000 -0.603366070000
0.172075490000 -0.154734930000 0.972855140000 0.690067120000
0.000000000000 0.000000000000 0.000000000000 1.000000000000
13 35 60
0.829404780000 -0.306506070000 0.467056470000 -0.895620860000
0.152481110000 0.928508970000 0.338556660000 -0.231850760000
-0.537435790000 -0.209583220000 0.816846160000 -0.812557540000
0.000000000000 0.000000000000 0.000000000000 1.000000000000
13 36 60
0.999105730000 0.029137610000 0.030638820000 -0.249905250000
-0.031796800000 0.995413690000 0.090224980000 -0.466937190000
-0.027869360000 -0.091118510000 0.995450010000 0.310290420000
0.000000000000 0.000000000000 0.000000000000 1.000000000000
13 37 60
-0.730834020000 0.160428240000 -0.663433800000 1.305534640000
0.677395300000 0.289767450000 -0.676143790000 1.058165220000
0.083768960000 -0.943555830000 -0.320445250000 2.601729800000
0.000000000000 0.000000000000 0.000000000000 1.000000000000
13 38 60
0.908661180000 -0.372343580000 -0.188931500000 0.094318000000
-0.263753400000 -0.862651410000 0.431586240000 -1.060767600000
-0.323680390000 -0.342334340000 -0.882064740000 3.800908010000
0.000000000000 0.000000000000 0.000000000000 1.000000000000
13 39 60
-0.473657660000 -0.632574530000 0.612778830000 -1.073773140000
-0.838244870000 0.110360850000 -0.534009380000 0.533680250000
0.270173940000 -0.766596340000 -0.582525620000 3.272070140000
0.000000000000 0.000000000000 0.000000000000 1.000000000000
13 40 60
0.993712900000 0.082823380000 -0.075332330000 -0.443380080000
-0.105109570000 0.921874410000 -0.372960520000 0.573794250000
0.038557090000 0.378533830000 0.924784020000 -0.813348600000
0.000000000000 0.000000000000 0.000000000000 1.000000000000
13 41 60
-0.054535620000 -0.889518910000 0.453631990000 -1.527600720000
-0.515965310000 -0.363849580000 -0.775495510000 1.957431540000
0.854871730000 -0.276350490000 -0.439118140000 2.906258020000
0.000000000000 0.000000000000 0.000000000000 1.000000000000
13 42 60
0.930035530000 0.366482990000 -0.026909570000 -0.150144350000
-0.355868910000 0.916511710000 0.182657060000 -0.230628860000
0.091603640000 -0.160301270000 0.982808360000 -0.429192600000
0.000000000000 0.000000000000 0.000000000000 1.000000000000
13 43 60
0.957171710000 0.267223500000 -0.111417780000 -0.169474670000
-0.268256790000 0.963329430000 0.005891790000 0.408354100000
0.108906450000 0.024249120000 0.993756190000 -0.129931840000
0.000000000000 0.000000000000 0.000000000000 1.000000000000
13 44 60
-0.884173220000 0.213454180000 0.415541850000 -0.505721660000
-0.157541830000 0.701160400000 -0.695380950000 1.051137180000
-0.439793460000 -0.680302440000 -0.586319290000 3.399969640000
0.000000000000 0.000000000000 0.000000000000 1.000000000000
13 45 60
-0.771222630000 -0.614705220000 0.165387880000 -0.223120050000
-0.622256860000 0.673220830000 -0.399462290000 0.407905610000
0.134208990000 -0.410988090000 -0.901707680000 3.722528260000
0.000000000000 0.000000000000 0.000000000000 1.000000000000
13 46 60
0.867919240000 0.266227950000 -0.419331460000 0.688644220000
0.384666500000 -0.894364360000 0.228350780000 -0.821192190000
-0.314241760000 -0.359492800000 -0.878645000000 3.670881670000
0.000000000000 0.000000000000 0.000000000000 1.000000000000
13 47 60
-0.396086530000 0.840961860000 -0.368644300000 0.516399220000
-0.899782530000 -0.435517750000 -0.026752290000 -0.037014290000
-0.183048790000 0.321103480000 0.929185500000 1.005360110000
0.000000000000 0.000000000000 0.000000000000 1.000000000000
13 48 60
0.923537240000 -0.022020180000 0.382876050000 -0.768161660000
0.081950890000 -0.963959230000 -0.253113910000 -0.273766330000
0.374650520000 0.265137160000 -0.888447680000 3.402787530000
0.000000000000 0.000000000000 0.000000000000 1.000000000000
13 49 60
0.891323400000 -0.447620850000 0.071959540000 -0.582114580000
0.381806580000 0.826706080000 0.413256330000 -0.887678010000
-0.244471540000 -0.340870410000 0.907767060000 0.842150860000
0.000000000000 0.000000000000 0.000000000000 1.000000000000
13 50 60
0.017156890000 -0.814369510000 0.580093050000 -0.673825120000
-0.851868780000 -0.315659010000 -0.417946140000 0.552018340000
0.523474190000 -0.486992500000 -0.699151690000 2.912825180000
0.000000000000 0.000000000000 0.000000000000 1.000000000000
13 51 60
-0.997229460000 -0.056330840000 -0.048582220000 0.279600960000
0.029698290000 0.297298900000 -0.954322470000 0.193676110000
0.068201230000 -0.953121290000 -0.294802290000 2.562346270000
0.000000000000 0.000000000000 0.000000000000 1.000000000000
13 52 60
0.792402550000 -0.334671690000 0.509993190000 -1.075228930000
0.077415690000 0.884470370000 0.460129300000 -1.166154390000
-0.605066120000 -0.325126150000 0.726765420000 1.768531490000
0.000000000000 0.000000000000 0.000000000000 1.000000000000
13 53 60
-0.890551400000 0.104765040000 -0.442653910000 1.026244860000
0.234961890000 0.939191510000 -0.250424080000 0.084631760000
0.389501110000 -0.327022310000 -0.861014110000 3.218894130000
0.000000000000 0.000000000000 0.000000000000 1.000000000000
13 54 60
-0.834261180000 0.551021240000 -0.019592590000 0.655092600000
-0.204471390000 -0.342185020000 -0.917115510000 2.123948100000
-0.512054420000 -0.761107750000 0.398139760000 1.002206410000
0.000000000000 0.000000000000 0.000000000000 1.000000000000
13 55 60
0.634960580000 -0.171335680000 0.753305480000 -1.526815560000
0.304220790000 0.951763330000 -0.039953510000 0.508396840000
-0.710123070000 0.254540090000 0.656456070000 -0.014085970000
0.000000000000 0.000000000000 0.000000000000 1.000000000000
13 57 60
0.976795410000 0.180249870000 0.115675020000 0.338769850000
0.154792630000 -0.967417590000 0.200355830000 -1.019042470000
0.148020160000 -0.177801010000 -0.972870410000 4.665395090000
0.000000000000 0.000000000000 0.000000000000 1.000000000000
13 58 60
-0.996897440000 -0.033984840000 -0.070996660000 -0.171829230000
-0.036120010000 -0.603889450000 0.796249260000 -2.883233460000
-0.069934540000 0.796343250000 0.600788310000 0.760034880000
0.000000000000 0.000000000000 0.000000000000 1.000000000000
13 59 60
-0.724125630000 0.254929780000 -0.640822040000 1.068719840000
-0.450456970000 0.528770600000 0.719367900000 -1.417216560000
0.522236150000 0.809575480000 -0.268061440000 2.714331750000
0.000000000000 0.000000000000 0.000000000000 1.000000000000
14 16 60
0.699327100000 -0.404374090000 0.589426160000 -1.735896860000
0.386386850000 0.907598650000 0.164225130000 -0.063969680000
-0.601370770000 0.112899430000 0.790953160000 0.140417980000
0.000000000000 0.000000000000 0.000000000000 1.000000000000
14 17 60
-0.571784630000 0.760497840000 -0.307742370000 1.387721730000
0.820085760000 0.540270750000 -0.188591800000 0.443889910000
0.022840550000 -0.360209030000 -0.932591960000 4.569071400000
0.000000000000 0.000000000000 0.000000000000 1.000000000000
14 18 60
0.312579120000 -0.573477280000 0.757243760000 -1.107227820000
0.494664050000 0.778837940000 0.385640950000 -0.741153850000
-0.810926490000 0.254037960000 0.527127070000 0.155967330000
0.000000000000 0.000000000000 0.000000000000 1.000000000000
14 19 60
-0.896117840000 0.130059620000 -0.424331600000 1.072788810000
0.082364090000 0.988223920000 0.128955970000 -0.215302210000
0.436106600000 0.080610060000 -0.896277330000 4.202672890000
0.000000000000 0.000000000000 0.000000000000 1.000000000000
14 20 60
0.862809360000 0.084863660000 0.498355460000 -0.636993780000
-0.153247440000 0.983329320000 0.097870700000 0.340868860000
-0.481741870000 -0.160815450000 0.861430880000 -1.365497790000
0.000000000000 0.000000000000 0.000000000000 1.000000000000
14 21 60
-0.813256280000 0.465846600000 -0.348713600000 1.489573200000
-0.545219560000 -0.400597880000 0.736380990000 -1.373433390000
0.203346650000 0.788991940000 0.579777420000 0.024295730000
0.000000000000 0.000000000000 0.000000000000 1.000000000000
14 22 60
-0.955751200000 -0.293163840000 0.024384750000 -0.493010390000
0.262847040000 -0.888249960000 -0.376727280000 0.734202250000
0.132102570000 -0.353648090000 0.926003210000 -1.176443190000
0.000000000000 0.000000000000 0.000000000000 1.000000000000
14 23 60
-0.322206460000 -0.558234360000 0.764563530000 -1.621831390000
-0.567729440000 -0.532337190000 -0.627933440000 1.408904440000
0.757539620000 -0.636389440000 -0.145403600000 2.382523140000
0.000000000000 0.000000000000 0.000000000000 1.000000000000
14 24 60
0.229520090000 0.654057580000 -0.720783740000 1.856885670000
-0.580397850000 0.686452710000 0.438087900000 -1.126872560000
0.781318670000 0.317791360000 0.537168300000 0.554951220000
0.000000000000 0.000000000000 0.000000000000 1.000000000000
14 25 60
-0.076348220000 -0.979895640000 0.184324420000 -0.447373530000
0.933515710000 -0.005298980000 0.358497330000 -0.987860330000
-0.350313240000 0.199440370000 0.915152540000 -0.667236250000
0.000000000000 0.000000000000 0.000000000000 1.000000000000
14 26 60
-0.471529830000 0.640176710000 -0.606492700000 1.253157650000
-0.278215460000 0.544631740000 0.791184190000 -1.794983690000
0.836812870000 0.541802600000 -0.078703060000 2.036412230000
0.000000000000 0.000000000000 0.000000000000 1.000000000000
14 27 60
-0.924126840000 0.145673290000 0.353226390000 -0.350243850000
0.382024350000 0.335688160000 0.861028950000 -2.169958190000
0.006855000000 0.930641040000 -0.365869180000 2.633100720000
0.000000000000 0.000000000000 0.000000000000 1.000000000000
14 28 60
0.920942000000 0.171686100000 -0.349842420000 0.946811730000
-0.171850080000 0.984640620000 0.030828610000 -0.110511940000
0.349761900000 0.031729090000 0.936301170000 -0.400520810000
0.000000000000 0.000000000000 0.000000000000 1.000000000000
14 29 60
0.981359470000 -0.070906900000 0.178621970000 0.317205150000
0.083981350000 0.994231000000 -0.066722230000 -0.112584390000
-0.172860430000 0.080479410000 0.981652860000 -0.213183920000
0.000000000000 0.000000000000 0.000000000000 1.000000000000
14 30 60
-0.908897300000 -0.269174300000 0.318513570000 -0.604576250000
-0.411120950000 0.706382090000 -0.576197800000 0.430036280000
-0.069894640000 -0.654652230000 -0.752691970000 2.985087440000
0.000000000000 0.000000000000 0.000000000000 1.000000000000
14 31 60
0.837632940000 -0.285092330000 -0.465932860000 1.563724670000
0.201491500000 0.954103150000 -0.221558900000 -0.048996250000
0.507712750000 0.091703520000 0.856631910000 0.561142970000
0.000000000000 0.000000000000 0.000000000000 1.000000000000
14 32 60
-0.999224470000 0.033619160000 -0.020498850000 0.141666450000
0.021775610000 0.038061480000 -0.999038110000 1.478449950000
-0.032806610000 -0.998709710000 -0.038764040000 1.974549000000
0.000000000000 0.000000000000 0.000000000000 1.000000000000
14 33 60
0.543910040000 -0.782194170000 0.303865350000 -0.638922760000
-0.641102980000 -0.620987090000 -0.450956760000 0.745485580000
0.541432210000 0.050470930000 -0.839228130000 3.042094950000
0.000000000000 0.000000000000 0.000000000000 1.000000000000
14 34 60
0.875894070000 0.294441500000 -0.382248320000 1.006759570000
-0.292885270000 0.954020280000 0.063745720000 -0.751655700000
0.383442040000 0.056120410000 0.921858290000 0.787234330000
0.000000000000 0.000000000000 0.000000000000 1.000000000000
14 35 60
0.306243930000 0.802686890000 -0.511769870000 2.075227310000
-0.924961800000 0.123793920000 -0.359333740000 0.563969610000
-0.225078480000 0.583411360000 0.780365850000 -0.397987870000
0.000000000000 0.000000000000 0.000000000000 1.000000000000
14 36 60
0.437535480000 -0.638604940000 0.633045360000 -1.357139780000
-0.006652870000 0.701690340000 0.712450980000 -1.757089450000
-0.899176540000 -0.315934150000 0.302765860000 1.231606930000
0.000000000000 0.000000000000 0.000000000000 1.000000000000
14 37 60
-0.059107820000 -0.661574850000 0.747545970000 -0.764640210000
0.549585360000 0.603580570000 0.577621360000 -0.975340760000
-0.833343980000 0.444982260000 0.327915520000 0.739804750000
0.000000000000 0.000000000000 0.000000000000 1.000000000000
14 38 60
0.850675200000 -0.524667120000 0.032804240000 0.104344250000
-0.182946560000 -0.236966170000 0.954137090000 -1.415315310000
-0.492830860000 -0.817662180000 -0.297567290000 2.522246700000
0.000000000000 0.000000000000 0.000000000000 1.000000000000
14 39 60
-0.135506020000 0.276178310000 -0.951506000000 2.389162590000
0.829976550000 0.556121540000 0.043217690000 -0.250684830000
0.541088770000 -0.783871400000 -0.304579330000 2.244438640000
0.000000000000 0.000000000000 0.000000000000 1.000000000000
14 40 60
-0.499200760000 0.810850100000 -0.305484390000 1.049353960000
-0.865845410000 -0.453244160000 0.211852430000 -0.295184620000
0.033321550000 0.370259150000 0.928330670000 -1.096430430000
0.000000000000 0.000000000000 0.000000000000 1.000000000000
14 41 60
0.741867070000 0.654228710000 -0.147030770000 0.071120640000
-0.657669290000 0.752678970000 0.030748710000 0.290832990000
0.130783660000 0.073886170000 0.988653870000 -0.967446350000
0.000000000000 0.000000000000 0.000000000000 1.000000000000
14 42 60
-0.786703190000 0.513585730000 -0.342531450000 1.516946620000
-0.616972140000 -0.673040320000 0.407875110000 -0.889884920000
-0.021058640000 0.532209010000 0.846351050000 -0.247258310000
0.000000000000 0.000000000000 0.000000000000 1.000000000000
14 43 60
0.602265050000 -0.233875470000 0.763268670000 -1.430765950000
0.379501480000 0.925052750000 -0.016001350000 0.102245920000
-0.702321460000 0.299298650000 0.645883030000 0.780436830000
0.000000000000 0.000000000000 0.000000000000 1.000000000000
14 44 60
-0.789461440000 0.499488580000 -0.356737710000 0.871281080000
-0.611005560000 -0.694907700000 0.379177380000 -0.733224890000
-0.058505010000 0.517314650000 0.853793130000 0.384338820000
0.000000000000 0.000000000000 0.000000000000 1.000000000000
14 45 60
-0.871842740000 -0.487240390000 0.049870230000 -0.046479760000
-0.448504940000 0.753297310000 -0.481026480000 0.419869550000
0.196808420000 -0.441746490000 -0.875286520000 3.406691200000
0.000000000000 0.000000000000 0.000000000000 1.000000000000
14 46 60
-0.892992320000 -0.425688270000 -0.146130810000 0.943392100000
-0.418835480000 0.904842670000 -0.076397570000 0.103556580000
0.164746940000 -0.007017680000 -0.986310900000 3.335052580000
0.000000000000 0.000000000000 0.000000000000 1.000000000000
14 47 60
0.992285730000 0.111192380000 -0.054820390000 0.131684130000
0.121599700000 -0.959058350000 0.255774510000 -0.762352410000
-0.024135780000 -0.260467540000 -0.965180880000 3.287991550000
0.000000000000 0.000000000000 0.000000000000 1.000000000000
14 48 60
-0.600852510000 0.517921690000 -0.608878800000 1.639829630000
0.125106530000 0.813250590000 0.568306120000 -1.000963120000
0.789509100000 0.265293440000 -0.553439040000 2.443955740000
0.000000000000 0.000000000000 0.000000000000 1.000000000000
14 49 60
0.665716280000 0.154759530000 0.729980360000 -0.644789240000
0.347376010000 0.801519080000 -0.486720730000 0.453662600000
-0.660417860000 0.577595580000 0.479824550000 1.277062270000
0.000000000000 0.000000000000 0.000000000000 1.000000000000
14 50 60
-0.705724400000 -0.120568910000 -0.698152000000 1.611627890000
0.230069030000 0.893009430000 -0.386784690000 0.079984830000
0.670090520000 -0.433586540000 -0.602479380000 2.331927070000
0.000000000000 0.000000000000 0.000000000000 1.000000000000
14 51 60
-0.995532400000 -0.026648290000 -0.090582110000 -0.168452570000
-0.068368570000 -0.458226190000 0.886202290000 -1.417426350000
-0.065122870000 0.888436060000 0.454357110000 1.489972150000
0.000000000000 0.000000000000 0.000000000000 1.000000000000
14 52 60
0.772252150000 0.625831430000 -0.109369300000 -0.157745170000
0.462250090000 -0.435398510000 0.772497890000 -1.471529260000
0.435834230000 -0.647119120000 -0.625528070000 2.364730890000
0.000000000000 0.000000000000 0.000000000000 1.000000000000
14 53 60
0.423330200000 0.747171450000 0.512373260000 -0.814432610000
-0.593322320000 0.656037210000 -0.466458800000 1.018670270000
-0.684660620000 -0.106536400000 0.721033860000 1.047550460000
0.000000000000 0.000000000000 0.000000000000 1.000000000000
14 54 60
0.720456550000 0.457401400000 0.521273750000 -1.358431080000
-0.519997890000 0.853628570000 -0.030339170000 0.527071530000
-0.458851340000 -0.249203200000 0.852850050000 -0.577555470000
0.000000000000 0.000000000000 0.000000000000 1.000000000000
14 55 60
-0.206928570000 0.584226210000 -0.784767680000 2.519219480000
-0.051922310000 -0.807556360000 -0.587500470000 1.089594370000
-0.976977300000 -0.080823690000 0.197440860000 0.776738800000
0.000000000000 0.000000000000 0.000000000000 1.000000000000
14 56 60
0.371174440000 0.454645790000 -0.809646060000 2.637399810000
0.667088610000 -0.737095810000 -0.108085830000 0.130334450000
-0.645927490000 -0.499986970000 -0.576880160000 2.864092160000
0.000000000000 0.000000000000 0.000000000000 1.000000000000
14 57 60
-0.026085630000 -0.769906350000 0.637623520000 -0.669902560000
-0.909421930000 0.283106330000 0.304635130000 -0.327307910000
-0.415055780000 -0.571922210000 -0.707554730000 2.860488730000
0.000000000000 0.000000000000 0.000000000000 1.000000000000
14 58 60
-0.216503900000 0.564081480000 -0.796830060000 1.662930690000
-0.707015590000 0.472250990000 0.526410450000 -1.157089240000
0.673242170000 0.677341190000 0.296570220000 1.544475810000
0.000000000000 0.000000000000 0.000000000000 1.000000000000
14 59 60
0.886386020000 0.421032580000 -0.192487390000 0.768912880000
-0.460669430000 0.843360490000 -0.276634730000 -0.227771190000
0.045864030000 0.333878210000 0.941499780000 0.787858330000
0.000000000000 0.000000000000 0.000000000000 1.000000000000
15 17 60
-0.420991980000 0.644823070000 -0.637941180000 2.230727120000
0.716346880000 0.667786840000 0.202257000000 -0.495004010000
0.556428700000 -0.371838600000 -0.743049900000 3.550943380000
0.000000000000 0.000000000000 0.000000000000 1.000000000000
15 18 60
-0.208730130000 0.958811130000 0.192647200000 -0.233800100000
0.788668590000 0.048545130000 0.612899030000 -2.633549190000
0.578302330000 0.279865290000 -0.766317060000 3.984563510000
0.000000000000 0.000000000000 0.000000000000 1.000000000000
15 19 60
-0.732431540000 -0.276195860000 -0.622302090000 1.890320350000
0.677007230000 -0.392308730000 -0.622699820000 1.191561760000
-0.072147430000 -0.877388000000 0.474325880000 0.081984140000
0.000000000000 0.000000000000 0.000000000000 1.000000000000
15 20 60
0.629087310000 0.708008740000 -0.320893710000 1.812452350000
0.619969250000 -0.706013090000 -0.342320980000 0.605221830000
-0.468921410000 0.016405560000 -0.883087520000 3.785880920000
0.000000000000 0.000000000000 0.000000000000 1.000000000000
15 21 60
0.485193500000 -0.539345950000 0.688253740000 -1.654041090000
-0.128384870000 0.734638060000 0.666201350000 -1.963680780000
-0.864930400000 -0.411597930000 0.287197750000 1.727115800000
0.000000000000 0.000000000000 0.000000000000 1.000000000000
15 22 60
0.766081730000 0.640061240000 0.058654850000 0.625119220000
-0.602941570000 0.747258090000 -0.279404380000 0.369398410000
-0.222666220000 0.178681140000 0.958380300000 -0.930570010000
0.000000000000 0.000000000000 0.000000000000 1.000000000000
15 23 60
0.988131360000 -0.063235030000 0.139991940000 1.065107920000
-0.041975900000 0.765499310000 0.642066060000 -1.986217130000
-0.147764800000 -0.640321900000 0.753759530000 -0.872761400000
0.000000000000 0.000000000000 0.000000000000 1.000000000000
15 24 60
0.961125929000 -0.275955420000 0.009249537310 0.313975197000
-0.275991306000 -0.961155956000 0.002833161760 -0.461175335000
0.008108421540 -0.005275817120 -0.999953209000 4.517903700000
0.000000000000 0.000000000000 0.000000000000 1.000000000000
15 25 60
-0.921018300000 -0.108033420000 0.374237990000 -1.031586070000
-0.179748070000 -0.734478000000 -0.654394910000 1.136327940000
0.345566090000 -0.669978240000 0.657048880000 -0.005335560000
0.000000000000 0.000000000000 0.000000000000 1.000000000000
15 26 60
0.074871160000 0.987064490000 -0.141767450000 0.682046840000
-0.858874660000 0.136067170000 0.493781380000 -1.538119890000
0.506683960000 0.084790480000 0.857952180000 -0.371518560000
0.000000000000 0.000000000000 0.000000000000 1.000000000000
15 27 60
0.950755820000 0.109425320000 -0.289981840000 1.255399990000
0.125533840000 -0.991380930000 0.037484610000 -0.797062530000
-0.283380700000 -0.072041250000 -0.956297780000 4.754388720000
0.000000000000 0.000000000000 0.000000000000 1.000000000000
15 28 60
0.961238750000 -0.096739250000 -0.258189040000 0.644194710000
0.054737950000 0.984743640000 -0.165177870000 0.384445630000
0.270229200000 0.144642630000 0.951869050000 -0.629190410000
0.000000000000 0.000000000000 0.000000000000 1.000000000000
15 29 60
0.958307550000 -0.124389310000 -0.257242980000 0.781337100000
0.104747230000 0.990530540000 -0.088754010000 -0.009155370000
0.265847070000 0.058108140000 0.962262320000 -0.142378130000
0.000000000000 0.000000000000 0.000000000000 1.000000000000
15 30 60
-0.947073540000 0.071811290000 0.312881520000 -0.701349210000
-0.073646900000 -0.997266550000 0.005963810000 -0.107239350000
0.312454540000 -0.017394590000 0.949773440000 0.276766080000
0.000000000000 0.000000000000 0.000000000000 1.000000000000
15 31 60
0.791584820000 0.271293780000 -0.547533710000 0.944385150000
-0.526587570000 -0.151713480000 -0.836473880000 1.122577340000
-0.309998400000 0.950464470000 0.022765850000 0.940475550000
0.000000000000 0.000000000000 0.000000000000 1.000000000000
15 32 60
0.756648720000 0.533013680000 -0.378654380000 0.895258990000
0.561300950000 -0.232555290000 0.794266510000 -1.614710480000
0.335296840000 -0.813519790000 -0.475143750000 2.840819430000
0.000000000000 0.000000000000 0.000000000000 1.000000000000
15 33 60
0.279958990000 0.701936000000 -0.654911300000 1.934438930000
-0.833279240000 0.516441530000 0.197316630000 -0.502013830000
0.476727040000 0.490483430000 0.729491150000 0.329737840000
0.000000000000 0.000000000000 0.000000000000 1.000000000000
15 35 60
-0.026779220000 -0.717420480000 0.696125510000 -1.437655740000
-0.401071040000 -0.630157660000 -0.664863400000 0.789734340000
0.915655440000 -0.297000310000 -0.270861450000 3.104124170000
0.000000000000 0.000000000000 0.000000000000 1.000000000000
15 36 60
0.320681110000 -0.939381330000 0.121352170000 -0.135395500000
0.344116720000 -0.003819690000 -0.938919110000 2.036373290000
0.882466610000 0.342852930000 0.322031910000 0.582264980000
0.000000000000 0.000000000000 0.000000000000 1.000000000000
15 37 60
0.752714778000 -0.336766527000 0.565693176000 -0.326119681000
0.333756857000 0.935857866000 0.113032802000 -0.391468638000
-0.567474073000 0.103722516000 0.816832183000 0.000354401670
0.000000000000 0.000000000000 0.000000000000 1.000000000000
15 38 60
0.923794230000 -0.137011110000 0.357536270000 -0.438311840000
0.168177660000 0.984082680000 -0.057424360000 0.318403720000
-0.343977470000 0.113177900000 0.932132100000 -0.500589950000
0.000000000000 0.000000000000 0.000000000000 1.000000000000
15 39 60
-0.273049030000 0.550017110000 -0.789256240000 2.426783540000
-0.607230150000 0.537791460000 0.584852030000 -1.401641320000
0.746133890000 0.638953460000 0.187143530000 1.907834330000
0.000000000000 0.000000000000 0.000000000000 1.000000000000
15 40 60
0.543369050000 -0.275687220000 0.792935460000 -1.878451850000
-0.383903600000 -0.921590900000 -0.057343250000 -0.238739140000
0.746570900000 -0.273252230000 -0.606601280000 3.365030840000
0.000000000000 0.000000000000 0.000000000000 1.000000000000
15 41 60
0.705643170000 -0.202112540000 0.679130500000 -1.719394040000
-0.285161800000 -0.958415520000 0.011065150000 -0.339454340000
0.648652810000 -0.201470120000 -0.733934140000 3.454091020000
0.000000000000 0.000000000000 0.000000000000 1.000000000000
15 42 60
0.521694960000 0.828008330000 -0.205515360000 0.523733400000
0.850986960000 -0.487986360000 0.194140430000 -1.625341170000
0.060461200000 -0.276172980000 -0.959204320000 4.184814200000
0.000000000000 0.000000000000 0.000000000000 1.000000000000
15 43 60
-0.537256980000 0.097212550000 -0.837797510000 1.602428470000
0.606516240000 -0.645727520000 -0.463868530000 0.480944610000
-0.586082750000 -0.757354400000 0.287960630000 1.161784890000
0.000000000000 0.000000000000 0.000000000000 1.000000000000
15 44 60
-0.458641200000 0.529886680000 -0.713350090000 1.298393730000
0.727017550000 0.685353740000 0.041662040000 -0.408414750000
0.510973310000 -0.499510110000 -0.699568380000 3.007326450000
0.000000000000 0.000000000000 0.000000000000 1.000000000000
15 45 60
-0.904584490000 0.426189520000 0.009454320000 0.716903290000
0.425688100000 0.901893440000 0.073333950000 -0.527695060000
0.022727370000 0.070361340000 -0.997262630000 3.393579920000
0.000000000000 0.000000000000 0.000000000000 1.000000000000
15 46 60
0.999290950000 -0.032205520000 -0.019503950000 -0.358713520000
0.022607330000 0.927479610000 -0.373189600000 0.708556650000
0.030108280000 0.372484050000 0.927550060000 0.442500320000
0.000000000000 0.000000000000 0.000000000000 1.000000000000
15 47 60
0.141525380000 -0.987761370000 0.065559490000 -0.068924500000
-0.985849920000 -0.134622010000 0.099884220000 -0.292124090000
-0.089836020000 -0.078767970000 -0.992836890000 3.227334850000
0.000000000000 0.000000000000 0.000000000000 1.000000000000
15 48 60
0.877012030000 -0.229741440000 0.421981950000 -0.813058990000
-0.255502360000 -0.966797210000 0.004657230000 -0.454823120000
0.406901010000 -0.111901830000 -0.906592270000 2.922772500000
0.000000000000 0.000000000000 0.000000000000 1.000000000000
15 49 60
-0.961166950000 -0.085288190000 -0.262457640000 1.245046460000
-0.220158370000 0.810422640000 0.542904630000 -1.345534680000
0.166398260000 0.579604230000 -0.797728370000 3.096668720000
0.000000000000 0.000000000000 0.000000000000 1.000000000000
15 50 60
0.740174380000 0.646483560000 0.184934830000 -0.637814420000
-0.295736920000 0.559986380000 -0.773921780000 0.863694830000
-0.603888690000 0.518145020000 0.605676630000 1.172665960000
0.000000000000 0.000000000000 0.000000000000 1.000000000000
15 51 60
0.930571270000 0.335831480000 -0.145788630000 0.034858130000
-0.365606990000 0.831550410000 -0.418157190000 0.066664030000
-0.019199750000 0.442426410000 0.896599260000 0.850598960000
0.000000000000 0.000000000000 0.000000000000 1.000000000000
15 52 60
0.947181860000 0.096340790000 0.305883920000 -0.468131190000
-0.035044960000 0.979192060000 -0.199886890000 -0.397408250000
-0.318776370000 0.178609550000 0.930849210000 0.869432660000
0.000000000000 0.000000000000 0.000000000000 1.000000000000
15 53 60
-0.941405910000 0.281114390000 -0.186358820000 1.516681220000
0.289130410000 0.957143080000 -0.016754680000 -0.519801410000
0.173662080000 -0.069654960000 -0.982338880000 3.290619150000
0.000000000000 0.000000000000 0.000000000000 1.000000000000
15 54 60
0.209565040000 -0.441722030000 0.872332580000 -1.446407280000
0.742739690000 -0.508320710000 -0.435830030000 0.555712930000
0.635940440000 0.739250770000 0.221558240000 0.970715060000
0.000000000000 0.000000000000 0.000000000000 1.000000000000
15 55 60
0.794523630000 -0.451218270000 0.406367170000 -0.679927420000
-0.603510560000 -0.660757210000 0.446290170000 -2.334455230000
0.067135760000 -0.599834960000 -0.797302210000 4.126765350000
0.000000000000 0.000000000000 0.000000000000 1.000000000000
15 56 60
-0.928964150000 -0.283574340000 0.237931090000 -1.993754390000
-0.353575480000 0.870037490000 -0.343539140000 0.822950400000
-0.109590080000 -0.403262150000 -0.908498570000 4.259385080000
0.000000000000 0.000000000000 0.000000000000 1.000000000000
15 58 60
0.959934860000 0.280176190000 0.005134210000 0.435987920000
-0.273494640000 0.940719000000 -0.200620170000 1.029338880000
-0.061038840000 0.191178120000 0.979655650000 -0.809601280000
0.000000000000 0.000000000000 0.000000000000 1.000000000000
15 59 60
0.423799350000 0.038713400000 0.904928390000 -0.763907560000
0.155673340000 0.981105960000 -0.114877820000 0.120764800000
-0.892277940000 0.189558370000 0.409765420000 0.420877350000
0.000000000000 0.000000000000 0.000000000000 1.000000000000
16 18 60
0.937671850000 0.347510450000 0.002826440000 0.363493890000
-0.332656780000 0.899886780000 -0.282034130000 0.418587740000
-0.100553290000 0.263515230000 0.959400210000 -0.218281000000
0.000000000000 0.000000000000 0.000000000000 1.000000000000
16 19 60
0.943798140000 0.200537230000 -0.262735420000 0.899805960000
-0.248768100000 0.954373630000 -0.165182980000 0.163239180000
0.217622410000 0.221259580000 0.950623310000 -0.262853060000
0.000000000000 0.000000000000 0.000000000000 1.000000000000
16 20 60
0.950737540000 0.247615770000 -0.186506180000 1.243973010000
-0.258228750000 0.965465920000 -0.034546740000 0.022430970000
0.171511040000 0.081006140000 0.981846200000 -0.833225280000
0.000000000000 0.000000000000 0.000000000000 1.000000000000
16 21 60
-0.768378730000 0.200897610000 -0.607646510000 2.361312860000
0.371125800000 -0.633649090000 -0.678788980000 1.220823280000
-0.521401740000 -0.747080310000 0.412324200000 0.491564250000
0.000000000000 0.000000000000 0.000000000000 1.000000000000
16 22 60
0.312724180000 0.654022160000 -0.688809560000 2.234018890000
-0.675898580000 0.662735210000 0.322402150000 -1.174564490000
0.667356500000 0.364742460000 0.649305970000 0.787158730000
0.000000000000 0.000000000000 0.000000000000 1.000000000000
16 23 60
-0.196178460000 -0.327036680000 0.924424700000 -1.942191280000
0.205556090000 0.908081110000 0.364877220000 -1.425994870000
-0.958780840000 0.261602180000 -0.110921570000 2.688661090000
0.000000000000 0.000000000000 0.000000000000 1.000000000000
16 24 60
0.821013260000 0.025551030000 -0.570337070000 2.400015570000
-0.123525220000 0.983284330000 -0.133766370000 -0.327260430000
0.557385640000 0.180274980000 0.810445670000 0.595090460000
0.000000000000 0.000000000000 0.000000000000 1.000000000000
16 25 60
0.321660200000 0.690991750000 -0.647352390000 2.144884960000
-0.739916790000 0.610038070000 0.283507860000 -0.938000720000
0.590811190000 0.387793710000 0.707501360000 0.822629220000
0.000000000000 0.000000000000 0.000000000000 1.000000000000
16 26 60
-0.335859220000 0.112014260000 0.935227990000 -2.261090620000
-0.056460220000 0.988724040000 -0.138697600000 0.079548000000
-0.940218500000 -0.099386050000 -0.325747730000 2.967691580000
0.000000000000 0.000000000000 0.000000000000 1.000000000000
16 27 60
-0.123539340000 -0.925350850000 -0.358418510000 1.319736740000
0.771019450000 0.137872300000 -0.621707520000 1.184209520000
0.624713560000 -0.353152980000 0.696430860000 0.142459660000
0.000000000000 0.000000000000 0.000000000000 1.000000000000
16 28 60
0.403816830000 -0.587865560000 0.700960810000 -1.071392910000
0.744859540000 0.656128410000 0.121160100000 -0.569099660000
-0.531146150000 0.473190860000 0.702832960000 0.428345350000
0.000000000000 0.000000000000 0.000000000000 1.000000000000
16 29 60
-0.606835560000 0.286082810000 0.741557300000 -1.527408400000
0.692110700000 0.648931580000 0.316023060000 -0.873465970000
-0.390811190000 0.705013780000 -0.591795730000 3.690765730000
0.000000000000 0.000000000000 0.000000000000 1.000000000000
16 30 60
-0.739992930000 0.085249780000 0.667190340000 -0.970163710000
0.246261400000 0.957399660000 0.150801930000 -0.962328320000
-0.625911970000 0.275895590000 -0.729462700000 3.570481990000
0.000000000000 0.000000000000 0.000000000000 1.000000000000
16 31 60
0.787926520000 -0.425528070000 0.445081640000 0.423508760000
-0.459305500000 -0.887569920000 -0.035469740000 -0.494577440000
0.410134440000 -0.176480890000 -0.894787260000 4.016370690000
0.000000000000 0.000000000000 0.000000000000 1.000000000000
16 32 60
0.325820910000 -0.934855360000 0.141018430000 -0.011681650000
0.661028660000 0.118620310000 -0.740925320000 0.981641280000
0.675930360000 0.334626180000 0.656615160000 1.365135490000
0.000000000000 0.000000000000 0.000000000000 1.000000000000
16 33 60
0.587904400000 0.674628060000 -0.446369130000 1.626586980000
-0.426466870000 0.727373370000 0.537637410000 -0.809748650000
0.687382300000 -0.125717750000 0.715332520000 0.681406500000
0.000000000000 0.000000000000 0.000000000000 1.000000000000
16 34 60
0.762873060000 0.607828140000 0.220385230000 0.390921040000
0.415283290000 -0.721909010000 0.553522510000 -1.439209670000
0.495544640000 -0.330745110000 -0.803145800000 3.810973080000
0.000000000000 0.000000000000 0.000000000000 1.000000000000
16 35 60
0.181195830000 0.387856110000 -0.903734310000 2.503492800000
-0.147474500000 -0.897838640000 -0.414894020000 0.369854740000
-0.972326770000 0.208454830000 -0.105485730000 2.067722310000
0.000000000000 0.000000000000 0.000000000000 1.000000000000
16 36 60
0.702809520000 0.582589690000 0.408225470000 -0.436701030000
-0.701302580000 0.663660120000 0.260249760000 -0.944943200000
-0.119304140000 -0.469195580000 0.874998300000 0.143516000000
0.000000000000 0.000000000000 0.000000000000 1.000000000000
16 37 60
0.948216590000 -0.189318490000 0.255036860000 -0.461989710000
0.159529440000 0.978192110000 0.133005810000 -0.432581130000
-0.274655500000 -0.085432430000 0.957739870000 -0.107120480000
0.000000000000 0.000000000000 0.000000000000 1.000000000000
16 38 60
0.861348840000 -0.446422950000 0.242455610000 -0.747287840000
0.419955420000 0.894271510000 0.154647730000 -0.569413450000
-0.285859440000 -0.031385090000 0.957757460000 0.102225370000
0.000000000000 0.000000000000 0.000000000000 1.000000000000
16 39 60
0.988413950000 -0.115292430000 0.098719410000 0.218366250000
0.103432710000 0.987632300000 0.117830860000 -0.187591410000
-0.111083490000 -0.106254850000 0.988114550000 -0.500343750000
0.000000000000 0.000000000000 0.000000000000 1.000000000000
16 40 60
0.572592630000 -0.200117300000 0.795041350000 -1.685751360000
-0.477882220000 0.706498940000 0.522003670000 -1.835689800000
-0.666157830000 -0.678831580000 0.308903590000 1.063625760000
0.000000000000 0.000000000000 0.000000000000 1.000000000000
16 41 60
0.690753990000 -0.716177100000 -0.099746140000 -0.175925280000
0.687248240000 0.607347820000 0.398520360000 -1.791338480000
-0.224830560000 -0.343829890000 0.911719380000 -0.158886880000
0.000000000000 0.000000000000 0.000000000000 1.000000000000
16 42 60
-0.358430030000 0.175206950000 -0.916968070000 2.773383640000
-0.117094640000 -0.982911270000 -0.142036180000 -0.212363370000
-0.926183980000 0.056462010000 0.372820710000 1.832851170000
0.000000000000 0.000000000000 0.000000000000 1.000000000000
16 43 60
0.812704720000 -0.484291710000 -0.323994710000 0.432397300000
0.051170420000 0.613218490000 -0.788254190000 0.945820320000
0.580424520000 0.624038960000 0.523146980000 1.146033900000
0.000000000000 0.000000000000 0.000000000000 1.000000000000
16 44 60
-0.542664780000 -0.712468090000 -0.444864210000 0.883964100000
0.328938360000 -0.667592070000 0.667922440000 -1.878021940000
-0.772861240000 0.216125080000 0.596636780000 1.099069090000
0.000000000000 0.000000000000 0.000000000000 1.000000000000
16 45 60
0.816454350000 -0.577027800000 0.021005040000 0.331891920000
0.161974370000 0.193961800000 -0.967544890000 0.664574620000
0.554226120000 0.793358520000 0.251824670000 1.949715030000
0.000000000000 0.000000000000 0.000000000000 1.000000000000
16 46 60
-0.869956540000 0.093722220000 -0.484140230000 1.682671370000
0.079323070000 -0.942392080000 -0.324969270000 -0.318433720000
-0.486706750000 -0.321112630000 0.812405820000 1.628233290000
0.000000000000 0.000000000000 0.000000000000 1.000000000000
16 47 60
-0.508772200000 0.480304160000 -0.714463970000 1.982834270000
-0.232436800000 -0.875718780000 -0.423189980000 -0.341357300000
-0.828929420000 -0.049239580000 0.557181730000 2.065078970000
0.000000000000 0.000000000000 0.000000000000 1.000000000000
16 48 60
-0.023953560000 0.961767260000 -0.272818550000 1.150494990000
-0.431667170000 -0.256096120000 -0.864915160000 0.931376010000
-0.901714860000 0.097049020000 0.421297760000 2.571268750000
0.000000000000 0.000000000000 0.000000000000 1.000000000000
16 49 60
-0.734990550000 0.667057970000 0.121747890000 0.006134010000
0.652650170000 0.647225230000 0.393887380000 -1.317801460000
0.183947410000 0.368962280000 -0.911059920000 3.293400470000
0.000000000000 0.000000000000 0.000000000000 1.000000000000
16 50 60
0.337353250000 0.786859010000 0.516764630000 -0.360463550000
-0.022353910000 -0.542094140000 0.840020390000 -1.735198160000
0.941112690000 -0.294935320000 -0.165287840000 2.500357640000
0.000000000000 0.000000000000 0.000000000000 1.000000000000
16 51 60
0.312420590000 -0.944126000000 -0.104973680000 0.543748920000
0.643672870000 0.291666530000 -0.707542130000 -0.107688680000
0.698626230000 0.153482020000 0.698830920000 1.945395030000
0.000000000000 0.000000000000 0.000000000000 1.000000000000
16 52 60
0.876182530000 0.455927180000 -0.156315640000 -0.491961230000
-0.479952080000 0.855051690000 -0.196297210000 0.051421370000
0.044160720000 0.247016210000 0.968004560000 0.843078750000
0.000000000000 0.000000000000 0.000000000000 1.000000000000
16 53 60
0.984806950000 0.070951940000 0.158496360000 -0.659773120000
-0.019517800000 0.952162230000 -0.304969090000 -0.208278680000
-0.172552390000 0.297242180000 0.939080810000 0.718547850000
0.000000000000 0.000000000000 0.000000000000 1.000000000000
16 54 60
0.551383670000 -0.475525700000 0.685457040000 -0.657327470000
0.627420420000 0.777895730000 0.034954830000 -1.058416150000
-0.549836030000 0.410796220000 0.727273550000 1.038453940000
0.000000000000 0.000000000000 0.000000000000 1.000000000000
16 55 60
0.682366620000 -0.268469190000 0.679926530000 -0.954571220000
0.351943890000 0.935878730000 0.016325060000 -0.034138290000
-0.640711560000 0.228156310000 0.733098490000 0.240317900000
0.000000000000 0.000000000000 0.000000000000 1.000000000000
16 56 60
-0.297453640000 -0.922215480000 -0.247062640000 0.694974900000
0.665885290000 -0.385840010000 0.638532910000 -2.133185870000
-0.684191580000 0.025418560000 0.728859230000 -0.141485510000
0.000000000000 0.000000000000 0.000000000000 1.000000000000
16 57 60
0.569815030000 -0.577981510000 0.584164530000 -0.484996150000
0.541876050000 0.798686640000 0.261667710000 -0.077151750000
-0.617803510000 0.167442570000 0.768297990000 -0.035039640000
0.000000000000 0.000000000000 0.000000000000 1.000000000000
16 58 60
0.526743600000 -0.239373090000 0.815623510000 -1.529198060000
0.282285100000 0.954334610000 0.097778150000 0.355511090000
-0.801783200000 0.178734350000 0.570261110000 0.299394040000
0.000000000000 0.000000000000 0.000000000000 1.000000000000
17 19 60
0.783415740000 -0.186068750000 0.592990890000 -1.716323460000
0.059614120000 0.972229700000 0.226308580000 -0.756795290000
-0.618632310000 -0.141943080000 0.772752370000 1.151466220000
0.000000000000 0.000000000000 0.000000000000 1.000000000000
17 20 60
0.998845180000 -0.038205190000 -0.029132060000 -0.121430920000
0.041270410000 0.992723240000 0.113125240000 -0.217678240000
0.024598100000 -0.114196900000 0.993153560000 -0.449249340000
0.000000000000 0.000000000000 0.000000000000 1.000000000000
17 23 60
0.417503820000 0.855190070000 -0.307148990000 1.455320890000
-0.521399570000 -0.051371520000 -0.851764900000 1.600639400000
-0.744199600000 0.515762460000 0.424447930000 1.386472680000
0.000000000000 0.000000000000 0.000000000000 1.000000000000
17 24 60
0.632772330000 0.667643470000 -0.392238920000 1.335535130000
-0.614318870000 0.741208110000 0.270597250000 -1.182711730000
0.471393160000 0.069733320000 0.879161960000 0.859572370000
0.000000000000 0.000000000000 0.000000000000 1.000000000000
17 25 60
0.343737950000 0.495800330000 -0.797512540000 2.341283700000
-0.743183380000 0.662772330000 0.091713170000 -1.032614940000
0.574040660000 0.561172770000 0.596290570000 1.728349040000
0.000000000000 0.000000000000 0.000000000000 1.000000000000
17 26 60
-0.092182920000 0.481085500000 -0.871813660000 2.507919390000
-0.407748190000 0.780530990000 0.473827810000 -1.439662490000
0.908429260000 0.399159270000 0.124210110000 2.764373030000
0.000000000000 0.000000000000 0.000000000000 1.000000000000
17 27 60
0.659812190000 -0.693310400000 0.289773290000 -0.856501610000
0.747237060000 0.646064750000 -0.155682750000 -0.102524530000
-0.079275840000 0.319250720000 0.944348620000 0.587103090000
0.000000000000 0.000000000000 0.000000000000 1.000000000000
17 29 60
0.434243920000 -0.235137610000 -0.869564560000 1.811057630000
0.328584700000 0.940163300000 -0.090139190000 -0.478876970000
0.838727800000 -0.246583210000 0.485522810000 2.207220480000
0.000000000000 0.000000000000 0.000000000000 1.000000000000
17 30 60
0.932664040000 -0.348102610000 0.094669780000 0.346405070000
-0.347615710000 -0.797060690000 0.493819370000 -1.343147150000
-0.096442250000 -0.493476270000 -0.864395780000 4.745057230000
0.000000000000 0.000000000000 0.000000000000 1.000000000000
17 31 60
-0.107574750000 -0.560084070000 0.821421640000 -1.110361710000
0.986246340000 0.044162760000 0.159272720000 0.004367530000
-0.125482360000 0.827257810000 0.547630070000 1.387305020000
0.000000000000 0.000000000000 0.000000000000 1.000000000000
17 32 60
0.471101080000 0.880854950000 -0.046457870000 0.140415940000
0.647846710000 -0.309777910000 0.695939860000 -1.737409400000
0.598630450000 -0.357955600000 -0.716595690000 4.479740610000
0.000000000000 0.000000000000 0.000000000000 1.000000000000
17 33 60
-0.295376020000 0.919579590000 -0.259087620000 0.356466300000
0.781604120000 0.388544570000 0.487983730000 -0.979391870000
0.549406970000 -0.058365260000 -0.833513940000 4.562275730000
0.000000000000 0.000000000000 0.000000000000 1.000000000000
17 34 60
-0.798445140000 0.591411240000 0.112774570000 -0.326173080000
0.452254900000 0.712798620000 -0.536081740000 1.056597060000
-0.397430330000 -0.377029010000 -0.836599220000 4.331098070000
0.000000000000 0.000000000000 0.000000000000 1.000000000000
17 35 60
0.580635330000 -0.811437860000 0.066567340000 -0.501699200000
0.803289230000 0.584280520000 0.115510560000 -0.203455850000
-0.132623640000 -0.013596690000 0.991073210000 -0.127784140000
0.000000000000 0.000000000000 0.000000000000 1.000000000000
17 36 60
0.313738750000 -0.949383850000 -0.015436780000 -0.294588400000
0.402699170000 0.147766140000 -0.903326380000 1.405901860000
0.859884510000 0.277192110000 0.428676050000 1.125688560000
0.000000000000 0.000000000000 0.000000000000 1.000000000000
17 37 60
0.958968900000 -0.282218120000 -0.027047710000 -0.759493020000
0.282816080000 0.945577100000 0.160931700000 -0.232752430000
-0.019842140000 -0.161978030000 0.986594860000 -0.128368640000
0.000000000000 0.000000000000 0.000000000000 1.000000000000
17 39 60
0.917956350000 0.268841320000 -0.291685600000 0.298514020000
-0.208196700000 0.952416390000 0.222614350000 0.048803020000
0.337654080000 -0.143622270000 0.930248550000 -0.597897800000
0.000000000000 0.000000000000 0.000000000000 1.000000000000
17 40 60
-0.370178740000 0.832714610000 -0.411769450000 1.241725840000
-0.881415620000 -0.174853160000 0.438785680000 -1.122103000000
0.293384050000 0.525369150000 0.798694590000 0.289252920000
0.000000000000 0.000000000000 0.000000000000 1.000000000000
17 41 60
0.336814920000 -0.928035610000 0.159077400000 -0.973415010000
0.752055320000 0.163498780000 -0.638498980000 0.863852090000
0.566540830000 0.334690980000 0.753002940000 0.503368630000
0.000000000000 0.000000000000 0.000000000000 1.000000000000
17 42 60
-0.644396480000 -0.127416690000 -0.754001440000 2.063887990000
0.171202660000 -0.985029930000 0.020141690000 -0.926561340000
-0.745280370000 -0.116107820000 0.656563890000 1.576185860000
0.000000000000 0.000000000000 0.000000000000 1.000000000000
17 43 60
-0.822237710000 -0.317545440000 -0.472324080000 1.417694850000
0.251793250000 -0.947209010000 0.198482350000 -1.006779870000
-0.510416790000 0.044271660000 0.858786770000 1.542812800000
0.000000000000 0.000000000000 0.000000000000 1.000000000000
17 44 60
-0.658180480000 -0.293546230000 -0.693274170000 1.597944550000
0.245003360000 -0.954243220000 0.171444540000 -1.148813890000
-0.711879070000 -0.057013050000 0.699984070000 1.920891530000
0.000000000000 0.000000000000 0.000000000000 1.000000000000
17 45 60
0.973562330000 -0.221602700000 0.055395180000 0.043122290000
0.109955490000 0.242088010000 -0.964003730000 1.105183050000
0.200215310000 0.944608720000 0.260054200000 2.587184230000
0.000000000000 0.000000000000 0.000000000000 1.000000000000
17 46 60
0.761887950000 -0.220810910000 -0.608908280000 0.487859010000
-0.296045080000 0.717436200000 -0.630589090000 0.686725920000
0.576093800000 0.660702530000 0.481236020000 2.140893090000
0.000000000000 0.000000000000 0.000000000000 1.000000000000
17 47 60
0.465429510000 -0.592956450000 -0.657098180000 -0.023760580000
0.817116250000 0.573178350000 0.061543640000 -0.501064810000
0.340141760000 -0.565569830000 0.751288460000 1.093944040000
0.000000000000 0.000000000000 0.000000000000 1.000000000000
17 48 60
-0.338953940000 0.280116840000 -0.898134060000 1.276594920000
0.426758330000 -0.805001870000 -0.412127780000 -0.130678470000
-0.838443530000 -0.522978530000 0.153316360000 2.969554730000
0.000000000000 0.000000000000 0.000000000000 1.000000000000
17 49 60
0.908350760000 0.287236860000 -0.303963630000 -0.834220000000
-0.343846690000 0.926664260000 -0.151864440000 -0.021055770000
0.238051160000 0.242463060000 0.940501630000 0.571889680000
0.000000000000 0.000000000000 0.000000000000 1.000000000000
17 50 60
-0.986610830000 0.079294530000 0.142518270000 -0.364279590000
0.065530480000 0.992946360000 -0.098809340000 -0.567896260000
-0.149348040000 -0.088147070000 -0.984847840000 3.916697820000
0.000000000000 0.000000000000 0.000000000000 1.000000000000
17 51 60
0.313675330000 -0.749682740000 -0.582738000000 -0.540409070000
0.929370310000 0.116606070000 0.350248270000 -0.645029460000
-0.194624290000 -0.651443630000 0.733309330000 1.021376550000
0.000000000000 0.000000000000 0.000000000000 1.000000000000
17 52 60
-0.592673570000 -0.133369740000 -0.794323960000 2.002866640000
-0.034331230000 0.989482190000 -0.140521720000 -0.508030420000
0.804710760000 -0.056013390000 -0.591018690000 3.131840240000
0.000000000000 0.000000000000 0.000000000000 1.000000000000
17 53 60
0.964010220000 0.194149950000 -0.181631750000 -0.771128620000
-0.238383860000 0.933697910000 -0.267172870000 0.296607630000
0.117717590000 0.300855460000 0.946376540000 0.754004350000
0.000000000000 0.000000000000 0.000000000000 1.000000000000
17 54 60
0.988882640000 0.127756730000 -0.076087720000 -0.628431930000
-0.133352970000 0.988327100000 -0.073665030000 0.036508500000
0.065788350000 0.082992590000 0.994376250000 0.100681840000
0.000000000000 0.000000000000 0.000000000000 1.000000000000
17 55 60
0.770213740000 -0.272542310000 0.576620750000 -1.073296190000
0.455853570000 0.867558730000 -0.198845120000 0.622495950000
-0.446058650000 0.416007870000 0.792445030000 0.752620850000
0.000000000000 0.000000000000 0.000000000000 1.000000000000
17 56 60
-0.398144780000 -0.584295300000 0.707163160000 -2.295864090000
0.280397030000 0.656484200000 0.700289940000 -1.422271270000
-0.873417560000 0.477103230000 -0.097541090000 2.616074850000
0.000000000000 0.000000000000 0.000000000000 1.000000000000
17 57 60
0.447021470000 -0.318182530000 0.836021340000 -1.490393170000
0.357160670000 0.920357470000 0.159305960000 0.107459410000
-0.820126860000 0.227380760000 0.525061830000 0.960823900000
0.000000000000 0.000000000000 0.000000000000 1.000000000000
17 58 60
-0.374532070000 0.421321160000 0.825962590000 -2.049516650000
-0.808144620000 0.288381090000 -0.513554890000 0.618780630000
-0.454563540000 -0.859840000000 0.232480470000 1.394908910000
0.000000000000 0.000000000000 0.000000000000 1.000000000000
17 59 60
0.975243390000 -0.175259620000 0.134849540000 -0.448675940000
0.154834690000 0.976572230000 0.149441930000 0.208798910000
-0.157881450000 -0.124862870000 0.979531880000 -0.005101530000
0.000000000000 0.000000000000 0.000000000000 1.000000000000
18 23 60
-0.959508420000 -0.267158350000 -0.089274910000 -0.243311090000
0.229190220000 -0.556209190000 -0.798813610000 1.855900030000
0.163754200000 -0.786929320000 0.594917480000 0.932803790000
0.000000000000 0.000000000000 0.000000000000 1.000000000000
18 24 60
0.671174680000 0.043643650000 -0.740013370000 2.150647230000
0.209422760000 0.946437750000 0.245759410000 -0.388969340000
0.711102430000 -0.319923140000 0.626085080000 1.332149040000
0.000000000000 0.000000000000 0.000000000000 1.000000000000
18 25 60
-0.922868910000 -0.074448400000 -0.377849720000 0.896959900000
-0.066697370000 -0.935412850000 0.347209230000 -0.957769110000
-0.379294660000 0.345630190000 0.858297930000 0.588500020000
0.000000000000 0.000000000000 0.000000000000 1.000000000000
18 26 60
0.248090220000 -0.116271160000 -0.961733990000 3.067226210000
-0.270614830000 0.944930690000 -0.184047860000 0.442932460000
0.930171410000 0.305919950000 0.202963360000 2.794872270000
0.000000000000 0.000000000000 0.000000000000 1.000000000000
18 27 60
-0.277003580000 0.159506070000 -0.947537240000 2.755994510000
-0.704078780000 -0.704748230000 0.087195220000 -0.417176160000
-0.653867030000 0.691294250000 0.307522620000 2.183385710000
0.000000000000 0.000000000000 0.000000000000 1.000000000000
18 28 60
0.947234710000 -0.286505790000 -0.143738810000 0.661091510000
-0.305451360000 -0.670835510000 -0.675780430000 1.338809310000
0.097189900000 0.684027890000 -0.722952260000 4.209154140000
0.000000000000 0.000000000000 0.000000000000 1.000000000000
18 29 60
0.615323890000 0.589400360000 0.523434540000 -1.553902000000
0.667430980000 -0.742862120000 0.051882270000 -0.749702150000
0.419419120000 0.317432030000 -0.850484870000 4.105463250000
0.000000000000 0.000000000000 0.000000000000 1.000000000000
18 30 60
0.950134540000 -0.307746480000 0.050363310000 0.985537310000
-0.306140760000 -0.889786990000 0.338462610000 -1.018001410000
-0.059348060000 -0.337003280000 -0.939631100000 4.853401710000
0.000000000000 0.000000000000 0.000000000000 1.000000000000
18 31 60
-0.918661380000 -0.368245820000 0.143025470000 -0.718634240000
0.385243810000 -0.915241440000 0.117984400000 -0.205981760000
0.087455570000 0.163487390000 0.982661380000 0.800334510000
0.000000000000 0.000000000000 0.000000000000 1.000000000000
18 32 60
0.639824600000 0.091336490000 -0.763074130000 1.835251360000
-0.731782670000 0.375728570000 -0.568614250000 0.382245150000
0.234773520000 0.922217810000 0.307238840000 2.296221600000
0.000000000000 0.000000000000 0.000000000000 1.000000000000
18 33 60
-0.550898680000 0.430856450000 -0.714754060000 1.382046410000
-0.831574750000 -0.210865810000 0.513827840000 -1.396438300000
0.070668840000 0.877438500000 0.474455040000 1.546653030000
0.000000000000 0.000000000000 0.000000000000 1.000000000000
18 34 60
-0.210159990000 0.951786330000 -0.223462670000 0.412285110000
0.967095520000 0.235905930000 0.095260920000 0.115226350000
0.143384210000 -0.196089710000 -0.970046280000 4.470623490000
0.000000000000 0.000000000000 0.000000000000 1.000000000000
18 36 60
-0.763331340000 -0.226700040000 -0.604923430000 1.229356790000
-0.577679380000 -0.179601040000 0.796260010000 -1.558801270000
-0.289157050000 0.957262010000 0.006135170000 1.927611100000
0.000000000000 0.000000000000 0.000000000000 1.000000000000
18 37 60
0.962067300000 -0.099698730000 0.253942270000 -0.862493860000
0.023950650000 0.958103930000 0.285417640000 -0.303076040000
-0.271758860000 -0.268508900000 0.924148310000 0.177295500000
0.000000000000 0.000000000000 0.000000000000 1.000000000000
18 38 60
-0.109761640000 0.546984280000 -0.829916010000 2.530608110000
0.235295120000 -0.796929570000 -0.556362710000 0.576717250000
-0.965706260000 -0.256342480000 -0.041230440000 2.700219070000
0.000000000000 0.000000000000 0.000000000000 1.000000000000
18 39 60
0.990340760000 0.062394280000 -0.123822980000 0.159765650000
-0.002394920000 0.900594350000 0.434653970000 -0.515135340000
0.138634200000 -0.430159000000 0.892044730000 -0.321554860000
0.000000000000 0.000000000000 0.000000000000 1.000000000000
18 41 60
0.588627790000 -0.748039920000 0.306518520000 -0.703882970000
0.521612480000 0.061768930000 -0.850943610000 1.729193830000
0.617606460000 0.660772940000 0.426545870000 1.409103450000
0.000000000000 0.000000000000 0.000000000000 1.000000000000
18 42 60
0.843367600000 -0.229574210000 0.485825860000 -0.720088560000
0.536652860000 0.314254050000 -0.783101590000 0.993587210000
0.027107180000 0.921162350000 0.388233340000 1.871440040000
0.000000000000 0.000000000000 0.000000000000 1.000000000000
18 43 60
-0.692692470000 -0.385559650000 -0.609525140000 1.819616960000
0.388102460000 -0.911589720000 0.135575310000 -0.732055680000
-0.607909220000 -0.142646210000 0.781087980000 1.996736060000
0.000000000000 0.000000000000 0.000000000000 1.000000000000
18 44 60
-0.903436390000 0.230495030000 -0.361489610000 1.482795760000
-0.216608400000 -0.973049420000 -0.079092580000 -0.167485480000
-0.369977700000 0.006846570000 0.929015410000 1.438565050000
0.000000000000 0.000000000000 0.000000000000 1.000000000000
18 45 60
0.617239420000 -0.349390370000 0.704941030000 -1.928466190000
-0.641337100000 -0.742439450000 0.193572700000 -0.604535210000
0.455743600000 -0.571585540000 -0.682339910000 3.210173480000
0.000000000000 0.000000000000 0.000000000000 1.000000000000
18 46 60
0.344277670000 0.935902500000 -0.074561320000 1.070703650000
-0.917964820000 0.318884820000 -0.235909000000 0.152878170000
-0.197011350000 0.149662860000 0.968910500000 1.872929550000
0.000000000000 0.000000000000 0.000000000000 1.000000000000
18 47 60
0.364545540000 -0.224410420000 0.903740290000 -1.713255490000
-0.632352270000 -0.772085920000 0.063355670000 -0.185762440000
0.683547480000 -0.594578250000 -0.423366910000 2.842963760000
0.000000000000 0.000000000000 0.000000000000 1.000000000000
18 48 60
0.846092500000 -0.517785270000 0.126593430000 -0.318208390000
0.485143050000 0.649649840000 -0.585313010000 0.374743020000
0.220825050000 0.556644870000 0.800863780000 1.815134010000
0.000000000000 0.000000000000 0.000000000000 1.000000000000
18 49 60
0.927896300000 0.372705620000 0.009949020000 -0.994923330000
-0.360583440000 0.903862730000 -0.230242800000 -0.037750770000
-0.094805340000 0.210053990000 0.973082350000 0.898876240000
0.000000000000 0.000000000000 0.000000000000 1.000000000000
18 50 60
0.999770330000 -0.011990330000 -0.017762990000 -1.105288600000
0.011903830000 0.999916810000 -0.004967360000 -0.428367830000
0.017821070000 0.004754770000 0.999829890000 0.904753540000
0.000000000000 0.000000000000 0.000000000000 1.000000000000
18 51 60
0.355573780000 0.934545250000 0.013873270000 1.049851090000
-0.877592040000 0.338937490000 -0.339048060000 -0.053889560000
-0.321557920000 0.108381530000 0.940666760000 2.403933710000
0.000000000000 0.000000000000 0.000000000000 1.000000000000
18 52 60
0.966692000000 0.170012340000 -0.191317480000 -1.101074530000
-0.165289620000 0.985413180000 0.040499440000 -0.253916480000
0.195412170000 -0.007527690000 0.980692320000 0.906551540000
0.000000000000 0.000000000000 0.000000000000 1.000000000000
18 53 60
0.984069760000 0.147063140000 0.099895680000 -0.990345770000
-0.151114340000 0.987923280000 0.034235300000 -0.279314310000
-0.093654520000 -0.048785590000 0.994408770000 0.897385910000
0.000000000000 0.000000000000 0.000000000000 1.000000000000
18 54 60
-0.514874340000 0.753982970000 -0.407938840000 1.142769000000
0.805230350000 0.588620700000 0.071622350000 -0.546475750000
0.294123280000 -0.291608220000 -0.910195660000 4.473162030000
0.000000000000 0.000000000000 0.000000000000 1.000000000000
18 56 60
0.293360550000 -0.017733610000 -0.955837390000 2.552863410000
-0.818252750000 0.512376120000 -0.260639890000 0.165451630000
0.494370340000 0.858578030000 0.135800370000 2.988265110000
0.000000000000 0.000000000000 0.000000000000 1.000000000000
18 57 60
0.019576460000 -0.066082890000 0.997622080000 -2.280579390000
-0.810472980000 0.583231700000 0.054537510000 -0.732343650000
-0.585448820000 -0.809613390000 -0.042140780000 2.046560060000
0.000000000000 0.000000000000 0.000000000000 1.000000000000
18 58 60
0.958954940000 0.282844370000 -0.020112010000 0.742339090000
0.159995140000 -0.481160080000 0.861908660000 -3.207978230000
0.234108920000 -0.829749390000 -0.506664550000 3.780048310000
0.000000000000 0.000000000000 0.000000000000 1.000000000000
18 59 60
0.891573510000 -0.204953580000 0.403844920000 -0.605039740000
0.210763780000 0.977059300000 0.030557250000 0.286775750000
-0.400843250000 0.057871850000 0.914316980000 0.279434700000
0.000000000000 0.000000000000 0.000000000000 1.000000000000
19 21 60
-0.901142170000 -0.403851790000 -0.157627770000 0.281008500000
0.365546030000 -0.512363450000 -0.777084160000 1.682732840000
0.233064120000 -0.757883510000 0.609338730000 0.471711410000
0.000000000000 0.000000000000 0.000000000000 1.000000000000
19 23 60
0.396671400000 0.240621100000 -0.885863020000 2.596385670000
-0.311381780000 0.943087750000 0.116734260000 -0.792701190000
0.863535290000 0.229536460000 0.449020960000 1.723034530000
0.000000000000 0.000000000000 0.000000000000 1.000000000000
19 24 60
0.964229050000 0.212571720000 -0.158352760000 1.715131630000
-0.188251940000 0.969735880000 0.155478400000 -0.639403880000
0.186610670000 -0.120106580000 0.975064550000 0.425093560000
0.000000000000 0.000000000000 0.000000000000 1.000000000000
19 25 60
0.644449940000 0.335371230000 -0.687175680000 1.900981490000
-0.143656480000 0.935784510000 0.321978500000 -0.724476500000
0.751030690000 -0.108781790000 0.651244520000 1.102262420000
0.000000000000 0.000000000000 0.000000000000 1.000000000000
19 26 60
-0.760812200000 -0.390451390000 0.518374870000 -1.516016000000
-0.208123530000 -0.609777920000 -0.764758450000 1.282385050000
0.614694550000 -0.689723570000 0.382664360000 1.535753870000
0.000000000000 0.000000000000 0.000000000000 1.000000000000
19 27 60
0.950852520000 0.156099780000 -0.267417910000 0.658838780000
-0.129723320000 0.985007040000 0.113723270000 0.013205290000
0.281160700000 -0.073443720000 0.956846220000 -0.625096110000
0.000000000000 0.000000000000 0.000000000000 1.000000000000
19 28 60
-0.911967060000 0.237999030000 0.334174420000 -1.104263600000
0.167184340000 0.959424820000 -0.227053750000 0.196277040000
-0.374653810000 -0.151196810000 -0.914753550000 4.841987910000
0.000000000000 0.000000000000 0.000000000000 1.000000000000
19 29 60
-0.950315930000 -0.236103490000 -0.202866400000 0.140088010000
0.244306670000 -0.969565620000 -0.016023820000 -0.419512380000
-0.192909000000 -0.064789300000 0.979075310000 0.566537230000
0.000000000000 0.000000000000 0.000000000000 1.000000000000
19 30 60
-0.916117100000 0.185003170000 0.355672990000 -1.087997080000
-0.249196460000 0.432191770000 -0.866666830000 1.210429140000
-0.314055050000 -0.882600760000 -0.349836140000 2.880493250000
0.000000000000 0.000000000000 0.000000000000 1.000000000000
19 31 60
0.759844090000 -0.548728680000 0.348616980000 -0.279376410000
-0.484916880000 -0.835558330000 -0.258259350000 0.362943590000
0.433004140000 0.027186580000 -0.900981860000 4.008044920000
0.000000000000 0.000000000000 0.000000000000 1.000000000000
19 32 60
0.091807890000 0.895886900000 -0.434692970000 2.267726570000
0.944874240000 0.059408970000 0.321998830000 -0.529171450000
0.314299190000 -0.440292230000 -0.841046240000 5.101564850000
0.000000000000 0.000000000000 0.000000000000 1.000000000000
19 33 60
-0.891639370000 0.431827320000 -0.136030860000 0.218993590000
0.021556180000 0.340607650000 0.939958380000 -1.929241910000
0.452232860000 0.835171600000 -0.313007740000 3.285580410000
0.000000000000 0.000000000000 0.000000000000 1.000000000000
19 34 60
0.413760120000 0.548601640000 -0.726525160000 1.375065740000
-0.652040630000 0.735507350000 0.184043370000 -0.090488180000
0.635331090000 0.397574110000 0.662034170000 0.542436280000
0.000000000000 0.000000000000 0.000000000000 1.000000000000
19 35 60
-0.684960950000 -0.726895480000 -0.049512190000 -0.737751590000
0.559485580000 -0.481243910000 -0.674818630000 1.722884260000
0.466695180000 -0.489925770000 0.736320820000 0.587776330000
0.000000000000 0.000000000000 0.000000000000 1.000000000000
19 36 60
0.759950560000 -0.471988490000 0.446880310000 -1.278458730000
0.592354760000 0.785939690000 -0.177241750000 0.081296200000
-0.267564910000 0.399406650000 0.876859940000 0.826935730000
0.000000000000 0.000000000000 0.000000000000 1.000000000000
19 37 60
0.911962720000 -0.165154280000 0.375563650000 -0.729424900000
0.124057990000 0.983553120000 0.131274020000 -0.438293670000
-0.391067270000 -0.073125340000 0.917452490000 0.569284470000
0.000000000000 0.000000000000 0.000000000000 1.000000000000
19 38 60
0.921174480000 -0.333798860000 0.200039770000 -0.552842640000
0.330518790000 0.942442370000 0.050593490000 -0.214141430000
-0.205414000000 0.019511480000 0.978480650000 0.109381100000
0.000000000000 0.000000000000 0.000000000000 1.000000000000
19 39 60
0.962041440000 0.002493070000 0.272892030000 -0.696310050000
-0.090161530000 0.946712570000 0.309202550000 -0.285714800000
-0.257579450000 -0.322070030000 0.911001500000 -0.146095040000
0.000000000000 0.000000000000 0.000000000000 1.000000000000
19 40 60
-0.514236370000 0.617814300000 -0.594866750000 1.238891390000
-0.856325190000 -0.331347450000 0.396126290000 -0.915209300000
0.047624910000 0.713101930000 0.699440860000 -0.105628630000
0.000000000000 0.000000000000 0.000000000000 1.000000000000
19 41 60
-0.663290010000 -0.627314270000 0.408072500000 -1.273018760000
0.404496540000 0.158246840000 0.900744410000 -2.817156230000
-0.629626010000 0.762518680000 0.148782900000 1.994251870000
0.000000000000 0.000000000000 0.000000000000 1.000000000000
19 42 60
0.029979360000 -0.997741360000 0.060111620000 -0.331191030000
0.468298210000 -0.039109850000 -0.882704480000 1.603387330000
0.883061730000 0.054613080000 0.466068010000 1.052890070000
0.000000000000 0.000000000000 0.000000000000 1.000000000000
19 43 60
0.942027864000 0.045238576300 -0.332471013000 0.667056716000
-0.332887997000 0.001798328390 -0.942964659000 1.636088430000
-0.042060486600 0.998974593000 0.016753454500 2.745506490000
0.000000000000 0.000000000000 0.000000000000 1.000000000000
19 44 60
0.835587270000 0.223481980000 -0.501846310000 -0.110799460000
-0.335277600000 0.931110490000 -0.143604270000 -0.131825200000
0.435181400000 0.288251730000 0.852952570000 0.686401830000
0.000000000000 0.000000000000 0.000000000000 1.000000000000
19 45 60
-0.917786340000 0.265830000000 0.294962120000 0.026961700000
0.276676920000 0.960949200000 -0.005149220000 -0.619251270000
-0.284812430000 0.076883320000 -0.955495070000 4.411831660000
0.000000000000 0.000000000000 0.000000000000 1.000000000000
19 46 60
-0.808483880000 0.183293280000 -0.559247160000 0.917353360000
-0.170740220000 -0.982445040000 -0.075163300000 -0.451301520000
-0.563206520000 0.034717660000 0.825586520000 1.553370430000
0.000000000000 0.000000000000 0.000000000000 1.000000000000
19 47 60
0.663480400000 -0.200428410000 0.720848260000 -1.316646800000
-0.449251640000 -0.877157780000 0.169608960000 -0.504419630000
0.598303200000 -0.436374480000 -0.672019780000 3.398307830000
0.000000000000 0.000000000000 0.000000000000 1.000000000000
19 48 60
0.642519930000 0.402240800000 0.652204320000 -1.307589130000
0.205432910000 -0.910407850000 0.359102870000 -1.218826690000
0.738217760000 -0.096746520000 -0.667588680000 3.579233540000
0.000000000000 0.000000000000 0.000000000000 1.000000000000
19 49 60
0.882482610000 0.323641310000 0.341292750000 -1.158682720000
-0.268767780000 0.942471770000 -0.198773360000 -0.283430690000
-0.385990050000 0.083685540000 0.918699300000 1.391457040000
0.000000000000 0.000000000000 0.000000000000 1.000000000000
19 50 60
-0.317059290000 0.549869190000 -0.772733640000 1.455219120000
-0.676759160000 -0.701984340000 -0.221844600000 -0.280287250000
-0.664432430000 0.452616680000 0.594699670000 2.294006360000
0.000000000000 0.000000000000 0.000000000000 1.000000000000
19 51 60
0.958265190000 -0.025209430000 0.284767100000 0.005818750000
-0.241608890000 -0.603880190000 0.759574790000 -1.483628830000
0.152816760000 -0.796676350000 -0.584768190000 3.299847790000
0.000000000000 0.000000000000 0.000000000000 1.000000000000
19 52 60
-0.973406580000 -0.219037470000 -0.067098540000 1.206788640000
-0.222351210000 0.973851340000 0.046620990000 -0.431622310000
0.055132260000 0.060300620000 -0.996656540000 4.059822410000
0.000000000000 0.000000000000 0.000000000000 1.000000000000
19 53 60
-0.450837040000 0.723492880000 -0.522784870000 1.100060940000
0.886570240000 0.430947100000 -0.168160070000 -0.548250370000
0.103630010000 -0.539298300000 -0.835714170000 3.632981550000
0.000000000000 0.000000000000 0.000000000000 1.000000000000
19 54 60
-0.512387760000 0.305283820000 -0.802658440000 2.577188050000
-0.786496910000 -0.542100550000 0.295887830000 -0.822643990000
-0.344791810000 0.782897690000 0.517870470000 1.275325490000
0.000000000000 0.000000000000 0.000000000000 1.000000000000
19 55 60
-0.902532630000 0.380391490000 0.201834500000 -0.578911080000
-0.386132940000 -0.507411130000 -0.770347520000 1.638460240000
-0.190620570000 -0.773198720000 0.604836790000 0.326258130000
0.000000000000 0.000000000000 0.000000000000 1.000000000000
19 56 60
0.087931370000 -0.668603310000 0.738402120000 -1.848112780000
0.748278900000 0.533640430000 0.394089550000 -0.676299770000
-0.657530800000 0.517877890000 0.547225480000 0.567964110000
0.000000000000 0.000000000000 0.000000000000 1.000000000000
19 57 60
0.684085460000 -0.307844320000 0.661255590000 -1.271153510000
0.416490410000 0.909108010000 -0.007638950000 0.713752530000
-0.598801150000 0.280632310000 0.750121790000 -0.126453280000
0.000000000000 0.000000000000 0.000000000000 1.000000000000
19 58 60
0.283798220000 -0.781839870000 0.555144110000 -1.452141000000
0.887502560000 0.433366570000 0.156628910000 0.063630230000
-0.363039630000 0.448240820000 0.816873550000 0.491175070000
0.000000000000 0.000000000000 0.000000000000 1.000000000000
19 59 60
0.666887420000 -0.609540600000 0.428627370000 -0.946197280000
0.505135600000 0.792677020000 0.341322680000 -0.382410390000
-0.547813100000 -0.011108850000 0.836526990000 0.372517020000
0.000000000000 0.000000000000 0.000000000000 1.000000000000
20 23 60
0.230750710000 -0.351575910000 -0.907275310000 1.878212150000
0.925634230000 -0.208102330000 0.316061200000 -0.785460570000
-0.299925610000 -0.912736440000 0.277410930000 1.511544550000
0.000000000000 0.000000000000 0.000000000000 1.000000000000
20 24 60
-0.565338130000 0.724540220000 0.394251530000 -1.353784680000
-0.188578290000 -0.578831790000 0.793342290000 -2.356257330000
0.803013720000 0.374159360000 0.463868240000 1.291616040000
0.000000000000 0.000000000000 0.000000000000 1.000000000000
20 26 60
0.926075250000 -0.286394570000 -0.245688400000 0.803370110000
0.259205890000 0.956003180000 -0.137368960000 0.514110300000
0.274220620000 0.063530120000 0.959566040000 0.238500810000
0.000000000000 0.000000000000 0.000000000000 1.000000000000
20 27 60
0.677524920000 -0.636835990000 0.367967270000 -1.507299800000
-0.683356550000 -0.730065750000 -0.005275050000 -0.797272990000
0.271999640000 -0.247878870000 -0.929823780000 4.725086010000
0.000000000000 0.000000000000 0.000000000000 1.000000000000
20 29 60
-0.531447860000 0.765731830000 0.362240160000 -0.631696910000
0.313382130000 0.575014900000 -0.755744340000 1.491424320000
-0.786990990000 -0.288119120000 -0.545557110000 3.270482260000
0.000000000000 0.000000000000 0.000000000000 1.000000000000
20 30 60
-0.892399900000 0.449553580000 -0.039038490000 -0.068440960000
0.004688990000 0.095746440000 0.995394710000 -1.573883920000
0.451221050000 0.888107090000 -0.087552070000 2.309331140000
0.000000000000 0.000000000000 0.000000000000 1.000000000000
20 31 60
0.332415610000 -0.736297880000 -0.589377050000 0.784259600000
0.939255000000 0.315059360000 0.136153060000 0.084657730000
0.085439550000 -0.598834740000 0.796302110000 0.775198680000
0.000000000000 0.000000000000 0.000000000000 1.000000000000
20 32 60
0.953853730000 0.200357270000 -0.223651580000 0.918968280000
0.067627000000 -0.869038300000 -0.490101030000 1.197587010000
-0.292557090000 0.452359810000 -0.842484980000 3.456666700000
0.000000000000 0.000000000000 0.000000000000 1.000000000000
20 33 60
0.024957170000 -0.863505920000 0.503720830000 -1.301790210000
0.396563690000 0.471088070000 0.787917040000 -1.650035370000
-0.917667900000 0.180093220000 0.354192120000 1.751657200000
0.000000000000 0.000000000000 0.000000000000 1.000000000000
20 34 60
0.157954350000 0.707483180000 -0.688852650000 2.189028660000
-0.808858180000 0.492846250000 0.320703940000 -0.818257050000
0.566391090000 0.506527520000 0.650100770000 1.433770660000
0.000000000000 0.000000000000 0.000000000000 1.000000000000
20 35 60
-0.931617180000 0.362781710000 -0.021882870000 -0.139868630000
-0.093142310000 -0.296520100000 -0.950473740000 1.549711700000
-0.351303210000 -0.883439450000 0.310033550000 1.243329360000
0.000000000000 0.000000000000 0.000000000000 1.000000000000
20 36 60
0.026076810000 0.858672690000 -0.511860530000 0.890015580000
-0.971315250000 0.142830320000 0.190121500000 -0.234709320000
0.236361340000 0.492220180000 0.837766440000 0.184783370000
0.000000000000 0.000000000000 0.000000000000 1.000000000000
20 37 60
0.711701810000 -0.571272920000 0.408812650000 -1.140223290000
0.689882600000 0.678114300000 -0.253422570000 -0.165319250000
-0.132448250000 0.462394030000 0.876726420000 0.827976900000
0.000000000000 0.000000000000 0.000000000000 1.000000000000
20 38 60
0.998476440000 -0.035036380000 -0.042629130000 -0.714975870000
0.044483880000 0.968207700000 0.246160580000 -0.331028900000
0.032649280000 -0.247681850000 0.968291140000 0.561002250000
0.000000000000 0.000000000000 0.000000000000 1.000000000000
20 39 60
-0.924946830000 0.273754630000 -0.263688780000 0.934639520000
0.246718590000 -0.095328010000 -0.964387120000 1.656045640000
-0.289142370000 -0.957063720000 0.020632990000 2.015109940000
0.000000000000 0.000000000000 0.000000000000 1.000000000000
20 40 60
0.132291590000 0.894239150000 -0.427592420000 0.858764250000
-0.990575480000 0.134716010000 -0.024734950000 -0.083026750000
0.035484580000 0.426834790000 0.903633170000 0.219417940000
0.000000000000 0.000000000000 0.000000000000 1.000000000000
20 41 60
0.278156920000 0.958174720000 -0.067304820000 -0.066285110000
-0.959773600000 0.274462520000 -0.059202680000 0.209248060000
-0.038253860000 0.081065030000 0.995974450000 -0.085385790000
0.000000000000 0.000000000000 0.000000000000 1.000000000000
20 42 60
0.539336030000 -0.799564690000 0.264221410000 -0.942820710000
-0.456637230000 -0.014063800000 0.889541820000 -1.701046860000
-0.707530270000 -0.600415280000 -0.372696120000 3.213923410000
0.000000000000 0.000000000000 0.000000000000 1.000000000000
20 43 60
0.945589600000 0.317628880000 0.070513900000 -0.488072400000
-0.267971350000 0.637370860000 0.722460890000 -1.011667180000
0.184530940000 -0.702047210000 0.687806700000 0.404130560000
0.000000000000 0.000000000000 0.000000000000 1.000000000000
20 44 60
-0.756003850000 -0.605360700000 0.248991160000 -0.526802850000
0.597834370000 -0.483668570000 0.639264250000 -1.853573250000
-0.266556260000 0.632141710000 0.727560730000 1.792031960000
0.000000000000 0.000000000000 0.000000000000 1.000000000000
20 45 60
0.988353780000 0.136855710000 0.066538040000 -0.394821410000
0.124041090000 -0.977830650000 0.168703970000 0.037494100000
0.088151040000 -0.158485750000 -0.983418360000 3.472577140000
0.000000000000 0.000000000000 0.000000000000 1.000000000000
20 46 60
-0.938771390000 -0.331310880000 0.094558850000 -0.302581120000
0.116275970000 -0.046304620000 0.992136980000 -1.157847840000
-0.324327260000 0.942384730000 0.081992940000 1.596726330000
0.000000000000 0.000000000000 0.000000000000 1.000000000000
20 47 60
-0.880049090000 -0.240422700000 -0.409524760000 1.346514850000
0.139987330000 -0.955390630000 0.260062090000 -1.421312270000
-0.453780950000 0.171539130000 0.874446780000 2.146113940000
0.000000000000 0.000000000000 0.000000000000 1.000000000000
20 48 60
0.794809090000 0.461611590000 0.393945740000 -1.093342200000
-0.436809330000 0.885806370000 -0.156667420000 -0.331030700000
-0.421279140000 -0.047558480000 0.905683210000 2.034070050000
0.000000000000 0.000000000000 0.000000000000 1.000000000000
20 49 60
-0.473592710000 0.879054110000 0.054532760000 -0.903858010000
0.874273500000 0.461719960000 0.149868380000 -0.937721500000
0.106563550000 0.118653120000 -0.987200920000 4.251827120000
0.000000000000 0.000000000000 0.000000000000 1.000000000000
20 50 60
0.982731100000 0.113419300000 -0.146204150000 -0.695061250000
-0.148830180000 0.953982450000 -0.260321090000 -0.286859190000
0.109950750000 0.277585220000 0.954388430000 1.994115650000
0.000000000000 0.000000000000 0.000000000000 1.000000000000
20 51 60
-0.944738040000 0.172964740000 0.278483820000 -0.892267150000
0.191114170000 0.980785480000 0.039181880000 -0.888852160000
-0.266355810000 0.090238820000 -0.959641360000 4.140631840000
0.000000000000 0.000000000000 0.000000000000 1.000000000000
20 52 60
0.957420013000 0.114989465000 0.264810011000 -0.511321736000
-0.119117262000 0.992880080000 -0.000473918724 -0.668011545000
-0.262979081000 -0.031089704200 0.964300489000 2.319604430000
0.000000000000 0.000000000000 0.000000000000 1.000000000000
20 53 60
0.920323370000 0.009776960000 0.391036190000 -1.205106810000
-0.049183700000 0.994645880000 0.090887490000 -0.787241390000
-0.388053940000 -0.102878490000 0.915876720000 1.908814720000
0.000000000000 0.000000000000 0.000000000000 1.000000000000
20 56 60
0.720694270000 -0.687138250000 -0.091873830000 0.085023910000
0.686213670000 0.725921800000 -0.046350170000 0.413388270000
0.098542190000 -0.029640780000 0.994691340000 0.079228860000
0.000000000000 0.000000000000 0.000000000000 1.000000000000
20 57 60
0.483652880000 -0.262847400000 0.834859950000 -0.833857850000
-0.816566490000 -0.478914230000 0.322273670000 -1.409876590000
0.315117520000 -0.837587250000 -0.446260630000 3.736200290000
0.000000000000 0.000000000000 0.000000000000 1.000000000000
20 58 60
0.962204290000 -0.091987320000 -0.256322540000 0.588954850000
0.056837240000 0.988330270000 -0.141325150000 0.616286720000
0.266331450000 0.121415000000 0.956203930000 0.397629180000
0.000000000000 0.000000000000 0.000000000000 1.000000000000
20 59 60
-0.010738050000 -0.875017900000 -0.483971460000 0.404606090000
0.651176000000 0.361185330000 -0.667469080000 1.759113410000
0.758850780000 -0.322317920000 0.565912230000 1.485398110000
0.000000000000 0.000000000000 0.000000000000 1.000000000000
21 23 60
0.864450190000 -0.310885580000 0.395064580000 -1.389471030000
0.337483330000 0.941328700000 0.002298330000 0.010580650000
-0.372600140000 0.131340920000 0.918650480000 0.103328200000
0.000000000000 0.000000000000 0.000000000000 1.000000000000
21 24 60
-0.377925690000 0.711411810000 -0.592507740000 1.369792090000
-0.362552130000 0.475143020000 0.801745010000 -1.984987110000
0.851896780000 0.517814980000 0.078355110000 2.766152380000
0.000000000000 0.000000000000 0.000000000000 1.000000000000
21 27 60
0.988110350000 -0.148220810000 0.040847660000 0.217120760000
0.146014850000 0.987885820000 0.052547800000 0.031896040000
-0.048141500000 -0.045958660000 0.997782640000 -0.092615410000
0.000000000000 0.000000000000 0.000000000000 1.000000000000
21 28 60
0.527370000000 0.564587130000 -0.634919100000 2.324979530000
-0.258462700000 0.818473050000 0.513126590000 -1.003432020000
0.809368840000 -0.106504660000 0.577562840000 0.743281010000
0.000000000000 0.000000000000 0.000000000000 1.000000000000
21 29 60
0.690901030000 -0.583498900000 0.426831120000 -0.191421170000
-0.527492640000 -0.810606740000 -0.254299480000 0.659780930000
0.494375650000 -0.049454510000 -0.867840410000 4.565496130000
0.000000000000 0.000000000000 0.000000000000 1.000000000000
21 30 60
-0.125683800000 0.958522150000 0.255810240000 -1.142338780000
-0.359587770000 -0.284335500000 0.888735030000 -2.087833530000
0.924608140000 0.019713370000 0.380409210000 2.245946650000
0.000000000000 0.000000000000 0.000000000000 1.000000000000
21 31 60
-0.053393150000 0.700836800000 -0.711320570000 1.887333220000
0.445421770000 -0.620828920000 -0.645113100000 1.239297120000
-0.893727380000 -0.351282280000 -0.279019950000 2.895825440000
0.000000000000 0.000000000000 0.000000000000 1.000000000000
21 32 60
0.680191150000 0.156742740000 -0.716080810000 1.504671850000
-0.730323390000 0.060962220000 -0.680375890000 0.574926320000
-0.062990100000 0.985756220000 0.155938850000 3.465943600000
0.000000000000 0.000000000000 0.000000000000 1.000000000000
21 33 60
-0.482277800000 -0.619279610000 0.619597360000 -1.911870620000
0.363873770000 0.501770970000 0.784743130000 -1.546816270000
-0.796871390000 0.603919410000 -0.016653390000 2.660666930000
0.000000000000 0.000000000000 0.000000000000 1.000000000000
21 34 60
0.050877250000 0.546807940000 -0.835710830000 2.091260770000
-0.888308400000 0.407202430000 0.212354350000 -0.568841900000
0.456420520000 0.731564940000 0.506451420000 1.855686320000
0.000000000000 0.000000000000 0.000000000000 1.000000000000
21 38 60
0.404013950000 -0.489840610000 0.772547030000 -2.028907480000
0.544104900000 0.807582720000 0.227508270000 -0.630284140000
-0.735338420000 0.328430100000 0.592799360000 1.398092300000
0.000000000000 0.000000000000 0.000000000000 1.000000000000
21 39 60
-0.734840080000 0.573254460000 -0.362476740000 1.398401730000
0.514981910000 0.123804910000 -0.848213400000 1.494413990000
-0.441365720000 -0.809970160000 -0.386192490000 3.514943150000
0.000000000000 0.000000000000 0.000000000000 1.000000000000
21 42 60
0.326259610000 0.359705260000 0.874166340000 -1.465417750000
-0.885720600000 -0.206738990000 0.415641680000 -0.566639350000
0.330232760000 -0.909874230000 0.251147770000 1.572488340000
0.000000000000 0.000000000000 0.000000000000 1.000000000000
21 43 60
0.272630870000 -0.631169850000 -0.726152210000 0.232509280000
-0.110492010000 0.729209520000 -0.675311030000 0.932783750000
0.955753070000 0.264344650000 0.129065800000 2.059872310000
0.000000000000 0.000000000000 0.000000000000 1.000000000000
21 44 60
0.623445730000 0.380106310000 -0.683252970000 2.198568610000
-0.697357780000 0.665500170000 -0.266085800000 0.282083400000
0.353564070000 0.642361820000 0.679973330000 2.029805700000
0.000000000000 0.000000000000 0.000000000000 1.000000000000
21 45 60
-0.885884360000 -0.208928930000 0.414195120000 -0.684020910000
-0.329425920000 0.911956520000 -0.244568740000 -0.448980920000
-0.326630460000 -0.353106230000 -0.876714630000 4.820581630000
0.000000000000 0.000000000000 0.000000000000 1.000000000000
21 46 60
0.911573300000 -0.373283160000 -0.172318890000 -0.471468020000
-0.142241430000 0.106904240000 -0.984042100000 0.379924640000
0.385747960000 0.921537390000 0.044354720000 2.913794290000
0.000000000000 0.000000000000 0.000000000000 1.000000000000
21 47 60
-0.746832560000 -0.439744160000 -0.498864910000 0.480000770000
0.580767670000 -0.796726460000 -0.167140240000 -0.951479810000
-0.323959930000 -0.414550390000 0.850410460000 2.152285000000
0.000000000000 0.000000000000 0.000000000000 1.000000000000
21 48 60
0.964744290000 0.237837000000 0.112703200000 -1.151345020000
-0.171958800000 0.893795590000 -0.414197560000 -0.148054200000
-0.199245130000 0.380214420000 0.903182360000 1.931304060000
0.000000000000 0.000000000000 0.000000000000 1.000000000000
21 49 60
0.588623920000 0.209052400000 0.780909070000 -1.615217850000
-0.481097830000 -0.685715270000 0.546204580000 -1.759284340000
0.649666650000 -0.697202740000 -0.303053750000 3.479015020000
0.000000000000 0.000000000000 0.000000000000 1.000000000000
21 50 60
-0.763688600000 -0.214876330000 -0.608775720000 0.589000220000
-0.306746840000 -0.708962420000 0.635042260000 -1.856617580000
-0.568054660000 0.671714560000 0.475513890000 2.854280380000
0.000000000000 0.000000000000 0.000000000000 1.000000000000
21 51 60
0.550098430000 0.789766380000 0.271405200000 -1.183249960000
0.406751970000 -0.537232060000 0.738873840000 -1.593870940000
0.729345290000 -0.296058740000 -0.616769540000 3.690842080000
0.000000000000 0.000000000000 0.000000000000 1.000000000000
21 52 60
-0.831278810000 -0.384649830000 -0.401273030000 1.156811300000
-0.045934440000 0.766968770000 -0.640038230000 0.016911470000
0.553954480000 -0.513617960000 -0.655233560000 3.620917160000
0.000000000000 0.000000000000 0.000000000000 1.000000000000
21 53 60
0.042687860000 -0.496096700000 0.867217280000 -0.750575880000
0.142344720000 0.862173460000 0.486204590000 -1.213683000000
-0.988896220000 0.102688770000 0.107421080000 3.304369170000
0.000000000000 0.000000000000 0.000000000000 1.000000000000
21 54 60
0.067245550000 0.279404810000 -0.957815740000 1.823193450000
-0.868994920000 0.488084820000 0.081369730000 -0.014880040000
0.490230420000 0.826865260000 0.275622890000 1.914029980000
0.000000000000 0.000000000000 0.000000000000 1.000000000000
21 55 60
0.931974830000 0.261819320000 -0.250746010000 0.989492320000
0.278711650000 -0.959781590000 0.033750810000 0.348121580000
-0.231824790000 -0.101340740000 -0.967464380000 4.141700370000
0.000000000000 0.000000000000 0.000000000000 1.000000000000
21 56 60
0.504719080000 0.253325580000 -0.825278620000 2.138232680000
-0.036048730000 0.961326970000 0.273040180000 -0.752759650000
0.862530660000 -0.108058340000 0.494332130000 1.562795650000
0.000000000000 0.000000000000 0.000000000000 1.000000000000
21 57 60
0.745954310000 0.201763230000 -0.634699740000 1.950673520000
-0.523992520000 0.766030170000 -0.372329990000 0.856357320000
0.411076650000 0.610319080000 0.677145930000 2.102608180000
0.000000000000 0.000000000000 0.000000000000 1.000000000000
21 58 60
0.392665050000 0.369009180000 -0.842405120000 2.738817040000
-0.572987520000 0.814633810000 0.089761070000 -0.222251860000
0.719374350000 0.447441580000 0.531315880000 1.879461200000
0.000000000000 0.000000000000 0.000000000000 1.000000000000
21 59 60
0.254447290000 -0.281894900000 0.925090180000 -2.220627130000
-0.513581000000 -0.849926050000 -0.117729630000 -0.117914720000
0.819445630000 -0.445152750000 -0.361037240000 3.182793100000
0.000000000000 0.000000000000 0.000000000000 1.000000000000
22 24 60
-0.479215860000 -0.505627320000 0.717421200000 -2.172832570000
-0.540022900000 -0.474503270000 -0.695141650000 1.390349360000
0.691901310000 -0.720546780000 -0.045660850000 2.974276910000
0.000000000000 0.000000000000 0.000000000000 1.000000000000
22 25 60
0.871378210000 0.457582780000 0.176968970000 -0.278576310000
0.234887560000 -0.072415540000 -0.969321320000 2.423825940000
-0.430729440000 0.886213290000 -0.170581820000 3.060772970000
0.000000000000 0.000000000000 0.000000000000 1.000000000000
22 26 60
0.689376590000 -0.530543870000 0.493237390000 -1.456611950000
0.664880040000 0.193112520000 -0.721555320000 1.446712810000
0.287566430000 0.825367050000 0.485875280000 1.845433760000
0.000000000000 0.000000000000 0.000000000000 1.000000000000
22 27 60
-0.370559500000 0.061396700000 0.926777270000 -2.739580590000
-0.662649550000 -0.716659150000 -0.217474670000 0.147251810000
0.650831180000 -0.694715850000 0.306249350000 1.364077490000
0.000000000000 0.000000000000 0.000000000000 1.000000000000
22 28 60
-0.918059620000 0.151357760000 -0.366411470000 0.326975970000
-0.318695910000 0.267955210000 0.909193560000 -2.210665320000
0.235795370000 0.951467730000 -0.197761750000 3.168799400000
0.000000000000 0.000000000000 0.000000000000 1.000000000000
22 29 60
-0.015194900000 0.858052500000 0.513337150000 -0.881542000000
0.316286170000 0.491159060000 -0.811619270000 2.277611980000
-0.948542130000 0.150028960000 -0.278853250000 2.561982010000
0.000000000000 0.000000000000 0.000000000000 1.000000000000
22 30 60
-0.318595180000 0.855689950000 -0.407788940000 0.151799060000
0.941644220000 0.236401920000 -0.239625340000 0.140726560000
-0.108642900000 -0.460335580000 -0.881072000000 4.650125620000
0.000000000000 0.000000000000 0.000000000000 1.000000000000
22 31 60
-0.080416730000 -0.651812520000 0.754104500000 -0.740679720000
0.586113470000 0.581015670000 0.564705050000 -0.576235240000
-0.806228350000 0.487402540000 0.335312710000 1.287951370000
0.000000000000 0.000000000000 0.000000000000 1.000000000000
22 32 60
0.712303280000 0.439197500000 -0.547475650000 0.892163920000
-0.679214980000 0.234747760000 -0.695385140000 0.683049500000
-0.176892730000 0.867178790000 0.465521120000 2.076654720000
0.000000000000 0.000000000000 0.000000000000 1.000000000000
22 33 60
0.104688650000 -0.874646980000 0.473321190000 -0.633700200000
0.595771420000 0.436239790000 0.674352480000 -0.697159570000
-0.796301890000 0.211394190000 0.566759030000 1.105485930000
0.000000000000 0.000000000000 0.000000000000 1.000000000000
22 34 60
-0.493868660000 0.749089460000 -0.441541300000 1.486120020000
-0.680910210000 -0.648974520000 -0.339401460000 -0.039429220000
-0.540791110000 0.133030240000 0.830570850000 0.916511800000
0.000000000000 0.000000000000 0.000000000000 1.000000000000
22 35 60
-0.723237290000 0.500175050000 -0.476185620000 0.839720610000
0.289742760000 -0.406136030000 -0.866661790000 2.178222030000
-0.626878740000 -0.764773460000 0.148810620000 1.522525430000
0.000000000000 0.000000000000 0.000000000000 1.000000000000
22 36 60
-0.733959660000 0.471914720000 -0.488466700000 1.288836810000
0.318324250000 -0.396295030000 -0.861173570000 1.576827610000
-0.599977410000 -0.787557460000 0.140642670000 2.646943580000
0.000000000000 0.000000000000 0.000000000000 1.000000000000
22 37 60
0.406270180000 -0.603895480000 0.685751260000 -0.872850590000
0.490339940000 0.777354380000 0.394064600000 -1.019860500000
-0.771045580000 0.176154540000 0.611929970000 1.522657580000
0.000000000000 0.000000000000 0.000000000000 1.000000000000
22 38 60
-0.038538670000 -0.861368140000 0.506517230000 -1.320649690000
0.577087350000 0.394632020000 0.715007520000 -1.289259550000
-0.815772620000 0.319860120000 0.481876060000 1.422957980000
0.000000000000 0.000000000000 0.000000000000 1.000000000000
22 39 60
0.895415056000 0.315692193000 -0.313959102000 -0.059771480000
-0.279258661000 0.947425083000 0.156205990000 0.000904378187
0.346765740000 -0.052193396700 0.936498463000 -0.072182282700
0.000000000000 0.000000000000 0.000000000000 1.000000000000
22 40 60
-0.822549920000 -0.507073070000 -0.257465600000 0.471210860000
0.567632430000 -0.704420510000 -0.426128120000 0.594460930000
0.034714050000 -0.496657470000 0.867252150000 0.273198840000
0.000000000000 0.000000000000 0.000000000000 1.000000000000
22 41 60
-0.460703880000 -0.703103140000 0.541662170000 -1.528428480000
0.833961310000 -0.134067630000 0.535289080000 -2.177180210000
-0.303744070000 0.698335050000 0.648126300000 1.331955350000
0.000000000000 0.000000000000 0.000000000000 1.000000000000
22 42 60
0.004317290000 0.999720630000 -0.023238310000 -0.181447550000
-0.929447560000 0.012585100000 0.368739530000 -0.684004580000
0.368928970000 0.020006840000 0.929242240000 0.356365400000
0.000000000000 0.000000000000 0.000000000000 1.000000000000
22 43 60
0.204254860000 -0.854927690000 0.476842330000 -1.247156310000
0.817764390000 0.416772670000 0.396940740000 -1.286003730000
-0.538090480000 0.308867600000 0.784257260000 1.587078810000
0.000000000000 0.000000000000 0.000000000000 1.000000000000
22 44 60
-0.760262870000 -0.283501390000 -0.584488950000 0.330725970000
0.311834680000 -0.948572930000 0.054484200000 -0.724468250000
-0.569876750000 -0.140841610000 0.809570340000 1.611919740000
0.000000000000 0.000000000000 0.000000000000 1.000000000000
22 45 60
0.960287340000 0.033416880000 -0.277004570000 -0.408084050000
-0.247569640000 0.559913620000 -0.790699700000 0.819226860000
0.128675920000 0.827876840000 0.545950960000 2.256409100000
0.000000000000 0.000000000000 0.000000000000 1.000000000000
22 46 60
0.684845550000 -0.485065510000 -0.543781230000 -0.119893180000
0.246204470000 0.856391140000 -0.453847530000 -0.145596570000
0.685835210000 0.176934100000 0.705920960000 1.895450670000
0.000000000000 0.000000000000 0.000000000000 1.000000000000
22 47 60
0.925614260000 -0.079252860000 -0.370077320000 -0.605038830000
-0.114189430000 0.873780020000 -0.472725350000 -0.120048640000
0.360831010000 0.479820240000 0.799733410000 1.786351910000
0.000000000000 0.000000000000 0.000000000000 1.000000000000
22 48 60
0.902055030000 0.020406410000 0.431138370000 -0.188510020000
-0.418410980000 0.286577030000 0.861861860000 -0.751444610000
-0.105966850000 -0.957839850000 0.267046520000 2.212573400000
0.000000000000 0.000000000000 0.000000000000 1.000000000000
22 49 60
0.729020910000 0.672464490000 0.127749850000 -0.923509220000
0.279333940000 -0.462665220000 0.841375920000 -1.694604580000
0.624900840000 -0.577695770000 -0.525134780000 3.861039890000
0.000000000000 0.000000000000 0.000000000000 1.000000000000
22 50 60
0.607493390000 0.656533000000 0.447119900000 -1.560856600000
0.088249770000 -0.615193070000 0.783421640000 -1.477994890000
0.789407220000 -0.436465240000 -0.431664610000 3.437577090000
0.000000000000 0.000000000000 0.000000000000 1.000000000000
22 51 60
-0.844502250000 0.361144110000 0.395462860000 -1.378766280000
0.471414740000 0.851681850000 0.228923950000 -1.069976800000
-0.254134010000 0.379753810000 -0.889495900000 3.770896540000
0.000000000000 0.000000000000 0.000000000000 1.000000000000
22 52 60
-0.677308490000 0.681203020000 0.277877060000 0.393886290000
-0.592699680000 -0.729000100000 0.342441160000 0.064641780000
0.435844350000 0.067240660000 0.897506760000 1.337823250000
0.000000000000 0.000000000000 0.000000000000 1.000000000000
22 53 60
-0.972401650000 0.206294450000 -0.108984580000 0.934746030000
-0.154357290000 -0.919104930000 -0.362518900000 0.574209930000
-0.174953900000 -0.335691420000 0.925582200000 1.197348460000
0.000000000000 0.000000000000 0.000000000000 1.000000000000
22 54 60
0.954502500000 -0.109650010000 0.277311820000 -1.685695910000
0.145867340000 0.982774050000 -0.113480760000 -0.253327760000
-0.260091700000 0.148768410000 0.954054650000 0.694667250000
0.000000000000 0.000000000000 0.000000000000 1.000000000000
22 55 60
0.478037690000 0.584937630000 -0.655231200000 1.683524820000
-0.733099020000 0.676596140000 0.069162730000 -0.226042830000
0.483782790000 0.447286960000 0.752255670000 0.888544620000
0.000000000000 0.000000000000 0.000000000000 1.000000000000
22 56 60
0.762326320000 -0.328346960000 -0.557715750000 1.744173830000
0.295540120000 0.943262570000 -0.151366340000 0.584448960000
0.575773070000 -0.049436840000 0.816113580000 1.563154270000
0.000000000000 0.000000000000 0.000000000000 1.000000000000
22 57 60
0.714895610000 0.651751660000 -0.253266760000 1.473280820000
-0.284711870000 -0.059497340000 -0.956764970000 1.693436970000
-0.638641860000 0.756095130000 0.143027050000 2.319858120000
0.000000000000 0.000000000000 0.000000000000 1.000000000000
22 58 60
-0.706029900000 0.320768640000 -0.631370940000 1.999712930000
-0.529357940000 0.353183700000 0.771389300000 -2.283393070000
0.470427420000 0.878845120000 -0.079556830000 3.810604850000
0.000000000000 0.000000000000 0.000000000000 1.000000000000
22 59 60
0.959994455000 0.007213413600 0.279926085000 -1.064512460000
0.008299360630 -0.999961930000 -0.002694286940 -0.400877362000
0.279895993000 0.004909708050 -0.960017775000 4.716548560000
0.000000000000 0.000000000000 0.000000000000 1.000000000000
23 25 60
-0.871984850000 0.479295610000 -0.099589880000 -0.643240120000
0.009116880000 0.219303250000 0.975614150000 -2.337312630000
0.489447970000 0.849812800000 -0.195598790000 3.309997160000
0.000000000000 0.000000000000 0.000000000000 1.000000000000
23 26 60
-0.773388580000 -0.587318860000 -0.238593090000 0.459261300000
-0.596866880000 0.547817660000 0.586213050000 -1.883659060000
-0.213588470000 0.595778790000 -0.774227100000 4.467314700000
0.000000000000 0.000000000000 0.000000000000 1.000000000000
23 27 60
0.291316280000 -0.361765280000 0.885584950000 -3.029577980000
0.868502360000 0.488114720000 -0.086299930000 -0.132059950000
-0.401046730000 0.794273190000 0.456389760000 1.716704290000
0.000000000000 0.000000000000 0.000000000000 1.000000000000
23 28 60
0.506291980000 0.503183110000 -0.700339340000 1.842008820000
0.348906450000 -0.862203000000 -0.367246890000 0.838873580000
-0.788627110000 -0.058418760000 -0.612090300000 4.078999450000
0.000000000000 0.000000000000 0.000000000000 1.000000000000
23 29 60
-0.607061956000 -0.601530732000 -0.519265405000 0.687236943000
-0.458299958000 0.798848331000 -0.389618393000 0.920532431000
0.649181739000 0.001456809400 -0.760631940000 4.334291520000
0.000000000000 0.000000000000 0.000000000000 1.000000000000
23 30 60
-0.988087410000 -0.120326070000 -0.095942160000 -0.081912730000
-0.108462270000 0.986767060000 -0.120526800000 0.126379680000
0.109175080000 -0.108684910000 -0.988062950000 4.294761880000
0.000000000000 0.000000000000 0.000000000000 1.000000000000
23 31 60
0.801872150000 0.379741160000 -0.461300030000 0.235278570000
-0.276425170000 0.920240060000 0.277033130000 -0.773548650000
0.529707650000 -0.094630210000 0.842884890000 1.514415920000
0.000000000000 0.000000000000 0.000000000000 1.000000000000
23 32 60
-0.450225200000 -0.702419730000 0.551274700000 -1.856191470000
0.551801290000 0.266516250000 0.790243270000 -1.137948660000
-0.702006130000 0.659981520000 0.267603780000 1.993446220000
0.000000000000 0.000000000000 0.000000000000 1.000000000000
23 34 60
-0.493332260000 0.834461960000 -0.245553500000 0.887803500000
-0.853323940000 -0.519031780000 -0.049439520000 -0.529197000000
-0.168705470000 0.185146560000 0.968121490000 0.183542770000
0.000000000000 0.000000000000 0.000000000000 1.000000000000
23 35 60
0.137655230000 -0.984368340000 -0.109863590000 -0.881706580000
0.866629110000 0.065992420000 0.494569490000 -0.941111970000
-0.479588380000 -0.163291060000 0.862166460000 0.066775200000
0.000000000000 0.000000000000 0.000000000000 1.000000000000
23 36 60
-0.481872520000 0.462778830000 -0.744066280000 1.891778560000
-0.349431800000 -0.880203940000 -0.321151730000 0.411626070000
-0.803552290000 0.105246220000 0.585855740000 1.822231100000
0.000000000000 0.000000000000 0.000000000000 1.000000000000
23 37 60
0.288823400000 -0.601186870000 0.745087500000 -1.538291670000
0.504085090000 0.757134950000 0.415505580000 -0.725299300000
-0.813928290000 0.255579760000 0.521727630000 1.128603830000
0.000000000000 0.000000000000 0.000000000000 1.000000000000
23 38 60
-0.135086750000 0.701316830000 -0.699933050000 0.565591880000
0.576434020000 -0.518935500000 -0.631212940000 1.338263550000
-0.805900360000 -0.488733720000 -0.334161570000 3.038011000000
0.000000000000 0.000000000000 0.000000000000 1.000000000000
23 39 60
0.969974970000 -0.228379880000 -0.083613340000 -0.891270540000
0.241810570000 0.942386960000 0.231158960000 -0.227697430000
0.026004070000 -0.244436990000 0.969316430000 -0.214704680000
0.000000000000 0.000000000000 0.000000000000 1.000000000000
23 40 60
-0.542960880000 0.679453430000 -0.493494190000 1.475573770000
-0.765634730000 -0.641938460000 -0.041454540000 0.127488430000
-0.344959330000 0.355328100000 0.868760620000 0.552341720000
0.000000000000 0.000000000000 0.000000000000 1.000000000000
23 41 60
-0.239463400000 0.847995200000 -0.472822830000 0.860564050000
-0.969800460000 -0.185683920000 0.158140920000 0.006717000000
0.046307140000 0.496412760000 0.866850630000 0.146215200000
0.000000000000 0.000000000000 0.000000000000 1.000000000000
23 42 60
0.031492890000 -0.772745350000 -0.633934400000 0.959316640000
-0.275421460000 0.602984370000 -0.748700790000 1.567699520000
0.960807580000 0.198177900000 -0.193840930000 2.981782190000
0.000000000000 0.000000000000 0.000000000000 1.000000000000
23 43 60
-0.373101980000 0.787007560000 0.491339000000 -1.000261010000
-0.925319630000 -0.354267470000 -0.135196680000 0.542218350000
0.067664610000 -0.505087770000 0.860411440000 0.951942480000
0.000000000000 0.000000000000 0.000000000000 1.000000000000
23 44 60
-0.988933890000 -0.006843920000 -0.148198930000 -0.163386810000
-0.009407840000 -0.994031870000 0.108683680000 -0.526153070000
-0.148058290000 0.108875210000 0.982967410000 1.170686450000
0.000000000000 0.000000000000 0.000000000000 1.000000000000
23 45 60
-0.965840690000 0.092111250000 -0.242213300000 -0.259520760000
0.071007370000 -0.804845710000 -0.589220950000 0.506637540000
-0.249218210000 -0.586292500000 0.770812160000 1.702847860000
0.000000000000 0.000000000000 0.000000000000 1.000000000000
23 46 60
0.593245240000 0.783750830000 0.183833410000 -1.242074170000
0.379316840000 -0.473563700000 0.794893800000 -1.775718280000
0.710055510000 -0.401835860000 -0.578229300000 3.709238330000
0.000000000000 0.000000000000 0.000000000000 1.000000000000
23 47 60
0.624894700000 0.777700190000 0.068476470000 -0.901034620000
0.561423320000 -0.508591150000 0.652793150000 -1.557315620000
0.542503880000 -0.369482690000 -0.754434940000 3.860005960000
0.000000000000 0.000000000000 0.000000000000 1.000000000000
23 48 60
0.951645950000 -0.294221900000 -0.088337220000 -0.489435610000
-0.221477180000 -0.856392350000 0.466411840000 -0.899130290000
-0.212879900000 -0.424294260000 -0.880145740000 4.127239270000
0.000000000000 0.000000000000 0.000000000000 1.000000000000
23 49 60
0.420775650000 -0.301186500000 0.855707040000 -2.079220360000
-0.777162700000 -0.606246430000 0.168770270000 -0.981972220000
0.467938010000 -0.736038020000 -0.489164650000 3.404049060000
0.000000000000 0.000000000000 0.000000000000 1.000000000000
23 50 60
-0.965767720000 0.250723990000 0.066559680000 -0.910519720000
0.259004110000 0.946300640000 0.193473450000 -0.969044370000
-0.014477030000 0.204089640000 -0.978845150000 3.893011820000
0.000000000000 0.000000000000 0.000000000000 1.000000000000
23 51 60
-0.882099000000 -0.469823410000 -0.034165950000 -0.565576820000
0.184312560000 -0.410975640000 0.892820200000 -0.825988320000
-0.433509200000 0.781258590000 0.449115560000 2.757868560000
0.000000000000 0.000000000000 0.000000000000 1.000000000000
23 52 60
0.131645330000 -0.749522410000 -0.648757020000 0.145920900000
-0.983976200000 -0.019412690000 -0.177239890000 0.032656770000
0.120251150000 0.661694270000 -0.740067800000 3.878146060000
0.000000000000 0.000000000000 0.000000000000 1.000000000000
23 53 60
-0.184093580000 -0.255206810000 0.949199160000 -1.334342170000
0.362613060000 0.879951360000 0.306915900000 -0.915398810000
-0.913576120000 0.400693260000 -0.069452080000 2.878718260000
0.000000000000 0.000000000000 0.000000000000 1.000000000000
23 54 60
0.852494630000 -0.161321970000 0.497220400000 -2.347488960000
0.166456470000 0.985450870000 0.034334120000 -0.382960050000
-0.495525130000 0.053495900000 0.866944660000 0.720587750000
0.000000000000 0.000000000000 0.000000000000 1.000000000000
23 55 60
0.379523630000 -0.399548830000 0.834459440000 -2.907440180000
0.502787980000 0.846199550000 0.176495240000 -0.011364000000
-0.776637670000 0.352572060000 0.522041070000 0.947304520000
0.000000000000 0.000000000000 0.000000000000 1.000000000000
23 56 60
0.961485580000 -0.160126480000 0.223394250000 -0.828226980000
0.254427330000 0.825997670000 -0.502985670000 1.915507760000
-0.103981800000 0.540451070000 0.834925400000 0.367956120000
0.000000000000 0.000000000000 0.000000000000 1.000000000000
23 57 60
-0.932269970000 0.102429720000 -0.346959450000 0.411790940000
-0.283222240000 0.390040930000 0.876158230000 -2.109705070000
0.225073020000 0.915082640000 -0.334613070000 3.789673770000
0.000000000000 0.000000000000 0.000000000000 1.000000000000
23 58 60
-0.401223870000 -0.816540380000 0.415067730000 -2.444518930000
0.504219780000 0.181421730000 0.844303600000 -1.785288670000
-0.764710290000 0.548040110000 0.338925080000 1.408223880000
0.000000000000 0.000000000000 0.000000000000 1.000000000000
23 59 60
0.623711400000 -0.762585010000 0.171604770000 -0.272749780000
-0.615934510000 -0.344317760000 0.708568950000 -2.004674240000
-0.481257490000 -0.547639830000 -0.684457340000 3.476258860000
0.000000000000 0.000000000000 0.000000000000 1.000000000000
24 26 60
0.610985080000 0.352940180000 -0.708611640000 1.761032160000
-0.364087790000 0.920109660000 0.144354760000 -0.338555470000
0.702949010000 0.169798240000 0.690674480000 0.779872300000
0.000000000000 0.000000000000 0.000000000000 1.000000000000
24 27 60
-0.696864840000 -0.657059510000 0.287492950000 -1.422775310000
0.579107970000 -0.279025080000 0.766014990000 -2.157211380000
-0.423099690000 0.700298370000 0.574951170000 1.109617790000
0.000000000000 0.000000000000 0.000000000000 1.000000000000
24 28 60
0.927360690000 -0.305830740000 -0.215568330000 -0.161430130000
-0.166025380000 -0.852638040000 0.495423000000 -1.734499980000
-0.335317340000 -0.423646010000 -0.841478660000 4.800182400000
0.000000000000 0.000000000000 0.000000000000 1.000000000000
24 29 60
0.936299350000 -0.350738800000 -0.018050630000 0.007180040000
0.271438560000 0.755306400000 -0.596517690000 1.021384510000
0.222855660000 0.553619490000 0.802396920000 1.015984590000
0.000000000000 0.000000000000 0.000000000000 1.000000000000
24 30 60
0.920670070000 0.117571200000 -0.372214490000 0.708358790000
0.028442120000 -0.971231880000 -0.236431140000 0.658918230000
-0.389304070000 0.207088510000 -0.897528100000 4.130030170000
0.000000000000 0.000000000000 0.000000000000 1.000000000000
24 31 60
0.847667440000 -0.107070570000 -0.519611200000 0.925338850000
-0.262508120000 0.766473170000 -0.586181180000 0.370204590000
0.461030790000 0.633288860000 0.621607460000 1.588937470000
0.000000000000 0.000000000000 0.000000000000 1.000000000000
24 32 60
-0.047656480000 0.865274200000 -0.499028480000 0.805893000000
-0.921304270000 -0.231096270000 -0.312718660000 0.314162550000
-0.385911010000 0.444853990000 0.808194050000 1.086713480000
0.000000000000 0.000000000000 0.000000000000 1.000000000000
24 33 60
0.037604560000 0.870602870000 -0.490547190000 0.788850140000
-0.965786290000 -0.094388570000 -0.241552560000 0.669828660000
-0.256598400000 0.482847230000 0.837266870000 1.234031240000
0.000000000000 0.000000000000 0.000000000000 1.000000000000
24 34 60
-0.460905580000 0.754677870000 -0.466933990000 0.824593320000
0.380365250000 -0.307383380000 -0.872260130000 1.828613590000
-0.801803170000 -0.579635030000 -0.145378520000 2.347589470000
0.000000000000 0.000000000000 0.000000000000 1.000000000000
24 35 60
-0.227490470000 -0.863115670000 0.450865210000 -1.721574570000
0.911496430000 -0.025810880000 0.410497340000 -1.004864380000
-0.342669450000 0.504346260000 0.792598570000 0.222229730000
0.000000000000 0.000000000000 0.000000000000 1.000000000000
24 36 60
0.445913590000 -0.355601860000 0.821406350000 -2.036295820000
0.432421320000 0.889081510000 0.150152840000 -0.401010950000
-0.783691820000 0.288238420000 0.550223350000 1.432812460000
0.000000000000 0.000000000000 0.000000000000 1.000000000000
24 37 60
0.638206720000 -0.488453300000 0.595067690000 -1.742205740000
0.416851170000 0.869088390000 0.266308990000 -0.410479150000
-0.647245930000 0.078094470000 0.758270370000 0.664739000000
0.000000000000 0.000000000000 0.000000000000 1.000000000000
24 38 60
0.750989900000 -0.658087640000 -0.054174170000 -0.246704720000
-0.270124990000 -0.381047610000 0.884214460000 -1.772526790000
-0.602533540000 -0.649402330000 -0.463928820000 3.139584030000
0.000000000000 0.000000000000 0.000000000000 1.000000000000
24 40 60
-0.290538980000 0.640665110000 -0.710728720000 1.498108220000
-0.526423290000 -0.727280310000 -0.440388320000 0.946445060000
-0.799040430000 0.246194180000 0.548564320000 1.085334740000
0.000000000000 0.000000000000 0.000000000000 1.000000000000
24 41 60
0.525147460000 0.244115880000 0.815246950000 -2.416090450000
-0.291638550000 0.951589340000 -0.097080790000 0.312912450000
-0.799479270000 -0.186775710000 0.570918320000 1.302133520000
0.000000000000 0.000000000000 0.000000000000 1.000000000000
24 42 60
-0.737675110000 0.316148180000 -0.596561610000 1.166562910000
-0.442453560000 -0.893778020000 0.073455410000 -0.053863620000
-0.509970870000 0.318137030000 0.799198690000 0.870654190000
0.000000000000 0.000000000000 0.000000000000 1.000000000000
24 43 60
0.486390450000 -0.035595260000 0.873016210000 -1.770594030000
-0.128366910000 0.985416610000 0.111696200000 -0.076047370000
-0.864260530000 -0.166394360000 0.474727980000 1.932501710000
0.000000000000 0.000000000000 0.000000000000 1.000000000000
24 44 60
0.091934360000 0.940876300000 0.326036580000 -0.078310250000
-0.969848970000 0.158820030000 -0.184849070000 0.627972610000
-0.225701250000 -0.299212260000 0.927108930000 0.854249670000
0.000000000000 0.000000000000 0.000000000000 1.000000000000
24 45 60
-0.826584810000 0.464089010000 -0.318400600000 0.362331150000
-0.537487580000 -0.818716770000 0.202014750000 -0.340983420000
-0.166927090000 0.338118690000 0.926180920000 1.208699040000
0.000000000000 0.000000000000 0.000000000000 1.000000000000
24 46 60
-0.996012810000 0.089188330000 -0.001979860000 -0.115464490000
-0.081594790000 -0.901790590000 0.424400770000 -0.513400100000
0.036066180000 0.422870150000 0.905472290000 1.353053410000
0.000000000000 0.000000000000 0.000000000000 1.000000000000
24 47 60
0.909708320000 0.184884240000 0.371817940000 -0.524947490000
-0.063770530000 0.946992650000 -0.314862250000 0.433630150000
-0.410321930000 0.262721790000 0.873277260000 1.612135810000
0.000000000000 0.000000000000 0.000000000000 1.000000000000
24 48 60
-0.804652020000 0.049420890000 -0.591686320000 1.072741440000
-0.017002950000 0.994203240000 0.106164150000 -0.588005230000
0.593503190000 0.095485610000 -0.799147340000 3.513954360000
0.000000000000 0.000000000000 0.000000000000 1.000000000000
24 49 60
0.543921640000 0.587532920000 0.599127960000 -1.958105840000
-0.123348780000 0.762206870000 -0.635472860000 0.633526150000
-0.830020680000 0.271745740000 0.487052280000 2.279550940000
0.000000000000 0.000000000000 0.000000000000 1.000000000000
24 50 60
0.905781210000 -0.255929920000 0.337728100000 -0.621759720000
-0.422360580000 -0.480888570000 0.768347400000 -1.368929470000
-0.034233500000 -0.838597670000 -0.543674540000 3.095733560000
0.000000000000 0.000000000000 0.000000000000 1.000000000000
24 51 60
-0.056184970000 0.954083970000 -0.294222740000 -0.778277490000
-0.855802300000 -0.197801770000 -0.477992550000 0.043449170000
-0.514242810000 0.224940510000 0.827620750000 1.959043490000
0.000000000000 0.000000000000 0.000000000000 1.000000000000
24 52 60
0.820511550000 -0.436694510000 0.368861360000 -1.178324250000
-0.569281470000 -0.682683670000 0.458106550000 -0.378338550000
0.051763010000 -0.585867660000 -0.808751930000 3.645863550000
0.000000000000 0.000000000000 0.000000000000 1.000000000000
24 53 60
0.406282040000 0.437449760000 0.802229770000 -1.878842760000
-0.457930520000 0.857221780000 -0.235521700000 0.551852590000
-0.790717740000 -0.271677260000 0.548595410000 2.114155640000
0.000000000000 0.000000000000 0.000000000000 1.000000000000
24 54 60
-0.565284530000 0.468818580000 -0.678721250000 1.557436740000
-0.709329440000 -0.696266520000 0.109839320000 0.136617080000
-0.421076170000 0.543527430000 0.726135520000 0.741172450000
0.000000000000 0.000000000000 0.000000000000 1.000000000000
24 55 60
0.100263630000 -0.324671260000 0.940497620000 -2.562718540000
0.512549770000 0.827039940000 0.230862890000 -0.076403150000
-0.852783640000 0.458904690000 0.249332210000 1.432937430000
0.000000000000 0.000000000000 0.000000000000 1.000000000000
24 56 60
0.959301400000 0.272576650000 0.073775280000 0.767631790000
-0.270931540000 0.962078140000 -0.031650460000 0.604539340000
-0.079604760000 0.010374280000 0.996772520000 -0.560747400000
0.000000000000 0.000000000000 0.000000000000 1.000000000000
24 57 60
-0.292795750000 -0.505208170000 0.811809930000 -2.771385820000
0.428680580000 0.689553240000 0.583737350000 -0.450366970000
-0.854695040000 0.518922960000 0.014674680000 1.591330360000
0.000000000000 0.000000000000 0.000000000000 1.000000000000
24 58 60
-0.146747610000 0.544249730000 -0.825988720000 1.523817550000
0.117407560000 -0.819542590000 -0.560861300000 0.942109680000
-0.982181550000 -0.179282370000 0.056366880000 1.420085480000
0.000000000000 0.000000000000 0.000000000000 1.000000000000
24 59 60
0.347505410000 -0.123812960000 0.929467770000 -1.751806200000
0.896008040000 0.336060100000 -0.290229580000 0.774479780000
-0.276422850000 0.933666940000 0.227720110000 2.146411580000
0.000000000000 0.000000000000 0.000000000000 1.000000000000
25 27 60
0.334828170000 0.630153590000 -0.700568730000 1.207537650000
-0.527217930000 0.741499730000 0.414993260000 -0.938640780000
0.780981020000 0.230400960000 0.580503270000 0.790720850000
0.000000000000 0.000000000000 0.000000000000 1.000000000000
25 28 60
0.640883530000 0.436789780000 -0.631255090000 0.640774680000
-0.378281170000 0.895256770000 0.235411700000 -0.610163500000
0.667960820000 0.087920430000 0.738984670000 0.695032900000
0.000000000000 0.000000000000 0.000000000000 1.000000000000
25 29 60
0.802198030000 0.534410880000 0.266239230000 -0.984755230000
-0.543139060000 0.838365320000 -0.046298460000 -0.345862950000
-0.247948140000 -0.107464400000 0.962794430000 0.694875960000
0.000000000000 0.000000000000 0.000000000000 1.000000000000
25 30 60
0.513816500000 0.597544400000 -0.615575580000 1.519311280000
0.721293850000 -0.689369530000 -0.067118020000 0.257550370000
-0.464465050000 -0.409524540000 -0.785214540000 3.585048220000
0.000000000000 0.000000000000 0.000000000000 1.000000000000
25 31 60
0.792598580000 0.543855760000 -0.275696220000 0.424264810000
-0.540455820000 0.835957080000 0.095306200000 -0.849393210000
0.282303030000 0.073462070000 0.956508400000 1.109421280000
0.000000000000 0.000000000000 0.000000000000 1.000000000000
25 32 60
0.998451530000 0.010246180000 0.054676800000 0.151101140000
-0.029385490000 0.931711220000 0.362009240000 -0.322985520000
-0.047233770000 -0.363055390000 0.930569590000 0.428481100000
0.000000000000 0.000000000000 0.000000000000 1.000000000000
25 33 60
-0.852548700000 -0.516404750000 -0.080540970000 -0.279604710000
-0.219733340000 0.493970810000 -0.841255080000 1.224351730000
0.474213010000 -0.699513380000 -0.534605510000 3.378737630000
0.000000000000 0.000000000000 0.000000000000 1.000000000000
25 34 60
0.347623140000 0.358807240000 -0.866265270000 1.756441460000
0.869662700000 -0.468734980000 0.154836380000 -0.089151140000
-0.350492420000 -0.807183310000 -0.474984400000 2.866862780000
0.000000000000 0.000000000000 0.000000000000 1.000000000000
25 35 60
-0.428718770000 0.788209240000 -0.441504720000 0.703443300000
0.190413030000 -0.398882270000 -0.897014950000 1.607667340000
-0.883143870000 -0.468635390000 0.020923000000 1.715699840000
0.000000000000 0.000000000000 0.000000000000 1.000000000000
25 36 60
-0.097842310000 -0.457314040000 0.883906530000 -1.598525120000
0.539111910000 0.722207200000 0.433330250000 -1.032054080000
-0.836531670000 0.518922570000 0.175881030000 1.872924270000
0.000000000000 0.000000000000 0.000000000000 1.000000000000
25 37 60
-0.202371690000 -0.965439150000 0.164234400000 -0.970720060000
0.564978780000 0.021883630000 0.824815180000 -2.822826160000
-0.799902920000 0.259708190000 0.541024010000 1.397129800000
0.000000000000 0.000000000000 0.000000000000 1.000000000000
25 38 60
0.877138930000 -0.435231700000 -0.202979470000 0.069129000000
-0.038916810000 -0.485694570000 0.873261850000 -1.707109230000
-0.478657270000 -0.758072650000 -0.442959450000 3.312899040000
0.000000000000 0.000000000000 0.000000000000 1.000000000000
25 40 60
0.571743790000 0.818160860000 0.061006880000 -0.790760240000
-0.812189780000 0.574946730000 -0.098914240000 0.715324470000
-0.116003470000 0.007004440000 0.993224110000 -0.489236080000
0.000000000000 0.000000000000 0.000000000000 1.000000000000
25 41 60
-0.458024150000 -0.791391050000 0.404863050000 -1.112497130000
0.844004920000 -0.244179710000 0.477526920000 -2.095476000000
-0.279051190000 0.560425270000 0.779778150000 0.360690570000
0.000000000000 0.000000000000 0.000000000000 1.000000000000
25 42 60
-0.002836720000 -0.781185230000 0.624292870000 -1.290108530000
0.852715310000 0.324223740000 0.409579740000 -1.206942150000
-0.522368210000 0.533505960000 0.665208880000 1.041791060000
0.000000000000 0.000000000000 0.000000000000 1.000000000000
25 43 60
-0.063732630000 -0.804786750000 0.590132550000 -1.165135500000
0.979043550000 0.064188750000 0.193270610000 -0.934466750000
-0.193421500000 0.590083120000 0.783830360000 1.073476550000
0.000000000000 0.000000000000 0.000000000000 1.000000000000
25 44 60
0.393585260000 0.902460700000 -0.175086630000 0.134022640000
-0.835645320000 0.271848390000 -0.477279120000 0.821863690000
-0.383128630000 0.334160350000 0.861132580000 0.885143820000
0.000000000000 0.000000000000 0.000000000000 1.000000000000
25 45 60
0.957149850000 -0.288515860000 0.024955120000 -0.416749700000
0.123412770000 0.484337230000 0.866133210000 -1.066997650000
-0.261979860000 -0.825939500000 0.499189850000 1.572654200000
0.000000000000 0.000000000000 0.000000000000 1.000000000000
25 46 60
0.778956560000 -0.183834670000 0.599526060000 -1.598949740000
0.449088990000 0.830811930000 -0.328740970000 -0.412639460000
-0.437659410000 0.525315480000 0.729724530000 1.783865530000
0.000000000000 0.000000000000 0.000000000000 1.000000000000
25 47 60
-0.493025980000 -0.577169950000 -0.650999410000 0.972211880000
-0.847748760000 0.486905070000 0.210346110000 -0.577763720000
0.195569460000 0.655590040000 -0.729351960000 3.644021530000
0.000000000000 0.000000000000 0.000000000000 1.000000000000
25 48 60
-0.535937740000 -0.073550990000 -0.841047550000 1.296495610000
-0.229310610000 0.971429310000 0.061169690000 -0.613661770000
0.812519160000 0.225644280000 -0.537491660000 2.939268850000
0.000000000000 0.000000000000 0.000000000000 1.000000000000
25 49 60
-0.502982900000 -0.014547310000 -0.864173930000 1.749983460000
-0.151542330000 0.985853550000 0.071607900000 -0.432295130000
0.850907240000 0.166976480000 -0.498072010000 2.584028630000
0.000000000000 0.000000000000 0.000000000000 1.000000000000
25 50 60
-0.137663070000 -0.431495510000 0.891549500000 -0.834330880000
0.962292980000 -0.271470840000 0.017198990000 -0.515461430000
0.234608400000 0.860299490000 0.452596610000 1.944385610000
0.000000000000 0.000000000000 0.000000000000 1.000000000000
25 51 60
-0.881132560000 0.462161240000 0.100062020000 0.348825160000
-0.301944430000 -0.712744810000 0.633106940000 -0.454409110000
0.363916170000 0.527637970000 0.767569670000 1.768396800000
0.000000000000 0.000000000000 0.000000000000 1.000000000000
25 52 60
-0.601243950000 0.109574990000 -0.791516920000 1.210487140000
-0.076606450000 0.978086290000 0.193594050000 -0.674257010000
0.795384920000 0.177032550000 -0.579674320000 2.681968590000
0.000000000000 0.000000000000 0.000000000000 1.000000000000
25 53 60
0.365923840000 0.226878540000 0.902566270000 -2.051616640000
-0.045155080000 0.973015040000 -0.226280230000 0.233245600000
-0.929548690000 0.042045880000 0.366294120000 2.542679970000
0.000000000000 0.000000000000 0.000000000000 1.000000000000
25 54 60
0.190500190000 -0.134446430000 0.972437060000 -2.391932810000
0.273261580000 0.958689170000 0.079013800000 -0.335973360000
-0.942888000000 0.250677550000 0.219369520000 2.009047090000
0.000000000000 0.000000000000 0.000000000000 1.000000000000
25 55 60
0.623798210000 0.655264370000 -0.426033330000 1.309615050000
-0.757296710000 0.641559610000 -0.122077710000 0.098465920000
0.193332600000 0.398785500000 0.896433280000 0.198432860000
0.000000000000 0.000000000000 0.000000000000 1.000000000000
25 56 60
-0.885833470000 -0.418856470000 -0.199645470000 -0.913592270000
-0.306369090000 0.851124880000 -0.426291470000 1.041725140000
0.348478170000 -0.316458050000 -0.882279590000 5.573222110000
0.000000000000 0.000000000000 0.000000000000 1.000000000000
25 57 60
-0.636606080000 0.444509160000 -0.630193860000 1.284632300000
-0.379039690000 0.531307010000 0.757655450000 -1.848398400000
0.671611200000 0.721196550000 -0.169746660000 3.514711090000
0.000000000000 0.000000000000 0.000000000000 1.000000000000
25 58 60
-0.167172930000 0.646077110000 -0.744739940000 2.338720350000
-0.959078290000 -0.281646950000 -0.029048680000 -0.808152900000
-0.228521420000 0.709407760000 0.666722270000 0.748107820000
0.000000000000 0.000000000000 0.000000000000 1.000000000000
25 59 60
-0.318625680000 -0.906464990000 0.277126160000 -1.228044640000
0.413290750000 0.130254080000 0.901235060000 -1.805370550000
-0.853034840000 0.401690310000 0.333131300000 1.496660850000
0.000000000000 0.000000000000 0.000000000000 1.000000000000
26 28 60
0.906426810000 0.396724710000 0.144913580000 -0.629886130000
-0.422093880000 0.838618230000 0.344319940000 -0.830752850000
0.015073060000 -0.373267960000 0.927601120000 0.458123140000
0.000000000000 0.000000000000 0.000000000000 1.000000000000
26 29 60
-0.491851290000 -0.490172900000 -0.719592140000 1.190908990000
-0.534583640000 0.822362460000 -0.194782750000 -0.106331680000
0.687242780000 0.288878040000 -0.666518450000 4.659044730000
0.000000000000 0.000000000000 0.000000000000 1.000000000000
26 30 60
0.973693130000 -0.136097070000 0.182754690000 0.054602270000
0.118482790000 0.987482550000 0.104115520000 -0.642566360000
-0.194636890000 -0.079723280000 0.977630140000 0.708985830000
0.000000000000 0.000000000000 0.000000000000 1.000000000000
26 31 60
0.974414080000 0.224695810000 0.005385110000 0.493664440000
-0.223354240000 0.965364430000 0.134849510000 -0.519804070000
0.025101520000 -0.132602050000 0.990851460000 0.751742760000
0.000000000000 0.000000000000 0.000000000000 1.000000000000
26 32 60
0.996980700000 0.076992860000 0.010079210000 0.642954620000
-0.073738870000 0.898081150000 0.433604460000 -0.264470080000
0.024332500000 -0.433038500000 0.901046940000 0.164548870000
0.000000000000 0.000000000000 0.000000000000 1.000000000000
26 33 60
0.442779870000 0.875117490000 0.195231560000 -0.361890150000
-0.753942200000 0.481234980000 -0.447195760000 1.002518340000
-0.485301090000 0.050815970000 0.872869170000 0.929134650000
0.000000000000 0.000000000000 0.000000000000 1.000000000000
26 34 60
0.413222438000 0.157354912000 -0.896931797000 1.713965940000
0.356569729000 -0.934268640000 0.000368872078 -0.920877407000
-0.837917207000 -0.319971154000 -0.442168764000 2.937205180000
0.000000000000 0.000000000000 0.000000000000 1.000000000000
26 35 60
-0.885624140000 0.386253680000 -0.257833240000 0.235217490000
-0.229683970000 0.118233060000 0.966057050000 -2.678505730000
0.403627500000 0.914783600000 -0.015993770000 3.257588160000
0.000000000000 0.000000000000 0.000000000000 1.000000000000
26 36 60
0.857462130000 0.341085830000 -0.385252060000 0.316900040000
-0.288019710000 0.938597800000 0.189944240000 -0.111561190000
0.426384030000 -0.051909810000 0.903051510000 -0.038719270000
0.000000000000 0.000000000000 0.000000000000 1.000000000000
26 37 60
0.083289370000 -0.598478310000 0.796797710000 -3.201348970000
0.432430690000 0.742077840000 0.512175930000 -1.411788610000
-0.897812110000 0.301900970000 0.320607580000 2.607662160000
0.000000000000 0.000000000000 0.000000000000 1.000000000000
26 38 60
0.415910250000 -0.852926350000 -0.315492150000 0.207557870000
-0.361684650000 -0.473444080000 0.803140660000 -2.138120470000
-0.834387720000 -0.219925770000 -0.505400620000 3.935042660000
0.000000000000 0.000000000000 0.000000000000 1.000000000000
26 39 60
0.015381140000 -0.614370620000 0.788867650000 -2.264018000000
0.601149660000 0.636127320000 0.483695290000 -0.606998040000
-0.798988430000 0.466787730000 0.379113050000 1.239653460000
0.000000000000 0.000000000000 0.000000000000 1.000000000000
26 40 60
-0.166994270000 -0.678210190000 0.715642270000 -1.996172500000
0.904150120000 0.184141700000 0.385492420000 -1.696704240000
-0.393224470000 0.711423060000 0.582453210000 0.862775450000
0.000000000000 0.000000000000 0.000000000000 1.000000000000
26 41 60
-0.246573440000 0.968886880000 0.021441990000 -0.343497720000
-0.962395760000 -0.242199000000 -0.123020520000 0.275730780000
-0.113999740000 -0.050969270000 0.992172460000 0.272684400000
0.000000000000 0.000000000000 0.000000000000 1.000000000000
26 42 60
-0.550248050000 -0.576547840000 0.604003040000 -1.402306850000
0.694340400000 0.085863420000 0.714506040000 -2.067883830000
-0.463808680000 0.812539270000 0.353074280000 2.242412870000
0.000000000000 0.000000000000 0.000000000000 1.000000000000
26 43 60
0.867174040000 0.016238080000 0.497740400000 -1.413151140000
0.337639960000 0.715514840000 -0.611586270000 0.885215190000
-0.366071630000 0.698408790000 0.614993270000 1.301607860000
0.000000000000 0.000000000000 0.000000000000 1.000000000000
26 44 60
-0.823032130000 0.328269610000 0.463526880000 -0.814755710000
0.196770840000 -0.600755190000 0.774838330000 -1.536124870000
0.532822060000 0.728925410000 0.429846940000 1.901304350000
0.000000000000 0.000000000000 0.000000000000 1.000000000000
26 45 60
0.826225390000 0.109238650000 0.552646840000 -1.132600240000
-0.114333440000 0.993118390000 -0.025371930000 0.303645880000
-0.551615330000 -0.042223090000 0.833029250000 1.204342920000
0.000000000000 0.000000000000 0.000000000000 1.000000000000
26 46 60
0.900516520000 0.062269770000 0.430339940000 -0.844272120000
-0.422478110000 -0.108841330000 0.899814320000 -1.050093120000
0.102870000000 -0.992106870000 -0.071705800000 2.417988650000
0.000000000000 0.000000000000 0.000000000000 1.000000000000
26 47 60
-0.742580250000 -0.029789760000 0.669094270000 -0.869616590000
-0.322660350000 -0.859525590000 -0.396366060000 0.639192050000
0.586911300000 -0.510223800000 0.628654750000 1.389850100000
0.000000000000 0.000000000000 0.000000000000 1.000000000000
26 48 60
0.613900570000 0.788263750000 0.042028000000 -0.869165260000
0.771713070000 -0.588105110000 -0.242056450000 0.038543680000
-0.166087440000 0.181032150000 -0.969351490000 4.542035480000
0.000000000000 0.000000000000 0.000000000000 1.000000000000
26 49 60
0.563321500000 -0.825750280000 0.028378960000 -0.116939520000
-0.623659640000 -0.447484130000 -0.640941970000 1.213413860000
0.541957140000 0.343357570000 -0.767064550000 3.259348720000
0.000000000000 0.000000000000 0.000000000000 1.000000000000
26 50 60
-0.993976440000 0.080708250000 -0.074141890000 -0.030366380000
-0.092294880000 -0.981253340000 0.169184920000 -0.013425080000
-0.059097360000 0.175008740000 0.982791660000 1.360182540000
0.000000000000 0.000000000000 0.000000000000 1.000000000000
26 51 60
0.502003450000 -0.536068660000 -0.678692070000 0.910706470000
-0.725271390000 -0.688424380000 0.007299320000 -0.103611440000
-0.471141110000 0.488571660000 -0.734386680000 2.893384440000
0.000000000000 0.000000000000 0.000000000000 1.000000000000
26 52 60
-0.908976490000 -0.324330000000 -0.261862180000 0.339151140000
-0.214693640000 0.902722850000 -0.372824480000 0.823953920000
0.357307130000 -0.282668540000 -0.890185440000 3.130416850000
0.000000000000 0.000000000000 0.000000000000 1.000000000000
26 53 60
-0.335168750000 -0.277541900000 -0.900351260000 1.630562760000
0.661295410000 0.611373640000 -0.434638540000 -0.240142680000
0.671081430000 -0.741075410000 -0.021376150000 2.021437870000
0.000000000000 0.000000000000 0.000000000000 1.000000000000
26 54 60
0.060649010000 0.913181750000 -0.403014630000 0.654769310000
-0.945633110000 0.181816760000 0.269667720000 -0.333176350000
0.319530460000 0.364748900000 0.874561910000 0.019711470000
0.000000000000 0.000000000000 0.000000000000 1.000000000000
26 55 60
0.623099860000 0.719257340000 -0.307270960000 0.857181220000
-0.737684150000 0.670995520000 0.074746930000 -0.511384120000
0.259939710000 0.180094120000 0.948681960000 0.410559300000
0.000000000000 0.000000000000 0.000000000000 1.000000000000
26 56 60
-0.196597470000 -0.176713690000 -0.964428180000 2.109167040000
0.889594110000 -0.445744990000 -0.099668080000 0.359022410000
-0.412276320000 -0.877544110000 0.244835790000 1.669113480000
0.000000000000 0.000000000000 0.000000000000 1.000000000000
26 57 60
0.925548660000 0.316566220000 0.207714990000 -0.147369700000
-0.310780480000 0.948534370000 -0.060811590000 0.476124000000
-0.216275700000 -0.008269680000 0.976297310000 -0.204045850000
0.000000000000 0.000000000000 0.000000000000 1.000000000000
26 58 60
-0.905044960000 -0.390449060000 -0.168650990000 -0.283476670000
0.076187840000 0.241285020000 -0.967459020000 2.443266990000
0.418436420000 -0.888443060000 -0.188626320000 2.826671370000
0.000000000000 0.000000000000 0.000000000000 1.000000000000
26 59 60
-0.888622470000 -0.198706950000 -0.413358990000 0.500275540000
0.456371840000 -0.293583550000 -0.839960380000 1.561886470000
0.045550560000 -0.935053070000 0.351569200000 1.459755450000
0.000000000000 0.000000000000 0.000000000000 1.000000000000
27 29 60
0.996987580000 0.038228950000 -0.067485670000 0.282908540000
-0.040280240000 0.998758710000 -0.029301050000 -0.600280910000
0.066281760000 0.031931120000 0.997289890000 1.057490390000
0.000000000000 0.000000000000 0.000000000000 1.000000000000
27 30 60
-0.351271910000 -0.683568640000 0.639798380000 -1.881995150000
-0.911719660000 0.094265860000 -0.399851470000 -0.088897830000
0.213014780000 -0.723773350000 -0.656335920000 4.154318360000
0.000000000000 0.000000000000 0.000000000000 1.000000000000
27 31 60
0.429987520000 0.419642260000 -0.799381700000 1.485012410000
0.485693200000 0.638856490000 0.596627610000 -0.810178660000
0.761060340000 -0.644796690000 0.070882920000 2.686242770000
0.000000000000 0.000000000000 0.000000000000 1.000000000000
27 32 60
0.840282700000 -0.388807240000 0.377827890000 -0.204000050000
0.439564830000 0.896524920000 -0.055007440000 0.323092540000
-0.317344830000 0.212301650000 0.924240370000 0.530425460000
0.000000000000 0.000000000000 0.000000000000 1.000000000000
27 33 60
-0.025819820000 0.719952150000 -0.693543250000 1.559124460000
0.900310810000 0.318279490000 0.296881470000 -1.224858570000
0.434481040000 -0.616739060000 -0.656398630000 4.208412120000
0.000000000000 0.000000000000 0.000000000000 1.000000000000
27 34 60
-0.815964230000 -0.161673500000 0.555035190000 -1.352177680000
-0.450666750000 -0.423441710000 -0.785873140000 1.244086550000
0.362079910000 -0.891380270000 0.272652420000 1.257288760000
0.000000000000 0.000000000000 0.000000000000 1.000000000000
27 35 60
0.727861900000 0.620107990000 0.292716820000 0.023672880000
-0.635106280000 0.770589060000 -0.053221300000 -0.202537550000
-0.258567330000 -0.147168530000 0.954716900000 -0.052208430000
0.000000000000 0.000000000000 0.000000000000 1.000000000000
27 36 60
0.237245960000 0.970593840000 -0.040767150000 0.311325870000
-0.935126570000 0.239542120000 0.261070610000 -0.222819550000
0.263158980000 -0.023815500000 0.964458490000 -0.120306870000
0.000000000000 0.000000000000 0.000000000000 1.000000000000
27 37 60
0.638994650000 -0.106138150000 -0.761853350000 1.333937160000
0.054372730000 -0.981724650000 0.182374110000 -0.817998680000
-0.767287070000 -0.157960130000 -0.621545780000 4.190110450000
0.000000000000 0.000000000000 0.000000000000 1.000000000000
27 38 60
-0.922584620000 -0.205339300000 -0.326608940000 1.554997200000
0.323652310000 0.048804800000 -0.944916540000 1.622784080000
0.209968580000 -0.977473200000 0.021431980000 2.194557320000
0.000000000000 0.000000000000 0.000000000000 1.000000000000
27 39 60
-0.670924410000 0.621195560000 -0.404940140000 0.835060380000
0.474145970000 -0.060479780000 -0.878366550000 1.519342310000
-0.570128090000 -0.781318300000 -0.253960010000 3.238026890000
0.000000000000 0.000000000000 0.000000000000 1.000000000000
27 40 60
-0.388405040000 -0.265616440000 -0.882377150000 2.262966660000
0.123240250000 0.933980650000 -0.335398240000 0.366010790000
0.913210470000 -0.239014750000 -0.330028150000 3.898101390000
0.000000000000 0.000000000000 0.000000000000 1.000000000000
27 41 60
0.351964560000 0.932954560000 0.075609100000 -0.396856480000
-0.928578200000 0.337866510000 0.153586320000 -0.250101530000
0.117743280000 -0.124265900000 0.985238300000 -0.041666980000
0.000000000000 0.000000000000 0.000000000000 1.000000000000
27 42 60
0.710300400000 0.676268370000 0.195280420000 -0.385165380000
-0.653921080000 0.531295440000 0.538620810000 -1.027781970000
0.260500620000 -0.510280560000 0.819605500000 0.286402430000
0.000000000000 0.000000000000 0.000000000000 1.000000000000
27 43 60
0.147109620000 -0.792404160000 0.591991900000 -1.016929230000
0.741665080000 0.484361440000 0.464033300000 -1.548586620000
-0.654439960000 0.370795960000 0.658952730000 2.058658110000
0.000000000000 0.000000000000 0.000000000000 1.000000000000
27 44 60
0.752949800000 0.645818930000 -0.126429860000 0.174705210000
-0.656209720000 0.751291950000 -0.070350600000 0.195747920000
0.049551990000 0.135934970000 0.989477780000 1.117273390000
0.000000000000 0.000000000000 0.000000000000 1.000000000000
27 45 60
0.637695020000 0.187773190000 -0.747051730000 1.044410930000
-0.164536490000 0.980654620000 0.106038900000 -0.075192630000
0.752511000000 0.055296790000 0.656254120000 1.271063820000
0.000000000000 0.000000000000 0.000000000000 1.000000000000
27 46 60
-0.840798500000 0.524988530000 -0.132079230000 0.458604100000
-0.497752060000 -0.653798520000 0.569903830000 -1.750548200000
0.212839770000 0.544917000000 0.811026940000 1.931326960000
0.000000000000 0.000000000000 0.000000000000 1.000000000000
27 47 60
0.602538480000 -0.660429980000 0.448084390000 -1.357343410000
0.673541950000 0.721975560000 0.158406230000 -1.329341560000
-0.428122200000 0.206357790000 0.879845350000 2.063921080000
0.000000000000 0.000000000000 0.000000000000 1.000000000000
27 48 60
-0.922472530000 0.182684420000 -0.340104160000 0.775324160000
0.026575080000 -0.848818150000 -0.528016590000 0.273965710000
-0.385146990000 -0.496119100000 0.778156570000 2.022229290000
0.000000000000 0.000000000000 0.000000000000 1.000000000000
27 49 60
0.805793120000 -0.466506680000 0.364786200000 -1.267717670000
0.120194400000 0.732001550000 0.670616910000 -1.922721070000
-0.579871330000 -0.496533230000 0.645913300000 2.438576000000
0.000000000000 0.000000000000 0.000000000000 1.000000000000
27 50 60
0.914349040000 0.102164990000 0.391826680000 -0.272747310000
0.160936580000 -0.979627030000 -0.120126140000 -0.909304670000
0.371571330000 0.172896470000 -0.912163120000 4.105942480000
0.000000000000 0.000000000000 0.000000000000 1.000000000000
27 51 60
-0.362672120000 0.852072990000 -0.377412980000 0.455018220000
0.849177510000 0.468984050000 0.242799350000 -0.629716100000
0.383883440000 -0.232434060000 -0.893648650000 3.972243460000
0.000000000000 0.000000000000 0.000000000000 1.000000000000
27 52 60
0.554373200000 -0.683305640000 0.475146040000 -0.886652660000
0.672359340000 0.704172500000 0.228197310000 -1.228831850000
-0.490513290000 0.192962410000 0.849801290000 2.445794040000
0.000000000000 0.000000000000 0.000000000000 1.000000000000
27 53 60
0.807893420000 0.386468220000 0.444916330000 -1.093508830000
0.328839620000 -0.922119280000 0.203864030000 -1.399107640000
0.489052900000 -0.018394290000 -0.872060150000 4.209818430000
0.000000000000 0.000000000000 0.000000000000 1.000000000000
27 54 60
-0.082942980000 -0.574494400000 0.814295180000 -1.714350370000
0.101269030000 0.808021900000 0.580383660000 -1.629128160000
-0.991395500000 0.130601630000 -0.008841250000 2.936571840000
0.000000000000 0.000000000000 0.000000000000 1.000000000000
27 55 60
-0.062719910000 -0.943555620000 -0.325221460000 0.684097110000
-0.661111000000 -0.204837140000 0.721785280000 -2.407762790000
-0.747661990000 0.260277790000 -0.610947640000 3.713416670000
0.000000000000 0.000000000000 0.000000000000 1.000000000000
27 56 60
0.703772890000 -0.404996820000 0.583679100000 -1.342534360000
0.591377100000 0.789245720000 -0.165421660000 0.460395690000
-0.393670980000 0.461593730000 0.794955590000 0.553646540000
0.000000000000 0.000000000000 0.000000000000 1.000000000000
27 57 60
0.876091330000 -0.462340090000 0.136768530000 0.130326860000
-0.481320640000 -0.822084560000 0.304150330000 -1.767441580000
-0.028185590000 -0.332292980000 -0.942754980000 4.546453090000
0.000000000000 0.000000000000 0.000000000000 1.000000000000
27 58 60
0.317277600000 -0.268580450000 0.909505070000 -2.155335080000
0.570031740000 0.820473740000 0.043435610000 -0.068225140000
-0.757890980000 0.504665610000 0.413417320000 1.728715330000
0.000000000000 0.000000000000 0.000000000000 1.000000000000
27 59 60
0.656264330000 -0.659619330000 -0.366359760000 0.994840650000
-0.508277930000 -0.745323250000 0.431447330000 -1.497468640000
-0.557647440000 -0.096930910000 -0.824399010000 3.943199480000
0.000000000000 0.000000000000 0.000000000000 1.000000000000
28 30 60
0.449037570000 -0.892585690000 -0.040694600000 0.531973760000
0.890418470000 0.450805270000 -0.062686230000 0.203107850000
0.074298180000 -0.008086750000 0.997203280000 0.843404380000
0.000000000000 0.000000000000 0.000000000000 1.000000000000
28 31 60
-0.940860140000 0.144312040000 0.306522820000 -0.858418110000
0.077521350000 0.972441830000 -0.219880260000 -0.392205450000
-0.329806980000 -0.183114510000 -0.926119020000 4.017281250000
0.000000000000 0.000000000000 0.000000000000 1.000000000000
28 32 60
0.036695190000 -0.919831340000 0.390594120000 -1.224756490000
-0.857802170000 0.171522500000 0.484515700000 -1.487041730000
-0.512668410000 -0.352831880000 -0.782739270000 4.062736410000
0.000000000000 0.000000000000 0.000000000000 1.000000000000
28 33 60
0.308349300000 0.902392360000 -0.301012860000 1.071991090000
-0.951265370000 0.293787130000 -0.093719400000 0.073705580000
0.003862030000 0.315241420000 0.949003650000 0.671868890000
0.000000000000 0.000000000000 0.000000000000 1.000000000000
28 34 60
0.953829770000 0.282283150000 -0.102591410000 0.908584590000
-0.267385860000 0.953653560000 0.138020630000 -0.738255720000
0.136797560000 -0.104216690000 0.985101670000 0.991728770000
0.000000000000 0.000000000000 0.000000000000 1.000000000000
28 35 60
-0.727678010000 -0.123592850000 0.674692170000 -1.546251070000
0.619129610000 0.305026480000 0.723627920000 -1.239417140000
-0.295234210000 0.944290030000 -0.145441070000 2.513840680000
0.000000000000 0.000000000000 0.000000000000 1.000000000000
28 36 60
0.379985940000 -0.722875890000 0.577114480000 -1.735699770000
0.401806510000 0.690968800000 0.600927330000 -1.586218590000
-0.833163980000 0.003544420000 0.553014670000 1.170976150000
0.000000000000 0.000000000000 0.000000000000 1.000000000000
28 37 60
-0.878651300000 0.090188340000 -0.468868810000 1.043670510000
-0.215659760000 -0.951084740000 0.221198280000 -1.126399200000
-0.425984470000 0.295472290000 0.855121840000 0.709189880000
0.000000000000 0.000000000000 0.000000000000 1.000000000000
28 38 60
-0.887590290000 0.335878700000 -0.315228440000 0.638894470000
-0.263138990000 0.191968590000 0.945465990000 -1.890355640000
0.378075840000 0.922135330000 -0.082006680000 2.506671210000
0.000000000000 0.000000000000 0.000000000000 1.000000000000
28 39 60
-0.732260890000 0.211932080000 -0.647208450000 1.114671000000
0.659432480000 0.458056610000 -0.596098100000 1.261820050000
0.170125800000 -0.863289600000 -0.475171840000 3.425660400000
0.000000000000 0.000000000000 0.000000000000 1.000000000000
28 40 60
-0.809759560000 -0.333387180000 -0.482848250000 1.551086430000
-0.279415180000 0.942704330000 -0.182306600000 0.412610160000
0.515961820000 -0.012709380000 -0.856517290000 4.983028760000
0.000000000000 0.000000000000 0.000000000000 1.000000000000
28 41 60
0.238693470000 -0.913379290000 0.329793410000 -1.016936830000
0.213568690000 0.380669910000 0.899710420000 -2.480668570000
-0.947319290000 -0.144321450000 0.285932640000 1.859165900000
0.000000000000 0.000000000000 0.000000000000 1.000000000000
28 42 60
-0.013777750000 -0.993024630000 0.117099370000 -0.264521860000
-0.882027740000 -0.043093920000 -0.469222730000 1.176334720000
0.470996000000 -0.109749730000 -0.875281530000 4.445648190000
0.000000000000 0.000000000000 0.000000000000 1.000000000000
28 43 60
0.590954990000 -0.798318810000 0.116014100000 -0.608359120000
0.178893320000 0.269918540000 0.946119000000 -1.743658070000
-0.786618950000 -0.538359600000 0.302323610000 2.045203400000
0.000000000000 0.000000000000 0.000000000000 1.000000000000
28 44 60
0.224457330000 -0.243669710000 0.943527410000 -1.332463660000
0.889595440000 0.446477170000 -0.096322850000 -0.120897080000
-0.397792490000 0.860978050000 0.316982540000 1.849168880000
0.000000000000 0.000000000000 0.000000000000 1.000000000000
28 45 60
-0.252354420000 0.940569040000 0.227260040000 0.206866110000
-0.922362260000 -0.304817530000 0.237348110000 -0.451194250000
0.292515130000 -0.149720240000 0.944467440000 0.783930350000
0.000000000000 0.000000000000 0.000000000000 1.000000000000
28 46 60
0.344914310000 0.874374790000 0.341325130000 -0.088800620000
-0.937829930000 0.336076160000 0.086763120000 -0.066931840000
-0.038847760000 -0.350030760000 0.935932330000 1.023140050000
0.000000000000 0.000000000000 0.000000000000 1.000000000000
28 47 60
-0.838883970000 0.438290620000 -0.322761560000 0.878663590000
0.174233740000 0.777997100000 0.603624980000 -0.997150210000
0.515670720000 0.450135370000 -0.729014310000 3.513120590000
0.000000000000 0.000000000000 0.000000000000 1.000000000000
28 48 60
0.982628750000 -0.073019380000 0.170613310000 -0.480218560000
-0.175534720000 -0.664089470000 0.726754940000 -1.006519010000
0.060235310000 -0.744078860000 -0.665370840000 3.470598510000
0.000000000000 0.000000000000 0.000000000000 1.000000000000
28 49 60
-0.855013340000 0.295556890000 -0.426143540000 0.824243640000
-0.266686590000 -0.955313870000 -0.127489910000 0.197262310000
-0.444781360000 0.004641190000 0.895627160000 1.436873530000
0.000000000000 0.000000000000 0.000000000000 1.000000000000
28 50 60
0.466037780000 -0.597467120000 0.652565570000 -1.004308550000
0.118956770000 0.773173960000 0.622937650000 -1.366382890000
-0.876731470000 -0.212685390000 0.431401030000 2.286555260000
0.000000000000 0.000000000000 0.000000000000 1.000000000000
28 51 60
0.672414770000 -0.440694700000 0.594681900000 -1.219356680000
0.546110820000 0.837706460000 0.003295560000 -0.673458170000
-0.499621200000 0.322546240000 0.803954340000 2.005302300000
0.000000000000 0.000000000000 0.000000000000 1.000000000000
28 52 60
-0.615013040000 0.730868880000 -0.295955470000 0.902760420000
-0.785651520000 -0.536009670000 0.308942250000 -0.584259340000
0.067161290000 0.422521380000 0.903861190000 1.555547740000
0.000000000000 0.000000000000 0.000000000000 1.000000000000
28 53 60
-0.504462820000 -0.555981440000 -0.660607220000 1.529023360000
0.456210950000 0.477944250000 -0.750626980000 0.261169550000
0.733068090000 -0.680039650000 0.012539720000 2.249609700000
0.000000000000 0.000000000000 0.000000000000 1.000000000000
28 54 60
0.394042240000 -0.510059000000 0.764572120000 -2.069398530000
-0.580754450000 0.506583720000 0.637257560000 -1.222980260000
-0.712358740000 -0.695135060000 -0.096603660000 2.728625830000
0.000000000000 0.000000000000 0.000000000000 1.000000000000
28 55 60
0.872374150000 0.300106980000 0.385874510000 -0.227826600000
-0.302542830000 0.951487950000 -0.056022450000 0.630972420000
-0.383967680000 -0.067871030000 0.920848710000 -0.772809150000
0.000000000000 0.000000000000 0.000000000000 1.000000000000
28 56 60
-0.208249430000 0.946663810000 -0.245885760000 0.855755250000
-0.925873550000 -0.109770750000 0.361536380000 -1.741078230000
0.315262350000 0.302948870000 0.899350680000 0.290674840000
0.000000000000 0.000000000000 0.000000000000 1.000000000000
28 57 60
0.679914130000 0.612548060000 -0.403114920000 1.267613750000
-0.648064530000 0.759175640000 0.060536920000 -0.175585750000
0.343116800000 0.220084580000 0.913144920000 0.668818970000
0.000000000000 0.000000000000 0.000000000000 1.000000000000
28 58 60
-0.881743790000 -0.228815670000 0.412518220000 -1.567074660000
-0.344514380000 -0.285003310000 -0.894473560000 1.648051050000
0.322238630000 -0.930814970000 0.172469610000 1.079973720000
0.000000000000 0.000000000000 0.000000000000 1.000000000000
29 31 60
0.700095620000 -0.404911380000 -0.588143610000 0.868721840000
0.307361460000 0.914348090000 -0.263621900000 0.375671460000
0.644511490000 0.003787860000 0.764585240000 1.095304900000
0.000000000000 0.000000000000 0.000000000000 1.000000000000
29 32 60
-0.115953220000 -0.644525850000 0.755738900000 -2.053868210000
0.932653270000 -0.332355190000 -0.140349210000 0.688661260000
0.341632440000 0.688568410000 0.639656800000 0.951415070000
0.000000000000 0.000000000000 0.000000000000 1.000000000000
29 33 60
0.865685460000 0.474769280000 -0.158690950000 0.112978570000
-0.498151420000 0.785796800000 -0.366563170000 1.468117090000
-0.049334090000 0.396380530000 0.916759850000 0.302123230000
0.000000000000 0.000000000000 0.000000000000 1.000000000000
29 34 60
0.878378820000 0.343724940000 -0.332120180000 0.916743600000
-0.461927650000 0.788972590000 -0.405148240000 0.426777040000
0.122774160000 0.509289120000 0.851792870000 0.896170830000
0.000000000000 0.000000000000 0.000000000000 1.000000000000
29 35 60
0.522030150000 0.512250760000 -0.681970440000 1.706959640000
-0.585906390000 -0.365689240000 -0.723177080000 1.217413100000
-0.619837250000 0.777091080000 0.109230180000 1.832864560000
0.000000000000 0.000000000000 0.000000000000 1.000000000000
29 36 60
-0.735586760000 0.515671550000 -0.439311930000 0.826593010000
-0.661129110000 -0.405058520000 0.631534560000 -1.015643770000
0.147717360000 0.754990360000 0.638881160000 0.473822270000
0.000000000000 0.000000000000 0.000000000000 1.000000000000
29 37 60
-0.613154550000 0.718321790000 -0.328717650000 0.270873860000
-0.296889120000 -0.595153590000 -0.746759040000 1.537382200000
-0.732050780000 -0.360286010000 0.578183060000 0.723660170000
0.000000000000 0.000000000000 0.000000000000 1.000000000000
29 38 60
-0.556712860000 -0.207046140000 0.804489080000 -1.443738320000
0.693108660000 -0.649593950000 0.312454930000 -0.530105140000
0.457898650000 0.731546030000 0.505142780000 1.126981130000
0.000000000000 0.000000000000 0.000000000000 1.000000000000
29 39 60
0.597411760000 -0.794271460000 -0.110598550000 -0.268144430000
-0.572770130000 -0.326087970000 -0.752064500000 1.479117180000
0.561278510000 0.512639720000 -0.649743760000 4.468311450000
0.000000000000 0.000000000000 0.000000000000 1.000000000000
29 40 60
-0.841912480000 -0.238801760000 -0.483897820000 1.186913380000
-0.130838360000 -0.779650230000 0.612394350000 -1.573040800000
-0.523511900000 0.578894840000 0.625152830000 0.262732770000
0.000000000000 0.000000000000 0.000000000000 1.000000000000
29 41 60
0.564209060000 0.510813450000 0.648643010000 -2.105101160000
-0.026296480000 0.796351570000 -0.604262090000 1.476839500000
-0.825213080000 0.323873110000 0.462741370000 1.170927550000
0.000000000000 0.000000000000 0.000000000000 1.000000000000
29 42 60
0.764890090000 -0.518890230000 0.381701560000 -2.087148130000
0.643261450000 0.646582380000 -0.410056020000 0.600367930000
-0.034027440000 0.559181680000 0.828346530000 0.093703740000
0.000000000000 0.000000000000 0.000000000000 1.000000000000
29 43 60
0.970460470000 -0.103923500000 0.217730080000 -0.751523530000
-0.232001160000 -0.649602590000 0.724011010000 -1.561223020000
0.066196270000 -0.753137690000 -0.654524000000 3.469677930000
0.000000000000 0.000000000000 0.000000000000 1.000000000000
29 44 60
-0.625582780000 0.774273280000 -0.095640310000 0.308459280000
-0.711278190000 -0.515684100000 0.477653900000 -0.806048140000
0.320514460000 0.366838920000 0.873326790000 0.423715430000
0.000000000000 0.000000000000 0.000000000000 1.000000000000
29 45 60
0.977890830000 -0.205840550000 -0.036867250000 -0.510539590000
0.135484580000 0.489349710000 0.861499150000 -1.755423090000
-0.159290480000 -0.847447060000 0.506418820000 1.137871520000
0.000000000000 0.000000000000 0.000000000000 1.000000000000
29 46 60
0.859601020000 0.510220130000 -0.027595570000 -0.324961170000
-0.506912400000 0.858326460000 0.079470110000 -0.263057170000
0.064233260000 -0.054324050000 0.996455210000 0.512670380000
0.000000000000 0.000000000000 0.000000000000 1.000000000000
29 47 60
0.787816800000 -0.615818430000 0.010599550000 -0.513128950000
-0.600638550000 -0.764361110000 0.234489700000 -0.204442820000
-0.136301190000 -0.191101420000 -0.972060820000 3.437026070000
0.000000000000 0.000000000000 0.000000000000 1.000000000000
29 48 60
0.825404450000 -0.092331920000 0.556940130000 -0.938182960000
-0.044860520000 0.972687760000 0.227741190000 -0.739700730000
-0.562756630000 -0.212963210000 0.798718750000 1.132294460000
0.000000000000 0.000000000000 0.000000000000 1.000000000000
29 49 60
-0.197443860000 -0.737811800000 -0.645484060000 1.400883850000
-0.385026550000 0.663899080000 -0.641087020000 0.997679840000
0.901537840000 0.121949800000 -0.415159930000 2.206236860000
0.000000000000 0.000000000000 0.000000000000 1.000000000000
29 50 60
0.695980710000 0.702313340000 0.149555430000 -0.367038020000
-0.544747290000 0.652112950000 -0.527256190000 0.622179380000
-0.467826090000 0.285490220000 0.836441320000 1.221662330000
0.000000000000 0.000000000000 0.000000000000 1.000000000000
29 51 60
0.733869100000 -0.349281800000 0.582613390000 -1.339867850000
0.480989920000 0.872826860000 -0.082595260000 -0.228654160000
-0.479671590000 0.340845280000 0.808541690000 1.479962010000
0.000000000000 0.000000000000 0.000000000000 1.000000000000
29 52 60
-0.964376810000 -0.210146880000 -0.160672520000 0.792744750000
0.137347460000 -0.916869250000 0.374815240000 -1.069809230000
-0.226081940000 0.339395160000 0.913070580000 1.092386220000
0.000000000000 0.000000000000 0.000000000000 1.000000000000
29 53 60
0.160940790000 0.960646150000 0.226400180000 -0.620534770000
-0.614362470000 0.277040280000 -0.738787820000 1.615199090000
-0.772435640000 -0.020190670000 0.634772020000 1.457061690000
0.000000000000 0.000000000000 0.000000000000 1.000000000000
29 54 60
-0.359687800000 0.700203600000 -0.616716800000 1.581958390000
0.646032890000 0.663789220000 0.376862540000 -1.277058950000
0.673250470000 -0.262866480000 -0.691111440000 3.828842870000
0.000000000000 0.000000000000 0.000000000000 1.000000000000
29 55 60
0.903239600000 0.274600320000 -0.329777040000 1.026008050000
-0.429130940000 0.581916860000 -0.690810680000 1.809044200000
0.002205990000 0.765485090000 0.643449850000 0.523869210000
0.000000000000 0.000000000000 0.000000000000 1.000000000000
29 56 60
-0.935291280000 -0.326621360000 0.136193660000 -1.883146170000
-0.353061790000 0.887394810000 -0.296441950000 1.124212380000
-0.024033280000 -0.325344340000 -0.945290150000 4.874116960000
0.000000000000 0.000000000000 0.000000000000 1.000000000000
29 57 60
0.239987150000 -0.336772300000 0.910489200000 -2.149110390000
0.880816180000 -0.318767340000 -0.350071780000 0.736870490000
0.408128700000 0.885986340000 0.220134430000 2.125535600000
0.000000000000 0.000000000000 0.000000000000 1.000000000000
29 58 60
0.288660070000 -0.436036110000 0.852377780000 -2.422134230000
0.864101320000 -0.264747610000 -0.428062630000 1.247610900000
0.412315740000 0.860105350000 0.300357320000 2.135376740000
0.000000000000 0.000000000000 0.000000000000 1.000000000000
29 59 60
0.371035180000 -0.883749950000 0.285164720000 -1.274998850000
-0.707517340000 -0.467929820000 -0.529585590000 1.029554450000
0.601458310000 -0.005264100000 -0.798886840000 4.651669150000
0.000000000000 0.000000000000 0.000000000000 1.000000000000
30 32 60
-0.032329060000 -0.899934910000 0.434824090000 -1.263174710000
-0.999343380000 0.021984430000 -0.028800780000 0.027261330000
0.016359470000 -0.435469680000 -0.900054740000 3.478330830000
0.000000000000 0.000000000000 0.000000000000 1.000000000000
30 33 60
0.351499500000 0.559262350000 -0.750782080000 1.125789490000
0.858487180000 0.127332870000 0.496775710000 -0.698256670000
0.373427190000 -0.819153200000 -0.435362110000 2.456719840000
0.000000000000 0.000000000000 0.000000000000 1.000000000000
30 34 60
-0.896149780000 0.427353420000 0.119518320000 -0.473614630000
-0.296913640000 -0.777618070000 0.554213340000 -0.859869630000
0.329784570000 0.461171540000 0.823749320000 0.529442150000
0.000000000000 0.000000000000 0.000000000000 1.000000000000
30 35 60
-0.911242830000 -0.335137790000 0.239414230000 -1.365471060000
-0.375154340000 0.915289470000 -0.146643780000 1.011083710000
-0.169987450000 -0.223445380000 -0.959779360000 4.466173860000
0.000000000000 0.000000000000 0.000000000000 1.000000000000
30 36 60
0.543028180000 -0.240839720000 0.804435590000 -2.752025860000
-0.051432170000 0.946648990000 0.318135840000 -0.606805600000
-0.838137890000 -0.214130600000 0.501670170000 0.584975900000
0.000000000000 0.000000000000 0.000000000000 1.000000000000
30 37 60
-0.116535320000 -0.866869660000 0.484723130000 -1.950679830000
-0.987369130000 0.153864350000 0.037788490000 0.381922230000
-0.107339300000 -0.474196960000 -0.873850970000 4.188294770000
0.000000000000 0.000000000000 0.000000000000 1.000000000000
30 38 60
0.721665790000 -0.656787180000 0.218698630000 -0.825604250000
-0.548310410000 -0.349492020000 0.759744050000 -1.275538580000
-0.422556720000 -0.668196030000 -0.612339680000 2.959450960000
0.000000000000 0.000000000000 0.000000000000 1.000000000000
30 39 60
-0.470346910000 0.698494590000 -0.539332090000 1.832067940000
0.217671240000 0.684097970000 0.696153150000 -1.525914560000
0.855215190000 0.210036390000 -0.473805550000 3.309144170000
0.000000000000 0.000000000000 0.000000000000 1.000000000000
30 40 60
-0.382097050000 -0.303120930000 -0.872994580000 2.204393180000
-0.064023070000 0.951087540000 -0.302214380000 1.134069770000
0.921901780000 -0.059583430000 -0.382814480000 2.758503230000
0.000000000000 0.000000000000 0.000000000000 1.000000000000
30 41 60
0.882859890000 -0.232349150000 0.408132680000 -1.826222050000
-0.286826780000 -0.954896280000 0.076834130000 0.092727960000
0.371872040000 -0.184897160000 -0.909683590000 4.122990880000
0.000000000000 0.000000000000 0.000000000000 1.000000000000
30 42 60
-0.349089760000 -0.402547510000 -0.846222100000 1.671114860000
0.505433180000 0.679535680000 -0.531759870000 1.169178610000
0.789096720000 -0.613340650000 -0.033758080000 1.585643310000
0.000000000000 0.000000000000 0.000000000000 1.000000000000
30 43 60
0.722729240000 -0.390536710000 0.570213570000 -1.425663490000
-0.487706700000 -0.872769200000 0.020398470000 0.266996120000
0.489698490000 -0.292839550000 -0.821243190000 3.037543970000
0.000000000000 0.000000000000 0.000000000000 1.000000000000
30 44 60
-0.451683400000 0.465815440000 -0.760919240000 0.986658330000
0.749920270000 0.660258890000 -0.040960660000 0.050473350000
0.483323590000 -0.589130020000 -0.647552420000 2.806269020000
0.000000000000 0.000000000000 0.000000000000 1.000000000000
30 45 60
0.993958040000 -0.060758100000 0.091410480000 -0.497977960000
0.072332770000 0.988981380000 -0.129165770000 -0.003087550000
-0.082555400000 0.134997330000 0.987400790000 0.175744400000
0.000000000000 0.000000000000 0.000000000000 1.000000000000
30 46 60
0.685018170000 -0.604950780000 -0.405936770000 0.126412740000
-0.589773780000 -0.787598270000 0.178482070000 0.012777520000
-0.427687970000 0.117147400000 -0.896303230000 3.154944800000
0.000000000000 0.000000000000 0.000000000000 1.000000000000
30 47 60
-0.598196490000 -0.797649460000 0.076917480000 -0.272590780000
0.795724270000 -0.579901700000 0.174748120000 -0.362410510000
-0.094783160000 0.165738810000 0.981604200000 0.342932870000
0.000000000000 0.000000000000 0.000000000000 1.000000000000
30 48 60
0.464472830000 -0.519820430000 0.716973990000 -1.052065480000
0.425747520000 0.840975630000 0.333914710000 -0.663003980000
-0.776533350000 0.150155580000 0.611922600000 0.950904610000
0.000000000000 0.000000000000 0.000000000000 1.000000000000
30 49 60
0.912195180000 0.062136310000 0.405017320000 -0.998802070000
0.230313060000 -0.895272390000 -0.381370220000 0.346080300000
0.338903880000 0.441164850000 -0.830973970000 2.814067870000
0.000000000000 0.000000000000 0.000000000000 1.000000000000
30 50 60
-0.890646780000 0.370288730000 -0.263883620000 0.261183990000
-0.451521400000 -0.651791130000 0.609341240000 -0.882461360000
0.053635190000 0.661856910000 0.747708960000 0.884814340000
0.000000000000 0.000000000000 0.000000000000 1.000000000000
30 51 60
0.974654660000 -0.157177420000 0.159196570000 -0.157287120000
0.158982830000 0.987280340000 0.001412230000 0.055313570000
-0.157393610000 0.023933080000 0.987245900000 0.604342800000
0.000000000000 0.000000000000 0.000000000000 1.000000000000
30 52 60
-0.758388350000 -0.645256500000 0.092147520000 0.004051150000
0.647421240000 -0.729359320000 0.221089870000 -0.403282300000
-0.075451030000 0.227330240000 0.970890370000 0.651361700000
0.000000000000 0.000000000000 0.000000000000 1.000000000000
30 53 60
0.977627120000 -0.012023230000 0.210001570000 -1.534594980000
0.022768960000 -0.986450030000 -0.162474370000 0.816793720000
0.209109530000 0.163620870000 -0.964106540000 3.584616890000
0.000000000000 0.000000000000 0.000000000000 1.000000000000
30 54 60
-0.387194200000 0.251214150000 -0.887114480000 2.249596200000
0.277017390000 0.949406860000 0.147945860000 -0.345059510000
0.879398670000 -0.188462360000 -0.437195520000 2.654927520000
0.000000000000 0.000000000000 0.000000000000 1.000000000000
30 55 60
0.364907790000 -0.930399550000 -0.034626230000 -0.582826250000
-0.693760860000 -0.246917760000 -0.676555600000 1.548562750000
0.620917200000 0.270902740000 -0.735577010000 4.561224460000
0.000000000000 0.000000000000 0.000000000000 1.000000000000
30 56 60
0.135819460000 0.856107070000 -0.498631890000 2.452541400000
0.988781660000 -0.148709950000 0.014006640000 0.893355200000
-0.062160340000 -0.494940440000 -0.866700670000 3.937738930000
0.000000000000 0.000000000000 0.000000000000 1.000000000000
30 57 60
-0.966155320000 -0.123514480000 0.226468680000 -1.618115210000
-0.257902140000 0.481256500000 -0.837781990000 2.677513620000
-0.005511320000 -0.867834290000 -0.496823180000 2.482705510000
0.000000000000 0.000000000000 0.000000000000 1.000000000000
30 58 60
-0.096488610000 0.628115030000 -0.772114920000 1.342223380000
-0.878876980000 0.310347480000 0.362297790000 -0.409515750000
0.467188610000 0.713551650000 0.522090850000 0.894323740000
0.000000000000 0.000000000000 0.000000000000 1.000000000000
30 59 60
-0.472179590000 0.054331490000 -0.879826420000 0.685085490000
0.869503980000 -0.135411030000 -0.475001780000 1.076215910000
-0.144945760000 -0.989298710000 0.016696880000 1.760167960000
0.000000000000 0.000000000000 0.000000000000 1.000000000000
31 33 60
-0.627396090000 -0.466777940000 -0.623291660000 0.407987560000
0.626111010000 0.173519730000 -0.760181490000 1.702651510000
0.462989360000 -0.867184670000 0.183389210000 0.926267560000
0.000000000000 0.000000000000 0.000000000000 1.000000000000
31 34 60
0.929892350000 -0.343082920000 -0.132643600000 -0.235292780000
-0.356685200000 -0.929144740000 -0.097291890000 -0.649957960000
-0.089865920000 0.137783000000 -0.986377190000 4.448459590000
0.000000000000 0.000000000000 0.000000000000 1.000000000000
31 35 60
-0.448371640000 0.831687260000 0.327504470000 -1.318513660000
-0.705792210000 -0.554243620000 0.441215790000 -1.454217590000
0.548470810000 -0.033321450000 0.835505500000 -0.636984480000
0.000000000000 0.000000000000 0.000000000000 1.000000000000
31 36 60
0.326980910000 -0.666491470000 0.669979550000 -1.488745630000
-0.568647670000 -0.705002470000 -0.423805770000 1.193067450000
0.754800180000 -0.242405920000 -0.609521170000 2.683538550000
0.000000000000 0.000000000000 0.000000000000 1.000000000000
31 37 60
0.369221840000 -0.589650180000 0.718322980000 -1.514417060000
0.569494130000 0.754364580000 0.326512650000 -0.260936240000
-0.734405660000 0.288525120000 0.614330190000 0.014793470000
0.000000000000 0.000000000000 0.000000000000 1.000000000000
31 38 60
-0.533426710000 0.663449470000 -0.524681570000 1.455326890000
-0.649648710000 0.075889320000 0.756437280000 -1.167398460000
0.541675640000 0.744362560000 0.390527700000 0.551942450000
0.000000000000 0.000000000000 0.000000000000 1.000000000000
31 39 60
-0.081466940000 0.963839310000 -0.253726080000 0.296171850000
-0.994857320000 -0.094011310000 -0.037693430000 0.028921540000
-0.060183530000 0.249350480000 0.966541400000 -0.333594460000
0.000000000000 0.000000000000 0.000000000000 1.000000000000
31 40 60
-0.486250838000 0.391326555000 -0.781296135000 2.228208000000
0.629391463000 0.777084402000 -0.002493758430 -0.239697201000
0.606157165000 -0.492953709000 -0.624155535000 3.464091770000
0.000000000000 0.000000000000 0.000000000000 1.000000000000
31 41 60
0.176443150000 -0.798539860000 0.575501440000 -2.481212240000
-0.377376170000 0.485117540000 0.788827100000 -1.340261750000
-0.909095730000 -0.356363670000 -0.215754240000 2.603698380000
0.000000000000 0.000000000000 0.000000000000 1.000000000000
31 42 60
-0.755327090000 -0.647422020000 -0.101615550000 0.139399460000
0.207041260000 -0.382855720000 0.900308510000 -1.970189810000
-0.621783640000 0.658988800000 0.423224370000 0.622171400000
0.000000000000 0.000000000000 0.000000000000 1.000000000000
31 43 60
-0.840118310000 0.165408780000 0.516566710000 -1.190947740000
0.521588610000 -0.014930300000 0.853066470000 -1.616055150000
0.148817180000 0.986112070000 -0.073732120000 1.588432900000
0.000000000000 0.000000000000 0.000000000000 1.000000000000
31 44 60
0.450142300000 -0.888091040000 -0.093092530000 -0.043670190000
-0.890811030000 -0.439390600000 -0.115722170000 0.515461170000
0.061867840000 0.135019300000 -0.988909580000 3.019305370000
0.000000000000 0.000000000000 0.000000000000 1.000000000000
31 45 60
-0.506205520000 0.742858770000 -0.438083110000 -0.146863520000
-0.547051490000 0.116110360000 0.829007270000 -0.683628290000
0.666701310000 0.659302080000 0.347606290000 1.196924520000
0.000000000000 0.000000000000 0.000000000000 1.000000000000
31 46 60
0.883278280000 -0.327353520000 0.335647370000 -1.385727160000
0.157286790000 0.881300270000 0.445612730000 0.011851820000
-0.441679020000 -0.340807140000 0.829921770000 0.489752650000
0.000000000000 0.000000000000 0.000000000000 1.000000000000
31 47 60
-0.427082900000 0.726740260000 0.538004450000 -1.184798350000
-0.727023050000 -0.629764240000 0.273558920000 0.099765030000
0.537622240000 -0.274309300000 0.797318460000 0.533912660000
0.000000000000 0.000000000000 0.000000000000 1.000000000000
31 48 60
0.827497200000 -0.431864580000 0.358805470000 -1.320671640000
-0.126472950000 0.479253170000 0.868516550000 -0.452547770000
-0.547040190000 -0.764074200000 0.341961470000 1.154232420000
0.000000000000 0.000000000000 0.000000000000 1.000000000000
31 49 60
-0.829653340000 -0.126026680000 -0.543868200000 0.708594570000
-0.246767550000 -0.791069830000 0.559744860000 -0.081227660000
-0.500780510000 0.598603210000 0.625214430000 0.861181070000
0.000000000000 0.000000000000 0.000000000000 1.000000000000
31 50 60
-0.830651990000 0.412925810000 -0.373509760000 -0.049496580000
-0.546554910000 -0.732742710000 0.405420590000 0.143428440000
-0.106277930000 0.540907010000 0.834340820000 0.743326350000
0.000000000000 0.000000000000 0.000000000000 1.000000000000
31 51 60
0.922805310000 0.209920470000 -0.323053800000 0.164795330000
0.147262150000 -0.967038520000 -0.207726640000 -0.126265070000
-0.356011540000 0.144117650000 -0.923301620000 2.287779610000
0.000000000000 0.000000000000 0.000000000000 1.000000000000
31 52 60
-0.880253990000 -0.401139310000 0.253456420000 -0.316029640000
0.444466400000 -0.884076300000 0.144425460000 -0.346134440000
0.166140090000 0.239783950000 0.956504640000 0.438333560000
0.000000000000 0.000000000000 0.000000000000 1.000000000000
31 53 60
0.993728780000 0.083490700000 0.074380230000 -1.263688970000
0.058357640000 -0.954659020000 0.291925570000 -0.254439120000
0.095380820000 -0.285754180000 -0.953544460000 3.557121860000
0.000000000000 0.000000000000 0.000000000000 1.000000000000
31 54 60
0.933925910000 0.337873800000 0.116720570000 -1.278455300000
0.356718020000 -0.859767610000 -0.365447560000 0.726737360000
-0.023122590000 0.382937270000 -0.923484920000 4.333741270000
0.000000000000 0.000000000000 0.000000000000 1.000000000000
31 55 60
-0.149010650000 0.930638640000 -0.334226800000 0.457586360000
-0.978628840000 -0.090354770000 0.184720330000 -0.647609510000
0.141708890000 0.354609280000 0.924213640000 -0.854923950000
0.000000000000 0.000000000000 0.000000000000 1.000000000000
31 56 60
-0.981564480000 -0.187865580000 -0.035180930000 -1.851492820000
-0.112837980000 0.421017410000 0.900006630000 -2.018828450000
-0.154268480000 0.887384280000 -0.434454100000 3.061995970000
0.000000000000 0.000000000000 0.000000000000 1.000000000000
31 57 60
0.965373070000 0.151383800000 0.212456540000 -0.755695370000
-0.111145060000 0.975466510000 -0.190031220000 0.152533300000
-0.236011890000 0.159837530000 0.958514660000 0.254278130000
0.000000000000 0.000000000000 0.000000000000 1.000000000000
31 58 60
0.321890240000 0.626445120000 -0.709896600000 1.099742570000
-0.830603850000 0.546716070000 0.105824340000 -0.280449710000
0.454405020000 0.555579030000 0.696310290000 0.549062650000
0.000000000000 0.000000000000 0.000000000000 1.000000000000
31 59 60
0.694953480000 -0.717907250000 0.040605990000 -1.476428500000
-0.341453160000 -0.279783600000 0.897290850000 -2.499380050000
-0.632810720000 -0.637440450000 -0.439568280000 2.386048030000
0.000000000000 0.000000000000 0.000000000000 1.000000000000
32 34 60
0.390563650000 0.711909010000 -0.583648520000 1.715291350000
-0.655609600000 0.660173900000 0.366533050000 -0.812872670000
0.646247700000 0.239491080000 0.724574310000 0.327619630000
0.000000000000 0.000000000000 0.000000000000 1.000000000000
32 35 60
-0.587713240000 0.800907800000 -0.114629150000 0.403018090000
-0.025994500000 0.122915020000 0.992076700000 -2.683281460000
0.808651620000 0.586036340000 -0.051419590000 2.700048120000
0.000000000000 0.000000000000 0.000000000000 1.000000000000
32 36 60
-0.375605740000 -0.907602380000 0.187558650000 -0.677813770000
0.010974840000 0.198006730000 0.980139220000 -2.745949110000
-0.926714560000 0.370204340000 -0.064411670000 2.647838100000
0.000000000000 0.000000000000 0.000000000000 1.000000000000
32 37 60
0.395135950000 0.438299890000 -0.807317030000 1.173890750000
-0.708706520000 0.704601460000 0.035662970000 0.115747190000
0.584467840000 0.558059130000 0.589039350000 0.386733580000
0.000000000000 0.000000000000 0.000000000000 1.000000000000
32 38 60
-0.590889420000 -0.458236630000 0.663979590000 -1.658120080000
-0.537362910000 -0.390324700000 -0.747587940000 1.098040640000
0.601739810000 -0.798539800000 -0.015600630000 1.885316900000
0.000000000000 0.000000000000 0.000000000000 1.000000000000
32 39 60
-0.689445380000 0.719968970000 -0.079433960000 -0.112038570000
0.307587440000 0.191719200000 -0.932005210000 1.557920150000
-0.655785820000 -0.666999580000 -0.353633320000 2.316286980000
0.000000000000 0.000000000000 0.000000000000 1.000000000000
32 40 60
-0.607247660000 -0.188066810000 -0.771933380000 1.849983050000
-0.689431020000 -0.358163320000 0.629606150000 -1.780268390000
-0.394886240000 0.914521690000 0.087834740000 1.654581270000
0.000000000000 0.000000000000 0.000000000000 1.000000000000
32 41 60
0.681575360000 0.724061550000 -0.105782380000 0.063086290000
-0.729175990000 0.684155300000 -0.015293990000 0.231000650000
0.061297780000 0.087557970000 0.994271680000 -0.404544730000
0.000000000000 0.000000000000 0.000000000000 1.000000000000
32 42 60
-0.575956170000 -0.746950740000 0.332173280000 -0.895531300000
0.313734110000 0.173251400000 0.933571030000 -2.563309390000
-0.754881050000 0.641910080000 0.134558710000 2.002867720000
0.000000000000 0.000000000000 0.000000000000 1.000000000000
32 43 60
-0.528202000000 0.844151230000 -0.091713380000 0.115479690000
-0.740278850000 -0.404897010000 0.536698830000 -0.643081600000
0.415920500000 0.351378870000 0.838774720000 0.259960190000
0.000000000000 0.000000000000 0.000000000000 1.000000000000
32 44 60
0.496799000000 -0.492226310000 0.714775500000 -1.644847520000
-0.643668410000 0.343465590000 0.683902310000 -0.964783280000
-0.582135500000 -0.799840390000 -0.146197160000 1.824646310000
0.000000000000 0.000000000000 0.000000000000 1.000000000000
32 45 60
-0.935582750000 -0.006334120000 -0.353050690000 0.264135010000
-0.341913980000 0.266000840000 0.901298160000 -1.202758510000
0.088202850000 0.963951990000 -0.251031530000 2.026291120000
0.000000000000 0.000000000000 0.000000000000 1.000000000000
32 46 60
0.867736260000 0.267667110000 -0.418793640000 0.133840900000
0.054561300000 0.786209230000 0.615547000000 -0.736229250000
0.494021110000 -0.556982380000 0.667617990000 0.293392050000
0.000000000000 0.000000000000 0.000000000000 1.000000000000
32 47 60
0.915991640000 0.195360110000 0.350419380000 -1.355460970000
-0.387060150000 0.660138150000 0.643740680000 -1.507516470000
-0.105563950000 -0.725294460000 0.680297140000 1.560590180000
0.000000000000 0.000000000000 0.000000000000 1.000000000000
32 48 60
-0.360322390000 -0.812665490000 -0.457976610000 0.705921070000
-0.285668580000 0.563497770000 -0.775154000000 1.368961770000
0.888009700000 -0.148475820000 -0.435193860000 2.319130700000
0.000000000000 0.000000000000 0.000000000000 1.000000000000
32 49 60
-0.507283970000 0.288916270000 -0.811905390000 0.928402500000
-0.841630360000 -0.368626440000 0.394680740000 -0.180186540000
-0.185260110000 0.883539430000 0.430158990000 1.100040220000
0.000000000000 0.000000000000 0.000000000000 1.000000000000
32 50 60
0.869179670000 0.403692630000 0.285585320000 -0.729425940000
-0.458102800000 0.874809490000 0.157639410000 -0.295145170000
-0.186194880000 -0.267844410000 0.945299340000 1.170390120000
0.000000000000 0.000000000000 0.000000000000 1.000000000000
32 51 60
-0.340699620000 0.899847120000 -0.272394820000 -0.497641670000
-0.774102140000 -0.104061590000 0.624449410000 -0.843319520000
0.533563170000 0.423611090000 0.732027320000 1.599455330000
0.000000000000 0.000000000000 0.000000000000 1.000000000000
32 52 60
-0.821205280000 0.569669770000 0.033139710000 0.409699460000
-0.564058960000 -0.819164560000 0.103956350000 0.054095500000
0.086367660000 0.066676750000 0.994029600000 0.717456320000
0.000000000000 0.000000000000 0.000000000000 1.000000000000
32 53 60
0.673228320000 0.737087530000 0.058869380000 -0.417776720000
0.737030390000 -0.675324240000 0.026895820000 -0.683842470000
0.059580490000 0.025281490000 -0.997903310000 3.686928530000
0.000000000000 0.000000000000 0.000000000000 1.000000000000
32 54 60
0.505484650000 0.837873920000 -0.206040210000 -0.080219330000
-0.862783140000 0.493464340000 -0.109991770000 0.252206900000
0.009514260000 0.233367170000 0.972342140000 -0.546308690000
0.000000000000 0.000000000000 0.000000000000 1.000000000000
32 55 60
-0.922903880000 -0.334388110000 0.190874350000 -1.051467580000
-0.163928440000 -0.107314160000 -0.980617730000 2.206300480000
0.348390430000 -0.936305650000 0.044224940000 1.459898440000
0.000000000000 0.000000000000 0.000000000000 1.000000000000
32 56 60
-0.954972380000 0.097385530000 -0.280256700000 -0.613773120000
-0.185863440000 0.539915980000 0.820941850000 -2.223120940000
0.231262930000 0.836066260000 -0.497504440000 3.840820910000
0.000000000000 0.000000000000 0.000000000000 1.000000000000
32 57 60
0.951162920000 -0.079488690000 0.298279490000 -0.339581750000
0.201279620000 0.892315980000 -0.404052860000 0.571075720000
-0.234041930000 0.444357680000 0.864737320000 0.239415350000
0.000000000000 0.000000000000 0.000000000000 1.000000000000
32 58 60
0.562738430000 -0.596117580000 0.572686030000 -2.531986340000
0.639754970000 0.752796490000 0.154954910000 0.027742850000
-0.523487380000 0.279179650000 0.804996700000 -0.105949210000
0.000000000000 0.000000000000 0.000000000000 1.000000000000
32 59 60
-0.895974730000 0.432807620000 0.099533100000 -0.665630810000
-0.265268790000 -0.341814460000 -0.901551630000 1.159604300000
-0.356176570000 -0.834170510000 0.421067470000 0.783867080000
0.000000000000 0.000000000000 0.000000000000 1.000000000000
33 35 60
0.849202940000 0.206997710000 0.485804820000 -0.374670160000
-0.167333240000 0.978041910000 -0.124232110000 0.136385330000
-0.500853230000 0.024206980000 0.865193660000 -0.351193230000
0.000000000000 0.000000000000 0.000000000000 1.000000000000
33 36 60
-0.558559310000 -0.650201270000 -0.515024090000 1.248159520000
-0.377890990000 -0.353256100000 0.855808700000 -2.464911360000
-0.738383300000 0.672642880000 -0.048390720000 2.300689970000
0.000000000000 0.000000000000 0.000000000000 1.000000000000
33 37 60
0.205373070000 0.977876260000 -0.039748210000 0.186935000000
-0.965224290000 0.195669020000 -0.173365800000 -0.083468040000
-0.161752810000 0.073970600000 0.984055070000 -0.285368820000
0.000000000000 0.000000000000 0.000000000000 1.000000000000
33 38 60
0.791225490000 0.419630600000 -0.444828490000 0.246139040000
0.508450270000 -0.855579020000 0.097277200000 -1.407582730000
-0.339765440000 -0.303141370000 -0.890317220000 4.106176840000
0.000000000000 0.000000000000 0.000000000000 1.000000000000
33 39 60
0.980668960000 0.102280480000 0.166814530000 -0.187292570000
-0.057329600000 0.965286150000 -0.254825360000 -0.051967630000
-0.187087420000 0.240335910000 0.952489870000 0.740758620000
0.000000000000 0.000000000000 0.000000000000 1.000000000000
33 40 60
-0.144560730000 -0.987927780000 0.055685630000 -0.211213480000
0.093988230000 -0.069731790000 -0.993128230000 2.237208420000
0.985022030000 -0.138333550000 0.102934060000 1.738536890000
0.000000000000 0.000000000000 0.000000000000 1.000000000000
33 41 60
-0.232523070000 -0.972555980000 -0.008239050000 -0.098132410000
-0.016126010000 0.012325280000 -0.999794000000 1.984217790000
0.972457180000 -0.232342310000 -0.018549360000 2.041343640000
0.000000000000 0.000000000000 0.000000000000 1.000000000000
33 42 60
-0.561329960000 -0.797558170000 -0.220929030000 0.761980750000
0.149078600000 -0.360032960000 0.920951590000 -2.576835830000
-0.814054200000 0.484021930000 0.320996140000 1.483080540000
0.000000000000 0.000000000000 0.000000000000 1.000000000000
33 43 60
0.458598600000 0.616975190000 -0.639553710000 0.698774010000
-0.624194880000 0.735906290000 0.262340790000 -1.139643770000
0.632509350000 0.278897030000 0.722598340000 0.579260950000
0.000000000000 0.000000000000 0.000000000000 1.000000000000
33 44 60
0.874674210000 0.447356470000 -0.186593710000 -0.113320420000
-0.273470020000 0.773291560000 0.572043970000 -1.213430450000
0.400198920000 -0.449324320000 0.798716770000 0.405460130000
0.000000000000 0.000000000000 0.000000000000 1.000000000000
33 45 60
0.870158500000 0.413727460000 0.267682220000 -0.799750150000
0.285804410000 -0.866246810000 0.409795440000 -0.430065840000
0.401422500000 -0.280082230000 -0.872017160000 2.708397450000
0.000000000000 0.000000000000 0.000000000000 1.000000000000
33 46 60
-0.379478860000 -0.912749440000 -0.151275420000 0.637230870000
0.772101950000 -0.402509330000 0.491777210000 -0.829318020000
-0.509759140000 0.069819010000 0.857479400000 0.599833060000
0.000000000000 0.000000000000 0.000000000000 1.000000000000
33 47 60
-0.814465480000 0.573897970000 -0.085364490000 -0.228595340000
-0.570505880000 -0.765327080000 0.297989100000 -1.161241980000
0.105683590000 0.291402780000 0.950744650000 1.123169130000
0.000000000000 0.000000000000 0.000000000000 1.000000000000
33 48 60
0.233516370000 -0.949059540000 -0.211556370000 0.394706150000
-0.511696960000 0.065064910000 -0.856698770000 1.149500830000
0.826823040000 0.308305940000 -0.470437150000 2.650928210000
0.000000000000 0.000000000000 0.000000000000 1.000000000000
33 49 60
0.455246140000 -0.372767580000 0.808576080000 -1.727708860000
0.402442860000 -0.723928530000 -0.560327780000 0.660871040000
0.794223330000 0.580492730000 -0.179548020000 1.411683660000
0.000000000000 0.000000000000 0.000000000000 1.000000000000
33 50 60
-0.594206310000 0.453628250000 -0.664183920000 0.350497420000
-0.804304400000 -0.338870360000 0.488120180000 -0.553124810000
-0.003647140000 0.824250140000 0.566214110000 0.656071560000
0.000000000000 0.000000000000 0.000000000000 1.000000000000
33 51 60
-0.328907930000 -0.921831050000 -0.205053880000 -0.194023870000
0.102306720000 -0.250638750000 0.962659630000 -1.065513210000
-0.938803980000 0.295648000000 0.176746580000 1.462398110000
0.000000000000 0.000000000000 0.000000000000 1.000000000000
33 52 60
0.848505030000 -0.473912940000 0.235469200000 -1.126379930000
0.080571890000 0.555471840000 0.827622630000 -2.120425410000
-0.523017580000 -0.683269760000 0.509504710000 2.224044180000
0.000000000000 0.000000000000 0.000000000000 1.000000000000
33 53 60
0.743983870000 -0.195431400000 0.638979310000 -1.720312440000
-0.385788420000 0.655158100000 0.649565360000 -1.449105120000
-0.545577940000 -0.729776980000 0.412031890000 1.805654140000
0.000000000000 0.000000000000 0.000000000000 1.000000000000
33 54 60
-0.863364260000 -0.187526000000 -0.468440140000 0.764014600000
0.453296520000 0.119539590000 -0.883307730000 1.516943520000
0.221640300000 -0.974958610000 -0.018201320000 1.916883590000
0.000000000000 0.000000000000 0.000000000000 1.000000000000
33 55 60
0.032119180000 -0.558905100000 0.828609350000 -2.354772550000
-0.835540790000 -0.469967040000 -0.284609500000 -0.131696000000
0.548488780000 -0.683195490000 -0.482082960000 3.118151100000
0.000000000000 0.000000000000 0.000000000000 1.000000000000
33 56 60
0.605566890000 -0.417442550000 0.677517870000 -1.761422320000
-0.648976540000 -0.751780260000 0.116858380000 -1.105692690000
0.460562910000 -0.510458770000 -0.726163650000 3.485621280000
0.000000000000 0.000000000000 0.000000000000 1.000000000000
33 57 60
0.487211210000 -0.870016450000 0.075475930000 -0.336219110000
0.864225750000 0.467937140000 -0.184793640000 0.655354790000
0.125455510000 0.155261770000 0.979874840000 -0.130879720000
0.000000000000 0.000000000000 0.000000000000 1.000000000000
33 58 60
-0.287577140000 -0.485118450000 0.825808380000 -2.494285240000
-0.785908960000 -0.373276110000 -0.492962530000 -0.099750590000
0.547399760000 -0.790774960000 -0.273913260000 2.698497350000
0.000000000000 0.000000000000 0.000000000000 1.000000000000
33 59 60
-0.169115030000 0.981977690000 -0.084379590000 0.629805600000
0.904617580000 0.188634730000 0.382209330000 -0.799150370000
0.391237960000 -0.011693910000 -0.920215250000 4.174083230000
0.000000000000 0.000000000000 0.000000000000 1.000000000000
34 36 60
-0.645039170000 0.378738300000 -0.663688010000 2.002435810000
0.750826180000 0.152649880000 -0.642618130000 1.128765160000
-0.142072200000 -0.912828200000 -0.382831780000 2.647939510000
0.000000000000 0.000000000000 0.000000000000 1.000000000000
34 37 60
0.946085830000 0.323207050000 0.021419650000 -0.512764970000
-0.320548150000 0.943710720000 -0.081602470000 0.245406640000
-0.046588450000 0.070336910000 0.996434760000 -0.321461650000
0.000000000000 0.000000000000 0.000000000000 1.000000000000
34 38 60
0.977435110000 0.208619420000 0.033144330000 -0.588850470000
-0.207512550000 0.977643030000 -0.033950660000 0.090691750000
-0.039486090000 0.026306710000 0.998873770000 -0.117266400000
0.000000000000 0.000000000000 0.000000000000 1.000000000000
34 39 60
0.328817360000 0.762650470000 -0.556994970000 1.650125210000
0.553849440000 -0.633445550000 -0.540367960000 0.282291250000
-0.764937870000 -0.130808980000 -0.630681430000 3.481777550000
0.000000000000 0.000000000000 0.000000000000 1.000000000000
34 40 60
0.324338450000 0.928116800000 0.182766980000 -0.446785160000
-0.919888120000 0.264429050000 0.289625840000 -1.242581540000
0.220477710000 -0.262061970000 0.939528130000 -0.171704450000
0.000000000000 0.000000000000 0.000000000000 1.000000000000
34 41 60
-0.528946500000 -0.814102920000 0.239691540000 -0.169105550000
0.123252060000 -0.353134790000 -0.927418320000 1.767023120000
0.839657390000 -0.461012200000 0.287129270000 1.153088130000
0.000000000000 0.000000000000 0.000000000000 1.000000000000
34 42 60
0.239768480000 0.809146820000 -0.536462950000 0.960221240000
0.747780410000 -0.506329860000 -0.429481700000 0.405722770000
-0.619140970000 -0.298180310000 -0.726466080000 3.760570730000
0.000000000000 0.000000000000 0.000000000000 1.000000000000
34 43 60
0.271324060000 -0.580032160000 0.768079390000 -1.829645120000
-0.686750340000 -0.675787390000 -0.267741250000 0.791300540000
0.674356900000 -0.454834140000 -0.581694660000 2.491844560000
0.000000000000 0.000000000000 0.000000000000 1.000000000000
34 44 60
-0.944612620000 0.327998820000 0.011124950000 0.355188030000
0.218827650000 0.654746350000 -0.723478870000 1.281706740000
-0.244584240000 -0.680972830000 -0.690256880000 2.740490280000
0.000000000000 0.000000000000 0.000000000000 1.000000000000
34 45 60
0.693309410000 -0.514844720000 0.504239010000 -0.425067170000
0.492238600000 0.849374730000 0.190430400000 -1.344528710000
-0.526329960000 0.116178710000 0.842305930000 1.685450770000
0.000000000000 0.000000000000 0.000000000000 1.000000000000
34 46 60
0.975014610000 0.146701750000 -0.166808620000 0.555974080000
0.115146740000 -0.975923500000 -0.185241850000 -0.695041450000
-0.189967750000 0.161406040000 -0.968431900000 4.405011490000
0.000000000000 0.000000000000 0.000000000000 1.000000000000
34 47 60
0.739965410000 -0.511992760000 0.436250620000 -1.128388520000
0.257990600000 0.814985870000 0.518882340000 -0.841832310000
-0.621202090000 -0.271406420000 0.735150670000 0.502516790000
0.000000000000 0.000000000000 0.000000000000 1.000000000000
34 48 60
0.920072070000 0.316753260000 0.230509780000 -0.834440940000
0.391280220000 -0.771825620000 -0.501183600000 0.508868360000
0.019161820000 0.551318950000 -0.834074480000 2.627148110000
0.000000000000 0.000000000000 0.000000000000 1.000000000000
34 49 60
0.581955970000 0.809944940000 0.072913970000 -0.840696470000
-0.812952660000 0.577121160000 0.077711910000 -0.384019010000
0.020862170000 -0.104500520000 0.994305990000 0.481100520000
0.000000000000 0.000000000000 0.000000000000 1.000000000000
34 50 60
-0.320054300000 0.821674720000 -0.471609910000 -0.155807210000
-0.922041400000 -0.155751210000 0.354374410000 -0.478510180000
0.217726680000 0.548262910000 0.807466950000 0.693577720000
0.000000000000 0.000000000000 0.000000000000 1.000000000000
34 51 60
-0.934920260000 -0.349755210000 -0.059961560000 0.006062310000
-0.134151730000 0.504791910000 -0.852753450000 0.868340220000
0.328523080000 -0.789212530000 -0.518860450000 1.719293280000
0.000000000000 0.000000000000 0.000000000000 1.000000000000
34 52 60
0.388941470000 -0.700552450000 0.598289890000 -1.865571560000
0.642973950000 0.671517110000 0.368305940000 -0.658377600000
-0.659779530000 0.241435360000 0.711617830000 1.128692480000
0.000000000000 0.000000000000 0.000000000000 1.000000000000
34 53 60
0.318039790000 0.940289510000 -0.121269680000 -0.523376360000
-0.939465380000 0.329763500000 0.093063600000 -0.425472090000
0.127497040000 0.084330730000 0.988247350000 0.599273350000
0.000000000000 0.000000000000 0.000000000000 1.000000000000
34 54 60
-0.243365820000 0.542418890000 -0.804086330000 1.990920050000
0.899983830000 0.435401510000 0.021321960000 -0.662126500000
0.361665830000 -0.718475660000 -0.594130080000 2.939120550000
0.000000000000 0.000000000000 0.000000000000 1.000000000000
34 55 60
0.708289440000 -0.482081910000 0.515677320000 -1.496383740000
-0.598744780000 -0.797220260000 0.077100810000 -0.547208580000
0.373939500000 -0.363368790000 -0.853306730000 4.014594490000
0.000000000000 0.000000000000 0.000000000000 1.000000000000
34 56 60
-0.213663290000 0.596216280000 -0.773869600000 1.807887960000
-0.212243700000 0.744909800000 0.632504540000 -1.858161390000
0.953572550000 0.299391950000 -0.032616730000 2.936938500000
0.000000000000 0.000000000000 0.000000000000 1.000000000000
34 57 60
-0.038054380000 -0.439150950000 0.897606990000 -2.828944110000
0.729789800000 0.601391950000 0.325168520000 -0.785853380000
-0.682611690000 0.667438510000 0.297602290000 1.631514800000
0.000000000000 0.000000000000 0.000000000000 1.000000000000
35 37 60
-0.107553140000 0.509197110000 0.853903170000 -2.184686860000
-0.993548630000 -0.086118910000 -0.073787960000 -0.135895590000
0.035964590000 -0.856330450000 0.515174450000 1.942468510000
0.000000000000 0.000000000000 0.000000000000 1.000000000000
35 38 60
0.470253710000 0.685117200000 -0.556305560000 0.773658690000
0.603750000000 -0.709507970000 -0.363434150000 0.087680770000
-0.643698210000 -0.164963230000 -0.747288260000 4.219747960000
0.000000000000 0.000000000000 0.000000000000 1.000000000000
35 39 60
0.547325800000 0.836889850000 -0.007060750000 0.093786810000
-0.834375480000 0.544985240000 -0.082514510000 0.182579730000
-0.065207550000 0.051053640000 0.996564850000 0.194424460000
0.000000000000 0.000000000000 0.000000000000 1.000000000000
35 40 60
0.207539070000 -0.621577970000 0.755359760000 -2.441369670000
0.201025010000 0.782792010000 0.588919020000 -2.333592970000
-0.957348670000 0.029622500000 0.287412640000 2.253258130000
0.000000000000 0.000000000000 0.000000000000 1.000000000000
35 41 60
0.170421700000 0.781244720000 -0.600510730000 1.097308520000
-0.954213670000 0.282884940000 0.097223330000 0.040618670000
0.245830660000 0.556446590000 0.793684120000 0.315709720000
0.000000000000 0.000000000000 0.000000000000 1.000000000000
35 42 60
0.937757970000 -0.339824330000 -0.071619910000 -0.701908930000
0.345526050000 0.892185340000 0.290890140000 -1.226186650000
-0.034953310000 -0.297531090000 0.954072070000 0.563147240000
0.000000000000 0.000000000000 0.000000000000 1.000000000000
35 43 60
0.704239230000 0.636025240000 -0.315466330000 -0.201881960000
-0.504547720000 0.760965730000 0.407875910000 -0.773896590000
0.499478440000 -0.128074400000 0.856807000000 0.725572900000
0.000000000000 0.000000000000 0.000000000000 1.000000000000
35 44 60
0.888159230000 -0.287958770000 -0.358124190000 -0.138614580000
0.224111030000 0.951779420000 -0.209499820000 -0.367438960000
0.401182550000 0.105809610000 0.909866410000 1.084899850000
0.000000000000 0.000000000000 0.000000000000 1.000000000000
35 45 60
-0.113385540000 -0.715928250000 0.688905260000 -1.225103450000
0.688460170000 0.443314610000 0.574016330000 -1.126836800000
-0.716356280000 0.539368990000 0.442622620000 2.210487020000
0.000000000000 0.000000000000 0.000000000000 1.000000000000
35 46 60
0.643148380000 -0.750201930000 -0.153483600000 -0.555904410000
0.758482790000 0.596590630000 0.262266050000 -0.953912680000
-0.105185620000 -0.285090660000 0.952711550000 1.585725850000
0.000000000000 0.000000000000 0.000000000000 1.000000000000
35 47 60
-0.269477100000 0.403539980000 0.874378390000 -1.942694330000
0.486559150000 0.840604950000 -0.237998970000 -0.225631740000
-0.831048900000 0.361301540000 -0.422869860000 3.423952880000
0.000000000000 0.000000000000 0.000000000000 1.000000000000
35 48 60
-0.397342440000 0.792841600000 0.462083520000 -1.509481670000
0.777848650000 0.558155430000 -0.288814800000 -0.530793990000
-0.486898820000 0.244672660000 -0.838489610000 3.836999010000
0.000000000000 0.000000000000 0.000000000000 1.000000000000
35 49 60
-0.061632160000 -0.997042200000 -0.045916540000 -0.797415530000
-0.293828990000 -0.025840760000 0.955508650000 -2.053478230000
-0.953868960000 0.072381670000 -0.291367280000 3.279267290000
0.000000000000 0.000000000000 0.000000000000 1.000000000000
35 50 60
-0.920957720000 0.166270460000 0.352407460000 -0.992083590000
0.124252340000 0.982489270000 -0.138838700000 -0.606319750000
-0.369321320000 -0.084077120000 -0.925490570000 4.176400910000
0.000000000000 0.000000000000 0.000000000000 1.000000000000
35 51 60
0.763453830000 0.625850310000 -0.159529450000 -0.489179200000
0.610012420000 -0.617585910000 0.496459960000 -1.415162560000
0.212186480000 -0.476339200000 -0.853274790000 3.915804750000
0.000000000000 0.000000000000 0.000000000000 1.000000000000
35 52 60
-0.781706540000 0.239745150000 0.575723160000 -1.055628950000
0.244143880000 0.967118890000 -0.071237700000 -0.601565460000
-0.573871630000 0.084872310000 -0.814535470000 4.080079910000
0.000000000000 0.000000000000 0.000000000000 1.000000000000
35 53 60
-0.850298140000 0.444214360000 0.282252870000 0.006963840000
-0.495200970000 -0.856891720000 -0.143222140000 0.198958950000
0.178238820000 -0.261553410000 0.948588810000 0.847146570000
0.000000000000 0.000000000000 0.000000000000 1.000000000000
35 54 60
0.821083630000 0.494730490000 -0.284716390000 -0.169410680000
-0.417790780000 0.860746490000 0.290802940000 -0.672606070000
0.388937710000 -0.119821650000 0.913438680000 -0.293177850000
0.000000000000 0.000000000000 0.000000000000 1.000000000000
35 55 60
0.890990910000 0.443580720000 -0.096805690000 0.368300720000
-0.453549910000 0.879310620000 -0.145276680000 0.158820500000
0.020680340000 0.173346410000 0.984643770000 0.016290620000
0.000000000000 0.000000000000 0.000000000000 1.000000000000
35 56 60
0.045631910000 -0.978398930000 0.201626530000 -1.518532400000
0.802163830000 0.156178710000 0.576317100000 -1.421362850000
-0.595357810000 0.135439070000 0.791962970000 0.077251250000
0.000000000000 0.000000000000 0.000000000000 1.000000000000
35 57 60
-0.256242340000 0.956145110000 0.141867490000 -0.560700460000
-0.560402510000 -0.027365570000 -0.827768180000 1.400120520000
-0.787584210000 -0.291612150000 0.542838340000 0.195968920000
0.000000000000 0.000000000000 0.000000000000 1.000000000000
35 58 60
0.903232170000 0.175894990000 0.391449360000 -0.771731720000
-0.126050690000 0.980648720000 -0.149797560000 0.645545710000
-0.410222960000 0.085959510000 0.907925160000 -0.052047470000
0.000000000000 0.000000000000 0.000000000000 1.000000000000
35 59 60
0.850004810000 0.521005330000 -0.077751290000 0.188204880000
-0.501084650000 0.845226320000 0.185759660000 -0.062626140000
0.162499210000 -0.118936630000 0.979514210000 -0.300854510000
0.000000000000 0.000000000000 0.000000000000 1.000000000000
36 38 60
0.338670000000 0.076116710000 0.937821350000 -2.002782110000
-0.939926810000 0.072811660000 0.333520700000 -0.362913970000
-0.042897830000 -0.994436880000 0.096203260000 1.483497200000
0.000000000000 0.000000000000 0.000000000000 1.000000000000
36 40 60
0.511644480000 0.650748310000 -0.561022770000 1.584975930000
-0.859173120000 0.392398450000 -0.328397640000 0.681425220000
0.006440260000 0.650038530000 0.759873960000 0.394240740000
0.000000000000 0.000000000000 0.000000000000 1.000000000000
36 41 60
0.337748420000 -0.225525910000 -0.913818400000 2.076103440000
-0.182471780000 -0.968140010000 0.171490430000 -0.524508940000
-0.923379690000 0.108825450000 -0.368139880000 2.940815380000
0.000000000000 0.000000000000 0.000000000000 1.000000000000
36 42 60
0.994063820000 0.092672780000 0.056998870000 0.240934860000
-0.079142300000 0.975418600000 -0.205657590000 0.447992020000
-0.074656620000 0.199925750000 0.976962680000 0.460579950000
0.000000000000 0.000000000000 0.000000000000 1.000000000000
36 43 60
0.048092040000 -0.667239720000 -0.743288850000 1.830779480000
0.143860940000 -0.731764110000 0.666202170000 -1.603520930000
-0.988428650000 -0.138969250000 0.060797700000 2.801342540000
0.000000000000 0.000000000000 0.000000000000 1.000000000000
36 44 60
0.932031660000 0.346075300000 -0.107465710000 0.537622130000
-0.362338310000 0.885683660000 -0.290302270000 0.240319840000
-0.005285820000 0.309509850000 0.950881550000 1.414567950000
0.000000000000 0.000000000000 0.000000000000 1.000000000000
36 45 60
-0.799388150000 -0.059297670000 0.597881570000 -0.357653840000
0.361709060000 0.747076740000 0.557712200000 -1.415457370000
-0.479734450000 0.662087700000 -0.575755790000 3.862181130000
0.000000000000 0.000000000000 0.000000000000 1.000000000000
36 46 60
-0.199750430000 -0.948732640000 -0.244961530000 0.554377570000
0.542432100000 -0.315265630000 0.778700840000 -1.016938260000
-0.816006850000 0.022670830000 0.577597480000 1.700843210000
0.000000000000 0.000000000000 0.000000000000 1.000000000000
36 47 60
0.753110730000 0.408004970000 -0.516097060000 1.277750030000
-0.603977040000 0.739799200000 -0.296494300000 -0.138134770000
0.260837050000 0.535003810000 0.803576350000 2.047524610000
0.000000000000 0.000000000000 0.000000000000 1.000000000000
36 48 60
0.652548367000 -0.757746612000 0.000836816580 0.170668173000
-0.080631431000 -0.070535332800 -0.994245110000 2.159487660000
0.753444889000 0.648725550000 -0.107125910000 2.048759670000
0.000000000000 0.000000000000 0.000000000000 1.000000000000
36 49 60
0.752364930000 0.534425810000 -0.385144200000 0.006346380000
-0.570228340000 0.821092610000 0.025427550000 -0.064859710000
0.329828200000 0.200489340000 0.922506030000 0.278538010000
0.000000000000 0.000000000000 0.000000000000 1.000000000000
36 50 60
0.960312650000 0.278387290000 -0.017324350000 0.495232060000
-0.278896700000 0.957460860000 -0.074063030000 0.028709130000
-0.004030820000 0.075955370000 0.997103070000 1.753548880000
0.000000000000 0.000000000000 0.000000000000 1.000000000000
36 51 60
-0.735050800000 0.644517550000 0.210469600000 0.507484290000
0.564087140000 0.753558320000 -0.337573030000 -0.150469160000
-0.376172860000 -0.129410140000 -0.917467710000 4.075585470000
0.000000000000 0.000000000000 0.000000000000 1.000000000000
36 52 60
-0.871774950000 0.419094870000 0.253708370000 0.568416300000
0.413224630000 0.907220080000 -0.078721880000 -0.566454980000
-0.263161260000 0.036210780000 -0.964072060000 4.250089130000
0.000000000000 0.000000000000 0.000000000000 1.000000000000
36 53 60
0.797953010000 0.601823240000 -0.032860050000 -0.718720880000
-0.602631630000 0.795717990000 -0.060563970000 0.813743150000
-0.010301470000 0.068129700000 0.997623290000 -0.075541680000
0.000000000000 0.000000000000 0.000000000000 1.000000000000
36 54 60
0.361351520000 -0.509617540000 -0.780842520000 1.927575680000
-0.077804480000 -0.850986930000 0.519391660000 -1.436684390000
-0.929177880000 -0.126929920000 -0.347155950000 3.342025080000
0.000000000000 0.000000000000 0.000000000000 1.000000000000
36 55 60
-0.794167270000 -0.050546830000 -0.605593400000 2.043782770000
-0.108534590000 -0.968714700000 0.223186180000 -1.580803300000
-0.597928590000 0.242974990000 0.763835430000 0.462510950000
0.000000000000 0.000000000000 0.000000000000 1.000000000000
36 56 60
0.975994560000 -0.170234910000 0.135848090000 0.148174820000
-0.140109790000 -0.968300860000 -0.206791430000 0.096861130000
0.166744940000 0.182793660000 -0.968907940000 4.504912340000
0.000000000000 0.000000000000 0.000000000000 1.000000000000
36 57 60
-0.584705340000 0.509369940000 -0.631396810000 1.515275290000
-0.394342270000 0.501706560000 0.769925130000 -1.945085580000
0.708952640000 0.699165780000 -0.092484410000 3.518601640000
0.000000000000 0.000000000000 0.000000000000 1.000000000000
36 58 60
-0.409904530000 -0.710802560000 0.571610000000 -1.580949560000
0.448368140000 0.388717110000 0.804900630000 -2.039032120000
-0.794320020000 0.586224120000 0.159364320000 2.167594420000
0.000000000000 0.000000000000 0.000000000000 1.000000000000
36 59 60
0.896908720000 0.355107080000 0.263540720000 0.214104080000
-0.351941340000 0.934044510000 -0.060812480000 0.664511270000
-0.267753710000 -0.038207630000 0.962729520000 -0.065542750000
0.000000000000 0.000000000000 0.000000000000 1.000000000000
37 40 60
0.977341700000 0.164380970000 0.133349510000 -0.261705260000
-0.200810340000 0.919249720000 0.338607670000 -0.938379420000
-0.066920840000 -0.357713360000 0.931430490000 -0.113731660000
0.000000000000 0.000000000000 0.000000000000 1.000000000000
37 41 60
0.968378060000 -0.146329790000 -0.202068120000 0.397085720000
0.180455740000 0.970101010000 0.162295290000 -1.081143440000
0.172277850000 -0.193627550000 0.965830580000 0.009115840000
0.000000000000 0.000000000000 0.000000000000 1.000000000000
37 42 60
-0.018397640000 -0.863964830000 0.503215960000 -1.617484610000
-0.198075960000 -0.490176200000 -0.848818710000 1.709942170000
0.980014000000 -0.115291240000 -0.162112570000 2.419864970000
0.000000000000 0.000000000000 0.000000000000 1.000000000000
37 43 60
-0.919173960000 0.126262330000 -0.373064420000 0.759146040000
-0.322483750000 -0.785062150000 0.528849360000 -0.524260420000
-0.226105000000 0.606411770000 0.762326240000 0.198690710000
0.000000000000 0.000000000000 0.000000000000 1.000000000000
37 44 60
-0.688367010000 -0.658243590000 -0.304739610000 1.292893660000
0.440406070000 -0.713092400000 0.545473860000 -1.707850740000
-0.576362170000 0.241277030000 0.780763750000 1.749194070000
0.000000000000 0.000000000000 0.000000000000 1.000000000000
37 45 60
0.458962800000 -0.126849440000 -0.879353380000 0.980858290000
-0.521208660000 0.763104870000 -0.382115790000 0.541948120000
0.719510020000 0.633703540000 0.284121730000 1.681765620000
0.000000000000 0.000000000000 0.000000000000 1.000000000000
37 46 60
-0.742535990000 -0.191196450000 0.641937860000 -0.894534000000
-0.063445450000 0.974161340000 0.216758770000 -0.226901200000
-0.666794550000 0.120223150000 -0.735480400000 3.522929080000
0.000000000000 0.000000000000 0.000000000000 1.000000000000
37 47 60
0.742240580000 -0.137710690000 -0.655831290000 0.291358510000
0.132215410000 0.989514350000 -0.058141570000 -0.444033950000
0.656961190000 -0.043555970000 0.752665180000 0.841973690000
0.000000000000 0.000000000000 0.000000000000 1.000000000000
37 48 60
0.592541020000 -0.754283410000 -0.282757270000 -0.219087370000
0.801295150000 0.515924360000 0.302899560000 -0.576994260000
-0.082590750000 -0.406052440000 0.910109980000 0.642916660000
0.000000000000 0.000000000000 0.000000000000 1.000000000000
37 49 60
-0.030272110000 0.890749380000 -0.453485550000 0.490181210000
-0.900157430000 0.172930520000 0.399764480000 -0.115387390000
0.434511460000 0.420310100000 0.796579700000 0.251605640000
0.000000000000 0.000000000000 0.000000000000 1.000000000000
37 50 60
0.151910390000 -0.665143180000 -0.731100390000 0.601176230000
0.638774720000 -0.498389050000 0.586152890000 -0.915043150000
-0.754248030000 -0.556051160000 0.349166170000 1.896355840000
0.000000000000 0.000000000000 0.000000000000 1.000000000000
37 51 60
-0.610878270000 -0.482392630000 -0.627793830000 0.158240820000
0.715966040000 -0.675074650000 -0.177951830000 0.270519490000
-0.337965050000 -0.558185960000 0.757765170000 1.105033190000
0.000000000000 0.000000000000 0.000000000000 1.000000000000
37 52 60
0.603399390000 0.552422780000 -0.575098470000 0.729631130000
-0.575861000000 0.800732240000 0.164960540000 0.062357760000
0.551627850000 0.231639690000 0.801280080000 1.680815360000
0.000000000000 0.000000000000 0.000000000000 1.000000000000
37 53 60
0.948461030000 0.281903550000 -0.144748290000 -0.364999050000
-0.313819730000 0.899019310000 -0.305420150000 0.123316680000
0.044032480000 0.335103980000 0.941151670000 0.765972250000
0.000000000000 0.000000000000 0.000000000000 1.000000000000
37 54 60
0.867000950000 0.069796660000 0.493394140000 -0.914314040000
-0.152010270000 0.979992320000 0.128483200000 -0.964376240000
-0.474554770000 -0.186396030000 0.860264080000 0.823720670000
0.000000000000 0.000000000000 0.000000000000 1.000000000000
37 55 60
0.690493480000 0.568647120000 -0.447056160000 1.654253590000
-0.210230390000 0.749132610000 0.628174740000 -1.083922200000
0.692114110000 -0.339765770000 0.636818090000 0.025409190000
0.000000000000 0.000000000000 0.000000000000 1.000000000000
37 56 60
-0.144771440000 0.219536390000 -0.964803090000 3.182375330000
-0.687467150000 0.678972500000 0.257653380000 -1.301512920000
0.711639060000 0.700571280000 0.052628230000 3.504093030000
0.000000000000 0.000000000000 0.000000000000 1.000000000000
37 57 60
0.795226740000 -0.425773920000 0.431660750000 0.136818080000
0.506391840000 0.857937580000 -0.086662690000 0.622023870000
-0.333439260000 0.287505970000 0.897863340000 0.394992940000
0.000000000000 0.000000000000 0.000000000000 1.000000000000
37 59 60
0.969018050000 0.008465520000 0.246844780000 0.049166160000
0.023322500000 0.991810680000 -0.125569240000 0.448206920000
-0.245886300000 0.127435900000 0.960885020000 0.332117410000
0.000000000000 0.000000000000 0.000000000000 1.000000000000
38 40 60
-0.140098300000 0.541414070000 -0.829001370000 2.442864840000
0.989863180000 0.056874710000 -0.130138960000 0.158604890000
-0.023309850000 -0.838830180000 -0.543893910000 3.470997100000
0.000000000000 0.000000000000 0.000000000000 1.000000000000
38 41 60
-0.343872150000 0.547792130000 -0.762676690000 2.097448240000
0.921338750000 0.353684950000 -0.161374930000 -0.110809780000
0.181347350000 -0.758175930000 -0.626324520000 3.291442400000
0.000000000000 0.000000000000 0.000000000000 1.000000000000
38 42 60
0.273908450000 0.625014410000 -0.730979580000 1.331112500000
0.959306300000 -0.231761410000 0.161301200000 -0.428326720000
-0.068597280000 -0.745415080000 -0.663061670000 3.255288350000
0.000000000000 0.000000000000 0.000000000000 1.000000000000
38 43 60
0.987242800000 -0.123470120000 -0.100532480000 -0.560767290000
-0.157393660000 -0.852185650000 -0.499005860000 1.015102600000
-0.024060030000 0.508463120000 -0.860747570000 3.382914750000
0.000000000000 0.000000000000 0.000000000000 1.000000000000
38 44 60
-0.505909570000 0.720999580000 -0.473513580000 1.426768350000
0.835056960000 0.271794200000 -0.478338570000 0.806093670000
-0.216183660000 -0.637406870000 -0.739579010000 2.684798400000
0.000000000000 0.000000000000 0.000000000000 1.000000000000
38 45 60
-0.500354460000 -0.734822310000 0.457910020000 -0.426289080000
-0.687980420000 0.016329830000 -0.725545510000 1.148707280000
0.525669430000 -0.678063060000 -0.513714060000 2.384660690000
0.000000000000 0.000000000000 0.000000000000 1.000000000000
38 46 60
-0.961478390000 -0.245831740000 -0.122988030000 1.025364820000
0.030739000000 -0.540773880000 0.840606160000 -1.471566850000
-0.273156390000 0.804444140000 0.527499020000 0.956962660000
0.000000000000 0.000000000000 0.000000000000 1.000000000000
38 47 60
-0.288881340000 -0.910545120000 -0.295728190000 0.308988070000
-0.205226540000 0.360615110000 -0.909856480000 1.192764920000
0.935109430000 -0.202149280000 -0.291043000000 2.151150590000
0.000000000000 0.000000000000 0.000000000000 1.000000000000
38 48 60
0.333255250000 0.891571850000 0.306660360000 0.117819220000
-0.904498010000 0.210513810000 0.370900630000 -0.023232870000
0.266128320000 -0.400978270000 0.876579800000 -0.198058910000
0.000000000000 0.000000000000 0.000000000000 1.000000000000
38 49 60
0.573695460000 0.296878370000 0.763371960000 -1.659405550000
-0.729899380000 -0.237584220000 0.640937310000 -0.943946740000
0.371645550000 -0.924887550000 0.080390350000 2.157129270000
0.000000000000 0.000000000000 0.000000000000 1.000000000000
38 50 60
0.310684050000 0.855480600000 -0.414280540000 0.702523100000
-0.893116680000 0.411898770000 0.180781610000 -0.227774650000
0.325296800000 0.313834900000 0.892014380000 0.606031770000
0.000000000000 0.000000000000 0.000000000000 1.000000000000
38 51 60
0.999993843000 -0.003508617650 -0.000056921420 0.289996261000
-0.003274001450 -0.927042910000 -0.374940960000 0.439576565000
0.001262755870 0.374938838000 -0.927048690000 2.265973340000
0.000000000000 0.000000000000 0.000000000000 1.000000000000
38 52 60
-0.671531420000 0.740912570000 -0.009700930000 0.208041610000
-0.454080780000 -0.401143100000 0.795546900000 -0.570688630000
0.585539240000 0.538639740000 0.605814350000 0.733566970000
0.000000000000 0.000000000000 0.000000000000 1.000000000000
38 53 60
-0.700900800000 -0.626253310000 -0.341386680000 1.217048930000
-0.569068200000 0.202445170000 0.796980130000 -1.650428760000
-0.429999370000 0.752876310000 -0.498274830000 3.810783950000
0.000000000000 0.000000000000 0.000000000000 1.000000000000
38 54 60
-0.028813070000 -0.546620430000 -0.836884650000 2.174845750000
-0.034905010000 -0.836171440000 0.547356340000 -1.668883540000
-0.998975200000 0.044982480000 0.005012880000 2.746782740000
0.000000000000 0.000000000000 0.000000000000 1.000000000000
38 55 60
0.641659810000 -0.318598460000 0.697687400000 -1.570227370000
0.483517980000 0.874150610000 -0.045508940000 0.048554010000
-0.595384790000 0.366545660000 0.714955400000 0.483731030000
0.000000000000 0.000000000000 0.000000000000 1.000000000000
38 56 60
0.871510410000 0.282665350000 -0.400711760000 2.464894970000
0.387690360000 -0.897535830000 0.210060980000 -0.298156970000
-0.300276200000 -0.338422420000 -0.891798450000 3.559165810000
0.000000000000 0.000000000000 0.000000000000 1.000000000000
38 57 60
0.851123520000 0.308086230000 -0.425054840000 1.442143700000
-0.409291300000 0.896467190000 -0.169785740000 0.947198120000
0.328739070000 0.318479890000 0.889101330000 -0.228346760000
0.000000000000 0.000000000000 0.000000000000 1.000000000000
38 58 60
0.738041270000 0.409204010000 -0.536513900000 1.602011370000
-0.548538030000 0.826894370000 -0.123902110000 0.989663560000
0.392939080000 0.385743150000 0.834746130000 -0.219741480000
0.000000000000 0.000000000000 0.000000000000 1.000000000000
38 59 60
0.860229410000 -0.244985900000 0.447199370000 -0.354961870000
0.339165590000 0.929785360000 -0.143059040000 0.125137350000
-0.380751980000 0.274738230000 0.882919490000 0.628082730000
0.000000000000 0.000000000000 0.000000000000 1.000000000000
39 41 60
-0.018123730000 0.170441480000 -0.985201110000 2.413676110000
0.345488520000 -0.923599070000 -0.166139820000 -0.545990170000
-0.938247950000 -0.343386740000 -0.042146520000 3.014325980000
0.000000000000 0.000000000000 0.000000000000 1.000000000000
39 42 60
-0.391324100000 -0.797757190000 -0.458747110000 1.011045870000
0.306093570000 0.357281260000 -0.882415340000 1.536596710000
0.867854930000 -0.485729930000 0.104375570000 1.743360030000
0.000000000000 0.000000000000 0.000000000000 1.000000000000
39 43 60
-0.777639590000 0.627568420000 0.037875490000 -0.266204250000
0.625486630000 0.778339900000 -0.054345860000 -0.892019720000
-0.063585750000 -0.018570880000 -0.997803580000 4.558867400000
0.000000000000 0.000000000000 0.000000000000 1.000000000000
39 44 60
0.743050040000 -0.612083210000 0.270611860000 -0.675398950000
-0.542189110000 -0.787618870000 -0.292724240000 0.813393560000
0.392310600000 0.070785960000 -0.917105090000 3.179101120000
0.000000000000 0.000000000000 0.000000000000 1.000000000000
39 45 60
0.098457920000 0.995121920000 -0.006196250000 0.417285910000
-0.654258130000 0.069421810000 0.753078290000 -1.053855180000
0.749834870000 -0.070092580000 0.657901740000 0.342092870000
0.000000000000 0.000000000000 0.000000000000 1.000000000000
39 46 60
-0.486395010000 -0.760528822000 -0.430134636000 -0.002255215170
-0.639331610000 0.645339281000 -0.418081696000 0.716185057000
0.595545957000 0.071645818400 -0.800119922000 2.941473710000
0.000000000000 0.000000000000 0.000000000000 1.000000000000
39 47 60
-0.403441920000 0.264330220000 -0.875993240000 1.257605920000
0.107229660000 -0.937109160000 -0.332156920000 -0.457938080000
-0.908700400000 -0.227938480000 0.349725080000 2.551525020000
0.000000000000 0.000000000000 0.000000000000 1.000000000000
39 48 60
0.745411010000 0.544618480000 0.384386700000 -1.322516970000
0.389497160000 -0.823800110000 0.411880260000 -1.490605830000
0.540975410000 -0.157302550000 -0.826197020000 3.361189590000
0.000000000000 0.000000000000 0.000000000000 1.000000000000
39 49 60
0.746042240000 -0.013714270000 0.665757380000 -1.743817440000
0.541049260000 -0.570339600000 -0.618044050000 -0.280531060000
0.388183820000 0.821294500000 -0.418077340000 3.026197970000
0.000000000000 0.000000000000 0.000000000000 1.000000000000
39 50 60
-0.975859750000 0.215133270000 -0.037622070000 0.542426150000
0.188786980000 0.917549160000 0.349947160000 -1.384599920000
0.109805370000 0.334396800000 -0.936013660000 4.364024310000
0.000000000000 0.000000000000 0.000000000000 1.000000000000
39 51 60
0.765780500000 -0.636837340000 -0.089545640000 0.020283640000
0.180317530000 0.346278210000 -0.920639450000 -0.280209560000
0.617305280000 0.688861090000 0.380006040000 2.569016740000
0.000000000000 0.000000000000 0.000000000000 1.000000000000
39 52 60
0.806301720000 -0.515507950000 0.290050160000 -1.277086220000
-0.044185950000 -0.541482940000 -0.839549780000 -0.175047530000
0.589851800000 0.664114290000 -0.459376830000 2.933138600000
0.000000000000 0.000000000000 0.000000000000 1.000000000000
39 53 60
-0.979120930000 0.012154440000 -0.202914930000 0.910630840000
-0.102016800000 0.834022550000 0.542216710000 -1.875948890000
0.175825960000 0.551596460000 -0.815368980000 4.137086820000
0.000000000000 0.000000000000 0.000000000000 1.000000000000
39 54 60
0.036693065500 0.999326578000 -0.000098978830 -0.022849556900
0.939286237000 -0.034454702500 0.341400408000 -1.148531090000
0.341167091000 -0.012619997000 -0.939917950000 4.169614450000
0.000000000000 0.000000000000 0.000000000000 1.000000000000
39 56 60
0.728321363000 0.223292473000 -0.647833669000 1.636365820000
0.291903674000 -0.956446556000 -0.001493647430 -0.689262581000
-0.619951802000 -0.188017173000 -0.761780353000 3.606495900000
0.000000000000 0.000000000000 0.000000000000 1.000000000000
39 57 60
0.681347600000 -0.620064070000 0.388955000000 -0.529464530000
0.680996830000 0.731814470000 -0.026285030000 0.401411210000
-0.268344490000 0.282786360000 0.920881700000 0.139044590000
0.000000000000 0.000000000000 0.000000000000 1.000000000000
39 58 60
0.523848440000 -0.735485020000 0.429702910000 -0.834491620000
0.771533560000 0.623471150000 0.126568940000 -0.197591500000
-0.360996930000 0.265227270000 0.894055760000 0.339904490000
0.000000000000 0.000000000000 0.000000000000 1.000000000000
39 59 60
0.992354300000 0.033916890000 -0.118670080000 0.236524740000
-0.074104400000 0.932635620000 -0.353127940000 1.056674980000
0.098698940000 0.359222000000 0.928018360000 0.161005520000
0.000000000000 0.000000000000 0.000000000000 1.000000000000
40 42 60
0.996271200000 -0.059331150000 0.062638000000 0.077868540000
0.060544860000 0.998009270000 -0.017658080000 -0.089380240000
-0.061465630000 0.021384650000 0.997880090000 0.809808130000
0.000000000000 0.000000000000 0.000000000000 1.000000000000
40 43 60
0.995220240000 -0.081052560000 -0.054471680000 0.185001760000
0.078349020000 0.995668260000 -0.050061520000 -0.065490410000
0.058293330000 0.045554440000 0.997259590000 1.209575940000
0.000000000000 0.000000000000 0.000000000000 1.000000000000
40 44 60
0.853045880000 0.467737340000 -0.231375260000 0.768489170000
-0.405866380000 0.873381020000 0.269217510000 -0.315066460000
0.328001840000 -0.135747450000 0.934872950000 1.357642490000
0.000000000000 0.000000000000 0.000000000000 1.000000000000
40 45 60
-0.435658430000 0.629592410000 -0.643284640000 1.065637450000
-0.275736880000 -0.773661220000 -0.570453750000 0.761029770000
-0.856837740000 -0.071145690000 0.510653870000 1.933987820000
0.000000000000 0.000000000000 0.000000000000 1.000000000000
40 46 60
-0.440490120000 0.897296520000 0.028764800000 0.935728610000
-0.879573360000 -0.437762530000 0.186318750000 0.440337250000
0.179775310000 0.056770820000 0.982068180000 1.556224000000
0.000000000000 0.000000000000 0.000000000000 1.000000000000
40 47 60
-0.860426480000 0.091971720000 0.501206020000 -0.091160200000
-0.501230870000 0.024508360000 -0.864966450000 1.762098170000
-0.091836190000 -0.995459970000 0.025011420000 2.778835910000
0.000000000000 0.000000000000 0.000000000000 1.000000000000
40 48 60
0.170837580000 -0.779074570000 -0.603205880000 0.787584620000
0.230271150000 -0.563682700000 0.793244610000 -1.207113430000
-0.958013420000 -0.274416900000 0.083100200000 2.838711490000
0.000000000000 0.000000000000 0.000000000000 1.000000000000
40 49 60
-0.984157240000 -0.177017020000 0.009974920000 0.668167940000
-0.128657230000 0.674317670000 -0.727147170000 1.580489810000
0.121991160000 -0.716910490000 -0.686409130000 3.756342870000
0.000000000000 0.000000000000 0.000000000000 1.000000000000
40 50 60
-0.309903750000 -0.947469060000 -0.079133100000 0.818105810000
0.696755970000 -0.282951020000 0.659143260000 -0.726116440000
-0.646908640000 0.149134510000 0.747842310000 2.418615740000
0.000000000000 0.000000000000 0.000000000000 1.000000000000
40 51 60
-0.092185560000 -0.851206200000 0.516671880000 0.196381860000
0.992312530000 -0.035506290000 0.118554370000 0.511245290000
-0.082569110000 0.523628990000 0.847935740000 2.332050540000
0.000000000000 0.000000000000 0.000000000000 1.000000000000
40 52 60
0.352008820000 -0.092675560000 0.931397360000 -1.109364760000
0.163991120000 -0.973587710000 -0.158851760000 0.263887280000
0.921518690000 0.208658110000 -0.327513490000 2.557772110000
0.000000000000 0.000000000000 0.000000000000 1.000000000000
40 53 60
0.255104120000 0.847855480000 -0.464825730000 1.248077540000
-0.831171620000 -0.053338420000 -0.553451680000 1.723354810000
-0.494040110000 0.527537760000 0.691106560000 2.095984060000
0.000000000000 0.000000000000 0.000000000000 1.000000000000
40 54 60
0.104474840000 -0.495557340000 -0.862269060000 2.221077990000
-0.674446640000 -0.672486180000 0.304768870000 -0.522202260000
-0.730894480000 0.549713790000 -0.404484870000 3.560387230000
0.000000000000 0.000000000000 0.000000000000 1.000000000000
40 55 60
-0.609453700000 0.044775810000 -0.791556260000 1.714096430000
-0.739475810000 0.327937710000 0.587905080000 -1.688556160000
0.285905070000 0.943637640000 -0.166752220000 3.299698250000
0.000000000000 0.000000000000 0.000000000000 1.000000000000
40 56 60
-0.272541430000 -0.909751160000 0.313167690000 -0.808709680000
0.934269000000 -0.328014890000 -0.139813010000 0.750439350000
0.229918720000 0.254478030000 0.939349940000 0.757395220000
0.000000000000 0.000000000000 0.000000000000 1.000000000000
40 57 60
0.278762270000 0.291516360000 0.915046340000 -1.703809610000
-0.900881900000 0.409484790000 0.143993110000 -0.606103780000
-0.332721210000 -0.864488530000 0.376770720000 1.288007220000
0.000000000000 0.000000000000 0.000000000000 1.000000000000
40 58 60
-0.055770210000 -0.775918840000 0.628362660000 -1.727065770000
0.998412980000 -0.048270660000 0.029008060000 0.099634160000
0.007823590000 0.628983220000 0.777379510000 1.347488340000
0.000000000000 0.000000000000 0.000000000000 1.000000000000
41 43 60
0.994742600000 0.078837370000 -0.065359240000 0.277420440000
-0.071422010000 0.991480890000 0.108924520000 -0.186057400000
0.073389760000 -0.103683770000 0.991899000000 0.918297650000
0.000000000000 0.000000000000 0.000000000000 1.000000000000
41 44 60
0.907409430000 0.268368330000 0.323398470000 0.229011720000
-0.332523000000 0.929071500000 0.162032730000 -0.169296590000
-0.256975850000 -0.254567460000 0.932286880000 1.282185720000
0.000000000000 0.000000000000 0.000000000000 1.000000000000
41 45 60
-0.456471650000 -0.694856420000 -0.555705120000 0.975325120000
0.439330720000 -0.719146710000 0.538346110000 -0.919269840000
-0.773706760000 0.001601410000 0.633541850000 1.372032480000
0.000000000000 0.000000000000 0.000000000000 1.000000000000
41 46 60
-0.452691380000 -0.379010560000 -0.807106870000 1.178283290000
-0.400641570000 -0.722192390000 0.563847920000 -0.714714880000
-0.796590760000 0.578609660000 0.175082880000 1.916338730000
0.000000000000 0.000000000000 0.000000000000 1.000000000000
41 47 60
0.295414000000 -0.288851770000 0.910656480000 -1.568266390000
-0.199024500000 -0.950892190000 -0.237051260000 0.272807320000
0.934408810000 -0.111214690000 -0.338395440000 2.268846670000
0.000000000000 0.000000000000 0.000000000000 1.000000000000
41 48 60
-0.250069970000 -0.920830680000 -0.299225470000 1.441666830000
-0.665322110000 0.387949200000 -0.637841600000 0.942628830000
0.703428390000 0.039576290000 -0.709663450000 3.929965410000
0.000000000000 0.000000000000 0.000000000000 1.000000000000
41 49 60
0.762617840000 0.646783170000 0.009249950000 -0.224385850000
-0.481400650000 0.557948910000 0.675978130000 -0.472827370000
0.432050280000 -0.519965910000 0.736863630000 1.039364400000
0.000000000000 0.000000000000 0.000000000000 1.000000000000
41 50 60
0.376877820000 -0.852296030000 -0.362704550000 1.373565000000
-0.596636440000 0.076149850000 -0.798890580000 1.170918480000
0.708511160000 0.517486890000 -0.479811680000 3.508617870000
0.000000000000 0.000000000000 0.000000000000 1.000000000000
41 51 60
-0.203454280000 -0.963716810000 -0.172789670000 1.311754580000
-0.953675790000 0.235008340000 -0.187812590000 -0.062994370000
0.221605160000 0.126574050000 -0.966886840000 4.013687380000
0.000000000000 0.000000000000 0.000000000000 1.000000000000
41 52 60
-0.593499720000 0.689782560000 0.414678310000 0.107220140000
0.263115810000 0.653213770000 -0.709987210000 0.777429610000
-0.760610380000 -0.312268790000 -0.569174890000 3.746104940000
0.000000000000 0.000000000000 0.000000000000 1.000000000000
41 53 60
0.376223530000 -0.334104770000 0.864193180000 -1.107364500000
0.066703200000 -0.920534040000 -0.384925660000 0.594073810000
0.924124740000 0.202462540000 -0.324040710000 2.642885300000
0.000000000000 0.000000000000 0.000000000000 1.000000000000
41 54 60
0.884664250000 -0.407305980000 -0.226872220000 0.638108070000
0.369958270000 0.909402660000 -0.190046530000 0.026501110000
0.283725290000 0.084194120000 0.955202230000 -0.002109720000
0.000000000000 0.000000000000 0.000000000000 1.000000000000
41 55 60
0.129015120000 0.187411480000 0.973772070000 -1.961134140000
-0.982857190000 -0.106257230000 0.150669000000 -1.118947310000
0.131707430000 -0.976517450000 0.170489930000 1.974205710000
0.000000000000 0.000000000000 0.000000000000 1.000000000000
41 56 60
-0.515695450000 -0.837582910000 0.180313810000 -0.851884860000
0.787832570000 -0.380868900000 0.484002810000 -1.288079320000
-0.336716570000 0.391655140000 0.856287460000 0.440622480000
0.000000000000 0.000000000000 0.000000000000 1.000000000000
41 57 60
-0.262558650000 -0.872110120000 0.412900600000 -1.143380480000
0.945360110000 -0.318210600000 -0.070966760000 0.326387820000
0.193280170000 0.371706820000 0.908007060000 0.724066880000
0.000000000000 0.000000000000 0.000000000000 1.000000000000
41 58 60
0.557182040000 0.739773330000 -0.377204970000 1.801017280000
0.756231370000 -0.639691960000 -0.137507500000 0.100411320000
-0.343019370000 -0.208637520000 -0.915864670000 4.338491890000
0.000000000000 0.000000000000 0.000000000000 1.000000000000
41 59 60
0.742266710000 -0.666721010000 0.067254980000 -0.240946830000
0.566709200000 0.678127450000 0.467957090000 -0.552001410000
-0.357604280000 -0.309234950000 0.881188360000 -0.403655390000
0.000000000000 0.000000000000 0.000000000000 1.000000000000
42 44 60
0.994345710000 0.025959590000 0.102969460000 0.085706930000
-0.036581670000 0.994044620000 0.102650230000 -0.133362880000
-0.099691480000 -0.105836610000 0.989373650000 0.788657760000
0.000000000000 0.000000000000 0.000000000000 1.000000000000
42 45 60
-0.249951000000 -0.908684850000 -0.334389510000 0.819304390000
0.847330150000 -0.372401540000 0.378614210000 -0.889471840000
-0.468568160000 -0.188703310000 0.863038200000 1.118660460000
0.000000000000 0.000000000000 0.000000000000 1.000000000000
42 46 60
0.369459800000 -0.927997790000 -0.048161790000 0.640134160000
-0.906935990000 -0.348815630000 -0.236209170000 0.385513690000
0.202402010000 0.130949450000 -0.970507940000 4.003483620000
0.000000000000 0.000000000000 0.000000000000 1.000000000000
42 47 60
-0.371686460000 0.686737910000 0.624692100000 0.111808760000
-0.920185890000 -0.183439310000 -0.345843830000 0.397877240000
-0.122910990000 -0.703378320000 0.700108440000 1.647089980000
0.000000000000 0.000000000000 0.000000000000 1.000000000000
42 48 60
-0.268711620000 0.433914850000 0.859948820000 -1.018234440000
0.960115070000 0.049025480000 0.275273580000 -0.727475800000
0.077285890000 0.899619030000 -0.429781910000 2.919311500000
0.000000000000 0.000000000000 0.000000000000 1.000000000000
42 49 60
0.445786570000 -0.276491660000 0.851367540000 -1.064916880000
0.196675130000 -0.897606120000 -0.394489720000 0.824544240000
0.873265840000 0.343301050000 -0.345761720000 2.441515140000
0.000000000000 0.000000000000 0.000000000000 1.000000000000
42 50 60
0.757232300000 -0.051486580000 0.651113180000 -0.419367000000
0.384658830000 -0.770512840000 -0.508279010000 0.687185360000
0.527860610000 0.635341720000 -0.563652440000 3.118470550000
0.000000000000 0.000000000000 0.000000000000 1.000000000000
42 51 60
0.262340640000 -0.921186150000 -0.287390790000 0.943765860000
-0.945118980000 -0.305388720000 0.116137150000 -0.548082370000
-0.194749840000 0.241151000000 -0.950746390000 3.734915490000
0.000000000000 0.000000000000 0.000000000000 1.000000000000
42 52 60
0.240035747000 0.854572322000 -0.460531200000 1.043638260000
-0.962577884000 0.271002678000 0.001168837760 0.518993143000
0.125804045000 0.443016585000 0.887642748000 1.533398460000
0.000000000000 0.000000000000 0.000000000000 1.000000000000
42 53 60
-0.440074740000 0.522450730000 -0.730328320000 1.566230060000
0.888327020000 0.372115450000 -0.269082130000 -0.078041390000
0.131184290000 -0.767186630000 -0.627865710000 3.332106690000
0.000000000000 0.000000000000 0.000000000000 1.000000000000
42 54 60
0.354792290000 0.757568820000 -0.547915970000 1.697422950000
-0.926549150000 0.206537430000 -0.314402550000 1.405818050000
-0.125016410000 0.619218680000 0.775202630000 0.337546640000
0.000000000000 0.000000000000 0.000000000000 1.000000000000
42 55 60
-0.626092560000 0.727262030000 0.281243740000 -0.156427900000
-0.111023610000 0.273865390000 -0.955338430000 2.674718230000
-0.771804290000 -0.629354970000 -0.090721830000 2.030152330000
0.000000000000 0.000000000000 0.000000000000 1.000000000000
42 56 60
-0.262539120000 -0.811193400000 0.522530840000 -1.739626570000
0.954489000000 -0.138910950000 0.263921360000 -0.296286220000
-0.141506010000 0.568039620000 0.810744740000 0.338952370000
0.000000000000 0.000000000000 0.000000000000 1.000000000000
42 57 60
-0.322239360000 -0.939102600000 -0.119365380000 -0.301537740000
0.930849730000 -0.291382130000 -0.220488650000 1.125464090000
0.172280520000 -0.182161350000 0.968058190000 -0.262874950000
0.000000000000 0.000000000000 0.000000000000 1.000000000000
42 58 60
-0.100492960000 -0.850114310000 0.516920520000 -2.022171500000
0.884104070000 0.162006610000 0.438307950000 -0.719580970000
-0.456356400000 0.501058400000 0.735309000000 0.450399420000
0.000000000000 0.000000000000 0.000000000000 1.000000000000
43 45 60
-0.916031890000 -0.375219570000 -0.141759830000 0.790731780000
-0.034639640000 -0.278098950000 0.959927640000 -1.374178710000
-0.399606890000 0.884234840000 0.241750040000 1.593330450000
0.000000000000 0.000000000000 0.000000000000 1.000000000000
43 46 60
-0.470127390000 -0.439408840000 -0.765441120000 1.094559370000
0.173584330000 -0.896352910000 0.407946000000 -0.696432130000
-0.865360450000 0.058918010000 0.497674550000 1.039947930000
0.000000000000 0.000000000000 0.000000000000 1.000000000000
43 47 60
0.891176210000 0.284982780000 -0.352972770000 0.456728290000
-0.282584380000 0.957394180000 0.059518420000 0.043661920000
0.354895800000 0.046703200000 0.933738600000 0.459854600000
0.000000000000 0.000000000000 0.000000000000 1.000000000000
43 48 60
0.359808040000 -0.895122570000 0.263237080000 -0.012907190000
-0.502426160000 -0.423615910000 -0.753735710000 1.151868360000
0.786197260000 0.138942980000 -0.602153400000 2.790261120000
0.000000000000 0.000000000000 0.000000000000 1.000000000000
43 49 60
0.817811550000 0.331330050000 0.470536570000 -0.405581230000
-0.529998790000 0.115030260000 0.840160300000 -0.835562290000
0.224244410000 -0.936476610000 0.269677600000 1.420808520000
0.000000000000 0.000000000000 0.000000000000 1.000000000000
43 50 60
-0.747783130000 0.415210120000 -0.518093570000 1.071509650000
0.625386990000 0.178440160000 -0.759638220000 0.994072410000
-0.222960780000 -0.892053620000 -0.393101550000 2.461646350000
0.000000000000 0.000000000000 0.000000000000 1.000000000000
43 51 60
0.121085400000 -0.776967190000 0.617786630000 0.074180860000
0.578664490000 0.560926080000 0.592038290000 -0.362251150000
-0.806526960000 0.285803990000 0.517523280000 1.651751600000
0.000000000000 0.000000000000 0.000000000000 1.000000000000
43 52 60
0.723551800000 0.107074720000 0.681914810000 -1.017977960000
0.153899730000 -0.988052840000 -0.008151960000 0.115629830000
0.672894990000 0.110844860000 -0.731386180000 2.297615100000
0.000000000000 0.000000000000 0.000000000000 1.000000000000
43 53 60
0.444654730000 0.826406720000 -0.345447680000 0.629113630000
-0.867528540000 0.301381330000 -0.395681080000 1.401404140000
-0.222882020000 0.475627190000 0.850942060000 0.253677310000
0.000000000000 0.000000000000 0.000000000000 1.000000000000
43 54 60
-0.496414570000 -0.702227170000 -0.510342610000 1.993488730000
0.317707790000 -0.694075010000 0.646004360000 -2.096237220000
-0.807857870000 0.158546150000 0.567651990000 0.697147110000
0.000000000000 0.000000000000 0.000000000000 1.000000000000
43 55 60
0.757995380000 0.282668050000 0.587828010000 -0.657563660000
-0.649725440000 0.406583870000 0.642297760000 -1.841325660000
-0.057444340000 -0.868785550000 0.491845320000 -0.139159130000
0.000000000000 0.000000000000 0.000000000000 1.000000000000
43 56 60
0.765935570000 -0.465044630000 0.443932650000 -0.254381560000
0.323781580000 0.875556570000 0.358561260000 -0.231862920000
-0.555435130000 -0.130897600000 0.821192810000 -1.102711650000
0.000000000000 0.000000000000 0.000000000000 1.000000000000
43 58 60
-0.675929600000 0.736422490000 0.028303470000 0.811446000000
0.049282540000 0.083486960000 -0.995289480000 2.799409400000
-0.735316530000 -0.671350760000 -0.092724080000 1.077114550000
0.000000000000 0.000000000000 0.000000000000 1.000000000000
44 46 60
-0.926259270000 -0.278349750000 -0.254096790000 0.464132870000
-0.027289480000 -0.622896090000 0.781828460000 -1.186077810000
-0.375897650000 0.731110030000 0.569367260000 1.104225890000
0.000000000000 0.000000000000 0.000000000000 1.000000000000
44 47 60
0.806992560000 -0.289743630000 0.514598510000 -0.491731690000
0.262006040000 0.956577270000 0.127721420000 -0.383132130000
-0.529259710000 0.031757680000 0.847865330000 0.885325540000
0.000000000000 0.000000000000 0.000000000000 1.000000000000
44 48 60
0.607831050000 -0.623345110000 0.491916960000 -0.701888510000
-0.360820910000 -0.768657400000 -0.528179960000 0.837451410000
0.707354000000 0.143550250000 -0.692129790000 2.582735450000
0.000000000000 0.000000000000 0.000000000000 1.000000000000
44 49 60
0.906935840000 -0.219996790000 0.359261450000 -0.332545910000
-0.188931390000 -0.974644810000 -0.119885060000 -0.034322100000
0.376526630000 0.040852290000 -0.925504610000 3.195181770000
0.000000000000 0.000000000000 0.000000000000 1.000000000000
44 50 60
0.641802400000 -0.465459310000 0.609456570000 -0.457725990000
0.292365150000 0.883222890000 0.366660520000 -0.435711560000
-0.708951550000 -0.057139740000 0.702938650000 1.260005790000
0.000000000000 0.000000000000 0.000000000000 1.000000000000
44 51 60
-0.802449800000 -0.542888750000 -0.247681500000 0.933471310000
-0.526777210000 0.839476880000 -0.133357930000 0.139868060000
0.280321420000 0.023459920000 -0.959619470000 2.882585360000
0.000000000000 0.000000000000 0.000000000000 1.000000000000
44 52 60
0.979639250000 0.146235230000 -0.137558000000 0.262738570000
0.199426830000 -0.787799790000 0.582752460000 -0.920160450000
-0.023149230000 -0.598319940000 -0.800922820000 2.822581140000
0.000000000000 0.000000000000 0.000000000000 1.000000000000
44 53 60
0.263143670000 0.811225310000 -0.522177090000 0.843907530000
-0.851147110000 -0.059610880000 -0.521531540000 1.768699500000
-0.454207010000 0.581687240000 0.674785850000 0.618109530000
0.000000000000 0.000000000000 0.000000000000 1.000000000000
44 54 60
0.761893330000 0.359834770000 0.538551300000 -1.531403150000
-0.415984120000 0.909173970000 -0.018971040000 0.264909440000
-0.496463260000 -0.209574870000 0.842379130000 -0.320336580000
0.000000000000 0.000000000000 0.000000000000 1.000000000000
44 55 60
0.968769120000 -0.006115680000 -0.247889050000 1.274686660000
0.167750600000 0.752372920000 0.637020200000 -1.398542430000
0.182609200000 -0.658709030000 0.729901560000 -0.971834390000
0.000000000000 0.000000000000 0.000000000000 1.000000000000
44 56 60
0.945667580000 -0.309764690000 0.098785960000 0.641880820000
0.240379320000 0.870685700000 0.429096960000 -0.521730220000
-0.218930610000 -0.382036980000 0.897840260000 -1.479757980000
0.000000000000 0.000000000000 0.000000000000 1.000000000000
44 57 60
-0.942638360000 0.101846590000 -0.317899680000 0.513428570000
-0.265439230000 -0.806166260000 0.528808070000 -2.482162750000
-0.202422690000 0.582857810000 0.786957320000 -0.417135640000
0.000000000000 0.000000000000 0.000000000000 1.000000000000
44 58 60
0.939775920000 -0.183540480000 -0.288329860000 1.289338530000
0.067125220000 -0.728045710000 0.682234310000 -2.688596790000
-0.335134930000 -0.660501580000 -0.671879630000 2.926777730000
0.000000000000 0.000000000000 0.000000000000 1.000000000000
44 59 60
0.168240040000 0.904102030000 -0.392803790000 0.709810080000
0.635639170000 -0.404072300000 -0.657790560000 1.055852890000
-0.753430910000 -0.139014770000 -0.642663800000 2.244761740000
0.000000000000 0.000000000000 0.000000000000 1.000000000000
45 47 60
-0.931904380000 0.185133100000 -0.311897360000 1.034896960000
-0.351300010000 -0.674648590000 0.649182250000 -0.745350450000
-0.090236000000 0.714545330000 0.693745230000 0.631834120000
0.000000000000 0.000000000000 0.000000000000 1.000000000000
45 48 60
0.811323680000 -0.245971100000 0.530332070000 -1.075980630000
0.091507890000 -0.842557710000 -0.530775670000 0.840135380000
0.577390850000 0.479160440000 -0.661078720000 2.283250960000
0.000000000000 0.000000000000 0.000000000000 1.000000000000
45 49 60
0.790883910000 0.281860190000 0.543191930000 -1.015946030000
0.563317790000 -0.682128950000 -0.466232950000 0.578363340000
0.239114430000 0.674725820000 -0.698261670000 2.608415590000
0.000000000000 0.000000000000 0.000000000000 1.000000000000
45 50 60
0.840800350000 -0.265025280000 0.472034290000 -0.517771850000
-0.393958050000 -0.897599380000 0.197768570000 -0.457804350000
0.371284020000 -0.352245590000 -0.859110720000 2.665630220000
0.000000000000 0.000000000000 0.000000000000 1.000000000000
45 51 60
0.789721640000 -0.587943840000 0.175105060000 -0.224878070000
0.522797040000 0.794348050000 0.309345170000 -0.257709610000
-0.320971950000 -0.152752170000 0.934689140000 0.824582680000
0.000000000000 0.000000000000 0.000000000000 1.000000000000
45 52 60
-0.906998680000 -0.265144600000 -0.327187620000 1.035900810000
-0.217948040000 0.960316730000 -0.174041460000 0.233847210000
0.360349890000 -0.086545480000 -0.928793750000 2.572445850000
0.000000000000 0.000000000000 0.000000000000 1.000000000000
45 53 60
-0.654484650000 0.088171930000 -0.750916480000 1.777730390000
0.116975020000 0.993026840000 0.014647080000 -0.180530200000
0.746971680000 -0.078252180000 -0.660234740000 2.338222690000
0.000000000000 0.000000000000 0.000000000000 1.000000000000
45 54 60
-0.022845320000 0.871297160000 0.490223780000 -0.665035180000
-0.892077670000 -0.239121740000 0.383429560000 -0.602399300000
0.451304240000 -0.428558120000 0.782727550000 -1.333359910000
0.000000000000 0.000000000000 0.000000000000 1.000000000000
45 55 60
0.081174090000 -0.925477360000 0.370003270000 -1.546911820000
0.294731310000 0.376914990000 0.878105090000 -2.340990410000
-0.952126160000 0.037772170000 0.303362890000 0.094748970000
0.000000000000 0.000000000000 0.000000000000 1.000000000000
45 56 60
-0.938225830000 0.255251400000 0.233621520000 -1.089477120000
-0.298442330000 -0.938611470000 -0.173033770000 -0.618418570000
0.175112720000 -0.232067300000 0.956807350000 -1.451127240000
0.000000000000 0.000000000000 0.000000000000 1.000000000000
45 57 60
-0.825524950000 0.535474220000 -0.178257980000 0.689386600000
0.230764690000 0.032026300000 -0.972482380000 1.865990930000
-0.515030300000 -0.843944120000 -0.150007050000 1.532369650000
0.000000000000 0.000000000000 0.000000000000 1.000000000000
45 58 60
0.058011940000 -0.570236120000 0.819429910000 -2.807825560000
0.203923800000 0.810274140000 0.549427790000 -0.959353730000
-0.977266440000 0.135227890000 0.163290300000 0.336836480000
0.000000000000 0.000000000000 0.000000000000 1.000000000000
45 59 60
0.772357800000 -0.267857770000 -0.575947610000 1.185951250000
0.455294980000 0.865718430000 0.207937690000 0.110835380000
0.442910730000 -0.422828350000 0.790598680000 -1.484300930000
0.000000000000 0.000000000000 0.000000000000 1.000000000000
46 48 60
-0.890892800000 -0.127774760000 -0.435871120000 1.276805070000
-0.207624580000 -0.738935280000 0.640988830000 -0.848643090000
-0.403982740000 0.661549890000 0.631782940000 0.726570710000
0.000000000000 0.000000000000 0.000000000000 1.000000000000
46 49 60
-0.612024120000 -0.569650050000 -0.548566590000 1.743753980000
0.572557310000 -0.797658080000 0.189524990000 -0.584220310000
-0.545531490000 -0.198091950000 0.814343280000 0.535743530000
0.000000000000 0.000000000000 0.000000000000 1.000000000000
46 50 60
0.876646570000 0.115970750000 0.466949220000 -0.454851030000
-0.015853690000 0.976951780000 -0.212870580000 0.119612990000
-0.480873630000 0.179209400000 0.858279990000 0.581468200000
0.000000000000 0.000000000000 0.000000000000 1.000000000000
46 51 60
0.943321210000 -0.320940700000 0.084511280000 -0.306286370000
0.331557390000 0.900089970000 -0.282679580000 0.166351410000
0.014655630000 0.294677980000 0.955484220000 0.634781900000
0.000000000000 0.000000000000 0.000000000000 1.000000000000
46 52 60
-0.925598260000 0.162957960000 -0.341632210000 1.069544170000
-0.196197220000 -0.978416860000 0.064862100000 -0.368980300000
-0.323688920000 0.127063540000 0.937592840000 0.634253080000
0.000000000000 0.000000000000 0.000000000000 1.000000000000
46 53 60
-0.735986200000 -0.173269500000 -0.654447860000 1.556188230000
-0.132540120000 -0.911108200000 0.390275500000 -0.666146780000
-0.663895650000 0.373977980000 0.647597900000 0.798946420000
0.000000000000 0.000000000000 0.000000000000 1.000000000000
46 54 60
-0.481033410000 -0.176817710000 -0.858686410000 2.414178070000
-0.056280080000 -0.971202140000 0.231514480000 -0.889764680000
-0.874893940000 0.159693130000 0.457229370000 0.469346440000
0.000000000000 0.000000000000 0.000000000000 1.000000000000
46 55 60
-0.969520730000 0.092770100000 0.226766970000 -0.394259000000
0.104513350000 0.993706110000 0.040312950000 0.415009320000
-0.221599880000 0.062784420000 -0.973114390000 4.678410700000
0.000000000000 0.000000000000 0.000000000000 1.000000000000
46 56 60
0.079318380000 0.802194220000 -0.591771100000 2.809228280000
-0.980869110000 0.168675510000 0.097182110000 -1.291387300000
0.177776210000 0.572741660000 0.800226590000 -0.419392920000
0.000000000000 0.000000000000 0.000000000000 1.000000000000
46 57 60
-0.815190500000 0.083208110000 0.573184840000 -1.318495520000
0.465546330000 -0.494616410000 0.733908180000 -1.016589290000
0.344573740000 0.865119080000 0.364469370000 1.134432920000
0.000000000000 0.000000000000 0.000000000000 1.000000000000
46 58 60
0.132179480000 0.498127150000 -0.856970200000 2.646197560000
-0.892578970000 -0.316178850000 -0.321455630000 -0.129668070000
-0.431081620000 0.807403420000 0.402825460000 0.361089900000
0.000000000000 0.000000000000 0.000000000000 1.000000000000
46 59 60
-0.645558620000 -0.624259860000 -0.439947390000 1.087813770000
-0.241715940000 0.713463380000 -0.657680320000 2.459596080000
0.724449770000 -0.318228900000 -0.611475990000 3.243871500000
0.000000000000 0.000000000000 0.000000000000 1.000000000000
47 49 60
-0.976355840000 0.118597400000 -0.180731640000 0.985847620000
0.062980960000 0.955857290000 0.287002150000 -0.396684970000
0.206791360000 0.268833580000 -0.940726230000 2.839613080000
0.000000000000 0.000000000000 0.000000000000 1.000000000000
47 50 60
0.962566800000 0.029035410000 0.269484890000 0.072870980000
-0.058917920000 0.992886020000 0.103469920000 0.030836480000
-0.264563490000 -0.115474200000 0.957429830000 0.401026150000
0.000000000000 0.000000000000 0.000000000000 1.000000000000
47 51 60
0.999571167000 -0.009912727800 0.027553941900 0.166982849000
0.000983248203 0.951791364000 0.306744573000 -0.020651499900
-0.029266279400 -0.306585939000 0.951392951000 0.474800594000
0.000000000000 0.000000000000 0.000000000000 1.000000000000
47 52 60
0.996023270000 0.058154950000 0.067495470000 0.122088300000
-0.074144920000 0.961103690000 0.266049300000 0.018901370000
-0.049398060000 -0.269995740000 0.961593540000 0.405930900000
0.000000000000 0.000000000000 0.000000000000 1.000000000000
47 53 60
0.790372160000 0.393836080000 0.469260040000 -1.225730070000
-0.479995660000 0.874069900000 0.074873090000 0.177785490000
-0.380678360000 -0.284420390000 0.879880120000 -0.009582280000
0.000000000000 0.000000000000 0.000000000000 1.000000000000
47 54 60
0.168107480000 -0.818617990000 -0.549185270000 1.736640160000
0.985482350000 0.152988690000 0.073613890000 -0.966783870000
0.023757480000 -0.553587440000 0.832452120000 -1.272669210000
0.000000000000 0.000000000000 0.000000000000 1.000000000000
47 55 60
0.816081060000 0.519201610000 -0.253853090000 1.453709070000
-0.511554800000 0.853323160000 0.100753460000 -0.041979680000
0.268930080000 0.047636780000 0.961980950000 -1.635319910000
0.000000000000 0.000000000000 0.000000000000 1.000000000000
47 56 60
0.017420190000 0.948215690000 -0.317149090000 1.757258920000
0.999605340000 -0.009524890000 0.026428140000 0.892985080000
0.022038760000 -0.317484310000 -0.948007390000 4.101178520000
0.000000000000 0.000000000000 0.000000000000 1.000000000000
47 57 60
0.934148790000 0.350273400000 -0.068370880000 1.456316820000
-0.318660830000 0.904909470000 0.282124300000 -0.343081620000
0.160690100000 -0.241758960000 0.956938500000 -1.803832040000
0.000000000000 0.000000000000 0.000000000000 1.000000000000
47 58 60
0.036484930000 -0.750724330000 0.659607340000 -1.529025460000
0.653492520000 0.517286040000 0.552596320000 -0.761620080000
-0.756053160000 0.410887020000 0.509465870000 -0.433206620000
0.000000000000 0.000000000000 0.000000000000 1.000000000000
47 59 60
-0.930206910000 0.320556870000 -0.178769100000 0.986089300000
-0.015918950000 0.451368070000 0.892195860000 -2.311106190000
0.366690180000 0.832772570000 -0.414762770000 3.522528370000
0.000000000000 0.000000000000 0.000000000000 1.000000000000
48 50 60
0.998001370000 -0.006520600000 0.062854970000 0.108160400000
-0.001597080000 0.991741640000 0.128241870000 -0.059094020000
-0.063172100000 -0.128085950000 0.989749100000 0.288383760000
0.000000000000 0.000000000000 0.000000000000 1.000000000000
48 51 60
0.981831530000 0.100235940000 -0.161119870000 0.063945570000
-0.069012440000 0.979574920000 0.188865720000 0.019081330000
0.176760120000 -0.174315050000 0.968695060000 0.292385090000
0.000000000000 0.000000000000 0.000000000000 1.000000000000
48 52 60
0.991673540000 0.026555640000 -0.126009500000 0.027481340000
-0.006192150000 0.987208190000 0.159316190000 -0.035395260000
0.128628360000 -0.157209380000 0.979152670000 0.228925240000
0.000000000000 0.000000000000 0.000000000000 1.000000000000
48 53 60
0.961578900000 0.244246340000 0.125338530000 -0.226880020000
-0.243639100000 0.969651610000 -0.020389880000 0.275640160000
-0.126514860000 -0.010930890000 0.991904480000 0.010480730000
0.000000000000 0.000000000000 0.000000000000 1.000000000000
48 54 60
0.262185040000 -0.796936940000 0.544197120000 -0.545321890000
0.939002280000 0.080624540000 -0.334326790000 0.603411530000
0.222561720000 0.598657820000 0.769464160000 -0.710421860000
0.000000000000 0.000000000000 0.000000000000 1.000000000000
48 55 60
0.252666970000 0.911138500000 -0.325554970000 1.440494940000
0.966716360000 -0.223736950000 0.124101770000 0.059282010000
0.040235230000 -0.346075730000 -0.937343430000 4.080360290000
0.000000000000 0.000000000000 0.000000000000 1.000000000000
48 56 60
0.689792600000 -0.153869350000 -0.707467600000 3.239759120000
0.462715370000 0.845242020000 0.267320790000 0.288247690000
0.556848870000 -0.511752030000 0.654239400000 -0.512355020000
0.000000000000 0.000000000000 0.000000000000 1.000000000000
48 57 60
-0.023177350000 0.091351350000 -0.995548970000 2.117149250000
-0.993567880000 0.108301950000 0.033068990000 0.065987610000
0.110840790000 0.989911920000 0.088253610000 1.696645610000
0.000000000000 0.000000000000 0.000000000000 1.000000000000
48 58 60
0.709983510000 -0.541195880000 0.450588990000 -0.649551890000
0.603997790000 0.796966880000 0.005518820000 0.878653880000
-0.362091260000 0.268236490000 0.892714460000 -1.466350090000
0.000000000000 0.000000000000 0.000000000000 1.000000000000
48 59 60
-0.437239100000 0.879574380000 -0.187538990000 1.144371720000
0.575143220000 0.433785550000 0.693570740000 -1.468859010000
0.691398760000 0.195394470000 -0.695549250000 3.789340610000
0.000000000000 0.000000000000 0.000000000000 1.000000000000
49 51 60
-0.597404100000 0.429581490000 -0.677176550000 1.432749750000
-0.422784840000 -0.886252640000 -0.189233260000 0.182635290000
-0.681440620000 0.173251250000 0.711071510000 1.129937360000
0.000000000000 0.000000000000 0.000000000000 1.000000000000
49 52 60
0.971230180000 0.128713890000 -0.200361370000 0.007979930000
-0.100073250000 0.984050910000 0.147068560000 0.109718150000
0.216095560000 -0.122786610000 0.968620750000 0.118149920000
0.000000000000 0.000000000000 0.000000000000 1.000000000000
49 53 60
0.995002570000 0.056214180000 0.082521790000 -0.087186520000
-0.069646440000 0.982950650000 0.170168690000 0.055895150000
-0.071548950000 -0.175065640000 0.981953550000 -0.008701780000
0.000000000000 0.000000000000 0.000000000000 1.000000000000
49 54 60
0.184116530000 -0.239240700000 0.953344110000 -2.480476210000
-0.388505270000 -0.908656180000 -0.152995430000 0.424814230000
0.902864750000 -0.342210220000 -0.260244900000 2.039720040000
0.000000000000 0.000000000000 0.000000000000 1.000000000000
49 55 60
0.394318070000 -0.899844020000 -0.186531520000 0.526838540000
0.544354530000 0.392247600000 -0.741498460000 2.939519930000
0.740399490000 0.190846960000 0.644504480000 0.024008020000
0.000000000000 0.000000000000 0.000000000000 1.000000000000
49 56 60
-0.385028620000 0.842232570000 -0.377355610000 1.540098000000
0.886504740000 0.451213250000 0.102547280000 0.679973650000
0.256636520000 -0.295043900000 -0.920373180000 4.501292600000
0.000000000000 0.000000000000 0.000000000000 1.000000000000
49 57 60
-0.209862450000 -0.965258970000 0.155669130000 -0.738565440000
0.922830880000 -0.142951230000 0.357698360000 -0.045783520000
-0.323018460000 0.218723740000 0.920770870000 -1.484323410000
0.000000000000 0.000000000000 0.000000000000 1.000000000000
49 58 60
0.024891030000 0.023027180000 -0.999424930000 3.123600400000
-0.923013810000 -0.383448580000 -0.031822800000 -0.999447610000
-0.383960860000 0.923275110000 0.011709980000 1.433177200000
0.000000000000 0.000000000000 0.000000000000 1.000000000000
49 59 60
0.384739190000 -0.305965490000 0.870839180000 -2.689174420000
-0.789703740000 -0.597546170000 0.138948130000 -1.041975330000
0.477853280000 -0.741163750000 -0.471521520000 2.359194040000
0.000000000000 0.000000000000 0.000000000000 1.000000000000
50 52 60
0.978814410000 0.090877230000 -0.183476630000 -0.035116680000
-0.086836190000 0.995772080000 0.029957470000 0.091637290000
0.185423350000 -0.013390390000 0.982567490000 -0.028234890000
0.000000000000 0.000000000000 0.000000000000 1.000000000000
50 53 60
0.997010000000 -0.015121320000 0.075778720000 0.007596890000
0.010875790000 0.998364340000 0.056128110000 -0.011531520000
-0.076503500000 -0.055136140000 0.995543680000 -0.096339260000
0.000000000000 0.000000000000 0.000000000000 1.000000000000
50 54 60
0.977153220000 -0.196048150000 0.082077470000 -0.931596340000
-0.191956420000 -0.979852100000 -0.055159650000 -0.104284090000
0.091237730000 0.038144140000 -0.995098340000 4.223860340000
0.000000000000 0.000000000000 0.000000000000 1.000000000000
50 55 60
-0.529460380000 -0.008266330000 0.848294390000 -2.288522760000
-0.848092100000 -0.018753430000 -0.529516860000 1.028586180000
0.020285590000 -0.999789970000 0.002918590000 1.346346690000
0.000000000000 0.000000000000 0.000000000000 1.000000000000
50 56 60
0.647408480000 0.721647010000 -0.245128260000 1.637462160000
0.762018870000 -0.607099190000 0.225294970000 -0.272251370000
0.013766280000 -0.332650230000 -0.942949790000 3.841706590000
0.000000000000 0.000000000000 0.000000000000 1.000000000000
50 57 60
0.668356910000 0.706022930000 -0.234159490000 1.741733290000
0.740845040000 -0.660045910000 0.124450870000 0.068703360000
-0.066690850000 -0.256653490000 -0.964199830000 3.770267780000
0.000000000000 0.000000000000 0.000000000000 1.000000000000
50 58 60
0.667287580000 -0.154384570000 0.728623830000 -1.276521630000
-0.163985670000 0.923820620000 0.345925070000 -0.633212520000
-0.726523220000 -0.350315370000 0.591137170000 -1.604572500000
0.000000000000 0.000000000000 0.000000000000 1.000000000000
50 59 60
0.397388490000 0.170385460000 -0.901693510000 2.931745250000
-0.077238910000 0.985334700000 0.152150200000 0.465105950000
0.914394080000 0.009183090000 0.404721060000 -0.666005990000
0.000000000000 0.000000000000 0.000000000000 1.000000000000
51 53 60
-0.798395000000 -0.010384060000 -0.602044510000 1.923831740000
-0.064739640000 -0.992575030000 0.102973720000 -0.665385850000
-0.598643630000 0.121189850000 0.791794680000 0.096185830000
0.000000000000 0.000000000000 0.000000000000 1.000000000000
51 54 60
-0.876274070000 -0.477471230000 0.064536600000 0.552187740000
0.416907300000 -0.684254070000 0.598318200000 -2.127674850000
-0.241520300000 0.551196510000 0.798655340000 -1.481946330000
0.000000000000 0.000000000000 0.000000000000 1.000000000000
51 55 60
-0.849086480000 0.409380300000 0.333856140000 -0.824912070000
0.351081790000 0.909547480000 -0.222407200000 1.401788580000
-0.394707130000 -0.071632140000 -0.916010430000 3.793537870000
0.000000000000 0.000000000000 0.000000000000 1.000000000000
51 56 60
0.506120480000 0.813985350000 -0.285078780000 2.170865930000
0.856023710000 -0.433790910000 0.281156270000 -0.126703650000
0.105192500000 -0.386333140000 -0.916341220000 3.776801960000
0.000000000000 0.000000000000 0.000000000000 1.000000000000
51 57 60
-0.440194510000 0.876953120000 0.192826380000 -0.400187340000
-0.415049770000 -0.008297750000 -0.909760870000 2.247853850000
-0.796217610000 -0.480504290000 0.367631810000 -1.596851920000
0.000000000000 0.000000000000 0.000000000000 1.000000000000
51 58 60
0.344522470000 -0.535760090000 0.770886110000 -2.179089240000
0.249756470000 0.843874440000 0.474865900000 -0.796058780000
-0.904945290000 0.028931820000 0.424543260000 -1.240489690000
0.000000000000 0.000000000000 0.000000000000 1.000000000000
51 59 60
0.470330750000 -0.854773230000 0.219434980000 -1.226960530000
-0.394265260000 -0.425986420000 -0.814303680000 2.187454250000
0.789521300000 0.296476470000 -0.537361900000 3.078791540000
0.000000000000 0.000000000000 0.000000000000 1.000000000000
52 54 60
0.278127530000 -0.467665660000 0.839007690000 -1.624306180000
0.549763590000 -0.638753700000 -0.538287750000 0.958287320000
0.787657970000 0.610968520000 0.079450570000 1.069459770000
0.000000000000 0.000000000000 0.000000000000 1.000000000000
52 55 60
0.083777530000 0.898498260000 -0.430908580000 2.188575590000
0.995338590000 -0.096184640000 -0.007042620000 0.450186750000
-0.047774570000 -0.428309930000 -0.902368100000 3.760007470000
0.000000000000 0.000000000000 0.000000000000 1.000000000000
52 56 60
0.199302800000 0.896744050000 -0.395131010000 2.432856130000
0.971874280000 -0.232503160000 -0.037452290000 0.932782700000
-0.125454330000 -0.376553310000 -0.917861000000 3.611872690000
0.000000000000 0.000000000000 0.000000000000 1.000000000000
52 57 60
0.291272790000 0.824517740000 -0.485108920000 2.663857310000
0.910921690000 -0.393937860000 -0.122615860000 1.175886210000
-0.292201720000 -0.406181570000 -0.865814470000 3.161085500000
0.000000000000 0.000000000000 0.000000000000 1.000000000000
52 58 60
0.875448260000 -0.228682770000 -0.425786960000 1.688089250000
0.065502770000 0.928988770000 -0.364265350000 1.994651520000
0.478852520000 0.291005240000 0.828260960000 -1.157884530000
0.000000000000 0.000000000000 0.000000000000 1.000000000000
52 59 60
0.537025960000 0.150914460000 0.829956590000 -1.488543070000
0.487573030000 -0.858408370000 -0.159397660000 -0.156873450000
0.688386270000 0.490265130000 -0.534569400000 3.313409230000
0.000000000000 0.000000000000 0.000000000000 1.000000000000
53 55 60
0.321305940000 0.910637880000 -0.259809820000 1.231055610000
0.884580660000 -0.386559220000 -0.260938750000 0.361729360000
-0.338052590000 -0.145981570000 -0.929736430000 3.803526860000
0.000000000000 0.000000000000 0.000000000000 1.000000000000
53 57 60
0.497836030000 0.865897180000 -0.048799220000 1.676685700000
0.646955920000 -0.408254240000 -0.644031450000 2.162916220000
-0.577587500000 0.289051120000 -0.763440980000 3.326493960000
0.000000000000 0.000000000000 0.000000000000 1.000000000000
53 58 60
-0.579805490000 -0.779118880000 0.238326170000 -0.672167080000
0.560627650000 -0.169256930000 0.810585430000 -1.940854500000
-0.591204050000 0.603594130000 0.534931680000 0.655665500000
0.000000000000 0.000000000000 0.000000000000 1.000000000000
53 59 60
-0.393375610000 0.442176070000 0.806062000000 -1.006410530000
-0.911839000000 -0.075595480000 -0.403528150000 0.777143090000
-0.117495850000 -0.893736900000 0.432930810000 0.327568760000
0.000000000000 0.000000000000 0.000000000000 1.000000000000
54 56 60
-0.484167530000 -0.776975560000 0.402356550000 -1.128836020000
0.332011810000 0.262315740000 0.906067660000 -2.035661720000
-0.809536880000 0.572275670000 0.130960300000 2.015666130000
0.000000000000 0.000000000000 0.000000000000 1.000000000000
54 57 60
-0.283393260000 0.728802680000 0.623325680000 -0.934034180000
-0.633392490000 0.345790280000 -0.692273810000 1.564199430000
-0.720070970000 -0.590995540000 0.363623510000 0.735801420000
0.000000000000 0.000000000000 0.000000000000 1.000000000000
54 58 60
-0.813859640000 -0.580301480000 0.029710080000 -0.157530650000
0.011462080000 0.035087470000 0.999318510000 -2.319001920000
-0.580948460000 0.813645540000 -0.021904810000 2.683213830000
0.000000000000 0.000000000000 0.000000000000 1.000000000000
54 59 60
0.974074230000 -0.195602610000 -0.113661860000 0.741900420000
0.205954840000 0.974615970000 0.087785640000 0.358666790000
0.093605560000 -0.108918940000 0.989633600000 -0.262620890000
0.000000000000 0.000000000000 0.000000000000 1.000000000000
55 57 60
0.999385770000 -0.034916950000 0.002982060000 0.463025700000
0.035016120000 0.998364460000 -0.045191450000 0.300768210000
-0.001399240000 0.045268120000 0.998973890000 0.036065170000
0.000000000000 0.000000000000 0.000000000000 1.000000000000
55 58 60
0.998086010000 0.043709940000 -0.043746470000 0.303676620000
-0.039774800000 0.995405010000 0.087102410000 0.220009500000
0.047352700000 -0.085195690000 0.995238370000 -0.230057950000
0.000000000000 0.000000000000 0.000000000000 1.000000000000
55 59 60
0.843837130000 0.333391350000 -0.420462970000 1.203885150000
-0.301533780000 0.942765140000 0.142377200000 0.123934430000
0.443865160000 0.006640630000 0.896068980000 0.072308490000
0.000000000000 0.000000000000 0.000000000000 1.000000000000
56 58 60
0.960408810000 0.204128550000 -0.189595520000 0.398323260000
-0.205953620000 0.978508160000 0.010241680000 0.108635800000
0.187611380000 0.029211690000 0.981808860000 -0.046858910000
0.000000000000 0.000000000000 0.000000000000 1.000000000000
56 59 60
0.920900670000 0.299894230000 -0.249008850000 0.108977200000
-0.287430240000 0.953942800000 0.085889450000 0.024301410000
0.263297950000 -0.007522980000 0.964685230000 -0.021524450000
0.000000000000 0.000000000000 0.000000000000 1.000000000000
57 59 60
-0.901066290000 -0.158557510000 -0.403657100000 0.395935770000
0.433669780000 -0.336235480000 -0.835988170000 1.279002660000
-0.003171640000 -0.928334650000 0.371732060000 0.883760080000
0.000000000000 0.000000000000 0.000000000000 1.000000000000
