0 2 60
0.948079620000 -0.149424440000 0.280744320000 0.075414420000
0.140185450000 0.988714940000 0.052828170000 -0.077865480000
-0.285469920000 -0.010729040000 0.958327610000 -0.195455700000
0.000000000000 0.000000000000 0.000000000000 1.000000000000
0 3 60
-0.997396620000 0.049798520000 -0.052154480000 0.117558240000
0.011016090000 0.819987300000 0.572275700000 -1.848355560000
0.071264490000 0.570211310000 -0.818401140000 3.866910220000
0.000000000000 0.000000000000 0.000000000000 1.000000000000
0 4 60
0.930762830000 0.085235180000 0.355549590000 -0.940511460000
-0.238351160000 0.878860180000 0.413271720000 -1.336672900000
-0.277253080000 -0.469403620000 0.838326290000 0.588636340000
0.000000000000 0.000000000000 0.000000000000 1.000000000000
0 6 60
0.387900120000 -0.073255330000 0.918785700000 -2.513239890000
-0.912787730000 0.107767800000 0.393960240000 -0.228592090000
-0.127875200000 -0.991473530000 -0.025063430000 2.976485870000
0.000000000000 0.000000000000 0.000000000000 1.000000000000
0 7 60
-0.537481230000 0.644045590000 -0.544352090000 1.543515680000
0.810732940000 0.217058340000 -0.543689040000 1.152976040000
-0.232004370000 -0.733546830000 -0.638813760000 4.236782390000
0.000000000000 0.000000000000 0.000000000000 1.000000000000
0 8 60
0.173874910000 0.502873770000 0.846690900000 -1.986807820000
0.088714980000 0.848292600000 -0.522043410000 1.249399780000
-0.980763560000 0.165884420000 0.102884360000 1.965706160000
0.000000000000 0.000000000000 0.000000000000 1.000000000000
0 9 60
0.157233340000 0.848336850000 -0.505571220000 1.584077250000
-0.463745880000 0.515409530000 0.720619720000 -2.082022770000
0.871904490000 0.121151120000 0.474452280000 2.296649050000
0.000000000000 0.000000000000 0.000000000000 1.000000000000
0 10 60
0.543603330000 0.589450320000 -0.597531370000 1.911388370000
-0.278054480000 0.798173800000 0.534419580000 -1.326888150000
0.791947680000 -0.124365990000 0.597789240000 0.484252320000
0.000000000000 0.000000000000 0.000000000000 1.000000000000
0 11 60
0.830558210000 -0.054097750000 0.554298200000 -1.648528680000
-0.512398110000 0.315752230000 0.798591700000 -1.824325780000
-0.218222910000 -0.947298240000 0.234531020000 1.799431500000
0.000000000000 0.000000000000 0.000000000000 1.000000000000
0 12 60
-0.002075400660 0.946908278000 -0.321497131000 1.120716860000
0.716440043000 -0.222884055000 -0.661087258000 1.450434580000
-0.697645582000 -0.231705439000 -0.677940434000 3.776277540000
0.000000000000 0.000000000000 0.000000000000 1.000000000000
0 13 60
0.160786170000 0.509750400000 -0.845164090000 1.540783910000
0.172165800000 0.828691600000 0.532568470000 -0.717484830000
0.971857370000 -0.231138000000 0.045480570000 1.800349790000
0.000000000000 0.000000000000 0.000000000000 1.000000000000
0 14 60
0.865320390000 -0.424499770000 0.266496850000 -0.486626380000
-0.337121260000 -0.886388070000 -0.317278170000 0.710748030000
0.370904140000 0.184705520000 -0.910117570000 4.074610620000
0.000000000000 0.000000000000 0.000000000000 1.000000000000
0 15 60
-0.537072440000 -0.643220450000 0.545729470000 -1.703934180000
0.566777960000 0.203989140000 0.798217500000 -1.062441150000
-0.624752700000 0.738008050000 0.255006230000 1.784867490000
0.000000000000 0.000000000000 0.000000000000 1.000000000000
0 16 60
0.626808010000 -0.106695360000 -0.771834060000 2.131069300000
-0.672019170000 0.427301980000 -0.604816710000 1.156857100000
0.394337360000 0.897791250000 0.196134970000 2.151144330000
0.000000000000 0.000000000000 0.000000000000 1.000000000000
0 17 60
0.098704480000 -0.935817550000 0.338382820000 -0.499143130000
0.073512360000 0.345971310000 0.935360780000 -1.583553400000
-0.992397780000 -0.067448980000 0.102943070000 1.998862430000
0.000000000000 0.000000000000 0.000000000000 1.000000000000
0 18 60
0.914355630000 -0.158304550000 0.372684110000 -1.299792710000
-0.247352130000 0.510334050000 0.823635890000 -1.091777300000
-0.320578700000 -0.845280330000 0.427469840000 1.634697540000
0.000000000000 0.000000000000 0.000000000000 1.000000000000
0 19 60
0.860513830000 -0.286814600000 0.421014650000 0.199490640000
-0.479892780000 -0.179083760000 0.858855010000 -0.679527970000
-0.170935270000 -0.941098500000 -0.291744310000 2.592388300000
0.000000000000 0.000000000000 0.000000000000 1.000000000000
0 20 60
-0.068334990000 -0.014095060000 -0.997562860000 2.237981850000
0.559594230000 -0.828338810000 -0.026629280000 0.340067750000
-0.825944690000 -0.560050130000 0.064492040000 2.129708930000
0.000000000000 0.000000000000 0.000000000000 1.000000000000
0 21 60
-0.323311250000 -0.672882580000 0.665356200000 -0.643501380000
0.595938670000 0.401393960000 0.695514190000 -0.326744820000
-0.735069340000 0.621379050000 0.271221570000 1.779961810000
0.000000000000 0.000000000000 0.000000000000 1.000000000000
0 22 60
-0.407500250000 -0.754810380000 0.514008590000 -1.610971640000
-0.024205100000 -0.553736780000 -0.832339890000 1.368382730000
0.912884250000 -0.351620350000 0.207377610000 2.081547080000
0.000000000000 0.000000000000 0.000000000000 1.000000000000
0 23 60
0.839247800000 0.409441220000 -0.357800250000 1.270171850000
-0.193140400000 0.839584300000 0.507735160000 -1.569725170000
0.508291170000 -0.357009930000 0.783698920000 0.821570490000
0.000000000000 0.000000000000 0.000000000000 1.000000000000
0 24 60
0.983983940000 0.093118080000 -0.152002060000 0.985551150000
-0.085280390000 0.994707600000 0.057306650000 -0.265215030000
0.156533890000 -0.043426030000 0.986717450000 -0.146144700000
0.000000000000 0.000000000000 0.000000000000 1.000000000000
0 25 60
0.196663560000 0.368690040000 0.908510370000 -1.813144080000
0.964266320000 -0.240498790000 -0.111134160000 0.254387290000
0.177521590000 0.897901990000 -0.402812730000 3.359657700000
0.000000000000 0.000000000000 0.000000000000 1.000000000000
0 26 60
-0.817637980000 0.433214040000 -0.379201430000 0.144591650000
0.497451170000 0.199999450000 -0.844122360000 2.147230880000
-0.289845580000 -0.878820700000 -0.379029980000 3.337397150000
0.000000000000 0.000000000000 0.000000000000 1.000000000000
0 27 60
-0.514169320000 -0.818071900000 -0.257659240000 0.216254470000
-0.087268970000 0.348751750000 -0.933143260000 2.184421410000
0.853237390000 -0.457307980000 -0.250709740000 2.783656960000
0.000000000000 0.000000000000 0.000000000000 1.000000000000
0 28 60
0.912937290000 0.027136500000 -0.407196660000 0.312093160000
-0.060199490000 0.995826080000 -0.068603510000 -0.163843580000
0.403635400000 0.087143740000 0.910760360000 0.454412180000
0.000000000000 0.000000000000 0.000000000000 1.000000000000
0 29 60
0.765338800000 -0.089617300000 -0.637358040000 1.645643890000
-0.168975450000 0.927545940000 -0.333325410000 0.972933060000
0.621050580000 0.362804730000 0.694743770000 0.636409020000
0.000000000000 0.000000000000 0.000000000000 1.000000000000
0 30 60
0.471235750000 0.767050390000 0.435397020000 -1.268903860000
-0.815723460000 0.191269040000 0.545904190000 -1.036902740000
0.335458050000 -0.612413140000 0.715833810000 0.698710960000
0.000000000000 0.000000000000 0.000000000000 1.000000000000
0 31 60
-0.260529420000 0.960714760000 0.095663800000 0.543123400000
0.180070750000 -0.048994270000 0.982432740000 -2.988052900000
0.948524610000 0.273178890000 -0.160232180000 3.950971430000
0.000000000000 0.000000000000 0.000000000000 1.000000000000
0 32 60
0.838476180000 0.035095270000 0.543806970000 -1.633854800000
-0.339509200000 0.814222600000 0.470929990000 -0.387455830000
-0.426252510000 -0.579491050000 0.694621420000 0.712042930000
0.000000000000 0.000000000000 0.000000000000 1.000000000000
0 33 60
-0.621097530000 0.227838120000 -0.749885090000 1.609858080000
-0.338693710000 0.784823260000 0.518978830000 -1.420763910000
0.706770420000 0.576317830000 -0.410284450000 3.318354740000
0.000000000000 0.000000000000 0.000000000000 1.000000000000
0 34 60
-0.892097600000 -0.229521950000 0.389206300000 -1.255692920000
0.053402020000 0.801781040000 0.595227170000 -1.619880980000
-0.448675940000 0.551785130000 -0.703010000000 4.107273550000
0.000000000000 0.000000000000 0.000000000000 1.000000000000
0 35 60
0.716397770000 0.689860420000 -0.104244100000 0.484788090000
0.057272120000 0.090761000000 0.994224490000 -2.876977640000
0.695337430000 -0.718230490000 0.025511210000 3.112893330000
0.000000000000 0.000000000000 0.000000000000 1.000000000000
0 36 60
0.586263150000 0.283043760000 0.759066370000 -1.613618100000
-0.758963410000 0.519582140000 0.392439720000 -0.183875380000
-0.283319720000 -0.806176550000 0.519431720000 1.092590990000
0.000000000000 0.000000000000 0.000000000000 1.000000000000
0 37 60
0.768169520000 -0.366754890000 0.524791810000 -1.711266970000
0.097254350000 -0.743318020000 -0.661830730000 1.388217920000
0.632816860000 0.559436480000 -0.535325740000 3.900046390000
0.000000000000 0.000000000000 0.000000000000 1.000000000000
0 38 60
-0.965870590000 -0.230470300000 -0.118226280000 0.241410520000
-0.183120880000 0.284749000000 0.940948860000 -2.066090490000
-0.183195950000 0.930484520000 -0.317234600000 3.698768690000
0.000000000000 0.000000000000 0.000000000000 1.000000000000
0 40 60
0.937421290000 -0.251117460000 0.241208080000 -0.958366440000
0.220563990000 0.964277120000 0.146700900000 -0.484014640000
-0.269430590000 -0.084318730000 0.959321380000 0.136080880000
0.000000000000 0.000000000000 0.000000000000 1.000000000000
0 41 60
-0.116784290000 -0.488832600000 0.864525370000 -2.244031440000
0.307658880000 0.809855220000 0.499480260000 -1.041847730000
-0.944302620000 0.324310360000 0.055815320000 2.392111000000
0.000000000000 0.000000000000 0.000000000000 1.000000000000
0 42 60
-0.870913240000 0.148521110000 -0.468456630000 0.872098280000
0.233536980000 -0.713648450000 -0.660428930000 1.713856710000
-0.432400990000 -0.684578240000 0.586840710000 0.879843550000
0.000000000000 0.000000000000 0.000000000000 1.000000000000
0 43 60
0.952067490000 0.067644250000 -0.298314850000 0.915200120000
-0.062688610000 0.997690200000 0.026160990000 -0.196064970000
0.299395440000 -0.006206080000 0.954108930000 -0.312343060000
0.000000000000 0.000000000000 0.000000000000 1.000000000000
0 44 60
0.901726660000 -0.241012480000 0.358889970000 -1.062469110000
0.016745650000 0.849024490000 0.528088050000 -1.600594190000
-0.431982190000 -0.470181230000 0.769623930000 0.807977940000
0.000000000000 0.000000000000 0.000000000000 1.000000000000
0 45 60
0.952563940000 -0.077503070000 0.294304620000 -0.881138950000
0.162156940000 0.947581500000 -0.275307860000 0.411144130000
-0.257540410000 0.309971880000 0.915199640000 0.020044420000
0.000000000000 0.000000000000 0.000000000000 1.000000000000
0 46 60
-0.872897480000 -0.384442530000 0.300422910000 -0.294325150000
0.280969910000 0.107310860000 0.953698220000 -2.523523970000
-0.398880800000 0.916890570000 0.014345410000 2.013721090000
0.000000000000 0.000000000000 0.000000000000 1.000000000000
0 47 60
0.741283120000 0.437522850000 -0.508992230000 1.132104840000
0.015040710000 0.747321500000 0.664292370000 -1.352463330000
0.671023930000 -0.500084330000 0.547396160000 1.624246810000
0.000000000000 0.000000000000 0.000000000000 1.000000000000
0 48 60
-0.997330600000 -0.050897460000 -0.052355780000 0.396953650000
-0.071165240000 0.838059140000 0.540918090000 -1.352115790000
0.016345880000 0.543200080000 -0.839444160000 4.388810470000
0.000000000000 0.000000000000 0.000000000000 1.000000000000
0 49 60
-0.976524953000 0.214914249000 0.014521742400 0.149926161000
0.214081046000 0.975779178000 -0.044992227700 0.004004589910
-0.023839484700 -0.040827203300 -0.998881784000 4.381088890000
0.000000000000 0.000000000000 0.000000000000 1.000000000000
0 50 60
0.737198240000 -0.080651930000 0.670845750000 -2.120286200000
-0.508084520000 0.588321570000 0.629069040000 -1.089890880000
-0.445408650000 -0.804594930000 0.392731620000 1.299212440000
0.000000000000 0.000000000000 0.000000000000 1.000000000000
0 51 60
0.197045360000 0.576627080000 -0.792889860000 1.943723160000
0.774034980000 -0.587853570000 -0.235155340000 0.293769550000
-0.601700080000 -0.567388220000 -0.562163350000 4.454763920000
0.000000000000 0.000000000000 0.000000000000 1.000000000000
0 52 60
-0.601284940000 0.042758650000 -0.797889790000 1.582961250000
-0.701106540000 -0.507228550000 0.501167460000 -0.682114490000
-0.383283230000 0.860750200000 0.334967260000 2.229919640000
0.000000000000 0.000000000000 0.000000000000 1.000000000000
0 53 60
-0.495336530000 -0.775958420000 -0.390551230000 1.235672720000
-0.556267270000 -0.061994960000 0.828687730000 -1.386274740000
-0.667239430000 0.627730170000 -0.400931900000 3.032397400000
0.000000000000 0.000000000000 0.000000000000 1.000000000000
0 54 60
-0.822048990000 0.013728880000 -0.569251240000 1.532787010000
-0.567284550000 -0.106179230000 0.816648150000 -1.238000410000
-0.049230990000 0.994252230000 0.095072710000 2.696404900000
0.000000000000 0.000000000000 0.000000000000 1.000000000000
0 55 60
-0.028476610000 -0.998814350000 0.039483950000 0.381186380000
-0.235535480000 -0.031683020000 -0.971349180000 1.699612610000
0.971448470000 -0.036960600000 -0.234353990000 3.477099430000
0.000000000000 0.000000000000 0.000000000000 1.000000000000
0 56 60
-0.392177440000 -0.583957350000 0.710767670000 -0.980847590000
0.216860610000 0.692197190000 0.688356400000 -0.915625170000
-0.893962150000 0.424095360000 -0.144826780000 2.866286320000
0.000000000000 0.000000000000 0.000000000000 1.000000000000
0 57 60
-0.981873940000 -0.156527440000 0.106877170000 -0.126403580000
-0.172781630000 0.507409800000 -0.844204830000 1.900422190000
0.077910690000 -0.847369140000 -0.525257530000 3.224796820000
0.000000000000 0.000000000000 0.000000000000 1.000000000000
0 58 60
0.087907240000 0.935051630000 -0.343439610000 -0.172112320000
0.661255500000 -0.312629510000 -0.681911980000 1.698535780000
-0.744992270000 -0.167156330000 -0.645790430000 3.606710940000
0.000000000000 0.000000000000 0.000000000000 1.000000000000
0 59 60
-0.070065370000 0.118381880000 0.990493100000 -2.111975870000
-0.571595600000 0.808996720000 -0.137123220000 0.308604260000
-0.817538570000 -0.575769090000 0.010983900000 1.864342080000
0.000000000000 0.000000000000 0.000000000000 1.000000000000
1 3 60
-0.936822300000 -0.282642250000 0.206100310000 -0.621767290000
-0.313917940000 0.939243500000 -0.138842250000 -0.156278450000
-0.154335700000 -0.194769100000 -0.968630730000 4.678104500000
0.000000000000 0.000000000000 0.000000000000 1.000000000000
1 4 60
0.919577870000 0.277440850000 -0.278214150000 1.237554810000
-0.371746640000 0.843607660000 -0.387466840000 0.339514830000
0.127204460000 0.459731110000 0.878900640000 0.341638770000
0.000000000000 0.000000000000 0.000000000000 1.000000000000
1 6 60
0.797048120000 -0.147585310000 0.585604710000 -1.937068040000
0.023342870000 0.976483620000 0.214324160000 -0.694118420000
-0.603464500000 -0.157156970000 0.781749500000 1.029842170000
0.000000000000 0.000000000000 0.000000000000 1.000000000000
1 7 60
-0.519422370000 -0.415556570000 0.746668020000 -0.958397700000
0.788025620000 0.104988800000 0.606624240000 -2.121502860000
-0.330478470000 0.903487730000 0.272935690000 2.026420250000
0.000000000000 0.000000000000 0.000000000000 1.000000000000
1 8 60
0.994299902000 0.105704316000 0.013939233400 0.847319335000
-0.106615509000 0.986851799000 0.121476997000 -0.262879311000
-0.000915314695 -0.122270704000 0.992496366000 -0.177172309000
0.000000000000 0.000000000000 0.000000000000 1.000000000000
1 9 60
0.867578200000 0.442377980000 -0.227177890000 1.332251270000
-0.330911870000 0.854547380000 0.400307530000 -0.886537090000
0.371221500000 -0.272122220000 0.887774800000 0.275838180000
0.000000000000 0.000000000000 0.000000000000 1.000000000000
1 10 60
0.555401930000 -0.622573870000 0.551298900000 -1.769751990000
0.343876760000 0.775559600000 0.529392180000 -1.596912700000
-0.757150890000 -0.104446560000 0.644835980000 0.278328190000
0.000000000000 0.000000000000 0.000000000000 1.000000000000
1 11 60
-0.079503270000 -0.949705490000 -0.302883980000 1.871886110000
-0.067284720000 0.308265440000 -0.948917900000 2.432367110000
0.994561210000 -0.055062610000 -0.088408780000 2.697495830000
0.000000000000 0.000000000000 0.000000000000 1.000000000000
1 12 60
-0.056422400000 0.155099380000 -0.986286310000 2.607749710000
0.228914490000 -0.959534320000 -0.163987960000 0.347879970000
-0.971810000000 -0.235027820000 0.018634730000 2.271420220000
0.000000000000 0.000000000000 0.000000000000 1.000000000000
1 13 60
0.803632040000 0.586606290000 0.100342460000 0.193634840000
-0.329057020000 0.297493120000 0.896225040000 -1.356467160000
0.495880050000 -0.753253540000 0.432101930000 1.088659720000
0.000000000000 0.000000000000 0.000000000000 1.000000000000
1 14 60
0.185473990000 0.040126570000 -0.981829550000 2.950564840000
0.585026240000 -0.807300880000 0.077521540000 -0.188561320000
-0.789521180000 -0.588774280000 -0.173208410000 2.347036990000
0.000000000000 0.000000000000 0.000000000000 1.000000000000
1 15 60
-0.023131710000 -0.435670360000 0.899809010000 -1.701822310000
0.307892310000 0.853197970000 0.421017280000 -0.639813780000
-0.951139970000 0.286783130000 0.114403630000 2.102563840000
0.000000000000 0.000000000000 0.000000000000 1.000000000000
1 16 60
0.177327640000 -0.758560670000 -0.627009260000 2.031628710000
-0.725328310000 0.329875300000 -0.604219440000 1.098867800000
0.665171980000 0.561932370000 -0.491709520000 3.612956720000
0.000000000000 0.000000000000 0.000000000000 1.000000000000
1 17 60
0.579310890000 0.574720280000 -0.578009940000 1.363172810000
0.646315510000 -0.755964740000 -0.103892090000 0.615848830000
-0.496664030000 -0.313390970000 -0.809389240000 3.439200750000
0.000000000000 0.000000000000 0.000000000000 1.000000000000
1 18 60
-0.998944620000 -0.033191350000 -0.031748660000 0.152286200000
0.024531510000 0.198829000000 -0.979727120000 1.809008810000
0.038831020000 -0.979471980000 -0.197804930000 2.381272990000
0.000000000000 0.000000000000 0.000000000000 1.000000000000
1 19 60
-0.167888720000 0.626505730000 0.761120190000 -0.776714180000
-0.496134330000 0.613473980000 -0.614410610000 1.313573110000
-0.851859200000 -0.480770470000 0.207835640000 1.541590250000
0.000000000000 0.000000000000 0.000000000000 1.000000000000
1 20 60
-0.307590370000 0.827319950000 0.470031780000 -0.235614550000
0.064895770000 -0.474590160000 0.877811330000 -0.423341130000
0.949303270000 0.300509390000 0.092289790000 2.048388130000
0.000000000000 0.000000000000 0.000000000000 1.000000000000
1 21 60
0.037533980000 -0.787878020000 -0.614686450000 1.631632280000
-0.980542550000 0.089570260000 -0.174681090000 0.344184510000
0.192685020000 0.609282690000 -0.769185990000 3.141122500000
0.000000000000 0.000000000000 0.000000000000 1.000000000000
1 22 60
0.296837140000 -0.943713220000 0.145921460000 -0.666851250000
-0.932302270000 -0.319467270000 -0.169567540000 0.232048680000
0.206640250000 -0.085708960000 -0.974655720000 3.818567110000
0.000000000000 0.000000000000 0.000000000000 1.000000000000
1 23 60
-0.260791310000 -0.846730950000 -0.463718230000 1.772625930000
0.186583810000 0.427075460000 -0.884755920000 2.401441860000
0.947192890000 -0.317258970000 0.046608720000 2.690631420000
0.000000000000 0.000000000000 0.000000000000 1.000000000000
1 24 60
0.925652020000 0.349879600000 -0.144057660000 0.701894890000
-0.315379710000 0.923786440000 0.217150310000 -0.535004520000
0.209054980000 -0.155572760000 0.965449710000 0.409787540000
0.000000000000 0.000000000000 0.000000000000 1.000000000000
1 25 60
0.672574580000 -0.599890190000 -0.433330360000 0.489635310000
0.242809220000 -0.374254760000 0.894973220000 -1.569129420000
-0.699061600000 -0.707152840000 -0.106055370000 2.356629470000
0.000000000000 0.000000000000 0.000000000000 1.000000000000
1 26 60
-0.102689730000 -0.027069600000 -0.994345040000 2.631225430000
0.634459820000 0.768108040000 -0.086433660000 0.405657680000
0.766104140000 -0.639747820000 -0.061702230000 2.885826540000
0.000000000000 0.000000000000 0.000000000000 1.000000000000
1 27 60
-0.284957050000 0.197914380000 -0.937885590000 2.389742360000
0.814056730000 0.566554700000 -0.127778790000 0.629044010000
0.506074220000 -0.799903540000 -0.322557290000 2.841416010000
0.000000000000 0.000000000000 0.000000000000 1.000000000000
1 28 60
-0.098367380000 0.092466540000 -0.990844990000 2.736455780000
0.987352650000 -0.115329640000 -0.108783340000 -0.131724070000
-0.124332620000 -0.989014160000 -0.079952410000 2.870821140000
0.000000000000 0.000000000000 0.000000000000 1.000000000000
1 29 60
0.279657590000 0.116042200000 -0.953061300000 2.723296350000
0.024219010000 -0.993205750000 -0.113823480000 0.561609390000
-0.959794290000 0.008749400000 -0.280567950000 2.792357030000
0.000000000000 0.000000000000 0.000000000000 1.000000000000
1 30 60
-0.681431210000 0.716099610000 -0.151171600000 0.871136750000
0.731755170000 0.662773250000 -0.158952810000 0.194631200000
-0.013633550000 -0.218936000000 -0.975643970000 4.983568720000
0.000000000000 0.000000000000 0.000000000000 1.000000000000
1 31 60
0.167849830000 -0.567816020000 0.805860660000 -1.862140410000
0.173534200000 0.821711920000 0.542840130000 -1.340754560000
-0.970418630000 0.048728760000 0.236459700000 1.349420880000
0.000000000000 0.000000000000 0.000000000000 1.000000000000
1 33 60
0.062839310000 0.943851650000 0.324338210000 -0.611424740000
0.556370690000 0.236667600000 -0.796517480000 3.215564130000
-0.828554690000 0.230504880000 -0.510259370000 3.180657730000
0.000000000000 0.000000000000 0.000000000000 1.000000000000
1 34 60
0.984513090000 0.006286290000 0.175198330000 -0.427667310000
0.011144740000 0.995091270000 -0.098331860000 0.461002850000
-0.174956470000 0.098761540000 0.979610330000 -0.240124530000
0.000000000000 0.000000000000 0.000000000000 1.000000000000
1 35 60
0.547753080000 -0.787078980000 0.283678060000 0.087335690000
-0.362406120000 -0.528820560000 -0.767470270000 2.754163290000
0.754074510000 0.317577540000 -0.574905330000 3.920173290000
0.000000000000 0.000000000000 0.000000000000 1.000000000000
1 36 60
0.215958380000 0.070427010000 0.973859340000 -1.928072960000
0.377517580000 0.913805380000 -0.149800550000 0.478425250000
-0.900467910000 0.399999710000 0.170756500000 2.352334260000
0.000000000000 0.000000000000 0.000000000000 1.000000000000
1 37 60
0.462277790000 -0.602501780000 0.650608060000 -1.630291000000
-0.373237610000 0.533342660000 0.759104270000 -1.108416290000
-0.804358710000 -0.593748440000 0.021676140000 2.674605360000
0.000000000000 0.000000000000 0.000000000000 1.000000000000
1 40 60
0.929530060000 -0.291080150000 -0.226376250000 0.368303400000
0.315067580000 0.945904510000 0.077440820000 -0.525458160000
0.191588830000 -0.143307390000 0.970956600000 -0.396749820000
0.000000000000 0.000000000000 0.000000000000 1.000000000000
1 41 60
0.653952140000 0.743940160000 0.137475960000 0.030924150000
-0.752896390000 0.622167500000 0.214603430000 -0.363163320000
0.074119040000 -0.243845520000 0.966977630000 0.052909270000
0.000000000000 0.000000000000 0.000000000000 1.000000000000
1 42 60
0.993123200000 0.102268870000 -0.056985900000 0.625908870000
-0.066290900000 0.892427360000 0.446294660000 -0.621467360000
0.096497830000 -0.439447930000 0.893069810000 -0.169431140000
0.000000000000 0.000000000000 0.000000000000 1.000000000000
1 43 60
0.409803240000 0.320224880000 0.854117860000 -2.001263940000
-0.163977440000 0.946962300000 -0.276358110000 0.691486890000
-0.897314160000 -0.026803610000 0.440577880000 1.018172100000
0.000000000000 0.000000000000 0.000000000000 1.000000000000
1 44 60
-0.595865310000 -0.803017880000 0.010335440000 1.017615200000
0.446545840000 -0.341993330000 -0.826823660000 2.849572640000
0.667488830000 -0.488060290000 0.562366260000 1.133215480000
0.000000000000 0.000000000000 0.000000000000 1.000000000000
1 45 60
-0.199912230000 0.612083620000 -0.765107010000 2.378654300000
0.042024410000 0.785507530000 0.617423570000 -1.711634300000
0.978912180000 0.091277350000 -0.182755020000 2.623916590000
0.000000000000 0.000000000000 0.000000000000 1.000000000000
1 46 60
-0.799779640000 -0.534956470000 0.272349210000 -0.476140540000
0.456214980000 -0.836537990000 -0.303433810000 1.648694690000
0.390154340000 -0.118430390000 0.913101220000 0.200969780000
0.000000000000 0.000000000000 0.000000000000 1.000000000000
1 47 60
0.374657940000 -0.904869060000 0.202097540000 0.677278360000
-0.903202300000 -0.405433970000 -0.140886120000 0.397102450000
0.209420690000 -0.129750860000 -0.969178870000 5.187631030000
0.000000000000 0.000000000000 0.000000000000 1.000000000000
1 48 60
-0.340700790000 0.119345930000 0.932566090000 -1.806366430000
0.162447780000 0.984464270000 -0.066639480000 0.299354110000
-0.926031150000 0.128789170000 -0.354795240000 3.195078490000
0.000000000000 0.000000000000 0.000000000000 1.000000000000
1 49 60
-0.316513250000 0.914417170000 -0.252310510000 0.873081240000
0.023939040000 0.273600550000 0.961545450000 -2.382094820000
0.948285970000 0.298301810000 -0.108488470000 3.116790180000
0.000000000000 0.000000000000 0.000000000000 1.000000000000
1 50 60
0.843437360000 0.505180240000 0.182774010000 -0.124321350000
-0.347031710000 0.772042140000 -0.532465890000 1.473487030000
-0.410100490000 0.385673250000 0.826482750000 0.801963270000
0.000000000000 0.000000000000 0.000000000000 1.000000000000
1 51 60
-0.968306590000 -0.238345630000 -0.074657290000 1.019133640000
-0.147629090000 0.305066320000 0.940818890000 -2.252355870000
-0.201464650000 0.922022720000 -0.330584480000 3.332757500000
0.000000000000 0.000000000000 0.000000000000 1.000000000000
1 52 60
0.358079680000 0.897549560000 0.257262000000 -0.665969380000
-0.926048500000 0.306220050000 0.220597970000 0.077840970000
0.119218830000 -0.317228740000 0.940825600000 0.459776470000
0.000000000000 0.000000000000 0.000000000000 1.000000000000
1 53 60
-0.219441310000 -0.780569000000 0.585284160000 -0.507082130000
-0.081873810000 0.612523900000 0.786200450000 -1.025579000000
-0.972184240000 0.124605410000 -0.198321210000 2.814249670000
0.000000000000 0.000000000000 0.000000000000 1.000000000000
1 54 60
-0.407428290000 0.715916570000 -0.566979420000 1.574598980000
-0.567246350000 0.288168300000 0.771485980000 -1.027582130000
0.715705090000 0.635942210000 0.288693140000 1.416172860000
0.000000000000 0.000000000000 0.000000000000 1.000000000000
1 55 60
0.778764070000 0.554706350000 0.292963130000 -0.014713450000
-0.626924660000 0.704706010000 0.332197110000 -0.758948000000
-0.022181030000 -0.442368980000 0.896558800000 0.452283430000
0.000000000000 0.000000000000 0.000000000000 1.000000000000
1 56 60
0.936168530000 -0.112712430000 0.332993070000 -0.013792720000
-0.308637980000 0.190001830000 0.932009600000 -1.287622320000
-0.168318360000 -0.975292370000 0.143086390000 2.101454660000
0.000000000000 0.000000000000 0.000000000000 1.000000000000
1 57 60
0.526135190000 0.416084770000 -0.741657080000 2.615278130000
-0.026083840000 -0.863820090000 -0.503124720000 0.798392750000
-0.850000820000 0.284056880000 -0.443633060000 3.097750960000
0.000000000000 0.000000000000 0.000000000000 1.000000000000
1 58 60
-0.356018390000 -0.687543930000 0.632877750000 -0.532288900000
0.614850920000 0.337658880000 0.712702480000 -1.221376790000
-0.703711060000 0.642860660000 0.302524250000 1.403416670000
0.000000000000 0.000000000000 0.000000000000 1.000000000000
1 59 60
-0.985180310000 0.118863590000 -0.123657610000 0.301912890000
0.109192210000 -0.121355330000 -0.986584990000 2.123127330000
-0.132275550000 -0.985466550000 0.106577900000 1.672782150000
0.000000000000 0.000000000000 0.000000000000 1.000000000000
2 4 60
0.853631070000 0.473544350000 0.216955630000 -1.473800050000
-0.239451000000 0.726657760000 -0.643919040000 1.331804680000
-0.462576710000 0.497719050000 0.733688310000 0.223896610000
0.000000000000 0.000000000000 0.000000000000 1.000000000000
2 5 60
-0.234492920000 -0.682191870000 -0.692551320000 1.508804800000
-0.442385660000 0.709258270000 -0.548860300000 1.246057740000
0.865625790000 0.177670920000 -0.468107940000 3.948471040000
0.000000000000 0.000000000000 0.000000000000 1.000000000000
2 6 60
-0.649721860000 0.706533230000 -0.280485830000 0.636583290000
0.288088270000 0.570309040000 0.769254670000 -2.684253930000
0.703467590000 0.418996900000 -0.574086180000 3.025467940000
0.000000000000 0.000000000000 0.000000000000 1.000000000000
2 7 60
-0.273932780000 0.453188830000 -0.848281040000 1.684975420000
-0.253919930000 0.816643270000 0.518284130000 -1.325592260000
0.927623580000 0.357370480000 -0.108631690000 2.203658990000
0.000000000000 0.000000000000 0.000000000000 1.000000000000
2 8 60
0.526693130000 0.320062780000 -0.787498680000 1.555781500000
-0.467812860000 -0.664364350000 -0.582898910000 1.466577510000
-0.709750290000 0.675410860000 -0.200186650000 2.760974110000
0.000000000000 0.000000000000 0.000000000000 1.000000000000
2 9 60
-0.441353520000 0.894566990000 -0.070405770000 -0.078738570000
-0.118846530000 0.019495430000 0.992721220000 -3.307377190000
0.889428230000 0.446508490000 0.097711810000 2.445888890000
0.000000000000 0.000000000000 0.000000000000 1.000000000000
2 10 60
-0.286414310000 0.924124630000 -0.252904140000 0.533049990000
-0.686784200000 -0.013972720000 0.726727070000 -2.481666080000
0.668052620000 0.381835600000 0.638676180000 0.892838230000
0.000000000000 0.000000000000 0.000000000000 1.000000000000
2 11 60
-0.237308560000 0.260795250000 0.935772670000 -2.489707970000
0.572343010000 0.815880160000 -0.082237680000 0.195444780000
-0.784925550000 0.516067240000 -0.342879680000 3.122845940000
0.000000000000 0.000000000000 0.000000000000 1.000000000000
2 12 60
0.893204050000 0.126932330000 0.431363770000 -1.382495820000
-0.154544010000 0.987547990000 0.029412690000 -0.151700240000
-0.422259000000 -0.092936220000 0.901698500000 0.271250830000
0.000000000000 0.000000000000 0.000000000000 1.000000000000
2 13 60
-0.369212210000 -0.531094900000 -0.762640510000 1.468489230000
0.719604830000 0.355914660000 -0.596232880000 1.342362080000
0.588091180000 -0.768936250000 0.250770420000 1.793259400000
0.000000000000 0.000000000000 0.000000000000 1.000000000000
2 14 60
0.797898520000 0.036809920000 -0.601666840000 1.499282420000
0.280543110000 -0.906121910000 0.316604880000 -0.725452850000
-0.533529300000 -0.421412060000 -0.733320090000 3.605422800000
0.000000000000 0.000000000000 0.000000000000 1.000000000000
2 15 60
0.748841230000 0.184834460000 0.636453480000 -1.146793840000
-0.303245470000 0.949458630000 0.081058620000 -0.123470820000
-0.589303820000 -0.253701670000 0.767043980000 0.949063820000
0.000000000000 0.000000000000 0.000000000000 1.000000000000
2 16 60
0.266361130000 0.758789440000 0.594382310000 -0.607883540000
-0.788658480000 -0.182953010000 0.586980410000 -1.816168390000
0.554138570000 -0.625113410000 0.549694150000 1.251650270000
0.000000000000 0.000000000000 0.000000000000 1.000000000000
2 17 60
0.999254430000 -0.038100520000 -0.006239600000 -0.238800420000
0.036998640000 0.898834950000 0.436722840000 -0.883662360000
-0.011030990000 -0.436628090000 0.899574470000 0.654927530000
0.000000000000 0.000000000000 0.000000000000 1.000000000000
2 18 60
0.995736166000 -0.065113258000 -0.065343329200 -0.001973418960
-0.092149757500 -0.669612494000 -0.736971865000 1.324499570000
0.004231929580 0.739850912000 -0.672757549000 3.257681560000
0.000000000000 0.000000000000 0.000000000000 1.000000000000
2 19 60
0.638900690000 0.592277790000 -0.490930670000 0.996885490000
-0.139051540000 -0.538738930000 -0.830918190000 1.069640930000
-0.756617850000 0.599138870000 -0.261843540000 2.381506270000
0.000000000000 0.000000000000 0.000000000000 1.000000000000
2 20 60
0.053350370000 -0.357658110000 -0.932327420000 0.605605330000
0.228239420000 -0.904574430000 0.360072040000 -0.156827500000
-0.972142220000 -0.232003850000 0.033372300000 2.053141130000
0.000000000000 0.000000000000 0.000000000000 1.000000000000
2 21 60
-0.629041910000 -0.651391500000 -0.424258630000 0.415169040000
-0.320289700000 0.714458010000 -0.622064510000 0.868412950000
0.708322520000 -0.255418980000 -0.658058020000 3.744298370000
0.000000000000 0.000000000000 0.000000000000 1.000000000000
2 22 60
0.044356290000 -0.271442810000 0.961431910000 -1.574068920000
0.976982230000 0.212792360000 0.015004340000 0.030839030000
-0.208658190000 0.938636360000 0.274633490000 2.479643570000
0.000000000000 0.000000000000 0.000000000000 1.000000000000
2 23 60
0.852794410000 0.474193380000 -0.218820350000 0.193684260000
-0.345562840000 0.826517250000 0.444359730000 -1.488759810000
0.391571230000 -0.303331310000 0.868712890000 0.755110580000
0.000000000000 0.000000000000 0.000000000000 1.000000000000
2 24 60
-0.806379490000 -0.326590520000 0.493042350000 -1.417674460000
0.485674560000 0.109997240000 0.867191350000 -1.553925640000
-0.337449770000 0.938743440000 0.069917190000 1.884699360000
0.000000000000 0.000000000000 0.000000000000 1.000000000000
2 25 60
-0.036428360000 -0.288267800000 0.956856650000 -1.680369700000
-0.132072150000 0.950482190000 0.281319300000 -0.513437890000
-0.990570500000 -0.116126110000 -0.072696650000 2.347983080000
0.000000000000 0.000000000000 0.000000000000 1.000000000000
2 26 60
-0.265146300000 -0.878305340000 0.397840630000 -0.972088930000
0.139003120000 0.373479700000 0.917164680000 -1.325156530000
-0.954136030000 0.298483910000 0.023060420000 1.947430820000
0.000000000000 0.000000000000 0.000000000000 1.000000000000
2 27 60
0.322445770000 0.162763140000 0.932489620000 -1.310414660000
-0.943151040000 0.139112320000 0.301850760000 -0.351782690000
-0.080590620000 -0.976809050000 0.198366400000 1.546645190000
0.000000000000 0.000000000000 0.000000000000 1.000000000000
2 28 60
-0.465166800000 0.843890050000 0.267337680000 -0.847053410000
-0.293050870000 -0.431773860000 0.853048950000 -1.210174200000
0.835308940000 0.318466520000 0.448149580000 1.385652100000
0.000000000000 0.000000000000 0.000000000000 1.000000000000
2 29 60
-0.773862140000 -0.499283850000 0.389683240000 -1.062573010000
0.573917610000 -0.292575220000 0.764864900000 -2.000657810000
-0.267873030000 0.815546060000 0.512960680000 1.593009770000
0.000000000000 0.000000000000 0.000000000000 1.000000000000
2 30 60
0.048021590000 0.756769890000 0.651915070000 -2.241020340000
0.049855050000 0.650038580000 -0.758264020000 1.584921640000
-0.997601320000 0.068914310000 -0.006512920000 2.410520310000
0.000000000000 0.000000000000 0.000000000000 1.000000000000
2 31 60
-0.957868040000 -0.287171460000 -0.004621900000 0.053673270000
-0.026093300000 0.103038280000 -0.994335080000 2.231386050000
0.286020890000 -0.952321200000 -0.106190320000 2.617583650000
0.000000000000 0.000000000000 0.000000000000 1.000000000000
2 32 60
0.615369095000 -0.264231971000 -0.742632037000 1.826938340000
-0.726547190000 -0.555520314000 -0.404383927000 0.002149088390
-0.305696020000 0.788402591000 -0.533827030000 3.311344400000
0.000000000000 0.000000000000 0.000000000000 1.000000000000
2 33 60
0.920871740000 0.186039140000 -0.342614480000 0.795681760000
-0.145625450000 0.979331620000 0.140366670000 -0.378754350000
0.361646890000 -0.079366310000 0.928930850000 0.036432990000
0.000000000000 0.000000000000 0.000000000000 1.000000000000
2 34 60
0.643300400000 -0.263604000000 0.718802840000 -2.632083280000
0.151245660000 0.964111410000 0.218206190000 -0.603896270000
-0.750526050000 -0.031656320000 0.660082220000 0.724624060000
0.000000000000 0.000000000000 0.000000000000 1.000000000000
2 35 60
0.193389000000 0.784894530000 -0.588677560000 1.105665660000
-0.961567590000 0.270821830000 0.045202980000 -0.837808000000
0.194906310000 0.557311500000 0.807103100000 -0.070978990000
0.000000000000 0.000000000000 0.000000000000 1.000000000000
2 36 60
-0.001780269540 0.903972036000 -0.427587872000 0.524302700000
0.132443469000 -0.423608579000 -0.896110763000 2.162469160000
-0.991188962000 -0.058226540000 -0.118971055000 3.005181350000
0.000000000000 0.000000000000 0.000000000000 1.000000000000
2 37 60
-0.729672070000 0.591382960000 0.343285400000 -0.447871290000
0.352818640000 -0.104433940000 0.929845450000 -2.032478610000
0.585745400000 0.799599740000 -0.132448400000 2.988959610000
0.000000000000 0.000000000000 0.000000000000 1.000000000000
2 38 60
-0.152378780000 0.280663900000 0.947633100000 -2.424454290000
-0.910036310000 0.334157090000 -0.245301740000 0.277542090000
-0.385505660000 -0.899759310000 0.204495890000 1.616140150000
0.000000000000 0.000000000000 0.000000000000 1.000000000000
2 39 60
0.981020665000 -0.090515900300 0.171479812000 -1.171843060000
0.111474366000 0.986878417000 -0.116809487000 0.100875142000
-0.158656610000 0.133708124000 0.978238324000 -0.001023294110
0.000000000000 0.000000000000 0.000000000000 1.000000000000
2 41 60
0.744259620000 0.649167720000 0.157031490000 -0.835645040000
-0.633191730000 0.760610910000 -0.143315310000 0.376723550000
-0.212475540000 0.007232760000 0.977139620000 0.234124860000
0.000000000000 0.000000000000 0.000000000000 1.000000000000
2 42 60
-0.702325540000 0.388931070000 0.596214270000 -1.366154020000
0.699878740000 0.224274740000 0.678137590000 -1.725162470000
0.130032980000 0.893551040000 -0.429718460000 3.009933580000
0.000000000000 0.000000000000 0.000000000000 1.000000000000
2 43 60
0.177118430000 0.207097610000 -0.962153650000 2.685103390000
0.307977490000 -0.940175160000 -0.145672720000 0.966265960000
-0.934761430000 -0.270520340000 -0.230303750000 2.437561710000
0.000000000000 0.000000000000 0.000000000000 1.000000000000
2 44 60
-0.682015000000 0.450529470000 -0.576089170000 1.469030240000
-0.266017750000 0.580936680000 0.769251020000 -2.553489730000
0.681241580000 0.677890680000 -0.276358700000 2.647102470000
0.000000000000 0.000000000000 0.000000000000 1.000000000000
2 45 60
0.751262930000 -0.653733970000 0.090751920000 -0.018865760000
-0.605909170000 -0.628620370000 0.487555650000 -1.185255400000
-0.261683190000 -0.421269900000 -0.868362580000 4.931567660000
0.000000000000 0.000000000000 0.000000000000 1.000000000000
2 46 60
-0.995740950000 -0.082513560000 -0.041127420000 -0.395140150000
0.087254040000 -0.987492520000 -0.131321170000 0.833644450000
-0.029777240000 -0.134350400000 0.990486390000 0.007045530000
0.000000000000 0.000000000000 0.000000000000 1.000000000000
2 47 60
0.852019120000 0.465284450000 0.239945410000 -0.678920810000
-0.428342690000 0.883102170000 -0.191449980000 0.022095810000
-0.300975010000 0.060340180000 0.951721130000 0.091600070000
0.000000000000 0.000000000000 0.000000000000 1.000000000000
2 48 60
0.481763580000 0.284819300000 -0.828723010000 2.034077220000
-0.350519210000 0.929387870000 0.115648070000 -0.430084910000
0.803143910000 0.234768300000 0.547579860000 1.337269730000
0.000000000000 0.000000000000 0.000000000000 1.000000000000
2 49 60
0.854318540000 0.311530250000 0.416039350000 -0.971724220000
0.137317310000 0.636731860000 -0.758759840000 1.517743200000
-0.501282150000 0.705352000000 0.501193330000 0.822068530000
0.000000000000 0.000000000000 0.000000000000 1.000000000000
2 50 60
0.883483420000 0.453714060000 -0.116621580000 -0.030754600000
-0.466568800000 0.829849460000 -0.306044830000 0.664854080000
-0.042078480000 0.324797520000 0.944847060000 0.412590850000
0.000000000000 0.000000000000 0.000000000000 1.000000000000
2 51 60
0.822620600000 -0.526779450000 -0.214006440000 0.021206910000
0.088618770000 0.490564100000 -0.866887290000 1.779130960000
0.561642290000 0.694154360000 0.450230680000 1.198618240000
0.000000000000 0.000000000000 0.000000000000 1.000000000000
2 52 60
-0.825810010000 -0.422870830000 0.373119400000 -0.582567380000
0.374873660000 0.082667390000 0.923382820000 -2.431108870000
-0.421316460000 0.902411420000 0.090255580000 2.570310610000
0.000000000000 0.000000000000 0.000000000000 1.000000000000
2 53 60
0.965184370000 -0.125133830000 -0.229696880000 0.225128180000
-0.218023050000 -0.870038200000 -0.442153240000 0.884665030000
-0.144516730000 0.476838610000 -0.867029330000 4.219759330000
0.000000000000 0.000000000000 0.000000000000 1.000000000000
2 54 60
0.531822210000 0.513621730000 0.673318540000 -1.648532550000
-0.844475400000 0.381220380000 0.376207820000 -0.666827180000
-0.063454250000 -0.768676620000 0.636482380000 0.884397080000
0.000000000000 0.000000000000 0.000000000000 1.000000000000
2 55 60
-0.565063760000 0.721046370000 -0.400992620000 0.534164220000
-0.549815400000 0.033280630000 0.834622930000 -1.968111550000
0.615147120000 0.692087080000 0.377636720000 1.834935280000
0.000000000000 0.000000000000 0.000000000000 1.000000000000
2 56 60
0.769553190000 0.190950620000 -0.609365040000 1.039422120000
0.287854680000 -0.955526400000 0.064101360000 -0.154902000000
-0.570024190000 -0.224737980000 -0.790294410000 3.591354460000
0.000000000000 0.000000000000 0.000000000000 1.000000000000
2 57 60
0.243918940000 -0.968459180000 -0.050895610000 -0.273226410000
0.583424190000 0.104616490000 0.805401520000 -1.667948080000
-0.774673970000 -0.226146410000 0.590540460000 0.936891050000
0.000000000000 0.000000000000 0.000000000000 1.000000000000
2 58 60
0.404218410000 -0.728905560000 -0.552543350000 0.656490360000
0.670165330000 -0.175104420000 0.721260610000 -1.356468230000
-0.622483660000 -0.661842220000 0.417706810000 1.791727390000
0.000000000000 0.000000000000 0.000000000000 1.000000000000
2 59 60
0.400093460000 0.569763890000 -0.717840050000 1.607545200000
-0.574330100000 0.766257730000 0.288086840000 -1.156361920000
0.714191960000 0.297015480000 0.633807260000 1.268300380000
0.000000000000 0.000000000000 0.000000000000 1.000000000000
3 6 60
-0.051163940000 0.166371510000 -0.984734870000 2.056678370000
-0.096919340000 0.980544950000 0.170699270000 -0.332175200000
0.993976300000 0.104173500000 -0.034043930000 2.212353970000
0.000000000000 0.000000000000 0.000000000000 1.000000000000
3 7 60
-0.013414830000 -0.476926140000 0.878841000000 -2.277128050000
0.447644200000 0.783058460000 0.431780180000 -0.984152330000
-0.894111130000 0.399200340000 0.202988630000 2.670033750000
0.000000000000 0.000000000000 0.000000000000 1.000000000000
3 8 60
-0.794633140000 -0.158490260000 0.586036700000 -1.500118200000
-0.068116990000 -0.935948880000 -0.345484840000 1.815821840000
0.603256370000 -0.314452750000 0.732940120000 1.475962710000
0.000000000000 0.000000000000 0.000000000000 1.000000000000
3 10 60
-0.914502235000 0.243073499000 0.323420680000 -1.160342440000
0.326943045000 0.914878486000 0.236866210000 0.001248851930
-0.238314724000 0.322354820000 -0.916129610000 4.741864250000
0.000000000000 0.000000000000 0.000000000000 1.000000000000
3 11 60
0.951558620000 0.076582560000 0.297777280000 -1.043676160000
-0.278011620000 0.627955170000 0.726898780000 -1.234803700000
-0.131323010000 -0.774472350000 0.618826990000 0.907023210000
0.000000000000 0.000000000000 0.000000000000 1.000000000000
3 12 60
0.890250570000 0.207632650000 0.405391920000 -0.863621540000
-0.446242700000 0.575868890000 0.685012750000 -0.562808850000
-0.091221580000 -0.790736180000 0.605322160000 1.129326310000
0.000000000000 0.000000000000 0.000000000000 1.000000000000
3 15 60
0.963505340000 -0.166760200000 -0.209400300000 0.213070170000
0.213705440000 0.008099050000 0.976864570000 -1.291506320000
-0.161206190000 -0.985964220000 0.043441040000 1.864864280000
0.000000000000 0.000000000000 0.000000000000 1.000000000000
3 16 60
0.900745150000 -0.349075110000 0.258466120000 -0.752308250000
-0.290537700000 -0.041883990000 0.955946430000 -1.350639120000
-0.322871520000 -0.936158260000 -0.139146280000 2.400756710000
0.000000000000 0.000000000000 0.000000000000 1.000000000000
3 18 60
0.266148790000 -0.638524590000 0.722115760000 -0.975035900000
-0.056770840000 0.737451970000 0.673009410000 -0.556612630000
-0.962258750000 -0.220115760000 0.160022370000 2.519574830000
0.000000000000 0.000000000000 0.000000000000 1.000000000000
3 19 60
0.036774060000 -0.994344790000 -0.099629810000 0.755602920000
-0.093020160000 -0.102670380000 0.990356520000 -0.940725970000
-0.994984880000 -0.027151850000 -0.096269720000 2.772620650000
0.000000000000 0.000000000000 0.000000000000 1.000000000000
3 20 60
0.956357550000 0.252691510000 -0.146721610000 0.477902800000
-0.241216250000 0.399359950000 -0.884492140000 1.741208180000
-0.164908920000 0.881282380000 0.442884200000 1.571415970000
0.000000000000 0.000000000000 0.000000000000 1.000000000000
3 21 60
-0.722833160000 0.675302710000 0.146555340000 -0.625509350000
0.531039410000 0.407142140000 0.743123430000 0.019170970000
0.442164410000 0.614980920000 -0.652908190000 3.707060230000
0.000000000000 0.000000000000 0.000000000000 1.000000000000
3 23 60
0.705657270000 -0.590902500000 0.391001340000 -0.723577810000
-0.128266500000 0.436181910000 0.890670000000 -1.279189390000
-0.696846840000 -0.678660130000 0.232001940000 1.776239190000
0.000000000000 0.000000000000 0.000000000000 1.000000000000
3 25 60
-0.458170980000 -0.631583250000 -0.625445400000 1.362035820000
0.544098340000 0.357133600000 -0.759218410000 2.027117040000
0.702877200000 -0.688155650000 0.180015140000 2.372624710000
0.000000000000 0.000000000000 0.000000000000 1.000000000000
3 26 60
0.961717450000 0.104588910000 -0.253299620000 0.641590280000
-0.233498420000 -0.171099650000 -0.957185140000 2.543684900000
-0.143450430000 0.979686720000 -0.140128170000 2.857311220000
0.000000000000 0.000000000000 0.000000000000 1.000000000000
3 27 60
0.672615050000 0.120589210000 0.730100840000 -1.286019840000
-0.714195140000 -0.152453560000 0.683142160000 -0.492021490000
0.193686050000 -0.980926170000 -0.016418330000 2.308179580000
0.000000000000 0.000000000000 0.000000000000 1.000000000000
3 28 60
0.898838990000 -0.044236190000 0.436040860000 -1.122020740000
-0.437543300000 -0.148190120000 0.886902220000 -0.828134350000
0.025383770000 -0.987969050000 -0.152554310000 3.549464960000
0.000000000000 0.000000000000 0.000000000000 1.000000000000
3 30 60
-0.640069660000 -0.337090090000 -0.690420960000 1.437735310000
0.260196460000 0.750412440000 -0.607601000000 1.797121420000
0.722916750000 -0.568552050000 -0.392606590000 3.565108030000
0.000000000000 0.000000000000 0.000000000000 1.000000000000
3 31 60
-0.168342600000 -0.881957790000 0.440239960000 -1.803193250000
-0.371653180000 -0.356864330000 -0.857042450000 2.495602120000
0.912981210000 -0.307893340000 -0.267706950000 3.454125640000
0.000000000000 0.000000000000 0.000000000000 1.000000000000
3 32 60
0.852384900000 -0.331332970000 0.404547210000 -1.327535570000
0.113103650000 -0.638505860000 -0.761260680000 2.338927230000
0.510536530000 0.694642880000 -0.506777790000 3.951778330000
0.000000000000 0.000000000000 0.000000000000 1.000000000000
3 34 60
0.996349190000 0.084779880000 0.010033150000 0.379553000000
-0.085352290000 0.986729100000 0.138132820000 0.062188880000
0.001810880000 -0.138484880000 0.990362890000 -0.021787750000
0.000000000000 0.000000000000 0.000000000000 1.000000000000
3 35 60
0.617837660000 0.170641660000 -0.767566320000 1.428165020000
-0.167333010000 0.982341250000 0.083697930000 -0.357558570000
0.768294410000 0.076727450000 0.635481390000 0.987761730000
0.000000000000 0.000000000000 0.000000000000 1.000000000000
3 36 60
-0.140219790000 0.880093840000 -0.453622350000 1.257006520000
-0.024475900000 0.454927610000 0.890192000000 -1.272987380000
0.989817830000 0.135925350000 -0.042248770000 2.678583540000
0.000000000000 0.000000000000 0.000000000000 1.000000000000
3 37 60
0.141633870000 0.728474110000 -0.670272570000 1.468432880000
0.058802910000 0.669711390000 0.740289720000 -0.765770780000
0.988171070000 -0.144264070000 0.052017420000 2.030623060000
0.000000000000 0.000000000000 0.000000000000 1.000000000000
3 38 60
0.789539400000 0.603493220000 -0.111460600000 0.462479270000
-0.312997440000 0.552205160000 0.772723800000 -0.894343430000
0.527882690000 -0.575209000000 0.624879570000 1.003150550000
0.000000000000 0.000000000000 0.000000000000 1.000000000000
3 39 60
0.675030870000 -0.180403860000 0.715393440000 -2.355680820000
-0.506142080000 0.592257800000 0.626937710000 -1.257635510000
-0.536799330000 -0.785293030000 0.308482310000 1.656762520000
0.000000000000 0.000000000000 0.000000000000 1.000000000000
3 40 60
0.756001110000 -0.246791540000 0.606264180000 -2.130712850000
0.153748150000 0.967239660000 0.202012250000 -0.061679460000
-0.636257670000 -0.059509490000 0.769178000000 0.835809090000
0.000000000000 0.000000000000 0.000000000000 1.000000000000
3 41 60
0.688532600000 -0.320681560000 0.650450770000 -2.511384130000
0.066498050000 0.921058810000 0.383703890000 -0.207371440000
-0.722150170000 -0.220938930000 0.655503710000 0.907935770000
0.000000000000 0.000000000000 0.000000000000 1.000000000000
3 42 60
0.251847540000 -0.400180170000 0.881151890000 -2.853567360000
0.044577290000 0.914330640000 0.402507570000 -0.275056770000
-0.966739720000 -0.062091180000 0.248110870000 1.848452240000
0.000000000000 0.000000000000 0.000000000000 1.000000000000
3 46 60
0.783676100000 0.034263820000 0.620223970000 -1.619301760000
-0.141524240000 0.982066090000 0.124567620000 -0.153969450000
-0.604832760000 -0.185397400000 0.774470880000 0.425276580000
0.000000000000 0.000000000000 0.000000000000 1.000000000000
3 47 60
-0.055028720000 -0.126991090000 -0.990376240000 2.104745860000
0.659506910000 0.740099230000 -0.131543770000 1.110346920000
0.749681580000 -0.660398660000 0.043024790000 2.906848920000
0.000000000000 0.000000000000 0.000000000000 1.000000000000
3 48 60
0.198476590000 0.330283440000 -0.922778360000 2.519884950000
0.166816070000 -0.939155510000 -0.300265420000 1.668850290000
-0.965805070000 -0.094338600000 -0.241496970000 2.734331880000
0.000000000000 0.000000000000 0.000000000000 1.000000000000
3 49 60
-0.031998380000 -0.342386610000 -0.939014120000 1.565775530000
0.517551590000 0.798054210000 -0.308625700000 1.235625790000
0.855053480000 -0.495863770000 0.151666290000 2.804531430000
0.000000000000 0.000000000000 0.000000000000 1.000000000000
3 50 60
0.224064350000 -0.659385230000 0.717639390000 -2.521735020000
-0.339387880000 0.637475760000 0.691693950000 -1.011568620000
-0.913570480000 -0.398542070000 -0.080951760000 2.926900900000
0.000000000000 0.000000000000 0.000000000000 1.000000000000
3 51 60
-0.153030010000 -0.414573230000 0.897056770000 -2.576267530000
0.501454220000 0.749623910000 0.431981080000 -1.091017060000
-0.851543000000 0.515938970000 0.093174540000 2.820991530000
0.000000000000 0.000000000000 0.000000000000 1.000000000000
3 52 60
0.680509950000 -0.081898520000 0.728147540000 -1.748571850000
0.100084200000 -0.974031470000 -0.203090740000 1.212730380000
0.725871450000 0.211081330000 -0.654641360000 3.460181920000
0.000000000000 0.000000000000 0.000000000000 1.000000000000
3 53 60
-0.772644110000 0.215810540000 -0.597031730000 1.427095300000
-0.491940000000 0.390901140000 0.777940450000 -0.587568550000
0.401268130000 0.894774890000 -0.195861630000 2.517064310000
0.000000000000 0.000000000000 0.000000000000 1.000000000000
3 54 60
0.503434970000 -0.830156420000 0.239569500000 -1.189890260000
-0.077843430000 0.232563620000 0.969460970000 -1.822242110000
-0.860519400000 -0.506709460000 0.052458440000 2.770882330000
0.000000000000 0.000000000000 0.000000000000 1.000000000000
3 55 60
0.441539540000 -0.873807670000 0.203722830000 -0.584340130000
-0.887690490000 -0.458471660000 -0.042536270000 0.550641870000
0.130569660000 -0.162061380000 -0.978104120000 5.000454410000
0.000000000000 0.000000000000 0.000000000000 1.000000000000
3 56 60
0.215409020000 -0.579966900000 0.785644540000 -1.502459750000
-0.178454570000 0.767604640000 0.615578650000 -0.349165880000
-0.960079640000 -0.272803060000 0.061851210000 2.457661840000
0.000000000000 0.000000000000 0.000000000000 1.000000000000
3 57 60
0.028795410000 -0.859926210000 -0.509605470000 0.729895300000
-0.193241570000 0.495410390000 -0.846892110000 2.568812930000
0.980728570000 0.122863570000 -0.151907940000 2.917073940000
0.000000000000 0.000000000000 0.000000000000 1.000000000000
3 58 60
0.145393020000 -0.986528300000 -0.074985160000 0.072915940000
0.220543410000 0.106200160000 -0.969578330000 2.490846310000
0.964479900000 0.124432440000 0.233013080000 1.674030790000
0.000000000000 0.000000000000 0.000000000000 1.000000000000
3 59 60
-0.877189600000 0.301569400000 0.373623210000 -1.423965850000
0.475648720000 0.652020460000 0.590446970000 -0.443549540000
-0.065549240000 0.695647340000 -0.715386660000 4.444886840000
0.000000000000 0.000000000000 0.000000000000 1.000000000000
4 6 60
0.996732270000 0.005268920000 -0.080604090000 0.221935420000
-0.007178630000 0.999699920000 -0.023421050000 -0.084000050000
0.080456500000 0.023923140000 0.996470990000 -0.051356550000
0.000000000000 0.000000000000 0.000000000000 1.000000000000
4 7 60
0.999737330000 -0.016737540000 -0.015656480000 0.043686200000
0.017738190000 0.997653810000 0.066122930000 -0.122071190000
0.014513010000 -0.066383280000 0.997688650000 0.190288610000
0.000000000000 0.000000000000 0.000000000000 1.000000000000
4 8 60
-0.675941600000 0.649279520000 0.348624510000 -1.509176000000
-0.431933930000 0.034249300000 -0.901254720000 2.469246780000
-0.597106380000 -0.759778310000 0.257295330000 1.799035070000
0.000000000000 0.000000000000 0.000000000000 1.000000000000
4 9 60
-0.241927990000 0.024623210000 0.969981720000 -2.518136190000
-0.792026280000 0.572466920000 -0.212075440000 0.340904440000
-0.560504430000 -0.819558000000 -0.118993540000 2.391774980000
0.000000000000 0.000000000000 0.000000000000 1.000000000000
4 10 60
0.907497000000 0.404843230000 0.112031920000 0.061991180000
-0.163958540000 0.095836730000 0.981800850000 -2.465899770000
0.386738660000 -0.909349920000 0.153349050000 2.050017530000
0.000000000000 0.000000000000 0.000000000000 1.000000000000
4 11 60
0.665733130000 0.744708220000 -0.047000640000 0.205707570000
0.375084370000 -0.279525510000 0.883842300000 -1.624643030000
0.645066750000 -0.606032300000 -0.465417810000 3.531338700000
0.000000000000 0.000000000000 0.000000000000 1.000000000000
4 12 60
-0.928101100000 0.180214310000 -0.325808470000 0.354404160000
0.063727620000 0.939032300000 0.337871480000 -0.113090390000
0.366833950000 0.292815890000 -0.883001530000 4.039060320000
0.000000000000 0.000000000000 0.000000000000 1.000000000000
4 13 60
-0.884821840000 -0.203933550000 -0.418928880000 0.149372580000
0.101582180000 -0.961930690000 0.253713260000 -0.289864780000
-0.454721190000 0.181935330000 0.871853300000 0.076509870000
0.000000000000 0.000000000000 0.000000000000 1.000000000000
4 14 60
-0.853137280000 -0.263917010000 -0.450005100000 1.575782740000
-0.293640920000 -0.470044870000 0.832365800000 -1.359737380000
-0.431198080000 0.842262210000 0.323515970000 2.407673300000
0.000000000000 0.000000000000 0.000000000000 1.000000000000
4 15 60
-0.934067730000 -0.224198910000 -0.277943030000 1.208177680000
-0.104407470000 -0.572866840000 0.812971500000 -1.689918480000
-0.341491670000 0.788389780000 0.511688380000 2.073265270000
0.000000000000 0.000000000000 0.000000000000 1.000000000000
4 16 60
0.847191100000 0.531160330000 0.011659840000 0.382759670000
0.287008570000 -0.476021470000 0.831281920000 -0.872318770000
0.447094310000 -0.700908170000 -0.555728720000 3.417696000000
0.000000000000 0.000000000000 0.000000000000 1.000000000000
4 18 60
-0.403486100000 0.740962700000 0.536817700000 0.075568480000
0.783986180000 0.582466170000 -0.214706370000 0.886660340000
-0.471767560000 0.334226630000 -0.815921520000 4.310599720000
0.000000000000 0.000000000000 0.000000000000 1.000000000000
4 19 60
0.846347420000 0.171432660000 0.504288490000 0.556182280000
-0.395760660000 0.836050890000 0.379990000000 -0.207408510000
-0.356468150000 -0.521181110000 0.775435820000 2.236091250000
0.000000000000 0.000000000000 0.000000000000 1.000000000000
4 20 60
0.581603820000 0.688986200000 -0.432475440000 1.829888960000
0.806463450000 -0.557994340000 0.195599130000 0.245484700000
-0.106553750000 -0.462536840000 -0.880173830000 4.457696840000
0.000000000000 0.000000000000 0.000000000000 1.000000000000
4 21 60
-0.765136550000 -0.641072960000 -0.059929300000 -0.477335250000
0.639615560000 -0.767463330000 0.043496820000 0.769435630000
-0.073878170000 -0.005050710000 0.997254480000 0.445441110000
0.000000000000 0.000000000000 0.000000000000 1.000000000000
4 22 60
-0.453803420000 -0.645739110000 0.614071220000 -1.849577780000
-0.696914430000 0.686626950000 0.207011370000 0.276535800000
-0.555313180000 -0.334012630000 -0.761618560000 2.897958460000
0.000000000000 0.000000000000 0.000000000000 1.000000000000
4 26 60
0.930459420000 -0.220667840000 0.292490990000 -0.763342370000
0.286597260000 0.935689060000 -0.205786280000 0.745515940000
-0.228270210000 0.275302900000 0.933863490000 0.086789280000
0.000000000000 0.000000000000 0.000000000000 1.000000000000
4 27 60
0.249094530000 0.695931880000 -0.673521140000 2.022556410000
-0.831543730000 0.510193030000 0.219631720000 0.168332460000
0.496474510000 0.505353220000 0.705784090000 1.714556630000
0.000000000000 0.000000000000 0.000000000000 1.000000000000
4 30 60
0.937829410000 0.200721340000 -0.283172980000 1.433734030000
-0.346857440000 0.511685930000 -0.786045430000 1.961827940000
-0.012880470000 0.835397180000 0.549495810000 1.144409150000
0.000000000000 0.000000000000 0.000000000000 1.000000000000
4 31 60
-0.027535490000 0.823221570000 -0.567052070000 1.538369610000
0.270573050000 0.552229370000 0.788563850000 -1.685029440000
0.962305580000 -0.131715520000 -0.237947480000 3.026318970000
0.000000000000 0.000000000000 0.000000000000 1.000000000000
4 33 60
-0.984782340000 -0.079222040000 -0.154685490000 -0.081696230000
-0.161258840000 0.748410780000 0.643332640000 -1.382401490000
0.064802160000 0.658487030000 -0.749796980000 4.055791850000
0.000000000000 0.000000000000 0.000000000000 1.000000000000
4 34 60
-0.390004720000 0.910838380000 0.135165680000 0.426318490000
0.908736030000 0.404416270000 -0.103180980000 0.299481910000
-0.148644400000 0.082588850000 -0.985435910000 5.412121670000
0.000000000000 0.000000000000 0.000000000000 1.000000000000
4 35 60
-0.018011188800 0.033143952900 -0.999288284000 3.785321580000
-0.917387707000 -0.397980745000 0.003334961680 -0.325350778000
-0.397586963000 0.916794854000 0.037573961300 2.063560140000
0.000000000000 0.000000000000 0.000000000000 1.000000000000
4 36 60
0.337132980000 0.203762220000 -0.919142160000 2.190328640000
-0.160133240000 0.974482240000 0.157295000000 -0.166960040000
0.927738490000 0.094155880000 0.361159210000 1.832721220000
0.000000000000 0.000000000000 0.000000000000 1.000000000000
4 37 60
0.403684360000 -0.874277170000 0.269589260000 -0.830250010000
-0.277230860000 -0.397704620000 -0.874627970000 2.650023920000
0.871884160000 0.278335170000 -0.402923750000 3.900128540000
0.000000000000 0.000000000000 0.000000000000 1.000000000000
4 38 60
0.707307990000 -0.125589050000 0.695659970000 -2.031985760000
-0.071209460000 -0.991744480000 -0.106640070000 0.690069600000
0.703309760000 0.025889800000 -0.710411920000 4.170976350000
0.000000000000 0.000000000000 0.000000000000 1.000000000000
4 40 60
0.337350090000 0.625702990000 -0.703342510000 1.799262710000
0.701184160000 0.331504280000 0.631225540000 -1.078988400000
0.628120760000 -0.706116620000 -0.326900030000 3.543038110000
0.000000000000 0.000000000000 0.000000000000 1.000000000000
4 41 60
0.920518530000 -0.241775880000 0.306904000000 0.369115060000
0.182216660000 0.960535180000 0.210164820000 0.043124640000
-0.345604870000 -0.137537590000 0.928246020000 0.312774820000
0.000000000000 0.000000000000 0.000000000000 1.000000000000
4 44 60
-0.732454660000 0.081306250000 -0.675943380000 2.049754980000
-0.283873100000 0.865946960000 0.411766840000 -1.182920000000
0.618810330000 0.493482690000 -0.611186230000 4.578045480000
0.000000000000 0.000000000000 0.000000000000 1.000000000000
4 46 60
0.950179520000 0.010254030000 -0.311534470000 1.065648530000
-0.029555680000 0.997919500000 -0.057298650000 0.229276860000
0.310298780000 0.063651620000 0.948505740000 0.273019020000
0.000000000000 0.000000000000 0.000000000000 1.000000000000
4 47 60
0.701352850000 0.393545550000 -0.594328260000 2.128544420000
-0.343216320000 0.917206430000 0.202323810000 -0.261363140000
0.624745330000 0.062082780000 0.778356600000 1.199502930000
0.000000000000 0.000000000000 0.000000000000 1.000000000000
4 48 60
0.284514730000 0.952342590000 0.109977140000 0.611242340000
0.661853540000 -0.278120120000 0.696131520000 -1.125177410000
0.693542550000 -0.125270910000 -0.709440580000 5.083660050000
0.000000000000 0.000000000000 0.000000000000 1.000000000000
4 49 60
-0.535809200000 0.618326890000 -0.574961170000 1.881321800000
0.249113590000 0.766415990000 0.592071740000 -1.138007870000
0.806753320000 0.174006840000 -0.564686380000 4.330358920000
0.000000000000 0.000000000000 0.000000000000 1.000000000000
4 50 60
-0.457385770000 0.604336480000 -0.652361620000 1.840431190000
0.786502940000 -0.067423300000 -0.613895120000 1.827350150000
-0.414983580000 -0.793871230000 -0.444473960000 3.652656010000
0.000000000000 0.000000000000 0.000000000000 1.000000000000
4 51 60
0.780927040000 0.366524970000 0.505779000000 -1.679714220000
-0.459145850000 0.885831820000 0.066985640000 0.451470650000
-0.423483230000 -0.284537230000 0.860058440000 0.881751860000
0.000000000000 0.000000000000 0.000000000000 1.000000000000
4 52 60
-0.344320500000 0.223413110000 0.911882650000 -1.137166500000
-0.032383010000 -0.973522160000 0.226287320000 0.030605320000
0.938293520000 0.048385860000 0.342438430000 1.501851200000
0.000000000000 0.000000000000 0.000000000000 1.000000000000
4 53 60
-0.989379780000 -0.005219540000 0.145259810000 0.504806150000
0.078024870000 0.824098250000 0.561047410000 -0.831759880000
-0.122636770000 0.566422840000 -0.814938890000 4.193157840000
0.000000000000 0.000000000000 0.000000000000 1.000000000000
4 54 60
0.805882210000 -0.036251640000 0.590965050000 -2.028082870000
-0.554316470000 0.304545080000 0.774587340000 -1.200304260000
-0.208055560000 -0.951807810000 0.225332580000 1.682074570000
0.000000000000 0.000000000000 0.000000000000 1.000000000000
4 55 60
-0.946216480000 0.054312110000 -0.318942880000 0.627453710000
0.308393290000 0.449454030000 -0.838382160000 2.085454450000
0.097815850000 -0.891650870000 -0.442030300000 3.826464650000
0.000000000000 0.000000000000 0.000000000000 1.000000000000
4 56 60
-0.871582730000 0.462379040000 0.162939160000 -0.887644080000
0.418793250000 0.875004570000 -0.242856360000 1.172193770000
-0.254864200000 -0.143431590000 -0.956280090000 3.643276970000
0.000000000000 0.000000000000 0.000000000000 1.000000000000
4 59 60
-0.562378490000 -0.594132920000 0.575096950000 -2.183456670000
0.083333080000 0.651237890000 0.754284300000 -0.970418200000
-0.822670060000 0.472117870000 -0.316731250000 2.622824010000
0.000000000000 0.000000000000 0.000000000000 1.000000000000
5 7 60
-0.057439600000 0.150283020000 -0.986973000000 2.138925050000
-0.292151310000 0.942798150000 0.160559210000 -0.310651680000
0.954645640000 0.297567910000 -0.010248570000 1.698706680000
0.000000000000 0.000000000000 0.000000000000 1.000000000000
5 8 60
0.169525000000 -0.972665000000 -0.158694920000 0.265530920000
-0.930407160000 -0.211051830000 0.299665890000 -1.562641130000
-0.324967370000 0.096850030000 -0.940753040000 4.986853390000
0.000000000000 0.000000000000 0.000000000000 1.000000000000
5 9 60
-0.106494110000 -0.994185050000 -0.015971360000 -0.555689580000
0.835482260000 -0.080762330000 -0.543550210000 1.381038700000
0.539099610000 -0.071228690000 0.839224690000 0.868252910000
0.000000000000 0.000000000000 0.000000000000 1.000000000000
5 10 60
0.217684060000 0.222888700000 -0.950228540000 2.250319840000
0.365094720000 -0.921491690000 -0.132510010000 -0.512544860000
-0.905162690000 -0.318078110000 -0.281969540000 3.606263470000
0.000000000000 0.000000000000 0.000000000000 1.000000000000
5 11 60
0.290186740000 -0.690342810000 -0.662735590000 0.968753170000
0.943772630000 0.321066270000 0.078801420000 -0.359426920000
0.158382050000 -0.648338840000 0.744695830000 0.459418760000
0.000000000000 0.000000000000 0.000000000000 1.000000000000
5 12 60
-0.899150710000 -0.428328530000 -0.089792410000 0.062438350000
0.242493720000 -0.316817490000 -0.916964270000 0.721633690000
0.364314150000 -0.846263170000 0.388733640000 1.728706900000
0.000000000000 0.000000000000 0.000000000000 1.000000000000
5 13 60
-0.695842330000 0.368878010000 0.616224360000 -1.848551720000
-0.621011530000 0.121960390000 -0.774254710000 1.363289110000
-0.360760490000 -0.921441630000 0.144212300000 2.291149790000
0.000000000000 0.000000000000 0.000000000000 1.000000000000
5 14 60
0.044198950000 -0.378282920000 -0.924634250000 0.857798060000
-0.980820620000 -0.192302750000 0.031789440000 -0.568703910000
-0.189835100000 0.905495270000 -0.379527260000 3.782538510000
0.000000000000 0.000000000000 0.000000000000 1.000000000000
5 15 60
0.547649480000 0.436928150000 -0.713564180000 1.905758040000
0.063229510000 -0.871996450000 -0.485411400000 -0.487437190000
-0.834315340000 0.220716980000 -0.505175150000 3.816134910000
0.000000000000 0.000000000000 0.000000000000 1.000000000000
5 16 60
-0.349816290000 -0.863980410000 -0.362169060000 -0.073823620000
-0.932136320000 0.359608130000 0.042472110000 -0.540612740000
0.093543860000 0.352448370000 -0.931144290000 4.706804030000
0.000000000000 0.000000000000 0.000000000000 1.000000000000
5 18 60
-0.412809680000 0.570709830000 0.709843970000 -1.694101980000
-0.759412900000 0.214621070000 -0.614190390000 1.191349550000
-0.502871970000 -0.792608410000 0.344806750000 1.634010780000
0.000000000000 0.000000000000 0.000000000000 1.000000000000
5 19 60
-0.595524030000 0.621146970000 0.509438490000 0.205976020000
0.204057930000 0.730316560000 -0.651918770000 -0.364499630000
-0.776988730000 -0.284278330000 -0.561671030000 3.440337400000
0.000000000000 0.000000000000 0.000000000000 1.000000000000
5 20 60
-0.778667130000 0.625044380000 -0.054745100000 0.206585360000
-0.018953090000 -0.110643710000 -0.993679400000 -0.089697020000
-0.627150930000 -0.772707900000 0.098001140000 2.897178990000
0.000000000000 0.000000000000 0.000000000000 1.000000000000
5 21 60
0.820774010000 0.254370230000 -0.511493700000 0.982236140000
0.320024460000 0.536946830000 0.780559060000 -0.395362540000
0.473195910000 -0.804353090000 0.359307310000 2.545988230000
0.000000000000 0.000000000000 0.000000000000 1.000000000000
5 22 60
0.076401790000 0.701981030000 0.708085730000 -1.338700650000
0.513690910000 0.580947090000 -0.631365290000 1.154271440000
-0.854566800000 0.411974640000 -0.316215880000 3.126777770000
0.000000000000 0.000000000000 0.000000000000 1.000000000000
5 23 60
-0.184459050000 -0.665221030000 -0.723502480000 0.946327800000
-0.704179650000 -0.424086690000 0.569457200000 -1.292296430000
-0.685642680000 0.614517250000 -0.390208480000 3.158639490000
0.000000000000 0.000000000000 0.000000000000 1.000000000000
5 24 60
-0.283178030000 -0.955084740000 -0.087311750000 -0.140889070000
-0.892478540000 0.295753020000 -0.340605660000 0.265145260000
0.351129980000 -0.018528180000 -0.936143390000 4.641734080000
0.000000000000 0.000000000000 0.000000000000 1.000000000000
5 25 60
-0.625998510000 0.177271260000 0.759408170000 -2.382634230000
-0.425204450000 -0.893914720000 -0.141836720000 0.015755300000
0.653702560000 -0.411693310000 0.634965810000 1.035814650000
0.000000000000 0.000000000000 0.000000000000 1.000000000000
5 26 60
-0.907615990000 -0.100174390000 0.407674270000 -1.142699040000
-0.203209130000 -0.744919980000 -0.635452810000 1.898768940000
0.367340810000 -0.659590260000 0.655744930000 1.213903080000
0.000000000000 0.000000000000 0.000000000000 1.000000000000
5 27 60
0.956418510000 -0.271425310000 0.107665840000 -0.286740270000
0.146556640000 0.127297380000 -0.980977330000 0.400280840000
0.252556490000 0.954004030000 0.161528750000 2.630357030000
0.000000000000 0.000000000000 0.000000000000 1.000000000000
5 28 60
-0.439756640000 -0.374967840000 -0.816096330000 0.976154200000
-0.763936660000 -0.321625900000 0.559426100000 -0.827005110000
-0.472244510000 0.869457250000 -0.145014550000 2.923889300000
0.000000000000 0.000000000000 0.000000000000 1.000000000000
5 29 60
-0.605672150000 -0.477235890000 -0.636715910000 0.845644530000
-0.758176080000 0.588992360000 0.279744600000 -0.318393860000
0.241516640000 0.652176290000 -0.718565100000 4.152811200000
0.000000000000 0.000000000000 0.000000000000 1.000000000000
5 30 60
0.935648980000 -0.020700080000 -0.352324430000 0.552534910000
-0.009131510000 0.996524450000 -0.082798750000 0.081212670000
0.352813850000 0.080687810000 0.932208060000 -0.048035400000
0.000000000000 0.000000000000 0.000000000000 1.000000000000
5 31 60
-0.056091870000 0.929978120000 -0.363310330000 1.184135250000
-0.415676780000 0.309095300000 0.855378810000 -2.574603020000
0.907781100000 0.198999470000 0.369232570000 2.030874090000
0.000000000000 0.000000000000 0.000000000000 1.000000000000
5 35 60
0.341259010000 -0.766866790000 0.543560130000 -1.695974410000
-0.938928400000 -0.305311950000 0.158738990000 -0.834783510000
0.044223740000 -0.564535150000 -0.824223470000 5.020424970000
0.000000000000 0.000000000000 0.000000000000 1.000000000000
5 37 60
0.129381620000 0.611604070000 0.780513200000 -2.186386780000
0.950995790000 -0.299459620000 0.077012590000 -0.363073540000
0.280833390000 0.732300760000 -0.620377460000 4.004479020000
0.000000000000 0.000000000000 0.000000000000 1.000000000000
5 38 60
0.201662950000 -0.862183830000 -0.464726900000 0.233603030000
0.175742170000 0.498626480000 -0.848814660000 1.699960940000
0.963559420000 0.089502350000 0.252076540000 1.838547170000
0.000000000000 0.000000000000 0.000000000000 1.000000000000
5 39 60
-0.009393190000 -0.914206730000 -0.405139260000 0.678740370000
0.359347200000 -0.381177860000 0.851805750000 -2.617024090000
-0.933156660000 -0.137584480000 0.332098100000 2.320651940000
0.000000000000 0.000000000000 0.000000000000 1.000000000000
5 40 60
-0.154224770000 -0.854173800000 -0.496590210000 0.954370370000
-0.482932960000 0.503643700000 -0.716323090000 1.416531070000
0.861968950000 0.129345020000 -0.490183020000 3.312011120000
0.000000000000 0.000000000000 0.000000000000 1.000000000000
5 43 60
-0.001901420000 -0.975984330000 0.217832450000 -0.782492410000
0.998331070000 -0.014425730000 -0.055919280000 -0.046287770000
0.057718730000 0.217362570000 0.974382910000 -0.045856020000
0.000000000000 0.000000000000 0.000000000000 1.000000000000
5 45 60
-0.252542550000 0.827873450000 0.500847100000 -2.522398180000
-0.942057860000 -0.328492840000 0.067966480000 -0.151887790000
0.220792330000 -0.454662520000 0.862863100000 0.648442430000
0.000000000000 0.000000000000 0.000000000000 1.000000000000
5 46 60
-0.057326610000 -0.980297890000 -0.189023030000 0.134510880000
0.986827160000 -0.026949930000 -0.159517580000 0.549781620000
0.151280590000 -0.195677660000 0.968929530000 0.150133840000
0.000000000000 0.000000000000 0.000000000000 1.000000000000
5 49 60
0.965673129000 -0.013288136100 0.259420187000 -0.194431788000
0.001649336570 -0.998356916000 -0.057277819100 -0.630655090000
0.259755053000 0.055739522000 -0.964064530000 5.089671670000
0.000000000000 0.000000000000 0.000000000000 1.000000000000
5 50 60
-0.418871170000 -0.591261440000 0.689171130000 -2.129685950000
0.619188520000 0.369163980000 0.693053770000 -1.943196780000
-0.664193130000 0.717027100000 0.211470150000 2.138229280000
0.000000000000 0.000000000000 0.000000000000 1.000000000000
5 51 60
0.346267450000 -0.933528390000 0.092863330000 -0.529009190000
0.106183630000 0.137351040000 0.984814570000 -2.657520680000
-0.932107230000 -0.331148670000 0.146685630000 2.582584470000
0.000000000000 0.000000000000 0.000000000000 1.000000000000
5 52 60
0.339285140000 0.896469050000 0.285006740000 -0.854210420000
-0.700962890000 0.442990320000 -0.558937030000 0.738021540000
-0.627324970000 -0.010140120000 0.778691570000 1.290297810000
0.000000000000 0.000000000000 0.000000000000 1.000000000000
5 53 60
0.507548490000 -0.770894770000 -0.384858130000 -0.151350990000
-0.146881690000 0.362716910000 -0.920251170000 1.098950250000
0.849011370000 0.523600700000 0.070866090000 2.006878380000
0.000000000000 0.000000000000 0.000000000000 1.000000000000
5 54 60
0.410499920000 -0.269184210000 -0.871223090000 0.929068190000
0.329854920000 -0.846896370000 0.417087840000 -1.711128530000
-0.850109140000 -0.458591750000 -0.258859160000 3.662914950000
0.000000000000 0.000000000000 0.000000000000 1.000000000000
5 58 60
-0.346514520000 -0.172659310000 0.922017600000 -2.214012610000
-0.815394530000 -0.430486360000 -0.387057170000 1.010956800000
0.463745020000 -0.885929040000 0.008384320000 2.983370330000
0.000000000000 0.000000000000 0.000000000000 1.000000000000
5 59 60
0.914242610000 0.102157430000 0.392076910000 -0.925895380000
0.211088460000 0.705889320000 -0.676137510000 1.759505370000
-0.345835380000 0.700916630000 0.623789840000 1.269549000000
0.000000000000 0.000000000000 0.000000000000 1.000000000000
6 8 60
-0.760947700000 -0.199473250000 -0.617388880000 2.653552650000
-0.470025760000 0.825432800000 0.312628330000 -0.709355480000
0.447252040000 0.528082480000 -0.721868760000 4.472532090000
0.000000000000 0.000000000000 0.000000000000 1.000000000000
6 9 60
-0.178043660000 0.674272090000 -0.716699100000 2.082125400000
0.049964560000 0.733591130000 0.677751870000 -0.936240190000
0.982753270000 0.084859870000 -0.164300960000 3.317187690000
0.000000000000 0.000000000000 0.000000000000 1.000000000000
6 10 60
0.776987120000 -0.055299190000 -0.627082930000 2.483220920000
0.039568850000 0.998454650000 -0.039020760000 0.733266000000
0.628271690000 0.005505680000 0.777974530000 -0.034588400000
0.000000000000 0.000000000000 0.000000000000 1.000000000000
6 11 60
0.144225770000 0.988329960000 0.049018610000 0.584152340000
0.696419790000 -0.136570030000 0.704519760000 -1.290733980000
0.702992460000 -0.067472370000 -0.707989460000 4.764837430000
0.000000000000 0.000000000000 0.000000000000 1.000000000000
6 12 60
0.421589230000 0.842633360000 0.335009760000 0.149687710000
0.409205030000 -0.506480440000 0.758965620000 -1.409068610000
0.809205640000 -0.182884050000 -0.558336510000 3.767908580000
0.000000000000 0.000000000000 0.000000000000 1.000000000000
6 13 60
0.686972510000 -0.710655500000 -0.151781190000 0.736788690000
0.454112870000 0.582891010000 -0.673809750000 2.343148940000
0.567318490000 0.393962990000 0.723147900000 1.343701440000
0.000000000000 0.000000000000 0.000000000000 1.000000000000
6 14 60
0.700847390000 -0.051676610000 -0.711436900000 2.101728110000
-0.353501620000 0.841118600000 -0.409336170000 1.330836310000
0.619555920000 0.538376280000 0.571228010000 1.586047910000
0.000000000000 0.000000000000 0.000000000000 1.000000000000
6 15 60
-0.619787060000 0.339316850000 0.707621420000 -1.226729510000
-0.495241150000 0.530355700000 -0.688083590000 2.041945950000
-0.608769410000 -0.776908560000 -0.160663930000 2.443688750000
0.000000000000 0.000000000000 0.000000000000 1.000000000000
6 16 60
0.592173540000 0.067103810000 -0.803011570000 2.224645730000
-0.400552160000 0.889203510000 -0.221077080000 0.820116780000
0.699205590000 0.452564020000 0.553441370000 1.605691560000
0.000000000000 0.000000000000 0.000000000000 1.000000000000
6 17 60
0.873711890000 0.479360910000 0.082708230000 0.315031650000
0.312853800000 -0.683938120000 0.659053220000 -0.804798170000
0.372491660000 -0.549947050000 -0.747534750000 3.611625170000
0.000000000000 0.000000000000 0.000000000000 1.000000000000
6 18 60
0.208892380000 -0.929600720000 0.303655170000 0.206799670000
-0.283254160000 -0.354709160000 -0.891037870000 2.264139020000
0.936018720000 0.100119430000 -0.337409320000 3.454134170000
0.000000000000 0.000000000000 0.000000000000 1.000000000000
6 19 60
0.773563500000 0.343903110000 0.532287680000 0.519635060000
-0.631192190000 0.493048960000 0.598747970000 -0.042863260000
-0.056532590000 -0.799145400000 0.598473640000 2.400629320000
0.000000000000 0.000000000000 0.000000000000 1.000000000000
6 20 60
-0.335543380000 -0.810415010000 -0.480248000000 1.586028850000
0.336114990000 -0.579244780000 0.742631940000 -0.175683310000
-0.880021220000 0.087766680000 0.466754390000 2.045489170000
0.000000000000 0.000000000000 0.000000000000 1.000000000000
6 21 60
-0.454016620000 -0.270283540000 0.849008670000 -1.404317000000
-0.587102560000 0.807511290000 -0.056886710000 0.516401770000
-0.670208550000 -0.524282670000 -0.525307700000 2.514746120000
0.000000000000 0.000000000000 0.000000000000 1.000000000000
6 22 60
0.780232990000 0.496595200000 0.380302100000 0.519976220000
0.456618140000 -0.867740000000 0.196283400000 -0.208551850000
0.427476740000 0.020506050000 -0.903793750000 4.275945260000
0.000000000000 0.000000000000 0.000000000000 1.000000000000
6 24 60
-0.661829790000 0.457599430000 0.593787920000 -1.084192110000
0.155576090000 0.858677990000 -0.488332040000 1.525740420000
-0.733333080000 -0.230813490000 -0.639490210000 3.912314610000
0.000000000000 0.000000000000 0.000000000000 1.000000000000
6 25 60
0.028167420000 0.414779710000 0.909485780000 -1.198688560000
0.248405330000 -0.884210200000 0.395559250000 -0.197502810000
0.968246550000 0.214779230000 -0.127939410000 2.973460000000
0.000000000000 0.000000000000 0.000000000000 1.000000000000
6 26 60
-0.298761670000 -0.359790760000 -0.883907280000 2.610197440000
-0.028676020000 -0.922406570000 0.385154260000 -0.173331740000
-0.953896820000 0.140416270000 0.265262360000 2.072166020000
0.000000000000 0.000000000000 0.000000000000 1.000000000000
6 27 60
0.280816090000 -0.937740490000 -0.204414020000 1.032768510000
0.007333390000 -0.210881500000 0.977484120000 -0.815644910000
-0.959733580000 -0.275992310000 -0.052342100000 2.854381570000
0.000000000000 0.000000000000 0.000000000000 1.000000000000
6 28 60
-0.089688110000 0.649107520000 0.755390940000 -0.665746980000
0.969051400000 -0.118268260000 0.216684110000 -0.218154680000
0.229990050000 0.751446630000 -0.618411300000 3.743681220000
0.000000000000 0.000000000000 0.000000000000 1.000000000000
6 29 60
-0.480047590000 -0.243191320000 0.842859590000 -0.931271130000
0.334593270000 0.837414000000 0.432186470000 -0.267194770000
-0.810926420000 0.489485220000 -0.320628390000 3.562910920000
0.000000000000 0.000000000000 0.000000000000 1.000000000000
6 30 60
-0.724286380000 0.562555520000 -0.398673450000 1.291141350000
0.673958770000 0.455550620000 -0.581595400000 1.641375170000
-0.145563770000 -0.689931100000 -0.709088340000 4.848216030000
0.000000000000 0.000000000000 0.000000000000 1.000000000000
6 31 60
0.214610530000 -0.126294290000 0.968499910000 -1.577944620000
-0.945691440000 0.221007860000 0.238376240000 -1.088349490000
-0.244151650000 -0.967060120000 -0.072004820000 2.440398430000
0.000000000000 0.000000000000 0.000000000000 1.000000000000
6 32 60
0.998905970000 0.017471740000 -0.043377420000 0.096720690000
0.002878840000 0.902849040000 0.429948060000 -0.188401680000
0.046675200000 -0.429602560000 0.901810990000 0.144223130000
0.000000000000 0.000000000000 0.000000000000 1.000000000000
6 33 60
0.466157350000 -0.396146300000 0.791053370000 -1.180743120000
0.487999240000 -0.630680670000 -0.603405870000 2.851727550000
0.737939070000 0.667315520000 -0.100677340000 3.298086190000
0.000000000000 0.000000000000 0.000000000000 1.000000000000
6 34 60
-0.652606760000 0.740629260000 0.159914710000 0.463146780000
0.742657350000 0.667086490000 -0.058784900000 0.722598090000
-0.150214760000 0.080398410000 -0.985378920000 5.503522550000
0.000000000000 0.000000000000 0.000000000000 1.000000000000
6 35 60
-0.918584120000 0.122269170000 0.375837020000 -0.941424630000
-0.120778120000 0.818609330000 -0.561508150000 1.877551460000
-0.376318830000 -0.561185360000 -0.737194090000 4.823104520000
0.000000000000 0.000000000000 0.000000000000 1.000000000000
6 36 60
-0.324336700000 -0.934364500000 0.147542170000 -0.283207080000
0.938647010000 -0.337229670000 -0.072235330000 0.952005180000
0.117249730000 0.115061450000 0.986414400000 0.158540230000
0.000000000000 0.000000000000 0.000000000000 1.000000000000
6 37 60
-0.269640640000 -0.962936710000 0.006841690000 0.546160680000
0.935325800000 -0.263585730000 -0.235983500000 0.341918570000
0.229040550000 -0.057231530000 0.971732980000 0.631538050000
0.000000000000 0.000000000000 0.000000000000 1.000000000000
6 38 60
0.990125100000 0.008923500000 -0.139902300000 0.772187180000
0.076445680000 0.802163210000 0.592191050000 -0.599578170000
0.117508900000 -0.597038150000 0.793559770000 -0.143907920000
0.000000000000 0.000000000000 0.000000000000 1.000000000000
6 39 60
0.117527810000 0.019417830000 0.992879730000 -1.687174020000
-0.969318580000 0.219598670000 0.110444150000 -0.330728590000
-0.215890480000 -0.975397030000 0.044631010000 1.968022680000
0.000000000000 0.000000000000 0.000000000000 1.000000000000
6 40 60
-0.889743400000 -0.169021020000 0.424014840000 -0.242428890000
0.102443950000 0.831280380000 0.546331550000 -0.839962000000
-0.444816730000 0.529532650000 -0.722311050000 3.778815290000
0.000000000000 0.000000000000 0.000000000000 1.000000000000
6 41 60
-0.595921410000 0.660383880000 -0.456914440000 1.108694910000
0.802926600000 0.480308920000 -0.353004560000 1.530403440000
-0.013658440000 -0.577231730000 -0.816466150000 4.368163330000
0.000000000000 0.000000000000 0.000000000000 1.000000000000
6 42 60
-0.958009520000 0.069344560000 -0.278224890000 1.009640260000
-0.124503510000 0.773472370000 0.621481590000 -0.928319930000
0.258295630000 0.630025260000 -0.732360250000 4.594975790000
0.000000000000 0.000000000000 0.000000000000 1.000000000000
6 43 60
0.999873210000 -0.010191380000 0.012235050000 0.240840480000
0.012763610000 0.972363810000 -0.233121670000 0.708030140000
-0.009521090000 0.233248280000 0.972370600000 -0.001195100000
0.000000000000 0.000000000000 0.000000000000 1.000000000000
6 44 60
0.956581648000 -0.243973920000 -0.159462466000 0.273163245000
0.253986378000 0.966139865000 0.045438764200 -0.000991207139
0.142977172000 -0.083967181900 0.986157716000 -0.097084504200
0.000000000000 0.000000000000 0.000000000000 1.000000000000
6 45 60
-0.703380610000 0.691202220000 0.165816800000 -0.586427880000
-0.572235380000 -0.412244800000 -0.708943510000 2.334622270000
-0.421666220000 -0.593543350000 0.685495370000 1.008892830000
0.000000000000 0.000000000000 0.000000000000 1.000000000000
6 46 60
0.998424360000 0.041351240000 -0.037932350000 1.864420530000
-0.042211120000 0.998863050000 -0.022154650000 0.299407150000
0.036973100000 0.023720910000 0.999034690000 0.095059710000
0.000000000000 0.000000000000 0.000000000000 1.000000000000
6 47 60
-0.923412160000 0.251295530000 0.290104350000 -0.086400260000
0.284136000000 0.955723740000 0.076543270000 0.324522240000
-0.258024630000 0.153110080000 -0.953929030000 4.416159340000
0.000000000000 0.000000000000 0.000000000000 1.000000000000
6 48 60
-0.971447793000 -0.004158731330 -0.237216971000 0.602307406000
-0.067367246400 0.963527936000 0.258989518000 -0.286393815000
0.227488111000 0.267575450000 -0.936297249000 4.383741360000
0.000000000000 0.000000000000 0.000000000000 1.000000000000
6 49 60
-0.281402520000 0.827826770000 -0.485299340000 2.209805060000
0.078343340000 0.523867680000 0.848189230000 -1.692801300000
0.956386400000 0.200662620000 -0.212272400000 3.477288840000
0.000000000000 0.000000000000 0.000000000000 1.000000000000
6 50 60
-0.844587730000 0.521887710000 -0.119602650000 1.499990650000
0.333172590000 0.687143540000 0.645623560000 -1.343506110000
0.419127190000 0.505437410000 -0.754231680000 4.465442440000
0.000000000000 0.000000000000 0.000000000000 1.000000000000
6 51 60
-0.157790280000 0.895401740000 -0.416362760000 1.789811250000
0.801547100000 0.362401540000 0.475591590000 -1.299356240000
0.576736050000 -0.258690630000 -0.774890120000 4.343784870000
0.000000000000 0.000000000000 0.000000000000 1.000000000000
6 52 60
0.640620040000 0.098938050000 0.761457300000 -1.399477080000
-0.370227060000 0.908581510000 0.193420690000 0.215396000000
-0.672709360000 -0.405821270000 0.618685070000 2.091052230000
0.000000000000 0.000000000000 0.000000000000 1.000000000000
6 53 60
0.932811040000 0.075542020000 -0.352359140000 1.222830920000
-0.268804080000 0.797095630000 -0.540724440000 1.414874440000
0.240016510000 0.599109300000 0.763845610000 1.402565350000
0.000000000000 0.000000000000 0.000000000000 1.000000000000
6 54 60
-0.566495830000 0.663504120000 0.488717470000 -0.265412730000
0.824049020000 0.452463350000 0.340910750000 -0.637901500000
0.005068940000 0.595851660000 -0.803078510000 4.377629580000
0.000000000000 0.000000000000 0.000000000000 1.000000000000
6 55 60
-0.956804130000 0.218335590000 -0.191977650000 0.205235920000
0.201754040000 0.974080180000 0.102289380000 0.585337640000
0.209335040000 0.059138630000 -0.976054030000 4.638815130000
0.000000000000 0.000000000000 0.000000000000 1.000000000000
6 56 60
0.294464200000 -0.045839280000 0.954562510000 -0.717153090000
-0.734383240000 -0.650021630000 0.195328280000 -0.270111290000
0.611532580000 -0.758531900000 -0.225071700000 3.250425980000
0.000000000000 0.000000000000 0.000000000000 1.000000000000
6 57 60
0.682345520000 -0.674228140000 0.282526110000 0.585703840000
0.665785210000 0.732758090000 0.140696970000 0.034352360000
-0.301885150000 0.092097760000 0.948885330000 1.272405220000
0.000000000000 0.000000000000 0.000000000000 1.000000000000
6 58 60
-0.031034610000 0.995766150000 -0.086525300000 0.442937990000
-0.382576610000 0.068140450000 0.921407630000 -1.188245210000
0.923402400000 0.061698080000 0.378842130000 2.046232450000
0.000000000000 0.000000000000 0.000000000000 1.000000000000
6 59 60
0.681816530000 -0.268000090000 -0.680663040000 2.284580800000
-0.669739800000 0.145565860000 -0.728188980000 2.317160600000
0.294236010000 0.952358410000 -0.080241120000 3.006531370000
0.000000000000 0.000000000000 0.000000000000 1.000000000000
7 9 60
0.813893060000 0.009102060000 0.580943410000 -0.047568250000
0.061978620000 0.992812020000 -0.102386220000 0.587941720000
-0.577699520000 0.119337500000 0.807478680000 0.040100570000
0.000000000000 0.000000000000 0.000000000000 1.000000000000
7 10 60
0.634033141000 0.136194589000 0.761218109000 -1.086215420000
-0.768555107000 0.002033943370 0.639780361000 -2.317423570000
0.085586348500 -0.990680018000 0.105962634000 2.924999600000
0.000000000000 0.000000000000 0.000000000000 1.000000000000
7 11 60
0.724030610000 -0.114643620000 -0.680173890000 2.355006690000
-0.681951570000 0.029054220000 -0.730820020000 1.628528280000
0.103545780000 0.992981720000 -0.057145260000 2.408041390000
0.000000000000 0.000000000000 0.000000000000 1.000000000000
7 12 60
-0.907145490000 -0.254798390000 -0.334910200000 1.574080370000
-0.047349260000 -0.729001330000 0.682872690000 -1.763610760000
-0.418144840000 0.635322620000 0.649245760000 1.634553260000
0.000000000000 0.000000000000 0.000000000000 1.000000000000
7 13 60
-0.167969480000 0.927996000000 -0.332580340000 1.769806740000
0.939273410000 0.253074750000 0.231772820000 -0.147070940000
0.299251930000 -0.273453110000 -0.914150800000 4.601830320000
0.000000000000 0.000000000000 0.000000000000 1.000000000000
7 14 60
0.958725490000 0.255811260000 -0.124121080000 1.109777480000
-0.281250370000 0.789091770000 -0.546106600000 1.200829670000
-0.041757290000 0.558475410000 0.828469400000 1.245915970000
0.000000000000 0.000000000000 0.000000000000 1.000000000000
7 15 60
0.714355640000 0.622015480000 0.320613090000 0.263267590000
0.420320260000 -0.747697350000 0.514081270000 -1.193850090000
0.559488070000 -0.232476680000 -0.795567530000 4.176126190000
0.000000000000 0.000000000000 0.000000000000 1.000000000000
7 16 60
-0.362948230000 -0.708650120000 0.605048410000 -0.502956150000
-0.801313260000 0.568767030000 0.185475400000 -0.520122990000
-0.475568760000 -0.417515350000 -0.774283730000 4.242675590000
0.000000000000 0.000000000000 0.000000000000 1.000000000000
7 17 60
0.913597610000 -0.340704990000 0.221944830000 0.456989110000
-0.405438870000 -0.721713790000 0.561024530000 -1.268729260000
-0.030963210000 -0.602535740000 -0.797491050000 4.351730430000
0.000000000000 0.000000000000 0.000000000000 1.000000000000
7 18 60
0.206926970000 -0.963220390000 0.171428420000 0.425562910000
-0.961418830000 -0.232661770000 -0.146773100000 0.343507650000
0.181259680000 -0.134443200000 -0.974202210000 4.502706920000
0.000000000000 0.000000000000 0.000000000000 1.000000000000
7 19 60
-0.604858480000 -0.128391500000 -0.785914660000 1.962406920000
0.293274240000 -0.953466110000 -0.069947130000 0.303235980000
-0.740362370000 -0.272796640000 0.614365980000 2.091337990000
0.000000000000 0.000000000000 0.000000000000 1.000000000000
7 20 60
-0.138244780000 -0.887377670000 0.439828660000 0.384823530000
-0.934450610000 0.264014930000 0.238952230000 -0.778526840000
-0.328162200000 -0.377964260000 -0.865709300000 3.927458420000
0.000000000000 0.000000000000 0.000000000000 1.000000000000
7 21 60
-0.778086590000 0.624217480000 -0.070240990000 0.488264720000
-0.620555510000 -0.746506480000 0.240081100000 -0.542821600000
0.097427460000 0.230392310000 0.968208280000 1.586480040000
0.000000000000 0.000000000000 0.000000000000 1.000000000000
7 22 60
0.847362130000 -0.175477540000 0.501183650000 0.090762800000
-0.518688210000 -0.475701020000 0.710402050000 -1.249174630000
0.113753970000 -0.861925850000 -0.494109160000 3.264552290000
0.000000000000 0.000000000000 0.000000000000 1.000000000000
7 23 60
-0.931031660000 0.362426620000 0.042743340000 0.392034110000
0.301022680000 0.828899100000 -0.471499340000 1.274356290000
-0.206313830000 -0.426114100000 -0.880829940000 4.885547250000
0.000000000000 0.000000000000 0.000000000000 1.000000000000
7 24 60
0.057987880000 -0.440354830000 0.895949230000 -1.204208800000
0.783197940000 0.576586560000 0.232699220000 -0.048754790000
-0.619062510000 0.688211860000 0.378320030000 1.247761390000
0.000000000000 0.000000000000 0.000000000000 1.000000000000
7 25 60
0.683971280000 -0.688284430000 0.241759860000 0.313879480000
0.593456790000 0.717699320000 0.364303070000 -0.468984050000
-0.424255010000 -0.105698810000 0.899352790000 0.980112580000
0.000000000000 0.000000000000 0.000000000000 1.000000000000
7 26 60
-0.001984244340 0.997840642000 0.065651473900 0.530575552000
0.872972710000 -0.030294160700 0.486827393000 -0.860966971000
0.487765015000 0.058277929600 -0.871027539000 4.696623010000
0.000000000000 0.000000000000 0.000000000000 1.000000000000
7 27 60
-0.477851560000 -0.876040290000 0.064894470000 0.693658970000
-0.845907800000 0.478815590000 0.234894920000 -0.312381520000
-0.236849900000 0.057350160000 -0.969852090000 4.611983130000
0.000000000000 0.000000000000 0.000000000000 1.000000000000
7 28 60
-0.226923050000 -0.961652190000 0.154048650000 0.688860830000
-0.972312000000 0.214633050000 -0.092423110000 0.421303830000
0.055814960000 -0.170756290000 -0.983731150000 4.845318120000
0.000000000000 0.000000000000 0.000000000000 1.000000000000
7 29 60
0.613747100000 -0.665409610000 0.424905330000 0.023625280000
-0.767765960000 -0.377618120000 0.517629190000 -1.073761810000
-0.183983490000 -0.643921270000 -0.742640880000 4.449060680000
0.000000000000 0.000000000000 0.000000000000 1.000000000000
7 30 60
-0.059934000000 -0.257612520000 0.964387730000 -1.885008590000
0.409090170000 0.874924300000 0.259138370000 -0.706158060000
-0.910523560000 0.410052740000 0.052949040000 2.095643680000
0.000000000000 0.000000000000 0.000000000000 1.000000000000
7 31 60
0.641841930000 0.763395830000 -0.072565430000 2.119779160000
-0.750961900000 0.644889190000 0.142035790000 -0.740553970000
0.155226190000 -0.036670650000 0.987198100000 -0.110456510000
0.000000000000 0.000000000000 0.000000000000 1.000000000000
7 32 60
-0.777666400000 0.165851660000 -0.606405960000 2.047808210000
-0.359333700000 -0.908745650000 0.212274920000 -0.195998990000
-0.515862630000 0.382981170000 0.766297050000 1.590611960000
0.000000000000 0.000000000000 0.000000000000 1.000000000000
7 33 60
0.922239690000 -0.066370920000 0.380879070000 0.443634010000
0.020059910000 0.992042080000 0.124298500000 -0.131180880000
-0.386097870000 -0.106992610000 0.916231970000 0.004254080000
0.000000000000 0.000000000000 0.000000000000 1.000000000000
7 34 60
-0.471101810000 0.851346430000 -0.230808010000 0.866668770000
0.723500990000 0.223262260000 -0.653222990000 1.539120860000
-0.504588350000 -0.474724360000 -0.721129240000 4.542419100000
0.000000000000 0.000000000000 0.000000000000 1.000000000000
7 35 60
-0.326498210000 0.261838420000 -0.908206780000 2.685937020000
-0.935054420000 -0.229866780000 0.269878670000 -1.112571430000
-0.138101970000 0.937337670000 0.319884270000 0.830172280000
0.000000000000 0.000000000000 0.000000000000 1.000000000000
7 36 60
-0.801277230000 0.393442390000 -0.450730390000 1.041809410000
0.055520230000 -0.701212020000 -0.710787740000 1.954114960000
-0.595711590000 -0.594562690000 0.540021210000 1.675622370000
0.000000000000 0.000000000000 0.000000000000 1.000000000000
7 37 60
-0.242213160000 -0.464557320000 0.851774200000 -1.544486420000
-0.822390050000 0.564115710000 0.073811100000 0.155472490000
-0.514788690000 -0.682612600000 -0.518683560000 3.590345910000
0.000000000000 0.000000000000 0.000000000000 1.000000000000
7 38 60
0.753465100000 0.525684500000 0.394900170000 -0.967881040000
-0.178271020000 -0.414780100000 0.892287460000 -2.341849650000
0.632858420000 -0.742706720000 -0.218808020000 3.062039610000
0.000000000000 0.000000000000 0.000000000000 1.000000000000
7 39 60
0.597336310000 -0.577951780000 0.556022550000 -0.684265400000
0.773676870000 0.597864670000 -0.209718710000 0.743688330000
-0.211218940000 0.555454390000 0.804274200000 0.122359900000
0.000000000000 0.000000000000 0.000000000000 1.000000000000
7 40 60
0.545631130000 0.080593540000 -0.834141090000 2.707306140000
-0.826169990000 -0.115103400000 -0.551538180000 1.472089770000
-0.140462890000 0.990078730000 0.003779960000 2.278054100000
0.000000000000 0.000000000000 0.000000000000 1.000000000000
7 41 60
-0.939432170000 -0.332574720000 0.082832680000 0.489860570000
0.273793650000 -0.582839170000 0.765072240000 -1.719783700000
-0.206165550000 0.741412540000 0.638594710000 0.954425530000
0.000000000000 0.000000000000 0.000000000000 1.000000000000
7 42 60
-0.814688480000 -0.288679650000 -0.502938110000 2.155638750000
-0.267990840000 -0.581694900000 0.767992160000 -1.687169350000
-0.514260240000 0.760457170000 0.396536630000 1.586748130000
0.000000000000 0.000000000000 0.000000000000 1.000000000000
7 45 60
-0.937600770000 -0.280818590000 -0.205050500000 1.403868430000
-0.345578040000 0.687310670000 0.638889560000 -1.573428450000
-0.038478670000 0.669884290000 -0.741467750000 3.999063270000
0.000000000000 0.000000000000 0.000000000000 1.000000000000
7 46 60
-0.972339420000 -0.070014390000 -0.222831860000 0.454090400000
-0.197779170000 0.754315310000 0.626012630000 -1.651443600000
0.124255600000 0.652768260000 -0.747297900000 4.313713180000
0.000000000000 0.000000000000 0.000000000000 1.000000000000
7 47 60
0.168985060000 0.183137550000 0.968454790000 -1.851667430000
-0.958730100000 0.258488520000 0.118407290000 -0.927279980000
-0.228649630000 -0.948495820000 0.219260180000 2.493945970000
0.000000000000 0.000000000000 0.000000000000 1.000000000000
7 48 60
-0.603111650000 0.034843130000 -0.796895410000 1.741553960000
-0.299292380000 0.916168210000 0.266570610000 -0.798103860000
0.739378400000 0.399276560000 -0.542123430000 4.344590060000
0.000000000000 0.000000000000 0.000000000000 1.000000000000
7 49 60
0.381073270000 -0.434118860000 0.816286700000 -0.913321790000
0.781074800000 -0.321232560000 -0.535473430000 1.361002000000
0.494676980000 0.841635590000 0.216666160000 1.975398080000
0.000000000000 0.000000000000 0.000000000000 1.000000000000
7 50 60
0.571886790000 -0.819972600000 0.024298970000 0.625384590000
0.722433830000 0.517449530000 0.458623310000 -1.019618100000
-0.388632030000 -0.244726220000 0.888298500000 1.225102830000
0.000000000000 0.000000000000 0.000000000000 1.000000000000
7 51 60
0.732709520000 -0.495459720000 -0.466536640000 1.348957090000
0.265798390000 0.839432730000 -0.474029430000 1.127114400000
0.626488610000 0.223321190000 0.746752750000 -0.170538430000
0.000000000000 0.000000000000 0.000000000000 1.000000000000
7 52 60
0.508494280000 -0.154975150000 0.847004290000 -1.819916580000
0.203970560000 0.977352640000 0.056372210000 -0.038481950000
-0.836558170000 0.144098990000 0.528588590000 1.891769360000
0.000000000000 0.000000000000 0.000000000000 1.000000000000
7 53 60
0.497358400000 -0.829255900000 0.254890700000 0.105411340000
-0.472508700000 -0.505335760000 -0.722060450000 1.379080740000
0.727578280000 0.238684750000 -0.643163620000 3.731013680000
0.000000000000 0.000000000000 0.000000000000 1.000000000000
7 54 60
-0.998142060000 0.018449750000 -0.058069170000 1.953842000000
0.016760370000 0.999425840000 0.029446390000 0.221746160000
0.058579110000 0.028418420000 -0.997878190000 5.263982280000
0.000000000000 0.000000000000 0.000000000000 1.000000000000
7 55 60
0.160531650000 -0.875823480000 -0.455151420000 1.889966640000
0.771283940000 -0.176440800000 0.611546990000 -1.431866660000
-0.615914500000 -0.449223630000 0.647184250000 0.881862020000
0.000000000000 0.000000000000 0.000000000000 1.000000000000
7 56 60
-0.755332010000 0.654029340000 0.041463070000 0.739482340000
0.585232610000 0.701646300000 -0.406442200000 0.645618530000
-0.294917530000 -0.282733260000 -0.912735200000 4.508407780000
0.000000000000 0.000000000000 0.000000000000 1.000000000000
7 57 60
-0.574909840000 -0.766856910000 -0.285322890000 0.919311790000
0.814198450000 -0.570693620000 -0.106722440000 0.069795870000
-0.080991110000 -0.293665240000 0.952471090000 0.823264280000
0.000000000000 0.000000000000 0.000000000000 1.000000000000
7 58 60
-0.463188890000 0.771473430000 -0.436216470000 1.005944730000
0.874023210000 0.316123380000 -0.368984340000 0.346761030000
-0.146763390000 -0.552172760000 -0.820710520000 4.895363800000
0.000000000000 0.000000000000 0.000000000000 1.000000000000
7 59 60
-0.377507860000 0.925199630000 -0.038645390000 1.092067010000
0.869699290000 0.339913340000 -0.357885540000 0.808902930000
-0.317979490000 -0.168714470000 -0.932965420000 4.735886770000
0.000000000000 0.000000000000 0.000000000000 1.000000000000
8 10 60
0.811222600000 -0.151091850000 0.564879760000 -2.248105540000
0.340533530000 0.907389830000 -0.246334340000 1.482715480000
-0.475347040000 0.392192490000 0.787546980000 0.166494280000
0.000000000000 0.000000000000 0.000000000000 1.000000000000
8 11 60
-0.839400760000 -0.294840350000 -0.456591210000 0.997873610000
0.063412970000 0.781209910000 -0.621039340000 1.891141210000
0.539801040000 -0.550254700000 -0.637051490000 3.998722210000
0.000000000000 0.000000000000 0.000000000000 1.000000000000
8 12 60
0.543515310000 0.836085400000 -0.074513850000 0.055383470000
-0.619263480000 0.459320270000 0.636818370000 -0.865051730000
0.566660260000 -0.299976830000 0.767404750000 1.032667010000
0.000000000000 0.000000000000 0.000000000000 1.000000000000
8 13 60
0.434888320000 -0.878022730000 0.199870550000 -0.966358150000
-0.813164100000 -0.478269840000 -0.331695810000 1.090037160000
0.386828510000 -0.018276920000 -0.921970530000 4.271905060000
0.000000000000 0.000000000000 0.000000000000 1.000000000000
8 14 60
0.722375290000 0.306253340000 -0.619986160000 1.334003520000
0.091094150000 -0.930911610000 -0.353702460000 0.880019430000
-0.685474870000 0.199028810000 -0.700365430000 4.033448880000
0.000000000000 0.000000000000 0.000000000000 1.000000000000
8 15 60
0.943104520000 -0.166164330000 0.287998750000 -1.031132370000
-0.038515430000 0.805744420000 0.591009720000 -0.363989020000
-0.330258120000 -0.568476330000 0.753501320000 0.423309670000
0.000000000000 0.000000000000 0.000000000000 1.000000000000
8 16 60
-0.308596240000 -0.843955510000 0.438756710000 -0.762424130000
0.615642790000 -0.528838200000 -0.584220950000 1.792630840000
0.725087800000 0.089829020000 0.682772600000 1.129474760000
0.000000000000 0.000000000000 0.000000000000 1.000000000000
8 17 60
-0.780024980000 0.064376550000 -0.622428060000 1.355921770000
0.377739020000 0.841454610000 -0.386351360000 1.075628660000
0.498872990000 -0.536479080000 -0.680673150000 3.434436060000
0.000000000000 0.000000000000 0.000000000000 1.000000000000
8 18 60
-0.933496800000 0.063259330000 0.352961720000 -0.627928590000
-0.066642800000 -0.997773580000 0.002571530000 0.108172590000
0.352338560000 -0.021121840000 0.935634230000 0.531470700000
0.000000000000 0.000000000000 0.000000000000 1.000000000000
8 19 60
-0.628299260000 0.438534650000 0.642594270000 -0.651025330000
-0.762085580000 -0.180865260000 -0.621701960000 1.037668360000
-0.156414870000 -0.880326710000 0.447838450000 1.597763640000
0.000000000000 0.000000000000 0.000000000000 1.000000000000
8 20 60
-0.888412120000 -0.002168330000 0.459041610000 -0.837656270000
0.112765280000 -0.970378390000 0.213658060000 0.340100320000
0.444980770000 0.241580360000 0.862340440000 1.118902840000
0.000000000000 0.000000000000 0.000000000000 1.000000000000
8 21 60
0.515001890000 -0.851157950000 0.101504670000 -0.716309310000
0.550495430000 0.419181410000 0.721970730000 -0.133127700000
-0.657060000000 -0.315938430000 0.684437780000 1.485571160000
0.000000000000 0.000000000000 0.000000000000 1.000000000000
8 22 60
0.758363500000 0.649795170000 -0.051488190000 0.199288380000
-0.338015890000 0.459570030000 0.821304240000 -0.718730590000
0.557341950000 -0.605443330000 0.568162230000 1.612835190000
0.000000000000 0.000000000000 0.000000000000 1.000000000000
8 23 60
-0.495022620000 0.038403730000 0.868030970000 -1.823108670000
0.509925590000 -0.796044350000 0.326020370000 -0.051612320000
0.703511550000 0.604018660000 0.374476920000 1.368679370000
0.000000000000 0.000000000000 0.000000000000 1.000000000000
8 24 60
-0.816372270000 0.340593960000 -0.466403340000 0.807929070000
0.215598400000 0.928936850000 0.300987820000 -0.487868610000
0.535773880000 0.145162290000 -0.831789790000 4.167142930000
0.000000000000 0.000000000000 0.000000000000 1.000000000000
8 25 60
-0.921534180000 0.386476850000 -0.037555330000 0.640645510000
-0.377482530000 -0.914335370000 -0.146621210000 0.682766760000
-0.091003870000 -0.120939970000 0.988479550000 -0.088897910000
0.000000000000 0.000000000000 0.000000000000 1.000000000000
8 26 60
-0.851338761000 -0.489187305000 -0.189520695000 0.360574298000
0.524615469000 -0.793182234000 -0.309258068000 1.196952220000
0.000960672369 -0.362708869000 0.931902009000 0.379752918000
0.000000000000 0.000000000000 0.000000000000 1.000000000000
8 27 60
-0.839537910000 -0.433157410000 -0.327949330000 -0.503272470000
-0.089811540000 -0.484672620000 0.870072610000 -0.903075360000
-0.535826450000 0.759912570000 0.367998500000 2.123620290000
0.000000000000 0.000000000000 0.000000000000 1.000000000000
8 28 60
0.846707030000 -0.525424460000 0.083763560000 -0.281993740000
-0.513380990000 -0.765446670000 0.387983710000 0.082502950000
-0.139739600000 -0.371511150000 -0.917852010000 4.059496650000
0.000000000000 0.000000000000 0.000000000000 1.000000000000
8 29 60
-0.287404690000 0.512042430000 -0.809451110000 2.223428250000
0.850584010000 0.524978060000 0.030081140000 0.023082400000
0.440346890000 -0.679860710000 -0.586416260000 3.270292640000
0.000000000000 0.000000000000 0.000000000000 1.000000000000
8 30 60
-0.272083550000 0.073740230000 -0.959444070000 2.029070780000
-0.220588500000 0.965728890000 0.136778760000 -0.408176670000
0.936648950000 0.248857580000 -0.246492690000 3.002823340000
0.000000000000 0.000000000000 0.000000000000 1.000000000000
8 31 60
-0.145185670000 -0.985665480000 0.085934210000 -0.563325800000
-0.985420830000 0.151840780000 0.076747460000 -0.419709530000
-0.088695640000 -0.073538730000 -0.993340390000 5.093954110000
0.000000000000 0.000000000000 0.000000000000 1.000000000000
8 32 60
-0.261462540000 -0.862085220000 0.434104150000 -2.049060180000
-0.034184270000 -0.441196500000 -0.896759210000 2.283203330000
0.964608100000 -0.249308470000 0.085886600000 2.651342690000
0.000000000000 0.000000000000 0.000000000000 1.000000000000
8 33 60
-0.869724700000 0.409602010000 0.275327350000 -1.293978750000
-0.046357950000 -0.623198830000 0.780688260000 -1.787633970000
0.491355160000 0.666220250000 0.560999720000 0.611059600000
0.000000000000 0.000000000000 0.000000000000 1.000000000000
8 34 60
0.541438190000 -0.782166600000 0.308318160000 -1.444925570000
-0.285296580000 -0.515893230000 -0.807749990000 2.586433810000
0.790854320000 0.349384570000 -0.502473750000 3.515021800000
0.000000000000 0.000000000000 0.000000000000 1.000000000000
8 35 60
0.672563420000 0.430243620000 0.602120320000 -1.480630910000
-0.703525210000 0.119301810000 0.700585010000 -2.140102230000
0.229588190000 -0.894794670000 0.382925260000 1.720344390000
0.000000000000 0.000000000000 0.000000000000 1.000000000000
8 36 60
0.958276620000 0.264680650000 0.107935470000 0.105891310000
-0.261106170000 0.964200880000 -0.046262620000 0.134856590000
-0.116316300000 0.016149770000 0.993080910000 0.082094120000
0.000000000000 0.000000000000 0.000000000000 1.000000000000
8 37 60
-0.792400600000 -0.155662340000 -0.589805490000 1.340649350000
0.279637910000 0.766614460000 -0.578018090000 2.528960310000
0.542129070000 -0.622953860000 -0.563936670000 3.391991550000
0.000000000000 0.000000000000 0.000000000000 1.000000000000
8 38 60
-0.601526440000 0.793839380000 0.089358660000 0.027997900000
-0.555383270000 -0.495975320000 0.667501240000 -1.660938270000
0.574208470000 0.351891340000 0.739227380000 0.596968150000
0.000000000000 0.000000000000 0.000000000000 1.000000000000
8 39 60
-0.242851960000 -0.363554510000 0.899361460000 -2.492697090000
0.272033580000 0.864392450000 0.422875200000 -1.065016460000
-0.931139440000 0.347352590000 -0.111020370000 3.151424460000
0.000000000000 0.000000000000 0.000000000000 1.000000000000
8 40 60
0.724782890000 -0.269867460000 0.633925320000 -2.139979480000
0.167285510000 0.961492620000 0.218053910000 -0.306028900000
-0.668360170000 -0.051995230000 0.742018320000 0.232138400000
0.000000000000 0.000000000000 0.000000000000 1.000000000000
8 41 60
0.593396230000 -0.331866080000 0.733311540000 -3.000577860000
0.237552550000 0.942672680000 0.234386460000 -0.073482470000
-0.769057670000 0.035115990000 0.638214050000 0.827112970000
0.000000000000 0.000000000000 0.000000000000 1.000000000000
8 42 60
0.999971553000 -0.007505921580 -0.000744843063 -0.290380462000
0.007522076320 0.985038758000 0.172168706000 0.044112272500
-0.000558585522 -0.172169411000 0.985067197000 0.051476442500
0.000000000000 0.000000000000 0.000000000000 1.000000000000
8 43 60
-0.328997490000 -0.837122480000 -0.437020130000 1.219410630000
0.250030640000 0.369047470000 -0.895147280000 2.550827800000
0.910629080000 -0.403769630000 0.087890570000 2.283718150000
0.000000000000 0.000000000000 0.000000000000 1.000000000000
8 44 60
-0.551640660000 -0.269367010000 -0.789388370000 2.389633770000
0.813329240000 0.036082720000 -0.580683720000 1.657363810000
0.184900320000 -0.962361390000 0.199179370000 2.107036800000
0.000000000000 0.000000000000 0.000000000000 1.000000000000
8 45 60
0.999404580000 -0.023064330000 -0.025661720000 0.229976820000
0.020425090000 0.994903570000 -0.098740630000 0.229149870000
0.027808320000 0.098157690000 0.994782270000 -0.123854210000
0.000000000000 0.000000000000 0.000000000000 1.000000000000
8 46 60
-0.713161810000 -0.458386750000 -0.530360080000 1.569379230000
0.598265420000 -0.792309330000 -0.119684640000 0.898479030000
-0.365347380000 -0.402650620000 0.839281700000 0.339875320000
0.000000000000 0.000000000000 0.000000000000 1.000000000000
8 47 60
0.754183830000 0.390533620000 0.527911210000 -0.806461100000
0.575928590000 -0.007183170000 -0.817468450000 2.819507920000
-0.315456840000 0.920560640000 -0.230336910000 2.163841900000
0.000000000000 0.000000000000 0.000000000000 1.000000000000
8 48 60
0.758427680000 0.511870840000 0.403454700000 -1.229608110000
0.393432680000 0.133956980000 -0.909541780000 2.608492520000
-0.519613490000 0.848553930000 -0.099790030000 2.072958050000
0.000000000000 0.000000000000 0.000000000000 1.000000000000
8 49 60
-0.633161450000 -0.607106500000 -0.480133600000 0.588366650000
0.679328110000 -0.733170410000 0.031216630000 0.790213990000
-0.370971570000 -0.306403080000 0.876639750000 0.602867980000
0.000000000000 0.000000000000 0.000000000000 1.000000000000
8 50 60
-0.312625500000 0.248901060000 -0.916686190000 1.782851170000
-0.275289000000 0.899899070000 0.338227190000 -0.530359150000
0.909110150000 0.358092070000 -0.212811670000 2.969289480000
0.000000000000 0.000000000000 0.000000000000 1.000000000000
8 51 60
0.509197870000 0.818656680000 0.265553710000 -1.310932740000
0.216882710000 0.176536240000 -0.960102520000 2.169322980000
-0.832874190000 0.546476160000 -0.087660610000 2.490958930000
0.000000000000 0.000000000000 0.000000000000 1.000000000000
8 52 60
0.286960330000 0.004113300000 0.957933640000 -2.620061510000
-0.947455630000 0.148779700000 0.283182670000 0.420055890000
-0.141356260000 -0.988861810000 0.046591040000 2.268739450000
0.000000000000 0.000000000000 0.000000000000 1.000000000000
8 53 60
-0.722023150000 0.242268880000 -0.648065090000 0.447161420000
-0.201169560000 0.822705470000 0.531682730000 -0.761444920000
0.661976870000 0.514258210000 -0.545275260000 3.179098240000
0.000000000000 0.000000000000 0.000000000000 1.000000000000
8 54 60
0.553665300000 0.516515110000 0.653197430000 -1.395234190000
-0.366242300000 0.855497210000 -0.366047950000 1.588203660000
-0.747877870000 -0.036560480000 0.662828800000 0.936694560000
0.000000000000 0.000000000000 0.000000000000 1.000000000000
8 55 60
-0.237534310000 -0.725509530000 0.645920560000 -2.050740940000
-0.781436010000 0.537705910000 0.316591410000 -0.577525610000
-0.577005390000 -0.429544270000 -0.694662870000 3.804190660000
0.000000000000 0.000000000000 0.000000000000 1.000000000000
8 56 60
0.743825870000 -0.445039030000 0.498661540000 -1.077856060000
-0.079891530000 0.681531760000 0.727414470000 -0.773871740000
-0.663581510000 -0.580908530000 0.471386100000 1.167123800000
0.000000000000 0.000000000000 0.000000000000 1.000000000000
8 57 60
0.893123110000 0.386641890000 0.229867680000 -1.010487240000
-0.179308850000 -0.162645080000 0.970255080000 -1.374311250000
0.412528110000 -0.907774540000 -0.075933770000 2.121913500000
0.000000000000 0.000000000000 0.000000000000 1.000000000000
8 58 60
-0.800179670000 -0.433129190000 -0.414863340000 1.003557600000
-0.594045170000 0.667624160000 0.448763090000 -0.489031530000
0.082600400000 0.605538670000 -0.791517590000 3.771427300000
0.000000000000 0.000000000000 0.000000000000 1.000000000000
8 59 60
-0.925863380000 -0.375542630000 -0.041770010000 -0.559267530000
-0.204939290000 0.591955810000 -0.779479450000 2.253758870000
0.317453760000 -0.713131160000 -0.625033650000 3.642181540000
0.000000000000 0.000000000000 0.000000000000 1.000000000000
9 11 60
0.437745410000 0.563225080000 -0.700825550000 1.375761420000
-0.349742540000 0.824753460000 0.444366840000 -0.891992290000
0.828286850000 0.050588960000 0.558015820000 0.957920070000
0.000000000000 0.000000000000 0.000000000000 1.000000000000
9 12 60
0.411908850000 -0.742614770000 0.528066670000 -1.921823100000
-0.129548730000 0.525901290000 0.840621770000 -1.347790020000
-0.901969080000 -0.414669910000 0.120418600000 1.769507220000
0.000000000000 0.000000000000 0.000000000000 1.000000000000
9 13 60
-0.492834070000 -0.544135770000 0.678992520000 -1.610208590000
-0.129614550000 0.817543600000 0.561090490000 -0.468339990000
-0.860415390000 0.188517200000 -0.473441250000 3.143584890000
0.000000000000 0.000000000000 0.000000000000 1.000000000000
9 14 60
-0.912732740000 0.152209270000 -0.379145460000 0.206695710000
-0.184081520000 0.675265020000 0.714234660000 -1.153972450000
0.364736810000 0.721699030000 -0.588317580000 3.494469750000
0.000000000000 0.000000000000 0.000000000000 1.000000000000
9 15 60
0.222213110000 -0.907759240000 0.355801200000 -1.718620170000
-0.585083050000 -0.416067400000 -0.696107570000 1.800529180000
0.779935360000 -0.053489020000 -0.623570170000 3.953571870000
0.000000000000 0.000000000000 0.000000000000 1.000000000000
9 16 60
0.440165750000 0.815806830000 -0.375117750000 0.423856050000
0.023567410000 -0.428117150000 -0.903415890000 2.338898710000
-0.897607200000 0.388812180000 -0.207668960000 2.160690800000
0.000000000000 0.000000000000 0.000000000000 1.000000000000
9 17 60
0.832049790000 0.415222240000 -0.367809250000 0.189461120000
-0.016249520000 -0.644546700000 -0.764392240000 1.845638820000
-0.554462900000 0.641989130000 -0.529547780000 3.547854620000
0.000000000000 0.000000000000 0.000000000000 1.000000000000
9 18 60
0.112514480000 -0.948896190000 0.294849980000 -1.556900760000
-0.495499140000 -0.310787610000 -0.811105210000 1.534140310000
0.861290360000 -0.054836830000 -0.505145350000 3.777229220000
0.000000000000 0.000000000000 0.000000000000 1.000000000000
9 19 60
0.989218220000 -0.067751300000 0.129834820000 -0.028106980000
-0.080855700000 -0.991849810000 0.098469820000 0.063555020000
0.122105180000 -0.107906020000 -0.986633980000 2.607525320000
0.000000000000 0.000000000000 0.000000000000 1.000000000000
9 20 60
0.396597365000 0.917989403000 -0.002446798790 -0.826638071000
0.287862713000 -0.126894888000 -0.949227447000 1.813582180000
-0.871691223000 0.375756762000 -0.314581098000 2.748365040000
0.000000000000 0.000000000000 0.000000000000 1.000000000000
9 21 60
0.890965150000 0.219947010000 -0.397246030000 0.156476700000
-0.185073610000 -0.622983060000 -0.760026230000 1.491002100000
-0.414643050000 0.750676640000 -0.514349810000 3.021357530000
0.000000000000 0.000000000000 0.000000000000 1.000000000000
9 22 60
0.738276920000 -0.632485620000 -0.234326950000 -0.764402040000
0.673671680000 0.708632780000 0.209776170000 0.146088930000
0.033371350000 -0.312732340000 0.949254880000 1.176903000000
0.000000000000 0.000000000000 0.000000000000 1.000000000000
9 23 60
-0.808225990000 0.532863850000 -0.250652890000 -0.239161750000
0.260083530000 0.704896550000 0.659907120000 -1.041567650000
0.528325010000 0.468163400000 -0.708304820000 3.200141000000
0.000000000000 0.000000000000 0.000000000000 1.000000000000
9 24 60
-0.667036080000 0.253205920000 -0.700677980000 0.655968520000
0.061092490000 0.955897570000 0.287276090000 -0.579046570000
0.742516380000 0.148817350000 -0.653087140000 3.305072330000
0.000000000000 0.000000000000 0.000000000000 1.000000000000
9 25 60
-0.661023610000 -0.739267260000 -0.128575700000 -0.501002760000
0.139189610000 0.047573430000 -0.989122350000 2.480073150000
0.737342560000 -0.671729620000 0.071451160000 2.286178980000
0.000000000000 0.000000000000 0.000000000000 1.000000000000
9 26 60
0.450760490000 -0.889393410000 0.076120580000 -0.395562950000
-0.207843710000 -0.021641370000 0.977922620000 -1.440839920000
-0.868110580000 -0.456630060000 -0.194609900000 2.390087660000
0.000000000000 0.000000000000 0.000000000000 1.000000000000
9 27 60
-0.395616010000 -0.864266660000 -0.310694570000 -0.518135770000
-0.105948810000 0.378982970000 -0.919318640000 2.049924850000
0.912284400000 -0.330779450000 -0.241499750000 3.167774930000
0.000000000000 0.000000000000 0.000000000000 1.000000000000
9 28 60
-0.958944030000 0.030265040000 -0.281975850000 0.214974660000
-0.257336540000 0.324990380000 0.910032500000 -1.163970860000
0.119181610000 0.945232920000 -0.303859290000 2.261427890000
0.000000000000 0.000000000000 0.000000000000 1.000000000000
9 29 60
-0.783042100000 -0.240620620000 0.573538830000 -1.696581180000
0.266995480000 0.702805550000 0.659376810000 -1.282318030000
-0.561745930000 0.669452080000 -0.486081710000 3.759194180000
0.000000000000 0.000000000000 0.000000000000 1.000000000000
9 30 60
-0.896972130000 -0.422041610000 -0.131612570000 0.131593710000
0.408889710000 -0.905185140000 0.115970110000 0.382388180000
-0.168077960000 0.050206930000 0.984494320000 -0.583161490000
0.000000000000 0.000000000000 0.000000000000 1.000000000000
9 31 60
0.961460770000 -0.080019470000 0.263040060000 -0.977044480000
0.027281760000 0.979755220000 0.198331570000 -0.174350070000
-0.273585260000 -0.183511830000 0.944179280000 -0.108476550000
0.000000000000 0.000000000000 0.000000000000 1.000000000000
9 32 60
-0.233999280000 -0.894546100000 0.380830160000 -2.237127410000
-0.478072970000 -0.235208870000 -0.846240520000 2.005933040000
0.846575790000 -0.380084280000 -0.372619600000 3.287410080000
0.000000000000 0.000000000000 0.000000000000 1.000000000000
9 33 60
-0.966541960000 0.109795370000 -0.231822390000 -0.570907050000
-0.169496810000 0.404963760000 0.898484940000 -2.205310610000
0.192529150000 0.907716550000 -0.372804500000 2.740508220000
0.000000000000 0.000000000000 0.000000000000 1.000000000000
9 34 60
0.702404900000 0.694771760000 0.154659470000 -0.724974910000
-0.266821210000 0.458458230000 -0.847716040000 2.231743460000
-0.659874080000 0.554173480000 0.507403150000 0.572079190000
0.000000000000 0.000000000000 0.000000000000 1.000000000000
9 35 60
-0.263895230000 -0.741149640000 -0.617297760000 1.474014890000
-0.494466720000 0.653443070000 -0.573162120000 1.369757990000
0.828167840000 0.153978450000 -0.538914340000 3.957543810000
0.000000000000 0.000000000000 0.000000000000 1.000000000000
9 36 60
0.450656230000 0.633863590000 -0.628590420000 0.913860390000
0.004935180000 0.702367320000 0.711797580000 -1.063807360000
0.892683930000 -0.323878220000 0.313397980000 0.658398850000
0.000000000000 0.000000000000 0.000000000000 1.000000000000
9 37 60
-0.940863300000 -0.309241350000 0.138369210000 -0.799170320000
0.033314490000 -0.490897660000 -0.870580050000 2.027155380000
0.337144480000 -0.814487120000 0.472169810000 1.241883280000
0.000000000000 0.000000000000 0.000000000000 1.000000000000
9 38 60
-0.490443440000 -0.532715220000 -0.689695390000 1.192110070000
0.513000630000 0.463284340000 -0.722632670000 1.474880410000
0.704482490000 -0.708224620000 0.046068470000 1.878397250000
0.000000000000 0.000000000000 0.000000000000 1.000000000000
9 39 60
0.993791680000 -0.081270270000 -0.075981790000 -1.344754400000
0.079647910000 0.996530500000 -0.024148820000 -0.206539760000
0.077680750000 0.017947110000 0.996816730000 0.038188240000
0.000000000000 0.000000000000 0.000000000000 1.000000000000
9 40 60
0.398355000000 0.240600120000 -0.885112920000 1.614033940000
-0.176408510000 0.967064750000 0.183482440000 -0.503145300000
0.900107400000 0.083050300000 0.427678990000 1.232569480000
0.000000000000 0.000000000000 0.000000000000 1.000000000000
9 41 60
-0.751908890000 -0.321327310000 0.575657690000 -2.185598160000
0.211713890000 0.709239010000 0.672426390000 -1.451354730000
-0.624347860000 0.627478110000 -0.465253670000 3.596503510000
0.000000000000 0.000000000000 0.000000000000 1.000000000000
9 42 60
0.997797909000 -0.065847706500 -0.007963135390 -0.540438514000
0.066326549700 0.989938056000 0.124993733000 -0.094869919300
-0.000347539877 -0.125246653000 0.992125574000 0.025800931700
0.000000000000 0.000000000000 0.000000000000 1.000000000000
9 44 60
0.032443000000 -0.998461880000 0.044959130000 -0.730966720000
-0.379296030000 -0.053917320000 -0.923703120000 2.310969660000
0.924706430000 0.012914880000 -0.380461860000 3.652737800000
0.000000000000 0.000000000000 0.000000000000 1.000000000000
9 46 60
-0.724547900000 -0.099216420000 0.682045770000 -2.738502940000
0.213985800000 0.908298440000 0.359449610000 -0.891375140000
-0.655164420000 0.406386570000 -0.636874830000 3.405772030000
0.000000000000 0.000000000000 0.000000000000 1.000000000000
9 47 60
-0.737099671000 0.585330555000 -0.337745787000 -0.000945609384
0.198105726000 0.664984504000 0.720103972000 -1.487605820000
0.646094572000 0.463879027000 -0.606117194000 3.396608950000
0.000000000000 0.000000000000 0.000000000000 1.000000000000
9 48 60
-0.313134310000 0.576045870000 -0.755061630000 1.480419880000
-0.293687440000 0.697341250000 0.653806450000 -1.560022720000
0.903158120000 0.426481350000 -0.049184040000 2.012015260000
0.000000000000 0.000000000000 0.000000000000 1.000000000000
9 49 60
0.266970950000 -0.402955300000 -0.875416210000 1.465257370000
0.571699430000 0.797502210000 -0.192743300000 0.698587180000
0.775813300000 -0.449018080000 0.443279240000 1.389127830000
0.000000000000 0.000000000000 0.000000000000 1.000000000000
9 50 60
0.231077390000 -0.426524400000 -0.874459930000 1.380096800000
-0.030037350000 0.895229300000 -0.444592240000 1.134190520000
0.972471590000 0.129001670000 0.194055590000 1.732447860000
0.000000000000 0.000000000000 0.000000000000 1.000000000000
9 51 60
0.182243930000 -0.654930930000 -0.733384370000 1.230419900000
0.562444320000 0.681232520000 -0.468592190000 0.938323580000
0.806500800000 -0.327089790000 0.492512670000 1.123794940000
0.000000000000 0.000000000000 0.000000000000 1.000000000000
9 52 60
0.002889673950 -0.999054526000 -0.043378610000 -0.538866704000
-0.547698885000 -0.037875095800 0.835817808000 -1.206258360000
-0.836670533000 0.021343175400 -0.547290497000 3.743747750000
0.000000000000 0.000000000000 0.000000000000 1.000000000000
9 53 60
-0.703948120000 0.264967490000 -0.658975930000 0.469233090000
-0.429477040000 0.580167090000 0.692066200000 -0.989429170000
0.565691190000 0.770193730000 -0.294610070000 2.243435290000
0.000000000000 0.000000000000 0.000000000000 1.000000000000
9 54 60
0.504172340000 0.826680230000 -0.249820030000 -0.252834200000
0.850959150000 -0.524870050000 -0.019492530000 -0.542228500000
-0.147237140000 -0.202759050000 -0.968096070000 4.842186150000
0.000000000000 0.000000000000 0.000000000000 1.000000000000
9 55 60
-0.976868470000 -0.045652900000 -0.208911020000 -0.261267560000
0.112689510000 -0.940187310000 -0.321479220000 0.956330250000
-0.181739030000 -0.337584990000 0.923583940000 -0.041728710000
0.000000000000 0.000000000000 0.000000000000 1.000000000000
9 56 60
-0.244058780000 0.634087250000 -0.733736100000 0.773332080000
-0.351225040000 0.647452350000 0.676347850000 -0.761020540000
0.903922720000 0.422775120000 0.064690890000 2.053537580000
0.000000000000 0.000000000000 0.000000000000 1.000000000000
9 57 60
-0.482773400000 0.843013400000 0.237188230000 -0.796476050000
-0.009426080000 0.265823760000 -0.963975560000 2.414568770000
-0.875694580000 -0.467617520000 -0.120386330000 2.509762780000
0.000000000000 0.000000000000 0.000000000000 1.000000000000
9 59 60
0.693170340000 0.071211170000 0.717247420000 -1.615572170000
-0.165274460000 0.984296790000 0.062001520000 0.209455420000
-0.701569130000 -0.161520300000 0.694054720000 0.609165840000
0.000000000000 0.000000000000 0.000000000000 1.000000000000
10 12 60
-0.883797660000 0.430641340000 -0.182892680000 -0.004723910000
0.013748790000 -0.366831940000 -0.930185620000 2.284048710000
-0.467667260000 -0.824610430000 0.318284420000 1.629225970000
0.000000000000 0.000000000000 0.000000000000 1.000000000000
10 13 60
0.833746450000 0.315531000000 0.453108210000 -1.316941350000
0.513089580000 -0.745908720000 -0.424687260000 0.964974930000
0.203975370000 0.586566600000 -0.783794410000 4.762511530000
0.000000000000 0.000000000000 0.000000000000 1.000000000000
10 14 60
-0.571161530000 -0.798806520000 0.188898520000 -0.689036920000
0.175346160000 0.106080960000 0.978775030000 -1.593246610000
-0.801890410000 0.592161270000 0.079478290000 2.589861660000
0.000000000000 0.000000000000 0.000000000000 1.000000000000
10 15 60
-0.313613740000 -0.743660720000 0.590436400000 -1.832934210000
0.536068530000 0.374577310000 0.756519910000 -0.921374420000
-0.783758220000 0.553769410000 0.281180520000 2.112237980000
0.000000000000 0.000000000000 0.000000000000 1.000000000000
10 16 60
-0.659891210000 0.549154860000 -0.512808480000 0.458878190000
-0.170432300000 0.555314730000 0.813989180000 -1.248592640000
0.731776210000 0.624543430000 -0.272853580000 3.341473510000
0.000000000000 0.000000000000 0.000000000000 1.000000000000
10 17 60
-0.660657090000 -0.479344350000 0.577720700000 -1.624201660000
-0.348578880000 -0.485701830000 -0.801614930000 1.881515380000
0.664849590000 -0.730973820000 0.153793040000 2.273874960000
0.000000000000 0.000000000000 0.000000000000 1.000000000000
10 18 60
-0.229582993000 0.970950529000 0.067429365700 -0.026804587200
-0.001448188090 0.068939035100 -0.997619823000 2.183067330000
-0.973288011000 -0.229134195000 -0.014421111000 2.263899150000
0.000000000000 0.000000000000 0.000000000000 1.000000000000
10 19 60
-0.229303650000 -0.936515040000 -0.265253480000 -0.086340320000
-0.242378700000 0.318869050000 -0.916283310000 1.418588240000
0.942694220000 -0.145815310000 -0.300109140000 3.317440580000
0.000000000000 0.000000000000 0.000000000000 1.000000000000
10 20 60
0.991403750000 -0.018798920000 -0.129480480000 -0.021025740000
0.051852100000 0.965043830000 0.256908090000 -0.368804690000
0.120124750000 -0.261413480000 0.957722840000 1.842396330000
0.000000000000 0.000000000000 0.000000000000 1.000000000000
10 21 60
0.712998040000 0.412735280000 -0.566818640000 0.913888560000
0.432624570000 0.377213890000 0.818868530000 -0.583598710000
0.551787800000 -0.829071330000 0.090393340000 2.379312270000
0.000000000000 0.000000000000 0.000000000000 1.000000000000
10 22 60
0.814207670000 0.470134660000 -0.340645380000 1.115955110000
-0.055450210000 0.647028720000 0.760446650000 -0.425864940000
0.577919670000 -0.600272640000 0.552884810000 1.407940890000
0.000000000000 0.000000000000 0.000000000000 1.000000000000
10 23 60
-0.843565150000 0.324995860000 -0.427522550000 0.544703060000
-0.226246580000 0.506921090000 0.831771300000 -1.494272430000
0.487042430000 0.798378790000 -0.354091770000 3.404704890000
0.000000000000 0.000000000000 0.000000000000 1.000000000000
10 24 60
0.581501260000 0.769524550000 -0.263985330000 1.174469100000
-0.803112340000 0.491181980000 -0.337269660000 -0.065665430000
-0.129872450000 0.408132600000 0.903637610000 1.142469330000
0.000000000000 0.000000000000 0.000000000000 1.000000000000
10 25 60
0.809669610000 -0.359823260000 0.463640320000 -1.380336170000
-0.482009940000 0.042987070000 0.875110580000 -1.387144710000
-0.334815680000 -0.932029680000 -0.138633070000 2.612168220000
0.000000000000 0.000000000000 0.000000000000 1.000000000000
10 26 60
0.211518540000 0.866150140000 0.452817680000 -1.646165690000
0.817378370000 0.097251410000 -0.567833400000 1.215329120000
-0.535866140000 0.490230660000 -0.687401910000 4.304589580000
0.000000000000 0.000000000000 0.000000000000 1.000000000000
10 27 60
0.036921730000 0.997751620000 0.055932910000 -0.464486960000
-0.351837600000 -0.039408350000 0.935231140000 -1.242784070000
0.935332610000 -0.054209660000 0.349591510000 1.930328710000
0.000000000000 0.000000000000 0.000000000000 1.000000000000
10 28 60
0.647913250000 0.608435030000 0.458274190000 -1.500283490000
0.568650000000 0.013932560000 -0.822461590000 1.761602150000
-0.506799370000 0.793481380000 -0.336959490000 2.799546820000
0.000000000000 0.000000000000 0.000000000000 1.000000000000
10 29 60
0.958227530000 0.115501480000 0.261647480000 -1.210235570000
-0.170911310000 0.964765890000 0.200040270000 -0.014796300000
-0.229323620000 -0.236402600000 0.944205740000 0.197141550000
0.000000000000 0.000000000000 0.000000000000 1.000000000000
10 30 60
-0.858103690000 -0.015098590000 0.513254400000 -0.801936960000
0.260726270000 0.848309970000 0.460860070000 -1.585113790000
-0.442357170000 0.529284630000 -0.724001320000 4.428061470000
0.000000000000 0.000000000000 0.000000000000 1.000000000000
10 31 60
0.913861910000 -0.299593620000 -0.274043920000 0.712911800000
0.404452320000 0.731049190000 0.549531980000 -0.834786090000
0.035703310000 -0.613034050000 0.789249350000 0.273605490000
0.000000000000 0.000000000000 0.000000000000 1.000000000000
10 32 60
0.398556490000 -0.837595490000 0.373612800000 -1.438905080000
-0.328097390000 -0.510619230000 -0.794745310000 1.556424620000
0.856448960000 0.194169520000 -0.478323500000 4.012425250000
0.000000000000 0.000000000000 0.000000000000 1.000000000000
10 33 60
-0.602460400000 0.155457050000 -0.782863060000 1.669210790000
-0.741705430000 0.253252390000 0.621076710000 -2.036480230000
0.294812690000 0.954827910000 -0.037271200000 3.039389790000
0.000000000000 0.000000000000 0.000000000000 1.000000000000
10 34 60
0.949733490000 -0.313005170000 0.005837160000 -0.130873230000
0.289629640000 0.871423440000 -0.395898790000 0.877604380000
0.118831730000 0.377688960000 0.918275600000 0.512599250000
0.000000000000 0.000000000000 0.000000000000 1.000000000000
10 35 60
0.586123050000 -0.804290370000 0.097860960000 0.420914510000
0.485029600000 0.445056160000 0.752775730000 -1.827247080000
-0.649003890000 -0.393753750000 0.650962310000 0.481204680000
0.000000000000 0.000000000000 0.000000000000 1.000000000000
10 36 60
0.987653150000 -0.112092260000 -0.109437530000 0.500618330000
0.060059150000 0.916137780000 -0.396338830000 0.826461760000
0.144686370000 0.384872570000 0.911558530000 0.781680600000
0.000000000000 0.000000000000 0.000000000000 1.000000000000
10 37 60
0.395960420000 0.585679630000 -0.707244450000 1.551929350000
-0.175988700000 -0.707515590000 -0.684433830000 1.561218450000
-0.901245430000 0.395475740000 -0.177075180000 2.815820320000
0.000000000000 0.000000000000 0.000000000000 1.000000000000
10 39 60
-0.518191060000 -0.562332550000 0.644406800000 -1.688648770000
-0.068833670000 0.778435520000 0.623939160000 -1.695671700000
-0.852490440000 0.278962800000 -0.442085740000 3.788158640000
0.000000000000 0.000000000000 0.000000000000 1.000000000000
10 40 60
0.949379310000 -0.188115150000 0.251578260000 -0.931763290000
0.183524580000 0.982125620000 0.041809100000 -0.191556940000
-0.254946380000 0.006478100000 0.966933490000 0.053659240000
0.000000000000 0.000000000000 0.000000000000 1.000000000000
10 41 60
0.987671980000 -0.068214040000 0.140893220000 -0.499069110000
0.061118730000 0.996663710000 0.054092000000 0.027385590000
-0.144112990000 -0.044813940000 0.988545980000 0.219655590000
0.000000000000 0.000000000000 0.000000000000 1.000000000000
10 42 60
-0.876276950000 -0.205924770000 0.435584320000 -0.793226140000
0.155792460000 0.734394490000 0.660600820000 -1.516508310000
-0.455924790000 0.646730030000 -0.611451440000 4.391567500000
0.000000000000 0.000000000000 0.000000000000 1.000000000000
10 43 60
-0.539253360000 0.004246820000 0.842132880000 -2.469231270000
0.326662790000 0.922746930000 0.204522670000 -0.616396540000
-0.776206960000 0.385383010000 -0.498981660000 3.812128920000
0.000000000000 0.000000000000 0.000000000000 1.000000000000
10 44 60
0.294733640000 -0.791505360000 0.535398300000 -1.106682230000
-0.656398770000 -0.574877180000 -0.488525210000 1.509677040000
0.694458590000 -0.207449980000 -0.688978790000 4.744265430000
0.000000000000 0.000000000000 0.000000000000 1.000000000000
10 45 60
0.959141240000 -0.217111090000 0.181413510000 -0.433314730000
0.162837530000 -0.100743220000 -0.981496170000 2.359660800000
0.231369890000 0.970934380000 -0.061273150000 2.699100850000
0.000000000000 0.000000000000 0.000000000000 1.000000000000
10 46 60
0.997624300000 -0.068054290000 -0.010694400000 0.177284630000
0.031953620000 0.594657350000 -0.803344010000 1.659596040000
0.061030510000 0.801093780000 0.595419210000 1.183500160000
0.000000000000 0.000000000000 0.000000000000 1.000000000000
10 47 60
0.505963290000 -0.274939270000 0.817563180000 -1.881431900000
0.278942860000 0.949062220000 0.146532560000 -0.200369500000
-0.816205880000 0.153913310000 0.556882980000 0.613908490000
0.000000000000 0.000000000000 0.000000000000 1.000000000000
10 48 60
0.864220690000 0.254149510000 0.434201130000 -1.458429110000
-0.502445850000 0.480412270000 0.718854790000 -1.895855170000
-0.025898960000 -0.839411750000 0.542878590000 2.072180550000
0.000000000000 0.000000000000 0.000000000000 1.000000000000
10 49 60
0.437685210000 -0.490549030000 0.753520610000 -1.555077390000
0.662962170000 0.742198540000 0.098094240000 0.218723840000
-0.607381930000 0.456621260000 0.650064770000 1.125408210000
0.000000000000 0.000000000000 0.000000000000 1.000000000000
10 50 60
0.689018280000 0.616474780000 0.381067780000 -0.692131650000
-0.674294740000 0.738030300000 0.025256210000 0.188002810000
-0.265669750000 -0.274353990000 0.924202070000 0.278148220000
0.000000000000 0.000000000000 0.000000000000 1.000000000000
10 51 60
0.539756990000 -0.691307900000 0.480370460000 -0.939420650000
0.379741480000 -0.309327150000 -0.871844670000 1.765410220000
0.751304730000 0.653000840000 0.095556790000 2.364746630000
0.000000000000 0.000000000000 0.000000000000 1.000000000000
10 52 60
0.648901000000 0.574743930000 0.498594930000 -0.874951700000
-0.501166340000 0.815919250000 -0.288284720000 0.625500620000
-0.572503100000 -0.062810750000 0.817493130000 1.688045580000
0.000000000000 0.000000000000 0.000000000000 1.000000000000
10 53 60
-0.804826900000 0.093467650000 -0.586103630000 1.185248260000
0.500677160000 0.637213100000 -0.585902590000 1.040336080000
0.318709980000 -0.764998860000 -0.559643360000 3.754065090000
0.000000000000 0.000000000000 0.000000000000 1.000000000000
10 54 60
0.941554930000 0.313718660000 0.122698500000 -0.894436130000
0.253945640000 -0.421723080000 -0.870437390000 1.840622820000
-0.221327660000 0.850723370000 -0.476742930000 3.400045640000
0.000000000000 0.000000000000 0.000000000000 1.000000000000
10 55 60
0.464501090000 -0.836293400000 0.291293800000 -0.548938370000
-0.672019040000 -0.118651580000 0.730966630000 -1.554455060000
-0.576740100000 -0.535289780000 -0.617118880000 3.476528160000
0.000000000000 0.000000000000 0.000000000000 1.000000000000
10 56 60
0.940765370000 -0.189683580000 0.281034990000 -0.625663220000
0.089021340000 0.937973700000 0.335082880000 -0.294168150000
-0.327163150000 -0.290216260000 0.899299060000 1.050094400000
0.000000000000 0.000000000000 0.000000000000 1.000000000000
10 57 60
0.658301650000 0.744086420000 -0.113904940000 -0.115773150000
0.013150950000 0.139926070000 0.990074620000 -1.718183730000
0.752639350000 -0.653265710000 0.082328120000 1.991884190000
0.000000000000 0.000000000000 0.000000000000 1.000000000000
10 58 60
-0.729006470000 -0.610102080000 0.310362700000 -0.654429860000
-0.291405810000 -0.133656130000 -0.947216290000 2.312802500000
0.619380510000 -0.780968300000 -0.080351100000 2.801773820000
0.000000000000 0.000000000000 0.000000000000 1.000000000000
10 59 60
0.808913750000 -0.163290410000 0.564796230000 -1.303832850000
-0.028166320000 -0.970316780000 -0.240191590000 0.591527910000
0.587252250000 0.178386040000 -0.789501880000 4.448478170000
0.000000000000 0.000000000000 0.000000000000 1.000000000000
11 13 60
0.494529600000 -0.669768650000 0.553940810000 -1.183771280000
0.504530980000 0.740169930000 0.444518810000 -0.562094530000
-0.707735100000 0.059652590000 0.703954970000 1.504459010000
0.000000000000 0.000000000000 0.000000000000 1.000000000000
11 14 60
-0.567835910000 0.656599390000 -0.496426850000 0.954725420000
-0.612116260000 0.066388830000 0.787976020000 -1.614207510000
0.550341770000 0.751312030000 0.364217200000 2.191679140000
0.000000000000 0.000000000000 0.000000000000 1.000000000000
11 15 60
-0.759952070000 0.607558210000 -0.230967250000 0.395093140000
-0.272456330000 0.024855920000 0.961847040000 -1.808023790000
0.590118970000 0.793886140000 0.146643770000 2.461289610000
0.000000000000 0.000000000000 0.000000000000 1.000000000000
11 16 60
-0.918240220000 -0.164277680000 0.360343920000 -1.385680930000
-0.382837570000 0.135374950000 -0.913842990000 1.613023540000
0.101342470000 -0.977080580000 -0.187198400000 3.063533990000
0.000000000000 0.000000000000 0.000000000000 1.000000000000
11 17 60
0.471094410000 0.479731840000 -0.740221200000 1.034018450000
-0.136666250000 0.868737070000 0.476044360000 -0.925099670000
0.871431230000 -0.123098590000 0.474820330000 1.988035720000
0.000000000000 0.000000000000 0.000000000000 1.000000000000
11 18 60
0.857508550000 0.513036790000 -0.038371010000 0.647277820000
-0.431138910000 0.757307910000 0.490513990000 -0.568762800000
0.280710390000 -0.404076700000 0.870588130000 1.127751900000
0.000000000000 0.000000000000 0.000000000000 1.000000000000
11 19 60
0.685805550000 0.715664170000 0.132270690000 0.429800770000
-0.610972370000 0.467388990000 0.638952500000 -0.403061610000
0.395453550000 -0.519010910000 0.757789000000 1.419429660000
0.000000000000 0.000000000000 0.000000000000 1.000000000000
11 20 60
-0.714995590000 -0.643031730000 -0.274392960000 -0.494404460000
0.307111090000 -0.641463080000 0.702999220000 -1.160817940000
-0.628063760000 0.418372220000 0.656125450000 1.918885140000
0.000000000000 0.000000000000 0.000000000000 1.000000000000
11 21 60
-0.482892260000 -0.405276740000 0.776251140000 -1.754806160000
-0.809885810000 -0.130417090000 -0.571905900000 0.616195810000
0.333016570000 -0.904843710000 -0.265250470000 2.981945450000
0.000000000000 0.000000000000 0.000000000000 1.000000000000
11 22 60
-0.977099910000 -0.212668450000 0.006920440000 -0.908219010000
0.114497020000 -0.498083550000 0.859536630000 -1.803371200000
-0.179349370000 0.840645530000 0.511027290000 2.279372260000
0.000000000000 0.000000000000 0.000000000000 1.000000000000
11 23 60
0.787568530000 0.383529140000 -0.482328950000 1.228957310000
-0.020162960000 0.798332240000 0.601879630000 -1.310462670000
0.615897130000 -0.464296270000 0.636474430000 1.219322810000
0.000000000000 0.000000000000 0.000000000000 1.000000000000
11 24 60
-0.595677530000 -0.152353350000 0.788642340000 -1.501048940000
0.463199470000 0.736985730000 0.492238040000 -1.323046200000
-0.656212260000 0.658513850000 -0.368435850000 3.335356040000
0.000000000000 0.000000000000 0.000000000000 1.000000000000
11 25 60
0.872691720000 -0.469280720000 0.134850910000 -0.603461630000
0.011896150000 0.296533260000 0.954948430000 -2.110658720000
-0.488126670000 -0.831771380000 0.264364760000 2.267832610000
0.000000000000 0.000000000000 0.000000000000 1.000000000000
11 26 60
-0.844847940000 0.018227100000 -0.534695920000 1.122413480000
-0.417435390000 -0.647570480000 0.637495230000 -1.154125780000
-0.334633610000 0.761787540000 0.554707220000 1.804421960000
0.000000000000 0.000000000000 0.000000000000 1.000000000000
11 27 60
0.900937990000 0.056221480000 0.430290470000 -0.796449350000
0.430680390000 -0.237297580000 -0.870749250000 1.748606390000
0.053152070000 0.969808750000 -0.238003890000 3.088324580000
0.000000000000 0.000000000000 0.000000000000 1.000000000000
11 28 60
0.990416580000 0.129430250000 0.048195490000 -0.440839070000
-0.110240760000 0.530640330000 0.840397420000 -1.468265100000
0.083198380000 -0.837656640000 0.539823470000 1.644380600000
0.000000000000 0.000000000000 0.000000000000 1.000000000000
11 29 60
-0.086644430000 0.624550030000 -0.776163640000 2.535834590000
-0.951616870000 0.178673330000 0.250002350000 -0.497364130000
0.294818720000 0.760271730000 0.578851300000 1.550456450000
0.000000000000 0.000000000000 0.000000000000 1.000000000000
11 30 60
-0.925958250000 -0.214514480000 -0.310781060000 1.384458530000
-0.277834630000 0.944378800000 0.175944880000 -0.720734400000
0.255752320000 0.249263350000 -0.934054890000 4.970086290000
0.000000000000 0.000000000000 0.000000000000 1.000000000000
11 31 60
-0.497866300000 -0.852567370000 0.158927750000 -1.085347910000
0.263899340000 0.025632080000 0.964209590000 -2.650305750000
-0.826127280000 0.521988390000 0.212230620000 1.953964940000
0.000000000000 0.000000000000 0.000000000000 1.000000000000
11 32 60
-0.970910620000 -0.171509850000 0.167083650000 -0.820742370000
-0.170783300000 0.006940960000 -0.985284170000 2.049538480000
0.167826220000 -0.985157950000 -0.036030070000 2.441054360000
0.000000000000 0.000000000000 0.000000000000 1.000000000000
11 33 60
0.417354050000 -0.160630090000 -0.894434780000 2.342352120000
-0.570190780000 0.720108550000 -0.395381020000 0.646488580000
0.707600220000 0.675012330000 0.208950430000 2.163763520000
0.000000000000 0.000000000000 0.000000000000 1.000000000000
11 34 60
0.786346010000 -0.605466540000 0.122760860000 -0.557131770000
0.601467810000 0.795678310000 0.071641530000 -0.137104040000
-0.141054700000 0.017501670000 0.989847090000 -0.096932320000
0.000000000000 0.000000000000 0.000000000000 1.000000000000
11 35 60
0.417606460000 0.868020580000 -0.268598430000 0.876361330000
-0.908609750000 0.397061800000 -0.129499980000 -0.465511940000
-0.005758480000 0.298131180000 0.954507540000 0.009644600000
0.000000000000 0.000000000000 0.000000000000 1.000000000000
11 36 60
0.938389530000 -0.112562450000 0.326733520000 -0.976035670000
-0.156892120000 -0.981178740000 0.112575030000 -0.742791050000
0.307912260000 -0.156901150000 -0.938388020000 5.173133450000
0.000000000000 0.000000000000 0.000000000000 1.000000000000
11 37 60
-0.958284500000 0.049113300000 0.281564720000 -0.665102640000
-0.285632410000 -0.199868240000 -0.937265600000 2.007432710000
0.010243640000 -0.978591110000 0.205558990000 1.672816830000
0.000000000000 0.000000000000 0.000000000000 1.000000000000
11 38 60
0.277233070000 -0.284530230000 0.917706040000 -2.015355220000
-0.452120600000 -0.881419790000 -0.136697150000 0.260260910000
0.847778740000 -0.377016840000 -0.373000690000 3.575778830000
0.000000000000 0.000000000000 0.000000000000 1.000000000000
11 39 60
0.994984080000 -0.036717440000 0.093051170000 -0.216628150000
0.031914730000 0.998106250000 0.052586750000 -0.214936540000
-0.094805800000 -0.049353270000 0.994271650000 -0.270963820000
0.000000000000 0.000000000000 0.000000000000 1.000000000000
11 40 60
0.978184380000 0.008953840000 -0.207545520000 0.444879280000
0.003428400000 0.998238830000 0.059224000000 -0.632902240000
0.207710280000 -0.058643540000 0.976430940000 -0.140981620000
0.000000000000 0.000000000000 0.000000000000 1.000000000000
11 41 60
0.859639070000 -0.070137780000 -0.506064590000 1.096843000000
-0.090332450000 0.954060270000 -0.285672970000 0.658588100000
0.502852590000 0.291289700000 0.813811760000 0.486298790000
0.000000000000 0.000000000000 0.000000000000 1.000000000000
11 42 60
-0.118457280000 0.094605810000 -0.988442010000 2.155004160000
-0.640037910000 0.753787170000 0.148850210000 -0.798099010000
0.759157000000 0.650272750000 -0.028740270000 2.946803590000
0.000000000000 0.000000000000 0.000000000000 1.000000000000
11 43 60
-0.647905550000 0.328966000000 -0.687022390000 1.777440600000
0.662987220000 -0.200550180000 -0.721268030000 2.110624740000
-0.375055120000 -0.922800630000 -0.088162680000 3.206006900000
0.000000000000 0.000000000000 0.000000000000 1.000000000000
11 44 60
0.868735460000 0.131286550000 -0.477558940000 0.956363000000
0.398920410000 -0.756943080000 0.517590260000 -1.115406160000
-0.293532300000 -0.640157020000 -0.709956180000 4.858716460000
0.000000000000 0.000000000000 0.000000000000 1.000000000000
11 45 60
0.908056390000 -0.329565860000 0.258495520000 -0.356872550000
0.394230110000 0.880963730000 -0.261697390000 0.245768450000
-0.141478650000 0.339542710000 0.929889530000 -0.074337350000
0.000000000000 0.000000000000 0.000000000000 1.000000000000
11 46 60
-0.999840313000 0.016386911100 0.007128700490 -0.290098105000
0.017553573800 0.825814061000 0.563669237000 -1.734538530000
0.003349816560 0.563704361000 -0.825969838000 4.702279610000
0.000000000000 0.000000000000 0.000000000000 1.000000000000
11 47 60
0.606638290000 -0.038200640000 -0.794059630000 2.198358170000
-0.303539290000 0.912038370000 -0.275771490000 0.411985710000
0.734747500000 0.408321840000 0.541682000000 1.304864700000
0.000000000000 0.000000000000 0.000000000000 1.000000000000
11 48 60
-0.819555970000 -0.053607550000 -0.570485970000 1.299579010000
-0.489953820000 0.581801920000 0.649193180000 -1.519829230000
0.297108180000 0.811561920000 -0.503084460000 3.159712100000
0.000000000000 0.000000000000 0.000000000000 1.000000000000
11 49 60
0.450221990000 -0.830576730000 0.327784170000 -0.905776940000
0.853163580000 0.508458320000 0.116542060000 -0.482735270000
-0.263461710000 0.227183710000 0.937536930000 0.307950770000
0.000000000000 0.000000000000 0.000000000000 1.000000000000
11 50 60
0.458501590000 -0.695565540000 0.553140910000 -1.840405230000
0.260061290000 -0.490158880000 -0.831932930000 1.268300990000
0.849790810000 0.525293110000 -0.043848960000 2.817855430000
0.000000000000 0.000000000000 0.000000000000 1.000000000000
11 51 60
0.000816416492 0.796116009000 -0.605143482000 1.722728390000
0.912624306000 0.246788738000 0.325902125000 -1.191992650000
0.408798496000 -0.552534722000 -0.726353337000 4.188447660000
0.000000000000 0.000000000000 0.000000000000 1.000000000000
11 52 60
0.834550090000 0.096292050000 0.542451830000 -1.021711030000
-0.089233950000 0.995231820000 -0.039381760000 0.040091530000
-0.543657470000 -0.015539070000 0.839163330000 1.050469820000
0.000000000000 0.000000000000 0.000000000000 1.000000000000
11 53 60
0.107842810000 0.977117920000 -0.183331680000 -0.017061620000
-0.962875760000 0.148559570000 0.225389250000 -0.370308420000
0.247467560000 0.152219020000 0.956864240000 1.004213410000
0.000000000000 0.000000000000 0.000000000000 1.000000000000
11 54 60
0.252772820000 0.954060410000 0.160855970000 -0.423758670000
0.896061690000 -0.168135200000 -0.410857650000 0.333138720000
-0.364937470000 0.247990510000 -0.897396990000 5.007601080000
0.000000000000 0.000000000000 0.000000000000 1.000000000000
11 55 60
0.181896510000 0.662142860000 -0.726966640000 1.368289170000
-0.982820680000 0.098920380000 -0.155814880000 -0.294523380000
-0.031259890000 0.742820030000 0.668760970000 1.305244620000
0.000000000000 0.000000000000 0.000000000000 1.000000000000
11 56 60
-0.919070420000 0.130487050000 -0.371863820000 0.356217700000
-0.292506870000 -0.858214910000 0.421790100000 -1.117728320000
-0.264100930000 0.496427530000 0.826928300000 1.418765250000
0.000000000000 0.000000000000 0.000000000000 1.000000000000
11 57 60
0.968545640000 -0.248187710000 0.017949940000 0.322198500000
-0.111044130000 -0.495646280000 -0.861396520000 1.642366030000
0.222684850000 0.832308610000 -0.507615840000 4.068575360000
0.000000000000 0.000000000000 0.000000000000 1.000000000000
11 58 60
0.993449400000 0.104808010000 0.045536370000 -0.020924420000
-0.110050560000 0.770178170000 0.628263050000 -1.701423110000
0.030775880000 -0.629158860000 0.776667230000 1.647162490000
0.000000000000 0.000000000000 0.000000000000 1.000000000000
11 59 60
0.626790100000 0.326561080000 -0.707454620000 2.141713400000
-0.381944650000 0.920143010000 0.086343030000 0.052486580000
0.679155700000 0.216089550000 0.701464780000 1.237825490000
0.000000000000 0.000000000000 0.000000000000 1.000000000000
12 14 60
0.841952820000 0.229892150000 -0.488124010000 1.015553800000
-0.206322890000 0.973108470000 0.102424500000 -0.483193560000
0.498544200000 0.014474560000 0.866743430000 0.775254760000
0.000000000000 0.000000000000 0.000000000000 1.000000000000
12 15 60
-0.797768320000 0.347306610000 0.492893320000 -1.239723850000
-0.292158630000 0.492430150000 -0.819851130000 1.779148230000
-0.527455250000 -0.798054300000 -0.291376550000 2.442130940000
0.000000000000 0.000000000000 0.000000000000 1.000000000000
12 16 60
0.034866110000 -0.978766740000 -0.201990150000 0.623923390000
0.717291780000 -0.116228090000 0.687010570000 -1.403642960000
-0.695900030000 -0.168839260000 0.698008920000 0.777435870000
0.000000000000 0.000000000000 0.000000000000 1.000000000000
12 17 60
-0.516363320000 0.676265350000 -0.525389470000 0.839282200000
-0.622436240000 0.124989750000 0.772625840000 -1.931959130000
0.588168380000 0.725977090000 0.356391950000 1.798029370000
0.000000000000 0.000000000000 0.000000000000 1.000000000000
12 18 60
0.900511510000 0.292476250000 -0.321771120000 0.600968030000
-0.168259470000 0.916721340000 0.362368230000 -0.885229280000
0.400958560000 -0.272175730000 0.874730020000 0.925483720000
0.000000000000 0.000000000000 0.000000000000 1.000000000000
12 19 60
-0.457052500000 -0.551830730000 -0.697557060000 0.409470090000
0.367239770000 -0.831376220000 0.417071380000 -0.337895600000
-0.810085160000 -0.065547180000 0.582636770000 1.030547010000
0.000000000000 0.000000000000 0.000000000000 1.000000000000
12 20 60
-0.182031490000 -0.976351740000 0.116626850000 -0.368461520000
0.588207640000 -0.013076590000 0.808604210000 -1.003604560000
-0.787957050000 0.215792230000 0.576677900000 0.928842730000
0.000000000000 0.000000000000 0.000000000000 1.000000000000
12 21 60
-0.648765450000 0.721694140000 -0.241373070000 0.141152300000
0.371737240000 0.023788570000 -0.928033150000 1.513035350000
-0.664014170000 -0.691803200000 -0.283713790000 2.021325650000
0.000000000000 0.000000000000 0.000000000000 1.000000000000
12 22 60
0.917672540000 -0.065185680000 0.391954000000 -0.273112200000
-0.092869420000 -0.994315900000 0.052068750000 -1.028601980000
0.386331960000 -0.084182600000 -0.918510160000 3.844200570000
0.000000000000 0.000000000000 0.000000000000 1.000000000000
12 23 60
0.397790080000 -0.673099190000 0.623458520000 -0.788398170000
-0.660008720000 -0.681960340000 -0.315148510000 0.210213060000
0.637300190000 -0.286125110000 -0.715528400000 4.404259040000
0.000000000000 0.000000000000 0.000000000000 1.000000000000
12 24 60
-0.915796070000 -0.014751470000 0.401372590000 -1.024221220000
-0.389673440000 -0.209520870000 -0.896803000000 1.408236310000
0.097325100000 -0.977692900000 0.186130130000 2.211814670000
0.000000000000 0.000000000000 0.000000000000 1.000000000000
12 25 60
0.281262630000 -0.928933890000 -0.240776180000 0.906051060000
0.238707640000 -0.175292630000 0.955139340000 -2.004846250000
-0.929467590000 -0.326120120000 0.172440350000 1.691476030000
0.000000000000 0.000000000000 0.000000000000 1.000000000000
12 26 60
0.435746980000 0.895556320000 -0.090019120000 -0.193314360000
-0.834904410000 0.439534880000 0.331275880000 -1.135556680000
0.336242750000 -0.069195100000 0.939229920000 0.384929150000
0.000000000000 0.000000000000 0.000000000000 1.000000000000
12 27 60
-0.852930990000 -0.203773180000 -0.480609220000 1.078467410000
-0.066318420000 -0.870908320000 0.486950270000 -1.139224360000
-0.517793970000 0.447208220000 0.729310780000 1.139213880000
0.000000000000 0.000000000000 0.000000000000 1.000000000000
12 28 60
0.745066280000 0.661804240000 -0.083014340000 -0.253714950000
-0.532664140000 0.665296640000 0.523114990000 -1.573041880000
0.401428880000 -0.345536570000 0.848209480000 0.772855780000
0.000000000000 0.000000000000 0.000000000000 1.000000000000
12 29 60
-0.263179290000 -0.819916560000 0.508402880000 -0.893692890000
-0.816909350000 -0.090945370000 -0.569550740000 1.174276880000
0.513220980000 -0.565213030000 -0.645862570000 3.329181350000
0.000000000000 0.000000000000 0.000000000000 1.000000000000
12 30 60
0.274351020000 0.703813480000 -0.655269490000 1.931022810000
0.934566530000 -0.034623570000 0.354099720000 -0.924696490000
0.226532390000 -0.709540550000 -0.667259530000 4.385257320000
0.000000000000 0.000000000000 0.000000000000 1.000000000000
12 31 60
0.690988590000 0.145987020000 -0.707970740000 2.465787140000
-0.161978920000 0.985759630000 0.045174930000 -0.227812440000
0.704483930000 0.083460970000 0.704795480000 0.688099770000
0.000000000000 0.000000000000 0.000000000000 1.000000000000
12 32 60
0.673160190000 -0.730192350000 -0.116937977000 0.742017416000
0.739496519000 0.664798854000 0.105770425000 0.388855864000
0.000507477959 -0.157675666000 0.987490824000 -0.178392865000
0.000000000000 0.000000000000 0.000000000000 1.000000000000
12 33 60
-0.663480510000 0.011947130000 0.748098170000 -2.461295870000
0.443260160000 0.811788080000 0.380158570000 -1.355684940000
-0.602755380000 0.583829920000 -0.543901260000 3.514098260000
0.000000000000 0.000000000000 0.000000000000 1.000000000000
12 34 60
-0.174415770000 -0.108693340000 0.978654640000 -2.548354400000
-0.968631650000 -0.159725650000 -0.190369250000 0.592924640000
0.177008110000 -0.981159250000 -0.077425130000 2.178950690000
0.000000000000 0.000000000000 0.000000000000 1.000000000000
12 35 60
0.491001850000 0.744440800000 0.452465560000 -1.568635620000
-0.272801580000 -0.361869920000 0.891419910000 -2.170406500000
0.827343030000 -0.561122140000 0.025405830000 2.663582060000
0.000000000000 0.000000000000 0.000000000000 1.000000000000
12 36 60
0.965492190000 0.039765320000 -0.257378210000 0.379845050000
0.070216360000 -0.991423470000 0.110223280000 -0.467157920000
-0.250787730000 -0.124491870000 -0.960003800000 4.383955160000
0.000000000000 0.000000000000 0.000000000000 1.000000000000
12 37 60
0.998069640000 -0.054216390000 0.030291540000 -0.505286400000
0.050474090000 0.992312190000 0.112999500000 -0.018024300000
-0.036185090000 -0.111252430000 0.993133190000 -0.027566300000
0.000000000000 0.000000000000 0.000000000000 1.000000000000
12 38 60
0.822985650000 0.550848320000 -0.138783090000 0.406550700000
0.567455750000 -0.808480620000 0.156054690000 -0.655894580000
-0.026240980000 -0.207184040000 -0.977949990000 4.336556480000
0.000000000000 0.000000000000 0.000000000000 1.000000000000
12 39 60
-0.459954130000 -0.886985210000 -0.041224260000 -0.073636840000
0.390981840000 -0.243993850000 0.887468430000 -2.941591410000
-0.797229830000 0.392076830000 0.459021080000 0.843372080000
0.000000000000 0.000000000000 0.000000000000 1.000000000000
12 40 60
0.850972390000 -0.043539480000 0.523402620000 -1.726512790000
-0.376755760000 -0.744927380000 0.550579970000 -1.247906870000
0.365924970000 -0.665723310000 -0.650316380000 4.181161640000
0.000000000000 0.000000000000 0.000000000000 1.000000000000
12 41 60
0.870669500000 -0.053102590000 -0.488993600000 1.143752690000
-0.180877380000 0.889928730000 -0.418700650000 0.708920130000
0.457403540000 0.452997760000 0.765228740000 0.012774950000
0.000000000000 0.000000000000 0.000000000000 1.000000000000
12 42 60
0.197954520000 -0.031960460000 -0.979690020000 2.416433300000
-0.560955520000 0.815928330000 -0.139963790000 -0.203042950000
0.803830150000 0.577268990000 0.143588310000 1.959287560000
0.000000000000 0.000000000000 0.000000000000 1.000000000000
12 43 60
0.606905330000 0.259981310000 -0.751049690000 2.293277320000
-0.377730690000 0.925790180000 0.015233850000 -1.096257270000
0.699274950000 0.274449020000 0.660069910000 0.544096390000
0.000000000000 0.000000000000 0.000000000000 1.000000000000
12 44 60
0.968158230000 -0.250265390000 -0.006072880000 0.226148960000
0.190888080000 0.753715510000 -0.628867770000 1.426426330000
0.161961060000 0.607684270000 0.777488550000 -0.601126670000
0.000000000000 0.000000000000 0.000000000000 1.000000000000
12 45 60
-0.768881200000 -0.497103380000 -0.402131730000 1.636457460000
-0.467684130000 0.008382610000 0.883855920000 -2.492396340000
-0.435996850000 0.867650830000 -0.238932600000 2.889361520000
0.000000000000 0.000000000000 0.000000000000 1.000000000000
12 46 60
0.822154590000 -0.406004590000 0.399026450000 -0.533629490000
0.569078440000 0.568266660000 -0.594325450000 1.439977120000
0.014545440000 0.715704740000 0.698251500000 -0.150231600000
0.000000000000 0.000000000000 0.000000000000 1.000000000000
12 47 60
0.820098970000 -0.262024810000 -0.508704900000 1.639860620000
-0.149939480000 0.759537460000 -0.632946280000 0.869580820000
0.552228060000 0.595353550000 0.583608020000 0.750526440000
0.000000000000 0.000000000000 0.000000000000 1.000000000000
12 48 60
0.424064790000 0.496025080000 -0.757712460000 1.992126160000
-0.599341230000 0.780949460000 0.175806810000 -0.519037160000
0.678939730000 0.379574840000 0.628461450000 0.377277860000
0.000000000000 0.000000000000 0.000000000000 1.000000000000
12 49 60
0.890374820000 0.454103110000 0.031985120000 0.402375150000
-0.450722970000 0.889244960000 -0.078052550000 -0.200517910000
-0.063886510000 0.055079600000 0.996436020000 -0.107744140000
0.000000000000 0.000000000000 0.000000000000 1.000000000000
12 50 60
0.702092270000 0.711148970000 -0.036518290000 0.211943610000
-0.711186110000 0.702859730000 0.014231140000 0.098065560000
0.035787700000 0.015979720000 0.999231650000 -0.264641500000
0.000000000000 0.000000000000 0.000000000000 1.000000000000
12 51 60
0.890518960000 0.394724870000 0.226204030000 -0.806023950000
-0.398045870000 0.916780650000 -0.032752420000 -0.067032380000
-0.220307670000 -0.060872920000 0.973529160000 -0.098421750000
0.000000000000 0.000000000000 0.000000000000 1.000000000000
12 52 60
0.667862080000 0.550494000000 0.500915750000 -1.066928230000
-0.680560970000 0.724148830000 0.111558220000 -0.164728790000
-0.301325430000 -0.415409220000 0.858276280000 0.572976870000
0.000000000000 0.000000000000 0.000000000000 1.000000000000
12 53 60
0.305238920000 0.949937150000 0.066697950000 -0.289115390000
-0.926848170000 0.280281370000 0.249789580000 -0.706668890000
0.218590210000 -0.138064370000 0.966000290000 0.419319620000
0.000000000000 0.000000000000 0.000000000000 1.000000000000
12 54 60
0.720281350000 -0.657852480000 0.220056580000 -1.197513080000
0.123683910000 0.433939660000 0.892411710000 -2.391221370000
-0.682566530000 -0.615570050000 0.393924410000 1.649251210000
0.000000000000 0.000000000000 0.000000000000 1.000000000000
12 55 60
-0.323304470000 -0.271721830000 0.906444410000 -1.999831680000
-0.816745650000 -0.403642330000 -0.412309850000 0.442868800000
0.477912920000 -0.873636150000 -0.091428250000 2.553645880000
0.000000000000 0.000000000000 0.000000000000 1.000000000000
12 56 60
-0.412577040000 0.903952740000 -0.112470580000 0.653597270000
0.694212740000 0.232077170000 -0.681328750000 1.105653690000
-0.589787140000 -0.359179100000 -0.723285220000 3.309969230000
0.000000000000 0.000000000000 0.000000000000 1.000000000000
12 57 60
0.788558290000 0.517512770000 -0.332199270000 0.923120210000
-0.038971870000 0.581165180000 0.812851910000 -1.871852760000
0.613723890000 -0.628034680000 0.478451070000 0.924258740000
0.000000000000 0.000000000000 0.000000000000 1.000000000000
12 58 60
0.176489590000 0.952306010000 0.248927090000 -0.626672110000
0.909047260000 -0.060713810000 -0.412246180000 0.541704630000
-0.377471200000 0.299043650000 -0.876406520000 4.026536070000
0.000000000000 0.000000000000 0.000000000000 1.000000000000
12 59 60
0.653092190000 0.208500750000 -0.728009630000 1.942091210000
-0.742708020000 0.364030010000 -0.562020420000 0.612193060000
0.147835680000 0.907749740000 0.392600330000 1.567871200000
0.000000000000 0.000000000000 0.000000000000 1.000000000000
13 15 60
-0.446297180000 0.880635800000 0.159057890000 0.197298690000
0.169434310000 0.257681100000 -0.951258360000 1.804350420000
-0.878698380000 -0.397594060000 -0.264212270000 2.487487100000
0.000000000000 0.000000000000 0.000000000000 1.000000000000
13 16 60
0.159766640000 -0.853122220000 0.496645850000 -0.782689320000
-0.717913030000 -0.445732310000 -0.534718230000 0.686520380000
0.677551110000 -0.271118390000 -0.683680710000 3.701952230000
0.000000000000 0.000000000000 0.000000000000 1.000000000000
13 17 60
0.796359670000 0.403912480000 -0.450184400000 0.725804600000
-0.286804650000 0.907505830000 0.306881520000 -0.654859560000
0.532498240000 -0.115273090000 0.838545010000 0.235870310000
0.000000000000 0.000000000000 0.000000000000 1.000000000000
13 18 60
0.974651920000 0.092523510000 -0.203698410000 0.248808450000
0.065748520000 0.751819830000 0.656082370000 -1.566865330000
0.213847540000 -0.652844810000 0.726679350000 1.001728610000
0.000000000000 0.000000000000 0.000000000000 1.000000000000
13 19 60
0.972221066000 -0.225068441000 0.064268150900 0.259321975000
-0.002125141090 -0.283051017000 -0.959102500000 0.619153596000
0.234054870000 0.932323076000 -0.275666464000 2.649215090000
0.000000000000 0.000000000000 0.000000000000 1.000000000000
13 20 60
0.103202390000 -0.684721840000 0.721460510000 -0.615749740000
-0.678373540000 -0.578917220000 -0.452398270000 0.124144180000
0.727432890000 -0.442731140000 -0.524242820000 3.086179350000
0.000000000000 0.000000000000 0.000000000000 1.000000000000
13 21 60
-0.118728400000 0.760385430000 -0.638527660000 0.866382280000
-0.484742340000 0.516846810000 0.705616210000 -1.388612030000
0.866561270000 0.393298070000 0.307226620000 1.778654480000
0.000000000000 0.000000000000 0.000000000000 1.000000000000
13 22 60
0.936034930000 -0.171907750000 -0.307060800000 0.570604440000
0.271844350000 0.907326790000 0.320715980000 0.192433330000
0.223470920000 -0.383674110000 0.896021720000 0.042046960000
0.000000000000 0.000000000000 0.000000000000 1.000000000000
13 23 60
-0.952578000000 -0.295387900000 0.073083090000 -0.273833630000
0.099151060000 -0.074237370000 0.992299290000 -2.137525980000
-0.287687710000 0.952488740000 0.100004910000 1.491548830000
0.000000000000 0.000000000000 0.000000000000 1.000000000000
13 24 60
-0.832224620000 -0.123394300000 0.540533100000 -1.448672840000
0.331590900000 0.670573930000 0.663609880000 -1.950242180000
-0.444353080000 0.731508340000 -0.517151710000 2.876777970000
0.000000000000 0.000000000000 0.000000000000 1.000000000000
13 25 60
0.952634740000 0.189915380000 0.237527280000 -0.411769630000
-0.291926260000 0.789975230000 0.539182890000 -1.329155530000
-0.085241540000 -0.582984800000 0.807999130000 0.329497840000
0.000000000000 0.000000000000 0.000000000000 1.000000000000
13 26 60
0.075761260000 0.897377120000 0.434712010000 -0.823370960000
0.925480540000 0.098987720000 -0.365632610000 0.701796040000
-0.371141490000 0.430018290000 -0.823005630000 3.411962440000
0.000000000000 0.000000000000 0.000000000000 1.000000000000
13 27 60
0.973384600000 -0.172243180000 0.151177710000 -0.187326970000
0.043449940000 0.786387100000 0.616204050000 -1.049650570000
-0.225021140000 -0.593234870000 0.772941050000 0.449098820000
0.000000000000 0.000000000000 0.000000000000 1.000000000000
13 28 60
-0.748324710000 -0.213768790000 -0.627943500000 1.389169060000
-0.303975870000 -0.730889140000 0.611064430000 -1.135806770000
-0.589583590000 0.648154280000 0.481961850000 1.027085500000
0.000000000000 0.000000000000 0.000000000000 1.000000000000
13 29 60
0.676973790000 0.579687430000 -0.453507410000 0.969417940000
-0.154973720000 0.714627530000 0.682122160000 -1.337528820000
0.719506520000 -0.391497090000 0.573620430000 0.484105920000
0.000000000000 0.000000000000 0.000000000000 1.000000000000
13 30 60
-0.992758710000 0.094710000000 -0.073892920000 0.094318220000
-0.115250430000 -0.924413160000 0.363562450000 -0.881431900000
-0.033874590000 0.369445980000 0.928634580000 0.128592350000
0.000000000000 0.000000000000 0.000000000000 1.000000000000
13 31 60
0.923229440000 -0.375931290000 0.079517690000 0.031329050000
-0.380949260000 -0.922550210000 0.061471630000 -0.486053470000
0.050249950000 -0.087044620000 -0.994936270000 4.391469440000
0.000000000000 0.000000000000 0.000000000000 1.000000000000
13 32 60
0.030045910000 0.532489710000 -0.845903040000 1.759774300000
-0.920786500000 0.344020860000 0.183852870000 -0.718611510000
0.388908050000 0.773372070000 0.500645750000 1.336050430000
0.000000000000 0.000000000000 0.000000000000 1.000000000000
13 33 60
-0.096963140000 -0.981972810000 0.162257680000 0.144508130000
0.365876160000 0.116443310000 0.923350200000 -2.876521660000
-0.925598610000 0.148897150000 0.347989730000 0.677646960000
0.000000000000 0.000000000000 0.000000000000 1.000000000000
13 34 60
0.069311670000 0.505725340000 -0.859905680000 2.246121010000
0.451342270000 -0.784609500000 -0.425062460000 1.133479250000
-0.889655020000 -0.358649990000 -0.282637810000 2.629683100000
0.000000000000 0.000000000000 0.000000000000 1.000000000000
13 35 60
-0.527168540000 0.839187000000 -0.133635690000 -0.121319740000
-0.592065810000 -0.249923520000 0.766156850000 -2.495617150000
0.609550170000 0.483014910000 0.628605750000 0.401609770000
0.000000000000 0.000000000000 0.000000000000 1.000000000000
13 36 60
0.227707700000 -0.769100380000 0.597188250000 -0.778105620000
-0.672153550000 -0.567895610000 -0.475083340000 0.950381770000
0.704527370000 -0.293222070000 -0.646267750000 3.331380280000
0.000000000000 0.000000000000 0.000000000000 1.000000000000
13 37 60
-0.414401800000 0.701439950000 -0.579873390000 1.075044870000
-0.282411770000 0.506593420000 0.814620590000 -2.047655490000
0.865167460000 0.501343310000 -0.011838320000 2.439645480000
0.000000000000 0.000000000000 0.000000000000 1.000000000000
13 38 60
0.595240920000 -0.621531430000 0.509300420000 -1.587123630000
0.293828770000 0.758276840000 0.581962960000 -1.893797430000
-0.747898990000 -0.196761060000 0.633981220000 0.574793840000
0.000000000000 0.000000000000 0.000000000000 1.000000000000
13 39 60
-0.439783510000 -0.043394200000 -0.897054850000 2.495415780000
-0.625545070000 0.731502180000 0.271289380000 -1.073753650000
0.644425190000 0.680456840000 -0.348847630000 2.256846960000
0.000000000000 0.000000000000 0.000000000000 1.000000000000
13 40 60
-0.087782450000 0.584001320000 0.806992380000 -1.918736910000
0.973661390000 0.221430680000 -0.054331900000 -0.663359320000
-0.210422770000 0.780967930000 -0.588057260000 3.571356810000
0.000000000000 0.000000000000 0.000000000000 1.000000000000
13 41 60
-0.838949330000 -0.544209508000 0.000181612361 0.082986484000
-0.313821269000 0.484057123000 0.816826122000 -2.059401020000
-0.444612453000 0.685218734000 -0.576883917000 2.767430940000
0.000000000000 0.000000000000 0.000000000000 1.000000000000
13 42 60
0.384761400000 0.281046130000 -0.879188110000 2.129442580000
0.108572620000 -0.959684630000 -0.259263170000 0.543340190000
-0.916608230000 0.004298710000 -0.399763510000 3.050176820000
0.000000000000 0.000000000000 0.000000000000 1.000000000000
13 43 60
0.174312980000 -0.094680270000 -0.980127870000 2.836515100000
-0.505402220000 0.845654070000 -0.171574470000 -0.550382870000
0.845093830000 0.525266450000 0.099556860000 2.050774010000
0.000000000000 0.000000000000 0.000000000000 1.000000000000
13 44 60
-0.061662330000 -0.227196410000 0.971894820000 -2.617413730000
-0.477206850000 -0.848528190000 -0.228634050000 0.788285150000
0.876624990000 -0.477892980000 -0.056097460000 1.996226830000
0.000000000000 0.000000000000 0.000000000000 1.000000000000
13 45 60
0.732234460000 0.128372820000 -0.668844610000 1.749013470000
-0.507148020000 0.758264520000 -0.409677680000 0.861599660000
0.454569660000 0.639183330000 0.620331440000 -0.046620910000
0.000000000000 0.000000000000 0.000000000000 1.000000000000
13 46 60
-0.411866810000 -0.024862770000 -0.910904810000 2.435009400000
-0.581214520000 0.777061930000 0.241587330000 -1.446373380000
0.701822920000 0.628932910000 -0.334496620000 2.933396940000
0.000000000000 0.000000000000 0.000000000000 1.000000000000
13 47 60
0.573185830000 -0.053194990000 -0.817696950000 2.391254790000
-0.531350710000 0.735528990000 -0.420313610000 0.420944050000
0.623798390000 0.675401660000 0.393329600000 0.816048900000
0.000000000000 0.000000000000 0.000000000000 1.000000000000
13 48 60
0.596270250000 0.399374650000 -0.696391900000 2.230338830000
-0.402005320000 0.899414180000 0.171597940000 -0.937266090000
0.694876620000 0.177634500000 0.696844650000 0.562280710000
0.000000000000 0.000000000000 0.000000000000 1.000000000000
13 49 60
0.506017560000 -0.182172660000 -0.843065450000 2.001954200000
-0.356278050000 0.846010500000 -0.396651210000 0.459079480000
0.785501230000 0.501078190000 0.363192050000 0.722313200000
0.000000000000 0.000000000000 0.000000000000 1.000000000000
13 50 60
0.895723780000 -0.444163560000 0.019940930000 -0.014490920000
0.373123070000 0.726556390000 -0.576970530000 0.770560270000
0.241781080000 0.524246640000 0.816521510000 -0.231829570000
0.000000000000 0.000000000000 0.000000000000 1.000000000000
13 51 60
-0.716646231000 0.697433979000 0.002006009000 0.688069340000
-0.005923345240 -0.008962620800 0.999942291000 -3.126675280000
0.697411710000 0.716592992000 0.010554170700 1.050978500000
0.000000000000 0.000000000000 0.000000000000 1.000000000000
13 52 60
0.003533223220 0.975029425000 -0.222047601000 0.499977203000
0.988555141000 0.030083714800 0.147829983000 -1.021331410000
0.150818600000 -0.220028614000 -0.963764058000 3.852774970000
0.000000000000 0.000000000000 0.000000000000 1.000000000000
13 53 60
-0.514537450000 0.838675170000 0.178536200000 -0.230479500000
0.854977810000 0.485942600000 0.181308390000 -0.997577380000
0.065300500000 0.245934440000 -0.967084330000 3.910233820000
0.000000000000 0.000000000000 0.000000000000 1.000000000000
13 54 60
-0.521045120000 0.842119100000 0.139094940000 -0.015739900000
0.848383680000 0.528847800000 -0.023772680000 -0.472595590000
-0.093579480000 0.105619240000 -0.989993670000 4.228693650000
0.000000000000 0.000000000000 0.000000000000 1.000000000000
13 55 60
-0.361506990000 -0.610454770000 -0.704739440000 1.266005260000
-0.178568430000 -0.696535160000 0.694947550000 -1.593955550000
-0.915109840000 0.377072610000 0.142794380000 0.925503230000
0.000000000000 0.000000000000 0.000000000000 1.000000000000
13 56 60
-0.206173120000 -0.913747720000 0.350082500000 -0.542996230000
0.769618170000 0.069522110000 0.634708240000 -0.960913350000
-0.604301680000 0.400289630000 0.688903250000 0.477732210000
0.000000000000 0.000000000000 0.000000000000 1.000000000000
13 57 60
0.761822370000 -0.575854570000 -0.296678610000 0.615637140000
0.527260170000 0.285157590000 0.800426050000 -1.718900570000
-0.376328840000 -0.766209280000 0.520864600000 0.700523890000
0.000000000000 0.000000000000 0.000000000000 1.000000000000
13 58 60
0.974092270000 -0.119588520000 0.191944870000 -0.568496980000
0.057386870000 -0.690257110000 -0.721284880000 1.117547910000
0.218748700000 0.713613140000 -0.665511300000 3.347946740000
0.000000000000 0.000000000000 0.000000000000 1.000000000000
13 59 60
-0.959960150000 0.070105610000 -0.271222610000 -0.036843220000
0.221643780000 -0.402025280000 -0.888397270000 1.732547620000
-0.171319980000 -0.912940790000 0.370389770000 0.950140130000
0.000000000000 0.000000000000 0.000000000000 1.000000000000
14 16 60
0.970538780000 0.088384790000 -0.224148630000 0.378152320000
-0.059522300000 0.989406090000 0.132411030000 -0.578549280000
0.233477140000 -0.115168200000 0.965517850000 0.255740680000
0.000000000000 0.000000000000 0.000000000000 1.000000000000
14 17 60
0.884413540000 0.243575270000 -0.398100220000 0.507856840000
-0.150672640000 0.956345390000 0.250402170000 -0.470963670000
0.441713080000 -0.161476260000 0.882504940000 0.232680700000
0.000000000000 0.000000000000 0.000000000000 1.000000000000
14 18 60
0.965105410000 0.183297070000 -0.187012630000 0.316740380000
-0.106612040000 0.927335280000 0.358724340000 -0.585300200000
0.239176530000 -0.326269000000 0.914517970000 0.434066290000
0.000000000000 0.000000000000 0.000000000000 1.000000000000
14 19 60
0.993359140000 0.065292870000 -0.094733580000 0.597295750000
0.015904750000 0.737545540000 0.675110070000 -1.060636700000
0.113950200000 -0.672133480000 0.731609140000 1.271779070000
0.000000000000 0.000000000000 0.000000000000 1.000000000000
14 20 60
-0.706482900000 -0.706736920000 0.037481160000 -0.777363100000
-0.614525070000 0.586311560000 -0.527823550000 0.274498160000
0.351056750000 -0.395931420000 -0.848526640000 3.238965980000
0.000000000000 0.000000000000 0.000000000000 1.000000000000
14 21 60
0.483097480000 0.690454340000 -0.538413990000 1.057615110000
-0.524439060000 0.720604230000 0.453534140000 -1.002117130000
0.701128010000 0.063264130000 0.710223320000 1.285098630000
0.000000000000 0.000000000000 0.000000000000 1.000000000000
14 22 60
0.576507590000 0.796982640000 -0.180160110000 0.770921870000
0.608659570000 -0.565980040000 -0.556057660000 0.743672000000
-0.545135330000 0.210915280000 -0.811382900000 3.367404730000
0.000000000000 0.000000000000 0.000000000000 1.000000000000
14 23 60
0.985427540000 -0.143242800000 0.091728230000 -0.186903240000
-0.155389740000 -0.977456980000 0.142940130000 -0.273073550000
0.069185250000 -0.155110760000 -0.985471490000 4.221473700000
0.000000000000 0.000000000000 0.000000000000 1.000000000000
14 24 60
0.285678169000 -0.451551933000 0.845274414000 -1.485269050000
0.001513482620 -0.881818893000 -0.471585781000 1.005116100000
0.958324420000 0.136001071000 -0.251232991000 3.383855830000
0.000000000000 0.000000000000 0.000000000000 1.000000000000
14 25 60
0.294665230000 0.878522390000 0.375993110000 -1.335700050000
0.952761570000 -0.300399590000 -0.044782580000 -0.097864720000
0.073605680000 0.371427660000 -0.925539680000 3.920257170000
0.000000000000 0.000000000000 0.000000000000 1.000000000000
14 26 60
0.906403510000 0.080663620000 0.414639670000 -0.795891480000
-0.278573730000 0.852034310000 0.443208990000 -1.228459700000
-0.317536390000 -0.517233900000 0.794757660000 0.447189380000
0.000000000000 0.000000000000 0.000000000000 1.000000000000
14 27 60
-0.977545710000 -0.069140540000 -0.199057700000 0.013340150000
-0.031317950000 0.981817600000 -0.187225480000 0.145015380000
0.208383220000 -0.176787390000 -0.961936930000 3.705416160000
0.000000000000 0.000000000000 0.000000000000 1.000000000000
14 28 60
0.957894540000 -0.283915840000 0.042776620000 -0.446607230000
0.217628660000 0.815133820000 0.536837610000 -1.315638180000
-0.187285370000 -0.504924400000 0.842600460000 0.494785790000
0.000000000000 0.000000000000 0.000000000000 1.000000000000
14 29 60
0.015627760000 0.341569120000 -0.939726720000 1.842784390000
-0.881008650000 0.449154720000 0.148606170000 -0.325084330000
0.472841970000 0.825584990000 0.307944630000 1.078191580000
0.000000000000 0.000000000000 0.000000000000 1.000000000000
14 30 60
-0.734998950000 0.189011100000 -0.651192250000 1.522975460000
0.153561960000 -0.889012650000 -0.431364390000 1.232954450000
-0.660450800000 -0.417050730000 0.624398450000 0.932695340000
0.000000000000 0.000000000000 0.000000000000 1.000000000000
14 31 60
-0.136933970000 -0.811125860000 0.568615800000 -2.055381570000
0.505799890000 0.436299110000 0.744183820000 -1.690757670000
-0.851713300000 0.389509860000 0.350523200000 0.402689460000
0.000000000000 0.000000000000 0.000000000000 1.000000000000
14 32 60
-0.850135810000 -0.344949790000 0.397842610000 -1.616416710000
-0.421573390000 -0.006831520000 -0.906768550000 1.638629740000
0.315507490000 -0.938596280000 -0.139613930000 2.117859920000
0.000000000000 0.000000000000 0.000000000000 1.000000000000
14 33 60
-0.922701430000 -0.337741030000 -0.185884580000 0.083041620000
0.103171070000 -0.680915860000 0.725058150000 -2.071496630000
-0.371453640000 0.649834280000 0.663127140000 -0.102291850000
0.000000000000 0.000000000000 0.000000000000 1.000000000000
14 34 60
-0.844295540000 0.524688830000 -0.108934280000 0.155720000000
0.003712260000 -0.197550370000 -0.980285710000 2.410382350000
-0.535864970000 -0.828055240000 0.164843120000 1.646840450000
0.000000000000 0.000000000000 0.000000000000 1.000000000000
14 35 60
-0.873910330000 -0.344784440000 0.342643290000 -1.287752870000
-0.349858450000 0.935517540000 0.049050930000 -1.004101140000
-0.337460810000 -0.077010540000 -0.938184190000 4.466492220000
0.000000000000 0.000000000000 0.000000000000 1.000000000000
14 36 60
-0.104158820000 -0.468461480000 0.877322510000 -2.178328860000
-0.390528120000 -0.792005920000 -0.469270090000 0.961865760000
0.914679580000 -0.391497730000 -0.100452980000 1.775185850000
0.000000000000 0.000000000000 0.000000000000 1.000000000000
14 37 60
0.940282050000 -0.044546780000 -0.337468880000 0.677725840000
0.091065310000 0.988183480000 0.123290430000 0.248740780000
0.327988980000 -0.146659480000 0.933227850000 -0.393245780000
0.000000000000 0.000000000000 0.000000000000 1.000000000000
14 38 60
0.533679040000 -0.832899930000 0.146507270000 -1.200170870000
0.401723570000 0.402125080000 0.822747590000 -2.150712640000
-0.744180660000 -0.380227730000 0.549201260000 0.043158930000
0.000000000000 0.000000000000 0.000000000000 1.000000000000
14 39 60
-0.099141250000 -0.412697760000 0.905456550000 -2.642720350000
-0.898682470000 -0.353559680000 -0.259548390000 1.359373380000
0.427247970000 -0.839449880000 -0.335831900000 3.008519200000
0.000000000000 0.000000000000 0.000000000000 1.000000000000
14 40 60
0.339929960000 0.468256180000 -0.815587990000 2.036288310000
0.831352960000 -0.555047550000 0.027829400000 -0.007027280000
-0.439658830000 -0.687501540000 -0.577963450000 3.984015850000
0.000000000000 0.000000000000 0.000000000000 1.000000000000
14 41 60
0.859649780000 0.212287960000 -0.464689220000 0.932249650000
0.452489670000 -0.738661430000 0.499632260000 -1.768632160000
-0.237182090000 -0.639775830000 -0.731048250000 4.253961380000
0.000000000000 0.000000000000 0.000000000000 1.000000000000
14 42 60
0.906103090000 0.040868280000 -0.421078350000 0.934458590000
0.178527240000 -0.939296580000 0.293001630000 -0.842358910000
-0.383542990000 -0.340663640000 -0.858395630000 4.302797760000
0.000000000000 0.000000000000 0.000000000000 1.000000000000
14 43 60
-0.697794750000 0.095770190000 -0.709866580000 1.617564060000
-0.647651170000 0.338993350000 0.682371950000 -2.254915780000
0.305990930000 0.935901480000 -0.174522100000 1.931281090000
0.000000000000 0.000000000000 0.000000000000 1.000000000000
14 44 60
0.952283770000 -0.068468580000 -0.297435150000 1.023933330000
0.105761040000 -0.840112720000 0.532001150000 -0.957428910000
-0.286304410000 -0.538073120000 -0.792784400000 4.243565030000
0.000000000000 0.000000000000 0.000000000000 1.000000000000
14 45 60
0.887023790000 -0.451705010000 0.095662850000 -0.324694490000
0.396539500000 0.639132180000 -0.658988980000 1.430033100000
0.236527420000 0.622473000000 0.746044330000 -0.402009270000
0.000000000000 0.000000000000 0.000000000000 1.000000000000
14 46 60
0.979369260000 0.088205790000 -0.181811970000 0.479688750000
0.201273370000 -0.506033080000 0.838701110000 -1.805917740000
-0.018024570000 -0.857991990000 -0.513346720000 3.875551280000
0.000000000000 0.000000000000 0.000000000000 1.000000000000
14 47 60
-0.966568600000 -0.243482680000 0.080382330000 -0.218870160000
-0.076911880000 0.574373400000 0.814972250000 -1.931163920000
-0.244601100000 0.781544230000 -0.573898010000 2.765126470000
0.000000000000 0.000000000000 0.000000000000 1.000000000000
14 48 60
0.756699230000 -0.305089410000 0.578209930000 -1.540548920000
0.252094240000 0.952202000000 0.172510410000 -1.089661420000
-0.603203760000 0.015224900000 0.797441800000 0.271679900000
0.000000000000 0.000000000000 0.000000000000 1.000000000000
14 49 60
0.378453280000 -0.031874670000 -0.925071410000 2.125934480000
-0.472206750000 0.852925860000 -0.222571920000 0.095464120000
0.796111740000 0.521058040000 0.307741150000 1.087981980000
0.000000000000 0.000000000000 0.000000000000 1.000000000000
14 50 60
0.915248830000 -0.294515390000 0.274918670000 -0.457349730000
0.256539230000 -0.100134320000 -0.961332790000 1.694833170000
0.310656090000 0.950386140000 -0.016093060000 1.870219330000
0.000000000000 0.000000000000 0.000000000000 1.000000000000
14 51 60
-0.256089500000 0.201777080000 -0.945359290000 2.019852060000
-0.958541220000 0.073423810000 0.275331920000 -0.791872230000
0.124967550000 0.976675460000 0.174608580000 1.666823300000
0.000000000000 0.000000000000 0.000000000000 1.000000000000
14 52 60
-0.331279370000 -0.075254120000 -0.940526870000 1.750791590000
-0.389169010000 -0.897175770000 0.208861490000 -0.789427400000
-0.859535610000 0.435215420000 0.267929250000 1.866640320000
0.000000000000 0.000000000000 0.000000000000 1.000000000000
14 53 60
0.949011630000 -0.064585440000 0.308554120000 -0.713884440000
-0.042006380000 0.944151150000 0.326824220000 -0.838190910000
-0.312429820000 -0.323121230000 0.893297420000 0.587492320000
0.000000000000 0.000000000000 0.000000000000 1.000000000000
14 54 60
0.702392890000 0.710605730000 0.041033160000 -0.669934510000
-0.685984240000 0.660420910000 0.305401110000 -0.401903730000
0.189920620000 -0.242659680000 0.951339290000 -0.327968690000
0.000000000000 0.000000000000 0.000000000000 1.000000000000
14 55 60
0.694571420000 -0.696076630000 0.181790710000 0.423727050000
0.479566500000 0.636333470000 0.604231490000 -0.912013570000
-0.536270930000 -0.332501190000 0.775794070000 0.126459450000
0.000000000000 0.000000000000 0.000000000000 1.000000000000
14 56 60
-0.947213840000 -0.275492910000 -0.163980500000 -0.089469040000
0.034217290000 -0.595424760000 0.802682090000 -1.438803740000
-0.318771270000 0.754700610000 0.573421190000 0.966674510000
0.000000000000 0.000000000000 0.000000000000 1.000000000000
14 57 60
-0.947732191000 -0.000187129306 -0.319066858000 0.759143071000
-0.077244303400 -0.970117976000 0.230009631000 -1.372562830000
-0.309575536000 0.242633629000 0.919397580000 0.434107193000
0.000000000000 0.000000000000 0.000000000000 1.000000000000
14 58 60
0.971447560000 -0.235597640000 0.027989210000 -0.012014290000
0.168193710000 0.767071040000 0.619122680000 -1.569762360000
-0.167333560000 -0.596737600000 0.784795330000 0.406698820000
0.000000000000 0.000000000000 0.000000000000 1.000000000000
14 59 60
0.783702640000 0.386850460000 -0.485959770000 1.004999260000
-0.281239120000 0.918582040000 0.277689750000 -0.867878100000
0.553818320000 -0.080955290000 0.828692650000 0.539565380000
0.000000000000 0.000000000000 0.000000000000 1.000000000000
15 17 60
0.996962360000 -0.072147370000 0.029339520000 -0.089681900000
0.065085370000 0.978652640000 0.194943320000 -0.364657760000
-0.042777850000 -0.192441570000 0.980375590000 0.072697700000
0.000000000000 0.000000000000 0.000000000000 1.000000000000
15 18 60
0.909530940000 -0.286999980000 0.300640130000 -0.590524990000
0.192385260000 0.931874120000 0.307568740000 -0.481441260000
-0.368430980000 -0.221904560000 0.902782910000 0.475788290000
0.000000000000 0.000000000000 0.000000000000 1.000000000000
15 19 60
-0.902811400000 -0.420331370000 -0.090846700000 -0.514863400000
0.427315720000 -0.900579620000 -0.079734740000 -0.636049030000
-0.048299670000 -0.110805660000 0.992667740000 1.204298330000
0.000000000000 0.000000000000 0.000000000000 1.000000000000
15 20 60
0.875572580000 -0.464842900000 0.131505630000 0.159111180000
0.370100020000 0.820413680000 0.435829520000 -0.662860980000
-0.310481280000 -0.332930140000 0.890370090000 0.743473530000
0.000000000000 0.000000000000 0.000000000000 1.000000000000
15 21 60
-0.878776950000 0.343325840000 0.331479160000 -1.077182360000
0.139192270000 -0.479994620000 0.866158580000 -1.481702310000
0.456482830000 0.807299530000 0.374019910000 1.880847930000
0.000000000000 0.000000000000 0.000000000000 1.000000000000
15 22 60
0.504881150000 0.857666540000 -0.097483980000 0.796908550000
-0.861587090000 0.507597080000 0.003589880000 -0.363604010000
0.052561500000 0.082178480000 0.995230620000 0.602208800000
0.000000000000 0.000000000000 0.000000000000 1.000000000000
15 23 60
0.913208220000 -0.063056130000 -0.402585000000 1.051397050000
0.139516690000 -0.879863430000 0.454285630000 -1.613570130000
-0.382865310000 -0.471024690000 -0.794701130000 4.090126250000
0.000000000000 0.000000000000 0.000000000000 1.000000000000
15 24 60
-0.411339450000 0.396453640000 -0.820746230000 1.172113180000
-0.905503570000 -0.074775460000 0.417698340000 -1.617700630000
0.104226350000 0.915004450000 0.389748280000 0.799052530000
0.000000000000 0.000000000000 0.000000000000 1.000000000000
15 25 60
0.574002670000 -0.079119100000 0.815022150000 -2.491661570000
0.002992530000 0.995517210000 0.094533270000 -1.101736980000
-0.818847960000 -0.051823370000 0.571666300000 1.331416350000
0.000000000000 0.000000000000 0.000000000000 1.000000000000
15 26 60
0.368336410000 -0.713470830000 0.596060120000 -1.466228240000
0.380982550000 0.700667890000 0.603255180000 -1.830794580000
-0.848045160000 0.004887660000 0.529901430000 1.122345510000
0.000000000000 0.000000000000 0.000000000000 1.000000000000
15 27 60
-0.816591120000 0.522255660000 0.245821020000 -0.401799810000
-0.455248690000 -0.844538140000 0.281964460000 -0.926024260000
0.354862760000 0.118339970000 0.927398550000 0.490483490000
0.000000000000 0.000000000000 0.000000000000 1.000000000000
15 28 60
0.833269170000 0.241374500000 0.497394050000 -1.318382610000
-0.232620130000 0.969218850000 -0.080639340000 -0.615034010000
-0.501547970000 -0.048509600000 0.863768750000 0.783243990000
0.000000000000 0.000000000000 0.000000000000 1.000000000000
15 29 60
-0.061693000000 -0.204074680000 0.977009470000 -2.410575380000
0.940910650000 0.314684240000 0.125143800000 -1.176019090000
-0.332988160000 0.926999110000 0.172602230000 1.861083170000
0.000000000000 0.000000000000 0.000000000000 1.000000000000
15 30 60
0.753784880000 0.356707850000 0.551876670000 -1.685360540000
0.482113060000 -0.870877240000 -0.095602500000 -0.058524300000
0.446514670000 0.338130660000 -0.828427610000 4.326600090000
0.000000000000 0.000000000000 0.000000000000 1.000000000000
15 31 60
0.248868610000 -0.619616160000 0.744405950000 -2.442795190000
-0.843872270000 -0.515924440000 -0.147314510000 -0.208033090000
0.475335680000 -0.591521580000 -0.651274300000 3.615103590000
0.000000000000 0.000000000000 0.000000000000 1.000000000000
15 32 60
0.052384130000 0.397332170000 -0.916178500000 1.654818470000
0.870577560000 -0.467629680000 -0.153026810000 0.059365260000
-0.489234730000 -0.789588270000 -0.370404840000 2.759258590000
0.000000000000 0.000000000000 0.000000000000 1.000000000000
15 33 60
0.374088190000 -0.622551740000 0.687377160000 -2.052910280000
0.429676460000 0.773189020000 0.466429930000 -1.951229410000
-0.821849240000 0.120863860000 0.556736710000 0.463322360000
0.000000000000 0.000000000000 0.000000000000 1.000000000000
15 34 60
-0.347275980000 0.375753470000 -0.859190740000 2.388276210000
0.932817260000 0.232390280000 -0.275402840000 -0.254394610000
0.096184000000 -0.897108740000 -0.431212890000 3.169502610000
0.000000000000 0.000000000000 0.000000000000 1.000000000000
15 35 60
0.313974330000 0.468313270000 -0.825895150000 1.789305140000
0.806729660000 -0.590256510000 -0.028009070000 -0.069857310000
-0.500607010000 -0.657479980000 -0.563127600000 3.905887950000
0.000000000000 0.000000000000 0.000000000000 1.000000000000
15 36 60
-0.055864520000 -0.729599820000 0.681588780000 -2.418810350000
-0.937446990000 -0.196609570000 -0.287293960000 -0.080545270000
0.343616500000 -0.655002890000 -0.672977650000 3.840318310000
0.000000000000 0.000000000000 0.000000000000 1.000000000000
15 37 60
0.329532050000 0.290255000000 -0.898421210000 1.716120440000
0.532431300000 -0.842959540000 -0.077046310000 -0.837014760000
-0.779695800000 -0.452958340000 -0.432323030000 3.179057340000
0.000000000000 0.000000000000 0.000000000000 1.000000000000
15 38 60
0.619348190000 -0.227927530000 0.751303440000 -1.585486860000
0.216047590000 0.969466300000 0.116010880000 -0.186759580000
-0.754805440000 0.090466170000 0.649680390000 0.133244170000
0.000000000000 0.000000000000 0.000000000000 1.000000000000
15 40 60
-0.580278740000 0.522038340000 -0.625102040000 1.174682490000
-0.493119120000 0.385640130000 0.779817430000 -2.800783760000
0.648159030000 0.760761240000 0.033648320000 1.785723350000
0.000000000000 0.000000000000 0.000000000000 1.000000000000
15 41 60
0.793222930000 -0.443159210000 0.417621000000 -1.459674640000
-0.566944320000 -0.787731310000 0.240942980000 -0.766962810000
0.222197040000 -0.427889350000 -0.876093140000 4.571526520000
0.000000000000 0.000000000000 0.000000000000 1.000000000000
15 42 60
0.570550650000 0.024139580000 -0.820907570000 1.888664890000
0.482074450000 -0.819087000000 0.310967390000 -0.983031230000
-0.664888090000 -0.573161210000 -0.478967690000 3.508486290000
0.000000000000 0.000000000000 0.000000000000 1.000000000000
15 43 60
0.152633770000 0.195209980000 0.968811640000 -2.955267510000
0.982194200000 0.078684920000 -0.170596720000 0.459346390000
-0.109533050000 0.977599990000 -0.179724130000 2.159992830000
0.000000000000 0.000000000000 0.000000000000 1.000000000000
15 44 60
0.965900860000 0.054030700000 0.253211810000 -0.572927690000
0.177448020000 0.574025640000 -0.799378990000 1.684441950000
-0.188541080000 0.817052780000 0.544864220000 0.126899310000
0.000000000000 0.000000000000 0.000000000000 1.000000000000
15 45 60
0.925803860000 0.207259580000 0.316118130000 -1.181809340000
0.066195810000 0.734465440000 -0.675409980000 1.256081650000
-0.372163030000 0.646222860000 0.666251220000 -0.034991150000
0.000000000000 0.000000000000 0.000000000000 1.000000000000
15 46 60
-0.853200090000 -0.213873920000 0.475717930000 -1.570603000000
-0.415075540000 -0.273899250000 -0.867577950000 2.035724290000
0.315851090000 -0.937676460000 0.144917030000 2.393351180000
0.000000000000 0.000000000000 0.000000000000 1.000000000000
15 47 60
0.962851000000 -0.221479620000 0.154482130000 -0.414803930000
-0.261858000000 -0.626112710000 0.734447590000 -2.229203580000
-0.065941950000 -0.747615970000 -0.660849460000 4.269902450000
0.000000000000 0.000000000000 0.000000000000 1.000000000000
15 48 60
-0.632722200000 -0.673566250000 -0.382061670000 0.506234670000
0.195657900000 0.338315980000 -0.920467430000 1.652860750000
0.749253370000 -0.657153560000 -0.082271480000 2.697554640000
0.000000000000 0.000000000000 0.000000000000 1.000000000000
15 49 60
0.899258930000 0.161458400000 0.406527440000 -0.569510890000
0.428344460000 -0.136746000000 -0.893208570000 1.499550340000
-0.088625030000 0.977359560000 -0.192129870000 2.037377580000
0.000000000000 0.000000000000 0.000000000000 1.000000000000
15 50 60
0.853482380000 0.339332710000 0.395501120000 -1.534595850000
0.331164600000 0.232817940000 -0.914399160000 1.399559000000
-0.402365300000 0.911399540000 0.086331030000 1.797640880000
0.000000000000 0.000000000000 0.000000000000 1.000000000000
15 51 60
-0.085654370000 0.926822160000 0.365600900000 -1.728963000000
0.994035960000 0.054636820000 0.094378630000 -1.007958370000
0.067496940000 0.371504390000 -0.925974440000 3.973584900000
0.000000000000 0.000000000000 0.000000000000 1.000000000000
15 52 60
-0.134629380000 -0.318923120000 0.938170010000 -2.271266380000
0.421731480000 0.838316010000 0.345497940000 -1.343401150000
-0.896670220000 0.442170000000 0.021637950000 2.498239010000
0.000000000000 0.000000000000 0.000000000000 1.000000000000
15 53 60
0.906357920000 -0.010732390000 0.422374400000 -1.503086750000
0.154372720000 -0.922150190000 -0.354694350000 -0.074886200000
0.393299350000 0.386683120000 -0.834141350000 3.822934240000
0.000000000000 0.000000000000 0.000000000000 1.000000000000
15 54 60
-0.668273550000 0.071062350000 -0.740513740000 1.733979730000
0.471616810000 0.810295060000 -0.347849820000 0.270128250000
0.575315600000 -0.581697570000 -0.575012960000 2.965024170000
0.000000000000 0.000000000000 0.000000000000 1.000000000000
15 55 60
0.970133290000 -0.171965920000 0.171082200000 -0.160410170000
-0.184692110000 -0.980878850000 0.061363690000 -0.687560940000
0.157258440000 -0.091128490000 -0.983343980000 4.514884780000
0.000000000000 0.000000000000 0.000000000000 1.000000000000
15 56 60
-0.922877880000 0.195034610000 0.332051070000 -1.173912270000
0.140145640000 -0.633034880000 0.761331750000 -1.931517200000
0.358685950000 0.749151750000 0.556880640000 1.386297670000
0.000000000000 0.000000000000 0.000000000000 1.000000000000
15 57 60
-0.277301810000 -0.952199510000 0.128139800000 -0.705206250000
0.729512270000 -0.121880260000 0.673020840000 -2.004884450000
-0.625232400000 0.280109450000 0.728438840000 0.885154780000
0.000000000000 0.000000000000 0.000000000000 1.000000000000
15 58 60
0.616093190000 -0.669019890000 0.415742200000 -0.961433420000
0.608322510000 0.739429420000 0.288423060000 -1.486911420000
-0.500372770000 0.075209850000 0.862537280000 0.462673300000
0.000000000000 0.000000000000 0.000000000000 1.000000000000
15 59 60
0.685423540000 -0.026233950000 -0.727671870000 1.479084570000
0.691251690000 -0.290624370000 0.661595470000 -2.161702440000
-0.228835440000 -0.956477520000 -0.181066530000 2.755193780000
0.000000000000 0.000000000000 0.000000000000 1.000000000000
16 18 60
0.999444780000 0.024618940000 0.022450810000 -0.006209090000
-0.028773540000 0.977485690000 0.209030620000 -0.019931600000
-0.016799230000 -0.209560560000 0.977651350000 0.196589370000
0.000000000000 0.000000000000 0.000000000000 1.000000000000
16 19 60
-0.451707830000 0.526785720000 0.720039470000 -0.923764790000
-0.618531690000 -0.766530410000 0.172770620000 -0.408438460000
0.642945240000 -0.367325380000 0.672081450000 1.105276410000
0.000000000000 0.000000000000 0.000000000000 1.000000000000
16 20 60
0.992694820000 0.072683070000 0.096302470000 0.191307400000
-0.079893630000 0.994107560000 0.073260920000 -0.402673850000
-0.090410190000 -0.080419690000 0.992652340000 0.643600800000
0.000000000000 0.000000000000 0.000000000000 1.000000000000
16 21 60
0.973245590000 0.154889460000 -0.169712320000 0.095429680000
-0.190262150000 0.957374160000 -0.217336200000 0.083822660000
0.128815100000 0.243811330000 0.961229790000 0.762965750000
0.000000000000 0.000000000000 0.000000000000 1.000000000000
16 22 60
0.968626300000 -0.221179590000 0.113325580000 -0.317119070000
-0.247263310000 -0.811860590000 0.528907580000 -1.350699100000
-0.024978990000 -0.540335050000 -0.841079120000 2.991433600000
0.000000000000 0.000000000000 0.000000000000 1.000000000000
16 23 60
-0.793308800000 -0.491225690000 0.359664390000 -1.504862290000
-0.565900310000 0.377079980000 -0.733189970000 1.294185750000
0.224539510000 -0.785180240000 -0.577125630000 3.481126370000
0.000000000000 0.000000000000 0.000000000000 1.000000000000
16 24 60
0.944351800000 0.170792150000 0.281122230000 -0.375792560000
0.111365150000 -0.970173570000 0.215316160000 0.192304910000
0.309511670000 -0.172026980000 -0.935205460000 4.154805810000
0.000000000000 0.000000000000 0.000000000000 1.000000000000
16 25 60
0.788578980000 0.430868140000 0.438743470000 -0.987550250000
0.540349240000 -0.826103100000 -0.159926130000 0.304964990000
0.293540270000 0.363189080000 -0.884266820000 3.820932430000
0.000000000000 0.000000000000 0.000000000000 1.000000000000
16 26 60
0.746092820000 -0.595941480000 0.296983580000 -0.492443220000
-0.502496360000 -0.796585850000 -0.336077950000 0.967352730000
0.436855710000 0.101512180000 -0.893785410000 3.661109540000
0.000000000000 0.000000000000 0.000000000000 1.000000000000
16 27 60
-0.100074930000 0.988691430000 0.111688230000 -0.209584330000
0.937363390000 0.131327890000 -0.322649750000 0.431740070000
-0.333668820000 0.072403310000 -0.939905780000 3.638101710000
0.000000000000 0.000000000000 0.000000000000 1.000000000000
16 28 60
0.927343840000 0.115835880000 0.355830640000 -1.073712140000
-0.226791590000 0.930327600000 0.288194600000 -0.749708530000
-0.297655790000 -0.347954880000 0.889004180000 0.376314640000
0.000000000000 0.000000000000 0.000000000000 1.000000000000
16 29 60
0.879972170000 0.474792660000 -0.014863140000 -0.273357140000
-0.470382430000 0.866580900000 -0.166667090000 0.168718470000
-0.066252200000 0.153653760000 0.985901200000 -0.037069010000
0.000000000000 0.000000000000 0.000000000000 1.000000000000
16 30 60
-0.979380440000 0.026217740000 -0.200316200000 -0.067665050000
-0.137486610000 0.640014730000 0.755962020000 -2.369285020000
0.148024930000 0.767915210000 -0.623213320000 3.011829820000
0.000000000000 0.000000000000 0.000000000000 1.000000000000
16 31 60
-0.911112360000 0.391709330000 -0.128211020000 -0.041270150000
-0.411010440000 -0.840300080000 0.353505590000 -1.885419180000
0.030735710000 0.374779380000 0.926604410000 -0.654045570000
0.000000000000 0.000000000000 0.000000000000 1.000000000000
16 32 60
0.786578380000 -0.216320950000 0.578359490000 -1.682753890000
0.401375910000 0.890881990000 -0.212665620000 -0.003924580000
-0.469246020000 0.399417750000 0.787574530000 0.674463590000
0.000000000000 0.000000000000 0.000000000000 1.000000000000
16 33 60
-0.921819760000 -0.111880790000 -0.371121300000 0.580291410000
0.338096940000 0.236183410000 -0.910992790000 2.470257130000
0.189575280000 -0.965246130000 -0.179891980000 3.043461270000
0.000000000000 0.000000000000 0.000000000000 1.000000000000
16 34 60
0.884181290000 -0.406146720000 0.230799220000 -0.884497340000
0.452358880000 0.621082990000 -0.640021380000 1.801600270000
0.116597110000 0.670299010000 0.732874040000 -0.147087340000
0.000000000000 0.000000000000 0.000000000000 1.000000000000
16 35 60
-0.855444740000 -0.103182380000 0.507511280000 -1.142130440000
0.221062290000 0.813443630000 0.537997140000 -1.467721650000
-0.468343640000 0.572418430000 -0.673046340000 3.238007950000
0.000000000000 0.000000000000 0.000000000000 1.000000000000
16 36 60
-0.268296930000 0.692026050000 -0.670161690000 1.585804660000
-0.802628740000 0.224127460000 0.552769390000 -1.276460990000
0.532732460000 0.686197360000 0.495307290000 1.034883430000
0.000000000000 0.000000000000 0.000000000000 1.000000000000
16 37 60
-0.547284710000 0.570575380000 -0.612309710000 1.143765300000
-0.825344770000 -0.246538790000 0.507961250000 -0.974230820000
0.138872090000 0.783366040000 0.605848320000 0.975816930000
0.000000000000 0.000000000000 0.000000000000 1.000000000000
16 38 60
0.892351430000 0.197040280000 0.406059180000 -1.707704460000
-0.095153660000 -0.797320300000 0.596008500000 -1.329900830000
0.441196900000 -0.570487050000 -0.692740800000 3.539351710000
0.000000000000 0.000000000000 0.000000000000 1.000000000000
16 39 60
-0.917792050000 -0.049807660000 -0.393925060000 0.918977310000
0.392571670000 0.034945330000 -0.919057290000 1.930875500000
0.059541930000 -0.998147290000 -0.012519470000 2.647069960000
0.000000000000 0.000000000000 0.000000000000 1.000000000000
16 40 60
-0.948095420000 0.284684970000 0.141667020000 -0.209723180000
-0.087355690000 0.195192250000 -0.976866920000 2.597369440000
-0.305751630000 -0.938538470000 -0.160192020000 2.868886790000
0.000000000000 0.000000000000 0.000000000000 1.000000000000
16 41 60
0.153676950000 0.553434940000 -0.818592180000 1.582338320000
-0.987275490000 0.120265450000 -0.104035180000 0.052571760000
0.040871660000 0.824163810000 0.564874790000 0.388169450000
0.000000000000 0.000000000000 0.000000000000 1.000000000000
16 42 60
0.945146220000 -0.325139280000 -0.031353860000 -0.154773800000
-0.216652020000 -0.695818020000 0.684762140000 -1.714422710000
-0.244459650000 -0.640407470000 -0.728091850000 3.918435890000
0.000000000000 0.000000000000 0.000000000000 1.000000000000
16 43 60
0.989406330000 0.043567280000 -0.138481080000 0.459846890000
-0.118030100000 0.796793140000 -0.592612510000 1.101324740000
0.084522260000 0.602679500000 0.793494430000 -0.549445570000
0.000000000000 0.000000000000 0.000000000000 1.000000000000
16 44 60
0.964623270000 -0.223358400000 -0.140046340000 0.441756490000
0.075257500000 0.742413240000 -0.665701800000 1.383688560000
0.252662350000 0.631611910000 0.732958480000 -0.149589840000
0.000000000000 0.000000000000 0.000000000000 1.000000000000
16 45 60
-0.969907770000 -0.131954890000 -0.204613840000 0.824427470000
-0.221036320000 0.124843820000 0.967241940000 -2.495901420000
-0.102087530000 0.983362560000 -0.150253820000 1.964398370000
0.000000000000 0.000000000000 0.000000000000 1.000000000000
16 46 60
-0.846669180000 -0.233709950000 -0.478049110000 0.826377440000
-0.499505460000 0.658753590000 0.562617100000 -1.849298410000
0.183427350000 0.715138710000 -0.674485760000 3.252426260000
0.000000000000 0.000000000000 0.000000000000 1.000000000000
16 47 60
0.045454560000 0.342800550000 -0.938307870000 2.254471000000
-0.991813230000 -0.096716790000 -0.083380960000 -0.432025210000
-0.119333160000 0.934416210000 0.335597900000 0.701974730000
0.000000000000 0.000000000000 0.000000000000 1.000000000000
16 48 60
0.569246080000 -0.386316460000 0.725753740000 -1.853820120000
0.250926950000 0.922249180000 0.294095430000 -0.937035000000
-0.782939700000 0.014698500000 0.621923940000 0.504331180000
0.000000000000 0.000000000000 0.000000000000 1.000000000000
16 49 60
0.689557620000 0.031708400000 0.723536360000 -1.472789700000
-0.709552170000 0.229698750000 0.666163790000 -1.570911020000
-0.145072410000 -0.972745120000 0.180889280000 2.018546950000
0.000000000000 0.000000000000 0.000000000000 1.000000000000
16 50 60
0.943685170000 -0.320917170000 0.080439260000 -0.479558860000
-0.169025810000 -0.676661750000 -0.716630410000 1.082270440000
0.284409180000 0.662677180000 -0.692798940000 3.327292120000
0.000000000000 0.000000000000 0.000000000000 1.000000000000
16 51 60
0.571530850000 0.816004970000 0.086535380000 -0.366062660000
-0.809036800000 0.542722010000 0.225637480000 -0.129891110000
0.137156640000 -0.198969090000 0.970360430000 -1.361215710000
0.000000000000 0.000000000000 0.000000000000 1.000000000000
16 52 60
-0.299003060000 0.038718980000 -0.953466310000 1.707786720000
0.621515950000 0.766086880000 -0.163795050000 0.086247300000
0.724096060000 -0.641569740000 -0.253126780000 2.216339720000
0.000000000000 0.000000000000 0.000000000000 1.000000000000
16 53 60
0.559540110000 -0.304383430000 0.770886230000 -1.807457770000
0.058422680000 0.942291380000 0.329657010000 -0.636696550000
-0.826741590000 -0.139419090000 0.545032720000 1.343035760000
0.000000000000 0.000000000000 0.000000000000 1.000000000000
16 54 60
0.888395170000 -0.073302640000 0.453189530000 -1.555067810000
0.117671270000 -0.917830850000 -0.379130590000 0.798050780000
0.443742610000 0.390145170000 -0.806770880000 3.504145370000
0.000000000000 0.000000000000 0.000000000000 1.000000000000
16 55 60
-0.657440810000 -0.298126610000 -0.692020310000 1.190077000000
-0.121606350000 -0.864381350000 0.487910620000 -1.385752290000
-0.743628590000 0.404926420000 0.532025490000 0.299709370000
0.000000000000 0.000000000000 0.000000000000 1.000000000000
16 56 60
-0.965876160000 -0.258722800000 0.012072750000 -0.362560420000
-0.238977900000 0.872253010000 -0.426689870000 0.599074000000
0.099863900000 -0.415014690000 -0.904317430000 3.706607610000
0.000000000000 0.000000000000 0.000000000000 1.000000000000
16 57 60
-0.195420240000 0.937509380000 0.287901180000 -0.474400010000
-0.931079480000 -0.269567310000 0.245813900000 -0.361840330000
0.308061590000 -0.220021870000 0.925574650000 -0.208301370000
0.000000000000 0.000000000000 0.000000000000 1.000000000000
16 58 60
0.752584810000 -0.648161780000 -0.116199870000 0.620451750000
0.658125120000 0.746274640000 0.099727040000 -0.368122680000
0.022077760000 -0.151527110000 0.988206510000 -0.052873460000
0.000000000000 0.000000000000 0.000000000000 1.000000000000
16 59 60
-0.305781560000 -0.607026960000 0.733495670000 -2.680832420000
-0.891872070000 -0.087035150000 -0.443834540000 0.308522810000
0.333259440000 -0.789900720000 -0.514776650000 3.406786190000
0.000000000000 0.000000000000 0.000000000000 1.000000000000
17 19 60
-0.329151810000 0.943432230000 0.039933910000 0.359788520000
0.941798810000 0.331056170000 -0.058453480000 0.248233030000
-0.068367270000 0.018369640000 -0.997491090000 2.978392700000
0.000000000000 0.000000000000 0.000000000000 1.000000000000
17 20 60
-0.865414450000 -0.417860750000 -0.276496330000 0.050631640000
-0.370244050000 0.905111090000 -0.209029340000 0.294395400000
0.337605050000 -0.078525890000 -0.938006670000 3.286450470000
0.000000000000 0.000000000000 0.000000000000 1.000000000000
17 21 60
0.572928400000 -0.719547500000 0.392434000000 -0.273025100000
0.815859920000 0.546409140000 -0.189234360000 0.698073490000
-0.078266420000 0.428588910000 0.900103280000 0.538834800000
0.000000000000 0.000000000000 0.000000000000 1.000000000000
17 22 60
0.992131980000 0.032958650000 0.120780200000 -0.049674290000
-0.044095450000 0.994899130000 0.090726590000 0.372906030000
-0.117173890000 -0.095338610000 0.988524570000 0.126319710000
0.000000000000 0.000000000000 0.000000000000 1.000000000000
17 23 60
-0.955629170000 -0.294055760000 0.017438650000 -0.323828680000
-0.182496840000 0.544533670000 -0.818643990000 1.494758310000
0.231231050000 -0.785502570000 -0.574036510000 3.345545700000
0.000000000000 0.000000000000 0.000000000000 1.000000000000
17 24 60
0.062800610000 0.906535660000 -0.417431650000 0.616698790000
-0.793228800000 0.299167780000 0.530364690000 -1.224920220000
0.605676610000 0.297811590000 0.737878110000 -0.032692550000
0.000000000000 0.000000000000 0.000000000000 1.000000000000
17 25 60
-0.966248240000 -0.137622230000 -0.217771580000 0.039166300000
0.068457620000 -0.952122070000 0.297954900000 -0.859518400000
-0.248350340000 0.272990280000 0.929407560000 0.143532590000
0.000000000000 0.000000000000 0.000000000000 1.000000000000
17 26 60
-0.401165510000 -0.782562470000 -0.476090550000 0.507517390000
-0.254069670000 0.594413900000 -0.762968360000 1.139006660000
0.880065250000 -0.185116420000 -0.437283740000 3.113653850000
0.000000000000 0.000000000000 0.000000000000 1.000000000000
17 27 60
-0.131134110000 -0.991330810000 -0.008189270000 -0.323810730000
0.929787630000 -0.125850680000 0.345914100000 -0.718197640000
-0.343945930000 0.037746860000 0.938230450000 0.397651980000
0.000000000000 0.000000000000 0.000000000000 1.000000000000
17 28 60
-0.859973220000 0.494833930000 -0.124841660000 0.138594230000
-0.500355690000 -0.769383730000 0.397105590000 -0.286551600000
0.100450180000 0.403965410000 0.909242380000 0.076247790000
0.000000000000 0.000000000000 0.000000000000 1.000000000000
17 29 60
-0.058782310000 -0.572670860000 0.817675190000 -1.931733960000
0.854522830000 0.394580970000 0.337781870000 -0.905622930000
-0.516076900000 0.718577720000 0.466165950000 0.819356360000
0.000000000000 0.000000000000 0.000000000000 1.000000000000
17 30 60
-0.633073540000 -0.252845890000 -0.731633000000 2.157135180000
0.098563960000 0.911127840000 -0.400163970000 0.558695590000
0.767791010000 -0.325445870000 -0.551889440000 3.549787780000
0.000000000000 0.000000000000 0.000000000000 1.000000000000
17 31 60
0.668379010000 0.313737450000 -0.674417020000 1.745932010000
-0.376247810000 0.924744900000 0.057310190000 -0.108739770000
0.641644050000 0.215443000000 0.736123110000 0.430930090000
0.000000000000 0.000000000000 0.000000000000 1.000000000000
17 32 60
0.315399458000 0.806259748000 -0.500468182000 0.729505569000
0.948957784000 -0.267127233000 0.167696646000 -0.472145400000
0.001518375160 -0.527814608000 -0.849358248000 3.579882600000
0.000000000000 0.000000000000 0.000000000000 1.000000000000
17 33 60
-0.835992400000 -0.267851050000 -0.478928510000 1.024779120000
0.118699970000 0.763843420000 -0.634392260000 1.448950160000
0.535749030000 -0.587195910000 -0.606773390000 4.060917610000
0.000000000000 0.000000000000 0.000000000000 1.000000000000
17 34 60
-0.715863730000 -0.682925890000 -0.145435060000 0.125982540000
-0.651651130000 0.728254230000 -0.212123950000 -0.243494630000
0.250778630000 -0.057078920000 -0.966360220000 4.435446350000
0.000000000000 0.000000000000 0.000000000000 1.000000000000
17 35 60
0.173032000000 -0.617172770000 0.767566090000 -2.732743960000
0.235470280000 -0.730799340000 -0.640691870000 2.201309390000
0.956354370000 0.291599200000 0.018874170000 2.610150160000
0.000000000000 0.000000000000 0.000000000000 1.000000000000
17 36 60
0.896159670000 0.304824450000 -0.322459140000 1.035134130000
-0.258902600000 0.949374120000 0.177927590000 -0.576456610000
0.360371040000 -0.075966020000 0.929710640000 0.085321790000
0.000000000000 0.000000000000 0.000000000000 1.000000000000
17 37 60
-0.149242150000 -0.841917080000 0.518558000000 -1.661472010000
-0.974715850000 0.037061710000 -0.220352970000 0.238921830000
0.166300290000 -0.538332660000 -0.826161100000 3.541907830000
0.000000000000 0.000000000000 0.000000000000 1.000000000000
17 38 60
-0.556866060000 0.297992100000 -0.775306970000 1.731440620000
0.702601000000 -0.328848780000 -0.631039080000 1.629289880000
-0.443003410000 -0.896135700000 -0.026244820000 1.974639540000
0.000000000000 0.000000000000 0.000000000000 1.000000000000
17 39 60
0.923848720000 0.358049770000 -0.135291920000 -0.283330340000
-0.304253630000 0.472497850000 -0.827149030000 1.941651220000
-0.232235380000 0.805323630000 0.545454470000 0.180782110000
0.000000000000 0.000000000000 0.000000000000 1.000000000000
17 40 60
-0.882026220000 0.403470440000 0.243395480000 -0.505643060000
-0.331892680000 -0.165293960000 -0.928722330000 2.377643460000
-0.334480200000 -0.899938620000 0.279702490000 1.737819320000
0.000000000000 0.000000000000 0.000000000000 1.000000000000
17 41 60
-0.295849870000 0.488862570000 -0.820662080000 1.761769560000
-0.619673620000 0.555598870000 0.554359540000 -1.665570310000
0.726964560000 0.672549830000 0.138561380000 1.333911680000
0.000000000000 0.000000000000 0.000000000000 1.000000000000
17 42 60
-0.886725950000 -0.118218990000 0.446924320000 -1.482743020000
-0.423061690000 -0.182237050000 -0.887585750000 2.100474040000
0.186375670000 -0.976121880000 0.111580400000 1.691020390000
0.000000000000 0.000000000000 0.000000000000 1.000000000000
17 43 60
-0.988325000000 -0.016067820000 0.151510770000 -0.918507630000
0.111300950000 0.602953040000 0.789974510000 -2.224047040000
-0.104047050000 0.797614850000 -0.594125210000 3.177032750000
0.000000000000 0.000000000000 0.000000000000 1.000000000000
17 44 60
-0.634544240000 0.527794880000 -0.564611520000 1.142433640000
-0.584046080000 0.151010930000 0.797549920000 -2.517925480000
0.506205280000 0.835839850000 0.212433410000 0.945847010000
0.000000000000 0.000000000000 0.000000000000 1.000000000000
17 45 60
-0.964252730000 0.261167970000 0.044810380000 -0.174163930000
0.015017220000 -0.114974770000 0.993254890000 -2.838213550000
0.264558430000 0.958421670000 0.106942720000 1.094224400000
0.000000000000 0.000000000000 0.000000000000 1.000000000000
17 46 60
0.946909020000 0.090108480000 -0.308615890000 0.945725900000
-0.254235060000 0.797441720000 -0.547221380000 0.442893370000
0.196793910000 0.596629840000 0.778013490000 -0.213027160000
0.000000000000 0.000000000000 0.000000000000 1.000000000000
17 47 60
0.204176840000 0.441461556000 -0.873741101000 1.716703640000
-0.907931950000 0.419117418000 -0.000405668401 -0.501523027000
0.366021028000 0.793380290000 0.486391121000 0.463490290000
0.000000000000 0.000000000000 0.000000000000 1.000000000000
17 48 60
0.375731830000 0.886530400000 -0.269980440000 0.729751650000
0.858874330000 -0.223693790000 0.460755880000 -0.877522380000
0.348081140000 -0.404999910000 -0.845467080000 3.940215160000
0.000000000000 0.000000000000 0.000000000000 1.000000000000
17 49 60
0.971781990000 0.133779820000 -0.194274860000 0.629242310000
-0.194930070000 0.919236090000 -0.342063260000 0.832665490000
0.132823300000 0.370280920000 0.919374790000 -0.595797300000
0.000000000000 0.000000000000 0.000000000000 1.000000000000
17 50 60
-0.499236770000 -0.138675130000 -0.855296350000 2.082811360000
0.669121220000 -0.688841760000 -0.278879590000 0.682799900000
-0.550490180000 -0.711523890000 0.436685610000 1.151645850000
0.000000000000 0.000000000000 0.000000000000 1.000000000000
17 51 60
-0.656797590000 -0.226467270000 -0.719256210000 1.660252560000
0.671537060000 0.258213420000 -0.694524160000 1.508421740000
0.343008600000 -0.939169000000 -0.017512790000 2.045461710000
0.000000000000 0.000000000000 0.000000000000 1.000000000000
17 52 60
0.510608440000 0.786917340000 0.346468070000 -1.084314110000
0.814782590000 -0.571539550000 0.097323580000 -0.859950130000
0.274605810000 0.232601910000 -0.932999460000 3.976288590000
0.000000000000 0.000000000000 0.000000000000 1.000000000000
17 53 60
-0.361003960000 -0.665580400000 -0.653206610000 1.026094390000
-0.020230430000 0.705865880000 -0.708056560000 1.233808450000
0.932344820000 -0.242396570000 -0.268285350000 2.213799570000
0.000000000000 0.000000000000 0.000000000000 1.000000000000
17 54 60
-0.682734190000 -0.464940320000 -0.563652840000 1.063794860000
-0.081181080000 0.814914950000 -0.573866930000 0.876913830000
0.726143000000 -0.346040620000 -0.594114660000 3.298963890000
0.000000000000 0.000000000000 0.000000000000 1.000000000000
17 55 60
0.788702170000 0.263721380000 0.555337670000 -1.142499330000
0.459346780000 -0.853160140000 -0.247221180000 0.695118140000
0.408594450000 0.450076450000 -0.794028820000 4.176489990000
0.000000000000 0.000000000000 0.000000000000 1.000000000000
17 56 60
-0.824747500000 0.516856850000 -0.229457090000 0.154069750000
-0.509152760000 -0.502124460000 0.699023960000 -1.545341130000
0.246079300000 0.693346980000 0.677284980000 0.777507910000
0.000000000000 0.000000000000 0.000000000000 1.000000000000
17 57 60
-0.657210170000 -0.753580550000 0.013825570000 -0.462330900000
0.704876070000 -0.608032140000 0.365303500000 -0.795879390000
-0.266879220000 0.249826490000 0.930785800000 0.059094400000
0.000000000000 0.000000000000 0.000000000000 1.000000000000
17 58 60
0.837872660000 -0.504721260000 0.207908280000 -0.333590410000
-0.377391000000 -0.810798530000 -0.447416770000 1.332827250000
0.394392490000 0.296415570000 -0.869823190000 3.455334030000
0.000000000000 0.000000000000 0.000000000000 1.000000000000
17 59 60
0.777322560000 0.563862650000 -0.278977690000 0.763295290000
-0.618068550000 0.601803050000 -0.505790820000 0.759962480000
-0.117306930000 0.565589950000 0.816300860000 0.215988910000
0.000000000000 0.000000000000 0.000000000000 1.000000000000
18 20 60
0.993867650000 -0.084611030000 0.071190340000 0.267049660000
0.090141340000 0.992835700000 -0.078433530000 -0.488667390000
-0.064043970000 0.084369740000 0.994374230000 0.385822420000
0.000000000000 0.000000000000 0.000000000000 1.000000000000
18 21 60
-0.893674190000 0.261647880000 0.364536460000 -1.011085530000
0.004200720000 -0.807484270000 0.589874140000 -1.069595930000
0.448696780000 0.528686610000 0.720528740000 0.819708600000
0.000000000000 0.000000000000 0.000000000000 1.000000000000
18 22 60
0.354208220000 0.791429690000 -0.498172250000 1.319382840000
0.863215350000 -0.481611210000 -0.151360170000 -0.231602700000
-0.359716280000 -0.376416910000 -0.853764900000 2.873511260000
0.000000000000 0.000000000000 0.000000000000 1.000000000000
18 23 60
-0.998921020000 -0.005021380000 -0.046169120000 -0.448101550000
-0.025958330000 -0.763971290000 0.644727880000 -1.347380050000
-0.038509300000 0.645230700000 0.763016630000 -0.152654560000
0.000000000000 0.000000000000 0.000000000000 1.000000000000
18 24 60
-0.993490370000 -0.109076970000 0.032849570000 0.068878700000
0.084938750000 -0.517146580000 0.851671780000 -1.713755250000
-0.075909730000 0.848917920000 0.523045010000 0.252300610000
0.000000000000 0.000000000000 0.000000000000 1.000000000000
18 25 60
-0.818274220000 -0.169065670000 -0.549403400000 0.924595520000
-0.048526120000 0.972674990000 -0.227043130000 0.340554800000
0.572776150000 -0.159123130000 -0.804118970000 3.308214640000
0.000000000000 0.000000000000 0.000000000000 1.000000000000
18 26 60
0.841221150000 -0.182841550000 0.508837830000 -1.099002580000
-0.113418660000 -0.979822060000 -0.164575040000 0.255278340000
0.528661690000 0.080732300000 -0.844984680000 3.379157360000
0.000000000000 0.000000000000 0.000000000000 1.000000000000
18 27 60
0.049816090000 0.980543310000 0.189876730000 0.133329080000
-0.995813080000 0.063352890000 -0.065899280000 0.114185100000
-0.076646340000 -0.185798890000 0.979593850000 -0.037545290000
0.000000000000 0.000000000000 0.000000000000 1.000000000000
18 28 60
0.753966310000 -0.540180490000 0.373817910000 -0.674918180000
0.654906270000 0.662539660000 -0.363509250000 -0.314878040000
-0.051308580000 0.518889430000 0.853300180000 -0.076728190000
0.000000000000 0.000000000000 0.000000000000 1.000000000000
18 29 60
-0.997719850000 0.066573880000 0.011091240000 0.178407410000
0.047398870000 0.808154980000 -0.587059520000 1.113739360000
-0.048046280000 -0.585195230000 -0.809467790000 3.332921090000
0.000000000000 0.000000000000 0.000000000000 1.000000000000
18 30 60
0.663035420000 0.563845020000 0.492405150000 -1.097263890000
-0.491550860000 -0.168172310000 0.854456450000 -1.786745050000
0.564589920000 -0.808577070000 0.165654310000 1.591511810000
0.000000000000 0.000000000000 0.000000000000 1.000000000000
18 31 60
0.567663770000 -0.700730480000 0.432128030000 -0.951242450000
-0.811718790000 -0.563986470000 0.151762530000 -1.423609350000
0.137369740000 -0.436916530000 -0.888950780000 4.313981260000
0.000000000000 0.000000000000 0.000000000000 1.000000000000
18 32 60
0.819135760000 -0.332864620000 0.467137830000 -1.511824390000
0.383658560000 0.923356340000 -0.014804580000 -0.320809890000
-0.426406760000 0.191348390000 0.884060560000 0.130094090000
0.000000000000 0.000000000000 0.000000000000 1.000000000000
18 33 60
0.553933660000 0.617494360000 0.558442670000 -1.269795650000
-0.827312150000 0.333053580000 0.452360390000 -1.812854490000
0.093338660000 -0.712584050000 0.695350180000 -0.118494520000
0.000000000000 0.000000000000 0.000000000000 1.000000000000
18 34 60
-0.783053540000 -0.499387960000 0.370727420000 -0.730712090000
-0.570965610000 0.813558410000 -0.110095350000 -0.070799760000
-0.246628120000 -0.297883170000 -0.922193140000 3.987050310000
0.000000000000 0.000000000000 0.000000000000 1.000000000000
18 35 60
-0.266675330000 0.880301740000 0.392368600000 -1.466761410000
0.940663530000 0.326373480000 -0.092911080000 0.382030670000
-0.209848490000 0.344309740000 -0.915103500000 3.832464750000
0.000000000000 0.000000000000 0.000000000000 1.000000000000
18 36 60
0.473119180000 -0.439400520000 0.763600310000 -2.068782640000
-0.880808740000 -0.217933240000 0.420334470000 -1.394151280000
-0.018281300000 -0.871454120000 -0.490136210000 2.640997120000
0.000000000000 0.000000000000 0.000000000000 1.000000000000
18 37 60
-0.032667770000 0.351235440000 -0.935717100000 2.139164280000
-0.972120310000 -0.228667850000 -0.051895230000 0.042127600000
-0.232195860000 0.907934290000 0.348913170000 1.373470290000
0.000000000000 0.000000000000 0.000000000000 1.000000000000
18 38 60
0.266165260000 0.646099400000 -0.715340210000 1.780964970000
0.952190660000 -0.060778450000 0.299397620000 -0.947592990000
0.149963350000 -0.760829510000 -0.631386930000 3.127993360000
0.000000000000 0.000000000000 0.000000000000 1.000000000000
18 39 60
0.758989940000 -0.283181810000 0.586295430000 -2.091281420000
0.650589030000 0.294095430000 -0.700172690000 0.916465710000
0.025849370000 0.912861400000 0.407450450000 0.116687440000
0.000000000000 0.000000000000 0.000000000000 1.000000000000
18 40 60
0.968811790000 -0.221445510000 0.111200760000 -0.423824200000
-0.212047320000 -0.508675520000 0.834437030000 -2.769083830000
-0.128217230000 -0.831992250000 -0.539767770000 3.681541120000
0.000000000000 0.000000000000 0.000000000000 1.000000000000
18 41 60
0.788193250000 0.610200050000 0.080045650000 -0.144690740000
0.375353050000 -0.579713330000 0.723216800000 -1.376798880000
0.487710460000 -0.539989220000 -0.685966580000 3.308464110000
0.000000000000 0.000000000000 0.000000000000 1.000000000000
18 42 60
0.984557390000 -0.104376860000 -0.140542550000 0.092496840000
0.022536010000 -0.720567550000 0.693018420000 -1.524119850000
-0.173605490000 -0.685483680000 -0.707087880000 3.500224790000
0.000000000000 0.000000000000 0.000000000000 1.000000000000
18 43 60
0.869619710000 -0.236712000000 -0.433277040000 2.039148920000
0.120070070000 -0.749830310000 0.650644050000 -1.629042180000
-0.478899520000 -0.617836490000 -0.623645190000 3.331467000000
0.000000000000 0.000000000000 0.000000000000 1.000000000000
18 44 60
0.490124710000 -0.093944170000 -0.866575020000 2.571633060000
0.856955660000 -0.129859410000 0.498761990000 -1.195015840000
-0.159388700000 -0.987071950000 0.016858680000 2.214026610000
0.000000000000 0.000000000000 0.000000000000 1.000000000000
18 45 60
-0.633589060000 0.125717750000 -0.763387160000 2.180189240000
-0.713728350000 -0.475790700000 0.514018530000 -0.925872310000
-0.298591260000 0.870527570000 0.391184100000 0.496883450000
0.000000000000 0.000000000000 0.000000000000 1.000000000000
18 46 60
0.677740840000 0.231895190000 -0.697776450000 2.253281220000
-0.726013810000 0.361390310000 -0.585064940000 0.291859520000
0.116495910000 0.903117750000 0.413288080000 0.077089570000
0.000000000000 0.000000000000 0.000000000000 1.000000000000
18 47 60
0.241603990000 -0.299844090000 0.922887330000 -1.828579220000
0.966815460000 0.155767150000 -0.202495590000 0.677876180000
-0.083038420000 0.941185480000 0.327527870000 0.412934030000
0.000000000000 0.000000000000 0.000000000000 1.000000000000
18 48 60
-0.793870680000 0.193907610000 -0.576341210000 0.705244830000
0.061307090000 0.968487860000 0.241397400000 -0.791227040000
0.604988260000 0.156304510000 -0.780742030000 3.487458210000
0.000000000000 0.000000000000 0.000000000000 1.000000000000
18 49 60
0.783994150000 -0.585391570000 0.206566900000 -0.490181870000
-0.152897400000 -0.504604710000 -0.849703760000 1.767040970000
0.601644050000 0.634579230000 -0.485111990000 2.487604690000
0.000000000000 0.000000000000 0.000000000000 1.000000000000
18 50 60
0.885642840000 -0.165991600000 0.433685990000 -0.748839830000
-0.064211220000 0.881181950000 0.468396520000 -1.140336670000
-0.459906150000 -0.442679530000 0.769753960000 0.279114730000
0.000000000000 0.000000000000 0.000000000000 1.000000000000
18 51 60
0.779818530000 0.494385550000 -0.384013000000 0.998165280000
0.152915430000 -0.745287750000 -0.648970760000 1.702631640000
-0.607041950000 0.447357910000 -0.656788380000 4.327351700000
0.000000000000 0.000000000000 0.000000000000 1.000000000000
18 52 60
0.287722470000 0.719052820000 0.632596890000 -1.360719650000
0.670852910000 -0.622722730000 0.402706810000 -1.738638970000
0.683499930000 0.308511670000 -0.661549990000 3.000171510000
0.000000000000 0.000000000000 0.000000000000 1.000000000000
18 53 60
0.637887390000 -0.307575050000 0.706043390000 -1.717898020000
-0.042786100000 -0.929522840000 -0.366273990000 0.650339990000
0.768940200000 0.203432720000 -0.606090840000 2.466340310000
0.000000000000 0.000000000000 0.000000000000 1.000000000000
18 54 60
0.940633410000 0.293633600000 0.170258930000 -0.812872460000
-0.301568820000 0.953186130000 0.022191110000 0.311858390000
-0.155772400000 -0.072218480000 0.985149460000 -0.503880970000
0.000000000000 0.000000000000 0.000000000000 1.000000000000
18 55 60
-0.342412610000 0.754010840000 -0.560554420000 1.017561780000
-0.431591260000 -0.656177580000 -0.618999170000 0.849111560000
-0.834555320000 0.029977270000 0.550107970000 0.044557910000
0.000000000000 0.000000000000 0.000000000000 1.000000000000
18 56 60
0.937985910000 -0.252952560000 0.237059980000 0.137466370000
-0.345557240000 -0.737032330000 0.580838650000 -1.204108000000
0.027796240000 -0.626736260000 -0.778735530000 3.077915450000
0.000000000000 0.000000000000 0.000000000000 1.000000000000
18 57 60
0.981776900000 -0.183355930000 0.049947240000 -0.288757680000
0.162879370000 0.947288880000 0.275887810000 -0.253217010000
-0.097900130000 -0.262724900000 0.959891240000 -0.390063060000
0.000000000000 0.000000000000 0.000000000000 1.000000000000
18 58 60
-0.988832740000 0.148020930000 -0.017309540000 0.010652330000
0.145406580000 0.932808930000 -0.329733880000 0.286093120000
-0.032661020000 -0.328568580000 -0.943915220000 3.719369870000
0.000000000000 0.000000000000 0.000000000000 1.000000000000
18 59 60
0.967700860000 -0.247908030000 0.045789200000 -0.265021760000
-0.234270040000 -0.817203060000 0.526589700000 -1.100638900000
-0.093126740000 -0.520308340000 -0.848885530000 3.304538300000
0.000000000000 0.000000000000 0.000000000000 1.000000000000
19 21 60
-0.403591190000 0.815799870000 -0.414227870000 0.119788500000
-0.909844720000 -0.405566840000 0.087738990000 -0.739148630000
-0.096419630000 0.412293730000 0.905934400000 -0.248064020000
0.000000000000 0.000000000000 0.000000000000 1.000000000000
19 22 60
-0.986703680000 0.153478360000 0.053481200000 -0.215109930000
0.157070680000 0.985025130000 0.071093630000 0.043398700000
-0.041768990000 0.078548680000 -0.996034870000 2.725419390000
0.000000000000 0.000000000000 0.000000000000 1.000000000000
19 23 60
-0.338424080000 0.621900260000 -0.706193460000 1.375206210000
-0.920309870000 -0.375232860000 0.110589540000 -0.167901640000
-0.196211330000 0.687342970000 0.699328790000 -0.476525780000
0.000000000000 0.000000000000 0.000000000000 1.000000000000
19 24 60
-0.361582500000 -0.809253950000 -0.462996910000 0.808021390000
0.361079420000 -0.579390190000 0.730704230000 -0.973596330000
-0.859581150000 0.097031210000 0.501702300000 -0.661176410000
0.000000000000 0.000000000000 0.000000000000 1.000000000000
19 25 60
0.798329980000 0.602006900000 -0.016029400000 -0.420603130000
0.263486170000 -0.325230910000 0.908184940000 -1.957928930000
0.541520340000 -0.729254790000 -0.418262080000 2.257663250000
0.000000000000 0.000000000000 0.000000000000 1.000000000000
19 26 60
0.676832010000 0.451882310000 0.581120300000 -0.990194100000
0.317060470000 -0.891392440000 0.323870630000 -0.217838570000
0.664357650000 -0.034955730000 -0.746596960000 2.932974860000
0.000000000000 0.000000000000 0.000000000000 1.000000000000
19 27 60
0.640945940000 -0.755624200000 -0.134982820000 0.048640470000
0.674501420000 0.638379960000 -0.370835360000 0.321451430000
0.366382500000 0.146639310000 0.918836640000 -0.561209750000
0.000000000000 0.000000000000 0.000000000000 1.000000000000
19 28 60
-0.669552230000 -0.707842450000 -0.225075270000 0.431828590000
0.717611560000 -0.538273070000 -0.441922800000 1.026763540000
0.191659750000 -0.457407010000 0.868357850000 -0.243221940000
0.000000000000 0.000000000000 0.000000000000 1.000000000000
19 29 60
0.831409710000 -0.072606540000 0.550895810000 -1.113868840000
-0.370345670000 -0.811522810000 0.451967720000 -1.494869780000
0.414248700000 -0.579792220000 -0.701597460000 2.676324770000
0.000000000000 0.000000000000 0.000000000000 1.000000000000
19 30 60
-0.249271280000 -0.137744800000 -0.958587610000 1.846223460000
-0.436127910000 0.899744580000 -0.015878540000 -0.295414670000
0.864671190000 0.414108750000 -0.284354830000 2.377014830000
0.000000000000 0.000000000000 0.000000000000 1.000000000000
19 31 60
0.043403510000 0.794185280000 0.606123650000 -1.234234160000
0.691256280000 -0.461898070000 0.555711200000 -1.995837360000
0.721304990000 0.394866960000 -0.569033560000 3.490592600000
0.000000000000 0.000000000000 0.000000000000 1.000000000000
19 32 60
0.948929130000 0.248482870000 0.194395890000 -0.484959490000
-0.065234970000 0.757396600000 -0.649688220000 1.158792070000
-0.308671180000 0.603826670000 0.734925470000 -0.092671840000
0.000000000000 0.000000000000 0.000000000000 1.000000000000
19 33 60
0.119971660000 -0.949051570000 -0.291389640000 0.868331610000
0.984219350000 0.075243500000 0.160158290000 0.395675780000
-0.130073300000 -0.306005780000 0.943102010000 -1.348343600000
0.000000000000 0.000000000000 0.000000000000 1.000000000000
19 34 60
0.119979990000 0.832836720000 -0.540358950000 0.844604820000
-0.283394920000 -0.492912160000 -0.822632920000 2.213172400000
-0.951468400000 0.251834470000 0.176882100000 0.936514310000
0.000000000000 0.000000000000 0.000000000000 1.000000000000
19 35 60
-0.442079130000 -0.113646660000 0.889747420000 -2.814548700000
-0.454204290000 -0.827002750000 -0.331307890000 0.955635150000
0.773475600000 -0.550591400000 0.313981860000 1.254060670000
0.000000000000 0.000000000000 0.000000000000 1.000000000000
19 36 60
0.923367280000 -0.002673490000 -0.383908490000 0.087396180000
0.047020880000 0.993234890000 0.106176710000 -0.819608870000
0.381027440000 -0.116091810000 0.917246300000 -0.448436320000
0.000000000000 0.000000000000 0.000000000000 1.000000000000
19 37 60
-0.064496840000 0.730625280000 0.679725570000 -1.443515540000
0.830025710000 -0.338852860000 0.442985390000 -2.160332780000
0.553983280000 0.592760860000 -0.584582840000 2.708348530000
0.000000000000 0.000000000000 0.000000000000 1.000000000000
19 38 60
0.808369010000 -0.391585590000 0.439545530000 -1.676142520000
0.387881060000 0.915972690000 0.102675760000 0.278338160000
-0.442818050000 0.087491480000 0.892332570000 -1.430915890000
0.000000000000 0.000000000000 0.000000000000 1.000000000000
19 39 60
0.600641040000 -0.032632160000 -0.798852600000 1.469973130000
-0.798081250000 -0.084361450000 -0.596615010000 2.184016380000
-0.047923530000 0.995900740000 -0.076714070000 0.821199680000
0.000000000000 0.000000000000 0.000000000000 1.000000000000
19 40 60
0.797688470000 0.422643280000 -0.430192710000 0.467338290000
0.487934300000 -0.033083710000 0.872253170000 -2.693389420000
0.354419570000 -0.905692070000 -0.232612640000 2.099891930000
0.000000000000 0.000000000000 0.000000000000 1.000000000000
19 41 60
0.296338630000 0.557448390000 -0.775522220000 1.295444830000
0.372352690000 0.680311520000 0.631292090000 -1.167376460000
0.879509460000 -0.475844020000 -0.005964830000 1.652211320000
0.000000000000 0.000000000000 0.000000000000 1.000000000000
19 42 60
-0.992843710000 -0.085050770000 0.083831630000 -0.721008660000
0.108011710000 -0.938976070000 0.326584450000 -0.675223350000
0.050939640000 0.333302120000 0.941442960000 -1.142362550000
0.000000000000 0.000000000000 0.000000000000 1.000000000000
19 43 60
0.122586580000 0.618506570000 -0.776158590000 1.569938670000
0.979585670000 0.050142200000 0.194673270000 0.368266070000
0.159325000000 -0.784178160000 -0.599733410000 3.508769420000
0.000000000000 0.000000000000 0.000000000000 1.000000000000
19 44 60
0.631678490000 -0.664824940000 0.398735610000 -0.694551310000
-0.691529190000 -0.250757120000 0.677427670000 -1.487169910000
-0.350385010000 -0.703653800000 -0.618143730000 2.903126030000
0.000000000000 0.000000000000 0.000000000000 1.000000000000
19 45 60
0.805470810000 -0.526159930000 0.272713230000 0.133542450000
0.347554420000 0.046657820000 -0.936498250000 2.345602510000
0.480023650000 0.849104690000 0.220450720000 0.319224520000
0.000000000000 0.000000000000 0.000000000000 1.000000000000
19 46 60
0.495955840000 -0.827865940000 -0.262041590000 0.920139860000
-0.313234950000 -0.452016180000 0.835203710000 -1.911337950000
-0.809883740000 -0.332143570000 -0.483496610000 2.321458450000
0.000000000000 0.000000000000 0.000000000000 1.000000000000
19 47 60
0.215980700000 0.387819360000 0.896073930000 -1.918806520000
-0.656490250000 -0.621650680000 0.427283260000 -1.507302240000
0.722753690000 -0.680548730000 0.120335080000 1.780502590000
0.000000000000 0.000000000000 0.000000000000 1.000000000000
19 48 60
-0.697248000000 -0.223911010000 -0.680961880000 0.935261930000
-0.704134600000 0.391930930000 0.592101850000 -1.764486110000
0.134311900000 0.892330660000 -0.430936550000 1.846089660000
0.000000000000 0.000000000000 0.000000000000 1.000000000000
19 49 60
0.967530190000 0.252729270000 0.003638440000 -0.751230360000
0.075913980000 -0.304293760000 0.949548510000 -2.198519720000
0.241085860000 -0.918440650000 -0.313599080000 1.864476820000
0.000000000000 0.000000000000 0.000000000000 1.000000000000
19 50 60
0.004381983700 0.024892855100 -0.999680521000 2.326833330000
0.985870776000 -0.167507586000 0.000150375652 -0.530185868000
-0.167450327000 -0.985556469000 -0.025275153900 1.696559950000
0.000000000000 0.000000000000 0.000000000000 1.000000000000
19 51 60
-0.256652860000 0.799359820000 0.543280030000 -1.301505670000
0.965677030000 0.235329720000 0.109944500000 -1.061994850000
-0.039964720000 0.552850620000 -0.832321460000 4.293878360000
0.000000000000 0.000000000000 0.000000000000 1.000000000000
19 52 60
0.812257920000 0.580176570000 -0.060267930000 -0.368659250000
-0.560574400000 0.747877620000 -0.355577570000 1.332888440000
-0.161224740000 0.322605350000 0.932701650000 -1.191222900000
0.000000000000 0.000000000000 0.000000000000 1.000000000000
19 53 60
-0.452581900000 -0.757545880000 -0.470418820000 0.680504880000
-0.776636190000 0.075632390000 0.625392650000 -1.246354730000
-0.438184730000 0.648385670000 -0.622567400000 1.646264960000
0.000000000000 0.000000000000 0.000000000000 1.000000000000
19 54 60
0.334584340000 -0.942076470000 -0.023350260000 -0.535019300000
-0.916482420000 -0.331062080000 0.224628310000 -0.479503880000
-0.219347430000 -0.053757010000 -0.974164710000 3.361261110000
0.000000000000 0.000000000000 0.000000000000 1.000000000000
19 55 60
-0.174534270000 0.893027470000 0.414776720000 -1.325117920000
0.072840710000 -0.408378180000 0.909901920000 -1.658411440000
0.981953170000 0.189021700000 0.006227230000 1.800304200000
0.000000000000 0.000000000000 0.000000000000 1.000000000000
19 56 60
0.717571280000 -0.696348120000 -0.013811410000 -0.097790600000
0.624658950000 0.652214690000 -0.429438230000 0.983665160000
0.308046510000 0.299525130000 0.902990610000 -0.421051140000
0.000000000000 0.000000000000 0.000000000000 1.000000000000
19 57 60
0.401227570000 0.914888610000 -0.044668330000 -0.091058550000
-0.776939340000 0.314089680000 -0.545630770000 1.534176610000
-0.485161510000 0.253626690000 0.836834400000 -0.232249160000
0.000000000000 0.000000000000 0.000000000000 1.000000000000
19 58 60
0.015723090000 -0.969897560000 -0.243005180000 0.777695780000
0.838707680000 0.145107030000 -0.524893680000 0.669548890000
0.544354860000 -0.195557360000 0.815742060000 -0.585944170000
0.000000000000 0.000000000000 0.000000000000 1.000000000000
19 59 60
0.340175280000 -0.770484650000 0.539104980000 -0.876044610000
0.802358760000 -0.061161520000 -0.593700000000 1.243015120000
0.490409210000 0.634517670000 0.597399470000 0.081683220000
0.000000000000 0.000000000000 0.000000000000 1.000000000000
20 22 60
-0.730129110000 -0.599634940000 0.327642210000 -1.624491180000
-0.679548360000 0.687433250000 -0.256221690000 0.860709230000
-0.071592670000 -0.409723640000 -0.909395970000 2.623781440000
0.000000000000 0.000000000000 0.000000000000 1.000000000000
20 23 60
-0.983450750000 0.142967630000 0.111287340000 -0.493963780000
0.035986610000 0.756157840000 -0.653399020000 1.391015640000
-0.177565700000 -0.638580900000 -0.748788920000 3.103032580000
0.000000000000 0.000000000000 0.000000000000 1.000000000000
20 24 60
-0.957425330000 -0.283575470000 -0.054052570000 -0.334799770000
-0.263319360000 0.934609850000 -0.239096950000 0.115762170000
0.118320100000 -0.214684390000 -0.969490060000 3.574215120000
0.000000000000 0.000000000000 0.000000000000 1.000000000000
20 25 60
-0.461389710000 0.838352460000 -0.290318270000 0.419310170000
0.739864660000 0.544171800000 0.395572170000 -0.557936690000
0.489611910000 -0.032283300000 -0.871342620000 3.113574180000
0.000000000000 0.000000000000 0.000000000000 1.000000000000
20 26 60
0.724626650000 0.688572530000 0.028001540000 -0.850050000000
0.660769730000 -0.705758860000 0.255514760000 -0.189068630000
0.195702780000 -0.166650240000 -0.966399560000 3.320996620000
0.000000000000 0.000000000000 0.000000000000 1.000000000000
20 27 60
0.679800800000 -0.728027510000 -0.088582270000 -0.179269390000
0.715726080000 0.632210320000 0.296725930000 -0.345299780000
-0.160022020000 -0.265115160000 0.950845360000 -0.367002110000
0.000000000000 0.000000000000 0.000000000000 1.000000000000
20 28 60
0.916108360000 0.323565480000 0.236750610000 -1.119249090000
0.242882290000 -0.917700160000 0.314379720000 -0.290701100000
0.318988500000 -0.230503350000 -0.919301120000 3.124434290000
0.000000000000 0.000000000000 0.000000000000 1.000000000000
20 29 60
-0.420423300000 0.848386070000 -0.321691370000 0.315724840000
-0.899887290000 -0.435201110000 0.028334700000 -0.466351280000
-0.115961670000 0.301398540000 0.946420520000 -0.619147010000
0.000000000000 0.000000000000 0.000000000000 1.000000000000
20 30 60
-0.863765510000 -0.186969190000 -0.467922710000 0.936334700000
0.467842270000 0.047362970000 -0.882541990000 2.511468880000
0.187170370000 -0.981223350000 0.046561590000 1.934994430000
0.000000000000 0.000000000000 0.000000000000 1.000000000000
20 31 60
0.841900080000 0.534799460000 -0.072067940000 -0.769652570000
0.528176040000 -0.789269730000 0.313182640000 -0.379992290000
0.110608860000 -0.301733050000 -0.946954510000 2.877297770000
0.000000000000 0.000000000000 0.000000000000 1.000000000000
20 32 60
-0.160987750000 -0.945156260000 0.284187580000 -0.960364540000
0.881867580000 -0.008461900000 0.471421220000 -0.934133780000
-0.443161950000 0.326508850000 0.834864930000 -0.203389860000
0.000000000000 0.000000000000 0.000000000000 1.000000000000
20 33 60
-0.838350890000 0.267237670000 -0.475133470000 0.646008450000
-0.431612570000 -0.857797850000 0.279093950000 -0.696649050000
-0.332984050000 0.439052240000 0.834478730000 -1.266364070000
0.000000000000 0.000000000000 0.000000000000 1.000000000000
20 34 60
0.936210160000 0.225308010000 -0.269716220000 0.175294460000
0.261804770000 -0.959109060000 0.107555000000 0.086811780000
-0.234454270000 -0.171307070000 -0.956914350000 3.523070430000
0.000000000000 0.000000000000 0.000000000000 1.000000000000
20 35 60
-0.019372700000 -0.993006080000 -0.116462970000 0.352837700000
0.994521600000 -0.031106610000 0.099795600000 0.902156560000
-0.102720410000 -0.113891630000 0.988168620000 -1.463428860000
0.000000000000 0.000000000000 0.000000000000 1.000000000000
20 36 60
-0.924579920000 -0.300912180000 0.233674640000 -0.647140050000
-0.367791010000 0.864988140000 -0.341358000000 0.626267910000
-0.099407010000 -0.401556180000 -0.910423460000 3.123188720000
0.000000000000 0.000000000000 0.000000000000 1.000000000000
20 37 60
0.989057581000 0.130876193000 -0.068092026000 -0.286943081000
0.130728608000 -0.991395968000 -0.006638220000 -0.817061309000
-0.068374944900 -0.002335993940 -0.997656960000 4.020616410000
0.000000000000 0.000000000000 0.000000000000 1.000000000000
20 38 60
0.775600770000 0.419829550000 0.471366720000 -1.052799930000
0.352904170000 -0.907545540000 0.227639520000 -1.150996810000
0.523356560000 -0.010210110000 -0.852052620000 3.806578780000
0.000000000000 0.000000000000 0.000000000000 1.000000000000
20 39 60
-0.924326910000 -0.343435290000 0.166348960000 -0.924125020000
-0.204020220000 0.076368260000 -0.975983420000 2.980936630000
0.322483370000 -0.936066290000 -0.140656980000 2.106680500000
0.000000000000 0.000000000000 0.000000000000 1.000000000000
20 40 60
0.164312110000 -0.414559100000 0.895065520000 -2.351339020000
-0.985600960000 -0.032291990000 0.165975820000 -0.449657590000
-0.039903340000 -0.909449270000 -0.413895820000 2.903576480000
0.000000000000 0.000000000000 0.000000000000 1.000000000000
20 41 60
-0.451710010000 -0.225045690000 -0.863314840000 1.286003930000
0.670783050000 0.552333500000 -0.494952330000 1.274561990000
0.588224590000 -0.802671880000 -0.098537740000 2.011613380000
0.000000000000 0.000000000000 0.000000000000 1.000000000000
20 42 60
0.296240424000 0.339162101000 -0.892866552000 1.892351820000
-0.856890609000 0.507293860000 -0.091604715500 0.344598487000
0.421876872000 0.792225984000 0.440905767000 0.000657212308
0.000000000000 0.000000000000 0.000000000000 1.000000000000
20 43 60
0.988082900000 -0.083143970000 -0.129534770000 0.449603920000
0.074549580000 -0.477763490000 0.875319600000 -1.793981720000
-0.134664530000 -0.874545100000 -0.465871590000 3.052934700000
0.000000000000 0.000000000000 0.000000000000 1.000000000000
20 44 60
0.710762610000 0.029267190000 -0.702822840000 2.219870540000
0.662121740000 -0.365188700000 0.654394390000 -0.851571170000
-0.237510680000 -0.930473340000 -0.278940920000 2.490426630000
0.000000000000 0.000000000000 0.000000000000 1.000000000000
20 45 60
0.664418870000 -0.011351110000 0.747274190000 -2.600570230000
0.351453460000 0.887171860000 -0.299009300000 0.262478680000
-0.659566540000 0.461299520000 0.593443110000 0.042100870000
0.000000000000 0.000000000000 0.000000000000 1.000000000000
20 46 60
0.844746900000 -0.182152180000 -0.503212940000 1.425153360000
0.281772070000 -0.648021380000 0.707582350000 -1.220395290000
-0.454980420000 -0.739519350000 -0.496088650000 2.882523120000
0.000000000000 0.000000000000 0.000000000000 1.000000000000
20 47 60
0.260778150000 0.197510020000 -0.944978600000 2.056091740000
0.962780060000 -0.125256140000 0.239510880000 -0.593452290000
-0.071058580000 -0.972265750000 -0.222822780000 2.342715810000
0.000000000000 0.000000000000 0.000000000000 1.000000000000
20 48 60
-0.824331640000 0.228023440000 -0.518153120000 0.721817250000
-0.076370840000 -0.951717560000 -0.297323350000 1.143890010000
-0.560932120000 -0.205521260000 0.801945240000 -0.588612000000
0.000000000000 0.000000000000 0.000000000000 1.000000000000
20 49 60
0.666875010000 0.290560550000 0.686186770000 -1.314013000000
0.613267540000 -0.737094950000 -0.283890750000 1.028705330000
0.423297350000 0.610135720000 -0.669741560000 2.409667680000
0.000000000000 0.000000000000 0.000000000000 1.000000000000
20 50 60
0.914239200000 -0.386700430000 0.120952320000 -0.522285360000
0.220990230000 0.726114980000 0.651091660000 -1.520496380000
-0.339602720000 -0.568524230000 0.749299800000 0.108412280000
0.000000000000 0.000000000000 0.000000000000 1.000000000000
20 51 60
-0.691175150000 -0.675139390000 0.257805580000 -0.882523170000
-0.675091750000 0.730494470000 0.103096850000 0.620761900000
-0.257930300000 -0.102784430000 -0.960680660000 4.622923070000
0.000000000000 0.000000000000 0.000000000000 1.000000000000
20 52 60
0.308811040000 0.562735690000 0.766788300000 -2.118784550000
0.468324480000 -0.791653240000 0.392373960000 -1.415144710000
0.827833270000 0.237936320000 -0.508014160000 2.258574220000
0.000000000000 0.000000000000 0.000000000000 1.000000000000
20 53 60
0.526035500000 0.028110490000 0.849997910000 -2.014365600000
0.283687020000 -0.948010760000 -0.144212590000 0.509946890000
0.801753280000 0.316994310000 -0.506661900000 1.928805200000
0.000000000000 0.000000000000 0.000000000000 1.000000000000
20 54 60
-0.781409140000 -0.409666090000 -0.470715900000 0.845830490000
-0.331587100000 0.911611220000 -0.242929990000 0.436274000000
0.528630070000 -0.033744400000 -0.848181330000 3.145184540000
0.000000000000 0.000000000000 0.000000000000 1.000000000000
20 55 60
0.031932780000 -0.997969840000 -0.055104370000 0.193024570000
-0.444059720000 0.035226640000 -0.895304450000 1.249462720000
0.895427980000 0.053059190000 -0.442033320000 2.742385690000
0.000000000000 0.000000000000 0.000000000000 1.000000000000
20 56 60
0.982950020000 -0.155927610000 -0.097446590000 0.151252310000
-0.181589210000 -0.906474000000 -0.381222050000 0.501626170000
-0.028889750000 0.392417470000 -0.919333410000 3.129275150000
0.000000000000 0.000000000000 0.000000000000 1.000000000000
20 57 60
0.980666290000 -0.170250120000 0.096480660000 -0.298492830000
0.144485980000 0.962463520000 0.229755900000 -0.555767230000
-0.131975090000 -0.211373760000 0.968454290000 -0.709584610000
0.000000000000 0.000000000000 0.000000000000 1.000000000000
20 58 60
0.452033430000 -0.889763150000 -0.063145230000 -0.083205720000
0.891321260000 0.447792670000 0.070909440000 -0.232667520000
-0.034816630000 -0.088336120000 0.995482060000 -0.720124840000
0.000000000000 0.000000000000 0.000000000000 1.000000000000
20 59 60
-0.456051630000 -0.442547570000 0.772119530000 -2.245639050000
0.888721820000 -0.272093520000 0.368969700000 -0.290272290000
0.046802080000 0.854468700000 0.517390380000 0.253063110000
0.000000000000 0.000000000000 0.000000000000 1.000000000000
21 23 60
-0.595606400000 -0.370421060000 0.712770130000 -2.206225690000
0.801448790000 -0.214209040000 0.558385470000 -0.934676720000
-0.054155930000 0.903826710000 0.424457780000 0.341678850000
0.000000000000 0.000000000000 0.000000000000 1.000000000000
21 24 60
0.699116710000 0.482423950000 -0.527733800000 0.823176800000
0.529917740000 -0.845110120000 -0.070541280000 0.204760950000
-0.480023980000 -0.230338910000 -0.846475610000 3.378386830000
0.000000000000 0.000000000000 0.000000000000 1.000000000000
21 25 60
0.771944520000 0.635314870000 -0.021832840000 -0.599178240000
0.634908320000 -0.772243150000 -0.023063870000 0.220181060000
-0.031513090000 0.003942180000 -0.999495570000 3.489056010000
0.000000000000 0.000000000000 0.000000000000 1.000000000000
21 26 60
-0.309933310000 -0.827125700000 -0.468833050000 0.473952470000
-0.550799210000 0.558140080000 -0.620564160000 1.356957870000
0.774959080000 0.065899370000 -0.628566390000 2.645769030000
0.000000000000 0.000000000000 0.000000000000 1.000000000000
21 27 60
-0.542613910000 0.702483860000 0.460528580000 -1.252136100000
-0.767399440000 -0.637522620000 0.068286190000 -0.076047570000
0.341567330000 -0.316356340000 0.885014360000 -0.180630060000
0.000000000000 0.000000000000 0.000000000000 1.000000000000
21 28 60
0.603615600000 0.691316220000 -0.397152470000 -0.235949590000
0.723484060000 -0.684253730000 -0.091474790000 0.012437850000
-0.334991070000 -0.232117870000 -0.913182500000 3.497872440000
0.000000000000 0.000000000000 0.000000000000 1.000000000000
21 29 60
0.813435930000 -0.164112040000 -0.558022600000 0.240047760000
-0.093915920000 -0.983840220000 0.152440860000 -0.396214920000
-0.574022460000 -0.071593660000 -0.815703720000 3.417919450000
0.000000000000 0.000000000000 0.000000000000 1.000000000000
21 30 60
0.996265580000 -0.025721360000 0.082421550000 -0.593653640000
-0.058768980000 0.497329890000 0.865568710000 -2.125641690000
-0.063254310000 -0.867180140000 0.493961030000 1.000279180000
0.000000000000 0.000000000000 0.000000000000 1.000000000000
21 31 60
0.537555060000 0.713963520000 -0.448654260000 1.355756650000
-0.812902020000 0.580189760000 -0.050696660000 -0.375597720000
0.224109050000 0.391964200000 0.892266330000 -1.008837360000
0.000000000000 0.000000000000 0.000000000000 1.000000000000
21 32 60
-0.772699990000 0.590886290000 0.231922640000 -1.219487110000
-0.498620280000 -0.791106540000 0.354299690000 -0.525763140000
0.392826350000 0.158126040000 0.905915900000 -0.168569200000
0.000000000000 0.000000000000 0.000000000000 1.000000000000
21 33 60
-0.322449540000 -0.777353300000 0.540137150000 -2.338716800000
0.826430360000 0.047047570000 0.561069860000 -0.653395130000
-0.461561640000 0.627302460000 0.627257900000 -0.746700200000
0.000000000000 0.000000000000 0.000000000000 1.000000000000
21 34 60
0.852932100000 -0.283909020000 -0.438066790000 0.662813330000
-0.285193680000 -0.956297890000 0.064489600000 0.312067100000
-0.437231520000 0.069928630000 -0.896626220000 3.307044860000
0.000000000000 0.000000000000 0.000000000000 1.000000000000
21 35 60
0.329477680000 0.634292130000 0.699369680000 -2.123491300000
-0.675649410000 0.675797650000 -0.294610610000 0.480961480000
-0.659501580000 -0.375461090000 0.651219340000 -1.285135320000
0.000000000000 0.000000000000 0.000000000000 1.000000000000
21 36 60
-0.621420540000 -0.379729070000 0.685304560000 -2.697752390000
0.700206690000 -0.661590360000 0.268344530000 -1.653222630000
0.351492670000 0.646609650000 0.677014670000 -0.218708950000
0.000000000000 0.000000000000 0.000000000000 1.000000000000
21 37 60
0.847693760000 0.004373710000 -0.530467870000 1.297747570000
-0.241737000000 -0.886923580000 -0.393611210000 0.081485600000
-0.472206000000 0.461895480000 -0.750782300000 3.674151980000
0.000000000000 0.000000000000 0.000000000000 1.000000000000
21 38 60
0.342865050000 0.775573320000 -0.530027910000 0.787900290000
-0.930992170000 0.205294020000 -0.301840920000 0.468315020000
-0.125288210000 0.596942540000 0.792440830000 -0.138739930000
0.000000000000 0.000000000000 0.000000000000 1.000000000000
21 39 60
-0.648869040000 0.545184310000 -0.530794720000 1.277488580000
-0.526800610000 0.181482300000 0.830388640000 -2.200014780000
0.549044700000 0.818436460000 0.169445180000 0.116997620000
0.000000000000 0.000000000000 0.000000000000 1.000000000000
21 40 60
0.900800461000 -0.434223173000 0.002960600690 -0.378871994000
-0.321817406000 -0.663005059000 0.675912605000 -1.563698920000
-0.291534023000 -0.609815159000 -0.736975838000 3.822003170000
0.000000000000 0.000000000000 0.000000000000 1.000000000000
21 41 60
-0.953036450000 -0.272840050000 -0.131452750000 0.176339410000
0.113809330000 0.079586900000 -0.990309730000 2.701363870000
0.280658080000 -0.958761820000 -0.044797480000 1.614237440000
0.000000000000 0.000000000000 0.000000000000 1.000000000000
21 42 60
0.000150711235 -0.711779365000 0.702403098000 -1.959130850000
-0.924399302000 -0.268014079000 -0.271393413000 0.589693771000
0.381426151000 -0.649260031000 -0.658008741000 3.286389690000
0.000000000000 0.000000000000 0.000000000000 1.000000000000
21 43 60
-0.185847130000 -0.710706720000 0.678495990000 -2.287450930000
-0.977756600000 0.065437620000 -0.199273550000 -0.070379010000
0.097225890000 -0.700438350000 -0.707059580000 3.822341210000
0.000000000000 0.000000000000 0.000000000000 1.000000000000
21 44 60
0.635974570000 0.201427840000 0.744958500000 -2.860994630000
0.424377050000 0.714980020000 -0.555614700000 0.838635080000
-0.644546720000 0.669500110000 0.369227760000 0.485757550000
0.000000000000 0.000000000000 0.000000000000 1.000000000000
21 45 60
-0.668526400000 0.507578900000 0.543540350000 -2.410984240000
0.531620760000 -0.184918360000 0.826549800000 -1.961855770000
0.520049830000 0.841527700000 -0.146216670000 1.572771730000
0.000000000000 0.000000000000 0.000000000000 1.000000000000
21 46 60
-0.845205190000 -0.395867080000 0.359050760000 -1.585061160000
-0.305410970000 -0.193556970000 -0.932341060000 2.458797010000
0.438579910000 -0.897677530000 0.042693200000 2.105563540000
0.000000000000 0.000000000000 0.000000000000 1.000000000000
21 47 60
-0.345119290000 -0.264663050000 0.900469960000 -2.875592590000
0.539622640000 0.729032030000 0.421093470000 -0.545062930000
-0.767919320000 0.631241450000 -0.108784850000 0.874298450000
0.000000000000 0.000000000000 0.000000000000 1.000000000000
21 48 60
0.824535510000 -0.334777360000 0.456141770000 -1.353057900000
-0.321265530000 -0.940622620000 -0.109624530000 0.341151760000
0.465757080000 -0.056153310000 -0.883129180000 3.724849250000
0.000000000000 0.000000000000 0.000000000000 1.000000000000
21 49 60
-0.915975880000 -0.179015950000 -0.359084230000 0.216710320000
0.323299130000 -0.859319590000 -0.396292220000 0.826965390000
-0.237625480000 -0.479085730000 0.844991710000 0.016002350000
0.000000000000 0.000000000000 0.000000000000 1.000000000000
21 50 60
0.876297550000 -0.408083290000 0.256067630000 -1.007254770000
-0.238990580000 0.093290280000 0.966530090000 -2.208747370000
-0.418313400000 -0.908165710000 -0.015778020000 1.630789800000
0.000000000000 0.000000000000 0.000000000000 1.000000000000
21 51 60
-0.056849480000 0.913928140000 -0.401874970000 1.477171890000
0.824302820000 -0.184138570000 -0.535367030000 1.026666230000
-0.563287670000 -0.361702010000 -0.742885360000 4.061792510000
0.000000000000 0.000000000000 0.000000000000 1.000000000000
21 52 60
0.081379310000 -0.562584710000 0.822724650000 -2.117032250000
-0.509978420000 0.685716010000 0.519341480000 -0.767574730000
-0.856329040000 -0.461835470000 -0.231102960000 1.981555670000
0.000000000000 0.000000000000 0.000000000000 1.000000000000
21 53 60
0.158649870000 0.396103350000 0.904396130000 -2.041123130000
-0.508545380000 0.817929070000 -0.269023480000 0.587237570000
-0.846292990000 -0.417245930000 0.331200870000 1.112416120000
0.000000000000 0.000000000000 0.000000000000 1.000000000000
21 54 60
0.492519300000 0.179346700000 0.851621690000 -2.487751850000
-0.615892070000 0.763197620000 0.195464440000 -0.221419840000
-0.614899740000 -0.620777050000 0.486347770000 0.601280980000
0.000000000000 0.000000000000 0.000000000000 1.000000000000
21 55 60
0.110904810000 -0.203298990000 0.972815320000 -2.366362410000
-0.182374760000 0.958068190000 0.221008580000 -0.680717590000
-0.976954230000 -0.201927870000 0.069177770000 0.717522630000
0.000000000000 0.000000000000 0.000000000000 1.000000000000
21 56 60
0.596807630000 0.771953690000 -0.218879300000 -0.048024770000
0.501373960000 -0.571750480000 -0.649403990000 0.999419330000
-0.626454150000 0.277828870000 -0.728262530000 2.761577720000
0.000000000000 0.000000000000 0.000000000000 1.000000000000
21 57 60
0.258847780000 0.800556570000 0.540469240000 -1.099166250000
-0.963583990000 0.175140110000 0.202068870000 -0.228445540000
0.067109720000 -0.573092590000 0.816738130000 -0.603421550000
0.000000000000 0.000000000000 0.000000000000 1.000000000000
21 58 60
-0.202207090000 -0.857476720000 -0.473123630000 0.693426510000
-0.923963710000 0.327185740000 -0.198092280000 0.177754760000
0.324658830000 0.397093400000 -0.858436650000 3.119039370000
0.000000000000 0.000000000000 0.000000000000 1.000000000000
21 59 60
-0.755875080000 0.228049240000 0.613715250000 -1.572893140000
0.345217120000 -0.657657980000 0.669560390000 -1.247488500000
0.556307470000 0.717969030000 0.418380770000 0.698290100000
0.000000000000 0.000000000000 0.000000000000 1.000000000000
22 24 60
-0.492129390000 0.394021920000 -0.776244410000 1.079306100000
-0.834920360000 -0.466043320000 0.292765480000 -1.384726250000
-0.246407510000 0.792180760000 0.558330530000 -0.221675210000
0.000000000000 0.000000000000 0.000000000000 1.000000000000
22 25 60
-0.251240760000 -0.849236150000 -0.464409350000 1.114729890000
-0.520904990000 0.523022900000 -0.674614730000 0.989937780000
0.815803940000 0.072422430000 -0.573776020000 2.692218750000
0.000000000000 0.000000000000 0.000000000000 1.000000000000
22 26 60
0.585111130000 -0.713193490000 0.386005200000 -1.067396020000
0.260012940000 0.615846830000 0.743724380000 -1.942157150000
-0.768139470000 -0.334795060000 0.545778370000 0.455575190000
0.000000000000 0.000000000000 0.000000000000 1.000000000000
22 27 60
-0.684984590000 0.710578100000 -0.160856700000 0.045577940000
0.719200980000 0.694771550000 0.006514260000 -0.500784150000
0.116387550000 -0.111226130000 -0.986956270000 3.472838140000
0.000000000000 0.000000000000 0.000000000000 1.000000000000
22 28 60
0.740069850000 -0.672488600000 0.007463660000 -0.456075830000
0.484917740000 0.541273180000 0.686933860000 -2.067306210000
-0.465995070000 -0.504759770000 0.726681610000 0.386762390000
0.000000000000 0.000000000000 0.000000000000 1.000000000000
22 29 60
0.905874740000 -0.397808690000 0.145393230000 -0.843459250000
0.316897590000 0.864345550000 0.390490320000 -1.197684500000
-0.281010430000 -0.307660550000 0.909053420000 -0.380993340000
0.000000000000 0.000000000000 0.000000000000 1.000000000000
22 30 60
0.591892740000 -0.279643450000 -0.755951400000 1.388788790000
-0.629115630000 0.426012160000 -0.650174710000 0.688044560000
0.503861590000 0.860414540000 0.076225440000 0.863035240000
0.000000000000 0.000000000000 0.000000000000 1.000000000000
22 31 60
0.675752460000 -0.294866190000 -0.675583110000 1.781320140000
0.286234470000 0.949552880000 -0.128137290000 0.353070610000
0.679285240000 -0.106786090000 0.726063560000 -0.026634370000
0.000000000000 0.000000000000 0.000000000000 1.000000000000
22 32 60
-0.030593660000 0.794681190000 -0.606255580000 0.623109620000
-0.860814400000 0.287317620000 0.420056130000 -1.116220650000
0.507998620000 0.534724590000 0.675282920000 0.190704310000
0.000000000000 0.000000000000 0.000000000000 1.000000000000
22 33 60
0.123535590000 -0.923050150000 0.364303960000 -1.132226140000
0.584152210000 0.364412090000 0.725237910000 -2.331992640000
-0.802187730000 0.123216270000 0.584219650000 -0.581701800000
0.000000000000 0.000000000000 0.000000000000 1.000000000000
22 34 60
-0.030427840000 -0.442729040000 0.896139020000 -2.757604570000
0.843306420000 0.469916860000 0.260791940000 -1.386443640000
-0.536571000000 0.763655120000 0.359057680000 0.899685550000
0.000000000000 0.000000000000 0.000000000000 1.000000000000
22 35 60
-0.894796880000 -0.295241480000 0.334919410000 -1.587557360000
-0.136682570000 0.895271360000 0.424036640000 -2.710553870000
-0.425036960000 0.333649020000 -0.841440380000 3.812807470000
0.000000000000 0.000000000000 0.000000000000 1.000000000000
22 36 60
-0.919760310000 0.351863000000 -0.173877570000 0.827328570000
-0.177291180000 0.022769880000 0.983895000000 -2.970653020000
0.350155420000 0.935774530000 0.041439370000 1.721072070000
0.000000000000 0.000000000000 0.000000000000 1.000000000000
22 37 60
0.476846500000 -0.679887140000 0.557109410000 -1.708871440000
-0.857576770000 -0.498888190000 0.125190510000 -1.488806200000
0.192819890000 -0.537460740000 -0.820948500000 3.252934090000
0.000000000000 0.000000000000 0.000000000000 1.000000000000
22 38 60
-0.692866940000 -0.260459220000 -0.672381140000 1.462990230000
-0.009485550000 0.935694430000 -0.352683930000 1.068378420000
0.721003070000 -0.237985130000 -0.650782340000 3.371288700000
0.000000000000 0.000000000000 0.000000000000 1.000000000000
22 39 60
0.973439290000 0.178497090000 0.143369240000 -1.056783890000
-0.031911150000 0.725887110000 -0.687073200000 0.847790980000
-0.226710450000 0.664248970000 0.712303080000 -0.542512720000
0.000000000000 0.000000000000 0.000000000000 1.000000000000
22 40 60
0.220921010000 -0.532552540000 0.817056730000 -1.719929360000
-0.904212160000 -0.425802930000 -0.033049070000 -0.671343710000
0.365505520000 -0.731491390000 -0.575609300000 3.714939630000
0.000000000000 0.000000000000 0.000000000000 1.000000000000
22 41 60
0.128265700000 0.191774560000 -0.973021290000 2.015600440000
-0.968596750000 0.234942760000 -0.081377140000 -0.831696740000
0.212998240000 0.952903150000 0.215887310000 1.178596210000
0.000000000000 0.000000000000 0.000000000000 1.000000000000
22 42 60
-0.322411080000 0.352178580000 -0.878647450000 1.703915270000
0.856952270000 -0.285697820000 -0.428963350000 0.598252810000
-0.402099370000 -0.891261470000 -0.209688090000 2.434547760000
0.000000000000 0.000000000000 0.000000000000 1.000000000000
22 43 60
-0.534036640000 -0.284334920000 0.796215120000 -2.841398130000
-0.743178580000 -0.291138210000 -0.602431860000 1.249107390000
0.403101060000 -0.913450710000 -0.055833150000 2.176404910000
0.000000000000 0.000000000000 0.000000000000 1.000000000000
22 44 60
0.593345050000 0.248574630000 -0.765605840000 1.416940870000
0.620956920000 -0.746568070000 0.238848540000 -0.882854020000
-0.512205180000 -0.617127840000 -0.597326610000 3.630913630000
0.000000000000 0.000000000000 0.000000000000 1.000000000000
22 45 60
0.647653730000 -0.623829880000 0.437471070000 -0.936168570000
-0.760846730000 -0.560179020000 0.327584670000 -1.255189390000
0.040705010000 -0.545009860000 -0.837440950000 3.981036390000
0.000000000000 0.000000000000 0.000000000000 1.000000000000
22 46 60
0.201825300000 -0.022709770000 0.979158220000 -2.634912710000
-0.877619800000 -0.448008260000 0.170505350000 -0.915891140000
0.434798840000 -0.893740940000 -0.110349950000 2.338803380000
0.000000000000 0.000000000000 0.000000000000 1.000000000000
22 47 60
0.386675810000 -0.214445810000 0.896936350000 -2.601616430000
0.919598680000 0.162878870000 -0.357503490000 0.062534800000
-0.069426850000 0.963059430000 0.260185400000 0.767662300000
0.000000000000 0.000000000000 0.000000000000 1.000000000000
22 48 60
0.886910000000 0.333024750000 -0.320133040000 0.490530820000
0.361874430000 -0.931628050000 0.033407520000 -0.332310640000
-0.287119390000 -0.145477430000 -0.946783380000 3.823554670000
0.000000000000 0.000000000000 0.000000000000 1.000000000000
22 49 60
0.759310100000 -0.559796820000 0.331776560000 -1.048703590000
0.033544250000 0.542847710000 0.839160980000 -2.329339000000
-0.649863790000 -0.626054210000 0.430967720000 0.979869760000
0.000000000000 0.000000000000 0.000000000000 1.000000000000
22 50 60
-0.323337440000 -0.540794620000 -0.776526940000 0.889340350000
-0.799719180000 -0.282518140000 0.529747800000 -1.898275610000
-0.505867700000 0.792290780000 -0.341135140000 2.241727230000
0.000000000000 0.000000000000 0.000000000000 1.000000000000
22 51 60
0.768290390000 0.540465650000 -0.342967570000 0.061516050000
-0.414280410000 0.828294080000 0.377227610000 -1.279637290000
0.487956570000 -0.147735600000 0.860274710000 -1.433325790000
0.000000000000 0.000000000000 0.000000000000 1.000000000000
22 52 60
-0.319221420000 0.642934330000 -0.696227790000 2.183750270000
0.652105950000 0.682102500000 0.330898790000 -1.492455790000
0.687644910000 -0.348384300000 -0.637003030000 2.806181640000
0.000000000000 0.000000000000 0.000000000000 1.000000000000
22 53 60
0.747956540000 0.612543360000 0.255639680000 -0.953431650000
0.634928650000 -0.772542720000 -0.006583950000 -0.512740190000
0.193459620000 0.167237470000 -0.966749710000 3.305832440000
0.000000000000 0.000000000000 0.000000000000 1.000000000000
22 54 60
0.156453020000 0.930873540000 -0.330146790000 0.795814650000
0.986893820000 -0.133955640000 0.089980430000 -1.118399370000
0.039535370000 -0.339897530000 -0.939631110000 3.637211420000
0.000000000000 0.000000000000 0.000000000000 1.000000000000
22 55 60
-0.617154450000 -0.750500610000 -0.236366700000 -0.257431620000
-0.037165180000 0.327867820000 -0.943992290000 1.195118780000
0.785963820000 -0.573804430000 -0.230237580000 2.882709570000
0.000000000000 0.000000000000 0.000000000000 1.000000000000
22 56 60
0.493213230000 -0.866098120000 0.081331210000 -0.582767050000
0.701348850000 0.451213880000 0.551829520000 -1.285037830000
-0.514636280000 -0.215128070000 0.829981580000 -0.118493330000
0.000000000000 0.000000000000 0.000000000000 1.000000000000
22 57 60
0.772810420000 0.621343340000 0.129214960000 -0.343302870000
-0.575948960000 0.601140470000 0.553997230000 -1.642603720000
0.266546150000 -0.502556050000 0.822429670000 -0.266275060000
0.000000000000 0.000000000000 0.000000000000 1.000000000000
22 58 60
-0.405798440000 -0.886013600000 0.224293410000 -0.465823730000
0.763353780000 -0.193607800000 0.616284860000 -1.815400580000
-0.502611820000 0.421302660000 0.754907570000 0.111943890000
0.000000000000 0.000000000000 0.000000000000 1.000000000000
22 59 60
-0.092750150000 0.559386220000 -0.823701690000 1.562840350000
0.792814150000 -0.458983490000 -0.400973650000 0.808032590000
-0.602364610000 -0.690232720000 -0.400918520000 2.087349220000
0.000000000000 0.000000000000 0.000000000000 1.000000000000
23 25 60
-0.727633840000 0.617177590000 -0.299400770000 0.342051860000
0.679948170000 0.591238270000 -0.433713960000 1.030898690000
-0.090661350000 -0.519161960000 -0.849853740000 4.057520440000
0.000000000000 0.000000000000 0.000000000000 1.000000000000
23 26 60
0.898943310000 0.090997110000 0.428509580000 -1.147836020000
-0.291469500000 0.854485900000 0.429999280000 -0.907405770000
-0.327026700000 -0.511442440000 0.794657260000 0.725175870000
0.000000000000 0.000000000000 0.000000000000 1.000000000000
23 27 60
-0.251473600000 -0.967457770000 0.028044570000 -0.154066950000
0.588195420000 -0.129751660000 0.798242230000 -1.292857100000
-0.768626810000 0.217232530000 0.601683350000 1.216080850000
0.000000000000 0.000000000000 0.000000000000 1.000000000000
23 28 60
0.361083030000 -0.845630330000 0.393100980000 -0.817633910000
0.585703510000 0.533675920000 0.610033940000 -1.391012920000
-0.725651730000 0.009967720000 0.687989970000 1.188586560000
0.000000000000 0.000000000000 0.000000000000 1.000000000000
23 29 60
0.928776540000 0.351396280000 0.117876200000 -0.030994560000
-0.367694300000 0.833537050000 0.412331050000 -0.706724580000
0.046637410000 -0.426305810000 0.903376060000 0.265914330000
0.000000000000 0.000000000000 0.000000000000 1.000000000000
23 31 60
0.002681100000 -0.797695920000 0.603053920000 -2.081294610000
0.679100080000 0.444121760000 0.584447550000 -1.108567120000
-0.734040800000 0.407967000000 0.542906100000 0.325691230000
0.000000000000 0.000000000000 0.000000000000 1.000000000000
23 32 60
0.863439190000 0.403345270000 0.302960980000 -0.513534420000
-0.388487440000 0.914780570000 -0.110697850000 0.098524200000
-0.321792270000 -0.022115680000 0.946551970000 0.647789360000
0.000000000000 0.000000000000 0.000000000000 1.000000000000
23 33 60
-0.968657310000 -0.191076710000 -0.158722110000 0.196608870000
-0.013892410000 -0.596302970000 0.802639260000 -1.725674950000
-0.248012130000 0.779687410000 0.574958710000 0.022805520000
0.000000000000 0.000000000000 0.000000000000 1.000000000000
23 34 60
0.359725910000 -0.471076850000 0.805409130000 -2.791978040000
0.627933580000 0.760691330000 0.164463120000 -0.095735790000
-0.690142510000 0.446581800000 0.569445350000 0.691241910000
0.000000000000 0.000000000000 0.000000000000 1.000000000000
23 35 60
-0.017490651000 -0.998708278000 0.047705888400 -0.824392825000
0.392904881000 -0.050740210600 -0.918178188000 3.335339480000
0.919412764000 0.002684342190 0.393284837000 1.894118050000
0.000000000000 0.000000000000 0.000000000000 1.000000000000
23 36 60
-0.581426930000 -0.565905790000 0.584545440000 -1.639814290000
-0.797834240000 0.255832590000 -0.545903110000 0.954123490000
0.159383960000 -0.783773130000 -0.600246970000 3.655145470000
0.000000000000 0.000000000000 0.000000000000 1.000000000000
23 37 60
0.950506360000 -0.182543050000 -0.251427310000 0.607442220000
-0.310580470000 -0.535292630000 -0.785494480000 1.653318430000
0.008799370000 0.824705910000 -0.565493360000 4.423294830000
0.000000000000 0.000000000000 0.000000000000 1.000000000000
23 38 60
-0.830336430000 -0.496501460000 -0.253036980000 0.736015050000
0.244044230000 0.084229420000 -0.966099280000 3.001899160000
0.500982860000 -0.863939640000 0.051229560000 1.673724720000
0.000000000000 0.000000000000 0.000000000000 1.000000000000
23 39 60
0.668255257000 -0.290268160000 0.684966646000 -2.390276540000
-0.397156456000 -0.917749777000 -0.001447733580 0.942058793000
0.629048218000 -0.271071470000 -0.728572987000 3.858055380000
0.000000000000 0.000000000000 0.000000000000 1.000000000000
23 40 60
-0.773590367000 0.633678926000 -0.002993779010 -0.003037006880
0.304987545000 0.376459357000 0.874791946000 -2.365478830000
0.555464257000 0.675817558000 -0.484489512000 3.087241350000
0.000000000000 0.000000000000 0.000000000000 1.000000000000
23 41 60
0.892806560000 0.150552900000 -0.424535350000 0.623561360000
-0.352869650000 0.819556820000 -0.451452810000 1.064572340000
0.279963310000 0.552865670000 0.784831250000 0.151725480000
0.000000000000 0.000000000000 0.000000000000 1.000000000000
23 42 60
0.991100790000 -0.132575230000 -0.011959740000 -0.173473620000
0.104140750000 0.828207120000 -0.550661120000 1.292683390000
0.082909170000 0.544515180000 0.834643210000 0.088894350000
0.000000000000 0.000000000000 0.000000000000 1.000000000000
23 43 60
0.461629690000 -0.266092520000 0.846222670000 -2.881016050000
0.387292490000 0.918685080000 0.077603120000 -0.317074240000
-0.798061750000 0.291911780000 0.527147940000 0.880257440000
0.000000000000 0.000000000000 0.000000000000 1.000000000000
23 44 60
-0.062208830000 -0.227433260000 0.971804600000 -2.973358950000
0.807075950000 0.561359740000 0.183040010000 -0.194336340000
-0.587161360000 0.795706830000 0.148634380000 0.867075660000
0.000000000000 0.000000000000 0.000000000000 1.000000000000
23 45 60
0.959134040000 0.091508440000 -0.267746320000 0.348047580000
-0.086674640000 0.995789560000 0.029843760000 -0.347083400000
0.269349940000 -0.005417350000 0.963027130000 0.063909270000
0.000000000000 0.000000000000 0.000000000000 1.000000000000
23 46 60
0.950616750000 0.174035680000 -0.256981270000 0.830820410000
-0.307866110000 0.633657840000 -0.709715580000 1.354193850000
0.039322370000 0.753783340000 0.655945440000 0.041755570000
0.000000000000 0.000000000000 0.000000000000 1.000000000000
23 47 60
0.273142850000 0.216454740000 -0.937304820000 2.315750170000
-0.846904920000 0.516210320000 -0.127589070000 -0.394829990000
0.456229160000 0.828658110000 0.324315730000 1.431095660000
0.000000000000 0.000000000000 0.000000000000 1.000000000000
23 48 60
-0.921084240000 0.061096590000 -0.384540020000 0.782427840000
0.359280510000 0.514016680000 -0.778912300000 2.106854840000
0.150071100000 -0.855601580000 -0.495403480000 3.772526040000
0.000000000000 0.000000000000 0.000000000000 1.000000000000
23 49 60
-0.909979310000 0.352174290000 0.218885630000 -0.544582150000
-0.403665390000 -0.873102280000 -0.273398360000 1.313103710000
0.094825660000 -0.337143410000 0.936665580000 0.205523920000
0.000000000000 0.000000000000 0.000000000000 1.000000000000
23 50 60
0.896416200000 0.020392140000 -0.442743890000 1.266586760000
-0.432427620000 0.259274940000 -0.863587200000 1.573922220000
0.097182010000 0.965588250000 0.241236390000 1.465159730000
0.000000000000 0.000000000000 0.000000000000 1.000000000000
23 51 60
0.835453350000 0.500826730000 0.226252710000 -0.698338660000
-0.480877100000 0.865507530000 -0.140192480000 0.297946060000
-0.266035560000 0.008324530000 0.963927270000 0.566092870000
0.000000000000 0.000000000000 0.000000000000 1.000000000000
23 52 60
-0.463999830000 0.196847180000 -0.863687060000 1.695417600000
-0.037265850000 0.969796590000 0.241051510000 -0.114615200000
0.885051080000 0.144033890000 -0.442649780000 2.810575140000
0.000000000000 0.000000000000 0.000000000000 1.000000000000
23 53 60
-0.758329700000 -0.357755000000 -0.544928830000 0.895266340000
0.206875270000 0.660655080000 -0.721621430000 1.405002680000
0.618173670000 -0.659959260000 -0.426983710000 2.914271190000
0.000000000000 0.000000000000 0.000000000000 1.000000000000
23 54 60
-0.728668900000 0.343652330000 -0.592405870000 1.684801820000
0.681603350000 0.448223850000 -0.578370350000 1.305985990000
0.066772120000 -0.825226310000 -0.560841360000 2.882707980000
0.000000000000 0.000000000000 0.000000000000 1.000000000000
23 55 60
-0.338003380000 -0.434646230000 -0.834767250000 1.233424800000
-0.709744930000 -0.464777290000 0.529380960000 -1.392443920000
-0.618074300000 0.771404380000 -0.151391660000 2.065884250000
0.000000000000 0.000000000000 0.000000000000 1.000000000000
23 56 60
-0.996720830000 -0.028419200000 -0.075762330000 -0.161562270000
-0.049891570000 -0.521300960000 0.851913220000 -1.323877090000
-0.063705670000 0.852899560000 0.518173650000 1.414498600000
0.000000000000 0.000000000000 0.000000000000 1.000000000000
23 57 60
0.627787380000 0.771348510000 0.104424510000 -0.411338180000
-0.726727720000 0.532768450000 0.433618030000 -0.538052360000
0.278836540000 -0.348108120000 0.895025650000 0.279986730000
0.000000000000 0.000000000000 0.000000000000 1.000000000000
23 58 60
0.984890920000 -0.134556340000 0.109015880000 -0.707788220000
0.018215700000 0.706511610000 0.707466980000 -1.391239160000
-0.172215160000 -0.694792010000 0.698287910000 0.830780870000
0.000000000000 0.000000000000 0.000000000000 1.000000000000
23 59 60
0.485059840000 0.280048920000 -0.828425950000 2.092417920000
0.465837300000 -0.884481200000 -0.026241380000 0.545934430000
-0.740076050000 -0.373183070000 -0.559483540000 2.962035310000
0.000000000000 0.000000000000 0.000000000000 1.000000000000
24 26 60
0.856002650000 0.035066970000 -0.515780730000 -0.065978030000
0.012252160000 0.996040440000 0.088052930000 -0.155295250000
0.516826220000 -0.081692970000 0.852183620000 0.100190860000
0.000000000000 0.000000000000 0.000000000000 1.000000000000
24 27 60
0.915059680000 -0.346441170000 -0.206504950000 -0.345724170000
0.388913100000 0.893560400000 0.224268610000 -0.178577340000
0.106828770000 -0.285531650000 0.952396610000 0.668782470000
0.000000000000 0.000000000000 0.000000000000 1.000000000000
24 28 60
-0.398675070000 -0.793771050000 -0.459331810000 0.503165810000
-0.156265420000 -0.434735890000 0.886896740000 -0.963725770000
-0.903680980000 0.425361300000 0.049279400000 1.997852190000
0.000000000000 0.000000000000 0.000000000000 1.000000000000
24 29 60
0.952684450000 0.167829560000 -0.253427660000 0.111684000000
-0.111563700000 0.968626640000 0.222071980000 -0.010171960000
0.282747020000 -0.183291200000 0.941519230000 0.182737130000
0.000000000000 0.000000000000 0.000000000000 1.000000000000
24 30 60
0.970900400000 -0.021259320000 -0.238538180000 0.006127560000
0.007445940000 0.998250200000 -0.058660860000 -0.093059780000
0.239367870000 0.055177710000 0.969359810000 0.145848560000
0.000000000000 0.000000000000 0.000000000000 1.000000000000
24 31 60
-0.365393780000 0.887416410000 -0.281032920000 0.509377980000
-0.848040490000 -0.441838540000 -0.292585100000 0.436063610000
-0.383816000000 0.131418520000 0.914010090000 -0.792031570000
0.000000000000 0.000000000000 0.000000000000 1.000000000000
24 33 60
0.984791080000 0.105492180000 0.138050450000 -0.209447420000
-0.036733950000 -0.650185210000 0.758887220000 -1.587317010000
0.169815030000 -0.752416500000 -0.636421450000 4.404139580000
0.000000000000 0.000000000000 0.000000000000 1.000000000000
24 34 60
0.184591920000 -0.703964740000 0.685827580000 -2.137160200000
0.701122160000 0.583337180000 0.410055430000 -1.315187060000
-0.688733290000 0.405155990000 0.601244610000 1.006871140000
0.000000000000 0.000000000000 0.000000000000 1.000000000000
24 35 60
0.883531070000 0.060949060000 -0.464389990000 1.114472580000
0.389167640000 -0.647231040000 0.655469700000 -1.105381880000
-0.260617350000 -0.759853400000 -0.595568140000 4.066043360000
0.000000000000 0.000000000000 0.000000000000 1.000000000000
24 36 60
-0.779672700000 0.197203930000 0.594324070000 -1.651753580000
0.612811300000 0.435420730000 0.659447570000 -1.195503460000
-0.128735360000 0.878361770000 -0.460334450000 2.889345800000
0.000000000000 0.000000000000 0.000000000000 1.000000000000
24 37 60
0.365042120000 0.336689570000 -0.867977180000 2.174533680000
0.697313920000 0.518841940000 0.494526380000 -0.213735100000
0.616844840000 -0.785775530000 -0.045379160000 2.287315410000
0.000000000000 0.000000000000 0.000000000000 1.000000000000
24 38 60
-0.295318430000 -0.923475720000 -0.244907360000 -0.352266970000
-0.535107220000 -0.052483430000 0.843152270000 -1.996973370000
-0.791484230000 0.380050110000 -0.478659200000 3.522600290000
0.000000000000 0.000000000000 0.000000000000 1.000000000000
24 39 60
0.954085900000 0.193629090000 0.228534180000 -0.577039450000
-0.139889970000 0.962690650000 -0.231640910000 0.741089440000
-0.264860140000 0.189035690000 0.945576340000 -0.742100570000
0.000000000000 0.000000000000 0.000000000000 1.000000000000
24 40 60
0.106084830000 -0.993472480000 0.041933870000 -0.773963690000
0.933119490000 0.084892200000 -0.349401390000 0.777953060000
0.343560800000 0.076195500000 0.936034300000 -0.760124280000
0.000000000000 0.000000000000 0.000000000000 1.000000000000
24 41 60
0.589702590000 -0.221774770000 0.776573760000 -1.869791940000
0.649220100000 0.702115730000 -0.292483770000 0.673339430000
-0.480379130000 0.676645730000 0.558020110000 0.825937380000
0.000000000000 0.000000000000 0.000000000000 1.000000000000
24 42 60
0.890500170000 -0.453010820000 -0.042316160000 -0.156190820000
0.442652140000 0.841104850000 0.310808170000 -0.501694070000
-0.105207140000 -0.295506070000 0.949530210000 0.378795930000
0.000000000000 0.000000000000 0.000000000000 1.000000000000
24 43 60
0.895615760000 -0.113253820000 0.430169720000 -1.585730460000
0.357065260000 -0.393689640000 -0.847061310000 2.787978760000
0.265286290000 0.912240120000 -0.312155640000 2.675540660000
0.000000000000 0.000000000000 0.000000000000 1.000000000000
24 44 60
0.684520010000 0.049516700000 0.727310420000 -2.642162420000
0.726103990000 0.042439520000 -0.686273920000 1.764081170000
-0.064848720000 0.997871230000 -0.006903570000 1.600793430000
0.000000000000 0.000000000000 0.000000000000 1.000000000000
24 45 60
-0.023368190000 -0.125964310000 0.991759510000 -2.951875600000
0.289064940000 0.948805120000 0.127319680000 -0.335402260000
-0.957024230000 0.289658140000 0.014240010000 2.001768040000
0.000000000000 0.000000000000 0.000000000000 1.000000000000
24 46 60
-0.970673690000 0.007930900000 0.240270020000 -0.906865980000
-0.206402720000 0.484911090000 -0.849858320000 2.290671120000
-0.123249740000 -0.874527500000 -0.469053470000 3.821256610000
0.000000000000 0.000000000000 0.000000000000 1.000000000000
24 47 60
0.835527120000 -0.298479980000 0.461306980000 -0.913369650000
0.536551690000 0.624076700000 -0.568014570000 1.366234100000
-0.118349960000 0.722106620000 0.681582950000 0.297189030000
0.000000000000 0.000000000000 0.000000000000 1.000000000000
24 48 60
-0.820889890000 0.307868010000 -0.480995920000 0.366844230000
0.232241690000 -0.589493220000 -0.773667590000 2.490122670000
-0.521731340000 -0.746803210000 0.412409240000 1.318591710000
0.000000000000 0.000000000000 0.000000000000 1.000000000000
24 49 60
0.359863410000 0.010160880000 0.932949670000 -2.149793480000
0.931288540000 -0.064538580000 -0.358519770000 1.480124720000
0.056568370000 0.997863480000 -0.032687780000 1.673681980000
0.000000000000 0.000000000000 0.000000000000 1.000000000000
24 50 60
-0.866076840000 0.192312520000 -0.461439930000 0.950924740000
-0.149165280000 0.781582200000 0.605705360000 -1.136490310000
0.477137960000 0.593418200000 -0.648223890000 3.576581730000
0.000000000000 0.000000000000 0.000000000000 1.000000000000
24 51 60
-0.509059870000 -0.848108380000 0.146868040000 -0.475969650000
0.860305830000 -0.495983400000 0.117789380000 -0.967212130000
-0.027054050000 0.186313280000 0.982117830000 -0.715848940000
0.000000000000 0.000000000000 0.000000000000 1.000000000000
24 52 60
0.404483670000 0.323140280000 0.855554390000 -2.153853970000
-0.841903360000 -0.233817000000 0.486341790000 -0.315135060000
0.357199790000 -0.917011430000 0.177477730000 1.487726500000
0.000000000000 0.000000000000 0.000000000000 1.000000000000
24 53 60
0.936385750000 0.257396940000 0.238597040000 -0.986741930000
-0.222822430000 -0.089254360000 0.970764560000 -1.242589060000
0.271167650000 -0.962174870000 -0.026222700000 2.658905940000
0.000000000000 0.000000000000 0.000000000000 1.000000000000
24 54 60
0.787751670000 -0.125897300000 0.602990200000 -1.685461960000
0.490808530000 -0.463236900000 -0.737915010000 1.560893690000
0.372228820000 0.877246510000 -0.303124170000 2.731417020000
0.000000000000 0.000000000000 0.000000000000 1.000000000000
24 55 60
0.583496520000 -0.726463530000 0.363018660000 -1.151775750000
0.113468200000 0.515546430000 0.849315510000 -1.658531610000
-0.804149720000 -0.454381570000 0.383250060000 0.848975560000
0.000000000000 0.000000000000 0.000000000000 1.000000000000
24 56 60
-0.817484440000 0.558794940000 -0.139525630000 -0.224065360000
-0.575437980000 -0.782208720000 0.238789990000 -0.340282940000
0.024296470000 0.275495450000 0.960995290000 0.500656940000
0.000000000000 0.000000000000 0.000000000000 1.000000000000
24 57 60
0.627520070000 0.554405810000 -0.546674280000 0.503994500000
-0.542434370000 0.814988080000 0.203861190000 0.096779290000
0.558554840000 0.168607930000 0.812150140000 0.443388550000
0.000000000000 0.000000000000 0.000000000000 1.000000000000
24 58 60
-0.143248490000 -0.890961380000 -0.430891740000 0.443044310000
0.844096590000 -0.337294990000 0.416812940000 -0.603087670000
-0.516701860000 -0.304006420000 0.800374470000 0.492921690000
0.000000000000 0.000000000000 0.000000000000 1.000000000000
24 59 60
-0.767152890000 0.560503510000 -0.311949140000 0.021352780000
-0.512573050000 -0.828026200000 -0.227247620000 0.662184460000
-0.385675140000 -0.014436950000 0.922521680000 0.625966070000
0.000000000000 0.000000000000 0.000000000000 1.000000000000
25 27 60
-0.565412410000 -0.271672120000 -0.778783070000 1.224793670000
0.693158540000 -0.668250840000 -0.270133400000 0.302626740000
-0.447034730000 -0.692556910000 0.566149170000 0.987174970000
0.000000000000 0.000000000000 0.000000000000 1.000000000000
25 28 60
0.935489260000 -0.168173070000 -0.310769460000 0.311058740000
0.201594060000 0.976317520000 0.078510800000 -0.373664500000
0.290206270000 -0.136095280000 0.947237240000 0.087872450000
0.000000000000 0.000000000000 0.000000000000 1.000000000000
25 29 60
-0.268228680000 -0.150526950000 -0.951522470000 2.295515170000
-0.783835150000 -0.540111360000 0.306401990000 -0.923870500000
-0.560049850000 0.828022560000 0.026885040000 1.937052770000
0.000000000000 0.000000000000 0.000000000000 1.000000000000
25 30 60
-0.327450470000 -0.732404240000 -0.596959140000 2.122665490000
-0.758889420000 -0.172529600000 0.627949350000 -1.044142770000
-0.562905890000 0.658648290000 -0.499318930000 3.202272020000
0.000000000000 0.000000000000 0.000000000000 1.000000000000
25 31 60
0.540417870000 -0.840425050000 0.040425910000 -0.010749900000
0.608413370000 0.357136820000 -0.708721710000 2.534846610000
0.581189900000 0.407601540000 0.704328960000 0.399131330000
0.000000000000 0.000000000000 0.000000000000 1.000000000000
25 32 60
-0.519926240000 -0.716010990000 -0.465837920000 0.746602280000
0.695559540000 -0.671429830000 0.255692980000 -0.865136890000
-0.495856460000 -0.191076520000 0.847122270000 0.498799550000
0.000000000000 0.000000000000 0.000000000000 1.000000000000
25 33 60
0.884802670000 0.371199110000 -0.281665500000 1.462119500000
-0.464462800000 0.751093830000 -0.469182660000 0.719561370000
0.037397040000 0.545957210000 0.836978010000 -0.400860560000
0.000000000000 0.000000000000 0.000000000000 1.000000000000
25 34 60
0.961267880000 0.022866120000 0.274665610000 -0.195992060000
0.159077160000 -0.859838300000 -0.485152090000 1.819697430000
0.225074470000 0.510054150000 -0.830172420000 3.968834850000
0.000000000000 0.000000000000 0.000000000000 1.000000000000
25 35 60
0.520041490000 0.794364030000 -0.313915010000 1.947719650000
-0.688507760000 0.172358250000 -0.704449930000 1.621678330000
-0.505483850000 0.582476110000 0.636559240000 0.102005510000
0.000000000000 0.000000000000 0.000000000000 1.000000000000
25 36 60
-0.549306690000 -0.834665700000 0.039941610000 0.288252720000
0.833855040000 -0.550625140000 -0.038700550000 0.280471770000
0.054294880000 0.012047040000 0.998452270000 0.091216620000
0.000000000000 0.000000000000 0.000000000000 1.000000000000
25 37 60
-0.028469200000 0.204728060000 -0.978404790000 2.089951380000
-0.999211110000 0.021284120000 0.033528250000 -0.275565100000
0.027688660000 0.978587460000 0.203960610000 2.077466770000
0.000000000000 0.000000000000 0.000000000000 1.000000000000
25 38 60
-0.941025720000 0.300090000000 0.156258080000 -0.099628260000
0.337671090000 0.861934650000 0.378215410000 -0.317264850000
-0.021185600000 0.408674260000 -0.912434390000 5.075830600000
0.000000000000 0.000000000000 0.000000000000 1.000000000000
25 39 60
-0.748441120000 -0.577667800000 -0.325784900000 0.814308870000
0.097209790000 -0.581480590000 0.807731750000 -1.709449760000
-0.656038210000 0.572870170000 0.491358960000 0.315849130000
0.000000000000 0.000000000000 0.000000000000 1.000000000000
25 40 60
0.092767400000 -0.261137920000 -0.960833600000 2.682083700000
-0.984053110000 -0.171135810000 -0.048497470000 0.245696410000
-0.151768510000 0.950010270000 -0.272849410000 2.387096060000
0.000000000000 0.000000000000 0.000000000000 1.000000000000
25 41 60
0.795752620000 -0.482224930000 -0.366383530000 0.735733060000
-0.288850400000 0.229525520000 -0.929453320000 1.906777450000
0.532299930000 0.845444940000 0.043354670000 1.501431760000
0.000000000000 0.000000000000 0.000000000000 1.000000000000
25 42 60
-0.843077145000 -0.429188723000 -0.324064758000 0.703137424000
0.000717153725 -0.603479782000 0.797377977000 -1.871927090000
-0.537792166000 0.672018744000 0.509087806000 0.555205716000
0.000000000000 0.000000000000 0.000000000000 1.000000000000
25 43 60
-0.914199290000 0.197160420000 -0.354072640000 0.691185040000
0.401494420000 0.559519170000 -0.725079670000 1.743905260000
0.055153420000 -0.805025500000 -0.590670840000 3.775251390000
0.000000000000 0.000000000000 0.000000000000 1.000000000000
25 44 60
0.298411860000 -0.586442470000 0.753017660000 -1.454327010000
0.884442340000 -0.126656200000 -0.449132440000 1.146553490000
0.358764690000 0.800027150000 0.480878840000 0.395103930000
0.000000000000 0.000000000000 0.000000000000 1.000000000000
25 45 60
0.126676720000 -0.639795170000 0.758033740000 -1.281898050000
0.929673850000 -0.189918020000 -0.315654370000 1.024586120000
0.345918400000 0.744710210000 0.570742640000 0.292823740000
0.000000000000 0.000000000000 0.000000000000 1.000000000000
25 46 60
0.698316290000 -0.514796790000 -0.497331510000 2.032741900000
-0.617262070000 -0.081314070000 -0.782544290000 1.270305400000
0.362411240000 0.853447290000 -0.374547470000 2.665456680000
0.000000000000 0.000000000000 0.000000000000 1.000000000000
25 47 60
-0.328171070000 -0.861057470000 0.388437620000 -0.961207700000
0.520934430000 0.178059380000 0.834818650000 -1.654080920000
-0.787991790000 0.476313860000 0.390120550000 0.333202600000
0.000000000000 0.000000000000 0.000000000000 1.000000000000
25 48 60
-0.999457740000 -0.014409930000 0.029607240000 -0.237154370000
-0.032246940000 0.610235310000 -0.791563640000 1.712972590000
-0.006661010000 -0.792089150000 -0.610369080000 3.687814450000
0.000000000000 0.000000000000 0.000000000000 1.000000000000
25 49 60
0.882062160000 -0.436928750000 -0.176237360000 0.811213990000
0.468143370000 0.770758890000 0.432171860000 -0.829186170000
-0.052991800000 -0.463706800000 0.884402550000 0.758031680000
0.000000000000 0.000000000000 0.000000000000 1.000000000000
25 50 60
-0.385839680000 0.914954030000 -0.118266110000 0.366875070000
-0.837282010000 -0.401114220000 -0.371572630000 0.958604340000
-0.387410090000 -0.044345370000 0.920840330000 0.438704440000
0.000000000000 0.000000000000 0.000000000000 1.000000000000
25 51 60
-0.182728070000 -0.778975370000 0.599839830000 -2.039284480000
-0.929138350000 0.336284530000 0.153670540000 0.770097160000
-0.321422420000 -0.529254270000 -0.785224510000 4.751617790000
0.000000000000 0.000000000000 0.000000000000 1.000000000000
25 52 60
-0.062205180000 0.004187650000 -0.998054600000 2.627538280000
-0.447593260000 -0.893911200000 0.024146200000 0.215282580000
-0.892071070000 0.448224530000 0.057480270000 2.589155610000
0.000000000000 0.000000000000 0.000000000000 1.000000000000
25 53 60
-0.821164870000 -0.569346230000 -0.039155240000 0.560871600000
-0.505417770000 0.757392490000 -0.413412020000 1.141530520000
0.265030460000 -0.319689670000 -0.909701800000 3.752036580000
0.000000000000 0.000000000000 0.000000000000 1.000000000000
25 54 60
-0.903723400000 -0.425623460000 -0.046137760000 0.668075820000
-0.427607310000 0.902647090000 0.048787580000 -0.043857920000
0.020880980000 0.063819320000 -0.997742990000 4.423346540000
0.000000000000 0.000000000000 0.000000000000 1.000000000000
25 55 60
0.755743640000 -0.133333430000 0.641150330000 -0.245357660000
-0.654054010000 -0.104893780000 0.749139930000 -1.506300240000
-0.032632710000 -0.985504690000 -0.166480070000 2.928751560000
0.000000000000 0.000000000000 0.000000000000 1.000000000000
25 56 60
0.652222090000 -0.757961950000 0.010001170000 0.213873170000
0.522697670000 0.440144810000 -0.730109370000 1.444496190000
0.548993160000 0.481421050000 0.683257120000 1.031614920000
0.000000000000 0.000000000000 0.000000000000 1.000000000000
25 57 60
-0.775931170000 0.415206770000 0.474904370000 -0.821199090000
0.591587940000 0.740304640000 0.319331710000 -0.555315880000
-0.218985220000 0.528727130000 -0.820056760000 4.015013890000
0.000000000000 0.000000000000 0.000000000000 1.000000000000
25 58 60
0.084512350000 0.890757130000 -0.446552800000 0.485241460000
-0.912631830000 -0.110686900000 -0.393511810000 0.663747260000
-0.399951000000 0.440794910000 0.803578900000 0.133402070000
0.000000000000 0.000000000000 0.000000000000 1.000000000000
25 59 60
0.342695060000 0.866722650000 -0.362425080000 0.894449980000
0.859998530000 -0.134159410000 0.492345190000 -0.699759330000
0.378104000000 -0.480409300000 -0.791355970000 3.982258950000
0.000000000000 0.000000000000 0.000000000000 1.000000000000
26 28 60
0.972126310000 0.049622720000 -0.229146290000 0.019819390000
-0.072222960000 0.993199550000 -0.091315390000 0.079570310000
0.223056670000 0.105319720000 0.969099310000 0.006722040000
0.000000000000 0.000000000000 0.000000000000 1.000000000000
26 29 60
-0.624825270000 -0.195416250000 -0.755913930000 1.549935530000
-0.473745000000 -0.674686440000 0.566006960000 -1.136883540000
-0.620611840000 0.711765900000 0.328983670000 1.180572670000
0.000000000000 0.000000000000 0.000000000000 1.000000000000
26 30 60
0.714854750000 0.525996070000 0.460771980000 -1.109400320000
-0.631437650000 0.202439080000 0.748535180000 -1.571576340000
0.300448300000 -0.826042700000 0.476848260000 1.376037520000
0.000000000000 0.000000000000 0.000000000000 1.000000000000
26 31 60
0.819713950000 -0.241129810000 0.519543510000 -2.032291660000
-0.396278870000 -0.893683940000 0.210456830000 -1.037150690000
0.413560270000 -0.378398510000 -0.828119840000 4.275444630000
0.000000000000 0.000000000000 0.000000000000 1.000000000000
26 32 60
-0.738647560000 -0.622898460000 -0.257676700000 0.397876880000
0.617925540000 -0.778440200000 0.110448510000 0.194899950000
-0.269384120000 -0.077642490000 0.959897830000 0.085801180000
0.000000000000 0.000000000000 0.000000000000 1.000000000000
26 33 60
-0.557656620000 -0.572194030000 -0.601342730000 1.230262490000
0.360009850000 -0.819486910000 0.445908180000 -0.539910000000
-0.747938500000 0.032174340000 0.662987790000 -0.291939710000
0.000000000000 0.000000000000 0.000000000000 1.000000000000
26 34 60
0.367231360000 0.823146440000 -0.433094760000 0.966481260000
0.930094020000 -0.320905870000 0.178730330000 -0.852673850000
0.008138580000 -0.468454230000 -0.883450280000 4.329719050000
0.000000000000 0.000000000000 0.000000000000 1.000000000000
26 35 60
-0.922023400000 0.297290340000 0.247974420000 -0.766378220000
-0.385798990000 -0.758756190000 -0.524831580000 1.849003250000
0.032124760000 -0.579575270000 0.814285270000 0.419410400000
0.000000000000 0.000000000000 0.000000000000 1.000000000000
26 36 60
0.093828210000 -0.402388610000 0.910647940000 -2.489990630000
-0.966877460000 -0.254909000000 -0.013015020000 0.482040690000
0.237369450000 -0.879263790000 -0.412978130000 2.505272520000
0.000000000000 0.000000000000 0.000000000000 1.000000000000
26 37 60
-0.230515940000 0.953740350000 -0.192981190000 0.647212280000
0.953277550000 0.261136950000 0.151886170000 -0.705526250000
0.195254490000 -0.148952460000 -0.969375490000 3.761383520000
0.000000000000 0.000000000000 0.000000000000 1.000000000000
26 38 60
0.941299250000 0.335934460000 0.033222870000 -0.474305060000
-0.336320350000 0.941724260000 0.006635990000 0.997017850000
-0.029057520000 -0.017419980000 0.999425940000 -1.143375560000
0.000000000000 0.000000000000 0.000000000000 1.000000000000
26 39 60
0.749684270000 0.488424420000 0.446559160000 -1.570577100000
-0.256669730000 -0.407366430000 0.876454930000 -2.259604990000
0.609995200000 -0.771682690000 -0.180032440000 2.830875870000
0.000000000000 0.000000000000 0.000000000000 1.000000000000
26 40 60
0.717752880000 -0.619195740000 0.318476750000 -0.526231680000
0.572285460000 0.264053360000 -0.776379530000 1.667157640000
0.396636040000 0.739508260000 0.543881780000 0.144650090000
0.000000000000 0.000000000000 0.000000000000 1.000000000000
26 41 60
0.679624980000 0.325694440000 0.657292190000 -1.430011850000
-0.726861840000 0.178184650000 0.663266230000 -1.152807370000
0.098902750000 -0.928532910000 0.357833600000 1.318543550000
0.000000000000 0.000000000000 0.000000000000 1.000000000000
26 42 60
-0.399364900000 0.777335080000 -0.486063620000 1.218185610000
0.777159180000 0.005790600000 -0.629277420000 1.911170740000
-0.486344820000 -0.629060120000 -0.606425660000 3.725905310000
0.000000000000 0.000000000000 0.000000000000 1.000000000000
26 43 60
0.823980520000 -0.438560140000 -0.358777230000 1.704847660000
-0.016845130000 0.613950610000 -0.789164680000 2.010786290000
0.566367670000 0.656299970000 0.498495740000 0.580424330000
0.000000000000 0.000000000000 0.000000000000 1.000000000000
26 44 60
0.905136060000 0.421242410000 -0.057302280000 -0.111198250000
0.296079270000 -0.527910460000 0.796019860000 -1.846114990000
0.305066850000 -0.737472290000 -0.602551940000 3.855625730000
0.000000000000 0.000000000000 0.000000000000 1.000000000000
26 45 60
0.881990620000 0.357282110000 -0.307314240000 0.413852060000
0.308698670000 0.054722810000 0.949584410000 -2.150351550000
0.356086620000 -0.932392030000 -0.062027510000 2.827122760000
0.000000000000 0.000000000000 0.000000000000 1.000000000000
26 46 60
0.333467730000 -0.413034510000 -0.847467860000 2.520559650000
-0.785926800000 0.374684900000 -0.491864100000 0.896385340000
0.520690250000 0.830068500000 -0.199669570000 2.204176210000
0.000000000000 0.000000000000 0.000000000000 1.000000000000
26 47 60
0.791492770000 0.273385260000 0.546625730000 -1.463146090000
-0.507575720000 -0.204177080000 0.837065470000 -1.976765890000
0.340449810000 -0.939985220000 -0.022840960000 2.519560860000
0.000000000000 0.000000000000 0.000000000000 1.000000000000
26 48 60
0.068988810000 0.163104610000 0.984193800000 -2.390189380000
-0.771362110000 -0.616902780000 0.156305640000 -0.163677520000
0.632646060000 -0.769953140000 0.083253320000 1.962201230000
0.000000000000 0.000000000000 0.000000000000 1.000000000000
26 49 60
0.878698780000 -0.043076470000 0.475429140000 -0.826459190000
0.461569800000 -0.177494790000 -0.869165640000 2.089877830000
0.121826790000 0.983178530000 -0.136081650000 2.102752550000
0.000000000000 0.000000000000 0.000000000000 1.000000000000
26 50 60
-0.480760600000 -0.414109690000 -0.772905170000 1.255150360000
0.766367990000 -0.626762640000 -0.140885400000 0.609281010000
-0.426086080000 -0.660061930000 0.618683200000 0.943224180000
0.000000000000 0.000000000000 0.000000000000 1.000000000000
26 51 60
-0.354237370000 -0.819919630000 0.449719570000 -1.272009020000
-0.934826040000 0.323241550000 -0.147021000000 1.753115320000
-0.024822650000 -0.472489900000 -0.880986460000 4.788435040000
0.000000000000 0.000000000000 0.000000000000 1.000000000000
26 52 60
-0.259976650000 0.442130030000 -0.858448120000 2.440432950000
-0.585717730000 -0.778996600000 -0.223828150000 1.132252850000
-0.767689310000 0.444618190000 0.461484330000 1.296027900000
0.000000000000 0.000000000000 0.000000000000 1.000000000000
26 53 60
-0.545664970000 -0.129603600000 -0.827920680000 1.706133290000
-0.170787210000 -0.950033530000 0.261281510000 0.007312870000
-0.820415420000 0.283970430000 0.496265380000 1.260186020000
0.000000000000 0.000000000000 0.000000000000 1.000000000000
26 54 60
0.919857650000 -0.382568990000 -0.086619060000 -0.045873640000
0.391189970000 0.910961130000 0.130844290000 0.163915220000
0.028849630000 -0.154242630000 0.987611720000 -0.177979050000
0.000000000000 0.000000000000 0.000000000000 1.000000000000
26 55 60
0.088290840000 0.651599400000 -0.753407560000 1.860238450000
-0.366143000000 -0.682180590000 -0.632905170000 1.406985460000
-0.926360640000 0.331734640000 0.178348260000 1.177238050000
0.000000000000 0.000000000000 0.000000000000 1.000000000000
26 56 60
0.983550540000 -0.179797540000 -0.017354570000 0.236997580000
0.177685380000 0.980310430000 -0.086135770000 0.579845310000
0.032499870000 0.081635230000 0.996132240000 0.248588830000
0.000000000000 0.000000000000 0.000000000000 1.000000000000
26 57 60
0.878480450000 0.410755440000 -0.244032950000 0.908075240000
-0.343308710000 0.897908430000 0.275498790000 0.304684650000
0.332281870000 -0.158241660000 0.929810920000 0.061838720000
0.000000000000 0.000000000000 0.000000000000 1.000000000000
26 58 60
-0.589202850000 -0.741861910000 0.320126390000 -0.481982820000
-0.807377120000 0.555944870000 -0.197654980000 0.509432930000
-0.031339920000 -0.374921600000 -0.926526630000 4.020259550000
0.000000000000 0.000000000000 0.000000000000 1.000000000000
26 59 60
-0.592832160000 -0.803884500000 -0.048163750000 -0.404387440000
0.799996060000 -0.594723830000 0.079434660000 -0.041567530000
-0.092500420000 0.008560610000 0.995675840000 -0.010013960000
0.000000000000 0.000000000000 0.000000000000 1.000000000000
27 29 60
0.404501180000 -0.761078630000 0.507087880000 -0.924292660000
-0.876659310000 -0.164760440000 0.452020410000 -0.804820470000
-0.260475050000 -0.627386100000 -0.733852460000 3.327061760000
0.000000000000 0.000000000000 0.000000000000 1.000000000000
27 30 60
-0.019415290000 0.004166000000 -0.999802830000 2.631079990000
0.937240540000 0.348280980000 -0.016749160000 -0.203624250000
0.348142530000 -0.937380930000 -0.010666520000 2.383479310000
0.000000000000 0.000000000000 0.000000000000 1.000000000000
27 31 60
0.388507889000 -0.745291917000 0.541850144000 -0.937453635000
-0.920337690000 -0.285033600000 0.267832751000 0.001362068590
-0.045168087400 -0.602740247000 -0.796658044000 3.154665990000
0.000000000000 0.000000000000 0.000000000000 1.000000000000
27 32 60
-0.761334170000 -0.633601780000 0.137546630000 -0.037221070000
-0.647465870000 0.754114710000 -0.109995210000 -0.171309110000
-0.034032770000 -0.172799860000 -0.984368820000 3.533868040000
0.000000000000 0.000000000000 0.000000000000 1.000000000000
27 33 60
0.981713310000 -0.070178050000 0.176957660000 0.461956450000
0.169125130000 0.748221910000 -0.641529940000 1.705390150000
-0.087382280000 0.659726470000 0.746408280000 -0.427993720000
0.000000000000 0.000000000000 0.000000000000 1.000000000000
27 34 60
-0.990966824000 0.134107246000 0.000025633876 0.316509802000
0.085807103400 0.634206516000 -0.768387425000 2.040284030000
-0.103062579000 -0.761444247000 -0.639984972000 3.394424870000
0.000000000000 0.000000000000 0.000000000000 1.000000000000
27 35 60
0.426587140000 0.224226810000 0.876211020000 -2.062415310000
0.497259030000 0.751078630000 -0.434297530000 1.381960550000
-0.755484530000 0.620969580000 0.208901680000 0.455981350000
0.000000000000 0.000000000000 0.000000000000 1.000000000000
27 36 60
-0.438092690000 0.898473510000 -0.028638210000 -0.086959610000
0.875359940000 0.419141940000 -0.240966810000 0.229562150000
-0.204498820000 -0.130634540000 -0.970110740000 3.682954990000
0.000000000000 0.000000000000 0.000000000000 1.000000000000
27 37 60
0.909696270000 0.290960120000 0.296302040000 -0.808583970000
-0.133372410000 -0.471005620000 0.871989390000 -2.042101520000
0.393274060000 -0.832764020000 -0.389666010000 2.098973880000
0.000000000000 0.000000000000 0.000000000000 1.000000000000
27 38 60
-0.152109950000 -0.767779340000 -0.622396540000 1.651917030000
0.980476980000 -0.196612300000 0.002915440000 -0.905100250000
-0.124609230000 -0.609802010000 0.782696650000 -1.194895940000
0.000000000000 0.000000000000 0.000000000000 1.000000000000
27 39 60
0.687719660000 -0.465233670000 0.557314360000 -1.779139160000
0.600680550000 -0.066470480000 -0.796721130000 1.921097240000
0.407706440000 0.882688680000 0.233743760000 0.392491620000
0.000000000000 0.000000000000 0.000000000000 1.000000000000
27 40 60
-0.060648390000 -0.177816940000 0.982192910000 -2.422256770000
-0.927119910000 0.374615650000 0.010572960000 -0.123219390000
-0.369824890000 -0.909969370000 -0.187577460000 2.826499190000
0.000000000000 0.000000000000 0.000000000000 1.000000000000
27 41 60
-0.996465290000 -0.081402140000 -0.020751370000 0.341224780000
0.034469780000 -0.621476320000 0.782674280000 -2.058294530000
-0.076607850000 0.779192450000 0.622085490000 -0.002245930000
0.000000000000 0.000000000000 0.000000000000 1.000000000000
27 42 60
0.081620420000 -0.591995600000 0.801797550000 -1.841925560000
0.946546110000 -0.205853370000 -0.248344210000 1.131141950000
0.312071410000 0.779208320000 0.543549290000 0.334505190000
0.000000000000 0.000000000000 0.000000000000 1.000000000000
27 43 60
-0.238418980000 -0.570019730000 0.786278510000 -2.108769260000
0.856820240000 -0.504600670000 -0.106005860000 0.942376110000
0.457182090000 0.648425530000 0.608710820000 -0.023522120000
0.000000000000 0.000000000000 0.000000000000 1.000000000000
27 44 60
-0.874233220000 0.484554020000 -0.030392240000 0.044743770000
0.181554460000 0.268219820000 -0.946095190000 2.257644980000
-0.450282420000 -0.832625690000 -0.322459620000 2.941563100000
0.000000000000 0.000000000000 0.000000000000 1.000000000000
27 45 60
-0.995853820000 -0.080229520000 0.042876550000 -0.521831340000
0.075510660000 -0.466217380000 0.881441710000 -2.252818060000
-0.050727850000 0.881024730000 0.470342540000 -0.206098770000
0.000000000000 0.000000000000 0.000000000000 1.000000000000
27 46 60
0.945796270000 -0.255121130000 0.200954290000 0.260197300000
0.171994690000 -0.131385170000 -0.976296970000 2.536425660000
0.275476400000 0.957941100000 -0.080384120000 1.471678620000
0.000000000000 0.000000000000 0.000000000000 1.000000000000
27 47 60
-0.284754770000 -0.036334350000 0.957911550000 -2.514732960000
-0.870246540000 0.428834690000 -0.242428880000 -0.119776110000
-0.401977210000 -0.902651990000 -0.153732570000 2.391288630000
0.000000000000 0.000000000000 0.000000000000 1.000000000000
27 48 60
-0.974064230000 -0.172897100000 -0.145963960000 0.821692040000
-0.032372340000 -0.531961480000 0.846149530000 -2.019048180000
-0.223944000000 0.828929180000 0.512567560000 0.071104650000
0.000000000000 0.000000000000 0.000000000000 1.000000000000
27 49 60
0.928359088000 -0.289010575000 0.233714122000 -0.546804493000
0.222479465000 -0.071623956200 -0.972302883000 2.444991940000
0.297745345000 0.954642811000 -0.002193832550 1.263705710000
0.000000000000 0.000000000000 0.000000000000 1.000000000000
27 50 60
0.944481510000 -0.006381050000 0.328502600000 -0.455782710000
0.025453470000 -0.995385760000 -0.092516580000 0.070864290000
0.327577160000 0.095741730000 -0.939961020000 3.359884320000
0.000000000000 0.000000000000 0.000000000000 1.000000000000
27 51 60
-0.913455460000 0.294471580000 0.280865820000 0.203191170000
-0.287833710000 -0.955431180000 0.065597340000 -0.223552070000
0.287664520000 -0.020922400000 0.957502680000 -1.545273320000
0.000000000000 0.000000000000 0.000000000000 1.000000000000
27 52 60
0.596998630000 0.274022000000 0.753992420000 -1.480341830000
-0.206040250000 0.960702260000 -0.186006920000 0.550172450000
-0.775332220000 -0.044306900000 0.629997500000 0.619153980000
0.000000000000 0.000000000000 0.000000000000 1.000000000000
27 53 60
0.388623350000 -0.498714030000 0.774762030000 -1.357958880000
-0.477820500000 -0.828036710000 -0.293330490000 0.639161680000
0.787819440000 -0.256202100000 -0.560090190000 2.559015770000
0.000000000000 0.000000000000 0.000000000000 1.000000000000
27 54 60
0.857417780000 -0.336750240000 0.389145250000 -1.202257640000
0.304696800000 0.941583580000 0.143458110000 -0.686533680000
-0.414722330000 -0.004432220000 0.909937220000 -0.085267940000
0.000000000000 0.000000000000 0.000000000000 1.000000000000
27 55 60
0.534942040000 -0.827500400000 0.170528880000 -0.548912380000
0.643120590000 0.529708570000 0.552996150000 -1.205243250000
-0.547935140000 -0.186150250000 0.815545930000 -0.607331320000
0.000000000000 0.000000000000 0.000000000000 1.000000000000
27 56 60
-0.161588130000 -0.967073930000 0.196614550000 -0.445529510000
0.930158390000 -0.215810240000 -0.297037550000 0.698337210000
0.329688710000 0.134884930000 0.934404310000 0.255758640000
0.000000000000 0.000000000000 0.000000000000 1.000000000000
27 57 60
0.974088730000 -0.225973810000 -0.009325980000 -0.536109220000
0.223544290000 0.968238040000 -0.111995710000 0.260945040000
0.034337870000 0.107008990000 0.993664930000 -0.383265660000
0.000000000000 0.000000000000 0.000000000000 1.000000000000
27 58 60
-0.900555740000 -0.203326360000 -0.384262600000 1.244317960000
0.359961240000 -0.844371840000 -0.396817470000 0.727328210000
-0.243777060000 -0.495675890000 0.833593520000 0.117584590000
0.000000000000 0.000000000000 0.000000000000 1.000000000000
27 59 60
0.518696580000 -0.498918910000 0.694286520000 -1.082370340000
0.825989950000 0.082835520000 -0.557565130000 1.492064610000
0.220668200000 0.862680820000 0.455068510000 0.886330380000
0.000000000000 0.000000000000 0.000000000000 1.000000000000
28 30 60
-0.918915040000 -0.218242800000 0.328580630000 -0.408018100000
-0.043762330000 0.884260870000 0.464938250000 -1.095380780000
-0.392020420000 0.412859300000 -0.822111420000 3.464706520000
0.000000000000 0.000000000000 0.000000000000 1.000000000000
28 31 60
-0.330196560000 -0.941728690000 0.064166250000 -0.942419690000
0.831373440000 -0.257965260000 0.492211470000 -0.750390470000
-0.446977000000 0.215872650000 0.868107460000 -1.012719940000
0.000000000000 0.000000000000 0.000000000000 1.000000000000
28 32 60
-0.511357200000 -0.316092260000 0.799124200000 -2.174783670000
-0.828821100000 0.427127640000 -0.361410520000 0.757997210000
-0.227088960000 -0.847140880000 -0.480398730000 2.507303000000
0.000000000000 0.000000000000 0.000000000000 1.000000000000
28 33 60
-0.864922880000 -0.359931260000 -0.349796950000 1.258706300000
-0.439416350000 0.206261570000 0.874282240000 -2.443757900000
-0.242531840000 0.909893210000 -0.336560030000 2.548354020000
0.000000000000 0.000000000000 0.000000000000 1.000000000000
28 34 60
-0.443733950000 -0.835455140000 0.324214260000 -0.397431050000
0.424225300000 0.122851490000 0.897184710000 -2.250309010000
-0.789387790000 0.535651210000 0.299907830000 1.423538180000
0.000000000000 0.000000000000 0.000000000000 1.000000000000
28 35 60
0.768897140000 -0.465803920000 0.437977060000 -0.514566590000
0.384313440000 0.884158050000 0.265645850000 -0.057919050000
-0.510979820000 -0.035933870000 0.858841300000 -1.191514480000
0.000000000000 0.000000000000 0.000000000000 1.000000000000
28 36 60
0.613026470000 0.589467340000 -0.526048290000 1.518772750000
0.788347130000 -0.500237930000 0.358149150000 -1.181014770000
-0.052032080000 -0.634263570000 -0.771363980000 3.624570020000
0.000000000000 0.000000000000 0.000000000000 1.000000000000
28 37 60
-0.558388850000 -0.327091700000 0.762373210000 -1.561870530000
-0.829009430000 0.254072300000 -0.498187340000 1.693254820000
-0.030744970000 -0.910196840000 -0.413033240000 2.323044710000
0.000000000000 0.000000000000 0.000000000000 1.000000000000
28 38 60
-0.733038030000 0.061223520000 -0.677426690000 2.030901960000
-0.042663050000 -0.998118350000 -0.044041190000 -0.331941850000
-0.678848370000 -0.003382780000 0.734270690000 -0.241350710000
0.000000000000 0.000000000000 0.000000000000 1.000000000000
28 39 60
0.901729020000 -0.272379360000 -0.335699660000 0.858477030000
-0.124539150000 0.579943960000 -0.805080740000 2.167418710000
0.413974370000 0.767772410000 0.489030410000 -0.126232330000
0.000000000000 0.000000000000 0.000000000000 1.000000000000
28 40 60
0.214921340000 -0.611612970000 0.761405540000 -1.469825680000
0.944477640000 -0.068239420000 -0.321411520000 0.830130890000
0.248537330000 0.788208700000 0.562988670000 0.023277910000
0.000000000000 0.000000000000 0.000000000000 1.000000000000
28 41 60
-0.713585860000 0.389730480000 -0.582155800000 1.633518370000
0.693896010000 0.278782180000 -0.663919290000 1.987696620000
-0.096454920000 -0.877719000000 -0.469367440000 3.233813200000
0.000000000000 0.000000000000 0.000000000000 1.000000000000
28 42 60
0.063595930000 -0.600994100000 0.796719300000 -1.587834290000
0.990837900000 0.133335960000 0.021489210000 0.468104380000
-0.119146230000 0.788053050000 0.603967350000 0.121207880000
0.000000000000 0.000000000000 0.000000000000 1.000000000000
28 43 60
0.999127800000 0.014431380000 -0.039183940000 0.459440150000
-0.015029600000 0.999774300000 -0.015015550000 0.264433030000
0.038958400000 0.015591370000 0.999119190000 -1.006021450000
0.000000000000 0.000000000000 0.000000000000 1.000000000000
28 44 60
0.808501100000 -0.338206600000 0.481603850000 -0.365766870000
-0.564959250000 -0.216939950000 0.796089260000 -2.006175000000
-0.164763530000 -0.915725590000 -0.366469140000 3.309103360000
0.000000000000 0.000000000000 0.000000000000 1.000000000000
28 45 60
-0.077966410000 -0.273092390000 0.958823130000 -2.473315110000
-0.969377390000 -0.203881030000 -0.136894110000 0.969628020000
0.232870590000 -0.940134600000 -0.248833710000 2.901842830000
0.000000000000 0.000000000000 0.000000000000 1.000000000000
28 46 60
0.461513840000 -0.262772950000 -0.847322460000 3.412548890000
-0.425829430000 0.772279240000 -0.471438300000 1.032849450000
0.778250780000 0.578390140000 0.244521100000 1.485030480000
0.000000000000 0.000000000000 0.000000000000 1.000000000000
28 47 60
0.057889180000 -0.302991600000 0.951233370000 -1.828115900000
0.398568330000 0.880615220000 0.256242290000 -0.039151270000
-0.915309850000 0.364297840000 0.171740950000 0.632224500000
0.000000000000 0.000000000000 0.000000000000 1.000000000000
28 48 60
-0.360363570000 -0.127735740000 -0.924024720000 2.739271890000
-0.683902660000 -0.637468130000 0.354840150000 -0.425459390000
-0.634362080000 0.759814420000 0.142361480000 1.476958210000
0.000000000000 0.000000000000 0.000000000000 1.000000000000
28 49 60
0.747981990000 0.485277930000 0.452800470000 -0.516502010000
-0.663074750000 0.576408040000 0.477583140000 -0.659052590000
-0.029237270000 -0.657464150000 0.752918370000 0.728368850000
0.000000000000 0.000000000000 0.000000000000 1.000000000000
28 50 60
0.363397600000 -0.230112440000 0.902768210000 -1.849098720000
0.190117960000 0.966941270000 0.169940410000 -0.010940270000
-0.912029250000 0.109876520000 0.395132650000 0.797288340000
0.000000000000 0.000000000000 0.000000000000 1.000000000000
28 51 60
-0.570637910000 -0.817938450000 -0.073137330000 0.652191100000
0.814498960000 -0.552375250000 -0.177406380000 -0.378594200000
0.104708250000 -0.160805090000 0.981416280000 -1.362425260000
0.000000000000 0.000000000000 0.000000000000 1.000000000000
28 52 60
0.657450250000 0.368595930000 0.657188110000 -1.265110060000
-0.401492900000 0.909422890000 -0.108413350000 0.884164360000
-0.637622630000 -0.192579980000 0.745888960000 0.529078100000
0.000000000000 0.000000000000 0.000000000000 1.000000000000
28 53 60
-0.753078880000 0.348404930000 -0.558109490000 1.316744100000
0.153047690000 0.917777020000 0.366417450000 -0.637052810000
0.639881710000 0.190523870000 -0.744481060000 3.109576320000
0.000000000000 0.000000000000 0.000000000000 1.000000000000
28 54 60
-0.195812180000 0.904606960000 -0.378607760000 1.564883680000
-0.803651270000 -0.369275620000 -0.466669210000 1.769172330000
-0.561962830000 0.212889100000 0.799297190000 0.400493200000
0.000000000000 0.000000000000 0.000000000000 1.000000000000
28 55 60
-0.687736450000 -0.009372300000 -0.725899950000 1.342440010000
-0.132231050000 0.984806730000 0.112564010000 -0.392838550000
0.713816170000 0.173400890000 -0.678526790000 3.765736760000
0.000000000000 0.000000000000 0.000000000000 1.000000000000
28 56 60
0.946653460000 0.174628130000 -0.270836190000 1.120367890000
-0.130991530000 0.976401110000 0.171703490000 0.162173060000
0.294429010000 -0.127066460000 0.947188300000 0.482396460000
0.000000000000 0.000000000000 0.000000000000 1.000000000000
28 57 60
0.279375680000 0.959363260000 -0.039640350000 0.865327430000
-0.954368100000 0.281983570000 0.098319920000 0.440748170000
0.105502450000 0.010363290000 0.994365040000 -0.111755290000
0.000000000000 0.000000000000 0.000000000000 1.000000000000
28 58 60
-0.913834880000 0.101182440000 0.393278420000 -0.569918210000
0.085159350000 0.994676000000 -0.058030520000 0.162821450000
-0.397056280000 -0.019538980000 -0.917586260000 3.818218270000
0.000000000000 0.000000000000 0.000000000000 1.000000000000
28 59 60
0.645274100000 0.248226350000 -0.722499140000 1.918753020000
-0.643486830000 0.686345530000 -0.338901910000 1.058781220000
0.411759670000 0.683603310000 0.602611390000 0.662272300000
0.000000000000 0.000000000000 0.000000000000 1.000000000000
29 31 60
0.686293140000 0.719437740000 0.106822610000 0.355869240000
0.683477820000 -0.587701970000 -0.432971660000 1.294877870000
-0.248716290000 0.370156360000 -0.895055570000 5.111942540000
0.000000000000 0.000000000000 0.000000000000 1.000000000000
29 33 60
0.981584240000 0.170249070000 0.086646590000 0.573324920000
-0.167495490000 0.985133710000 -0.038168510000 -0.240017160000
-0.091856630000 0.022952700000 0.995507680000 -0.622026370000
0.000000000000 0.000000000000 0.000000000000 1.000000000000
29 34 60
-0.028293490000 -0.578453530000 0.815224500000 -1.812389420000
-0.999236010000 -0.005629610000 -0.038674430000 0.035800750000
0.026960760000 -0.815695910000 -0.577852310000 3.694800640000
0.000000000000 0.000000000000 0.000000000000 1.000000000000
29 35 60
-0.851789590000 -0.414449080000 0.320447260000 -0.591503000000
0.455067980000 -0.888389980000 0.060633230000 0.396400330000
0.259552750000 0.197472040000 0.945323840000 -0.344697510000
0.000000000000 0.000000000000 0.000000000000 1.000000000000
29 36 60
0.056969560000 -0.783764930000 0.618439160000 -1.436221570000
0.894422490000 0.315286920000 0.317179090000 -1.340034480000
-0.443579630000 0.535076340000 0.718978740000 0.480584480000
0.000000000000 0.000000000000 0.000000000000 1.000000000000
29 37 60
0.645793940000 0.491925380000 -0.583917470000 1.747051680000
-0.316837510000 0.868483670000 0.381248080000 -0.566788560000
0.694668390000 -0.061200740000 0.716721910000 0.533717170000
0.000000000000 0.000000000000 0.000000000000 1.000000000000
29 38 60
-0.710361800000 -0.347154280000 -0.612266300000 1.558399780000
-0.121391150000 0.917291490000 -0.379263120000 1.494767290000
0.693289480000 -0.195090320000 -0.693750290000 4.095132560000
0.000000000000 0.000000000000 0.000000000000 1.000000000000
29 39 60
0.967617090000 -0.149497910000 0.203390120000 -0.331668080000
0.070764970000 0.934098940000 0.349930690000 -0.965172070000
-0.242300410000 -0.324206020000 0.914429310000 -1.066872710000
0.000000000000 0.000000000000 0.000000000000 1.000000000000
29 40 60
-0.722249360000 -0.187810610000 0.665644820000 -1.422848760000
0.373267020000 0.704384910000 0.603749640000 -1.668412420000
-0.582260760000 0.684521050000 -0.438638050000 2.882070930000
0.000000000000 0.000000000000 0.000000000000 1.000000000000
29 41 60
0.796149460000 0.425897690000 0.429833910000 -0.874176360000
-0.361703700000 0.904436450000 -0.226197110000 0.361273530000
-0.485094280000 0.024614190000 0.874115370000 0.139001810000
0.000000000000 0.000000000000 0.000000000000 1.000000000000
29 42 60
0.817430630000 -0.373714280000 0.438343250000 -0.998187830000
-0.190480960000 -0.893536820000 -0.406582040000 0.792284250000
0.543621350000 0.248856570000 -0.801589820000 4.024354850000
0.000000000000 0.000000000000 0.000000000000 1.000000000000
29 43 60
0.329150850000 -0.602622750000 0.726983870000 -1.631526570000
-0.928507250000 -0.346666380000 0.133028950000 -0.709113330000
0.171854590000 -0.718796390000 -0.673645120000 4.268705220000
0.000000000000 0.000000000000 0.000000000000 1.000000000000
29 44 60
-0.876416300000 -0.055910530000 -0.478297480000 1.674077750000
0.433964530000 0.338824700000 -0.834788960000 1.857876230000
0.208732490000 -0.939186790000 -0.272688310000 3.017099530000
0.000000000000 0.000000000000 0.000000000000 1.000000000000
29 45 60
0.939642150000 -0.212481720000 0.268186780000 -0.170287670000
-0.340673220000 -0.508027740000 0.791106550000 -2.118094740000
-0.031849360000 -0.834721110000 -0.549751110000 4.110508300000
0.000000000000 0.000000000000 0.000000000000 1.000000000000
29 46 60
-0.030001030000 -0.140491700000 0.989627210000 -2.154877690000
0.469732450000 0.871951940000 0.138026180000 -0.769871590000
-0.882298910000 0.469000950000 0.039834050000 1.947442300000
0.000000000000 0.000000000000 0.000000000000 1.000000000000
29 47 60
0.636673580000 -0.371767390000 0.675600290000 -0.955762940000
0.484340600000 0.874527990000 0.024798870000 -0.158726590000
-0.600050780000 0.311431860000 0.736850910000 0.191669340000
0.000000000000 0.000000000000 0.000000000000 1.000000000000
29 48 60
0.301302250000 0.225735180000 0.926423540000 -2.143198210000
0.610940210000 0.700252000000 -0.369322620000 0.571042340000
-0.732099050000 0.677267130000 0.073076800000 1.706799890000
0.000000000000 0.000000000000 0.000000000000 1.000000000000
29 49 60
-0.100420290000 -0.240550160000 -0.965428080000 2.177403360000
-0.794627700000 0.603313840000 -0.067669980000 -0.226541770000
0.598734150000 0.760360460000 -0.251732780000 2.477565640000
0.000000000000 0.000000000000 0.000000000000 1.000000000000
29 50 60
0.694665990000 -0.318627440000 0.644915280000 -1.638851600000
0.713595550000 0.192243460000 -0.673664480000 1.211960560000
0.090667240000 0.928180480000 0.360916120000 1.172524170000
0.000000000000 0.000000000000 0.000000000000 1.000000000000
29 51 60
0.476222950000 0.347942320000 0.807556710000 -1.801241880000
-0.134528080000 0.936400660000 -0.324123440000 0.465296630000
-0.868972900000 0.045715960000 0.492743490000 1.103071110000
0.000000000000 0.000000000000 0.000000000000 1.000000000000
29 52 60
-0.609861850000 0.271492120000 -0.744553930000 1.822268980000
-0.256303160000 -0.956569670000 -0.138863820000 0.230504210000
-0.749918140000 0.106143780000 0.652959630000 0.727618520000
0.000000000000 0.000000000000 0.000000000000 1.000000000000
29 53 60
0.108105650000 -0.833142560000 0.542389760000 -0.698851050000
0.270027220000 0.549684030000 0.790526890000 -1.548050930000
-0.956764580000 0.060999580000 0.284395110000 1.859921570000
0.000000000000 0.000000000000 0.000000000000 1.000000000000
29 54 60
-0.804459450000 0.313992720000 -0.504235620000 1.837956700000
-0.389789930000 -0.919586650000 0.049236270000 -0.229319550000
-0.448228510000 0.236154550000 0.862161370000 0.402678470000
0.000000000000 0.000000000000 0.000000000000 1.000000000000
29 55 60
-0.594142140000 0.664688500000 -0.452972750000 1.393984280000
-0.798558150000 -0.554948930000 0.233102050000 -0.918783050000
-0.096436490000 0.500220830000 0.860510960000 0.367884340000
0.000000000000 0.000000000000 0.000000000000 1.000000000000
29 56 60
0.298039400000 0.771853100000 -0.561618470000 1.192413980000
-0.526398940000 0.623707340000 0.577835020000 -1.057901380000
0.796289310000 0.123417760000 0.592192020000 1.340235760000
0.000000000000 0.000000000000 0.000000000000 1.000000000000
29 57 60
0.765109560000 -0.619021590000 0.177255830000 -0.803010600000
0.148001510000 0.436981000000 0.887210890000 -1.162147960000
-0.626660130000 -0.652579400000 0.425954470000 0.703378100000
0.000000000000 0.000000000000 0.000000000000 1.000000000000
29 58 60
-0.097833670000 0.990857970000 -0.092892740000 -0.175915370000
-0.710715160000 -0.004223490000 0.703467210000 -1.316362450000
0.696643760000 0.134843060000 0.704630980000 0.699874950000
0.000000000000 0.000000000000 0.000000000000 1.000000000000
29 59 60
-0.351855550000 -0.927949780000 0.122910060000 -0.125387840000
0.751815140000 -0.201929620000 0.627692940000 -1.019204260000
-0.557648340000 0.313262890000 0.768696750000 0.874547870000
0.000000000000 0.000000000000 0.000000000000 1.000000000000
30 32 60
0.666747970000 0.743777460000 -0.047352260000 1.097887640000
0.743439720000 -0.659288760000 0.112408720000 0.255985380000
0.052388260000 -0.110151840000 -0.992533140000 4.991432420000
0.000000000000 0.000000000000 0.000000000000 1.000000000000
30 33 60
-0.648042300000 0.728343630000 -0.222613410000 -0.159895550000
-0.463277100000 -0.608981860000 -0.643828720000 1.821645770000
-0.604496080000 -0.314096550000 0.732070940000 -0.350487460000
0.000000000000 0.000000000000 0.000000000000 1.000000000000
30 34 60
-0.770556150000 0.463259470000 0.437760070000 -1.020522530000
0.489378170000 0.870052030000 -0.059316710000 0.481576660000
-0.408353070000 0.168523370000 -0.897133010000 5.258762710000
0.000000000000 0.000000000000 0.000000000000 1.000000000000
30 35 60
0.225077170000 -0.949988380000 0.216477120000 -0.245333760000
-0.305469620000 -0.279777750000 -0.910171810000 3.296920130000
0.925218120000 0.138731710000 -0.353164180000 3.381656800000
0.000000000000 0.000000000000 0.000000000000 1.000000000000
30 36 60
0.883210160000 0.170492910000 -0.436888990000 1.305942610000
-0.137568250000 -0.796411390000 -0.588900560000 1.706463900000
-0.448346730000 0.580225010000 -0.679944220000 4.532170800000
0.000000000000 0.000000000000 0.000000000000 1.000000000000
30 37 60
0.998326910000 -0.053367420000 -0.022255400000 0.559655290000
-0.047090190000 -0.527044040000 -0.848532320000 2.121593290000
0.033554400000 0.848160660000 -0.528675330000 4.016167220000
0.000000000000 0.000000000000 0.000000000000 1.000000000000
30 38 60
-0.811530180000 -0.286728940000 -0.509122070000 1.097351740000
-0.193609100000 0.954051070000 -0.228696470000 1.153688410000
0.551302350000 -0.087023420000 -0.829754570000 4.372448370000
0.000000000000 0.000000000000 0.000000000000 1.000000000000
30 39 60
0.555478490000 0.052187440000 -0.829891630000 2.326252620000
-0.080217910000 0.996736840000 0.008986500000 0.252935110000
0.827652550000 0.061580360000 0.557852240000 0.933599230000
0.000000000000 0.000000000000 0.000000000000 1.000000000000
30 40 60
-0.093493330000 -0.318745420000 0.943218090000 -1.925173970000
0.323352830000 0.886290890000 0.331559050000 -0.708250110000
-0.941648530000 0.335990790000 0.020204950000 3.164477890000
0.000000000000 0.000000000000 0.000000000000 1.000000000000
30 41 60
0.854851280000 0.276730980000 -0.438918270000 0.835254470000
-0.157234820000 0.944290350000 0.289124450000 -0.238491230000
0.494475980000 -0.178145170000 0.850739560000 1.081979820000
0.000000000000 0.000000000000 0.000000000000 1.000000000000
30 42 60
-0.273335700000 0.498195260000 -0.822854230000 2.381389950000
0.062741900000 -0.844374780000 -0.532066430000 1.530331210000
-0.959870330000 -0.197060180000 0.199540050000 2.257554300000
0.000000000000 0.000000000000 0.000000000000 1.000000000000
30 43 60
0.913625380000 -0.139292640000 -0.381950540000 1.490281100000
-0.364339910000 0.136358370000 -0.921228970000 2.354042090000
0.180402570000 0.980818000000 0.073830600000 1.229337540000
0.000000000000 0.000000000000 0.000000000000 1.000000000000
30 44 60
-0.207622650000 0.262139110000 -0.942430860000 2.510438170000
-0.353974500000 -0.918269310000 -0.177436010000 1.593530070000
-0.911918250000 0.296756750000 0.283444060000 1.848328220000
0.000000000000 0.000000000000 0.000000000000 1.000000000000
30 45 60
0.859474620000 0.194930730000 0.472552000000 -1.648426880000
0.510534650000 -0.280955050000 -0.812661450000 2.684021060000
-0.025646820000 0.939716060000 -0.340992630000 2.524519450000
0.000000000000 0.000000000000 0.000000000000 1.000000000000
30 46 60
0.825379688000 0.042569791900 0.562970855000 -0.748895140000
-0.064494097000 0.997735082000 0.019110657000 -0.000509461540
-0.560882235000 -0.052081845000 0.826255771000 0.414360060000
0.000000000000 0.000000000000 0.000000000000 1.000000000000
30 47 60
0.973619460000 -0.002312160000 0.228166170000 -0.293349770000
-0.079234460000 0.934299060000 0.347573240000 -0.604829690000
-0.213979080000 -0.356482700000 0.909468550000 0.245668340000
0.000000000000 0.000000000000 0.000000000000 1.000000000000
30 48 60
0.034562360000 -0.997928700000 -0.054256270000 0.086308000000
0.814959420000 0.059566250000 -0.576448620000 2.107121190000
0.578486470000 -0.024293240000 0.815330150000 0.690723910000
0.000000000000 0.000000000000 0.000000000000 1.000000000000
30 49 60
-0.815311480000 0.539242590000 -0.210913760000 0.760807300000
0.499317940000 0.839208590000 0.215431040000 -0.254229990000
0.293170240000 0.070330370000 -0.953469900000 5.196476780000
0.000000000000 0.000000000000 0.000000000000 1.000000000000
30 50 60
0.880570550000 0.262305880000 0.394703850000 -0.840397170000
-0.359406580000 0.912491010000 0.195415110000 -0.061834350000
-0.308905180000 -0.313935950000 0.897787170000 0.527962600000
0.000000000000 0.000000000000 0.000000000000 1.000000000000
30 51 60
0.842826130000 -0.477271160000 0.248709380000 -0.534247890000
0.507663740000 0.858457190000 -0.072998470000 0.006390240000
-0.178666290000 0.187785750000 0.965823410000 0.294188200000
0.000000000000 0.000000000000 0.000000000000 1.000000000000
30 52 60
0.922434360000 -0.352963980000 0.156624650000 -0.471970270000
0.355703750000 0.934532510000 0.011128220000 0.382820290000
-0.150298690000 0.045446920000 0.987595510000 0.968560260000
0.000000000000 0.000000000000 0.000000000000 1.000000000000
30 53 60
-0.792775800000 -0.609169550000 0.020469230000 0.823989930000
-0.283222090000 0.397907850000 0.872613660000 -1.065267170000
-0.539714540000 0.685989650000 -0.487981980000 3.862362260000
0.000000000000 0.000000000000 0.000000000000 1.000000000000
30 54 60
0.541295730000 -0.728336690000 0.420148310000 -1.160809630000
0.657522460000 0.055208920000 -0.751409460000 2.129171310000
0.524083150000 0.682991680000 0.508782090000 1.393479510000
0.000000000000 0.000000000000 0.000000000000 1.000000000000
30 55 60
0.983096850000 -0.036736750000 -0.179362750000 0.571679090000
0.053882420000 0.994330060000 0.091675580000 0.059042610000
0.174977910000 -0.099790480000 0.979502220000 0.688988830000
0.000000000000 0.000000000000 0.000000000000 1.000000000000
30 56 60
-0.281978570000 -0.912399820000 -0.296672650000 -0.006846750000
-0.189126290000 -0.250292200000 0.949518330000 -1.200171890000
-0.940595200000 0.323852420000 -0.101981750000 2.493684500000
0.000000000000 0.000000000000 0.000000000000 1.000000000000
30 57 60
0.868625930000 0.293830490000 0.398939390000 -0.567507320000
0.450882470000 -0.134960600000 -0.882321160000 1.862313390000
-0.205411760000 0.946281820000 -0.249713300000 3.514563520000
0.000000000000 0.000000000000 0.000000000000 1.000000000000
30 58 60
-0.379364900000 0.727432650000 0.571772690000 -1.421195310000
0.382836930000 0.685996370000 -0.618744590000 1.168115410000
-0.842329010000 -0.015834280000 -0.538731020000 3.505277930000
0.000000000000 0.000000000000 0.000000000000 1.000000000000
30 59 60
0.479863069000 -0.707671495000 -0.518587013000 0.955317063000
-0.289816951000 0.430046780000 -0.855023919000 2.436767210000
0.828092730000 0.560589709000 0.001268372400 3.147541430000
0.000000000000 0.000000000000 0.000000000000 1.000000000000
31 33 60
0.777673200000 0.628005510000 0.028870010000 -0.265256980000
-0.529916390000 0.679531590000 -0.507371100000 0.384877400000
-0.338249930000 0.379270220000 0.861243920000 0.505026310000
0.000000000000 0.000000000000 0.000000000000 1.000000000000
31 34 60
-0.682760870000 0.432885770000 0.588597910000 -2.107021620000
-0.724677140000 -0.503942320000 -0.469984230000 0.926589960000
0.093169920000 -0.747430290000 0.657774520000 0.358543790000
0.000000000000 0.000000000000 0.000000000000 1.000000000000
31 35 60
-0.019485770000 -0.071050980000 0.997282340000 -2.495513170000
-0.128468650000 -0.989025160000 -0.072972830000 0.109094060000
0.991522120000 -0.129541450000 0.010144100000 2.443567200000
0.000000000000 0.000000000000 0.000000000000 1.000000000000
31 36 60
-0.394647430000 -0.853155390000 0.341144090000 -1.452491100000
-0.875428510000 0.236363750000 -0.421612490000 0.355055400000
0.279066870000 -0.465035550000 -0.840156900000 4.609125790000
0.000000000000 0.000000000000 0.000000000000 1.000000000000
31 37 60
-0.254368390000 -0.823169340000 0.507630720000 -1.664272550000
-0.854536300000 -0.054470240000 -0.516527550000 0.692755290000
0.452840410000 -0.565177160000 -0.689572580000 4.273970130000
0.000000000000 0.000000000000 0.000000000000 1.000000000000
31 39 60
-0.999820380000 0.006842260000 -0.017674480000 -0.161766960000
-0.008896560000 0.653996160000 0.756445550000 -2.237754530000
0.016734840000 0.756466920000 -0.653817820000 3.840688450000
0.000000000000 0.000000000000 0.000000000000 1.000000000000
31 40 60
0.972387470000 0.177471580000 -0.151546860000 -0.308212620000
-0.226015130000 0.877923170000 -0.422099590000 0.595188730000
0.058135820000 0.444696230000 0.893792750000 0.220868200000
0.000000000000 0.000000000000 0.000000000000 1.000000000000
31 41 60
0.406339950000 0.403041660000 -0.820027600000 1.297380000000
-0.398792060000 0.885697160000 0.237708710000 -0.526438140000
0.822102630000 0.230429950000 0.520623950000 0.917896360000
0.000000000000 0.000000000000 0.000000000000 1.000000000000
31 42 60
-0.017599870000 0.773215460000 -0.633899120000 1.046072920000
-0.324439700000 0.595274670000 0.735110160000 -2.165485670000
0.945742630000 0.218599890000 0.240385040000 2.036855240000
0.000000000000 0.000000000000 0.000000000000 1.000000000000
31 43 60
-0.021840740000 -0.731932130000 0.681027410000 -2.166733990000
-0.646898680000 -0.509023620000 -0.567817800000 1.606013670000
0.762263130000 -0.452957290000 -0.462368480000 4.369641340000
0.000000000000 0.000000000000 0.000000000000 1.000000000000
31 44 60
0.008157190000 -0.218370650000 0.975831810000 -3.228697060000
0.554385150000 0.813148630000 0.177331350000 -0.993079990000
-0.832220260000 0.539540140000 0.127694450000 2.096040680000
0.000000000000 0.000000000000 0.000000000000 1.000000000000
31 45 60
-0.236452040000 -0.785659890000 0.571689580000 -1.144964040000
-0.417852490000 -0.448965990000 -0.789828360000 2.314741740000
0.877205640000 -0.425638440000 -0.222131020000 3.162757780000
0.000000000000 0.000000000000 0.000000000000 1.000000000000
31 46 60
0.644300850000 -0.091690100000 -0.759255780000 1.632110180000
-0.532901100000 0.658255660000 -0.531710350000 0.222192490000
0.548536990000 0.747189680000 0.375252930000 2.117033180000
0.000000000000 0.000000000000 0.000000000000 1.000000000000
31 47 60
-0.046797380000 -0.444096760000 0.894755870000 -2.838147340000
0.532612060000 0.746692840000 0.398464800000 -1.069657150000
-0.845064730000 0.495204880000 0.201588020000 1.625729100000
0.000000000000 0.000000000000 0.000000000000 1.000000000000
31 48 60
0.457127690000 -0.408585020000 -0.789995290000 1.581220600000
0.390717670000 -0.705679130000 0.591064010000 -1.338912230000
-0.798983090000 -0.578856840000 -0.162944080000 3.264226370000
0.000000000000 0.000000000000 0.000000000000 1.000000000000
31 49 60
-0.478313220000 -0.876933900000 0.046940330000 -0.743979500000
0.446561980000 -0.288900810000 -0.846828620000 1.917487190000
0.756173830000 -0.384087560000 0.529790420000 1.530257300000
0.000000000000 0.000000000000 0.000000000000 1.000000000000
31 50 60
0.992099470000 0.104771180000 0.069004630000 0.141310640000
0.118001820000 -0.966072420000 -0.229738230000 0.015493010000
0.042593520000 0.236065850000 -0.970803120000 4.955814550000
0.000000000000 0.000000000000 0.000000000000 1.000000000000
31 51 60
0.999316370000 0.026751740000 -0.025517240000 -0.047038330000
0.028089700000 -0.998167180000 0.053602770000 -0.388672560000
-0.024036510000 -0.054282890000 -0.998236250000 4.670420240000
0.000000000000 0.000000000000 0.000000000000 1.000000000000
31 52 60
-0.215589870000 -0.661549080000 -0.718243570000 1.026374400000
0.438198310000 0.591777100000 -0.676595970000 0.949602490000
0.872641540000 -0.460600350000 0.162308540000 1.947084670000
0.000000000000 0.000000000000 0.000000000000 1.000000000000
31 53 60
-0.023879020000 0.933712330000 -0.357226910000 -0.187428030000
0.993783800000 -0.016695450000 -0.110068220000 0.007697400000
-0.108736120000 -0.357634640000 -0.927509520000 4.497888650000
0.000000000000 0.000000000000 0.000000000000 1.000000000000
31 54 60
-0.363813950000 0.847218470000 -0.387117920000 0.455989590000
0.931405650000 0.335829580000 -0.140363810000 -0.488453490000
0.011086840000 -0.411630130000 -0.911283550000 5.031473070000
0.000000000000 0.000000000000 0.000000000000 1.000000000000
31 55 60
-0.380922660000 -0.464942990000 0.799203310000 -2.397844220000
0.402067640000 0.695072000000 0.596000450000 -1.592685690000
-0.832610080000 0.548363870000 -0.077830140000 2.446964410000
0.000000000000 0.000000000000 0.000000000000 1.000000000000
31 56 60
0.930668830000 0.234150440000 -0.281121140000 0.321954660000
-0.163270110000 0.953427910000 0.253610110000 -0.650751940000
0.327411660000 -0.190128350000 0.925555410000 1.406606180000
0.000000000000 0.000000000000 0.000000000000 1.000000000000
31 57 60
-0.818660630000 0.166968530000 0.549469090000 -1.325967640000
0.287906930000 -0.708544090000 0.644263050000 -1.657936470000
0.496894740000 0.685628750000 0.531985750000 1.490597750000
0.000000000000 0.000000000000 0.000000000000 1.000000000000
31 58 60
-0.558519590000 -0.828993880000 0.028723000000 -0.921932410000
-0.748395180000 0.488680190000 -0.448437660000 0.439235050000
0.357715710000 -0.271957370000 -0.893352480000 4.967871290000
0.000000000000 0.000000000000 0.000000000000 1.000000000000
31 59 60
0.815290070000 0.126176340000 0.565138600000 -0.961679060000
-0.042343450000 0.986348830000 -0.159132090000 0.463689260000
-0.577502500000 0.105808900000 0.809503150000 0.330304020000
0.000000000000 0.000000000000 0.000000000000 1.000000000000
32 34 60
0.593133010000 -0.443299130000 0.672070770000 -2.274599520000
0.692311340000 0.706942890000 -0.144695400000 0.065319750000
-0.410972310000 0.551105830000 0.726212180000 0.173469920000
0.000000000000 0.000000000000 0.000000000000 1.000000000000
32 35 60
0.454273200000 -0.748227010000 0.483520630000 -1.829906210000
-0.428015450000 -0.659319580000 -0.618142750000 1.680800730000
0.781305720000 0.073851390000 -0.619763940000 4.255066520000
0.000000000000 0.000000000000 0.000000000000 1.000000000000
32 36 60
0.946021340000 0.186233260000 -0.265256100000 0.925375460000
-0.146669080000 0.975825270000 0.162028480000 -0.486038440000
0.289018700000 -0.114377530000 0.950466190000 0.290746450000
0.000000000000 0.000000000000 0.000000000000 1.000000000000
32 39 60
0.445854290000 -0.709681390000 0.545496360000 -1.735763660000
-0.550689260000 -0.697916870000 -0.457879210000 0.865547830000
0.705659470000 -0.096251580000 -0.701983150000 4.423245780000
0.000000000000 0.000000000000 0.000000000000 1.000000000000
32 40 60
-0.879411020000 0.407216720000 -0.246598450000 0.556258740000
0.346231860000 0.191564860000 -0.918382490000 2.220350890000
-0.326741110000 -0.893015930000 -0.309455650000 3.242506190000
0.000000000000 0.000000000000 0.000000000000 1.000000000000
32 41 60
-0.955254420000 0.211965130000 -0.206300190000 0.793456690000
0.195716250000 -0.069991330000 -0.978159680000 2.208354840000
-0.221774970000 -0.974767660000 0.025374500000 2.240965480000
0.000000000000 0.000000000000 0.000000000000 1.000000000000
32 44 60
-0.341043950000 -0.123751280000 0.931866220000 -3.232622150000
-0.755376190000 -0.553978890000 -0.350020290000 0.818633250000
0.559549670000 -0.823281850000 0.095452380000 2.552470670000
0.000000000000 0.000000000000 0.000000000000 1.000000000000
32 47 60
0.867054250000 -0.137596210000 -0.478836320000 0.839121230000
0.198399680000 -0.786253060000 0.585186880000 -1.450495670000
-0.457006020000 -0.602389740000 -0.654425010000 3.846622300000
0.000000000000 0.000000000000 0.000000000000 1.000000000000
32 48 60
0.907677570000 0.377606750000 -0.183124470000 0.393755620000
-0.347583640000 0.920948810000 0.176178600000 -0.867333090000
0.235174490000 -0.096262300000 0.967174510000 -0.104267750000
0.000000000000 0.000000000000 0.000000000000 1.000000000000
32 49 60
0.943164220000 0.323898610000 0.074370280000 0.177391730000
0.329740110000 -0.939956550000 -0.088051980000 0.117171810000
0.041384920000 0.107570340000 -0.993335750000 5.209762640000
0.000000000000 0.000000000000 0.000000000000 1.000000000000
32 50 60
0.647259640000 0.144712648000 0.748407114000 -1.813512980000
0.218184843000 -0.975907462000 0.000005223474 -0.807477645000
0.730376843000 0.163287708000 -0.663239619000 4.367299510000
0.000000000000 0.000000000000 0.000000000000 1.000000000000
32 51 60
0.633600100000 0.768826050000 0.086356350000 -0.776186120000
0.727488310000 -0.630047070000 0.271664230000 -1.225508700000
0.263271100000 -0.109303250000 -0.958509850000 4.644815350000
0.000000000000 0.000000000000 0.000000000000 1.000000000000
32 53 60
-0.338520010000 0.919842140000 -0.198228740000 -0.280172240000
-0.935706560000 -0.306847310000 0.174063090000 -0.854051060000
0.099284620000 0.244407770000 0.964576280000 0.517672810000
0.000000000000 0.000000000000 0.000000000000 1.000000000000
32 54 60
-0.076042280000 -0.954489690000 0.288386910000 -1.316947300000
0.392327130000 0.237253880000 0.888701310000 -2.389928700000
-0.916677150000 0.180720880000 0.356430870000 1.931034980000
0.000000000000 0.000000000000 0.000000000000 1.000000000000
32 55 60
0.977816520000 0.206243350000 0.036586040000 -0.485095220000
0.205112490000 -0.978202070000 0.032397240000 -0.356388320000
0.042470250000 -0.024174300000 -0.998805230000 4.246104320000
0.000000000000 0.000000000000 0.000000000000 1.000000000000
32 56 60
0.971144630000 0.224882510000 -0.079410160000 0.075694260000
-0.002951910000 -0.321608860000 -0.946868010000 1.846306520000
-0.238473060000 0.919780190000 -0.311664890000 2.762834810000
0.000000000000 0.000000000000 0.000000000000 1.000000000000
32 58 60
0.529938890000 0.743944350000 0.407076880000 -1.118897820000
0.844967670000 -0.422414110000 -0.328018240000 0.740769520000
-0.072072300000 0.517796420000 -0.852462580000 3.505238990000
0.000000000000 0.000000000000 0.000000000000 1.000000000000
32 59 60
-0.188746780000 -0.285981770000 0.939462120000 -2.781474340000
-0.656602960000 -0.674622170000 -0.337279520000 0.204373860000
0.730237770000 -0.680514030000 -0.060443710000 2.345378960000
0.000000000000 0.000000000000 0.000000000000 1.000000000000
33 35 60
0.725198570000 -0.147598840000 -0.672533730000 1.556438130000
0.440955340000 0.849728330000 0.288998530000 -1.187962620000
0.528815120000 -0.506138660000 0.681306260000 1.631202880000
0.000000000000 0.000000000000 0.000000000000 1.000000000000
33 36 60
-0.805623630000 -0.355617520000 0.473821430000 -2.106475860000
0.245150940000 0.527991730000 0.813096400000 -1.610570200000
-0.539325120000 0.771207440000 -0.338182650000 3.109910610000
0.000000000000 0.000000000000 0.000000000000 1.000000000000
33 37 60
0.812200660000 0.239101210000 -0.532128460000 1.381422480000
0.196149520000 0.747118220000 0.635090340000 -1.084866870000
0.549413730000 -0.620197530000 0.559910320000 1.041617340000
0.000000000000 0.000000000000 0.000000000000 1.000000000000
33 38 60
0.911502700000 -0.274501570000 0.306286980000 -1.225575480000
0.230113830000 0.957590440000 0.173401780000 -0.738509710000
-0.340896540000 -0.087575330000 0.936012880000 1.217404520000
0.000000000000 0.000000000000 0.000000000000 1.000000000000
33 39 60
0.180769150000 0.231412170000 -0.955913660000 1.410911120000
-0.306911420000 0.936664900000 0.168713500000 -0.330926370000
0.934413130000 0.262882620000 0.240343160000 1.399888090000
0.000000000000 0.000000000000 0.000000000000 1.000000000000
33 40 60
-0.424176290000 -0.381819200000 0.821150760000 -2.469616860000
0.335553080000 0.775952120000 0.534137100000 -1.346449970000
-0.841117470000 0.502107960000 -0.201019880000 3.089764920000
0.000000000000 0.000000000000 0.000000000000 1.000000000000
33 41 60
-0.514803330000 0.444260270000 -0.733219170000 1.949262950000
0.285651390000 -0.717498340000 -0.635294750000 2.195782630000
-0.808319750000 -0.536496930000 0.242466970000 2.736234830000
0.000000000000 0.000000000000 0.000000000000 1.000000000000
33 42 60
0.548639720000 -0.397782450000 0.735366290000 -2.238263180000
0.309821060000 0.913672750000 0.263083650000 -0.191017060000
-0.776534200000 0.083493820000 0.624518540000 0.592929050000
0.000000000000 0.000000000000 0.000000000000 1.000000000000
33 43 60
-0.581111950000 -0.138013170000 0.802035700000 -2.630222830000
-0.678389900000 0.626540750000 -0.383710600000 0.835100280000
-0.449550940000 -0.767071740000 -0.457717060000 4.255590470000
0.000000000000 0.000000000000 0.000000000000 1.000000000000
33 44 60
0.841279140000 0.262391230000 0.472652350000 -1.917750820000
0.303628980000 -0.952720540000 -0.011533250000 0.790208570000
0.447279380000 0.153213630000 -0.881173500000 4.788216460000
0.000000000000 0.000000000000 0.000000000000 1.000000000000
33 45 60
0.887079296000 0.438104274000 -0.145447474000 -0.322750365000
0.461615220000 -0.840999103000 0.282191244000 -0.031424879200
0.001307995130 -0.317466777000 -0.948268493000 5.433831680000
0.000000000000 0.000000000000 0.000000000000 1.000000000000
33 46 60
0.870805750000 0.382621190000 -0.308704340000 0.378797630000
0.427298600000 -0.278509980000 0.860144230000 -1.443723730000
0.243132170000 -0.880927470000 -0.406021590000 4.354327900000
0.000000000000 0.000000000000 0.000000000000 1.000000000000
33 47 60
0.602883360000 -0.319200820000 0.731192520000 -1.949711630000
0.366064880000 0.924985440000 0.101972710000 -0.095678300000
-0.708892210000 0.206186250000 0.674506540000 0.797752980000
0.000000000000 0.000000000000 0.000000000000 1.000000000000
33 48 60
0.900810880000 -0.189727210000 0.390567990000 -1.473518260000
0.208892870000 0.977915240000 -0.006748740000 -0.037326340000
-0.380661970000 0.087666200000 0.920549350000 0.424642750000
0.000000000000 0.000000000000 0.000000000000 1.000000000000
33 49 60
0.052137270000 -0.820936440000 0.568634380000 -1.345467070000
-0.912669160000 0.191959920000 0.360813510000 -1.132948630000
-0.405359970000 -0.537786890000 -0.739235110000 3.545299880000
0.000000000000 0.000000000000 0.000000000000 1.000000000000
33 50 60
-0.599371770000 -0.794951330000 -0.093839570000 -0.279430650000
-0.748405770000 0.514934010000 0.418009290000 -0.521968330000
-0.283975860000 0.320773050000 -0.903583070000 4.682910160000
0.000000000000 0.000000000000 0.000000000000 1.000000000000
33 51 60
0.796691410000 0.183725350000 0.575784510000 -1.535534080000
0.146891190000 0.865250310000 -0.479337960000 0.810646010000
-0.586264260000 0.466462100000 0.662349850000 1.635419740000
0.000000000000 0.000000000000 0.000000000000 1.000000000000
33 52 60
-0.136556430000 0.124218400000 -0.982813380000 1.684687780000
-0.720303060000 -0.693548230000 0.012424090000 0.452602960000
-0.680085180000 0.709620070000 0.184183360000 2.885124210000
0.000000000000 0.000000000000 0.000000000000 1.000000000000
33 53 60
0.476800180000 -0.507404690000 0.717775770000 -1.747783230000
0.623224620000 -0.380708130000 -0.683119600000 1.386429960000
0.619881160000 0.773047090000 0.134705390000 2.475257810000
0.000000000000 0.000000000000 0.000000000000 1.000000000000
33 54 60
-0.273427710000 -0.856838260000 -0.437110380000 0.394345380000
0.123971270000 -0.482028760000 0.867340420000 -1.524240790000
-0.953870230000 0.182965770000 0.238023350000 2.430409300000
0.000000000000 0.000000000000 0.000000000000 1.000000000000
33 55 60
0.345507550000 -0.413509830000 0.842397860000 -2.184221120000
0.786642750000 -0.361846560000 -0.500260190000 1.947493390000
0.511681270000 0.835509840000 0.200263790000 2.750913570000
0.000000000000 0.000000000000 0.000000000000 1.000000000000
33 56 60
-0.988334570000 -0.142236770000 0.054437770000 -0.934843260000
-0.046147070000 0.620323640000 0.782987250000 -1.182781420000
-0.145138610000 0.771341230000 -0.619651110000 4.237233400000
0.000000000000 0.000000000000 0.000000000000 1.000000000000
33 57 60
-0.602395790000 -0.752656660000 0.265757900000 -1.076260680000
-0.627262990000 0.240482340000 -0.740749200000 2.042195850000
0.493619740000 -0.612924290000 -0.616979220000 3.820177940000
0.000000000000 0.000000000000 0.000000000000 1.000000000000
33 58 60
0.045945220000 -0.973270240000 -0.225020180000 0.086726670000
0.413522110000 -0.186520740000 0.891184310000 -1.775656600000
-0.909334100000 -0.133996480000 0.393899030000 2.645164440000
0.000000000000 0.000000000000 0.000000000000 1.000000000000
33 59 60
0.797094580000 0.387349720000 -0.463249860000 1.400781570000
0.284721190000 -0.917609140000 -0.277357730000 1.049858620000
-0.532516740000 0.089183290000 -0.841707940000 4.903574460000
0.000000000000 0.000000000000 0.000000000000 1.000000000000
34 36 60
0.999820734000 -0.018929392000 -0.000420889225 -0.030558041300
0.018921468600 0.999719284000 -0.014259399900 0.108746414000
0.000690692845 0.014248879800 0.999898241000 0.373220727000
0.000000000000 0.000000000000 0.000000000000 1.000000000000
34 37 60
0.997687280000 0.030771740000 -0.060606870000 -0.440963510000
0.009316200000 -0.945145650000 -0.326516310000 0.695725030000
-0.067329790000 0.325196540000 -0.943246470000 4.923680270000
0.000000000000 0.000000000000 0.000000000000 1.000000000000
34 38 60
0.717719690000 0.037632390000 0.695314500000 -1.074283170000
-0.150562110000 0.983304300000 0.102194470000 -0.420912530000
-0.679859910000 -0.178035000000 0.711402870000 1.014286970000
0.000000000000 0.000000000000 0.000000000000 1.000000000000
34 39 60
0.456472890000 -0.130128500000 0.880169910000 -2.000357960000
0.047732110000 0.991403930000 0.121819080000 -0.706252360000
-0.888456050000 -0.013594740000 0.458760330000 1.127278060000
0.000000000000 0.000000000000 0.000000000000 1.000000000000
34 40 60
0.124373810000 -0.451938230000 0.883336290000 -1.966945690000
-0.968103510000 -0.250416720000 0.008189220000 -0.050676540000
0.217501150000 -0.856179480000 -0.468668270000 4.104859940000
0.000000000000 0.000000000000 0.000000000000 1.000000000000
34 41 60
0.955384550000 -0.230588530000 0.184578690000 -1.315420460000
0.206098100000 0.968081440000 0.142625020000 -0.018390800000
-0.211574890000 -0.098220420000 0.972413910000 0.198606710000
0.000000000000 0.000000000000 0.000000000000 1.000000000000
34 42 60
0.226023810000 0.570388010000 -0.789664960000 1.965294760000
-0.668122500000 0.680695630000 0.300442650000 -0.968790550000
0.708890370000 0.459685730000 0.534942490000 1.633748400000
0.000000000000 0.000000000000 0.000000000000 1.000000000000
34 43 60
0.996625050000 0.002309080000 -0.082056000000 0.825869250000
-0.012417830000 0.992341600000 -0.122898100000 0.313402430000
0.081143810000 0.123502280000 0.989021170000 -0.169576630000
0.000000000000 0.000000000000 0.000000000000 1.000000000000
34 44 60
0.889261180000 0.223618530000 0.399010420000 -1.453927310000
0.081339870000 0.781128410000 -0.619049460000 1.650973530000
-0.450109300000 0.582952110000 0.676438070000 0.422106370000
0.000000000000 0.000000000000 0.000000000000 1.000000000000
34 45 60
0.629950060000 0.055069750000 -0.774680740000 1.864885080000
-0.578949520000 0.698172950000 -0.421155530000 0.792657470000
0.517668210000 0.713808000000 0.471696690000 1.010941310000
0.000000000000 0.000000000000 0.000000000000 1.000000000000
34 46 60
0.759332040000 -0.080651560000 0.645685810000 -1.106927280000
-0.562695520000 -0.579717050000 0.589323240000 -1.644564150000
0.326785240000 -0.810816540000 -0.485580010000 4.508961480000
0.000000000000 0.000000000000 0.000000000000 1.000000000000
34 47 60
-0.020368480000 0.177081930000 -0.983985320000 2.086193290000
0.550234160000 -0.819748960000 -0.158915140000 0.757830370000
-0.834761940000 -0.544659190000 -0.080739490000 2.895905930000
0.000000000000 0.000000000000 0.000000000000 1.000000000000
34 48 60
0.977446820000 0.211130910000 0.004631570000 0.143648420000
-0.210752190000 0.976622280000 -0.042337280000 -0.082991180000
-0.013462010000 0.040406320000 0.999092640000 0.031225200000
0.000000000000 0.000000000000 0.000000000000 1.000000000000
34 49 60
0.674213170000 0.641173690000 -0.366514530000 1.747994520000
0.711249090000 -0.430048890000 0.556041980000 -1.287815960000
0.198900320000 -0.635573960000 -0.745978830000 4.432405830000
0.000000000000 0.000000000000 0.000000000000 1.000000000000
34 50 60
0.805580000000 0.197466610000 0.558612390000 -1.729652150000
-0.277176520000 0.958896320000 0.060753850000 -0.157709750000
-0.523654510000 -0.203776330000 0.827200800000 0.689896080000
0.000000000000 0.000000000000 0.000000000000 1.000000000000
34 51 60
0.889678050000 0.203402840000 0.408778990000 -0.877701370000
-0.157825140000 0.977102150000 -0.142697630000 0.521641550000
-0.428443930000 0.062439350000 0.901408410000 0.773924130000
0.000000000000 0.000000000000 0.000000000000 1.000000000000
34 52 60
0.743309410000 -0.530510770000 0.407491640000 -0.663157130000
0.521054040000 0.077140770000 -0.850030580000 1.477150050000
0.419516160000 0.844160900000 0.333764240000 1.920414250000
0.000000000000 0.000000000000 0.000000000000 1.000000000000
34 53 60
0.473054770000 0.516234110000 0.713947850000 -1.230241920000
-0.868295490000 0.410472040000 0.278524060000 -0.455731350000
-0.149272000000 -0.751674830000 0.642419510000 1.725841560000
0.000000000000 0.000000000000 0.000000000000 1.000000000000
34 54 60
-0.722684050000 -0.556500110000 0.409921200000 -0.871583670000
-0.627499030000 0.279607960000 -0.726680370000 1.531005740000
0.289780470000 -0.782385470000 -0.551271490000 3.681430070000
0.000000000000 0.000000000000 0.000000000000 1.000000000000
34 55 60
0.426616940000 0.731291310000 0.532175730000 -0.370207250000
-0.898819950000 0.408256170000 0.159529300000 -0.914920500000
-0.100601640000 -0.546388070000 0.831468210000 0.631680810000
0.000000000000 0.000000000000 0.000000000000 1.000000000000
34 56 60
0.989900710000 -0.012719550000 -0.141190650000 0.271772190000
0.035710210000 -0.941476010000 0.335183090000 -0.296829890000
-0.137190990000 -0.336839930000 -0.931513550000 4.042051240000
0.000000000000 0.000000000000 0.000000000000 1.000000000000
34 57 60
0.069620270000 -0.984232100000 0.162604390000 -0.242765450000
-0.668798750000 -0.166993130000 -0.724445670000 1.654988290000
0.740176500000 -0.058313510000 -0.669879300000 3.818847450000
0.000000000000 0.000000000000 0.000000000000 1.000000000000
34 58 60
-0.927291500000 0.363508220000 -0.089399320000 0.607313140000
-0.297991010000 -0.572262810000 0.764013510000 -1.840014860000
0.226565280000 0.735103430000 0.638976620000 1.360131110000
0.000000000000 0.000000000000 0.000000000000 1.000000000000
34 59 60
0.502766010000 -0.826660420000 0.252703150000 -0.342855300000
0.806017090000 0.553950170000 0.208508190000 -0.208569950000
-0.312350430000 0.098852230000 0.944809740000 0.642808800000
0.000000000000 0.000000000000 0.000000000000 1.000000000000
35 37 60
0.399044060000 -0.836622570000 0.375268600000 -1.514130110000
-0.438848640000 0.185090090000 0.879291490000 -1.033089980000
-0.805093610000 -0.515562160000 -0.293291570000 3.359211470000
0.000000000000 0.000000000000 0.000000000000 1.000000000000
35 38 60
0.866867160000 0.467922750000 -0.172016330000 0.506861830000
-0.498030430000 0.828384590000 -0.256407240000 1.094549790000
0.022516900000 0.307940380000 0.951139170000 0.504228550000
0.000000000000 0.000000000000 0.000000000000 1.000000000000
35 39 60
0.744184000000 -0.538335310000 0.395455780000 -1.195310610000
-0.664782640000 -0.654696020000 0.359773770000 -0.944171710000
0.065224400000 -0.530630020000 -0.845090260000 5.489916000000
0.000000000000 0.000000000000 0.000000000000 1.000000000000
35 40 60
0.952028780000 0.017952130000 -0.305481470000 0.778420390000
0.006723650000 0.996809530000 0.079533360000 0.416219380000
0.305934640000 -0.077772000000 0.948870650000 0.178020480000
0.000000000000 0.000000000000 0.000000000000 1.000000000000
35 41 60
0.916028250000 -0.386184360000 -0.108415320000 -0.196874670000
0.063162200000 0.405789210000 -0.911781580000 2.131870170000
0.396109550000 0.828369940000 0.396106640000 2.119309490000
0.000000000000 0.000000000000 0.000000000000 1.000000000000
35 42 60
-0.824572720000 -0.398678090000 0.401417010000 -1.697452570000
-0.537729210000 0.331726490000 -0.775116010000 2.537011920000
0.175861110000 -0.854993170000 -0.487913470000 4.008596040000
0.000000000000 0.000000000000 0.000000000000 1.000000000000
35 43 60
0.264375240000 -0.919948760000 -0.289482300000 0.665155240000
0.871023250000 0.356624580000 -0.337842270000 0.670076680000
0.414034090000 -0.162828680000 0.895579470000 0.747827660000
0.000000000000 0.000000000000 0.000000000000 1.000000000000
35 44 60
-0.643153340000 -0.431880320000 0.632323630000 -1.958395230000
-0.619722170000 -0.191465510000 -0.761108000000 2.792130760000
0.449775730000 -0.881374120000 -0.144504130000 3.247937760000
0.000000000000 0.000000000000 0.000000000000 1.000000000000
35 45 60
0.804691310000 -0.024020790000 0.593207300000 -1.924664100000
-0.571010920000 -0.304863070000 0.762236870000 -1.677985560000
0.162537460000 -0.952093230000 -0.259036800000 4.253325510000
0.000000000000 0.000000000000 0.000000000000 1.000000000000
35 46 60
-0.983283680000 0.127222020000 -0.130260330000 0.253272650000
0.108178870000 0.983633630000 0.144090970000 -0.403515610000
0.146459990000 0.127590880000 -0.980953640000 5.463870900000
0.000000000000 0.000000000000 0.000000000000 1.000000000000
35 47 60
0.790055950000 -0.040357680000 -0.611704870000 1.209182950000
0.524746950000 -0.471362520000 0.708842730000 -0.628831990000
-0.316941990000 -0.881015680000 -0.351225200000 3.740533400000
0.000000000000 0.000000000000 0.000000000000 1.000000000000
35 48 60
-0.329596910000 -0.722728090000 0.607478380000 -2.284809520000
-0.734120110000 -0.208401880000 -0.646247880000 2.061187480000
0.593661130000 -0.658963400000 -0.461880610000 4.288652690000
0.000000000000 0.000000000000 0.000000000000 1.000000000000
35 49 60
-0.504599590000 -0.542488690000 0.671628820000 -2.192811250000
0.700676090000 0.197182030000 0.685691080000 -1.026002790000
-0.504412790000 0.816593690000 0.280610890000 1.983949950000
0.000000000000 0.000000000000 0.000000000000 1.000000000000
35 50 60
-0.099100730000 -0.677753560000 0.728580230000 -1.943630010000
-0.398052430000 -0.644050560000 -0.653263460000 1.448603810000
0.911994140000 -0.354752020000 -0.205955570000 3.264817970000
0.000000000000 0.000000000000 0.000000000000 1.000000000000
35 51 60
0.220037480000 -0.372753870000 0.901464400000 -2.111366390000
-0.079377180000 0.914206840000 0.397397940000 -0.207537150000
-0.972256540000 -0.158998140000 0.171571620000 2.306574480000
0.000000000000 0.000000000000 0.000000000000 1.000000000000
35 52 60
-0.068579120000 0.115958170000 -0.990883750000 1.986224710000
0.069540050000 0.991361920000 0.111201260000 0.255325050000
0.995219110000 -0.061280020000 -0.076050470000 2.257254450000
0.000000000000 0.000000000000 0.000000000000 1.000000000000
35 53 60
0.361512850000 -0.672805420000 -0.645477600000 0.337110220000
0.911901630000 0.110890250000 0.395143990000 -0.709307970000
-0.194277850000 -0.731461700000 0.653620610000 2.089866710000
0.000000000000 0.000000000000 0.000000000000 1.000000000000
35 54 60
0.982575930000 -0.180447410000 0.044533870000 -0.581110120000
-0.171893520000 -0.791128450000 0.586999480000 -0.264728720000
-0.070690530000 -0.584426650000 -0.808361520000 4.467976410000
0.000000000000 0.000000000000 0.000000000000 1.000000000000
35 55 60
0.848036950000 0.319319720000 0.422928180000 -0.558342340000
-0.244610200000 0.943834070000 -0.222133080000 0.569738670000
-0.470105500000 0.084924520000 0.878515020000 1.109792600000
0.000000000000 0.000000000000 0.000000000000 1.000000000000
35 56 60
0.018896120000 0.751833560000 0.659082110000 -1.838838080000
0.971849880000 -0.168647160000 0.164517290000 0.331952500000
0.234841940000 0.637420130000 -0.733856140000 4.400992490000
0.000000000000 0.000000000000 0.000000000000 1.000000000000
35 57 60
-0.454470960000 0.883684470000 -0.112062060000 -0.220008640000
0.854672380000 0.468040320000 0.224662830000 0.745950550000
0.250980610000 0.006326380000 -0.967971440000 4.775595590000
0.000000000000 0.000000000000 0.000000000000 1.000000000000
35 58 60
-0.709156570000 0.488542050000 0.508353840000 -1.833396540000
0.415102660000 0.872112880000 -0.259053870000 0.306568030000
-0.569900630000 0.027309280000 -0.821259680000 4.679301790000
0.000000000000 0.000000000000 0.000000000000 1.000000000000
35 59 60
0.918411530000 -0.059996460000 -0.391050740000 1.284001030000
0.286218320000 0.783146250000 0.552051650000 -0.402269330000
0.273128780000 -0.618936490000 0.736422630000 0.605622200000
0.000000000000 0.000000000000 0.000000000000 1.000000000000
36 38 60
-0.726091340000 0.266614460000 -0.633804460000 1.818124830000
-0.634025050000 0.097104190000 0.767191640000 -2.029888620000
0.266089450000 0.958899110000 0.098533740000 2.445038150000
0.000000000000 0.000000000000 0.000000000000 1.000000000000
36 40 60
0.898066640000 0.394655830000 -0.194224320000 0.115298240000
-0.236658400000 0.805733780000 0.542941880000 -1.702705380000
0.370768270000 -0.441633170000 0.817001240000 0.033212570000
0.000000000000 0.000000000000 0.000000000000 1.000000000000
36 41 60
-0.943162060000 0.332197260000 -0.009503650000 0.156323300000
-0.062660920000 -0.205842910000 -0.976576830000 2.478556160000
-0.326372400000 -0.920474700000 0.214959010000 1.837585740000
0.000000000000 0.000000000000 0.000000000000 1.000000000000
36 42 60
0.180746760000 0.442292090000 -0.878469300000 2.242099280000
-0.385607870000 0.853537630000 0.350399910000 -0.762540960000
0.904785710000 0.275411020000 0.324825470000 1.798217560000
0.000000000000 0.000000000000 0.000000000000 1.000000000000
36 43 60
-0.684921900000 0.567051570000 -0.457530890000 1.466276850000
0.407015270000 -0.223068010000 -0.885764770000 2.483319040000
-0.604334810000 -0.792901750000 -0.078014480000 2.938806380000
0.000000000000 0.000000000000 0.000000000000 1.000000000000
36 44 60
0.828306910000 0.342302900000 -0.443549750000 0.735256410000
-0.481778900000 0.839276990000 -0.251998440000 0.336508100000
0.286001300000 0.422424960000 0.860093250000 -0.202732570000
0.000000000000 0.000000000000 0.000000000000 1.000000000000
36 45 60
-0.714785620000 0.108129010000 0.690933890000 -1.305770750000
-0.585313340000 -0.633199690000 -0.506425160000 1.832910760000
0.382739870000 -0.766398250000 0.515891380000 1.134945230000
0.000000000000 0.000000000000 0.000000000000 1.000000000000
36 46 60
0.206235150000 0.007366940000 0.978474730000 -2.224623260000
0.738282640000 0.655106950000 -0.160541670000 0.026182100000
-0.642188290000 0.755500240000 0.129667200000 1.588755480000
0.000000000000 0.000000000000 0.000000000000 1.000000000000
36 47 60
0.458976790000 -0.699065420000 0.548313640000 -0.855171610000
-0.751122090000 -0.634934290000 -0.180759680000 0.491739380000
0.474505980000 -0.328885990000 -0.816503570000 4.585356480000
0.000000000000 0.000000000000 0.000000000000 1.000000000000
36 48 60
0.671542490000 0.737830390000 0.068095540000 -0.019623470000
-0.736517550000 0.654630810000 0.170295040000 -1.061219150000
0.081071410000 -0.164513920000 0.983037430000 0.001176570000
0.000000000000 0.000000000000 0.000000000000 1.000000000000
36 49 60
-0.805265100000 0.344550980000 0.482527460000 -0.573572310000
0.486270030000 0.849427760000 0.204973040000 -0.589416100000
-0.339248560000 0.399696280000 -0.851559340000 3.833364270000
0.000000000000 0.000000000000 0.000000000000 1.000000000000
36 50 60
-0.256309470000 0.625076310000 0.737282210000 -1.524088510000
-0.665258810000 -0.667441420000 0.334593300000 -0.771248520000
0.701239030000 -0.404724050000 0.586909080000 1.190281570000
0.000000000000 0.000000000000 0.000000000000 1.000000000000
36 51 60
-0.951558110000 -0.288535300000 -0.106228770000 0.783565910000
-0.202104590000 0.326589700000 0.923305420000 -2.466694640000
-0.231712980000 0.900048080000 -0.369083380000 3.549101930000
0.000000000000 0.000000000000 0.000000000000 1.000000000000
36 52 60
0.088068260000 -0.994727850000 0.052540390000 0.092534910000
0.309442530000 -0.022815450000 -0.950644400000 1.513534430000
0.946831190000 0.099979830000 0.305801790000 1.564632280000
0.000000000000 0.000000000000 0.000000000000 1.000000000000
36 53 60
-0.117258600000 0.924775310000 0.361995910000 -0.420447380000
0.950713990000 0.209887430000 -0.228232730000 -0.231085890000
-0.287042390000 0.317392320000 -0.903807930000 4.277560530000
0.000000000000 0.000000000000 0.000000000000 1.000000000000
36 54 60
-0.393446810000 0.686181340000 -0.611845390000 1.592139850000
0.914654880000 0.225005480000 -0.335825830000 -0.023547860000
-0.092768850000 -0.691756970000 -0.716146800000 4.119800400000
0.000000000000 0.000000000000 0.000000000000 1.000000000000
36 55 60
-0.665429100000 0.340457720000 0.664298620000 -1.321129210000
-0.687359090000 -0.626523680000 -0.367431020000 0.467115700000
0.291104090000 -0.701110990000 0.650923800000 1.327298530000
0.000000000000 0.000000000000 0.000000000000 1.000000000000
36 56 60
0.855302550000 -0.223441460000 0.467473480000 -0.498835370000
0.356114140000 0.908863340000 -0.217140830000 0.860028470000
-0.376351250000 0.352195030000 0.856923800000 0.416952170000
0.000000000000 0.000000000000 0.000000000000 1.000000000000
36 57 60
0.961292350000 0.269971760000 -0.055066010000 0.238197970000
0.074535860000 -0.447203280000 -0.891321290000 1.342722130000
-0.265257280000 0.852715940000 -0.450015660000 3.718404370000
0.000000000000 0.000000000000 0.000000000000 1.000000000000
36 58 60
-0.961996200000 -0.262588370000 -0.074904290000 0.687181780000
-0.120436800000 0.654210010000 -0.746662070000 1.040478110000
0.245067910000 -0.709264840000 -0.660972850000 3.824946330000
0.000000000000 0.000000000000 0.000000000000 1.000000000000
36 59 60
-0.325893160000 -0.941796630000 -0.082539370000 0.349646690000
0.903969000000 -0.335983550000 0.264490250000 -0.682674850000
-0.276827900000 0.011582530000 0.960849710000 0.133514760000
0.000000000000 0.000000000000 0.000000000000 1.000000000000
37 40 60
-0.076261180000 -0.411404900000 0.908256700000 -1.528434370000
-0.760072720000 -0.565584010000 -0.320006530000 0.939090960000
0.645347730000 -0.714745220000 -0.269565540000 2.814891330000
0.000000000000 0.000000000000 0.000000000000 1.000000000000
37 41 60
0.920110240000 -0.269420180000 0.284270860000 -0.732711360000
-0.330594330000 -0.923439920000 0.194848950000 -0.608884290000
0.210010820000 -0.273260840000 -0.938735300000 4.475940630000
0.000000000000 0.000000000000 0.000000000000 1.000000000000
37 42 60
0.030823340000 -0.406057160000 0.913327710000 -1.791573570000
-0.791966520000 -0.567385790000 -0.225526940000 0.363720670000
0.609785990000 -0.716373470000 -0.339072400000 2.862538980000
0.000000000000 0.000000000000 0.000000000000 1.000000000000
37 43 60
-0.916520100000 0.155273340000 0.368620540000 -1.439367560000
0.395211340000 0.493546900000 0.774738320000 -2.415041770000
-0.061635320000 0.855746250000 -0.513711440000 3.311431990000
0.000000000000 0.000000000000 0.000000000000 1.000000000000
37 44 60
0.503189850000 -0.058538000000 -0.862190980000 1.807807430000
0.470213470000 -0.818535290000 0.329998890000 -1.105954910000
-0.725051220000 -0.571465900000 -0.384353290000 3.769702170000
0.000000000000 0.000000000000 0.000000000000 1.000000000000
37 45 60
0.503880350000 0.357467930000 -0.786334070000 2.199296780000
0.636416840000 -0.769149690000 0.058157970000 -0.221408700000
-0.584019000000 -0.529740910000 -0.615058030000 4.070188850000
0.000000000000 0.000000000000 0.000000000000 1.000000000000
37 46 60
0.561067030000 -0.118917550000 0.819183980000 -2.087377680000
-0.632889000000 -0.699480710000 0.331931080000 -1.004281470000
0.533530970000 -0.704688120000 -0.467717180000 3.753009510000
0.000000000000 0.000000000000 0.000000000000 1.000000000000
37 47 60
0.486938720000 -0.476492970000 0.732014430000 -1.884149530000
-0.733078670000 -0.678591360000 0.045928560000 -0.271218460000
0.474854030000 -0.558988560000 -0.679739240000 4.090137410000
0.000000000000 0.000000000000 0.000000000000 1.000000000000
37 49 60
-0.787565330000 -0.145496880000 0.598808410000 -1.164388880000
-0.252493710000 -0.810221210000 -0.528950400000 0.753217040000
0.562127910000 -0.567778350000 0.601365080000 1.130743680000
0.000000000000 0.000000000000 0.000000000000 1.000000000000
37 50 60
0.592731080000 -0.041753270000 -0.804317430000 1.653447510000
-0.478545110000 0.784999850000 -0.393407940000 0.373699740000
0.647815130000 0.618087290000 0.445312980000 0.934446650000
0.000000000000 0.000000000000 0.000000000000 1.000000000000
37 51 60
0.621109940000 -0.769968380000 -0.146188730000 -0.199240010000
-0.442509010000 -0.498491590000 0.745447460000 -1.763084990000
-0.646844820000 -0.398315000000 -0.650336020000 4.180025850000
0.000000000000 0.000000000000 0.000000000000 1.000000000000
37 52 60
0.826561720000 -0.419112820000 0.375686260000 -0.799908050000
0.382954880000 -0.070390910000 -0.921081260000 1.487337990000
0.412481860000 0.905201390000 0.102318870000 1.685475250000
0.000000000000 0.000000000000 0.000000000000 1.000000000000
37 53 60
-0.855087910000 -0.071745900000 -0.513495080000 1.395439040000
-0.367901690000 -0.613893290000 0.698414900000 -1.569675250000
-0.365339590000 0.786121850000 0.498537290000 1.236215340000
0.000000000000 0.000000000000 0.000000000000 1.000000000000
37 54 60
0.316863250000 -0.912705940000 0.258003000000 -0.837855830000
-0.238921940000 -0.340056660000 -0.909548120000 1.776714280000
0.917885610000 0.226559800000 -0.325816930000 2.307404480000
0.000000000000 0.000000000000 0.000000000000 1.000000000000
37 55 60
-0.591125540000 0.798466680000 0.114112040000 -1.039544700000
-0.800139680000 -0.598349690000 0.041882460000 -0.659610530000
0.101720650000 -0.066547780000 0.992584660000 0.134419700000
0.000000000000 0.000000000000 0.000000000000 1.000000000000
37 56 60
0.981311650000 -0.156167170000 0.112424450000 0.113167280000
0.190590360000 0.869302250000 -0.456058020000 0.173247530000
-0.026509530000 0.468962060000 0.882820380000 1.106734700000
0.000000000000 0.000000000000 0.000000000000 1.000000000000
37 57 60
-0.917618440000 0.045668230000 0.394830100000 -0.746748180000
0.199776750000 -0.805781570000 0.557499160000 -1.557142640000
0.343606820000 0.590449380000 0.730276580000 0.727084700000
0.000000000000 0.000000000000 0.000000000000 1.000000000000
37 58 60
0.930005200000 -0.356576610000 0.089126080000 0.480666170000
-0.363463270000 -0.856180830000 0.367217710000 -0.910611870000
-0.054633200000 -0.373908430000 -0.925855120000 4.809594560000
0.000000000000 0.000000000000 0.000000000000 1.000000000000
37 59 60
0.835211370000 0.452469680000 0.312559050000 0.193195900000
0.170109280000 -0.753056410000 0.635585460000 -1.866148300000
0.522957740000 -0.477679000000 -0.705930570000 3.824647920000
0.000000000000 0.000000000000 0.000000000000 1.000000000000
38 40 60
-0.878080850000 -0.477378660000 0.032918560000 0.538581680000
0.280207580000 -0.457204060000 0.844066440000 -2.775089200000
-0.387888800000 0.750382610000 0.535227250000 1.254805980000
0.000000000000 0.000000000000 0.000000000000 1.000000000000
38 41 60
0.866956020000 0.235554540000 -0.439205320000 1.685580890000
-0.279268700000 0.959513380000 -0.036647880000 0.399954230000
0.412790800000 0.154428390000 0.897638920000 0.105667660000
0.000000000000 0.000000000000 0.000000000000 1.000000000000
38 42 60
-0.561715080000 -0.413084520000 0.716824490000 -1.457099080000
-0.608450500000 -0.380823000000 -0.696248400000 1.579717280000
0.560592690000 -0.827245440000 -0.037427460000 2.387424310000
0.000000000000 0.000000000000 0.000000000000 1.000000000000
38 43 60
-0.156974740000 -0.265848810000 0.951148430000 -2.825879200000
-0.566993120000 -0.764295940000 -0.307197860000 0.973021900000
0.808627070000 -0.587516920000 -0.030759290000 2.877069730000
0.000000000000 0.000000000000 0.000000000000 1.000000000000
38 44 60
0.027165220000 0.383455840000 0.923159610000 -2.934591990000
-0.600582350000 -0.731982150000 0.321718780000 -0.739869260000
0.799101300000 -0.563172930000 0.210412360000 1.967196130000
0.000000000000 0.000000000000 0.000000000000 1.000000000000
38 45 60
-0.410513400000 0.651312310000 -0.638177890000 1.798895570000
0.315261280000 -0.555332160000 -0.769556050000 2.542511930000
-0.855622040000 -0.517105850000 0.022637740000 2.731797520000
0.000000000000 0.000000000000 0.000000000000 1.000000000000
38 46 60
-0.889369330000 -0.405922950000 -0.210353880000 1.105755040000
-0.012973130000 -0.437510230000 0.899119840000 -3.007486000000
-0.457005360000 0.802378560000 0.383842090000 1.448969220000
0.000000000000 0.000000000000 0.000000000000 1.000000000000
38 48 60
-0.919263520000 -0.245452440000 -0.307746130000 0.785709520000
-0.392549650000 0.629827150000 0.670240650000 -2.467675980000
0.029314670000 0.736933410000 -0.675329400000 4.409604140000
0.000000000000 0.000000000000 0.000000000000 1.000000000000
38 49 60
0.706689520000 -0.561367080000 -0.430647090000 0.859129560000
0.635031040000 0.771637000000 0.036220300000 -0.275601250000
0.311970340000 -0.299070780000 0.901793310000 -0.590992940000
0.000000000000 0.000000000000 0.000000000000 1.000000000000
38 50 60
0.525008340000 0.276024020000 -0.805094390000 1.635882180000
0.656277410000 -0.733597000000 0.176452250000 -0.333316850000
-0.541909770000 -0.621004170000 -0.566292880000 3.675794370000
0.000000000000 0.000000000000 0.000000000000 1.000000000000
38 51 60
0.722298620000 0.363502220000 -0.588345850000 1.247379360000
-0.571234610000 0.793131890000 -0.211264800000 0.533599440000
0.389840630000 0.488679790000 0.780523130000 0.115282050000
0.000000000000 0.000000000000 0.000000000000 1.000000000000
38 52 60
0.063648100000 0.974346170000 -0.215866760000 0.285671520000
0.997895430000 -0.059449980000 0.025892300000 -0.452436770000
0.012394790000 -0.217060450000 -0.976079470000 4.143166060000
0.000000000000 0.000000000000 0.000000000000 1.000000000000
38 53 60
-0.355269170000 -0.479451020000 0.802440370000 -1.062969950000
0.058181800000 0.845435290000 0.530899280000 -1.510001660000
-0.932951600000 0.235299570000 -0.272461770000 2.869865850000
0.000000000000 0.000000000000 0.000000000000 1.000000000000
38 54 60
-0.406140060000 -0.785514980000 -0.466922340000 1.262709540000
-0.155223450000 -0.444233380000 0.882361820000 -1.943652470000
-0.900530920000 0.430839780000 0.058490620000 2.918420310000
0.000000000000 0.000000000000 0.000000000000 1.000000000000
38 55 60
0.287439610000 0.957688520000 0.014531870000 0.414000830000
-0.956820290000 0.286427290000 0.049541190000 -0.560478680000
0.043282700000 -0.028144490000 0.998666360000 0.125427190000
0.000000000000 0.000000000000 0.000000000000 1.000000000000
38 56 60
0.904453000000 -0.400616940000 -0.146529300000 0.713487870000
0.169418470000 0.652605910000 -0.738513980000 0.842406480000
0.391487100000 0.643126420000 0.658123290000 1.851680480000
0.000000000000 0.000000000000 0.000000000000 1.000000000000
38 57 60
-0.679351120000 0.547229670000 -0.488898500000 1.319965690000
-0.232903490000 -0.792589640000 -0.563522520000 0.130692140000
-0.695872130000 -0.268963490000 0.665898360000 1.578372050000
0.000000000000 0.000000000000 0.000000000000 1.000000000000
38 58 60
-0.035356060000 -0.846063750000 -0.531907960000 1.174490150000
0.698916140000 0.359499750000 -0.618284850000 0.295589300000
0.714329180000 -0.393619170000 0.578617110000 1.417033820000
0.000000000000 0.000000000000 0.000000000000 1.000000000000
38 59 60
0.990229860000 -0.123652970000 0.064457480000 0.225876840000
-0.127361840000 -0.990217000000 0.057002240000 -1.152467730000
0.056778400000 -0.064654750000 -0.996291110000 5.048707060000
0.000000000000 0.000000000000 0.000000000000 1.000000000000
39 41 60
-0.253304130000 0.520049020000 -0.815711980000 2.731846710000
-0.270704770000 0.771419960000 0.575873400000 -1.079100590000
0.928738900000 0.366688230000 -0.054624110000 2.662601530000
0.000000000000 0.000000000000 0.000000000000 1.000000000000
39 42 60
-0.928885460000 0.243873880000 -0.278742420000 1.210215140000
-0.030295370000 0.700058100000 0.713442960000 -1.324674360000
0.369125990000 0.671151390000 -0.642885540000 3.963580990000
0.000000000000 0.000000000000 0.000000000000 1.000000000000
39 43 60
-0.907507480000 0.191019600000 -0.374087800000 1.013279370000
-0.081137690000 0.794113050000 0.602329760000 -1.560894520000
0.412124800000 0.576971380000 -0.705164640000 4.306416890000
0.000000000000 0.000000000000 0.000000000000 1.000000000000
39 44 60
-0.624307290000 -0.232991230000 0.745624230000 -2.492426380000
0.032340540000 0.945958870000 0.322669980000 -1.099324000000
-0.780509120000 0.225559110000 -0.583033960000 3.969176210000
0.000000000000 0.000000000000 0.000000000000 1.000000000000
39 46 60
0.967862340000 0.246611400000 0.049247440000 -0.109742260000
0.247262070000 -0.968919670000 -0.007493050000 0.924572380000
0.045868940000 0.019429270000 -0.998758500000 5.387947190000
0.000000000000 0.000000000000 0.000000000000 1.000000000000
39 47 60
0.736878880000 -0.157543070000 -0.657411360000 1.475005140000
-0.059844890000 0.953446550000 -0.295564310000 0.654870660000
0.673370700000 0.257137800000 0.693146480000 0.993284530000
0.000000000000 0.000000000000 0.000000000000 1.000000000000
39 48 60
-0.078169940000 0.332316360000 -0.939923030000 2.646986260000
-0.324866620000 0.882855450000 0.339157680000 -0.853974520000
0.942523810000 0.331861550000 0.038945730000 2.716633730000
0.000000000000 0.000000000000 0.000000000000 1.000000000000
39 49 60
0.889636030000 -0.365155580000 0.274242850000 0.121187290000
0.347677840000 0.930937850000 0.111690840000 0.034382130000
-0.296087580000 -0.004016030000 0.955152350000 0.016481440000
0.000000000000 0.000000000000 0.000000000000 1.000000000000
39 50 60
0.270935450000 -0.692313760000 0.668801640000 -2.019105300000
0.776503130000 0.567806070000 0.273201680000 -0.646253060000
-0.568890910000 0.445306550000 0.691422590000 1.046378010000
0.000000000000 0.000000000000 0.000000000000 1.000000000000
39 51 60
-0.797397210000 0.150148500000 -0.584476790000 1.506788160000
0.561245300000 -0.171342210000 -0.809719430000 1.993889500000
-0.221723700000 -0.973702870000 0.052357660000 2.301920320000
0.000000000000 0.000000000000 0.000000000000 1.000000000000
39 52 60
0.178690320000 0.937204610000 -0.299528450000 -0.077052760000
-0.982900900000 0.156282630000 -0.097373300000 0.415972880000
-0.044447620000 0.311806450000 0.949105450000 0.550931530000
0.000000000000 0.000000000000 0.000000000000 1.000000000000
39 53 60
-0.292074900000 -0.834606880000 -0.467037050000 1.768941570000
-0.342852270000 -0.364503090000 0.865788550000 -1.116740890000
-0.892829530000 0.412999820000 -0.179684660000 3.610656550000
0.000000000000 0.000000000000 0.000000000000 1.000000000000
39 54 60
-0.781352490000 -0.575743160000 -0.240848720000 1.344628530000
0.005750860000 -0.392545710000 0.919714520000 -1.760319110000
-0.624063480000 0.717236140000 0.310027580000 2.646471300000
0.000000000000 0.000000000000 0.000000000000 1.000000000000
39 56 60
0.867937510000 0.358410850000 0.343840290000 -0.973628990000
0.496398900000 -0.648990890000 -0.576540510000 1.539453760000
0.016510840000 0.671083070000 -0.741198290000 3.499246580000
0.000000000000 0.000000000000 0.000000000000 1.000000000000
39 57 60
0.933232980000 -0.272307630000 0.234360340000 -0.353950280000
-0.176910940000 0.219449960000 0.959449970000 -1.364507460000
-0.312695910000 -0.936851250000 0.156623740000 2.261064120000
0.000000000000 0.000000000000 0.000000000000 1.000000000000
39 58 60
-0.471743650000 0.808162340000 0.352606810000 -0.996831730000
-0.094706160000 0.351145850000 -0.931518830000 2.362188820000
-0.876634860000 -0.472832130000 -0.089112880000 2.822458820000
0.000000000000 0.000000000000 0.000000000000 1.000000000000
39 59 60
-0.428865150000 -0.297900160000 0.852836550000 -2.276404970000
-0.893174170000 0.281256820000 -0.350905250000 0.207337230000
-0.135331360000 -0.912222610000 -0.386697980000 3.927089020000
0.000000000000 0.000000000000 0.000000000000 1.000000000000
40 42 60
0.607864350000 0.360826950000 -0.707322300000 2.014979200000
-0.272907860000 0.931459740000 0.240632620000 -0.392130800000
0.745668980000 0.046761820000 0.664673680000 1.153792820000
0.000000000000 0.000000000000 0.000000000000 1.000000000000
40 43 60
-0.697825850000 0.715792100000 0.026091140000 0.607972360000
0.611235330000 0.576112910000 0.542664990000 -1.779577260000
0.373403870000 0.394633490000 -0.839543900000 4.579460960000
0.000000000000 0.000000000000 0.000000000000 1.000000000000
40 44 60
0.812806617000 -0.503741618000 -0.292557321000 1.132535220000
-0.474700076000 -0.863852384000 0.168579048000 0.450854292000
-0.337646622000 0.001854817350 -0.941271118000 4.818145070000
0.000000000000 0.000000000000 0.000000000000 1.000000000000
40 45 60
-0.937452440000 -0.316521610000 0.144903370000 0.157555580000
-0.206597780000 0.170846110000 -0.963394500000 2.153637710000
0.280179000000 -0.933073240000 -0.225552770000 4.254389860000
0.000000000000 0.000000000000 0.000000000000 1.000000000000
40 46 60
-0.251285690000 0.012090160000 -0.967837450000 2.725242180000
-0.019446420000 -0.999783220000 -0.007440230000 0.950704880000
-0.967717590000 0.016951350000 0.251466320000 1.317401600000
0.000000000000 0.000000000000 0.000000000000 1.000000000000
40 47 60
-0.879202960000 0.222577660000 -0.421261600000 0.892239930000
-0.069116590000 0.815236320000 0.574989250000 -1.316929060000
0.471407520000 0.534648420000 -0.701374380000 4.292760050000
0.000000000000 0.000000000000 0.000000000000 1.000000000000
40 49 60
0.948005240000 -0.313228030000 0.056340580000 -0.044557640000
0.311466040000 0.949499070000 0.037952790000 0.019480710000
-0.065383210000 -0.018431260000 0.997689990000 0.015082910000
0.000000000000 0.000000000000 0.000000000000 1.000000000000
40 50 60
0.909256420000 -0.051096180000 0.413088290000 -0.799182150000
0.063235860000 0.997874170000 -0.015759460000 0.332965960000
-0.411404890000 0.040451390000 0.910554610000 -0.187269540000
0.000000000000 0.000000000000 0.000000000000 1.000000000000
40 51 60
-0.896322600000 0.038471100000 -0.441730430000 1.758133530000
-0.412365360000 0.293843300000 0.862328780000 -1.862801870000
0.162974260000 0.955079100000 -0.247514240000 2.828113740000
0.000000000000 0.000000000000 0.000000000000 1.000000000000
40 52 60
-0.001711210000 0.941532430000 0.336918040000 -1.127827800000
-0.995164220000 -0.034692260000 0.091894630000 0.600980990000
0.098210220000 -0.335131530000 0.937038750000 0.625817990000
0.000000000000 0.000000000000 0.000000000000 1.000000000000
40 53 60
0.932953380000 -0.347579410000 -0.093736550000 0.393566570000
0.098528010000 0.496972570000 -0.862154570000 1.778533410000
0.346251670000 0.795114340000 0.497898550000 1.144930120000
0.000000000000 0.000000000000 0.000000000000 1.000000000000
40 54 60
0.539862500000 -0.713952930000 0.445892010000 -0.930187530000
-0.470765150000 0.183042700000 0.863061720000 -1.191208350000
-0.697802730000 -0.675845080000 -0.237286270000 3.615166420000
0.000000000000 0.000000000000 0.000000000000 1.000000000000
40 55 60
0.996866270000 0.068354520000 -0.039815880000 0.343240670000
-0.063844160000 0.992394440000 0.105248230000 -0.197979670000
0.046707250000 -0.102376400000 0.993648580000 0.322888190000
0.000000000000 0.000000000000 0.000000000000 1.000000000000
40 56 60
0.922892110000 0.222913370000 0.313974180000 0.096406650000
-0.343399050000 0.845359050000 0.409200650000 -0.523436260000
-0.174204620000 -0.485466480000 0.856723430000 1.322308960000
0.000000000000 0.000000000000 0.000000000000 1.000000000000
40 57 60
0.494845380000 -0.757106820000 -0.426517660000 1.319457580000
-0.606052760000 0.051063290000 -0.793783720000 1.910595620000
0.622758460000 0.651292410000 -0.433578250000 3.732595390000
0.000000000000 0.000000000000 0.000000000000 1.000000000000
40 58 60
-0.527091540000 -0.846278940000 -0.077372190000 0.376283560000
-0.436442200000 0.347699770000 -0.829833160000 1.982539870000
0.729172630000 -0.403629550000 -0.552621450000 4.193928790000
0.000000000000 0.000000000000 0.000000000000 1.000000000000
40 59 60
0.932808820000 -0.216575030000 0.288032930000 -0.275828300000
-0.147249760000 -0.958562100000 -0.243877460000 1.114098470000
0.328915220000 0.185078270000 -0.926045800000 4.519593900000
0.000000000000 0.000000000000 0.000000000000 1.000000000000
41 43 60
0.693643680000 -0.033311480000 0.719547630000 -2.020457100000
0.049240020000 -0.994400610000 -0.093503180000 0.902287920000
0.718633330000 0.100288430000 -0.688119440000 4.299321870000
0.000000000000 0.000000000000 0.000000000000 1.000000000000
41 44 60
0.401550510000 -0.299568850000 0.865456930000 -2.330415220000
-0.211982060000 -0.949729720000 -0.230384590000 1.467902980000
0.890966220000 -0.090950290000 -0.444867670000 3.255170620000
0.000000000000 0.000000000000 0.000000000000 1.000000000000
41 45 60
0.139904040000 -0.292196990000 0.946069650000 -2.407347340000
0.227338430000 0.939421200000 0.256524960000 -0.850584980000
-0.963713700000 0.179189110000 0.197856430000 2.003335710000
0.000000000000 0.000000000000 0.000000000000 1.000000000000
41 46 60
-0.220263240000 -0.157597500000 0.962625130000 -2.366468480000
0.441438290000 0.863917010000 0.242445140000 -0.770479900000
-0.869836960000 0.478341340000 -0.120719590000 2.175247690000
0.000000000000 0.000000000000 0.000000000000 1.000000000000
41 47 60
0.978647130000 -0.080078140000 0.189307370000 0.185441660000
0.115524170000 0.976049410000 -0.184341330000 0.057076330000
-0.170011640000 0.202274690000 0.964458910000 0.425424800000
0.000000000000 0.000000000000 0.000000000000 1.000000000000
41 48 60
-0.919327470000 0.228211770000 0.320556360000 -1.572621730000
-0.337798140000 -0.039895690000 -0.940372670000 2.539858500000
-0.201815290000 -0.972793770000 0.113766720000 1.860065010000
0.000000000000 0.000000000000 0.000000000000 1.000000000000
41 49 60
0.753913670000 0.613071110000 0.236131310000 -0.221473720000
-0.621341960000 0.782136510000 -0.046868400000 -0.140264190000
-0.213420580000 -0.111383560000 0.970590210000 -0.069932080000
0.000000000000 0.000000000000 0.000000000000 1.000000000000
41 50 60
0.948715300000 0.264168650000 -0.173649660000 0.502006880000
-0.280826270000 0.956486460000 -0.079184960000 0.080630110000
0.145175370000 0.123889370000 0.981618830000 -0.032084490000
0.000000000000 0.000000000000 0.000000000000 1.000000000000
41 52 60
0.472093278000 -0.840996060000 -0.264298248000 -0.001795473900
-0.439326658000 -0.484376402000 0.756552436000 -1.321121240000
-0.764277452000 -0.241050053000 -0.598142832000 3.774320750000
0.000000000000 0.000000000000 0.000000000000 1.000000000000
41 53 60
0.605367770000 0.785946850000 0.125767330000 -0.685306940000
-0.735116590000 0.491496070000 0.466942400000 -0.725156360000
0.305177760000 -0.375125530000 0.875298450000 0.925347610000
0.000000000000 0.000000000000 0.000000000000 1.000000000000
41 54 60
0.080395810000 -0.982250650000 -0.169470280000 0.461918700000
0.263428880000 0.184913520000 -0.946790480000 2.079338020000
0.961322910000 0.031474620000 0.273619460000 1.766582860000
0.000000000000 0.000000000000 0.000000000000 1.000000000000
41 55 60
0.600612020000 -0.237310180000 0.763511020000 -1.773789920000
-0.723373340000 0.245492570000 0.645340530000 -1.588290320000
-0.340582160000 -0.939902800000 -0.024218070000 2.260032690000
0.000000000000 0.000000000000 0.000000000000 1.000000000000
41 56 60
-0.580297920000 -0.805771450000 -0.118265360000 -0.130263190000
-0.237768310000 0.028733950000 0.970896800000 -1.625992340000
-0.778922690000 0.591529140000 -0.208261170000 2.509424820000
0.000000000000 0.000000000000 0.000000000000 1.000000000000
41 57 60
0.921025250000 0.305769920000 -0.241282490000 0.460756180000
-0.181782660000 -0.210420450000 -0.960561450000 2.172070860000
-0.344481570000 0.928562330000 -0.138218880000 2.614797530000
0.000000000000 0.000000000000 0.000000000000 1.000000000000
41 58 60
0.841133850000 -0.532469310000 0.094711520000 0.190768780000
0.038134060000 0.233079990000 0.971709580000 -1.869231270000
-0.539480890000 -0.813726090000 0.216356690000 2.217235610000
0.000000000000 0.000000000000 0.000000000000 1.000000000000
41 59 60
0.814077300000 -0.322439970000 0.483022370000 -0.313953310000
-0.268660830000 -0.946455420000 -0.179006980000 0.615311490000
0.514878140000 0.015956330000 -0.857114870000 4.449937340000
0.000000000000 0.000000000000 0.000000000000 1.000000000000
42 44 60
0.842054690000 0.088086730000 -0.532150940000 2.090632370000
-0.237350220000 0.946437080000 -0.218910300000 0.255175540000
0.484364290000 0.310640590000 0.817859190000 0.007181280000
0.000000000000 0.000000000000 0.000000000000 1.000000000000
42 45 60
0.547654900000 -0.241098660000 0.801215050000 -1.868739180000
-0.634511370000 -0.743876840000 0.209863190000 -0.118032110000
0.545407590000 -0.623312660000 -0.560367640000 4.598910060000
0.000000000000 0.000000000000 0.000000000000 1.000000000000
42 46 60
0.997354660000 0.051716800000 0.051078830000 0.372195900000
-0.039872860000 0.976792570000 -0.210443410000 0.151275610000
-0.060776880000 0.207850060000 0.976270720000 -0.281630960000
0.000000000000 0.000000000000 0.000000000000 1.000000000000
42 47 60
0.984269070000 0.072530080000 -0.161101760000 0.388577490000
-0.099037150000 0.981619440000 -0.163140780000 0.237612620000
0.146308010000 0.176529480000 0.973360830000 -0.096347680000
0.000000000000 0.000000000000 0.000000000000 1.000000000000
42 48 60
-0.459678780000 0.226252750000 -0.858781180000 1.637768030000
-0.339801710000 0.848609690000 0.405458250000 -1.112755220000
0.820506070000 0.478195870000 -0.313206790000 2.783688440000
0.000000000000 0.000000000000 0.000000000000 1.000000000000
42 49 60
0.439211910000 -0.236155160000 0.866789270000 -1.945997140000
0.372911190000 0.925708790000 0.063249360000 -0.256364320000
-0.817331110000 0.295455540000 0.494647230000 0.941211440000
0.000000000000 0.000000000000 0.000000000000 1.000000000000
42 50 60
0.084452590000 -0.993347980000 -0.078278730000 0.010403560000
0.076881360000 0.084821160000 -0.993425700000 1.979958620000
0.993457100000 0.077879200000 0.083533310000 2.295149220000
0.000000000000 0.000000000000 0.000000000000 1.000000000000
42 52 60
0.744853700000 -0.179353490000 0.642670440000 -1.335779330000
0.361705300000 -0.700845730000 -0.614804470000 0.852039240000
0.560680160000 0.690396690000 -0.457154430000 3.318246870000
0.000000000000 0.000000000000 0.000000000000 1.000000000000
42 53 60
0.617572750000 0.141305340000 0.773716170000 -1.672794240000
-0.713616790000 0.514277180000 0.475678530000 -0.638824890000
-0.330688650000 -0.845902940000 0.418441430000 1.782023120000
0.000000000000 0.000000000000 0.000000000000 1.000000000000
42 54 60
0.330003140000 -0.709268630000 0.622925310000 -1.984573580000
-0.289321890000 0.552139250000 0.781943150000 -1.520424780000
-0.898549260000 -0.438269620000 -0.022999250000 3.164699220000
0.000000000000 0.000000000000 0.000000000000 1.000000000000
42 55 60
0.232948190000 0.742774380000 0.627711200000 -1.561227420000
0.972401850000 -0.186555500000 -0.140113150000 1.073636050000
0.013030520000 0.643026640000 -0.765732950000 4.308958180000
0.000000000000 0.000000000000 0.000000000000 1.000000000000
42 56 60
0.606340090000 -0.456299730000 0.651262050000 -1.039600850000
0.268736950000 0.888381580000 0.372234630000 -0.615274550000
-0.748419770000 -0.050682600000 0.661285960000 1.458171050000
0.000000000000 0.000000000000 0.000000000000 1.000000000000
42 57 60
0.894552950000 -0.225287490000 0.386031820000 -0.750081260000
-0.262907610000 0.433245140000 0.862077860000 -1.694870380000
-0.361461770000 -0.872665000000 0.328330920000 1.985121870000
0.000000000000 0.000000000000 0.000000000000 1.000000000000
42 58 60
-0.966287630000 0.171367100000 0.192149760000 -0.634717170000
-0.074173090000 0.529386360000 -0.845132200000 1.790769160000
-0.246549320000 -0.830893130000 -0.498828670000 3.718651590000
0.000000000000 0.000000000000 0.000000000000 1.000000000000
42 59 60
-0.965491040000 -0.122172190000 0.230002190000 -0.674857260000
0.130586380000 0.537001870000 0.833412380000 -1.508444060000
-0.225331430000 0.834687340000 -0.502516470000 3.551152680000
0.000000000000 0.000000000000 0.000000000000 1.000000000000
43 45 60
0.982552070000 -0.032323880000 -0.183157320000 0.548857180000
0.006293110000 0.989995800000 -0.140956440000 0.424434160000
0.185881240000 0.137344410000 0.972925830000 -0.249953510000
0.000000000000 0.000000000000 0.000000000000 1.000000000000
43 46 60
0.061518270000 0.167542300000 -0.983943640000 2.678192530000
-0.326893680000 0.934821780000 0.138739920000 -0.499522580000
0.943056740000 0.313109920000 0.112277140000 2.715602490000
0.000000000000 0.000000000000 0.000000000000 1.000000000000
43 47 60
-0.153483210000 -0.252738850000 0.955283190000 -2.464011540000
0.377217010000 0.878540760000 0.293041750000 -0.338811610000
-0.913318250000 0.405326060000 -0.039503860000 2.167884390000
0.000000000000 0.000000000000 0.000000000000 1.000000000000
43 48 60
0.727431600000 0.641031250000 -0.244790120000 0.963764990000
-0.620682760000 0.766807510000 0.163582260000 -0.405514540000
0.292568240000 0.032942110000 0.955677060000 0.522546770000
0.000000000000 0.000000000000 0.000000000000 1.000000000000
43 49 60
0.747603720000 0.653634200000 0.117690360000 -0.896302130000
0.656472860000 -0.700414960000 -0.280111170000 1.244209290000
-0.100658150000 0.286672680000 -0.952725940000 4.281401660000
0.000000000000 0.000000000000 0.000000000000 1.000000000000
43 50 60
0.788918350000 0.565439640000 0.240594770000 -0.473302270000
-0.443876780000 0.253614180000 0.859449390000 -1.325204370000
0.424948500000 -0.784829830000 0.451066410000 1.727848090000
0.000000000000 0.000000000000 0.000000000000 1.000000000000
43 51 60
0.293594720000 0.063792350000 0.953799080000 -2.630984780000
-0.705444810000 0.687791100000 0.171146170000 0.183646090000
-0.645096700000 -0.723100220000 0.246933820000 2.641750700000
0.000000000000 0.000000000000 0.000000000000 1.000000000000
43 52 60
-0.281126060000 -0.590603130000 -0.756410000000 1.672785130000
-0.656073660000 -0.456960170000 0.600628640000 -0.550849240000
-0.700382390000 0.665113040000 -0.259015740000 3.679388350000
0.000000000000 0.000000000000 0.000000000000 1.000000000000
43 53 60
0.802207050000 0.034426090000 0.596052600000 -1.363292900000
-0.489204950000 0.610203990000 0.623160980000 -0.721539830000
-0.342260680000 -0.791496010000 0.506351360000 2.054222090000
0.000000000000 0.000000000000 0.000000000000 1.000000000000
43 54 60
0.623507230000 0.056420630000 0.779779100000 -1.849039040000
0.655623010000 -0.581078540000 -0.482188970000 0.893744050000
0.425907490000 0.811889430000 -0.399297330000 3.659212990000
0.000000000000 0.000000000000 0.000000000000 1.000000000000
43 55 60
0.232408320000 0.186094619000 0.954649237000 -2.042728670000
-0.746550401000 -0.594994188000 0.297732120000 -0.254964599000
0.623417093000 -0.781889192000 0.000647413195 2.994784670000
0.000000000000 0.000000000000 0.000000000000 1.000000000000
43 56 60
0.166459580000 -0.607873490000 0.776389740000 -2.028716820000
0.250027930000 0.787662550000 0.563093020000 -0.580099270000
-0.953822440000 0.100386890000 0.283099330000 2.470131060000
0.000000000000 0.000000000000 0.000000000000 1.000000000000
43 57 60
0.951781950000 -0.159295130000 -0.262175850000 0.168376600000
-0.288735840000 -0.176415690000 -0.941014940000 2.468995650000
0.103647170000 0.971340600000 -0.213903480000 3.135171820000
0.000000000000 0.000000000000 0.000000000000 1.000000000000
43 58 60
0.164586310000 -0.916056750000 0.365720350000 -0.364714860000
-0.571942400000 -0.390713370000 -0.721266220000 1.769168930000
0.803612620000 -0.090460430000 -0.588237770000 3.878520380000
0.000000000000 0.000000000000 0.000000000000 1.000000000000
43 59 60
0.992580900000 -0.041507180000 0.114281700000 -0.521687790000
0.012785410000 0.970345500000 0.241383800000 0.168217900000
-0.120911900000 -0.238131810000 0.963677100000 0.505969070000
0.000000000000 0.000000000000 0.000000000000 1.000000000000
44 46 60
0.968656130000 0.006626996890 0.248317104000 -0.685841858000
0.000092310220 0.999634403000 -0.027037972100 0.066706328200
-0.248405501000 0.026213419600 0.968301381000 0.116889577000
0.000000000000 0.000000000000 0.000000000000 1.000000000000
44 47 60
0.357377490000 0.286227360000 -0.889019250000 1.815229230000
-0.159598140000 0.956596370000 0.243827420000 -0.444486670000
0.920222670000 0.054747390000 0.387547370000 1.968263470000
0.000000000000 0.000000000000 0.000000000000 1.000000000000
44 48 60
-0.903397830000 -0.345842000000 -0.253506730000 0.846332360000
0.421768330000 -0.823312330000 -0.379826640000 1.705077080000
-0.077355210000 -0.450055680000 0.889643780000 0.553978010000
0.000000000000 0.000000000000 0.000000000000 1.000000000000
44 49 60
0.758236500000 -0.270752160000 0.593102590000 -1.872458150000
0.170981120000 0.960432390000 0.219852390000 -0.397072110000
-0.629160450000 -0.065290760000 0.774528400000 1.038034220000
0.000000000000 0.000000000000 0.000000000000 1.000000000000
44 50 60
0.622979140000 0.412041630000 0.664920060000 -1.150806150000
-0.739244050000 0.032189090000 0.672667900000 -1.294199720000
0.255764010000 -0.910596260000 0.324652460000 2.042632350000
0.000000000000 0.000000000000 0.000000000000 1.000000000000
44 51 60
0.379918080000 -0.317535550000 0.868811500000 -1.903833130000
0.085865300000 -0.923074080000 -0.374915180000 1.629914900000
0.921026280000 0.217037810000 -0.323427250000 3.378048870000
0.000000000000 0.000000000000 0.000000000000 1.000000000000
44 52 60
-0.270940400000 -0.190796910000 -0.943497660000 2.450135480000
-0.923947790000 -0.223401440000 0.310503250000 0.182496270000
-0.270021800000 0.955870460000 -0.115757910000 3.182973160000
0.000000000000 0.000000000000 0.000000000000 1.000000000000
44 53 60
0.693597110000 -0.594830410000 0.406324790000 -0.990256430000
-0.464442210000 0.061910880000 0.883436740000 -1.097795620000
-0.550650960000 -0.801463550000 -0.233323150000 3.414695380000
0.000000000000 0.000000000000 0.000000000000 1.000000000000
44 54 60
-0.535361970000 -0.826783620000 -0.172674290000 0.735129400000
-0.261707660000 -0.031998890000 0.964616590000 -1.730402420000
-0.803054590000 0.561609220000 -0.199244620000 4.110181640000
0.000000000000 0.000000000000 0.000000000000 1.000000000000
44 55 60
-0.167841870000 0.865617260000 -0.471737070000 1.154047790000
0.984169810000 0.119506370000 -0.130874010000 1.203824700000
-0.056911220000 -0.486235520000 -0.871972550000 4.851318000000
0.000000000000 0.000000000000 0.000000000000 1.000000000000
44 56 60
-0.893896570000 -0.300703230000 -0.332455250000 -0.372940350000
0.180963250000 0.436455190000 -0.881339420000 1.984983660000
0.410123430000 -0.847988460000 -0.335729560000 3.265798270000
0.000000000000 0.000000000000 0.000000000000 1.000000000000
44 57 60
-0.405886160000 0.873698160000 0.268156590000 -0.168000780000
-0.135549660000 -0.347717180000 0.927749460000 -1.585832500000
0.903815640000 0.340212130000 0.259563080000 2.407487860000
0.000000000000 0.000000000000 0.000000000000 1.000000000000
44 58 60
-0.750982833000 0.653799922000 -0.092576711400 -0.001061856660
-0.214880240000 -0.374537660000 -0.901968970000 2.509330270000
-0.624380707000 -0.657470306000 0.421760037000 2.109903440000
0.000000000000 0.000000000000 0.000000000000 1.000000000000
44 59 60
0.993993620000 0.019407440000 0.107703500000 -0.776666370000
-0.056621530000 0.933390020000 0.354368550000 -0.107973520000
-0.093651980000 -0.358338420000 0.928882600000 0.759985570000
0.000000000000 0.000000000000 0.000000000000 1.000000000000
45 47 60
0.081198570000 -0.216565760000 0.972885430000 -2.248551420000
0.253410220000 0.948518050000 0.189991520000 -0.145807180000
-0.963945050000 0.231112070000 0.131898290000 1.895835440000
0.000000000000 0.000000000000 0.000000000000 1.000000000000
45 48 60
0.658973210000 -0.514826870000 0.548368120000 -1.464260100000
-0.709448330000 -0.183228080000 0.680522250000 -1.097980010000
-0.249874700000 -0.837484780000 -0.485985470000 3.768143150000
0.000000000000 0.000000000000 0.000000000000 1.000000000000
45 49 60
-0.111547770000 -0.727684400000 0.676781000000 -1.882405870000
-0.958392770000 -0.101293990000 -0.266876040000 1.132212620000
0.262755380000 -0.678391440000 -0.686108350000 4.430741600000
0.000000000000 0.000000000000 0.000000000000 1.000000000000
45 50 60
0.990636710000 0.080227400000 0.110464800000 -0.038614160000
-0.075029180000 -0.356056540000 0.931447460000 -1.443601420000
0.114059320000 -0.931014130000 -0.346703280000 3.514268700000
0.000000000000 0.000000000000 0.000000000000 1.000000000000
45 51 60
0.469814140000 0.071840530000 0.879837270000 -2.478442840000
-0.857662030000 0.273143190000 0.435670340000 0.015659730000
-0.209022770000 -0.959287100000 0.189941420000 2.533082770000
0.000000000000 0.000000000000 0.000000000000 1.000000000000
45 52 60
-0.682115090000 -0.203450810000 -0.702372250000 1.941694900000
-0.417156690000 0.897151870000 0.145254310000 0.391144580000
0.600582470000 0.392079430000 -0.696831690000 3.968292020000
0.000000000000 0.000000000000 0.000000000000 1.000000000000
45 53 60
-0.834254510000 0.365497620000 -0.412832790000 1.363147810000
0.544887530000 0.431941190000 -0.718696320000 1.386660040000
-0.084362310000 -0.824523080000 -0.559503970000 3.746652660000
0.000000000000 0.000000000000 0.000000000000 1.000000000000
45 54 60
-0.530692600000 -0.238417580000 -0.813340290000 2.558499590000
-0.694154540000 -0.428363050000 0.578493360000 -0.434994250000
-0.486327920000 0.871586000000 0.061830450000 2.831039890000
0.000000000000 0.000000000000 0.000000000000 1.000000000000
45 55 60
0.999773394000 0.020020949500 0.007233467000 0.118467398000
0.021111285000 -0.976139840000 -0.216114151000 1.040852760000
0.002734064840 0.216217885000 -0.976341309000 4.665169430000
0.000000000000 0.000000000000 0.000000000000 1.000000000000
45 56 60
-0.756447340000 -0.651472460000 -0.058060830000 -0.327438730000
0.020755710000 0.064815640000 -0.997681380000 2.284946810000
0.653725190000 -0.755898510000 -0.035507850000 2.583838790000
0.000000000000 0.000000000000 0.000000000000 1.000000000000
45 57 60
-0.982889900000 -0.019960970000 0.183109250000 0.071446700000
-0.181017000000 0.288518630000 -0.940207340000 2.522151480000
-0.034062980000 -0.957266190000 -0.287195330000 2.950723510000
0.000000000000 0.000000000000 0.000000000000 1.000000000000
45 58 60
-0.905433310000 -0.170892370000 -0.388569590000 0.690837090000
0.133061380000 0.754986790000 -0.642097830000 1.390693020000
0.403094520000 -0.633080370000 -0.660851010000 4.070297120000
0.000000000000 0.000000000000 0.000000000000 1.000000000000
45 59 60
0.977103700000 0.176000560000 -0.119549840000 0.212750580000
-0.116540030000 0.912829330000 0.391357940000 -0.076510020000
0.178007810000 -0.368464950000 0.912440020000 0.386968890000
0.000000000000 0.000000000000 0.000000000000 1.000000000000
46 48 60
0.862772872000 -0.124809158000 0.489944532000 -1.445836580000
0.109234033000 0.992179760000 0.060392468400 -0.104299403000
-0.493650581000 0.001413633940 0.869659189000 0.710154711000
0.000000000000 0.000000000000 0.000000000000 1.000000000000
46 49 60
0.696875860000 -0.463718220000 0.547110080000 -1.623316350000
0.621482290000 0.771183780000 -0.137968650000 0.640888940000
-0.357943840000 0.436166250000 0.825612020000 0.563887590000
0.000000000000 0.000000000000 0.000000000000 1.000000000000
46 50 60
0.984082330000 0.076035410000 -0.160625600000 -0.173519280000
-0.176585180000 0.316697810000 -0.931944300000 2.162015530000
-0.019990990000 0.945474020000 0.325083440000 2.479174020000
0.000000000000 0.000000000000 0.000000000000 1.000000000000
46 51 60
0.663874260000 0.260902450000 0.700857250000 -2.206876070000
-0.738826180000 0.373915820000 0.560645020000 -0.752255150000
-0.115787950000 -0.890009480000 0.440994640000 1.804532010000
0.000000000000 0.000000000000 0.000000000000 1.000000000000
46 52 60
-0.404632060000 0.444163290000 -0.799369670000 1.285796960000
-0.904751030000 -0.321604240000 0.279278140000 0.266162030000
-0.133035580000 0.836235420000 0.531988580000 1.744080950000
0.000000000000 0.000000000000 0.000000000000 1.000000000000
46 53 60
0.861712800000 -0.265546190000 0.432361280000 -0.303842340000
-0.475487080000 -0.125202620000 0.870767670000 -0.926010230000
-0.177096280000 -0.955933850000 -0.234152480000 3.151227760000
0.000000000000 0.000000000000 0.000000000000 1.000000000000
46 54 60
0.453375970000 0.831532860000 -0.320941330000 0.301615610000
0.442662060000 -0.522589720000 -0.728663350000 1.624649850000
-0.773628160000 0.188289910000 -0.605017670000 4.717032200000
0.000000000000 0.000000000000 0.000000000000 1.000000000000
46 55 60
0.618391460000 -0.329132630000 0.713627150000 -1.882920640000
0.443655420000 0.895738550000 0.028676110000 0.288610160000
-0.648661590000 0.298871490000 0.699938550000 0.720200940000
0.000000000000 0.000000000000 0.000000000000 1.000000000000
46 56 60
-0.588167020000 -0.567195320000 0.576497200000 -2.085531660000
0.054991360000 0.683135890000 0.728217900000 -0.718613900000
-0.806867710000 0.460016120000 -0.370607160000 2.954508090000
0.000000000000 0.000000000000 0.000000000000 1.000000000000
46 57 60
0.011806330000 0.986424780000 0.163788790000 -1.106237590000
-0.363955810000 -0.148325300000 0.919530190000 -1.313800770000
0.931341390000 -0.070468160000 0.357263850000 2.040411970000
0.000000000000 0.000000000000 0.000000000000 1.000000000000
46 58 60
0.728115630000 0.643079930000 0.237267430000 -1.238781380000
-0.302197660000 -0.009529020000 0.953197660000 -1.311257420000
0.615243200000 -0.765739780000 0.187399020000 2.160003060000
0.000000000000 0.000000000000 0.000000000000 1.000000000000
46 59 60
0.708077850000 0.404617510000 -0.578714470000 1.618377750000
-0.183214990000 0.896757710000 0.402812470000 -0.247081820000
0.681951640000 -0.179193420000 0.709106260000 1.203605590000
0.000000000000 0.000000000000 0.000000000000 1.000000000000
47 49 60
-0.169880250000 -0.695067250000 0.698585870000 -1.902867640000
0.585961320000 -0.641205960000 -0.495483840000 1.313296970000
0.792332020000 0.325171380000 0.516210750000 1.640283940000
0.000000000000 0.000000000000 0.000000000000 1.000000000000
47 50 60
0.197611910000 -0.889567780000 0.411847900000 -2.024242770000
0.612805030000 0.440023630000 0.656391040000 -1.936071070000
-0.765127130000 0.122671770000 0.632085520000 0.853637690000
0.000000000000 0.000000000000 0.000000000000 1.000000000000
47 51 60
-0.822798870000 0.171800420000 -0.541744070000 1.583600350000
-0.543751630000 0.039340040000 0.838323640000 -1.847857020000
0.165336580000 0.984345960000 0.061047820000 2.486774060000
0.000000000000 0.000000000000 0.000000000000 1.000000000000
47 52 60
-0.233879770000 -0.135081750000 -0.962836010000 1.801404250000
0.880396490000 0.390785140000 -0.268680100000 0.575649710000
0.412555780000 -0.910516280000 0.027528760000 2.115442830000
0.000000000000 0.000000000000 0.000000000000 1.000000000000
47 53 60
0.474337150000 0.872894790000 -0.114275780000 -0.564923770000
-0.608877460000 0.419046530000 0.673548990000 -0.781863960000
0.635824270000 -0.249909360000 0.730255310000 1.197673880000
0.000000000000 0.000000000000 0.000000000000 1.000000000000
47 54 60
0.226816030000 -0.953214080000 -0.199843430000 0.168715510000
0.347515820000 0.270893840000 -0.897691090000 2.220541220000
0.909828140000 0.134161980000 0.392700040000 1.529717160000
0.000000000000 0.000000000000 0.000000000000 1.000000000000
47 55 60
-0.495707870000 0.584201410000 -0.642637090000 1.128653000000
-0.819179760000 -0.560292770000 0.122541990000 -0.289504470000
-0.288475710000 0.587180320000 0.756307500000 0.566446860000
0.000000000000 0.000000000000 0.000000000000 1.000000000000
47 56 60
0.963059470000 0.242599390000 -0.116884570000 -0.001133710000
-0.184310620000 0.910276330000 0.370710930000 -0.290715450000
0.196331510000 -0.335473610000 0.921363880000 0.714088940000
0.000000000000 0.000000000000 0.000000000000 1.000000000000
47 57 60
0.359274640000 0.933165950000 0.011092380000 -0.143458280000
-0.036990040000 0.026116020000 -0.998974320000 2.405823460000
-0.932498510000 0.358495830000 0.043900680000 2.361442280000
0.000000000000 0.000000000000 0.000000000000 1.000000000000
47 58 60
-0.647278650000 0.024705530000 0.761852990000 -2.553846570000
-0.700434020000 0.375007750000 -0.607257250000 1.303437010000
-0.300703390000 -0.926692410000 -0.225429920000 2.976986590000
0.000000000000 0.000000000000 0.000000000000 1.000000000000
47 59 60
-0.742580990000 -0.532007300000 0.406868160000 -1.315493110000
-0.509784260000 0.054964700000 -0.858544640000 2.068788710000
0.434388630000 -0.844953910000 -0.312024690000 3.088539500000
0.000000000000 0.000000000000 0.000000000000 1.000000000000
48 50 60
0.924598470000 -0.059832800000 0.376214960000 -0.937906770000
0.054903230000 0.998207470000 0.023821770000 0.087089980000
-0.376965910000 -0.001370150000 0.926226120000 0.149802110000
0.000000000000 0.000000000000 0.000000000000 1.000000000000
48 52 60
0.609846640000 0.293475630000 0.736178740000 -1.564321610000
-0.559235660000 0.817550910000 0.137353490000 0.278923240000
-0.561553700000 -0.495461970000 0.662702710000 1.239372810000
0.000000000000 0.000000000000 0.000000000000 1.000000000000
48 53 60
-0.063124860000 -0.260060130000 0.963526840000 -2.144420460000
-0.286964500000 -0.919950790000 -0.267099070000 1.092664110000
0.955859100000 -0.293358590000 -0.016556260000 2.051077770000
0.000000000000 0.000000000000 0.000000000000 1.000000000000
48 54 60
0.920921090000 -0.387747620000 0.039447880000 -0.485827840000
0.038108790000 0.190311720000 0.980983780000 -2.043852510000
-0.387881520000 -0.901905330000 0.190038670000 2.474287390000
0.000000000000 0.000000000000 0.000000000000 1.000000000000
48 55 60
-0.656710760000 -0.428596460000 -0.620512740000 0.547864580000
0.443716080000 0.445718680000 -0.777464410000 2.141813560000
0.609792610000 -0.785900710000 -0.102533110000 3.015440380000
0.000000000000 0.000000000000 0.000000000000 1.000000000000
48 56 60
-0.797776840000 -0.347301570000 0.492883080000 -1.352216480000
0.113591730000 0.716241300000 0.688545800000 -0.747810950000
-0.592156260000 0.605293330000 -0.531950130000 3.398055890000
0.000000000000 0.000000000000 0.000000000000 1.000000000000
48 57 60
-0.605336200000 0.760344250000 -0.235467010000 1.249873260000
-0.590701960000 -0.230840830000 0.773164730000 -1.080105610000
0.533515960000 0.607115420000 0.588873150000 1.366259570000
0.000000000000 0.000000000000 0.000000000000 1.000000000000
48 58 60
0.619649020000 -0.605573780000 0.499315010000 -0.987200020000
-0.741500390000 -0.660230960000 0.119466530000 0.463689230000
0.257317430000 -0.444269590000 -0.858144660000 4.232348020000
0.000000000000 0.000000000000 0.000000000000 1.000000000000
48 59 60
-0.346595510000 -0.809212630000 0.474390630000 -1.507140810000
0.827563110000 -0.025702750000 0.560783980000 -0.629587610000
-0.441600340000 0.586953390000 0.678582980000 0.965266330000
0.000000000000 0.000000000000 0.000000000000 1.000000000000
49 51 60
0.692469720000 -0.652242360000 -0.308327090000 0.089026970000
0.714470230000 0.679282220000 0.167654270000 -0.891089220000
0.100089890000 -0.336386030000 0.936390120000 -0.007459300000
0.000000000000 0.000000000000 0.000000000000 1.000000000000
49 52 60
0.689654050000 0.723533400000 -0.029609380000 -0.819409720000
-0.679239220000 0.660525570000 0.319906310000 -0.226292700000
0.251020650000 -0.200512830000 0.946986400000 0.533021790000
0.000000000000 0.000000000000 0.000000000000 1.000000000000
49 53 60
0.983900090000 -0.035373370000 0.175183730000 -0.888875010000
0.057481190000 0.990767950000 -0.122779370000 0.186664490000
-0.169223300000 0.130872400000 0.976849980000 0.115897640000
0.000000000000 0.000000000000 0.000000000000 1.000000000000
49 54 60
0.631069190000 0.726285940000 0.272507630000 -0.986112230000
-0.223165510000 -0.166463790000 0.960461850000 -1.801805930000
0.742932590000 -0.666932180000 0.057031800000 1.284854550000
0.000000000000 0.000000000000 0.000000000000 1.000000000000
49 55 60
-0.848543520000 0.517413920000 -0.110710130000 -0.137854980000
0.419274950000 0.785130930000 0.455826650000 -0.819911480000
0.322773000000 0.340370760000 -0.883156460000 3.964969800000
0.000000000000 0.000000000000 0.000000000000 1.000000000000
49 56 60
-0.758102210000 -0.406947280000 0.509583120000 -1.179557100000
0.101864960000 0.697919880000 0.708894470000 -0.668344030000
-0.644130870000 0.589323130000 -0.487640940000 2.530287200000
0.000000000000 0.000000000000 0.000000000000 1.000000000000
49 57 60
0.573126850000 -0.374640500000 -0.728814180000 0.585987350000
0.644021050000 -0.344023880000 0.683289440000 -1.614252960000
-0.506717380000 -0.860983200000 0.044107050000 1.827267680000
0.000000000000 0.000000000000 0.000000000000 1.000000000000
49 58 60
0.417603860000 -0.883696090000 -0.211395920000 0.532656130000
0.872508580000 0.454944820000 -0.178196510000 0.208041130000
0.253645030000 -0.110029200000 0.961019130000 0.221512350000
0.000000000000 0.000000000000 0.000000000000 1.000000000000
49 59 60
-0.918148240000 -0.383446330000 0.099863530000 -0.705225100000
0.390718070000 -0.918052430000 0.067224440000 0.053483870000
0.065902990000 0.100740480000 0.992727630000 -0.439053890000
0.000000000000 0.000000000000 0.000000000000 1.000000000000
50 52 60
0.016574520000 -0.715476990000 -0.698439670000 1.301995990000
-0.807358960000 -0.421649170000 0.412775360000 -0.294544720000
-0.589827770000 0.557049960000 -0.584635390000 4.016397310000
0.000000000000 0.000000000000 0.000000000000 1.000000000000
50 53 60
-0.855134040000 -0.132066640000 -0.501302490000 1.435387000000
-0.101177530000 0.990927300000 -0.088465720000 0.243244930000
0.508437690000 -0.024929500000 -0.860737840000 3.356936140000
0.000000000000 0.000000000000 0.000000000000 1.000000000000
50 54 60
0.137300620000 -0.346442170000 0.927968950000 -2.286068180000
0.125658120000 -0.923180350000 -0.363246580000 0.256056050000
0.982526630000 0.166480810000 -0.083219960000 2.232781990000
0.000000000000 0.000000000000 0.000000000000 1.000000000000
50 55 60
-0.915044510000 0.154553470000 -0.372567810000 1.048087340000
-0.088322040000 0.824485990000 0.558947290000 -1.253734170000
0.393564180000 0.544367600000 -0.740790900000 3.959336320000
0.000000000000 0.000000000000 0.000000000000 1.000000000000
50 56 60
-0.699339810000 0.712182490000 0.060991320000 -0.178361320000
-0.325633170000 -0.241474060000 -0.914140750000 1.778370790000
-0.636307210000 -0.659155810000 0.400782660000 0.996363070000
0.000000000000 0.000000000000 0.000000000000 1.000000000000
50 57 60
0.624459570000 0.780329030000 0.033717250000 0.252776510000
-0.133565710000 0.064154120000 0.988961300000 -1.654983490000
0.769552110000 -0.622069820000 0.144286850000 1.728902090000
0.000000000000 0.000000000000 0.000000000000 1.000000000000
50 58 60
-0.509821070000 -0.860180530000 0.013112160000 0.114683020000
-0.652811830000 0.396752330000 0.645309470000 -1.168394230000
-0.560284920000 0.320432590000 -0.763808720000 3.484611000000
0.000000000000 0.000000000000 0.000000000000 1.000000000000
50 59 60
-0.229067830000 0.429787970000 -0.873390080000 2.122978150000
-0.379687120000 0.786726060000 0.486723530000 -0.889964530000
0.896306660000 0.443107660000 -0.017028680000 3.368258330000
0.000000000000 0.000000000000 0.000000000000 1.000000000000
51 53 60
0.906690320000 0.413766750000 0.081913050000 -0.294189620000
-0.351523060000 0.633914100000 0.688900900000 -0.879521230000
0.233118450000 -0.653414100000 0.720212330000 0.908347860000
0.000000000000 0.000000000000 0.000000000000 1.000000000000
51 54 60
0.353378030000 0.156039820000 0.922374950000 -1.796866590000
-0.142554030000 -0.965492900000 0.217949110000 -0.458917650000
0.924555200000 -0.208506690000 -0.318939870000 2.779998050000
0.000000000000 0.000000000000 0.000000000000 1.000000000000
51 55 60
0.979605870000 0.198037810000 0.033961340000 0.828253760000
-0.197988830000 0.922577140000 0.331137210000 -0.492819400000
0.034245730000 -0.331107920000 0.942971250000 0.315963840000
0.000000000000 0.000000000000 0.000000000000 1.000000000000
51 56 60
-0.625006580000 -0.471573410000 0.622081420000 -0.613956080000
0.727072090000 -0.641731840000 0.244021370000 -0.384340440000
0.284135460000 0.604813000000 0.743954480000 2.134355210000
0.000000000000 0.000000000000 0.000000000000 1.000000000000
51 57 60
0.540667000000 0.214380360000 -0.813461900000 2.534938340000
0.740593760000 0.337341170000 0.581138380000 -0.995648970000
0.398998840000 -0.916647150000 0.023620490000 2.549375040000
0.000000000000 0.000000000000 0.000000000000 1.000000000000
51 58 60
-0.517632010000 -0.793337390000 -0.320426100000 0.895305420000
0.649999810000 -0.608156310000 0.455682080000 -0.859843380000
-0.556378790000 0.027598730000 0.830470320000 0.215746060000
0.000000000000 0.000000000000 0.000000000000 1.000000000000
51 59 60
0.859194060000 0.482422920000 0.170451450000 0.628153470000
0.472058110000 -0.875923530000 0.099594710000 -0.014195130000
0.197349210000 -0.005108190000 -0.980319950000 4.960526320000
0.000000000000 0.000000000000 0.000000000000 1.000000000000
52 54 60
0.909053770000 -0.161500360000 -0.384107900000 0.887827400000
0.110466650000 0.982256230000 -0.151557960000 0.184218730000
0.401769050000 0.095343220000 0.910764130000 -0.285063720000
0.000000000000 0.000000000000 0.000000000000 1.000000000000
52 55 60
0.121980290000 -0.965417660000 0.230411690000 -0.280224620000
0.604741260000 -0.111787640000 -0.788537590000 1.727471270000
0.787025300000 0.235525500000 0.570192000000 0.933428890000
0.000000000000 0.000000000000 0.000000000000 1.000000000000
52 56 60
-0.244972800000 -0.676330630000 -0.694669130000 1.714418350000
-0.194585250000 -0.667624390000 0.718619690000 -1.313842890000
-0.949802560000 0.311214640000 0.031945850000 2.173772510000
0.000000000000 0.000000000000 0.000000000000 1.000000000000
52 57 60
0.080670760000 -0.485519700000 -0.870495750000 1.698106610000
0.908405070000 -0.323633910000 0.264690980000 -0.772734070000
-0.410234630000 -0.812115580000 0.414940770000 0.838290630000
0.000000000000 0.000000000000 0.000000000000 1.000000000000
52 58 60
-0.331923750000 -0.198408690000 0.922204220000 -1.712334140000
0.180667670000 0.946160100000 0.268589400000 -0.940206070000
-0.925843300000 0.255763690000 -0.278206970000 2.306504530000
0.000000000000 0.000000000000 0.000000000000 1.000000000000
52 59 60
-0.038704150000 -0.188163130000 -0.981374860000 2.168679330000
-0.680523790000 0.724115760000 -0.111998790000 0.128203550000
0.731703050000 0.663514130000 -0.156075770000 2.702595430000
0.000000000000 0.000000000000 0.000000000000 1.000000000000
53 55 60
0.978314590000 -0.087677840000 0.187651700000 0.501399190000
0.114713250000 0.983706430000 -0.138428770000 0.333244690000
-0.172457050000 0.156953020000 0.972432170000 -0.367112240000
0.000000000000 0.000000000000 0.000000000000 1.000000000000
53 56 60
-0.772068650000 -0.221591020000 -0.595657140000 1.058111330000
-0.158557700000 -0.840449870000 0.518173210000 -0.821070270000
-0.615442490000 0.494511310000 0.613750030000 0.619670580000
0.000000000000 0.000000000000 0.000000000000 1.000000000000
53 57 60
-0.260101810000 -0.711537190000 0.652734150000 -1.034759580000
-0.941000740000 0.338348770000 -0.006140720000 0.563642350000
-0.216482450000 -0.615820540000 -0.757562150000 3.412323550000
0.000000000000 0.000000000000 0.000000000000 1.000000000000
53 58 60
-0.823276530000 0.012800720000 -0.567496170000 1.497580050000
0.322816470000 -0.811778510000 -0.486626320000 1.123682370000
-0.466910360000 -0.583825130000 0.664185910000 0.754101540000
0.000000000000 0.000000000000 0.000000000000 1.000000000000
53 59 60
0.263365480000 0.060342130000 -0.962807070000 2.522738900000
-0.684404860000 0.715061710000 -0.142396410000 0.245684860000
0.679873960000 0.696452140000 0.229621020000 1.931846760000
0.000000000000 0.000000000000 0.000000000000 1.000000000000
54 56 60
-0.808140480000 -0.501342810000 -0.309134860000 0.506491880000
0.450588430000 -0.864254080000 0.223684940000 -0.313880350000
-0.379313900000 0.041476270000 0.924337970000 0.269213080000
0.000000000000 0.000000000000 0.000000000000 1.000000000000
54 57 60
0.448198310000 0.710193440000 -0.542902890000 1.992448950000
-0.863046660000 0.502037070000 -0.055760650000 0.507668580000
0.232956520000 0.493542350000 0.837942240000 0.661604950000
0.000000000000 0.000000000000 0.000000000000 1.000000000000
54 58 60
-0.046513360000 0.862022010000 -0.504732170000 1.384529510000
-0.998576060000 -0.026911950000 0.046060920000 -0.289216330000
0.026122200000 0.506155900000 0.862046300000 0.491894000000
0.000000000000 0.000000000000 0.000000000000 1.000000000000
54 59 60
-0.685018820000 0.451640700000 0.571637900000 -1.248467350000
-0.130332980000 0.696018910000 -0.706095600000 1.791352580000
-0.716772300000 -0.558192050000 -0.417922370000 2.687829350000
0.000000000000 0.000000000000 0.000000000000 1.000000000000
55 57 60
-0.920419340000 -0.137058440000 0.366119130000 -1.429933660000
-0.310685960000 0.824891310000 -0.472259000000 1.617959170000
-0.237281410000 -0.548424390000 -0.801828050000 3.362864000000
0.000000000000 0.000000000000 0.000000000000 1.000000000000
55 58 60
-0.621972180000 0.216972320000 -0.752378640000 0.850260500000
-0.735964790000 -0.490108330000 0.467064940000 -0.590986120000
-0.267406870000 0.844225580000 0.464517740000 0.883980410000
0.000000000000 0.000000000000 0.000000000000 1.000000000000
55 59 60
0.914289680000 0.404732900000 0.016299170000 -0.148784610000
0.317795090000 -0.741685310000 0.590685350000 -1.404141490000
0.251158650000 -0.534877730000 -0.806737350000 4.054614030000
0.000000000000 0.000000000000 0.000000000000 1.000000000000
56 58 60
0.968292160000 -0.001002130000 -0.249818500000 -0.049412710000
-0.091813460000 0.928581520000 -0.359592330000 -0.083375850000
0.232337200000 0.371127140000 0.899046200000 -0.255813660000
0.000000000000 0.000000000000 0.000000000000 1.000000000000
56 59 60
0.517243950000 0.457510270000 -0.723286280000 1.832870250000
-0.538216380000 0.830973820000 0.140732500000 -0.201383000000
0.665418530000 0.316491490000 0.676055710000 0.380389540000
0.000000000000 0.000000000000 0.000000000000 1.000000000000
57 59 60
0.085392990000 0.909380300000 0.407106270000 -0.902001880000
0.964952110000 0.026279550000 -0.261106900000 0.637396880000
-0.248144040000 0.415134750000 -0.875264350000 3.807358750000
0.000000000000 0.000000000000 0.000000000000 1.000000000000
