Setting,Scene,Image,Object,RANSAC Iterations,ICP Iterations,RANSAC: Fitness,ICP: Fitness,RANSAC: Inlier RMSE,ICP: Inlier RMSE,RANSAC: Transformation,ICP: Transformation
full_scene,90,103,64,1,30,0.1931964629318254,0.4554849903076907,0.003094200327610985,0.002199661607928138,"[[-0.86875727  0.12108635  0.48020714  0.03112621]
 [ 0.08854114  0.99200227 -0.08995529 -0.08658929]
 [-0.48725893 -0.03563122 -0.87253032 -0.35405471]
 [ 0.          0.          0.          1.        ]]","[[-0.87539908 -0.34216078  0.34147102  0.01079434]
 [-0.47149157  0.76019271 -0.44699301 -0.09427783]
 [-0.1066403  -0.55229797 -0.82679792 -0.38197667]
 [ 0.          0.          0.          1.        ]]"
full_scene,90,106,64,18,30,0.563524787679522,0.6141711201310871,0.0023067452061216113,0.0020296568670058546,"[[ 0.94038723 -0.05934726 -0.33488769  0.01988069]
 [ 0.26078614  0.75788615  0.59799596 -0.11387481]
 [ 0.21831732 -0.64968184  0.7281834  -0.39716655]
 [ 0.          0.          0.          1.        ]]","[[ 0.9841504  -0.11457483 -0.13535358  0.0303367 ]
 [ 0.17521244  0.74599595  0.64248786 -0.10943733]
 [ 0.02736028 -0.65602032  0.75424715 -0.39696102]
 [ 0.          0.          0.          1.        ]]"
full_scene,90,108,64,2,30,0.17008128688164673,0.3957282440676998,0.0026924552139241187,0.0021695353459129244,"[[ 0.66904614  0.55826006 -0.49063527  0.03351434]
 [ 0.11684258  0.57293278  0.81123106 -0.12928235]
 [ 0.73397893 -0.60007811  0.31808992 -0.37351527]
 [ 0.          0.          0.          1.        ]]","[[ 0.97592927 -0.20789307 -0.06589782  0.03856584]
 [ 0.19223547  0.67733474  0.7101149  -0.12500045]
 [-0.10299308 -0.70568982  0.70099522 -0.37462466]
 [ 0.          0.          0.          1.        ]]"
full_scene,90,109,64,9,30,0.7011270210160682,0.9164069556152921,0.0023768923871835515,0.0014711416683751194,"[[ 0.97276531 -0.06932952 -0.22118107  0.01602628]
 [ 0.21593846  0.61789246  0.75602877 -0.09432983]
 [ 0.084251   -0.78320006  0.61603526 -0.40530747]
 [ 0.          0.          0.          1.        ]]","[[ 0.97457102  0.00541247 -0.22401348  0.02209187]
 [ 0.17325917  0.61576825  0.76864213 -0.08707989]
 [ 0.14210063 -0.78790873  0.59917213 -0.40850961]
 [ 0.          0.          0.          1.        ]]"
full_scene,90,111,64,38,30,0.9312042381987655,0.910534451429571,0.0021117020527824026,0.0014594014490265544,"[[ 0.95989257  0.04265731 -0.27710396  0.02014986]
 [ 0.20833029  0.55291317  0.80677476 -0.08275231]
 [ 0.18762927 -0.83214625  0.52185043 -0.40752486]
 [ 0.          0.          0.          1.        ]]","[[ 0.9697243   0.01613518 -0.24366872  0.02199158]
 [ 0.19695734  0.53822009  0.81946748 -0.08681975]
 [ 0.14436965 -0.84264987  0.51874715 -0.40489588]
 [ 0.          0.          0.          1.        ]]"
full_scene,90,112,64,13,30,0.47405566919773384,0.8852916082093681,0.003146739314548062,0.001595494838985627,"[[ 0.95543018 -0.00168724 -0.29521234  0.02149825]
 [ 0.26519491  0.44427145  0.8557421  -0.09743581]
 [ 0.12971057 -0.89589064  0.42491779 -0.39965431]
 [ 0.          0.          0.          1.        ]]","[[ 0.97179788  0.00672164 -0.23571955  0.02291891]
 [ 0.20087767  0.49998832  0.8424131  -0.08857822]
 [ 0.12351942 -0.86600606  0.48453736 -0.39986425]
 [ 0.          0.          0.          1.        ]]"
full_scene,90,113,64,15,29,0.8443090258068893,0.8866910134621357,0.002223881973897429,0.0016906737560622369,"[[ 9.67167023e-01 -7.56145519e-04 -2.54140469e-01  1.80910007e-02]
 [ 2.24703578e-01  4.69713433e-01  8.53743283e-01 -8.69982707e-02]
 [ 1.18727638e-01 -8.82818622e-01  4.54461251e-01 -3.99055271e-01]
 [ 0.00000000e+00  0.00000000e+00  0.00000000e+00  1.00000000e+00]]","[[ 0.97466731  0.00534841 -0.2235957   0.02375644]
 [ 0.19651084  0.45691515  0.86753215 -0.0890543 ]
 [ 0.10680418 -0.88949421  0.44428924 -0.39695279]
 [ 0.          0.          0.          1.        ]]"
full_scene,90,128,64,5,20,0.8830425640531345,0.9043620746896854,0.00219576249822027,0.0015632032154624992,"[[ 0.99853605  0.03340847  0.04253969  0.00152361]
 [-0.05292433  0.44103861  0.89592632 -0.08915316]
 [ 0.01116989 -0.89686611  0.44216107 -0.40006023]
 [ 0.          0.          0.          1.        ]]","[[ 0.99895951  0.01834508 -0.04175361  0.00374714]
 [ 0.02897912  0.45160408  0.8917477  -0.08954072]
 [ 0.03521528 -0.89202983  0.45060257 -0.40043101]
 [ 0.          0.          0.          1.        ]]"
full_scene,90,129,64,33,30,0.8733288352450209,0.9136866831596572,0.0017731093445861176,0.0014842100195067262,"[[ 0.99899805 -0.02950491 -0.03365056  0.00284733]
 [ 0.04393405  0.50329704  0.86299588 -0.09240036]
 [-0.00852639 -0.86360961  0.50408903 -0.39975931]
 [ 0.          0.          0.          1.        ]]","[[ 0.99897595  0.01418476 -0.04296321  0.00360177]
 [ 0.03025705  0.49655625  0.86747703 -0.08917772]
 [ 0.0336386  -0.86788864  0.49561856 -0.40306079]
 [ 0.          0.          0.          1.        ]]"
full_scene,90,131,64,7,30,0.8364195217032762,0.901409757995709,0.0021847403638502166,0.0015806995655984074,"[[ 0.99541709  0.05313013 -0.07951103  0.00276003]
 [ 0.03413401  0.57928057  0.81441322 -0.0921662 ]
 [ 0.08932907 -0.81339487  0.57481223 -0.40745376]
 [ 0.          0.          0.          1.        ]]","[[ 0.99990734  0.00879819 -0.01038776  0.00399844]
 [ 0.00344688  0.57457685  0.81844338 -0.08433655]
 [ 0.01316939 -0.81840335  0.57449328 -0.41328708]
 [ 0.          0.          0.          1.        ]]"
full_scene,90,135,64,0,30,0.10088212509683385,0.673395949578572,0.0029881763581230355,0.0018066150919009113,"[[ 1.          0.          0.          0.01421176]
 [ 0.          1.          0.          0.00235721]
 [ 0.          0.          1.         -0.44083997]
 [ 0.          0.          0.          1.        ]]","[[ 9.85917486e-01  1.22117719e-01 -1.14253988e-01 -6.13633644e-04]
 [ 5.66311097e-03  6.58432625e-01  7.52618368e-01 -4.46764905e-02]
 [ 1.67136592e-01 -7.42666642e-01  6.48468672e-01 -4.53905648e-01]
 [ 0.00000000e+00  0.00000000e+00  0.00000000e+00  1.00000000e+00]]"
full_scene,90,138,64,7,30,0.7705189580142725,0.9278663710780062,0.0024613068633922573,0.0014021178780273143,"[[ 0.92421403  0.03451215  0.38031215 -0.0159607 ]
 [-0.3182224   0.62013875  0.71705121 -0.08258494]
 [-0.21109933 -0.78373264  0.58412347 -0.41461573]
 [ 0.          0.          0.          1.        ]]","[[ 0.9857791   0.0118343   0.16762912 -0.01505642]
 [-0.13575057  0.64405066  0.75284164 -0.08023134]
 [-0.09905229 -0.7648913   0.63649819 -0.41766549]
 [ 0.          0.          0.          1.        ]]"
full_scene,90,139,64,3,30,0.23803454960213338,0.9128798831925004,0.002557573718502781,0.001610374199081971,"[[ 0.30226776 -0.19566274 -0.93292566 -0.03244064]
 [ 0.78560506  0.60543685  0.12755748 -0.0854965 ]
 [ 0.53986933 -0.77146764  0.33671768 -0.42292481]
 [ 0.          0.          0.          1.        ]]","[[ 0.99246331  0.05941263  0.10717613 -0.01762282]
 [-0.12119611  0.60517169  0.78681556 -0.08140442]
 [-0.01811317 -0.7938749   0.60781128 -0.41457107]
 [ 0.          0.          0.          1.        ]]"
full_scene,90,141,64,22,30,0.8942449458979933,0.9021344500016064,0.0023667016214017037,0.0015277695186567976,"[[ 0.96728964  0.03867837  0.25070845 -0.0156862 ]
 [-0.23039756  0.54750691  0.80445829 -0.08692068]
 [-0.10614948 -0.83590679  0.53850917 -0.40210893]
 [ 0.          0.          0.          1.        ]]","[[ 0.98467815  0.01311517  0.17388771 -0.01522519]
 [-0.15384918  0.53477438  0.83087111 -0.08394559]
 [-0.08209367 -0.84489311  0.5285984  -0.40898656]
 [ 0.          0.          0.          1.        ]]"
full_scene,90,163,64,23,30,0.865835591302268,0.9336139283661586,0.0021384145979292694,0.0014306026930046717,"[[ 0.94329613  0.12848021  0.30608047 -0.03457256]
 [-0.31796525  0.61455016  0.72195997 -0.07915568]
 [-0.09534423 -0.77834499  0.62055503 -0.41053338]
 [ 0.          0.          0.          1.        ]]","[[ 0.9439971   0.02120857  0.32927142 -0.03339676]
 [-0.26423606  0.64624884  0.71592021 -0.07637434]
 [-0.19760763 -0.76283198  0.6156611  -0.41471368]
 [ 0.          0.          0.          1.        ]]"
full_scene,90,164,64,4,30,0.2529639189058936,0.5041000431959275,0.0028460220297186873,0.0025466645118158602,"[[-0.68468066  0.20426737 -0.69963364 -0.0221964 ]
 [ 0.4464127   0.87632686 -0.18101639 -0.06695023]
 [ 0.57613201 -0.43626376 -0.69119161 -0.39947123]
 [ 0.          0.          0.          1.        ]]","[[-0.92907069  0.03802482 -0.36794262 -0.01733515]
 [ 0.21341246  0.86755875 -0.44921815 -0.06115699]
 [ 0.3021304  -0.49587895 -0.81413837 -0.40321408]
 [ 0.          0.          0.          1.        ]]"
full_scene,90,169,64,10,28,0.846351015104295,0.9291622489013598,0.0018268704121334816,0.0014484696587946106,"[[ 0.88030395 -0.04059347  0.47267021 -0.05164075]
 [-0.33487232  0.65257339  0.67971207 -0.06964268]
 [-0.33604387 -0.75663739  0.56086931 -0.4069571 ]
 [ 0.          0.          0.          1.        ]]","[[ 0.86269731  0.02023176  0.50531578 -0.04895313]
 [-0.41023617  0.61230932  0.67585767 -0.06900198]
 [-0.29573577 -0.7903594   0.5365374  -0.40988051]
 [ 0.          0.          0.          1.        ]]"
full_scene,90,176,64,2,30,0.08796618579960659,0.48336956793362823,0.0034813429462265946,0.002451405031613582,"[[-0.47316423  0.04644706 -0.87974899 -0.07055354]
 [ 0.57944809  0.7686094  -0.27107103 -0.03582601]
 [ 0.66359289 -0.63802999 -0.39059213 -0.38925801]
 [ 0.          0.          0.          1.        ]]","[[-0.82154843 -0.00124585 -0.57013737 -0.04657256]
 [ 0.41298538  0.68812046 -0.59660146 -0.0356163 ]
 [ 0.39306647 -0.7255954  -0.56480977 -0.39504357]
 [ 0.          0.          0.          1.        ]]"
full_scene,90,182,64,1,30,0.16305927123829517,0.30750502465023793,0.002883517719242548,0.002716146464100974,"[[-0.29992247 -0.01474914 -0.95384956 -0.05478472]
 [ 0.9417388  -0.16413687 -0.29357643 -0.04350226]
 [-0.15223188 -0.9863273   0.06311817 -0.37385948]
 [ 0.          0.          0.          1.        ]]","[[-0.37156861  0.33591187 -0.86550562 -0.03958432]
 [ 0.89624972 -0.1134454  -0.42879666 -0.05982056]
 [-0.24222552 -0.93503655 -0.25890817 -0.38834332]
 [ 0.          0.          0.          1.        ]]"
full_scene,90,194,64,2,30,0.16783938254813133,0.9048725720140369,0.002928645952146895,0.0015669444072474623,"[[ 0.17600648 -0.51185728  0.8408471  -0.0710995 ]
 [-0.65273349  0.57870797  0.48891316 -0.06823623]
 [-0.73685868 -0.63490095 -0.23225003 -0.41836706]
 [ 0.          0.          0.          1.        ]]","[[ 0.76389948  0.01628834  0.64512966 -0.06125358]
 [-0.47639742  0.68858196  0.54671783 -0.05783541]
 [-0.43531952 -0.72497557  0.53376712 -0.41179021]
 [ 0.          0.          0.          1.        ]]"
full_scene,90,195,64,17,30,0.8224790178459869,0.8997104801887769,0.0018579026077527455,0.0014460101505394092,"[[ 0.77805098 -0.05622875  0.62567963 -0.064313  ]
 [-0.37783689  0.75381095  0.53759495 -0.05719477]
 [-0.50187246 -0.65468112  0.56525805 -0.41062534]
 [ 0.          0.          0.          1.        ]]","[[ 0.76524656  0.01930912  0.64344764 -0.06189886]
 [-0.45357329  0.72546472  0.51766033 -0.05946891]
 [-0.45680299 -0.68798844  0.56391748 -0.41132294]
 [ 0.          0.          0.          1.        ]]"
full_scene,90,198,64,12,30,0.7862122883488804,0.8888615195684691,0.0019870732018734006,0.0015108347712406728,"[[ 0.53563242 -0.02530627  0.84407198 -0.07362737]
 [-0.57219584  0.72422853  0.38481808 -0.05478967]
 [-0.62103932 -0.68909552  0.37344014 -0.39877413]
 [ 0.          0.          0.          1.        ]]","[[ 0.62362988  0.02062725  0.78144756 -0.07210157]
 [-0.59406827  0.66226024  0.45661172 -0.05043381]
 [-0.508103   -0.74898991  0.42525927 -0.40219252]
 [ 0.          0.          0.          1.        ]]"
full_scene,90,244,64,5,30,0.32630417786726357,0.5610008603486375,0.0027533893212329445,0.002289810523907604,"[[ 0.05364367  0.05668132  0.99695014 -0.07888703]
 [-0.96135298 -0.26706408  0.06691212  0.01727274]
 [ 0.27004224 -0.9620104   0.04016446 -0.38157493]
 [ 0.          0.          0.          1.        ]]","[[ 0.14765619  0.00990155  0.98898919 -0.08012715]
 [-0.98894846  0.01498956  0.14750004  0.00831887]
 [-0.01336403 -0.99983862  0.01200543 -0.38924957]
 [ 0.          0.          0.          1.        ]]"
full_scene,90,247,64,6,30,0.372184678654429,0.4407305466605264,0.0024040028314554437,0.001951512285723511,"[[ 0.91990646  0.24302004  0.30775538 -0.09571067]
 [-0.34571133  0.13217869  0.92898464  0.01036796]
 [ 0.18508318 -0.96097349  0.20560681 -0.3787992 ]
 [ 0.          0.          0.          1.        ]]","[[ 0.97656568  0.19452705 -0.0920799  -0.09803637]
 [ 0.01882546  0.34899352  0.93693603  0.00881042]
 [ 0.21439469 -0.91671301  0.33715303 -0.37587045]
 [ 0.          0.          0.          1.        ]]"
full_scene,90,248,64,9,30,0.7143499726901781,0.7046719429956554,0.0022619671974656824,0.0017627978517395276,"[[ 2.08926413e-01  4.36238196e-04  9.77931267e-01 -8.25210791e-02]
 [-8.59380634e-01  4.77320051e-01  1.83386189e-01 -4.25652848e-03]
 [-4.66706203e-01 -8.78729411e-01  1.00099661e-01 -3.85097464e-01]
 [ 0.00000000e+00  0.00000000e+00  0.00000000e+00  1.00000000e+00]]","[[ 0.06659584  0.00171317  0.99777856 -0.08259132]
 [-0.84667276  0.52920098  0.05560179 -0.00959241]
 [-0.52793014 -0.84849478  0.03669308 -0.38073432]
 [ 0.          0.          0.          1.        ]]"
full_scene,90,252,64,5,30,0.4612146980390477,0.6749131619061899,0.002728741095561791,0.001906269576338771,"[[-0.0230319  -0.05191535  0.99838586 -0.08245003]
 [-0.56941445  0.82151815  0.02958246 -0.00523199]
 [-0.82172789 -0.56781399 -0.04848248 -0.3861498 ]
 [ 0.          0.          0.          1.        ]]","[[ 0.11799318  0.00492932  0.99300217 -0.08371022]
 [-0.73348846  0.67451528  0.08380821 -0.01703022]
 [-0.66938202 -0.73824443  0.0832038  -0.38425784]
 [ 0.          0.          0.          1.        ]]"
full_scene,91,5,64,17,30,0.5483490944919838,0.7056358190626126,0.00259549219006836,0.0017172932751364231,"[[ 0.54581563 -0.13988371  0.82614638  0.12872437]
 [-0.681586    0.49936418  0.53486067 -0.08805466]
 [-0.4873662  -0.85502513  0.177218   -0.40611938]
 [ 0.          0.          0.          1.        ]]","[[ 0.60048187  0.02438375  0.79926651  0.13818339]
 [-0.7330648   0.41607252  0.53805172 -0.08516398]
 [-0.31943312 -0.90900445  0.26771887 -0.41689873]
 [ 0.          0.          0.          1.        ]]"
full_scene,91,6,64,18,30,0.6501415469853884,0.7039900899260672,0.0024979310909262874,0.001634765876938039,"[[ 0.59536132  0.01605075  0.80329775  0.13533352]
 [-0.72892249  0.43133794  0.53161977 -0.09211344]
 [-0.3379599  -0.90204764  0.26850168 -0.42023653]
 [ 0.          0.          0.          1.        ]]","[[ 0.59615057  0.01912777  0.80264477  0.13666174]
 [-0.71927472  0.45690105  0.52334053 -0.08756788]
 [-0.3567189  -0.88931185  0.28613994 -0.42146748]
 [ 0.          0.          0.          1.        ]]"
full_scene,91,7,64,29,25,0.6484386992670972,0.7065782756614153,0.002603045730619812,0.0016522141272862065,"[[ 0.63715322 -0.10045391  0.7641628   0.12722486]
 [-0.62663854  0.50972717  0.5894933  -0.08857614]
 [-0.44873145 -0.85445142  0.26182601 -0.42384341]
 [ 0.          0.          0.          1.        ]]","[[ 0.57379411  0.01617805  0.81883978  0.13524883]
 [-0.71395721  0.49974838  0.49042498 -0.0891231 ]
 [-0.40127973 -0.86601953  0.29830311 -0.42657722]
 [ 0.          0.          0.          1.        ]]"
full_scene,91,9,64,29,30,0.6796647139251533,0.7393679114947576,0.002225917142584501,0.0016567258102014423,"[[ 0.53924234 -0.09056654  0.83726662  0.12822119]
 [-0.63425792  0.61036872  0.47451755 -0.09076209]
 [-0.55401677 -0.78692295  0.27169412 -0.43339809]
 [ 0.          0.          0.          1.        ]]","[[ 0.55351158  0.03748193  0.83199762  0.13197726]
 [-0.69799344  0.56586153  0.43886888 -0.09291413]
 [-0.45434579 -0.82364788  0.33937304 -0.4326253 ]
 [ 0.          0.          0.          1.        ]]"
full_scene,91,10,64,7,28,0.5926695440152221,0.7183661229691667,0.0022659363661223083,0.0017443149558979338,"[[ 0.57174615 -0.11633395  0.81214084  0.12395277]
 [-0.42384753  0.8056831   0.41379706 -0.09101114]
 [-0.7024668  -0.58081077  0.41133836 -0.42393388]
 [ 0.          0.          0.          1.        ]]","[[ 0.54503338  0.03502876  0.83768228  0.13176924]
 [-0.68018038  0.60263496  0.41735567 -0.09261788]
 [-0.49019718 -0.79724782  0.35228205 -0.43859616]
 [ 0.          0.          0.          1.        ]]"
full_scene,91,11,64,24,30,0.7308501029919428,0.7211649334747018,0.0020633195883330156,0.001670321938122181,"[[ 0.57227828  0.0396186   0.81910191  0.13087122]
 [-0.64517497  0.63831329  0.41988737 -0.08564131]
 [-0.50620829 -0.76875647  0.39085376 -0.44827573]
 [ 0.          0.          0.          1.        ]]","[[ 0.53897341  0.0273755   0.84187781  0.13097321]
 [-0.6523596   0.64583415  0.39664241 -0.09250583]
 [-0.53285515 -0.76298679  0.3659461  -0.44360834]
 [ 0.          0.          0.          1.        ]]"
full_scene,91,12,64,7,30,0.38736751166468536,0.6780011352318122,0.0028887531881571366,0.0016976017403651704,"[[ 0.61471637  0.17420856  0.76926924  0.14344163]
 [-0.72872431  0.49862349  0.46939909 -0.09183142]
 [-0.30180238 -0.84913249  0.43346203 -0.46619937]
 [ 0.          0.          0.          1.        ]]","[[ 0.52869739  0.00925395  0.84875994  0.13115215]
 [-0.62573065  0.67989947  0.3823583  -0.0891157 ]
 [-0.57353311 -0.73324694  0.36525155 -0.45162149]
 [ 0.          0.          0.          1.        ]]"
full_scene,91,13,64,16,30,0.6021655082304307,0.7173058592955137,0.002378978472207042,0.0017049713047286674,"[[ 0.58923473  0.15383958  0.79318082  0.13580683]
 [-0.65713115  0.66242213  0.35968816 -0.08412439]
 [-0.47008625 -0.73316458  0.49141491 -0.46007192]
 [ 0.          0.          0.          1.        ]]","[[ 0.53752253  0.03819472  0.84238394  0.12928056]
 [-0.60854622  0.70909912  0.35615999 -0.09351948]
 [-0.58373027 -0.70407358  0.40440001 -0.450673  ]
 [ 0.          0.          0.          1.        ]]"
full_scene,91,14,64,13,30,0.6494525540930819,0.734216529403575,0.0026543497167228125,0.0016687969683919326,"[[ 0.63351042  0.05010589  0.77211006  0.1260618 ]
 [-0.590193    0.67658797  0.44034186 -0.09609212]
 [-0.50033665 -0.73465511  0.45819767 -0.45324009]
 [ 0.          0.          0.          1.        ]]","[[ 0.51674367  0.04624162  0.85489045  0.12850789]
 [-0.59654882  0.73567694  0.32079424 -0.09243787]
 [-0.61408915 -0.67575228  0.40774179 -0.45494157]
 [ 0.          0.          0.          1.        ]]"
full_scene,91,19,64,2,30,0.2731803269324823,0.46405277756953295,0.0027582525184249233,0.0019958106611096737,"[[-0.21846854 -0.68212888  0.69783357  0.08931139]
 [ 0.67830278  0.40795525  0.61112834 -0.09564226]
 [-0.70155316  0.60685477  0.37356453 -0.42494545]
 [ 0.          0.          0.          1.        ]]","[[-0.42034322 -0.41044076  0.809228    0.10539909]
 [ 0.86284845 -0.45672971  0.21654219 -0.11174865]
 [ 0.28072073  0.78926317  0.54613141 -0.44044651]
 [ 0.          0.          0.          1.        ]]"
full_scene,91,21,64,3,30,0.29899435597014123,0.5467569140258247,0.0027527963137059836,0.0019487470494214665,"[[-0.6043728  -0.19869522  0.77152689  0.10645879]
 [ 0.74671305 -0.47889796  0.46160196 -0.09446261]
 [ 0.27776455  0.85508886  0.43780121 -0.46092713]
 [ 0.          0.          0.          1.        ]]","[[-0.63661686 -0.29181169  0.71383815  0.11322731]
 [ 0.72162463 -0.55187822  0.41795733 -0.09948624]
 [ 0.27198689  0.78120188  0.56191348 -0.45051425]
 [ 0.          0.          0.          1.        ]]"
full_scene,91,24,64,11,30,0.32368743284104257,0.6180123447534798,0.003265548041157699,0.0020689792256688285,"[[-0.99385198 -0.08451533  0.07152207  0.10308643]
 [ 0.10838488 -0.61078409  0.784344   -0.08455113]
 [-0.02260455  0.78727375  0.61618916 -0.43990225]
 [ 0.          0.          0.          1.        ]]","[[-0.87054641 -0.25144167  0.42299649  0.11478173]
 [ 0.49064117 -0.50934787  0.7069908  -0.09248241]
 [ 0.03768541  0.82300779  0.5667786  -0.4423282 ]
 [ 0.          0.          0.          1.        ]]"
full_scene,91,25,64,9,30,0.28952695104580556,0.5937655068024661,0.003109334399931492,0.002039178352932001,"[[-0.98048562 -0.0103603   0.19631763  0.10679234]
 [ 0.18193149 -0.42620491  0.8861435  -0.09800384]
 [ 0.07449083  0.90456732  0.41977265 -0.43886157]
 [ 0.          0.          0.          1.        ]]","[[-0.89017341 -0.23202871  0.39211475  0.11749745]
 [ 0.45520956 -0.48952187  0.74374229 -0.09065329]
 [ 0.01937918  0.840554    0.54138104 -0.43996841]
 [ 0.          0.          0.          1.        ]]"
full_scene,91,26,64,9,30,0.4189969263063198,0.42710776491419716,0.0026882220454972267,0.0024839231570371436,"[[ 0.50291497 -0.2327027   0.83242176  0.109491  ]
 [-0.53039512  0.67734183  0.50979315 -0.09493661]
 [-0.68246432 -0.69789505  0.21722097 -0.40892614]
 [ 0.          0.          0.          1.        ]]","[[ 0.42657763 -0.14895759  0.89210042  0.11875639]
 [-0.66764583  0.61353351  0.42169383 -0.0979006 ]
 [-0.610148   -0.77549228  0.16226876 -0.4226878 ]
 [ 0.          0.          0.          1.        ]]"
full_scene,91,28,64,22,30,0.4026395924589192,0.4451143978095024,0.002910035792191413,0.0023001334731087746,"[[ 0.77354684 -0.2969876   0.55984252  0.12041217]
 [-0.41020616  0.43872897  0.79952973 -0.0884387 ]
 [-0.48306955 -0.84812455  0.21755126 -0.41249389]
 [ 0.          0.          0.          1.        ]]","[[ 0.5489033  -0.19200588  0.81353483  0.12188395]
 [-0.66671427  0.48647275  0.56465596 -0.08636198]
 [-0.50417979 -0.85233679  0.13901343 -0.41722317]
 [ 0.          0.          0.          1.        ]]"
full_scene,91,31,64,10,30,0.24913340401757825,0.5309029376800574,0.0033384776982228184,0.002502489699822326,"[[-0.85301417 -0.22772459  0.46958315  0.11837337]
 [ 0.50729446 -0.15051192  0.84852725 -0.10232118]
 [-0.12255265  0.9620227   0.24391222 -0.40934119]
 [ 0.          0.          0.          1.        ]]","[[-0.81580779 -0.25219858  0.52043591  0.11923273]
 [ 0.57350233 -0.23684437  0.78421924 -0.09573215]
 [-0.07451666  0.93824337  0.33785596 -0.40991824]
 [ 0.          0.          0.          1.        ]]"
full_scene,91,33,64,1,30,0.19301439745251125,0.30284272041525206,0.0030170346860593435,0.0023498235558936276,"[[ 0.96893018 -0.01635069 -0.24679337  0.11954925]
 [-0.24656089  0.01499989 -0.96901121 -0.10003604]
 [ 0.01954587  0.9997538   0.01050241 -0.36055556]
 [ 0.          0.          0.          1.        ]]","[[ 0.96058644 -0.07191823  0.26851714  0.11588345]
 [ 0.2526295  -0.17717297 -0.95120349 -0.08733636]
 [ 0.11598285  0.98154853 -0.15202128 -0.37692119]
 [ 0.          0.          0.          1.        ]]"
full_scene,91,35,64,6,30,0.1972947211720733,0.39184418050899794,0.002935407121431049,0.002520833287885435,"[[-0.745154   -0.04857878 -0.66512075  0.10024397]
 [ 0.45006624  0.69934375 -0.55530055 -0.08859876]
 [ 0.49212386 -0.71313282 -0.49925512 -0.42641645]
 [ 0.          0.          0.          1.        ]]","[[-0.98462952 -0.12332573 -0.12367486  0.10478844]
 [ 0.04586579  0.50067513 -0.86441931 -0.08047993]
 [ 0.16852607 -0.85680521 -0.48732308 -0.43443755]
 [ 0.          0.          0.          1.        ]]"
full_scene,91,40,64,8,30,0.2678183200711126,0.44165515370253355,0.002899874168257911,0.0020993120285823924,"[[ 0.1469804  -0.196544   -0.96941592  0.0744308 ]
 [ 0.82505851  0.56494875  0.01055289 -0.12110795]
 [ 0.5455962  -0.80137592  0.2451967  -0.45486158]
 [ 0.          0.          0.          1.        ]]","[[-0.05326518  0.02009133 -0.99837826  0.07972889]
 [ 0.80436239  0.59333107 -0.03097393 -0.12319277]
 [ 0.59174654 -0.80470776 -0.0477646  -0.44770244]
 [ 0.          0.          0.          1.        ]]"
full_scene,91,41,64,4,30,0.28359375836697975,0.39386118042689,0.002638471318439522,0.0018510990611950602,"[[ 0.48814343 -0.13098909  0.86287766  0.08555874]
 [-0.53316504  0.73798949  0.41365028 -0.09288306]
 [-0.69097832 -0.66197686  0.29040592 -0.46692043]
 [ 0.          0.          0.          1.        ]]","[[ 0.65183245 -0.0941052   0.75250161  0.09382094]
 [-0.58310896  0.57222813  0.57666187 -0.11547735]
 [-0.48486947 -0.81467735  0.31812328 -0.45704998]
 [ 0.          0.          0.          1.        ]]"
full_scene,91,52,64,3,30,0.11919934028038084,0.30603065125892925,0.0026185680078755296,0.0022885729432265637,"[[-0.22672097  0.55896163 -0.79759607  0.06844635]
 [ 0.96650584  0.23024291 -0.11337843 -0.10338277]
 [ 0.12026665 -0.79658653 -0.59244058 -0.40997508]
 [ 0.          0.          0.          1.        ]]","[[-0.91665292 -0.01371828 -0.39944867  0.09001363]
 [ 0.31349706  0.59526025 -0.7398546  -0.11378274]
 [ 0.24792545 -0.80341586 -0.5413464  -0.43635584]
 [ 0.          0.          0.          1.        ]]"
full_scene,91,53,64,1,30,0.16242739692773428,0.372184678654429,0.002844034826768789,0.0019794079213818322,"[[-0.83595575  0.47927854  0.26733885  0.08285081]
 [ 0.18569407 -0.21137443  0.95960334 -0.1542619 ]
 [ 0.51642588  0.85182917  0.08770049 -0.37281748]
 [ 0.          0.          0.          1.        ]]","[[-0.64009957 -0.26256999  0.72203153  0.06796012]
 [ 0.74739026 -0.43052786  0.50601736 -0.14929475]
 [ 0.17798972  0.86354083  0.47182295 -0.40240115]
 [ 0.          0.          0.          1.        ]]"
full_scene,91,54,64,2,30,0.22893841545914415,0.3257865407201939,0.0028248893175578643,0.002110678552568591,"[[-0.61387588 -0.19978037 -0.76370427  0.05789532]
 [-0.6071711  -0.49876651  0.61852666 -0.14084977]
 [-0.5044796   0.84339776  0.18487986 -0.42008187]
 [ 0.          0.          0.          1.        ]]","[[-0.12011167  0.18504062 -0.97536309  0.05588429]
 [-0.94230848 -0.33046764  0.0533466  -0.14153728]
 [-0.31245465  0.92550047  0.21405836 -0.43173237]
 [ 0.          0.          0.          1.        ]]"
full_scene,91,55,64,4,30,0.28221220267100766,0.3398805507659245,0.002774167031167313,0.0024337080847157268,"[[-0.25790224 -0.43690153  0.86174444  0.0418253 ]
 [-0.95420801 -0.02474227 -0.29811892 -0.10828296]
 [ 0.15157013 -0.89916899 -0.41051386 -0.42978202]
 [ 0.          0.          0.          1.        ]]","[[-0.7211071  -0.03480668  0.69194873  0.04070504]
 [-0.5879685   0.55902293 -0.58462501 -0.09949587]
 [-0.36646635 -0.8284213  -0.42358064 -0.45379414]
 [ 0.          0.          0.          1.        ]]"
full_scene,91,59,64,2,30,0.29524594904308527,0.5652918938022768,0.0029437216829580593,0.0021129193099670095,"[[-0.96937446 -0.01923761  0.24483274  0.0853425 ]
 [ 0.24532776 -0.12168024  0.96177347 -0.12368833]
 [ 0.01128908  0.99238291  0.12267324 -0.42195572]
 [ 0.          0.          0.          1.        ]]","[[-0.90268104 -0.15958981  0.39962236  0.09023743]
 [ 0.42953507 -0.27845598  0.85904708 -0.11500158]
 [-0.02581793  0.94709733  0.31990636 -0.42536331]
 [ 0.          0.          0.          1.        ]]"
full_scene,91,60,64,2,30,0.16939943381205844,0.451890089569076,0.0031224629452556493,0.002329387880203667,"[[-0.98199983 -0.08857931  0.16682336  0.09434761]
 [ 0.17331249 -0.07142369  0.98227361 -0.12175765]
 [-0.07509398  0.99350509  0.08548995 -0.4061809 ]
 [ 0.          0.          0.          1.        ]]","[[-0.61404519 -0.27345286  0.74038641  0.10072088]
 [ 0.78786515 -0.15640326  0.59565638 -0.11543406]
 [-0.04708509  0.94908459  0.31148265 -0.41654619]
 [ 0.          0.          0.          1.        ]]"
full_scene,91,61,64,4,30,0.26863582977234673,0.37655425015796856,0.0027232272579002675,0.0020303367955450745,"[[ 0.78096587  0.04017439 -0.62328029  0.04972634]
 [ 0.62454582 -0.04080292  0.77992156 -0.13840623]
 [ 0.00590122 -0.99835922 -0.05695644 -0.38911774]
 [ 0.          0.          0.          1.        ]]","[[ 0.13373312  0.0361809  -0.9903567   0.05913954]
 [ 0.96837874  0.20760999  0.13834997 -0.13717599]
 [ 0.21061357 -0.97754234 -0.00727249 -0.39846987]
 [ 0.          0.          0.          1.        ]]"
full_scene,91,62,64,3,30,0.3032318407533941,0.48207369011027457,0.003150670827966514,0.001969034993542394,"[[ 0.38125539 -0.09987684 -0.91905873  0.04952061]
 [ 0.91228149  0.20154584  0.35654138 -0.13384388]
 [ 0.14962224 -0.97437359  0.16795623 -0.41153323]
 [ 0.          0.          0.          1.        ]]","[[ 0.58330773  0.07894922 -0.80840529  0.04853253]
 [ 0.78456582  0.2028692   0.58591857 -0.13728192]
 [ 0.21025834 -0.97601799  0.05639431 -0.40508463]
 [ 0.          0.          0.          1.        ]]"
full_scene,91,63,64,2,30,0.3173151410650474,0.30631981407901643,0.002947113901994781,0.002242637362438831,"[[-0.9748619  -0.17481128  0.13814955  0.0526937 ]
 [-0.1856311   0.2943067  -0.93750982 -0.11130688]
 [ 0.12322895 -0.93958745 -0.3193588  -0.42139847]
 [ 0.          0.          0.          1.        ]]","[[-0.9802873  -0.18776243  0.06149867  0.07209217]
 [-0.12159623  0.32800013 -0.93681923 -0.10977104]
 [ 0.15572788 -0.92583    -0.34436556 -0.41080821]
 [ 0.          0.          0.          1.        ]]"
full_scene,91,64,64,4,30,0.31833613571375025,0.4964068842170649,0.002695589609272647,0.002180400602727874,"[[ 0.94449087 -0.32373293  0.05598203  0.0485638 ]
 [-0.05553973  0.01061274  0.99840007 -0.1394844 ]
 [-0.32380911 -0.94608898 -0.00795641 -0.41211221]
 [ 0.          0.          0.          1.        ]]","[[ 0.9830837  -0.15692495  0.094451    0.0546234 ]
 [-0.06830613  0.16436017  0.98403252 -0.13099613]
 [-0.16994323 -0.97383792  0.15086087 -0.42618965]
 [ 0.          0.          0.          1.        ]]"
full_scene,91,66,64,3,30,0.22263395199897187,0.5059813864821736,0.002648722913118802,0.0018734234465868453,"[[ 0.93027465 -0.0698344  -0.36015584  0.03148116]
 [ 0.36635898  0.22832414  0.90202505 -0.15253163]
 [ 0.01923989 -0.97107736  0.23798862 -0.39080755]
 [ 0.          0.          0.          1.        ]]","[[ 0.68340226  0.08068252 -0.7255699   0.03042619]
 [ 0.65688994  0.36567523  0.6593764  -0.13745338]
 [ 0.31852308 -0.92723889  0.19690374 -0.43365319]
 [ 0.          0.          0.          1.        ]]"
full_scene,91,67,64,3,30,0.1625059349776345,0.3459672496331916,0.0025726414998198084,0.002357563230348256,"[[ 0.73663342 -0.65345345  0.17426928  0.04340323]
 [-0.11795684  0.12959112  0.98452645 -0.14731778]
 [-0.66592596 -0.74579134  0.01838184 -0.41265217]
 [ 0.          0.          0.          1.        ]]","[[ 0.89055922 -0.3250587   0.31818408  0.04339887]
 [-0.20379005  0.34025095  0.91798633 -0.13575338]
 [-0.40666188 -0.88236395  0.23676989 -0.43129169]
 [ 0.          0.          0.          1.        ]]"
full_scene,91,68,64,5,30,0.26008232215594085,0.3499155715963573,0.0028029335202598878,0.0019545980902869846,"[[-0.20087638  0.09569346 -0.97493151  0.03328282]
 [-0.66020921 -0.74847139  0.06256503 -0.17339568]
 [-0.72372127  0.6562266   0.21352793 -0.38568452]
 [ 0.          0.          0.          1.        ]]","[[-0.5249285   0.2804606  -0.8036118   0.0296524 ]
 [-0.82371937 -0.40514304  0.39666803 -0.1617891 ]
 [-0.21432797  0.87017295  0.44369196 -0.39974319]
 [ 0.          0.          0.          1.        ]]"
full_scene,91,70,64,5,30,0.16293432434072663,0.39174065307958406,0.002703861986528805,0.00215815733581765,"[[-0.56403443  0.49221631 -0.66301453  0.00864635]
 [-0.81429584 -0.46482516  0.34764904 -0.12509947]
 [-0.13706731  0.735976    0.66298709 -0.47452234]
 [ 0.          0.          0.          1.        ]]","[[-0.26644077  0.21803273 -0.93886689  0.02241766]
 [-0.85871166 -0.49609018  0.12848669 -0.13215833]
 [-0.43774834  0.84045004  0.31940589 -0.46660526]
 [ 0.          0.          0.          1.        ]]"
full_scene,91,71,64,2,30,0.16520835787647392,0.4028609269631835,0.0030100736292453453,0.0022907102944428447,"[[-0.88382034  0.43461777 -0.17311553  0.00355614]
 [-0.36635567 -0.41286399  0.83386261 -0.12209401]
 [ 0.29093834  0.8004066   0.52412228 -0.47317268]
 [ 0.          0.          0.          1.        ]]","[[-0.45299824  0.20473186 -0.86768512  0.0206612 ]
 [-0.78560443 -0.55177095  0.27995448 -0.12453975]
 [-0.42144784  0.80847615  0.41078952 -0.47525351]
 [ 0.          0.          0.          1.        ]]"
full_scene,91,72,64,5,30,0.4175332626490884,0.4617144856293218,0.002608584513141458,0.002371853151965347,"[[-0.58240661 -0.03666969 -0.81207011  0.02581771]
 [-0.46266392 -0.80644098  0.36823233 -0.14793794]
 [-0.66838958  0.59017648  0.45271082 -0.43846672]
 [ 0.          0.          0.          1.        ]]","[[-0.49453267  0.23745718 -0.83609301  0.02516822]
 [-0.73107342 -0.63390473  0.25238156 -0.1550712 ]
 [-0.4700735   0.7360563   0.48708524 -0.43624561]
 [ 0.          0.          0.          1.        ]]"
full_scene,91,73,64,3,30,0.19784805743273395,0.31088216079594744,0.0032902882709911455,0.0021844880825535222,"[[-0.11117862  0.56180239 -0.81976667  0.04739817]
 [-0.99012637 -0.13348215  0.04280522 -0.17086453]
 [-0.08537615  0.81643162  0.57109573 -0.40361522]
 [ 0.          0.          0.          1.        ]]","[[-0.11677566  0.36025879 -0.92551448  0.03480969]
 [-0.88161909 -0.46667869 -0.07041862 -0.17991527]
 [-0.45728681  0.80772805  0.37210774 -0.40979429]
 [ 0.          0.          0.          1.        ]]"
full_scene,91,74,64,1,30,0.11070652115707967,0.3908803044420407,0.002989432168913204,0.0020265915927606417,"[[ 0.0521522  -0.38305731  0.92225119  0.03709117]
 [ 0.46134738 -0.80981057 -0.3624437  -0.09148244]
 [ 0.88568547  0.4443804   0.13448908 -0.46788301]
 [ 0.          0.          0.          1.        ]]","[[-0.75739937 -0.05680428  0.65047634  0.03713484]
 [ 0.49786851 -0.69478942  0.51903238 -0.10823367]
 [ 0.42246083  0.71696648  0.55451413 -0.48585229]
 [ 0.          0.          0.          1.        ]]"
full_scene,91,75,64,10,30,0.42000721122094536,0.5061170431138194,0.002708668684782083,0.00194026032613259,"[[ 0.72594228  0.08346588 -0.68267214  0.02185233]
 [ 0.37888505  0.77986769  0.49824944 -0.11344388]
 [ 0.57398078 -0.6203546   0.53451496 -0.48121426]
 [ 0.          0.          0.          1.        ]]","[[ 0.41629608  0.05784897 -0.90738694  0.02074448]
 [ 0.59293091  0.73930308  0.31916123 -0.11918455]
 [ 0.68929711 -0.67088333  0.27346854 -0.48078656]
 [ 0.          0.          0.          1.        ]]"
full_scene,91,77,64,2,30,0.0770993756225033,0.36531616919951876,0.0030703992481094173,0.002070725170487295,"[[ 0.91989415  0.3697396   0.1307187  -0.01804235]
 [-0.27275232  0.36369731  0.89069099 -0.16092368]
 [ 0.28178169 -0.85499526  0.43541036 -0.41938952]
 [ 0.          0.          0.          1.        ]]","[[ 0.68431757 -0.06327606 -0.72643348  0.00119166]
 [ 0.56412122  0.67718365  0.47242942 -0.15888135]
 [ 0.4620354  -0.73308829  0.49910404 -0.43025087]
 [ 0.          0.          0.          1.        ]]"
full_scene,91,78,64,5,30,0.33570732438713546,0.5255373609073287,0.0025703844419042456,0.001971946256266951,"[[ 0.56894658  0.47582741 -0.67073696  0.01747697]
 [ 0.27014113  0.66221354  0.6989256  -0.10921109]
 [ 0.77673905 -0.57884497  0.24822358 -0.47336045]
 [ 0.          0.          0.          1.        ]]","[[ 0.38460781  0.06180889 -0.92100841 -0.00963979]
 [ 0.6465423   0.69409268  0.31657291 -0.11959723]
 [ 0.65883222 -0.71722731  0.2269914  -0.47926083]
 [ 0.          0.          0.          1.        ]]"
full_scene,91,81,64,4,30,0.25136102870565724,0.5091550376804144,0.0031846095852538945,0.0018531497165147422,"[[ 0.70239414  0.32689212 -0.63228476  0.01196174]
 [ 0.40687045  0.54448096  0.73348273 -0.1276866 ]
 [ 0.58403674 -0.77245196  0.24943749 -0.46282316]
 [ 0.          0.          0.          1.        ]]","[[ 0.44984834  0.08400381 -0.88914556 -0.00710978]
 [ 0.70849344  0.57257585  0.41254567 -0.12878538]
 [ 0.54375869 -0.81553679  0.19805615 -0.46621432]
 [ 0.          0.          0.          1.        ]]"
full_scene,91,82,64,1,30,0.20056475997700976,0.3309843316590449,0.002860074091558149,0.0023724852129365145,"[[ 0.68693601  0.24688825  0.68349478 -0.02560405]
 [ 0.6790193   0.11707068 -0.72472563 -0.15078325]
 [-0.25894344  0.96194628 -0.08722182 -0.40347625]
 [ 0.          0.          0.          1.        ]]","[[ 0.6409146   0.10832499  0.75993037 -0.02719341]
 [ 0.74892964 -0.30533193 -0.58811291 -0.15389761]
 [ 0.16832368  0.94606454 -0.27681949 -0.40982277]
 [ 0.          0.          0.          1.        ]]"
full_scene,91,85,64,3,30,0.08494961070116629,0.4806849945915843,0.0030815793787887535,0.0017391387391322848,"[[ 0.62142341  0.38603804 -0.68176798  0.00934809]
 [ 0.7519251  -0.04940798  0.65739447 -0.16472348]
 [ 0.22009449 -0.92115877 -0.32097497 -0.45741646]
 [ 0.          0.          0.          1.        ]]","[[ 0.48769953  0.05297958 -0.87140251 -0.00121674]
 [ 0.7905906   0.39656992  0.46658205 -0.14023199]
 [ 0.37029134 -0.91647448  0.15152181 -0.44098917]
 [ 0.          0.          0.          1.        ]]"
full_scene,91,92,64,4,30,0.15667269981686355,0.3047811822832439,0.003131952167000808,0.002698837320548171,"[[ 0.89530983 -0.13099464  0.42574725 -0.00563946]
 [ 0.39172293 -0.22349739 -0.89252567 -0.11997945]
 [ 0.21206948  0.96586196 -0.1487858  -0.44392841]
 [ 0.          0.          0.          1.        ]]","[[ 0.96387903  0.08251725 -0.25323531  0.00697901]
 [-0.23467385 -0.18652872 -0.95401007 -0.11828408]
 [-0.12595794  0.97897801 -0.16042648 -0.43399709]
 [ 0.          0.          0.          1.        ]]"
full_scene,91,93,64,7,30,0.10004676583880422,0.31764714282144374,0.0031526369095725548,0.0025304126863504115,"[[ 0.68466328  0.34644319  0.64125916 -0.05845362]
 [ 0.70418603 -0.08743718 -0.70461108 -0.12399864]
 [-0.18803782  0.93398708 -0.30382548 -0.42912001]
 [ 0.          0.          0.          1.        ]]","[[ 0.99378229  0.10761373  0.02856637 -0.04700244]
 [ 0.05077547 -0.20969641 -0.97644727 -0.11672051]
 [-0.09908887  0.97182648 -0.21385672 -0.42761906]
 [ 0.          0.          0.          1.        ]]"
full_scene,91,95,64,11,30,0.360125518083386,0.43042778247816105,0.002464237700102295,0.0022781330443642687,"[[-0.77342178  0.16950627 -0.61080797 -0.02606439]
 [-0.60601534 -0.48033222  0.63405549 -0.16313603]
 [-0.18591437  0.86055132  0.4742228  -0.36681311]
 [ 0.          0.          0.          1.        ]]","[[-0.71802518  0.27259929 -0.64041352 -0.0269458 ]
 [-0.69355575 -0.357537    0.62541803 -0.15619116]
 [-0.05848301  0.89322837  0.44578338 -0.38511349]
 [ 0.          0.          0.          1.        ]]"
full_scene,91,99,64,5,30,0.2915403810523385,0.30163966028723505,0.0028364434618287477,0.0027393914727600298,"[[-0.73764879 -0.29967909  0.60503447 -0.05647142]
 [-0.61868688  0.65884346 -0.42796242 -0.11889925]
 [-0.27037162 -0.69001285 -0.6714026  -0.43030924]
 [ 0.          0.          0.          1.        ]]","[[-0.79740332 -0.03162929  0.60261723 -0.06045974]
 [-0.43872418  0.71604788 -0.54295167 -0.12420848]
 [-0.41432962 -0.69733422 -0.58485549 -0.43993381]
 [ 0.          0.          0.          1.        ]]"
full_scene,91,100,64,4,30,0.23558202049843102,0.30604850081572477,0.0025828784281236453,0.0022387281564141158,"[[ 0.91700437 -0.32798386 -0.22700127 -0.00758486]
 [ 0.34246469  0.35560894  0.86963223 -0.14542501]
 [-0.20450165 -0.87519647  0.43841785 -0.40013667]
 [ 0.          0.          0.          1.        ]]","[[ 0.97347624 -0.17312358 -0.14957349 -0.0165207 ]
 [ 0.21577772  0.47741773  0.85177009 -0.15806807]
 [-0.07605245 -0.86145257  0.50211103 -0.39794558]
 [ 0.          0.          0.          1.        ]]"
full_scene,91,101,64,1,13,0.10478760812369028,0.4218707049503961,0.0032950940665605177,0.001884778816295933,"[[ 0.38767473  0.71115878 -0.58648231 -0.01158014]
 [-0.89516042  0.13860433 -0.42364685 -0.16083612]
 [-0.21999118  0.68923293  0.69033459 -0.39223148]
 [ 0.          0.          0.          1.        ]]","[[-0.42957266  0.41577066 -0.80162465 -0.02699673]
 [-0.8562671  -0.46950505  0.21534082 -0.17317733]
 [-0.28683442  0.77890934  0.55769727 -0.39846831]
 [ 0.          0.          0.          1.        ]]"
full_scene,91,102,64,8,30,0.3321409829393936,0.37315926445546355,0.0028494316922063963,0.0018465515742225175,"[[-0.63863886  0.09987074 -0.76299819 -0.03317182]
 [-0.55976908 -0.74066334  0.37158633 -0.18509007]
 [-0.52801418  0.66441226  0.52892094 -0.39873836]
 [ 0.          0.          0.          1.        ]]","[[-0.40785648  0.47527113 -0.77959634 -0.02175268]
 [-0.86590209 -0.47215999  0.1651621  -0.17872037]
 [-0.28959742  0.74241653  0.60411177 -0.39489069]
 [ 0.          0.          0.          1.        ]]"
full_scene,91,103,64,3,30,0.41644086977320355,0.4683937897821997,0.0020376996659122746,0.0017069480750053054,"[[-0.51832359  0.35402765 -0.77846328 -0.0284628 ]
 [-0.71843401 -0.67404159  0.17181534 -0.18253533]
 [-0.46388924  0.64833044  0.60371716 -0.40567164]
 [ 0.          0.          0.          1.        ]]","[[-0.4893779   0.45954611 -0.74116573 -0.02541461]
 [-0.81901535 -0.53411211  0.20961422 -0.17067668]
 [-0.29953819  0.70960667  0.63775798 -0.41078885]
 [ 0.          0.          0.          1.        ]]"
full_scene,91,109,64,7,30,0.16718608876941585,0.30207161956168627,0.0024801060395722545,0.0021849775748002125,"[[-0.6631174  -0.27423269  0.69647092 -0.08051481]
 [-0.63036116  0.70634793 -0.32205187 -0.14744164]
 [-0.40363364 -0.65258642 -0.64125724 -0.3953043 ]
 [ 0.          0.          0.          1.        ]]","[[-0.81773263 -0.35149858  0.45580927 -0.09836257]
 [-0.5702705   0.6022337  -0.5586646  -0.12865087]
 [-0.07813388 -0.71677285 -0.69291542 -0.42813837]
 [ 0.          0.          0.          1.        ]]"
full_scene,91,110,64,10,30,0.40753751084360573,0.48648253063876423,0.0024132764782291987,0.0016932692747424847,"[[-0.62078231  0.3494506  -0.70179313 -0.06073025]
 [-0.70424633 -0.64189542  0.30332717 -0.17146961]
 [-0.34447994  0.68253538  0.64457663 -0.38719334]
 [ 0.          0.          0.          1.        ]]","[[-0.67223136  0.40774159 -0.61794158 -0.0571189 ]
 [-0.71415125 -0.57717551  0.39605103 -0.16127483]
 [-0.19517427  0.70754167  0.67918465 -0.39419871]
 [ 0.          0.          0.          1.        ]]"
full_scene,91,111,64,5,30,0.2384486593197891,0.38420814011188104,0.0023756127507252867,0.0023968912186575647,"[[ 0.91925741 -0.34424927  0.19094044 -0.04123317]
 [-0.06049735  0.35573982  0.93262492 -0.1482037 ]
 [-0.38898057 -0.86887376  0.3061903  -0.39721841]
 [ 0.          0.          0.          1.        ]]","[[ 0.98523529 -0.13365994 -0.10698809 -0.04911471]
 [ 0.16028021  0.50042426  0.85081479 -0.1454904 ]
 [-0.06018042 -0.85540083  0.51445868 -0.40029775]
 [ 0.          0.          0.          1.        ]]"
full_scene,91,112,64,14,30,0.40082964739985505,0.4649916642569765,0.002100745186465444,0.0018151364215184653,"[[-0.59565148  0.41823362 -0.6857696  -0.0535962 ]
 [-0.79756597 -0.40927715  0.44314867 -0.16462748]
 [-0.09533016  0.81090866  0.57735545 -0.3711637 ]
 [ 0.          0.          0.          1.        ]]","[[-0.66319104  0.40164462 -0.63155304 -0.05680676]
 [-0.73645079 -0.50067736  0.45493122 -0.16128057]
 [-0.13348363  0.76681404  0.62783624 -0.38142619]
 [ 0.          0.          0.          1.        ]]"
full_scene,91,113,64,13,30,0.5439045548499031,0.6575633927009592,0.002394074580516173,0.001703401233476562,"[[ 0.71671202  0.26034517 -0.64694998 -0.05668722]
 [ 0.45921014  0.52198893  0.7187862  -0.11610497]
 [ 0.52483325 -0.8122487   0.2545626  -0.44250598]
 [ 0.          0.          0.          1.        ]]","[[ 0.7761874   0.02638881 -0.6299498  -0.06502621]
 [ 0.55222413  0.45371125  0.69942448 -0.12631546]
 [ 0.30427229 -0.89075795  0.33759242 -0.42976196]
 [ 0.          0.          0.          1.        ]]"
full_scene,91,115,64,20,30,0.33461136159989147,0.38482930468836457,0.0022766629407988573,0.0020142912329592687,"[[ 0.87389059 -0.11109338 -0.47325838 -0.05153252]
 [ 0.47674363  0.3861697   0.78967618 -0.15118608]
 [ 0.09503025 -0.91571351  0.39043313 -0.37137775]
 [ 0.          0.          0.          1.        ]]","[[ 0.86897966 -0.0281402  -0.49404704 -0.0559405 ]
 [ 0.46727964  0.37524586  0.80052501 -0.14764827]
 [ 0.16286218 -0.92649807  0.33923036 -0.376208  ]
 [ 0.          0.          0.          1.        ]]"
full_scene,91,116,64,5,30,0.34955144063772897,0.491248362303164,0.0028135934094126497,0.0019805998058313443,"[[-0.78630652  0.18335572 -0.59000232 -0.05954962]
 [-0.61173016 -0.36497587  0.7018396  -0.15652286]
 [-0.08665031  0.91278327  0.39914713 -0.36025635]
 [ 0.          0.          0.          1.        ]]","[[-0.70619292  0.32689195 -0.62803918 -0.05790596]
 [-0.70669422 -0.37968559  0.597011   -0.15143834]
 [-0.04329934  0.8654366   0.49914392 -0.37037255]
 [ 0.          0.          0.          1.        ]]"
full_scene,91,117,64,3,30,0.40553836048250924,0.41990011388017234,0.0025907573575434002,0.0020310521103616814,"[[-0.83745609  0.14352696 -0.52732089 -0.05714754]
 [-0.5408748  -0.35581486  0.76213531 -0.15022604]
 [-0.07824164  0.92346944  0.37560943 -0.36429805]
 [ 0.          0.          0.          1.        ]]","[[-0.64383927  0.41524744 -0.64268232 -0.05697368]
 [-0.76196517 -0.27126393  0.58806884 -0.15053193]
 [ 0.06985755  0.86832335  0.49105446 -0.36714098]
 [ 0.          0.          0.          1.        ]]"
full_scene,91,122,64,9,30,0.37801791381519995,0.555817349055223,0.002897109387700417,0.0020713756820059173,"[[-0.65534221  0.12845929 -0.74432843 -0.09339822]
 [-0.70562001 -0.45570967  0.54261321 -0.13710477]
 [-0.26949396  0.88081037  0.38928923 -0.33754261]
 [ 0.          0.          0.          1.        ]]","[[-0.86962838  0.31417782 -0.38083956 -0.08628965]
 [-0.47885901 -0.34900145  0.80553835 -0.12791818]
 [ 0.12016872  0.88288747  0.45394845 -0.35120037]
 [ 0.          0.          0.          1.        ]]"
full_scene,91,123,64,2,30,0.4533537532263074,0.4938508276839486,0.0024953193729696024,0.001894048759021372,"[[-0.73127324  0.50491673 -0.45858319 -0.08268167]
 [-0.6201758  -0.21231887  0.75518387 -0.13454364]
 [ 0.28393911  0.83664795  0.46840025 -0.33998066]
 [ 0.          0.          0.          1.        ]]","[[-0.74364636  0.48756319 -0.45746282 -0.07856087]
 [-0.64058137 -0.32369003  0.69633345 -0.13917144]
 [ 0.1914304   0.81086799  0.55303481 -0.33134084]
 [ 0.          0.          0.          1.        ]]"
full_scene,91,125,64,1,30,0.13082654157697265,0.4619215404881497,0.0031785462562994027,0.00177447304720512,"[[-0.70855118  0.60815494 -0.35791451 -0.07734504]
 [-0.38238275  0.09538655  0.91906737 -0.13813829]
 [ 0.59307559  0.78806661  0.16496171 -0.33988507]
 [ 0.          0.          0.          1.        ]]","[[-0.69152601  0.53754578 -0.48253116 -0.07925027]
 [-0.70222325 -0.34367335  0.62351514 -0.14398387]
 [ 0.16933483  0.77002154  0.6151362  -0.34439295]
 [ 0.          0.          0.          1.        ]]"
full_scene,91,126,64,3,30,0.20734759155930158,0.43712136627647535,0.0026066445020263168,0.0021746027014335006,"[[ 0.84503964 -0.5009208   0.1870464  -0.06239795]
 [-0.13315351  0.14165428  0.98092008 -0.13170483]
 [-0.5178592  -0.85382224  0.05300412 -0.3685444 ]
 [ 0.          0.          0.          1.        ]]","[[ 0.94984578 -0.1334906  -0.28279542 -0.08041676]
 [ 0.31254571  0.37516111  0.87267939 -0.13373071]
 [-0.01040065 -0.91729733  0.39806711 -0.36705973]
 [ 0.          0.          0.          1.        ]]"
full_scene,91,129,64,5,30,0.35058314502050913,0.3076549609273202,0.0020391510794887085,0.0019463832226591178,"[[-0.83405463 -0.0792177  -0.54596467 -0.09553982]
 [-0.20549467 -0.87380894  0.44071519 -0.18068303]
 [-0.51198126  0.47977337  0.71252558 -0.35161186]
 [ 0.          0.          0.          1.        ]]","[[-0.71229925 -0.19630977 -0.67386368 -0.11421429]
 [-0.10704769 -0.9184722   0.38072249 -0.18884846]
 [-0.69366459  0.3433239   0.63321255 -0.36593441]
 [ 0.          0.          0.          1.        ]]"
full_scene,91,130,64,4,30,0.10862883274608291,0.4664374783574124,0.002880070245059725,0.0016683368854665613,"[[-0.46153271  0.79870098 -0.38608846 -0.07993631]
 [-0.81927516 -0.55067767 -0.15981962 -0.16075123]
 [-0.34025838  0.24255071  0.90851163 -0.37965591]
 [ 0.          0.          0.          1.        ]]","[[-0.69317207  0.47577899 -0.54143035 -0.08253272]
 [-0.71637326 -0.53763223  0.44470321 -0.15271308]
 [-0.07950996  0.69612207  0.71350699 -0.37316823]
 [ 0.          0.          0.          1.        ]]"
full_scene,91,131,64,14,30,0.3784855722032422,0.5136602658155998,0.002225295102413602,0.0016225115889565642,"[[-0.45922494  0.76574808 -0.45026918 -0.08137551]
 [-0.86648573 -0.2744395   0.41699574 -0.14777254]
 [ 0.19574204  0.58164666  0.78953924 -0.38662052]
 [ 0.          0.          0.          1.        ]]","[[-0.74045106  0.47842959 -0.47205652 -0.08118831]
 [-0.66908134 -0.59130592  0.45020825 -0.15312672]
 [-0.06373687  0.64920138  0.75794141 -0.37868359]
 [ 0.          0.          0.          1.        ]]"
full_scene,91,134,64,5,30,0.5091478978576962,0.5506017085595765,0.001850316519286301,0.0016806063771452856,"[[-0.65722836  0.56291867 -0.50117208 -0.07658693]
 [-0.7489456  -0.56228621  0.35059194 -0.15377949]
 [-0.0844474   0.60576959  0.79114591 -0.38979192]
 [ 0.          0.          0.          1.        ]]","[[-0.75931768  0.45612698 -0.46409571 -0.08137578]
 [-0.63221553 -0.68598699  0.36017409 -0.15410858]
 [-0.1540785   0.56689507  0.80925261 -0.39506986]
 [ 0.          0.          0.          1.        ]]"
full_scene,91,136,64,1,30,0.038248030301407616,0.6068313823767756,0.0028918978145215995,0.0018806698259110103,"[[-0.7542156  -0.60184474 -0.26256758 -0.07220584]
 [-0.1725014  -0.20421976  0.96360654 -0.12965924]
 [-0.63356302  0.77206036  0.05020667 -0.37984681]
 [ 0.          0.          0.          1.        ]]","[[-0.92308017  0.29065481 -0.25187851 -0.11640748]
 [-0.37823054 -0.80478478  0.45745286 -0.09629181]
 [-0.06974711  0.51753381  0.8528154  -0.42045761]
 [ 0.          0.          0.          1.        ]]"
full_scene,91,137,64,12,30,0.5061277528478968,0.7900106740349637,0.002600082912496865,0.0016046510314513592,"[[ 0.85114418 -0.2888584  -0.43830859 -0.13887592]
 [ 0.50899715  0.65831857  0.55456159 -0.0972215 ]
 [ 0.12835691 -0.69510969  0.70735212 -0.41964891]
 [ 0.          0.          0.          1.        ]]","[[ 0.96372733 -0.03125437 -0.26505246 -0.11339843]
 [ 0.20845443  0.70831608  0.67441462 -0.09385428]
 [ 0.16666251 -0.70520316  0.68913868 -0.41790131]
 [ 0.          0.          0.          1.        ]]"
full_scene,91,138,64,5,30,0.41995009263919975,0.4968067142892842,0.002832651918989273,0.0024636307010902346,"[[-0.98594333  0.14028847  0.09074637 -0.11379612]
 [ 0.08248022  0.88100899 -0.46585423 -0.08337848]
 [-0.14530234 -0.45182109 -0.88019596 -0.3920612 ]
 [ 0.          0.          0.          1.        ]]","[[-0.97335988 -0.08579714  0.21262502 -0.13546185]
 [-0.18263937  0.85076076 -0.4927971  -0.08281375]
 [-0.13861244 -0.51850262 -0.84376633 -0.400391  ]
 [ 0.          0.          0.          1.        ]]"
full_scene,91,139,64,24,30,0.4790892442140662,0.5763800384836445,0.0019498372746790905,0.001638135670234635,"[[-0.69188103  0.66228508 -0.28753975 -0.09931361]
 [-0.7059145  -0.53687296  0.46200882 -0.14554829]
 [ 0.15160923  0.52263361  0.83896886 -0.36367615]
 [ 0.          0.          0.          1.        ]]","[[-0.87138351  0.43342735 -0.22985107 -0.10129325]
 [-0.48808967 -0.71853147  0.49546039 -0.14235481]
 [ 0.04959086  0.54392395  0.83766788 -0.36735714]
 [ 0.          0.          0.          1.        ]]"
full_scene,91,140,64,6,30,0.7925488810112845,0.81682784816453,0.0018791124247903462,0.0015366057735255562,"[[ 0.97857628  0.0518166  -0.19925738 -0.11101449]
 [ 0.13283235  0.58053984  0.80332376 -0.09068815]
 [ 0.15730235 -0.8125814   0.5612196  -0.41562641]
 [ 0.          0.          0.          1.        ]]","[[ 0.9690146  -0.01632527 -0.24646338 -0.11422931]
 [ 0.20819661  0.59089341  0.77942232 -0.09391569]
 [ 0.13290931 -0.80658444  0.57598321 -0.41077331]
 [ 0.          0.          0.          1.        ]]"
full_scene,91,142,64,9,30,0.24563489088565932,0.8141789739360772,0.002907104406068695,0.0017656787485278093,"[[ 0.59720588  0.34093469 -0.7260225  -0.10837145]
 [ 0.6822525   0.26003288  0.68331138 -0.10174092]
 [ 0.42175427 -0.90340823 -0.07731038 -0.40591561]
 [ 0.          0.          0.          1.        ]]","[[ 0.97370202 -0.02012939 -0.22693431 -0.11374154]
 [ 0.20402254  0.52031976  0.82924191 -0.09558032]
 [ 0.10138627 -0.85373424  0.51074325 -0.40254972]
 [ 0.          0.          0.          1.        ]]"
full_scene,91,143,64,3,20,0.37569747143178434,0.844794533751727,0.002794949445147604,0.0015627277603407763,"[[ 0.96278655 -0.0066598  -0.27018086 -0.11718442]
 [ 0.25848672  0.31457456  0.91336053 -0.10324182]
 [ 0.07890922 -0.9492094   0.30458963 -0.41036822]
 [ 0.          0.          0.          1.        ]]","[[ 0.97148447  0.00513174 -0.23704764 -0.11508399]
 [ 0.20728464  0.46700172  0.85961763 -0.09282315]
 [ 0.11511299 -0.88424152  0.45262119 -0.40414797]
 [ 0.          0.          0.          1.        ]]"
full_scene,91,144,64,9,30,0.4388170741720483,0.4541784027502597,0.0023874361158715703,0.0023769362277477873,"[[-0.90490337 -0.39530113  0.15775585 -0.14003378]
 [-0.38894767  0.6175303  -0.68364906 -0.09382324]
 [ 0.17282822 -0.67999511 -0.71255671 -0.36452821]
 [ 0.          0.          0.          1.        ]]","[[-0.95142991 -0.25444182  0.17332189 -0.13629139]
 [-0.30004705  0.64029041 -0.70710675 -0.09220002]
 [ 0.06894119 -0.72476724 -0.68553597 -0.36647766]
 [ 0.          0.          0.          1.        ]]"
full_scene,91,145,64,17,30,0.4315880036698689,0.37294863968527664,0.002816795368891427,0.0022379389294920333,"[[-0.93740529 -0.19415124  0.28909622 -0.12959123]
 [-0.34807858  0.54768016 -0.76084673 -0.09415669]
 [-0.01061293 -0.81384995 -0.58097817 -0.36307219]
 [ 0.          0.          0.          1.        ]]","[[-0.95853647  0.25066334  0.13555713 -0.13426463]
 [ 0.08332499  0.70143388 -0.70784706 -0.08427027]
 [-0.27251567 -0.66720192 -0.69323647 -0.37022639]
 [ 0.          0.          0.          1.        ]]"
full_scene,91,154,64,3,30,0.4425012226946405,0.5342372348894577,0.0024124734137419158,0.001972897796891144,"[[-0.65058968  0.74974963  0.1208659  -0.0929103 ]
 [-0.46575287 -0.51962475  0.71628513 -0.11204898]
 [ 0.59983942  0.40971407  0.68726054 -0.30398027]
 [ 0.          0.          0.          1.        ]]","[[-0.57243447  0.81351152  0.10255622 -0.10035905]
 [-0.47456787 -0.43070761  0.76764333 -0.09846822]
 [ 0.66865844  0.39075562  0.63261832 -0.315653  ]
 [ 0.          0.          0.          1.        ]]"
full_scene,91,156,64,12,30,0.5005658309504175,0.870644261902977,0.0027807993375128038,0.0015272908066906391,"[[ 0.98933178 -0.14447341 -0.01870972 -0.14751288]
 [ 0.09129162  0.51475459  0.85246323 -0.06376821]
 [-0.11352736 -0.84507701  0.52245228 -0.37497798]
 [ 0.          0.          0.          1.        ]]","[[ 0.99975153 -0.00247394 -0.0221532  -0.132585  ]
 [ 0.02126786  0.4034881   0.91473769 -0.06682999]
 [ 0.00667555 -0.91498155  0.40344046 -0.3850091 ]
 [ 0.          0.          0.          1.        ]]"
full_scene,91,157,64,21,30,0.4282858356627005,0.44688864375497556,0.0025130353718802656,0.0022449298631902386,"[[-0.97808174  0.20682868  0.02404192 -0.13282248]
 [ 0.13328526  0.71060403 -0.69085234 -0.07223495]
 [-0.15997236 -0.67250562 -0.72259604 -0.34210781]
 [ 0.          0.          0.          1.        ]]","[[-0.97799161  0.20859849 -0.00436885 -0.14283966]
 [ 0.16076487  0.74005139 -0.65305329 -0.06310962]
 [-0.13299276 -0.63938299 -0.75729936 -0.35229374]
 [ 0.          0.          0.          1.        ]]"
full_scene,91,158,64,12,27,0.6446188941128592,0.8657320638728541,0.002246870094992413,0.0015398677457047903,"[[ 0.98607259 -0.08165641 -0.14488989 -0.14547213]
 [ 0.16628469  0.50081767  0.84942985 -0.06996863]
 [ 0.00320203 -0.86169246  0.50742078 -0.39152363]
 [ 0.          0.          0.          1.        ]]","[[ 0.99895141 -0.01524558 -0.04316996 -0.1317027 ]
 [ 0.04514495  0.48487364  0.87341827 -0.07154182]
 [ 0.00761621 -0.87445133  0.48505347 -0.38828569]
 [ 0.          0.          0.          1.        ]]"
full_scene,91,159,64,1,30,0.20986080915610866,0.5345335375322631,0.0025067009189777287,0.002195637289763648,"[[-0.41716303 -0.89681804 -0.14728342 -0.1159953 ]
 [ 0.49523723 -0.36019814  0.79056776 -0.08933533]
 [-0.76204665  0.25685541  0.59439903 -0.37148816]
 [ 0.          0.          0.          1.        ]]","[[-0.86797802 -0.47098078 -0.15745242 -0.14430161]
 [ 0.25734149 -0.69775025  0.66852071 -0.08902102]
 [-0.42472287  0.53974224  0.72683478 -0.37387351]
 [ 0.          0.          0.          1.        ]]"
full_scene,91,160,64,14,30,0.7921240615595515,0.8582423898414603,0.0023091515256016062,0.0016010007077958775,"[[ 0.99777178 -0.0662648   0.00777463 -0.13424703]
 [ 0.03362551  0.60008206  0.79923141 -0.07452467]
 [-0.05762633 -0.79718912  0.60097314 -0.39199538]
 [ 0.          0.          0.          1.        ]]","[[ 0.99905661 -0.01722066 -0.03986661 -0.13059542]
 [ 0.04247608  0.57854594  0.81454305 -0.07608327]
 [ 0.00903769 -0.81546799  0.57873161 -0.38967171]
 [ 0.          0.          0.          1.        ]]"
full_scene,91,161,64,2,30,0.4294067878294582,0.4791285132390163,0.002219408995017455,0.0022975068376511055,"[[-0.98174958  0.1872847   0.03304842 -0.13071415]
 [ 0.15403916  0.88500569 -0.4393596  -0.0742213 ]
 [-0.11153337 -0.42625035 -0.89770315 -0.35583301]
 [ 0.          0.          0.          1.        ]]","[[-0.93473521  0.33322447  0.12341611 -0.1318861 ]
 [ 0.24585151  0.85722302 -0.45246628 -0.06459463]
 [-0.25656796 -0.39259413 -0.88320028 -0.36467733]
 [ 0.          0.          0.          1.        ]]"
full_scene,91,163,64,2,30,0.5143742480874199,0.5011191672110782,0.0026697554128430646,0.0024234942641911342,"[[-0.97737416  0.19632989  0.07870401 -0.12650114]
 [ 0.16350964  0.93733261 -0.30768843 -0.06518192]
 [-0.13418027 -0.28785786 -0.94822651 -0.36812121]
 [ 0.          0.          0.          1.        ]]","[[-0.92769882  0.34235693  0.14888462 -0.12944476]
 [ 0.27266259  0.89374632 -0.35619183 -0.06294939]
 [-0.25500982 -0.28984347 -0.92247534 -0.3710572 ]
 [ 0.          0.          0.          1.        ]]"
full_scene,91,164,64,1,30,0.21498006204505943,0.41677644144095904,0.0027630188223917774,0.0022400859426773617,"[[-0.67474359  0.65589481  0.33841261 -0.12688346]
 [ 0.68727764  0.725511   -0.03582231 -0.09910248]
 [-0.26901774  0.20841254 -0.94031573 -0.34540383]
 [ 0.          0.          0.          1.        ]]","[[-0.72590975  0.67589989  0.12733566 -0.12746322]
 [ 0.60912674  0.71774952 -0.33734293 -0.0788397 ]
 [-0.31940515 -0.16731697 -0.93273007 -0.36653414]
 [ 0.          0.          0.          1.        ]]"
full_scene,91,171,64,3,30,0.3804133243371567,0.4473812915225315,0.0021953664719427377,0.002160792076432508,"[[ 0.15058382  0.9863579   0.06650272 -0.09569708]
 [ 0.84586829 -0.09373278 -0.52509143 -0.07502001]
 [-0.51169459  0.13532282 -0.8484435  -0.32204343]
 [ 0.          0.          0.          1.        ]]","[[-0.43594093  0.89950736  0.02901739 -0.11262805]
 [ 0.74994741  0.38090415 -0.54082429 -0.04858096]
 [-0.49752827 -0.21400593 -0.84063493 -0.34454348]
 [ 0.          0.          0.          1.        ]]"
full_scene,91,173,64,8,30,0.4271934427868156,0.4680296588235714,0.0028023252674914782,0.0024229337855000343,"[[-0.93296985  0.09781907 -0.34640828 -0.14572761]
 [ 0.32536914  0.64078881 -0.69535935 -0.04137111]
 [ 0.15395514 -0.76145987 -0.62966394 -0.35044496]
 [ 0.          0.          0.          1.        ]]","[[-0.97272363  0.10029987 -0.20916186 -0.15833607]
 [ 0.21113094  0.7563132  -0.61920438 -0.02868774]
 [ 0.09608575 -0.64647527 -0.75686012 -0.35164504]
 [ 0.          0.          0.          1.        ]]"
full_scene,91,174,64,17,30,0.48877441373130703,0.8797011270210161,0.0021340364108906823,0.001524061323654709,"[[ 0.91027647 -0.41295957  0.0293451  -0.17814226]
 [ 0.18487083  0.46888093  0.86369755 -0.04432084]
 [-0.37043153 -0.7807785   0.50315546 -0.36323914]
 [ 0.          0.          0.          1.        ]]","[[ 0.98245393 -0.0042669   0.18645661 -0.14252084]
 [-0.1642158   0.4541537   0.87565837 -0.04099758]
 [-0.08841631 -0.89091313  0.4454844  -0.37617973]
 [ 0.          0.          0.          1.        ]]"
full_scene,91,175,64,12,30,0.3533998050828398,0.37878544475740666,0.0028806740838096087,0.0022833271737783298,"[[-0.43433774  0.90056166 -0.01842366 -0.13928632]
 [ 0.53075371  0.23934777 -0.81302715 -0.03341431]
 [-0.72777142 -0.3629068  -0.58193421 -0.34235386]
 [ 0.          0.          0.          1.        ]]","[[-0.61522888  0.77469774 -0.14607136 -0.14269857]
 [ 0.64015372  0.382787   -0.66609109 -0.02793216]
 [-0.46010504 -0.50330659 -0.73142725 -0.34431234]
 [ 0.          0.          0.          1.        ]]"
full_scene,91,176,64,7,30,0.49095205966035865,0.6189833606431552,0.002452133920066797,0.001824072083230687,"[[-0.93253838  0.34371856  0.11058802 -0.14403816]
 [-0.15373763 -0.65510476  0.73973137 -0.06890911]
 [ 0.32670614  0.67282636  0.66375281 -0.3216054 ]
 [ 0.          0.          0.          1.        ]]","[[-0.93343238  0.24914534  0.25812901 -0.13718654]
 [ 0.0325338  -0.65776527  0.75252003 -0.06101016]
 [ 0.35727516  0.71082448  0.60587376 -0.33231228]
 [ 0.          0.          0.          1.        ]]"
full_scene,91,177,64,2,30,0.2837544043781393,0.5845836947868585,0.0026690352636606885,0.0021732111117397784,"[[ 0.85918649  0.44331199  0.25548592 -0.1184525 ]
 [-0.22431156 -0.12243569  0.96679565 -0.0535472 ]
 [ 0.45987269 -0.88796621 -0.00575509 -0.3773485 ]
 [ 0.          0.          0.          1.        ]]","[[ 0.87532362  0.40474715  0.26455303 -0.13367865]
 [-0.36260817  0.1875083   0.91288332 -0.0275203 ]
 [ 0.31988104 -0.89499742  0.31089507 -0.38382006]
 [ 0.          0.          0.          1.        ]]"
full_scene,91,178,64,3,30,0.45653811415862544,0.7290651473123922,0.002411877425357713,0.002055941265615164,"[[ 0.9973508   0.06770368 -0.02660078 -0.14335333]
 [ 0.00828195  0.25762173  0.96621036 -0.04345086]
 [ 0.07226893 -0.96387097  0.25637852 -0.33713554]
 [ 0.          0.          0.          1.        ]]","[[ 0.95900073 -0.04334311  0.28006959 -0.14020196]
 [-0.24840933  0.34714287  0.90431446 -0.03439515]
 [-0.13641996 -0.93681012  0.32214343 -0.35207827]
 [ 0.          0.          0.          1.        ]]"
full_scene,91,179,64,5,30,0.6706078488071141,0.8570678890043161,0.002597195625459159,0.0016180644156078522,"[[ 0.98612075 -0.00382187  0.16598573 -0.14700562]
 [-0.16275089  0.17545086  0.9709424  -0.0212134 ]
 [-0.03283315 -0.98448077  0.17239372 -0.36892607]
 [ 0.          0.          0.          1.        ]]","[[ 0.95889517  0.00578639  0.28370155 -0.14506317]
 [-0.27721432  0.23261599  0.93222424 -0.01424469]
 [-0.0605993  -0.97255145  0.22465842 -0.37721245]
 [ 0.          0.          0.          1.        ]]"
full_scene,91,180,64,26,30,0.8172562375276222,0.845890496538971,0.0015678731224887128,0.0015490499396310239,"[[ 0.93900222  0.02936415  0.34265518 -0.1456331 ]
 [-0.34250122  0.1699708   0.92401452 -0.0017648 ]
 [-0.03110848 -0.98501151  0.16966022 -0.38335072]
 [ 0.          0.          0.          1.        ]]","[[ 0.93545533  0.00434783  0.35341819 -0.14524499]
 [-0.3480944   0.18466161  0.91909215 -0.00314763]
 [-0.06126671 -0.98279255  0.17425614 -0.37867111]
 [ 0.          0.          0.          1.        ]]"
full_scene,91,181,64,32,9,0.7202331866099765,0.8473934292211525,0.002097056532646496,0.0016403709657823002,"[[ 0.80572076  0.08044441  0.58680726 -0.1364077 ]
 [-0.59096762  0.17549211  0.78737525  0.02574137]
 [-0.03964011 -0.98118867  0.18893768 -0.37035106]
 [ 0.          0.          0.          1.        ]]","[[ 0.83175001  0.00580551  0.55512    -0.1419116 ]
 [-0.5438025   0.20966662  0.8126      0.02895498]
 [-0.11167258 -0.9777557   0.17754726 -0.36917885]
 [ 0.          0.          0.          1.        ]]"
full_scene,91,182,64,32,30,0.5972533102003077,0.6110153184896419,0.0023249517659681526,0.002045566860407075,"[[-0.85633681  0.0350054   0.51522993 -0.14798219]
 [ 0.42350991 -0.52331218  0.73944826  0.02178235]
 [ 0.29551078  0.85142175  0.43330635 -0.36980062]
 [ 0.          0.          0.          1.        ]]","[[-0.84991076  0.05577346  0.52396662 -0.14666658]
 [ 0.42600707 -0.51249368  0.74556569  0.02248766]
 [ 0.31011236  0.85687779  0.41181401 -0.37786732]
 [ 0.          0.          0.          1.        ]]"
full_scene,91,183,64,22,30,0.7144606399423102,0.8808827676808785,0.0022667705616540557,0.0016213228315117316,"[[ 0.90384841  0.12553367  0.40902244 -0.14336193]
 [-0.42719791  0.2119113   0.87897414  0.0080713 ]
 [ 0.02366437 -0.96919291  0.24516342 -0.37540504]
 [ 0.          0.          0.          1.        ]]","[[ 0.88886814  0.00246434  0.45815647 -0.14480581]
 [-0.43726245  0.30314803  0.84670114  0.00748622]
 [-0.13680267 -0.95294029  0.27053619 -0.36658761]
 [ 0.          0.          0.          1.        ]]"
full_scene,91,187,64,6,30,0.5526508376797005,0.8756849767420275,0.002678092745544131,0.001728237892326314,"[[ 0.84585406  0.24596927  0.4733181  -0.13831027]
 [-0.53059675  0.29689848  0.79392593 -0.02963755]
 [ 0.05475396 -0.92268652  0.38164328 -0.36054153]
 [ 0.          0.          0.          1.        ]]","[[ 0.92416045 -0.00314481  0.38199159 -0.14597578]
 [-0.3334118   0.48142947  0.81059376 -0.0168293 ]
 [-0.18645117 -0.87647919  0.44386956 -0.36170064]
 [ 0.          0.          0.          1.        ]]"
full_scene,91,188,64,2,30,0.3863750763068553,0.4782074761083682,0.002127221284768407,0.0020905416384298554,"[[ 0.71683947 -0.50448673 -0.48128403 -0.18377979]
 [-0.63622319 -0.19089162 -0.74751618 -0.0546823 ]
 [ 0.2852389   0.84205317 -0.4578048  -0.25876373]
 [ 0.          0.          0.          1.        ]]","[[ 0.33585495 -0.81391815 -0.47406613 -0.19453266]
 [-0.72346823  0.09937867 -0.68316733 -0.03408867]
 [ 0.60315435  0.57241692 -0.55546711 -0.2817176 ]
 [ 0.          0.          0.          1.        ]]"
full_scene,91,194,64,2,30,0.39469653968491963,0.50051585219139,0.002512693404829857,0.0022678699829809814,"[[-0.92227351  0.30366449 -0.23916407 -0.13475329]
 [ 0.38351368  0.7961169  -0.46809736 -0.0566739 ]
 [ 0.04825802 -0.52343649 -0.85069701 -0.33364932]
 [ 0.          0.          0.          1.        ]]","[[-0.95498825  0.15189388 -0.25480519 -0.14226028]
 [ 0.23501067  0.91155124 -0.33740823 -0.04318182]
 [ 0.18101774 -0.38210284 -0.90621741 -0.33329735]
 [ 0.          0.          0.          1.        ]]"
full_scene,91,199,64,1,30,0.27835312849181953,0.8687486389712944,0.0028205224559309343,0.0018264090274610124,"[[ 0.94825583 -0.21939759 -0.22951163 -0.16192546]
 [ 0.31077587  0.78941009  0.5293865  -0.0269805 ]
 [ 0.06503267 -0.57332051  0.81674619 -0.33995422]
 [ 0.          0.          0.          1.        ]]","[[ 0.86796785  0.00883095  0.49654187 -0.14581412]
 [-0.36688224  0.68526653  0.62913211 -0.01195943]
 [-0.33470769 -0.72823884  0.59802923 -0.34832722]
 [ 0.          0.          0.          1.        ]]"
full_scene,91,202,64,25,19,0.5864150593140772,0.8834066950117628,0.0021944557082631436,0.0015004272401553604,"[[ 0.78081764  0.22637738  0.58230326 -0.13231397]
 [-0.61990631  0.39666892  0.67703023 -0.00419839]
 [-0.07771727 -0.88961062  0.45005886 -0.36097438]
 [ 0.          0.          0.          1.        ]]","[[ 0.86404242  0.01023906  0.50331487 -0.14492824]
 [-0.4256389   0.54872942  0.71953287  0.00824339]
 [-0.26881633 -0.83593731  0.47848364 -0.35862298]
 [ 0.          0.          0.          1.        ]]"
full_scene,91,204,64,39,30,0.8400358419100453,0.8968081422538279,0.0021791032903630265,0.0014847879231226037,"[[ 0.82558685  0.07059559  0.55984159 -0.14168012]
 [-0.5186726   0.48567471  0.70363258  0.01237553]
 [-0.22222755 -0.8712843   0.43758266 -0.35288794]
 [ 0.          0.          0.          1.        ]]","[[ 0.8540494   0.01480148  0.51998129 -0.14393779]
 [-0.46444384  0.47190474  0.74939832  0.01470754]
 [-0.23428943 -0.88152529  0.40990441 -0.35785738]
 [ 0.          0.          0.          1.        ]]"
full_scene,91,206,64,50,30,0.8427632541883985,0.8907464327660745,0.0021669177169428224,0.0015380358399070936,"[[ 0.87336701 -0.00771605  0.48700158 -0.14410606]
 [-0.43763917  0.42643048  0.79159902  0.02783359]
 [-0.21378033 -0.90448743  0.36905346 -0.36322746]
 [ 0.          0.          0.          1.        ]]","[[ 0.81488683  0.00246519  0.57961485 -0.14147399]
 [-0.53334486  0.39472147  0.74815655  0.02386945]
 [-0.22694207 -0.91879752  0.32296812 -0.35958256]
 [ 0.          0.          0.          1.        ]]"
full_scene,91,207,64,40,30,0.547756489206373,0.8642969595064954,0.0022837676490887557,0.0016832631450632066,"[[ 0.86468985 -0.27224117  0.42213293 -0.16064735]
 [-0.26872714  0.45929221  0.84666191  0.04168909]
 [-0.4243786  -0.84553853  0.32398672 -0.36177885]
 [ 0.          0.          0.          1.        ]]","[[ 0.82411143  0.01050464  0.5663303  -0.14118204]
 [-0.53594162  0.33805105  0.77362011  0.03265295]
 [-0.18332195 -0.94106915  0.28422161 -0.36485671]
 [ 0.          0.          0.          1.        ]]"
full_scene,91,208,64,12,30,0.5809530949346527,0.8209403860502144,0.001967912912655311,0.001658747267014799,"[[ 0.78849297  0.07156675  0.61086581 -0.13728026]
 [-0.61502924  0.08491978  0.78391815  0.0476554 ]
 [ 0.00422788 -0.99381428  0.1109743  -0.40080822]
 [ 0.          0.          0.          1.        ]]","[[ 0.80168037  0.00903865  0.59768461 -0.1391076 ]
 [-0.5760571   0.27862358  0.76845762  0.04257843]
 [-0.1595832  -0.96035785  0.22857383 -0.37302748]
 [ 0.          0.          0.          1.        ]]"
full_scene,91,209,64,15,24,0.6295431584433758,0.8253599363127814,0.002378975846289586,0.0015974246303105378,"[[ 0.65197569  0.1209418   0.74853242 -0.13925386]
 [-0.75648687  0.17084146  0.63130089  0.0463688 ]
 [-0.05152971 -0.97784778  0.20287536 -0.36054036]
 [ 0.          0.          0.          1.        ]]","[[ 0.75576482  0.00820016  0.65479179 -0.13612775]
 [-0.63351928  0.26224902  0.72792773  0.04627632]
 [-0.16574938 -0.96496539  0.20339355 -0.36305289]
 [ 0.          0.          0.          1.        ]]"
full_scene,91,210,64,9,16,0.6081308301114884,0.835355688118264,0.002033546584801291,0.0016277729486107056,"[[ 0.77130116 -0.07818843  0.6316495  -0.14056393]
 [-0.59212494  0.27580551  0.75717856  0.06566958]
 [-0.23341501 -0.95802813  0.16643179 -0.36702424]
 [ 0.          0.          0.          1.        ]]","[[ 0.6919113   0.00869397  0.72193017 -0.13190557]
 [-0.70591197  0.21794628  0.6739345   0.0568962 ]
 [-0.15148283 -0.97592204  0.15693667 -0.36362701]
 [ 0.          0.          0.          1.        ]]"
full_scene,91,211,64,28,30,0.6626433765649599,0.8024232558305577,0.002145708183475883,0.0016376690665654333,"[[ 0.47400642 -0.01026823  0.88046151 -0.11554594]
 [-0.87587447  0.09709606  0.4726693   0.08146215]
 [-0.09034282 -0.99522204  0.03703048 -0.37807345]
 [ 0.          0.          0.          1.        ]]","[[ 5.53783210e-01  3.77975875e-04  8.32660803e-01 -1.17838373e-01]
 [-8.09243725e-01  2.35734548e-01  5.38102051e-01  8.19728196e-02]
 [-1.96083528e-01 -9.71817411e-01  1.30851709e-01 -3.63557303e-01]
 [ 0.00000000e+00  0.00000000e+00  0.00000000e+00  1.00000000e+00]]"
full_scene,91,212,64,15,30,0.4342832867459901,0.4249372588078638,0.0030038319960412523,0.002267725318180777,"[[-0.560596    0.22859468 -0.79591243 -0.11227816]
 [ 0.7683002   0.50216426 -0.39692047  0.09214005]
 [ 0.30894487 -0.83401171 -0.45714061 -0.35489499]
 [ 0.          0.          0.          1.        ]]","[[-0.57640701  0.18777589 -0.79529565 -0.11731195]
 [ 0.75447907  0.49611489 -0.42968751  0.10306719]
 [ 0.31387306 -0.84770882 -0.42763707 -0.35389605]
 [ 0.          0.          0.          1.        ]]"
full_scene,91,213,64,52,19,0.797125507373652,0.8518094095723603,0.002092124928835692,0.0016698885469900854,"[[ 0.66571462  0.01443523  0.7460668  -0.12972142]
 [-0.72347725  0.25737166  0.64057825  0.06227724]
 [-0.18276956 -0.96620466  0.18177964 -0.35642471]
 [ 0.          0.          0.          1.        ]]","[[ 0.67257186  0.00811048  0.73998737 -0.12820577]
 [-0.70494946  0.31124959  0.63731464  0.06300381]
 [-0.22515184 -0.95029359  0.2150552  -0.35748985]
 [ 0.          0.          0.          1.        ]]"
full_scene,91,214,64,21,19,0.8151000110667252,0.8581781314369964,0.002051939796164292,0.0015587418727329254,"[[ 0.70553345 -0.01410796  0.70853618 -0.13329173]
 [-0.66527133  0.3313411   0.66904942  0.05689556]
 [-0.24420608 -0.94340555  0.22438661 -0.35417256]
 [ 0.          0.          0.          1.        ]]","[[ 0.67905789  0.01515273  0.73392832 -0.13054247]
 [-0.6899755   0.354517    0.63107171  0.05556116]
 [-0.25062761 -0.93492678  0.25119258 -0.3549414 ]
 [ 0.          0.          0.          1.        ]]"
full_scene,91,215,64,14,16,0.755293286067707,0.8742391626415916,0.0019406726494534733,0.0015538216326572384,"[[ 0.76259181 -0.07287847  0.64276159 -0.1365254 ]
 [-0.55243199  0.44359884  0.70571876  0.05436833]
 [-0.33656    -0.89325741  0.29802445 -0.35661337]
 [ 0.          0.          0.          1.        ]]","[[ 0.71397797  0.01197641  0.70006572 -0.132872  ]
 [-0.64601478  0.39683423  0.65206403  0.04988225]
 [-0.27000066 -0.91781216  0.29106784 -0.35318099]
 [ 0.          0.          0.          1.        ]]"
full_scene,91,216,64,6,30,0.5423016646496668,0.49985184867859733,0.002761770930501341,0.0024885980685562742,"[[-0.70354607  0.19171875 -0.68430026 -0.13045544]
 [ 0.62919713  0.61567391 -0.4744013   0.06746784]
 [ 0.33035419 -0.76432294 -0.55378385 -0.33961193]
 [ 0.          0.          0.          1.        ]]","[[-0.72579597  0.20019064 -0.6581367  -0.13294719]
 [ 0.62030283  0.60406541 -0.50032927  0.07315024]
 [ 0.29739638 -0.77138103 -0.56260706 -0.34185515]
 [ 0.          0.          0.          1.        ]]"
full_scene,91,217,64,25,21,0.8504671229013384,0.8823357216040326,0.0018836423473548919,0.001500100987852673,"[[ 0.79832633 -0.00363664  0.60221412 -0.13899513]
 [-0.52330227  0.49070539  0.69667995  0.04208321]
 [-0.29804329 -0.87131797  0.38983997 -0.34928665]
 [ 0.          0.          0.          1.        ]]","[[ 0.74240383  0.00749988  0.66991067 -0.13579984]
 [-0.58847568  0.48522584  0.64672424  0.03978815]
 [-0.32020762 -0.8743567   0.36464702 -0.34957254]
 [ 0.          0.          0.          1.        ]]"
full_scene,91,220,64,27,30,0.8759919891189102,0.8869444771686319,0.0020609408179143134,0.0014414720584264942,"[[ 0.85538329  0.06495165  0.51390729 -0.14013267]
 [-0.45140045  0.58010386  0.67802444  0.02721003]
 [-0.2540808  -0.81194876  0.52553035 -0.34406597]
 [ 0.          0.          0.          1.        ]]","[[ 0.7813015   0.01174417  0.6240433  -0.13906985]
 [-0.50867943  0.59135294  0.62573712  0.02781737]
 [-0.36168107 -0.80632734  0.46799896 -0.34667244]
 [ 0.          0.          0.          1.        ]]"
full_scene,91,226,64,36,30,0.8866410347031083,0.9008992606713575,0.001881020579315738,0.0013252642340707086,"[[ 0.73484783  0.06840907  0.6747732  -0.13296041]
 [-0.4870538   0.74559445  0.4548269   0.02367577]
 [-0.47199287 -0.66287941  0.58121736 -0.32679123]
 [ 0.          0.          0.          1.        ]]","[[ 0.6884389   0.01223381  0.72519115 -0.1311983 ]
 [-0.47348774  0.76498467  0.43658655  0.02739488]
 [-0.549419   -0.64393228  0.53243777 -0.32997177]
 [ 0.          0.          0.          1.        ]]"
full_scene,91,227,64,54,30,0.8624156162202492,0.9061970091282634,0.0019677471791215125,0.001349517068065794,"[[ 0.69990989 -0.02472332  0.71380313 -0.13183407]
 [-0.46606269  0.74149281  0.48267378  0.02429733]
 [-0.54121319 -0.67050516  0.50745553 -0.32752327]
 [ 0.          0.          0.          1.        ]]","[[ 0.6853701   0.0185466   0.72795869 -0.13096773]
 [-0.50355702  0.73419966  0.45539125  0.03105715]
 [-0.52602106 -0.67868025  0.51253777 -0.33033105]
 [ 0.          0.          0.          1.        ]]"
full_scene,91,228,64,2,30,0.14575948079209194,0.5224172583794744,0.00291603394556199,0.0022368353630150186,"[[-0.31566293 -0.57444771  0.75522628 -0.15033863]
 [-0.49760002  0.77791463  0.38372261  0.04206463]
 [-0.80793015 -0.25467361 -0.53140401 -0.2969656 ]
 [ 0.          0.          0.          1.        ]]","[[ 0.41791507 -0.16267978  0.89380215 -0.12348145]
 [-0.41158563  0.84317459  0.34591022  0.02736379]
 [-0.80990386 -0.51243721  0.28541871 -0.33915651]
 [ 0.          0.          0.          1.        ]]"
full_scene,91,230,64,30,30,0.6156919023700641,0.885355866613832,0.0025082639195228634,0.0013282696945341084,"[[ 0.73458773 -0.1666433   0.65773162 -0.13391032]
 [-0.44426211  0.61456014  0.6518796   0.04708095]
 [-0.512847   -0.77106799  0.37741504 -0.33643822]
 [ 0.          0.          0.          1.        ]]","[[ 0.65945641  0.01188987  0.75164877 -0.128151  ]
 [-0.58441542  0.6370191   0.50265821  0.04361878]
 [-0.47283809 -0.77075631  0.42703495 -0.33457671]
 [ 0.          0.          0.          1.        ]]"
full_scene,91,231,64,105,9,0.8921029990825328,0.8989857881828794,0.0019839729263483857,0.0014149655283479225,"[[ 0.68113416 -0.01220301  0.73205692 -0.12654985]
 [-0.58265848  0.59642902  0.55207022  0.04683263]
 [-0.44335691 -0.80257306  0.39913799 -0.33433936]
 [ 0.          0.          0.          1.        ]]","[[ 0.65435846  0.01375603  0.75605938 -0.12721558]
 [-0.60835991  0.60341405  0.51554797  0.04684573]
 [-0.44912496 -0.79730939  0.4032177  -0.33506565]
 [ 0.          0.          0.          1.        ]]"
full_scene,91,233,64,55,30,0.821279527629329,0.8793548456191833,0.001921640340677692,0.0013916879879567333,"[[ 0.69913839  0.06242597  0.71225593 -0.12639179]
 [-0.64549939  0.48349974  0.59123476  0.05908201]
 [-0.30746715 -0.87311569  0.37832916 -0.34268208]
 [ 0.          0.          0.          1.        ]]","[[ 0.63383685  0.01616978  0.77329773 -0.12453365]
 [-0.66260766  0.52709957  0.53208751  0.05519756]
 [-0.39900117 -0.84964968  0.34480935 -0.33854301]
 [ 0.          0.          0.          1.        ]]"
full_scene,91,235,64,49,30,0.5221138159139509,0.541673360250465,0.0028611073111904023,0.002498173210022307,"[[-0.63203339  0.20091272 -0.74844363 -0.11351551]
 [ 0.66064922  0.6445245  -0.38487761  0.08772317]
 [ 0.40506345 -0.7377142  -0.54009384 -0.33321887]
 [ 0.          0.          0.          1.        ]]","[[-0.61502938  0.23915663 -0.75136075 -0.11064952]
 [ 0.69860443  0.60713942 -0.37859421  0.09003094]
 [ 0.36563741 -0.75775051 -0.54048446 -0.33394833]
 [ 0.          0.          0.          1.        ]]"
full_scene,91,236,64,22,19,0.7193014397452511,0.8250707734926942,0.0026025068935555274,0.0017262937573466774,"[[ 0.56277716  0.05999545  0.82442854 -0.11414936]
 [-0.78659651  0.34541403  0.51181547  0.06946324]
 [-0.25406259 -0.93653067  0.24158334 -0.34865587]
 [ 0.          0.          0.          1.        ]]","[[ 0.60022562  0.01759123  0.79963726 -0.11929366]
 [-0.73578716  0.40413525  0.54340773  0.0718967 ]
 [-0.31360239 -0.91453007  0.25551573 -0.34664115]
 [ 0.          0.          0.          1.        ]]"
full_scene,91,237,64,47,12,0.5750484615466998,0.8312966989029662,0.0024798052756964187,0.0017196499760763183,"[[ 0.52136401  0.10281465  0.84711789 -0.10680223]
 [-0.83358702  0.27369128  0.47981846  0.06855935]
 [-0.18251641 -0.95630656  0.22839774 -0.35140193]
 [ 0.          0.          0.          1.        ]]","[[ 0.53163962  0.00251049  0.84696695 -0.11565331]
 [-0.78638066  0.37288716  0.49250444  0.07676924]
 [-0.31458667 -0.9278733   0.20021578 -0.3505247 ]
 [ 0.          0.          0.          1.        ]]"
full_scene,91,238,64,37,30,0.6932767859374052,0.8358554757085381,0.002107889362002113,0.0016160743329942178,"[[ 0.55567108  0.11812014  0.82296858 -0.11365775]
 [-0.82132808  0.23161587  0.52131973  0.08673394]
 [-0.12903422 -0.96560951  0.22571763 -0.35043757]
 [ 0.          0.          0.          1.        ]]","[[ 0.51153061  0.00938807  0.85921377 -0.11272708]
 [-0.81133626  0.3345694   0.47937124  0.08248261]
 [-0.28296626 -0.94232435  0.17875937 -0.34962059]
 [ 0.          0.          0.          1.        ]]"
full_scene,91,241,64,8,30,0.6153991696386178,0.6988065786326525,0.0020918268646926102,0.0017902251498216864,"[[ 0.36484636  0.01503005  0.93094642 -0.08378137]
 [-0.91713877  0.17810615  0.35655951  0.1124104 ]
 [-0.16044817 -0.98389649  0.07876603 -0.35290394]
 [ 0.          0.          0.          1.        ]]","[[ 0.33417557  0.01528704  0.94238686 -0.08242051]
 [-0.90965208  0.26694203  0.31823741  0.11047316]
 [-0.24669775 -0.96359133  0.10311139 -0.3535756 ]
 [ 0.          0.          0.          1.        ]]"
full_scene,91,242,64,6,30,0.3103109749784913,0.48495817848842815,0.00299305395509901,0.0024919124636788807,"[[-0.45607711  0.21161377 -0.86441499 -0.06913543]
 [ 0.83980477  0.42375204 -0.33935549  0.11492189]
 [ 0.29448533 -0.88071211 -0.37097786 -0.37407909]
 [ 0.          0.          0.          1.        ]]","[[-0.37523318  0.29500447 -0.87873342 -0.06059923]
 [ 0.88473046  0.39677041 -0.24459202  0.10952766]
 [ 0.27649968 -0.86922126 -0.40988087 -0.36552248]
 [ 0.          0.          0.          1.        ]]"
full_scene,91,243,64,34,30,0.7080597888754422,0.8095844980169142,0.0021421358084118933,0.0017327948488794292,"[[ 0.3235984   0.02576243  0.94584373 -0.0984473 ]
 [-0.91509125  0.26271675  0.30592141  0.0990202 ]
 [-0.24060772 -0.96452901  0.10858969 -0.34626857]
 [ 0.          0.          0.          1.        ]]","[[ 0.37356295  0.00110548  0.92760417 -0.0964383 ]
 [-0.86773074  0.35386725  0.34902912  0.09624939]
 [-0.32786289 -0.93529501  0.13315095 -0.34483748]
 [ 0.          0.          0.          1.        ]]"
full_scene,91,244,64,7,30,0.41959310150328966,0.8033692823407195,0.002612307535751593,0.0017435451113759224,"[[ 0.46186661 -0.32362447  0.82580048 -0.12104399]
 [-0.50696238  0.66765125  0.54518892  0.12209092]
 [-0.7277832  -0.67045434  0.14430039 -0.3454638 ]
 [ 0.          0.          0.          1.        ]]","[[ 0.43214167 -0.00789012  0.90177121 -0.10032004]
 [-0.83281126  0.380109    0.40242087  0.09448295]
 [-0.34594651 -0.92490805  0.15768996 -0.34800772]
 [ 0.          0.          0.          1.        ]]"
full_scene,91,245,64,1,30,0.10501251253931365,0.4278253170973765,0.003062040790610513,0.0023894491173663108,"[[ 0.27082934  0.5474316  -0.79181444 -0.07911331]
 [ 0.40271334  0.68268375  0.60972523  0.1382441 ]
 [ 0.87434172 -0.48400572 -0.03556722 -0.32901219]
 [ 0.          0.          0.          1.        ]]","[[-0.46114402  0.27135866 -0.84481399 -0.09050552]
 [ 0.84075281  0.43802152 -0.31823241  0.12696137]
 [ 0.28369158 -0.8570307  -0.43013656 -0.35618805]
 [ 0.          0.          0.          1.        ]]"
full_scene,91,246,64,11,30,0.8182700923536068,0.8452586222284101,0.002117570747357901,0.0016186025592181941,"[[ 0.55264813 -0.01238699  0.83332263 -0.10593265]
 [-0.72030032  0.49586317  0.48506408  0.08182617]
 [-0.41922248 -0.86831232  0.2651155  -0.34028329]
 [ 0.          0.          0.          1.        ]]","[[ 4.87304317e-01  5.52770369e-04  8.73232041e-01 -1.05994293e-01]
 [-7.74263726e-01  4.62687339e-01  4.31782480e-01  8.21223128e-02]
 [-4.03794733e-01 -8.86521360e-01  2.25897527e-01 -3.39233628e-01]
 [ 0.00000000e+00  0.00000000e+00  0.00000000e+00  1.00000000e+00]]"
full_scene,91,247,64,58,30,0.7779229541730479,0.8739607095555817,0.002088446587824147,0.0014914634213318283,"[[ 0.41508545  0.04439742  0.90869849 -0.10904264]
 [-0.83254218  0.42128231  0.3597148   0.07521629]
 [-0.36684819 -0.9058422   0.21183088 -0.33531672]
 [ 0.          0.          0.          1.        ]]","[[ 0.50139869  0.00204149  0.86521396 -0.10845852]
 [-0.74653562  0.50651163  0.43142848  0.07545471]
 [-0.43736018 -0.86223071  0.25548831 -0.33406158]
 [ 0.          0.          0.          1.        ]]"
full_scene,91,248,64,68,30,0.8409425993952571,0.8732788564859935,0.0019219408990985118,0.001551214109920194,"[[ 0.56136239  0.00379585  0.82756139 -0.11219058]
 [-0.70885991  0.51825458  0.47846611  0.06879189]
 [-0.4270713  -0.85521797  0.29361936 -0.3253053 ]
 [ 0.          0.          0.          1.        ]]","[[ 0.51447687  0.00220573  0.85750142 -0.10986305]
 [-0.72201395  0.54059845  0.43179761  0.07141211]
 [-0.46261151 -0.84127787  0.27971797 -0.332389  ]
 [ 0.          0.          0.          1.        ]]"
full_scene,91,249,64,24,30,0.8651715877894752,0.8929133689610487,0.0019469381760672732,0.0015096461075417473,"[[ 0.52013119  0.00351246  0.85407916 -0.11328323]
 [-0.68727817  0.59540608  0.41610132  0.06273332]
 [-0.50706239 -0.80341724  0.31210331 -0.32544749]
 [ 0.          0.          0.          1.        ]]","[[ 0.53456932  0.00829073  0.84508397 -0.11125471]
 [-0.69657112  0.57056054  0.43502799  0.06726249]
 [-0.47856486 -0.8212137   0.31077924 -0.33039931]
 [ 0.          0.          0.          1.        ]]"
full_scene,91,250,64,15,30,0.8049935920091104,0.8949946272834045,0.0027050648133511547,0.0014610799912088343,"[[ 0.61842138  0.03895023  0.7848808  -0.11718021]
 [-0.66541945  0.55728412  0.49664008  0.05800788]
 [-0.41805736 -0.8294078   0.37055466 -0.32262478]
 [ 0.          0.          0.          1.        ]]","[[ 0.54601516  0.0084341   0.83773284 -0.11294741]
 [-0.66937466  0.60570487  0.43018505  0.06172367]
 [-0.50379063 -0.7956447   0.33636961 -0.32710164]
 [ 0.          0.          0.          1.        ]]"
full_scene,91,251,64,41,30,0.8907892717023836,0.898935809423852,0.0017288677371736785,0.0014255870671226786,"[[ 0.59118766 -0.01032677  0.80646792 -0.11469708]
 [-0.61178532  0.64583567  0.45674393  0.05486483]
 [-0.52556243 -0.76340661  0.37549231 -0.32347638]
 [ 0.          0.          0.          1.        ]]","[[ 0.55552332  0.0093729   0.83144813 -0.1144268 ]
 [-0.64085791  0.6419547   0.42094573  0.05708873]
 [-0.52980655 -0.76668528  0.3626275  -0.32501848]
 [ 0.          0.          0.          1.        ]]"
full_scene,91,252,64,12,26,0.8481466805179227,0.9045726994598724,0.0023860360224633335,0.0013852381293391436,"[[ 0.61151467  0.01596863  0.79107194 -0.11640404]
 [-0.55216257  0.72470994  0.41220383  0.05375891]
 [-0.56671537 -0.688869    0.45198804 -0.32238409]
 [ 0.          0.          0.          1.        ]]","[[ 0.55741317  0.00474998  0.83022165 -0.11489436]
 [-0.61126919  0.67903544  0.40652288  0.05204069]
 [-0.56181895 -0.73409012  0.38140682 -0.32260471]
 [ 0.          0.          0.          1.        ]]"
full_scene,91,253,64,28,30,0.2901052766859799,0.5649241929322895,0.002949752430644353,0.002581590290826794,"[[-0.82265779  0.1064541  -0.55848158 -0.11457523]
 [ 0.35216409  0.8665871  -0.35356364  0.06582769]
 [ 0.44633464 -0.48753904 -0.75039395 -0.3115696 ]
 [ 0.          0.          0.          1.        ]]","[[-0.58806548  0.2412242  -0.77200381 -0.097371  ]
 [ 0.53005301  0.83589245 -0.14257494  0.05803079]
 [ 0.61091963 -0.49304634 -0.61942111 -0.30747878]
 [ 0.          0.          0.          1.        ]]"
full_scene,91,254,64,8,30,0.325329592066229,0.5572274640420678,0.0027999240214265264,0.0020563361767383403,"[[ 0.40980952 -0.61101168  0.67728937 -0.1369837 ]
 [ 0.161125    0.77931605  0.60556191  0.0502733 ]
 [-0.89782787 -0.13903679  0.4178204  -0.31408793]
 [ 0.          0.          0.          1.        ]]","[[ 0.46381412 -0.27279652  0.84288702 -0.11821969]
 [-0.15559405  0.9115414   0.38063469  0.04905023]
 [-0.87216223 -0.30769195  0.38034026 -0.32090464]
 [ 0.          0.          0.          1.        ]]"
full_scene,91,255,64,17,30,0.8409747285974889,0.9067003666298966,0.002229946522199411,0.0013664532556472472,"[[ 0.63261806 -0.02098303  0.77417964 -0.11964839]
 [-0.43978224  0.81309435  0.3814042   0.04245415]
 [-0.6374841  -0.58175364  0.5051502  -0.3178921 ]
 [ 0.          0.          0.          1.        ]]","[[ 0.58354938  0.0059744   0.81205568 -0.11778089]
 [-0.52273713  0.76801789  0.36999246  0.03777193]
 [-0.62146281 -0.64040052  0.45129941 -0.31721677]
 [ 0.          0.          0.          1.        ]]"
full_scene,92,0,63,15,30,0.4751414320262567,0.3964739160476766,0.002679972564698225,0.0021660157622643244,"[[ 0.87674244  0.25964075  0.40485722  0.00974673]
 [-0.47667177  0.3569209   0.80336262 -0.0979814 ]
 [ 0.06408367 -0.89732611  0.43669112 -0.40512276]
 [ 0.          0.          0.          1.        ]]","[[ 0.89723141  0.16173387  0.41087461  0.01566097]
 [-0.43933791  0.42022843  0.7939712  -0.10129787]
 [-0.04424915 -0.89288869  0.44809797 -0.4026428 ]
 [ 0.          0.          0.          1.        ]]"
full_scene,92,3,63,10,29,0.37295409397132495,0.7497948695802383,0.0025282807306679085,0.0019777480518975393,"[[-0.42645909 -0.20609858  0.88071336  0.11805188]
 [-0.87991219  0.32004683 -0.35117596 -0.01600636]
 [-0.20949265 -0.92471261 -0.31783553 -0.38027592]
 [ 0.          0.          0.          1.        ]]","[[-0.4644224  -0.04502333  0.88446862  0.13153287]
 [-0.83857869  0.34349904 -0.42284062 -0.01127644]
 [-0.28477643 -0.93807319 -0.19728425 -0.37945317]
 [ 0.          0.          0.          1.        ]]"
full_scene,92,4,63,17,30,0.6742205044049059,0.7857574710658145,0.0024012966437830714,0.0020433475968992306,"[[-0.36443449  0.0188358   0.93103852  0.13262391]
 [-0.8087694   0.48919143 -0.32647175 -0.01381933]
 [-0.46160542 -0.87197303 -0.16304441 -0.38230819]
 [ 0.          0.          0.          1.        ]]","[[-0.50794694 -0.04613762  0.86015186  0.13195002]
 [-0.80548292  0.3793202  -0.45531688 -0.01551275]
 [-0.30526574 -0.92411445 -0.2298376  -0.38280229]
 [ 0.          0.          0.          1.        ]]"
full_scene,92,5,63,16,23,0.6256747711176369,0.7886562877871826,0.0024222947730032367,0.0017886916409081048,"[[-0.31103782 -0.06897386  0.94789139  0.13155122]
 [-0.87705253  0.40502993 -0.25832077 -0.02412069]
 [-0.366107   -0.91169807 -0.18647333 -0.38338818]
 [ 0.          0.          0.          1.        ]]","[[-0.51297618 -0.04228598  0.85736068  0.13123385]
 [-0.78651974  0.42325268 -0.44971532 -0.02002313]
 [-0.34386355 -0.90502435 -0.25037729 -0.38674636]
 [ 0.          0.          0.          1.        ]]"
full_scene,92,6,63,30,30,0.6261444118155122,0.7953284245983763,0.002229489314882182,0.0018234852828362693,"[[-0.40035518 -0.07099181  0.91360598  0.12989557]
 [-0.83460446  0.43989505 -0.33155351 -0.03048641]
 [-0.37835317 -0.8952388  -0.23536435 -0.38600977]
 [ 0.          0.          0.          1.        ]]","[[-0.5580973  -0.05375296  0.82803262  0.13239265]
 [-0.75295121  0.45215814 -0.47813962 -0.02603279]
 [-0.34870027 -0.89031659 -0.29282159 -0.38339073]
 [ 0.          0.          0.          1.        ]]"
full_scene,92,7,63,12,30,0.5040594230437035,0.49826718776990847,0.0028220409601864486,0.002197907116367657,"[[ 0.63138258 -0.12663125 -0.76506246  0.10226096]
 [ 0.6226054   0.67092555  0.4027672  -0.00771343]
 [ 0.46229704 -0.73063221  0.502452   -0.36996676]
 [ 0.          0.          0.          1.        ]]","[[ 0.56707792 -0.24453313 -0.78652793  0.08772193]
 [ 0.72910066  0.59327891  0.34122187 -0.02277621]
 [ 0.38319038 -0.76695742  0.51472464 -0.37833901]
 [ 0.          0.          0.          1.        ]]"
full_scene,92,8,63,13,30,0.613145621005355,0.8142382103990327,0.0025212152612135046,0.001679376081443116,"[[-0.5154336   0.04869334  0.85554495  0.13824987]
 [-0.68014602  0.58407859 -0.44300519 -0.03308422]
 [-0.52127689 -0.81023525 -0.26793515 -0.38344266]
 [ 0.          0.          0.          1.        ]]","[[-0.56874751 -0.04100899  0.82148922  0.13136597]
 [-0.70196523  0.5447428  -0.45880289 -0.03378286]
 [-0.42868529 -0.83759987 -0.338608   -0.3883873 ]
 [ 0.          0.          0.          1.        ]]"
full_scene,92,9,63,6,30,0.31153912592848504,0.4515190447400242,0.0024514962208487083,0.0018127578150515776,"[[ 0.5955468   0.38358002  0.70582602  0.14190712]
 [ 0.7852528  -0.46327399 -0.41079831 -0.07704924]
 [ 0.16941681  0.79890148 -0.57710863 -0.32708918]
 [ 0.          0.          0.          1.        ]]","[[ 0.47846159  0.43393512  0.76339689  0.14745067]
 [ 0.86065838 -0.40419701 -0.30966422 -0.07329242]
 [ 0.17418856  0.80518637 -0.56686265 -0.33250936]
 [ 0.          0.          0.          1.        ]]"
full_scene,92,22,63,6,30,0.47998358956641907,0.8006618155121783,0.00278128852058778,0.0017014995040182945,"[[-0.62165902  0.00838271  0.78324313  0.120793  ]
 [-0.55065451  0.7064682  -0.44461477 -0.04869806]
 [-0.55706344 -0.70769514 -0.43456635 -0.40176791]
 [ 0.          0.          0.          1.        ]]","[[-0.7133428  -0.02946711  0.7001955   0.12636613]
 [-0.58367195  0.57799396 -0.57030696 -0.05324872]
 [-0.38790347 -0.81550884 -0.42950696 -0.39834524]
 [ 0.          0.          0.          1.        ]]"
full_scene,92,24,63,1,30,0.208655424080152,0.39826610813612023,0.002626383528207329,0.0019151182167722765,"[[-0.36584262  0.46146818  0.80821179  0.16370997]
 [ 0.26245459  0.88432245 -0.38612354 -0.01311318]
 [-0.89290356  0.07085845 -0.44463728 -0.33557897]
 [ 0.          0.          0.          1.        ]]","[[-0.62097025  0.38959462  0.68015585  0.14237163]
 [-0.15016544  0.79252702 -0.59105944 -0.03249995]
 [-0.76931546 -0.46916624 -0.43363206 -0.38290339]
 [ 0.          0.          0.          1.        ]]"
full_scene,92,25,63,17,30,0.694420452582484,0.810518871998618,0.0021737151314170713,0.001836810042848991,"[[-0.55731429 -0.07852144  0.82658041  0.12512189]
 [-0.76297017  0.44113685 -0.47251964 -0.04816968]
 [-0.32753215 -0.89399814 -0.30576138 -0.39037557]
 [ 0.          0.          0.          1.        ]]","[[-0.67253961 -0.03724424  0.73912336  0.1270507 ]
 [-0.66927401  0.45686035 -0.58596154 -0.04524288]
 [-0.31585246 -0.8887584  -0.33218328 -0.39128525]
 [ 0.          0.          0.          1.        ]]"
full_scene,92,26,63,19,21,0.5429262394195888,0.8168401278286406,0.002381245361030791,0.0017694608353336636,"[[-0.61391782 -0.14150516  0.77658303  0.11824529]
 [-0.76255902  0.36054024 -0.53713543 -0.04772098]
 [-0.203982   -0.92194741 -0.32924811 -0.39087973]
 [ 0.          0.          0.          1.        ]]","[[-0.65310485 -0.03515258  0.75645116  0.12775288]
 [-0.69595857  0.42160387 -0.58128465 -0.04111013]
 [-0.29848908 -0.90609849 -0.29981626 -0.38898232]
 [ 0.          0.          0.          1.        ]]"
full_scene,92,27,63,5,30,0.3085755311798238,0.30094791846605634,0.0021100817483403673,0.001948838282447205,"[[-0.07629042  0.70583523  0.70425591  0.16265969]
 [ 0.42431881  0.66214821 -0.61766762 -0.03206997]
 [-0.90229337  0.25170691 -0.35001473 -0.32212393]
 [ 0.          0.          0.          1.        ]]","[[ 0.01291364  0.73918152  0.67338245  0.1595815 ]
 [ 0.64937642  0.5058971  -0.56778374 -0.04799905]
 [-0.76035748  0.44461084 -0.47347408 -0.31033357]
 [ 0.          0.          0.          1.        ]]"
full_scene,92,28,63,8,30,0.37404452409742617,0.4909526688547245,0.002352555131583303,0.002092738483975318,"[[ 0.69524047 -0.21022514 -0.68734713  0.09452234]
 [ 0.64597543  0.60210423  0.46924007 -0.00128103]
 [ 0.31520855 -0.77024405  0.5544075  -0.36722893]
 [ 0.          0.          0.          1.        ]]","[[ 0.61243611 -0.23689996 -0.75418858  0.08565582]
 [ 0.75513664  0.45755251  0.46948308 -0.01944458]
 [ 0.23386036 -0.85704382  0.45911352 -0.3770939 ]
 [ 0.          0.          0.          1.        ]]"
full_scene,92,29,63,25,30,0.4697324667472793,0.5004642425289342,0.002196967067100669,0.0021272790770585216,"[[ 0.52954464 -0.28598658 -0.79862016  0.0859709 ]
 [ 0.82777565  0.37996729  0.41281028 -0.01529303]
 [ 0.18539133 -0.87967979  0.43794237 -0.36878513]
 [ 0.          0.          0.          1.        ]]","[[ 0.58238976 -0.22532655 -0.78105705  0.08677848]
 [ 0.7792004   0.42855218  0.45737267 -0.01320991]
 [ 0.23166549 -0.87496913  0.42515894 -0.37583822]
 [ 0.          0.          0.          1.        ]]"
full_scene,92,30,63,6,30,0.2895577820003455,0.3008453532561755,0.002055263385038607,0.0018550549613405142,"[[ 0.17506648 -0.28746128  0.94165691  0.11530013]
 [-0.47514919 -0.86234487 -0.17491303 -0.07654442]
 [ 0.86231373 -0.41680611 -0.28755468 -0.35074528]
 [ 0.          0.          0.          1.        ]]","[[ 0.19634736 -0.37421934  0.9063154   0.10356215]
 [-0.29754661 -0.90346251 -0.30857983 -0.09472507]
 [ 0.93429852 -0.20908224 -0.28874017 -0.33846282]
 [ 0.          0.          0.          1.        ]]"
full_scene,92,32,63,10,30,0.4147737087579893,0.5046262307825186,0.002472270993760354,0.0021516773342064605,"[[ 0.72277848  0.15137414 -0.67429752  0.10757031]
 [ 0.39662585  0.70816165  0.584119   -0.01361536]
 [ 0.56593216 -0.68963247  0.4518051  -0.35513562]
 [ 0.          0.          0.          1.        ]]","[[ 0.69480554 -0.23312956 -0.68036451  0.08400236]
 [ 0.70563686  0.40381553  0.58224534 -0.02767004]
 [ 0.13900316 -0.88463757  0.44507808 -0.37830374]
 [ 0.          0.          0.          1.        ]]"
full_scene,92,33,63,11,28,0.6790086802556573,0.7873823199170841,0.002831990581632774,0.0018868208160595407,"[[-0.79689797 -0.00955705  0.60403831  0.12107475]
 [-0.55440867  0.40874303 -0.72495528 -0.05158207]
 [-0.23996802 -0.91259947 -0.331025   -0.38443687]
 [ 0.          0.          0.          1.        ]]","[[-0.73025351 -0.05040532  0.68131426  0.12382917]
 [-0.65902047  0.3148193  -0.68306722 -0.05154042]
 [-0.18006066 -0.94781228 -0.26311604 -0.38705377]
 [ 0.          0.          0.          1.        ]]"
full_scene,92,34,63,11,30,0.42470094144066334,0.4947367852824322,0.00261843611876873,0.0018892977175965918,"[[ 0.5560273   0.43840942  0.70613796  0.13380857]
 [ 0.83111752 -0.28428054 -0.47794168 -0.08207913]
 [-0.00879286  0.85263225 -0.52243749 -0.32852628]
 [ 0.          0.          0.          1.        ]]","[[ 0.66530279  0.45763322  0.58986781  0.13555269]
 [ 0.73764138 -0.28108314 -0.61390346 -0.07566846]
 [-0.11514072  0.84354259 -0.5245746  -0.34109012]
 [ 0.          0.          0.          1.        ]]"
full_scene,92,35,9,2,30,0.13270933652936506,0.4468867588770491,0.0030273692375310294,0.0021674455852475428,"[[-0.63136925  0.64553027  0.42972496  0.06567218]
 [-0.68847318 -0.72162952  0.072495   -0.12063128]
 [ 0.35689993 -0.25008299  0.90004496 -0.51114852]
 [ 0.          0.          0.          1.        ]]","[[-0.53385219  0.84552964 -0.00902633  0.07725948]
 [-0.79854468 -0.50763981 -0.32346283 -0.10621754]
 [-0.27807954 -0.16547342  0.94619782 -0.4979489 ]
 [ 0.          0.          0.          1.        ]]"
full_scene,92,35,63,10,30,0.4518375367075488,0.5406806011400933,0.0027349255645399543,0.0023176606037542194,"[[ 0.7985711  -0.02099184 -0.60153432  0.10908234]
 [ 0.45639319  0.6726812   0.58241331 -0.02863959]
 [ 0.3924149  -0.73963461  0.5467643  -0.36930807]
 [ 0.          0.          0.          1.        ]]","[[ 0.76089436 -0.12155222 -0.63738907  0.0953903 ]
 [ 0.55971234  0.61990168  0.54994908 -0.02855502]
 [ 0.32827103 -0.77520769  0.53971398 -0.37975002]
 [ 0.          0.          0.          1.        ]]"
full_scene,92,36,63,5,30,0.5897553549835896,0.8308051908792538,0.00256000761499857,0.0018494163043720957,"[[-0.85014581  0.15950068  0.50180837  0.12879414]
 [-0.36495557  0.50847117 -0.77991314 -0.05931404]
 [-0.37955176 -0.84617765 -0.37406397 -0.39870192]
 [ 0.          0.          0.          1.        ]]","[[-0.80127115 -0.05124886  0.59610242  0.11955516]
 [-0.55430651  0.43858037 -0.7073836  -0.06389013]
 [-0.22518622 -0.89722952 -0.37982938 -0.39727255]
 [ 0.          0.          0.          1.        ]]"
full_scene,92,37,63,10,30,0.29552815684919675,0.4565393418552427,0.00250199060057535,0.0021678026316636198,"[[ 0.57930723  0.13980671 -0.80303002  0.11147266]
 [ 0.44207557  0.77381225  0.45363399 -0.04321895]
 [ 0.68481554 -0.6177934   0.3864699  -0.35171999]
 [ 0.          0.          0.          1.        ]]","[[ 0.78915851 -0.08693438 -0.60800597  0.09128973]
 [ 0.47651762  0.71123034  0.51680012 -0.05679849]
 [ 0.3875046  -0.69756277  0.60269924 -0.35961454]
 [ 0.          0.          0.          1.        ]]"
full_scene,92,38,63,5,30,0.7606235964760754,0.8034850578683711,0.0023174701230375366,0.0018147414598041753,"[[-0.77394664 -0.06448845  0.6299586   0.11836944]
 [-0.55412119  0.55049789 -0.62442115 -0.06912341]
 [-0.30652293 -0.83234206 -0.46179041 -0.39957441]
 [ 0.          0.          0.          1.        ]]","[[-0.81484634 -0.04686956  0.57777909  0.11708665]
 [-0.51421432  0.51856656 -0.68313422 -0.06812864]
 [-0.26759872 -0.8537517  -0.44665306 -0.40437182]
 [ 0.          0.          0.          1.        ]]"
full_scene,92,52,63,7,30,0.19261206598721714,0.43130830022456385,0.002744782618231852,0.0018394777820450034,"[[ 0.72863851 -0.31016296 -0.61064299  0.10831748]
 [-0.66585662 -0.5295718  -0.52553656 -0.107388  ]
 [-0.16037733  0.78952685 -0.59239047 -0.38059543]
 [ 0.          0.          0.          1.        ]]","[[ 0.95705286  0.08334029 -0.27767648  0.12434813]
 [-0.16220551 -0.6399198  -0.75112717 -0.09667594]
 [-0.24028983  0.76390905 -0.59891882 -0.39692659]
 [ 0.          0.          0.          1.        ]]"
full_scene,92,54,63,8,30,0.7244990499222663,0.8283652185178787,0.0023056623885370133,0.0017842408996510558,"[[-0.88263694  0.00321016  0.47004438  0.09785273]
 [-0.40522299  0.50157237 -0.76434252 -0.08345674]
 [-0.23821493 -0.86510974 -0.44140547 -0.41276854]
 [ 0.          0.          0.          1.        ]]","[[-0.9044783  -0.03761819  0.42485748  0.10481457]
 [-0.38948902  0.47881646 -0.78678656 -0.08363114]
 [-0.17383127 -0.8771087  -0.44773097 -0.40689254]
 [ 0.          0.          0.          1.        ]]"
full_scene,92,57,63,6,26,0.21889035239246848,0.3421467438244947,0.0025809579446693254,0.0018655500738147793,"[[ 0.07142756  0.76224059 -0.6433408   0.1383308 ]
 [-0.24122029  0.6390434   0.73036724 -0.04634554]
 [ 0.96783825  0.10301851  0.22951321 -0.32327971]
 [ 0.          0.          0.          1.        ]]","[[ 0.01809982  0.78489907 -0.61935922  0.13601277]
 [-0.51471978  0.53838329  0.66723832 -0.04962026]
 [ 0.8571674   0.30671955  0.41374772 -0.31331071]
 [ 0.          0.          0.          1.        ]]"
full_scene,92,58,63,12,30,0.33891863879771983,0.3473505786837105,0.0021814440604010898,0.0020216585981295177,"[[ 0.37758854  0.67140971 -0.63768008  0.13107591]
 [-0.24490701  0.73654764  0.63049039 -0.0300032 ]
 [ 0.89299913 -0.08189363  0.44254489 -0.33675557]
 [ 0.          0.          0.          1.        ]]","[[ 0.63167464  0.46382868 -0.62116834  0.10793428]
 [ 0.04241641  0.77938722  0.62510512 -0.03665693]
 [ 0.77407235 -0.42121078  0.47264519 -0.35272672]
 [ 0.          0.          0.          1.        ]]"
full_scene,92,59,63,5,30,0.36049512005527723,0.3528944981862152,0.002631218372564656,0.0019015389507930284,"[[-0.49357745 -0.49872581  0.71249833  0.09768887]
 [-0.76557918 -0.13954444 -0.62802538 -0.08419551]
 [ 0.41263765 -0.85545304 -0.31293811 -0.37256174]
 [ 0.          0.          0.          1.        ]]","[[-0.53921922 -0.485803    0.68792301  0.08436324]
 [-0.71921241 -0.15934354 -0.6762715  -0.09090755]
 [ 0.43815081 -0.85942136 -0.26347445 -0.38986526]
 [ 0.          0.          0.          1.        ]]"
full_scene,92,61,63,16,30,0.39250626187597165,0.43836370703057526,0.0027354924307746798,0.0021142371343128344,"[[-0.93436819  0.23481303 -0.26799053  0.09549178]
 [-0.31615569 -0.19950557  0.92749291 -0.06456523]
 [ 0.16432182  0.95134661  0.26064913 -0.31033072]
 [ 0.          0.          0.          1.        ]]","[[-0.84410367  0.22389841 -0.48719451  0.08915961]
 [-0.52007399 -0.12085925  0.84552711 -0.06537377]
 [ 0.13043021  0.96708973  0.21846147 -0.31565013]
 [ 0.          0.          0.          1.        ]]"
full_scene,92,64,63,9,30,0.5071633701848333,0.8031881585766109,0.002352102311191069,0.0019352449860888393,"[[-0.94061722  0.22937968  0.25024828  0.10230688]
 [-0.12141187  0.46109967 -0.87900299 -0.09397909]
 [-0.31701482 -0.85718846 -0.40586888 -0.38973848]
 [ 0.          0.          0.          1.        ]]","[[-0.94596534 -0.03082889  0.32279894  0.09228117]
 [-0.31259454  0.35139064 -0.88250171 -0.09814567]
 [-0.08622197 -0.93572122 -0.34204031 -0.39376972]
 [ 0.          0.          0.          1.        ]]"
full_scene,92,66,63,5,30,0.2831393591293833,0.7838303247538435,0.002727119351095205,0.0019103510207143536,"[[-0.95545117 -0.12003989  0.26963585  0.07751761]
 [-0.28872421  0.56971096 -0.76945939 -0.10268478]
 [-0.06124867 -0.81303127 -0.57898942 -0.39098388]
 [ 0.          0.          0.          1.        ]]","[[-0.95785532 -0.0330558   0.28534279  0.08843548]
 [-0.27063857  0.43676839 -0.85789751 -0.10188812]
 [-0.09627022 -0.89896645 -0.4273071  -0.40312196]
 [ 0.          0.          0.          1.        ]]"
full_scene,92,67,63,1,30,0.18899529279668337,0.4353569269303852,0.0028246844916794216,0.002034194323189109,"[[-0.77637949 -0.62321614  0.09400282  0.07241558]
 [-0.48525152  0.49588287 -0.7201605  -0.11481243]
 [ 0.40220126 -0.60473285 -0.68740986 -0.37984745]
 [ 0.          0.          0.          1.        ]]","[[-0.87251    -0.35315486  0.33765061  0.07894018]
 [-0.46094316  0.36576315 -0.80854729 -0.11221078]
 [ 0.16204225 -0.86110334 -0.48191633 -0.39822089]
 [ 0.          0.          0.          1.        ]]"
full_scene,92,83,63,3,30,0.241832570392123,0.4050138193124892,0.002199474100027901,0.0018263419995729194,"[[ 0.49871971 -0.82878498  0.25375994  0.05649482]
 [-0.47536584 -0.50634175 -0.71947575 -0.14977615]
 [ 0.72477995  0.23818793 -0.64649867 -0.37623565]
 [ 0.          0.          0.          1.        ]]","[[ 0.9369224  -0.32801426  0.12076037  0.04804842]
 [-0.15188969 -0.69322724 -0.70453213 -0.15435366]
 [ 0.31481096  0.64174967 -0.69932211 -0.36859032]
 [ 0.          0.          0.          1.        ]]"
full_scene,92,84,9,3,21,0.3464003577284245,0.6294225545338124,0.003000198222163784,0.0022519533714084744,"[[-0.898884    0.42375629  0.11152652 -0.01825679]
 [-0.43818389 -0.86836973 -0.23222595 -0.1151696 ]
 [-0.00156095 -0.25761331  0.96624683 -0.49562391]
 [ 0.          0.          0.          1.        ]]","[[-0.9363103   0.3481453   0.04602038 -0.02191373]
 [-0.33832578 -0.85915241 -0.3839177  -0.11470676]
 [-0.09412062 -0.37503597  0.92221978 -0.49837884]
 [ 0.          0.          0.          1.        ]]"
full_scene,92,88,9,3,30,0.20050434840801726,0.37256685354123764,0.002793611463062206,0.0024457115302518456,"[[ 0.29785373 -0.68626735  0.66356633 -0.07142067]
 [ 0.85487973  0.50108845  0.1345028  -0.13444066]
 [-0.42481031  0.52720725  0.73592712 -0.43893675]
 [ 0.          0.          0.          1.        ]]","[[ 0.77135561 -0.63564723 -0.03103415 -0.08466472]
 [ 0.5911371   0.73369963 -0.33502504 -0.11470259]
 [ 0.23572748  0.240078    0.94169799 -0.47751772]
 [ 0.          0.          0.          1.        ]]"
full_scene,92,88,63,6,30,0.3266378044567283,0.566699775436172,0.002552767244596835,0.0020698972702000904,"[[-0.9215671  -0.29625704  0.25089012  0.05789966]
 [-0.33335298  0.27264971 -0.90251755 -0.12595324]
 [ 0.19897206 -0.91536545 -0.35002316 -0.3630281 ]
 [ 0.          0.          0.          1.        ]]","[[-0.97937381 -0.16268169  0.11983991  0.08008969]
 [-0.16745461  0.32157793 -0.93195847 -0.12094407]
 [ 0.11307471 -0.93280347 -0.3421868  -0.36733703]
 [ 0.          0.          0.          1.        ]]"
full_scene,92,92,63,14,30,0.2553495854206253,0.37509176887199863,0.00266646119925561,0.002006061663188462,"[[ 0.96953823 -0.10457769  0.22149297  0.04561108]
 [ 0.16799042 -0.37418289 -0.91201227 -0.14220079]
 [ 0.17825501  0.92143946 -0.34521656 -0.33815549]
 [ 0.          0.          0.          1.        ]]","[[ 0.88981141 -0.42705679  0.16080472  0.0189239 ]
 [-0.04086409 -0.42554341 -0.9040149  -0.1378556 ]
 [ 0.45449509  0.79783163 -0.39610467 -0.34953751]
 [ 0.          0.          0.          1.        ]]"
full_scene,92,94,63,22,30,0.3132611418206944,0.37682458110209016,0.0024692973937366,0.0020794053504164735,"[[-0.98334104 -0.1227678  -0.13404651  0.04031037]
 [-0.08724546 -0.32817508  0.94057926 -0.11142261]
 [-0.15946357  0.93660514  0.3119971  -0.32507872]
 [ 0.          0.          0.          1.        ]]","[[-9.99189487e-01 -1.28839725e-02  3.81362234e-02  4.36673350e-02]
 [ 4.02436960e-02 -2.98504805e-01  9.53559294e-01 -1.13429299e-01]
 [-9.01785849e-04  9.54321164e-01  2.98781362e-01 -3.24021415e-01]
 [ 0.00000000e+00  0.00000000e+00  0.00000000e+00  1.00000000e+00]]"
full_scene,92,95,63,13,30,0.24426174641561582,0.3292721108999827,0.0025175002621343895,0.00209101655755323,"[[-0.81792208  0.46232169 -0.34243559  0.0418035 ]
 [-0.45634914 -0.15888386  0.87550065 -0.10667901]
 [ 0.35035545  0.87236149  0.34093472 -0.33483303]
 [ 0.          0.          0.          1.        ]]","[[-0.89085366  0.45414262 -0.01158605  0.04878213]
 [-0.17839825 -0.32626647  0.92829104 -0.1148675 ]
 [ 0.41779638  0.8290384   0.37167393 -0.33483063]
 [ 0.          0.          0.          1.        ]]"
full_scene,92,100,63,8,30,0.3581685092416652,0.37773147348419417,0.002765298612573725,0.00231502229247117,"[[ 0.98469081 -0.05521864  0.16533271  0.0572542 ]
 [-0.06808672  0.75130306  0.65643576 -0.1015396 ]
 [-0.16046247 -0.65764323  0.73604156 -0.3936304 ]
 [ 0.          0.          0.          1.        ]]","[[ 0.98530417  0.15690696  0.06749737  0.0511225 ]
 [-0.16002691  0.70980506  0.68597971 -0.10120878]
 [ 0.05972502 -0.68670007  0.72448322 -0.39038296]
 [ 0.          0.          0.          1.        ]]"
full_scene,92,111,63,7,30,0.31971195370530314,0.3396419934358266,0.002524715825485461,0.002260674323309192,"[[ 0.85304084  0.42271755  0.30599216  0.03836113]
 [-0.51110231  0.5584175   0.65340977 -0.10688886]
 [ 0.1053364  -0.71377851  0.69240485 -0.39952418]
 [ 0.          0.          0.          1.        ]]","[[ 0.9113678   0.30555699  0.27576015  0.04294033]
 [-0.41095917  0.6383711   0.65084168 -0.09738246]
 [ 0.02283192 -0.70648231  0.70736232 -0.41138337]
 [ 0.          0.          0.          1.        ]]"
full_scene,92,112,63,18,30,0.31917753498013474,0.4098343841768872,0.0024375374896412846,0.001717162414378124,"[[ 0.76018693 -0.55933521 -0.33054493 -0.00162347]
 [-0.61578701 -0.45805201 -0.64108869 -0.15853241]
 [ 0.20717671  0.69089252 -0.69263651 -0.38308823]
 [ 0.          0.          0.          1.        ]]","[[ 0.86012306 -0.40237919 -0.31349531 -0.00242394]
 [-0.50303038 -0.5672448  -0.65206884 -0.15538223]
 [ 0.08455035  0.71855711 -0.69030929 -0.3836131 ]
 [ 0.          0.          0.          1.        ]]"
full_scene,92,113,63,12,30,0.15667105717740543,0.36393375367075487,0.002756900675699384,0.0022103626144956484,"[[-0.84976542 -0.45253756 -0.27038581 -0.01725861]
 [ 0.15225498  0.28036336 -0.94774195 -0.13172114]
 [ 0.5046951  -0.84652592 -0.16934199 -0.43116869]
 [ 0.          0.          0.          1.        ]]","[[-0.87519696 -0.44528577 -0.189079   -0.00717674]
 [-0.06323762  0.49279852 -0.86784251 -0.11716301]
 [ 0.47961577 -0.74757622 -0.45945458 -0.42897899]
 [ 0.          0.          0.          1.        ]]"
full_scene,92,114,63,14,30,0.2823404301261012,0.3649971929521506,0.0021990086678397584,0.001897714264932112,"[[ 0.69487365 -0.66604748 -0.27116666 -0.00590703]
 [-0.61948521 -0.36289779 -0.69609142 -0.15744348]
 [ 0.36522416  0.65167932 -0.66477468 -0.36797955]
 [ 0.          0.          0.          1.        ]]","[[ 0.84491201 -0.46130615 -0.27077726 -0.00709545]
 [-0.49318035 -0.47581289 -0.72826866 -0.15855003]
 [ 0.20711551  0.74886496 -0.62952715 -0.36115276]
 [ 0.          0.          0.          1.        ]]"
full_scene,92,117,63,17,30,0.31937186906201415,0.3852997063396096,0.002006319007184533,0.002001907864380967,"[[ 0.79683208 -0.47093268 -0.37852482 -0.0035251 ]
 [-0.58015809 -0.42139052 -0.69702699 -0.15196235]
 [ 0.16874602  0.7750177  -0.60899289 -0.35019869]
 [ 0.          0.          0.          1.        ]]","[[ 0.87694252 -0.40710338 -0.25541859 -0.00308518]
 [-0.42415883 -0.40572558 -0.80961475 -0.15113445]
 [ 0.22596705  0.81832365 -0.52847451 -0.34697245]
 [ 0.          0.          0.          1.        ]]"
full_scene,92,124,63,4,30,0.24136832786318882,0.658290507859734,0.002805146257947475,0.0020049290625984823,"[[-6.17985186e-01  1.39625487e-04 -7.86189729e-01 -2.28287363e-02]
 [ 7.66288889e-01  2.23680965e-01 -6.02302386e-01 -1.31943349e-01]
 [ 1.75771580e-01 -9.74662406e-01 -1.38338516e-01 -4.05384483e-01]
 [ 0.00000000e+00  0.00000000e+00  0.00000000e+00  1.00000000e+00]]","[[-0.87740179  0.04433542 -0.47770333 -0.02041606]
 [ 0.46644636  0.31174794 -0.82779285 -0.12746726]
 [ 0.11222249 -0.94912991 -0.2942083  -0.39866245]
 [ 0.          0.          0.          1.        ]]"
full_scene,92,128,63,28,30,0.3387782864052513,0.34235727241319747,0.0024042187331498074,0.0019140106175830358,"[[ 0.75292561 -0.28685046 -0.59230046 -0.02647356]
 [-0.64769511 -0.48243885 -0.58969806 -0.15889052]
 [-0.11659359  0.82762889 -0.54903221 -0.3615974 ]
 [ 0.          0.          0.          1.        ]]","[[ 0.75637208 -0.45178024 -0.47307071 -0.03598987]
 [-0.65050928 -0.44337772 -0.61664728 -0.16020994]
 [ 0.06884004  0.77415167 -0.62924577 -0.35807285]
 [ 0.          0.          0.          1.        ]]"
full_scene,92,129,9,3,30,0.38332608345171426,0.6902972248669925,0.0028717354650244055,0.0021848329771924566,"[[-0.89988525 -0.35715488  0.25029368 -0.11702722]
 [ 0.21872999 -0.86610103 -0.44947324 -0.06454774]
 [ 0.37731118 -0.3497276   0.85751203 -0.46654899]
 [ 0.          0.          0.          1.        ]]","[[-0.95179908 -0.29224226  0.09312879 -0.11022113]
 [ 0.21129098 -0.84480501 -0.49158989 -0.06651507]
 [ 0.22233901 -0.44821753  0.86583278 -0.47521263]
 [ 0.          0.          0.          1.        ]]"
full_scene,92,129,63,32,30,0.35722922784591465,0.3462007686992572,0.002110311482503909,0.0021609641292975493,"[[ 0.8835601   0.10924546  0.45539761  0.00204767]
 [-0.37793884  0.74057439  0.5556184  -0.09258289]
 [-0.27655702 -0.66303469  0.69563008 -0.39946651]
 [ 0.          0.          0.          1.        ]]","[[ 0.88214936  0.18967744  0.43108581  0.0141074 ]
 [-0.44339447  0.64307474  0.62438468 -0.10493086]
 [-0.15878871 -0.74194161  0.6513899  -0.39943918]
 [ 0.          0.          0.          1.        ]]"
full_scene,92,130,63,24,30,0.2209686474347901,0.32197918466056313,0.0029072639102473235,0.0023948500008955298,"[[ 0.73429485 -0.56647743  0.37405132 -0.04299954]
 [ 0.10819411  0.64164303  0.75933409 -0.07760843]
 [-0.67015305 -0.51710496  0.53244469 -0.41313981]
 [ 0.          0.          0.          1.        ]]","[[ 0.71186875 -0.48564794  0.50733516 -0.04038722]
 [ 0.08663898  0.77758621  0.62277875 -0.06014489]
 [-0.69694804 -0.39938172  0.59561537 -0.41923934]
 [ 0.          0.          0.          1.        ]]"
full_scene,92,131,63,10,30,0.2755279409224391,0.35314281395750563,0.002843442926694911,0.002168290716160445,"[[ 0.9314308  -0.10082081  0.34967389 -0.00625751]
 [-0.1911694   0.68205178  0.70587508 -0.09277931]
 [-0.30966259 -0.72432074  0.61601019 -0.41612965]
 [ 0.          0.          0.          1.        ]]","[[ 0.86680995  0.01132579  0.49851001  0.0078317 ]
 [-0.29146376  0.82267884  0.48810696 -0.09703008]
 [-0.40458544 -0.56839358  0.71640726 -0.40690777]
 [ 0.          0.          0.          1.        ]]"
full_scene,92,140,63,24,30,0.3429240801520124,0.432566073587839,0.002627818500533894,0.0017113387525449937,"[[ 0.73193709 -0.20158802 -0.65086893 -0.04832607]
 [-0.61474293 -0.60735517 -0.50320059 -0.15640115]
 [-0.2938694   0.76842825 -0.56847059 -0.3762822 ]
 [ 0.          0.          0.          1.        ]]","[[ 0.64677197 -0.39520929 -0.65230027 -0.05594123]
 [-0.74084049 -0.52876904 -0.41419641 -0.14555143]
 [-0.18122192  0.75114108 -0.63478004 -0.38725736]
 [ 0.          0.          0.          1.        ]]"
full_scene,92,142,63,4,30,0.28142274140611506,0.4049166522715495,0.0027752367110179888,0.0017799263366346401,"[[ 0.73896255 -0.08196294 -0.66874243 -0.04711046]
 [-0.5636328  -0.61900281 -0.54694935 -0.16111245]
 [-0.36912387  0.78110025 -0.5036169  -0.36280946]
 [ 0.          0.          0.          1.        ]]","[[ 0.64374805 -0.41516307 -0.64282818 -0.05805692]
 [-0.76027894 -0.44246337 -0.47560708 -0.1469438 ]
 [-0.08697343  0.79489987 -0.60047467 -0.3706822 ]
 [ 0.          0.          0.          1.        ]]"
full_scene,92,144,63,15,30,0.30705864570737607,0.4432382535843842,0.0028333270173817246,0.0017903258689441516,"[[ 0.61228913 -0.31007805 -0.72729198 -0.05123905]
 [-0.78883912 -0.30153548 -0.5355457  -0.144169  ]
 [-0.05324337  0.90162518 -0.42922859 -0.35999631]
 [ 0.          0.          0.          1.        ]]","[[ 0.64174821 -0.40825967 -0.64921743 -0.05630468]
 [-0.76647924 -0.36997987 -0.52499949 -0.13882505]
 [-0.02586126  0.83452917 -0.55035648 -0.3698517 ]
 [ 0.          0.          0.          1.        ]]"
full_scene,92,145,63,17,30,0.2468474693384004,0.3093096821558127,0.002809121083063977,0.002308526886360787,"[[ 0.6434146   0.4317354   0.63215678 -0.00533825]
 [-0.7353463   0.1190163   0.66715886 -0.11269486]
 [ 0.21279913 -0.8941139   0.39405185 -0.39585441]
 [ 0.          0.          0.          1.        ]]","[[ 0.77346419  0.26345568  0.57649307 -0.00144793]
 [-0.62947154  0.42587409  0.64992064 -0.10714452]
 [-0.07428818 -0.86557632  0.49523621 -0.39766331]
 [ 0.          0.          0.          1.        ]]"
full_scene,92,146,63,3,30,0.281930169286578,0.36432242183451374,0.002270072222731121,0.0017966433929728545,"[[ 0.39554678 -0.61799508 -0.67942978 -0.07341853]
 [-0.90495626 -0.13592103 -0.40321165 -0.1388123 ]
 [ 0.15683401  0.77434331 -0.61302164 -0.33721816]
 [ 0.          0.          0.          1.        ]]","[[ 0.58453591 -0.49689723 -0.64141322 -0.06829586]
 [-0.79805566 -0.20949361 -0.56499521 -0.14033275]
 [ 0.14637258  0.84214344 -0.51900818 -0.33588372]
 [ 0.          0.          0.          1.        ]]"
full_scene,92,147,63,2,30,0.3048885817930558,0.3579255916393159,0.0023014727096939934,0.0018250296147044615,"[[ 0.50570708 -0.38216386 -0.7734411  -0.06573457]
 [-0.86155101 -0.17735918 -0.47568222 -0.13937025]
 [ 0.04461167  0.90691483 -0.41894545 -0.3284578 ]
 [ 0.          0.          0.          1.        ]]","[[ 0.59310118 -0.47283446 -0.65165832 -0.06951673]
 [-0.79130078 -0.19297478 -0.58017567 -0.13927049]
 [ 0.14857343  0.85976061 -0.48860785 -0.32445713]
 [ 0.          0.          0.          1.        ]]"
full_scene,92,148,63,12,30,0.24293919502504752,0.3357121264467093,0.002424361560423899,0.0023224739589627185,"[[ 0.65964275  0.44087541  0.60868738 -0.00988267]
 [-0.75153712  0.37834371  0.54041465 -0.09797864]
 [ 0.00796249 -0.81393176  0.58090592 -0.36830608]
 [ 0.          0.          0.          1.        ]]","[[ 0.83613753  0.1606541   0.52446572 -0.00878774]
 [-0.54035837  0.40557584  0.73723882 -0.10526622]
 [-0.09427019 -0.89983248  0.42592797 -0.37354499]
 [ 0.          0.          0.          1.        ]]"
full_scene,92,150,63,24,30,0.46621286059768524,0.7324829417861461,0.00230250548719789,0.001964648635600846,"[[-0.47955282  0.22317112 -0.84865997 -0.05000115]
 [ 0.86999928 -0.00537208 -0.49302372 -0.11998492]
 [-0.11458772 -0.97476448 -0.19158252 -0.38166109]
 [ 0.          0.          0.          1.        ]]","[[-0.67998182  0.05491872 -0.73116938 -0.0557704 ]
 [ 0.72869494  0.16134001 -0.66556224 -0.11216747]
 [ 0.08141505 -0.98536964 -0.14972727 -0.3874612 ]
 [ 0.          0.          0.          1.        ]]"
full_scene,92,152,63,10,30,0.27805428398687165,0.49658295906028677,0.0029549949446582542,0.001797111510709481,"[[ 0.71105471 -0.06277105 -0.7003292  -0.08253031]
 [-0.63586413 -0.4825448  -0.60235149 -0.12532396]
 [-0.30012998  0.87361909 -0.38302961 -0.33001033]
 [ 0.          0.          0.          1.        ]]","[[ 0.47842953 -0.40735543 -0.77792464 -0.09212848]
 [-0.86213662 -0.04961298 -0.50424101 -0.10190419]
 [ 0.16681015  0.91192111 -0.37493235 -0.3430777 ]
 [ 0.          0.          0.          1.        ]]"
full_scene,92,153,9,2,21,0.48390678375985957,0.7056953650442142,0.0026921386066680246,0.002223819193069827,"[[-0.62501146 -0.74181774  0.24303727 -0.14669824]
 [ 0.66960345 -0.66951119 -0.32153691 -0.01758009]
 [ 0.40123796 -0.03822566  0.91517589 -0.44422759]
 [ 0.          0.          0.          1.        ]]","[[-0.6817799  -0.72699539  0.08157124 -0.14500792]
 [ 0.68247584 -0.67222577 -0.28694816 -0.01999088]
 [ 0.26344428 -0.13996509  0.95446681 -0.4466691 ]
 [ 0.          0.          0.          1.        ]]"
full_scene,92,154,63,26,23,0.5257924512005527,0.7685858956641907,0.0022554653170214333,0.0017826808408982204,"[[-0.37958478  0.11356421 -0.91816042 -0.07130811]
 [ 0.91333996  0.20411424 -0.3523457  -0.10977704]
 [ 0.14739576 -0.97233767 -0.18120139 -0.40041479]
 [ 0.          0.          0.          1.        ]]","[[-0.55059619  0.04149321 -0.83373986 -0.07506419]
 [ 0.80264295  0.30073826 -0.51509299 -0.103737  ]
 [ 0.22936461 -0.95280366 -0.19888958 -0.39483035]
 [ 0.          0.          0.          1.        ]]"
full_scene,92,157,63,21,30,0.39522154085334255,0.5943599930903437,0.0023363538032949824,0.0021674249959611905,"[[-0.952184    0.28368822  0.11343111 -0.08360065]
 [-0.038629    0.25650206 -0.96577145 -0.10785679]
 [-0.3030733  -0.92397386 -0.23327857 -0.39236467]
 [ 0.          0.          0.          1.        ]]","[[-0.91144535  0.27486635 -0.30613047 -0.0833424 ]
 [ 0.37860893  0.26917575 -0.8855505  -0.09896475]
 [-0.16100513 -0.92303462 -0.34940584 -0.40325699]
 [ 0.          0.          0.          1.        ]]"
full_scene,92,159,63,6,30,0.3745411556400069,0.48144109518051476,0.0021100113508916297,0.0017247716140178552,"[[ 0.42518691 -0.43433778 -0.79408235 -0.08263489]
 [-0.8887306  -0.36647553 -0.27541533 -0.13882038]
 [-0.17138846  0.82282828 -0.54182987 -0.36368027]
 [ 0.          0.          0.          1.        ]]","[[ 0.51180003 -0.3977689  -0.76147267 -0.07781803]
 [-0.84592403 -0.38799605 -0.36588468 -0.12492466]
 [-0.14991084  0.83140782 -0.53505866 -0.38171801]
 [ 0.          0.          0.          1.        ]]"
full_scene,92,160,63,7,30,0.32636789600967353,0.4310275954396269,0.002206032941999826,0.0017147887971183965,"[[ 0.5134211  -0.37280403 -0.77292686 -0.07911575]
 [-0.80071283 -0.53207015 -0.27524592 -0.14853365]
 [-0.30863852  0.76020952 -0.57168501 -0.36501463]
 [ 0.          0.          0.          1.        ]]","[[ 0.48986725 -0.41167553 -0.76847468 -0.08228109]
 [-0.85197721 -0.41295483 -0.32187441 -0.13502743]
 [-0.18483751  0.81239865 -0.55303121 -0.37028919]
 [ 0.          0.          0.          1.        ]]"
full_scene,92,168,9,2,12,0.5231565274790793,0.7304777925479329,0.0026627424765053556,0.002136113117687064,"[[-0.62793858 -0.77528962  0.06796433 -0.14263021]
 [ 0.58309102 -0.52650672 -0.61870473  0.01127445]
 [ 0.51545903 -0.34887917  0.78267829 -0.42505045]
 [ 0.          0.          0.          1.        ]]","[[-0.60612708 -0.78963194  0.09534868 -0.14925893]
 [ 0.52733028 -0.48870954 -0.69504371  0.0133226 ]
 [ 0.59542652 -0.37100457  0.71261692 -0.42818776]
 [ 0.          0.          0.          1.        ]]"
full_scene,92,170,63,4,30,0.3862065987217136,0.3227943081706685,0.002305702624630365,0.0021376203604874587,"[[ 0.35306127  0.27426827  0.89449687 -0.04529126]
 [-0.76347562  0.63707718  0.10600776 -0.08390352]
 [-0.54078898 -0.72035379  0.43432442 -0.40394722]
 [ 0.          0.          0.          1.        ]]","[[ 0.54618089  0.22980806  0.80552758 -0.04522314]
 [-0.66639125  0.70186692  0.2516059  -0.09754956]
 [-0.5075521  -0.67421886  0.53648838 -0.39748272]
 [ 0.          0.          0.          1.        ]]"
full_scene,92,171,9,4,28,0.24936348067323516,0.7240137372582063,0.0030343126094261393,0.002136007586432197,"[[-0.65955122 -0.75147361 -0.01672096 -0.13865078]
 [ 0.74585739 -0.65153936 -0.13853957  0.00744532]
 [ 0.09321447 -0.10384539  0.99021573 -0.42105004]
 [ 0.          0.          0.          1.        ]]","[[-0.5937344  -0.79967218  0.08946436 -0.14929607]
 [ 0.61747952 -0.52408381 -0.58656219  0.01016879]
 [ 0.51594428 -0.29301974  0.80494778 -0.43157223]
 [ 0.          0.          0.          1.        ]]"
full_scene,92,171,63,11,13,0.5800980307479703,0.694074969770254,0.0023112037591118103,0.0015686092936192826,"[[-0.48700388 -0.04762489 -0.87210039 -0.08845659]
 [ 0.64742993  0.65051734 -0.39706634 -0.09035611]
 [ 0.58622666 -0.75799674 -0.28597069 -0.41146094]
 [ 0.          0.          0.          1.        ]]","[[-0.41919062  0.03549196 -0.90720425 -0.08930306]
 [ 0.76115253  0.55842699 -0.32985773 -0.09290212]
 [ 0.49490004 -0.82879407 -0.26110215 -0.40955244]
 [ 0.          0.          0.          1.        ]]"
full_scene,92,172,63,16,30,0.42991557263776126,0.33577690447400244,0.00209314224072731,0.0021089799544490493,"[[ 0.38757773  0.2589363   0.8847234  -0.04858089]
 [-0.75713044  0.63690534  0.14527589 -0.07490139]
 [-0.52586785 -0.72615672  0.44289888 -0.3992098 ]
 [ 0.          0.          0.          1.        ]]","[[ 0.52919808  0.22226141  0.81887072 -0.04455703]
 [-0.70726073  0.64870994  0.28099409 -0.09058775]
 [-0.46875543 -0.72785664  0.50049282 -0.39941413]
 [ 0.          0.          0.          1.        ]]"
full_scene,92,173,9,3,11,0.5511207911395293,0.7294192084346035,0.002644033367428,0.0021044085650562404,"[[-0.60549401 -0.79062733  0.09102429 -0.14643438]
 [ 0.68922304 -0.57811741 -0.43675148  0.00521307]
 [ 0.39793039 -0.20171437  0.89496521 -0.43428231]
 [ 0.          0.          0.          1.        ]]","[[-0.58348431 -0.80784007  0.08330959 -0.14895164]
 [ 0.6699671  -0.53678884 -0.51283704  0.00873203]
 [ 0.45900997 -0.24341768  0.85443413 -0.43374432]
 [ 0.          0.          0.          1.        ]]"
full_scene,92,173,63,12,30,0.39363447918466055,0.4575703921229919,0.0027631685072872472,0.0018606901011854922,"[[ 0.39901371 -0.40818604 -0.82107991 -0.10374164]
 [-0.91363822 -0.25296291 -0.31823729 -0.12090172]
 [-0.07780275  0.87715103 -0.47387004 -0.34033465]
 [ 0.          0.          0.          1.        ]]","[[ 0.33341399 -0.40227898 -0.8526469  -0.10168832]
 [-0.93806688 -0.23187854 -0.25741577 -0.10858142]
 [-0.09415756  0.88566583 -0.45467613 -0.35918339]
 [ 0.          0.          0.          1.        ]]"
full_scene,92,174,63,14,30,0.37840084643288996,0.3356743392641216,0.0028640111129972015,0.002253117698939596,"[[ 0.63553594  0.1005079   0.76550129 -0.06175794]
 [-0.67580834  0.55185032  0.48861469 -0.07338053]
 [-0.3733325  -0.82786435  0.41864478 -0.38418037]
 [ 0.          0.          0.          1.        ]]","[[ 0.53920097  0.20511671  0.81681666 -0.04377627]
 [-0.75396779  0.54969704  0.35967449 -0.0900985 ]
 [-0.37522645 -0.80979028  0.45104857 -0.40123876]
 [ 0.          0.          0.          1.        ]]"
full_scene,92,175,9,1,30,0.47509741711560166,0.7244882749641816,0.0025712522219385877,0.002171839862035117,"[[-0.72916328 -0.67354349  0.1210788  -0.14377918]
 [ 0.56465365 -0.69210637 -0.44961653  0.00104741]
 [ 0.3866357  -0.25947628  0.88497734 -0.4432731 ]
 [ 0.          0.          0.          1.        ]]","[[-0.55364349 -0.82861103  0.0829617  -0.14967612]
 [ 0.73036316 -0.53101478 -0.42964283  0.01000029]
 [ 0.40006068 -0.17727679  0.89917985 -0.43525043]
 [ 0.          0.          0.          1.        ]]"
full_scene,92,175,63,20,30,0.3450725513905683,0.37068146484712383,0.002705371882925314,0.002078411507732739,"[[-0.50072264 -0.08491695  0.8614325  -0.06636072]
 [ 0.85196973 -0.22430717  0.47311084 -0.10414744]
 [ 0.15305036  0.97081172  0.18466235 -0.31353697]
 [ 0.          0.          0.          1.        ]]","[[-0.4090317  -0.16611903  0.89727228 -0.05845285]
 [ 0.90901125 -0.1603234   0.38470112 -0.10350793]
 [ 0.07994757  0.97298555  0.21658142 -0.34268235]
 [ 0.          0.          0.          1.        ]]"
full_scene,92,176,9,3,29,0.472444873015535,0.7353600554844087,0.0028843902736929495,0.0021993476526233867,"[[-0.41058359 -0.89226823  0.18782579 -0.15338486]
 [ 0.76243599 -0.44893372 -0.46599343  0.02079122]
 [ 0.50011246 -0.04812411  0.86462223 -0.43201916]
 [ 0.          0.          0.          1.        ]]","[[-0.55225046 -0.82945019  0.0838559  -0.14846103]
 [ 0.74384662 -0.53566383 -0.39969547  0.01020165]
 [ 0.37644605 -0.15835608  0.91280432 -0.43655329]
 [ 0.          0.          0.          1.        ]]"
full_scene,92,176,63,21,30,0.340802599758162,0.47225880981171187,0.002652258811656675,0.001776681083058161,"[[ 0.24521383 -0.21752289 -0.94475075 -0.10006947]
 [-0.92389403 -0.34770993 -0.15974237 -0.11340843]
 [-0.29375159  0.91202061 -0.28623138 -0.33066437]
 [ 0.          0.          0.          1.        ]]","[[ 0.27583747 -0.38261896 -0.88176892 -0.10462662]
 [-0.96098356 -0.0901167  -0.261514   -0.09936053]
 [ 0.02059811  0.9195008  -0.39254809 -0.34577966]
 [ 0.          0.          0.          1.        ]]"
full_scene,92,177,63,7,30,0.3749946018310589,0.7404290464674382,0.002403483117683897,0.001890884725314644,"[[-0.08407998  0.03145637 -0.99596238 -0.10042318]
 [ 0.82895964  0.55684898 -0.052394   -0.08020609]
 [ 0.55295251 -0.8300179  -0.07289591 -0.37766566]
 [ 0.          0.          0.          1.        ]]","[[-0.3273513   0.0564734  -0.94321359 -0.09688064]
 [ 0.90935971  0.29003415 -0.29823666 -0.0861158 ]
 [ 0.25672171 -0.9553486  -0.14629769 -0.3827321 ]
 [ 0.          0.          0.          1.        ]]"
full_scene,92,178,63,25,30,0.4348171100362757,0.48239657108308864,0.002506172829502029,0.001831507828488141,"[[ 0.27208517 -0.34553815 -0.89809412 -0.10850973]
 [-0.96225002 -0.09122565 -0.25642304 -0.09727127]
 [ 0.00667473  0.93395999 -0.35731524 -0.32447145]
 [ 0.          0.          0.          1.        ]]","[[ 0.22949318 -0.36795039 -0.90108013 -0.10731884]
 [-0.97006301 -0.01090728 -0.24260829 -0.08761513]
 [ 0.07943948  0.92978145 -0.35943821 -0.34249214]
 [ 0.          0.          0.          1.        ]]"
full_scene,92,179,63,26,30,0.3697205907756089,0.4290842546208326,0.001972108949459248,0.0018247109805756409,"[[ 0.01504959 -0.39279512 -0.91950286 -0.11665656]
 [-0.99868404  0.03918625 -0.03308522 -0.08328195]
 [ 0.04902758  0.91879074 -0.39168848 -0.31696403]
 [ 0.          0.          0.          1.        ]]","[[ 0.17583575 -0.37218977 -0.91134876 -0.1152298 ]
 [-0.97581406  0.05624313 -0.21124307 -0.08101003]
 [ 0.12987961  0.92645102 -0.35329846 -0.31825637]
 [ 0.          0.          0.          1.        ]]"
full_scene,92,180,63,9,30,0.383221411297288,0.400635904301261,0.0027763251002667967,0.0017987464245057113,"[[ 0.1818155  -0.26111238 -0.94803135 -0.11867588]
 [-0.9828313  -0.01747155 -0.1836774  -0.07585044]
 [ 0.03139687  0.96515028 -0.25980602 -0.30426352]
 [ 0.          0.          0.          1.        ]]","[[ 0.1163236  -0.37352105 -0.92029932 -0.12243522]
 [-0.96235249  0.18679031 -0.19745143 -0.06549767]
 [ 0.24565527  0.9086206  -0.33773079 -0.30345215]
 [ 0.          0.          0.          1.        ]]"
full_scene,92,183,63,23,30,0.45738145621005355,0.3754696406978753,0.002447279040547388,0.002035959750831329,"[[ 0.06569629  0.27847786  0.95819313 -0.07588692]
 [-0.93454924  0.35372028 -0.03872585 -0.05950212]
 [-0.34971663 -0.89293451  0.28348939 -0.34845248]
 [ 0.          0.          0.          1.        ]]","[[ 0.08899352  0.31218706  0.94584322 -0.07079321]
 [-0.98211635  0.1856855   0.03111866 -0.07107652]
 [-0.16591453 -0.93169745  0.32312882 -0.36642557]
 [ 0.          0.          0.          1.        ]]"
full_scene,92,184,63,18,30,0.6719046899291761,0.6959967179132838,0.002221886616289466,0.0018192965834473035,"[[-0.01361617  0.06851802 -0.99755696 -0.11135004]
 [ 0.96177972  0.2737655   0.00567598 -0.06391305]
 [ 0.27348558 -0.95935277 -0.06962688 -0.38571724]
 [ 0.          0.          0.          1.        ]]","[[-0.10406914  0.04716324 -0.99345118 -0.11104162]
 [ 0.94485738  0.31653864 -0.08395129 -0.06331177]
 [ 0.31050627 -0.94740642 -0.07750444 -0.38199562]
 [ 0.          0.          0.          1.        ]]"
full_scene,92,185,63,23,30,0.3414341855242702,0.32605480221109,0.0020282605704264557,0.002186092145650786,"[[-0.08201309 -0.07438888  0.99385117 -0.08169516]
 [ 0.9936322  -0.08340664  0.07575211 -0.08728824]
 [ 0.07725867  0.99373519  0.08075562 -0.30115814]
 [ 0.          0.          0.          1.        ]]","[[-0.15708181 -0.11838143  0.98046476 -0.07717834]
 [ 0.98663906 -0.06226709  0.15055287 -0.09017085]
 [ 0.04322802  0.99101395  0.12658077 -0.32437342]
 [ 0.          0.          0.          1.        ]]"
full_scene,92,186,9,6,25,0.5784462540419357,0.7231954639062362,0.002778470384316062,0.0020790144984688375,"[[-0.35153561 -0.93491877  0.04847275 -0.14886571]
 [ 0.86022736 -0.34301274 -0.37729451  0.04440405]
 [ 0.36936649 -0.09093487  0.9248239  -0.42385213]
 [ 0.          0.          0.          1.        ]]","[[-0.38936645 -0.91794489  0.07596677 -0.14750501]
 [ 0.80174563 -0.37836558 -0.46264829  0.03839306]
 [ 0.45342884 -0.11923369  0.88328116 -0.4240486 ]
 [ 0.          0.          0.          1.        ]]"
full_scene,92,187,63,52,30,0.3919070651235101,0.4147791069269304,0.0023986447984811797,0.0018889707669856538,"[[ 0.10831526 -0.33809675 -0.93485742 -0.1194977 ]
 [-0.97654345 -0.21222254 -0.03639358 -0.09904946]
 [-0.18609326  0.91687086 -0.35315311 -0.3251504 ]
 [ 0.          0.          0.          1.        ]]","[[ 0.12737849 -0.35287982 -0.92695769 -0.12060561]
 [-0.9875151  -0.13244279 -0.08528091 -0.09091389]
 [-0.09267495  0.92624767 -0.36534451 -0.33068337]
 [ 0.          0.          0.          1.        ]]"
full_scene,92,188,63,27,30,0.41415291932976334,0.677400025911211,0.002823231558893076,0.0016467875642200106,"[[-0.17880564  0.1274736  -0.97559163 -0.10228007]
 [ 0.91249969  0.39229063 -0.11598439 -0.0822288 ]
 [ 0.3679305  -0.91096572 -0.1864634  -0.4027309 ]
 [ 0.          0.          0.          1.        ]]","[[-0.1921258   0.04020906 -0.98054623 -0.10627698]
 [ 0.86145617  0.48551766 -0.14888206 -0.07334942]
 [ 0.4700861  -0.87330169 -0.12791881 -0.39659847]
 [ 0.          0.          0.          1.        ]]"
full_scene,92,189,9,4,26,0.5149007881584591,0.7267210357089624,0.0027700151601994646,0.002118858698981307,"[[-0.41981137 -0.90499453  0.06887173 -0.13942669]
 [ 0.74068158 -0.38546661 -0.55027837  0.0308772 ]
 [ 0.52454667 -0.1800011   0.83213604 -0.42133412]
 [ 0.          0.          0.          1.        ]]","[[-0.40761287 -0.90956601  0.08087906 -0.14955654]
 [ 0.7291179  -0.37750755 -0.57085474  0.03580963]
 [ 0.54976252 -0.17371737  0.8170578  -0.41824649]
 [ 0.          0.          0.          1.        ]]"
full_scene,92,189,63,17,30,0.6560394714112973,0.6802610554499914,0.0023506738988280994,0.0016548156900816405,"[[-0.37962313  0.02112659 -0.92489996 -0.10369517]
 [ 0.76685362  0.56643029 -0.30181494 -0.07451815]
 [ 0.51751503 -0.82383882 -0.23123104 -0.40507152]
 [ 0.          0.          0.          1.        ]]","[[-0.21229529  0.03993489 -0.97638922 -0.10556142]
 [ 0.83671894  0.52358119 -0.16051215 -0.07522698]
 [ 0.504809   -0.85103933 -0.1445681  -0.39899502]
 [ 0.          0.          0.          1.        ]]"
full_scene,92,190,63,31,30,0.6032453791673864,0.6904420020728969,0.0022856656324705825,0.0017053471934061894,"[[-0.04955657  0.05577451 -0.99721279 -0.105581  ]
 [ 0.83938091  0.54342577 -0.01131908 -0.07723304]
 [ 0.54127981 -0.83760232 -0.07374638 -0.40557028]
 [ 0.          0.          0.          1.        ]]","[[-0.22312037  0.03922284 -0.97400147 -0.10556717]
 [ 0.80891509  0.56500777 -0.16255029 -0.07714081]
 [ 0.54394271 -0.82415277 -0.15779268 -0.40005618]
 [ 0.          0.          0.          1.        ]]"
full_scene,92,191,9,4,24,0.35202788821595116,0.7369935602799772,0.002749442329106382,0.0021647875361968318,"[[-0.36513112 -0.90985232  0.19709903 -0.15320167]
 [ 0.47630136 -0.36448458 -0.80017998  0.04595588]
 [ 0.79988517 -0.19829208  0.56644856 -0.4204905 ]
 [ 0.          0.          0.          1.        ]]","[[-0.44335316 -0.89234865  0.08456871 -0.14990633]
 [ 0.65964765 -0.38870023 -0.64325509  0.03479839]
 [ 0.60687969 -0.22940362  0.76096716 -0.41466387]
 [ 0.          0.          0.          1.        ]]"
full_scene,92,191,63,15,14,0.5847296596994299,0.6799695543271722,0.002212408190479034,0.0017076910545347004,"[[-0.17373871  0.04962429 -0.98354069 -0.10399759]
 [ 0.81835395  0.56285305 -0.11616049 -0.07971027]
 [ 0.54782449 -0.82506598 -0.13839959 -0.40764524]
 [ 0.          0.          0.          1.        ]]","[[-0.22079129  0.03765751 -0.97459382 -0.10443518]
 [ 0.78631909  0.59805352 -0.15502991 -0.07563234]
 [ 0.57702122 -0.80057098 -0.16165583 -0.40749617]
 [ 0.          0.          0.          1.        ]]"
full_scene,92,192,9,1,21,0.41235501504223687,0.7272777049409718,0.0027963848619084685,0.0021470674648205257,"[[-0.41644694 -0.90378745  0.09869239 -0.14432913]
 [ 0.56993693 -0.34409616 -0.74617004  0.0389898 ]
 [ 0.70833879 -0.25449179  0.65839964 -0.4199531 ]
 [ 0.          0.          0.          1.        ]]","[[-0.43865879 -0.8943442   0.08790294 -0.1502386 ]
 [ 0.62632224 -0.37440522 -0.68376983  0.03527449]
 [ 0.6444369  -0.24488608  0.7243838  -0.41246217]
 [ 0.          0.          0.          1.        ]]"
full_scene,92,193,63,26,30,0.4691872516842287,0.6585226291242011,0.0025617751327894588,0.0017331823058716553,"[[-0.23119903  0.12297693 -0.96510294 -0.0973287 ]
 [ 0.80542518  0.58063654 -0.11895998 -0.0779795 ]
 [ 0.5457447  -0.80482164 -0.23329132 -0.41927225]
 [ 0.          0.          0.          1.        ]]","[[-0.23403089  0.03409284 -0.97163122 -0.10382362]
 [ 0.72160634  0.6758371  -0.15009498 -0.07609029]
 [ 0.65154726 -0.73626211 -0.18276837 -0.41301172]
 [ 0.          0.          0.          1.        ]]"
full_scene,92,195,63,11,30,0.49771657453791673,0.656309379858352,0.0022587735853740157,0.0017433619613635204,"[[-0.15018928 -0.01760583 -0.98850049 -0.10554182]
 [ 0.53856693  0.83701127 -0.09673567 -0.06657218]
 [ 0.82908916 -0.54690233 -0.1162282  -0.42067385]
 [ 0.          0.          0.          1.        ]]","[[-0.25229167  0.03303927 -0.96708703 -0.10386206]
 [ 0.65490188  0.74157199 -0.14551461 -0.07622781]
 [ 0.71235696 -0.67005924 -0.20872992 -0.41694456]
 [ 0.          0.          0.          1.        ]]"
full_scene,92,196,63,11,30,0.35129124201071,0.5832019778891,0.0028108887817385746,0.0017582662698563615,"[[ 0.15598485  0.10987206 -0.98162969 -0.11136075]
 [ 0.74187531  0.64309516  0.18986742 -0.06737599]
 [ 0.65214243 -0.75786328  0.01880173 -0.41551563]
 [ 0.          0.          0.          1.        ]]","[[-0.06279288  0.03075112 -0.99755272 -0.11485223]
 [ 0.66382107  0.74765666 -0.01873781 -0.0601949 ]
 [ 0.74525072 -0.66337311 -0.06736076 -0.4079001 ]
 [ 0.          0.          0.          1.        ]]"
full_scene,92,197,9,3,20,0.49845927340976637,0.71520741252232,0.0026586129550733952,0.002071757065557129,"[[-0.26742138 -0.9403293   0.21039634 -0.14565092]
 [ 0.4647411  -0.31714095 -0.82670268  0.0549865 ]
 [ 0.84409805 -0.12329814  0.52181994 -0.3927172 ]
 [ 0.          0.          0.          1.        ]]","[[-0.27988911 -0.95688896  0.07762479 -0.14639954]
 [ 0.60885746 -0.23944127 -0.75628068  0.05672927]
 [ 0.74226321 -0.16441229  0.64962599 -0.39138525]
 [ 0.          0.          0.          1.        ]]"
full_scene,92,198,9,7,30,0.3977568967667556,0.7278465418064677,0.002557335569326918,0.0021467326241990216,"[[-4.19903699e-02 -9.99117852e-01 -5.72174331e-04 -1.55880579e-01]
 [ 8.87473257e-01 -3.70351619e-02 -4.59368714e-01  6.37759279e-02]
 [ 4.58942292e-01 -1.97968516e-02  8.88245494e-01 -3.77938507e-01]
 [ 0.00000000e+00  0.00000000e+00  0.00000000e+00  1.00000000e+00]]","[[-0.26257773 -0.96205265  0.07421346 -0.14612662]
 [ 0.65048    -0.23329648 -0.72280601  0.05830576]
 [ 0.71269118 -0.14151839  0.68705446 -0.3932806 ]
 [ 0.          0.          0.          1.        ]]"
full_scene,92,198,63,18,19,0.4892522456382795,0.6136854378994645,0.002295956662193184,0.0017758277117195572,"[[ 0.06571863  0.0399476  -0.99703824 -0.11537687]
 [ 0.78205982  0.61851126  0.07633001 -0.06024693]
 [ 0.61972858 -0.78475984  0.0094063  -0.40815189]
 [ 0.          0.          0.          1.        ]]","[[-0.02765615  0.03801541 -0.99889437 -0.11513576]
 [ 0.73368313  0.67946913  0.00554557 -0.05831199]
 [ 0.67892871 -0.73271858 -0.04668277 -0.40452756]
 [ 0.          0.          0.          1.        ]]"
full_scene,92,200,9,6,15,0.5057811468602943,0.7470288159980045,0.0027779024379101843,0.002099607992480271,"[[-0.2800898  -0.95809052  0.06010208 -0.13657596]
 [ 0.77220816 -0.26205799 -0.57880927  0.05531553]
 [ 0.5703019  -0.11570726  0.81324509 -0.39988076]
 [ 0.          0.          0.          1.        ]]","[[-0.26200058 -0.96225582  0.07361673 -0.1445366 ]
 [ 0.70504668 -0.24293937 -0.66625043  0.0589012 ]
 [ 0.65898776 -0.12265477  0.74208553 -0.40030742]
 [ 0.          0.          0.          1.        ]]"
full_scene,92,200,63,23,30,0.47729530143375365,0.6073371912247366,0.002583662387235423,0.0016747061558713464,"[[-0.14917602  0.01076003 -0.98875211 -0.118272  ]
 [ 0.6868446   0.72046482 -0.09578591 -0.06229648]
 [ 0.71133045 -0.69340801 -0.11486654 -0.39449271]
 [ 0.          0.          0.          1.        ]]","[[-0.01084755  0.04023195 -0.99913148 -0.11569005]
 [ 0.79538291  0.60590228  0.01576236 -0.05749148]
 [ 0.6060102  -0.79452112 -0.03857237 -0.39745693]
 [ 0.          0.          0.          1.        ]]"
full_scene,92,202,9,5,30,0.28588767449146896,0.7196698921035101,0.0028116162203401258,0.002158977376775315,"[[-0.01103081 -0.96216043  0.27226021 -0.14389531]
 [ 0.76559461 -0.18327347 -0.616665    0.0649357 ]
 [ 0.64322874  0.20163864  0.7386465  -0.41720799]
 [ 0.          0.          0.          1.        ]]","[[-0.24482112 -0.96683032  0.07281308 -0.14355068]
 [ 0.76462528 -0.23870289 -0.59863938  0.06088074]
 [ 0.5961634  -0.09088484  0.79770242 -0.40544118]
 [ 0.          0.          0.          1.        ]]"
full_scene,92,202,63,26,13,0.5403675073415097,0.6214588011746416,0.0020973554214366347,0.0016905612467386462,"[[ 0.09582769  0.06697991 -0.99314186 -0.11455596]
 [ 0.86024978  0.49638905  0.1164827  -0.05499205]
 [ 0.50078675 -0.86551233 -0.01005164 -0.39752658]
 [ 0.          0.          0.          1.        ]]","[[ 0.02069548  0.04055731 -0.99896286 -0.11618079]
 [ 0.84773464  0.52898198  0.03903885 -0.05341576]
 [ 0.53001667 -0.84766336 -0.0234343  -0.39388123]
 [ 0.          0.          0.          1.        ]]"
full_scene,92,203,63,12,30,0.30116924339264123,0.30751749006736917,0.00245659303306599,0.002333090363422519,"[[ 0.1176224   0.37366195  0.92007702 -0.07106413]
 [-0.85066809  0.51595095 -0.10078897 -0.05429712]
 [-0.51237561 -0.77082512  0.37854969 -0.37814818]
 [ 0.          0.          0.          1.        ]]","[[ 0.02357583  0.2953746   0.95509058 -0.07294102]
 [-0.86128739  0.49104687 -0.13060249 -0.06390418]
 [-0.5075709  -0.81952841  0.26597925 -0.3924549 ]
 [ 0.          0.          0.          1.        ]]"
full_scene,92,204,9,2,23,0.30187594489278796,0.721701886895763,0.0029656244274109747,0.0021688892038649915,"[[-0.10589279 -0.99243343  0.06214981 -0.1424961 ]
 [ 0.71396927 -0.11938618 -0.68992378  0.07515733]
 [ 0.69212325 -0.0286849   0.72120911 -0.41920715]
 [ 0.          0.          0.          1.        ]]","[[-0.20466445 -0.97673997  0.06396473 -0.1414917 ]
 [ 0.82632204 -0.20743597 -0.523605    0.06409343]
 [ 0.52469452 -0.05430786  0.84955654 -0.41123321]
 [ 0.          0.          0.          1.        ]]"
full_scene,92,204,63,16,30,0.33628433235446537,0.37033598203489376,0.002175493138941872,0.0019620825907209387,"[[-0.115463   -0.30984966 -0.94374863 -0.12954965]
 [-0.86460812 -0.43637848  0.24905146 -0.07987673]
 [-0.4890001   0.84472896 -0.21751297 -0.32562745]
 [ 0.          0.          0.          1.        ]]","[[-0.05812177 -0.29030533 -0.95516736 -0.12882916]
 [-0.99563127 -0.05318097  0.07674736 -0.06828923]
 [-0.07307689  0.95545518 -0.28594609 -0.31929108]
 [ 0.          0.          0.          1.        ]]"
full_scene,92,206,63,43,30,0.3671888495422353,0.37439540507859737,0.0020970864360924943,0.0019973244225347324,"[[-0.16787633 -0.27733862 -0.94599198 -0.13067216]
 [-0.9851834   0.01304283  0.17100747 -0.05867091]
 [-0.03508856  0.9606837  -0.27541899 -0.30564166]
 [ 0.          0.          0.          1.        ]]","[[-0.12250151 -0.27180386 -0.95452399 -0.13054985]
 [-0.99243657  0.04124179  0.11562339 -0.05830875]
 [ 0.0079394   0.96146855 -0.27480028 -0.30878861]
 [ 0.          0.          0.          1.        ]]"
full_scene,92,207,9,4,12,0.5372922756820719,0.7203604053038715,0.0025321357249706625,0.0021520814681648603,"[[-0.10350876 -0.99031632  0.09251771 -0.13978458]
 [ 0.92195526 -0.13043216 -0.36467239  0.06685598]
 [ 0.37320831  0.0475504   0.92652821 -0.41691219]
 [ 0.          0.          0.          1.        ]]","[[-0.14416475 -0.98792154  0.05681164 -0.13707988]
 [ 0.89626684 -0.15469304 -0.41566309  0.07088166]
 [ 0.41943089 -0.00900557  0.9077426  -0.42002278]
 [ 0.          0.          0.          1.        ]]"
full_scene,92,207,63,8,30,0.33639769390222835,0.3787193384004146,0.0022823705253480374,0.001995104161879044,"[[-0.21791712 -0.16496826 -0.96192391 -0.12835832]
 [-0.95667223  0.23112166  0.17709043 -0.04254701]
 [ 0.19310715  0.95883693 -0.20818592 -0.29819107]
 [ 0.          0.          0.          1.        ]]","[[-0.1201922  -0.27244805 -0.95463391 -0.131809  ]
 [-0.99249224  0.05491537  0.10928612 -0.04977069]
 [ 0.02264929  0.96060208 -0.27700298 -0.30318565]
 [ 0.          0.          0.          1.        ]]"
full_scene,92,208,63,5,30,0.3529214890309207,0.37552362238728626,0.002597064937634558,0.002068693376846591,"[[ 4.56667440e-04 -2.93654781e-01 -9.55911430e-01 -1.35077516e-01]
 [-8.27422844e-01 -5.36931074e-01  1.64549261e-01 -6.12110615e-02]
 [-5.61579227e-01  7.90867810e-01 -2.43221873e-01 -3.00915984e-01]
 [ 0.00000000e+00  0.00000000e+00  0.00000000e+00  1.00000000e+00]]","[[-0.10689101 -0.32167938 -0.94079577 -0.1327215 ]
 [-0.90934132 -0.35102356  0.22334014 -0.05177004]
 [-0.4020854   0.87937753 -0.25499509 -0.30962241]
 [ 0.          0.          0.          1.        ]]"
full_scene,92,213,63,29,30,0.30538521333563656,0.34804694247711176,0.002582214692864021,0.00206321997294946,"[[-0.34959594 -0.20983632 -0.91309988 -0.13299223]
 [-0.93684881  0.08853912  0.33834175 -0.02454383]
 [ 0.00984867  0.97371944 -0.22753783 -0.28821455]
 [ 0.          0.          0.          1.        ]]","[[-0.33374945 -0.19987669 -0.92122777 -0.13234786]
 [-0.94243697  0.09209306  0.32145206 -0.01988236]
 [ 0.02058791  0.97548356 -0.21910719 -0.29573801]
 [ 0.          0.          0.          1.        ]]"
full_scene,92,214,63,13,30,0.28309617377785457,0.31379556054586283,0.0027109110137247968,0.0020416642588683837,"[[-0.11758549 -0.1645044  -0.97934261 -0.13110137]
 [-0.98120648  0.17118123  0.08905523 -0.01462108]
 [ 0.15299509  0.97140892 -0.18154121 -0.28793462]
 [ 0.          0.          0.          1.        ]]","[[-0.30848176 -0.12354411 -0.94317329 -0.12803994]
 [-0.92168638  0.28401657  0.2642514  -0.01699219]
 [ 0.23523014  0.95082671 -0.20148285 -0.30142402]
 [ 0.          0.          0.          1.        ]]"
full_scene,92,216,63,5,30,0.2544696838832268,0.3239711089998273,0.0019935664984896853,0.002082292887685483,"[[-0.37350037 -0.15115301 -0.91523234 -0.13203164]
 [-0.90025807  0.2969726   0.31834367 -0.03343529]
 [ 0.22368032  0.94284678 -0.24699609 -0.29710093]
 [ 0.          0.          0.          1.        ]]","[[-0.25462838 -0.24428492 -0.93567584 -0.13478346]
 [-0.95502975 -0.08848936  0.28299789 -0.04906927]
 [-0.15192947  0.96565755 -0.21076746 -0.29931614]
 [ 0.          0.          0.          1.        ]]"
full_scene,92,217,63,48,30,0.4699483935049231,0.5531881585766109,0.002677404906605673,0.0019174688520948804,"[[-0.04370889  0.04783231 -0.99789859 -0.1245261 ]
 [ 0.86649043  0.49899635 -0.01403468 -0.03092475]
 [ 0.49727644 -0.86528303 -0.06325682 -0.38227062]
 [ 0.          0.          0.          1.        ]]","[[ 0.23863558  0.04209961 -0.97019621 -0.1222576 ]
 [ 0.85870078  0.45743185  0.23106075 -0.03011407]
 [ 0.45352621 -0.88824756  0.07300855 -0.38134797]
 [ 0.          0.          0.          1.        ]]"
full_scene,92,219,63,19,30,0.3495746242874417,0.4473948436690275,0.002626986393170838,0.0023420294557855233,"[[ 0.14010706 -0.23932281 -0.96077812 -0.1185175 ]
 [-0.81887131 -0.57349829  0.02344097 -0.02946642]
 [-0.55661457  0.7834694  -0.27632575 -0.39367341]
 [ 0.          0.          0.          1.        ]]","[[-0.00459089 -0.19559687 -0.98067364 -0.11878777]
 [-0.93684706 -0.34211654  0.07262139 -0.03089878]
 [-0.34970919  0.91907461 -0.18167373 -0.39806958]
 [ 0.          0.          0.          1.        ]]"
full_scene,92,220,63,27,30,0.5410098894455001,0.5309692952150631,0.0023022868362094244,0.001796409708067585,"[[ 0.2972331   0.04469019 -0.9537585  -0.12252886]
 [ 0.75644962  0.59849854  0.26378678 -0.03524176]
 [ 0.58261175 -0.79987642  0.1440877  -0.38216207]
 [ 0.          0.          0.          1.        ]]","[[ 0.20946554  0.03969734 -0.97700988 -0.12214012]
 [ 0.79280991  0.57795053  0.19345706 -0.03688418]
 [ 0.57234311 -0.8151057   0.08958828 -0.38654931]
 [ 0.          0.          0.          1.        ]]"
full_scene,92,221,63,16,10,0.5301595698738988,0.5287668422870963,0.001992316369539494,0.001872382640007904,"[[ 0.24606543  0.04861302 -0.96803335 -0.12315646]
 [ 0.76418522  0.60462407  0.22461227 -0.03851483]
 [ 0.59621535 -0.7950261   0.11162773 -0.38575865]
 [ 0.          0.          0.          1.        ]]","[[ 0.18699918  0.0378035  -0.98163242 -0.12251786]
 [ 0.77080751  0.61383504  0.17047673 -0.03957982]
 [ 0.60900499 -0.78852865  0.08564742 -0.38671694]
 [ 0.          0.          0.          1.        ]]"
full_scene,92,223,9,1,15,0.5537459580642512,0.685454506739348,0.0026947005526977126,0.0021442533038188304,"[[-0.12236571 -0.97819177  0.16783175 -0.13442708]
 [ 0.60127933 -0.20760216 -0.77159867  0.07755585]
 [ 0.78961371  0.00649654  0.61356987 -0.38115324]
 [ 0.          0.          0.          1.        ]]","[[-0.10337245 -0.9924225   0.06642069 -0.13658592]
 [ 0.65629688 -0.11823439 -0.74518121  0.07612557]
 [ 0.74738781 -0.03343951  0.66354598 -0.37996193]
 [ 0.          0.          0.          1.        ]]"
full_scene,92,224,9,10,7,0.44789363054806064,0.684201240490234,0.0026730031643304865,0.00213639533316912,"[[-0.02817694 -0.99925057  0.02653974 -0.13773189]
 [ 0.47680155 -0.03677067 -0.87824154  0.07902641]
 [ 0.87855924 -0.01209197  0.4774803  -0.37947367]
 [ 0.          0.          0.          1.        ]]","[[-0.10854746 -0.99183331  0.06696374 -0.13753411]
 [ 0.62280979 -0.12035435 -0.77306066  0.07433961]
 [ 0.77480669 -0.0422081   0.63078766 -0.37658726]
 [ 0.          0.          0.          1.        ]]"
full_scene,92,225,9,13,19,0.6036515068093119,0.7053425036731044,0.002768761931611089,0.0021808434373735046,"[[-0.04252541 -0.99769317  0.05291429 -0.13239066]
 [ 0.65203022 -0.06784266 -0.75515161  0.07323324]
 [ 0.75699946  0.00238858  0.65341114 -0.37238469]
 [ 0.          0.          0.          1.        ]]","[[-0.10827635 -0.99221828  0.06147449 -0.13705795]
 [ 0.58673903 -0.11370217 -0.80175378  0.07363917]
 [ 0.80250454 -0.05074149  0.59448445 -0.37279192]
 [ 0.          0.          0.          1.        ]]"
full_scene,92,250,63,1,30,0.17381024356538263,0.35423324408360685,0.003168831331104132,0.002317997746490529,"[[-0.90446055 -0.33562878 -0.26325736 -0.11748761]
 [-0.03219972  0.66912799 -0.74244926 -0.01079508]
 [ 0.42534021 -0.66303925 -0.61600702 -0.36907747]
 [ 0.          0.          0.          1.        ]]","[[-0.95133263 -0.07735928  0.29829813 -0.11128812]
 [-0.27907803  0.62680419 -0.72748331 -0.01053194]
 [-0.13069693 -0.77532706 -0.61788855 -0.37235575]
 [ 0.          0.          0.          1.        ]]"
full_scene,93,2,9,5,30,0.23796849191308658,0.3273367179633815,0.0025980663919267675,0.001873435771294245,"[[-0.43631211 -0.8974246  -0.06527501  0.18746135]
 [ 0.86114624 -0.39543783 -0.31946216 -0.01451542]
 [ 0.260881   -0.19559654  0.94534814 -0.3131271 ]
 [ 0.          0.          0.          1.        ]]","[[-0.22650961 -0.90247878  0.36636791  0.18312088]
 [ 0.91313445 -0.3276496  -0.24255148 -0.02091421]
 [ 0.33893786  0.27960292  0.89830025 -0.33665017]
 [ 0.          0.          0.          1.        ]]"
full_scene,93,3,9,5,30,0.20806653261990443,0.34330369500609903,0.0027642964591137287,0.0018939121234727917,"[[ 0.40932172  0.90442592 -0.12028916  0.11445654]
 [-0.81982378  0.30672173 -0.48353982 -0.06824636]
 [-0.40043065  0.29653926  0.86701774 -0.34619311]
 [ 0.          0.          0.          1.        ]]","[[ 0.19832219  0.91522706 -0.35075311  0.10193828]
 [-0.90746071  0.03622495 -0.41857234 -0.06334873]
 [-0.37038272  0.40130685  0.83771681 -0.35263055]
 [ 0.          0.          0.          1.        ]]"
full_scene,93,28,9,3,30,0.1460359371055025,0.34695398505206226,0.0025275600108803143,0.001975122164889667,"[[ 0.31864222 -0.9015436   0.29272217  0.15773264]
 [ 0.8001991   0.0903159  -0.59289496 -0.06600214]
 [ 0.50808319  0.42315739  0.75019284 -0.35824742]
 [ 0.          0.          0.          1.        ]]","[[-0.0135424  -0.9927731   0.11924     0.18119668]
 [ 0.92133252 -0.05872711 -0.38431433 -0.0651944 ]
 [ 0.38853955  0.10465515  0.91546945 -0.33744132]
 [ 0.          0.          0.          1.        ]]"
full_scene,93,37,9,5,30,0.1999507210843795,0.46239744966402124,0.002738137912927766,0.002346516441340151,"[[ 0.13982526  0.10942589 -0.98411121  0.13745323]
 [-0.97133537 -0.17780055 -0.15778014 -0.05387957]
 [-0.19224075  0.97796367  0.08142823 -0.37786643]
 [ 0.          0.          0.          1.        ]]","[[-0.30683024  0.02224767 -0.9515042   0.12614485]
 [-0.88933703 -0.36280656  0.27830029 -0.07713466]
 [-0.33902043  0.93159886  0.1311057  -0.38679619]
 [ 0.          0.          0.          1.        ]]"
full_scene,93,38,9,3,30,0.2687282693670701,0.5232569104553433,0.0028527910144040603,0.002249009783444304,"[[-0.75278653 -0.16314073 -0.63772843  0.12221989]
 [-0.45462191 -0.5717898   0.68291679 -0.09643487]
 [-0.47605815  0.80401588  0.35626831 -0.4108431 ]
 [ 0.          0.          0.          1.        ]]","[[-0.34138768 -0.01611716 -0.93978438  0.12095223]
 [-0.80928941 -0.50346094  0.30261813 -0.08872184]
 [-0.47802207  0.86386765  0.15883192 -0.39728646]
 [ 0.          0.          0.          1.        ]]"
full_scene,93,44,9,4,30,0.2843880136642524,0.5692566488512233,0.0027178945398105094,0.002182050074630788,"[[-0.25042859  0.13682115 -0.95841823  0.13111347]
 [-0.89084791 -0.42015809  0.17279228 -0.06434275]
 [-0.37904554  0.897077    0.22710644 -0.40505309]
 [ 0.          0.          0.          1.        ]]","[[-0.41569717 -0.02656047 -0.90911518  0.11589727]
 [-0.60696018 -0.73632186  0.29904757 -0.09324483]
 [-0.67734423  0.67610994  0.28996577 -0.42578699]
 [ 0.          0.          0.          1.        ]]"
full_scene,93,53,9,7,30,0.2416066143255633,0.42161458412549696,0.0029355979240963566,0.0025518824520080383,"[[-0.57272617 -0.35890967 -0.73699972  0.11696039]
 [-0.37096728 -0.68825288  0.62345109 -0.09449543]
 [-0.7310048   0.63046953  0.26103669 -0.41010587]
 [ 0.          0.          0.          1.        ]]","[[-0.54357896 -0.16311866 -0.82335546  0.10442303]
 [-0.54171133 -0.68111481  0.49257633 -0.10316946]
 [-0.64114799  0.71377511  0.28187646 -0.40693928]
 [ 0.          0.          0.          1.        ]]"
full_scene,93,55,9,6,30,0.1565213952625319,0.34709695474552915,0.002699460877947028,0.002413509930643648,"[[-0.53258157 -0.47476374 -0.70068271  0.11052689]
 [-0.49340276 -0.49848319  0.71278905 -0.09125666]
 [-0.68768495  0.72533709  0.03123322 -0.41724702]
 [ 0.          0.          0.          1.        ]]","[[-0.53757449 -0.22330562 -0.81311024  0.10409947]
 [-0.60756073 -0.56609113  0.55714522 -0.10473186]
 [-0.58470815  0.79352091  0.16864442 -0.40487775]
 [ 0.          0.          0.          1.        ]]"
full_scene,93,59,9,8,30,0.22059615320267323,0.3071779911845495,0.002444248325942255,0.0024762583860595913,"[[-0.41854045  0.05049186 -0.90679351  0.10557805]
 [-0.83926033 -0.40307732  0.36492571 -0.08909169]
 [-0.34708212  0.91377199  0.21107998 -0.38223269]
 [ 0.          0.          0.          1.        ]]","[[-0.30123201  0.05912702 -0.95171596  0.10751377]
 [-0.90471795 -0.33302655  0.2656666  -0.0991446 ]
 [-0.30123861  0.9410618   0.15381153 -0.38330015]
 [ 0.          0.          0.          1.        ]]"
full_scene,93,62,9,6,30,0.15079652370711288,0.4498830386231106,0.002809713147884976,0.002231567021340395,"[[-0.13809564  0.11531603 -0.98368278  0.12127007]
 [-0.90710116 -0.41345631  0.07887561 -0.11946397]
 [-0.39761423  0.90319217  0.16169982 -0.38610016]
 [ 0.          0.          0.          1.        ]]","[[-0.55474988 -0.03487333 -0.83128601  0.0964988 ]
 [-0.79558131 -0.27019779  0.54225781 -0.11070544]
 [-0.24352198  0.96217306  0.12214762 -0.37971098]
 [ 0.          0.          0.          1.        ]]"
full_scene,93,68,9,9,30,0.408935910032518,0.5403402678704512,0.0026360016356000875,0.0022332143588181075,"[[-0.61261895 -0.1023128  -0.78372834  0.07501455]
 [-0.55563586 -0.64945681  0.51910947 -0.12711538]
 [-0.56210925  0.75348387  0.34102089 -0.42155792]
 [ 0.          0.          0.          1.        ]]","[[-0.68077923 -0.04234317 -0.73126376  0.08051467]
 [-0.61819622 -0.50228472  0.60460192 -0.12500469]
 [-0.39290338  0.86366493  0.31576862 -0.40809321]
 [ 0.          0.          0.          1.        ]]"
full_scene,93,71,9,5,30,0.35668809184129757,0.538545541931186,0.002637769202582909,0.0021676013033113417,"[[-0.59701067 -0.01542625 -0.80208496  0.06699526]
 [-0.6050004  -0.64792868  0.46277742 -0.13415594]
 [-0.52683278  0.76154478  0.37748745 -0.43481661]
 [ 0.          0.          0.          1.        ]]","[[-0.70295771 -0.0502124  -0.70945695  0.07607616]
 [-0.53180498 -0.62524453  0.57118538 -0.12548528]
 [-0.47226467  0.77881191  0.41281726 -0.42433052]
 [ 0.          0.          0.          1.        ]]"
full_scene,93,72,9,2,30,0.313350023270599,0.5490918382556481,0.002897891142780005,0.002169860435555522,"[[-0.77610252 -0.21895926 -0.59137274  0.06395723]
 [-0.32026783 -0.67097652  0.66874436 -0.1257693 ]
 [-0.54322499  0.70841185  0.45062096 -0.43483568]
 [ 0.          0.          0.          1.        ]]","[[-0.70297648 -0.06059906 -0.70862672  0.07510412]
 [-0.49731127 -0.67040089  0.55067608 -0.12365317]
 [-0.50843444  0.73952038  0.44113946 -0.43082854]
 [ 0.          0.          0.          1.        ]]"
full_scene,93,75,9,6,30,0.26493805153601163,0.5731198724832011,0.002724056238519931,0.002222861908046671,"[[-0.69958525 -0.37770043 -0.60656645  0.08184607]
 [-0.3820345  -0.51965641  0.76420341 -0.12708919]
 [-0.60384611  0.76635475  0.21924937 -0.46325667]
 [ 0.          0.          0.          1.        ]]","[[-0.7100141  -0.05832371 -0.70176799  0.07200141]
 [-0.41404813 -0.7715194   0.48303412 -0.11930842]
 [-0.56959996  0.63352676  0.52364084 -0.44737332]
 [ 0.          0.          0.          1.        ]]"
full_scene,93,77,9,3,30,0.20305346762344825,0.5574418767357889,0.002831433654812647,0.002218856744634565,"[[-0.77742325 -0.1190817  -0.61760233  0.05078497]
 [-0.40956057 -0.64938002  0.64075403 -0.13210839]
 [-0.47736069  0.75108264  0.45607196 -0.45598056]
 [ 0.          0.          0.          1.        ]]","[[-0.82808586 -0.06230067 -0.55712875  0.04771962]
 [-0.34607942 -0.72501502  0.59546809 -0.12885966]
 [-0.44102477  0.6859095   0.57881371 -0.44455049]
 [ 0.          0.          0.          1.        ]]"
full_scene,93,79,9,5,30,0.24964942006016894,0.5431935779230458,0.0028645118025523247,0.0021525249137377377,"[[-0.86847547 -0.20176725 -0.45281379  0.04088198]
 [-0.28000936 -0.55410015  0.78394373 -0.12989053]
 [-0.40907836  0.80762801  0.42472567 -0.44294203]
 [ 0.          0.          0.          1.        ]]","[[-0.83158364 -0.06047016 -0.55209783  0.04927744]
 [-0.38960622 -0.64493147  0.65747273 -0.13400662]
 [-0.39582275  0.76184431  0.51275491 -0.43242634]
 [ 0.          0.          0.          1.        ]]"
full_scene,93,89,9,2,30,0.1351519889517888,0.44430722057790173,0.0027607054148084537,0.0022441890437022226,"[[-0.06321078  0.15395385 -0.98605406  0.10556832]
 [-0.96154175 -0.27401067  0.01885779 -0.13292   ]
 [-0.2672861   0.94932416  0.16535348 -0.380055  ]
 [ 0.          0.          0.          1.        ]]","[[-0.71556381  0.02360103 -0.69814857  0.07812085]
 [-0.69099682 -0.17046324  0.70247113 -0.12157671]
 [-0.10242963  0.98508135  0.13828556 -0.37656373]
 [ 0.          0.          0.          1.        ]]"
full_scene,93,90,9,12,30,0.2607554275250121,0.4417033470117813,0.002907182484700895,0.0023428665402226837,"[[-0.70807945 -0.23910375 -0.66441922  0.0785083 ]
 [-0.56559271 -0.3712909   0.73637487 -0.12711774]
 [-0.4227628   0.89720258  0.12766812 -0.37733502]
 [ 0.          0.          0.          1.        ]]","[[-0.68353554 -0.03892234 -0.72887874  0.07869026]
 [-0.70781404 -0.20853369  0.67491702 -0.12110389]
 [-0.17826512  0.97724037  0.11499041 -0.37575761]
 [ 0.          0.          0.          1.        ]]"
full_scene,93,91,9,3,30,0.0946520208918267,0.4431452115799368,0.003046082853124318,0.002166657438977463,"[[-0.95639869 -0.29112712 -0.02337833  0.03422967]
 [-0.09782586  0.24389281  0.96485564 -0.13445074]
 [-0.27519384  0.92507367 -0.26173853 -0.37225292]
 [ 0.          0.          0.          1.        ]]","[[-0.84685474  0.01000315 -0.53173018  0.0506943 ]
 [-0.52750206 -0.14300964  0.83743049 -0.13361755]
 [-0.0676656   0.98967074  0.12638507 -0.37229561]
 [ 0.          0.          0.          1.        ]]"
full_scene,93,95,9,1,30,0.21164685877332004,0.49158760239824056,0.0026922857345145278,0.0021413599970737,"[[-0.962316   -0.1431882  -0.23118188  0.01573333]
 [-0.18350455 -0.28545705  0.94065953 -0.13467955]
 [-0.20068385  0.94763464  0.2484242  -0.39433531]
 [ 0.          0.          0.          1.        ]]","[[-0.90667367 -0.01478967 -0.42157338  0.03269764]
 [-0.39475944 -0.32251369  0.86031965 -0.14366713]
 [-0.14868703  0.94644925  0.28657631 -0.39232095]
 [ 0.          0.          0.          1.        ]]"
full_scene,93,135,63,2,30,0.2580378735532907,0.49757082397650715,0.00262293355877745,0.002316295692449839,"[[ 0.55535971 -0.8241736  -0.11096609 -0.05383607]
 [-0.77148212 -0.56041418  0.30124955  0.07909046]
 [-0.31046889 -0.08169351 -0.94706665 -0.37181982]
 [ 0.          0.          0.          1.        ]]","[[ 0.27312851 -0.95891703 -0.07667428 -0.04406327]
 [-0.94875583 -0.28168687  0.14323019  0.0743163 ]
 [-0.15894401  0.03362492 -0.98671484 -0.37883505]
 [ 0.          0.          0.          1.        ]]"
full_scene,93,141,9,3,30,0.24068491608895756,0.6035693752832777,0.0028844071375805362,0.002236542377606779,"[[-0.86783935  0.25353889  0.4272855  -0.07829626]
 [ 0.17678389 -0.64614292  0.74245996 -0.12647818]
 [ 0.46432997  0.71987316  0.51592665 -0.41518173]
 [ 0.          0.          0.          1.        ]]","[[-0.97428981 -0.02952889  0.22335488 -0.06248612]
 [ 0.20559636 -0.52196322  0.82781914 -0.12995915]
 [ 0.09213845  0.85245671  0.51461448 -0.40944174]
 [ 0.          0.          0.          1.        ]]"
full_scene,93,156,9,1,30,0.26855488058988686,0.33791951718830326,0.0027875441261442178,0.002570804886421537,"[[-0.893117    0.35891646  0.27114756 -0.09680784]
 [ 0.04374647 -0.5306239   0.84647771 -0.10093526]
 [ 0.44769216  0.76786538  0.4582079  -0.38571141]
 [ 0.          0.          0.          1.        ]]","[[-0.93759911  0.1986767   0.28536903 -0.10165551]
 [ 0.15955028 -0.48338093  0.86074769 -0.10106275]
 [ 0.30895246  0.85256697  0.42151861 -0.3873699 ]
 [ 0.          0.          0.          1.        ]]"
full_scene,93,166,9,5,30,0.4341320370747792,0.6766846849039213,0.0026334438969589005,0.0021655386152370742,"[[-0.87239826  0.18470078  0.45255595 -0.10795116]
 [ 0.1697821  -0.75370774  0.63490053 -0.09091899]
 [ 0.45836155  0.63072202  0.62617444 -0.41102395]
 [ 0.          0.          0.          1.        ]]","[[-0.81057441 -0.0072508   0.58559077 -0.1051081 ]
 [ 0.40907408 -0.72255271  0.55729344 -0.09770168]
 [ 0.41907938  0.69127781  0.58864885 -0.413872  ]
 [ 0.          0.          0.          1.        ]]"
full_scene,93,171,9,2,30,0.2486242969389276,0.6740503922540845,0.002943594694221502,0.002237867355142839,"[[-0.80256431 -0.29224259  0.52008153 -0.10399194]
 [ 0.59392173 -0.47339952  0.65049971 -0.10793607]
 [ 0.05610262  0.83095557  0.55350278 -0.37479057]
 [ 0.          0.          0.          1.        ]]","[[-0.80397323 -0.0501647   0.59254581 -0.1085243 ]
 [ 0.53000061 -0.51232578  0.67573785 -0.09667699]
 [ 0.2696783   0.85732479  0.43848354 -0.39327086]
 [ 0.          0.          0.          1.        ]]"
full_scene,93,175,9,2,30,0.20119486160837863,0.368259511287001,0.0028210753672134894,0.0025993559385678144,"[[-0.58233482  0.16715564  0.7955785  -0.12317264]
 [ 0.42626352 -0.77052971  0.47390229 -0.07205586]
 [ 0.69223231  0.6150959   0.37745392 -0.38308784]
 [ 0.          0.          0.          1.        ]]","[[-0.78632339  0.14126193  0.60144875 -0.11380736]
 [ 0.44657836 -0.54275591  0.71132538 -0.08136176]
 [ 0.42692306  0.82792577  0.36369715 -0.38197253]
 [ 0.          0.          0.          1.        ]]"
full_scene,93,179,9,1,30,0.21285449639685952,0.3302417404582939,0.0025510195583528937,0.0020946121087193144,"[[-0.58847363 -0.48039246  0.65032443 -0.09874157]
 [ 0.76594874 -0.58879026  0.25816382 -0.06181974]
 [ 0.25888474  0.65003778  0.71444354 -0.35826803]
 [ 0.          0.          0.          1.        ]]","[[-0.70642811 -0.36658502  0.60545417 -0.10113113]
 [ 0.68577906 -0.56615279  0.45735993 -0.05671562]
 [ 0.17511827  0.7382997   0.65134257 -0.35685072]
 [ 0.          0.          0.          1.        ]]"
full_scene,93,186,9,4,30,0.12971305678330358,0.5144657952613151,0.0029844501987499284,0.0023928167166233816,"[[-0.33202954  0.00505629  0.94325544 -0.14856332]
 [ 0.67077663 -0.70179577  0.23987791 -0.05837034]
 [ 0.66318557  0.71236025  0.22962528 -0.37489157]
 [ 0.          0.          0.          1.        ]]","[[-0.67144502  0.08749611  0.73587092 -0.12305459]
 [ 0.62195662 -0.47335073  0.62378606 -0.06420606]
 [ 0.40290389  0.87651784  0.26341021 -0.37631397]
 [ 0.          0.          0.          1.        ]]"
full_scene,93,189,9,9,25,0.5801558065467952,0.6828993037071738,0.0025483477576820285,0.0022387047023134754,"[[-0.65988724  0.05763198  0.74915111 -0.12003465]
 [ 0.60236073 -0.5554027   0.57331439 -0.08326311]
 [ 0.44912179  0.82958206  0.33178791 -0.38124295]
 [ 0.          0.          0.          1.        ]]","[[-6.48031769e-01 -2.02827050e-04  7.61613278e-01 -1.20685836e-01]
 [ 6.56177313e-01 -5.07800518e-01  5.58184529e-01 -7.80291045e-02]
 [ 3.86634403e-01  8.61474661e-01  3.29203959e-01 -3.83064572e-01]
 [ 0.00000000e+00  0.00000000e+00  0.00000000e+00  1.00000000e+00]]"
full_scene,93,190,9,6,30,0.3565147030641143,0.6945041841449652,0.0029706222921692988,0.0022222160470864736,"[[-0.65136199  0.02563647  0.75833392 -0.12432924]
 [ 0.53582405 -0.69208965  0.48363675 -0.07159574]
 [ 0.5372338   0.72135614  0.43706426 -0.38989575]
 [ 0.          0.          0.          1.        ]]","[[-0.65033211 -0.00143902  0.75964865 -0.11999484]
 [ 0.63512678 -0.54963937  0.54268825 -0.07969656]
 [ 0.41675187  0.8354008   0.35836209 -0.38615962]
 [ 0.          0.          0.          1.        ]]"
full_scene,93,191,9,7,30,0.42551126874956274,0.7019994463726764,0.0027068332167554813,0.002240110997213525,"[[-0.6850075   0.07794052  0.72435488 -0.12178917]
 [ 0.44691034 -0.740257    0.5022855  -0.07111387]
 [ 0.57535716  0.66779102  0.47224918 -0.38855859]
 [ 0.          0.          0.          1.        ]]","[[-0.66160586 -0.00275895  0.7498467  -0.11936882]
 [ 0.60530472 -0.59219462  0.53189447 -0.08111106]
 [ 0.44258772  0.80579024  0.39346943 -0.3892964 ]
 [ 0.          0.          0.          1.        ]]"
full_scene,93,193,9,9,30,0.5290791230786547,0.7159587638901141,0.0026408220452426422,0.002212281606023418,"[[-0.67357953  0.09831746  0.73254645 -0.12477846]
 [ 0.4840381  -0.69033118  0.53772667 -0.07845742]
 [ 0.55856758  0.71678207  0.41740355 -0.38888002]
 [ 0.          0.          0.          1.        ]]","[[-0.67256274  0.00376166  0.74003055 -0.11863479]
 [ 0.54802623 -0.66947653  0.50146628 -0.08243075]
 [ 0.49731943  0.74282369  0.44820348 -0.39648362]
 [ 0.          0.          0.          1.        ]]"
full_scene,93,193,63,8,30,0.6479314216617723,0.9127817844187252,0.002407007509124634,0.0016407185927735462,"[[-0.89634664 -0.44302009  0.01720152  0.00392847]
 [-0.27130855  0.57878835  0.76902257  0.0648633 ]
 [-0.35064849  0.68464388 -0.63899014 -0.40280547]
 [ 0.          0.          0.          1.        ]]","[[-0.81298493 -0.56633753 -0.13534145  0.01332189]
 [-0.46789915  0.49703867  0.73076874  0.07029334]
 [-0.34659183  0.65743011 -0.6690738  -0.40067303]
 [ 0.          0.          0.          1.        ]]"
full_scene,93,195,9,6,30,0.2406119102880383,0.3183113758247374,0.0023106911619155497,0.0018343176400175908,"[[ 0.59113675  0.55455381  0.58568542 -0.13176455]
 [-0.67716095  0.73571747 -0.01314733 -0.16870593]
 [-0.4381899  -0.38883142  0.81043182 -0.36407289]
 [ 0.          0.          0.          1.        ]]","[[ 0.68438131  0.54798519  0.4809724  -0.13111618]
 [-0.49844141  0.83306899 -0.23990044 -0.16405164]
 [-0.53214508 -0.07555319  0.84327536 -0.37764757]
 [ 0.          0.          0.          1.        ]]"
full_scene,93,196,9,21,15,0.5779534648857307,0.7279408409659884,0.0025823442703650844,0.002156351415346728,"[[-0.50130728  0.0440353   0.86414808 -0.1290084 ]
 [ 0.50686947 -0.79446477  0.33452813 -0.07134023]
 [ 0.70126625  0.60571167  0.37595082 -0.39273556]
 [ 0.          0.          0.          1.        ]]","[[-0.53031378  0.01128508  0.84772633 -0.12863201]
 [ 0.56485007 -0.74095683  0.36321808 -0.06660137]
 [ 0.63222756  0.67145783  0.38656524 -0.38939578]
 [ 0.          0.          0.          1.        ]]"
full_scene,93,197,9,5,30,0.25931660486522823,0.48836317952430636,0.002630301263543114,0.0025089832585166063,"[[-0.39647445 -0.05232103  0.91655361 -0.13159562]
 [ 0.87288967 -0.33074689  0.35870618 -0.06961475]
 [ 0.28437938  0.94226801  0.17680317 -0.39579537]
 [ 0.          0.          0.          1.        ]]","[[-0.44874342 -0.04433421  0.89256026 -0.12149696]
 [ 0.70561923 -0.63046593  0.32344121 -0.07424255]
 [ 0.54838933  0.7749498   0.31420051 -0.39716629]
 [ 0.          0.          0.          1.        ]]"
full_scene,93,198,9,7,30,0.3680070328921552,0.7038124237621715,0.0027820461331513418,0.0021778483941948946,"[[-0.50016291 -0.06752768  0.86329432 -0.13111444]
 [ 0.54693327 -0.79755853  0.25448848 -0.05888954]
 [ 0.67134273  0.59945008  0.43584233 -0.37987872]
 [ 0.          0.          0.          1.        ]]","[[-0.51976285 -0.00267334  0.8543064  -0.12859307]
 [ 0.63268458 -0.67317041  0.38282088 -0.06363775]
 [ 0.57407038  0.73948256  0.35158035 -0.38428308]
 [ 0.          0.          0.          1.        ]]"
full_scene,93,200,9,8,30,0.2565180491633231,0.6958334981033701,0.0030218000384811834,0.00213766209722794,"[[-0.3555976   0.02068745  0.93441018 -0.13718148]
 [ 0.85404828 -0.39893288  0.33384741 -0.0637008 ]
 [ 0.37967339  0.91674674  0.1241915  -0.38394729]
 [ 0.          0.          0.          1.        ]]","[[-0.50211882  0.0108231   0.86473091 -0.12922291]
 [ 0.68711171 -0.6021795   0.40651856 -0.06092524]
 [ 0.52512302  0.79828736  0.29492898 -0.37873412]
 [ 0.          0.          0.          1.        ]]"
full_scene,93,204,9,7,30,0.360152825476591,0.6784459498510986,0.002582094416060907,0.0022016867616713657,"[[-0.67569009  0.15252771  0.7212338  -0.12722204]
 [ 0.51092427 -0.60837318  0.60732072 -0.04190653]
 [ 0.53141254  0.77885645  0.33314162 -0.37094402]
 [ 0.          0.          0.          1.        ]]","[[-4.69686435e-01  3.36700104e-04  8.82833245e-01 -1.30042126e-01]
 [ 7.89006437e-01 -4.48463594e-01  4.19939576e-01 -5.03150478e-02]
 [ 3.96059963e-01  8.93801036e-01  2.10371608e-01 -3.68661638e-01]
 [ 0.00000000e+00  0.00000000e+00  0.00000000e+00  1.00000000e+00]]"
full_scene,93,205,9,3,20,0.5278410663713987,0.6720518584539197,0.0025138656567379432,0.002209419328035181,"[[-0.56282816  0.03414125  0.82586854 -0.12622602]
 [ 0.74953426 -0.40012848  0.5273477  -0.04753176]
 [ 0.34845783  0.9158229   0.19961354 -0.36599377]
 [ 0.          0.          0.          1.        ]]","[[-0.45273901  0.00282136  0.89163862 -0.13145424]
 [ 0.81289305 -0.40959312  0.41405116 -0.0465572 ]
 [ 0.36637723  0.91226395  0.18314532 -0.36569723]
 [ 0.          0.          0.          1.        ]]"
full_scene,93,213,9,8,30,0.25841315807885235,0.36214223355164094,0.0025506617849056193,0.00204780325440172,"[[-0.27611496 -0.77830784  0.56391262 -0.09633044]
 [ 0.81894157 -0.4976278  -0.28583436 -0.00217761]
 [ 0.50308572  0.38288835  0.77479112 -0.33365909]
 [ 0.          0.          0.          1.        ]]","[[-0.20834167 -0.73310421  0.64741947 -0.09941959]
 [ 0.92270775 -0.36684597 -0.11846701 -0.0039285 ]
 [ 0.32435189  0.57269735  0.75287024 -0.33745843]
 [ 0.          0.          0.          1.        ]]"
full_scene,93,215,9,4,30,0.28846112897387305,0.6214466707833827,0.0027427394594446487,0.0022993434437281316,"[[-0.754015   -0.12615454  0.6446289  -0.12543128]
 [ 0.63461699 -0.39312085  0.66537003 -0.00988331]
 [ 0.16947761  0.91079143  0.37647883 -0.34524536]
 [ 0.          0.          0.          1.        ]]","[[-0.26487601 -0.01431765  0.96417618 -0.13443814]
 [ 0.89586448 -0.37357286  0.24056218 -0.01693285]
 [ 0.35674576  0.92749034  0.11177717 -0.35583273]
 [ 0.          0.          0.          1.        ]]"
full_scene,93,216,9,5,30,0.2530806927033744,0.6283943895041993,0.002874804563495665,0.002194662263544706,"[[-0.43187694  0.15484174  0.88854169 -0.14096153]
 [ 0.67838692 -0.59344302  0.43314728 -0.0173785 ]
 [ 0.59436815  0.78984139  0.15125174 -0.35448714]
 [ 0.          0.          0.          1.        ]]","[[-0.27219411  0.00730846  0.96221461 -0.13435325]
 [ 0.87294613 -0.41881226  0.25012265 -0.0243136 ]
 [ 0.40481528  0.90804344  0.10761834 -0.35827009]
 [ 0.          0.          0.          1.        ]]"
full_scene,93,221,9,3,30,0.1298164816679392,0.33242583066912856,0.0029694049373801476,0.0024853754069511895,"[[-0.11286092  0.32549524  0.93878393 -0.13972203]
 [ 0.44535153 -0.82802797  0.34063424 -0.02202017]
 [ 0.88821418  0.45653315 -0.0515078  -0.34985367]
 [ 0.          0.          0.          1.        ]]","[[-0.36517541  0.09484354  0.92609482 -0.13963506]
 [ 0.50566816 -0.81503851  0.28286381 -0.02045686]
 [ 0.78163075  0.57159157  0.24967267 -0.35889957]
 [ 0.          0.          0.          1.        ]]"
full_scene,93,223,9,7,26,0.5359599198152953,0.6935916116334744,0.0024706212268028205,0.0021630127010255048,"[[-0.40296462  0.08041356  0.91167602 -0.13119369]
 [ 0.5890521  -0.73959648  0.32559894 -0.04022238]
 [ 0.70045495  0.66822953  0.25066344 -0.37453477]
 [ 0.          0.          0.          1.        ]]","[[-0.35222512  0.01647203  0.93577035 -0.13443101]
 [ 0.67670268 -0.68621866  0.26679099 -0.04609342]
 [ 0.64653767  0.72720878  0.23055678 -0.37155198]
 [ 0.          0.          0.          1.        ]]"
full_scene,93,224,9,9,24,0.5303232636026538,0.7102369342430668,0.0024047041092776157,0.0021675872498313764,"[[-0.46531184  0.09195172  0.88035775 -0.13048005]
 [ 0.58629635 -0.7131041   0.38436849 -0.04627426]
 [ 0.66313006  0.69500175  0.27790482 -0.37428481]
 [ 0.          0.          0.          1.        ]]","[[-0.35865005  0.01726051  0.9333125  -0.13473086]
 [ 0.64306891 -0.72016392  0.26043484 -0.04774785]
 [ 0.67663322  0.69358922  0.24718713 -0.37401784]
 [ 0.          0.          0.          1.        ]]"
full_scene,93,225,9,10,28,0.377093213198232,0.7080984726578066,0.002639829055658126,0.0021316964481285653,"[[-0.29764071  0.03242434  0.95412718 -0.13370324]
 [ 0.44996009 -0.87668816  0.17015811 -0.04147909]
 [ 0.84198926  0.47996513  0.24634843 -0.3760871 ]
 [ 0.          0.          0.          1.        ]]","[[-0.36587681  0.02297513  0.93037966 -0.13457011]
 [ 0.60685741 -0.75203818  0.25722105 -0.04958254]
 [ 0.70559071  0.658719    0.2612107  -0.37617699]
 [ 0.          0.          0.          1.        ]]"
full_scene,93,226,9,6,10,0.658250720171807,0.6848704603319938,0.002297999131200659,0.0021770673429062637,"[[-0.15211617  0.04948044  0.98712327 -0.13599542]
 [ 0.62883962 -0.76567538  0.13528465 -0.03422823]
 [ 0.76250994  0.64132121  0.08535635 -0.36246932]
 [ 0.          0.          0.          1.        ]]","[[-0.19099633  0.02409303  0.98129503 -0.13501432]
 [ 0.63182892 -0.76204785  0.14168731 -0.03351169]
 [ 0.75120744  0.64707233  0.13032567 -0.36314427]
 [ 0.          0.          0.          1.        ]]"
full_scene,93,228,9,7,30,0.18256013092373632,0.6129962493269778,0.002853856148712105,0.002460396998350081,"[[-0.12114371 -0.10948464  0.98657859 -0.13730251]
 [ 0.36027578 -0.93097342 -0.05907501 -0.01322729]
 [ 0.92494625  0.3482838   0.15222623 -0.35189839]
 [ 0.          0.          0.          1.        ]]","[[-0.22259677  0.01340561  0.97481843 -0.13352453]
 [ 0.66088124 -0.73301979  0.1609906  -0.02445568]
 [ 0.71671938  0.6800752   0.15430832 -0.35978378]
 [ 0.          0.          0.          1.        ]]"
full_scene,93,234,9,12,30,0.26064896073200483,0.33549511621610933,0.002906725341487669,0.002029595757889052,"[[-0.10488152 -0.60752202  0.787348   -0.10679039]
 [ 0.82060131 -0.50011627 -0.2765813  -0.00311339]
 [ 0.56179477  0.61709053  0.55098631 -0.34486044]
 [ 0.          0.          0.          1.        ]]","[[-0.12708275 -0.52323623  0.84265878 -0.10829441]
 [ 0.86115729 -0.47976456 -0.16803001 -0.00743769]
 [ 0.49219721  0.70430804  0.51155849 -0.34515687]
 [ 0.          0.          0.          1.        ]]"
full_scene,93,236,9,1,30,0.26843624616339307,0.41876735788964564,0.0028841433741973324,0.0025521047117827464,"[[-0.19440311  0.11224722  0.97447832 -0.13307161]
 [ 0.73003882 -0.64697159  0.22016147  0.01849943]
 [ 0.6551723   0.75420708  0.04382846 -0.34346576]
 [ 0.          0.          0.          1.        ]]","[[-0.16042191  0.02125094  0.98681975 -0.1307385 ]
 [ 0.87270151 -0.46403623  0.15186324  0.01450268]
 [ 0.46114735  0.88556128  0.05589585 -0.34787699]
 [ 0.          0.          0.          1.        ]]"
full_scene,93,242,9,4,27,0.3180406459796618,0.34805819779096614,0.0025673242256257986,0.002088365095139342,"[[ 0.18491721 -0.94737304  0.26132346 -0.07686464]
 [ 0.91047658  0.06505923 -0.40841119  0.02452398]
 [ 0.36991625  0.31345114  0.87459153 -0.31431139]
 [ 0.          0.          0.          1.        ]]","[[ 0.16175438 -0.82369098  0.54347833 -0.08014793]
 [ 0.93613838 -0.04616495 -0.34858819  0.03167046]
 [ 0.31221859  0.56515659  0.76362136 -0.32673588]
 [ 0.          0.          0.          1.        ]]"
full_scene,93,243,9,7,30,0.29790625446780294,0.3505647302891942,0.0028307520587749,0.00202280690773508,"[[ 0.02707365 -0.87394397  0.48527204 -0.08127819]
 [ 0.89879104 -0.19120015 -0.39448341  0.02479698]
 [ 0.43754048  0.44683827  0.78031653 -0.31918534]
 [ 0.          0.          0.          1.        ]]","[[ 0.12891274 -0.78219224  0.60955459 -0.08588146]
 [ 0.92456267 -0.12745218 -0.35908189  0.02510383]
 [ 0.35856013  0.60986166  0.70675554 -0.32879987]
 [ 0.          0.          0.          1.        ]]"
full_scene,93,244,9,5,30,0.23629544230868677,0.35236554004520276,0.0028332455758219442,0.002017609927589576,"[[ 0.21919503 -0.91097773  0.34938965 -0.08951108]
 [ 0.87043421  0.02080102 -0.49184511  0.01449297]
 [ 0.44079228  0.4119307   0.79750565 -0.32130326]
 [ 0.          0.          0.          1.        ]]","[[ 0.09869362 -0.80310098  0.58761245 -0.08679008]
 [ 0.91007636 -0.16600795 -0.37973988  0.01707112]
 [ 0.40251781  0.5722501   0.71449929 -0.32814202]
 [ 0.          0.          0.          1.        ]]"
full_scene,93,251,9,8,30,0.25107607508646623,0.3771084227400902,0.0028111278636162177,0.0026709694258873194,"[[ 0.09518923 -0.01906218  0.99527667 -0.1294432 ]
 [-0.8473704   0.52313571  0.09106277  0.04202428]
 [-0.52240062 -0.85203619  0.03364416 -0.35610841]
 [ 0.          0.          0.          1.        ]]","[[ 0.07395031  0.02975561  0.99681791 -0.13100892]
 [-0.80491533  0.59189822  0.04204524  0.04789795]
 [-0.58876367 -0.80546328  0.0677218  -0.36556329]
 [ 0.          0.          0.          1.        ]]"
full_scene,93,252,9,1,27,0.3107187725291339,0.5875689372484723,0.002695145265694242,0.0022255128974762233,"[[-0.15098851 -0.055906    0.98695339 -0.12021656]
 [ 0.70923806 -0.70160777  0.06875979 -0.00632482]
 [ 0.68861008  0.71036684  0.14558538 -0.34917632]
 [ 0.          0.          0.          1.        ]]","[[ 0.00843324  0.02018642  0.99976067 -0.13062578]
 [ 0.73577111 -0.67718913  0.00746688 -0.00866345]
 [ 0.67717778  0.73553205 -0.02056348 -0.34732311]
 [ 0.          0.          0.          1.        ]]"
full_scene,94,9,9,15,30,0.3156101611907246,0.30964193696557474,0.002406217132946007,0.0019670587378119073,"[[-0.22160739 -0.97316223  0.06201156  0.19436849]
 [ 0.8151025  -0.21976982 -0.53601226  0.01078868]
 [ 0.53525515 -0.0682385   0.84192959 -0.28694361]
 [ 0.          0.          0.          1.        ]]","[[-0.18918603 -0.89974691  0.39327362  0.19148183]
 [ 0.78111566 -0.38059483 -0.4949807   0.01794248]
 [ 0.59503526  0.21354875  0.77480963 -0.30315123]
 [ 0.          0.          0.          1.        ]]"
full_scene,94,10,9,10,30,0.28273625741845404,0.3359970310974293,0.00231299151840384,0.0019383268685175025,"[[-0.22144703 -0.93437281  0.27912125  0.192704  ]
 [ 0.70897734 -0.35078842 -0.61179948  0.01170282]
 [ 0.6695613   0.06240946  0.74013021 -0.30006935]
 [ 0.          0.          0.          1.        ]]","[[-0.19336576 -0.96268445  0.18933656  0.19510121]
 [ 0.74977966 -0.26945964 -0.60433597  0.00522093]
 [ 0.63280341  0.02510282  0.77390548 -0.29617542]
 [ 0.          0.          0.          1.        ]]"
full_scene,94,20,9,2,30,0.19114743825686484,0.31516604256846575,0.0026156631888742754,0.0020088948737266837,"[[-0.02094958 -0.94707155 -0.32033824  0.20609718]
 [ 0.83607671  0.15909483 -0.52503768 -0.0450352 ]
 [ 0.54821241 -0.27882666  0.7884915  -0.28820565]
 [ 0.          0.          0.          1.        ]]","[[-0.00255436 -0.9933756   0.11488426  0.20532924]
 [ 0.74483898 -0.0785458  -0.66260505 -0.02793626]
 [ 0.66723936  0.08387775  0.7401055  -0.31217142]
 [ 0.          0.          0.          1.        ]]"
full_scene,94,22,9,2,30,0.15668565831460024,0.31773341323412657,0.0029538623607083124,0.0019545634439533713,"[[-0.2389115   0.73745662 -0.63172702  0.11080374]
 [-0.72330886 -0.56920913 -0.39092871  0.00916043]
 [-0.64787776  0.36353639  0.66939951 -0.33397908]
 [ 0.          0.          0.          1.        ]]","[[ 0.01791805  0.57467548 -0.81818521  0.13191732]
 [-0.83296301 -0.44405341 -0.33013513 -0.00520152]
 [-0.55303849  0.68743339  0.47072684 -0.34003882]
 [ 0.          0.          0.          1.        ]]"
full_scene,94,23,9,4,30,0.26909329837166646,0.33284561402441437,0.0023018062261912094,0.0019902966911918628,"[[-0.10394804 -0.96968875 -0.22113014  0.20637625]
 [ 0.87919716  0.01435574 -0.47624181 -0.01669553]
 [ 0.46498081 -0.2439214   0.85105534 -0.28730832]
 [ 0.          0.          0.          1.        ]]","[[-0.03617643 -0.98704718  0.15629821  0.20378337]
 [ 0.83226874 -0.1163335  -0.54202884 -0.00892052]
 [ 0.55319075  0.11047345  0.82569704 -0.30783821]
 [ 0.          0.          0.          1.        ]]"
full_scene,94,24,9,5,30,0.2765916025077493,0.3350175366017625,0.002546923953685369,0.001987777868985925,"[[ 0.10650698  0.98739348 -0.11709133  0.1154489 ]
 [-0.79098458  0.01278144 -0.61170256 -0.02441041]
 [-0.60249453  0.15776803  0.78237433 -0.32178798]
 [ 0.          0.          0.          1.        ]]","[[ 0.07163471  0.95270025 -0.29534843  0.11472484]
 [-0.86043436 -0.09074768 -0.50141557 -0.01787029]
 [-0.50450093  0.29004669  0.81323535 -0.32342101]
 [ 0.          0.          0.          1.        ]]"
full_scene,94,36,9,5,30,0.2163374814823828,0.34841105916207593,0.0027389295836884467,0.0019241202920742436,"[[-0.1785564   0.76964338 -0.6129981   0.11723385]
 [-0.78427701 -0.4875426  -0.38368188 -0.00860178]
 [-0.59416091  0.41225147  0.69066746 -0.34203643]
 [ 0.          0.          0.          1.        ]]","[[-0.07911866  0.66400111 -0.74353397  0.13002544]
 [-0.89767231 -0.3718106  -0.23651914 -0.01977534]
 [-0.43350279  0.64873678  0.62547256 -0.34467098]
 [ 0.          0.          0.          1.        ]]"
full_scene,94,37,9,2,30,0.26558901992754175,0.3276439507089167,0.0026021741845358966,0.001909535140393541,"[[ 0.1027814   0.98994095 -0.097226    0.12265762]
 [-0.91871579  0.05700602 -0.39078333 -0.03962238]
 [-0.38130995  0.12948832  0.91533354 -0.31471779]
 [ 0.          0.          0.          1.        ]]","[[-0.07731542  0.96944574 -0.23280311  0.11748977]
 [-0.86876371 -0.18006958 -0.46132914 -0.03809656]
 [-0.48915432  0.16658303  0.85614143 -0.32686549]
 [ 0.          0.          0.          1.        ]]"
full_scene,94,39,9,7,30,0.2427807909570148,0.3335574205833772,0.002594059454571874,0.001940513230090912,"[[ 0.07297649  0.89882625 -0.43218723  0.12761094]
 [-0.83076279 -0.18498322 -0.52498989 -0.04784785]
 [-0.55182208  0.39735699  0.73321198 -0.34449593]
 [ 0.          0.          0.          1.        ]]","[[-0.1281356   0.87647621 -0.46408051  0.12056711]
 [-0.8190825  -0.35736252 -0.44877153 -0.03989072]
 [-0.55918255  0.32261662  0.76369718 -0.33931638]
 [ 0.          0.          0.          1.        ]]"
full_scene,94,50,9,3,30,0.200431342607098,0.3321733522742828,0.002903675387043866,0.002083503316715896,"[[ 0.12941877 -0.89814004 -0.42023237  0.20754764]
 [ 0.77549543  0.35578071 -0.52156201 -0.08613503]
 [ 0.61794629 -0.25838836  0.7425482  -0.3226166 ]
 [ 0.          0.          0.          1.        ]]","[[ 0.31599994 -0.85423024 -0.41283741  0.20185302]
 [ 0.74248732  0.49354681 -0.4529063  -0.09803199]
 [ 0.59064085 -0.16340818  0.79021589 -0.3260464 ]
 [ 0.          0.          0.          1.        ]]"
full_scene,94,64,9,7,30,0.33993021862195466,0.3438542804213651,0.0021685319224674536,0.0019739919421849408,"[[-0.38191522  0.86250115 -0.33201283  0.11453254]
 [-0.88174343 -0.44767807 -0.14870394 -0.05066717]
 [-0.27689218  0.23595784  0.9314798  -0.33475186]
 [ 0.          0.          0.          1.        ]]","[[-0.41251094  0.84133838 -0.34926274  0.11495535]
 [-0.86289263 -0.48377535 -0.14621119 -0.05167678]
 [-0.29197779  0.24106253  0.92554731 -0.33489246]
 [ 0.          0.          0.          1.        ]]"
full_scene,94,65,9,3,30,0.2857082018975424,0.33427835286745494,0.0026760921316893995,0.0019401429566668815,"[[-0.29766981  0.85202109 -0.43064224  0.11706843]
 [-0.92660014 -0.36643242 -0.08449535 -0.06967385]
 [-0.2297931   0.37388144  0.89855873 -0.33933746]
 [ 0.          0.          0.          1.        ]]","[[-0.44002505  0.75458439 -0.48680628  0.11547073]
 [-0.82928241 -0.54942996 -0.10206571 -0.05879882]
 [-0.34448315  0.35878841  0.8675265  -0.34574843]
 [ 0.          0.          0.          1.        ]]"
full_scene,94,69,9,8,30,0.24125679486282514,0.33535214652264245,0.0024942487960224287,0.001971762121645463,"[[-0.50509424  0.49725684 -0.70541863  0.12455632]
 [-0.66075135 -0.74861668 -0.05459604 -0.06085725]
 [-0.55523641  0.43853017  0.70668509 -0.37210028]
 [ 0.          0.          0.          1.        ]]","[[-0.48413814  0.48097501 -0.73094002  0.12473969]
 [-0.73494787 -0.67685839  0.04140466 -0.07223828]
 [-0.47482828  0.55724838  0.68118452 -0.37227972]
 [ 0.          0.          0.          1.        ]]"
full_scene,94,70,9,4,30,0.24393367422986484,0.339668614501994,0.0028493144659837177,0.001938531062667671,"[[-0.36053575  0.61328391 -0.70277793  0.1260871 ]
 [-0.86888284 -0.49482144  0.01394082 -0.09421806]
 [-0.33919991  0.61565785  0.71127269 -0.36578695]
 [ 0.          0.          0.          1.        ]]","[[-0.49064006  0.47421608 -0.73102082  0.12512227]
 [-0.7143047  -0.69936123  0.02574231 -0.07451454]
 [-0.49904021  0.53480181  0.68186941 -0.37567076]
 [ 0.          0.          0.          1.        ]]"
full_scene,94,74,9,3,30,0.3017481847411792,0.3350692490440803,0.002431087714628527,0.00198654624183197,"[[ 0.47201318 -0.69592879 -0.54119006  0.1874705 ]
 [ 0.59246958  0.70499224 -0.38982782 -0.13566416]
 [ 0.6528272  -0.13663478  0.74508227 -0.35657042]
 [ 0.          0.          0.          1.        ]]","[[ 0.50487023 -0.70839189 -0.4932413   0.18694474]
 [ 0.59632333  0.6993716  -0.39405311 -0.13939082]
 [ 0.62410298 -0.0951856   0.77552251 -0.35676283]
 [ 0.          0.          0.          1.        ]]"
full_scene,94,75,9,8,30,0.20940497230342428,0.33996063770567103,0.0026500116083710084,0.0019007635014600451,"[[ 0.38137558 -0.04217698 -0.92345751  0.16122471]
 [ 0.50816519  0.8440493   0.17131525 -0.14019691]
 [ 0.7722181  -0.53460442  0.34333266 -0.33981991]
 [ 0.          0.          0.          1.        ]]","[[ 0.50879931 -0.69690393 -0.5054188   0.18629046]
 [ 0.56687486  0.71306144 -0.41254851 -0.14140153]
 [ 0.64790134 -0.07660481  0.75786249 -0.36269626]
 [ 0.          0.          0.          1.        ]]"
full_scene,94,78,9,8,30,0.27304169543805,0.3062471672228289,0.0029250014345902652,0.0027742542309933584,"[[ 0.85568449 -0.15334718  0.4942557   0.11602637]
 [ 0.31167578 -0.60972304 -0.72876335 -0.07570608]
 [ 0.41311289  0.77763903 -0.47393595 -0.38057428]
 [ 0.          0.          0.          1.        ]]","[[ 0.79173171 -0.11827063  0.5993104   0.1087924 ]
 [ 0.3656527  -0.69415266 -0.62004048 -0.0826251 ]
 [ 0.48934548  0.71004517 -0.5063367  -0.38768592]
 [ 0.          0.          0.          1.        ]]"
full_scene,94,79,9,9,30,0.28083810659455316,0.3290584381017275,0.0028196432925373404,0.00272714324167959,"[[ 0.83568752 -0.13294619  0.53287116  0.12138641]
 [ 0.34813295 -0.62219285 -0.70119862 -0.07256127]
 [ 0.42477031  0.77149295 -0.47367585 -0.37334796]
 [ 0.          0.          0.          1.        ]]","[[ 0.7621811  -0.14238625  0.63151099  0.11509735]
 [ 0.38766684 -0.68086791 -0.62139626 -0.07912482]
 [ 0.51845385  0.71843235 -0.46374622 -0.37979362]
 [ 0.          0.          0.          1.        ]]"
full_scene,94,80,9,2,30,0.22845644443498073,0.3057635037917388,0.0025441938755434335,0.002580958013265037,"[[-0.53732756 -0.35365613 -0.76564119  0.15733923]
 [-0.09613352 -0.87623098  0.47220506 -0.06252617]
 [-0.83787675  0.32733257  0.43682484 -0.39556496]
 [ 0.          0.          0.          1.        ]]","[[-0.49838972 -0.27985581 -0.82054153  0.16531738]
 [-0.22208934 -0.87366986  0.432871   -0.06319486]
 [-0.83802387  0.39797199  0.37327508 -0.39127988]
 [ 0.          0.          0.          1.        ]]"
full_scene,94,86,9,5,30,0.2237171511919718,0.3108252393221411,0.0026138199338114235,0.0019362464724255082,"[[ 0.67268566 -0.64977464 -0.35395894  0.17074315]
 [ 0.69950009  0.71440804  0.01791013 -0.12832185]
 [ 0.24123356 -0.25964219  0.93508946 -0.31601595]
 [ 0.          0.          0.          1.        ]]","[[ 0.6255053  -0.77273594 -0.10780673  0.18161341]
 [ 0.7100301   0.62105044 -0.33189397 -0.12661317]
 [ 0.32341982  0.13105541  0.93713612 -0.33855592]
 [ 0.          0.          0.          1.        ]]"
full_scene,94,91,9,3,30,0.15646359900347082,0.3335939234838368,0.002683969838566938,0.0026457977288832212,"[[-0.67035138  0.08776473 -0.73683538  0.14987681]
 [-0.71249117  0.20131393  0.6721823  -0.09076367]
 [ 0.20732913  0.97558703 -0.07241948 -0.35617005]
 [ 0.          0.          0.          1.        ]]","[[-6.59217340e-01  1.30920818e-01 -7.40467581e-01  1.47087358e-01]
 [-7.46936725e-01 -4.61913163e-04  6.64894966e-01 -7.59198203e-02]
 [ 8.67065611e-02  9.91392720e-01  9.80940683e-02 -3.69214205e-01]
 [ 0.00000000e+00  0.00000000e+00  0.00000000e+00  1.00000000e+00]]"
full_scene,94,102,9,3,30,0.26407110765009534,0.3679279432744927,0.00246540085292959,0.002230954454038976,"[[-0.80380509 -0.2103572  -0.55645954  0.12898518]
 [-0.36282416 -0.56792997  0.73879238 -0.11510021]
 [-0.47144035  0.79574204  0.38018233 -0.42280045]
 [ 0.          0.          0.          1.        ]]","[[-0.79929052  0.00488331 -0.60092497  0.1131757 ]
 [-0.47935601 -0.6082544   0.63264873 -0.12051298]
 [-0.36242583  0.79372712  0.48851282 -0.41857486]
 [ 0.          0.          0.          1.        ]]"
full_scene,94,103,9,3,30,0.1859092720409076,0.3281093626897771,0.0029389582364989764,0.0024431379535255478,"[[ 0.6070006   0.64994926 -0.45729229  0.11056816]
 [ 0.24640549  0.39314208  0.88584629 -0.13907542]
 [ 0.75553598 -0.65038856  0.07848641 -0.39264921]
 [ 0.          0.          0.          1.        ]]","[[ 0.37996856  0.77082538 -0.51132389  0.10916842]
 [-0.14454067  0.59547036  0.7902677  -0.13330558]
 [ 0.91363663 -0.22636978  0.33767563 -0.40776276]
 [ 0.          0.          0.          1.        ]]"
full_scene,94,108,9,2,30,0.10415190073644602,0.3067673335543787,0.002999985673284128,0.0026054552669789845,"[[ 0.42941499  0.76294188 -0.48324162  0.08469045]
 [-0.55955037  0.64477205  0.52074216 -0.14416217]
 [ 0.70887669  0.04678354  0.70377919 -0.41391584]
 [ 0.          0.          0.          1.        ]]","[[ 0.51271942  0.80850074 -0.28886909  0.08797831]
 [-0.24860601  0.46185363  0.85140254 -0.14501569]
 [ 0.82177482 -0.36471602  0.43779946 -0.4128639 ]
 [ 0.          0.          0.          1.        ]]"
full_scene,94,220,9,3,30,0.17308762825446172,0.3085012213262112,0.0028019747801247183,0.0021619692025512086,"[[-0.5125652  -0.07720071  0.85517072 -0.1026052 ]
 [ 0.37489176 -0.91612956  0.14199576 -0.09204996]
 [ 0.772485    0.39337854  0.49851805 -0.41309844]
 [ 0.          0.          0.          1.        ]]","[[-0.50976881 -0.06526833  0.85783204 -0.10722945]
 [ 0.63128283 -0.70580322  0.3214402  -0.11137147]
 [ 0.58448075  0.70539482  0.40099924 -0.42228693]
 [ 0.          0.          0.          1.        ]]"
full_scene,94,226,9,2,30,0.21956798817306025,0.5119623046714586,0.0029508731783244565,0.002128774398959863,"[[-0.27556624 -0.07547062  0.95831489 -0.13526697]
 [ 0.59001586 -0.80031913  0.10663287 -0.10647709]
 [ 0.7589101   0.5948054   0.26506979 -0.44145365]
 [ 0.          0.          0.          1.        ]]","[[-0.3965418   0.04068161  0.91711483 -0.12617431]
 [ 0.55277936 -0.78702099  0.27392143 -0.09778366]
 [ 0.73293218  0.61558344  0.28959877 -0.44158521]
 [ 0.          0.          0.          1.        ]]"
full_scene,94,228,9,5,30,0.37912520799048494,0.372195740719898,0.002615615402929094,0.00220439335694124,"[[-0.37038407 -0.04563604  0.92775697 -0.12281584]
 [ 0.69533669 -0.67586971  0.24435022 -0.10694329]
 [ 0.61589165  0.73560689  0.28206379 -0.43135707]
 [ 0.          0.          0.          1.        ]]","[[-0.34157698 -0.07347734  0.93697719 -0.11487689]
 [ 0.61529468 -0.77108317  0.16383895 -0.10898431]
 [ 0.71044889  0.63248069  0.30859448 -0.44445823]
 [ 0.          0.          0.          1.        ]]"
full_scene,94,241,9,3,12,0.342777444857806,0.35050693403013317,0.0022912379912358566,0.0019283596079460175,"[[ 0.01953133  0.76001923  0.64960703 -0.1854291 ]
 [-0.94188283  0.23193081 -0.24303256 -0.07899755]
 [-0.3353733  -0.60710696  0.72037899 -0.30621002]
 [ 0.          0.          0.          1.        ]]","[[-0.02427352  0.73836424  0.67396516 -0.18356389]
 [-0.94667233  0.19968379 -0.25285943 -0.0771064 ]
 [-0.32128228 -0.64416196  0.69414197 -0.30353594]
 [ 0.          0.          0.          1.        ]]"
full_scene,94,246,9,6,30,0.2362711070417137,0.4079716250787094,0.002868739477817002,0.0024515133266434183,"[[-0.17240582  0.03648157  0.98435021 -0.14710111]
 [ 0.60209441 -0.78699377  0.13462216 -0.06196546]
 [ 0.77958871  0.6158814   0.11371696 -0.37989786]
 [ 0.          0.          0.          1.        ]]","[[-0.18000925  0.03579044  0.98301359 -0.14589078]
 [ 0.80848149 -0.56386076  0.16857852 -0.06307702]
 [ 0.56031629  0.82509399  0.07256425 -0.38800316]
 [ 0.          0.          0.          1.        ]]"
full_scene,94,252,9,3,30,0.2882299439376287,0.3374723566576728,0.0029883637223072483,0.002640716438259363,"[[ 0.23612613 -0.12856067 -0.96318046 -0.12535481]
 [-0.69281571 -0.71729699 -0.07410419 -0.07147588]
 [-0.68135956  0.68480449 -0.25844141 -0.39641319]
 [ 0.          0.          0.          1.        ]]","[[ 0.44876655 -0.0156644  -0.89351173 -0.12262168]
 [-0.63379822 -0.71045283 -0.30587021 -0.07248353]
 [-0.63000666  0.70357047 -0.32875554 -0.40726291]
 [ 0.          0.          0.          1.        ]]"
full_scene,94,255,9,7,30,0.2918650244417338,0.349262793506134,0.0030502701839214903,0.0025921510365210167,"[[ 0.31049288 -0.04744033 -0.94939117 -0.1151436 ]
 [-0.66010669 -0.72942591 -0.17943523 -0.06705481]
 [-0.68399805  0.68241282 -0.25779723 -0.41380114]
 [ 0.          0.          0.          1.        ]]","[[ 0.42486821  0.02327029 -0.90495607 -0.11926193]
 [-0.55924641 -0.7793459  -0.28260115 -0.07361787]
 [-0.71185002  0.62616168 -0.31810548 -0.41893029]
 [ 0.          0.          0.          1.        ]]"
full_scene,95,0,9,1,26,0.481947794768526,0.6421955277863121,0.0025816853451965495,0.002233143978850438,"[[-0.72423905 -0.66105722  0.19616613 -0.11978802]
 [ 0.58572385 -0.7398941  -0.3308841  -0.00765423]
 [ 0.36387548 -0.12474     0.92305718 -0.46960319]
 [ 0.          0.          0.          1.        ]]","[[-0.67807885 -0.72733935  0.10576649 -0.12794017]
 [ 0.6822841  -0.67641385 -0.2774035  -0.00970476]
 [ 0.2733084  -0.11593865  0.954914   -0.46423854]
 [ 0.          0.          0.          1.        ]]"
full_scene,95,33,9,2,30,0.4774670637371061,0.6014552489649907,0.0025267465904324797,0.0021386245410250156,"[[-0.75829364  0.61192998  0.22479424  0.00462332]
 [-0.64284214 -0.75920463 -0.10179544 -0.10452956]
 [ 0.10837315 -0.22169805  0.96907442 -0.49363653]
 [ 0.          0.          0.          1.        ]]","[[-8.48925829e-01  5.24546463e-01  6.46215536e-02  6.88550410e-04]
 [-5.23199137e-01 -8.16792964e-01 -2.43129425e-01 -1.12028409e-01]
 [-7.47502494e-02 -2.40208789e-01  9.67838901e-01 -4.87043255e-01]
 [ 0.00000000e+00  0.00000000e+00  0.00000000e+00  1.00000000e+00]]"
full_scene,95,36,9,3,30,0.4666987081015146,0.6020362534639732,0.0024737601336567855,0.0021996263494036784,"[[-0.91098147  0.40986723  0.04606104 -0.02294086]
 [-0.39777001 -0.84354052 -0.36085788 -0.10474351]
 [-0.10904947 -0.34705654  0.93148267 -0.49996744]
 [ 0.          0.          0.          1.        ]]","[[-0.89536885  0.44048017  0.06551216 -0.0115705 ]
 [-0.43154026 -0.82189337 -0.37183907 -0.10008046]
 [-0.10994373 -0.36120426  0.92598265 -0.49762755]
 [ 0.          0.          0.          1.        ]]"
full_scene,95,92,9,1,23,0.19797956445955936,0.5993411226467036,0.0027755916111033754,0.0021059203297878306,"[[-0.88972687 -0.35904097  0.28191431 -0.10752218]
 [ 0.14822206 -0.81132331 -0.5654951  -0.05294135]
 [ 0.43175956 -0.46135027  0.77507394 -0.48655009]
 [ 0.          0.          0.          1.        ]]","[[-0.95637515 -0.27190694  0.10683249 -0.09812064]
 [ 0.24514862 -0.94585177 -0.21275944 -0.07337809]
 [ 0.15889846 -0.177288    0.97124675 -0.4567723 ]
 [ 0.          0.          0.          1.        ]]"
full_scene,95,118,9,3,30,0.2779969641754451,0.6084029676858074,0.002912278799985807,0.0021820236362877312,"[[-0.59199883 -0.74721285  0.30201051 -0.13919273]
 [ 0.60851766 -0.66011629 -0.44040067 -0.0216571 ]
 [ 0.52843509 -0.07693796  0.84548028 -0.44120619]
 [ 0.          0.          0.          1.        ]]","[[-0.83936504 -0.53179132  0.11253587 -0.1185867 ]
 [ 0.48828505 -0.82863013 -0.27376963 -0.04119884]
 [ 0.23883892 -0.17484308  0.95518892 -0.44771532]
 [ 0.          0.          0.          1.        ]]"
full_scene,95,119,9,4,30,0.3423302843271755,0.6148457296169325,0.003029484377794385,0.002163803939600504,"[[-0.7540762  -0.63270627  0.17621539 -0.13299892]
 [ 0.57799076 -0.76669847 -0.27946401 -0.03343129]
 [ 0.3119227  -0.10888629  0.94384745 -0.4500247 ]
 [ 0.          0.          0.          1.        ]]","[[-0.8567788  -0.5032584   0.11252141 -0.11767213]
 [ 0.47100304 -0.8525302  -0.22660185 -0.04478212]
 [ 0.20996718 -0.14114974  0.96746604 -0.44808551]
 [ 0.          0.          0.          1.        ]]"
full_scene,95,120,9,6,30,0.34145421471614434,0.5728795617218418,0.0026945768178912527,0.002333631840476417,"[[-0.66971036 -0.73527815  0.10418286 -0.13500762]
 [ 0.72341599 -0.67763755 -0.13219931 -0.03952057]
 [ 0.16780148 -0.0131677   0.98573286 -0.44102622]
 [ 0.          0.          0.          1.        ]]","[[-0.81869704 -0.56538106  0.10039632 -0.12039078]
 [ 0.54493082 -0.82009401 -0.17463162 -0.04833399]
 [ 0.18106783 -0.08826134  0.97950211 -0.44820331]
 [ 0.          0.          0.          1.        ]]"
full_scene,95,132,9,1,25,0.5030981836765113,0.5848190520805132,0.002332275341875852,0.0021195226970501416,"[[-0.64289127 -0.74476507  0.17892962 -0.13030938]
 [ 0.45310569 -0.55812863 -0.69511701  0.01042454]
 [ 0.61756462 -0.36581063  0.69627331 -0.42710414]
 [ 0.          0.          0.          1.        ]]","[[-0.68738974 -0.71744268  0.11301036 -0.12982879]
 [ 0.50096077 -0.58101621 -0.64145029  0.00514749]
 [ 0.52586467 -0.3843126   0.75879522 -0.42457006]
 [ 0.          0.          0.          1.        ]]"
full_scene,95,141,9,5,30,0.2108012082460052,0.5963904715262167,0.0026624951546909198,0.00216346138344312,"[[-0.35907843 -0.90147813  0.24166064 -0.13789678]
 [ 0.47708764 -0.39983669 -0.7826353   0.04413411]
 [ 0.80215339 -0.16573415  0.5736568  -0.41990962]
 [ 0.          0.          0.          1.        ]]","[[-0.51498458 -0.85203359  0.09396622 -0.13196044]
 [ 0.67588493 -0.47103105 -0.56684153  0.02519664]
 [ 0.52722903 -0.22840429  0.81845038 -0.4119805 ]
 [ 0.          0.          0.          1.        ]]"
full_scene,95,143,9,1,30,0.24021342029135398,0.5914260770637066,0.0027219261557167793,0.002156420543964377,"[[-0.39872848 -0.88682018  0.23359276 -0.1364601 ]
 [ 0.39907779 -0.39712423 -0.82645585  0.04405988]
 [ 0.82568306 -0.2363098   0.51225497 -0.43169263]
 [ 0.          0.          0.          1.        ]]","[[-0.51920324 -0.84908733  0.09735858 -0.13086957]
 [ 0.71078212 -0.49224699 -0.50247556  0.02348971]
 [ 0.4745701  -0.1916862   0.85909232 -0.41718503]
 [ 0.          0.          0.          1.        ]]"
full_scene,95,158,9,4,14,0.5413106366410031,0.6078980108961158,0.002265110402604633,0.0021827916737785116,"[[-0.36659086 -0.92467081  0.10293221 -0.12989966]
 [ 0.75114813 -0.35943348 -0.55370033  0.04954601]
 [ 0.54898781 -0.12566414  0.82632978 -0.40566049]
 [ 0.          0.          0.          1.        ]]","[[-0.32179564 -0.94300014  0.08484285 -0.1273712 ]
 [ 0.79033341 -0.31687669 -0.52436844  0.04927074]
 [ 0.52136423 -0.10168534  0.84725405 -0.40435306]
 [ 0.          0.          0.          1.        ]]"
full_scene,95,161,9,2,30,0.16279381032484538,0.6008042805734606,0.0026984587530618767,0.002200447435085275,"[[-0.22162083 -0.93605863  0.27327358 -0.13450714]
 [ 0.19918789 -0.31778943 -0.92700273  0.07997638]
 [ 0.95457236 -0.15101033  0.2568803  -0.40175341]
 [ 0.          0.          0.          1.        ]]","[[-0.34041356 -0.93600623  0.0895039  -0.12826928]
 [ 0.71459747 -0.31940212 -0.62236062  0.04797342]
 [ 0.61112115 -0.14790073  0.77759649 -0.39435168]
 [ 0.          0.          0.          1.        ]]"
full_scene,95,164,9,1,30,0.46439294155581445,0.5976954502176486,0.0024849866220588664,0.0021195636423343564,"[[-0.30477095 -0.9482428   0.08916427 -0.12627077]
 [ 0.69789666 -0.28604848 -0.65659464  0.0443317 ]
 [ 0.64811644 -0.13788353  0.74895475 -0.38588963]
 [ 0.          0.          0.          1.        ]]","[[-0.34376677 -0.93472191  0.09010743 -0.12916097]
 [ 0.6169079  -0.29713837 -0.72878902  0.04760582]
 [ 0.70798944 -0.19494546  0.67878363 -0.3847709 ]
 [ 0.          0.          0.          1.        ]]"
full_scene,95,167,9,1,26,0.5732780517185261,0.6089778883680466,0.0023683134716576816,0.0022295089162340594,"[[-0.14281733 -0.9840934   0.10565696 -0.12032046]
 [ 0.63824216 -0.17316059 -0.75010823  0.06516652]
 [ 0.75647218 -0.03969373  0.65282023 -0.36988149]
 [ 0.          0.          0.          1.        ]]","[[-0.15387193 -0.98509932  0.07682936 -0.12094306]
 [ 0.63253748 -0.15793945 -0.75825554  0.06615396]
 [ 0.75909141 -0.06807679  0.64741469 -0.37032619]
 [ 0.          0.          0.          1.        ]]"
full_scene,95,173,9,2,30,0.2115099728965964,0.5400786637504905,0.0032267282776103573,0.0023946014233159033,"[[-0.1340958  -0.98918415  0.0594394  -0.11070299]
 [ 0.90857066 -0.14667074 -0.3911356   0.06456647]
 [ 0.39562315  0.00155526  0.91841162 -0.38034837]
 [ 0.          0.          0.          1.        ]]","[[-0.1238405  -0.98970184  0.07178998 -0.11865414]
 [ 0.86245706 -0.14313298 -0.48546964  0.07318618]
 [ 0.49074571  0.00179497  0.871301   -0.39107553]
 [ 0.          0.          0.          1.        ]]"
full_scene,95,174,9,2,30,0.5233329581646342,0.5668231221539145,0.0023714726519978185,0.0022450232419780176,"[[-0.11542558 -0.99080627  0.07056822 -0.11167855]
 [ 0.83619445 -0.13526813 -0.53148977  0.073715  ]
 [ 0.53614903 -0.00233876  0.8441201  -0.40021719]
 [ 0.          0.          0.          1.        ]]","[[-1.11030861e-01 -9.91711961e-01  6.46493238e-02 -1.16518164e-01]
 [ 8.54089468e-01 -1.28478922e-01 -5.04008281e-01  7.48198975e-02]
 [ 5.08137116e-01 -7.44166979e-04  8.61275866e-01 -3.97380245e-01]
 [ 0.00000000e+00  0.00000000e+00  0.00000000e+00  1.00000000e+00]]"
full_scene,95,175,9,2,30,0.30368588037391137,0.5651713659081161,0.0026071997314457197,0.0021682970635616477,"[[-0.02062799 -0.99803348 -0.05919171 -0.11559864]
 [ 0.696146    0.02815632 -0.71734787  0.08728707]
 [ 0.71760382 -0.05600351  0.6941962  -0.41188817]
 [ 0.          0.          0.          1.        ]]","[[-0.08302762 -0.99472983  0.06015802 -0.1170277 ]
 [ 0.88241077 -0.10143653 -0.4594147   0.07636803]
 [ 0.46309573  0.01493998  0.88618234 -0.40143645]
 [ 0.          0.          0.          1.        ]]"
